3,1,992.27,24.19,54.40,45.34,0.8974,1,1
3,2,446.78,422.31,80.25,98.51,0.8979,1,1
3,3,445.82,159.17,55.86,44.67,0.8592,1,1
3,4,1140.37,379.47,105.88,74.24,0.8707,1,1
3,5,692.94,815.53,152.43,122.82,0.8456,1,1
3,6,646.41,54.00,51.10,43.84,0.8528,1,1
3,7,900.82,987.27,70.00,57.68,0.5095,1,1
3,8,457.94,203.43,39.18,31.98,0.7193,1,1
3,9,296.55,254.26,36.25,45.15,0.8019,1,1
3,10,174.38,535.43,27.92,27.84,0.7882,1,1
3,11,690.17,196.12,69.39,81.33,0.3512,1,1
3,12,857.23,149.53,82.21,69.39,0.7248,1,1
3,13,269.27,223.98,65.14,52.96,0.7065,1,1
3,14,79.27,624.26,37.31,51.61,0.8150,1,1
3,15,519.31,335.33,24.28,44.21,0.7227,1,1
3,16,1454.28,0.01,35.16,29.53,0.5844,1,1
3,17,657.19,93.54,34.36,32.06,0.6464,1,1
3,18,301.83,403.51,33.06,31.47,0.6756,1,1
3,19,694.99,144.91,26.11,24.13,0.4741,1,1
3,20,378.15,319.64,21.89,31.81,0.7073,1,1
3,21,1482.44,15.44,19.10,18.82,0.3841,1,1
4,1,992.37,24.19,54.20,45.36,0.8978,1,1
4,2,446.82,422.30,80.19,98.48,0.8981,1,1
4,3,445.63,159.18,56.34,44.66,0.8588,1,1
4,4,1140.66,379.49,105.22,74.31,0.8712,1,1
4,5,694.68,815.54,148.79,122.93,0.8432,1,1
4,6,646.52,54.00,50.86,43.88,0.8531,1,1
4,7,901.56,985.97,67.79,58.70,0.5149,1,1
4,8,457.57,203.39,39.79,32.01,0.7232,1,1
4,9,296.67,253.92,36.25,45.22,0.8013,1,1
4,10,173.84,535.22,28.74,27.99,0.7860,1,1
4,11,690.14,196.18,69.46,81.31,0.3441,1,1
4,12,857.88,149.61,80.77,69.56,0.7262,1,1
4,13,269.17,223.61,65.34,53.29,0.7451,1,1
4,14,79.05,624.28,37.87,51.55,0.8160,1,1
4,15,519.39,334.84,24.30,44.20,0.7300,1,1
4,16,1454.37,-0.00,35.10,29.53,0.5843,1,1
4,17,657.26,93.45,34.35,32.16,0.6450,1,1
4,18,301.53,403.50,33.46,31.23,0.6743,1,1
4,19,695.85,145.31,25.89,24.08,0.4793,1,1
4,20,378.23,319.65,21.79,31.80,0.7042,1,1
4,21,1482.47,15.31,19.16,19.00,0.3841,1,1
4,22,780.43,970.23,32.49,45.36,0.6729,1,1
4,23,1170.98,575.08,54.76,39.41,0.7614,1,1
4,24,950.45,773.35,28.71,47.54,0.6107,1,1
4,25,956.21,123.67,18.71,20.83,0.3288,1,1
5,1,992.30,23.63,53.96,45.20,0.8930,1,1
5,2,446.81,422.07,80.31,98.75,0.9011,1,1
5,3,444.66,156.70,56.73,46.13,0.8703,1,1
5,4,1140.59,378.76,105.37,74.72,0.8804,1,1
5,5,688.93,815.90,150.21,127.69,0.8367,1,1
5,6,644.82,53.05,51.56,44.14,0.7507,1,1
5,7,893.41,976.95,62.37,64.94,0.8522,1,1
5,8,457.01,201.10,39.37,30.56,0.8199,1,1
5,9,296.50,253.70,36.36,45.43,0.7949,1,1
5,10,172.56,534.84,27.89,27.84,0.7641,1,1
5,11,689.66,196.73,70.82,83.04,0.4143,1,1
5,12,854.16,151.03,79.36,71.27,0.7897,1,1
5,13,269.37,223.82,64.99,53.06,0.7671,1,1
5,14,80.22,623.57,40.93,49.48,0.8465,1,1
5,15,523.23,328.50,24.01,41.30,0.8236,1,1
5,16,1454.27,-0.00,35.03,29.60,0.6173,1,1
5,17,655.91,90.21,37.03,35.12,0.6045,1,1
5,18,300.65,401.21,31.33,28.16,0.6394,1,1
5,19,698.71,144.17,28.88,27.21,0.6345,1,1
5,20,377.97,319.36,21.88,32.44,0.7697,1,1
5,21,1482.31,14.27,20.38,20.79,0.5296,1,1
5,23,1174.13,574.50,56.91,42.42,0.7800,1,1
5,24,951.29,775.55,27.61,45.96,0.6665,1,1
5,25,954.42,120.12,20.64,23.21,0.2516,1,1
5,27,1103.32,8.22,21.02,15.81,0.2721,1,1
6,1,992.02,23.65,53.32,44.95,0.8981,1,1
6,2,446.78,422.11,79.94,98.21,0.9006,1,1
6,3,443.17,154.76,55.81,46.68,0.8573,1,1
6,4,1141.03,379.72,104.59,75.75,0.8766,1,1
6,5,688.10,816.34,148.83,130.60,0.8883,1,1
6,6,644.35,52.70,51.75,44.10,0.6941,1,1
6,7,890.21,972.54,54.43,62.32,0.8359,1,1
6,8,455.44,201.16,39.10,29.48,0.7971,1,1
6,9,296.36,253.66,36.50,45.75,0.7946,1,1
6,10,171.10,534.15,27.15,28.54,0.7355,1,1
6,12,853.49,151.76,79.81,72.67,0.8016,1,1
6,13,269.35,223.86,64.95,53.18,0.7739,1,1
6,14,84.93,623.55,41.53,47.62,0.8591,1,1
6,15,525.46,323.28,25.85,41.97,0.7832,1,1
6,16,1454.07,0.00,34.55,29.48,0.6350,1,1
6,17,656.03,86.40,39.17,38.54,0.6698,1,1
6,18,300.83,400.80,30.74,27.05,0.5088,1,1
6,19,703.37,150.79,25.01,21.54,0.7267,1,1
6,20,377.67,319.87,21.83,32.52,0.8125,1,1
6,21,1482.83,14.76,19.73,20.25,0.3513,1,1
6,23,1177.12,572.83,56.78,45.71,0.8543,1,1
6,24,952.88,777.45,26.24,43.75,0.4486,1,1
7,1,991.45,24.00,52.19,44.99,0.8909,1,1
7,2,447.18,422.16,79.53,97.68,0.9021,1,1
7,3,443.39,153.64,54.61,46.71,0.8568,1,1
7,4,1139.56,381.23,104.72,76.62,0.8745,1,1
7,5,685.82,818.37,145.83,134.61,0.8867,1,1
7,6,644.13,52.75,51.83,43.98,0.6806,1,1
7,8,455.33,200.15,39.77,29.63,0.8420,1,1
7,9,296.20,253.21,36.58,45.67,0.7888,1,1
7,10,171.95,536.44,25.45,27.43,0.7439,1,1
7,12,851.69,152.37,81.35,75.38,0.7921,1,1
7,13,269.29,223.81,64.80,53.18,0.7920,1,1
7,14,87.17,621.05,42.99,47.82,0.8445,1,1
7,15,525.92,322.49,25.69,39.86,0.7751,1,1
7,16,1453.94,0.00,34.40,29.55,0.6457,1,1
7,17,656.10,86.04,38.48,38.92,0.6612,1,1
7,18,299.00,400.54,32.53,27.98,0.6446,1,1
7,19,704.86,151.46,25.25,21.08,0.7001,1,1
7,20,377.31,319.66,22.00,33.29,0.8057,1,1
7,21,1483.32,14.86,19.24,19.85,0.2803,1,1
7,23,1182.50,575.57,54.23,43.04,0.7134,1,1
7,24,952.39,777.25,25.97,43.25,0.3391,1,1
7,27,1103.10,9.39,19.70,14.69,0.3279,1,1
7,29,643.19,52.53,53.50,43.41,0.3302,1,1
7,30,-0.98,705.32,29.46,105.09,0.2753,1,1
8,1,991.20,23.43,52.58,45.25,0.8972,1,1
8,2,447.34,422.46,79.17,97.18,0.9037,1,1
8,3,444.55,151.06,54.63,48.02,0.8722,1,1
8,4,1140.22,381.79,104.24,77.09,0.8651,1,1
8,5,684.46,820.57,142.39,135.54,0.8665,1,1
8,6,643.86,52.67,52.18,44.18,0.6898,1,1
8,8,456.16,197.39,39.74,30.19,0.8370,1,1
8,9,296.00,252.54,37.08,46.28,0.7812,1,1
8,10,171.66,538.30,23.70,25.85,0.8028,1,1
8,11,690.85,199.18,70.39,82.37,0.6682,1,1
8,12,851.09,153.11,79.01,73.76,0.7600,1,1
8,13,268.04,223.94,65.44,53.46,0.8112,1,1
8,14,90.99,622.71,43.64,45.43,0.8209,1,1
8,15,525.37,322.71,26.71,41.01,0.7728,1,1
8,16,1454.32,0.01,34.31,29.50,0.6342,1,1
8,17,655.72,86.31,38.07,39.15,0.6431,1,1
8,18,299.09,401.84,34.98,30.54,0.4359,1,1
8,19,704.90,153.19,24.96,20.27,0.7086,1,1
8,20,376.52,319.38,21.99,33.00,0.8064,1,1
8,21,1483.28,15.09,18.80,19.47,0.2941,1,1
8,23,1192.60,580.62,49.58,39.07,0.4691,1,1
8,24,953.17,776.44,24.51,40.65,0.2888,1,1
8,25,955.88,111.24,19.15,22.00,0.4307,1,1
8,29,643.08,52.45,53.59,43.49,0.3361,1,1
8,31,456.58,345.92,42.93,26.15,0.4085,1,1
8,32,20.39,606.12,24.57,27.32,0.2621,1,1
9,1,991.48,23.83,51.72,43.68,0.8826,1,1
9,2,447.33,422.37,79.69,97.52,0.9054,1,1
9,3,445.87,149.20,53.43,47.01,0.8726,1,1
9,4,1140.58,383.68,103.76,76.54,0.8761,1,1
9,5,682.01,823.87,141.26,135.87,0.8857,1,1
9,6,643.71,52.90,52.58,44.51,0.7256,1,1
9,8,455.24,194.85,40.10,31.02,0.8051,1,1
9,9,295.94,252.90,36.95,45.89,0.7836,1,1
9,10,171.10,537.84,22.85,26.63,0.8320,1,1
9,11,691.19,199.91,70.48,81.93,0.7098,1,1
9,12,850.29,153.78,76.16,73.16,0.7939,1,1
9,13,267.70,225.10,65.46,53.38,0.8183,1,1
9,14,92.85,621.83,43.94,44.28,0.8617,1,1
9,15,524.22,323.66,28.14,43.83,0.7832,1,1
9,16,1454.30,0.00,34.21,29.40,0.6271,1,1
9,17,655.60,87.81,36.55,38.00,0.6596,1,1
9,18,301.98,402.14,35.55,31.49,0.3371,1,1
9,19,706.31,156.25,27.06,22.07,0.6302,1,1
9,20,375.99,319.30,22.00,32.58,0.8196,1,1
9,21,1483.86,14.78,18.57,19.33,0.2549,1,1
9,23,1197.19,584.77,45.67,35.25,0.3827,1,1
9,25,956.03,108.72,18.80,21.87,0.2565,1,1
9,29,642.97,52.66,53.86,43.72,0.3305,1,1
9,31,459.23,344.82,42.32,26.21,0.4540,1,1
9,32,20.50,605.80,24.38,27.05,0.2918,1,1
9,33,1143.44,545.28,34.34,32.02,0.8835,1,1
10,1,991.27,23.83,52.14,43.65,0.8827,1,1
10,2,447.31,422.22,79.86,97.64,0.9052,1,1
10,3,446.03,149.29,53.27,46.85,0.8718,1,1
10,4,1140.45,383.63,103.94,76.60,0.8769,1,1
10,5,682.26,823.90,140.74,135.94,0.8854,1,1
10,6,643.67,52.93,52.61,44.56,0.7289,1,1
10,8,455.48,194.78,39.64,31.05,0.8050,1,1
10,9,295.89,252.87,37.06,45.89,0.7831,1,1
10,10,171.45,538.16,22.02,26.42,0.8286,1,1
10,11,691.12,199.95,70.70,81.90,0.7108,1,1
10,12,850.89,153.78,74.88,73.14,0.7915,1,1
10,13,267.56,225.12,65.57,53.29,0.8204,1,1
10,14,92.60,621.84,44.49,44.23,0.8611,1,1
10,15,524.29,323.70,27.97,43.96,0.7842,1,1
10,16,1454.30,-0.00,34.22,29.39,0.6271,1,1
10,17,655.71,87.91,36.18,37.95,0.6620,1,1
10,18,303.04,402.22,35.35,31.77,0.3288,1,1
10,19,706.48,156.53,27.22,22.28,0.6304,1,1
10,20,375.92,319.28,22.14,32.54,0.8210,1,1
10,21,1484.08,14.66,18.45,19.29,0.2530,1,1
10,23,1197.66,585.61,45.58,34.42,0.3855,1,1
10,25,956.17,108.09,18.58,21.86,0.2573,1,1
10,29,642.95,52.71,53.96,43.82,0.3398,1,1
10,31,460.08,344.66,41.53,26.18,0.4544,1,1
10,32,20.52,605.56,24.43,27.04,0.2889,1,1
10,33,1143.09,545.26,35.08,32.04,0.8843,1,1
10,35,845.55,971.89,52.02,67.40,0.4393,1,1
11,1,991.03,23.48,52.91,43.46,0.8789,1,1
11,2,447.67,421.69,79.92,98.04,0.9055,1,1
11,3,446.17,147.84,52.11,45.06,0.8969,1,1
11,4,1137.02,383.58,107.50,78.60,0.8593,1,1
11,5,679.99,825.06,142.96,138.01,0.8340,1,1
11,6,644.44,53.26,52.36,44.26,0.7291,1,1
11,8,454.24,192.46,38.99,30.36,0.7421,1,1
11,9,295.83,252.61,37.39,46.30,0.7859,1,1
11,10,171.67,538.34,21.43,26.00,0.8180,1,1
11,11,691.19,200.14,70.87,81.75,0.6748,1,1
11,12,850.83,153.82,73.13,73.70,0.8088,1,1
11,13,267.38,225.38,65.46,53.11,0.8226,1,1
11,14,94.81,621.72,43.86,42.82,0.8521,1,1
11,15,523.00,325.97,28.69,46.15,0.7847,1,1
11,16,1454.98,0.01,34.14,28.95,0.5990,1,1
11,17,655.41,87.57,36.58,38.47,0.6648,1,1
11,18,304.82,397.58,31.73,28.07,0.2952,1,1
11,19,704.50,157.58,28.04,22.89,0.5036,1,1
11,20,374.88,319.08,22.91,32.62,0.8253,1,1
11,23,1197.20,585.15,50.13,36.65,0.5608,1,1
11,24,954.62,773.38,24.60,39.31,0.4430,1,1
11,29,643.54,52.96,53.60,43.52,0.3445,1,1
11,30,0.57,704.07,29.80,106.06,0.3140,1,1
11,31,461.19,343.25,39.76,25.86,0.5515,1,1
11,32,20.21,605.47,24.58,27.12,0.2946,1,1
11,33,1142.86,544.94,35.17,32.34,0.9000,1,1
12,1,990.69,22.79,54.45,43.87,0.8682,1,1
12,2,448.58,421.73,79.01,97.75,0.9025,1,1
12,3,446.41,145.74,52.88,44.73,0.8946,1,1
12,4,1139.05,384.10,106.18,78.36,0.8794,1,1
12,5,676.07,828.76,140.47,136.11,0.8228,1,1
12,6,644.90,53.39,52.12,43.98,0.7126,1,1
12,8,454.50,190.03,39.58,31.01,0.5905,1,1
12,9,295.61,252.34,37.83,47.11,0.7940,1,1
12,10,171.90,538.84,21.08,25.60,0.7626,1,1
12,11,690.98,200.41,71.34,82.03,0.7388,1,1
12,12,850.79,153.92,71.70,78.90,0.8152,1,1
12,13,266.62,225.06,66.06,53.95,0.8310,1,1
12,14,98.45,622.06,42.37,41.61,0.8445,1,1
12,15,519.15,326.18,29.75,49.40,0.6121,1,1
12,16,1454.55,0.01,34.24,28.75,0.5897,1,1
12,17,656.69,87.14,36.54,38.33,0.6635,1,1
12,18,319.20,397.32,26.71,23.21,0.5543,1,1
12,19,703.59,156.55,29.48,24.11,0.2675,1,1
12,20,374.06,318.55,23.58,32.69,0.8111,1,1
12,23,1197.08,586.46,53.86,37.98,0.7407,1,1
12,29,644.11,53.02,53.33,43.31,0.3273,1,1
12,30,0.92,701.78,30.28,106.81,0.3203,1,1
12,31,463.69,341.84,36.61,26.00,0.7787,1,1
12,32,19.48,604.51,24.67,27.14,0.3389,1,1
12,33,1142.23,545.00,35.57,33.48,0.8305,1,1
13,1,990.93,23.04,56.61,43.55,0.8606,1,1
13,2,449.21,422.10,79.02,97.69,0.9001,1,1
13,3,446.86,144.99,52.92,42.78,0.8940,1,1
13,4,1138.37,384.58,106.45,78.78,0.8838,1,1
13,5,673.28,832.06,142.56,139.52,0.7895,1,1
13,6,645.45,53.79,51.93,43.94,0.6868,1,1
13,8,454.23,186.94,39.91,31.49,0.6340,1,1
13,9,295.94,252.83,37.38,46.60,0.7970,1,1
13,10,171.96,538.90,21.02,25.52,0.7547,1,1
13,11,690.96,200.87,71.39,81.80,0.6881,1,1
13,12,852.94,154.20,67.88,80.44,0.8251,1,1
13,13,267.25,224.91,65.75,54.33,0.8248,1,1
13,14,97.75,618.63,43.61,43.19,0.7746,1,1
13,15,515.05,334.49,27.59,46.75,0.5931,1,1
13,16,1454.93,-0.01,34.42,28.41,0.6027,1,1
13,17,657.33,87.79,36.02,37.76,0.6482,1,1
13,18,324.59,395.02,25.60,21.68,0.6233,1,1
13,20,374.31,319.13,23.14,30.99,0.7894,1,1
13,23,1197.78,586.28,55.64,38.96,0.7732,1,1
13,29,644.70,53.10,53.06,43.07,0.3163,1,1
13,31,463.03,339.50,37.94,29.42,0.7774,1,1
13,32,19.06,604.72,24.47,26.84,0.2759,1,1
13,33,1143.23,545.32,34.19,32.73,0.8250,1,1
14,1,990.83,23.13,58.06,42.94,0.8623,1,1
14,2,449.25,422.45,78.89,97.39,0.9006,1,1
14,3,446.99,143.97,54.71,42.78,0.8969,1,1
14,4,1137.34,385.35,107.79,79.44,0.8856,1,1
14,5,672.05,834.65,141.52,139.82,0.7639,1,1
14,6,645.76,53.81,52.09,44.38,0.6771,1,1
14,8,454.28,186.10,40.24,31.91,0.6555,1,1
14,9,296.12,252.31,37.07,46.38,0.7945,1,1
14,10,172.55,540.08,20.52,24.56,0.7631,1,1
14,11,691.30,200.87,72.01,81.89,0.7706,1,1
14,12,854.56,153.98,62.94,76.03,0.7815,1,1
14,13,267.04,224.69,65.27,54.42,0.8273,1,1
14,14,97.04,616.89,43.76,43.76,0.7844,1,1
14,15,515.73,341.14,24.81,41.75,0.6104,1,1
14,16,1454.84,0.01,34.91,28.62,0.5988,1,1
14,17,658.20,88.58,35.18,36.76,0.6631,1,1
14,18,324.41,392.81,30.49,22.56,0.8714,1,1
14,20,373.94,319.18,23.46,30.66,0.7592,1,1
14,23,1199.57,587.12,56.15,39.83,0.6840,1,1
14,29,645.13,53.09,53.13,43.19,0.2788,1,1
14,31,464.92,337.16,36.48,29.50,0.7163,1,1
14,33,1144.45,544.66,33.80,32.26,0.8672,1,1
15,1,990.41,23.18,58.90,42.51,0.7990,1,1
15,2,449.36,422.44,79.14,97.77,0.9023,1,1
15,3,447.04,142.94,55.09,42.83,0.8919,1,1
15,4,1137.89,386.98,107.21,78.40,0.8784,1,1
15,5,670.28,837.49,139.01,140.03,0.8643,1,1
15,6,646.44,53.82,51.30,43.85,0.7586,1,1
15,8,453.88,185.01,40.59,32.29,0.7484,1,1
15,9,296.29,251.62,36.98,46.66,0.7783,1,1
15,10,172.40,540.37,20.56,24.22,0.7921,1,1
15,11,691.64,201.10,72.77,81.53,0.7701,1,1
15,12,859.39,153.85,57.22,67.31,0.7916,1,1
15,13,267.27,224.41,64.71,54.33,0.8091,1,1
15,14,98.03,616.82,42.77,42.73,0.5278,1,1
15,15,514.57,341.58,26.94,45.35,0.4755,1,1
15,16,1455.09,0.02,34.71,28.10,0.5776,1,1
15,17,658.41,88.59,35.07,36.43,0.6885,1,1
15,18,324.64,386.56,35.74,25.49,0.8509,1,1
15,20,373.99,319.43,23.47,29.85,0.7332,1,1
15,23,1201.61,588.76,55.23,40.42,0.6951,1,1
15,31,467.15,335.06,31.78,25.71,0.3906,1,1
15,33,1145.15,542.81,34.60,32.78,0.8535,1,1
15,39,846.82,658.24,130.97,94.18,0.7912,1,1
16,1,989.89,23.18,59.95,42.50,0.7973,1,1
16,2,449.35,422.48,79.04,97.80,0.9027,1,1
16,3,446.96,142.93,55.25,42.83,0.8920,1,1
16,4,1137.69,387.03,107.62,78.37,0.8787,1,1
16,5,670.77,837.55,137.95,140.01,0.8634,1,1
16,6,646.51,53.80,51.19,43.84,0.7585,1,1
16,8,453.95,184.97,40.42,32.17,0.7484,1,1
16,9,296.40,251.62,36.78,46.66,0.7801,1,1
16,10,172.31,540.38,20.75,24.20,0.7917,1,1
16,11,691.36,201.09,73.41,81.52,0.7689,1,1
16,12,859.17,153.81,57.79,66.91,0.7916,1,1
16,13,267.41,224.36,64.41,54.32,0.8128,1,1
16,14,98.24,616.83,42.55,42.48,0.5076,1,1
16,15,514.37,341.59,27.35,46.04,0.4742,1,1
16,16,1454.96,-0.01,35.00,28.04,0.5791,1,1
16,17,658.39,88.58,35.19,36.39,0.6882,1,1
16,18,324.34,386.42,36.44,25.38,0.8521,1,1
16,20,373.79,319.43,23.90,29.80,0.7339,1,1
16,23,1202.35,588.86,53.97,40.46,0.6986,1,1
16,31,467.79,334.56,30.37,24.58,0.3857,1,1
16,33,1145.10,542.76,34.74,32.79,0.8529,1,1
16,39,846.72,658.24,131.13,94.44,0.7906,1,1
17,1,989.67,23.32,60.97,40.63,0.8574,1,1
17,2,449.52,422.80,79.07,97.63,0.9023,1,1
17,3,446.93,141.70,56.38,44.30,0.8898,1,1
17,4,1139.85,386.72,108.42,80.35,0.8728,1,1
17,5,671.15,839.28,136.58,138.82,0.8692,1,1
17,6,646.98,54.04,51.27,43.95,0.8001,1,1
17,8,454.23,185.34,39.85,31.14,0.7579,1,1
17,9,296.64,251.20,36.46,46.76,0.7808,1,1
17,10,172.09,539.44,21.46,24.84,0.8001,1,1
17,11,691.28,201.41,73.81,81.23,0.7629,1,1
17,12,859.95,153.77,57.09,65.83,0.8206,1,1
17,13,267.14,224.59,63.95,54.53,0.8042,1,1
17,14,97.50,616.37,43.15,42.99,0.5891,1,1
17,16,1454.53,0.01,35.31,28.07,0.5848,1,1
17,17,659.54,88.43,35.20,36.31,0.7114,1,1
17,18,329.56,383.82,38.71,26.65,0.8166,1,1
17,20,373.00,318.91,24.83,30.62,0.7574,1,1
17,23,1204.70,590.53,52.16,40.78,0.7051,1,1
17,30,-0.03,696.67,32.15,113.76,0.2527,1,1
17,31,467.08,330.92,32.43,26.53,0.5020,1,1
17,33,1145.99,541.65,33.87,32.16,0.7379,1,1
17,39,846.88,658.27,131.10,94.78,0.8053,1,1
17,41,992.20,53.39,27.11,25.29,0.4753,1,1
17,42,770.75,1002.56,37.79,48.77,0.7938,1,1
18,1,988.87,23.85,62.60,39.60,0.8685,1,1
18,2,449.61,423.07,79.48,97.57,0.9032,1,1
18,3,447.27,141.15,56.83,44.87,0.8911,1,1
18,4,1140.84,387.69,107.70,80.68,0.8765,1,1
18,5,668.01,841.15,139.23,140.41,0.8568,1,1
18,6,647.38,53.89,51.95,44.25,0.8139,1,1
18,8,454.51,184.98,39.74,31.03,0.7660,1,1
18,9,296.97,251.03,35.91,46.50,0.7537,1,1
18,10,171.91,539.45,21.67,24.83,0.8075,1,1
18,11,691.09,201.32,74.51,81.56,0.7372,1,1
18,12,861.74,153.30,56.97,66.37,0.8413,1,1
18,13,267.37,224.11,63.42,54.80,0.8146,1,1
18,14,96.35,615.59,44.84,44.98,0.6841,1,1
18,16,1455.07,0.01,35.45,27.98,0.5936,1,1
18,17,659.98,89.42,34.97,35.70,0.7034,1,1
18,18,330.51,380.17,39.89,27.22,0.7975,1,1
18,20,373.03,318.76,24.95,30.54,0.7623,1,1
18,23,1204.13,588.84,53.15,43.91,0.6058,1,1
18,30,-0.75,695.98,32.09,115.15,0.3034,1,1
18,33,1147.96,541.78,32.18,30.39,0.5793,1,1
18,39,845.72,658.42,131.10,95.93,0.8086,1,1
18,42,771.48,1010.86,32.65,40.12,0.6870,1,1
19,1,990.32,23.81,62.28,39.60,0.8572,1,1
19,2,449.62,423.46,79.37,97.07,0.9041,1,1
19,3,447.86,141.65,57.02,45.06,0.8959,1,1
19,4,1142.34,389.28,106.93,81.57,0.8710,1,1
19,5,670.47,844.01,138.11,139.63,0.8330,1,1
19,6,648.13,54.23,52.25,44.91,0.8584,1,1
19,8,455.56,185.99,39.45,30.60,0.7369,1,1
19,9,297.40,250.14,35.54,46.36,0.7237,1,1
19,10,171.67,539.42,21.80,24.84,0.7897,1,1
19,11,691.09,201.62,74.32,81.22,0.7175,1,1
19,12,864.17,153.23,54.25,63.15,0.8537,1,1
19,13,267.26,223.47,63.08,55.07,0.8236,1,1
19,14,96.62,615.81,44.47,44.74,0.7183,1,1
19,16,1454.62,0.00,35.85,28.02,0.5852,1,1
19,17,660.25,89.68,35.27,35.66,0.7000,1,1
19,18,333.35,375.07,42.35,29.14,0.5142,1,1
19,20,373.29,318.37,24.80,29.93,0.7236,1,1
19,23,1204.45,587.23,52.62,45.77,0.5489,1,1
19,30,-1.05,696.10,32.00,116.38,0.2562,1,1
19,31,467.03,329.52,32.68,26.20,0.6671,1,1
19,32,19.76,605.81,22.75,24.65,0.2517,1,1
19,39,844.38,658.67,131.45,97.07,0.8344,1,1
19,45,62.16,579.89,27.47,40.60,0.3033,1,1
19,46,710.97,161.93,30.94,21.51,0.2940,1,1
20,1,992.55,22.82,59.74,38.19,0.8393,1,1
20,2,449.48,423.35,79.56,97.34,0.9027,1,1
20,3,448.15,142.49,55.85,45.56,0.8926,1,1
20,4,1141.10,389.33,107.79,83.26,0.8785,1,1
20,5,664.02,844.90,142.28,143.09,0.6688,1,1
20,6,648.90,54.18,51.72,44.96,0.8594,1,1
20,8,455.94,187.37,38.83,30.21,0.6846,1,1
20,9,297.47,249.88,35.44,46.48,0.7407,1,1
20,10,171.33,539.71,22.00,24.77,0.7974,1,1
20,11,691.60,202.65,73.69,80.44,0.7346,1,1
20,12,866.69,152.54,57.16,66.32,0.8514,1,1
20,13,266.74,222.92,63.21,55.96,0.8328,1,1
20,14,97.36,615.90,43.98,44.00,0.7140,1,1
20,16,1454.25,0.00,36.24,28.09,0.5721,1,1
20,17,660.38,90.14,35.84,35.59,0.7080,1,1
20,18,339.32,369.78,42.07,30.50,0.7822,1,1
20,20,372.34,318.15,26.51,32.50,0.8077,1,1
20,23,1206.68,586.73,48.76,45.92,0.6472,1,1
20,30,-0.85,695.97,32.41,120.43,0.5141,1,1
20,31,464.55,329.23,35.00,28.03,0.5413,1,1
20,32,19.97,605.74,23.22,24.98,0.2551,1,1
20,33,1150.54,540.65,30.91,29.26,0.2837,1,1
20,39,844.49,658.70,130.33,97.06,0.8368,1,1
20,46,704.14,161.37,34.65,24.32,0.5218,1,1
21,1,995.39,23.18,57.26,37.14,0.8790,1,1
21,2,449.41,423.65,79.44,96.88,0.9036,1,1
21,3,447.63,144.79,55.26,44.89,0.9010,1,1
21,4,1141.02,390.58,108.80,83.20,0.8842,1,1
21,5,664.35,847.05,147.26,149.01,0.5430,1,1
21,6,649.06,53.88,52.26,45.55,0.8741,1,1
21,8,455.03,190.66,38.36,29.71,0.6256,1,1
21,9,297.70,248.98,34.74,45.79,0.7639,1,1
21,10,169.83,538.51,22.50,25.69,0.7889,1,1
21,11,692.62,203.65,72.55,79.46,0.7576,1,1
21,12,866.49,151.01,65.27,79.51,0.8043,1,1
21,13,266.55,222.82,62.55,56.27,0.8290,1,1
21,14,96.94,615.85,43.89,44.11,0.7709,1,1
21,15,515.92,350.47,25.63,43.83,0.2735,1,1
21,16,1453.75,0.00,36.44,28.15,0.5651,1,1
21,17,661.30,91.66,35.17,34.05,0.6889,1,1
21,18,342.26,368.71,38.43,26.96,0.7560,1,1
21,20,372.71,318.11,26.46,32.73,0.8484,1,1
21,23,1211.39,588.20,41.66,44.15,0.7750,1,1
21,30,-0.64,695.57,32.01,119.87,0.4072,1,1
21,31,463.16,329.18,36.06,28.91,0.7201,1,1
21,32,20.01,605.79,23.45,25.26,0.2975,1,1
21,33,1150.76,540.59,29.84,28.34,0.4152,1,1
21,39,844.34,658.37,129.88,97.13,0.8470,1,1
21,41,993.80,50.88,30.82,29.34,0.4517,1,1
21,45,61.49,580.20,27.21,40.14,0.3218,1,1
21,46,695.72,152.05,39.60,29.83,0.6928,1,1
22,1,995.58,23.18,56.92,37.14,0.8791,1,1
22,2,449.36,423.60,79.53,96.94,0.9036,1,1
22,3,447.58,144.79,55.35,44.93,0.9008,1,1
22,4,1140.76,390.58,109.28,83.24,0.8842,1,1
22,5,664.82,847.30,147.17,149.87,0.5374,1,1
22,6,649.09,53.87,52.20,45.51,0.8744,1,1
22,8,455.01,191.16,38.28,29.55,0.6223,1,1
22,9,297.70,248.92,34.67,45.85,0.7636,1,1
22,10,170.29,539.21,22.05,25.10,0.7888,1,1
22,11,692.74,203.70,72.36,79.41,0.7575,1,1
22,12,867.58,150.93,63.39,80.07,0.8049,1,1
22,13,266.79,222.84,62.00,56.23,0.8292,1,1
22,14,97.10,615.91,43.72,44.07,0.7734,1,1
22,15,516.17,350.97,25.22,43.70,0.2696,1,1
22,16,1453.64,-0.01,36.56,28.17,0.5652,1,1
22,17,661.02,91.68,35.80,34.04,0.6905,1,1
22,18,341.95,368.67,39.04,26.80,0.7575,1,1
22,20,372.73,318.02,26.42,32.84,0.8500,1,1
22,23,1212.74,588.25,39.10,44.08,0.7755,1,1
22,30,-0.54,695.46,31.80,119.92,0.4028,1,1
22,31,463.04,329.15,36.11,28.99,0.7186,1,1
22,32,20.10,605.87,23.46,25.29,0.2916,1,1
22,33,1150.79,540.55,29.58,28.19,0.4102,1,1
22,39,844.42,658.30,129.68,97.22,0.8486,1,1
22,41,994.11,50.73,30.53,29.54,0.4506,1,1
22,45,61.35,580.21,27.30,40.19,0.3199,1,1
22,46,695.94,151.31,38.26,30.25,0.6912,1,1
23,1,996.11,23.29,56.64,36.79,0.8855,1,1
23,2,449.14,423.35,79.98,97.10,0.9028,1,1
23,3,447.65,146.00,55.22,44.66,0.9051,1,1
23,4,1141.77,390.32,108.46,83.62,0.8899,1,1
23,5,662.92,848.87,145.60,148.31,0.5842,1,1
23,6,649.45,53.70,51.95,44.99,0.8802,1,1
23,8,454.59,191.80,38.75,29.74,0.7174,1,1
23,9,297.69,249.76,34.15,45.34,0.7555,1,1
23,10,171.32,540.96,21.52,23.81,0.7977,1,1
23,11,692.93,204.19,71.67,78.26,0.7424,1,1
23,12,870.27,149.47,61.49,82.23,0.8638,1,1
23,13,266.16,223.14,62.03,56.17,0.8274,1,1
23,14,99.16,615.62,44.01,45.31,0.8193,1,1
23,15,517.00,351.60,24.72,43.55,0.3850,1,1
23,16,1453.61,0.01,36.91,28.32,0.5625,1,1
23,17,661.12,91.91,35.36,32.79,0.6889,1,1
23,18,344.79,363.70,40.02,28.74,0.8289,1,1
23,20,373.41,316.59,25.97,32.44,0.8509,1,1
23,23,1215.51,587.95,37.12,42.98,0.6492,1,1
23,30,-0.72,695.37,33.07,126.39,0.5016,1,1
23,31,460.62,328.86,37.09,29.43,0.7146,1,1
23,32,20.17,606.10,23.30,25.11,0.2895,1,1
23,33,1149.89,540.67,29.15,28.46,0.4982,1,1
23,39,844.59,658.28,129.56,96.09,0.8692,1,1
23,41,993.77,51.65,28.20,27.29,0.2827,1,1
23,45,62.19,579.70,27.58,39.93,0.4217,1,1
23,46,692.06,144.81,36.07,28.78,0.5817,1,1
24,1,996.45,23.49,57.35,37.73,0.8862,1,1
24,2,449.02,423.32,80.01,97.19,0.9015,1,1
24,3,447.25,146.41,55.72,45.71,0.9094,1,1
24,4,1142.39,390.39,109.53,84.95,0.8944,1,1
24,5,662.88,849.39,145.72,149.12,0.6325,1,1
24,6,649.53,53.71,51.72,44.17,0.8827,1,1
24,8,453.81,194.30,39.65,29.43,0.8238,1,1
24,9,297.44,247.97,34.28,46.13,0.7669,1,1
24,10,171.01,541.10,21.84,23.76,0.7982,1,1
24,11,692.78,203.68,72.02,78.76,0.7721,1,1
24,12,879.16,148.41,53.06,67.71,0.8562,1,1
24,13,265.85,224.90,59.67,54.35,0.7901,1,1
24,14,103.47,617.84,38.55,41.08,0.8297,1,1
24,15,517.43,351.75,24.00,43.07,0.5112,1,1
24,16,1453.55,0.01,37.20,28.48,0.5701,1,1
24,17,661.34,91.51,36.10,33.13,0.6825,1,1
24,18,348.80,361.88,38.39,28.00,0.6742,1,1
24,20,372.76,317.27,26.95,34.10,0.8545,1,1
24,23,1217.57,585.12,36.10,42.99,0.5455,1,1
24,30,-0.71,695.70,32.68,126.02,0.4101,1,1
24,31,458.84,329.09,35.86,27.81,0.6723,1,1
24,32,19.77,605.86,23.20,25.15,0.2812,1,1
24,33,1150.35,540.59,27.80,28.12,0.6567,1,1
24,39,844.80,658.41,129.97,95.28,0.8632,1,1
24,41,994.70,51.92,29.69,29.26,0.5046,1,1
24,46,691.90,143.65,32.38,26.79,0.5836,1,1
25,1,997.04,23.83,55.85,36.35,0.8866,1,1
25,2,448.38,423.36,79.91,97.39,0.9008,1,1
25,3,446.59,145.88,56.35,46.88,0.9079,1,1
25,4,1142.71,390.70,109.61,84.71,0.8961,1,1
25,5,663.49,849.39,145.88,151.04,0.6356,1,1
25,6,649.26,53.74,51.76,43.80,0.8823,1,1
25,8,453.12,194.45,40.01,29.30,0.8089,1,1
25,9,297.45,247.56,32.95,44.98,0.7616,1,1
25,10,170.92,540.99,22.04,23.84,0.7968,1,1
25,11,693.47,203.94,71.34,78.13,0.7949,1,1
25,12,883.29,147.49,55.25,68.04,0.8511,1,1
25,13,265.53,223.74,60.07,55.71,0.8012,1,1
25,14,103.73,621.04,33.30,35.99,0.7212,1,1
25,15,517.76,348.06,24.15,44.87,0.6359,1,1
25,16,1453.32,0.00,37.51,28.76,0.5723,1,1
25,17,660.99,91.02,36.76,33.70,0.7035,1,1
25,18,350.87,361.39,38.74,28.65,0.4119,1,1
25,20,372.58,317.29,27.08,34.79,0.8637,1,1
25,30,-0.36,695.09,32.34,125.22,0.3898,1,1
25,31,458.28,329.63,35.82,27.52,0.6197,1,1
25,32,19.60,605.40,23.43,25.65,0.3075,1,1
25,33,1150.71,540.80,27.29,28.17,0.6572,1,1
25,39,844.62,658.22,131.19,95.74,0.8583,1,1
25,41,994.49,51.82,30.33,30.15,0.3786,1,1
25,45,61.64,578.03,26.59,38.35,0.2757,1,1
25,46,696.11,146.10,31.06,28.32,0.6780,1,1
25,52,922.72,0.01,22.57,17.72,0.2607,1,1
26,1,996.75,24.03,56.32,37.07,0.8878,1,1
26,2,447.63,422.99,80.43,98.36,0.8957,1,1
26,3,446.31,145.52,55.41,47.06,0.9079,1,1
26,4,1143.46,390.55,109.49,84.73,0.8925,1,1
26,5,664.14,849.52,144.61,150.94,0.5847,1,1
26,6,648.97,54.09,51.60,43.74,0.8790,1,1
26,8,452.33,194.73,40.80,29.22,0.8244,1,1
26,9,296.71,246.19,33.14,45.93,0.7652,1,1
26,10,171.08,541.14,22.00,23.51,0.7845,1,1
26,11,693.66,204.09,71.04,77.93,0.7743,1,1
26,12,887.45,146.46,55.68,67.35,0.8652,1,1
26,13,265.84,223.47,59.70,55.85,0.8057,1,1
26,14,99.43,621.92,31.10,34.57,0.7461,1,1
26,15,517.69,341.66,24.84,46.63,0.7379,1,1
26,16,1453.42,-0.01,37.52,28.88,0.5915,1,1
26,17,660.33,89.83,38.03,35.26,0.7109,1,1
26,20,373.67,316.87,26.09,33.04,0.8444,1,1
26,30,-0.55,694.28,32.41,126.50,0.3959,1,1
26,31,458.31,330.04,35.46,27.05,0.5783,1,1
26,32,19.60,605.26,23.37,25.88,0.3020,1,1
26,33,1152.73,540.66,27.14,28.31,0.6663,1,1
26,39,844.64,658.44,131.36,95.55,0.8399,1,1
26,45,62.40,577.67,25.58,36.34,0.3737,1,1
26,46,698.93,153.17,26.05,24.03,0.5857,1,1
26,52,922.69,-0.00,22.76,17.90,0.2500,1,1
27,1,996.92,24.22,57.06,38.13,0.8927,1,1
27,2,447.71,422.49,81.47,99.68,0.8959,1,1
27,3,446.18,145.78,54.41,46.29,0.9080,1,1
27,4,1143.71,390.55,109.88,85.57,0.8869,1,1
27,5,663.77,849.77,144.02,151.01,0.5876,1,1
27,6,648.77,54.24,51.46,43.55,0.8741,1,1
27,8,452.15,193.19,41.53,29.16,0.8164,1,1
27,9,296.49,245.88,33.15,46.53,0.7654,1,1
27,10,170.94,541.02,22.27,23.64,0.7872,1,1
27,11,692.85,203.20,71.97,79.15,0.5651,1,1
27,12,891.12,143.31,57.64,69.03,0.8612,1,1
27,13,265.92,223.70,59.21,55.53,0.8053,1,1
27,14,98.23,619.97,32.15,37.92,0.7841,1,1
27,15,519.32,329.01,23.22,42.96,0.8395,1,1
27,16,1453.21,-0.01,37.54,29.11,0.5893,1,1
27,17,660.13,88.87,38.08,35.87,0.7372,1,1
27,20,372.39,318.09,27.66,35.48,0.8097,1,1
27,30,-0.29,694.14,32.64,127.80,0.2848,1,1
27,31,458.66,330.10,36.76,28.22,0.6562,1,1
27,32,19.79,605.31,23.10,25.80,0.3059,1,1
27,33,1153.92,540.68,25.49,26.66,0.5359,1,1
27,39,844.88,658.36,132.54,95.98,0.7830,1,1
27,41,996.67,55.00,28.50,28.00,0.3894,1,1
27,45,63.41,577.73,25.78,36.09,0.3451,1,1
27,52,922.81,-0.01,22.67,17.86,0.2542,1,1
27,55,961.34,65.79,25.64,20.10,0.2713,1,1
28,1,997.09,24.22,56.73,38.14,0.8927,1,1
28,2,447.74,422.48,81.44,99.63,0.8959,1,1
28,3,446.20,145.81,54.36,46.26,0.9079,1,1
28,4,1143.82,390.54,109.63,85.64,0.8869,1,1
28,5,664.06,849.84,143.40,150.93,0.5830,1,1
28,6,648.73,54.25,51.52,43.58,0.8743,1,1
28,8,451.91,193.13,42.02,29.16,0.8163,1,1
28,9,296.59,245.92,32.92,46.58,0.7648,1,1
28,10,170.94,541.12,22.36,23.58,0.7857,1,1
28,11,692.78,203.06,71.95,79.34,0.5649,1,1
28,12,891.11,143.27,57.89,69.05,0.8612,1,1
28,13,265.91,223.75,59.12,55.51,0.8067,1,1
28,14,98.73,619.86,31.11,38.08,0.7847,1,1
28,15,519.32,328.79,23.25,42.81,0.8391,1,1
28,16,1453.25,-0.01,37.37,29.13,0.5891,1,1
28,17,660.29,88.84,37.73,35.89,0.7362,1,1
28,20,372.45,318.11,27.49,35.57,0.8103,1,1
28,30,-0.22,694.12,32.63,128.13,0.2855,1,1
28,31,458.77,330.12,36.71,28.32,0.6565,1,1
28,32,19.85,605.32,22.95,25.84,0.3076,1,1
28,33,1154.09,540.69,25.19,26.41,0.5378,1,1
28,39,844.66,658.34,133.04,96.02,0.7831,1,1
28,41,996.82,55.45,28.46,27.68,0.3877,1,1
28,45,63.47,577.67,26.15,36.16,0.3430,1,1
28,52,922.82,-0.01,22.62,17.84,0.2539,1,1
28,55,961.35,66.13,25.57,20.02,0.2710,1,1
29,1,998.40,24.55,56.63,37.91,0.8974,1,1
29,2,447.64,422.69,79.97,98.21,0.8964,1,1
29,3,444.17,144.77,54.90,46.47,0.8938,1,1
29,4,1144.27,390.10,109.23,84.78,0.8880,1,1
29,5,664.44,849.78,142.44,150.27,0.6326,1,1
29,6,648.57,54.34,51.57,43.52,0.8719,1,1
29,8,451.04,188.74,43.88,30.90,0.7139,1,1
29,9,296.90,245.57,32.64,46.66,0.7599,1,1
29,10,171.02,541.42,22.23,23.29,0.7818,1,1
29,11,692.95,202.09,72.10,79.66,0.6126,1,1
29,12,894.87,142.90,58.89,69.64,0.8333,1,1
29,13,266.23,224.13,58.74,55.23,0.7526,1,1
29,14,99.25,616.26,34.57,42.29,0.3712,1,1
29,15,517.93,320.35,24.20,43.63,0.6823,1,1
29,16,1453.23,-0.01,37.30,29.17,0.5917,1,1
29,17,660.75,89.11,36.90,35.15,0.7410,1,1
29,20,372.91,317.43,27.86,36.33,0.7593,1,1
29,30,-0.21,694.04,33.01,130.27,0.4134,1,1
29,31,461.46,330.68,37.01,27.91,0.6850,1,1
29,32,20.03,605.38,22.73,25.68,0.3018,1,1
29,33,1155.96,540.86,25.30,26.10,0.5153,1,1
29,39,846.03,658.48,132.51,95.72,0.8082,1,1
29,41,996.42,54.36,29.35,28.64,0.3434,1,1
29,45,62.53,577.01,27.22,37.57,0.3002,1,1
29,55,960.74,69.50,23.88,18.95,0.4122,1,1
30,1,997.92,24.89,58.17,37.92,0.9062,1,1
30,2,447.72,423.01,77.53,96.06,0.8845,1,1
30,3,443.54,145.33,54.68,45.36,0.8973,1,1
30,4,1145.73,389.71,108.22,82.93,0.8950,1,1
30,5,664.07,849.47,141.82,149.37,0.7158,1,1
30,6,648.76,54.25,51.68,43.52,0.8728,1,1
30,8,450.85,188.72,43.40,30.92,0.7086,1,1
30,9,296.97,245.65,32.36,46.50,0.7475,1,1
30,10,170.88,541.60,22.26,23.19,0.7710,1,1
30,11,692.82,202.14,72.21,79.78,0.4054,1,1
30,12,897.71,141.39,59.81,71.40,0.8582,1,1
30,13,266.34,224.19,58.53,55.26,0.7684,1,1
30,14,102.73,610.69,37.81,45.70,0.7148,1,1
30,16,1453.08,-0.01,36.94,28.87,0.6046,1,1
30,17,661.04,89.23,36.62,34.70,0.7437,1,1
30,19,700.60,158.60,28.12,21.56,0.6101,1,1
30,20,373.97,318.37,26.32,34.09,0.6775,1,1
30,30,0.01,694.10,32.87,129.88,0.3568,1,1
30,31,463.06,330.16,38.00,29.03,0.6231,1,1
30,32,19.58,605.10,23.07,26.17,0.2976,1,1
30,33,1156.50,540.12,25.39,25.97,0.3625,1,1
30,39,845.60,658.40,133.70,96.61,0.7296,1,1
30,41,996.66,54.93,29.84,29.16,0.3231,1,1
30,55,959.15,71.49,24.51,19.71,0.3978,1,1
31,1,998.05,24.66,59.20,38.40,0.9102,1,1
31,2,447.53,423.02,77.82,97.27,0.8623,1,1
31,3,443.47,145.29,54.48,44.75,0.8947,1,1
31,4,1145.85,388.57,108.37,83.01,0.8874,1,1
31,5,662.72,848.22,143.04,150.50,0.5661,1,1
31,6,649.29,53.87,51.87,43.24,0.8773,1,1
31,8,450.55,187.37,43.68,31.31,0.5335,1,1
31,9,296.84,245.04,32.66,47.08,0.7509,1,1
31,10,170.27,541.14,22.50,23.55,0.7691,1,1
31,12,903.73,139.79,59.56,68.16,0.8237,1,1
31,13,266.30,224.20,58.56,55.56,0.7455,1,1
31,14,108.66,610.48,37.48,44.44,0.7977,1,1
31,16,1452.95,-0.02,36.98,28.90,0.6121,1,1
31,17,661.53,89.11,36.94,34.69,0.7536,1,1
31,20,374.48,316.84,25.88,33.00,0.6901,1,1
31,30,0.08,694.21,32.58,128.79,0.2638,1,1
31,31,468.24,329.17,36.61,27.81,0.5940,1,1
31,39,846.82,659.17,132.18,95.40,0.6009,1,1
31,41,996.45,54.60,30.91,30.78,0.5922,1,1
31,55,961.89,71.96,25.07,20.31,0.2780,1,1
32,1,997.96,24.80,60.00,38.31,0.9034,1,1
32,2,447.52,422.54,78.39,98.93,0.8543,1,1
32,3,441.94,143.78,55.68,45.73,0.8892,1,1
32,4,1148.22,388.27,107.28,82.49,0.8820,1,1
32,5,662.31,848.31,142.84,150.02,0.4670,1,1
32,6,649.86,53.16,52.73,44.01,0.8827,1,1
32,8,452.52,185.81,42.85,30.77,0.4847,1,1
32,9,296.64,244.95,33.13,47.95,0.7597,1,1
32,10,170.15,540.94,22.52,23.70,0.7670,1,1
32,11,692.23,201.99,72.35,80.14,0.5372,1,1
32,12,907.13,139.30,59.45,68.05,0.8260,1,1
32,13,266.32,224.01,58.47,55.77,0.7397,1,1
32,14,109.05,609.73,38.16,45.03,0.7912,1,1
32,16,1453.10,-0.01,36.16,28.07,0.5970,1,1
32,17,662.53,88.17,37.69,35.15,0.7633,1,1
32,20,373.90,316.10,27.43,34.53,0.7334,1,1
32,31,479.43,326.92,31.36,23.70,0.6125,1,1
32,39,848.01,659.55,132.18,94.84,0.7886,1,1
32,41,997.00,55.67,30.48,30.47,0.6567,1,1
32,55,964.31,72.17,25.84,21.08,0.2992,1,1
32,64,793.45,1034.98,37.17,28.21,0.5901,1,1
33,1,998.34,25.17,59.83,38.03,0.8998,1,1
33,2,447.34,422.52,77.57,99.21,0.8756,1,1
33,3,441.49,142.95,54.91,45.30,0.8870,1,1
33,4,1149.62,387.79,106.64,82.10,0.8716,1,1
33,5,662.60,848.96,141.43,148.26,0.3841,1,1
33,6,651.27,51.83,53.03,44.26,0.8879,1,1
33,8,451.42,184.68,43.39,31.75,0.6483,1,1
33,9,296.32,244.81,33.49,48.24,0.7712,1,1
33,10,170.12,540.87,22.48,23.69,0.7666,1,1
33,11,691.42,201.50,72.70,81.11,0.5376,1,1
33,12,909.07,138.17,60.05,68.06,0.8160,1,1
33,13,266.41,223.68,58.84,56.25,0.6419,1,1
33,14,110.65,609.49,37.49,43.26,0.7618,1,1
33,16,1453.00,-0.01,36.24,27.97,0.5915,1,1
33,17,663.25,88.46,37.47,34.34,0.7508,1,1
33,20,374.31,317.27,26.57,32.68,0.6043,1,1
33,25,956.21,102.58,18.48,22.01,0.3108,1,1
33,31,481.75,325.95,30.53,23.04,0.3940,1,1
33,39,848.31,659.98,132.17,94.50,0.7971,1,1
33,41,997.22,56.26,30.27,30.22,0.6703,1,1
33,55,964.34,72.20,25.91,21.39,0.2672,1,1
33,64,793.25,1034.71,36.58,27.83,0.3294,1,1
33,65,514.11,299.19,31.99,40.98,0.7814,1,1
33,66,726.04,140.13,28.77,22.17,0.6986,1,1
34,1,998.29,25.17,59.93,38.02,0.8997,1,1
34,2,447.58,422.61,77.13,99.14,0.8761,1,1
34,3,441.50,142.79,54.85,45.49,0.8861,1,1
34,4,1149.63,387.73,106.61,82.15,0.8728,1,1
34,5,662.67,849.15,141.20,147.75,0.3810,1,1
34,6,651.28,51.81,53.04,44.27,0.8879,1,1
34,8,451.56,184.65,42.88,31.79,0.6506,1,1
34,9,296.35,245.01,33.46,48.07,0.7711,1,1
34,10,170.16,540.93,22.46,23.65,0.7658,1,1
34,11,691.48,201.44,72.42,81.26,0.5378,1,1
34,12,908.95,138.15,60.40,68.04,0.8159,1,1
34,13,266.52,223.80,58.61,56.14,0.6455,1,1
34,14,110.62,609.62,37.83,43.05,0.7562,1,1
34,16,1452.93,-0.00,36.39,27.97,0.5927,1,1
34,17,663.08,88.49,37.86,34.28,0.7509,1,1
34,20,374.15,317.53,26.88,32.40,0.5905,1,1
34,25,956.26,102.63,18.37,21.99,0.3122,1,1
34,31,482.19,325.77,30.37,22.90,0.3936,1,1
34,39,848.17,660.00,132.37,94.43,0.7913,1,1
34,41,997.24,56.33,30.26,30.18,0.6698,1,1
34,55,964.45,72.18,25.72,21.47,0.2676,1,1
34,64,793.27,1034.74,36.31,27.68,0.3111,1,1
34,65,513.32,299.21,33.64,41.04,0.7816,1,1
34,66,725.87,140.03,28.48,22.16,0.6981,1,1
34,67,965.92,77.78,21.93,18.26,0.3670,1,1
34,68,350.90,364.10,37.38,30.67,0.6970,1,1
35,1,998.79,25.69,59.87,37.55,0.8994,1,1
35,2,447.42,422.33,76.88,99.86,0.8785,1,1
35,3,440.57,140.69,56.12,46.20,0.8759,1,1
35,4,1148.49,387.57,106.85,81.33,0.8692,1,1
35,5,663.62,849.47,140.47,147.22,0.5239,1,1
35,6,651.70,51.03,53.50,44.53,0.8874,1,1
35,8,451.79,183.93,41.84,31.07,0.6593,1,1
35,9,296.19,244.76,33.64,48.22,0.7812,1,1
35,10,170.21,541.11,22.36,23.49,0.7649,1,1
35,11,690.05,199.85,73.71,83.47,0.5416,1,1
35,12,910.81,136.66,63.11,71.13,0.8196,1,1
35,13,266.48,223.52,58.88,56.56,0.5870,1,1
35,14,108.71,609.42,37.75,40.96,0.6426,1,1
35,16,1452.60,-0.00,36.72,28.09,0.6066,1,1
35,17,662.31,88.21,38.75,34.82,0.7608,1,1
35,20,373.95,315.19,28.10,32.72,0.6986,1,1
35,25,958.00,103.44,18.97,23.06,0.3559,1,1
35,39,848.26,660.21,132.47,94.27,0.7859,1,1
35,41,997.37,55.51,30.15,30.53,0.7165,1,1
35,65,524.10,302.20,30.75,39.45,0.7754,1,1
35,66,720.78,138.28,30.43,24.61,0.7486,1,1
35,67,963.81,77.33,22.31,18.71,0.3481,1,1
35,68,351.91,364.41,36.60,30.19,0.8801,1,1
36,1,998.22,25.49,59.99,37.96,0.9008,1,1
36,2,447.19,421.71,76.86,99.76,0.8805,1,1
36,3,439.39,137.71,57.30,47.59,0.8680,1,1
36,4,1148.11,387.46,107.59,81.50,0.8794,1,1
36,5,663.74,849.46,139.53,146.51,0.6392,1,1
36,6,652.22,51.28,53.25,44.05,0.8846,1,1
36,8,449.74,183.05,41.59,30.69,0.5004,1,1
36,9,296.34,244.87,33.73,48.27,0.7930,1,1
36,10,170.96,541.78,22.17,23.08,0.7783,1,1
36,11,688.83,199.01,74.87,85.32,0.3524,1,1
36,12,914.04,135.55,60.84,68.78,0.7585,1,1
36,13,266.66,223.63,58.61,56.35,0.6328,1,1
36,14,108.49,608.58,38.99,40.12,0.6615,1,1
36,16,1452.42,-0.00,37.12,28.19,0.6071,1,1
36,17,663.14,88.51,38.24,34.29,0.7781,1,1
36,20,372.89,315.02,29.56,33.52,0.8275,1,1
36,25,960.28,102.60,18.63,23.23,0.2635,1,1
36,39,847.85,660.19,132.40,93.77,0.7848,1,1
36,41,997.40,54.88,30.39,31.25,0.7344,1,1
36,66,716.23,137.82,28.72,22.87,0.7059,1,1
36,67,962.61,77.47,22.16,18.58,0.3523,1,1
36,68,352.52,364.10,37.74,29.85,0.8522,1,1
37,1,998.74,25.70,59.30,38.09,0.8993,1,1
37,2,446.97,421.91,76.49,100.08,0.8797,1,1
37,3,438.96,135.59,57.26,48.55,0.8674,1,1
37,4,1150.67,387.34,105.49,78.98,0.8843,1,1
37,5,663.13,849.32,139.11,145.83,0.6736,1,1
37,6,652.26,51.43,53.46,44.00,0.8838,1,1
37,8,449.02,182.51,41.22,30.26,0.3350,1,1
37,9,296.40,244.96,33.79,48.35,0.7778,1,1
37,10,170.78,541.43,22.44,23.24,0.7866,1,1
37,11,687.98,197.72,74.73,86.31,0.6753,1,1
37,12,915.64,134.24,61.99,71.51,0.7786,1,1
37,13,266.84,223.67,58.49,56.28,0.6025,1,1
37,14,110.11,608.75,39.75,39.65,0.5601,1,1
37,16,1453.00,-0.00,37.13,27.85,0.6010,1,1
37,17,663.13,88.60,38.39,34.21,0.7762,1,1
37,20,373.00,314.23,30.32,33.55,0.8417,1,1
37,39,848.12,660.34,131.73,92.91,0.7518,1,1
37,41,998.17,56.37,29.58,30.22,0.6777,1,1
37,66,711.18,136.71,27.57,20.97,0.6611,1,1
37,67,959.62,77.92,22.65,18.67,0.3338,1,1
37,68,353.51,366.57,35.64,26.98,0.7109,1,1
38,1,999.34,25.40,59.12,38.56,0.9001,1,1
38,2,446.54,421.94,76.10,100.11,0.8712,1,1
38,3,438.93,134.67,56.65,48.44,0.8646,1,1
38,4,1150.74,386.82,105.80,79.00,0.8755,1,1
38,5,660.80,848.81,140.87,147.67,0.6640,1,1
38,6,652.22,51.45,53.54,43.92,0.8856,1,1
38,8,448.26,181.52,41.27,30.14,0.3486,1,1
38,9,296.57,244.97,33.76,48.40,0.7845,1,1
38,10,170.67,541.44,22.46,23.17,0.7981,1,1
38,11,687.48,197.81,75.47,87.59,0.6127,1,1
38,12,917.95,135.43,61.14,70.52,0.7887,1,1
38,13,267.10,223.29,58.73,56.50,0.5843,1,1
38,14,108.58,608.98,39.32,38.02,0.5227,1,1
38,16,1452.96,0.00,37.65,27.96,0.6075,1,1
38,17,662.96,88.21,38.71,34.66,0.7793,1,1
38,20,373.43,313.56,30.13,33.42,0.8377,1,1
38,33,1156.85,539.42,26.59,27.59,0.2645,1,1
38,39,846.68,660.38,133.33,94.14,0.7333,1,1
38,41,997.98,55.95,29.78,30.44,0.6801,1,1
38,66,709.24,137.33,27.37,20.39,0.6646,1,1
38,67,956.63,77.49,23.67,18.98,0.4558,1,1
38,68,358.74,362.95,37.01,27.91,0.8280,1,1
38,70,1216.81,575.33,29.54,45.67,0.5618,1,1
38,72,480.63,321.96,38.57,23.99,0.3485,1,1
39,1,999.65,25.63,59.71,38.73,0.9034,1,1
39,2,446.29,421.74,76.17,101.27,0.8805,1,1
39,3,439.72,133.56,55.25,46.97,0.8630,1,1
39,4,1149.35,385.62,106.60,80.73,0.8883,1,1
39,5,659.36,848.03,141.70,150.14,0.7542,1,1
39,6,652.16,51.44,53.06,43.27,0.8865,1,1
39,8,447.54,181.12,40.93,29.81,0.3690,1,1
39,9,296.51,245.03,33.45,47.97,0.7667,1,1
39,10,170.79,541.84,22.10,22.78,0.7930,1,1
39,11,686.92,197.36,75.84,88.03,0.4870,1,1
39,12,919.48,133.99,60.00,69.60,0.8249,1,1
39,13,267.12,223.33,58.66,56.47,0.5645,1,1
39,14,109.33,609.73,40.43,37.16,0.5362,1,1
39,16,1452.53,0.01,38.46,28.14,0.6508,1,1
39,17,663.26,87.53,38.51,34.92,0.7964,1,1
39,20,373.43,314.00,30.13,34.87,0.8870,1,1
39,33,1156.65,539.54,27.21,28.46,0.3038,1,1
39,39,846.44,660.67,132.72,94.15,0.7206,1,1
39,41,997.96,55.96,29.36,29.82,0.6565,1,1
39,66,707.39,137.23,29.91,22.72,0.6699,1,1
39,67,957.17,76.46,25.22,19.76,0.4434,1,1
39,68,355.95,361.87,37.73,27.25,0.7888,1,1
39,70,1215.13,578.48,27.99,40.37,0.6552,1,1
39,72,481.46,321.56,37.90,23.59,0.4002,1,1
40,1,999.56,25.64,59.84,38.73,0.9035,1,1
40,2,446.46,421.71,75.80,101.19,0.8822,1,1
40,3,439.53,133.26,55.58,47.24,0.8635,1,1
40,4,1149.61,385.50,106.06,80.85,0.8878,1,1
40,5,659.74,847.95,140.98,150.29,0.7553,1,1
40,6,652.10,51.44,53.18,43.25,0.8865,1,1
40,8,447.34,181.03,40.93,29.72,0.3722,1,1
40,9,296.42,245.04,33.51,48.04,0.7627,1,1
40,10,170.77,541.85,22.11,22.78,0.7930,1,1
40,11,686.85,197.27,75.88,88.10,0.4883,1,1
40,12,919.59,133.94,59.84,69.60,0.8238,1,1
40,13,267.13,223.35,58.61,56.46,0.5631,1,1
40,14,108.67,609.81,42.04,37.03,0.5362,1,1
40,16,1452.33,-0.00,38.88,28.15,0.6506,1,1
40,17,663.39,87.49,38.24,34.95,0.7964,1,1
40,20,373.67,313.97,29.69,34.89,0.8876,1,1
40,33,1157.04,539.61,26.85,28.34,0.3124,1,1
40,39,846.54,660.71,132.38,94.19,0.7175,1,1
40,41,997.90,55.95,29.43,29.74,0.6588,1,1
40,66,707.47,137.23,29.74,22.93,0.6698,1,1
40,67,957.14,76.24,25.90,19.91,0.4435,1,1
40,68,355.36,361.83,38.75,27.21,0.7893,1,1
40,70,1214.36,578.82,29.15,39.86,0.6574,1,1
40,72,481.61,321.46,37.74,23.51,0.3989,1,1
41,1,1000.07,25.92,59.55,38.50,0.9007,1,1
41,2,446.35,421.89,75.53,100.96,0.8819,1,1
41,3,439.05,130.26,57.48,49.39,0.8710,1,1
41,4,1149.40,385.22,105.95,81.33,0.8830,1,1
41,5,651.53,847.40,143.94,148.48,0.7573,1,1
41,6,651.69,51.56,52.80,43.05,0.8844,1,1
41,8,447.63,180.01,40.54,29.28,0.3067,1,1
41,9,295.95,244.67,34.00,48.67,0.7720,1,1
41,10,170.66,541.30,21.99,23.16,0.8129,1,1
41,11,686.72,197.32,75.39,87.71,0.6641,1,1
41,12,920.07,133.36,61.29,70.93,0.7462,1,1
41,13,267.37,223.38,58.36,56.10,0.5303,1,1
41,14,106.54,608.44,43.65,37.29,0.4878,1,1
41,16,1452.55,0.00,39.27,28.14,0.6802,1,1
41,17,662.71,86.99,38.70,35.80,0.7915,1,1
41,20,373.32,313.85,29.99,35.73,0.8710,1,1
41,33,1156.85,540.02,27.16,28.77,0.5932,1,1
41,39,845.88,660.40,133.47,95.25,0.6834,1,1
41,41,997.91,56.36,29.33,29.63,0.7375,1,1
41,66,706.22,141.43,31.26,24.30,0.6894,1,1
41,67,957.47,75.75,26.58,20.33,0.3677,1,1
41,68,356.02,359.76,38.24,26.75,0.7766,1,1
41,70,1213.77,578.98,28.00,37.25,0.5423,1,1
41,72,481.68,320.38,39.50,24.56,0.4758,1,1
42,1,1000.00,26.32,58.88,38.01,0.9005,1,1
42,2,445.42,421.79,75.04,99.14,0.8741,1,1
42,3,439.15,130.20,56.59,48.71,0.8770,1,1
42,4,1148.90,384.19,105.61,81.04,0.8895,1,1
42,5,650.20,846.96,145.64,148.35,0.7507,1,1
42,6,651.34,52.01,52.61,43.33,0.8831,1,1
42,8,446.52,179.43,40.84,29.42,0.4942,1,1
42,9,295.57,244.76,34.17,48.73,0.7582,1,1
42,10,170.73,541.44,21.72,23.18,0.8099,1,1
42,11,686.42,197.14,75.62,88.33,0.5107,1,1
42,12,920.69,133.01,60.55,69.17,0.8198,1,1
42,13,267.47,223.21,58.50,56.10,0.5288,1,1
42,14,106.00,608.33,44.10,36.86,0.4228,1,1
42,16,1452.21,-0.00,40.35,28.70,0.7309,1,1
42,17,662.42,86.90,38.63,36.14,0.7928,1,1
42,20,373.02,314.16,28.68,34.50,0.6569,1,1
42,30,-1.29,709.97,30.59,125.77,0.3786,1,1
42,33,1156.29,540.50,26.49,28.02,0.5381,1,1
42,39,846.26,660.33,132.85,95.23,0.7122,1,1
42,41,997.83,57.36,29.18,29.52,0.6921,1,1
42,66,703.90,148.85,33.44,24.26,0.7733,1,1
42,67,958.39,75.44,27.09,20.62,0.3309,1,1
42,68,353.81,354.68,39.59,28.03,0.3650,1,1
42,70,1213.17,581.50,27.93,35.15,0.5874,1,1
42,72,482.22,320.67,39.85,24.74,0.5043,1,1
43,1,999.01,26.31,59.27,38.61,0.8961,1,1
43,2,445.62,422.33,74.89,97.72,0.8934,1,1
43,3,438.23,128.32,56.81,49.57,0.8816,1,1
43,4,1150.00,384.19,104.56,79.53,0.8880,1,1
43,5,646.04,846.09,148.12,148.47,0.7740,1,1
43,6,651.20,52.48,52.30,43.58,0.8782,1,1
43,8,446.73,179.49,39.29,28.12,0.3631,1,1
43,9,295.67,245.00,34.17,48.57,0.7713,1,1
43,10,171.08,542.00,21.53,22.82,0.8007,1,1
43,11,686.46,197.51,74.61,87.36,0.5641,1,1
43,12,920.50,132.48,60.48,69.22,0.8114,1,1
43,13,267.45,222.97,58.85,56.26,0.6102,1,1
43,14,104.50,608.19,45.89,37.50,0.3608,1,1
43,15,545.86,321.96,23.38,43.16,0.3200,1,1
43,16,1451.84,-0.00,41.13,29.02,0.7430,1,1
43,17,662.72,86.79,38.63,36.58,0.7904,1,1
43,20,372.74,314.50,27.00,32.88,0.5594,1,1
43,30,-1.07,709.76,30.04,126.16,0.3337,1,1
43,33,1156.13,540.40,26.42,27.92,0.4355,1,1
43,39,845.39,660.38,132.97,95.54,0.7748,1,1
43,41,997.94,58.46,28.15,28.15,0.7105,1,1
43,66,702.85,152.93,34.26,24.11,0.6821,1,1
43,67,958.19,75.09,27.61,20.95,0.3013,1,1
43,68,352.04,351.05,38.45,27.90,0.3770,1,1
43,70,1210.98,581.36,30.42,37.36,0.6403,1,1
43,72,480.77,320.40,42.47,26.41,0.5218,1,1
43,77,99.26,786.15,35.68,40.30,0.7804,1,1
44,1,998.00,25.90,59.78,38.58,0.9016,1,1
44,2,446.99,421.34,74.89,98.28,0.8933,1,1
44,3,437.98,127.32,56.35,50.28,0.8885,1,1
44,4,1150.15,384.63,103.32,78.80,0.8907,1,1
44,5,645.69,846.32,148.97,147.72,0.7884,1,1
44,6,651.30,52.58,52.09,43.93,0.8773,1,1
44,8,446.46,179.43,39.15,27.80,0.4490,1,1
44,9,296.02,244.62,34.13,48.60,0.7849,1,1
44,10,171.24,542.59,21.52,22.44,0.7984,1,1
44,11,686.47,198.21,74.09,86.63,0.6406,1,1
44,12,919.89,131.89,59.43,68.95,0.7616,1,1
44,13,268.83,222.07,57.83,55.48,0.5290,1,1
44,14,107.26,609.24,47.57,38.51,0.5194,1,1
44,15,545.89,323.59,22.94,42.59,0.5412,1,1
44,16,1451.64,-0.00,41.29,28.94,0.7439,1,1
44,17,662.81,87.09,38.04,36.15,0.7782,1,1
44,20,372.22,314.13,26.51,32.65,0.6219,1,1
44,23,1208.01,574.54,34.73,43.71,0.3781,1,1
44,30,-0.20,710.39,29.01,122.06,0.3570,1,1
44,39,845.50,660.45,132.30,94.96,0.7795,1,1
44,41,998.18,60.09,27.56,27.28,0.5121,1,1
44,66,705.85,156.15,31.75,22.22,0.4383,1,1
44,67,957.16,74.53,28.15,21.50,0.2769,1,1
44,72,479.71,319.88,43.97,27.50,0.5408,1,1
44,78,955.69,816.25,32.03,37.47,0.5354,1,1
44,79,791.36,950.83,23.64,47.52,0.4655,1,1
45,1,997.25,25.49,61.45,39.40,0.9059,1,1
45,2,447.64,420.23,74.61,98.15,0.9033,1,1
45,3,438.59,127.52,54.83,48.84,0.8873,1,1
45,4,1149.44,384.30,103.11,78.27,0.8951,1,1
45,5,645.26,845.67,148.52,148.07,0.7887,1,1
45,6,651.47,52.64,51.91,44.10,0.8760,1,1
45,8,445.34,179.05,39.23,28.25,0.7551,1,1
45,9,296.31,244.56,33.79,48.33,0.7768,1,1
45,10,170.80,542.61,21.46,22.44,0.8081,1,1
45,11,684.94,198.26,74.41,86.94,0.5886,1,1
45,12,920.05,131.32,57.35,67.88,0.7717,1,1
45,13,269.19,222.28,57.21,54.98,0.5243,1,1
45,14,106.76,609.91,48.43,39.67,0.6939,1,1
45,15,547.27,324.10,22.82,42.31,0.4027,1,1
45,16,1450.82,0.00,41.81,29.15,0.7451,1,1
45,17,663.11,86.91,37.88,36.29,0.7761,1,1
45,19,712.02,158.77,28.59,21.07,0.5632,1,1
45,20,372.31,314.20,25.33,32.03,0.7292,1,1
45,23,1207.88,571.73,33.99,46.09,0.5128,1,1
45,30,-0.39,710.74,28.82,122.63,0.3963,1,1
45,33,1156.46,540.85,26.68,27.91,0.3592,1,1
45,39,845.40,660.49,132.42,95.01,0.7729,1,1
45,41,998.85,61.43,26.74,26.08,0.4043,1,1
45,67,957.20,75.07,27.45,21.02,0.2710,1,1
45,72,480.16,319.29,42.42,26.62,0.5446,1,1
45,78,948.18,814.19,34.97,39.80,0.4315,1,1
45,79,791.18,951.36,22.74,45.31,0.5572,1,1
46,1,997.17,25.48,61.60,39.41,0.9058,1,1
46,2,447.69,420.20,74.54,98.16,0.9033,1,1
46,3,438.53,127.43,54.94,48.92,0.8873,1,1
46,4,1149.34,384.25,103.29,78.32,0.8951,1,1
46,5,645.44,845.55,148.11,148.21,0.7879,1,1
46,6,651.55,52.64,51.74,44.11,0.8761,1,1
46,8,445.36,178.99,39.08,28.30,0.7530,1,1
46,9,296.45,244.59,33.55,48.08,0.7752,1,1
46,10,170.78,542.63,21.42,22.43,0.8119,1,1
46,11,684.73,198.25,74.48,86.96,0.5891,1,1
46,12,920.43,131.30,56.57,67.84,0.7711,1,1
46,13,269.18,222.32,57.10,54.92,0.5257,1,1
46,14,107.10,610.01,48.04,39.67,0.6908,1,1
46,15,547.49,324.20,22.80,42.27,0.4014,1,1
46,16,1450.71,-0.00,41.97,29.17,0.7453,1,1
46,17,663.21,86.89,37.71,36.34,0.7762,1,1
46,19,711.90,158.77,28.96,21.06,0.5650,1,1
46,20,372.47,314.20,24.88,32.00,0.7185,1,1
46,23,1208.29,571.40,32.99,46.35,0.5023,1,1
46,30,-0.36,710.79,28.61,122.77,0.3976,1,1
46,33,1156.39,540.90,26.93,27.90,0.3737,1,1
46,39,845.35,660.50,132.49,95.02,0.7737,1,1
46,41,998.82,61.72,26.85,25.82,0.4056,1,1
46,67,957.29,75.23,27.20,20.87,0.2690,1,1
46,72,480.27,319.22,42.00,26.43,0.5430,1,1
46,78,946.38,813.77,36.42,40.29,0.4422,1,1
46,79,791.05,951.36,22.86,45.20,0.5667,1,1
47,1,995.97,25.84,62.85,40.56,0.9144,1,1
47,2,448.60,419.47,74.85,97.47,0.9101,1,1
47,3,438.36,126.98,54.66,47.95,0.8868,1,1
47,4,1148.41,383.43,104.19,78.29,0.8913,1,1
47,5,644.21,845.90,149.13,149.54,0.6779,1,1
47,6,651.33,52.55,52.38,45.39,0.8757,1,1
47,8,445.10,177.81,39.85,29.68,0.7867,1,1
47,9,296.00,244.49,33.95,48.58,0.7794,1,1
47,10,170.81,543.10,21.82,22.29,0.8069,1,1
47,11,684.06,197.93,74.85,87.52,0.5965,1,1
47,12,921.00,131.43,56.12,67.52,0.8058,1,1
47,13,267.68,223.07,58.63,56.30,0.5229,1,1
47,14,103.03,610.01,51.12,41.30,0.8099,1,1
47,15,548.44,323.37,22.84,42.30,0.5047,1,1
47,16,1452.60,0.00,41.79,28.51,0.7304,1,1
47,17,662.40,87.80,37.94,36.43,0.7559,1,1
47,20,371.98,314.45,25.47,32.98,0.3107,1,1
47,23,1208.12,567.77,34.04,49.06,0.4789,1,1
47,25,962.28,112.89,17.71,20.70,0.3194,1,1
47,30,-0.96,710.18,29.25,128.12,0.4278,1,1
47,39,845.27,660.53,132.98,95.53,0.7809,1,1
47,41,998.00,61.39,27.17,26.05,0.3295,1,1
47,66,708.87,161.03,31.00,21.64,0.3348,1,1
47,72,478.68,319.65,43.34,27.31,0.7334,1,1
47,78,946.99,816.64,38.63,42.57,0.6510,1,1
47,79,792.80,953.32,22.09,43.48,0.3647,1,1
47,81,82.27,757.85,41.67,45.22,0.5853,1,1
47,82,961.93,861.29,47.48,50.20,0.6897,1,1
48,1,995.36,26.21,63.66,42.29,0.9068,1,1
48,2,449.92,419.14,75.11,96.61,0.8898,1,1
48,3,438.65,126.58,54.01,46.56,0.8897,1,1
48,4,1147.74,382.27,104.67,77.87,0.8828,1,1
48,5,642.05,845.84,150.02,150.73,0.5503,1,1
48,6,651.30,52.46,52.60,46.17,0.8751,1,1
48,8,445.16,175.12,40.01,31.24,0.8190,1,1
48,9,296.05,244.54,33.97,48.62,0.7786,1,1
48,10,170.84,545.00,21.80,21.95,0.7810,1,1
48,11,684.04,197.75,73.14,85.78,0.5949,1,1
48,12,922.86,131.19,58.49,68.22,0.7667,1,1
48,13,268.75,222.53,57.78,55.59,0.5188,1,1
48,14,96.66,606.94,55.16,42.31,0.8417,1,1
48,15,550.17,322.82,23.36,41.15,0.5670,1,1
48,16,1453.30,0.01,41.02,27.70,0.7004,1,1
48,17,661.58,88.57,38.20,36.55,0.7319,1,1
48,20,371.95,314.39,25.10,32.63,0.3062,1,1
48,30,-1.45,707.91,29.08,129.88,0.3481,1,1
48,33,1156.31,540.42,26.86,27.54,0.2598,1,1
48,39,845.49,660.54,133.21,95.78,0.7868,1,1
48,45,63.53,576.45,28.49,39.23,0.3133,1,1
48,72,479.34,319.55,43.06,27.16,0.7220,1,1
48,78,952.19,817.23,35.63,40.84,0.5601,1,1
48,79,793.50,953.15,22.23,43.39,0.5012,1,1
48,81,79.94,752.28,42.23,47.86,0.6712,1,1
48,82,969.13,882.65,52.63,51.99,0.6624,1,1
49,1,994.24,26.88,58.46,42.78,0.8983,1,1
49,2,450.72,418.95,75.53,95.09,0.8943,1,1
49,3,438.00,126.52,54.27,45.85,0.8892,1,1
49,4,1147.16,381.39,104.91,77.95,0.8749,1,1
49,5,641.87,846.31,149.69,150.71,0.4383,1,1
49,6,651.48,52.83,52.71,46.70,0.8704,1,1
49,8,445.17,172.92,39.69,32.06,0.8321,1,1
49,9,295.85,244.24,33.85,48.57,0.7828,1,1
49,10,168.77,544.29,21.75,22.74,0.7926,1,1
49,11,683.20,197.39,73.98,86.94,0.3635,1,1
49,12,922.79,131.30,60.44,68.53,0.7958,1,1
49,13,267.45,223.10,58.75,56.49,0.5387,1,1
49,14,94.25,603.99,54.24,40.90,0.8559,1,1
49,16,1452.80,0.01,40.34,27.60,0.6084,1,1
49,17,660.82,89.10,38.27,36.94,0.7312,1,1
49,20,372.03,314.19,24.72,32.26,0.2730,1,1
49,30,-0.55,711.95,27.63,124.49,0.4443,1,1
49,39,845.73,660.06,132.92,95.50,0.7560,1,1
49,72,480.03,318.64,42.22,27.11,0.6873,1,1
49,78,953.83,818.92,32.98,39.28,0.6634,1,1
49,79,794.32,953.16,22.60,43.34,0.6227,1,1
49,81,75.47,741.00,40.47,49.71,0.7240,1,1
49,83,68.21,441.59,41.65,36.49,0.4877,1,1
50,1,995.03,26.78,57.38,44.55,0.8963,1,1
50,2,451.40,418.72,77.27,96.05,0.8980,1,1
50,3,437.13,125.52,54.75,45.97,0.8934,1,1
50,4,1146.54,381.23,104.81,77.92,0.8800,1,1
50,5,652.17,848.91,144.84,148.06,0.4301,1,1
50,6,651.85,53.01,52.54,46.86,0.8740,1,1
50,8,445.12,171.55,40.09,33.20,0.7884,1,1
50,9,295.89,244.18,33.80,48.69,0.7891,1,1
50,10,169.06,544.16,21.42,22.94,0.7945,1,1
50,11,682.66,197.54,72.94,85.84,0.2676,1,1
50,12,922.55,131.06,61.45,68.42,0.7898,1,1
50,13,267.24,223.34,58.59,56.26,0.5560,1,1
50,14,96.10,599.63,53.50,40.74,0.7944,1,1
50,15,551.04,320.89,23.36,38.18,0.6629,1,1
50,16,1452.93,0.01,39.77,27.48,0.5812,1,1
50,17,661.24,90.47,37.30,36.26,0.7449,1,1
50,30,-1.27,713.75,27.35,126.57,0.4533,1,1
50,39,846.27,660.29,132.61,95.19,0.8295,1,1
50,72,483.07,318.56,40.68,25.96,0.7021,1,1
50,78,954.03,820.78,31.85,38.63,0.6706,1,1
50,79,795.65,953.29,22.21,41.96,0.4965,1,1
50,81,73.80,736.73,37.74,48.47,0.6613,1,1
50,83,67.65,440.01,40.84,35.89,0.4567,1,1
51,1,994.82,26.79,54.95,44.11,0.8927,1,1
51,2,451.46,419.39,76.02,94.13,0.9035,1,1
51,3,436.54,125.09,54.46,45.02,0.8962,1,1
51,4,1146.16,380.89,104.46,77.31,0.8706,1,1
51,5,652.42,850.03,143.87,148.60,0.3497,1,1
51,6,652.09,53.20,52.25,46.61,0.8748,1,1
51,8,444.69,170.26,40.40,35.10,0.8152,1,1
51,9,295.74,244.45,33.79,48.71,0.7779,1,1
51,10,169.35,544.12,21.25,23.17,0.8064,1,1
51,11,682.98,197.85,72.50,85.26,0.4057,1,1
51,12,920.42,129.66,64.02,71.73,0.7682,1,1
51,13,267.19,223.26,58.78,56.43,0.5394,1,1
51,14,95.23,594.17,44.84,34.95,0.4913,1,1
51,15,549.39,319.57,23.05,36.67,0.6755,1,1
51,16,1453.22,0.00,39.98,27.92,0.6036,1,1
51,17,661.62,91.25,36.54,35.54,0.7548,1,1
51,20,372.16,313.76,24.52,32.13,0.2647,1,1
51,39,844.92,660.03,134.05,97.23,0.7893,1,1
51,66,710.08,161.38,30.40,21.06,0.4137,1,1
51,72,486.23,317.14,39.16,24.73,0.7074,1,1
51,78,953.97,821.12,32.63,39.92,0.4565,1,1
51,79,795.91,954.34,23.30,43.52,0.6456,1,1
51,81,70.27,735.40,36.49,47.30,0.4692,1,1
51,83,68.88,442.23,37.28,32.92,0.4830,1,1
51,85,55.96,375.76,52.59,71.44,0.5221,1,1
51,86,1200.95,540.53,47.94,36.38,0.4942,1,1
52,1,995.19,26.78,54.17,44.12,0.8927,1,1
52,2,451.42,419.42,76.12,94.16,0.9039,1,1
52,3,436.40,125.13,54.74,44.96,0.8960,1,1
52,4,1146.05,380.88,104.66,77.29,0.8709,1,1
52,5,652.44,850.26,142.74,148.81,0.3433,1,1
52,6,652.10,53.20,52.21,46.65,0.8750,1,1
52,8,445.21,170.21,39.36,35.16,0.8153,1,1
52,9,295.75,244.52,33.76,48.72,0.7785,1,1
52,10,169.45,544.13,21.04,23.20,0.8061,1,1
52,11,683.01,197.89,72.43,85.11,0.4092,1,1
52,12,920.44,129.59,63.82,71.87,0.7676,1,1
52,13,267.15,223.27,58.77,56.40,0.5363,1,1
52,14,95.46,593.11,42.48,34.12,0.4975,1,1
52,15,549.04,319.42,23.28,36.53,0.6687,1,1
52,16,1453.39,-0.00,39.70,27.97,0.6021,1,1
52,17,661.65,91.28,36.48,35.49,0.7546,1,1
52,20,372.19,313.65,24.40,32.12,0.2836,1,1
52,39,845.30,660.00,133.22,97.31,0.7903,1,1
52,66,710.06,161.34,30.49,21.00,0.4084,1,1
52,72,486.32,317.03,39.29,24.64,0.7041,1,1
52,78,954.00,821.13,32.59,40.23,0.4742,1,1
52,79,795.90,954.57,23.51,43.52,0.6380,1,1
52,81,69.84,735.43,35.91,47.00,0.4714,1,1
52,83,69.13,442.60,36.60,32.45,0.4788,1,1
52,85,55.89,375.52,52.63,71.74,0.5175,1,1
52,86,1200.74,540.13,48.40,36.37,0.4844,1,1
52,87,1210.05,565.19,43.52,46.97,0.3609,1,1
52,89,628.79,411.24,28.59,30.52,0.5518,1,1
53,1,995.57,26.92,53.22,43.91,0.8856,1,1
53,2,451.71,419.65,76.64,94.23,0.9063,1,1
53,3,434.28,123.99,56.71,45.56,0.9019,1,1
53,4,1146.51,380.99,104.42,76.54,0.8685,1,1
53,5,653.96,851.17,141.05,149.24,0.4639,1,1
53,6,652.26,53.23,52.02,46.64,0.8767,1,1
53,8,445.36,169.94,39.39,35.65,0.8237,1,1
53,9,295.89,244.56,33.74,48.62,0.7788,1,1
53,10,169.19,543.19,21.30,24.01,0.8216,1,1
53,11,682.12,198.40,70.91,82.66,0.4113,1,1
53,12,922.53,131.15,61.90,68.61,0.7733,1,1
53,13,267.09,223.26,58.79,56.42,0.5526,1,1
53,14,87.69,579.65,43.76,34.48,0.7807,1,1
53,15,548.55,316.37,23.66,37.29,0.8113,1,1
53,16,1452.88,0.00,39.87,28.40,0.6098,1,1
53,17,661.63,90.93,37.02,36.33,0.7544,1,1
53,39,845.41,659.97,132.29,97.16,0.7936,1,1
53,72,490.61,315.49,38.72,25.50,0.8088,1,1
53,78,951.06,821.04,33.62,40.83,0.5631,1,1
53,79,795.79,954.15,23.83,44.08,0.5304,1,1
53,83,70.63,439.82,35.33,31.21,0.7904,1,1
53,85,55.90,375.22,51.44,70.06,0.5190,1,1
53,86,1198.66,539.08,56.65,42.67,0.5002,1,1
53,87,1211.66,563.53,43.91,44.94,0.6673,1,1
53,89,621.47,414.01,30.69,31.65,0.6264,1,1
54,1,996.40,28.10,51.95,42.83,0.8903,1,1
54,2,451.87,419.51,77.91,94.34,0.9000,1,1
54,3,433.41,123.61,56.92,45.30,0.9074,1,1
54,4,1146.30,381.13,104.48,76.03,0.8666,1,1
54,5,655.34,851.74,139.45,149.08,0.4124,1,1
54,6,652.10,53.30,52.03,46.31,0.8781,1,1
54,8,445.21,169.13,39.58,35.98,0.8007,1,1
54,9,295.61,244.23,33.73,48.59,0.7754,1,1
54,10,169.68,544.19,20.58,23.34,0.8163,1,1
54,11,681.73,198.54,70.46,80.95,0.5801,1,1
54,12,922.55,131.12,61.76,67.93,0.7553,1,1
54,13,266.85,223.32,58.84,56.53,0.5273,1,1
54,14,91.31,575.79,36.11,28.34,0.7580,1,1
54,16,1452.17,0.01,39.42,28.51,0.6263,1,1
54,17,662.12,90.92,36.64,36.11,0.7428,1,1
54,20,372.76,313.79,24.07,31.85,0.2934,1,1
54,39,845.67,659.39,131.73,96.75,0.8053,1,1
54,65,547.90,306.34,25.85,42.24,0.8056,1,1
54,72,495.70,314.10,37.52,24.82,0.7712,1,1
54,78,943.44,819.09,37.94,41.66,0.6986,1,1
54,79,795.66,953.07,23.89,44.02,0.5137,1,1
54,83,70.52,438.62,35.03,30.19,0.8171,1,1
54,85,53.33,368.89,54.60,75.27,0.6144,1,1
54,86,1197.18,539.01,61.41,46.93,0.5119,1,1
54,87,1208.32,556.54,50.58,51.92,0.6534,1,1
54,89,627.35,413.02,29.45,30.02,0.3141,1,1
55,1,996.25,28.15,51.84,44.15,0.8861,1,1
55,2,451.93,419.25,79.04,94.61,0.8979,1,1
55,3,432.79,122.31,57.39,45.89,0.9063,1,1
55,4,1146.84,381.11,103.44,74.25,0.8692,1,1
55,5,657.91,852.11,136.32,147.08,0.4539,1,1
55,6,651.72,53.21,52.26,46.62,0.8819,1,1
55,8,444.75,165.90,40.38,36.69,0.7972,1,1
55,9,295.45,243.92,33.69,48.70,0.7770,1,1
55,10,169.96,543.31,19.99,23.03,0.8211,1,1
55,11,681.69,198.73,70.73,80.91,0.4777,1,1
55,12,922.52,131.21,62.56,68.46,0.7519,1,1
55,13,268.03,222.54,58.24,56.17,0.5143,1,1
55,16,1451.92,0.00,38.68,28.30,0.5778,1,1
55,17,662.35,92.28,35.20,34.05,0.7487,1,1
55,20,373.33,313.80,23.87,31.80,0.5697,1,1
55,39,845.48,659.64,131.70,97.22,0.8097,1,1
55,65,548.28,304.12,24.58,41.50,0.7920,1,1
55,72,495.48,312.65,38.70,25.94,0.7478,1,1
55,78,940.93,819.05,38.65,40.12,0.5964,1,1
55,79,795.46,953.56,24.17,44.30,0.6330,1,1
55,83,69.87,430.31,36.93,32.43,0.7638,1,1
55,85,57.33,368.25,47.60,65.00,0.3473,1,1
55,86,1199.94,539.56,59.93,45.63,0.6058,1,1
55,87,1206.75,551.98,54.00,55.26,0.5604,1,1
55,89,629.45,413.00,29.48,29.51,0.3077,1,1
55,90,967.21,973.50,52.99,78.07,0.4655,1,1
56,1,996.75,28.23,52.04,45.64,0.8687,1,1
56,2,451.90,419.36,79.43,93.93,0.8985,1,1
56,3,432.42,121.53,57.15,46.09,0.9058,1,1
56,4,1146.38,380.65,104.20,74.55,0.8674,1,1
56,5,658.56,853.10,136.05,147.84,0.3668,1,1
56,6,651.68,53.47,51.90,46.49,0.8805,1,1
56,8,444.52,165.10,40.87,37.57,0.7419,1,1
56,9,295.63,244.04,33.75,49.22,0.7762,1,1
56,10,170.08,542.51,19.88,23.38,0.7745,1,1
56,11,683.74,199.03,71.39,81.53,0.5217,1,1
56,12,922.61,131.41,62.66,68.41,0.7771,1,1
56,13,268.29,222.49,57.98,56.18,0.5134,1,1
56,16,1451.68,0.01,38.43,28.59,0.5986,1,1
56,17,662.24,92.51,35.23,33.68,0.7460,1,1
56,20,373.08,313.59,24.08,31.74,0.5831,1,1
56,39,846.16,659.99,131.15,96.86,0.7121,1,1
56,65,547.51,301.63,24.62,39.91,0.8047,1,1
56,66,702.40,158.70,31.38,21.80,0.4285,1,1
56,72,498.91,311.93,40.47,27.02,0.7180,1,1
56,78,935.06,815.87,42.51,43.61,0.2693,1,1
56,79,795.14,952.77,23.79,42.95,0.5536,1,1
56,83,68.12,425.11,38.72,35.69,0.7946,1,1
56,87,1205.88,546.73,57.46,58.26,0.6579,1,1
56,90,970.32,981.68,41.86,62.77,0.6778,1,1
57,1,998.76,29.67,50.31,45.08,0.7346,1,1
57,2,451.69,419.62,79.49,93.61,0.8963,1,1
57,3,432.09,121.07,56.69,46.22,0.9013,1,1
57,4,1146.31,380.55,104.52,74.96,0.8663,1,1
57,5,659.25,853.60,135.52,149.10,0.5645,1,1
57,6,651.47,53.40,51.70,46.83,0.8817,1,1
57,8,444.95,165.69,39.63,36.45,0.7460,1,1
57,9,295.76,244.40,33.24,48.58,0.7718,1,1
57,10,170.55,541.58,20.15,23.63,0.6592,1,1
57,11,684.56,198.82,72.03,82.33,0.3620,1,1
57,12,922.15,131.46,62.23,68.39,0.7932,1,1
57,13,268.40,222.43,57.76,56.26,0.5198,1,1
57,15,546.05,299.46,25.12,38.88,0.6368,1,1
57,16,1452.23,0.00,37.90,28.46,0.6393,1,1
57,17,661.99,92.88,35.41,33.63,0.7362,1,1
57,39,846.10,660.49,131.29,96.73,0.8157,1,1
57,66,701.29,159.08,31.76,22.04,0.4923,1,1
57,72,502.23,312.26,39.92,27.12,0.7012,1,1
57,79,794.63,952.68,24.00,42.39,0.6573,1,1
57,83,67.33,418.69,40.23,38.28,0.6985,1,1
57,85,58.23,362.67,46.76,63.32,0.4341,1,1
57,87,1203.93,547.40,58.59,57.02,0.8177,1,1
57,90,971.07,986.18,37.99,54.45,0.6507,1,1
57,92,962.25,84.36,26.43,22.11,0.3998,1,1
57,94,62.45,382.35,43.47,69.24,0.3871,1,1
58,1,999.47,29.89,49.09,44.94,0.7354,1,1
58,2,451.61,419.59,79.64,93.66,0.8965,1,1
58,3,432.23,121.11,56.41,46.17,0.9014,1,1
58,4,1146.35,380.53,104.41,74.97,0.8662,1,1
58,5,659.79,853.61,134.52,149.35,0.5706,1,1
58,6,651.60,53.42,51.42,46.73,0.8813,1,1
58,8,445.00,165.77,39.52,36.35,0.7452,1,1
58,9,295.76,244.42,33.17,48.55,0.7714,1,1
58,10,170.56,541.49,20.22,23.65,0.6577,1,1
58,11,684.76,198.75,72.18,82.55,0.3493,1,1
58,12,922.25,131.45,62.00,68.40,0.7930,1,1
58,13,268.45,222.38,57.56,56.30,0.5217,1,1
58,15,545.83,299.00,25.44,38.94,0.6382,1,1
58,16,1452.38,-0.01,37.64,28.45,0.6408,1,1
58,17,661.87,92.80,35.65,33.72,0.7364,1,1
58,39,846.03,660.51,131.44,96.73,0.8154,1,1
58,66,701.11,159.18,31.81,22.05,0.4882,1,1
58,72,502.72,312.28,39.40,27.13,0.7015,1,1
58,79,794.44,952.65,24.34,42.36,0.6558,1,1
58,83,67.78,418.21,39.32,38.47,0.6995,1,1
58,85,58.14,362.08,47.06,63.32,0.4285,1,1
58,87,1203.47,547.38,59.43,57.00,0.8174,1,1
58,90,970.55,986.42,38.94,53.92,0.6522,1,1
58,92,962.17,84.13,26.30,21.73,0.3996,1,1
58,94,62.69,383.26,43.36,68.51,0.3873,1,1
58,95,95.74,545.75,43.67,32.96,0.4673,1,1
59,1,999.74,31.94,46.35,42.63,0.5173,1,1
59,2,451.40,419.09,79.40,94.11,0.8974,1,1
59,3,431.58,120.38,57.27,47.30,0.8882,1,1
59,4,1146.70,380.77,104.27,74.99,0.8677,1,1
59,5,658.32,852.43,136.52,152.20,0.4928,1,1
59,6,651.50,53.68,51.20,46.67,0.8787,1,1
59,8,444.96,165.69,38.65,35.33,0.7462,1,1
59,9,295.78,244.38,33.06,48.44,0.7724,1,1
59,10,171.98,542.42,20.45,23.75,0.5693,1,1
59,11,685.79,199.06,72.15,82.34,0.4575,1,1
59,12,920.26,131.29,59.89,68.97,0.7976,1,1
59,13,268.51,222.37,57.34,56.22,0.5231,1,1
59,15,545.54,298.44,25.40,38.68,0.5485,1,1
59,16,1452.36,0.00,37.85,28.85,0.6424,1,1
59,17,662.01,93.04,35.56,33.59,0.7270,1,1
59,39,846.40,660.64,131.16,95.52,0.8274,1,1
59,66,699.53,159.84,32.11,22.75,0.6056,1,1
59,72,503.39,311.82,38.34,27.40,0.7020,1,1
59,79,793.98,952.74,25.22,43.96,0.6365,1,1
59,83,68.50,420.39,36.86,35.88,0.8443,1,1
59,85,56.59,358.54,50.03,67.62,0.7211,1,1
59,87,1204.48,552.61,57.42,53.02,0.8152,1,1
59,90,971.12,989.00,36.34,48.51,0.5794,1,1
59,92,964.92,82.90,25.14,20.07,0.4782,1,1
59,95,91.90,543.69,39.79,30.25,0.4086,1,1
60,1,1001.83,32.97,45.50,41.77,0.5467,1,1
60,2,451.66,419.36,79.08,93.60,0.8970,1,1
60,3,431.63,119.97,56.65,47.43,0.8960,1,1
60,4,1147.20,381.23,103.88,74.72,0.8650,1,1
60,5,659.05,857.73,133.21,147.35,0.5343,1,1
60,6,651.43,53.68,51.09,46.66,0.8795,1,1
60,8,445.02,165.22,38.12,34.53,0.7021,1,1
60,9,295.67,244.53,33.28,48.67,0.7771,1,1
60,10,172.04,540.59,21.51,25.43,0.7029,1,1
60,11,686.92,199.11,71.82,82.03,0.5004,1,1
60,12,920.30,131.67,58.07,69.12,0.7861,1,1
60,13,268.57,222.31,57.33,56.31,0.5191,1,1
60,15,544.33,296.87,25.92,39.68,0.5893,1,1
60,16,1452.45,0.00,37.76,29.00,0.6443,1,1
60,17,661.99,93.24,35.38,33.44,0.7092,1,1
60,39,846.63,660.86,130.69,94.19,0.7911,1,1
60,66,699.25,161.30,30.36,22.22,0.7336,1,1
60,72,505.48,311.73,36.64,26.82,0.6234,1,1
60,79,794.19,952.89,25.10,43.78,0.6342,1,1
60,83,69.32,421.34,35.42,33.58,0.8700,1,1
60,85,54.76,355.51,53.43,73.15,0.4661,1,1
60,87,1204.82,549.94,61.94,56.23,0.8231,1,1
60,90,968.40,990.20,38.71,50.90,0.4054,1,1
60,92,965.46,82.28,24.50,19.07,0.2905,1,1
61,1,999.38,28.89,51.35,46.88,0.6225,1,1
61,2,451.32,420.14,78.27,91.99,0.8890,1,1
61,3,431.85,119.57,56.01,46.67,0.9034,1,1
61,4,1146.51,381.34,105.76,77.08,0.8709,1,1
61,5,657.18,859.51,135.05,148.39,0.4533,1,1
61,6,651.59,53.74,50.74,46.15,0.8805,1,1
61,8,443.66,162.36,39.83,36.85,0.7847,1,1
61,9,295.29,245.40,32.65,46.90,0.7679,1,1
61,10,174.02,540.21,23.36,25.86,0.7055,1,1
61,11,689.05,200.72,70.44,80.49,0.2825,1,1
61,12,920.01,131.73,57.02,70.53,0.7814,1,1
61,13,269.00,224.03,57.76,56.42,0.6138,1,1
61,15,546.61,298.29,24.66,37.75,0.3563,1,1
61,16,1452.55,0.00,37.91,29.31,0.6476,1,1
61,17,663.29,94.78,33.18,31.36,0.6617,1,1
61,39,845.71,660.62,133.40,96.44,0.5297,1,1
61,66,698.70,161.34,28.73,21.06,0.4058,1,1
61,72,512.14,315.06,33.41,24.55,0.4079,1,1
61,79,793.24,952.21,26.84,47.27,0.4057,1,1
61,83,69.84,421.30,34.31,31.25,0.8590,1,1
61,87,1208.58,552.10,62.40,54.83,0.7650,1,1
61,90,966.54,991.60,38.96,49.96,0.6140,1,1
61,92,962.63,79.79,26.94,20.84,0.4331,1,1
62,1,998.81,28.87,52.14,47.54,0.6504,1,1
62,2,450.41,420.76,78.79,91.37,0.8888,1,1
62,3,431.83,119.12,55.81,46.32,0.9006,1,1
62,4,1146.52,382.46,105.30,76.78,0.8822,1,1
62,5,655.82,860.37,137.04,150.03,0.3357,1,1
62,6,651.59,53.66,50.89,46.28,0.8827,1,1
62,8,443.54,161.76,39.51,36.68,0.7677,1,1
62,9,294.89,244.53,33.36,47.30,0.7846,1,1
62,10,176.04,537.63,26.65,27.97,0.5984,1,1
62,11,689.39,200.71,70.13,80.20,0.5092,1,1
62,12,921.26,132.65,56.67,69.96,0.7642,1,1
62,13,269.07,222.97,57.28,55.31,0.6348,1,1
62,15,548.29,299.53,24.47,36.93,0.5782,1,1
62,16,1452.58,0.00,37.90,29.47,0.6517,1,1
62,17,663.19,94.74,33.46,31.69,0.6898,1,1
62,39,845.66,660.55,133.11,96.51,0.5372,1,1
62,66,697.79,161.12,29.27,21.62,0.5044,1,1
62,72,514.69,315.60,34.12,25.00,0.2735,1,1
62,79,794.57,952.74,27.25,48.60,0.5101,1,1
62,83,70.05,419.33,34.48,31.12,0.8532,1,1
62,87,1207.18,547.82,68.36,59.35,0.7508,1,1
62,90,966.32,991.44,39.80,49.83,0.6326,1,1
62,92,961.48,79.09,27.63,21.31,0.4143,1,1
62,100,64.89,403.05,39.00,28.26,0.2776,1,1
63,1,1000.17,28.33,51.30,48.74,0.7459,1,1
63,2,449.59,421.18,79.26,91.41,0.8801,1,1
63,3,431.99,118.76,56.40,46.69,0.8996,1,1
63,4,1147.37,383.12,105.21,77.18,0.8925,1,1
63,5,655.31,861.04,138.16,150.89,0.2950,1,1
63,6,651.47,53.72,50.97,46.53,0.8806,1,1
63,8,444.77,162.53,38.89,36.03,0.7671,1,1
63,9,295.06,244.55,33.66,46.83,0.7916,1,1
63,10,175.52,536.33,27.87,29.08,0.5878,1,1
63,11,690.72,200.69,70.53,79.80,0.5813,1,1
63,12,920.60,133.48,56.23,69.42,0.6963,1,1
63,13,268.85,222.50,58.14,55.72,0.6785,1,1
63,15,548.98,299.29,24.94,37.32,0.7012,1,1
63,16,1452.72,0.01,37.93,29.53,0.6505,1,1
63,17,663.01,94.00,33.81,32.05,0.7079,1,1
63,39,845.07,660.09,133.11,97.13,0.5822,1,1
63,66,696.61,162.19,30.70,22.87,0.4142,1,1
63,72,510.20,311.91,35.73,26.77,0.4946,1,1
63,79,795.47,952.81,26.64,47.88,0.5305,1,1
63,83,68.93,415.29,36.00,33.90,0.8425,1,1
63,87,1217.43,549.92,59.49,50.95,0.4370,1,1
63,90,961.98,988.22,47.17,59.53,0.4244,1,1
63,92,960.84,79.03,27.66,21.09,0.4753,1,1
64,1,1000.77,28.28,50.17,48.82,0.7463,1,1
64,2,449.48,421.18,79.46,91.39,0.8800,1,1
64,3,431.98,118.73,56.48,46.69,0.8994,1,1
64,4,1147.32,383.14,105.06,77.15,0.8918,1,1
64,5,655.27,861.15,138.45,150.83,0.3200,1,1
64,6,651.49,53.75,50.88,46.53,0.8804,1,1
64,8,444.81,162.54,38.92,36.01,0.7672,1,1
64,9,294.86,244.51,34.09,46.91,0.7925,1,1
64,10,175.38,536.16,28.16,29.22,0.5855,1,1
64,11,690.65,200.69,70.99,79.75,0.5814,1,1
64,12,920.54,133.54,56.21,69.39,0.6963,1,1
64,13,268.81,222.36,58.40,55.68,0.6845,1,1
64,15,548.96,299.26,25.08,37.35,0.7019,1,1
64,16,1452.74,-0.01,37.89,29.53,0.6508,1,1
64,17,663.00,93.96,33.79,32.06,0.7085,1,1
64,39,845.29,660.00,132.48,97.23,0.5860,1,1
64,66,696.38,162.34,30.84,23.16,0.4009,1,1
64,72,509.81,311.33,35.38,27.03,0.4943,1,1
64,79,795.66,952.82,26.40,47.78,0.5349,1,1
64,83,69.33,415.22,35.17,33.94,0.8430,1,1
64,87,1219.62,550.20,57.92,48.83,0.4565,1,1
64,90,961.16,987.43,48.52,61.72,0.4238,1,1
64,92,960.59,79.02,27.89,21.07,0.4779,1,1
64,103,628.85,416.39,38.14,28.01,0.4236,1,1
64,104,55.13,355.69,49.67,65.69,0.4581,1,1
65,1,1001.62,28.84,49.32,48.78,0.7462,1,1
65,2,449.38,422.24,79.07,89.77,0.8820,1,1
65,3,432.93,118.35,56.72,46.07,0.8954,1,1
65,4,1147.40,383.17,105.52,78.66,0.8968,1,1
65,5,655.55,863.35,137.32,149.03,0.3975,1,1
65,6,651.52,53.64,51.04,46.55,0.8830,1,1
65,8,445.09,161.80,39.70,37.26,0.7737,1,1
65,9,295.68,244.64,33.87,46.12,0.7948,1,1
65,10,175.05,535.31,28.53,29.54,0.4930,1,1
65,11,691.27,200.45,71.67,79.58,0.5202,1,1
65,12,920.10,133.40,56.44,69.88,0.6427,1,1
65,13,268.98,223.91,59.32,56.49,0.6761,1,1
65,15,550.14,298.38,24.94,38.10,0.7862,1,1
65,16,1452.83,0.00,37.80,29.45,0.6320,1,1
65,17,663.26,93.95,33.71,32.04,0.7177,1,1
65,39,844.86,659.19,134.28,99.09,0.5880,1,1
65,66,696.65,164.07,30.52,22.88,0.4053,1,1
65,72,507.09,310.05,34.61,26.65,0.7183,1,1
65,79,795.66,953.17,26.69,48.60,0.6445,1,1
65,83,69.52,412.51,34.53,33.26,0.8081,1,1
65,90,967.67,981.75,43.14,52.10,0.7460,1,1
65,92,960.05,78.81,27.50,20.60,0.4853,1,1
65,103,627.95,415.78,39.48,28.88,0.4177,1,1
65,104,54.43,351.00,51.38,68.44,0.4871,1,1
65,105,1200.51,585.83,60.21,43.15,0.8077,1,1
66,1,1002.78,29.50,48.26,47.98,0.6785,1,1
66,2,448.52,421.99,79.56,90.60,0.8840,1,1
66,3,433.47,117.32,57.04,46.10,0.8983,1,1
66,4,1149.02,384.13,104.57,79.19,0.8960,1,1
66,5,656.01,864.70,135.13,145.74,0.3527,1,1
66,6,651.45,53.86,51.18,46.58,0.8819,1,1
66,8,445.66,160.93,39.60,38.05,0.7984,1,1
66,9,295.61,244.48,34.00,46.10,0.8038,1,1
66,10,175.39,534.01,29.43,30.38,0.6139,1,1
66,11,691.74,201.06,71.56,77.64,0.6026,1,1
66,12,920.58,134.09,58.61,71.66,0.7223,1,1
66,13,268.78,224.38,59.45,56.51,0.7090,1,1
66,15,551.17,297.44,23.90,37.35,0.8496,1,1
66,16,1453.10,-0.00,37.87,29.31,0.6431,1,1
66,17,662.95,93.78,33.83,32.23,0.7260,1,1
66,39,845.20,658.27,134.75,99.51,0.2682,1,1
66,72,503.12,307.77,37.59,29.09,0.7637,1,1
66,79,796.00,956.26,26.79,49.23,0.6402,1,1
66,83,67.94,407.02,37.99,37.42,0.8264,1,1
66,85,60.86,346.96,47.01,59.99,0.6640,1,1
66,90,973.42,975.06,41.14,47.74,0.7159,1,1
66,92,959.60,78.90,28.29,21.13,0.4537,1,1
66,103,626.83,411.72,43.84,33.26,0.5450,1,1
66,105,1200.94,595.96,57.43,39.03,0.6766,1,1
67,1,1003.22,29.50,47.64,47.66,0.6865,1,1
67,2,448.26,422.01,79.41,90.72,0.8832,1,1
67,3,434.58,117.09,57.02,45.81,0.8933,1,1
67,4,1149.72,384.87,104.72,79.73,0.8929,1,1
67,5,658.71,865.33,129.80,138.42,0.3098,1,1
67,6,651.42,53.74,51.34,46.82,0.8851,1,1
67,8,446.51,161.06,38.76,37.98,0.8115,1,1
67,9,295.97,244.78,33.87,46.31,0.8132,1,1
67,10,176.18,532.28,30.65,31.43,0.5286,1,1
67,11,688.93,202.94,75.85,73.75,0.7685,1,1
67,12,919.15,134.26,60.39,74.36,0.7034,1,1
67,13,268.50,223.90,59.98,57.27,0.7233,1,1
67,15,551.41,296.06,24.07,38.01,0.8115,1,1
67,16,1453.50,-0.01,38.21,29.18,0.6417,1,1
67,17,662.51,94.57,33.62,31.91,0.7261,1,1
67,39,846.06,657.99,134.53,99.65,0.3342,1,1
67,72,498.39,308.22,36.55,28.81,0.7180,1,1
67,79,796.58,956.07,26.11,48.03,0.3969,1,1
67,83,69.01,407.09,36.63,35.93,0.8117,1,1
67,85,61.03,345.23,47.29,59.05,0.5389,1,1
67,90,977.77,963.85,41.48,46.98,0.4367,1,1
67,92,958.53,78.64,28.22,21.18,0.3879,1,1
67,103,626.73,411.42,41.51,31.84,0.4445,1,1
67,105,1200.55,603.51,56.31,37.72,0.4815,1,1
68,1,1003.57,30.21,46.57,45.73,0.6605,1,1
68,2,447.70,422.70,78.73,90.54,0.8805,1,1
68,3,435.33,116.80,56.93,45.77,0.8885,1,1
68,4,1148.60,384.58,107.09,81.05,0.8942,1,1
68,6,651.64,53.56,51.21,46.67,0.8865,1,1
68,8,446.85,160.72,38.80,38.19,0.8047,1,1
68,9,295.79,245.02,33.48,46.28,0.8078,1,1
68,10,177.30,530.36,32.49,32.89,0.5632,1,1
68,11,687.45,204.48,79.47,70.05,0.8267,1,1
68,12,919.66,134.74,58.93,72.58,0.7088,1,1
68,13,268.03,222.93,60.09,57.73,0.7740,1,1
68,15,551.55,294.87,23.71,38.10,0.7479,1,1
68,16,1454.31,-0.01,37.93,28.59,0.6344,1,1
68,17,662.05,94.71,34.08,32.07,0.7588,1,1
68,39,846.49,658.49,134.92,100.51,0.5364,1,1
68,72,490.05,309.22,36.98,32.42,0.7777,1,1
68,79,797.76,956.43,25.40,46.86,0.4176,1,1
68,83,70.05,403.90,36.83,36.39,0.8373,1,1
68,85,58.53,343.76,52.92,66.92,0.6875,1,1
68,92,957.80,79.07,28.41,21.30,0.3209,1,1
68,103,625.10,406.21,47.70,37.01,0.4410,1,1
68,105,1195.93,609.83,56.94,37.55,0.4391,1,1
68,107,1217.34,551.86,45.89,58.26,0.7622,1,1
68,109,847.16,658.37,133.71,99.70,0.4307,1,1
69,1,1003.70,29.68,47.49,46.17,0.5807,1,1
69,2,447.05,422.38,78.55,90.32,0.8788,1,1
69,3,435.22,116.73,57.24,46.50,0.8921,1,1
69,4,1151.62,387.69,106.05,80.51,0.9028,1,1
69,6,651.83,53.50,51.23,46.70,0.8881,1,1
69,8,447.32,161.10,38.21,37.67,0.7965,1,1
69,9,296.06,245.98,32.54,44.96,0.8065,1,1
69,10,179.55,532.00,32.79,31.67,0.6323,1,1
69,11,685.91,205.09,83.88,68.01,0.8601,1,1
69,12,918.69,135.24,59.41,73.84,0.6709,1,1
69,13,267.85,221.52,59.24,56.59,0.7970,1,1
69,15,551.49,293.62,22.78,37.26,0.7312,1,1
69,16,1454.11,-0.00,38.38,28.41,0.6182,1,1
69,17,662.30,95.14,34.14,32.17,0.7283,1,1
69,39,847.56,658.63,133.83,99.90,0.4987,1,1
69,66,697.58,159.09,31.39,22.97,0.4645,1,1
69,72,487.87,314.96,35.85,34.58,0.8008,1,1
69,79,797.72,956.23,25.33,47.15,0.5339,1,1
69,83,70.77,404.82,35.99,34.88,0.8091,1,1
69,103,626.10,401.06,50.16,40.61,0.5874,1,1
69,104,58.54,343.73,53.60,72.47,0.7047,1,1
69,107,1216.32,549.04,40.45,56.76,0.8344,1,1
69,109,848.48,658.38,132.70,99.00,0.4351,1,1
69,112,713.76,1039.05,60.88,39.66,0.6957,1,1
70,1,1003.48,29.61,48.01,46.30,0.5689,1,1
70,2,447.10,422.32,78.52,90.25,0.8788,1,1
70,3,435.30,116.73,57.02,46.52,0.8923,1,1
70,4,1151.69,387.75,105.94,80.53,0.9029,1,1
70,6,651.80,53.49,51.25,46.79,0.8892,1,1
70,8,447.41,161.23,38.10,37.55,0.7949,1,1
70,9,296.15,245.70,32.55,45.18,0.8061,1,1
70,10,179.38,532.24,33.75,31.52,0.6377,1,1
70,11,684.64,205.09,86.44,67.98,0.8602,1,1
70,12,918.79,135.28,59.11,74.00,0.6733,1,1
70,13,267.69,221.61,59.20,56.43,0.7984,1,1
70,15,551.61,293.55,22.44,37.22,0.7307,1,1
70,16,1453.85,-0.01,38.89,28.38,0.6179,1,1
70,17,662.43,95.36,33.97,31.99,0.7331,1,1
70,39,847.85,658.71,133.43,99.74,0.4797,1,1
70,66,697.39,158.81,31.91,22.98,0.4621,1,1
70,72,488.74,315.20,33.98,34.63,0.8026,1,1
70,79,797.78,956.21,25.16,47.19,0.5282,1,1
70,83,70.62,404.86,36.34,34.79,0.8096,1,1
70,103,626.94,400.39,49.12,41.09,0.5875,1,1
70,104,58.73,343.62,53.40,72.70,0.6962,1,1
70,107,1217.22,548.98,38.52,56.70,0.8340,1,1
70,109,848.74,658.47,132.37,98.80,0.4174,1,1
70,112,713.13,1038.99,61.92,39.72,0.6954,1,1
71,1,1003.85,28.58,49.15,47.45,0.2542,1,1
71,2,445.85,422.26,79.31,90.56,0.8772,1,1
71,3,435.59,116.79,56.71,46.62,0.8911,1,1
71,4,1152.02,390.40,106.24,79.65,0.8951,1,1
71,6,651.56,53.45,52.03,47.59,0.8942,1,1
71,8,447.34,160.88,38.27,37.75,0.7979,1,1
71,9,296.67,245.54,32.38,45.34,0.8015,1,1
71,10,179.37,530.46,34.28,31.03,0.7133,1,1
71,11,686.80,205.97,85.27,65.00,0.8591,1,1
71,12,918.20,134.60,60.14,76.10,0.6849,1,1
71,13,267.37,221.80,59.41,56.49,0.8012,1,1
71,15,550.31,294.29,22.85,37.52,0.7649,1,1
71,16,1451.95,-0.00,40.81,29.70,0.6625,1,1
71,17,662.01,95.95,34.19,32.08,0.7324,1,1
71,19,698.67,153.35,29.45,23.79,0.6415,1,1
71,39,847.74,659.27,132.86,99.47,0.5981,1,1
71,72,491.50,320.92,30.89,28.98,0.8071,1,1
71,79,797.19,955.39,25.33,47.95,0.4701,1,1
71,83,70.55,406.54,36.80,34.15,0.7926,1,1
71,103,629.93,399.83,41.71,34.68,0.6659,1,1
71,104,60.89,343.84,52.27,69.99,0.7551,1,1
71,107,1215.71,547.53,36.69,55.07,0.8457,1,1
71,109,848.68,659.07,131.59,98.24,0.4555,1,1
71,112,712.27,1038.62,62.89,39.89,0.8161,1,1
72,1,1003.35,28.86,49.64,47.38,0.6247,1,1
72,2,444.96,422.66,79.33,90.83,0.8821,1,1
72,3,435.77,116.85,56.46,46.41,0.8921,1,1
72,4,1152.43,392.45,107.43,81.10,0.8974,1,1
72,6,651.64,53.36,52.17,47.72,0.8949,1,1
72,8,447.41,161.23,38.16,37.48,0.7713,1,1
72,9,296.91,245.67,32.12,45.17,0.8008,1,1
72,10,180.20,528.07,34.32,31.09,0.7003,1,1
72,11,687.99,205.93,86.46,64.32,0.8395,1,1
72,12,918.98,134.52,55.20,70.25,0.6779,1,1
72,13,267.07,221.49,59.60,56.75,0.8164,1,1
72,15,548.05,295.71,23.38,36.17,0.8154,1,1
72,16,1451.85,-0.01,41.32,29.93,0.6844,1,1
72,17,661.54,96.31,34.27,31.97,0.7276,1,1
72,19,695.84,151.61,26.96,22.36,0.7066,1,1
72,39,847.67,659.48,131.78,98.83,0.4576,1,1
72,72,496.72,325.87,29.43,24.19,0.8110,1,1
72,79,797.26,955.10,24.87,47.37,0.5464,1,1
72,83,71.20,407.22,36.83,33.30,0.6755,1,1
72,103,630.96,399.81,41.01,34.01,0.6395,1,1
72,104,61.94,343.67,53.65,68.30,0.7781,1,1
72,107,1211.87,546.53,35.92,53.35,0.8502,1,1
72,109,847.58,659.69,132.64,99.24,0.4248,1,1
72,112,716.16,1037.64,61.69,41.00,0.7716,1,1
73,1,1003.91,28.24,49.80,48.03,0.6876,1,1
73,2,444.12,422.90,79.65,91.56,0.8849,1,1
73,3,435.96,116.64,56.06,45.53,0.8941,1,1
73,4,1151.80,394.52,108.47,81.25,0.9004,1,1
73,6,651.37,53.27,52.62,47.97,0.8939,1,1
73,8,447.61,162.55,36.62,35.37,0.7379,1,1
73,9,297.11,245.71,32.06,44.91,0.7995,1,1
73,10,177.98,523.66,35.62,32.28,0.4722,1,1
73,11,689.88,204.51,86.21,64.20,0.8043,1,1
73,12,918.09,135.46,53.15,69.04,0.7668,1,1
73,13,267.29,222.07,60.77,58.25,0.7991,1,1
73,15,542.83,293.97,25.55,38.84,0.8344,1,1
73,16,1452.34,-0.01,41.64,29.74,0.6605,1,1
73,17,662.03,96.97,33.65,31.28,0.7159,1,1
73,39,847.12,659.99,131.54,98.98,0.5492,1,1
73,66,695.35,154.59,29.60,21.49,0.6474,1,1
73,72,501.20,329.13,29.19,23.38,0.6357,1,1
73,78,940.30,818.63,42.57,41.76,0.5554,1,1
73,79,797.33,955.12,24.66,47.34,0.6229,1,1
73,83,73.36,409.29,34.29,30.47,0.3027,1,1
73,103,630.26,402.21,43.77,36.33,0.5764,1,1
73,104,61.02,343.39,57.49,71.23,0.7472,1,1
73,107,1208.81,547.75,35.74,52.79,0.8309,1,1
73,109,847.16,659.93,130.94,98.15,0.4156,1,1
73,112,711.23,1036.38,61.11,40.95,0.5335,1,1
73,116,1104.58,-0.01,21.39,15.69,0.4282,1,1
74,1,1004.22,26.82,50.05,48.87,0.6317,1,1
74,2,441.41,423.70,81.86,91.99,0.8853,1,1
74,3,436.04,116.59,55.82,44.51,0.8903,1,1
74,4,1151.52,395.28,109.56,81.65,0.9027,1,1
74,6,651.07,53.53,52.68,48.51,0.8883,1,1
74,8,446.67,159.47,38.57,36.69,0.7159,1,1
74,9,296.86,245.07,32.48,45.40,0.8035,1,1
74,10,179.91,519.49,35.02,31.68,0.6827,1,1
74,11,691.76,203.92,85.37,64.12,0.8061,1,1
74,12,917.02,135.34,52.35,67.64,0.7306,1,1
74,13,267.04,222.46,60.94,58.56,0.7889,1,1
74,15,540.68,296.02,24.44,37.30,0.6858,1,1
74,16,1452.04,-0.01,41.74,29.62,0.6582,1,1
74,17,661.85,96.87,33.74,31.20,0.7423,1,1
74,39,846.14,660.12,131.83,99.07,0.2931,1,1
74,72,505.85,329.59,31.22,24.57,0.5914,1,1
74,78,938.94,816.35,42.79,40.91,0.4299,1,1
74,79,796.26,952.76,25.46,49.43,0.7026,1,1
74,83,74.00,410.54,34.64,29.81,0.4719,1,1
74,103,628.41,402.67,46.27,39.22,0.6488,1,1
74,104,61.16,343.92,58.05,68.92,0.7727,1,1
74,107,1206.11,551.53,35.93,50.93,0.8123,1,1
74,109,846.03,660.36,130.55,97.40,0.6200,1,1
74,112,703.18,1036.36,61.03,40.42,0.4292,1,1
74,116,1104.53,-0.00,20.80,15.11,0.3135,1,1
75,1,1003.75,24.15,51.56,51.42,0.6173,1,1
75,2,440.19,422.92,83.39,93.52,0.8643,1,1
75,3,435.76,116.30,56.64,45.12,0.8844,1,1
75,4,1152.18,394.68,109.80,82.77,0.8958,1,1
75,6,651.26,53.66,52.08,48.41,0.8813,1,1
75,8,446.51,158.74,39.15,36.94,0.7552,1,1
75,9,297.58,245.76,32.14,44.61,0.7907,1,1
75,10,179.26,515.37,34.42,30.05,0.7633,1,1
75,11,693.16,202.27,85.22,64.93,0.8669,1,1
75,12,916.21,133.82,56.31,73.16,0.7394,1,1
75,13,267.43,222.52,60.41,57.86,0.7857,1,1
75,15,537.11,293.01,23.62,36.70,0.7840,1,1
75,16,1452.88,-0.02,42.55,29.54,0.6572,1,1
75,17,661.77,97.05,33.25,30.75,0.7302,1,1
75,39,845.97,659.98,130.36,97.78,0.5977,1,1
75,72,507.72,328.82,33.85,25.58,0.7333,1,1
75,79,796.44,953.31,25.52,49.75,0.7258,1,1
75,83,73.07,410.48,36.30,30.18,0.5283,1,1
75,103,627.65,398.78,48.09,41.14,0.5931,1,1
75,104,61.14,344.10,59.30,66.89,0.7838,1,1
75,107,1205.66,553.19,33.57,45.90,0.5891,1,1
75,112,692.02,1036.56,63.73,41.43,0.6845,1,1
75,119,1186.01,612.05,69.28,37.08,0.4470,1,1
76,1,1004.04,23.91,51.04,51.69,0.5948,1,1
76,2,440.11,422.84,83.51,93.54,0.8634,1,1
76,3,435.75,116.31,56.68,45.11,0.8845,1,1
76,4,1152.41,394.67,109.33,82.80,0.8954,1,1
76,6,651.35,53.65,51.85,48.42,0.8818,1,1
76,8,446.42,158.75,39.43,37.01,0.7521,1,1
76,9,297.34,245.55,32.44,44.89,0.7925,1,1
76,10,178.93,515.18,34.97,29.97,0.7634,1,1
76,11,693.40,202.25,84.76,64.94,0.8671,1,1
76,12,916.26,133.74,56.37,73.50,0.7391,1,1
76,13,267.40,222.50,60.42,57.75,0.7910,1,1
76,15,537.11,292.99,23.34,36.66,0.7854,1,1
76,16,1452.64,-0.00,43.22,29.53,0.6579,1,1
76,17,661.75,97.01,33.27,30.79,0.7315,1,1
76,39,845.80,659.98,130.45,97.67,0.6101,1,1
76,72,507.40,328.76,34.89,25.69,0.7346,1,1
76,79,796.46,953.32,25.50,49.84,0.7252,1,1
76,83,72.46,410.49,37.47,30.24,0.5279,1,1
76,103,627.71,398.30,48.01,41.37,0.5928,1,1
76,104,60.33,344.15,60.97,66.78,0.7837,1,1
76,107,1205.19,553.42,34.30,45.18,0.5802,1,1
76,112,690.77,1036.60,64.67,41.49,0.6847,1,1
76,119,1186.46,611.02,69.21,37.21,0.4735,1,1
76,120,856.86,215.59,23.76,29.87,0.6118,1,1
77,1,1004.17,22.75,51.01,53.02,0.6492,1,1
77,2,439.24,424.12,83.77,92.63,0.8406,1,1
77,3,436.29,116.11,57.27,45.10,0.8914,1,1
77,4,1152.75,395.50,108.52,82.08,0.8999,1,1
77,6,651.26,53.87,51.52,48.08,0.8862,1,1
77,8,446.67,159.96,39.41,36.99,0.7034,1,1
77,9,298.06,245.23,32.54,45.05,0.7892,1,1
77,10,179.48,512.84,37.48,31.46,0.6873,1,1
77,11,695.04,200.14,86.10,67.08,0.8747,1,1
77,12,915.67,132.13,54.61,69.73,0.6813,1,1
77,13,267.45,222.57,60.61,57.66,0.7728,1,1
77,15,532.44,287.24,23.00,34.99,0.7189,1,1
77,16,1451.96,-0.02,43.18,29.48,0.6604,1,1
77,17,661.74,96.77,33.57,30.91,0.7674,1,1
77,39,845.53,660.02,130.33,97.56,0.5330,1,1
77,72,513.60,325.71,32.70,23.90,0.4840,1,1
77,79,795.56,954.84,26.47,52.31,0.5629,1,1
77,81,35.67,640.64,38.75,54.98,0.4147,1,1
77,83,72.49,409.45,38.08,29.79,0.3408,1,1
77,92,954.66,79.80,28.66,21.82,0.3602,1,1
77,103,627.71,397.01,49.52,42.92,0.5830,1,1
77,104,59.82,344.28,62.77,67.36,0.7815,1,1
77,119,1191.14,601.36,70.57,39.34,0.5917,1,1
77,120,854.19,216.69,23.91,30.01,0.4683,1,1
77,122,954.04,828.99,43.91,57.77,0.3470,1,1
78,1,1003.96,21.79,50.45,53.53,0.6922,1,1
78,2,438.53,424.72,84.38,92.16,0.8428,1,1
78,3,437.30,115.74,57.47,45.54,0.8859,1,1
78,4,1152.83,394.73,109.37,83.55,0.9004,1,1
78,6,651.05,53.96,51.49,48.38,0.8841,1,1
78,8,446.75,161.41,38.73,36.29,0.6799,1,1
78,9,298.92,245.50,32.33,44.89,0.7820,1,1
78,10,182.14,508.92,32.68,27.34,0.6215,1,1
78,11,697.70,198.13,86.70,68.93,0.8618,1,1
78,12,913.06,130.58,54.70,69.36,0.6902,1,1
78,13,267.73,222.29,60.59,57.34,0.7532,1,1
78,15,531.01,283.16,24.38,36.20,0.7410,1,1
78,16,1451.04,-0.01,43.56,30.11,0.6423,1,1
78,17,661.67,96.63,33.71,30.90,0.7584,1,1
78,39,844.81,660.43,130.38,97.61,0.4445,1,1
78,72,517.45,321.23,32.10,22.78,0.6060,1,1
78,79,795.64,956.73,25.66,51.04,0.3685,1,1
78,81,37.98,633.38,36.21,57.24,0.6366,1,1
78,103,625.85,395.53,50.34,43.49,0.3924,1,1
78,104,59.68,343.96,63.52,66.97,0.7656,1,1
78,119,1195.44,593.24,68.38,40.37,0.5952,1,1
78,122,950.42,831.90,38.13,49.83,0.6950,1,1
79,1,1003.86,23.00,49.05,51.94,0.5088,1,1
79,2,437.58,425.26,84.60,91.97,0.8371,1,1
79,3,438.83,115.96,57.36,45.98,0.8748,1,1
79,4,1152.97,394.53,109.09,83.36,0.8982,1,1
79,6,651.16,54.24,51.20,48.07,0.8779,1,1
79,8,448.09,160.27,39.42,36.63,0.7221,1,1
79,9,299.35,245.78,32.40,44.91,0.7780,1,1
79,10,175.53,496.67,40.20,33.52,0.7291,1,1
79,11,700.04,196.91,86.49,69.68,0.8185,1,1
79,12,912.16,128.68,57.13,71.30,0.6911,1,1
79,13,267.89,222.47,60.92,57.41,0.6786,1,1
79,15,529.46,278.00,24.52,36.94,0.6307,1,1
79,16,1450.66,-0.02,42.96,30.17,0.6329,1,1
79,17,661.23,94.67,35.16,32.49,0.7599,1,1
79,39,844.79,660.17,130.69,97.80,0.4039,1,1
79,72,514.00,316.79,36.65,25.31,0.8435,1,1
79,79,796.02,957.34,24.65,49.17,0.5634,1,1
79,81,40.50,624.12,32.93,54.99,0.6964,1,1
79,83,71.48,408.27,40.52,30.87,0.4079,1,1
79,103,626.20,392.52,49.05,41.79,0.4670,1,1
79,104,59.85,343.73,64.51,66.88,0.7684,1,1
79,122,946.76,831.84,37.46,48.88,0.4663,1,1
80,1,1006.20,25.90,46.81,49.55,0.3598,1,1
80,2,437.23,425.70,84.26,90.77,0.8473,1,1
80,3,440.71,116.56,56.99,45.00,0.8702,1,1
80,4,1153.04,394.04,108.81,82.90,0.8818,1,1
80,6,651.11,54.03,51.10,47.94,0.8742,1,1
80,8,448.95,162.35,39.05,35.64,0.7169,1,1
80,9,299.28,246.27,32.48,44.80,0.7737,1,1
80,10,178.08,492.84,38.41,33.50,0.7809,1,1
80,11,699.37,196.24,85.98,68.73,0.7740,1,1
80,12,912.48,127.41,50.36,63.19,0.6830,1,1
80,13,268.11,222.31,60.86,56.79,0.7202,1,1
80,15,527.77,273.50,24.28,36.47,0.5352,1,1
80,16,1452.18,-0.00,42.66,29.98,0.6318,1,1
80,17,660.71,93.57,35.99,33.61,0.7652,1,1
80,39,844.44,659.72,131.86,98.78,0.4681,1,1
80,72,514.79,307.81,40.82,29.28,0.7280,1,1
80,79,795.48,955.67,25.33,50.98,0.5905,1,1
80,83,70.55,407.18,42.62,31.80,0.4433,1,1
80,103,624.91,388.89,49.09,40.58,0.7641,1,1
80,104,60.04,343.47,64.45,65.73,0.7767,1,1
80,122,944.16,836.88,35.82,46.66,0.2558,1,1
81,1,1006.85,28.21,45.68,48.15,0.5905,1,1
81,2,436.58,426.08,84.84,90.52,0.8534,1,1
81,3,441.16,116.76,58.86,46.61,0.8736,1,1
81,4,1148.12,392.12,111.18,83.05,0.8848,1,1
81,6,651.17,53.94,50.96,47.72,0.8758,1,1
81,8,449.29,162.44,40.17,36.50,0.7626,1,1
81,9,299.07,245.73,33.40,46.10,0.7780,1,1
81,10,178.70,487.32,35.46,32.30,0.8133,1,1
81,11,700.07,196.17,86.97,68.44,0.8446,1,1
81,12,912.57,125.90,50.15,63.07,0.6931,1,1
81,13,268.18,222.05,61.42,57.12,0.6575,1,1
81,16,1452.72,-0.01,42.59,29.92,0.6183,1,1
81,17,660.86,93.75,35.69,33.39,0.7541,1,1
81,39,844.55,659.41,131.96,98.84,0.3524,1,1
81,72,515.85,299.70,41.82,32.47,0.7343,1,1
81,79,795.44,952.56,25.55,51.87,0.4934,1,1
81,81,43.24,607.77,33.50,57.89,0.6604,1,1
81,83,69.93,407.25,43.13,31.75,0.2694,1,1
81,103,624.48,385.04,51.89,42.61,0.3807,1,1
81,104,60.02,343.25,64.96,64.97,0.7965,1,1
82,1,1006.86,28.48,45.67,47.99,0.5905,1,1
82,2,436.36,426.06,85.23,90.54,0.8548,1,1
82,3,441.21,116.76,58.83,46.64,0.8736,1,1
82,4,1147.61,392.11,112.12,83.04,0.8848,1,1
82,6,651.14,53.95,51.01,47.74,0.8752,1,1
82,8,449.25,162.45,40.33,36.55,0.7632,1,1
82,9,299.09,245.69,33.43,46.18,0.7776,1,1
82,10,179.19,487.28,34.51,32.14,0.8137,1,1
82,11,699.81,196.17,87.57,68.43,0.8439,1,1
82,12,912.61,125.80,50.07,63.07,0.6931,1,1
82,13,268.12,222.08,61.63,57.14,0.6506,1,1
82,16,1452.76,0.01,42.59,29.92,0.6196,1,1
82,17,660.89,93.80,35.61,33.37,0.7528,1,1
82,39,844.67,659.41,131.92,98.80,0.3560,1,1
82,72,517.10,299.19,39.52,32.66,0.7336,1,1
82,79,795.50,951.96,25.47,52.14,0.5137,1,1
82,81,43.68,607.05,32.95,58.06,0.6597,1,1
82,83,69.56,407.36,43.62,31.71,0.2659,1,1
82,103,624.25,384.12,52.93,43.16,0.3793,1,1
82,104,59.66,343.26,65.66,64.93,0.7970,1,1
82,124,658.10,187.73,40.88,21.95,0.4298,1,1
82,125,1006.64,28.67,45.75,47.95,0.2943,1,1
82,127,1148.85,449.61,60.28,48.06,0.4120,1,1
82,128,732.66,167.08,25.31,23.90,0.2698,1,1
83,1,1007.28,28.76,45.93,48.29,0.4395,1,1
83,2,435.83,425.44,85.71,91.42,0.8566,1,1
83,3,442.23,117.27,59.51,47.54,0.8709,1,1
83,4,1148.36,390.64,110.93,83.17,0.8792,1,1
83,6,651.24,53.97,50.86,47.42,0.8720,1,1
83,8,449.24,161.76,40.88,36.70,0.7758,1,1
83,9,299.66,245.24,32.93,45.24,0.7744,1,1
83,10,175.95,481.10,37.08,36.07,0.7998,1,1
83,11,700.31,195.92,87.90,68.74,0.8812,1,1
83,12,912.39,124.21,50.41,63.85,0.7762,1,1
83,13,267.71,222.07,61.69,56.94,0.6799,1,1
83,16,1453.24,-0.01,42.83,29.82,0.6231,1,1
83,17,660.98,93.25,35.92,33.79,0.7484,1,1
83,39,844.45,659.44,131.65,98.67,0.3839,1,1
83,72,515.51,297.37,33.27,27.58,0.7745,1,1
83,79,795.62,950.52,25.11,51.64,0.4901,1,1
83,81,44.13,595.21,34.92,64.34,0.7622,1,1
83,104,59.47,343.00,65.86,64.66,0.8086,1,1
83,124,658.66,188.04,40.41,21.72,0.4134,1,1
83,125,1007.24,28.80,46.07,48.29,0.3651,1,1
83,127,1150.60,450.47,59.08,46.67,0.2984,1,1
83,128,732.15,166.90,25.44,24.04,0.2870,1,1
83,130,1153.10,566.07,30.27,39.79,0.4712,1,1
84,1,1006.68,28.89,46.73,48.67,0.5075,1,1
84,2,435.61,424.36,86.18,92.80,0.8411,1,1
84,3,442.34,117.85,60.30,47.68,0.8782,1,1
84,4,1149.79,389.98,108.58,81.46,0.8726,1,1
84,6,651.25,53.87,50.87,47.29,0.8735,1,1
84,8,450.08,162.12,40.73,35.82,0.7491,1,1
84,9,299.89,245.23,33.12,45.01,0.7743,1,1
84,10,174.61,478.68,37.30,37.97,0.7735,1,1
84,11,700.93,195.63,88.89,69.52,0.8909,1,1
84,12,911.06,123.88,51.04,63.86,0.7796,1,1
84,13,267.64,221.81,62.28,57.19,0.7250,1,1
84,16,1452.61,0.01,43.33,30.18,0.6200,1,1
84,17,661.13,92.95,36.01,34.18,0.7538,1,1
84,39,844.32,657.95,131.85,99.20,0.5607,1,1
84,72,518.85,293.81,31.19,24.68,0.8078,1,1
84,79,795.75,950.15,24.84,51.29,0.5308,1,1
84,81,45.01,587.95,33.74,62.79,0.6561,1,1
84,83,69.30,407.53,43.78,31.39,0.2761,1,1
84,104,59.25,342.79,66.35,64.92,0.8072,1,1
84,124,666.08,187.64,38.04,20.80,0.4893,1,1
84,130,1151.06,566.02,30.09,38.43,0.6470,1,1
85,1,1006.51,28.69,47.00,48.53,0.4937,1,1
85,2,436.28,425.70,85.52,92.18,0.8133,1,1
85,3,442.60,118.00,61.68,48.34,0.8848,1,1
85,4,1150.91,387.99,107.03,81.47,0.8772,1,1
85,6,651.76,54.04,50.58,46.18,0.8762,1,1
85,8,450.50,162.71,41.10,35.48,0.7312,1,1
85,9,300.06,244.18,33.26,44.47,0.7851,1,1
85,10,174.41,476.91,36.88,39.42,0.7539,1,1
85,11,702.97,195.42,87.95,69.98,0.9024,1,1
85,12,910.58,122.41,50.61,62.02,0.7691,1,1
85,13,267.69,221.92,62.30,56.86,0.7469,1,1
85,16,1452.78,-0.00,43.76,30.20,0.6592,1,1
85,17,661.81,93.03,35.40,33.82,0.7302,1,1
85,20,373.80,316.27,25.17,31.84,0.2798,1,1
85,39,844.15,657.27,132.58,99.79,0.2896,1,1
85,72,521.79,290.51,31.39,24.95,0.7675,1,1
85,79,795.60,949.78,24.72,51.10,0.4566,1,1
85,81,46.41,580.72,32.31,57.42,0.8308,1,1
85,104,59.17,342.69,66.22,64.58,0.8143,1,1
85,109,844.60,657.28,131.34,98.71,0.5703,1,1
85,131,151.00,517.27,45.87,33.53,0.7277,1,1
86,1,1006.96,28.14,47.61,49.20,0.4058,1,1
86,2,436.20,424.89,85.99,93.15,0.8093,1,1
86,3,442.41,117.97,62.59,48.46,0.8855,1,1
86,4,1149.83,385.91,105.59,81.70,0.8830,1,1
86,6,652.13,54.40,50.77,45.63,0.8748,1,1
86,8,450.67,163.00,41.26,35.42,0.7212,1,1
86,9,300.31,243.52,33.60,44.49,0.7965,1,1
86,10,175.04,476.48,34.61,38.75,0.7873,1,1
86,11,705.46,195.86,86.72,69.28,0.8984,1,1
86,12,907.65,119.63,55.11,67.62,0.7603,1,1
86,13,267.79,221.84,62.59,56.79,0.7455,1,1
86,16,1452.69,-0.00,44.17,30.36,0.6835,1,1
86,17,662.87,93.54,34.33,32.98,0.7063,1,1
86,20,373.56,315.54,25.98,31.87,0.6894,1,1
86,39,844.94,658.08,130.11,98.15,0.5899,1,1
86,72,522.89,290.34,29.85,24.02,0.6078,1,1
86,79,794.78,950.19,25.32,52.59,0.3738,1,1
86,81,48.19,577.54,33.37,59.57,0.4271,1,1
86,83,68.64,407.66,44.53,31.65,0.4239,1,1
86,104,58.83,342.55,66.64,65.09,0.8139,1,1
86,131,155.98,516.17,42.52,31.44,0.7395,1,1
86,133,641.77,358.51,47.17,35.75,0.8847,1,1
86,134,533.02,238.73,20.79,19.99,0.6691,1,1
87,1,1006.49,27.60,48.02,49.52,0.5437,1,1
87,2,436.70,425.26,85.74,92.87,0.7518,1,1
87,3,442.19,118.19,62.56,48.26,0.8878,1,1
87,4,1150.00,385.01,103.22,79.42,0.8798,1,1
87,6,653.03,54.74,50.50,45.29,0.8716,1,1
87,8,450.53,163.48,41.24,35.34,0.6947,1,1
87,9,301.12,244.19,33.61,44.07,0.7823,1,1
87,10,175.57,476.25,33.75,39.17,0.7950,1,1
87,11,709.62,196.09,84.88,69.21,0.8942,1,1
87,12,905.17,117.54,53.80,66.09,0.6390,1,1
87,13,267.65,222.47,63.95,57.55,0.7654,1,1
87,16,1451.99,-0.00,43.60,30.14,0.6093,1,1
87,17,663.18,94.01,34.39,33.14,0.7116,1,1
87,20,373.82,315.70,25.98,30.32,0.7589,1,1
87,39,844.23,657.50,131.36,99.48,0.4522,1,1
87,72,523.00,289.36,30.08,24.60,0.6383,1,1
87,79,794.21,951.31,25.50,53.22,0.3008,1,1
87,81,51.55,574.63,35.29,63.29,0.4979,1,1
87,83,67.96,407.21,45.47,32.27,0.4316,1,1
87,104,58.40,342.27,66.97,65.83,0.7926,1,1
87,131,160.02,516.25,40.74,29.37,0.6919,1,1
87,133,645.04,354.35,45.32,34.62,0.8419,1,1
87,134,533.30,239.56,21.15,19.77,0.4363,1,1
88,1,1006.40,27.54,48.12,49.54,0.5359,1,1
88,2,436.70,425.30,85.73,92.86,0.7513,1,1
88,3,442.14,118.18,62.72,48.32,0.8876,1,1
88,4,1149.89,385.03,103.41,79.36,0.8789,1,1
88,6,653.01,54.73,50.56,45.31,0.8716,1,1
88,8,450.36,163.65,41.36,35.39,0.7024,1,1
88,9,301.08,244.20,33.79,44.01,0.7828,1,1
88,10,175.94,476.28,33.04,39.19,0.7959,1,1
88,11,710.02,196.09,84.15,69.21,0.8942,1,1
88,12,904.88,117.32,53.62,65.94,0.6386,1,1
88,13,267.43,222.35,64.42,57.72,0.7775,1,1
88,16,1451.97,0.01,43.37,30.13,0.6110,1,1
88,17,663.23,94.05,34.32,33.15,0.7124,1,1
88,20,373.73,315.65,26.28,30.09,0.7697,1,1
88,39,844.17,657.35,131.37,99.86,0.4707,1,1
88,72,523.18,289.29,29.72,24.66,0.6390,1,1
88,79,794.19,951.58,25.41,53.27,0.3034,1,1
88,81,52.17,574.24,35.45,63.88,0.5024,1,1
88,83,67.76,407.10,45.74,32.42,0.4081,1,1
88,104,58.52,342.27,66.73,65.89,0.7892,1,1
88,131,159.94,516.27,41.34,29.23,0.6866,1,1
88,133,645.22,354.31,45.05,34.58,0.8420,1,1
88,134,533.03,239.73,21.83,19.81,0.4347,1,1
88,136,364.95,355.96,31.96,30.99,0.7192,1,1
88,137,1152.15,550.49,31.95,29.12,0.6156,1,1
89,1,1006.72,27.34,48.37,49.86,0.5503,1,1
89,2,436.90,425.41,85.82,92.58,0.7884,1,1
89,3,442.17,118.35,61.81,48.04,0.8886,1,1
89,4,1149.89,384.26,102.25,78.54,0.8946,1,1
89,6,654.43,54.53,50.58,45.54,0.8683,1,1
89,8,450.12,163.66,41.21,35.07,0.7231,1,1
89,9,300.73,244.65,34.68,44.73,0.7809,1,1
89,10,177.70,475.83,32.25,38.99,0.7831,1,1
89,11,712.55,196.39,84.09,68.95,0.9007,1,1
89,12,907.44,118.62,54.55,66.29,0.7374,1,1
89,13,268.22,222.69,64.37,57.24,0.6887,1,1
89,16,1451.76,-0.00,43.02,30.08,0.6250,1,1
89,17,663.27,92.92,34.91,33.85,0.7063,1,1
89,19,689.82,151.76,28.35,24.35,0.3956,1,1
89,20,374.47,316.33,24.48,27.79,0.3339,1,1
89,39,844.22,656.92,131.93,100.77,0.5049,1,1
89,72,523.51,289.74,29.48,24.43,0.6847,1,1
89,81,54.31,570.18,35.43,65.69,0.6971,1,1
89,83,67.61,406.90,45.78,32.47,0.2790,1,1
89,104,58.23,341.89,66.82,66.19,0.7479,1,1
89,131,163.52,516.19,38.84,27.06,0.6085,1,1
89,133,651.54,349.37,42.46,31.95,0.8019,1,1
89,136,367.08,361.91,35.46,30.58,0.8842,1,1
89,137,1155.34,544.89,37.38,34.00,0.6285,1,1
89,139,944.59,840.54,38.84,40.68,0.6833,1,1
89,140,907.32,76.93,24.96,21.04,0.3972,1,1
90,1,1006.61,27.58,48.40,49.90,0.5989,1,1
90,2,436.82,424.75,87.25,93.80,0.8136,1,1
90,3,441.56,118.42,61.68,47.76,0.8922,1,1
90,4,1147.39,383.68,104.10,79.48,0.8924,1,1
90,6,654.55,54.59,50.74,45.70,0.8640,1,1
90,8,449.44,164.43,41.31,34.98,0.7122,1,1
90,9,300.56,244.43,35.43,45.30,0.7777,1,1
90,10,179.63,475.77,32.30,39.41,0.7814,1,1
90,11,714.63,196.57,83.90,69.15,0.8907,1,1
90,12,905.24,117.97,53.15,65.29,0.5402,1,1
90,13,268.47,222.72,64.71,56.86,0.7179,1,1
90,16,1451.73,-0.01,42.84,30.11,0.6258,1,1
90,17,663.51,93.21,34.84,34.01,0.7168,1,1
90,19,680.46,156.26,29.14,22.52,0.6565,1,1
90,20,374.76,316.41,23.33,26.01,0.4407,1,1
90,39,844.97,657.12,130.41,99.64,0.3570,1,1
90,72,523.37,288.18,31.31,26.30,0.3719,1,1
90,79,793.76,951.38,25.19,53.14,0.3430,1,1
90,81,56.97,565.32,34.32,63.42,0.2739,1,1
90,83,67.49,406.26,46.23,32.86,0.2857,1,1
90,104,58.19,341.06,66.96,66.56,0.7945,1,1
90,127,1157.96,448.96,45.60,36.17,0.4170,1,1
90,133,659.19,345.08,42.21,34.88,0.7988,1,1
90,136,365.24,363.96,36.88,30.38,0.8749,1,1
90,137,1155.27,543.99,39.06,34.84,0.6815,1,1
90,139,948.60,841.65,37.11,38.56,0.5398,1,1
91,1,1006.52,27.38,48.51,50.04,0.5403,1,1
91,2,436.70,425.77,87.30,92.83,0.7889,1,1
91,3,441.19,118.67,60.90,47.74,0.8926,1,1
91,4,1147.13,382.90,102.31,77.49,0.8957,1,1
91,6,654.61,54.24,50.79,45.62,0.8670,1,1
91,8,448.57,164.77,41.36,34.96,0.7417,1,1
91,9,300.01,244.85,35.87,45.33,0.7745,1,1
91,10,181.51,475.85,31.54,38.96,0.7844,1,1
91,11,716.39,196.29,83.27,69.25,0.8845,1,1
91,12,903.76,117.52,51.11,63.29,0.6165,1,1
91,13,268.25,223.27,64.45,55.82,0.7406,1,1
91,16,1452.06,-0.01,43.01,30.16,0.6356,1,1
91,17,663.80,93.44,34.14,33.46,0.7046,1,1
91,19,681.03,154.66,28.22,21.26,0.6666,1,1
91,20,373.52,315.67,23.92,26.39,0.4216,1,1
91,39,845.19,657.29,130.06,99.43,0.3565,1,1
91,72,522.77,286.83,37.27,33.09,0.5367,1,1
91,79,793.99,950.41,24.74,52.32,0.3132,1,1
91,83,67.84,405.05,46.58,33.28,0.4105,1,1
91,104,58.16,339.95,67.54,68.08,0.8190,1,1
91,133,667.73,338.63,40.70,36.50,0.7567,1,1
91,136,365.01,365.49,37.90,30.83,0.8539,1,1
91,137,1154.45,544.09,39.89,35.14,0.5652,1,1
91,139,939.36,845.20,39.74,42.07,0.5667,1,1
91,142,1208.84,574.26,37.20,33.84,0.4715,1,1
92,1,1006.69,27.71,48.19,49.73,0.5878,1,1
92,2,436.09,426.13,88.29,92.45,0.8240,1,1
92,3,441.30,118.58,60.53,47.91,0.8892,1,1
92,4,1145.01,382.38,102.92,77.59,0.8892,1,1
92,6,653.94,54.62,50.43,46.24,0.8637,1,1
92,8,448.13,164.55,41.39,34.86,0.7746,1,1
92,9,300.55,245.56,35.72,44.61,0.7669,1,1
92,10,181.32,475.74,29.91,35.91,0.7613,1,1
92,11,717.72,196.25,83.42,69.47,0.8778,1,1
92,12,901.18,115.81,49.96,62.32,0.5188,1,1
92,13,267.59,223.08,65.83,55.88,0.7885,1,1
92,16,1452.26,-0.00,44.34,30.76,0.6841,1,1
92,17,663.45,92.79,34.06,33.69,0.6939,1,1
92,19,678.70,157.32,29.20,21.93,0.5341,1,1
92,20,373.20,315.18,22.01,23.38,0.4538,1,1
92,72,522.03,294.49,37.04,36.60,0.6883,1,1
92,81,60.62,553.30,35.57,66.53,0.3999,1,1
92,104,59.17,339.45,66.91,67.68,0.8310,1,1
92,127,1153.75,446.34,46.81,36.80,0.3443,1,1
92,133,676.74,339.17,35.13,32.82,0.6300,1,1
92,136,364.36,366.56,37.48,31.26,0.8426,1,1
92,137,1152.11,543.26,41.61,36.58,0.4189,1,1
92,139,938.81,846.55,39.66,42.34,0.2510,1,1
92,142,1206.39,571.31,39.60,35.98,0.5485,1,1
93,1,1006.29,28.11,48.18,49.40,0.3189,1,1
93,2,435.82,426.77,88.79,91.81,0.8098,1,1
93,3,441.53,118.58,60.02,47.84,0.8895,1,1
93,4,1143.91,379.93,104.66,79.56,0.8781,1,1
93,6,652.94,54.81,50.12,45.45,0.8668,1,1
93,8,447.60,164.23,42.25,35.68,0.7660,1,1
93,9,300.71,245.66,36.09,45.00,0.7602,1,1
93,10,181.52,478.22,29.63,35.07,0.6486,1,1
93,11,719.24,195.76,83.21,69.74,0.8507,1,1
93,13,267.06,222.53,67.25,56.61,0.7931,1,1
93,16,1451.99,-0.00,44.88,30.96,0.6822,1,1
93,17,662.83,92.42,34.44,34.37,0.7052,1,1
93,19,682.25,156.98,29.68,22.59,0.4086,1,1
93,20,372.86,314.38,21.47,22.26,0.2747,1,1
93,39,845.50,657.37,129.93,99.24,0.2720,1,1
93,72,524.04,299.58,35.39,35.06,0.5118,1,1
93,78,944.93,813.78,35.47,31.77,0.2525,1,1
93,79,793.42,951.85,24.47,51.60,0.2669,1,1
93,81,63.86,545.97,34.19,65.26,0.4425,1,1
93,92,940.27,74.47,27.92,21.64,0.3454,1,1
93,104,60.19,339.66,66.50,67.79,0.8069,1,1
93,125,1007.33,27.98,47.45,49.46,0.4658,1,1
93,127,1146.42,443.88,50.62,39.86,0.2998,1,1
93,133,681.44,338.98,33.84,32.59,0.5714,1,1
93,136,363.88,365.86,36.60,31.02,0.8226,1,1
93,137,1151.24,542.96,42.42,37.15,0.3545,1,1
93,142,1206.86,569.97,40.19,36.58,0.3754,1,1
94,1,1006.07,28.25,48.38,49.29,0.3178,1,1
94,2,435.45,426.72,89.52,91.93,0.8097,1,1
94,3,441.61,118.54,59.92,47.89,0.8893,1,1
94,4,1144.13,379.91,104.23,79.54,0.8782,1,1
94,6,652.78,54.83,50.39,45.53,0.8666,1,1
94,8,447.60,164.22,42.25,35.73,0.7661,1,1
94,9,300.67,245.73,36.17,45.01,0.7608,1,1
94,10,181.37,478.52,29.96,34.98,0.6575,1,1
94,11,719.44,195.74,82.93,69.74,0.8485,1,1
94,13,266.85,222.57,67.64,56.65,0.7909,1,1
94,16,1451.90,0.01,45.07,30.98,0.6821,1,1
94,17,662.91,92.33,34.33,34.48,0.7077,1,1
94,19,683.36,156.92,29.53,22.75,0.4194,1,1
94,20,372.60,314.20,21.73,22.01,0.2730,1,1
94,39,845.51,657.45,130.01,99.22,0.2716,1,1
94,72,524.42,300.61,34.96,34.73,0.5183,1,1
94,78,944.38,813.77,36.55,31.69,0.2505,1,1
94,79,793.35,951.99,24.48,51.51,0.2627,1,1
94,81,64.71,544.68,33.44,65.00,0.4519,1,1
94,92,940.17,74.42,27.68,21.64,0.3469,1,1
94,104,60.39,339.67,66.17,67.78,0.8072,1,1
94,125,1007.24,27.98,47.61,49.49,0.4717,1,1
94,127,1144.50,443.20,51.63,40.73,0.2997,1,1
94,133,682.36,338.88,32.99,32.72,0.5576,1,1
94,136,364.04,365.83,36.23,31.03,0.8228,1,1
94,137,1150.93,542.95,42.72,37.27,0.3536,1,1
94,142,1207.01,569.76,40.26,36.71,0.3733,1,1
95,1,1006.62,27.88,48.60,49.67,0.4740,1,1
95,2,435.43,426.94,90.08,91.80,0.8253,1,1
95,3,442.12,118.41,59.73,47.96,0.8882,1,1
95,4,1144.27,379.74,103.52,79.14,0.8803,1,1
95,6,651.54,54.14,51.30,46.82,0.8689,1,1
95,8,447.87,164.42,41.99,35.50,0.7617,1,1
95,9,301.02,244.68,35.90,44.87,0.7687,1,1
95,10,180.66,480.06,30.40,35.23,0.6998,1,1
95,11,720.14,195.17,83.99,71.04,0.7614,1,1
95,13,266.62,222.21,67.92,56.90,0.8039,1,1
95,16,1451.46,-0.00,44.91,31.02,0.7346,1,1
95,17,662.25,91.73,35.10,35.54,0.7392,1,1
95,39,845.70,657.83,129.95,98.99,0.3466,1,1
95,72,520.47,307.55,30.43,31.79,0.6859,1,1
95,79,792.37,949.99,25.22,53.20,0.3759,1,1
95,81,66.18,538.98,32.78,66.36,0.5811,1,1
95,92,937.50,74.20,28.25,21.81,0.3403,1,1
95,104,61.22,339.42,66.03,68.34,0.8118,1,1
95,133,685.74,336.21,34.47,35.30,0.4373,1,1
95,136,363.78,365.19,37.81,33.25,0.8516,1,1
95,142,1206.98,569.53,40.29,36.75,0.2756,1,1
95,146,907.23,83.49,15.88,28.62,0.2542,1,1
95,147,900.12,66.87,16.20,17.99,0.2631,1,1
96,1,1006.29,27.98,49.04,49.59,0.5368,1,1
96,2,434.39,427.53,90.32,91.04,0.8176,1,1
96,3,442.90,118.85,60.18,47.49,0.8878,1,1
96,4,1144.39,379.69,103.32,78.99,0.8819,1,1
96,6,651.20,54.45,50.60,46.53,0.8664,1,1
96,8,447.78,163.04,43.29,36.85,0.7207,1,1
96,9,300.64,244.36,36.16,45.23,0.7689,1,1
96,10,181.05,480.62,30.33,34.67,0.6091,1,1
96,11,722.23,195.59,82.70,70.74,0.7763,1,1
96,13,266.17,221.83,67.93,56.93,0.8363,1,1
96,16,1452.09,-0.00,45.28,30.73,0.7673,1,1
96,17,662.54,91.60,34.36,34.85,0.7020,1,1
96,39,845.86,657.67,130.64,99.39,0.3254,1,1
96,72,515.59,317.65,30.38,27.73,0.7939,1,1
96,81,70.62,532.52,32.33,65.52,0.4091,1,1
96,92,935.65,75.52,27.37,20.54,0.5379,1,1
96,104,61.77,338.91,66.23,69.14,0.7908,1,1
96,136,362.87,366.72,36.82,31.75,0.8147,1,1
96,142,1206.63,569.30,40.12,36.71,0.3077,1,1
96,146,901.80,79.17,15.20,26.84,0.3852,1,1
97,1,1006.49,28.14,48.97,49.62,0.6428,1,1
97,2,432.43,428.70,90.85,90.03,0.8272,1,1
97,3,443.54,118.53,61.21,47.35,0.8873,1,1
97,4,1143.03,378.85,103.96,78.32,0.8812,1,1
97,6,651.15,54.30,50.33,46.49,0.8701,1,1
97,8,448.41,163.10,43.02,36.93,0.7163,1,1
97,9,300.49,244.31,35.92,44.93,0.7639,1,1
97,10,180.29,479.91,31.73,35.01,0.7120,1,1
97,11,722.75,194.45,83.69,71.88,0.8046,1,1
97,13,265.95,221.79,67.51,56.84,0.8413,1,1
97,16,1452.35,-0.00,46.20,30.66,0.7638,1,1
97,17,663.41,91.52,33.65,34.25,0.7034,1,1
97,72,504.11,320.19,34.10,30.02,0.8008,1,1
97,81,75.65,526.63,30.58,60.90,0.4814,1,1
97,92,934.97,76.41,25.80,19.59,0.3647,1,1
97,104,62.50,338.35,65.62,69.27,0.7690,1,1
97,136,361.29,367.73,37.49,31.06,0.8107,1,1
97,137,1147.66,541.43,42.44,37.23,0.3095,1,1
97,142,1206.31,570.00,39.18,36.08,0.4210,1,1
97,146,899.46,81.93,16.04,27.17,0.5839,1,1
98,1,1006.35,28.22,49.66,49.65,0.6805,1,1
98,2,431.44,429.60,91.68,90.12,0.8380,1,1
98,3,444.10,118.61,61.51,47.51,0.8835,1,1
98,4,1143.04,378.08,103.14,77.00,0.8793,1,1
98,6,651.11,54.15,50.29,46.57,0.8706,1,1
98,8,449.27,162.67,42.72,36.90,0.6392,1,1
98,9,300.39,244.62,35.71,44.60,0.7493,1,1
98,10,181.39,481.82,31.19,32.45,0.7407,1,1
98,11,723.59,192.82,85.69,74.14,0.6058,1,1
98,13,266.66,222.01,66.66,56.52,0.8474,1,1
98,16,1451.79,-0.00,46.33,30.50,0.7560,1,1
98,17,663.31,90.96,33.92,34.71,0.7172,1,1
98,39,846.66,657.51,129.03,97.79,0.2655,1,1
98,72,499.65,325.54,35.42,31.35,0.6019,1,1
98,104,63.25,338.40,64.91,69.28,0.7540,1,1
98,136,360.90,368.02,38.65,31.38,0.8149,1,1
98,137,1146.25,544.21,39.92,35.15,0.5648,1,1
98,142,1206.55,571.59,38.35,35.38,0.3372,1,1
98,146,897.54,84.06,17.22,27.75,0.5597,1,1
98,149,534.60,294.30,41.95,29.43,0.7478,1,1
98,151,366.33,311.45,27.46,24.96,0.2510,1,1
99,1,1006.15,28.24,50.12,49.66,0.6852,1,1
99,2,428.79,430.66,92.87,89.83,0.8347,1,1
99,3,444.40,118.49,61.61,47.28,0.8827,1,1
99,4,1143.62,377.75,102.79,77.46,0.8717,1,1
99,6,651.11,54.22,50.24,46.73,0.8700,1,1
99,8,449.89,161.99,42.09,36.44,0.6187,1,1
99,9,300.15,244.87,35.59,44.17,0.7365,1,1
99,11,724.65,192.03,86.36,75.34,0.5896,1,1
99,13,266.88,221.89,66.21,56.07,0.8509,1,1
99,16,1452.03,-0.00,46.99,30.55,0.7314,1,1
99,17,663.53,92.04,33.19,33.75,0.7192,1,1
99,72,494.18,328.30,34.62,31.36,0.8190,1,1
99,79,796.40,960.58,21.07,43.04,0.2793,1,1
99,92,934.54,75.41,27.27,20.53,0.2849,1,1
99,104,63.55,338.78,64.88,69.43,0.4672,1,1
99,127,1135.26,431.50,59.93,48.84,0.2855,1,1
99,136,359.48,368.71,38.91,30.93,0.8143,1,1
99,137,1144.76,547.11,38.76,34.47,0.3450,1,1
99,146,894.57,92.90,17.25,26.66,0.5244,1,1
99,149,535.43,290.03,40.12,28.75,0.7022,1,1
99,153,698.38,173.53,27.41,21.15,0.6546,1,1
100,1,1006.01,28.26,50.42,49.66,0.6857,1,1
100,2,428.32,430.61,93.71,89.91,0.8330,1,1
100,3,444.30,118.48,61.77,47.28,0.8828,1,1
100,4,1143.82,377.77,102.35,77.43,0.8719,1,1
100,6,651.17,54.22,50.13,46.74,0.8702,1,1
100,8,450.00,161.93,41.94,36.38,0.6187,1,1
100,9,300.08,244.88,35.70,44.11,0.7361,1,1
100,11,725.10,191.95,85.78,75.42,0.5912,1,1
100,13,266.89,221.94,66.19,56.00,0.8510,1,1
100,16,1451.86,0.01,47.39,30.53,0.7319,1,1
100,17,663.47,92.09,33.28,33.71,0.7187,1,1
100,72,494.21,328.39,34.26,31.34,0.8186,1,1
100,79,796.55,961.61,21.22,42.33,0.2768,1,1
100,92,934.48,75.29,27.68,20.71,0.2923,1,1
100,104,63.70,338.92,64.70,69.45,0.4765,1,1
100,127,1135.43,430.88,59.04,49.27,0.2801,1,1
100,136,359.20,368.76,39.36,30.89,0.8142,1,1
100,137,1144.49,547.97,38.18,34.26,0.3350,1,1
100,146,893.92,94.26,17.78,26.52,0.5280,1,1
100,149,535.75,289.77,39.42,28.76,0.7013,1,1
100,153,698.51,173.73,27.83,21.12,0.6540,1,1
101,1,1006.04,28.41,50.73,49.86,0.7272,1,1
101,2,428.49,430.56,93.45,89.63,0.8454,1,1
101,3,444.70,118.29,61.58,47.06,0.8847,1,1
101,4,1145.59,377.36,100.57,74.63,0.8778,1,1
101,6,651.18,54.20,50.03,46.77,0.8688,1,1
101,8,450.34,162.29,41.21,35.70,0.5710,1,1
101,9,299.88,245.25,36.08,44.31,0.7403,1,1
101,11,726.36,191.62,85.97,75.96,0.3204,1,1
101,13,267.42,222.14,65.87,55.50,0.8442,1,1
101,16,1451.91,-0.00,48.04,30.60,0.7464,1,1
101,17,663.53,92.75,32.90,33.03,0.7297,1,1
101,66,695.35,177.50,29.31,20.95,0.5602,1,1
101,72,491.06,330.62,33.03,30.02,0.7433,1,1
101,79,796.24,963.14,21.43,41.78,0.3525,1,1
101,104,63.94,338.89,64.39,69.38,0.4640,1,1
101,127,1135.93,429.28,58.01,49.58,0.3584,1,1
101,136,358.42,369.31,39.55,30.66,0.8152,1,1
101,139,958.50,846.23,35.98,38.45,0.2967,1,1
101,146,893.34,102.63,15.62,21.63,0.4937,1,1
101,149,537.49,287.98,37.67,27.40,0.3067,1,1
102,1,1007.78,28.59,48.89,49.27,0.8114,1,1
102,2,427.89,430.08,93.80,90.53,0.8590,1,1
102,3,444.64,118.29,61.54,46.55,0.8862,1,1
102,4,1145.60,376.11,100.75,74.97,0.8796,1,1
102,6,651.19,54.25,49.99,46.79,0.8674,1,1
102,8,450.64,161.71,41.00,35.43,0.4874,1,1
102,9,299.63,245.54,36.73,45.12,0.7417,1,1
102,11,728.02,191.01,86.42,77.12,0.3734,1,1
102,13,267.58,222.21,66.01,55.04,0.8422,1,1
102,16,1451.63,0.00,48.52,30.63,0.7443,1,1
102,17,663.47,92.72,32.99,32.93,0.7336,1,1
102,39,846.74,658.18,127.01,95.78,0.2921,1,1
102,66,694.71,182.32,28.74,20.13,0.5254,1,1
102,72,489.24,332.28,32.03,28.84,0.5002,1,1
102,78,938.41,810.79,43.23,36.88,0.3851,1,1
102,79,796.20,964.30,21.84,41.56,0.4766,1,1
102,81,87.25,482.48,33.63,53.19,0.8535,1,1
102,104,64.50,338.77,63.83,69.03,0.4328,1,1
102,136,357.29,370.03,39.26,30.19,0.8266,1,1
102,149,538.14,293.20,36.57,26.40,0.7213,1,1
103,1,1007.49,28.84,48.30,48.16,0.8317,1,1
103,2,427.77,430.23,93.49,90.40,0.8613,1,1
103,3,444.29,118.99,61.47,45.34,0.8876,1,1
103,4,1145.12,374.65,100.08,74.69,0.8763,1,1
103,6,651.29,54.31,49.86,46.68,0.8643,1,1
103,8,451.87,161.00,41.25,35.54,0.5637,1,1
103,9,299.45,245.91,37.28,45.92,0.7500,1,1
103,11,731.22,190.34,85.50,77.78,0.4860,1,1
103,13,267.41,222.12,66.54,55.13,0.8420,1,1
103,16,1451.35,0.00,48.74,30.72,0.7348,1,1
103,17,663.30,93.68,32.74,32.35,0.7234,1,1
103,39,846.47,658.18,127.60,95.94,0.2881,1,1
103,72,488.19,332.56,31.09,27.46,0.6220,1,1
103,78,939.38,812.00,42.81,35.89,0.5566,1,1
103,79,796.62,964.57,22.07,40.77,0.6174,1,1
103,81,88.89,473.92,33.22,52.65,0.6149,1,1
103,104,65.84,339.17,62.93,68.46,0.4662,1,1
103,136,357.20,370.13,39.10,30.01,0.8293,1,1
103,149,530.95,293.37,42.00,34.30,0.7370,1,1
103,154,733.14,189.05,80.97,78.75,0.4845,1,1
103,155,368.43,303.67,33.40,29.87,0.4598,1,1
104,1,1007.33,28.28,48.43,48.57,0.7369,1,1
104,2,427.38,429.90,93.78,90.54,0.8590,1,1
104,3,443.69,118.73,61.41,44.75,0.8846,1,1
104,4,1144.43,374.88,99.74,73.25,0.8751,1,1
104,6,651.32,54.29,49.76,46.59,0.8608,1,1
104,8,450.94,160.72,41.62,35.87,0.5788,1,1
104,9,299.84,245.58,36.41,44.62,0.7482,1,1
104,11,733.19,189.36,84.18,78.64,0.5383,1,1
104,13,267.49,222.10,66.35,54.80,0.8477,1,1
104,16,1451.64,-0.00,49.28,30.81,0.7242,1,1
104,17,663.19,93.45,33.04,32.52,0.7153,1,1
104,39,846.13,657.91,128.58,96.47,0.3284,1,1
104,72,486.76,331.54,31.71,27.72,0.5374,1,1
104,78,938.16,812.14,43.98,35.80,0.4291,1,1
104,79,796.30,964.92,22.63,40.77,0.6663,1,1
104,81,89.33,473.13,34.52,54.77,0.7474,1,1
104,136,357.37,370.59,38.72,29.61,0.8319,1,1
104,149,530.21,295.60,41.42,36.27,0.6705,1,1
104,154,734.35,188.43,81.03,79.20,0.2547,1,1
104,155,368.99,302.33,33.05,30.65,0.6136,1,1
104,159,975.14,40.88,21.83,26.52,0.2638,1,1
104,160,685.24,1054.19,35.95,25.80,0.3468,1,1
105,1,1006.24,28.27,48.73,47.73,0.7075,1,1
105,2,427.48,430.41,93.72,90.31,0.8617,1,1
105,3,444.06,117.76,60.77,44.04,0.8842,1,1
105,4,1142.68,374.57,100.77,71.26,0.8810,1,1
105,6,651.22,54.41,50.14,47.20,0.8638,1,1
105,8,450.67,159.97,41.32,35.51,0.5381,1,1
105,9,299.50,245.28,37.47,46.05,0.7565,1,1
105,11,734.81,188.34,82.64,79.16,0.5732,1,1
105,13,267.66,221.97,66.55,54.49,0.8442,1,1
105,16,1451.45,-0.00,49.24,30.72,0.7236,1,1
105,17,663.16,94.76,32.51,31.49,0.7385,1,1
105,39,846.29,657.86,128.77,96.37,0.3088,1,1
105,72,487.97,331.36,31.64,27.46,0.6574,1,1
105,79,796.01,964.49,22.86,40.70,0.6755,1,1
105,81,91.25,470.34,35.27,55.78,0.2523,1,1
105,136,357.28,370.77,39.07,29.52,0.8299,1,1
105,139,956.23,844.59,40.79,45.22,0.2801,1,1
105,149,528.30,302.94,43.79,41.38,0.5600,1,1
105,154,735.09,188.11,80.78,79.47,0.2917,1,1
105,155,369.50,301.14,31.74,32.25,0.8153,1,1
105,159,975.53,40.56,21.74,26.58,0.2573,1,1
105,160,691.03,1053.96,37.76,26.02,0.2607,1,1
106,1,1005.75,28.26,49.61,47.73,0.7062,1,1
106,2,427.45,430.42,93.81,90.30,0.8620,1,1
106,3,444.00,117.79,60.87,43.98,0.8841,1,1
106,4,1141.94,374.62,102.24,71.22,0.8819,1,1
106,6,651.27,54.43,50.05,47.28,0.8638,1,1
106,8,450.53,159.87,41.43,35.52,0.5356,1,1
106,9,299.48,245.32,37.49,46.16,0.7549,1,1
106,11,735.68,188.24,80.87,79.09,0.5933,1,1
106,13,267.52,222.06,66.77,54.36,0.8444,1,1
106,16,1451.43,0.01,49.30,30.68,0.7229,1,1
106,17,663.03,94.89,32.73,31.37,0.7384,1,1
106,39,846.09,657.95,129.14,96.50,0.3197,1,1
106,72,488.01,331.36,31.78,27.43,0.6571,1,1
106,79,795.90,964.43,23.03,40.72,0.6757,1,1
106,81,91.63,470.03,35.68,56.18,0.2542,1,1
106,136,357.25,370.73,39.26,29.48,0.8296,1,1
106,139,956.50,844.48,40.18,45.71,0.2821,1,1
106,149,529.41,304.11,41.31,42.16,0.5620,1,1
106,154,735.43,188.08,80.18,79.43,0.2942,1,1
106,155,370.08,301.12,30.59,32.29,0.8140,1,1
106,159,975.68,40.74,21.49,26.46,0.2630,1,1
106,160,692.00,1053.86,39.54,26.16,0.2551,1,1
107,1,1007.06,28.25,47.52,46.64,0.7859,1,1
107,2,427.30,430.03,94.13,90.84,0.8568,1,1
107,3,443.66,117.42,59.97,43.69,0.8841,1,1
107,4,1140.93,373.16,103.66,72.78,0.8767,1,1
107,6,651.40,54.06,49.94,46.76,0.8660,1,1
107,8,449.64,159.46,41.70,35.89,0.5952,1,1
107,9,299.08,245.12,38.08,47.06,0.7551,1,1
107,11,736.74,187.97,80.78,79.47,0.2923,1,1
107,13,267.39,221.98,67.12,54.39,0.8477,1,1
107,16,1451.74,-0.00,49.29,30.40,0.7378,1,1
107,17,662.83,93.58,33.60,32.30,0.7122,1,1
107,39,845.81,657.65,130.14,97.12,0.3402,1,1
107,72,487.76,331.31,32.23,27.73,0.6834,1,1
107,79,796.33,964.54,23.02,40.52,0.6794,1,1
107,136,357.93,370.68,38.77,29.48,0.8418,1,1
107,139,964.87,841.66,40.36,44.50,0.6438,1,1
107,142,1219.23,589.56,36.69,34.91,0.3931,1,1
107,154,736.60,187.81,79.27,79.85,0.5742,1,1
107,155,369.42,300.42,30.99,33.49,0.8539,1,1
107,159,975.46,41.74,21.22,26.22,0.3293,1,1
107,160,687.95,1051.96,46.17,28.03,0.4949,1,1
108,1,1007.38,28.22,45.60,44.74,0.7908,1,1
108,2,428.45,429.74,93.60,90.83,0.8597,1,1
108,3,443.46,117.22,58.89,43.26,0.8743,1,1
108,4,1140.33,372.35,102.88,71.63,0.8797,1,1
108,6,651.47,53.51,50.60,47.47,0.8583,1,1
108,8,449.12,165.30,38.27,32.88,0.5455,1,1
108,9,298.69,245.84,38.58,48.15,0.7469,1,1
108,11,737.27,187.23,80.58,79.85,0.2885,1,1
108,13,267.00,222.02,67.54,54.77,0.8462,1,1
108,16,1451.72,-0.00,49.85,30.57,0.7274,1,1
108,17,662.90,93.29,33.71,32.44,0.6995,1,1
108,39,845.67,657.40,130.53,97.25,0.3514,1,1
108,72,488.19,331.47,32.04,27.02,0.7059,1,1
108,79,796.03,964.68,23.35,41.16,0.7243,1,1
108,136,357.86,370.59,38.35,29.22,0.8411,1,1
108,139,972.62,843.51,40.03,46.80,0.8195,1,1
108,154,737.28,187.14,78.69,80.30,0.5409,1,1
108,155,369.52,300.37,30.83,33.74,0.8637,1,1
108,159,976.05,41.80,20.85,25.99,0.3479,1,1
108,160,686.46,1050.81,51.39,29.18,0.5308,1,1
109,1,1006.48,27.72,45.98,45.36,0.7497,1,1
109,2,429.04,429.70,92.98,90.60,0.8608,1,1
109,3,443.32,117.17,58.03,43.16,0.8701,1,1
109,4,1138.35,371.28,102.59,69.74,0.8671,1,1
109,6,651.52,53.40,51.02,48.04,0.8670,1,1
109,8,448.67,166.20,38.31,32.97,0.5730,1,1
109,9,298.40,246.36,38.44,48.37,0.7550,1,1
109,13,266.46,221.85,67.81,55.38,0.8440,1,1
109,16,1451.62,0.00,50.22,30.81,0.7459,1,1
109,17,663.43,93.69,33.38,32.06,0.7213,1,1
109,39,845.40,657.73,130.28,96.86,0.3421,1,1
109,72,488.60,331.75,32.68,27.33,0.5826,1,1
109,79,796.02,963.82,23.64,42.07,0.7320,1,1
109,128,719.95,170.23,24.55,23.64,0.2878,1,1
109,136,357.83,370.46,38.39,29.16,0.8377,1,1
109,139,980.98,846.81,37.72,42.69,0.8522,1,1
109,154,739.14,187.17,77.82,80.07,0.5754,1,1
109,155,370.64,300.65,30.26,33.52,0.8550,1,1
109,159,976.35,41.91,20.74,26.11,0.3039,1,1
109,160,686.15,1050.91,52.61,29.09,0.3366,1,1
110,1,1005.30,27.94,46.68,45.26,0.7136,1,1
110,2,428.98,429.34,92.92,90.96,0.8596,1,1
110,3,443.80,117.11,58.25,42.96,0.8665,1,1
110,4,1138.80,369.84,101.63,69.29,0.8858,1,1
110,6,651.61,53.16,51.43,48.63,0.8549,1,1
110,8,448.06,162.99,41.03,35.83,0.6028,1,1
110,9,299.39,246.79,37.28,47.20,0.7444,1,1
110,11,739.18,187.29,78.60,79.11,0.6023,1,1
110,13,266.76,222.83,66.98,54.64,0.8448,1,1
110,16,1451.49,0.00,50.30,30.94,0.7430,1,1
110,17,662.74,92.39,34.72,33.48,0.6993,1,1
110,39,845.68,657.58,129.55,96.12,0.2793,1,1
110,72,487.96,328.41,31.15,25.67,0.5334,1,1
110,79,796.16,964.41,23.53,41.94,0.7325,1,1
110,136,357.40,370.59,38.76,29.39,0.8385,1,1
110,139,982.84,851.41,37.06,41.88,0.8120,1,1
110,154,740.03,187.15,76.79,79.05,0.2748,1,1
110,155,370.52,300.82,30.04,33.09,0.8584,1,1
110,160,683.72,1050.94,54.64,29.06,0.4047,1,1
111,1,1006.31,27.94,46.13,44.96,0.6930,1,1
111,2,431.18,429.18,91.16,90.92,0.8751,1,1
111,3,443.34,117.18,58.15,42.83,0.8668,1,1
111,4,1137.36,368.88,102.17,68.57,0.8985,1,1
111,6,652.10,53.08,51.07,47.91,0.8615,1,1
111,8,448.29,161.67,41.44,36.73,0.5995,1,1
111,9,299.16,248.11,37.18,47.07,0.7171,1,1
111,11,739.82,187.07,77.54,78.16,0.4875,1,1
111,13,266.29,223.58,67.40,54.31,0.8354,1,1
111,16,1451.45,0.01,49.41,30.69,0.7228,1,1
111,17,662.72,91.72,35.38,34.16,0.6717,1,1
111,39,845.46,657.21,129.01,95.70,0.3275,1,1
111,72,487.77,327.14,32.13,26.30,0.2885,1,1
111,79,796.21,964.27,23.51,41.95,0.7119,1,1
111,136,356.88,370.43,39.45,29.90,0.8367,1,1
111,139,983.24,854.54,37.28,41.58,0.7892,1,1
111,154,739.36,187.08,76.69,79.23,0.5304,1,1
111,155,370.13,300.86,30.35,33.10,0.8572,1,1
111,160,684.87,1051.08,56.23,28.94,0.4235,1,1
111,164,539.09,323.78,23.64,44.46,0.4578,1,1
112,1,1005.32,27.91,47.21,45.54,0.6907,1,1
112,2,431.56,429.17,90.42,90.96,0.8764,1,1
112,3,443.29,117.16,58.22,42.90,0.8669,1,1
112,4,1137.07,368.89,102.72,68.54,0.8980,1,1
112,6,652.03,53.10,51.22,47.83,0.8625,1,1
112,8,448.45,161.51,41.29,37.12,0.6147,1,1
112,9,299.16,248.19,37.15,47.02,0.7173,1,1
112,11,739.90,187.03,77.29,77.99,0.4838,1,1
112,13,266.09,223.63,67.77,54.18,0.8355,1,1
112,16,1451.59,0.01,49.01,30.68,0.7241,1,1
112,17,662.73,91.59,35.46,34.30,0.6728,1,1
112,39,845.36,657.10,128.91,95.61,0.3359,1,1
112,72,487.63,326.73,32.61,26.51,0.2860,1,1
112,79,796.14,964.00,23.54,42.03,0.7101,1,1
112,136,356.89,370.33,39.52,29.98,0.8371,1,1
112,139,983.09,854.66,37.60,41.57,0.7891,1,1
112,154,739.33,187.06,76.50,79.27,0.5282,1,1
112,155,370.06,300.80,30.45,32.94,0.8532,1,1
112,160,684.46,1051.11,57.75,28.91,0.4238,1,1
112,164,539.09,323.74,23.62,44.50,0.4516,1,1
112,165,-0.14,614.03,26.30,100.04,0.7010,1,1
112,166,680.22,341.61,29.14,30.19,0.6024,1,1
113,1,1005.82,27.80,46.73,45.75,0.7791,1,1
113,2,432.27,428.55,89.92,90.14,0.8731,1,1
113,3,442.88,117.23,57.71,42.92,0.8682,1,1
113,4,1137.69,369.26,101.91,66.23,0.8914,1,1
113,6,652.27,52.73,51.15,46.65,0.8717,1,1
113,8,448.61,161.19,41.06,37.19,0.6008,1,1
113,9,299.31,249.26,36.56,46.00,0.7064,1,1
113,13,266.14,223.94,68.10,54.28,0.8229,1,1
113,16,1451.84,0.01,48.58,30.51,0.7250,1,1
113,17,662.79,90.39,36.02,35.12,0.7046,1,1
113,39,844.94,657.21,129.30,95.96,0.3550,1,1
113,79,795.98,963.82,23.61,42.26,0.6855,1,1
113,136,356.46,370.16,39.88,30.16,0.8328,1,1
113,139,984.10,856.42,37.14,40.96,0.8232,1,1
113,147,891.10,101.08,21.35,22.69,0.3479,1,1
113,154,740.18,186.53,76.00,78.47,0.5180,1,1
113,155,369.55,301.23,30.81,32.67,0.8413,1,1
113,160,685.13,1051.94,57.59,28.07,0.5065,1,1
113,165,2.02,612.78,28.95,101.84,0.7749,1,1
113,166,677.27,344.46,29.19,28.47,0.7634,1,1
113,167,16.76,597.38,23.55,22.71,0.3032,1,1
114,1,1004.21,27.67,48.58,47.69,0.7064,1,1
114,2,433.79,427.67,90.44,91.21,0.8708,1,1
114,3,442.90,117.26,58.24,43.22,0.8691,1,1
114,4,1136.76,368.90,103.32,66.05,0.8927,1,1
114,6,652.20,52.80,51.26,46.02,0.8779,1,1
114,8,448.75,161.16,40.75,37.16,0.5802,1,1
114,9,298.30,250.12,35.71,44.99,0.7115,1,1
114,13,266.15,224.53,67.81,54.00,0.8171,1,1
114,16,1451.49,0.00,48.03,30.51,0.7565,1,1
114,17,663.36,90.55,35.53,34.87,0.6775,1,1
114,39,844.51,657.17,130.11,96.73,0.4268,1,1
114,72,488.80,324.62,31.12,24.98,0.3127,1,1
114,79,796.13,963.56,23.55,42.39,0.6135,1,1
114,104,61.63,337.45,62.34,71.52,0.4034,1,1
114,136,356.15,370.01,40.24,30.40,0.8322,1,1
114,139,986.42,856.32,39.12,42.85,0.8258,1,1
114,147,885.80,100.75,23.26,24.16,0.6562,1,1
114,154,739.93,186.86,76.22,78.02,0.6417,1,1
114,155,369.75,301.41,30.94,32.82,0.8329,1,1
114,160,683.09,1052.89,57.13,27.12,0.4265,1,1
114,165,2.37,609.31,32.16,103.84,0.7822,1,1
114,166,676.54,346.01,30.67,28.51,0.7728,1,1
115,1,1005.59,28.10,47.36,47.78,0.7555,1,1
115,2,434.78,427.53,90.08,90.40,0.8670,1,1
115,3,442.69,117.27,58.52,43.19,0.8680,1,1
115,4,1136.32,368.68,103.77,65.31,0.8900,1,1
115,6,652.12,52.77,51.46,45.58,0.8791,1,1
115,8,449.05,161.70,40.05,36.63,0.5459,1,1
115,9,297.58,249.88,35.90,45.42,0.7076,1,1
115,13,266.14,224.87,66.71,53.16,0.8049,1,1
115,16,1451.60,0.00,47.60,30.49,0.7632,1,1
115,17,663.20,90.10,35.70,34.82,0.6808,1,1
115,39,845.27,657.00,130.21,96.89,0.3937,1,1
115,79,796.34,963.77,23.26,42.11,0.5910,1,1
115,83,72.05,401.38,44.71,33.61,0.3112,1,1
115,104,61.83,337.26,59.65,72.29,0.6323,1,1
115,136,356.12,369.99,40.28,30.32,0.8317,1,1
115,139,991.52,858.87,40.72,42.07,0.8053,1,1
115,147,881.24,107.79,21.85,22.17,0.5031,1,1
115,154,739.50,187.19,76.30,77.85,0.5657,1,1
115,155,369.07,301.30,31.32,32.83,0.8312,1,1
115,165,3.57,608.44,32.90,104.27,0.4168,1,1
115,166,676.98,349.23,31.54,29.11,0.7049,1,1
115,169,701.10,154.23,33.06,33.75,0.3882,1,1
116,1,1006.53,28.18,46.84,48.75,0.8172,1,1
116,2,435.42,427.61,89.93,90.39,0.8707,1,1
116,3,441.96,117.28,58.97,43.54,0.8647,1,1
116,4,1135.27,368.52,105.19,65.41,0.8930,1,1
116,6,651.76,52.70,51.59,45.64,0.8790,1,1
116,8,447.35,160.44,42.12,38.90,0.5361,1,1
116,9,297.62,246.96,36.76,46.78,0.7081,1,1
116,13,265.38,224.65,65.97,53.45,0.8091,1,1
116,16,1452.08,0.00,47.21,30.41,0.7684,1,1
116,17,663.32,90.11,35.99,35.10,0.6724,1,1
116,19,698.19,153.07,28.40,23.55,0.6179,1,1
116,39,844.98,657.10,131.71,97.84,0.4064,1,1
116,79,796.13,963.26,23.33,42.28,0.6241,1,1
116,83,72.50,399.01,44.46,35.76,0.4382,1,1
116,104,61.47,337.63,58.25,72.10,0.5812,1,1
116,109,845.95,657.24,131.13,97.51,0.3746,1,1
116,136,356.09,369.49,40.40,30.42,0.8358,1,1
116,147,876.27,110.89,24.27,25.04,0.3038,1,1
116,154,738.56,187.53,77.73,78.64,0.7100,1,1
116,155,368.95,300.96,31.72,33.30,0.7715,1,1
116,164,541.81,317.82,19.19,34.95,0.4464,1,1
116,165,4.51,606.35,34.94,106.13,0.5256,1,1
116,166,683.17,352.29,30.78,28.68,0.5669,1,1
116,171,926.46,78.77,22.80,20.73,0.5226,1,1
117,1,1007.14,28.04,46.78,49.56,0.7965,1,1
117,2,435.70,427.11,89.69,90.82,0.8622,1,1
117,3,441.69,117.43,58.64,43.30,0.8662,1,1
117,4,1134.87,368.36,105.68,65.06,0.8909,1,1
117,6,651.18,52.48,51.66,45.68,0.8825,1,1
117,8,448.46,160.60,40.60,37.75,0.5531,1,1
117,9,296.95,245.82,36.93,47.26,0.7216,1,1
117,13,264.78,224.27,65.74,54.42,0.8023,1,1
117,16,1452.06,0.00,47.00,30.44,0.7681,1,1
117,17,663.30,89.87,35.81,34.87,0.6917,1,1
117,19,710.73,152.95,32.47,20.56,0.6407,1,1
117,39,846.53,657.94,131.47,97.52,0.5160,1,1
117,79,796.15,961.86,23.72,43.09,0.6429,1,1
117,83,72.36,397.43,43.75,36.76,0.4035,1,1
117,104,61.62,337.93,56.23,70.24,0.4613,1,1
117,127,1137.47,420.11,61.62,51.19,0.3050,1,1
117,136,356.01,369.47,40.40,30.44,0.8366,1,1
117,147,869.49,112.92,25.04,25.99,0.2536,1,1
117,154,737.56,188.01,78.14,79.19,0.6980,1,1
117,155,368.44,300.51,31.95,33.41,0.6813,1,1
117,164,541.30,314.51,20.10,34.32,0.5924,1,1
117,165,5.67,604.97,35.54,105.18,0.3316,1,1
117,171,925.22,79.01,21.42,18.70,0.3211,1,1
117,172,863.80,109.45,29.58,25.47,0.3884,1,1
118,1,1007.40,28.03,46.29,49.58,0.7971,1,1
118,2,435.88,427.09,89.36,90.88,0.8616,1,1
118,3,441.70,117.45,58.66,43.27,0.8665,1,1
118,4,1134.69,368.35,106.08,65.05,0.8909,1,1
118,6,651.17,52.46,51.69,45.69,0.8828,1,1
118,8,448.70,160.62,40.20,37.58,0.5543,1,1
118,9,297.00,245.73,36.70,47.16,0.7238,1,1
118,13,265.15,224.26,64.80,54.44,0.8045,1,1
118,16,1452.13,0.00,46.84,30.44,0.7682,1,1
118,17,663.27,89.87,35.82,34.84,0.6898,1,1
118,19,710.78,152.98,35.23,20.26,0.6401,1,1
118,39,846.75,658.15,131.45,97.39,0.5100,1,1
118,79,796.14,961.68,23.74,43.17,0.6424,1,1
118,83,72.73,397.08,42.74,36.96,0.4114,1,1
118,104,61.85,338.05,55.46,69.81,0.4671,1,1
118,127,1137.22,420.10,62.44,51.13,0.3014,1,1
118,136,356.11,369.47,40.33,30.44,0.8366,1,1
118,147,867.41,113.47,25.16,26.27,0.2535,1,1
118,154,737.52,188.05,78.09,79.23,0.6986,1,1
118,155,368.34,300.48,32.06,33.40,0.6814,1,1
118,164,540.91,314.21,20.85,34.26,0.5922,1,1
118,165,5.56,604.69,36.37,104.77,0.3334,1,1
118,171,924.61,79.17,21.73,18.17,0.3230,1,1
118,172,862.37,109.74,29.37,25.69,0.3861,1,1
119,1,1007.61,28.06,46.27,49.55,0.7785,1,1
119,2,435.68,426.87,89.70,92.33,0.8558,1,1
119,3,441.42,117.34,58.20,43.44,0.8670,1,1
119,4,1133.16,367.93,107.06,66.22,0.8907,1,1
119,6,650.83,52.72,51.68,45.33,0.8818,1,1
119,8,449.01,161.09,39.63,37.29,0.6089,1,1
119,9,297.10,245.33,36.89,47.74,0.7447,1,1
119,11,736.42,188.36,78.94,80.01,0.3669,1,1
119,13,265.51,224.50,64.68,54.63,0.7650,1,1
119,16,1452.47,0.00,46.68,30.35,0.7707,1,1
119,17,663.35,89.43,36.15,35.13,0.7019,1,1
119,19,708.74,155.49,36.21,20.45,0.4135,1,1
119,39,847.51,659.14,129.50,95.78,0.3384,1,1
119,79,795.52,961.35,24.40,44.71,0.6175,1,1
119,83,72.61,397.43,41.74,36.42,0.3630,1,1
119,104,60.65,338.80,55.54,70.40,0.3450,1,1
119,109,847.71,659.38,128.82,95.21,0.3307,1,1
119,127,1136.72,420.07,63.97,52.18,0.3420,1,1
119,136,356.11,369.45,40.38,30.47,0.8347,1,1
119,154,736.70,188.33,79.11,80.47,0.5354,1,1
119,155,368.11,300.05,32.42,33.48,0.7857,1,1
119,164,539.65,308.92,22.82,37.03,0.7193,1,1
119,177,915.32,78.15,28.23,18.95,0.5498,1,1
120,1,1007.81,27.93,46.72,49.82,0.7936,1,1
120,2,435.55,427.37,89.41,92.48,0.8693,1,1
120,3,440.97,117.39,56.98,42.95,0.8670,1,1
120,4,1133.68,366.91,105.77,65.88,0.8992,1,1
120,6,650.60,52.61,51.58,44.88,0.8798,1,1
120,8,448.89,162.85,38.35,36.29,0.6242,1,1
120,9,297.12,245.39,36.12,46.82,0.7447,1,1
120,11,733.50,186.46,81.80,84.14,0.4816,1,1
120,13,265.65,224.58,64.16,54.38,0.7841,1,1
120,16,1452.84,0.00,46.65,30.08,0.7602,1,1
120,17,663.08,89.01,35.87,34.72,0.7131,1,1
120,39,848.14,659.54,128.75,94.81,0.5060,1,1
120,72,500.68,321.75,30.59,24.26,0.5674,1,1
120,79,795.40,961.46,24.42,44.96,0.6565,1,1
120,83,72.62,396.59,41.79,37.63,0.5086,1,1
120,104,59.17,339.47,56.14,71.94,0.4713,1,1
120,109,848.19,659.74,128.51,94.48,0.2618,1,1
120,136,356.11,369.59,40.18,30.24,0.8353,1,1
120,154,734.59,186.93,82.21,84.23,0.5502,1,1
120,155,367.97,300.30,32.28,32.65,0.7930,1,1
120,164,538.87,304.98,23.79,39.56,0.7653,1,1
121,1,1007.48,27.83,47.06,49.70,0.5517,1,1
121,2,436.55,426.65,89.57,92.78,0.8815,1,1
121,3,440.64,117.19,55.72,42.66,0.8586,1,1
121,4,1133.46,366.60,104.47,65.33,0.8988,1,1
121,6,650.77,52.90,51.42,44.63,0.8717,1,1
121,8,448.82,161.72,38.74,36.90,0.6833,1,1
121,9,296.90,245.10,35.44,45.87,0.7495,1,1
121,11,732.34,184.08,84.96,89.12,0.4687,1,1
121,13,264.96,224.72,64.76,54.84,0.7908,1,1
121,16,1453.03,0.00,46.89,29.75,0.7225,1,1
121,17,663.57,88.35,36.14,34.68,0.7445,1,1
121,39,848.36,659.57,129.08,94.30,0.5601,1,1
121,72,505.81,322.63,30.24,23.96,0.4188,1,1
121,79,795.63,957.28,25.05,46.77,0.6064,1,1
121,83,72.89,398.70,40.43,36.75,0.3176,1,1
121,104,58.31,340.34,55.18,71.09,0.2663,1,1
121,136,355.76,370.13,39.36,28.75,0.8394,1,1
121,154,731.07,185.50,86.33,89.24,0.3315,1,1
121,164,539.06,302.97,23.12,37.74,0.7003,1,1
121,180,89.02,527.08,33.39,23.00,0.2704,1,1
122,1,1007.66,27.50,47.44,50.12,0.3458,1,1
122,2,437.16,426.38,88.86,92.82,0.8882,1,1
122,3,440.64,117.16,54.92,42.48,0.8567,1,1
122,4,1133.44,366.49,104.17,64.44,0.8869,1,1
122,6,650.93,52.74,51.39,43.99,0.8760,1,1
122,8,448.92,161.13,38.59,37.03,0.7125,1,1
122,9,296.08,245.56,35.91,46.61,0.7344,1,1
122,11,733.95,182.80,82.41,90.89,0.6580,1,1
122,13,265.20,224.98,64.48,54.77,0.8130,1,1
122,16,1453.07,-0.00,47.70,29.80,0.7187,1,1
122,17,663.99,88.24,36.11,34.46,0.7560,1,1
122,39,848.98,660.02,127.59,92.25,0.5233,1,1
122,72,506.69,322.84,28.90,22.60,0.5640,1,1
122,79,795.73,958.02,24.73,46.63,0.6308,1,1
122,83,72.92,398.06,40.76,37.41,0.3468,1,1
122,125,1008.03,28.07,48.06,49.74,0.5505,1,1
122,136,355.38,369.98,40.01,28.83,0.8365,1,1
122,155,366.95,299.92,32.92,33.11,0.3658,1,1
122,164,539.03,301.96,23.72,38.46,0.6901,1,1
122,180,88.25,526.85,33.99,24.22,0.6688,1,1
122,184,677.53,344.86,30.80,31.38,0.4412,1,1
123,1,1007.67,27.39,47.64,50.36,0.2979,1,1
123,2,437.23,426.20,88.69,94.18,0.8908,1,1
123,3,440.45,117.17,55.17,43.37,0.8555,1,1
123,4,1132.99,365.54,104.56,64.17,0.8924,1,1
123,6,651.36,52.36,51.27,43.30,0.8770,1,1
123,8,448.82,160.73,38.72,37.57,0.7733,1,1
123,9,296.74,245.20,35.65,46.52,0.7302,1,1
123,11,735.64,182.02,82.36,91.63,0.2832,1,1
123,13,265.30,224.99,64.39,54.50,0.8087,1,1
123,16,1453.13,0.00,48.37,29.79,0.7221,1,1
123,17,664.00,87.99,36.37,34.29,0.7689,1,1
123,39,848.39,659.92,130.33,94.05,0.5915,1,1
123,72,506.16,322.62,26.10,20.06,0.4511,1,1
123,79,796.38,956.64,24.56,46.96,0.6642,1,1
123,125,1008.00,28.08,48.20,49.83,0.5746,1,1
123,136,355.25,370.27,39.88,28.48,0.8365,1,1
123,154,732.78,183.17,87.19,92.66,0.4663,1,1
123,155,367.19,300.75,32.92,32.75,0.6811,1,1
123,164,539.16,301.40,24.01,38.71,0.5449,1,1
124,1,1007.69,27.34,47.64,50.39,0.2904,1,1
124,2,437.55,426.16,88.13,94.23,0.8914,1,1
124,3,440.66,117.15,54.76,43.39,0.8554,1,1
124,4,1132.86,365.55,104.82,64.07,0.8924,1,1
124,6,651.20,52.33,51.59,43.33,0.8766,1,1
124,8,448.91,160.49,38.62,37.78,0.7739,1,1
124,9,296.76,245.20,35.68,46.70,0.7262,1,1
124,11,736.47,181.78,81.82,91.83,0.2865,1,1
124,13,265.37,224.79,64.64,54.70,0.8149,1,1
124,16,1452.91,0.00,48.85,29.80,0.7221,1,1
124,17,663.88,87.98,36.64,34.29,0.7688,1,1
124,39,848.22,659.88,130.86,94.33,0.5895,1,1
124,72,505.86,322.58,25.80,19.55,0.4507,1,1
124,79,796.55,956.22,24.39,47.07,0.6599,1,1
124,125,1008.01,28.06,48.22,49.82,0.5866,1,1
124,136,355.13,370.28,40.02,28.48,0.8370,1,1
124,154,733.83,182.95,85.53,93.05,0.4656,1,1
124,155,367.06,300.79,33.23,32.81,0.6788,1,1
124,164,539.12,301.32,24.16,38.76,0.5438,1,1
124,186,706.77,164.65,30.70,29.06,0.7157,1,1
125,1,1007.69,27.43,47.46,50.20,0.4117,1,1
125,2,438.11,426.42,87.42,93.49,0.8911,1,1
125,3,441.09,117.14,54.43,42.89,0.8520,1,1
125,4,1132.62,364.59,104.35,64.31,0.9010,1,1
125,6,651.59,52.15,51.83,43.76,0.8792,1,1
125,8,449.56,160.73,37.86,37.17,0.7812,1,1
125,9,296.64,244.25,35.87,47.29,0.7368,1,1
125,11,738.00,182.32,80.11,90.93,0.4779,1,1
125,13,265.02,224.45,64.99,55.38,0.8070,1,1
125,16,1452.60,0.01,49.55,30.25,0.7135,1,1
125,17,663.84,87.76,37.02,34.42,0.7748,1,1
125,39,847.51,660.15,131.52,94.63,0.4592,1,1
125,72,503.94,320.13,28.25,21.13,0.4338,1,1
125,79,796.26,955.93,24.46,47.55,0.6466,1,1
125,83,74.10,397.66,40.33,37.25,0.3328,1,1
125,104,58.57,340.41,53.25,68.81,0.2572,1,1
125,125,1007.87,28.08,48.14,49.71,0.4235,1,1
125,136,354.84,369.80,40.59,28.86,0.8361,1,1
125,155,367.04,300.88,33.60,33.10,0.6959,1,1
125,164,540.01,301.46,25.38,39.75,0.7140,1,1
125,186,708.64,164.70,27.73,25.35,0.7023,1,1
125,188,642.79,872.81,126.19,137.99,0.4257,1,1
126,2,437.97,426.29,87.77,93.85,0.8925,1,1
126,3,441.18,117.18,55.06,43.35,0.8503,1,1
126,4,1133.06,364.48,103.50,63.90,0.9009,1,1
126,6,651.71,51.88,51.56,43.52,0.8801,1,1
126,8,450.35,160.54,38.35,37.77,0.7732,1,1
126,9,296.93,244.75,35.45,46.80,0.7225,1,1
126,11,740.79,181.79,78.76,90.64,0.5004,1,1
126,13,264.50,224.51,64.80,55.93,0.8285,1,1
126,16,1451.75,0.01,47.94,29.80,0.7164,1,1
126,17,663.66,87.94,37.20,34.39,0.7709,1,1
126,39,845.13,660.17,133.02,95.45,0.2903,1,1
126,72,503.01,315.16,34.01,24.52,0.6787,1,1
126,79,796.00,957.93,24.20,47.03,0.7051,1,1
126,83,74.71,397.47,39.78,36.98,0.2960,1,1
126,125,1007.84,27.87,47.80,49.49,0.5528,1,1
126,136,354.93,369.97,40.59,28.84,0.8358,1,1
126,155,366.79,300.77,34.21,33.79,0.6536,1,1
126,164,541.00,300.98,24.96,38.74,0.5833,1,1
126,186,713.24,165.52,24.35,21.18,0.5527,1,1
126,188,645.78,873.95,124.77,136.34,0.3940,1,1
127,2,438.31,426.32,88.17,93.74,0.8914,1,1
127,3,441.70,116.89,55.22,43.13,0.8451,1,1
127,4,1133.92,364.27,102.50,63.26,0.8993,1,1
127,6,651.51,51.76,51.58,43.17,0.8774,1,1
127,8,450.64,159.70,38.74,38.64,0.7963,1,1
127,9,296.82,245.04,35.31,46.44,0.7218,1,1
127,11,744.15,181.58,76.82,88.50,0.4989,1,1
127,13,264.80,224.53,64.36,55.70,0.8272,1,1
127,16,1450.57,0.01,46.11,30.41,0.7220,1,1
127,17,663.22,87.49,37.78,34.83,0.7710,1,1
127,39,843.13,660.29,135.24,96.84,0.3812,1,1
127,72,500.31,313.04,35.69,25.69,0.7470,1,1
127,79,796.09,958.17,23.95,46.48,0.7265,1,1
127,83,76.06,398.42,38.11,35.67,0.5010,1,1
127,109,843.66,660.09,133.08,96.88,0.2701,1,1
127,125,1007.57,27.72,47.42,49.50,0.6408,1,1
127,136,354.89,369.99,40.72,28.87,0.8367,1,1
127,155,367.51,301.02,33.91,33.62,0.5454,1,1
127,164,541.98,301.44,23.95,36.26,0.5752,1,1
127,186,715.16,165.72,22.12,18.41,0.4532,1,1
127,188,647.01,873.22,125.08,136.50,0.3803,1,1
127,190,902.54,132.31,74.50,70.53,0.3307,1,1
128,2,438.30,425.90,87.97,93.86,0.8949,1,1
128,3,442.31,116.67,55.73,42.90,0.8546,1,1
128,4,1134.83,364.17,101.39,63.06,0.8996,1,1
128,6,651.02,53.08,51.41,42.13,0.8722,1,1
128,8,451.26,159.44,38.27,38.39,0.7748,1,1
128,9,296.95,244.95,35.56,46.71,0.7348,1,1
128,11,744.31,181.47,76.63,88.60,0.4542,1,1
128,13,264.90,224.83,64.03,55.68,0.8262,1,1
128,16,1452.40,0.00,42.91,29.84,0.7432,1,1
128,17,663.01,87.47,38.07,35.38,0.7691,1,1
128,39,843.57,660.59,135.40,96.51,0.4853,1,1
128,72,493.97,310.97,37.07,28.84,0.7251,1,1
128,78,950.33,796.49,49.50,44.92,0.3217,1,1
128,79,796.10,956.49,24.19,47.13,0.7306,1,1
128,83,76.59,398.31,37.62,35.45,0.5858,1,1
128,125,1007.38,27.89,47.32,49.57,0.6019,1,1
128,136,354.95,370.00,40.66,28.82,0.8379,1,1
128,155,367.96,301.23,33.64,33.51,0.5011,1,1
128,164,541.64,300.50,24.61,36.83,0.6294,1,1
128,186,720.57,162.25,24.78,20.11,0.3195,1,1
128,188,642.22,869.92,129.42,140.68,0.4461,1,1
128,190,900.72,134.56,74.69,71.28,0.3652,1,1
129,1,1007.03,27.84,46.90,50.02,0.5083,1,1
129,2,439.43,426.57,86.80,93.72,0.8537,1,1
129,3,442.26,116.62,56.08,42.79,0.8537,1,1
129,4,1134.97,364.53,101.75,62.78,0.8991,1,1
129,6,650.63,54.04,51.51,41.22,0.8667,1,1
129,8,451.21,158.96,38.30,38.72,0.7771,1,1
129,9,297.32,244.94,35.17,46.18,0.7291,1,1
129,11,744.12,180.07,76.79,89.52,0.3765,1,1
129,13,265.34,226.11,62.47,54.11,0.8236,1,1
129,16,1454.52,0.00,41.65,29.96,0.7429,1,1
129,17,663.40,87.14,37.57,35.45,0.7729,1,1
129,39,845.60,661.48,134.29,94.97,0.5223,1,1
129,72,490.34,313.97,32.99,31.40,0.8146,1,1
129,78,950.46,798.30,46.21,43.58,0.4670,1,1
129,79,795.64,958.85,23.90,46.14,0.7448,1,1
129,83,76.42,396.32,38.46,37.17,0.6702,1,1
129,104,60.74,343.27,50.64,64.43,0.3527,1,1
129,136,355.03,370.02,40.52,28.73,0.8367,1,1
129,155,368.04,301.25,33.37,33.43,0.5220,1,1
129,164,542.03,300.72,22.83,34.01,0.2958,1,1
129,188,645.28,870.62,128.17,139.35,0.3457,1,1
129,192,71.39,523.01,36.27,26.95,0.6177,1,1
130,1,1007.12,27.84,46.64,50.00,0.5112,1,1
130,2,439.67,426.24,86.34,94.07,0.8587,1,1
130,3,442.09,116.52,56.28,42.88,0.8536,1,1
130,4,1134.80,364.47,101.99,62.91,0.8991,1,1
130,6,650.33,54.06,52.11,41.22,0.8668,1,1
130,8,451.31,159.02,38.14,38.71,0.7756,1,1
130,9,297.44,245.00,35.10,46.06,0.7288,1,1
130,11,744.30,179.73,76.38,89.70,0.3657,1,1
130,13,265.22,225.96,62.90,54.42,0.8175,1,1
130,16,1455.07,-0.00,40.70,29.97,0.7439,1,1
130,17,663.60,87.14,37.21,35.47,0.7726,1,1
130,39,845.83,661.62,134.30,94.34,0.5088,1,1
130,72,491.71,314.06,29.89,31.49,0.8133,1,1
130,78,950.77,798.67,45.13,43.30,0.4560,1,1
130,79,795.58,958.95,24.02,46.06,0.7469,1,1
130,83,76.54,396.04,38.17,37.39,0.6576,1,1
130,104,60.61,343.22,50.99,64.25,0.3339,1,1
130,136,355.09,370.02,40.47,28.74,0.8368,1,1
130,155,368.09,301.27,33.17,33.38,0.5344,1,1
130,164,542.22,301.00,22.41,33.21,0.2944,1,1
130,188,645.91,870.84,127.94,139.12,0.3285,1,1
130,192,71.90,523.00,35.82,27.01,0.6166,1,1
130,193,3.36,604.24,65.62,101.78,0.3522,1,1
130,194,863.78,262.63,30.29,24.71,0.3219,1,1
131,1,1006.62,28.14,45.99,49.46,0.4304,1,1
131,2,440.48,426.73,85.20,93.94,0.8443,1,1
131,3,442.39,116.35,56.16,42.98,0.8530,1,1
131,4,1135.15,364.94,101.88,62.32,0.8901,1,1
131,6,649.73,54.63,52.42,41.36,0.8625,1,1
131,8,451.48,158.64,38.08,38.75,0.7600,1,1
131,9,298.24,245.20,34.47,45.03,0.7219,1,1
131,11,745.75,179.62,73.77,86.99,0.3134,1,1
131,13,264.98,226.12,63.00,54.49,0.8226,1,1
131,16,1456.20,0.00,40.15,30.67,0.7639,1,1
131,17,664.87,86.89,36.81,36.18,0.7487,1,1
131,39,847.44,662.11,134.50,94.02,0.5403,1,1
131,72,488.41,318.74,34.37,38.97,0.7689,1,1
131,78,949.63,798.80,44.90,43.63,0.2978,1,1
131,79,795.14,957.01,24.65,47.40,0.7479,1,1
131,83,76.06,395.23,38.29,38.35,0.7539,1,1
131,92,953.91,58.62,23.93,17.38,0.4084,1,1
131,104,63.53,347.02,47.71,56.56,0.4992,1,1
131,125,1006.21,28.26,46.74,49.26,0.5301,1,1
131,136,354.99,370.02,40.43,28.71,0.8369,1,1
131,155,367.77,301.19,33.16,33.41,0.4954,1,1
131,164,542.36,300.31,21.31,31.04,0.2533,1,1
131,188,645.87,871.28,129.44,140.95,0.3452,1,1
131,193,4.89,604.57,65.06,100.77,0.4487,1,1
131,194,865.10,265.43,29.01,23.69,0.2788,1,1
131,195,151.37,558.23,32.44,53.53,0.7732,1,1
132,1,1005.68,28.34,46.26,49.91,0.6061,1,1
132,2,440.92,426.51,84.26,94.69,0.8560,1,1
132,3,442.41,116.33,56.17,43.18,0.8513,1,1
132,4,1135.26,365.53,102.45,62.27,0.8927,1,1
132,6,649.20,54.58,52.29,41.79,0.8654,1,1
132,8,451.45,158.67,38.08,38.80,0.7719,1,1
132,9,298.84,246.10,34.35,44.53,0.7078,1,1
132,11,746.55,179.73,72.22,85.33,0.3050,1,1
132,13,265.02,227.46,63.91,55.02,0.8309,1,1
132,16,1457.53,0.00,39.63,30.73,0.7686,1,1
132,17,663.84,86.93,36.43,36.67,0.7593,1,1
132,39,848.06,662.36,134.34,93.19,0.5609,1,1
132,72,490.85,323.05,31.55,36.36,0.8024,1,1
132,79,794.29,956.69,24.86,47.70,0.7731,1,1
132,83,74.97,393.48,39.50,39.98,0.7886,1,1
132,92,953.53,57.15,24.85,18.07,0.7569,1,1
132,104,60.73,340.81,53.45,62.59,0.7290,1,1
132,125,1004.53,28.41,46.99,49.10,0.5423,1,1
132,136,354.90,369.94,40.38,28.78,0.8375,1,1
132,142,1219.56,594.75,42.84,38.37,0.2566,1,1
132,155,367.41,301.45,33.19,33.49,0.3816,1,1
132,164,542.26,299.30,20.46,28.96,0.2674,1,1
132,188,647.58,871.25,128.96,140.33,0.4611,1,1
132,193,5.19,605.08,65.60,101.55,0.5553,1,1
132,194,862.23,267.39,30.43,25.14,0.5860,1,1
132,195,164.83,566.96,31.04,50.37,0.5318,1,1
133,1,1005.56,28.93,45.75,49.30,0.6025,1,1
133,2,441.88,425.45,83.28,94.83,0.8283,1,1
133,3,441.95,116.38,56.02,42.94,0.8478,1,1
133,4,1135.80,365.92,103.22,62.46,0.8861,1,1
133,6,649.02,54.94,51.56,41.75,0.8639,1,1
133,8,451.24,158.64,38.05,38.79,0.7618,1,1
133,9,298.45,246.16,34.68,44.85,0.7155,1,1
133,11,747.48,179.86,71.59,84.27,0.2777,1,1
133,13,264.39,226.45,63.52,54.88,0.8402,1,1
133,16,1458.44,0.00,39.18,30.88,0.7620,1,1
133,17,662.67,87.71,35.34,35.75,0.7590,1,1
133,39,847.08,662.56,136.23,93.77,0.6225,1,1
133,79,793.05,956.71,25.50,49.07,0.7323,1,1
133,83,75.90,394.98,38.18,38.51,0.7783,1,1
133,92,955.67,57.15,25.33,18.50,0.7151,1,1
133,104,59.67,340.31,56.35,64.60,0.8532,1,1
133,125,1004.15,29.02,46.81,48.35,0.6026,1,1
133,136,354.74,369.76,40.75,29.06,0.8375,1,1
133,149,499.42,330.18,29.61,27.51,0.6532,1,1
133,155,367.38,301.50,33.23,33.61,0.5459,1,1
133,164,537.25,302.79,23.93,30.14,0.6798,1,1
133,188,643.21,868.33,133.23,144.62,0.4684,1,1
133,193,5.53,605.95,65.80,101.69,0.3688,1,1
133,196,718.62,157.03,33.05,22.04,0.4590,1,1
133,198,163.88,496.56,22.80,22.89,0.6222,1,1
134,1,1005.46,29.11,44.99,48.39,0.4213,1,1
134,2,441.99,424.82,82.86,97.14,0.8356,1,1
134,3,441.51,116.49,56.02,42.76,0.8498,1,1
134,4,1137.12,366.04,103.93,63.73,0.8807,1,1
134,6,648.43,54.74,51.57,42.07,0.8709,1,1
134,8,450.67,158.47,38.10,39.03,0.7662,1,1
134,9,298.92,245.86,34.31,44.00,0.7151,1,1
134,11,747.38,179.81,72.50,85.39,0.3099,1,1
134,13,264.47,226.21,64.01,55.25,0.8386,1,1
134,16,1459.85,-0.00,38.59,30.76,0.7450,1,1
134,17,662.31,87.93,35.10,35.34,0.7687,1,1
134,39,846.87,662.68,137.81,95.24,0.7152,1,1
134,79,792.38,955.35,25.86,50.08,0.6943,1,1
134,83,74.09,392.64,39.59,39.82,0.7317,1,1
134,92,957.77,56.32,23.80,16.91,0.7174,1,1
134,104,59.55,341.81,57.06,62.80,0.8604,1,1
134,125,1003.86,29.18,46.68,47.72,0.6893,1,1
134,136,354.89,369.75,40.55,28.99,0.8388,1,1
134,155,367.31,301.55,33.11,33.51,0.5809,1,1
134,164,534.81,303.40,26.62,30.24,0.7668,1,1
134,188,643.03,867.69,133.75,144.86,0.5029,1,1
134,190,894.78,146.32,77.79,74.52,0.4681,1,1
134,193,5.58,606.35,66.28,102.47,0.3402,1,1
134,194,863.59,275.49,31.19,25.86,0.3886,1,1
134,196,717.26,156.76,33.97,22.71,0.2727,1,1
134,198,161.18,495.67,25.85,26.67,0.6570,1,1
135,1,1004.79,28.59,45.27,48.65,0.2697,1,1
135,2,443.50,424.59,80.97,97.05,0.8218,1,1
135,3,441.20,116.53,56.12,42.89,0.8475,1,1
135,4,1138.72,368.19,103.56,63.71,0.8637,1,1
135,6,647.39,54.18,52.56,43.64,0.8672,1,1
135,8,450.80,158.72,38.00,38.64,0.7698,1,1
135,9,298.79,245.34,34.50,44.04,0.7305,1,1
135,11,749.10,180.75,71.43,82.61,0.6178,1,1
135,13,263.27,226.05,64.08,55.49,0.8428,1,1
135,16,1460.52,0.00,38.35,30.66,0.7495,1,1
135,17,661.91,87.67,35.46,35.78,0.7819,1,1
135,39,846.99,662.68,137.40,95.66,0.7754,1,1
135,79,792.32,954.84,25.96,50.73,0.7065,1,1
135,83,72.61,388.67,42.58,43.85,0.7403,1,1
135,92,959.17,55.39,24.86,17.36,0.7366,1,1
135,104,59.33,343.24,56.79,59.41,0.8129,1,1
135,125,1003.75,29.58,46.63,47.30,0.6770,1,1
135,136,354.72,369.73,40.72,29.16,0.8380,1,1
135,139,1006.28,857.88,48.79,46.35,0.3419,1,1
135,155,367.34,301.68,33.04,33.46,0.6516,1,1
135,164,534.24,303.19,26.53,30.37,0.4742,1,1
135,188,647.63,868.81,132.53,143.92,0.5030,1,1
135,190,893.98,148.81,76.37,73.10,0.4707,1,1
135,194,863.23,279.33,30.48,25.38,0.4209,1,1
135,196,722.72,151.15,36.01,25.13,0.6758,1,1
135,198,159.36,496.94,25.11,25.63,0.4501,1,1
135,202,131.40,528.04,28.74,40.19,0.8454,1,1
136,1,1004.57,28.40,45.41,48.74,0.2691,1,1
136,2,444.05,424.60,79.89,97.07,0.8214,1,1
136,3,441.20,116.52,56.05,42.85,0.8475,1,1
136,4,1138.79,368.20,103.42,63.75,0.8636,1,1
136,6,647.54,54.19,52.21,43.73,0.8634,1,1
136,8,450.70,158.73,38.17,38.62,0.7675,1,1
136,9,298.70,245.34,34.67,44.13,0.7316,1,1
136,11,748.92,180.81,71.98,82.45,0.6129,1,1
136,13,263.34,226.05,63.94,55.45,0.8432,1,1
136,16,1460.62,-0.00,38.26,30.66,0.7496,1,1
136,17,661.77,87.76,35.49,35.78,0.7777,1,1
136,39,847.19,662.70,137.05,95.75,0.7685,1,1
136,79,792.36,954.83,25.85,50.86,0.7064,1,1
136,83,72.83,388.34,42.18,44.19,0.7398,1,1
136,92,959.16,55.33,25.15,17.38,0.7380,1,1
136,104,58.44,343.32,58.65,59.44,0.8131,1,1
136,125,1003.63,29.61,46.84,47.27,0.6769,1,1
136,136,354.85,369.65,40.76,29.26,0.8391,1,1
136,139,1005.31,857.78,50.93,46.41,0.3438,1,1
136,155,367.32,301.66,33.08,33.50,0.6325,1,1
136,164,534.22,303.14,26.36,30.43,0.4734,1,1
136,188,648.53,869.00,132.02,143.64,0.4951,1,1
136,190,893.83,149.21,76.14,72.83,0.4770,1,1
136,194,863.15,279.97,30.05,25.12,0.4804,1,1
136,196,723.56,150.74,35.23,25.34,0.6750,1,1
136,198,158.93,497.26,24.99,25.25,0.4477,1,1
136,202,131.39,528.01,29.01,40.18,0.8455,1,1
136,203,295.79,251.36,36.16,45.86,0.3962,1,1
137,1,1005.16,29.07,44.96,48.30,0.7118,1,1
137,2,445.26,422.31,81.24,101.58,0.8220,1,1
137,3,440.72,116.30,56.45,43.12,0.8465,1,1
137,4,1142.38,369.47,101.59,62.83,0.8323,1,1
137,6,647.69,53.82,52.05,43.94,0.8664,1,1
137,8,450.15,159.07,38.67,38.89,0.7904,1,1
137,9,298.59,245.37,34.83,44.17,0.7289,1,1
137,11,749.20,180.99,73.12,83.15,0.6710,1,1
137,13,263.50,226.45,64.03,55.18,0.8460,1,1
137,16,1460.94,0.00,38.16,30.60,0.7542,1,1
137,17,661.96,87.49,35.47,35.78,0.7811,1,1
137,39,847.50,662.83,136.87,95.80,0.7310,1,1
137,78,953.30,802.85,42.25,42.46,0.3106,1,1
137,79,791.85,955.47,26.01,51.22,0.7318,1,1
137,83,73.86,385.35,41.27,43.33,0.7452,1,1
137,92,959.19,54.62,25.66,17.77,0.7304,1,1
137,104,57.91,344.54,58.58,53.01,0.8440,1,1
137,136,355.17,369.73,40.70,29.42,0.8417,1,1
137,155,367.27,301.47,33.09,33.48,0.6044,1,1
137,164,529.66,298.81,27.22,31.27,0.4605,1,1
137,188,645.18,867.09,133.75,145.00,0.5856,1,1
137,190,890.36,150.44,78.44,75.94,0.6298,1,1
137,196,724.97,153.12,34.37,23.94,0.6826,1,1
137,198,160.22,498.55,24.49,23.76,0.6451,1,1
137,202,138.73,530.81,30.14,39.36,0.8640,1,1
137,203,295.83,251.22,36.00,45.68,0.3940,1,1
138,1,1004.42,29.12,45.09,48.53,0.7627,1,1
138,2,445.23,421.40,80.78,102.98,0.7691,1,1
138,3,440.22,115.78,56.79,44.26,0.8507,1,1
138,4,1142.64,371.86,103.46,65.13,0.8601,1,1
138,6,648.46,53.81,51.87,44.74,0.8714,1,1
138,8,449.72,159.37,38.49,38.17,0.7721,1,1
138,9,299.20,245.83,34.15,42.99,0.7167,1,1
138,11,748.86,181.34,73.76,83.75,0.6789,1,1
138,13,263.48,226.59,63.89,54.83,0.8526,1,1
138,16,1461.12,-0.00,37.87,30.23,0.7563,1,1
138,17,661.86,88.24,35.33,35.46,0.7680,1,1
138,39,847.94,662.74,135.85,95.89,0.7757,1,1
138,78,951.96,803.17,42.34,42.92,0.3138,1,1
138,79,791.92,956.04,25.50,50.30,0.6625,1,1
138,83,76.14,382.37,40.78,42.86,0.7173,1,1
138,92,959.39,54.01,26.36,18.52,0.7172,1,1
138,104,55.25,345.78,62.02,50.89,0.8439,1,1
138,127,1140.73,421.42,66.60,54.20,0.4729,1,1
138,136,355.35,369.68,40.57,29.43,0.8399,1,1
138,155,367.25,301.54,33.07,33.45,0.6340,1,1
138,164,526.25,291.18,28.09,33.22,0.6353,1,1
138,188,646.55,865.68,133.06,143.13,0.5792,1,1
138,190,889.20,152.12,77.96,75.76,0.6253,1,1
138,196,724.79,153.40,33.93,22.96,0.5846,1,1
138,198,158.32,497.37,26.44,25.37,0.5126,1,1
138,202,145.03,536.18,33.16,35.63,0.8869,1,1
138,203,296.42,251.82,35.04,44.34,0.3670,1,1
139,1,1004.93,29.05,45.66,49.29,0.8154,1,1
139,2,444.84,418.46,83.32,107.68,0.6458,1,1
139,3,441.09,116.54,55.90,43.33,0.8512,1,1
139,4,1144.16,371.60,103.47,66.59,0.8568,1,1
139,6,649.25,53.69,51.76,45.47,0.8789,1,1
139,8,449.93,160.12,38.41,37.38,0.7729,1,1
139,9,299.57,246.30,34.43,43.09,0.7269,1,1
139,11,748.48,181.80,74.86,85.21,0.7505,1,1
139,13,263.56,226.70,64.34,54.95,0.8407,1,1
139,16,1461.50,-0.00,37.93,30.14,0.7501,1,1
139,17,661.74,89.39,35.35,35.17,0.7188,1,1
139,39,848.58,662.86,134.78,95.49,0.7322,1,1
139,78,949.40,801.69,45.45,45.30,0.6043,1,1
139,79,791.89,957.54,25.15,49.50,0.6055,1,1
139,83,78.34,382.03,40.96,43.39,0.7899,1,1
139,92,960.47,54.67,25.44,17.86,0.7177,1,1
139,104,53.53,347.23,63.38,47.60,0.8275,1,1
139,136,355.32,369.62,40.60,29.46,0.8403,1,1
139,155,367.29,301.70,32.95,33.32,0.5304,1,1
139,164,524.40,292.24,31.91,39.10,0.7492,1,1
139,188,647.85,865.02,132.36,140.46,0.6855,1,1
139,190,887.56,153.33,78.94,76.96,0.5730,1,1
139,193,7.69,608.60,65.81,101.03,0.2889,1,1
139,194,859.61,289.73,33.05,27.50,0.3265,1,1
139,196,724.10,152.74,35.72,24.20,0.3278,1,1
139,198,157.96,495.94,26.50,25.06,0.4598,1,1
139,202,148.02,537.71,38.71,38.54,0.8918,1,1
139,203,296.48,251.20,35.46,44.85,0.3469,1,1
140,1,1004.46,28.63,46.07,49.57,0.8441,1,1
140,2,445.55,417.83,83.35,109.39,0.6051,1,1
140,3,440.90,116.94,56.50,44.48,0.8451,1,1
140,4,1145.46,372.17,104.25,68.40,0.8666,1,1
140,6,650.69,53.35,51.90,46.48,0.8818,1,1
140,8,450.22,160.58,38.32,36.82,0.7660,1,1
140,9,299.40,246.48,34.55,43.03,0.7101,1,1
140,11,749.26,182.36,73.14,82.55,0.7338,1,1
140,13,263.65,226.30,65.46,55.41,0.8493,1,1
140,16,1461.97,-0.00,37.62,29.99,0.7472,1,1
140,17,663.82,91.73,33.50,32.86,0.7060,1,1
140,39,848.67,662.96,134.92,95.74,0.6953,1,1
140,78,952.22,803.05,46.07,45.96,0.3491,1,1
140,79,790.62,959.47,25.62,50.12,0.5896,1,1
140,83,81.32,380.97,40.43,44.40,0.8042,1,1
140,92,962.48,56.42,24.36,17.37,0.7029,1,1
140,104,51.47,347.68,66.01,46.78,0.8223,1,1
140,127,1148.48,427.14,61.77,50.98,0.3260,1,1
140,136,355.40,369.61,40.65,29.46,0.8397,1,1
140,155,367.25,301.87,32.94,33.26,0.6875,1,1
140,164,528.05,303.97,25.77,28.34,0.6416,1,1
140,188,649.98,862.71,129.25,135.48,0.6855,1,1
140,190,886.01,155.44,79.53,77.99,0.5864,1,1
140,193,7.74,608.58,66.43,101.19,0.3454,1,1
140,194,859.34,292.47,32.24,26.63,0.5744,1,1
140,196,722.85,150.17,36.96,25.81,0.5651,1,1
140,198,160.04,496.83,25.19,23.18,0.3058,1,1
140,202,146.45,536.77,38.11,35.71,0.8920,1,1
140,203,296.53,250.90,35.51,44.89,0.3404,1,1
140,206,785.63,965.27,27.56,46.21,0.3028,1,1
141,1,1003.41,28.69,46.41,49.57,0.8408,1,1
141,2,446.26,418.04,82.11,109.29,0.5886,1,1
141,3,440.92,117.17,56.09,44.89,0.8402,1,1
141,4,1146.53,374.11,103.34,68.46,0.8685,1,1
141,6,651.61,53.48,51.83,46.34,0.8832,1,1
141,8,450.16,159.86,39.14,37.57,0.7871,1,1
141,9,299.74,245.78,34.78,43.27,0.7275,1,1
141,11,747.66,182.33,74.74,84.69,0.5295,1,1
141,13,262.92,225.45,66.57,56.95,0.8541,1,1
141,16,1462.53,-0.01,37.54,30.11,0.7396,1,1
141,17,663.98,91.95,33.40,32.41,0.7369,1,1
141,39,848.84,662.97,134.94,96.05,0.6701,1,1
141,79,786.69,964.89,24.73,46.88,0.3104,1,1
141,83,85.05,378.49,38.54,44.40,0.8158,1,1
141,92,957.15,59.22,27.25,20.01,0.7189,1,1
141,104,50.76,347.42,67.20,45.27,0.8241,1,1
141,136,355.32,369.65,40.52,29.35,0.8431,1,1
141,155,367.59,302.36,33.03,33.42,0.7517,1,1
141,188,653.23,862.42,129.37,134.50,0.7455,1,1
141,190,886.14,156.54,77.99,76.28,0.5099,1,1
141,193,8.03,608.61,66.61,100.87,0.3481,1,1
141,194,859.39,291.49,31.54,25.79,0.7782,1,1
141,196,711.61,146.97,34.94,25.45,0.7285,1,1
141,198,166.31,498.22,28.79,24.69,0.6971,1,1
141,202,143.94,533.60,37.08,32.44,0.8806,1,1
141,203,296.47,250.23,36.04,45.66,0.2778,1,1
141,206,787.04,961.09,29.46,50.07,0.5710,1,1
141,207,1196.89,607.20,37.05,39.84,0.4813,1,1
142,1,1003.31,28.70,46.58,49.56,0.8413,1,1
142,2,446.81,418.14,81.02,109.24,0.5973,1,1
142,3,441.16,117.18,55.56,44.90,0.8402,1,1
142,4,1146.82,374.20,102.80,68.37,0.8682,1,1
142,6,651.60,53.46,51.87,46.36,0.8836,1,1
142,8,450.15,159.84,39.21,37.61,0.7877,1,1
142,9,299.74,245.81,34.82,43.28,0.7284,1,1
142,11,747.47,182.33,74.82,85.16,0.5383,1,1
142,13,263.05,225.46,66.24,56.97,0.8540,1,1
142,16,1462.64,-0.00,37.39,30.11,0.7398,1,1
142,17,663.86,92.03,33.61,32.35,0.7405,1,1
142,39,849.05,662.98,134.68,96.10,0.6618,1,1
142,79,786.60,966.48,24.61,45.34,0.3341,1,1
142,83,85.61,378.36,37.55,44.46,0.8150,1,1
142,92,957.06,59.42,26.90,20.16,0.7195,1,1
142,104,49.85,347.40,68.99,45.15,0.8238,1,1
142,136,355.34,369.66,40.53,29.33,0.8432,1,1
142,155,367.62,302.35,32.98,33.46,0.7336,1,1
142,188,653.15,862.43,129.87,134.41,0.7408,1,1
142,190,886.13,156.71,77.78,75.91,0.5042,1,1
142,193,7.94,608.65,66.91,100.89,0.3475,1,1
142,194,859.35,291.44,31.64,25.76,0.7763,1,1
142,196,711.22,146.66,34.24,25.54,0.7302,1,1
142,198,166.16,498.27,29.96,24.79,0.6978,1,1
142,202,143.34,533.56,38.19,32.40,0.8801,1,1
142,203,296.45,250.07,36.16,45.92,0.2823,1,1
142,206,787.75,960.27,29.31,50.61,0.5651,1,1
142,207,1197.01,606.44,37.34,40.40,0.4827,1,1
143,1,1002.42,28.90,46.95,49.19,0.8339,1,1
143,2,447.95,417.88,79.35,108.35,0.6624,1,1
143,3,441.68,117.38,55.61,44.64,0.8494,1,1
143,4,1147.48,374.46,103.31,69.43,0.8640,1,1
143,6,651.99,53.48,52.04,46.38,0.8819,1,1
143,8,450.23,159.84,39.23,37.75,0.7921,1,1
143,9,300.03,245.55,34.36,42.65,0.7447,1,1
143,11,746.20,182.34,75.14,86.52,0.5247,1,1
143,13,263.79,226.57,64.01,54.84,0.8486,1,1
143,16,1462.72,-0.01,37.11,30.34,0.7427,1,1
143,17,663.88,92.55,33.44,31.85,0.7207,1,1
143,39,849.47,662.67,133.68,95.56,0.7378,1,1
143,83,84.49,375.52,39.07,46.30,0.8139,1,1
143,92,957.04,60.89,25.58,19.79,0.7339,1,1
143,104,51.08,346.78,69.95,45.45,0.8005,1,1
143,136,355.36,369.50,40.85,29.53,0.8404,1,1
143,155,367.66,302.52,32.97,33.45,0.7568,1,1
143,160,664.19,1049.75,59.20,30.25,0.6369,1,1
143,188,654.09,860.08,129.12,133.04,0.6910,1,1
143,190,886.75,156.86,71.55,69.05,0.3824,1,1
143,193,8.23,608.69,67.80,101.65,0.4056,1,1
143,196,708.13,144.97,34.49,25.58,0.7014,1,1
143,198,169.62,498.79,28.82,23.10,0.7771,1,1
143,202,138.82,526.73,37.09,30.75,0.8102,1,1
143,206,787.30,962.93,28.45,49.12,0.4538,1,1
143,207,1196.96,601.92,41.78,45.60,0.3380,1,1
144,1,1000.95,29.09,46.71,48.30,0.8395,1,1
144,2,448.57,418.36,76.40,106.00,0.7027,1,1
144,3,441.35,117.54,55.64,44.59,0.8583,1,1
144,4,1147.60,375.17,104.37,70.78,0.8759,1,1
144,6,652.35,54.21,51.76,45.95,0.8815,1,1
144,8,449.83,160.35,39.24,37.97,0.7926,1,1
144,9,300.32,245.59,34.37,42.44,0.7527,1,1
144,11,747.17,182.98,74.65,86.41,0.5119,1,1
144,13,263.75,226.06,64.56,55.39,0.8466,1,1
144,16,1463.27,-0.01,36.97,30.72,0.7403,1,1
144,17,664.47,94.38,32.49,30.29,0.6982,1,1
144,39,850.10,663.16,132.70,94.89,0.6375,1,1
144,78,962.99,807.24,47.70,47.09,0.5961,1,1
144,79,790.77,963.43,25.75,47.78,0.3925,1,1
144,83,85.71,376.22,39.09,45.67,0.7881,1,1
144,92,957.29,62.10,24.50,19.40,0.7175,1,1
144,104,52.93,343.28,70.07,45.37,0.8386,1,1
144,136,355.37,369.47,40.97,29.66,0.8368,1,1
144,155,367.40,302.42,33.22,33.75,0.7326,1,1
144,160,669.57,1047.20,59.48,32.79,0.7143,1,1
144,188,648.64,851.58,135.31,140.46,0.6776,1,1
144,190,884.15,157.95,76.73,74.20,0.4683,1,1
144,193,8.02,608.68,68.83,102.92,0.3535,1,1
144,196,708.25,146.72,30.56,22.33,0.4370,1,1
144,202,136.79,515.27,37.40,31.47,0.8312,1,1
145,1,1000.21,29.33,47.07,48.20,0.7953,1,1
145,2,449.53,416.70,75.57,105.83,0.6760,1,1
145,3,441.69,118.60,55.41,43.60,0.8660,1,1
145,4,1148.94,376.31,103.45,71.23,0.8733,1,1
145,6,652.24,54.28,51.78,45.62,0.8827,1,1
145,8,449.65,160.64,38.88,37.56,0.7957,1,1
145,9,300.56,246.17,34.24,42.06,0.7403,1,1
145,11,748.11,183.54,75.13,87.28,0.6089,1,1
145,13,263.99,226.53,63.98,54.75,0.8430,1,1
145,16,1463.64,-0.01,36.50,30.88,0.7179,1,1
145,17,664.75,95.05,32.20,29.57,0.6696,1,1
145,39,850.90,663.11,130.76,93.37,0.5958,1,1
145,78,967.73,807.47,46.83,50.99,0.6815,1,1
145,79,793.23,960.15,24.81,46.81,0.5617,1,1
145,83,87.33,376.50,39.12,42.88,0.7762,1,1
145,92,957.28,62.53,23.90,19.14,0.7577,1,1
145,104,52.97,341.35,73.70,48.86,0.8650,1,1
145,136,355.75,369.64,40.59,29.46,0.8379,1,1
145,142,1201.57,597.24,48.89,37.07,0.6550,1,1
145,155,367.64,302.60,32.88,33.46,0.5457,1,1
145,160,668.82,1044.90,62.22,35.05,0.3526,1,1
145,188,646.35,842.02,138.67,146.34,0.7350,1,1
145,190,886.06,159.93,66.04,63.05,0.3348,1,1
145,193,7.93,608.59,69.41,103.71,0.2895,1,1
145,196,704.88,146.98,29.97,21.95,0.2580,1,1
145,202,141.26,503.64,33.69,31.15,0.7777,1,1
145,203,296.70,249.53,36.47,46.41,0.2572,1,1
146,1,1000.07,29.11,47.08,47.85,0.7877,1,1
146,2,450.13,413.59,78.15,110.40,0.6312,1,1
146,3,441.30,118.78,55.51,43.47,0.8658,1,1
146,4,1148.92,377.04,104.76,73.39,0.8794,1,1
146,6,651.76,54.44,52.02,46.43,0.8798,1,1
146,8,449.51,162.00,38.26,36.56,0.7905,1,1
146,9,300.75,247.44,34.24,41.59,0.7357,1,1
146,11,748.02,183.06,75.35,87.42,0.6388,1,1
146,13,263.84,226.28,66.04,55.80,0.8492,1,1
146,16,1464.36,-0.01,36.11,30.87,0.6958,1,1
146,17,664.27,95.81,32.48,29.35,0.6867,1,1
146,39,851.27,662.78,130.70,93.42,0.4336,1,1
146,78,968.08,814.91,42.80,46.27,0.7392,1,1
146,79,793.90,961.99,23.67,44.65,0.6653,1,1
146,83,89.44,370.72,41.81,45.24,0.8309,1,1
146,92,957.36,62.60,23.41,19.00,0.7444,1,1
146,104,55.66,340.95,72.68,47.52,0.8428,1,1
146,136,355.77,369.59,40.66,29.57,0.8352,1,1
146,142,1204.51,594.00,50.16,37.59,0.3352,1,1
146,155,367.86,302.83,32.58,33.17,0.4297,1,1
146,188,651.79,841.93,134.37,143.92,0.7941,1,1
146,190,885.76,160.82,63.03,59.85,0.2501,1,1
146,202,140.70,494.01,33.35,32.91,0.7098,1,1
147,1,999.59,28.81,47.18,47.41,0.7755,1,1
147,2,450.15,412.19,78.51,112.06,0.6198,1,1
147,3,440.78,118.85,54.46,42.83,0.8649,1,1
147,4,1149.08,378.27,105.54,72.61,0.8802,1,1
147,6,651.42,54.33,52.05,47.19,0.8847,1,1
147,8,448.58,161.11,39.49,37.25,0.7970,1,1
147,9,300.86,247.80,34.17,41.08,0.7290,1,1
147,11,746.88,182.55,76.64,88.10,0.8077,1,1
147,13,263.47,226.31,66.76,55.91,0.8512,1,1
147,16,1464.59,-0.01,35.40,30.63,0.6935,1,1
147,17,663.91,95.88,33.38,29.92,0.7333,1,1
147,39,851.57,662.17,130.90,93.66,0.3495,1,1
147,78,971.69,824.26,37.06,38.77,0.5144,1,1
147,79,794.63,959.99,23.17,44.12,0.5963,1,1
147,83,92.45,369.09,41.69,45.80,0.8248,1,1
147,92,956.93,61.16,24.10,19.74,0.6279,1,1
147,104,59.39,338.91,71.38,45.09,0.8449,1,1
147,136,355.84,369.64,40.53,29.47,0.8331,1,1
147,142,1207.49,586.29,52.07,39.17,0.3615,1,1
147,155,367.97,302.91,32.42,33.04,0.4561,1,1
147,160,670.69,1044.93,60.73,34.77,0.4909,1,1
147,188,653.15,837.14,134.04,144.94,0.8239,1,1
147,190,883.08,159.77,71.96,68.63,0.5873,1,1
147,214,96.61,513.88,30.68,34.09,0.6433,1,1
148,1,999.41,28.80,47.50,47.39,0.7733,1,1
148,2,450.43,412.05,77.90,112.16,0.6189,1,1
148,3,440.83,118.85,54.33,42.82,0.8648,1,1
148,4,1148.67,378.21,106.44,72.66,0.8807,1,1
148,6,651.59,54.34,51.70,47.19,0.8850,1,1
148,8,448.39,161.07,39.83,37.30,0.7973,1,1
148,9,300.77,247.84,34.36,41.01,0.7291,1,1
148,11,746.77,182.54,76.90,88.03,0.8090,1,1
148,13,263.33,226.33,67.02,55.86,0.8509,1,1
148,16,1464.79,0.00,35.01,30.56,0.6932,1,1
148,17,663.84,95.87,33.57,29.97,0.7330,1,1
148,39,851.54,661.91,131.00,93.82,0.3533,1,1
148,78,971.90,825.91,36.81,37.41,0.5115,1,1
148,79,794.75,959.67,23.04,44.18,0.5916,1,1
148,83,92.62,369.15,41.37,45.77,0.8261,1,1
148,92,957.01,61.00,23.99,19.82,0.6322,1,1
148,104,58.91,338.87,72.49,44.92,0.8448,1,1
148,136,355.83,369.61,40.52,29.48,0.8334,1,1
148,142,1208.25,584.52,52.42,39.56,0.3607,1,1
148,155,368.05,302.96,32.34,33.00,0.4379,1,1
148,160,671.27,1045.03,59.83,34.67,0.4949,1,1
148,188,653.41,836.97,133.47,145.10,0.8227,1,1
148,190,882.87,159.70,72.69,69.55,0.5871,1,1
148,214,96.24,513.41,30.73,34.14,0.6447,1,1
148,215,523.15,278.69,30.93,26.04,0.7343,1,1
148,216,903.74,80.11,22.17,24.15,0.4166,1,1
149,1,998.61,28.92,47.69,47.35,0.8089,1,1
149,2,450.52,411.69,76.16,111.07,0.7115,1,1
149,3,440.36,119.45,55.78,43.78,0.8810,1,1
149,4,1148.97,377.93,106.57,72.80,0.8816,1,1
149,6,650.93,54.76,51.30,46.15,0.8802,1,1
149,8,447.55,161.31,40.60,37.67,0.8049,1,1
149,9,300.68,247.64,34.40,40.78,0.7277,1,1
149,11,746.42,183.16,76.91,87.56,0.7429,1,1
149,13,263.42,226.54,67.18,55.57,0.8512,1,1
149,16,1464.83,-0.01,34.38,30.21,0.6939,1,1
149,17,662.58,94.52,35.26,31.80,0.7631,1,1
149,39,851.27,661.51,132.02,94.75,0.4565,1,1
149,78,972.66,829.48,37.55,36.62,0.7042,1,1
149,79,793.79,959.07,24.42,47.42,0.4226,1,1
149,83,98.39,367.23,40.02,44.66,0.7259,1,1
149,92,956.92,60.86,23.74,19.60,0.2594,1,1
149,104,64.12,336.96,71.63,44.61,0.8144,1,1
149,136,355.89,369.66,40.44,29.51,0.8333,1,1
149,142,1211.03,583.05,49.39,37.35,0.2815,1,1
149,155,368.33,303.53,31.95,32.61,0.4300,1,1
149,160,675.89,1044.35,56.69,35.10,0.8318,1,1
149,188,655.46,834.87,132.16,144.08,0.8385,1,1
149,190,881.30,159.58,76.92,76.32,0.7308,1,1
149,214,100.40,509.43,33.10,36.15,0.5435,1,1
149,215,524.56,281.57,30.84,27.09,0.7353,1,1
149,216,903.45,79.52,22.34,24.48,0.3558,1,1
150,1,998.21,28.58,48.16,47.17,0.8455,1,1
150,2,451.60,409.91,77.58,113.09,0.6145,1,1
150,3,440.11,121.84,55.05,42.92,0.8886,1,1
150,4,1150.50,377.62,105.46,72.46,0.8817,1,1
150,6,650.00,55.04,51.34,46.57,0.8694,1,1
150,8,446.75,163.81,39.51,36.91,0.8272,1,1
150,9,302.10,246.81,33.56,40.11,0.7270,1,1
150,11,745.69,183.53,77.54,88.15,0.6673,1,1
150,13,263.37,227.72,65.76,53.74,0.8419,1,1
150,16,1464.29,-0.01,34.47,30.71,0.6842,1,1
150,17,662.24,91.72,36.71,34.25,0.7566,1,1
150,78,974.72,833.93,34.11,32.69,0.4180,1,1
150,79,794.36,971.79,22.38,42.17,0.5164,1,1
150,83,101.17,368.32,38.89,42.42,0.7079,1,1
150,92,956.72,61.04,22.22,18.17,0.7195,1,1
150,104,65.59,334.36,74.14,46.93,0.8107,1,1
150,136,356.28,369.58,40.09,29.22,0.8297,1,1
150,142,1212.65,581.50,46.42,35.50,0.3623,1,1
150,155,368.51,303.98,31.42,32.03,0.6240,1,1
150,160,680.05,1039.21,58.42,39.05,0.8398,1,1
150,184,682.68,360.98,28.04,28.73,0.4279,1,1
150,188,654.18,832.46,131.35,141.96,0.8033,1,1
150,190,882.36,159.61,76.33,76.63,0.6769,1,1
150,214,105.16,504.65,32.25,35.96,0.7340,1,1
150,216,903.64,79.39,22.30,24.73,0.4073,1,1
151,1,998.07,28.72,48.23,46.82,0.8343,1,1
151,2,451.74,409.94,77.53,112.97,0.6107,1,1
151,3,440.16,122.56,54.93,43.28,0.8767,1,1
151,4,1150.82,377.62,104.95,72.06,0.8803,1,1
151,6,649.98,55.20,50.89,46.27,0.8659,1,1
151,8,447.69,166.68,37.65,34.68,0.8194,1,1
151,9,302.44,246.43,33.13,39.88,0.7303,1,1
151,11,745.78,183.55,76.62,86.85,0.6023,1,1
151,13,263.27,227.63,66.28,53.68,0.8355,1,1
151,16,1464.74,0.15,34.30,30.73,0.6733,1,1
151,17,662.04,91.05,36.52,34.93,0.7816,1,1
151,78,973.83,834.52,34.99,32.12,0.6222,1,1
151,83,103.90,360.83,42.48,47.06,0.7386,1,1
151,92,957.00,60.44,22.87,18.59,0.7482,1,1
151,104,70.18,331.01,73.02,45.99,0.8191,1,1
151,136,356.47,369.62,39.91,29.06,0.8300,1,1
151,142,1212.97,583.41,40.33,31.88,0.6800,1,1
151,155,368.26,303.67,31.61,32.18,0.6336,1,1
151,160,676.64,1037.24,58.72,40.05,0.8532,1,1
151,184,682.40,360.38,28.96,30.14,0.4137,1,1
151,188,654.16,828.38,131.50,140.93,0.7333,1,1
151,190,883.48,159.90,73.79,73.71,0.7541,1,1
151,214,109.90,494.36,32.84,37.26,0.5796,1,1
151,216,906.33,79.20,22.75,25.28,0.4168,1,1
151,219,157.07,442.38,21.62,32.33,0.2750,1,1
151,220,824.95,243.82,36.25,41.34,0.6237,1,1
152,1,998.19,28.34,48.31,46.87,0.8196,1,1
152,2,451.15,411.66,75.54,110.40,0.6691,1,1
152,3,440.84,124.97,53.21,41.88,0.8771,1,1
152,4,1151.06,377.32,104.79,71.67,0.8829,1,1
152,6,649.85,55.23,50.70,46.40,0.8620,1,1
152,8,447.76,168.52,38.12,35.07,0.8341,1,1
152,9,302.72,246.48,32.95,39.99,0.7216,1,1
152,11,745.90,183.30,76.91,86.79,0.5526,1,1
152,13,263.61,227.32,66.50,53.84,0.8238,1,1
152,16,1465.63,0.15,33.72,30.32,0.6611,1,1
152,17,661.69,89.53,36.98,36.22,0.7775,1,1
152,78,972.46,837.08,33.27,30.48,0.5624,1,1
152,83,106.76,358.27,43.75,47.73,0.6628,1,1
152,92,958.74,60.33,23.38,18.74,0.7016,1,1
152,104,77.60,327.34,68.14,41.50,0.8255,1,1
152,127,1150.10,430.78,59.62,51.76,0.2750,1,1
152,136,356.59,369.68,39.68,28.90,0.8307,1,1
152,142,1209.60,581.92,41.27,33.84,0.6112,1,1
152,155,368.20,303.75,31.46,31.96,0.4021,1,1
152,160,672.07,1034.76,60.29,40.49,0.8601,1,1
152,184,680.55,358.96,30.17,31.05,0.3413,1,1
152,188,656.15,821.98,128.16,135.49,0.7745,1,1
152,190,885.26,159.42,70.31,69.20,0.6652,1,1
152,214,122.15,484.42,34.17,39.02,0.7577,1,1
152,215,523.67,292.16,33.37,29.26,0.5389,1,1
152,216,909.07,80.16,22.04,24.15,0.2841,1,1
152,219,165.21,426.49,22.14,33.30,0.5398,1,1
152,222,794.38,1019.18,35.37,36.10,0.8616,1,1
153,1,998.42,28.08,48.04,46.78,0.8544,1,1
153,2,451.92,410.71,76.83,111.94,0.6572,1,1
153,3,440.42,125.70,53.20,42.23,0.8850,1,1
153,4,1150.81,376.95,104.98,71.78,0.8801,1,1
153,6,649.89,55.34,50.42,46.20,0.8647,1,1
153,8,447.37,168.38,38.83,36.18,0.8290,1,1
153,9,302.81,246.76,32.74,40.12,0.7159,1,1
153,11,744.81,183.53,77.59,87.67,0.5499,1,1
153,13,263.86,227.69,66.18,53.40,0.8222,1,1
153,16,1465.88,0.15,33.43,30.23,0.6510,1,1
153,17,661.94,88.54,36.63,36.43,0.7603,1,1
153,78,973.19,836.66,33.46,30.90,0.5404,1,1
153,83,115.68,349.26,44.42,50.15,0.6292,1,1
153,92,958.70,61.43,23.39,18.71,0.4911,1,1
153,104,80.94,323.15,72.24,43.51,0.8232,1,1
153,136,356.31,369.84,39.86,28.87,0.8264,1,1
153,139,986.67,865.05,42.74,40.27,0.4097,1,1
153,142,1209.60,584.44,40.15,32.99,0.3829,1,1
153,155,368.15,303.62,31.70,32.18,0.5339,1,1
153,160,679.71,1029.05,63.70,43.61,0.8564,1,1
153,184,680.42,356.99,31.59,32.91,0.3375,1,1
153,188,655.49,817.87,128.37,132.75,0.7357,1,1
153,190,886.17,159.91,75.39,74.51,0.7915,1,1
153,216,909.55,80.57,19.50,20.39,0.3974,1,1
153,219,173.41,415.16,21.97,31.74,0.6357,1,1
153,222,796.52,1021.58,32.64,32.88,0.7825,1,1
154,1,998.47,28.09,47.95,46.77,0.8543,1,1
154,2,451.87,410.64,77.10,112.09,0.6605,1,1
154,3,440.53,125.71,53.04,42.23,0.8853,1,1
154,4,1150.81,376.94,104.98,71.75,0.8802,1,1
154,6,649.90,55.33,50.40,46.25,0.8646,1,1
154,8,447.49,168.36,38.60,36.22,0.8292,1,1
154,9,302.94,246.77,32.52,40.14,0.7169,1,1
154,11,744.70,183.58,77.62,87.81,0.5510,1,1
154,13,263.78,227.72,66.29,53.36,0.8234,1,1
154,16,1465.98,0.16,33.28,30.23,0.6522,1,1
154,17,662.13,88.50,36.26,36.44,0.7614,1,1
154,78,973.35,836.56,33.33,30.97,0.5361,1,1
154,83,117.45,348.30,43.22,50.40,0.6351,1,1
154,92,958.67,61.68,23.43,18.70,0.4919,1,1
154,104,80.79,323.07,72.83,43.63,0.8234,1,1
154,136,356.23,369.84,40.03,28.89,0.8264,1,1
154,139,986.70,865.17,42.07,40.19,0.4113,1,1
154,142,1209.57,585.68,38.70,31.65,0.3911,1,1
154,155,368.11,303.61,31.76,32.20,0.5498,1,1
154,160,680.20,1028.95,63.14,43.65,0.8564,1,1
154,184,680.53,356.58,31.70,33.33,0.3395,1,1
154,188,654.58,817.63,130.28,132.61,0.7359,1,1
154,190,886.27,159.93,75.44,74.71,0.7914,1,1
154,216,909.34,80.68,19.57,19.65,0.3990,1,1
154,219,173.78,414.69,22.48,31.31,0.6494,1,1
154,222,796.44,1021.69,32.85,32.76,0.7826,1,1
155,1,998.10,27.70,48.29,46.46,0.8711,1,1
155,2,451.65,413.32,74.67,108.44,0.5957,1,1
155,3,440.67,126.32,53.28,43.19,0.8719,1,1
155,4,1151.95,376.57,103.91,72.00,0.8793,1,1
155,6,649.86,55.06,50.55,46.40,0.8677,1,1
155,8,447.84,169.95,37.46,35.50,0.8335,1,1
155,9,303.34,247.01,32.10,39.81,0.7066,1,1
155,11,743.96,183.33,78.33,89.61,0.6879,1,1
155,13,263.90,227.92,66.39,53.16,0.8214,1,1
155,16,1467.21,0.09,34.23,30.35,0.6692,1,1
155,17,662.27,88.54,35.63,35.35,0.7372,1,1
155,39,849.46,660.85,132.86,95.11,0.2903,1,1
155,78,968.84,840.54,30.17,29.16,0.6788,1,1
155,83,122.84,346.94,40.66,48.82,0.6641,1,1
155,92,959.71,61.35,23.74,18.92,0.6097,1,1
155,104,87.54,320.72,72.14,43.80,0.8308,1,1
155,127,1152.64,430.31,57.25,51.17,0.3743,1,1
155,136,356.21,369.79,40.14,28.93,0.8266,1,1
155,139,986.82,865.78,41.66,40.16,0.3000,1,1
155,142,1208.54,587.47,39.52,32.68,0.2950,1,1
155,155,368.05,303.38,31.88,32.32,0.5437,1,1
155,160,684.56,1025.63,60.43,40.30,0.8678,1,1
155,184,680.75,355.97,31.32,33.36,0.3809,1,1
155,188,653.61,814.28,130.57,132.01,0.7006,1,1
155,190,886.74,158.88,77.07,79.11,0.8233,1,1
155,219,179.05,402.11,27.30,38.22,0.5363,1,1
155,222,799.02,1022.65,33.48,32.46,0.7889,1,1
155,225,799.79,994.20,24.96,45.42,0.5825,1,1
156,1,998.34,27.26,48.63,46.95,0.8714,1,1
156,2,451.86,414.69,73.78,106.92,0.6508,1,1
156,3,442.20,127.87,52.54,42.22,0.8601,1,1
156,4,1151.98,376.00,102.04,70.67,0.8785,1,1
156,6,650.11,54.83,49.94,45.13,0.8677,1,1
156,8,448.93,170.18,38.47,36.15,0.8187,1,1
156,9,303.24,247.00,32.29,40.15,0.7104,1,1
156,11,744.08,182.81,78.69,91.18,0.6817,1,1
156,13,264.09,228.14,66.43,52.68,0.8195,1,1
156,16,1466.12,0.06,34.44,30.44,0.6761,1,1
156,17,662.59,88.89,35.21,34.39,0.7450,1,1
156,39,848.40,662.05,132.76,94.59,0.3222,1,1
156,83,130.15,343.66,39.50,48.65,0.7760,1,1
156,92,958.74,61.78,23.20,18.37,0.4501,1,1
156,104,93.97,316.95,73.10,44.79,0.8198,1,1
156,127,1152.38,429.61,56.39,51.06,0.3441,1,1
156,136,356.26,369.80,40.16,28.92,0.8274,1,1
156,139,984.93,865.50,44.14,41.38,0.5979,1,1
156,142,1206.49,587.02,42.54,36.11,0.4146,1,1
156,155,368.38,303.62,31.77,32.24,0.5089,1,1
156,160,687.40,1016.85,60.73,40.59,0.8823,1,1
156,184,681.36,355.13,31.45,34.26,0.4528,1,1
156,188,657.12,812.75,129.00,126.95,0.7970,1,1
156,190,889.03,158.79,76.20,79.57,0.7230,1,1
156,193,-1.26,609.12,70.04,107.59,0.3299,1,1
156,222,798.82,1022.91,36.94,36.12,0.7517,1,1
156,225,801.09,992.51,23.58,41.04,0.5776,1,1
157,1,998.43,26.74,48.16,46.14,0.8642,1,1
157,2,451.81,414.75,73.82,106.81,0.6142,1,1
157,3,442.22,128.61,52.69,42.32,0.8397,1,1
157,4,1151.75,375.23,101.75,69.76,0.8812,1,1
157,6,650.29,54.53,50.15,44.38,0.8665,1,1
157,8,450.00,170.15,39.20,36.74,0.8223,1,1
157,9,303.36,246.82,32.62,40.66,0.6936,1,1
157,11,743.91,182.62,79.15,92.12,0.4059,1,1
157,13,263.75,227.30,67.74,53.50,0.8348,1,1
157,16,1466.41,-0.00,34.55,30.13,0.6790,1,1
157,17,662.86,87.92,36.25,35.02,0.7624,1,1
157,39,847.87,662.30,133.35,94.67,0.3297,1,1
157,83,135.90,338.01,38.58,47.14,0.6528,1,1
157,92,958.00,61.33,22.86,18.07,0.5791,1,1
157,104,99.93,313.61,71.40,44.28,0.8505,1,1
157,127,1156.32,432.77,55.34,48.70,0.2946,1,1
157,136,356.43,369.87,40.00,28.82,0.8274,1,1
157,142,1206.05,589.89,41.09,35.72,0.3677,1,1
157,155,369.14,304.96,31.05,31.53,0.4060,1,1
157,160,693.50,1007.64,56.69,40.87,0.8780,1,1
157,184,681.29,355.93,30.42,33.35,0.3838,1,1
157,188,655.08,806.67,133.22,127.44,0.8362,1,1
157,190,891.00,158.18,77.19,81.82,0.7516,1,1
157,193,-1.89,609.23,69.61,108.83,0.2571,1,1
157,222,792.57,999.46,50.64,57.70,0.7857,1,1
158,1,998.00,25.89,48.69,46.79,0.8760,1,1
158,2,451.59,414.41,74.00,107.11,0.5990,1,1
158,3,442.48,128.57,54.38,44.19,0.8690,1,1
158,4,1151.07,373.90,101.82,69.76,0.8783,1,1
158,6,650.79,54.22,50.60,43.16,0.8677,1,1
158,8,450.74,171.70,39.38,36.59,0.8403,1,1
158,9,303.60,246.95,32.38,40.40,0.6998,1,1
158,11,744.16,183.21,77.82,90.77,0.5421,1,1
158,13,263.77,227.14,67.72,53.20,0.8304,1,1
158,16,1465.86,-0.00,35.03,30.32,0.6689,1,1
158,17,663.91,87.43,36.50,35.14,0.7727,1,1
158,83,148.41,335.80,34.99,44.36,0.7060,1,1
158,92,956.95,62.48,23.39,18.84,0.6608,1,1
158,104,103.79,310.11,75.90,47.52,0.8702,1,1
158,136,356.27,369.76,40.26,28.94,0.8255,1,1
158,155,369.26,305.00,31.11,31.66,0.4111,1,1
158,160,695.54,994.90,61.34,47.58,0.8407,1,1
158,184,682.16,358.33,29.29,32.25,0.3307,1,1
158,188,652.40,803.33,132.40,125.41,0.8462,1,1
158,190,892.85,158.36,73.54,78.23,0.8377,1,1
158,222,796.41,999.12,47.18,60.28,0.7723,1,1
158,229,944.86,289.41,18.85,25.98,0.3787,1,1
159,1,997.98,25.41,48.94,47.68,0.8744,1,1
159,2,451.22,414.54,73.95,106.94,0.5390,1,1
159,3,444.16,129.56,54.90,43.77,0.8678,1,1
159,4,1151.69,373.29,100.40,67.41,0.8731,1,1
159,6,650.69,53.85,51.00,42.35,0.8718,1,1
159,8,451.59,172.70,40.13,36.77,0.8453,1,1
159,9,304.00,246.69,32.10,40.30,0.6860,1,1
159,11,744.13,183.35,78.32,91.48,0.3627,1,1
159,13,263.60,226.74,68.23,53.46,0.8229,1,1
159,16,1465.05,-0.01,35.11,30.58,0.6755,1,1
159,17,664.52,87.27,36.26,35.05,0.7681,1,1
159,83,151.12,333.45,36.91,45.21,0.8208,1,1
159,92,956.69,63.12,22.88,18.94,0.7009,1,1
159,104,110.42,307.29,74.51,47.72,0.7870,1,1
159,136,355.73,369.41,40.98,29.42,0.8166,1,1
159,160,709.81,988.59,53.57,42.94,0.8018,1,1
159,184,683.26,359.92,28.06,30.85,0.3464,1,1
159,188,649.77,799.38,131.27,125.48,0.8335,1,1
159,190,895.29,158.55,71.55,74.88,0.8777,1,1
159,222,798.54,999.65,46.18,59.84,0.2658,1,1
159,231,228.14,367.67,25.10,35.67,0.6335,1,1
160,1,998.13,25.39,48.66,47.64,0.8761,1,1
160,2,451.12,414.69,73.94,106.84,0.5559,1,1
160,3,443.95,129.68,55.37,43.71,0.8669,1,1
160,4,1151.27,373.33,101.25,67.28,0.8730,1,1
160,6,650.38,53.83,51.63,42.35,0.8719,1,1
160,8,451.48,172.76,40.40,36.74,0.8450,1,1
160,9,304.08,246.68,31.97,40.32,0.6863,1,1
160,11,744.19,183.42,78.35,91.63,0.3641,1,1
160,13,263.58,226.74,68.30,53.39,0.8231,1,1
160,16,1465.00,0.01,34.95,30.69,0.6741,1,1
160,17,664.53,87.26,36.21,35.07,0.7686,1,1
160,83,150.90,333.38,37.49,45.25,0.8212,1,1
160,92,956.75,63.09,22.57,19.05,0.6961,1,1
160,104,111.24,307.19,73.31,47.87,0.7872,1,1
160,136,355.70,369.40,41.04,29.45,0.8168,1,1
160,160,710.97,988.38,52.05,42.74,0.8016,1,1
160,184,683.53,360.37,27.75,30.44,0.3490,1,1
160,188,650.03,799.28,130.58,125.45,0.8355,1,1
160,190,895.11,158.56,71.90,74.82,0.8772,1,1
160,222,799.69,1000.32,44.87,59.18,0.2711,1,1
160,231,228.74,367.11,25.65,35.53,0.6303,1,1
161,1,997.87,24.55,48.83,47.92,0.8986,1,1
161,2,450.91,414.48,73.79,106.40,0.5349,1,1
161,3,443.43,127.17,56.54,47.09,0.8832,1,1
161,4,1151.20,373.31,101.38,66.93,0.8711,1,1
161,6,650.29,53.35,51.95,42.36,0.8737,1,1
161,8,453.28,174.75,39.70,35.82,0.8341,1,1
161,9,304.06,246.48,31.80,40.34,0.6242,1,1
161,11,745.17,183.38,77.89,90.87,0.4469,1,1
161,13,262.97,225.51,69.56,54.68,0.7928,1,1
161,16,1465.05,0.01,34.72,30.59,0.6790,1,1
161,17,664.43,86.19,36.57,35.86,0.7877,1,1
161,83,154.31,324.33,41.55,52.84,0.8228,1,1
161,92,958.68,63.65,22.02,18.22,0.7569,1,1
161,104,119.13,304.30,66.38,40.88,0.7898,1,1
161,149,506.30,320.23,35.74,28.58,0.5696,1,1
161,160,715.80,987.39,49.90,41.38,0.8396,1,1
161,184,684.54,360.84,28.27,31.55,0.4513,1,1
161,188,648.73,794.86,131.86,127.53,0.8384,1,1
161,190,896.60,158.07,72.36,75.30,0.8615,1,1
161,231,231.43,363.20,29.75,40.16,0.7747,1,1
161,235,808.57,1016.98,32.87,44.92,0.7366,1,1
161,236,977.33,863.86,57.66,44.00,0.5077,1,1
162,1,998.18,24.28,48.33,47.17,0.9028,1,1
162,2,450.78,415.54,73.72,105.81,0.6313,1,1
162,3,444.10,128.16,55.63,47.99,0.8809,1,1
162,4,1150.69,373.26,102.13,67.01,0.8690,1,1
162,6,649.88,53.49,51.20,41.74,0.8701,1,1
162,8,455.09,177.86,38.16,33.77,0.8490,1,1
162,9,303.86,246.67,31.62,40.22,0.5377,1,1
162,11,744.88,183.43,78.10,90.98,0.5064,1,1
162,13,262.89,225.50,69.51,54.88,0.7906,1,1
162,16,1464.65,0.01,34.85,30.95,0.6316,1,1
162,17,663.79,86.03,35.85,35.77,0.7928,1,1
162,72,493.49,328.77,36.50,35.54,0.7685,1,1
162,83,155.76,321.48,42.45,52.61,0.7899,1,1
162,92,959.00,63.01,22.35,18.30,0.7249,1,1
162,104,122.23,299.73,70.79,43.31,0.8113,1,1
162,160,722.02,985.34,46.10,36.50,0.8065,1,1
162,184,685.35,360.81,27.91,31.53,0.3380,1,1
162,188,647.21,792.20,131.95,128.93,0.8490,1,1
162,190,897.38,157.88,72.23,75.09,0.8833,1,1
162,231,244.61,355.83,28.85,36.91,0.7853,1,1
162,236,978.27,861.18,58.43,45.17,0.6802,1,1
163,1,997.91,24.42,47.02,46.47,0.8719,1,1
163,2,450.13,415.65,74.54,106.88,0.6544,1,1
163,3,446.83,128.55,56.11,48.80,0.8901,1,1
163,4,1150.57,373.31,102.60,67.14,0.8700,1,1
163,6,649.07,53.20,50.99,41.54,0.8617,1,1
163,8,457.08,180.07,38.59,33.23,0.8411,1,1
163,9,303.73,246.88,31.31,39.80,0.5122,1,1
163,11,744.99,183.66,77.66,90.39,0.4568,1,1
163,13,262.87,225.61,69.23,54.91,0.7887,1,1
163,16,1464.64,0.01,34.77,31.18,0.6686,1,1
163,17,662.81,84.01,36.36,37.54,0.8088,1,1
163,72,487.64,338.77,33.70,37.63,0.7941,1,1
163,83,162.43,320.15,42.08,50.62,0.7455,1,1
163,92,959.75,63.51,22.00,18.10,0.6786,1,1
163,104,126.88,297.29,73.69,45.04,0.8381,1,1
163,160,723.74,980.76,48.51,37.96,0.4900,1,1
163,184,686.61,361.26,27.86,32.15,0.5969,1,1
163,188,645.59,789.24,132.11,128.86,0.8857,1,1
163,190,898.03,157.32,72.08,75.68,0.8963,1,1
163,231,253.18,354.94,30.32,35.55,0.8550,1,1
163,236,976.28,860.18,60.09,46.55,0.6493,1,1
164,1,998.94,23.79,45.77,46.45,0.8847,1,1
164,2,450.57,414.98,75.72,108.21,0.5415,1,1
164,3,449.14,128.67,54.99,48.79,0.8835,1,1
164,4,1149.95,373.85,102.66,66.66,0.8722,1,1
164,6,647.47,52.55,51.09,42.21,0.8527,1,1
164,8,458.50,179.83,38.95,33.75,0.8261,1,1
164,9,302.91,246.72,31.72,40.41,0.6412,1,1
164,11,744.33,183.61,78.88,91.98,0.4660,1,1
164,13,262.21,225.46,69.22,55.04,0.7965,1,1
164,16,1464.30,0.01,34.41,31.26,0.6886,1,1
164,17,663.68,83.80,35.04,37.66,0.8185,1,1
164,72,485.01,345.48,34.97,39.65,0.7367,1,1
164,83,169.65,320.00,40.12,48.46,0.8375,1,1
164,92,959.71,62.03,23.72,19.91,0.7218,1,1
164,104,130.79,296.52,75.18,47.33,0.8460,1,1
164,160,734.18,980.48,44.70,32.84,0.7644,1,1
164,184,686.75,361.65,27.08,31.66,0.7382,1,1
164,188,643.48,786.29,131.75,129.64,0.8991,1,1
164,190,898.26,156.14,71.49,75.51,0.8733,1,1
164,231,266.09,348.55,31.49,37.33,0.7352,1,1
164,236,972.43,860.15,60.72,45.93,0.8080,1,1
164,239,784.61,929.33,23.74,43.98,0.7348,1,1
164,240,707.93,142.37,24.86,24.71,0.3705,1,1
165,1,997.34,23.51,45.74,46.46,0.8898,1,1
165,2,449.79,417.41,73.48,103.56,0.7042,1,1
165,3,450.90,130.77,55.60,48.63,0.8831,1,1
165,4,1150.25,373.57,102.97,66.98,0.8696,1,1
165,6,646.80,52.19,50.19,41.45,0.8316,1,1
165,8,460.56,181.45,37.95,32.68,0.8017,1,1
165,9,302.74,247.08,31.86,40.42,0.6740,1,1
165,11,745.55,183.56,76.99,89.56,0.2886,1,1
165,13,262.33,225.58,68.97,54.75,0.8090,1,1
165,16,1464.47,0.01,33.79,31.04,0.6599,1,1
165,17,662.29,81.32,35.72,39.65,0.8385,1,1
165,72,484.13,353.11,38.32,44.02,0.5215,1,1
165,83,174.79,319.39,39.42,47.08,0.7851,1,1
165,92,959.89,62.79,23.59,20.21,0.6940,1,1
165,104,136.22,294.50,72.93,45.54,0.8352,1,1
165,160,734.63,969.61,53.05,37.84,0.7323,1,1
165,184,686.23,360.16,27.47,32.40,0.6347,1,1
165,188,642.15,782.76,131.17,131.40,0.9000,1,1
165,190,898.65,155.76,70.18,73.72,0.8319,1,1
165,231,274.17,351.03,32.78,34.32,0.7610,1,1
165,236,972.18,861.66,59.00,45.19,0.8602,1,1
165,239,783.69,926.16,23.14,41.46,0.5703,1,1
165,241,-3.89,619.66,33.04,106.17,0.5256,1,1
166,1,997.40,23.57,45.62,46.43,0.8876,1,1
166,2,449.40,417.45,73.94,103.26,0.7157,1,1
166,3,450.85,130.80,55.85,48.62,0.8836,1,1
166,4,1150.29,373.57,102.85,67.11,0.8702,1,1
166,6,646.80,52.18,50.16,41.44,0.8328,1,1
166,8,460.57,181.51,38.06,32.63,0.8010,1,1
166,9,302.57,247.05,32.06,40.56,0.6795,1,1
166,11,745.88,183.49,76.55,88.83,0.2906,1,1
166,13,262.33,225.50,69.03,54.68,0.8136,1,1
166,16,1464.61,0.01,33.50,31.03,0.6601,1,1
166,17,662.54,81.31,35.16,39.67,0.8386,1,1
166,72,484.28,354.35,38.43,44.74,0.5276,1,1
166,83,174.86,319.36,39.68,47.04,0.7854,1,1
166,92,960.09,62.85,23.24,20.24,0.6946,1,1
166,104,136.17,294.46,73.21,45.49,0.8349,1,1
166,160,734.13,968.98,54.60,38.15,0.7331,1,1
166,184,686.26,359.99,27.35,32.49,0.6326,1,1
166,188,642.59,782.91,130.28,131.22,0.8999,1,1
166,190,898.52,155.75,70.39,73.69,0.8314,1,1
166,231,273.33,351.16,35.28,34.14,0.7595,1,1
166,236,972.32,861.69,58.69,45.17,0.8603,1,1
166,239,783.24,925.85,23.78,41.25,0.5655,1,1
166,241,-3.49,620.13,31.14,104.10,0.5485,1,1
166,243,903.02,78.61,23.30,20.36,0.3698,1,1
166,244,861.13,217.11,19.97,25.39,0.2792,1,1
167,1,996.97,24.17,44.08,45.37,0.8840,1,1
167,2,449.28,416.74,74.35,103.45,0.6982,1,1
167,3,454.40,138.43,52.55,43.51,0.8560,1,1
167,4,1150.01,373.47,103.63,68.39,0.8716,1,1
167,6,645.74,51.44,49.09,40.48,0.6513,1,1
167,8,462.59,182.10,37.90,32.37,0.7548,1,1
167,9,302.47,247.11,31.82,40.14,0.6899,1,1
167,11,746.09,184.37,74.47,85.55,0.3123,1,1
167,13,262.14,225.45,69.32,54.87,0.8238,1,1
167,16,1464.36,0.01,33.36,31.48,0.6977,1,1
167,17,660.05,76.68,37.28,44.16,0.8354,1,1
167,72,485.88,361.16,36.91,42.54,0.6990,1,1
167,83,179.56,318.12,39.98,47.64,0.7486,1,1
167,92,960.06,63.97,23.03,19.96,0.6350,1,1
167,104,141.70,293.09,73.22,45.17,0.8262,1,1
167,155,366.85,304.58,34.68,35.65,0.3527,1,1
167,160,745.40,967.17,49.57,33.95,0.3952,1,1
167,188,641.43,782.87,130.01,131.70,0.9016,1,1
167,190,898.06,155.13,69.50,72.92,0.8329,1,1
167,231,279.96,352.92,36.30,34.96,0.3602,1,1
167,236,971.42,862.52,58.33,44.49,0.8083,1,1
167,239,784.50,924.76,21.91,36.74,0.4314,1,1
167,243,905.20,78.00,21.72,19.03,0.2610,1,1
167,244,860.97,217.44,21.52,27.33,0.5970,1,1
168,1,995.68,24.34,43.76,44.75,0.8911,1,1
168,2,449.38,415.62,77.01,107.22,0.6842,1,1
168,3,455.44,141.16,52.90,42.02,0.8747,1,1
168,4,1150.30,374.03,102.97,68.33,0.8747,1,1
168,6,644.52,51.25,49.56,40.81,0.4851,1,1
168,8,463.38,183.52,38.00,32.03,0.7403,1,1
168,9,303.33,247.85,30.81,38.62,0.6589,1,1
168,11,747.50,186.47,71.47,81.15,0.2580,1,1
168,13,262.30,225.64,69.29,54.78,0.8231,1,1
168,16,1464.56,0.02,32.83,31.36,0.6431,1,1
168,17,657.80,75.29,36.45,44.67,0.8403,1,1
168,72,486.64,362.88,37.25,42.65,0.7458,1,1
168,83,183.95,317.30,39.23,46.11,0.7636,1,1
168,92,959.60,64.69,22.82,19.68,0.5973,1,1
168,104,146.32,291.37,71.08,43.66,0.8349,1,1
168,155,367.65,306.21,32.33,33.24,0.6289,1,1
168,160,744.88,962.12,53.06,34.41,0.7619,1,1
168,184,682.34,354.69,31.77,38.21,0.2623,1,1
168,188,639.95,782.82,128.40,131.26,0.8998,1,1
168,190,897.96,154.94,70.68,74.47,0.8180,1,1
168,231,293.38,353.13,40.04,38.50,0.3949,1,1
168,236,971.01,864.64,58.02,43.94,0.5360,1,1
168,243,906.97,76.81,22.00,19.44,0.4714,1,1
168,244,861.75,217.77,20.58,25.14,0.6429,1,1
169,1,994.98,24.74,43.88,43.82,0.8807,1,1
169,2,448.61,412.42,78.80,110.25,0.5030,1,1
169,3,456.02,141.77,55.15,43.59,0.8834,1,1
169,4,1150.01,374.17,103.81,69.86,0.8760,1,1
169,6,642.04,51.27,50.66,41.80,0.4343,1,1
169,8,464.55,184.37,38.83,31.99,0.7609,1,1
169,9,303.57,247.67,30.97,38.62,0.7099,1,1
169,11,747.81,187.41,71.33,79.21,0.4316,1,1
169,13,262.46,226.10,69.22,54.55,0.8254,1,1
169,16,1463.92,0.01,31.89,31.20,0.6434,1,1
169,17,655.28,74.56,35.29,44.44,0.8116,1,1
169,72,488.32,364.97,35.67,40.23,0.5027,1,1
169,83,192.15,317.13,37.22,44.30,0.6271,1,1
169,92,958.79,63.69,23.40,20.32,0.3765,1,1
169,104,149.34,290.03,73.54,44.79,0.8625,1,1
169,155,368.60,307.60,29.06,27.37,0.6728,1,1
169,160,739.67,954.40,58.49,37.83,0.6250,1,1
169,188,639.06,783.03,126.35,128.25,0.8848,1,1
169,190,895.51,154.33,73.72,78.36,0.8151,1,1
169,231,307.31,359.38,37.40,32.29,0.6398,1,1
169,236,972.99,869.62,62.41,46.86,0.4423,1,1
169,243,907.50,76.87,21.57,19.24,0.6065,1,1
169,247,639.51,50.53,53.98,41.15,0.5987,1,1
169,248,705.88,149.33,44.36,24.22,0.3177,1,1
170,1,993.87,25.23,42.51,42.69,0.8673,1,1
170,2,449.07,415.92,75.07,104.70,0.8136,1,1
170,3,456.81,143.59,55.36,44.17,0.8774,1,1
170,4,1149.98,374.76,103.01,69.39,0.8766,1,1
170,6,641.10,50.91,50.07,41.54,0.5609,1,1
170,8,465.49,186.56,37.98,30.89,0.7566,1,1
170,9,303.24,247.30,31.75,39.35,0.7261,1,1
170,11,747.09,187.74,72.03,78.23,0.4130,1,1
170,13,262.85,226.46,69.19,53.99,0.8226,1,1
170,16,1463.90,0.05,31.21,31.30,0.6792,1,1
170,17,654.31,75.15,34.06,43.43,0.7844,1,1
170,72,487.97,364.21,36.35,39.29,0.7332,1,1
170,83,196.23,314.73,37.45,45.77,0.6539,1,1
170,92,958.45,61.60,23.15,20.20,0.4926,1,1
170,104,152.45,289.57,75.27,45.74,0.8672,1,1
170,155,369.48,306.73,28.76,26.09,0.7325,1,1
170,160,748.19,949.27,58.02,38.21,0.5960,1,1
170,188,637.41,782.95,127.87,128.59,0.8841,1,1
170,190,895.26,153.83,74.24,79.16,0.7396,1,1
170,231,308.31,364.70,49.47,38.37,0.6928,1,1
170,236,973.67,876.90,65.33,51.66,0.8706,1,1
170,243,910.12,77.59,20.40,18.47,0.5941,1,1
170,247,639.25,50.19,52.84,40.63,0.5491,1,1
170,249,960.17,833.91,50.51,39.42,0.4890,1,1
171,1,994.27,25.45,40.82,41.18,0.8740,1,1
171,2,449.80,417.60,73.71,102.42,0.8173,1,1
171,3,457.90,144.58,55.74,45.24,0.8881,1,1
171,4,1150.31,374.98,102.81,68.88,0.8780,1,1
171,6,640.93,50.76,49.46,41.49,0.5962,1,1
171,8,466.32,188.66,37.39,30.03,0.6976,1,1
171,9,303.24,247.68,31.84,39.19,0.7169,1,1
171,11,745.38,187.68,73.60,78.35,0.4906,1,1
171,13,263.13,227.52,68.72,52.67,0.8208,1,1
171,16,1463.62,0.10,30.81,31.50,0.6893,1,1
171,17,653.71,74.56,33.77,43.30,0.7520,1,1
171,72,487.83,363.57,35.91,39.00,0.7681,1,1
171,83,197.10,314.27,38.90,48.00,0.6647,1,1
171,104,157.21,289.61,73.78,44.73,0.8553,1,1
171,155,369.17,308.05,30.10,27.22,0.4710,1,1
171,160,753.71,945.88,53.43,39.64,0.8632,1,1
171,188,636.24,782.62,128.44,128.72,0.8839,1,1
171,190,895.40,153.52,72.13,78.27,0.8036,1,1
171,216,906.97,75.32,19.98,20.76,0.4464,1,1
171,236,974.05,889.73,65.73,55.76,0.8113,1,1
171,243,904.90,72.85,23.44,21.58,0.3149,1,1
171,247,639.23,50.33,52.00,40.33,0.4789,1,1
171,249,959.15,833.57,49.76,39.90,0.5671,1,1
171,251,1134.57,46.21,20.72,14.95,0.2766,1,1
172,1,994.30,25.44,40.74,41.18,0.8741,1,1
172,2,449.77,417.69,73.81,102.33,0.8193,1,1
172,3,458.07,144.47,55.44,45.34,0.8876,1,1
172,4,1150.19,374.94,103.11,68.99,0.8785,1,1
172,6,641.14,50.66,49.06,41.54,0.5928,1,1
172,8,466.17,188.77,37.71,30.00,0.6969,1,1
172,9,303.30,247.73,31.88,39.07,0.7177,1,1
172,11,744.68,187.67,74.77,78.41,0.4978,1,1
172,13,262.83,227.60,69.28,52.55,0.8187,1,1
172,16,1463.82,0.10,30.39,31.50,0.6892,1,1
172,17,653.76,74.47,33.64,43.35,0.7529,1,1
172,72,487.86,363.51,35.75,38.90,0.7661,1,1
172,78,963.05,833.75,41.74,39.70,0.5722,1,1
172,83,197.27,314.23,38.78,48.21,0.6650,1,1
172,104,157.29,289.63,73.81,44.68,0.8549,1,1
172,155,369.10,308.28,30.50,27.51,0.4850,1,1
172,160,754.62,945.82,51.75,39.67,0.8632,1,1
172,188,636.18,782.61,128.60,128.67,0.8844,1,1
172,190,895.74,153.50,71.44,78.35,0.8073,1,1
172,216,907.03,75.22,19.72,20.80,0.4442,1,1
172,236,975.58,890.17,62.74,55.92,0.8127,1,1
172,243,903.53,71.51,23.98,22.46,0.3168,1,1
172,247,639.50,50.32,51.53,40.29,0.4781,1,1
172,251,1135.13,46.06,20.96,15.08,0.2674,1,1
172,252,293.88,367.96,78.25,49.70,0.7607,1,1
173,1,993.00,25.83,41.40,42.08,0.7022,1,1
173,2,449.24,419.39,74.27,101.82,0.8133,1,1
173,3,459.58,145.80,55.61,44.85,0.8944,1,1
173,4,1149.89,375.01,103.34,69.08,0.8780,1,1
173,6,641.20,49.83,48.81,41.67,0.6159,1,1
173,8,467.32,190.53,37.89,29.49,0.7365,1,1
173,9,303.83,248.60,31.78,39.04,0.6874,1,1
173,11,744.04,188.78,74.92,77.51,0.4896,1,1
173,13,262.60,227.69,69.64,52.85,0.7978,1,1
173,16,1463.90,0.01,30.44,31.71,0.6656,1,1
173,17,653.99,74.88,32.75,41.94,0.7173,1,1
173,72,484.47,361.90,30.92,32.53,0.5469,1,1
173,78,962.67,834.05,42.29,39.78,0.6752,1,1
173,83,198.50,314.01,39.64,48.20,0.7500,1,1
173,92,957.43,62.09,22.93,20.12,0.2765,1,1
173,104,160.85,289.72,75.01,45.42,0.8152,1,1
173,136,345.14,374.52,44.93,30.76,0.7041,1,1
173,155,368.37,307.95,31.26,28.11,0.4881,1,1
173,160,755.03,943.57,52.21,39.76,0.8487,1,1
173,184,680.68,356.34,29.34,34.45,0.4274,1,1
173,188,634.94,782.53,129.43,128.83,0.8834,1,1
173,190,895.83,152.68,70.52,77.23,0.7161,1,1
173,216,907.43,75.59,19.47,20.41,0.4067,1,1
173,236,976.58,911.38,58.47,58.82,0.8627,1,1
173,243,903.37,71.17,23.15,21.85,0.3159,1,1
173,247,639.84,49.85,51.06,40.21,0.4442,1,1
173,248,701.65,149.57,43.97,24.83,0.5179,1,1
173,252,285.18,379.91,64.64,40.36,0.6426,1,1
174,1,991.49,21.77,45.82,46.65,0.7007,1,1
174,2,448.27,418.81,75.24,102.31,0.8341,1,1
174,3,460.48,147.06,56.27,44.90,0.8817,1,1
174,4,1149.99,375.05,103.22,68.90,0.8768,1,1
174,6,641.74,49.13,48.54,42.21,0.6863,1,1
174,8,467.35,193.60,38.23,29.00,0.7636,1,1
174,9,303.81,249.27,31.88,39.26,0.6834,1,1
174,11,742.76,189.24,74.33,75.24,0.4980,1,1
174,13,262.81,228.03,68.42,51.54,0.8181,1,1
174,16,1464.16,0.01,30.19,31.53,0.6945,1,1
174,17,654.16,75.54,32.69,41.55,0.7258,1,1
174,39,849.88,659.93,135.63,96.48,0.2707,1,1
174,72,483.40,362.02,30.56,31.44,0.5363,1,1
174,78,963.39,838.20,39.53,36.14,0.6675,1,1
174,83,202.40,312.09,40.28,49.06,0.7362,1,1
174,92,957.53,62.54,22.74,20.18,0.5814,1,1
174,104,162.70,289.84,76.74,46.79,0.7930,1,1
174,136,352.14,369.11,45.38,32.84,0.6871,1,1
174,142,1204.08,579.43,42.57,38.54,0.3903,1,1
174,155,367.39,306.86,32.33,29.16,0.6305,1,1
174,160,756.60,943.11,50.96,38.77,0.7950,1,1
174,184,681.76,355.93,30.32,34.79,0.5283,1,1
174,188,633.45,783.23,131.31,129.61,0.8810,1,1
174,190,895.71,152.33,70.31,76.84,0.6861,1,1
174,236,968.28,930.27,51.11,56.31,0.8621,1,1
174,247,640.05,49.18,51.30,40.75,0.3639,1,1
174,248,703.48,149.90,43.10,23.88,0.4347,1,1
174,252,288.94,387.79,57.72,34.05,0.7149,1,1
175,1,990.72,24.57,45.19,44.82,0.7977,1,1
175,2,447.19,416.07,76.73,104.74,0.8088,1,1
175,3,461.78,147.83,56.46,45.42,0.8815,1,1
175,4,1149.90,375.07,103.39,69.00,0.8772,1,1
175,6,642.87,49.48,47.47,41.74,0.6051,1,1
175,8,466.57,193.75,39.49,29.95,0.8258,1,1
175,9,303.12,249.01,32.53,40.01,0.6559,1,1
175,11,741.54,188.96,75.96,74.99,0.5771,1,1
175,13,263.13,227.52,68.49,51.70,0.8237,1,1
175,16,1464.00,0.01,29.92,31.32,0.6716,1,1
175,17,653.77,74.29,33.33,42.39,0.7054,1,1
175,39,850.22,659.95,134.92,96.26,0.3586,1,1
175,72,475.04,355.54,30.30,30.45,0.6037,1,1
175,78,961.44,831.81,45.63,41.83,0.6544,1,1
175,83,205.44,312.86,39.80,48.37,0.6546,1,1
175,92,957.15,63.16,22.32,19.92,0.7230,1,1
175,104,166.67,289.76,72.98,44.10,0.8133,1,1
175,160,757.66,944.73,49.07,37.27,0.6932,1,1
175,184,683.50,356.48,30.63,34.55,0.5697,1,1
175,188,631.59,782.79,133.54,131.16,0.8757,1,1
175,190,894.66,152.16,71.24,79.60,0.7812,1,1
175,236,961.72,950.73,45.57,55.35,0.7911,1,1
175,247,641.26,49.62,50.51,40.57,0.3171,1,1
175,248,703.01,150.90,41.61,22.49,0.4659,1,1
175,252,291.84,391.69,51.58,30.28,0.2954,1,1
176,1,991.29,24.84,50.94,44.64,0.8623,1,1
176,2,446.76,415.53,77.62,106.37,0.7534,1,1
176,3,462.26,149.44,56.31,45.32,0.8715,1,1
176,4,1149.96,374.96,103.34,69.00,0.8772,1,1
176,6,644.00,49.94,46.57,42.14,0.7444,1,1
176,8,467.90,194.13,39.96,30.32,0.8294,1,1
176,9,301.29,250.23,34.25,42.15,0.6631,1,1
176,11,740.74,189.01,76.37,74.33,0.5133,1,1
176,13,263.38,227.40,69.33,52.60,0.8244,1,1
176,16,1463.85,0.01,29.79,31.36,0.6556,1,1
176,17,654.84,77.46,32.63,41.36,0.7324,1,1
176,39,850.03,659.86,135.22,97.00,0.3558,1,1
176,72,471.82,354.12,33.87,33.81,0.7804,1,1
176,78,961.24,831.06,46.59,42.72,0.6850,1,1
176,83,208.82,312.99,39.35,47.82,0.2540,1,1
176,92,955.40,62.40,22.15,20.59,0.7659,1,1
176,104,168.91,289.78,72.29,43.95,0.8175,1,1
176,142,1202.77,581.89,38.50,36.30,0.3036,1,1
176,160,748.66,946.48,55.99,42.85,0.2609,1,1
176,184,685.03,357.51,28.55,32.10,0.4029,1,1
176,188,631.85,783.28,133.55,130.98,0.8726,1,1
176,190,894.83,151.31,71.99,82.45,0.8237,1,1
176,236,953.54,960.74,45.89,57.76,0.5337,1,1
176,243,905.65,70.72,23.54,22.32,0.3251,1,1
176,248,698.38,153.57,46.12,24.15,0.6182,1,1
177,1,990.45,25.44,52.82,43.89,0.8824,1,1
177,2,446.63,415.90,77.54,104.35,0.8124,1,1
177,3,462.43,150.47,56.25,45.21,0.8607,1,1
177,4,1149.99,374.75,103.49,69.30,0.8772,1,1
177,6,644.21,50.06,45.96,42.13,0.7505,1,1
177,8,468.90,196.00,39.59,29.54,0.8059,1,1
177,9,300.75,252.27,33.38,41.45,0.6473,1,1
177,11,740.41,189.30,76.92,74.04,0.4859,1,1
177,13,264.40,227.77,68.22,51.70,0.7424,1,1
177,16,1463.56,0.01,29.81,31.53,0.6674,1,1
177,17,654.88,78.03,32.24,40.61,0.7177,1,1
177,39,850.46,659.88,133.72,95.88,0.2955,1,1
177,72,474.56,353.64,35.12,35.20,0.7153,1,1
177,78,960.44,830.43,47.42,44.39,0.7355,1,1
177,83,211.41,314.15,39.89,48.60,0.2796,1,1
177,92,954.28,62.79,22.45,21.66,0.7836,1,1
177,104,171.82,289.73,72.29,43.97,0.8091,1,1
177,160,750.37,950.85,47.20,41.07,0.8174,1,1
177,184,687.29,355.90,28.89,33.29,0.4120,1,1
177,188,632.42,785.78,133.88,130.50,0.8847,1,1
177,190,895.74,149.53,70.71,79.89,0.7897,1,1
177,243,906.97,73.02,24.67,23.49,0.6609,1,1
177,248,689.41,154.92,43.59,24.03,0.6360,1,1
178,1,989.97,25.46,53.75,43.78,0.8827,1,1
178,2,446.27,415.91,78.23,104.31,0.8118,1,1
178,3,462.40,150.47,56.30,45.22,0.8606,1,1
178,4,1150.11,374.71,103.36,69.32,0.8769,1,1
178,6,644.38,50.04,45.62,42.15,0.7534,1,1
178,8,468.75,196.07,39.93,29.49,0.8052,1,1
178,9,300.77,252.39,33.14,41.44,0.6517,1,1
178,11,740.12,189.34,77.51,73.95,0.4635,1,1
178,13,264.30,227.62,68.54,52.02,0.7491,1,1
178,16,1463.60,-0.00,29.70,31.54,0.6670,1,1
178,17,654.82,78.10,32.33,40.52,0.7187,1,1
178,39,850.60,659.86,133.30,95.55,0.3101,1,1
178,72,474.82,353.59,35.10,35.31,0.7164,1,1
178,78,960.60,830.20,47.05,44.64,0.7451,1,1
178,83,212.05,314.42,39.99,48.82,0.2806,1,1
178,92,954.44,62.80,22.05,21.71,0.7830,1,1
178,104,171.90,289.71,72.33,44.02,0.8088,1,1
178,160,751.63,950.94,44.55,41.03,0.8173,1,1
178,184,688.03,355.62,28.43,33.42,0.4097,1,1
178,188,632.26,785.92,134.18,130.42,0.8857,1,1
178,190,895.48,149.44,71.26,79.82,0.7896,1,1
178,243,907.10,73.15,24.72,23.60,0.6616,1,1
178,248,689.09,155.04,42.04,24.02,0.6379,1,1
179,1,990.13,24.81,54.93,44.73,0.8871,1,1
179,2,446.50,414.38,78.27,106.52,0.8324,1,1
179,3,462.12,151.08,56.92,46.41,0.8631,1,1
179,4,1150.43,374.45,102.63,68.50,0.8721,1,1
179,6,644.73,50.22,45.40,42.30,0.7519,1,1
179,8,468.82,198.72,38.92,27.83,0.8016,1,1
179,9,300.63,252.00,33.83,42.75,0.7160,1,1
179,11,738.88,189.24,78.27,74.17,0.5689,1,1
179,13,264.67,227.04,68.37,52.15,0.7881,1,1
179,16,1464.10,0.00,29.46,31.31,0.6531,1,1
179,17,655.16,80.53,31.43,38.40,0.7393,1,1
179,72,478.59,353.26,35.86,36.25,0.7544,1,1
179,78,959.33,830.65,46.61,45.12,0.7001,1,1
179,92,954.58,63.11,21.64,21.73,0.7906,1,1
179,104,173.68,287.66,72.83,44.07,0.7122,1,1
179,160,747.96,955.03,43.81,42.37,0.8696,1,1
179,184,689.34,354.08,27.41,32.14,0.3271,1,1
179,188,632.02,787.49,134.55,130.19,0.8937,1,1
179,190,895.76,149.14,70.93,80.48,0.8072,1,1
179,243,908.43,75.39,23.30,21.19,0.6465,1,1
179,248,686.35,155.72,41.24,24.15,0.5545,1,1
180,1,990.92,24.20,54.85,45.27,0.8885,1,1
180,2,447.40,414.31,77.04,105.26,0.8680,1,1
180,3,462.64,152.78,55.79,45.13,0.8536,1,1
180,4,1151.01,373.83,102.52,68.50,0.8731,1,1
180,6,644.98,50.26,45.24,42.74,0.7753,1,1
180,8,468.38,199.67,39.73,27.87,0.8329,1,1
180,9,300.38,249.97,35.23,44.59,0.6764,1,1
180,11,738.05,188.51,80.55,75.74,0.7287,1,1
180,13,264.92,227.45,67.78,51.65,0.7928,1,1
180,16,1463.28,0.00,29.62,31.29,0.6778,1,1
180,17,655.14,83.07,30.78,36.49,0.7361,1,1
180,72,483.90,353.12,39.02,39.41,0.7891,1,1
180,78,958.52,829.50,44.69,43.93,0.7099,1,1
180,92,953.82,63.52,21.16,21.12,0.8234,1,1
180,104,175.54,287.49,73.12,43.64,0.7557,1,1
180,160,746.35,960.85,42.79,41.89,0.8926,1,1
180,184,689.58,352.82,26.48,30.58,0.2677,1,1
180,188,632.05,789.65,134.42,130.59,0.8927,1,1
180,190,899.01,148.86,67.15,75.07,0.8011,1,1
180,243,907.47,75.43,26.29,23.42,0.6579,1,1
180,248,693.99,155.86,37.65,22.53,0.3675,1,1
181,1,989.88,24.42,54.10,45.07,0.8945,1,1
181,2,447.73,413.95,76.42,105.01,0.8841,1,1
181,3,462.05,153.90,56.34,45.49,0.8453,1,1
181,4,1151.51,373.47,102.56,68.16,0.8582,1,1
181,6,645.58,50.23,44.24,41.82,0.7579,1,1
181,8,469.57,201.94,39.28,27.38,0.7651,1,1
181,9,300.21,251.41,35.27,45.86,0.7306,1,1
181,11,737.73,188.95,79.48,74.27,0.5886,1,1
181,13,265.54,229.17,68.09,51.84,0.7998,1,1
181,16,1464.04,0.00,29.64,30.81,0.6160,1,1
181,17,653.95,82.03,32.11,38.14,0.7146,1,1
181,39,849.68,661.29,132.85,94.68,0.4311,1,1
181,72,488.94,354.04,38.36,41.06,0.8220,1,1
181,83,220.91,315.53,36.91,46.46,0.3537,1,1
181,92,953.09,63.80,20.97,21.54,0.8034,1,1
181,104,176.70,288.88,74.44,44.95,0.7761,1,1
181,160,744.88,968.74,41.24,41.02,0.7368,1,1
181,188,633.05,797.31,132.36,126.58,0.8941,1,1
181,190,901.33,147.39,66.19,72.49,0.7695,1,1
181,243,908.19,78.10,26.38,22.74,0.7027,1,1
181,258,539.42,300.00,39.07,25.76,0.6364,1,1
182,1,989.50,24.63,54.31,44.47,0.8950,1,1
182,2,448.87,411.97,75.50,102.52,0.8750,1,1
182,3,462.30,155.21,56.54,45.61,0.8368,1,1
182,4,1151.71,373.52,102.44,67.69,0.8540,1,1
182,6,645.73,50.31,43.97,41.35,0.7489,1,1
182,8,469.85,203.10,38.95,26.98,0.7214,1,1
182,9,300.14,251.77,34.96,46.00,0.7360,1,1
182,11,737.35,189.06,80.13,74.09,0.7417,1,1
182,13,265.78,230.17,66.55,49.90,0.8199,1,1
182,16,1463.65,0.01,30.22,30.93,0.6206,1,1
182,17,654.04,82.46,31.64,37.49,0.7225,1,1
182,39,849.82,661.33,132.97,94.53,0.3309,1,1
182,72,491.13,356.77,35.70,38.67,0.8306,1,1
182,83,221.43,316.55,35.52,46.18,0.5113,1,1
182,92,953.65,63.83,20.05,20.95,0.7940,1,1
182,104,177.33,289.43,73.44,44.47,0.7549,1,1
182,155,368.21,306.11,32.76,29.96,0.2814,1,1
182,160,739.22,972.35,45.41,46.54,0.7233,1,1
182,188,632.03,797.87,134.83,128.86,0.8857,1,1
182,190,902.49,147.66,64.93,71.00,0.8177,1,1
182,243,908.57,78.64,25.90,22.44,0.6596,1,1
182,258,540.00,300.04,38.68,25.40,0.4861,1,1
182,259,305.66,389.21,44.40,30.25,0.3598,1,1
183,1,987.80,24.73,55.71,44.11,0.8952,1,1
183,2,447.75,409.20,76.36,105.09,0.8772,1,1
183,3,462.63,156.37,55.96,45.04,0.8275,1,1
183,4,1151.58,373.55,102.66,67.82,0.8584,1,1
183,6,645.70,50.81,43.72,41.01,0.7083,1,1
183,8,471.12,203.92,38.40,26.57,0.5939,1,1
183,9,300.00,251.16,34.64,45.28,0.7043,1,1
183,11,736.61,188.95,80.50,74.31,0.7093,1,1
183,13,265.57,230.79,67.17,49.88,0.8160,1,1
183,16,1463.75,0.01,30.28,30.53,0.6158,1,1
183,17,653.75,83.39,31.72,37.62,0.7093,1,1
183,39,849.97,661.26,133.70,95.22,0.4901,1,1
183,72,494.84,365.50,30.42,31.67,0.8153,1,1
183,83,221.64,316.93,34.23,46.08,0.6093,1,1
183,92,955.38,64.24,19.33,20.51,0.8224,1,1
183,104,177.77,291.04,72.24,42.68,0.7412,1,1
183,136,356.43,373.66,37.08,26.27,0.4105,1,1
183,160,734.07,975.75,49.83,52.01,0.4497,1,1
183,188,630.15,798.57,136.93,131.36,0.8853,1,1
183,190,903.07,146.96,66.22,71.52,0.8273,1,1
183,243,907.58,77.39,27.08,23.70,0.3335,1,1
183,247,643.59,50.32,48.41,39.73,0.3244,1,1
183,258,539.79,300.04,39.26,25.77,0.4420,1,1
183,259,303.79,389.22,46.37,31.46,0.2913,1,1
183,260,10.00,591.42,30.36,26.60,0.4823,1,1
184,1,987.39,24.73,56.44,44.11,0.8950,1,1
184,2,447.95,409.15,75.93,105.14,0.8775,1,1
184,3,462.61,156.46,55.97,44.95,0.8278,1,1
184,4,1151.64,373.55,102.72,67.85,0.8580,1,1
184,6,645.66,50.82,43.80,40.99,0.7089,1,1
184,8,471.27,203.98,38.33,26.50,0.5953,1,1
184,9,300.18,251.13,34.67,45.21,0.7096,1,1
184,11,736.52,188.94,80.62,74.35,0.7030,1,1
184,13,265.45,230.88,67.48,49.79,0.8153,1,1
184,16,1463.64,-0.01,30.59,30.47,0.6165,1,1
184,17,653.73,83.41,31.73,37.67,0.7089,1,1
184,39,850.09,661.23,133.59,95.25,0.5004,1,1
184,72,494.63,365.75,30.93,31.54,0.8110,1,1
184,83,221.96,316.95,33.49,46.06,0.6028,1,1
184,92,955.51,64.25,19.16,20.49,0.8219,1,1
184,104,177.18,291.15,73.33,42.63,0.7383,1,1
184,136,356.30,373.77,37.34,26.10,0.4257,1,1
184,160,733.38,976.46,49.95,53.24,0.4472,1,1
184,188,630.24,798.53,136.76,131.45,0.8853,1,1
184,190,902.86,146.93,66.71,71.58,0.8260,1,1
184,243,907.40,76.96,27.19,24.06,0.3311,1,1
184,247,644.04,50.32,47.66,39.71,0.3263,1,1
184,258,539.79,300.03,39.45,25.89,0.4194,1,1
184,259,303.03,389.14,47.18,31.91,0.2618,1,1
184,260,10.07,591.01,30.39,27.05,0.4823,1,1
184,261,21.82,539.01,32.38,45.81,0.5091,1,1
184,262,694.51,155.73,33.29,23.37,0.2623,1,1
185,1,986.73,25.25,56.51,43.36,0.8807,1,1
185,2,449.31,409.53,75.65,105.26,0.8696,1,1
185,3,462.55,156.28,56.97,45.98,0.8354,1,1
185,4,1151.77,373.74,102.40,67.44,0.8549,1,1
185,6,645.64,52.28,43.86,41.29,0.7326,1,1
185,8,471.80,204.80,38.32,26.39,0.5605,1,1
185,9,299.57,250.83,35.18,45.71,0.7055,1,1
185,11,736.35,188.92,80.93,74.55,0.6776,1,1
185,13,265.03,231.11,67.64,49.87,0.8118,1,1
185,16,1463.28,0.01,30.89,30.36,0.6224,1,1
185,17,653.76,84.32,31.39,37.11,0.6936,1,1
185,39,850.24,660.69,133.87,95.50,0.5828,1,1
185,72,493.50,366.09,32.91,33.60,0.7798,1,1
185,83,218.52,319.61,34.35,45.10,0.7239,1,1
185,92,956.06,64.15,19.06,20.89,0.8079,1,1
185,104,176.45,291.04,74.81,43.02,0.7803,1,1
185,136,356.49,373.77,37.20,25.86,0.6023,1,1
185,160,731.61,978.83,49.35,53.97,0.4517,1,1
185,188,632.39,802.02,136.44,129.21,0.8852,1,1
185,190,904.17,146.76,65.56,69.39,0.7981,1,1
185,243,907.24,77.38,27.84,24.99,0.3420,1,1
185,247,643.99,51.24,47.79,40.42,0.2821,1,1
185,258,539.86,300.11,39.36,25.82,0.3729,1,1
185,261,19.39,545.28,33.63,55.15,0.8316,1,1
186,1,986.15,24.61,56.75,43.98,0.8654,1,1
186,2,450.11,408.31,75.77,105.57,0.8663,1,1
186,3,463.10,156.65,56.96,46.27,0.8075,1,1
186,4,1151.93,374.28,102.20,66.75,0.8420,1,1
186,6,645.63,53.22,43.50,41.10,0.7274,1,1
186,8,471.90,205.40,38.63,26.58,0.4610,1,1
186,9,299.62,250.46,35.50,46.20,0.7158,1,1
186,11,736.33,188.96,80.72,74.29,0.6875,1,1
186,13,264.61,230.74,67.72,50.11,0.8133,1,1
186,16,1463.22,0.01,31.06,30.18,0.6209,1,1
186,17,652.91,83.87,32.17,38.06,0.6773,1,1
186,39,849.47,660.38,135.21,97.57,0.7129,1,1
186,72,494.06,365.97,31.91,32.17,0.6503,1,1
186,83,213.80,321.69,35.87,44.19,0.7068,1,1
186,92,958.53,64.33,19.44,20.61,0.7664,1,1
186,104,176.00,292.59,74.94,43.35,0.7804,1,1
186,136,355.92,374.09,37.07,25.61,0.5985,1,1
186,160,730.42,986.39,46.50,51.89,0.2710,1,1
186,188,633.05,801.97,138.50,130.90,0.8841,1,1
186,190,904.47,146.20,64.90,67.89,0.7856,1,1
186,243,907.07,76.74,28.79,26.65,0.4244,1,1
186,247,643.98,52.20,47.57,40.79,0.3004,1,1
186,258,540.03,300.10,39.15,25.64,0.3949,1,1
186,261,17.06,552.44,32.60,54.24,0.7360,1,1
187,1,986.11,23.12,55.67,45.76,0.8814,1,1
187,2,451.90,406.93,74.61,104.31,0.8697,1,1
187,3,464.04,156.59,56.46,46.22,0.8100,1,1
187,4,1151.83,374.13,102.49,66.51,0.8341,1,1
187,6,645.82,53.73,43.18,40.72,0.7096,1,1
187,8,472.20,205.48,38.16,26.24,0.4166,1,1
187,9,299.92,250.74,35.17,46.00,0.7323,1,1
187,11,736.31,189.07,80.93,74.45,0.6727,1,1
187,13,264.38,230.01,68.43,50.94,0.8012,1,1
187,16,1462.43,0.00,31.57,30.33,0.6428,1,1
187,17,652.95,83.19,32.48,38.79,0.6643,1,1
187,39,851.28,660.11,132.79,96.22,0.7483,1,1
187,72,493.09,364.84,31.59,31.04,0.6044,1,1
187,83,208.71,322.32,38.64,46.35,0.8038,1,1
187,92,961.67,64.62,19.38,19.83,0.6954,1,1
187,104,174.37,294.09,73.84,43.21,0.7718,1,1
187,136,355.19,374.12,37.07,25.47,0.5964,1,1
187,160,729.87,991.49,45.41,52.64,0.4283,1,1
187,188,634.22,802.51,139.03,131.36,0.8898,1,1
187,190,904.49,145.32,65.29,68.06,0.8079,1,1
187,243,907.72,75.43,27.78,27.48,0.6372,1,1
187,247,644.21,52.92,46.88,40.60,0.3112,1,1
187,258,539.90,299.94,39.35,25.69,0.6396,1,1
187,261,14.28,558.05,33.39,51.92,0.8523,1,1
188,1,987.38,21.13,54.58,47.73,0.8832,1,1
188,2,453.65,406.58,73.86,102.48,0.7480,1,1
188,3,464.64,157.02,56.43,46.08,0.8143,1,1
188,4,1151.72,374.18,102.55,66.17,0.8221,1,1
188,6,645.66,53.79,43.22,40.63,0.7211,1,1
188,8,472.81,205.72,37.74,25.96,0.4316,1,1
188,9,300.81,251.11,34.71,45.77,0.7444,1,1
188,11,736.36,189.06,81.19,74.64,0.6654,1,1
188,13,264.45,229.84,68.20,50.52,0.8188,1,1
188,16,1462.43,0.01,32.02,30.45,0.6175,1,1
188,17,653.06,83.41,32.14,38.71,0.6687,1,1
188,39,851.86,660.16,131.89,95.39,0.6325,1,1
188,72,490.45,363.70,33.18,31.86,0.5562,1,1
188,83,203.37,322.49,40.96,48.72,0.8011,1,1
188,92,964.50,64.57,18.98,18.79,0.7175,1,1
188,104,172.02,293.97,73.47,43.73,0.7571,1,1
188,136,355.69,374.30,38.24,26.10,0.6903,1,1
188,160,734.65,997.75,45.18,56.79,0.8191,1,1
188,188,634.13,802.82,140.82,132.74,0.8946,1,1
188,190,904.74,144.64,67.04,69.84,0.8093,1,1
188,243,908.48,75.66,26.47,29.54,0.7348,1,1
188,247,644.31,53.26,46.45,40.51,0.2966,1,1
188,258,539.89,300.11,39.29,25.69,0.6819,1,1
188,261,13.19,564.18,29.25,44.42,0.8172,1,1
188,264,956.96,961.55,38.32,55.23,0.7674,1,1
188,265,647.03,182.30,35.17,22.03,0.6486,1,1
189,1,988.41,18.61,52.23,49.64,0.8913,1,1
189,2,453.13,404.71,75.29,104.73,0.4732,1,1
189,3,465.94,158.96,56.11,44.93,0.8377,1,1
189,4,1151.61,374.33,102.77,66.04,0.8036,1,1
189,6,645.50,54.49,43.43,41.07,0.7268,1,1
189,8,474.40,205.90,37.25,25.70,0.4563,1,1
189,9,300.79,251.97,34.37,45.27,0.7762,1,1
189,11,736.19,189.07,81.57,74.99,0.7090,1,1
189,13,264.72,229.70,68.11,49.92,0.8181,1,1
189,16,1462.48,0.01,32.43,30.63,0.6051,1,1
189,17,652.78,83.58,32.26,38.94,0.6692,1,1
189,39,851.12,660.26,132.12,95.23,0.5240,1,1
189,83,201.22,324.99,39.80,46.53,0.8257,1,1
189,92,965.86,64.42,18.98,18.38,0.6971,1,1
189,104,169.16,294.62,74.13,44.82,0.7233,1,1
189,136,355.47,372.04,40.78,27.99,0.5306,1,1
189,160,747.45,1004.72,52.02,50.68,0.8450,1,1
189,188,633.45,803.51,142.00,133.48,0.9005,1,1
189,190,905.40,144.35,65.87,68.82,0.7978,1,1
189,243,910.03,75.13,23.31,27.73,0.7086,1,1
189,258,539.80,300.05,39.10,25.64,0.7067,1,1
189,264,964.66,945.41,38.74,55.06,0.4905,1,1
189,265,644.67,185.01,37.03,23.56,0.5453,1,1
190,1,989.27,18.58,50.50,49.66,0.8916,1,1
190,2,453.09,404.31,75.41,105.21,0.4703,1,1
190,3,465.66,158.85,56.70,45.06,0.8375,1,1
190,4,1151.51,374.33,102.94,65.92,0.8052,1,1
190,6,645.55,54.53,43.31,41.13,0.7273,1,1
190,8,474.69,205.88,37.10,25.66,0.4577,1,1
190,9,300.72,251.90,34.45,45.37,0.7759,1,1
190,11,736.19,189.06,81.59,75.00,0.7110,1,1
190,13,264.51,229.68,68.50,49.88,0.8186,1,1
190,16,1462.42,-0.01,32.62,30.63,0.6057,1,1
190,17,652.79,83.55,32.23,38.99,0.6683,1,1
190,39,850.95,660.26,132.38,95.13,0.4990,1,1
190,83,200.98,325.07,40.09,46.46,0.8255,1,1
190,92,965.80,64.40,19.28,18.35,0.6978,1,1
190,104,169.16,294.60,73.72,45.19,0.7242,1,1
190,136,355.52,371.63,41.06,28.31,0.5280,1,1
190,160,745.65,1004.88,56.38,50.53,0.8446,1,1
190,188,633.39,803.51,142.14,133.50,0.9003,1,1
190,190,905.48,144.33,65.81,68.86,0.7988,1,1
190,243,910.57,75.08,22.20,27.58,0.7068,1,1
190,258,539.85,300.06,39.00,25.61,0.6972,1,1
190,264,965.20,943.22,39.37,55.11,0.4826,1,1
190,265,644.59,185.39,36.71,23.72,0.5398,1,1
190,268,921.15,-0.00,21.48,16.65,0.2575,1,1
191,1,989.94,14.86,50.76,53.17,0.8933,1,1
191,2,456.03,401.00,75.37,105.81,0.7139,1,1
191,3,466.27,158.86,57.92,45.73,0.8238,1,1
191,4,1151.33,374.32,103.22,65.93,0.8165,1,1
191,6,645.84,55.85,43.13,41.18,0.7154,1,1
191,8,475.12,206.58,35.98,24.81,0.4283,1,1
191,9,299.81,251.63,34.76,45.88,0.7889,1,1
191,11,736.04,188.75,82.22,76.05,0.6449,1,1
191,13,264.77,229.15,68.97,50.49,0.8089,1,1
191,16,1462.37,0.01,32.68,30.56,0.5955,1,1
191,17,652.90,82.85,33.01,40.26,0.6552,1,1
191,39,851.09,661.23,132.10,94.55,0.4597,1,1
191,83,197.22,327.64,39.95,46.11,0.8081,1,1
191,92,966.58,64.15,19.74,18.44,0.5247,1,1
191,104,161.79,295.11,81.24,52.14,0.7079,1,1
191,136,357.67,370.04,41.43,28.96,0.6787,1,1
191,160,750.47,1014.65,57.04,49.31,0.5801,1,1
191,188,633.18,806.69,142.76,132.03,0.9087,1,1
191,190,905.98,144.06,65.69,68.92,0.8040,1,1
191,243,911.91,75.59,20.80,26.53,0.6473,1,1
191,258,539.78,300.07,39.26,25.93,0.7127,1,1
191,264,969.42,923.45,39.58,54.18,0.3187,1,1
191,265,643.23,186.06,38.36,25.64,0.6106,1,1
191,268,920.51,0.02,21.90,17.04,0.2910,1,1
192,1,990.09,12.80,50.45,55.27,0.8880,1,1
192,2,457.98,398.20,74.89,107.19,0.8265,1,1
192,3,467.78,159.50,57.98,45.57,0.8483,1,1
192,4,1151.23,374.02,103.39,65.95,0.8317,1,1
192,6,645.48,56.27,43.66,41.91,0.7296,1,1
192,8,476.74,206.61,36.15,24.84,0.4590,1,1
192,9,299.26,251.40,35.27,46.76,0.7926,1,1
192,11,735.23,188.25,83.88,78.10,0.4791,1,1
192,13,264.96,228.77,69.24,51.04,0.8154,1,1
192,16,1462.18,0.00,32.49,30.33,0.6000,1,1
192,17,653.28,83.60,32.46,39.87,0.6257,1,1
192,39,850.46,661.79,133.12,95.08,0.4190,1,1
192,83,190.06,332.52,40.45,44.97,0.7592,1,1
192,92,966.74,64.02,20.16,18.58,0.3626,1,1
192,104,159.98,295.81,77.47,52.15,0.7191,1,1
192,136,359.65,367.83,41.79,30.29,0.7874,1,1
192,188,632.13,807.54,144.42,132.21,0.9095,1,1
192,190,906.88,143.96,64.93,68.63,0.7897,1,1
192,243,910.98,75.51,20.54,26.76,0.6477,1,1
192,258,540.11,300.21,39.16,25.92,0.5875,1,1
192,265,644.35,188.85,35.11,23.47,0.5050,1,1
192,268,920.26,0.02,22.10,17.25,0.2784,1,1
193,1,993.54,26.12,46.21,42.69,0.8985,1,1
193,2,460.41,393.31,74.57,107.65,0.7295,1,1
193,3,468.23,159.14,57.60,44.75,0.8486,1,1
193,4,1151.23,374.07,103.49,66.06,0.8347,1,1
193,6,645.57,56.23,43.70,42.28,0.7528,1,1
193,8,476.95,206.36,36.60,25.13,0.3116,1,1
193,9,299.53,251.87,34.95,46.38,0.7858,1,1
193,11,734.23,187.76,84.89,79.66,0.3343,1,1
193,13,266.93,228.48,67.80,50.48,0.8126,1,1
193,16,1461.95,0.01,32.45,30.31,0.5980,1,1
193,17,653.60,83.86,32.45,40.08,0.6140,1,1
193,39,849.82,661.95,135.11,98.60,0.7623,1,1
193,83,184.65,335.80,41.04,44.13,0.7575,1,1
193,104,158.55,295.54,72.36,52.01,0.8065,1,1
193,136,359.43,367.62,42.11,30.29,0.7611,1,1
193,188,633.82,809.79,142.40,130.70,0.9118,1,1
193,190,907.52,143.68,64.06,68.05,0.7678,1,1
193,243,911.97,74.93,18.97,24.60,0.4445,1,1
193,258,540.39,300.21,39.38,26.06,0.5762,1,1
193,265,644.39,189.88,34.94,22.91,0.5924,1,1
193,271,469.17,352.06,31.50,33.52,0.7521,1,1
193,272,719.96,161.12,35.77,20.34,0.3819,1,1
193,274,6.16,591.41,28.68,35.22,0.3680,1,1
194,1,993.57,26.44,48.52,42.31,0.9040,1,1
194,2,462.90,392.97,73.93,106.15,0.6739,1,1
194,3,469.67,159.97,57.37,43.69,0.8366,1,1
194,4,1150.98,373.74,103.71,66.45,0.8295,1,1
194,6,645.62,56.21,44.24,43.35,0.7498,1,1
194,9,299.31,252.79,35.55,47.02,0.7970,1,1
194,11,734.95,186.64,85.78,81.44,0.3776,1,1
194,13,267.45,228.41,67.60,50.59,0.8035,1,1
194,16,1461.91,0.00,32.52,30.44,0.6164,1,1
194,17,652.03,84.91,32.97,40.35,0.6072,1,1
194,39,848.45,662.28,135.02,98.42,0.6164,1,1
194,83,183.12,340.49,37.55,40.34,0.7439,1,1
194,104,154.39,296.85,75.09,60.30,0.8091,1,1
194,136,354.09,366.40,43.44,30.34,0.5586,1,1
194,188,633.87,811.30,141.92,130.96,0.9078,1,1
194,190,907.41,142.81,64.70,69.33,0.7540,1,1
194,243,914.28,75.83,19.29,25.05,0.4508,1,1
194,258,540.77,300.57,39.06,25.83,0.6935,1,1
194,265,644.12,191.57,34.23,22.12,0.4002,1,1
194,271,471.01,350.16,31.87,33.98,0.4516,1,1
194,272,721.01,162.19,35.14,20.10,0.4352,1,1
194,274,5.49,591.83,29.99,37.22,0.3622,1,1
195,1,995.00,21.08,49.50,47.67,0.9087,1,1
195,2,463.85,391.26,75.28,105.43,0.8832,1,1
195,3,469.24,159.40,58.48,44.30,0.8377,1,1
195,4,1150.86,373.60,103.54,66.50,0.8259,1,1
195,6,645.35,56.51,44.56,44.27,0.7671,1,1
195,9,300.02,252.71,35.23,46.33,0.7959,1,1
195,11,735.46,186.00,85.71,82.47,0.3707,1,1
195,13,267.74,227.05,68.43,52.35,0.8021,1,1
195,16,1461.60,-0.00,32.76,30.85,0.6103,1,1
195,17,652.67,87.97,31.45,37.76,0.6049,1,1
195,39,848.80,662.32,134.13,98.07,0.6494,1,1
195,83,175.74,344.05,37.64,38.16,0.7925,1,1
195,104,150.33,296.10,71.55,61.94,0.7939,1,1
195,136,356.91,360.52,46.95,33.59,0.8208,1,1
195,188,632.64,813.18,143.27,130.76,0.9038,1,1
195,190,907.20,141.65,65.05,70.35,0.7923,1,1
195,243,916.83,77.80,18.67,23.87,0.3630,1,1
195,258,540.85,300.84,38.78,25.57,0.6313,1,1
195,265,645.46,192.13,34.90,22.78,0.2746,1,1
195,272,720.84,162.28,34.99,20.11,0.4188,1,1
195,275,970.61,845.29,44.14,50.42,0.7668,1,1
195,277,1113.14,103.35,18.48,21.56,0.6674,1,1
196,1,995.86,21.00,47.80,47.74,0.9086,1,1
196,2,463.64,391.20,75.75,105.46,0.8832,1,1
196,3,469.28,159.56,58.51,44.12,0.8363,1,1
196,4,1150.94,373.61,103.44,66.52,0.8246,1,1
196,6,645.47,56.48,44.25,44.34,0.7690,1,1
196,9,300.02,252.70,35.30,46.24,0.7946,1,1
196,11,735.98,185.84,84.87,82.70,0.3715,1,1
196,13,268.18,226.93,67.63,52.51,0.8035,1,1
196,16,1461.63,-0.01,32.64,30.89,0.6095,1,1
196,17,652.49,88.13,31.77,37.59,0.6061,1,1
196,39,849.02,662.33,133.72,98.01,0.6595,1,1
196,83,174.97,344.18,38.72,38.05,0.7925,1,1
196,104,151.06,295.79,70.24,64.99,0.7915,1,1
196,136,357.30,360.39,46.55,33.68,0.8268,1,1
196,188,632.31,813.15,143.94,130.95,0.9037,1,1
196,190,907.34,141.53,64.81,70.48,0.7926,1,1
196,243,917.29,78.25,18.71,23.57,0.3569,1,1
196,258,540.83,300.85,38.82,25.55,0.6236,1,1
196,265,646.05,192.21,34.79,22.95,0.2801,1,1
196,272,720.84,162.29,34.79,20.09,0.4161,1,1
196,275,970.99,845.04,43.50,50.30,0.7666,1,1
196,277,1113.14,103.67,19.23,21.46,0.6688,1,1
197,1,997.66,23.33,47.88,45.99,0.9078,1,1
197,2,465.30,388.03,76.53,105.91,0.8465,1,1
197,3,469.51,159.82,58.56,44.02,0.8395,1,1
197,4,1150.87,373.59,103.20,66.28,0.8271,1,1
197,6,645.82,56.59,44.10,44.56,0.7774,1,1
197,8,478.54,205.97,36.28,24.93,0.2710,1,1
197,9,299.73,254.53,36.36,46.27,0.8152,1,1
197,13,269.30,227.66,66.88,51.57,0.8399,1,1
197,16,1462.12,-0.01,32.46,30.60,0.5819,1,1
197,17,652.70,89.67,31.67,36.79,0.6445,1,1
197,39,848.14,662.37,134.65,98.92,0.5604,1,1
197,83,167.26,348.21,40.62,39.54,0.6934,1,1
197,104,147.55,297.19,68.46,65.56,0.6763,1,1
197,136,361.37,358.15,42.56,30.77,0.5301,1,1
197,188,632.59,814.11,144.83,130.95,0.8963,1,1
197,190,906.98,140.88,65.03,71.37,0.7930,1,1
197,258,540.74,300.70,39.02,25.67,0.5396,1,1
197,265,646.79,192.07,34.32,22.96,0.4083,1,1
197,272,721.68,162.81,33.53,19.43,0.4220,1,1
197,275,967.65,844.14,41.24,46.86,0.8591,1,1
197,277,1116.44,107.22,19.46,21.45,0.4561,1,1
197,279,789.61,1008.75,31.45,30.33,0.6589,1,1
197,280,651.88,195.77,27.61,20.48,0.6774,1,1
197,281,298.57,383.15,52.98,36.15,0.2854,1,1
197,282,653.36,83.99,33.35,35.01,0.4748,1,1
198,1,999.60,23.62,47.11,45.50,0.9016,1,1
198,2,467.09,387.08,75.92,105.07,0.4413,1,1
198,3,469.47,159.80,58.70,44.10,0.8408,1,1
198,4,1150.49,373.03,103.33,66.79,0.8427,1,1
198,6,646.41,56.90,43.35,43.73,0.7818,1,1
198,8,478.17,205.60,36.84,25.37,0.2780,1,1
198,9,300.84,255.40,36.82,46.05,0.8099,1,1
198,11,735.19,186.20,84.53,83.35,0.2949,1,1
198,13,271.42,227.63,66.05,50.91,0.8489,1,1
198,16,1463.19,-0.01,32.22,29.61,0.6028,1,1
198,17,652.15,88.91,33.09,38.24,0.6905,1,1
198,39,847.47,662.50,133.98,98.23,0.5931,1,1
198,72,488.49,349.91,37.65,36.34,0.6244,1,1
198,83,159.79,351.51,41.37,39.80,0.7186,1,1
198,104,145.91,298.88,61.12,62.13,0.8088,1,1
198,136,360.87,358.73,41.10,29.47,0.2584,1,1
198,188,633.24,814.70,145.08,130.17,0.8707,1,1
198,190,906.39,140.14,64.87,72.05,0.7940,1,1
198,258,540.82,300.44,39.23,25.82,0.5821,1,1
198,265,647.04,192.05,34.16,23.17,0.3850,1,1
198,272,722.39,163.53,33.34,19.59,0.5704,1,1
198,275,966.93,842.02,41.38,47.10,0.8169,1,1
198,277,1118.50,112.65,20.28,22.85,0.5067,1,1
198,279,789.33,1008.40,32.79,30.89,0.7604,1,1
198,280,651.86,195.85,27.62,20.46,0.6977,1,1
198,281,298.62,383.13,53.17,36.82,0.4122,1,1
198,282,653.25,84.81,33.62,35.24,0.4520,1,1
199,1,1001.47,24.30,46.00,44.83,0.8970,1,1
199,2,469.26,385.01,75.54,103.17,0.6870,1,1
199,3,469.41,159.54,58.84,44.35,0.8404,1,1
199,4,1150.34,372.17,102.90,67.08,0.8499,1,1
199,6,646.59,57.29,43.41,43.81,0.7728,1,1
199,8,478.35,205.72,36.53,25.19,0.2939,1,1
199,9,303.93,255.11,36.04,45.51,0.7874,1,1
199,11,736.03,186.22,82.56,82.52,0.4172,1,1
199,13,273.65,229.49,63.81,47.70,0.8360,1,1
199,16,1462.45,-0.02,32.73,29.93,0.5355,1,1
199,17,651.70,89.05,33.64,39.00,0.7154,1,1
199,39,847.18,662.57,133.72,97.78,0.6327,1,1
199,78,966.84,844.59,42.73,45.94,0.7406,1,1
199,83,155.11,362.20,36.93,34.74,0.6663,1,1
199,104,140.16,301.81,60.52,63.89,0.7190,1,1
199,188,635.95,816.37,143.78,127.29,0.8871,1,1
199,190,905.01,140.14,65.08,71.55,0.7957,1,1
199,258,540.89,300.64,38.71,25.45,0.6577,1,1
199,265,647.00,192.02,33.96,23.27,0.3746,1,1
199,272,722.75,163.71,33.05,19.73,0.6120,1,1
199,277,1119.30,116.50,19.31,21.88,0.4761,1,1
199,279,790.30,1008.01,33.06,29.75,0.8134,1,1
199,280,651.81,196.02,27.54,20.31,0.6952,1,1
199,282,653.22,85.16,33.67,35.21,0.3980,1,1
199,285,963.48,39.36,22.14,22.91,0.3480,1,1
200,1,1002.76,23.74,47.31,44.69,0.8977,1,1
200,2,471.32,386.73,73.03,98.23,0.5718,1,1
200,3,469.46,159.52,58.93,44.53,0.8421,1,1
200,4,1149.96,371.37,102.47,68.38,0.8704,1,1
200,6,646.59,57.65,43.37,43.50,0.7755,1,1
200,8,478.22,205.73,36.48,25.20,0.3369,1,1
200,9,307.24,255.34,34.62,44.42,0.7758,1,1
200,11,736.57,186.16,81.99,82.86,0.3832,1,1
200,13,274.49,229.49,64.87,47.51,0.8393,1,1
200,16,1464.05,-0.02,33.75,29.76,0.5982,1,1
200,17,651.48,89.23,33.70,39.30,0.7464,1,1
200,39,847.20,662.71,133.07,97.02,0.5378,1,1
200,78,969.88,845.71,43.80,47.18,0.7843,1,1
200,83,147.98,364.27,38.09,35.83,0.6585,1,1
200,104,135.26,304.88,59.54,65.24,0.7380,1,1
200,136,361.49,359.91,39.35,27.85,0.4119,1,1
200,188,635.92,817.64,146.75,126.67,0.8915,1,1
200,190,903.59,139.27,66.20,72.51,0.8136,1,1
200,258,540.89,300.81,38.30,25.26,0.6542,1,1
200,265,647.32,192.00,33.69,23.35,0.3519,1,1
200,272,723.01,163.93,32.55,19.60,0.6037,1,1
200,277,1120.40,121.28,18.68,20.69,0.4231,1,1
200,279,789.90,1005.52,35.87,34.38,0.8632,1,1
200,280,652.03,196.37,27.34,20.04,0.7105,1,1
200,282,652.84,85.55,34.15,35.67,0.2825,1,1
200,285,963.34,39.37,21.63,22.66,0.3789,1,1
201,1,1003.85,23.79,47.22,45.07,0.8911,1,1
201,3,469.60,159.59,58.60,44.07,0.8386,1,1
201,4,1150.06,370.44,101.52,68.32,0.8785,1,1
201,6,646.28,57.77,43.72,43.65,0.7758,1,1
201,8,478.71,205.71,36.10,25.02,0.2854,1,1
201,9,307.70,256.27,34.88,45.61,0.8135,1,1
201,11,736.80,185.76,82.15,84.05,0.3940,1,1
201,13,275.59,229.11,66.13,47.90,0.8449,1,1
201,16,1462.05,-0.01,34.78,30.38,0.6816,1,1
201,17,651.16,88.52,34.23,40.36,0.7438,1,1
201,39,846.69,662.60,134.03,97.56,0.5896,1,1
201,78,973.55,846.88,44.48,47.46,0.6498,1,1
201,83,141.79,371.34,37.05,34.01,0.7478,1,1
201,104,127.91,305.86,58.76,66.45,0.7071,1,1
201,136,358.18,362.02,40.77,28.50,0.6989,1,1
201,188,637.56,819.20,147.99,128.20,0.8834,1,1
201,190,902.80,139.12,65.48,71.03,0.8097,1,1
201,258,541.40,301.08,37.41,24.56,0.7093,1,1
201,265,647.46,191.97,33.29,23.24,0.3631,1,1
201,272,723.29,164.06,32.37,19.56,0.5719,1,1
201,279,791.37,1005.00,34.15,33.15,0.8726,1,1
201,280,651.99,196.37,27.45,19.99,0.6944,1,1
201,285,962.91,39.94,21.74,22.95,0.2536,1,1
202,1,1003.95,23.79,47.03,45.09,0.8905,1,1
202,3,469.48,159.57,58.77,44.13,0.8380,1,1
202,4,1150.25,370.48,101.10,68.27,0.8781,1,1
202,6,646.20,57.79,43.88,43.69,0.7768,1,1
202,8,478.80,205.70,35.97,24.99,0.2732,1,1
202,9,307.87,256.27,34.58,45.76,0.8174,1,1
202,11,737.18,185.68,81.49,84.23,0.3865,1,1
202,13,275.68,229.74,66.03,47.22,0.8443,1,1
202,16,1461.79,-0.00,35.05,30.43,0.6817,1,1
202,17,651.26,88.44,34.05,40.44,0.7440,1,1
202,39,846.72,662.63,134.09,97.46,0.5669,1,1
202,78,973.77,847.00,44.83,47.46,0.6549,1,1
202,83,141.24,371.67,37.49,33.94,0.7468,1,1
202,104,128.01,305.98,57.37,66.49,0.7032,1,1
202,136,357.86,362.14,41.10,28.53,0.6962,1,1
202,188,637.66,819.19,147.86,128.34,0.8823,1,1
202,190,902.58,139.09,65.83,71.06,0.8099,1,1
202,258,541.42,301.11,37.38,24.45,0.7090,1,1
202,265,647.67,191.97,33.08,23.27,0.3584,1,1
202,272,723.35,164.09,32.28,19.55,0.5674,1,1
202,279,791.46,1004.98,33.97,33.14,0.8727,1,1
202,280,651.99,196.36,27.62,20.01,0.7033,1,1
202,285,962.90,40.10,21.65,23.05,0.2559,1,1
202,289,133.85,479.72,29.87,38.31,0.6980,1,1
203,1,1003.05,23.98,48.37,45.70,0.9088,1,1
203,2,470.99,381.37,75.59,100.85,0.3925,1,1
203,3,469.47,159.72,58.42,43.73,0.8380,1,1
203,4,1149.90,369.87,100.76,67.81,0.8751,1,1
203,6,646.17,57.78,43.86,43.49,0.7753,1,1
203,9,310.93,259.59,32.60,42.82,0.8101,1,1
203,11,737.19,185.61,81.63,85.08,0.3024,1,1
203,13,277.41,231.98,65.80,45.68,0.8368,1,1
203,16,1461.58,-0.00,34.92,30.12,0.6763,1,1
203,17,651.00,87.42,34.32,41.11,0.7248,1,1
203,39,846.51,662.67,134.12,97.35,0.5458,1,1
203,78,973.99,850.72,43.17,45.61,0.3053,1,1
203,83,133.55,374.51,38.72,35.14,0.7285,1,1
203,104,123.05,308.78,55.12,65.66,0.7667,1,1
203,136,356.89,365.78,40.06,28.50,0.8437,1,1
203,188,639.18,820.29,147.76,128.27,0.8932,1,1
203,190,901.97,139.01,66.58,71.14,0.8146,1,1
203,258,541.72,300.72,36.54,23.60,0.7632,1,1
203,265,647.88,191.95,32.76,23.19,0.3622,1,1
203,272,723.45,164.09,32.09,19.47,0.5447,1,1
203,279,793.54,1005.23,32.63,32.36,0.8773,1,1
203,280,651.95,196.32,27.69,20.02,0.6981,1,1
204,1,1004.24,23.83,49.17,46.10,0.9145,1,1
204,2,471.16,380.22,76.64,100.75,0.4203,1,1
204,3,469.33,159.65,58.04,43.46,0.8389,1,1
204,4,1149.58,368.76,100.66,67.82,0.8702,1,1
204,6,646.14,57.92,43.82,43.31,0.7723,1,1
204,8,478.48,205.87,35.53,24.73,0.3059,1,1
204,9,311.14,258.62,33.90,44.27,0.7679,1,1
204,11,737.58,185.49,81.21,85.49,0.3758,1,1
204,13,278.60,231.73,66.49,45.83,0.8233,1,1
204,16,1460.90,0.00,35.17,29.88,0.6960,1,1
204,17,650.94,86.64,34.46,41.61,0.7063,1,1
204,39,846.07,662.39,134.49,97.68,0.6359,1,1
204,104,119.08,314.12,53.29,63.61,0.3631,1,1
204,136,359.10,369.88,38.90,27.41,0.7953,1,1
204,188,639.75,820.80,148.51,128.84,0.8793,1,1
204,190,901.51,137.31,67.95,72.73,0.8154,1,1
204,258,541.89,300.64,36.11,23.23,0.7738,1,1
204,265,646.27,191.98,33.32,23.49,0.2892,1,1
204,272,723.23,163.95,31.99,19.32,0.5741,1,1
204,279,794.61,1004.85,31.41,30.98,0.8356,1,1
204,280,651.96,196.63,27.61,19.85,0.6707,1,1
205,1,1004.32,24.92,49.62,45.52,0.9178,1,1
205,2,471.63,378.22,77.94,101.87,0.3232,1,1
205,3,469.08,159.13,58.05,43.49,0.8478,1,1
205,4,1148.79,367.34,100.58,68.00,0.8821,1,1
205,6,646.22,57.98,43.74,43.13,0.7688,1,1
205,8,477.90,205.11,36.15,25.28,0.3012,1,1
205,9,312.02,260.12,33.61,42.93,0.7076,1,1
205,11,737.99,185.16,81.26,86.56,0.4076,1,1
205,13,278.62,229.72,69.98,49.24,0.8379,1,1
205,16,1460.00,0.00,35.72,29.81,0.7043,1,1
205,17,650.87,86.66,34.18,41.61,0.6760,1,1
205,39,846.19,662.58,133.87,97.04,0.6151,1,1
205,104,114.01,316.55,51.45,62.03,0.6840,1,1
205,136,358.09,376.51,37.51,26.26,0.5491,1,1
205,188,643.65,821.56,146.98,128.52,0.8884,1,1
205,190,901.33,136.15,68.81,74.32,0.8200,1,1
205,258,542.24,300.89,35.16,22.81,0.6626,1,1
205,265,645.66,191.98,33.54,23.53,0.2808,1,1
205,272,722.99,163.86,32.96,19.77,0.5806,1,1
205,279,795.10,1004.60,32.02,32.08,0.8734,1,1
205,280,652.07,196.78,27.56,19.71,0.6535,1,1
205,292,1121.85,126.21,21.78,24.24,0.5821,1,1
206,1,1005.23,24.33,50.37,45.71,0.9171,1,1
206,2,473.49,377.79,77.35,100.41,0.4307,1,1
206,3,468.82,157.52,59.00,44.44,0.8531,1,1
206,4,1147.77,366.49,100.25,67.31,0.8809,1,1
206,6,646.12,57.97,43.87,43.09,0.7762,1,1
206,8,477.37,204.25,36.99,25.96,0.2808,1,1
206,9,313.17,262.65,33.93,42.54,0.6559,1,1
206,11,738.48,185.02,80.57,86.52,0.3548,1,1
206,13,279.97,230.17,70.56,50.37,0.7872,1,1
206,16,1458.98,0.00,36.57,29.97,0.7426,1,1
206,17,651.40,86.71,33.45,40.69,0.6404,1,1
206,39,845.69,662.00,135.19,98.09,0.3489,1,1
206,78,971.73,850.14,42.65,46.04,0.4567,1,1
206,83,117.12,382.41,36.25,32.51,0.7909,1,1
206,104,105.04,318.40,53.53,65.82,0.6522,1,1
206,184,685.59,365.02,27.27,30.82,0.4240,1,1
206,188,642.17,821.88,148.26,128.82,0.8951,1,1
206,190,901.37,135.52,68.94,74.52,0.8042,1,1
206,243,912.10,80.12,19.59,24.30,0.5828,1,1
206,258,542.42,300.70,35.33,23.14,0.5394,1,1
206,265,645.30,191.97,33.74,23.55,0.2742,1,1
206,272,721.61,163.73,32.79,19.31,0.4215,1,1
206,279,795.13,1004.71,31.85,32.82,0.8925,1,1
206,280,652.01,196.84,27.63,19.67,0.6496,1,1
206,285,960.62,36.41,21.18,23.63,0.3029,1,1
206,292,1121.40,126.39,21.98,24.49,0.5561,1,1
207,1,1005.28,24.10,51.46,46.31,0.9159,1,1
207,2,471.46,374.04,80.19,103.11,0.6515,1,1
207,3,468.84,156.24,58.82,44.83,0.8574,1,1
207,4,1146.99,366.21,100.42,65.80,0.8838,1,1
207,6,646.06,57.98,43.99,43.15,0.7732,1,1
207,9,318.34,261.28,32.92,40.74,0.7276,1,1
207,11,738.59,184.87,80.57,87.33,0.3491,1,1
207,13,281.46,232.47,67.93,48.21,0.5727,1,1
207,16,1458.33,0.00,37.51,30.30,0.7289,1,1
207,17,651.35,86.54,33.47,40.73,0.6321,1,1
207,39,845.56,662.50,134.45,97.42,0.2777,1,1
207,78,973.78,850.97,40.65,44.21,0.3907,1,1
207,83,109.33,386.83,39.06,35.28,0.6922,1,1
207,104,99.83,321.23,51.32,63.15,0.7952,1,1
207,184,685.51,364.89,28.37,31.98,0.3921,1,1
207,188,641.29,822.06,149.80,128.82,0.9005,1,1
207,190,901.42,135.67,68.22,73.19,0.8255,1,1
207,243,910.24,79.46,18.91,21.37,0.6453,1,1
207,258,542.43,300.59,35.47,23.40,0.4966,1,1
207,272,721.48,163.43,33.45,19.48,0.4779,1,1
207,279,795.82,1005.08,30.86,32.03,0.8923,1,1
207,280,653.67,199.35,27.92,19.90,0.6810,1,1
207,285,961.08,35.26,18.77,22.65,0.5589,1,1
207,292,1121.43,126.85,21.91,24.47,0.4300,1,1
207,297,197.96,467.53,20.66,32.12,0.5181,1,1
208,1,1005.20,24.09,51.61,46.32,0.9159,1,1
208,2,471.05,373.71,80.85,103.38,0.6535,1,1
208,3,469.02,156.37,58.42,44.69,0.8568,1,1
208,4,1146.46,366.19,101.41,65.77,0.8844,1,1
208,6,646.05,57.99,44.03,43.13,0.7730,1,1
208,9,318.47,261.02,33.21,40.79,0.7298,1,1
208,11,738.83,184.83,80.10,87.53,0.3503,1,1
208,13,281.49,232.93,67.78,47.77,0.5793,1,1
208,16,1458.14,-0.00,37.87,30.29,0.7293,1,1
208,17,651.33,86.50,33.49,40.76,0.6353,1,1
208,39,845.52,662.64,134.28,97.17,0.2980,1,1
208,78,974.32,851.11,39.99,43.79,0.3894,1,1
208,83,108.80,387.08,39.17,35.61,0.6927,1,1
208,104,99.73,321.33,51.14,62.89,0.7979,1,1
208,184,685.48,364.83,28.74,32.33,0.3929,1,1
208,188,641.03,822.05,150.41,128.80,0.9005,1,1
208,190,901.21,135.66,68.50,73.18,0.8258,1,1
208,243,909.75,79.38,19.44,21.09,0.6451,1,1
208,258,542.50,300.56,35.31,23.45,0.4955,1,1
208,272,721.00,163.33,33.92,19.52,0.4659,1,1
208,279,795.86,1005.08,30.75,32.01,0.8926,1,1
208,280,653.80,199.54,28.00,20.01,0.6849,1,1
208,285,961.48,35.12,17.77,22.55,0.5578,1,1
208,292,1121.46,126.90,21.84,24.45,0.4256,1,1
208,297,197.90,468.56,20.49,31.99,0.5195,1,1
208,300,368.44,390.88,33.60,28.80,0.8520,1,1
209,1,1007.77,23.77,50.95,46.41,0.9173,1,1
209,2,471.54,372.85,81.34,104.68,0.7373,1,1
209,3,468.95,155.71,58.38,44.88,0.8553,1,1
209,4,1145.21,365.32,101.73,66.06,0.8817,1,1
209,6,645.96,57.98,44.14,43.25,0.7760,1,1
209,9,317.12,256.97,37.13,45.65,0.7602,1,1
209,11,739.42,184.69,80.07,88.06,0.3042,1,1
209,13,282.18,231.32,71.82,50.28,0.7810,1,1
209,16,1458.41,0.00,37.76,30.32,0.7125,1,1
209,17,651.41,86.60,33.51,40.76,0.6337,1,1
209,78,976.96,851.56,39.49,43.54,0.2679,1,1
209,83,103.05,388.67,41.15,38.27,0.8225,1,1
209,104,92.56,323.34,54.47,67.29,0.6237,1,1
209,184,685.76,364.79,28.99,32.44,0.3583,1,1
209,188,641.16,822.37,151.11,129.78,0.9012,1,1
209,190,901.67,136.86,67.52,70.68,0.8332,1,1
209,243,911.93,81.73,18.27,19.08,0.3971,1,1
209,258,542.76,300.57,34.90,23.25,0.4556,1,1
209,272,719.70,163.32,33.75,18.99,0.3757,1,1
209,279,796.26,1005.36,30.22,30.67,0.8762,1,1
209,280,653.79,199.53,28.09,20.13,0.6905,1,1
209,285,960.35,32.85,17.68,23.31,0.4854,1,1
209,292,1121.62,125.47,20.70,23.12,0.2717,1,1
209,297,198.93,474.59,20.69,32.53,0.3811,1,1
210,1,1009.88,24.21,50.27,45.68,0.9121,1,1
210,2,471.77,372.02,81.43,104.45,0.7781,1,1
210,3,469.28,155.23,57.78,44.64,0.8580,1,1
210,4,1144.12,364.51,100.58,65.05,0.8877,1,1
210,6,645.91,57.93,44.28,43.29,0.7804,1,1
210,9,318.02,255.12,38.30,46.81,0.7051,1,1
210,11,739.75,184.62,79.80,88.25,0.2929,1,1
210,13,283.08,229.00,74.98,53.92,0.8379,1,1
210,16,1459.03,0.00,37.10,29.69,0.6689,1,1
210,17,651.38,86.35,33.77,40.95,0.6441,1,1
210,39,845.11,661.64,134.36,97.20,0.2586,1,1
210,83,98.43,387.77,41.89,41.73,0.8487,1,1
210,104,87.35,326.74,56.67,70.95,0.6112,1,1
210,155,378.50,307.73,28.29,31.86,0.5994,1,1
210,184,686.02,364.65,29.46,32.29,0.2769,1,1
210,188,641.36,822.69,150.90,129.89,0.8984,1,1
210,190,902.12,137.10,66.29,68.24,0.8214,1,1
210,243,911.37,82.01,19.23,19.92,0.3955,1,1
210,258,543.03,300.64,36.77,24.33,0.6040,1,1
210,272,718.96,163.26,34.40,18.96,0.3785,1,1
210,279,796.15,1004.98,30.62,30.53,0.8450,1,1
210,280,653.86,199.67,28.01,20.11,0.6846,1,1
210,285,961.32,32.10,16.92,23.22,0.5718,1,1
211,1,1011.70,24.22,49.64,45.40,0.9126,1,1
211,2,472.74,372.19,80.37,103.45,0.8019,1,1
211,3,469.77,154.64,57.74,44.66,0.8592,1,1
211,4,1141.60,363.36,101.60,65.67,0.8972,1,1
211,6,646.00,57.67,44.32,43.39,0.7698,1,1
211,9,322.64,257.45,34.68,41.77,0.6006,1,1
211,11,740.59,184.48,79.54,88.48,0.3249,1,1
211,13,284.62,228.91,74.26,53.87,0.8351,1,1
211,16,1458.82,-0.00,37.42,29.88,0.6959,1,1
211,17,651.18,86.17,33.93,41.14,0.6368,1,1
211,39,844.93,661.46,134.49,97.28,0.3125,1,1
211,83,96.65,393.40,37.95,37.73,0.6359,1,1
211,104,82.94,331.57,55.46,70.12,0.6343,1,1
211,188,641.90,823.45,150.46,129.08,0.9020,1,1
211,190,902.00,136.95,67.07,68.30,0.8048,1,1
211,243,913.34,80.60,19.03,19.92,0.4322,1,1
211,258,543.70,301.30,37.18,23.95,0.6892,1,1
211,272,716.87,163.13,34.76,18.62,0.2733,1,1
211,279,796.30,1004.86,30.82,30.48,0.8359,1,1
211,280,653.89,199.74,27.95,20.07,0.6749,1,1
211,285,961.62,30.75,14.89,20.29,0.3108,1,1
211,302,388.14,416.07,24.23,34.55,0.6562,1,1
212,1,1012.39,24.04,49.42,45.11,0.9084,1,1
212,2,473.03,373.11,79.44,100.89,0.8145,1,1
212,3,470.61,155.28,57.16,43.82,0.8562,1,1
212,4,1140.38,362.64,102.37,65.50,0.8955,1,1
212,6,645.99,57.62,44.33,43.32,0.7798,1,1
212,9,325.15,256.19,36.01,42.81,0.6502,1,1
212,11,741.13,184.40,79.22,88.64,0.3273,1,1
212,13,286.81,229.97,76.23,55.00,0.8553,1,1
212,16,1458.67,0.00,38.35,30.78,0.7515,1,1
212,17,651.19,86.39,33.67,40.80,0.6295,1,1
212,39,845.11,661.39,134.47,97.30,0.3225,1,1
212,78,978.39,853.14,38.33,41.47,0.2500,1,1
212,83,91.36,397.68,38.30,37.80,0.8020,1,1
212,104,78.15,332.00,54.23,71.30,0.7444,1,1
212,155,382.09,308.68,25.80,29.96,0.4673,1,1
212,188,641.26,823.56,151.33,129.12,0.9001,1,1
212,190,901.30,135.30,69.64,70.98,0.8097,1,1
212,243,914.97,79.89,19.14,20.23,0.4490,1,1
212,258,543.02,301.46,38.96,24.83,0.6517,1,1
212,272,716.53,162.98,35.81,18.74,0.3516,1,1
212,279,795.52,1005.24,31.74,31.47,0.8762,1,1
212,280,653.80,199.71,28.00,20.07,0.6765,1,1
212,285,963.51,28.54,14.97,20.18,0.4530,1,1
212,306,199.30,523.25,23.78,35.49,0.2761,1,1
213,1,1013.31,24.46,49.86,44.91,0.9081,1,1
213,2,474.20,376.91,76.99,96.02,0.8014,1,1
213,3,470.51,154.47,57.46,44.29,0.8610,1,1
213,4,1136.63,361.58,103.16,66.40,0.9002,1,1
213,6,645.89,57.41,44.57,43.49,0.7823,1,1
213,9,326.03,255.41,36.99,43.10,0.6598,1,1
213,11,741.40,184.27,79.11,88.93,0.2775,1,1
213,13,287.48,228.02,76.54,55.63,0.8714,1,1
213,16,1459.37,0.00,37.15,30.21,0.7457,1,1
213,17,651.25,86.90,33.42,40.41,0.6387,1,1
213,39,844.96,662.05,135.00,97.75,0.3522,1,1
213,78,977.56,853.15,39.29,41.99,0.2632,1,1
213,83,88.48,400.91,38.17,38.25,0.8492,1,1
213,104,75.07,336.79,52.21,69.30,0.6960,1,1
213,155,385.43,309.62,22.90,27.00,0.2920,1,1
213,188,640.69,823.71,151.86,129.17,0.9036,1,1
213,190,901.34,135.49,69.51,70.61,0.8038,1,1
213,258,542.68,301.28,39.22,25.00,0.3153,1,1
213,279,795.37,1005.77,31.66,31.50,0.8846,1,1
213,280,654.02,199.84,27.69,19.83,0.6618,1,1
213,282,653.22,84.93,33.80,34.58,0.4254,1,1
213,306,198.52,532.98,28.90,44.11,0.5491,1,1
213,308,328.77,253.57,36.77,35.73,0.3419,1,1
214,1,1013.20,24.46,50.09,44.92,0.9081,1,1
214,2,473.97,376.94,77.71,96.02,0.7981,1,1
214,3,470.65,154.38,57.52,44.40,0.8615,1,1
214,4,1136.71,361.59,102.95,66.39,0.9002,1,1
214,6,645.87,57.40,44.67,43.58,0.7828,1,1
214,9,325.79,255.27,37.58,43.13,0.6554,1,1
214,11,741.58,184.22,78.85,89.01,0.2794,1,1
214,13,287.83,228.66,76.58,55.92,0.8714,1,1
214,16,1459.53,-0.00,36.84,30.20,0.7454,1,1
214,17,651.22,86.94,33.47,40.39,0.6445,1,1
214,39,845.07,661.44,134.10,96.99,0.3522,1,1
214,78,977.26,853.13,39.81,42.10,0.2697,1,1
214,83,88.53,400.97,37.95,38.26,0.8492,1,1
214,104,75.04,337.28,51.67,69.03,0.6942,1,1
214,155,386.39,309.82,21.93,26.19,0.2935,1,1
214,188,640.78,823.77,151.86,129.08,0.9053,1,1
214,190,902.07,136.87,67.85,68.10,0.8036,1,1
214,258,542.58,301.20,39.33,25.07,0.3264,1,1
214,279,795.39,1005.72,31.71,31.66,0.8869,1,1
214,280,654.01,199.82,27.73,19.85,0.6649,1,1
214,282,652.96,84.90,34.24,34.71,0.4259,1,1
214,306,198.66,534.37,29.09,45.34,0.5491,1,1
214,308,329.16,253.32,36.57,35.71,0.3633,1,1
215,1,1013.50,24.20,50.57,45.13,0.9102,1,1
215,2,473.68,376.22,78.14,95.87,0.7907,1,1
215,3,470.67,154.27,58.23,45.00,0.8683,1,1
215,4,1134.91,361.00,102.78,66.82,0.8958,1,1
215,6,645.85,57.29,44.73,43.72,0.7820,1,1
215,9,323.50,263.02,37.35,39.33,0.7268,1,1
215,11,742.73,183.95,78.09,88.49,0.3309,1,1
215,13,290.73,228.63,76.21,56.20,0.8802,1,1
215,16,1459.20,0.00,36.82,30.11,0.7573,1,1
215,17,651.02,86.96,33.72,40.69,0.6752,1,1
215,39,845.27,661.25,133.72,96.59,0.3017,1,1
215,83,83.59,403.21,39.10,39.34,0.8328,1,1
215,104,72.50,339.81,50.34,66.39,0.6292,1,1
215,188,640.78,823.97,151.75,128.96,0.9080,1,1
215,190,901.34,135.54,69.62,70.04,0.8046,1,1
215,258,542.30,301.22,39.66,25.27,0.4031,1,1
215,279,795.10,1006.26,31.85,31.35,0.8904,1,1
215,280,654.12,199.92,27.41,19.56,0.6606,1,1
215,306,199.61,539.97,30.57,51.64,0.6871,1,1
215,310,389.20,431.56,39.56,48.24,0.6516,1,1
216,1,1015.00,24.50,49.86,44.72,0.9134,1,1
216,2,471.86,372.45,79.91,96.97,0.7301,1,1
216,3,470.75,154.20,58.83,45.60,0.8709,1,1
216,4,1132.64,360.12,102.92,67.96,0.8951,1,1
216,6,645.91,57.09,44.78,43.86,0.7841,1,1
216,9,324.88,264.16,39.33,39.64,0.7106,1,1
216,11,743.22,184.00,77.69,88.41,0.3239,1,1
216,13,293.61,231.23,74.98,54.46,0.8747,1,1
216,16,1459.42,0.00,37.39,30.32,0.7856,1,1
216,17,651.04,86.95,33.73,40.70,0.6689,1,1
216,83,80.90,406.26,38.21,38.22,0.5486,1,1
216,188,639.85,824.35,152.28,129.17,0.9107,1,1
216,190,901.93,136.19,68.90,69.15,0.8159,1,1
216,258,542.13,301.37,40.13,25.56,0.3715,1,1
216,279,795.59,1007.22,31.42,30.64,0.8847,1,1
216,280,654.32,199.92,27.02,19.18,0.6605,1,1
216,306,201.70,544.97,30.88,53.92,0.6454,1,1
216,310,394.14,435.44,36.68,46.42,0.7888,1,1
217,1,1015.85,24.69,49.28,44.26,0.9112,1,1
217,2,471.05,372.37,80.75,96.53,0.7995,1,1
217,3,470.75,154.00,58.89,45.92,0.8722,1,1
217,4,1130.89,358.97,102.70,67.83,0.8924,1,1
217,6,645.85,56.99,44.85,43.87,0.7825,1,1
217,8,478.98,202.13,37.08,26.15,0.2509,1,1
217,9,330.27,264.90,38.11,38.52,0.7064,1,1
217,11,744.01,183.90,78.00,89.11,0.2967,1,1
217,13,294.18,230.35,75.72,56.53,0.8789,1,1
217,16,1460.33,0.01,37.32,30.21,0.7819,1,1
217,17,651.11,87.42,33.34,40.16,0.6568,1,1
217,39,845.54,660.90,134.03,96.68,0.2550,1,1
217,78,980.40,858.55,40.11,40.31,0.3308,1,1
217,188,639.48,824.89,152.06,128.48,0.9092,1,1
217,190,901.47,136.10,70.29,70.49,0.8217,1,1
217,258,541.85,301.50,40.46,25.79,0.3419,1,1
217,261,84.95,740.90,30.25,43.62,0.5617,1,1
217,279,796.18,1008.00,30.44,28.99,0.8681,1,1
217,280,654.30,199.86,26.98,19.06,0.6598,1,1
217,282,652.57,84.75,35.11,35.54,0.4569,1,1
217,306,201.09,542.37,31.23,56.00,0.6428,1,1
217,310,397.83,436.72,33.95,43.33,0.8296,1,1
217,311,706.06,162.94,43.54,18.21,0.2544,1,1
217,313,57.93,553.67,31.21,41.46,0.5090,1,1
217,314,965.45,826.43,43.85,34.89,0.3587,1,1
217,315,745.47,183.12,75.64,88.40,0.3487,1,1
218,1,1016.49,24.99,49.18,44.20,0.9112,1,1
218,2,473.04,373.91,80.32,94.85,0.8186,1,1
218,3,470.84,154.44,58.85,45.66,0.8707,1,1
218,4,1129.59,358.22,101.88,68.44,0.8857,1,1
218,6,645.77,56.83,45.07,44.15,0.7861,1,1
218,9,338.34,265.54,36.23,37.41,0.5886,1,1
218,11,744.39,183.82,77.90,89.24,0.2756,1,1
218,13,295.48,229.91,74.77,57.10,0.8866,1,1
218,16,1459.81,0.00,37.60,30.76,0.7714,1,1
218,17,651.47,87.51,32.81,39.33,0.6191,1,1
218,39,845.61,660.39,134.19,96.59,0.3025,1,1
218,78,979.32,861.24,42.74,38.84,0.4944,1,1
218,188,639.12,825.14,152.24,128.43,0.9052,1,1
218,190,901.88,136.19,69.24,69.04,0.8032,1,1
218,258,541.71,301.50,40.52,25.85,0.3593,1,1
218,261,85.99,743.87,27.22,37.99,0.2628,1,1
218,279,797.80,1009.49,28.07,26.30,0.5721,1,1
218,280,654.03,199.75,27.36,19.31,0.6598,1,1
218,282,652.91,84.71,34.80,35.14,0.4890,1,1
218,306,201.77,541.77,29.31,52.37,0.7567,1,1
218,310,400.16,436.20,32.07,38.57,0.8088,1,1
218,311,710.46,163.58,43.32,18.24,0.3673,1,1
218,313,57.84,563.78,29.09,38.99,0.5808,1,1
218,314,967.96,826.10,41.95,34.78,0.5691,1,1
218,315,745.65,182.98,75.66,88.50,0.3474,1,1
218,316,1130.51,110.85,20.79,19.59,0.4321,1,1
219,1,1016.40,24.80,49.32,44.53,0.9134,1,1
219,2,474.00,376.14,79.67,92.06,0.8120,1,1
219,3,470.96,154.22,59.04,46.04,0.8699,1,1
219,4,1128.18,356.71,100.86,68.05,0.8788,1,1
219,6,645.68,56.94,44.99,43.75,0.7817,1,1
219,9,338.77,266.93,36.38,38.17,0.6012,1,1
219,11,745.57,183.57,77.62,89.07,0.3008,1,1
219,13,297.45,230.02,74.78,57.72,0.8809,1,1
219,16,1459.54,0.00,37.07,30.82,0.7061,1,1
219,17,651.66,88.33,32.40,38.60,0.6029,1,1
219,39,846.89,660.01,134.55,96.98,0.3270,1,1
219,78,977.38,862.33,44.69,38.23,0.5366,1,1
219,188,638.52,826.02,152.40,127.74,0.9066,1,1
219,190,901.70,136.40,69.23,68.55,0.7880,1,1
219,247,643.87,57.24,48.22,43.31,0.2569,1,1
219,258,541.70,301.42,40.27,25.71,0.4686,1,1
219,272,714.83,163.54,36.30,18.41,0.4441,1,1
219,279,797.24,1009.60,29.83,26.96,0.7567,1,1
219,280,653.93,199.75,27.59,19.53,0.6778,1,1
219,282,653.11,84.39,34.49,34.68,0.5026,1,1
219,306,201.72,542.67,29.00,51.56,0.5670,1,1
219,308,346.36,256.42,30.39,30.71,0.3088,1,1
219,310,404.23,437.30,29.92,35.37,0.5153,1,1
219,314,968.37,825.70,40.00,33.82,0.4696,1,1
219,315,746.66,182.67,75.70,88.61,0.3951,1,1
219,316,1130.25,111.17,21.40,20.07,0.5675,1,1
220,1,1016.43,24.81,49.24,44.50,0.9133,1,1
220,2,473.47,376.23,80.66,91.94,0.8135,1,1
220,3,471.06,154.25,58.86,45.98,0.8697,1,1
220,4,1128.25,356.68,100.61,68.06,0.8783,1,1
220,6,645.58,56.94,45.20,43.77,0.7823,1,1
220,9,339.06,267.10,35.95,38.24,0.5956,1,1
220,11,745.92,183.47,77.50,89.04,0.3009,1,1
220,13,297.71,230.28,74.34,57.57,0.8807,1,1
220,16,1459.74,-0.00,36.60,30.82,0.7026,1,1
220,17,651.66,88.40,32.47,38.49,0.6035,1,1
220,39,847.28,659.89,134.58,97.11,0.3232,1,1
220,78,976.44,862.46,46.31,38.16,0.5387,1,1
220,188,638.26,825.99,152.84,127.76,0.9061,1,1
220,190,901.53,136.40,69.55,68.57,0.7877,1,1
220,258,541.69,301.37,40.22,25.70,0.4814,1,1
220,272,714.10,163.54,37.02,18.33,0.4140,1,1
220,279,796.90,1009.61,30.59,26.97,0.7547,1,1
220,280,653.99,199.82,27.56,19.54,0.6782,1,1
220,282,653.10,84.35,34.53,34.63,0.5037,1,1
220,306,201.70,542.72,28.99,51.33,0.5581,1,1
220,308,347.61,256.61,29.22,30.44,0.3169,1,1
220,310,404.62,437.42,30.08,34.84,0.5282,1,1
220,314,968.62,825.56,39.09,33.70,0.4700,1,1
220,315,746.89,182.60,75.68,88.64,0.4095,1,1
220,316,1130.20,111.22,21.54,20.13,0.5619,1,1
221,1,1016.35,24.73,49.44,44.89,0.9129,1,1
221,2,468.41,374.94,84.96,93.38,0.8524,1,1
221,3,472.17,155.09,58.17,45.05,0.8688,1,1
221,4,1127.18,356.03,101.16,68.99,0.8743,1,1
221,6,645.05,56.42,45.98,44.62,0.7713,1,1
221,9,335.83,266.64,38.27,40.77,0.6624,1,1
221,11,746.46,183.12,77.20,88.72,0.3292,1,1
221,13,298.95,230.75,74.56,57.00,0.8821,1,1
221,16,1460.21,-0.00,36.29,30.89,0.6884,1,1
221,17,651.49,88.17,32.94,38.92,0.6322,1,1
221,39,846.82,659.92,134.77,97.27,0.2839,1,1
221,78,972.02,861.42,45.78,37.85,0.7953,1,1
221,188,637.82,826.86,153.07,127.67,0.9054,1,1
221,190,901.43,136.19,70.93,69.17,0.7845,1,1
221,247,643.75,56.65,48.12,44.25,0.3944,1,1
221,258,541.56,301.15,40.31,25.77,0.3267,1,1
221,272,713.85,163.52,37.16,18.17,0.4267,1,1
221,279,796.03,1010.67,31.09,27.15,0.6448,1,1
221,280,653.83,199.78,27.89,19.82,0.6882,1,1
221,282,652.56,84.14,35.16,35.30,0.4960,1,1
221,314,970.91,823.96,37.51,33.61,0.6155,1,1
221,315,747.29,182.25,75.67,88.61,0.3534,1,1
221,316,1131.42,111.54,22.60,21.28,0.5068,1,1
222,1,1016.00,24.73,49.62,44.87,0.9101,1,1
222,2,473.21,375.51,82.68,92.83,0.8652,1,1
222,3,472.53,155.02,58.09,45.12,0.8680,1,1
222,4,1126.67,355.42,100.75,68.63,0.8717,1,1
222,6,644.83,56.26,46.00,44.50,0.7829,1,1
222,9,340.19,268.54,35.57,37.73,0.2881,1,1
222,11,746.93,182.27,77.21,88.80,0.2788,1,1
222,13,299.00,230.16,76.83,58.92,0.8146,1,1
222,16,1460.30,-0.01,35.95,31.10,0.6022,1,1
222,17,651.53,87.69,33.03,38.87,0.6322,1,1
222,39,846.74,659.92,134.96,97.47,0.2537,1,1
222,78,966.26,858.69,44.35,37.07,0.3602,1,1
222,188,637.54,827.41,153.47,127.61,0.9086,1,1
222,190,902.25,136.73,69.61,67.31,0.7450,1,1
222,247,643.67,56.40,47.84,44.29,0.3953,1,1
222,272,714.13,163.56,37.25,18.11,0.4247,1,1
222,279,794.10,1010.62,34.73,32.41,0.7659,1,1
222,280,653.89,199.85,27.70,19.69,0.6846,1,1
222,282,652.23,84.16,35.57,35.86,0.5017,1,1
222,310,404.40,432.15,27.84,31.76,0.5853,1,1
222,314,972.74,823.61,35.77,33.01,0.6545,1,1
222,315,747.66,182.81,75.93,88.54,0.3802,1,1
223,1,1015.97,24.61,49.74,45.09,0.9119,1,1
223,2,474.52,375.14,81.99,93.55,0.8464,1,1
223,3,472.58,155.02,58.12,45.09,0.8680,1,1
223,4,1126.57,354.99,100.16,67.84,0.8714,1,1
223,6,644.43,56.09,45.70,43.58,0.7797,1,1
223,11,747.08,182.52,77.35,88.78,0.4376,1,1
223,13,299.27,229.48,77.36,60.00,0.8377,1,1
223,16,1460.07,-0.01,35.51,31.28,0.5987,1,1
223,17,651.25,85.75,33.98,40.14,0.5909,1,1
223,39,845.57,661.00,134.46,96.80,0.3048,1,1
223,78,958.72,853.84,45.63,39.49,0.5475,1,1
223,83,69.09,420.97,34.56,33.97,0.2885,1,1
223,188,637.56,828.00,152.92,127.43,0.9081,1,1
223,190,902.37,136.20,70.64,67.77,0.7496,1,1
223,247,643.46,56.08,47.29,43.55,0.4200,1,1
223,272,714.48,163.47,37.33,18.05,0.4600,1,1
223,279,794.61,1011.69,34.25,32.51,0.5135,1,1
223,280,653.82,199.56,27.57,19.56,0.6779,1,1
223,302,400.77,423.88,30.40,34.02,0.8431,1,1
223,314,972.22,819.02,35.07,32.26,0.7433,1,1
223,321,186.03,522.21,26.41,31.40,0.5454,1,1
223,322,56.95,585.65,25.95,45.71,0.4897,1,1
224,1,1015.85,24.63,49.42,45.21,0.9062,1,1
224,2,476.15,375.90,80.42,93.01,0.8516,1,1
224,3,472.59,155.10,58.10,44.90,0.8690,1,1
224,4,1126.07,354.41,100.34,68.00,0.8705,1,1
224,6,643.93,56.10,46.33,43.74,0.7825,1,1
224,9,343.29,272.39,33.17,34.40,0.4599,1,1
224,11,747.59,182.62,76.75,87.64,0.4434,1,1
224,13,299.56,229.20,76.95,59.93,0.8265,1,1
224,16,1461.04,-0.01,34.10,30.12,0.5383,1,1
224,17,651.22,85.88,33.88,40.11,0.5918,1,1
224,39,845.07,661.25,135.04,97.01,0.2828,1,1
224,188,637.59,828.74,152.04,127.10,0.9090,1,1
224,190,901.85,135.39,72.61,69.74,0.7205,1,1
224,247,643.17,56.03,47.51,43.60,0.3953,1,1
224,272,714.05,163.56,37.35,17.97,0.4251,1,1
224,279,796.34,1012.12,33.10,32.01,0.5294,1,1
224,280,653.80,199.50,27.62,19.55,0.7013,1,1
224,300,400.51,419.65,31.23,29.27,0.8768,1,1
224,321,187.39,523.28,27.17,30.45,0.4100,1,1
224,323,330.32,272.78,41.14,36.55,0.6449,1,1
225,1,1015.96,24.63,49.46,44.92,0.9079,1,1
225,2,478.72,376.93,76.95,90.50,0.8373,1,1
225,3,472.56,155.06,58.17,44.98,0.8701,1,1
225,4,1126.23,354.49,100.10,68.12,0.8670,1,1
225,6,643.31,55.97,46.52,43.64,0.7818,1,1
225,11,747.50,182.58,77.13,87.66,0.5203,1,1
225,13,300.22,229.26,75.58,58.19,0.8288,1,1
225,16,1460.70,-0.02,34.17,30.61,0.4883,1,1
225,17,650.77,85.46,34.07,40.64,0.5935,1,1
225,39,845.84,661.49,134.98,96.75,0.3444,1,1
225,78,952.51,845.71,47.52,42.89,0.5311,1,1
225,188,637.43,829.30,151.77,127.31,0.9115,1,1
225,190,901.70,135.18,73.96,71.54,0.7571,1,1
225,247,642.77,55.86,47.54,43.51,0.3761,1,1
225,272,713.72,163.51,37.50,17.95,0.4292,1,1
225,280,653.92,199.31,27.11,19.00,0.6752,1,1
225,300,400.54,414.41,29.17,26.73,0.8166,1,1
225,321,185.13,523.07,26.35,26.72,0.5015,1,1
225,323,331.31,271.03,41.80,37.08,0.6938,1,1
226,1,1015.89,24.63,49.58,44.92,0.9077,1,1
226,2,479.11,376.93,76.25,90.53,0.8363,1,1
226,3,472.56,155.14,58.13,44.91,0.8701,1,1
226,4,1126.30,354.45,99.90,68.14,0.8660,1,1
226,6,643.17,55.96,46.75,43.68,0.7840,1,1
226,11,747.37,182.58,77.40,87.68,0.5174,1,1
226,13,300.03,229.21,75.96,58.16,0.8144,1,1
226,16,1460.81,-0.01,33.82,30.69,0.4881,1,1
226,17,650.89,85.34,33.91,40.65,0.5897,1,1
226,39,845.90,661.57,135.25,96.78,0.3427,1,1
226,78,952.80,845.04,46.19,43.18,0.5358,1,1
226,188,637.51,829.29,151.60,127.33,0.9115,1,1
226,190,901.80,135.17,73.79,71.74,0.7606,1,1
226,247,642.61,55.81,47.70,43.56,0.3791,1,1
226,272,713.37,163.51,37.64,17.90,0.4136,1,1
226,280,653.80,199.26,27.30,19.01,0.6783,1,1
226,300,400.36,414.21,29.49,26.70,0.8150,1,1
226,321,183.91,523.13,28.15,26.23,0.4964,1,1
226,323,331.08,270.88,41.99,37.15,0.6982,1,1
226,325,1104.62,126.39,27.97,23.40,0.6634,1,1
227,1,1016.10,24.74,49.23,44.79,0.9074,1,1
227,2,479.92,376.54,75.42,92.09,0.8624,1,1
227,3,472.42,155.16,58.32,44.99,0.8700,1,1
227,4,1126.66,354.55,100.46,68.54,0.8656,1,1
227,6,642.69,55.89,47.00,43.96,0.7844,1,1
227,11,747.36,182.71,77.75,87.61,0.5811,1,1
227,13,299.77,225.96,76.68,59.37,0.8787,1,1
227,16,1460.51,-0.00,33.15,30.35,0.5594,1,1
227,17,650.69,87.03,32.78,39.36,0.6102,1,1
227,39,846.43,661.69,135.57,96.93,0.3697,1,1
227,78,951.61,840.74,47.60,45.42,0.3750,1,1
227,188,637.74,830.89,150.63,126.09,0.9082,1,1
227,190,901.39,135.40,74.65,73.25,0.7777,1,1
227,272,714.33,163.63,37.59,17.77,0.3864,1,1
227,280,653.71,199.25,27.16,18.78,0.6571,1,1
227,282,651.32,83.44,35.50,36.07,0.3620,1,1
227,300,395.72,402.66,33.25,30.78,0.8245,1,1
227,323,331.58,268.39,44.17,40.36,0.6726,1,1
227,325,1103.90,127.91,27.93,23.66,0.5845,1,1
228,1,1016.27,24.77,49.03,44.66,0.9060,1,1
228,2,478.89,370.06,77.35,98.67,0.8699,1,1
228,3,472.31,155.22,58.31,45.00,0.8692,1,1
228,4,1127.80,354.73,100.52,68.64,0.8691,1,1
228,6,642.22,55.92,46.97,43.74,0.7926,1,1
228,11,746.89,182.98,77.26,86.81,0.3122,1,1
228,13,299.52,225.43,76.43,59.60,0.8829,1,1
228,16,1460.77,0.00,33.42,30.84,0.6357,1,1
228,17,650.70,87.69,32.26,38.65,0.6030,1,1
228,39,846.69,661.74,135.76,97.04,0.2854,1,1
228,78,954.97,837.80,44.38,45.95,0.7411,1,1
228,83,66.69,420.64,35.39,34.36,0.2591,1,1
228,188,638.17,831.38,150.22,125.79,0.9059,1,1
228,190,901.51,135.17,74.70,73.87,0.7934,1,1
228,280,653.69,199.45,27.41,18.92,0.6720,1,1
228,282,651.22,83.31,35.33,36.09,0.3224,1,1
228,300,402.64,394.44,28.30,26.00,0.6570,1,1
228,323,328.22,267.78,44.18,41.37,0.6489,1,1
228,325,1101.61,130.21,28.18,24.68,0.6032,1,1
229,1,1016.29,24.85,49.02,44.49,0.9049,1,1
229,2,479.26,373.06,75.46,96.61,0.8722,1,1
229,3,472.14,155.16,58.32,45.09,0.8673,1,1
229,4,1129.14,355.01,99.69,68.29,0.8694,1,1
229,6,641.20,55.99,47.41,43.78,0.7942,1,1
229,11,747.21,183.34,75.38,84.18,0.3025,1,1
229,13,299.15,225.15,76.03,59.06,0.8878,1,1
229,16,1459.97,0.00,33.36,30.73,0.6195,1,1
229,17,650.87,87.41,32.09,38.17,0.6001,1,1
229,39,846.97,661.71,135.80,97.06,0.2919,1,1
229,188,638.69,832.09,150.12,124.68,0.9059,1,1
229,190,901.90,136.21,74.41,73.66,0.7838,1,1
229,258,541.69,301.21,39.97,25.56,0.3659,1,1
229,272,712.97,163.77,38.08,17.78,0.2552,1,1
229,279,800.03,1013.55,28.87,27.48,0.2640,1,1
229,280,653.11,199.60,28.49,19.94,0.7106,1,1
229,323,327.94,264.43,42.51,40.52,0.7183,1,1
229,325,1099.79,131.54,28.76,26.66,0.6299,1,1
230,1,1016.06,25.07,49.38,44.30,0.9062,1,1
230,2,479.53,371.40,75.02,97.48,0.8741,1,1
230,3,472.01,155.23,58.40,45.05,0.8683,1,1
230,4,1129.89,354.42,100.35,69.04,0.8680,1,1
230,6,640.38,56.08,48.01,43.74,0.7986,1,1
230,8,480.24,202.78,35.92,25.36,0.2681,1,1
230,13,298.04,223.76,76.85,59.60,0.8904,1,1
230,16,1460.67,0.40,32.41,29.77,0.5517,1,1
230,17,651.76,85.13,32.71,38.67,0.5881,1,1
230,39,847.38,661.25,136.35,97.66,0.2795,1,1
230,188,638.94,832.74,150.82,124.62,0.9029,1,1
230,190,901.96,137.30,75.12,74.67,0.7896,1,1
230,280,653.10,199.56,28.59,20.23,0.7124,1,1
230,308,339.35,249.38,35.53,36.56,0.2655,1,1
230,323,334.70,261.41,40.28,39.41,0.6309,1,1
230,325,1100.48,133.31,25.44,23.88,0.3492,1,1
230,326,12.80,629.41,36.80,33.00,0.5018,1,1
231,1,1015.56,25.17,49.85,44.00,0.9054,1,1
231,2,479.53,370.68,74.81,98.09,0.8698,1,1
231,3,471.91,155.06,57.84,44.16,0.8663,1,1
231,4,1130.78,354.48,99.50,68.80,0.8710,1,1
231,6,639.51,56.08,48.68,43.87,0.8048,1,1
231,8,480.15,201.97,36.63,26.16,0.2621,1,1
231,11,745.81,184.81,73.55,80.31,0.4752,1,1
231,13,298.16,224.03,74.27,56.54,0.8781,1,1
231,16,1460.77,0.51,32.14,29.47,0.5408,1,1
231,17,651.53,84.96,33.09,38.77,0.6265,1,1
231,39,847.83,662.49,134.79,96.27,0.5191,1,1
231,83,68.66,421.22,34.96,32.34,0.5510,1,1
231,188,639.75,833.87,150.32,124.36,0.9030,1,1
231,190,902.74,138.10,72.72,71.33,0.7971,1,1
231,280,652.97,199.65,28.57,20.35,0.7313,1,1
231,308,342.51,249.90,33.91,37.44,0.5509,1,1
231,323,336.14,254.34,42.32,43.13,0.5710,1,1
231,327,52.66,626.16,25.60,45.91,0.6111,1,1
232,1,1015.30,25.16,50.23,44.05,0.9055,1,1
232,2,479.70,370.66,74.51,98.08,0.8698,1,1
232,3,471.85,155.10,58.02,44.09,0.8663,1,1
232,4,1130.90,354.49,99.26,68.78,0.8706,1,1
232,6,639.32,56.06,49.01,43.88,0.8048,1,1
232,8,480.22,201.76,36.64,26.35,0.2606,1,1
232,11,745.13,184.93,74.48,79.97,0.4764,1,1
232,13,297.84,224.01,74.87,56.49,0.8781,1,1
232,16,1460.75,0.51,32.15,29.43,0.5414,1,1
232,17,651.40,84.95,33.33,38.79,0.6259,1,1
232,39,847.74,662.65,134.87,96.15,0.5217,1,1
232,83,68.43,421.21,35.63,32.25,0.5498,1,1
232,188,639.77,833.85,150.24,124.27,0.9029,1,1
232,190,902.48,138.13,73.23,71.29,0.7996,1,1
232,280,653.03,199.65,28.44,20.35,0.7307,1,1
232,308,343.30,249.88,32.93,37.61,0.5514,1,1
232,323,336.98,253.41,41.21,43.59,0.5726,1,1
232,327,52.09,627.72,26.35,44.69,0.6133,1,1
233,1,1015.21,25.12,50.12,43.94,0.9039,1,1
233,2,480.35,371.25,72.78,95.68,0.8720,1,1
233,3,472.09,154.49,58.01,44.32,0.8695,1,1
233,4,1131.19,353.97,99.25,69.13,0.8744,1,1
233,6,638.95,56.22,49.22,43.84,0.8004,1,1
233,8,480.85,201.76,35.99,25.99,0.3829,1,1
233,11,743.95,185.24,74.49,79.03,0.4220,1,1
233,13,297.37,221.97,76.36,58.82,0.8839,1,1
233,16,1460.75,0.30,33.18,30.28,0.5551,1,1
233,17,650.92,84.92,33.68,39.14,0.6350,1,1
233,39,845.48,662.82,136.77,97.67,0.5472,1,1
233,83,68.26,421.05,36.42,32.45,0.7004,1,1
233,188,640.63,834.70,150.98,126.34,0.8931,1,1
233,190,901.12,138.06,76.38,75.16,0.8045,1,1
233,280,653.13,199.68,28.43,20.45,0.7301,1,1
233,308,341.07,245.79,35.55,41.96,0.5548,1,1
233,323,337.40,251.29,41.40,45.69,0.5838,1,1
233,327,51.36,620.99,32.16,55.00,0.4943,1,1
233,330,176.22,536.22,22.98,26.80,0.6799,1,1
233,333,391.58,314.04,28.46,41.49,0.6387,1,1
234,1,1015.11,25.07,49.90,43.39,0.9061,1,1
234,2,480.96,372.39,71.79,90.51,0.8808,1,1
234,3,472.70,153.51,58.09,44.79,0.8725,1,1
234,4,1131.77,353.07,99.02,69.06,0.8750,1,1
234,6,638.33,56.35,48.97,43.63,0.8006,1,1
234,8,481.35,200.43,36.86,27.05,0.3778,1,1
234,11,741.93,185.17,75.36,79.52,0.3677,1,1
234,13,298.00,221.36,74.88,58.25,0.8829,1,1
234,16,1460.71,0.33,33.74,30.85,0.5154,1,1
234,17,650.02,84.87,33.95,39.20,0.6616,1,1
234,39,843.81,662.91,138.20,98.98,0.5155,1,1
234,83,68.21,419.76,36.95,32.96,0.6087,1,1
234,188,641.22,836.64,150.86,126.45,0.8902,1,1
234,190,902.18,138.54,73.38,71.65,0.7789,1,1
234,272,715.77,164.25,38.15,17.81,0.2607,1,1
234,280,653.19,199.71,28.49,20.59,0.7404,1,1
234,308,340.39,243.97,36.05,44.08,0.6337,1,1
234,323,336.25,249.89,41.58,47.02,0.5310,1,1
234,327,55.31,636.42,30.04,47.28,0.6797,1,1
234,330,176.51,536.78,23.12,26.66,0.4666,1,1
234,333,389.66,315.93,23.02,33.34,0.7985,1,1
235,1,1015.19,25.16,49.97,43.05,0.9106,1,1
235,2,479.36,371.50,73.86,89.53,0.8822,1,1
235,3,473.31,153.55,57.61,44.51,0.8721,1,1
235,4,1131.75,352.88,98.92,69.23,0.8757,1,1
235,6,637.61,56.40,48.91,43.51,0.8014,1,1
235,8,481.66,198.75,37.09,28.19,0.5409,1,1
235,11,740.44,185.01,75.94,79.66,0.4775,1,1
235,13,298.75,220.15,74.32,57.74,0.8788,1,1
235,16,1460.74,0.11,34.37,31.88,0.6337,1,1
235,17,648.66,84.65,34.49,39.28,0.6824,1,1
235,39,843.93,663.00,137.14,98.47,0.5109,1,1
235,188,641.21,838.15,151.30,127.78,0.8982,1,1
235,190,901.99,138.37,74.52,71.83,0.7652,1,1
235,272,715.66,164.08,38.02,17.83,0.2664,1,1
235,280,653.35,199.98,28.14,20.42,0.7490,1,1
235,308,339.81,243.58,35.88,44.49,0.7093,1,1
235,323,333.28,249.49,42.20,47.75,0.5547,1,1
235,327,58.18,639.87,33.03,47.88,0.8115,1,1
236,1,1015.29,25.14,49.88,42.46,0.9141,1,1
236,2,478.73,372.13,75.19,89.18,0.8891,1,1
236,3,473.94,153.70,57.16,43.95,0.8693,1,1
236,4,1131.80,352.79,98.44,69.11,0.8670,1,1
236,6,637.14,56.32,48.67,43.02,0.8123,1,1
236,8,481.61,197.54,37.42,29.19,0.5476,1,1
236,11,739.60,185.33,75.07,77.90,0.6385,1,1
236,13,299.00,219.04,74.44,57.67,0.8793,1,1
236,16,1461.70,0.14,34.05,31.95,0.5282,1,1
236,17,648.22,84.41,34.71,39.33,0.7084,1,1
236,39,845.14,662.83,135.91,97.82,0.5952,1,1
236,188,642.30,839.25,151.17,128.06,0.8964,1,1
236,190,901.66,138.58,74.39,71.00,0.7577,1,1
236,280,653.32,199.96,28.07,20.53,0.7542,1,1
236,308,339.51,243.69,35.99,43.65,0.7713,1,1
236,323,331.01,250.07,42.98,48.47,0.3207,1,1
236,327,59.38,641.23,34.45,47.52,0.8299,1,1
237,1,1015.07,25.08,50.38,42.13,0.9143,1,1
237,2,477.94,372.94,77.70,91.89,0.8823,1,1
237,3,474.37,153.76,57.45,43.73,0.8679,1,1
237,4,1131.64,353.01,97.78,68.62,0.8603,1,1
237,6,636.81,55.97,48.72,42.76,0.8129,1,1
237,8,481.66,197.50,36.52,28.78,0.5541,1,1
237,11,738.82,185.73,75.16,76.02,0.7310,1,1
237,13,300.40,217.96,74.02,57.16,0.8826,1,1
237,16,1462.33,0.20,33.45,31.65,0.5119,1,1
237,17,647.99,84.09,34.70,39.19,0.7236,1,1
237,39,846.14,662.95,134.72,97.37,0.6849,1,1
237,188,642.89,840.12,151.91,128.65,0.8985,1,1
237,190,901.15,139.27,75.92,73.36,0.7420,1,1
237,280,653.26,199.81,28.37,20.79,0.7190,1,1
237,308,340.40,243.49,35.84,42.80,0.8047,1,1
237,327,62.76,643.11,34.40,45.90,0.7668,1,1
237,338,32.94,727.54,49.92,40.66,0.4889,1,1
238,1,1014.93,25.07,50.67,42.13,0.9143,1,1
238,2,477.87,372.92,77.85,91.98,0.8822,1,1
238,3,474.20,153.73,57.80,43.82,0.8683,1,1
238,4,1131.58,353.01,97.80,68.61,0.8598,1,1
238,6,636.69,55.93,48.92,42.77,0.8130,1,1
238,8,481.78,197.49,36.21,28.75,0.5577,1,1
238,11,738.19,184.84,77.48,77.53,0.7383,1,1
238,13,300.49,217.90,74.00,57.30,0.8830,1,1
238,16,1462.52,0.20,33.16,31.60,0.5127,1,1
238,17,647.97,84.07,34.75,39.18,0.7232,1,1
238,39,846.46,662.94,134.21,97.24,0.6854,1,1
238,188,642.97,840.12,151.97,128.64,0.8985,1,1
238,190,901.43,139.33,75.37,73.48,0.7413,1,1
238,280,653.25,199.79,28.36,20.80,0.7186,1,1
238,308,340.53,243.34,35.93,42.74,0.8072,1,1
238,327,62.52,643.19,35.17,45.81,0.7659,1,1
238,338,33.07,726.62,47.55,39.65,0.4828,1,1
239,1,1014.68,24.79,51.39,41.83,0.9195,1,1
239,2,477.39,374.83,78.79,92.06,0.8769,1,1
239,3,475.49,153.37,58.60,44.42,0.8725,1,1
239,4,1131.73,353.05,96.84,67.67,0.8575,1,1
239,6,636.49,55.76,48.59,42.31,0.8128,1,1
239,8,482.31,197.08,37.02,29.66,0.5480,1,1
239,11,737.02,184.75,78.42,77.64,0.8169,1,1
239,13,300.74,215.55,74.97,58.66,0.8833,1,1
239,16,1462.48,0.23,33.43,31.75,0.6377,1,1
239,17,647.45,83.66,34.70,39.27,0.7538,1,1
239,39,847.09,662.78,132.94,96.41,0.7506,1,1
239,188,643.49,842.12,151.06,127.84,0.8972,1,1
239,190,901.25,139.46,75.57,74.45,0.7408,1,1
239,272,713.29,163.19,38.44,18.36,0.3225,1,1
239,280,652.82,198.63,28.25,20.33,0.7380,1,1
239,308,339.95,242.79,36.47,41.92,0.8051,1,1
239,327,66.65,651.06,33.56,39.40,0.7765,1,1
239,338,25.00,709.89,50.67,43.71,0.2509,1,1
239,340,893.52,78.50,24.94,18.34,0.5390,1,1
240,1,1014.96,25.09,51.77,41.11,0.9130,1,1
240,2,475.36,374.58,80.25,91.68,0.8659,1,1
240,3,476.81,153.43,58.80,44.63,0.8661,1,1
240,4,1132.37,353.50,96.60,66.45,0.8587,1,1
240,6,635.67,55.48,48.14,41.43,0.8127,1,1
240,8,483.83,197.18,37.24,29.86,0.4583,1,1
240,11,736.00,185.40,77.88,76.49,0.8577,1,1
240,13,303.01,213.10,73.95,59.24,0.8741,1,1
240,16,1462.38,0.27,33.47,31.73,0.6203,1,1
240,17,646.16,83.17,35.12,39.80,0.7720,1,1
240,39,847.28,662.24,133.45,96.88,0.7590,1,1
240,188,644.63,843.20,151.12,127.98,0.9014,1,1
240,190,900.79,139.41,74.55,73.47,0.6463,1,1
240,272,711.47,162.98,38.04,18.22,0.2982,1,1
240,280,653.15,198.43,28.04,19.51,0.7500,1,1
240,308,341.48,238.80,35.32,40.26,0.6378,1,1
240,327,67.77,656.00,34.93,34.98,0.8575,1,1
241,1,1014.73,25.47,52.66,41.55,0.9027,1,1
241,2,476.64,369.89,79.44,92.04,0.8583,1,1
241,3,477.43,154.22,57.91,43.96,0.8588,1,1
241,4,1132.26,353.52,97.26,67.82,0.8716,1,1
241,8,484.01,197.94,36.25,29.03,0.5622,1,1
241,11,735.12,186.22,77.14,74.95,0.7511,1,1
241,13,306.60,211.81,74.49,58.11,0.8471,1,1
241,16,1462.47,1.12,32.39,30.42,0.5099,1,1
241,17,644.56,82.92,35.96,41.26,0.7744,1,1
241,39,851.87,667.98,124.53,89.63,0.3540,1,1
241,188,645.57,843.66,150.54,128.50,0.8931,1,1
241,190,899.93,142.39,75.57,75.30,0.6863,1,1
241,247,634.69,54.73,48.69,43.72,0.8195,1,1
241,272,704.92,161.51,40.00,19.61,0.5235,1,1
241,280,649.39,195.66,32.03,22.77,0.7930,1,1
241,308,346.97,236.69,33.30,37.66,0.5847,1,1
241,323,341.65,241.18,37.33,40.95,0.3841,1,1
241,327,70.98,660.54,33.25,31.00,0.7899,1,1
241,342,978.38,28.83,22.44,19.42,0.7688,1,1
242,1,1014.07,25.36,53.63,42.34,0.9033,1,1
242,2,474.28,370.01,80.75,92.49,0.8617,1,1
242,3,477.19,154.55,58.54,44.43,0.8667,1,1
242,4,1132.16,354.97,96.77,68.25,0.8727,1,1
242,8,483.50,198.42,36.63,29.29,0.6206,1,1
242,11,733.85,186.49,77.85,74.57,0.7586,1,1
242,13,306.49,209.90,74.72,58.52,0.8560,1,1
242,16,1461.74,1.19,33.26,30.68,0.6665,1,1
242,17,643.89,82.37,35.75,41.72,0.7834,1,1
242,39,849.63,663.58,130.47,93.64,0.2683,1,1
242,188,645.85,844.23,150.53,128.75,0.8900,1,1
242,190,900.05,142.84,74.67,74.73,0.6269,1,1
242,247,634.19,54.89,48.08,43.02,0.8215,1,1
242,272,703.94,160.95,40.39,20.04,0.6041,1,1
242,280,650.33,195.13,31.43,22.45,0.7980,1,1
242,308,350.63,232.68,33.10,37.76,0.3659,1,1
242,323,345.41,234.40,36.48,40.08,0.6509,1,1
242,327,70.00,658.76,34.81,31.89,0.6795,1,1
242,342,977.28,30.01,24.35,22.99,0.7834,1,1
242,344,1116.11,158.90,24.72,32.13,0.5213,1,1
243,1,1014.59,25.55,53.39,41.71,0.9054,1,1
243,2,473.70,368.76,81.96,97.57,0.8502,1,1
243,3,476.67,154.38,58.98,44.99,0.8727,1,1
243,4,1132.72,356.26,96.74,68.78,0.8505,1,1
243,8,484.26,198.71,36.19,28.94,0.5807,1,1
243,11,732.99,186.93,79.05,74.50,0.7887,1,1
243,13,309.76,210.33,73.13,56.29,0.8482,1,1
243,16,1461.16,0.84,34.35,31.47,0.7255,1,1
243,17,643.78,81.91,35.42,42.10,0.7828,1,1
243,188,646.85,845.55,150.13,129.71,0.8968,1,1
243,190,900.86,143.75,72.92,73.28,0.6922,1,1
243,247,632.79,54.50,48.28,42.99,0.8252,1,1
243,272,697.57,158.85,39.67,20.69,0.6602,1,1
243,280,651.60,195.06,31.74,22.48,0.8150,1,1
243,308,355.06,231.40,31.05,36.40,0.5493,1,1
243,323,345.52,235.75,36.77,40.44,0.3543,1,1
243,327,71.62,658.05,36.39,33.70,0.5440,1,1
243,342,977.24,31.92,21.90,21.80,0.7687,1,1
243,344,1116.21,159.09,24.33,31.36,0.4898,1,1
244,1,1014.50,25.54,53.58,41.72,0.9054,1,1
244,2,474.54,369.20,80.31,97.39,0.8474,1,1
244,3,476.74,154.34,58.89,45.03,0.8727,1,1
244,4,1132.88,356.13,96.43,68.92,0.8511,1,1
244,8,484.38,198.72,36.14,28.91,0.5797,1,1
244,11,732.60,186.94,79.81,74.50,0.7885,1,1
244,13,309.64,210.35,73.65,56.20,0.8478,1,1
244,16,1461.07,0.81,34.55,31.52,0.7253,1,1
244,17,643.96,81.92,35.02,42.10,0.7826,1,1
244,188,647.22,845.58,149.60,129.77,0.8962,1,1
244,190,901.04,143.82,72.60,73.15,0.6949,1,1
244,247,632.68,54.47,48.41,43.01,0.8253,1,1
244,272,697.57,158.64,38.78,20.80,0.6575,1,1
244,280,651.53,194.99,31.97,22.59,0.8146,1,1
244,308,355.95,231.21,30.21,36.27,0.5493,1,1
244,323,345.53,236.29,36.79,40.48,0.3528,1,1
244,327,71.98,657.79,36.33,34.04,0.5432,1,1
244,342,977.60,31.98,21.03,21.72,0.7687,1,1
244,344,1116.13,159.06,24.44,31.26,0.4826,1,1
244,347,857.01,198.90,27.47,20.38,0.4532,1,1
245,1,1015.09,25.63,52.98,41.65,0.9048,1,1
245,2,472.81,368.64,80.25,99.52,0.8463,1,1
245,3,475.42,154.25,59.66,45.63,0.8753,1,1
245,4,1132.69,358.47,97.61,68.51,0.8740,1,1
245,8,484.00,199.12,36.23,28.70,0.5472,1,1
245,11,732.28,187.11,80.41,74.72,0.7955,1,1
245,13,311.37,208.56,72.34,55.41,0.8496,1,1
245,16,1461.11,0.86,34.79,31.63,0.7587,1,1
245,17,643.54,81.32,35.01,42.60,0.7908,1,1
245,188,647.06,846.76,149.10,130.20,0.8949,1,1
245,190,900.79,144.14,72.05,72.52,0.6834,1,1
245,247,631.77,53.90,48.79,43.61,0.8259,1,1
245,272,698.36,158.12,39.44,21.32,0.6150,1,1
245,280,652.48,192.76,33.03,23.61,0.7310,1,1
245,308,356.07,231.00,29.39,35.73,0.5689,1,1
245,323,345.98,234.92,37.37,41.11,0.3274,1,1
245,342,976.80,32.45,20.03,20.91,0.7083,1,1
245,344,1116.63,158.64,24.55,31.46,0.4804,1,1
246,1,1015.34,25.50,52.70,42.20,0.9052,1,1
246,2,470.12,368.30,81.34,101.49,0.8442,1,1
246,3,474.91,154.10,59.21,46.16,0.8778,1,1
246,4,1132.04,360.37,99.86,69.03,0.8708,1,1
246,8,483.17,199.89,35.35,27.68,0.5887,1,1
246,11,731.49,187.43,80.16,74.36,0.7780,1,1
246,13,314.06,208.75,70.63,53.44,0.8433,1,1
246,16,1461.11,0.74,34.65,31.21,0.7654,1,1
246,17,643.95,80.95,34.29,42.25,0.8026,1,1
246,39,848.15,661.44,134.87,96.51,0.3675,1,1
246,188,647.21,847.94,149.30,130.50,0.8998,1,1
246,190,900.09,144.93,73.26,73.98,0.6332,1,1
246,247,631.37,53.89,48.53,43.64,0.8267,1,1
246,272,697.66,157.80,39.80,21.52,0.6393,1,1
246,280,652.90,191.38,33.36,23.63,0.4550,1,1
246,323,350.53,231.39,36.05,39.67,0.6299,1,1
246,342,976.12,35.16,20.97,22.45,0.6882,1,1
246,344,1117.07,158.87,24.11,30.82,0.4513,1,1
247,1,1015.87,25.49,52.28,42.27,0.9007,1,1
247,2,469.60,368.46,82.40,104.99,0.8026,1,1
247,3,474.50,154.58,58.64,45.97,0.8760,1,1
247,4,1133.68,363.76,98.62,67.78,0.8762,1,1
247,8,481.85,200.13,35.20,27.25,0.6032,1,1
247,11,730.32,187.79,80.41,74.00,0.6939,1,1
247,13,314.89,205.17,72.42,55.45,0.8552,1,1
247,16,1461.89,1.36,34.34,31.00,0.7361,1,1
247,17,643.34,81.65,33.67,41.49,0.8104,1,1
247,39,848.74,661.44,134.85,96.21,0.3422,1,1
247,188,648.64,849.98,148.02,129.70,0.8923,1,1
247,190,896.55,144.34,81.45,84.58,0.6333,1,1
247,247,630.99,54.07,48.16,43.26,0.8288,1,1
247,272,700.18,157.99,40.94,22.17,0.6692,1,1
247,323,349.83,232.10,38.71,42.79,0.7307,1,1
247,342,975.22,36.99,21.25,22.75,0.4603,1,1
247,344,1117.14,159.54,23.64,30.17,0.4161,1,1
248,1,1015.53,25.03,52.78,43.52,0.8898,1,1
248,2,468.00,367.15,83.50,107.08,0.7475,1,1
248,3,473.97,154.16,58.18,45.84,0.8767,1,1
248,4,1135.10,369.17,97.64,65.68,0.8803,1,1
248,8,481.04,200.60,34.50,26.34,0.5331,1,1
248,9,345.64,237.51,41.52,40.21,0.3301,1,1
248,11,729.48,187.69,80.86,74.07,0.5962,1,1
248,13,318.87,204.92,69.82,53.87,0.8555,1,1
248,16,1462.77,0.89,33.90,30.94,0.7622,1,1
248,17,643.60,81.71,32.87,40.66,0.8061,1,1
248,78,970.13,827.40,33.32,29.71,0.6890,1,1
248,188,648.88,852.30,148.54,128.56,0.8905,1,1
248,190,896.44,144.16,80.67,86.07,0.6713,1,1
248,247,629.38,53.84,49.14,43.48,0.8325,1,1
248,272,700.43,157.63,40.33,21.60,0.6550,1,1
248,323,349.92,231.79,38.79,41.41,0.7230,1,1
248,330,183.57,533.55,24.69,28.63,0.2629,1,1
248,342,973.80,40.24,23.07,24.87,0.3959,1,1
248,344,1117.29,159.69,24.06,30.49,0.5292,1,1
249,1,1016.43,24.98,50.93,44.07,0.8927,1,1
249,2,465.68,370.55,81.62,102.24,0.7295,1,1
249,3,473.79,153.89,57.77,45.70,0.8767,1,1
249,4,1135.51,371.65,99.83,68.08,0.8954,1,1
249,8,480.21,200.74,34.97,26.42,0.5190,1,1
249,9,345.30,235.48,44.49,41.90,0.3008,1,1
249,11,728.72,189.20,78.37,71.14,0.6173,1,1
249,13,320.25,203.34,70.82,54.03,0.8446,1,1
249,16,1462.33,0.47,34.84,32.01,0.7800,1,1
249,17,643.86,81.38,32.44,40.76,0.8031,1,1
249,78,971.99,829.34,35.40,31.85,0.4639,1,1
249,188,650.54,855.41,148.13,126.37,0.8822,1,1
249,190,898.75,144.94,75.27,80.55,0.7093,1,1
249,247,628.63,53.75,49.89,43.75,0.8226,1,1
249,272,699.50,157.42,40.84,21.57,0.6516,1,1
249,323,351.96,230.52,40.68,41.90,0.8088,1,1
249,330,184.64,535.04,23.86,27.56,0.2691,1,1
249,342,970.16,44.97,23.70,26.10,0.2856,1,1
249,344,1117.17,159.52,23.91,30.20,0.2593,1,1
249,354,406.04,262.55,21.35,32.17,0.5518,1,1
249,355,859.46,238.40,30.07,28.71,0.6782,1,1
250,1,1016.93,24.98,49.93,44.08,0.8927,1,1
250,2,464.85,370.78,82.85,101.92,0.7311,1,1
250,3,473.83,153.89,57.68,45.70,0.8767,1,1
250,4,1135.76,371.67,99.36,68.11,0.8954,1,1
250,8,479.98,200.76,35.31,26.43,0.5205,1,1
250,9,344.99,234.92,45.80,42.44,0.3006,1,1
250,11,728.39,189.37,78.55,70.76,0.6128,1,1
250,13,320.07,203.31,71.27,54.03,0.8447,1,1
250,16,1462.38,0.45,34.75,32.06,0.7800,1,1
250,17,644.02,81.37,32.13,40.76,0.8031,1,1
250,78,972.37,829.66,35.56,32.22,0.4638,1,1
250,188,650.07,855.49,149.07,126.30,0.8820,1,1
250,190,898.99,145.00,74.73,80.15,0.7094,1,1
250,247,628.49,53.74,50.17,43.76,0.8226,1,1
250,272,699.23,157.41,41.24,21.55,0.6509,1,1
250,323,351.73,230.48,41.32,41.91,0.8089,1,1
250,330,184.93,535.51,23.62,27.22,0.2675,1,1
250,342,969.24,46.34,23.48,26.44,0.2856,1,1
250,344,1117.08,159.45,23.93,30.12,0.2599,1,1
250,354,406.66,262.54,21.40,32.05,0.5526,1,1
250,355,859.67,238.42,29.56,28.72,0.6781,1,1
251,1,1017.20,25.54,49.03,43.65,0.8051,1,1
251,2,464.84,372.70,84.43,103.98,0.7097,1,1
251,3,473.97,153.75,57.81,45.83,0.8759,1,1
251,4,1138.77,376.56,101.03,69.83,0.8757,1,1
251,8,480.34,200.80,35.51,26.41,0.5845,1,1
251,11,726.19,190.05,78.05,70.05,0.2892,1,1
251,13,323.49,203.36,69.15,51.16,0.8233,1,1
251,16,1462.91,0.02,34.41,31.89,0.7541,1,1
251,17,644.41,80.81,31.96,41.25,0.7945,1,1
251,78,971.69,836.95,32.99,28.26,0.7422,1,1
251,188,649.03,857.57,149.92,126.65,0.8721,1,1
251,190,898.26,145.28,75.62,81.40,0.6335,1,1
251,247,628.00,53.94,50.56,43.76,0.8188,1,1
251,272,699.33,157.41,41.15,21.04,0.6781,1,1
251,308,364.51,225.83,33.94,42.93,0.4768,1,1
251,315,729.34,189.72,74.04,71.63,0.5713,1,1
251,323,355.79,227.08,42.36,45.24,0.7637,1,1
251,342,968.81,47.55,23.18,26.67,0.2645,1,1
251,355,860.05,238.45,29.07,28.30,0.6419,1,1
252,1,1016.00,25.83,48.20,42.99,0.8849,1,1
252,2,463.18,375.45,83.47,102.41,0.6677,1,1
252,3,473.78,153.66,57.70,45.99,0.8738,1,1
252,4,1139.57,377.48,101.13,73.54,0.8904,1,1
252,8,480.65,200.70,36.30,26.97,0.5578,1,1
252,11,723.41,190.11,78.57,69.29,0.7354,1,1
252,13,324.77,202.94,69.84,51.48,0.8521,1,1
252,16,1462.78,0.00,34.25,31.92,0.7372,1,1
252,17,645.00,80.86,31.61,41.19,0.7992,1,1
252,39,850.63,659.92,134.97,96.75,0.2535,1,1
252,78,968.59,837.36,35.02,31.75,0.7152,1,1
252,188,648.20,859.37,151.04,127.86,0.8703,1,1
252,190,899.19,145.36,72.52,77.42,0.6852,1,1
252,247,627.77,53.60,51.40,44.22,0.8304,1,1
252,272,699.61,157.01,41.67,21.03,0.6072,1,1
252,308,362.53,226.47,35.58,46.16,0.7100,1,1
252,342,965.33,50.72,22.13,27.06,0.5717,1,1
252,355,860.02,238.55,28.96,28.40,0.6456,1,1
253,1,1015.22,26.14,46.61,43.00,0.8843,1,1
253,2,465.31,383.68,77.79,93.43,0.6913,1,1
253,3,473.94,153.83,57.41,45.87,0.8734,1,1
253,4,1141.76,379.85,100.28,74.90,0.8754,1,1
253,8,479.15,200.43,38.20,28.45,0.2602,1,1
253,11,721.02,190.90,77.83,68.00,0.4388,1,1
253,13,326.22,201.61,70.39,52.03,0.8079,1,1
253,16,1462.87,-0.00,33.11,30.65,0.7385,1,1
253,17,645.94,81.78,31.34,40.44,0.7915,1,1
253,39,851.49,658.73,135.27,97.90,0.4063,1,1
253,78,969.47,841.03,35.95,32.58,0.3528,1,1
253,188,648.93,860.13,153.59,131.10,0.8643,1,1
253,190,898.80,145.38,72.25,76.28,0.6804,1,1
253,247,627.82,53.48,51.92,44.05,0.8318,1,1
253,272,701.14,158.12,40.57,20.57,0.4862,1,1
253,308,364.88,222.15,34.46,45.42,0.7182,1,1
253,315,719.98,190.80,80.53,68.93,0.8341,1,1
253,342,965.23,55.22,20.01,25.26,0.5552,1,1
253,355,861.09,239.67,27.60,27.05,0.5629,1,1
253,359,924.10,798.58,28.78,33.17,0.4499,1,1
253,360,945.08,71.86,24.65,20.77,0.2817,1,1
254,1,1014.76,26.05,46.31,43.02,0.8885,1,1
254,2,464.80,389.42,76.27,89.42,0.7378,1,1
254,3,474.42,153.95,57.53,46.12,0.8705,1,1
254,4,1143.56,383.28,99.58,74.22,0.8785,1,1
254,11,717.88,191.11,78.62,67.61,0.5399,1,1
254,13,329.07,200.03,70.43,52.70,0.8435,1,1
254,16,1462.74,0.00,33.43,31.02,0.7403,1,1
254,17,645.28,85.07,30.87,37.57,0.7835,1,1
254,39,851.49,659.27,134.76,98.33,0.5495,1,1
254,188,649.49,861.10,152.75,131.08,0.8709,1,1
254,190,898.33,145.41,72.33,75.66,0.5966,1,1
254,247,627.72,53.25,53.47,44.80,0.8402,1,1
254,272,700.81,158.91,41.16,21.22,0.4008,1,1
254,308,364.28,220.60,35.25,45.03,0.7497,1,1
254,314,967.63,836.56,45.32,39.53,0.3262,1,1
254,315,716.32,191.10,81.70,68.23,0.8606,1,1
254,323,358.68,225.53,44.26,49.22,0.6460,1,1
254,342,964.98,61.57,17.07,21.39,0.4247,1,1
254,355,861.72,241.32,26.48,25.98,0.4187,1,1
254,359,924.38,800.21,27.85,32.12,0.3590,1,1
254,361,941.45,75.40,21.91,20.70,0.6679,1,1
255,1,1014.31,25.83,45.42,43.03,0.8979,1,1
255,2,463.56,390.93,77.77,91.39,0.7738,1,1
255,3,475.23,153.93,58.02,46.46,0.8789,1,1
255,4,1145.32,384.57,100.11,76.26,0.8776,1,1
255,11,711.16,192.05,83.74,66.20,0.8929,1,1
255,13,332.62,198.89,71.59,52.72,0.8265,1,1
255,16,1461.66,-0.00,34.12,31.13,0.7692,1,1
255,17,645.14,86.30,31.05,35.77,0.7984,1,1
255,39,852.48,659.24,133.56,97.95,0.4658,1,1
255,83,71.04,412.36,38.96,35.13,0.2520,1,1
255,188,650.43,861.76,152.99,130.46,0.8694,1,1
255,190,897.86,145.42,73.31,76.11,0.6013,1,1
255,247,629.35,52.80,52.35,42.56,0.7857,1,1
255,308,367.55,222.49,37.10,45.08,0.7604,1,1
255,314,963.27,837.54,46.82,42.37,0.3554,1,1
255,330,188.94,535.40,24.44,27.05,0.5061,1,1
255,342,964.82,63.31,16.79,20.94,0.4237,1,1
255,355,861.93,241.43,26.33,25.85,0.3119,1,1
255,361,941.51,76.31,20.59,19.90,0.7147,1,1
255,363,69.72,659.42,37.12,33.82,0.8069,1,1
256,1,1014.44,25.83,45.09,43.01,0.8990,1,1
256,2,463.57,390.99,77.78,91.49,0.7725,1,1
256,3,475.21,153.79,58.12,46.60,0.8793,1,1
256,4,1145.82,384.59,99.18,76.34,0.8775,1,1
256,11,710.60,192.07,84.76,66.18,0.8929,1,1
256,13,332.38,198.87,72.24,52.69,0.8267,1,1
256,16,1461.44,-0.01,34.47,31.13,0.7690,1,1
256,17,644.69,86.33,31.99,35.70,0.7988,1,1
256,39,852.53,659.19,133.06,97.86,0.4295,1,1
256,188,650.23,861.78,153.45,130.45,0.8701,1,1
256,190,897.58,145.40,73.86,76.22,0.6036,1,1
256,247,628.88,52.72,53.41,42.51,0.7840,1,1
256,308,367.23,222.58,38.15,45.07,0.7602,1,1
256,314,962.30,837.74,46.73,43.16,0.3544,1,1
256,330,188.83,535.36,24.93,27.06,0.5044,1,1
256,342,964.76,63.58,16.78,20.85,0.4213,1,1
256,355,861.93,241.43,26.28,25.81,0.3274,1,1
256,361,941.70,76.37,20.19,19.85,0.7144,1,1
256,363,69.67,659.31,37.01,33.92,0.8062,1,1
256,364,413.73,343.32,21.45,28.98,0.3327,1,1
256,365,852.17,658.08,132.58,98.35,0.4110,1,1
256,366,449.88,237.38,23.30,24.78,0.7040,1,1
257,1,1013.44,26.02,44.51,42.28,0.8859,1,1
257,2,462.32,394.45,76.27,88.37,0.8771,1,1
257,3,475.93,153.80,57.98,47.03,0.8797,1,1
257,4,1147.25,385.57,100.74,77.58,0.8461,1,1
257,11,704.90,192.67,87.62,66.64,0.8750,1,1
257,13,336.02,198.72,70.73,50.25,0.8247,1,1
257,16,1462.47,-0.00,33.87,30.63,0.7610,1,1
257,17,644.88,86.46,32.95,35.75,0.7800,1,1
257,39,852.39,658.16,133.51,98.34,0.2529,1,1
257,83,71.77,412.30,38.10,34.92,0.2821,1,1
257,188,650.92,862.65,152.91,129.61,0.8702,1,1
257,190,896.94,145.57,74.91,77.07,0.6338,1,1
257,247,629.54,52.91,54.20,43.26,0.7917,1,1
257,308,370.04,220.65,38.55,44.66,0.8136,1,1
257,314,960.06,835.80,48.23,45.92,0.2656,1,1
257,330,188.57,533.09,26.37,28.49,0.6256,1,1
257,342,965.09,63.54,16.30,20.12,0.3329,1,1
257,355,862.15,241.91,25.70,25.19,0.4881,1,1
257,361,942.33,77.38,19.63,18.97,0.7339,1,1
257,363,66.58,654.79,37.66,34.15,0.4167,1,1
257,364,414.88,345.82,21.22,28.77,0.2660,1,1
257,365,853.98,658.15,132.32,98.27,0.3919,1,1
257,366,455.30,236.31,27.38,27.49,0.6751,1,1
257,368,989.79,873.91,52.42,48.06,0.6375,1,1
258,1,1011.29,26.17,45.65,42.23,0.8919,1,1
258,2,460.78,395.39,77.17,89.09,0.8837,1,1
258,3,476.25,153.79,58.05,46.70,0.8822,1,1
258,4,1147.99,388.71,102.22,80.06,0.8843,1,1
258,11,701.82,194.09,87.17,66.46,0.8281,1,1
258,13,338.59,197.68,70.26,48.80,0.8338,1,1
258,16,1461.64,0.00,34.34,30.80,0.7735,1,1
258,17,646.44,86.33,33.10,35.39,0.7808,1,1
258,39,855.21,660.07,132.00,97.37,0.5488,1,1
258,188,651.09,863.49,153.70,129.82,0.8718,1,1
258,190,896.08,146.27,75.73,78.47,0.6689,1,1
258,247,631.14,52.63,53.26,42.12,0.7972,1,1
258,308,373.41,219.34,37.93,45.23,0.8320,1,1
258,314,957.81,836.07,45.37,43.90,0.4716,1,1
258,330,193.45,536.00,25.08,26.54,0.5616,1,1
258,342,965.25,63.77,16.16,19.98,0.3841,1,1
258,355,862.43,242.14,25.46,24.89,0.4825,1,1
258,361,943.80,77.08,20.25,19.00,0.5892,1,1
258,363,64.37,654.36,38.94,34.23,0.6409,1,1
258,365,855.20,658.94,130.60,97.05,0.3948,1,1
258,366,464.30,230.97,29.18,27.85,0.6758,1,1
259,1,1009.23,26.26,46.69,41.81,0.8964,1,1
259,2,459.06,397.88,78.09,91.23,0.8610,1,1
259,3,476.06,153.76,58.55,46.67,0.8926,1,1
259,4,1149.30,392.05,103.96,82.89,0.8856,1,1
259,6,633.81,52.42,49.30,40.56,0.2969,1,1
259,11,700.68,195.85,85.47,64.54,0.7293,1,1
259,13,340.89,196.74,69.69,48.05,0.8394,1,1
259,16,1462.07,-0.00,34.55,31.21,0.7628,1,1
259,17,649.14,86.23,32.56,34.90,0.7784,1,1
259,39,857.41,660.52,131.32,97.06,0.7059,1,1
259,188,652.25,863.64,153.14,129.12,0.8642,1,1
259,190,897.04,145.84,74.70,77.25,0.6193,1,1
259,247,631.99,52.31,53.45,41.99,0.8033,1,1
259,308,373.85,218.97,38.21,45.58,0.8316,1,1
259,330,193.72,535.15,25.71,27.66,0.5104,1,1
259,342,963.88,68.10,15.58,19.25,0.4441,1,1
259,355,862.28,241.94,25.63,24.94,0.5411,1,1
259,360,947.07,71.41,21.43,17.67,0.4305,1,1
259,365,857.43,659.11,130.24,96.99,0.3331,1,1
259,366,470.62,232.88,32.61,29.81,0.6001,1,1
259,369,28.78,687.56,36.62,46.58,0.5435,1,1
259,370,699.41,158.06,40.72,27.45,0.6202,1,1
260,1,1007.27,26.04,46.67,42.20,0.9085,1,1
260,2,457.72,398.38,78.76,93.98,0.8222,1,1
260,3,475.34,153.39,58.89,46.13,0.8912,1,1
260,4,1150.89,396.24,102.98,82.94,0.8923,1,1
260,6,634.53,52.64,52.88,42.18,0.8337,1,1
260,11,696.46,197.14,86.90,64.80,0.8946,1,1
260,13,344.74,196.61,68.00,47.00,0.8260,1,1
260,16,1461.82,-0.00,34.38,30.76,0.7552,1,1
260,17,650.80,86.16,32.56,34.20,0.7484,1,1
260,39,858.21,660.44,129.36,95.64,0.2885,1,1
260,188,653.51,863.58,153.17,128.99,0.8600,1,1
260,190,898.03,146.18,72.82,74.89,0.6126,1,1
260,308,376.10,219.07,37.07,43.51,0.8217,1,1
260,330,198.84,536.80,25.86,27.24,0.5296,1,1
260,342,965.74,64.93,15.12,18.27,0.5349,1,1
260,355,862.10,241.82,25.77,25.21,0.5771,1,1
260,360,947.78,66.42,20.49,16.05,0.5267,1,1
260,363,61.18,652.52,40.05,34.85,0.3470,1,1
260,365,858.56,661.07,129.07,95.78,0.6430,1,1
260,366,483.00,236.11,31.73,26.87,0.6511,1,1
260,369,29.68,688.62,35.47,46.51,0.7311,1,1
260,370,701.83,158.39,37.38,25.79,0.6224,1,1
261,1,1005.48,26.17,46.60,41.56,0.9100,1,1
261,2,455.76,398.91,79.88,96.14,0.6073,1,1
261,3,474.67,153.14,58.60,45.35,0.8808,1,1
261,4,1153.27,400.05,104.59,83.28,0.8976,1,1
261,6,636.09,51.67,53.81,42.95,0.4533,1,1
261,11,693.14,198.21,85.88,64.42,0.8577,1,1
261,13,346.35,196.96,68.83,47.66,0.7919,1,1
261,16,1461.86,0.01,34.07,30.05,0.7179,1,1
261,17,651.68,86.13,33.38,34.21,0.7462,1,1
261,39,858.17,660.10,129.27,95.62,0.3287,1,1
261,83,72.85,409.00,36.77,33.94,0.6437,1,1
261,188,655.81,862.87,151.50,128.83,0.8703,1,1
261,190,897.90,146.13,73.55,75.49,0.5820,1,1
261,247,636.47,52.30,53.66,42.58,0.7915,1,1
261,308,375.48,219.14,39.52,45.55,0.7765,1,1
261,330,198.88,536.96,28.64,29.28,0.6164,1,1
261,342,961.87,60.19,16.06,18.49,0.4881,1,1
261,355,862.69,241.24,25.94,25.51,0.5857,1,1
261,360,947.66,60.61,22.76,17.41,0.5604,1,1
261,363,60.64,651.90,40.31,34.79,0.3778,1,1
261,365,858.03,661.07,129.90,96.08,0.6465,1,1
261,366,487.53,239.15,33.34,26.88,0.6624,1,1
261,369,29.53,687.34,36.00,47.74,0.4681,1,1
261,370,701.71,159.18,40.12,29.60,0.6686,1,1
261,372,991.02,901.64,61.61,47.44,0.8736,1,1
262,1,1005.37,26.17,46.81,41.56,0.9100,1,1
262,2,455.85,398.94,79.35,96.42,0.6083,1,1
262,3,474.51,153.14,58.90,45.33,0.8808,1,1
262,4,1153.09,399.99,105.08,83.41,0.8987,1,1
262,6,636.43,51.44,53.98,43.13,0.4553,1,1
262,11,693.22,198.23,85.58,64.41,0.8574,1,1
262,13,346.47,196.93,68.78,47.68,0.7860,1,1
262,16,1461.68,0.01,34.39,30.00,0.7184,1,1
262,17,651.44,86.14,33.97,34.21,0.7467,1,1
262,39,857.96,659.84,129.45,95.77,0.3378,1,1
262,83,72.90,408.92,36.66,33.90,0.6458,1,1
262,188,656.19,862.85,150.77,128.80,0.8702,1,1
262,190,897.83,146.13,73.69,75.51,0.5754,1,1
262,247,636.69,52.30,53.41,42.60,0.7921,1,1
262,308,375.21,219.11,40.13,45.67,0.7769,1,1
262,330,198.50,536.99,29.37,29.47,0.6197,1,1
262,342,960.97,59.36,16.71,18.52,0.4887,1,1
262,355,862.81,241.17,25.85,25.54,0.5867,1,1
262,360,947.47,59.90,23.34,17.58,0.5598,1,1
262,363,60.41,651.79,40.57,34.74,0.3791,1,1
262,365,857.71,661.02,130.38,96.14,0.6706,1,1
262,366,487.32,239.42,34.53,26.89,0.6621,1,1
262,369,29.67,687.02,35.75,47.97,0.4689,1,1
262,370,702.64,159.24,38.36,29.86,0.6680,1,1
262,372,991.00,901.81,61.58,47.43,0.8745,1,1
263,1,1004.12,25.69,48.08,41.40,0.9127,1,1
263,2,454.65,400.05,76.91,95.88,0.7349,1,1
263,3,473.75,151.88,59.58,46.18,0.8841,1,1
263,4,1153.56,402.70,107.06,84.59,0.8965,1,1
263,8,480.82,197.40,38.31,28.17,0.2515,1,1
263,11,690.23,200.27,86.07,63.10,0.9095,1,1
263,13,348.62,195.50,67.71,46.76,0.6981,1,1
263,16,1461.36,0.15,34.50,30.37,0.7095,1,1
263,17,654.21,85.38,34.57,34.51,0.7373,1,1
263,39,859.19,660.06,129.15,95.87,0.3672,1,1
263,83,73.21,408.25,36.80,34.01,0.7061,1,1
263,188,658.00,862.57,148.86,127.36,0.8576,1,1
263,190,897.56,146.29,73.96,75.59,0.7134,1,1
263,247,639.32,51.31,54.13,43.00,0.8159,1,1
263,308,375.60,219.85,40.36,44.67,0.7551,1,1
263,330,195.39,535.17,31.08,29.89,0.6625,1,1
263,342,956.15,55.91,18.03,17.34,0.4940,1,1
263,355,864.61,242.08,24.91,24.80,0.5916,1,1
263,360,948.31,56.35,23.34,16.51,0.5917,1,1
263,363,58.99,650.78,42.65,36.48,0.3456,1,1
263,365,859.09,661.14,130.32,96.62,0.6407,1,1
263,366,498.28,240.34,36.04,28.60,0.7060,1,1
263,369,30.27,685.89,34.65,47.91,0.5671,1,1
263,370,705.21,158.66,32.28,25.15,0.6097,1,1
263,373,1.89,636.55,28.45,37.73,0.2539,1,1
263,374,89.22,525.95,35.21,24.08,0.5395,1,1
263,375,1167.02,587.00,38.66,39.57,0.5694,1,1
263,376,196.81,536.78,40.61,29.53,0.3590,1,1
264,1,1002.82,25.79,48.59,39.90,0.9184,1,1
264,2,454.16,400.47,75.77,95.46,0.7030,1,1
264,3,473.76,151.74,59.18,45.45,0.8799,1,1
264,4,1155.71,406.49,107.50,86.09,0.8859,1,1
264,8,480.83,196.76,38.88,28.48,0.4624,1,1
264,11,687.02,202.38,86.15,62.67,0.8452,1,1
264,13,351.13,195.63,66.76,46.09,0.5636,1,1
264,16,1462.06,0.32,33.14,29.38,0.6802,1,1
264,17,656.57,85.39,34.09,33.88,0.7909,1,1
264,39,859.29,660.41,130.33,97.66,0.6802,1,1
264,83,74.60,408.08,36.12,33.31,0.6624,1,1
264,188,659.40,861.87,147.79,126.84,0.8786,1,1
264,190,897.46,145.98,74.64,76.35,0.6980,1,1
264,247,642.01,50.98,54.30,43.77,0.8355,1,1
264,308,380.62,223.06,37.36,40.51,0.7504,1,1
264,315,691.83,201.59,78.32,63.43,0.3517,1,1
264,330,194.75,537.74,28.25,27.17,0.4364,1,1
264,355,865.75,242.64,24.58,24.56,0.4628,1,1
264,360,948.26,50.71,28.75,21.07,0.4407,1,1
264,363,59.18,650.88,41.61,35.47,0.5902,1,1
264,365,858.85,659.67,130.71,97.29,0.3942,1,1
264,366,507.48,247.67,34.86,28.70,0.7827,1,1
264,369,30.22,685.86,33.64,47.05,0.2648,1,1
264,370,704.69,157.55,31.59,24.20,0.5053,1,1
264,374,93.63,524.08,34.28,23.63,0.6881,1,1
264,375,1166.26,586.47,37.68,38.72,0.3730,1,1
265,1,1000.88,25.49,49.96,39.90,0.9193,1,1
265,2,454.33,401.19,75.63,96.39,0.7991,1,1
265,3,473.51,151.72,59.44,45.19,0.8800,1,1
265,4,1160.24,408.57,106.00,86.64,0.8877,1,1
265,8,481.45,196.57,38.90,28.77,0.5721,1,1
265,11,683.95,204.06,87.32,62.94,0.8008,1,1
265,13,354.53,195.01,66.34,45.86,0.7718,1,1
265,16,1463.65,0.68,32.84,29.24,0.6388,1,1
265,17,658.65,84.77,34.58,34.53,0.8237,1,1
265,83,72.00,405.16,38.90,35.92,0.6850,1,1
265,188,662.34,859.72,149.70,126.14,0.8826,1,1
265,190,897.76,145.48,74.64,76.38,0.6535,1,1
265,247,644.28,50.45,53.27,43.48,0.8368,1,1
265,308,385.31,223.35,36.50,40.27,0.7284,1,1
265,315,687.58,203.32,81.14,63.95,0.3936,1,1
265,355,866.52,242.66,24.16,24.14,0.2840,1,1
265,360,949.24,46.37,29.98,22.82,0.4620,1,1
265,363,59.54,650.72,42.61,36.54,0.4679,1,1
265,365,859.14,660.05,129.93,97.73,0.6918,1,1
265,366,516.01,252.55,32.53,26.05,0.8303,1,1
265,370,703.01,156.78,34.13,25.31,0.5375,1,1
265,374,93.32,520.25,32.76,22.22,0.2782,1,1
265,375,1165.49,586.30,36.73,38.01,0.4137,1,1
265,376,194.44,540.15,35.30,25.85,0.4288,1,1
265,379,64.73,339.82,50.33,71.77,0.6478,1,1
266,1,998.48,24.77,51.15,40.29,0.9125,1,1
266,2,453.04,402.14,74.96,96.67,0.8321,1,1
266,3,472.77,151.63,59.34,44.29,0.8778,1,1
266,4,1165.50,411.17,103.50,86.39,0.8784,1,1
266,8,481.61,196.06,37.92,28.15,0.5327,1,1
266,11,680.27,205.07,88.62,63.55,0.6858,1,1
266,13,358.00,195.17,65.81,46.20,0.8194,1,1
266,16,1463.23,0.58,32.53,28.93,0.6442,1,1
266,17,660.21,84.56,35.29,34.49,0.8338,1,1
266,83,72.49,406.15,38.34,34.91,0.6633,1,1
266,188,663.02,859.22,149.96,124.86,0.8878,1,1
266,190,897.69,145.03,76.15,78.30,0.6834,1,1
266,247,645.95,49.04,53.16,44.91,0.8586,1,1
266,308,387.98,221.93,36.38,41.95,0.7538,1,1
266,315,683.59,204.78,83.81,64.01,0.5097,1,1
266,330,193.64,538.98,27.53,26.26,0.2718,1,1
266,355,866.18,241.18,25.21,25.30,0.2653,1,1
266,360,953.00,45.03,27.36,21.50,0.5365,1,1
266,363,61.31,650.29,42.98,37.41,0.4213,1,1
266,365,859.72,660.53,129.23,97.45,0.5023,1,1
266,366,519.37,257.90,33.03,27.39,0.7856,1,1
266,370,703.04,158.26,34.23,24.86,0.5125,1,1
266,379,65.69,340.60,50.07,70.54,0.5319,1,1
267,1,997.39,24.84,49.01,39.32,0.9053,1,1
267,2,452.87,403.61,76.21,98.32,0.8470,1,1
267,3,471.61,150.32,59.81,45.28,0.8708,1,1
267,4,1168.18,412.13,101.14,85.32,0.8776,1,1
267,8,481.37,196.39,36.54,27.25,0.5270,1,1
267,11,675.36,206.02,90.56,65.21,0.6411,1,1
267,13,359.14,197.27,64.79,45.41,0.8048,1,1
267,16,1462.30,0.37,33.27,29.16,0.6610,1,1
267,17,661.88,85.08,35.06,33.20,0.8467,1,1
267,39,858.70,659.65,128.76,96.76,0.2685,1,1
267,83,72.97,408.09,38.49,34.19,0.6822,1,1
267,188,664.48,855.92,150.82,124.80,0.8862,1,1
267,190,898.69,144.92,75.14,77.07,0.6494,1,1
267,247,648.06,48.36,52.62,45.19,0.8623,1,1
267,308,388.97,219.55,35.79,43.04,0.7842,1,1
267,315,679.11,205.96,85.45,64.86,0.2665,1,1
267,330,193.64,538.83,27.73,26.18,0.3025,1,1
267,360,958.23,45.45,25.95,20.41,0.4677,1,1
267,363,63.09,651.23,41.06,36.25,0.5121,1,1
267,365,859.62,660.38,128.82,97.12,0.5672,1,1
267,366,519.91,265.18,33.31,26.30,0.7704,1,1
267,370,702.11,160.07,33.66,24.14,0.3811,1,1
267,379,71.01,352.93,41.65,55.53,0.4375,1,1
268,1,997.55,24.84,48.66,39.31,0.9053,1,1
268,2,452.87,403.64,76.23,98.35,0.8455,1,1
268,3,471.84,150.36,59.33,45.21,0.8708,1,1
268,4,1168.41,412.15,100.65,85.29,0.8776,1,1
268,8,481.26,196.36,36.32,27.19,0.5240,1,1
268,11,675.02,206.09,90.46,65.41,0.6456,1,1
268,13,359.14,197.31,64.82,45.39,0.8061,1,1
268,16,1462.04,0.34,33.66,29.18,0.6621,1,1
268,17,661.65,85.07,35.57,33.18,0.8466,1,1
268,39,858.76,659.59,128.17,96.58,0.2855,1,1
268,83,72.69,408.21,39.11,34.15,0.6830,1,1
268,188,664.19,855.89,150.84,124.76,0.8876,1,1
268,190,898.76,144.89,75.20,76.95,0.6534,1,1
268,247,648.30,48.36,52.18,45.12,0.8611,1,1
268,308,389.42,219.44,34.93,43.08,0.7849,1,1
268,315,677.65,206.26,86.30,65.16,0.2620,1,1
268,330,193.50,538.78,27.97,26.17,0.3037,1,1
268,360,959.22,45.60,25.65,20.19,0.4684,1,1
268,363,63.56,651.39,40.36,36.04,0.5260,1,1
268,365,859.60,660.32,128.82,97.09,0.5585,1,1
268,366,519.31,265.51,34.41,26.28,0.7699,1,1
268,370,701.70,160.48,33.83,23.97,0.3813,1,1
268,379,71.09,355.24,41.70,52.74,0.4383,1,1
268,382,964.85,984.65,43.11,60.23,0.4370,1,1
268,383,959.78,48.48,20.84,23.53,0.3267,1,1
269,1,995.63,24.77,49.48,39.19,0.9035,1,1
269,2,452.01,403.67,77.81,101.11,0.8109,1,1
269,3,472.06,150.60,57.77,43.41,0.8678,1,1
269,4,1169.45,412.40,100.01,84.73,0.8544,1,1
269,8,479.02,194.82,36.60,27.22,0.5567,1,1
269,11,672.55,206.70,90.23,65.62,0.6910,1,1
269,13,360.75,198.11,65.39,45.82,0.8121,1,1
269,16,1460.16,0.03,34.21,28.43,0.6348,1,1
269,17,662.39,84.53,35.72,33.12,0.8559,1,1
269,83,72.93,408.31,39.15,33.64,0.6535,1,1
269,188,666.53,852.52,152.81,125.95,0.8834,1,1
269,190,898.55,144.84,74.95,76.50,0.5661,1,1
269,247,649.87,48.12,51.37,43.76,0.8757,1,1
269,308,390.59,218.94,35.58,44.79,0.8266,1,1
269,315,675.13,206.82,86.95,65.36,0.3729,1,1
269,355,869.34,240.85,24.07,24.01,0.3372,1,1
269,360,959.54,46.16,26.23,20.70,0.3332,1,1
269,363,65.07,650.85,40.17,36.51,0.5475,1,1
269,365,860.30,660.13,128.06,96.32,0.4606,1,1
269,366,525.20,268.19,34.68,24.21,0.8449,1,1
269,370,701.23,161.37,32.71,22.68,0.3068,1,1
269,376,196.13,541.69,35.40,25.44,0.3341,1,1
269,379,65.60,345.29,53.35,65.89,0.5880,1,1
269,383,959.78,49.22,20.61,22.82,0.5227,1,1
270,1,995.36,25.64,48.53,37.36,0.9034,1,1
270,2,452.22,406.31,77.79,99.66,0.7994,1,1
270,3,471.89,149.54,58.73,44.12,0.8777,1,1
270,4,1171.35,412.17,98.99,83.65,0.8603,1,1
270,8,477.38,193.41,37.48,27.51,0.6253,1,1
270,11,669.60,208.07,89.18,64.81,0.8399,1,1
270,13,363.20,197.32,66.95,47.09,0.8268,1,1
270,16,1457.34,-0.01,36.83,29.54,0.6418,1,1
270,17,664.06,84.14,35.52,32.61,0.8520,1,1
270,83,75.63,414.95,33.37,27.54,0.5586,1,1
270,188,670.70,849.65,156.22,126.93,0.8591,1,1
270,190,899.69,144.50,72.29,73.16,0.5266,1,1
270,247,651.28,46.61,52.13,44.52,0.8705,1,1
270,308,392.67,218.97,36.65,45.87,0.8136,1,1
270,355,868.20,238.76,24.89,24.80,0.4006,1,1
270,363,64.29,649.71,40.76,37.35,0.4268,1,1
270,365,860.04,659.97,128.38,96.36,0.5138,1,1
270,366,526.28,271.50,38.40,26.57,0.8320,1,1
270,376,195.22,539.48,39.06,26.82,0.6826,1,1
270,379,63.38,340.71,58.35,70.21,0.7050,1,1
270,383,962.17,49.90,20.37,22.16,0.4036,1,1
271,1,993.45,26.26,49.30,36.27,0.9008,1,1
271,2,451.63,408.98,76.99,96.66,0.7908,1,1
271,3,472.20,147.86,58.75,45.03,0.8815,1,1
271,4,1172.38,411.13,98.76,83.58,0.8721,1,1
271,8,477.39,193.20,37.54,27.19,0.5831,1,1
271,11,666.99,208.36,89.39,65.48,0.8642,1,1
271,13,365.79,197.80,63.84,44.01,0.8164,1,1
271,16,1457.22,0.03,38.10,30.00,0.5800,1,1
271,17,664.82,82.03,37.11,34.16,0.8541,1,1
271,83,75.75,415.40,33.19,26.63,0.5380,1,1
271,188,675.46,847.55,157.55,121.87,0.8789,1,1
271,190,899.37,143.76,74.48,75.51,0.5699,1,1
271,247,652.82,45.03,52.64,44.20,0.8601,1,1
271,308,395.13,222.61,36.71,45.63,0.8077,1,1
271,355,867.74,237.60,25.41,25.55,0.3463,1,1
271,363,66.39,650.17,40.02,37.09,0.4229,1,1
271,365,859.95,659.72,128.67,96.32,0.5282,1,1
271,366,526.90,273.98,39.41,27.58,0.8091,1,1
271,376,197.89,539.78,40.07,27.33,0.6385,1,1
271,379,62.03,339.19,60.62,71.28,0.7359,1,1
271,383,962.79,52.34,22.17,23.96,0.3855,1,1
271,386,624.06,339.45,29.37,33.29,0.6107,1,1
272,1,993.03,25.83,50.60,37.03,0.9049,1,1
272,2,451.19,410.95,76.76,94.90,0.7845,1,1
272,3,472.37,147.64,57.82,44.67,0.8712,1,1
272,4,1170.99,409.35,99.88,84.50,0.8732,1,1
272,8,477.03,193.24,37.38,26.77,0.5195,1,1
272,11,664.49,209.18,89.08,64.98,0.8564,1,1
272,13,367.24,199.88,64.55,44.22,0.8144,1,1
272,16,1455.59,-0.02,39.08,29.72,0.6430,1,1
272,17,666.37,79.78,37.23,34.83,0.8454,1,1
272,83,75.66,414.93,34.17,26.58,0.5863,1,1
272,188,676.98,845.06,161.56,119.90,0.8923,1,1
272,190,899.88,143.78,73.97,74.69,0.6293,1,1
272,247,653.80,43.82,53.06,43.42,0.8596,1,1
272,308,397.95,222.95,35.58,44.50,0.7988,1,1
272,355,866.81,237.60,24.89,24.90,0.3379,1,1
272,363,66.88,650.28,39.85,37.33,0.4887,1,1
272,365,859.84,659.74,128.73,96.13,0.5166,1,1
272,366,529.59,278.78,37.47,26.20,0.7465,1,1
272,376,196.99,536.94,44.16,29.66,0.7379,1,1
272,379,61.68,338.86,61.39,71.28,0.7393,1,1
272,386,621.34,357.21,26.28,29.15,0.4627,1,1
272,388,939.91,109.88,25.26,21.27,0.4684,1,1
273,1,992.15,26.08,49.53,36.66,0.9007,1,1
273,2,450.34,414.50,76.63,91.91,0.8384,1,1
273,3,472.56,147.42,57.49,44.55,0.8772,1,1
273,4,1171.47,407.46,98.60,82.30,0.8829,1,1
273,8,476.73,193.03,37.60,26.64,0.5438,1,1
273,11,661.46,209.44,90.42,65.47,0.8428,1,1
273,13,367.32,200.20,66.52,45.56,0.8290,1,1
273,16,1456.35,-0.00,39.36,29.27,0.6391,1,1
273,17,668.38,74.07,39.27,38.74,0.8145,1,1
273,83,73.53,411.31,37.74,29.12,0.6106,1,1
273,188,678.60,840.21,163.31,122.25,0.8961,1,1
273,190,901.17,143.13,72.37,72.07,0.7176,1,1
273,247,654.76,43.04,53.57,43.08,0.8588,1,1
273,308,398.73,225.80,34.99,42.84,0.7712,1,1
273,363,66.99,649.71,40.20,37.85,0.3351,1,1
273,365,859.77,659.74,128.81,96.03,0.5609,1,1
273,366,533.12,280.27,38.49,26.90,0.7748,1,1
273,376,197.78,535.99,44.37,30.25,0.7278,1,1
273,379,61.35,338.77,62.14,71.46,0.7671,1,1
274,1,992.19,26.10,49.41,36.64,0.9000,1,1
274,2,449.80,414.49,77.63,91.91,0.8361,1,1
274,3,472.60,147.50,57.36,44.44,0.8767,1,1
274,4,1171.20,407.44,99.13,82.26,0.8825,1,1
274,8,476.52,192.99,37.88,26.61,0.5431,1,1
274,11,661.21,209.45,90.82,65.48,0.8427,1,1
274,13,367.38,200.23,66.53,45.59,0.8281,1,1
274,16,1456.13,-0.00,39.95,29.23,0.6404,1,1
274,17,669.13,73.89,37.95,38.87,0.8152,1,1
274,83,73.12,410.90,38.38,29.43,0.6081,1,1
274,188,678.91,840.15,162.87,122.36,0.8957,1,1
274,190,901.01,143.09,72.76,71.87,0.7183,1,1
274,247,654.48,43.04,54.13,43.22,0.8591,1,1
274,308,398.52,225.93,35.44,42.74,0.7716,1,1
274,363,67.05,649.57,40.13,37.98,0.3376,1,1
274,365,859.61,659.69,129.03,96.08,0.5636,1,1
274,366,533.32,280.34,38.51,26.90,0.7741,1,1
274,376,198.02,535.93,44.00,30.27,0.7251,1,1
274,379,61.19,338.77,62.52,71.48,0.7670,1,1
274,388,934.85,106.53,24.87,21.01,0.2509,1,1
274,389,725.49,157.58,28.87,21.98,0.4806,1,1
275,1,992.52,26.50,48.27,35.91,0.8938,1,1
275,2,448.77,415.31,77.89,93.08,0.8575,1,1
275,3,472.24,147.14,57.75,44.91,0.8760,1,1
275,4,1169.41,404.22,99.78,83.02,0.8917,1,1
275,8,476.04,192.27,39.47,27.66,0.5716,1,1
275,11,656.47,209.74,92.29,66.36,0.8272,1,1
275,13,368.29,199.35,66.73,46.21,0.8213,1,1
275,16,1456.97,-0.02,40.44,29.73,0.6404,1,1
275,17,669.77,73.40,37.25,38.62,0.8226,1,1
275,83,73.70,410.79,38.44,29.36,0.5314,1,1
275,188,684.02,838.54,159.62,117.32,0.8914,1,1
275,190,901.35,142.14,72.21,71.01,0.7315,1,1
275,247,655.75,42.68,53.80,42.80,0.8513,1,1
275,308,398.84,226.84,35.38,41.23,0.7512,1,1
275,315,657.92,210.06,88.64,66.08,0.3051,1,1
275,365,859.07,659.24,130.01,96.92,0.4840,1,1
275,366,532.40,280.49,40.05,27.76,0.7407,1,1
275,376,197.76,534.46,44.08,30.89,0.7605,1,1
275,379,61.57,339.00,61.63,69.97,0.6984,1,1
275,388,934.48,107.01,24.72,20.90,0.3609,1,1
275,389,728.28,145.50,34.55,27.79,0.8033,1,1
276,1,991.54,26.77,49.42,35.74,0.8895,1,1
276,2,448.65,415.17,78.04,93.65,0.8678,1,1
276,3,472.00,146.50,58.08,45.11,0.8882,1,1
276,4,1168.67,401.19,99.48,83.17,0.8840,1,1
276,8,474.96,190.27,41.07,29.09,0.5231,1,1
276,11,653.93,210.16,92.20,66.06,0.7887,1,1
276,13,368.80,199.54,66.84,46.87,0.8378,1,1
276,16,1458.16,-0.01,39.49,29.42,0.7057,1,1
276,17,672.80,72.34,36.73,39.22,0.8020,1,1
276,83,74.50,410.70,38.11,29.12,0.5316,1,1
276,188,686.44,835.25,162.97,117.69,0.8843,1,1
276,190,901.45,141.17,72.47,71.34,0.7389,1,1
276,247,656.74,42.06,52.72,40.18,0.8354,1,1
276,308,399.33,227.32,36.29,41.09,0.7479,1,1
276,315,656.69,210.47,88.97,65.15,0.5219,1,1
276,330,197.28,530.57,35.00,32.72,0.7112,1,1
276,365,857.63,658.19,130.21,97.39,0.3319,1,1
276,366,533.41,280.05,40.58,27.98,0.8089,1,1
276,379,61.25,338.49,62.18,70.29,0.6499,1,1
276,388,933.74,107.79,26.35,22.39,0.3258,1,1
276,389,736.19,135.67,29.56,23.69,0.7304,1,1
277,1,990.97,26.29,50.40,36.40,0.8872,1,1
277,2,448.33,414.51,78.32,95.54,0.8663,1,1
277,3,472.30,146.24,58.11,44.58,0.8843,1,1
277,4,1166.17,397.98,98.86,82.20,0.8709,1,1
277,8,475.09,189.31,41.07,29.33,0.4322,1,1
277,11,653.72,211.01,90.76,64.86,0.4202,1,1
277,13,370.59,200.30,64.82,45.27,0.8388,1,1
277,16,1459.73,-0.00,38.87,30.17,0.7396,1,1
277,17,674.82,70.86,35.81,39.08,0.7914,1,1
277,83,74.05,408.63,40.05,30.86,0.5602,1,1
277,188,688.03,832.89,164.93,116.92,0.8780,1,1
277,190,901.51,140.91,73.33,73.15,0.8150,1,1
277,247,656.88,41.82,54.28,40.74,0.8284,1,1
277,308,399.25,228.15,37.03,41.06,0.7397,1,1
277,315,651.72,210.33,91.92,66.59,0.7604,1,1
277,330,195.30,527.94,35.17,34.73,0.6822,1,1
277,366,532.40,276.34,42.51,30.19,0.7690,1,1
277,379,60.94,338.66,62.32,70.14,0.6421,1,1
277,388,933.43,105.72,25.52,22.16,0.5256,1,1
277,389,739.92,124.50,28.94,23.54,0.8061,1,1
277,390,1.82,627.98,39.98,34.70,0.3934,1,1
278,1,991.22,26.26,50.53,36.79,0.8889,1,1
278,2,448.20,414.10,78.54,97.22,0.8614,1,1
278,3,471.99,146.09,58.44,44.23,0.8812,1,1
278,4,1161.74,393.72,100.31,79.73,0.9004,1,1
278,8,475.73,188.44,41.21,29.69,0.4136,1,1
278,11,649.86,210.22,92.67,66.15,0.8176,1,1
278,13,371.40,200.87,64.71,44.49,0.8342,1,1
278,16,1460.39,-0.00,37.59,29.89,0.7482,1,1
278,17,677.19,68.90,35.27,39.87,0.7506,1,1
278,188,688.91,831.73,166.27,117.09,0.8719,1,1
278,190,902.72,141.13,71.33,72.21,0.8087,1,1
278,247,657.61,41.33,54.49,41.00,0.8328,1,1
278,308,399.54,228.35,37.37,40.90,0.7328,1,1
278,365,857.56,656.00,131.46,98.87,0.2855,1,1
278,366,532.48,275.28,42.18,30.60,0.7673,1,1
278,379,60.78,338.53,62.48,70.21,0.4850,1,1
278,388,935.34,104.98,25.41,22.11,0.3752,1,1
278,389,746.40,112.65,29.21,24.34,0.7761,1,1
278,390,1.86,628.84,42.63,36.71,0.5438,1,1
278,393,964.13,1025.72,41.71,50.82,0.3550,1,1
279,1,992.03,26.24,50.82,37.21,0.8911,1,1
279,2,448.32,413.43,78.47,98.85,0.8513,1,1
279,3,472.11,144.75,59.22,45.24,0.8795,1,1
279,4,1158.96,389.68,101.92,77.15,0.8840,1,1
279,8,476.38,187.95,40.23,29.09,0.3584,1,1
279,11,648.42,209.49,92.41,66.57,0.7832,1,1
279,13,371.19,200.84,65.57,44.67,0.8334,1,1
279,16,1460.87,-0.00,36.56,29.38,0.7604,1,1
279,17,678.34,68.14,34.60,40.27,0.7381,1,1
279,188,691.74,829.30,166.57,118.85,0.8813,1,1
279,190,903.57,140.43,70.83,72.83,0.8252,1,1
279,247,659.38,40.47,53.58,39.80,0.8356,1,1
279,308,399.54,228.49,37.79,41.05,0.7293,1,1
279,365,857.97,655.69,131.66,99.84,0.3805,1,1
279,366,533.27,274.98,41.00,29.76,0.7756,1,1
279,379,60.62,338.57,62.44,70.05,0.3567,1,1
279,389,750.74,101.86,28.02,23.71,0.5699,1,1
279,390,0.60,627.44,44.77,38.61,0.4756,1,1
279,393,962.22,1031.17,44.25,46.71,0.7498,1,1
279,396,191.28,507.92,31.35,31.06,0.7539,1,1
280,1,992.10,26.24,50.70,37.23,0.8912,1,1
280,2,448.70,413.41,77.77,98.87,0.8508,1,1
280,3,472.23,144.78,58.96,45.24,0.8802,1,1
280,4,1157.87,389.64,104.08,77.13,0.8834,1,1
280,8,476.51,187.92,39.81,28.88,0.3820,1,1
280,11,648.60,209.45,91.91,66.61,0.7853,1,1
280,13,371.09,200.85,65.86,44.59,0.8355,1,1
280,16,1460.98,0.00,36.35,29.42,0.7622,1,1
280,17,678.76,68.11,33.86,40.29,0.7382,1,1
280,188,692.23,829.27,165.67,118.86,0.8816,1,1
280,190,903.86,140.41,70.22,72.80,0.8241,1,1
280,247,659.22,40.43,53.97,39.84,0.8357,1,1
280,308,399.49,228.47,38.00,41.09,0.7296,1,1
280,365,858.35,655.61,131.03,100.07,0.3781,1,1
280,366,533.31,275.00,40.87,29.67,0.7722,1,1
280,379,60.50,338.54,62.52,70.03,0.3736,1,1
280,389,751.46,100.50,27.43,23.60,0.5706,1,1
280,390,0.36,627.16,45.11,38.96,0.4737,1,1
280,393,960.49,1031.33,47.63,46.61,0.7511,1,1
280,396,191.11,507.70,31.62,30.94,0.7545,1,1
280,397,912.23,82.91,24.30,18.37,0.7589,1,1
281,1,991.53,26.31,50.92,37.20,0.8919,1,1
281,2,448.69,413.60,77.41,99.86,0.8761,1,1
281,3,473.31,145.17,57.95,44.74,0.8783,1,1
281,4,1156.80,386.04,103.01,76.79,0.8989,1,1
281,8,477.19,187.59,39.59,28.88,0.3634,1,1
281,11,648.52,210.11,88.37,63.96,0.8163,1,1
281,13,371.48,201.01,65.54,44.12,0.8403,1,1
281,16,1460.98,0.00,35.64,28.83,0.7411,1,1
281,17,678.91,67.48,32.99,39.46,0.7619,1,1
281,188,696.81,828.29,165.05,118.04,0.8789,1,1
281,190,904.88,140.49,68.75,72.23,0.8410,1,1
281,247,659.91,39.16,54.27,39.13,0.8401,1,1
281,308,398.62,228.27,38.47,41.22,0.7370,1,1
281,365,858.39,655.39,129.57,99.64,0.3922,1,1
281,366,533.58,277.44,40.59,29.34,0.8184,1,1
281,379,60.22,338.47,63.07,70.49,0.4578,1,1
281,389,754.33,89.78,27.41,23.49,0.6771,1,1
281,390,0.76,627.37,44.62,38.50,0.3430,1,1
281,393,962.27,1033.66,44.92,43.11,0.4473,1,1
281,396,189.35,500.73,31.55,30.90,0.6186,1,1
281,397,907.43,84.74,26.18,20.00,0.5430,1,1
282,1,992.07,26.57,51.16,37.66,0.8840,1,1
282,2,448.90,413.00,76.82,100.50,0.8794,1,1
282,3,473.96,145.28,57.47,44.58,0.8765,1,1
282,4,1156.69,383.55,101.11,74.56,0.9007,1,1
282,8,477.68,187.55,39.35,28.99,0.4731,1,1
282,11,647.05,210.08,88.38,63.76,0.7366,1,1
282,13,370.27,200.97,66.10,44.44,0.8386,1,1
282,16,1459.67,-0.01,36.19,28.67,0.7198,1,1
282,17,680.19,67.21,33.12,39.39,0.7980,1,1
282,188,699.80,827.16,163.52,118.51,0.8838,1,1
282,190,905.00,140.14,68.33,72.22,0.8331,1,1
282,247,661.21,38.66,56.08,40.47,0.8429,1,1
282,308,398.44,228.56,38.77,41.43,0.7325,1,1
282,365,858.02,655.19,129.24,100.17,0.4056,1,1
282,366,532.57,279.99,42.96,31.51,0.8225,1,1
282,379,60.00,338.30,63.50,70.75,0.5188,1,1
282,389,756.71,81.08,27.23,24.17,0.7698,1,1
282,390,-0.22,626.93,47.17,40.91,0.2556,1,1
282,396,182.85,492.08,34.29,34.39,0.7945,1,1
282,397,902.87,86.24,26.17,20.21,0.3047,1,1
283,1,993.43,26.38,51.10,38.39,0.8811,1,1
283,2,448.82,412.75,76.89,102.00,0.8731,1,1
283,3,473.95,144.74,58.12,44.88,0.8786,1,1
283,4,1153.71,381.01,102.03,74.61,0.8911,1,1
283,8,477.81,187.48,39.23,29.08,0.4187,1,1
283,11,645.61,210.03,86.94,62.62,0.7557,1,1
283,13,369.52,200.87,65.40,44.16,0.8149,1,1
283,16,1459.11,-0.01,37.04,28.82,0.7289,1,1
283,17,681.66,66.02,33.41,39.81,0.8282,1,1
283,188,701.53,826.67,162.85,119.17,0.8870,1,1
283,190,905.80,139.80,67.42,71.33,0.7693,1,1
283,247,661.86,37.99,56.80,40.90,0.8494,1,1
283,308,397.31,228.20,38.66,42.27,0.7619,1,1
283,365,858.28,655.20,128.20,99.79,0.3693,1,1
283,366,530.12,280.80,46.88,37.39,0.8158,1,1
283,379,60.13,338.17,63.30,70.30,0.4200,1,1
283,389,756.92,71.58,29.48,28.39,0.7261,1,1
283,390,1.30,627.78,44.94,39.03,0.2576,1,1
283,396,179.77,485.85,34.66,34.73,0.7461,1,1
283,399,143.66,513.24,54.58,32.89,0.6563,1,1
284,1,993.83,26.40,51.58,38.72,0.8776,1,1
284,2,448.61,411.49,76.41,103.74,0.8712,1,1
284,3,474.07,144.65,57.99,44.47,0.8767,1,1
284,4,1152.11,379.63,101.02,73.65,0.8899,1,1
284,8,477.91,187.49,38.97,29.09,0.4693,1,1
284,11,645.86,209.57,87.75,62.77,0.7703,1,1
284,13,370.04,201.48,63.04,41.71,0.8463,1,1
284,16,1458.51,-0.01,37.67,28.70,0.7336,1,1
284,17,683.20,66.50,32.40,38.02,0.8496,1,1
284,188,703.59,827.30,160.38,118.60,0.8936,1,1
284,190,906.21,139.55,65.99,69.74,0.7856,1,1
284,247,661.37,37.37,58.42,42.85,0.8478,1,1
284,308,394.71,228.39,39.38,43.27,0.7753,1,1
284,365,856.58,655.03,128.15,100.01,0.4347,1,1
284,366,527.35,282.10,45.10,37.22,0.8511,1,1
284,379,60.32,338.44,63.17,69.88,0.4061,1,1
284,389,761.92,63.63,27.87,28.39,0.7631,1,1
284,396,177.27,481.09,34.62,34.58,0.7706,1,1
284,399,150.42,511.09,47.42,29.01,0.7010,1,1
284,401,1112.65,9.48,19.62,19.28,0.3627,1,1
285,1,994.67,26.40,53.57,39.17,0.8786,1,1
285,2,448.63,411.75,75.60,104.09,0.8561,1,1
285,3,473.88,144.61,58.08,44.38,0.8748,1,1
285,4,1150.00,377.91,99.74,73.05,0.8903,1,1
285,8,478.04,187.76,38.43,28.85,0.5416,1,1
285,11,646.06,209.43,87.90,62.74,0.6637,1,1
285,13,366.39,200.08,66.12,44.47,0.8391,1,1
285,16,1457.90,-0.01,38.45,28.92,0.7408,1,1
285,17,685.01,67.46,32.34,37.05,0.8543,1,1
285,188,704.51,828.49,159.41,118.01,0.8930,1,1
285,190,906.69,138.90,65.52,69.09,0.7664,1,1
285,247,663.24,37.67,57.65,43.29,0.8366,1,1
285,308,392.89,227.80,39.80,43.88,0.7921,1,1
285,366,526.61,283.29,43.19,35.49,0.8372,1,1
285,379,60.07,338.30,63.46,69.94,0.5088,1,1
285,389,765.05,57.70,28.29,29.51,0.6425,1,1
285,396,177.61,479.49,33.56,33.47,0.7048,1,1
285,399,152.75,509.83,46.60,29.37,0.8044,1,1
285,404,939.30,112.84,23.94,24.66,0.2501,1,1
286,1,994.39,26.39,54.20,39.18,0.8786,1,1
286,2,448.92,411.80,74.99,104.05,0.8581,1,1
286,3,473.86,144.72,58.13,44.29,0.8751,1,1
286,4,1150.08,377.95,99.52,73.02,0.8901,1,1
286,8,478.18,187.78,38.12,28.73,0.5425,1,1
286,11,646.02,209.43,88.10,62.75,0.6710,1,1
286,13,366.57,200.08,65.61,44.52,0.8397,1,1
286,16,1457.71,0.00,38.74,28.93,0.7407,1,1
286,17,684.88,67.50,32.70,37.01,0.8545,1,1
286,188,704.56,828.50,159.31,117.97,0.8930,1,1
286,190,906.65,138.87,65.75,69.24,0.7779,1,1
286,247,663.64,37.70,56.91,43.34,0.8365,1,1
286,308,392.96,227.84,39.64,43.83,0.7905,1,1
286,366,526.55,283.33,43.22,35.44,0.8375,1,1
286,379,59.94,338.25,63.67,69.96,0.5034,1,1
286,389,765.64,57.16,27.81,29.64,0.6426,1,1
286,396,177.65,479.45,33.51,33.38,0.7049,1,1
286,399,153.12,509.80,45.95,29.39,0.8049,1,1
287,1,994.81,26.48,54.37,40.03,0.8846,1,1
287,2,449.01,411.21,74.63,104.36,0.8443,1,1
287,3,473.96,145.01,57.60,43.25,0.8769,1,1
287,4,1147.11,375.09,98.33,72.08,0.8909,1,1
287,8,478.17,187.53,38.43,29.11,0.5710,1,1
287,11,645.57,209.30,87.91,62.88,0.7706,1,1
287,13,364.11,200.11,65.91,45.16,0.8285,1,1
287,16,1457.92,-0.01,39.18,29.34,0.7435,1,1
287,17,685.46,65.22,33.92,38.02,0.8091,1,1
287,188,705.72,828.27,164.36,120.22,0.8973,1,1
287,190,907.37,138.47,64.87,68.25,0.8217,1,1
287,247,665.25,37.22,54.95,40.90,0.8307,1,1
287,308,391.38,227.83,39.82,44.64,0.8049,1,1
287,363,69.69,653.75,37.75,35.28,0.3624,1,1
287,366,523.63,284.66,43.35,36.22,0.8443,1,1
287,379,59.36,338.04,64.07,70.23,0.5198,1,1
287,396,177.51,478.37,32.90,32.94,0.5389,1,1
287,399,153.93,505.08,46.36,31.05,0.8388,1,1
287,405,1137.65,425.37,63.48,52.21,0.3623,1,1
288,1,995.91,26.05,53.91,40.69,0.8982,1,1
288,2,449.45,410.51,74.45,104.77,0.8146,1,1
288,3,473.35,144.60,57.97,43.50,0.8812,1,1
288,4,1143.67,373.54,98.13,70.56,0.8844,1,1
288,8,478.63,187.47,38.36,29.22,0.6555,1,1
288,11,646.46,209.16,89.10,63.10,0.8041,1,1
288,13,362.82,200.12,64.54,44.82,0.8254,1,1
288,16,1458.37,0.17,39.28,29.59,0.7455,1,1
288,17,685.68,64.03,34.85,38.64,0.8102,1,1
288,188,705.88,831.34,162.15,118.06,0.8947,1,1
288,190,907.04,137.80,65.89,69.69,0.8308,1,1
288,247,665.72,37.45,55.16,40.35,0.8225,1,1
288,308,388.90,227.68,39.38,44.86,0.7893,1,1
288,363,67.45,652.57,39.03,35.32,0.2923,1,1
288,366,520.91,285.06,40.85,34.45,0.8301,1,1
288,379,59.16,338.17,64.29,70.22,0.6464,1,1
288,390,1.85,628.20,37.76,32.82,0.3161,1,1
288,396,176.43,477.62,33.67,33.89,0.5149,1,1
288,399,157.68,505.22,44.91,30.04,0.8229,1,1
288,404,936.02,111.82,23.67,24.21,0.2793,1,1
288,405,1137.11,424.88,65.25,53.24,0.5103,1,1
289,1,996.70,26.30,53.32,40.35,0.8991,1,1
289,2,449.62,410.63,73.85,104.53,0.8169,1,1
289,3,473.36,144.61,58.14,43.30,0.8865,1,1
289,4,1140.38,371.26,99.81,69.66,0.8806,1,1
289,8,479.06,187.70,37.90,28.83,0.6450,1,1
289,11,647.93,208.87,89.12,63.42,0.8119,1,1
289,13,360.89,202.97,61.22,42.95,0.7941,1,1
289,16,1458.23,0.24,39.21,29.82,0.7596,1,1
289,17,685.42,64.12,35.14,38.29,0.7994,1,1
289,188,705.17,832.54,161.83,118.46,0.8935,1,1
289,190,906.73,137.40,66.61,71.07,0.8501,1,1
289,247,666.08,37.94,55.75,40.68,0.8242,1,1
289,308,386.01,226.64,40.08,46.48,0.6918,1,1
289,365,850.04,654.99,129.95,101.34,0.5437,1,1
289,366,514.94,286.58,38.97,33.04,0.8105,1,1
289,379,59.28,338.08,63.96,69.64,0.5243,1,1
289,390,0.04,627.96,37.44,33.08,0.2853,1,1
289,396,177.82,477.33,33.55,34.51,0.5792,1,1
289,399,162.15,507.79,44.23,29.52,0.8224,1,1
289,404,935.29,109.86,24.50,24.99,0.3639,1,1
289,405,1137.28,424.58,63.45,51.67,0.2696,1,1
289,406,54.21,689.06,36.14,56.57,0.2701,1,1
290,1,999.28,26.85,51.60,40.75,0.9086,1,1
290,2,449.75,410.05,73.78,104.94,0.8203,1,1
290,3,473.02,144.77,58.11,43.35,0.8878,1,1
290,4,1134.80,370.15,103.38,70.09,0.8896,1,1
290,8,478.82,187.75,38.20,28.93,0.6921,1,1
290,11,648.76,208.87,89.37,63.34,0.8218,1,1
290,13,356.43,203.02,62.99,44.71,0.7993,1,1
290,16,1458.71,0.20,38.41,29.28,0.7355,1,1
290,17,686.16,64.21,34.70,37.21,0.8103,1,1
290,83,74.32,406.44,38.28,29.36,0.3115,1,1
290,188,704.10,834.10,158.10,118.07,0.8944,1,1
290,190,906.92,136.63,66.12,70.79,0.8406,1,1
290,247,666.79,38.16,55.30,40.38,0.8173,1,1
290,308,381.93,227.51,39.14,44.98,0.6755,1,1
290,365,847.97,654.64,129.82,101.01,0.4752,1,1
290,366,502.76,288.37,44.22,34.09,0.8462,1,1
290,379,58.99,337.98,64.85,70.50,0.6009,1,1
290,390,0.15,633.20,33.57,29.68,0.4347,1,1
290,396,178.76,477.26,33.23,34.91,0.6000,1,1
290,399,163.02,507.03,44.34,29.15,0.8497,1,1
290,405,1132.68,421.94,64.98,52.54,0.3706,1,1
290,408,799.70,59.34,26.96,30.55,0.7412,1,1
291,1,1000.21,27.01,50.70,41.30,0.9099,1,1
291,2,449.84,410.66,73.13,104.05,0.8344,1,1
291,3,472.44,145.03,58.33,43.19,0.8854,1,1
291,4,1131.23,370.18,104.30,69.37,0.8938,1,1
291,8,478.61,187.82,38.12,28.67,0.6838,1,1
291,11,647.79,208.14,90.62,64.33,0.8406,1,1
291,13,353.60,203.08,62.77,45.17,0.8046,1,1
291,16,1457.89,0.01,39.22,30.03,0.7665,1,1
291,17,686.45,62.76,35.39,38.45,0.7962,1,1
291,188,703.83,834.94,157.46,116.30,0.8918,1,1
291,190,906.82,136.40,64.94,70.00,0.8297,1,1
291,247,667.61,38.55,54.14,39.13,0.8039,1,1
291,308,378.43,227.96,39.47,44.72,0.7319,1,1
291,365,846.54,654.29,129.74,101.07,0.5276,1,1
291,366,500.74,289.08,45.58,36.30,0.8025,1,1
291,379,59.55,337.75,64.25,69.44,0.5848,1,1
291,396,178.77,476.77,32.31,34.25,0.5399,1,1
291,399,162.74,507.26,43.92,27.73,0.8424,1,1
291,408,803.14,61.36,33.88,34.13,0.7887,1,1
291,409,1151.00,542.06,39.60,36.04,0.3308,1,1
292,1,1000.47,27.03,50.16,41.31,0.9099,1,1
292,2,449.86,410.70,73.08,104.03,0.8346,1,1
292,3,472.33,144.96,58.55,43.26,0.8852,1,1
292,4,1130.88,370.20,105.01,69.41,0.8942,1,1
292,8,478.53,187.84,38.30,28.66,0.6810,1,1
292,11,647.86,208.14,90.53,64.33,0.8410,1,1
292,13,353.74,203.16,62.24,45.08,0.8035,1,1
292,16,1457.88,0.00,39.23,30.16,0.7673,1,1
292,17,686.58,62.71,35.14,38.50,0.7966,1,1
292,188,703.48,834.97,158.13,116.23,0.8916,1,1
292,190,907.00,136.38,64.80,70.03,0.8292,1,1
292,247,667.47,38.56,54.44,39.08,0.8039,1,1
292,308,378.07,227.93,39.84,44.74,0.7336,1,1
292,365,846.44,654.27,129.57,101.03,0.5307,1,1
292,366,501.10,289.08,44.71,36.41,0.8013,1,1
292,379,59.52,337.75,64.38,69.22,0.5974,1,1
292,396,178.87,476.76,31.98,34.16,0.5429,1,1
292,399,162.31,507.27,44.78,27.69,0.8423,1,1
292,408,802.50,62.02,35.82,33.56,0.7931,1,1
292,409,1151.76,541.70,39.13,35.75,0.3364,1,1
292,410,972.67,842.92,41.77,48.15,0.7238,1,1
293,1,1000.48,27.47,50.36,41.25,0.9084,1,1
293,2,449.87,410.50,73.05,103.93,0.8361,1,1
293,3,471.11,143.56,59.36,44.36,0.8821,1,1
293,4,1129.73,367.57,103.41,69.41,0.8968,1,1
293,8,477.64,187.65,39.01,28.92,0.7152,1,1
293,11,648.26,207.78,90.74,64.71,0.8513,1,1
293,13,350.39,204.69,63.56,45.48,0.7664,1,1
293,16,1458.53,0.00,38.50,29.76,0.7634,1,1
293,17,684.93,60.46,36.74,40.67,0.7670,1,1
293,188,700.95,835.99,159.55,116.78,0.8840,1,1
293,190,907.05,136.44,64.59,71.15,0.8201,1,1
293,247,668.74,38.76,51.84,35.74,0.8079,1,1
293,308,375.73,228.06,40.65,45.45,0.7642,1,1
293,365,846.37,653.72,130.13,101.75,0.5161,1,1
293,366,500.30,293.27,40.99,33.49,0.8333,1,1
293,379,59.41,337.29,64.62,69.43,0.4559,1,1
293,396,178.90,476.80,31.86,34.10,0.6165,1,1
293,399,162.47,507.85,43.68,26.21,0.8348,1,1
293,405,1128.07,420.83,61.96,49.96,0.3255,1,1
293,408,808.37,76.66,30.83,26.06,0.7535,1,1
293,411,961.34,79.09,24.58,22.55,0.4886,1,1
294,1,1001.00,27.28,50.20,41.55,0.9127,1,1
294,2,449.83,410.42,73.28,103.90,0.8404,1,1
294,3,470.63,143.66,59.10,43.99,0.8806,1,1
294,4,1126.35,365.57,101.28,68.45,0.8959,1,1
294,8,477.11,187.35,39.27,28.96,0.7358,1,1
294,11,649.67,207.21,89.59,64.09,0.8711,1,1
294,13,347.54,205.28,62.97,44.64,0.7515,1,1
294,16,1459.35,0.00,38.06,29.94,0.7463,1,1
294,17,686.81,59.16,35.51,40.49,0.7829,1,1
294,188,696.13,837.03,161.26,118.77,0.8655,1,1
294,190,907.34,135.59,64.86,72.17,0.8179,1,1
294,247,666.79,39.03,54.77,37.93,0.8177,1,1
294,308,373.61,230.32,39.10,43.33,0.7665,1,1
294,365,843.93,652.25,130.37,103.00,0.8198,1,1
294,366,496.69,295.33,41.71,32.99,0.8358,1,1
294,379,60.26,336.76,63.79,68.24,0.3318,1,1
294,382,917.18,1003.39,48.46,63.59,0.6462,1,1
294,396,179.41,477.46,30.82,32.45,0.6795,1,1
294,399,158.31,509.49,46.62,27.74,0.7802,1,1
294,408,810.42,84.17,31.19,23.23,0.7625,1,1
295,1,1002.19,27.49,49.31,41.58,0.9163,1,1
295,2,449.66,410.34,73.52,103.93,0.8365,1,1
295,3,470.13,142.42,59.07,43.86,0.8732,1,1
295,4,1123.64,365.46,100.72,67.08,0.8905,1,1
295,8,475.90,186.96,39.95,29.33,0.7516,1,1
295,11,650.31,206.77,89.43,64.24,0.8523,1,1
295,13,344.12,204.08,63.66,44.87,0.7994,1,1
295,16,1459.92,0.00,38.07,30.90,0.7421,1,1
295,17,685.23,60.03,35.58,40.62,0.7580,1,1
295,39,842.93,652.71,130.81,101.39,0.2657,1,1
295,188,693.01,837.78,160.54,119.52,0.8717,1,1
295,190,906.82,135.61,63.17,70.56,0.7975,1,1
295,247,665.51,39.12,55.36,38.64,0.8245,1,1
295,308,372.02,231.70,38.29,42.45,0.7526,1,1
295,365,843.85,652.35,130.15,103.32,0.7936,1,1
295,366,488.59,296.19,45.39,33.93,0.7984,1,1
295,383,959.66,65.29,19.63,17.80,0.5721,1,1
295,396,179.27,477.40,31.39,32.79,0.7645,1,1
295,399,164.09,511.51,44.36,27.38,0.7645,1,1
295,408,808.65,85.34,31.88,22.12,0.7267,1,1
296,1,1002.49,27.15,49.49,42.20,0.9164,1,1
296,2,449.73,411.05,73.43,103.18,0.8405,1,1
296,3,469.64,141.87,58.45,42.60,0.8650,1,1
296,4,1121.05,363.59,101.97,67.64,0.8932,1,1
296,8,474.19,185.73,40.84,30.32,0.7449,1,1
296,11,650.83,206.40,89.70,64.58,0.8579,1,1
296,13,339.61,204.64,66.53,47.29,0.7890,1,1
296,16,1461.17,0.01,37.23,31.31,0.7240,1,1
296,17,683.67,60.38,34.38,40.06,0.7831,1,1
296,39,843.75,652.36,129.22,100.93,0.2535,1,1
296,188,688.91,839.32,160.20,122.00,0.8804,1,1
296,190,906.18,134.97,63.62,70.25,0.7975,1,1
296,247,664.63,39.10,55.41,39.35,0.8198,1,1
296,308,368.92,232.53,38.72,43.46,0.7797,1,1
296,365,844.32,651.88,129.52,102.61,0.7777,1,1
296,366,492.68,303.19,41.22,29.79,0.8499,1,1
296,383,958.17,60.51,22.27,18.63,0.5822,1,1
296,396,180.19,478.60,30.31,30.99,0.8209,1,1
296,399,158.40,513.85,47.43,29.46,0.4024,1,1
296,408,809.53,85.50,31.26,21.15,0.4892,1,1
296,413,85.62,679.58,30.05,49.05,0.8682,1,1
297,1,1003.07,27.15,49.74,42.65,0.9190,1,1
297,2,449.58,410.70,74.10,103.66,0.8366,1,1
297,3,467.55,141.28,59.47,43.62,0.8498,1,1
297,4,1114.95,360.92,104.74,70.81,0.8925,1,1
297,8,474.51,187.02,38.98,28.80,0.7564,1,1
297,11,653.63,206.36,88.38,64.30,0.8181,1,1
297,13,338.65,208.75,61.26,42.55,0.7326,1,1
297,16,1462.09,0.01,35.60,30.51,0.7153,1,1
297,17,681.59,61.53,34.15,39.87,0.8130,1,1
297,188,685.69,840.19,157.40,122.99,0.8770,1,1
297,190,905.59,134.69,63.60,69.49,0.7858,1,1
297,247,663.40,39.24,55.49,40.09,0.8260,1,1
297,308,367.34,231.03,37.48,44.12,0.7931,1,1
297,365,844.11,652.07,129.69,102.95,0.7636,1,1
297,366,488.30,304.58,43.57,29.55,0.8403,1,1
297,379,60.03,335.94,66.35,71.12,0.3937,1,1
297,383,955.69,57.68,24.29,20.38,0.6682,1,1
297,396,180.14,479.14,30.02,29.92,0.8224,1,1
297,399,151.39,517.17,50.87,31.48,0.3597,1,1
297,405,1119.32,418.64,59.95,47.07,0.3476,1,1
297,408,801.79,85.25,32.45,21.88,0.5343,1,1
297,413,85.20,678.72,30.26,47.14,0.8760,1,1
298,1,1003.11,27.14,49.65,42.65,0.9190,1,1
298,2,449.50,410.66,74.27,103.66,0.8336,1,1
298,3,467.61,141.23,59.33,43.67,0.8501,1,1
298,4,1115.29,360.88,103.97,70.84,0.8925,1,1
298,8,474.48,187.08,39.01,28.74,0.7571,1,1
298,11,654.01,206.35,87.76,64.31,0.8212,1,1
298,13,338.22,209.02,61.95,42.23,0.7320,1,1
298,16,1462.39,0.00,35.03,30.44,0.7154,1,1
298,17,681.54,61.54,34.11,39.89,0.8136,1,1
298,39,843.67,652.26,128.65,101.35,0.2574,1,1
298,188,686.57,840.20,155.53,122.98,0.8772,1,1
298,190,905.38,134.69,63.97,69.42,0.7841,1,1
298,247,663.62,39.24,54.99,40.13,0.8259,1,1
298,308,367.75,230.80,36.57,44.30,0.7945,1,1
298,365,844.11,652.06,129.62,103.05,0.7609,1,1
298,366,487.43,304.58,45.02,29.53,0.8388,1,1
298,379,60.07,335.87,66.48,71.39,0.3956,1,1
298,383,955.52,57.41,24.44,20.54,0.6705,1,1
298,396,179.89,479.16,30.42,29.89,0.8239,1,1
298,399,149.51,517.96,52.00,32.06,0.4122,1,1
298,405,1118.35,418.55,60.91,46.92,0.3485,1,1
298,408,800.74,85.18,32.73,21.98,0.5346,1,1
298,413,84.90,678.66,30.83,47.06,0.8753,1,1
298,414,903.08,81.17,21.14,16.68,0.3598,1,1
299,1,1003.71,27.32,49.20,42.16,0.9205,1,1
299,2,449.18,412.73,73.50,101.76,0.8182,1,1
299,3,466.88,139.92,58.84,44.27,0.8475,1,1
299,4,1111.81,359.10,103.68,71.39,0.8837,1,1
299,8,474.79,187.36,38.40,28.06,0.7333,1,1
299,11,655.32,206.76,87.79,62.50,0.8459,1,1
299,13,333.35,206.22,65.20,45.09,0.7982,1,1
299,16,1460.74,0.00,36.20,32.31,0.7462,1,1
299,17,678.88,61.21,34.16,41.76,0.8141,1,1
299,39,846.32,651.62,128.80,102.43,0.6962,1,1
299,188,684.34,840.70,156.85,123.86,0.8847,1,1
299,190,906.21,135.52,63.92,68.65,0.7969,1,1
299,247,663.17,39.29,52.53,38.82,0.8202,1,1
299,308,364.87,230.14,35.51,43.23,0.7878,1,1
299,365,845.98,652.18,127.93,101.76,0.4532,1,1
299,366,487.66,306.93,42.78,28.32,0.8222,1,1
299,379,60.21,335.50,66.44,71.67,0.3825,1,1
299,383,955.87,58.93,23.41,19.83,0.6566,1,1
299,396,179.44,479.44,31.29,30.52,0.7783,1,1
299,399,150.57,522.27,48.59,29.63,0.3126,1,1
299,405,1112.79,416.41,66.50,49.80,0.4827,1,1
299,413,85.00,674.82,31.37,46.02,0.8742,1,1
299,414,903.12,80.55,21.07,16.61,0.2607,1,1
299,416,861.89,1021.08,34.57,47.13,0.4009,1,1
300,1,1003.74,27.62,49.48,41.74,0.9199,1,1
300,2,448.91,413.55,74.02,100.73,0.8794,1,1
300,3,467.27,139.28,56.66,42.24,0.8346,1,1
300,4,1108.93,357.02,103.42,72.60,0.8816,1,1
300,8,475.02,186.90,37.93,27.50,0.7287,1,1
300,11,655.76,206.63,88.50,62.75,0.8018,1,1
300,13,329.84,206.20,67.32,47.61,0.8256,1,1
300,16,1460.48,0.00,36.26,32.97,0.7495,1,1
300,17,676.83,58.56,34.94,43.85,0.7341,1,1
300,39,846.03,652.13,127.56,101.66,0.2601,1,1
300,83,72.54,392.87,47.46,37.47,0.2900,1,1
300,188,680.47,840.74,158.99,126.14,0.8771,1,1
300,190,906.12,135.54,64.80,69.43,0.7986,1,1
300,247,661.28,39.09,51.12,38.58,0.8173,1,1
300,308,362.76,230.07,36.62,44.72,0.7424,1,1
300,365,846.04,652.00,128.53,102.68,0.7444,1,1
300,366,487.49,308.30,42.60,28.67,0.7890,1,1
300,379,60.45,334.72,66.01,71.52,0.3825,1,1
300,383,954.85,60.10,24.27,21.32,0.6581,1,1
300,396,179.51,479.94,31.30,30.11,0.7716,1,1
300,399,151.30,526.66,46.80,28.18,0.4471,1,1
300,405,1110.86,416.33,67.22,49.69,0.3646,1,1
300,413,86.51,673.77,29.37,42.76,0.4892,1,1
300,414,903.53,79.84,21.16,16.74,0.2846,1,1
301,1,1003.19,26.93,50.09,42.54,0.9190,1,1
301,2,448.71,418.41,74.13,95.48,0.9062,1,1
301,3,466.02,138.26,57.37,42.03,0.8361,1,1
301,4,1105.27,356.72,104.88,74.37,0.8012,1,1
301,8,471.89,184.96,39.86,29.03,0.7110,1,1
301,11,656.47,204.52,90.05,65.08,0.7996,1,1
301,13,328.53,208.79,65.11,45.86,0.8059,1,1
301,16,1460.50,0.00,35.98,32.78,0.7732,1,1
301,17,675.94,58.48,34.89,44.87,0.7304,1,1
301,39,843.96,652.27,127.37,102.64,0.7701,1,1
301,188,677.72,842.32,158.76,124.96,0.8352,1,1
301,190,904.64,135.62,65.73,70.75,0.7616,1,1
301,247,661.26,38.80,49.29,37.30,0.7955,1,1
301,308,361.85,230.96,36.06,44.86,0.7350,1,1
301,365,844.29,651.82,129.32,103.44,0.3060,1,1
301,366,487.74,310.22,41.51,28.33,0.7078,1,1
301,379,61.81,334.17,63.29,68.38,0.3745,1,1
301,383,956.30,64.40,21.96,19.54,0.4173,1,1
301,396,178.89,480.40,32.75,31.71,0.7513,1,1
301,399,152.90,527.56,46.52,28.16,0.3245,1,1
301,405,1106.19,417.36,70.19,49.82,0.5914,1,1
301,409,1157.40,540.69,36.94,34.70,0.3979,1,1
301,413,87.27,671.70,28.37,40.96,0.5059,1,1
301,419,-1.49,1009.94,32.86,56.72,0.5443,1,1
302,1,1003.18,26.95,50.00,42.39,0.9187,1,1
302,2,447.66,417.93,75.75,95.93,0.9063,1,1
302,3,465.40,138.10,56.94,41.21,0.8418,1,1
302,4,1104.05,355.98,103.65,75.50,0.8345,1,1
302,8,470.84,184.27,40.52,29.91,0.7367,1,1
302,11,657.33,204.11,89.08,65.14,0.7808,1,1
302,13,327.46,210.19,64.26,44.47,0.8047,1,1
302,16,1460.43,0.00,35.80,32.65,0.7802,1,1
302,17,674.53,60.21,32.65,42.00,0.7664,1,1
302,39,844.05,652.44,127.23,102.88,0.7396,1,1
302,83,72.76,390.86,45.51,38.34,0.5485,1,1
302,188,675.59,843.04,159.23,124.80,0.8415,1,1
302,190,905.17,135.41,67.08,72.07,0.7681,1,1
302,247,658.86,37.49,50.04,38.00,0.7854,1,1
302,308,360.13,235.91,33.91,41.34,0.7692,1,1
302,365,843.59,651.96,129.77,104.03,0.3923,1,1
302,366,486.22,310.71,41.45,28.06,0.7377,1,1
302,379,62.47,333.64,61.83,66.48,0.4616,1,1
302,383,955.93,68.01,20.10,18.20,0.5011,1,1
302,396,181.69,482.36,30.49,27.38,0.7901,1,1
302,405,1105.97,418.69,69.31,48.07,0.5266,1,1
302,409,1156.32,539.72,37.52,35.60,0.2969,1,1
302,413,87.40,668.47,28.18,39.66,0.7345,1,1
302,419,-0.07,1009.16,34.05,59.42,0.5638,1,1
303,1,1003.55,27.15,49.72,41.94,0.9185,1,1
303,2,447.02,418.66,76.47,95.38,0.8893,1,1
303,3,465.13,138.70,56.34,40.53,0.8437,1,1
303,4,1101.83,354.78,103.68,77.12,0.8305,1,1
303,8,470.32,184.49,40.64,30.18,0.7383,1,1
303,11,658.13,203.12,88.21,64.93,0.8500,1,1
303,13,324.02,209.52,67.88,48.07,0.8470,1,1
303,16,1460.45,0.00,35.76,32.58,0.7760,1,1
303,17,672.23,59.90,31.42,40.39,0.7505,1,1
303,39,842.83,652.55,128.27,103.51,0.6792,1,1
303,83,72.95,390.81,45.64,39.45,0.4066,1,1
303,188,673.11,844.46,158.40,123.96,0.8593,1,1
303,190,904.43,135.31,67.91,73.35,0.7750,1,1
303,247,655.71,36.55,49.21,37.80,0.7893,1,1
303,308,359.90,234.74,33.26,40.43,0.7883,1,1
303,365,841.82,652.54,130.52,104.88,0.5368,1,1
303,366,487.70,313.64,39.94,26.07,0.8182,1,1
303,383,955.66,66.40,19.33,17.80,0.4829,1,1
303,396,184.64,484.07,31.72,23.10,0.8116,1,1
303,405,1108.38,419.93,67.03,46.32,0.6339,1,1
303,409,1153.11,538.35,39.29,36.97,0.3038,1,1
303,410,986.30,853.09,37.22,39.00,0.5538,1,1
303,413,88.13,664.33,28.18,39.25,0.5010,1,1
303,419,11.03,1021.25,27.68,44.93,0.7799,1,1
304,1,1003.44,27.16,49.86,41.92,0.9185,1,1
304,2,446.72,418.74,77.06,95.52,0.8856,1,1
304,3,465.13,138.82,56.53,40.42,0.8434,1,1
304,4,1102.35,354.75,102.51,77.16,0.8287,1,1
304,8,470.46,184.59,40.42,30.11,0.7339,1,1
304,11,658.28,203.11,87.94,64.90,0.8497,1,1
304,13,324.28,209.48,67.28,48.18,0.8481,1,1
304,16,1460.44,-0.00,35.75,32.58,0.7799,1,1
304,17,672.03,59.82,31.42,40.33,0.7506,1,1
304,39,842.65,652.59,128.54,103.56,0.6854,1,1
304,83,73.29,390.80,45.12,39.72,0.4109,1,1
304,188,673.01,844.48,158.32,123.82,0.8601,1,1
304,190,904.51,135.31,67.66,73.36,0.7741,1,1
304,247,655.73,36.50,48.99,37.97,0.7888,1,1
304,308,359.89,234.77,33.24,40.33,0.7878,1,1
304,365,841.67,652.64,130.44,105.02,0.5337,1,1
304,366,487.44,313.72,40.53,26.02,0.8179,1,1
304,383,955.74,66.04,18.98,17.74,0.4835,1,1
304,396,183.25,484.13,34.80,22.97,0.8122,1,1
304,405,1108.55,420.02,67.02,46.20,0.6348,1,1
304,409,1152.15,537.94,39.99,37.38,0.3061,1,1
304,410,985.69,853.21,38.72,38.87,0.5567,1,1
304,413,88.10,663.68,28.50,39.25,0.5175,1,1
304,419,11.07,1021.79,28.24,44.27,0.7801,1,1
305,1,1003.59,27.40,49.63,41.37,0.9160,1,1
305,2,445.29,419.32,77.86,95.01,0.8726,1,1
305,3,464.73,138.60,57.25,40.79,0.8430,1,1
305,4,1101.54,354.29,101.53,76.38,0.8356,1,1
305,8,470.65,184.53,40.81,30.58,0.7331,1,1
305,11,659.47,202.86,87.91,64.98,0.8536,1,1
305,13,323.25,209.29,67.50,48.85,0.8653,1,1
305,16,1460.12,0.00,35.87,32.95,0.7788,1,1
305,17,667.99,59.10,32.31,40.97,0.7528,1,1
305,39,842.78,652.42,128.68,103.78,0.5006,1,1
305,83,73.94,389.81,44.53,40.22,0.5191,1,1
305,188,669.89,844.66,158.45,124.97,0.8547,1,1
305,190,903.74,135.54,67.62,73.53,0.7754,1,1
305,247,651.09,36.11,50.94,40.74,0.7856,1,1
305,308,358.15,229.94,34.94,42.84,0.7969,1,1
305,365,842.73,652.18,130.49,105.66,0.6135,1,1
305,366,486.33,314.28,41.62,26.50,0.8171,1,1
305,379,64.35,333.57,60.01,64.94,0.3210,1,1
305,383,954.25,66.32,18.45,17.09,0.4708,1,1
305,396,181.28,484.19,38.48,24.16,0.7531,1,1
305,405,1110.49,418.66,64.04,46.31,0.7372,1,1
305,410,984.13,854.92,42.43,40.92,0.7408,1,1
305,413,88.44,661.17,29.34,39.15,0.6164,1,1
305,414,899.72,79.29,23.15,18.32,0.5610,1,1
305,419,15.73,1023.18,30.87,45.39,0.7782,1,1
306,1,1003.74,27.52,49.66,41.34,0.9171,1,1
306,2,445.18,419.01,79.45,96.29,0.8741,1,1
306,3,463.93,138.14,57.44,41.50,0.8434,1,1
306,4,1099.21,354.09,101.95,76.76,0.8208,1,1
306,8,470.65,184.33,40.58,30.55,0.6764,1,1
306,11,659.39,202.73,88.08,64.78,0.8623,1,1
306,13,322.49,208.43,67.22,50.32,0.8625,1,1
306,16,1460.11,-0.00,35.33,32.71,0.7746,1,1
306,17,664.52,60.51,32.40,39.92,0.7673,1,1
306,39,841.82,652.44,128.73,103.56,0.5359,1,1
306,83,76.00,392.54,41.83,38.86,0.6624,1,1
306,188,666.72,844.96,156.45,125.25,0.8664,1,1
306,190,902.71,136.41,65.31,71.00,0.7484,1,1
306,247,649.67,36.66,48.70,39.07,0.7727,1,1
306,308,357.39,228.87,35.16,43.29,0.7998,1,1
306,365,842.17,652.23,130.35,105.53,0.5758,1,1
306,366,491.62,318.08,37.18,23.59,0.6979,1,1
306,379,64.94,335.21,59.30,65.37,0.5305,1,1
306,383,953.14,64.93,19.20,17.72,0.4541,1,1
306,396,173.28,483.27,40.48,26.67,0.8030,1,1
306,405,1104.42,417.77,64.21,46.93,0.6883,1,1
306,410,986.74,856.43,42.43,39.57,0.7710,1,1
306,413,87.71,657.86,30.19,39.70,0.4561,1,1
306,414,899.24,79.36,22.40,17.44,0.4368,1,1
306,419,23.56,1027.01,30.82,44.53,0.7005,1,1
307,1,1003.48,27.50,50.18,41.98,0.9164,1,1
307,2,444.07,419.55,79.97,95.52,0.8833,1,1
307,3,463.06,137.83,58.42,43.49,0.8468,1,1
307,4,1097.88,354.03,103.03,77.35,0.8318,1,1
307,8,470.97,184.30,40.31,30.45,0.6801,1,1
307,11,659.93,203.49,86.59,63.47,0.8571,1,1
307,13,323.07,208.72,65.76,49.90,0.8572,1,1
307,16,1459.93,-0.00,35.02,32.78,0.7722,1,1
307,17,663.78,59.40,36.93,43.31,0.7196,1,1
307,39,841.62,652.64,128.05,103.01,0.3808,1,1
307,83,76.32,391.37,42.03,39.36,0.6656,1,1
307,188,666.79,844.75,156.23,125.21,0.8423,1,1
307,190,901.93,136.04,65.95,71.41,0.6676,1,1
307,247,646.75,36.74,48.47,38.41,0.7655,1,1
307,308,357.91,230.34,34.14,41.75,0.7888,1,1
307,365,841.56,652.52,130.09,105.10,0.6823,1,1
307,366,493.58,317.52,40.30,26.47,0.7616,1,1
307,379,67.18,339.71,55.38,61.29,0.5641,1,1
307,383,950.96,63.16,21.08,19.14,0.5527,1,1
307,396,171.04,483.64,37.50,25.30,0.7076,1,1
307,405,1101.19,417.85,64.76,46.79,0.6596,1,1
307,410,986.55,857.85,44.01,38.91,0.8324,1,1
307,419,29.78,1032.93,29.17,40.47,0.6414,1,1
307,427,863.66,211.21,26.98,26.39,0.4383,1,1
308,1,1003.47,27.61,50.24,42.07,0.9168,1,1
308,2,443.80,419.78,80.96,95.39,0.8920,1,1
308,3,463.39,137.96,57.02,43.17,0.8535,1,1
308,4,1097.45,354.32,102.81,77.13,0.8230,1,1
308,8,470.65,183.69,40.28,30.52,0.7447,1,1
308,11,659.94,202.82,87.64,64.43,0.8667,1,1
308,13,323.06,208.40,65.90,51.17,0.8473,1,1
308,16,1459.80,-0.01,34.27,32.53,0.7622,1,1
308,17,658.62,61.88,36.94,44.71,0.7320,1,1
308,39,842.11,653.23,126.78,102.00,0.4436,1,1
308,83,75.92,392.06,41.95,39.64,0.5077,1,1
308,188,665.78,844.82,155.53,124.89,0.8668,1,1
308,190,902.32,137.46,65.05,69.98,0.7122,1,1
308,247,642.27,37.31,51.12,40.73,0.6875,1,1
308,308,358.14,231.87,33.38,40.57,0.7740,1,1
308,365,842.07,653.20,128.88,103.83,0.6692,1,1
308,366,496.55,317.62,39.13,26.82,0.7636,1,1
308,379,65.75,334.60,57.85,65.02,0.3461,1,1
308,383,952.04,63.13,19.88,17.48,0.5820,1,1
308,396,170.16,485.97,33.74,22.13,0.7075,1,1
308,405,1100.09,417.98,63.87,45.69,0.6110,1,1
308,410,985.44,858.86,44.43,38.37,0.8493,1,1
308,419,33.77,1036.31,28.78,39.28,0.5564,1,1
308,427,861.26,210.34,27.79,27.31,0.3547,1,1
308,428,493.16,354.49,37.49,35.94,0.3546,1,1
308,429,18.76,625.45,53.17,27.80,0.4323,1,1
309,1,1003.65,27.75,50.25,42.38,0.9177,1,1
309,2,443.67,420.03,81.42,95.03,0.8927,1,1
309,3,463.06,137.77,56.78,43.76,0.8607,1,1
309,4,1095.09,354.33,102.62,77.69,0.8079,1,1
309,8,470.31,183.77,40.32,30.39,0.7300,1,1
309,11,660.23,203.02,87.59,64.19,0.8616,1,1
309,13,325.62,208.93,63.75,51.07,0.8135,1,1
309,16,1459.21,-0.00,34.31,32.67,0.7726,1,1
309,17,652.35,58.00,38.25,47.70,0.6784,1,1
309,39,842.49,653.54,126.23,101.69,0.3750,1,1
309,83,76.36,393.98,40.53,38.35,0.3975,1,1
309,188,665.62,844.36,155.39,124.89,0.8726,1,1
309,190,901.09,136.43,64.87,69.60,0.5995,1,1
309,247,639.83,39.40,50.05,40.18,0.6583,1,1
309,308,358.10,236.11,32.69,38.52,0.7432,1,1
309,365,842.38,653.50,128.10,103.09,0.7194,1,1
309,366,496.07,312.27,46.16,34.08,0.8050,1,1
309,379,64.27,333.12,59.26,67.61,0.2652,1,1
309,388,951.58,63.35,22.03,18.52,0.6007,1,1
309,405,1103.71,420.29,60.40,42.91,0.5631,1,1
309,410,985.64,861.93,42.54,36.61,0.3647,1,1
309,419,39.17,1037.69,30.38,39.57,0.5636,1,1
309,433,1179.95,583.56,48.16,43.34,0.8382,1,1
310,1,1003.74,27.74,50.06,42.31,0.9177,1,1
310,2,443.46,420.02,81.77,95.01,0.8925,1,1
310,3,463.31,137.83,56.29,43.73,0.8606,1,1
310,4,1095.34,354.35,102.04,77.69,0.8085,1,1
310,8,470.27,183.78,40.45,30.38,0.7290,1,1
310,11,660.18,203.03,87.69,64.17,0.8623,1,1
310,13,326.36,208.94,62.40,51.10,0.8133,1,1
310,16,1459.25,0.00,34.21,32.63,0.7728,1,1
310,17,652.23,57.70,37.53,47.96,0.6768,1,1
310,39,842.67,653.50,126.11,101.73,0.3750,1,1
310,83,76.54,394.47,40.12,38.01,0.3982,1,1
310,188,665.57,844.35,155.24,124.93,0.8708,1,1
310,190,900.95,136.30,65.10,69.65,0.6054,1,1
310,247,639.73,39.58,49.79,40.26,0.6604,1,1
310,308,357.80,236.39,33.30,38.36,0.7413,1,1
310,365,842.36,653.43,128.20,103.11,0.7341,1,1
310,366,496.96,312.09,44.57,34.30,0.8049,1,1
310,379,64.18,332.68,59.10,68.41,0.2676,1,1
310,388,951.57,63.22,22.16,18.50,0.6006,1,1
310,405,1104.13,420.62,60.22,42.53,0.5618,1,1
310,410,985.48,862.63,42.18,36.10,0.3734,1,1
310,419,39.49,1038.03,31.46,39.45,0.5472,1,1
310,433,1177.97,583.53,52.05,43.31,0.8380,1,1
310,435,0.66,956.84,16.82,43.81,0.2776,1,1
310,436,924.62,785.99,31.59,26.00,0.4716,1,1
310,437,1212.61,546.76,57.49,36.89,0.4690,1,1
311,1,1004.17,27.85,49.80,42.37,0.9195,1,1
311,2,442.95,419.87,82.05,95.19,0.8942,1,1
311,3,463.09,137.49,55.68,43.33,0.8693,1,1
311,4,1094.90,354.49,103.88,79.60,0.7888,1,1
311,8,468.94,181.76,41.92,31.90,0.7710,1,1
311,11,659.30,203.08,88.23,64.72,0.8588,1,1
311,13,330.42,212.39,55.41,45.53,0.4649,1,1
311,16,1458.68,-0.00,34.39,32.22,0.7811,1,1
311,17,652.18,61.93,35.43,45.60,0.5229,1,1
311,39,843.23,653.89,125.57,101.44,0.3367,1,1
311,188,664.02,843.73,154.79,125.09,0.8677,1,1
311,190,898.78,136.20,66.27,71.02,0.4020,1,1
311,247,636.73,42.40,49.90,39.96,0.6392,1,1
311,308,357.00,237.17,34.52,39.15,0.7922,1,1
311,365,843.09,653.60,127.57,102.56,0.7055,1,1
311,366,507.09,309.02,36.48,27.97,0.5673,1,1
311,388,952.24,62.39,22.67,18.80,0.6733,1,1
311,405,1107.36,424.52,55.78,39.11,0.5745,1,1
311,410,983.38,861.84,42.64,36.59,0.4734,1,1
311,428,482.01,351.46,35.03,32.31,0.6831,1,1
311,433,1167.56,576.82,60.51,46.90,0.7837,1,1
311,435,0.26,951.81,17.27,44.90,0.3552,1,1
311,436,921.91,781.43,32.39,27.14,0.4047,1,1
311,437,1212.73,544.48,55.35,36.05,0.3182,1,1
312,1,1003.88,27.66,49.73,42.87,0.9189,1,1
312,2,442.91,419.90,82.21,95.89,0.8937,1,1
312,3,462.43,135.47,55.95,43.80,0.8696,1,1
312,4,1092.72,353.99,105.82,81.55,0.7520,1,1
312,8,468.55,181.59,40.53,30.90,0.7972,1,1
312,11,658.72,203.14,88.22,64.62,0.8663,1,1
312,13,335.98,212.10,51.51,42.31,0.4601,1,1
312,16,1458.27,-0.00,34.90,32.50,0.7809,1,1
312,17,655.23,67.95,31.53,40.61,0.5596,1,1
312,39,840.87,654.20,126.20,101.88,0.4156,1,1
312,83,73.86,392.33,41.33,39.51,0.2598,1,1
312,188,663.51,842.95,155.62,125.67,0.8600,1,1
312,190,898.06,136.62,65.55,70.19,0.3254,1,1
312,308,356.43,235.97,35.88,41.06,0.7810,1,1
312,365,840.51,654.33,128.00,102.73,0.6675,1,1
312,366,507.62,295.60,37.58,28.73,0.7795,1,1
312,379,60.12,332.42,59.40,70.68,0.3638,1,1
312,388,952.99,62.16,22.34,18.40,0.6579,1,1
312,405,1107.50,427.06,52.96,35.85,0.6493,1,1
312,410,980.45,861.38,42.83,37.16,0.5297,1,1
312,428,478.15,352.81,34.38,31.45,0.4295,1,1
312,433,1152.81,571.30,60.73,44.92,0.8744,1,1
312,436,923.22,778.70,32.61,28.80,0.7345,1,1
313,1,1004.01,27.88,49.72,42.92,0.9198,1,1
313,2,442.87,419.83,82.16,96.58,0.8901,1,1
313,3,461.55,133.98,55.29,43.72,0.8676,1,1
313,4,1091.91,353.72,105.19,81.34,0.7973,1,1
313,8,465.86,179.66,42.56,34.02,0.8095,1,1
313,11,658.19,202.94,88.04,65.26,0.8590,1,1
313,13,339.10,212.13,50.19,41.19,0.3391,1,1
313,16,1457.94,0.00,35.30,32.59,0.7804,1,1
313,17,649.70,72.42,31.69,40.73,0.3697,1,1
313,188,662.04,842.64,155.78,126.00,0.8596,1,1
313,190,898.09,137.17,65.73,69.71,0.3923,1,1
313,247,632.15,46.61,52.98,42.47,0.2776,1,1
313,308,356.29,238.11,36.04,40.44,0.7460,1,1
313,365,838.06,654.74,129.11,103.36,0.7057,1,1
313,366,511.53,285.53,40.72,30.90,0.7530,1,1
313,379,58.33,332.97,59.03,71.86,0.3438,1,1
313,388,952.97,61.23,24.28,20.09,0.7135,1,1
313,405,1103.78,426.17,55.75,36.75,0.6385,1,1
313,410,979.51,862.42,40.57,35.73,0.5127,1,1
313,428,476.36,354.91,33.09,30.55,0.3774,1,1
313,433,1144.80,565.76,60.88,42.94,0.8262,1,1
313,436,925.49,778.83,32.57,28.52,0.4513,1,1
314,1,1004.17,27.89,49.74,43.04,0.9199,1,1
314,2,443.01,420.39,82.09,96.95,0.8872,1,1
314,3,460.22,131.54,55.98,43.88,0.8593,1,1
314,4,1088.83,353.26,105.25,81.10,0.8222,1,1
314,8,464.54,176.56,42.94,35.96,0.8178,1,1
314,11,657.07,202.57,87.54,65.84,0.8234,1,1
314,13,341.38,209.93,50.54,41.60,0.2734,1,1
314,16,1457.93,-0.00,35.15,32.22,0.7627,1,1
314,83,74.41,399.79,36.97,35.52,0.4587,1,1
314,188,660.37,842.71,155.34,125.44,0.8559,1,1
314,190,896.52,136.80,67.89,72.25,0.3629,1,1
314,308,356.82,235.20,38.29,42.80,0.6436,1,1
314,365,838.12,656.43,127.17,101.91,0.7744,1,1
314,366,514.07,280.23,39.52,30.04,0.6602,1,1
314,379,56.25,333.58,58.69,73.18,0.3394,1,1
314,388,954.88,59.92,23.94,19.69,0.6967,1,1
314,396,158.78,479.35,36.90,24.13,0.2963,1,1
314,405,1103.34,428.64,55.05,34.31,0.6704,1,1
314,428,473.48,354.67,34.34,31.98,0.3246,1,1
314,433,1135.68,562.58,62.03,44.16,0.6367,1,1
314,436,927.23,779.72,34.21,29.40,0.2943,1,1
315,1,1004.20,27.17,50.14,43.28,0.9185,1,1
315,2,441.85,419.80,83.07,97.61,0.8870,1,1
315,3,458.42,130.41,57.06,43.46,0.8746,1,1
315,4,1086.41,353.32,104.95,82.09,0.8651,1,1
315,8,462.78,172.80,44.33,38.89,0.8363,1,1
315,11,656.60,203.58,84.82,64.64,0.8149,1,1
315,13,345.33,208.06,49.04,40.13,0.3057,1,1
315,16,1457.98,-0.00,35.26,32.05,0.7452,1,1
315,17,645.68,68.89,32.89,42.83,0.3205,1,1
315,83,74.65,403.03,35.05,33.53,0.2689,1,1
315,188,658.96,843.22,154.17,124.15,0.8300,1,1
315,190,895.72,137.22,68.27,72.85,0.3657,1,1
315,308,358.61,234.51,37.18,41.02,0.4448,1,1
315,365,835.64,655.54,127.51,103.15,0.7858,1,1
315,366,512.64,275.60,37.25,26.96,0.7903,1,1
315,388,956.25,58.96,23.94,19.29,0.6492,1,1
315,396,152.48,476.17,33.22,22.40,0.4197,1,1
315,405,1105.30,431.86,51.10,30.70,0.5656,1,1
315,428,473.33,353.84,35.27,33.17,0.4535,1,1
315,433,1135.64,565.10,67.85,48.31,0.6504,1,1
316,1,1004.20,27.17,50.15,43.27,0.9185,1,1
316,2,441.74,419.79,83.24,97.58,0.8873,1,1
316,3,457.97,130.36,57.84,43.50,0.8746,1,1
316,4,1086.67,353.32,104.37,82.12,0.8646,1,1
316,8,463.24,172.68,43.37,38.98,0.8364,1,1
316,11,656.91,203.61,84.05,64.60,0.8149,1,1
316,13,346.13,207.52,49.01,39.85,0.3464,1,1
316,16,1457.93,0.00,35.42,32.01,0.7457,1,1
316,17,645.39,68.34,32.74,43.15,0.3185,1,1
316,83,74.68,403.90,34.63,33.00,0.2675,1,1
316,188,658.81,843.24,154.43,124.15,0.8300,1,1
316,190,895.60,137.33,68.22,73.00,0.3630,1,1
316,308,358.83,234.22,37.41,40.72,0.4613,1,1
316,365,835.87,655.47,126.92,103.24,0.7862,1,1
316,366,512.09,275.43,38.04,26.86,0.7908,1,1
316,388,956.22,58.87,24.27,19.25,0.6491,1,1
316,396,151.47,475.53,31.94,22.05,0.4163,1,1
316,405,1104.92,432.32,51.91,30.23,0.5689,1,1
316,428,473.44,353.68,35.21,33.41,0.4516,1,1
316,433,1135.70,565.38,68.45,48.73,0.6507,1,1
317,1,1004.11,27.03,50.43,43.35,0.9200,1,1
317,2,441.45,420.06,83.04,97.38,0.8928,1,1
317,3,457.00,129.43,58.52,43.35,0.8817,1,1
317,4,1084.28,352.15,103.84,83.79,0.8939,1,1
317,8,463.77,169.69,42.53,38.64,0.8523,1,1
317,11,655.30,203.46,84.08,64.95,0.8194,1,1
317,13,348.94,207.77,48.02,37.63,0.6254,1,1
317,16,1457.99,0.00,36.49,32.63,0.7670,1,1
317,17,643.67,72.94,31.45,41.78,0.3880,1,1
317,83,74.40,406.02,33.63,31.73,0.3033,1,1
317,188,656.16,843.18,152.01,124.70,0.8342,1,1
317,190,895.44,138.33,68.52,72.82,0.3417,1,1
317,308,361.71,235.20,36.27,39.05,0.6049,1,1
317,365,835.60,657.58,126.39,102.53,0.7997,1,1
317,366,514.15,274.19,36.68,25.67,0.8105,1,1
317,388,956.74,58.31,24.66,19.00,0.6745,1,1
317,396,154.60,474.67,31.40,21.00,0.5875,1,1
317,405,1100.47,430.21,56.28,32.72,0.5342,1,1
317,428,474.53,352.36,35.04,33.37,0.3840,1,1
317,433,1138.43,573.40,74.72,59.81,0.7782,1,1
318,1,1004.26,26.93,50.28,43.50,0.9217,1,1
318,2,440.85,421.31,83.09,96.19,0.8969,1,1
318,3,454.53,127.34,59.95,44.87,0.8898,1,1
318,4,1081.87,350.47,103.34,84.91,0.8685,1,1
318,8,462.19,169.41,42.68,39.14,0.8531,1,1
318,11,656.22,203.91,82.53,63.58,0.8416,1,1
318,13,350.01,207.36,49.45,38.32,0.5665,1,1
318,16,1458.17,-0.00,36.42,32.26,0.7392,1,1
318,17,641.09,74.87,31.82,42.33,0.6562,1,1
318,83,71.33,404.54,36.05,33.97,0.4812,1,1
318,188,655.76,843.89,151.47,124.02,0.8398,1,1
318,190,894.82,138.66,68.60,72.26,0.4608,1,1
318,308,362.17,234.84,37.37,39.40,0.6524,1,1
318,365,832.24,656.57,127.10,105.03,0.8202,1,1
318,366,516.67,275.30,35.62,24.38,0.7853,1,1
318,379,53.29,339.17,54.81,70.19,0.2765,1,1
318,388,956.61,57.61,25.61,19.59,0.6794,1,1
318,396,155.85,474.21,30.83,19.67,0.6112,1,1
318,405,1099.08,429.76,56.16,32.57,0.5297,1,1
318,428,474.20,350.90,36.06,34.56,0.4763,1,1
318,433,1148.45,584.62,64.50,53.52,0.8537,1,1
319,1,1004.19,26.80,50.11,43.63,0.9196,1,1
319,2,440.26,421.19,83.78,96.98,0.8934,1,1
319,3,452.16,125.16,62.32,47.34,0.8958,1,1
319,4,1080.03,349.94,101.58,84.83,0.8882,1,1
319,8,460.77,168.68,43.93,40.64,0.8432,1,1
319,11,655.20,203.63,83.00,63.95,0.7585,1,1
319,13,355.97,207.75,44.58,33.22,0.4704,1,1
319,16,1457.98,0.00,36.94,32.65,0.7340,1,1
319,17,636.90,74.90,33.26,43.88,0.7337,1,1
319,83,68.98,404.26,36.86,34.84,0.5403,1,1
319,188,654.06,844.22,151.53,124.34,0.8417,1,1
319,190,893.41,138.73,69.31,72.57,0.3500,1,1
319,308,362.54,233.06,39.17,40.09,0.6591,1,1
319,365,832.88,658.93,122.89,102.64,0.8509,1,1
319,366,519.27,279.48,36.83,24.65,0.7791,1,1
319,379,51.93,340.07,53.70,70.43,0.2653,1,1
319,388,957.18,57.42,26.10,19.92,0.7235,1,1
319,396,158.43,474.62,30.82,19.14,0.4224,1,1
319,405,1096.17,427.40,57.23,33.35,0.3613,1,1
319,409,1147.34,545.24,37.55,35.70,0.3935,1,1
319,410,958.31,855.02,48.76,42.49,0.6058,1,1
319,428,474.75,350.29,36.08,34.81,0.5190,1,1
319,433,1149.24,589.84,61.33,49.99,0.8287,1,1
320,1,1004.39,27.00,49.65,43.27,0.9188,1,1
320,2,439.96,421.30,83.92,97.27,0.8897,1,1
320,3,452.40,125.63,60.81,47.09,0.8878,1,1
320,4,1077.33,348.79,101.35,86.34,0.8881,1,1
320,8,460.20,167.67,44.60,41.30,0.8209,1,1
320,11,654.99,204.30,82.92,63.74,0.7131,1,1
320,13,358.54,207.35,42.57,30.99,0.4288,1,1
320,16,1459.12,0.00,36.13,31.58,0.7015,1,1
320,17,634.16,76.32,31.71,43.18,0.7645,1,1
320,83,67.13,405.60,38.03,36.22,0.4096,1,1
320,188,653.50,844.32,151.47,125.75,0.8547,1,1
320,247,613.06,53.33,49.48,37.92,0.4119,1,1
320,308,363.43,232.76,40.38,40.45,0.7088,1,1
320,365,830.61,659.87,123.27,103.37,0.8735,1,1
320,366,523.53,283.49,37.86,25.79,0.7590,1,1
320,388,957.03,57.35,25.29,19.06,0.7706,1,1
320,396,161.04,475.12,34.15,20.87,0.5571,1,1
320,409,1146.24,543.41,38.37,36.51,0.3213,1,1
320,410,955.51,855.93,48.94,41.88,0.4797,1,1
320,428,474.70,349.87,35.94,35.25,0.6008,1,1
320,433,1151.21,595.49,59.15,46.48,0.8873,1,1
321,1,1004.47,27.22,49.74,43.48,0.9165,1,1
321,2,439.47,421.64,84.07,97.26,0.8775,1,1
321,3,452.13,123.33,59.92,48.28,0.8912,1,1
321,4,1075.52,347.75,100.06,85.66,0.8794,1,1
321,8,458.73,167.39,46.41,43.63,0.7647,1,1
321,11,655.07,204.53,82.68,63.42,0.6882,1,1
321,13,356.73,206.27,46.59,33.99,0.4472,1,1
321,16,1459.00,-0.00,36.44,31.55,0.7100,1,1
321,17,632.33,77.79,30.81,42.07,0.7437,1,1
321,83,66.35,409.74,37.05,36.09,0.6137,1,1
321,188,653.65,844.86,149.66,124.96,0.8655,1,1
321,247,608.69,53.35,53.30,39.94,0.5711,1,1
321,308,364.74,231.67,41.59,41.68,0.7526,1,1
321,365,829.03,661.24,122.49,103.56,0.8692,1,1
321,366,523.86,287.91,42.20,29.85,0.8337,1,1
321,388,958.12,57.06,24.75,18.08,0.7965,1,1
321,396,161.00,474.83,35.58,22.50,0.5110,1,1
321,428,476.29,349.34,35.72,35.83,0.7545,1,1
321,433,1152.21,595.54,57.82,45.57,0.8435,1,1
321,450,927.98,783.67,48.37,31.50,0.5681,1,1
322,1,1004.46,27.22,49.72,43.57,0.9165,1,1
322,2,439.45,421.74,84.12,97.17,0.8783,1,1
322,3,452.59,123.23,58.98,48.30,0.8920,1,1
322,4,1075.62,347.75,99.84,85.66,0.8792,1,1
322,8,458.93,167.42,45.97,43.72,0.7643,1,1
322,11,654.21,203.78,83.45,64.06,0.7024,1,1
322,13,356.45,206.12,47.26,34.53,0.4435,1,1
322,16,1458.91,0.00,36.63,31.50,0.7077,1,1
322,17,632.28,77.93,30.69,41.95,0.7440,1,1
322,83,66.49,410.14,36.52,36.10,0.6149,1,1
322,188,653.85,844.86,149.28,124.97,0.8656,1,1
322,247,607.88,53.36,54.28,40.20,0.5684,1,1
322,308,364.83,231.55,41.65,41.74,0.7521,1,1
322,365,829.10,661.26,122.12,103.58,0.8684,1,1
322,366,524.22,288.03,41.61,29.97,0.8342,1,1
322,388,957.99,57.05,25.06,18.00,0.7962,1,1
322,396,161.38,474.78,35.02,22.79,0.5101,1,1
322,428,476.55,349.33,35.39,35.88,0.7567,1,1
322,433,1152.30,595.56,57.67,45.54,0.8416,1,1
322,450,927.74,783.22,48.49,31.39,0.5662,1,1
322,451,683.03,163.20,20.28,17.19,0.3294,1,1
323,1,1004.51,27.20,49.57,43.66,0.9137,1,1
323,2,439.72,421.87,83.96,96.32,0.8752,1,1
323,3,450.48,122.78,59.60,48.72,0.8921,1,1
323,4,1073.23,346.69,99.30,85.78,0.8719,1,1
323,11,654.22,203.81,83.13,63.63,0.7593,1,1
323,13,357.53,205.94,46.33,33.53,0.5194,1,1
323,16,1457.82,-0.00,36.05,31.16,0.6458,1,1
323,17,631.70,79.46,30.60,41.94,0.6460,1,1
323,83,65.38,411.90,35.99,35.56,0.3573,1,1
323,188,653.01,844.85,149.18,125.10,0.8720,1,1
323,247,606.02,54.92,54.44,39.36,0.7118,1,1
323,308,365.78,231.06,41.32,41.40,0.7507,1,1
323,365,829.86,661.70,121.52,104.93,0.8759,1,1
323,366,525.86,294.90,39.77,28.10,0.8265,1,1
323,388,957.90,55.84,24.71,17.67,0.7749,1,1
323,409,1139.23,536.36,41.25,36.87,0.4006,1,1
323,428,478.50,349.03,34.95,35.85,0.7733,1,1
323,433,1152.84,595.01,57.04,45.16,0.7821,1,1
323,450,925.85,779.52,45.97,29.77,0.3582,1,1
323,452,802.99,1019.63,30.32,26.44,0.7360,1,1
323,453,460.90,161.22,42.91,42.94,0.7153,1,1
324,1,1004.62,27.27,49.43,43.54,0.9122,1,1
324,2,439.28,422.78,84.14,95.36,0.8686,1,1
324,3,450.05,121.99,60.21,47.74,0.9034,1,1
324,4,1071.35,345.73,98.98,85.70,0.8725,1,1
324,11,654.53,204.09,82.76,63.15,0.7705,1,1
324,13,359.05,205.81,45.58,32.56,0.4320,1,1
324,16,1457.81,-0.01,36.02,31.23,0.6674,1,1
324,17,629.43,81.11,30.04,40.82,0.6659,1,1
324,83,64.46,411.70,36.98,36.92,0.8092,1,1
324,188,652.32,844.93,148.73,124.77,0.8794,1,1
324,247,603.51,55.23,56.13,40.82,0.7822,1,1
324,308,366.16,230.93,41.74,42.10,0.7479,1,1
324,365,829.97,663.18,120.75,103.48,0.8937,1,1
324,366,523.24,299.50,38.77,25.91,0.7919,1,1
324,379,51.15,346.20,53.24,71.61,0.4699,1,1
324,388,958.00,56.43,25.19,17.83,0.7786,1,1
324,405,1085.31,420.33,61.88,37.57,0.5420,1,1
324,428,480.60,348.13,35.27,36.66,0.7999,1,1
324,433,1150.65,593.85,57.98,46.39,0.6762,1,1
324,450,923.88,773.51,42.96,29.49,0.8523,1,1
324,451,681.94,164.57,20.33,17.08,0.2743,1,1
324,452,802.30,1019.51,30.15,26.05,0.4786,1,1
324,453,459.63,162.85,45.23,45.41,0.6113,1,1
325,1,1004.68,27.63,49.01,43.11,0.9097,1,1
325,2,438.87,422.77,84.35,95.25,0.8593,1,1
325,3,448.01,121.61,61.74,47.50,0.9039,1,1
325,4,1069.24,345.41,98.88,84.35,0.8778,1,1
325,11,653.62,202.13,85.37,66.29,0.7543,1,1
325,13,359.51,206.40,45.31,32.09,0.3981,1,1
325,16,1457.34,-0.00,35.79,31.19,0.6778,1,1
325,17,626.02,82.74,30.31,41.14,0.6736,1,1
325,83,64.65,414.28,35.29,34.92,0.7619,1,1
325,188,652.14,845.51,147.72,123.65,0.8813,1,1
325,247,601.73,57.11,55.51,41.66,0.8044,1,1
325,308,366.15,230.76,41.38,41.60,0.7551,1,1
325,365,828.39,665.30,120.97,103.12,0.9100,1,1
325,366,521.42,303.48,39.34,26.04,0.7423,1,1
325,379,50.48,346.63,52.51,71.06,0.3468,1,1
325,383,956.89,57.49,23.21,19.34,0.7329,1,1
325,405,1082.17,417.58,63.36,39.97,0.5405,1,1
325,428,482.50,349.55,36.26,38.19,0.7697,1,1
325,433,1147.35,590.05,61.34,50.89,0.7763,1,1
325,436,922.10,763.99,38.45,31.35,0.7807,1,1
325,452,801.55,1019.37,30.06,25.70,0.4225,1,1
325,453,459.25,160.83,46.84,47.21,0.3689,1,1
325,454,590.71,171.20,25.04,31.43,0.4884,1,1
325,455,942.94,863.48,56.46,46.66,0.7972,1,1
326,1,1004.50,27.33,49.53,43.51,0.9133,1,1
326,2,438.60,422.76,84.66,95.41,0.8535,1,1
326,3,447.05,120.39,63.47,47.98,0.9044,1,1
326,4,1068.45,345.11,98.76,83.36,0.8822,1,1
326,11,655.03,203.49,82.01,62.98,0.8459,1,1
326,16,1457.59,-0.01,35.61,31.17,0.6105,1,1
326,17,622.92,82.83,31.64,43.10,0.6123,1,1
326,83,64.55,414.58,35.03,34.28,0.6690,1,1
326,188,651.88,845.94,147.94,122.95,0.8816,1,1
326,247,600.00,58.74,55.03,42.90,0.7982,1,1
326,308,366.10,229.87,42.03,42.71,0.7588,1,1
326,365,827.60,667.40,122.17,102.09,0.8936,1,1
326,366,512.40,303.46,44.18,27.92,0.6945,1,1
326,379,50.19,347.11,52.37,71.04,0.3401,1,1
326,383,956.85,57.95,24.99,20.04,0.7568,1,1
326,405,1082.59,416.03,61.35,40.37,0.6051,1,1
326,428,482.26,349.11,36.41,38.76,0.6878,1,1
326,433,1145.86,588.64,59.51,49.96,0.8196,1,1
326,436,919.12,756.48,35.91,30.46,0.7193,1,1
326,452,801.43,1019.75,30.33,25.45,0.5485,1,1
326,454,590.24,174.48,24.23,30.65,0.3528,1,1
326,455,941.29,865.53,58.18,48.41,0.7503,1,1
326,458,48.46,549.07,37.42,41.91,0.5851,1,1
326,459,179.57,487.70,29.37,41.26,0.6192,1,1
327,1,1004.34,27.49,49.90,43.71,0.9104,1,1
327,2,438.66,423.47,84.37,94.77,0.8340,1,1
327,3,447.19,120.18,63.29,47.57,0.9059,1,1
327,4,1068.13,344.31,98.62,82.87,0.8797,1,1
327,11,656.09,202.71,82.21,62.77,0.7854,1,1
327,13,359.08,206.90,45.94,32.11,0.4196,1,1
327,16,1457.07,-0.00,35.27,31.17,0.6195,1,1
327,17,619.67,84.31,32.62,44.21,0.6600,1,1
327,83,64.01,414.08,35.18,34.17,0.4760,1,1
327,188,651.94,845.90,148.02,122.39,0.8802,1,1
327,247,598.81,59.73,55.47,45.48,0.8044,1,1
327,308,365.90,230.00,41.18,41.62,0.7239,1,1
327,365,826.92,669.55,121.91,102.46,0.8914,1,1
327,366,502.69,304.10,48.64,28.08,0.7043,1,1
327,388,956.99,57.77,27.64,20.02,0.7700,1,1
327,405,1076.74,412.97,64.24,43.13,0.6528,1,1
327,428,483.03,350.12,35.00,38.00,0.7067,1,1
327,433,1142.03,585.97,60.92,50.90,0.8158,1,1
327,436,914.17,752.98,35.19,29.51,0.2896,1,1
327,452,801.36,1019.49,30.38,25.24,0.4836,1,1
327,454,589.86,176.81,24.30,30.95,0.3188,1,1
327,455,940.77,869.88,58.63,48.84,0.7508,1,1
327,458,43.87,555.76,37.32,42.65,0.2641,1,1
327,460,461.85,155.59,45.68,38.72,0.7615,1,1
328,1,1004.64,27.45,49.26,43.49,0.9107,1,1
328,2,438.57,423.41,84.47,94.73,0.8357,1,1
328,3,447.21,120.21,63.34,47.56,0.9057,1,1
328,4,1068.00,344.31,98.83,82.90,0.8784,1,1
328,11,655.98,202.68,82.56,62.78,0.7851,1,1
328,13,358.77,206.98,46.46,32.13,0.4173,1,1
328,16,1457.13,0.01,35.00,31.16,0.6189,1,1
328,17,618.31,84.48,33.51,45.91,0.6595,1,1
328,83,63.63,413.36,35.64,34.43,0.3673,1,1
328,188,651.78,845.90,148.36,122.32,0.8803,1,1
328,247,599.56,59.77,53.92,45.58,0.8040,1,1
328,308,365.80,230.02,41.26,41.54,0.7237,1,1
328,365,827.09,669.63,121.57,102.40,0.8911,1,1
328,366,500.56,304.14,51.81,28.06,0.7056,1,1
328,388,957.08,57.81,27.43,20.10,0.7692,1,1
328,405,1076.52,412.67,63.83,43.40,0.6546,1,1
328,428,483.35,350.23,34.40,37.91,0.7090,1,1
328,433,1141.83,585.87,61.15,50.97,0.8167,1,1
328,436,912.56,752.09,35.12,29.11,0.2885,1,1
328,452,801.25,1019.45,30.60,25.21,0.4846,1,1
328,454,589.87,177.35,24.15,30.99,0.3214,1,1
328,455,940.78,870.11,58.59,48.85,0.7501,1,1
328,458,43.06,558.07,36.31,42.47,0.2582,1,1
328,460,462.18,155.57,45.14,38.66,0.7615,1,1
328,462,113.07,1043.36,38.50,36.64,0.6697,1,1
329,1,1004.84,28.36,48.81,42.53,0.9118,1,1
329,2,438.49,423.65,83.94,94.13,0.8389,1,1
329,3,447.45,118.60,63.48,48.78,0.8930,1,1
329,4,1068.02,342.95,98.73,82.81,0.8906,1,1
329,11,656.72,203.02,82.62,61.91,0.7936,1,1
329,13,358.25,206.74,45.68,31.44,0.3106,1,1
329,16,1457.17,0.00,34.78,31.09,0.6459,1,1
329,17,618.12,85.41,33.16,45.85,0.6460,1,1
329,83,63.80,415.74,34.46,32.86,0.3459,1,1
329,188,652.40,845.82,150.55,122.27,0.8745,1,1
329,190,889.91,141.16,71.87,72.68,0.4078,1,1
329,247,599.09,61.15,52.14,44.60,0.8012,1,1
329,308,365.65,228.95,40.54,40.50,0.7200,1,1
329,365,825.82,673.03,121.35,105.09,0.8753,1,1
329,366,477.32,304.32,55.89,29.03,0.7204,1,1
329,388,957.23,58.48,26.08,18.89,0.7481,1,1
329,405,1077.77,411.52,63.56,44.09,0.6595,1,1
329,428,483.55,350.36,33.13,36.95,0.7629,1,1
329,433,1140.73,583.76,62.05,51.26,0.5991,1,1
329,454,589.46,177.76,24.43,31.58,0.3282,1,1
329,455,942.08,875.58,57.91,48.54,0.7810,1,1
329,458,42.76,566.58,32.97,42.31,0.6037,1,1
329,460,461.40,155.11,45.52,39.53,0.7955,1,1
329,462,120.84,1043.20,37.92,35.37,0.6307,1,1
329,463,196.78,520.49,16.28,32.13,0.3541,1,1
330,1,1005.04,27.96,48.49,42.48,0.9153,1,1
330,2,438.53,423.48,83.76,94.16,0.8439,1,1
330,3,448.21,118.89,61.91,48.09,0.8954,1,1
330,4,1068.07,342.05,98.87,82.35,0.8865,1,1
330,11,657.88,201.99,82.97,61.22,0.8433,1,1
330,13,358.22,208.35,45.01,30.51,0.4264,1,1
330,16,1456.54,-0.00,35.23,31.90,0.7048,1,1
330,17,618.24,88.91,32.16,44.84,0.7200,1,1
330,83,63.87,417.97,33.95,31.50,0.4767,1,1
330,188,651.96,845.68,150.38,121.13,0.8747,1,1
330,190,889.39,140.41,71.64,70.50,0.4541,1,1
330,247,598.42,61.62,52.89,46.49,0.8219,1,1
330,308,363.96,228.81,40.56,40.62,0.7508,1,1
330,365,827.15,674.30,120.39,107.50,0.8868,1,1
330,366,463.22,304.90,56.13,29.30,0.6007,1,1
330,388,957.06,58.03,26.07,18.91,0.7619,1,1
330,405,1080.78,411.62,61.24,43.30,0.6196,1,1
330,428,482.51,349.43,32.81,36.75,0.7237,1,1
330,433,1138.88,582.98,61.59,50.44,0.5062,1,1
330,455,937.26,883.50,60.52,48.53,0.8321,1,1
330,458,41.68,569.77,32.80,44.87,0.5486,1,1
330,460,462.39,155.94,44.33,38.72,0.7986,1,1
330,462,133.21,1044.42,39.71,35.47,0.6851,1,1
330,463,198.06,520.88,15.95,27.93,0.5530,1,1
331,1,1004.92,27.91,48.52,42.51,0.9141,1,1
331,2,438.39,424.03,83.30,92.97,0.8649,1,1
331,3,448.67,120.65,60.51,46.22,0.8962,1,1
331,4,1068.27,342.04,98.94,81.66,0.8796,1,1
331,11,659.78,202.01,83.69,61.86,0.8156,1,1
331,13,356.33,206.03,45.79,30.75,0.5334,1,1
331,16,1456.45,-0.00,35.11,32.08,0.7088,1,1
331,17,617.27,89.28,32.37,45.94,0.7099,1,1
331,83,63.54,418.42,33.97,30.97,0.3422,1,1
331,188,652.06,846.09,149.80,118.67,0.8789,1,1
331,190,887.68,140.29,72.76,71.36,0.5643,1,1
331,247,598.48,62.74,50.43,44.72,0.8095,1,1
331,308,363.10,230.90,39.21,39.64,0.7882,1,1
331,365,828.39,676.85,118.02,107.35,0.8954,1,1
331,366,443.91,309.01,53.98,30.89,0.8013,1,1
331,388,957.35,59.28,24.68,17.89,0.7492,1,1
331,405,1084.28,411.90,58.60,42.32,0.5781,1,1
331,428,481.35,349.26,31.53,34.67,0.6521,1,1
331,433,1137.37,580.62,62.51,51.06,0.4581,1,1
331,455,926.92,892.57,64.21,48.05,0.7768,1,1
331,458,43.96,578.40,28.60,44.28,0.7627,1,1
331,460,462.33,155.73,44.86,39.99,0.7944,1,1
331,462,136.81,1041.67,42.82,37.70,0.6074,1,1
331,463,195.41,516.58,20.92,28.71,0.7423,1,1
331,466,932.85,-0.01,19.32,16.10,0.3688,1,1
332,1,1005.23,27.85,48.10,42.13,0.9127,1,1
332,2,438.10,424.14,83.44,92.92,0.8672,1,1
332,3,449.55,119.99,60.60,46.78,0.8959,1,1
332,4,1068.40,341.66,99.29,81.74,0.8777,1,1
332,11,662.42,201.81,83.96,62.40,0.8711,1,1
332,13,354.46,204.87,45.86,29.74,0.6404,1,1
332,16,1456.51,-0.01,34.47,31.89,0.6726,1,1
332,17,614.63,89.26,33.38,47.39,0.7118,1,1
332,188,650.24,844.54,151.07,120.44,0.8759,1,1
332,190,887.83,140.48,72.49,70.14,0.6708,1,1
332,247,598.01,62.78,49.37,42.29,0.8102,1,1
332,308,359.46,230.57,41.45,42.35,0.7861,1,1
332,365,829.99,679.24,117.64,106.21,0.8727,1,1
332,366,426.47,316.16,57.42,36.08,0.6614,1,1
332,388,957.03,59.98,23.80,17.25,0.7368,1,1
332,405,1082.78,410.81,59.24,43.39,0.5978,1,1
332,414,894.51,86.14,22.81,18.21,0.2504,1,1
332,428,479.96,342.55,32.31,35.12,0.6927,1,1
332,433,1135.33,577.58,63.72,52.03,0.5043,1,1
332,455,921.64,898.61,67.22,48.59,0.6910,1,1
332,458,44.17,580.25,28.36,44.94,0.5895,1,1
332,460,462.16,157.08,44.14,40.05,0.7851,1,1
332,462,150.43,1045.00,40.99,34.97,0.7870,1,1
332,463,192.71,511.90,23.83,31.99,0.4151,1,1
332,466,932.88,-0.02,19.27,16.06,0.2900,1,1
332,468,16.12,594.10,25.16,33.35,0.4303,1,1
332,469,673.72,109.11,39.10,39.13,0.6623,1,1
333,1,1005.43,28.00,48.49,42.12,0.9161,1,1
333,2,437.58,424.01,83.97,93.48,0.8612,1,1
333,3,451.36,120.88,59.02,45.24,0.9017,1,1
333,4,1068.66,341.64,99.43,81.99,0.8799,1,1
333,11,664.97,201.13,84.18,62.86,0.8786,1,1
333,13,352.55,205.23,46.80,29.38,0.6927,1,1
333,16,1456.54,-0.00,34.21,32.06,0.6994,1,1
333,17,615.47,89.19,31.75,45.53,0.7301,1,1
333,188,649.77,843.98,151.42,121.83,0.8762,1,1
333,190,888.51,140.44,72.36,71.09,0.7558,1,1
333,247,597.35,63.17,50.05,41.83,0.8071,1,1
333,308,357.76,231.18,41.86,43.20,0.8347,1,1
333,365,830.07,682.33,115.39,103.56,0.9023,1,1
333,366,409.21,324.56,49.57,36.80,0.7992,1,1
333,388,957.16,59.73,24.09,16.96,0.7549,1,1
333,405,1085.13,411.31,57.41,42.68,0.5482,1,1
333,428,481.64,341.65,29.93,31.53,0.5340,1,1
333,453,462.77,157.81,41.95,41.07,0.7383,1,1
333,455,924.06,903.34,67.23,48.18,0.6050,1,1
333,462,157.15,1042.23,41.39,36.93,0.7250,1,1
333,463,191.87,513.53,22.18,27.99,0.4694,1,1
333,466,932.59,-0.01,19.53,16.31,0.2908,1,1
333,468,15.44,593.19,25.84,34.77,0.3654,1,1
333,469,673.41,109.09,39.68,39.62,0.6834,1,1
334,1,1005.36,28.00,48.63,42.12,0.9161,1,1
334,2,437.55,423.95,84.01,93.57,0.8627,1,1
334,3,451.26,120.80,59.20,45.37,0.9020,1,1
334,4,1068.67,341.60,99.46,82.16,0.8797,1,1
334,11,665.05,201.12,84.07,62.92,0.8777,1,1
334,13,351.98,205.32,47.65,29.36,0.6955,1,1
334,16,1456.67,0.00,33.91,32.07,0.6994,1,1
334,17,615.63,89.18,31.45,45.42,0.7306,1,1
334,188,650.10,843.96,151.00,121.94,0.8763,1,1
334,190,888.73,140.39,71.96,71.18,0.7583,1,1
334,247,596.98,63.16,50.78,41.84,0.8072,1,1
334,308,357.83,231.21,41.67,43.21,0.8343,1,1
334,365,830.04,682.38,115.52,103.58,0.9022,1,1
334,366,410.65,324.87,45.12,36.84,0.7994,1,1
334,388,956.97,59.73,24.50,16.93,0.7539,1,1
334,405,1085.24,411.26,56.83,42.76,0.5586,1,1
334,428,481.52,341.52,30.29,31.02,0.5312,1,1
334,453,462.58,157.75,42.25,41.00,0.7386,1,1
334,455,924.10,903.85,67.73,48.14,0.6072,1,1
334,462,158.17,1042.07,40.11,37.05,0.7307,1,1
334,463,191.19,513.83,22.84,27.28,0.4702,1,1
334,466,932.48,0.02,19.51,16.32,0.2849,1,1
334,468,15.49,592.97,25.67,35.14,0.3715,1,1
334,469,673.30,109.15,39.84,39.69,0.6964,1,1
334,471,579.66,269.23,25.16,22.66,0.2978,1,1
335,1,1005.68,29.27,47.95,41.06,0.9047,1,1
335,2,436.96,423.32,84.67,94.57,0.8586,1,1
335,3,451.49,120.91,58.89,45.23,0.8999,1,1
335,4,1068.93,341.44,99.46,82.44,0.8814,1,1
335,11,666.37,199.40,84.74,64.36,0.8668,1,1
335,13,349.05,204.65,50.76,31.25,0.4756,1,1
335,16,1456.99,0.00,33.33,31.59,0.6238,1,1
335,17,615.07,88.51,30.69,45.11,0.7672,1,1
335,188,650.03,843.92,151.14,122.75,0.8761,1,1
335,190,888.86,140.23,71.77,71.56,0.7524,1,1
335,247,595.69,63.34,50.75,41.52,0.8116,1,1
335,308,356.04,230.37,41.36,43.52,0.8244,1,1
335,365,830.70,685.14,114.63,103.91,0.8933,1,1
335,366,407.30,325.56,46.61,40.79,0.6938,1,1
335,388,956.20,58.74,23.44,16.26,0.7548,1,1
335,405,1082.78,410.50,58.18,43.88,0.5564,1,1
335,428,480.49,340.13,30.90,30.97,0.4646,1,1
335,453,461.14,157.70,44.04,42.86,0.7241,1,1
335,462,160.85,1036.33,40.74,40.62,0.8171,1,1
335,463,185.56,511.01,24.89,28.41,0.4758,1,1
335,466,932.62,0.02,19.23,16.11,0.2963,1,1
335,468,16.48,594.38,24.52,33.92,0.3035,1,1
335,469,673.13,109.52,39.73,39.02,0.7335,1,1
335,471,587.05,268.57,25.68,22.60,0.3336,1,1
335,474,686.09,253.43,36.78,39.21,0.3991,1,1
335,475,625.39,360.07,32.87,32.69,0.4414,1,1
336,1,1006.07,30.80,46.85,39.64,0.8359,1,1
336,2,436.35,423.22,85.13,94.97,0.8457,1,1
336,3,451.05,121.21,57.62,44.49,0.8955,1,1
336,4,1069.47,341.40,99.10,82.36,0.8832,1,1
336,11,670.06,199.88,83.64,63.01,0.8806,1,1
336,13,346.46,204.16,51.19,31.12,0.5183,1,1
336,16,1457.20,-0.01,33.07,31.37,0.6266,1,1
336,17,614.60,91.47,28.59,42.00,0.6877,1,1
336,188,650.05,843.77,150.61,123.24,0.8739,1,1
336,190,888.79,139.99,72.23,72.96,0.7606,1,1
336,247,593.74,63.28,51.86,42.07,0.8206,1,1
336,308,353.39,232.32,39.59,41.68,0.8035,1,1
336,365,831.50,686.70,116.93,105.85,0.8833,1,1
336,366,412.62,323.73,40.37,36.27,0.3726,1,1
336,388,957.08,58.01,22.55,15.26,0.7404,1,1
336,405,1082.20,409.90,58.79,44.41,0.5193,1,1
336,419,167.82,1033.32,38.32,42.91,0.5670,1,1
336,433,1138.00,574.09,63.49,51.75,0.4250,1,1
336,453,462.01,157.51,42.54,41.12,0.7633,1,1
336,455,918.24,912.68,70.71,49.74,0.5789,1,1
336,463,187.43,518.09,26.13,25.35,0.5233,1,1
336,466,932.41,-0.01,19.27,16.21,0.3031,1,1
336,469,673.31,109.68,39.54,38.45,0.7079,1,1
336,471,594.67,270.13,25.06,21.17,0.4822,1,1
336,474,686.47,252.00,39.13,41.95,0.2514,1,1
336,475,629.78,361.39,28.92,28.52,0.4174,1,1
337,1,1005.78,29.99,48.17,40.17,0.8786,1,1
337,2,436.15,423.92,84.86,93.84,0.8577,1,1
337,3,449.50,120.84,58.78,44.13,0.8899,1,1
337,4,1070.25,341.72,98.59,82.35,0.8916,1,1
337,11,673.54,200.20,83.69,63.48,0.8356,1,1
337,13,343.78,205.38,51.02,30.65,0.3667,1,1
337,16,1457.64,-0.00,32.79,30.98,0.5372,1,1
337,17,613.25,92.53,29.19,42.83,0.7042,1,1
337,188,649.20,843.36,150.10,124.72,0.8734,1,1
337,190,889.61,140.77,69.28,70.64,0.7715,1,1
337,247,593.02,63.77,52.51,42.72,0.8248,1,1
337,308,350.43,236.87,39.13,41.13,0.7896,1,1
337,365,834.98,689.67,115.15,104.99,0.8709,1,1
337,366,413.92,325.05,35.55,32.94,0.3578,1,1
337,388,957.46,58.59,21.46,14.31,0.6761,1,1
337,405,1083.23,409.84,58.29,44.20,0.4060,1,1
337,409,1122.66,534.67,50.86,45.34,0.2865,1,1
337,419,171.14,1027.55,40.86,46.25,0.7172,1,1
337,453,461.53,156.26,42.76,41.68,0.7817,1,1
337,455,916.45,916.81,72.22,50.18,0.6505,1,1
337,463,188.59,522.12,27.02,22.74,0.4772,1,1
337,466,932.29,0.00,19.36,16.38,0.3087,1,1
337,469,672.69,109.94,40.41,39.08,0.6914,1,1
337,471,596.96,271.75,27.83,22.68,0.6972,1,1
337,475,630.15,354.98,32.03,32.47,0.4846,1,1
338,1,1004.77,27.49,49.94,42.31,0.8950,1,1
338,2,435.61,424.21,84.35,92.96,0.8613,1,1
338,3,449.18,119.98,59.51,44.91,0.8830,1,1
338,4,1070.75,341.77,98.18,82.42,0.8936,1,1
338,11,676.24,200.18,85.43,64.32,0.8852,1,1
338,16,1457.47,-0.00,32.85,30.89,0.5207,1,1
338,17,611.42,91.79,30.10,44.19,0.7227,1,1
338,188,648.64,842.92,149.79,125.35,0.8814,1,1
338,190,891.51,140.70,68.36,69.82,0.7923,1,1
338,247,592.42,64.08,51.77,42.25,0.8189,1,1
338,308,348.36,236.87,40.91,43.83,0.7565,1,1
338,365,834.96,693.10,116.37,106.57,0.7017,1,1
338,366,412.64,324.38,33.74,32.23,0.3338,1,1
338,379,54.94,353.34,49.41,64.55,0.3311,1,1
338,388,957.01,58.37,22.33,14.77,0.6601,1,1
338,405,1084.23,409.98,57.50,43.78,0.3175,1,1
338,419,178.28,1020.33,42.62,49.96,0.8346,1,1
338,433,1140.63,577.28,60.65,49.03,0.2575,1,1
338,453,461.12,155.38,43.16,42.16,0.7822,1,1
338,455,915.53,918.13,71.88,50.09,0.6910,1,1
338,463,187.67,523.20,28.28,22.20,0.3168,1,1
338,469,671.83,109.72,42.26,41.44,0.6849,1,1
338,471,598.46,271.85,32.28,24.78,0.7730,1,1
338,475,630.56,347.97,36.13,37.67,0.2885,1,1
338,477,380.72,368.99,37.24,34.22,0.8724,1,1
339,1,1004.57,27.79,49.70,42.08,0.9005,1,1
339,2,435.32,423.61,84.15,92.95,0.8594,1,1
339,3,448.98,118.87,58.97,45.17,0.8765,1,1
339,4,1071.03,341.83,97.93,82.44,0.8932,1,1
339,11,678.04,200.10,85.64,63.94,0.8436,1,1
339,16,1457.33,0.00,33.10,30.96,0.5415,1,1
339,17,611.32,91.86,29.52,44.02,0.7186,1,1
339,188,648.42,842.90,149.29,125.69,0.8767,1,1
339,190,892.24,140.65,69.50,71.53,0.7647,1,1
339,247,591.24,63.97,51.14,41.84,0.8055,1,1
339,308,345.17,239.57,40.45,42.87,0.6966,1,1
339,365,837.73,696.15,115.53,106.98,0.7561,1,1
339,366,411.53,324.28,29.40,29.52,0.5435,1,1
339,379,56.52,354.71,49.04,62.84,0.3019,1,1
339,388,956.08,57.81,23.50,15.79,0.6400,1,1
339,405,1083.86,410.22,57.10,43.46,0.3524,1,1
339,419,184.99,1011.33,42.94,49.26,0.8527,1,1
339,433,1140.28,580.06,61.24,49.59,0.3258,1,1
339,453,460.11,153.70,43.79,43.24,0.7850,1,1
339,455,916.39,919.76,71.03,49.31,0.7443,1,1
339,466,932.39,0.00,18.92,16.03,0.2824,1,1
339,469,672.29,109.56,41.60,41.17,0.6835,1,1
339,471,600.37,272.73,34.30,26.22,0.5051,1,1
339,475,636.02,337.84,36.37,43.23,0.7025,1,1
339,477,371.42,371.46,39.95,32.89,0.8937,1,1
339,480,480.68,341.51,31.81,38.74,0.7075,1,1
340,1,1004.56,27.79,49.71,42.09,0.9006,1,1
340,2,435.33,423.65,84.00,92.91,0.8613,1,1
340,3,449.21,118.91,58.50,45.08,0.8765,1,1
340,4,1071.08,341.80,97.86,82.52,0.8936,1,1
340,11,677.87,200.10,86.07,63.91,0.8476,1,1
340,13,336.59,207.62,55.36,33.07,0.5996,1,1
340,16,1457.26,0.01,33.24,30.95,0.5400,1,1
340,17,611.45,91.84,29.20,44.03,0.7189,1,1
340,188,648.72,842.92,148.70,125.52,0.8763,1,1
340,190,892.45,140.64,69.18,71.58,0.7650,1,1
340,247,591.27,64.02,50.99,41.76,0.8062,1,1
340,308,344.73,239.71,40.78,42.84,0.6957,1,1
340,365,838.35,696.31,114.59,106.98,0.7532,1,1
340,366,411.90,324.24,27.88,29.20,0.5427,1,1
340,379,56.66,355.03,49.38,62.47,0.3032,1,1
340,388,956.12,57.76,23.35,15.89,0.6391,1,1
340,405,1083.81,410.29,57.01,43.39,0.3529,1,1
340,419,185.01,1011.17,43.14,48.90,0.8546,1,1
340,433,1140.20,580.70,61.29,49.70,0.3269,1,1
340,453,460.25,153.58,43.51,43.23,0.7869,1,1
340,455,916.39,919.84,71.11,49.26,0.7454,1,1
340,466,932.39,0.02,18.83,15.97,0.2817,1,1
340,469,672.49,109.57,41.24,41.06,0.6815,1,1
340,471,600.49,272.89,34.83,26.50,0.5067,1,1
340,475,637.65,337.15,33.86,43.59,0.7025,1,1
340,477,370.63,371.48,41.40,32.88,0.8937,1,1
340,480,480.54,341.46,32.18,38.77,0.7124,1,1
340,482,174.54,520.75,27.40,29.32,0.6896,1,1
341,1,1004.72,28.61,48.44,41.16,0.9071,1,1
341,2,434.85,424.01,83.44,92.33,0.8713,1,1
341,3,446.95,117.55,60.08,46.30,0.8698,1,1
341,4,1071.32,341.71,97.95,82.58,0.8922,1,1
341,11,679.79,200.04,86.92,64.33,0.8445,1,1
341,13,330.48,207.77,62.63,39.71,0.5960,1,1
341,16,1457.02,0.00,33.53,30.96,0.6052,1,1
341,17,611.35,91.03,29.54,45.15,0.7407,1,1
341,188,647.94,843.05,147.74,124.34,0.8811,1,1
341,190,892.76,139.35,69.21,72.09,0.7476,1,1
341,247,590.53,65.17,51.07,41.41,0.7930,1,1
341,308,346.16,249.22,35.77,35.67,0.7082,1,1
341,365,839.57,701.05,114.06,106.31,0.6530,1,1
341,366,410.47,324.51,26.75,30.14,0.7154,1,1
341,388,956.76,57.39,23.59,16.43,0.6122,1,1
341,405,1081.58,409.20,59.15,45.08,0.4238,1,1
341,419,191.48,1003.70,42.97,49.85,0.8447,1,1
341,433,1141.20,583.45,59.97,48.71,0.3520,1,1
341,453,460.05,154.02,42.08,42.06,0.7885,1,1
341,455,919.89,920.40,68.38,48.13,0.8928,1,1
341,466,932.42,0.01,18.73,15.87,0.2651,1,1
341,469,673.16,109.04,41.42,41.35,0.6816,1,1
341,471,597.11,272.04,32.67,25.43,0.6619,1,1
341,475,644.03,329.58,32.52,44.09,0.7514,1,1
341,477,367.14,373.67,39.91,31.15,0.8381,1,1
341,480,480.16,338.92,33.79,39.64,0.7195,1,1
341,482,173.79,524.02,24.66,26.58,0.4003,1,1
342,1,1004.62,28.27,48.28,41.07,0.9100,1,1
342,2,434.47,424.15,83.63,92.22,0.8670,1,1
342,3,445.54,117.20,61.14,46.93,0.8650,1,1
342,4,1071.89,341.85,98.33,82.79,0.8882,1,1
342,11,680.67,199.31,87.72,65.28,0.8907,1,1
342,13,330.32,210.39,58.57,38.79,0.6991,1,1
342,16,1456.63,0.02,33.78,30.96,0.5895,1,1
342,17,611.81,91.60,29.28,45.34,0.7506,1,1
342,188,644.86,842.85,150.30,126.30,0.8902,1,1
342,190,894.11,139.79,68.54,71.51,0.7622,1,1
342,247,589.22,66.91,53.08,43.38,0.7755,1,1
342,308,343.20,251.15,35.94,34.66,0.7222,1,1
342,365,840.98,704.73,113.76,105.20,0.7988,1,1
342,366,406.59,328.03,25.87,28.60,0.7816,1,1
342,388,956.89,57.64,23.13,16.44,0.7289,1,1
342,405,1082.99,409.96,58.64,44.90,0.3307,1,1
342,419,197.63,998.88,40.07,46.64,0.8627,1,1
342,433,1137.82,587.16,61.40,49.66,0.4903,1,1
342,453,459.35,153.77,41.13,41.31,0.7927,1,1
342,455,919.30,919.40,68.19,47.84,0.8606,1,1
342,466,932.46,0.04,18.88,16.00,0.2829,1,1
342,469,672.69,108.49,40.74,40.49,0.6304,1,1
342,471,596.64,271.44,31.05,24.27,0.6469,1,1
342,475,649.01,324.90,31.05,45.66,0.8152,1,1
342,477,365.64,376.19,38.44,29.39,0.8417,1,1
342,480,481.43,337.08,33.25,38.61,0.4615,1,1
342,482,172.76,525.82,24.72,27.18,0.4908,1,1
343,1,1004.26,28.20,47.97,41.29,0.9107,1,1
343,2,433.47,424.43,84.04,92.38,0.8663,1,1
343,3,445.74,117.45,60.05,45.69,0.8621,1,1
343,4,1072.57,343.10,98.01,82.37,0.8896,1,1
343,11,683.57,198.69,87.31,65.89,0.8916,1,1
343,13,329.31,210.99,57.65,40.14,0.8076,1,1
343,16,1456.85,0.01,33.85,30.91,0.5697,1,1
343,17,612.93,92.83,28.58,44.38,0.7934,1,1
343,188,643.72,843.48,150.42,126.09,0.8919,1,1
343,190,894.89,139.43,68.53,71.93,0.7414,1,1
343,247,589.03,67.27,52.90,43.12,0.8123,1,1
343,308,341.53,252.56,36.66,34.46,0.7754,1,1
343,365,840.47,709.66,116.10,105.16,0.8411,1,1
343,366,403.66,327.74,27.20,29.51,0.8043,1,1
343,388,958.46,56.09,22.53,16.32,0.6848,1,1
343,419,205.51,994.24,37.29,44.67,0.8744,1,1
343,453,458.99,152.52,40.82,41.24,0.8039,1,1
343,455,921.75,919.26,65.74,45.83,0.7509,1,1
343,466,932.15,0.02,19.38,16.48,0.2977,1,1
343,468,19.52,595.12,22.98,32.27,0.2595,1,1
343,475,653.19,323.38,31.06,46.70,0.5554,1,1
343,477,361.93,375.98,37.09,27.96,0.6789,1,1
343,480,483.03,338.04,31.39,35.93,0.3747,1,1
343,482,172.58,526.31,25.21,29.93,0.7441,1,1
343,486,5.47,800.83,57.21,93.31,0.2859,1,1
344,1,1004.30,28.35,47.67,41.21,0.9110,1,1
344,2,433.03,424.40,84.25,92.75,0.8740,1,1
344,3,445.13,117.23,59.74,45.45,0.8626,1,1
344,4,1073.12,344.57,98.47,83.01,0.8749,1,1
344,11,686.61,197.79,85.82,66.53,0.9036,1,1
344,13,326.67,209.81,59.38,42.94,0.8301,1,1
344,16,1457.74,0.02,34.31,31.08,0.6742,1,1
344,17,613.75,91.09,28.85,46.07,0.7914,1,1
344,188,641.73,844.22,151.14,126.19,0.8887,1,1
344,190,896.87,138.88,68.13,72.40,0.7822,1,1
344,247,589.12,67.60,52.99,42.84,0.8039,1,1
344,308,339.72,251.87,37.65,35.04,0.7651,1,1
344,365,840.00,714.70,117.13,106.61,0.6115,1,1
344,366,400.05,328.15,26.65,28.08,0.7829,1,1
344,388,958.54,57.15,20.73,15.17,0.6258,1,1
344,419,205.67,983.86,40.81,51.93,0.8851,1,1
344,428,481.38,342.63,37.44,38.90,0.7507,1,1
344,453,458.33,152.12,40.58,41.38,0.8115,1,1
344,455,922.02,919.25,66.75,46.66,0.5415,1,1
344,466,932.10,0.05,19.73,16.90,0.3031,1,1
344,475,655.76,321.65,31.27,47.70,0.3995,1,1
344,477,358.30,374.88,37.88,28.23,0.8355,1,1
344,482,173.31,526.87,24.77,31.31,0.8207,1,1
345,1,1004.26,28.43,47.37,40.93,0.9109,1,1
345,2,433.13,424.17,83.85,92.91,0.8723,1,1
345,3,443.67,116.46,59.26,45.03,0.8556,1,1
345,4,1073.96,344.91,98.59,84.31,0.8712,1,1
345,11,688.33,197.66,84.97,65.96,0.9092,1,1
345,13,325.12,211.14,58.94,43.32,0.8313,1,1
345,16,1457.62,0.01,34.50,30.99,0.7010,1,1
345,17,614.33,93.58,28.28,45.48,0.7333,1,1
345,188,639.73,844.78,150.85,126.57,0.8791,1,1
345,190,899.25,138.32,64.84,69.32,0.7947,1,1
345,247,588.56,67.66,53.68,43.21,0.7987,1,1
345,308,336.85,252.57,38.52,35.08,0.7575,1,1
345,365,840.10,719.59,118.28,108.54,0.6515,1,1
345,366,398.53,329.26,26.00,26.59,0.6795,1,1
345,388,958.50,55.37,22.29,16.70,0.5366,1,1
345,419,206.87,972.17,43.28,59.28,0.8654,1,1
345,428,480.64,343.96,37.81,39.84,0.5370,1,1
345,453,458.35,151.17,39.02,40.49,0.8048,1,1
345,455,923.74,918.20,64.63,45.46,0.5154,1,1
345,466,932.07,0.03,19.86,17.13,0.3236,1,1
345,468,20.11,597.02,21.41,30.28,0.3388,1,1
345,477,355.85,373.59,35.72,27.56,0.8516,1,1
345,482,172.87,527.23,23.70,31.90,0.8104,1,1
346,1,1004.25,28.40,47.44,40.97,0.9109,1,1
346,2,433.27,424.17,83.61,92.91,0.8721,1,1
346,3,443.61,116.44,59.24,45.01,0.8552,1,1
346,4,1074.25,344.91,97.95,84.35,0.8709,1,1
346,11,688.40,197.67,84.85,65.80,0.9094,1,1
346,13,325.27,211.01,58.58,43.53,0.8326,1,1
346,16,1457.54,0.00,34.68,30.97,0.7011,1,1
346,17,614.44,93.69,28.12,45.47,0.7345,1,1
346,188,639.85,844.80,150.54,126.58,0.8788,1,1
346,190,899.45,138.30,64.48,69.17,0.7948,1,1
346,247,588.50,67.66,53.82,43.16,0.7987,1,1
346,308,336.50,252.61,39.05,35.06,0.7588,1,1
346,365,840.52,720.04,117.59,108.69,0.6515,1,1
346,366,398.15,329.27,26.61,26.53,0.6787,1,1
346,388,958.62,54.98,22.22,17.05,0.5419,1,1
346,419,207.70,971.85,41.56,59.23,0.8633,1,1
346,428,480.70,344.21,37.52,39.98,0.5500,1,1
346,453,458.56,151.11,38.58,40.47,0.8049,1,1
346,455,924.14,917.95,63.97,45.28,0.5249,1,1
346,466,932.09,0.01,19.81,17.19,0.3244,1,1
346,468,20.15,597.18,21.18,30.09,0.3441,1,1
346,477,356.07,373.55,35.13,27.56,0.8517,1,1
346,482,173.22,527.12,22.92,31.96,0.8063,1,1
346,491,14.37,867.86,78.68,75.17,0.5211,1,1
347,1,1004.09,28.15,47.37,41.29,0.9123,1,1
347,2,433.03,424.08,83.92,94.10,0.8582,1,1
347,3,443.16,116.24,58.71,45.28,0.8497,1,1
347,4,1075.21,346.35,98.29,85.43,0.8725,1,1
347,11,690.41,197.38,84.95,66.97,0.8842,1,1
347,13,323.36,211.14,59.00,43.97,0.8247,1,1
347,16,1457.50,0.00,34.92,30.97,0.7266,1,1
347,17,615.69,95.93,26.67,42.56,0.7002,1,1
347,188,638.41,844.84,149.69,125.51,0.8705,1,1
347,190,900.50,137.92,64.89,70.38,0.8034,1,1
347,247,588.82,66.79,55.70,44.24,0.8102,1,1
347,308,333.56,252.77,40.12,35.50,0.7623,1,1
347,365,840.46,724.88,116.81,108.61,0.6551,1,1
347,366,396.64,328.66,26.00,26.16,0.5361,1,1
347,388,959.67,54.76,22.00,17.29,0.5055,1,1
347,419,215.75,969.82,36.55,51.80,0.7003,1,1
347,428,481.28,344.73,36.39,39.01,0.5770,1,1
347,433,1121.75,594.29,69.81,57.22,0.3586,1,1
347,453,456.89,150.19,40.07,41.53,0.8110,1,1
347,466,931.46,0.01,20.26,17.64,0.3347,1,1
347,468,19.88,596.26,21.73,31.04,0.3023,1,1
347,477,354.65,371.88,34.89,28.31,0.8651,1,1
347,482,173.30,527.72,22.45,32.15,0.7837,1,1
347,491,25.88,865.41,74.54,70.03,0.6941,1,1
347,494,675.06,119.23,37.05,34.65,0.2943,1,1
347,496,963.66,47.29,20.39,21.67,0.2938,1,1
347,497,632.36,204.48,31.75,28.54,0.7454,1,1
348,1,1004.14,28.32,47.04,41.21,0.9113,1,1
348,2,433.66,427.35,82.48,91.23,0.8531,1,1
348,3,443.04,115.17,58.75,46.43,0.8565,1,1
348,4,1075.90,347.64,98.35,86.99,0.8782,1,1
348,11,691.99,197.02,83.88,66.83,0.8700,1,1
348,13,322.87,213.72,57.15,41.69,0.7987,1,1
348,16,1457.41,0.00,35.20,31.19,0.7415,1,1
348,17,619.76,96.13,25.75,40.33,0.6954,1,1
348,188,637.21,845.27,149.84,123.85,0.8673,1,1
348,190,901.07,137.81,64.25,70.40,0.7958,1,1
348,247,588.99,66.02,58.07,46.33,0.8149,1,1
348,308,330.64,253.09,40.48,35.47,0.7492,1,1
348,365,842.28,729.83,115.61,106.91,0.6979,1,1
348,366,396.10,322.77,27.61,28.40,0.3757,1,1
348,388,961.45,55.54,20.82,16.49,0.3388,1,1
348,419,221.67,963.67,34.87,48.52,0.8266,1,1
348,428,481.61,342.56,34.65,36.41,0.6611,1,1
348,433,1120.07,596.10,70.73,58.81,0.4143,1,1
348,453,455.42,147.37,41.72,43.90,0.8203,1,1
348,455,916.37,919.34,62.43,44.45,0.2563,1,1
348,466,930.75,0.01,20.49,18.00,0.3269,1,1
348,468,19.80,596.28,21.79,31.33,0.3490,1,1
348,477,351.54,370.51,36.05,27.24,0.8792,1,1
348,482,173.11,528.04,21.97,32.00,0.6572,1,1
348,491,30.48,860.17,75.48,71.34,0.5287,1,1
348,496,965.29,47.05,19.94,21.25,0.2632,1,1
348,497,638.74,208.95,33.59,31.97,0.7691,1,1
349,1,1004.13,27.43,47.30,42.17,0.9136,1,1
349,2,433.63,427.78,82.89,90.73,0.8585,1,1
349,3,441.70,115.17,57.46,45.78,0.8625,1,1
349,4,1077.49,349.08,96.73,86.50,0.8893,1,1
349,11,693.45,196.75,82.28,66.77,0.8725,1,1
349,13,319.36,214.07,57.91,42.26,0.7935,1,1
349,16,1456.98,0.00,35.55,31.23,0.7418,1,1
349,17,620.27,97.37,25.27,38.30,0.6545,1,1
349,188,635.37,845.47,149.56,122.84,0.8714,1,1
349,190,902.18,137.51,62.76,68.15,0.8054,1,1
349,247,590.44,65.28,57.30,46.53,0.8130,1,1
349,308,328.33,252.24,42.26,36.62,0.7573,1,1
349,365,840.42,736.32,113.41,106.59,0.7577,1,1
349,366,400.67,314.47,27.80,32.47,0.7226,1,1
349,388,965.86,55.55,20.59,16.53,0.5088,1,1
349,419,229.21,959.28,36.25,49.48,0.8862,1,1
349,433,1121.82,598.86,65.51,54.54,0.5490,1,1
349,453,453.81,148.59,40.98,43.03,0.8065,1,1
349,455,913.39,920.25,62.46,45.96,0.3922,1,1
349,466,930.55,0.02,20.64,18.26,0.3389,1,1
349,468,19.72,596.18,21.76,31.45,0.3023,1,1
349,477,347.53,368.98,37.86,25.90,0.8946,1,1
349,480,483.73,340.59,28.46,30.51,0.3854,1,1
349,482,173.37,527.79,21.57,31.96,0.6850,1,1
349,491,40.28,857.18,76.62,71.32,0.6265,1,1
349,496,968.06,47.24,19.96,21.40,0.2743,1,1
349,497,642.42,213.51,32.23,31.79,0.6592,1,1
349,500,1004.03,671.12,40.99,39.06,0.6557,1,1
349,502,31.33,782.72,81.83,74.70,0.3452,1,1
350,1,1004.10,28.03,46.83,41.56,0.9130,1,1
350,2,434.60,429.54,82.67,89.39,0.8538,1,1
350,3,441.19,115.02,56.69,46.12,0.8636,1,1
350,4,1078.59,350.93,96.63,86.20,0.8930,1,1
350,11,694.98,196.96,81.79,66.64,0.8349,1,1
350,13,316.86,214.01,56.87,42.56,0.7830,1,1
350,16,1457.02,0.01,36.10,31.80,0.7627,1,1
350,17,626.28,100.11,23.69,35.76,0.5397,1,1
350,188,633.97,845.32,149.64,121.48,0.8483,1,1
350,190,903.24,137.41,60.98,65.36,0.7935,1,1
350,247,591.75,64.47,57.69,47.40,0.8223,1,1
350,308,326.83,253.05,41.35,35.50,0.7894,1,1
350,365,840.56,740.25,112.94,107.52,0.6614,1,1
350,366,404.49,313.21,26.51,32.67,0.6879,1,1
350,388,967.36,55.16,20.55,16.96,0.6026,1,1
350,409,1122.32,540.59,51.26,46.21,0.4058,1,1
350,419,235.31,951.17,36.51,49.92,0.5397,1,1
350,453,452.70,148.32,41.37,43.42,0.8214,1,1
350,455,910.26,920.11,62.31,47.98,0.6381,1,1
350,466,930.61,0.05,20.28,18.15,0.3029,1,1
350,477,344.79,367.13,40.38,25.20,0.8951,1,1
350,480,483.10,340.27,28.89,29.66,0.3635,1,1
350,482,173.62,527.82,21.31,31.99,0.7102,1,1
350,491,52.11,866.50,68.96,60.86,0.6582,1,1
350,496,969.16,47.42,20.17,21.82,0.2671,1,1
350,497,647.03,216.49,28.41,29.10,0.6403,1,1
350,500,1013.66,676.93,44.29,41.86,0.3838,1,1
350,502,38.02,773.81,88.53,81.27,0.5504,1,1
351,1,1004.34,26.78,47.37,42.52,0.9119,1,1
351,2,434.79,429.83,83.12,89.23,0.8504,1,1
351,3,441.01,115.16,56.15,45.99,0.8540,1,1
351,4,1079.06,352.84,97.63,86.53,0.8940,1,1
351,11,696.71,196.26,81.79,66.67,0.7455,1,1
351,13,315.84,213.60,55.70,41.79,0.7911,1,1
351,16,1456.67,0.01,36.77,32.37,0.7752,1,1
351,188,632.27,845.04,149.47,121.44,0.8538,1,1
351,190,903.22,136.93,61.69,65.76,0.7918,1,1
351,247,593.13,63.55,56.09,45.56,0.7932,1,1
351,308,325.30,252.23,42.06,36.26,0.7806,1,1
351,365,841.51,745.95,112.15,108.26,0.7993,1,1
351,366,407.08,311.10,24.09,29.48,0.6392,1,1
351,379,63.55,338.83,52.02,66.52,0.3086,1,1
351,388,968.70,56.17,19.22,16.29,0.6869,1,1
351,409,1125.54,541.14,49.63,43.90,0.5153,1,1
351,419,242.90,945.65,36.96,50.03,0.8064,1,1
351,453,451.55,148.80,41.28,43.50,0.8196,1,1
351,455,912.52,922.93,58.06,46.04,0.7390,1,1
351,466,930.35,0.05,19.85,17.80,0.2954,1,1
351,468,19.59,595.87,21.96,31.97,0.2508,1,1
351,477,344.70,362.42,41.15,26.82,0.8699,1,1
351,482,173.63,526.62,21.53,33.20,0.7595,1,1
351,491,58.76,864.83,69.14,58.86,0.7031,1,1
351,497,647.83,217.55,25.30,25.83,0.6291,1,1
352,1,1004.40,26.78,47.23,42.55,0.9121,1,1
352,2,434.71,429.83,83.45,89.29,0.8479,1,1
352,3,441.14,115.15,55.89,45.87,0.8542,1,1
352,4,1078.93,352.85,97.89,86.54,0.8940,1,1
352,11,696.83,196.22,81.77,66.65,0.7467,1,1
352,13,315.90,213.77,55.42,41.58,0.7854,1,1
352,16,1456.64,-0.00,36.82,32.39,0.7752,1,1
352,188,632.35,845.01,149.22,121.13,0.8537,1,1
352,190,903.12,136.90,61.92,65.76,0.7909,1,1
352,247,592.97,63.53,56.41,45.48,0.7933,1,1
352,308,325.26,252.18,42.01,36.32,0.7774,1,1
352,365,841.88,746.12,111.46,108.32,0.7994,1,1
352,366,407.32,310.88,23.91,29.10,0.6413,1,1
352,379,63.84,338.50,51.76,66.55,0.3049,1,1
352,388,968.91,56.23,18.86,16.24,0.6872,1,1
352,409,1125.82,541.17,49.66,43.57,0.5211,1,1
352,419,243.01,945.49,37.18,50.05,0.8049,1,1
352,428,481.64,340.45,29.89,30.86,0.2561,1,1
352,453,451.56,148.82,41.19,43.53,0.8199,1,1
352,455,913.06,923.03,57.03,45.97,0.7461,1,1
352,466,930.26,0.00,19.66,17.65,0.2962,1,1
352,468,19.60,595.80,21.85,32.02,0.2714,1,1
352,477,345.19,362.35,40.19,26.84,0.8700,1,1
352,482,173.79,526.65,21.20,33.16,0.7584,1,1
352,491,58.39,864.75,70.59,58.73,0.7037,1,1
352,497,647.79,217.56,25.01,25.47,0.6297,1,1
352,504,55.34,838.88,82.75,77.23,0.7013,1,1
353,1,1003.23,25.66,47.97,43.52,0.9096,1,1
353,2,434.91,430.36,83.50,88.85,0.8405,1,1
353,3,439.76,114.62,55.43,45.40,0.8408,1,1
353,4,1079.87,352.72,98.15,87.70,0.8924,1,1
353,11,697.24,195.95,83.03,67.54,0.7107,1,1
353,13,313.38,211.67,57.03,44.54,0.8103,1,1
353,16,1456.29,-0.00,36.40,32.07,0.7657,1,1
353,83,76.83,400.80,37.70,35.27,0.2935,1,1
353,188,631.33,843.01,148.92,121.13,0.8625,1,1
353,190,903.38,136.57,61.82,65.85,0.7894,1,1
353,247,594.39,62.59,56.60,46.72,0.8166,1,1
353,308,324.69,252.16,41.23,36.23,0.8161,1,1
353,365,844.90,748.83,108.82,104.37,0.7947,1,1
353,366,408.10,310.80,23.08,27.72,0.2943,1,1
353,379,63.71,337.24,52.33,67.69,0.3850,1,1
353,388,969.15,55.31,19.38,17.10,0.6636,1,1
353,419,253.56,943.49,35.28,46.30,0.7875,1,1
353,428,480.38,344.77,33.23,33.45,0.6873,1,1
353,453,450.41,150.59,40.27,42.62,0.8263,1,1
353,455,917.76,923.39,54.00,46.84,0.8152,1,1
353,466,930.42,-0.01,19.61,17.57,0.3202,1,1
353,477,339.15,355.42,43.09,28.65,0.8273,1,1
353,482,173.52,525.86,21.22,34.05,0.6947,1,1
353,504,62.83,845.94,79.40,73.88,0.5938,1,1
353,505,1101.33,719.69,46.75,32.54,0.2589,1,1
354,1,1003.77,28.43,46.70,40.99,0.9036,1,1
354,2,434.97,430.50,83.72,88.94,0.8353,1,1
354,3,439.05,115.04,55.78,45.03,0.8513,1,1
354,4,1080.92,354.13,97.98,87.22,0.8901,1,1
354,11,697.56,195.55,83.73,67.80,0.7094,1,1
354,13,313.30,211.95,54.98,43.53,0.8158,1,1
354,16,1455.93,0.01,35.92,31.76,0.7398,1,1
354,83,76.54,397.69,38.36,37.38,0.4127,1,1
354,188,628.10,843.00,148.77,121.37,0.8500,1,1
354,190,903.19,136.12,62.16,67.05,0.7851,1,1
354,247,597.76,62.40,54.78,46.20,0.8399,1,1
354,308,323.90,251.55,41.35,37.20,0.8018,1,1
354,365,848.16,752.87,108.53,103.65,0.8238,1,1
354,366,410.15,308.33,24.83,28.38,0.6140,1,1
354,379,63.81,335.81,52.58,68.54,0.4903,1,1
354,388,969.26,54.48,20.53,18.55,0.6367,1,1
354,409,1140.16,543.60,41.22,39.33,0.7221,1,1
354,419,262.12,938.20,36.59,46.76,0.5764,1,1
354,428,477.93,346.46,34.51,35.59,0.6396,1,1
354,453,449.86,150.74,40.17,43.21,0.8426,1,1
354,455,920.45,924.74,50.42,45.10,0.8533,1,1
354,466,930.06,0.03,19.53,17.34,0.2886,1,1
354,468,19.95,596.39,21.11,30.94,0.2887,1,1
354,477,338.41,352.69,41.25,28.50,0.8216,1,1
354,482,173.55,526.52,20.49,33.63,0.6433,1,1
354,504,69.48,842.72,79.43,73.83,0.2609,1,1
354,505,1109.22,721.97,50.04,33.68,0.3834,1,1
355,1,1003.74,28.38,47.00,40.99,0.9041,1,1
355,2,434.64,430.48,84.03,89.33,0.8517,1,1
355,3,438.12,114.84,56.69,45.29,0.8663,1,1
355,4,1080.94,354.65,97.75,86.62,0.8903,1,1
355,11,699.92,196.52,82.69,66.54,0.6326,1,1
355,13,312.71,210.77,55.07,44.50,0.8062,1,1
355,16,1455.80,0.00,35.72,31.73,0.7404,1,1
355,188,626.07,841.60,148.80,121.30,0.8701,1,1
355,190,903.19,136.03,61.51,67.21,0.7838,1,1
355,247,600.53,61.79,55.02,46.27,0.8371,1,1
355,308,322.18,251.92,40.91,37.07,0.8098,1,1
355,365,850.47,757.14,109.15,105.08,0.8921,1,1
355,366,412.10,308.02,26.44,27.52,0.6227,1,1
355,379,64.11,335.60,51.95,68.12,0.3273,1,1
355,388,969.27,54.71,20.10,18.51,0.5984,1,1
355,409,1137.79,541.38,43.71,41.84,0.6569,1,1
355,428,478.07,345.26,32.75,33.75,0.3482,1,1
355,453,449.34,152.79,39.31,41.81,0.8529,1,1
355,455,921.40,925.86,50.55,44.62,0.8606,1,1
355,466,930.05,0.03,19.48,17.21,0.2591,1,1
355,468,19.97,596.44,21.01,30.79,0.2552,1,1
355,477,338.27,346.94,40.03,29.11,0.8000,1,1
355,482,173.04,525.39,20.83,34.93,0.5008,1,1
355,496,969.96,47.44,20.84,22.95,0.2923,1,1
355,504,79.70,841.04,75.36,69.63,0.5731,1,1
356,1,1003.66,28.22,47.16,40.93,0.9016,1,1
356,2,434.82,430.18,83.76,88.92,0.8138,1,1
356,3,437.08,114.87,57.30,45.52,0.8658,1,1
356,4,1080.53,354.13,98.58,88.24,0.8906,1,1
356,11,700.74,196.27,82.36,65.79,0.7018,1,1
356,13,310.67,208.11,56.11,46.74,0.8190,1,1
356,16,1455.87,-0.00,34.99,31.44,0.7254,1,1
356,188,623.16,840.13,150.79,122.72,0.8746,1,1
356,190,902.98,136.25,60.80,67.27,0.7492,1,1
356,247,602.90,60.95,55.41,46.53,0.8333,1,1
356,308,320.66,249.84,42.25,38.82,0.8085,1,1
356,365,853.20,761.28,108.95,107.26,0.8802,1,1
356,366,413.52,305.89,29.44,26.22,0.7127,1,1
356,379,64.59,334.77,51.16,67.34,0.3358,1,1
356,383,966.22,64.41,21.95,19.10,0.3372,1,1
356,409,1137.22,540.90,44.83,43.03,0.7224,1,1
356,419,278.54,928.79,38.96,49.87,0.5264,1,1
356,453,448.60,153.83,39.17,40.82,0.8347,1,1
356,455,919.24,927.13,50.65,44.61,0.2631,1,1
356,466,929.52,0.01,19.65,17.25,0.2671,1,1
356,468,20.11,596.88,20.98,30.69,0.3015,1,1
356,477,336.06,343.57,37.80,29.65,0.8293,1,1
356,482,173.47,524.61,20.58,35.58,0.6184,1,1
356,504,92.11,841.92,74.15,65.89,0.6473,1,1
356,510,1107.72,571.07,45.44,44.95,0.8513,1,1
356,511,629.02,98.85,28.11,36.11,0.5045,1,1
356,513,651.16,205.02,28.99,20.43,0.7403,1,1
357,1,1003.68,28.05,47.24,41.01,0.9067,1,1
357,2,434.53,430.00,84.12,89.40,0.8180,1,1
357,3,437.39,114.97,56.25,44.64,0.8562,1,1
357,4,1080.51,353.36,98.20,88.34,0.8906,1,1
357,11,700.75,195.95,82.59,65.08,0.7749,1,1
357,13,309.84,206.41,55.61,47.26,0.8193,1,1
357,16,1455.81,0.01,35.03,31.59,0.6966,1,1
357,188,621.52,840.29,150.39,121.59,0.8821,1,1
357,190,903.06,135.39,60.85,68.38,0.7439,1,1
357,247,606.10,59.93,56.01,46.72,0.8231,1,1
357,308,320.06,249.19,41.72,38.48,0.8193,1,1
357,365,854.34,765.21,106.40,108.10,0.8545,1,1
357,366,412.69,305.80,32.07,26.66,0.7030,1,1
357,379,64.64,334.35,50.63,66.66,0.4094,1,1
357,409,1137.63,541.08,44.21,42.14,0.7988,1,1
357,419,285.18,922.48,41.74,52.88,0.8653,1,1
357,453,447.91,154.78,39.46,40.70,0.8002,1,1
357,468,19.90,596.03,21.58,31.67,0.3467,1,1
357,477,332.88,338.98,37.26,31.62,0.8220,1,1
357,482,173.88,524.17,20.56,36.08,0.5631,1,1
357,504,99.14,841.30,73.09,64.38,0.6281,1,1
357,510,1111.35,581.09,43.47,46.60,0.8571,1,1
357,511,628.37,97.54,29.94,37.77,0.5184,1,1
357,513,653.90,200.83,32.11,22.52,0.7522,1,1
357,514,637.59,79.11,25.34,36.44,0.5820,1,1
358,1,1003.68,28.05,47.23,41.01,0.9068,1,1
358,2,434.53,429.97,84.08,89.45,0.8160,1,1
358,3,437.32,115.07,56.26,44.49,0.8575,1,1
358,4,1080.58,353.33,98.05,88.38,0.8905,1,1
358,11,700.46,195.92,83.18,65.08,0.7742,1,1
358,13,310.17,206.43,54.95,47.20,0.8187,1,1
358,16,1455.84,-0.01,34.95,31.61,0.6968,1,1
358,188,621.36,840.27,150.85,121.54,0.8817,1,1
358,190,903.40,135.33,60.19,68.37,0.7457,1,1
358,247,606.07,59.87,56.27,46.76,0.8232,1,1
358,308,320.07,249.15,41.64,38.48,0.8184,1,1
358,365,855.27,765.26,104.49,108.11,0.8545,1,1
358,366,411.97,305.79,33.56,26.70,0.7034,1,1
358,379,64.62,334.24,50.48,66.49,0.4004,1,1
358,409,1137.54,541.07,44.36,42.15,0.7987,1,1
358,419,285.26,922.38,41.89,52.93,0.8658,1,1
358,453,447.75,154.84,39.69,40.66,0.8007,1,1
358,468,19.84,595.77,21.74,31.95,0.3305,1,1
358,477,333.62,338.83,35.58,31.69,0.8220,1,1
358,482,174.03,524.10,20.34,36.14,0.5592,1,1
358,504,99.37,841.05,73.64,64.42,0.6423,1,1
358,510,1112.29,581.24,41.70,46.64,0.8571,1,1
358,511,627.95,97.37,30.68,38.02,0.5191,1,1
358,513,653.93,200.64,32.36,22.62,0.7517,1,1
358,514,637.24,78.93,25.82,37.09,0.5823,1,1
358,517,932.72,102.35,27.59,26.49,0.6883,1,1
359,1,1003.12,28.20,47.25,40.69,0.9027,1,1
359,2,433.94,429.71,84.58,89.92,0.7908,1,1
359,3,437.61,115.26,54.85,43.22,0.8619,1,1
359,4,1079.84,352.46,97.85,88.23,0.8942,1,1
359,11,701.29,196.29,82.78,63.78,0.7684,1,1
359,13,310.29,205.20,53.97,46.39,0.8026,1,1
359,16,1455.58,0.01,34.69,31.36,0.7056,1,1
359,83,75.72,395.14,38.81,38.89,0.2915,1,1
359,188,618.23,839.81,151.97,122.08,0.8840,1,1
359,190,903.60,134.83,60.17,68.60,0.7897,1,1
359,247,609.51,57.67,55.66,46.39,0.7974,1,1
359,308,319.61,246.44,42.01,39.45,0.8334,1,1
359,365,858.54,767.32,104.27,108.10,0.8617,1,1
359,366,412.07,305.92,34.70,26.78,0.7334,1,1
359,379,64.56,334.27,50.58,66.70,0.5064,1,1
359,409,1136.25,540.17,45.23,43.23,0.6616,1,1
359,419,295.29,920.33,41.10,51.32,0.7254,1,1
359,453,446.68,156.27,39.44,39.60,0.7731,1,1
359,455,918.88,930.25,51.89,44.68,0.4548,1,1
359,468,19.31,594.74,22.63,33.54,0.3744,1,1
359,477,332.64,335.25,31.86,28.87,0.8158,1,1
359,482,175.32,522.79,20.65,36.95,0.7161,1,1
359,496,971.32,46.43,18.54,20.03,0.3721,1,1
359,504,108.77,839.32,75.04,64.12,0.7847,1,1
359,510,1116.88,588.71,40.36,44.78,0.8081,1,1
359,511,631.07,95.63,31.43,38.49,0.5350,1,1
359,514,636.87,83.19,25.79,36.13,0.5359,1,1
359,518,104.75,817.06,84.16,84.94,0.3548,1,1
360,1,1002.38,28.05,47.66,40.98,0.8939,1,1
360,2,433.59,429.97,84.56,89.44,0.8240,1,1
360,3,436.92,115.11,55.33,43.62,0.8680,1,1
360,4,1079.64,352.69,96.76,86.80,0.8940,1,1
360,11,700.60,195.35,84.96,65.12,0.8624,1,1
360,13,310.81,204.20,52.22,43.53,0.8010,1,1
360,16,1455.70,-0.00,34.28,31.00,0.7163,1,1
360,17,638.23,82.36,29.49,39.97,0.6286,1,1
360,83,75.96,394.83,38.17,39.07,0.3268,1,1
360,188,617.57,839.54,151.07,121.90,0.8846,1,1
360,190,903.26,134.57,61.31,70.32,0.7826,1,1
360,247,612.92,56.53,56.09,46.65,0.8306,1,1
360,308,317.71,242.38,43.56,42.61,0.8277,1,1
360,365,862.26,771.21,103.48,106.30,0.8399,1,1
360,366,411.39,305.34,37.47,28.75,0.7523,1,1
360,379,64.72,334.28,50.46,66.56,0.5353,1,1
360,409,1136.65,540.85,45.70,43.87,0.4469,1,1
360,419,305.54,916.24,39.13,45.77,0.8202,1,1
360,428,470.90,347.47,36.63,37.91,0.8105,1,1
360,433,1117.94,594.51,44.57,41.91,0.8191,1,1
360,453,446.03,157.45,38.69,38.15,0.7194,1,1
360,455,919.96,930.77,51.80,44.28,0.5223,1,1
360,468,19.65,594.27,22.80,33.99,0.3704,1,1
360,477,327.96,327.39,36.46,34.03,0.6249,1,1
360,482,177.52,523.27,21.02,36.09,0.7245,1,1
360,496,972.37,46.38,17.70,18.57,0.3481,1,1
360,502,112.59,750.63,83.47,75.59,0.5358,1,1
360,511,633.48,94.33,31.30,38.04,0.3852,1,1
360,514,636.59,86.83,27.93,38.55,0.2821,1,1
360,518,116.56,816.18,82.50,83.41,0.6643,1,1
361,1,1000.09,29.22,49.17,40.06,0.8777,1,1
361,2,433.17,429.30,83.34,87.81,0.7700,1,1
361,3,436.84,115.99,55.28,43.12,0.8714,1,1
361,4,1079.41,351.98,95.11,86.11,0.8880,1,1
361,11,700.53,194.70,86.55,66.76,0.8627,1,1
361,13,308.62,204.15,50.31,41.81,0.6206,1,1
361,16,1455.71,-0.00,33.54,30.47,0.7259,1,1
361,17,642.57,80.02,29.68,40.59,0.6746,1,1
361,83,76.01,393.81,37.44,38.94,0.6948,1,1
361,188,615.45,838.91,150.14,120.63,0.8901,1,1
361,190,904.91,135.48,60.33,67.76,0.8209,1,1
361,247,616.48,54.98,54.61,44.98,0.6641,1,1
361,308,318.49,240.39,42.82,44.32,0.8247,1,1
361,365,865.72,774.95,102.44,103.09,0.8290,1,1
361,366,415.70,307.34,35.95,27.95,0.5517,1,1
361,379,63.77,333.55,51.78,68.77,0.4616,1,1
361,428,466.55,346.75,36.33,36.44,0.8042,1,1
361,453,443.15,157.17,39.96,39.23,0.5354,1,1
361,477,324.32,328.08,33.71,31.84,0.6755,1,1
361,482,179.19,524.75,21.22,35.39,0.7355,1,1
361,496,972.59,45.52,16.13,16.33,0.2943,1,1
361,518,132.15,827.97,71.60,71.19,0.3189,1,1
361,520,71.44,570.40,31.34,41.84,0.7613,1,1
361,521,281.48,354.83,34.02,31.60,0.4411,1,1
362,1,1000.02,29.26,49.73,40.16,0.8833,1,1
362,2,432.93,429.08,83.65,88.28,0.8143,1,1
362,3,436.28,116.05,56.06,43.74,0.8645,1,1
362,4,1079.51,350.34,95.48,87.08,0.8900,1,1
362,11,702.02,194.81,85.61,66.44,0.8416,1,1
362,13,309.28,204.36,49.57,41.06,0.2982,1,1
362,16,1456.99,-0.00,32.55,29.12,0.6929,1,1
362,17,644.30,79.77,30.10,41.51,0.6741,1,1
362,83,76.89,394.97,36.41,37.86,0.6300,1,1
362,188,612.38,837.39,150.70,122.04,0.8837,1,1
362,190,904.22,135.01,62.45,70.06,0.8287,1,1
362,247,619.34,54.34,54.29,44.45,0.7455,1,1
362,308,318.08,241.08,41.54,43.58,0.8135,1,1
362,365,868.01,778.49,103.47,100.70,0.8377,1,1
362,366,416.94,308.09,33.55,26.44,0.5159,1,1
362,379,63.71,333.43,52.15,69.64,0.4671,1,1
362,428,465.08,344.48,36.72,36.88,0.8524,1,1
362,453,444.73,160.86,38.06,36.84,0.5584,1,1
362,477,321.40,323.47,34.70,33.27,0.4430,1,1
362,482,180.70,525.55,21.06,33.81,0.6547,1,1
362,496,976.14,43.04,20.84,21.79,0.3165,1,1
362,520,71.42,562.95,26.17,34.39,0.5228,1,1
362,521,280.46,353.60,33.77,32.51,0.6644,1,1
363,1,1001.92,28.98,48.64,41.04,0.8925,1,1
363,2,432.77,429.37,83.43,87.96,0.8344,1,1
363,3,436.21,116.65,56.06,43.48,0.8575,1,1
363,4,1080.73,349.94,96.34,87.33,0.8891,1,1
363,11,701.68,193.95,85.88,67.30,0.8633,1,1
363,16,1455.74,0.00,34.02,30.05,0.7357,1,1
363,17,647.93,78.37,28.26,40.55,0.7118,1,1
363,83,77.15,395.92,35.96,37.01,0.7335,1,1
363,188,610.24,836.95,149.08,120.64,0.8929,1,1
363,190,903.58,134.99,63.12,70.83,0.8251,1,1
363,247,623.94,53.38,50.87,41.30,0.5444,1,1
363,308,319.45,241.21,39.75,42.70,0.8091,1,1
363,365,870.96,783.04,106.85,104.48,0.8520,1,1
363,366,417.38,308.68,34.30,27.72,0.5740,1,1
363,379,61.66,333.80,53.70,72.42,0.5733,1,1
363,419,329.96,898.04,39.08,44.74,0.6362,1,1
363,428,464.66,341.03,37.96,36.47,0.8690,1,1
363,453,443.76,161.63,38.50,36.32,0.6638,1,1
363,482,180.47,522.99,21.77,34.16,0.6342,1,1
363,491,153.52,823.86,77.49,64.93,0.4214,1,1
363,520,80.51,554.71,25.83,32.83,0.5322,1,1
363,521,278.27,351.98,34.02,35.37,0.7795,1,1
363,528,904.20,68.60,19.80,22.81,0.7949,1,1
364,1,1002.34,28.98,47.82,41.04,0.8928,1,1
364,2,432.73,429.37,83.49,88.01,0.8385,1,1
364,3,436.11,116.64,56.25,43.52,0.8574,1,1
364,4,1080.62,349.92,96.59,87.38,0.8889,1,1
364,11,701.87,193.94,85.51,67.28,0.8628,1,1
364,16,1455.54,-0.00,34.35,30.10,0.7357,1,1
364,17,648.51,78.27,27.50,40.43,0.7118,1,1
364,83,77.10,396.04,36.06,36.92,0.7345,1,1
364,188,610.15,836.94,149.12,120.67,0.8924,1,1
364,190,903.60,135.00,63.00,70.68,0.8243,1,1
364,247,624.45,53.32,50.62,40.72,0.5501,1,1
364,308,319.73,241.19,39.18,42.70,0.8069,1,1
364,365,871.14,783.14,106.66,104.54,0.8522,1,1
364,366,417.71,308.74,33.78,27.91,0.5746,1,1
364,379,61.58,333.85,53.58,72.79,0.5810,1,1
364,419,330.46,897.46,39.69,44.76,0.6268,1,1
364,428,464.32,340.98,38.63,36.48,0.8691,1,1
364,453,443.35,161.69,39.17,36.29,0.6643,1,1
364,482,180.24,522.69,22.21,34.21,0.6342,1,1
364,491,155.52,823.04,77.29,65.04,0.4235,1,1
364,520,81.04,553.90,26.53,32.69,0.5287,1,1
364,521,278.82,351.89,32.75,35.54,0.7799,1,1
364,528,903.92,68.56,19.97,22.72,0.7934,1,1
364,529,747.83,1006.19,37.64,40.17,0.2858,1,1
365,1,1001.58,29.67,47.83,40.32,0.8946,1,1
365,2,431.89,429.35,83.78,87.97,0.8365,1,1
365,3,436.52,117.40,56.42,43.68,0.8778,1,1
365,4,1082.89,349.76,96.80,86.42,0.8887,1,1
365,11,702.34,194.24,85.02,67.93,0.8774,1,1
365,16,1455.69,0.01,33.65,29.33,0.6970,1,1
365,17,651.32,77.57,28.13,41.70,0.6871,1,1
365,83,76.19,394.26,37.32,38.51,0.7643,1,1
365,188,607.95,836.13,148.04,120.94,0.8983,1,1
365,190,903.88,134.81,62.09,70.19,0.8121,1,1
365,247,627.13,52.90,50.82,40.67,0.3438,1,1
365,308,319.59,239.55,39.77,43.91,0.7942,1,1
365,365,875.42,787.49,105.49,105.68,0.8642,1,1
365,366,415.23,309.38,33.31,27.06,0.5083,1,1
365,379,61.88,333.65,53.31,72.75,0.5272,1,1
365,419,336.94,893.00,38.73,43.49,0.2986,1,1
365,428,463.18,337.57,41.21,38.69,0.8385,1,1
365,453,444.11,164.23,37.69,34.19,0.6088,1,1
365,482,183.10,522.79,22.51,31.94,0.7334,1,1
365,520,78.65,545.54,26.81,30.85,0.5560,1,1
365,521,277.78,349.36,32.06,35.62,0.8013,1,1
365,528,900.13,70.78,19.59,22.25,0.4166,1,1
365,531,625.75,53.34,53.86,41.52,0.7151,1,1
366,1,1000.53,29.85,48.81,40.38,0.8982,1,1
366,2,431.52,429.08,84.01,88.20,0.7890,1,1
366,3,436.37,118.08,56.95,44.42,0.8858,1,1
366,4,1083.18,350.23,98.47,86.09,0.8995,1,1
366,11,702.58,193.90,84.86,68.23,0.8788,1,1
366,16,1454.89,0.01,34.51,29.62,0.6784,1,1
366,17,653.88,77.05,28.15,41.81,0.6038,1,1
366,83,76.15,394.07,37.12,38.26,0.7689,1,1
366,188,606.49,835.37,146.73,120.59,0.8924,1,1
366,190,904.50,134.66,61.38,69.00,0.8181,1,1
366,247,630.28,51.82,51.14,39.65,0.6257,1,1
366,308,319.53,236.58,39.78,44.97,0.8019,1,1
366,365,881.45,792.67,101.17,100.96,0.8327,1,1
366,366,414.00,309.61,32.46,25.94,0.3724,1,1
366,379,62.61,333.37,53.19,72.54,0.5714,1,1
366,419,342.82,889.40,39.65,42.77,0.7983,1,1
366,428,464.16,331.66,38.84,37.31,0.7784,1,1
366,453,443.76,166.73,37.23,33.14,0.5867,1,1
366,482,183.33,520.80,24.63,32.19,0.8151,1,1
366,520,81.32,541.58,26.35,29.58,0.3353,1,1
366,521,276.26,346.52,32.08,35.72,0.4910,1,1
366,528,896.82,73.96,19.57,21.87,0.5145,1,1
366,531,629.55,51.66,51.13,39.17,0.2768,1,1
367,1,998.27,29.00,50.23,42.12,0.8979,1,1
367,2,431.23,428.36,84.30,88.47,0.7902,1,1
367,3,436.47,118.80,56.24,43.83,0.8955,1,1
367,4,1085.02,350.56,98.80,84.74,0.9081,1,1
367,11,703.01,193.16,84.28,69.10,0.8879,1,1
367,16,1454.17,-0.00,34.94,29.55,0.6573,1,1
367,17,656.31,74.98,28.09,42.35,0.5964,1,1
367,83,76.82,396.13,35.76,36.58,0.7596,1,1
367,188,605.65,835.23,145.35,120.59,0.8828,1,1
367,190,904.40,134.73,62.02,69.45,0.8237,1,1
367,247,632.00,49.23,50.65,38.89,0.3966,1,1
367,308,320.16,235.94,38.80,43.81,0.7302,1,1
367,365,884.15,796.06,104.11,105.21,0.8589,1,1
367,366,414.44,310.14,31.91,25.18,0.3507,1,1
367,379,62.64,333.38,53.84,73.39,0.6491,1,1
367,419,347.01,883.47,39.13,45.07,0.8443,1,1
367,428,464.36,329.17,34.45,32.86,0.7498,1,1
367,453,442.99,166.45,37.66,32.70,0.6556,1,1
367,482,184.13,518.79,27.22,33.15,0.8259,1,1
367,520,85.99,536.27,30.96,28.32,0.7639,1,1
367,531,632.63,49.89,51.55,39.05,0.5915,1,1
368,1,998.34,29.89,49.96,41.65,0.8979,1,1
368,2,430.74,428.64,84.11,88.02,0.8184,1,1
368,3,436.41,118.88,56.23,44.06,0.8976,1,1
368,4,1086.25,350.97,100.04,83.08,0.9008,1,1
368,11,703.56,192.42,83.81,70.14,0.8702,1,1
368,16,1454.31,0.01,34.61,28.87,0.6352,1,1
368,17,656.69,72.06,29.52,44.79,0.6860,1,1
368,83,76.90,396.19,35.83,36.67,0.7436,1,1
368,188,602.88,832.50,145.95,123.56,0.8724,1,1
368,190,904.65,134.82,62.48,69.46,0.8229,1,1
368,247,634.57,49.39,51.57,39.09,0.6092,1,1
368,308,319.06,232.45,41.72,47.89,0.7397,1,1
368,365,890.32,804.98,100.08,97.84,0.7969,1,1
368,366,415.91,311.49,35.20,27.64,0.3436,1,1
368,379,64.97,333.25,51.98,70.73,0.6031,1,1
368,419,349.73,879.96,37.20,45.71,0.8367,1,1
368,428,469.12,329.64,34.05,31.50,0.7807,1,1
368,453,441.91,164.94,39.30,33.56,0.7147,1,1
368,482,185.07,517.69,27.09,30.90,0.8162,1,1
368,520,89.80,527.85,33.24,26.92,0.7778,1,1
368,521,269.13,339.67,31.15,35.01,0.6560,1,1
368,531,634.48,48.97,51.02,38.23,0.5442,1,1
369,1,995.85,29.12,52.04,43.13,0.8998,1,1
369,2,430.62,428.53,84.39,88.16,0.8125,1,1
369,3,436.23,118.99,56.32,43.69,0.8975,1,1
369,4,1088.34,351.13,100.44,82.72,0.8972,1,1
369,11,704.90,191.83,83.59,70.97,0.8885,1,1
369,16,1454.88,-0.02,34.97,29.08,0.6302,1,1
369,17,658.53,69.47,29.08,45.56,0.8042,1,1
369,83,76.77,395.79,36.05,36.64,0.6933,1,1
369,188,602.92,832.90,143.26,121.54,0.8770,1,1
369,190,904.70,134.99,62.69,69.24,0.8207,1,1
369,247,636.72,49.06,50.69,37.80,0.7151,1,1
369,308,316.56,229.03,45.54,53.34,0.5742,1,1
369,365,893.69,807.93,101.99,93.30,0.8612,1,1
369,366,421.05,315.59,35.40,28.61,0.5543,1,1
369,379,65.11,333.79,52.15,70.80,0.5276,1,1
369,419,351.04,876.54,37.86,47.25,0.5331,1,1
369,428,466.20,329.56,34.29,30.78,0.7850,1,1
369,453,441.07,164.98,40.04,33.86,0.7120,1,1
369,482,184.34,513.50,26.36,29.60,0.7275,1,1
369,520,92.58,524.91,33.85,24.85,0.7893,1,1
369,521,266.16,333.88,32.92,37.96,0.6926,1,1
369,531,636.41,48.87,49.98,37.33,0.3375,1,1
369,534,707.35,125.53,22.69,22.04,0.6479,1,1
370,1,995.76,29.11,52.15,43.13,0.8995,1,1
370,2,430.64,428.67,84.31,87.90,0.8197,1,1
370,3,436.15,119.05,56.44,43.59,0.8978,1,1
370,4,1088.17,351.13,100.79,82.75,0.8973,1,1
370,11,705.15,191.82,83.13,70.95,0.8878,1,1
370,16,1454.90,-0.01,35.05,29.07,0.6285,1,1
370,17,658.74,69.41,28.72,45.62,0.8048,1,1
370,83,76.67,395.80,36.23,36.61,0.6936,1,1
370,188,602.93,832.90,143.12,121.49,0.8770,1,1
370,190,904.58,135.01,62.92,69.21,0.8206,1,1
370,247,636.64,49.15,51.01,37.69,0.7149,1,1
370,308,316.58,228.59,45.25,54.06,0.5695,1,1
370,365,892.43,807.97,104.67,93.24,0.8615,1,1
370,366,422.06,316.18,34.75,28.70,0.5545,1,1
370,379,65.12,333.90,52.22,70.79,0.5271,1,1
370,419,351.33,876.03,37.41,47.55,0.5299,1,1
370,428,465.76,329.57,34.89,30.74,0.7873,1,1
370,453,440.92,164.96,40.31,33.90,0.7015,1,1
370,482,184.15,512.96,26.76,29.64,0.7320,1,1
370,520,91.84,524.89,35.49,24.76,0.7892,1,1
370,521,266.16,333.40,32.56,38.20,0.6917,1,1
370,531,636.68,49.04,49.79,37.05,0.3520,1,1
370,534,706.92,125.50,23.82,22.13,0.6475,1,1
370,536,1217.64,966.57,67.73,47.08,0.7638,1,1
371,1,992.88,29.07,54.13,42.84,0.8895,1,1
371,2,430.25,428.20,84.33,88.01,0.8141,1,1
371,3,435.71,119.15,56.47,43.54,0.8981,1,1
371,4,1089.28,352.40,100.13,80.66,0.8967,1,1
371,11,706.26,190.58,82.75,72.05,0.8869,1,1
371,16,1455.56,-0.02,34.98,29.08,0.6487,1,1
371,17,660.15,69.55,28.23,44.52,0.8051,1,1
371,83,77.28,396.53,36.13,36.40,0.6442,1,1
371,188,600.98,832.38,143.81,121.76,0.8825,1,1
371,190,906.07,135.90,60.80,65.96,0.8156,1,1
371,247,638.15,49.37,51.32,37.57,0.6799,1,1
371,308,316.72,227.32,45.76,55.41,0.4090,1,1
371,365,894.49,806.31,105.49,93.99,0.6376,1,1
371,366,421.84,316.90,35.01,29.02,0.5764,1,1
371,379,66.08,334.45,51.65,69.33,0.5070,1,1
371,428,467.20,329.71,32.64,28.42,0.7165,1,1
371,453,440.47,165.12,40.21,33.72,0.6611,1,1
371,482,182.30,508.55,29.00,33.35,0.7112,1,1
371,502,228.13,709.99,85.25,74.58,0.3242,1,1
371,520,94.73,520.76,36.78,25.22,0.4211,1,1
371,521,263.27,329.39,32.34,37.81,0.7592,1,1
371,534,708.69,124.17,25.23,22.02,0.6518,1,1
371,536,1220.41,969.05,71.23,47.37,0.7998,1,1
372,1,991.56,30.26,54.70,41.66,0.8885,1,1
372,2,430.23,426.48,84.94,89.21,0.7700,1,1
372,3,435.42,119.20,56.52,43.32,0.8947,1,1
372,4,1091.48,353.27,99.22,80.16,0.8959,1,1
372,11,708.85,190.04,81.23,71.71,0.8919,1,1
372,16,1455.81,-0.03,34.82,29.02,0.6388,1,1
372,17,662.68,70.83,28.34,43.90,0.7733,1,1
372,83,77.41,397.88,35.68,35.74,0.3095,1,1
372,188,599.47,831.69,144.65,122.54,0.8836,1,1
372,190,906.22,135.85,60.70,64.91,0.8194,1,1
372,247,639.67,49.11,52.02,38.14,0.2651,1,1
372,308,319.76,225.69,42.66,53.83,0.7385,1,1
372,365,895.15,803.32,102.48,90.31,0.8178,1,1
372,366,423.76,319.14,33.25,27.60,0.6944,1,1
372,379,66.44,335.00,52.04,69.50,0.2664,1,1
372,428,465.21,329.65,32.10,27.90,0.5335,1,1
372,453,439.61,164.72,40.51,34.08,0.6097,1,1
372,482,180.46,502.18,27.54,31.21,0.5799,1,1
372,521,260.36,322.89,33.67,39.28,0.7571,1,1
372,531,640.50,47.99,53.25,39.82,0.5977,1,1
372,534,710.02,126.37,26.04,20.38,0.6843,1,1
372,536,1218.63,965.96,76.31,50.58,0.5993,1,1
373,1,991.51,31.26,54.71,40.67,0.8931,1,1
373,2,430.56,426.06,84.66,89.06,0.7803,1,1
373,3,434.89,119.19,56.52,42.87,0.8932,1,1
373,4,1092.54,353.76,98.54,78.84,0.8913,1,1
373,11,711.06,190.27,80.14,69.63,0.8940,1,1
373,16,1456.13,-0.03,35.60,30.22,0.6072,1,1
373,17,664.90,70.61,29.46,44.98,0.7672,1,1
373,83,76.74,397.28,36.76,36.28,0.5469,1,1
373,188,598.09,830.97,145.12,122.36,0.8806,1,1
373,190,906.03,135.81,61.31,65.17,0.8200,1,1
373,247,642.47,46.58,52.36,38.27,0.6072,1,1
373,308,320.92,225.02,41.51,53.58,0.8025,1,1
373,365,891.19,800.96,107.06,94.65,0.8584,1,1
373,366,427.33,321.09,30.60,26.23,0.7926,1,1
373,379,66.61,335.47,52.17,68.61,0.4608,1,1
373,428,467.20,329.91,32.38,28.40,0.5781,1,1
373,453,438.79,163.20,41.15,34.89,0.6073,1,1
373,482,179.15,497.60,28.01,31.25,0.7929,1,1
373,521,257.14,316.98,34.84,40.98,0.5552,1,1
373,534,711.37,127.29,27.70,20.27,0.5271,1,1
373,536,1207.65,958.28,81.05,53.81,0.2860,1,1
373,539,893.10,71.23,26.61,22.23,0.4732,1,1
373,540,535.28,294.46,26.99,33.50,0.7508,1,1
374,1,991.50,31.67,54.79,40.01,0.8870,1,1
374,2,431.70,425.96,84.79,88.98,0.7938,1,1
374,3,434.17,118.38,56.93,43.72,0.8941,1,1
374,4,1092.52,353.96,98.62,78.42,0.8927,1,1
374,11,712.52,190.03,79.77,69.41,0.8968,1,1
374,16,1456.83,-0.04,35.19,30.08,0.5801,1,1
374,17,666.07,69.82,30.34,45.36,0.7965,1,1
374,83,75.91,396.47,37.62,36.91,0.3429,1,1
374,188,597.35,831.30,145.39,121.34,0.8887,1,1
374,190,905.81,135.74,61.68,65.75,0.8180,1,1
374,247,642.59,45.47,55.19,40.87,0.6076,1,1
374,308,322.31,224.99,40.16,51.39,0.7961,1,1
374,365,890.42,797.28,106.76,94.42,0.8409,1,1
374,366,425.36,320.59,33.22,29.10,0.7610,1,1
374,428,466.02,329.41,33.30,28.92,0.6415,1,1
374,453,438.70,163.31,40.50,34.55,0.6199,1,1
374,482,177.05,491.75,29.24,32.46,0.7906,1,1
374,521,255.93,314.16,33.35,39.10,0.4572,1,1
374,534,712.26,128.06,33.51,24.02,0.3619,1,1
374,536,1194.84,947.88,84.05,61.03,0.6886,1,1
374,540,533.34,294.64,27.74,36.09,0.6899,1,1
375,1,991.48,31.35,55.34,40.07,0.8853,1,1
375,2,431.80,423.76,86.16,93.04,0.8432,1,1
375,3,433.49,118.11,57.22,43.35,0.8927,1,1
375,4,1091.94,354.00,98.65,77.92,0.8260,1,1
375,11,713.02,190.57,79.83,69.06,0.8904,1,1
375,16,1457.16,-0.04,34.94,30.29,0.5797,1,1
375,17,666.63,68.08,31.23,46.78,0.7954,1,1
375,83,75.03,396.78,37.96,36.83,0.3872,1,1
375,188,596.77,831.19,146.19,121.47,0.8888,1,1
375,190,905.58,135.66,62.34,66.82,0.8170,1,1
375,247,643.64,44.97,54.38,40.42,0.5951,1,1
375,308,323.45,226.15,38.80,47.79,0.8141,1,1
375,365,886.15,788.27,112.41,103.38,0.8407,1,1
375,366,423.61,321.96,35.07,29.89,0.7275,1,1
375,379,64.46,335.96,53.69,69.32,0.3082,1,1
375,428,467.29,329.14,31.99,27.74,0.6359,1,1
375,453,437.63,162.62,42.28,36.33,0.5712,1,1
375,482,176.44,488.01,29.75,33.07,0.7822,1,1
375,521,254.24,307.35,33.52,41.66,0.7312,1,1
375,534,718.32,133.00,33.79,22.83,0.5866,1,1
375,540,531.61,299.84,31.38,42.47,0.6086,1,1
375,544,313.87,209.13,50.11,39.14,0.2521,1,1
375,545,84.64,1005.05,26.22,36.67,0.7008,1,1
376,1,991.31,31.27,55.58,40.15,0.8863,1,1
376,2,432.34,423.72,85.09,93.07,0.8444,1,1
376,3,433.22,118.13,57.67,43.52,0.8933,1,1
376,4,1091.70,353.96,99.11,77.92,0.8135,1,1
376,11,712.92,190.53,80.07,69.12,0.8901,1,1
376,16,1457.33,0.01,34.59,30.33,0.5793,1,1
376,17,666.62,68.00,31.25,46.85,0.7962,1,1
376,83,74.42,396.17,38.80,37.38,0.3377,1,1
376,188,596.48,831.39,146.48,121.18,0.8896,1,1
376,190,905.66,135.68,62.22,66.88,0.8177,1,1
376,247,643.74,44.97,54.24,40.45,0.5972,1,1
376,308,323.15,226.21,39.45,47.65,0.8156,1,1
376,365,887.21,788.01,110.23,103.62,0.8403,1,1
376,366,423.15,322.12,35.81,29.94,0.7297,1,1
376,379,63.84,336.16,54.30,69.00,0.2749,1,1
376,428,467.29,329.04,32.06,27.79,0.6292,1,1
376,453,437.66,162.64,42.27,36.52,0.5662,1,1
376,482,176.45,487.91,29.73,33.05,0.7817,1,1
376,521,254.64,306.98,32.49,41.80,0.7292,1,1
376,534,718.27,133.55,35.15,22.78,0.5859,1,1
376,540,531.91,300.55,30.79,43.26,0.6065,1,1
376,544,314.08,209.20,50.40,39.66,0.2536,1,1
376,545,84.69,1004.96,26.90,36.85,0.7003,1,1
376,546,288.12,685.79,91.03,86.47,0.6972,1,1
377,1,991.76,31.12,55.45,40.17,0.8934,1,1
377,2,433.29,423.61,84.40,94.85,0.8484,1,1
377,3,432.74,117.89,58.11,43.75,0.8915,1,1
377,4,1090.47,353.54,101.50,80.06,0.5976,1,1
377,11,712.66,189.90,80.68,70.05,0.8768,1,1
377,16,1457.33,-0.02,34.29,30.39,0.6154,1,1
377,17,667.40,68.97,30.66,45.93,0.7848,1,1
377,188,595.60,831.42,147.15,121.39,0.8925,1,1
377,190,905.41,135.59,62.27,67.15,0.8180,1,1
377,247,644.56,44.77,53.68,39.99,0.5081,1,1
377,308,324.48,224.07,37.27,43.77,0.7813,1,1
377,365,886.06,782.79,108.16,102.06,0.8491,1,1
377,366,427.84,324.82,35.49,30.02,0.7487,1,1
377,379,63.73,336.26,54.39,67.46,0.3387,1,1
377,409,1127.96,541.68,48.62,45.64,0.2550,1,1
377,428,468.41,329.21,31.04,27.04,0.4677,1,1
377,453,437.73,163.39,41.70,36.13,0.5575,1,1
377,482,177.14,483.84,29.84,33.88,0.8127,1,1
377,521,253.88,307.72,28.85,37.14,0.5001,1,1
377,534,725.50,135.69,35.03,21.41,0.6256,1,1
377,540,532.77,306.39,28.06,39.62,0.3959,1,1
377,545,91.20,1004.16,27.43,38.04,0.6769,1,1
377,546,300.45,682.63,88.03,87.36,0.7835,1,1
378,1,992.28,31.03,55.42,40.19,0.8932,1,1
378,2,433.54,423.28,84.75,97.35,0.7998,1,1
378,3,432.65,117.92,58.21,43.69,0.8921,1,1
378,4,1091.25,353.90,98.76,79.30,0.8155,1,1
378,11,712.06,189.14,80.57,70.00,0.8772,1,1
378,16,1457.24,-0.01,34.10,30.31,0.6470,1,1
378,17,668.29,69.79,30.59,46.24,0.7619,1,1
378,83,74.45,396.41,38.17,35.98,0.3248,1,1
378,188,595.10,831.30,147.77,121.91,0.8938,1,1
378,190,905.26,135.55,61.90,66.99,0.8222,1,1
378,247,645.50,44.94,53.44,39.77,0.5491,1,1
378,308,324.98,223.70,37.16,43.12,0.8108,1,1
378,365,881.97,776.04,106.86,102.87,0.8776,1,1
378,366,430.60,328.45,33.08,27.50,0.7406,1,1
378,379,62.62,336.28,56.79,67.69,0.5402,1,1
378,409,1127.44,541.41,51.14,46.64,0.5206,1,1
378,428,468.79,328.89,31.18,27.31,0.3955,1,1
378,453,437.17,162.65,42.41,37.12,0.6129,1,1
378,482,177.22,479.96,30.47,34.36,0.8191,1,1
378,521,252.00,305.51,28.03,36.32,0.3342,1,1
378,534,730.41,139.55,39.43,23.97,0.5540,1,1
378,545,95.15,998.27,29.15,39.11,0.6720,1,1
378,546,310.45,672.09,87.88,95.84,0.8484,1,1
379,1,992.75,30.77,55.21,40.58,0.8938,1,1
379,2,433.87,420.17,85.41,100.57,0.7742,1,1
379,3,433.03,116.81,58.13,44.33,0.8897,1,1
379,4,1091.13,354.48,95.57,76.97,0.8312,1,1
379,11,712.09,189.29,81.14,70.87,0.8614,1,1
379,16,1456.95,-0.00,34.41,30.40,0.6610,1,1
379,17,669.69,69.56,30.15,46.27,0.7347,1,1
379,83,73.57,394.97,39.50,36.89,0.2843,1,1
379,188,594.80,832.21,147.74,121.27,0.8931,1,1
379,190,905.20,135.61,61.24,66.11,0.8161,1,1
379,247,646.75,44.95,52.24,38.55,0.5883,1,1
379,308,324.66,219.23,38.38,44.39,0.7951,1,1
379,365,876.31,768.63,109.77,106.92,0.7738,1,1
379,366,430.26,330.08,34.83,29.61,0.7142,1,1
379,379,61.13,336.81,58.83,67.32,0.6213,1,1
379,409,1127.75,542.97,51.66,46.07,0.5299,1,1
379,433,1097.42,604.42,45.47,43.34,0.4786,1,1
379,453,437.16,160.77,43.44,38.53,0.5621,1,1
379,482,178.79,478.51,30.46,33.20,0.8397,1,1
379,513,722.23,150.23,34.88,24.58,0.3464,1,1
379,546,322.22,670.57,82.37,91.31,0.8208,1,1
379,550,133.16,511.42,44.53,26.16,0.2884,1,1
379,551,1089.79,353.66,97.12,78.67,0.8098,1,1
380,1,992.92,30.39,55.20,40.76,0.9026,1,1
380,2,434.00,419.53,84.71,100.90,0.6587,1,1
380,3,435.00,116.63,56.39,42.98,0.8908,1,1
380,4,1090.62,355.14,95.23,76.92,0.8863,1,1
380,11,712.49,189.50,79.43,68.41,0.8802,1,1
380,16,1457.71,0.00,34.89,30.50,0.6639,1,1
380,17,670.34,70.42,29.86,46.24,0.7213,1,1
380,83,72.93,395.74,39.71,36.68,0.2930,1,1
380,188,593.97,832.47,149.63,124.18,0.8940,1,1
380,190,904.79,135.60,61.95,67.37,0.8166,1,1
380,247,647.33,44.86,52.45,38.54,0.5018,1,1
380,308,323.44,216.73,40.12,46.41,0.7936,1,1
380,365,871.36,763.97,110.49,107.24,0.6722,1,1
380,366,424.97,330.32,39.63,34.59,0.7368,1,1
380,379,60.53,337.23,60.16,66.30,0.6654,1,1
380,409,1127.90,544.55,52.45,45.78,0.4857,1,1
380,433,1096.49,603.25,45.79,41.07,0.5402,1,1
380,453,437.89,160.30,43.00,38.48,0.5700,1,1
380,482,179.30,475.39,31.08,33.41,0.7516,1,1
380,534,739.23,146.80,35.12,21.51,0.4793,1,1
380,546,334.30,660.78,81.87,89.79,0.8803,1,1
380,550,134.09,511.60,44.79,26.17,0.4158,1,1
381,1,993.13,29.25,55.65,42.06,0.8985,1,1
381,2,435.02,420.60,82.54,99.92,0.7297,1,1
381,3,435.34,116.80,56.89,43.09,0.8864,1,1
381,4,1088.18,355.57,94.62,77.10,0.8794,1,1
381,11,712.22,190.12,80.23,68.96,0.8813,1,1
381,16,1457.66,0.00,35.01,30.36,0.6507,1,1
381,17,671.56,71.07,29.36,45.85,0.7225,1,1
381,83,72.82,396.21,39.90,36.46,0.3562,1,1
381,188,594.74,832.54,150.12,125.89,0.8870,1,1
381,190,904.80,135.60,61.32,67.13,0.8103,1,1
381,247,649.04,44.89,51.86,37.83,0.5378,1,1
381,308,322.29,214.65,42.68,49.63,0.5330,1,1
381,365,865.12,757.00,111.81,106.88,0.8272,1,1
381,366,424.30,331.28,41.48,36.46,0.7569,1,1
381,379,59.98,337.41,61.83,65.85,0.7027,1,1
381,409,1128.70,546.03,51.85,44.54,0.3577,1,1
381,433,1093.83,604.28,47.53,39.10,0.7585,1,1
381,453,437.72,158.35,42.82,38.65,0.5298,1,1
381,455,924.13,937.39,54.53,46.96,0.4444,1,1
381,482,178.68,472.09,32.88,34.88,0.8168,1,1
381,546,345.38,650.33,82.56,90.36,0.7989,1,1
381,550,135.59,511.63,44.97,25.93,0.5308,1,1
382,1,993.38,29.24,55.15,42.07,0.8985,1,1
382,2,435.51,420.67,81.52,99.85,0.7340,1,1
382,3,435.28,116.88,57.04,43.05,0.8869,1,1
382,4,1088.30,355.57,94.27,77.10,0.8792,1,1
382,11,712.18,190.13,80.32,68.98,0.8813,1,1
382,16,1457.56,0.01,35.19,30.35,0.6510,1,1
382,17,671.71,71.13,29.17,45.81,0.7226,1,1
382,83,72.58,396.15,40.32,36.52,0.3678,1,1
382,188,595.19,832.67,149.38,125.75,0.8868,1,1
382,190,904.92,135.61,61.05,67.10,0.8099,1,1
382,247,649.15,44.92,52.03,37.72,0.5392,1,1
382,308,322.17,214.36,42.92,50.19,0.5317,1,1
382,365,864.57,756.81,112.59,106.89,0.8263,1,1
382,366,424.34,331.33,41.41,36.57,0.7568,1,1
382,379,59.42,337.42,62.95,65.66,0.7081,1,1
382,409,1128.67,546.43,52.15,44.20,0.3545,1,1
382,433,1093.26,604.34,48.51,39.00,0.7566,1,1
382,453,437.80,158.03,42.56,38.71,0.5294,1,1
382,455,924.25,937.45,54.40,46.98,0.4554,1,1
382,482,178.53,471.99,33.17,34.93,0.8165,1,1
382,546,345.70,649.96,82.71,90.39,0.7977,1,1
382,550,135.54,511.65,45.45,25.91,0.5311,1,1
382,558,1094.62,422.27,60.35,45.82,0.5539,1,1
383,1,995.49,30.02,53.10,40.94,0.9060,1,1
383,2,435.98,420.83,80.43,100.01,0.8021,1,1
383,3,436.45,116.65,56.33,42.79,0.8883,1,1
383,4,1087.33,358.46,93.03,75.23,0.8950,1,1
383,11,711.52,189.52,80.40,69.04,0.8872,1,1
383,16,1457.71,-0.00,35.25,30.37,0.6584,1,1
383,17,673.01,71.37,29.06,45.84,0.7319,1,1
383,83,72.42,395.80,40.69,36.47,0.3654,1,1
383,188,596.32,832.64,148.64,125.97,0.8801,1,1
383,190,903.54,134.74,63.08,70.22,0.8071,1,1
383,247,649.51,45.28,54.46,39.89,0.6624,1,1
383,308,321.83,213.77,42.87,50.81,0.7211,1,1
383,365,860.43,750.48,111.98,105.82,0.8425,1,1
383,366,425.68,335.95,40.67,35.59,0.7701,1,1
383,379,58.55,337.41,64.05,65.18,0.7734,1,1
383,409,1128.64,547.17,52.42,44.05,0.3300,1,1
383,433,1093.13,605.37,50.45,39.36,0.7300,1,1
383,453,441.07,160.98,39.87,35.67,0.5979,1,1
383,455,922.35,936.67,55.55,47.93,0.8886,1,1
383,482,179.29,471.54,32.39,34.55,0.8225,1,1
383,546,356.83,642.70,79.97,83.95,0.7996,1,1
383,550,135.17,511.12,46.60,26.03,0.6610,1,1
383,558,1085.79,418.25,70.97,54.28,0.6733,1,1
383,559,479.79,316.46,25.67,25.21,0.2727,1,1
383,560,718.96,157.98,33.60,24.30,0.3284,1,1
384,1,995.21,29.92,53.21,41.16,0.9027,1,1
384,2,436.52,420.63,80.36,100.54,0.7683,1,1
384,3,437.94,116.28,55.26,42.68,0.8814,1,1
384,4,1086.22,360.22,92.63,74.97,0.8978,1,1
384,11,711.80,189.76,80.35,69.82,0.8833,1,1
384,16,1457.82,0.00,35.31,30.29,0.6416,1,1
384,17,674.71,71.11,29.64,46.31,0.7212,1,1
384,83,71.73,395.04,41.80,37.21,0.3430,1,1
384,188,596.99,832.60,149.63,130.31,0.8783,1,1
384,190,904.15,134.95,62.62,69.78,0.8110,1,1
384,247,650.79,45.13,56.62,42.27,0.7084,1,1
384,308,321.67,213.72,41.89,49.80,0.7764,1,1
384,365,853.39,744.00,113.99,109.17,0.8612,1,1
384,366,426.50,340.43,40.97,36.69,0.7940,1,1
384,379,58.48,337.15,64.24,64.17,0.7465,1,1
384,409,1128.05,548.12,52.63,44.01,0.3103,1,1
384,433,1092.47,607.10,54.50,41.14,0.8799,1,1
384,453,439.95,158.92,42.32,38.33,0.5217,1,1
384,455,920.20,935.47,58.38,48.07,0.8920,1,1
384,482,179.24,470.91,32.35,36.00,0.8132,1,1
384,546,365.44,629.29,79.48,82.64,0.7472,1,1
384,550,133.28,511.13,50.96,28.56,0.7376,1,1
384,558,1084.06,418.41,72.01,56.01,0.6867,1,1
384,559,478.21,315.41,26.73,25.49,0.5451,1,1
384,560,725.84,155.75,36.48,25.38,0.3823,1,1
385,1,995.31,29.72,53.13,41.11,0.9042,1,1
385,2,436.84,420.70,80.25,101.01,0.7800,1,1
385,3,438.53,115.63,54.41,42.12,0.8705,1,1
385,4,1083.56,363.01,92.74,75.47,0.8893,1,1
385,11,711.48,190.63,80.27,69.30,0.8782,1,1
385,16,1457.84,0.01,35.43,30.29,0.6406,1,1
385,17,675.66,71.22,30.11,46.13,0.7176,1,1
385,83,71.40,394.73,42.27,37.48,0.3309,1,1
385,188,599.56,833.47,147.17,128.70,0.8622,1,1
385,190,904.29,134.92,63.04,70.30,0.8091,1,1
385,247,653.09,45.73,55.58,41.71,0.7135,1,1
385,308,321.56,215.79,41.46,48.85,0.7056,1,1
385,365,849.12,739.95,113.40,107.76,0.7994,1,1
385,366,428.01,345.03,40.08,36.63,0.8258,1,1
385,379,58.41,337.20,64.12,63.12,0.7027,1,1
385,409,1126.61,548.49,53.80,45.10,0.2665,1,1
385,433,1094.85,612.42,55.62,41.45,0.6886,1,1
385,453,443.49,158.53,39.71,35.73,0.5683,1,1
385,455,918.64,932.43,61.08,49.57,0.8827,1,1
385,482,179.80,470.71,31.11,35.82,0.8171,1,1
385,502,370.28,621.88,87.76,75.22,0.8138,1,1
385,550,136.20,511.86,51.00,28.62,0.6569,1,1
385,558,1082.26,420.63,73.35,58.29,0.6948,1,1
385,559,473.62,314.51,29.90,24.96,0.6745,1,1
385,560,718.64,154.72,39.49,27.24,0.7458,1,1
386,1,995.26,28.78,53.32,41.95,0.9100,1,1
386,2,437.38,420.01,79.98,101.83,0.8042,1,1
386,3,438.56,114.94,54.26,42.04,0.8651,1,1
386,4,1082.36,367.43,92.63,76.52,0.8746,1,1
386,11,709.67,190.17,81.52,69.78,0.8891,1,1
386,16,1458.04,-0.00,35.04,30.03,0.6146,1,1
386,17,676.53,71.52,30.34,45.95,0.7027,1,1
386,83,71.38,394.64,42.64,37.78,0.3562,1,1
386,188,599.82,833.12,147.66,129.72,0.8583,1,1
386,190,904.30,134.99,62.60,70.25,0.8091,1,1
386,247,655.07,45.74,54.15,40.76,0.7293,1,1
386,308,321.89,218.27,40.64,47.65,0.8322,1,1
386,365,843.57,733.16,114.66,108.14,0.7171,1,1
386,366,430.35,348.70,38.56,35.59,0.8069,1,1
386,379,57.28,337.12,65.35,63.48,0.7451,1,1
386,433,1094.01,617.54,53.99,39.75,0.3776,1,1
386,453,443.69,157.00,40.73,36.79,0.7118,1,1
386,455,921.43,928.74,57.83,46.82,0.8749,1,1
386,482,179.93,470.51,30.77,36.16,0.7907,1,1
386,502,371.14,601.03,98.67,88.04,0.7379,1,1
386,517,896.76,76.28,20.77,19.86,0.4858,1,1
386,550,142.89,511.50,50.34,29.03,0.8074,1,1
386,558,1082.71,427.46,70.86,57.12,0.7527,1,1
386,559,468.44,313.85,34.73,25.65,0.7030,1,1
386,563,894.60,71.71,24.85,20.18,0.3834,1,1
387,1,995.06,28.41,53.39,42.32,0.9108,1,1
387,2,437.20,419.14,80.05,102.81,0.7558,1,1
387,3,438.99,114.11,54.14,41.41,0.8554,1,1
387,4,1081.46,372.22,90.57,74.80,0.8856,1,1
387,11,709.53,189.47,81.51,69.57,0.8909,1,1
387,16,1458.17,0.01,34.55,29.60,0.5790,1,1
387,17,676.73,71.92,30.62,46.00,0.6993,1,1
387,83,71.84,395.24,42.05,37.24,0.4129,1,1
387,188,600.80,833.74,147.01,129.02,0.8515,1,1
387,190,904.86,135.01,61.66,69.59,0.8133,1,1
387,247,655.42,45.79,54.13,40.90,0.7030,1,1
387,308,320.76,218.96,41.48,48.78,0.7322,1,1
387,365,840.49,727.47,115.10,108.26,0.4307,1,1
387,366,430.40,348.90,39.52,36.35,0.8198,1,1
387,379,56.33,337.64,66.09,64.03,0.7746,1,1
387,453,443.53,156.73,40.65,36.62,0.7805,1,1
387,455,928.49,922.21,54.72,43.20,0.8917,1,1
387,482,180.44,470.85,30.03,35.66,0.7925,1,1
387,502,386.54,595.13,90.09,79.22,0.3407,1,1
387,517,897.03,75.39,21.22,20.57,0.4325,1,1
387,550,145.84,511.50,49.13,29.41,0.7558,1,1
387,558,1083.38,434.84,69.17,57.18,0.7764,1,1
387,559,466.94,314.07,37.82,25.20,0.7436,1,1
387,563,895.38,71.80,24.82,20.49,0.4475,1,1
388,1,995.13,28.41,53.26,42.32,0.9108,1,1
388,2,437.45,419.10,79.54,102.84,0.7601,1,1
388,3,438.83,114.09,54.51,41.42,0.8553,1,1
388,4,1081.45,372.29,90.56,74.77,0.8855,1,1
388,11,709.49,189.43,81.62,69.60,0.8903,1,1
388,16,1458.17,0.01,34.50,29.54,0.5788,1,1
388,17,676.66,71.95,30.80,46.00,0.6998,1,1
388,83,71.94,395.34,41.93,37.12,0.4126,1,1
388,188,600.90,833.86,146.95,128.87,0.8504,1,1
388,190,904.98,135.02,61.43,69.57,0.8132,1,1
388,247,655.51,45.86,53.94,40.84,0.7054,1,1
388,308,320.73,218.98,41.44,48.85,0.7354,1,1
388,365,839.78,726.33,115.49,108.27,0.4423,1,1
388,366,430.36,348.89,39.62,36.37,0.8198,1,1
388,379,56.20,337.64,66.26,64.08,0.7745,1,1
388,453,443.50,156.72,40.70,36.62,0.7806,1,1
388,455,928.31,922.15,55.19,43.16,0.8917,1,1
388,482,180.57,470.83,29.84,35.68,0.7939,1,1
388,502,390.14,594.08,87.98,76.17,0.3361,1,1
388,517,897.09,75.28,21.13,20.65,0.4328,1,1
388,550,146.45,511.51,47.91,29.44,0.7593,1,1
388,558,1083.90,435.20,68.16,57.17,0.7756,1,1
388,559,465.88,314.08,39.98,25.18,0.7433,1,1
388,563,895.70,71.82,24.43,20.53,0.4470,1,1
388,567,1008.49,847.70,40.87,55.43,0.8376,1,1
389,1,994.64,28.15,53.17,42.24,0.8965,1,1
389,2,437.40,417.96,79.56,104.13,0.7846,1,1
389,3,440.95,114.65,50.00,35.71,0.8363,1,1
389,4,1078.68,376.10,91.19,77.52,0.8736,1,1
389,11,709.28,189.86,81.57,68.13,0.8852,1,1
389,16,1458.24,0.01,34.48,29.52,0.5802,1,1
389,17,676.55,72.99,30.62,45.40,0.7071,1,1
389,83,71.85,395.42,41.94,37.13,0.3698,1,1
389,188,603.36,833.91,146.63,129.53,0.8616,1,1
389,190,905.32,135.12,61.30,69.80,0.8170,1,1
389,247,655.75,46.36,53.51,40.43,0.7131,1,1
389,308,320.91,222.21,40.84,48.58,0.7895,1,1
389,365,834.80,722.37,116.90,106.85,0.7016,1,1
389,366,431.80,351.97,37.09,34.45,0.7949,1,1
389,379,55.82,337.78,66.39,64.35,0.7626,1,1
389,453,442.17,153.26,43.22,40.38,0.8017,1,1
389,455,926.92,914.52,56.77,44.11,0.4556,1,1
389,482,181.05,471.16,28.88,34.75,0.8071,1,1
389,502,387.44,590.06,93.19,74.91,0.7695,1,1
389,550,148.27,511.40,47.52,29.51,0.6541,1,1
389,558,1086.57,444.21,59.61,47.45,0.7922,1,1
389,559,464.06,314.23,41.28,25.41,0.7022,1,1
389,563,896.40,71.75,23.16,19.55,0.4232,1,1
389,567,989.69,847.00,37.06,52.25,0.8271,1,1
389,570,832.56,722.62,119.28,108.40,0.4869,1,1
389,571,534.00,329.93,23.23,38.68,0.3405,1,1
390,1,995.08,28.20,52.14,41.71,0.8986,1,1
390,2,437.72,416.60,80.36,105.94,0.7715,1,1
390,3,440.41,114.68,50.76,35.32,0.8230,1,1
390,4,1077.25,382.42,89.92,76.69,0.8919,1,1
390,11,709.62,190.53,81.28,65.66,0.9021,1,1
390,16,1457.94,-0.01,34.55,29.52,0.5677,1,1
390,17,675.60,73.83,30.56,44.81,0.7321,1,1
390,83,72.15,395.67,41.55,36.76,0.5021,1,1
390,188,604.71,833.72,145.91,129.92,0.8641,1,1
390,190,905.78,135.42,61.02,69.56,0.8139,1,1
390,247,655.78,46.88,53.00,39.68,0.7419,1,1
390,308,319.81,222.45,41.94,50.59,0.7754,1,1
390,365,830.33,719.43,116.90,106.06,0.4803,1,1
390,366,432.53,352.78,36.83,34.87,0.7928,1,1
390,379,55.84,337.87,66.15,64.20,0.7838,1,1
390,453,442.38,153.01,43.48,41.82,0.7804,1,1
390,455,925.26,896.59,66.12,50.87,0.8739,1,1
390,482,181.38,471.31,29.13,35.49,0.8184,1,1
390,502,402.13,581.22,85.79,68.06,0.4618,1,1
390,550,147.85,511.75,47.15,29.32,0.5046,1,1
390,558,1080.02,447.62,67.17,54.10,0.7785,1,1
390,559,463.85,315.37,40.36,24.43,0.6587,1,1
390,563,897.44,71.60,22.69,19.26,0.2909,1,1
390,567,974.22,845.78,35.69,50.35,0.3494,1,1
390,570,827.70,719.79,119.16,107.80,0.6160,1,1
390,571,535.57,330.38,23.35,38.12,0.5393,1,1
391,1,992.56,27.86,54.13,42.11,0.9003,1,1
391,2,438.36,416.90,79.76,105.28,0.8132,1,1
391,3,440.79,114.75,50.12,34.13,0.8062,1,1
391,4,1073.51,387.81,92.11,79.57,0.8896,1,1
391,11,709.30,191.03,80.83,65.88,0.8895,1,1
391,16,1458.15,-0.00,34.70,29.49,0.5780,1,1
391,17,675.10,73.13,31.07,45.40,0.7224,1,1
391,83,72.15,395.63,41.55,36.70,0.5160,1,1
391,188,604.44,834.48,145.74,130.00,0.8541,1,1
391,190,906.79,134.96,60.99,69.29,0.8125,1,1
391,247,654.56,47.19,54.89,41.63,0.6899,1,1
391,308,319.69,223.40,41.57,50.20,0.7576,1,1
391,365,825.92,716.12,116.84,104.65,0.5268,1,1
391,366,430.89,352.17,38.41,36.94,0.8031,1,1
391,379,55.66,337.72,66.18,64.34,0.7770,1,1
391,453,442.98,154.30,42.43,41.28,0.7507,1,1
391,455,920.63,892.58,63.74,50.14,0.8012,1,1
391,482,181.83,471.47,30.11,37.37,0.7872,1,1
391,502,409.61,574.28,84.71,65.51,0.6005,1,1
391,550,149.33,512.16,46.99,29.82,0.5926,1,1
391,558,1081.37,458.53,62.85,50.30,0.7369,1,1
391,559,463.30,315.34,41.16,24.72,0.5979,1,1
391,567,962.25,848.27,33.76,47.68,0.3724,1,1
391,570,824.02,716.25,120.58,106.57,0.8306,1,1
391,571,536.45,330.90,24.47,38.79,0.6643,1,1
391,575,539.96,732.86,40.19,41.37,0.8834,1,1
392,1,992.23,27.46,54.27,42.11,0.9069,1,1
392,2,438.31,416.93,80.27,106.10,0.8171,1,1
392,3,441.73,114.31,49.36,32.10,0.8268,1,1
392,4,1068.86,394.77,92.74,81.98,0.8639,1,1
392,11,709.90,190.96,80.85,66.06,0.8965,1,1
392,16,1457.90,-0.00,34.94,29.56,0.5885,1,1
392,17,673.79,73.78,30.99,45.02,0.7289,1,1
392,83,72.07,395.40,41.73,36.68,0.4386,1,1
392,188,606.37,832.61,146.43,130.63,0.8659,1,1
392,190,906.65,134.77,60.55,69.11,0.8029,1,1
392,247,652.70,47.67,55.35,42.01,0.7411,1,1
392,308,319.15,223.50,41.79,51.08,0.8160,1,1
392,365,820.98,710.56,120.37,106.00,0.8177,1,1
392,366,431.20,353.34,37.53,36.02,0.8042,1,1
392,379,55.96,338.18,65.31,63.23,0.7611,1,1
392,409,1123.89,560.58,54.56,46.57,0.4094,1,1
392,453,442.30,148.57,43.85,44.09,0.7764,1,1
392,482,181.63,472.63,29.70,36.79,0.7428,1,1
392,502,411.40,567.45,91.69,70.40,0.3612,1,1
392,550,150.64,512.17,46.07,29.63,0.5493,1,1
392,558,1078.38,468.21,63.62,50.46,0.8125,1,1
392,559,462.59,315.12,42.13,25.34,0.3123,1,1
392,567,955.65,853.98,32.24,43.28,0.6154,1,1
392,570,819.87,710.19,120.78,106.42,0.5893,1,1
392,571,536.92,330.69,25.88,39.32,0.7453,1,1
392,578,921.62,-0.02,23.23,16.58,0.2960,1,1
393,1,992.78,27.77,53.42,40.96,0.9096,1,1
393,2,438.97,416.83,80.23,105.87,0.7644,1,1
393,3,441.23,114.41,50.82,32.33,0.8201,1,1
393,4,1065.48,404.66,91.97,81.05,0.8622,1,1
393,11,711.45,190.66,80.05,66.34,0.8793,1,1
393,16,1457.87,-0.02,35.00,29.48,0.5840,1,1
393,17,672.85,74.98,30.40,44.14,0.7617,1,1
393,188,608.79,832.59,146.43,130.79,0.8288,1,1
393,190,908.28,135.83,58.50,66.81,0.7889,1,1
393,247,652.14,48.44,53.86,41.08,0.7781,1,1
393,308,318.47,222.94,41.64,51.40,0.8061,1,1
393,365,817.39,705.96,121.91,107.54,0.7231,1,1
393,366,430.60,352.59,38.04,36.28,0.8032,1,1
393,379,55.82,337.49,64.80,62.08,0.7051,1,1
393,409,1123.23,559.29,55.89,48.98,0.5251,1,1
393,453,443.74,150.05,43.21,44.29,0.7235,1,1
393,482,182.83,474.45,28.73,35.76,0.8103,1,1
393,502,421.27,555.58,86.68,63.11,0.5697,1,1
393,550,153.86,511.76,45.93,29.94,0.2966,1,1
393,558,1078.68,477.71,63.89,51.47,0.6297,1,1
393,567,939.52,860.18,36.87,51.24,0.6051,1,1
393,570,816.40,705.11,122.40,107.80,0.6437,1,1
393,571,536.96,330.37,26.80,40.19,0.6376,1,1
393,578,921.47,-0.03,23.55,16.83,0.3346,1,1
394,1,992.68,27.78,53.63,40.96,0.9096,1,1
394,2,438.95,416.84,80.31,105.86,0.7647,1,1
394,3,440.90,114.43,51.48,32.34,0.8195,1,1
394,4,1065.33,404.83,92.11,81.05,0.8623,1,1
394,11,711.73,190.66,79.51,66.34,0.8788,1,1
394,16,1457.77,0.01,35.10,29.47,0.5830,1,1
394,17,672.78,75.02,30.40,44.12,0.7614,1,1
394,188,608.97,832.69,146.27,130.78,0.8277,1,1
394,190,908.34,135.88,58.40,66.73,0.7892,1,1
394,247,652.16,48.48,53.65,41.05,0.7775,1,1
394,308,318.57,222.94,41.38,51.39,0.8061,1,1
394,365,817.24,705.70,121.87,107.66,0.7221,1,1
394,366,430.51,352.56,38.19,36.29,0.8032,1,1
394,379,55.57,337.46,65.21,61.92,0.7050,1,1
394,409,1123.42,559.14,55.44,49.34,0.5247,1,1
394,453,444.13,150.18,42.57,44.29,0.7238,1,1
394,482,182.89,474.49,28.64,35.76,0.8102,1,1
394,502,420.93,554.22,88.95,62.21,0.5727,1,1
394,550,154.99,511.69,45.32,29.97,0.3006,1,1
394,558,1079.28,478.73,62.92,51.49,0.6286,1,1
394,567,938.54,860.69,36.16,51.70,0.6030,1,1
394,570,816.05,704.67,122.62,107.96,0.6443,1,1
394,571,536.80,330.35,27.15,40.29,0.6380,1,1
394,578,921.41,0.02,23.57,16.88,0.3348,1,1
394,580,970.70,53.96,18.33,21.62,0.3428,1,1
395,1,992.74,27.46,53.44,40.84,0.9027,1,1
395,2,439.61,416.61,80.68,105.59,0.7841,1,1
395,3,441.27,113.72,51.24,31.91,0.8263,1,1
395,4,1063.07,415.00,92.12,80.67,0.8647,1,1
395,11,712.09,190.78,79.30,66.34,0.8671,1,1
395,16,1458.01,-0.00,35.26,29.56,0.5942,1,1
395,17,669.93,75.67,30.50,43.70,0.7804,1,1
395,188,608.60,831.27,146.96,131.51,0.8403,1,1
395,190,907.97,135.71,59.68,69.32,0.7886,1,1
395,247,650.20,48.21,53.63,41.41,0.7515,1,1
395,308,318.66,225.05,41.34,51.32,0.7510,1,1
395,365,812.05,699.94,124.87,111.22,0.6953,1,1
395,366,431.10,353.98,37.24,34.87,0.7992,1,1
395,379,55.78,337.18,64.15,60.11,0.6534,1,1
395,409,1126.74,560.33,52.54,48.60,0.7869,1,1
395,453,444.98,148.49,42.32,44.87,0.7283,1,1
395,482,183.24,477.46,27.27,33.49,0.7920,1,1
395,502,426.89,550.21,91.15,63.10,0.3684,1,1
395,550,156.88,512.68,44.48,29.91,0.3830,1,1
395,558,1076.26,485.12,63.28,51.61,0.7617,1,1
395,567,926.02,859.59,42.31,59.93,0.8684,1,1
395,570,813.00,701.39,124.66,110.07,0.4659,1,1
395,571,537.54,330.19,27.11,40.39,0.4493,1,1
395,578,921.35,0.00,23.77,17.02,0.3272,1,1
395,584,931.22,855.22,43.78,63.77,0.5917,1,1
395,585,911.46,76.07,23.41,19.62,0.4387,1,1
396,1,992.64,27.34,53.64,40.68,0.9034,1,1
396,2,440.06,415.59,81.57,106.47,0.7886,1,1
396,3,442.19,113.52,50.76,31.57,0.8412,1,1
396,4,1058.36,426.57,93.19,81.95,0.8684,1,1
396,11,712.01,191.19,79.71,66.25,0.8919,1,1
396,16,1458.32,-0.00,35.13,29.49,0.5915,1,1
396,17,668.91,76.97,30.04,42.72,0.8038,1,1
396,188,611.39,832.09,146.29,130.78,0.8420,1,1
396,190,907.90,135.99,59.81,70.32,0.7897,1,1
396,247,648.56,49.08,53.78,42.41,0.7850,1,1
396,308,318.02,224.55,41.88,52.59,0.7981,1,1
396,365,808.89,697.93,124.76,111.14,0.3193,1,1
396,366,429.53,355.87,37.25,34.58,0.8253,1,1
396,379,56.14,336.49,63.12,57.66,0.6611,1,1
396,409,1128.47,559.75,52.42,50.63,0.8404,1,1
396,453,448.13,152.71,39.44,41.88,0.6683,1,1
396,482,182.42,477.54,27.25,32.57,0.7508,1,1
396,502,436.90,543.08,91.68,63.07,0.5932,1,1
396,550,157.06,513.62,43.95,30.26,0.4985,1,1
396,558,1073.49,500.53,60.89,49.73,0.5771,1,1
396,570,809.00,697.88,124.49,110.93,0.7130,1,1
396,571,537.95,330.46,26.79,40.10,0.3671,1,1
396,578,921.31,-0.01,23.90,17.12,0.3150,1,1
396,584,926.02,852.73,41.48,60.20,0.6601,1,1
396,585,912.49,78.25,21.98,18.55,0.3396,1,1
397,1,993.08,27.23,53.71,40.38,0.9010,1,1
397,2,440.52,415.53,82.47,107.89,0.7727,1,1
397,3,442.39,113.76,52.67,33.35,0.8191,1,1
397,4,1054.46,436.54,94.41,84.16,0.8419,1,1
397,11,712.51,191.36,80.90,66.43,0.8959,1,1
397,16,1458.57,-0.02,35.07,29.50,0.5756,1,1
397,17,668.02,74.93,30.94,44.69,0.8170,1,1
397,83,71.85,392.21,43.00,37.75,0.2892,1,1
397,188,614.20,833.18,144.23,129.17,0.8539,1,1
397,190,907.52,136.49,58.09,69.67,0.7897,1,1
397,247,648.33,49.85,52.90,42.75,0.7764,1,1
397,308,317.82,225.65,41.19,51.84,0.7581,1,1
397,365,805.08,696.38,126.23,112.44,0.3666,1,1
397,366,426.67,355.34,38.26,34.70,0.8468,1,1
397,379,55.35,336.20,64.48,57.84,0.6504,1,1
397,409,1130.12,560.66,50.81,49.44,0.8049,1,1
397,453,449.06,151.84,38.79,41.70,0.6940,1,1
397,482,184.05,479.37,26.44,29.93,0.7987,1,1
397,550,156.45,516.36,44.80,31.14,0.4359,1,1
397,558,1071.61,514.11,58.56,46.77,0.8103,1,1
397,570,806.62,695.68,124.01,110.48,0.5485,1,1
397,571,538.31,331.48,26.00,38.97,0.5470,1,1
397,578,921.96,-0.04,24.00,17.26,0.2646,1,1
397,584,919.91,851.79,41.18,57.52,0.6721,1,1
397,585,902.38,79.96,25.14,21.55,0.3739,1,1
398,1,993.69,27.10,53.31,40.08,0.8994,1,1
398,2,441.93,414.21,83.23,110.37,0.7341,1,1
398,3,443.74,113.36,52.46,33.69,0.7547,1,1
398,4,1051.83,447.86,96.44,86.46,0.8133,1,1
398,11,711.83,191.01,81.54,66.32,0.8925,1,1
398,16,1458.34,-0.02,35.22,29.72,0.5899,1,1
398,17,667.36,75.39,30.95,44.14,0.8082,1,1
398,83,71.77,391.28,43.33,38.05,0.3455,1,1
398,188,613.60,832.00,145.58,131.05,0.8415,1,1
398,190,907.41,135.36,61.55,73.65,0.7979,1,1
398,247,647.59,49.53,52.12,42.18,0.7258,1,1
398,308,317.47,226.28,40.55,50.56,0.7259,1,1
398,365,802.49,694.67,127.00,113.03,0.3937,1,1
398,366,426.17,357.45,36.75,33.26,0.8486,1,1
398,379,54.57,336.93,65.64,57.61,0.7059,1,1
398,409,1132.52,563.28,48.79,47.34,0.6285,1,1
398,453,450.37,153.71,37.93,40.71,0.6204,1,1
398,482,185.38,482.24,27.75,31.18,0.8385,1,1
398,502,455.68,526.58,89.61,61.68,0.3809,1,1
398,550,157.27,518.18,43.35,30.12,0.4170,1,1
398,558,1070.56,527.76,59.47,47.18,0.8097,1,1
398,570,804.08,693.32,124.93,111.26,0.2701,1,1
398,571,537.63,333.54,25.61,37.53,0.7350,1,1
398,584,914.21,847.03,42.21,58.72,0.2833,1,1
398,585,902.08,80.77,23.85,20.56,0.3465,1,1
399,1,993.57,26.06,55.29,40.14,0.8948,1,1
399,2,443.39,414.21,82.18,110.11,0.7303,1,1
399,3,445.29,113.25,53.84,35.09,0.6962,1,1
399,4,1050.13,456.38,97.01,88.01,0.8580,1,1
399,11,711.38,193.23,82.57,64.76,0.9052,1,1
399,16,1458.60,-0.03,35.00,29.66,0.5730,1,1
399,17,667.64,78.71,29.72,41.33,0.7781,1,1
399,83,71.83,390.68,43.50,38.19,0.3636,1,1
399,188,614.00,832.89,145.18,130.96,0.8321,1,1
399,190,909.23,136.33,60.85,71.86,0.8158,1,1
399,247,646.61,49.42,52.62,42.66,0.7175,1,1
399,308,316.82,227.34,40.22,49.79,0.5902,1,1
399,365,803.53,693.21,124.18,110.34,0.3741,1,1
399,366,427.15,360.27,35.17,31.81,0.8504,1,1
399,379,53.76,336.99,67.00,58.02,0.7123,1,1
399,409,1135.02,565.82,46.78,44.68,0.6666,1,1
399,453,451.82,153.82,37.73,40.38,0.5870,1,1
399,482,186.51,484.56,26.65,29.14,0.8464,1,1
399,502,466.96,519.25,89.85,60.03,0.7368,1,1
399,550,156.33,518.15,45.42,32.19,0.4156,1,1
399,558,1071.51,536.23,61.56,49.38,0.6925,1,1
399,570,802.91,692.37,125.04,111.33,0.5155,1,1
399,571,535.27,332.09,25.93,38.07,0.7296,1,1
399,584,911.29,850.08,38.20,52.19,0.6153,1,1
399,585,900.00,80.21,21.12,18.09,0.3417,1,1
399,591,95.29,732.20,104.20,96.04,0.8805,1,1
399,592,626.57,678.30,37.52,43.72,0.8168,1,1
399,593,481.09,315.95,36.51,22.53,0.5099,1,1
400,1,993.20,26.07,56.06,40.12,0.8949,1,1
400,2,443.74,414.25,81.48,110.01,0.7315,1,1
400,3,445.65,113.48,53.39,35.18,0.6735,1,1
400,4,1050.33,456.55,96.54,88.01,0.8580,1,1
400,11,710.93,193.27,83.63,64.82,0.9063,1,1
400,16,1458.65,0.02,34.89,29.66,0.5751,1,1
400,17,667.32,78.36,30.36,41.68,0.7782,1,1
400,83,71.77,390.63,43.55,38.24,0.3778,1,1
400,188,614.07,833.00,144.99,130.88,0.8310,1,1
400,190,909.06,136.30,61.21,71.80,0.8154,1,1
400,247,646.61,49.43,52.50,42.59,0.7095,1,1
400,308,316.55,227.48,40.46,49.75,0.5963,1,1
400,365,803.77,693.06,123.60,109.65,0.3710,1,1
400,366,427.18,360.36,35.17,31.78,0.8503,1,1
400,379,53.40,337.03,67.59,58.03,0.7158,1,1
400,409,1134.95,566.06,47.14,44.46,0.6619,1,1
400,453,451.94,153.93,37.88,40.40,0.5943,1,1
400,482,186.34,484.60,26.99,29.15,0.8457,1,1
400,502,467.02,518.87,90.86,59.96,0.7371,1,1
400,550,156.37,518.21,45.20,32.63,0.4300,1,1
400,558,1071.83,536.82,61.24,49.62,0.6944,1,1
400,570,802.73,692.31,125.03,111.30,0.5169,1,1
400,571,535.05,332.11,25.95,38.06,0.7399,1,1
400,584,910.79,850.41,38.29,51.62,0.6154,1,1
400,585,899.61,80.06,20.56,17.51,0.3442,1,1
400,591,94.00,732.19,107.18,95.96,0.8800,1,1
400,592,626.75,678.23,37.43,43.66,0.8177,1,1
400,593,481.26,316.06,36.63,22.46,0.5085,1,1
401,1,992.90,25.94,56.30,39.04,0.8939,1,1
401,2,444.40,411.22,83.15,113.81,0.6279,1,1
401,3,446.98,112.96,51.50,34.17,0.7694,1,1
401,4,1048.33,467.91,98.69,90.91,0.8563,1,1
401,11,710.06,194.66,83.42,63.95,0.8965,1,1
401,16,1458.79,-0.02,34.81,29.67,0.5747,1,1
401,17,667.06,77.66,31.03,42.80,0.7808,1,1
401,83,71.48,389.61,44.01,38.78,0.2905,1,1
401,188,614.47,833.96,144.75,129.90,0.8559,1,1
401,190,908.86,136.30,61.03,70.92,0.8176,1,1
401,247,646.22,49.75,52.69,42.97,0.7529,1,1
401,308,315.69,227.21,40.95,49.99,0.7039,1,1
401,365,800.50,690.92,125.18,112.78,0.6185,1,1
401,366,427.79,362.64,33.72,29.67,0.8564,1,1
401,379,53.17,337.46,67.64,57.64,0.7077,1,1
401,409,1135.28,566.27,46.74,44.25,0.5189,1,1
401,453,451.99,150.32,39.86,42.62,0.5540,1,1
401,482,184.25,483.20,30.43,27.24,0.8452,1,1
401,502,476.61,512.33,87.07,56.76,0.3936,1,1
401,550,159.19,516.93,40.22,28.69,0.4582,1,1
401,558,1069.17,550.62,60.43,49.16,0.5373,1,1
401,570,800.46,690.89,125.54,112.60,0.6077,1,1
401,571,535.34,332.93,25.62,36.94,0.7408,1,1
401,584,911.50,848.35,38.72,48.89,0.7695,1,1
401,591,107.18,728.93,107.29,97.60,0.8755,1,1
401,592,629.98,673.35,35.91,42.84,0.8852,1,1
401,593,482.75,315.65,39.86,24.45,0.6069,1,1
401,595,455.16,556.46,88.28,90.33,0.2995,1,1
401,598,700.45,153.70,27.50,26.49,0.8171,1,1
402,1,992.11,25.82,59.02,39.52,0.9051,1,1
402,2,446.09,412.86,77.80,105.55,0.6719,1,1
402,3,447.22,112.86,52.07,35.04,0.7401,1,1
402,4,1047.77,479.33,98.96,90.63,0.8628,1,1
402,11,709.70,194.45,84.13,64.49,0.8858,1,1
402,16,1457.39,-0.03,35.51,30.10,0.6076,1,1
402,17,664.86,73.83,33.48,47.18,0.7882,1,1
402,188,614.99,835.06,145.54,129.91,0.8635,1,1
402,190,908.53,136.58,60.99,70.35,0.8255,1,1
402,247,646.64,49.35,51.74,42.24,0.6720,1,1
402,308,315.83,228.08,41.64,50.39,0.7330,1,1
402,365,797.68,689.96,124.91,113.65,0.6390,1,1
402,366,427.24,362.95,34.53,31.21,0.8201,1,1
402,379,52.79,337.87,68.50,58.28,0.6521,1,1
402,409,1137.08,567.76,44.86,42.69,0.5692,1,1
402,453,453.88,148.99,39.32,41.88,0.5828,1,1
402,482,183.47,481.26,34.16,25.83,0.7953,1,1
402,502,485.43,502.62,90.09,58.14,0.6531,1,1
402,550,159.58,513.68,39.80,26.87,0.6867,1,1
402,558,1067.80,559.44,62.57,51.84,0.7289,1,1
402,570,798.24,689.28,125.62,114.13,0.6337,1,1
402,571,535.35,333.30,25.62,36.51,0.7867,1,1
402,584,912.74,848.58,36.42,44.29,0.5915,1,1
402,591,120.84,723.27,104.30,93.71,0.8615,1,1
402,592,631.39,671.32,34.32,41.10,0.8838,1,1
402,593,485.91,315.74,40.40,24.52,0.6340,1,1
402,598,695.90,153.07,26.72,24.11,0.7761,1,1
403,1,992.62,25.00,59.31,39.25,0.9006,1,1
403,2,446.31,412.90,78.36,106.41,0.4968,1,1
403,3,448.20,112.54,52.17,35.36,0.6938,1,1
403,4,1044.80,488.14,100.96,92.41,0.8570,1,1
403,11,709.30,195.00,84.15,63.30,0.8844,1,1
403,16,1457.18,-0.03,35.58,30.13,0.6029,1,1
403,17,664.14,74.22,33.34,47.11,0.7796,1,1
403,188,616.67,835.02,144.74,129.37,0.8262,1,1
403,190,907.80,136.85,61.58,71.10,0.8217,1,1
403,247,646.47,49.26,51.97,42.79,0.7366,1,1
403,308,316.79,230.31,41.42,50.10,0.7448,1,1
403,365,795.43,688.76,125.57,115.26,0.5011,1,1
403,366,427.83,363.45,34.29,30.26,0.8385,1,1
403,379,52.77,338.18,68.24,57.61,0.6865,1,1
403,409,1138.01,568.55,44.44,42.65,0.5264,1,1
403,453,455.86,151.33,38.12,40.09,0.5878,1,1
403,482,179.49,481.20,32.64,23.66,0.4926,1,1
403,502,489.39,492.99,91.58,59.67,0.7078,1,1
403,550,157.55,511.95,41.63,27.36,0.8359,1,1
403,558,1069.67,568.69,60.44,50.07,0.3764,1,1
403,563,898.71,64.69,21.55,18.90,0.3281,1,1
403,570,796.73,687.97,125.37,116.23,0.6708,1,1
403,571,536.33,334.79,25.77,35.39,0.7500,1,1
403,584,910.53,840.04,39.43,47.01,0.5334,1,1
403,591,134.27,715.35,105.22,93.43,0.8423,1,1
403,592,631.34,669.70,35.36,42.30,0.8176,1,1
403,593,487.25,315.54,41.29,25.84,0.6989,1,1
403,598,689.06,152.51,28.17,22.02,0.8343,1,1
403,599,577.16,633.29,39.16,46.31,0.3197,1,1
403,600,938.27,101.50,23.84,24.38,0.6217,1,1
404,1,993.22,25.15,58.80,38.08,0.8986,1,1
404,2,445.43,413.19,81.61,111.60,0.4906,1,1
404,3,448.85,112.66,51.86,35.38,0.6697,1,1
404,4,1045.66,498.33,100.89,94.17,0.8919,1,1
404,11,708.07,195.59,85.40,62.63,0.8926,1,1
404,16,1458.08,-0.02,35.20,29.92,0.6051,1,1
404,17,663.19,75.26,33.00,46.18,0.7532,1,1
404,83,71.10,387.76,45.57,40.30,0.3374,1,1
404,188,617.79,835.17,141.96,129.19,0.8678,1,1
404,190,907.69,137.27,61.95,70.83,0.8285,1,1
404,247,646.39,49.74,51.46,42.87,0.7537,1,1
404,308,317.22,230.07,41.15,49.98,0.7470,1,1
404,365,795.87,688.61,124.09,115.98,0.7400,1,1
404,366,427.27,363.49,34.31,29.52,0.8483,1,1
404,379,53.48,338.19,66.79,55.24,0.7198,1,1
404,453,456.04,150.38,38.38,40.04,0.5711,1,1
404,482,171.57,480.73,36.74,26.91,0.6726,1,1
404,550,152.76,510.09,44.09,28.82,0.6848,1,1
404,558,1069.78,581.90,58.98,49.82,0.6096,1,1
404,570,796.22,687.47,125.41,116.78,0.3567,1,1
404,571,537.55,332.42,27.19,37.42,0.6000,1,1
404,584,903.08,835.55,43.36,52.14,0.5208,1,1
404,591,146.31,708.30,106.72,94.62,0.8766,1,1
404,593,489.28,314.88,39.76,25.66,0.7144,1,1
404,598,689.11,148.05,29.90,22.68,0.7874,1,1
404,600,940.36,103.11,23.10,23.52,0.3067,1,1
404,602,726.44,247.80,35.95,42.63,0.3373,1,1
404,603,455.99,161.35,39.41,37.92,0.3135,1,1
404,604,205.06,764.42,45.91,62.50,0.4004,1,1
405,1,993.31,24.88,59.33,37.94,0.9008,1,1
405,2,444.01,411.33,84.76,117.64,0.3536,1,1
405,3,449.13,112.82,52.17,35.76,0.6626,1,1
405,4,1046.93,507.07,100.77,95.52,0.8361,1,1
405,11,708.62,195.73,86.06,61.41,0.8957,1,1
405,16,1458.29,-0.01,34.93,29.83,0.5937,1,1
405,17,662.85,78.25,31.97,43.32,0.7513,1,1
405,83,71.74,389.07,44.53,39.20,0.3962,1,1
405,188,619.06,835.17,140.04,129.54,0.8475,1,1
405,190,907.22,137.62,62.30,70.58,0.8170,1,1
405,247,646.18,50.05,51.14,42.95,0.7415,1,1
405,308,317.17,229.00,41.06,50.17,0.7774,1,1
405,365,795.93,688.68,123.69,115.85,0.7614,1,1
405,366,427.39,363.80,36.17,30.40,0.8383,1,1
405,379,52.19,338.30,69.39,57.36,0.7528,1,1
405,428,492.77,312.15,34.17,27.20,0.6248,1,1
405,453,455.41,148.65,40.44,42.18,0.5550,1,1
405,482,169.67,480.97,34.28,25.77,0.6122,1,1
405,550,150.49,507.25,44.19,28.58,0.7512,1,1
405,558,1070.70,592.50,58.10,49.38,0.4397,1,1
405,571,539.18,331.27,27.43,37.78,0.6696,1,1
405,584,905.62,833.04,41.25,49.65,0.3058,1,1
405,591,159.66,701.09,108.89,98.08,0.8724,1,1
405,592,632.35,666.31,36.75,44.24,0.3638,1,1
405,598,688.17,144.80,30.68,23.70,0.6308,1,1
405,600,942.17,106.17,20.84,20.45,0.4653,1,1
405,603,455.95,160.09,40.46,39.05,0.3743,1,1
406,1,993.12,24.84,59.67,37.97,0.9005,1,1
406,2,444.30,412.92,83.12,116.44,0.3498,1,1
406,3,449.27,112.94,51.99,35.74,0.6646,1,1
406,4,1047.38,507.30,99.76,95.54,0.8356,1,1
406,11,708.13,195.74,86.99,61.48,0.8957,1,1
406,16,1458.32,0.03,34.79,29.82,0.5937,1,1
406,17,662.52,78.40,32.56,43.19,0.7515,1,1
406,83,71.70,389.39,44.45,39.01,0.4061,1,1
406,188,619.43,835.01,139.00,129.78,0.8498,1,1
406,190,907.05,137.65,62.65,70.60,0.8181,1,1
406,247,646.25,50.12,50.91,43.02,0.7374,1,1
406,308,317.27,229.06,40.87,50.12,0.7767,1,1
406,365,795.96,688.72,123.55,115.83,0.7617,1,1
406,366,427.21,363.85,36.66,30.42,0.8361,1,1
406,379,52.14,338.31,69.44,57.34,0.7529,1,1
406,428,492.56,312.09,34.81,27.20,0.6267,1,1
406,453,455.30,148.59,40.71,42.47,0.5487,1,1
406,482,169.80,481.03,33.26,25.60,0.6126,1,1
406,550,150.22,507.10,44.46,28.57,0.7511,1,1
406,558,1070.93,594.56,57.64,49.27,0.4284,1,1
406,571,539.30,331.23,27.42,37.77,0.6677,1,1
406,584,906.48,832.60,40.58,48.90,0.3056,1,1
406,591,160.19,701.00,108.25,98.31,0.8727,1,1
406,592,632.45,666.10,36.72,44.52,0.3631,1,1
406,598,688.32,144.50,30.29,23.85,0.6295,1,1
406,600,942.03,106.61,21.09,19.98,0.4720,1,1
406,603,455.88,159.82,40.67,39.38,0.3787,1,1
407,1,992.85,24.58,59.95,38.22,0.9032,1,1
407,2,447.18,410.50,80.90,117.89,0.6766,1,1
407,3,449.69,113.32,51.14,35.13,0.6794,1,1
407,4,1047.67,515.33,100.08,97.33,0.8523,1,1
407,11,707.79,194.95,88.30,62.45,0.9002,1,1
407,16,1458.05,-0.01,34.86,29.97,0.6231,1,1
407,17,662.28,79.62,32.50,42.03,0.7505,1,1
407,83,72.15,390.03,43.82,38.19,0.3636,1,1
407,188,618.24,834.54,136.71,129.94,0.8686,1,1
407,190,905.45,137.13,64.85,73.20,0.8174,1,1
407,247,646.42,50.57,50.57,42.87,0.6861,1,1
407,308,316.66,229.61,41.12,50.04,0.7842,1,1
407,365,794.97,684.68,125.10,118.80,0.7650,1,1
407,366,427.57,365.20,36.75,30.31,0.7986,1,1
407,379,51.44,338.29,70.93,59.01,0.7475,1,1
407,428,494.95,311.81,33.40,26.46,0.5536,1,1
407,453,455.18,147.45,40.91,42.64,0.4994,1,1
407,482,167.27,479.40,32.51,25.74,0.6184,1,1
407,550,144.98,505.56,45.32,29.43,0.8150,1,1
407,571,540.23,328.61,28.26,39.79,0.6593,1,1
407,584,906.78,834.45,40.28,48.63,0.2999,1,1
407,591,175.92,695.49,106.52,95.88,0.8558,1,1
407,598,684.71,140.69,31.11,24.60,0.5486,1,1
407,600,942.05,109.51,21.16,19.32,0.4770,1,1
407,603,456.11,159.87,40.34,39.10,0.3255,1,1
407,604,243.13,754.58,39.09,52.71,0.3416,1,1
407,608,680.45,348.56,28.89,32.57,0.2725,1,1
407,609,889.63,52.29,22.79,19.91,0.5332,1,1
408,1,992.80,24.94,60.07,38.36,0.9042,1,1
408,2,450.71,412.56,78.60,117.51,0.7525,1,1
408,3,448.08,114.51,54.05,37.59,0.5990,1,1
408,4,1049.81,524.65,99.45,96.01,0.8571,1,1
408,11,707.63,194.37,88.81,62.41,0.9053,1,1
408,16,1458.08,-0.02,34.74,29.96,0.6192,1,1
408,17,662.56,80.67,32.02,40.62,0.7509,1,1
408,83,72.37,390.25,43.89,38.13,0.3994,1,1
408,188,621.17,836.16,137.73,128.75,0.8849,1,1
408,190,906.64,138.16,62.93,70.58,0.8238,1,1
408,247,647.37,51.68,49.34,41.79,0.6271,1,1
408,308,316.61,231.85,41.52,50.22,0.7060,1,1
408,365,795.01,681.89,123.37,119.73,0.7699,1,1
408,366,427.51,366.16,37.48,30.45,0.7622,1,1
408,379,51.05,338.38,71.62,60.34,0.7470,1,1
408,428,498.78,311.57,33.91,26.91,0.5701,1,1
408,453,455.29,148.35,41.26,43.09,0.5090,1,1
408,482,164.74,479.32,32.54,26.21,0.4908,1,1
408,517,885.80,51.07,20.54,21.03,0.4233,1,1
408,550,144.51,505.19,43.96,29.13,0.7930,1,1
408,571,543.52,326.65,27.85,40.27,0.6924,1,1
408,591,188.36,686.31,107.48,99.39,0.9057,1,1
408,592,633.60,662.71,35.67,43.78,0.3054,1,1
408,598,686.61,136.97,28.56,22.00,0.6422,1,1
408,600,942.70,108.49,21.74,19.23,0.4560,1,1
408,603,456.29,159.35,40.55,39.50,0.4916,1,1
408,608,682.17,343.42,31.61,35.81,0.3126,1,1
408,609,884.60,48.25,25.14,22.22,0.3792,1,1
409,1,991.53,24.87,60.80,38.09,0.8985,1,1
409,2,452.80,411.89,79.15,117.77,0.5891,1,1
409,3,447.22,115.20,55.05,38.84,0.5843,1,1
409,4,1049.40,531.94,101.19,96.85,0.7798,1,1
409,11,706.93,194.19,89.05,61.30,0.8972,1,1
409,16,1458.13,-0.02,34.66,29.96,0.6195,1,1
409,17,662.62,80.77,33.03,41.76,0.7324,1,1
409,83,72.46,390.31,44.03,38.22,0.4547,1,1
409,188,624.19,835.83,137.03,128.73,0.8948,1,1
409,190,906.82,138.75,62.20,69.62,0.8250,1,1
409,247,647.67,52.27,49.22,41.57,0.7393,1,1
409,308,316.65,231.06,41.40,49.87,0.5329,1,1
409,365,795.84,680.40,120.58,117.69,0.7395,1,1
409,366,427.56,367.08,38.12,29.73,0.8006,1,1
409,379,51.31,338.45,70.55,59.62,0.7008,1,1
409,428,499.82,310.97,33.26,26.65,0.4660,1,1
409,453,455.19,148.83,41.01,42.84,0.5328,1,1
409,482,158.57,479.21,32.01,25.94,0.4034,1,1
409,550,141.89,506.30,44.12,29.42,0.8246,1,1
409,571,544.81,325.19,26.87,39.11,0.3748,1,1
409,591,203.67,681.97,104.25,92.96,0.8659,1,1
409,592,629.23,660.19,38.32,48.13,0.6219,1,1
409,598,685.55,137.10,27.65,20.85,0.6394,1,1
409,600,940.98,109.66,24.51,21.64,0.5546,1,1
409,603,455.84,158.45,40.74,39.88,0.4876,1,1
409,611,540.31,846.32,35.35,61.15,0.3798,1,1
410,1,990.50,25.03,61.85,38.08,0.9007,1,1
410,2,452.64,413.62,77.02,112.44,0.6521,1,1
410,3,447.31,115.39,54.35,38.77,0.5537,1,1
410,4,1049.80,539.31,102.66,98.50,0.7397,1,1
410,11,707.81,194.07,88.68,60.90,0.8983,1,1
410,16,1458.01,-0.02,34.82,30.01,0.6227,1,1
410,17,663.05,82.20,32.74,40.85,0.7226,1,1
410,83,72.02,389.53,44.99,39.24,0.4919,1,1
410,188,627.11,834.79,136.64,129.72,0.8737,1,1
410,190,906.49,139.46,61.78,69.15,0.8201,1,1
410,247,648.37,52.94,48.61,40.49,0.7308,1,1
410,308,316.86,231.34,41.67,49.59,0.5785,1,1
410,365,794.41,675.39,121.76,119.40,0.5274,1,1
410,366,426.20,366.73,41.04,31.43,0.8031,1,1
410,379,50.67,338.44,71.14,60.36,0.6384,1,1
410,428,503.02,311.03,33.25,26.61,0.5339,1,1
410,453,455.10,149.34,40.49,42.22,0.5109,1,1
410,482,159.97,482.23,30.08,24.30,0.4130,1,1
410,550,143.59,506.58,41.98,28.31,0.7554,1,1
410,570,792.96,675.35,124.26,118.70,0.5877,1,1
410,571,545.54,322.75,26.60,38.95,0.2636,1,1
410,591,213.81,670.50,107.95,98.21,0.8822,1,1
410,592,630.73,654.03,40.22,53.52,0.4727,1,1
410,598,684.94,137.79,27.54,20.65,0.6359,1,1
410,600,940.25,106.07,24.13,21.41,0.5146,1,1
410,603,455.71,158.80,40.21,39.43,0.4502,1,1
410,611,547.51,846.16,29.77,49.89,0.4533,1,1
411,1,991.07,25.00,61.48,37.90,0.8973,1,1
411,2,454.12,411.53,78.84,113.79,0.6479,1,1
411,3,447.46,115.55,53.07,38.07,0.5402,1,1
411,4,1050.08,548.07,104.02,100.12,0.6170,1,1
411,11,708.15,193.84,88.25,61.39,0.8937,1,1
411,16,1457.68,-0.01,34.80,29.87,0.6264,1,1
411,17,663.51,81.49,33.24,41.43,0.7342,1,1
411,83,72.46,389.44,44.56,38.93,0.3732,1,1
411,188,626.07,831.62,138.11,134.59,0.8847,1,1
411,190,906.32,139.57,61.54,68.98,0.8311,1,1
411,247,648.31,53.75,48.92,40.06,0.7675,1,1
411,308,316.92,230.67,41.46,48.95,0.3457,1,1
411,365,789.79,668.96,124.90,123.75,0.5304,1,1
411,366,425.14,366.49,42.33,32.22,0.7578,1,1
411,379,51.36,338.75,69.57,58.86,0.5795,1,1
411,428,507.82,310.61,30.92,24.91,0.5282,1,1
411,453,454.54,149.70,39.89,41.19,0.4948,1,1
411,550,133.94,507.73,44.96,30.15,0.5027,1,1
411,570,788.11,669.81,126.95,122.52,0.3163,1,1
411,571,546.49,321.05,24.96,36.86,0.5422,1,1
411,591,227.45,662.45,106.59,96.09,0.8707,1,1
411,592,634.80,651.81,37.68,51.63,0.2628,1,1
411,598,684.21,141.55,30.52,23.86,0.6257,1,1
411,600,939.77,104.21,25.52,22.82,0.5612,1,1
411,603,456.32,162.52,38.30,37.41,0.3990,1,1
411,611,548.14,823.75,39.06,65.21,0.2933,1,1
411,618,720.02,240.07,42.44,46.38,0.2617,1,1
412,1,991.08,25.01,61.44,37.90,0.8973,1,1
412,2,453.91,411.36,79.64,113.95,0.6514,1,1
412,3,447.49,115.60,52.70,37.99,0.5333,1,1
412,4,1050.19,549.06,103.92,100.32,0.6141,1,1
412,11,708.38,193.83,87.79,61.40,0.8936,1,1
412,16,1457.55,0.03,34.88,29.85,0.6260,1,1
412,17,663.52,81.49,33.28,41.44,0.7333,1,1
412,83,72.52,389.48,44.38,38.83,0.3776,1,1
412,188,626.79,831.58,136.66,134.67,0.8849,1,1
412,190,906.33,139.58,61.46,68.96,0.8310,1,1
412,247,648.03,53.75,49.42,40.09,0.7661,1,1
412,308,316.80,230.77,41.49,48.56,0.3462,1,1
412,365,789.60,668.11,124.26,124.34,0.5331,1,1
412,366,424.97,366.50,42.58,32.26,0.7577,1,1
412,379,51.30,338.84,69.55,58.71,0.5792,1,1
412,428,508.53,310.61,30.43,24.64,0.5289,1,1
412,453,454.24,149.83,40.02,40.99,0.4960,1,1
412,482,151.11,477.66,30.31,24.63,0.5667,1,1
412,550,131.91,508.03,45.79,30.51,0.5032,1,1
412,570,787.08,668.44,126.86,123.56,0.3208,1,1
412,571,546.61,320.87,24.63,36.62,0.5443,1,1
412,591,227.36,662.19,107.08,96.14,0.8709,1,1
412,592,636.38,651.39,36.04,50.87,0.2680,1,1
412,598,684.54,141.99,29.92,24.19,0.6254,1,1
412,600,939.71,104.01,25.57,23.00,0.5608,1,1
412,603,456.33,163.49,37.92,36.90,0.3998,1,1
412,611,548.28,819.15,41.00,68.17,0.3063,1,1
412,618,720.09,240.51,42.20,46.09,0.2599,1,1
412,619,889.51,823.79,43.15,58.61,0.8043,1,1
413,1,991.22,24.91,61.41,38.10,0.8960,1,1
413,2,454.04,411.48,79.06,111.66,0.6634,1,1
413,3,447.98,115.16,51.38,37.01,0.5527,1,1
413,4,1050.30,555.49,104.94,101.66,0.5257,1,1
413,11,709.59,193.63,86.70,60.84,0.8926,1,1
413,16,1457.67,-0.01,34.84,29.73,0.6168,1,1
413,17,663.50,81.63,33.46,41.77,0.6867,1,1
413,83,73.03,389.48,43.98,38.41,0.4674,1,1
413,188,632.03,834.36,134.19,132.26,0.8412,1,1
413,190,906.27,139.77,61.95,69.56,0.8202,1,1
413,247,648.00,54.16,49.76,40.30,0.7742,1,1
413,365,785.80,666.78,122.21,123.13,0.5684,1,1
413,366,424.60,366.30,43.09,32.51,0.7404,1,1
413,379,51.34,339.60,67.91,56.25,0.6445,1,1
413,428,510.80,314.64,28.99,22.60,0.5921,1,1
413,453,453.37,148.86,40.73,41.49,0.5368,1,1
413,482,152.37,478.13,29.42,24.08,0.5970,1,1
413,550,131.48,507.54,45.38,29.70,0.7180,1,1
413,570,784.95,666.35,125.34,124.50,0.4973,1,1
413,571,546.71,322.08,23.85,35.46,0.7001,1,1
413,591,237.20,655.19,106.16,98.38,0.9027,1,1
413,592,645.31,651.34,30.28,43.93,0.3134,1,1
413,598,685.26,145.86,26.86,22.41,0.6374,1,1
413,600,939.41,104.53,26.38,24.00,0.5331,1,1
413,603,456.20,164.47,37.68,36.54,0.4287,1,1
413,611,554.35,808.53,43.77,72.97,0.2884,1,1
413,618,719.28,238.99,43.16,47.16,0.3472,1,1
413,619,891.88,823.41,33.44,44.12,0.5265,1,1
413,622,667.79,336.01,35.26,35.86,0.5886,1,1
414,1,990.34,25.37,61.46,37.44,0.8921,1,1
414,2,453.35,410.98,80.78,110.55,0.7961,1,1
414,3,447.89,115.01,50.81,36.42,0.5871,1,1
414,4,1052.44,561.71,103.20,101.45,0.7429,1,1
414,11,711.06,193.56,85.33,59.80,0.8957,1,1
414,16,1457.63,0.01,34.87,29.69,0.6160,1,1
414,17,663.33,80.80,34.18,43.04,0.6318,1,1
414,83,72.30,387.89,45.04,40.54,0.6324,1,1
414,188,632.12,833.99,136.37,134.40,0.8051,1,1
414,190,906.60,139.46,62.99,70.42,0.8166,1,1
414,247,648.12,54.50,49.65,40.08,0.7201,1,1
414,308,318.60,231.15,39.39,45.37,0.2751,1,1
414,365,785.51,664.53,119.92,122.09,0.5800,1,1
414,366,424.78,367.06,42.61,31.99,0.6411,1,1
414,379,50.27,340.70,68.92,55.86,0.7399,1,1
414,453,452.93,149.25,40.75,41.32,0.5279,1,1
414,482,154.74,476.96,28.82,23.89,0.6488,1,1
414,550,133.50,507.04,44.95,30.40,0.8474,1,1
414,570,783.64,662.91,123.71,124.59,0.4874,1,1
414,571,547.04,321.17,23.83,36.13,0.7441,1,1
414,591,246.92,645.68,107.08,97.85,0.8516,1,1
414,600,939.90,103.81,26.35,24.11,0.4860,1,1
414,603,455.97,165.20,37.81,36.59,0.4287,1,1
414,618,718.87,237.68,43.78,47.86,0.4478,1,1
414,619,884.43,823.03,40.24,53.06,0.7310,1,1
414,622,676.86,332.82,26.44,25.61,0.6950,1,1
415,1,989.14,25.41,62.53,37.81,0.8943,1,1
415,2,452.34,412.91,81.05,109.28,0.8182,1,1
415,3,447.07,114.40,50.09,35.55,0.7076,1,1
415,4,1051.90,569.04,104.16,102.96,0.6237,1,1
415,11,709.17,193.88,87.21,59.02,0.8995,1,1
415,16,1457.60,-0.00,34.90,29.67,0.6165,1,1
415,17,663.37,80.80,34.31,43.73,0.6627,1,1
415,83,73.00,386.05,44.68,41.95,0.6685,1,1
415,188,634.98,833.68,136.86,134.78,0.7972,1,1
415,190,907.20,139.50,63.04,69.11,0.8302,1,1
415,247,648.82,55.03,48.04,38.20,0.7092,1,1
415,365,786.36,662.13,114.80,118.81,0.7740,1,1
415,366,426.75,368.92,40.67,30.38,0.5694,1,1
415,379,50.00,341.25,68.03,54.14,0.6902,1,1
415,453,451.90,148.93,41.96,42.95,0.5843,1,1
415,482,164.74,476.66,25.00,19.93,0.3583,1,1
415,550,132.58,506.60,45.01,32.07,0.8658,1,1
415,570,783.60,659.95,119.90,122.51,0.5675,1,1
415,571,547.30,316.09,25.00,39.03,0.8037,1,1
415,591,258.40,634.43,101.70,86.82,0.8368,1,1
415,600,939.22,105.06,25.39,23.51,0.5586,1,1
415,603,454.42,161.56,39.58,38.61,0.4647,1,1
415,618,719.05,237.36,43.93,48.20,0.4749,1,1
415,619,882.57,825.89,40.89,54.79,0.6451,1,1
415,622,675.73,330.06,28.43,27.39,0.5948,1,1
415,623,661.68,92.28,32.64,33.72,0.5637,1,1
416,1,989.06,25.72,62.53,37.44,0.8946,1,1
416,2,451.29,414.35,81.42,107.24,0.8573,1,1
416,3,446.00,114.76,52.34,37.12,0.6694,1,1
416,4,1051.22,573.08,104.51,103.48,0.6221,1,1
416,11,708.33,194.92,88.15,58.31,0.8970,1,1
416,16,1457.57,0.00,34.97,29.68,0.6188,1,1
416,17,663.59,80.96,34.22,44.13,0.6478,1,1
416,83,73.44,385.74,43.64,42.54,0.6554,1,1
416,188,634.63,835.80,138.64,134.58,0.8285,1,1
416,190,907.19,139.74,62.65,67.66,0.8297,1,1
416,247,647.95,55.44,49.18,38.88,0.7509,1,1
416,365,784.41,655.93,114.50,119.54,0.7565,1,1
416,366,426.89,368.24,41.77,31.37,0.2633,1,1
416,379,50.78,341.84,64.50,49.91,0.6378,1,1
416,453,452.08,150.05,41.06,42.16,0.5705,1,1
416,482,159.77,473.81,26.28,20.17,0.4840,1,1
416,550,126.41,509.17,47.35,32.90,0.7830,1,1
416,570,783.14,654.94,117.18,121.40,0.6453,1,1
416,571,546.89,312.56,25.27,39.05,0.8367,1,1
416,591,258.44,620.80,113.62,92.55,0.8836,1,1
416,600,938.37,104.03,24.59,23.14,0.5547,1,1
416,603,454.18,161.46,39.58,38.91,0.4670,1,1
416,611,567.97,793.59,45.43,76.30,0.3256,1,1
416,618,722.65,239.48,42.92,46.71,0.4818,1,1
416,619,882.66,825.11,39.67,54.41,0.7832,1,1
416,623,661.30,91.78,33.92,35.50,0.5592,1,1
417,1,989.43,25.93,62.08,37.18,0.8927,1,1
417,2,450.68,417.22,81.27,103.61,0.8749,1,1
417,3,446.47,113.99,49.87,34.95,0.7534,1,1
417,4,1049.96,575.80,106.03,107.04,0.7191,1,1
417,11,707.69,194.94,88.77,58.30,0.8991,1,1
417,16,1457.12,-0.01,34.94,29.68,0.6252,1,1
417,17,664.36,82.32,33.45,43.40,0.6063,1,1
417,83,73.53,385.06,44.22,44.07,0.5254,1,1
417,188,637.41,836.67,141.38,136.73,0.8480,1,1
417,190,906.96,139.57,63.25,67.50,0.8129,1,1
417,247,646.21,55.68,52.64,43.41,0.7912,1,1
417,365,783.64,652.85,113.34,118.47,0.4272,1,1
417,379,51.80,342.39,61.16,46.15,0.4831,1,1
417,453,451.38,148.26,41.74,43.20,0.5619,1,1
417,482,162.12,471.52,29.10,21.43,0.4462,1,1
417,550,124.27,511.86,43.71,30.63,0.8096,1,1
417,570,784.58,652.39,112.44,117.58,0.7458,1,1
417,571,546.02,311.89,25.57,37.28,0.8619,1,1
417,591,271.69,609.03,111.34,94.90,0.8561,1,1
417,603,454.39,162.01,38.49,37.93,0.4165,1,1
417,618,722.77,239.67,42.88,46.42,0.4963,1,1
418,1,989.45,25.92,62.07,37.17,0.8931,1,1
418,2,450.17,417.31,82.27,103.52,0.8744,1,1
418,3,446.34,113.97,50.02,34.84,0.7535,1,1
418,4,1050.42,575.99,104.95,107.25,0.7200,1,1
418,11,707.57,194.95,89.00,58.30,0.8991,1,1
418,16,1457.04,0.03,34.91,29.68,0.6253,1,1
418,17,664.45,82.50,33.26,43.41,0.6055,1,1
418,83,73.85,384.96,43.60,44.34,0.5251,1,1
418,188,637.33,836.69,141.67,136.78,0.8480,1,1
418,190,906.74,139.59,63.61,67.40,0.8129,1,1
418,247,646.73,55.69,51.58,43.54,0.7902,1,1
418,365,783.56,652.37,112.91,118.19,0.4290,1,1
418,379,51.45,342.54,61.53,45.30,0.4796,1,1
418,453,451.34,148.08,41.62,43.35,0.5641,1,1
418,482,162.24,471.19,30.53,21.68,0.4541,1,1
418,550,124.30,511.96,43.37,30.55,0.8103,1,1
418,570,784.87,652.30,111.72,117.36,0.7452,1,1
418,571,545.72,311.90,26.15,37.24,0.8618,1,1
418,591,273.31,608.82,108.52,94.94,0.8562,1,1
418,603,454.41,162.21,38.20,37.72,0.4213,1,1
418,618,722.64,239.76,43.03,46.39,0.4970,1,1
418,629,1125.23,46.59,20.93,12.49,0.2890,1,1
419,1,989.14,26.02,62.33,37.23,0.8908,1,1
419,2,449.25,418.56,82.88,102.58,0.8850,1,1
419,3,445.95,114.01,50.38,35.05,0.7026,1,1
419,4,1050.12,578.46,105.77,108.68,0.6403,1,1
419,11,708.41,194.66,88.01,59.19,0.9005,1,1
419,16,1456.97,-0.02,34.30,29.34,0.5605,1,1
419,17,665.32,83.03,32.40,42.25,0.6141,1,1
419,83,73.07,382.96,42.87,45.26,0.6394,1,1
419,188,638.96,838.92,140.55,136.74,0.8718,1,1
419,190,906.53,139.46,64.58,68.41,0.8351,1,1
419,247,647.12,55.67,51.36,43.97,0.7928,1,1
419,365,785.24,648.94,112.73,118.89,0.5127,1,1
419,379,53.35,342.29,57.44,40.24,0.5124,1,1
419,453,451.45,148.35,41.16,43.01,0.5535,1,1
419,482,167.41,472.53,32.77,21.85,0.7393,1,1
419,550,119.76,514.01,46.41,32.73,0.5121,1,1
419,570,785.17,648.87,112.17,118.91,0.7095,1,1
419,571,542.09,307.36,28.15,41.07,0.8766,1,1
419,591,282.12,601.94,105.08,92.41,0.8653,1,1
419,603,454.91,162.97,37.16,36.57,0.3891,1,1
419,618,720.34,238.81,43.11,46.74,0.4577,1,1
419,629,1126.75,46.75,21.85,13.02,0.3335,1,1
420,1,988.24,26.19,62.98,37.36,0.8880,1,1
420,2,448.03,419.09,83.87,101.09,0.8867,1,1
420,3,444.91,114.68,52.46,36.71,0.6572,1,1
420,4,1048.93,580.41,106.90,110.57,0.7718,1,1
420,11,711.81,194.34,84.87,59.68,0.9038,1,1
420,16,1457.06,0.00,34.07,29.28,0.5552,1,1
420,17,665.71,83.04,32.22,41.71,0.6876,1,1
420,83,73.11,382.84,42.30,46.05,0.6020,1,1
420,188,640.23,839.38,138.56,138.02,0.8737,1,1
420,190,906.70,139.13,63.63,67.42,0.7846,1,1
420,247,647.13,56.02,51.11,44.20,0.8037,1,1
420,379,53.98,342.49,54.76,36.26,0.5094,1,1
420,453,452.39,151.11,39.57,41.32,0.5851,1,1
420,482,163.78,468.12,36.14,26.19,0.8132,1,1
420,550,120.01,519.14,40.09,27.94,0.5718,1,1
420,570,781.31,640.91,113.61,122.41,0.7494,1,1
420,591,293.03,592.21,104.33,91.43,0.8685,1,1
420,603,455.16,163.14,36.67,36.05,0.4570,1,1
420,618,722.59,239.74,42.78,46.07,0.4608,1,1
420,619,884.12,821.97,36.29,49.85,0.6218,1,1
421,1,990.08,27.36,59.68,35.47,0.8777,1,1
421,2,447.79,422.79,83.87,96.30,0.8775,1,1
421,3,445.27,115.03,50.01,34.80,0.6734,1,1
421,4,1048.14,582.39,106.94,111.68,0.7482,1,1
421,11,711.25,194.58,86.27,61.65,0.8521,1,1
421,16,1457.06,-0.01,34.53,29.72,0.6365,1,1
421,17,667.63,82.23,32.05,42.59,0.6711,1,1
421,83,72.25,381.77,41.72,46.71,0.6903,1,1
421,188,641.64,841.76,138.82,137.81,0.8908,1,1
421,190,906.15,139.32,63.37,68.54,0.8070,1,1
421,247,647.47,55.80,51.67,45.76,0.8173,1,1
421,365,779.49,637.08,114.33,121.31,0.4483,1,1
421,379,48.13,342.71,64.02,41.34,0.6868,1,1
421,453,451.78,149.30,40.98,43.20,0.5388,1,1
421,482,162.15,463.35,37.77,30.73,0.7874,1,1
421,550,110.04,521.89,41.84,30.05,0.7929,1,1
421,570,780.83,636.20,112.91,122.47,0.6363,1,1
421,571,538.64,303.75,28.18,41.23,0.3477,1,1
421,591,299.19,583.45,108.87,98.31,0.8141,1,1
421,603,454.73,163.00,37.98,37.54,0.3521,1,1
421,619,882.06,812.46,41.57,54.57,0.8527,1,1
421,631,395.75,953.63,50.68,60.30,0.8117,1,1
421,632,585.46,781.85,48.71,58.41,0.2985,1,1
421,634,702.48,383.36,29.30,30.69,0.7508,1,1
422,1,990.58,27.38,59.01,34.83,0.8784,1,1
422,2,445.96,424.92,85.60,95.21,0.8737,1,1
422,3,444.87,115.17,50.56,35.14,0.6457,1,1
422,4,1047.67,582.67,106.85,112.45,0.7002,1,1
422,11,710.61,194.71,86.07,62.29,0.8591,1,1
422,16,1456.81,-0.02,34.77,30.09,0.6545,1,1
422,17,668.62,81.10,31.55,43.21,0.7042,1,1
422,83,72.71,383.27,39.80,45.32,0.7700,1,1
422,188,643.54,842.28,140.03,138.08,0.8842,1,1
422,190,906.79,139.50,62.04,67.87,0.8046,1,1
422,247,648.05,55.18,50.30,44.33,0.8225,1,1
422,365,782.50,630.94,111.13,120.47,0.6909,1,1
422,379,46.28,342.22,67.25,44.47,0.7901,1,1
422,453,451.52,149.11,41.12,43.82,0.5162,1,1
422,482,164.88,463.61,35.70,30.49,0.6933,1,1
422,550,105.48,523.13,41.45,31.28,0.7741,1,1
422,570,782.09,632.04,110.84,120.50,0.3712,1,1
422,571,536.33,301.25,27.72,40.54,0.4214,1,1
422,591,308.89,574.39,106.14,98.47,0.8525,1,1
422,603,454.63,163.67,37.87,37.70,0.3415,1,1
422,619,884.46,819.23,44.07,55.75,0.8442,1,1
422,631,390.54,947.83,48.38,63.15,0.7860,1,1
422,632,597.78,775.27,48.80,58.61,0.2800,1,1
422,634,701.25,384.74,27.01,28.13,0.3389,1,1
423,1,990.97,26.45,59.90,35.88,0.8822,1,1
423,2,444.54,424.75,87.64,96.08,0.8755,1,1
423,3,443.19,115.54,52.66,36.73,0.6498,1,1
423,4,1047.68,582.84,105.62,111.51,0.7484,1,1
423,11,709.18,194.83,85.96,62.12,0.8907,1,1
423,16,1456.87,-0.01,34.60,29.96,0.6512,1,1
423,17,670.11,80.35,30.74,43.43,0.7200,1,1
423,83,72.53,385.02,39.18,44.65,0.7409,1,1
423,188,643.32,844.04,140.00,137.37,0.8828,1,1
423,190,907.26,139.63,61.50,67.95,0.8077,1,1
423,247,648.79,55.33,50.16,44.63,0.7970,1,1
423,379,42.60,341.99,75.63,51.95,0.6243,1,1
423,453,452.14,151.03,40.21,43.34,0.5891,1,1
423,502,639.32,392.43,73.25,45.28,0.3320,1,1
423,550,98.55,525.45,40.98,31.20,0.6827,1,1
423,570,784.91,626.66,107.81,117.40,0.7106,1,1
423,591,317.15,567.38,102.39,94.59,0.8383,1,1
423,603,455.06,165.88,37.28,37.52,0.4673,1,1
423,611,620.98,736.31,37.43,63.26,0.3330,1,1
423,619,897.30,828.26,41.46,50.58,0.6315,1,1
423,631,388.97,940.94,44.04,62.23,0.8068,1,1
423,632,608.25,778.44,41.33,49.17,0.5386,1,1
423,638,741.47,161.19,26.39,32.45,0.5153,1,1
424,1,991.16,26.45,59.53,35.89,0.8822,1,1
424,2,444.25,424.78,88.21,96.09,0.8757,1,1
424,3,443.05,115.63,52.76,36.91,0.6486,1,1
424,4,1047.77,582.86,105.34,111.43,0.7474,1,1
424,11,709.13,194.84,86.01,62.11,0.8907,1,1
424,16,1456.86,0.03,34.57,29.95,0.6503,1,1
424,17,670.46,80.29,30.12,43.48,0.7209,1,1
424,83,72.30,385.14,39.20,44.53,0.7356,1,1
424,188,643.17,844.05,140.44,137.51,0.8832,1,1
424,190,907.43,139.65,61.14,67.95,0.8076,1,1
424,247,648.98,55.35,49.82,44.61,0.7975,1,1
424,379,43.38,341.96,74.09,52.67,0.6209,1,1
424,453,452.31,151.30,39.83,43.31,0.5900,1,1
424,502,639.69,391.62,75.00,45.18,0.3332,1,1
424,550,98.09,525.66,40.66,31.20,0.6833,1,1
424,570,785.12,626.39,107.54,117.19,0.7100,1,1
424,591,317.21,567.26,102.52,94.47,0.8383,1,1
424,603,455.19,166.28,36.96,37.53,0.4691,1,1
424,611,622.63,734.77,36.88,62.61,0.3332,1,1
424,619,898.00,829.19,42.64,50.16,0.6302,1,1
424,631,389.96,940.74,41.85,62.17,0.8066,1,1
424,632,609.28,779.05,40.65,47.95,0.5393,1,1
424,638,741.06,161.25,26.55,32.48,0.5152,1,1
424,640,697.05,171.76,32.63,25.49,0.4012,1,1
424,641,949.68,63.96,23.32,17.96,0.3366,1,1
424,643,885.91,189.27,18.70,23.10,0.5544,1,1
424,644,631.29,429.76,82.03,75.32,0.7782,1,1
425,1,991.56,27.10,58.78,35.17,0.8812,1,1
425,2,443.90,425.25,88.51,95.66,0.8772,1,1
425,3,443.17,114.96,52.56,36.90,0.7012,1,1
425,4,1047.83,583.31,104.90,110.45,0.7660,1,1
425,11,709.19,196.06,85.73,61.60,0.9020,1,1
425,16,1456.62,-0.00,34.84,30.27,0.6549,1,1
425,17,672.72,80.11,29.02,42.79,0.7248,1,1
425,83,72.57,386.59,39.19,44.30,0.7574,1,1
425,188,643.25,843.95,143.02,140.12,0.8825,1,1
425,190,907.12,139.64,61.68,68.09,0.8065,1,1
425,247,649.82,55.00,50.48,45.23,0.7786,1,1
425,365,785.76,623.16,105.45,113.85,0.3042,1,1
425,379,39.24,341.77,83.66,65.03,0.6523,1,1
425,453,452.76,152.11,39.18,43.01,0.6273,1,1
425,550,94.48,526.51,39.20,29.93,0.6842,1,1
425,570,785.77,623.39,105.63,114.15,0.6377,1,1
425,591,326.56,560.78,101.31,92.06,0.8095,1,1
425,603,454.47,163.81,38.02,39.15,0.4134,1,1
425,611,629.28,730.07,38.46,65.23,0.4530,1,1
425,619,899.76,831.61,45.21,50.84,0.8283,1,1
425,631,393.10,941.83,38.31,57.43,0.7156,1,1
425,632,606.73,745.40,59.93,72.90,0.3432,1,1
425,638,739.75,161.95,26.12,31.86,0.5006,1,1
425,640,699.33,173.48,30.81,24.14,0.3953,1,1
425,641,950.83,63.61,23.38,18.37,0.4894,1,1
425,644,639.04,424.49,78.29,72.34,0.5544,1,1
426,1,991.88,27.14,58.36,35.04,0.8802,1,1
426,2,443.40,426.80,88.79,93.80,0.8770,1,1
426,3,442.89,115.12,52.63,36.86,0.7380,1,1
426,4,1046.40,583.93,105.84,111.50,0.7129,1,1
426,11,708.48,197.12,85.95,61.25,0.9034,1,1
426,16,1456.80,0.01,34.63,30.11,0.6348,1,1
426,17,673.20,79.10,28.99,43.64,0.7303,1,1
426,83,72.98,391.46,37.42,41.82,0.7128,1,1
426,188,645.27,844.23,143.06,141.34,0.8796,1,1
426,190,906.85,139.63,62.36,68.72,0.7648,1,1
426,247,650.62,54.31,48.82,42.56,0.7690,1,1
426,379,40.35,340.82,81.72,67.96,0.5803,1,1
426,453,453.03,152.62,38.97,43.36,0.6587,1,1
426,502,650.03,379.51,78.10,46.38,0.3642,1,1
426,550,90.39,528.08,40.64,31.22,0.6972,1,1
426,570,786.92,619.79,105.87,111.35,0.7654,1,1
426,591,333.74,556.41,102.82,91.10,0.8012,1,1
426,619,900.10,839.72,44.17,48.09,0.6343,1,1
426,631,392.95,939.59,42.15,63.93,0.3990,1,1
426,638,739.11,162.30,26.17,31.79,0.4198,1,1
426,640,699.92,173.85,30.64,24.20,0.3455,1,1
427,1,991.49,26.79,58.50,34.94,0.8827,1,1
427,2,442.89,426.92,89.97,94.47,0.8703,1,1
427,3,442.07,115.60,52.23,36.28,0.7657,1,1
427,4,1045.06,584.27,106.66,112.72,0.6599,1,1
427,11,707.24,197.36,85.62,60.79,0.8981,1,1
427,16,1456.77,0.00,34.70,30.13,0.6238,1,1
427,17,674.40,79.75,28.22,42.64,0.7473,1,1
427,83,72.92,391.63,37.24,41.40,0.6264,1,1
427,188,646.44,845.56,143.81,141.74,0.8850,1,1
427,190,906.01,139.36,62.91,68.72,0.8068,1,1
427,247,651.10,53.57,49.63,41.66,0.7883,1,1
427,379,41.73,339.86,79.38,70.10,0.5454,1,1
427,453,452.22,150.76,38.40,43.39,0.6854,1,1
427,550,87.86,528.59,40.60,32.59,0.6583,1,1
427,570,788.46,614.13,107.82,111.71,0.8269,1,1
427,591,341.68,550.73,104.65,92.23,0.7486,1,1
427,611,649.31,714.17,32.85,54.47,0.4234,1,1
427,619,900.62,843.92,42.92,46.10,0.2664,1,1
427,631,402.72,942.90,38.15,59.14,0.7479,1,1
427,638,738.35,162.66,25.98,31.27,0.4778,1,1
427,640,701.06,174.23,30.03,23.95,0.3727,1,1
428,1,991.10,25.81,59.77,36.67,0.8820,1,1
428,2,442.65,427.49,91.53,94.71,0.8691,1,1
428,3,440.90,115.84,52.40,36.05,0.7638,1,1
428,4,1043.13,584.38,107.75,113.78,0.5073,1,1
428,11,706.20,197.83,86.33,61.75,0.8938,1,1
428,16,1456.71,-0.00,34.80,30.15,0.6296,1,1
428,17,674.97,81.19,27.65,40.82,0.7622,1,1
428,83,74.34,393.52,35.52,39.22,0.5044,1,1
428,188,647.29,847.41,144.75,142.27,0.8760,1,1
428,190,906.86,139.67,62.23,67.55,0.8000,1,1
428,247,651.01,53.15,50.67,41.54,0.7854,1,1
428,379,42.53,337.45,77.02,69.75,0.2856,1,1
428,453,452.02,150.49,37.66,42.84,0.6603,1,1
428,570,790.60,610.72,107.76,107.52,0.8708,1,1
428,571,529.46,297.06,23.68,32.06,0.4126,1,1
428,591,353.27,547.69,102.55,90.23,0.7602,1,1
428,611,657.95,704.98,34.23,54.83,0.6427,1,1
428,619,896.41,848.17,53.27,47.20,0.8659,1,1
428,631,413.86,941.75,38.18,58.20,0.5942,1,1
428,638,738.85,162.78,26.42,31.58,0.5303,1,1
428,640,700.12,173.91,30.44,24.49,0.4131,1,1
428,651,422.04,372.42,45.00,28.66,0.4355,1,1
428,652,1421.50,0.73,32.36,24.59,0.4177,1,1
429,1,990.97,26.06,59.65,37.21,0.8808,1,1
429,2,441.60,426.96,92.15,94.65,0.8668,1,1
429,3,438.67,115.77,54.73,38.11,0.7413,1,1
429,4,1040.84,584.14,108.73,114.40,0.6455,1,1
429,11,704.09,198.65,86.69,61.82,0.8946,1,1
429,16,1456.71,-0.01,34.81,30.12,0.6247,1,1
429,17,675.68,82.22,27.30,39.41,0.7579,1,1
429,83,74.80,395.21,34.72,37.75,0.5246,1,1
429,188,648.63,848.84,145.07,141.76,0.8717,1,1
429,190,906.98,139.53,61.97,67.13,0.8208,1,1
429,247,650.81,52.98,51.49,41.42,0.7832,1,1
429,379,45.84,335.51,73.57,68.57,0.2986,1,1
429,453,452.23,152.00,36.14,40.74,0.6614,1,1
429,570,794.71,608.75,106.33,104.42,0.7556,1,1
429,571,528.59,297.64,23.79,30.19,0.3432,1,1
429,591,363.80,544.24,102.49,90.47,0.7838,1,1
429,611,664.23,696.29,35.77,58.13,0.4959,1,1
429,619,898.74,853.88,52.41,46.23,0.4094,1,1
429,631,422.83,933.14,36.42,56.16,0.5210,1,1
429,638,738.47,162.68,27.01,32.41,0.4593,1,1
429,640,700.48,176.53,28.14,22.27,0.4173,1,1
429,651,424.41,373.37,42.72,27.56,0.6224,1,1
429,652,1421.52,0.72,32.36,24.59,0.4016,1,1
429,656,866.86,194.15,21.25,26.44,0.5299,1,1
429,657,205.15,516.80,19.63,40.64,0.6802,1,1
430,1,991.24,26.02,59.30,37.31,0.8820,1,1
430,2,441.49,427.24,92.35,94.38,0.8672,1,1
430,3,438.69,115.76,54.49,38.25,0.7444,1,1
430,4,1040.55,584.10,109.05,114.44,0.6485,1,1
430,11,704.02,198.67,86.80,61.83,0.8948,1,1
430,16,1456.66,0.03,34.85,30.13,0.6256,1,1
430,17,675.45,82.19,27.71,39.43,0.7588,1,1
430,83,74.59,395.45,35.06,37.60,0.5251,1,1
430,188,648.45,848.85,145.43,141.71,0.8711,1,1
430,190,906.90,139.51,62.03,67.17,0.8209,1,1
430,247,650.49,53.03,52.13,41.46,0.7830,1,1
430,379,47.43,335.06,71.08,68.20,0.2973,1,1
430,453,452.00,152.00,36.41,40.83,0.6703,1,1
430,570,794.22,608.70,107.59,104.23,0.7502,1,1
430,571,527.91,297.84,24.68,29.82,0.3381,1,1
430,591,364.29,544.16,102.23,90.42,0.7833,1,1
430,611,665.25,694.94,35.77,58.80,0.4968,1,1
430,619,899.02,855.24,52.52,46.06,0.4095,1,1
430,631,424.36,931.70,35.81,55.93,0.5573,1,1
430,638,738.36,162.71,27.05,32.57,0.4630,1,1
430,640,700.49,177.19,27.94,21.78,0.4151,1,1
430,651,424.78,373.45,42.24,27.55,0.6303,1,1
430,652,1421.47,0.78,32.33,24.57,0.3996,1,1
430,656,867.33,194.07,21.46,26.65,0.5284,1,1
430,657,204.81,517.06,20.41,40.79,0.6808,1,1
431,1,989.84,25.38,60.73,37.69,0.8851,1,1
431,2,441.65,426.28,93.57,95.40,0.8684,1,1
431,3,438.65,116.27,54.58,38.66,0.7622,1,1
431,4,1039.41,584.17,109.39,114.50,0.5837,1,1
431,11,703.72,199.59,86.08,60.49,0.8975,1,1
431,16,1457.21,-0.00,34.72,29.94,0.6226,1,1
431,17,674.78,80.07,28.97,41.34,0.7622,1,1
431,188,650.19,848.61,145.20,141.98,0.8580,1,1
431,190,905.77,139.19,62.90,67.69,0.8247,1,1
431,247,650.25,53.06,52.54,41.55,0.7780,1,1
431,453,452.33,153.08,36.22,40.39,0.7101,1,1
431,570,797.72,609.44,107.88,103.95,0.6672,1,1
431,571,526.94,297.49,26.20,30.74,0.2798,1,1
431,591,377.08,540.80,98.87,86.17,0.8168,1,1
431,611,674.98,694.62,33.86,54.31,0.6153,1,1
431,619,901.13,862.32,52.58,43.14,0.8499,1,1
431,631,437.09,927.59,36.47,54.26,0.7762,1,1
431,638,739.15,162.53,27.16,32.82,0.4735,1,1
431,640,701.07,179.77,26.67,20.28,0.4158,1,1
431,651,426.62,374.22,40.67,26.91,0.5553,1,1
431,652,1421.13,0.82,32.17,24.52,0.4107,1,1
431,656,873.39,192.61,21.00,25.65,0.3700,1,1
431,657,203.35,520.12,21.90,41.24,0.7848,1,1
431,658,582.72,401.73,31.65,30.88,0.3002,1,1
432,1,989.78,25.48,61.72,37.83,0.8690,1,1
432,2,441.71,425.45,94.14,96.18,0.8719,1,1
432,3,439.51,116.28,52.96,37.34,0.7800,1,1
432,4,1038.04,583.67,110.02,114.73,0.6972,1,1
432,11,703.02,199.96,85.82,60.44,0.8969,1,1
432,16,1457.15,0.00,34.83,29.95,0.6369,1,1
432,17,674.66,80.37,28.74,41.10,0.7633,1,1
432,188,650.78,849.92,144.92,141.17,0.8500,1,1
432,190,904.51,138.58,65.20,70.75,0.8087,1,1
432,247,650.13,53.37,52.37,41.15,0.7844,1,1
432,379,51.06,334.33,64.73,64.68,0.4108,1,1
432,453,452.10,152.76,36.18,40.09,0.6837,1,1
432,570,800.52,608.59,108.86,103.51,0.7672,1,1
432,571,526.10,297.90,26.76,30.47,0.4086,1,1
432,591,389.03,537.74,99.42,85.13,0.8350,1,1
432,611,680.69,688.35,35.23,55.04,0.5705,1,1
432,619,902.50,864.32,53.51,42.28,0.8695,1,1
432,631,452.92,927.56,34.77,49.02,0.7840,1,1
432,638,740.19,162.75,26.89,32.61,0.4291,1,1
432,640,700.08,179.98,27.60,20.50,0.4868,1,1
432,651,427.66,374.38,40.04,26.78,0.4349,1,1
432,652,1421.40,0.87,31.71,24.23,0.3521,1,1
432,657,202.15,522.34,21.51,38.42,0.6986,1,1
432,658,582.38,401.49,32.00,31.38,0.3268,1,1
433,1,989.09,25.19,62.61,38.63,0.8541,1,1
433,2,441.62,425.28,95.01,97.29,0.8718,1,1
433,3,439.58,116.18,53.08,37.10,0.7981,1,1
433,4,1037.31,582.85,109.46,114.02,0.7257,1,1
433,11,701.63,201.48,85.13,60.28,0.9037,1,1
433,16,1457.13,0.00,35.57,30.35,0.6834,1,1
433,17,674.66,80.71,28.51,40.82,0.7629,1,1
433,83,74.55,395.60,35.47,37.84,0.3167,1,1
433,188,652.11,851.07,143.80,140.32,0.8439,1,1
433,190,903.30,138.19,66.32,72.12,0.8222,1,1
433,247,649.78,53.44,52.59,41.22,0.7892,1,1
433,453,452.41,152.59,35.80,39.35,0.6949,1,1
433,570,809.58,610.16,103.93,98.19,0.8160,1,1
433,571,526.83,298.21,27.09,30.49,0.2813,1,1
433,591,400.23,533.80,102.07,89.85,0.8129,1,1
433,611,688.29,685.53,35.94,54.27,0.7485,1,1
433,618,709.80,249.34,40.24,43.22,0.3099,1,1
433,619,905.61,864.61,53.36,44.50,0.8479,1,1
433,631,464.51,919.05,37.54,48.32,0.8280,1,1
433,638,741.20,164.02,25.93,31.34,0.3106,1,1
433,640,698.49,179.39,28.77,21.02,0.4245,1,1
433,641,950.11,62.25,22.86,18.20,0.3072,1,1
433,651,430.95,377.02,35.54,23.74,0.3827,1,1
433,652,1421.62,0.90,31.33,23.94,0.2643,1,1
433,657,202.45,524.36,21.40,36.70,0.5329,1,1
433,658,582.04,402.00,31.85,31.39,0.3311,1,1
433,659,1128.16,32.68,24.28,19.01,0.4861,1,1
434,1,988.84,25.02,62.65,39.69,0.8779,1,1
434,2,442.02,426.91,94.73,97.08,0.8509,1,1
434,3,439.21,116.32,55.96,39.49,0.7348,1,1
434,4,1036.73,580.32,109.29,113.95,0.8317,1,1
434,11,700.94,201.55,84.74,60.10,0.9005,1,1
434,16,1457.05,0.01,35.79,30.38,0.6835,1,1
434,17,674.27,80.25,28.78,41.27,0.7492,1,1
434,83,74.72,396.31,35.71,37.64,0.5138,1,1
434,188,654.35,850.50,142.76,140.57,0.8345,1,1
434,190,904.52,138.63,65.35,71.61,0.8305,1,1
434,247,649.52,54.05,52.43,41.13,0.7676,1,1
434,453,453.76,154.87,35.35,38.54,0.6748,1,1
434,570,814.05,611.48,101.74,95.30,0.7217,1,1
434,591,414.45,527.13,101.97,88.67,0.8582,1,1
434,611,697.52,679.54,35.39,55.23,0.7722,1,1
434,618,707.90,248.35,40.84,44.27,0.3551,1,1
434,619,908.03,866.10,51.01,43.58,0.7521,1,1
434,631,480.26,905.53,40.92,51.95,0.8297,1,1
434,640,698.70,179.74,28.61,20.77,0.4126,1,1
434,651,433.49,378.02,33.47,22.43,0.2830,1,1
434,652,1421.64,0.89,31.32,23.95,0.2921,1,1
434,657,202.18,526.14,21.80,34.26,0.5884,1,1
434,658,582.01,402.48,31.64,31.36,0.3108,1,1
434,659,1130.45,32.39,24.52,19.10,0.2570,1,1
434,662,323.10,224.29,41.92,47.20,0.7048,1,1
435,1,989.65,24.45,61.42,40.02,0.8632,1,1
435,2,442.57,427.91,93.50,94.17,0.8582,1,1
435,3,440.80,116.17,54.80,38.28,0.8086,1,1
435,4,1037.07,580.18,108.34,112.65,0.8210,1,1
435,11,697.99,201.61,84.02,60.16,0.9078,1,1
435,16,1456.85,0.01,35.84,30.10,0.7239,1,1
435,17,674.30,80.25,28.74,41.34,0.7472,1,1
435,83,74.93,396.32,36.09,37.72,0.5544,1,1
435,188,653.53,851.40,142.94,141.66,0.8300,1,1
435,190,905.18,138.69,65.06,71.13,0.8449,1,1
435,247,649.99,54.49,52.24,40.89,0.7654,1,1
435,453,454.71,155.70,36.56,39.66,0.6940,1,1
435,570,828.71,615.29,94.15,92.98,0.8649,1,1
435,591,425.61,521.88,105.33,91.91,0.6346,1,1
435,611,707.81,676.67,34.84,53.08,0.6265,1,1
435,618,705.35,250.22,38.80,42.39,0.4318,1,1
435,619,909.68,866.67,50.10,44.41,0.6648,1,1
435,631,496.27,889.39,42.52,55.27,0.8554,1,1
435,640,698.52,179.17,29.80,21.44,0.4737,1,1
435,641,950.30,61.72,21.63,17.10,0.2691,1,1
435,657,203.99,529.00,20.83,31.21,0.3257,1,1
435,662,322.61,224.11,42.90,48.88,0.7321,1,1
436,1,990.12,24.44,60.50,40.02,0.8625,1,1
436,2,442.13,427.79,94.30,94.23,0.8581,1,1
436,3,440.62,116.18,55.05,38.30,0.8101,1,1
436,4,1036.99,580.18,108.44,112.60,0.8144,1,1
436,11,698.14,201.63,83.69,60.16,0.9079,1,1
436,16,1456.68,0.01,36.11,30.11,0.7250,1,1
436,17,674.36,80.23,28.69,41.38,0.7472,1,1
436,83,74.86,396.31,36.34,37.76,0.5510,1,1
436,188,653.79,851.41,142.41,141.68,0.8308,1,1
436,190,905.07,138.71,65.16,71.10,0.8453,1,1
436,247,650.00,54.53,52.23,40.80,0.7620,1,1
436,453,454.69,155.79,36.71,39.67,0.7025,1,1
436,570,829.84,615.39,92.30,92.91,0.8657,1,1
436,591,426.88,521.35,105.38,92.31,0.6282,1,1
436,611,708.50,676.48,35.42,52.83,0.6259,1,1
436,618,704.93,250.64,38.25,42.01,0.4355,1,1
436,619,910.60,866.69,48.43,44.50,0.6627,1,1
436,631,496.79,889.07,42.11,55.35,0.8551,1,1
436,640,698.35,178.77,30.35,21.71,0.4872,1,1
436,641,950.26,61.74,21.47,16.87,0.2657,1,1
436,657,203.97,529.55,21.37,30.52,0.3343,1,1
436,662,322.76,224.11,42.57,48.92,0.7330,1,1
436,664,60.29,540.98,25.76,34.52,0.4714,1,1
436,665,304.79,210.24,43.02,48.86,0.2833,1,1
437,1,989.80,24.10,60.80,41.69,0.8913,1,1
437,2,442.43,426.95,93.21,92.27,0.8503,1,1
437,3,440.13,116.50,57.22,39.65,0.8461,1,1
437,4,1038.26,579.35,106.97,109.83,0.8409,1,1
437,11,697.02,202.44,83.05,58.78,0.8981,1,1
437,16,1456.70,0.00,36.18,30.03,0.7145,1,1
437,17,674.39,80.23,28.67,41.43,0.7424,1,1
437,83,75.22,396.77,36.14,37.33,0.4480,1,1
437,188,653.59,852.54,141.80,141.87,0.7998,1,1
437,190,904.83,138.57,65.21,70.29,0.8265,1,1
437,247,649.66,54.23,52.66,41.36,0.7649,1,1
437,453,455.75,156.53,37.43,41.01,0.7104,1,1
437,570,837.42,620.54,86.84,91.45,0.8791,1,1
437,571,531.23,300.31,29.14,31.03,0.5514,1,1
437,591,435.63,516.53,105.06,93.38,0.8641,1,1
437,611,716.24,674.77,34.15,50.78,0.4285,1,1
437,618,702.27,244.80,39.90,45.08,0.3996,1,1
437,619,912.15,866.73,45.40,44.06,0.8618,1,1
437,631,506.92,873.59,45.99,60.91,0.6130,1,1
437,640,698.64,176.58,30.94,22.17,0.5032,1,1
437,641,947.44,63.13,22.20,17.73,0.2597,1,1
437,662,322.02,224.01,43.10,49.79,0.7232,1,1
437,665,305.73,210.03,42.61,48.63,0.3212,1,1
438,1,991.23,24.09,59.38,42.16,0.9022,1,1
438,2,443.11,426.09,90.61,88.73,0.8043,1,1
438,3,441.60,116.30,57.13,40.51,0.8427,1,1
438,4,1038.74,577.56,107.96,108.95,0.8645,1,1
438,11,694.96,202.66,84.56,59.81,0.8911,1,1
438,16,1456.39,0.00,36.31,29.96,0.7160,1,1
438,17,674.23,79.82,28.83,41.71,0.7383,1,1
438,83,75.17,395.96,37.59,38.86,0.4435,1,1
438,188,654.62,855.01,140.32,141.12,0.7638,1,1
438,190,905.29,138.35,65.50,70.08,0.8460,1,1
438,247,649.33,54.63,52.59,41.65,0.7346,1,1
438,308,322.80,225.79,41.79,49.28,0.6733,1,1
438,453,457.07,158.94,36.82,40.38,0.7252,1,1
438,570,840.18,625.40,87.43,92.69,0.8821,1,1
438,571,532.81,302.13,30.31,32.11,0.7169,1,1
438,591,449.53,511.76,99.72,94.16,0.8855,1,1
438,619,912.86,867.35,45.80,44.32,0.8565,1,1
438,631,531.87,872.82,38.03,50.51,0.8109,1,1
438,640,698.87,175.63,30.79,22.06,0.5420,1,1
438,641,947.11,63.03,21.48,17.34,0.3447,1,1
438,665,306.81,210.17,42.47,48.58,0.3059,1,1
439,1,991.84,24.61,57.90,41.57,0.8801,1,1
439,2,442.89,424.75,90.11,87.94,0.8067,1,1
439,3,443.26,116.82,55.61,41.09,0.8597,1,1
439,4,1038.79,576.58,107.26,106.50,0.8563,1,1
439,11,692.61,203.23,84.96,60.62,0.8966,1,1
439,16,1456.30,0.00,36.48,29.98,0.7195,1,1
439,17,674.27,80.26,28.67,41.32,0.7359,1,1
439,83,75.18,396.75,37.08,38.34,0.3877,1,1
439,188,654.27,854.81,140.93,142.87,0.7300,1,1
439,190,906.05,138.58,64.99,68.49,0.8473,1,1
439,247,649.33,54.79,52.45,41.92,0.7449,1,1
439,308,323.88,224.51,40.98,48.61,0.6019,1,1
439,453,457.65,160.56,36.66,40.18,0.7689,1,1
439,570,844.82,632.38,86.06,92.50,0.8318,1,1
439,571,534.50,301.15,30.51,34.02,0.7625,1,1
439,591,461.73,510.07,100.51,90.92,0.8781,1,1
439,611,728.74,665.57,38.16,56.03,0.6346,1,1
439,619,914.32,867.90,45.48,44.31,0.8370,1,1
439,631,540.01,860.82,40.22,54.73,0.7987,1,1
439,640,698.57,175.68,30.47,21.62,0.5535,1,1
439,641,947.16,62.23,21.55,17.63,0.4138,1,1
439,665,307.41,209.60,40.21,46.12,0.3385,1,1
440,1,992.10,23.77,56.78,41.88,0.8472,1,1
440,2,442.40,423.98,90.01,88.24,0.6438,1,1
440,3,444.27,116.78,55.78,41.99,0.8512,1,1
440,4,1040.21,573.86,107.47,104.07,0.8833,1,1
440,11,691.47,203.33,85.36,61.36,0.9002,1,1
440,16,1456.25,0.01,36.61,30.01,0.7193,1,1
440,17,674.29,80.67,28.59,40.97,0.7338,1,1
440,83,76.19,398.24,36.00,37.24,0.3302,1,1
440,188,653.72,853.14,142.22,145.01,0.6124,1,1
440,190,906.48,138.65,65.27,68.75,0.8303,1,1
440,247,649.48,54.81,52.19,42.00,0.7526,1,1
440,308,324.21,224.33,41.69,49.38,0.6477,1,1
440,453,457.40,161.18,37.20,40.74,0.7411,1,1
440,570,848.41,640.61,82.94,87.88,0.8466,1,1
440,571,535.59,301.56,32.02,36.48,0.4859,1,1
440,591,472.05,502.26,103.09,92.23,0.8464,1,1
440,611,734.86,662.01,38.11,56.56,0.4304,1,1
440,619,913.25,868.28,46.25,44.40,0.8286,1,1
440,631,554.81,858.24,36.62,48.09,0.7277,1,1
440,640,696.67,176.76,29.82,20.80,0.5408,1,1
440,641,947.30,61.96,21.55,17.80,0.4223,1,1
440,665,309.60,208.83,39.81,45.28,0.3357,1,1
440,669,187.30,519.73,28.96,23.81,0.4705,1,1
440,670,53.90,555.93,21.55,33.50,0.2981,1,1
440,671,950.47,58.77,21.35,14.74,0.3837,1,1
441,1,992.30,24.30,54.61,41.35,0.8124,1,1
441,2,442.24,423.29,90.63,89.26,0.4755,1,1
441,3,443.76,116.65,55.90,42.72,0.8532,1,1
441,4,1041.01,569.67,107.46,103.91,0.8443,1,1
441,11,690.25,203.79,86.38,62.44,0.9107,1,1
441,16,1456.21,0.01,36.69,30.02,0.7179,1,1
441,17,674.45,81.94,28.25,39.77,0.7254,1,1
441,83,78.14,403.02,33.45,34.02,0.3738,1,1
441,188,654.41,854.42,140.33,143.83,0.5911,1,1
441,190,906.19,138.85,66.09,69.65,0.8202,1,1
441,247,649.84,54.67,51.99,41.94,0.7712,1,1
441,308,325.91,224.88,40.31,47.18,0.7433,1,1
441,453,456.67,159.85,37.40,40.83,0.7112,1,1
441,570,852.47,648.54,81.43,86.62,0.8458,1,1
441,571,537.15,302.04,32.64,37.85,0.2922,1,1
441,591,482.47,494.69,100.25,93.28,0.8692,1,1
441,611,744.02,665.76,34.62,51.30,0.7555,1,1
441,619,912.51,868.49,47.00,44.60,0.8238,1,1
441,631,562.70,851.18,36.17,47.79,0.8015,1,1
441,640,694.80,177.86,29.22,19.62,0.4876,1,1
441,641,947.95,60.98,20.40,16.76,0.4444,1,1
441,665,312.09,208.41,42.39,47.41,0.3220,1,1
441,669,187.81,523.00,27.41,21.95,0.4893,1,1
441,670,55.71,564.23,21.14,32.84,0.5773,1,1
441,671,950.73,57.97,21.27,14.67,0.4740,1,1
442,1,992.76,24.33,53.58,41.33,0.8122,1,1
442,2,442.41,423.19,90.22,89.26,0.4683,1,1
442,3,443.97,116.71,55.41,42.65,0.8542,1,1
442,4,1040.96,569.58,107.56,103.89,0.8456,1,1
442,11,690.31,203.80,86.23,62.46,0.9109,1,1
442,16,1456.16,0.01,36.73,30.02,0.7176,1,1
442,17,674.28,82.02,28.55,39.70,0.7254,1,1
442,83,78.27,404.03,33.27,33.36,0.3673,1,1
442,188,654.59,854.62,139.68,143.90,0.5912,1,1
442,190,906.16,138.87,66.10,69.68,0.8199,1,1
442,247,649.87,54.68,51.92,41.97,0.7695,1,1
442,308,325.95,224.99,40.41,46.98,0.7422,1,1
442,453,456.62,159.69,37.47,40.86,0.6986,1,1
442,570,852.99,648.73,81.00,86.58,0.8449,1,1
442,571,537.69,302.21,32.35,38.24,0.2927,1,1
442,591,483.37,494.37,98.55,93.51,0.8715,1,1
442,611,744.40,665.94,34.46,51.03,0.7549,1,1
442,619,912.32,868.50,47.32,44.60,0.8231,1,1
442,631,562.98,850.95,36.04,47.79,0.8008,1,1
442,640,694.11,178.10,29.77,19.36,0.4892,1,1
442,641,947.96,60.80,20.24,16.55,0.4453,1,1
442,665,312.42,208.46,43.46,47.86,0.3179,1,1
442,669,187.60,523.48,27.77,21.70,0.4825,1,1
442,670,55.85,565.07,21.06,32.72,0.5749,1,1
442,671,950.69,57.86,21.27,14.67,0.4723,1,1
442,672,449.54,422.52,111.57,167.05,0.7901,1,1
443,1,994.20,22.53,52.51,42.89,0.8812,1,1
443,2,441.36,422.11,90.64,90.41,0.4558,1,1
443,3,443.30,116.74,55.47,42.91,0.8552,1,1
443,4,1042.59,562.61,107.06,104.63,0.8636,1,1
443,11,690.02,205.18,86.40,63.00,0.8931,1,1
443,16,1456.15,0.00,36.79,30.02,0.7153,1,1
443,17,674.24,81.28,29.36,40.49,0.7178,1,1
443,83,78.19,404.97,34.20,33.18,0.6682,1,1
443,188,654.39,854.53,139.69,144.51,0.4224,1,1
443,190,906.06,138.71,66.95,70.17,0.8324,1,1
443,247,650.43,54.71,51.82,41.55,0.7807,1,1
443,308,326.66,224.19,40.23,46.83,0.7782,1,1
443,453,455.68,158.77,37.54,40.50,0.7063,1,1
443,570,857.39,658.02,79.30,85.74,0.8544,1,1
443,591,491.15,490.29,101.60,92.87,0.8918,1,1
443,611,751.50,665.55,32.87,46.44,0.7128,1,1
443,619,911.51,868.32,48.05,45.00,0.8649,1,1
443,631,568.22,845.70,37.30,45.66,0.8561,1,1
443,640,691.41,177.16,30.66,19.45,0.5151,1,1
443,641,948.68,61.17,19.40,15.51,0.4369,1,1
443,669,186.57,524.53,30.73,22.65,0.6184,1,1
443,670,57.08,567.65,23.13,36.05,0.2739,1,1
443,671,950.93,58.35,20.72,14.15,0.5162,1,1
443,675,474.89,324.47,25.68,34.71,0.6895,1,1
444,1,994.74,25.39,46.84,40.29,0.8823,1,1
444,2,438.44,420.55,94.22,95.10,0.3434,1,1
444,3,442.51,116.71,54.39,41.51,0.8542,1,1
444,4,1046.43,558.00,105.27,102.94,0.8307,1,1
444,11,689.66,204.16,87.62,65.82,0.8690,1,1
444,16,1456.08,0.00,36.71,29.93,0.6988,1,1
444,17,674.28,80.93,29.77,40.89,0.7026,1,1
444,83,78.25,405.72,34.59,33.04,0.6234,1,1
444,188,654.63,854.98,138.91,144.57,0.5232,1,1
444,190,905.62,138.58,67.37,71.07,0.8405,1,1
444,247,650.59,54.57,52.22,41.49,0.7896,1,1
444,308,327.76,224.39,39.34,45.76,0.7992,1,1
444,453,454.13,159.16,37.75,40.34,0.6800,1,1
444,570,857.62,666.25,78.78,84.13,0.7868,1,1
444,591,499.91,486.35,102.39,93.52,0.8765,1,1
444,600,936.02,105.10,24.68,21.30,0.5811,1,1
444,611,756.02,663.90,33.44,45.67,0.7797,1,1
444,619,911.99,868.33,47.30,43.74,0.8497,1,1
444,631,572.38,844.47,37.63,44.09,0.8693,1,1
444,640,690.52,176.12,32.45,20.38,0.4060,1,1
444,641,949.11,60.96,18.48,14.45,0.3147,1,1
444,670,57.29,570.24,26.72,42.49,0.4210,1,1
444,671,951.46,58.37,20.46,13.94,0.4243,1,1
444,675,472.94,325.88,25.59,34.62,0.5956,1,1
445,1,994.29,23.66,45.58,41.62,0.8913,1,1
445,2,437.66,421.84,93.68,96.91,0.5309,1,1
445,3,441.10,116.44,54.28,41.35,0.8461,1,1
445,4,1047.05,552.93,106.54,103.55,0.7159,1,1
445,11,688.32,203.99,89.32,68.99,0.8167,1,1
445,16,1456.11,-0.00,36.72,29.93,0.6953,1,1
445,17,674.50,81.25,29.79,40.56,0.6931,1,1
445,83,76.67,406.44,36.30,34.53,0.7438,1,1
445,188,654.89,852.39,139.04,147.06,0.6784,1,1
445,190,906.19,138.72,66.69,70.86,0.8451,1,1
445,247,650.84,54.34,52.58,41.85,0.7645,1,1
445,308,327.24,223.74,40.79,47.62,0.7787,1,1
445,379,58.04,350.45,56.89,58.12,0.2874,1,1
445,453,452.98,158.06,37.48,40.04,0.6433,1,1
445,570,861.97,672.75,76.97,81.01,0.8338,1,1
445,591,505.90,482.05,100.40,90.45,0.8901,1,1
445,600,936.28,106.03,26.28,23.63,0.3738,1,1
445,611,763.12,664.14,34.33,46.71,0.7675,1,1
445,619,911.62,868.34,48.94,44.76,0.8679,1,1
445,631,572.49,842.11,38.70,45.47,0.8657,1,1
445,640,689.32,177.64,32.47,20.15,0.3420,1,1
445,641,949.29,59.59,19.28,14.74,0.3388,1,1
445,665,315.51,208.26,42.27,45.15,0.2752,1,1
445,670,58.72,573.75,29.33,47.91,0.7191,1,1
445,671,951.10,57.56,21.59,14.94,0.5711,1,1
445,675,474.85,329.26,26.90,31.55,0.7628,1,1
446,1,994.89,22.64,43.08,41.95,0.8909,1,1
446,2,433.66,421.51,101.63,107.85,0.3953,1,1
446,3,438.46,115.02,56.55,44.52,0.8587,1,1
446,4,1049.65,548.05,106.18,101.34,0.7597,1,1
446,11,686.40,202.70,90.46,71.04,0.6218,1,1
446,16,1456.17,-0.01,36.53,29.62,0.6890,1,1
446,17,674.22,80.34,30.67,41.47,0.6818,1,1
446,83,76.50,406.70,36.59,34.84,0.6926,1,1
446,188,655.94,852.72,137.30,147.13,0.7508,1,1
446,190,906.96,139.14,65.99,70.33,0.8465,1,1
446,247,650.68,54.04,52.99,42.40,0.7463,1,1
446,308,328.82,221.96,39.85,47.26,0.7344,1,1
446,453,451.43,157.86,37.11,39.83,0.7706,1,1
446,570,862.55,677.26,76.98,80.82,0.3243,1,1
446,591,509.54,476.12,101.42,92.65,0.8865,1,1
446,611,769.39,664.04,32.92,44.80,0.7203,1,1
446,619,911.76,869.38,48.12,42.91,0.8585,1,1
446,631,568.82,833.90,42.80,51.50,0.8324,1,1
446,640,690.83,173.98,34.49,21.76,0.3613,1,1
446,641,948.46,59.34,20.71,15.72,0.4058,1,1
446,671,950.88,57.50,21.81,15.26,0.5505,1,1
446,675,479.93,331.68,30.02,32.88,0.5668,1,1
446,677,865.15,215.11,25.59,22.25,0.3569,1,1
446,678,171.49,521.87,20.21,26.86,0.3942,1,1
446,679,1152.86,41.86,25.15,15.35,0.4768,1,1
447,1,995.34,22.54,41.72,41.53,0.8893,1,1
447,2,437.36,423.50,94.66,101.33,0.3617,1,1
447,3,437.80,114.91,56.47,45.05,0.8323,1,1
447,4,1052.42,543.85,107.04,100.34,0.7227,1,1
447,11,684.60,202.14,92.22,75.20,0.6629,1,1
447,16,1455.46,-0.01,37.31,30.44,0.6651,1,1
447,17,675.96,82.92,29.37,39.16,0.6402,1,1
447,83,76.70,408.72,35.84,34.71,0.7991,1,1
447,188,658.56,851.78,135.21,146.22,0.7379,1,1
447,190,906.54,138.95,65.88,69.70,0.8425,1,1
447,247,651.50,54.54,51.63,40.56,0.7269,1,1
447,308,331.73,220.33,39.26,47.78,0.7546,1,1
447,379,58.13,353.26,56.21,58.28,0.2726,1,1
447,453,450.98,158.84,35.22,37.59,0.7154,1,1
447,570,864.37,682.52,75.55,78.99,0.3358,1,1
447,591,517.38,474.54,97.86,87.73,0.8860,1,1
447,611,772.85,659.27,34.76,47.83,0.6374,1,1
447,619,910.96,869.26,48.40,42.63,0.8590,1,1
447,631,567.04,833.01,41.71,48.79,0.8290,1,1
447,640,687.08,176.75,31.56,19.75,0.4802,1,1
447,641,948.98,59.53,18.66,13.84,0.2711,1,1
447,658,580.02,402.81,29.34,29.03,0.3126,1,1
447,665,316.99,207.37,41.06,41.04,0.4659,1,1
447,671,951.95,56.46,21.80,15.68,0.4973,1,1
447,675,484.65,333.69,29.78,30.84,0.5112,1,1
447,677,866.11,215.47,25.47,22.08,0.3560,1,1
447,678,169.81,523.04,20.18,27.12,0.3187,1,1
448,1,995.44,22.56,41.36,41.48,0.8889,1,1
448,2,438.59,424.10,92.25,99.57,0.3621,1,1
448,3,437.97,114.95,55.96,45.04,0.8326,1,1
448,4,1051.91,543.62,108.43,100.27,0.7218,1,1
448,11,685.84,202.12,89.54,75.58,0.6626,1,1
448,16,1455.46,0.01,37.23,30.53,0.6663,1,1
448,17,675.98,83.23,29.52,38.91,0.6402,1,1
448,83,76.82,408.78,35.56,34.71,0.7987,1,1
448,188,659.01,851.86,134.34,146.08,0.7317,1,1
448,190,906.39,138.96,66.12,69.68,0.8425,1,1
448,247,651.23,54.59,52.18,40.45,0.7270,1,1
448,308,332.21,220.25,38.57,47.81,0.7545,1,1
448,379,58.33,353.77,55.61,58.21,0.2755,1,1
448,453,450.88,158.94,35.19,37.42,0.7167,1,1
448,570,864.61,683.61,75.58,78.67,0.3402,1,1
448,591,517.10,474.52,98.56,87.66,0.8859,1,1
448,611,773.27,658.83,34.63,48.15,0.6403,1,1
448,619,911.13,869.38,48.43,42.52,0.8550,1,1
448,631,566.64,833.02,42.34,48.71,0.8290,1,1
448,640,686.32,177.29,31.19,19.40,0.4805,1,1
448,641,948.99,59.69,18.28,13.28,0.2707,1,1
448,658,579.96,402.84,29.28,28.95,0.3112,1,1
448,665,316.31,207.36,42.44,40.68,0.4641,1,1
448,671,952.31,56.34,21.38,15.75,0.4980,1,1
448,675,484.78,333.96,30.97,30.48,0.5099,1,1
448,677,866.20,215.64,25.47,22.02,0.3560,1,1
448,678,169.57,523.33,19.98,27.16,0.3162,1,1
448,680,520.49,300.71,26.59,37.01,0.7066,1,1
449,1,995.42,24.13,40.50,39.80,0.8821,1,1
449,2,442.26,425.76,87.39,94.14,0.3962,1,1
449,3,438.48,115.06,51.75,39.68,0.8272,1,1
449,4,1052.92,539.02,111.66,101.66,0.7811,1,1
449,11,686.16,202.01,88.26,76.81,0.6248,1,1
449,16,1455.54,-0.01,37.10,30.54,0.6707,1,1
449,17,675.78,82.81,30.14,39.20,0.6370,1,1
449,83,76.35,408.79,35.73,35.17,0.7746,1,1
449,188,659.62,850.02,135.15,147.85,0.6994,1,1
449,190,906.23,138.98,66.28,70.04,0.8373,1,1
449,247,651.60,54.79,52.68,40.54,0.7172,1,1
449,308,332.80,219.73,38.62,47.80,0.7398,1,1
449,379,58.31,354.46,54.91,57.60,0.4316,1,1
449,453,448.93,157.65,36.77,39.06,0.5609,1,1
449,570,864.50,684.94,74.71,75.85,0.5075,1,1
449,591,522.40,473.71,96.16,84.76,0.8794,1,1
449,619,911.43,870.19,48.17,42.77,0.8371,1,1
449,631,559.79,828.89,41.18,48.08,0.8240,1,1
449,640,683.49,176.39,31.72,19.93,0.6282,1,1
449,641,945.64,59.63,19.45,14.29,0.2874,1,1
449,658,579.17,403.51,29.33,28.62,0.3654,1,1
449,665,315.00,205.69,43.82,41.71,0.5772,1,1
449,671,952.51,56.41,21.00,15.64,0.4318,1,1
449,677,864.37,215.20,25.60,22.06,0.3467,1,1
449,678,169.98,523.43,20.08,27.80,0.3152,1,1
449,680,513.49,299.49,27.34,37.96,0.4623,1,1
450,1,994.29,23.68,43.40,39.61,0.8851,1,1
450,2,443.46,427.12,85.28,91.67,0.3802,1,1
450,3,435.52,115.75,53.24,39.71,0.7904,1,1
450,4,1055.52,534.37,113.29,102.74,0.6373,1,1
450,11,688.43,202.37,84.63,76.42,0.7279,1,1
450,16,1455.68,-0.00,36.89,30.44,0.6646,1,1
450,17,675.91,82.06,30.62,39.79,0.6377,1,1
450,83,75.91,409.49,36.43,35.83,0.6729,1,1
450,188,660.12,847.03,135.90,148.93,0.5990,1,1
450,190,906.10,138.74,66.43,70.23,0.8421,1,1
450,247,652.05,54.65,53.43,41.18,0.7097,1,1
450,308,335.42,216.99,38.75,48.58,0.7690,1,1
450,453,444.82,151.24,39.78,42.69,0.6752,1,1
450,591,523.56,467.24,98.60,85.56,0.8656,1,1
450,603,446.49,162.35,36.74,37.88,0.3393,1,1
450,619,911.27,870.15,48.40,42.94,0.8300,1,1
450,631,556.11,827.63,38.85,45.31,0.8790,1,1
450,640,680.11,174.77,33.62,21.23,0.4628,1,1
450,641,946.42,58.64,21.34,15.87,0.2886,1,1
450,658,579.42,403.73,29.70,28.07,0.3964,1,1
450,665,314.87,204.64,43.43,41.16,0.5002,1,1
450,671,952.20,56.42,20.87,15.74,0.5212,1,1
450,677,863.31,215.46,25.32,21.91,0.4632,1,1
450,678,170.46,524.47,19.58,27.56,0.2685,1,1
450,680,507.51,297.39,26.59,36.97,0.6928,1,1
451,1,993.60,23.66,44.73,39.61,0.8845,1,1
451,2,443.69,427.71,84.73,90.87,0.3752,1,1
451,3,434.78,115.66,54.52,40.03,0.7876,1,1
451,4,1055.66,533.92,113.79,102.86,0.6272,1,1
451,11,689.46,202.41,82.59,76.38,0.7297,1,1
451,16,1455.64,0.01,36.86,30.47,0.6640,1,1
451,17,675.89,82.04,30.67,39.81,0.6355,1,1
451,83,75.85,409.56,36.50,35.88,0.6725,1,1
451,188,660.19,846.57,135.79,149.05,0.6087,1,1
451,190,906.08,138.74,66.45,70.23,0.8420,1,1
451,247,652.08,54.61,53.40,41.22,0.7086,1,1
451,308,335.82,216.89,38.32,48.45,0.7687,1,1
451,453,444.65,151.16,39.57,42.69,0.6686,1,1
451,591,523.19,467.05,99.54,85.64,0.8657,1,1
451,603,446.39,162.52,36.61,37.73,0.3504,1,1
451,619,911.22,870.15,48.46,42.94,0.8306,1,1
451,631,556.05,827.64,38.82,45.26,0.8788,1,1
451,640,679.42,174.48,33.91,21.51,0.4636,1,1
451,641,946.61,58.36,21.97,16.52,0.2739,1,1
451,658,579.08,403.87,30.33,28.05,0.3953,1,1
451,665,314.70,204.52,43.38,41.02,0.4974,1,1
451,671,952.23,56.38,20.77,15.88,0.5266,1,1
451,677,863.10,215.53,25.20,21.88,0.4594,1,1
451,678,170.67,524.76,19.25,27.57,0.2805,1,1
451,680,507.11,297.26,26.51,36.89,0.6909,1,1
451,681,1156.67,22.29,22.62,20.56,0.3483,1,1
451,682,1175.42,41.52,26.59,15.04,0.2786,1,1
451,683,560.05,537.82,42.70,41.49,0.4323,1,1
451,684,1153.92,26.31,29.64,21.78,0.3849,1,1
451,685,678.38,178.02,30.27,19.91,0.5011,1,1
