1,1,1228.40,322.56,67.79,51.76,0.8922,1,1
1,2,1266.70,559.86,25.78,41.22,0.8099,1,1
1,3,1264.36,264.76,69.21,38.68,0.7920,1,1
1,4,907.81,119.67,45.12,24.75,0.7121,1,1
2,5,1231.77,324.37,68.46,49.15,0.8918,1,1
2,6,1264.26,264.57,66.74,37.89,0.8324,1,1
2,7,1268.56,558.12,25.90,40.25,0.8061,1,1
2,8,907.99,119.83,44.71,24.78,0.7143,1,1
3,9,1235.68,326.03,67.26,46.69,0.8999,1,1
3,10,1264.60,264.41,66.40,38.18,0.8346,1,1
3,11,1271.12,556.84,25.36,39.16,0.7944,1,1
3,12,908.17,119.57,44.86,24.81,0.7133,1,1
4,13,1241.60,328.09,64.81,45.58,0.8998,1,1
4,14,1264.23,263.93,65.97,38.28,0.8496,1,1
4,15,908.23,119.43,45.49,25.06,0.7101,1,1
4,16,1274.16,556.78,23.80,37.66,0.6621,1,1
5,17,1244.84,328.50,66.34,45.86,0.8855,1,1
5,18,1264.75,261.51,65.27,39.17,0.8237,1,1
5,19,908.30,119.35,45.53,25.48,0.7175,1,1
5,20,1278.08,552.41,23.91,36.97,0.3045,1,1
6,21,1244.86,328.54,66.29,45.82,0.8866,1,1
6,22,1264.70,261.49,65.33,39.11,0.8192,1,1
6,23,908.29,119.36,45.55,25.45,0.7176,1,1
6,24,1277.92,552.16,23.97,37.07,0.2854,1,1
7,25,1254.61,332.36,66.38,44.44,0.8923,1,1
7,26,1266.15,260.40,60.03,37.07,0.8378,1,1
7,27,907.90,118.69,44.63,26.14,0.7348,1,1
8,28,1259.15,334.48,65.06,44.96,0.9047,1,1
8,29,1267.30,259.64,58.12,36.85,0.8401,1,1
8,30,907.93,117.97,44.62,27.21,0.7735,1,1
8,31,1284.80,496.52,31.27,49.14,0.2968,1,1
9,32,1262.58,336.17,66.68,44.76,0.9031,1,1
9,33,1268.09,258.90,57.16,36.60,0.8436,1,1
9,34,907.81,118.37,44.77,27.24,0.7188,1,1
9,35,1286.94,499.37,31.33,46.30,0.5716,1,1
10,36,1266.51,337.36,65.21,44.26,0.8927,1,1
10,37,1269.73,258.83,57.28,35.90,0.8411,1,1
10,38,907.97,117.74,43.30,28.44,0.7153,1,1
10,39,1287.98,501.01,32.89,47.12,0.3173,1,1
11,40,1270.81,338.72,64.41,43.69,0.8944,1,1
11,41,1271.80,258.60,56.76,33.56,0.8391,1,1
11,42,908.36,121.22,45.34,23.74,0.7134,1,1
12,43,1270.78,338.58,64.32,43.86,0.8934,1,1
12,44,1271.73,258.59,56.76,33.46,0.8400,1,1
12,45,908.37,121.13,45.28,23.82,0.7124,1,1
13,46,1277.16,340.04,68.10,45.25,0.8921,1,1
13,47,1273.68,257.36,55.55,31.15,0.8441,1,1
13,48,908.35,118.72,44.37,26.57,0.7081,1,1
14,49,1280.57,341.43,66.58,45.54,0.8887,1,1
14,50,1273.78,257.07,55.60,31.41,0.8440,1,1
14,51,908.32,120.64,43.90,24.33,0.7222,1,1
15,52,1282.77,343.07,65.21,45.71,0.8836,1,1
15,53,1273.80,257.08,55.89,31.89,0.8394,1,1
15,54,908.32,119.81,41.61,25.68,0.7474,1,1
16,55,1285.67,343.51,66.27,45.96,0.8973,1,1
16,56,1274.73,255.62,55.85,33.94,0.8559,1,1
16,57,908.67,120.05,42.39,25.50,0.7725,1,1
17,58,1288.21,343.97,65.28,45.88,0.8955,1,1
17,59,1275.43,253.16,56.28,36.21,0.8630,1,1
17,60,908.84,120.27,41.29,25.26,0.7894,1,1
18,61,1288.20,343.97,65.29,45.87,0.8956,1,1
18,62,1275.40,253.17,56.28,36.17,0.8629,1,1
18,63,908.67,120.28,41.40,25.23,0.7901,1,1
19,64,1292.50,343.48,65.04,47.29,0.8918,1,1
19,65,1274.00,251.91,58.64,34.93,0.8702,1,1
19,66,908.94,120.56,40.42,25.73,0.8521,1,1
20,67,1294.30,344.11,65.13,47.26,0.8785,1,1
20,68,1273.66,250.36,59.33,35.48,0.8741,1,1
20,69,908.70,121.45,40.37,25.38,0.8598,1,1
21,70,1273.37,250.49,59.33,34.32,0.8754,1,1
21,71,908.63,121.87,39.80,25.56,0.8667,1,1
21,72,1295.14,344.87,64.54,47.19,0.8654,1,1
22,73,1295.75,345.43,65.64,46.64,0.8783,1,1
22,74,1271.78,248.51,61.05,35.54,0.8672,1,1
22,75,908.36,121.75,40.09,25.65,0.8659,1,1
23,76,1297.37,344.83,66.25,47.10,0.8836,1,1
23,77,908.37,121.73,39.96,25.64,0.8629,1,1
23,78,1270.79,246.86,61.48,35.99,0.8608,1,1
24,79,1297.31,344.82,66.44,47.16,0.8850,1,1
24,80,907.97,121.74,40.44,25.66,0.8659,1,1
24,81,1270.76,246.82,61.25,35.74,0.8620,1,1
25,82,1298.58,344.80,70.54,47.60,0.8922,1,1
25,83,907.64,122.86,39.27,25.49,0.8769,1,1
25,84,1264.67,243.42,59.19,33.79,0.8602,1,1
25,85,1180.40,379.71,23.62,29.76,0.3172,1,1
26,86,1298.62,344.40,69.68,48.70,0.8909,1,1
26,87,1262.06,241.33,59.32,34.47,0.8805,1,1
26,88,907.07,123.99,39.37,24.82,0.8713,1,1
27,89,1301.43,344.91,68.37,48.09,0.8890,1,1
27,90,1259.82,238.81,57.36,34.41,0.8747,1,1
27,91,906.77,123.97,38.23,24.81,0.8703,1,1
27,92,1174.55,379.20,26.91,43.39,0.3737,1,1
28,93,1301.52,344.10,69.23,47.68,0.8871,1,1
28,94,906.20,123.94,37.02,24.69,0.8665,1,1
28,95,1257.42,235.02,53.70,34.95,0.8490,1,1
28,96,1174.46,380.89,27.30,38.64,0.5712,1,1
29,97,1301.68,343.13,70.09,47.93,0.8839,1,1
29,98,904.68,124.00,36.03,26.06,0.8694,1,1
29,99,1253.65,233.06,53.34,32.66,0.8517,1,1
30,100,1301.68,343.15,70.05,47.92,0.8858,1,1
30,101,904.69,124.00,36.00,26.06,0.8688,1,1
30,102,1253.69,233.07,53.17,32.63,0.8517,1,1
30,103,1174.59,378.18,24.21,36.32,0.2560,1,1
31,104,1303.29,342.07,71.17,47.34,0.8912,1,1
31,105,1248.37,229.86,52.75,34.48,0.8790,1,1
31,106,901.87,125.31,37.46,25.88,0.8746,1,1
32,107,1303.39,341.79,71.09,47.09,0.8921,1,1
32,108,1246.20,228.04,50.56,36.29,0.8823,1,1
32,109,900.28,125.37,35.18,26.58,0.8455,1,1
33,110,1303.06,339.53,72.49,48.50,0.8934,1,1
33,111,1243.99,225.28,49.65,38.31,0.8881,1,1
33,112,900.15,125.24,35.62,26.62,0.8463,1,1
34,113,1240.86,224.07,46.95,37.37,0.8930,1,1
34,114,1305.51,337.66,70.41,47.97,0.8923,1,1
34,115,899.45,124.98,37.09,27.00,0.8402,1,1
34,116,1205.15,424.38,33.52,38.48,0.6108,1,1
34,117,1172.63,371.14,21.85,39.47,0.3313,1,1
35,118,1238.37,222.05,47.46,39.69,0.9085,1,1
35,119,1306.79,336.29,69.29,46.61,0.8984,1,1
35,120,899.78,125.18,34.06,26.73,0.8355,1,1
35,121,1208.24,423.36,30.80,41.02,0.7956,1,1
35,122,914.98,146.67,16.94,21.42,0.2528,1,1
36,123,1238.38,222.09,47.41,39.65,0.9085,1,1
36,124,1306.78,336.30,69.26,46.58,0.8990,1,1
36,125,899.75,125.19,34.12,26.72,0.8357,1,1
36,126,1208.24,423.38,30.82,41.09,0.7970,1,1
36,127,914.97,146.68,16.95,21.41,0.2538,1,1
37,128,1308.73,334.65,68.42,44.17,0.8920,1,1
37,129,1233.25,220.14,48.80,39.45,0.8868,1,1
37,130,897.99,126.56,31.01,26.59,0.8105,1,1
37,131,1211.29,422.66,29.16,42.93,0.8068,1,1
37,132,909.67,149.56,17.91,19.69,0.2593,1,1
38,133,1309.87,332.61,67.28,43.82,0.8953,1,1
38,134,1232.19,218.65,46.95,40.84,0.8792,1,1
38,135,1213.10,422.22,30.00,39.29,0.8288,1,1
38,136,897.18,126.38,32.16,26.04,0.8142,1,1
39,137,1309.95,330.83,67.05,44.29,0.8984,1,1
39,138,1231.43,217.47,47.60,41.32,0.8839,1,1
39,139,895.61,127.00,33.28,26.45,0.8321,1,1
39,140,1213.69,419.70,29.53,41.81,0.6518,1,1
40,141,1310.22,330.05,66.96,43.02,0.8983,1,1
40,142,1230.14,215.01,47.82,42.93,0.8719,1,1
40,143,894.19,127.32,33.64,25.88,0.8374,1,1
40,144,1215.02,419.23,30.17,38.73,0.6891,1,1
41,145,1311.94,328.11,65.58,42.78,0.8891,1,1
41,146,1229.04,213.37,48.17,42.89,0.8685,1,1
41,147,891.79,128.28,35.90,24.47,0.8256,1,1
41,148,1216.65,418.15,30.61,39.43,0.7156,1,1
42,149,1311.95,328.10,65.56,42.78,0.8889,1,1
42,150,1229.02,213.50,48.38,42.81,0.8684,1,1
42,151,891.79,128.27,35.90,24.47,0.8254,1,1
42,152,1216.64,418.15,30.61,39.41,0.7102,1,1
43,153,1313.20,326.60,65.09,41.93,0.8886,1,1
43,154,1227.74,212.15,47.17,44.79,0.8652,1,1
43,155,891.13,129.62,34.77,24.79,0.8339,1,1
43,156,1220.06,415.21,30.99,41.40,0.6611,1,1
44,157,1313.92,326.71,64.18,41.39,0.8876,1,1
44,158,1227.06,211.73,47.38,45.18,0.8645,1,1
44,159,889.78,130.10,35.45,24.21,0.8419,1,1
44,160,1220.18,415.68,30.93,40.34,0.6439,1,1
45,161,1315.62,326.54,62.88,41.06,0.8844,1,1
45,162,1226.87,210.24,47.39,46.05,0.8667,1,1
45,163,888.89,130.25,35.81,24.88,0.8498,1,1
45,164,1221.01,413.84,31.37,42.25,0.5876,1,1
46,165,1316.55,325.32,63.47,41.28,0.8773,1,1
46,166,887.05,130.83,36.66,24.16,0.8574,1,1
46,167,1227.94,208.28,46.19,47.85,0.8544,1,1
46,168,1222.86,412.12,31.19,42.37,0.3578,1,1
47,169,1317.14,325.46,63.26,39.61,0.8639,1,1
47,170,885.53,131.55,36.57,25.43,0.8576,1,1
47,171,1227.79,206.15,45.24,48.83,0.8473,1,1
47,172,890.89,153.56,24.28,24.50,0.3964,1,1
48,173,1317.16,325.44,63.35,39.64,0.8634,1,1
48,174,885.56,131.51,36.43,25.46,0.8579,1,1
48,175,1227.79,206.15,45.20,48.83,0.8471,1,1
48,176,890.88,153.55,24.28,24.62,0.4093,1,1
49,177,1320.40,326.39,62.34,37.68,0.8660,1,1
49,178,882.91,132.59,34.73,24.95,0.8563,1,1
49,179,1227.93,204.01,44.74,45.43,0.8470,1,1
49,180,1343.25,360.15,30.66,36.23,0.2737,1,1
50,181,881.58,132.84,34.23,25.49,0.8599,1,1
50,182,1321.47,327.53,62.41,36.59,0.8591,1,1
50,183,1227.74,202.98,44.19,46.65,0.8515,1,1
50,184,887.58,153.49,24.31,23.87,0.5669,1,1
50,185,1344.21,360.00,30.46,35.65,0.4164,1,1
51,186,879.70,133.30,32.74,24.54,0.8705,1,1
51,187,1323.16,328.22,61.68,35.66,0.8483,1,1
51,188,1227.93,200.00,43.79,47.87,0.8469,1,1
51,189,886.84,152.89,22.34,21.14,0.5501,1,1
51,190,1342.83,359.54,32.07,35.12,0.4347,1,1
51,191,873.22,232.50,20.45,20.60,0.3166,1,1
52,192,877.10,133.34,34.31,25.28,0.8743,1,1
52,193,1227.30,198.28,44.57,48.66,0.8634,1,1
52,194,1325.99,327.73,60.01,35.79,0.8460,1,1
52,195,886.60,152.85,22.60,22.25,0.5243,1,1
53,196,1226.79,196.64,44.63,49.76,0.8717,1,1
53,197,876.16,133.33,34.49,25.74,0.8582,1,1
53,198,1327.27,327.53,60.67,36.23,0.8537,1,1
53,199,883.53,153.30,23.02,23.70,0.5443,1,1
54,200,1226.79,196.65,44.71,49.76,0.8718,1,1
54,201,876.20,133.26,34.49,25.84,0.8579,1,1
54,202,1327.29,327.52,60.65,36.22,0.8542,1,1
54,203,883.35,153.36,23.14,23.64,0.5429,1,1
54,204,1345.68,359.30,30.25,33.38,0.2514,1,1
55,205,1223.88,195.31,45.12,42.78,0.8980,1,1
55,206,874.36,134.12,34.35,27.89,0.8717,1,1
55,207,1327.86,328.87,62.42,35.20,0.8577,1,1
55,208,1349.34,359.79,30.28,33.37,0.2944,1,1
56,209,1223.22,193.61,43.15,42.76,0.9022,1,1
56,210,874.21,134.47,34.43,28.79,0.8788,1,1
56,211,1328.24,328.94,62.64,35.80,0.8651,1,1
57,212,1220.29,190.97,43.94,44.20,0.8928,1,1
57,213,873.11,134.53,35.14,28.48,0.8759,1,1
57,214,1329.16,329.01,62.72,36.35,0.8675,1,1
57,215,1158.66,337.26,19.32,32.32,0.3010,1,1
58,216,1218.73,190.50,44.41,42.22,0.8870,1,1
58,217,872.13,134.17,34.56,30.41,0.8750,1,1
58,218,1329.98,328.62,62.99,37.52,0.8706,1,1
58,219,881.08,160.01,23.25,18.97,0.3414,1,1
58,220,875.74,159.47,25.23,24.21,0.2769,1,1
59,221,1217.16,190.52,45.27,41.20,0.8845,1,1
59,222,1332.62,328.49,61.38,37.90,0.8747,1,1
59,223,870.52,133.91,35.14,32.09,0.8704,1,1
59,224,879.24,162.33,23.40,18.61,0.5422,1,1
59,225,874.63,161.39,25.77,24.01,0.4796,1,1
60,226,1217.13,190.54,45.19,41.06,0.8853,1,1
60,227,1332.64,328.48,61.36,37.93,0.8744,1,1
60,228,870.54,133.87,35.17,32.12,0.8706,1,1
60,229,879.35,162.31,23.39,18.54,0.5397,1,1
60,230,874.69,161.40,25.69,23.93,0.4753,1,1
61,231,1333.89,328.32,61.06,40.21,0.8936,1,1
61,232,868.05,134.29,36.66,32.91,0.8558,1,1
61,233,1212.33,187.63,44.29,43.57,0.8551,1,1
61,234,872.37,162.31,26.87,24.31,0.4492,1,1
61,235,877.94,163.17,23.77,19.29,0.4267,1,1
61,236,1158.01,333.40,19.31,36.02,0.4035,1,1
61,237,1351.24,361.64,31.91,34.44,0.2810,1,1
62,238,1336.30,328.50,59.39,40.19,0.8917,1,1
62,239,867.52,134.01,38.78,34.72,0.8630,1,1
62,240,1210.47,185.39,41.60,40.52,0.8440,1,1
62,241,872.06,164.44,27.27,23.06,0.4968,1,1
62,242,1157.51,331.12,19.36,37.43,0.4714,1,1
62,243,878.44,163.59,26.18,18.68,0.3721,1,1
63,244,1337.01,328.46,60.08,40.76,0.8890,1,1
63,245,1208.11,182.45,42.37,41.93,0.8599,1,1
63,246,867.03,134.36,38.40,35.10,0.8567,1,1
63,247,1157.44,330.08,19.68,39.46,0.4912,1,1
63,248,873.13,164.85,25.97,21.77,0.4263,1,1
63,249,882.91,162.53,21.84,18.56,0.3816,1,1
64,250,1338.00,328.37,60.42,40.85,0.8874,1,1
64,251,1206.37,181.52,43.72,40.87,0.8596,1,1
64,252,1423.69,478.03,63.42,38.83,0.8399,1,1
64,253,866.30,136.30,37.55,35.59,0.8313,1,1
64,254,1157.01,328.29,19.25,40.79,0.5983,1,1
65,255,1339.07,328.33,60.37,41.16,0.8878,1,1
65,256,1205.47,180.15,43.19,41.55,0.8559,1,1
65,257,865.28,137.11,38.09,37.90,0.8273,1,1
65,258,1428.66,472.67,66.56,45.63,0.7560,1,1
65,259,1156.60,327.09,19.91,40.55,0.6559,1,1
66,260,1339.06,328.35,60.29,41.08,0.8877,1,1
66,261,1205.52,180.15,43.13,41.57,0.8559,1,1
66,262,865.19,138.76,37.82,36.40,0.8286,1,1
66,263,1428.64,472.63,66.52,45.66,0.7542,1,1
66,264,1156.64,327.16,19.86,40.46,0.6422,1,1
67,265,1340.78,330.00,61.57,41.16,0.8848,1,1
67,266,1203.12,177.79,42.88,43.15,0.8510,1,1
67,267,859.82,145.21,39.31,36.12,0.8384,1,1
67,268,1437.31,460.24,65.00,51.47,0.7458,1,1
67,269,1156.23,326.56,18.73,40.80,0.3015,1,1
68,270,1342.81,330.77,60.09,41.37,0.8867,1,1
68,271,1202.82,175.57,41.77,43.80,0.8603,1,1
68,272,859.09,143.18,40.64,40.05,0.8493,1,1
68,273,1441.75,454.30,66.18,53.39,0.7892,1,1
68,274,1155.51,325.92,18.24,41.38,0.2710,1,1
69,275,1343.54,330.84,59.88,41.87,0.8885,1,1
69,276,1202.42,175.07,41.17,40.99,0.8829,1,1
69,277,859.18,152.10,38.63,34.09,0.8731,1,1
69,278,1445.78,446.51,64.01,52.60,0.8425,1,1
69,279,865.85,182.58,26.53,18.74,0.3202,1,1
70,280,1202.39,173.01,40.51,41.20,0.8951,1,1
70,281,1345.09,330.92,59.59,42.52,0.8916,1,1
70,282,858.64,153.57,38.71,35.16,0.8845,1,1
70,283,1448.45,439.87,67.47,53.65,0.8836,1,1
70,284,865.43,184.86,25.20,17.53,0.2597,1,1
71,285,1202.46,172.81,40.60,41.27,0.8931,1,1
71,286,1345.50,331.25,60.24,42.56,0.8891,1,1
71,287,858.11,155.41,39.19,35.12,0.8844,1,1
71,288,1449.88,434.91,68.18,52.06,0.8469,1,1
71,289,1240.89,413.15,30.42,39.31,0.3407,1,1
71,290,865.71,186.45,25.79,17.09,0.2522,1,1
72,291,1202.44,172.84,40.68,41.21,0.8931,1,1
72,292,1345.52,331.27,60.26,42.55,0.8896,1,1
72,293,858.10,155.34,39.23,35.21,0.8841,1,1
72,294,1449.88,434.92,68.22,52.18,0.8470,1,1
72,295,1240.92,413.11,30.37,39.34,0.3549,1,1
72,296,865.75,186.46,25.77,17.09,0.2615,1,1
72,297,839.41,269.65,12.85,24.00,0.2502,1,1
73,298,1202.81,172.57,40.07,41.80,0.8931,1,1
73,299,1345.88,333.84,61.75,43.49,0.8914,1,1
73,300,857.47,161.50,39.11,33.19,0.8214,1,1
73,301,1448.84,426.47,71.37,52.47,0.7883,1,1
73,302,1241.15,410.77,30.85,41.18,0.2781,1,1
74,303,1347.47,334.21,61.10,43.57,0.8975,1,1
74,304,1204.46,170.50,38.80,41.68,0.8971,1,1
74,305,856.97,163.80,39.48,34.10,0.8390,1,1
74,306,1448.41,422.64,73.11,52.51,0.7074,1,1
75,307,1348.34,334.40,60.39,44.04,0.9010,1,1
75,308,1206.87,169.68,38.71,40.91,0.8817,1,1
75,309,1450.99,417.25,70.98,53.27,0.8565,1,1
75,310,856.41,162.50,40.05,35.85,0.8456,1,1
76,311,1451.19,410.15,70.97,58.96,0.9123,1,1
76,312,1349.89,334.51,60.26,43.99,0.9027,1,1
76,313,1207.23,168.81,40.10,40.12,0.8789,1,1
76,314,855.46,167.43,39.74,32.61,0.8455,1,1
77,315,1451.12,409.02,71.58,59.88,0.9095,1,1
77,316,1350.82,334.91,60.96,43.63,0.9022,1,1
77,317,855.60,168.69,39.41,35.02,0.8707,1,1
77,318,1208.92,167.89,40.34,39.91,0.8605,1,1
77,319,862.18,198.98,23.06,17.59,0.2573,1,1
78,320,1451.14,409.02,71.55,59.88,0.9094,1,1
78,321,1350.82,334.91,60.97,43.63,0.9021,1,1
78,322,855.60,168.72,39.41,35.01,0.8707,1,1
78,323,1208.91,167.89,40.34,39.91,0.8603,1,1
78,324,862.17,198.98,23.06,17.59,0.2564,1,1
79,325,1352.54,336.58,59.71,42.85,0.9108,1,1
79,326,1450.29,406.39,72.81,60.61,0.8877,1,1
79,327,855.28,175.91,40.34,31.61,0.8745,1,1
79,328,1210.74,166.65,39.01,35.15,0.8429,1,1
79,329,862.64,203.99,22.36,16.67,0.3093,1,1
80,330,1352.65,336.57,60.06,42.94,0.9132,1,1
80,331,1450.45,405.79,72.84,59.28,0.8873,1,1
80,332,855.24,176.16,40.28,32.23,0.8747,1,1
80,333,1211.10,164.11,38.96,35.26,0.8316,1,1
80,334,862.38,204.51,22.28,17.54,0.2876,1,1
81,335,1352.52,335.95,60.30,43.35,0.9085,1,1
81,336,1450.14,403.52,73.15,61.10,0.8833,1,1
81,337,856.37,175.41,39.00,33.75,0.8749,1,1
81,338,1209.60,163.31,40.29,34.43,0.8219,1,1
81,339,862.74,205.73,22.78,17.96,0.3456,1,1
82,340,1352.47,335.44,60.71,43.56,0.9074,1,1
82,341,1449.74,403.46,73.42,60.62,0.8845,1,1
82,342,857.33,176.52,38.86,35.27,0.8755,1,1
82,343,1209.37,163.44,40.58,33.51,0.8211,1,1
82,344,862.65,209.16,22.51,17.68,0.4087,1,1
83,345,1352.51,335.44,60.64,43.50,0.9068,1,1
83,346,1449.80,403.44,73.35,60.20,0.8822,1,1
83,347,857.29,176.43,38.90,35.41,0.8762,1,1
83,348,1209.37,163.42,40.62,33.53,0.8209,1,1
83,349,862.57,209.15,22.52,17.70,0.4147,1,1
84,350,1352.58,335.53,60.64,43.72,0.9071,1,1
84,351,1447.64,403.49,75.11,60.96,0.8843,1,1
84,352,857.80,179.12,38.07,37.07,0.8827,1,1
84,353,1206.89,163.49,43.08,33.47,0.8576,1,1
84,354,862.26,212.38,23.53,15.93,0.6186,1,1
85,355,1352.63,335.57,60.89,43.51,0.9053,1,1
85,356,858.04,180.66,38.11,36.20,0.8834,1,1
85,357,1447.01,403.50,75.57,60.39,0.8793,1,1
85,358,1205.00,162.79,43.35,32.28,0.8399,1,1
85,359,862.02,212.73,24.44,15.80,0.6336,1,1
85,360,1160.48,279.00,15.58,23.57,0.2596,1,1
86,361,1352.54,335.51,61.06,43.49,0.9059,1,1
86,362,857.92,179.93,38.74,37.31,0.8897,1,1
86,363,1446.60,403.33,75.86,60.21,0.8804,1,1
86,364,1204.78,161.49,41.39,31.53,0.8561,1,1
86,365,860.51,204.12,30.61,19.97,0.2604,1,1
87,366,1352.42,335.32,61.18,43.47,0.9044,1,1
87,367,1446.07,401.87,76.29,61.24,0.8818,1,1
87,368,857.78,180.30,38.80,37.28,0.8796,1,1
87,369,1202.41,161.16,40.85,31.24,0.8657,1,1
87,370,1160.45,279.41,15.65,22.19,0.3264,1,1
87,371,837.93,286.57,15.65,29.47,0.2857,1,1
88,372,1352.43,335.30,61.24,43.46,0.9038,1,1
88,373,857.94,181.15,40.29,38.29,0.8748,1,1
88,374,1445.63,401.43,77.73,60.11,0.8740,1,1
88,375,1199.29,161.09,41.20,31.09,0.8642,1,1
88,376,837.81,287.67,15.60,28.59,0.2907,1,1
88,377,1160.21,279.16,15.71,22.18,0.2870,1,1
89,378,1352.35,335.30,61.28,43.51,0.9033,1,1
89,379,857.92,181.14,40.33,38.30,0.8750,1,1
89,380,1445.66,401.42,77.54,59.96,0.8737,1,1
89,381,1199.27,161.10,41.19,31.11,0.8642,1,1
89,382,837.83,287.67,15.61,28.69,0.3062,1,1
89,383,1160.25,279.05,15.78,22.13,0.3015,1,1
90,384,1352.24,335.38,61.54,43.33,0.9020,1,1
90,385,1196.29,160.39,40.65,30.33,0.8894,1,1
90,386,1445.52,401.43,77.50,59.69,0.8744,1,1
90,387,858.74,183.54,40.29,39.05,0.8717,1,1
90,388,1160.15,279.20,15.36,22.31,0.4049,1,1
90,389,865.51,216.99,21.14,23.01,0.2932,1,1
91,390,1352.16,335.68,61.82,42.97,0.9037,1,1
91,391,1194.96,158.60,39.39,29.93,0.9033,1,1
91,392,1445.35,401.52,77.40,59.37,0.8758,1,1
91,393,858.93,183.37,39.97,39.17,0.8735,1,1
91,394,865.46,217.56,20.74,22.45,0.3724,1,1
91,395,1162.03,277.19,15.58,20.13,0.2672,1,1
92,396,1193.66,157.25,37.93,30.65,0.9107,1,1
92,397,1352.03,335.41,62.87,42.89,0.9047,1,1
92,398,1445.34,401.02,77.41,59.70,0.8772,1,1
92,399,859.46,183.97,39.81,39.19,0.8712,1,1
92,400,866.21,219.03,21.25,21.01,0.4862,1,1
93,401,1351.90,335.54,63.66,42.30,0.9070,1,1
93,402,1192.61,156.74,38.09,29.71,0.9056,1,1
93,403,1445.99,399.63,76.28,59.68,0.8817,1,1
93,404,860.20,187.38,39.81,37.09,0.8273,1,1
93,405,866.32,220.52,21.31,19.68,0.4622,1,1
94,406,1352.13,335.66,64.01,42.14,0.9077,1,1
94,407,1190.41,156.41,37.87,29.47,0.8993,1,1
94,408,1446.02,399.75,76.51,59.19,0.8793,1,1
94,409,860.81,187.33,38.52,38.20,0.8481,1,1
94,410,866.62,221.49,21.55,18.74,0.4605,1,1
95,411,1352.16,335.89,63.38,42.02,0.9076,1,1
95,412,1190.40,156.36,38.33,29.56,0.8990,1,1
95,413,1445.99,399.73,76.32,59.25,0.8803,1,1
95,414,860.93,187.74,38.25,37.98,0.8436,1,1
95,415,866.32,221.31,21.27,18.95,0.4923,1,1
96,416,1352.21,336.79,64.59,41.59,0.9097,1,1
96,417,1187.24,155.12,38.51,30.16,0.8787,1,1
96,418,1446.07,399.23,75.77,58.78,0.8786,1,1
96,419,861.79,188.48,38.06,38.52,0.8261,1,1
96,420,839.50,289.73,15.53,27.28,0.3264,1,1
96,421,867.07,222.50,21.77,17.89,0.2895,1,1
97,422,1352.25,336.89,64.65,41.67,0.9097,1,1
97,423,1186.19,153.76,37.95,30.57,0.8877,1,1
97,424,1446.25,399.19,75.62,58.46,0.8776,1,1
97,425,861.66,189.60,38.59,36.95,0.8365,1,1
97,426,1353.54,595.32,27.53,31.88,0.4936,1,1
97,427,839.47,289.52,15.59,27.37,0.4026,1,1
97,428,867.04,222.51,22.20,17.87,0.2667,1,1
98,429,1352.22,336.84,64.91,41.78,0.9102,1,1
98,430,1446.50,397.91,75.13,58.66,0.8837,1,1
98,431,1185.69,152.78,38.90,31.27,0.8721,1,1
98,432,861.82,189.52,39.17,36.53,0.8523,1,1
98,433,1349.77,594.74,27.92,34.51,0.5652,1,1
98,434,839.51,289.84,15.52,27.21,0.4273,1,1
99,435,1352.38,336.89,65.09,41.99,0.9121,1,1
99,436,1446.29,397.16,75.50,58.88,0.8861,1,1
99,437,1185.20,153.09,39.04,30.44,0.8613,1,1
99,438,861.79,189.54,39.37,36.82,0.8511,1,1
99,439,1346.00,595.47,32.97,36.20,0.8288,1,1
99,440,839.25,290.62,15.57,27.19,0.4387,1,1
99,441,867.13,222.76,22.27,17.53,0.2699,1,1
100,442,1352.69,336.90,65.56,42.14,0.9116,1,1
100,443,1445.99,397.14,76.06,58.67,0.8835,1,1
100,444,1185.12,153.08,38.11,30.24,0.8612,1,1
100,445,862.43,189.38,38.72,38.11,0.8569,1,1
100,446,1344.02,595.45,30.29,36.93,0.7995,1,1
100,447,839.25,287.53,15.97,28.20,0.3388,1,1
100,448,867.43,223.44,22.08,16.86,0.2611,1,1
101,449,1352.70,336.90,65.44,42.15,0.9118,1,1
101,450,1445.98,397.15,76.07,58.69,0.8833,1,1
101,451,1185.16,153.09,38.05,30.19,0.8603,1,1
101,452,862.45,189.44,38.67,38.05,0.8592,1,1
101,453,1344.03,595.45,30.08,36.84,0.8018,1,1
101,454,839.23,287.50,15.96,28.23,0.3495,1,1
101,455,867.44,223.44,22.11,16.87,0.2740,1,1
102,456,1352.91,337.11,65.11,42.58,0.9091,1,1
102,457,1445.49,397.21,77.11,58.01,0.8870,1,1
102,458,1184.93,153.10,37.86,29.38,0.8680,1,1
102,459,862.71,189.44,38.24,38.16,0.8558,1,1
102,460,1343.40,595.60,28.99,38.45,0.7905,1,1
102,461,867.43,223.36,21.75,16.89,0.3030,1,1
102,462,1377.04,376.48,27.08,31.21,0.2736,1,1
103,463,1353.10,337.19,65.55,42.62,0.9081,1,1
103,464,1445.18,397.10,77.44,58.44,0.8846,1,1
103,465,862.74,189.05,38.31,38.27,0.8716,1,1
103,466,1184.73,152.96,38.03,29.17,0.8633,1,1
103,467,1342.82,596.63,27.44,38.56,0.7925,1,1
103,468,838.87,284.83,14.77,27.15,0.3773,1,1
103,469,867.37,222.97,21.65,17.19,0.3098,1,1
103,470,1377.49,376.47,27.21,31.17,0.2783,1,1
104,471,1354.04,336.97,65.14,42.83,0.9060,1,1
104,472,1445.16,395.89,76.23,60.21,0.8864,1,1
104,473,862.62,189.72,38.51,37.63,0.8736,1,1
104,474,1184.55,152.82,38.47,29.15,0.8546,1,1
104,475,1342.96,595.59,27.03,40.25,0.7927,1,1
104,476,838.08,284.42,14.95,27.39,0.3003,1,1
105,477,1353.84,336.97,65.17,43.41,0.9071,1,1
105,478,1446.15,395.60,75.44,59.76,0.8893,1,1
105,479,862.69,189.40,38.36,37.53,0.8754,1,1
105,480,1184.87,152.56,38.36,28.92,0.8563,1,1
105,481,1344.31,595.30,27.71,41.50,0.7787,1,1
106,482,1354.18,337.11,65.19,43.13,0.9061,1,1
106,483,1446.43,395.60,75.27,59.27,0.8912,1,1
106,484,862.69,189.71,38.35,37.27,0.8749,1,1
106,485,1184.90,152.74,38.66,28.94,0.8564,1,1
106,486,1348.93,594.25,29.58,39.42,0.8041,1,1
107,487,1354.16,337.10,65.25,43.13,0.9063,1,1
107,488,1446.39,395.59,75.32,59.30,0.8911,1,1
107,489,862.71,189.75,38.40,37.08,0.8745,1,1
107,490,1184.88,152.78,38.82,28.92,0.8559,1,1
107,491,1348.95,594.26,29.53,39.49,0.8028,1,1
108,492,1354.27,337.05,65.67,43.64,0.9062,1,1
108,493,1447.05,395.50,74.97,57.13,0.8877,1,1
108,494,862.80,189.70,38.24,38.10,0.8732,1,1
108,495,1186.46,150.87,37.59,29.66,0.8719,1,1
108,496,1355.22,594.59,26.43,38.07,0.6680,1,1
109,497,1354.45,337.01,65.57,43.89,0.9048,1,1
109,498,1448.28,395.50,76.19,57.22,0.8800,1,1
109,499,1187.64,148.03,36.75,31.45,0.8756,1,1
109,500,862.95,189.81,38.11,38.04,0.8743,1,1
109,501,1357.87,597.03,24.81,36.72,0.8049,1,1
110,502,1355.00,336.84,65.09,43.69,0.8993,1,1
110,503,1451.21,394.88,75.87,55.73,0.8981,1,1
110,504,1188.87,146.37,36.95,32.49,0.8929,1,1
110,505,863.07,189.68,38.16,38.70,0.8744,1,1
110,506,1361.07,597.47,22.11,34.94,0.7890,1,1
110,507,1377.51,376.84,29.30,30.42,0.4503,1,1
111,508,1452.87,394.94,75.52,54.91,0.9035,1,1
111,509,1355.27,336.87,65.08,43.35,0.9018,1,1
111,510,1189.32,146.29,36.71,32.17,0.8968,1,1
111,511,863.30,190.09,38.46,39.73,0.8711,1,1
111,512,1362.58,598.19,22.41,34.77,0.7535,1,1
111,513,1377.41,376.97,29.49,30.23,0.4267,1,1
112,514,1355.82,337.18,64.89,43.43,0.9055,1,1
112,515,1459.84,396.10,72.26,53.61,0.9054,1,1
112,516,1190.05,146.70,35.70,31.60,0.8961,1,1
112,517,862.73,191.72,39.23,39.23,0.8662,1,1
112,518,1363.53,597.35,22.50,33.38,0.6815,1,1
112,519,1377.46,377.37,30.15,30.08,0.4563,1,1
112,520,835.48,287.68,16.89,29.90,0.2914,1,1
113,521,1459.86,395.98,72.71,53.73,0.9038,1,1
113,522,1356.07,337.18,64.92,43.46,0.9036,1,1
113,523,1190.07,145.85,35.69,32.41,0.8961,1,1
113,524,862.59,192.04,39.37,38.92,0.8593,1,1
113,525,1363.55,597.17,22.46,33.53,0.6716,1,1
113,526,1377.55,377.38,30.72,30.11,0.4779,1,1
113,527,835.56,287.57,16.82,29.92,0.2788,1,1
114,528,1357.58,337.36,64.40,43.27,0.9062,1,1
114,529,1469.26,397.71,78.50,56.32,0.8923,1,1
114,530,1192.09,144.15,34.20,32.47,0.8919,1,1
114,531,862.95,192.56,40.42,39.49,0.8451,1,1
114,532,1363.84,596.93,23.91,34.62,0.7772,1,1
114,533,1377.79,378.34,32.40,29.47,0.3350,1,1
115,534,1357.59,337.20,64.76,43.27,0.9037,1,1
115,535,1192.34,143.45,35.95,31.99,0.9001,1,1
115,536,1472.70,398.22,75.91,56.39,0.8765,1,1
115,537,863.93,192.60,42.31,39.30,0.8154,1,1
115,538,1364.49,598.07,25.40,33.23,0.7581,1,1
115,539,1377.15,378.13,30.40,30.17,0.2695,1,1
116,540,1357.99,337.17,64.77,43.31,0.9020,1,1
116,541,1192.52,143.26,35.65,31.82,0.8973,1,1
116,542,1478.53,398.74,73.53,57.58,0.8864,1,1
116,543,864.43,195.06,41.82,36.49,0.7666,1,1
116,544,1364.68,596.88,24.76,33.62,0.7563,1,1
116,545,1377.02,377.61,33.80,30.67,0.4379,1,1
116,546,836.35,288.32,16.63,29.89,0.2622,1,1
117,547,1357.74,337.28,64.90,43.30,0.9047,1,1
117,548,1192.51,143.13,35.66,31.58,0.8963,1,1
117,549,1484.86,399.55,70.02,59.14,0.8865,1,1
117,550,864.76,196.43,42.00,35.59,0.7691,1,1
117,551,1365.84,601.07,26.47,34.25,0.7537,1,1
117,552,1376.73,377.89,33.95,30.33,0.4570,1,1
117,553,836.40,288.52,16.56,30.04,0.2514,1,1
118,554,1357.67,337.53,64.79,43.65,0.9062,1,1
118,555,1192.69,142.47,35.19,30.60,0.8855,1,1
118,556,1488.88,400.69,71.94,59.49,0.8832,1,1
118,557,865.60,197.67,41.00,35.04,0.7939,1,1
118,558,1367.54,602.34,26.94,35.19,0.7334,1,1
118,559,1374.84,377.76,34.46,33.02,0.4679,1,1
119,560,1357.63,337.53,64.68,43.61,0.9063,1,1
119,561,1192.85,142.44,34.89,30.64,0.8849,1,1
119,562,1488.91,400.76,71.52,59.41,0.8837,1,1
119,563,865.56,197.56,40.99,35.15,0.7780,1,1
119,564,1367.64,602.27,26.98,35.36,0.7223,1,1
119,565,1374.81,377.76,34.41,33.01,0.4622,1,1
120,566,1359.39,339.24,64.35,42.50,0.9048,1,1
120,567,1500.42,404.39,69.44,60.81,0.8919,1,1
120,568,866.55,199.65,40.74,34.69,0.8594,1,1
120,569,1192.07,139.75,35.50,31.27,0.8481,1,1
120,570,1373.99,378.22,35.69,33.91,0.6219,1,1
120,571,1352.83,549.32,30.26,30.08,0.3439,1,1
120,572,836.78,289.52,15.90,29.01,0.2863,1,1
120,573,1371.59,610.10,24.27,36.47,0.2573,1,1
121,574,1360.33,339.40,63.57,42.45,0.9020,1,1
121,575,1504.81,406.04,64.17,60.13,0.9003,1,1
121,576,866.93,199.28,41.08,35.61,0.8712,1,1
121,577,1189.75,138.66,36.12,30.65,0.8640,1,1
121,578,1374.16,378.36,36.74,34.51,0.6855,1,1
121,579,1346.40,547.79,35.10,33.86,0.4931,1,1
121,580,1372.11,608.75,26.66,40.61,0.3653,1,1
121,581,837.33,289.63,15.52,29.11,0.2903,1,1
122,582,1360.74,339.40,63.24,42.68,0.9024,1,1
122,583,1507.75,406.54,64.43,59.85,0.8898,1,1
122,584,1190.18,137.59,35.41,31.48,0.8782,1,1
122,585,867.24,199.09,41.38,35.66,0.8677,1,1
122,586,1374.41,378.51,37.04,34.33,0.6830,1,1
122,587,1346.23,549.49,35.14,32.79,0.4001,1,1
122,588,837.46,290.44,15.73,30.28,0.2649,1,1
123,589,1360.90,339.64,63.28,42.48,0.8986,1,1
123,590,867.84,199.73,41.23,37.89,0.8904,1,1
123,591,1511.42,408.32,65.07,58.10,0.8849,1,1
123,592,1189.07,137.11,34.81,31.90,0.8765,1,1
123,593,1374.68,378.36,38.44,35.37,0.7190,1,1
123,594,1377.47,610.79,27.30,42.61,0.5887,1,1
124,595,1361.47,340.23,63.35,41.96,0.8983,1,1
124,596,868.07,200.08,40.90,37.93,0.8842,1,1
124,597,1185.67,137.07,35.82,30.48,0.8739,1,1
124,598,1513.96,408.70,74.38,60.61,0.8660,1,1
124,599,1375.89,379.01,38.54,34.91,0.6791,1,1
124,600,1341.42,551.79,30.05,30.38,0.3001,1,1
125,601,1361.43,340.19,63.18,42.05,0.8976,1,1
125,602,868.00,200.09,41.24,37.82,0.8859,1,1
125,603,1185.66,137.06,35.77,30.42,0.8746,1,1
125,604,1513.90,408.75,73.82,60.52,0.8684,1,1
125,605,1375.73,378.85,38.45,35.05,0.6783,1,1
125,606,1341.72,551.57,30.34,31.35,0.3257,1,1
126,607,1361.76,341.02,63.59,41.31,0.8922,1,1
126,608,1526.32,411.53,63.32,57.29,0.8906,1,1
126,609,1184.06,134.74,32.48,29.36,0.8845,1,1
126,610,868.04,201.20,41.58,37.15,0.8784,1,1
126,611,1334.09,552.84,32.15,34.94,0.8129,1,1
126,612,1375.40,379.30,39.20,35.71,0.7765,1,1
126,613,1388.28,615.85,22.69,43.00,0.7187,1,1
127,614,1527.91,411.78,63.07,57.22,0.9024,1,1
127,615,1361.79,341.18,64.48,41.44,0.8931,1,1
127,616,1179.09,132.20,35.00,30.98,0.8928,1,1
127,617,868.17,201.17,42.60,38.24,0.8775,1,1
127,618,1328.91,556.07,34.49,32.57,0.8522,1,1
127,619,1374.96,379.16,40.67,36.34,0.8118,1,1
127,620,1390.54,617.10,22.97,43.31,0.7240,1,1
128,621,1177.15,131.36,35.13,30.71,0.9005,1,1
128,622,1529.44,412.03,65.50,56.93,0.8924,1,1
128,623,1361.98,341.16,65.62,41.40,0.8915,1,1
128,624,868.40,201.03,42.66,38.41,0.8744,1,1
128,625,1328.49,555.64,31.86,32.19,0.8286,1,1
128,626,1375.27,379.20,40.37,36.09,0.7839,1,1
128,627,1394.21,616.10,21.99,45.17,0.6790,1,1
129,628,1173.93,131.44,35.50,30.14,0.8935,1,1
129,629,1362.00,342.28,67.45,40.40,0.8899,1,1
129,630,1529.80,412.69,69.83,56.57,0.8844,1,1
129,631,868.20,201.21,43.32,37.89,0.8782,1,1
129,632,1375.38,379.50,40.77,36.91,0.7894,1,1
129,633,1327.81,556.58,32.06,31.85,0.7846,1,1
129,634,1396.60,615.59,25.56,44.22,0.6676,1,1
130,635,1361.84,343.67,67.87,39.06,0.8913,1,1
130,636,1530.60,413.45,69.84,56.20,0.8850,1,1
130,637,1172.94,131.56,36.27,28.19,0.8815,1,1
130,638,868.26,201.82,43.38,37.34,0.8725,1,1
130,639,1327.08,556.26,32.47,32.00,0.7956,1,1
130,640,1374.51,379.30,40.68,37.35,0.7515,1,1
130,641,1398.06,615.28,26.05,42.69,0.6165,1,1
131,642,1361.81,343.74,68.42,38.99,0.8902,1,1
131,643,1530.77,413.52,69.81,56.14,0.8868,1,1
131,644,1172.91,131.51,36.34,28.24,0.8818,1,1
131,645,868.30,201.37,42.25,37.44,0.8694,1,1
131,646,1327.13,556.48,32.42,31.81,0.7966,1,1
131,647,1374.70,379.39,40.67,37.28,0.7417,1,1
131,648,1398.05,615.14,26.19,42.91,0.6203,1,1
132,649,1362.21,343.77,69.93,39.71,0.8898,1,1
132,650,1171.34,128.36,34.29,28.52,0.8815,1,1
132,651,1531.57,413.74,71.05,56.20,0.8782,1,1
132,652,867.98,201.92,42.59,37.63,0.8310,1,1
132,653,1326.34,556.33,32.70,35.29,0.7782,1,1
132,654,1375.01,378.23,41.20,38.63,0.7381,1,1
132,655,1400.33,615.75,25.02,42.78,0.5867,1,1
133,656,1362.03,343.71,70.41,39.86,0.8896,1,1
133,657,868.20,201.55,41.56,38.22,0.8754,1,1
133,658,1532.38,412.81,71.32,56.78,0.8734,1,1
133,659,1169.75,126.82,32.56,28.44,0.8471,1,1
133,660,1326.62,557.87,32.62,34.09,0.7873,1,1
133,661,1401.83,610.91,24.85,44.31,0.7419,1,1
133,662,1375.17,378.28,41.48,38.69,0.7334,1,1
134,663,1362.10,343.69,71.20,39.85,0.8892,1,1
134,664,1532.84,412.30,71.74,57.28,0.8751,1,1
134,665,868.61,201.85,42.13,38.67,0.8682,1,1
134,666,1168.29,125.93,33.16,28.81,0.8300,1,1
134,667,1326.95,557.91,32.31,33.93,0.7760,1,1
134,668,1402.09,608.24,26.55,46.00,0.7694,1,1
134,669,1375.60,378.37,41.31,38.76,0.7289,1,1
135,670,1362.45,344.04,70.86,39.67,0.8906,1,1
135,671,869.02,201.68,42.83,39.06,0.8761,1,1
135,672,1534.09,412.06,70.65,57.98,0.8737,1,1
135,673,1166.93,126.21,32.76,28.06,0.8458,1,1
135,674,1326.61,558.08,32.67,33.70,0.7773,1,1
135,675,1377.14,378.52,39.79,38.96,0.7373,1,1
135,676,1402.77,605.79,26.15,46.34,0.6393,1,1
136,677,1362.77,344.43,71.16,39.66,0.8892,1,1
136,678,869.45,201.55,42.15,39.68,0.8782,1,1
136,679,1534.25,412.17,70.54,57.75,0.8751,1,1
136,680,1165.91,126.04,32.96,28.06,0.8494,1,1
136,681,1325.82,557.49,32.91,34.47,0.7929,1,1
136,682,1377.20,378.35,39.79,39.61,0.6961,1,1
136,683,1402.85,605.11,25.99,47.12,0.6464,1,1
137,684,1362.78,344.38,70.90,39.69,0.8886,1,1
137,685,869.48,201.55,42.00,39.69,0.8772,1,1
137,686,1535.12,412.07,69.71,57.95,0.8714,1,1
137,687,1165.87,125.96,33.00,28.16,0.8495,1,1
137,688,1325.81,557.32,32.98,34.73,0.7939,1,1
137,689,1377.17,378.37,39.79,39.62,0.6991,1,1
137,690,1402.92,605.34,25.89,46.86,0.6354,1,1
138,691,1363.11,344.83,71.36,39.92,0.8881,1,1
138,692,1535.19,412.19,69.66,57.70,0.8757,1,1
138,693,871.79,202.02,41.55,40.31,0.8654,1,1
138,694,1164.08,124.57,34.53,29.00,0.8220,1,1
138,695,1325.95,557.38,33.03,34.79,0.8113,1,1
138,696,1376.53,378.19,40.28,40.03,0.6469,1,1
138,697,1402.55,601.68,26.60,48.93,0.6179,1,1
139,698,1362.45,345.09,72.51,40.24,0.8882,1,1
139,699,1535.03,412.21,70.38,57.23,0.8663,1,1
139,700,872.06,202.12,41.91,41.04,0.8591,1,1
139,701,1164.11,123.94,31.72,29.46,0.8188,1,1
139,702,1326.13,557.62,32.51,34.54,0.8076,1,1
139,703,1402.19,600.14,27.04,49.10,0.7367,1,1
139,704,1377.39,378.44,39.73,40.08,0.7026,1,1
140,705,1362.63,345.10,72.11,40.19,0.8879,1,1
140,706,1535.80,412.04,70.38,56.94,0.8668,1,1
140,707,1163.87,123.95,32.08,29.01,0.8182,1,1
140,708,872.53,202.43,42.58,41.04,0.7876,1,1
140,709,1401.73,600.38,27.19,47.51,0.7828,1,1
140,710,1327.16,558.86,32.14,33.24,0.7728,1,1
140,711,1377.06,378.35,39.17,39.76,0.6385,1,1
141,712,1363.08,345.80,71.02,40.43,0.8870,1,1
141,713,1536.90,412.07,69.65,56.25,0.8785,1,1
141,714,873.22,203.20,42.71,41.70,0.8638,1,1
141,715,1163.58,122.82,32.24,29.96,0.8303,1,1
141,716,1401.83,600.27,27.04,47.12,0.7858,1,1
141,717,1327.70,558.63,36.60,33.87,0.7751,1,1
141,718,1375.27,379.12,40.50,39.45,0.6461,1,1
141,719,1206.48,194.92,25.62,29.88,0.2670,1,1
142,720,1363.04,345.98,71.69,40.98,0.8845,1,1
142,721,1538.45,412.11,68.60,56.59,0.8797,1,1
142,722,874.42,204.38,41.96,41.05,0.8555,1,1
142,723,1163.26,122.21,32.42,30.17,0.8294,1,1
142,724,1328.24,558.18,35.95,33.89,0.8030,1,1
142,725,1401.50,600.32,27.04,47.62,0.7856,1,1
142,726,1375.51,380.52,40.23,38.16,0.6570,1,1
143,727,1363.05,346.01,71.76,40.96,0.8844,1,1
143,728,1538.41,412.19,69.12,56.50,0.8808,1,1
143,729,874.39,204.27,41.81,41.22,0.8543,1,1
143,730,1162.91,122.27,32.84,30.07,0.8265,1,1
143,731,1328.25,558.15,36.09,34.08,0.8000,1,1
143,732,1401.51,600.20,27.02,47.82,0.7851,1,1
143,733,1375.54,380.55,40.20,38.15,0.6582,1,1
144,734,1363.07,346.07,71.94,41.31,0.8875,1,1
144,735,1539.62,412.53,67.95,55.65,0.8830,1,1
144,736,875.59,205.06,43.19,41.24,0.8726,1,1
144,737,1328.33,557.99,36.03,34.67,0.8105,1,1
144,738,1162.19,119.05,33.09,30.58,0.7939,1,1
144,739,1400.73,599.77,27.24,48.66,0.7901,1,1
144,740,1377.52,381.61,39.42,36.85,0.6975,1,1
145,741,1363.05,346.07,72.17,41.37,0.8861,1,1
145,742,875.40,206.25,44.87,41.23,0.8840,1,1
145,743,1540.40,412.32,67.45,55.44,0.8828,1,1
145,744,1328.71,558.16,36.07,34.94,0.8179,1,1
145,745,1400.64,599.93,27.07,47.99,0.7972,1,1
145,746,1162.23,118.65,33.13,30.65,0.7845,1,1
145,747,1378.26,381.51,38.76,36.89,0.6971,1,1
146,748,1362.95,346.08,71.96,41.39,0.8877,1,1
146,749,875.37,208.44,45.38,40.51,0.8849,1,1
146,750,1540.30,412.28,68.02,54.41,0.8648,1,1
146,751,1328.82,558.12,36.18,35.53,0.8138,1,1
146,752,1162.40,116.21,33.48,32.64,0.8068,1,1
146,753,1378.82,381.61,38.82,37.01,0.6897,1,1
146,754,1400.71,599.95,26.77,47.47,0.6673,1,1
147,755,1362.95,346.04,72.08,41.56,0.8893,1,1
147,756,875.31,208.85,45.62,40.78,0.8845,1,1
147,757,1162.11,115.18,33.74,31.55,0.8351,1,1
147,758,1540.21,412.20,68.02,53.69,0.8341,1,1
147,759,1328.86,558.39,35.64,35.17,0.8143,1,1
147,760,1376.68,382.09,40.43,37.23,0.7233,1,1
147,761,1400.72,599.04,27.72,47.83,0.6497,1,1
148,762,1362.72,346.04,72.06,41.66,0.8912,1,1
148,763,875.45,208.82,45.76,41.06,0.8809,1,1
148,764,1162.05,114.63,33.77,30.85,0.8515,1,1
148,765,1539.37,412.28,68.38,53.22,0.8250,1,1
148,766,1329.07,558.63,34.50,34.09,0.8207,1,1
148,767,1374.75,382.52,41.75,37.06,0.6986,1,1
148,768,1400.10,600.82,27.57,47.59,0.3142,1,1
149,769,1362.74,346.05,71.93,41.67,0.8915,1,1
149,770,875.56,208.81,45.62,41.01,0.8798,1,1
149,771,1161.82,114.66,33.99,30.73,0.8521,1,1
149,772,1539.31,412.25,68.36,53.17,0.8255,1,1
149,773,1329.13,558.90,34.44,33.76,0.8204,1,1
149,774,1374.75,382.53,41.84,37.06,0.6998,1,1
149,775,1400.06,600.60,27.53,47.87,0.3279,1,1
150,776,1161.50,111.92,33.44,29.72,0.8944,1,1
150,777,1363.92,346.08,71.26,42.40,0.8937,1,1
150,778,876.24,208.81,45.32,41.39,0.8514,1,1
150,779,1539.34,412.55,67.59,52.31,0.8359,1,1
150,780,1329.56,558.79,32.14,33.16,0.8279,1,1
150,781,1374.92,383.61,40.71,36.73,0.6605,1,1
150,782,1400.06,603.49,26.46,43.68,0.3658,1,1
151,783,1365.16,346.07,71.97,42.58,0.8928,1,1
151,784,1160.91,110.75,31.37,28.88,0.8806,1,1
151,785,876.63,209.11,46.32,41.29,0.8535,1,1
151,786,1539.22,411.62,67.82,53.13,0.8452,1,1
151,787,1329.49,557.89,31.63,33.72,0.8264,1,1
151,788,1399.98,601.75,27.20,45.09,0.8160,1,1
151,789,1375.32,383.61,41.49,37.22,0.6800,1,1
152,790,1366.42,346.48,71.35,42.54,0.8969,1,1
152,791,877.00,209.12,46.24,41.60,0.8666,1,1
152,792,1160.20,110.69,30.80,27.71,0.8598,1,1
152,793,1538.60,411.85,68.35,53.76,0.8555,1,1
152,794,1399.38,600.83,26.85,45.30,0.8011,1,1
152,795,1329.50,558.19,30.80,33.71,0.7893,1,1
152,796,1375.98,384.18,41.31,36.79,0.7315,1,1
153,797,1367.12,349.25,70.99,40.48,0.8908,1,1
153,798,1158.15,110.71,31.42,27.88,0.8855,1,1
153,799,877.48,208.49,45.71,42.20,0.8623,1,1
153,800,1538.48,411.73,68.24,53.60,0.8238,1,1
153,801,1398.82,600.09,26.86,43.86,0.8069,1,1
153,802,1329.90,559.99,30.21,32.28,0.7508,1,1
153,803,1376.70,384.82,38.42,37.76,0.7453,1,1
154,804,1157.35,109.29,31.35,27.47,0.8964,1,1
154,805,1367.63,349.50,72.45,41.53,0.8918,1,1
154,806,877.40,208.57,45.40,42.78,0.8661,1,1
154,807,1397.55,599.04,27.47,41.98,0.8143,1,1
154,808,1538.42,411.95,67.27,53.26,0.8121,1,1
154,809,1378.21,386.11,40.09,37.58,0.7845,1,1
154,810,1329.80,560.60,30.10,32.32,0.7223,1,1
155,811,1157.35,109.28,31.37,27.49,0.8964,1,1
155,812,1367.62,349.51,72.52,41.54,0.8918,1,1
155,813,877.30,208.56,45.50,43.00,0.8659,1,1
155,814,1538.41,411.98,67.33,53.30,0.8229,1,1
155,815,1397.59,599.08,27.30,41.94,0.8102,1,1
155,816,1378.27,386.06,40.13,37.77,0.7825,1,1
155,817,1329.79,560.68,30.19,32.38,0.7120,1,1
156,818,1151.86,107.54,32.34,26.78,0.9009,1,1
156,819,1368.49,349.50,74.97,42.16,0.8891,1,1
156,820,1535.14,411.50,70.55,54.52,0.8759,1,1
156,821,877.12,208.93,46.22,42.54,0.8665,1,1
156,822,1394.40,598.21,27.36,44.45,0.8303,1,1
156,823,1379.18,386.39,41.40,37.99,0.8029,1,1
156,824,1329.97,559.63,30.66,34.00,0.7500,1,1
157,825,1150.80,107.56,30.26,25.36,0.8868,1,1
157,826,1369.10,349.62,74.07,41.89,0.8863,1,1
157,827,1535.02,410.42,70.05,54.45,0.8859,1,1
157,828,877.34,208.85,45.80,42.30,0.8728,1,1
157,829,1393.14,596.61,27.65,44.96,0.8441,1,1
157,830,1379.91,386.16,40.70,37.85,0.8201,1,1
157,831,1330.15,559.26,30.61,34.07,0.7386,1,1
158,832,1534.46,409.95,70.57,54.85,0.8921,1,1
158,833,1369.51,349.71,73.64,41.83,0.8868,1,1
158,834,1149.12,106.90,29.60,25.94,0.8827,1,1
158,835,877.06,208.78,45.74,42.29,0.8715,1,1
158,836,1392.34,594.56,27.72,44.97,0.8391,1,1
158,837,1380.74,386.21,40.32,37.56,0.8296,1,1
158,838,1330.23,560.32,30.44,33.58,0.7150,1,1
159,839,1533.11,409.73,71.79,54.71,0.8938,1,1
159,840,1146.61,104.78,29.23,28.57,0.8895,1,1
159,841,1369.46,350.47,73.21,41.31,0.8875,1,1
159,842,876.51,208.51,45.62,42.45,0.8749,1,1
159,843,1391.56,594.33,27.53,45.81,0.8377,1,1
159,844,1380.16,386.32,39.66,37.86,0.8211,1,1
159,845,1329.55,558.74,30.88,34.57,0.7140,1,1
160,846,1532.34,409.36,70.97,54.61,0.8962,1,1
160,847,1142.73,103.81,31.32,25.09,0.8885,1,1
160,848,1369.80,351.20,73.46,40.86,0.8825,1,1
160,849,876.43,209.24,45.04,41.35,0.8728,1,1
160,850,1391.52,594.23,27.18,45.80,0.8300,1,1
160,851,1380.20,386.19,38.92,38.09,0.8204,1,1
160,852,1330.04,560.52,30.51,32.90,0.7305,1,1
161,853,1532.36,409.40,71.01,54.58,0.8956,1,1
161,854,1142.72,103.80,31.33,25.10,0.8887,1,1
161,855,1369.80,351.17,73.41,40.90,0.8828,1,1
161,856,876.44,209.24,45.02,41.35,0.8727,1,1
161,857,1391.54,594.15,27.05,45.98,0.8289,1,1
161,858,1380.23,386.20,38.89,38.06,0.8205,1,1
161,859,1329.97,560.44,30.47,32.90,0.7269,1,1
162,860,1369.62,349.07,72.47,42.77,0.8855,1,1
162,861,876.68,209.18,44.72,41.18,0.8779,1,1
162,862,1532.06,408.37,72.30,54.79,0.8722,1,1
162,863,1138.08,101.87,29.96,25.04,0.8441,1,1
162,864,1391.09,592.86,28.75,47.40,0.8379,1,1
162,865,1381.09,386.33,39.99,37.19,0.8371,1,1
162,866,1331.29,561.41,29.43,32.85,0.7612,1,1
163,867,1531.53,407.34,70.99,54.57,0.8845,1,1
163,868,1369.46,349.13,74.07,42.80,0.8835,1,1
163,869,876.34,209.65,44.56,40.70,0.8779,1,1
163,870,1391.90,590.77,28.07,48.16,0.8455,1,1
163,871,1136.37,102.53,29.97,24.75,0.8407,1,1
163,872,1381.27,386.28,39.47,37.27,0.8323,1,1
163,873,1332.60,560.34,31.16,35.14,0.7886,1,1
164,874,1369.03,349.19,73.97,42.57,0.8856,1,1
164,875,875.50,209.81,45.82,40.81,0.8802,1,1
164,876,1531.38,407.24,71.10,54.41,0.8756,1,1
164,877,1136.64,102.67,28.17,23.89,0.8619,1,1
164,878,1392.31,590.80,27.85,48.32,0.8370,1,1
164,879,1381.20,386.16,39.25,37.51,0.8337,1,1
164,880,1333.39,558.31,29.82,36.12,0.7946,1,1
165,881,1367.31,349.02,75.00,42.79,0.8861,1,1
165,882,1530.31,407.11,72.35,54.57,0.8851,1,1
165,883,1134.48,100.57,30.13,24.61,0.8776,1,1
165,884,875.03,209.77,45.95,40.80,0.8755,1,1
165,885,1392.35,590.94,27.57,48.16,0.8345,1,1
165,886,1380.31,386.19,38.37,37.25,0.8175,1,1
165,887,1333.87,558.82,29.70,36.81,0.8015,1,1
166,888,1529.56,407.25,72.93,55.08,0.8911,1,1
166,889,1366.79,347.95,75.32,42.97,0.8900,1,1
166,890,875.13,209.65,45.54,40.90,0.8704,1,1
166,891,1133.98,97.19,29.46,26.27,0.8427,1,1
166,892,1392.21,590.74,27.26,47.68,0.8354,1,1
166,893,1379.31,385.10,39.20,37.96,0.8071,1,1
166,894,1333.86,558.54,29.96,37.49,0.8068,1,1
166,895,880.67,310.21,20.82,30.47,0.2914,1,1
167,896,1529.57,407.26,72.96,55.00,0.8922,1,1
167,897,1366.80,347.94,75.25,42.99,0.8902,1,1
167,898,875.05,209.69,45.59,40.78,0.8708,1,1
167,899,1133.98,97.19,29.46,26.32,0.8432,1,1
167,900,1392.25,590.74,27.14,47.60,0.8354,1,1
167,901,1379.26,385.07,39.15,37.99,0.8069,1,1
167,902,1333.85,558.57,29.98,37.52,0.8065,1,1
167,903,880.94,310.90,20.84,30.16,0.3117,1,1
168,904,1366.52,346.45,76.22,42.97,0.8916,1,1
168,905,874.77,209.53,45.90,40.62,0.8720,1,1
168,906,1527.32,405.65,73.50,54.68,0.8715,1,1
168,907,1131.03,96.13,30.41,27.88,0.8568,1,1
168,908,1393.44,590.84,26.51,46.72,0.8356,1,1
168,909,1379.56,384.21,38.57,37.18,0.7981,1,1
168,910,1338.32,556.05,28.89,38.82,0.7936,1,1
168,911,879.89,309.92,20.24,30.90,0.2666,1,1
169,912,1365.78,346.46,76.60,42.14,0.8891,1,1
169,913,874.77,209.81,45.96,40.26,0.8714,1,1
169,914,1527.22,405.25,74.18,54.89,0.8656,1,1
169,915,1393.68,591.40,26.47,46.49,0.8502,1,1
169,916,1130.16,95.69,30.15,26.91,0.8309,1,1
169,917,1339.21,555.62,30.01,37.80,0.7997,1,1
169,918,1379.08,383.65,39.65,37.56,0.7967,1,1
169,919,879.74,309.35,20.24,30.97,0.2598,1,1
170,920,1365.12,346.51,77.06,41.63,0.8894,1,1
170,921,874.79,209.90,45.81,40.37,0.8718,1,1
170,922,1526.88,405.15,74.55,54.54,0.8656,1,1
170,923,1394.40,591.30,25.82,46.15,0.8447,1,1
170,924,1129.35,95.85,30.25,27.08,0.8419,1,1
170,925,1340.05,555.19,30.87,37.59,0.8128,1,1
170,926,1378.79,383.34,39.63,37.69,0.7897,1,1
171,927,1364.74,346.57,77.27,41.56,0.8868,1,1
171,928,875.05,210.23,45.38,40.23,0.8720,1,1
171,929,1525.77,404.96,75.06,54.00,0.8597,1,1
171,930,1394.19,592.26,26.01,45.73,0.8450,1,1
171,931,1340.37,553.29,30.89,38.26,0.8104,1,1
171,932,1129.10,95.18,30.47,26.82,0.7963,1,1
171,933,1378.24,383.20,40.40,38.04,0.7892,1,1
172,934,1364.47,346.40,77.39,41.29,0.8878,1,1
172,935,875.09,210.22,45.04,40.26,0.8713,1,1
172,936,1394.45,593.54,27.31,44.28,0.8467,1,1
172,937,1525.30,403.35,75.16,55.22,0.8451,1,1
172,938,1340.82,552.82,30.37,38.98,0.8104,1,1
172,939,1378.62,383.74,41.02,37.01,0.7808,1,1
172,940,1129.43,94.64,30.02,26.97,0.7183,1,1
172,941,878.63,307.62,20.41,31.42,0.2684,1,1
173,942,1364.45,346.39,77.27,41.31,0.8882,1,1
173,943,875.07,210.16,45.04,40.33,0.8721,1,1
173,944,1525.27,403.35,75.41,55.27,0.8497,1,1
173,945,1394.47,593.54,27.22,44.29,0.8448,1,1
173,946,1341.10,552.85,30.14,38.56,0.8090,1,1
173,947,1378.67,383.75,40.99,36.96,0.7803,1,1
173,948,1129.38,94.64,30.14,26.97,0.7230,1,1
173,949,878.75,307.67,20.44,31.36,0.2831,1,1
174,950,1363.95,346.33,77.98,41.22,0.8858,1,1
174,951,875.90,209.46,43.82,41.10,0.8748,1,1
174,952,1522.91,401.99,74.49,54.38,0.8660,1,1
174,953,1395.67,593.93,26.55,43.75,0.8356,1,1
174,954,1341.38,552.73,30.49,38.77,0.8170,1,1
174,955,1378.71,383.89,40.08,36.65,0.7670,1,1
174,956,1128.57,94.36,31.39,26.78,0.7402,1,1
175,957,1363.95,346.39,78.48,41.33,0.8872,1,1
175,958,875.86,209.68,43.79,40.74,0.8762,1,1
175,959,1521.93,401.63,75.15,54.10,0.8375,1,1
175,960,1395.60,594.31,26.67,43.84,0.8349,1,1
175,961,1341.96,553.72,30.43,38.76,0.8182,1,1
175,962,1128.86,94.24,30.90,26.89,0.7694,1,1
175,963,1378.88,383.82,39.42,36.43,0.7691,1,1
176,964,1364.00,346.43,78.64,41.42,0.8854,1,1
176,965,875.47,209.90,44.34,40.28,0.8754,1,1
176,966,1520.58,401.52,76.01,53.88,0.8597,1,1
176,967,1342.08,554.33,30.98,40.92,0.8236,1,1
176,968,1395.81,595.25,26.39,43.79,0.8109,1,1
176,969,1129.59,93.77,30.55,27.34,0.8087,1,1
176,970,1379.66,383.93,38.84,36.04,0.7571,1,1
177,971,1363.82,346.54,79.43,41.34,0.8863,1,1
177,972,875.62,210.03,44.71,39.97,0.8791,1,1
177,973,1519.14,401.08,78.08,54.09,0.8594,1,1
177,974,1130.05,93.46,31.06,26.43,0.8467,1,1
177,975,1342.45,554.59,30.80,40.36,0.8214,1,1
177,976,1395.84,596.10,25.94,44.06,0.8132,1,1
177,977,1379.68,384.03,38.89,36.12,0.7556,1,1
178,978,1363.73,346.43,79.40,41.56,0.8866,1,1
178,979,875.66,209.41,44.50,40.07,0.8805,1,1
178,980,1518.73,399.81,78.51,53.45,0.8594,1,1
178,981,1130.90,91.39,31.18,27.40,0.8589,1,1
178,982,1341.45,553.04,31.02,40.44,0.8262,1,1
178,983,1396.63,597.16,24.95,43.43,0.7894,1,1
178,984,1380.19,384.24,38.50,35.96,0.7558,1,1
179,985,1363.75,346.46,79.40,41.54,0.8868,1,1
179,986,875.65,209.41,44.52,40.07,0.8804,1,1
179,987,1518.72,399.79,79.13,53.58,0.8593,1,1
179,988,1130.92,91.38,31.16,27.41,0.8590,1,1
179,989,1341.48,553.03,31.01,40.48,0.8259,1,1
179,990,1396.60,597.03,25.05,43.41,0.7901,1,1
179,991,1380.31,384.28,38.49,35.92,0.7598,1,1
180,992,1364.19,346.50,75.84,41.67,0.8947,1,1
180,993,876.85,208.99,43.97,41.09,0.8829,1,1
180,994,1132.64,89.69,30.00,27.73,0.8799,1,1
180,995,1517.35,397.50,80.73,57.66,0.8486,1,1
180,996,1397.08,596.15,25.01,43.27,0.8143,1,1
180,997,1337.07,551.52,33.88,39.02,0.8120,1,1
180,998,1379.26,384.87,38.70,35.42,0.7170,1,1
181,999,1365.08,346.56,75.18,42.66,0.8960,1,1
181,1000,876.73,209.16,44.37,41.47,0.8837,1,1
181,1001,1132.62,89.83,29.91,27.57,0.8785,1,1
181,1002,1516.82,397.36,81.11,58.12,0.8532,1,1
181,1003,1337.04,551.85,32.41,35.64,0.8163,1,1
181,1004,1397.35,596.06,24.46,43.26,0.8102,1,1
181,1005,1378.35,385.05,38.71,36.56,0.6679,1,1
182,1006,1365.71,349.07,72.85,40.80,0.8913,1,1
182,1007,876.98,209.25,44.42,41.33,0.8824,1,1
182,1008,1132.76,89.88,29.66,27.20,0.8821,1,1
182,1009,1516.00,397.30,80.49,57.45,0.8567,1,1
182,1010,1396.90,596.59,24.36,43.26,0.8064,1,1
182,1011,1338.54,549.84,32.24,35.16,0.7773,1,1
182,1012,1378.44,385.50,37.74,36.89,0.7569,1,1
183,1013,1365.38,349.24,72.97,40.87,0.8903,1,1
183,1014,1133.13,88.48,29.77,26.99,0.8886,1,1
183,1015,877.07,208.60,44.54,41.88,0.8828,1,1
183,1016,1515.37,397.34,76.94,56.88,0.8754,1,1
183,1017,1395.45,597.38,25.11,42.45,0.8105,1,1
183,1018,1378.42,385.70,37.31,37.12,0.7419,1,1
183,1019,1341.43,546.62,27.56,35.27,0.6393,1,1
184,1020,1365.30,349.28,72.70,41.06,0.8931,1,1
184,1021,1133.47,86.97,28.17,26.46,0.8907,1,1
184,1022,877.62,209.22,44.43,41.42,0.8822,1,1
184,1023,1514.48,396.74,80.21,56.55,0.8815,1,1
184,1024,1394.99,597.24,25.03,42.73,0.8251,1,1
184,1025,1378.67,385.88,36.98,36.71,0.7564,1,1
184,1026,1342.28,544.23,29.88,32.27,0.6638,1,1
185,1027,1365.36,349.27,72.65,41.06,0.8930,1,1
185,1028,1133.47,86.98,28.17,26.45,0.8910,1,1
185,1029,877.62,209.24,44.35,41.40,0.8825,1,1
185,1030,1514.49,396.71,79.80,56.50,0.8818,1,1
185,1031,1395.22,597.00,24.76,42.51,0.8230,1,1
185,1032,1378.77,385.95,37.09,36.67,0.7574,1,1
185,1033,1342.35,544.23,30.07,32.34,0.6608,1,1
186,1034,1365.40,349.17,73.49,41.32,0.8896,1,1
186,1035,880.30,209.35,42.14,42.54,0.8882,1,1
186,1036,1129.84,86.28,30.46,26.47,0.8800,1,1
186,1037,1512.62,395.87,81.51,57.23,0.8705,1,1
186,1038,1395.11,596.47,24.38,43.27,0.8124,1,1
186,1039,1378.88,386.43,37.23,35.75,0.6936,1,1
187,1040,880.70,208.95,41.64,43.97,0.8896,1,1
187,1041,1365.64,349.10,73.02,41.68,0.8881,1,1
187,1042,1511.96,395.74,81.15,57.21,0.8719,1,1
187,1043,1128.80,86.13,30.38,25.81,0.8632,1,1
187,1044,1394.95,596.43,24.21,43.35,0.8070,1,1
187,1045,1379.22,386.75,37.43,35.63,0.7261,1,1
188,1046,881.36,209.21,41.57,43.96,0.8924,1,1
188,1047,1365.54,348.95,73.58,42.09,0.8892,1,1
188,1048,1510.82,396.26,82.81,58.70,0.8707,1,1
188,1049,1127.36,85.82,30.51,24.64,0.8448,1,1
188,1050,1394.85,596.74,24.29,43.37,0.8084,1,1
188,1051,1377.28,386.84,39.22,36.00,0.6973,1,1
188,1052,1359.98,529.32,29.16,34.04,0.4199,1,1
189,1053,881.21,208.93,41.94,44.14,0.8927,1,1
189,1054,1365.04,348.99,74.27,42.20,0.8894,1,1
189,1055,1511.57,396.20,81.71,58.34,0.8559,1,1
189,1056,1126.07,84.54,31.54,23.10,0.8544,1,1
189,1057,1394.13,597.72,24.55,42.45,0.8138,1,1
189,1058,1377.86,387.80,39.24,35.24,0.7083,1,1
190,1059,881.25,208.94,42.16,43.30,0.8928,1,1
190,1060,1363.98,349.29,74.96,41.53,0.8878,1,1
190,1061,1511.15,395.79,81.52,58.95,0.8459,1,1
190,1062,1393.97,599.97,24.71,43.57,0.8356,1,1
190,1063,1124.98,84.23,31.70,22.03,0.8332,1,1
190,1064,1377.42,387.84,39.32,35.02,0.6734,1,1
191,1065,880.98,209.09,42.48,43.41,0.8954,1,1
191,1066,1364.02,349.28,74.94,41.52,0.8878,1,1
191,1067,1511.18,395.84,81.74,58.86,0.8401,1,1
191,1068,1393.95,600.07,24.67,43.48,0.8361,1,1
191,1069,1125.01,84.26,31.66,22.01,0.8332,1,1
191,1070,1377.27,387.69,39.41,35.19,0.6793,1,1
192,1071,881.99,209.77,42.39,42.83,0.8927,1,1
192,1072,1362.67,348.44,77.50,42.65,0.8912,1,1
192,1073,1510.53,395.00,64.40,59.76,0.8557,1,1
192,1074,1394.54,600.71,23.87,42.14,0.8304,1,1
192,1075,1123.23,85.37,31.31,21.04,0.8290,1,1
192,1076,1377.86,387.91,39.17,34.99,0.6673,1,1
193,1077,881.81,211.00,42.65,42.45,0.8918,1,1
193,1078,1362.83,348.83,74.71,42.88,0.8913,1,1
193,1079,1509.60,394.98,64.60,62.27,0.8454,1,1
193,1080,1393.54,603.98,25.93,42.91,0.8352,1,1
193,1081,1123.56,84.98,31.11,20.36,0.8246,1,1
193,1082,1376.71,388.90,40.38,33.89,0.6018,1,1
194,1083,1362.93,349.05,74.86,42.73,0.8896,1,1
194,1084,881.48,211.21,43.40,42.59,0.8879,1,1
194,1085,1507.64,394.93,64.61,63.73,0.8643,1,1
194,1086,1123.55,83.93,30.93,19.78,0.7723,1,1
194,1087,1375.85,388.80,41.55,34.72,0.6557,1,1
194,1088,1392.84,608.21,22.75,41.95,0.6234,1,1
195,1089,1362.28,349.03,75.97,42.95,0.8890,1,1
195,1090,882.36,211.02,42.75,43.31,0.8857,1,1
195,1091,1123.81,82.51,30.94,20.09,0.8074,1,1
195,1092,1506.35,395.28,66.31,65.41,0.7787,1,1
195,1093,1391.61,611.73,22.72,41.43,0.7695,1,1
195,1094,1376.05,389.25,41.70,34.28,0.7291,1,1
196,1095,1362.31,349.09,75.60,42.97,0.8895,1,1
196,1096,882.27,211.16,43.12,43.30,0.8828,1,1
196,1097,1123.44,82.57,31.45,20.03,0.8312,1,1
196,1098,1390.96,613.94,24.82,43.65,0.7762,1,1
196,1099,1376.37,389.39,41.73,34.18,0.7301,1,1
196,1100,1506.73,396.40,67.02,66.62,0.7262,1,1
196,1101,1385.43,495.08,26.97,22.78,0.3564,1,1
197,1102,1362.25,349.09,75.67,42.98,0.8909,1,1
197,1103,882.20,211.19,43.22,43.36,0.8830,1,1
197,1104,1123.45,82.50,31.52,20.12,0.8338,1,1
197,1105,1390.88,613.84,24.91,43.78,0.7813,1,1
197,1106,1506.72,396.35,67.75,66.91,0.7769,1,1
197,1107,1376.24,389.32,42.09,34.33,0.7356,1,1
197,1108,1385.74,494.98,26.69,22.87,0.3583,1,1
198,1109,1506.39,398.66,66.99,69.17,0.8814,1,1
198,1110,882.59,211.00,42.96,43.78,0.8803,1,1
198,1111,1362.07,351.37,76.24,41.15,0.8803,1,1
198,1112,1123.87,81.70,30.70,19.31,0.8401,1,1
198,1113,1378.62,390.22,39.25,33.18,0.7105,1,1
198,1114,1392.76,623.20,20.43,39.40,0.3844,1,1
199,1115,1506.86,400.69,65.69,68.41,0.8811,1,1
199,1116,1361.97,352.31,74.47,40.84,0.8779,1,1
199,1117,883.35,211.05,42.51,44.08,0.8736,1,1
199,1118,1124.02,81.41,30.76,19.12,0.8401,1,1
199,1119,1377.26,389.93,39.68,33.90,0.7517,1,1
199,1120,1395.25,627.84,22.47,39.72,0.2970,1,1
200,1121,1507.14,401.70,65.88,69.00,0.8823,1,1
200,1122,1362.01,352.49,74.02,41.22,0.8782,1,1
200,1123,883.38,210.70,42.63,44.87,0.8721,1,1
200,1124,1124.56,81.04,31.46,18.49,0.8377,1,1
200,1125,1376.31,390.01,39.79,34.35,0.7535,1,1
200,1126,1397.23,630.07,24.56,38.78,0.5981,1,1
201,1127,1362.14,352.53,74.66,41.48,0.8771,1,1
201,1128,883.38,210.68,43.48,44.95,0.8753,1,1
201,1129,1507.70,401.65,65.96,69.98,0.8735,1,1
201,1130,1125.02,80.42,32.33,18.43,0.8390,1,1
201,1131,1378.39,391.87,38.00,32.95,0.7176,1,1
202,1132,883.19,210.68,44.11,45.01,0.8782,1,1
202,1133,1362.33,352.57,74.73,41.50,0.8777,1,1
202,1134,1508.29,402.28,64.83,69.43,0.8659,1,1
202,1135,1125.45,79.46,32.34,18.59,0.8330,1,1
202,1136,1379.43,392.27,37.71,32.56,0.7461,1,1
202,1137,1400.32,639.99,25.28,42.35,0.2593,1,1
203,1138,883.51,210.89,43.84,44.98,0.8783,1,1
203,1139,1362.31,352.62,75.01,41.40,0.8766,1,1
203,1140,1508.22,402.72,64.51,68.81,0.8674,1,1
203,1141,1125.37,79.45,32.27,18.57,0.8336,1,1
203,1142,1379.62,392.24,37.57,32.57,0.7421,1,1
204,1143,1362.27,352.68,74.40,41.50,0.8775,1,1
204,1144,884.19,210.77,43.49,44.90,0.8756,1,1
204,1145,1509.19,403.97,65.36,69.03,0.8635,1,1
204,1146,1126.89,79.32,32.59,18.96,0.8564,1,1
204,1147,1379.56,393.19,36.83,31.59,0.7752,1,1
204,1148,1399.33,490.02,31.15,23.93,0.3834,1,1
205,1149,1362.39,352.75,74.19,41.79,0.8789,1,1
205,1150,884.46,210.92,44.50,44.67,0.8713,1,1
205,1151,1508.74,404.85,65.55,69.45,0.8614,1,1
205,1152,1129.10,78.62,31.33,19.42,0.8355,1,1
205,1153,1379.84,393.56,36.86,30.98,0.7774,1,1
205,1154,1404.77,492.08,24.97,24.67,0.2988,1,1
206,1155,1362.38,352.91,73.34,41.77,0.8787,1,1
206,1156,884.63,210.91,44.62,44.79,0.8726,1,1
206,1157,1508.77,405.76,65.79,68.07,0.8665,1,1
206,1158,1129.07,78.70,31.80,19.35,0.8437,1,1
206,1159,1408.47,491.59,26.25,23.78,0.7878,1,1
206,1160,1379.01,393.66,37.50,30.99,0.7761,1,1
206,1161,1408.33,649.10,23.87,42.17,0.5853,1,1
207,1162,1361.90,352.95,73.67,41.71,0.8791,1,1
207,1163,884.66,211.13,44.87,44.46,0.8725,1,1
207,1164,1509.10,405.58,65.22,67.75,0.8640,1,1
207,1165,1129.48,79.17,32.47,18.86,0.8446,1,1
207,1166,1378.86,393.50,37.40,30.89,0.7745,1,1
207,1167,1402.18,488.98,33.14,28.15,0.6863,1,1
207,1168,1409.54,652.67,22.53,40.21,0.2710,1,1
208,1169,1361.52,352.87,74.01,41.66,0.8764,1,1
208,1170,1509.14,405.86,65.28,67.51,0.8711,1,1
208,1171,885.63,212.07,44.06,43.87,0.8688,1,1
208,1172,1131.20,79.14,31.06,18.98,0.8552,1,1
208,1173,1378.45,392.83,37.34,31.41,0.7746,1,1
208,1174,1409.08,490.34,28.98,25.82,0.5987,1,1
209,1175,1361.53,352.88,74.02,41.66,0.8765,1,1
209,1176,1509.15,405.88,65.24,67.48,0.8714,1,1
209,1177,885.61,212.07,44.07,43.86,0.8689,1,1
209,1178,1131.24,79.16,31.02,18.97,0.8551,1,1
209,1179,1378.58,392.91,37.21,31.32,0.7755,1,1
209,1180,1408.96,490.38,29.03,25.84,0.6082,1,1
210,1181,1508.73,406.39,65.38,66.61,0.8744,1,1
210,1182,1360.81,352.76,75.37,41.84,0.8743,1,1
210,1183,886.19,212.04,43.38,43.84,0.8673,1,1
210,1184,1135.19,80.05,27.31,19.22,0.7939,1,1
210,1185,1377.90,392.59,39.12,32.08,0.7126,1,1
210,1186,1407.31,490.17,30.21,25.92,0.6342,1,1
211,1187,1509.04,407.19,65.04,66.92,0.8809,1,1
211,1188,1359.97,352.82,75.55,42.30,0.8746,1,1
211,1189,886.04,211.44,43.60,43.80,0.8657,1,1
211,1190,1136.09,80.59,26.53,19.57,0.7905,1,1
211,1191,1376.31,392.83,39.95,32.09,0.6587,1,1
211,1192,1407.72,490.23,29.75,25.69,0.6383,1,1
211,1193,1410.65,657.26,23.27,38.82,0.2898,1,1
212,1194,1509.17,407.40,65.75,68.69,0.8824,1,1
212,1195,1359.10,352.75,75.31,42.33,0.8734,1,1
212,1196,886.71,211.65,42.80,43.36,0.8599,1,1
212,1197,1136.57,80.57,27.25,19.40,0.7732,1,1
212,1198,1408.57,490.60,28.44,24.85,0.7080,1,1
212,1199,1375.91,392.62,39.93,32.07,0.6790,1,1
212,1200,1410.46,657.11,23.29,37.72,0.2724,1,1
213,1201,1508.82,407.68,65.86,68.30,0.8832,1,1
213,1202,1358.70,352.53,75.57,42.29,0.8714,1,1
213,1203,887.14,210.47,41.55,44.23,0.8489,1,1
213,1204,1136.91,80.85,27.17,19.08,0.8147,1,1
213,1205,1375.27,392.25,39.64,32.31,0.7047,1,1
213,1206,1407.65,490.79,29.27,25.23,0.6729,1,1
213,1207,1411.60,655.15,22.33,40.44,0.3975,1,1
214,1208,1508.57,407.44,66.93,70.01,0.8782,1,1
214,1209,1358.80,352.61,75.34,42.06,0.8713,1,1
214,1210,887.57,209.74,40.91,44.33,0.8375,1,1
214,1211,1136.88,80.93,27.29,19.14,0.8161,1,1
214,1212,1374.33,391.91,39.99,32.80,0.7032,1,1
214,1213,1409.95,490.56,28.61,24.89,0.6713,1,1
214,1214,1411.53,655.04,22.25,39.58,0.4913,1,1
215,1215,1508.54,407.40,66.53,69.86,0.8773,1,1
215,1216,1358.68,352.64,75.59,42.02,0.8704,1,1
215,1217,887.60,209.71,41.10,44.18,0.8301,1,1
215,1218,1136.86,80.96,27.30,19.08,0.8156,1,1
215,1219,1374.64,391.91,39.79,32.77,0.7033,1,1
215,1220,1410.02,490.61,28.55,24.77,0.6754,1,1
215,1221,1411.63,655.42,22.21,39.63,0.4677,1,1
216,1222,1506.55,407.50,69.79,71.03,0.8771,1,1
216,1223,1359.50,352.97,74.67,41.56,0.8709,1,1
216,1224,887.06,209.63,42.15,44.95,0.8176,1,1
216,1225,1137.03,81.42,27.10,19.31,0.7907,1,1
216,1226,1373.74,392.22,40.12,32.79,0.7314,1,1
216,1227,1407.05,489.21,31.20,26.57,0.7243,1,1
216,1228,1411.73,654.77,22.90,39.33,0.5716,1,1
217,1229,1505.10,407.96,71.70,70.51,0.8841,1,1
217,1230,1359.48,353.61,74.38,41.46,0.8695,1,1
217,1231,887.44,208.87,41.68,44.70,0.8252,1,1
217,1232,1137.31,81.42,26.77,19.32,0.7847,1,1
217,1233,1373.46,392.05,40.48,32.87,0.7280,1,1
217,1234,1406.69,487.91,29.89,27.85,0.6342,1,1
218,1235,1504.21,407.41,73.35,71.03,0.8819,1,1
218,1236,1360.06,353.86,73.22,41.70,0.8686,1,1
218,1237,1137.22,81.47,27.04,18.96,0.7944,1,1
218,1238,886.73,208.07,41.11,44.42,0.7921,1,1
218,1239,1409.63,487.90,29.18,27.68,0.7673,1,1
218,1240,1373.44,391.97,40.21,33.14,0.7367,1,1
219,1241,1502.76,407.23,70.18,68.92,0.8874,1,1
219,1242,1360.80,353.82,73.73,41.21,0.8662,1,1
219,1243,886.79,206.44,39.94,44.60,0.7897,1,1
219,1244,1137.24,81.65,26.69,18.66,0.7820,1,1
219,1245,1372.70,391.27,41.10,34.02,0.7246,1,1
219,1246,1407.25,489.44,30.11,26.21,0.6020,1,1
220,1247,1498.90,406.47,72.95,69.70,0.8872,1,1
220,1248,1361.96,354.02,73.66,41.15,0.8646,1,1
220,1249,886.71,206.07,40.09,43.56,0.8365,1,1
220,1250,1137.32,81.65,26.02,18.48,0.7803,1,1
220,1251,1371.64,387.17,41.23,38.82,0.7367,1,1
220,1252,1414.04,660.67,23.21,37.88,0.3192,1,1
221,1253,1498.91,406.47,72.83,69.63,0.8880,1,1
221,1254,1361.92,354.07,73.61,41.07,0.8646,1,1
221,1255,886.51,206.16,40.39,43.84,0.8438,1,1
221,1256,1137.72,81.47,25.67,18.71,0.7762,1,1
221,1257,1371.60,387.14,41.31,38.81,0.7348,1,1
221,1258,1414.03,660.75,23.21,37.74,0.2931,1,1
222,1259,1493.68,405.44,72.91,69.98,0.8796,1,1
222,1260,1362.25,355.55,74.21,44.62,0.8713,1,1
222,1261,886.84,206.32,39.80,43.01,0.8226,1,1
222,1262,1137.78,80.01,24.42,19.91,0.7954,1,1
222,1263,1371.46,389.16,39.11,40.57,0.7360,1,1
222,1264,1414.12,667.09,24.74,35.87,0.6032,1,1
223,1265,1489.48,404.35,76.29,71.92,0.8807,1,1
223,1266,1363.16,355.84,72.45,45.13,0.8713,1,1
223,1267,1137.62,80.33,24.70,18.82,0.7828,1,1
223,1268,1371.74,388.50,39.67,41.87,0.7271,1,1
223,1269,886.94,204.37,37.45,42.84,0.5887,1,1
223,1270,1413.83,670.48,25.39,34.81,0.5716,1,1
224,1271,1488.37,404.59,74.19,71.37,0.8847,1,1
224,1272,1363.08,355.83,72.62,46.45,0.8711,1,1
224,1273,1137.50,80.35,23.65,18.65,0.8066,1,1
224,1274,1371.86,389.35,39.35,42.09,0.6301,1,1
224,1275,1414.34,673.29,25.28,35.17,0.4438,1,1
224,1276,888.21,203.16,35.17,41.10,0.4213,1,1
225,1277,1486.10,404.31,74.20,71.21,0.8813,1,1
225,1278,1363.75,356.02,71.69,47.89,0.8711,1,1
225,1279,1137.08,80.37,23.11,18.71,0.8300,1,1
225,1280,887.96,202.53,36.16,42.55,0.5637,1,1
225,1281,1371.90,389.53,39.45,42.73,0.5003,1,1
225,1282,1414.60,674.32,26.10,34.33,0.4859,1,1
226,1283,1484.60,404.38,75.00,70.70,0.8808,1,1
226,1284,1364.54,357.22,71.58,51.17,0.8749,1,1
226,1285,1136.40,80.59,23.99,18.72,0.8331,1,1
226,1286,1370.10,565.60,22.85,41.47,0.5551,1,1
226,1287,1378.45,397.30,36.20,37.69,0.4559,1,1
226,1288,888.75,201.24,35.25,42.97,0.3878,1,1
226,1289,1372.16,391.59,40.33,43.03,0.3679,1,1
226,1290,1414.89,675.73,26.11,32.21,0.3218,1,1
227,1291,1484.61,404.33,74.95,70.79,0.8827,1,1
227,1292,1364.45,357.25,71.56,51.19,0.8763,1,1
227,1293,1136.37,80.60,23.98,18.72,0.8337,1,1
227,1294,1370.00,565.45,22.89,41.63,0.5718,1,1
227,1295,1378.47,397.36,36.16,37.61,0.4545,1,1
227,1296,888.65,201.26,35.50,42.82,0.3825,1,1
227,1297,1372.21,391.59,40.29,42.92,0.3686,1,1
227,1298,1414.94,675.96,25.97,32.15,0.3046,1,1
228,1299,1482.66,404.11,77.24,70.23,0.8787,1,1
228,1300,1365.56,361.43,69.03,49.82,0.8730,1,1
228,1301,1135.24,80.42,23.64,19.32,0.7966,1,1
228,1302,1348.18,574.57,29.44,48.08,0.7848,1,1
228,1303,886.55,199.30,36.20,42.82,0.5530,1,1
228,1304,1377.54,398.89,40.16,38.69,0.4603,1,1
228,1305,1415.46,677.43,27.45,33.48,0.4447,1,1
228,1306,1370.69,393.66,40.46,41.25,0.3255,1,1
229,1307,1482.80,404.00,77.37,70.84,0.8792,1,1
229,1308,1365.72,362.82,68.72,49.04,0.8697,1,1
229,1309,1345.22,581.84,28.70,44.03,0.7989,1,1
229,1310,1131.82,81.89,25.45,19.06,0.7089,1,1
229,1311,885.20,198.79,38.06,43.62,0.6362,1,1
229,1312,1373.76,399.78,42.45,38.70,0.4015,1,1
229,1313,1369.22,395.42,39.67,40.78,0.3518,1,1
230,1314,1481.81,403.33,77.40,70.70,0.8777,1,1
230,1315,1366.25,364.81,68.85,48.24,0.8776,1,1
230,1316,1340.47,579.39,27.31,47.42,0.7781,1,1
230,1317,884.49,197.93,39.02,43.96,0.6674,1,1
230,1318,1128.70,86.39,26.50,18.62,0.5600,1,1
230,1319,1373.10,397.45,41.49,41.87,0.5439,1,1
231,1320,1366.82,364.86,68.38,48.41,0.8770,1,1
231,1321,1481.41,402.86,77.10,70.47,0.8747,1,1
231,1322,1338.14,579.25,27.62,46.43,0.7888,1,1
231,1323,1125.32,86.84,27.95,19.33,0.6450,1,1
231,1324,1374.95,402.43,40.14,37.12,0.5419,1,1
231,1325,1419.50,676.02,28.09,35.08,0.3177,1,1
232,1326,1366.81,364.99,68.24,48.76,0.8756,1,1
232,1327,1480.89,402.20,75.97,70.06,0.8742,1,1
232,1328,1337.51,578.68,28.17,46.62,0.8046,1,1
232,1329,1125.32,89.07,27.35,18.97,0.6465,1,1
232,1330,1373.41,402.18,40.39,37.28,0.4713,1,1
232,1331,882.81,194.49,39.28,40.11,0.3472,1,1
233,1332,1367.44,364.60,68.59,49.55,0.8768,1,1
233,1333,1480.54,402.16,76.30,69.75,0.8763,1,1
233,1334,1337.37,578.38,27.10,47.03,0.7990,1,1
233,1335,1125.07,88.99,26.35,18.91,0.6358,1,1
233,1336,1372.74,396.28,40.26,43.15,0.4800,1,1
233,1337,882.98,194.49,38.94,40.04,0.4354,1,1
234,1338,1479.77,401.53,76.03,68.14,0.8745,1,1
234,1339,1363.71,364.57,71.34,49.73,0.8743,1,1
234,1340,884.28,189.67,38.99,39.73,0.8078,1,1
234,1341,1337.49,578.94,24.80,47.24,0.7995,1,1
234,1342,1122.69,95.36,23.50,17.09,0.7435,1,1
234,1343,1369.45,395.77,40.16,44.20,0.5800,1,1
234,1344,1425.07,671.36,27.99,37.58,0.5337,1,1
234,1345,1110.41,108.90,32.38,26.19,0.2900,1,1
234,1346,1480.15,445.91,36.53,42.50,0.2834,1,1
235,1347,1362.54,363.79,71.99,50.61,0.8736,1,1
235,1348,1479.79,401.36,74.70,66.98,0.8729,1,1
235,1349,883.96,187.68,38.85,36.53,0.8652,1,1
235,1350,1337.72,578.56,24.03,47.66,0.7891,1,1
235,1351,1368.82,395.71,40.30,43.98,0.5889,1,1
235,1352,1120.57,95.57,24.88,17.36,0.5411,1,1
235,1353,1109.46,107.95,35.10,27.29,0.4987,1,1
235,1354,1480.30,445.70,36.92,42.73,0.3148,1,1
236,1355,1479.20,400.70,75.17,67.51,0.8724,1,1
236,1356,1361.27,360.36,73.47,51.79,0.8681,1,1
236,1357,883.24,184.82,37.35,35.38,0.8625,1,1
236,1358,1337.50,577.77,24.08,48.47,0.7905,1,1
236,1359,1109.76,106.86,37.88,28.53,0.6657,1,1
236,1360,1480.41,444.93,36.39,42.26,0.5734,1,1
236,1361,1368.87,396.25,38.72,41.91,0.4063,1,1
236,1362,882.37,308.50,24.83,30.98,0.3633,1,1
237,1363,882.89,184.36,36.15,32.22,0.8806,1,1
237,1364,1477.94,399.25,76.30,67.13,0.8755,1,1
237,1365,1360.41,357.39,73.31,50.43,0.8711,1,1
237,1366,1337.58,578.17,24.02,48.00,0.8045,1,1
237,1367,1109.16,106.30,34.65,28.02,0.7730,1,1
237,1368,1479.73,445.42,34.57,39.08,0.4893,1,1
237,1369,881.49,306.71,25.98,33.68,0.2993,1,1
237,1370,1369.79,395.51,37.05,40.45,0.2970,1,1
238,1371,883.40,182.09,35.80,33.39,0.8966,1,1
238,1372,1477.93,398.53,75.51,65.47,0.8834,1,1
238,1373,1358.79,356.15,73.94,48.31,0.8829,1,1
238,1374,1336.55,577.47,25.09,48.36,0.8032,1,1
238,1375,1108.56,107.76,38.03,26.79,0.7449,1,1
238,1376,1479.82,444.49,34.83,40.95,0.6054,1,1
238,1377,1371.54,395.92,36.69,39.42,0.4021,1,1
238,1378,880.46,305.99,25.57,33.60,0.4007,1,1
238,1379,1139.41,123.88,15.77,20.84,0.3638,1,1
239,1380,883.40,182.09,35.81,33.39,0.8966,1,1
239,1381,1477.89,398.52,75.55,65.58,0.8831,1,1
239,1382,1358.79,356.15,73.95,48.30,0.8829,1,1
239,1383,1336.53,577.61,24.95,48.26,0.8026,1,1
239,1384,1108.57,107.76,38.00,26.77,0.7445,1,1
239,1385,1479.80,444.45,35.09,40.96,0.6004,1,1
239,1386,880.45,306.01,25.61,33.57,0.4023,1,1
239,1387,1371.61,395.91,36.60,39.37,0.3978,1,1
239,1388,1139.40,123.91,15.74,20.81,0.3672,1,1
240,1389,880.09,177.67,39.08,31.94,0.8993,1,1
240,1390,1355.19,354.44,76.18,46.44,0.8798,1,1
240,1391,1477.67,398.79,76.11,63.72,0.8790,1,1
240,1392,1337.92,576.77,23.74,47.81,0.8010,1,1
240,1393,1113.95,104.75,31.72,17.36,0.6730,1,1
240,1394,1112.20,105.49,32.81,21.55,0.6166,1,1
240,1395,1479.93,443.69,35.08,40.97,0.4793,1,1
240,1396,877.99,301.28,26.69,31.90,0.4338,1,1
240,1397,1139.41,121.22,14.94,23.25,0.3131,1,1
240,1398,1370.30,391.72,36.72,38.36,0.3125,1,1
241,1399,880.24,174.52,39.54,30.57,0.8823,1,1
241,1400,1477.75,398.90,75.70,63.54,0.8781,1,1
241,1401,1352.29,352.18,76.10,44.73,0.8758,1,1
241,1402,1337.47,576.77,24.05,46.52,0.8116,1,1
241,1403,1112.53,104.87,29.81,20.43,0.6792,1,1
241,1404,1366.98,391.99,37.97,36.96,0.6285,1,1
241,1405,1479.06,443.04,35.00,40.90,0.4928,1,1
241,1406,1139.36,120.07,14.68,24.46,0.4130,1,1
241,1407,879.85,298.96,24.80,27.67,0.3058,1,1
242,1408,1351.00,348.45,73.85,45.90,0.8882,1,1
242,1409,1477.61,397.52,75.78,64.71,0.8812,1,1
242,1410,878.64,172.40,41.40,29.41,0.8797,1,1
242,1411,1336.72,575.81,24.45,48.32,0.7813,1,1
242,1412,1114.08,104.09,27.09,17.25,0.6883,1,1
242,1413,1478.93,442.50,33.81,41.23,0.4913,1,1
242,1414,1368.43,389.12,38.39,37.82,0.4283,1,1
243,1415,1348.86,346.66,74.17,45.39,0.9002,1,1
243,1416,1477.35,397.29,76.06,64.67,0.8731,1,1
243,1417,878.47,171.39,39.63,28.21,0.8686,1,1
243,1418,1334.72,573.15,26.80,48.49,0.8276,1,1
243,1419,1114.07,104.16,26.64,16.92,0.6563,1,1
243,1420,1479.09,442.07,32.73,39.71,0.4644,1,1
243,1421,1366.28,388.16,39.74,37.38,0.3092,1,1
243,1422,869.89,282.23,16.68,25.22,0.2509,1,1
244,1423,1348.29,346.35,74.57,45.46,0.9031,1,1
244,1424,1477.08,397.09,76.31,63.34,0.8738,1,1
244,1425,1335.81,572.52,25.96,48.38,0.8321,1,1
244,1426,876.86,168.79,40.22,28.33,0.8310,1,1
244,1427,1114.43,105.51,26.50,16.10,0.6776,1,1
244,1428,1479.19,441.34,34.25,41.66,0.4882,1,1
244,1429,1364.39,387.62,41.02,38.72,0.4647,1,1
244,1430,870.15,281.52,15.26,24.59,0.2627,1,1
245,1431,1348.38,346.38,73.62,45.24,0.9024,1,1
245,1432,1476.91,397.27,76.39,63.01,0.8758,1,1
245,1433,876.89,168.50,39.90,28.52,0.8302,1,1
245,1434,1335.92,571.61,28.07,47.15,0.8257,1,1
245,1435,1113.92,106.16,26.68,17.51,0.6917,1,1
245,1436,1366.09,387.45,40.48,38.07,0.5179,1,1
245,1437,1115.99,104.96,26.39,15.28,0.4821,1,1
245,1438,1478.99,440.33,34.59,41.30,0.3657,1,1
245,1439,869.17,278.36,14.25,26.12,0.2975,1,1
246,1440,1348.16,346.16,72.37,45.19,0.9004,1,1
246,1441,1476.20,398.02,75.87,62.62,0.8778,1,1
246,1442,874.08,160.99,40.12,31.31,0.8762,1,1
246,1443,1340.08,566.13,27.85,47.91,0.7611,1,1
246,1444,1112.98,105.71,28.11,18.06,0.7233,1,1
246,1445,1115.00,104.95,27.51,15.36,0.5305,1,1
246,1446,1368.02,386.66,38.96,38.31,0.4894,1,1
246,1447,1477.74,441.69,37.99,41.50,0.3725,1,1
246,1448,891.59,184.89,20.07,19.93,0.2988,1,1
247,1449,1347.89,343.60,71.97,47.57,0.9056,1,1
247,1450,872.97,159.28,39.68,29.54,0.8835,1,1
247,1451,1473.16,397.72,78.70,62.61,0.8686,1,1
247,1452,1341.76,564.57,28.82,46.83,0.7907,1,1
247,1453,1369.75,386.32,37.28,37.24,0.5828,1,1
247,1454,1114.63,105.61,26.35,16.32,0.5813,1,1
248,1455,1347.63,342.72,71.89,48.15,0.9066,1,1
248,1456,871.57,157.62,38.74,30.13,0.8881,1,1
248,1457,1472.51,397.57,79.12,62.59,0.8685,1,1
248,1458,1343.98,562.90,29.43,48.08,0.8042,1,1
248,1459,1370.04,386.38,35.76,36.35,0.6328,1,1
248,1460,1114.87,105.64,26.16,16.04,0.5510,1,1
248,1461,1476.30,442.65,37.33,41.95,0.2663,1,1
249,1462,1348.57,342.66,70.71,47.87,0.9040,1,1
249,1463,1471.89,396.72,77.99,61.47,0.8723,1,1
249,1464,870.55,153.74,37.29,29.77,0.8659,1,1
249,1465,1344.67,560.46,31.35,49.52,0.8157,1,1
249,1466,1371.94,385.66,36.42,35.98,0.6017,1,1
249,1467,1115.19,105.36,26.00,15.95,0.5508,1,1
250,1468,1349.53,343.42,69.63,47.95,0.9068,1,1
250,1469,1470.39,397.92,77.29,64.47,0.8739,1,1
250,1470,868.95,152.26,39.00,31.01,0.8681,1,1
250,1471,1347.25,559.69,31.09,49.33,0.8088,1,1
250,1472,1114.59,106.02,26.87,17.12,0.6026,1,1
250,1473,1371.75,387.58,34.03,33.19,0.5856,1,1
250,1474,880.64,177.60,22.44,18.61,0.4817,1,1
251,1475,1350.18,343.50,68.99,47.25,0.9042,1,1
251,1476,1470.93,397.89,77.01,62.70,0.8740,1,1
251,1477,868.82,152.34,39.36,30.76,0.8608,1,1
251,1478,1347.18,560.38,32.12,51.34,0.8075,1,1
251,1479,1113.90,106.56,28.23,18.89,0.6524,1,1
251,1480,1371.58,386.96,34.68,33.97,0.5868,1,1
251,1481,881.16,177.41,21.83,18.79,0.3849,1,1
252,1482,1356.03,343.91,63.77,48.60,0.9030,1,1
252,1483,1468.19,399.46,76.95,63.39,0.8838,1,1
252,1484,867.88,146.83,38.68,27.03,0.8528,1,1
252,1485,1357.67,568.38,23.78,43.62,0.7561,1,1
252,1486,1372.17,387.89,35.93,34.50,0.7216,1,1
252,1487,1113.44,106.41,29.44,18.99,0.6025,1,1
252,1488,1468.89,445.75,34.09,40.52,0.3196,1,1
252,1489,1423.74,679.59,29.37,37.61,0.2699,1,1
253,1490,1357.33,342.19,63.19,52.50,0.9079,1,1
253,1491,1466.39,399.76,77.42,63.31,0.8887,1,1
253,1492,866.51,143.56,37.77,27.01,0.7974,1,1
253,1493,1358.62,570.61,22.29,41.83,0.7584,1,1
253,1494,1113.47,106.59,29.55,19.20,0.5865,1,1
253,1495,1420.32,682.33,29.85,36.80,0.5566,1,1
253,1496,877.22,166.03,22.47,21.34,0.5170,1,1
253,1497,1374.26,389.24,33.27,32.25,0.4677,1,1
253,1498,1465.06,446.16,36.60,39.96,0.4093,1,1
253,1499,860.16,262.36,16.39,22.46,0.2949,1,1
254,1500,1359.64,341.48,61.50,54.62,0.9130,1,1
254,1501,1462.00,400.22,80.06,63.10,0.8691,1,1
254,1502,1416.60,685.44,30.72,36.56,0.8193,1,1
254,1503,865.16,141.79,35.76,26.92,0.8136,1,1
254,1504,1359.04,577.26,21.75,39.18,0.7806,1,1
254,1505,1113.56,106.52,29.19,19.19,0.5903,1,1
254,1506,873.12,163.49,23.36,20.20,0.4530,1,1
254,1507,1460.57,444.98,37.63,41.21,0.4457,1,1
255,1508,1360.56,341.55,61.52,56.89,0.9113,1,1
255,1509,1458.59,400.37,80.93,64.75,0.8659,1,1
255,1510,864.00,141.06,37.09,27.54,0.8226,1,1
255,1511,1412.01,686.37,29.77,38.70,0.8137,1,1
255,1512,1358.86,578.17,22.01,40.01,0.7869,1,1
255,1513,1113.29,106.30,29.44,19.37,0.6375,1,1
255,1514,871.04,164.35,24.19,19.88,0.4290,1,1
255,1515,1458.22,444.93,36.96,39.02,0.4125,1,1
256,1516,1360.85,341.22,61.17,58.95,0.9150,1,1
256,1517,1408.74,686.84,29.69,41.50,0.8778,1,1
256,1518,1458.11,401.18,77.12,64.70,0.8655,1,1
256,1519,864.08,140.34,36.94,28.08,0.8411,1,1
256,1520,1356.11,578.84,24.38,43.81,0.6768,1,1
256,1521,1112.50,106.64,30.24,20.45,0.6395,1,1
256,1522,869.89,163.47,25.34,20.43,0.4371,1,1
256,1523,1454.32,445.49,39.96,44.13,0.4127,1,1
257,1524,1360.83,341.21,60.99,58.99,0.9155,1,1
257,1525,1408.71,686.64,29.75,41.69,0.8788,1,1
257,1526,1458.22,401.12,76.96,64.89,0.8657,1,1
257,1527,864.07,139.25,36.56,29.17,0.8482,1,1
257,1528,1356.18,578.56,24.23,43.29,0.6468,1,1
257,1529,1112.50,106.63,30.09,20.44,0.6392,1,1
257,1530,869.65,163.65,25.35,19.98,0.4422,1,1
257,1531,1454.38,445.59,39.84,43.87,0.4250,1,1
258,1532,1362.28,341.05,59.94,60.48,0.9155,1,1
258,1533,863.71,137.77,35.36,29.30,0.8694,1,1
258,1534,1455.98,403.93,72.28,67.93,0.8567,1,1
258,1535,1397.82,686.30,31.44,49.71,0.8246,1,1
258,1536,1112.39,106.80,29.76,21.09,0.7064,1,1
258,1537,1354.32,574.23,24.81,48.87,0.5806,1,1
258,1538,1446.30,445.59,42.16,42.96,0.5548,1,1
258,1539,868.89,161.51,25.67,20.11,0.3513,1,1
259,1540,1362.25,338.67,59.87,63.20,0.9163,1,1
259,1541,863.64,135.30,34.00,29.79,0.8704,1,1
259,1542,1450.10,405.64,74.59,65.65,0.8631,1,1
259,1543,1389.46,690.31,33.64,45.40,0.8494,1,1
259,1544,1112.20,107.45,29.36,21.15,0.6948,1,1
259,1545,1354.34,575.96,24.98,47.06,0.6752,1,1
259,1546,1443.45,444.25,37.38,42.23,0.6520,1,1
259,1547,1113.70,106.45,29.79,17.55,0.5238,1,1
259,1548,869.38,159.41,23.18,19.23,0.2854,1,1
260,1549,1362.07,337.63,59.81,63.94,0.9155,1,1
260,1550,1383.53,691.04,33.77,46.78,0.8670,1,1
260,1551,863.27,133.01,32.51,29.42,0.8579,1,1
260,1552,1443.50,405.84,82.04,63.87,0.8494,1,1
260,1553,1353.90,576.64,25.31,47.72,0.7532,1,1
260,1554,1441.14,444.71,36.82,42.77,0.6712,1,1
260,1555,870.29,155.36,23.32,17.69,0.3536,1,1
260,1556,1115.28,102.80,25.08,17.51,0.3163,1,1
260,1557,1116.98,102.09,24.03,18.00,0.2789,1,1
261,1558,1362.09,336.73,59.71,64.50,0.9111,1,1
261,1559,863.14,132.68,33.50,28.11,0.8571,1,1
261,1560,1439.85,406.30,85.21,62.34,0.8419,1,1
261,1561,1376.71,685.43,35.53,51.36,0.8108,1,1
261,1562,1354.07,577.76,24.64,46.91,0.7569,1,1
261,1563,1437.56,445.89,39.36,45.69,0.6695,1,1
261,1564,871.04,153.57,23.38,18.69,0.3815,1,1
261,1565,1233.01,487.75,24.10,26.74,0.3246,1,1
261,1566,1117.48,101.52,23.32,18.53,0.3177,1,1
262,1567,1362.03,336.68,59.65,63.96,0.9103,1,1
262,1568,1439.28,409.02,86.29,60.90,0.8755,1,1
262,1569,863.36,131.63,34.18,29.12,0.8642,1,1
262,1570,1368.60,683.18,33.81,41.32,0.8608,1,1
262,1571,1354.35,579.29,24.38,45.86,0.7449,1,1
262,1572,1436.10,445.91,35.62,44.68,0.5624,1,1
262,1573,1117.29,95.84,23.24,22.05,0.4392,1,1
262,1574,871.78,153.95,23.45,18.11,0.3902,1,1
262,1575,1230.11,486.80,25.06,27.05,0.3078,1,1
263,1576,1362.08,336.71,59.61,63.97,0.9105,1,1
263,1577,1439.04,408.88,84.98,60.23,0.8789,1,1
263,1578,863.37,131.64,34.18,29.19,0.8647,1,1
263,1579,1368.52,683.03,33.76,41.60,0.8602,1,1
263,1580,1354.35,579.33,24.32,45.76,0.7424,1,1
263,1581,1436.10,445.99,35.52,44.55,0.6656,1,1
263,1582,1117.33,95.84,23.18,22.05,0.4272,1,1
263,1583,871.74,154.05,23.45,18.19,0.4017,1,1
263,1584,1230.14,487.05,24.88,26.75,0.3146,1,1
264,1585,1359.83,334.08,58.29,64.01,0.9041,1,1
264,1586,1430.72,409.18,82.17,61.62,0.8692,1,1
264,1587,864.32,128.80,36.05,27.45,0.8577,1,1
264,1588,1353.23,667.77,30.79,47.80,0.8162,1,1
264,1589,1429.17,446.39,44.67,50.29,0.8061,1,1
264,1590,1356.03,570.76,28.14,46.27,0.7356,1,1
264,1591,1119.74,95.77,22.06,20.79,0.4076,1,1
265,1592,1359.91,332.24,57.23,62.78,0.9028,1,1
265,1593,1426.10,408.43,81.06,62.23,0.8687,1,1
265,1594,864.75,127.59,38.84,25.86,0.8440,1,1
265,1595,1427.14,445.85,42.93,49.99,0.8079,1,1
265,1596,1355.21,570.49,29.68,43.24,0.7585,1,1
265,1597,1342.90,663.83,26.97,48.60,0.6889,1,1
265,1598,1121.57,95.04,23.12,17.42,0.4042,1,1
265,1599,1426.30,441.61,56.11,47.72,0.3015,1,1
266,1600,1357.92,330.92,57.30,62.31,0.9056,1,1
266,1601,1423.23,407.72,80.20,61.94,0.8777,1,1
266,1602,866.08,127.48,37.80,25.66,0.8351,1,1
266,1603,1354.00,568.56,29.82,43.95,0.7526,1,1
266,1604,1421.63,446.05,43.50,47.17,0.7474,1,1
266,1605,1334.58,644.26,32.88,51.81,0.5677,1,1
266,1606,1122.10,94.75,23.61,20.64,0.3052,1,1
267,1607,1356.27,330.39,57.78,60.87,0.8994,1,1
267,1608,1418.93,407.56,81.09,61.54,0.8752,1,1
267,1609,866.37,126.60,39.00,25.21,0.8388,1,1
267,1610,1416.35,446.03,43.73,45.75,0.7348,1,1
267,1611,1349.44,564.02,33.52,40.77,0.6995,1,1
267,1612,1226.58,497.43,22.67,28.85,0.4946,1,1
268,1613,1415.85,408.02,78.39,63.89,0.8832,1,1
268,1614,1353.86,329.52,57.36,60.77,0.8812,1,1
268,1615,867.81,125.69,40.25,25.16,0.8426,1,1
268,1616,1346.00,562.34,31.32,39.95,0.6491,1,1
268,1617,1414.08,449.84,44.35,45.44,0.6329,1,1
268,1618,1227.12,499.08,22.17,28.45,0.3289,1,1
269,1619,1415.87,408.00,78.49,63.96,0.8818,1,1
269,1620,1353.78,329.54,57.51,60.77,0.8798,1,1
269,1621,867.82,125.60,40.36,25.19,0.8410,1,1
269,1622,1345.98,562.32,31.33,40.00,0.6384,1,1
269,1623,1414.21,449.94,44.40,45.30,0.6201,1,1
270,1624,1404.69,408.39,79.47,65.30,0.9022,1,1
270,1625,1346.56,324.88,57.31,61.00,0.8885,1,1
270,1626,871.07,123.39,41.39,26.01,0.8357,1,1
270,1627,1315.54,592.16,32.62,34.56,0.7743,1,1
270,1628,1401.13,447.21,43.42,50.20,0.7732,1,1
270,1629,1226.62,500.30,24.52,31.94,0.5811,1,1
270,1630,1336.99,561.18,32.03,38.24,0.4531,1,1
271,1631,1343.05,322.31,57.37,61.43,0.9058,1,1
271,1632,1399.92,407.36,78.19,65.85,0.8801,1,1
271,1633,871.91,123.27,43.75,25.08,0.8438,1,1
271,1634,1395.51,449.67,45.15,48.06,0.7650,1,1
271,1635,1307.51,574.30,34.81,34.53,0.7278,1,1
271,1636,1133.68,79.70,24.31,18.63,0.6201,1,1
271,1637,1226.28,500.45,24.61,31.24,0.5332,1,1
271,1638,851.68,226.33,18.43,23.25,0.3902,1,1
271,1639,1059.27,82.13,25.83,16.82,0.2809,1,1
271,1640,1059.73,87.51,26.01,22.07,0.2568,1,1
272,1641,1338.47,321.08,55.98,58.87,0.9070,1,1
272,1642,1395.97,407.91,80.26,64.98,0.8807,1,1
272,1643,873.06,123.44,42.73,25.14,0.8361,1,1
272,1644,1390.09,449.34,39.51,46.20,0.8144,1,1
272,1645,1300.74,562.68,33.78,35.78,0.7034,1,1
272,1646,1226.86,500.20,23.74,30.51,0.5248,1,1
272,1647,1058.46,80.88,27.62,16.49,0.2777,1,1
273,1648,1331.93,319.44,58.77,57.85,0.9076,1,1
273,1649,1389.52,409.27,79.10,65.60,0.9000,1,1
273,1650,874.55,124.58,45.26,23.67,0.8239,1,1
273,1651,1384.32,449.13,38.99,47.65,0.7630,1,1
273,1652,1226.03,499.43,24.85,31.37,0.7148,1,1
273,1653,1133.81,77.97,25.15,20.80,0.6513,1,1
273,1654,1295.12,559.19,27.26,33.00,0.4067,1,1
273,1655,1250.28,692.14,32.93,29.96,0.3662,1,1
273,1656,1316.35,558.49,35.20,32.05,0.2970,1,1
273,1657,859.06,229.57,18.07,20.59,0.2734,1,1
274,1658,1379.23,410.03,82.23,63.99,0.9088,1,1
274,1659,1326.35,314.94,57.39,60.53,0.9081,1,1
274,1660,876.37,121.09,45.72,25.35,0.8204,1,1
274,1661,1225.83,498.71,24.06,29.98,0.7673,1,1
274,1662,1377.01,446.55,41.78,51.67,0.7659,1,1
274,1663,1282.06,552.88,24.74,38.78,0.7448,1,1
274,1664,1316.91,564.75,28.83,33.65,0.7439,1,1
274,1665,1103.72,171.79,12.59,20.85,0.4782,1,1
274,1666,1133.63,77.87,24.46,20.22,0.4576,1,1
274,1667,1061.48,87.96,31.18,23.26,0.3187,1,1
275,1668,1379.18,410.07,82.26,63.88,0.9090,1,1
275,1669,1326.31,314.94,57.51,60.64,0.9089,1,1
275,1670,876.38,121.11,45.68,25.34,0.8208,1,1
275,1671,1225.84,498.68,24.10,30.04,0.7700,1,1
275,1672,1377.01,446.53,41.95,51.71,0.7649,1,1
275,1673,1282.05,552.88,24.76,38.71,0.7464,1,1
275,1674,1316.93,564.76,28.81,33.65,0.7459,1,1
275,1675,1103.74,171.80,12.58,20.86,0.4813,1,1
275,1676,1133.57,77.99,24.51,19.83,0.4741,1,1
275,1677,1061.49,88.05,31.09,23.15,0.2781,1,1
276,1678,1314.68,311.54,61.40,59.51,0.9170,1,1
276,1679,1365.37,407.61,82.79,65.47,0.8864,1,1
276,1680,877.94,119.02,45.74,25.79,0.7557,1,1
276,1681,1133.78,78.03,27.16,18.37,0.6159,1,1
276,1682,1363.33,446.91,43.98,49.63,0.6127,1,1
276,1683,1106.50,172.14,11.58,20.69,0.4826,1,1
276,1684,1134.16,71.83,27.58,22.76,0.3474,1,1
276,1685,1104.67,167.29,12.79,24.28,0.3339,1,1
276,1686,1223.47,496.02,23.02,29.31,0.3055,1,1
277,1687,1310.18,310.61,63.30,57.00,0.8826,1,1
277,1688,1358.58,405.58,90.24,68.21,0.8704,1,1
277,1689,879.28,118.90,45.61,25.87,0.7508,1,1
277,1690,1353.84,441.05,43.64,55.04,0.6874,1,1
277,1691,1134.21,77.73,27.78,18.62,0.5874,1,1
277,1692,1107.18,172.50,11.52,20.54,0.5244,1,1
277,1693,1072.50,85.27,24.46,16.03,0.4821,1,1
277,1694,1229.13,564.71,30.75,49.86,0.4498,1,1
277,1695,1072.08,80.78,24.54,16.03,0.4403,1,1
277,1696,1134.49,71.83,28.41,22.81,0.3239,1,1
277,1697,1105.67,167.42,12.43,24.47,0.2874,1,1
278,1698,1349.83,405.40,78.78,64.46,0.8730,1,1
278,1699,1308.23,308.99,65.11,57.28,0.7490,1,1
278,1700,879.63,119.05,46.66,25.70,0.7289,1,1
278,1701,1074.97,80.63,24.29,15.89,0.7026,1,1
278,1702,1345.11,441.66,45.69,47.46,0.6898,1,1
278,1703,1109.37,174.23,10.74,20.59,0.6611,1,1
279,1704,1341.40,401.90,81.85,66.69,0.8643,1,1
279,1705,1306.39,308.83,65.54,55.66,0.8223,1,1
279,1706,1337.61,436.72,47.41,53.80,0.7980,1,1
279,1707,881.73,119.82,46.98,25.75,0.7278,1,1
279,1708,1074.54,81.97,26.51,18.15,0.7110,1,1
279,1709,1109.63,172.36,11.76,21.89,0.6928,1,1
279,1710,1212.26,614.31,34.21,25.41,0.6008,1,1
279,1711,1277.85,596.25,52.91,32.41,0.5193,1,1
279,1712,1075.11,78.99,25.65,17.76,0.4731,1,1
279,1713,1136.03,76.72,28.14,21.08,0.3150,1,1
280,1714,1341.41,401.87,81.64,66.77,0.8649,1,1
280,1715,1306.38,308.87,65.12,55.50,0.8005,1,1
280,1716,1337.65,436.73,47.65,53.79,0.7997,1,1
280,1717,881.74,119.83,47.12,25.76,0.7266,1,1
280,1718,1074.39,82.23,26.80,18.18,0.7040,1,1
280,1719,1109.57,172.48,11.75,21.74,0.6933,1,1
280,1720,1212.17,614.24,34.26,25.38,0.5840,1,1
280,1721,1277.87,596.30,52.79,32.33,0.5183,1,1
280,1722,1074.93,79.40,25.98,17.54,0.4567,1,1
280,1723,1136.17,76.87,27.97,20.88,0.3576,1,1
281,1724,1328.64,394.95,77.75,61.49,0.8816,1,1
281,1725,1302.38,308.61,63.89,54.24,0.8525,1,1
281,1726,883.04,118.02,46.82,25.50,0.8179,1,1
281,1727,1263.22,566.94,29.01,39.48,0.8176,1,1
281,1728,1136.51,71.14,31.15,19.27,0.7321,1,1
281,1729,1077.81,80.92,25.54,18.54,0.6869,1,1
281,1730,1325.93,432.03,43.98,49.80,0.6663,1,1
281,1731,1114.32,174.62,10.77,22.32,0.5164,1,1
281,1732,1228.78,658.90,20.73,36.32,0.3416,1,1
282,1733,1321.99,392.39,77.72,61.82,0.8848,1,1
282,1734,1302.38,308.55,63.89,53.56,0.8709,1,1
282,1735,1256.11,562.41,28.21,40.67,0.8361,1,1
282,1736,883.55,117.42,48.79,26.09,0.8212,1,1
282,1737,1316.93,432.13,43.25,48.75,0.7951,1,1
282,1738,1136.40,71.40,31.62,19.38,0.7768,1,1
282,1739,1080.17,81.44,25.01,18.31,0.6995,1,1
282,1740,1236.22,650.64,30.92,41.57,0.5455,1,1
282,1741,1115.34,175.76,11.30,20.07,0.5081,1,1
283,1742,1314.45,391.62,78.47,58.97,0.8923,1,1
283,1743,1302.70,308.45,63.21,53.25,0.8662,1,1
283,1744,883.65,117.22,50.48,26.39,0.8227,1,1
283,1745,1242.52,669.57,29.63,39.99,0.8212,1,1
283,1746,1309.59,430.30,48.01,50.95,0.8106,1,1
283,1747,1137.02,71.52,30.92,20.30,0.7950,1,1
283,1748,1082.70,81.58,23.82,18.88,0.7291,1,1
283,1749,1114.41,176.76,11.35,20.68,0.6769,1,1
283,1750,1250.14,564.09,24.22,32.97,0.4613,1,1
283,1751,915.92,209.16,21.77,14.24,0.3538,1,1
284,1752,1306.27,391.91,78.95,57.38,0.8861,1,1
284,1753,1302.68,309.97,64.38,52.43,0.8678,1,1
284,1754,1257.25,677.79,27.45,43.54,0.8393,1,1
284,1755,884.39,117.22,51.26,26.33,0.8206,1,1
284,1756,1137.42,71.44,30.58,20.81,0.8023,1,1
284,1757,1304.09,427.93,47.64,51.83,0.7881,1,1
284,1758,1082.26,82.48,23.95,19.05,0.7554,1,1
284,1759,1113.21,175.89,12.09,19.97,0.6461,1,1
285,1760,1301.48,391.09,78.80,57.04,0.8761,1,1
285,1761,1302.87,310.04,66.31,52.03,0.8638,1,1
285,1762,1261.59,682.66,33.72,43.88,0.8475,1,1
285,1763,1296.87,425.46,47.48,51.59,0.8317,1,1
285,1764,885.81,115.96,50.03,26.26,0.8257,1,1
285,1765,1137.47,71.44,31.15,20.73,0.8228,1,1
285,1766,1082.41,83.73,23.57,18.06,0.7717,1,1
285,1767,1115.09,178.98,11.46,19.45,0.7176,1,1
285,1768,1083.52,93.84,19.64,26.28,0.3125,1,1
286,1769,1301.48,391.18,78.80,57.01,0.8761,1,1
286,1770,1302.89,310.03,66.42,52.05,0.8652,1,1
286,1771,1261.80,682.69,33.42,43.77,0.8452,1,1
286,1772,1296.85,425.42,47.56,51.68,0.8326,1,1
286,1773,885.82,115.74,50.09,26.37,0.8248,1,1
286,1774,1137.50,71.47,31.16,20.70,0.8243,1,1
286,1775,1082.49,83.69,23.46,17.96,0.7718,1,1
286,1776,1115.11,178.91,11.51,19.50,0.7199,1,1
286,1777,1083.56,93.68,19.58,26.43,0.3021,1,1
287,1778,1287.47,392.10,79.40,58.34,0.8877,1,1
287,1779,887.49,115.63,49.80,26.10,0.8256,1,1
287,1780,1283.39,426.50,46.09,52.79,0.8115,1,1
287,1781,1137.79,71.57,30.62,20.85,0.8018,1,1
287,1782,1084.81,83.96,24.57,18.72,0.7667,1,1
287,1783,1287.47,683.88,28.29,41.76,0.7606,1,1
287,1784,1305.48,309.13,63.86,53.93,0.7412,1,1
287,1785,1115.85,180.26,12.45,18.11,0.6169,1,1
288,1786,1281.90,393.38,79.74,58.19,0.8855,1,1
288,1787,1300.31,686.82,26.64,40.14,0.8517,1,1
288,1788,887.38,115.54,49.74,25.55,0.8257,1,1
288,1789,1137.89,71.55,30.69,20.73,0.8038,1,1
288,1790,1306.45,310.25,64.52,52.28,0.8032,1,1
288,1791,1085.90,84.68,23.43,18.60,0.7686,1,1
288,1792,1279.50,425.48,47.07,55.61,0.7313,1,1
288,1793,1189.70,557.35,28.66,37.36,0.7199,1,1
288,1794,1115.86,180.50,12.75,18.73,0.6508,1,1
288,1795,1142.45,87.18,22.55,18.23,0.3064,1,1
288,1796,1090.52,94.21,18.25,25.81,0.2952,1,1
288,1797,1118.27,178.04,10.98,17.63,0.2508,1,1
289,1798,1312.19,694.69,21.67,38.07,0.8956,1,1
289,1799,1276.64,393.00,78.85,59.03,0.8812,1,1
289,1800,1306.73,309.14,64.60,53.80,0.8590,1,1
289,1801,1269.64,428.49,52.14,53.63,0.8448,1,1
289,1802,888.28,114.81,49.60,25.77,0.8289,1,1
289,1803,1137.85,71.52,30.92,20.50,0.8120,1,1
289,1804,1086.26,84.95,23.15,18.63,0.7755,1,1
289,1805,1115.84,181.08,12.69,18.16,0.6547,1,1
289,1806,1089.22,94.99,18.76,25.03,0.3521,1,1
289,1807,1142.88,87.34,22.20,18.19,0.3305,1,1
289,1808,1118.31,178.08,10.91,17.70,0.2549,1,1
290,1809,1268.59,395.59,79.99,58.07,0.8723,1,1
290,1810,1306.34,309.19,64.03,54.05,0.8700,1,1
290,1811,1261.51,430.81,51.87,53.11,0.8430,1,1
290,1812,1316.93,696.92,27.07,36.86,0.8416,1,1
290,1813,888.80,115.31,48.54,25.34,0.8226,1,1
290,1814,1164.08,561.64,28.19,36.58,0.8102,1,1
290,1815,1137.28,71.69,31.61,21.39,0.7998,1,1
290,1816,1086.29,85.99,23.05,18.35,0.7739,1,1
290,1817,1115.76,182.09,12.53,17.96,0.6456,1,1
290,1818,1090.31,93.99,17.66,26.04,0.4888,1,1
290,1819,1143.01,87.02,22.44,19.42,0.4490,1,1
291,1820,1255.96,432.41,50.91,60.03,0.8903,1,1
291,1821,1261.87,397.92,79.36,61.01,0.8790,1,1
291,1822,1304.39,310.02,64.08,53.47,0.8619,1,1
291,1823,1326.82,698.43,27.08,35.13,0.8282,1,1
291,1824,889.30,115.42,49.35,25.46,0.8215,1,1
291,1825,1085.87,86.11,23.92,19.53,0.7959,1,1
291,1826,1137.00,71.80,31.64,21.96,0.7637,1,1
291,1827,1090.24,95.29,17.92,24.77,0.6129,1,1
291,1828,1153.75,566.53,26.26,34.94,0.5811,1,1
291,1829,1115.73,184.48,12.51,18.43,0.5118,1,1
291,1830,1143.69,87.75,22.26,18.76,0.3757,1,1
292,1831,1255.98,432.41,50.85,59.91,0.8879,1,1
292,1832,1261.77,397.95,79.41,60.96,0.8778,1,1
292,1833,1304.46,310.11,64.15,53.48,0.8677,1,1
292,1834,1326.96,698.12,26.92,35.12,0.8271,1,1
292,1835,889.36,115.35,49.52,25.48,0.8220,1,1
292,1836,1086.13,86.07,23.61,18.75,0.7938,1,1
292,1837,1137.15,71.80,31.46,21.94,0.7637,1,1
292,1838,1090.32,95.27,17.76,24.80,0.5979,1,1
292,1839,1153.64,566.43,26.37,35.01,0.5856,1,1
292,1840,1115.73,184.44,12.49,18.23,0.5104,1,1
292,1841,1143.65,87.51,22.25,18.75,0.3598,1,1
293,1842,1247.50,400.78,81.08,64.24,0.8797,1,1
293,1843,1300.75,310.39,59.57,54.09,0.8751,1,1
293,1844,1335.87,693.99,28.80,37.88,0.8603,1,1
293,1845,890.91,114.58,50.27,25.77,0.8323,1,1
293,1846,1242.80,440.33,50.14,56.95,0.8112,1,1
293,1847,1136.96,71.76,31.88,21.78,0.7827,1,1
293,1848,1086.04,86.09,23.69,19.12,0.7756,1,1
293,1849,1125.88,571.60,36.76,39.77,0.7114,1,1
293,1850,1090.24,95.20,17.51,24.92,0.5562,1,1
293,1851,1115.88,181.85,13.18,16.25,0.4201,1,1
294,1852,1298.49,309.87,60.70,54.25,0.8879,1,1
294,1853,1242.73,401.92,80.53,63.95,0.8741,1,1
294,1854,1336.42,690.83,30.23,40.66,0.8443,1,1
294,1855,891.83,114.54,49.67,25.81,0.8323,1,1
294,1856,1235.80,441.52,45.97,58.06,0.8065,1,1
294,1857,1085.71,85.98,24.06,19.45,0.7878,1,1
294,1858,1136.89,71.75,31.74,22.15,0.7798,1,1
294,1859,1115.36,573.20,38.35,40.20,0.6574,1,1
294,1860,1089.36,95.56,18.03,24.49,0.6175,1,1
294,1861,1115.90,181.37,13.34,16.60,0.3835,1,1
294,1862,1144.37,87.77,21.89,18.86,0.2518,1,1
294,1863,932.07,204.70,21.32,15.43,0.2503,1,1
295,1864,1296.49,311.08,60.19,53.97,0.8830,1,1
295,1865,1336.34,690.72,30.51,39.72,0.8695,1,1
295,1866,1234.17,403.57,83.55,63.16,0.8679,1,1
295,1867,891.83,114.51,49.47,25.84,0.8341,1,1
295,1868,1085.33,85.84,24.65,20.13,0.8216,1,1
295,1869,1230.33,442.71,48.42,57.47,0.7926,1,1
295,1870,1137.09,71.75,31.48,21.91,0.7824,1,1
295,1871,1087.91,97.62,18.82,22.43,0.5442,1,1
295,1872,1115.74,182.75,12.41,18.69,0.5318,1,1
295,1873,1104.98,574.53,40.65,40.12,0.3364,1,1
295,1874,1145.88,88.14,20.42,18.96,0.2808,1,1
296,1875,1294.92,312.43,59.27,55.72,0.9027,1,1
296,1876,1228.63,405.28,83.38,64.64,0.8752,1,1
296,1877,1335.70,692.09,29.66,38.90,0.8639,1,1
296,1878,892.10,114.57,49.14,25.84,0.8334,1,1
296,1879,1084.18,86.67,25.53,20.10,0.8325,1,1
296,1880,1223.07,446.84,54.40,56.92,0.8214,1,1
296,1881,1137.11,71.77,30.99,21.64,0.7863,1,1
296,1882,1102.20,582.81,36.50,41.03,0.5546,1,1
296,1883,1115.79,184.06,12.46,17.38,0.5408,1,1
296,1884,1147.00,88.82,19.06,18.28,0.3298,1,1
296,1885,1086.54,100.08,20.58,20.22,0.2731,1,1
297,1886,1292.20,314.36,58.41,55.73,0.9145,1,1
297,1887,1221.70,408.66,85.86,65.35,0.8825,1,1
297,1888,892.64,114.72,48.87,26.24,0.8358,1,1
297,1889,1083.63,87.06,25.70,20.24,0.8312,1,1
297,1890,1097.63,593.38,31.05,37.30,0.8129,1,1
297,1891,1216.37,449.08,48.59,55.66,0.7978,1,1
297,1892,1137.18,71.78,31.00,21.70,0.7837,1,1
297,1893,1115.86,183.79,12.69,17.53,0.5199,1,1
297,1894,1087.80,99.57,19.92,20.64,0.3650,1,1
297,1895,1147.42,88.82,18.66,18.28,0.3506,1,1
298,1896,1292.35,314.33,58.29,55.65,0.9133,1,1
298,1897,1221.88,408.69,85.54,65.18,0.8820,1,1
298,1898,892.61,114.72,48.86,26.20,0.8348,1,1
298,1899,1083.62,87.03,25.60,20.18,0.8303,1,1
298,1900,1097.55,593.35,31.03,37.26,0.8096,1,1
298,1901,1216.32,448.92,48.58,55.81,0.7972,1,1
298,1902,1137.12,71.77,31.27,21.73,0.7870,1,1
298,1903,1115.85,183.61,12.60,17.52,0.5414,1,1
298,1904,1088.08,99.42,19.55,20.74,0.3415,1,1
298,1905,1147.36,88.92,18.76,18.29,0.3096,1,1
299,1906,1206.93,408.91,86.55,66.98,0.8949,1,1
299,1907,1283.89,315.45,62.52,56.96,0.8858,1,1
299,1908,893.24,114.70,48.90,26.09,0.8402,1,1
299,1909,1082.36,86.90,26.18,20.20,0.8273,1,1
299,1910,1091.23,605.66,29.59,39.58,0.8114,1,1
299,1911,1137.34,71.75,30.90,21.25,0.8108,1,1
299,1912,1206.43,452.75,50.03,55.90,0.8001,1,1
299,1913,1285.28,663.44,23.30,44.27,0.5811,1,1
299,1914,1115.94,181.82,13.08,19.12,0.5274,1,1
299,1915,1145.44,88.32,20.15,19.00,0.3757,1,1
299,1916,906.87,136.91,23.72,25.47,0.2901,1,1
299,1917,1084.69,100.62,20.80,19.68,0.2534,1,1
300,1918,1274.35,316.68,69.78,58.36,0.8969,1,1
300,1919,1202.33,409.60,85.10,68.02,0.8875,1,1
300,1920,893.34,114.71,49.10,26.29,0.8446,1,1
300,1921,1082.75,86.80,25.04,19.76,0.8244,1,1
300,1922,1197.88,453.94,51.20,54.45,0.8167,1,1
300,1923,1089.41,607.24,31.07,43.71,0.8061,1,1
300,1924,1137.38,71.80,31.04,21.67,0.8052,1,1
300,1925,1115.93,184.59,12.98,18.83,0.4574,1,1
300,1926,906.85,136.97,24.18,25.53,0.2891,1,1
301,1927,1196.82,412.61,82.98,65.71,0.8990,1,1
301,1928,1269.43,320.16,67.68,58.59,0.8824,1,1
301,1929,1192.90,454.67,53.05,57.86,0.8475,1,1
301,1930,893.25,114.66,49.31,26.55,0.8444,1,1
301,1931,1081.77,87.32,25.37,20.50,0.8289,1,1
301,1932,1089.39,610.31,30.66,47.53,0.7923,1,1
301,1933,1137.48,71.83,31.53,21.95,0.7861,1,1
301,1934,1115.98,188.49,14.12,16.46,0.2660,1,1
301,1935,1083.62,102.11,21.30,18.79,0.2585,1,1
302,1936,1187.73,414.42,84.78,63.73,0.9014,1,1
302,1937,1263.25,322.83,64.42,61.08,0.8821,1,1
302,1938,1186.92,456.85,52.28,60.25,0.8650,1,1
302,1939,893.35,114.79,49.11,26.53,0.8438,1,1
302,1940,1080.43,87.74,25.93,21.12,0.8366,1,1
302,1941,1137.66,71.81,31.92,22.09,0.7829,1,1
302,1942,1089.36,614.37,28.08,44.22,0.7814,1,1
302,1943,1145.94,89.16,20.81,18.12,0.2845,1,1
303,1944,1178.84,459.19,53.88,59.37,0.9021,1,1
303,1945,1181.19,416.72,84.65,63.45,0.9013,1,1
303,1946,1255.12,324.85,67.95,60.58,0.8940,1,1
303,1947,1199.58,724.95,26.97,39.46,0.8439,1,1
303,1948,893.97,114.95,48.13,27.06,0.8428,1,1
303,1949,1079.32,87.92,26.38,21.12,0.8333,1,1
303,1950,1137.76,71.80,32.55,22.16,0.7909,1,1
303,1951,1115.99,185.94,14.41,16.43,0.3127,1,1
304,1952,1178.86,459.18,53.75,59.37,0.9021,1,1
304,1953,1181.14,416.65,84.74,63.52,0.9020,1,1
304,1954,1255.17,324.70,67.56,60.81,0.8943,1,1
304,1955,1199.56,724.90,27.06,39.53,0.8447,1,1
304,1956,893.99,114.96,48.29,27.06,0.8438,1,1
304,1957,1079.26,87.97,26.32,21.08,0.8316,1,1
304,1958,1137.73,71.80,32.56,22.14,0.7993,1,1
304,1959,1115.99,185.78,14.42,16.50,0.3226,1,1
305,1960,1249.19,328.36,69.23,59.41,0.8934,1,1
305,1961,1163.50,465.76,50.31,55.47,0.8716,1,1
305,1962,1145.67,726.20,34.26,43.13,0.8712,1,1
305,1963,1165.57,418.12,83.34,64.84,0.8705,1,1
305,1964,894.11,114.90,47.99,27.47,0.8426,1,1
305,1965,1077.91,89.24,26.73,21.44,0.8372,1,1
305,1966,1138.26,71.82,32.64,21.66,0.8318,1,1
305,1967,1115.99,177.21,14.96,22.63,0.5564,1,1
305,1968,1252.44,368.77,32.11,37.81,0.4071,1,1
305,1969,1119.40,177.90,11.17,18.67,0.3156,1,1
305,1970,1147.19,89.12,20.22,17.58,0.2993,1,1
306,1971,1247.24,329.10,69.03,59.99,0.8936,1,1
306,1972,1156.42,420.75,80.00,64.74,0.8799,1,1
306,1973,1119.79,716.76,43.55,48.65,0.8584,1,1
306,1974,1076.19,91.05,28.46,21.79,0.8467,1,1
306,1975,894.14,115.09,48.06,27.63,0.8422,1,1
306,1976,1138.02,71.85,32.56,21.83,0.8287,1,1
306,1977,1152.96,468.73,58.27,55.75,0.7824,1,1
306,1978,1115.99,178.50,15.99,23.31,0.5290,1,1
306,1979,1250.50,371.71,33.90,36.36,0.3783,1,1
306,1980,1247.79,584.56,28.96,35.64,0.3069,1,1
306,1981,1120.46,178.27,11.07,20.60,0.2928,1,1
306,1982,1145.00,89.30,20.54,15.88,0.2745,1,1
307,1983,1245.67,330.05,68.92,59.29,0.8960,1,1
307,1984,1146.61,424.66,90.45,64.33,0.8643,1,1
307,1985,1078.01,92.20,27.07,22.29,0.8614,1,1
307,1986,894.65,115.23,47.42,27.66,0.8371,1,1
307,1987,1137.97,71.85,32.35,21.73,0.8276,1,1
307,1988,1102.11,708.02,41.37,44.88,0.8135,1,1
307,1989,1143.28,470.57,61.88,55.41,0.7978,1,1
307,1990,1243.52,586.55,29.67,35.65,0.6589,1,1
307,1991,1116.00,177.04,17.04,25.04,0.3529,1,1
307,1992,1248.33,373.73,35.94,35.14,0.3470,1,1
308,1993,1244.09,331.21,71.03,57.89,0.8918,1,1
308,1994,1077.81,95.31,26.86,21.24,0.8625,1,1
308,1995,1078.69,701.90,50.44,43.54,0.8435,1,1
308,1996,1131.06,427.24,95.94,60.83,0.8433,1,1
308,1997,1137.98,71.87,32.54,21.52,0.8408,1,1
308,1998,894.64,115.35,47.22,27.13,0.8338,1,1
308,1999,1129.97,474.01,64.28,61.59,0.8111,1,1
308,2000,1235.81,586.53,29.96,38.60,0.8084,1,1
308,2001,1115.99,174.85,16.36,23.05,0.4574,1,1
308,2002,1246.39,373.13,37.06,37.20,0.3588,1,1
308,2003,1144.17,88.29,22.07,17.14,0.3188,1,1
308,2004,1118.33,177.71,12.07,18.71,0.2761,1,1
309,2005,1242.40,331.79,70.69,57.06,0.8906,1,1
309,2006,1127.51,429.21,90.72,63.68,0.8514,1,1
309,2007,1137.70,71.84,33.11,21.80,0.8317,1,1
309,2008,894.70,115.87,46.31,26.64,0.8308,1,1
309,2009,1226.87,585.27,33.11,43.15,0.8112,1,1
309,2010,1077.71,95.72,27.16,22.30,0.7815,1,1
309,2011,1116.92,472.04,63.10,62.39,0.7663,1,1
309,2012,1060.59,696.22,64.58,40.39,0.7613,1,1
309,2013,1245.26,372.67,40.68,44.47,0.6381,1,1
309,2014,1144.64,87.74,23.70,18.92,0.3969,1,1
309,2015,1115.99,175.51,16.64,24.06,0.3636,1,1
310,2016,1242.40,331.99,70.52,56.78,0.8918,1,1
310,2017,1127.37,429.29,91.10,63.83,0.8517,1,1
310,2018,894.67,115.77,46.31,26.63,0.8327,1,1
310,2019,1137.68,71.85,33.01,21.79,0.8303,1,1
310,2020,1226.86,585.12,33.20,43.30,0.8116,1,1
310,2021,1077.84,95.72,27.13,22.44,0.7708,1,1
310,2022,1116.91,472.16,62.98,62.19,0.7652,1,1
310,2023,1060.59,696.26,64.53,40.38,0.7636,1,1
310,2024,1245.63,372.82,40.57,44.19,0.6281,1,1
310,2025,1115.99,175.34,16.58,24.14,0.4064,1,1
310,2026,1144.51,87.56,23.82,18.74,0.3862,1,1
311,2027,1106.39,433.11,97.54,69.74,0.8983,1,1
311,2028,1237.13,336.18,70.25,52.27,0.8957,1,1
311,2029,1104.31,480.96,54.63,58.57,0.8758,1,1
311,2030,1213.13,582.11,31.35,37.76,0.8354,1,1
311,2031,1076.60,100.46,28.52,22.39,0.8244,1,1
311,2032,895.43,116.60,43.88,26.13,0.8182,1,1
311,2033,1035.12,697.23,47.61,35.69,0.8062,1,1
311,2034,1137.57,71.79,32.99,22.18,0.8042,1,1
311,2035,1241.19,372.05,44.17,45.92,0.6640,1,1
311,2036,1115.99,175.21,16.89,24.19,0.3929,1,1
311,2037,908.75,137.14,21.98,25.23,0.2668,1,1
312,2038,1232.98,336.97,70.21,52.22,0.8932,1,1
312,2039,1099.19,433.73,93.32,70.45,0.8837,1,1
312,2040,1076.72,101.53,28.44,22.12,0.8290,1,1
312,2041,1095.73,481.79,50.99,55.43,0.8065,1,1
312,2042,895.40,117.52,42.61,25.68,0.8049,1,1
312,2043,1137.41,71.81,32.27,22.12,0.7859,1,1
312,2044,1021.24,699.19,48.64,37.23,0.7766,1,1
312,2045,1209.01,578.33,29.75,38.88,0.7379,1,1
312,2046,1235.09,372.93,45.51,44.55,0.5016,1,1
312,2047,1115.99,174.72,17.18,24.20,0.3665,1,1
312,2048,931.54,209.44,21.79,13.79,0.2877,1,1
312,2049,908.25,137.42,22.43,25.10,0.2772,1,1
313,2050,1229.58,338.30,71.21,51.69,0.8991,1,1
313,2051,1085.98,432.40,91.83,70.49,0.8984,1,1
313,2052,1084.94,483.64,51.22,58.81,0.8911,1,1
313,2053,1015.07,706.05,51.92,39.10,0.8731,1,1
313,2054,1077.72,103.78,28.49,22.47,0.8425,1,1
313,2055,1202.34,574.93,31.37,43.12,0.8135,1,1
313,2056,895.62,118.46,40.97,25.56,0.7826,1,1
313,2057,1137.38,71.82,30.49,21.95,0.7547,1,1
313,2058,1230.14,372.17,43.47,47.75,0.6987,1,1
313,2059,1115.99,175.05,17.31,24.14,0.4158,1,1
313,2060,908.48,138.22,21.82,24.38,0.3714,1,1
313,2061,930.23,210.56,22.05,13.19,0.3708,1,1
313,2062,1121.85,177.82,10.81,19.35,0.2743,1,1
314,2063,1226.86,340.33,72.65,51.34,0.8977,1,1
314,2064,1080.24,432.72,82.55,69.59,0.8805,1,1
314,2065,1008.49,717.72,45.22,36.57,0.8540,1,1
314,2066,1077.84,105.42,30.40,22.55,0.8504,1,1
314,2067,1074.95,485.91,52.77,54.93,0.8427,1,1
314,2068,1190.22,573.84,32.18,40.17,0.8414,1,1
314,2069,895.45,118.92,40.98,25.02,0.7529,1,1
314,2070,1137.33,71.86,29.56,21.80,0.7340,1,1
314,2071,1226.66,373.81,43.47,48.63,0.5177,1,1
314,2072,928.51,210.49,22.92,13.07,0.3821,1,1
314,2073,908.29,137.76,21.95,23.76,0.3624,1,1
314,2074,1115.99,175.61,17.35,24.13,0.2664,1,1
315,2075,1224.06,342.53,70.01,51.21,0.8932,1,1
315,2076,1066.94,433.09,89.08,67.80,0.8899,1,1
315,2077,1181.53,571.42,32.31,40.44,0.8726,1,1
315,2078,1006.91,726.99,45.40,41.17,0.8699,1,1
315,2079,1078.21,105.73,31.43,22.73,0.8556,1,1
315,2080,1064.26,487.29,53.90,54.39,0.8450,1,1
315,2081,895.90,119.36,38.58,24.80,0.6928,1,1
315,2082,1137.38,71.83,28.29,22.09,0.6292,1,1
315,2083,907.48,138.64,22.50,23.26,0.4693,1,1
315,2084,1138.48,78.09,25.79,18.46,0.3892,1,1
315,2085,928.34,211.21,23.87,12.99,0.3281,1,1
315,2086,1222.47,367.57,43.49,55.02,0.2659,1,1
315,2087,1115.99,174.62,17.09,24.46,0.2655,1,1
316,2088,1224.06,342.59,69.98,51.19,0.8932,1,1
316,2089,1066.99,433.09,89.09,67.79,0.8897,1,1
316,2090,1181.53,571.41,32.33,40.46,0.8726,1,1
316,2091,1006.89,726.96,45.43,41.23,0.8709,1,1
316,2092,1078.14,105.75,31.51,22.73,0.8550,1,1
316,2093,1064.24,487.20,54.04,54.52,0.8452,1,1
316,2094,895.94,119.33,38.59,24.85,0.6900,1,1
316,2095,1137.31,71.83,28.39,22.17,0.6245,1,1
316,2096,907.57,138.63,22.45,23.31,0.4909,1,1
316,2097,1138.24,77.91,26.04,18.62,0.4175,1,1
316,2098,928.09,211.28,24.28,12.91,0.3051,1,1
316,2099,1115.99,174.55,17.08,24.56,0.2843,1,1
316,2100,1222.45,367.64,43.08,54.86,0.2543,1,1
317,2101,1211.40,347.27,69.40,48.72,0.8975,1,1
317,2102,1047.61,432.89,94.31,70.92,0.8947,1,1
317,2103,1079.11,106.44,30.82,22.60,0.8565,1,1
317,2104,1163.27,566.91,32.30,39.57,0.8547,1,1
317,2105,1012.99,748.10,45.16,48.05,0.8486,1,1
317,2106,1046.74,483.34,49.19,57.92,0.8437,1,1
317,2107,1209.35,372.19,40.55,52.09,0.7501,1,1
317,2108,895.81,120.27,37.66,25.02,0.7488,1,1
317,2109,1136.90,71.85,25.81,22.32,0.6351,1,1
317,2110,1137.42,77.46,23.90,18.88,0.5480,1,1
317,2111,926.64,210.97,23.70,13.16,0.5052,1,1
318,2112,1036.04,433.21,96.09,73.56,0.9019,1,1
318,2113,1205.15,347.36,70.05,50.04,0.8915,1,1
318,2114,1037.19,488.97,55.38,57.77,0.8710,1,1
318,2115,1080.29,107.00,29.29,22.34,0.8509,1,1
318,2116,1023.51,757.26,42.72,47.14,0.8362,1,1
318,2117,895.57,120.68,36.77,25.64,0.7490,1,1
318,2118,1137.57,76.68,22.29,19.67,0.6465,1,1
318,2119,1137.66,71.81,23.71,22.81,0.6098,1,1
318,2120,1153.62,567.43,30.69,31.08,0.5237,1,1
318,2121,1204.03,375.22,34.87,45.76,0.4789,1,1
318,2122,918.74,209.94,24.45,13.13,0.2553,1,1
319,2123,1027.13,436.32,95.17,69.88,0.8959,1,1
319,2124,1197.11,349.09,69.60,51.90,0.8934,1,1
319,2125,1080.59,108.56,29.76,23.68,0.8571,1,1
319,2126,1028.47,490.34,57.18,57.64,0.8426,1,1
319,2127,895.50,122.12,35.84,25.53,0.8287,1,1
319,2128,1037.37,761.19,37.50,47.79,0.8266,1,1
319,2129,1136.73,77.47,22.04,19.03,0.7492,1,1
319,2130,1142.97,560.30,36.25,32.22,0.5010,1,1
319,2131,1195.70,377.94,41.36,51.58,0.4784,1,1
319,2132,1137.17,71.83,23.45,23.30,0.3479,1,1
319,2133,905.68,215.76,20.74,15.80,0.2992,1,1
320,2134,1192.30,351.82,69.16,51.11,0.8995,1,1
320,2135,1014.88,441.30,103.18,70.06,0.8874,1,1
320,2136,1081.34,109.05,31.43,24.56,0.8655,1,1
320,2137,1052.94,765.79,30.88,45.82,0.8274,1,1
320,2138,895.46,124.20,35.96,25.08,0.8162,1,1
320,2139,1017.25,493.18,49.72,56.12,0.7973,1,1
320,2140,1136.30,79.82,22.30,17.79,0.7127,1,1
320,2141,1188.69,384.44,44.54,47.54,0.6286,1,1
320,2142,910.80,223.65,18.80,16.37,0.4054,1,1
320,2143,1089.09,130.81,20.91,18.73,0.3876,1,1
320,2144,942.71,658.56,26.24,30.17,0.3558,1,1
320,2145,1131.58,559.16,34.76,32.71,0.3517,1,1
320,2146,1137.22,71.78,23.15,22.05,0.2506,1,1
321,2147,1181.91,352.73,71.09,52.16,0.8852,1,1
321,2148,1006.76,443.74,96.41,71.53,0.8835,1,1
321,2149,1082.53,108.78,29.98,24.15,0.8680,1,1
321,2150,895.18,124.18,35.87,25.23,0.8208,1,1
321,2151,1059.64,765.91,35.47,50.58,0.8013,1,1
321,2152,1007.10,495.87,56.90,58.72,0.8012,1,1
321,2153,922.24,662.47,28.55,37.96,0.6548,1,1
321,2154,1123.33,556.98,38.80,32.43,0.6138,1,1
321,2155,1181.57,383.54,35.66,47.73,0.5761,1,1
321,2156,1135.70,79.41,22.16,16.94,0.4904,1,1
321,2157,911.78,227.43,19.73,16.48,0.3893,1,1
321,2158,1136.99,71.69,22.95,20.18,0.3148,1,1
321,2159,1184.18,387.55,49.56,48.18,0.2803,1,1
322,2160,1181.88,352.68,70.98,52.16,0.8851,1,1
322,2161,1006.70,443.71,96.51,71.57,0.8841,1,1
322,2162,1082.33,108.59,29.96,24.40,0.8690,1,1
322,2163,895.17,124.22,35.81,25.22,0.8216,1,1
322,2164,1059.66,765.97,35.46,50.52,0.8017,1,1
322,2165,1007.10,495.94,56.89,58.68,0.8014,1,1
322,2166,922.26,662.41,28.54,38.02,0.6526,1,1
322,2167,1123.26,556.92,39.02,32.79,0.6488,1,1
322,2168,1181.61,383.58,35.59,47.62,0.5726,1,1
322,2169,1135.79,79.42,22.11,16.96,0.4684,1,1
322,2170,911.64,227.42,19.76,16.41,0.3866,1,1
322,2171,1137.07,71.67,22.86,20.10,0.3183,1,1
322,2172,1184.06,387.53,49.39,48.12,0.2609,1,1
323,2173,1165.80,352.45,70.91,51.97,0.8817,1,1
323,2174,987.69,502.70,53.16,57.12,0.8776,1,1
323,2175,1085.53,109.52,32.41,25.22,0.8743,1,1
323,2176,983.34,449.72,104.86,74.01,0.8699,1,1
323,2177,891.07,675.85,27.47,39.43,0.8310,1,1
323,2178,1115.00,551.62,35.77,32.04,0.8243,1,1
323,2179,892.15,126.16,37.04,25.52,0.8196,1,1
323,2180,1087.59,758.39,28.96,53.37,0.7949,1,1
323,2181,1165.03,384.94,48.50,49.00,0.6538,1,1
323,2182,1089.78,131.78,23.08,19.06,0.4371,1,1
323,2183,897.77,148.59,24.78,23.43,0.3764,1,1
323,2184,1125.34,172.73,15.25,24.03,0.3625,1,1
323,2185,1125.90,175.60,12.61,19.48,0.2873,1,1
324,2186,975.88,452.45,102.50,75.11,0.8903,1,1
324,2187,1155.88,352.69,69.43,52.61,0.8850,1,1
324,2188,1085.44,109.57,35.73,27.71,0.8631,1,1
324,2189,1095.02,769.96,25.90,34.81,0.8539,1,1
324,2190,977.45,510.14,54.99,55.45,0.8326,1,1
324,2191,890.55,128.22,35.40,25.11,0.8289,1,1
324,2192,873.91,679.20,29.72,45.77,0.8248,1,1
324,2193,1108.91,552.05,35.06,30.72,0.7151,1,1
324,2194,1158.43,388.76,46.96,47.95,0.5380,1,1
324,2195,895.76,150.85,24.72,22.74,0.2935,1,1
325,2196,963.37,456.78,105.46,73.16,0.8911,1,1
325,2197,1149.26,351.40,62.82,51.15,0.8901,1,1
325,2198,1099.55,765.51,28.54,35.78,0.8397,1,1
325,2199,861.23,687.47,27.30,43.98,0.8379,1,1
325,2200,890.25,129.38,35.63,24.95,0.8331,1,1
325,2201,1088.93,108.80,37.44,28.81,0.8169,1,1
325,2202,1105.03,551.44,35.37,34.33,0.8132,1,1
325,2203,967.50,517.03,58.14,54.08,0.7997,1,1
325,2204,1151.43,388.75,43.38,46.08,0.7508,1,1
325,2205,1097.48,105.48,44.06,31.50,0.2693,1,1
326,2206,1137.99,350.06,67.95,51.99,0.8898,1,1
326,2207,953.70,462.16,103.91,76.00,0.8652,1,1
326,2208,1100.58,762.68,27.65,37.19,0.8535,1,1
326,2209,844.52,691.10,31.80,48.80,0.8394,1,1
326,2210,1101.10,553.31,38.15,38.76,0.8364,1,1
326,2211,1089.89,108.00,41.31,30.29,0.8263,1,1
326,2212,955.24,518.74,62.68,56.94,0.8206,1,1
326,2213,889.27,130.50,36.84,25.24,0.8135,1,1
326,2214,1135.90,383.77,42.88,48.04,0.7899,1,1
326,2215,870.01,244.77,16.96,24.82,0.4184,1,1
327,2216,1134.49,348.51,65.91,52.60,0.8989,1,1
327,2217,830.05,702.53,32.70,48.14,0.8946,1,1
327,2218,944.79,466.82,104.22,76.41,0.8812,1,1
327,2219,1097.97,560.83,35.37,36.86,0.8661,1,1
327,2220,1099.43,761.61,29.76,38.55,0.8559,1,1
327,2221,888.38,132.12,37.24,25.60,0.8326,1,1
327,2222,1092.07,106.78,45.96,30.20,0.8064,1,1
327,2223,944.35,524.10,56.95,57.48,0.7507,1,1
327,2224,1131.52,379.21,48.55,53.10,0.7407,1,1
327,2225,868.53,247.51,15.63,26.32,0.6956,1,1
327,2226,1109.17,103.92,33.77,28.43,0.6706,1,1
328,2227,1134.27,348.53,65.74,52.62,0.8963,1,1
328,2228,830.06,702.45,32.84,48.24,0.8949,1,1
328,2229,944.99,466.87,103.98,76.54,0.8812,1,1
328,2230,1097.81,560.84,35.36,36.78,0.8660,1,1
328,2231,1099.46,762.78,29.59,37.32,0.8540,1,1
328,2232,888.31,132.23,37.36,25.56,0.8332,1,1
328,2233,1092.80,106.29,47.08,30.87,0.8059,1,1
328,2234,1130.98,378.82,48.30,53.56,0.7548,1,1
328,2235,944.39,524.16,56.77,57.50,0.7529,1,1
328,2236,868.63,247.68,15.43,26.06,0.6901,1,1
328,2237,1106.11,104.02,36.79,29.71,0.6869,1,1
329,2238,926.40,476.15,100.95,80.72,0.8914,1,1
329,2239,1120.83,347.56,66.39,49.50,0.8890,1,1
329,2240,1094.53,572.31,30.16,36.39,0.8760,1,1
329,2241,811.14,714.83,32.73,47.74,0.8533,1,1
329,2242,886.13,138.32,37.26,27.92,0.8480,1,1
329,2243,1116.82,373.89,39.93,54.96,0.8385,1,1
329,2244,1098.28,106.43,41.53,30.82,0.8367,1,1
329,2245,1088.11,748.41,40.23,49.66,0.7334,1,1
329,2246,925.19,536.35,59.12,56.12,0.7101,1,1
329,2247,867.61,252.12,12.24,25.60,0.2788,1,1
330,2248,1115.75,347.59,68.27,49.30,0.9008,1,1
330,2249,802.53,718.58,34.89,46.52,0.8933,1,1
330,2250,1092.68,581.02,30.64,37.52,0.8917,1,1
330,2251,910.99,477.88,110.07,82.05,0.8809,1,1
330,2252,1099.31,107.53,40.89,31.26,0.8638,1,1
330,2253,1112.83,374.83,43.61,55.92,0.8264,1,1
330,2254,885.11,141.44,36.79,27.78,0.7984,1,1
330,2255,1082.19,752.52,44.49,46.47,0.7826,1,1
330,2256,913.20,539.98,61.69,58.09,0.7200,1,1
331,2257,1111.04,348.10,69.20,48.62,0.8982,1,1
331,2258,904.04,484.38,106.92,82.85,0.8840,1,1
331,2259,1101.22,106.80,39.66,32.83,0.8652,1,1
331,2260,884.68,143.19,37.34,29.29,0.8405,1,1
331,2261,1090.60,585.22,34.42,46.27,0.8359,1,1
331,2262,799.10,720.90,33.67,52.11,0.8357,1,1
331,2263,1064.91,768.95,30.07,35.23,0.7658,1,1
331,2264,1103.93,374.43,47.17,51.14,0.7223,1,1
331,2265,903.92,543.81,64.87,57.06,0.6986,1,1
332,2266,1103.84,347.36,67.84,48.22,0.8881,1,1
332,2267,893.01,488.69,108.17,83.84,0.8853,1,1
332,2268,884.74,146.38,37.06,27.31,0.8667,1,1
332,2269,1101.84,107.39,39.44,31.92,0.8611,1,1
332,2270,794.76,724.41,33.58,52.26,0.8535,1,1
332,2271,1088.69,592.78,34.03,45.35,0.8277,1,1
332,2272,1098.81,374.10,39.21,53.24,0.8189,1,1
332,2273,895.25,550.71,63.88,56.83,0.6995,1,1
332,2274,1048.13,775.29,33.40,43.30,0.6470,1,1
332,2275,1106.32,135.31,28.33,22.72,0.3731,1,1
332,2276,1139.71,197.79,14.67,19.84,0.3043,1,1
333,2277,883.29,150.50,39.01,26.98,0.8818,1,1
333,2278,885.01,491.59,109.01,84.96,0.8818,1,1
333,2279,1099.40,347.20,67.11,47.55,0.8716,1,1
333,2280,1088.51,603.40,34.87,42.31,0.8623,1,1
333,2281,790.46,729.47,29.90,48.20,0.8526,1,1
333,2282,1101.65,107.89,39.77,30.17,0.8478,1,1
333,2283,1095.52,374.14,45.55,54.00,0.8465,1,1
333,2284,886.04,559.01,59.80,55.56,0.6569,1,1
333,2285,1030.75,786.99,32.39,43.65,0.5899,1,1
333,2286,1107.87,134.67,26.39,23.72,0.3905,1,1
333,2287,1139.60,194.51,15.07,21.96,0.2833,1,1
334,2288,885.00,491.58,109.02,84.96,0.8826,1,1
334,2289,883.27,150.52,39.09,26.97,0.8817,1,1
334,2290,1099.36,347.28,67.18,47.56,0.8715,1,1
334,2291,1088.48,603.33,34.92,42.36,0.8631,1,1
334,2292,790.34,730.20,29.66,47.57,0.8537,1,1
334,2293,1101.77,107.85,39.64,30.21,0.8495,1,1
334,2294,1095.55,374.14,45.39,54.00,0.8480,1,1
334,2295,885.98,559.06,59.77,55.57,0.6568,1,1
334,2296,1030.77,787.01,32.36,43.57,0.5772,1,1
334,2297,1107.91,134.66,26.30,23.64,0.4013,1,1
334,2298,1139.62,194.60,15.13,22.08,0.2884,1,1
335,2299,861.62,499.56,113.51,87.29,0.8879,1,1
335,2300,1088.61,347.98,67.96,48.77,0.8832,1,1
335,2301,882.56,158.26,38.55,26.64,0.8711,1,1
335,2302,1111.49,107.48,32.68,29.21,0.8648,1,1
335,2303,1093.04,614.74,33.87,44.07,0.8610,1,1
335,2304,1086.27,377.89,45.28,52.29,0.8408,1,1
335,2305,779.68,729.79,29.88,49.14,0.8276,1,1
335,2306,988.87,812.84,31.72,47.80,0.7859,1,1
335,2307,866.38,564.71,62.89,54.29,0.6410,1,1
335,2308,1113.78,133.31,22.77,24.74,0.6117,1,1
336,2309,1083.43,347.81,67.40,50.81,0.8952,1,1
336,2310,855.46,503.30,107.99,88.64,0.8839,1,1
336,2311,884.04,161.25,36.08,28.87,0.8711,1,1
336,2312,1111.10,107.61,34.47,28.88,0.8670,1,1
336,2313,1095.11,618.88,33.23,47.28,0.8595,1,1
336,2314,774.22,728.62,29.89,49.56,0.8581,1,1
336,2315,962.43,829.81,35.82,47.48,0.8347,1,1
336,2316,1078.65,379.50,41.51,50.09,0.7392,1,1
336,2317,854.77,568.06,60.92,54.52,0.6955,1,1
336,2318,1115.22,133.13,22.99,24.68,0.4911,1,1
337,2319,842.26,508.22,112.52,88.46,0.8935,1,1
337,2320,1076.03,348.97,67.46,52.02,0.8755,1,1
337,2321,1110.03,108.52,37.16,28.46,0.8659,1,1
337,2322,932.69,846.15,32.82,47.26,0.8616,1,1
337,2323,768.35,728.97,28.37,45.18,0.8510,1,1
337,2324,883.68,163.34,38.05,29.75,0.8437,1,1
337,2325,1099.09,619.09,33.57,49.10,0.8115,1,1
337,2326,1070.85,377.30,41.55,57.36,0.7759,1,1
337,2327,1115.40,133.86,22.11,25.65,0.4439,1,1
337,2328,1079.86,387.51,49.56,50.17,0.3920,1,1
337,2329,846.40,574.20,54.32,51.41,0.3049,1,1
337,2330,1069.89,381.70,58.06,52.17,0.2959,1,1
338,2331,832.19,512.15,109.98,88.29,0.8909,1,1
338,2332,885.68,165.81,35.99,32.11,0.8851,1,1
338,2333,1066.71,351.34,69.10,51.44,0.8847,1,1
338,2334,761.49,727.75,29.65,44.03,0.8687,1,1
338,2335,901.67,852.21,32.96,46.25,0.8468,1,1
338,2336,1117.48,109.20,30.01,27.24,0.8356,1,1
338,2337,1098.96,624.81,32.89,48.04,0.8159,1,1
338,2338,1063.63,380.30,46.31,54.20,0.7807,1,1
338,2339,1117.49,132.87,25.63,26.85,0.6837,1,1
338,2340,831.68,576.29,67.03,58.49,0.4539,1,1
339,2341,885.04,169.99,36.91,31.39,0.9005,1,1
339,2342,815.16,517.34,117.63,90.15,0.8872,1,1
339,2343,1059.92,353.23,70.76,51.28,0.8728,1,1
339,2344,755.14,723.75,29.19,42.72,0.8501,1,1
339,2345,1117.24,108.80,32.18,27.96,0.8442,1,1
339,2346,1098.22,632.53,31.61,42.00,0.8338,1,1
339,2347,868.72,867.75,37.63,49.57,0.8102,1,1
339,2348,1054.61,384.30,37.43,50.57,0.8085,1,1
339,2349,818.47,578.27,59.92,55.25,0.5692,1,1
339,2350,1118.69,132.98,25.06,25.26,0.5188,1,1
339,2351,1094.85,107.41,52.55,31.47,0.3239,1,1
340,2352,885.13,169.60,36.91,31.73,0.9014,1,1
340,2353,815.22,517.23,117.57,90.33,0.8877,1,1
340,2354,1059.97,353.22,70.56,51.25,0.8745,1,1
340,2355,755.14,723.65,29.20,42.80,0.8504,1,1
340,2356,1116.98,108.77,32.42,28.06,0.8425,1,1
340,2357,1098.33,632.49,31.58,41.90,0.8313,1,1
340,2358,868.73,867.74,37.59,49.53,0.8099,1,1
340,2359,1054.67,384.38,37.25,50.21,0.8027,1,1
340,2360,818.42,578.13,59.99,55.28,0.5647,1,1
340,2361,1118.48,133.20,25.02,24.79,0.5405,1,1
340,2362,1094.54,107.36,53.04,31.53,0.3485,1,1
341,2363,1048.70,357.28,68.61,52.57,0.8771,1,1
341,2364,791.38,523.07,115.45,90.30,0.8753,1,1
341,2365,883.62,176.32,37.29,30.38,0.8606,1,1
341,2366,746.93,726.66,26.47,33.35,0.8486,1,1
341,2367,1120.27,109.35,30.69,27.37,0.8282,1,1
341,2368,800.07,869.84,44.90,54.30,0.8254,1,1
341,2369,1096.62,634.07,30.96,46.76,0.8229,1,1
341,2370,1043.70,388.64,33.60,48.92,0.7061,1,1
341,2371,1121.67,133.15,26.84,28.64,0.6804,1,1
342,2372,885.29,181.25,34.91,31.53,0.8750,1,1
342,2373,782.98,524.79,111.17,93.23,0.8715,1,1
342,2374,1039.18,358.64,70.82,54.68,0.8685,1,1
342,2375,741.30,720.71,29.79,36.28,0.8505,1,1
342,2376,771.80,869.22,44.68,53.07,0.8426,1,1
342,2377,1119.78,109.51,30.91,27.95,0.8139,1,1
342,2378,1088.64,638.00,36.00,47.15,0.8011,1,1
342,2379,1123.23,132.77,26.21,28.84,0.7480,1,1
342,2380,1039.73,394.39,38.94,48.86,0.6873,1,1
342,2381,1111.17,106.87,39.81,29.62,0.6067,1,1
342,2382,781.73,593.92,55.05,53.49,0.3699,1,1
342,2383,1088.98,106.71,58.58,32.27,0.2879,1,1
343,2384,763.95,530.18,115.81,92.11,0.8850,1,1
343,2385,1034.62,359.19,68.84,54.10,0.8795,1,1
343,2386,744.99,865.55,43.71,52.50,0.8615,1,1
343,2387,885.88,182.77,35.25,33.25,0.8611,1,1
343,2388,738.80,716.59,23.40,37.98,0.8189,1,1
343,2389,1122.86,110.00,28.54,27.23,0.8029,1,1
343,2390,1079.61,639.47,39.27,46.37,0.7380,1,1
343,2391,1124.13,133.73,26.95,29.18,0.7137,1,1
343,2392,1027.75,390.43,37.98,53.96,0.4156,1,1
343,2393,1120.02,86.67,25.84,18.06,0.3791,1,1
343,2394,1030.65,490.16,16.46,24.02,0.3102,1,1
344,2395,753.22,533.59,112.42,97.13,0.9055,1,1
344,2396,1028.21,360.24,69.23,55.09,0.8914,1,1
344,2397,723.07,868.40,42.48,53.09,0.8746,1,1
344,2398,881.19,183.32,41.67,35.42,0.8379,1,1
344,2399,1123.43,110.54,30.13,27.20,0.8371,1,1
344,2400,1020.92,391.07,41.75,54.56,0.7912,1,1
344,2401,1063.61,637.48,34.59,49.57,0.7815,1,1
344,2402,1125.68,134.20,25.90,27.78,0.7672,1,1
344,2403,1123.85,85.42,24.05,17.67,0.2552,1,1
345,2404,738.32,536.44,113.67,96.26,0.8996,1,1
345,2405,1020.71,360.20,71.36,54.61,0.8960,1,1
345,2406,1123.63,110.88,31.23,26.79,0.8666,1,1
345,2407,705.87,863.07,43.63,53.97,0.8308,1,1
345,2408,880.66,184.18,42.98,36.48,0.8299,1,1
345,2409,1127.19,133.48,25.58,28.19,0.8263,1,1
345,2410,1051.02,638.76,30.77,43.14,0.7822,1,1
345,2411,1017.55,391.84,37.37,50.41,0.7757,1,1
346,2412,738.43,536.39,113.54,96.27,0.8991,1,1
346,2413,1020.72,360.18,71.35,54.59,0.8965,1,1
346,2414,1123.75,111.15,31.02,26.42,0.8660,1,1
346,2415,705.84,863.16,43.55,53.88,0.8313,1,1
346,2416,880.60,184.16,43.03,36.39,0.8292,1,1
346,2417,1127.31,133.44,25.48,28.29,0.8126,1,1
346,2418,1051.04,638.65,30.76,43.20,0.7826,1,1
346,2419,1017.72,392.29,37.40,49.96,0.7676,1,1
347,2420,711.10,537.37,113.22,97.65,0.8992,1,1
347,2421,1025.32,632.76,31.13,42.72,0.8946,1,1
347,2422,1007.18,358.51,71.21,54.82,0.8867,1,1
347,2423,1127.45,131.43,26.99,30.27,0.8601,1,1
347,2424,1123.46,111.13,31.05,27.53,0.8415,1,1
347,2425,672.60,872.89,50.74,39.82,0.6175,1,1
347,2426,1000.20,387.32,33.97,49.97,0.5761,1,1
347,2427,1124.01,76.08,26.84,21.68,0.3593,1,1
348,2428,692.41,538.22,115.75,97.85,0.9035,1,1
348,2429,1008.48,628.45,33.46,42.26,0.8937,1,1
348,2430,1001.67,359.16,68.68,54.32,0.8927,1,1
348,2431,1125.33,112.44,29.23,24.85,0.8402,1,1
348,2432,994.87,389.51,40.09,52.09,0.6739,1,1
348,2433,670.45,878.43,61.58,35.36,0.5232,1,1
348,2434,1130.42,131.34,24.26,25.23,0.4011,1,1
348,2435,1123.44,77.62,29.24,19.83,0.3513,1,1
348,2436,1121.55,81.04,27.47,19.42,0.3369,1,1
349,2437,991.88,357.86,73.96,56.33,0.8937,1,1
349,2438,682.05,540.24,113.91,97.98,0.8929,1,1
349,2439,1125.85,112.82,29.31,24.25,0.8380,1,1
349,2440,991.61,627.33,32.06,38.62,0.8118,1,1
349,2441,990.76,394.14,34.84,45.42,0.6045,1,1
349,2442,1131.04,130.99,24.03,22.50,0.4816,1,1
349,2443,1125.47,76.38,29.94,20.89,0.4546,1,1
349,2444,672.68,888.78,51.58,31.47,0.4127,1,1
349,2445,1124.75,80.61,28.22,19.52,0.3017,1,1
350,2446,669.26,543.25,113.40,98.68,0.8994,1,1
350,2447,985.37,355.31,74.27,57.30,0.8912,1,1
350,2448,978.81,622.98,34.55,40.21,0.8563,1,1
350,2449,1126.26,112.97,29.42,24.25,0.8339,1,1
350,2450,700.88,887.85,38.65,40.06,0.8232,1,1
350,2451,1125.26,75.20,31.18,21.27,0.6281,1,1
350,2452,982.20,393.45,37.49,45.75,0.5961,1,1
350,2453,1131.68,131.12,24.06,22.80,0.5878,1,1
350,2454,674.88,612.76,71.48,56.47,0.3378,1,1
351,2455,979.39,354.78,72.56,55.92,0.8888,1,1
351,2456,658.39,545.52,112.37,99.38,0.8851,1,1
351,2457,968.00,607.45,34.92,47.37,0.8386,1,1
351,2458,1126.67,112.34,30.70,25.33,0.8376,1,1
351,2459,704.91,893.68,40.82,49.91,0.8286,1,1
351,2460,1131.55,132.68,24.78,25.35,0.7894,1,1
351,2461,976.65,386.90,39.52,51.18,0.7365,1,1
351,2462,1126.01,74.41,31.61,22.13,0.5458,1,1
351,2463,661.55,618.84,53.93,47.59,0.3322,1,1
352,2464,979.47,354.74,72.52,55.91,0.8889,1,1
352,2465,658.50,545.56,112.26,99.42,0.8849,1,1
352,2466,968.02,607.51,34.96,47.38,0.8393,1,1
352,2467,1126.76,112.13,30.68,25.47,0.8388,1,1
352,2468,704.96,893.75,40.76,49.83,0.8285,1,1
352,2469,1131.88,132.75,24.57,25.11,0.7893,1,1
352,2470,976.62,386.82,39.51,51.45,0.7379,1,1
352,2471,1126.10,74.39,31.62,22.11,0.5352,1,1
352,2472,661.52,618.76,53.74,47.63,0.3305,1,1
352,2473,891.78,198.91,34.47,33.51,0.3193,1,1
353,2474,637.90,554.93,111.30,99.43,0.9074,1,1
353,2475,965.24,353.46,73.27,53.28,0.8812,1,1
353,2476,1127.61,113.67,30.04,23.91,0.8420,1,1
353,2477,945.79,602.44,33.03,41.57,0.8344,1,1
353,2478,740.04,907.73,35.22,51.06,0.8236,1,1
353,2479,962.53,388.44,39.11,49.61,0.7724,1,1
353,2480,1133.18,132.15,23.14,21.33,0.7282,1,1
353,2481,1126.70,75.75,32.02,20.99,0.6957,1,1
353,2482,634.37,773.92,24.54,36.09,0.5884,1,1
353,2483,892.09,200.16,37.51,37.40,0.5387,1,1
353,2484,640.61,621.45,57.58,57.01,0.4052,1,1
354,2485,625.88,558.69,115.54,98.95,0.9085,1,1
354,2486,960.87,352.61,70.46,53.79,0.8905,1,1
354,2487,930.41,602.13,32.59,41.06,0.8455,1,1
354,2488,1127.46,114.33,30.02,23.20,0.8355,1,1
354,2489,757.12,916.22,31.85,45.17,0.8336,1,1
354,2490,954.33,382.02,47.86,58.74,0.8322,1,1
354,2491,619.35,777.09,28.59,42.41,0.8273,1,1
354,2492,1132.95,133.21,23.11,21.55,0.7220,1,1
354,2493,1127.06,76.58,31.69,20.32,0.6556,1,1
354,2494,894.78,201.87,36.43,35.08,0.5655,1,1
354,2495,629.89,632.44,70.71,57.68,0.4837,1,1
355,2496,615.64,563.56,117.00,98.07,0.9002,1,1
355,2497,953.19,350.47,70.43,53.36,0.8717,1,1
355,2498,1127.80,114.26,29.81,23.35,0.8344,1,1
355,2499,920.41,598.77,36.08,40.13,0.8296,1,1
355,2500,605.58,783.29,28.83,41.34,0.8083,1,1
355,2501,948.23,380.93,47.95,55.06,0.8043,1,1
355,2502,1133.04,132.88,23.10,21.24,0.7217,1,1
355,2503,770.49,908.71,37.93,47.48,0.6826,1,1
355,2504,894.36,202.48,38.31,35.45,0.6516,1,1
355,2505,1127.70,76.76,31.56,20.33,0.6480,1,1
355,2506,622.16,634.10,71.91,57.24,0.6372,1,1
356,2507,946.30,346.69,72.63,55.56,0.8920,1,1
356,2508,602.90,567.68,119.15,99.67,0.8811,1,1
356,2509,1128.34,114.52,30.60,23.72,0.8566,1,1
356,2510,912.79,591.74,40.02,45.80,0.8201,1,1
356,2511,592.64,790.19,29.63,40.60,0.7955,1,1
356,2512,778.47,901.77,40.79,44.08,0.7932,1,1
356,2513,944.96,380.62,45.08,53.71,0.7875,1,1
356,2514,891.24,201.95,42.21,36.75,0.6346,1,1
356,2515,1133.44,133.32,23.12,21.30,0.5877,1,1
356,2516,1128.87,76.11,30.87,21.98,0.5812,1,1
356,2517,610.68,638.60,64.57,58.84,0.5376,1,1
357,2518,594.25,571.68,119.52,102.99,0.8888,1,1
357,2519,942.40,345.69,68.37,53.95,0.8868,1,1
357,2520,1127.57,114.44,31.59,22.93,0.8630,1,1
357,2521,580.01,798.59,30.48,41.20,0.8503,1,1
357,2522,789.07,898.70,44.31,44.69,0.8433,1,1
357,2523,907.45,587.97,38.92,44.79,0.8402,1,1
357,2524,935.94,375.22,48.11,55.61,0.8318,1,1
357,2525,894.42,203.32,40.39,35.40,0.7369,1,1
357,2526,1130.07,76.50,29.36,22.36,0.5119,1,1
357,2527,1134.22,132.94,21.83,19.46,0.4957,1,1
357,2528,600.69,641.92,69.77,60.87,0.4231,1,1
358,2529,594.19,571.74,119.69,102.98,0.8887,1,1
358,2530,942.12,345.53,68.60,54.10,0.8873,1,1
358,2531,1127.27,114.51,32.28,23.70,0.8547,1,1
358,2532,580.03,798.57,30.50,41.22,0.8513,1,1
358,2533,789.11,898.82,44.24,44.45,0.8466,1,1
358,2534,907.32,588.10,39.04,44.74,0.8404,1,1
358,2535,935.71,375.22,48.27,55.67,0.8325,1,1
358,2536,894.60,203.18,40.17,35.61,0.7836,1,1
358,2537,1133.40,134.03,22.27,24.17,0.6855,1,1
358,2538,1130.04,76.51,29.36,22.35,0.4907,1,1
358,2539,600.62,641.84,69.71,60.94,0.4274,1,1
359,2540,579.39,587.45,120.47,99.91,0.9016,1,1
359,2541,926.20,338.24,74.64,55.90,0.8753,1,1
359,2542,795.33,894.42,44.83,42.39,0.8589,1,1
359,2543,926.92,372.28,45.53,53.13,0.8485,1,1
359,2544,896.50,583.22,37.98,45.84,0.8285,1,1
359,2545,559.87,808.96,31.80,41.59,0.8160,1,1
359,2546,1128.15,114.18,27.67,23.14,0.7908,1,1
359,2547,1131.78,131.86,21.83,22.51,0.7322,1,1
359,2548,898.40,204.71,38.39,36.08,0.7080,1,1
359,2549,1130.76,76.81,28.65,22.28,0.6725,1,1
359,2550,583.14,661.16,73.48,61.68,0.6409,1,1
360,2551,570.53,594.18,122.98,99.11,0.8803,1,1
360,2552,920.70,335.32,74.96,56.92,0.8623,1,1
360,2553,894.23,583.12,36.25,43.02,0.8428,1,1
360,2554,795.88,895.04,41.71,42.94,0.8423,1,1
360,2555,552.56,815.15,30.47,41.05,0.8316,1,1
360,2556,892.74,203.56,44.34,39.01,0.7808,1,1
360,2557,1131.29,76.61,28.38,22.27,0.7647,1,1
360,2558,1131.65,132.96,23.33,24.43,0.7230,1,1
360,2559,919.47,369.34,45.78,52.80,0.7173,1,1
360,2560,1124.30,109.50,31.69,29.07,0.6480,1,1
360,2561,574.71,663.98,62.90,60.55,0.5274,1,1
360,2562,1163.81,222.84,14.17,22.23,0.4346,1,1
361,2563,565.27,602.03,123.22,102.64,0.9052,1,1
361,2564,914.91,331.06,77.68,56.38,0.8722,1,1
361,2565,545.81,823.77,30.57,39.94,0.8699,1,1
361,2566,891.57,584.41,35.60,40.44,0.8677,1,1
361,2567,790.96,894.87,42.74,43.11,0.8529,1,1
361,2568,897.71,204.22,39.00,38.18,0.8169,1,1
361,2569,1132.02,77.11,28.78,21.65,0.7767,1,1
361,2570,1131.15,132.60,23.49,24.91,0.7720,1,1
361,2571,1124.76,109.41,31.51,28.59,0.6358,1,1
361,2572,570.56,674.43,73.11,60.73,0.5538,1,1
361,2573,917.36,366.33,40.11,48.61,0.4511,1,1
362,2574,559.25,608.16,119.95,101.14,0.8974,1,1
362,2575,913.86,326.98,72.93,56.18,0.8840,1,1
362,2576,781.25,901.65,46.67,42.56,0.8663,1,1
362,2577,891.50,584.49,36.57,39.61,0.8490,1,1
362,2578,899.68,204.72,37.63,37.62,0.8148,1,1
362,2579,537.51,824.98,32.47,42.90,0.8102,1,1
362,2580,1131.90,77.10,29.22,21.43,0.8028,1,1
362,2581,1132.47,132.85,23.52,24.67,0.7803,1,1
362,2582,561.39,678.52,62.89,59.80,0.6205,1,1
362,2583,1123.89,106.69,32.80,31.51,0.5580,1,1
362,2584,917.11,365.62,40.07,44.13,0.3577,1,1
363,2585,554.33,612.25,121.28,102.21,0.8853,1,1
363,2586,911.36,323.08,72.05,59.13,0.8825,1,1
363,2587,775.70,912.48,41.59,37.35,0.8530,1,1
363,2588,891.39,584.38,36.69,42.63,0.8475,1,1
363,2589,900.32,204.62,37.41,37.71,0.8211,1,1
363,2590,535.36,827.64,32.85,42.78,0.8033,1,1
363,2591,1132.12,77.53,28.78,21.06,0.7870,1,1
363,2592,1133.48,133.09,22.82,23.22,0.7724,1,1
363,2593,1123.60,110.69,33.20,27.87,0.5336,1,1
363,2594,555.22,691.63,78.57,63.52,0.5212,1,1
363,2595,1163.98,219.58,16.67,24.94,0.3341,1,1
363,2596,1169.16,222.29,10.27,22.48,0.3299,1,1
364,2597,554.32,612.45,121.27,101.96,0.8850,1,1
364,2598,911.40,323.06,71.85,59.00,0.8803,1,1
364,2599,775.49,912.74,41.76,37.44,0.8523,1,1
364,2600,891.74,584.46,36.32,42.32,0.8498,1,1
364,2601,901.10,205.05,36.36,37.31,0.8397,1,1
364,2602,535.41,827.63,32.79,42.78,0.7979,1,1
364,2603,1131.93,77.73,29.07,20.95,0.7893,1,1
364,2604,1133.56,133.10,22.74,23.05,0.7729,1,1
364,2605,1123.25,110.67,33.47,27.94,0.5310,1,1
364,2606,555.30,691.75,78.69,63.73,0.5236,1,1
364,2607,1163.98,219.45,16.63,25.06,0.3497,1,1
364,2608,1169.14,222.40,10.20,22.43,0.3341,1,1
364,2609,914.91,361.48,36.20,43.89,0.2625,1,1
365,2610,541.04,623.68,125.06,104.22,0.9038,1,1
365,2611,904.37,320.21,68.60,55.98,0.8692,1,1
365,2612,901.89,591.33,33.40,48.13,0.8526,1,1
365,2613,1132.10,78.45,28.95,20.85,0.8003,1,1
365,2614,903.31,205.30,35.18,36.78,0.7551,1,1
365,2615,746.28,929.78,37.96,45.35,0.7407,1,1
365,2616,1133.13,133.78,22.51,22.07,0.6394,1,1
365,2617,992.43,705.93,31.24,34.75,0.5845,1,1
365,2618,1124.62,110.29,31.73,27.51,0.5485,1,1
365,2619,1169.60,221.00,10.23,20.47,0.3810,1,1
365,2620,1163.98,218.98,16.73,22.75,0.3790,1,1
366,2621,533.19,627.61,124.37,104.57,0.8991,1,1
366,2622,899.73,318.14,69.87,55.85,0.8720,1,1
366,2623,902.96,205.34,36.00,37.24,0.8157,1,1
366,2624,1131.93,78.12,29.32,21.20,0.8032,1,1
366,2625,910.39,593.45,34.08,49.04,0.7885,1,1
366,2626,731.33,942.99,37.00,46.75,0.7462,1,1
366,2627,1163.98,219.94,17.38,23.42,0.5351,1,1
366,2628,1169.82,221.75,10.76,20.58,0.4500,1,1
366,2629,1132.84,134.88,22.87,21.50,0.4156,1,1
366,2630,1126.35,99.36,29.61,32.40,0.3855,1,1
366,2631,529.91,706.88,72.72,60.80,0.3418,1,1
367,2632,522.05,631.16,129.44,101.95,0.8968,1,1
367,2633,896.44,316.55,65.83,54.56,0.8634,1,1
367,2634,1132.23,78.01,28.90,21.07,0.7979,1,1
367,2635,917.28,589.15,34.70,52.47,0.7952,1,1
367,2636,524.61,712.13,83.19,66.44,0.7724,1,1
367,2637,903.36,205.65,37.61,37.57,0.6830,1,1
367,2638,1163.96,219.67,17.02,22.08,0.5831,1,1
367,2639,958.36,703.34,38.43,38.42,0.4969,1,1
367,2640,1133.49,134.72,22.33,20.67,0.4642,1,1
367,2641,1168.67,221.21,11.62,19.52,0.4552,1,1
367,2642,1125.24,102.63,30.45,31.84,0.4083,1,1
367,2643,701.58,952.12,42.71,51.52,0.3805,1,1
368,2644,517.24,634.76,126.68,102.43,0.9077,1,1
368,2645,688.78,966.99,31.09,53.11,0.8306,1,1
368,2646,924.91,587.48,32.01,51.05,0.8057,1,1
368,2647,894.31,312.72,62.56,57.18,0.8038,1,1
368,2648,1132.31,78.78,29.27,20.49,0.8013,1,1
368,2649,904.79,206.53,37.41,38.92,0.6509,1,1
368,2650,1163.97,219.32,17.53,22.94,0.6213,1,1
368,2651,1134.05,134.39,22.09,21.13,0.4926,1,1
368,2652,1168.99,221.01,11.84,19.96,0.4651,1,1
368,2653,518.55,716.37,84.37,60.68,0.4509,1,1
368,2654,1127.15,102.12,29.22,30.60,0.4068,1,1
369,2655,508.03,636.49,127.84,104.02,0.8868,1,1
369,2656,889.80,310.49,62.93,56.86,0.8434,1,1
369,2657,663.79,976.82,37.82,59.84,0.8294,1,1
369,2658,929.41,583.93,32.61,50.03,0.8069,1,1
369,2659,1132.67,79.11,28.91,20.10,0.8019,1,1
369,2660,905.33,206.79,37.06,39.22,0.6813,1,1
369,2661,1132.76,134.51,22.93,22.63,0.6284,1,1
369,2662,512.93,717.39,81.08,61.61,0.5742,1,1
369,2663,1163.97,218.59,17.70,23.60,0.5127,1,1
369,2664,1124.97,104.89,31.23,31.43,0.4592,1,1
369,2665,1170.03,220.56,11.04,20.47,0.4375,1,1
370,2666,508.08,636.47,127.85,104.10,0.8876,1,1
370,2667,889.78,310.68,62.96,56.55,0.8578,1,1
370,2668,663.82,976.80,37.76,59.79,0.8296,1,1
370,2669,929.39,583.99,32.61,50.00,0.8080,1,1
370,2670,1132.64,79.04,28.96,20.24,0.8006,1,1
370,2671,904.87,206.44,37.61,40.08,0.7880,1,1
370,2672,1133.14,134.44,22.61,22.18,0.5893,1,1
370,2673,512.93,716.86,80.21,61.80,0.5712,1,1
370,2674,1163.97,218.42,17.79,23.58,0.4847,1,1
370,2675,1125.89,104.80,30.52,30.80,0.4796,1,1
370,2676,1169.99,220.42,11.23,20.56,0.4401,1,1
371,2677,878.31,310.21,65.11,55.46,0.9078,1,1
371,2678,492.67,642.89,126.48,103.66,0.8987,1,1
371,2679,615.44,990.75,42.41,51.88,0.8259,1,1
371,2680,1133.12,78.98,28.28,20.69,0.8192,1,1
371,2681,931.04,574.26,36.54,51.39,0.7456,1,1
371,2682,905.04,206.73,40.48,42.88,0.7292,1,1
371,2683,498.03,724.21,80.19,62.60,0.6457,1,1
371,2684,1133.07,133.18,24.22,25.33,0.5944,1,1
371,2685,1127.69,102.66,28.81,33.74,0.4615,1,1
371,2686,1171.51,219.93,10.68,21.44,0.4026,1,1
371,2687,832.78,469.65,36.71,26.25,0.2844,1,1
372,2688,480.33,646.33,129.77,104.28,0.8993,1,1
372,2689,872.71,308.78,63.07,56.86,0.8590,1,1
372,2690,594.87,994.85,43.48,52.93,0.8494,1,1
372,2691,1133.18,78.70,28.20,20.34,0.8224,1,1
372,2692,929.53,572.52,39.43,53.13,0.7545,1,1
372,2693,905.44,206.86,41.62,46.01,0.7205,1,1
372,2694,485.30,727.15,81.52,60.14,0.6553,1,1
372,2695,1132.89,133.39,24.46,25.05,0.5688,1,1
372,2696,816.81,467.49,32.75,24.62,0.4448,1,1
372,2697,1127.14,103.09,29.11,34.29,0.4408,1,1
372,2698,1171.39,221.27,10.92,20.66,0.4296,1,1
372,2699,1163.99,219.61,18.77,24.18,0.2795,1,1
373,2700,473.56,650.03,127.40,102.86,0.9022,1,1
373,2701,866.54,307.33,64.73,55.50,0.8766,1,1
373,2702,577.86,993.62,45.70,58.26,0.8670,1,1
373,2703,1133.45,79.05,28.16,20.01,0.8210,1,1
373,2704,810.14,463.48,30.56,24.90,0.7555,1,1
373,2705,905.61,206.87,40.18,42.91,0.7281,1,1
373,2706,932.18,579.17,36.74,42.39,0.7267,1,1
373,2707,476.47,727.88,66.67,63.79,0.7043,1,1
373,2708,1132.98,133.40,25.04,23.82,0.4629,1,1
373,2709,1128.83,102.02,27.80,31.91,0.4531,1,1
373,2710,1170.17,220.46,11.86,21.22,0.4108,1,1
373,2711,1163.98,218.84,18.32,24.67,0.3705,1,1
374,2712,466.28,653.40,128.06,102.72,0.9075,1,1
374,2713,860.15,306.51,62.53,54.95,0.8720,1,1
374,2714,570.77,990.70,40.71,64.71,0.8422,1,1
374,2715,1132.98,78.58,27.87,21.20,0.8120,1,1
374,2716,905.91,206.72,40.25,44.61,0.7706,1,1
374,2717,806.17,460.84,36.79,24.77,0.7671,1,1
374,2718,1133.97,133.27,24.82,25.81,0.6409,1,1
374,2719,469.80,732.49,85.65,71.71,0.6151,1,1
374,2720,903.02,567.20,32.06,30.76,0.6020,1,1
374,2721,1128.97,100.56,28.00,32.19,0.4959,1,1
374,2722,1163.98,219.92,18.40,23.67,0.4204,1,1
374,2723,929.65,584.97,36.21,32.20,0.4173,1,1
374,2724,1170.69,221.28,11.29,20.30,0.4080,1,1
375,2725,854.16,305.86,62.41,57.49,0.9161,1,1
375,2726,457.22,655.91,126.52,103.04,0.8883,1,1
375,2727,564.46,992.98,37.69,59.71,0.8499,1,1
375,2728,889.80,564.29,45.02,45.25,0.7973,1,1
375,2729,1132.23,79.24,27.69,20.76,0.7851,1,1
375,2730,906.01,206.57,39.34,43.81,0.6927,1,1
375,2731,465.12,734.85,51.30,64.81,0.5922,1,1
375,2732,804.49,458.71,35.38,25.00,0.5655,1,1
375,2733,465.27,734.20,83.82,70.03,0.4552,1,1
375,2734,1169.86,220.91,11.78,20.53,0.3098,1,1
376,2735,854.19,305.79,62.46,57.61,0.9152,1,1
376,2736,457.10,655.79,126.70,103.11,0.8918,1,1
376,2737,564.39,992.88,37.41,59.74,0.8521,1,1
376,2738,889.74,564.35,45.10,45.21,0.7981,1,1
376,2739,1132.23,79.22,27.67,20.94,0.7879,1,1
376,2740,906.20,206.71,39.30,43.83,0.6460,1,1
376,2741,465.14,734.89,52.37,64.80,0.5927,1,1
376,2742,804.52,458.77,35.12,24.49,0.5694,1,1
376,2743,465.27,734.28,83.79,69.90,0.4590,1,1
376,2744,1170.07,220.91,11.70,20.40,0.3021,1,1
376,2745,1131.04,95.99,25.30,24.56,0.2812,1,1
377,2746,838.79,303.46,64.45,55.36,0.8933,1,1
377,2747,440.91,661.90,124.86,100.84,0.8846,1,1
377,2748,552.91,980.94,48.30,67.84,0.8451,1,1
377,2749,906.44,207.12,36.45,39.54,0.8060,1,1
377,2750,450.60,741.51,83.29,69.75,0.7984,1,1
377,2751,1130.38,80.45,29.45,19.54,0.7887,1,1
377,2752,852.72,569.78,32.73,38.79,0.7848,1,1
377,2753,1135.85,130.51,25.93,19.53,0.6225,1,1
378,2754,832.81,301.30,66.06,56.26,0.8988,1,1
378,2755,554.27,980.47,49.17,65.53,0.8739,1,1
378,2756,431.18,663.03,121.22,103.58,0.8709,1,1
378,2757,832.46,564.66,26.04,41.95,0.7870,1,1
378,2758,906.74,207.02,35.38,39.23,0.7816,1,1
378,2759,441.31,748.82,76.09,57.02,0.7806,1,1
378,2760,1128.68,80.35,30.76,19.11,0.7683,1,1
378,2761,1136.34,132.58,27.55,18.18,0.4612,1,1
378,2762,1131.92,95.60,22.82,24.46,0.3570,1,1
378,2763,1142.73,142.83,21.51,26.10,0.2722,1,1
379,2764,422.80,665.35,118.86,103.83,0.8982,1,1
379,2765,824.05,298.80,70.23,59.93,0.8805,1,1
379,2766,906.51,207.00,36.44,39.49,0.8468,1,1
379,2767,812.29,567.45,18.93,40.57,0.8166,1,1
379,2768,573.67,982.34,38.30,62.27,0.8158,1,1
379,2769,1128.68,79.77,30.80,18.83,0.8045,1,1
379,2770,431.89,751.69,82.02,61.98,0.7768,1,1
379,2771,576.16,969.15,41.33,75.32,0.7055,1,1
379,2772,1136.17,132.13,27.68,18.36,0.4227,1,1
379,2773,1132.07,95.02,22.10,25.04,0.3764,1,1
380,2774,820.95,295.43,69.88,59.72,0.9030,1,1
380,2775,407.21,666.31,124.12,104.65,0.8819,1,1
380,2776,906.44,206.51,35.87,39.99,0.8689,1,1
380,2777,599.55,972.25,29.20,46.97,0.8081,1,1
380,2778,1128.44,79.29,30.48,19.18,0.7866,1,1
380,2779,786.15,567.44,18.29,27.45,0.7647,1,1
380,2780,423.36,755.31,80.44,67.19,0.6731,1,1
380,2781,1136.50,129.33,28.24,19.21,0.5079,1,1
380,2782,1143.87,141.56,20.88,27.08,0.4515,1,1
380,2783,1180.19,110.06,21.38,17.01,0.3868,1,1
380,2784,1132.51,94.24,21.99,25.84,0.2554,1,1
381,2785,400.14,666.84,121.57,104.76,0.8958,1,1
381,2786,819.08,295.18,67.25,57.59,0.8748,1,1
381,2787,762.84,550.71,18.62,29.98,0.8423,1,1
381,2788,617.82,972.85,27.97,59.21,0.8389,1,1
381,2789,906.43,206.56,36.03,40.38,0.8269,1,1
381,2790,1128.51,79.56,30.49,19.29,0.7663,1,1
381,2791,1144.43,143.36,20.72,25.26,0.6943,1,1
381,2792,1174.45,109.45,22.26,17.53,0.5148,1,1
381,2793,414.40,755.77,79.06,59.38,0.5070,1,1
381,2794,1137.09,129.75,28.70,18.53,0.4454,1,1
381,2795,1131.98,95.29,21.31,24.75,0.3897,1,1
381,2796,1120.38,225.65,19.63,16.90,0.3484,1,1
381,2797,1118.86,225.44,16.07,16.40,0.3466,1,1
381,2798,373.96,831.81,29.09,39.47,0.2961,1,1
382,2799,400.01,666.87,121.76,104.80,0.8961,1,1
382,2800,818.99,295.02,67.32,57.79,0.8707,1,1
382,2801,762.72,550.54,18.75,30.32,0.8390,1,1
382,2802,617.86,972.99,27.92,59.09,0.8389,1,1
382,2803,906.61,206.62,35.49,39.77,0.8126,1,1
382,2804,1128.81,79.58,30.19,19.20,0.7675,1,1
382,2805,1144.45,143.37,20.80,25.34,0.7010,1,1
382,2806,413.81,755.72,78.64,59.71,0.5309,1,1
382,2807,1174.40,109.42,22.27,17.56,0.5256,1,1
382,2808,1137.14,129.66,28.82,18.79,0.4284,1,1
382,2809,373.16,831.50,29.95,39.89,0.3980,1,1
382,2810,1132.11,95.13,21.39,24.92,0.3823,1,1
382,2811,1118.64,225.37,16.17,16.15,0.3437,1,1
382,2812,1120.08,225.65,19.93,16.23,0.3100,1,1
383,2813,380.53,669.48,121.16,102.55,0.9045,1,1
383,2814,812.24,290.16,66.24,60.98,0.8891,1,1
383,2815,906.18,206.04,37.09,41.21,0.8378,1,1
383,2816,630.10,951.44,48.05,50.48,0.7880,1,1
383,2817,1127.74,79.49,30.16,18.87,0.7845,1,1
383,2818,728.33,510.07,31.21,30.31,0.7771,1,1
383,2819,1147.20,143.81,23.63,25.18,0.7321,1,1
383,2820,395.48,758.36,82.27,60.25,0.6622,1,1
383,2821,1144.03,131.69,28.10,17.00,0.4596,1,1
383,2822,1161.98,112.20,24.26,20.20,0.3935,1,1
383,2823,1123.33,226.94,16.87,17.38,0.3658,1,1
383,2824,1131.79,94.78,20.11,25.23,0.3441,1,1
384,2825,365.83,671.83,127.12,101.52,0.8979,1,1
384,2826,811.40,289.10,64.68,60.29,0.8876,1,1
384,2827,721.01,492.29,27.64,29.76,0.8224,1,1
384,2828,1127.51,78.05,30.81,20.05,0.7688,1,1
384,2829,390.28,760.53,78.84,61.55,0.7498,1,1
384,2830,1146.83,125.48,30.04,19.65,0.7391,1,1
384,2831,1147.91,145.29,24.73,28.63,0.6637,1,1
384,2832,906.69,205.13,35.66,41.07,0.5965,1,1
384,2833,1144.54,119.46,32.68,24.94,0.3767,1,1
384,2834,1123.73,225.77,16.71,20.42,0.3744,1,1
384,2835,356.24,849.29,32.75,42.23,0.3297,1,1
385,2836,356.55,673.61,126.77,100.34,0.9111,1,1
385,2837,806.92,286.98,67.24,59.93,0.8904,1,1
385,2838,716.19,476.71,27.71,30.37,0.8151,1,1
385,2839,1146.70,126.90,34.28,19.88,0.8040,1,1
385,2840,1148.14,145.46,21.99,23.91,0.7534,1,1
385,2841,906.43,204.58,35.42,41.79,0.7359,1,1
385,2842,1126.82,77.21,31.64,20.97,0.7353,1,1
385,2843,385.12,761.91,79.62,60.45,0.5557,1,1
385,2844,1125.51,224.15,15.62,19.84,0.5105,1,1
385,2845,347.36,850.95,38.78,46.33,0.4125,1,1
386,2846,353.50,675.23,125.16,100.17,0.9114,1,1
386,2847,807.50,286.26,65.82,59.75,0.8931,1,1
386,2848,708.21,464.85,30.15,29.09,0.8087,1,1
386,2849,905.98,204.07,36.42,42.82,0.7821,1,1
386,2850,625.44,893.41,52.83,36.82,0.7811,1,1
386,2851,1148.16,128.98,34.53,18.68,0.7776,1,1
386,2852,1126.01,77.52,32.76,20.63,0.7672,1,1
386,2853,1149.42,146.10,23.42,25.46,0.7246,1,1
386,2854,379.51,765.21,81.58,61.43,0.6608,1,1
386,2855,1124.01,224.67,16.42,22.27,0.5839,1,1
386,2856,344.11,855.32,40.37,43.91,0.3093,1,1
387,2857,350.51,676.05,123.80,100.55,0.9157,1,1
387,2858,804.63,285.04,67.56,58.84,0.8981,1,1
387,2859,906.04,204.05,34.30,40.80,0.8051,1,1
387,2860,1140.14,130.38,45.46,21.01,0.8000,1,1
387,2861,623.57,879.09,46.03,40.66,0.7957,1,1
387,2862,1126.80,77.78,32.27,20.46,0.7844,1,1
387,2863,1151.28,147.61,24.45,27.75,0.7233,1,1
387,2864,1125.85,226.23,17.96,25.04,0.7163,1,1
387,2865,374.07,765.79,79.95,64.38,0.7029,1,1
387,2866,705.51,454.71,31.41,29.20,0.6484,1,1
387,2867,338.73,856.70,42.10,44.22,0.4037,1,1
388,2868,350.46,675.90,124.01,100.74,0.9156,1,1
388,2869,804.56,285.15,67.62,58.75,0.8980,1,1
388,2870,1140.13,130.40,45.43,21.05,0.7987,1,1
388,2871,623.60,879.06,46.02,40.61,0.7940,1,1
388,2872,906.23,204.06,34.04,40.43,0.7899,1,1
388,2873,1126.73,77.75,32.36,20.49,0.7833,1,1
388,2874,1151.28,147.58,24.38,27.70,0.7245,1,1
388,2875,1125.96,226.37,17.87,24.82,0.7144,1,1
388,2876,374.18,765.78,79.60,64.33,0.6960,1,1
388,2877,705.51,454.74,31.34,29.15,0.6473,1,1
388,2878,338.79,856.57,40.32,44.56,0.3346,1,1
389,2879,802.35,282.86,68.53,55.87,0.8946,1,1
389,2880,343.71,677.05,119.92,101.88,0.8921,1,1
389,2881,1157.08,130.30,33.92,21.94,0.8319,1,1
389,2882,1127.52,77.84,31.72,20.34,0.8314,1,1
389,2883,612.02,865.63,46.39,40.60,0.8252,1,1
389,2884,1158.24,147.31,28.37,32.12,0.7559,1,1
389,2885,704.49,443.79,30.61,30.06,0.6903,1,1
389,2886,369.48,768.00,74.26,63.39,0.5930,1,1
389,2887,355.68,1022.17,22.79,36.05,0.4873,1,1
389,2888,331.64,860.18,41.00,48.93,0.4834,1,1
389,2889,1131.34,224.98,13.06,21.97,0.4658,1,1
389,2890,906.43,201.85,35.53,38.04,0.4001,1,1
390,2891,803.53,281.11,67.46,53.18,0.9055,1,1
390,2892,338.02,677.45,122.79,103.20,0.8887,1,1
390,2893,1157.54,131.27,35.14,21.07,0.8419,1,1
390,2894,1125.70,77.20,33.76,20.91,0.8320,1,1
390,2895,615.11,863.50,44.88,41.37,0.8119,1,1
390,2896,704.10,441.53,32.32,31.93,0.7172,1,1
390,2897,1160.35,148.44,27.54,32.24,0.7082,1,1
390,2898,368.15,768.28,76.30,64.32,0.6829,1,1
390,2899,1133.32,226.02,13.11,21.98,0.5140,1,1
390,2900,330.00,864.19,37.27,46.37,0.4916,1,1
390,2901,830.05,686.60,33.23,37.54,0.4799,1,1
390,2902,915.77,172.17,24.36,25.75,0.4012,1,1
390,2903,357.45,1026.76,21.17,38.17,0.3044,1,1
391,2904,805.90,278.18,64.83,51.02,0.9062,1,1
391,2905,336.68,677.57,122.65,103.06,0.8944,1,1
391,2906,1159.12,131.62,35.21,20.61,0.8386,1,1
391,2907,615.08,862.51,38.57,41.64,0.8202,1,1
391,2908,1126.36,77.29,32.78,20.80,0.8118,1,1
391,2909,368.25,768.89,76.69,65.35,0.7287,1,1
391,2910,703.78,442.63,29.40,30.93,0.7253,1,1
391,2911,1134.24,225.25,14.56,22.06,0.6196,1,1
391,2912,1163.41,147.77,26.01,34.14,0.5552,1,1
391,2913,915.78,171.75,24.38,24.79,0.4203,1,1
391,2914,358.25,1029.22,22.46,37.14,0.3310,1,1
391,2915,828.85,682.97,31.47,39.16,0.3133,1,1
391,2916,1115.96,145.98,16.15,28.53,0.2589,1,1
392,2917,333.88,678.43,121.02,102.57,0.9055,1,1
392,2918,808.50,277.68,64.36,48.07,0.8932,1,1
392,2919,1159.26,131.70,37.93,22.45,0.8534,1,1
392,2920,608.57,857.87,42.45,44.48,0.8271,1,1
392,2921,1125.86,77.50,33.66,20.65,0.8132,1,1
392,2922,364.88,769.20,79.04,64.24,0.7782,1,1
392,2923,703.72,442.13,30.09,32.99,0.7734,1,1
392,2924,1162.31,150.84,27.28,32.85,0.6651,1,1
392,2925,906.62,481.46,27.43,37.84,0.5595,1,1
392,2926,915.64,171.82,24.36,24.32,0.3982,1,1
392,2927,1134.97,229.82,16.04,27.05,0.3932,1,1
393,2928,333.09,678.34,116.37,103.14,0.9142,1,1
393,2929,809.31,275.68,63.83,47.75,0.8979,1,1
393,2930,1159.22,131.80,40.19,22.91,0.8539,1,1
393,2931,602.93,856.93,45.74,44.11,0.8296,1,1
393,2932,1125.44,78.20,33.44,19.87,0.8026,1,1
393,2933,704.20,442.72,30.58,38.27,0.7840,1,1
393,2934,901.62,479.35,29.23,40.17,0.7387,1,1
393,2935,362.72,770.18,75.53,61.64,0.7070,1,1
393,2936,1162.72,150.06,27.15,33.23,0.6314,1,1
393,2937,1134.72,230.42,16.15,24.78,0.5581,1,1
393,2938,916.02,172.38,23.86,23.96,0.2937,1,1
394,2939,332.83,678.18,116.73,103.31,0.9143,1,1
394,2940,809.19,275.67,63.98,47.76,0.8979,1,1
394,2941,1159.32,131.85,40.18,22.88,0.8534,1,1
394,2942,602.69,856.46,46.14,44.46,0.8349,1,1
394,2943,1125.44,78.11,33.47,20.01,0.8001,1,1
394,2944,704.31,442.25,31.00,38.75,0.7903,1,1
394,2945,901.62,479.03,29.10,40.62,0.7382,1,1
394,2946,365.52,768.30,72.97,65.83,0.7079,1,1
394,2947,1162.78,150.36,27.42,33.00,0.5783,1,1
394,2948,1134.71,230.40,16.17,24.65,0.5401,1,1
394,2949,915.95,172.22,23.96,24.08,0.3139,1,1
395,2950,333.00,676.70,110.69,104.38,0.8984,1,1
395,2951,810.53,270.94,65.90,47.60,0.8921,1,1
395,2952,708.34,450.88,26.39,40.24,0.8428,1,1
395,2953,1158.43,132.86,42.72,22.75,0.8306,1,1
395,2954,591.60,877.54,39.66,40.20,0.7796,1,1
395,2955,1131.11,80.09,28.03,19.20,0.7591,1,1
395,2956,1164.17,151.69,28.61,34.00,0.6761,1,1
395,2957,370.54,766.92,68.79,71.68,0.5473,1,1
395,2958,914.52,171.93,23.99,22.92,0.2660,1,1
396,2959,332.92,677.30,108.68,103.19,0.9047,1,1
396,2960,810.01,268.46,64.36,46.86,0.9002,1,1
396,2961,711.89,456.13,24.06,37.42,0.8664,1,1
396,2962,1161.23,133.55,42.33,23.11,0.8226,1,1
396,2963,590.33,888.47,41.64,40.62,0.7824,1,1
396,2964,899.08,190.05,35.13,36.71,0.7672,1,1
396,2965,1166.89,152.43,30.60,35.17,0.6767,1,1
396,2966,909.01,173.73,28.31,37.72,0.5040,1,1
396,2967,365.52,763.05,75.67,73.58,0.4943,1,1
397,2968,807.20,265.12,66.04,44.87,0.9016,1,1
397,2969,333.50,676.15,107.51,106.46,0.8931,1,1
397,2970,715.49,461.52,21.28,39.39,0.8429,1,1
397,2971,1167.30,134.19,36.08,23.55,0.8200,1,1
397,2972,583.86,893.63,53.70,39.47,0.8118,1,1
397,2973,897.46,186.03,37.19,36.34,0.8048,1,1
397,2974,1168.92,154.11,28.28,30.14,0.7911,1,1
397,2975,367.18,759.15,76.06,76.40,0.6616,1,1
397,2976,1109.00,109.60,33.68,36.07,0.2971,1,1
398,2977,332.88,676.05,109.87,107.99,0.8981,1,1
398,2978,804.31,262.83,67.79,43.17,0.8923,1,1
398,2979,895.79,185.57,37.57,35.23,0.8539,1,1
398,2980,716.17,462.05,21.40,40.36,0.8238,1,1
398,2981,1165.32,135.14,38.92,23.40,0.8184,1,1
398,2982,579.47,896.88,51.93,41.35,0.7994,1,1
398,2983,1170.95,154.89,27.32,29.28,0.7787,1,1
398,2984,1122.00,92.04,23.20,18.11,0.6508,1,1
398,2985,1096.09,109.92,43.06,33.62,0.3495,1,1
398,2986,369.68,761.30,73.47,74.92,0.3349,1,1
399,2987,332.66,676.07,111.68,109.31,0.8936,1,1
399,2988,802.36,260.33,66.34,42.56,0.8890,1,1
399,2989,894.57,184.82,38.21,34.55,0.8452,1,1
399,2990,1175.45,155.11,28.45,31.32,0.8307,1,1
399,2991,718.03,463.19,26.49,43.42,0.8114,1,1
399,2992,1170.40,137.15,34.26,22.48,0.8021,1,1
399,2993,1120.25,95.03,23.60,19.53,0.3840,1,1
399,2994,572.16,895.83,58.25,40.01,0.3463,1,1
399,2995,1103.58,112.69,37.98,32.85,0.3160,1,1
399,2996,1118.47,111.58,23.43,29.44,0.3033,1,1
399,2997,1171.87,156.36,28.30,34.69,0.2686,1,1
400,2998,332.22,676.11,112.30,109.08,0.8924,1,1
400,2999,802.42,260.33,66.24,42.43,0.8899,1,1
400,3000,895.27,184.22,37.05,35.23,0.8456,1,1
400,3001,1175.41,155.13,28.46,31.30,0.8299,1,1
400,3002,718.03,463.29,26.46,43.35,0.8110,1,1
400,3003,1170.40,137.12,34.18,22.53,0.8015,1,1
400,3004,1120.26,95.04,23.60,19.59,0.3860,1,1
400,3005,571.72,895.64,57.82,39.12,0.3415,1,1
400,3006,1105.21,112.80,36.36,32.71,0.3139,1,1
400,3007,1118.81,111.67,23.09,29.31,0.3071,1,1
400,3008,1171.80,156.39,28.36,34.65,0.2653,1,1
401,3009,330.32,678.57,117.99,110.14,0.8910,1,1
401,3010,889.73,180.11,39.93,35.36,0.8836,1,1
401,3011,795.76,257.87,66.32,41.98,0.8694,1,1
401,3012,1171.50,138.23,34.49,22.16,0.8196,1,1
401,3013,725.30,464.52,29.29,42.83,0.8156,1,1
401,3014,1178.13,155.05,28.03,32.34,0.8110,1,1
401,3015,567.73,895.94,40.42,39.88,0.7981,1,1
401,3016,1120.09,95.72,21.50,21.14,0.5558,1,1
402,3017,330.20,679.47,119.97,108.92,0.8939,1,1
402,3018,888.86,179.52,39.19,31.72,0.8758,1,1
402,3019,794.12,253.92,66.31,42.86,0.8737,1,1
402,3020,1173.36,138.24,35.22,23.16,0.8308,1,1
402,3021,1180.73,156.08,27.63,32.30,0.8073,1,1
402,3022,726.35,463.64,30.84,44.99,0.7769,1,1
402,3023,563.75,889.75,38.11,45.68,0.6875,1,1
402,3024,1118.75,109.45,22.23,26.38,0.5699,1,1
403,3025,330.63,678.87,122.21,108.90,0.8920,1,1
403,3026,887.69,175.80,40.08,32.78,0.8739,1,1
403,3027,789.87,250.91,66.33,43.48,0.8707,1,1
403,3028,1172.87,138.83,36.85,23.80,0.8487,1,1
403,3029,726.97,461.61,30.28,45.23,0.7878,1,1
403,3030,1182.67,155.37,29.04,35.05,0.7640,1,1
403,3031,559.75,887.26,41.78,48.85,0.7461,1,1
403,3032,1119.73,107.83,20.70,16.10,0.3196,1,1
403,3033,1122.64,169.93,14.34,21.13,0.2575,1,1
404,3034,332.55,678.16,122.94,108.47,0.8927,1,1
404,3035,785.91,247.71,66.55,44.34,0.8804,1,1
404,3036,888.84,175.17,38.27,32.65,0.8740,1,1
404,3037,1174.50,139.43,36.42,22.86,0.8580,1,1
404,3038,726.37,459.74,30.24,45.49,0.8102,1,1
404,3039,1184.51,157.04,26.86,31.23,0.6437,1,1
404,3040,1117.64,109.01,22.95,22.55,0.6242,1,1
404,3041,559.84,886.93,41.39,53.01,0.4583,1,1
404,3042,1124.32,133.39,15.88,26.83,0.3066,1,1
405,3043,332.80,676.98,125.66,107.71,0.8908,1,1
405,3044,781.85,248.35,65.56,42.23,0.8903,1,1
405,3045,886.02,175.60,41.96,30.07,0.8709,1,1
405,3046,1174.06,141.70,36.01,21.48,0.8550,1,1
405,3047,722.63,455.69,31.86,48.03,0.8099,1,1
405,3048,1184.86,157.18,27.31,34.02,0.6236,1,1
405,3049,560.35,873.60,34.44,60.58,0.4516,1,1
405,3050,1123.24,170.94,16.81,21.13,0.3416,1,1
405,3051,1114.97,109.32,23.57,18.64,0.3208,1,1
405,3052,1122.26,170.17,14.56,20.42,0.3098,1,1
406,3053,782.00,248.44,65.35,42.05,0.8924,1,1
406,3054,333.27,677.10,125.22,107.43,0.8891,1,1
406,3055,886.45,175.51,40.86,30.23,0.8699,1,1
406,3056,1175.50,141.77,34.74,21.10,0.8525,1,1
406,3057,722.73,456.08,32.03,47.94,0.8082,1,1
406,3058,1185.18,156.89,27.27,34.42,0.6047,1,1
406,3059,560.53,873.74,34.40,60.67,0.4142,1,1
406,3060,1123.26,170.86,16.79,21.21,0.3346,1,1
406,3061,1122.22,170.09,14.58,20.47,0.3051,1,1
406,3062,1114.89,109.42,23.69,19.09,0.3003,1,1
407,3063,772.53,242.56,67.66,44.08,0.8998,1,1
407,3064,883.16,171.27,40.43,28.53,0.8920,1,1
407,3065,337.58,673.99,126.42,106.16,0.8883,1,1
407,3066,1174.88,141.76,35.06,21.74,0.8682,1,1
407,3067,716.86,449.59,26.10,45.66,0.7981,1,1
407,3068,1114.42,110.48,24.73,25.26,0.6742,1,1
407,3069,1187.75,156.75,24.91,33.51,0.6727,1,1
407,3070,558.76,869.13,32.06,52.48,0.6182,1,1
407,3071,1123.80,133.49,16.27,26.13,0.4288,1,1
407,3072,1122.11,171.18,17.92,20.89,0.3338,1,1
408,3073,767.15,238.89,65.86,44.94,0.8753,1,1
408,3074,340.26,669.00,124.85,105.77,0.8750,1,1
408,3075,1177.00,141.37,32.24,23.23,0.8613,1,1
408,3076,881.78,165.19,40.73,29.57,0.8600,1,1
408,3077,715.08,447.27,24.90,41.05,0.7870,1,1
408,3078,549.02,854.00,38.52,54.68,0.7539,1,1
408,3079,1188.28,156.92,24.31,31.64,0.5588,1,1
408,3080,1113.96,110.07,25.09,22.12,0.5557,1,1
408,3081,1122.25,170.92,17.78,21.21,0.3815,1,1
408,3082,432.33,725.51,37.37,61.34,0.2761,1,1
409,3083,345.60,663.44,122.35,104.44,0.8792,1,1
409,3084,763.82,236.22,63.87,44.50,0.8595,1,1
409,3085,882.43,163.55,39.80,30.08,0.8398,1,1
409,3086,1178.09,143.00,31.76,23.40,0.8395,1,1
409,3087,710.28,443.96,26.26,41.36,0.8258,1,1
409,3088,1189.70,157.84,23.46,31.73,0.7538,1,1
409,3089,1113.95,109.59,25.11,21.44,0.5941,1,1
409,3090,551.55,855.57,37.18,53.00,0.5671,1,1
409,3091,433.61,719.98,41.11,65.65,0.4162,1,1
409,3092,1122.28,171.07,17.75,21.10,0.4147,1,1
409,3093,1126.55,252.61,17.50,15.10,0.2629,1,1
410,3094,353.47,657.14,118.34,100.63,0.8875,1,1
410,3095,762.04,233.22,61.85,46.46,0.8772,1,1
410,3096,879.45,161.91,38.81,28.20,0.8726,1,1
410,3097,1177.93,143.25,32.36,24.06,0.8187,1,1
410,3098,1189.93,158.35,22.79,29.45,0.7180,1,1
410,3099,707.20,441.82,25.03,33.53,0.6909,1,1
410,3100,515.76,827.32,45.32,43.33,0.4517,1,1
410,3101,1125.31,254.67,17.02,14.08,0.3954,1,1
410,3102,1122.01,171.54,18.02,20.66,0.3782,1,1
410,3103,1123.14,133.43,16.92,27.91,0.3635,1,1
410,3104,1113.48,109.63,25.77,25.02,0.3591,1,1
411,3105,357.78,653.88,117.97,103.18,0.8938,1,1
411,3106,759.49,232.19,63.32,46.42,0.8806,1,1
411,3107,878.51,159.98,38.51,28.27,0.8726,1,1
411,3108,512.20,823.51,33.28,40.85,0.8034,1,1
411,3109,1189.93,157.46,23.70,31.10,0.7404,1,1
411,3110,1177.68,143.54,33.45,24.44,0.6908,1,1
411,3111,811.23,588.36,30.47,54.59,0.6315,1,1
411,3112,469.65,1042.12,47.27,37.88,0.5796,1,1
411,3113,764.91,571.72,26.85,37.58,0.4307,1,1
411,3114,1121.74,171.25,14.61,20.13,0.3755,1,1
411,3115,1113.54,109.03,26.01,23.97,0.3337,1,1
411,3116,1125.97,257.00,16.64,15.39,0.3100,1,1
411,3117,871.35,287.81,27.60,28.33,0.2732,1,1
412,3118,357.53,653.93,118.19,103.00,0.8946,1,1
412,3119,759.43,232.25,63.13,46.38,0.8781,1,1
412,3120,878.51,159.99,38.59,28.28,0.8712,1,1
412,3121,512.51,824.47,33.02,39.82,0.8010,1,1
412,3122,1189.98,157.44,23.74,31.13,0.7425,1,1
412,3123,1177.73,143.56,33.44,24.43,0.6790,1,1
412,3124,811.26,588.68,30.56,54.33,0.6634,1,1
412,3125,469.63,1042.08,47.31,37.92,0.5805,1,1
412,3126,764.94,572.24,26.52,37.07,0.5607,1,1
412,3127,704.94,434.29,22.83,31.70,0.4232,1,1
412,3128,1122.55,171.52,17.47,20.69,0.3854,1,1
412,3129,1125.27,256.51,17.60,15.16,0.3847,1,1
412,3130,1113.41,109.04,26.12,23.76,0.3335,1,1
413,3131,359.70,644.00,123.30,103.74,0.8884,1,1
413,3132,758.52,225.38,56.06,49.86,0.8795,1,1
413,3133,494.74,1028.53,52.46,50.79,0.8628,1,1
413,3134,875.53,155.60,39.34,25.69,0.8391,1,1
413,3135,1189.72,156.95,24.14,31.71,0.7688,1,1
413,3136,1179.30,143.78,32.98,25.14,0.6517,1,1
413,3137,764.57,572.52,26.34,37.31,0.4045,1,1
413,3138,1121.99,171.80,18.04,20.44,0.3761,1,1
413,3139,1117.49,107.32,22.76,21.88,0.3430,1,1
413,3140,1124.02,258.39,17.54,15.13,0.3119,1,1
414,3141,757.75,222.73,54.07,51.29,0.8958,1,1
414,3142,513.73,1025.41,45.73,48.68,0.8723,1,1
414,3143,362.43,635.67,123.09,106.14,0.8721,1,1
414,3144,875.21,153.12,38.31,21.34,0.7673,1,1
414,3145,1189.22,156.91,24.79,32.62,0.7402,1,1
414,3146,1178.58,143.94,33.69,25.75,0.7031,1,1
414,3147,1123.94,257.89,18.48,14.65,0.4452,1,1
414,3148,1121.59,171.01,14.84,20.69,0.3741,1,1
414,3149,1117.67,106.16,22.62,21.28,0.3101,1,1
414,3150,1120.83,261.80,17.54,16.29,0.2767,1,1
415,3151,524.11,1017.33,52.45,49.51,0.8905,1,1
415,3152,756.63,222.06,54.86,49.97,0.8892,1,1
415,3153,364.80,631.04,127.92,104.88,0.8866,1,1
415,3154,875.02,150.00,37.11,21.19,0.8119,1,1
415,3155,1179.41,144.52,33.33,26.82,0.7649,1,1
415,3156,1189.35,157.52,25.12,30.62,0.7544,1,1
415,3157,1117.36,103.44,24.05,17.35,0.4878,1,1
415,3158,1121.88,171.55,14.27,20.01,0.4151,1,1
415,3159,1214.62,269.22,15.29,20.05,0.3669,1,1
415,3160,1123.35,257.94,19.80,14.72,0.3628,1,1
415,3161,879.88,167.23,24.38,27.15,0.3412,1,1
416,3162,755.40,219.02,56.14,51.01,0.8987,1,1
416,3163,378.83,623.86,115.55,106.00,0.8884,1,1
416,3164,531.62,1008.97,54.87,51.81,0.8726,1,1
416,3165,1179.81,146.34,33.89,26.81,0.7950,1,1
416,3166,872.83,146.24,37.04,24.85,0.7124,1,1
416,3167,1187.63,157.47,27.33,30.20,0.6272,1,1
416,3168,1117.42,95.82,24.89,21.90,0.4228,1,1
416,3169,1122.36,171.06,14.05,19.94,0.3994,1,1
416,3170,1122.69,258.17,18.74,14.86,0.3351,1,1
416,3171,1118.92,262.86,18.85,15.65,0.2528,1,1
417,3172,379.33,619.57,119.68,99.88,0.9076,1,1
417,3173,754.86,218.67,56.11,50.65,0.8988,1,1
417,3174,542.02,999.57,48.83,50.93,0.8694,1,1
417,3175,1118.39,95.30,24.38,18.87,0.8361,1,1
417,3176,1180.12,146.52,33.62,27.04,0.8126,1,1
417,3177,871.90,142.74,35.10,23.94,0.7959,1,1
417,3178,841.80,416.48,19.24,31.03,0.6663,1,1
417,3179,877.45,161.45,26.45,25.38,0.6268,1,1
417,3180,1187.60,157.47,27.85,30.57,0.5687,1,1
417,3181,872.12,275.40,26.92,26.97,0.4572,1,1
417,3182,1122.77,170.82,13.67,19.82,0.3741,1,1
417,3183,1123.91,170.91,16.17,21.17,0.3656,1,1
417,3184,1120.82,258.88,19.98,15.20,0.3493,1,1
417,3185,1118.18,263.11,19.36,16.53,0.3090,1,1
418,3186,379.24,619.48,119.76,99.87,0.9069,1,1
418,3187,755.18,218.72,55.80,50.44,0.8994,1,1
418,3188,542.05,999.62,48.77,50.88,0.8693,1,1
418,3189,1118.24,95.29,24.52,18.90,0.8364,1,1
418,3190,1179.96,146.23,33.84,27.73,0.8096,1,1
418,3191,872.06,142.52,34.39,23.98,0.7978,1,1
418,3192,841.78,416.31,19.44,31.28,0.6719,1,1
418,3193,877.44,161.50,25.84,25.14,0.6172,1,1
418,3194,1187.94,158.53,27.45,30.26,0.6033,1,1
418,3195,871.92,275.28,27.44,27.87,0.4341,1,1
418,3196,1124.08,170.88,16.00,21.21,0.3745,1,1
418,3197,1122.89,170.76,13.65,19.82,0.3723,1,1
418,3198,1120.60,258.82,20.20,15.36,0.3391,1,1
418,3199,1118.00,263.09,19.59,16.74,0.3059,1,1
419,3200,753.12,216.12,58.89,48.72,0.9005,1,1
419,3201,388.50,609.88,118.12,98.49,0.8813,1,1
419,3202,558.69,977.69,38.14,54.99,0.8321,1,1
419,3203,1182.19,149.34,32.67,24.68,0.8292,1,1
419,3204,868.81,139.99,36.98,22.92,0.8206,1,1
419,3205,839.75,416.38,20.31,33.22,0.8072,1,1
419,3206,1116.27,91.16,26.74,20.38,0.6638,1,1
419,3207,1190.44,163.20,24.75,29.31,0.6400,1,1
419,3208,1122.44,170.83,13.52,20.26,0.3665,1,1
419,3209,869.71,271.32,26.37,26.09,0.3632,1,1
419,3210,1123.42,170.73,16.64,21.44,0.3241,1,1
420,3211,756.26,213.70,57.93,47.60,0.9013,1,1
420,3212,392.34,603.73,117.05,103.72,0.8889,1,1
420,3213,563.92,965.15,39.13,53.20,0.8708,1,1
420,3214,868.80,136.69,35.51,25.12,0.8368,1,1
420,3215,1183.37,149.90,31.72,25.18,0.8301,1,1
420,3216,838.29,415.11,21.28,35.14,0.8114,1,1
420,3217,1190.96,164.60,25.05,28.40,0.7054,1,1
420,3218,765.46,569.02,26.26,38.79,0.5739,1,1
420,3219,1116.54,88.27,27.74,20.67,0.5238,1,1
420,3220,873.68,156.94,24.44,23.21,0.4200,1,1
420,3221,857.82,261.97,18.62,19.94,0.3541,1,1
420,3222,1122.08,170.99,13.63,20.67,0.3315,1,1
420,3223,1123.27,170.75,16.77,21.50,0.2946,1,1
421,3224,757.25,212.36,58.20,46.31,0.8991,1,1
421,3225,396.58,597.86,114.10,102.58,0.8898,1,1
421,3226,570.02,955.33,40.26,52.97,0.8705,1,1
421,3227,1183.41,150.93,33.30,24.65,0.8376,1,1
421,3228,867.85,137.26,35.55,24.93,0.8374,1,1
421,3229,837.08,414.07,21.06,35.88,0.8154,1,1
421,3230,1191.52,164.41,26.02,28.53,0.6203,1,1
421,3231,1122.16,170.20,13.47,20.95,0.3844,1,1
421,3232,1122.91,170.30,17.14,21.85,0.3304,1,1
421,3233,851.71,255.27,17.58,24.03,0.3268,1,1
421,3234,1117.06,86.54,27.56,20.36,0.2796,1,1
422,3235,758.97,210.08,59.26,45.55,0.8960,1,1
422,3236,576.33,943.54,41.95,50.20,0.8870,1,1
422,3237,400.83,592.37,113.42,100.89,0.8714,1,1
422,3238,868.12,134.83,34.45,26.61,0.8560,1,1
422,3239,1184.62,151.61,33.12,25.36,0.8335,1,1
422,3240,835.95,415.83,20.45,34.32,0.8311,1,1
422,3241,1191.47,167.18,25.62,28.36,0.6541,1,1
422,3242,1121.80,170.34,13.93,20.71,0.3937,1,1
422,3243,1122.45,170.40,17.59,21.76,0.3554,1,1
422,3244,872.98,155.27,22.75,21.87,0.3455,1,1
422,3245,851.73,255.48,17.56,23.07,0.2927,1,1
422,3246,1116.72,86.17,28.48,18.95,0.2920,1,1
423,3247,763.35,208.44,56.39,45.43,0.9081,1,1
423,3248,403.95,587.72,114.49,101.82,0.8591,1,1
423,3249,867.36,134.00,35.21,26.45,0.8557,1,1
423,3250,835.24,413.67,19.10,36.23,0.8266,1,1
423,3251,1185.20,151.74,33.09,25.26,0.8206,1,1
423,3252,581.14,933.70,35.15,48.51,0.7129,1,1
423,3253,1090.03,107.25,46.92,39.85,0.5949,1,1
423,3254,1191.63,166.97,27.21,30.00,0.4600,1,1
423,3255,1122.40,170.55,17.62,21.64,0.3257,1,1
423,3256,1121.50,170.65,14.50,20.45,0.3027,1,1
423,3257,872.24,154.51,23.46,22.68,0.3022,1,1
423,3258,1102.71,265.38,33.03,19.92,0.2729,1,1
424,3259,763.21,208.39,56.49,45.55,0.9079,1,1
424,3260,867.02,133.14,35.40,27.03,0.8579,1,1
424,3261,404.08,587.77,114.43,101.40,0.8550,1,1
424,3262,1184.70,151.63,34.19,25.70,0.8398,1,1
424,3263,835.29,413.54,19.16,36.41,0.8319,1,1
424,3264,581.15,933.57,35.00,48.59,0.7051,1,1
424,3265,1089.91,107.29,46.80,39.78,0.5934,1,1
424,3266,1191.10,167.00,27.05,29.12,0.3974,1,1
424,3267,1122.37,170.21,17.65,21.96,0.3249,1,1
424,3268,1121.52,170.33,14.53,20.73,0.3074,1,1
424,3269,871.92,154.24,23.46,22.58,0.2693,1,1
424,3270,1102.84,265.20,33.09,19.89,0.2673,1,1
425,3271,766.09,203.27,54.64,43.38,0.8937,1,1
425,3272,409.34,581.36,114.34,100.92,0.8937,1,1
425,3273,866.71,132.80,34.35,25.99,0.8658,1,1
425,3274,1186.63,151.90,36.31,26.50,0.8320,1,1
425,3275,594.75,901.59,37.92,53.60,0.8238,1,1
425,3276,831.34,403.87,21.03,43.69,0.6801,1,1
425,3277,1121.56,171.40,14.08,20.52,0.4285,1,1
425,3278,1193.57,167.50,29.17,30.10,0.4213,1,1
425,3279,1120.77,79.24,28.96,19.88,0.4120,1,1
425,3280,871.41,152.48,23.20,21.29,0.3965,1,1
425,3281,1125.94,255.42,19.36,12.97,0.3109,1,1
426,3282,770.62,199.87,50.43,44.24,0.8973,1,1
426,3283,411.92,576.71,113.64,103.34,0.8954,1,1
426,3284,866.23,131.67,34.65,26.58,0.8668,1,1
426,3285,1187.23,152.13,36.80,26.85,0.8309,1,1
426,3286,600.76,895.86,37.66,47.40,0.7972,1,1
426,3287,831.50,400.54,20.75,40.84,0.5626,1,1
426,3288,1122.73,77.59,31.69,20.61,0.4850,1,1
426,3289,1194.70,167.48,29.40,29.65,0.4611,1,1
426,3290,1121.70,78.34,30.32,20.57,0.3762,1,1
426,3291,1122.96,174.38,17.07,22.01,0.3654,1,1
426,3292,870.55,151.40,23.56,21.54,0.3409,1,1
426,3293,1122.57,175.14,13.37,19.74,0.3265,1,1
427,3294,769.84,196.92,51.72,45.59,0.9157,1,1
427,3295,416.12,572.56,111.98,102.69,0.8856,1,1
427,3296,865.95,131.68,34.77,26.03,0.8658,1,1
427,3297,599.15,890.67,48.14,45.42,0.8456,1,1
427,3298,1188.73,153.01,37.21,27.17,0.8242,1,1
427,3299,830.90,396.02,21.41,37.91,0.7040,1,1
427,3300,1196.51,169.28,29.09,29.54,0.6264,1,1
427,3301,1121.68,78.15,35.32,19.82,0.6017,1,1
427,3302,1122.77,172.64,12.65,20.76,0.3868,1,1
427,3303,870.50,151.08,23.39,21.15,0.3183,1,1
427,3304,1123.54,247.97,19.54,16.05,0.3177,1,1
427,3305,1122.37,173.44,17.64,20.81,0.3057,1,1
428,3306,768.85,194.84,52.04,43.27,0.9195,1,1
428,3307,419.53,569.56,113.51,102.99,0.8789,1,1
428,3308,865.92,131.66,34.54,26.36,0.8674,1,1
428,3309,1191.84,153.09,35.58,27.61,0.8427,1,1
428,3310,611.33,881.18,42.82,47.37,0.8112,1,1
428,3311,1123.40,77.29,33.85,20.86,0.7876,1,1
428,3312,1201.17,169.44,27.20,27.70,0.7726,1,1
428,3313,831.59,391.41,20.59,36.49,0.6102,1,1
428,3314,870.42,151.28,23.34,20.76,0.3754,1,1
428,3315,1123.32,169.73,12.27,21.60,0.3449,1,1
428,3316,1123.39,152.16,16.68,27.76,0.3003,1,1
429,3317,766.32,192.71,54.53,43.84,0.9167,1,1
429,3318,423.23,568.04,113.53,103.30,0.8792,1,1
429,3319,865.68,130.66,34.05,26.87,0.8709,1,1
429,3320,1194.48,153.00,34.77,27.63,0.8447,1,1
429,3321,1123.93,78.48,33.49,19.75,0.7997,1,1
429,3322,619.89,874.97,41.80,45.98,0.7640,1,1
429,3323,709.88,363.96,22.51,28.99,0.5586,1,1
429,3324,1200.93,170.61,27.95,26.70,0.5526,1,1
429,3325,831.82,382.08,20.31,34.62,0.4742,1,1
429,3326,870.34,151.02,23.49,20.95,0.3911,1,1
429,3327,1123.89,177.32,16.15,21.43,0.3288,1,1
429,3328,1123.89,174.26,12.45,21.80,0.3257,1,1
429,3329,1197.07,156.22,32.70,29.07,0.2552,1,1
430,3330,766.31,192.69,54.59,43.83,0.9160,1,1
430,3331,423.20,568.02,113.51,102.96,0.8795,1,1
430,3332,865.53,130.14,32.83,26.62,0.8746,1,1
430,3333,1194.41,152.98,34.81,27.74,0.8451,1,1
430,3334,1124.05,78.43,33.34,19.84,0.8034,1,1
430,3335,620.03,875.17,41.66,45.64,0.7597,1,1
430,3336,710.02,363.97,22.37,29.10,0.5856,1,1
430,3337,1200.78,170.44,28.17,26.95,0.5366,1,1
430,3338,831.84,382.86,20.29,33.94,0.5034,1,1
430,3339,871.39,151.65,22.66,20.12,0.4141,1,1
430,3340,1123.91,177.13,16.13,21.77,0.3541,1,1
430,3341,1123.88,174.16,12.29,21.88,0.3407,1,1
431,3342,433.42,562.31,110.63,103.46,0.8951,1,1
431,3343,763.78,189.54,50.85,38.99,0.8774,1,1
431,3344,867.23,129.00,30.79,27.30,0.8742,1,1
431,3345,1198.10,153.80,38.06,26.47,0.8665,1,1
431,3346,634.14,874.43,39.75,43.73,0.8209,1,1
431,3347,1126.94,78.53,32.21,19.95,0.7906,1,1
431,3348,873.68,149.50,20.74,19.10,0.6372,1,1
431,3349,1204.90,171.22,29.66,33.30,0.5194,1,1
431,3350,707.67,368.50,23.62,29.31,0.4788,1,1
431,3351,1133.19,239.74,23.55,15.67,0.3894,1,1
431,3352,1126.61,175.17,15.48,23.58,0.3461,1,1
431,3353,1125.56,172.60,14.80,23.52,0.3156,1,1
432,3354,437.29,560.12,111.14,104.43,0.8939,1,1
432,3355,758.74,189.16,56.20,38.30,0.8746,1,1
432,3356,867.11,128.80,30.92,26.41,0.8721,1,1
432,3357,1199.77,154.92,37.55,25.47,0.8636,1,1
432,3358,642.94,874.76,37.60,42.28,0.8259,1,1
432,3359,1130.96,79.72,28.70,18.57,0.7800,1,1
432,3360,873.69,148.37,20.85,20.25,0.6368,1,1
432,3361,707.30,368.17,22.71,29.95,0.6254,1,1
432,3362,1131.67,239.81,23.89,14.93,0.6234,1,1
432,3363,1206.05,172.88,30.88,37.66,0.4803,1,1
432,3364,1128.87,177.44,15.42,21.58,0.2949,1,1
433,3365,444.90,557.35,107.61,104.51,0.8902,1,1
433,3366,867.20,128.82,31.43,25.72,0.8717,1,1
433,3367,1203.08,154.77,36.25,27.33,0.8560,1,1
433,3368,751.39,189.22,60.12,38.66,0.8526,1,1
433,3369,1132.59,79.93,28.75,18.22,0.8205,1,1
433,3370,646.13,871.90,40.89,43.08,0.8066,1,1
433,3371,1210.96,175.74,28.07,33.87,0.7578,1,1
433,3372,707.19,367.46,22.28,30.10,0.6222,1,1
433,3373,874.04,148.15,20.73,20.29,0.6028,1,1
433,3374,1133.44,239.58,23.39,14.56,0.5430,1,1
434,3375,448.51,557.10,109.21,105.17,0.8900,1,1
434,3376,867.25,127.81,33.37,25.57,0.8634,1,1
434,3377,1206.96,153.93,36.82,27.81,0.8631,1,1
434,3378,747.79,188.92,61.20,39.09,0.8408,1,1
434,3379,1134.90,79.72,28.26,18.64,0.8331,1,1
434,3380,653.43,872.77,39.28,44.81,0.8138,1,1
434,3381,1214.06,175.90,27.60,30.04,0.7461,1,1
434,3382,705.69,367.56,24.00,31.10,0.7240,1,1
434,3383,1135.92,239.32,22.18,13.63,0.4957,1,1
434,3384,1139.08,186.54,15.95,19.60,0.3892,1,1
434,3385,874.91,148.27,22.06,20.20,0.3721,1,1
434,3386,851.10,239.38,20.11,29.06,0.2576,1,1
435,3387,454.92,556.19,109.15,103.08,0.8939,1,1
435,3388,867.74,127.21,34.25,24.35,0.8519,1,1
435,3389,1209.30,154.14,35.17,27.35,0.8374,1,1
435,3390,1137.33,79.87,27.78,19.45,0.8144,1,1
435,3391,658.50,875.92,38.95,44.10,0.8077,1,1
435,3392,747.48,186.57,55.63,39.00,0.7810,1,1
435,3393,704.92,366.08,24.92,34.61,0.7773,1,1
435,3394,1217.38,175.35,25.84,29.81,0.5470,1,1
435,3395,1135.12,237.38,20.33,13.52,0.5212,1,1
435,3396,874.95,146.69,22.72,21.78,0.4464,1,1
435,3397,1142.67,96.96,21.46,23.22,0.4305,1,1
435,3398,1139.84,185.96,16.22,19.59,0.2895,1,1
436,3399,456.08,556.06,106.66,102.77,0.8930,1,1
436,3400,867.80,127.30,34.13,24.00,0.8483,1,1
436,3401,1209.31,154.10,35.09,27.49,0.8368,1,1
436,3402,1137.28,79.98,27.93,19.39,0.8134,1,1
436,3403,658.51,875.88,38.92,44.32,0.8083,1,1
436,3404,747.24,186.51,56.04,39.16,0.7905,1,1
436,3405,704.89,365.98,24.91,34.81,0.7747,1,1
436,3406,1217.44,175.35,25.66,29.59,0.5806,1,1
436,3407,1135.21,237.41,20.31,13.49,0.5308,1,1
436,3408,1142.60,96.86,21.54,23.31,0.4584,1,1
436,3409,874.98,146.41,22.66,21.99,0.3870,1,1
436,3410,1139.83,185.90,16.28,19.66,0.3028,1,1
436,3411,851.08,239.12,20.38,28.88,0.2539,1,1
437,3412,468.40,552.41,111.01,104.68,0.8824,1,1
437,3413,1213.09,156.24,35.95,29.49,0.8676,1,1
437,3414,744.35,180.88,47.89,41.85,0.8617,1,1
437,3415,664.16,877.50,38.93,50.99,0.8516,1,1
437,3416,868.66,124.44,37.69,23.82,0.8349,1,1
437,3417,1138.26,82.81,29.37,19.90,0.8136,1,1
437,3418,1222.39,178.24,25.52,26.54,0.8134,1,1
437,3419,703.25,363.18,23.89,36.53,0.7570,1,1
437,3420,1143.09,97.76,21.29,22.44,0.5712,1,1
437,3421,850.59,236.52,18.51,26.34,0.3966,1,1
437,3422,1145.91,184.80,19.23,20.80,0.3135,1,1
437,3423,1141.68,231.61,23.20,12.28,0.2590,1,1
438,3424,476.84,549.85,109.99,105.02,0.8760,1,1
438,3425,1214.90,157.18,35.28,28.75,0.8616,1,1
438,3426,1222.88,177.32,27.13,28.03,0.8481,1,1
438,3427,742.12,178.29,48.29,42.05,0.8478,1,1
438,3428,669.83,882.81,38.40,48.24,0.8272,1,1
438,3429,868.66,123.71,40.49,24.14,0.8215,1,1
438,3430,1138.22,83.28,30.48,20.43,0.8085,1,1
438,3431,702.15,359.87,22.31,39.49,0.7625,1,1
438,3432,1143.41,98.97,21.04,21.53,0.4902,1,1
438,3433,851.60,237.04,19.22,26.61,0.3873,1,1
438,3434,860.62,246.73,16.11,19.43,0.3778,1,1
438,3435,1141.66,228.77,22.69,11.83,0.3561,1,1
438,3436,876.72,145.86,23.89,22.84,0.2673,1,1
439,3437,485.53,548.28,109.67,107.06,0.8984,1,1
439,3438,741.13,176.94,48.79,40.97,0.8628,1,1
439,3439,1217.73,158.03,33.21,30.81,0.8518,1,1
439,3440,1139.25,83.94,31.74,21.41,0.8174,1,1
439,3441,1223.40,177.57,28.19,30.34,0.8167,1,1
439,3442,672.28,883.80,37.08,46.67,0.8166,1,1
439,3443,868.91,123.32,41.07,25.05,0.8076,1,1
439,3444,701.17,355.93,22.19,41.52,0.7350,1,1
439,3445,1145.10,100.99,20.35,19.53,0.7090,1,1
439,3446,876.93,145.89,24.60,23.04,0.4670,1,1
439,3447,1142.21,228.60,22.41,12.81,0.4093,1,1
439,3448,851.74,237.48,19.55,26.27,0.3510,1,1
439,3449,1146.10,186.76,19.13,19.00,0.3295,1,1
439,3450,860.20,245.21,16.14,20.94,0.3271,1,1
440,3451,495.95,546.95,108.35,106.38,0.8881,1,1
440,3452,739.09,174.19,48.87,42.72,0.8723,1,1
440,3453,1223.92,176.70,29.97,32.74,0.8609,1,1
440,3454,1220.00,158.50,33.26,29.14,0.8433,1,1
440,3455,676.79,884.39,35.28,47.94,0.8316,1,1
440,3456,869.48,123.57,40.99,24.95,0.8155,1,1
440,3457,1139.55,84.11,32.86,21.49,0.8145,1,1
440,3458,700.13,352.27,20.43,38.29,0.6878,1,1
440,3459,1142.20,224.81,22.43,15.31,0.6227,1,1
440,3460,1145.56,100.89,20.73,19.94,0.5916,1,1
440,3461,878.48,146.02,25.21,22.61,0.5213,1,1
440,3462,862.19,247.27,14.67,18.31,0.3079,1,1
441,3463,736.67,170.16,50.31,44.35,0.9170,1,1
441,3464,503.82,546.12,108.40,105.66,0.8880,1,1
441,3465,1226.27,176.66,29.23,32.27,0.8491,1,1
441,3466,869.66,122.38,42.28,24.86,0.8406,1,1
441,3467,677.56,887.80,35.42,45.76,0.8393,1,1
441,3468,1221.46,159.27,33.67,26.85,0.8331,1,1
441,3469,1139.89,84.40,34.10,21.71,0.8273,1,1
441,3470,1147.65,101.42,20.66,19.20,0.6543,1,1
441,3471,699.22,348.19,18.44,39.50,0.6085,1,1
441,3472,878.97,145.64,25.02,22.78,0.4425,1,1
441,3473,859.17,239.11,16.95,21.36,0.3225,1,1
442,3474,736.98,170.18,50.06,44.27,0.9182,1,1
442,3475,503.86,545.93,108.38,105.79,0.8880,1,1
442,3476,1226.37,176.70,29.10,32.07,0.8448,1,1
442,3477,869.66,122.31,42.25,24.87,0.8409,1,1
442,3478,677.60,887.85,35.31,45.71,0.8394,1,1
442,3479,1221.59,159.26,33.47,26.82,0.8333,1,1
442,3480,1140.02,84.62,34.11,21.75,0.8269,1,1
442,3481,1147.58,101.36,20.83,19.38,0.6606,1,1
442,3482,699.19,348.40,18.52,39.75,0.6168,1,1
442,3483,879.00,145.55,25.04,22.85,0.4228,1,1
442,3484,859.19,239.13,16.93,21.35,0.3227,1,1
443,3485,733.44,167.37,46.36,41.52,0.8914,1,1
443,3486,521.04,540.82,107.51,103.57,0.8745,1,1
443,3487,1228.28,177.05,27.40,33.02,0.8685,1,1
443,3488,872.04,122.90,42.70,24.81,0.8598,1,1
443,3489,1141.43,84.82,34.37,22.69,0.8378,1,1
443,3490,682.89,882.08,32.73,49.98,0.8230,1,1
443,3491,1224.54,160.54,31.29,24.39,0.8004,1,1
443,3492,1152.65,224.52,23.72,15.52,0.4808,1,1
443,3493,858.71,235.57,18.62,18.90,0.4342,1,1
444,3494,524.81,536.89,113.70,106.02,0.8994,1,1
444,3495,1230.01,178.14,26.63,33.68,0.8696,1,1
444,3496,733.65,166.60,47.65,40.22,0.8674,1,1
444,3497,872.86,122.83,42.84,24.86,0.8581,1,1
444,3498,1141.34,85.50,35.13,22.57,0.8336,1,1
444,3499,1227.73,160.51,28.23,23.71,0.8104,1,1
444,3500,686.76,880.14,32.11,47.62,0.7981,1,1
444,3501,1154.42,223.35,24.25,16.70,0.5223,1,1
444,3502,1148.35,103.74,21.41,22.36,0.2992,1,1
445,3503,531.15,533.36,116.51,105.67,0.8931,1,1
445,3504,734.72,165.95,47.36,38.58,0.8594,1,1
445,3505,1230.20,179.27,27.90,35.15,0.8384,1,1
445,3506,873.64,122.74,42.61,24.82,0.8378,1,1
445,3507,1141.94,85.39,34.42,23.25,0.8344,1,1
445,3508,693.24,879.54,31.04,45.38,0.8047,1,1
445,3509,1226.93,160.29,29.16,22.98,0.7814,1,1
445,3510,1156.68,224.21,24.86,15.92,0.5299,1,1
445,3511,846.12,215.46,19.94,22.19,0.3145,1,1
445,3512,885.35,145.39,21.87,22.86,0.2916,1,1
445,3513,848.54,216.92,19.47,23.16,0.2904,1,1
445,3514,1148.84,104.16,21.06,21.53,0.2666,1,1
446,3515,544.41,532.14,110.33,106.59,0.9112,1,1
446,3516,735.29,165.09,45.25,38.84,0.8850,1,1
446,3517,1230.10,179.29,26.91,34.92,0.8429,1,1
446,3518,1142.08,86.85,35.22,22.67,0.8407,1,1
446,3519,874.32,123.87,44.76,23.47,0.8331,1,1
446,3520,701.93,876.88,27.87,43.79,0.8121,1,1
446,3521,1226.33,159.77,29.06,22.82,0.8025,1,1
446,3522,847.85,214.83,20.93,21.64,0.4303,1,1
446,3523,1156.72,224.37,24.70,15.67,0.3823,1,1
446,3524,886.42,145.68,22.90,22.93,0.2946,1,1
447,3525,552.71,531.38,108.83,104.94,0.9013,1,1
447,3526,736.40,164.28,43.69,38.23,0.8970,1,1
447,3527,1230.37,180.27,25.64,33.59,0.8654,1,1
447,3528,1143.43,87.52,34.32,22.28,0.8360,1,1
447,3529,875.46,123.15,45.99,23.73,0.8323,1,1
447,3530,706.67,870.60,29.69,45.76,0.7915,1,1
447,3531,1226.57,160.38,29.17,22.13,0.7696,1,1
447,3532,851.01,213.34,19.95,22.27,0.4311,1,1
447,3533,1169.35,189.79,18.78,21.98,0.4123,1,1
447,3534,856.03,217.50,26.23,22.72,0.3303,1,1
447,3535,852.26,215.20,24.47,22.67,0.2970,1,1
447,3536,887.87,144.92,22.95,23.24,0.2641,1,1
448,3537,552.73,531.39,108.75,105.02,0.9018,1,1
448,3538,736.06,164.20,44.16,38.28,0.8987,1,1
448,3539,1230.43,180.36,25.48,33.04,0.8655,1,1
448,3540,1143.35,87.42,34.37,22.41,0.8370,1,1
448,3541,875.46,123.17,46.18,23.74,0.8324,1,1
448,3542,706.35,870.25,30.01,45.90,0.7967,1,1
448,3543,1226.71,160.40,28.96,22.13,0.7717,1,1
448,3544,855.68,216.68,27.17,23.84,0.4425,1,1
448,3545,1169.27,189.87,18.85,21.88,0.4282,1,1
448,3546,851.19,213.14,21.17,23.30,0.3801,1,1
448,3547,852.46,215.11,24.79,23.86,0.3366,1,1
448,3548,888.02,144.99,22.84,23.19,0.3023,1,1
449,3549,565.12,529.45,110.60,102.42,0.9084,1,1
449,3550,734.18,162.94,51.35,39.48,0.8714,1,1
449,3551,1230.02,179.67,25.50,33.28,0.8610,1,1
449,3552,1143.38,88.86,35.25,21.81,0.8447,1,1
449,3553,726.02,860.53,28.86,43.90,0.8096,1,1
449,3554,1227.45,160.26,29.43,21.83,0.8079,1,1
449,3555,876.68,121.43,46.08,25.21,0.7457,1,1
449,3556,1170.60,189.11,17.71,23.00,0.6340,1,1
449,3557,813.19,333.16,19.85,33.05,0.6162,1,1
449,3558,859.50,215.18,21.78,20.26,0.3797,1,1
450,3559,570.12,528.48,111.46,103.39,0.9127,1,1
450,3560,735.47,162.58,50.51,38.42,0.8778,1,1
450,3561,733.67,849.94,31.01,45.98,0.8699,1,1
450,3562,1229.99,179.86,25.58,34.28,0.8683,1,1
450,3563,1142.64,89.56,36.00,21.50,0.8440,1,1
450,3564,1228.14,161.15,30.65,20.88,0.8162,1,1
450,3565,877.07,120.98,47.41,26.27,0.7438,1,1
450,3566,812.01,335.84,17.22,30.57,0.7265,1,1
450,3567,1170.16,189.78,18.27,23.49,0.6094,1,1
451,3568,573.35,527.50,113.76,103.15,0.9020,1,1
451,3569,736.69,161.92,52.01,37.79,0.8782,1,1
451,3570,1230.05,180.46,25.84,35.22,0.8569,1,1
451,3571,742.09,845.99,33.18,42.78,0.8543,1,1
451,3572,1143.60,89.95,35.42,21.85,0.8406,1,1
451,3573,1228.66,161.97,29.84,20.16,0.7900,1,1
451,3574,877.84,120.93,48.12,25.79,0.7342,1,1
451,3575,808.86,335.21,19.30,31.35,0.6252,1,1
451,3576,1169.58,189.04,18.88,25.02,0.5886,1,1
452,3577,573.23,527.50,113.70,103.17,0.9017,1,1
452,3578,737.94,162.03,50.64,37.54,0.8808,1,1
452,3579,1230.03,180.32,25.74,35.47,0.8642,1,1
452,3580,742.09,845.82,33.27,42.94,0.8546,1,1
452,3581,1143.36,89.96,35.62,21.79,0.8403,1,1
452,3582,1228.90,161.90,29.67,20.18,0.7990,1,1
452,3583,877.81,121.04,48.22,25.73,0.7363,1,1
452,3584,1169.72,188.58,18.69,24.68,0.6422,1,1
452,3585,808.70,335.16,19.53,31.39,0.6225,1,1
