3,1,1236.34,326.02,65.93,46.70,0.8999,1,1
3,2,1271.28,556.86,24.97,39.18,0.7944,1,1
3,3,1264.19,264.42,67.21,38.18,0.8346,1,1
3,4,908.05,119.59,45.08,24.81,0.7135,1,1
4,1,1241.68,328.08,64.64,45.58,0.8998,1,1
4,2,1274.01,556.73,24.00,37.71,0.6624,1,1
4,3,1263.88,263.93,66.69,38.28,0.8496,1,1
4,4,908.21,119.43,45.52,25.06,0.7101,1,1
5,1,1245.14,328.51,65.73,45.84,0.8855,1,1
5,2,1277.81,553.21,23.52,36.92,0.3048,1,1
5,3,1263.88,261.56,67.01,39.15,0.8236,1,1
5,4,908.06,119.35,46.04,25.46,0.7175,1,1
6,1,1245.02,328.55,66.03,45.81,0.8867,1,1
6,2,1278.53,552.07,23.50,36.85,0.2852,1,1
6,3,1264.21,261.47,66.29,39.11,0.8194,1,1
6,4,908.13,119.35,45.90,25.46,0.7176,1,1
7,1,1255.01,332.34,65.45,44.44,0.8924,1,1
7,3,1265.40,260.40,61.59,37.12,0.8378,1,1
7,4,907.14,118.72,46.27,26.11,0.7349,1,1
8,1,1258.95,334.48,65.45,44.95,0.9047,1,1
8,3,1266.48,259.64,59.73,36.85,0.8401,1,1
8,4,906.86,117.99,46.77,27.17,0.7735,1,1
9,1,1262.86,336.17,66.11,44.76,0.9031,1,1
9,3,1267.51,258.90,58.30,36.60,0.8438,1,1
9,4,907.03,118.33,46.34,27.26,0.7189,1,1
10,1,1266.48,337.36,65.28,44.26,0.8927,1,1
10,3,1269.71,258.81,57.25,35.91,0.8411,1,1
10,4,906.24,117.77,46.84,28.39,0.7153,1,1
10,5,1289.15,500.86,30.19,46.92,0.3179,1,1
11,1,1270.81,338.72,64.42,43.69,0.8944,1,1
11,3,1272.61,258.59,55.05,33.60,0.8391,1,1
11,4,910.19,120.98,41.49,24.06,0.7134,1,1
12,1,1270.75,338.59,64.45,43.85,0.8933,1,1
12,3,1272.27,258.58,55.70,33.45,0.8401,1,1
12,4,909.86,121.13,42.28,23.82,0.7124,1,1
13,1,1277.46,340.04,67.42,45.23,0.8921,1,1
13,3,1274.61,257.37,53.66,31.18,0.8442,1,1
13,4,907.54,118.87,46.07,26.40,0.7084,1,1
14,1,1280.32,341.43,67.12,45.53,0.8886,1,1
14,3,1274.21,257.06,54.76,31.40,0.8440,1,1
14,4,908.71,120.52,43.14,24.47,0.7222,1,1
15,1,1282.32,343.07,66.16,45.70,0.8835,1,1
15,3,1273.90,257.07,55.70,31.87,0.8394,1,1
15,4,907.21,119.85,43.92,25.62,0.7471,1,1
16,1,1285.62,343.52,66.37,45.96,0.8973,1,1
16,3,1273.92,255.64,57.47,33.90,0.8561,1,1
16,4,908.22,120.04,43.22,25.51,0.7725,1,1
17,1,1288.04,343.97,65.66,45.88,0.8955,1,1
17,3,1274.24,253.19,58.66,36.18,0.8631,1,1
17,4,908.39,120.25,42.21,25.27,0.7894,1,1
18,1,1288.16,343.98,65.43,45.87,0.8955,1,1
18,3,1274.83,253.15,57.44,36.18,0.8630,1,1
18,4,908.43,120.28,41.87,25.24,0.7902,1,1
19,1,1292.00,343.49,66.02,47.28,0.8918,1,1
19,3,1274.73,251.91,57.20,34.95,0.8702,1,1
19,4,908.44,120.55,41.42,25.72,0.8521,1,1
20,1,1294.11,344.11,65.54,47.26,0.8786,1,1
20,3,1273.96,250.37,58.74,35.47,0.8740,1,1
20,4,908.58,121.43,40.61,25.38,0.8599,1,1
21,1,1294.95,344.87,64.99,47.19,0.8653,1,1
21,3,1273.93,250.47,58.23,34.33,0.8754,1,1
21,4,908.38,121.87,40.31,25.55,0.8667,1,1
22,1,1296.07,345.43,65.04,46.65,0.8783,1,1
22,3,1272.00,248.53,60.63,35.51,0.8672,1,1
22,4,908.27,121.76,40.26,25.65,0.8658,1,1
23,1,1297.50,344.84,65.99,47.10,0.8835,1,1
23,3,1270.82,246.87,61.45,35.98,0.8608,1,1
23,4,908.30,121.73,40.11,25.64,0.8628,1,1
24,1,1297.41,344.83,66.29,47.16,0.8850,1,1
24,3,1270.82,246.81,61.15,35.74,0.8619,1,1
24,4,908.04,121.74,40.30,25.67,0.8660,1,1
25,1,1299.30,344.80,69.08,47.59,0.8922,1,1
25,3,1265.10,243.46,58.56,33.83,0.8603,1,1
25,4,907.48,122.84,39.60,25.49,0.8770,1,1
26,1,1298.44,344.41,70.08,48.69,0.8909,1,1
26,3,1262.02,241.34,59.46,34.46,0.8806,1,1
26,4,907.25,123.98,39.00,24.83,0.8713,1,1
27,1,1301.24,344.90,68.74,48.11,0.8891,1,1
27,3,1259.38,238.82,58.28,34.41,0.8747,1,1
27,4,906.60,123.98,38.58,24.81,0.8702,1,1
28,1,1301.76,344.11,68.77,47.69,0.8872,1,1
28,3,1255.96,235.06,56.73,34.95,0.8489,1,1
28,4,905.87,123.95,37.69,24.69,0.8664,1,1
29,1,1301.91,343.14,69.66,47.93,0.8839,1,1
29,3,1253.74,233.07,53.24,32.70,0.8518,1,1
29,4,903.83,124.00,37.77,26.04,0.8694,1,1
30,1,1301.78,343.15,69.88,47.92,0.8858,1,1
30,3,1253.67,233.04,53.14,32.63,0.8517,1,1
30,4,904.25,124.00,36.86,26.07,0.8689,1,1
31,1,1303.71,342.08,70.31,47.34,0.8913,1,1
31,3,1247.72,229.88,54.13,34.46,0.8791,1,1
31,4,902.08,125.29,37.07,25.88,0.8746,1,1
32,1,1303.64,341.79,70.63,47.09,0.8921,1,1
32,3,1244.85,228.04,53.28,36.27,0.8823,1,1
32,4,899.51,125.37,36.79,26.57,0.8455,1,1
33,1,1303.04,339.56,72.57,48.48,0.8933,1,1
33,3,1242.65,225.30,52.34,38.29,0.8881,1,1
33,4,899.79,125.25,36.29,26.62,0.8464,1,1
34,1,1305.22,337.68,70.99,47.97,0.8922,1,1
34,3,1240.06,224.06,48.61,37.38,0.8930,1,1
34,4,899.51,124.99,36.92,26.99,0.8402,1,1
35,1,1306.85,336.30,69.18,46.62,0.8984,1,1
35,3,1237.69,222.05,48.81,39.67,0.9086,1,1
35,4,899.08,125.18,35.47,26.74,0.8355,1,1
36,1,1306.81,336.29,69.21,46.58,0.8990,1,1
36,3,1238.12,222.07,47.89,39.65,0.9086,1,1
36,4,899.37,125.19,34.85,26.72,0.8357,1,1
36,9,1207.16,423.38,32.98,41.11,0.7970,1,1
37,1,1309.29,334.66,67.29,44.19,0.8920,1,1
37,3,1233.53,220.15,48.29,39.46,0.8868,1,1
37,4,896.94,126.53,33.28,26.59,0.8105,1,1
37,9,1209.68,422.67,32.30,42.90,0.8069,1,1
37,11,911.43,149.10,15.90,19.96,0.2593,1,1
38,1,1309.98,332.62,67.06,43.81,0.8953,1,1
38,3,1231.49,218.65,48.33,40.83,0.8792,1,1
38,4,897.01,126.39,32.44,26.06,0.8142,1,1
38,9,1213.15,422.23,29.85,39.39,0.8287,1,1
39,1,1309.82,330.84,67.32,44.28,0.8984,1,1
39,3,1231.12,217.46,48.17,41.32,0.8840,1,1
39,4,895.71,126.99,33.08,26.45,0.8321,1,1
39,9,1212.94,419.87,31.18,41.60,0.6523,1,1
40,1,1310.52,330.04,66.37,43.03,0.8982,1,1
40,3,1229.60,215.02,48.87,42.92,0.8719,1,1
40,4,894.53,127.32,32.98,25.89,0.8374,1,1
40,9,1215.34,419.21,29.46,38.95,0.6895,1,1
41,1,1311.86,328.11,65.76,42.79,0.8890,1,1
41,3,1228.85,213.37,48.50,42.90,0.8685,1,1
41,4,893.14,128.26,33.22,24.51,0.8257,1,1
41,9,1216.91,418.17,30.02,39.39,0.7157,1,1
42,1,1311.92,328.09,65.64,42.78,0.8889,1,1
42,3,1228.97,213.47,48.40,42.82,0.8684,1,1
42,4,892.55,128.28,34.33,24.46,0.8255,1,1
42,9,1216.92,418.10,30.20,39.41,0.7102,1,1
43,1,1313.35,326.60,64.77,41.93,0.8887,1,1
43,3,1226.91,212.15,48.83,44.77,0.8653,1,1
43,4,891.14,129.60,34.77,24.78,0.8339,1,1
43,9,1219.64,415.38,31.42,41.23,0.6608,1,1
44,1,1313.97,326.70,64.08,41.40,0.8876,1,1
44,3,1226.57,211.71,48.31,45.19,0.8645,1,1
44,4,890.17,130.10,34.68,24.22,0.8418,1,1
44,9,1220.31,415.56,30.86,40.44,0.6439,1,1
45,1,1315.47,326.53,63.18,41.06,0.8844,1,1
45,3,1226.40,210.24,48.27,46.05,0.8667,1,1
45,4,888.94,130.26,35.70,24.87,0.8498,1,1
45,9,1220.76,413.93,31.94,42.05,0.5879,1,1
46,1,1316.54,325.32,63.48,41.27,0.8772,1,1
46,3,1226.87,208.29,48.24,47.82,0.8544,1,1
46,4,887.53,130.82,35.71,24.17,0.8574,1,1
46,9,1222.31,412.31,32.08,42.36,0.3576,1,1
47,1,1317.72,325.44,62.11,39.63,0.8640,1,1
47,3,1226.71,206.16,47.39,48.83,0.8473,1,1
47,4,885.31,131.54,37.03,25.40,0.8575,1,1
48,1,1317.47,325.43,62.73,39.63,0.8635,1,1
48,3,1227.18,206.12,46.38,48.85,0.8471,1,1
48,4,885.37,131.52,36.77,25.46,0.8578,1,1
49,1,1321.00,326.37,61.08,37.70,0.8661,1,1
49,3,1228.29,204.03,43.98,45.52,0.8470,1,1
49,4,882.61,132.57,35.41,24.96,0.8564,1,1
50,1,1322.25,327.51,60.84,36.59,0.8592,1,1
50,3,1227.51,202.97,44.63,46.64,0.8515,1,1
50,4,881.12,132.84,35.16,25.48,0.8599,1,1
50,11,889.02,153.49,21.43,23.86,0.5670,1,1
51,1,1323.79,328.20,60.40,35.67,0.8482,1,1
51,3,1227.39,200.03,44.84,47.85,0.8470,1,1
51,4,879.46,133.30,33.27,24.56,0.8705,1,1
51,11,887.78,153.04,20.51,21.60,0.5501,1,1
51,13,1343.96,359.58,29.96,35.17,0.4345,1,1
52,1,1325.82,327.74,60.31,35.78,0.8459,1,1
52,3,1227.05,198.28,45.05,48.66,0.8634,1,1
52,4,877.13,133.35,34.28,25.27,0.8743,1,1
52,11,887.00,152.91,21.41,22.16,0.5245,1,1
53,1,1327.18,327.53,60.85,36.22,0.8537,1,1
53,3,1226.46,196.64,45.27,49.75,0.8718,1,1
53,4,876.05,133.34,34.70,25.74,0.8581,1,1
53,11,883.85,153.27,22.73,23.51,0.5440,1,1
54,1,1327.27,327.52,60.74,36.21,0.8541,1,1
54,3,1226.64,196.63,44.98,49.76,0.8718,1,1
54,4,876.09,133.27,34.66,25.84,0.8580,1,1
54,11,883.27,153.40,22.94,23.65,0.5430,1,1
54,13,1346.39,359.27,28.64,33.42,0.2516,1,1
55,1,1328.68,328.85,60.76,35.21,0.8577,1,1
55,3,1225.01,195.31,42.89,42.85,0.8980,1,1
55,4,873.69,134.12,35.70,27.86,0.8716,1,1
55,13,1349.46,359.68,28.71,33.29,0.2948,1,1
56,1,1328.47,328.94,62.20,35.79,0.8652,1,1
56,3,1223.29,193.61,43.02,42.76,0.9022,1,1
56,4,873.66,134.48,35.49,28.79,0.8787,1,1
57,1,1329.07,329.01,62.92,36.33,0.8676,1,1
57,3,1220.21,190.98,44.15,44.19,0.8928,1,1
57,4,873.10,134.54,35.14,28.49,0.8759,1,1
58,1,1329.53,328.63,63.88,37.50,0.8706,1,1
58,3,1219.21,190.49,43.47,42.24,0.8870,1,1
58,4,871.47,134.18,35.89,30.39,0.8751,1,1
58,11,876.50,159.07,23.76,24.25,0.2769,1,1
59,1,1331.89,328.49,62.81,37.90,0.8747,1,1
59,3,1217.78,190.51,44.03,41.21,0.8845,1,1
59,4,869.87,133.91,36.43,32.07,0.8704,1,1
59,11,875.35,161.15,24.13,24.07,0.4797,1,1
60,1,1332.31,328.48,62.05,37.93,0.8744,1,1
60,3,1217.40,190.53,44.62,41.06,0.8853,1,1
60,4,870.21,133.88,35.80,32.13,0.8706,1,1
60,11,875.08,161.50,24.40,23.98,0.4753,1,1
60,16,879.59,162.35,22.85,18.54,0.5393,1,1
61,1,1333.01,328.32,62.82,40.19,0.8936,1,1
61,3,1211.59,187.66,45.90,43.52,0.8551,1,1
61,4,868.06,134.29,36.66,32.90,0.8558,1,1
61,11,873.26,162.31,25.10,24.28,0.4493,1,1
61,13,1352.24,361.58,30.02,34.34,0.2811,1,1
61,16,878.13,163.10,23.64,19.18,0.4266,1,1
62,1,1335.59,328.50,60.79,40.19,0.8917,1,1
62,3,1210.15,185.41,42.30,40.58,0.8441,1,1
62,4,867.52,134.02,38.71,34.70,0.8630,1,1
62,11,873.11,164.23,24.78,23.28,0.4969,1,1
62,16,879.40,163.58,23.49,18.81,0.3718,1,1
63,1,1336.68,328.46,60.73,40.75,0.8890,1,1
63,3,1207.80,182.47,42.99,41.90,0.8600,1,1
63,4,866.83,134.36,38.79,35.11,0.8567,1,1
63,11,873.80,164.89,23.94,22.06,0.4264,1,1
63,16,881.82,162.78,23.09,18.61,0.3820,1,1
63,17,1156.82,330.13,20.87,39.29,0.4910,1,1
64,1,1337.90,328.37,60.61,40.85,0.8874,1,1
64,3,1206.80,181.51,42.85,40.89,0.8597,1,1
64,4,865.78,136.25,38.59,35.60,0.8312,1,1
64,17,1156.08,328.37,21.21,40.76,0.5983,1,1
65,1,1338.92,328.33,60.66,41.16,0.8878,1,1
65,3,1205.37,180.14,43.35,41.53,0.8560,1,1
65,4,864.43,137.09,39.78,37.86,0.8272,1,1
65,17,1156.12,327.11,20.86,40.66,0.6559,1,1
66,1,1339.01,328.35,60.40,41.09,0.8876,1,1
66,3,1205.42,180.12,43.26,41.57,0.8559,1,1
66,4,865.02,138.73,38.12,36.46,0.8286,1,1
66,17,1156.25,327.06,20.59,40.55,0.6420,1,1
66,18,1426.51,472.59,70.88,45.71,0.7540,1,1
67,1,1340.99,329.98,61.11,41.16,0.8848,1,1
67,3,1202.63,177.81,43.91,43.12,0.8510,1,1
67,4,860.31,145.08,38.51,36.13,0.8385,1,1
67,17,1155.47,326.45,20.63,40.91,0.3022,1,1
67,18,1431.97,460.70,75.11,51.28,0.7454,1,1
68,1,1342.52,330.77,60.65,41.37,0.8867,1,1
68,3,1202.12,175.59,43.14,43.79,0.8604,1,1
68,4,858.59,143.24,41.60,39.98,0.8493,1,1
68,17,1154.50,325.84,20.67,41.42,0.2714,1,1
68,18,1438.05,454.37,73.43,53.39,0.7889,1,1
69,1,1343.23,330.84,60.50,41.87,0.8885,1,1
69,3,1202.55,175.06,40.88,41.02,0.8830,1,1
69,4,859.80,151.99,37.37,34.18,0.8731,1,1
69,18,1443.79,446.57,68.03,52.66,0.8424,1,1
70,1,1344.72,330.93,60.33,42.51,0.8916,1,1
70,3,1202.28,173.02,40.71,41.19,0.8950,1,1
70,4,858.70,153.57,38.59,35.15,0.8845,1,1
70,18,1448.09,439.88,68.16,53.66,0.8836,1,1
71,1,1345.48,331.24,60.30,42.56,0.8891,1,1
71,3,1202.41,172.80,40.67,41.27,0.8931,1,1
71,4,858.24,155.41,38.92,35.12,0.8844,1,1
71,18,1450.45,434.90,67.12,52.12,0.8468,1,1
71,19,866.34,186.26,24.34,17.12,0.2526,1,1
72,1,1345.53,331.27,60.27,42.55,0.8896,1,1
72,3,1202.44,172.83,40.65,41.21,0.8932,1,1
72,4,858.14,155.37,39.14,35.21,0.8841,1,1
72,18,1450.21,434.81,67.69,52.20,0.8468,1,1
72,19,866.46,186.60,24.32,17.04,0.2610,1,1
73,1,1345.91,333.81,61.68,43.48,0.8914,1,1
73,3,1202.57,172.56,40.54,41.80,0.8931,1,1
73,4,858.14,161.38,37.76,33.25,0.8215,1,1
73,18,1450.04,426.62,69.14,52.50,0.7885,1,1
73,20,1240.69,411.15,31.60,40.90,0.2783,1,1
74,1,1347.33,334.21,61.37,43.58,0.8976,1,1
74,3,1204.13,170.51,39.43,41.68,0.8972,1,1
74,4,857.18,163.80,39.04,34.08,0.8389,1,1
74,18,1450.05,422.56,70.12,52.58,0.7076,1,1
75,1,1348.04,334.40,60.99,44.04,0.9010,1,1
75,3,1206.84,169.68,38.71,40.92,0.8818,1,1
75,4,856.15,162.57,40.54,35.81,0.8455,1,1
75,18,1450.99,417.25,71.01,53.27,0.8566,1,1
76,1,1349.76,334.51,60.51,43.99,0.9027,1,1
76,3,1207.70,168.81,39.13,40.13,0.8788,1,1
76,4,856.17,167.36,38.34,32.68,0.8456,1,1
76,18,1450.24,410.16,72.90,58.93,0.9123,1,1
77,1,1350.99,334.91,60.61,43.64,0.9023,1,1
77,3,1209.26,167.89,39.60,39.91,0.8605,1,1
77,4,855.24,168.70,40.11,34.99,0.8707,1,1
77,18,1450.71,408.99,72.44,59.88,0.9095,1,1
78,1,1350.90,334.91,60.84,43.63,0.9021,1,1
78,3,1209.10,167.88,39.97,39.90,0.8604,1,1
78,4,855.42,168.76,39.75,35.01,0.8706,1,1
78,18,1450.99,408.99,71.87,59.89,0.9094,1,1
78,19,861.41,198.85,24.76,17.56,0.2561,1,1
79,1,1352.53,336.57,59.73,42.85,0.9108,1,1
79,3,1211.73,166.66,37.00,35.25,0.8431,1,1
79,4,856.25,175.84,38.38,31.66,0.8745,1,1
79,18,1450.32,406.37,72.78,60.61,0.8877,1,1
79,19,861.88,203.29,23.60,16.87,0.3095,1,1
80,1,1352.69,336.58,59.99,42.94,0.9132,1,1
80,3,1211.66,164.15,37.82,35.24,0.8317,1,1
80,4,855.52,176.19,39.72,32.22,0.8748,1,1
80,18,1450.80,405.75,72.17,59.31,0.8873,1,1
80,19,861.46,204.71,23.98,17.37,0.2877,1,1
81,1,1352.48,335.96,60.39,43.35,0.9084,1,1
81,3,1210.60,163.29,38.32,34.44,0.8220,1,1
81,4,855.77,175.44,40.17,33.73,0.8748,1,1
81,18,1449.89,403.50,73.66,61.09,0.8834,1,1
81,19,861.73,205.91,24.29,17.83,0.3451,1,1
82,1,1352.48,335.44,60.70,43.56,0.9074,1,1
82,3,1210.33,163.40,38.68,33.52,0.8211,1,1
82,4,856.61,176.53,40.27,35.26,0.8756,1,1
82,18,1449.82,403.41,73.31,60.64,0.8844,1,1
82,19,861.93,208.91,23.84,17.72,0.4089,1,1
83,1,1352.52,335.44,60.63,43.50,0.9068,1,1
83,3,1209.94,163.40,39.48,33.51,0.8210,1,1
83,4,856.93,176.46,39.61,35.42,0.8763,1,1
83,18,1449.92,403.40,73.12,60.22,0.8822,1,1
83,19,861.96,209.49,23.60,17.72,0.4149,1,1
84,1,1352.53,335.53,60.75,43.72,0.9071,1,1
84,3,1207.76,163.48,41.39,33.47,0.8575,1,1
84,4,857.09,179.11,39.50,37.05,0.8827,1,1
84,18,1447.90,403.46,74.64,60.96,0.8843,1,1
84,19,862.88,212.30,22.21,16.09,0.6185,1,1
85,1,1352.71,335.57,60.73,43.52,0.9053,1,1
85,3,1205.97,162.79,41.48,32.30,0.8398,1,1
85,4,857.93,180.66,38.34,36.21,0.8834,1,1
85,18,1447.38,403.46,74.86,60.41,0.8793,1,1
85,19,862.90,212.87,22.62,15.82,0.6339,1,1
86,1,1352.61,335.51,60.92,43.49,0.9059,1,1
86,3,1205.02,161.50,40.95,31.53,0.8561,1,1
86,4,857.77,179.96,39.04,37.31,0.8898,1,1
86,18,1446.89,403.30,75.31,60.22,0.8804,1,1
87,1,1352.47,335.32,61.08,43.47,0.9044,1,1
87,3,1202.52,161.15,40.71,31.23,0.8657,1,1
87,4,857.73,180.32,38.90,37.28,0.8796,1,1
87,18,1446.02,401.86,76.41,61.23,0.8818,1,1
88,1,1352.47,335.30,61.18,43.47,0.9038,1,1
88,3,1199.49,161.08,40.86,31.08,0.8640,1,1
88,4,858.02,181.15,40.12,38.28,0.8748,1,1
88,18,1446.25,401.41,76.48,60.13,0.8741,1,1
89,1,1352.36,335.30,61.27,43.51,0.9032,1,1
89,3,1199.33,161.09,41.04,31.10,0.8642,1,1
89,4,857.96,181.16,40.25,38.30,0.8750,1,1
89,18,1445.96,401.39,76.96,59.97,0.8738,1,1
89,24,838.01,287.70,15.25,28.65,0.3068,1,1
89,25,1160.31,279.06,15.63,22.14,0.3015,1,1
90,1,1352.34,335.38,61.34,43.33,0.9020,1,1
90,3,1196.43,160.39,40.41,30.33,0.8894,1,1
90,4,858.55,183.52,40.63,39.04,0.8716,1,1
90,11,864.32,216.95,23.46,23.00,0.2932,1,1
90,18,1445.73,401.41,77.10,59.70,0.8743,1,1
90,25,1160.02,279.17,15.70,22.29,0.4046,1,1
91,1,1352.34,335.67,61.46,42.97,0.9037,1,1
91,3,1194.88,158.61,39.56,29.93,0.9032,1,1
91,4,858.74,183.39,40.34,39.18,0.8735,1,1
91,11,864.66,217.86,22.28,22.58,0.3721,1,1
91,18,1445.51,401.50,77.08,59.38,0.8758,1,1
91,25,1162.07,277.61,14.62,20.61,0.2673,1,1
92,1,1352.30,335.41,62.32,42.89,0.9047,1,1
92,3,1193.25,157.26,38.77,30.64,0.9107,1,1
92,4,859.33,183.98,40.07,39.19,0.8712,1,1
92,11,866.06,219.13,21.14,21.24,0.4863,1,1
92,18,1445.31,401.00,77.46,59.70,0.8773,1,1
92,24,838.50,288.44,15.70,29.52,0.2505,1,1
93,1,1352.29,335.54,62.89,42.31,0.9070,1,1
93,3,1192.69,156.74,37.92,29.71,0.9056,1,1
93,4,860.73,187.32,38.72,37.16,0.8274,1,1
93,11,866.76,220.59,20.28,19.90,0.4623,1,1
93,18,1445.74,399.64,76.78,59.69,0.8816,1,1
94,1,1352.37,335.66,63.53,42.14,0.9077,1,1
94,3,1190.47,156.41,37.77,29.47,0.8992,1,1
94,4,860.49,187.36,39.17,38.19,0.8481,1,1
94,11,867.40,221.64,19.79,18.87,0.4600,1,1
94,18,1446.09,399.73,76.35,59.20,0.8793,1,1
95,1,1352.17,335.89,63.37,42.02,0.9076,1,1
95,3,1190.48,156.36,38.15,29.55,0.8990,1,1
95,4,860.74,187.76,38.64,37.99,0.8436,1,1
95,11,866.93,221.59,20.12,18.89,0.4920,1,1
95,18,1445.97,399.72,76.37,59.25,0.8803,1,1
96,1,1352.53,336.78,63.95,41.59,0.9097,1,1
96,3,1187.17,155.13,38.70,30.15,0.8787,1,1
96,4,861.45,188.49,38.70,38.51,0.8262,1,1
96,11,867.90,222.64,19.57,18.06,0.2895,1,1
96,18,1446.07,399.23,75.77,58.78,0.8786,1,1
96,24,839.87,289.72,14.75,27.40,0.3272,1,1
97,1,1352.35,336.89,64.45,41.67,0.9098,1,1
97,3,1185.93,153.77,38.47,30.56,0.8878,1,1
97,4,862.04,189.60,37.84,36.98,0.8365,1,1
97,11,868.22,222.87,19.63,17.82,0.2665,1,1
97,18,1446.31,399.18,75.51,58.47,0.8775,1,1
97,24,839.85,289.59,14.89,27.34,0.4023,1,1
98,1,1352.27,336.84,64.80,41.77,0.9103,1,1
98,3,1185.56,152.78,39.12,31.26,0.8722,1,1
98,4,862.26,189.54,38.28,36.53,0.8525,1,1
98,18,1446.37,397.92,75.39,58.66,0.8837,1,1
98,24,839.84,289.82,14.95,27.21,0.4271,1,1
99,1,1352.37,336.89,65.10,41.98,0.9121,1,1
99,3,1185.42,153.07,38.58,30.46,0.8613,1,1
99,4,862.00,189.55,38.95,36.81,0.8510,1,1
99,11,868.44,223.08,19.65,17.47,0.2696,1,1
99,18,1446.25,397.16,75.57,58.88,0.8861,1,1
99,24,839.58,290.51,15.05,27.17,0.4380,1,1
99,26,1346.51,595.46,31.99,36.19,0.8289,1,1
100,1,1352.73,336.90,65.49,42.14,0.9116,1,1
100,3,1185.07,153.07,38.21,30.23,0.8613,1,1
100,4,862.05,189.39,39.49,38.08,0.8569,1,1
100,11,868.75,223.56,19.44,16.92,0.2610,1,1
100,18,1446.15,397.13,75.74,58.68,0.8834,1,1
100,24,839.48,288.25,15.52,27.94,0.3385,1,1
100,26,1343.34,595.46,31.76,36.94,0.7996,1,1
101,1,1352.69,336.90,65.46,42.15,0.9118,1,1
101,3,1185.11,153.08,38.10,30.19,0.8603,1,1
101,4,862.26,189.45,39.06,38.06,0.8593,1,1
101,11,868.68,223.67,19.66,16.80,0.2738,1,1
101,18,1446.04,397.15,75.93,58.69,0.8833,1,1
101,24,839.39,287.65,15.69,28.17,0.3501,1,1
101,26,1343.48,595.46,31.09,36.87,0.8018,1,1
102,1,1352.73,337.11,65.47,42.58,0.9091,1,1
102,3,1185.09,153.09,37.51,29.39,0.8679,1,1
102,4,862.47,189.46,38.71,38.16,0.8559,1,1
102,11,868.36,223.62,19.93,16.79,0.3033,1,1
102,18,1445.92,397.20,76.26,58.02,0.8870,1,1
102,26,1342.31,595.60,31.15,38.43,0.7905,1,1
103,1,1353.11,337.19,65.55,42.62,0.9081,1,1
103,3,1184.91,152.96,37.64,29.17,0.8633,1,1
103,4,862.63,189.06,38.54,38.27,0.8717,1,1
103,11,868.04,223.26,20.40,17.04,0.3094,1,1
103,18,1445.32,397.09,77.16,58.43,0.8846,1,1
103,24,838.80,285.13,15.13,27.27,0.3773,1,1
103,26,1341.62,596.59,29.84,38.59,0.7925,1,1
104,1,1353.90,336.98,65.40,42.83,0.9060,1,1
104,3,1184.76,152.81,38.02,29.15,0.8547,1,1
104,4,862.77,189.71,38.24,37.64,0.8736,1,1
104,18,1444.49,395.89,77.59,60.18,0.8863,1,1
104,24,838.20,284.46,15.13,27.34,0.3001,1,1
104,26,1341.67,595.63,29.55,40.22,0.7929,1,1
105,1,1353.65,336.97,65.56,43.41,0.9070,1,1
105,3,1185.02,152.56,38.03,28.92,0.8562,1,1
105,4,862.74,189.41,38.26,37.54,0.8754,1,1
105,18,1445.81,395.60,76.11,59.77,0.8893,1,1
105,26,1343.30,595.31,29.51,41.49,0.7787,1,1
106,1,1354.18,337.10,65.18,43.14,0.9061,1,1
106,3,1185.04,152.73,38.35,28.94,0.8565,1,1
106,4,862.77,189.71,38.19,37.27,0.8749,1,1
106,18,1446.38,395.59,75.36,59.28,0.8913,1,1
106,26,1349.14,594.29,28.75,39.52,0.8039,1,1
107,1,1354.17,337.10,65.23,43.13,0.9063,1,1
107,3,1185.00,152.77,38.56,28.91,0.8559,1,1
107,4,862.80,189.75,38.22,37.09,0.8746,1,1
107,18,1446.37,395.59,75.35,59.30,0.8910,1,1
107,26,1349.18,594.26,29.06,39.51,0.8028,1,1
108,1,1354.21,337.05,65.78,43.64,0.9061,1,1
108,3,1186.01,150.89,38.46,29.65,0.8719,1,1
108,4,862.57,189.71,38.69,38.08,0.8732,1,1
108,18,1447.54,395.50,73.99,57.15,0.8878,1,1
108,26,1354.11,594.57,27.83,38.24,0.6683,1,1
109,1,1354.34,337.01,65.79,43.89,0.9049,1,1
109,3,1186.74,148.06,38.53,31.42,0.8757,1,1
109,4,862.82,189.82,38.36,38.04,0.8744,1,1
109,18,1448.74,395.50,75.22,57.22,0.8800,1,1
109,26,1357.28,596.96,25.90,36.77,0.8048,1,1
110,1,1354.92,336.84,65.25,43.69,0.8993,1,1
110,3,1188.31,146.37,38.05,32.48,0.8929,1,1
110,4,862.87,189.69,38.55,38.70,0.8745,1,1
110,18,1451.66,394.89,74.93,55.75,0.8980,1,1
110,26,1360.23,597.46,23.72,35.01,0.7888,1,1
111,1,1355.33,336.87,64.96,43.36,0.9018,1,1
111,3,1189.13,146.28,37.09,32.18,0.8968,1,1
111,4,863.03,190.08,38.98,39.72,0.8712,1,1
111,18,1453.17,394.94,74.90,54.91,0.9035,1,1
111,26,1362.15,598.16,23.21,34.78,0.7533,1,1
112,1,1355.79,337.18,64.95,43.43,0.9054,1,1
112,3,1189.91,146.69,36.00,31.61,0.8962,1,1
112,4,862.91,191.70,38.88,39.24,0.8661,1,1
112,18,1459.64,396.09,72.58,53.61,0.9054,1,1
112,24,835.66,287.53,16.59,29.82,0.2907,1,1
112,26,1363.59,597.45,22.39,33.47,0.6815,1,1
112,28,1377.95,377.35,29.09,30.09,0.4570,1,1
113,1,1356.06,337.18,64.95,43.46,0.9037,1,1
113,3,1189.83,145.86,36.16,32.40,0.8961,1,1
113,4,862.79,192.04,38.97,38.93,0.8593,1,1
113,18,1459.87,395.98,72.71,53.72,0.9037,1,1
113,24,835.56,287.59,16.69,29.94,0.2794,1,1
113,26,1363.65,597.20,22.41,33.49,0.6715,1,1
113,28,1378.24,377.39,29.30,30.10,0.4773,1,1
114,1,1357.52,337.36,64.50,43.28,0.9063,1,1
114,3,1191.66,144.16,35.04,32.47,0.8920,1,1
114,4,863.19,192.56,39.92,39.48,0.8451,1,1
114,18,1469.65,397.69,77.50,56.29,0.8923,1,1
114,26,1364.09,596.95,23.44,34.57,0.7770,1,1
114,28,1379.30,378.19,29.11,29.58,0.3352,1,1
115,1,1357.64,337.20,64.66,43.27,0.9037,1,1
115,3,1192.60,143.45,35.42,31.99,0.9002,1,1
115,4,864.67,192.61,40.72,39.31,0.8157,1,1
115,18,1472.29,398.21,76.73,56.39,0.8765,1,1
115,26,1365.38,598.02,23.55,33.29,0.7582,1,1
115,28,1377.98,378.18,29.59,30.00,0.2693,1,1
116,1,1358.00,337.17,64.75,43.31,0.9020,1,1
116,3,1192.61,143.26,35.49,31.82,0.8973,1,1
116,4,865.78,194.96,39.13,36.62,0.7666,1,1
116,18,1477.51,398.73,75.53,57.57,0.8865,1,1
116,24,836.22,288.28,16.69,29.95,0.2623,1,1
116,26,1365.07,596.95,24.09,33.60,0.7562,1,1
116,28,1378.46,377.73,30.66,30.56,0.4385,1,1
117,1,1357.78,337.28,64.84,43.30,0.9047,1,1
117,3,1192.60,143.12,35.48,31.58,0.8964,1,1
117,4,866.07,196.40,39.37,35.62,0.7691,1,1
117,18,1483.24,399.54,73.21,59.12,0.8866,1,1
117,24,836.29,288.50,16.71,30.05,0.2520,1,1
117,26,1366.44,600.88,25.16,34.21,0.7538,1,1
117,28,1378.25,377.88,31.05,30.38,0.4571,1,1
118,1,1357.57,337.53,64.99,43.65,0.9062,1,1
118,3,1192.87,142.47,34.84,30.61,0.8855,1,1
118,4,866.29,197.65,39.64,35.05,0.7940,1,1
118,18,1488.48,400.68,72.69,59.49,0.8831,1,1
118,26,1367.88,602.29,26.16,35.13,0.7333,1,1
118,28,1375.64,377.80,33.45,32.61,0.4684,1,1
119,1,1357.58,337.53,64.77,43.61,0.9063,1,1
119,3,1192.85,142.43,34.89,30.64,0.8848,1,1
119,4,865.99,197.60,40.17,35.14,0.7779,1,1
119,18,1488.71,400.76,71.99,59.42,0.8837,1,1
119,26,1367.92,602.31,26.51,35.34,0.7225,1,1
119,28,1375.08,377.78,33.94,33.00,0.4622,1,1
120,1,1359.59,339.23,63.91,42.51,0.9047,1,1
120,3,1192.07,139.79,35.54,31.25,0.8481,1,1
120,4,866.77,199.63,40.29,34.69,0.8594,1,1
120,18,1499.51,404.36,71.12,60.80,0.8918,1,1
120,24,836.63,289.48,16.16,29.14,0.2870,1,1
120,26,1369.79,607.86,26.93,36.13,0.2573,1,1
120,28,1374.32,378.19,35.06,33.87,0.6221,1,1
121,1,1360.29,339.40,63.67,42.45,0.9020,1,1
121,3,1190.08,138.66,35.53,30.66,0.8641,1,1
121,4,866.88,199.30,41.18,35.59,0.8711,1,1
121,18,1503.69,406.03,66.45,60.14,0.9003,1,1
121,24,836.98,289.64,16.04,29.12,0.2907,1,1
121,26,1370.58,608.81,29.28,39.71,0.3662,1,1
121,28,1374.45,378.36,36.06,34.49,0.6859,1,1
122,1,1360.60,339.40,63.53,42.68,0.9024,1,1
122,3,1189.96,137.59,35.85,31.47,0.8782,1,1
122,4,867.28,199.11,41.32,35.66,0.8676,1,1
122,18,1507.39,406.54,65.16,59.85,0.8898,1,1
122,24,837.08,290.28,16.37,30.00,0.2650,1,1
122,28,1374.76,378.50,36.29,34.38,0.6829,1,1
122,29,1347.00,549.20,33.47,33.05,0.4002,1,1
123,1,1360.92,339.64,63.26,42.48,0.8986,1,1
123,3,1188.74,137.10,35.50,31.90,0.8765,1,1
123,4,867.33,199.73,42.23,37.87,0.8904,1,1
123,18,1511.81,408.31,64.30,58.12,0.8849,1,1
123,28,1375.01,378.38,37.67,35.33,0.7191,1,1
124,1,1361.63,340.23,63.02,41.97,0.8983,1,1
124,3,1186.14,137.06,34.96,30.50,0.8738,1,1
124,4,867.77,200.08,41.51,37.94,0.8842,1,1
124,18,1515.78,408.70,70.62,60.58,0.8660,1,1
124,28,1376.24,378.97,37.65,34.98,0.6793,1,1
124,29,1341.45,551.65,30.97,30.64,0.3015,1,1
125,1,1361.44,340.20,63.17,42.05,0.8976,1,1
125,3,1185.86,137.05,35.36,30.42,0.8747,1,1
125,4,867.97,200.10,41.31,37.82,0.8858,1,1
125,18,1514.74,408.76,72.26,60.53,0.8685,1,1
125,28,1376.01,378.87,37.94,35.07,0.6786,1,1
125,29,1340.87,551.72,31.34,31.14,0.3270,1,1
126,1,1362.07,341.01,62.96,41.32,0.8922,1,1
126,3,1183.74,134.76,33.18,29.37,0.8845,1,1
126,4,868.27,201.19,41.14,37.16,0.8786,1,1
126,18,1525.28,411.51,65.32,57.32,0.8905,1,1
126,28,1375.57,379.28,38.86,35.70,0.7768,1,1
126,29,1333.64,552.84,33.22,34.86,0.8129,1,1
127,1,1362.05,341.18,63.94,41.44,0.8931,1,1
127,3,1179.12,132.21,34.98,30.96,0.8928,1,1
127,4,868.23,201.18,42.46,38.23,0.8775,1,1
127,18,1527.55,411.79,63.82,57.22,0.9025,1,1
127,28,1375.25,379.17,40.07,36.32,0.8120,1,1
127,29,1329.61,556.02,33.13,32.62,0.8523,1,1
128,1,1362.34,341.16,64.90,41.40,0.8915,1,1
128,3,1177.23,131.36,34.97,30.72,0.9005,1,1
128,4,868.40,201.04,42.66,38.41,0.8744,1,1
128,18,1529.87,412.04,64.66,56.93,0.8924,1,1
128,28,1375.44,379.20,40.04,36.12,0.7838,1,1
128,29,1328.22,555.67,32.34,32.21,0.8286,1,1
128,31,1393.38,616.15,23.45,45.09,0.6795,1,1
129,1,1362.85,342.27,65.74,40.41,0.8899,1,1
129,3,1174.19,131.43,35.02,30.15,0.8935,1,1
129,4,868.47,201.22,42.78,37.90,0.8783,1,1
129,18,1531.04,412.69,67.37,56.58,0.8844,1,1
129,28,1375.34,379.49,40.85,36.89,0.7896,1,1
129,29,1327.75,556.58,32.03,31.87,0.7845,1,1
129,31,1397.42,615.61,23.61,44.34,0.6675,1,1
130,1,1362.72,343.66,66.13,39.08,0.8914,1,1
130,3,1173.72,131.54,34.69,28.21,0.8815,1,1
130,4,868.55,201.82,42.81,37.35,0.8724,1,1
130,18,1531.25,413.45,68.58,56.21,0.8850,1,1
130,28,1374.33,379.31,41.14,37.34,0.7515,1,1
130,29,1327.11,556.30,32.27,32.00,0.7959,1,1
130,31,1399.42,615.27,23.46,42.86,0.6173,1,1
131,1,1362.32,343.75,67.40,38.99,0.8903,1,1
131,3,1173.25,131.50,35.62,28.24,0.8817,1,1
131,4,868.15,201.38,42.57,37.44,0.8694,1,1
131,18,1531.08,413.53,69.26,56.14,0.8868,1,1
131,28,1374.53,379.40,40.98,37.31,0.7419,1,1
131,29,1327.16,556.49,32.22,31.81,0.7964,1,1
131,31,1399.34,615.11,24.03,42.89,0.6207,1,1
132,1,1362.48,343.78,69.38,39.69,0.8897,1,1
132,3,1170.98,128.39,35.02,28.52,0.8816,1,1
132,4,867.93,201.92,42.70,37.62,0.8310,1,1
132,18,1531.99,413.74,70.25,56.19,0.8782,1,1
132,28,1374.59,378.30,42.00,38.57,0.7383,1,1
132,29,1325.36,556.36,34.56,35.15,0.7782,1,1
132,31,1400.80,615.65,24.17,42.78,0.5874,1,1
133,1,1362.20,343.71,70.09,39.85,0.8896,1,1
133,3,1169.10,126.83,33.90,28.44,0.8471,1,1
133,4,867.83,201.57,42.31,38.20,0.8754,1,1
133,18,1532.49,412.82,71.15,56.78,0.8734,1,1
133,28,1374.93,378.27,41.95,38.71,0.7335,1,1
133,29,1326.24,557.83,33.24,34.16,0.7874,1,1
133,31,1401.82,611.11,24.92,44.24,0.7420,1,1
134,1,1362.34,343.70,70.72,39.84,0.8892,1,1
134,3,1167.93,125.92,33.84,28.80,0.8300,1,1
134,4,868.44,201.85,42.46,38.66,0.8681,1,1
134,18,1532.85,412.31,71.75,57.27,0.8751,1,1
134,28,1375.34,378.36,41.82,38.78,0.7293,1,1
134,29,1326.64,557.92,32.80,33.96,0.7760,1,1
134,31,1402.32,608.31,26.14,45.94,0.7697,1,1
135,1,1362.54,344.04,70.68,39.67,0.8906,1,1
135,3,1166.86,126.18,32.88,28.07,0.8458,1,1
135,4,868.99,201.69,42.86,39.06,0.8762,1,1
135,18,1533.65,412.07,71.56,57.97,0.8736,1,1
135,28,1376.33,378.51,41.32,38.97,0.7371,1,1
135,29,1326.59,558.11,32.60,33.71,0.7773,1,1
135,31,1402.79,605.92,26.33,46.35,0.6394,1,1
136,1,1362.87,344.43,70.95,39.66,0.8892,1,1
136,3,1165.92,126.03,32.91,28.05,0.8495,1,1
136,4,869.15,201.56,42.76,39.67,0.8782,1,1
136,18,1534.10,412.17,70.88,57.76,0.8751,1,1
136,28,1376.39,378.37,41.41,39.59,0.6961,1,1
136,29,1325.68,557.53,33.15,34.44,0.7930,1,1
136,31,1402.69,605.06,26.58,47.09,0.6463,1,1
137,1,1362.77,344.39,70.94,39.68,0.8885,1,1
137,3,1165.84,125.95,33.01,28.15,0.8496,1,1
137,4,869.31,201.55,42.36,39.70,0.8771,1,1
137,18,1534.81,412.08,70.38,57.95,0.8715,1,1
137,28,1376.58,378.37,41.02,39.64,0.6994,1,1
137,29,1325.64,557.34,33.25,34.73,0.7941,1,1
137,31,1402.83,605.19,26.36,46.92,0.6354,1,1
138,1,1363.11,344.82,71.36,39.92,0.8881,1,1
138,3,1164.24,124.58,34.19,28.98,0.8221,1,1
138,4,871.40,202.02,42.27,40.30,0.8654,1,1
138,18,1535.11,412.19,69.85,57.71,0.8757,1,1
138,28,1376.14,378.19,41.17,40.03,0.6468,1,1
138,29,1325.83,557.38,33.20,34.79,0.8113,1,1
138,31,1402.39,601.91,27.21,48.76,0.6184,1,1
139,1,1362.58,345.09,72.26,40.24,0.8882,1,1
139,3,1163.22,123.93,33.50,29.45,0.8189,1,1
139,4,871.78,202.12,42.47,41.02,0.8592,1,1
139,18,1535.32,412.21,69.84,57.24,0.8663,1,1
139,28,1376.83,378.41,40.80,40.10,0.7023,1,1
139,29,1325.96,557.62,32.79,34.56,0.8077,1,1
139,31,1402.15,600.15,27.27,49.12,0.7367,1,1
140,1,1362.61,345.10,72.14,40.19,0.8879,1,1
140,3,1163.56,123.93,32.63,29.01,0.8183,1,1
140,4,872.54,202.42,42.53,41.05,0.7875,1,1
140,18,1536.02,412.04,69.95,56.95,0.8669,1,1
140,28,1376.59,378.35,40.24,39.82,0.6387,1,1
140,29,1327.27,558.82,31.79,33.30,0.7728,1,1
140,31,1401.99,600.31,26.78,47.60,0.7827,1,1
141,1,1362.76,345.79,71.67,40.43,0.8869,1,1
141,3,1163.17,122.83,33.02,29.94,0.8303,1,1
141,4,873.11,203.19,42.92,41.69,0.8639,1,1
141,18,1537.02,412.07,69.41,56.26,0.8785,1,1
141,28,1375.59,379.05,40.07,39.51,0.6462,1,1
141,29,1328.96,558.66,33.79,33.85,0.7751,1,1
141,31,1402.01,600.22,26.74,47.15,0.7857,1,1
142,1,1362.84,345.98,72.10,40.98,0.8846,1,1
142,3,1163.00,122.21,32.89,30.17,0.8294,1,1
142,4,874.33,204.37,42.13,41.07,0.8555,1,1
142,18,1538.19,412.11,69.13,56.58,0.8797,1,1
142,28,1376.00,380.40,39.22,38.29,0.6570,1,1
142,29,1328.84,558.20,34.71,33.89,0.8030,1,1
142,31,1401.54,600.28,27.02,47.61,0.7856,1,1
143,1,1362.98,346.01,71.90,40.96,0.8844,1,1
143,3,1162.90,122.26,32.82,30.07,0.8265,1,1
143,4,874.28,204.28,42.05,41.21,0.8545,1,1
143,18,1538.44,412.19,69.08,56.50,0.8808,1,1
143,28,1375.95,380.55,39.38,38.16,0.6583,1,1
143,29,1328.60,558.16,35.37,34.08,0.8000,1,1
143,31,1401.49,600.16,27.10,47.83,0.7851,1,1
144,1,1362.96,346.07,72.18,41.31,0.8874,1,1
144,3,1162.10,119.13,33.25,30.56,0.7940,1,1
144,4,875.81,205.05,42.69,41.24,0.8727,1,1
144,18,1539.60,412.52,68.00,55.67,0.8830,1,1
144,28,1377.86,381.54,38.53,36.94,0.6977,1,1
144,29,1328.34,558.00,35.99,34.66,0.8104,1,1
144,31,1400.67,599.75,27.43,48.64,0.7903,1,1
145,1,1363.03,346.08,72.22,41.37,0.8861,1,1
145,3,1162.13,118.63,33.27,30.66,0.7846,1,1
145,4,875.85,206.24,43.97,41.24,0.8840,1,1
145,18,1540.34,412.32,67.57,55.45,0.8828,1,1
145,28,1378.33,381.52,38.56,36.88,0.6972,1,1
145,29,1328.64,558.16,36.19,34.94,0.8179,1,1
145,31,1400.64,599.90,27.09,48.03,0.7973,1,1
146,1,1362.89,346.07,72.09,41.40,0.8877,1,1
146,3,1161.82,116.26,34.56,32.58,0.8067,1,1
146,4,875.83,208.42,44.46,40.53,0.8850,1,1
146,18,1540.73,412.28,67.17,54.43,0.8649,1,1
146,28,1378.84,381.61,38.71,36.99,0.6896,1,1
146,29,1328.64,558.13,36.53,35.52,0.8137,1,1
146,31,1400.72,599.88,26.81,47.54,0.6679,1,1
147,1,1362.89,346.04,72.19,41.56,0.8893,1,1
147,3,1162.15,115.18,33.64,31.58,0.8350,1,1
147,4,875.51,208.86,45.24,40.77,0.8846,1,1
147,18,1540.74,412.21,67.00,53.71,0.8341,1,1
147,28,1377.27,382.08,39.42,37.21,0.7233,1,1
147,29,1328.70,558.39,35.97,35.19,0.8143,1,1
147,31,1400.99,599.06,27.12,47.82,0.6495,1,1
148,1,1362.66,346.04,72.19,41.66,0.8913,1,1
148,3,1162.26,114.62,33.34,30.86,0.8515,1,1
148,4,875.51,208.83,45.67,41.06,0.8809,1,1
148,18,1539.99,412.28,67.21,53.22,0.8249,1,1
148,28,1375.75,382.51,39.95,37.07,0.6988,1,1
148,29,1328.97,558.63,34.73,34.13,0.8208,1,1
148,31,1400.59,600.17,27.09,47.70,0.3144,1,1
149,1,1362.69,346.06,72.04,41.67,0.8914,1,1
149,3,1162.01,114.65,33.60,30.74,0.8521,1,1
149,4,875.57,208.82,45.62,41.01,0.8798,1,1
149,18,1539.68,412.25,67.66,53.17,0.8256,1,1
149,28,1375.44,382.55,40.47,37.06,0.6998,1,1
149,29,1329.14,558.90,34.41,33.78,0.8203,1,1
149,31,1400.34,600.41,27.21,47.85,0.3287,1,1
150,1,1363.51,346.08,72.06,42.39,0.8937,1,1
150,3,1161.66,111.94,33.12,29.73,0.8944,1,1
150,4,876.04,208.82,45.71,41.38,0.8515,1,1
150,18,1539.62,412.54,67.05,52.32,0.8359,1,1
150,28,1375.16,383.54,40.28,36.75,0.6606,1,1
150,29,1329.12,558.80,33.06,33.17,0.8280,1,1
150,31,1400.68,602.77,25.52,44.57,0.3653,1,1
151,1,1365.06,346.07,72.14,42.58,0.8928,1,1
151,3,1160.74,110.75,31.74,28.89,0.8807,1,1
151,4,876.80,209.11,45.95,41.29,0.8535,1,1
151,18,1539.18,411.64,67.93,53.10,0.8452,1,1
151,28,1375.54,383.63,40.94,37.18,0.6802,1,1
151,29,1328.95,557.92,32.73,33.70,0.8264,1,1
151,31,1400.25,601.77,26.66,45.08,0.8161,1,1
152,1,1366.27,346.48,71.63,42.54,0.8970,1,1
152,3,1160.29,110.67,30.63,27.73,0.8598,1,1
152,4,876.99,209.12,46.26,41.59,0.8667,1,1
152,18,1538.53,411.84,68.53,53.74,0.8554,1,1
152,28,1376.19,384.17,40.80,36.81,0.7316,1,1
152,29,1328.87,558.18,32.08,33.71,0.7894,1,1
152,31,1399.42,600.86,26.81,45.30,0.8012,1,1
153,1,1367.69,349.23,69.84,40.50,0.8907,1,1
153,3,1158.29,110.70,31.16,27.88,0.8856,1,1
153,4,877.19,208.51,46.30,42.20,0.8623,1,1
153,18,1538.46,411.74,68.31,53.61,0.8238,1,1
153,28,1375.64,384.80,40.61,37.71,0.7453,1,1
153,29,1329.67,559.90,30.64,32.36,0.7506,1,1
153,31,1399.08,600.10,26.36,43.90,0.8068,1,1
154,1,1367.80,349.50,72.08,41.51,0.8918,1,1
154,3,1157.47,109.30,31.11,27.48,0.8964,1,1
154,4,877.04,208.57,46.13,42.77,0.8661,1,1
154,18,1538.25,411.94,67.65,53.27,0.8121,1,1
154,28,1378.01,386.08,40.32,37.59,0.7846,1,1
154,29,1329.61,560.57,30.46,32.31,0.7222,1,1
154,31,1398.21,599.06,26.20,42.02,0.8143,1,1
155,1,1367.71,349.52,72.36,41.54,0.8919,1,1
155,3,1157.39,109.28,31.27,27.49,0.8964,1,1
155,4,877.10,208.56,45.92,42.99,0.8660,1,1
155,18,1538.31,411.98,67.53,53.30,0.8229,1,1
155,28,1378.16,386.08,40.36,37.76,0.7824,1,1
155,29,1329.66,560.69,30.43,32.37,0.7119,1,1
155,31,1397.93,599.07,26.61,41.93,0.8101,1,1
156,1,1368.80,349.50,74.31,42.15,0.8891,1,1
156,3,1152.24,107.55,31.65,26.79,0.9009,1,1
156,4,877.31,208.93,45.85,42.55,0.8666,1,1
156,18,1535.46,411.51,69.95,54.51,0.8760,1,1
156,28,1379.36,386.39,40.93,37.99,0.8029,1,1
156,29,1329.55,559.69,31.44,33.92,0.7499,1,1
156,31,1394.26,598.21,27.78,44.39,0.8304,1,1
157,1,1369.15,349.62,73.99,41.90,0.8862,1,1
157,3,1150.87,107.55,30.14,25.37,0.8869,1,1
157,4,877.39,208.85,45.71,42.31,0.8728,1,1
157,18,1535.06,410.43,69.98,54.45,0.8859,1,1
157,28,1379.89,386.17,40.76,37.86,0.8202,1,1
157,29,1329.81,559.29,31.27,34.06,0.7384,1,1
157,31,1393.04,596.63,27.89,44.95,0.8442,1,1
158,1,1369.47,349.72,73.74,41.83,0.8869,1,1
158,3,1148.86,106.90,30.13,25.93,0.8828,1,1
158,4,877.08,208.78,45.72,42.29,0.8716,1,1
158,18,1534.48,409.96,70.54,54.85,0.8921,1,1
158,28,1380.69,386.21,40.39,37.57,0.8296,1,1
158,29,1330.07,560.26,30.76,33.62,0.7149,1,1
158,31,1392.29,594.60,27.82,44.97,0.8390,1,1
159,1,1369.54,350.47,73.06,41.32,0.8874,1,1
159,3,1145.82,104.80,30.82,28.55,0.8895,1,1
159,4,876.46,208.52,45.74,42.45,0.8749,1,1
159,18,1533.39,409.73,71.22,54.71,0.8937,1,1
159,28,1379.89,386.33,40.25,37.85,0.8210,1,1
159,29,1329.33,558.84,31.36,34.52,0.7137,1,1
159,31,1391.35,594.32,27.96,45.79,0.8377,1,1
160,1,1370.06,351.20,72.94,40.87,0.8825,1,1
160,3,1143.60,103.81,29.60,25.14,0.8885,1,1
160,4,876.54,209.23,44.83,41.37,0.8728,1,1
160,18,1532.33,409.36,71.02,54.61,0.8962,1,1
160,28,1379.75,386.20,39.83,38.08,0.8203,1,1
160,29,1330.17,560.42,30.18,33.01,0.7304,1,1
160,31,1391.28,594.22,27.62,45.80,0.8300,1,1
161,1,1369.89,351.17,73.23,40.91,0.8828,1,1
161,3,1143.08,103.79,30.59,25.11,0.8887,1,1
161,4,876.49,209.24,44.92,41.35,0.8727,1,1
161,18,1532.36,409.40,71.00,54.58,0.8956,1,1
161,28,1379.97,386.21,39.42,38.06,0.8205,1,1
161,29,1330.11,560.45,30.21,32.91,0.7267,1,1
161,31,1391.33,594.14,27.44,45.98,0.8290,1,1
162,1,1368.78,349.10,74.18,42.75,0.8855,1,1
162,3,1138.00,101.89,30.28,25.04,0.8441,1,1
162,4,876.67,209.18,44.73,41.19,0.8780,1,1
162,18,1532.31,408.39,71.79,54.79,0.8721,1,1
162,28,1381.45,386.33,39.23,37.21,0.8371,1,1
162,29,1331.03,561.37,29.89,32.86,0.7612,1,1
162,31,1391.21,592.87,28.48,47.37,0.8381,1,1
163,1,1369.41,349.13,74.16,42.80,0.8835,1,1
163,3,1136.38,102.50,29.95,24.75,0.8407,1,1
163,4,876.42,209.64,44.41,40.71,0.8779,1,1
163,18,1531.43,407.35,71.21,54.57,0.8846,1,1
163,28,1381.32,386.29,39.37,37.27,0.8324,1,1
163,29,1332.32,560.39,31.57,35.06,0.7887,1,1
163,31,1391.65,590.80,28.53,48.16,0.8454,1,1
164,1,1369.08,349.19,73.88,42.57,0.8856,1,1
164,3,1136.44,102.66,28.53,23.90,0.8619,1,1
164,4,875.79,209.81,45.24,40.80,0.8803,1,1
164,18,1531.39,407.23,71.05,54.41,0.8756,1,1
164,28,1381.10,386.18,39.45,37.51,0.8338,1,1
164,29,1332.59,558.39,31.41,36.09,0.7946,1,1
164,31,1392.08,590.78,28.28,48.32,0.8368,1,1
165,1,1367.48,349.02,74.68,42.79,0.8861,1,1
165,3,1134.64,100.59,29.79,24.60,0.8775,1,1
165,4,875.20,209.78,45.62,40.80,0.8755,1,1
165,18,1530.54,407.10,71.89,54.56,0.8851,1,1
165,28,1380.10,386.19,38.86,37.26,0.8175,1,1
165,29,1333.18,558.80,31.08,36.81,0.8017,1,1
165,31,1392.18,590.92,27.92,48.17,0.8345,1,1
166,1,1366.86,347.96,75.18,42.97,0.8900,1,1
166,3,1133.31,97.24,30.76,26.23,0.8427,1,1
166,4,875.09,209.66,45.62,40.89,0.8705,1,1
166,18,1529.63,407.24,72.78,55.08,0.8912,1,1
166,28,1379.22,385.14,39.42,37.94,0.8070,1,1
166,29,1333.37,558.55,30.95,37.48,0.8069,1,1
166,31,1392.11,590.73,27.47,47.70,0.8354,1,1
167,1,1366.81,347.94,75.24,42.99,0.8901,1,1
167,3,1133.57,97.17,30.22,26.32,0.8432,1,1
167,4,875.07,209.69,45.55,40.79,0.8708,1,1
167,18,1529.62,407.26,72.85,55.00,0.8922,1,1
167,28,1379.16,385.07,39.34,37.98,0.8069,1,1
167,29,1333.56,558.57,30.59,37.53,0.8065,1,1
167,31,1392.16,590.72,27.30,47.62,0.8353,1,1
168,1,1366.73,346.46,75.80,42.96,0.8917,1,1
168,3,1130.67,96.13,31.17,27.85,0.8568,1,1
168,4,874.90,209.54,45.65,40.62,0.8720,1,1
168,18,1527.60,405.67,72.98,54.69,0.8716,1,1
168,28,1379.57,384.24,38.56,37.20,0.7980,1,1
168,29,1337.33,556.14,30.59,38.78,0.7936,1,1
168,31,1393.33,590.83,26.67,46.74,0.8355,1,1
168,33,879.73,310.08,20.99,30.78,0.2668,1,1
169,1,1366.25,346.46,75.68,42.15,0.8891,1,1
169,3,1130.14,95.68,30.16,26.94,0.8307,1,1
169,4,874.93,209.81,45.63,40.27,0.8715,1,1
169,18,1527.45,405.25,73.71,54.88,0.8657,1,1
169,28,1379.31,383.66,39.18,37.55,0.7968,1,1
169,29,1339.22,555.63,29.93,37.85,0.7998,1,1
169,31,1393.66,591.38,26.50,46.49,0.8502,1,1
169,33,879.30,309.44,21.08,30.98,0.2601,1,1
170,1,1365.60,346.51,76.11,41.64,0.8895,1,1
170,3,1129.31,95.83,30.29,27.08,0.8419,1,1
170,4,874.80,209.90,45.78,40.37,0.8718,1,1
170,18,1527.18,405.15,73.93,54.55,0.8655,1,1
170,28,1378.89,383.35,39.44,37.69,0.7897,1,1
170,29,1340.35,555.19,30.22,37.60,0.8128,1,1
170,31,1394.25,591.30,26.09,46.16,0.8446,1,1
171,1,1365.02,346.57,76.70,41.56,0.8868,1,1
171,3,1129.21,95.17,30.17,26.83,0.7963,1,1
171,4,874.99,210.23,45.49,40.23,0.8720,1,1
171,18,1526.24,404.96,74.12,54.01,0.8599,1,1
171,28,1378.44,383.21,40.01,38.02,0.7893,1,1
171,29,1340.42,553.34,30.80,38.25,0.8105,1,1
171,31,1394.23,592.24,25.92,45.73,0.8451,1,1
172,1,1364.71,346.40,76.89,41.29,0.8879,1,1
172,3,1129.23,94.62,30.25,26.96,0.7182,1,1
172,4,874.98,210.23,45.27,40.26,0.8713,1,1
172,18,1525.15,403.38,75.46,55.19,0.8451,1,1
172,28,1379.24,383.71,39.73,37.05,0.7809,1,1
172,29,1340.54,552.82,30.96,38.97,0.8104,1,1
172,31,1395.01,593.51,26.16,44.30,0.8466,1,1
172,33,878.16,307.66,21.28,31.44,0.2683,1,1
173,1,1364.52,346.38,77.13,41.31,0.8882,1,1
173,3,1129.27,94.60,30.23,26.97,0.7230,1,1
173,4,875.00,210.17,45.18,40.33,0.8722,1,1
173,18,1525.21,403.35,75.49,55.27,0.8498,1,1
173,28,1379.11,383.75,40.13,36.97,0.7803,1,1
173,29,1340.96,552.83,30.46,38.59,0.8091,1,1
173,31,1394.76,593.54,26.65,44.28,0.8448,1,1
173,33,878.26,307.57,21.18,31.42,0.2832,1,1
174,1,1364.17,346.33,77.55,41.23,0.8859,1,1
174,3,1128.99,94.34,30.45,26.79,0.7400,1,1
174,4,875.40,209.47,44.82,41.09,0.8748,1,1
174,18,1522.99,402.00,74.41,54.39,0.8661,1,1
174,28,1378.83,383.88,39.89,36.66,0.7669,1,1
174,29,1341.35,552.71,30.55,38.77,0.8170,1,1
174,31,1395.72,593.92,26.43,43.75,0.8357,1,1
175,1,1364.10,346.39,78.17,41.33,0.8872,1,1
175,3,1128.92,94.21,30.69,26.89,0.7695,1,1
175,4,875.71,209.68,44.09,40.75,0.8762,1,1
175,18,1522.25,401.63,74.51,54.11,0.8375,1,1
175,28,1378.81,383.82,39.57,36.43,0.7692,1,1
175,29,1341.93,553.68,30.50,38.77,0.8182,1,1
175,31,1395.66,594.30,26.57,43.83,0.8349,1,1
176,1,1364.07,346.42,78.51,41.41,0.8854,1,1
176,3,1129.38,93.77,30.89,27.32,0.8087,1,1
176,4,875.64,209.90,44.00,40.29,0.8754,1,1
176,18,1521.02,401.52,75.14,53.89,0.8598,1,1
176,28,1379.53,383.92,39.06,36.05,0.7573,1,1
176,29,1341.76,554.30,31.63,40.87,0.8235,1,1
176,31,1395.77,595.22,26.48,43.79,0.8108,1,1
177,1,1364.04,346.54,78.98,41.34,0.8862,1,1
177,3,1130.29,93.45,30.53,26.45,0.8467,1,1
177,4,875.85,210.03,44.25,39.98,0.8791,1,1
177,18,1519.80,401.08,76.76,54.08,0.8594,1,1
177,28,1379.60,384.02,39.05,36.11,0.7556,1,1
177,29,1342.33,554.58,31.07,40.38,0.8214,1,1
177,31,1395.64,596.09,26.35,44.04,0.8132,1,1
178,1,1363.73,346.43,79.40,41.56,0.8867,1,1
178,3,1130.78,91.41,31.37,27.38,0.8588,1,1
178,4,875.69,209.42,44.43,40.07,0.8804,1,1
178,18,1519.37,399.82,77.21,53.46,0.8594,1,1
178,28,1380.04,384.23,38.75,35.96,0.7559,1,1
178,29,1341.46,553.08,31.08,40.45,0.8262,1,1
178,31,1396.28,597.14,25.63,43.44,0.7895,1,1
179,1,1363.76,346.46,79.38,41.53,0.8868,1,1
179,3,1130.85,91.37,31.28,27.41,0.8589,1,1
179,4,875.67,209.41,44.48,40.07,0.8804,1,1
179,18,1519.14,399.78,78.25,53.57,0.8593,1,1
179,28,1380.24,384.28,38.62,35.91,0.7599,1,1
179,29,1341.46,553.03,31.07,40.49,0.8261,1,1
179,31,1396.44,597.05,25.40,43.40,0.7902,1,1
180,1,1363.46,346.50,77.32,41.67,0.8947,1,1
180,3,1132.28,89.70,30.68,27.73,0.8798,1,1
180,4,876.49,209.00,44.67,41.08,0.8829,1,1
180,18,1516.47,397.53,82.48,57.58,0.8485,1,1
180,28,1379.53,384.83,38.29,35.45,0.7170,1,1
180,29,1338.34,551.56,31.54,39.07,0.8121,1,1
180,31,1396.99,596.18,25.19,43.27,0.8142,1,1
181,1,1364.30,346.56,76.72,42.65,0.8960,1,1
181,3,1132.49,89.82,30.18,27.58,0.8785,1,1
181,4,876.58,209.16,44.68,41.47,0.8838,1,1
181,18,1516.27,397.35,82.20,58.12,0.8533,1,1
181,28,1378.18,385.05,39.20,36.45,0.6675,1,1
181,29,1338.08,551.83,30.37,35.74,0.8162,1,1
181,31,1397.15,596.07,24.89,43.26,0.8102,1,1
182,1,1365.58,349.04,73.12,40.82,0.8913,1,1
182,3,1132.73,89.87,29.72,27.21,0.8822,1,1
182,4,876.95,209.25,44.47,41.34,0.8824,1,1
182,18,1515.81,397.29,80.90,57.47,0.8567,1,1
182,28,1377.85,385.49,38.94,36.87,0.7567,1,1
182,29,1339.27,549.91,30.66,35.17,0.7773,1,1
182,31,1396.76,596.58,24.68,43.26,0.8064,1,1
183,1,1365.33,349.24,73.07,40.87,0.8903,1,1
183,3,1133.18,88.49,29.65,26.99,0.8886,1,1
183,4,876.96,208.61,44.76,41.88,0.8828,1,1
183,18,1514.71,397.33,78.32,56.90,0.8754,1,1
183,28,1377.78,385.69,38.58,37.11,0.7419,1,1
183,29,1340.07,546.88,30.17,35.23,0.6394,1,1
183,31,1395.74,597.37,24.59,42.47,0.8106,1,1
184,1,1365.16,349.28,72.98,41.05,0.8932,1,1
184,3,1133.29,86.98,28.55,26.47,0.8907,1,1
184,4,877.65,209.22,44.37,41.42,0.8823,1,1
184,18,1514.97,396.74,79.21,56.56,0.8816,1,1
184,28,1378.26,385.88,37.78,36.73,0.7563,1,1
184,29,1342.92,544.36,28.31,32.48,0.6635,1,1
184,31,1395.09,597.25,24.87,42.71,0.8252,1,1
185,1,1365.28,349.27,72.79,41.07,0.8930,1,1
185,3,1133.40,86.97,28.32,26.46,0.8909,1,1
185,4,877.62,209.24,44.35,41.41,0.8825,1,1
185,18,1514.63,396.71,79.51,56.50,0.8818,1,1
185,28,1378.55,385.95,37.51,36.67,0.7574,1,1
185,29,1343.09,544.16,28.60,32.31,0.6608,1,1
185,31,1395.22,597.01,24.76,42.51,0.8230,1,1
186,1,1365.45,349.17,73.38,41.32,0.8896,1,1
186,3,1130.36,86.28,29.48,26.47,0.8799,1,1
186,4,879.58,209.35,43.55,42.54,0.8882,1,1
186,18,1512.87,395.88,81.03,57.22,0.8705,1,1
186,28,1379.09,386.40,36.79,35.82,0.6936,1,1
186,31,1394.88,596.49,24.86,43.24,0.8125,1,1
187,1,1365.43,349.11,73.43,41.67,0.8882,1,1
187,3,1129.22,86.13,29.56,25.82,0.8633,1,1
187,4,880.01,208.96,43.02,43.96,0.8897,1,1
187,18,1511.99,395.73,81.09,57.21,0.8719,1,1
187,28,1379.47,386.75,36.86,35.63,0.7260,1,1
187,31,1394.73,596.44,24.64,43.34,0.8073,1,1
188,1,1365.42,348.96,73.82,42.08,0.8891,1,1
188,3,1128.01,85.82,29.25,24.66,0.8448,1,1
188,4,881.06,209.21,42.16,43.97,0.8924,1,1
188,18,1510.73,396.25,82.97,58.68,0.8707,1,1
188,28,1378.09,386.85,37.73,35.97,0.6972,1,1
188,31,1394.74,596.74,24.51,43.36,0.8085,1,1
189,1,1365.10,348.99,74.17,42.20,0.8894,1,1
189,3,1127.10,84.56,29.47,23.13,0.8546,1,1
189,4,881.13,208.93,42.10,44.15,0.8926,1,1
189,18,1511.34,396.19,82.13,58.35,0.8560,1,1
189,28,1378.61,387.75,37.66,35.28,0.7083,1,1
189,31,1394.30,597.69,24.24,42.48,0.8138,1,1
190,1,1364.40,349.28,74.15,41.54,0.8878,1,1
190,3,1126.03,84.23,29.63,22.04,0.8331,1,1
190,4,881.42,208.93,41.82,43.31,0.8928,1,1
190,18,1510.75,395.79,82.30,58.95,0.8460,1,1
190,28,1378.17,387.85,37.86,35.02,0.6734,1,1
190,31,1393.94,599.93,24.78,43.55,0.8356,1,1
191,1,1364.19,349.28,74.59,41.52,0.8878,1,1
191,3,1125.58,84.25,30.48,22.00,0.8333,1,1
191,4,881.09,209.09,42.26,43.41,0.8954,1,1
191,18,1511.04,395.83,82.00,58.87,0.8402,1,1
191,28,1377.79,387.72,38.37,35.17,0.6792,1,1
191,31,1393.93,600.07,24.71,43.48,0.8360,1,1
192,1,1362.86,348.45,77.13,42.64,0.8911,1,1
192,3,1123.86,85.33,30.10,21.05,0.8290,1,1
192,4,882.12,209.77,42.11,42.83,0.8928,1,1
192,18,1506.07,395.01,73.66,59.75,0.8558,1,1
192,28,1378.18,387.92,38.43,35.00,0.6675,1,1
192,31,1394.50,600.71,23.93,42.17,0.8304,1,1
193,1,1362.26,348.82,75.87,42.87,0.8914,1,1
193,3,1124.11,84.99,29.96,20.36,0.8246,1,1
193,4,882.01,210.99,42.28,42.45,0.8918,1,1
193,18,1506.35,394.98,71.08,62.22,0.8454,1,1
193,28,1377.97,388.83,37.95,34.00,0.6022,1,1
193,31,1393.97,603.91,25.05,42.89,0.8352,1,1
194,1,1362.76,349.05,75.19,42.74,0.8896,1,1
194,3,1124.15,83.96,29.68,19.79,0.7723,1,1
194,4,881.69,211.21,42.98,42.58,0.8878,1,1
194,18,1505.75,394.93,68.41,63.71,0.8643,1,1
194,28,1376.95,388.83,39.38,34.64,0.6555,1,1
194,31,1392.29,607.84,24.32,42.05,0.6240,1,1
195,1,1362.37,349.03,75.80,42.95,0.8890,1,1
195,3,1124.04,82.53,30.43,20.07,0.8075,1,1
195,4,882.16,211.02,43.15,43.30,0.8857,1,1
195,18,1504.94,395.25,69.06,65.37,0.7785,1,1
195,28,1376.91,389.24,39.95,34.30,0.7292,1,1
195,31,1391.25,611.63,23.53,41.45,0.7697,1,1
196,1,1362.25,349.09,75.70,42.97,0.8895,1,1
196,3,1123.73,82.56,30.87,20.02,0.8313,1,1
196,4,882.26,211.16,43.14,43.30,0.8828,1,1
196,18,1505.35,396.32,69.53,66.59,0.7262,1,1
196,28,1377.00,389.40,40.44,34.17,0.7303,1,1
196,31,1390.96,613.91,24.75,43.57,0.7762,1,1
197,1,1362.24,349.10,75.69,42.97,0.8910,1,1
197,3,1123.59,82.49,31.23,20.11,0.8337,1,1
197,4,882.21,211.19,43.21,43.36,0.8829,1,1
197,18,1505.98,396.35,69.12,66.93,0.7769,1,1
197,28,1376.73,389.33,41.09,34.32,0.7359,1,1
197,31,1390.88,613.90,24.88,43.78,0.7814,1,1
198,1,1362.90,351.33,74.57,41.18,0.8803,1,1
198,3,1124.04,81.71,30.34,19.31,0.8403,1,1
198,4,882.45,211.01,43.25,43.77,0.8803,1,1
198,18,1505.66,398.62,68.45,69.16,0.8814,1,1
198,28,1378.35,390.18,39.68,33.25,0.7104,1,1
198,31,1391.55,621.30,22.88,40.49,0.3849,1,1
199,1,1362.10,352.30,74.23,40.84,0.8780,1,1
199,3,1124.21,81.40,30.37,19.12,0.8399,1,1
199,4,883.10,211.05,43.00,44.07,0.8735,1,1
199,18,1506.41,400.66,66.56,68.43,0.8811,1,1
199,28,1377.09,389.95,40.14,33.86,0.7516,1,1
199,31,1394.33,626.78,22.51,39.84,0.2986,1,1
200,1,1361.81,352.49,74.41,41.21,0.8782,1,1
200,3,1125.10,81.04,30.33,18.50,0.8377,1,1
200,4,883.12,210.70,43.16,44.86,0.8722,1,1
200,18,1506.86,401.69,66.41,68.99,0.8823,1,1
200,28,1376.07,390.02,40.36,34.32,0.7537,1,1
200,31,1397.92,630.01,22.51,38.84,0.5978,1,1
201,1,1362.08,352.54,74.76,41.47,0.8771,1,1
201,3,1125.58,80.42,31.18,18.43,0.8390,1,1
201,4,883.44,210.68,43.37,44.95,0.8754,1,1
201,18,1507.36,401.65,66.62,69.98,0.8735,1,1
201,28,1378.00,391.77,38.63,33.03,0.7177,1,1
202,1,1362.31,352.58,74.76,41.49,0.8776,1,1
202,3,1125.70,79.47,31.83,18.58,0.8330,1,1
202,4,883.35,210.68,43.81,45.01,0.8781,1,1
202,18,1507.95,402.28,65.48,69.45,0.8659,1,1
202,28,1379.25,392.27,37.98,32.57,0.7461,1,1
202,31,1400.42,639.23,24.22,41.69,0.2598,1,1
203,1,1362.41,352.62,74.81,41.39,0.8766,1,1
203,3,1125.51,79.43,32.01,18.57,0.8336,1,1
203,4,883.52,210.89,43.82,44.99,0.8782,1,1
203,18,1508.12,402.72,64.70,68.82,0.8675,1,1
203,28,1379.49,392.26,37.83,32.56,0.7420,1,1
204,1,1362.14,352.68,74.66,41.49,0.8776,1,1
204,3,1126.85,79.31,32.62,18.95,0.8563,1,1
204,4,884.13,210.78,43.60,44.89,0.8756,1,1
204,18,1509.28,403.96,65.13,69.04,0.8635,1,1
204,28,1379.60,393.17,36.79,31.62,0.7753,1,1
205,1,1362.17,352.75,74.63,41.79,0.8789,1,1
205,3,1128.49,78.62,32.50,19.41,0.8354,1,1
205,4,884.71,210.92,43.97,44.68,0.8713,1,1
205,18,1508.75,404.84,65.53,69.45,0.8615,1,1
205,28,1380.07,393.56,36.37,31.00,0.7776,1,1
206,1,1362.10,352.91,73.91,41.77,0.8787,1,1
206,3,1128.91,78.68,32.12,19.35,0.8437,1,1
206,4,884.75,210.91,44.37,44.79,0.8727,1,1
206,18,1509.12,405.75,65.08,68.10,0.8665,1,1
206,28,1379.40,393.66,36.76,30.98,0.7762,1,1
206,31,1408.01,649.15,24.29,42.17,0.5857,1,1
206,36,1407.05,491.59,28.97,23.81,0.7879,1,1
207,1,1361.87,352.95,73.73,41.71,0.8792,1,1
207,3,1129.77,79.15,31.86,18.86,0.8445,1,1
207,4,884.85,211.13,44.49,44.46,0.8725,1,1
207,18,1509.21,405.59,64.99,67.76,0.8640,1,1
207,28,1379.11,393.52,36.91,30.88,0.7747,1,1
207,31,1409.25,652.47,23.42,40.79,0.2710,1,1
207,36,1402.15,489.12,33.72,27.91,0.6864,1,1
208,1,1361.61,352.87,73.84,41.66,0.8765,1,1
208,3,1130.95,79.14,31.55,18.98,0.8551,1,1
208,4,885.66,212.05,43.99,43.88,0.8689,1,1
208,18,1509.25,405.86,65.04,67.51,0.8711,1,1
208,28,1378.43,392.87,37.42,31.37,0.7743,1,1
208,36,1407.47,490.10,31.30,26.21,0.5987,1,1
209,1,1361.56,352.88,73.94,41.66,0.8765,1,1
209,3,1131.12,79.15,31.27,18.97,0.8551,1,1
209,4,885.64,212.07,44.03,43.86,0.8690,1,1
209,18,1509.20,405.89,65.13,67.48,0.8714,1,1
209,28,1378.52,392.91,37.31,31.32,0.7755,1,1
209,36,1408.25,490.31,30.62,25.94,0.6083,1,1
210,1,1361.07,352.77,74.85,41.84,0.8744,1,1
210,3,1133.67,80.01,30.24,19.20,0.7940,1,1
210,4,886.04,212.04,43.68,43.84,0.8674,1,1
210,18,1508.97,406.38,64.90,66.62,0.8745,1,1
210,28,1378.25,392.62,38.37,32.02,0.7127,1,1
210,36,1407.32,490.16,30.57,25.97,0.6341,1,1
211,1,1359.96,352.82,75.60,42.29,0.8746,1,1
211,3,1134.71,80.57,29.29,19.55,0.7905,1,1
211,4,886.03,211.45,43.61,43.79,0.8657,1,1
211,18,1509.00,407.19,65.10,66.92,0.8809,1,1
211,28,1376.99,392.83,38.76,32.08,0.6587,1,1
211,31,1411.23,657.69,22.51,38.92,0.2896,1,1
211,36,1407.55,490.21,30.19,25.75,0.6381,1,1
212,1,1359.03,352.75,75.48,42.34,0.8734,1,1
212,3,1135.95,80.57,28.47,19.41,0.7730,1,1
212,4,886.61,211.65,43.00,43.37,0.8600,1,1
212,18,1508.94,407.40,66.20,68.67,0.8825,1,1
212,28,1376.38,392.64,39.04,32.07,0.6792,1,1
212,31,1411.31,657.76,22.17,37.95,0.2724,1,1
212,36,1408.33,490.56,28.99,24.91,0.7079,1,1
213,1,1358.74,352.53,75.49,42.29,0.8713,1,1
213,3,1136.68,80.84,27.64,19.09,0.8146,1,1
213,4,886.55,210.49,42.76,44.21,0.8491,1,1
213,18,1508.83,407.69,65.85,68.30,0.8832,1,1
213,28,1375.43,392.27,39.40,32.30,0.7047,1,1
213,31,1411.31,655.94,23.09,39.95,0.3976,1,1
213,36,1407.72,490.76,29.31,25.21,0.6729,1,1
214,1,1358.85,352.61,75.22,42.06,0.8713,1,1
214,3,1136.78,80.93,27.53,19.13,0.8161,1,1
214,4,887.02,209.75,42.02,44.34,0.8375,1,1
214,18,1508.45,407.45,67.18,70.00,0.8782,1,1
214,28,1374.38,391.93,39.97,32.76,0.7029,1,1
214,31,1411.41,655.39,22.75,39.63,0.4927,1,1
214,36,1409.69,490.57,28.90,24.93,0.6711,1,1
215,1,1358.78,352.64,75.38,42.02,0.8704,1,1
215,3,1136.83,80.96,27.39,19.09,0.8157,1,1
215,4,887.38,209.70,41.54,44.19,0.8301,1,1
215,18,1508.43,407.41,66.77,69.88,0.8773,1,1
215,28,1374.54,391.91,39.93,32.78,0.7036,1,1
215,31,1411.53,655.63,22.63,39.62,0.4678,1,1
215,36,1409.98,490.60,28.69,24.79,0.6758,1,1
216,1,1359.51,352.97,74.64,41.57,0.8708,1,1
216,3,1136.85,81.40,27.48,19.30,0.7907,1,1
216,4,887.04,209.63,42.19,44.93,0.8178,1,1
216,18,1506.99,407.51,68.91,71.02,0.8772,1,1
216,28,1373.81,392.21,40.01,32.79,0.7315,1,1
216,31,1411.89,655.01,22.60,39.35,0.5714,1,1
216,36,1407.38,489.29,30.78,26.47,0.7244,1,1
217,1,1359.46,353.60,74.41,41.46,0.8697,1,1
217,3,1137.08,81.42,27.25,19.32,0.7847,1,1
217,4,887.35,208.89,41.85,44.71,0.8252,1,1
217,18,1505.79,407.96,70.31,70.52,0.8841,1,1
217,28,1373.60,392.07,40.21,32.86,0.7280,1,1
217,36,1405.91,488.02,31.74,27.74,0.6345,1,1
218,1,1359.67,353.86,73.97,41.69,0.8685,1,1
218,3,1137.32,81.47,26.87,18.97,0.7944,1,1
218,4,886.61,208.09,41.43,44.43,0.7924,1,1
218,18,1504.77,407.42,72.24,71.03,0.8817,1,1
218,28,1373.33,391.97,40.42,33.12,0.7369,1,1
218,36,1408.78,487.89,30.67,27.70,0.7673,1,1
219,1,1360.92,353.82,73.45,41.21,0.8662,1,1
219,3,1137.34,81.64,26.54,18.68,0.7822,1,1
219,4,886.30,206.49,40.98,44.60,0.7898,1,1
219,18,1502.79,407.23,70.17,68.95,0.8874,1,1
219,28,1372.58,391.31,41.34,33.98,0.7246,1,1
219,36,1407.84,489.21,29.45,26.43,0.6022,1,1
220,1,1362.02,354.02,73.50,41.15,0.8646,1,1
220,3,1137.26,81.64,26.19,18.49,0.7806,1,1
220,4,886.71,206.07,40.08,43.59,0.8366,1,1
220,18,1499.36,406.48,72.09,69.69,0.8873,1,1
220,28,1369.80,387.38,45.01,38.56,0.7368,1,1
221,1,1361.98,354.07,73.50,41.08,0.8645,1,1
221,3,1137.46,81.48,26.19,18.70,0.7764,1,1
221,4,886.54,206.15,40.34,43.83,0.8439,1,1
221,18,1499.07,406.47,72.49,69.63,0.8879,1,1
221,28,1370.20,387.13,44.07,38.83,0.7348,1,1
222,1,1360.99,355.54,76.71,44.57,0.8712,1,1
222,3,1136.78,80.07,26.45,19.87,0.7956,1,1
222,4,886.89,206.31,39.69,43.03,0.8229,1,1
222,18,1493.74,405.46,72.88,69.98,0.8796,1,1
222,28,1369.16,389.02,43.78,40.51,0.7363,1,1
222,31,1415.32,667.01,22.32,35.91,0.6038,1,1
223,1,1361.95,355.84,74.89,45.13,0.8713,1,1
223,3,1137.48,80.32,24.99,18.87,0.7829,1,1
223,4,886.16,204.57,39.28,42.85,0.5893,1,1
223,18,1489.82,404.36,75.65,71.89,0.8807,1,1
223,28,1369.74,388.51,43.54,41.84,0.7273,1,1
223,31,1415.19,670.25,22.79,34.90,0.5726,1,1
224,1,1362.05,355.83,74.68,46.43,0.8712,1,1
224,3,1137.22,80.36,24.26,18.65,0.8065,1,1
224,4,886.88,203.34,37.76,41.43,0.4210,1,1
224,18,1488.19,404.59,74.59,71.38,0.8847,1,1
224,28,1370.00,389.23,43.00,42.14,0.6301,1,1
224,31,1415.35,673.05,23.27,35.05,0.4444,1,1
225,1,1362.50,356.02,74.17,47.88,0.8711,1,1
225,3,1136.77,80.36,23.76,18.71,0.8301,1,1
225,4,886.89,202.55,38.21,42.39,0.5628,1,1
225,18,1486.06,404.32,74.30,71.22,0.8813,1,1
225,28,1370.00,389.45,43.11,42.76,0.5000,1,1
225,31,1415.89,674.42,23.46,34.38,0.4859,1,1
226,1,1362.81,357.21,75.01,51.14,0.8749,1,1
226,3,1136.45,80.58,23.88,18.73,0.8331,1,1
226,4,887.14,201.40,38.25,42.83,0.3895,1,1
226,18,1484.87,404.38,74.46,70.71,0.8808,1,1
226,28,1370.48,391.06,43.20,43.13,0.3677,1,1
226,31,1416.60,675.85,22.75,32.63,0.3228,1,1
227,1,1363.65,357.25,73.17,51.20,0.8763,1,1
227,3,1136.39,80.59,23.92,18.73,0.8336,1,1
227,4,887.40,201.16,37.93,42.81,0.3837,1,1
227,18,1484.68,404.33,74.77,70.79,0.8827,1,1
227,28,1370.81,391.48,42.89,43.11,0.3692,1,1
227,31,1416.64,676.34,22.81,32.13,0.3024,1,1
228,1,1365.03,361.37,70.09,49.85,0.8729,1,1
228,3,1134.96,80.43,24.29,19.30,0.7968,1,1
228,4,886.06,199.44,37.56,42.81,0.5544,1,1
228,18,1483.35,404.11,75.86,70.23,0.8787,1,1
228,28,1370.40,393.15,41.56,41.84,0.3258,1,1
228,31,1416.95,677.49,24.22,33.20,0.4463,1,1
228,38,1378.84,398.73,37.33,38.58,0.4605,1,1
229,1,1365.66,362.81,68.85,49.06,0.8698,1,1
229,3,1132.53,81.78,24.34,19.08,0.7091,1,1
229,4,885.20,198.78,38.15,43.55,0.6355,1,1
229,18,1482.98,404.00,76.98,70.83,0.8792,1,1
229,28,1369.11,394.99,40.71,41.09,0.3510,1,1
229,38,1376.46,399.74,37.95,38.74,0.4018,1,1
230,1,1366.48,364.79,68.36,48.26,0.8776,1,1
230,3,1130.16,85.78,24.20,18.69,0.5604,1,1
230,4,884.68,197.94,38.63,43.93,0.6682,1,1
230,18,1481.94,403.33,77.15,70.70,0.8776,1,1
230,28,1372.56,397.20,41.43,41.81,0.5436,1,1
230,40,1339.79,579.47,28.85,47.34,0.7781,1,1
231,1,1366.77,364.88,68.47,48.42,0.8771,1,1
231,3,1126.69,86.80,25.60,19.27,0.6451,1,1
231,18,1481.45,402.86,77.01,70.48,0.8746,1,1
231,31,1420.40,676.53,25.80,34.84,0.3180,1,1
231,38,1376.39,402.38,37.22,37.22,0.5421,1,1
231,40,1337.88,579.24,28.09,46.50,0.7888,1,1
232,1,1366.65,365.00,68.57,48.76,0.8756,1,1
232,3,1126.10,88.92,25.73,19.00,0.6465,1,1
232,4,884.52,194.77,36.20,40.66,0.3468,1,1
232,18,1480.75,402.21,76.24,70.06,0.8741,1,1
232,28,1374.56,401.83,38.09,37.76,0.4716,1,1
232,40,1337.43,578.69,28.17,46.63,0.8046,1,1
233,1,1367.19,364.61,69.07,49.54,0.8769,1,1
233,3,1125.34,89.06,25.79,18.92,0.6357,1,1
233,4,884.33,194.39,36.19,40.09,0.4357,1,1
233,18,1480.62,402.16,76.12,69.76,0.8763,1,1
233,28,1371.94,397.23,42.10,42.34,0.4802,1,1
233,40,1336.92,578.37,27.91,47.04,0.7990,1,1
234,1,1364.21,364.58,70.41,49.73,0.8743,1,1
234,3,1122.83,95.09,23.50,17.18,0.7434,1,1
234,4,884.85,189.76,37.78,39.73,0.8077,1,1
234,18,1480.14,401.54,75.28,68.16,0.8745,1,1
234,28,1368.54,395.98,42.80,44.03,0.5797,1,1
234,40,1336.47,578.91,26.77,47.25,0.7994,1,1
235,1,1362.64,363.80,71.82,50.60,0.8736,1,1
235,3,1121.14,95.69,23.83,17.31,0.5411,1,1
235,4,884.68,187.69,37.42,36.57,0.8652,1,1
235,18,1479.95,401.36,74.37,66.99,0.8729,1,1
235,28,1367.93,395.75,42.22,44.06,0.5892,1,1
235,40,1336.72,578.57,25.92,47.66,0.7890,1,1
236,1,1361.28,360.41,73.46,51.78,0.8681,1,1
236,4,883.53,184.84,36.83,35.39,0.8625,1,1
236,18,1479.26,400.70,75.05,67.50,0.8724,1,1
236,28,1368.07,396.15,40.53,42.49,0.4062,1,1
236,40,1336.74,577.79,25.50,48.46,0.7906,1,1
236,41,1480.44,444.97,36.36,42.29,0.5740,1,1
236,43,1110.72,106.89,35.82,28.49,0.6657,1,1
237,1,1360.82,357.43,72.53,50.46,0.8711,1,1
237,4,883.43,184.35,35.09,32.25,0.8806,1,1
237,18,1478.32,399.26,75.55,67.14,0.8756,1,1
237,28,1368.73,395.68,38.99,41.04,0.2967,1,1
237,40,1337.16,578.15,24.77,48.03,0.8045,1,1
237,41,1480.19,445.32,34.02,39.43,0.4893,1,1
237,43,1109.05,106.30,35.06,28.06,0.7731,1,1
238,1,1359.73,356.16,72.09,48.35,0.8829,1,1
238,4,883.31,182.10,35.98,33.36,0.8966,1,1
238,18,1478.30,398.53,74.75,65.49,0.8834,1,1
238,28,1370.71,395.87,37.64,39.73,0.4020,1,1
238,40,1336.57,577.48,25.00,48.37,0.8032,1,1
238,41,1479.66,444.54,35.07,40.76,0.6057,1,1
238,43,1110.03,107.67,35.00,26.86,0.7449,1,1
238,44,879.98,306.04,26.85,33.67,0.4012,1,1
239,1,1359.20,356.14,73.12,48.30,0.8830,1,1
239,4,883.37,182.08,35.88,33.38,0.8966,1,1
239,18,1478.03,398.51,75.24,65.58,0.8831,1,1
239,28,1371.17,395.91,37.25,39.43,0.3974,1,1
239,40,1336.50,577.60,24.95,48.27,0.8026,1,1
239,41,1479.71,444.43,35.15,40.90,0.6005,1,1
239,43,1109.64,107.76,35.87,26.76,0.7445,1,1
239,44,879.84,305.93,26.72,33.65,0.4023,1,1
240,1,1356.52,354.46,73.58,46.47,0.8798,1,1
240,4,881.00,177.70,37.28,31.94,0.8993,1,1
240,18,1478.33,398.78,74.77,63.74,0.8790,1,1
240,28,1370.62,392.76,36.51,38.59,0.3124,1,1
240,40,1337.56,576.79,24.35,47.83,0.8011,1,1
240,41,1479.80,443.79,35.15,40.91,0.4793,1,1
240,43,1113.38,105.72,30.25,22.05,0.6164,1,1
240,44,878.67,301.91,25.73,32.19,0.4343,1,1
240,45,1138.33,121.63,17.18,22.90,0.3131,1,1
241,1,1353.52,352.20,73.70,44.75,0.8758,1,1
241,4,881.12,174.53,37.77,30.57,0.8822,1,1
241,18,1478.01,398.89,75.18,63.55,0.8781,1,1
241,28,1368.16,392.02,36.04,37.07,0.6276,1,1
241,40,1337.55,576.76,23.85,46.56,0.8117,1,1
241,41,1479.10,443.09,35.10,40.88,0.4927,1,1
241,43,1113.24,104.89,28.53,20.46,0.6790,1,1
241,44,880.40,299.28,23.09,28.58,0.3059,1,1
241,45,1137.74,120.13,17.93,24.38,0.4134,1,1
242,1,1350.68,348.48,74.53,45.88,0.8882,1,1
242,4,879.79,172.40,39.11,29.42,0.8797,1,1
242,18,1477.45,397.53,76.09,64.68,0.8813,1,1
242,28,1368.86,389.57,36.79,37.61,0.4283,1,1
242,40,1336.64,575.83,24.62,48.25,0.7814,1,1
242,41,1478.38,442.51,35.07,41.15,0.4910,1,1
242,43,1115.10,104.10,25.04,17.36,0.6883,1,1
243,1,1348.94,346.66,74.01,45.39,0.9002,1,1
243,4,879.00,171.38,38.60,28.22,0.8685,1,1
243,18,1477.35,397.28,76.07,64.67,0.8731,1,1
243,28,1367.89,388.32,36.90,37.38,0.3093,1,1
243,40,1335.27,573.21,25.71,48.49,0.8277,1,1
243,41,1478.55,442.07,33.85,39.91,0.4639,1,1
243,43,1114.99,104.12,24.84,16.86,0.6564,1,1
244,1,1348.36,346.34,74.40,45.45,0.9031,1,1
244,4,877.33,168.81,39.31,28.31,0.8311,1,1
244,18,1477.49,397.09,75.49,63.35,0.8739,1,1
244,28,1365.80,387.63,38.47,38.48,0.4654,1,1
244,40,1335.86,572.53,25.79,48.39,0.8320,1,1
244,41,1478.67,441.40,34.90,41.36,0.4882,1,1
244,43,1115.45,105.41,24.42,16.07,0.6778,1,1
245,1,1348.30,346.37,73.78,45.24,0.9024,1,1
245,4,876.98,168.46,39.70,28.50,0.8301,1,1
245,18,1477.20,397.26,75.79,63.00,0.8757,1,1
245,28,1366.77,387.37,38.61,38.12,0.5177,1,1
245,40,1336.70,571.62,26.42,47.18,0.8258,1,1
245,41,1478.79,440.46,34.82,41.31,0.3658,1,1
245,43,1117.22,105.01,23.52,15.22,0.4816,1,1
245,47,868.02,278.77,16.93,25.90,0.2979,1,1
246,1,1347.91,346.15,72.87,45.18,0.9004,1,1
246,4,873.42,161.06,41.49,31.26,0.8763,1,1
246,18,1476.33,398.00,75.63,62.62,0.8778,1,1
246,28,1367.81,386.67,38.78,38.27,0.4899,1,1
246,40,1340.25,566.36,27.11,47.88,0.7611,1,1
246,41,1478.90,441.34,35.32,41.45,0.3723,1,1
246,43,1116.73,104.95,24.14,15.23,0.5307,1,1
247,1,1347.05,343.61,73.63,47.55,0.9056,1,1
247,4,873.06,159.28,39.51,29.56,0.8836,1,1
247,18,1473.94,397.72,77.19,62.60,0.8687,1,1
247,28,1369.39,386.27,37.74,37.35,0.5831,1,1
247,40,1342.40,564.58,27.41,46.87,0.7908,1,1
247,43,1115.10,105.53,25.66,16.12,0.5817,1,1
248,1,1347.15,342.72,72.84,48.14,0.9066,1,1
248,4,871.28,157.61,39.36,30.12,0.8881,1,1
248,18,1472.98,397.57,78.19,62.59,0.8684,1,1
248,28,1369.69,386.31,36.53,36.42,0.6324,1,1
248,40,1344.32,562.91,28.63,48.04,0.8041,1,1
248,41,1477.25,442.32,35.87,41.88,0.2669,1,1
248,43,1115.17,105.62,25.56,15.99,0.5514,1,1
249,1,1348.24,342.65,71.34,47.87,0.9040,1,1
249,4,870.14,153.76,38.11,29.77,0.8659,1,1
249,18,1472.16,396.73,77.45,61.48,0.8724,1,1
249,28,1371.81,385.67,36.18,36.00,0.6016,1,1
249,40,1345.18,560.49,30.28,49.48,0.8157,1,1
249,43,1115.41,105.40,25.49,15.89,0.5508,1,1
250,1,1349.19,343.41,70.28,47.95,0.9068,1,1
250,4,868.79,152.24,39.31,30.99,0.8681,1,1
250,18,1469.54,397.90,79.04,64.42,0.8739,1,1
250,28,1372.01,387.31,33.79,33.48,0.5860,1,1
250,40,1347.47,559.67,30.55,49.34,0.8088,1,1
250,43,1114.50,105.96,27.07,16.96,0.6024,1,1
251,1,1350.12,343.49,69.10,47.26,0.9042,1,1
251,4,868.88,152.30,39.19,30.76,0.8608,1,1
251,18,1470.92,397.89,77.00,62.73,0.8741,1,1
251,28,1371.80,386.97,34.26,33.85,0.5869,1,1
251,40,1347.31,560.31,31.89,51.28,0.8076,1,1
251,43,1113.35,106.52,29.33,18.71,0.6527,1,1
252,1,1354.65,343.90,66.47,48.58,0.9030,1,1
252,4,868.95,146.89,36.55,27.10,0.8527,1,1
252,18,1468.04,399.44,77.31,63.38,0.8838,1,1
252,28,1372.45,387.83,35.24,34.45,0.7217,1,1
252,40,1356.10,567.92,26.38,44.02,0.7562,1,1
252,41,1469.07,445.51,34.67,40.60,0.3195,1,1
252,43,1113.30,106.43,29.65,18.96,0.6024,1,1
253,1,1355.83,342.20,66.16,52.46,0.9079,1,1
253,4,866.99,143.59,36.85,27.00,0.7974,1,1
253,18,1466.44,399.76,77.34,63.31,0.8888,1,1
253,28,1374.08,388.94,33.38,32.60,0.4681,1,1
253,40,1357.70,570.48,24.22,41.91,0.7587,1,1
253,41,1466.34,446.07,34.72,40.05,0.4091,1,1
253,43,1113.28,106.57,29.89,19.17,0.5871,1,1
254,1,1358.43,341.48,63.90,54.60,0.9129,1,1
254,4,864.90,141.76,36.34,26.91,0.8136,1,1
254,18,1462.77,400.21,78.58,63.11,0.8690,1,1
254,40,1358.78,577.02,22.36,39.26,0.7806,1,1
254,41,1461.92,445.20,35.95,40.99,0.4458,1,1
254,43,1113.28,106.53,29.76,19.19,0.5902,1,1
254,51,1417.19,685.40,29.61,36.56,0.8195,1,1
255,1,1359.70,341.55,63.24,56.88,0.9113,1,1
255,4,863.97,141.02,37.10,27.51,0.8226,1,1
255,18,1458.71,400.37,80.75,64.73,0.8659,1,1
255,40,1358.68,578.17,22.46,39.95,0.7868,1,1
255,41,1459.49,445.01,35.05,39.40,0.4129,1,1
255,43,1113.09,106.34,29.87,19.36,0.6377,1,1
255,51,1411.63,686.39,30.65,38.65,0.8136,1,1
255,52,872.57,164.22,21.33,19.89,0.4293,1,1
256,1,1360.15,341.22,62.56,58.94,0.9150,1,1
256,4,863.83,140.31,37.41,28.07,0.8411,1,1
256,18,1457.25,401.17,78.87,64.71,0.8655,1,1
256,40,1356.30,578.87,24.38,43.46,0.6768,1,1
256,41,1455.19,445.41,38.58,43.23,0.4129,1,1
256,43,1112.11,106.62,31.07,20.35,0.6394,1,1
256,51,1408.14,686.85,30.89,41.49,0.8780,1,1
256,52,871.40,163.56,22.16,20.33,0.4376,1,1
257,1,1360.57,341.21,61.52,59.00,0.9155,1,1
257,4,863.48,139.23,37.71,29.15,0.8483,1,1
257,18,1457.68,401.13,77.99,64.89,0.8657,1,1
257,40,1356.24,578.69,24.28,43.30,0.6472,1,1
257,41,1454.39,445.58,39.21,43.80,0.4249,1,1
257,43,1112.08,106.64,30.94,20.45,0.6393,1,1
257,51,1408.39,686.65,30.32,41.71,0.8789,1,1
257,52,871.07,163.61,22.26,20.03,0.4422,1,1
258,1,1361.77,341.05,60.95,60.48,0.9155,1,1
258,4,863.14,137.77,36.49,29.30,0.8695,1,1
258,18,1453.65,403.89,77.04,67.88,0.8567,1,1
258,40,1353.70,574.88,26.59,48.18,0.5806,1,1
258,41,1448.22,445.60,39.53,43.10,0.5548,1,1
258,43,1111.72,106.79,31.15,21.05,0.7064,1,1
258,51,1396.60,686.34,34.26,49.53,0.8247,1,1
258,52,870.33,161.88,22.65,20.08,0.3513,1,1
259,1,1361.65,338.68,61.08,63.19,0.9163,1,1
259,4,862.93,135.31,35.43,29.78,0.8705,1,1
259,18,1450.14,405.61,74.61,65.70,0.8631,1,1
259,40,1353.97,575.90,25.77,47.19,0.6751,1,1
259,41,1443.27,444.37,38.36,42.32,0.6522,1,1
259,43,1111.53,107.41,30.74,21.15,0.6954,1,1
259,51,1390.06,690.24,32.58,45.53,0.8495,1,1
259,52,869.93,159.84,22.03,19.40,0.2855,1,1
260,1,1361.75,337.63,60.46,63.94,0.9156,1,1
260,4,862.63,133.01,33.80,29.43,0.8579,1,1
260,18,1446.04,405.85,77.00,63.91,0.8495,1,1
260,40,1353.70,576.62,25.77,47.71,0.7534,1,1
260,41,1440.51,444.67,38.13,42.75,0.6714,1,1
260,43,1114.60,103.71,27.47,19.00,0.2790,1,1
260,51,1383.62,691.04,33.64,46.78,0.8670,1,1
260,52,871.23,156.01,20.80,17.97,0.3540,1,1
261,1,1361.88,336.74,60.15,64.51,0.9110,1,1
261,4,863.41,132.65,32.91,28.13,0.8570,1,1
261,18,1442.59,406.30,79.71,62.38,0.8419,1,1
261,40,1353.85,577.73,25.11,46.97,0.7570,1,1
261,41,1437.15,445.79,40.15,45.47,0.6704,1,1
261,51,1376.34,685.64,36.37,51.27,0.8109,1,1
261,52,871.63,153.74,21.65,18.50,0.3813,1,1
261,54,1113.65,101.61,30.56,18.39,0.3176,1,1
262,1,1362.03,336.67,59.65,63.97,0.9103,1,1
262,4,863.37,131.62,34.11,29.10,0.8642,1,1
262,18,1441.02,408.99,82.74,60.91,0.8756,1,1
262,40,1354.28,579.24,24.51,45.94,0.7446,1,1
262,41,1434.55,445.92,38.93,44.86,0.5629,1,1
262,51,1369.63,683.23,31.90,41.53,0.8609,1,1
262,52,872.47,153.64,21.55,18.14,0.3904,1,1
262,54,1111.65,96.42,34.58,21.65,0.4395,1,1
263,1,1362.07,336.70,59.62,63.98,0.9105,1,1
263,4,863.35,131.61,34.19,29.19,0.8647,1,1
263,18,1439.72,408.89,83.60,60.23,0.8790,1,1
263,40,1354.33,579.36,24.40,45.78,0.7424,1,1
263,41,1434.77,446.00,37.82,44.60,0.6651,1,1
263,51,1368.87,683.04,32.88,41.60,0.8602,1,1
263,52,872.52,153.75,21.82,18.13,0.4015,1,1
263,54,1111.95,95.49,34.09,22.23,0.4270,1,1
263,55,1230.42,486.99,24.23,26.80,0.3152,1,1
264,1,1359.60,334.10,58.81,64.02,0.9041,1,1
264,4,865.25,128.82,34.10,27.48,0.8577,1,1
264,18,1430.04,409.19,83.76,61.59,0.8692,1,1
264,40,1357.05,571.26,25.72,46.24,0.7362,1,1
264,41,1429.71,446.38,43.57,50.13,0.8061,1,1
264,54,1114.76,95.29,31.44,21.30,0.4080,1,1
265,1,1359.83,332.25,57.41,62.80,0.9028,1,1
265,4,866.55,127.58,35.17,25.89,0.8439,1,1
265,18,1425.29,408.45,82.75,62.22,0.8688,1,1
265,40,1357.01,570.50,26.11,43.38,0.7585,1,1
265,41,1427.00,445.87,43.24,50.02,0.8079,1,1
265,54,1119.41,94.74,26.65,18.29,0.4047,1,1
266,1,1357.99,330.92,57.18,62.32,0.9056,1,1
266,4,866.90,127.45,36.13,25.65,0.8350,1,1
266,18,1422.75,407.73,81.16,61.95,0.8778,1,1
266,40,1355.21,568.62,27.56,43.92,0.7530,1,1
266,41,1422.66,446.04,41.76,47.37,0.7475,1,1
266,54,1119.42,94.38,28.76,20.19,0.3059,1,1
266,56,1334.97,645.65,32.48,51.58,0.5678,1,1
267,1,1356.65,330.38,57.03,60.89,0.8995,1,1
267,4,867.29,126.59,37.11,25.21,0.8388,1,1
267,18,1419.04,407.56,80.88,61.55,0.8752,1,1
267,40,1352.55,564.30,27.72,40.97,0.6995,1,1
267,41,1417.65,446.03,41.42,45.87,0.7347,1,1
267,55,1225.28,497.28,25.34,28.82,0.4947,1,1
268,1,1353.99,329.52,57.15,60.77,0.8813,1,1
268,4,868.63,125.69,38.53,25.15,0.8426,1,1
268,18,1414.69,408.02,80.72,63.86,0.8832,1,1
268,40,1348.08,562.42,27.96,40.00,0.6491,1,1
268,41,1415.33,449.48,41.70,45.50,0.6327,1,1
268,55,1225.51,499.12,24.81,28.62,0.3292,1,1
269,1,1353.86,329.52,57.34,60.77,0.8798,1,1
269,4,868.30,125.58,39.39,25.18,0.8410,1,1
269,18,1415.32,408.01,79.53,63.96,0.8817,1,1
269,40,1347.30,562.22,28.65,39.95,0.6383,1,1
269,41,1415.06,449.96,42.10,45.33,0.6204,1,1
270,1,1346.58,324.92,57.41,61.00,0.8885,1,1
270,4,871.21,123.41,40.97,25.99,0.8357,1,1
270,18,1404.46,408.39,80.05,65.29,0.9023,1,1
270,40,1340.39,561.17,28.11,38.47,0.4531,1,1
270,41,1400.70,447.33,45.10,50.02,0.7734,1,1
270,55,1225.44,500.43,26.61,31.80,0.5808,1,1
271,1,1342.99,322.31,57.51,61.42,0.9057,1,1
271,4,872.98,123.24,41.57,25.10,0.8438,1,1
271,18,1399.35,407.38,79.38,65.84,0.8801,1,1
271,41,1396.10,449.56,44.11,48.18,0.7651,1,1
271,47,852.57,226.35,16.62,23.28,0.3908,1,1
271,55,1225.58,500.65,25.95,31.42,0.5337,1,1
272,1,1338.64,321.07,55.69,58.89,0.9070,1,1
272,4,873.38,123.41,42.11,25.14,0.8361,1,1
272,18,1396.37,407.90,79.42,64.99,0.8807,1,1
272,41,1389.45,449.35,41.05,46.27,0.8144,1,1
272,55,1226.10,500.45,25.06,30.71,0.5249,1,1
273,1,1332.67,319.44,57.33,57.86,0.9076,1,1
273,4,876.10,124.54,42.04,23.70,0.8238,1,1
273,18,1389.36,409.26,79.48,65.60,0.9000,1,1
273,41,1383.28,449.16,41.19,47.59,0.7629,1,1
273,55,1225.79,499.57,25.27,31.34,0.7150,1,1
273,61,1293.26,559.33,32.90,33.42,0.4063,1,1
274,1,1325.93,314.96,58.28,60.51,0.9081,1,1
274,4,876.61,121.17,45.19,25.30,0.8204,1,1
274,18,1380.04,410.02,80.66,64.00,0.9088,1,1
274,41,1376.16,446.67,43.58,51.50,0.7659,1,1
274,55,1225.78,498.78,24.18,30.06,0.7673,1,1
274,61,1277.98,552.96,33.40,38.63,0.7445,1,1
275,1,1326.13,314.92,57.82,60.64,0.9089,1,1
275,4,876.54,121.09,45.43,25.33,0.8208,1,1
275,18,1379.45,410.07,81.65,63.88,0.9090,1,1
275,41,1376.19,446.54,43.16,51.73,0.7650,1,1
275,55,1225.80,498.72,24.15,30.05,0.7700,1,1
275,61,1278.75,552.68,30.59,38.77,0.7462,1,1
275,64,1314.66,564.79,33.31,33.67,0.7459,1,1
275,66,1133.79,77.98,24.05,19.85,0.4751,1,1
276,1,1315.45,311.55,59.96,59.51,0.9169,1,1
276,4,877.76,119.07,46.06,25.76,0.7557,1,1
276,18,1365.28,407.64,83.18,65.46,0.8864,1,1
276,41,1365.21,446.85,42.09,49.95,0.6128,1,1
276,55,1223.84,496.96,23.73,29.57,0.3047,1,1
276,66,1135.60,78.02,23.31,18.44,0.6162,1,1
276,68,1103.76,167.93,14.25,23.78,0.3340,1,1
277,1,1311.58,310.59,60.50,57.04,0.8827,1,1
277,4,879.06,118.85,46.05,25.86,0.7507,1,1
277,18,1359.46,405.61,88.42,68.18,0.8704,1,1
277,41,1353.36,441.44,45.39,54.71,0.6874,1,1
277,54,1132.84,71.95,31.50,22.86,0.3238,1,1
277,66,1135.95,77.75,24.23,18.55,0.5877,1,1
277,68,1104.45,167.10,14.60,24.63,0.2874,1,1
278,1,1309.84,308.98,61.64,57.25,0.7484,1,1
278,4,879.97,118.98,46.04,25.71,0.7290,1,1
278,18,1348.80,405.40,81.10,64.52,0.8731,1,1
278,41,1347.34,441.60,41.61,48.08,0.6899,1,1
278,70,1108.98,174.15,11.37,20.59,0.6612,1,1
279,1,1307.93,308.79,62.36,55.70,0.8223,1,1
279,4,881.97,119.72,46.36,25.75,0.7278,1,1
279,18,1340.94,401.95,82.80,66.66,0.8644,1,1
279,41,1337.94,436.85,46.80,53.62,0.7981,1,1
279,66,1136.43,76.81,27.13,20.72,0.3148,1,1
279,70,1109.52,172.48,11.97,21.83,0.6927,1,1
279,71,1074.52,79.14,26.75,17.56,0.4730,1,1
280,1,1307.23,308.82,63.24,55.50,0.8006,1,1
280,4,882.08,119.79,46.60,25.76,0.7267,1,1
280,18,1341.00,401.86,82.27,66.77,0.8650,1,1
280,41,1337.64,436.70,47.26,53.81,0.7998,1,1
280,66,1136.58,76.83,27.43,20.89,0.3581,1,1
280,70,1109.56,172.49,11.89,21.77,0.6932,1,1
280,71,1074.61,79.26,26.85,17.67,0.4567,1,1
281,1,1302.90,308.59,62.93,54.25,0.8525,1,1
281,4,883.21,118.05,46.49,25.51,0.8181,1,1
281,18,1329.13,395.03,77.00,61.55,0.8815,1,1
281,41,1326.57,432.36,44.16,50.23,0.6664,1,1
281,54,1137.20,71.07,29.80,19.33,0.7321,1,1
281,70,1113.21,174.30,11.99,22.29,0.5171,1,1
281,71,1076.78,80.80,27.38,18.53,0.6866,1,1
282,1,1302.72,308.53,63.12,53.56,0.8710,1,1
282,4,883.90,117.42,48.09,26.08,0.8213,1,1
282,18,1322.08,392.40,77.55,61.82,0.8848,1,1
282,41,1317.15,432.09,43.08,48.81,0.7950,1,1
282,54,1136.84,71.34,30.81,19.37,0.7769,1,1
282,70,1115.40,175.60,11.07,20.44,0.5088,1,1
282,71,1079.33,81.39,26.53,18.37,0.6999,1,1
283,1,1302.77,308.44,62.99,53.25,0.8661,1,1
283,4,884.16,117.20,49.46,26.39,0.8226,1,1
283,18,1315.33,391.62,76.72,59.00,0.8923,1,1
283,41,1310.42,430.32,46.25,50.89,0.8105,1,1
283,54,1136.70,71.48,31.60,20.27,0.7950,1,1
283,70,1114.59,176.72,11.23,20.66,0.6768,1,1
283,71,1081.51,81.57,26.10,18.87,0.7292,1,1
283,77,1250.78,563.76,24.36,33.91,0.4630,1,1
284,1,1303.20,309.93,63.26,52.43,0.8677,1,1
284,4,884.94,117.21,50.17,26.33,0.8207,1,1
284,18,1307.21,391.89,77.09,57.39,0.8861,1,1
284,41,1304.24,427.98,47.28,51.81,0.7880,1,1
284,54,1136.92,71.42,31.62,20.80,0.8024,1,1
284,70,1113.81,176.03,11.20,20.03,0.6466,1,1
284,71,1081.56,82.45,25.48,19.06,0.7556,1,1
285,1,1303.69,310.03,64.57,52.03,0.8638,1,1
285,4,885.81,115.98,50.05,26.27,0.8257,1,1
285,18,1301.97,391.08,77.78,57.04,0.8761,1,1
285,41,1296.98,425.48,47.28,51.61,0.8317,1,1
285,54,1137.38,71.43,31.35,20.73,0.8229,1,1
285,70,1115.24,178.84,11.09,19.47,0.7179,1,1
285,71,1082.24,83.69,24.00,18.12,0.7717,1,1
286,1,1303.31,310.02,65.52,52.04,0.8651,1,1
286,4,885.81,115.73,50.17,26.37,0.8249,1,1
286,18,1301.65,391.16,78.30,57.00,0.8762,1,1
286,41,1296.75,425.38,47.46,51.70,0.8326,1,1
286,54,1137.48,71.45,31.24,20.70,0.8242,1,1
286,70,1115.30,178.95,11.23,19.49,0.7200,1,1
286,71,1082.42,83.71,23.69,17.97,0.7717,1,1
286,82,1262.62,682.70,31.80,43.78,0.8451,1,1
287,1,1303.85,309.16,66.83,53.80,0.7414,1,1
287,4,887.50,115.62,49.74,26.10,0.8255,1,1
287,18,1287.42,392.08,79.68,58.32,0.8877,1,1
287,41,1282.93,426.43,47.52,52.77,0.8116,1,1
287,54,1137.55,71.55,31.15,20.85,0.8018,1,1
287,70,1116.57,180.21,10.90,18.23,0.6169,1,1
287,71,1084.70,83.97,24.61,18.70,0.7666,1,1
288,1,1306.23,310.20,64.82,52.32,0.8030,1,1
288,4,887.70,115.52,49.18,25.57,0.8257,1,1
288,18,1281.95,393.36,79.63,58.18,0.8855,1,1
288,41,1278.27,425.47,49.20,55.47,0.7314,1,1
288,54,1137.82,71.53,30.87,20.74,0.8039,1,1
288,70,1116.52,180.53,11.53,18.67,0.6507,1,1
288,71,1085.57,84.67,24.13,18.61,0.7685,1,1
289,1,1306.27,309.15,65.47,53.77,0.8591,1,1
289,4,888.30,114.81,49.58,25.77,0.8290,1,1
289,18,1276.20,393.00,79.70,59.02,0.8812,1,1
289,41,1270.68,428.40,50.07,53.69,0.8449,1,1
289,54,1137.97,71.50,30.69,20.50,0.8121,1,1
289,70,1116.44,181.09,11.60,18.19,0.6547,1,1
289,71,1085.96,84.95,23.80,18.64,0.7755,1,1
289,84,1311.48,694.66,23.02,38.08,0.8957,1,1
290,1,1305.95,309.18,64.81,54.05,0.8701,1,1
290,4,888.75,115.29,48.68,25.35,0.8227,1,1
290,18,1268.97,395.54,79.25,58.08,0.8723,1,1
290,41,1262.15,430.74,50.69,53.14,0.8429,1,1
290,54,1137.19,71.67,31.82,21.36,0.7999,1,1
290,70,1116.24,182.06,11.71,17.96,0.6459,1,1
290,71,1086.20,85.96,23.32,18.37,0.7740,1,1
290,84,1318.35,696.96,24.22,36.86,0.8416,1,1
290,86,1142.35,87.05,23.71,19.30,0.4493,1,1
290,87,1089.92,94.08,18.32,25.94,0.4889,1,1
291,1,1304.40,310.01,64.11,53.48,0.8619,1,1
291,4,889.43,115.41,49.09,25.46,0.8214,1,1
291,18,1261.05,397.89,81.02,60.96,0.8790,1,1
291,41,1254.85,432.39,53.10,59.96,0.8902,1,1
291,54,1136.67,71.78,32.35,21.94,0.7638,1,1
291,70,1116.06,184.24,12.02,18.32,0.5121,1,1
291,71,1085.67,86.13,24.39,19.49,0.7959,1,1
291,84,1327.95,698.47,24.71,35.13,0.8282,1,1
291,86,1143.13,87.64,23.19,18.93,0.3759,1,1
291,87,1090.37,95.19,17.65,24.88,0.6128,1,1
292,1,1304.46,310.11,64.13,53.48,0.8677,1,1
292,4,889.49,115.34,49.30,25.48,0.8220,1,1
292,18,1261.33,397.95,80.15,60.97,0.8778,1,1
292,41,1255.44,432.41,51.77,59.92,0.8880,1,1
292,54,1136.86,71.79,32.06,21.94,0.7637,1,1
292,70,1116.05,184.56,12.04,18.22,0.5104,1,1
292,71,1086.17,86.08,23.57,18.79,0.7938,1,1
292,84,1327.77,698.19,25.62,35.09,0.8271,1,1
292,86,1143.34,87.56,22.98,18.81,0.3596,1,1
292,87,1090.40,95.28,17.62,24.79,0.5978,1,1
292,89,1153.28,566.49,26.81,34.98,0.5861,1,1
293,1,1299.65,310.39,61.92,54.08,0.8752,1,1
293,4,891.00,114.59,50.03,25.77,0.8322,1,1
293,18,1246.88,400.75,82.52,64.20,0.8797,1,1
293,41,1243.30,440.08,49.61,57.07,0.8112,1,1
293,54,1136.97,71.75,31.86,21.79,0.7828,1,1
293,70,1116.81,182.50,11.27,16.60,0.4202,1,1
293,71,1085.97,86.10,23.87,19.11,0.7755,1,1
293,84,1336.09,694.08,28.24,37.83,0.8604,1,1
293,87,1090.19,95.22,17.65,24.89,0.5564,1,1
294,1,1298.21,309.87,61.27,54.25,0.8879,1,1
294,4,891.71,114.52,49.92,25.81,0.8324,1,1
294,18,1242.32,401.91,81.32,63.96,0.8740,1,1
294,41,1234.46,441.49,48.81,58.05,0.8067,1,1
294,54,1136.72,71.73,32.13,22.14,0.7800,1,1
294,70,1116.89,181.65,11.47,16.53,0.3835,1,1
294,71,1085.67,85.99,24.20,19.44,0.7875,1,1
294,84,1336.52,690.91,30.25,40.60,0.8443,1,1
294,86,1143.83,87.72,22.95,18.88,0.2518,1,1
294,87,1089.66,95.52,17.54,24.52,0.6173,1,1
295,1,1296.34,311.07,60.53,53.98,0.8830,1,1
295,4,891.71,114.51,49.76,25.84,0.8341,1,1
295,18,1234.95,403.55,82.00,63.18,0.8680,1,1
295,41,1230.25,442.69,48.40,57.52,0.7925,1,1
295,54,1136.99,71.75,31.71,21.92,0.7825,1,1
295,70,1115.74,182.65,12.65,18.39,0.5318,1,1
295,71,1085.24,85.85,24.86,20.12,0.8216,1,1
295,84,1336.63,690.73,30.11,39.73,0.8694,1,1
295,86,1144.58,88.08,22.76,18.96,0.2810,1,1
295,87,1089.08,97.38,16.72,22.68,0.5445,1,1
295,90,1107.67,574.37,37.48,40.15,0.3366,1,1
296,1,1294.37,312.42,60.37,55.71,0.9027,1,1
296,4,891.94,114.56,49.48,25.84,0.8333,1,1
296,18,1228.51,405.26,83.59,64.62,0.8752,1,1
296,41,1224.80,446.75,50.80,56.95,0.8213,1,1
296,54,1137.02,71.76,31.20,21.65,0.7862,1,1
296,70,1115.98,183.94,12.16,17.52,0.5409,1,1
296,71,1084.39,86.65,25.17,20.11,0.8325,1,1
296,84,1335.84,692.07,29.59,38.92,0.8639,1,1
296,86,1145.59,88.71,21.76,18.44,0.3303,1,1
296,87,1089.04,99.54,15.74,20.72,0.2732,1,1
296,90,1101.50,582.23,37.98,40.98,0.5552,1,1
297,1,1291.90,314.35,59.02,55.73,0.9146,1,1
297,4,892.28,114.72,49.61,26.23,0.8357,1,1
297,18,1221.97,408.63,85.29,65.35,0.8825,1,1
297,41,1216.12,449.04,49.30,55.71,0.7978,1,1
297,54,1137.09,71.77,31.17,21.70,0.7839,1,1
297,70,1116.08,183.89,12.25,17.51,0.5204,1,1
297,71,1083.75,87.06,25.50,20.24,0.8312,1,1
297,86,1146.16,88.86,21.20,18.31,0.3507,1,1
297,87,1089.51,99.71,16.09,20.54,0.3647,1,1
297,90,1096.81,593.22,32.77,37.38,0.8128,1,1
298,1,1292.24,314.33,58.51,55.65,0.9133,1,1
298,4,892.43,114.72,49.26,26.21,0.8348,1,1
298,18,1221.90,408.70,85.35,65.19,0.8820,1,1
298,41,1215.85,448.97,49.08,55.82,0.7973,1,1
298,54,1137.15,71.77,31.24,21.73,0.7871,1,1
298,70,1116.04,183.70,12.32,17.51,0.5416,1,1
298,71,1083.68,87.04,25.51,20.19,0.8302,1,1
298,86,1146.41,88.96,20.88,18.29,0.3101,1,1
298,87,1089.54,99.61,16.50,20.58,0.3413,1,1
298,90,1096.96,593.48,31.92,37.24,0.8096,1,1
299,1,1284.57,315.44,61.28,56.95,0.8860,1,1
299,4,893.20,114.70,48.98,26.09,0.8401,1,1
299,18,1206.80,408.92,86.98,66.97,0.8949,1,1
299,41,1206.79,452.66,49.51,55.91,0.8002,1,1
299,54,1137.44,71.74,30.72,21.27,0.8110,1,1
299,70,1115.87,182.13,13.21,18.88,0.5274,1,1
299,71,1082.58,86.91,25.82,20.21,0.8273,1,1
299,86,1145.19,88.47,21.29,18.86,0.3762,1,1
299,87,1087.57,100.48,16.35,19.78,0.2529,1,1
299,90,1090.07,605.46,32.03,39.50,0.8114,1,1
300,1,1275.74,316.67,67.07,58.34,0.8969,1,1
300,4,893.28,114.70,49.23,26.28,0.8446,1,1
300,18,1201.62,409.60,86.48,68.01,0.8876,1,1
300,41,1198.76,453.94,49.54,54.49,0.8167,1,1
300,54,1137.30,71.79,31.18,21.66,0.8053,1,1
300,70,1115.86,184.14,13.17,18.85,0.4576,1,1
300,71,1082.68,86.81,25.18,19.78,0.8243,1,1
300,90,1088.03,607.36,33.60,43.59,0.8061,1,1
301,1,1269.54,320.11,67.54,58.60,0.8824,1,1
301,4,893.16,114.66,49.53,26.55,0.8445,1,1
301,18,1196.70,412.60,83.23,65.73,0.8991,1,1
301,41,1192.99,454.68,52.78,57.80,0.8476,1,1
301,54,1137.46,71.83,31.56,21.94,0.7861,1,1
301,70,1116.81,187.39,12.23,17.15,0.2660,1,1
301,71,1081.60,87.31,25.75,20.48,0.8289,1,1
301,87,1086.24,102.05,16.20,18.77,0.2582,1,1
301,90,1087.38,610.39,34.36,47.42,0.7925,1,1
302,1,1262.01,322.80,67.03,61.05,0.8822,1,1
302,4,893.25,114.79,49.33,26.54,0.8439,1,1
302,18,1188.49,414.42,83.28,63.74,0.9013,1,1
302,41,1186.31,456.84,53.49,60.21,0.8650,1,1
302,54,1137.70,71.81,31.82,22.09,0.7830,1,1
302,71,1080.29,87.74,26.25,21.10,0.8366,1,1
302,86,1146.01,89.13,20.60,18.20,0.2851,1,1
302,90,1087.90,614.41,30.77,44.39,0.7816,1,1
303,1,1255.42,324.84,67.41,60.60,0.8942,1,1
303,4,893.41,114.94,49.27,27.04,0.8429,1,1
303,18,1181.51,416.71,84.00,63.45,0.9013,1,1
303,41,1179.03,459.18,53.52,59.38,0.9021,1,1
303,54,1137.94,71.80,32.16,22.16,0.7910,1,1
303,70,1117.15,186.28,12.10,16.49,0.3123,1,1
303,71,1079.37,87.92,26.32,21.12,0.8333,1,1
304,1,1255.12,324.71,67.60,60.82,0.8944,1,1
304,4,893.73,114.96,48.83,27.06,0.8437,1,1
304,18,1181.21,416.67,84.49,63.52,0.9020,1,1
304,41,1178.85,459.20,53.67,59.37,0.9021,1,1
304,54,1137.87,71.80,32.31,22.14,0.7993,1,1
304,70,1117.05,185.95,12.40,16.48,0.3229,1,1
304,71,1079.26,87.97,26.30,21.09,0.8317,1,1
305,1,1249.84,328.34,67.95,59.43,0.8934,1,1
305,4,893.70,114.90,48.84,27.47,0.8426,1,1
305,18,1164.99,418.12,84.81,64.82,0.8705,1,1
305,41,1163.67,465.68,50.28,55.54,0.8715,1,1
305,54,1138.51,71.82,32.12,21.67,0.8318,1,1
305,70,1115.46,178.18,15.98,21.95,0.5562,1,1
305,71,1077.93,89.21,26.73,21.43,0.8372,1,1
305,86,1147.24,89.15,20.01,17.63,0.2991,1,1
306,1,1247.32,329.10,68.85,59.98,0.8937,1,1
306,4,893.86,115.09,48.63,27.63,0.8422,1,1
306,18,1155.43,420.73,82.07,64.73,0.8799,1,1
306,41,1155.77,468.69,52.63,55.74,0.7824,1,1
306,54,1138.09,71.84,32.44,21.83,0.8289,1,1
306,70,1115.59,178.32,16.67,23.18,0.5292,1,1
306,71,1076.54,91.01,27.80,21.79,0.8466,1,1
306,86,1146.33,89.28,18.86,16.26,0.2747,1,1
307,1,1245.82,330.05,68.59,59.30,0.8960,1,1
307,4,894.30,115.23,48.13,27.67,0.8371,1,1
307,18,1148.81,424.61,85.97,64.35,0.8642,1,1
307,41,1146.36,470.58,55.78,55.42,0.7978,1,1
307,54,1137.99,71.85,32.33,21.74,0.8278,1,1
307,70,1115.58,177.19,17.66,24.72,0.3528,1,1
307,71,1077.67,92.19,27.70,22.28,0.8613,1,1
307,95,1251.17,373.53,30.48,35.27,0.3476,1,1
308,1,1244.90,331.21,69.36,57.91,0.8918,1,1
308,4,894.64,115.35,47.24,27.15,0.8337,1,1
308,18,1135.23,427.22,87.81,60.91,0.8434,1,1
308,41,1130.88,473.97,62.75,61.42,0.8114,1,1
308,54,1138.12,71.87,32.27,21.53,0.8410,1,1
308,68,1118.58,177.44,11.61,18.92,0.2761,1,1
308,70,1115.86,175.14,16.75,23.48,0.4576,1,1
308,71,1077.91,95.27,26.67,21.26,0.8625,1,1
308,86,1145.21,88.42,20.09,16.99,0.3188,1,1
308,95,1248.90,373.35,32.23,36.84,0.3588,1,1
308,98,1235.49,586.54,30.80,38.55,0.8084,1,1
309,1,1242.87,331.79,69.72,57.06,0.8907,1,1
309,4,894.69,115.86,46.36,26.65,0.8309,1,1
309,18,1127.23,429.21,91.20,63.62,0.8514,1,1
309,41,1116.99,472.24,63.53,62.38,0.7663,1,1
309,54,1137.82,71.84,32.85,21.79,0.8316,1,1
309,70,1115.78,175.25,17.09,24.05,0.3636,1,1
309,71,1077.44,95.74,27.69,22.26,0.7815,1,1
309,86,1145.13,87.86,22.21,18.55,0.3970,1,1
309,95,1246.03,372.75,38.95,44.01,0.6381,1,1
309,98,1226.58,585.30,33.84,43.08,0.8111,1,1
309,100,1069.13,696.32,47.82,40.45,0.7612,1,1
310,1,1242.61,332.00,70.06,56.79,0.8918,1,1
310,4,894.67,115.78,46.32,26.63,0.8327,1,1
310,18,1127.12,429.32,91.31,63.83,0.8518,1,1
310,41,1116.42,472.25,63.26,62.23,0.7653,1,1
310,54,1137.74,71.85,32.92,21.79,0.8305,1,1
310,70,1115.78,175.19,17.13,24.23,0.4063,1,1
310,71,1077.56,95.76,27.67,22.44,0.7708,1,1
310,86,1145.08,87.62,22.67,18.72,0.3865,1,1
310,95,1246.01,372.85,39.63,44.39,0.6285,1,1
310,98,1226.44,585.12,33.74,43.37,0.8117,1,1
310,100,1066.20,696.16,52.90,40.33,0.7634,1,1
311,1,1238.26,336.15,68.05,52.31,0.8957,1,1
311,4,894.96,116.58,44.84,26.15,0.8183,1,1
311,18,1106.15,433.09,98.21,69.69,0.8983,1,1
311,41,1103.53,480.87,56.43,58.63,0.8758,1,1
311,54,1137.41,71.79,33.30,22.17,0.8041,1,1
311,70,1115.83,175.04,17.15,24.30,0.3931,1,1
311,71,1076.84,100.35,28.03,22.39,0.8244,1,1
311,95,1242.49,372.13,41.89,45.94,0.6640,1,1
311,98,1213.80,582.17,30.45,37.94,0.8354,1,1
312,1,1233.46,336.98,69.27,52.22,0.8932,1,1
312,4,894.97,117.49,43.52,25.70,0.8049,1,1
312,18,1097.87,433.74,95.97,70.45,0.8838,1,1
312,41,1094.97,481.83,52.63,55.54,0.8066,1,1
312,54,1137.11,71.81,32.91,22.12,0.7859,1,1
312,70,1115.94,174.63,17.18,24.32,0.3666,1,1
312,71,1076.91,101.53,28.04,22.13,0.8291,1,1
312,95,1237.74,372.81,41.81,45.09,0.5015,1,1
312,98,1208.41,578.48,30.83,38.86,0.7379,1,1
313,1,1230.08,338.30,70.21,51.69,0.8991,1,1
313,4,894.87,118.43,42.51,25.57,0.7826,1,1
313,18,1085.25,432.43,93.40,70.50,0.8984,1,1
313,41,1084.20,483.64,52.72,58.78,0.8911,1,1
313,54,1136.66,71.81,32.01,21.95,0.7549,1,1
313,68,1121.49,177.84,11.51,19.33,0.2745,1,1
313,70,1116.04,174.84,17.18,24.26,0.4157,1,1
313,71,1077.70,103.75,28.48,22.47,0.8424,1,1
313,95,1230.24,372.22,43.94,47.67,0.6990,1,1
313,98,1201.57,574.99,32.89,43.02,0.8135,1,1
313,101,1015.10,706.00,51.88,39.09,0.8732,1,1
313,102,908.68,138.12,21.37,24.46,0.3711,1,1
314,1,1227.42,340.32,71.51,51.34,0.8977,1,1
314,4,895.22,118.91,41.45,25.04,0.7529,1,1
314,18,1078.01,432.73,87.05,69.61,0.8805,1,1
314,41,1075.93,485.91,50.82,55.02,0.8426,1,1
314,54,1136.55,71.85,31.16,21.81,0.7345,1,1
314,70,1116.05,175.24,17.22,24.28,0.2666,1,1
314,71,1078.27,105.41,29.49,22.55,0.8505,1,1
314,95,1226.33,373.57,44.71,48.73,0.5177,1,1
314,98,1190.67,573.82,31.52,40.26,0.8413,1,1
314,101,1007.68,717.61,47.01,36.62,0.8539,1,1
314,102,908.80,137.85,20.90,23.82,0.3622,1,1
314,103,929.63,210.51,20.87,13.08,0.3821,1,1
315,1,1223.80,342.53,70.54,51.20,0.8932,1,1
315,4,894.97,119.34,40.49,24.81,0.6928,1,1
315,18,1067.80,433.10,87.36,67.83,0.8900,1,1
315,41,1065.26,487.30,51.94,54.41,0.8450,1,1
315,54,1136.09,71.82,30.93,22.06,0.6290,1,1
315,70,1115.88,174.66,17.35,24.50,0.2658,1,1
315,71,1078.62,105.74,30.58,22.73,0.8555,1,1
315,95,1220.51,369.39,48.68,53.61,0.2661,1,1
315,98,1181.69,571.43,32.05,40.45,0.8726,1,1
315,101,1005.18,726.96,48.73,41.12,0.8698,1,1
315,102,908.40,138.56,20.71,23.27,0.4696,1,1
315,103,929.62,211.11,20.95,12.98,0.3279,1,1
316,1,1223.94,342.61,70.19,51.17,0.8932,1,1
316,4,895.21,119.36,40.06,24.84,0.6902,1,1
316,18,1067.26,433.11,88.36,67.80,0.8897,1,1
316,41,1064.60,487.25,52.97,54.51,0.8453,1,1
316,54,1136.24,71.83,30.55,22.16,0.6250,1,1
316,70,1115.92,174.49,17.40,24.62,0.2844,1,1
316,71,1078.39,105.77,31.04,22.73,0.8550,1,1
316,95,1218.94,368.09,49.41,55.04,0.2546,1,1
316,98,1181.49,571.38,32.22,40.47,0.8726,1,1
316,101,1006.02,727.06,47.05,41.24,0.8709,1,1
316,102,908.32,138.68,20.95,23.25,0.4915,1,1
316,103,929.62,211.32,21.12,12.90,0.3051,1,1
317,1,1211.97,347.24,68.43,48.74,0.8975,1,1
317,4,894.96,120.24,39.39,25.01,0.7487,1,1
317,18,1048.08,432.90,93.54,70.90,0.8947,1,1
317,41,1045.11,483.46,52.91,57.84,0.8438,1,1
317,54,1135.12,71.84,29.66,22.31,0.6350,1,1
317,71,1079.09,106.44,30.85,22.61,0.8565,1,1
317,95,1208.11,372.01,43.97,52.28,0.7501,1,1
317,98,1163.69,566.96,31.89,39.59,0.8547,1,1
317,101,1010.22,747.80,50.33,47.94,0.8486,1,1
317,103,927.71,211.03,21.84,13.12,0.5055,1,1
317,104,1136.47,77.48,26.05,18.86,0.5481,1,1
318,1,1205.14,347.38,70.11,50.02,0.8915,1,1
318,4,894.41,120.67,39.11,25.60,0.7490,1,1
318,18,1035.89,433.22,96.42,73.54,0.9019,1,1
318,41,1037.70,488.90,54.27,57.78,0.8709,1,1
318,54,1135.05,71.81,28.89,22.76,0.6100,1,1
318,71,1079.96,107.01,29.93,22.35,0.8509,1,1
318,95,1202.81,374.60,39.29,47.28,0.4779,1,1
318,98,1156.10,567.03,26.69,32.53,0.5242,1,1
318,101,1021.27,757.23,46.63,47.20,0.8363,1,1
318,103,921.73,210.24,22.08,13.13,0.2556,1,1
318,104,1135.67,76.71,26.04,19.64,0.6464,1,1
319,1,1196.53,349.09,70.84,51.88,0.8934,1,1
319,4,894.74,122.10,37.37,25.53,0.8287,1,1
319,18,1027.82,436.31,93.79,69.91,0.8958,1,1
319,41,1029.28,490.35,55.48,57.65,0.8426,1,1
319,54,1134.47,71.87,28.90,23.19,0.3475,1,1
319,71,1080.10,108.55,30.70,23.66,0.8571,1,1
319,95,1195.63,377.50,42.18,51.02,0.4785,1,1
319,98,1147.42,561.00,27.40,32.18,0.5005,1,1
319,101,1034.20,761.31,43.18,47.82,0.8265,1,1
319,104,1135.70,77.43,24.10,19.07,0.7494,1,1
320,1,1192.18,351.81,69.40,51.12,0.8995,1,1
320,4,895.23,124.16,36.41,25.09,0.8162,1,1
320,18,1016.86,441.25,99.19,70.06,0.8874,1,1
320,41,1015.99,493.13,52.63,56.18,0.7972,1,1
320,54,1134.94,71.84,27.57,22.40,0.2505,1,1
320,71,1081.23,109.06,31.62,24.55,0.8655,1,1
320,95,1190.61,383.86,41.04,47.97,0.6290,1,1
320,98,1135.76,559.07,28.18,32.47,0.3513,1,1
320,101,1049.61,765.88,36.92,45.90,0.8274,1,1
320,104,1136.15,79.69,22.52,17.86,0.7129,1,1
321,1,1182.03,352.74,70.95,52.15,0.8852,1,1
321,4,894.97,124.20,36.29,25.23,0.8209,1,1
321,18,1005.72,443.73,98.54,71.52,0.8835,1,1
321,41,1007.64,495.84,55.64,58.64,0.8012,1,1
321,54,1135.80,71.74,25.25,20.68,0.3153,1,1
321,71,1082.26,108.81,30.52,24.16,0.8679,1,1
321,95,1180.37,383.75,39.86,47.83,0.5766,1,1
321,98,1127.37,556.97,30.48,32.40,0.6132,1,1
321,101,1057.80,766.18,38.68,50.45,0.8014,1,1
321,104,1135.95,79.51,21.60,17.06,0.4906,1,1
322,1,1181.82,352.70,70.97,52.16,0.8852,1,1
322,4,895.04,124.24,36.07,25.22,0.8217,1,1
322,18,1006.14,443.73,97.42,71.58,0.8841,1,1
322,41,1007.17,496.01,56.15,58.68,0.8016,1,1
322,54,1136.23,71.69,24.47,20.19,0.3180,1,1
322,71,1082.13,108.61,30.37,24.40,0.8690,1,1
322,95,1179.47,383.74,38.92,47.70,0.5731,1,1
322,98,1125.64,556.74,32.90,32.72,0.6489,1,1
322,101,1058.74,766.22,37.51,50.56,0.8017,1,1
322,104,1136.01,79.48,21.50,16.92,0.4688,1,1
322,108,912.10,227.50,18.97,16.43,0.3859,1,1
323,1,1165.97,352.47,70.83,51.98,0.8817,1,1
323,4,892.37,126.12,36.71,25.51,0.8197,1,1
323,18,984.52,449.65,102.80,73.98,0.8699,1,1
323,41,987.56,502.64,53.74,57.14,0.8777,1,1
323,70,1124.42,172.71,16.61,24.11,0.3622,1,1
323,71,1085.71,109.51,31.94,25.21,0.8743,1,1
323,95,1168.53,384.91,42.33,48.93,0.6541,1,1
323,98,1115.79,551.69,34.27,32.05,0.8242,1,1
323,102,899.31,148.48,21.89,23.39,0.3762,1,1
324,1,1155.46,352.70,70.38,52.60,0.8850,1,1
324,4,890.38,128.19,35.83,25.12,0.8289,1,1
324,18,975.50,452.44,103.23,75.11,0.8902,1,1
324,41,978.25,510.02,53.34,55.49,0.8325,1,1
324,71,1085.60,109.59,35.36,27.67,0.8632,1,1
324,95,1160.96,388.35,42.61,48.18,0.5382,1,1
324,98,1109.62,551.88,33.47,30.78,0.7148,1,1
324,102,897.39,150.55,21.97,22.88,0.2931,1,1
325,1,1148.14,351.43,65.13,51.17,0.8902,1,1
325,4,890.25,129.37,35.61,24.95,0.8332,1,1
325,18,964.36,456.76,103.51,73.19,0.8911,1,1
325,41,969.45,516.90,54.17,54.12,0.7996,1,1
325,71,1089.03,108.86,37.02,28.79,0.8169,1,1
325,95,1152.29,388.80,41.98,46.19,0.7510,1,1
325,98,1104.46,551.40,36.30,34.23,0.8136,1,1
325,112,1101.12,765.55,25.37,35.75,0.8397,1,1
326,1,1138.38,350.09,67.20,51.99,0.8899,1,1
326,4,889.52,130.49,36.33,25.23,0.8134,1,1
326,18,952.82,462.11,105.70,75.96,0.8652,1,1
326,41,956.92,518.77,59.34,56.86,0.8206,1,1
326,71,1090.53,108.04,39.91,30.26,0.8263,1,1
326,95,1136.07,383.99,43.25,47.97,0.7898,1,1
326,98,1100.30,553.22,39.55,38.66,0.8363,1,1
326,112,1100.96,762.68,27.00,37.17,0.8534,1,1
327,1,1134.08,348.53,66.68,52.59,0.8989,1,1
327,4,888.48,132.10,37.02,25.59,0.8325,1,1
327,18,944.32,466.79,105.12,76.41,0.8811,1,1
327,41,943.47,523.99,59.11,57.45,0.7507,1,1
327,71,1093.85,106.84,42.18,30.22,0.8066,1,1
327,95,1131.59,379.50,47.84,52.83,0.7404,1,1
327,98,1097.41,560.68,36.42,36.89,0.8661,1,1
327,112,1099.91,761.58,28.87,38.53,0.8560,1,1
328,1,1134.02,348.53,66.12,52.62,0.8964,1,1
328,4,888.41,132.25,37.15,25.56,0.8331,1,1
328,18,944.58,466.91,104.57,76.54,0.8812,1,1
328,41,943.09,524.31,58.43,57.50,0.7529,1,1
328,71,1094.03,106.33,44.64,30.86,0.8060,1,1
328,95,1130.62,378.84,48.44,53.58,0.7549,1,1
328,98,1097.50,560.84,35.81,36.78,0.8660,1,1
328,112,1099.90,762.72,28.78,37.34,0.8541,1,1
328,118,867.83,247.70,16.98,26.09,0.6903,1,1
329,1,1121.77,347.57,64.64,49.53,0.8889,1,1
329,4,885.34,138.23,38.88,27.88,0.8479,1,1
329,18,924.68,476.08,104.61,80.68,0.8914,1,1
329,41,926.47,535.77,57.67,56.23,0.7103,1,1
329,71,1097.45,106.43,43.14,30.84,0.8368,1,1
329,95,1114.83,374.00,44.43,54.94,0.8384,1,1
329,98,1093.37,572.14,32.49,36.40,0.8760,1,1
329,112,1089.51,749.09,38.21,49.02,0.7337,1,1
329,118,865.93,251.22,16.50,25.72,0.2790,1,1
330,1,1116.45,347.59,66.82,49.30,0.9007,1,1
330,4,884.48,141.39,38.09,27.80,0.7983,1,1
330,18,911.85,477.90,108.39,82.04,0.8809,1,1
330,41,914.09,539.97,60.07,57.98,0.7200,1,1
330,71,1098.69,107.51,42.16,31.26,0.8638,1,1
330,95,1112.26,374.79,44.51,55.91,0.8263,1,1
330,98,1092.09,580.94,31.74,37.51,0.8918,1,1
330,112,1084.96,752.22,39.32,46.68,0.7827,1,1
331,1,1111.68,348.06,68.54,48.92,0.8983,1,1
331,4,883.96,143.19,38.74,29.26,0.8406,1,1
331,18,903.48,484.35,108.02,82.85,0.8841,1,1
331,41,905.84,543.83,60.71,57.13,0.6987,1,1
331,71,1100.15,106.82,41.82,32.81,0.8652,1,1
331,95,1106.28,374.42,42.51,51.51,0.7224,1,1
331,98,1089.11,585.16,37.15,46.08,0.8359,1,1
331,122,797.86,720.89,36.18,52.05,0.8356,1,1
332,1,1103.92,347.37,67.72,48.23,0.8881,1,1
332,4,884.90,146.36,36.71,27.35,0.8667,1,1
332,18,892.77,488.68,108.65,83.84,0.8853,1,1
332,41,896.46,550.51,61.37,56.86,0.6994,1,1
332,71,1101.53,107.39,40.09,31.94,0.8611,1,1
332,95,1097.61,374.09,41.74,53.21,0.8187,1,1
332,98,1087.85,592.62,35.57,45.41,0.8278,1,1
332,122,794.07,724.38,35.01,52.30,0.8536,1,1
333,1,1099.46,347.21,66.95,47.55,0.8716,1,1
333,4,883.86,150.47,37.87,26.99,0.8819,1,1
333,18,884.74,491.60,109.49,84.95,0.8818,1,1
333,41,886.03,558.65,60.06,55.68,0.6570,1,1
333,68,1140.16,194.48,13.91,21.95,0.2836,1,1
333,71,1102.16,107.89,38.80,30.22,0.8478,1,1
333,95,1096.15,374.13,44.00,53.99,0.8464,1,1
333,98,1088.80,603.25,34.13,42.38,0.8621,1,1
333,122,789.86,729.43,31.19,48.30,0.8526,1,1
334,1,1099.34,347.28,67.06,47.55,0.8716,1,1
334,4,883.54,150.55,38.54,26.97,0.8816,1,1
334,18,884.77,491.63,109.25,84.97,0.8827,1,1
334,41,885.12,559.43,59.90,55.57,0.6565,1,1
334,68,1140.31,194.78,14.34,22.08,0.2888,1,1
334,71,1102.02,107.85,39.20,30.22,0.8495,1,1
334,95,1095.78,374.13,44.70,54.02,0.8480,1,1
334,98,1088.61,603.38,34.55,42.37,0.8632,1,1
334,122,790.00,730.24,30.21,47.59,0.8537,1,1
334,124,1106.51,134.65,29.12,23.67,0.4022,1,1
335,1,1088.50,347.98,68.28,48.75,0.8832,1,1
335,4,882.67,158.18,38.33,26.64,0.8710,1,1
335,18,862.03,499.51,112.96,87.27,0.8878,1,1
335,41,868.77,564.62,59.64,54.40,0.6413,1,1
335,71,1110.18,107.49,35.14,29.23,0.8649,1,1
335,95,1086.88,377.79,44.23,52.34,0.8408,1,1
335,98,1092.40,614.59,34.88,44.06,0.8611,1,1
335,122,779.46,729.86,30.64,49.11,0.8276,1,1
335,124,1110.47,133.38,28.87,24.69,0.6119,1,1
336,1,1082.73,347.81,68.81,50.79,0.8952,1,1
336,4,882.77,161.24,38.61,28.84,0.8712,1,1
336,18,853.98,503.30,110.93,88.64,0.8839,1,1
336,41,855.42,568.11,60.09,54.50,0.6954,1,1
336,71,1111.06,107.61,34.59,28.89,0.8671,1,1
336,95,1078.49,379.40,42.25,50.23,0.7397,1,1
336,98,1094.00,618.87,35.30,47.23,0.8595,1,1
336,122,773.99,728.68,30.38,49.55,0.8582,1,1
336,124,1112.56,133.08,28.16,24.74,0.4911,1,1
337,1,1075.33,348.95,68.89,52.01,0.8755,1,1
337,4,883.16,163.35,39.04,29.74,0.8437,1,1
337,18,842.62,508.21,111.82,88.47,0.8935,1,1
337,41,845.34,573.67,57.40,52.21,0.3046,1,1
337,71,1110.80,108.51,35.67,28.46,0.8659,1,1
337,95,1068.82,377.39,45.71,57.07,0.7760,1,1
337,98,1097.88,619.20,35.55,49.07,0.8115,1,1
337,122,768.53,728.99,28.08,45.27,0.8509,1,1
337,124,1112.62,133.64,28.20,25.56,0.4440,1,1
338,1,1066.94,351.31,68.70,51.45,0.8847,1,1
338,4,884.47,165.81,38.36,32.08,0.8851,1,1
338,18,831.86,512.15,110.66,88.31,0.8909,1,1
338,41,833.20,576.57,63.51,57.45,0.4539,1,1
338,71,1116.20,109.20,32.44,27.26,0.8354,1,1
338,95,1064.42,380.18,44.59,54.36,0.7807,1,1
338,98,1098.32,624.74,34.08,48.10,0.8161,1,1
338,122,762.03,727.77,28.60,44.05,0.8686,1,1
338,124,1116.02,132.90,28.27,26.80,0.6834,1,1
339,1,1060.46,353.20,69.67,51.28,0.8728,1,1
339,4,884.92,169.98,37.14,31.40,0.9005,1,1
339,18,816.20,517.33,115.61,90.14,0.8871,1,1
339,41,818.61,578.57,61.17,55.55,0.5691,1,1
339,71,1116.97,108.80,32.74,27.94,0.8442,1,1
339,95,1053.61,384.18,39.86,50.71,0.8085,1,1
339,98,1098.65,632.43,30.73,42.16,0.8337,1,1
339,122,755.54,723.83,28.42,42.74,0.8501,1,1
339,124,1117.92,132.91,26.74,25.59,0.5183,1,1
340,1,1060.11,353.22,70.13,51.25,0.8744,1,1
340,4,885.01,169.62,37.14,31.73,0.9014,1,1
340,18,815.46,517.27,116.86,90.33,0.8878,1,1
340,41,816.85,578.68,60.73,55.32,0.5649,1,1
340,71,1116.91,108.78,32.66,28.05,0.8425,1,1
340,95,1053.79,384.40,38.59,50.23,0.8028,1,1
340,98,1098.58,632.58,31.01,41.92,0.8313,1,1
340,122,755.24,723.65,28.80,42.79,0.8503,1,1
340,124,1118.30,133.13,25.89,24.93,0.5407,1,1
341,1,1048.04,357.23,70.08,52.55,0.8771,1,1
341,4,884.10,176.24,36.38,30.41,0.8606,1,1
341,18,791.26,523.04,116.11,90.31,0.8753,1,1
341,71,1119.90,109.34,31.39,27.38,0.8283,1,1
341,95,1042.53,388.38,36.75,49.02,0.7060,1,1
341,98,1095.62,634.11,32.99,46.64,0.8229,1,1
341,122,748.01,726.61,24.48,33.51,0.8486,1,1
341,124,1120.62,133.12,28.58,28.40,0.6806,1,1
342,1,1038.72,358.63,71.80,54.65,0.8685,1,1
342,4,884.65,181.22,36.17,31.52,0.8750,1,1
342,18,780.92,524.82,115.27,93.20,0.8715,1,1
342,71,1119.50,109.52,31.57,27.92,0.8137,1,1
342,95,1040.23,394.04,37.17,48.85,0.6872,1,1
342,98,1089.61,637.99,34.33,47.16,0.8011,1,1
342,122,742.16,720.81,28.03,36.21,0.8505,1,1
342,124,1122.39,132.78,27.90,28.85,0.7477,1,1
343,1,1034.11,359.20,69.83,54.12,0.8796,1,1
343,4,885.14,182.80,36.70,33.23,0.8612,1,1
343,18,764.39,530.16,115.06,92.14,0.8850,1,1
343,54,1121.21,86.64,23.48,18.06,0.3796,1,1
343,71,1122.13,109.99,29.96,27.25,0.8030,1,1
343,95,1027.94,391.56,39.93,52.84,0.4153,1,1
343,98,1081.92,639.58,35.28,46.45,0.7380,1,1
343,122,736.99,716.67,27.03,37.92,0.8188,1,1
343,124,1123.69,133.66,27.86,29.20,0.7141,1,1
344,1,1027.85,360.24,69.95,55.09,0.8913,1,1
344,4,881.98,183.38,40.16,35.38,0.8379,1,1
344,18,751.76,533.59,115.35,97.10,0.9056,1,1
344,71,1123.49,110.54,30.01,27.20,0.8372,1,1
344,95,1021.05,391.12,41.45,54.51,0.7914,1,1
344,98,1063.32,637.69,36.43,49.46,0.7814,1,1
344,104,1124.40,85.42,22.95,17.66,0.2552,1,1
344,124,1125.48,134.17,26.36,27.87,0.7673,1,1
345,1,1021.09,360.21,70.59,54.62,0.8961,1,1
345,4,881.11,184.22,42.07,36.47,0.8300,1,1
345,18,738.20,536.45,113.95,96.28,0.8995,1,1
345,71,1124.00,110.88,30.50,26.79,0.8666,1,1
345,95,1017.11,391.85,38.11,50.61,0.7757,1,1
345,98,1051.04,638.83,31.62,43.43,0.7821,1,1
345,124,1126.92,133.50,26.11,28.19,0.8261,1,1
346,1,1020.82,360.18,71.04,54.60,0.8964,1,1
346,4,880.89,184.22,42.45,36.41,0.8292,1,1
346,18,738.24,536.42,113.70,96.27,0.8991,1,1
346,71,1123.99,111.15,30.58,26.43,0.8661,1,1
346,95,1017.35,392.31,37.57,49.99,0.7676,1,1
346,98,1050.65,638.75,31.21,43.21,0.7825,1,1
346,124,1127.15,133.44,25.91,28.30,0.8124,1,1
346,143,705.87,863.14,43.41,53.88,0.8313,1,1
347,1,1007.24,358.54,71.27,54.83,0.8867,1,1
347,18,710.84,537.39,114.02,97.65,0.8992,1,1
347,71,1123.28,111.13,31.47,27.51,0.8415,1,1
347,95,1000.32,388.06,37.05,49.97,0.5761,1,1
347,124,1127.30,131.46,27.29,30.25,0.8601,1,1
348,1,1001.28,359.16,69.46,54.33,0.8927,1,1
348,18,692.72,538.24,115.21,97.85,0.9035,1,1
348,71,1125.52,112.41,28.86,24.91,0.8402,1,1
348,95,995.23,389.42,38.87,51.93,0.6742,1,1
348,104,1122.27,81.42,25.82,19.31,0.3363,1,1
348,124,1130.43,131.31,24.08,26.60,0.4009,1,1
349,1,992.29,357.88,73.16,56.31,0.8937,1,1
349,18,681.73,540.25,114.53,97.99,0.8928,1,1
349,71,1126.19,112.82,28.66,24.26,0.8381,1,1
349,95,990.76,393.67,34.73,46.18,0.6045,1,1
349,104,1124.56,80.81,26.59,19.51,0.3021,1,1
349,124,1132.51,131.01,21.29,23.10,0.4816,1,1
349,144,992.59,627.34,30.51,38.67,0.8117,1,1
349,145,677.55,887.87,42.46,31.76,0.4131,1,1
349,146,1127.08,76.51,26.29,20.78,0.4543,1,1
350,1,985.33,355.34,74.34,57.30,0.8913,1,1
350,18,668.89,543.24,114.13,98.68,0.8995,1,1
350,41,679.07,612.78,64.27,56.46,0.3373,1,1
350,71,1126.49,112.98,28.97,24.23,0.8341,1,1
350,95,983.47,393.55,35.00,45.75,0.5960,1,1
350,124,1132.99,131.08,21.55,22.79,0.5881,1,1
350,144,979.52,623.01,33.14,40.17,0.8563,1,1
350,146,1126.99,75.25,27.78,21.25,0.6280,1,1
351,1,979.38,354.78,72.58,55.94,0.8888,1,1
351,18,657.80,545.52,113.52,99.38,0.8851,1,1
351,41,662.56,618.24,56.33,49.53,0.3324,1,1
351,71,1126.79,112.36,30.44,25.30,0.8375,1,1
351,95,976.76,387.24,39.07,50.89,0.7366,1,1
351,124,1131.84,132.62,24.27,25.25,0.7893,1,1
351,143,705.00,893.63,40.63,49.92,0.8286,1,1
351,144,966.88,607.67,37.14,47.23,0.8386,1,1
351,146,1127.19,74.41,29.25,22.06,0.5462,1,1
352,1,979.39,354.74,72.54,55.92,0.8888,1,1
352,4,889.23,198.84,38.80,33.82,0.3197,1,1
352,18,658.07,545.59,112.83,99.42,0.8850,1,1
352,41,659.04,619.40,54.39,47.89,0.3303,1,1
352,71,1126.80,112.14,30.65,25.46,0.8387,1,1
352,95,976.27,386.84,39.50,51.44,0.7379,1,1
352,124,1132.05,132.75,24.32,25.12,0.7893,1,1
352,143,705.01,893.85,40.65,49.81,0.8286,1,1
352,144,967.14,607.39,36.24,47.41,0.8393,1,1
352,146,1127.16,74.31,29.77,22.16,0.5355,1,1
353,1,966.26,353.48,71.45,53.32,0.8812,1,1
353,4,890.10,200.28,41.13,37.06,0.5402,1,1
353,18,637.72,554.87,111.81,99.45,0.9074,1,1
353,41,639.51,621.70,61.37,55.32,0.4051,1,1
353,71,1127.93,113.65,29.41,23.94,0.8420,1,1
353,95,963.14,388.37,38.56,49.70,0.7724,1,1
353,104,1127.26,75.81,30.74,20.98,0.6951,1,1
353,124,1133.99,132.20,21.56,21.56,0.7281,1,1
353,144,946.39,602.45,32.46,41.73,0.8345,1,1
354,1,960.53,352.62,71.10,53.78,0.8905,1,1
354,4,893.44,201.98,38.65,35.40,0.5657,1,1
354,18,626.60,558.69,114.06,98.96,0.9085,1,1
354,41,631.36,631.25,65.24,57.36,0.4842,1,1
354,71,1127.89,114.33,29.19,23.22,0.8354,1,1
354,95,954.90,382.17,46.61,58.55,0.8323,1,1
354,104,1127.61,76.49,30.59,20.40,0.6555,1,1
354,124,1133.57,133.17,21.98,21.53,0.7221,1,1
354,144,930.66,602.04,32.26,41.07,0.8454,1,1
355,1,953.17,350.50,70.49,53.36,0.8718,1,1
355,4,894.21,202.63,38.59,35.47,0.6521,1,1
355,18,616.38,563.54,115.46,98.09,0.9002,1,1
355,41,623.75,634.20,67.62,57.30,0.6372,1,1
355,71,1127.94,114.28,29.55,23.34,0.8344,1,1
355,95,949.40,380.94,45.58,55.23,0.8043,1,1
355,104,1128.03,76.70,30.85,20.35,0.6480,1,1
355,124,1133.57,132.90,22.10,21.25,0.7217,1,1
355,144,921.62,598.75,33.48,40.16,0.8297,1,1
355,148,772.07,909.04,33.83,47.35,0.6825,1,1
356,1,946.15,346.72,72.90,55.53,0.8919,1,1
356,4,892.29,202.19,40.48,36.66,0.6361,1,1
356,18,603.34,567.67,118.27,99.65,0.8810,1,1
356,41,609.32,638.50,68.24,58.69,0.5369,1,1
356,71,1128.48,114.52,30.31,23.71,0.8566,1,1
356,95,945.10,380.60,44.67,53.80,0.7875,1,1
356,104,1127.99,76.13,32.51,21.79,0.5812,1,1
356,124,1133.89,133.26,22.27,21.26,0.5883,1,1
356,144,913.25,591.82,38.81,45.65,0.8200,1,1
356,148,781.28,901.86,35.23,44.18,0.7932,1,1
356,150,593.42,790.10,28.39,40.60,0.7956,1,1
357,1,941.86,345.69,69.44,53.97,0.8868,1,1
357,4,894.69,203.34,39.70,35.48,0.7375,1,1
357,18,593.67,571.67,120.61,102.97,0.8888,1,1
357,41,599.66,641.98,70.26,60.55,0.4229,1,1
357,71,1128.12,114.45,30.52,22.94,0.8629,1,1
357,95,936.48,375.33,47.08,55.58,0.8318,1,1
357,104,1128.42,76.36,32.63,22.32,0.5117,1,1
357,124,1134.80,132.99,20.82,19.70,0.4962,1,1
357,144,907.55,587.95,38.50,44.82,0.8403,1,1
357,148,791.13,898.67,40.14,44.67,0.8431,1,1
357,150,580.47,798.54,29.67,41.18,0.8503,1,1
358,1,941.84,345.53,69.02,54.10,0.8874,1,1
358,4,894.71,203.25,39.99,35.61,0.7838,1,1
358,18,593.86,571.77,120.10,103.00,0.8887,1,1
358,41,597.90,642.60,70.63,61.00,0.4270,1,1
358,71,1127.48,114.51,31.87,23.68,0.8547,1,1
358,95,935.87,375.20,47.68,55.68,0.8325,1,1
358,104,1128.72,76.44,32.21,22.39,0.4905,1,1
358,124,1132.48,133.97,24.26,23.88,0.6856,1,1
358,144,907.26,588.00,38.73,44.76,0.8404,1,1
358,148,790.38,898.75,42.07,44.45,0.8467,1,1
358,150,580.09,798.65,30.09,41.22,0.8513,1,1
359,1,927.09,338.33,73.04,55.88,0.8753,1,1
359,4,897.47,204.71,39.93,36.07,0.7087,1,1
359,18,580.12,587.35,119.08,99.94,0.9016,1,1
359,41,584.09,659.89,72.06,61.67,0.6410,1,1
359,71,1127.02,114.21,30.06,23.16,0.7909,1,1
359,95,926.99,372.31,45.56,53.19,0.8484,1,1
359,104,1129.60,76.77,30.98,22.30,0.6724,1,1
359,124,1131.53,131.99,22.59,22.59,0.7322,1,1
359,144,896.08,583.24,38.94,45.83,0.8285,1,1
359,148,796.48,894.44,42.60,42.41,0.8590,1,1
359,150,560.62,808.81,30.90,41.58,0.8161,1,1
360,1,920.83,335.34,74.65,56.90,0.8623,1,1
360,4,893.26,203.66,43.54,38.91,0.7808,1,1
360,18,571.62,594.15,120.71,99.13,0.8803,1,1
360,41,571.86,664.12,69.62,60.83,0.5275,1,1
360,68,1163.75,222.84,14.29,22.22,0.4345,1,1
360,71,1122.31,109.96,36.06,28.51,0.6478,1,1
360,95,919.75,369.45,45.38,52.84,0.7173,1,1
360,104,1130.57,76.61,29.81,22.28,0.7650,1,1
360,124,1131.31,132.91,23.97,24.32,0.7230,1,1
360,144,893.99,583.03,36.47,43.10,0.8428,1,1
360,148,795.67,894.96,42.47,42.92,0.8423,1,1
360,150,552.51,815.14,30.50,41.06,0.8316,1,1
361,1,915.73,331.10,75.99,56.39,0.8721,1,1
361,4,896.65,204.24,41.02,38.21,0.8170,1,1
361,18,564.95,602.01,123.79,102.62,0.9052,1,1
361,41,570.46,673.73,70.34,60.81,0.5540,1,1
361,71,1122.81,109.44,35.35,28.63,0.6360,1,1
361,95,915.97,366.65,42.36,49.49,0.4508,1,1
361,104,1131.92,77.08,28.93,21.69,0.7767,1,1
361,124,1130.86,132.61,24.11,24.90,0.7720,1,1
361,144,891.78,584.34,35.02,40.48,0.8677,1,1
361,148,791.17,894.83,42.69,43.10,0.8530,1,1
361,150,545.96,823.73,30.20,39.96,0.8698,1,1
362,1,913.25,327.00,74.09,56.19,0.8839,1,1
362,4,898.86,204.73,39.23,37.65,0.8151,1,1
362,18,558.81,608.16,120.79,101.16,0.8974,1,1
362,41,559.26,678.57,67.70,59.95,0.6209,1,1
362,71,1121.50,107.01,37.59,31.18,0.5577,1,1
362,95,916.35,365.47,38.89,45.22,0.3578,1,1
362,104,1132.07,77.10,28.89,21.45,0.8028,1,1
362,124,1132.30,132.84,23.77,24.69,0.7804,1,1
362,144,891.96,584.43,35.35,39.62,0.8490,1,1
362,148,782.47,901.52,44.58,42.57,0.8663,1,1
362,150,537.51,825.12,32.37,42.82,0.8100,1,1
363,1,910.05,323.10,74.59,59.10,0.8825,1,1
363,4,899.79,204.65,38.48,37.72,0.8213,1,1
363,18,554.10,612.27,121.61,102.21,0.8853,1,1
363,41,556.57,690.46,72.34,63.03,0.5210,1,1
363,68,1167.68,222.59,13.11,22.47,0.3298,1,1
363,71,1123.07,110.05,34.26,28.47,0.5340,1,1
363,104,1132.25,77.51,28.55,21.08,0.7871,1,1
363,124,1133.57,133.09,22.58,23.28,0.7723,1,1
363,144,890.94,584.33,37.35,42.57,0.8474,1,1
363,148,776.50,912.28,40.38,37.44,0.8530,1,1
363,150,535.29,827.73,32.54,42.79,0.8036,1,1
364,1,910.74,323.02,73.02,59.01,0.8803,1,1
364,4,900.67,205.06,37.25,37.32,0.8397,1,1
364,18,554.20,612.51,121.30,101.97,0.8850,1,1
364,41,556.00,692.45,74.12,63.71,0.5235,1,1
364,68,1168.32,222.58,12.36,22.45,0.3341,1,1
364,71,1123.17,110.55,33.74,28.06,0.5312,1,1
364,95,913.13,361.58,37.59,43.86,0.2625,1,1
364,104,1132.17,77.72,28.64,20.95,0.7893,1,1
364,124,1133.70,133.10,22.50,23.06,0.7728,1,1
364,144,891.41,584.42,36.75,42.33,0.8497,1,1
364,148,775.88,912.74,41.03,37.42,0.8521,1,1
364,150,535.23,827.81,32.63,42.79,0.7979,1,1
365,1,904.22,320.22,68.99,56.03,0.8693,1,1
365,4,902.68,205.33,36.33,36.82,0.7557,1,1
365,18,541.26,623.63,124.67,104.21,0.9038,1,1
365,68,1169.21,221.41,11.22,20.85,0.3810,1,1
365,71,1123.91,110.30,32.98,27.63,0.5486,1,1
365,104,1132.24,78.43,28.69,20.85,0.8004,1,1
365,124,1133.54,133.72,21.81,22.17,0.6397,1,1
365,151,1164.54,219.04,15.49,23.03,0.3792,1,1
366,1,899.96,318.14,69.35,55.85,0.8719,1,1
366,4,902.77,205.36,36.41,37.23,0.8160,1,1
366,18,533.05,627.62,124.65,104.57,0.8991,1,1
366,41,531.89,706.43,71.67,61.39,0.3422,1,1
366,68,1169.76,221.75,11.00,20.59,0.4500,1,1
366,71,1122.73,101.71,36.49,31.40,0.3855,1,1
366,104,1131.99,78.13,29.21,21.19,0.8031,1,1
366,124,1133.62,134.68,21.43,21.63,0.4147,1,1
366,151,1164.67,219.86,15.93,23.33,0.5348,1,1
367,1,895.95,316.54,66.81,54.58,0.8635,1,1
367,4,903.67,205.68,36.89,37.55,0.6838,1,1
367,18,523.61,631.17,126.34,101.98,0.8968,1,1
367,41,525.74,712.14,80.47,66.28,0.7723,1,1
367,68,1169.34,221.35,10.78,19.66,0.4552,1,1
367,71,1122.47,102.19,36.20,31.88,0.4084,1,1
367,104,1132.19,78.01,29.00,21.07,0.7978,1,1
367,124,1134.20,134.74,20.83,20.80,0.4647,1,1
367,151,1164.74,219.69,15.50,22.15,0.5829,1,1
367,154,916.65,589.24,35.76,52.41,0.7950,1,1
368,1,891.83,312.77,67.41,57.10,0.8036,1,1
368,4,904.45,206.50,37.97,38.81,0.6506,1,1
368,18,517.19,634.77,126.75,102.43,0.9076,1,1
368,41,521.84,716.70,76.53,62.01,0.4508,1,1
368,68,1169.43,221.08,11.08,19.87,0.4651,1,1
368,71,1124.30,101.91,34.43,31.00,0.4066,1,1
368,104,1132.61,78.75,28.65,20.51,0.8014,1,1
368,124,1134.43,134.46,21.22,21.05,0.4922,1,1
368,151,1164.56,219.34,16.32,22.83,0.6213,1,1
368,154,924.00,587.47,33.76,51.13,0.8057,1,1
369,1,888.69,310.49,65.11,56.87,0.8435,1,1
369,4,904.89,206.81,38.01,39.19,0.6824,1,1
369,18,507.85,636.53,128.22,104.00,0.8867,1,1
369,41,514.77,717.93,77.11,61.68,0.5742,1,1
369,68,1169.91,220.65,11.27,20.32,0.4375,1,1
369,71,1123.61,104.18,34.32,31.45,0.4592,1,1
369,104,1132.91,79.09,28.42,20.11,0.8019,1,1
369,124,1132.97,134.50,22.69,22.48,0.6280,1,1
369,151,1164.38,218.67,16.89,23.44,0.5128,1,1
369,154,929.28,583.97,32.89,50.08,0.8068,1,1
370,1,889.26,310.64,63.82,56.56,0.8579,1,1
370,4,904.58,206.48,38.28,40.05,0.7884,1,1
370,18,507.89,636.52,128.06,104.10,0.8877,1,1
370,41,513.22,717.63,77.86,61.81,0.5716,1,1
370,68,1170.07,220.49,11.33,20.49,0.4401,1,1
370,71,1124.51,104.61,33.25,30.98,0.4801,1,1
370,104,1132.77,79.05,28.73,20.23,0.8004,1,1
370,124,1133.23,134.46,22.48,22.22,0.5891,1,1
370,151,1164.37,218.44,17.08,23.54,0.4845,1,1
370,154,929.46,583.93,32.75,50.01,0.8080,1,1
371,1,878.72,310.20,64.37,55.46,0.9079,1,1
371,4,904.87,206.75,40.69,42.73,0.7300,1,1
371,18,492.55,642.87,126.87,103.66,0.8986,1,1
371,41,499.15,724.04,79.15,62.54,0.6454,1,1
371,68,1170.92,220.06,11.56,21.23,0.4025,1,1
371,71,1124.63,102.91,34.56,33.33,0.4618,1,1
371,104,1132.82,78.98,28.88,20.68,0.8193,1,1
371,124,1132.61,133.34,24.98,24.99,0.5943,1,1
371,154,932.12,574.64,34.42,51.33,0.7458,1,1
372,1,871.94,308.77,64.66,56.83,0.8590,1,1
372,4,904.72,206.88,43.01,45.82,0.7204,1,1
372,18,480.76,646.33,128.95,104.28,0.8993,1,1
372,41,487.55,727.28,77.87,60.37,0.6557,1,1
372,68,1171.30,221.03,11.25,20.77,0.4297,1,1
372,71,1124.54,102.92,34.46,34.21,0.4407,1,1
372,104,1133.12,78.71,28.33,20.35,0.8224,1,1
372,124,1132.66,133.36,24.96,25.09,0.5684,1,1
372,151,1164.52,219.39,17.58,24.06,0.2796,1,1
372,154,931.03,572.46,36.79,53.07,0.7547,1,1
373,1,866.88,307.32,64.04,55.52,0.8766,1,1
373,4,905.55,206.90,40.46,43.14,0.7284,1,1
373,18,473.58,650.03,127.35,102.87,0.9022,1,1
373,41,471.85,728.14,76.94,63.56,0.7044,1,1
373,68,1170.59,220.58,11.51,21.13,0.4109,1,1
373,71,1126.59,102.08,31.95,32.44,0.4532,1,1
373,104,1133.52,79.04,28.00,20.02,0.8210,1,1
373,124,1133.36,133.38,24.18,24.11,0.4632,1,1
373,151,1164.19,218.95,17.98,24.56,0.3706,1,1
373,154,934.69,578.60,31.95,43.05,0.7270,1,1
373,160,577.50,993.63,46.61,58.21,0.8669,1,1
374,1,859.97,306.50,62.94,54.96,0.8721,1,1
374,4,905.46,206.74,41.20,44.57,0.7711,1,1
374,18,466.43,653.41,127.75,102.71,0.9075,1,1
374,41,468.59,732.45,85.54,70.87,0.6151,1,1
374,68,1170.82,221.13,11.18,20.46,0.4079,1,1
374,71,1127.39,100.68,31.09,32.29,0.4960,1,1
374,104,1132.49,78.59,28.89,21.16,0.8120,1,1
374,124,1133.59,133.26,25.46,25.68,0.6405,1,1
374,151,1164.39,219.71,17.63,23.84,0.4207,1,1
374,154,935.68,583.40,26.39,34.10,0.4174,1,1
374,160,567.67,990.74,46.88,64.64,0.8422,1,1
374,162,807.68,460.88,33.72,24.77,0.7672,1,1
375,1,853.70,305.85,63.33,57.48,0.9161,1,1
375,4,905.61,206.61,40.30,43.91,0.6931,1,1
375,18,456.88,655.93,127.24,103.03,0.8883,1,1
375,41,463.93,734.67,84.91,70.42,0.4553,1,1
375,68,1170.35,220.98,11.27,20.50,0.3100,1,1
375,104,1132.04,79.21,28.14,20.78,0.7853,1,1
375,160,562.90,992.92,40.71,59.88,0.8499,1,1
375,162,805.18,458.74,34.17,24.98,0.5658,1,1
376,1,854.00,305.78,62.78,57.61,0.9153,1,1
376,4,905.87,206.73,40.07,43.87,0.6469,1,1
376,18,456.89,655.83,126.96,103.11,0.8918,1,1
376,41,463.43,735.05,84.54,70.17,0.4593,1,1
376,68,1170.42,220.95,11.28,20.41,0.3020,1,1
376,104,1132.03,79.23,28.10,20.94,0.7880,1,1
376,160,563.39,992.88,39.08,59.78,0.8521,1,1
376,162,805.04,458.58,33.83,24.54,0.5698,1,1
376,163,889.23,564.33,46.03,45.31,0.7980,1,1
377,1,839.76,303.47,62.69,55.38,0.8933,1,1
377,4,906.51,207.12,36.40,39.68,0.8062,1,1
377,18,441.15,661.87,124.59,100.87,0.8846,1,1
377,41,450.58,741.43,83.67,69.79,0.7984,1,1
377,104,1131.39,80.41,27.49,19.59,0.7886,1,1
377,160,553.97,981.17,46.09,67.71,0.8452,1,1
378,1,833.27,301.30,65.13,56.25,0.8988,1,1
378,4,906.57,207.03,35.77,39.24,0.7820,1,1
378,18,429.61,663.07,124.45,103.54,0.8710,1,1
378,41,443.49,748.68,72.15,57.56,0.7807,1,1
378,104,1130.02,80.37,28.15,19.13,0.7683,1,1
378,160,555.08,980.45,47.27,65.61,0.8740,1,1
379,1,824.28,298.81,69.79,59.88,0.8805,1,1
379,4,906.61,207.01,36.22,39.47,0.8468,1,1
379,18,421.75,665.36,120.98,103.83,0.8982,1,1
379,41,433.33,751.74,79.05,61.79,0.7768,1,1
379,104,1129.57,79.79,29.02,18.83,0.8045,1,1
379,160,570.91,982.21,42.61,62.44,0.8159,1,1
379,167,1137.65,132.21,24.77,18.32,0.4227,1,1
380,1,820.97,295.44,69.78,59.72,0.9030,1,1
380,4,906.28,206.51,36.22,39.98,0.8690,1,1
380,18,407.76,666.33,123.12,104.65,0.8819,1,1
380,41,421.56,755.35,84.28,66.78,0.6730,1,1
380,104,1128.76,79.30,29.86,19.16,0.7865,1,1
380,124,1141.42,141.31,25.41,27.09,0.4510,1,1
380,167,1137.51,129.60,26.15,19.12,0.5072,1,1
380,168,1131.52,94.34,23.83,25.72,0.2557,1,1
381,1,819.01,295.16,67.31,57.63,0.8748,1,1
381,4,906.28,206.56,36.35,40.36,0.8274,1,1
381,18,399.81,666.86,122.21,104.76,0.8958,1,1
381,41,415.60,756.40,77.16,60.74,0.5063,1,1
381,104,1128.65,79.56,30.18,19.27,0.7664,1,1
381,124,1143.59,143.29,22.41,25.39,0.6946,1,1
381,167,1138.37,129.60,25.92,18.65,0.4450,1,1
381,168,1131.25,95.13,22.95,24.93,0.3899,1,1
382,1,818.87,295.00,67.39,57.79,0.8707,1,1
382,4,906.52,206.62,35.70,39.79,0.8130,1,1
382,18,399.82,666.90,121.96,104.81,0.8961,1,1
382,41,413.98,756.30,76.43,59.84,0.5309,1,1
382,104,1128.84,79.58,30.11,19.20,0.7675,1,1
382,124,1144.01,143.42,21.79,25.35,0.7014,1,1
382,167,1138.38,129.55,26.43,18.78,0.4284,1,1
382,168,1131.39,95.13,22.78,24.92,0.3823,1,1
382,175,1174.40,109.42,22.11,17.56,0.5257,1,1
383,1,811.31,290.20,68.14,60.95,0.8892,1,1
383,4,906.21,206.06,36.99,41.17,0.8379,1,1
383,18,380.93,669.48,120.53,102.57,0.9045,1,1
383,41,398.02,758.46,78.36,60.21,0.6622,1,1
383,104,1127.94,79.49,29.82,18.88,0.7847,1,1
383,124,1147.61,143.83,22.40,25.19,0.7317,1,1
383,167,1144.63,131.31,24.95,17.28,0.4595,1,1
383,168,1130.59,94.87,22.70,25.17,0.3442,1,1
383,176,1121.60,226.80,19.85,17.24,0.3657,1,1
384,1,810.78,289.09,65.83,60.30,0.8876,1,1
384,4,906.19,205.24,36.78,41.10,0.5960,1,1
384,18,367.39,671.83,124.03,101.53,0.8979,1,1
384,41,389.90,760.57,79.51,61.49,0.7499,1,1
384,104,1127.26,78.11,31.29,19.99,0.7687,1,1
384,124,1147.74,145.21,25.02,28.34,0.6638,1,1
384,167,1147.25,125.69,28.95,19.55,0.7390,1,1
384,176,1120.91,226.00,22.43,19.99,0.3741,1,1
385,1,807.27,286.98,66.50,59.94,0.8904,1,1
385,4,905.78,204.61,36.77,41.76,0.7367,1,1
385,18,357.23,673.61,125.42,100.35,0.9111,1,1
385,41,385.14,762.14,78.59,60.60,0.5558,1,1
385,104,1126.45,77.25,32.41,20.92,0.7354,1,1
385,124,1148.42,145.49,21.66,24.15,0.7536,1,1
385,167,1147.88,126.83,31.91,19.88,0.8042,1,1
385,176,1122.54,224.40,21.43,20.02,0.5105,1,1
386,1,807.36,286.25,66.01,59.75,0.8930,1,1
386,4,905.61,204.08,37.16,42.78,0.7830,1,1
386,18,353.46,675.24,125.16,100.16,0.9114,1,1
386,41,379.97,765.19,80.07,61.36,0.6607,1,1
386,104,1126.26,77.50,32.27,20.65,0.7672,1,1
386,124,1149.61,146.10,22.95,25.39,0.7248,1,1
386,167,1149.56,128.86,31.78,18.74,0.7777,1,1
386,176,1121.36,224.61,22.11,22.13,0.5839,1,1
386,186,347.04,854.63,34.97,44.44,0.3094,1,1
387,1,805.09,285.03,66.60,58.85,0.8982,1,1
387,4,905.72,204.04,35.01,40.88,0.8059,1,1
387,18,350.18,676.06,124.38,100.54,0.9157,1,1
387,41,372.69,765.93,82.50,64.19,0.7031,1,1
387,104,1126.85,77.76,32.11,20.48,0.7844,1,1
387,124,1151.05,147.55,24.77,27.61,0.7233,1,1
387,167,1143.22,130.31,39.60,20.95,0.8000,1,1
387,176,1123.56,226.11,22.32,24.93,0.7163,1,1
387,186,342.39,856.66,35.49,44.23,0.4037,1,1
388,1,804.75,285.14,67.18,58.75,0.8981,1,1
388,4,906.05,204.05,34.42,40.45,0.7905,1,1
388,18,350.31,675.92,124.21,100.74,0.9156,1,1
388,41,372.54,765.98,81.83,64.35,0.6961,1,1
388,104,1126.80,77.75,32.22,20.49,0.7835,1,1
388,124,1151.19,147.63,24.72,27.72,0.7244,1,1
388,167,1141.87,130.39,42.05,21.06,0.7987,1,1
388,176,1124.50,226.35,20.89,24.93,0.7145,1,1
388,186,340.63,856.95,36.08,44.45,0.3352,1,1
388,188,705.88,454.63,30.55,29.15,0.6474,1,1
388,189,620.90,878.98,51.37,40.64,0.7940,1,1
389,1,803.25,282.87,66.68,55.90,0.8945,1,1
389,4,907.44,202.32,33.06,38.60,0.4016,1,1
389,18,342.49,677.06,122.41,101.87,0.8921,1,1
389,41,366.81,768.03,79.65,63.54,0.5928,1,1
389,104,1127.44,77.82,31.87,20.35,0.8313,1,1
389,124,1157.86,147.37,28.37,31.92,0.7562,1,1
389,167,1154.28,130.30,39.03,21.92,0.8319,1,1
389,176,1128.17,225.26,18.49,22.83,0.4664,1,1
389,186,332.92,859.96,39.46,48.37,0.4828,1,1
389,188,704.23,444.26,31.23,30.01,0.6904,1,1
389,189,610.86,865.85,49.11,40.61,0.8252,1,1
390,1,804.19,281.11,66.08,53.21,0.9055,1,1
390,18,337.74,677.46,123.30,103.18,0.8887,1,1
390,41,366.17,768.42,79.35,64.28,0.6827,1,1
390,104,1126.01,77.21,33.19,20.89,0.8320,1,1
390,124,1159.92,148.40,28.38,32.27,0.7079,1,1
390,167,1156.93,131.24,36.41,21.10,0.8419,1,1
390,176,1131.01,225.89,17.28,22.23,0.5135,1,1
390,186,329.72,863.82,38.08,46.79,0.4908,1,1
390,188,703.77,441.43,32.87,31.85,0.7171,1,1
390,189,613.42,863.42,47.95,41.37,0.8119,1,1
391,1,806.13,278.20,64.31,51.03,0.9061,1,1
391,18,336.52,677.58,122.85,103.07,0.8944,1,1
391,41,366.58,768.98,79.25,65.31,0.7285,1,1
391,104,1126.27,77.28,32.94,20.80,0.8118,1,1
391,124,1161.68,147.95,29.31,33.97,0.5545,1,1
391,167,1159.02,131.62,35.43,20.62,0.8386,1,1
391,176,1133.14,225.31,16.59,22.14,0.6191,1,1
391,188,702.93,442.35,31.22,31.01,0.7254,1,1
391,189,612.32,862.41,44.12,41.65,0.8203,1,1
391,190,357.55,1028.96,23.44,37.33,0.3316,1,1
392,1,809.23,277.67,62.79,48.09,0.8933,1,1
392,18,333.64,678.43,121.46,102.57,0.9055,1,1
392,41,365.02,769.26,78.48,64.29,0.7782,1,1
392,104,1126.14,77.48,33.11,20.66,0.8131,1,1
392,124,1162.02,150.64,28.21,33.01,0.6656,1,1
392,167,1159.13,131.70,38.19,22.42,0.8534,1,1
392,176,1133.32,228.76,19.09,26.08,0.3931,1,1
392,188,702.76,442.02,31.93,32.93,0.7732,1,1
392,189,607.35,857.88,44.99,44.42,0.8270,1,1
392,191,916.22,171.79,23.19,24.36,0.3976,1,1
393,1,809.58,275.68,63.25,47.74,0.8979,1,1
393,18,332.16,678.35,118.19,103.13,0.9142,1,1
393,41,362.62,770.23,75.55,61.83,0.7071,1,1
393,104,1125.92,78.18,32.50,19.90,0.8024,1,1
393,124,1162.36,150.19,28.16,33.28,0.6311,1,1
393,167,1159.53,131.80,39.60,22.91,0.8540,1,1
393,176,1133.97,230.25,17.96,25.09,0.5582,1,1
393,188,702.25,442.59,34.38,38.10,0.7841,1,1
393,189,603.24,856.85,45.17,44.13,0.8295,1,1
393,191,916.46,172.28,22.89,23.97,0.2954,1,1
394,1,809.32,275.65,63.70,47.76,0.8980,1,1
394,18,332.52,678.19,117.28,103.31,0.9143,1,1
394,41,362.57,768.53,78.07,65.57,0.7078,1,1
394,104,1125.68,78.12,32.97,20.00,0.8001,1,1
394,124,1162.74,150.43,27.93,33.12,0.5783,1,1
394,167,1159.51,131.85,39.87,22.89,0.8534,1,1
394,176,1134.24,230.46,17.49,24.83,0.5403,1,1
394,188,703.07,442.19,33.44,38.78,0.7903,1,1
394,189,602.79,856.38,45.80,44.47,0.8349,1,1
394,191,916.44,172.27,23.00,24.00,0.3141,1,1
394,194,901.45,479.04,29.37,40.61,0.7378,1,1
395,1,811.00,270.97,64.89,47.59,0.8921,1,1
395,18,331.39,676.73,113.87,104.37,0.8984,1,1
395,41,362.81,767.32,82.06,70.85,0.5469,1,1
395,104,1129.67,79.99,30.61,19.24,0.7590,1,1
395,124,1164.13,151.63,28.63,33.97,0.6760,1,1
395,167,1159.35,132.83,40.94,22.76,0.8306,1,1
395,188,706.32,450.64,30.33,40.23,0.8429,1,1
395,191,915.64,172.00,22.32,23.10,0.2658,1,1
396,1,810.11,268.46,64.18,46.86,0.9002,1,1
396,4,899.78,190.08,33.78,36.71,0.7675,1,1
396,18,332.18,677.30,110.10,103.20,0.9048,1,1
396,41,361.07,763.91,83.62,73.28,0.4947,1,1
396,124,1167.08,152.41,29.86,35.12,0.6767,1,1
396,167,1161.43,133.54,41.87,23.11,0.8226,1,1
396,188,710.92,456.02,25.92,37.50,0.8664,1,1
396,191,906.83,173.54,33.42,36.09,0.5048,1,1
397,1,808.06,265.13,64.34,44.88,0.9017,1,1
397,4,898.33,186.11,35.47,36.35,0.8049,1,1
397,18,332.20,676.17,110.02,106.43,0.8930,1,1
397,41,362.82,759.57,83.92,76.23,0.6619,1,1
397,124,1169.56,154.07,27.06,30.34,0.7912,1,1
397,167,1165.34,134.17,39.93,23.54,0.8201,1,1
397,188,713.82,461.39,24.55,39.37,0.8430,1,1
397,195,588.11,893.58,45.20,39.49,0.8119,1,1
398,1,805.56,262.83,65.34,43.18,0.8923,1,1
398,4,896.45,185.56,36.27,35.24,0.8539,1,1
398,18,332.51,676.06,110.53,107.98,0.8981,1,1
398,41,364.05,760.84,82.46,75.62,0.3350,1,1
398,124,1171.31,154.88,26.62,29.33,0.7787,1,1
398,167,1165.16,135.12,39.39,23.41,0.8185,1,1
398,188,715.04,462.05,23.64,40.36,0.8238,1,1
398,195,581.05,896.90,49.00,41.30,0.7994,1,1
399,1,802.79,260.33,65.51,42.56,0.8891,1,1
399,4,895.25,184.81,36.85,34.55,0.8452,1,1
399,18,332.58,676.07,111.76,109.30,0.8936,1,1
399,124,1175.40,155.13,28.39,31.27,0.8308,1,1
399,167,1169.22,137.09,36.54,22.52,0.8021,1,1
399,188,718.25,463.18,25.81,43.35,0.8113,1,1
399,195,577.54,896.97,48.52,40.39,0.3464,1,1
399,196,1105.98,112.34,31.61,32.89,0.3160,1,1
400,1,802.60,260.31,65.84,42.43,0.8899,1,1
400,4,895.13,184.22,37.30,35.21,0.8456,1,1
400,18,332.34,676.12,111.99,109.09,0.8923,1,1
400,124,1175.47,155.15,28.44,31.30,0.8299,1,1
400,167,1169.72,137.14,35.66,22.54,0.8015,1,1
400,188,718.25,463.31,26.09,43.39,0.8111,1,1
400,195,576.33,896.43,48.08,39.37,0.3412,1,1
400,196,1107.42,112.92,31.73,32.64,0.3144,1,1
400,197,1119.55,95.10,24.95,19.61,0.3854,1,1
401,1,796.13,257.88,65.73,41.98,0.8694,1,1
401,4,890.25,180.14,38.97,35.37,0.8836,1,1
401,18,331.30,678.55,115.95,110.14,0.8911,1,1
401,124,1177.71,155.07,28.82,32.30,0.8110,1,1
401,167,1171.34,138.21,34.83,22.17,0.8195,1,1
401,188,726.08,464.50,27.26,42.88,0.8155,1,1
401,195,565.91,896.00,44.52,39.87,0.7983,1,1
401,197,1117.94,95.70,25.92,21.04,0.5553,1,1
402,1,793.95,253.95,66.64,42.84,0.8738,1,1
402,4,889.81,179.51,37.31,31.77,0.8758,1,1
402,18,331.22,679.47,117.87,108.95,0.8939,1,1
402,124,1180.35,156.06,28.36,32.31,0.8074,1,1
402,167,1173.04,138.25,35.81,23.14,0.8307,1,1
402,188,727.10,463.69,29.30,44.94,0.7770,1,1
402,195,559.14,890.29,47.50,45.26,0.6875,1,1
403,1,789.60,250.92,66.93,43.47,0.8706,1,1
403,4,888.07,175.82,39.32,32.77,0.8738,1,1
403,18,331.50,678.89,120.41,108.91,0.8919,1,1
403,124,1182.09,155.42,30.14,34.94,0.7639,1,1
403,167,1172.91,138.83,36.83,23.79,0.8488,1,1
403,188,727.26,461.70,29.80,45.26,0.7878,1,1
403,195,556.58,887.43,47.90,48.71,0.7462,1,1
404,1,785.57,247.71,67.28,44.34,0.8803,1,1
404,4,888.61,175.16,38.69,32.64,0.8739,1,1
404,18,333.12,678.18,121.72,108.48,0.8927,1,1
404,124,1184.43,156.91,27.29,31.66,0.6435,1,1
404,167,1174.74,139.43,35.95,22.88,0.8580,1,1
404,188,726.51,459.80,30.09,45.52,0.8102,1,1
404,195,554.46,886.98,50.47,52.39,0.4594,1,1
405,1,782.15,248.32,65.00,42.24,0.8904,1,1
405,4,887.50,175.57,39.01,30.10,0.8709,1,1
405,18,333.76,677.00,123.69,107.72,0.8908,1,1
405,124,1184.28,157.20,28.77,33.80,0.6232,1,1
405,167,1174.65,141.67,34.91,21.51,0.8551,1,1
405,188,722.81,455.82,31.77,47.98,0.8099,1,1
405,195,550.02,876.09,54.47,59.32,0.4517,1,1
406,1,782.12,248.42,65.08,42.04,0.8925,1,1
406,4,886.85,175.49,40.05,30.22,0.8699,1,1
406,18,333.65,677.11,124.44,107.43,0.8891,1,1
406,124,1184.56,157.00,28.89,34.39,0.6050,1,1
406,167,1175.62,141.78,34.50,21.11,0.8524,1,1
406,188,722.83,456.06,31.88,47.97,0.8082,1,1
406,195,550.15,874.01,53.40,60.81,0.4141,1,1
406,202,1116.83,109.42,19.74,18.98,0.2999,1,1
407,1,772.49,242.60,67.84,44.05,0.8998,1,1
407,4,883.68,171.30,39.44,28.54,0.8921,1,1
407,18,338.23,674.02,124.98,106.17,0.8882,1,1
407,124,1186.55,156.80,27.36,33.61,0.6728,1,1
407,167,1174.80,141.77,35.26,21.73,0.8682,1,1
407,188,715.85,449.81,28.80,45.77,0.7982,1,1
407,195,552.97,869.47,43.36,53.50,0.6184,1,1
407,202,1113.96,110.44,25.63,25.02,0.6742,1,1
407,205,1122.77,171.10,16.73,20.94,0.3335,1,1
408,1,766.40,238.90,67.47,44.92,0.8754,1,1
408,4,881.76,165.26,40.77,29.54,0.8601,1,1
408,18,340.31,669.06,124.69,105.78,0.8750,1,1
408,124,1187.76,156.96,25.76,31.94,0.5586,1,1
408,167,1175.67,141.38,34.92,23.21,0.8613,1,1
408,188,714.82,447.33,25.63,41.26,0.7868,1,1
408,195,547.53,854.62,41.79,54.68,0.7540,1,1
408,202,1114.62,110.20,23.82,22.87,0.5554,1,1
408,205,1122.63,170.96,16.98,21.16,0.3815,1,1
409,1,763.06,236.22,65.43,44.51,0.8595,1,1
409,4,881.93,163.54,40.76,30.07,0.8397,1,1
409,18,345.38,663.50,122.70,104.44,0.8792,1,1
409,124,1189.11,157.81,24.72,31.74,0.7536,1,1
409,167,1177.12,142.97,33.72,23.40,0.8395,1,1
409,188,710.53,444.02,25.96,41.37,0.8258,1,1
409,195,549.28,855.02,40.27,53.41,0.5672,1,1
409,202,1114.91,109.69,23.19,21.71,0.5947,1,1
409,205,1122.63,171.07,17.03,21.11,0.4145,1,1
410,1,760.64,233.23,64.63,46.43,0.8773,1,1
410,4,879.59,161.91,38.59,28.22,0.8726,1,1
410,18,353.42,657.19,118.33,100.66,0.8876,1,1
410,124,1189.91,158.34,23.00,29.60,0.7178,1,1
410,167,1177.26,143.26,33.74,24.05,0.8188,1,1
410,188,708.82,441.88,22.22,34.11,0.6910,1,1
410,189,516.20,827.20,44.94,43.39,0.4517,1,1
410,202,1113.33,109.65,26.04,24.46,0.3595,1,1
410,205,1122.57,171.44,16.89,20.74,0.3781,1,1
411,1,759.18,232.17,63.89,46.43,0.8806,1,1
411,4,878.48,159.98,38.57,28.26,0.8726,1,1
411,18,357.12,653.90,119.24,103.14,0.8938,1,1
411,124,1189.85,157.52,23.94,31.02,0.7402,1,1
411,167,1177.39,143.56,34.12,24.43,0.6907,1,1
411,189,511.18,823.54,35.54,40.91,0.8033,1,1
411,202,1113.48,109.20,25.99,24.38,0.3323,1,1
411,205,1121.27,171.31,16.25,20.22,0.3752,1,1
411,208,1125.41,256.72,17.58,15.19,0.3101,1,1
412,1,759.23,232.22,63.45,46.39,0.8782,1,1
412,4,878.50,159.96,38.58,28.27,0.8712,1,1
412,18,357.37,653.92,118.54,103.01,0.8946,1,1
412,124,1189.94,157.47,23.93,31.12,0.7426,1,1
412,167,1177.51,143.61,34.00,24.45,0.6791,1,1
412,188,705.99,434.71,20.92,31.75,0.4235,1,1
412,189,511.93,824.38,33.83,39.84,0.8011,1,1
412,202,1113.53,109.10,25.81,24.13,0.3317,1,1
412,205,1122.55,171.51,16.64,20.57,0.3855,1,1
412,208,1125.28,256.75,17.61,15.22,0.3846,1,1
413,1,755.87,225.44,61.40,49.82,0.8795,1,1
413,4,876.77,155.65,36.92,25.73,0.8390,1,1
413,18,360.51,644.08,121.61,103.73,0.8885,1,1
413,124,1189.70,156.97,24.28,31.69,0.7688,1,1
413,167,1178.50,143.80,34.49,25.10,0.6518,1,1
413,202,1116.31,107.69,24.04,22.55,0.3417,1,1
413,205,1122.61,171.74,16.75,20.45,0.3766,1,1
413,208,1124.25,258.21,17.59,15.20,0.3126,1,1
413,210,764.50,572.47,26.60,37.27,0.4048,1,1
414,1,756.03,222.72,57.48,51.28,0.8958,1,1
414,4,877.85,153.14,33.00,21.50,0.7672,1,1
414,18,362.12,635.74,123.70,106.11,0.8721,1,1
414,124,1189.23,156.91,24.89,32.57,0.7402,1,1
414,167,1178.06,143.95,34.86,25.73,0.7032,1,1
414,202,1117.30,106.43,23.11,21.68,0.3104,1,1
414,205,1121.07,171.15,16.60,20.62,0.3743,1,1
414,208,1124.46,258.06,17.30,14.76,0.4454,1,1
415,1,756.35,222.04,55.37,49.99,0.8892,1,1
415,4,876.37,150.02,34.41,21.18,0.8118,1,1
415,18,365.92,631.05,125.60,104.89,0.8866,1,1
415,124,1189.91,157.49,24.06,30.72,0.7542,1,1
415,167,1178.52,144.51,35.12,26.79,0.7650,1,1
415,197,1118.10,103.43,22.51,17.41,0.4872,1,1
415,205,1121.11,171.47,15.90,20.11,0.4149,1,1
415,208,1124.42,258.09,17.57,14.74,0.3633,1,1
415,214,524.81,1017.37,50.95,49.50,0.8905,1,1
416,1,755.32,219.03,56.27,51.01,0.8987,1,1
416,4,871.82,146.33,39.18,24.58,0.7126,1,1
416,18,376.43,623.90,120.25,105.99,0.8885,1,1
416,124,1189.27,157.50,24.35,30.24,0.6277,1,1
416,167,1179.45,146.29,34.63,26.82,0.7950,1,1
416,197,1116.45,96.87,26.70,21.31,0.4231,1,1
416,205,1121.54,171.17,15.52,19.95,0.3993,1,1
416,208,1123.38,258.30,17.81,14.84,0.3351,1,1
416,214,532.02,1009.00,54.10,51.79,0.8725,1,1
417,1,754.89,218.65,56.02,50.65,0.8988,1,1
417,4,871.02,142.77,36.93,23.96,0.7958,1,1
417,18,380.35,619.57,117.63,99.93,0.9077,1,1
417,124,1189.05,157.48,25.08,30.52,0.5687,1,1
417,167,1179.78,146.52,34.34,27.04,0.8125,1,1
417,197,1118.42,95.32,24.29,18.93,0.8360,1,1
417,205,1123.31,170.95,16.22,20.90,0.3656,1,1
417,208,1121.87,258.87,18.38,15.14,0.3496,1,1
417,214,540.98,999.60,50.96,50.96,0.8693,1,1
418,1,755.16,218.70,55.80,50.44,0.8994,1,1
418,4,871.26,142.45,35.92,23.97,0.7977,1,1
418,18,379.65,619.46,118.98,99.86,0.9068,1,1
418,124,1189.00,158.45,25.40,30.27,0.6033,1,1
418,167,1179.59,146.26,34.64,27.72,0.8096,1,1
418,197,1118.30,95.28,24.39,18.90,0.8363,1,1
418,205,1123.78,170.92,16.35,21.15,0.3746,1,1
418,208,1121.26,258.98,18.81,15.33,0.3387,1,1
418,214,541.66,999.53,49.78,50.88,0.8694,1,1
418,218,1117.74,263.11,20.09,16.72,0.3059,1,1
419,1,754.04,216.12,57.02,48.74,0.9004,1,1
419,4,869.53,139.99,35.57,22.94,0.8207,1,1
419,18,388.62,609.96,117.76,98.49,0.8814,1,1
419,124,1190.40,162.80,24.69,29.39,0.6399,1,1
419,167,1182.61,149.28,31.78,24.76,0.8291,1,1
419,197,1116.60,91.44,26.23,20.26,0.6639,1,1
419,205,1123.54,170.76,16.54,21.39,0.3242,1,1
419,214,553.94,978.06,47.43,54.91,0.8320,1,1
419,219,839.69,416.37,20.46,33.19,0.8072,1,1
419,221,870.12,271.84,26.31,26.36,0.3637,1,1
419,222,1122.32,170.80,13.90,20.20,0.3665,1,1
420,1,756.64,213.70,57.10,47.61,0.9013,1,1
420,4,867.94,136.71,37.22,25.06,0.8368,1,1
420,18,390.94,603.75,119.86,103.65,0.8889,1,1
420,124,1191.33,164.53,24.29,28.45,0.7052,1,1
420,167,1183.21,149.91,32.04,25.17,0.8300,1,1
420,197,1116.87,88.57,26.85,20.65,0.5245,1,1
420,205,1123.41,170.74,16.64,21.49,0.2945,1,1
420,214,562.43,965.21,42.17,53.25,0.8706,1,1
420,219,838.19,415.14,21.49,35.12,0.8115,1,1
420,222,1121.87,170.95,14.15,20.62,0.3315,1,1
421,1,757.74,212.35,57.18,46.32,0.8991,1,1
421,4,867.44,137.19,36.35,24.93,0.8375,1,1
421,18,395.65,597.88,115.98,102.60,0.8898,1,1
421,124,1192.15,164.52,24.68,28.50,0.6202,1,1
421,167,1183.91,150.93,32.30,24.67,0.8376,1,1
421,197,1117.32,86.72,26.75,20.52,0.2797,1,1
421,205,1123.11,170.41,16.90,21.79,0.3305,1,1
421,214,569.63,955.33,41.05,52.98,0.8704,1,1
421,219,836.83,414.10,21.59,35.89,0.8155,1,1
421,222,1121.74,170.34,14.27,20.94,0.3843,1,1
422,1,759.55,210.08,58.05,45.56,0.8960,1,1
422,4,867.08,134.83,36.51,26.58,0.8561,1,1
422,18,400.65,592.38,113.76,100.92,0.8715,1,1
422,104,1116.22,86.17,29.54,18.95,0.2914,1,1
422,124,1191.94,167.02,24.82,28.35,0.6542,1,1
422,167,1184.60,151.61,33.14,25.34,0.8335,1,1
422,205,1122.83,170.38,16.99,21.78,0.3556,1,1
422,214,576.92,943.57,40.75,50.24,0.8870,1,1
422,219,835.89,415.77,20.59,34.38,0.8311,1,1
422,222,1121.68,170.31,14.15,20.79,0.3938,1,1
422,224,849.60,255.20,21.42,23.38,0.2932,1,1
423,1,763.08,208.44,56.90,45.43,0.9081,1,1
423,4,867.07,133.97,35.77,26.45,0.8557,1,1
423,18,403.88,587.72,114.62,101.80,0.8591,1,1
423,124,1192.12,167.17,26.08,29.66,0.4605,1,1
423,167,1185.22,151.75,33.07,25.27,0.8206,1,1
423,205,1122.73,170.51,17.02,21.69,0.3257,1,1
423,214,579.74,933.72,38.70,48.63,0.7130,1,1
423,219,834.52,413.71,20.55,36.20,0.8266,1,1
423,222,1121.68,170.56,14.05,20.57,0.3026,1,1
424,1,763.12,208.37,56.68,45.55,0.9079,1,1
424,4,866.72,133.12,35.97,27.02,0.8579,1,1
424,18,404.20,587.68,114.30,101.42,0.8548,1,1
424,124,1191.92,167.23,25.85,29.22,0.3975,1,1
424,167,1184.87,151.64,33.89,25.69,0.8398,1,1
424,205,1122.57,170.29,17.25,21.91,0.3249,1,1
424,214,580.15,932.98,37.86,48.58,0.7051,1,1
424,219,834.84,413.54,20.00,36.43,0.8319,1,1
424,222,1121.63,170.39,14.20,20.72,0.3071,1,1
424,226,871.92,154.26,23.53,22.62,0.2695,1,1
425,1,766.20,203.30,54.39,43.40,0.8937,1,1
425,4,866.64,132.77,34.49,26.01,0.8659,1,1
425,18,409.42,581.38,114.13,100.93,0.8936,1,1
425,124,1194.25,167.56,26.80,29.93,0.4210,1,1
425,167,1186.97,151.91,35.52,26.47,0.8320,1,1
425,219,830.45,404.61,23.17,43.16,0.6801,1,1
425,222,1121.57,171.19,14.10,20.57,0.4283,1,1
425,226,871.87,152.64,22.44,21.47,0.3966,1,1
426,1,769.63,199.87,52.37,44.23,0.8973,1,1
426,4,866.09,131.65,34.92,26.57,0.8668,1,1
426,18,411.32,576.71,114.86,103.31,0.8954,1,1
426,124,1195.71,167.59,27.04,29.70,0.4613,1,1
426,167,1187.45,152.13,36.36,26.85,0.8310,1,1
426,219,830.68,400.87,22.08,41.42,0.5625,1,1
426,222,1122.26,174.23,13.65,19.94,0.3265,1,1
426,226,871.14,151.46,22.54,21.47,0.3417,1,1
427,1,769.51,196.92,52.39,45.58,0.9157,1,1
427,4,866.07,131.65,34.51,26.04,0.8658,1,1
427,18,415.64,572.56,112.95,102.70,0.8857,1,1
427,124,1197.20,169.20,27.54,29.55,0.6269,1,1
427,167,1188.83,153.01,36.97,27.16,0.8243,1,1
427,219,831.18,396.21,20.71,38.21,0.7040,1,1
427,222,1123.48,173.73,14.50,20.60,0.3055,1,1
427,226,870.99,151.00,22.33,21.17,0.3179,1,1
427,229,602.83,890.70,40.74,45.43,0.8456,1,1
428,1,769.20,194.83,51.35,43.28,0.9194,1,1
428,4,865.82,131.64,34.72,26.35,0.8674,1,1
428,18,419.58,569.54,113.40,102.99,0.8789,1,1
428,124,1201.38,169.46,26.56,27.78,0.7725,1,1
428,167,1191.30,153.10,36.60,27.60,0.8427,1,1
428,219,831.70,391.69,20.08,36.76,0.6102,1,1
428,226,871.00,151.10,22.11,20.79,0.3756,1,1
428,229,611.34,881.28,42.55,47.30,0.8113,1,1
428,232,1121.28,170.04,16.18,21.47,0.3449,1,1
428,233,1123.78,77.31,33.07,20.84,0.7877,1,1
429,1,766.74,192.71,53.71,43.83,0.9167,1,1
429,4,865.36,130.66,34.67,26.87,0.8709,1,1
429,18,423.18,568.00,113.62,103.30,0.8792,1,1
429,124,1202.06,170.54,26.02,26.82,0.5530,1,1
429,167,1193.97,153.02,35.76,27.63,0.8448,1,1
429,188,710.70,363.97,20.84,28.98,0.5584,1,1
429,219,832.14,383.31,19.33,35.08,0.4746,1,1
429,226,870.85,150.93,22.37,20.87,0.3907,1,1
429,229,619.93,874.98,41.52,46.02,0.7639,1,1
429,232,1121.92,173.31,16.11,21.77,0.3258,1,1
429,233,1124.55,78.44,32.27,19.79,0.7996,1,1
430,1,766.45,192.68,54.29,43.82,0.9160,1,1
430,4,865.18,130.13,33.53,26.63,0.8747,1,1
430,18,423.30,567.97,113.40,102.97,0.8795,1,1
430,124,1201.82,170.56,26.41,26.90,0.5374,1,1
430,167,1194.15,152.99,35.38,27.74,0.8452,1,1
430,188,710.48,363.47,21.46,29.06,0.5854,1,1
430,219,832.32,382.48,19.05,34.12,0.5038,1,1
430,226,871.62,151.46,21.82,20.21,0.4143,1,1
430,229,620.43,874.93,41.32,45.63,0.7598,1,1
430,232,1122.09,174.06,15.85,21.91,0.3408,1,1
430,233,1124.35,78.43,32.75,19.84,0.8034,1,1
431,1,764.44,189.55,49.64,39.05,0.8773,1,1
431,4,866.39,128.99,32.43,27.29,0.8742,1,1
431,18,432.75,562.32,111.87,103.46,0.8951,1,1
431,124,1203.58,171.19,31.30,32.36,0.5183,1,1
431,167,1199.00,153.79,36.14,26.49,0.8666,1,1
431,188,708.84,366.91,22.02,29.24,0.4786,1,1
431,226,873.58,149.60,20.72,19.16,0.6366,1,1
431,229,633.99,874.33,39.69,43.76,0.8209,1,1
431,232,1124.11,172.91,16.60,23.24,0.3156,1,1
431,233,1126.66,78.52,32.65,19.94,0.7906,1,1
431,237,1125.35,175.38,17.43,23.35,0.3464,1,1
432,1,760.54,189.14,52.64,38.30,0.8746,1,1
432,4,866.98,128.79,31.15,26.42,0.8720,1,1
432,18,436.93,560.11,111.84,104.42,0.8939,1,1
432,124,1203.92,172.71,34.80,36.81,0.4802,1,1
432,167,1200.44,154.92,36.21,25.49,0.8636,1,1
432,188,707.49,367.77,22.55,29.87,0.6256,1,1
432,226,873.37,148.43,21.47,20.13,0.6364,1,1
432,229,642.70,874.67,38.02,42.29,0.8258,1,1
432,232,1127.86,176.43,15.77,22.07,0.2950,1,1
432,233,1130.31,79.69,29.89,18.62,0.7799,1,1
433,1,753.37,189.18,56.30,38.64,0.8525,1,1
433,4,867.44,128.81,30.93,25.74,0.8718,1,1
433,18,443.97,557.35,109.42,104.51,0.8902,1,1
433,124,1209.71,175.64,30.36,34.04,0.7574,1,1
433,167,1202.42,154.78,37.53,27.30,0.8560,1,1
433,188,707.08,367.20,22.57,30.07,0.6221,1,1
433,226,873.68,148.11,21.40,20.25,0.6028,1,1
433,229,646.86,871.89,39.53,43.03,0.8066,1,1
433,233,1132.44,79.93,29.02,18.22,0.8204,1,1
433,238,1133.89,239.59,22.23,14.57,0.5433,1,1
434,1,749.03,188.89,58.80,39.07,0.8407,1,1
434,4,867.88,127.81,32.05,25.57,0.8634,1,1
434,18,448.33,557.07,109.58,105.16,0.8900,1,1
434,124,1214.14,175.94,27.31,30.28,0.7461,1,1
434,167,1206.58,153.95,37.50,27.81,0.8630,1,1
434,188,705.95,367.40,23.56,31.04,0.7240,1,1
434,224,848.44,239.39,25.24,29.05,0.2572,1,1
434,226,874.94,148.11,21.40,20.18,0.3723,1,1
434,229,652.90,872.67,40.33,44.75,0.8138,1,1
434,233,1134.51,79.72,29.00,18.63,0.8331,1,1
434,238,1136.35,239.34,21.06,13.69,0.4952,1,1
435,1,746.49,186.60,57.72,38.98,0.7808,1,1
435,4,868.70,127.20,32.30,24.37,0.8519,1,1
435,18,455.24,556.17,108.48,103.10,0.8939,1,1
435,124,1216.80,175.56,26.82,29.90,0.5467,1,1
435,167,1208.81,154.14,36.17,27.37,0.8374,1,1
435,188,704.60,366.04,25.56,34.47,0.7774,1,1
435,226,874.89,146.83,22.74,21.50,0.4463,1,1
435,229,658.31,875.75,39.43,44.11,0.8078,1,1
435,233,1136.58,79.88,29.23,19.42,0.8145,1,1
435,238,1135.22,237.55,20.67,13.49,0.5212,1,1
436,1,746.57,186.46,57.26,39.14,0.7906,1,1
436,4,868.41,127.28,32.90,24.00,0.8482,1,1
436,18,455.83,556.03,107.26,102.77,0.8931,1,1
436,124,1217.26,175.47,26.42,29.63,0.5806,1,1
436,167,1209.01,154.11,35.78,27.50,0.8368,1,1
436,188,704.60,365.90,25.47,34.81,0.7747,1,1
436,224,849.06,238.78,24.31,29.05,0.2537,1,1
436,226,874.80,146.39,23.09,21.90,0.3871,1,1
436,229,658.48,875.83,39.33,44.31,0.8082,1,1
436,233,1136.94,79.99,28.67,19.39,0.8135,1,1
436,238,1135.14,237.37,20.54,13.44,0.5306,1,1
436,239,1139.97,185.89,16.01,19.65,0.3031,1,1
437,1,741.63,180.94,53.51,41.81,0.8618,1,1
437,4,870.03,124.48,34.83,23.82,0.8349,1,1
437,18,468.68,552.42,110.19,104.66,0.8824,1,1
437,124,1222.70,178.19,24.75,26.61,0.8134,1,1
437,167,1212.53,156.21,37.00,29.46,0.8675,1,1
437,188,702.43,363.20,25.73,36.47,0.7570,1,1
437,224,849.28,236.71,21.61,26.89,0.3974,1,1
437,229,662.72,877.44,41.81,50.87,0.8517,1,1
437,233,1138.25,82.73,29.38,19.88,0.8136,1,1
437,239,1145.88,184.92,16.97,20.62,0.3138,1,1
437,240,1143.28,97.69,20.86,22.49,0.5709,1,1
438,1,740.67,178.30,51.18,42.05,0.8477,1,1
438,4,870.18,123.70,37.39,24.12,0.8216,1,1
438,18,476.66,549.85,110.26,105.01,0.8760,1,1
438,124,1223.14,177.35,26.63,28.00,0.8480,1,1
438,167,1214.69,157.17,35.71,28.78,0.8616,1,1
438,188,700.46,359.93,25.86,39.37,0.7626,1,1
438,224,850.48,236.74,20.99,26.69,0.3873,1,1
438,226,876.44,145.73,23.94,22.72,0.2674,1,1
438,229,669.44,882.65,39.19,48.32,0.8272,1,1
438,233,1138.34,83.27,30.28,20.42,0.8085,1,1
438,240,1143.86,98.86,20.16,21.59,0.4900,1,1
439,1,740.84,176.93,49.32,40.98,0.8627,1,1
439,4,869.62,123.30,39.63,25.01,0.8076,1,1
439,18,485.02,548.27,110.64,107.04,0.8985,1,1
439,124,1223.26,177.59,28.52,30.27,0.8166,1,1
439,167,1216.43,158.02,35.81,30.77,0.8518,1,1
439,188,699.45,356.05,25.72,41.43,0.7350,1,1
439,224,851.12,237.10,20.55,26.38,0.3504,1,1
439,226,877.02,145.80,24.32,23.02,0.4675,1,1
439,229,672.13,883.76,37.59,46.74,0.8167,1,1
439,233,1139.26,83.93,31.71,21.39,0.8173,1,1
439,240,1145.75,100.93,18.98,19.59,0.7092,1,1
439,241,1141.44,228.57,23.88,12.70,0.4093,1,1
440,1,738.54,174.20,49.98,42.69,0.8722,1,1
440,4,869.91,123.54,40.14,24.95,0.8155,1,1
440,18,495.56,546.94,109.05,106.40,0.8881,1,1
440,124,1223.75,176.72,30.33,32.71,0.8610,1,1
440,167,1219.79,158.50,33.67,29.19,0.8433,1,1
440,188,698.89,352.38,23.16,38.61,0.6877,1,1
440,226,878.76,145.92,24.27,22.69,0.5217,1,1
440,229,675.94,884.38,37.05,47.91,0.8317,1,1
440,233,1139.86,84.13,32.27,21.49,0.8144,1,1
440,240,1146.19,100.99,19.46,19.82,0.5926,1,1
440,241,1139.82,225.02,27.21,15.16,0.6228,1,1
440,242,861.61,246.89,15.48,18.76,0.3083,1,1
441,1,736.47,170.18,50.73,44.34,0.9170,1,1
441,4,870.23,122.39,41.11,24.86,0.8406,1,1
441,18,503.82,546.11,108.36,105.67,0.8881,1,1
441,124,1226.07,176.67,29.61,32.28,0.8494,1,1
441,167,1222.19,159.27,32.21,26.91,0.8329,1,1
441,188,697.22,348.39,22.73,39.46,0.6085,1,1
441,224,858.25,238.63,17.20,22.01,0.3221,1,1
441,226,879.22,145.61,24.48,22.79,0.4429,1,1
441,229,677.63,887.72,35.44,45.81,0.8392,1,1
441,233,1140.31,84.41,33.27,21.71,0.8273,1,1
441,240,1148.22,101.45,19.30,19.19,0.6539,1,1
442,1,736.88,170.16,50.25,44.27,0.9182,1,1
442,4,869.96,122.30,41.66,24.87,0.8409,1,1
442,18,503.91,545.91,108.42,105.79,0.8881,1,1
442,124,1226.32,176.71,29.27,32.07,0.8447,1,1
442,167,1222.01,159.28,32.71,26.83,0.8334,1,1
442,188,697.36,348.13,22.03,39.78,0.6172,1,1
442,224,859.23,238.96,16.75,21.38,0.3223,1,1
442,226,879.29,145.51,24.63,22.86,0.4237,1,1
442,229,677.67,887.85,35.34,45.72,0.8395,1,1
442,233,1140.26,84.63,33.68,21.75,0.8269,1,1
442,240,1148.16,101.43,19.77,19.32,0.6605,1,1
443,1,733.29,167.37,46.73,41.55,0.8914,1,1
443,4,872.27,122.88,42.16,24.81,0.8598,1,1
443,18,521.20,540.86,106.89,103.60,0.8745,1,1
443,124,1227.68,177.05,28.62,33.01,0.8685,1,1
443,167,1224.98,160.52,30.39,24.47,0.8004,1,1
443,224,860.14,236.03,15.85,19.20,0.4335,1,1
443,229,681.19,882.24,36.13,49.87,0.8231,1,1
443,233,1141.23,84.82,34.76,22.67,0.8378,1,1
444,1,734.22,166.58,46.43,40.24,0.8674,1,1
444,4,873.00,122.82,42.54,24.86,0.8581,1,1
444,18,525.59,536.90,112.14,106.00,0.8994,1,1
444,124,1229.42,178.13,27.82,33.67,0.8695,1,1
444,167,1227.36,160.52,28.97,23.72,0.8103,1,1
444,229,685.96,880.19,33.71,47.72,0.7981,1,1
444,233,1141.50,85.49,34.86,22.59,0.8338,1,1
444,240,1147.99,103.59,22.23,21.84,0.2996,1,1
445,1,735.40,165.93,45.91,38.61,0.8595,1,1
445,4,873.68,122.73,42.54,24.82,0.8378,1,1
445,18,532.12,533.37,114.58,105.68,0.8932,1,1
445,124,1229.90,179.25,28.54,35.13,0.8384,1,1
445,167,1227.35,160.31,28.46,23.00,0.7812,1,1
445,226,883.85,145.29,24.29,22.90,0.2915,1,1
445,229,692.84,879.54,31.72,45.46,0.8046,1,1
445,233,1141.57,85.40,35.21,23.24,0.8344,1,1
445,240,1148.54,104.18,21.93,21.63,0.2668,1,1
445,244,1156.72,224.10,24.43,16.01,0.5301,1,1
446,1,735.09,165.08,45.62,38.83,0.8850,1,1
446,4,875.55,123.83,42.26,23.50,0.8331,1,1
446,18,543.55,532.13,112.00,106.58,0.9112,1,1
446,124,1229.75,179.30,27.71,34.93,0.8429,1,1
446,167,1226.64,159.80,28.56,22.81,0.8025,1,1
446,226,885.54,145.53,24.14,22.94,0.2951,1,1
446,229,701.04,876.94,29.48,43.84,0.8122,1,1
446,233,1142.30,86.83,34.78,22.69,0.8407,1,1
446,244,1157.23,224.36,24.02,15.70,0.3819,1,1
447,1,736.16,164.28,44.15,38.23,0.8971,1,1
447,4,876.37,123.16,44.12,23.72,0.8322,1,1
447,18,552.42,531.36,109.40,104.95,0.9012,1,1
447,124,1230.15,180.27,26.12,33.62,0.8654,1,1
447,167,1227.09,160.37,28.20,22.14,0.7695,1,1
447,226,887.01,145.02,24.20,23.19,0.2645,1,1
447,229,706.30,870.79,30.33,45.68,0.7914,1,1
447,233,1143.47,87.52,34.25,22.29,0.8360,1,1
447,245,850.74,213.48,20.01,22.19,0.4313,1,1
448,1,736.04,164.19,44.18,38.28,0.8987,1,1
448,4,876.04,123.17,45.04,23.73,0.8323,1,1
448,18,552.66,531.37,109.02,105.02,0.9019,1,1
448,124,1230.40,180.37,25.58,33.06,0.8655,1,1
448,167,1227.01,160.42,28.43,22.11,0.7717,1,1
448,226,887.55,144.96,24.04,23.21,0.3024,1,1
448,229,706.37,870.22,30.29,45.89,0.7967,1,1
448,233,1143.35,87.44,34.40,22.41,0.8369,1,1
448,245,851.39,213.08,20.91,23.17,0.3805,1,1
449,1,735.61,162.94,48.40,39.45,0.8713,1,1
449,4,876.09,121.51,47.23,25.12,0.7457,1,1
449,18,565.80,529.45,109.15,102.44,0.9083,1,1
449,124,1229.98,179.68,25.63,33.28,0.8609,1,1
449,167,1227.84,160.27,28.64,21.82,0.8081,1,1
449,232,1170.80,189.10,17.23,23.00,0.6341,1,1
449,233,1143.84,88.85,34.35,21.82,0.8448,1,1
449,247,858.33,215.35,23.86,20.77,0.3796,1,1
450,1,736.20,162.57,49.01,38.44,0.8778,1,1
450,4,876.40,120.98,48.73,26.22,0.7439,1,1
450,18,570.35,528.48,111.02,103.38,0.9127,1,1
450,124,1229.81,179.87,25.95,34.27,0.8683,1,1
450,167,1229.04,161.13,28.83,20.89,0.8163,1,1
450,219,812.03,335.83,17.19,30.58,0.7267,1,1
450,233,1143.23,89.56,34.86,21.50,0.8440,1,1
450,237,1170.27,189.74,17.98,23.50,0.6095,1,1
451,1,737.51,161.91,50.30,37.80,0.8781,1,1
451,4,877.87,120.91,48.06,25.82,0.7342,1,1
451,18,573.95,527.49,112.60,103.16,0.9020,1,1
451,124,1229.84,180.45,26.27,35.21,0.8569,1,1
451,167,1229.33,161.95,28.56,20.17,0.7902,1,1
451,219,809.57,335.05,18.11,31.26,0.6257,1,1
451,233,1143.61,89.96,35.41,21.84,0.8406,1,1
451,237,1169.79,189.17,18.94,24.88,0.5883,1,1
451,251,743.23,846.01,30.76,42.82,0.8542,1,1
452,1,738.09,162.01,50.33,37.54,0.8808,1,1
452,4,877.95,121.01,48.01,25.74,0.7362,1,1
452,18,573.50,527.48,113.29,103.17,0.9017,1,1
452,124,1229.87,180.33,26.08,35.47,0.8642,1,1
452,167,1229.26,161.92,28.98,20.16,0.7990,1,1
452,219,809.08,334.96,18.55,31.37,0.6226,1,1
452,233,1143.45,89.97,35.46,21.79,0.8403,1,1
452,237,1169.84,188.67,18.78,24.72,0.6418,1,1
452,251,742.79,845.78,32.01,42.92,0.8546,1,1
