3,1,446.71,425.45,81.39,94.65,0.9311,1,1
3,2,1141.79,374.21,106.55,83.03,0.9071,1,1
3,3,697.40,815.35,150.86,123.81,0.9145,1,1
3,4,993.73,25.56,53.34,42.14,0.8969,1,1
3,5,447.36,160.74,53.42,43.19,0.8890,1,1
3,6,687.35,195.72,72.72,80.89,0.8297,1,1
3,8,79.80,623.54,38.33,50.90,0.8267,1,1
3,9,295.51,252.02,38.00,45.19,0.8183,1,1
3,10,1169.77,570.32,57.35,46.23,0.8675,1,1
3,11,301.65,401.31,33.95,32.57,0.7972,1,1
3,12,269.67,225.07,63.44,50.62,0.7938,1,1
3,13,18.88,603.42,23.95,32.59,0.7681,1,1
3,15,1454.47,0.00,35.36,30.02,0.7049,1,1
3,16,645.71,54.23,51.31,39.96,0.7172,1,1
3,17,-1.15,694.00,36.60,115.15,0.5483,1,1
3,18,845.73,654.55,139.73,105.85,0.6426,1,1
3,21,518.34,333.89,27.88,50.00,0.5386,1,1
3,22,927.97,2.65,15.41,14.64,0.4927,1,1
3,23,171.76,526.93,25.00,31.06,0.3067,1,1
3,24,460.12,205.09,36.14,27.04,0.7534,1,1
4,1,446.73,425.45,81.36,94.65,0.9312,1,1
4,2,1142.06,374.20,106.12,83.06,0.9071,1,1
4,3,698.33,815.34,148.90,123.81,0.9146,1,1
4,4,993.77,25.57,53.25,42.14,0.8967,1,1
4,5,447.42,160.76,53.32,43.17,0.8892,1,1
4,6,686.98,196.11,72.96,81.12,0.3467,1,1
4,8,79.21,623.52,39.68,50.83,0.8268,1,1
4,9,295.45,252.07,37.90,45.16,0.8179,1,1
4,10,1169.41,570.35,57.98,46.20,0.8670,1,1
4,11,301.26,401.29,34.60,32.52,0.7971,1,1
4,12,269.70,225.11,63.45,50.64,0.7953,1,1
4,13,19.11,603.41,23.62,32.59,0.7668,1,1
4,15,1454.49,-0.00,35.33,30.03,0.7057,1,1
4,16,645.62,54.21,51.39,39.95,0.7200,1,1
4,17,-1.02,694.22,36.24,115.06,0.5482,1,1
4,18,845.92,654.53,139.45,105.90,0.6657,1,1
4,21,518.53,332.63,27.98,50.40,0.5371,1,1
4,22,928.17,2.71,15.57,14.61,0.4912,1,1
4,23,171.82,526.97,25.21,31.10,0.3013,1,1
4,24,459.95,205.05,36.42,26.96,0.7529,1,1
4,25,931.74,52.52,15.85,17.70,0.4443,1,1
4,26,933.79,48.66,20.59,18.67,0.4316,1,1
4,27,687.11,195.74,73.21,80.94,0.8302,1,1
5,1,446.73,425.30,81.74,94.97,0.9309,1,1
5,2,1141.46,374.60,106.96,84.29,0.9056,1,1
5,3,695.27,816.00,146.06,124.63,0.9089,1,1
5,4,994.14,25.06,53.52,42.50,0.8911,1,1
5,5,446.40,157.97,53.70,44.04,0.8909,1,1
5,6,687.57,198.55,72.27,80.31,0.3021,1,1
5,8,84.32,624.29,39.09,47.28,0.8228,1,1
5,9,295.98,251.82,37.60,45.07,0.8160,1,1
5,10,1174.36,572.05,55.66,44.75,0.8192,1,1
5,11,299.94,400.09,33.02,29.42,0.7864,1,1
5,12,269.76,225.15,63.25,50.35,0.7829,1,1
5,13,19.09,603.50,23.34,32.20,0.7939,1,1
5,15,1454.38,0.17,35.30,30.09,0.7020,1,1
5,16,644.91,53.83,51.42,39.92,0.6882,1,1
5,17,-1.14,693.20,35.66,115.89,0.6703,1,1
5,18,845.44,654.62,139.21,105.94,0.6083,1,1
5,21,522.73,326.89,24.02,41.87,0.8224,1,1
5,22,927.80,2.81,15.42,13.92,0.6258,1,1
5,23,172.07,527.39,24.71,30.22,0.2696,1,1
5,24,458.73,204.34,35.99,26.18,0.7173,1,1
5,25,932.59,54.00,15.43,17.15,0.3369,1,1
5,27,687.43,197.22,72.70,80.70,0.8410,1,1
5,28,699.23,146.44,25.04,26.89,0.5787,1,1
5,29,939.67,46.57,23.98,17.91,0.5980,1,1
5,30,858.55,151.95,74.00,65.33,0.4029,1,1
6,1,446.74,425.28,81.78,95.04,0.9305,1,1
6,2,1140.78,375.75,106.39,84.13,0.9018,1,1
6,3,690.44,816.17,145.53,125.35,0.8979,1,1
6,4,993.99,24.16,53.45,42.68,0.8819,1,1
6,5,445.61,155.64,52.86,44.50,0.8841,1,1
6,8,87.51,624.17,40.06,48.14,0.7960,1,1
6,9,296.28,251.32,37.45,45.34,0.8175,1,1
6,10,1179.28,571.97,55.81,46.79,0.7980,1,1
6,11,297.30,399.06,34.32,29.14,0.7524,1,1
6,12,269.53,225.17,63.40,50.41,0.7801,1,1
6,13,18.95,603.67,23.25,31.69,0.8089,1,1
6,15,1454.00,0.01,34.69,29.84,0.7081,1,1
6,16,644.54,52.64,52.27,41.02,0.7106,1,1
6,17,-1.59,691.91,35.54,118.69,0.6409,1,1
6,18,845.73,654.44,138.63,105.33,0.5952,1,1
6,21,526.24,322.30,24.39,40.79,0.8183,1,1
6,22,927.58,1.43,17.12,13.81,0.7435,1,1
6,24,457.43,201.80,37.66,27.41,0.7721,1,1
6,27,687.78,198.60,72.49,80.47,0.8727,1,1
6,28,702.31,151.83,23.17,23.05,0.7485,1,1
6,29,942.09,45.45,26.97,19.98,0.7002,1,1
7,1,446.97,425.34,81.66,94.95,0.9293,1,1
7,2,1139.79,376.56,106.52,85.00,0.9009,1,1
7,3,687.25,818.07,145.68,128.34,0.8936,1,1
7,4,993.70,23.89,52.77,42.82,0.8767,1,1
7,5,446.15,154.25,51.95,43.94,0.8880,1,1
7,6,688.06,201.23,72.47,80.44,0.3354,1,1
7,8,89.66,620.90,40.18,47.70,0.6287,1,1
7,9,296.03,251.62,37.29,44.96,0.8172,1,1
7,10,1184.88,573.01,55.21,46.22,0.8490,1,1
7,11,297.42,399.33,36.05,30.32,0.7895,1,1
7,12,269.68,225.34,63.04,49.96,0.7928,1,1
7,13,18.65,603.97,23.30,31.18,0.8090,1,1
7,15,1454.01,0.00,34.44,29.90,0.7049,1,1
7,16,644.61,52.62,51.90,40.99,0.7153,1,1
7,17,-1.28,691.03,35.00,119.43,0.6392,1,1
7,18,846.66,654.60,137.75,104.35,0.5424,1,1
7,21,527.55,320.23,24.53,40.92,0.4641,1,1
7,22,926.21,1.41,18.31,14.11,0.7573,1,1
7,24,456.38,199.23,38.98,28.78,0.7932,1,1
7,27,687.68,199.71,72.95,80.91,0.8696,1,1
7,28,703.04,153.74,23.04,22.36,0.7426,1,1
7,29,943.11,46.38,26.28,19.26,0.7429,1,1
7,31,470.02,349.11,24.62,22.30,0.7556,1,1
8,1,447.29,425.30,81.56,95.02,0.9282,1,1
8,2,1139.03,377.63,106.52,85.21,0.8962,1,1
8,3,681.71,821.55,144.90,129.66,0.8931,1,1
8,4,993.43,24.06,52.03,42.47,0.8738,1,1
8,5,446.18,152.31,52.08,44.42,0.8966,1,1
8,8,95.38,621.99,38.91,45.59,0.5021,1,1
8,9,295.36,251.48,37.61,45.14,0.8238,1,1
8,10,1187.19,574.68,59.34,46.20,0.8819,1,1
8,11,300.35,399.99,37.40,33.51,0.8097,1,1
8,12,268.79,225.61,63.96,50.75,0.8041,1,1
8,13,18.44,603.73,23.69,31.54,0.8000,1,1
8,15,1454.43,0.00,34.25,29.76,0.7195,1,1
8,16,644.59,52.30,51.77,41.06,0.6581,1,1
8,17,-1.29,690.52,34.58,120.00,0.5808,1,1
8,18,847.45,654.64,138.04,104.04,0.5342,1,1
8,22,926.59,1.40,18.54,13.80,0.7505,1,1
8,24,456.58,196.71,39.26,29.21,0.7850,1,1
8,27,687.39,199.86,73.06,81.51,0.8912,1,1
8,28,702.44,154.58,23.23,22.09,0.7546,1,1
8,29,947.44,46.47,25.02,18.53,0.7124,1,1
8,31,468.36,348.94,27.37,23.85,0.7923,1,1
9,1,447.74,425.24,81.35,95.18,0.9259,1,1
9,2,1139.17,378.70,107.40,86.17,0.9008,1,1
9,3,675.42,824.98,144.28,129.93,0.8877,1,1
9,4,993.48,24.01,51.69,42.29,0.8606,1,1
9,5,446.79,150.88,51.39,43.24,0.8898,1,1
9,8,97.92,621.72,39.42,45.68,0.4151,1,1
9,9,295.59,251.21,37.59,45.15,0.8269,1,1
9,10,1187.95,573.33,61.72,47.82,0.8842,1,1
9,11,302.26,399.35,38.77,35.84,0.8105,1,1
9,12,268.39,225.67,63.95,51.09,0.8200,1,1
9,13,18.40,603.66,23.74,31.46,0.7967,1,1
9,15,1454.86,0.00,34.25,29.37,0.7369,1,1
9,16,644.82,52.45,51.38,40.79,0.6904,1,1
9,17,-0.31,692.92,33.54,116.80,0.6272,1,1
9,18,847.29,654.34,138.77,104.36,0.4846,1,1
9,22,926.16,1.28,19.18,13.95,0.7515,1,1
9,23,171.06,534.06,22.71,27.57,0.2916,1,1
9,24,456.27,194.10,39.49,28.81,0.7682,1,1
9,27,687.61,200.16,72.93,81.47,0.8921,1,1
9,28,705.56,156.32,23.59,22.48,0.8272,1,1
9,29,949.44,46.71,24.83,18.26,0.6368,1,1
9,31,472.01,348.74,26.01,22.90,0.7051,1,1
9,32,456.29,193.10,39.24,29.06,0.5165,1,1
10,1,447.77,425.17,81.30,95.24,0.9259,1,1
10,2,1139.23,378.76,107.27,86.11,0.9007,1,1
10,3,675.53,824.99,143.90,129.98,0.8877,1,1
10,4,993.52,24.01,51.62,42.30,0.8612,1,1
10,5,446.67,150.84,51.68,43.28,0.8906,1,1
10,8,98.17,621.64,39.92,45.73,0.4126,1,1
10,9,295.61,251.20,37.56,45.09,0.8276,1,1
10,10,1187.92,573.36,61.86,47.80,0.8841,1,1
10,11,302.59,399.30,38.24,36.03,0.8102,1,1
10,12,268.46,225.69,63.78,51.14,0.8214,1,1
10,13,18.32,603.62,23.84,31.50,0.7967,1,1
10,15,1454.76,-0.00,34.52,29.35,0.7367,1,1
10,16,644.85,52.46,51.31,40.75,0.6992,1,1
10,17,-0.16,693.09,33.37,116.54,0.6266,1,1
10,18,847.18,654.27,139.09,104.40,0.4887,1,1
10,22,925.99,1.27,19.49,13.97,0.7519,1,1
10,23,170.85,534.47,22.76,27.44,0.2502,1,1
10,24,456.05,193.98,39.95,28.78,0.7676,1,1
10,27,687.64,200.16,72.89,81.47,0.8920,1,1
10,28,705.64,156.35,23.58,22.51,0.8276,1,1
10,29,949.55,46.74,24.93,18.22,0.6334,1,1
10,31,472.33,348.71,25.72,22.83,0.7018,1,1
10,32,456.16,192.75,39.54,29.13,0.5169,1,1
11,1,448.31,425.11,81.01,95.47,0.9203,1,1
11,2,1138.61,380.06,108.21,85.74,0.9020,1,1
11,3,672.24,827.89,146.06,133.22,0.8701,1,1
11,4,993.53,23.56,51.63,42.14,0.8631,1,1
11,5,447.07,148.63,51.71,42.71,0.8898,1,1
11,9,295.54,251.05,37.53,45.01,0.8225,1,1
11,10,1189.98,573.59,62.41,48.96,0.8689,1,1
11,11,308.45,397.72,34.97,32.18,0.8064,1,1
11,12,268.25,225.81,63.51,51.05,0.8163,1,1
11,13,18.31,603.82,23.59,31.01,0.7857,1,1
11,15,1454.66,0.00,35.60,29.89,0.7510,1,1
11,16,645.21,52.41,51.15,40.60,0.7150,1,1
11,17,0.31,695.48,33.02,114.58,0.6299,1,1
11,18,846.97,654.29,137.89,103.55,0.5933,1,1
11,22,925.58,1.39,19.68,13.95,0.7455,1,1
11,23,170.19,532.81,23.76,28.62,0.3165,1,1
11,24,455.32,191.84,40.50,28.85,0.7410,1,1
11,27,687.68,200.42,72.76,81.47,0.8929,1,1
11,28,706.97,159.06,22.90,21.92,0.7412,1,1
11,29,952.02,47.65,24.99,17.97,0.5899,1,1
11,31,473.07,347.43,25.09,22.29,0.4418,1,1
11,32,454.91,190.14,41.41,30.47,0.3242,1,1
11,35,521.56,326.28,27.49,50.20,0.7955,1,1
12,1,448.93,424.96,80.44,95.60,0.9166,1,1
12,2,1139.12,381.74,108.16,85.10,0.9074,1,1
12,3,670.50,830.82,146.03,136.09,0.8604,1,1
12,4,993.70,23.29,52.11,42.12,0.8529,1,1
12,5,447.18,146.48,52.24,42.97,0.8903,1,1
12,9,296.09,250.92,37.05,44.83,0.8151,1,1
12,10,1194.76,579.71,59.19,45.32,0.8724,1,1
12,11,313.44,397.17,31.93,26.12,0.8201,1,1
12,12,267.72,225.64,63.97,51.71,0.8292,1,1
12,13,17.94,603.88,23.69,31.01,0.7366,1,1
12,15,1454.24,0.00,35.72,29.79,0.7464,1,1
12,16,645.44,53.61,50.35,39.71,0.6393,1,1
12,17,0.46,695.37,33.42,114.81,0.6672,1,1
12,18,847.81,654.17,137.00,102.76,0.6292,1,1
12,22,925.31,1.33,19.84,13.93,0.7293,1,1
12,24,454.54,189.90,41.54,29.30,0.7538,1,1
12,27,687.73,200.59,72.67,81.43,0.8949,1,1
12,28,709.86,163.41,21.43,20.29,0.6153,1,1
12,29,953.04,48.28,26.48,18.98,0.5351,1,1
12,35,517.66,327.59,28.77,52.91,0.3186,1,1
13,1,449.94,425.18,79.63,94.70,0.9109,1,1
13,2,1138.87,382.28,108.75,85.18,0.9088,1,1
13,3,669.13,832.46,144.85,136.22,0.8511,1,1
13,4,994.22,23.61,53.50,42.19,0.8727,1,1
13,5,447.65,143.89,52.99,43.77,0.8877,1,1
13,9,296.68,250.76,36.68,44.90,0.8184,1,1
13,10,1195.87,580.48,59.48,46.03,0.8775,1,1
13,11,316.81,395.14,32.52,22.20,0.8485,1,1
13,12,267.51,225.33,64.05,52.25,0.8350,1,1
13,13,17.53,603.83,23.82,31.17,0.7003,1,1
13,15,1454.72,0.00,35.43,29.24,0.7243,1,1
13,16,645.58,53.68,51.00,39.99,0.6536,1,1
13,17,0.17,693.73,33.77,115.78,0.6676,1,1
13,18,848.88,653.68,135.30,101.25,0.5300,1,1
13,22,925.30,1.10,20.14,14.01,0.7487,1,1
13,24,453.96,189.54,42.10,29.24,0.8270,1,1
13,27,687.71,200.66,72.91,81.11,0.8962,1,1
13,28,711.33,169.41,20.40,19.18,0.3060,1,1
13,29,950.89,50.78,26.96,19.43,0.3957,1,1
13,35,514.63,332.25,28.09,52.70,0.8029,1,1
13,36,977.66,826.36,35.73,46.47,0.5637,1,1
14,1,450.29,425.46,79.47,94.40,0.9096,1,1
14,2,1138.69,383.23,109.08,84.89,0.9101,1,1
14,3,670.58,839.29,144.46,134.58,0.8357,1,1
14,4,993.86,23.13,54.71,42.05,0.8894,1,1
14,5,447.72,142.14,53.30,44.16,0.8889,1,1
14,9,297.30,251.01,35.92,44.35,0.8169,1,1
14,10,1198.68,581.39,58.95,47.06,0.8496,1,1
14,11,318.77,391.83,37.03,23.88,0.8789,1,1
14,12,266.99,225.42,64.33,52.66,0.8333,1,1
14,13,17.50,604.00,23.73,30.82,0.6823,1,1
14,15,1454.67,0.00,35.71,29.58,0.7157,1,1
14,16,646.11,53.97,50.78,39.77,0.4777,1,1
14,17,0.32,694.76,33.71,114.72,0.7042,1,1
14,18,847.38,652.68,134.37,102.92,0.7485,1,1
14,22,925.00,1.04,20.54,14.27,0.7487,1,1
14,24,453.30,188.38,42.90,30.43,0.8304,1,1
14,27,688.14,200.89,74.19,81.33,0.8978,1,1
14,35,514.92,336.75,27.39,51.92,0.8265,1,1
15,1,450.54,425.24,79.48,94.83,0.9073,1,1
15,2,1138.81,384.13,109.62,85.19,0.9115,1,1
15,3,668.24,840.77,144.88,136.53,0.8400,1,1
15,4,995.15,23.13,54.97,41.16,0.8900,1,1
15,5,447.78,141.06,53.34,44.44,0.8860,1,1
15,9,295.89,251.24,36.74,44.72,0.8259,1,1
15,10,1193.24,574.36,67.65,55.53,0.7148,1,1
15,11,325.32,387.78,39.12,26.67,0.8544,1,1
15,12,266.72,225.53,64.57,52.83,0.8304,1,1
15,13,17.86,604.15,23.30,30.19,0.5830,1,1
15,15,1455.65,0.00,35.12,28.90,0.7288,1,1
15,16,646.66,54.04,51.10,40.00,0.4530,1,1
15,17,0.25,694.92,33.68,114.16,0.6757,1,1
15,18,846.86,652.25,133.57,103.63,0.7611,1,1
15,22,925.15,1.11,20.48,14.16,0.7539,1,1
15,24,453.61,187.61,42.39,30.33,0.8305,1,1
15,27,688.19,202.62,75.20,82.08,0.9056,1,1
15,35,514.86,338.28,27.27,52.40,0.8376,1,1
16,1,450.59,425.26,79.37,94.80,0.9074,1,1
16,2,1138.76,384.06,109.73,85.27,0.9115,1,1
16,3,668.56,840.76,144.06,136.64,0.8392,1,1
16,4,994.88,23.13,55.54,41.15,0.8900,1,1
16,5,447.83,141.00,53.24,44.49,0.8857,1,1
16,9,295.72,251.25,37.02,44.70,0.8252,1,1
16,10,1193.77,574.02,66.43,56.01,0.7123,1,1
16,11,325.64,387.65,38.21,26.73,0.8530,1,1
16,12,266.68,225.45,64.65,52.94,0.8320,1,1
16,13,17.81,603.94,23.42,30.33,0.5756,1,1
16,15,1455.63,-0.00,35.24,28.87,0.7289,1,1
16,16,646.76,54.03,51.19,40.04,0.4496,1,1
16,17,0.21,694.94,33.76,114.10,0.6745,1,1
16,18,847.14,652.19,132.85,103.86,0.7612,1,1
16,22,925.13,1.11,20.55,14.16,0.7540,1,1
16,24,453.66,187.56,42.22,30.33,0.8299,1,1
16,27,688.14,202.65,75.32,82.09,0.9054,1,1
16,35,514.94,338.30,27.09,52.41,0.8373,1,1
16,39,1196.12,560.84,47.18,43.60,0.3974,1,1
16,40,699.56,171.58,33.48,16.96,0.4080,1,1
16,41,1145.60,543.23,40.12,30.22,0.2768,1,1
16,42,993.76,49.56,26.92,28.69,0.6076,1,1
17,1,450.72,425.12,79.39,95.14,0.9090,1,1
17,2,1139.72,384.67,109.50,85.76,0.9113,1,1
17,3,665.90,842.05,142.94,136.74,0.8453,1,1
17,4,995.98,22.92,55.78,39.91,0.8863,1,1
17,5,447.90,140.94,53.35,44.30,0.8883,1,1
17,9,295.00,251.04,37.57,44.82,0.8250,1,1
17,10,1182.03,559.26,79.57,71.93,0.6451,1,1
17,11,329.38,384.19,39.52,29.10,0.8913,1,1
17,12,266.69,225.59,63.99,52.69,0.8353,1,1
17,13,17.53,603.77,23.73,30.71,0.5248,1,1
17,15,1455.51,0.00,35.37,28.95,0.7339,1,1
17,16,646.86,53.89,51.61,40.27,0.5449,1,1
17,17,0.13,694.94,33.97,114.59,0.6126,1,1
17,18,847.82,652.11,131.04,103.21,0.8081,1,1
17,22,925.12,1.00,20.77,14.35,0.7568,1,1
17,23,170.01,532.82,23.34,27.72,0.2886,1,1
17,24,453.44,187.29,42.08,30.17,0.8257,1,1
17,27,688.32,202.86,75.51,81.76,0.9088,1,1
17,35,515.59,342.09,26.65,51.18,0.8175,1,1
17,36,977.62,826.99,42.60,54.73,0.3035,1,1
17,39,1194.61,557.47,40.92,37.49,0.2631,1,1
17,40,695.79,170.98,35.61,19.27,0.6220,1,1
17,41,1147.70,541.61,41.09,30.87,0.3619,1,1
17,42,994.95,49.59,27.14,28.90,0.4501,1,1
17,44,74.02,452.32,35.33,30.50,0.3187,1,1
17,45,953.71,58.72,24.18,16.99,0.3232,1,1
17,46,858.08,153.17,61.76,70.30,0.8031,1,1
18,1,450.82,425.15,79.31,95.17,0.9102,1,1
18,2,1140.78,385.89,109.07,85.96,0.9115,1,1
18,3,664.50,842.88,142.70,137.48,0.7984,1,1
18,4,995.15,22.82,57.72,40.21,0.8650,1,1
18,5,448.08,140.33,53.87,45.24,0.8881,1,1
18,9,295.28,250.48,37.38,44.55,0.8278,1,1
18,10,1181.27,556.18,82.31,77.25,0.4359,1,1
18,11,332.17,379.89,42.90,30.69,0.8789,1,1
18,12,266.24,225.74,64.00,53.08,0.8291,1,1
18,13,17.42,603.33,23.74,30.76,0.4884,1,1
18,15,1454.75,0.15,35.81,29.61,0.7023,1,1
18,16,647.58,53.74,52.24,40.66,0.5976,1,1
18,17,0.25,695.91,33.91,113.63,0.6991,1,1
18,18,848.86,652.74,130.87,101.78,0.7971,1,1
18,22,925.08,0.97,20.86,14.42,0.7583,1,1
18,23,169.60,532.32,23.85,28.08,0.2895,1,1
18,24,453.79,187.66,41.88,30.05,0.8203,1,1
18,27,688.33,203.03,75.82,81.82,0.9105,1,1
18,35,515.93,344.36,26.16,50.19,0.6343,1,1
18,36,976.53,830.84,41.95,51.62,0.5101,1,1
18,39,1192.47,554.48,43.91,37.49,0.7918,1,1
18,40,693.36,169.89,35.54,21.90,0.7614,1,1
18,42,994.73,49.37,27.75,29.28,0.5312,1,1
18,44,73.92,452.56,35.37,30.40,0.3100,1,1
18,45,952.72,59.86,25.89,18.79,0.4582,1,1
18,46,861.65,152.69,58.56,68.87,0.9011,1,1
19,1,450.88,425.15,79.10,94.67,0.9096,1,1
19,2,1141.19,387.14,108.96,85.98,0.9134,1,1
19,3,670.84,850.70,138.61,131.12,0.7793,1,1
19,4,996.10,22.83,57.19,39.72,0.8619,1,1
19,5,448.72,140.48,53.94,46.02,0.8942,1,1
19,8,101.43,614.68,42.58,47.76,0.2661,1,1
19,9,294.76,250.07,37.50,44.59,0.8350,1,1
19,10,1186.43,553.50,68.50,67.34,0.5558,1,1
19,11,334.53,374.89,44.93,32.71,0.8921,1,1
19,12,266.24,225.72,63.63,52.79,0.8299,1,1
19,13,17.65,603.96,23.19,29.81,0.5104,1,1
19,15,1454.64,0.01,36.28,30.34,0.7495,1,1
19,16,648.07,52.66,53.10,41.95,0.6866,1,1
19,17,-0.35,695.09,34.76,117.59,0.6921,1,1
19,18,847.13,653.04,129.80,101.91,0.8143,1,1
19,22,925.05,0.97,20.93,14.48,0.7577,1,1
19,23,169.61,532.61,24.00,27.90,0.3981,1,1
19,24,454.17,189.66,41.06,29.01,0.8186,1,1
19,27,687.80,202.80,76.24,82.56,0.9110,1,1
19,35,516.46,347.40,24.53,47.12,0.5423,1,1
19,36,974.57,835.88,40.53,48.08,0.4692,1,1
19,39,1190.78,553.03,47.04,38.61,0.8391,1,1
19,40,686.61,162.96,34.82,22.96,0.7203,1,1
19,42,994.61,49.68,27.61,28.72,0.5076,1,1
19,44,73.70,452.38,35.73,30.60,0.3204,1,1
19,45,954.60,60.66,26.09,19.25,0.3040,1,1
19,46,864.18,152.20,57.80,69.72,0.9137,1,1
19,47,468.15,328.54,29.34,23.52,0.5923,1,1
20,1,450.69,425.10,79.31,94.80,0.9083,1,1
20,2,1141.45,388.10,108.91,86.30,0.9177,1,1
20,3,667.05,852.19,140.69,133.55,0.7854,1,1
20,4,996.85,23.22,55.54,38.84,0.8680,1,1
20,5,448.80,140.76,54.37,47.61,0.8946,1,1
20,8,101.63,614.53,43.03,47.42,0.3056,1,1
20,9,293.30,249.61,38.76,46.05,0.8414,1,1
20,10,1187.01,553.05,69.25,70.37,0.3746,1,1
20,11,338.60,367.84,44.57,34.13,0.8658,1,1
20,12,265.92,226.01,63.80,53.31,0.8352,1,1
20,13,18.16,603.32,23.22,29.52,0.5175,1,1
20,15,1454.44,0.00,36.36,30.62,0.7599,1,1
20,16,649.00,52.22,53.04,42.31,0.7207,1,1
20,17,-1.08,692.66,35.14,121.66,0.6740,1,1
20,18,846.50,652.80,129.64,102.67,0.7987,1,1
20,22,924.96,0.95,21.04,14.57,0.7585,1,1
20,23,169.48,533.26,23.63,27.19,0.3020,1,1
20,24,454.25,190.41,40.96,28.56,0.8016,1,1
20,27,688.46,203.36,75.58,81.09,0.9070,1,1
20,35,518.08,350.49,23.21,43.85,0.7147,1,1
20,39,1190.10,552.86,47.70,38.77,0.8338,1,1
20,40,685.94,154.85,32.98,26.76,0.8446,1,1
20,42,994.54,49.75,27.77,28.68,0.3109,1,1
20,44,73.39,452.08,36.16,30.86,0.3493,1,1
20,46,866.45,151.93,59.17,72.72,0.9125,1,1
20,47,465.73,328.63,30.27,24.08,0.6377,1,1
21,1,450.62,425.21,79.29,94.56,0.8991,1,1
21,2,1141.59,388.86,108.92,86.77,0.9130,1,1
21,3,666.73,851.82,140.46,134.19,0.7690,1,1
21,4,997.00,22.91,55.48,40.09,0.8863,1,1
21,5,449.18,144.01,52.84,45.82,0.8891,1,1
21,8,100.78,614.49,43.35,46.75,0.4284,1,1
21,9,292.71,248.63,39.44,47.15,0.8446,1,1
21,10,1192.87,552.87,54.95,56.39,0.3158,1,1
21,11,342.44,368.28,41.90,30.23,0.8622,1,1
21,12,265.88,226.14,63.63,53.49,0.8352,1,1
21,15,1454.40,-0.00,36.33,30.62,0.7673,1,1
21,16,649.75,52.25,52.70,42.33,0.7478,1,1
21,17,-0.80,692.59,34.40,120.83,0.6594,1,1
21,18,846.68,652.89,128.29,101.67,0.8086,1,1
21,22,925.00,0.97,20.88,14.48,0.7554,1,1
21,24,454.14,191.00,41.67,28.81,0.7880,1,1
21,27,689.48,204.35,74.51,79.46,0.9036,1,1
21,35,519.19,352.26,22.53,42.48,0.2628,1,1
21,39,1188.86,552.96,49.17,40.51,0.8240,1,1
21,40,687.99,148.13,34.01,31.92,0.8329,1,1
21,42,994.32,49.08,28.78,29.67,0.4714,1,1
21,44,73.27,451.97,36.35,30.93,0.3224,1,1
21,46,869.66,150.71,61.30,75.94,0.8576,1,1
21,47,463.58,329.03,31.83,25.49,0.6943,1,1
22,1,450.58,425.20,79.37,94.58,0.8993,1,1
22,2,1141.67,388.85,108.74,86.79,0.9127,1,1
22,3,666.85,851.66,140.03,134.33,0.7620,1,1
22,4,997.35,22.90,54.78,40.10,0.8863,1,1
22,5,449.08,144.06,53.03,45.80,0.8893,1,1
22,8,100.38,614.47,43.83,46.60,0.4185,1,1
22,9,292.72,248.54,39.39,47.24,0.8448,1,1
22,10,1194.70,552.91,50.47,52.34,0.3250,1,1
22,11,341.91,368.28,43.05,30.15,0.8623,1,1
22,12,266.00,226.13,63.41,53.49,0.8355,1,1
22,15,1454.41,-0.00,36.31,30.63,0.7671,1,1
22,16,649.88,52.24,52.46,42.31,0.7502,1,1
22,17,-0.19,693.61,33.15,116.76,0.6621,1,1
22,18,846.70,652.88,128.21,101.72,0.8120,1,1
22,22,925.00,0.97,20.87,14.48,0.7557,1,1
22,24,454.07,190.99,41.91,28.80,0.7864,1,1
22,27,689.42,204.35,74.66,79.43,0.9040,1,1
22,35,519.60,352.57,22.35,42.05,0.2692,1,1
22,36,968.08,845.99,39.30,43.26,0.5090,1,1
22,39,1189.01,552.93,48.86,40.59,0.8246,1,1
22,40,689.60,147.88,31.29,32.09,0.8325,1,1
22,42,994.25,48.95,28.99,29.85,0.4723,1,1
22,44,73.19,452.07,36.36,30.85,0.3144,1,1
22,46,869.86,150.68,61.05,76.00,0.8583,1,1
22,47,463.49,329.05,31.93,25.68,0.6926,1,1
23,1,449.84,425.26,79.76,94.68,0.8908,1,1
23,2,1142.17,388.57,110.23,88.81,0.9087,1,1
23,3,664.90,850.46,142.37,138.57,0.7958,1,1
23,4,997.76,23.55,53.86,38.85,0.8874,1,1
23,5,449.06,146.07,52.16,44.62,0.8891,1,1
23,8,98.24,612.63,46.23,49.75,0.8260,1,1
23,9,291.74,247.96,39.80,47.98,0.8451,1,1
23,10,1198.55,553.97,44.08,45.26,0.5066,1,1
23,11,345.44,365.38,42.13,28.89,0.8554,1,1
23,12,265.49,226.35,63.18,53.34,0.8341,1,1
23,15,1454.74,0.05,36.05,30.33,0.7332,1,1
23,16,649.97,52.27,52.37,42.47,0.7588,1,1
23,17,-0.37,693.04,33.48,118.68,0.6307,1,1
23,18,845.93,652.73,128.75,102.09,0.8086,1,1
23,22,925.05,1.00,20.94,14.46,0.7488,1,1
23,24,454.57,191.79,41.25,28.00,0.7875,1,1
23,27,689.56,204.80,74.68,80.18,0.9070,1,1
23,35,520.24,352.72,22.14,41.41,0.3376,1,1
23,36,965.10,851.66,43.02,38.28,0.7599,1,1
23,39,1190.85,553.60,48.01,40.15,0.8064,1,1
23,40,691.48,143.79,34.77,35.41,0.5242,1,1
23,42,993.38,48.51,29.38,30.37,0.4060,1,1
23,44,72.93,452.20,36.34,30.73,0.3467,1,1
23,46,872.89,149.33,60.74,76.76,0.7957,1,1
23,47,460.48,329.10,33.93,27.60,0.6819,1,1
23,52,967.15,749.13,54.92,43.03,0.7142,1,1
24,1,449.46,425.40,79.74,94.54,0.8832,1,1
24,2,1143.88,388.83,109.28,88.90,0.9090,1,1
24,3,664.42,850.18,142.23,139.81,0.7802,1,1
24,4,997.96,23.71,53.52,38.29,0.8831,1,1
24,5,448.90,146.95,52.28,44.19,0.8910,1,1
24,8,98.20,611.24,42.93,48.15,0.7961,1,1
24,9,291.71,247.07,39.86,49.02,0.8510,1,1
24,10,1202.06,559.66,58.28,69.29,0.6101,1,1
24,11,346.36,362.19,44.61,30.27,0.8533,1,1
24,12,265.41,226.92,62.47,52.73,0.8209,1,1
24,13,17.89,602.54,24.04,30.72,0.2868,1,1
24,15,1454.54,0.00,36.20,30.41,0.7323,1,1
24,16,649.95,52.43,52.10,42.38,0.7771,1,1
24,17,-0.32,693.03,33.52,119.50,0.6360,1,1
24,18,846.18,652.48,130.69,102.39,0.7742,1,1
24,22,925.07,1.04,20.94,14.43,0.7513,1,1
24,24,454.51,192.33,41.46,28.01,0.8084,1,1
24,27,689.54,203.82,75.31,81.33,0.9068,1,1
24,35,520.09,351.87,22.84,42.74,0.3556,1,1
24,36,962.31,852.47,45.50,37.85,0.7682,1,1
24,39,1192.11,554.55,47.92,39.47,0.7136,1,1
24,40,694.62,144.18,27.90,29.72,0.7795,1,1
24,44,72.90,452.40,36.17,30.43,0.2919,1,1
24,46,878.15,149.20,58.11,73.97,0.8718,1,1
24,47,459.24,329.73,33.88,27.96,0.7029,1,1
24,52,967.42,747.92,54.89,44.31,0.7835,1,1
25,1,448.79,425.84,79.80,94.63,0.8857,1,1
25,2,1145.27,389.75,108.31,88.67,0.9068,1,1
25,3,665.03,850.20,142.09,141.46,0.7527,1,1
25,4,998.33,23.61,53.71,38.52,0.8259,1,1
25,5,447.87,147.28,52.90,44.17,0.8958,1,1
25,8,96.12,610.08,41.87,48.05,0.6068,1,1
25,9,291.60,247.01,39.60,49.19,0.8490,1,1
25,10,1198.82,556.53,48.40,55.99,0.3565,1,1
25,11,345.54,361.87,46.79,31.42,0.8449,1,1
25,12,265.14,226.72,62.31,53.02,0.8163,1,1
25,15,1454.20,-0.00,36.25,30.44,0.7257,1,1
25,16,649.80,52.48,51.88,42.08,0.7696,1,1
25,17,0.02,693.61,33.46,119.18,0.6737,1,1
25,18,846.83,653.11,128.28,100.86,0.8238,1,1
25,22,925.14,1.11,20.88,14.32,0.7491,1,1
25,24,454.26,192.50,41.44,27.78,0.7863,1,1
25,27,690.46,205.19,74.14,80.09,0.9098,1,1
25,35,519.41,347.00,24.60,46.41,0.4189,1,1
25,36,960.31,852.32,47.68,37.29,0.8241,1,1
25,39,1191.65,554.53,47.70,39.12,0.5235,1,1
25,40,696.85,147.33,24.92,28.34,0.7721,1,1
25,44,72.93,452.45,36.18,30.32,0.2761,1,1
25,46,883.59,147.19,58.68,73.03,0.8577,1,1
25,47,459.27,329.88,33.63,28.18,0.7395,1,1
25,52,965.76,748.73,55.21,45.10,0.8168,1,1
26,1,448.21,424.48,80.30,95.66,0.8374,1,1
26,2,1146.20,389.47,108.44,89.02,0.9087,1,1
26,3,665.72,851.26,140.95,140.95,0.6108,1,1
26,4,998.97,23.83,52.86,37.80,0.8268,1,1
26,5,447.56,147.47,52.77,43.87,0.8949,1,1
26,8,91.97,607.41,39.87,50.29,0.7798,1,1
26,9,291.56,247.12,39.17,48.83,0.8475,1,1
26,10,1194.05,556.08,56.02,65.74,0.5651,1,1
26,11,346.71,362.39,46.24,31.81,0.8540,1,1
26,12,265.22,227.14,61.81,52.77,0.8105,1,1
26,15,1454.04,-0.00,36.07,30.31,0.7280,1,1
26,16,649.42,52.58,51.61,41.09,0.8023,1,1
26,17,-0.20,692.89,33.85,121.20,0.6696,1,1
26,18,846.59,653.01,131.05,102.28,0.8302,1,1
26,22,925.09,1.14,20.96,14.34,0.7488,1,1
26,23,170.36,536.56,21.92,24.89,0.2888,1,1
26,24,453.23,192.27,41.50,27.83,0.7930,1,1
26,27,690.40,204.87,74.21,80.82,0.9116,1,1
26,35,518.63,339.08,25.51,50.79,0.8203,1,1
26,36,957.42,850.48,50.13,38.29,0.8267,1,1
26,39,1191.27,555.09,53.47,43.89,0.4690,1,1
26,40,699.32,151.08,21.32,24.17,0.5421,1,1
26,44,72.97,452.51,36.29,30.29,0.2874,1,1
26,46,887.72,145.58,60.62,75.74,0.9107,1,1
26,47,459.19,329.88,33.84,28.79,0.7480,1,1
26,52,965.42,752.03,53.93,44.46,0.8137,1,1
27,1,448.16,423.90,80.55,96.02,0.8818,1,1
27,2,1146.78,389.21,109.00,89.09,0.9069,1,1
27,3,666.45,852.67,139.61,140.21,0.6234,1,1
27,4,999.21,24.15,53.17,37.92,0.8439,1,1
27,5,446.55,146.77,52.77,44.21,0.8915,1,1
27,8,91.80,606.89,39.81,56.13,0.8229,1,1
27,9,291.75,246.96,39.00,48.92,0.8491,1,1
27,11,348.14,362.92,47.15,32.63,0.8434,1,1
27,12,265.06,227.01,61.85,53.00,0.8039,1,1
27,13,17.66,602.39,24.27,31.43,0.2520,1,1
27,15,1454.13,-0.00,36.24,30.33,0.7322,1,1
27,16,649.25,52.90,51.84,40.83,0.8340,1,1
27,17,-0.07,692.93,34.02,122.04,0.6919,1,1
27,18,847.54,653.16,131.70,101.80,0.7850,1,1
27,22,925.18,1.08,20.99,14.32,0.7509,1,1
27,23,170.35,536.70,22.00,24.76,0.2798,1,1
27,24,452.56,192.19,41.78,28.23,0.7828,1,1
27,27,690.62,203.99,73.89,80.29,0.9108,1,1
27,35,519.87,329.52,23.34,44.85,0.8438,1,1
27,36,954.69,848.85,50.87,38.98,0.8108,1,1
27,40,705.88,153.00,22.13,24.60,0.5152,1,1
27,44,72.98,452.51,36.41,30.29,0.2710,1,1
27,46,891.67,143.27,61.29,73.89,0.9170,1,1
27,47,460.24,330.19,32.53,27.76,0.7691,1,1
27,52,963.23,754.13,54.85,45.19,0.2681,1,1
27,55,721.23,150.55,32.49,22.01,0.7731,1,1
27,56,62.80,576.57,28.62,34.44,0.2611,1,1
28,1,448.17,423.89,80.54,96.03,0.8818,1,1
28,2,1146.69,389.19,109.18,89.11,0.9069,1,1
28,3,666.69,852.75,139.14,140.20,0.5995,1,1
28,4,999.18,24.16,53.24,37.93,0.8440,1,1
28,5,446.62,146.76,52.61,44.21,0.8915,1,1
28,8,92.84,606.90,37.75,56.41,0.8233,1,1
28,9,291.82,246.97,38.86,48.90,0.8488,1,1
28,11,348.24,362.94,47.03,32.65,0.8432,1,1
28,12,265.13,227.01,61.72,53.01,0.8044,1,1
28,13,17.73,602.38,24.07,31.50,0.2568,1,1
28,15,1454.08,-0.00,36.33,30.32,0.7324,1,1
28,16,649.11,52.91,52.10,40.83,0.8324,1,1
28,17,-0.04,692.92,33.99,122.13,0.6916,1,1
28,18,847.15,653.15,132.59,101.79,0.7845,1,1
28,22,925.16,1.08,21.03,14.31,0.7508,1,1
28,23,170.28,536.74,22.13,24.74,0.2670,1,1
28,24,452.62,192.18,41.61,28.26,0.7829,1,1
28,27,690.59,203.98,73.95,80.28,0.9108,1,1
28,35,519.74,329.29,23.56,44.71,0.8417,1,1
28,36,954.65,848.78,50.81,39.02,0.8111,1,1
28,40,706.74,153.33,22.60,24.66,0.5146,1,1
28,44,72.92,452.50,36.52,30.30,0.2756,1,1
28,46,891.44,143.25,61.88,73.87,0.9169,1,1
28,47,460.33,330.21,32.39,27.69,0.7692,1,1
28,52,962.38,754.91,55.17,45.41,0.2651,1,1
28,55,721.54,150.72,31.93,22.18,0.7731,1,1
28,56,62.77,576.52,28.74,34.48,0.2640,1,1
28,57,834.30,211.56,30.97,31.49,0.6792,1,1
28,59,110.90,798.11,22.51,47.43,0.5377,1,1
28,60,666.56,89.63,31.00,33.62,0.5208,1,1
29,1,447.61,423.84,80.36,97.27,0.8727,1,1
29,2,1148.20,388.35,108.12,87.60,0.9080,1,1
29,3,666.70,853.51,138.58,139.84,0.4693,1,1
29,4,999.86,24.28,53.56,38.33,0.8276,1,1
29,5,445.47,145.62,53.23,45.26,0.8914,1,1
29,9,292.44,246.25,38.44,49.06,0.8500,1,1
29,11,350.06,362.76,46.98,33.39,0.8355,1,1
29,12,264.97,226.87,61.73,53.25,0.7962,1,1
29,13,18.31,602.97,23.21,30.54,0.3309,1,1
29,15,1453.98,-0.00,36.52,30.41,0.7310,1,1
29,16,648.81,52.92,52.47,40.80,0.8347,1,1
29,17,-0.00,692.47,34.60,124.39,0.6897,1,1
29,18,847.47,653.59,133.33,102.37,0.8201,1,1
29,22,925.08,1.08,21.13,14.37,0.7579,1,1
29,23,170.35,536.87,22.24,24.71,0.3406,1,1
29,24,451.58,190.96,42.49,28.97,0.7975,1,1
29,27,690.35,201.52,74.83,82.56,0.9056,1,1
29,35,519.88,318.79,22.36,41.07,0.8097,1,1
29,36,954.95,848.42,51.14,38.63,0.7249,1,1
29,40,708.68,155.63,22.00,23.79,0.3713,1,1
29,42,998.38,55.00,25.79,26.05,0.2851,1,1
29,46,896.29,143.14,61.15,71.73,0.8959,1,1
29,47,463.51,331.02,31.48,26.31,0.7563,1,1
29,55,723.90,152.96,30.47,20.54,0.6218,1,1
29,59,109.87,797.04,22.38,46.61,0.7267,1,1
29,60,665.89,91.83,29.35,32.16,0.5798,1,1
30,1,447.04,423.64,80.54,98.70,0.7942,1,1
30,2,1149.20,386.86,107.61,87.58,0.9077,1,1
30,3,666.89,854.25,137.96,139.36,0.4607,1,1
30,4,1000.30,25.24,53.89,37.72,0.8415,1,1
30,5,444.67,144.87,53.35,45.44,0.8928,1,1
30,9,292.30,246.22,38.38,48.99,0.8457,1,1
30,10,1192.30,552.82,55.29,66.81,0.6027,1,1
30,11,350.41,363.93,47.01,32.92,0.8215,1,1
30,12,265.33,226.88,61.41,52.84,0.7821,1,1
30,13,18.30,602.76,23.23,30.78,0.4291,1,1
30,15,1454.10,-0.00,36.48,30.02,0.7386,1,1
30,16,649.08,53.01,52.34,40.47,0.8330,1,1
30,17,0.17,693.12,34.28,122.82,0.7006,1,1
30,18,847.24,653.60,134.14,103.06,0.8244,1,1
30,22,925.21,1.02,21.11,14.34,0.7673,1,1
30,23,170.01,536.55,22.52,24.96,0.2988,1,1
30,24,450.86,190.43,42.19,29.00,0.8168,1,1
30,27,690.56,200.67,74.30,82.32,0.9012,1,1
30,35,517.15,309.26,23.63,39.47,0.8476,1,1
30,36,950.95,847.65,52.50,38.41,0.7846,1,1
30,39,1189.79,552.60,53.50,45.80,0.5984,1,1
30,40,716.67,154.78,21.87,22.99,0.3000,1,1
30,42,998.69,53.04,27.81,28.10,0.4883,1,1
30,44,72.83,451.12,37.72,31.39,0.2517,1,1
30,46,900.04,141.70,60.66,72.47,0.8955,1,1
30,47,466.85,329.89,29.28,24.06,0.6325,1,1
30,55,727.70,151.42,31.58,20.92,0.7298,1,1
30,59,108.86,797.77,22.08,44.87,0.6165,1,1
30,60,665.91,91.30,29.20,32.07,0.5386,1,1
31,1,448.84,424.09,77.84,95.02,0.5909,1,1
31,2,1148.75,386.64,107.54,86.53,0.9055,1,1
31,3,666.93,854.58,138.06,139.69,0.3130,1,1
31,4,999.76,25.32,54.68,37.82,0.8698,1,1
31,5,443.76,145.01,53.64,45.26,0.8935,1,1
31,9,292.47,246.00,38.37,48.97,0.8431,1,1
31,10,1194.23,553.70,52.29,64.74,0.6552,1,1
31,11,349.66,363.53,47.09,33.07,0.8280,1,1
31,12,265.14,226.73,61.77,53.18,0.7760,1,1
31,13,18.50,602.54,23.08,30.50,0.3036,1,1
31,15,1453.97,-0.00,36.75,30.01,0.7381,1,1
31,16,649.43,52.89,52.53,40.63,0.8357,1,1
31,17,0.03,693.82,34.47,123.57,0.6889,1,1
31,18,847.23,653.61,136.06,104.25,0.8175,1,1
31,22,925.11,1.00,21.10,14.29,0.7676,1,1
31,23,169.78,536.26,22.70,25.13,0.3325,1,1
31,24,449.75,189.73,42.11,28.81,0.8101,1,1
31,27,690.08,200.02,74.52,82.50,0.8982,1,1
31,35,515.39,304.54,24.93,39.03,0.8310,1,1
31,36,944.54,846.25,54.21,39.63,0.8169,1,1
31,39,1193.18,553.20,51.18,45.21,0.6789,1,1
31,40,714.08,155.70,21.06,21.71,0.3436,1,1
31,42,998.26,52.10,27.95,29.70,0.6037,1,1
31,46,903.21,140.25,63.74,72.87,0.8980,1,1
31,47,471.63,329.59,26.88,21.20,0.6305,1,1
31,52,955.89,763.51,54.36,44.22,0.3141,1,1
31,55,732.57,147.04,33.20,22.60,0.7680,1,1
31,60,667.90,88.02,30.85,34.25,0.4101,1,1
31,64,1205.62,555.17,41.00,74.54,0.6531,1,1
31,65,959.03,73.50,25.00,18.67,0.4048,1,1
32,1,448.91,423.63,78.44,95.46,0.5075,1,1
32,2,1149.23,386.12,107.75,86.04,0.9069,1,1
32,4,999.69,25.46,54.90,37.47,0.8731,1,1
32,5,442.59,143.53,54.51,45.37,0.8907,1,1
32,9,292.96,246.11,38.24,48.82,0.8424,1,1
32,10,1194.79,553.10,52.55,68.90,0.7511,1,1
32,11,349.00,364.19,47.50,33.40,0.8205,1,1
32,12,265.24,226.69,61.97,53.33,0.7724,1,1
32,13,17.73,602.40,23.59,31.37,0.2901,1,1
32,15,1453.68,-0.00,37.02,30.08,0.7411,1,1
32,16,650.56,52.62,52.17,40.41,0.8296,1,1
32,17,-0.02,694.53,34.59,124.18,0.6874,1,1
32,18,848.62,654.22,131.62,102.49,0.8621,1,1
32,22,925.11,1.04,21.25,14.38,0.7664,1,1
32,24,450.48,189.01,40.06,26.82,0.8022,1,1
32,27,689.81,199.78,74.55,82.50,0.8866,1,1
32,35,515.93,301.69,25.00,38.61,0.6318,1,1
32,36,942.37,845.95,52.91,39.29,0.8158,1,1
32,39,1194.59,552.54,50.02,45.27,0.7310,1,1
32,40,711.09,154.39,22.74,22.80,0.5590,1,1
32,42,999.47,52.80,26.94,29.20,0.6526,1,1
32,46,906.20,139.50,62.37,71.04,0.9225,1,1
32,47,480.75,327.94,26.98,20.35,0.6649,1,1
32,52,955.36,769.53,52.66,42.85,0.6694,1,1
32,55,730.90,143.33,30.93,21.61,0.8147,1,1
32,60,669.25,85.80,31.59,35.53,0.3245,1,1
32,65,965.40,75.37,24.90,19.01,0.7688,1,1
32,66,446.59,421.13,82.49,100.53,0.6433,1,1
33,1,448.58,423.80,78.21,94.92,0.4875,1,1
33,2,1149.47,385.64,108.19,86.79,0.9027,1,1
33,4,999.54,25.32,55.33,37.62,0.8756,1,1
33,5,441.84,141.46,55.03,46.21,0.8761,1,1
33,9,293.12,246.04,38.21,49.04,0.8468,1,1
33,10,1196.20,552.88,49.08,64.65,0.7717,1,1
33,11,348.41,364.35,45.26,32.38,0.8261,1,1
33,12,265.08,226.77,61.85,53.34,0.7564,1,1
33,15,1453.61,-0.00,37.15,30.09,0.7369,1,1
33,16,651.86,52.43,51.85,40.22,0.8468,1,1
33,17,0.06,695.77,33.95,121.80,0.6904,1,1
33,18,849.16,654.81,130.75,102.34,0.8484,1,1
33,22,925.18,1.10,21.15,14.31,0.7689,1,1
33,24,449.94,187.97,39.92,26.09,0.7942,1,1
33,27,689.39,199.61,73.91,82.79,0.8801,1,1
33,35,515.55,303.15,26.25,38.47,0.7038,1,1
33,36,941.17,846.32,51.78,38.90,0.8179,1,1
33,39,1194.80,552.34,49.37,45.87,0.7742,1,1
33,42,999.64,52.85,26.68,29.32,0.6615,1,1
33,46,909.76,138.63,61.80,69.67,0.8965,1,1
33,47,484.05,326.59,27.60,20.74,0.5058,1,1
33,52,954.27,770.84,51.32,41.98,0.3018,1,1
33,55,728.28,140.99,29.50,21.66,0.6899,1,1
33,59,106.10,798.99,20.56,40.09,0.4138,1,1
33,60,669.86,84.84,32.07,36.60,0.3964,1,1
33,65,965.13,75.99,24.50,19.18,0.7375,1,1
33,66,446.67,421.45,81.10,99.44,0.6310,1,1
34,1,448.44,423.86,78.28,94.76,0.4841,1,1
34,2,1149.52,385.64,108.03,86.80,0.9027,1,1
34,4,999.49,25.32,55.42,37.62,0.8756,1,1
34,5,441.98,141.49,54.73,46.16,0.8761,1,1
34,9,293.14,246.04,38.14,49.05,0.8463,1,1
34,10,1196.22,552.86,49.07,65.00,0.7693,1,1
34,11,348.65,364.37,44.73,32.34,0.8257,1,1
34,12,265.11,226.75,61.79,53.34,0.7580,1,1
34,15,1453.58,-0.00,37.21,30.07,0.7366,1,1
34,16,651.90,52.42,51.81,40.22,0.8468,1,1
34,17,0.05,695.85,33.93,121.71,0.6875,1,1
34,18,849.35,654.82,130.40,102.39,0.8495,1,1
34,22,925.18,1.11,21.15,14.30,0.7689,1,1
34,24,449.62,187.94,40.49,26.05,0.7946,1,1
34,27,689.58,199.61,73.51,82.79,0.8801,1,1
34,35,515.03,303.33,27.31,38.42,0.7042,1,1
34,36,941.30,846.32,51.45,38.91,0.8177,1,1
34,39,1195.06,552.32,48.88,46.11,0.7740,1,1
34,42,999.76,52.87,26.46,29.33,0.6614,1,1
34,46,909.66,138.63,62.08,69.66,0.8966,1,1
34,47,484.51,326.38,27.82,20.82,0.5010,1,1
34,52,954.09,771.09,50.75,41.74,0.3086,1,1
34,55,728.63,140.79,28.17,21.65,0.6894,1,1
34,59,105.64,799.06,21.06,39.66,0.4053,1,1
34,60,670.15,84.67,31.83,36.83,0.3963,1,1
34,65,965.29,76.01,24.09,19.20,0.7377,1,1
34,66,446.90,421.50,80.51,99.30,0.6366,1,1
35,1,447.97,423.76,78.21,94.49,0.4154,1,1
35,2,1152.32,386.14,105.46,84.45,0.8999,1,1
35,3,666.71,853.26,138.65,140.90,0.2833,1,1
35,4,999.45,25.23,55.60,37.62,0.8750,1,1
35,5,441.31,140.23,54.80,45.35,0.8781,1,1
35,9,293.61,245.39,38.02,49.48,0.8409,1,1
35,10,1200.96,553.59,51.00,74.51,0.7635,1,1
35,11,347.95,364.47,45.28,33.34,0.8277,1,1
35,12,265.03,226.52,61.71,53.34,0.7166,1,1
35,15,1453.51,-0.00,37.31,30.08,0.7412,1,1
35,16,652.72,52.17,51.72,40.46,0.8466,1,1
35,17,-0.43,695.87,34.04,123.19,0.6549,1,1
35,18,849.14,654.67,131.31,103.75,0.8179,1,1
35,22,925.21,1.08,21.12,14.26,0.7660,1,1
35,24,449.19,186.97,40.61,25.84,0.7541,1,1
35,27,689.58,199.35,72.65,79.62,0.8795,1,1
35,35,523.43,301.82,27.77,39.38,0.2683,1,1
35,36,940.86,845.32,52.97,40.28,0.7140,1,1
35,39,1196.00,552.76,47.97,45.19,0.7178,1,1
35,42,999.90,53.00,26.19,29.24,0.6622,1,1
35,46,910.76,136.68,66.38,75.29,0.8702,1,1
35,47,481.90,324.39,31.39,23.15,0.3232,1,1
35,55,721.92,137.74,30.23,23.99,0.7049,1,1
35,59,104.24,798.96,20.64,37.80,0.3162,1,1
35,60,670.85,85.85,30.80,35.93,0.3266,1,1
35,65,964.37,76.34,23.67,19.03,0.6635,1,1
35,66,446.56,421.28,80.02,99.38,0.6569,1,1
36,1,447.57,424.10,78.29,94.34,0.4727,1,1
36,2,1152.51,385.89,105.91,84.46,0.9017,1,1
36,3,666.21,851.64,139.23,142.19,0.3044,1,1
36,4,999.46,25.21,55.91,37.88,0.8790,1,1
36,5,440.68,138.87,55.35,45.28,0.8871,1,1
36,9,293.76,245.53,37.82,49.46,0.8392,1,1
36,10,1201.21,554.60,48.30,71.54,0.5320,1,1
36,11,348.48,365.31,44.17,31.85,0.8425,1,1
36,12,264.91,226.55,61.68,53.48,0.7411,1,1
36,15,1453.70,-0.00,37.27,29.83,0.7325,1,1
36,16,653.72,52.35,50.68,39.55,0.8367,1,1
36,17,-0.64,695.39,34.42,126.10,0.6511,1,1
36,18,848.35,654.99,131.45,104.45,0.8425,1,1
36,22,925.12,1.13,21.15,14.23,0.7632,1,1
36,24,447.31,185.45,42.18,26.95,0.6699,1,1
36,27,687.07,199.26,77.01,87.48,0.8927,1,1
36,36,941.12,844.76,54.10,41.38,0.7432,1,1
36,39,1198.07,553.24,42.20,36.63,0.7084,1,1
36,42,999.77,52.53,26.39,30.06,0.7157,1,1
36,46,913.73,136.61,65.44,74.53,0.9030,1,1
36,47,482.55,323.61,34.72,24.48,0.6369,1,1
36,55,717.65,137.19,28.72,22.83,0.4509,1,1
36,65,964.16,76.55,24.39,19.75,0.6804,1,1
36,66,446.57,421.96,79.43,98.96,0.6216,1,1
37,1,446.82,424.26,78.08,94.17,0.4433,1,1
37,2,1152.44,385.63,106.18,84.22,0.9020,1,1
37,3,665.67,849.70,140.08,143.99,0.3317,1,1
37,4,999.43,25.47,56.02,37.79,0.8836,1,1
37,5,440.19,136.26,56.32,46.70,0.8995,1,1
37,9,293.67,245.66,37.70,49.46,0.8453,1,1
37,10,1197.77,553.16,48.78,72.06,0.4130,1,1
37,11,349.00,366.57,43.19,29.55,0.8388,1,1
37,12,264.68,226.61,61.59,53.72,0.7525,1,1
37,15,1453.68,-0.00,37.89,29.89,0.7469,1,1
37,16,654.13,52.42,50.70,39.69,0.8353,1,1
37,17,-0.71,696.26,33.91,126.27,0.6824,1,1
37,18,848.41,655.14,130.64,104.10,0.8275,1,1
37,22,924.96,1.09,21.25,14.28,0.7619,1,1
37,24,445.93,183.07,44.15,28.50,0.5507,1,1
37,27,686.42,198.39,76.95,90.60,0.9042,1,1
37,36,943.52,844.86,53.03,40.61,0.8017,1,1
37,39,1194.69,551.74,44.73,36.30,0.7894,1,1
37,42,999.64,52.34,26.56,30.89,0.7358,1,1
37,46,915.62,135.20,63.67,72.79,0.9097,1,1
37,47,484.27,322.99,35.17,24.66,0.3521,1,1
37,55,713.80,137.49,28.26,22.63,0.4986,1,1
37,65,960.34,77.06,26.52,21.31,0.6660,1,1
37,66,446.29,422.52,78.47,98.56,0.7118,1,1
38,1,446.68,424.32,77.70,93.76,0.4872,1,1
38,2,1152.40,385.29,106.34,84.32,0.9005,1,1
38,3,665.34,849.03,139.17,144.11,0.4333,1,1
38,4,999.46,25.85,56.60,37.86,0.8913,1,1
38,5,440.59,136.43,55.29,45.50,0.9026,1,1
38,9,293.78,245.54,37.33,48.51,0.8406,1,1
38,10,1197.31,552.51,49.29,72.76,0.3936,1,1
38,11,347.47,364.48,46.39,30.31,0.8311,1,1
38,12,265.11,226.86,61.26,53.27,0.7844,1,1
38,15,1453.83,0.00,37.68,29.20,0.7363,1,1
38,16,654.13,52.28,50.64,39.79,0.8269,1,1
38,17,-0.96,697.65,34.39,130.16,0.6344,1,1
38,18,848.24,655.14,130.40,104.54,0.8579,1,1
38,22,924.90,1.12,21.18,14.24,0.7613,1,1
38,27,686.26,197.46,75.49,88.40,0.8878,1,1
38,32,449.03,181.29,40.07,28.74,0.4594,1,1
38,36,942.66,842.45,54.02,42.31,0.7347,1,1
38,39,1194.47,551.52,46.54,35.40,0.7814,1,1
38,42,999.98,52.91,26.33,30.87,0.7700,1,1
38,46,916.95,135.05,62.34,71.35,0.9131,1,1
38,47,484.89,322.49,35.90,24.85,0.6193,1,1
38,55,709.96,138.82,27.71,22.11,0.4297,1,1
38,60,670.03,86.98,30.54,35.70,0.3145,1,1
38,65,958.71,76.53,26.28,21.10,0.6476,1,1
38,66,446.33,422.80,77.83,97.99,0.6141,1,1
38,70,1216.31,560.22,34.61,63.71,0.7776,1,1
39,1,446.36,424.36,77.30,93.52,0.4948,1,1
39,2,1152.29,384.73,106.16,84.22,0.9013,1,1
39,3,665.17,848.30,137.44,144.26,0.6178,1,1
39,4,999.81,25.95,56.89,38.24,0.8970,1,1
39,5,440.37,134.49,55.55,45.69,0.9041,1,1
39,9,293.72,245.64,37.30,48.39,0.8415,1,1
39,10,1197.66,552.90,49.06,72.55,0.3103,1,1
39,11,347.15,362.26,47.84,29.29,0.8625,1,1
39,12,265.18,226.93,61.13,53.02,0.7789,1,1
39,15,1453.68,0.00,37.83,28.88,0.7142,1,1
39,16,653.94,52.26,50.13,39.10,0.8430,1,1
39,17,-0.75,700.61,33.69,128.46,0.5349,1,1
39,18,848.04,655.16,129.94,104.82,0.8544,1,1
39,22,924.93,1.14,21.08,14.15,0.7565,1,1
39,24,446.27,180.43,44.10,28.74,0.4253,1,1
39,27,685.07,198.22,77.74,89.64,0.9093,1,1
39,36,939.58,840.61,55.23,43.78,0.4858,1,1
39,39,1193.69,552.08,47.26,34.74,0.7692,1,1
39,42,999.89,52.46,26.17,30.86,0.7425,1,1
39,46,917.95,134.85,61.75,70.99,0.9108,1,1
39,47,484.58,321.55,37.55,25.98,0.3705,1,1
39,55,708.84,140.28,28.23,22.91,0.5779,1,1
39,60,669.38,86.64,30.92,36.27,0.5068,1,1
39,65,959.09,76.21,25.68,20.44,0.6442,1,1
39,66,446.16,423.07,77.16,97.57,0.6478,1,1
39,70,1215.23,563.01,34.36,60.83,0.7912,1,1
39,71,545.34,320.34,24.04,41.08,0.6419,1,1
40,1,446.35,424.34,77.13,93.52,0.4805,1,1
40,2,1152.33,384.72,106.14,84.23,0.9012,1,1
40,3,665.58,848.22,136.38,144.30,0.6212,1,1
40,4,999.86,25.97,56.79,38.24,0.8969,1,1
40,5,440.29,134.24,55.67,45.94,0.9044,1,1
40,9,293.76,245.64,37.28,48.35,0.8426,1,1
40,10,1197.73,552.99,48.91,72.45,0.3139,1,1
40,11,346.54,362.22,49.11,29.25,0.8626,1,1
40,12,265.12,226.94,61.20,53.03,0.7814,1,1
40,15,1453.48,-0.00,38.22,28.85,0.7142,1,1
40,16,653.84,52.25,50.30,39.08,0.8431,1,1
40,17,-0.62,701.06,33.39,128.22,0.5351,1,1
40,18,848.23,655.15,129.57,104.89,0.8545,1,1
40,22,924.93,1.14,21.10,14.15,0.7565,1,1
40,24,446.53,180.15,43.73,28.74,0.4203,1,1
40,27,684.88,198.23,78.12,89.65,0.9092,1,1
40,36,939.27,840.19,54.93,44.12,0.4854,1,1
40,39,1193.14,552.11,48.29,34.74,0.7698,1,1
40,42,999.94,52.45,26.06,30.85,0.7430,1,1
40,46,917.99,134.84,61.67,71.03,0.9110,1,1
40,47,484.42,321.31,37.98,26.28,0.3630,1,1
40,55,708.86,140.42,28.01,23.04,0.5824,1,1
40,60,669.33,86.59,30.92,36.35,0.5064,1,1
40,65,959.05,76.16,25.77,20.37,0.6443,1,1
40,66,446.25,423.07,76.89,97.58,0.6501,1,1
40,70,1214.74,562.85,35.22,60.99,0.7914,1,1
40,71,545.51,320.50,23.83,40.87,0.6387,1,1
40,73,963.15,101.55,17.88,23.19,0.2525,1,1
40,74,601.46,401.86,24.58,44.41,0.5263,1,1
40,77,1192.56,552.79,52.35,55.20,0.3474,1,1
41,1,445.57,423.80,78.72,96.31,0.5661,1,1
41,2,1152.19,384.29,105.39,83.83,0.8976,1,1
41,3,664.57,848.03,135.05,144.32,0.6243,1,1
41,4,1000.04,25.98,56.79,38.32,0.8976,1,1
41,5,439.59,131.49,56.32,47.69,0.8940,1,1
41,9,293.86,245.45,37.26,48.46,0.8438,1,1
41,10,1196.37,552.91,46.18,64.97,0.5557,1,1
41,11,344.54,359.23,51.60,31.24,0.8346,1,1
41,12,265.03,226.80,61.48,53.28,0.7795,1,1
41,15,1453.38,0.00,38.59,28.89,0.7126,1,1
41,16,653.48,52.36,50.40,39.06,0.8377,1,1
41,17,-1.05,702.23,33.75,130.41,0.2784,1,1
41,18,847.49,654.56,130.12,106.18,0.8516,1,1
41,22,924.96,1.16,21.09,14.13,0.7592,1,1
41,23,169.71,536.55,23.12,26.01,0.3705,1,1
41,24,445.88,179.00,44.45,29.58,0.3530,1,1
41,27,684.62,197.81,77.45,88.56,0.9123,1,1
41,36,941.15,845.37,49.83,40.35,0.6818,1,1
41,39,1192.51,552.24,50.89,36.29,0.7779,1,1
41,42,999.52,52.72,26.10,31.22,0.7450,1,1
41,46,918.84,134.36,61.44,71.44,0.9095,1,1
41,47,484.59,320.87,38.22,26.37,0.5740,1,1
41,55,708.13,143.21,28.82,23.85,0.4614,1,1
41,60,668.56,85.56,31.57,37.11,0.4473,1,1
41,65,962.67,76.94,24.62,19.22,0.6427,1,1
41,66,446.50,423.21,76.50,97.13,0.5837,1,1
41,70,1211.45,556.04,38.08,67.15,0.7882,1,1
41,71,546.03,321.16,23.26,39.89,0.2736,1,1
42,1,445.51,423.37,78.16,96.36,0.5889,1,1
42,2,1150.02,382.55,107.37,86.25,0.8962,1,1
42,3,661.77,846.29,134.51,144.81,0.6299,1,1
42,4,1000.10,26.41,56.32,37.66,0.8969,1,1
42,5,439.85,130.01,55.69,47.53,0.8888,1,1
42,9,293.83,245.66,37.10,48.21,0.8453,1,1
42,10,1194.97,552.99,48.34,63.43,0.7418,1,1
42,11,344.66,353.86,53.55,33.83,0.7140,1,1
42,12,265.06,226.81,61.41,53.24,0.7838,1,1
42,15,1453.50,-0.00,38.49,28.34,0.7000,1,1
42,16,652.94,52.37,50.45,39.03,0.8351,1,1
42,18,847.06,654.62,130.28,107.22,0.8695,1,1
42,22,925.03,1.25,21.02,14.01,0.7590,1,1
42,23,169.92,536.80,22.78,26.04,0.4507,1,1
42,24,444.87,177.57,44.91,30.68,0.5035,1,1
42,27,684.60,197.34,77.05,87.62,0.9188,1,1
42,36,940.55,846.79,49.28,41.13,0.7881,1,1
42,39,1190.58,552.23,53.49,40.23,0.7955,1,1
42,42,999.59,52.98,26.16,31.77,0.7118,1,1
42,46,919.96,133.24,61.35,72.44,0.8942,1,1
42,47,483.85,320.27,39.14,27.53,0.7552,1,1
42,55,696.85,150.56,33.75,26.45,0.7687,1,1
42,60,667.50,85.47,31.78,37.14,0.4809,1,1
42,65,965.05,76.76,25.02,19.59,0.6729,1,1
42,66,446.26,422.57,76.31,96.99,0.4752,1,1
42,70,1207.72,553.41,40.35,69.39,0.8104,1,1
42,71,546.51,321.67,22.51,38.61,0.2789,1,1
43,1,446.76,423.36,76.09,93.76,0.5121,1,1
43,2,1149.09,382.68,106.56,84.84,0.8985,1,1
43,3,661.98,846.15,132.73,144.69,0.7810,1,1
43,4,999.29,26.44,56.60,37.88,0.8945,1,1
43,5,439.61,128.75,55.10,47.53,0.8898,1,1
43,9,293.78,245.85,37.01,47.93,0.8462,1,1
43,10,1193.01,552.92,52.10,68.00,0.7346,1,1
43,11,346.42,348.15,50.78,34.15,0.7322,1,1
43,12,265.03,226.74,61.34,53.32,0.7878,1,1
43,15,1453.55,-0.00,38.67,27.88,0.7162,1,1
43,16,652.58,52.47,50.41,39.05,0.7927,1,1
43,18,846.86,654.60,130.07,107.21,0.8567,1,1
43,22,925.11,1.27,20.90,13.88,0.7543,1,1
43,23,170.05,537.08,22.76,26.19,0.4572,1,1
43,24,445.68,177.16,43.05,30.40,0.6870,1,1
43,27,684.37,197.45,76.11,86.46,0.9221,1,1
43,36,940.91,846.24,50.69,43.59,0.7780,1,1
43,39,1191.09,552.18,53.73,41.35,0.7769,1,1
43,42,999.64,53.65,25.50,31.25,0.7115,1,1
43,46,920.17,132.58,62.40,75.85,0.8886,1,1
43,47,483.36,319.84,39.80,28.08,0.3931,1,1
43,55,702.29,154.79,33.41,24.02,0.8454,1,1
43,60,667.51,86.48,31.18,36.07,0.4453,1,1
43,65,965.26,76.85,24.60,19.25,0.6045,1,1
43,66,446.63,422.05,75.94,96.66,0.6518,1,1
43,70,1207.80,553.80,39.91,70.07,0.8212,1,1
43,71,546.48,322.85,22.01,37.79,0.2973,1,1
43,79,99.05,789.89,35.73,34.88,0.8074,1,1
44,1,445.99,421.03,78.27,97.56,0.5982,1,1
44,2,1148.56,381.38,106.85,85.08,0.8932,1,1
44,3,661.62,845.98,132.47,144.89,0.7558,1,1
44,4,999.36,26.64,56.53,37.54,0.8999,1,1
44,5,439.58,127.67,54.72,47.54,0.8876,1,1
44,9,294.05,245.91,36.85,47.67,0.8487,1,1
44,10,1193.87,552.84,52.02,69.17,0.7931,1,1
44,11,345.56,340.63,52.02,39.32,0.8004,1,1
44,12,264.93,226.75,61.41,53.73,0.7905,1,1
44,15,1453.85,-0.00,37.76,26.61,0.6560,1,1
44,16,652.59,52.49,50.46,39.20,0.7758,1,1
44,18,846.91,654.33,130.05,107.41,0.8468,1,1
44,22,925.17,1.10,20.87,13.78,0.7532,1,1
44,23,169.69,537.83,22.45,26.10,0.3489,1,1
44,24,445.69,176.41,42.10,30.08,0.6590,1,1
44,27,684.06,198.01,75.46,85.42,0.9210,1,1
44,36,943.33,846.49,51.53,46.53,0.7790,1,1
44,39,1191.00,551.87,52.85,41.13,0.6470,1,1
44,42,1000.70,54.23,24.95,30.47,0.4865,1,1
44,46,921.17,131.93,62.49,76.93,0.8929,1,1
44,47,482.00,319.47,41.37,29.60,0.5167,1,1
44,55,706.85,157.75,31.52,22.05,0.8138,1,1
44,60,668.43,87.23,30.42,35.07,0.4025,1,1
44,65,965.24,76.30,25.08,19.93,0.7007,1,1
44,66,446.54,420.30,76.90,98.19,0.5017,1,1
44,70,1208.19,553.19,38.68,69.69,0.8235,1,1
45,1,446.24,418.36,78.65,99.03,0.5302,1,1
45,2,1148.10,380.76,106.44,84.15,0.8993,1,1
45,3,662.99,847.77,128.63,140.16,0.5875,1,1
45,4,998.69,26.50,57.79,38.35,0.8961,1,1
45,5,439.63,127.47,54.22,47.14,0.8837,1,1
45,9,294.01,246.00,36.82,47.45,0.8477,1,1
45,11,347.74,336.98,51.01,39.58,0.6610,1,1
45,12,264.91,226.46,61.37,53.96,0.7893,1,1
45,15,1453.35,-0.00,39.47,27.22,0.7072,1,1
45,16,652.64,52.50,50.38,39.26,0.7931,1,1
45,17,-1.34,699.95,34.20,133.91,0.3032,1,1
45,18,846.82,654.66,129.90,107.38,0.8323,1,1
45,22,925.35,1.15,20.84,13.64,0.7524,1,1
45,23,169.39,538.22,22.09,25.94,0.3425,1,1
45,24,445.29,175.57,42.37,31.09,0.7485,1,1
45,27,683.20,197.69,75.66,85.35,0.9204,1,1
45,36,949.20,850.65,52.54,49.05,0.8029,1,1
45,39,1190.13,550.98,55.32,43.93,0.5996,1,1
45,42,1001.32,55.70,24.22,29.15,0.3844,1,1
45,46,921.75,131.15,63.11,77.32,0.8658,1,1
45,47,481.88,319.33,40.89,29.76,0.6285,1,1
45,55,711.06,159.78,30.55,21.76,0.8015,1,1
45,60,668.55,87.42,30.32,34.80,0.5079,1,1
45,65,963.09,76.42,25.71,20.65,0.6044,1,1
45,66,446.67,417.91,77.39,100.52,0.7238,1,1
45,70,1209.02,552.47,37.37,69.22,0.8259,1,1
45,77,1191.28,550.98,55.14,60.75,0.6543,1,1
46,1,446.55,417.92,78.19,99.29,0.5312,1,1
46,2,1147.96,380.80,106.69,84.09,0.8990,1,1
46,3,661.45,846.51,130.25,141.91,0.5935,1,1
46,4,998.68,26.50,57.83,38.36,0.8962,1,1
46,5,439.58,127.33,54.27,47.28,0.8837,1,1
46,9,294.00,245.98,36.90,47.45,0.8478,1,1
46,11,348.51,336.62,49.79,39.61,0.6596,1,1
46,12,264.98,226.44,61.21,53.96,0.7891,1,1
46,15,1453.05,-0.00,40.11,27.27,0.7067,1,1
46,16,652.68,52.50,50.30,39.27,0.7993,1,1
46,17,-1.18,699.71,33.88,134.14,0.3019,1,1
46,18,846.90,654.65,129.76,107.34,0.8307,1,1
46,22,925.30,1.16,20.94,13.64,0.7523,1,1
46,23,169.35,538.27,21.90,25.94,0.3462,1,1
46,24,445.52,175.48,41.87,31.18,0.7496,1,1
46,27,683.14,197.69,75.75,85.35,0.9203,1,1
46,36,949.83,850.80,51.67,49.17,0.8044,1,1
46,42,1001.31,56.04,24.33,28.84,0.3815,1,1
46,46,921.68,131.14,63.27,77.34,0.8669,1,1
46,47,482.06,319.31,40.41,29.78,0.6239,1,1
46,55,711.39,159.85,30.18,21.74,0.8025,1,1
46,60,668.46,87.36,30.45,34.83,0.5120,1,1
46,65,962.88,76.44,25.59,20.73,0.6040,1,1
46,66,447.01,417.76,76.76,100.67,0.7257,1,1
46,70,1209.29,552.45,36.78,69.19,0.8258,1,1
46,77,1191.96,550.95,53.78,60.51,0.6574,1,1
47,1,448.08,417.74,77.79,99.04,0.4932,1,1
47,2,1147.83,380.03,106.25,83.65,0.8970,1,1
47,3,662.29,848.15,127.37,138.30,0.3656,1,1
47,4,997.62,26.50,59.62,40.21,0.8999,1,1
47,5,439.88,126.61,53.69,47.68,0.8720,1,1
47,9,293.89,245.91,37.06,47.47,0.8479,1,1
47,10,1194.89,549.61,51.66,71.29,0.7804,1,1
47,11,347.11,332.66,52.12,42.31,0.5614,1,1
47,12,265.02,226.36,61.46,54.24,0.7944,1,1
47,15,1453.26,0.00,40.94,27.10,0.7421,1,1
47,16,652.91,52.69,50.80,40.05,0.8082,1,1
47,18,848.32,655.58,132.03,108.40,0.8256,1,1
47,22,925.26,1.06,21.12,13.75,0.7568,1,1
47,23,169.67,539.23,21.36,25.23,0.3488,1,1
47,24,445.31,174.22,42.39,32.36,0.7661,1,1
47,27,682.84,198.18,75.86,84.95,0.9194,1,1
47,36,960.78,857.50,54.84,53.41,0.7742,1,1
47,39,1188.28,549.47,59.61,48.03,0.3177,1,1
47,42,999.41,55.75,24.93,29.67,0.5473,1,1
47,46,922.44,131.21,62.56,75.75,0.8182,1,1
47,47,482.24,318.94,40.49,30.15,0.6180,1,1
47,55,712.48,160.85,29.56,21.22,0.7866,1,1
47,56,61.59,575.20,28.11,35.55,0.2880,1,1
47,60,669.54,87.34,30.16,34.67,0.4066,1,1
47,65,959.89,75.62,27.06,22.10,0.5833,1,1
47,66,448.42,417.00,76.74,101.02,0.7853,1,1
47,70,1209.18,551.05,37.75,71.54,0.8016,1,1
47,77,1195.39,548.51,43.44,36.26,0.8127,1,1
47,83,82.97,758.94,35.06,35.43,0.8011,1,1
48,1,449.04,415.72,78.81,100.53,0.4085,1,1
48,2,1147.13,379.23,107.13,85.39,0.8989,1,1
48,4,997.00,26.88,59.75,41.88,0.8980,1,1
48,5,439.96,126.10,52.71,46.91,0.8729,1,1
48,9,293.69,245.96,37.25,47.50,0.8480,1,1
48,10,1208.44,564.65,41.46,58.77,0.7497,1,1
48,11,344.27,324.89,58.31,48.90,0.4531,1,1
48,12,265.00,226.32,61.55,54.29,0.7923,1,1
48,15,1453.24,0.00,41.34,26.95,0.7153,1,1
48,16,652.91,52.74,51.07,40.70,0.7662,1,1
48,18,848.15,655.76,132.54,108.63,0.8147,1,1
48,22,925.41,1.04,21.12,13.73,0.7564,1,1
48,23,169.22,540.87,21.19,25.11,0.4494,1,1
48,24,445.30,172.54,42.23,32.69,0.7495,1,1
48,27,682.53,198.30,75.26,83.89,0.9196,1,1
48,39,1189.78,547.46,61.53,53.67,0.6512,1,1
48,42,999.11,56.24,24.45,29.90,0.6136,1,1
48,46,922.61,131.14,63.16,75.55,0.8058,1,1
48,47,482.74,318.27,40.42,30.31,0.4870,1,1
48,55,712.66,162.34,28.65,20.57,0.6250,1,1
48,56,61.00,573.89,26.85,35.75,0.4040,1,1
48,60,670.01,87.71,29.86,34.49,0.3231,1,1
48,65,959.44,75.29,29.56,25.28,0.7404,1,1
48,66,449.66,416.22,77.18,101.28,0.8374,1,1
48,70,1207.87,548.01,39.49,74.79,0.2695,1,1
48,77,1193.40,546.63,49.14,38.82,0.8325,1,1
48,83,74.41,745.23,39.79,42.69,0.7310,1,1
49,1,450.07,415.47,78.79,100.59,0.2824,1,1
49,2,1146.80,377.99,106.13,83.96,0.9019,1,1
49,4,996.07,26.99,56.61,41.99,0.8981,1,1
49,5,439.78,125.77,52.06,45.56,0.8637,1,1
49,9,293.52,245.77,37.23,47.58,0.8458,1,1
49,10,1210.93,567.66,40.06,55.48,0.6938,1,1
49,11,344.42,323.08,58.12,50.38,0.4236,1,1
49,12,265.07,226.34,61.49,54.20,0.7891,1,1
49,15,1453.47,0.00,41.69,27.37,0.7209,1,1
49,16,653.35,52.62,50.65,40.46,0.7872,1,1
49,18,847.73,655.99,131.97,107.60,0.8085,1,1
49,22,925.47,1.15,21.03,13.66,0.7431,1,1
49,23,167.53,540.24,21.79,26.78,0.6211,1,1
49,24,444.85,170.65,42.37,33.58,0.7895,1,1
49,27,682.41,198.09,75.91,83.80,0.9216,1,1
49,39,1188.91,545.12,65.54,63.08,0.6868,1,1
49,42,998.96,56.48,23.36,29.87,0.6178,1,1
49,46,923.10,131.33,63.03,74.14,0.8221,1,1
49,47,483.60,317.25,40.82,31.01,0.3766,1,1
49,52,924.09,800.97,69.24,61.87,0.4124,1,1
49,55,711.92,163.22,28.34,20.30,0.5211,1,1
49,60,669.68,88.25,30.06,34.94,0.4367,1,1
49,65,960.92,76.74,29.16,25.94,0.7950,1,1
49,66,450.77,416.07,77.27,100.96,0.8301,1,1
49,77,1195.68,544.75,49.62,37.30,0.8357,1,1
49,83,69.89,735.04,41.61,50.03,0.7631,1,1
50,1,451.83,416.18,78.48,98.58,0.9037,1,1
50,2,1146.41,377.74,105.99,83.00,0.9013,1,1
50,4,996.74,27.08,55.74,43.18,0.8978,1,1
50,5,438.93,124.60,52.54,45.11,0.8648,1,1
50,9,293.82,245.75,36.96,47.23,0.8434,1,1
50,10,1212.02,566.91,41.15,51.95,0.7894,1,1
50,11,345.53,323.42,55.80,49.84,0.4093,1,1
50,12,265.02,226.42,61.50,54.21,0.7829,1,1
50,15,1453.19,0.00,41.84,27.83,0.7116,1,1
50,16,653.58,52.77,50.62,40.58,0.7999,1,1
50,18,846.62,655.87,132.04,107.37,0.8135,1,1
50,22,925.47,1.12,21.10,13.74,0.7370,1,1
50,23,167.99,540.51,21.42,26.84,0.6034,1,1
50,24,444.54,168.90,41.40,32.80,0.6260,1,1
50,27,682.38,198.42,75.14,83.21,0.9212,1,1
50,42,1000.02,58.39,21.45,28.70,0.5999,1,1
50,46,922.98,131.37,63.88,74.30,0.8067,1,1
50,47,485.96,315.83,39.80,30.51,0.6174,1,1
50,52,923.13,801.08,68.82,63.40,0.2514,1,1
50,55,711.76,163.58,27.39,19.28,0.6724,1,1
50,60,669.98,88.07,30.09,35.23,0.4952,1,1
50,65,961.03,78.32,29.14,26.90,0.8332,1,1
50,70,1202.28,543.50,47.78,74.12,0.8351,1,1
50,77,1196.05,542.10,51.59,37.90,0.8106,1,1
50,83,69.93,735.93,37.38,46.61,0.7077,1,1
51,1,452.38,416.40,77.84,97.97,0.8996,1,1
51,2,1145.92,376.68,106.39,83.00,0.9040,1,1
51,4,996.64,27.21,54.07,43.08,0.9038,1,1
51,5,438.09,123.55,53.25,45.43,0.8670,1,1
51,9,293.44,245.81,37.34,47.77,0.8452,1,1
51,10,1210.03,561.94,45.56,54.45,0.7923,1,1
51,11,347.58,326.30,51.17,47.15,0.5249,1,1
51,12,264.94,226.24,61.70,54.48,0.7856,1,1
51,15,1452.87,0.00,41.13,27.70,0.7066,1,1
51,16,653.68,52.78,50.54,40.63,0.7828,1,1
51,18,843.63,655.33,135.07,109.93,0.8148,1,1
51,22,925.16,1.06,21.31,13.92,0.7449,1,1
51,23,167.59,539.71,22.16,28.07,0.5210,1,1
51,24,443.27,168.28,43.72,35.59,0.6973,1,1
51,27,682.22,198.31,75.02,82.95,0.9198,1,1
51,46,922.96,131.41,64.63,74.76,0.7224,1,1
51,47,489.76,315.43,37.76,29.21,0.5465,1,1
51,52,923.51,800.94,68.84,65.30,0.2753,1,1
51,55,711.22,162.19,27.86,20.30,0.7152,1,1
51,60,669.55,88.59,30.25,35.43,0.4888,1,1
51,65,960.29,79.27,29.70,26.79,0.8413,1,1
51,66,453.09,415.34,76.37,99.63,0.3204,1,1
51,70,1202.99,541.41,51.65,75.00,0.8456,1,1
51,77,1195.53,539.50,55.42,39.75,0.7952,1,1
51,83,67.47,731.81,37.53,48.49,0.7304,1,1
52,1,452.42,416.40,77.76,97.92,0.9000,1,1
52,2,1145.84,376.67,106.52,83.01,0.9040,1,1
52,4,996.91,27.22,53.51,43.08,0.9037,1,1
52,5,438.00,123.53,53.43,45.44,0.8668,1,1
52,9,293.45,245.86,37.33,47.75,0.8457,1,1
52,10,1209.31,561.77,47.03,54.52,0.7916,1,1
52,11,348.50,326.85,49.28,46.56,0.5238,1,1
52,12,264.96,226.24,61.66,54.50,0.7853,1,1
52,15,1453.02,-0.00,40.73,27.69,0.7060,1,1
52,16,653.75,52.77,50.43,40.61,0.7815,1,1
52,18,843.57,655.32,135.08,110.01,0.8150,1,1
52,22,925.16,1.05,21.27,13.93,0.7448,1,1
52,23,167.60,539.56,22.10,28.26,0.5202,1,1
52,24,443.58,168.23,43.07,35.79,0.6962,1,1
52,27,682.21,198.37,75.04,82.89,0.9196,1,1
52,46,922.80,131.42,64.97,74.82,0.7228,1,1
52,47,490.41,315.21,37.01,28.88,0.5576,1,1
52,52,924.14,800.95,67.80,65.73,0.2716,1,1
52,55,711.46,162.11,27.30,20.36,0.7157,1,1
52,60,669.58,88.65,30.20,35.42,0.4803,1,1
52,65,960.10,79.29,30.02,26.77,0.8412,1,1
52,66,453.36,415.27,76.30,99.35,0.3203,1,1
52,70,1202.32,541.35,53.12,75.03,0.8459,1,1
52,77,1195.08,539.41,56.40,39.84,0.7950,1,1
52,83,67.75,731.57,36.65,48.59,0.7284,1,1
52,86,966.94,945.79,63.19,61.11,0.7286,1,1
52,87,624.37,409.93,34.26,39.16,0.3540,1,1
53,1,453.12,415.77,78.48,98.79,0.3023,1,1
53,2,1146.14,375.94,106.33,82.57,0.9041,1,1
53,4,997.70,27.11,52.75,43.73,0.9045,1,1
53,5,437.28,123.35,53.10,44.93,0.8755,1,1
53,9,293.21,245.78,37.79,48.21,0.8476,1,1
53,10,1200.05,542.34,54.97,63.21,0.4641,1,1
53,11,348.69,327.08,48.38,46.62,0.5346,1,1
53,12,264.85,226.15,61.77,54.70,0.7905,1,1
53,15,1452.77,0.00,40.97,28.24,0.6855,1,1
53,16,653.76,52.78,50.29,40.49,0.7616,1,1
53,18,843.12,654.32,132.60,108.70,0.8343,1,1
53,22,925.32,1.07,21.29,13.88,0.7453,1,1
53,23,166.82,538.38,22.28,28.65,0.3675,1,1
53,24,443.73,167.08,42.25,35.75,0.7446,1,1
53,27,681.98,198.33,74.77,82.54,0.9168,1,1
53,46,923.30,131.41,64.88,74.50,0.6316,1,1
53,47,494.12,315.09,36.33,28.55,0.4162,1,1
53,52,923.14,797.66,68.72,68.09,0.3830,1,1
53,55,709.99,160.87,28.40,21.23,0.4955,1,1
53,60,669.43,88.81,30.36,35.69,0.4248,1,1
53,65,959.76,82.16,29.12,25.94,0.8232,1,1
53,66,453.11,416.75,78.31,97.69,0.8980,1,1
53,70,1208.09,545.77,49.65,67.12,0.8574,1,1
53,77,1195.47,537.57,58.76,40.54,0.7395,1,1
53,83,63.59,732.08,37.35,48.45,0.7343,1,1
53,87,620.23,409.45,35.88,41.23,0.3606,1,1
54,1,453.23,416.79,79.15,97.44,0.9074,1,1
54,2,1145.87,375.31,106.67,82.67,0.9037,1,1
54,4,997.12,27.46,52.63,44.93,0.9075,1,1
54,5,436.96,123.02,52.72,44.52,0.8819,1,1
54,9,293.03,245.88,37.84,48.11,0.8467,1,1
54,10,1198.75,538.10,55.44,62.22,0.5623,1,1
54,11,349.66,328.29,46.64,45.56,0.6338,1,1
54,12,264.80,225.95,62.09,54.98,0.7876,1,1
54,15,1452.69,0.00,40.43,28.23,0.6544,1,1
54,16,653.43,53.27,51.22,41.58,0.7606,1,1
54,18,844.32,654.09,131.44,108.44,0.8443,1,1
54,22,925.42,1.04,21.35,13.96,0.7488,1,1
54,24,443.44,165.92,42.24,36.55,0.7702,1,1
54,27,682.17,198.14,74.85,82.15,0.9179,1,1
54,46,923.45,131.60,64.82,73.98,0.6843,1,1
54,47,497.13,313.71,35.82,27.60,0.5764,1,1
54,52,923.95,797.74,66.48,66.72,0.2994,1,1
54,55,707.12,159.19,28.90,21.89,0.7599,1,1
54,60,669.45,89.04,30.26,35.56,0.4053,1,1
54,65,958.73,82.33,29.38,26.10,0.7449,1,1
54,66,453.44,415.80,79.19,98.75,0.2937,1,1
54,70,1208.36,544.03,50.74,67.42,0.8101,1,1
54,71,549.44,307.37,22.95,40.21,0.2902,1,1
54,77,1196.47,537.20,56.96,38.23,0.7057,1,1
54,79,59.63,740.45,40.53,42.42,0.5947,1,1
55,1,453.23,416.86,79.59,97.38,0.9147,1,1
55,2,1145.80,375.28,106.25,82.02,0.9029,1,1
55,4,997.12,27.16,51.92,45.62,0.9095,1,1
55,5,436.67,122.26,52.66,43.86,0.8871,1,1
55,9,293.05,245.94,37.71,48.41,0.8534,1,1
55,11,349.61,328.41,46.68,45.69,0.4332,1,1
55,12,264.76,225.95,62.10,55.01,0.7928,1,1
55,15,1452.87,0.00,40.08,28.26,0.6501,1,1
55,16,653.16,52.88,50.77,41.21,0.7689,1,1
55,18,845.86,654.48,129.38,106.75,0.8636,1,1
55,22,925.80,1.09,21.08,13.86,0.7494,1,1
55,24,443.65,163.97,41.42,36.18,0.7824,1,1
55,27,682.92,198.40,74.75,81.72,0.9167,1,1
55,46,923.56,131.44,65.24,74.35,0.5576,1,1
55,47,499.55,311.84,35.21,25.53,0.7652,1,1
55,55,705.32,158.95,29.04,21.92,0.8063,1,1
55,60,669.84,88.73,30.17,35.53,0.4342,1,1
55,65,956.70,83.75,29.64,26.58,0.4755,1,1
55,70,1205.13,540.54,54.80,70.27,0.8457,1,1
55,71,549.31,303.83,23.03,41.41,0.3975,1,1
55,79,58.75,742.82,38.02,41.51,0.7448,1,1
55,89,91.42,564.44,36.39,27.12,0.7482,1,1
56,1,453.23,416.99,80.00,97.22,0.9168,1,1
56,2,1145.95,375.28,105.93,81.49,0.9021,1,1
56,4,998.14,27.58,51.10,46.36,0.9021,1,1
56,5,435.48,120.85,53.74,44.64,0.8833,1,1
56,9,293.51,245.89,37.36,48.48,0.8567,1,1
56,11,351.40,332.30,43.82,42.03,0.4989,1,1
56,12,264.70,225.87,62.12,55.07,0.7873,1,1
56,15,1452.76,0.00,40.12,28.65,0.6356,1,1
56,16,653.09,53.78,50.55,41.02,0.7768,1,1
56,18,844.87,654.55,129.61,106.12,0.8569,1,1
56,22,925.59,1.23,21.23,13.87,0.7505,1,1
56,24,443.43,162.78,41.31,36.69,0.7710,1,1
56,27,684.28,198.45,73.58,80.59,0.9190,1,1
56,44,66.11,425.02,43.24,38.18,0.3414,1,1
56,46,923.53,131.34,65.55,74.72,0.5547,1,1
56,47,503.91,311.60,36.01,25.04,0.7940,1,1
56,52,923.89,798.33,64.21,65.04,0.2515,1,1
56,55,704.10,158.91,29.29,22.52,0.8347,1,1
56,60,670.06,88.87,29.65,34.94,0.4322,1,1
56,65,958.88,83.29,26.89,23.87,0.5197,1,1
56,70,1205.13,545.50,55.32,64.45,0.8548,1,1
56,71,548.79,300.35,22.18,40.94,0.6145,1,1
56,79,58.44,747.60,35.07,37.72,0.5531,1,1
56,89,90.06,553.46,40.76,29.48,0.8483,1,1
57,1,453.20,417.32,79.72,96.36,0.9178,1,1
57,2,1145.65,375.28,106.17,81.79,0.9029,1,1
57,4,999.74,28.25,50.01,45.75,0.8998,1,1
57,5,434.75,120.31,54.09,44.84,0.8826,1,1
57,9,293.67,245.86,37.16,48.41,0.8557,1,1
57,11,351.09,329.57,46.89,44.48,0.5137,1,1
57,12,264.61,225.75,62.20,55.22,0.7863,1,1
57,15,1452.98,0.00,39.81,28.66,0.6142,1,1
57,16,652.79,54.02,50.64,41.05,0.7679,1,1
57,17,-3.74,695.18,35.61,150.95,0.2661,1,1
57,18,845.74,655.83,132.32,107.89,0.8169,1,1
57,22,925.74,1.30,21.22,13.76,0.7347,1,1
57,24,443.26,162.31,40.75,36.89,0.8049,1,1
57,27,685.03,198.77,75.00,80.59,0.9189,1,1
57,35,547.31,297.02,22.93,41.55,0.7517,1,1
57,44,66.66,422.37,42.59,38.78,0.3341,1,1
57,46,923.20,131.26,66.33,75.88,0.5354,1,1
57,47,505.35,311.66,37.30,27.19,0.8440,1,1
57,52,923.94,799.80,62.21,63.71,0.2964,1,1
57,55,702.36,160.31,30.00,22.85,0.8647,1,1
57,60,666.52,91.07,29.88,34.34,0.4504,1,1
57,65,960.73,82.52,26.07,22.51,0.6307,1,1
57,70,1202.81,546.63,56.73,61.63,0.8676,1,1
57,89,92.46,545.00,41.47,32.68,0.8353,1,1
58,1,453.13,417.43,79.83,96.25,0.9178,1,1
58,2,1145.67,375.28,106.12,81.79,0.9029,1,1
58,4,999.78,28.19,49.88,45.78,0.9001,1,1
58,5,434.71,120.30,54.13,44.85,0.8827,1,1
58,9,293.69,245.85,37.10,48.42,0.8557,1,1
58,11,350.82,329.04,47.81,44.97,0.5106,1,1
58,12,264.63,225.76,62.15,55.23,0.7850,1,1
58,15,1453.11,-0.00,39.58,28.67,0.6147,1,1
58,16,652.73,54.00,50.70,41.08,0.7669,1,1
58,17,-3.05,695.00,34.11,151.40,0.2665,1,1
58,18,845.58,655.86,132.74,107.93,0.8174,1,1
58,22,925.70,1.30,21.32,13.75,0.7344,1,1
58,24,443.44,162.26,40.37,36.92,0.8036,1,1
58,27,684.82,198.75,75.44,80.60,0.9190,1,1
58,35,547.73,297.02,22.18,41.56,0.7502,1,1
58,44,66.99,421.69,42.04,38.95,0.3340,1,1
58,46,923.22,131.24,66.28,76.06,0.5376,1,1
58,47,505.71,311.66,36.66,27.24,0.8438,1,1
58,52,924.15,800.14,61.32,63.37,0.2949,1,1
58,55,702.29,160.38,30.10,22.80,0.8646,1,1
58,60,665.57,91.49,30.40,34.20,0.4492,1,1
58,65,960.66,82.44,26.47,22.38,0.6300,1,1
58,70,1201.94,546.65,58.40,61.59,0.8676,1,1
58,89,93.48,544.80,39.56,32.77,0.8353,1,1
59,1,453.02,417.47,80.11,96.26,0.9192,1,1
59,2,1145.39,375.21,106.36,81.91,0.9028,1,1
59,4,999.17,28.83,49.52,45.57,0.3848,1,1
59,5,433.84,119.90,54.21,44.94,0.8773,1,1
59,9,293.77,246.01,37.01,48.28,0.8526,1,1
59,11,350.69,328.79,48.99,45.59,0.5298,1,1
59,12,264.60,225.73,62.20,55.30,0.7890,1,1
59,15,1453.34,0.00,39.19,28.48,0.6306,1,1
59,16,652.60,54.06,50.82,41.18,0.7632,1,1
59,17,-2.33,694.32,32.63,151.37,0.3807,1,1
59,18,846.29,656.35,131.84,107.33,0.8308,1,1
59,22,926.14,1.26,21.14,13.72,0.7223,1,1
59,24,443.44,160.70,40.07,37.12,0.8053,1,1
59,27,685.09,198.75,75.21,80.22,0.9227,1,1
59,35,546.91,295.69,22.64,41.59,0.8192,1,1
59,44,67.61,419.97,40.49,38.33,0.4823,1,1
59,46,923.46,131.34,66.07,76.35,0.6838,1,1
59,47,509.76,312.21,34.79,26.33,0.7388,1,1
59,55,701.47,162.48,29.91,22.58,0.8612,1,1
59,60,665.25,92.34,30.26,33.41,0.4391,1,1
59,65,962.99,82.20,25.99,21.94,0.3026,1,1
59,70,1201.19,547.63,59.39,61.51,0.8508,1,1
59,89,94.57,538.43,40.21,35.70,0.8047,1,1
60,1,452.87,417.87,80.40,96.28,0.9164,1,1
60,2,1145.05,375.76,106.66,82.31,0.9015,1,1
60,4,999.94,30.07,48.01,44.37,0.4532,1,1
60,5,433.61,119.88,53.47,44.43,0.8770,1,1
60,9,293.77,246.00,37.05,48.18,0.8486,1,1
60,11,350.80,335.07,44.61,39.80,0.4527,1,1
60,12,264.70,225.69,62.07,55.15,0.7842,1,1
60,15,1453.37,0.00,39.13,28.51,0.6126,1,1
60,16,652.51,54.16,50.74,41.08,0.7663,1,1
60,17,-1.74,698.88,31.22,147.71,0.2721,1,1
60,18,847.18,656.45,130.57,105.55,0.8175,1,1
60,22,926.40,1.27,20.82,13.62,0.7216,1,1
60,24,443.13,159.77,39.95,37.64,0.8044,1,1
60,27,685.50,198.98,74.45,78.78,0.9243,1,1
60,35,546.35,293.45,23.54,43.73,0.7973,1,1
60,44,68.09,417.34,40.35,39.15,0.4742,1,1
60,46,923.34,131.31,64.32,75.44,0.7681,1,1
60,47,512.10,312.88,33.28,25.41,0.5185,1,1
60,55,700.66,163.50,29.59,21.78,0.8630,1,1
60,60,668.19,91.04,30.20,33.43,0.3489,1,1
60,65,966.09,82.42,24.86,20.61,0.4623,1,1
60,70,1203.49,547.31,62.73,62.96,0.8202,1,1
60,89,94.01,534.00,37.25,32.84,0.6161,1,1
61,1,452.44,418.97,79.54,94.70,0.9245,1,1
61,2,1144.81,377.43,107.83,82.21,0.9055,1,1
61,4,999.66,25.82,52.46,48.76,0.4375,1,1
61,5,433.38,118.65,53.36,45.25,0.8817,1,1
61,9,293.78,245.36,36.79,47.74,0.8390,1,1
61,11,349.92,337.14,39.92,34.62,0.5654,1,1
61,12,264.19,225.59,62.35,56.76,0.8169,1,1
61,15,1452.91,0.00,39.04,28.64,0.6513,1,1
61,16,652.32,54.02,51.08,41.41,0.7795,1,1
61,18,845.35,655.77,130.91,106.20,0.8364,1,1
61,22,925.45,1.25,21.61,14.15,0.7627,1,1
61,24,443.57,159.66,38.28,36.78,0.8312,1,1
61,27,687.03,198.73,75.16,80.23,0.9016,1,1
61,35,547.10,291.95,23.04,42.97,0.7920,1,1
61,44,69.78,414.23,38.15,38.95,0.6815,1,1
61,46,922.94,131.15,65.27,77.02,0.5693,1,1
61,47,515.20,313.57,32.07,25.38,0.6527,1,1
61,55,699.38,163.42,28.84,20.85,0.8441,1,1
61,60,667.11,93.12,28.82,31.45,0.3516,1,1
61,65,965.72,81.68,26.11,21.40,0.3479,1,1
61,70,1201.78,546.47,65.42,65.26,0.8179,1,1
61,91,1000.94,25.63,50.81,48.26,0.3639,1,1
62,1,451.86,418.81,80.35,95.19,0.9242,1,1
62,2,1144.45,378.37,109.05,83.13,0.9041,1,1
62,4,999.79,25.80,52.46,48.97,0.3805,1,1
62,5,433.94,118.29,52.63,44.67,0.8817,1,1
62,9,294.17,244.94,36.26,47.07,0.8390,1,1
62,11,350.12,338.41,37.68,32.56,0.5296,1,1
62,12,264.34,225.66,61.14,56.84,0.8143,1,1
62,15,1452.95,0.00,38.92,28.70,0.6589,1,1
62,16,652.20,53.96,51.20,41.60,0.7811,1,1
62,18,847.12,656.36,131.62,107.98,0.8329,1,1
62,22,925.37,1.25,21.70,14.23,0.7598,1,1
62,24,443.80,158.80,38.24,37.39,0.8276,1,1
62,27,688.17,199.11,74.23,78.96,0.8993,1,1
62,35,548.31,291.92,22.91,42.39,0.7748,1,1
62,44,70.10,411.01,38.28,39.83,0.5489,1,1
62,46,922.95,131.54,64.47,76.21,0.7084,1,1
62,47,515.78,313.16,30.98,25.39,0.7171,1,1
62,55,696.93,163.48,29.22,20.60,0.8146,1,1
62,60,666.41,93.66,28.84,30.90,0.4699,1,1
62,65,965.06,80.99,27.53,22.42,0.3899,1,1
62,70,1199.90,546.68,70.87,71.27,0.7943,1,1
62,73,953.96,99.80,20.76,25.14,0.2801,1,1
62,91,1001.11,26.09,50.39,47.87,0.3902,1,1
62,92,670.14,90.61,30.48,30.72,0.2950,1,1
63,1,451.33,419.10,80.97,95.51,0.9251,1,1
63,2,1145.30,380.17,108.99,83.12,0.9070,1,1
63,4,1000.64,26.80,51.17,48.00,0.4051,1,1
63,5,434.45,118.25,52.56,44.26,0.8795,1,1
63,9,294.67,245.62,35.68,46.03,0.8327,1,1
63,11,348.06,336.51,39.16,34.55,0.6328,1,1
63,12,265.20,225.85,60.12,56.33,0.8036,1,1
63,15,1453.05,0.00,38.67,28.62,0.6512,1,1
63,16,652.37,53.82,51.15,41.75,0.7822,1,1
63,18,847.60,655.15,131.84,108.37,0.8367,1,1
63,22,925.97,1.46,21.12,13.96,0.7578,1,1
63,24,444.70,157.84,38.44,38.27,0.8266,1,1
63,27,688.59,199.13,75.38,78.87,0.9001,1,1
63,35,549.54,292.62,23.06,42.62,0.7252,1,1
63,39,1199.45,548.39,80.96,73.21,0.8493,1,1
63,44,69.62,410.59,37.43,38.91,0.6078,1,1
63,46,922.71,131.26,63.03,74.13,0.7533,1,1
63,47,513.54,311.24,29.50,26.40,0.8412,1,1
63,55,694.60,164.93,30.33,20.63,0.7879,1,1
63,60,666.38,93.07,29.50,31.32,0.4543,1,1
63,65,964.34,80.35,27.95,22.77,0.4002,1,1
63,70,1205.70,563.02,59.13,58.29,0.3895,1,1
63,73,954.60,98.31,21.76,26.47,0.3259,1,1
63,91,1001.59,27.06,49.77,47.40,0.4510,1,1
63,92,670.36,89.76,30.56,31.10,0.3662,1,1
63,93,848.38,657.96,127.20,101.99,0.4373,1,1
64,1,451.28,419.12,81.06,95.48,0.9250,1,1
64,2,1145.19,380.17,109.08,83.18,0.9070,1,1
64,4,1000.91,27.01,50.70,47.77,0.4051,1,1
64,5,434.37,118.24,52.75,44.26,0.8793,1,1
64,9,294.55,245.59,35.86,46.06,0.8327,1,1
64,11,348.07,336.30,38.84,34.78,0.6342,1,1
64,12,265.44,225.90,59.70,56.20,0.8020,1,1
64,15,1453.11,-0.00,38.55,28.61,0.6511,1,1
64,16,652.44,53.82,51.01,41.75,0.7823,1,1
64,18,847.64,655.09,131.77,108.43,0.8368,1,1
64,22,926.05,1.47,20.98,13.93,0.7574,1,1
64,24,444.92,157.81,38.07,38.29,0.8268,1,1
64,27,688.37,199.13,75.85,78.87,0.9000,1,1
64,35,549.60,292.67,23.10,42.64,0.7243,1,1
64,39,1199.24,548.31,81.32,73.36,0.8481,1,1
64,44,69.53,410.54,37.36,38.81,0.6124,1,1
64,46,922.61,131.25,63.13,74.02,0.7536,1,1
64,47,513.93,311.19,28.57,26.43,0.8412,1,1
64,55,694.12,164.96,31.10,20.66,0.7855,1,1
64,60,666.29,92.98,29.77,31.38,0.4517,1,1
64,65,964.14,80.20,28.04,22.84,0.4025,1,1
64,70,1206.89,567.69,56.66,54.54,0.3879,1,1
64,73,954.75,97.94,21.97,26.80,0.3249,1,1
64,91,1001.71,27.26,49.52,47.28,0.4437,1,1
64,92,670.54,89.60,30.30,31.15,0.3644,1,1
64,93,848.38,657.78,127.27,102.01,0.4360,1,1
65,1,450.71,420.01,81.18,94.17,0.9229,1,1
65,2,1146.09,380.84,108.87,83.34,0.9098,1,1
65,4,1001.52,27.25,49.94,47.46,0.6035,1,1
65,5,435.02,117.68,52.93,44.27,0.8757,1,1
65,9,294.91,245.58,35.74,45.96,0.8330,1,1
65,11,348.77,337.76,37.27,33.15,0.6817,1,1
65,12,265.58,225.91,59.36,55.94,0.7862,1,1
65,15,1453.10,0.00,38.63,28.74,0.6376,1,1
65,16,652.57,53.72,51.02,41.83,0.7792,1,1
65,18,846.19,654.21,130.49,106.72,0.8490,1,1
65,22,926.14,1.47,20.93,13.97,0.7603,1,1
65,24,445.55,156.85,38.26,38.46,0.8167,1,1
65,27,688.72,199.71,76.99,78.65,0.9018,1,1
65,35,550.72,293.56,22.65,41.64,0.7722,1,1
65,44,69.24,408.18,37.26,38.61,0.6851,1,1
65,46,921.20,131.09,64.66,75.84,0.5632,1,1
65,47,510.17,309.68,29.91,25.97,0.8429,1,1
65,55,692.95,166.51,32.46,20.55,0.7710,1,1
65,60,666.19,93.03,29.94,31.37,0.4136,1,1
65,65,964.36,80.11,27.72,22.56,0.3390,1,1
65,70,1203.27,581.21,49.65,46.59,0.4603,1,1
65,73,954.35,97.53,22.32,27.49,0.4643,1,1
65,91,1001.32,26.68,50.26,48.12,0.3048,1,1
65,92,670.83,89.59,29.82,30.93,0.3313,1,1
65,93,848.94,657.37,127.34,101.94,0.3914,1,1
65,94,87.12,522.43,43.89,29.53,0.6690,1,1
66,1,450.26,420.22,81.54,93.97,0.9227,1,1
66,2,1146.90,382.12,108.20,82.95,0.9057,1,1
66,4,1003.43,27.71,47.66,46.02,0.7985,1,1
66,5,436.08,116.71,53.24,45.02,0.8737,1,1
66,9,295.39,245.89,35.34,45.49,0.8325,1,1
66,11,348.69,334.46,40.80,36.37,0.6612,1,1
66,12,265.63,225.80,59.24,55.82,0.7835,1,1
66,15,1453.38,-0.00,38.73,28.73,0.6529,1,1
66,16,652.66,53.67,50.99,41.92,0.7722,1,1
66,18,848.56,654.48,132.11,108.24,0.8366,1,1
66,22,926.54,1.51,20.76,13.98,0.7430,1,1
66,24,446.33,156.60,38.13,38.22,0.8140,1,1
66,27,688.90,200.31,76.33,75.68,0.8980,1,1
66,35,551.12,291.68,22.77,40.83,0.7918,1,1
66,44,69.43,407.29,36.82,38.00,0.4159,1,1
66,46,921.50,131.40,61.09,71.56,0.4032,1,1
66,47,504.54,307.34,32.41,24.96,0.8367,1,1
66,55,694.69,168.36,32.87,20.39,0.7722,1,1
66,60,666.20,93.55,29.95,31.31,0.4670,1,1
66,65,962.98,80.01,27.70,22.68,0.2688,1,1
66,70,1197.77,596.02,44.65,39.94,0.5448,1,1
66,73,953.75,95.98,22.14,28.36,0.5560,1,1
66,92,670.78,90.41,29.49,30.82,0.2935,1,1
66,93,849.33,657.21,127.85,102.32,0.4928,1,1
67,1,449.71,420.93,81.71,93.47,0.9220,1,1
67,2,1147.45,383.67,108.36,82.24,0.9025,1,1
67,4,1004.50,27.81,46.88,45.73,0.8212,1,1
67,5,436.97,116.49,53.25,45.09,0.8662,1,1
67,9,294.68,246.26,35.51,45.49,0.8373,1,1
67,11,347.74,332.40,40.86,38.82,0.7802,1,1
67,12,265.91,226.03,58.39,54.76,0.7969,1,1
67,15,1453.61,-0.00,38.91,28.63,0.6512,1,1
67,16,652.96,53.58,50.90,42.00,0.7611,1,1
67,18,850.06,654.36,131.91,108.42,0.8346,1,1
67,22,926.85,1.59,20.39,13.77,0.7313,1,1
67,24,446.27,155.23,38.94,38.78,0.8239,1,1
67,27,687.74,201.61,77.04,72.12,0.9025,1,1
67,35,551.46,291.15,22.90,40.22,0.7827,1,1
67,44,69.28,405.22,38.35,39.35,0.5255,1,1
67,46,921.40,131.93,62.08,72.76,0.7030,1,1
67,47,498.45,307.80,34.95,27.32,0.7888,1,1
67,55,695.03,168.31,33.50,20.42,0.7588,1,1
67,60,666.04,94.02,29.89,31.24,0.3701,1,1
67,73,954.15,94.23,21.67,29.00,0.6228,1,1
67,93,850.20,657.03,127.93,102.49,0.6628,1,1
68,1,449.27,421.09,81.80,93.25,0.9125,1,1
68,2,1147.84,384.78,109.74,82.64,0.8983,1,1
68,4,1005.10,27.38,46.81,45.88,0.8006,1,1
68,5,437.90,116.32,52.75,44.77,0.8687,1,1
68,9,294.35,246.37,35.85,45.65,0.8373,1,1
68,11,348.69,332.39,39.33,38.90,0.8018,1,1
68,12,265.82,226.08,57.86,54.15,0.8039,1,1
68,15,1453.52,-0.00,39.55,28.96,0.6662,1,1
68,16,652.87,53.53,50.88,42.07,0.7660,1,1
68,18,849.86,653.85,129.24,106.35,0.8446,1,1
68,22,926.76,1.58,20.42,13.79,0.7176,1,1
68,24,446.75,155.06,39.24,39.18,0.8110,1,1
68,27,687.28,204.44,78.56,68.99,0.9081,1,1
68,35,551.30,290.45,23.14,40.36,0.6336,1,1
68,44,68.86,403.86,39.01,39.71,0.5289,1,1
68,46,920.49,132.44,61.25,71.94,0.5492,1,1
68,47,493.55,310.53,32.27,29.62,0.8526,1,1
68,55,698.96,165.52,35.09,21.61,0.5453,1,1
68,60,665.63,93.99,30.28,31.72,0.4265,1,1
68,73,953.87,93.34,21.19,29.08,0.6064,1,1
68,93,851.35,657.06,127.51,102.22,0.6002,1,1
68,96,1163.28,550.27,151.69,95.29,0.4756,1,1
69,1,448.84,422.96,81.03,91.54,0.9170,1,1
69,2,1150.65,386.18,109.95,83.11,0.8991,1,1
69,4,1006.17,27.70,46.48,45.34,0.8268,1,1
69,5,438.47,116.14,52.54,44.67,0.8695,1,1
69,9,294.15,246.73,35.88,45.48,0.8413,1,1
69,11,349.49,330.38,39.38,40.95,0.8062,1,1
69,12,266.18,226.07,58.28,53.92,0.8216,1,1
69,15,1453.62,-0.00,39.95,28.80,0.6691,1,1
69,16,653.14,53.40,50.82,42.12,0.6895,1,1
69,18,850.55,654.28,128.38,105.27,0.8515,1,1
69,22,927.43,1.65,19.85,13.48,0.7020,1,1
69,24,447.67,155.64,38.79,38.80,0.8150,1,1
69,27,687.16,204.94,80.13,67.43,0.9054,1,1
69,35,550.60,289.98,23.99,41.94,0.6818,1,1
69,44,70.28,407.78,36.24,35.43,0.6223,1,1
69,46,919.22,132.70,61.93,73.00,0.7685,1,1
69,47,491.33,313.85,31.74,31.76,0.8321,1,1
69,55,690.27,160.78,33.99,21.64,0.6785,1,1
69,73,955.63,94.19,19.36,27.07,0.6165,1,1
69,93,852.17,657.06,127.05,101.83,0.3236,1,1
69,98,88.17,516.10,44.04,27.17,0.7638,1,1
70,1,448.70,422.87,81.28,91.64,0.9164,1,1
70,2,1150.74,386.20,109.81,83.11,0.8989,1,1
70,4,1006.16,27.76,46.53,45.27,0.8312,1,1
70,5,438.50,116.13,52.46,44.67,0.8697,1,1
70,9,294.09,246.68,35.97,45.53,0.8401,1,1
70,11,350.02,330.23,38.37,41.08,0.8054,1,1
70,12,266.17,226.07,58.29,53.56,0.8200,1,1
70,15,1453.43,-0.00,40.39,28.78,0.6687,1,1
70,16,653.23,53.39,50.69,42.08,0.6849,1,1
70,18,850.48,654.30,128.60,105.31,0.8499,1,1
70,22,927.52,1.65,19.75,13.47,0.7013,1,1
70,24,447.74,155.65,38.75,38.83,0.8138,1,1
70,27,686.56,204.96,81.34,67.40,0.9054,1,1
70,35,550.55,289.94,24.02,42.08,0.6770,1,1
70,44,69.99,408.16,36.82,35.02,0.6266,1,1
70,46,919.21,132.72,61.86,73.05,0.7684,1,1
70,47,492.08,314.02,30.16,31.77,0.8332,1,1
70,55,689.96,160.39,33.12,21.65,0.6854,1,1
70,73,955.99,94.28,18.91,26.80,0.6213,1,1
70,93,852.39,657.19,126.86,101.66,0.3544,1,1
70,98,88.35,516.07,43.71,27.19,0.7613,1,1
70,99,60.10,343.77,54.92,58.51,0.5606,1,1
71,1,447.50,423.07,81.09,91.96,0.9217,1,1
71,2,1152.63,387.84,109.47,83.75,0.9097,1,1
71,4,1006.66,27.27,47.00,45.64,0.8528,1,1
71,5,438.75,116.11,52.03,44.56,0.8706,1,1
71,9,294.12,246.70,36.02,45.29,0.8393,1,1
71,11,350.71,329.27,38.17,42.04,0.8194,1,1
71,12,266.02,226.12,58.47,53.45,0.8236,1,1
71,15,1453.02,-0.00,41.10,28.86,0.7478,1,1
71,16,653.49,53.61,50.57,42.03,0.6999,1,1
71,18,849.89,654.55,129.41,106.07,0.8527,1,1
71,22,927.96,1.67,19.52,13.46,0.7078,1,1
71,24,447.66,155.64,38.68,38.64,0.8098,1,1
71,27,687.65,205.13,81.94,65.98,0.9021,1,1
71,35,549.10,290.34,23.94,41.86,0.4939,1,1
71,44,70.47,409.59,36.06,33.01,0.5262,1,1
71,46,918.43,132.67,62.40,73.88,0.8222,1,1
71,47,493.39,318.51,29.83,31.30,0.2852,1,1
71,55,687.66,154.14,38.03,25.31,0.3106,1,1
71,73,959.69,84.35,23.56,29.27,0.7308,1,1
71,79,28.95,684.84,40.84,46.36,0.3363,1,1
71,93,852.29,657.31,127.33,102.04,0.3346,1,1
71,98,95.85,516.71,44.09,26.78,0.7937,1,1
71,99,61.13,343.83,56.11,60.40,0.6146,1,1
71,100,1217.52,545.65,35.11,73.92,0.4604,1,1
72,1,446.77,423.32,81.04,91.45,0.9281,1,1
72,2,1153.62,389.78,108.96,84.25,0.9131,1,1
72,4,1006.70,26.84,47.36,45.97,0.8805,1,1
72,5,438.78,116.05,51.94,44.69,0.8703,1,1
72,9,294.17,246.75,36.03,45.05,0.8383,1,1
72,11,351.09,329.39,37.45,41.89,0.8199,1,1
72,12,266.04,226.05,58.43,53.13,0.8263,1,1
72,15,1453.00,-0.00,41.94,29.03,0.7430,1,1
72,16,653.69,53.74,50.46,41.99,0.5971,1,1
72,18,848.11,654.47,131.28,109.27,0.8608,1,1
72,22,928.40,1.61,19.12,13.32,0.6938,1,1
72,24,447.02,155.11,39.19,38.94,0.8185,1,1
72,27,688.37,204.81,83.43,65.14,0.9003,1,1
72,35,547.77,290.31,23.37,40.70,0.2872,1,1
72,44,70.77,409.77,35.21,31.39,0.3295,1,1
72,46,919.99,135.05,60.93,71.71,0.8361,1,1
72,47,498.91,324.60,26.25,26.33,0.4911,1,1
72,55,686.69,150.08,37.54,26.53,0.6786,1,1
72,73,959.85,84.27,25.82,30.01,0.6809,1,1
72,98,99.54,517.27,47.30,28.20,0.6813,1,1
72,99,62.81,344.04,55.99,60.60,0.6431,1,1
72,100,1214.55,544.79,33.01,66.47,0.5924,1,1
73,1,445.70,423.82,81.45,90.72,0.9326,1,1
73,2,1155.27,391.52,107.93,84.19,0.9124,1,1
73,4,1006.83,26.81,47.33,46.05,0.8811,1,1
73,5,438.74,115.97,52.08,44.92,0.8708,1,1
73,9,294.05,246.94,36.15,45.05,0.8418,1,1
73,11,351.24,329.85,37.05,41.52,0.7974,1,1
73,12,265.88,226.02,59.12,53.75,0.8321,1,1
73,15,1452.99,-0.00,42.65,28.94,0.7539,1,1
73,16,653.66,53.79,50.44,42.00,0.6288,1,1
73,18,846.14,654.30,131.89,110.93,0.8446,1,1
73,22,928.21,1.44,19.34,13.66,0.6961,1,1
73,24,447.03,154.99,39.01,38.78,0.8256,1,1
73,27,689.06,203.67,84.88,65.32,0.9043,1,1
73,35,545.18,290.44,23.77,41.36,0.2542,1,1
73,46,918.57,135.24,61.87,72.88,0.7756,1,1
73,55,686.06,150.76,36.64,26.25,0.3668,1,1
73,73,958.58,84.94,27.68,30.56,0.7026,1,1
73,93,847.84,656.73,132.62,106.95,0.3519,1,1
73,98,105.07,516.18,49.06,29.64,0.6798,1,1
73,99,63.16,345.12,56.57,61.20,0.3132,1,1
73,100,1211.24,545.22,35.55,69.27,0.6276,1,1
73,101,626.57,401.64,51.73,36.56,0.5226,1,1
74,1,444.82,425.00,81.14,89.34,0.9305,1,1
74,2,1156.82,392.32,106.89,85.17,0.9090,1,1
74,4,1006.75,25.22,47.91,47.54,0.8765,1,1
74,5,438.60,116.05,51.93,44.81,0.8689,1,1
74,9,294.07,246.84,36.42,45.34,0.8398,1,1
74,11,351.93,330.81,36.39,40.61,0.8231,1,1
74,12,266.07,226.24,58.92,53.18,0.8297,1,1
74,15,1452.30,-0.00,43.05,29.05,0.7453,1,1
74,16,653.34,53.80,50.51,42.11,0.4754,1,1
74,18,844.48,654.22,132.03,111.08,0.8403,1,1
74,22,928.28,1.35,19.39,13.81,0.6911,1,1
74,24,446.91,154.75,39.21,39.16,0.8270,1,1
74,27,693.94,202.12,84.59,65.99,0.9074,1,1
74,35,542.48,290.74,21.40,36.64,0.5928,1,1
74,46,917.67,134.75,61.33,72.39,0.5678,1,1
74,55,681.11,161.17,32.19,22.54,0.6545,1,1
74,73,957.59,84.12,27.62,29.35,0.6561,1,1
74,98,108.89,517.43,50.88,30.81,0.2597,1,1
74,100,1208.50,547.23,36.36,69.55,0.4590,1,1
74,101,626.01,401.81,53.37,38.27,0.5370,1,1
75,1,443.25,424.91,81.66,88.88,0.9337,1,1
75,2,1157.79,392.41,105.76,85.59,0.9074,1,1
75,4,1006.05,23.29,49.14,49.52,0.7853,1,1
75,5,438.65,115.55,52.48,45.40,0.8724,1,1
75,9,294.32,246.86,36.67,45.58,0.8426,1,1
75,11,351.74,332.46,35.54,39.20,0.8137,1,1
75,12,266.71,225.89,60.02,53.11,0.8355,1,1
75,15,1452.08,-0.01,43.78,29.30,0.7367,1,1
75,16,653.11,53.80,50.47,42.14,0.3445,1,1
75,18,846.14,655.00,132.49,110.09,0.8379,1,1
75,22,928.19,1.16,19.68,14.21,0.6956,1,1
75,24,447.18,154.52,39.19,39.26,0.8245,1,1
75,27,695.72,199.80,84.02,68.07,0.9031,1,1
75,46,916.67,134.05,60.93,71.86,0.6011,1,1
75,55,677.49,168.86,31.51,21.36,0.5036,1,1
75,73,958.02,82.78,25.54,26.14,0.6096,1,1
75,91,1004.94,23.41,50.71,50.38,0.4837,1,1
75,98,122.22,517.61,46.66,30.82,0.7020,1,1
75,100,1203.84,550.26,40.18,70.17,0.7072,1,1
75,101,623.76,398.11,56.45,41.30,0.4655,1,1
76,1,443.12,424.91,81.91,88.93,0.9337,1,1
76,2,1158.09,392.43,105.15,85.57,0.9074,1,1
76,4,1006.30,23.24,48.58,49.57,0.7750,1,1
76,5,438.67,115.54,52.40,45.40,0.8726,1,1
76,9,294.24,246.86,36.70,45.54,0.8418,1,1
76,11,351.65,332.42,35.80,39.24,0.8119,1,1
76,12,266.46,225.87,60.62,53.09,0.8399,1,1
76,15,1451.97,0.00,44.04,29.32,0.7364,1,1
76,16,653.12,53.83,50.34,42.07,0.3273,1,1
76,18,845.78,655.01,133.37,110.15,0.8396,1,1
76,22,928.26,1.16,19.54,14.25,0.6957,1,1
76,24,447.21,154.54,39.12,39.26,0.8233,1,1
76,27,696.34,199.78,82.81,68.09,0.9031,1,1
76,46,916.53,133.98,60.91,71.79,0.6012,1,1
76,55,676.56,170.23,32.12,21.15,0.5073,1,1
76,73,957.75,82.67,25.88,25.69,0.6093,1,1
76,91,1005.50,23.44,49.67,50.34,0.4954,1,1
76,98,124.39,517.63,43.83,30.76,0.7054,1,1
76,100,1202.57,550.43,42.41,70.56,0.7060,1,1
76,101,623.80,397.39,56.13,41.87,0.4585,1,1
76,104,179.33,512.47,35.91,33.38,0.7041,1,1
77,1,442.29,425.52,81.86,88.37,0.9342,1,1
77,2,1158.27,392.44,104.86,85.71,0.9067,1,1
77,4,1006.43,23.22,48.13,49.38,0.6672,1,1
77,5,439.19,115.57,52.87,45.38,0.8732,1,1
77,9,294.51,247.22,36.62,45.57,0.8369,1,1
77,11,351.82,333.54,35.41,38.17,0.8166,1,1
77,12,266.44,225.87,60.83,52.73,0.8409,1,1
77,15,1451.96,-0.01,44.26,29.35,0.7360,1,1
77,16,652.73,53.99,50.53,42.30,0.5450,1,1
77,18,844.21,654.60,135.32,111.88,0.8373,1,1
77,22,928.13,1.14,19.66,14.50,0.6965,1,1
77,24,448.24,155.63,38.53,38.46,0.7859,1,1
77,27,698.34,198.93,81.94,68.32,0.9073,1,1
77,55,670.84,180.31,31.08,19.50,0.7554,1,1
77,60,666.48,96.84,28.55,30.09,0.2809,1,1
77,65,954.16,77.91,25.67,22.58,0.6194,1,1
77,91,1005.92,23.57,48.57,50.00,0.5738,1,1
77,98,126.50,516.56,49.26,35.64,0.4995,1,1
77,100,1204.09,554.33,30.84,37.95,0.6951,1,1
77,104,179.90,509.94,37.48,33.56,0.8458,1,1
77,106,1201.85,555.88,46.70,80.44,0.2924,1,1
78,1,441.71,425.95,81.47,88.33,0.9339,1,1
78,2,1158.41,392.18,104.80,85.89,0.9077,1,1
78,4,1005.39,20.94,49.34,51.58,0.7206,1,1
78,5,440.52,115.57,53.43,45.72,0.8826,1,1
78,9,294.77,247.07,36.58,45.63,0.8349,1,1
78,11,351.63,333.85,35.58,37.81,0.8199,1,1
78,12,266.39,225.76,61.19,52.61,0.8321,1,1
78,15,1451.84,-0.01,44.81,29.68,0.7653,1,1
78,16,652.54,53.90,50.53,42.36,0.5952,1,1
78,18,843.35,654.63,135.65,112.33,0.8346,1,1
78,22,928.17,1.17,19.59,14.61,0.6775,1,1
78,24,448.84,156.60,37.90,37.02,0.7933,1,1
78,27,700.17,197.57,81.98,69.22,0.9132,1,1
78,55,670.16,182.81,30.64,19.61,0.6678,1,1
78,60,666.61,96.78,28.34,29.96,0.4555,1,1
78,65,952.23,76.30,25.07,22.75,0.6929,1,1
78,83,37.76,631.15,38.51,56.16,0.6765,1,1
78,91,1004.90,21.69,49.72,51.84,0.4294,1,1
78,93,843.43,656.59,133.34,107.81,0.2589,1,1
78,98,133.64,517.57,43.43,32.82,0.8254,1,1
78,99,66.32,345.46,53.21,56.25,0.3652,1,1
78,104,183.41,507.56,33.68,29.57,0.8048,1,1
79,1,440.51,425.97,81.34,88.23,0.9334,1,1
79,2,1158.65,391.77,104.79,86.36,0.9078,1,1
79,4,1005.65,20.96,48.99,51.56,0.6045,1,1
79,5,441.65,116.09,54.65,46.24,0.8804,1,1
79,9,294.75,247.16,36.47,45.46,0.8335,1,1
79,11,351.55,332.12,36.95,39.65,0.7962,1,1
79,12,266.25,225.70,61.74,52.87,0.8331,1,1
79,15,1451.70,-0.00,44.75,29.73,0.7758,1,1
79,16,652.44,53.76,50.62,42.48,0.6242,1,1
79,18,842.93,654.91,135.48,112.91,0.8337,1,1
79,22,928.10,1.11,19.59,14.75,0.6912,1,1
79,24,449.12,158.07,38.43,36.52,0.7450,1,1
79,27,701.88,196.38,82.49,70.75,0.9140,1,1
79,55,670.68,185.16,31.62,20.96,0.6028,1,1
79,60,666.68,96.38,28.49,30.14,0.5359,1,1
79,65,950.70,74.99,24.47,22.18,0.5744,1,1
79,83,39.82,621.60,37.29,60.04,0.8283,1,1
79,91,1005.38,22.14,48.93,51.44,0.4636,1,1
79,93,843.40,656.76,132.39,107.31,0.3727,1,1
79,98,138.11,519.98,39.59,28.57,0.8132,1,1
79,99,65.82,346.35,55.50,56.03,0.6438,1,1
79,104,178.03,496.50,38.52,33.65,0.7884,1,1
80,1,439.58,425.85,80.98,88.80,0.9333,1,1
80,2,1158.31,391.18,105.02,86.43,0.9086,1,1
80,4,1008.24,26.85,44.87,45.85,0.7561,1,1
80,5,441.86,116.00,55.93,47.31,0.8911,1,1
80,9,294.31,247.11,36.49,45.26,0.8277,1,1
80,11,351.29,327.84,39.79,43.78,0.8000,1,1
80,12,266.46,225.73,61.19,52.05,0.8282,1,1
80,15,1452.22,-0.00,44.69,29.37,0.7725,1,1
80,16,652.57,53.60,50.36,42.24,0.5708,1,1
80,18,843.00,654.63,135.03,113.56,0.8424,1,1
80,22,928.51,1.07,19.05,14.40,0.6749,1,1
80,24,450.06,158.72,38.69,35.69,0.7315,1,1
80,27,702.87,195.56,82.59,71.01,0.9113,1,1
80,60,666.65,96.03,28.72,30.48,0.4617,1,1
80,65,945.69,72.40,25.45,23.14,0.3203,1,1
80,83,42.23,615.17,34.71,53.46,0.7632,1,1
80,91,1007.26,25.37,46.19,48.28,0.3283,1,1
80,93,843.69,657.15,130.97,106.63,0.5380,1,1
80,98,140.01,519.67,40.51,28.17,0.8376,1,1
80,99,65.14,346.38,57.31,56.50,0.6966,1,1
80,101,626.51,388.95,52.69,39.43,0.3308,1,1
80,104,178.61,492.94,37.57,33.30,0.7279,1,1
81,1,439.34,425.81,80.78,88.22,0.9295,1,1
81,2,1157.39,390.00,105.33,85.78,0.9108,1,1
81,4,1007.30,27.35,45.88,46.64,0.5862,1,1
81,5,443.14,116.58,56.32,47.22,0.8988,1,1
81,9,294.46,247.01,36.53,45.23,0.8252,1,1
81,11,350.13,324.44,43.01,47.55,0.5901,1,1
81,12,266.28,225.54,61.96,52.72,0.8305,1,1
81,15,1452.23,-0.00,44.99,29.29,0.7686,1,1
81,16,652.75,53.59,50.10,41.97,0.5459,1,1
81,18,843.51,653.68,131.63,110.93,0.8493,1,1
81,22,928.35,1.12,18.76,14.19,0.6467,1,1
81,24,450.54,160.02,38.73,34.65,0.7155,1,1
81,27,704.96,195.86,83.49,69.89,0.9031,1,1
81,60,666.69,95.88,28.84,30.67,0.4291,1,1
81,65,941.64,70.38,25.49,23.20,0.5371,1,1
81,83,41.90,605.45,35.23,54.39,0.7969,1,1
81,91,1007.96,28.23,44.71,45.35,0.6720,1,1
81,93,843.87,657.34,130.57,106.72,0.5260,1,1
81,98,140.52,518.71,44.44,28.56,0.8397,1,1
81,99,64.99,346.09,57.93,56.53,0.6791,1,1
81,104,176.74,487.22,39.17,35.61,0.7044,1,1
81,112,529.52,259.49,25.44,37.58,0.3087,1,1
82,1,439.28,425.80,80.86,88.27,0.9299,1,1
82,2,1157.20,389.99,105.70,85.76,0.9108,1,1
82,4,1007.07,27.43,46.23,46.75,0.5882,1,1
82,5,443.07,116.60,56.46,47.20,0.8987,1,1
82,9,294.46,247.03,36.55,45.22,0.8254,1,1
82,11,350.07,323.96,43.27,48.10,0.5863,1,1
82,12,266.26,225.50,62.01,52.79,0.8312,1,1
82,15,1452.11,0.00,45.25,29.29,0.7685,1,1
82,16,652.76,53.61,50.11,41.93,0.5360,1,1
82,18,843.57,653.66,131.42,110.85,0.8500,1,1
82,22,928.33,1.13,18.73,14.17,0.6461,1,1
82,24,450.18,160.10,39.53,34.56,0.7147,1,1
82,27,704.57,195.87,84.32,69.87,0.9031,1,1
82,60,666.72,95.90,28.82,30.69,0.4249,1,1
82,65,941.10,70.13,25.46,23.20,0.5337,1,1
82,83,41.95,606.73,35.24,54.00,0.7974,1,1
82,91,1007.72,28.43,45.19,45.14,0.6711,1,1
82,93,844.01,657.39,130.25,106.72,0.5207,1,1
82,98,139.70,518.69,46.20,28.56,0.8398,1,1
82,99,64.79,346.07,58.34,56.55,0.6822,1,1
82,104,177.07,486.92,38.45,35.69,0.7057,1,1
82,112,529.27,256.77,26.09,38.97,0.3073,1,1
83,1,439.19,425.77,80.54,88.23,0.9287,1,1
83,2,1155.75,388.91,105.61,85.07,0.9083,1,1
83,4,1007.23,27.55,46.52,46.90,0.4807,1,1
83,5,444.25,117.38,56.84,47.70,0.9030,1,1
83,9,294.79,246.69,36.60,45.26,0.8186,1,1
83,11,354.78,339.30,32.39,33.17,0.5573,1,1
83,12,266.27,225.35,62.03,52.74,0.8357,1,1
83,15,1452.21,-0.00,45.10,29.01,0.7412,1,1
83,16,652.76,53.62,50.09,41.81,0.6207,1,1
83,18,844.00,653.33,130.92,110.36,0.8507,1,1
83,22,928.61,1.08,18.13,13.55,0.6372,1,1
83,24,450.98,161.49,38.85,33.02,0.6679,1,1
83,27,704.04,195.51,85.04,70.68,0.9032,1,1
83,46,912.79,121.02,64.15,75.73,0.3328,1,1
83,60,666.78,95.62,28.88,30.78,0.5211,1,1
83,65,942.24,70.45,26.44,23.60,0.5317,1,1
83,83,43.41,596.10,35.44,54.26,0.8063,1,1
83,91,1007.56,28.42,46.32,45.34,0.8026,1,1
83,93,844.09,656.92,130.03,106.63,0.5008,1,1
83,98,143.75,518.85,46.89,28.39,0.8431,1,1
83,99,64.85,346.06,58.55,56.60,0.6589,1,1
83,101,625.13,382.71,54.61,40.16,0.2837,1,1
83,104,174.73,481.44,40.50,39.62,0.7663,1,1
83,114,519.43,295.08,26.99,27.94,0.7680,1,1
83,115,677.32,188.15,27.23,20.39,0.3176,1,1
84,1,439.30,425.78,80.58,88.25,0.9311,1,1
84,2,1154.50,387.23,106.22,85.70,0.9087,1,1
84,4,1006.54,27.72,47.61,47.72,0.7264,1,1
84,5,444.21,117.90,57.30,47.68,0.9050,1,1
84,9,295.37,247.12,36.40,45.33,0.8175,1,1
84,12,265.96,225.31,62.47,53.35,0.8391,1,1
84,15,1451.61,-0.00,45.61,29.54,0.7534,1,1
84,16,652.87,53.86,49.94,41.61,0.6087,1,1
84,18,844.15,654.07,132.23,111.10,0.8418,1,1
84,22,928.91,1.14,17.95,13.12,0.6503,1,1
84,24,451.92,162.35,38.19,31.30,0.6634,1,1
84,27,706.36,195.77,83.67,70.69,0.9145,1,1
84,60,667.05,95.73,28.79,30.76,0.5231,1,1
84,83,43.54,586.47,35.45,56.76,0.8051,1,1
84,91,1006.96,28.55,47.13,46.07,0.4820,1,1
84,93,844.75,657.01,127.56,104.63,0.3742,1,1
84,98,149.09,519.15,44.75,27.01,0.8327,1,1
84,99,64.17,344.56,59.50,57.40,0.7335,1,1
84,101,634.78,377.65,51.46,36.18,0.4934,1,1
84,104,175.03,478.96,39.45,40.09,0.7103,1,1
84,115,676.09,186.78,28.29,21.46,0.4997,1,1
85,1,439.44,425.96,80.34,88.12,0.9267,1,1
85,2,1153.31,385.28,106.23,86.11,0.9124,1,1
85,4,1007.42,28.22,46.86,46.09,0.7740,1,1
85,5,444.58,118.26,57.48,47.66,0.9041,1,1
85,9,295.40,247.21,36.50,45.72,0.8081,1,1
85,12,266.06,225.27,62.58,53.53,0.8404,1,1
85,15,1451.37,-0.01,45.48,29.82,0.7580,1,1
85,16,653.07,54.11,49.76,41.11,0.6983,1,1
85,18,843.87,653.44,131.33,110.33,0.8538,1,1
85,22,928.96,1.11,18.11,13.08,0.6145,1,1
85,24,452.41,162.97,38.41,30.64,0.6155,1,1
85,27,707.66,195.98,82.76,70.52,0.9102,1,1
85,60,667.04,95.06,29.11,31.05,0.4801,1,1
85,83,45.77,580.45,35.08,58.31,0.7898,1,1
85,91,1006.46,27.60,48.36,47.34,0.4799,1,1
85,93,845.04,656.29,126.03,103.41,0.3903,1,1
85,98,151.23,518.03,45.60,30.41,0.8614,1,1
85,99,64.05,344.96,59.47,57.24,0.6781,1,1
85,104,175.22,477.76,38.12,40.20,0.6622,1,1
85,115,674.25,180.20,30.76,23.45,0.4776,1,1
86,1,439.61,426.02,80.81,88.51,0.9271,1,1
86,2,1152.18,384.76,105.08,84.31,0.9060,1,1
86,4,1007.56,28.16,47.21,46.31,0.6483,1,1
86,5,444.36,118.09,58.31,48.37,0.9051,1,1
86,9,295.61,246.50,37.03,46.85,0.8136,1,1
86,12,266.07,225.07,62.63,54.00,0.8474,1,1
86,15,1451.66,-0.00,45.11,29.93,0.7678,1,1
86,16,653.60,54.05,49.84,40.97,0.7257,1,1
86,18,844.62,652.73,130.58,109.85,0.8486,1,1
86,22,928.78,1.07,18.24,13.11,0.5425,1,1
86,24,452.32,163.78,38.68,30.00,0.6319,1,1
86,27,709.04,195.72,83.89,70.85,0.9088,1,1
86,60,667.02,94.04,29.73,31.76,0.4069,1,1
86,83,48.75,577.02,33.19,55.22,0.8084,1,1
86,91,1006.48,27.33,48.72,47.88,0.5774,1,1
86,92,670.93,90.44,29.34,31.83,0.2791,1,1
86,93,844.62,654.58,126.76,104.41,0.5475,1,1
86,98,156.29,517.59,41.02,28.18,0.8560,1,1
86,99,63.66,344.86,60.09,57.81,0.7479,1,1
86,104,175.12,477.64,37.80,41.94,0.6999,1,1
87,1,439.84,426.10,82.01,88.95,0.9291,1,1
87,2,1148.69,384.16,105.97,83.37,0.9013,1,1
87,4,1006.45,27.23,48.84,48.05,0.5340,1,1
87,5,444.15,118.18,58.16,48.26,0.9066,1,1
87,9,298.50,246.18,36.06,46.87,0.8013,1,1
87,12,266.08,224.89,62.82,54.50,0.8474,1,1
87,15,1451.71,-0.00,44.86,29.87,0.7658,1,1
87,16,654.51,54.25,49.69,40.66,0.7181,1,1
87,18,844.40,652.20,130.75,109.95,0.8430,1,1
87,22,927.86,1.08,18.57,13.15,0.5946,1,1
87,24,451.95,163.95,39.07,29.62,0.6536,1,1
87,27,710.61,194.94,84.52,71.60,0.9070,1,1
87,46,909.09,117.06,65.73,76.85,0.2643,1,1
87,60,667.23,94.03,30.04,32.20,0.2866,1,1
87,83,50.22,572.10,35.49,61.40,0.7768,1,1
87,91,1007.16,27.83,47.88,46.88,0.7002,1,1
87,93,844.10,653.68,127.54,105.29,0.3955,1,1
87,98,157.30,517.67,42.06,28.33,0.8720,1,1
87,99,63.44,344.42,60.05,57.79,0.6857,1,1
87,104,176.19,477.98,36.07,41.02,0.6364,1,1
87,117,357.45,353.93,41.82,34.36,0.8150,1,1
87,119,943.55,71.99,23.84,23.87,0.5952,1,1
88,1,439.71,426.09,82.25,89.02,0.9290,1,1
88,2,1148.27,384.15,106.75,83.38,0.9013,1,1
88,4,1006.34,27.10,48.97,48.32,0.5433,1,1
88,5,444.12,118.17,58.21,48.28,0.9067,1,1
88,9,298.86,246.14,35.48,46.90,0.8009,1,1
88,12,266.16,224.87,62.63,54.51,0.8474,1,1
88,15,1451.75,0.00,44.76,29.87,0.7660,1,1
88,16,654.50,54.26,49.84,40.65,0.7162,1,1
88,18,844.36,652.14,130.74,109.88,0.8423,1,1
88,22,927.65,1.10,18.81,13.18,0.5955,1,1
88,24,451.57,163.97,39.72,29.59,0.6532,1,1
88,27,710.66,194.93,84.44,71.61,0.9070,1,1
88,46,908.60,116.87,66.27,76.94,0.2579,1,1
88,60,667.31,94.07,30.07,32.34,0.2772,1,1
88,83,50.74,571.90,34.67,61.69,0.7782,1,1
88,91,1007.17,27.87,47.90,46.79,0.6979,1,1
88,93,843.95,653.48,127.72,105.66,0.3954,1,1
88,98,157.16,517.68,42.39,28.31,0.8722,1,1
88,99,63.42,344.39,60.01,57.74,0.6818,1,1
88,104,176.70,478.16,35.16,40.83,0.6352,1,1
88,117,358.55,353.97,39.68,34.45,0.8148,1,1
88,119,944.69,71.93,23.22,23.22,0.5851,1,1
89,1,439.84,425.83,82.41,89.07,0.9286,1,1
89,2,1147.51,383.32,106.10,82.40,0.9050,1,1
89,4,1006.48,26.92,48.81,48.17,0.6765,1,1
89,5,444.25,118.75,57.51,47.68,0.9077,1,1
89,9,302.22,246.27,33.79,46.75,0.8168,1,1
89,12,266.61,225.36,62.72,54.24,0.8237,1,1
89,15,1451.81,-0.00,44.63,29.85,0.7639,1,1
89,16,655.42,54.42,49.69,40.34,0.6993,1,1
89,18,844.52,652.20,130.57,109.28,0.8298,1,1
89,22,927.42,0.99,19.21,13.43,0.5474,1,1
89,24,451.67,164.11,39.42,29.11,0.4971,1,1
89,27,713.00,195.02,84.21,71.27,0.9076,1,1
89,46,909.60,117.31,63.60,72.00,0.4022,1,1
89,83,52.40,567.80,35.60,64.84,0.7364,1,1
89,91,1007.33,27.83,48.24,46.99,0.6518,1,1
89,93,844.40,653.53,127.29,105.34,0.4390,1,1
89,98,159.37,516.68,41.99,28.46,0.8785,1,1
89,99,63.03,344.00,60.51,58.37,0.5560,1,1
89,104,177.34,478.00,35.53,41.71,0.4909,1,1
89,114,526.64,285.09,27.06,28.26,0.2621,1,1
89,117,359.75,363.93,39.52,30.94,0.7729,1,1
89,119,941.75,72.07,23.68,23.04,0.6593,1,1
90,1,440.09,425.98,83.43,89.26,0.9272,1,1
90,2,1146.06,381.66,106.77,83.40,0.9060,1,1
90,4,1006.38,26.76,49.02,48.53,0.7350,1,1
90,5,443.40,118.84,57.80,47.68,0.9081,1,1
90,9,303.13,246.03,32.99,47.19,0.8298,1,1
90,12,266.93,225.21,63.56,54.24,0.8257,1,1
90,15,1451.75,-0.00,44.40,29.74,0.7647,1,1
90,16,655.88,54.64,49.34,39.90,0.6939,1,1
90,18,844.67,652.06,130.64,109.14,0.8380,1,1
90,22,927.49,0.87,18.99,13.26,0.4736,1,1
90,24,450.37,164.21,40.34,29.62,0.4897,1,1
90,27,714.84,195.32,83.60,70.88,0.9078,1,1
90,46,908.82,117.21,62.84,69.51,0.2505,1,1
90,83,54.41,563.62,35.02,64.90,0.6841,1,1
90,91,1007.13,27.69,48.66,47.38,0.3658,1,1
90,98,159.22,517.23,41.03,26.97,0.8819,1,1
90,99,63.51,343.62,59.71,57.57,0.5140,1,1
90,104,180.05,477.81,33.70,40.29,0.7127,1,1
90,114,527.17,285.34,25.62,29.70,0.7049,1,1
90,117,358.30,366.51,42.98,31.68,0.8072,1,1
90,119,941.57,72.77,24.24,22.65,0.7408,1,1
91,1,439.64,426.16,84.02,89.17,0.9283,1,1
91,2,1145.00,380.54,106.15,83.66,0.9114,1,1
91,4,1006.51,26.36,49.18,48.86,0.6881,1,1
91,5,442.93,118.96,57.61,47.25,0.9057,1,1
91,9,305.46,246.38,31.17,46.30,0.8343,1,1
91,12,266.84,225.44,63.92,53.92,0.8325,1,1
91,15,1451.95,0.00,44.71,29.81,0.7661,1,1
91,16,655.69,54.38,49.76,40.17,0.7130,1,1
91,18,844.79,652.02,130.48,108.95,0.8366,1,1
91,22,927.50,0.88,18.76,13.12,0.5238,1,1
91,24,449.08,164.17,41.83,30.77,0.4157,1,1
91,27,716.45,195.21,83.87,71.24,0.8976,1,1
91,35,531.99,282.09,23.00,39.40,0.3369,1,1
91,46,908.25,117.03,62.36,66.16,0.4119,1,1
91,83,56.10,557.61,35.57,67.80,0.6983,1,1
91,91,1007.04,27.21,49.11,47.81,0.4839,1,1
91,98,156.62,518.33,39.90,26.40,0.8643,1,1
91,99,63.90,343.12,59.36,57.17,0.5547,1,1
91,104,182.73,478.53,30.73,37.62,0.7108,1,1
91,117,363.52,369.81,42.10,30.45,0.7423,1,1
91,119,942.44,72.73,24.40,22.88,0.5781,1,1
92,1,439.19,426.29,85.21,88.82,0.9293,1,1
92,2,1144.07,378.98,106.07,84.27,0.9107,1,1
92,4,1006.48,26.33,49.03,48.98,0.7791,1,1
92,5,443.29,118.94,57.32,47.00,0.9022,1,1
92,9,307.18,246.24,29.95,46.06,0.8229,1,1
92,12,266.78,225.42,64.37,53.83,0.8208,1,1
92,15,1451.99,0.00,45.04,29.73,0.7751,1,1
92,16,655.35,54.47,49.64,40.13,0.7222,1,1
92,18,844.26,652.03,130.94,109.02,0.8299,1,1
92,22,927.12,0.94,18.60,13.03,0.5260,1,1
92,24,448.32,163.81,42.37,31.22,0.4143,1,1
92,27,717.75,195.53,83.31,71.26,0.8956,1,1
92,46,905.05,116.99,65.37,66.81,0.5696,1,1
92,83,59.55,551.57,34.42,66.46,0.5231,1,1
92,98,156.76,522.00,38.86,26.29,0.8330,1,1
92,99,64.35,343.00,59.40,56.87,0.7971,1,1
92,104,182.33,478.02,30.41,37.08,0.6618,1,1
92,117,360.87,370.19,43.99,30.50,0.8210,1,1
92,119,944.00,72.36,24.65,23.44,0.2757,1,1
93,1,438.07,426.33,86.87,89.18,0.9283,1,1
93,2,1144.23,377.22,105.44,84.68,0.9114,1,1
93,4,1007.29,26.79,48.72,49.23,0.8294,1,1
93,5,443.51,118.87,57.36,46.93,0.9043,1,1
93,9,307.48,246.48,29.04,45.34,0.8259,1,1
93,12,267.09,225.49,64.68,53.62,0.8255,1,1
93,15,1451.76,0.00,45.68,29.98,0.7858,1,1
93,16,654.49,54.32,49.97,40.49,0.7220,1,1
93,18,844.07,652.08,131.48,109.38,0.8302,1,1
93,22,926.77,1.11,18.59,13.04,0.5323,1,1
93,24,448.46,163.57,41.70,30.75,0.3395,1,1
93,27,719.05,195.29,83.07,71.54,0.8907,1,1
93,46,901.54,116.48,70.51,70.97,0.6061,1,1
93,83,65.09,545.04,32.92,64.53,0.5335,1,1
93,98,150.55,523.94,42.97,27.92,0.8415,1,1
93,99,64.92,342.71,58.94,56.42,0.7324,1,1
93,104,181.41,477.97,30.72,36.40,0.7119,1,1
93,117,359.46,369.67,44.12,31.39,0.8456,1,1
93,119,944.50,73.68,23.57,22.90,0.4348,1,1
93,123,685.88,154.65,31.52,25.32,0.3297,1,1
94,1,437.89,426.33,87.26,89.13,0.9281,1,1
94,2,1144.42,377.18,105.10,84.74,0.9116,1,1
94,4,1007.42,26.82,48.44,49.22,0.8328,1,1
94,5,443.52,118.89,57.40,46.90,0.9042,1,1
94,9,307.61,246.49,28.77,45.34,0.8260,1,1
94,12,266.92,225.51,65.03,53.64,0.8268,1,1
94,15,1451.68,0.00,45.85,29.99,0.7857,1,1
94,16,654.46,54.29,49.94,40.54,0.7187,1,1
94,18,843.95,652.04,131.69,109.53,0.8329,1,1
94,22,926.71,1.15,18.60,13.06,0.5345,1,1
94,24,448.57,163.48,41.44,30.57,0.3428,1,1
94,27,719.20,195.28,82.79,71.52,0.8910,1,1
94,46,900.95,116.43,71.60,71.36,0.6024,1,1
94,83,66.14,544.12,32.29,64.21,0.5345,1,1
94,98,149.92,523.97,43.99,27.96,0.8414,1,1
94,99,64.96,342.71,58.91,56.37,0.7391,1,1
94,104,181.09,477.98,31.27,36.35,0.7121,1,1
94,117,359.67,369.66,43.63,31.41,0.8455,1,1
94,119,944.77,73.90,23.01,22.83,0.4308,1,1
94,123,686.07,154.66,31.67,25.55,0.3106,1,1
94,124,1147.51,541.35,49.19,40.14,0.2834,1,1
94,125,73.09,409.21,41.47,31.02,0.2827,1,1
94,126,950.76,840.51,42.30,36.60,0.3413,1,1
95,1,436.25,426.28,88.72,89.77,0.9248,1,1
95,2,1144.57,376.45,104.57,83.96,0.9151,1,1
95,4,1007.54,27.03,48.20,49.07,0.8141,1,1
95,5,444.11,118.90,57.12,46.86,0.9034,1,1
95,9,307.71,246.46,28.55,45.44,0.8214,1,1
95,12,266.85,225.30,65.35,53.65,0.8228,1,1
95,15,1452.18,0.00,45.38,29.37,0.7755,1,1
95,16,653.62,53.74,50.42,41.04,0.6828,1,1
95,18,843.97,651.73,131.83,109.46,0.8234,1,1
95,22,926.14,1.21,18.96,13.34,0.5535,1,1
95,24,448.92,163.30,41.47,30.59,0.4057,1,1
95,27,721.79,195.00,81.98,72.39,0.9024,1,1
95,46,901.17,116.37,69.32,67.58,0.6688,1,1
95,83,69.03,538.74,32.77,68.32,0.7203,1,1
95,98,147.36,522.46,48.52,31.24,0.5774,1,1
95,99,65.04,342.29,59.35,56.86,0.5620,1,1
95,104,180.74,479.03,31.83,35.81,0.7095,1,1
95,117,359.73,370.27,42.08,31.30,0.8556,1,1
95,119,941.13,73.17,23.05,22.77,0.5620,1,1
95,123,686.99,161.03,29.22,23.43,0.8064,1,1
95,124,1147.37,540.98,48.12,39.37,0.5212,1,1
95,126,951.09,839.57,43.11,37.25,0.3487,1,1
96,1,434.75,426.56,90.17,89.69,0.9189,1,1
96,2,1144.24,376.02,104.68,83.63,0.9162,1,1
96,4,1007.77,27.13,47.95,48.84,0.8587,1,1
96,5,444.81,119.13,56.85,46.58,0.9035,1,1
96,9,307.63,246.28,28.71,45.41,0.8289,1,1
96,12,266.45,225.08,65.78,53.90,0.8480,1,1
96,15,1452.25,0.00,45.35,29.06,0.7710,1,1
96,16,653.26,54.10,49.83,40.57,0.7195,1,1
96,18,843.88,651.86,132.05,109.68,0.8392,1,1
96,22,926.03,1.28,18.96,13.49,0.5492,1,1
96,24,449.18,163.49,41.42,30.55,0.4447,1,1
96,27,723.15,194.97,81.50,72.27,0.8956,1,1
96,46,900.12,116.46,69.14,67.17,0.6855,1,1
96,60,666.88,95.12,28.82,30.77,0.3612,1,1
96,65,937.33,73.72,24.06,21.19,0.5866,1,1
96,83,71.84,531.10,32.12,68.83,0.7614,1,1
96,104,180.36,480.23,32.89,35.65,0.7039,1,1
96,117,360.11,371.24,40.52,30.84,0.8581,1,1
96,123,689.09,165.74,26.72,21.14,0.4173,1,1
96,124,1148.12,540.87,46.60,37.87,0.5385,1,1
96,126,951.38,839.14,43.03,37.10,0.3131,1,1
97,1,432.23,426.53,91.86,89.56,0.9215,1,1
97,2,1144.24,375.29,104.62,83.22,0.9167,1,1
97,4,1008.17,27.04,47.68,48.98,0.8506,1,1
97,5,446.14,119.32,56.33,46.10,0.8980,1,1
97,9,308.17,246.51,28.48,45.06,0.8331,1,1
97,12,266.29,224.90,66.11,54.51,0.8483,1,1
97,15,1452.42,-0.00,44.16,27.90,0.7578,1,1
97,16,653.09,53.90,49.98,40.72,0.7009,1,1
97,18,845.00,651.96,131.40,109.68,0.8396,1,1
97,22,925.69,1.32,19.13,13.84,0.5289,1,1
97,24,450.60,163.41,40.42,29.67,0.4655,1,1
97,27,724.00,193.95,81.89,73.22,0.8977,1,1
97,46,899.20,116.48,70.73,68.78,0.2886,1,1
97,65,939.17,74.33,23.19,19.55,0.5307,1,1
97,83,75.60,526.69,29.74,63.33,0.3259,1,1
97,104,179.46,480.12,35.09,37.43,0.6012,1,1
97,117,360.27,371.55,40.29,31.19,0.8546,1,1
97,123,689.63,169.48,29.81,22.15,0.7683,1,1
97,124,1148.23,540.81,44.73,35.98,0.5427,1,1
97,126,951.88,839.23,42.75,36.67,0.3327,1,1
98,1,430.63,426.77,92.71,90.52,0.9187,1,1
98,2,1144.66,374.69,104.44,82.45,0.9118,1,1
98,4,1008.67,27.00,47.66,49.29,0.8435,1,1
98,5,447.17,119.48,56.11,45.64,0.8947,1,1
98,9,308.23,246.56,28.44,45.03,0.8380,1,1
98,12,266.73,224.94,65.53,54.13,0.8425,1,1
98,15,1452.49,-0.00,44.78,27.79,0.7544,1,1
98,16,653.02,53.94,49.89,40.64,0.6805,1,1
98,18,845.85,651.86,128.00,106.23,0.8399,1,1
98,22,925.29,1.15,19.56,14.62,0.6121,1,1
98,24,451.12,163.43,40.34,29.47,0.4462,1,1
98,27,726.16,193.34,80.98,73.99,0.9019,1,1
98,65,936.06,74.93,23.49,19.20,0.6056,1,1
98,104,179.95,480.21,33.61,35.41,0.3659,1,1
98,117,360.45,371.22,40.32,32.23,0.8561,1,1
98,123,691.29,171.67,29.66,21.79,0.6192,1,1
98,126,952.03,839.85,42.59,36.24,0.3148,1,1
99,1,429.65,426.39,91.72,91.46,0.9280,1,1
99,2,1143.89,374.70,103.97,80.65,0.9102,1,1
99,4,1008.28,27.01,47.91,49.50,0.8536,1,1
99,5,447.22,119.38,56.66,45.48,0.8927,1,1
99,9,307.45,246.38,29.10,45.99,0.8394,1,1
99,12,266.91,225.10,65.10,53.71,0.8448,1,1
99,15,1450.53,-0.00,45.65,29.27,0.7650,1,1
99,16,652.88,53.94,50.04,40.82,0.6986,1,1
99,18,845.73,651.96,128.32,106.21,0.8597,1,1
99,22,925.83,1.14,18.84,14.37,0.6630,1,1
99,24,451.65,163.55,39.01,28.02,0.4640,1,1
99,27,728.21,192.42,80.74,74.32,0.8987,1,1
99,46,898.07,115.04,72.36,71.05,0.5975,1,1
99,47,493.26,324.42,34.96,34.71,0.3082,1,1
99,60,668.90,95.56,27.25,29.22,0.3372,1,1
99,65,934.92,73.68,24.49,19.94,0.5411,1,1
99,114,538.86,284.28,30.24,33.47,0.3143,1,1
99,117,359.78,372.11,39.64,31.65,0.8607,1,1
99,123,697.11,174.82,27.04,21.03,0.7300,1,1
99,126,951.94,841.40,41.54,34.98,0.2939,1,1
100,1,429.90,426.38,91.22,91.48,0.9280,1,1
100,2,1143.64,374.70,104.52,80.64,0.9103,1,1
100,4,1008.26,27.02,47.93,49.50,0.8539,1,1
100,5,447.06,119.36,56.96,45.50,0.8928,1,1
100,9,307.42,246.38,29.13,46.01,0.8394,1,1
100,12,266.93,225.11,65.09,53.66,0.8449,1,1
100,15,1450.89,0.00,44.76,29.34,0.7653,1,1
100,16,652.88,53.94,50.03,40.84,0.7025,1,1
100,18,845.66,651.90,128.54,106.24,0.8587,1,1
100,22,925.99,1.14,18.57,14.35,0.6618,1,1
100,24,451.56,163.58,39.16,27.74,0.4659,1,1
100,27,728.35,192.41,80.46,74.26,0.8981,1,1
100,46,898.24,114.97,72.01,71.20,0.6001,1,1
100,47,493.13,324.37,35.25,34.83,0.3084,1,1
100,60,669.10,95.61,27.06,29.13,0.3463,1,1
100,65,934.75,73.53,24.67,20.02,0.5427,1,1
100,114,538.73,284.30,31.34,33.67,0.3038,1,1
100,117,359.75,372.12,39.66,31.63,0.8607,1,1
100,123,697.94,174.99,25.94,20.98,0.7319,1,1
100,126,951.73,841.77,41.64,34.72,0.3035,1,1
101,1,429.00,426.44,91.69,91.71,0.9292,1,1
101,2,1144.13,373.92,104.00,80.03,0.9122,1,1
101,4,1008.31,27.54,47.96,49.11,0.8771,1,1
101,5,447.21,119.44,56.99,45.33,0.8878,1,1
101,9,307.30,246.34,29.26,46.19,0.8391,1,1
101,12,266.74,225.24,65.18,53.86,0.8473,1,1
101,15,1451.17,-0.00,44.10,29.31,0.7661,1,1
101,16,652.97,54.01,49.90,40.74,0.7030,1,1
101,18,845.53,651.68,128.82,106.51,0.8649,1,1
101,22,926.17,1.00,18.05,14.12,0.6174,1,1
101,24,451.42,163.27,39.76,27.88,0.4988,1,1
101,27,730.55,191.62,80.01,74.80,0.8977,1,1
101,46,899.26,115.86,71.54,70.47,0.5606,1,1
101,60,669.01,95.53,27.11,29.26,0.3668,1,1
101,65,934.97,73.01,25.42,20.27,0.7060,1,1
101,73,957.33,98.00,19.61,20.78,0.2851,1,1
101,114,539.71,283.59,30.07,30.64,0.3645,1,1
101,117,359.11,372.23,40.02,31.71,0.8692,1,1
101,126,951.27,842.67,42.12,34.95,0.3038,1,1
102,1,428.41,426.43,92.00,92.17,0.9288,1,1
102,2,1144.85,373.21,102.90,79.03,0.9110,1,1
102,4,1008.15,27.72,48.20,48.99,0.8843,1,1
102,5,447.20,119.34,57.06,45.29,0.8876,1,1
102,9,307.89,246.33,29.18,46.14,0.8389,1,1
102,12,267.06,225.26,65.31,53.52,0.8428,1,1
102,15,1450.90,-0.00,43.27,29.48,0.7696,1,1
102,16,653.00,54.03,49.87,40.75,0.6753,1,1
102,18,845.46,651.68,128.89,106.74,0.8591,1,1
102,22,926.78,1.03,17.08,13.44,0.6162,1,1
102,24,451.91,162.91,39.72,27.63,0.4282,1,1
102,27,733.11,190.84,78.82,75.64,0.8996,1,1
102,46,900.32,116.17,70.83,69.12,0.6174,1,1
102,60,669.37,95.84,26.71,28.86,0.3862,1,1
102,65,935.84,73.08,24.15,19.27,0.4440,1,1
102,73,957.64,95.62,20.04,22.43,0.5019,1,1
102,117,358.95,372.80,39.40,31.30,0.8720,1,1
103,1,428.38,426.50,92.14,92.22,0.9284,1,1
103,2,1145.09,372.94,102.19,78.12,0.9101,1,1
103,4,1007.96,27.89,48.01,47.76,0.8897,1,1
103,5,447.22,119.33,56.58,44.51,0.8888,1,1
103,9,307.58,246.50,29.59,46.12,0.8422,1,1
103,12,267.37,225.25,65.56,53.05,0.8393,1,1
103,15,1451.14,-0.00,42.56,29.50,0.7693,1,1
103,16,653.01,53.96,49.87,40.81,0.6485,1,1
103,18,846.18,651.93,127.94,105.98,0.8561,1,1
103,22,927.16,1.11,16.77,13.20,0.6213,1,1
103,24,451.22,162.27,40.26,27.89,0.2920,1,1
103,27,736.23,188.97,77.28,77.12,0.8912,1,1
103,46,900.49,116.88,72.17,68.70,0.8754,1,1
103,60,669.35,96.12,26.55,28.68,0.3373,1,1
103,65,938.00,73.49,22.70,18.08,0.5333,1,1
103,73,956.87,94.37,19.66,22.80,0.3645,1,1
103,117,358.71,372.42,39.43,31.56,0.8743,1,1
103,132,667.64,185.88,33.90,19.80,0.4132,1,1
104,1,428.19,426.39,92.55,93.11,0.9288,1,1
104,2,1144.45,372.37,102.73,78.06,0.9121,1,1
104,4,1009.20,28.22,46.86,46.25,0.8857,1,1
104,5,447.02,119.20,56.28,43.83,0.8911,1,1
104,9,306.85,245.97,30.27,46.34,0.8532,1,1
104,12,267.08,225.15,66.15,53.26,0.8440,1,1
104,15,1451.50,0.00,42.45,29.52,0.7776,1,1
104,16,653.06,54.13,49.87,40.85,0.6642,1,1
104,18,846.59,651.83,127.68,105.84,0.8571,1,1
104,22,927.33,1.22,16.70,13.15,0.6042,1,1
104,24,449.96,161.86,42.26,29.44,0.3391,1,1
104,27,738.54,189.22,74.39,76.20,0.8868,1,1
104,35,537.11,294.28,23.96,34.91,0.7838,1,1
104,46,901.47,116.82,72.35,67.61,0.8901,1,1
104,47,487.66,327.70,34.98,33.29,0.5999,1,1
104,60,669.95,96.02,26.23,28.31,0.4277,1,1
104,65,941.49,73.18,21.39,16.81,0.4395,1,1
104,73,957.15,95.00,18.89,22.91,0.5023,1,1
104,117,358.48,372.35,39.46,31.71,0.8804,1,1
104,132,667.07,185.21,34.76,20.44,0.4575,1,1
105,1,428.24,426.78,92.31,93.09,0.9285,1,1
105,2,1144.24,371.69,101.97,78.02,0.9125,1,1
105,4,1009.38,28.48,46.41,45.00,0.8831,1,1
105,5,446.24,118.23,56.72,44.16,0.8866,1,1
105,9,306.17,246.07,30.92,46.45,0.8510,1,1
105,12,266.47,224.98,67.27,54.26,0.8358,1,1
105,15,1451.40,0.00,42.42,29.74,0.7850,1,1
105,16,653.33,54.75,49.51,40.38,0.6198,1,1
105,18,846.32,651.90,128.26,106.46,0.8628,1,1
105,22,927.64,1.10,16.47,13.09,0.6202,1,1
105,24,448.64,160.35,44.02,31.04,0.4490,1,1
105,27,740.56,188.15,72.88,76.80,0.9018,1,1
105,35,535.79,301.43,26.85,39.89,0.5205,1,1
105,46,901.93,117.13,72.90,68.18,0.9026,1,1
105,47,488.14,327.62,34.62,32.53,0.6094,1,1
105,60,669.35,96.65,26.33,28.26,0.4901,1,1
105,65,943.23,71.64,22.36,17.29,0.2876,1,1
105,73,956.65,94.06,18.46,23.29,0.5775,1,1
105,92,673.44,91.10,25.06,26.80,0.2602,1,1
105,117,357.66,371.88,39.74,32.06,0.8841,1,1
105,132,663.85,184.01,36.00,21.06,0.5235,1,1
105,135,1219.03,586.04,36.50,40.44,0.5730,1,1
106,1,428.28,426.77,92.29,93.11,0.9285,1,1
106,2,1144.35,371.68,101.76,78.06,0.9124,1,1
106,4,1009.20,28.49,46.76,44.99,0.8830,1,1
106,5,446.21,118.22,56.74,44.17,0.8864,1,1
106,9,305.94,246.08,31.27,46.46,0.8506,1,1
106,12,266.44,224.89,67.33,54.38,0.8358,1,1
106,15,1451.47,0.00,42.23,29.75,0.7854,1,1
106,16,653.25,54.84,49.64,40.33,0.6339,1,1
106,18,846.34,651.84,128.29,106.58,0.8622,1,1
106,22,927.71,1.10,16.35,13.08,0.6181,1,1
106,24,448.49,160.11,44.08,31.41,0.4490,1,1
106,27,740.93,188.15,72.11,76.72,0.9017,1,1
106,35,535.73,302.67,26.99,40.77,0.5238,1,1
106,46,901.95,117.13,72.87,68.13,0.9026,1,1
106,47,488.10,327.61,34.75,32.45,0.6063,1,1
106,60,669.24,96.67,26.46,28.27,0.5076,1,1
106,65,943.53,71.24,22.93,17.46,0.2880,1,1
106,73,956.76,93.94,18.06,23.35,0.5731,1,1
106,92,673.40,91.09,25.14,26.70,0.2734,1,1
106,117,357.79,371.85,39.59,32.01,0.8829,1,1
106,132,663.44,183.85,36.38,21.22,0.5066,1,1
106,135,1219.20,586.16,36.50,40.35,0.5731,1,1
106,136,978.91,44.56,14.92,18.95,0.3798,1,1
107,1,428.31,426.97,92.23,92.92,0.9297,1,1
107,2,1143.50,371.22,101.66,77.78,0.9122,1,1
107,4,1008.82,28.23,46.07,44.66,0.8932,1,1
107,5,445.81,117.81,56.21,43.50,0.8928,1,1
107,9,304.80,245.98,31.98,46.02,0.8569,1,1
107,12,266.87,224.41,67.88,54.76,0.8336,1,1
107,15,1452.48,-0.00,41.66,28.62,0.7752,1,1
107,16,652.98,53.93,50.13,40.89,0.6601,1,1
107,18,846.29,651.88,128.37,106.67,0.8753,1,1
107,22,927.86,1.04,16.17,12.99,0.5305,1,1
107,24,447.31,159.56,45.17,32.80,0.4635,1,1
107,27,742.22,188.06,71.79,77.07,0.9038,1,1
107,46,903.09,116.99,72.16,66.48,0.8941,1,1
107,60,668.92,96.00,26.90,28.70,0.5589,1,1
107,65,947.39,69.88,22.61,17.30,0.3375,1,1
107,73,955.66,94.53,16.83,21.90,0.2711,1,1
107,83,98.40,478.23,29.04,46.92,0.7509,1,1
107,92,672.64,91.17,26.11,27.86,0.3211,1,1
107,117,356.85,371.80,40.21,31.71,0.8936,1,1
107,132,661.43,183.78,35.73,20.60,0.5010,1,1
107,135,1221.57,585.42,36.39,39.74,0.8040,1,1
107,136,978.49,44.70,15.03,18.79,0.4976,1,1
107,137,963.12,838.36,43.31,50.06,0.3422,1,1
108,1,428.63,426.93,92.25,92.63,0.9299,1,1
108,2,1142.68,370.06,101.68,76.85,0.9092,1,1
108,4,1008.38,28.06,45.86,44.01,0.9079,1,1
108,5,445.73,117.20,55.99,42.98,0.8893,1,1
108,9,305.06,246.14,32.03,45.78,0.8543,1,1
108,12,266.50,224.61,67.54,54.52,0.8329,1,1
108,15,1451.56,-0.00,41.03,28.31,0.7806,1,1
108,16,653.12,54.09,50.09,40.71,0.6676,1,1
108,18,846.17,651.84,128.80,106.91,0.8801,1,1
108,22,927.98,1.02,15.85,12.73,0.4841,1,1
108,24,446.69,158.37,45.95,34.25,0.5024,1,1
108,27,742.78,186.96,71.64,78.12,0.9021,1,1
108,46,903.78,116.63,73.64,68.43,0.8898,1,1
108,60,667.39,95.92,27.46,28.87,0.5473,1,1
108,65,948.92,68.92,22.47,17.13,0.3975,1,1
108,83,102.55,482.30,29.96,46.37,0.7237,1,1
108,92,672.30,91.43,26.34,28.13,0.2777,1,1
108,117,356.17,371.76,40.73,31.60,0.8948,1,1
108,135,1224.08,580.11,36.97,40.33,0.7490,1,1
108,136,978.14,44.65,15.55,19.41,0.3890,1,1
108,137,974.32,840.57,41.97,48.59,0.4523,1,1
109,1,429.27,426.83,92.09,92.97,0.9286,1,1
109,2,1141.89,368.76,101.83,76.23,0.9098,1,1
109,4,1007.69,27.68,45.90,44.25,0.9131,1,1
109,5,445.38,116.36,55.76,43.27,0.8897,1,1
109,9,304.75,246.16,31.87,44.79,0.8498,1,1
109,12,266.43,225.04,67.21,54.31,0.8350,1,1
109,15,1451.68,0.00,40.90,28.33,0.7877,1,1
109,16,653.11,53.35,50.58,41.35,0.7305,1,1
109,18,846.34,652.10,128.91,106.71,0.8796,1,1
109,22,928.13,1.03,15.35,12.34,0.4093,1,1
109,24,447.13,157.33,45.54,34.89,0.5570,1,1
109,27,743.74,187.41,70.08,75.81,0.9025,1,1
109,46,905.86,117.36,71.76,66.31,0.7142,1,1
109,60,666.80,94.80,28.45,29.38,0.6366,1,1
109,65,949.92,67.84,23.06,17.64,0.3113,1,1
109,83,107.03,485.40,30.95,45.49,0.8020,1,1
109,92,671.60,91.52,27.05,28.82,0.3160,1,1
109,117,356.02,371.61,40.92,31.50,0.8912,1,1
109,132,662.08,182.48,36.69,21.56,0.3994,1,1
109,135,1225.34,576.39,35.68,38.46,0.7110,1,1
109,136,977.57,44.89,16.24,20.31,0.3303,1,1
109,137,980.02,844.41,40.53,44.79,0.8384,1,1
110,1,430.28,426.52,91.17,92.59,0.9237,1,1
110,2,1140.69,367.92,101.32,75.17,0.9140,1,1
110,4,1007.33,27.74,45.82,43.91,0.9134,1,1
110,5,445.34,116.48,55.18,43.03,0.8861,1,1
110,9,303.87,245.73,32.21,44.20,0.8404,1,1
110,12,266.30,225.05,66.81,54.12,0.8345,1,1
110,15,1451.74,0.00,41.13,28.56,0.7929,1,1
110,16,653.31,53.07,50.61,41.52,0.7353,1,1
110,18,845.56,652.17,129.05,107.39,0.8782,1,1
110,22,928.46,0.96,15.06,12.07,0.3883,1,1
110,24,447.91,156.37,44.44,35.30,0.6771,1,1
110,27,743.79,187.18,70.51,75.52,0.9035,1,1
110,46,906.46,118.37,72.58,66.69,0.7115,1,1
110,47,489.09,325.46,32.13,29.57,0.3294,1,1
110,60,668.47,93.42,28.39,29.54,0.4684,1,1
110,65,951.92,66.30,23.23,17.84,0.4071,1,1
110,83,111.21,491.05,31.77,43.91,0.8119,1,1
110,92,672.20,91.08,26.66,28.44,0.2533,1,1
110,117,355.08,371.70,41.51,31.79,0.8864,1,1
110,135,1225.82,574.51,34.66,36.49,0.7171,1,1
110,136,977.33,46.76,16.85,21.42,0.4389,1,1
110,137,983.26,848.45,39.74,44.29,0.7514,1,1
111,1,431.08,427.12,90.54,91.61,0.9217,1,1
111,2,1140.37,366.14,100.94,74.47,0.9128,1,1
111,4,1007.18,27.68,46.16,44.31,0.9118,1,1
111,5,445.35,116.55,54.83,42.87,0.8877,1,1
111,9,303.42,246.17,32.59,43.32,0.8344,1,1
111,12,266.06,225.29,66.60,54.07,0.8418,1,1
111,15,1451.71,0.00,40.85,28.56,0.7999,1,1
111,16,653.89,53.08,50.30,41.31,0.6701,1,1
111,18,844.67,652.38,129.43,108.27,0.8827,1,1
111,22,928.55,0.95,14.87,11.88,0.3363,1,1
111,24,448.85,156.35,42.90,34.72,0.6844,1,1
111,27,743.64,187.18,71.45,75.65,0.9047,1,1
111,47,488.84,324.50,31.79,27.43,0.5053,1,1
111,60,669.19,92.87,28.42,29.80,0.2576,1,1
111,83,115.30,502.11,30.07,37.04,0.8174,1,1
111,92,673.37,90.65,25.63,27.42,0.2556,1,1
111,117,354.90,371.76,41.46,31.75,0.8861,1,1
111,138,0.78,611.14,20.28,106.14,0.2693,1,1
112,1,431.04,427.11,90.65,91.63,0.9216,1,1
112,2,1140.26,366.15,101.13,74.47,0.9126,1,1
112,4,1007.19,27.68,46.15,44.32,0.9117,1,1
112,5,445.37,116.55,54.76,42.86,0.8876,1,1
112,9,303.08,246.16,33.18,43.32,0.8343,1,1
112,12,266.12,225.29,66.47,53.98,0.8412,1,1
112,15,1451.79,0.00,40.69,28.54,0.7989,1,1
112,16,653.91,53.04,50.27,41.32,0.6679,1,1
112,18,844.78,652.38,129.19,108.33,0.8826,1,1
112,22,928.54,0.95,14.84,11.81,0.3272,1,1
112,24,449.13,156.29,42.42,34.80,0.6820,1,1
112,27,743.49,187.16,71.77,75.64,0.9049,1,1
112,47,488.28,324.34,32.80,27.19,0.5051,1,1
112,83,114.57,502.43,31.67,36.84,0.8174,1,1
112,117,354.91,371.74,41.56,31.84,0.8857,1,1
112,138,0.97,608.71,20.81,108.24,0.2683,1,1
112,139,335.92,285.59,28.48,24.25,0.4868,1,1
112,140,703.24,170.42,26.86,29.20,0.7499,1,1
113,1,432.04,426.98,90.29,91.15,0.9231,1,1
113,2,1140.13,365.21,101.09,73.73,0.9164,1,1
113,4,1007.08,27.73,46.19,44.66,0.9107,1,1
113,5,445.41,116.58,54.68,42.79,0.8876,1,1
113,9,301.25,246.02,34.37,43.63,0.8335,1,1
113,12,266.13,225.25,66.72,54.01,0.8217,1,1
113,15,1451.94,0.00,40.63,28.49,0.7992,1,1
113,16,654.37,53.03,50.07,41.15,0.6270,1,1
113,18,844.74,652.26,129.29,108.45,0.8767,1,1
113,22,928.52,0.87,15.02,11.95,0.3800,1,1
113,24,449.31,156.27,42.00,34.73,0.7059,1,1
113,27,743.28,186.95,72.06,75.72,0.9029,1,1
113,47,488.90,324.20,33.02,26.14,0.5063,1,1
113,83,116.90,506.50,34.76,39.64,0.8226,1,1
113,117,354.37,371.67,41.31,31.78,0.8805,1,1
113,138,3.31,612.79,20.62,103.32,0.3132,1,1
113,139,335.62,285.14,27.88,23.74,0.3096,1,1
113,140,706.16,163.35,32.54,33.11,0.8330,1,1
114,1,434.47,426.88,90.00,91.02,0.9284,1,1
114,2,1139.61,364.73,101.62,73.54,0.9144,1,1
114,4,1007.27,27.76,46.06,45.36,0.9037,1,1
114,5,445.56,116.51,54.71,42.67,0.8874,1,1
114,9,300.05,245.71,35.32,43.93,0.8291,1,1
114,12,265.95,225.10,66.72,54.04,0.8061,1,1
114,15,1451.96,0.00,40.84,28.64,0.8001,1,1
114,16,654.08,53.08,50.20,41.19,0.7230,1,1
114,18,844.92,652.23,129.00,108.09,0.8789,1,1
114,22,928.57,0.84,15.26,12.15,0.3487,1,1
114,24,449.47,156.08,41.66,34.49,0.6845,1,1
114,27,742.57,186.86,73.39,77.30,0.9017,1,1
114,47,489.96,323.65,33.07,25.79,0.2698,1,1
114,83,117.01,512.37,39.50,46.89,0.7799,1,1
114,117,353.83,371.71,41.50,31.96,0.8750,1,1
114,137,985.05,855.01,41.17,44.00,0.6237,1,1
114,138,5.45,613.36,21.83,99.79,0.4428,1,1
114,139,335.43,284.97,27.59,23.49,0.2636,1,1
114,140,709.63,156.07,30.98,34.74,0.8387,1,1
115,1,435.58,426.79,88.71,90.46,0.9299,1,1
115,2,1139.10,364.59,102.26,73.52,0.9153,1,1
115,4,1006.87,27.67,46.50,46.39,0.8989,1,1
115,5,445.42,116.45,54.80,42.97,0.8866,1,1
115,9,298.89,245.22,36.12,44.25,0.8113,1,1
115,12,265.27,225.13,67.04,54.46,0.7935,1,1
115,15,1452.04,0.00,40.96,28.67,0.7961,1,1
115,16,654.00,53.24,50.08,41.09,0.7341,1,1
115,18,845.34,652.58,129.09,107.96,0.8704,1,1
115,22,928.73,0.97,15.11,12.05,0.2528,1,1
115,24,449.79,156.58,41.02,33.93,0.7231,1,1
115,27,742.36,187.15,73.22,76.71,0.9101,1,1
115,83,128.75,519.43,29.71,33.41,0.8006,1,1
115,117,353.77,371.93,41.69,31.87,0.8736,1,1
115,137,991.45,856.29,40.80,43.02,0.3305,1,1
115,138,6.53,607.56,24.65,101.90,0.4520,1,1
115,139,334.36,283.97,28.03,23.98,0.5216,1,1
115,140,707.96,152.40,34.56,39.12,0.4613,1,1
116,1,436.58,427.06,87.78,89.85,0.9316,1,1
116,2,1137.87,364.77,103.25,73.43,0.9158,1,1
116,4,1007.50,28.16,46.59,46.19,0.8894,1,1
116,5,445.13,116.69,53.99,42.77,0.8825,1,1
116,9,298.61,244.10,36.61,45.22,0.8135,1,1
116,12,264.74,225.23,66.68,54.68,0.8158,1,1
116,15,1451.91,0.00,40.59,28.74,0.7900,1,1
116,16,653.42,53.33,49.92,41.01,0.7387,1,1
116,18,844.32,652.77,131.47,109.60,0.8586,1,1
116,24,449.75,156.59,41.00,33.95,0.7328,1,1
116,27,741.98,187.80,73.52,76.24,0.9093,1,1
116,47,493.78,322.62,36.12,26.17,0.6944,1,1
116,83,129.22,522.95,32.89,36.65,0.7536,1,1
116,117,353.60,371.95,41.88,31.59,0.8712,1,1
116,137,997.89,857.00,45.87,45.02,0.6892,1,1
116,138,4.73,602.41,31.66,108.07,0.7023,1,1
116,139,333.60,284.07,28.62,24.68,0.5194,1,1
116,142,968.49,57.29,18.78,23.04,0.2926,1,1
117,1,437.42,427.00,87.51,89.68,0.9326,1,1
117,2,1137.18,364.26,104.23,73.57,0.9188,1,1
117,4,1007.11,27.85,47.58,47.77,0.8899,1,1
117,5,444.79,116.65,54.19,42.81,0.8865,1,1
117,9,297.06,243.70,37.94,47.56,0.8095,1,1
117,12,264.64,225.38,66.41,54.84,0.8060,1,1
117,15,1452.08,0.00,40.34,28.76,0.7924,1,1
117,16,652.85,52.96,50.23,41.23,0.6860,1,1
117,18,846.61,654.11,134.48,111.82,0.7920,1,1
117,24,449.52,156.92,40.65,33.74,0.7302,1,1
117,27,739.78,187.21,75.49,78.34,0.9065,1,1
117,47,493.48,320.74,39.96,28.96,0.6108,1,1
117,83,130.10,531.75,34.66,41.06,0.7810,1,1
117,117,353.37,371.82,42.26,31.78,0.8734,1,1
117,137,999.84,860.06,49.58,44.45,0.7704,1,1
117,138,4.77,604.82,36.28,104.30,0.7280,1,1
117,139,332.92,284.29,29.54,26.40,0.6960,1,1
117,146,924.19,75.87,25.10,21.99,0.4877,1,1
118,1,437.46,427.00,87.49,89.72,0.9327,1,1
118,2,1137.07,364.26,104.46,73.56,0.9187,1,1
118,4,1007.22,27.84,47.35,47.79,0.8900,1,1
118,5,444.76,116.66,54.24,42.79,0.8865,1,1
118,9,297.02,243.72,37.72,47.62,0.8080,1,1
118,12,264.73,225.35,66.12,54.87,0.8059,1,1
118,15,1452.16,0.00,40.17,28.77,0.7923,1,1
118,16,652.76,52.90,50.30,41.28,0.6874,1,1
118,18,846.57,654.15,134.89,111.96,0.7912,1,1
118,24,449.53,156.94,40.57,33.72,0.7295,1,1
118,27,739.77,187.21,75.49,78.36,0.9064,1,1
118,47,493.43,320.52,40.42,29.30,0.6110,1,1
118,83,130.78,532.13,33.42,41.21,0.7815,1,1
118,117,353.35,371.82,42.32,31.80,0.8727,1,1
118,137,999.02,860.19,51.52,44.43,0.7717,1,1
118,138,3.32,605.00,39.45,104.04,0.7297,1,1
118,139,333.11,284.32,29.08,26.52,0.6954,1,1
118,146,924.09,75.88,25.22,21.67,0.4859,1,1
119,1,438.02,427.01,86.93,89.40,0.9335,1,1
119,2,1135.80,363.90,104.15,73.51,0.9227,1,1
119,4,1007.96,28.11,47.05,46.85,0.8908,1,1
119,5,444.53,116.60,54.19,42.91,0.8855,1,1
119,9,297.33,243.17,37.65,48.24,0.8069,1,1
119,12,264.46,225.07,66.28,55.19,0.8008,1,1
119,15,1452.57,0.00,40.54,28.79,0.8009,1,1
119,16,652.16,53.12,50.64,41.32,0.7793,1,1
119,18,847.15,654.42,135.51,112.89,0.7962,1,1
119,24,449.17,156.40,41.48,34.83,0.7429,1,1
119,27,737.76,187.41,76.26,79.44,0.9035,1,1
119,35,540.10,306.50,23.94,38.61,0.4899,1,1
119,60,668.54,90.67,29.45,31.71,0.2757,1,1
119,83,130.61,536.35,35.13,45.90,0.7623,1,1
119,117,353.29,371.94,42.37,31.66,0.8725,1,1
119,137,1003.22,863.02,51.96,43.79,0.6399,1,1
119,138,3.32,605.90,41.49,102.26,0.7079,1,1
119,139,333.63,283.72,28.42,26.06,0.4450,1,1
119,147,712.41,152.87,41.61,21.56,0.6172,1,1
119,148,91.86,524.51,38.50,27.00,0.8610,1,1
120,1,438.65,427.04,86.53,89.65,0.9337,1,1
120,2,1134.86,363.60,104.25,73.65,0.9194,1,1
120,4,1007.58,28.19,47.83,46.91,0.8922,1,1
120,5,444.07,116.53,54.34,42.96,0.8843,1,1
120,9,296.38,243.11,38.38,50.54,0.8197,1,1
120,12,264.39,225.14,66.00,55.21,0.8048,1,1
120,15,1452.53,0.00,40.79,28.75,0.7999,1,1
120,16,651.69,53.06,50.93,41.34,0.7983,1,1
120,18,847.74,655.20,135.10,112.39,0.7969,1,1
120,24,449.29,156.51,41.16,35.06,0.7634,1,1
120,27,736.13,185.96,78.77,82.07,0.8988,1,1
120,35,540.40,304.88,22.70,38.57,0.5647,1,1
120,46,909.00,121.10,77.49,71.62,0.2908,1,1
120,83,132.36,542.72,31.87,43.76,0.8264,1,1
120,92,668.67,90.16,28.50,32.07,0.4631,1,1
120,99,63.53,339.21,54.22,54.43,0.6398,1,1
120,117,353.27,371.84,42.41,31.78,0.8716,1,1
120,138,4.55,605.88,43.09,102.31,0.5483,1,1
120,139,333.41,282.94,27.46,25.16,0.5054,1,1
120,147,714.63,157.68,40.50,21.06,0.7328,1,1
120,148,91.04,525.94,36.34,25.85,0.8599,1,1
121,1,439.85,427.31,86.79,90.73,0.9342,1,1
121,2,1133.96,363.46,105.37,75.13,0.9089,1,1
121,4,1007.74,27.74,48.70,48.27,0.8794,1,1
121,5,443.43,116.74,53.47,42.86,0.8714,1,1
121,9,295.97,244.03,37.96,50.42,0.8024,1,1
121,12,264.03,224.87,66.56,56.35,0.8427,1,1
121,15,1453.12,0.00,41.86,28.51,0.7982,1,1
121,16,651.84,52.95,50.95,41.21,0.8016,1,1
121,18,847.05,654.69,131.45,107.34,0.8713,1,1
121,24,448.77,156.44,42.44,37.62,0.7924,1,1
121,27,734.85,184.84,79.95,83.90,0.8982,1,1
121,46,908.10,122.54,77.43,73.20,0.5799,1,1
121,83,132.74,547.15,29.87,42.45,0.8338,1,1
121,92,670.30,88.66,27.82,32.28,0.6238,1,1
121,99,62.74,339.07,55.58,56.59,0.3182,1,1
121,117,352.66,371.92,40.51,30.49,0.8827,1,1
121,137,1011.08,868.78,50.23,41.60,0.3734,1,1
121,138,8.56,605.84,41.75,95.61,0.2627,1,1
121,139,330.30,282.40,28.74,28.08,0.8142,1,1
121,147,716.82,159.59,40.58,20.41,0.8247,1,1
121,148,89.96,526.76,35.04,24.84,0.8532,1,1
122,1,440.28,427.25,87.11,91.91,0.9358,1,1
122,2,1133.36,362.79,104.80,74.70,0.9172,1,1
122,4,1008.27,27.40,48.27,48.89,0.8548,1,1
122,5,443.17,116.69,53.20,42.75,0.8716,1,1
122,9,295.87,244.19,38.03,50.82,0.8084,1,1
122,12,264.34,225.46,66.37,56.37,0.8337,1,1
122,15,1452.72,-0.00,42.75,28.46,0.8015,1,1
122,16,651.74,52.91,51.07,41.11,0.7853,1,1
122,18,847.32,654.82,131.30,105.72,0.8628,1,1
122,24,449.08,156.26,41.99,38.24,0.7852,1,1
122,27,735.44,183.12,79.55,84.97,0.8943,1,1
122,35,539.92,302.46,22.18,37.76,0.5208,1,1
122,46,906.64,123.48,77.74,74.40,0.5488,1,1
122,47,505.26,321.68,32.68,24.98,0.5699,1,1
122,83,131.51,547.37,29.41,42.65,0.8416,1,1
122,92,671.12,88.88,27.06,31.44,0.4395,1,1
122,99,62.11,338.98,56.28,58.29,0.3826,1,1
122,117,352.44,372.05,40.56,30.53,0.8850,1,1
122,137,1012.32,868.46,51.89,41.87,0.5541,1,1
122,138,9.77,605.91,42.86,93.37,0.3319,1,1
122,139,331.05,281.45,26.61,25.68,0.7834,1,1
122,147,724.78,159.60,36.51,18.66,0.7060,1,1
122,148,88.63,526.38,35.41,26.67,0.8480,1,1
122,149,3.42,606.94,55.31,97.81,0.7821,1,1
123,1,440.58,427.19,87.11,92.83,0.9371,1,1
123,2,1132.92,362.27,104.79,74.62,0.9139,1,1
123,4,1008.63,27.56,47.70,48.87,0.8502,1,1
123,5,443.03,116.72,53.05,42.75,0.8681,1,1
123,9,295.90,244.26,38.11,51.31,0.7978,1,1
123,12,264.49,225.69,66.16,56.17,0.8412,1,1
123,15,1452.12,0.00,42.74,28.43,0.8017,1,1
123,16,652.24,52.82,50.87,40.85,0.7785,1,1
123,18,849.61,655.09,129.61,103.75,0.8685,1,1
123,24,448.63,156.41,41.76,39.33,0.8085,1,1
123,27,738.56,183.33,77.80,84.88,0.9048,1,1
123,35,541.26,302.22,20.96,34.99,0.2940,1,1
123,46,906.81,126.33,74.90,72.58,0.7097,1,1
123,47,506.55,320.02,31.23,24.99,0.5436,1,1
123,83,129.85,547.48,28.73,43.79,0.8145,1,1
123,92,671.92,88.45,26.60,30.88,0.4840,1,1
123,99,61.66,338.90,56.51,59.50,0.4168,1,1
123,117,352.36,372.02,40.25,30.42,0.8828,1,1
123,119,908.41,81.75,24.06,24.26,0.4469,1,1
123,137,1012.93,867.58,52.54,41.05,0.6491,1,1
123,138,3.84,606.81,55.98,98.38,0.8127,1,1
123,139,329.86,280.15,27.68,26.70,0.7871,1,1
123,147,725.19,157.24,37.77,19.46,0.2830,1,1
123,148,88.65,524.27,37.01,29.78,0.8328,1,1
123,149,4.55,606.64,54.25,94.80,0.3693,1,1
123,150,75.80,398.66,39.90,38.10,0.3858,1,1
124,1,440.68,427.16,86.95,93.00,0.9372,1,1
124,2,1132.91,362.27,104.77,74.57,0.9131,1,1
124,4,1008.78,27.56,47.40,48.88,0.8497,1,1
124,5,443.05,116.70,53.02,42.78,0.8681,1,1
124,9,295.99,244.22,38.02,51.52,0.7984,1,1
124,12,264.47,225.71,66.19,56.28,0.8406,1,1
124,15,1452.09,0.00,42.76,28.43,0.8015,1,1
124,16,652.22,52.82,50.94,40.84,0.7780,1,1
124,18,849.39,655.13,129.99,103.78,0.8676,1,1
124,24,449.03,156.36,40.97,39.29,0.8073,1,1
124,27,738.87,183.35,77.22,84.90,0.9048,1,1
124,35,541.53,302.14,20.85,34.21,0.2979,1,1
124,46,907.00,126.52,74.34,72.46,0.7149,1,1
124,47,507.13,319.78,30.20,25.01,0.5433,1,1
124,83,130.23,547.49,27.82,43.82,0.8145,1,1
124,92,672.05,88.39,26.52,30.77,0.4844,1,1
124,99,61.78,338.93,56.07,59.77,0.4074,1,1
124,117,352.41,372.03,40.15,30.40,0.8824,1,1
124,119,908.21,81.81,23.93,24.30,0.4420,1,1
124,137,1012.48,867.48,53.56,40.96,0.6535,1,1
124,138,2.13,606.81,59.46,98.52,0.8128,1,1
124,139,329.76,280.03,27.78,26.80,0.7874,1,1
124,147,725.20,156.34,37.96,19.76,0.2845,1,1
124,148,89.36,524.24,35.62,29.85,0.8315,1,1
124,149,4.41,606.55,54.62,94.12,0.3716,1,1
124,150,75.88,397.98,40.04,38.45,0.3777,1,1
125,1,441.05,426.94,86.51,92.63,0.9359,1,1
125,2,1132.78,360.75,104.65,75.02,0.9088,1,1
125,4,1008.69,27.48,47.44,48.97,0.8241,1,1
125,5,443.11,116.49,53.19,43.05,0.8703,1,1
125,9,296.16,243.86,38.06,52.29,0.8099,1,1
125,12,264.11,225.53,66.84,57.20,0.8350,1,1
125,15,1451.69,0.00,42.15,28.63,0.7934,1,1
125,16,652.76,52.91,50.80,40.68,0.7901,1,1
125,18,849.21,655.04,130.54,104.02,0.8614,1,1
125,24,449.43,156.58,40.72,39.75,0.8138,1,1
125,27,741.39,182.54,76.66,84.39,0.9118,1,1
125,35,542.78,302.51,20.83,33.31,0.5620,1,1
125,46,905.70,128.33,75.50,72.39,0.7381,1,1
125,47,507.35,317.07,29.02,25.67,0.7255,1,1
125,83,130.18,552.36,24.86,39.33,0.7144,1,1
125,92,672.03,87.85,26.89,31.25,0.6097,1,1
125,99,62.68,338.64,54.15,57.91,0.4316,1,1
125,117,352.46,371.81,40.22,30.54,0.8800,1,1
125,119,907.45,83.49,23.99,24.28,0.3003,1,1
125,137,1013.43,866.46,55.70,42.51,0.3621,1,1
125,139,330.14,279.56,27.08,26.29,0.7391,1,1
125,148,90.52,523.38,33.41,28.55,0.8252,1,1
125,149,1.65,606.06,61.27,96.93,0.8330,1,1
125,150,77.07,402.05,37.03,35.38,0.3889,1,1
125,152,709.16,163.45,26.75,22.03,0.7905,1,1
125,153,830.50,155.42,33.62,28.21,0.8241,1,1
126,1,441.28,426.76,86.51,92.77,0.9355,1,1
126,2,1133.18,360.45,104.15,74.89,0.9064,1,1
126,4,1008.38,27.47,47.42,48.88,0.7572,1,1
126,5,443.22,116.47,53.09,42.97,0.8707,1,1
126,9,295.69,243.32,38.34,52.83,0.8180,1,1
126,12,263.74,225.50,66.63,57.59,0.8339,1,1
126,15,1452.24,0.00,40.14,27.30,0.7662,1,1
126,16,652.71,52.98,50.86,40.68,0.8058,1,1
126,18,848.97,655.32,131.18,104.59,0.8318,1,1
126,24,449.53,156.37,41.00,40.43,0.7847,1,1
126,27,744.83,182.09,74.47,82.29,0.9166,1,1
126,35,544.38,302.55,21.67,34.86,0.7081,1,1
126,46,904.89,130.76,75.95,72.50,0.7684,1,1
126,47,505.14,313.89,32.13,27.58,0.7909,1,1
126,65,952.71,65.63,24.35,18.35,0.3928,1,1
126,83,129.57,550.49,26.03,41.45,0.2672,1,1
126,92,672.00,87.36,27.22,31.96,0.6709,1,1
126,99,63.33,338.74,52.49,55.96,0.4086,1,1
126,117,352.31,372.27,40.26,29.88,0.8882,1,1
126,137,1015.56,864.75,56.27,42.80,0.3702,1,1
126,139,330.17,279.12,27.32,27.00,0.6837,1,1
126,149,1.16,606.07,63.29,96.17,0.8871,1,1
126,150,77.22,402.67,36.10,34.36,0.3532,1,1
126,152,708.43,164.19,27.68,22.51,0.7813,1,1
126,153,826.51,165.96,30.30,24.92,0.7032,1,1
127,1,441.75,426.81,86.36,91.79,0.9324,1,1
127,2,1133.65,360.21,103.43,74.72,0.9073,1,1
127,4,1008.06,27.56,47.23,48.63,0.7402,1,1
127,5,443.88,116.09,52.82,42.73,0.8763,1,1
127,9,295.52,243.28,38.46,53.09,0.8327,1,1
127,12,264.08,225.70,65.88,57.05,0.8345,1,1
127,15,1452.65,0.00,40.71,28.06,0.7515,1,1
127,16,652.64,52.89,50.70,40.51,0.7818,1,1
127,18,849.60,656.19,130.74,104.28,0.8113,1,1
127,24,450.17,156.18,40.78,40.38,0.7713,1,1
127,27,746.09,182.11,74.80,81.48,0.9209,1,1
127,35,545.96,301.66,20.38,32.34,0.5795,1,1
127,46,904.02,132.73,76.40,72.89,0.5872,1,1
127,47,502.13,312.41,33.24,26.28,0.8026,1,1
127,92,671.58,87.04,27.73,32.82,0.5184,1,1
127,99,63.39,338.61,51.70,54.73,0.4189,1,1
127,117,352.14,372.30,40.67,29.90,0.8906,1,1
127,119,908.25,83.44,24.82,25.34,0.3193,1,1
127,139,330.70,279.50,26.98,27.01,0.4666,1,1
127,149,3.04,605.84,63.10,95.53,0.8891,1,1
127,150,76.61,401.54,36.93,35.14,0.4530,1,1
127,152,708.82,164.45,26.29,21.27,0.5999,1,1
127,153,822.38,171.25,33.17,27.26,0.4259,1,1
128,1,442.08,426.55,85.54,90.72,0.9322,1,1
128,2,1134.36,360.24,102.57,74.59,0.9064,1,1
128,4,1007.42,27.68,47.45,48.44,0.7958,1,1
128,5,444.63,115.83,52.99,42.93,0.8736,1,1
128,9,295.63,242.75,38.53,53.40,0.8328,1,1
128,12,263.95,225.56,65.92,57.29,0.8287,1,1
128,15,1453.02,0.00,40.34,28.55,0.7490,1,1
128,16,652.64,53.66,50.02,39.52,0.7674,1,1
128,18,852.40,654.91,136.77,109.13,0.7826,1,1
128,24,451.03,155.83,40.23,39.81,0.7430,1,1
128,27,747.01,182.34,75.19,80.56,0.9202,1,1
128,46,902.81,134.83,76.25,72.76,0.6190,1,1
128,47,492.77,311.01,32.83,28.34,0.7394,1,1
128,92,671.19,86.97,28.06,33.49,0.4231,1,1
128,99,63.77,338.37,50.89,53.43,0.3619,1,1
128,117,352.02,372.32,40.82,29.90,0.8899,1,1
128,135,1214.85,572.53,44.70,44.62,0.4878,1,1
128,139,331.24,279.52,26.52,26.97,0.4828,1,1
128,149,5.06,606.24,63.27,95.04,0.8549,1,1
128,150,76.77,400.81,37.44,35.72,0.4847,1,1
128,152,709.34,163.33,25.59,20.76,0.3605,1,1
129,1,442.62,426.40,84.82,90.46,0.9295,1,1
129,2,1135.28,360.86,101.78,73.85,0.9073,1,1
129,4,1006.93,27.84,47.49,48.45,0.8252,1,1
129,5,444.80,115.85,52.98,42.87,0.8724,1,1
129,9,296.13,242.69,37.86,53.09,0.8290,1,1
129,12,264.06,225.65,65.56,57.00,0.8368,1,1
129,15,1454.77,0.00,40.40,28.83,0.7082,1,1
129,16,652.15,54.34,50.15,39.03,0.7767,1,1
129,18,849.46,656.61,132.59,105.14,0.8085,1,1
129,24,451.25,155.80,40.36,40.08,0.7543,1,1
129,27,747.22,181.11,76.16,82.43,0.9179,1,1
129,46,900.42,137.18,80.37,76.90,0.4956,1,1
129,47,492.18,313.37,30.37,32.21,0.8246,1,1
129,92,670.73,87.42,27.87,33.52,0.5104,1,1
129,99,63.99,338.35,50.54,52.47,0.3703,1,1
129,117,352.05,372.22,40.88,29.96,0.8930,1,1
129,139,331.62,279.70,26.14,27.16,0.5260,1,1
129,149,5.49,606.14,64.33,94.80,0.8869,1,1
129,150,75.62,398.13,39.24,38.05,0.5469,1,1
129,152,705.89,164.14,24.32,20.05,0.7167,1,1
129,154,441.63,426.17,87.45,89.12,0.3309,1,1
130,1,442.67,426.32,84.73,90.55,0.9294,1,1
130,2,1135.26,360.91,101.83,73.82,0.9072,1,1
130,4,1006.91,27.85,47.50,48.45,0.8251,1,1
130,5,444.71,115.78,53.11,42.94,0.8742,1,1
130,9,296.39,242.56,37.56,53.11,0.8308,1,1
130,12,264.08,225.61,65.58,57.05,0.8370,1,1
130,15,1455.02,-0.00,40.16,28.85,0.7059,1,1
130,16,651.89,54.35,50.61,39.03,0.7762,1,1
130,18,848.92,656.62,133.22,105.39,0.8136,1,1
130,24,451.34,155.78,40.24,40.02,0.7540,1,1
130,27,747.44,181.12,75.83,82.43,0.9178,1,1
130,46,900.08,137.58,80.96,77.67,0.5193,1,1
130,47,493.70,313.44,27.22,32.33,0.8245,1,1
130,92,670.75,87.51,27.67,33.48,0.5064,1,1
130,99,63.91,338.36,50.73,52.13,0.3766,1,1
130,117,352.04,372.23,40.87,29.97,0.8927,1,1
130,139,331.87,279.71,25.71,27.26,0.5337,1,1
130,149,5.26,606.14,64.80,94.81,0.8873,1,1
130,150,75.66,397.77,39.07,38.38,0.5465,1,1
130,152,705.82,164.19,24.03,20.01,0.7152,1,1
130,154,441.65,426.00,87.48,89.33,0.3155,1,1
130,156,90.32,518.01,35.83,30.43,0.3473,1,1
130,158,101.96,515.83,28.89,31.53,0.7077,1,1
130,159,73.20,520.05,34.71,29.14,0.5875,1,1
131,1,444.08,426.40,83.31,88.97,0.4568,1,1
131,2,1135.42,361.27,102.14,73.59,0.9110,1,1
131,4,1006.48,28.10,46.93,47.99,0.8504,1,1
131,5,445.13,115.66,52.82,43.08,0.8736,1,1
131,9,297.42,242.34,36.44,51.95,0.8323,1,1
131,12,263.82,225.57,65.83,57.49,0.8418,1,1
131,15,1455.06,0.03,40.39,29.82,0.6722,1,1
131,16,651.28,54.71,51.02,38.94,0.7828,1,1
131,18,850.17,657.83,132.35,103.51,0.8183,1,1
131,24,451.42,155.79,40.01,39.81,0.7736,1,1
131,27,748.05,180.52,75.29,81.96,0.9119,1,1
131,46,898.27,139.83,81.89,78.81,0.4332,1,1
131,47,490.85,316.51,30.58,38.38,0.7407,1,1
131,65,954.10,60.46,24.96,18.58,0.2884,1,1
131,92,671.47,86.33,28.11,34.27,0.5333,1,1
131,99,63.95,338.65,50.60,51.50,0.3361,1,1
131,117,352.11,372.13,40.84,30.04,0.8959,1,1
131,139,331.16,278.71,25.18,26.76,0.2657,1,1
131,149,5.40,606.25,65.79,96.49,0.8657,1,1
131,150,75.93,398.22,38.12,37.84,0.6008,1,1
131,152,707.58,163.31,23.94,19.75,0.5444,1,1
131,154,443.09,426.56,84.80,90.87,0.9144,1,1
131,156,89.40,518.02,38.34,31.69,0.4533,1,1
131,158,100.14,516.90,32.70,34.23,0.6265,1,1
131,159,75.42,519.54,34.48,30.08,0.6855,1,1
131,160,909.08,86.54,29.85,25.23,0.6078,1,1
132,1,444.05,426.14,83.50,89.24,0.4133,1,1
132,2,1135.88,361.92,102.45,73.69,0.9084,1,1
132,4,1006.11,28.18,46.68,47.31,0.8633,1,1
132,5,445.24,115.65,52.53,43.11,0.8732,1,1
132,9,297.86,242.10,36.13,51.37,0.8336,1,1
132,12,263.89,225.52,65.84,57.70,0.8413,1,1
132,15,1456.30,0.10,39.56,29.84,0.6452,1,1
132,16,650.56,54.72,51.46,39.17,0.7848,1,1
132,18,848.62,658.36,135.06,105.82,0.8131,1,1
132,24,451.42,156.01,39.80,39.61,0.7829,1,1
132,27,748.04,180.97,75.23,82.82,0.9179,1,1
132,46,896.38,141.71,79.87,77.01,0.4783,1,1
132,47,492.47,321.85,26.96,33.86,0.3163,1,1
132,65,954.98,59.00,25.34,20.00,0.7599,1,1
132,92,671.43,87.30,27.71,33.81,0.5674,1,1
132,99,63.67,339.88,51.21,50.70,0.5980,1,1
132,117,352.21,372.07,40.68,30.13,0.8966,1,1
132,149,6.02,606.53,66.37,96.12,0.8706,1,1
132,150,74.96,396.45,40.00,40.31,0.5568,1,1
132,154,443.10,423.72,84.71,94.65,0.8981,1,1
132,156,93.13,519.41,38.91,31.10,0.4239,1,1
132,158,101.35,518.64,35.88,34.37,0.7725,1,1
132,159,78.35,520.48,33.43,29.58,0.4870,1,1
132,160,908.78,87.33,28.63,23.99,0.2612,1,1
133,1,444.02,425.70,83.48,89.48,0.5535,1,1
133,2,1137.41,362.30,102.43,74.04,0.9039,1,1
133,4,1005.74,28.57,46.97,46.89,0.8937,1,1
133,5,444.95,115.59,52.64,43.16,0.8757,1,1
133,9,298.12,241.85,35.89,51.16,0.8329,1,1
133,12,263.72,225.27,66.10,58.19,0.8349,1,1
133,15,1457.14,0.15,39.01,30.01,0.6187,1,1
133,16,649.81,54.68,51.72,39.49,0.8134,1,1
133,18,848.57,658.66,134.97,105.22,0.7908,1,1
133,24,451.02,155.91,39.88,39.73,0.7739,1,1
133,27,748.21,181.12,76.16,84.04,0.9174,1,1
133,46,894.92,144.25,78.49,75.82,0.7937,1,1
133,65,957.12,58.81,24.12,19.82,0.7828,1,1
133,92,670.86,87.76,27.74,33.69,0.6420,1,1
133,99,63.27,340.04,52.04,50.15,0.6128,1,1
133,117,352.27,372.10,40.52,30.11,0.8959,1,1
133,139,331.69,278.18,24.63,26.34,0.3068,1,1
133,149,6.40,607.07,66.88,95.65,0.8320,1,1
133,150,73.76,395.21,41.21,42.31,0.4828,1,1
133,154,443.86,423.33,83.17,94.43,0.8615,1,1
133,156,94.03,521.42,37.90,29.25,0.4181,1,1
133,158,101.54,521.06,39.40,37.12,0.5962,1,1
134,1,441.53,424.04,88.33,96.73,0.6318,1,1
134,2,1139.05,363.26,101.99,73.89,0.9039,1,1
134,4,1005.59,28.50,46.51,46.75,0.9024,1,1
134,5,444.25,115.46,52.69,43.05,0.8787,1,1
134,9,298.67,241.90,35.65,50.74,0.8322,1,1
134,12,263.96,225.12,65.78,57.86,0.8408,1,1
134,15,1457.52,0.12,38.82,30.40,0.5845,1,1
134,16,648.82,54.12,52.23,40.11,0.8284,1,1
134,18,847.55,658.75,136.50,106.48,0.8181,1,1
134,24,450.51,155.77,40.06,40.04,0.7612,1,1
134,27,748.70,181.55,74.09,82.99,0.9157,1,1
134,46,893.39,145.83,77.67,74.99,0.2707,1,1
134,65,959.16,57.72,23.98,19.86,0.7731,1,1
134,92,668.16,89.42,27.21,33.75,0.6801,1,1
134,99,61.54,341.86,55.41,50.34,0.8358,1,1
134,117,352.25,372.16,40.41,30.02,0.8948,1,1
134,149,6.52,607.37,67.35,95.07,0.8236,1,1
134,150,72.93,390.17,41.64,42.98,0.5293,1,1
134,154,443.15,421.79,85.04,98.30,0.7746,1,1
134,161,188.40,584.24,34.61,45.26,0.4369,1,1
134,163,714.91,149.47,40.00,28.06,0.3115,1,1
135,1,441.53,420.50,88.53,100.77,0.6805,1,1
135,2,1140.53,364.39,102.32,73.74,0.8994,1,1
135,4,1005.74,28.73,46.46,46.72,0.9021,1,1
135,5,443.55,115.48,53.20,43.06,0.8761,1,1
135,9,299.19,241.67,35.33,50.63,0.8281,1,1
135,12,263.58,224.99,66.17,58.10,0.8416,1,1
135,15,1458.61,0.02,38.57,30.94,0.6600,1,1
135,16,648.40,54.20,51.81,40.09,0.8164,1,1
135,18,847.09,658.77,137.24,107.44,0.8128,1,1
135,24,450.28,155.90,39.50,39.50,0.7697,1,1
135,27,749.22,181.50,73.74,83.09,0.9128,1,1
135,35,537.11,300.97,18.82,28.63,0.3146,1,1
135,65,960.05,56.84,24.82,20.94,0.7815,1,1
135,92,667.97,90.81,25.99,32.11,0.6072,1,1
135,99,60.19,344.16,56.49,48.69,0.8467,1,1
135,117,351.93,372.00,40.64,30.63,0.8939,1,1
135,139,331.93,278.22,24.40,26.25,0.3001,1,1
135,149,6.03,607.44,68.74,96.81,0.8421,1,1
135,150,71.82,384.71,42.75,44.27,0.6954,1,1
135,154,442.62,421.98,86.21,100.36,0.5383,1,1
135,161,199.92,595.85,34.21,40.91,0.7427,1,1
135,164,130.92,525.74,30.58,43.16,0.8299,1,1
135,165,930.50,0.27,16.42,10.91,0.2806,1,1
136,1,442.63,420.22,86.33,101.09,0.6803,1,1
136,2,1140.41,364.41,102.53,73.74,0.8992,1,1
136,4,1005.74,28.73,46.45,46.72,0.9022,1,1
136,5,443.40,115.50,53.41,43.04,0.8760,1,1
136,9,299.29,241.62,35.18,50.63,0.8276,1,1
136,12,263.55,225.01,66.23,58.12,0.8414,1,1
136,15,1459.00,0.01,37.94,31.00,0.6617,1,1
136,16,648.49,54.16,51.67,40.19,0.8065,1,1
136,18,847.14,658.74,137.08,107.53,0.8141,1,1
136,24,450.27,155.89,39.47,39.49,0.7712,1,1
136,27,749.27,181.47,73.65,83.18,0.9128,1,1
136,35,536.53,300.95,19.31,28.53,0.3161,1,1
136,65,960.24,56.83,24.58,20.96,0.7809,1,1
136,92,668.02,91.38,25.61,31.53,0.5574,1,1
136,99,59.56,344.20,57.73,48.68,0.8494,1,1
136,117,352.09,371.95,40.46,30.66,0.8942,1,1
136,139,332.01,278.23,24.24,26.20,0.2922,1,1
136,149,5.97,607.44,68.84,96.81,0.8430,1,1
136,150,71.75,384.10,42.88,44.56,0.6908,1,1
136,154,442.84,422.04,85.74,100.65,0.5433,1,1
136,161,199.51,596.31,35.93,40.72,0.7428,1,1
136,163,724.32,147.06,34.39,23.97,0.7028,1,1
136,164,130.58,525.78,31.67,43.16,0.8300,1,1
136,165,930.49,0.29,16.33,10.87,0.2814,1,1
136,169,910.41,78.97,24.01,19.13,0.4173,1,1
137,1,442.02,419.60,87.46,103.42,0.4069,1,1
137,2,1141.39,365.89,103.06,73.79,0.8929,1,1
137,4,1005.37,28.57,46.98,47.20,0.9010,1,1
137,5,443.27,115.50,53.70,43.07,0.8770,1,1
137,9,298.67,241.31,35.56,50.86,0.8268,1,1
137,12,263.41,225.17,66.33,58.19,0.8376,1,1
137,15,1459.72,0.00,37.25,30.91,0.6520,1,1
137,16,648.39,54.41,52.11,40.48,0.7413,1,1
137,18,847.48,658.54,137.27,107.97,0.8230,1,1
137,24,449.86,155.98,39.32,39.33,0.7588,1,1
137,27,749.48,181.66,73.77,83.41,0.9097,1,1
137,35,532.17,299.17,22.75,32.21,0.7414,1,1
137,46,889.67,150.89,81.57,79.09,0.3441,1,1
137,65,962.95,53.80,26.59,23.63,0.7387,1,1
137,92,668.27,92.69,24.86,30.29,0.4672,1,1
137,99,57.14,345.13,58.86,46.21,0.8630,1,1
137,117,352.44,371.86,40.24,30.68,0.8900,1,1
137,139,332.24,278.36,24.08,26.16,0.2772,1,1
137,149,5.64,607.59,69.84,98.82,0.8857,1,1
137,150,69.83,378.94,46.23,48.71,0.7444,1,1
137,154,442.84,418.75,85.99,103.01,0.6041,1,1
137,163,725.57,150.09,32.72,21.56,0.7567,1,1
137,164,135.38,529.75,31.06,39.72,0.8241,1,1
137,165,930.57,0.33,16.23,10.82,0.2665,1,1
137,169,911.86,77.04,24.17,19.15,0.5532,1,1
137,170,862.75,278.58,33.12,25.28,0.6213,1,1
137,171,840.46,0.64,59.85,31.31,0.3890,1,1
138,1,442.57,418.98,87.06,104.45,0.4647,1,1
138,2,1143.48,367.32,103.32,74.08,0.8891,1,1
138,4,1005.06,28.71,47.07,47.75,0.8992,1,1
138,5,442.57,115.43,54.71,44.63,0.8793,1,1
138,9,299.20,241.36,35.09,49.80,0.8246,1,1
138,12,263.22,225.24,66.52,58.57,0.8395,1,1
138,15,1460.08,-0.00,36.98,31.13,0.6412,1,1
138,16,648.86,54.50,52.38,40.86,0.7607,1,1
138,18,848.89,658.69,135.59,106.55,0.8318,1,1
138,24,449.67,156.66,38.97,38.74,0.7764,1,1
138,27,749.98,182.15,73.46,82.90,0.9112,1,1
138,46,890.41,153.46,78.90,76.50,0.4551,1,1
138,65,963.11,53.12,27.08,25.02,0.7598,1,1
138,92,667.96,93.00,25.38,30.31,0.6081,1,1
138,99,54.06,346.02,62.28,46.48,0.8501,1,1
138,117,352.56,371.87,40.05,30.70,0.8901,1,1
138,149,6.77,607.95,69.07,98.61,0.8820,1,1
138,150,70.54,378.08,46.55,48.64,0.7913,1,1
138,154,443.39,417.53,85.75,104.26,0.5042,1,1
138,163,724.47,150.92,34.48,22.27,0.7963,1,1
138,164,143.32,533.57,34.98,38.30,0.8575,1,1
138,169,913.18,76.31,25.00,19.51,0.6724,1,1
138,170,862.44,282.67,32.64,24.67,0.6860,1,1
138,171,839.08,0.75,61.39,32.31,0.5209,1,1
139,1,442.39,414.03,87.86,108.20,0.4982,1,1
139,2,1145.48,368.50,102.82,72.69,0.9057,1,1
139,4,1004.51,28.39,47.39,48.65,0.8964,1,1
139,5,442.35,115.64,55.04,45.56,0.8773,1,1
139,9,299.94,241.79,34.68,48.86,0.8260,1,1
139,12,263.24,225.14,66.36,58.54,0.8396,1,1
139,15,1460.40,0.00,36.74,31.29,0.6192,1,1
139,16,650.65,55.10,51.71,40.36,0.7650,1,1
139,18,849.17,658.95,135.15,106.31,0.8399,1,1
139,24,449.77,157.59,38.78,37.91,0.7799,1,1
139,27,750.31,182.16,73.29,83.99,0.9054,1,1
139,35,529.13,296.82,24.36,34.00,0.5294,1,1
139,46,889.71,154.91,78.15,75.47,0.6472,1,1
139,65,963.39,54.36,25.42,23.45,0.7508,1,1
139,92,668.26,93.44,25.71,30.22,0.5798,1,1
139,99,52.85,346.69,63.50,44.50,0.8510,1,1
139,117,352.60,371.90,39.99,30.61,0.8910,1,1
139,149,7.30,607.98,68.69,97.95,0.8715,1,1
139,150,74.28,377.33,46.10,48.35,0.7860,1,1
139,154,442.48,415.30,87.59,108.02,0.3655,1,1
139,163,723.29,151.11,36.93,24.17,0.8253,1,1
139,164,145.54,537.20,38.23,38.43,0.8792,1,1
139,165,930.47,0.35,16.22,10.80,0.2970,1,1
139,169,910.74,76.89,25.65,19.51,0.6270,1,1
139,170,860.32,285.89,32.70,24.61,0.6344,1,1
139,171,839.99,0.91,59.60,31.41,0.3435,1,1
139,172,524.92,308.44,30.25,24.66,0.4002,1,1
140,1,443.20,412.06,87.34,110.12,0.4611,1,1
140,2,1146.21,368.96,104.27,74.58,0.8954,1,1
140,4,1004.13,28.22,47.29,48.92,0.8925,1,1
140,5,442.76,115.77,55.28,45.96,0.8830,1,1
140,9,300.22,242.10,34.64,49.05,0.8255,1,1
140,12,263.27,225.12,66.32,58.58,0.8411,1,1
140,15,1460.84,0.04,36.27,31.02,0.5535,1,1
140,16,651.76,54.37,51.75,41.28,0.7872,1,1
140,18,849.31,659.12,134.36,105.18,0.8470,1,1
140,24,450.15,158.33,38.54,37.05,0.7589,1,1
140,27,751.01,182.31,72.01,81.57,0.9047,1,1
140,46,888.09,156.29,78.81,75.18,0.7929,1,1
140,65,963.93,55.67,24.20,23.21,0.7724,1,1
140,92,669.25,92.74,26.75,31.59,0.5200,1,1
140,99,51.53,346.75,65.76,44.58,0.8405,1,1
140,117,352.77,372.05,40.12,30.63,0.8875,1,1
140,146,906.49,79.34,24.01,19.31,0.6204,1,1
140,149,8.66,607.87,67.66,95.48,0.8614,1,1
140,150,74.74,375.01,47.69,50.38,0.6846,1,1
140,154,443.13,414.51,87.49,109.49,0.3277,1,1
140,163,722.40,148.38,38.57,26.06,0.7490,1,1
140,164,144.21,536.13,38.11,36.48,0.8787,1,1
140,165,930.38,0.26,16.35,10.90,0.2741,1,1
140,169,914.90,76.74,26.87,20.64,0.5296,1,1
140,170,860.93,289.78,31.91,23.26,0.6468,1,1
140,171,840.17,0.97,59.60,31.52,0.2754,1,1
140,173,907.88,77.80,28.65,20.01,0.6572,1,1
141,1,444.79,412.93,85.13,109.38,0.4436,1,1
141,2,1146.62,369.90,104.15,74.55,0.8919,1,1
141,4,1003.43,28.42,47.39,48.23,0.8904,1,1
141,5,442.74,116.00,55.18,46.01,0.8848,1,1
141,9,301.68,242.40,33.61,48.48,0.8231,1,1
141,12,263.12,224.82,67.06,59.30,0.8426,1,1
141,15,1461.33,0.06,35.92,30.75,0.5058,1,1
141,16,652.98,54.61,50.99,41.14,0.7718,1,1
141,18,849.34,659.20,134.38,104.98,0.8468,1,1
141,24,450.58,159.11,38.44,36.30,0.7575,1,1
141,27,750.63,182.85,72.04,82.08,0.9086,1,1
141,46,887.52,157.29,78.64,74.32,0.7944,1,1
141,65,962.86,58.05,22.79,21.72,0.7145,1,1
141,92,670.18,92.30,27.23,32.53,0.5388,1,1
141,99,51.52,346.25,67.26,44.89,0.8218,1,1
141,117,352.80,371.93,40.38,30.81,0.8895,1,1
141,139,331.29,275.55,25.09,27.26,0.3683,1,1
141,149,9.28,607.72,67.86,94.63,0.8754,1,1
141,150,76.93,374.80,47.10,49.98,0.4049,1,1
141,154,444.64,415.38,85.44,108.85,0.4102,1,1
141,163,718.42,145.84,36.00,24.51,0.7920,1,1
141,164,141.03,532.48,37.32,35.52,0.8559,1,1
141,165,930.49,0.33,16.18,10.78,0.2750,1,1
141,170,860.90,291.81,30.77,22.26,0.4358,1,1
141,171,839.26,1.26,60.52,32.22,0.2593,1,1
141,172,529.54,298.15,28.21,22.65,0.5409,1,1
141,173,907.99,76.99,29.68,21.10,0.7299,1,1
142,1,445.80,413.09,83.56,109.28,0.4585,1,1
142,2,1146.61,369.90,104.13,74.57,0.8913,1,1
142,4,1003.27,28.42,47.70,48.23,0.8905,1,1
142,5,442.75,116.01,55.13,45.99,0.8846,1,1
142,9,301.89,242.40,33.23,48.47,0.8229,1,1
142,12,263.10,224.85,67.05,59.29,0.8420,1,1
142,15,1461.42,0.07,35.83,30.72,0.5069,1,1
142,16,653.22,54.62,50.60,41.15,0.7716,1,1
142,18,849.16,659.20,134.63,105.16,0.8465,1,1
142,24,450.40,159.14,38.87,36.28,0.7589,1,1
142,27,750.69,182.85,71.91,82.10,0.9089,1,1
142,46,887.30,157.33,79.00,74.33,0.7917,1,1
142,65,962.76,58.24,22.76,21.57,0.7166,1,1
142,92,670.43,92.25,27.08,32.66,0.5469,1,1
142,99,51.25,346.25,67.88,44.87,0.8215,1,1
142,117,352.80,371.95,40.40,30.80,0.8895,1,1
142,139,331.25,275.41,25.15,27.33,0.3663,1,1
142,149,9.13,607.73,68.19,94.59,0.8751,1,1
142,150,77.57,374.88,46.71,49.81,0.4132,1,1
142,154,445.45,415.54,84.18,108.81,0.3719,1,1
142,163,718.31,145.69,35.87,24.51,0.7899,1,1
142,164,140.91,532.41,37.42,35.50,0.8558,1,1
142,165,930.52,0.36,16.15,10.75,0.2745,1,1
142,170,860.82,292.10,30.74,22.08,0.4197,1,1
142,171,839.16,1.36,60.50,32.41,0.2608,1,1
142,172,529.66,297.60,28.37,22.48,0.5301,1,1
142,173,908.15,76.95,29.39,21.16,0.7295,1,1
143,1,446.60,412.90,82.74,109.26,0.3263,1,1
143,2,1147.13,371.06,104.15,74.66,0.8911,1,1
143,4,1002.44,28.47,48.46,48.13,0.8926,1,1
143,5,443.38,116.37,54.86,45.78,0.8846,1,1
143,9,303.13,242.88,32.28,47.76,0.8167,1,1
143,12,263.30,225.06,66.48,58.72,0.8485,1,1
143,15,1461.63,0.07,35.69,30.65,0.5295,1,1
143,16,654.12,55.33,50.03,40.56,0.7278,1,1
143,18,849.41,658.84,134.08,104.77,0.8581,1,1
143,24,450.44,159.08,38.78,35.52,0.7852,1,1
143,27,750.83,182.98,71.44,82.15,0.9075,1,1
143,46,885.91,158.10,78.75,74.65,0.8188,1,1
143,65,961.91,61.04,20.87,19.88,0.5605,1,1
143,92,670.76,92.80,26.87,33.01,0.6296,1,1
143,99,52.50,346.20,68.12,44.77,0.8310,1,1
143,117,353.03,371.90,40.71,30.86,0.8888,1,1
143,139,331.15,274.70,25.01,26.99,0.2797,1,1
143,149,9.36,607.49,68.60,94.01,0.8688,1,1
143,150,80.09,379.07,41.93,44.25,0.4778,1,1
143,154,447.24,416.14,81.52,107.92,0.5869,1,1
143,163,714.94,145.51,34.67,23.68,0.2563,1,1
143,164,131.31,524.74,36.86,31.34,0.8636,1,1
143,165,930.47,0.32,16.15,10.73,0.2558,1,1
143,172,528.42,290.19,34.55,27.40,0.6410,1,1
143,173,910.39,77.17,28.59,20.45,0.7911,1,1
143,175,992.17,856.62,54.05,45.43,0.7315,1,1
144,1,447.29,412.51,82.05,109.65,0.3944,1,1
144,2,1146.58,371.34,106.53,76.96,0.8872,1,1
144,4,1001.17,28.08,48.31,48.50,0.8847,1,1
144,5,443.77,116.88,54.43,45.06,0.8812,1,1
144,9,304.37,243.04,31.44,47.08,0.8059,1,1
144,12,263.46,225.20,66.72,58.55,0.8513,1,1
144,15,1461.96,0.23,35.59,30.64,0.3585,1,1
144,16,654.41,55.85,49.73,40.21,0.7296,1,1
144,18,850.52,658.82,132.54,102.76,0.8517,1,1
144,24,450.05,159.23,39.32,35.81,0.8156,1,1
144,27,750.43,183.15,72.75,82.03,0.9105,1,1
144,46,885.83,159.31,77.17,73.90,0.8817,1,1
144,65,961.32,63.48,18.87,17.12,0.6487,1,1
144,92,671.15,95.08,25.60,31.71,0.6945,1,1
144,99,53.68,344.76,68.19,44.92,0.8272,1,1
144,117,353.25,371.98,40.89,30.73,0.8911,1,1
144,139,331.02,274.13,25.34,26.95,0.4072,1,1
144,149,9.11,607.48,69.29,94.84,0.8749,1,1
144,150,81.38,377.14,43.81,46.02,0.5279,1,1
144,154,448.27,415.87,80.22,108.07,0.5866,1,1
144,164,133.63,513.57,39.01,34.40,0.8680,1,1
144,165,930.44,0.29,16.27,10.80,0.2560,1,1
144,172,528.76,283.76,34.48,26.49,0.6090,1,1
144,173,907.55,78.46,30.92,22.30,0.8080,1,1
144,175,990.42,858.02,53.69,45.46,0.7334,1,1
145,1,447.67,410.87,81.96,111.67,0.4917,1,1
145,2,1147.52,371.86,106.56,77.28,0.8888,1,1
145,4,1000.88,27.97,48.00,48.01,0.8920,1,1
145,5,443.96,117.74,54.33,43.98,0.8788,1,1
145,9,304.56,242.73,31.47,47.80,0.8049,1,1
145,12,263.48,225.21,66.70,58.30,0.8508,1,1
145,15,1462.38,0.43,35.06,30.24,0.2950,1,1
145,16,654.25,55.71,49.82,40.22,0.6920,1,1
145,18,850.45,658.34,132.80,102.33,0.8352,1,1
145,24,450.24,159.84,38.96,35.25,0.8286,1,1
145,27,750.35,183.59,74.04,83.24,0.9088,1,1
145,46,885.42,160.00,76.79,73.69,0.8536,1,1
145,65,960.38,64.43,18.86,16.18,0.6548,1,1
145,92,671.69,96.54,24.53,30.43,0.6530,1,1
145,99,56.92,343.56,66.96,44.07,0.7817,1,1
145,117,353.40,371.89,40.95,30.89,0.8909,1,1
145,139,331.39,273.75,25.28,26.45,0.4340,1,1
145,149,9.07,607.61,69.60,95.85,0.8738,1,1
145,150,83.48,372.53,45.75,48.45,0.5684,1,1
145,154,448.62,415.02,80.23,109.58,0.5197,1,1
145,160,905.72,78.96,25.39,20.82,0.7698,1,1
145,164,136.70,502.38,33.97,32.59,0.8594,1,1
145,165,930.53,0.26,16.46,10.94,0.3504,1,1
145,172,526.58,277.16,34.15,28.06,0.8393,1,1
145,175,988.14,857.75,53.47,45.76,0.6436,1,1
145,176,650.62,841.81,137.72,140.50,0.4574,1,1
146,1,448.78,410.50,80.66,112.01,0.5405,1,1
146,2,1148.84,373.64,105.43,75.80,0.9058,1,1
146,4,1000.00,28.29,47.29,46.52,0.8999,1,1
146,5,443.39,118.06,54.76,43.87,0.8760,1,1
146,9,305.82,243.23,30.56,47.00,0.7867,1,1
146,12,263.20,225.36,66.97,58.39,0.8523,1,1
146,15,1462.68,0.48,34.82,30.10,0.2909,1,1
146,16,653.87,55.84,49.97,40.43,0.7557,1,1
146,18,849.22,658.48,133.91,102.89,0.8388,1,1
146,24,450.13,160.78,38.32,34.02,0.8185,1,1
146,27,749.94,183.17,74.58,83.40,0.9140,1,1
146,46,884.55,160.57,77.27,74.80,0.7971,1,1
146,65,959.69,64.09,19.40,16.39,0.4741,1,1
146,92,670.61,96.11,25.32,30.92,0.7737,1,1
146,99,59.17,341.55,66.10,42.73,0.8303,1,1
146,117,353.61,371.89,41.12,31.12,0.8952,1,1
146,139,331.40,273.12,25.25,25.96,0.4407,1,1
146,146,905.26,79.92,23.38,18.13,0.7309,1,1
146,149,8.45,608.47,70.62,99.82,0.8699,1,1
146,150,87.70,365.63,47.11,51.21,0.5164,1,1
146,154,449.44,414.70,79.44,109.82,0.5152,1,1
146,164,136.06,492.16,34.13,33.19,0.4370,1,1
146,165,930.47,0.28,16.48,10.97,0.2973,1,1
146,172,526.70,275.03,32.36,28.64,0.8794,1,1
146,175,987.91,858.04,52.84,45.68,0.6490,1,1
146,176,651.17,837.64,138.35,142.48,0.6462,1,1
147,1,449.46,410.47,79.60,112.07,0.5028,1,1
147,2,1149.85,374.52,105.18,75.92,0.8996,1,1
147,4,999.44,28.25,47.21,45.38,0.9048,1,1
147,5,443.31,118.59,54.34,43.69,0.8774,1,1
147,9,306.31,243.43,30.09,46.77,0.7791,1,1
147,12,263.40,225.45,66.66,58.08,0.8531,1,1
147,15,1462.79,0.42,34.65,29.99,0.2661,1,1
147,16,653.33,55.98,50.08,40.41,0.7649,1,1
147,18,849.02,657.96,134.67,103.78,0.8413,1,1
147,24,449.85,161.12,38.95,34.25,0.8286,1,1
147,27,748.97,183.36,74.76,84.30,0.9108,1,1
147,46,885.26,160.69,75.01,72.30,0.8613,1,1
147,65,958.68,62.74,20.07,16.86,0.2533,1,1
147,92,669.54,95.05,26.19,31.84,0.7659,1,1
147,99,61.25,339.35,67.85,43.20,0.8501,1,1
147,117,353.86,371.92,41.22,31.11,0.8964,1,1
147,119,904.51,81.00,27.15,23.59,0.8386,1,1
147,139,331.54,272.85,25.32,25.70,0.4454,1,1
147,149,8.27,608.53,69.57,99.80,0.8593,1,1
147,150,91.21,366.30,44.00,47.82,0.3739,1,1
147,154,449.98,414.68,78.77,109.98,0.4776,1,1
147,165,930.46,0.32,16.45,10.96,0.2559,1,1
147,172,526.54,276.27,30.25,28.12,0.8849,1,1
147,175,988.82,858.76,51.88,45.20,0.5061,1,1
147,176,650.79,833.79,135.92,139.10,0.8183,1,1
148,1,449.96,410.52,78.64,111.97,0.5061,1,1
148,2,1149.95,374.46,105.04,75.96,0.8991,1,1
148,4,999.25,28.25,47.59,45.33,0.9048,1,1
148,5,443.34,118.59,54.26,43.69,0.8773,1,1
148,9,306.44,243.44,29.85,46.74,0.7790,1,1
148,12,263.40,225.44,66.65,58.05,0.8530,1,1
148,15,1462.83,0.42,34.59,29.97,0.2719,1,1
148,16,653.25,55.98,50.19,40.42,0.7654,1,1
148,18,849.02,657.91,134.56,103.81,0.8427,1,1
148,24,449.73,161.13,39.18,34.26,0.8289,1,1
148,27,749.07,183.35,74.54,84.28,0.9108,1,1
148,46,885.20,160.68,75.12,72.28,0.8619,1,1
148,65,958.36,62.33,20.37,17.01,0.2807,1,1
148,92,669.45,94.95,26.31,31.91,0.7645,1,1
148,99,61.03,339.31,68.43,43.33,0.8499,1,1
148,117,353.83,371.90,41.30,31.12,0.8968,1,1
148,119,904.40,81.02,27.33,23.56,0.8385,1,1
148,139,331.47,272.81,25.53,25.64,0.4408,1,1
148,149,8.56,608.56,68.99,99.83,0.8549,1,1
148,150,92.13,366.65,43.10,46.83,0.3691,1,1
148,154,450.40,414.72,77.96,109.84,0.5007,1,1
148,165,930.46,0.34,16.44,10.96,0.2579,1,1
148,172,526.82,276.29,29.65,28.12,0.8849,1,1
148,175,989.21,858.89,51.39,45.10,0.5045,1,1
148,176,650.66,833.68,136.05,138.86,0.8078,1,1
149,1,450.87,410.37,78.08,112.09,0.5034,1,1
149,2,1150.55,375.01,104.96,76.22,0.9039,1,1
149,4,998.20,28.12,47.33,44.98,0.9067,1,1
149,5,443.38,120.03,53.76,42.57,0.8640,1,1
149,9,306.90,243.73,29.66,47.02,0.7792,1,1
149,12,263.53,225.54,66.57,57.93,0.8514,1,1
149,15,1462.86,0.40,34.41,29.83,0.2720,1,1
149,16,653.06,56.24,49.57,39.65,0.7459,1,1
149,18,849.03,657.76,134.46,103.94,0.8364,1,1
149,24,448.38,161.82,39.97,35.36,0.8197,1,1
149,27,748.62,183.38,74.80,83.88,0.9084,1,1
149,46,884.27,160.05,75.90,73.62,0.8440,1,1
149,65,957.80,61.84,20.50,16.91,0.3159,1,1
149,92,669.47,95.01,26.25,31.88,0.7635,1,1
149,99,64.34,337.54,68.77,44.16,0.8535,1,1
149,117,354.05,372.04,41.42,31.02,0.8986,1,1
149,119,903.66,80.93,27.29,24.56,0.8544,1,1
149,139,331.94,272.63,25.89,25.92,0.4588,1,1
149,149,7.49,609.09,69.06,100.24,0.8440,1,1
149,150,95.47,366.00,42.57,46.40,0.2746,1,1
149,154,451.53,414.70,77.02,109.79,0.6414,1,1
149,172,526.76,280.67,27.65,27.87,0.8435,1,1
149,175,989.71,859.72,49.88,44.03,0.5174,1,1
149,176,651.38,832.26,134.29,136.06,0.8722,1,1
150,1,450.95,410.38,77.71,112.27,0.3762,1,1
150,2,1152.36,375.36,103.43,74.60,0.9044,1,1
150,4,997.17,28.04,47.88,44.63,0.9086,1,1
150,5,443.13,120.83,53.18,42.80,0.8452,1,1
150,9,308.67,243.86,28.58,46.34,0.7838,1,1
150,12,263.51,225.55,66.56,57.58,0.8405,1,1
150,15,1462.90,0.24,34.29,29.78,0.3848,1,1
150,16,652.25,56.21,50.05,39.80,0.7400,1,1
150,18,851.05,658.09,131.50,101.66,0.7956,1,1
150,24,448.01,162.80,40.06,35.81,0.8202,1,1
150,27,748.30,183.69,75.29,84.18,0.9109,1,1
150,46,884.57,160.90,76.42,75.78,0.8608,1,1
150,92,669.99,95.94,25.17,30.60,0.7012,1,1
150,99,69.57,334.18,68.51,44.73,0.8522,1,1
150,117,353.14,372.26,41.98,31.33,0.9005,1,1
150,119,903.69,80.49,26.61,25.28,0.8367,1,1
150,139,332.75,272.74,25.26,25.19,0.4030,1,1
150,149,7.74,608.34,67.54,96.44,0.8535,1,1
150,150,99.61,363.55,43.61,47.51,0.5950,1,1
150,154,451.56,414.24,76.87,110.61,0.5879,1,1
150,171,838.25,0.80,62.23,34.33,0.5619,1,1
150,172,525.84,281.73,31.72,32.75,0.5822,1,1
150,175,988.85,858.61,49.92,45.03,0.6562,1,1
150,176,652.04,831.49,129.39,130.13,0.6729,1,1
151,1,451.19,410.56,77.15,112.19,0.4008,1,1
151,2,1152.34,375.27,103.57,74.65,0.9051,1,1
151,4,997.15,28.20,48.03,44.37,0.9084,1,1
151,5,442.24,122.50,52.50,42.39,0.8392,1,1
151,9,309.37,244.08,27.96,45.73,0.7769,1,1
151,12,263.63,225.53,66.54,57.38,0.8361,1,1
151,15,1463.09,0.21,34.18,29.74,0.3858,1,1
151,16,651.69,56.16,50.52,40.03,0.7572,1,1
151,18,851.25,658.39,130.65,100.90,0.7463,1,1
151,24,447.61,164.06,39.62,35.57,0.8180,1,1
151,27,748.35,183.83,75.03,83.71,0.9062,1,1
151,46,885.36,160.78,76.49,77.93,0.8546,1,1
151,65,957.57,61.41,20.66,16.85,0.3111,1,1
151,92,670.12,96.40,24.60,29.78,0.7279,1,1
151,99,74.21,331.28,68.26,44.89,0.8569,1,1
151,117,353.25,372.24,41.99,31.39,0.9011,1,1
151,119,903.66,79.47,24.79,24.51,0.8158,1,1
151,139,333.42,273.00,24.68,24.52,0.4234,1,1
151,149,5.88,608.54,69.51,100.70,0.8736,1,1
151,150,101.23,358.59,45.70,50.21,0.5852,1,1
151,154,451.79,414.27,76.40,110.61,0.5408,1,1
151,171,838.64,0.64,62.65,35.22,0.6767,1,1
151,175,990.21,860.97,47.38,43.56,0.6362,1,1
151,176,649.64,825.85,132.74,132.71,0.8576,1,1
151,179,826.45,238.68,32.24,36.25,0.7985,1,1
152,1,451.68,410.66,76.54,111.78,0.4268,1,1
152,2,1151.91,373.78,105.09,76.24,0.9096,1,1
152,4,997.14,27.88,48.07,44.40,0.9095,1,1
152,5,442.43,123.75,52.01,42.42,0.8432,1,1
152,9,309.66,244.47,27.57,44.80,0.7963,1,1
152,12,263.53,225.12,66.89,57.81,0.8329,1,1
152,15,1463.15,0.20,34.27,30.04,0.4240,1,1
152,16,651.02,55.87,50.92,40.13,0.7726,1,1
152,18,851.12,658.41,131.10,101.42,0.7992,1,1
152,24,447.83,166.37,38.54,35.53,0.8171,1,1
152,27,748.13,184.26,74.88,82.83,0.9073,1,1
152,35,529.04,293.26,25.26,29.81,0.7256,1,1
152,46,886.68,160.24,76.46,78.96,0.7812,1,1
152,65,959.84,61.18,22.09,17.33,0.6733,1,1
152,92,669.84,96.29,24.68,29.81,0.7147,1,1
152,99,79.70,327.63,67.24,44.58,0.8757,1,1
152,117,353.17,372.12,42.13,31.54,0.9020,1,1
152,119,905.78,79.99,22.95,22.16,0.8088,1,1
152,135,1209.89,576.25,44.39,43.54,0.5289,1,1
152,139,333.07,273.25,25.14,24.90,0.3324,1,1
152,149,5.04,608.31,69.56,101.70,0.8419,1,1
152,150,106.50,353.48,45.06,49.44,0.3816,1,1
152,154,452.21,414.21,75.87,110.25,0.5612,1,1
152,171,839.37,0.69,63.12,35.44,0.6636,1,1
152,175,990.39,863.56,43.66,40.89,0.5330,1,1
152,176,649.39,820.62,132.92,135.00,0.8659,1,1
152,179,825.55,230.77,33.06,37.83,0.4426,1,1
152,180,686.03,183.42,23.21,19.84,0.4835,1,1
153,1,451.96,410.97,76.07,111.39,0.4035,1,1
153,2,1151.94,373.30,104.70,75.87,0.9117,1,1
153,4,997.36,27.71,47.90,44.21,0.9134,1,1
153,5,442.49,124.52,52.53,43.54,0.8798,1,1
153,9,310.18,244.93,27.29,44.37,0.7923,1,1
153,12,263.43,225.12,66.89,57.93,0.8196,1,1
153,15,1463.26,0.20,34.17,30.18,0.4318,1,1
153,16,650.70,55.79,51.16,40.10,0.7716,1,1
153,18,851.87,658.54,130.70,101.14,0.7653,1,1
153,24,448.29,167.92,38.32,36.20,0.8382,1,1
153,27,747.58,184.81,75.10,83.47,0.9138,1,1
153,35,528.27,293.93,23.62,27.05,0.2678,1,1
153,46,888.71,160.44,74.46,77.42,0.8790,1,1
153,65,962.88,61.10,21.72,17.33,0.6955,1,1
153,92,669.66,96.55,24.27,29.27,0.6903,1,1
153,99,86.25,323.96,65.07,42.61,0.8310,1,1
153,117,353.08,372.10,42.35,31.81,0.9055,1,1
153,149,4.34,607.63,67.48,100.39,0.8584,1,1
153,150,113.00,349.98,44.46,49.88,0.5690,1,1
153,154,452.45,414.15,75.44,109.80,0.5533,1,1
153,171,841.69,0.72,61.74,34.73,0.4738,1,1
153,173,906.30,80.19,24.52,18.25,0.7576,1,1
153,176,650.74,816.35,130.89,134.44,0.8733,1,1
153,179,826.51,222.86,29.99,34.90,0.3493,1,1
153,180,687.32,183.26,23.14,19.92,0.5126,1,1
153,181,671.20,91.77,26.34,32.06,0.4000,1,1
154,1,451.98,410.84,75.99,111.57,0.3683,1,1
154,2,1151.91,373.30,104.74,75.86,0.9117,1,1
154,4,997.36,27.71,47.91,44.21,0.9133,1,1
154,5,442.65,124.52,52.24,43.57,0.8792,1,1
154,9,310.21,244.94,27.29,44.38,0.7906,1,1
154,12,263.48,225.15,66.77,57.90,0.8210,1,1
154,15,1463.36,0.21,34.01,30.21,0.4317,1,1
154,16,650.61,55.80,51.32,40.10,0.7719,1,1
154,18,851.89,658.54,130.66,101.14,0.7687,1,1
154,24,448.53,167.97,37.86,36.21,0.8382,1,1
154,27,747.63,184.81,74.98,83.47,0.9138,1,1
154,35,527.84,294.22,23.44,26.13,0.2632,1,1
154,46,888.83,160.44,74.26,77.39,0.8788,1,1
154,65,963.19,61.10,21.52,17.34,0.6951,1,1
154,92,669.64,96.60,24.26,29.22,0.6918,1,1
154,99,86.18,323.86,65.51,42.56,0.8304,1,1
154,117,353.10,372.11,42.28,31.79,0.9054,1,1
154,149,4.60,607.62,66.91,100.37,0.8579,1,1
154,150,114.12,349.57,43.78,49.95,0.5664,1,1
154,154,452.44,414.02,75.44,110.00,0.5195,1,1
154,171,842.21,0.75,61.36,34.57,0.4731,1,1
154,173,906.39,80.19,24.29,18.23,0.7577,1,1
154,176,651.15,816.32,130.21,134.38,0.8727,1,1
154,179,827.13,221.30,28.60,33.94,0.3483,1,1
154,180,687.54,183.24,23.01,19.95,0.5105,1,1
154,181,671.18,91.80,26.32,32.02,0.3987,1,1
154,182,549.74,298.02,29.77,23.70,0.6507,1,1
155,1,451.74,410.55,76.19,112.28,0.2995,1,1
155,2,1152.27,372.56,103.67,74.95,0.9111,1,1
155,4,997.11,27.66,48.22,44.14,0.9139,1,1
155,5,443.78,125.39,51.86,43.18,0.8900,1,1
155,9,310.64,245.20,27.05,43.95,0.7897,1,1
155,12,263.49,225.03,66.91,57.98,0.7994,1,1
155,15,1463.54,0.17,33.95,30.23,0.4126,1,1
155,16,650.49,55.41,51.62,40.29,0.7774,1,1
155,18,852.37,658.42,130.75,100.96,0.7461,1,1
155,24,449.65,169.18,37.35,35.61,0.8360,1,1
155,27,746.98,184.75,75.69,83.56,0.9214,1,1
155,35,527.29,294.54,23.97,25.29,0.4634,1,1
155,46,889.56,159.43,74.84,78.87,0.8556,1,1
155,65,963.76,59.66,23.21,19.28,0.7341,1,1
155,92,669.53,96.50,24.13,28.85,0.6776,1,1
155,99,90.67,320.06,67.45,42.73,0.8481,1,1
155,117,352.91,372.18,42.41,31.63,0.9072,1,1
155,149,3.23,607.93,65.92,100.74,0.8447,1,1
155,150,119.84,345.57,44.49,51.16,0.4102,1,1
155,154,452.12,413.84,75.83,110.95,0.4841,1,1
155,171,842.64,0.86,61.15,34.50,0.3693,1,1
155,173,908.81,80.86,25.03,17.60,0.7975,1,1
155,176,650.96,813.56,129.85,133.76,0.8452,1,1
155,179,825.42,213.99,27.36,37.01,0.7899,1,1
155,180,688.67,182.62,22.56,19.58,0.5336,1,1
155,181,670.96,91.80,26.16,31.72,0.3988,1,1
155,182,549.14,298.33,29.18,23.12,0.2986,1,1
155,184,524.82,295.62,41.24,25.30,0.3719,1,1
155,185,212.92,602.51,40.17,41.56,0.6272,1,1
156,1,451.97,411.08,75.60,111.68,0.3587,1,1
156,2,1151.81,373.00,102.91,73.61,0.9012,1,1
156,4,997.47,27.25,48.15,44.17,0.9126,1,1
156,5,443.99,125.80,51.88,43.55,0.8869,1,1
156,9,310.28,245.15,27.44,44.30,0.8021,1,1
156,12,263.54,224.85,67.18,58.05,0.7789,1,1
156,15,1463.46,0.17,33.95,30.32,0.4160,1,1
156,16,650.47,54.91,51.77,40.36,0.7341,1,1
156,18,852.50,658.44,131.11,101.34,0.7509,1,1
156,24,449.92,169.55,37.82,36.62,0.8336,1,1
156,27,746.93,184.58,75.93,82.72,0.9190,1,1
156,46,891.64,159.32,74.36,77.98,0.8828,1,1
156,65,963.84,59.69,22.56,18.70,0.5574,1,1
156,92,669.10,95.80,24.54,28.95,0.5404,1,1
156,99,94.59,315.30,71.05,45.24,0.8165,1,1
156,117,352.64,372.10,42.79,31.76,0.9065,1,1
156,149,-0.25,609.11,66.51,103.88,0.8822,1,1
156,150,126.80,342.96,43.61,49.06,0.6663,1,1
156,154,452.38,414.36,75.20,110.20,0.5382,1,1
156,171,843.50,1.16,60.35,34.00,0.4167,1,1
156,173,907.97,81.51,25.51,16.77,0.7995,1,1
156,175,991.43,865.76,39.84,37.56,0.3435,1,1
156,176,647.29,809.56,132.22,132.11,0.8365,1,1
156,179,824.86,210.72,26.07,36.91,0.7901,1,1
156,182,540.73,297.54,32.71,24.71,0.4308,1,1
156,184,523.16,295.72,42.14,26.06,0.5436,1,1
156,185,205.89,585.34,45.45,48.50,0.7626,1,1
157,1,451.95,411.20,75.36,111.53,0.3565,1,1
157,2,1151.63,371.96,103.19,72.78,0.9130,1,1
157,4,997.61,26.89,48.28,43.83,0.9114,1,1
157,5,444.90,126.25,51.77,44.25,0.8806,1,1
157,9,310.22,245.00,27.57,44.40,0.7983,1,1
157,12,263.39,224.75,67.33,58.06,0.8138,1,1
157,15,1463.52,0.07,33.86,30.28,0.4898,1,1
157,16,650.57,54.42,52.05,40.49,0.7553,1,1
157,18,852.35,658.36,131.48,101.74,0.7342,1,1
157,24,450.97,170.66,37.61,36.20,0.8486,1,1
157,27,746.59,184.66,76.31,83.91,0.9224,1,1
157,46,893.94,158.97,73.91,77.42,0.8979,1,1
157,83,199.32,570.70,36.86,50.13,0.6255,1,1
157,92,668.58,93.69,25.81,30.25,0.5464,1,1
157,99,101.10,312.09,69.27,43.55,0.8613,1,1
157,117,353.03,372.10,42.42,31.62,0.9077,1,1
157,139,330.91,271.41,26.35,25.89,0.2688,1,1
157,146,903.34,82.62,22.11,17.30,0.7252,1,1
157,149,-0.80,609.56,66.20,105.97,0.8661,1,1
157,150,131.72,335.97,45.12,51.08,0.5138,1,1
157,154,452.31,414.43,74.99,109.98,0.5288,1,1
157,171,844.57,1.46,60.83,34.26,0.4709,1,1
157,175,994.30,867.52,39.59,37.04,0.2513,1,1
157,176,646.01,802.60,133.44,131.15,0.8823,1,1
157,179,823.61,206.60,25.09,38.22,0.8438,1,1
157,182,540.50,299.58,36.44,24.74,0.7174,1,1
157,184,528.70,298.28,43.13,26.24,0.6330,1,1
158,1,452.01,411.44,75.01,111.18,0.5115,1,1
158,2,1150.99,371.20,103.51,72.31,0.9156,1,1
158,4,997.29,26.55,48.42,43.43,0.9036,1,1
158,5,445.54,127.81,51.45,44.34,0.8765,1,1
158,9,310.17,245.16,27.54,44.11,0.8049,1,1
158,12,263.80,224.84,66.93,57.36,0.8054,1,1
158,15,1463.48,0.08,33.78,30.22,0.4723,1,1
158,16,651.00,54.30,52.08,40.50,0.7347,1,1
158,18,851.84,658.49,131.58,101.84,0.7011,1,1
158,24,452.00,171.65,37.98,36.17,0.8364,1,1
158,27,746.81,184.53,76.09,83.57,0.9190,1,1
158,46,895.28,159.12,73.75,78.22,0.8711,1,1
158,83,192.49,554.24,37.60,55.23,0.6490,1,1
158,92,669.97,93.65,25.39,29.58,0.4953,1,1
158,99,107.30,309.50,70.23,44.55,0.8105,1,1
158,117,353.14,372.25,42.32,31.59,0.9059,1,1
158,146,902.25,83.55,22.83,18.22,0.7870,1,1
158,149,-0.41,611.40,64.97,105.84,0.8854,1,1
158,150,140.83,331.38,42.78,49.38,0.4850,1,1
158,154,452.22,414.38,74.97,110.05,0.5760,1,1
158,163,696.49,164.21,27.36,19.17,0.3207,1,1
158,165,930.64,-0.00,16.43,11.19,0.2608,1,1
158,171,844.56,1.52,61.99,34.96,0.4732,1,1
158,176,645.36,799.61,134.73,132.44,0.8914,1,1
158,179,822.94,206.04,23.89,38.14,0.8391,1,1
158,182,545.31,301.29,37.17,24.62,0.8655,1,1
158,187,957.39,60.98,23.39,18.18,0.7686,1,1
159,1,451.93,411.48,74.62,110.58,0.4798,1,1
159,2,1150.72,370.27,103.96,72.35,0.9150,1,1
159,4,997.80,26.37,48.61,42.94,0.8978,1,1
159,5,446.26,129.64,51.62,43.77,0.8804,1,1
159,9,310.03,245.01,27.67,44.25,0.7911,1,1
159,12,263.71,224.94,66.99,57.16,0.8102,1,1
159,15,1463.71,0.10,33.62,29.98,0.4946,1,1
159,16,651.36,54.05,51.85,40.38,0.6446,1,1
159,18,851.64,658.68,131.76,102.13,0.6830,1,1
159,24,453.09,172.99,37.98,35.57,0.8023,1,1
159,27,747.13,184.38,76.32,83.97,0.9171,1,1
159,46,897.16,159.62,72.53,76.58,0.9097,1,1
159,99,113.70,304.52,69.56,45.87,0.8663,1,1
159,117,353.29,372.45,42.02,31.06,0.9032,1,1
159,146,902.67,83.58,22.18,18.10,0.7928,1,1
159,149,-0.69,612.57,63.99,105.16,0.7938,1,1
159,150,144.75,327.25,44.36,51.73,0.5810,1,1
159,154,452.38,414.43,74.32,108.50,0.6357,1,1
159,163,694.96,155.80,32.58,24.38,0.2567,1,1
159,171,845.60,1.54,61.49,34.81,0.4700,1,1
159,176,644.14,796.81,134.72,132.70,0.8940,1,1
159,179,822.73,205.18,22.78,37.01,0.6634,1,1
159,182,544.28,302.07,36.71,24.12,0.5981,1,1
159,187,956.64,61.27,23.06,18.46,0.7687,1,1
159,189,883.05,32.29,16.81,21.01,0.4256,1,1
160,1,451.93,411.47,74.60,110.51,0.4802,1,1
160,2,1150.65,370.28,104.09,72.36,0.9150,1,1
160,4,997.67,26.37,48.88,42.93,0.8976,1,1
160,5,446.07,129.79,51.96,43.64,0.8795,1,1
160,9,310.01,245.01,27.68,44.23,0.7905,1,1
160,12,263.67,224.96,67.09,57.04,0.8097,1,1
160,15,1463.69,0.14,33.69,29.98,0.4930,1,1
160,16,651.41,54.03,51.79,40.38,0.6510,1,1
160,18,851.70,658.74,131.57,102.05,0.6723,1,1
160,24,452.94,173.04,38.38,35.53,0.8018,1,1
160,27,747.17,184.40,76.28,84.00,0.9171,1,1
160,46,897.13,159.61,72.64,76.62,0.9093,1,1
160,92,670.49,93.87,25.03,29.07,0.2576,1,1
160,99,114.34,304.44,68.47,45.90,0.8666,1,1
160,117,353.21,372.46,42.17,31.04,0.9034,1,1
160,146,902.79,83.59,21.96,18.11,0.7931,1,1
160,149,-0.46,612.62,63.49,105.11,0.7940,1,1
160,150,145.38,326.77,44.26,52.00,0.5792,1,1
160,154,452.26,414.38,74.57,108.51,0.6408,1,1
160,171,845.85,1.57,61.25,34.77,0.4587,1,1
160,176,644.01,796.78,134.78,132.78,0.8939,1,1
160,179,822.91,205.19,22.30,36.89,0.6595,1,1
160,182,544.07,302.18,36.90,24.00,0.6018,1,1
160,187,956.87,61.36,22.56,18.39,0.7697,1,1
160,189,883.03,32.26,16.86,21.10,0.4243,1,1
160,190,452.74,173.84,38.85,34.35,0.4413,1,1
161,1,451.83,411.31,74.55,110.34,0.4242,1,1
161,2,1150.45,369.72,104.26,72.48,0.9152,1,1
161,4,997.36,25.98,48.82,42.58,0.8985,1,1
161,5,445.67,127.44,54.80,46.78,0.8868,1,1
161,9,310.13,244.79,27.72,44.54,0.7897,1,1
161,12,263.48,225.03,67.62,57.43,0.8244,1,1
161,15,1463.75,0.13,33.74,29.91,0.4808,1,1
161,16,651.48,53.72,51.60,40.18,0.6384,1,1
161,18,851.62,658.67,131.70,102.22,0.6867,1,1
161,24,454.16,175.20,37.18,33.43,0.7839,1,1
161,27,747.03,184.37,76.40,83.72,0.9152,1,1
161,46,898.61,159.19,72.31,76.55,0.9106,1,1
161,99,120.34,302.11,67.90,44.69,0.8391,1,1
161,117,354.35,372.28,41.41,30.60,0.8820,1,1
161,146,901.23,82.93,21.85,17.90,0.7345,1,1
161,149,-3.31,614.63,59.75,108.94,0.8327,1,1
161,154,452.12,414.36,74.61,108.15,0.6463,1,1
161,171,846.40,1.46,61.28,34.81,0.3654,1,1
161,176,644.65,793.93,134.56,132.53,0.8974,1,1
161,187,958.08,63.04,22.26,18.16,0.7715,1,1
161,189,883.07,32.67,16.77,21.00,0.3475,1,1
161,190,453.90,175.19,38.34,33.64,0.4703,1,1
161,191,707.79,985.68,56.50,47.26,0.3181,1,1
161,192,506.16,318.16,37.51,29.72,0.4518,1,1
162,1,451.66,411.40,75.00,110.77,0.4923,1,1
162,2,1150.53,369.42,104.08,72.22,0.9121,1,1
162,4,996.97,25.46,48.96,42.51,0.9026,1,1
162,5,446.54,129.11,54.25,46.84,0.8794,1,1
162,9,310.01,244.62,27.61,44.26,0.6913,1,1
162,12,263.40,224.80,67.74,57.46,0.7475,1,1
162,15,1463.65,0.28,34.04,30.14,0.3952,1,1
162,16,650.13,52.45,52.44,41.08,0.6604,1,1
162,18,851.58,658.41,131.98,102.27,0.6353,1,1
162,24,455.22,177.66,37.03,32.29,0.7864,1,1
162,27,746.51,183.77,76.36,83.64,0.8949,1,1
162,46,898.88,157.77,72.50,77.54,0.9197,1,1
162,99,124.54,298.82,69.76,46.04,0.8294,1,1
162,117,352.19,371.87,41.77,30.36,0.7929,1,1
162,146,902.92,82.88,22.13,17.99,0.7198,1,1
162,149,-3.36,616.07,52.82,110.62,0.8583,1,1
162,150,160.14,321.48,40.73,49.78,0.6341,1,1
162,154,451.55,414.30,75.71,109.71,0.6546,1,1
162,171,846.63,1.39,61.62,34.92,0.3926,1,1
162,176,642.38,788.51,133.78,134.79,0.8993,1,1
162,187,958.36,63.82,21.96,17.87,0.6866,1,1
162,189,883.71,33.38,16.12,20.10,0.3553,1,1
162,190,454.99,177.05,37.71,32.90,0.3129,1,1
162,191,712.73,982.48,55.47,45.80,0.4279,1,1
162,192,489.53,325.38,43.74,38.07,0.7563,1,1
163,1,451.27,411.22,75.29,111.13,0.5098,1,1
163,2,1150.47,369.38,104.19,72.38,0.9128,1,1
163,4,995.94,25.18,48.18,42.64,0.8965,1,1
163,5,447.23,129.79,54.17,47.56,0.8780,1,1
163,9,309.24,244.68,27.88,43.83,0.6398,1,1
163,12,263.66,224.84,67.48,57.16,0.4447,1,1
163,15,1463.62,0.25,34.06,30.15,0.4955,1,1
163,16,649.34,52.20,52.22,41.11,0.7118,1,1
163,18,852.15,657.75,133.32,103.45,0.6189,1,1
163,24,456.16,179.04,37.20,31.66,0.7927,1,1
163,27,746.17,184.62,76.71,85.12,0.9031,1,1
163,46,899.53,156.94,72.00,77.13,0.9204,1,1
163,92,667.93,92.09,26.38,29.89,0.5060,1,1
163,99,129.75,295.43,69.29,44.59,0.8403,1,1
163,146,903.58,80.95,23.23,19.13,0.6881,1,1
163,149,-6.28,607.67,51.49,124.52,0.8165,1,1
163,154,451.09,413.88,76.16,110.61,0.6019,1,1
163,171,847.74,1.50,60.55,34.14,0.3679,1,1
163,176,641.85,787.97,131.18,129.35,0.8890,1,1
163,187,959.49,63.05,22.30,18.36,0.6543,1,1
163,190,456.15,178.44,37.04,32.10,0.2583,1,1
163,191,719.46,981.99,50.12,39.47,0.5094,1,1
164,1,451.01,411.89,75.24,110.79,0.5493,1,1
164,2,1150.53,369.54,104.05,72.12,0.9120,1,1
164,4,995.76,24.53,46.83,42.91,0.8912,1,1
164,5,448.60,129.59,55.08,49.49,0.8734,1,1
164,9,307.71,244.39,28.39,43.10,0.6179,1,1
164,15,1463.47,0.31,34.09,30.34,0.4630,1,1
164,16,648.12,51.75,50.69,39.68,0.7509,1,1
164,18,853.92,658.38,131.40,101.87,0.7013,1,1
164,24,457.42,181.06,37.38,31.23,0.8088,1,1
164,27,746.35,183.77,76.68,83.93,0.8958,1,1
164,46,899.42,155.72,71.89,76.92,0.9197,1,1
164,92,667.97,92.10,26.24,29.47,0.4042,1,1
164,99,134.54,293.67,70.16,45.18,0.7582,1,1
164,146,904.86,80.26,22.31,18.47,0.6080,1,1
164,149,-4.05,617.81,43.92,117.93,0.8030,1,1
164,154,450.81,414.11,76.29,110.96,0.5602,1,1
164,171,848.56,1.45,60.61,34.11,0.4395,1,1
164,176,639.90,786.92,132.00,129.77,0.9030,1,1
164,187,961.76,62.50,22.63,19.01,0.6252,1,1
165,1,451.18,413.83,74.17,108.47,0.5362,1,1
165,2,1150.18,369.69,104.22,72.36,0.9098,1,1
165,4,994.85,24.31,46.24,43.37,0.8981,1,1
165,5,449.85,130.99,54.74,49.58,0.8701,1,1
165,9,307.41,244.56,29.07,42.91,0.6290,1,1
165,12,263.03,224.65,68.34,57.83,0.3766,1,1
165,15,1463.79,0.50,34.04,30.35,0.4229,1,1
165,16,647.02,51.63,50.04,38.13,0.7780,1,1
165,18,855.04,658.33,131.75,102.10,0.6989,1,1
165,24,457.82,182.59,37.89,31.04,0.8267,1,1
165,27,746.43,185.00,76.97,83.43,0.9080,1,1
165,46,899.39,155.06,72.01,76.65,0.9153,1,1
165,65,961.77,64.50,21.68,18.29,0.6444,1,1
165,99,138.40,290.13,72.27,47.17,0.7374,1,1
165,146,905.58,79.83,22.61,18.55,0.6644,1,1
165,149,-7.19,618.59,41.31,112.88,0.2560,1,1
165,150,174.15,315.86,41.56,50.97,0.2591,1,1
165,154,451.06,415.33,75.20,108.99,0.6089,1,1
165,171,848.45,1.43,60.70,34.04,0.4864,1,1
165,176,639.43,783.16,130.35,132.32,0.9067,1,1
165,181,665.76,86.09,29.47,35.36,0.4701,1,1
165,196,979.35,863.07,53.18,41.33,0.7436,1,1
166,1,451.12,414.26,74.24,107.89,0.5417,1,1
166,2,1150.29,369.70,104.19,72.31,0.9104,1,1
166,4,995.06,24.32,45.83,43.40,0.8968,1,1
166,5,449.97,131.11,54.50,49.46,0.8698,1,1
166,9,306.92,244.38,29.85,43.12,0.6226,1,1
166,12,262.98,224.61,68.47,57.86,0.3493,1,1
166,15,1463.89,0.54,33.99,30.36,0.4234,1,1
166,16,646.63,51.62,50.72,38.04,0.7855,1,1
166,18,855.01,658.29,131.95,102.20,0.7038,1,1
166,24,457.65,182.63,38.27,31.04,0.8268,1,1
166,27,746.32,184.99,77.22,83.48,0.9081,1,1
166,46,899.34,155.07,72.12,76.64,0.9151,1,1
166,65,961.80,64.57,21.53,18.29,0.6444,1,1
166,99,138.92,289.89,71.76,47.34,0.7386,1,1
166,146,905.56,79.77,22.78,18.57,0.6645,1,1
166,149,-7.80,618.76,39.56,110.58,0.2564,1,1
166,150,175.43,315.49,41.53,51.09,0.2578,1,1
166,154,451.05,415.43,75.22,108.64,0.6146,1,1
166,171,848.52,1.43,60.67,33.93,0.4712,1,1
166,176,640.01,783.23,128.97,132.32,0.9060,1,1
166,181,665.61,85.98,29.67,35.41,0.4609,1,1
166,196,978.98,863.14,53.78,41.32,0.7442,1,1
166,199,485.27,354.90,39.27,45.22,0.5845,1,1
167,1,451.00,414.65,74.48,107.29,0.6188,1,1
167,2,1150.23,370.04,104.59,73.42,0.9085,1,1
167,4,995.01,24.44,45.28,43.83,0.8814,1,1
167,5,453.09,135.99,52.57,45.93,0.8680,1,1
167,9,306.99,244.33,30.17,42.98,0.6393,1,1
167,12,262.99,224.60,68.41,57.72,0.4533,1,1
167,15,1463.28,0.26,34.44,31.12,0.5201,1,1
167,16,645.53,51.72,49.98,36.98,0.7735,1,1
167,18,854.73,658.04,133.09,103.18,0.7054,1,1
167,24,459.36,183.63,39.16,30.84,0.8452,1,1
167,27,745.49,185.34,78.12,82.42,0.9116,1,1
167,46,899.23,154.17,72.43,77.07,0.9100,1,1
167,65,961.71,65.06,21.67,18.84,0.7082,1,1
167,99,143.03,288.81,70.94,47.04,0.8376,1,1
167,146,905.32,78.29,24.70,20.55,0.7812,1,1
167,154,451.05,415.31,75.21,108.29,0.5377,1,1
167,171,848.22,1.36,61.07,34.12,0.4759,1,1
167,176,638.64,783.15,125.31,131.76,0.9147,1,1
167,181,663.96,84.47,30.09,36.37,0.3897,1,1
167,189,884.74,33.03,15.18,18.85,0.2582,1,1
167,196,978.25,865.11,55.08,41.17,0.8243,1,1
167,199,488.49,361.47,36.80,42.80,0.7818,1,1
167,200,745.04,967.38,52.14,36.36,0.6517,1,1
168,1,450.71,414.76,74.57,106.59,0.6046,1,1
168,2,1150.64,370.55,104.26,74.02,0.9104,1,1
168,4,993.84,24.59,44.94,43.24,0.8833,1,1
168,5,455.25,137.74,52.89,45.56,0.8659,1,1
168,9,307.73,244.34,29.29,41.06,0.6382,1,1
168,12,263.72,224.74,67.13,56.32,0.4976,1,1
168,15,1463.01,0.18,34.43,31.35,0.4753,1,1
168,16,644.03,50.89,50.03,36.41,0.8088,1,1
168,18,854.97,657.82,133.28,103.52,0.6714,1,1
168,24,460.72,185.04,40.15,31.28,0.8413,1,1
168,27,744.88,186.33,78.01,79.51,0.9086,1,1
168,46,898.31,154.21,73.13,78.49,0.8525,1,1
168,65,961.14,65.50,21.52,18.57,0.6880,1,1
168,99,148.43,288.37,68.56,45.21,0.8092,1,1
168,146,906.54,77.08,25.35,21.04,0.7241,1,1
168,154,450.92,415.05,75.00,107.54,0.5334,1,1
168,171,847.62,1.23,61.35,34.26,0.4653,1,1
168,176,634.31,783.43,126.89,131.64,0.9173,1,1
168,181,661.77,83.74,29.66,36.15,0.4518,1,1
168,189,884.63,32.60,15.46,19.17,0.2516,1,1
168,196,977.87,866.46,58.31,43.04,0.8397,1,1
168,199,489.61,363.11,36.00,41.30,0.7453,1,1
168,200,745.74,962.50,53.36,36.87,0.4692,1,1
169,1,450.95,415.36,74.20,105.15,0.5841,1,1
169,2,1151.10,371.01,103.80,73.86,0.9103,1,1
169,4,993.85,25.19,44.11,42.01,0.8581,1,1
169,5,456.32,138.08,54.02,46.78,0.8627,1,1
169,9,309.22,244.77,28.81,40.72,0.6571,1,1
169,12,263.45,224.63,67.76,56.53,0.6787,1,1
169,15,1462.35,0.33,34.09,31.47,0.4311,1,1
169,16,642.47,50.78,49.69,36.44,0.7982,1,1
169,18,855.65,657.57,133.23,103.75,0.7190,1,1
169,24,463.43,187.27,38.27,29.06,0.8179,1,1
169,27,744.32,186.99,78.80,77.19,0.9137,1,1
169,46,897.33,153.72,73.26,79.50,0.8074,1,1
169,65,960.67,64.17,21.73,18.80,0.2576,1,1
169,99,151.18,287.93,68.70,45.09,0.8001,1,1
169,146,905.77,76.40,26.18,21.30,0.7594,1,1
169,154,450.63,415.54,74.12,105.50,0.5377,1,1
169,171,846.59,1.14,61.68,34.25,0.6074,1,1
169,176,632.74,782.70,128.41,132.88,0.9207,1,1
169,181,660.10,86.40,27.90,33.75,0.7234,1,1
169,189,884.57,31.66,15.53,19.33,0.2695,1,1
169,199,492.55,364.36,34.02,38.31,0.6571,1,1
169,200,751.49,953.63,54.59,37.71,0.3303,1,1
169,202,718.16,147.48,36.76,23.34,0.7282,1,1
170,1,449.98,418.83,74.19,103.56,0.7025,1,1
170,2,1150.70,371.01,104.32,74.45,0.9080,1,1
170,4,992.40,25.92,44.19,41.32,0.8528,1,1
170,5,457.75,140.09,54.18,47.04,0.8612,1,1
170,9,309.69,244.76,28.76,41.57,0.7149,1,1
170,12,263.30,224.68,68.06,56.56,0.7754,1,1
170,15,1462.19,0.39,33.78,31.55,0.3923,1,1
170,16,641.89,51.23,49.65,37.08,0.7473,1,1
170,18,854.76,656.90,134.41,105.22,0.7157,1,1
170,24,464.92,188.94,39.34,29.74,0.7905,1,1
170,27,743.48,188.11,79.13,75.93,0.9141,1,1
170,46,897.02,152.63,73.51,80.73,0.7871,1,1
170,65,958.78,61.67,22.15,19.26,0.4933,1,1
170,99,154.30,287.12,69.18,45.80,0.8376,1,1
170,139,331.22,272.45,27.97,26.96,0.3691,1,1
170,146,904.60,75.93,26.48,21.00,0.7356,1,1
170,150,197.33,310.97,38.97,49.88,0.3793,1,1
170,154,450.40,417.08,74.50,104.88,0.5817,1,1
170,171,846.15,0.98,61.25,33.70,0.5829,1,1
170,176,632.11,782.49,128.48,133.66,0.9212,1,1
170,181,658.40,86.21,28.40,33.19,0.7537,1,1
170,199,492.12,362.71,33.95,37.38,0.6624,1,1
170,200,751.13,942.07,64.82,45.27,0.3220,1,1
170,202,717.30,147.44,38.42,24.49,0.6826,1,1
171,1,449.57,419.92,74.65,102.89,0.7007,1,1
171,2,1150.58,371.03,104.64,74.93,0.9043,1,1
171,4,992.25,26.31,43.38,40.29,0.6951,1,1
171,5,459.24,142.04,53.96,46.99,0.8717,1,1
171,9,310.12,244.98,28.18,41.43,0.7422,1,1
171,12,263.04,225.01,67.84,56.02,0.8262,1,1
171,15,1461.75,0.28,33.48,31.72,0.4748,1,1
171,16,641.00,50.74,50.51,37.98,0.4196,1,1
171,18,855.51,656.76,133.17,104.25,0.7243,1,1
171,24,465.99,190.30,39.05,29.28,0.7749,1,1
171,27,742.87,188.00,79.60,75.44,0.9161,1,1
171,46,897.52,152.15,73.26,81.12,0.7869,1,1
171,65,958.50,60.67,22.11,19.24,0.5213,1,1
171,99,156.94,285.91,71.77,47.65,0.8469,1,1
171,139,331.38,273.05,27.90,26.42,0.2837,1,1
171,146,905.10,76.02,25.17,19.76,0.6331,1,1
171,154,450.11,418.77,74.84,103.85,0.6288,1,1
171,171,847.67,0.64,59.67,32.77,0.5057,1,1
171,176,632.41,782.00,127.72,132.92,0.9233,1,1
171,181,658.76,84.77,28.77,33.73,0.6680,1,1
171,199,490.87,362.42,34.32,37.70,0.4767,1,1
171,200,755.87,942.91,58.43,41.42,0.8413,1,1
171,202,715.00,147.03,40.63,25.76,0.7458,1,1
171,204,199.70,387.19,46.54,34.97,0.6581,1,1
172,1,449.27,420.00,75.27,102.84,0.7069,1,1
172,2,1150.65,370.99,104.55,74.98,0.9055,1,1
172,4,992.11,26.33,43.60,40.22,0.6954,1,1
172,5,459.27,141.97,53.94,47.09,0.8716,1,1
172,9,310.28,245.00,27.89,41.45,0.7439,1,1
172,12,262.96,225.07,67.98,55.97,0.8326,1,1
172,15,1461.84,0.25,33.13,31.75,0.4755,1,1
172,16,641.01,50.61,50.38,38.20,0.4268,1,1
172,18,855.58,656.75,133.07,104.19,0.7209,1,1
172,24,465.93,190.35,39.23,29.26,0.7748,1,1
172,27,742.73,188.00,79.91,75.46,0.9163,1,1
172,46,897.73,152.13,72.90,81.16,0.7894,1,1
172,65,958.47,60.51,22.08,19.23,0.5194,1,1
172,99,157.02,285.89,71.74,47.67,0.8445,1,1
172,139,331.37,273.21,28.08,26.31,0.2762,1,1
172,146,905.05,76.02,25.21,19.61,0.6317,1,1
172,154,449.76,418.93,75.51,103.74,0.6234,1,1
172,171,847.86,0.57,59.50,32.62,0.5062,1,1
172,176,632.55,782.00,127.62,132.92,0.9237,1,1
172,181,658.86,84.63,28.73,33.75,0.6685,1,1
172,199,490.57,362.29,34.49,37.78,0.4710,1,1
172,200,756.05,942.91,58.12,41.35,0.8408,1,1
172,202,714.82,147.08,40.83,25.79,0.7554,1,1
172,204,199.73,387.16,47.50,34.95,0.6546,1,1
172,205,295.98,370.92,76.30,46.16,0.7926,1,1
173,1,448.40,419.31,76.42,104.07,0.6615,1,1
173,2,1150.59,371.23,104.54,74.99,0.9039,1,1
173,4,992.29,26.58,43.76,39.97,0.7855,1,1
173,5,459.79,142.26,54.86,48.83,0.8788,1,1
173,9,309.48,245.24,28.38,42.36,0.7606,1,1
173,12,262.43,225.19,68.20,56.72,0.8471,1,1
173,15,1461.90,0.10,33.20,32.16,0.5436,1,1
173,16,641.13,50.33,50.06,38.28,0.3549,1,1
173,18,855.87,656.06,133.57,104.78,0.7055,1,1
173,24,466.80,191.65,39.56,28.80,0.7616,1,1
173,27,742.36,188.41,79.60,75.05,0.9142,1,1
173,46,896.65,151.39,73.08,81.57,0.5014,1,1
173,65,958.04,60.67,22.10,19.23,0.6033,1,1
173,99,159.94,285.30,72.95,49.25,0.8741,1,1
173,117,339.71,375.15,47.78,31.54,0.8370,1,1
173,146,902.50,74.29,25.24,19.60,0.6064,1,1
173,154,448.82,418.73,76.80,104.38,0.7182,1,1
173,171,846.23,0.25,60.44,33.34,0.5071,1,1
173,176,631.81,782.04,128.56,132.41,0.9245,1,1
173,181,656.05,84.98,29.09,33.97,0.6692,1,1
173,200,757.98,941.52,56.59,40.59,0.8404,1,1
173,202,713.03,146.57,42.04,26.28,0.6904,1,1
173,204,209.45,387.81,46.60,33.18,0.4844,1,1
173,207,990.30,26.23,47.28,40.17,0.5347,1,1
173,208,955.28,815.84,53.68,54.73,0.2501,1,1
174,1,448.14,419.21,76.25,103.58,0.4622,1,1
174,2,1150.68,371.28,104.45,74.91,0.9054,1,1
174,4,991.99,26.16,45.12,40.50,0.7742,1,1
174,5,460.50,142.22,55.59,50.13,0.8793,1,1
174,9,309.87,246.19,28.72,44.15,0.7751,1,1
174,12,262.91,225.27,67.29,56.07,0.8526,1,1
174,15,1462.02,0.02,32.98,32.23,0.6144,1,1
174,16,640.79,49.53,50.57,39.08,0.3108,1,1
174,18,855.38,655.64,134.46,105.52,0.7287,1,1
174,24,467.47,192.61,40.79,29.18,0.7630,1,1
174,27,742.04,188.35,79.59,75.18,0.9136,1,1
174,46,896.41,151.33,73.02,81.65,0.4170,1,1
174,65,957.80,61.07,22.28,19.71,0.6329,1,1
174,99,166.31,284.13,70.02,48.28,0.8551,1,1
174,117,349.41,373.79,45.51,30.99,0.8718,1,1
174,146,900.65,73.84,24.04,18.42,0.5999,1,1
174,154,448.13,418.76,77.37,103.74,0.7641,1,1
174,165,929.10,0.04,16.52,11.48,0.3078,1,1
174,171,846.37,0.19,59.70,33.15,0.4778,1,1
174,176,631.64,781.67,129.64,133.37,0.9239,1,1
174,181,655.71,86.11,29.16,32.87,0.7957,1,1
174,200,759.71,940.97,55.09,39.38,0.6834,1,1
174,202,714.49,147.05,40.64,24.92,0.6421,1,1
174,207,990.02,25.30,48.70,41.38,0.4946,1,1
175,2,1150.78,371.20,104.36,74.82,0.9085,1,1
175,4,991.43,26.06,46.80,40.86,0.8210,1,1
175,5,462.31,145.07,54.41,48.44,0.8775,1,1
175,9,309.91,246.89,27.98,44.52,0.8033,1,1
175,12,264.63,225.62,65.65,54.31,0.8490,1,1
175,15,1461.84,0.02,32.68,32.20,0.5807,1,1
175,18,855.62,656.44,133.50,104.61,0.7329,1,1
175,24,468.52,194.10,39.86,27.81,0.7788,1,1
175,27,741.84,188.42,80.09,75.20,0.9155,1,1
175,46,896.10,150.98,73.79,82.68,0.4388,1,1
175,65,957.29,61.53,22.41,20.01,0.4414,1,1
175,99,169.68,283.60,68.02,47.23,0.8764,1,1
175,117,349.71,375.94,49.24,34.72,0.8861,1,1
175,146,900.99,73.18,26.93,20.47,0.7418,1,1
175,154,447.76,416.85,77.78,101.98,0.8213,1,1
175,165,929.03,0.22,16.10,11.20,0.3395,1,1
175,171,847.19,0.03,58.30,32.66,0.5022,1,1
175,176,630.71,782.23,130.22,133.08,0.9214,1,1
175,181,654.75,86.24,29.88,33.51,0.7390,1,1
175,200,760.02,941.21,55.85,40.40,0.5421,1,1
175,202,713.32,148.02,38.79,23.59,0.5801,1,1
175,207,989.91,24.92,49.56,42.04,0.3487,1,1
175,208,956.38,816.76,52.23,52.99,0.2664,1,1
176,2,1150.88,371.07,104.35,74.79,0.9130,1,1
176,5,463.00,146.77,54.61,47.77,0.8738,1,1
176,9,308.65,247.10,28.37,45.50,0.8215,1,1
176,12,265.01,225.79,65.49,53.71,0.8468,1,1
176,15,1461.64,0.02,32.79,32.38,0.3421,1,1
176,16,641.86,49.65,50.43,39.75,0.3641,1,1
176,18,855.49,656.08,133.91,104.90,0.7411,1,1
176,24,469.71,195.19,40.35,27.98,0.7055,1,1
176,27,741.52,188.40,80.05,75.33,0.9130,1,1
176,46,895.76,150.18,74.97,84.22,0.3708,1,1
176,65,955.83,61.78,22.64,20.52,0.4536,1,1
176,99,171.86,283.47,68.63,47.35,0.8390,1,1
176,117,346.52,377.39,49.28,34.43,0.6929,1,1
176,146,902.34,73.53,28.22,21.90,0.7178,1,1
176,154,447.44,416.62,77.50,98.51,0.8534,1,1
176,165,928.90,0.06,16.62,11.79,0.4427,1,1
176,171,847.31,0.00,57.48,32.54,0.5438,1,1
176,176,630.12,782.72,130.89,134.10,0.9178,1,1
176,181,654.05,87.24,30.10,33.08,0.8267,1,1
176,202,711.44,150.94,39.07,23.61,0.4434,1,1
176,207,990.76,26.51,49.20,39.95,0.8789,1,1
176,210,951.14,958.00,46.41,63.12,0.7420,1,1
177,2,1150.81,370.64,104.48,74.90,0.9136,1,1
177,5,464.19,151.40,52.06,44.34,0.8678,1,1
177,9,307.88,247.69,28.67,44.65,0.8308,1,1
177,12,265.82,226.20,65.44,52.58,0.8273,1,1
177,15,1461.82,0.02,32.53,32.27,0.5143,1,1
177,16,642.55,49.86,49.50,39.93,0.4699,1,1
177,18,854.36,655.78,134.70,105.86,0.7272,1,1
177,24,469.92,196.40,40.31,27.99,0.6187,1,1
177,27,741.66,188.96,80.02,74.76,0.9145,1,1
177,46,896.15,149.34,75.03,84.53,0.2754,1,1
177,65,953.89,62.29,22.89,22.18,0.6902,1,1
177,99,173.65,283.12,69.56,47.57,0.8024,1,1
177,117,348.71,376.32,42.54,29.43,0.5474,1,1
177,146,903.86,73.22,30.07,24.82,0.8012,1,1
177,154,446.88,416.93,78.70,98.73,0.8548,1,1
177,165,928.75,0.03,16.89,12.15,0.4643,1,1
177,171,847.20,0.00,56.39,32.66,0.5994,1,1
177,176,631.37,783.02,129.97,135.61,0.9142,1,1
177,181,654.09,86.91,30.16,32.98,0.8462,1,1
177,202,711.86,154.26,37.82,22.63,0.4924,1,1
177,207,991.25,26.55,50.20,40.50,0.8854,1,1
177,212,-2.56,720.95,48.90,174.32,0.3662,1,1
178,2,1150.87,370.66,104.42,74.87,0.9139,1,1
178,5,463.86,151.45,52.69,44.31,0.8675,1,1
178,9,307.63,247.71,29.10,44.61,0.8307,1,1
178,12,265.42,226.23,66.21,52.56,0.8303,1,1
178,15,1461.91,-0.01,32.39,32.25,0.5140,1,1
178,16,643.02,49.85,48.67,40.01,0.4654,1,1
178,18,854.44,655.71,134.52,105.94,0.7286,1,1
178,24,469.95,196.51,40.29,28.01,0.6161,1,1
178,27,741.57,188.94,80.19,74.75,0.9144,1,1
178,46,896.39,149.06,74.85,84.58,0.2770,1,1
178,65,954.15,62.31,22.11,22.30,0.6886,1,1
178,99,173.47,283.07,70.05,47.62,0.8008,1,1
178,117,349.85,377.92,40.25,27.35,0.5387,1,1
178,146,904.34,73.19,29.30,24.93,0.8014,1,1
178,154,446.62,416.92,79.21,98.78,0.8549,1,1
178,165,928.78,-0.01,16.83,12.21,0.4568,1,1
178,171,847.65,-0.02,55.43,32.65,0.6001,1,1
178,176,631.79,783.05,129.20,135.60,0.9142,1,1
178,181,654.03,86.92,30.25,32.98,0.8461,1,1
178,202,711.83,154.77,37.89,22.47,0.5005,1,1
178,207,991.19,26.54,50.35,40.52,0.8855,1,1
178,212,-2.51,720.45,48.93,176.12,0.3690,1,1
179,1,448.35,416.60,75.09,101.40,0.2690,1,1
179,2,1150.90,370.20,104.41,74.64,0.9145,1,1
179,5,463.55,151.75,53.37,44.63,0.8674,1,1
179,9,307.39,248.02,29.32,44.12,0.8332,1,1
179,12,265.41,226.35,66.62,52.49,0.8177,1,1
179,15,1461.94,0.01,32.31,32.16,0.4502,1,1
179,16,644.07,50.59,47.28,39.83,0.5347,1,1
179,18,853.85,655.57,134.77,106.24,0.7515,1,1
179,24,470.68,197.94,39.13,27.20,0.5635,1,1
179,27,741.09,188.72,80.04,74.99,0.9144,1,1
179,46,897.40,148.44,74.52,84.75,0.4761,1,1
179,65,954.14,62.35,21.32,22.61,0.7839,1,1
179,99,176.38,283.82,69.72,47.83,0.8294,1,1
179,117,349.35,378.68,42.56,28.70,0.4750,1,1
179,146,905.91,74.39,28.42,24.87,0.8476,1,1
179,154,446.56,415.86,79.64,100.65,0.8344,1,1
179,165,928.72,0.01,17.23,12.67,0.4317,1,1
179,171,846.68,-0.00,55.17,32.78,0.5826,1,1
179,176,631.53,782.83,129.41,138.24,0.9108,1,1
179,181,653.79,86.32,30.59,33.70,0.8437,1,1
179,202,715.27,156.56,35.02,20.78,0.2980,1,1
179,207,990.88,25.58,52.77,42.11,0.8955,1,1
179,208,955.17,817.89,54.23,55.11,0.3075,1,1
179,212,-2.02,715.84,50.71,183.72,0.3193,1,1
180,2,1150.87,370.21,104.46,74.34,0.9119,1,1
180,5,463.77,152.71,53.13,43.94,0.8600,1,1
180,9,306.62,248.15,30.18,44.92,0.8332,1,1
180,12,265.34,226.39,67.42,52.66,0.8225,1,1
180,15,1461.77,0.02,32.31,32.15,0.2706,1,1
180,16,645.00,51.03,45.65,39.19,0.5986,1,1
180,18,854.41,655.85,134.30,106.02,0.7527,1,1
180,24,471.02,199.04,38.66,26.84,0.5199,1,1
180,27,740.88,188.81,79.70,74.71,0.9136,1,1
180,46,897.35,147.62,74.37,84.58,0.4227,1,1
180,65,953.62,62.31,21.10,23.18,0.8288,1,1
180,99,177.37,282.99,71.49,48.94,0.8203,1,1
180,117,350.52,376.91,42.04,28.27,0.5209,1,1
180,146,908.11,75.34,29.35,25.00,0.8420,1,1
180,154,447.43,415.07,78.47,99.30,0.7663,1,1
180,165,928.79,0.02,16.94,12.56,0.3555,1,1
180,171,847.12,0.00,53.99,32.14,0.3591,1,1
180,176,631.70,785.11,129.21,139.20,0.9066,1,1
180,181,653.78,86.43,30.38,33.29,0.8418,1,1
180,202,712.81,156.19,36.00,20.98,0.3154,1,1
180,207,990.96,25.54,53.41,42.34,0.9050,1,1
180,208,955.39,816.84,53.57,54.54,0.2532,1,1
180,212,0.02,726.66,48.25,174.28,0.3939,1,1
181,1,449.05,414.95,76.20,102.04,0.6551,1,1
181,2,1150.76,369.91,105.16,74.34,0.9165,1,1
181,4,992.41,24.74,50.14,43.25,0.8820,1,1
181,5,463.21,154.03,53.89,44.22,0.8537,1,1
181,9,305.83,248.07,31.15,46.05,0.8222,1,1
181,12,265.58,226.42,67.91,52.83,0.7730,1,1
181,15,1461.99,0.01,31.98,31.81,0.4205,1,1
181,16,645.20,51.08,45.20,38.74,0.7805,1,1
181,18,855.17,656.36,134.30,106.53,0.7256,1,1
181,27,740.12,189.47,79.79,73.67,0.9076,1,1
181,46,899.52,146.44,72.52,82.06,0.6681,1,1
181,65,954.36,63.98,20.16,21.97,0.7899,1,1
181,99,177.10,281.60,74.17,51.41,0.8200,1,1
181,146,910.28,77.09,28.73,23.68,0.8308,1,1
181,154,446.07,414.31,80.69,102.75,0.5419,1,1
181,165,927.80,0.35,17.89,13.42,0.4912,1,1
181,171,846.11,0.00,53.90,31.93,0.4203,1,1
181,176,631.81,789.94,127.54,136.45,0.9179,1,1
181,181,653.58,86.30,30.32,32.63,0.8808,1,1
181,199,491.95,354.30,36.45,40.45,0.3452,1,1
181,220,673.62,161.66,26.40,24.46,0.7764,1,1
182,1,448.45,411.76,77.10,104.41,0.7444,1,1
182,2,1150.51,369.73,105.43,74.21,0.9150,1,1
182,4,992.43,24.80,50.53,43.23,0.8889,1,1
182,5,463.09,155.44,55.02,44.60,0.8761,1,1
182,9,305.36,248.23,31.71,46.30,0.8164,1,1
182,12,265.37,226.64,68.25,53.10,0.7958,1,1
182,15,1461.98,-0.00,31.97,31.79,0.4305,1,1
182,16,645.30,51.66,44.79,38.02,0.8099,1,1
182,18,855.84,656.26,130.65,103.85,0.7334,1,1
182,27,739.73,189.56,79.98,73.47,0.9091,1,1
182,46,900.57,145.84,73.13,82.10,0.7068,1,1
182,65,954.61,63.75,20.32,22.49,0.7799,1,1
182,99,179.24,284.08,71.79,49.31,0.8225,1,1
182,146,909.72,77.16,30.06,25.12,0.7356,1,1
182,154,446.10,413.29,81.78,104.82,0.3923,1,1
182,165,927.48,0.40,17.85,13.57,0.4876,1,1
182,171,845.29,-0.02,54.65,32.31,0.2722,1,1
182,176,631.73,789.87,128.60,138.36,0.9190,1,1
182,181,652.82,85.76,31.30,33.71,0.8844,1,1
182,199,493.32,356.36,35.87,40.94,0.6683,1,1
182,220,667.71,163.84,26.56,23.58,0.6240,1,1
182,221,741.67,969.61,48.15,44.82,0.3462,1,1
183,1,448.82,410.29,77.52,104.98,0.2947,1,1
183,2,1150.34,369.61,105.63,74.30,0.9130,1,1
183,4,992.48,25.29,51.52,42.83,0.8876,1,1
183,5,462.58,156.40,55.68,45.57,0.8748,1,1
183,9,306.00,248.19,31.38,45.75,0.8092,1,1
183,12,265.42,226.83,68.00,52.62,0.8138,1,1
183,15,1461.78,-0.01,32.15,31.93,0.2814,1,1
183,16,645.30,52.08,44.64,37.48,0.8328,1,1
183,18,855.29,656.43,133.88,106.75,0.7081,1,1
183,27,738.72,189.89,80.58,73.15,0.9104,1,1
183,46,902.09,146.46,72.08,79.96,0.6270,1,1
183,65,956.48,64.13,19.02,21.11,0.7043,1,1
183,99,179.45,284.71,71.78,48.98,0.8006,1,1
183,146,910.17,79.16,29.07,24.38,0.6013,1,1
183,154,447.58,409.59,79.69,105.64,0.8445,1,1
183,165,927.08,0.45,17.95,13.99,0.5317,1,1
183,176,632.43,794.02,128.05,135.41,0.9177,1,1
183,181,652.35,84.81,31.96,34.91,0.8884,1,1
183,220,661.11,169.24,26.40,22.22,0.5209,1,1
183,221,738.65,974.15,49.45,46.66,0.2595,1,1
183,224,362.55,420.34,47.55,28.05,0.4487,1,1
184,1,448.96,409.83,77.67,105.18,0.2946,1,1
184,2,1150.34,369.63,105.65,74.30,0.9127,1,1
184,4,992.18,25.19,52.12,42.91,0.8877,1,1
184,5,462.69,156.39,55.47,45.62,0.8749,1,1
184,9,306.06,248.15,31.37,45.67,0.8085,1,1
184,12,265.32,226.82,68.15,52.60,0.8116,1,1
184,15,1461.73,-0.03,32.23,31.99,0.2965,1,1
184,16,645.20,52.08,44.84,37.47,0.8327,1,1
184,18,855.32,656.46,133.90,107.04,0.7121,1,1
184,27,738.56,189.88,80.89,73.06,0.9102,1,1
184,46,901.96,146.51,72.53,79.73,0.6281,1,1
184,65,956.66,64.15,18.88,20.99,0.7034,1,1
184,99,179.26,284.67,72.14,49.07,0.7980,1,1
184,146,910.26,79.44,28.83,24.25,0.5970,1,1
184,154,448.00,409.51,78.87,105.69,0.8457,1,1
184,165,927.17,0.44,17.69,14.05,0.5353,1,1
184,176,631.90,794.02,128.90,135.42,0.9176,1,1
184,181,652.43,84.79,31.79,34.92,0.8884,1,1
184,202,720.36,157.65,34.02,19.88,0.2997,1,1
184,220,659.61,169.97,27.56,22.03,0.5254,1,1
184,221,738.23,975.15,49.20,47.15,0.2612,1,1
184,224,362.33,420.48,47.92,28.01,0.4523,1,1
184,227,975.61,45.85,14.85,20.45,0.3769,1,1
185,1,449.46,409.00,78.10,105.81,0.3641,1,1
185,2,1150.64,369.66,105.18,73.86,0.9147,1,1
185,4,992.10,25.88,52.89,42.37,0.8877,1,1
185,5,462.77,156.98,55.64,46.24,0.8732,1,1
185,9,305.39,248.23,32.08,46.78,0.8112,1,1
185,12,265.08,226.77,68.36,52.82,0.8245,1,1
185,15,1461.68,-0.01,32.25,31.97,0.2882,1,1
185,16,645.26,52.48,44.97,37.73,0.8368,1,1
185,18,856.30,656.06,133.29,106.57,0.7274,1,1
185,27,738.32,190.02,81.33,73.11,0.9112,1,1
185,46,902.77,145.90,73.34,79.93,0.6438,1,1
185,65,957.41,63.45,19.18,21.58,0.7188,1,1
185,99,177.09,283.41,74.53,51.13,0.7987,1,1
185,146,910.10,83.18,26.65,22.16,0.6623,1,1
185,154,449.09,408.59,78.49,105.66,0.8120,1,1
185,165,927.00,0.50,17.10,13.85,0.5907,1,1
185,176,631.59,796.25,130.06,135.94,0.9160,1,1
185,181,652.17,85.32,31.67,35.02,0.8908,1,1
185,202,720.58,157.71,34.11,20.00,0.2603,1,1
185,220,655.13,170.43,31.83,23.60,0.7370,1,1
185,224,361.62,423.14,48.09,28.06,0.3634,1,1
185,227,975.00,46.12,15.26,20.65,0.5180,1,1
185,230,1461.69,0.01,32.26,31.64,0.3362,1,1
186,1,450.12,408.09,78.16,105.97,0.8987,1,1
186,2,1150.86,369.94,104.80,73.40,0.9133,1,1
186,4,991.99,25.49,53.42,42.44,0.8622,1,1
186,5,463.28,157.20,55.87,47.02,0.8690,1,1
186,9,305.40,248.82,31.77,46.34,0.8056,1,1
186,12,265.23,226.93,68.54,52.95,0.8243,1,1
186,15,1461.67,-0.01,32.25,31.95,0.3263,1,1
186,16,645.30,52.81,44.64,37.61,0.8377,1,1
186,18,856.02,656.04,132.73,106.03,0.7102,1,1
186,27,738.21,190.30,81.31,72.76,0.9140,1,1
186,46,903.80,144.57,72.69,78.66,0.5543,1,1
186,65,959.47,63.46,18.50,21.30,0.7028,1,1
186,99,175.50,283.14,75.49,52.68,0.8217,1,1
186,117,356.29,374.97,40.72,28.55,0.5090,1,1
186,146,909.61,83.04,26.90,23.19,0.7818,1,1
186,165,926.42,0.79,16.64,13.56,0.6032,1,1
186,171,843.90,0.18,57.45,34.17,0.3632,1,1
186,176,631.18,799.23,131.10,135.40,0.9141,1,1
186,181,651.86,85.55,32.42,36.59,0.8867,1,1
186,202,719.87,157.64,34.55,20.17,0.2549,1,1
186,220,649.62,173.75,35.61,23.98,0.7961,1,1
186,227,974.55,46.43,15.42,20.37,0.5652,1,1
186,230,1461.69,0.01,32.23,31.60,0.3224,1,1
187,1,451.34,405.30,78.23,106.51,0.8700,1,1
187,2,1150.93,370.16,104.60,73.05,0.9151,1,1
187,4,991.28,25.24,52.13,42.42,0.8146,1,1
187,5,463.98,157.01,55.62,47.70,0.8597,1,1
187,9,305.36,249.20,31.67,46.24,0.8055,1,1
187,12,265.06,227.03,69.44,53.65,0.8248,1,1
187,15,1461.43,-0.01,32.46,32.23,0.3024,1,1
187,16,645.31,53.13,44.42,37.50,0.8222,1,1
187,18,856.29,655.96,132.82,106.30,0.6988,1,1
187,27,738.07,190.50,81.22,72.71,0.9142,1,1
187,46,903.66,144.05,73.44,79.29,0.6464,1,1
187,65,961.69,64.32,17.60,20.24,0.6092,1,1
187,99,174.14,284.39,73.23,51.16,0.8460,1,1
187,117,357.17,374.93,39.19,28.42,0.6619,1,1
187,146,908.72,79.54,27.93,25.58,0.7593,1,1
187,165,926.13,0.76,16.43,13.59,0.5850,1,1
187,171,844.86,0.36,56.70,33.74,0.2602,1,1
187,176,631.17,801.57,132.43,135.32,0.9115,1,1
187,181,651.38,86.16,32.92,36.91,0.8782,1,1
187,202,719.97,157.60,34.24,19.94,0.3706,1,1
187,220,645.49,178.29,36.78,22.63,0.8327,1,1
187,227,974.77,46.80,15.85,20.31,0.6383,1,1
187,230,1461.41,0.00,32.49,31.92,0.3700,1,1
187,231,553.17,394.22,35.05,57.95,0.7515,1,1
188,1,453.31,405.05,76.83,104.77,0.8792,1,1
188,2,1150.86,369.97,104.78,73.27,0.9113,1,1
188,4,990.94,24.16,51.69,43.87,0.8260,1,1
188,5,466.31,158.92,54.25,45.71,0.8527,1,1
188,9,305.32,249.27,31.65,46.49,0.8041,1,1
188,12,265.20,227.66,69.27,53.30,0.8047,1,1
188,15,1461.41,0.08,32.35,32.16,0.2723,1,1
188,16,645.10,53.65,44.43,37.44,0.8242,1,1
188,18,858.24,655.73,132.10,105.71,0.6969,1,1
188,27,738.12,190.60,81.24,72.65,0.9134,1,1
188,46,904.17,143.33,73.91,79.98,0.7022,1,1
188,65,963.75,64.71,17.47,20.08,0.5013,1,1
188,99,172.90,285.87,71.74,50.36,0.8804,1,1
188,117,356.81,375.95,39.96,28.68,0.7587,1,1
188,146,909.75,77.79,26.93,27.16,0.8070,1,1
188,165,925.71,0.61,16.46,13.85,0.5501,1,1
188,176,630.17,800.91,135.19,136.48,0.9131,1,1
188,181,651.22,87.18,32.82,36.29,0.8781,1,1
188,202,720.14,157.75,34.01,19.82,0.4403,1,1
188,220,644.28,181.31,36.57,21.82,0.8590,1,1
188,227,974.78,46.55,16.20,20.03,0.7115,1,1
188,230,1461.37,0.05,32.42,31.90,0.3753,1,1
188,231,553.86,394.76,36.63,60.67,0.3038,1,1
189,1,454.48,400.34,77.01,108.04,0.8694,1,1
189,2,1150.78,369.77,104.86,73.32,0.9051,1,1
189,4,991.29,22.01,50.21,45.92,0.8999,1,1
189,5,467.61,159.44,54.83,45.44,0.8686,1,1
189,9,304.19,249.11,32.29,46.47,0.8093,1,1
189,12,265.72,227.90,68.94,52.85,0.8112,1,1
189,15,1461.43,0.07,32.27,32.12,0.3330,1,1
189,16,645.44,54.33,44.02,36.97,0.7879,1,1
189,18,860.16,655.48,131.43,105.28,0.6163,1,1
189,27,738.08,190.59,81.83,73.20,0.9143,1,1
189,46,904.91,142.37,73.82,80.11,0.6254,1,1
189,99,170.97,288.02,70.11,48.59,0.8997,1,1
189,117,358.12,375.23,41.10,29.48,0.8305,1,1
189,146,913.05,77.66,23.25,25.47,0.7871,1,1
189,165,925.42,0.50,16.46,14.06,0.4985,1,1
189,176,628.80,801.38,136.70,139.24,0.9092,1,1
189,181,651.49,87.84,32.84,36.00,0.8754,1,1
189,202,721.87,158.81,32.47,18.94,0.5812,1,1
189,220,642.54,183.30,39.35,25.20,0.8600,1,1
189,227,974.59,46.52,16.51,19.81,0.7967,1,1
189,230,1461.38,0.03,32.38,31.91,0.2987,1,1
189,231,551.01,392.44,34.97,58.55,0.4254,1,1
189,235,335.94,425.66,58.09,29.37,0.6710,1,1
190,1,455.02,400.25,75.96,108.11,0.8695,1,1
190,2,1150.79,369.75,104.86,73.33,0.9050,1,1
190,4,991.83,22.05,49.13,45.91,0.9001,1,1
190,5,467.41,159.31,55.28,45.56,0.8676,1,1
190,9,303.99,249.12,32.65,46.44,0.8084,1,1
190,12,265.67,227.90,69.07,52.85,0.8103,1,1
190,15,1461.46,0.06,32.23,32.11,0.3359,1,1
190,16,645.40,54.35,44.09,36.93,0.7889,1,1
190,18,860.30,655.40,131.43,105.35,0.6222,1,1
190,27,738.08,190.59,81.82,73.20,0.9143,1,1
190,46,905.05,142.26,73.68,80.14,0.6291,1,1
190,99,170.79,288.08,70.38,48.55,0.8995,1,1
190,117,358.14,375.21,41.13,29.49,0.8304,1,1
190,146,913.78,77.64,21.90,25.38,0.7868,1,1
190,165,925.47,0.46,16.28,14.09,0.4982,1,1
190,176,629.02,801.38,136.24,139.26,0.9094,1,1
190,181,651.45,87.83,32.96,36.01,0.8753,1,1
190,202,722.13,158.92,32.27,18.84,0.5896,1,1
190,220,643.17,183.36,38.04,25.22,0.8599,1,1
190,227,974.48,46.45,16.77,19.85,0.7970,1,1
190,230,1461.41,0.00,32.34,31.90,0.2936,1,1
190,231,550.58,392.02,34.37,58.17,0.4191,1,1
190,235,335.65,425.67,57.49,29.39,0.6701,1,1
190,236,852.49,191.86,21.14,28.53,0.4491,1,1
190,238,475.01,208.01,38.49,23.92,0.2838,1,1
191,1,456.83,399.25,74.16,105.81,0.8058,1,1
191,2,1150.75,369.55,105.03,73.67,0.9012,1,1
191,4,991.52,19.71,49.68,48.52,0.8937,1,1
191,5,468.33,159.68,55.48,45.31,0.8655,1,1
191,9,302.65,249.24,33.64,47.41,0.8167,1,1
191,12,265.80,227.94,69.33,53.36,0.8099,1,1
191,16,645.83,55.16,43.59,36.29,0.7456,1,1
191,18,859.29,654.92,133.54,107.13,0.5441,1,1
191,27,738.58,189.92,81.37,74.83,0.9160,1,1
191,46,905.20,141.98,73.42,80.15,0.5603,1,1
191,99,168.40,290.51,69.45,48.54,0.8895,1,1
191,117,359.38,375.02,40.58,29.00,0.8339,1,1
191,146,914.88,78.61,19.53,23.52,0.7942,1,1
191,165,925.13,0.35,16.18,14.17,0.4788,1,1
191,176,628.96,801.72,136.55,139.57,0.9067,1,1
191,181,651.23,87.93,33.66,37.12,0.8699,1,1
191,202,722.83,160.34,30.85,17.77,0.5826,1,1
191,220,642.78,185.07,37.52,25.45,0.8297,1,1
191,227,974.34,46.34,16.94,19.68,0.7952,1,1
191,230,1461.32,0.06,32.45,32.05,0.3872,1,1
191,231,549.64,392.18,37.97,65.36,0.4262,1,1
191,235,328.72,426.31,61.50,30.29,0.7975,1,1
191,238,475.81,207.87,38.79,24.12,0.3041,1,1
191,240,4.82,576.54,33.81,42.97,0.5293,1,1
192,1,459.45,395.68,73.73,103.63,0.8255,1,1
192,2,1150.77,369.39,104.96,73.86,0.9046,1,1
192,4,992.79,16.97,49.22,51.28,0.8877,1,1
192,5,468.57,159.80,56.36,45.17,0.8743,1,1
192,9,301.88,249.20,34.31,47.78,0.8212,1,1
192,12,266.35,227.98,69.12,53.15,0.8123,1,1
192,16,645.65,55.58,44.03,36.59,0.7510,1,1
192,18,857.16,655.45,135.74,109.42,0.4964,1,1
192,27,738.06,189.67,81.25,75.93,0.9145,1,1
192,46,905.45,141.88,73.70,80.88,0.4727,1,1
192,99,164.53,290.11,68.76,48.60,0.8095,1,1
192,117,358.55,371.88,43.02,30.39,0.8202,1,1
192,146,913.31,76.55,19.03,23.05,0.7690,1,1
192,165,925.03,0.20,16.06,14.22,0.4612,1,1
192,176,629.91,802.50,135.70,138.83,0.9119,1,1
192,181,651.79,89.25,33.04,36.05,0.8649,1,1
192,202,722.67,160.68,30.87,17.54,0.6828,1,1
192,220,644.82,188.84,33.87,23.32,0.8484,1,1
192,227,973.92,44.49,17.69,19.67,0.8225,1,1
192,230,1461.33,0.10,32.26,31.91,0.4060,1,1
192,231,549.91,392.53,37.62,66.00,0.4277,1,1
192,235,319.32,425.17,56.45,29.09,0.8208,1,1
192,236,855.05,193.34,21.79,29.57,0.2694,1,1
192,238,476.76,207.85,38.80,24.16,0.3070,1,1
192,240,3.87,585.79,32.12,39.74,0.6632,1,1
193,1,460.51,391.28,74.76,105.38,0.7528,1,1
193,2,1150.86,369.42,104.81,73.82,0.9066,1,1
193,5,468.66,159.81,56.75,45.34,0.8751,1,1
193,9,301.60,249.33,34.70,48.00,0.8264,1,1
193,12,266.42,227.88,69.39,53.74,0.8200,1,1
193,15,1461.33,0.20,32.16,32.12,0.3720,1,1
193,16,645.88,56.04,44.17,36.73,0.6866,1,1
193,18,856.01,656.47,135.87,110.44,0.5648,1,1
193,27,738.86,187.86,81.00,78.61,0.9154,1,1
193,46,905.59,141.59,73.35,80.90,0.4904,1,1
193,99,159.67,290.05,71.20,50.59,0.5528,1,1
193,117,359.00,368.70,44.23,31.49,0.8246,1,1
193,146,913.47,76.21,17.83,22.19,0.7744,1,1
193,154,460.95,393.90,73.65,98.75,0.3091,1,1
193,165,925.27,0.18,15.37,13.73,0.4328,1,1
193,176,630.42,806.00,135.28,137.16,0.9197,1,1
193,181,652.38,91.41,32.60,34.74,0.8547,1,1
193,202,721.87,160.14,32.80,18.67,0.6487,1,1
193,207,994.66,27.28,47.50,41.07,0.8618,1,1
193,220,643.84,190.31,33.29,22.80,0.8393,1,1
193,227,973.76,43.00,18.59,20.87,0.8236,1,1
193,230,1461.32,0.15,32.21,31.89,0.2754,1,1
193,231,550.86,392.96,32.51,57.19,0.2864,1,1
193,235,303.85,424.63,54.65,28.35,0.8145,1,1
193,236,853.45,196.83,22.41,31.20,0.4465,1,1
193,238,477.42,207.86,38.05,23.68,0.2568,1,1
193,240,2.90,591.14,30.09,36.80,0.4011,1,1
194,1,462.72,389.60,74.66,105.13,0.8295,1,1
194,2,1150.51,368.75,105.44,74.71,0.9052,1,1
194,5,469.27,159.99,56.28,45.04,0.8790,1,1
194,9,301.75,250.34,34.69,47.17,0.8181,1,1
194,12,266.68,228.22,69.68,54.30,0.8050,1,1
194,16,647.02,57.13,43.70,36.34,0.6312,1,1
194,18,853.54,657.34,135.21,111.24,0.6107,1,1
194,27,739.76,187.50,79.82,79.18,0.9115,1,1
194,46,905.90,141.09,72.68,80.34,0.5236,1,1
194,117,356.13,367.49,44.04,29.83,0.7629,1,1
194,146,913.87,75.98,18.13,22.77,0.7980,1,1
194,154,462.23,391.49,75.50,101.86,0.5790,1,1
194,165,925.13,0.20,15.24,13.72,0.3984,1,1
194,176,629.85,806.51,136.05,139.51,0.9183,1,1
194,181,652.47,93.35,32.21,33.51,0.8475,1,1
194,202,723.06,161.39,31.39,17.66,0.6051,1,1
194,207,997.94,26.67,45.72,41.73,0.8498,1,1
194,220,645.22,192.44,32.41,21.33,0.8310,1,1
194,227,973.49,42.04,19.11,21.26,0.7978,1,1
194,230,1461.42,0.30,32.11,31.84,0.3357,1,1
194,231,550.15,391.62,35.27,62.97,0.4666,1,1
194,235,282.98,423.28,61.55,32.38,0.8577,1,1
194,236,849.94,202.61,21.07,28.89,0.3436,1,1
195,1,464.92,388.63,73.56,101.72,0.8807,1,1
195,2,1150.42,368.73,105.38,74.84,0.9075,1,1
195,5,469.62,160.09,55.98,45.08,0.8756,1,1
195,9,302.09,250.55,34.97,46.60,0.8168,1,1
195,12,267.59,226.62,70.02,55.46,0.8299,1,1
195,16,647.16,57.59,43.54,36.26,0.5364,1,1
195,18,851.99,657.19,135.25,113.14,0.7006,1,1
195,27,740.07,186.61,79.52,80.05,0.9113,1,1
195,46,906.01,140.92,71.77,79.35,0.6486,1,1
195,117,359.98,363.76,43.99,29.60,0.6689,1,1
195,146,915.17,74.86,17.06,20.73,0.7565,1,1
195,165,923.23,0.03,15.33,13.50,0.3779,1,1
195,176,630.13,809.92,135.16,134.28,0.9187,1,1
195,181,652.88,95.61,31.68,31.92,0.8386,1,1
195,202,722.45,161.02,32.78,18.50,0.6020,1,1
195,207,998.82,25.23,45.96,43.68,0.8608,1,1
195,220,644.89,193.76,32.68,21.23,0.8587,1,1
195,227,973.05,43.50,19.06,20.58,0.7328,1,1
195,230,1461.41,0.26,32.18,31.94,0.3958,1,1
195,231,552.05,390.74,33.69,60.69,0.6189,1,1
195,235,265.01,423.54,63.81,32.22,0.7013,1,1
195,236,843.91,206.40,21.05,28.37,0.2951,1,1
195,238,478.33,208.00,37.14,23.07,0.2566,1,1
196,1,464.73,388.62,74.00,101.69,0.8803,1,1
196,2,1150.46,368.70,105.34,74.87,0.9070,1,1
196,5,469.74,160.24,55.75,44.90,0.8743,1,1
196,9,301.92,250.52,35.37,46.61,0.8167,1,1
196,12,267.86,226.51,69.52,55.58,0.8298,1,1
196,16,647.19,57.65,43.49,36.26,0.5357,1,1
196,18,852.42,657.16,134.09,113.30,0.7034,1,1
196,27,740.28,186.60,79.13,80.05,0.9113,1,1
196,46,906.02,140.88,71.67,79.25,0.6534,1,1
196,117,360.24,363.43,44.22,29.58,0.6732,1,1
196,146,915.05,74.80,17.38,20.63,0.7560,1,1
196,165,922.69,-0.01,15.56,13.43,0.3807,1,1
196,176,629.45,809.96,136.53,134.41,0.9187,1,1
196,181,652.59,95.60,32.24,31.89,0.8396,1,1
196,202,722.39,160.97,32.88,18.60,0.6032,1,1
196,207,999.24,25.20,45.16,43.72,0.8608,1,1
196,220,644.82,193.79,32.91,21.24,0.8587,1,1
196,227,972.82,43.59,19.48,20.53,0.7323,1,1
196,230,1461.42,0.25,32.16,31.96,0.3960,1,1
196,231,552.34,390.64,33.37,60.48,0.6168,1,1
196,235,262.77,423.56,66.13,32.19,0.6982,1,1
196,236,842.28,207.34,21.25,28.17,0.2986,1,1
196,238,478.20,207.98,37.27,23.11,0.2748,1,1
196,241,1198.95,575.62,56.06,55.05,0.4948,1,1
197,1,466.60,388.98,73.72,100.21,0.8301,1,1
197,2,1150.55,368.98,105.08,74.53,0.9135,1,1
197,5,469.51,160.05,55.98,44.91,0.8745,1,1
197,9,303.63,251.08,34.97,46.30,0.8016,1,1
197,12,268.65,225.48,69.88,56.33,0.8352,1,1
197,16,647.25,57.83,43.73,36.56,0.4438,1,1
197,18,851.39,657.55,133.13,113.54,0.7384,1,1
197,27,740.40,185.33,79.65,81.33,0.9127,1,1
197,46,906.11,140.69,71.38,78.93,0.6232,1,1
197,117,358.20,360.49,44.45,29.39,0.6622,1,1
197,146,918.25,75.29,18.54,21.75,0.6168,1,1
197,165,922.39,-0.02,15.56,13.03,0.4514,1,1
197,176,629.72,812.88,136.36,132.12,0.9183,1,1
197,181,652.80,96.33,32.38,31.53,0.8261,1,1
197,202,722.12,161.13,32.56,18.49,0.6274,1,1
197,207,1001.48,25.08,45.83,43.54,0.8615,1,1
197,220,644.94,193.95,32.91,21.24,0.8638,1,1
197,227,971.10,44.22,20.17,21.14,0.6563,1,1
197,230,1461.41,0.27,32.21,31.97,0.4279,1,1
197,231,557.38,386.43,33.75,61.50,0.6637,1,1
197,235,250.20,423.08,67.48,32.44,0.8453,1,1
197,238,478.12,208.15,37.55,23.24,0.2882,1,1
197,242,1118.66,103.26,18.70,25.71,0.5481,1,1
197,243,916.88,80.46,20.08,23.34,0.2557,1,1
197,244,150.36,293.25,63.64,64.57,0.8676,1,1
197,245,972.07,835.88,47.09,51.46,0.2504,1,1
198,1,467.98,386.64,74.22,99.21,0.8639,1,1
198,2,1149.90,368.78,105.55,74.86,0.9133,1,1
198,5,469.41,160.07,56.10,44.98,0.8734,1,1
198,9,303.05,251.90,36.36,47.25,0.8158,1,1
198,12,270.42,225.03,69.00,55.51,0.8423,1,1
198,16,647.35,57.85,44.04,36.97,0.5051,1,1
198,18,850.44,658.15,131.74,111.82,0.6148,1,1
198,27,740.55,185.22,79.55,81.71,0.9135,1,1
198,46,905.05,140.37,71.37,78.82,0.5383,1,1
198,117,354.78,361.24,44.72,28.45,0.7736,1,1
198,146,917.69,72.99,21.72,25.06,0.7319,1,1
198,165,922.63,-0.02,15.19,12.43,0.3895,1,1
198,176,630.88,815.91,135.30,128.56,0.9151,1,1
198,181,652.92,96.41,32.78,31.75,0.8276,1,1
198,199,490.98,348.59,33.49,36.74,0.5533,1,1
198,202,722.68,161.88,32.18,18.35,0.6513,1,1
198,207,1001.93,24.97,46.64,44.04,0.8818,1,1
198,220,644.92,194.00,32.96,21.24,0.8634,1,1
198,227,970.74,45.08,19.77,20.59,0.7233,1,1
198,230,1462.13,0.32,31.68,30.87,0.5112,1,1
198,231,568.74,391.65,29.22,51.60,0.2690,1,1
198,235,231.08,427.11,63.38,30.64,0.4786,1,1
198,236,838.29,213.26,21.77,28.76,0.4025,1,1
198,242,1120.47,108.82,18.21,25.56,0.6700,1,1
198,244,146.73,295.79,59.96,61.88,0.8719,1,1
199,1,468.76,383.58,74.36,99.06,0.7128,1,1
199,2,1149.53,367.86,105.64,75.00,0.9158,1,1
199,5,469.63,160.14,55.95,45.28,0.8734,1,1
199,9,304.60,253.52,36.54,46.92,0.8220,1,1
199,12,272.77,224.96,67.68,54.07,0.8343,1,1
199,16,647.51,58.05,44.08,37.09,0.4813,1,1
199,18,850.30,658.52,131.26,110.86,0.6125,1,1
199,27,740.21,185.06,79.02,82.34,0.9121,1,1
199,46,903.95,139.96,70.91,77.49,0.6190,1,1
199,117,353.99,360.09,47.23,29.21,0.7995,1,1
199,146,918.44,69.91,20.38,22.64,0.6666,1,1
199,165,922.36,-0.02,14.84,11.64,0.4335,1,1
199,176,632.21,817.40,135.68,127.41,0.9123,1,1
199,181,653.37,97.16,32.37,31.38,0.8298,1,1
199,202,722.65,162.89,31.72,18.04,0.6681,1,1
199,207,1002.60,24.69,46.44,44.51,0.8533,1,1
199,220,645.16,194.17,32.83,21.12,0.8643,1,1
199,230,1461.88,0.37,32.11,30.95,0.4802,1,1
199,231,572.09,379.92,32.79,57.22,0.4294,1,1
199,236,838.35,216.71,20.49,26.89,0.5643,1,1
199,242,1121.86,113.60,16.98,23.25,0.5927,1,1
199,244,143.10,298.51,58.35,60.28,0.3337,1,1
199,245,970.93,833.32,48.67,53.18,0.2904,1,1
199,246,155.48,361.48,37.03,28.99,0.6468,1,1
200,1,469.29,381.68,74.31,97.61,0.7893,1,1
200,2,1149.39,366.92,105.70,74.94,0.9123,1,1
200,5,469.87,160.15,55.58,45.27,0.8751,1,1
200,9,304.39,254.45,37.64,47.71,0.8095,1,1
200,12,274.36,224.55,68.04,53.66,0.8357,1,1
200,16,647.85,58.32,43.88,36.95,0.4572,1,1
200,18,849.47,658.62,131.76,110.24,0.7035,1,1
200,27,740.67,185.09,78.73,82.57,0.9141,1,1
200,46,902.82,139.28,70.98,77.38,0.4771,1,1
200,117,354.10,360.00,47.45,29.74,0.8430,1,1
200,146,918.92,68.73,20.92,22.26,0.8255,1,1
200,165,921.68,-0.03,15.25,11.66,0.3342,1,1
200,176,632.77,818.12,137.24,127.27,0.9082,1,1
200,181,653.50,97.15,32.35,31.52,0.8324,1,1
200,202,723.06,163.29,31.35,17.78,0.6729,1,1
200,207,1003.55,24.74,46.52,44.81,0.8613,1,1
200,220,645.28,194.27,32.84,21.08,0.8655,1,1
200,227,967.44,46.84,17.98,19.04,0.4393,1,1
200,230,1461.82,0.04,33.32,31.53,0.5670,1,1
200,236,837.59,219.19,20.31,26.04,0.6169,1,1
200,242,1122.49,118.59,16.49,22.19,0.3591,1,1
201,1,469.81,380.28,74.64,97.01,0.7095,1,1
201,2,1149.14,366.15,105.64,74.32,0.9152,1,1
201,5,470.07,160.11,55.21,45.08,0.8772,1,1
201,9,306.83,254.28,36.98,47.42,0.8249,1,1
201,12,276.54,224.48,67.95,53.87,0.8491,1,1
201,16,647.80,58.39,43.93,37.07,0.4019,1,1
201,18,849.00,658.07,133.32,110.73,0.7531,1,1
201,27,740.75,184.96,78.54,82.82,0.9148,1,1
201,46,902.39,138.68,69.70,75.75,0.4812,1,1
201,117,355.42,362.68,44.12,27.80,0.8531,1,1
201,146,918.26,69.00,21.07,21.91,0.8177,1,1
201,165,921.02,-0.01,15.46,11.46,0.4271,1,1
201,176,633.77,818.04,139.82,127.40,0.9034,1,1
201,181,653.52,97.27,32.42,31.61,0.8304,1,1
201,202,722.78,163.29,31.46,17.86,0.6961,1,1
201,207,1004.52,24.42,46.47,44.79,0.8571,1,1
201,220,645.52,194.30,32.71,20.93,0.8657,1,1
201,230,1461.28,-0.00,33.42,31.11,0.5960,1,1
201,236,836.75,220.98,19.82,25.09,0.4914,1,1
201,238,478.66,209.01,36.64,22.60,0.2571,1,1
201,248,569.09,335.92,27.27,42.93,0.4830,1,1
202,1,469.49,380.18,75.33,97.03,0.7148,1,1
202,2,1148.99,366.13,105.92,74.35,0.9150,1,1
202,5,470.09,160.10,55.15,45.04,0.8758,1,1
202,9,307.04,254.34,36.70,47.34,0.8245,1,1
202,12,276.85,224.68,67.57,53.60,0.8476,1,1
202,16,647.81,58.40,43.84,37.04,0.4063,1,1
202,18,848.82,658.04,134.02,110.99,0.7535,1,1
202,27,740.83,184.98,78.37,82.75,0.9146,1,1
202,46,902.23,138.58,69.65,75.47,0.4937,1,1
202,117,355.49,362.73,43.95,27.77,0.8529,1,1
202,146,918.13,69.06,21.28,21.85,0.8173,1,1
202,165,920.71,-0.01,15.82,11.43,0.4305,1,1
202,176,633.34,818.08,140.73,127.29,0.9033,1,1
202,181,653.49,97.19,32.43,31.64,0.8282,1,1
202,202,722.79,163.30,31.43,17.85,0.6925,1,1
202,207,1004.54,24.41,46.46,44.80,0.8574,1,1
202,220,645.50,194.30,32.79,20.93,0.8658,1,1
202,230,1461.04,-0.00,33.74,31.06,0.5960,1,1
202,236,836.54,221.22,19.91,24.93,0.4934,1,1
202,238,478.65,209.08,36.60,22.52,0.2534,1,1
202,248,569.45,333.76,26.79,42.70,0.4810,1,1
203,1,470.09,379.51,74.31,94.98,0.5838,1,1
203,2,1148.81,365.32,105.69,74.51,0.9142,1,1
203,5,470.38,160.20,54.70,44.49,0.8772,1,1
203,9,309.73,253.92,36.37,46.38,0.8141,1,1
203,12,278.63,224.42,67.95,53.55,0.8375,1,1
203,16,647.79,58.46,43.83,37.11,0.4505,1,1
203,18,848.60,657.63,134.29,111.07,0.7856,1,1
203,27,741.00,185.04,78.34,82.84,0.9155,1,1
203,46,901.78,138.20,69.24,74.77,0.3742,1,1
203,117,351.48,364.14,44.95,29.68,0.8362,1,1
203,146,918.73,71.06,20.17,21.03,0.8120,1,1
203,154,471.89,380.88,71.04,93.87,0.3091,1,1
203,165,919.86,-0.01,16.09,11.35,0.3164,1,1
203,176,636.69,820.53,139.47,125.71,0.9045,1,1
203,181,653.60,96.80,32.41,31.69,0.8305,1,1
203,202,722.76,163.29,31.50,17.92,0.7088,1,1
203,207,1006.16,24.36,46.22,44.75,0.8373,1,1
203,220,645.54,194.31,32.74,20.90,0.8664,1,1
203,227,964.79,45.83,17.24,18.41,0.3818,1,1
203,230,1461.12,-0.00,34.11,30.70,0.6333,1,1
203,236,836.39,222.49,19.72,24.35,0.5231,1,1
203,238,478.47,208.68,37.07,22.85,0.2940,1,1
203,248,570.61,326.55,25.36,41.00,0.5595,1,1
203,251,134.16,372.23,38.69,33.95,0.3327,1,1
204,1,470.71,379.31,74.18,94.27,0.4611,1,1
204,2,1148.02,363.98,106.03,75.05,0.9107,1,1
204,5,470.25,160.14,54.82,44.35,0.8757,1,1
204,9,312.28,254.76,35.85,45.01,0.8072,1,1
204,12,279.80,225.47,68.63,53.83,0.8418,1,1
204,16,647.83,58.69,43.64,36.99,0.4195,1,1
204,18,848.45,657.07,134.35,111.13,0.7441,1,1
204,27,741.27,185.26,78.26,82.77,0.9119,1,1
204,46,901.31,137.74,69.28,74.64,0.3075,1,1
204,117,355.51,370.10,42.00,29.24,0.8227,1,1
204,146,919.13,74.96,19.70,20.88,0.6886,1,1
204,154,471.80,380.36,72.42,93.77,0.4088,1,1
204,176,636.87,820.69,140.51,128.71,0.9068,1,1
204,181,653.14,96.55,32.81,32.12,0.8277,1,1
204,202,722.51,163.09,31.65,17.93,0.6717,1,1
204,207,1007.92,24.37,46.79,44.32,0.8839,1,1
204,220,644.42,194.35,32.93,20.97,0.8708,1,1
204,227,964.53,44.94,16.78,17.83,0.5369,1,1
204,230,1460.44,-0.00,34.80,30.69,0.6083,1,1
204,238,479.00,208.64,36.72,22.67,0.2643,1,1
204,248,571.27,319.27,24.64,39.45,0.6833,1,1
205,1,472.00,377.82,74.67,94.89,0.3688,1,1
205,2,1147.47,363.64,105.85,74.60,0.9085,1,1
205,5,470.04,159.76,54.79,44.14,0.8700,1,1
205,9,312.23,255.05,36.18,43.88,0.8295,1,1
205,12,281.61,224.70,69.01,53.55,0.8434,1,1
205,16,647.81,58.70,43.70,37.07,0.3486,1,1
205,18,848.73,657.01,133.85,110.76,0.7116,1,1
205,27,742.07,184.40,78.94,83.57,0.9127,1,1
205,117,358.61,377.24,43.16,31.79,0.8384,1,1
205,146,918.00,78.46,18.22,19.20,0.6392,1,1
205,154,472.78,379.09,73.32,94.42,0.4215,1,1
205,176,639.22,821.13,138.64,127.44,0.9073,1,1
205,181,652.32,96.83,33.48,32.92,0.8303,1,1
205,202,721.58,163.28,32.18,18.30,0.6750,1,1
205,207,1007.93,24.55,47.58,43.77,0.8905,1,1
205,220,644.55,194.37,32.86,20.93,0.8706,1,1
205,227,964.30,43.90,16.70,17.88,0.4759,1,1
205,230,1459.25,0.00,35.46,30.77,0.6340,1,1
205,236,836.31,223.27,20.06,24.62,0.2650,1,1
205,248,572.53,311.47,23.26,35.53,0.7577,1,1
205,253,970.58,843.55,45.36,53.20,0.4144,1,1
206,1,473.44,376.86,74.19,94.19,0.3071,1,1
206,2,1146.78,363.11,105.25,74.24,0.9146,1,1
206,5,469.81,158.41,55.34,44.95,0.8679,1,1
206,9,312.17,255.91,37.67,43.47,0.8182,1,1
206,12,282.91,224.59,69.82,53.97,0.8579,1,1
206,16,647.77,58.65,43.86,37.24,0.4284,1,1
206,18,852.91,656.45,135.93,111.88,0.6730,1,1
206,27,742.29,184.29,79.09,83.50,0.9121,1,1
206,117,364.76,384.46,37.47,30.25,0.8302,1,1
206,146,914.90,80.74,20.22,21.31,0.5670,1,1
206,154,473.91,378.25,73.20,92.66,0.5879,1,1
206,171,858.24,0.80,63.04,39.67,0.2611,1,1
206,176,639.73,821.58,138.84,126.35,0.9070,1,1
206,181,652.67,96.69,33.15,32.82,0.8319,1,1
206,202,721.04,163.44,32.47,18.60,0.6744,1,1
206,207,1007.80,24.68,48.43,43.48,0.8894,1,1
206,220,644.50,194.41,32.81,20.84,0.8725,1,1
206,227,963.07,42.45,17.02,18.52,0.5490,1,1
206,230,1458.36,0.00,36.03,30.89,0.6350,1,1
206,236,836.28,222.37,20.86,25.46,0.4154,1,1
206,248,571.93,308.68,24.01,36.15,0.7921,1,1
207,1,473.66,375.63,74.31,94.27,0.2521,1,1
207,2,1146.56,362.58,104.25,73.99,0.9189,1,1
207,5,470.00,157.92,54.93,44.62,0.8673,1,1
207,9,313.59,255.10,39.53,44.08,0.8196,1,1
207,12,283.21,225.66,70.65,54.06,0.8408,1,1
207,16,647.83,58.62,43.78,37.20,0.4422,1,1
207,18,853.62,656.27,135.65,110.69,0.7262,1,1
207,27,743.12,184.05,78.34,83.78,0.9132,1,1
207,117,368.37,390.76,37.98,34.30,0.8453,1,1
207,146,911.10,80.31,23.24,24.38,0.4549,1,1
207,154,473.37,376.38,74.35,93.19,0.6555,1,1
207,176,639.47,822.18,140.20,126.33,0.9070,1,1
207,181,652.68,96.54,33.03,32.81,0.8358,1,1
207,202,720.93,163.32,32.54,18.80,0.7076,1,1
207,207,1008.24,24.32,48.97,43.41,0.8832,1,1
207,220,644.01,195.14,33.39,20.71,0.8639,1,1
207,227,962.94,40.27,16.55,18.09,0.7400,1,1
207,230,1457.72,0.00,36.35,30.79,0.5945,1,1
207,248,572.00,308.18,24.42,36.51,0.7319,1,1
207,258,920.49,0.41,19.38,11.82,0.4536,1,1
208,1,473.62,375.30,74.43,94.36,0.2549,1,1
208,2,1146.66,362.58,104.07,74.01,0.9193,1,1
208,5,470.04,158.07,54.84,44.46,0.8664,1,1
208,9,313.27,255.08,40.31,44.09,0.8198,1,1
208,12,283.07,225.82,70.96,53.94,0.8405,1,1
208,16,647.81,58.59,43.77,37.22,0.4487,1,1
208,18,853.43,656.28,136.18,110.41,0.7328,1,1
208,27,743.29,184.04,78.02,83.79,0.9133,1,1
208,117,369.54,390.90,35.82,34.40,0.8452,1,1
208,146,910.26,80.19,23.97,25.03,0.4565,1,1
208,154,473.13,376.20,74.82,93.27,0.6598,1,1
208,176,639.18,822.19,140.86,126.37,0.9067,1,1
208,181,652.65,96.51,32.98,32.82,0.8366,1,1
208,202,721.02,163.32,32.35,18.77,0.7027,1,1
208,207,1008.11,24.32,49.24,43.42,0.8833,1,1
208,220,643.82,195.16,33.75,20.70,0.8643,1,1
208,227,962.95,40.15,16.50,18.07,0.7398,1,1
208,230,1457.48,-0.00,36.70,30.78,0.5922,1,1
208,248,571.92,308.20,24.56,36.54,0.7313,1,1
208,258,920.17,0.30,19.64,11.92,0.4539,1,1
209,1,473.37,375.05,74.85,93.93,0.7545,1,1
209,2,1145.38,361.95,103.74,73.35,0.9162,1,1
209,5,470.32,157.01,54.78,44.36,0.8658,1,1
209,9,314.14,254.92,41.44,45.20,0.8050,1,1
209,12,285.41,227.58,70.08,52.69,0.8336,1,1
209,16,647.80,58.57,43.76,37.24,0.4458,1,1
209,18,848.78,656.10,134.77,109.24,0.7346,1,1
209,27,742.95,184.54,77.78,83.53,0.9135,1,1
209,117,374.44,396.03,38.65,42.17,0.8210,1,1
209,176,639.12,822.77,141.61,126.69,0.9057,1,1
209,181,652.49,96.59,32.98,32.91,0.8319,1,1
209,202,721.10,163.31,32.17,18.68,0.7074,1,1
209,207,1009.11,24.06,49.48,44.11,0.8731,1,1
209,220,643.73,195.16,33.96,20.72,0.8646,1,1
209,227,962.80,37.96,17.37,19.22,0.7376,1,1
209,230,1457.92,0.00,36.18,30.02,0.4767,1,1
209,236,836.36,221.05,20.55,24.98,0.4555,1,1
209,248,572.29,309.40,24.77,36.84,0.6145,1,1
209,258,919.33,0.36,22.48,13.84,0.5649,1,1
209,260,103.90,387.75,39.27,36.23,0.7361,1,1
209,261,49.98,646.36,25.49,42.99,0.4824,1,1
210,1,473.35,373.51,75.58,94.34,0.7734,1,1
210,2,1142.46,360.17,103.87,74.63,0.9092,1,1
210,5,470.81,157.00,54.15,43.61,0.8578,1,1
210,9,316.58,254.44,41.96,45.16,0.7946,1,1
210,12,285.69,225.57,72.68,54.81,0.8420,1,1
210,16,648.04,58.57,43.52,36.97,0.4223,1,1
210,18,848.01,656.12,135.12,109.20,0.7837,1,1
210,27,744.01,183.84,77.81,84.37,0.9126,1,1
210,117,376.90,404.11,35.71,45.01,0.8120,1,1
210,176,639.19,823.13,141.82,126.93,0.9049,1,1
210,181,652.64,96.46,33.05,32.80,0.8336,1,1
210,202,721.07,163.36,32.23,18.71,0.7124,1,1
210,207,1011.07,24.17,48.92,43.77,0.8740,1,1
210,220,643.67,195.16,34.11,20.76,0.8659,1,1
210,227,961.67,34.97,16.74,18.85,0.6866,1,1
210,230,1459.05,0.17,36.76,30.58,0.4915,1,1
210,236,836.55,220.82,20.31,24.59,0.5039,1,1
210,248,574.47,314.94,26.71,40.10,0.5001,1,1
210,258,921.73,0.74,21.90,13.71,0.6335,1,1
210,260,99.92,391.62,39.62,36.65,0.6685,1,1
211,1,474.19,375.39,74.53,92.24,0.7503,1,1
211,2,1141.09,358.93,103.58,75.96,0.9045,1,1
211,5,471.27,156.90,53.50,42.53,0.8535,1,1
211,9,320.31,254.87,41.54,45.06,0.7568,1,1
211,12,287.51,226.22,72.56,53.20,0.8321,1,1
211,16,647.93,58.39,43.62,36.97,0.4678,1,1
211,18,848.04,656.44,134.36,108.57,0.7743,1,1
211,27,744.89,183.85,77.47,84.17,0.9138,1,1
211,117,384.83,412.87,33.84,42.16,0.8131,1,1
211,176,640.12,823.81,140.74,125.81,0.9049,1,1
211,181,652.76,96.31,32.81,32.51,0.8308,1,1
211,202,720.88,163.48,32.08,18.64,0.7228,1,1
211,207,1012.05,24.18,49.26,44.02,0.8589,1,1
211,220,643.64,195.25,34.04,20.62,0.8670,1,1
211,230,1459.47,0.14,36.97,30.86,0.5774,1,1
211,236,836.49,220.47,20.35,24.83,0.6062,1,1
211,238,478.90,202.03,40.03,25.29,0.2883,1,1
211,248,577.25,320.70,25.91,38.94,0.7409,1,1
211,258,923.29,0.58,21.08,13.39,0.6920,1,1
211,260,93.89,395.67,42.47,39.63,0.6998,1,1
211,264,205.34,514.50,16.89,29.77,0.6368,1,1
212,1,474.51,375.61,74.42,91.74,0.6013,1,1
212,2,1139.81,358.46,102.85,76.00,0.9067,1,1
212,5,471.78,156.68,53.54,42.03,0.8400,1,1
212,9,321.47,256.05,41.31,44.26,0.7484,1,1
212,12,288.59,226.03,74.15,52.97,0.8410,1,1
212,16,647.58,58.19,44.12,37.28,0.5645,1,1
212,18,848.10,656.65,134.17,108.37,0.7689,1,1
212,27,744.60,182.93,77.13,83.73,0.9129,1,1
212,117,392.83,422.62,33.43,39.13,0.8396,1,1
212,176,639.83,823.87,142.40,127.00,0.9037,1,1
212,181,653.06,96.13,32.89,32.65,0.8315,1,1
212,202,721.00,163.38,32.13,18.71,0.7423,1,1
212,207,1012.30,24.22,49.75,43.80,0.8802,1,1
212,220,643.70,195.23,34.11,20.62,0.8670,1,1
212,230,1459.24,0.02,37.34,31.15,0.5492,1,1
212,236,836.49,220.48,20.15,24.66,0.5907,1,1
212,238,479.71,201.31,39.71,25.61,0.2795,1,1
212,248,581.06,329.85,25.83,37.79,0.7926,1,1
212,258,924.30,0.74,20.46,13.18,0.7346,1,1
212,260,90.03,398.24,42.59,40.25,0.6185,1,1
212,264,202.39,524.17,20.08,33.07,0.8150,1,1
213,1,474.64,374.75,74.11,91.20,0.3608,1,1
213,2,1137.52,356.90,104.67,77.23,0.9027,1,1
213,5,472.74,155.53,54.04,42.48,0.8552,1,1
213,9,322.68,256.81,41.43,43.27,0.7924,1,1
213,12,289.81,226.74,74.71,53.48,0.8522,1,1
213,16,647.55,57.92,44.33,37.32,0.5886,1,1
213,18,847.88,656.58,134.29,108.22,0.7514,1,1
213,27,744.65,182.95,77.25,83.70,0.9137,1,1
213,117,392.14,429.34,36.53,44.02,0.7390,1,1
213,154,473.30,371.17,76.19,95.06,0.2797,1,1
213,176,639.27,824.07,143.46,127.91,0.9037,1,1
213,181,652.99,95.97,33.04,32.68,0.8310,1,1
213,202,720.64,163.40,32.23,18.96,0.7472,1,1
213,207,1013.43,24.34,49.80,43.87,0.8753,1,1
213,220,643.64,195.28,34.22,20.64,0.8672,1,1
213,230,1459.53,0.00,36.90,30.87,0.5546,1,1
213,236,835.85,220.65,19.82,24.53,0.6255,1,1
213,248,583.27,333.08,28.71,42.01,0.4613,1,1
213,258,924.55,0.67,20.45,13.34,0.7648,1,1
213,260,86.06,401.49,41.71,40.06,0.7590,1,1
213,264,203.70,533.70,21.99,39.14,0.8350,1,1
213,266,334.32,254.43,30.44,44.80,0.4767,1,1
214,1,474.55,374.57,74.22,91.14,0.3552,1,1
214,2,1137.46,356.85,104.77,77.28,0.9026,1,1
214,5,472.78,155.47,54.17,42.56,0.8581,1,1
214,9,322.35,256.79,42.06,43.29,0.7909,1,1
214,12,289.91,226.80,74.58,53.44,0.8523,1,1
214,16,647.50,57.88,44.44,37.30,0.5921,1,1
214,18,847.76,656.58,134.58,108.33,0.7576,1,1
214,27,744.62,182.95,77.30,83.70,0.9137,1,1
214,117,392.52,429.76,35.84,44.31,0.7363,1,1
214,154,473.26,371.01,76.26,95.23,0.2947,1,1
214,176,639.13,824.07,143.52,127.89,0.9030,1,1
214,181,652.93,95.75,33.20,32.85,0.8303,1,1
214,202,720.74,163.39,32.04,18.96,0.7492,1,1
214,207,1013.45,24.34,49.80,43.87,0.8751,1,1
214,220,643.71,195.30,34.23,20.63,0.8671,1,1
214,230,1459.59,-0.00,36.77,30.83,0.5512,1,1
214,236,835.85,220.65,19.65,24.53,0.6282,1,1
214,248,583.71,333.81,29.32,42.91,0.4561,1,1
214,258,924.63,0.66,20.32,13.34,0.7647,1,1
214,260,86.06,401.64,41.32,40.05,0.7581,1,1
214,264,204.14,533.91,21.23,39.29,0.8347,1,1
214,266,334.29,254.44,30.72,44.87,0.4731,1,1
215,1,476.04,373.78,73.04,89.15,0.3083,1,1
215,2,1135.26,355.23,105.75,78.06,0.9153,1,1
215,5,472.94,155.55,54.18,42.71,0.8579,1,1
215,9,324.58,259.45,40.83,40.94,0.7828,1,1
215,12,291.72,226.97,74.85,53.73,0.8520,1,1
215,16,647.58,57.82,44.33,37.07,0.5908,1,1
215,18,848.27,656.55,134.33,107.97,0.7546,1,1
215,27,745.30,182.60,77.21,84.17,0.9146,1,1
215,117,395.43,431.73,36.22,45.89,0.7869,1,1
215,154,474.42,370.73,75.10,93.01,0.4806,1,1
215,176,638.92,824.27,143.27,127.77,0.9027,1,1
215,181,652.93,95.50,33.17,32.81,0.8279,1,1
215,202,720.28,163.04,32.35,19.39,0.7571,1,1
215,207,1013.75,24.29,50.18,43.97,0.8749,1,1
215,220,643.69,195.30,34.25,20.66,0.8677,1,1
215,230,1459.73,0.00,36.82,30.86,0.5153,1,1
215,236,835.46,220.97,19.64,24.71,0.5701,1,1
215,238,480.45,200.76,39.30,25.73,0.2900,1,1
215,258,924.45,0.61,20.53,13.94,0.7672,1,1
215,260,82.14,401.36,42.20,41.43,0.7353,1,1
215,264,203.48,537.09,24.27,45.76,0.6638,1,1
215,269,584.76,348.03,40.85,71.47,0.2750,1,1
216,1,475.33,371.08,74.54,89.99,0.5838,1,1
216,2,1133.50,354.05,105.11,78.27,0.9204,1,1
216,5,473.10,155.51,54.13,42.91,0.8525,1,1
216,9,327.14,259.52,41.48,41.98,0.8012,1,1
216,12,293.41,227.59,74.76,53.61,0.8468,1,1
216,16,647.40,57.56,44.61,37.19,0.5937,1,1
216,18,848.50,656.59,134.73,108.59,0.8138,1,1
216,27,745.76,182.63,76.90,83.95,0.9141,1,1
216,117,398.46,434.42,35.19,44.41,0.7889,1,1
216,154,474.23,369.01,75.60,93.20,0.4176,1,1
216,176,638.76,824.66,142.98,127.34,0.9015,1,1
216,181,652.84,95.44,33.26,32.86,0.8279,1,1
216,202,720.10,163.28,32.24,19.58,0.7315,1,1
216,207,1014.74,24.37,50.10,44.23,0.8676,1,1
216,220,643.68,195.32,34.33,20.72,0.8679,1,1
216,230,1460.15,0.01,36.73,30.97,0.5681,1,1
216,236,834.89,220.77,19.84,25.41,0.7226,1,1
216,258,924.63,0.54,20.42,14.48,0.7871,1,1
216,260,81.36,409.02,40.51,40.06,0.6136,1,1
216,264,203.93,541.24,26.88,51.59,0.8173,1,1
217,1,475.42,370.35,75.15,88.81,0.7007,1,1
217,2,1131.85,353.21,104.20,78.38,0.9143,1,1
217,5,473.17,155.41,54.05,43.01,0.8499,1,1
217,9,326.71,259.05,43.79,43.36,0.8244,1,1
217,12,293.74,226.32,76.70,56.69,0.8674,1,1
217,16,647.30,57.38,44.64,37.06,0.5893,1,1
217,18,849.04,656.64,134.18,108.25,0.8281,1,1
217,27,746.71,182.26,76.66,84.29,0.9163,1,1
217,117,399.60,434.57,34.76,44.21,0.7594,1,1
217,154,474.70,368.88,75.20,92.22,0.2587,1,1
217,176,637.66,824.89,143.20,127.80,0.9003,1,1
217,181,652.72,94.56,33.70,33.30,0.8284,1,1
217,202,720.18,163.28,31.92,19.60,0.7322,1,1
217,207,1015.13,24.49,49.84,44.26,0.8626,1,1
217,220,643.59,195.30,34.40,20.74,0.8667,1,1
217,230,1461.66,0.42,35.20,29.74,0.5151,1,1
217,236,835.01,220.76,19.49,25.50,0.7524,1,1
217,238,480.51,200.85,38.88,25.70,0.2511,1,1
217,248,594.28,348.35,27.33,40.57,0.2605,1,1
217,258,924.86,0.47,20.23,14.98,0.7847,1,1
217,260,78.62,411.57,40.48,40.63,0.5685,1,1
217,264,203.19,541.54,27.11,52.57,0.8041,1,1
217,272,61.35,556.22,27.59,40.54,0.8483,1,1
218,1,475.39,371.81,76.43,88.29,0.7696,1,1
218,2,1130.35,352.67,102.82,78.03,0.9058,1,1
218,5,473.39,155.45,53.84,43.01,0.8518,1,1
218,9,331.37,259.54,42.69,42.39,0.7784,1,1
218,12,294.83,226.19,76.32,57.48,0.8771,1,1
218,16,647.30,57.20,44.89,37.20,0.5773,1,1
218,18,849.58,656.54,133.55,108.08,0.8383,1,1
218,27,747.05,182.26,76.32,84.51,0.9167,1,1
218,117,401.74,434.12,33.34,41.35,0.8494,1,1
218,154,474.90,370.29,75.74,91.67,0.4075,1,1
218,176,636.73,825.19,143.03,127.74,0.8987,1,1
218,181,652.56,94.85,33.55,32.73,0.8254,1,1
218,202,720.42,163.40,31.70,19.66,0.7501,1,1
218,207,1015.49,24.71,49.64,44.12,0.8679,1,1
218,220,643.64,195.32,34.39,20.73,0.8669,1,1
218,230,1460.38,0.08,36.67,31.25,0.4913,1,1
218,236,834.63,220.61,18.92,24.76,0.7877,1,1
218,238,480.74,201.09,38.59,25.75,0.2544,1,1
218,258,925.86,0.46,19.43,14.82,0.7973,1,1
218,260,75.26,412.96,39.16,39.76,0.6277,1,1
218,264,202.44,541.76,25.88,49.44,0.8036,1,1
218,272,59.87,563.69,28.10,40.37,0.8501,1,1
219,1,477.15,376.00,75.46,84.79,0.7830,1,1
219,2,1128.42,351.05,103.14,78.47,0.9052,1,1
219,5,473.67,155.50,53.63,43.02,0.8410,1,1
219,9,332.83,259.04,43.45,43.56,0.6987,1,1
219,12,296.72,226.24,76.02,58.58,0.8725,1,1
219,16,647.21,56.99,44.95,37.19,0.6138,1,1
219,18,849.73,656.38,133.07,107.58,0.7783,1,1
219,27,747.63,182.22,75.89,84.20,0.9152,1,1
219,117,404.02,434.23,33.08,40.21,0.8454,1,1
219,154,476.67,373.13,74.38,88.98,0.4036,1,1
219,176,636.04,825.54,143.25,127.90,0.8973,1,1
219,181,652.29,94.92,33.45,32.36,0.8254,1,1
219,202,720.53,163.45,31.51,19.70,0.7494,1,1
219,207,1015.67,24.65,49.91,44.19,0.8799,1,1
219,220,643.76,195.35,34.23,20.65,0.8673,1,1
219,230,1460.46,0.58,35.56,30.57,0.4073,1,1
219,236,834.25,221.77,17.74,23.28,0.5369,1,1
219,258,926.07,0.41,19.11,14.73,0.7904,1,1
219,260,72.26,414.24,39.44,40.05,0.6210,1,1
219,264,200.33,539.39,25.38,46.71,0.7778,1,1
219,272,59.22,570.19,27.10,39.37,0.8449,1,1
219,275,970.57,858.97,52.64,41.25,0.6321,1,1
220,1,476.76,376.22,76.38,84.57,0.7837,1,1
220,2,1128.47,351.19,103.01,78.35,0.9053,1,1
220,5,473.73,155.52,53.51,43.03,0.8409,1,1
220,9,333.08,259.05,43.15,43.61,0.6964,1,1
220,12,297.17,226.36,75.16,58.46,0.8718,1,1
220,16,647.19,56.97,45.00,37.18,0.6162,1,1
220,18,849.70,656.37,133.13,107.57,0.7884,1,1
220,27,747.66,182.20,75.84,84.19,0.9150,1,1
220,117,403.91,434.21,33.40,40.19,0.8466,1,1
220,154,476.83,373.75,74.57,88.39,0.3916,1,1
220,176,635.79,825.52,143.31,127.85,0.8974,1,1
220,181,652.26,94.92,33.55,32.29,0.8257,1,1
220,202,720.64,163.46,31.30,19.67,0.7483,1,1
220,207,1015.64,24.65,49.99,44.19,0.8798,1,1
220,220,643.81,195.37,34.20,20.64,0.8674,1,1
220,230,1460.58,0.69,35.10,30.41,0.4048,1,1
220,236,834.23,221.97,17.48,23.00,0.5415,1,1
220,238,480.85,200.90,38.45,25.90,0.2626,1,1
220,258,926.14,0.40,18.97,14.72,0.7904,1,1
220,260,71.96,414.34,39.47,40.09,0.6222,1,1
220,264,199.93,539.23,25.95,46.60,0.7780,1,1
220,272,59.29,570.25,26.94,39.39,0.8456,1,1
220,275,970.13,859.03,52.95,41.28,0.6339,1,1
221,1,475.95,376.55,77.64,84.59,0.7413,1,1
221,2,1126.96,349.31,103.65,79.38,0.8996,1,1
221,5,473.92,155.75,54.05,43.47,0.8501,1,1
221,9,335.48,258.25,42.53,43.27,0.6155,1,1
221,12,298.16,226.68,74.84,58.35,0.8738,1,1
221,16,646.85,56.56,45.25,37.37,0.6009,1,1
221,18,849.79,656.22,133.03,107.47,0.7907,1,1
221,27,748.27,182.05,75.42,84.05,0.9127,1,1
221,117,405.36,433.77,33.80,38.46,0.8512,1,1
221,154,476.48,373.94,75.25,88.47,0.2738,1,1
221,176,635.21,825.49,144.13,128.51,0.8966,1,1
221,181,652.05,94.32,34.12,32.91,0.8308,1,1
221,202,720.61,163.33,30.93,19.45,0.7522,1,1
221,207,1016.05,24.70,49.73,44.01,0.8790,1,1
221,220,643.80,195.40,34.20,20.62,0.8673,1,1
221,230,1460.41,0.07,35.73,31.46,0.6119,1,1
221,236,833.65,222.43,17.78,23.41,0.3263,1,1
221,238,481.94,201.41,37.36,25.36,0.3235,1,1
221,258,926.84,0.28,18.65,14.69,0.7857,1,1
221,260,70.67,415.65,38.83,39.31,0.6408,1,1
221,264,197.17,533.33,24.53,39.79,0.7568,1,1
221,272,59.75,576.73,26.42,40.14,0.8406,1,1
221,275,968.06,857.21,53.40,42.11,0.4926,1,1
222,1,476.96,377.24,77.68,84.15,0.7187,1,1
222,2,1126.39,348.62,103.47,79.30,0.8983,1,1
222,5,474.34,156.18,54.41,43.61,0.8616,1,1
222,9,336.59,259.92,41.80,42.58,0.5219,1,1
222,12,298.89,226.24,75.25,58.44,0.8755,1,1
222,16,646.06,55.96,45.16,37.19,0.6704,1,1
222,18,852.55,655.92,135.93,108.96,0.7525,1,1
222,27,748.41,181.98,75.66,84.03,0.9129,1,1
222,117,404.63,429.71,31.17,34.39,0.7998,1,1
222,154,477.36,374.53,75.01,87.62,0.2667,1,1
222,176,635.09,825.88,144.75,128.88,0.8944,1,1
222,181,651.70,93.62,34.40,33.49,0.8317,1,1
222,202,720.60,163.30,30.94,19.47,0.7592,1,1
222,207,1016.30,24.76,49.50,43.92,0.8779,1,1
222,220,643.79,195.41,34.18,20.62,0.8673,1,1
222,230,1460.41,0.82,34.68,30.73,0.3874,1,1
222,236,831.32,223.41,18.80,24.76,0.3178,1,1
222,238,483.00,201.67,36.43,24.88,0.3617,1,1
222,258,927.19,0.68,17.99,14.21,0.7653,1,1
222,260,69.62,417.31,38.32,38.10,0.7258,1,1
222,264,197.64,532.86,20.30,30.89,0.4657,1,1
222,272,58.63,584.80,27.57,45.23,0.8292,1,1
223,1,477.02,376.94,78.11,84.23,0.7638,1,1
223,2,1126.25,348.28,103.29,78.97,0.8997,1,1
223,5,474.42,156.25,54.48,43.63,0.8626,1,1
223,9,336.80,260.23,41.35,42.25,0.5495,1,1
223,12,299.68,225.87,75.87,58.92,0.8596,1,1
223,16,645.75,55.77,44.90,36.86,0.6371,1,1
223,18,852.84,655.95,136.94,109.21,0.7217,1,1
223,27,748.65,181.83,75.55,83.83,0.9133,1,1
223,117,402.56,423.99,30.34,35.83,0.8547,1,1
223,154,477.53,374.57,75.39,87.13,0.4596,1,1
223,176,634.90,826.67,145.05,128.24,0.8918,1,1
223,181,651.81,93.83,34.10,33.12,0.8289,1,1
223,202,720.73,163.31,30.67,19.22,0.7416,1,1
223,207,1016.25,24.75,49.46,44.10,0.8775,1,1
223,220,644.02,195.44,34.04,20.56,0.8699,1,1
223,230,1460.75,1.13,33.68,29.87,0.4034,1,1
223,236,830.21,223.67,21.07,27.94,0.4602,1,1
223,238,483.46,202.14,35.85,24.59,0.4234,1,1
223,258,927.34,0.87,17.65,13.94,0.7508,1,1
223,260,68.44,419.95,37.94,36.39,0.7509,1,1
223,272,59.24,592.68,24.82,42.19,0.7567,1,1
224,1,477.59,376.68,78.47,85.01,0.7367,1,1
224,2,1126.52,348.87,102.61,78.16,0.8986,1,1
224,5,474.63,156.32,54.39,43.51,0.8640,1,1
224,9,336.20,259.56,41.79,42.83,0.5364,1,1
224,12,300.88,225.41,75.49,57.46,0.8612,1,1
224,16,645.70,55.82,44.36,36.21,0.6488,1,1
224,18,852.67,655.91,138.10,109.49,0.7026,1,1
224,27,748.72,181.81,75.51,83.43,0.9129,1,1
224,117,402.85,417.82,29.29,34.24,0.8627,1,1
224,154,478.06,374.46,76.15,87.26,0.6687,1,1
224,176,634.72,827.68,145.35,127.51,0.8894,1,1
224,181,651.52,93.30,34.35,33.46,0.8291,1,1
224,202,720.66,163.26,30.94,19.38,0.7547,1,1
224,207,1016.07,24.69,49.42,44.25,0.8762,1,1
224,220,643.96,195.50,34.02,20.49,0.8698,1,1
224,230,1460.99,1.30,33.34,29.64,0.4728,1,1
224,236,830.58,226.26,22.14,29.21,0.6180,1,1
224,238,483.57,202.40,35.56,24.40,0.3964,1,1
224,258,927.71,0.69,17.42,13.67,0.7447,1,1
224,260,68.14,421.68,37.53,35.59,0.5828,1,1
224,272,57.43,593.50,27.36,49.17,0.7175,1,1
225,1,478.30,377.05,77.83,84.54,0.5128,1,1
225,2,1126.74,348.87,102.79,78.23,0.8967,1,1
225,5,474.56,156.29,54.51,43.67,0.8661,1,1
225,9,335.33,259.18,42.12,43.23,0.5606,1,1
225,12,300.34,224.93,76.51,57.64,0.8571,1,1
225,16,645.86,56.30,44.59,36.21,0.6394,1,1
225,18,853.16,656.23,137.91,108.72,0.6969,1,1
225,27,748.66,181.51,75.74,83.46,0.9129,1,1
225,117,401.73,409.39,26.27,31.44,0.8478,1,1
225,154,478.63,374.07,76.11,87.74,0.7318,1,1
225,176,634.00,827.78,145.86,127.50,0.8894,1,1
225,181,651.42,93.46,34.00,33.14,0.8298,1,1
225,202,720.58,163.13,31.03,19.40,0.7539,1,1
225,207,1016.14,24.61,49.54,44.23,0.8738,1,1
225,220,643.83,195.56,34.13,20.44,0.8685,1,1
225,230,1460.96,1.20,33.23,29.53,0.4586,1,1
225,238,483.74,202.42,35.53,24.41,0.3973,1,1
225,248,597.64,351.94,29.89,46.39,0.3505,1,1
225,258,927.65,0.84,17.25,13.37,0.7214,1,1
225,260,68.13,422.80,37.21,34.39,0.6613,1,1
225,272,57.19,596.04,27.45,53.94,0.8262,1,1
226,1,478.47,377.12,77.61,84.54,0.5099,1,1
226,2,1126.72,348.85,102.87,78.29,0.8962,1,1
226,5,474.56,156.28,54.49,43.70,0.8663,1,1
226,9,335.21,259.11,42.13,43.31,0.5599,1,1
226,12,300.17,224.92,76.88,57.62,0.8569,1,1
226,16,645.78,56.35,44.81,36.26,0.6425,1,1
226,18,852.77,656.26,138.53,108.83,0.7033,1,1
226,27,748.63,181.51,75.81,83.48,0.9129,1,1
226,117,401.84,409.18,25.91,31.42,0.8473,1,1
226,154,478.77,374.05,75.94,87.81,0.7397,1,1
226,176,633.87,827.78,146.11,127.55,0.8896,1,1
226,181,651.41,93.39,34.03,33.22,0.8303,1,1
226,202,720.56,163.12,31.08,19.40,0.7515,1,1
226,207,1015.98,24.64,49.51,44.21,0.8737,1,1
226,220,643.79,195.56,34.23,20.44,0.8686,1,1
226,230,1460.94,1.18,33.24,29.51,0.4594,1,1
226,238,483.86,202.40,35.46,24.39,0.4121,1,1
226,248,598.08,351.83,29.24,46.82,0.3437,1,1
226,258,927.58,0.85,17.39,13.36,0.7220,1,1
226,260,67.92,422.96,37.70,34.23,0.6454,1,1
226,272,57.63,596.02,26.38,54.12,0.8304,1,1
226,281,56.67,552.79,21.30,41.85,0.6203,1,1
226,282,1.90,612.06,23.90,39.08,0.7739,1,1
227,2,1127.07,348.68,103.13,78.75,0.8983,1,1
227,5,474.49,156.29,54.55,43.75,0.8690,1,1
227,9,334.64,258.13,42.06,43.05,0.6031,1,1
227,12,300.16,224.16,77.46,58.55,0.8622,1,1
227,16,645.08,56.05,45.37,36.59,0.6398,1,1
227,18,853.39,656.03,138.76,108.79,0.6831,1,1
227,27,748.42,181.49,75.88,83.25,0.9118,1,1
227,46,902.75,135.43,71.89,76.05,0.3180,1,1
227,117,401.55,400.95,25.05,30.17,0.7116,1,1
227,154,480.01,371.73,74.61,89.14,0.8499,1,1
227,176,633.43,828.44,146.33,127.33,0.8903,1,1
227,181,650.79,92.36,35.07,34.71,0.8334,1,1
227,202,720.64,162.98,31.10,19.32,0.7522,1,1
227,207,1015.73,24.75,49.80,44.16,0.8782,1,1
227,220,643.76,195.56,34.24,20.43,0.8683,1,1
227,230,1460.97,1.37,33.18,29.52,0.3907,1,1
227,236,837.11,232.15,20.40,26.77,0.7885,1,1
227,238,483.85,202.33,35.61,24.54,0.4077,1,1
227,245,957.02,837.71,40.34,44.43,0.3859,1,1
227,248,597.63,351.05,31.12,52.06,0.4017,1,1
227,258,927.67,0.76,17.44,13.44,0.6671,1,1
227,260,67.45,422.83,38.20,34.51,0.4603,1,1
227,272,56.78,596.16,27.14,57.37,0.7974,1,1
227,281,56.59,553.43,21.68,43.09,0.5752,1,1
227,282,4.07,612.75,25.22,39.59,0.5255,1,1
228,2,1127.99,348.52,103.46,79.38,0.8973,1,1
228,5,474.51,156.31,54.44,43.45,0.8649,1,1
228,9,333.47,255.33,43.15,44.49,0.6456,1,1
228,12,300.81,225.18,76.17,58.06,0.8667,1,1
228,16,644.46,55.91,45.69,36.72,0.6588,1,1
228,18,852.77,655.78,139.70,109.45,0.6577,1,1
228,27,747.78,181.36,76.19,81.97,0.9109,1,1
228,46,902.48,135.28,72.78,74.77,0.6540,1,1
228,117,403.16,391.14,23.73,26.91,0.8561,1,1
228,154,478.93,368.55,76.73,92.99,0.6879,1,1
228,176,633.39,829.17,146.25,126.52,0.8907,1,1
228,181,650.68,92.35,34.79,34.62,0.8386,1,1
228,202,721.08,162.99,30.54,18.77,0.7157,1,1
228,207,1015.68,24.55,49.83,44.43,0.8768,1,1
228,220,643.89,195.66,34.18,20.34,0.8655,1,1
228,230,1460.86,1.69,33.42,29.84,0.2691,1,1
228,238,483.36,202.11,36.11,24.92,0.4106,1,1
228,245,958.36,837.84,39.94,43.62,0.6087,1,1
228,248,597.88,350.48,29.41,49.49,0.3487,1,1
228,258,927.86,1.04,16.97,13.05,0.5687,1,1
228,260,67.39,423.09,37.93,33.99,0.4146,1,1
228,272,56.20,598.13,27.06,58.67,0.7606,1,1
229,2,1128.90,349.09,102.49,78.88,0.8974,1,1
229,5,474.35,155.87,54.10,43.29,0.8583,1,1
229,9,335.05,255.06,41.31,42.76,0.7350,1,1
229,12,300.97,224.67,75.34,57.94,0.8694,1,1
229,16,644.08,55.74,45.61,36.56,0.6469,1,1
229,18,852.72,656.00,140.23,109.65,0.5881,1,1
229,27,747.39,181.53,76.23,80.25,0.9111,1,1
229,46,902.42,135.54,73.10,74.69,0.5591,1,1
229,117,392.58,381.59,25.11,24.35,0.7436,1,1
229,154,480.73,372.46,72.23,87.50,0.7033,1,1
229,176,633.36,829.97,147.01,126.54,0.8889,1,1
229,181,650.72,92.13,34.38,34.17,0.8462,1,1
229,202,720.94,162.98,30.82,18.80,0.7429,1,1
229,207,1016.02,25.22,49.08,43.63,0.8607,1,1
229,220,643.79,195.66,34.29,20.36,0.8640,1,1
229,230,1460.96,1.65,33.14,29.69,0.2885,1,1
229,238,482.77,201.74,36.25,25.03,0.3276,1,1
229,248,597.07,352.95,27.69,46.55,0.2712,1,1
229,253,963.52,828.89,46.07,51.37,0.4844,1,1
229,258,928.06,1.16,16.56,12.73,0.5849,1,1
229,272,55.78,603.75,26.36,56.06,0.8295,1,1
230,2,1129.51,348.77,102.55,79.04,0.9041,1,1
230,5,474.59,155.87,53.56,42.82,0.8578,1,1
230,9,336.48,252.69,40.40,43.16,0.7749,1,1
230,12,300.29,223.20,74.36,57.77,0.8700,1,1
230,16,643.83,55.67,45.49,36.26,0.6742,1,1
230,18,852.84,656.23,140.97,110.24,0.5253,1,1
230,27,746.55,182.82,76.33,77.78,0.9070,1,1
230,46,902.13,135.49,73.46,75.05,0.4484,1,1
230,117,392.48,366.42,27.66,24.29,0.8284,1,1
230,154,480.42,372.22,72.63,88.42,0.6929,1,1
230,176,633.94,830.45,147.72,127.33,0.8919,1,1
230,181,649.63,90.83,34.78,34.89,0.8549,1,1
230,202,721.10,163.02,30.70,18.63,0.7595,1,1
230,207,1016.27,25.49,48.99,43.31,0.8633,1,1
230,220,643.67,195.69,34.25,20.35,0.8597,1,1
230,238,482.51,201.37,36.39,25.16,0.2827,1,1
230,258,927.83,1.10,16.75,12.93,0.5674,1,1
230,272,56.30,604.70,26.93,58.75,0.8046,1,1
231,1,478.53,373.24,77.16,84.88,0.2511,1,1
231,2,1130.96,349.32,101.27,77.53,0.9102,1,1
231,5,474.78,155.66,53.27,42.21,0.8646,1,1
231,9,339.51,253.81,37.57,41.34,0.7690,1,1
231,12,300.53,222.88,73.13,56.77,0.8678,1,1
231,16,642.72,55.08,45.12,35.96,0.6765,1,1
231,18,853.10,657.90,138.88,108.92,0.3965,1,1
231,27,745.15,183.42,77.67,77.00,0.9076,1,1
231,46,902.23,135.67,73.35,74.80,0.4656,1,1
231,117,390.68,348.86,30.23,27.21,0.8409,1,1
231,154,480.60,371.92,71.88,87.75,0.7206,1,1
231,176,634.94,831.51,147.59,127.15,0.8926,1,1
231,181,648.80,90.86,34.79,35.10,0.8554,1,1
231,202,721.05,163.05,30.83,18.68,0.7668,1,1
231,207,1016.13,25.43,48.96,43.28,0.8673,1,1
231,220,643.64,195.80,34.19,20.27,0.8592,1,1
231,238,481.99,200.60,36.81,25.60,0.3423,1,1
231,258,927.87,1.08,16.91,13.05,0.6458,1,1
231,260,68.07,420.36,38.36,34.31,0.2785,1,1
231,272,55.73,607.30,27.02,60.07,0.7622,1,1
232,2,1130.87,349.33,101.46,77.51,0.9105,1,1
232,5,474.67,155.64,53.49,42.21,0.8647,1,1
232,9,339.97,253.88,36.81,41.24,0.7692,1,1
232,12,300.50,222.89,73.14,56.73,0.8676,1,1
232,16,642.62,55.03,45.09,35.93,0.6725,1,1
232,18,853.24,658.26,138.15,108.66,0.4005,1,1
232,27,744.77,183.43,78.42,76.99,0.9075,1,1
232,46,902.19,135.70,73.43,74.78,0.4612,1,1
232,117,390.82,348.47,29.94,27.29,0.8412,1,1
232,154,480.66,371.89,71.72,87.74,0.7173,1,1
232,176,635.00,831.49,147.75,127.02,0.8924,1,1
232,181,648.83,90.89,34.68,35.08,0.8552,1,1
232,202,721.03,163.05,30.86,18.68,0.7665,1,1
232,207,1016.31,25.30,49.10,43.38,0.8657,1,1
232,220,643.61,195.80,34.24,20.27,0.8592,1,1
232,238,481.93,200.41,36.78,25.71,0.3429,1,1
232,258,927.87,1.08,16.94,13.06,0.6454,1,1
232,260,68.18,420.00,38.47,34.36,0.2809,1,1
232,272,55.89,607.40,26.66,60.12,0.7625,1,1
232,287,6.30,633.50,46.47,32.23,0.2590,1,1
233,1,478.56,373.15,76.57,85.11,0.3981,1,1
233,2,1131.63,348.56,101.24,77.47,0.9114,1,1
233,5,474.71,155.22,53.88,42.35,0.8649,1,1
233,9,342.67,252.58,35.34,41.07,0.7513,1,1
233,12,299.92,222.18,74.34,58.04,0.8718,1,1
233,16,642.12,54.90,45.36,36.13,0.6977,1,1
233,18,853.31,659.03,136.87,108.28,0.6469,1,1
233,27,743.46,183.63,78.22,76.34,0.9059,1,1
233,46,901.81,135.90,74.98,76.41,0.6924,1,1
233,117,382.80,317.28,45.83,43.68,0.5243,1,1
233,154,480.23,371.75,72.35,88.42,0.7733,1,1
233,176,638.00,832.70,147.57,125.89,0.8961,1,1
233,181,648.28,90.33,34.97,35.53,0.8573,1,1
233,202,720.58,162.92,30.78,18.51,0.7762,1,1
233,207,1016.21,25.20,48.90,43.43,0.8499,1,1
233,220,643.58,195.80,34.24,20.27,0.8604,1,1
233,238,482.22,200.22,36.57,25.69,0.3510,1,1
233,258,927.74,1.15,17.10,13.15,0.6602,1,1
233,272,55.97,608.80,26.46,59.78,0.3321,1,1
234,2,1131.00,347.23,102.31,79.30,0.9099,1,1
234,5,474.84,154.42,54.28,42.34,0.8740,1,1
234,9,342.65,251.09,34.65,41.36,0.7671,1,1
234,12,299.69,220.95,73.92,58.91,0.8617,1,1
234,16,641.61,54.56,45.62,36.44,0.7167,1,1
234,18,848.69,659.23,136.05,109.53,0.7462,1,1
234,27,742.42,184.19,77.38,74.87,0.9042,1,1
234,46,901.43,136.07,76.05,77.72,0.6318,1,1
234,154,480.73,373.43,71.50,85.74,0.8408,1,1
234,176,638.75,834.45,149.04,127.08,0.8952,1,1
234,181,647.98,89.34,35.15,36.10,0.8611,1,1
234,202,720.44,162.94,30.55,18.19,0.7595,1,1
234,207,1015.84,25.20,48.82,43.20,0.8591,1,1
234,220,643.64,195.99,34.33,20.21,0.8581,1,1
234,238,482.07,198.90,37.21,26.16,0.2852,1,1
234,258,927.84,1.23,17.02,13.04,0.6802,1,1
234,272,59.47,636.97,22.16,45.42,0.4069,1,1
235,2,1132.17,347.88,100.91,77.56,0.9111,1,1
235,5,475.07,154.11,54.82,42.31,0.8800,1,1
235,9,342.22,248.32,35.13,42.92,0.7783,1,1
235,12,299.79,219.45,73.59,59.73,0.8598,1,1
235,16,640.72,54.47,46.00,36.77,0.7656,1,1
235,18,848.92,659.84,134.10,109.31,0.7857,1,1
235,27,741.12,184.28,77.54,74.62,0.9036,1,1
235,46,900.77,136.29,77.88,80.28,0.6202,1,1
235,154,480.59,373.51,71.94,85.25,0.8493,1,1
235,176,639.39,836.47,150.02,126.66,0.8967,1,1
235,181,647.44,88.78,35.02,36.16,0.8633,1,1
235,202,720.36,162.87,30.40,17.95,0.7249,1,1
235,207,1016.51,25.31,48.19,41.81,0.8800,1,1
235,220,643.49,195.79,34.53,20.37,0.8606,1,1
235,230,1460.94,1.40,33.46,30.00,0.3809,1,1
235,238,482.29,197.82,37.64,26.57,0.4874,1,1
235,258,928.40,1.46,16.46,12.45,0.6478,1,1
235,289,58.28,645.01,33.39,42.93,0.7897,1,1
236,2,1131.76,346.53,101.22,78.57,0.9108,1,1
236,5,475.45,154.47,54.85,42.25,0.8716,1,1
236,9,340.23,246.62,35.88,42.56,0.7843,1,1
236,12,299.81,216.81,74.60,61.56,0.8618,1,1
236,16,640.02,54.60,46.07,36.64,0.8032,1,1
236,18,849.30,660.29,132.88,108.51,0.8081,1,1
236,27,740.09,185.00,77.22,73.78,0.9036,1,1
236,46,901.52,138.25,76.02,78.69,0.7113,1,1
236,154,479.77,374.09,72.57,84.41,0.8465,1,1
236,176,640.39,838.01,150.90,126.42,0.8929,1,1
236,181,646.94,88.80,34.36,35.81,0.8585,1,1
236,202,721.22,162.05,30.50,17.84,0.6817,1,1
236,207,1016.49,25.59,48.09,40.82,0.8888,1,1
236,220,643.54,195.79,34.58,20.36,0.8587,1,1
236,230,1460.95,1.41,33.65,30.16,0.3100,1,1
236,238,482.89,197.29,37.98,26.99,0.4613,1,1
236,258,928.48,1.60,16.32,12.19,0.6191,1,1
236,289,59.67,648.39,35.47,39.51,0.8287,1,1
236,291,483.17,196.78,38.78,28.10,0.2811,1,1
237,2,1131.74,346.53,100.87,78.47,0.9099,1,1
237,5,476.11,154.16,55.30,42.48,0.8750,1,1
237,9,341.25,245.63,35.93,41.69,0.8131,1,1
237,12,302.28,216.15,72.25,59.97,0.8533,1,1
237,16,639.21,54.51,46.27,36.62,0.8239,1,1
237,18,849.17,659.91,132.93,108.52,0.7967,1,1
237,27,739.65,185.16,77.22,73.21,0.9056,1,1
237,46,901.48,139.09,76.53,79.88,0.7351,1,1
237,154,478.21,374.44,75.54,86.10,0.8380,1,1
237,176,641.08,838.85,152.34,127.06,0.8885,1,1
237,181,646.81,88.32,33.69,35.65,0.8568,1,1
237,202,720.47,161.76,30.91,17.98,0.6528,1,1
237,207,1016.34,25.53,48.47,39.87,0.8928,1,1
237,220,643.59,195.60,34.82,20.33,0.8559,1,1
237,230,1461.16,1.37,33.46,29.89,0.3228,1,1
237,238,483.57,197.18,37.53,26.82,0.4347,1,1
237,258,928.34,1.36,16.90,12.61,0.6003,1,1
237,266,349.27,243.51,27.96,42.31,0.4663,1,1
237,289,61.20,650.57,37.53,38.73,0.7924,1,1
237,291,483.78,196.60,38.46,27.94,0.3545,1,1
238,2,1131.76,346.54,100.83,78.50,0.9096,1,1
238,5,476.10,154.17,55.39,42.46,0.8749,1,1
238,9,341.17,245.59,36.28,41.72,0.8161,1,1
238,12,302.52,216.15,71.95,59.90,0.8536,1,1
238,16,639.13,54.50,46.38,36.62,0.8234,1,1
238,18,849.11,659.91,132.99,108.55,0.8005,1,1
238,27,739.53,185.16,77.49,73.33,0.9059,1,1
238,46,901.66,139.14,76.23,79.98,0.7351,1,1
238,154,477.75,374.43,76.45,86.16,0.8399,1,1
238,176,641.00,838.84,152.87,127.12,0.8883,1,1
238,181,646.93,88.30,33.43,35.66,0.8566,1,1
238,202,720.32,161.72,31.09,17.99,0.6531,1,1
238,207,1016.04,25.52,49.05,39.86,0.8929,1,1
238,220,643.53,195.60,34.97,20.33,0.8558,1,1
238,230,1461.18,1.35,33.46,29.82,0.3223,1,1
238,238,483.83,197.12,37.28,26.78,0.4298,1,1
238,258,928.31,1.32,17.00,12.66,0.6008,1,1
238,266,349.34,243.36,27.74,42.42,0.4753,1,1
238,289,60.37,650.61,39.36,38.76,0.7894,1,1
238,291,484.00,196.52,38.30,27.91,0.3583,1,1
239,1,477.21,374.39,78.19,86.78,0.3593,1,1
239,2,1130.61,345.38,103.35,80.80,0.8910,1,1
239,5,477.04,154.18,56.10,42.66,0.8773,1,1
239,9,341.91,243.81,36.80,42.15,0.8100,1,1
239,12,302.72,213.41,72.83,61.89,0.8517,1,1
239,16,638.29,54.60,46.68,36.70,0.8110,1,1
239,18,849.51,659.21,132.68,108.12,0.8135,1,1
239,27,737.23,184.70,76.60,74.69,0.9068,1,1
239,46,901.56,139.54,76.37,80.57,0.7191,1,1
239,154,477.67,375.00,76.39,85.73,0.7340,1,1
239,176,642.59,840.86,152.33,125.25,0.8904,1,1
239,181,646.76,88.25,32.96,35.45,0.8562,1,1
239,202,720.56,161.84,31.47,18.15,0.6119,1,1
239,207,1016.02,25.71,49.76,39.30,0.8890,1,1
239,220,643.25,195.46,35.15,20.50,0.8610,1,1
239,230,1460.72,0.73,34.60,31.07,0.4334,1,1
239,238,484.55,197.32,37.37,27.09,0.5428,1,1
239,258,927.86,1.15,17.54,13.16,0.6627,1,1
239,289,63.80,653.31,38.01,36.96,0.6752,1,1
239,291,484.66,196.67,38.13,27.85,0.3159,1,1
240,1,477.44,375.82,76.53,84.92,0.7227,1,1
240,2,1129.85,345.44,103.90,81.54,0.8749,1,1
240,5,478.37,154.20,56.81,42.92,0.8716,1,1
240,9,340.47,240.14,38.92,43.85,0.8260,1,1
240,12,304.09,212.14,72.03,62.21,0.8598,1,1
240,16,637.61,55.00,46.36,36.25,0.8033,1,1
240,18,853.97,658.51,132.62,107.95,0.7731,1,1
240,27,736.47,185.41,76.33,74.53,0.9090,1,1
240,46,901.07,139.86,77.29,82.60,0.7475,1,1
240,154,478.08,376.05,75.98,85.10,0.4352,1,1
240,176,642.99,842.03,153.32,125.20,0.8850,1,1
240,181,646.35,87.77,32.90,35.94,0.8535,1,1
240,202,719.08,162.73,30.74,17.44,0.4991,1,1
240,207,1016.11,25.54,50.60,39.48,0.8861,1,1
240,220,642.48,195.05,35.85,20.94,0.8668,1,1
240,238,485.83,197.53,36.98,26.77,0.6140,1,1
240,258,927.94,1.15,17.58,13.28,0.6982,1,1
240,289,66.27,655.32,36.44,34.66,0.6772,1,1
241,1,477.84,374.68,77.07,85.72,0.3837,1,1
241,2,1130.22,347.11,101.99,80.01,0.8982,1,1
241,5,477.99,152.22,58.67,45.59,0.8786,1,1
241,9,340.19,237.40,41.53,44.78,0.8457,1,1
241,12,307.18,211.36,71.62,61.50,0.8340,1,1
241,16,636.41,54.73,46.96,36.79,0.8477,1,1
241,18,853.93,657.52,132.23,107.88,0.5529,1,1
241,27,735.39,187.26,76.32,72.19,0.8976,1,1
241,46,901.77,141.45,73.80,80.20,0.8689,1,1
241,154,477.68,375.05,76.15,85.38,0.7938,1,1
241,176,640.37,843.62,152.98,126.90,0.8795,1,1
241,181,646.38,88.83,31.67,35.50,0.8670,1,1
241,202,715.82,163.18,31.19,17.37,0.6255,1,1
241,207,1016.65,25.74,51.60,40.24,0.8896,1,1
241,220,644.56,194.20,35.17,21.69,0.8598,1,1
241,227,979.79,30.31,17.68,19.74,0.6079,1,1
241,238,486.41,198.89,36.47,26.29,0.3727,1,1
241,258,927.74,0.80,18.09,13.54,0.6376,1,1
241,260,69.23,416.49,40.89,37.51,0.4935,1,1
241,289,69.98,659.99,34.99,30.88,0.7806,1,1
241,291,486.50,198.77,36.63,26.60,0.3361,1,1
242,2,1130.34,347.66,101.67,80.42,0.8914,1,1
242,5,477.63,152.50,58.97,46.66,0.8761,1,1
242,9,340.71,235.63,42.35,44.82,0.8629,1,1
242,12,308.19,208.27,72.50,62.87,0.8266,1,1
242,16,635.62,54.74,46.72,36.84,0.8415,1,1
242,18,855.49,656.38,135.06,108.48,0.7107,1,1
242,27,734.59,187.39,77.26,71.88,0.8961,1,1
242,46,901.42,141.84,73.72,81.36,0.8814,1,1
242,154,476.19,373.74,77.22,87.03,0.7997,1,1
242,176,641.02,844.65,152.94,127.39,0.8794,1,1
242,181,646.62,89.35,30.68,34.92,0.8663,1,1
242,202,714.65,163.09,31.83,17.35,0.6334,1,1
242,207,1016.87,25.63,51.46,39.93,0.8846,1,1
242,220,645.81,193.64,34.63,21.42,0.8515,1,1
242,227,978.80,30.61,19.00,21.96,0.7576,1,1
242,238,487.27,200.00,36.09,25.92,0.4106,1,1
242,258,927.68,0.82,17.97,13.25,0.5874,1,1
242,260,69.56,416.60,40.25,37.44,0.5419,1,1
242,266,354.18,234.82,29.21,43.51,0.4080,1,1
242,289,71.23,661.11,34.73,30.52,0.3281,1,1
242,293,179.11,532.54,22.65,27.50,0.3195,1,1
243,2,1131.29,349.10,100.15,79.67,0.8981,1,1
243,5,476.85,153.33,58.51,46.89,0.8940,1,1
243,9,344.76,233.75,40.40,43.64,0.8642,1,1
243,12,310.96,207.45,71.59,61.64,0.8200,1,1
243,16,634.88,54.69,46.55,36.42,0.8374,1,1
243,18,857.20,655.57,135.67,107.79,0.6939,1,1
243,27,733.73,187.69,77.58,71.58,0.8958,1,1
243,46,902.02,143.41,73.12,80.33,0.8950,1,1
243,154,476.23,375.33,76.37,85.83,0.7851,1,1
243,176,641.18,845.91,153.93,129.53,0.8829,1,1
243,181,646.34,89.05,30.22,35.02,0.8618,1,1
243,202,713.92,161.87,32.05,17.29,0.5603,1,1
243,207,1016.89,25.68,51.55,39.68,0.8868,1,1
243,220,646.82,192.90,35.51,22.65,0.8373,1,1
243,227,978.63,34.04,17.31,20.07,0.5427,1,1
243,238,486.52,201.40,35.97,25.82,0.3450,1,1
243,258,927.96,1.01,17.51,12.75,0.3722,1,1
243,260,69.67,416.59,40.00,37.44,0.5250,1,1
243,291,487.21,201.23,35.12,25.31,0.3699,1,1
243,293,179.48,531.71,22.50,27.49,0.3529,1,1
244,2,1131.36,349.05,99.99,79.75,0.8979,1,1
244,5,476.97,153.30,58.26,46.93,0.8942,1,1
244,9,345.00,233.70,40.01,43.63,0.8642,1,1
244,12,310.93,207.42,71.85,61.60,0.8200,1,1
244,16,634.76,54.68,46.75,36.42,0.8371,1,1
244,18,856.81,655.46,136.80,107.82,0.6997,1,1
244,27,733.60,187.69,77.82,71.57,0.8957,1,1
244,46,901.99,143.46,73.17,80.22,0.8955,1,1
244,154,476.28,375.67,76.30,85.51,0.7832,1,1
244,176,641.56,845.89,153.48,129.51,0.8824,1,1
244,181,646.48,89.06,29.94,35.00,0.8616,1,1
244,202,713.79,161.72,32.32,17.28,0.5557,1,1
244,207,1016.83,25.68,51.70,39.65,0.8864,1,1
244,220,646.96,192.83,35.02,22.71,0.8369,1,1
244,227,978.59,34.61,16.98,19.75,0.5478,1,1
244,238,486.34,201.73,35.93,25.78,0.3419,1,1
244,258,927.97,1.05,17.54,12.62,0.3712,1,1
244,260,69.76,416.63,39.81,37.40,0.5213,1,1
244,291,487.20,201.49,35.14,25.16,0.3717,1,1
244,293,179.63,531.57,22.31,27.44,0.3310,1,1
245,2,1132.30,352.23,100.20,79.17,0.9133,1,1
245,5,476.28,153.68,58.07,46.83,0.8929,1,1
245,9,348.56,232.27,38.46,43.51,0.8537,1,1
245,12,313.26,205.62,70.19,59.71,0.8285,1,1
245,16,633.84,54.39,47.45,37.01,0.8513,1,1
245,18,856.62,655.13,137.52,107.38,0.7401,1,1
245,27,733.49,187.69,77.74,71.32,0.8944,1,1
245,46,901.60,143.71,73.33,80.41,0.9024,1,1
245,154,475.11,375.71,76.01,86.31,0.8171,1,1
245,176,642.78,848.04,152.59,128.68,0.8894,1,1
245,181,646.39,89.79,29.50,34.28,0.8643,1,1
245,202,713.67,161.72,32.65,17.33,0.5615,1,1
245,207,1016.83,25.71,51.40,39.32,0.8857,1,1
245,220,647.78,190.95,34.44,22.33,0.8673,1,1
245,227,979.28,37.09,15.73,18.12,0.6224,1,1
245,238,485.77,201.65,36.30,26.04,0.3463,1,1
245,258,928.19,0.99,17.58,12.41,0.4762,1,1
245,260,69.77,416.74,39.61,37.33,0.5367,1,1
245,291,486.49,201.37,35.72,25.39,0.3979,1,1
245,293,179.91,531.42,22.19,27.34,0.2933,1,1
246,1,474.56,377.29,74.79,85.25,0.8600,1,1
246,2,1132.72,354.08,101.78,80.33,0.9238,1,1
246,5,475.50,153.97,57.77,46.71,0.8899,1,1
246,9,350.86,230.68,37.87,44.22,0.8348,1,1
246,12,315.24,204.04,70.50,59.62,0.8512,1,1
246,16,633.05,54.21,47.59,36.95,0.8595,1,1
246,18,856.70,654.65,138.24,107.35,0.7409,1,1
246,27,732.83,187.90,77.53,71.06,0.8904,1,1
246,46,901.36,144.53,73.21,79.56,0.8987,1,1
246,154,475.17,377.18,74.75,84.86,0.2836,1,1
246,176,642.66,849.49,153.08,129.08,0.8912,1,1
246,181,646.24,90.37,28.96,33.24,0.8539,1,1
246,202,712.70,161.38,32.10,16.97,0.5850,1,1
246,207,1016.98,25.69,51.61,40.21,0.8858,1,1
246,220,647.73,189.67,35.84,22.03,0.8363,1,1
246,227,977.71,37.51,17.64,20.83,0.7384,1,1
246,238,483.14,200.77,37.64,27.21,0.6288,1,1
246,258,927.87,0.84,18.45,12.87,0.4877,1,1
246,260,70.55,417.47,38.73,36.49,0.4149,1,1
246,275,995.81,861.50,57.69,49.09,0.5441,1,1
247,1,473.48,377.92,75.36,85.90,0.3660,1,1
247,2,1133.07,357.08,102.90,79.96,0.9090,1,1
247,5,475.09,154.37,57.18,46.50,0.8845,1,1
247,9,351.75,229.44,38.04,44.57,0.8375,1,1
247,12,318.56,203.62,68.27,56.28,0.8337,1,1
247,16,632.43,54.15,47.70,36.96,0.8612,1,1
247,18,856.92,654.81,132.30,104.20,0.7593,1,1
247,27,731.60,188.21,77.31,70.41,0.8904,1,1
247,46,900.51,144.29,74.25,80.58,0.8821,1,1
247,154,473.62,378.58,75.08,86.14,0.8696,1,1
247,176,643.21,851.20,153.45,130.76,0.8882,1,1
247,181,645.06,90.39,29.54,33.58,0.8555,1,1
247,202,711.08,160.88,32.40,17.12,0.6183,1,1
247,207,1017.24,25.70,51.32,40.51,0.8884,1,1
247,220,647.91,187.63,37.88,22.87,0.7392,1,1
247,227,976.22,38.54,18.46,22.23,0.6713,1,1
247,238,481.84,200.80,37.79,27.35,0.7345,1,1
247,258,927.61,0.85,18.88,12.95,0.5580,1,1
247,260,70.70,417.51,38.44,36.31,0.4747,1,1
247,275,996.53,862.29,53.47,48.30,0.7894,1,1
248,1,472.25,379.09,76.82,88.66,0.8354,1,1
248,2,1134.71,363.84,104.67,77.71,0.9141,1,1
248,5,474.49,153.95,57.14,47.13,0.8750,1,1
248,9,355.35,225.65,37.68,46.13,0.7963,1,1
248,12,319.93,200.99,69.23,56.22,0.8448,1,1
248,16,631.58,53.85,48.37,37.51,0.8570,1,1
248,18,857.35,654.86,131.31,104.24,0.7367,1,1
248,27,729.84,188.47,77.34,70.22,0.8866,1,1
248,46,900.15,144.89,74.36,80.80,0.8714,1,1
248,154,472.17,378.16,76.91,88.25,0.5000,1,1
248,176,643.56,852.57,153.68,131.71,0.8809,1,1
248,181,644.91,90.59,29.44,33.40,0.8471,1,1
248,202,711.74,160.83,31.91,16.84,0.5531,1,1
248,207,1017.00,25.52,50.90,41.06,0.8922,1,1
248,220,656.03,184.40,36.43,23.25,0.7968,1,1
248,227,974.55,41.28,19.17,24.04,0.7610,1,1
248,238,479.71,201.46,38.73,27.17,0.7966,1,1
248,258,927.44,0.87,19.26,13.08,0.5604,1,1
248,260,70.97,417.60,37.93,35.86,0.3000,1,1
248,275,995.29,860.90,54.73,50.27,0.6994,1,1
249,1,469.04,381.25,77.64,89.05,0.7920,1,1
249,2,1135.12,367.34,106.59,78.17,0.9162,1,1
249,5,474.17,153.96,56.52,47.22,0.8777,1,1
249,9,358.56,224.93,35.84,45.80,0.8017,1,1
249,12,322.63,200.38,68.24,51.87,0.8590,1,1
249,16,631.24,53.70,48.57,37.52,0.8415,1,1
249,18,857.53,654.77,136.10,107.31,0.7443,1,1
249,27,728.38,189.44,77.55,69.18,0.8931,1,1
249,46,899.98,145.30,73.79,78.89,0.8722,1,1
249,154,469.78,380.09,76.56,87.29,0.5286,1,1
249,176,645.06,853.76,154.11,132.03,0.8870,1,1
249,181,644.36,91.06,29.66,33.29,0.8422,1,1
249,202,711.99,160.87,31.73,16.66,0.5534,1,1
249,207,1017.21,25.63,49.81,41.29,0.8919,1,1
249,220,658.84,181.00,34.77,22.04,0.8221,1,1
249,227,970.51,43.98,20.74,27.63,0.7743,1,1
249,238,479.79,201.51,38.53,26.44,0.8000,1,1
249,258,926.99,0.96,20.07,13.51,0.5312,1,1
249,275,993.85,859.86,54.55,51.25,0.7553,1,1
249,298,949.02,61.71,25.73,22.88,0.7316,1,1
250,1,468.77,381.32,77.94,89.04,0.7897,1,1
250,2,1134.92,367.36,107.00,78.17,0.9162,1,1
250,5,474.32,153.96,56.20,47.22,0.8776,1,1
250,9,359.14,224.90,34.84,45.79,0.8017,1,1
250,12,321.70,200.36,70.18,51.79,0.8590,1,1
250,16,631.18,53.70,48.68,37.52,0.8414,1,1
250,18,857.24,654.75,136.97,107.51,0.7437,1,1
250,27,728.10,189.45,78.07,69.15,0.8932,1,1
250,46,899.71,145.30,74.32,78.86,0.8722,1,1
250,154,469.21,380.36,76.90,87.11,0.5275,1,1
250,176,645.08,853.85,154.12,131.93,0.8869,1,1
250,181,644.27,91.07,29.82,33.29,0.8422,1,1
250,202,711.98,160.86,31.83,16.64,0.5536,1,1
250,207,1017.48,25.63,49.26,41.29,0.8919,1,1
250,220,658.86,180.90,34.85,22.00,0.8221,1,1
250,227,970.66,44.10,20.13,27.80,0.7743,1,1
250,238,479.57,201.51,38.94,26.40,0.8003,1,1
250,258,926.85,0.95,20.31,13.58,0.5313,1,1
250,275,994.08,859.80,53.92,51.30,0.7550,1,1
250,298,948.96,62.04,25.59,22.84,0.7316,1,1
251,1,465.89,380.31,79.39,90.93,0.6149,1,1
251,2,1136.53,372.79,106.10,77.80,0.8978,1,1
251,5,474.54,153.72,56.36,47.22,0.8752,1,1
251,9,360.86,224.54,35.03,46.47,0.7332,1,1
251,12,322.98,200.00,71.41,52.09,0.8437,1,1
251,16,631.09,53.44,48.51,37.45,0.8162,1,1
251,18,858.34,654.71,129.70,103.89,0.8190,1,1
251,27,726.59,189.79,77.17,67.99,0.8979,1,1
251,46,899.61,146.25,74.15,77.70,0.8841,1,1
251,154,466.77,379.98,77.61,87.58,0.4164,1,1
251,176,647.30,856.76,153.15,132.26,0.8925,1,1
251,181,643.14,90.07,31.19,35.27,0.8380,1,1
251,202,710.26,160.46,32.62,16.93,0.5722,1,1
251,207,1017.72,26.52,47.62,40.20,0.8808,1,1
251,220,664.76,176.67,35.38,23.31,0.8178,1,1
251,227,970.53,47.32,18.53,28.01,0.8233,1,1
251,238,479.30,200.94,39.71,27.19,0.8087,1,1
251,258,927.28,0.98,20.17,13.58,0.5394,1,1
251,260,67.95,411.95,42.34,40.78,0.3212,1,1
251,275,992.54,859.22,54.75,52.32,0.6114,1,1
251,298,947.97,67.88,24.02,22.23,0.7608,1,1
252,1,465.31,381.84,78.37,89.61,0.6633,1,1
252,2,1138.50,373.59,106.45,80.75,0.9076,1,1
252,5,474.21,153.61,56.46,47.29,0.8807,1,1
252,9,360.96,223.54,36.23,47.85,0.7575,1,1
252,12,325.64,198.95,71.14,50.67,0.8490,1,1
252,16,631.01,53.25,48.75,37.41,0.8230,1,1
252,18,858.85,654.60,128.23,104.42,0.8374,1,1
252,27,723.79,190.42,78.55,67.12,0.8925,1,1
252,46,899.26,146.52,73.80,77.17,0.8932,1,1
252,154,465.83,380.28,78.02,87.81,0.2644,1,1
252,176,648.05,858.59,152.71,132.65,0.8936,1,1
252,181,643.80,87.52,31.68,37.26,0.8165,1,1
252,202,709.31,160.11,32.94,17.07,0.6382,1,1
252,207,1016.99,26.72,47.05,40.02,0.8817,1,1
252,220,667.26,174.23,37.16,24.13,0.7773,1,1
252,227,968.40,52.67,17.52,27.80,0.8307,1,1
252,238,480.19,201.21,39.12,26.98,0.7239,1,1
252,258,927.70,1.01,19.85,13.49,0.5262,1,1
252,260,68.39,411.63,42.29,41.42,0.3111,1,1
252,275,990.74,860.13,54.65,52.31,0.3631,1,1
252,298,945.34,70.64,23.77,22.60,0.8056,1,1
253,1,464.76,383.94,78.23,89.74,0.7620,1,1
253,2,1140.08,376.38,106.48,82.15,0.9155,1,1
253,5,474.13,153.30,56.58,47.30,0.8860,1,1
253,9,362.70,223.05,36.16,47.48,0.7739,1,1
253,12,327.81,199.09,71.43,49.98,0.8599,1,1
253,16,630.56,52.76,49.77,38.25,0.8149,1,1
253,18,860.18,654.33,126.69,104.40,0.8399,1,1
253,27,719.85,190.95,80.06,66.90,0.8820,1,1
253,46,898.68,146.58,74.26,78.22,0.8956,1,1
253,176,648.69,859.95,153.17,132.75,0.8857,1,1
253,181,644.56,86.32,31.37,38.22,0.8213,1,1
253,202,709.58,160.13,32.01,16.76,0.6165,1,1
253,207,1016.65,26.86,46.39,39.87,0.8831,1,1
253,220,673.33,172.51,34.16,21.05,0.8187,1,1
253,227,967.74,57.50,17.22,28.54,0.8065,1,1
253,238,479.59,199.81,41.60,29.87,0.7452,1,1
253,258,927.97,0.90,19.70,13.55,0.4724,1,1
253,260,69.11,411.08,41.07,40.75,0.4130,1,1
253,275,989.30,861.29,54.71,52.49,0.5290,1,1
253,298,944.24,72.01,21.88,21.40,0.8437,1,1
253,304,1461.78,0.88,34.04,29.34,0.5998,1,1
254,1,463.92,385.34,78.68,90.28,0.6013,1,1
254,2,1141.54,379.61,106.09,82.20,0.9093,1,1
254,5,474.28,152.67,57.47,47.98,0.8869,1,1
254,9,365.75,221.39,36.21,47.04,0.7669,1,1
254,12,330.07,197.78,70.87,49.24,0.8587,1,1
254,16,630.34,52.35,50.53,38.93,0.8322,1,1
254,18,858.40,654.42,129.28,106.82,0.8148,1,1
254,27,715.44,191.09,81.35,65.73,0.8987,1,1
254,46,898.54,146.63,74.56,78.33,0.9000,1,1
254,176,649.59,861.12,153.27,132.16,0.8841,1,1
254,181,644.40,85.43,31.36,38.57,0.8231,1,1
254,202,707.45,160.13,32.74,17.35,0.5935,1,1
254,207,1015.84,26.88,46.32,40.10,0.8809,1,1
254,220,675.89,170.75,35.76,21.12,0.8088,1,1
254,227,966.36,60.16,16.68,28.24,0.6055,1,1
254,238,477.60,197.67,43.64,32.57,0.8216,1,1
254,258,928.59,0.85,19.03,13.23,0.4632,1,1
254,260,70.19,411.27,39.17,39.03,0.3566,1,1
254,298,943.11,72.51,21.39,20.86,0.8650,1,1
254,304,1461.66,0.81,33.95,29.50,0.5309,1,1
255,1,462.91,388.59,77.82,87.71,0.8546,1,1
255,2,1141.72,382.72,106.29,81.79,0.9055,1,1
255,5,474.57,152.13,58.47,48.97,0.8769,1,1
255,9,372.15,222.02,33.53,45.10,0.8063,1,1
255,12,333.72,197.48,70.47,48.23,0.8349,1,1
255,16,630.37,51.93,51.29,39.82,0.7832,1,1
255,18,859.82,654.43,130.17,107.96,0.8050,1,1
255,27,711.73,192.08,82.51,65.90,0.8995,1,1
255,46,898.40,146.69,74.66,78.38,0.9018,1,1
255,176,650.86,862.39,153.32,131.32,0.8825,1,1
255,181,645.94,85.20,30.60,37.81,0.7853,1,1
255,202,704.67,160.20,34.04,18.15,0.3139,1,1
255,207,1014.94,26.62,45.36,40.39,0.8741,1,1
255,220,679.15,169.86,38.09,21.38,0.8342,1,1
255,227,965.50,63.13,16.14,27.29,0.3329,1,1
255,238,480.84,197.13,41.11,30.56,0.6925,1,1
255,258,929.04,0.81,18.40,12.91,0.4817,1,1
255,298,942.70,74.07,20.81,20.27,0.8621,1,1
255,304,1463.96,0.64,31.87,27.64,0.3045,1,1
255,307,445.98,235.23,34.61,29.33,0.7745,1,1
256,1,462.69,388.65,78.22,87.68,0.8546,1,1
256,2,1141.58,382.75,106.52,81.77,0.9056,1,1
256,5,474.61,152.10,58.40,48.99,0.8756,1,1
256,9,372.65,222.04,32.85,45.04,0.8062,1,1
256,12,333.48,197.47,71.09,48.25,0.8350,1,1
256,16,630.48,51.91,51.08,39.89,0.7839,1,1
256,18,860.22,654.48,129.65,107.80,0.8105,1,1
256,27,711.53,192.10,82.86,65.90,0.8995,1,1
256,46,898.39,146.69,74.68,78.37,0.9019,1,1
256,176,650.54,862.36,154.07,131.43,0.8828,1,1
256,181,646.05,85.19,30.47,37.77,0.7822,1,1
256,202,703.94,160.21,34.26,18.38,0.3156,1,1
256,207,1015.23,26.61,44.74,40.35,0.8742,1,1
256,220,678.77,169.85,39.06,21.39,0.8341,1,1
256,227,965.27,63.86,15.95,26.95,0.3332,1,1
256,238,481.06,197.09,41.00,30.36,0.6912,1,1
256,258,929.16,0.80,18.18,12.84,0.4795,1,1
256,298,942.69,74.08,20.82,20.26,0.8620,1,1
256,304,1464.65,0.60,31.24,27.03,0.3004,1,1
256,307,446.84,235.17,33.68,29.39,0.7748,1,1
256,308,68.86,657.81,38.36,32.29,0.8092,1,1
256,309,72.07,561.68,26.50,30.29,0.7294,1,1
257,1,461.17,392.76,77.55,85.58,0.8389,1,1
257,2,1143.00,385.10,107.45,82.41,0.9030,1,1
257,5,474.74,151.84,59.21,49.52,0.8643,1,1
257,9,377.09,221.85,30.73,43.08,0.8216,1,1
257,12,335.26,196.61,71.36,48.73,0.8590,1,1
257,16,631.87,52.01,50.44,39.16,0.7196,1,1
257,18,861.31,654.21,130.82,108.35,0.7614,1,1
257,27,706.98,192.98,83.71,65.08,0.8865,1,1
257,46,898.46,146.86,74.09,77.60,0.9013,1,1
257,176,650.63,863.01,154.61,131.56,0.8882,1,1
257,181,647.21,85.70,30.25,37.52,0.7312,1,1
257,202,702.71,159.15,35.61,20.31,0.6971,1,1
257,207,1013.30,26.81,44.61,39.90,0.8684,1,1
257,220,679.70,171.73,35.29,19.20,0.4991,1,1
257,227,964.14,65.47,15.74,26.19,0.4144,1,1
257,238,483.07,197.74,38.99,28.67,0.3221,1,1
257,258,929.28,0.83,17.95,12.75,0.5242,1,1
257,298,942.52,74.97,20.85,20.05,0.8779,1,1
257,304,1465.27,0.56,30.60,26.37,0.2784,1,1
257,307,455.00,235.57,33.24,28.10,0.8170,1,1
257,308,66.43,656.27,40.12,33.03,0.7380,1,1
257,311,58.32,535.84,32.46,40.02,0.3170,1,1
258,1,459.59,394.21,77.95,86.03,0.8409,1,1
258,2,1145.23,386.86,106.67,84.34,0.9107,1,1
258,5,475.01,151.59,59.46,49.57,0.8835,1,1
258,9,380.36,220.51,30.33,44.00,0.7999,1,1
258,12,337.70,195.17,71.74,49.74,0.8549,1,1
258,16,632.03,51.93,51.91,40.39,0.7183,1,1
258,18,861.08,654.25,129.06,105.95,0.7904,1,1
258,27,702.99,193.90,83.62,64.06,0.8889,1,1
258,46,898.37,147.03,74.22,78.05,0.8992,1,1
258,176,650.56,863.66,156.17,131.71,0.8905,1,1
258,181,648.20,85.67,30.09,37.58,0.8325,1,1
258,202,699.26,161.00,35.91,20.92,0.6250,1,1
258,207,1012.32,26.82,44.14,39.45,0.8730,1,1
258,220,692.36,168.95,38.92,21.95,0.6747,1,1
258,227,963.71,66.79,15.35,25.25,0.3434,1,1
258,238,484.55,198.89,37.03,27.12,0.5440,1,1
258,258,929.61,0.65,17.46,12.49,0.5422,1,1
258,275,991.74,875.55,55.49,50.93,0.5763,1,1
258,298,945.14,73.55,20.85,19.59,0.7950,1,1
258,307,463.33,233.09,34.53,29.06,0.6981,1,1
258,308,64.38,656.01,41.33,33.98,0.3286,1,1
259,1,458.09,396.81,77.93,84.98,0.8303,1,1
259,2,1148.38,390.19,106.06,85.04,0.9119,1,1
259,5,475.53,151.97,58.45,47.90,0.8913,1,1
259,9,382.54,219.14,29.82,44.48,0.8220,1,1
259,12,341.60,194.32,70.25,48.72,0.8324,1,1
259,16,633.18,51.84,51.75,40.45,0.6890,1,1
259,18,861.38,654.57,130.30,105.54,0.8393,1,1
259,27,699.41,195.31,85.23,64.43,0.8905,1,1
259,46,898.38,147.04,74.32,78.55,0.8980,1,1
259,176,652.23,863.87,156.26,130.68,0.8891,1,1
259,181,649.93,88.30,27.98,33.59,0.8275,1,1
259,202,701.34,160.03,33.24,21.04,0.7155,1,1
259,207,1010.16,26.73,44.39,39.23,0.8861,1,1
259,220,696.15,168.90,40.59,23.54,0.4259,1,1
259,227,963.90,63.72,15.76,25.81,0.4283,1,1
259,238,482.18,198.70,37.64,27.79,0.6737,1,1
259,258,929.70,0.59,17.31,12.46,0.4429,1,1
259,275,993.66,880.04,55.81,50.34,0.4435,1,1
259,298,947.40,71.24,21.92,20.57,0.4737,1,1
260,1,457.50,397.73,77.98,85.04,0.3228,1,1
260,2,1150.29,394.71,105.83,85.48,0.9022,1,1
260,5,475.54,151.81,58.31,47.01,0.8913,1,1
260,9,383.54,219.12,29.84,43.43,0.8387,1,1
260,12,345.75,195.27,68.56,47.52,0.8483,1,1
260,16,635.57,51.54,51.72,40.87,0.7642,1,1
260,18,859.84,654.66,132.89,106.93,0.8080,1,1
260,27,696.79,197.21,85.07,64.32,0.9019,1,1
260,46,898.50,147.21,74.51,79.12,0.9059,1,1
260,154,457.66,397.90,78.27,87.75,0.6564,1,1
260,176,653.59,863.38,157.23,131.01,0.8801,1,1
260,181,652.00,86.21,28.26,34.60,0.8532,1,1
260,202,703.61,159.91,30.65,20.76,0.7336,1,1
260,207,1008.74,26.55,44.04,38.37,0.8914,1,1
260,220,704.30,173.96,34.08,20.37,0.5561,1,1
260,227,960.44,63.13,15.13,22.78,0.5493,1,1
260,238,481.57,198.14,38.70,28.32,0.7890,1,1
260,258,929.41,0.53,17.58,13.28,0.6759,1,1
261,1,455.05,398.86,81.58,89.26,0.2759,1,1
261,2,1155.51,398.56,103.76,86.21,0.9130,1,1
261,5,474.75,151.16,58.83,47.12,0.8849,1,1
261,9,383.94,218.83,30.79,42.91,0.8361,1,1
261,12,347.01,195.21,68.99,48.25,0.8550,1,1
261,16,638.48,51.44,50.57,40.22,0.7949,1,1
261,18,862.74,654.72,134.04,107.47,0.7961,1,1
261,27,692.81,198.13,85.59,65.48,0.9036,1,1
261,46,898.82,147.28,73.88,77.73,0.9044,1,1
261,176,654.15,861.71,158.13,132.22,0.8876,1,1
261,181,654.30,86.24,28.12,34.00,0.8412,1,1
261,202,704.43,160.45,28.46,20.33,0.7346,1,1
261,207,1006.92,26.22,44.86,38.16,0.8942,1,1
261,238,482.14,197.10,36.74,26.08,0.6389,1,1
261,258,929.55,0.51,17.14,13.36,0.6854,1,1
261,260,76.35,409.92,34.39,34.57,0.3191,1,1
261,304,1466.32,0.51,28.72,24.41,0.2573,1,1
261,314,967.21,54.36,15.44,24.29,0.7187,1,1
261,315,-0.75,635.91,32.97,38.63,0.4140,1,1
262,1,454.49,399.13,82.35,90.45,0.2742,1,1
262,2,1155.99,398.58,102.84,86.24,0.9131,1,1
262,5,474.67,151.15,58.99,47.10,0.8846,1,1
262,9,383.59,218.81,31.50,42.90,0.8361,1,1
262,12,347.18,195.25,68.69,48.25,0.8546,1,1
262,16,638.68,51.44,50.34,40.18,0.7950,1,1
262,18,858.77,654.64,134.76,107.33,0.8009,1,1
262,27,692.96,198.14,85.24,65.49,0.9036,1,1
262,46,898.71,147.29,74.09,77.70,0.9045,1,1
262,176,654.30,861.70,157.87,132.16,0.8876,1,1
262,181,654.24,86.23,28.31,34.00,0.8407,1,1
262,202,704.87,160.48,27.41,20.28,0.7334,1,1
262,207,1006.70,26.21,45.27,38.15,0.8941,1,1
262,238,481.78,196.99,37.35,25.83,0.6394,1,1
262,258,929.71,0.51,16.81,13.36,0.6851,1,1
262,260,76.68,409.89,33.99,34.38,0.3230,1,1
262,304,1466.20,0.51,28.92,24.28,0.2575,1,1
262,314,967.03,54.09,16.01,24.34,0.7187,1,1
262,315,-0.76,635.69,32.88,38.70,0.4130,1,1
262,317,200.34,533.19,21.05,27.18,0.2727,1,1
263,1,452.79,398.56,82.43,91.43,0.4035,1,1
263,2,1159.20,400.71,102.56,88.41,0.9199,1,1
263,5,474.10,150.37,58.87,47.26,0.8968,1,1
263,9,383.75,217.67,32.83,43.55,0.8222,1,1
263,12,349.28,195.92,67.32,47.40,0.8541,1,1
263,16,640.50,50.49,51.74,42.37,0.8588,1,1
263,18,862.31,654.47,135.03,107.81,0.7976,1,1
263,27,688.05,199.39,86.36,65.92,0.8982,1,1
263,46,898.95,147.11,73.90,76.89,0.9047,1,1
263,176,655.04,860.72,157.96,132.28,0.8859,1,1
263,181,656.24,87.75,28.43,31.18,0.8544,1,1
263,202,703.63,159.97,25.45,19.53,0.7458,1,1
263,207,1005.76,25.95,45.68,37.69,0.8710,1,1
263,238,482.37,196.53,35.93,24.54,0.5116,1,1
263,258,929.40,0.62,16.71,13.41,0.6946,1,1
263,260,76.57,409.68,33.60,33.68,0.4506,1,1
263,314,964.12,51.64,16.19,23.90,0.2997,1,1
263,317,200.45,534.46,23.76,29.79,0.4389,1,1
263,318,860.22,0.23,56.19,39.10,0.4157,1,1
263,319,499.17,235.82,37.06,33.30,0.6995,1,1
263,321,1157.70,578.94,48.45,47.30,0.3566,1,1
264,1,452.39,399.79,81.26,91.42,0.5321,1,1
264,2,1159.77,404.33,103.98,89.45,0.9093,1,1
264,5,473.55,150.35,58.32,46.79,0.8988,1,1
264,9,386.87,217.84,32.58,43.55,0.8082,1,1
264,12,350.51,195.34,68.52,48.42,0.8477,1,1
264,16,641.98,49.82,52.54,43.53,0.8734,1,1
264,18,862.36,654.13,134.64,107.82,0.8226,1,1
264,27,685.93,202.84,85.79,64.38,0.9057,1,1
264,46,897.66,146.64,75.51,77.49,0.9002,1,1
264,176,655.05,859.62,158.81,134.71,0.8806,1,1
264,181,656.67,88.43,29.77,30.71,0.8576,1,1
264,202,707.06,160.00,28.27,20.54,0.8000,1,1
264,207,1004.43,25.77,46.08,37.58,0.8517,1,1
264,238,482.27,196.51,35.56,24.12,0.5228,1,1
264,258,929.30,0.68,16.77,13.49,0.6803,1,1
264,260,77.19,409.09,33.60,33.10,0.5740,1,1
264,315,-1.43,634.87,37.10,44.05,0.2891,1,1
264,318,860.08,0.23,56.54,39.45,0.3612,1,1
264,319,506.90,243.64,34.98,32.18,0.7770,1,1
264,321,1157.08,577.94,48.44,47.63,0.5161,1,1
265,1,452.07,400.58,79.71,92.49,0.7288,1,1
265,2,1161.78,406.84,104.81,90.78,0.9008,1,1
265,5,473.58,150.50,57.60,46.39,0.9011,1,1
265,9,387.94,218.82,32.62,42.95,0.7615,1,1
265,12,354.16,195.16,66.99,47.31,0.8446,1,1
265,16,644.10,49.23,52.33,42.80,0.8690,1,1
265,18,862.58,653.41,135.10,108.68,0.8189,1,1
265,27,682.02,202.91,87.04,65.69,0.9059,1,1
265,46,898.72,146.80,74.49,76.52,0.8956,1,1
265,176,652.81,858.18,158.60,136.41,0.8957,1,1
265,181,658.86,88.27,30.43,30.59,0.8393,1,1
265,202,704.68,159.61,29.39,20.23,0.7642,1,1
265,207,1002.87,25.35,46.48,37.61,0.8427,1,1
265,238,481.82,196.38,35.30,23.68,0.4722,1,1
265,258,929.05,1.02,16.81,13.52,0.6934,1,1
265,260,76.56,409.60,33.51,31.82,0.3952,1,1
265,308,60.84,651.59,46.01,38.01,0.3473,1,1
265,315,-1.52,633.23,35.82,43.12,0.3743,1,1
265,319,517.35,250.20,30.08,29.81,0.7714,1,1
265,321,1158.00,579.54,46.07,45.48,0.5906,1,1
265,322,89.99,516.43,40.89,26.61,0.4879,1,1
265,323,954.16,44.59,27.59,24.77,0.5384,1,1
266,1,451.58,400.68,79.15,94.56,0.8527,1,1
266,2,1165.11,409.99,103.30,90.03,0.9010,1,1
266,5,472.88,149.80,57.79,46.87,0.9059,1,1
266,9,390.77,218.39,32.33,43.08,0.7263,1,1
266,12,355.51,194.59,67.68,49.21,0.8398,1,1
266,16,646.13,49.22,52.57,42.50,0.8650,1,1
266,18,863.96,653.78,132.89,106.72,0.8250,1,1
266,27,678.72,203.97,87.25,66.41,0.9109,1,1
266,46,898.60,146.46,74.91,77.82,0.8970,1,1
266,176,656.79,856.29,157.06,135.29,0.8932,1,1
266,181,660.40,88.08,30.99,30.07,0.8378,1,1
266,202,702.56,159.65,29.87,20.04,0.6450,1,1
266,207,1000.44,25.19,47.71,37.44,0.8578,1,1
266,238,480.02,195.92,37.81,25.34,0.3735,1,1
266,258,928.91,1.11,16.97,13.59,0.7051,1,1
266,260,76.68,410.45,33.74,31.02,0.3394,1,1
266,315,-0.82,631.83,34.26,41.61,0.4581,1,1
266,319,521.28,255.57,29.96,29.27,0.7753,1,1
266,321,1159.26,580.32,45.57,46.14,0.7313,1,1
266,322,92.23,515.59,41.08,26.16,0.6044,1,1
266,323,956.58,44.39,25.63,23.76,0.6733,1,1
267,1,450.28,401.98,79.41,95.78,0.8665,1,1
267,2,1166.31,411.36,102.89,88.63,0.9058,1,1
267,5,472.62,148.82,57.54,47.20,0.9066,1,1
267,9,392.76,218.67,30.70,40.43,0.6561,1,1
267,12,357.98,195.17,66.62,48.70,0.8481,1,1
267,16,648.63,48.44,52.31,42.07,0.8549,1,1
267,18,864.40,653.71,132.41,106.16,0.8247,1,1
267,27,675.59,205.35,87.08,66.41,0.9079,1,1
267,46,898.87,145.92,75.18,78.43,0.8891,1,1
267,176,662.40,854.11,154.57,131.31,0.8861,1,1
267,181,663.93,87.30,30.64,29.88,0.8471,1,1
267,202,704.53,160.61,29.18,19.08,0.5379,1,1
267,207,998.64,25.23,47.16,37.25,0.8469,1,1
267,238,479.09,195.64,38.05,25.07,0.5209,1,1
267,258,928.53,1.27,17.16,13.60,0.7142,1,1
267,260,76.24,411.07,34.85,30.71,0.5157,1,1
267,308,62.88,651.67,44.73,37.69,0.2892,1,1
267,315,0.10,632.52,33.05,40.01,0.6032,1,1
267,319,522.50,262.24,30.94,27.09,0.7962,1,1
267,322,95.86,515.64,42.46,25.79,0.6509,1,1
267,323,958.93,45.28,25.62,25.11,0.7287,1,1
268,1,450.38,402.00,79.16,95.89,0.8661,1,1
268,2,1166.10,411.36,103.31,88.64,0.9058,1,1
268,5,472.74,148.70,57.34,47.31,0.9077,1,1
268,9,392.77,218.70,30.84,40.20,0.6562,1,1
268,12,358.11,195.18,66.43,48.69,0.8482,1,1
268,16,648.61,48.43,52.45,42.08,0.8542,1,1
268,18,864.36,653.69,132.55,106.21,0.8246,1,1
268,27,675.61,205.36,87.00,66.40,0.9080,1,1
268,46,898.94,145.90,75.11,78.51,0.8875,1,1
268,176,661.86,853.99,155.08,131.35,0.8890,1,1
268,181,664.05,87.32,30.54,29.85,0.8470,1,1
268,202,704.53,160.76,29.70,18.93,0.5391,1,1
268,207,998.68,25.23,46.99,37.25,0.8468,1,1
268,238,478.18,195.45,39.37,25.79,0.5140,1,1
268,258,928.44,1.28,17.28,13.60,0.7139,1,1
268,260,75.75,411.16,35.85,30.67,0.5178,1,1
268,308,63.48,651.68,43.97,37.63,0.2718,1,1
268,315,0.22,632.71,32.91,39.70,0.6025,1,1
268,319,521.62,262.45,32.72,27.03,0.7969,1,1
268,322,95.38,515.68,44.04,25.76,0.6594,1,1
268,323,959.49,45.34,24.75,25.19,0.7282,1,1
269,1,449.06,402.53,81.37,99.16,0.8516,1,1
269,2,1167.75,411.24,103.59,89.06,0.9087,1,1
269,5,472.54,149.09,56.81,46.47,0.8919,1,1
269,9,393.81,218.27,32.06,41.37,0.6806,1,1
269,12,360.35,195.92,66.44,48.94,0.8490,1,1
269,16,649.90,47.96,52.11,41.52,0.8408,1,1
269,18,864.28,653.84,131.98,105.57,0.8286,1,1
269,27,673.32,206.52,87.75,66.52,0.9149,1,1
269,46,899.10,145.47,75.38,79.23,0.8887,1,1
269,176,664.59,852.00,153.15,131.16,0.8938,1,1
269,181,664.85,86.74,31.35,29.89,0.8303,1,1
269,202,699.89,162.23,29.47,18.55,0.3399,1,1
269,207,995.91,24.83,47.36,37.29,0.8577,1,1
269,238,477.16,195.29,39.99,26.04,0.5221,1,1
269,258,928.16,1.32,17.60,13.69,0.7089,1,1
269,308,64.41,651.97,43.12,37.72,0.4199,1,1
269,315,-0.18,630.27,34.12,41.42,0.6015,1,1
269,319,527.00,265.85,33.36,25.87,0.8027,1,1
269,322,100.68,515.50,44.55,25.19,0.6628,1,1
269,323,961.17,46.25,25.14,26.07,0.7960,1,1
270,1,448.50,406.82,81.38,98.26,0.8303,1,1
270,2,1168.46,411.14,103.16,88.65,0.9064,1,1
270,5,472.64,148.43,56.80,46.30,0.8997,1,1
270,9,396.10,218.40,32.09,41.76,0.6585,1,1
270,12,362.30,196.31,66.91,49.34,0.8544,1,1
270,16,650.80,46.92,52.63,42.19,0.8227,1,1
270,18,864.09,653.75,132.50,106.11,0.8283,1,1
270,27,670.36,206.64,87.95,67.95,0.9071,1,1
270,46,899.84,145.27,75.00,78.52,0.8743,1,1
270,176,668.78,849.38,152.71,130.18,0.8860,1,1
270,181,666.39,85.10,31.92,30.01,0.7614,1,1
270,207,994.65,24.70,47.70,36.97,0.8635,1,1
270,238,476.46,194.37,40.54,26.21,0.7267,1,1
270,258,927.99,1.35,17.68,13.59,0.6971,1,1
270,315,0.54,629.88,34.70,41.62,0.6517,1,1
270,319,527.35,269.07,37.60,27.69,0.8608,1,1
270,321,1165.21,587.36,45.49,47.62,0.5410,1,1
270,322,101.26,514.48,49.44,26.90,0.7679,1,1
270,323,961.35,47.58,27.29,29.43,0.7757,1,1
271,1,447.70,407.73,81.73,98.07,0.8004,1,1
271,2,1169.54,411.05,102.83,86.49,0.9041,1,1
271,5,472.79,147.91,56.45,46.04,0.8971,1,1
271,9,399.07,219.71,32.20,42.89,0.7162,1,1
271,12,365.22,196.47,65.79,46.89,0.8509,1,1
271,16,653.27,45.88,50.85,40.01,0.7920,1,1
271,18,863.79,653.44,132.96,106.56,0.8213,1,1
271,27,668.50,207.21,86.46,68.54,0.9124,1,1
271,46,899.99,144.55,74.77,78.47,0.8624,1,1
271,176,668.22,845.73,155.75,129.85,0.8793,1,1
271,181,668.72,82.37,32.86,31.44,0.7213,1,1
271,207,993.26,24.92,47.39,36.27,0.8528,1,1
271,238,475.90,193.90,41.28,26.70,0.7520,1,1
271,258,927.52,1.22,18.11,13.70,0.7310,1,1
271,308,67.60,652.52,41.10,37.31,0.4173,1,1
271,315,1.19,629.62,35.77,41.67,0.6888,1,1
271,319,530.33,274.43,37.25,25.01,0.8397,1,1
271,322,102.20,514.51,49.79,26.76,0.7182,1,1
271,323,961.84,51.23,26.61,29.25,0.8388,1,1
272,1,447.25,410.39,81.72,96.50,0.8656,1,1
272,2,1169.27,408.88,104.00,86.79,0.9070,1,1
272,5,472.81,147.92,55.96,45.48,0.8912,1,1
272,9,402.84,220.70,31.75,43.40,0.6818,1,1
272,12,366.82,197.64,65.86,45.36,0.8468,1,1
272,16,654.62,44.19,51.48,39.29,0.8267,1,1
272,18,862.94,652.73,134.00,107.77,0.8130,1,1
272,27,666.86,208.03,85.76,68.75,0.9096,1,1
272,46,900.64,144.34,74.07,77.07,0.8784,1,1
272,176,671.09,842.71,157.47,126.73,0.8980,1,1
272,181,670.40,80.74,32.89,31.78,0.5829,1,1
272,207,992.68,25.11,47.88,36.40,0.8477,1,1
272,238,475.70,192.98,41.54,27.06,0.7720,1,1
272,258,927.68,1.23,18.12,13.64,0.7478,1,1
272,308,67.88,651.60,40.51,38.21,0.6057,1,1
272,315,1.01,629.40,36.54,41.83,0.6763,1,1
272,319,534.05,278.45,36.30,23.65,0.8435,1,1
272,322,102.10,514.58,53.15,27.43,0.7423,1,1
272,323,966.09,57.91,25.72,27.43,0.7703,1,1
273,1,446.53,412.72,82.40,96.69,0.8886,1,1
273,2,1168.31,406.26,104.29,86.42,0.9040,1,1
273,5,473.13,147.94,55.71,45.17,0.8898,1,1
273,9,404.68,222.54,31.54,43.74,0.6537,1,1
273,12,368.14,198.05,66.71,45.04,0.8546,1,1
273,16,655.68,43.20,51.76,38.55,0.8328,1,1
273,18,862.82,652.58,134.11,108.17,0.8043,1,1
273,27,662.00,208.62,88.16,69.41,0.9097,1,1
273,46,901.28,143.93,74.32,77.27,0.8935,1,1
273,176,675.31,838.06,161.01,129.87,0.9104,1,1
273,181,671.63,80.56,32.09,31.12,0.3396,1,1
273,207,992.42,24.92,47.60,36.51,0.8647,1,1
273,238,475.71,192.82,41.31,26.98,0.7910,1,1
273,258,927.76,1.20,17.95,13.59,0.7644,1,1
273,298,968.62,69.05,23.55,22.25,0.8218,1,1
273,308,68.27,651.17,39.69,38.38,0.6350,1,1
273,315,0.79,628.98,37.77,42.71,0.6808,1,1
273,319,537.29,280.32,36.30,22.96,0.8420,1,1
273,322,99.79,514.52,57.68,28.88,0.7514,1,1
274,1,446.44,412.76,82.63,96.70,0.8872,1,1
274,2,1168.15,406.22,104.59,86.44,0.9040,1,1
274,5,473.09,147.90,55.75,45.16,0.8903,1,1
274,9,405.00,222.71,31.21,43.79,0.6540,1,1
274,12,367.86,198.03,67.37,45.07,0.8547,1,1
274,16,655.37,43.18,52.42,38.56,0.8322,1,1
274,18,862.96,652.54,133.87,108.15,0.8048,1,1
274,27,661.69,208.62,88.71,69.41,0.9097,1,1
274,46,901.26,143.92,74.40,77.36,0.8932,1,1
274,176,675.35,838.05,160.89,129.89,0.9115,1,1
274,181,671.89,80.60,31.75,30.90,0.3301,1,1
274,207,992.57,24.92,47.43,36.53,0.8677,1,1
274,238,475.73,192.80,41.25,26.98,0.7885,1,1
274,258,927.79,1.21,17.88,13.59,0.7639,1,1
274,298,968.64,69.05,23.55,22.26,0.8210,1,1
274,308,68.53,651.11,39.14,38.41,0.6277,1,1
274,315,0.62,628.96,38.17,42.77,0.6814,1,1
274,319,537.10,280.35,36.83,22.95,0.8423,1,1
274,322,99.21,514.52,58.91,28.94,0.7576,1,1
274,331,688.24,163.43,42.58,22.42,0.5414,1,1
274,332,940.76,100.35,19.93,20.44,0.4391,1,1
274,333,952.47,1000.34,52.47,67.03,0.7510,1,1
275,1,446.02,414.33,82.30,96.39,0.9080,1,1
275,2,1167.72,401.70,103.18,86.61,0.9078,1,1
275,5,473.30,147.81,55.42,44.68,0.8900,1,1
275,9,406.89,224.21,29.98,42.16,0.6910,1,1
275,12,369.14,199.17,66.96,44.83,0.8739,1,1
275,16,656.04,41.95,52.92,38.75,0.8572,1,1
275,18,862.55,652.37,132.87,107.58,0.7979,1,1
275,27,659.02,209.38,88.48,69.96,0.9092,1,1
275,46,901.62,143.52,74.54,77.44,0.9008,1,1
275,176,680.39,835.42,161.55,129.73,0.9029,1,1
275,181,672.73,78.33,32.33,31.66,0.3422,1,1
275,207,992.16,24.96,47.63,36.81,0.8734,1,1
275,238,476.48,192.86,40.49,26.72,0.8104,1,1
275,258,927.69,1.13,17.99,13.68,0.7662,1,1
275,260,74.80,411.26,35.27,29.01,0.3197,1,1
275,298,964.62,75.69,22.67,21.48,0.6780,1,1
275,308,70.72,653.00,37.26,36.60,0.5491,1,1
275,315,0.89,629.19,38.44,42.43,0.6784,1,1
275,319,537.58,280.59,37.58,23.40,0.8613,1,1
275,322,99.84,514.22,62.03,29.27,0.7906,1,1
275,331,692.85,157.03,43.16,24.34,0.5325,1,1
275,332,937.45,94.78,19.14,18.98,0.4690,1,1
275,333,948.54,1005.36,52.22,61.14,0.8089,1,1
275,335,731.36,144.69,31.70,29.62,0.5815,1,1
276,1,445.80,414.31,82.18,97.08,0.9112,1,1
276,2,1166.79,398.64,102.96,86.69,0.9144,1,1
276,5,473.31,146.80,55.63,45.17,0.8944,1,1
276,9,408.25,223.16,29.99,42.72,0.6563,1,1
276,12,370.13,198.99,66.73,44.88,0.8798,1,1
276,16,656.43,40.61,53.33,39.01,0.8741,1,1
276,18,858.78,652.56,131.27,106.24,0.8250,1,1
276,27,656.61,209.36,88.40,69.98,0.9141,1,1
276,46,901.83,142.91,75.76,79.16,0.8911,1,1
276,176,682.10,833.16,164.03,127.47,0.9048,1,1
276,181,673.33,75.12,33.59,33.85,0.6017,1,1
276,207,992.01,24.95,47.99,37.04,0.8721,1,1
276,238,476.49,192.58,40.46,26.89,0.8133,1,1
276,258,927.72,1.20,17.81,13.50,0.7524,1,1
276,260,74.83,411.51,35.54,28.40,0.3311,1,1
276,308,73.31,656.36,34.53,33.64,0.5981,1,1
276,315,0.65,628.06,38.63,42.50,0.4989,1,1
276,319,536.55,279.74,39.78,25.64,0.8483,1,1
276,322,106.89,513.60,59.84,28.27,0.8008,1,1
276,331,707.15,150.52,31.56,23.64,0.8321,1,1
276,332,934.81,88.60,21.28,18.96,0.6986,1,1
276,333,942.44,1010.21,57.55,61.83,0.8269,1,1
277,1,445.74,413.90,82.08,98.10,0.9102,1,1
277,2,1165.13,395.09,101.98,85.85,0.9024,1,1
277,5,473.24,146.21,55.63,45.36,0.8946,1,1
277,9,409.23,223.09,29.74,42.56,0.6703,1,1
277,12,370.97,200.45,65.83,43.70,0.8785,1,1
277,16,656.61,39.32,54.13,39.91,0.8786,1,1
277,18,859.79,652.88,129.74,105.91,0.8599,1,1
277,27,654.45,209.41,87.59,69.81,0.9197,1,1
277,46,902.53,142.63,73.79,77.23,0.8919,1,1
277,176,686.33,830.66,164.93,123.92,0.9009,1,1
277,181,674.26,72.29,34.26,36.19,0.6814,1,1
277,207,992.24,24.70,48.45,37.23,0.8794,1,1
277,238,476.50,192.03,40.42,26.99,0.8060,1,1
277,258,927.37,1.14,17.86,13.33,0.7705,1,1
277,319,536.30,278.62,39.68,26.00,0.8561,1,1
277,322,110.63,514.25,59.21,27.29,0.7141,1,1
277,331,713.86,144.14,29.37,22.31,0.3630,1,1
277,332,928.40,85.34,23.21,18.60,0.7792,1,1
277,333,947.89,1013.13,61.11,61.80,0.8361,1,1
277,336,838.36,0.66,55.36,30.52,0.5418,1,1
277,337,1460.41,0.93,34.52,29.42,0.5212,1,1
278,1,445.91,414.33,81.92,98.03,0.9039,1,1
278,2,1162.96,390.47,102.06,85.62,0.9046,1,1
278,5,473.94,146.41,54.87,44.36,0.8901,1,1
278,9,409.06,223.32,29.79,42.50,0.6551,1,1
278,12,371.06,200.48,66.39,43.73,0.8725,1,1
278,16,657.97,38.94,53.68,39.07,0.8856,1,1
278,18,860.51,652.50,127.31,103.78,0.8806,1,1
278,27,652.57,209.25,86.68,70.93,0.9170,1,1
278,46,902.60,142.57,73.47,77.44,0.8541,1,1
278,176,690.45,828.83,165.24,122.98,0.8909,1,1
278,181,674.24,69.47,34.55,37.67,0.7397,1,1
278,207,992.11,24.70,48.66,37.43,0.8806,1,1
278,238,476.34,191.31,40.64,27.40,0.7892,1,1
278,258,927.26,1.18,17.97,13.24,0.7683,1,1
278,260,75.74,413.13,34.69,26.86,0.4084,1,1
278,319,536.85,277.57,40.30,26.51,0.8556,1,1
278,322,118.05,515.42,58.47,26.80,0.3429,1,1
278,332,920.24,83.56,25.87,20.10,0.8015,1,1
278,333,953.39,1022.75,59.43,54.04,0.7888,1,1
278,337,1461.61,1.30,33.96,28.89,0.3686,1,1
278,338,851.18,212.42,26.28,30.77,0.2879,1,1
279,1,446.10,413.04,80.91,98.29,0.9116,1,1
279,2,1162.01,386.92,101.46,84.00,0.9086,1,1
279,5,473.83,145.00,56.03,45.41,0.8895,1,1
279,9,409.19,223.65,29.73,42.36,0.6625,1,1
279,12,371.26,200.85,66.25,43.39,0.8715,1,1
279,16,659.41,38.68,53.19,38.15,0.8816,1,1
279,18,859.89,652.45,126.93,103.47,0.8808,1,1
279,27,651.43,209.23,84.03,71.06,0.9122,1,1
279,46,903.93,141.80,72.82,76.99,0.7889,1,1
279,176,694.51,826.35,165.46,124.03,0.8814,1,1
279,181,676.69,68.38,33.60,38.05,0.7965,1,1
279,207,992.46,24.66,49.27,37.82,0.8695,1,1
279,238,477.01,190.65,39.74,26.89,0.7931,1,1
279,258,927.33,1.11,18.00,12.97,0.7477,1,1
279,260,75.78,413.52,34.87,26.34,0.4120,1,1
279,319,536.60,277.36,40.29,26.54,0.8555,1,1
279,322,131.40,516.26,54.00,24.99,0.4799,1,1
279,332,911.72,82.56,27.57,21.52,0.8731,1,1
279,333,957.09,1028.13,63.36,51.83,0.7928,1,1
279,337,1461.40,1.74,32.99,28.07,0.3462,1,1
280,1,446.29,412.97,80.62,98.43,0.9116,1,1
280,2,1161.79,386.87,101.90,84.02,0.9085,1,1
280,5,473.86,144.97,55.98,45.42,0.8897,1,1
280,9,409.10,223.72,29.81,42.42,0.6617,1,1
280,12,371.15,200.80,66.51,43.45,0.8732,1,1
280,16,659.26,38.69,53.52,38.14,0.8814,1,1
280,18,859.88,652.43,126.95,103.51,0.8805,1,1
280,27,651.90,209.23,83.05,71.08,0.9123,1,1
280,46,904.08,141.77,72.59,76.92,0.7878,1,1
280,176,694.84,826.32,164.92,124.03,0.8814,1,1
280,181,677.06,68.34,33.00,38.08,0.7962,1,1
280,207,992.44,24.65,49.32,37.81,0.8684,1,1
280,238,477.09,190.59,39.59,26.85,0.7935,1,1
280,258,927.22,1.11,18.25,12.94,0.7471,1,1
280,260,75.55,413.61,35.38,26.26,0.4120,1,1
280,319,536.52,277.33,40.37,26.59,0.8565,1,1
280,322,133.74,516.41,52.89,24.70,0.4809,1,1
280,332,911.62,82.55,27.56,21.55,0.8728,1,1
280,333,955.27,1028.28,67.38,51.78,0.7927,1,1
280,337,1461.41,1.87,32.82,27.88,0.3595,1,1
281,1,446.17,412.44,80.65,100.23,0.8868,1,1
281,2,1161.25,384.20,99.62,81.57,0.9051,1,1
281,5,474.14,144.07,55.97,46.27,0.8902,1,1
281,9,408.44,223.93,30.19,42.88,0.6718,1,1
281,12,371.30,199.20,67.29,44.92,0.8682,1,1
281,16,660.04,38.19,53.69,38.14,0.8734,1,1
281,18,859.91,652.29,126.60,103.23,0.8837,1,1
281,27,649.35,209.18,82.99,70.05,0.9081,1,1
281,46,903.76,140.77,72.98,77.53,0.6583,1,1
281,176,695.37,825.84,165.95,124.83,0.8842,1,1
281,181,679.43,67.65,32.06,38.03,0.8009,1,1
281,207,992.71,24.76,49.72,38.08,0.8869,1,1
281,238,476.72,190.51,40.07,27.22,0.8041,1,1
281,258,927.12,1.13,18.38,12.85,0.7532,1,1
281,260,76.20,414.36,34.52,25.12,0.3791,1,1
281,319,536.59,278.81,41.41,28.15,0.8588,1,1
281,322,137.11,514.60,54.37,29.02,0.7762,1,1
281,332,908.74,85.91,24.87,20.10,0.8417,1,1
281,333,954.72,1029.91,63.75,49.46,0.7933,1,1
281,337,1462.28,1.91,32.99,28.01,0.3895,1,1
281,340,188.02,498.44,30.11,34.70,0.2556,1,1
281,341,753.29,91.75,27.24,25.87,0.7323,1,1
282,1,445.91,410.46,81.92,103.64,0.8378,1,1
282,2,1159.81,381.67,99.41,80.17,0.9019,1,1
282,5,474.70,143.95,55.51,46.25,0.8904,1,1
282,9,408.02,224.21,30.18,42.70,0.7016,1,1
282,12,371.31,199.29,66.29,44.61,0.8672,1,1
282,16,661.44,38.37,53.41,37.52,0.8619,1,1
282,18,859.94,652.05,127.02,104.23,0.8678,1,1
282,27,647.97,209.00,83.43,68.43,0.9018,1,1
282,46,905.03,140.47,71.03,75.31,0.6605,1,1
282,176,696.87,824.55,164.07,125.65,0.8899,1,1
282,181,681.34,66.66,31.74,38.09,0.8062,1,1
282,207,993.75,25.09,48.69,38.14,0.8858,1,1
282,238,477.12,190.39,40.21,27.58,0.7923,1,1
282,258,926.72,1.06,18.90,13.16,0.7552,1,1
282,319,535.78,279.98,41.89,29.31,0.8449,1,1
282,322,144.13,514.51,49.58,31.56,0.8190,1,1
282,332,905.21,84.89,26.66,23.33,0.8259,1,1
282,333,956.90,1032.74,62.14,47.00,0.6691,1,1
282,337,1462.60,1.73,33.00,27.67,0.4815,1,1
282,340,184.05,490.33,33.69,38.59,0.6105,1,1
282,341,757.72,80.48,26.94,28.01,0.8183,1,1
283,1,445.56,409.25,83.05,106.65,0.7686,1,1
283,2,1156.32,377.45,100.78,80.32,0.9143,1,1
283,5,474.85,143.77,55.62,46.39,0.8900,1,1
283,9,405.37,224.50,31.05,43.91,0.6666,1,1
283,12,370.81,201.64,64.45,42.04,0.8799,1,1
283,16,662.96,38.60,52.60,36.57,0.8520,1,1
283,18,859.04,651.78,127.70,104.49,0.8526,1,1
283,27,647.66,209.08,82.73,66.05,0.8982,1,1
283,46,906.28,140.35,69.83,73.87,0.6457,1,1
283,176,699.88,824.12,164.80,126.02,0.8908,1,1
283,181,682.96,66.96,31.12,37.73,0.7875,1,1
283,207,994.54,25.36,48.13,38.41,0.8931,1,1
283,238,476.73,190.10,40.42,27.81,0.7711,1,1
283,258,926.84,1.05,19.02,13.12,0.7452,1,1
283,319,533.62,280.63,43.08,32.60,0.8408,1,1
283,322,150.70,513.21,44.71,30.42,0.7928,1,1
283,332,903.33,87.88,26.21,24.70,0.8387,1,1
283,333,958.65,1034.01,62.36,46.04,0.6891,1,1
283,337,1462.56,2.08,33.09,27.29,0.5057,1,1
283,340,183.08,486.97,32.92,37.48,0.4714,1,1
283,341,761.56,71.83,25.37,27.45,0.7502,1,1
284,1,445.89,408.88,80.88,107.94,0.8378,1,1
284,2,1152.29,374.96,101.71,80.22,0.9172,1,1
284,5,474.92,143.82,55.49,46.30,0.8878,1,1
284,9,403.55,224.99,30.97,44.15,0.7230,1,1
284,12,369.69,202.11,64.75,41.38,0.8767,1,1
284,16,663.49,38.29,53.28,37.01,0.8478,1,1
284,18,858.19,651.37,127.99,104.38,0.8773,1,1
284,27,647.61,208.73,83.37,65.77,0.8861,1,1
284,46,907.00,139.97,69.39,73.16,0.6067,1,1
284,176,701.09,824.18,163.87,126.66,0.8961,1,1
284,181,684.89,65.93,30.65,38.05,0.7547,1,1
284,207,995.17,25.42,48.72,39.15,0.8927,1,1
284,238,476.78,190.12,40.38,27.73,0.7649,1,1
284,258,926.53,1.04,19.44,13.37,0.7412,1,1
284,308,75.42,661.21,31.72,30.31,0.3380,1,1
284,319,528.71,281.27,44.20,34.94,0.8772,1,1
284,322,155.82,511.23,42.08,28.96,0.8099,1,1
284,332,901.97,90.98,24.54,23.09,0.2757,1,1
284,333,958.33,1034.21,62.97,45.86,0.6783,1,1
284,337,1461.95,2.06,33.67,27.31,0.5097,1,1
284,340,182.29,484.27,31.48,34.96,0.5376,1,1
284,341,764.70,63.73,25.21,28.82,0.7858,1,1
285,1,446.34,408.85,79.29,107.75,0.7937,1,1
285,2,1148.99,372.65,103.59,81.04,0.9139,1,1
285,5,474.88,143.72,55.50,46.24,0.8881,1,1
285,9,399.93,224.40,31.74,45.24,0.7771,1,1
285,12,366.32,201.21,67.18,43.40,0.8669,1,1
285,16,663.59,37.48,54.93,38.56,0.8633,1,1
285,18,858.99,652.25,125.50,103.40,0.8640,1,1
285,27,647.49,208.79,83.83,64.85,0.8925,1,1
285,46,907.25,139.27,69.41,73.24,0.2783,1,1
285,176,702.65,825.52,163.48,126.59,0.8980,1,1
285,181,687.39,65.69,30.17,38.47,0.6864,1,1
285,207,995.52,25.70,50.47,39.58,0.9018,1,1
285,238,476.46,190.17,40.61,27.99,0.7534,1,1
285,258,926.29,0.97,19.73,13.62,0.7400,1,1
285,308,71.52,658.56,35.06,32.70,0.5430,1,1
285,319,526.44,282.34,42.29,34.98,0.8885,1,1
285,322,157.01,509.17,42.31,28.35,0.8481,1,1
285,332,901.19,91.10,25.69,24.24,0.2741,1,1
285,333,956.47,1034.12,62.26,45.92,0.7431,1,1
285,337,1460.64,1.66,34.86,27.65,0.5694,1,1
285,340,179.82,480.29,33.91,36.82,0.6638,1,1
285,341,765.60,57.92,27.80,31.83,0.7185,1,1
286,1,446.80,408.99,78.28,107.63,0.7821,1,1
286,2,1148.83,372.61,103.89,81.09,0.9140,1,1
286,5,474.85,143.63,55.59,46.33,0.8886,1,1
286,9,399.72,224.44,31.77,45.22,0.7774,1,1
286,12,366.46,201.18,66.86,43.44,0.8687,1,1
286,16,663.71,37.47,54.70,38.59,0.8636,1,1
286,18,859.41,652.26,124.80,103.39,0.8651,1,1
286,27,647.18,208.79,84.47,64.84,0.8924,1,1
286,46,907.31,139.09,69.39,73.28,0.2914,1,1
286,176,702.71,825.54,163.41,126.61,0.8979,1,1
286,181,687.90,65.69,29.50,38.50,0.6866,1,1
286,207,995.32,25.70,50.90,39.59,0.9018,1,1
286,238,476.53,190.14,40.51,28.00,0.7512,1,1
286,258,926.30,0.98,19.70,13.63,0.7399,1,1
286,308,70.86,658.26,35.81,32.96,0.5369,1,1
286,319,526.76,282.35,41.54,34.98,0.8884,1,1
286,322,156.81,509.13,42.78,28.34,0.8479,1,1
286,332,901.06,91.16,25.96,24.57,0.2724,1,1
286,333,956.60,1034.11,61.78,45.93,0.7433,1,1
286,337,1460.27,1.57,35.76,27.83,0.5900,1,1
286,340,179.42,480.00,34.54,36.98,0.6647,1,1
286,341,765.67,57.59,27.94,32.02,0.7170,1,1
286,344,63.57,339.60,59.49,57.42,0.3843,1,1
287,1,446.86,408.19,78.08,108.75,0.7658,1,1
287,2,1147.43,371.81,102.72,78.31,0.9145,1,1
287,5,474.66,143.28,55.83,46.41,0.8880,1,1
287,9,393.75,223.34,34.27,47.19,0.7865,1,1
287,12,362.72,198.71,69.22,46.72,0.8619,1,1
287,16,664.85,37.41,54.39,38.38,0.8703,1,1
287,18,855.99,652.13,127.26,105.80,0.8620,1,1
287,27,647.31,208.63,84.42,63.99,0.8911,1,1
287,176,703.96,827.30,164.42,125.72,0.8987,1,1
287,181,688.67,64.56,29.28,39.19,0.7013,1,1
287,207,996.07,26.02,51.41,39.90,0.9016,1,1
287,238,476.34,189.82,40.88,28.34,0.7467,1,1
287,258,926.33,1.02,19.58,13.56,0.7450,1,1
287,308,70.69,654.44,37.32,34.49,0.6663,1,1
287,319,525.47,283.20,38.81,31.78,0.8293,1,1
287,322,157.15,507.35,42.67,27.74,0.8362,1,1
287,333,955.47,1033.69,62.47,45.57,0.7276,1,1
287,337,1460.12,1.71,35.36,27.21,0.5095,1,1
287,340,177.71,478.82,34.53,36.39,0.6848,1,1
287,344,63.46,339.44,59.44,57.13,0.6317,1,1
288,1,447.76,408.93,76.55,107.73,0.8115,1,1
288,2,1143.80,370.82,102.73,77.85,0.9073,1,1
288,5,474.27,142.96,56.18,46.55,0.8899,1,1
288,9,391.26,223.33,35.12,47.57,0.7966,1,1
288,12,361.31,199.41,67.09,45.91,0.8655,1,1
288,16,665.84,36.96,54.47,38.75,0.8706,1,1
288,18,852.86,652.26,127.78,105.65,0.8764,1,1
288,27,647.53,208.41,85.20,64.05,0.8849,1,1
288,176,702.69,828.67,167.33,127.72,0.8989,1,1
288,181,689.28,65.59,28.43,38.04,0.6793,1,1
288,207,996.24,25.85,52.21,40.76,0.9063,1,1
288,227,905.88,88.90,21.60,28.69,0.3154,1,1
288,238,476.13,189.65,41.21,28.43,0.7528,1,1
288,258,926.45,1.11,19.25,13.28,0.7289,1,1
288,308,68.57,651.61,39.10,35.45,0.7037,1,1
288,319,518.82,284.52,40.47,33.26,0.8339,1,1
288,322,158.44,507.72,42.49,27.01,0.8471,1,1
288,333,960.92,1030.64,66.13,48.84,0.6361,1,1
288,337,1460.27,1.61,35.71,27.17,0.5333,1,1
288,340,176.57,477.63,34.81,36.59,0.5255,1,1
288,344,63.12,339.28,60.10,57.64,0.5783,1,1
289,1,448.05,409.30,75.71,107.16,0.8294,1,1
289,2,1141.17,368.84,100.51,75.40,0.8732,1,1
289,5,474.11,142.98,56.18,46.29,0.8875,1,1
289,9,389.96,224.51,34.87,47.28,0.7878,1,1
289,12,358.58,199.98,65.79,44.62,0.8547,1,1
289,16,666.20,36.82,54.41,39.16,0.8600,1,1
289,18,849.73,651.74,129.14,105.93,0.8763,1,1
289,27,648.54,207.48,85.12,64.74,0.8966,1,1
289,176,701.38,830.30,167.50,128.87,0.8995,1,1
289,181,690.46,65.46,28.47,38.30,0.5823,1,1
289,207,996.77,26.43,52.14,40.51,0.9033,1,1
289,227,906.35,90.12,22.46,28.00,0.5470,1,1
289,238,476.34,189.76,40.96,28.11,0.7161,1,1
289,258,926.56,1.13,19.37,13.43,0.7419,1,1
289,308,68.62,650.30,41.98,37.48,0.3970,1,1
289,319,516.28,287.64,40.06,33.02,0.8169,1,1
289,322,161.99,509.14,42.63,26.60,0.8068,1,1
289,333,960.21,1027.93,64.43,46.55,0.6545,1,1
289,337,1460.72,1.96,35.01,26.66,0.4805,1,1
289,340,176.65,477.02,34.75,36.68,0.5082,1,1
289,344,62.85,338.95,60.47,57.92,0.4822,1,1
289,346,977.35,42.91,16.92,19.79,0.2719,1,1
290,1,448.20,408.74,75.48,107.65,0.8407,1,1
290,2,1136.56,367.85,102.11,75.02,0.9122,1,1
290,5,473.87,142.78,56.28,46.60,0.8840,1,1
290,9,387.15,224.94,34.83,46.83,0.7911,1,1
290,12,356.31,200.84,65.59,44.75,0.8482,1,1
290,16,666.83,36.80,53.55,38.68,0.8522,1,1
290,18,847.79,651.61,129.92,105.79,0.8796,1,1
290,27,648.68,207.46,84.93,64.71,0.8976,1,1
290,176,699.46,831.37,163.30,128.52,0.9002,1,1
290,181,690.45,65.75,28.61,38.43,0.6158,1,1
290,207,998.18,26.56,51.84,40.69,0.9005,1,1
290,238,476.08,189.58,41.48,28.44,0.6932,1,1
290,258,926.76,1.23,19.14,13.31,0.7063,1,1
290,298,961.79,93.35,24.44,27.22,0.7842,1,1
290,308,64.28,648.06,48.96,39.97,0.8096,1,1
290,319,502.37,289.14,44.69,34.29,0.7908,1,1
290,322,163.47,509.04,42.50,25.62,0.8093,1,1
290,333,960.82,1017.78,57.38,45.72,0.7860,1,1
290,337,1460.61,2.09,34.76,26.48,0.4738,1,1
290,340,175.85,476.80,34.86,36.87,0.4681,1,1
290,344,62.54,338.69,60.91,58.26,0.5284,1,1
290,347,-3.02,787.13,79.89,156.11,0.3669,1,1
291,1,448.32,408.51,75.06,107.49,0.8411,1,1
291,2,1133.90,365.95,103.65,75.29,0.9129,1,1
291,5,473.67,142.47,56.36,46.48,0.8783,1,1
291,9,381.82,224.85,36.65,47.88,0.8016,1,1
291,12,353.13,201.47,66.55,45.59,0.8245,1,1
291,16,667.29,36.14,52.42,37.37,0.8425,1,1
291,18,846.65,651.12,129.62,106.16,0.8910,1,1
291,27,649.46,207.13,84.89,65.16,0.9039,1,1
291,176,698.80,832.62,162.91,128.77,0.9004,1,1
291,181,690.94,64.77,28.60,38.49,0.5400,1,1
291,207,998.51,26.39,51.57,40.90,0.8971,1,1
291,238,475.99,189.25,41.56,28.55,0.5833,1,1
291,258,926.74,1.17,19.21,13.42,0.7120,1,1
291,315,-0.29,634.31,30.86,34.93,0.6499,1,1
291,319,497.67,289.94,48.01,37.37,0.7827,1,1
291,322,163.87,508.72,40.71,23.23,0.8138,1,1
291,337,1462.16,1.10,32.31,23.63,0.4478,1,1
291,344,62.70,338.27,60.73,57.88,0.4804,1,1
292,1,448.42,408.51,74.90,107.50,0.8392,1,1
292,2,1133.78,365.90,103.90,75.15,0.9135,1,1
292,5,473.58,142.33,56.52,46.61,0.8784,1,1
292,9,381.43,224.79,37.28,47.95,0.8018,1,1
292,12,353.17,201.49,66.40,45.55,0.8215,1,1
292,16,667.12,36.13,52.74,37.33,0.8430,1,1
292,18,846.80,651.09,129.37,106.21,0.8910,1,1
292,27,649.59,207.10,84.68,65.21,0.9040,1,1
292,176,698.93,832.62,162.65,128.76,0.9003,1,1
292,181,690.99,64.62,28.58,38.52,0.5415,1,1
292,207,998.62,26.39,51.35,40.90,0.8970,1,1
292,238,476.00,189.12,41.58,28.62,0.5754,1,1
292,258,926.78,1.17,19.16,13.42,0.7116,1,1
292,315,-0.17,634.37,30.58,34.86,0.6507,1,1
292,319,497.64,290.00,47.76,37.50,0.7777,1,1
292,322,163.25,508.71,41.87,23.16,0.8140,1,1
292,337,1461.91,0.91,32.93,23.32,0.4562,1,1
292,344,62.76,338.23,60.75,57.65,0.5321,1,1
292,351,72.61,688.65,32.98,56.93,0.3316,1,1
293,1,448.39,408.23,75.13,108.12,0.8413,1,1
293,2,1129.82,362.60,103.41,77.46,0.9112,1,1
293,5,472.93,141.90,56.69,46.48,0.8755,1,1
293,9,376.81,225.68,38.84,48.76,0.8030,1,1
293,12,350.08,202.47,65.96,45.70,0.7612,1,1
293,16,666.94,36.66,52.50,36.54,0.8367,1,1
293,18,846.92,651.02,128.20,106.10,0.8917,1,1
293,27,650.49,206.55,84.91,65.86,0.9042,1,1
293,176,695.87,835.23,162.26,128.38,0.8970,1,1
293,181,690.91,62.75,28.98,39.20,0.6327,1,1
293,207,999.02,26.29,51.79,41.53,0.8976,1,1
293,238,475.16,188.88,41.93,28.80,0.5781,1,1
293,258,926.75,1.14,19.30,13.56,0.6951,1,1
293,298,962.79,100.97,21.71,24.67,0.2500,1,1
293,315,-1.62,634.29,32.26,38.41,0.6125,1,1
293,319,497.33,294.14,43.48,33.41,0.8504,1,1
293,322,163.13,508.62,42.13,22.75,0.8365,1,1
293,337,1460.65,0.63,34.59,23.85,0.4464,1,1
293,351,78.11,686.23,30.07,51.66,0.4594,1,1
293,352,1000.28,56.84,20.74,25.61,0.3024,1,1
293,353,961.28,79.39,26.82,21.34,0.7583,1,1
294,1,448.62,408.34,74.96,107.93,0.8253,1,1
294,2,1126.21,360.10,103.70,78.84,0.9121,1,1
294,5,472.52,141.97,56.24,45.61,0.8660,1,1
294,9,376.61,227.73,36.94,46.98,0.7672,1,1
294,12,345.82,202.87,67.14,47.38,0.8152,1,1
294,16,667.12,37.04,51.42,35.31,0.7904,1,1
294,18,847.88,650.45,125.83,105.73,0.8937,1,1
294,27,652.05,206.32,84.60,64.87,0.9047,1,1
294,176,697.26,834.70,162.16,129.87,0.8913,1,1
294,181,690.82,61.23,29.25,40.41,0.6759,1,1
294,207,999.55,26.21,51.25,41.49,0.8991,1,1
294,238,474.96,188.34,41.85,28.70,0.6257,1,1
294,258,926.76,1.19,19.38,13.65,0.6996,1,1
294,315,-3.67,634.20,33.01,42.84,0.6258,1,1
294,319,494.66,296.43,43.80,33.38,0.8705,1,1
294,322,161.20,509.54,42.83,23.34,0.8516,1,1
294,337,1460.37,1.48,37.13,26.04,0.4016,1,1
294,340,175.58,476.20,34.92,36.32,0.3070,1,1
294,344,63.47,336.55,60.48,57.22,0.2748,1,1
294,347,-4.04,777.61,79.14,157.24,0.3627,1,1
294,351,82.72,682.76,29.94,51.17,0.4155,1,1
294,352,999.25,57.35,22.07,26.99,0.3752,1,1
294,353,959.72,72.50,26.28,20.98,0.7281,1,1
295,1,448.71,408.39,74.84,107.68,0.7961,1,1
295,2,1121.41,358.64,104.14,80.01,0.9143,1,1
295,5,471.37,141.52,56.43,45.40,0.8470,1,1
295,9,374.62,229.46,35.90,45.74,0.7557,1,1
295,12,342.70,200.51,67.66,49.61,0.8167,1,1
295,16,666.62,36.60,51.61,35.17,0.7404,1,1
295,18,848.30,650.19,124.20,105.01,0.8935,1,1
295,27,652.85,205.92,85.75,65.71,0.9054,1,1
295,176,693.81,837.80,160.69,126.61,0.9009,1,1
295,181,689.92,61.45,28.68,40.14,0.7307,1,1
295,207,1000.35,26.26,51.12,41.46,0.9032,1,1
295,238,474.48,187.67,42.40,29.16,0.6217,1,1
295,258,926.75,1.18,19.44,13.76,0.7057,1,1
295,315,-4.66,632.92,33.52,46.21,0.5288,1,1
295,319,490.79,297.44,44.25,33.31,0.8640,1,1
295,322,158.79,512.44,45.72,25.99,0.8430,1,1
295,337,1460.18,1.60,37.39,26.64,0.3994,1,1
295,340,177.66,477.15,34.44,35.46,0.3209,1,1
295,347,-1.25,782.11,72.98,145.30,0.3510,1,1
295,351,84.36,681.34,29.68,51.35,0.7297,1,1
295,352,999.67,57.63,22.08,26.73,0.4912,1,1
295,353,959.40,67.10,23.23,18.53,0.3213,1,1
295,354,980.43,840.70,39.91,41.55,0.5307,1,1
295,356,54.81,634.72,45.70,33.94,0.8567,1,1
296,1,448.86,409.46,74.42,106.53,0.7931,1,1
296,2,1119.66,357.43,103.68,79.59,0.9135,1,1
296,5,470.66,140.30,56.25,45.03,0.8451,1,1
296,9,371.91,230.06,35.44,45.68,0.7678,1,1
296,12,340.72,201.29,65.87,49.24,0.8266,1,1
296,16,665.55,36.80,52.07,35.40,0.7586,1,1
296,18,848.04,650.46,123.22,104.52,0.8934,1,1
296,27,653.38,205.62,87.11,65.98,0.9069,1,1
296,176,688.64,838.61,162.11,125.86,0.9046,1,1
296,181,688.41,60.79,28.87,40.49,0.7497,1,1
296,207,1000.33,26.20,51.66,41.72,0.9031,1,1
296,238,474.05,186.53,42.30,29.31,0.6551,1,1
296,258,926.53,1.08,19.74,14.08,0.7263,1,1
296,315,-4.11,632.61,31.64,45.87,0.5069,1,1
296,319,489.79,300.66,44.26,33.12,0.8673,1,1
296,322,157.38,516.94,46.28,27.33,0.8421,1,1
296,337,1462.65,1.22,32.00,22.31,0.4317,1,1
296,340,179.25,478.62,34.31,35.64,0.3664,1,1
296,347,-2.46,770.63,73.88,149.91,0.4879,1,1
296,351,85.51,680.85,29.04,49.40,0.6157,1,1
296,352,999.78,57.45,22.85,27.11,0.6748,1,1
296,354,980.71,840.75,39.97,40.89,0.5852,1,1
296,356,55.00,633.32,45.99,33.84,0.8539,1,1
296,357,802.59,84.70,40.08,25.53,0.7956,1,1
297,1,449.21,409.97,74.02,105.27,0.7493,1,1
297,2,1116.34,356.72,102.68,78.77,0.9178,1,1
297,5,469.39,139.69,56.16,44.54,0.8576,1,1
297,9,368.70,230.09,35.43,45.71,0.7858,1,1
297,12,338.67,201.86,65.11,48.61,0.8158,1,1
297,16,664.22,37.02,52.62,35.90,0.7009,1,1
297,18,848.32,650.50,122.38,103.94,0.8942,1,1
297,27,655.17,205.62,86.77,65.71,0.9083,1,1
297,46,904.96,134.12,73.13,77.87,0.2889,1,1
297,176,684.62,838.05,162.75,127.71,0.9036,1,1
297,181,686.17,59.08,29.84,42.27,0.7633,1,1
297,207,1000.77,26.35,52.13,41.92,0.9035,1,1
297,238,473.55,185.53,41.76,29.24,0.6952,1,1
297,258,926.70,0.98,19.41,13.93,0.7203,1,1
297,315,-3.58,632.17,29.79,44.03,0.2540,1,1
297,319,486.30,303.35,44.80,31.34,0.8712,1,1
297,322,155.01,519.18,45.76,26.81,0.8321,1,1
297,337,1461.95,1.20,33.51,23.41,0.5157,1,1
297,340,179.92,479.37,33.77,35.42,0.3791,1,1
297,347,-2.78,759.89,73.81,151.70,0.3791,1,1
297,351,86.86,680.09,27.55,45.89,0.6478,1,1
297,352,1000.16,57.66,22.77,26.86,0.6452,1,1
297,354,980.75,841.78,39.27,38.62,0.6705,1,1
297,356,55.04,631.56,45.30,32.97,0.8580,1,1
297,357,800.19,84.94,37.63,24.09,0.6704,1,1
298,1,449.05,409.99,74.37,105.24,0.7520,1,1
298,2,1116.30,356.71,102.70,78.78,0.9178,1,1
298,5,469.24,139.69,56.42,44.54,0.8578,1,1
298,9,368.46,229.98,35.52,45.82,0.7871,1,1
298,12,338.58,201.84,65.17,48.64,0.8169,1,1
298,16,664.17,37.02,52.58,35.97,0.6989,1,1
298,18,848.27,650.59,122.35,103.91,0.8938,1,1
298,27,655.19,205.62,86.78,65.72,0.9083,1,1
298,46,905.11,134.02,72.88,78.04,0.2846,1,1
298,176,684.90,838.03,162.17,127.76,0.9036,1,1
298,181,686.12,58.98,29.75,42.39,0.7634,1,1
298,207,1000.74,26.34,52.23,41.93,0.9035,1,1
298,238,473.67,185.63,41.70,29.25,0.6940,1,1
298,258,926.77,0.95,19.31,13.92,0.7213,1,1
298,298,955.55,111.38,16.43,18.80,0.3289,1,1
298,315,-3.11,632.01,28.76,43.41,0.2613,1,1
298,319,485.55,303.44,46.19,31.32,0.8717,1,1
298,322,154.91,519.24,45.90,26.75,0.8327,1,1
298,323,956.52,55.60,23.95,26.01,0.2920,1,1
298,337,1461.93,1.19,33.63,23.52,0.5180,1,1
298,340,180.15,479.50,33.44,35.32,0.3759,1,1
298,347,-2.55,757.23,73.30,152.34,0.3675,1,1
298,351,86.80,680.09,27.75,45.51,0.6442,1,1
298,352,1000.18,57.65,22.84,26.86,0.6449,1,1
298,354,980.25,841.89,40.22,38.44,0.6718,1,1
298,356,54.90,631.47,45.56,32.98,0.8579,1,1
298,357,800.10,84.95,37.30,23.98,0.6706,1,1
299,1,448.36,410.31,75.03,105.50,0.7331,1,1
299,2,1113.42,356.14,103.00,78.85,0.9145,1,1
299,5,468.15,138.34,56.49,44.77,0.8668,1,1
299,9,366.42,230.62,35.25,45.49,0.7873,1,1
299,12,335.25,202.60,65.14,47.91,0.8315,1,1
299,16,662.55,37.38,52.95,37.15,0.8091,1,1
299,18,848.28,650.06,123.15,105.53,0.8919,1,1
299,27,655.52,205.36,87.37,65.77,0.9097,1,1
299,46,904.73,134.34,72.19,77.98,0.3726,1,1
299,176,684.02,839.38,157.60,127.36,0.9104,1,1
299,181,685.35,60.46,28.40,40.87,0.8213,1,1
299,207,1001.13,26.51,51.86,41.87,0.9061,1,1
299,238,472.57,184.83,41.67,29.51,0.7392,1,1
299,258,926.64,0.94,19.57,14.06,0.7252,1,1
299,298,955.38,113.29,16.90,19.05,0.5825,1,1
299,315,-2.90,632.06,27.43,42.73,0.3663,1,1
299,319,488.12,306.79,43.87,29.47,0.8548,1,1
299,322,157.33,523.24,44.69,26.88,0.8635,1,1
299,337,1457.73,0.86,40.53,30.64,0.6284,1,1
299,340,178.58,479.57,34.39,35.56,0.6553,1,1
299,346,956.61,56.15,23.58,26.75,0.5288,1,1
299,347,-3.32,751.96,72.90,155.83,0.5277,1,1
299,351,87.24,677.61,27.88,42.29,0.7888,1,1
299,352,1000.91,57.69,22.97,27.29,0.5185,1,1
299,354,979.75,843.62,39.47,36.16,0.6168,1,1
299,356,52.40,631.65,46.98,33.63,0.8495,1,1
300,1,448.34,410.20,75.26,105.51,0.5108,1,1
300,2,1110.01,355.82,102.32,78.54,0.9118,1,1
300,5,467.25,137.28,56.77,45.30,0.8658,1,1
300,9,363.92,231.39,35.14,44.78,0.7836,1,1
300,12,331.54,202.55,66.99,49.47,0.8299,1,1
300,16,661.68,37.13,51.21,36.29,0.8455,1,1
300,18,847.64,650.26,122.89,105.29,0.8935,1,1
300,27,656.73,205.14,86.75,65.27,0.9082,1,1
300,46,904.98,134.54,72.33,78.44,0.3217,1,1
300,176,681.66,840.34,155.02,126.28,0.9110,1,1
300,181,681.78,61.12,29.12,40.79,0.8146,1,1
300,207,1001.56,26.72,51.60,41.61,0.9058,1,1
300,238,471.67,184.37,41.39,29.68,0.7209,1,1
300,258,926.84,0.85,19.42,14.01,0.7243,1,1
300,298,956.25,113.84,17.80,19.73,0.5429,1,1
300,315,-3.11,632.56,26.26,43.83,0.5375,1,1
300,319,487.56,307.56,44.27,29.69,0.8433,1,1
300,322,157.35,524.88,43.71,26.11,0.8300,1,1
300,323,955.87,59.06,23.20,25.20,0.2984,1,1
300,337,1457.74,0.67,40.36,31.92,0.5728,1,1
300,340,178.63,480.11,34.38,34.59,0.7037,1,1
300,347,-4.96,743.27,74.39,161.61,0.2568,1,1
300,351,86.62,674.52,28.83,41.95,0.8147,1,1
300,352,1000.93,57.50,23.25,28.12,0.5708,1,1
300,354,979.17,843.98,39.36,35.50,0.4590,1,1
300,356,51.43,632.13,46.40,33.40,0.8496,1,1
301,1,448.30,414.78,75.22,100.27,0.8470,1,1
301,2,1106.64,353.27,103.93,82.04,0.8844,1,1
301,5,467.31,137.15,55.77,44.29,0.8707,1,1
301,9,366.24,233.29,33.76,45.16,0.7714,1,1
301,12,328.30,202.68,67.76,49.84,0.8125,1,1
301,16,660.11,36.73,50.25,35.79,0.8473,1,1
301,18,842.01,650.07,126.83,109.35,0.8612,1,1
301,27,658.62,204.85,85.79,64.67,0.9079,1,1
301,46,906.44,135.06,71.46,77.23,0.2566,1,1
301,176,675.57,841.90,151.01,125.77,0.9032,1,1
301,181,679.09,61.47,29.82,41.19,0.8474,1,1
301,207,1002.04,26.96,51.49,41.44,0.8905,1,1
301,238,471.17,183.86,40.88,30.01,0.7357,1,1
301,258,927.40,1.06,18.17,12.85,0.6568,1,1
301,298,958.51,114.87,19.82,21.35,0.7040,1,1
301,319,486.36,309.30,44.60,29.41,0.8516,1,1
301,322,153.81,525.67,45.18,26.30,0.7774,1,1
301,323,954.70,65.35,22.01,20.72,0.7338,1,1
301,337,1458.91,1.07,37.32,30.18,0.5343,1,1
301,340,179.20,480.76,34.76,35.10,0.7905,1,1
301,344,64.16,332.58,59.97,56.35,0.3098,1,1
301,347,-4.60,739.81,71.51,162.36,0.5668,1,1
301,351,86.81,672.35,28.46,41.24,0.7827,1,1
301,352,1000.28,56.43,23.48,29.26,0.5220,1,1
301,354,979.73,846.32,40.92,35.14,0.6822,1,1
301,356,51.88,631.40,46.88,33.99,0.8852,1,1
302,1,447.37,415.05,76.51,100.20,0.8140,1,1
302,2,1105.45,353.51,102.63,80.26,0.9104,1,1
302,5,466.76,137.12,55.54,44.18,0.8590,1,1
302,9,366.38,235.37,30.79,41.83,0.7729,1,1
302,12,326.59,205.03,66.10,48.69,0.8014,1,1
302,16,658.01,36.57,49.64,36.11,0.8366,1,1
302,18,842.06,650.19,126.23,109.02,0.8553,1,1
302,27,659.87,204.90,85.43,63.61,0.9130,1,1
302,176,672.09,843.28,150.32,125.05,0.8885,1,1
302,181,676.50,62.84,28.91,39.96,0.8072,1,1
302,207,1002.26,27.08,51.21,41.18,0.8922,1,1
302,238,470.77,183.36,40.66,30.80,0.7515,1,1
302,258,927.45,1.12,18.13,12.61,0.6663,1,1
302,298,958.84,115.51,19.62,20.93,0.6618,1,1
302,319,486.07,309.85,44.30,29.84,0.8559,1,1
302,322,151.64,523.64,46.89,26.54,0.7711,1,1
302,323,953.30,67.25,22.52,19.86,0.8099,1,1
302,337,1459.38,0.69,36.26,30.10,0.6137,1,1
302,340,181.47,481.72,33.25,32.62,0.7711,1,1
302,344,64.08,332.19,59.96,56.07,0.4801,1,1
302,347,-4.45,734.90,70.04,164.49,0.5345,1,1
302,351,86.91,669.25,28.44,41.30,0.6071,1,1
302,352,1000.54,56.01,22.92,29.54,0.5492,1,1
302,354,982.44,850.18,39.78,31.88,0.7662,1,1
302,356,51.13,631.77,46.96,33.73,0.8705,1,1
303,1,446.40,415.11,77.83,99.97,0.8261,1,1
303,2,1102.47,352.99,102.67,80.81,0.9172,1,1
303,5,466.74,137.25,55.40,43.96,0.8496,1,1
303,9,363.69,234.67,31.72,43.17,0.7791,1,1
303,12,324.44,205.48,67.81,50.42,0.7936,1,1
303,16,656.46,36.55,46.99,34.03,0.7009,1,1
303,18,842.13,650.67,125.96,108.48,0.8641,1,1
303,27,660.12,204.17,86.27,63.71,0.9096,1,1
303,46,905.73,135.54,71.32,76.37,0.4467,1,1
303,176,670.63,843.52,153.67,125.98,0.8822,1,1
303,181,673.06,62.15,29.50,40.96,0.8222,1,1
303,207,1002.29,27.23,51.22,41.11,0.8949,1,1
303,238,470.70,183.29,40.16,31.03,0.7566,1,1
303,258,927.45,1.13,18.24,12.53,0.6578,1,1
303,298,959.35,115.81,19.29,20.37,0.5587,1,1
303,319,487.19,311.57,42.52,30.02,0.8542,1,1
303,322,152.20,518.12,49.05,28.09,0.7921,1,1
303,323,951.68,67.31,22.86,19.97,0.8199,1,1
303,337,1459.76,0.60,35.41,29.95,0.6439,1,1
303,340,184.21,483.89,27.36,23.85,0.6945,1,1
303,344,63.95,331.99,60.16,56.25,0.2619,1,1
303,347,-3.80,729.30,68.93,166.16,0.5233,1,1
303,351,87.68,665.26,26.71,38.46,0.5145,1,1
303,352,1001.04,56.28,22.27,29.27,0.4742,1,1
303,354,985.58,852.32,41.78,34.15,0.7734,1,1
303,356,50.69,632.32,45.40,31.88,0.8269,1,1
304,1,445.97,415.08,78.70,99.98,0.8342,1,1
304,2,1102.55,352.99,102.47,80.77,0.9172,1,1
304,5,466.71,137.26,55.51,43.98,0.8490,1,1
304,9,363.62,234.66,31.71,43.21,0.7789,1,1
304,12,324.57,205.48,67.49,50.50,0.7936,1,1
304,16,656.27,36.58,47.01,33.92,0.7079,1,1
304,18,841.93,650.68,126.31,108.69,0.8634,1,1
304,27,659.99,204.16,86.52,63.71,0.9096,1,1
304,46,905.48,135.59,71.65,76.25,0.4504,1,1
304,176,670.06,843.47,154.67,126.07,0.8842,1,1
304,181,673.03,62.23,29.39,40.89,0.8221,1,1
304,207,1002.23,27.23,51.30,41.12,0.8948,1,1
304,238,470.93,183.31,39.68,31.06,0.7550,1,1
304,258,927.40,1.13,18.41,12.52,0.6570,1,1
304,298,959.38,115.81,19.38,20.30,0.5626,1,1
304,319,487.73,311.60,41.46,30.03,0.8543,1,1
304,322,152.40,517.90,48.81,28.15,0.7920,1,1
304,323,951.62,67.32,22.94,19.95,0.8203,1,1
304,337,1459.78,0.08,35.47,30.61,0.6507,1,1
304,340,183.34,484.06,29.01,23.18,0.6949,1,1
304,344,63.92,331.92,60.27,56.36,0.2633,1,1
304,347,-3.06,728.52,67.56,166.35,0.5266,1,1
304,351,88.09,664.74,26.83,38.32,0.5267,1,1
304,352,1001.35,56.37,21.79,29.16,0.4759,1,1
304,354,985.93,852.40,41.44,34.25,0.7736,1,1
304,356,50.39,632.30,46.10,31.86,0.8279,1,1
305,1,445.27,415.79,79.62,99.93,0.8336,1,1
305,2,1100.97,352.62,103.41,81.83,0.9119,1,1
305,5,466.38,137.22,55.90,44.14,0.8621,1,1
305,9,362.08,233.51,32.23,43.75,0.7672,1,1
305,12,322.87,206.37,68.02,51.16,0.7925,1,1
305,16,653.69,37.17,48.00,34.78,0.6579,1,1
305,18,841.24,650.70,126.30,108.60,0.8640,1,1
305,27,660.47,203.70,86.59,63.75,0.9051,1,1
305,46,903.77,135.62,73.09,76.75,0.6247,1,1
305,176,668.25,843.75,153.71,125.51,0.8915,1,1
305,181,668.93,62.13,30.17,41.34,0.7989,1,1
305,207,1002.19,27.36,51.53,41.19,0.8971,1,1
305,238,470.56,183.26,39.80,31.41,0.7787,1,1
305,258,927.28,1.09,18.65,12.60,0.6644,1,1
305,298,959.08,116.23,19.17,19.89,0.5788,1,1
305,319,487.04,312.18,43.28,31.33,0.8579,1,1
305,322,151.95,515.71,45.66,26.33,0.7387,1,1
305,323,951.03,67.39,22.44,19.45,0.7673,1,1
305,337,1460.03,0.50,34.30,29.80,0.6611,1,1
305,347,-4.04,726.81,64.77,164.39,0.5184,1,1
305,352,1001.15,56.45,21.52,29.48,0.5808,1,1
305,354,986.27,854.16,41.95,34.14,0.7096,1,1
305,356,48.06,632.39,46.60,32.04,0.7308,1,1
306,1,444.60,416.01,80.92,100.67,0.8585,1,1
306,2,1099.83,352.12,103.02,82.54,0.9075,1,1
306,5,465.65,136.83,55.94,44.48,0.8771,1,1
306,9,362.04,232.28,33.05,45.82,0.7543,1,1
306,12,322.47,206.27,67.55,51.48,0.7906,1,1
306,16,650.47,36.65,48.44,35.10,0.6899,1,1
306,18,841.43,651.09,125.78,107.86,0.8660,1,1
306,27,660.55,203.41,86.29,63.41,0.9055,1,1
306,46,902.16,135.94,73.79,77.32,0.6224,1,1
306,176,665.54,843.92,152.75,125.21,0.8971,1,1
306,181,666.16,64.18,29.41,38.18,0.8014,1,1
306,207,1002.26,27.46,51.37,41.18,0.8959,1,1
306,238,470.26,183.15,39.52,31.17,0.6735,1,1
306,258,927.11,1.02,18.88,12.71,0.6549,1,1
306,298,959.54,115.84,18.46,19.10,0.3692,1,1
306,319,488.58,314.13,41.86,30.21,0.8721,1,1
306,322,149.32,510.73,47.35,29.11,0.7885,1,1
306,323,950.48,66.93,22.66,19.52,0.7486,1,1
306,337,1459.84,0.04,34.39,30.17,0.6836,1,1
306,347,-5.43,716.62,65.85,171.11,0.3700,1,1
306,352,1001.53,56.75,21.32,29.89,0.6261,1,1
306,354,987.75,855.20,43.71,35.38,0.8005,1,1
306,356,45.04,630.34,51.87,35.22,0.7337,1,1
307,1,444.21,416.22,81.81,100.95,0.8467,1,1
307,2,1097.74,351.08,103.97,84.00,0.9101,1,1
307,5,465.46,137.00,55.76,44.42,0.8856,1,1
307,9,362.78,232.32,32.29,45.68,0.7609,1,1
307,12,322.25,205.94,67.80,52.60,0.7940,1,1
307,16,647.73,37.18,48.85,35.20,0.5381,1,1
307,18,840.92,651.40,125.50,107.83,0.8720,1,1
307,27,661.02,203.24,85.71,63.24,0.9099,1,1
307,46,901.14,135.98,73.06,76.57,0.8309,1,1
307,176,663.18,843.86,153.25,125.76,0.8949,1,1
307,181,667.21,61.92,33.01,41.60,0.6651,1,1
307,207,1002.12,27.48,51.39,41.44,0.8939,1,1
307,238,470.07,183.05,39.23,30.85,0.7182,1,1
307,258,926.92,1.07,19.02,12.78,0.6238,1,1
307,298,960.48,115.30,19.41,20.10,0.3774,1,1
307,319,489.68,315.08,41.21,29.10,0.8406,1,1
307,322,151.11,509.37,43.10,28.21,0.7461,1,1
307,323,950.53,66.04,22.81,19.58,0.6556,1,1
307,337,1459.75,0.40,33.60,29.32,0.6793,1,1
307,344,64.77,333.05,58.58,55.44,0.2519,1,1
307,347,-5.61,713.86,63.34,168.03,0.2975,1,1
307,352,1001.68,57.69,20.82,29.41,0.6475,1,1
307,354,986.47,855.98,45.31,35.74,0.8148,1,1
307,356,40.11,626.51,47.32,31.61,0.4779,1,1
307,364,23.72,1025.75,37.66,48.93,0.7130,1,1
308,1,444.90,416.47,82.09,101.14,0.4331,1,1
308,2,1095.54,350.03,104.60,84.89,0.9152,1,1
308,5,465.27,136.90,55.53,44.19,0.8854,1,1
308,9,363.52,232.36,31.27,44.95,0.7671,1,1
308,12,323.14,206.08,66.91,52.86,0.7974,1,1
308,16,644.20,38.03,48.89,34.95,0.5047,1,1
308,18,840.51,651.60,125.06,107.52,0.8648,1,1
308,27,660.89,202.53,85.93,63.78,0.9107,1,1
308,46,900.47,136.05,72.11,75.82,0.7010,1,1
308,176,661.15,843.76,153.01,124.54,0.8877,1,1
308,181,663.14,62.87,32.91,41.75,0.4704,1,1
308,207,1002.58,27.58,51.02,41.33,0.8945,1,1
308,238,470.06,181.92,39.48,30.84,0.7527,1,1
308,258,926.94,1.03,19.09,12.83,0.6362,1,1
308,298,961.09,115.07,18.97,19.47,0.3558,1,1
308,319,494.39,315.07,40.18,28.63,0.7953,1,1
308,322,147.69,506.62,42.81,28.44,0.4727,1,1
308,323,951.49,65.73,22.35,18.92,0.6878,1,1
308,337,1459.60,0.30,33.15,28.81,0.6806,1,1
308,347,-4.17,717.76,58.72,159.26,0.4004,1,1
308,352,1001.89,57.72,21.01,29.82,0.5980,1,1
308,354,983.97,856.60,47.48,35.77,0.8321,1,1
308,364,27.33,1028.17,37.61,48.67,0.3287,1,1
309,1,445.15,417.01,82.09,100.83,0.4950,1,1
309,2,1094.13,349.52,104.33,86.20,0.9146,1,1
309,5,464.94,136.85,55.01,43.76,0.8883,1,1
309,9,361.84,232.87,31.99,45.44,0.7805,1,1
309,12,326.35,205.79,64.47,52.24,0.7765,1,1
309,16,642.97,39.02,45.92,32.41,0.4367,1,1
309,18,840.31,651.68,125.19,107.51,0.8676,1,1
309,27,661.10,202.71,85.58,63.80,0.9093,1,1
309,46,899.92,136.15,72.51,77.30,0.7937,1,1
309,176,659.50,843.18,154.08,125.24,0.8727,1,1
309,181,660.70,65.27,30.71,38.94,0.6025,1,1
309,207,1002.78,27.61,51.09,41.55,0.8937,1,1
309,238,469.43,181.31,40.17,31.18,0.7985,1,1
309,258,926.79,1.03,19.43,13.17,0.6575,1,1
309,298,960.29,113.59,18.48,18.54,0.4729,1,1
309,319,499.29,311.92,39.87,29.07,0.8659,1,1
309,322,139.93,506.62,42.66,28.42,0.4755,1,1
309,323,952.20,63.99,23.67,19.90,0.6926,1,1
309,337,1459.06,0.02,33.79,29.42,0.7083,1,1
309,347,-4.19,715.46,57.33,158.86,0.3546,1,1
309,352,1002.43,58.66,20.58,29.18,0.6575,1,1
309,354,978.48,857.04,49.37,36.85,0.6068,1,1
309,365,904.04,84.20,22.53,19.35,0.7486,1,1
309,366,76.28,396.00,39.91,37.11,0.4811,1,1
309,367,443.72,417.08,83.02,100.56,0.7342,1,1
310,1,444.15,417.16,82.26,100.42,0.7248,1,1
310,2,1094.40,349.56,103.62,86.18,0.9147,1,1
310,5,464.93,136.86,55.00,43.73,0.8883,1,1
310,9,361.67,232.90,32.23,45.47,0.7805,1,1
310,12,327.02,205.77,63.32,52.22,0.7768,1,1
310,16,642.56,39.24,45.75,31.90,0.4361,1,1
310,18,840.27,651.65,125.28,107.53,0.8668,1,1
310,27,661.17,202.72,85.45,63.80,0.9093,1,1
310,46,900.18,136.15,72.05,77.37,0.7979,1,1
310,176,659.47,843.18,154.13,125.03,0.8729,1,1
310,181,660.44,65.56,30.47,38.62,0.6031,1,1
310,207,1002.82,27.61,50.98,41.55,0.8937,1,1
310,238,469.35,181.29,40.31,31.18,0.7987,1,1
310,258,926.84,1.03,19.37,13.20,0.6574,1,1
310,298,959.97,113.31,18.84,18.55,0.4873,1,1
310,319,499.56,311.89,39.49,29.06,0.8652,1,1
310,322,138.57,506.63,42.57,28.46,0.4775,1,1
310,323,952.18,63.85,23.92,20.00,0.6931,1,1
310,337,1459.05,-0.00,33.80,29.46,0.7067,1,1
310,347,-3.76,714.98,56.23,158.88,0.3505,1,1
310,351,92.01,651.14,25.59,35.17,0.2549,1,1
310,352,1002.42,58.74,20.62,29.20,0.6523,1,1
310,354,977.52,857.06,50.17,37.01,0.6518,1,1
310,365,904.17,84.28,22.22,19.36,0.7466,1,1
310,366,76.36,396.09,39.70,37.09,0.4798,1,1
310,367,444.51,417.12,83.16,100.59,0.5109,1,1
310,370,845.08,654.33,116.92,102.46,0.3423,1,1
310,371,1176.47,581.78,52.53,40.29,0.8553,1,1
311,1,443.58,417.20,82.24,100.25,0.8068,1,1
311,2,1093.45,349.11,103.24,87.34,0.9168,1,1
311,5,464.93,136.65,54.75,43.02,0.8784,1,1
311,9,360.10,234.97,32.15,43.04,0.7957,1,1
311,12,332.29,205.87,60.19,49.99,0.7380,1,1
311,18,839.82,652.18,124.77,106.33,0.8590,1,1
311,27,660.82,202.89,85.19,63.89,0.9069,1,1
311,46,899.98,136.41,71.53,76.53,0.8004,1,1
311,176,658.26,842.76,154.07,125.15,0.8806,1,1
311,181,656.37,66.69,30.94,37.31,0.6962,1,1
311,207,1003.09,27.71,50.72,41.52,0.8934,1,1
311,238,468.88,179.79,40.49,31.31,0.7706,1,1
311,258,926.92,1.10,18.95,12.92,0.6513,1,1
311,298,959.73,113.24,18.25,17.76,0.3298,1,1
311,319,501.39,305.98,39.40,28.89,0.8801,1,1
311,322,138.32,505.97,41.34,27.91,0.2956,1,1
311,323,951.96,62.74,24.38,20.36,0.7349,1,1
311,337,1459.12,0.04,33.00,28.31,0.7001,1,1
311,347,-3.59,712.34,55.80,160.05,0.2692,1,1
311,351,92.53,650.23,25.84,32.76,0.5630,1,1
311,352,1002.90,58.89,20.46,29.00,0.6044,1,1
311,354,973.11,857.90,52.60,37.69,0.7255,1,1
311,365,904.96,83.92,22.12,19.75,0.6999,1,1
311,367,444.18,416.89,83.06,100.46,0.4724,1,1
311,370,844.90,655.04,115.45,100.77,0.4650,1,1
311,371,1167.91,576.37,58.13,42.08,0.8617,1,1
311,372,6.84,609.32,47.29,38.64,0.3025,1,1
312,1,443.55,417.25,82.25,100.23,0.7887,1,1
312,2,1093.27,349.39,106.05,88.69,0.9109,1,1
312,5,463.98,135.19,55.20,43.00,0.8747,1,1
312,9,359.32,234.04,33.00,42.95,0.7939,1,1
312,12,338.30,205.15,53.42,43.29,0.7364,1,1
312,18,838.74,652.56,125.00,106.72,0.8453,1,1
312,27,660.35,203.07,85.21,63.79,0.9085,1,1
312,46,899.64,136.59,70.96,75.23,0.6933,1,1
312,176,660.65,841.78,156.09,124.91,0.8820,1,1
312,181,653.64,66.39,32.38,38.50,0.7288,1,1
312,207,1003.26,27.74,50.73,41.77,0.8930,1,1
312,238,467.93,179.66,41.00,31.64,0.7546,1,1
312,258,926.94,1.07,18.84,12.88,0.6648,1,1
312,319,503.07,299.85,37.69,27.32,0.3540,1,1
312,322,125.48,506.97,44.43,30.09,0.5326,1,1
312,323,952.42,62.25,25.29,21.22,0.7746,1,1
312,337,1458.83,0.03,33.29,28.27,0.6985,1,1
312,347,-2.19,712.99,54.21,157.29,0.3507,1,1
312,351,93.11,649.77,25.79,31.51,0.5247,1,1
312,352,1002.96,58.76,20.53,29.14,0.5800,1,1
312,354,973.02,857.82,52.70,39.23,0.8138,1,1
312,365,907.47,80.08,21.18,18.56,0.5668,1,1
312,366,75.68,400.61,38.66,36.60,0.4457,1,1
312,367,443.56,417.00,83.30,100.75,0.4815,1,1
312,370,843.34,656.18,114.84,99.41,0.5905,1,1
312,371,1153.19,570.63,62.82,44.64,0.8876,1,1
312,372,2.73,606.87,46.35,38.29,0.4098,1,1
313,1,443.47,417.28,82.14,99.96,0.7900,1,1
313,2,1091.70,349.28,106.01,88.91,0.9184,1,1
313,5,462.42,132.30,56.59,44.32,0.8815,1,1
313,9,359.35,232.77,34.25,44.39,0.7759,1,1
313,12,340.03,204.32,52.50,41.79,0.7200,1,1
313,16,630.13,44.04,49.23,33.21,0.5553,1,1
313,18,839.37,652.97,122.53,104.22,0.8678,1,1
313,27,659.68,203.25,83.75,63.60,0.9093,1,1
313,46,898.05,136.92,71.06,74.90,0.6487,1,1
313,176,655.80,841.79,156.06,126.74,0.8910,1,1
313,181,647.01,65.56,35.85,41.89,0.7978,1,1
313,207,1003.31,27.57,50.80,41.82,0.8927,1,1
313,238,465.36,178.70,42.42,33.38,0.7862,1,1
313,258,926.84,0.97,19.06,13.09,0.6961,1,1
313,322,124.79,506.51,44.68,29.56,0.5753,1,1
313,323,952.25,61.77,26.01,21.93,0.7834,1,1
313,337,1458.15,-0.00,34.62,29.70,0.7404,1,1
313,347,-1.83,713.00,53.60,157.64,0.4126,1,1
313,352,1003.02,58.37,20.70,29.47,0.5638,1,1
313,354,969.15,858.41,52.40,39.01,0.8224,1,1
313,365,910.55,78.69,19.68,17.11,0.2812,1,1
313,366,75.71,402.08,37.43,36.02,0.5195,1,1
313,367,443.33,416.87,83.33,100.79,0.4515,1,1
313,370,841.83,655.46,116.35,100.49,0.4469,1,1
313,371,1144.44,565.12,63.72,43.77,0.8692,1,1
313,372,-1.84,599.87,51.12,42.95,0.3959,1,1
313,373,975.64,776.20,50.80,43.90,0.8207,1,1
314,1,443.15,417.60,82.39,99.93,0.7952,1,1
314,2,1089.87,349.05,104.19,89.42,0.9207,1,1
314,5,461.19,129.72,58.23,46.22,0.8689,1,1
314,9,360.40,232.00,34.84,44.95,0.7418,1,1
314,12,343.45,204.00,51.49,39.90,0.7112,1,1
314,16,625.67,46.66,50.80,33.28,0.7293,1,1
314,18,838.03,653.25,122.75,104.57,0.8594,1,1
314,27,659.29,203.26,82.94,64.16,0.9098,1,1
314,176,654.21,841.33,156.80,127.98,0.8996,1,1
314,181,642.18,67.19,37.57,43.86,0.7899,1,1
314,207,1003.18,27.51,50.75,41.75,0.8928,1,1
314,238,463.04,174.58,44.77,37.35,0.8048,1,1
314,258,927.19,0.79,18.79,12.90,0.7059,1,1
314,323,953.84,60.15,25.84,22.16,0.7470,1,1
314,337,1458.04,-0.00,34.52,29.73,0.7681,1,1
314,347,-1.42,711.33,53.48,158.85,0.4111,1,1
314,352,1002.83,58.02,20.89,29.87,0.5443,1,1
314,354,964.59,857.48,53.50,39.98,0.8084,1,1
314,366,75.65,402.89,36.79,36.03,0.6239,1,1
314,367,443.14,417.53,83.21,100.48,0.4471,1,1
314,370,839.84,654.41,118.35,102.15,0.5535,1,1
314,371,1139.39,563.00,65.64,43.54,0.8595,1,1
314,372,-2.73,607.51,41.08,35.46,0.5235,1,1
314,373,971.96,781.23,55.12,46.57,0.6978,1,1
315,1,442.67,417.24,83.02,100.41,0.8015,1,1
315,2,1088.31,349.42,102.20,90.03,0.9215,1,1
315,5,458.76,125.30,60.50,49.51,0.8635,1,1
315,9,362.36,231.17,35.26,45.08,0.6878,1,1
315,12,349.78,203.29,45.65,33.80,0.6541,1,1
315,16,621.35,49.65,52.39,33.51,0.8092,1,1
315,18,835.74,653.62,122.70,105.96,0.8632,1,1
315,27,657.51,203.30,82.78,63.84,0.9089,1,1
315,46,896.35,137.82,70.32,74.09,0.3283,1,1
315,176,652.73,841.64,157.42,128.03,0.9019,1,1
315,181,644.96,69.83,34.23,42.36,0.8336,1,1
315,207,1003.24,27.66,50.77,41.52,0.8884,1,1
315,238,463.17,172.29,43.73,37.73,0.7846,1,1
315,258,927.36,0.67,18.91,13.06,0.7258,1,1
315,323,954.88,58.18,26.61,23.12,0.5669,1,1
315,337,1457.98,-0.00,34.57,29.81,0.7548,1,1
315,347,-0.91,710.29,52.95,157.87,0.3304,1,1
315,352,1002.98,57.68,20.98,30.08,0.5986,1,1
315,354,962.97,856.68,52.95,39.65,0.7979,1,1
315,366,75.24,405.39,35.08,34.42,0.5356,1,1
315,367,442.55,417.21,83.88,101.15,0.4189,1,1
315,370,838.37,655.75,118.17,102.09,0.3234,1,1
315,371,1138.28,566.15,64.82,47.25,0.8471,1,1
315,372,-0.32,602.54,39.45,33.99,0.6072,1,1
315,376,112.03,509.86,53.92,30.14,0.8117,1,1
316,1,442.59,417.23,83.11,100.37,0.7969,1,1
316,2,1088.70,349.41,101.43,90.04,0.9215,1,1
316,5,459.09,125.02,59.77,49.77,0.8640,1,1
316,9,362.41,231.09,35.56,45.13,0.6822,1,1
316,12,349.60,203.23,46.60,33.26,0.6555,1,1
316,16,621.01,49.77,52.87,33.51,0.8099,1,1
316,18,836.04,653.63,121.93,105.95,0.8633,1,1
316,27,657.45,203.30,82.87,63.84,0.9089,1,1
316,46,896.16,137.95,70.23,73.96,0.3161,1,1
316,176,652.58,841.61,157.68,128.07,0.9017,1,1
316,181,645.50,69.92,33.21,42.29,0.8336,1,1
316,207,1003.16,27.67,50.89,41.50,0.8885,1,1
316,238,463.64,172.18,42.78,37.75,0.7845,1,1
316,258,927.42,0.67,18.84,13.07,0.7257,1,1
316,298,957.48,113.41,17.94,17.43,0.2560,1,1
316,323,955.20,57.91,26.41,23.24,0.5687,1,1
316,337,1457.98,-0.00,34.55,29.82,0.7573,1,1
316,347,-0.66,710.18,52.70,157.64,0.3273,1,1
316,352,1003.00,57.69,20.96,30.11,0.6051,1,1
316,354,962.96,856.65,52.84,39.63,0.7977,1,1
316,366,75.23,405.76,34.76,34.17,0.5357,1,1
316,367,442.41,417.14,84.04,101.21,0.4239,1,1
316,370,838.05,656.14,118.02,102.04,0.3238,1,1
316,371,1140.00,566.21,61.34,47.35,0.8472,1,1
316,372,-0.08,602.07,39.35,33.86,0.6069,1,1
316,376,112.08,509.91,53.73,30.15,0.8106,1,1
316,377,516.45,276.14,39.12,28.52,0.8532,1,1
317,1,442.02,416.98,83.60,101.21,0.8045,1,1
317,2,1087.08,349.04,99.95,89.72,0.9171,1,1
317,5,458.57,123.62,59.52,50.05,0.8717,1,1
317,9,363.52,229.56,36.03,45.45,0.5368,1,1
317,12,351.44,203.68,46.86,32.97,0.5084,1,1
317,16,618.30,50.79,53.29,33.51,0.6899,1,1
317,18,835.87,653.95,121.14,106.66,0.8565,1,1
317,27,656.13,203.27,83.25,64.59,0.9125,1,1
317,46,895.76,138.11,70.36,74.05,0.3586,1,1
317,176,656.17,841.78,156.65,126.35,0.8971,1,1
317,181,644.50,72.77,31.57,40.30,0.8291,1,1
317,207,1003.04,27.77,50.97,41.45,0.8876,1,1
317,238,463.73,169.15,42.82,38.45,0.8094,1,1
317,258,927.72,0.50,18.88,13.37,0.7452,1,1
317,323,955.85,57.56,26.10,23.38,0.6438,1,1
317,337,1458.13,-0.00,34.82,29.74,0.7341,1,1
317,347,-0.15,701.83,54.27,162.27,0.3011,1,1
317,352,1003.03,57.77,20.81,29.94,0.5480,1,1
317,354,963.03,855.47,51.66,39.81,0.8099,1,1
317,366,73.56,405.70,35.75,35.17,0.2737,1,1
317,367,441.76,416.80,84.60,101.88,0.3746,1,1
317,370,837.06,656.90,118.24,102.48,0.3718,1,1
317,371,1138.66,571.24,61.91,51.66,0.8583,1,1
317,372,-1.19,597.28,42.35,36.96,0.5256,1,1
317,376,104.09,511.81,56.77,29.51,0.8462,1,1
317,377,518.48,273.47,38.52,26.23,0.8468,1,1
317,379,91.96,515.47,71.59,30.69,0.3499,1,1
318,1,442.00,418.82,82.71,99.55,0.7775,1,1
318,2,1084.01,348.58,98.90,89.12,0.9159,1,1
318,5,456.90,123.29,59.56,49.82,0.8730,1,1
318,9,365.70,228.59,36.60,45.77,0.6247,1,1
318,12,351.63,202.64,48.76,33.90,0.6751,1,1
318,16,614.86,50.84,54.87,34.67,0.6915,1,1
318,18,833.15,654.29,122.03,108.68,0.8534,1,1
318,27,655.25,203.52,82.63,64.58,0.9127,1,1
318,46,894.88,138.35,70.27,73.93,0.3603,1,1
318,176,655.26,842.26,156.91,126.39,0.8992,1,1
318,181,641.19,74.08,32.32,41.50,0.7872,1,1
318,207,1003.11,27.73,51.02,41.61,0.8906,1,1
318,238,462.50,167.30,43.88,39.89,0.8064,1,1
318,258,928.44,0.41,18.25,12.95,0.7467,1,1
318,323,956.11,57.10,25.77,23.33,0.5425,1,1
318,337,1458.29,-0.00,34.91,29.42,0.6920,1,1
318,347,0.82,700.76,54.89,162.39,0.4955,1,1
318,352,1003.79,58.37,20.29,29.14,0.4598,1,1
318,354,961.66,854.90,50.84,40.12,0.8161,1,1
318,366,72.65,405.66,35.82,35.24,0.5488,1,1
318,367,441.91,418.94,83.23,99.75,0.4128,1,1
318,371,1144.92,579.67,67.53,57.57,0.8313,1,1
318,376,100.85,512.58,56.35,31.41,0.8502,1,1
318,377,519.33,274.83,39.48,25.46,0.8519,1,1
319,1,441.85,419.56,82.49,99.08,0.4076,1,1
319,2,1080.28,347.73,99.06,88.34,0.9277,1,1
319,5,456.10,122.18,59.60,49.11,0.8770,1,1
319,9,368.75,228.07,35.85,44.59,0.7337,1,1
319,12,352.20,201.67,52.70,36.75,0.7878,1,1
319,16,613.01,51.57,55.03,34.88,0.6907,1,1
319,18,833.35,654.56,119.99,109.53,0.8624,1,1
319,27,654.18,204.03,82.06,64.70,0.9117,1,1
319,176,653.89,842.93,155.11,126.46,0.9078,1,1
319,181,635.89,74.55,34.12,43.29,0.8171,1,1
319,207,1003.48,27.62,50.74,41.62,0.8907,1,1
319,238,461.69,165.46,45.08,42.16,0.8106,1,1
319,258,928.56,0.28,18.13,12.96,0.7598,1,1
319,323,956.35,57.28,25.58,23.42,0.6140,1,1
319,337,1458.54,-0.00,34.00,27.68,0.6913,1,1
319,347,0.78,700.44,55.23,162.67,0.3324,1,1
319,352,1003.86,58.27,20.36,29.27,0.2937,1,1
319,354,959.55,855.48,50.37,40.34,0.8063,1,1
319,366,71.13,407.73,35.88,35.05,0.6331,1,1
319,367,441.52,419.03,83.10,99.36,0.7840,1,1
319,371,1151.89,588.21,64.35,51.68,0.8633,1,1
319,376,97.25,517.18,51.76,28.94,0.7854,1,1
319,377,520.23,278.92,39.64,25.24,0.8558,1,1
320,1,441.07,419.02,82.93,99.44,0.6873,1,1
320,2,1077.54,346.10,99.08,89.30,0.9370,1,1
320,5,455.48,121.73,59.71,48.69,0.8777,1,1
320,9,371.14,227.97,35.22,44.83,0.7568,1,1
320,12,353.16,200.39,53.14,37.71,0.7552,1,1
320,16,609.89,52.48,56.03,35.84,0.6039,1,1
320,18,831.43,655.94,119.61,110.36,0.8558,1,1
320,27,653.72,204.22,81.83,64.37,0.9133,1,1
320,176,653.09,843.56,153.43,125.99,0.9105,1,1
320,181,632.29,77.30,33.91,41.80,0.7997,1,1
320,207,1003.81,27.74,50.11,41.23,0.8912,1,1
320,238,461.18,163.89,44.93,42.78,0.8037,1,1
320,258,929.31,0.13,18.11,13.19,0.7608,1,1
320,319,526.27,283.37,35.20,25.38,0.7648,1,1
320,323,956.53,56.70,25.52,24.16,0.7642,1,1
320,337,1459.02,-0.00,34.44,27.28,0.6106,1,1
320,347,1.18,699.92,55.71,162.98,0.3040,1,1
320,352,1003.82,57.86,20.47,29.46,0.2681,1,1
320,354,955.15,857.02,52.49,41.20,0.8054,1,1
320,366,69.90,409.09,36.20,35.21,0.5884,1,1
320,367,440.86,419.51,83.20,99.27,0.4683,1,1
320,371,1160.12,594.88,56.72,42.29,0.8588,1,1
321,1,440.63,419.23,82.95,99.12,0.7452,1,1
321,2,1075.17,344.38,98.97,90.37,0.9309,1,1
321,5,455.21,122.41,58.59,46.85,0.8724,1,1
321,9,371.71,227.82,35.28,45.23,0.7793,1,1
321,12,354.51,200.19,51.99,37.22,0.7693,1,1
321,16,606.48,53.58,57.83,37.93,0.6957,1,1
321,18,830.40,656.85,119.67,111.80,0.8602,1,1
321,27,653.73,204.35,81.18,63.94,0.9147,1,1
321,176,651.81,843.95,152.94,125.38,0.9099,1,1
321,181,632.37,79.59,33.20,41.19,0.8038,1,1
321,207,1003.65,27.69,50.24,41.39,0.8913,1,1
321,238,459.26,162.50,47.15,45.79,0.7285,1,1
321,258,929.95,0.05,17.72,12.93,0.7638,1,1
321,319,526.69,289.39,37.60,27.16,0.8724,1,1
321,323,957.09,55.62,24.29,23.62,0.7971,1,1
321,337,1458.43,-0.00,35.26,27.21,0.6342,1,1
321,354,951.78,860.18,53.02,41.03,0.7868,1,1
321,366,69.30,409.55,36.81,36.27,0.6796,1,1
321,367,440.35,419.67,83.40,99.34,0.3963,1,1
321,371,1160.47,595.85,56.32,44.46,0.8870,1,1
322,1,440.55,419.33,83.07,99.04,0.7402,1,1
322,2,1075.34,344.37,98.65,90.40,0.9311,1,1
322,5,454.94,122.39,59.12,46.86,0.8730,1,1
322,9,371.85,227.82,35.10,45.20,0.7783,1,1
322,12,354.70,200.20,51.68,37.19,0.7701,1,1
322,16,606.71,53.62,57.04,38.11,0.7040,1,1
322,18,830.57,656.83,119.11,111.90,0.8599,1,1
322,27,653.72,204.28,81.20,63.99,0.9148,1,1
322,176,651.77,843.96,153.03,125.33,0.9099,1,1
322,181,632.43,79.65,33.07,41.20,0.8044,1,1
322,207,1003.67,27.69,50.21,41.40,0.8911,1,1
322,238,459.47,162.35,46.61,46.06,0.7294,1,1
322,258,929.99,0.04,17.69,12.91,0.7639,1,1
322,319,526.71,289.48,37.63,27.19,0.8723,1,1
322,323,957.24,55.57,23.94,23.61,0.7970,1,1
322,337,1458.05,-0.00,35.98,27.21,0.6341,1,1
322,354,951.41,860.31,53.52,41.03,0.7859,1,1
322,366,69.39,409.56,36.60,36.37,0.6819,1,1
322,367,440.24,419.77,83.51,99.30,0.4020,1,1
322,371,1161.06,595.85,55.14,44.50,0.8870,1,1
322,380,820.02,297.48,29.18,21.88,0.6121,1,1
323,1,440.28,419.48,83.33,99.23,0.7896,1,1
323,2,1073.60,341.90,98.69,91.52,0.9198,1,1
323,5,453.84,121.87,59.94,46.95,0.8766,1,1
323,9,372.24,227.41,35.22,44.92,0.7905,1,1
323,12,355.64,199.83,51.57,37.53,0.7794,1,1
323,16,604.96,55.35,55.79,37.78,0.6908,1,1
323,18,831.50,659.07,117.69,110.79,0.8737,1,1
323,27,653.78,204.23,80.97,63.87,0.9157,1,1
323,176,649.33,844.27,154.16,125.08,0.9078,1,1
323,181,630.89,80.86,32.34,41.21,0.8316,1,1
323,207,1003.79,27.75,50.09,41.40,0.8898,1,1
323,238,459.44,161.86,45.87,45.39,0.4294,1,1
323,258,930.18,0.19,17.74,12.95,0.7692,1,1
323,319,524.56,294.43,38.61,28.52,0.8607,1,1
323,323,959.92,54.26,24.73,24.23,0.5552,1,1
323,337,1456.95,-0.00,36.00,27.22,0.6765,1,1
323,354,948.39,860.85,54.08,41.95,0.7434,1,1
323,366,67.39,408.50,37.84,38.00,0.7812,1,1
323,367,439.93,419.87,83.69,99.40,0.3503,1,1
323,371,1159.57,594.87,55.34,44.78,0.9079,1,1
323,381,481.47,348.63,33.51,39.39,0.4784,1,1
324,1,439.97,420.47,83.15,98.77,0.7679,1,1
324,2,1071.83,341.24,98.12,90.77,0.9203,1,1
324,5,453.12,121.27,60.38,47.26,0.8785,1,1
324,9,371.32,226.92,35.96,45.35,0.7845,1,1
324,12,356.15,199.91,51.19,37.42,0.7760,1,1
324,16,603.99,56.31,54.74,37.39,0.7196,1,1
324,18,830.62,659.34,118.16,109.66,0.8777,1,1
324,27,653.53,204.28,81.18,63.72,0.9150,1,1
324,46,889.76,140.63,70.84,73.90,0.2752,1,1
324,176,647.75,844.42,154.46,124.70,0.9084,1,1
324,181,625.23,80.86,34.71,43.24,0.8398,1,1
324,207,1003.74,27.76,50.09,41.48,0.8884,1,1
324,258,930.24,0.19,17.87,13.02,0.7595,1,1
324,319,525.32,298.45,38.05,27.84,0.8531,1,1
324,323,957.63,54.62,25.62,25.14,0.8016,1,1
324,337,1457.45,-0.00,35.08,26.33,0.6827,1,1
324,354,947.33,860.74,55.48,45.64,0.8229,1,1
324,366,66.08,407.80,38.70,39.46,0.8093,1,1
324,367,439.84,420.11,83.50,98.95,0.4284,1,1
324,371,1158.31,593.56,56.07,44.49,0.9143,1,1
324,381,483.16,348.70,32.51,38.49,0.4172,1,1
325,1,438.92,419.91,83.93,99.65,0.4087,1,1
325,2,1069.66,340.27,97.97,89.42,0.9129,1,1
325,5,452.57,121.20,60.03,46.80,0.8572,1,1
325,9,369.44,226.01,37.22,45.77,0.7819,1,1
325,12,356.16,199.91,51.48,37.80,0.7585,1,1
325,16,603.36,57.97,54.42,37.18,0.6804,1,1
325,18,830.70,662.50,118.30,111.16,0.8618,1,1
325,27,653.41,204.32,81.37,63.64,0.9158,1,1
325,176,647.72,844.53,153.31,124.53,0.9094,1,1
325,181,622.20,81.34,35.60,44.11,0.8387,1,1
325,207,1003.91,28.03,49.71,41.19,0.8853,1,1
325,258,931.37,0.38,17.39,12.73,0.7443,1,1
325,319,521.82,301.33,38.60,27.67,0.8472,1,1
325,323,957.43,55.83,24.47,24.21,0.8184,1,1
325,337,1456.87,-0.00,35.50,26.53,0.7055,1,1
325,354,942.86,861.84,58.69,48.83,0.6866,1,1
325,366,65.44,409.36,38.62,39.50,0.8091,1,1
325,367,438.82,420.08,83.85,99.68,0.8015,1,1
325,371,1152.51,591.12,58.82,47.43,0.8896,1,1
325,373,963.17,764.91,59.31,50.20,0.4998,1,1
326,1,438.54,420.66,83.45,98.79,0.7133,1,1
326,2,1068.31,339.41,98.40,88.01,0.9068,1,1
326,5,451.91,119.78,60.21,47.35,0.8520,1,1
326,9,368.89,225.09,38.85,48.53,0.7930,1,1
326,12,356.67,198.57,51.14,37.62,0.7340,1,1
326,16,602.98,58.28,52.61,35.61,0.7473,1,1
326,18,831.42,665.07,117.26,109.67,0.8836,1,1
326,27,654.37,204.44,81.02,62.99,0.9168,1,1
326,176,647.75,844.66,152.95,124.43,0.9114,1,1
326,181,617.64,82.11,37.62,46.89,0.8234,1,1
326,207,1003.54,28.06,49.98,41.15,0.8855,1,1
326,258,931.54,0.32,17.26,12.67,0.7372,1,1
326,319,515.64,302.75,40.08,25.72,0.8534,1,1
326,323,958.04,56.00,24.78,24.39,0.7102,1,1
326,337,1456.90,0.11,35.50,26.37,0.7003,1,1
326,366,65.09,410.69,38.44,39.24,0.8035,1,1
326,367,438.52,420.22,83.65,99.24,0.4606,1,1
326,371,1148.90,589.58,59.68,48.03,0.8881,1,1
326,381,484.93,349.47,33.76,39.95,0.3451,1,1
326,382,54.15,552.18,26.86,38.93,0.8399,1,1
327,1,438.02,420.63,83.52,98.41,0.8272,1,1
327,2,1067.89,338.75,99.42,86.92,0.9067,1,1
327,5,452.37,119.81,59.05,46.30,0.8597,1,1
327,9,367.97,224.87,38.37,47.63,0.8065,1,1
327,12,355.98,197.25,51.93,38.60,0.7436,1,1
327,16,602.42,59.81,51.23,34.22,0.7372,1,1
327,18,830.71,666.78,117.31,110.05,0.8793,1,1
327,27,655.11,203.63,82.81,63.13,0.9169,1,1
327,46,888.16,141.53,74.34,77.56,0.2710,1,1
327,176,647.72,844.55,151.90,124.00,0.9129,1,1
327,181,615.69,84.16,36.95,46.18,0.8026,1,1
327,207,1003.74,28.05,49.79,41.09,0.8842,1,1
327,258,931.60,0.29,17.74,12.95,0.7321,1,1
327,319,503.63,303.00,44.06,26.64,0.8334,1,1
327,323,957.61,56.56,24.81,24.46,0.3408,1,1
327,337,1456.57,0.06,36.19,27.09,0.6970,1,1
327,366,64.78,411.03,38.55,39.33,0.7963,1,1
327,367,438.03,420.04,83.79,99.23,0.3190,1,1
327,371,1143.71,587.65,61.74,47.50,0.8971,1,1
327,381,483.07,349.01,35.31,41.99,0.6777,1,1
327,382,50.88,559.31,25.47,39.55,0.8517,1,1
327,383,462.91,149.72,43.50,42.05,0.3973,1,1
328,1,437.98,420.77,83.58,98.23,0.8240,1,1
328,2,1067.50,338.75,100.22,86.90,0.9068,1,1
328,5,452.34,119.83,59.08,46.25,0.8599,1,1
328,9,367.86,224.88,38.48,47.57,0.8064,1,1
328,12,356.11,197.18,51.63,38.65,0.7429,1,1
328,16,602.19,59.89,51.54,34.13,0.7375,1,1
328,18,830.74,666.83,117.15,110.02,0.8792,1,1
328,27,654.86,203.62,83.32,63.13,0.9169,1,1
328,46,888.04,141.62,74.70,77.95,0.2687,1,1
328,176,647.75,844.55,151.75,124.00,0.9128,1,1
328,181,615.65,84.20,36.88,46.20,0.8018,1,1
328,207,1003.76,28.05,49.76,41.10,0.8839,1,1
328,258,931.59,0.29,17.81,12.94,0.7319,1,1
328,319,502.62,303.02,45.60,26.65,0.8334,1,1
328,323,957.47,56.76,24.77,24.46,0.3455,1,1
328,337,1456.63,0.06,36.07,27.17,0.6971,1,1
328,366,64.86,410.91,38.72,39.46,0.7933,1,1
328,367,437.93,420.12,83.78,99.01,0.3271,1,1
328,371,1143.15,587.66,62.73,47.46,0.8967,1,1
328,381,483.01,348.98,35.32,42.12,0.6778,1,1
328,382,51.19,559.45,24.59,39.60,0.8510,1,1
328,383,462.82,149.54,43.38,42.19,0.3983,1,1
329,1,437.74,421.65,83.45,97.45,0.8389,1,1
329,2,1067.15,338.48,100.08,85.50,0.9070,1,1
329,5,451.46,119.47,59.67,47.14,0.8636,1,1
329,9,365.99,224.81,38.98,47.11,0.8095,1,1
329,12,354.35,195.84,53.03,40.13,0.7994,1,1
329,16,599.98,61.53,52.95,35.32,0.6571,1,1
329,18,830.68,669.16,115.24,110.86,0.9092,1,1
329,27,655.97,203.53,83.45,62.26,0.9157,1,1
329,46,888.04,141.52,73.85,76.91,0.3625,1,1
329,176,648.13,844.60,150.91,123.64,0.9145,1,1
329,181,615.80,86.48,35.60,44.35,0.7799,1,1
329,207,1003.86,28.21,49.58,40.97,0.8870,1,1
329,258,931.29,0.32,18.10,13.05,0.7173,1,1
329,319,484.95,304.09,47.82,28.43,0.8452,1,1
329,337,1456.71,0.11,35.98,27.26,0.6798,1,1
329,352,1003.21,56.97,21.20,30.79,0.2550,1,1
329,366,64.68,412.38,38.86,39.05,0.7532,1,1
329,367,437.98,421.20,83.10,97.84,0.3313,1,1
329,371,1142.43,586.69,61.92,44.68,0.8956,1,1
329,381,482.30,348.15,34.90,41.66,0.7576,1,1
329,382,47.82,564.71,25.16,43.24,0.7995,1,1
329,383,463.46,150.40,41.91,40.89,0.5847,1,1
329,386,589.94,177.97,24.33,34.51,0.5515,1,1
329,387,939.15,873.63,60.41,52.41,0.8749,1,1
329,388,966.92,735.03,44.37,31.10,0.6050,1,1
329,389,195.44,517.43,23.94,40.06,0.8320,1,1
330,1,437.53,421.67,83.59,96.88,0.8720,1,1
330,2,1066.95,337.42,100.53,85.52,0.9111,1,1
330,5,451.93,119.27,59.48,47.00,0.8592,1,1
330,9,364.84,224.45,39.01,45.48,0.8069,1,1
330,12,353.36,195.96,53.04,39.88,0.7987,1,1
330,16,598.63,61.84,53.48,36.12,0.6341,1,1
330,18,831.56,672.01,113.87,108.42,0.9063,1,1
330,27,657.02,202.51,83.82,62.44,0.9127,1,1
330,46,887.63,141.36,73.26,76.80,0.6573,1,1
330,176,648.36,844.27,150.42,123.74,0.9138,1,1
330,181,615.26,90.21,34.00,41.86,0.6743,1,1
330,207,1003.97,28.20,49.47,40.94,0.8883,1,1
330,258,930.52,0.59,18.98,13.57,0.7581,1,1
330,319,466.14,305.33,51.92,30.38,0.7718,1,1
330,337,1456.49,0.01,35.83,27.45,0.6869,1,1
330,366,64.24,413.18,39.07,38.42,0.7539,1,1
330,371,1141.30,584.47,61.95,42.81,0.9087,1,1
330,381,482.24,347.84,33.84,39.93,0.7787,1,1
330,382,45.37,568.91,25.34,46.20,0.8021,1,1
330,383,464.02,150.53,41.82,40.89,0.6776,1,1
330,386,589.29,177.09,26.05,37.21,0.4371,1,1
330,387,935.91,879.11,63.15,53.02,0.8775,1,1
330,389,193.13,515.31,21.60,33.75,0.8526,1,1
331,1,436.98,421.80,84.08,96.86,0.8836,1,1
331,2,1067.18,337.22,100.27,84.98,0.9109,1,1
331,5,453.39,119.86,59.58,46.84,0.8477,1,1
331,9,362.55,224.64,40.09,45.16,0.8207,1,1
331,12,353.38,195.56,51.55,38.63,0.8037,1,1
331,16,597.46,62.55,53.60,36.42,0.2982,1,1
331,18,831.66,675.90,113.48,106.48,0.9059,1,1
331,27,658.89,202.27,83.76,62.10,0.9047,1,1
331,46,887.73,141.41,70.88,74.87,0.7331,1,1
331,176,648.46,844.04,150.64,123.78,0.9130,1,1
331,181,614.43,94.72,32.15,39.08,0.5234,1,1
331,207,1004.28,28.45,48.98,40.69,0.8846,1,1
331,258,931.20,0.60,18.92,13.59,0.7499,1,1
331,319,451.61,311.25,45.96,27.46,0.7015,1,1
331,323,958.53,59.60,21.87,21.40,0.2742,1,1
331,337,1456.51,-0.00,35.60,27.51,0.6800,1,1
331,366,63.90,413.29,39.63,38.33,0.7470,1,1
331,371,1141.10,581.34,61.95,43.75,0.9399,1,1
331,381,481.33,346.59,32.82,37.89,0.6674,1,1
331,382,45.75,573.39,24.63,47.74,0.8548,1,1
331,383,463.39,150.72,43.23,42.02,0.7294,1,1
331,386,588.87,177.63,26.79,39.03,0.6253,1,1
331,387,928.48,889.74,63.98,50.62,0.8358,1,1
331,389,192.06,511.98,20.13,29.52,0.8130,1,1
331,390,44.43,541.28,20.07,31.40,0.7148,1,1
332,1,436.77,421.66,84.24,96.99,0.2826,1,1
332,2,1067.80,337.14,100.12,84.94,0.9091,1,1
332,5,454.46,120.32,58.80,45.76,0.8644,1,1
332,9,360.86,225.05,40.34,44.57,0.8323,1,1
332,12,351.21,195.81,52.21,38.93,0.7340,1,1
332,16,596.48,62.27,53.75,36.84,0.4337,1,1
332,18,831.75,678.85,114.41,106.35,0.9100,1,1
332,27,661.64,201.55,84.50,62.71,0.9023,1,1
332,46,888.79,141.25,70.11,73.86,0.5931,1,1
332,176,648.32,843.52,150.40,124.11,0.9128,1,1
332,181,613.65,96.31,31.97,38.20,0.6098,1,1
332,207,1004.25,28.62,48.90,40.13,0.8771,1,1
332,258,931.19,0.61,19.04,13.62,0.7412,1,1
332,323,958.70,60.37,21.46,20.84,0.2602,1,1
332,337,1456.17,-0.00,35.49,27.67,0.7134,1,1
332,352,1003.71,56.38,20.48,29.92,0.3340,1,1
332,366,64.24,414.30,39.59,37.64,0.7296,1,1
332,367,436.86,421.35,84.07,97.76,0.8780,1,1
332,371,1142.51,578.68,60.33,44.76,0.9397,1,1
332,382,45.70,575.72,25.11,50.60,0.8663,1,1
332,383,464.54,152.10,42.25,41.25,0.6544,1,1
332,387,927.65,898.56,62.40,47.05,0.7675,1,1
332,389,191.02,512.29,20.59,29.96,0.5188,1,1
332,390,44.26,543.16,20.56,32.83,0.7287,1,1
332,391,672.13,106.83,43.47,30.10,0.4386,1,1
332,394,893.01,85.58,25.03,21.46,0.7286,1,1
333,1,436.74,421.41,84.05,96.65,0.3008,1,1
333,2,1068.18,337.33,100.23,84.80,0.9086,1,1
333,5,455.22,120.50,58.17,45.27,0.8696,1,1
333,9,358.04,226.83,40.37,43.98,0.8053,1,1
333,12,349.57,195.65,51.69,36.68,0.8123,1,1
333,16,596.78,62.41,51.20,35.17,0.3441,1,1
333,18,832.23,681.03,114.30,105.38,0.9094,1,1
333,27,665.56,201.04,82.81,62.44,0.9053,1,1
333,46,890.47,142.37,66.74,68.81,0.7200,1,1
333,176,647.91,843.05,149.99,124.54,0.9111,1,1
333,181,612.46,96.65,31.90,37.85,0.5197,1,1
333,207,1004.18,28.58,49.55,40.29,0.8736,1,1
333,258,931.11,0.71,19.25,13.70,0.7389,1,1
333,323,958.76,60.75,21.36,20.15,0.4348,1,1
333,337,1455.85,-0.00,36.22,29.07,0.7173,1,1
333,352,1003.89,56.51,20.31,29.61,0.3529,1,1
333,366,64.39,414.26,39.89,37.52,0.7114,1,1
333,367,436.76,421.41,83.92,96.85,0.8833,1,1
333,371,1142.74,577.97,59.71,43.94,0.9304,1,1
333,382,46.43,577.01,25.53,53.28,0.7963,1,1
333,383,465.15,154.11,40.43,39.34,0.6394,1,1
333,387,924.78,904.42,64.75,47.16,0.8330,1,1
333,389,189.81,511.76,21.93,31.23,0.4365,1,1
333,390,43.65,544.30,21.32,34.65,0.5850,1,1
333,391,672.46,106.83,42.79,29.68,0.5047,1,1
333,394,894.07,86.07,23.56,20.62,0.6463,1,1
334,1,436.62,421.56,84.22,96.72,0.8829,1,1
334,2,1068.14,337.35,100.35,84.81,0.9085,1,1
334,5,455.22,120.39,58.23,45.38,0.8708,1,1
334,9,357.76,226.90,40.72,43.95,0.8054,1,1
334,12,348.88,195.64,52.93,36.64,0.8132,1,1
334,16,596.92,62.43,50.47,34.75,0.3428,1,1
334,18,832.15,681.08,114.49,105.36,0.9091,1,1
334,27,665.85,201.07,82.35,62.53,0.9053,1,1
334,46,890.14,142.40,67.28,68.52,0.7167,1,1
334,176,648.16,843.06,149.64,124.56,0.9112,1,1
334,181,612.22,96.68,32.06,37.80,0.5249,1,1
334,207,1004.07,28.58,49.78,40.29,0.8736,1,1
334,258,931.08,0.72,19.31,13.70,0.7391,1,1
334,323,958.57,60.82,21.72,20.04,0.4320,1,1
334,337,1456.16,0.00,35.60,29.17,0.7174,1,1
334,352,1003.90,56.55,20.31,29.54,0.3532,1,1
334,366,64.24,414.28,40.17,37.47,0.7079,1,1
334,367,436.84,421.47,83.71,96.51,0.3052,1,1
334,371,1142.66,577.97,59.85,43.92,0.9304,1,1
334,382,46.79,577.04,24.85,53.36,0.7965,1,1
334,383,465.16,154.35,40.31,39.11,0.6358,1,1
334,387,924.18,904.53,65.89,47.18,0.8335,1,1
334,389,189.34,511.68,22.67,31.56,0.4402,1,1
334,390,43.71,544.32,21.12,34.94,0.5852,1,1
334,391,672.49,106.86,42.72,29.71,0.5181,1,1
334,394,894.41,86.12,22.99,20.54,0.6565,1,1
334,396,0.02,829.96,38.86,28.93,0.3910,1,1
335,1,436.39,421.22,84.29,96.73,0.2729,1,1
335,2,1068.21,337.11,100.79,85.09,0.9071,1,1
335,5,454.93,119.94,58.48,46.22,0.8776,1,1
335,9,354.49,227.27,39.94,42.91,0.8192,1,1
335,12,347.14,198.27,52.33,34.55,0.8218,1,1
335,16,596.20,62.32,51.04,35.29,0.3154,1,1
335,18,833.10,679.70,117.07,110.40,0.9096,1,1
335,27,668.28,200.28,82.41,63.05,0.9099,1,1
335,46,889.80,142.30,68.38,69.25,0.7214,1,1
335,176,647.33,843.09,149.50,124.56,0.9102,1,1
335,181,611.46,95.49,32.75,38.68,0.3853,1,1
335,207,1004.01,28.49,49.68,40.31,0.8589,1,1
335,258,931.05,0.76,19.21,13.64,0.7374,1,1
335,323,957.35,60.33,22.49,20.53,0.5202,1,1
335,337,1456.92,0.00,33.98,27.50,0.7119,1,1
335,352,1004.31,56.47,19.76,28.59,0.3135,1,1
335,366,65.18,415.10,39.42,36.39,0.7128,1,1
335,367,436.43,421.29,84.10,96.72,0.8902,1,1
335,371,1142.51,576.55,59.35,42.54,0.9048,1,1
335,381,480.50,337.91,30.84,35.27,0.6706,1,1
335,382,50.23,580.01,24.55,51.50,0.7816,1,1
335,383,464.80,155.26,40.15,38.70,0.6458,1,1
335,387,920.80,909.49,66.70,47.01,0.6393,1,1
335,389,186.94,511.73,23.63,30.66,0.5959,1,1
335,390,43.49,544.49,21.70,36.26,0.4150,1,1
335,391,672.61,106.66,42.50,29.59,0.4653,1,1
335,394,894.37,85.91,23.56,21.33,0.3585,1,1
335,396,-3.65,820.86,47.74,36.34,0.4625,1,1
335,399,963.79,702.59,57.58,32.23,0.5691,1,1
335,400,-0.06,585.83,11.80,35.01,0.3095,1,1
335,401,410.83,328.60,40.50,37.46,0.2683,1,1
336,1,435.87,422.14,84.44,96.10,0.8985,1,1
336,2,1068.64,337.32,100.67,84.96,0.9065,1,1
336,5,454.72,119.75,57.84,46.36,0.8745,1,1
336,9,351.01,228.26,40.45,43.29,0.7874,1,1
336,12,344.25,199.02,52.93,34.09,0.8413,1,1
336,16,595.12,62.37,51.37,35.66,0.3164,1,1
336,18,834.32,682.51,115.16,109.76,0.9064,1,1
336,27,670.78,199.96,82.92,63.31,0.9064,1,1
336,46,890.69,142.35,67.96,69.00,0.6580,1,1
336,176,646.55,842.63,150.15,124.77,0.9079,1,1
336,207,1005.57,30.89,47.69,38.24,0.7086,1,1
336,258,931.01,0.77,19.21,13.79,0.7329,1,1
336,323,957.27,59.32,23.77,21.89,0.5866,1,1
336,337,1456.81,-0.00,34.14,27.45,0.7215,1,1
336,347,5.20,701.42,54.94,148.19,0.2703,1,1
336,352,1004.82,56.45,19.02,27.38,0.2591,1,1
336,366,65.97,413.65,39.78,36.52,0.5933,1,1
336,371,1144.49,577.49,57.76,41.56,0.9028,1,1
336,381,480.35,337.99,31.43,35.33,0.7618,1,1
336,382,54.61,581.02,25.30,52.55,0.7971,1,1
336,383,463.05,155.58,40.66,38.35,0.7222,1,1
336,389,180.44,510.77,21.06,27.71,0.4066,1,1
336,391,672.31,106.82,42.63,29.65,0.6204,1,1
336,396,-1.27,823.55,43.18,32.93,0.3306,1,1
336,399,963.55,695.97,59.13,33.27,0.3187,1,1
336,400,-0.07,586.13,11.93,35.48,0.4302,1,1
336,401,421.11,325.04,28.37,32.11,0.8084,1,1
337,1,435.62,422.86,84.33,94.81,0.9050,1,1
337,2,1068.76,337.21,100.63,85.04,0.9062,1,1
337,5,454.10,119.66,56.98,45.39,0.8709,1,1
337,9,349.55,229.75,39.46,42.24,0.7557,1,1
337,12,341.62,199.22,53.11,33.89,0.8373,1,1
337,18,836.61,686.24,113.42,109.12,0.8951,1,1
337,27,672.30,199.54,83.91,64.02,0.9052,1,1
337,46,890.81,142.43,66.45,67.86,0.6407,1,1
337,176,645.37,842.35,150.02,124.53,0.9029,1,1
337,207,1004.87,30.13,48.26,38.40,0.7795,1,1
337,258,931.10,0.78,19.16,13.89,0.7249,1,1
337,323,958.70,58.90,23.92,22.28,0.7446,1,1
337,337,1456.77,-0.00,35.28,28.71,0.6956,1,1
337,366,67.61,414.40,37.63,34.09,0.5648,1,1
337,371,1144.86,578.03,58.13,42.51,0.9076,1,1
337,381,478.88,339.33,33.40,39.61,0.7850,1,1
337,382,60.03,591.06,22.69,44.89,0.7796,1,1
337,383,461.37,155.32,41.44,39.02,0.7544,1,1
337,389,178.66,512.03,21.99,28.74,0.2753,1,1
337,391,672.34,106.78,42.33,29.38,0.5206,1,1
337,396,-5.03,816.58,51.77,40.29,0.2620,1,1
337,399,947.57,687.89,67.27,38.64,0.5602,1,1
337,400,-0.01,586.52,11.97,35.62,0.4136,1,1
337,401,420.81,324.26,25.33,32.65,0.7896,1,1
337,402,0.16,625.69,15.32,79.19,0.3041,1,1
338,1,435.01,422.93,84.25,94.30,0.9019,1,1
338,2,1068.98,337.20,100.31,85.04,0.9060,1,1
338,5,453.08,119.57,56.37,44.55,0.8475,1,1
338,9,346.61,232.59,39.26,41.92,0.4919,1,1
338,12,338.49,199.41,55.94,36.14,0.8217,1,1
338,18,839.02,690.72,112.48,107.54,0.8872,1,1
338,27,675.23,199.70,84.67,64.40,0.9041,1,1
338,46,891.90,142.82,64.38,66.43,0.5862,1,1
338,176,644.25,841.73,150.14,124.58,0.8990,1,1
338,207,1003.70,27.05,51.43,41.38,0.7162,1,1
338,258,931.04,0.62,19.12,13.99,0.7144,1,1
338,323,958.31,58.62,24.54,22.97,0.7238,1,1
338,337,1456.98,-0.00,34.99,28.73,0.7155,1,1
338,371,1146.60,578.76,57.88,45.48,0.9077,1,1
338,381,479.32,339.79,34.39,41.95,0.7722,1,1
338,382,60.60,594.16,23.84,46.78,0.7706,1,1
338,383,459.75,153.94,42.18,39.80,0.8113,1,1
338,387,918.99,918.22,68.15,48.15,0.3316,1,1
338,391,671.88,106.74,42.82,29.74,0.5224,1,1
338,400,-0.08,587.02,11.95,35.70,0.4232,1,1
338,401,419.23,322.10,24.34,33.11,0.7281,1,1
338,402,0.14,627.33,15.16,78.30,0.3248,1,1
338,404,599.03,269.17,30.82,28.73,0.7617,1,1
338,405,368.41,366.64,45.65,34.02,0.8416,1,1
339,1,434.76,423.13,83.56,93.39,0.9041,1,1
339,2,1069.01,337.09,100.46,85.47,0.9017,1,1
339,5,452.25,119.28,56.20,44.01,0.8364,1,1
339,9,344.35,235.09,39.73,42.46,0.3159,1,1
339,12,335.52,201.67,58.89,38.47,0.8113,1,1
339,18,840.40,693.00,114.04,110.70,0.9107,1,1
339,27,675.40,199.38,85.88,65.57,0.9068,1,1
339,46,891.94,142.39,64.19,66.93,0.5201,1,1
339,176,642.94,841.26,150.85,125.59,0.8974,1,1
339,207,1003.68,26.98,50.92,41.06,0.7657,1,1
339,258,931.21,0.59,19.07,14.08,0.7320,1,1
339,323,957.75,58.41,24.49,23.48,0.8020,1,1
339,337,1457.17,0.00,34.17,27.75,0.7030,1,1
339,371,1147.24,581.04,55.98,44.93,0.8867,1,1
339,381,480.45,338.53,33.33,41.75,0.8497,1,1
339,382,61.62,598.06,23.18,46.25,0.7839,1,1
339,383,460.25,153.86,41.59,39.02,0.8078,1,1
339,387,920.37,919.33,68.54,49.02,0.5498,1,1
339,391,672.19,106.68,42.15,29.22,0.3863,1,1
339,400,0.14,586.80,12.03,35.77,0.5525,1,1
339,401,417.85,321.47,23.47,32.16,0.3844,1,1
339,402,0.21,628.32,14.98,77.16,0.3622,1,1
339,404,597.10,266.38,34.15,32.10,0.4926,1,1
339,405,365.02,371.16,44.79,32.22,0.8360,1,1
340,1,434.76,423.18,83.58,93.30,0.9041,1,1
340,2,1069.08,337.08,100.33,85.50,0.9017,1,1
340,5,452.09,119.30,56.46,43.95,0.8365,1,1
340,9,343.82,235.77,39.82,42.62,0.3141,1,1
340,12,335.66,201.78,58.55,38.50,0.8108,1,1
340,18,840.66,693.00,113.56,110.74,0.9108,1,1
340,27,675.47,199.38,85.78,65.58,0.9066,1,1
340,46,892.18,142.31,63.69,67.03,0.5126,1,1
340,176,642.94,841.27,150.76,125.68,0.8981,1,1
340,207,1003.71,26.97,50.81,41.02,0.7652,1,1
340,258,931.27,0.59,18.97,14.08,0.7318,1,1
340,323,957.85,58.40,24.24,23.50,0.8022,1,1
340,337,1457.07,0.00,34.31,27.66,0.7025,1,1
340,371,1147.50,581.07,55.43,44.92,0.8865,1,1
340,381,480.63,338.51,32.97,41.73,0.8497,1,1
340,382,61.71,598.18,22.98,46.33,0.7828,1,1
340,383,460.19,153.86,41.72,39.02,0.8075,1,1
340,387,920.75,919.50,68.11,49.16,0.5361,1,1
340,391,672.26,106.68,42.03,29.08,0.3722,1,1
340,400,0.14,586.78,12.08,35.77,0.5533,1,1
340,401,417.61,321.38,23.14,31.96,0.3725,1,1
340,402,0.20,628.50,14.99,77.02,0.3620,1,1
340,404,596.78,265.79,34.55,32.77,0.4894,1,1
340,405,364.54,371.24,45.61,32.18,0.8352,1,1
340,406,1199.68,539.91,53.84,42.16,0.5130,1,1
340,407,828.57,206.52,30.25,37.79,0.5964,1,1
341,1,433.99,422.55,84.14,93.94,0.2638,1,1
341,2,1069.04,337.26,99.82,85.19,0.9047,1,1
341,5,451.30,118.96,55.45,43.38,0.8368,1,1
341,9,342.65,238.45,38.84,41.45,0.2667,1,1
341,12,333.92,203.21,58.24,38.86,0.8445,1,1
341,18,841.03,696.43,114.33,111.01,0.9108,1,1
341,27,679.78,199.01,84.83,66.78,0.9140,1,1
341,176,641.72,841.03,150.74,126.01,0.8927,1,1
341,207,1003.39,27.57,49.89,40.55,0.8328,1,1
341,258,931.27,0.72,18.94,14.09,0.7241,1,1
341,298,961.69,104.71,20.42,21.32,0.2898,1,1
341,323,957.89,59.97,21.68,20.89,0.7709,1,1
341,337,1456.76,0.00,35.59,29.14,0.7392,1,1
341,367,434.10,422.20,83.41,94.95,0.9019,1,1
341,371,1143.94,584.51,56.99,45.42,0.8680,1,1
341,381,480.76,336.53,32.36,40.33,0.8589,1,1
341,382,62.96,597.97,23.34,46.61,0.7447,1,1
341,383,458.85,152.45,42.52,40.09,0.8067,1,1
341,387,921.26,919.59,66.71,48.54,0.6770,1,1
341,400,0.15,586.89,12.10,35.66,0.5659,1,1
341,401,413.63,320.53,24.51,33.95,0.5094,1,1
341,402,0.21,628.54,15.02,76.91,0.3949,1,1
341,405,364.51,375.00,45.18,31.90,0.8042,1,1
341,409,980.79,665.91,51.59,31.44,0.7851,1,1
341,410,8.59,840.72,28.43,76.81,0.5911,1,1
341,414,691.49,152.82,30.91,25.72,0.7467,1,1
342,1,433.11,422.22,84.35,94.25,0.2993,1,1
342,2,1069.28,337.42,99.96,85.67,0.9003,1,1
342,5,450.15,118.73,55.78,43.78,0.8434,1,1
342,9,341.77,241.93,36.07,37.75,0.3995,1,1
342,12,330.18,203.51,59.53,41.50,0.8607,1,1
342,18,841.96,703.17,114.19,108.14,0.9129,1,1
342,27,682.51,198.56,83.94,67.27,0.9120,1,1
342,176,642.49,841.47,150.77,125.13,0.9008,1,1
342,207,1002.76,27.31,50.54,40.93,0.8233,1,1
342,258,930.80,0.60,19.17,14.31,0.7359,1,1
342,323,957.51,60.67,20.98,19.83,0.8173,1,1
342,337,1456.90,0.00,35.34,29.26,0.7353,1,1
342,367,433.60,421.92,83.85,95.56,0.8902,1,1
342,371,1143.97,588.77,57.44,45.42,0.9079,1,1
342,381,481.75,336.60,32.38,39.13,0.8576,1,1
342,382,63.66,598.34,24.42,48.54,0.7467,1,1
342,383,458.54,152.25,41.86,39.94,0.8104,1,1
342,387,921.44,918.93,65.37,47.74,0.6719,1,1
342,400,-0.19,586.87,12.00,35.74,0.5428,1,1
342,402,0.19,628.39,15.11,77.21,0.3471,1,1
342,405,362.46,377.48,41.32,29.27,0.8329,1,1
342,409,981.33,664.49,56.30,32.11,0.8330,1,1
343,1,433.11,423.26,82.72,92.31,0.3042,1,1
343,2,1070.32,338.00,99.78,86.61,0.9016,1,1
343,5,449.34,118.77,55.72,43.64,0.8270,1,1
343,9,339.38,247.74,37.39,38.84,0.6278,1,1
343,12,327.89,206.00,59.10,43.15,0.8730,1,1
343,18,842.99,708.52,113.30,103.75,0.9094,1,1
343,27,684.58,198.16,84.08,67.25,0.9104,1,1
343,176,640.46,842.32,148.86,125.41,0.9054,1,1
343,181,613.46,89.90,33.36,41.66,0.3301,1,1
343,207,1001.91,27.18,50.53,40.74,0.8108,1,1
343,258,930.35,0.53,19.45,14.56,0.7387,1,1
343,323,957.05,60.13,21.38,19.81,0.8145,1,1
343,337,1457.16,0.01,34.93,29.11,0.7173,1,1
343,367,433.02,424.02,83.26,92.84,0.9117,1,1
343,371,1143.87,593.72,53.88,43.16,0.8918,1,1
343,381,482.09,337.13,32.85,38.23,0.8522,1,1
343,382,66.30,598.92,24.27,47.77,0.7656,1,1
343,383,458.18,152.14,40.90,39.38,0.8106,1,1
343,400,-0.08,586.94,11.80,35.26,0.5302,1,1
343,402,0.20,628.66,15.16,77.32,0.3016,1,1
343,405,359.82,376.70,41.27,29.21,0.8348,1,1
343,409,988.57,664.31,60.03,33.70,0.5842,1,1
344,1,432.93,423.64,82.35,91.78,0.2503,1,1
344,2,1071.90,338.97,99.35,88.68,0.8933,1,1
344,5,448.83,118.30,54.85,42.18,0.8400,1,1
344,9,336.90,248.39,38.44,38.53,0.7086,1,1
344,12,326.11,206.75,59.14,44.28,0.8852,1,1
344,18,841.74,710.74,116.25,108.73,0.9128,1,1
344,27,686.05,197.70,83.94,67.00,0.9050,1,1
344,176,638.99,843.27,147.91,126.42,0.9078,1,1
344,207,1001.97,27.67,50.23,40.12,0.7866,1,1
344,258,930.54,0.69,19.14,14.31,0.7376,1,1
344,298,965.67,98.56,19.67,21.80,0.4623,1,1
344,323,956.37,60.28,21.00,19.63,0.8111,1,1
344,337,1457.42,0.01,34.76,29.01,0.6789,1,1
344,367,432.51,424.20,83.75,92.85,0.9150,1,1
344,371,1142.73,596.39,52.38,43.04,0.8735,1,1
344,381,481.01,339.44,35.31,40.90,0.8347,1,1
344,382,67.43,595.87,25.83,49.66,0.7538,1,1
344,383,457.14,151.04,41.17,40.39,0.8206,1,1
344,400,-0.08,587.07,11.83,35.48,0.4197,1,1
344,401,403.83,318.73,25.21,35.06,0.3745,1,1
344,402,0.21,628.96,15.10,76.88,0.3117,1,1
344,405,358.16,374.69,40.15,27.76,0.8394,1,1
344,409,994.81,663.65,71.13,40.22,0.6670,1,1
345,1,432.36,425.03,83.87,92.27,0.9137,1,1
345,2,1073.88,340.64,97.48,89.01,0.9090,1,1
345,5,447.48,117.06,55.01,41.82,0.8577,1,1
345,9,334.65,248.99,39.44,38.81,0.7407,1,1
345,12,324.79,207.85,59.23,44.43,0.8878,1,1
345,18,843.84,719.59,112.86,103.38,0.9047,1,1
345,27,687.41,196.84,84.93,67.49,0.8982,1,1
345,46,897.70,138.07,67.85,72.48,0.5602,1,1
345,176,635.89,843.57,147.71,126.86,0.9098,1,1
345,181,616.64,87.99,31.64,41.56,0.3541,1,1
345,207,1002.06,27.54,50.13,40.02,0.7149,1,1
345,258,930.60,0.69,19.13,14.31,0.7369,1,1
345,298,967.71,95.81,19.97,22.94,0.7105,1,1
345,323,956.94,59.83,21.24,20.29,0.7163,1,1
345,337,1457.32,0.01,34.95,29.31,0.6946,1,1
345,371,1143.22,599.42,49.99,41.79,0.8649,1,1
345,381,482.53,345.15,36.55,40.87,0.8365,1,1
345,382,69.65,595.38,25.82,48.69,0.6099,1,1
345,383,456.03,149.33,40.97,41.23,0.8292,1,1
345,400,-0.31,587.22,12.14,36.85,0.4872,1,1
345,402,-0.14,627.64,15.85,81.19,0.2513,1,1
345,405,355.27,373.33,39.53,27.72,0.8471,1,1
345,409,1006.25,669.71,72.95,42.32,0.5136,1,1
346,1,432.31,425.04,83.97,92.19,0.9123,1,1
346,2,1074.17,340.58,96.88,89.12,0.9087,1,1
346,5,447.30,117.01,55.30,41.83,0.8579,1,1
346,9,334.33,249.00,39.87,38.83,0.7403,1,1
346,12,324.78,207.87,59.18,44.41,0.8876,1,1
346,18,843.42,719.67,113.71,103.32,0.9046,1,1
346,27,687.34,196.83,85.14,67.55,0.8982,1,1
346,46,898.20,137.94,67.29,72.56,0.5953,1,1
346,176,636.03,843.52,147.42,126.78,0.9101,1,1
346,181,617.49,87.72,30.52,41.61,0.3530,1,1
346,207,1002.06,27.53,50.14,40.02,0.7130,1,1
346,258,930.60,0.68,19.14,14.31,0.7361,1,1
346,298,967.91,95.63,19.83,22.97,0.7102,1,1
346,323,957.22,59.80,20.83,20.25,0.7149,1,1
346,337,1457.35,-0.00,34.86,29.33,0.6949,1,1
346,371,1143.44,599.44,49.54,41.81,0.8649,1,1
346,381,482.17,345.16,37.35,41.01,0.8385,1,1
346,382,69.68,595.21,26.28,48.67,0.6200,1,1
346,383,456.26,149.25,40.45,41.28,0.8290,1,1
346,400,-0.29,587.21,12.09,37.08,0.4856,1,1
346,402,-0.24,627.25,16.02,82.48,0.2506,1,1
346,405,355.35,373.29,39.25,27.73,0.8463,1,1
346,409,1008.98,670.91,71.58,42.64,0.5166,1,1
346,418,621.22,194.69,38.99,31.83,0.7829,1,1
347,1,432.44,424.84,83.19,91.30,0.2596,1,1
347,2,1075.94,341.81,96.85,89.61,0.9117,1,1
347,5,446.49,116.41,55.07,41.72,0.8494,1,1
347,9,331.59,249.33,39.97,38.93,0.7634,1,1
347,12,322.87,208.15,60.58,44.51,0.8906,1,1
347,18,842.42,723.25,114.24,106.35,0.9013,1,1
347,27,690.15,196.90,83.83,67.46,0.8953,1,1
347,46,899.24,137.78,65.49,71.21,0.7213,1,1
347,176,632.19,843.45,148.99,127.52,0.9085,1,1
347,181,618.56,89.05,28.88,40.04,0.3586,1,1
347,207,1001.91,28.00,49.78,39.83,0.7762,1,1
347,258,930.59,0.70,18.94,14.29,0.7519,1,1
347,298,969.21,94.01,20.55,24.24,0.6604,1,1
347,323,958.52,60.23,20.37,20.31,0.7080,1,1
347,337,1457.43,0.01,34.73,29.28,0.6750,1,1
347,367,432.35,424.91,84.00,92.63,0.8965,1,1
347,371,1140.75,601.79,51.02,43.26,0.8957,1,1
347,381,481.97,345.20,36.51,39.17,0.8404,1,1
347,382,69.47,593.11,26.88,49.70,0.6123,1,1
347,383,455.34,147.30,40.53,42.09,0.8326,1,1
347,400,-0.07,587.21,11.80,36.30,0.5346,1,1
347,405,350.16,372.31,40.85,28.10,0.8376,1,1
347,409,1011.23,674.66,79.31,48.82,0.3332,1,1
347,418,629.33,203.42,36.66,28.34,0.8162,1,1
347,419,619.25,85.18,26.13,35.95,0.2995,1,1
347,420,213.49,966.47,37.92,56.46,0.7311,1,1
348,1,433.52,425.86,81.97,89.80,0.2590,1,1
348,2,1076.53,344.48,97.67,90.60,0.9187,1,1
348,5,445.77,115.62,54.68,41.25,0.8543,1,1
348,9,330.51,249.85,38.79,38.27,0.7886,1,1
348,12,320.87,206.05,62.87,46.67,0.8691,1,1
348,18,843.38,728.43,117.08,105.87,0.9036,1,1
348,27,691.85,196.65,83.15,67.37,0.8987,1,1
348,46,899.50,137.33,65.98,72.43,0.6835,1,1
348,176,630.34,843.68,147.99,126.79,0.9078,1,1
348,207,1001.72,28.24,49.75,39.83,0.7548,1,1
348,258,930.21,0.70,18.87,14.23,0.7548,1,1
348,298,970.17,93.28,20.23,24.24,0.6037,1,1
348,323,959.90,60.18,20.15,20.53,0.5401,1,1
348,337,1457.49,0.01,34.68,29.35,0.6829,1,1
348,367,432.68,426.25,83.79,90.91,0.9027,1,1
348,371,1138.67,602.31,52.73,45.81,0.8906,1,1
348,381,481.93,342.32,34.96,36.59,0.8569,1,1
348,382,69.81,592.45,27.34,50.50,0.4710,1,1
348,383,454.11,145.16,41.41,43.84,0.8355,1,1
348,391,671.96,106.63,41.22,27.72,0.4044,1,1
348,400,-0.05,587.21,11.84,36.57,0.5420,1,1
348,405,347.82,371.06,41.74,27.27,0.8534,1,1
348,418,633.63,207.20,39.47,34.09,0.8354,1,1
348,420,221.75,962.86,34.23,50.86,0.7233,1,1
349,1,432.97,426.47,84.02,90.76,0.9141,1,1
349,2,1077.82,346.27,97.53,90.15,0.9239,1,1
349,5,444.51,115.32,54.72,40.42,0.8710,1,1
349,9,329.21,249.08,39.34,39.03,0.7968,1,1
349,12,319.22,206.22,62.84,46.97,0.8559,1,1
349,18,842.59,735.06,108.54,100.11,0.8941,1,1
349,27,693.74,195.98,82.00,68.07,0.9050,1,1
349,46,900.35,136.62,65.78,72.29,0.6016,1,1
349,176,629.09,843.87,146.76,126.20,0.9098,1,1
349,207,1001.51,27.80,50.52,40.54,0.8173,1,1
349,258,930.17,0.75,18.89,14.13,0.7490,1,1
349,298,970.76,93.04,20.01,24.14,0.5261,1,1
349,323,963.27,59.96,19.61,20.18,0.3559,1,1
349,337,1457.30,0.01,34.98,29.77,0.6938,1,1
349,371,1141.28,601.37,51.51,45.82,0.8653,1,1
349,381,481.39,339.73,33.17,34.60,0.8244,1,1
349,382,69.88,592.25,27.40,50.60,0.5273,1,1
349,383,453.26,145.12,41.10,43.23,0.8459,1,1
349,400,-0.08,587.41,11.80,36.62,0.4947,1,1
349,401,403.30,315.34,23.76,33.41,0.3505,1,1
349,405,349.00,369.86,40.26,26.63,0.8576,1,1
349,406,1195.63,549.95,56.42,45.05,0.3111,1,1
349,418,641.28,214.11,31.40,27.82,0.8059,1,1
349,420,228.16,955.97,35.60,53.22,0.7418,1,1
350,1,433.26,426.60,84.02,91.28,0.9106,1,1
350,2,1078.79,347.74,97.76,90.63,0.9239,1,1
350,5,443.61,115.01,55.20,40.61,0.8708,1,1
350,9,328.19,248.73,38.73,38.79,0.8094,1,1
350,12,316.79,205.33,63.94,47.91,0.8470,1,1
350,18,844.32,739.13,106.29,98.75,0.8946,1,1
350,27,696.20,195.73,81.72,68.49,0.9080,1,1
350,46,900.93,136.16,65.67,72.27,0.4580,1,1
350,176,628.35,843.68,146.53,125.60,0.9116,1,1
350,207,1001.32,27.70,50.17,40.85,0.8257,1,1
350,258,930.13,0.76,18.92,14.22,0.7444,1,1
350,298,969.94,92.76,21.13,26.13,0.3685,1,1
350,337,1457.16,0.15,34.87,29.82,0.6678,1,1
350,371,1137.52,596.18,51.26,45.59,0.7863,1,1
350,381,481.21,338.26,32.73,33.81,0.8261,1,1
350,382,69.62,592.49,28.37,52.73,0.5457,1,1
350,383,452.94,145.39,40.91,42.97,0.8443,1,1
350,400,-0.12,587.29,11.92,37.23,0.4882,1,1
350,401,404.56,313.83,24.74,35.84,0.3473,1,1
350,405,347.06,365.42,40.46,27.16,0.8545,1,1
350,406,1197.05,550.43,55.52,44.91,0.2696,1,1
350,418,644.19,216.06,29.82,26.53,0.8091,1,1
350,420,235.94,949.23,35.60,53.94,0.6708,1,1
350,421,66.58,339.73,49.69,60.46,0.2590,1,1
351,1,433.50,426.54,84.03,91.41,0.9115,1,1
351,2,1079.42,348.62,98.54,92.08,0.9178,1,1
351,5,442.23,114.89,54.81,40.68,0.8668,1,1
351,9,326.84,248.65,38.36,38.75,0.8115,1,1
351,12,315.41,205.86,63.47,47.30,0.8511,1,1
351,18,845.63,743.86,106.28,99.62,0.8840,1,1
351,27,696.98,195.21,81.48,68.39,0.9082,1,1
351,46,901.33,135.99,65.39,72.08,0.3201,1,1
351,176,627.69,842.94,145.95,125.97,0.9118,1,1
351,207,1001.50,27.30,49.92,41.00,0.8083,1,1
351,258,930.12,0.58,18.54,14.00,0.7436,1,1
351,298,970.52,93.14,18.63,23.09,0.4230,1,1
351,337,1456.81,0.20,35.32,30.38,0.6590,1,1
351,371,1130.38,584.06,51.92,45.36,0.8497,1,1
351,381,480.09,338.71,32.07,33.39,0.8258,1,1
351,382,69.28,593.15,29.43,55.82,0.6147,1,1
351,383,452.13,144.99,40.56,42.60,0.8410,1,1
351,400,-0.13,587.28,12.05,37.87,0.4830,1,1
351,405,347.05,362.04,38.77,26.46,0.8938,1,1
351,418,645.36,217.06,27.71,23.82,0.7899,1,1
351,420,244.15,945.54,34.23,52.03,0.5479,1,1
351,421,67.03,339.64,49.29,59.81,0.3649,1,1
351,423,968.51,56.08,19.95,21.35,0.6797,1,1
352,1,433.54,426.54,84.05,91.38,0.9108,1,1
352,2,1079.55,348.62,98.30,92.09,0.9177,1,1
352,5,442.31,114.88,54.56,40.65,0.8670,1,1
352,9,326.89,248.64,38.17,38.75,0.8115,1,1
352,12,315.33,205.93,63.62,47.23,0.8511,1,1
352,18,845.84,743.90,105.88,99.66,0.8839,1,1
352,27,697.01,195.21,81.44,68.38,0.9082,1,1
352,46,901.41,135.94,65.21,71.99,0.3320,1,1
352,176,627.80,842.91,145.65,125.96,0.9117,1,1
352,207,1001.63,27.29,49.65,41.00,0.8104,1,1
352,258,930.15,0.56,18.45,13.98,0.7436,1,1
352,298,970.60,93.23,18.05,22.42,0.4145,1,1
352,337,1456.82,0.20,35.23,30.43,0.6589,1,1
352,371,1129.91,583.83,52.42,45.32,0.8499,1,1
352,381,480.12,338.72,31.92,33.39,0.8255,1,1
352,382,69.40,593.25,29.20,56.26,0.6199,1,1
352,383,452.09,144.97,40.57,42.62,0.8413,1,1
352,400,-0.14,587.27,12.02,37.96,0.4864,1,1
352,405,347.15,362.00,38.55,26.46,0.8938,1,1
352,418,645.08,217.07,28.21,23.73,0.7899,1,1
352,420,245.24,945.13,33.93,51.72,0.5389,1,1
352,421,66.96,339.62,49.40,59.79,0.3662,1,1
352,423,968.50,56.00,20.03,21.46,0.6790,1,1
352,425,45.43,773.07,89.75,77.37,0.8558,1,1
353,1,433.86,426.58,83.63,90.47,0.9060,1,1
353,2,1079.72,348.92,99.74,94.58,0.9107,1,1
353,5,441.38,115.13,54.12,40.53,0.8627,1,1
353,9,325.56,248.21,38.20,38.90,0.7981,1,1
353,12,312.43,203.81,65.29,49.91,0.8539,1,1
353,18,847.53,748.92,104.38,98.36,0.8760,1,1
353,27,698.02,195.23,81.46,68.17,0.9105,1,1
353,46,902.19,135.59,65.25,72.23,0.4138,1,1
353,176,626.43,842.00,146.38,126.25,0.9111,1,1
353,207,1001.20,26.20,49.99,41.99,0.8476,1,1
353,258,930.00,0.61,18.51,14.04,0.7410,1,1
353,298,967.92,92.34,19.53,25.12,0.7514,1,1
353,337,1456.80,0.22,35.10,30.38,0.6664,1,1
353,371,1118.40,576.24,53.59,43.22,0.8914,1,1
353,382,69.55,593.36,28.80,56.17,0.5869,1,1
353,383,451.26,144.93,39.93,41.48,0.8453,1,1
353,400,-0.24,587.16,12.07,38.38,0.3505,1,1
353,405,343.42,354.40,40.64,29.06,0.8822,1,1
353,418,645.29,216.47,28.25,23.02,0.8064,1,1
353,421,67.56,336.92,49.39,59.60,0.5256,1,1
353,423,969.11,56.26,19.81,21.45,0.7080,1,1
353,425,49.52,767.28,92.09,78.93,0.8423,1,1
353,427,1101.46,712.23,64.37,37.17,0.7536,1,1
354,1,433.89,427.27,83.49,89.80,0.9084,1,1
354,2,1080.49,350.62,98.79,93.17,0.9101,1,1
354,5,440.79,115.57,52.93,39.54,0.8550,1,1
354,9,323.95,248.86,37.72,38.63,0.7862,1,1
354,12,311.91,205.16,62.23,48.19,0.8512,1,1
354,18,849.34,751.98,102.37,96.64,0.8274,1,1
354,27,698.68,195.20,81.67,67.61,0.9112,1,1
354,46,902.45,135.40,65.34,72.63,0.3578,1,1
354,176,623.62,841.70,144.44,124.63,0.9056,1,1
354,207,1002.73,27.94,48.31,40.38,0.7010,1,1
354,258,929.17,0.45,18.80,14.20,0.7579,1,1
354,298,966.71,96.22,18.78,24.60,0.6772,1,1
354,337,1456.68,0.18,35.05,30.40,0.6447,1,1
354,371,1110.88,571.32,50.62,41.54,0.8635,1,1
354,382,69.27,592.36,27.51,53.16,0.6177,1,1
354,383,450.56,145.44,39.44,40.74,0.8399,1,1
354,400,-0.27,587.08,12.10,38.74,0.3207,1,1
354,405,341.43,351.28,40.19,29.24,0.8839,1,1
354,418,646.98,214.59,27.66,21.88,0.8256,1,1
354,421,67.55,335.71,49.50,59.61,0.5564,1,1
354,423,973.18,53.48,21.05,23.36,0.6394,1,1
354,425,57.42,763.35,93.38,78.52,0.8640,1,1
354,427,1105.24,716.07,71.58,39.37,0.6957,1,1
355,1,433.91,427.29,83.54,89.45,0.9064,1,1
355,2,1080.50,351.01,99.16,94.03,0.9092,1,1
355,5,439.96,115.37,53.10,39.70,0.8602,1,1
355,9,323.23,247.73,37.97,39.00,0.7501,1,1
355,12,310.52,201.98,63.07,50.12,0.8371,1,1
355,18,851.84,754.63,102.49,96.80,0.7002,1,1
355,27,699.55,195.00,81.94,66.92,0.9060,1,1
355,46,902.72,135.36,65.09,72.60,0.3102,1,1
355,176,620.35,840.21,144.55,125.11,0.8971,1,1
355,207,1003.17,28.11,48.34,40.16,0.7432,1,1
355,258,928.98,0.55,18.75,14.07,0.7676,1,1
355,337,1456.33,0.01,35.06,30.68,0.6835,1,1
355,371,1107.12,567.11,51.94,44.16,0.7717,1,1
355,373,1070.76,717.92,52.09,42.13,0.3166,1,1
355,382,68.52,591.67,27.56,52.48,0.6920,1,1
355,383,449.89,146.32,39.54,41.01,0.8261,1,1
355,400,-0.28,586.88,12.14,39.15,0.3443,1,1
355,405,339.38,348.34,38.43,29.73,0.8832,1,1
355,418,646.69,209.81,32.62,21.77,0.8597,1,1
355,421,67.37,335.15,49.54,59.47,0.5822,1,1
355,423,974.63,51.12,21.53,25.32,0.7007,1,1
355,425,71.95,759.54,90.08,77.09,0.8446,1,1
355,427,1111.83,719.52,81.11,43.03,0.6802,1,1
356,1,433.75,427.02,83.70,89.53,0.9039,1,1
356,2,1080.13,350.09,99.54,95.27,0.9094,1,1
356,5,440.26,115.22,53.82,40.11,0.8615,1,1
356,9,321.21,245.82,39.52,40.52,0.8101,1,1
356,12,308.97,198.76,62.81,51.76,0.8289,1,1
356,18,855.97,759.43,103.12,96.06,0.7645,1,1
356,27,700.26,195.16,82.26,66.47,0.9050,1,1
356,46,902.99,135.51,64.79,72.44,0.2831,1,1
356,176,618.11,838.75,145.08,125.48,0.8912,1,1
356,207,1002.43,27.67,49.18,40.52,0.7951,1,1
356,258,928.87,0.54,18.68,14.10,0.7690,1,1
356,337,1456.32,-0.00,35.14,30.87,0.6693,1,1
356,371,1106.56,570.58,48.39,46.05,0.8277,1,1
356,373,1071.72,730.07,57.73,49.65,0.7565,1,1
356,381,476.33,342.65,34.00,36.44,0.8453,1,1
356,382,68.41,591.93,27.97,51.96,0.7100,1,1
356,383,449.29,147.73,38.98,40.39,0.8240,1,1
356,400,-0.25,586.82,12.15,39.45,0.3365,1,1
356,405,335.96,346.29,36.47,27.63,0.8744,1,1
356,418,647.33,205.18,36.28,22.38,0.8154,1,1
356,421,67.18,334.58,49.75,59.48,0.6395,1,1
356,423,969.97,54.55,25.82,31.18,0.2691,1,1
356,425,78.94,756.90,91.18,76.23,0.8768,1,1
356,427,1120.13,733.69,73.54,41.55,0.8232,1,1
356,431,1138.34,540.87,45.25,42.64,0.6353,1,1
357,1,433.64,426.96,83.79,89.71,0.8983,1,1
357,2,1079.73,349.02,99.71,95.69,0.9103,1,1
357,5,440.28,115.18,53.58,39.88,0.8628,1,1
357,9,321.12,242.46,39.54,41.64,0.8302,1,1
357,12,308.88,197.50,60.29,50.48,0.8274,1,1
357,18,857.18,763.90,106.51,99.33,0.7274,1,1
357,27,700.90,195.45,82.41,66.32,0.9035,1,1
357,176,617.08,838.29,144.53,124.91,0.8902,1,1
357,207,1003.27,27.51,48.79,40.53,0.7821,1,1
357,258,929.17,0.18,18.30,13.84,0.7673,1,1
357,337,1456.42,0.00,34.95,30.78,0.6878,1,1
357,371,1109.78,577.87,45.88,49.18,0.8633,1,1
357,373,1077.08,750.09,54.26,44.76,0.5004,1,1
357,381,476.02,341.68,32.61,35.48,0.8385,1,1
357,382,69.26,591.30,28.42,52.66,0.6830,1,1
357,383,448.89,150.51,37.83,38.38,0.8318,1,1
357,400,-0.05,586.75,11.83,38.44,0.4097,1,1
357,405,333.73,342.39,37.30,28.01,0.8567,1,1
357,418,649.92,198.77,38.17,23.40,0.8145,1,1
357,421,67.00,334.41,49.70,58.86,0.6503,1,1
357,423,974.35,50.89,23.33,28.77,0.3186,1,1
357,425,88.70,755.55,89.59,73.04,0.8316,1,1
358,1,433.65,426.96,83.78,89.71,0.8984,1,1
358,2,1079.80,349.00,99.64,95.71,0.9103,1,1
358,5,440.19,115.23,53.67,39.91,0.8624,1,1
358,9,321.38,242.36,39.03,41.67,0.8302,1,1
358,12,309.12,197.44,59.70,50.44,0.8272,1,1
358,18,857.26,764.16,106.64,99.52,0.7294,1,1
358,27,700.83,195.45,82.52,66.32,0.9036,1,1
358,176,617.02,838.28,144.59,124.90,0.8902,1,1
358,207,1003.41,27.52,48.53,40.52,0.7821,1,1
358,258,929.19,0.17,18.26,13.82,0.7667,1,1
358,337,1456.44,-0.01,34.88,30.77,0.6880,1,1
358,371,1110.99,577.96,43.52,49.28,0.8633,1,1
358,373,1077.27,754.02,54.74,43.70,0.4995,1,1
358,381,476.12,341.69,32.33,35.41,0.8394,1,1
358,382,69.45,591.47,28.43,52.40,0.6919,1,1
358,383,448.70,150.58,38.20,38.34,0.8322,1,1
358,400,-0.06,586.74,11.77,38.28,0.4096,1,1
358,405,333.58,342.31,37.50,28.02,0.8567,1,1
358,418,649.95,198.56,38.36,23.44,0.8147,1,1
358,421,66.85,334.38,49.93,58.75,0.6485,1,1
358,423,975.78,49.78,22.16,27.90,0.3233,1,1
358,425,88.21,755.55,90.93,72.93,0.8327,1,1
358,433,411.48,304.70,33.75,27.89,0.5545,1,1
359,1,432.73,427.39,84.23,89.80,0.8867,1,1
359,2,1079.42,348.67,99.36,94.69,0.9139,1,1
359,5,440.00,115.95,53.87,39.83,0.8612,1,1
359,9,320.24,240.07,39.29,42.24,0.7795,1,1
359,12,309.60,197.41,58.45,49.10,0.8201,1,1
359,18,859.79,767.92,104.24,98.04,0.8361,1,1
359,27,700.91,195.78,82.75,66.56,0.9024,1,1
359,176,617.28,836.79,149.14,126.35,0.8909,1,1
359,207,1004.14,27.67,47.98,40.56,0.7965,1,1
359,258,929.12,0.15,18.34,13.94,0.7613,1,1
359,337,1456.43,0.00,34.65,30.66,0.6449,1,1
359,371,1116.91,587.10,41.13,46.61,0.6963,1,1
359,373,1089.45,767.61,54.76,43.68,0.3391,1,1
359,381,474.50,344.13,34.96,39.94,0.8061,1,1
359,382,68.71,582.55,26.50,46.69,0.7659,1,1
359,383,447.39,152.66,38.71,38.54,0.8353,1,1
359,400,-0.15,586.61,12.30,40.21,0.3799,1,1
359,405,330.37,337.91,36.08,27.37,0.8259,1,1
359,418,649.48,189.80,37.08,22.64,0.6905,1,1
359,421,66.84,334.27,49.88,58.08,0.6826,1,1
359,423,977.07,49.19,20.34,26.12,0.4624,1,1
359,425,97.13,752.79,91.39,72.58,0.8782,1,1
359,433,411.29,303.79,34.64,27.99,0.6543,1,1
360,1,432.86,427.61,84.02,89.27,0.8961,1,1
360,2,1079.70,348.31,98.02,92.93,0.9184,1,1
360,5,438.95,115.91,54.56,40.38,0.8552,1,1
360,9,319.82,237.62,39.52,42.57,0.7269,1,1
360,12,310.62,197.09,55.86,46.09,0.8023,1,1
360,18,862.39,770.94,102.46,99.70,0.8618,1,1
360,27,701.12,195.66,83.24,66.61,0.9027,1,1
360,176,615.04,836.58,149.19,126.92,0.8910,1,1
360,207,1003.01,27.39,48.18,40.83,0.7825,1,1
360,258,928.97,0.14,18.52,14.16,0.7623,1,1
360,337,1456.24,0.01,34.40,30.58,0.6834,1,1
360,371,1120.32,591.70,39.03,44.17,0.2926,1,1
360,381,472.39,345.30,35.35,42.11,0.8338,1,1
360,382,68.46,574.56,24.20,42.42,0.7475,1,1
360,383,445.82,153.91,39.30,38.89,0.8369,1,1
360,400,-0.22,585.87,12.66,41.68,0.4057,1,1
360,405,327.06,334.26,35.91,28.66,0.7722,1,1
360,421,66.86,334.08,50.15,58.02,0.6827,1,1
360,425,106.60,747.54,92.57,75.33,0.8739,1,1
360,433,411.78,304.22,33.40,26.67,0.2852,1,1
361,1,433.16,429.07,83.41,88.53,0.6820,1,1
361,2,1079.78,349.01,95.63,89.70,0.9163,1,1
361,5,438.46,115.77,54.34,40.90,0.8559,1,1
361,9,319.68,234.50,40.24,46.22,0.8132,1,1
361,12,309.17,195.83,56.42,46.59,0.7372,1,1
361,18,864.49,774.97,102.73,102.40,0.8218,1,1
361,27,701.30,194.83,84.26,67.18,0.8971,1,1
361,46,903.13,134.36,65.42,73.82,0.3433,1,1
361,176,612.53,837.38,146.73,126.46,0.8969,1,1
361,207,1002.49,27.93,47.21,40.34,0.7524,1,1
361,258,928.51,0.45,18.29,13.72,0.7279,1,1
361,337,1456.36,0.40,34.59,30.81,0.6805,1,1
361,347,2.01,702.12,58.70,149.92,0.3075,1,1
361,367,434.48,429.35,80.87,86.81,0.2868,1,1
361,381,469.54,345.56,34.35,40.80,0.4876,1,1
361,382,71.86,567.92,33.03,45.54,0.8505,1,1
361,383,445.74,155.11,38.60,37.64,0.8208,1,1
361,405,323.24,331.80,35.86,29.20,0.7190,1,1
361,421,64.57,334.48,53.50,62.55,0.5270,1,1
361,425,120.80,743.64,87.47,71.24,0.8607,1,1
361,433,414.94,306.57,32.76,25.24,0.5890,1,1
362,1,433.59,429.38,82.11,87.03,0.3224,1,1
362,2,1080.25,348.43,95.72,88.86,0.9159,1,1
362,5,438.11,115.87,53.71,41.83,0.8508,1,1
362,9,318.78,232.44,40.51,48.07,0.7632,1,1
362,12,310.73,197.31,53.44,43.41,0.7483,1,1
362,16,620.41,54.24,52.53,34.57,0.5797,1,1
362,18,867.62,778.35,101.56,103.42,0.8267,1,1
362,27,701.63,194.07,84.54,68.12,0.8950,1,1
362,46,903.28,133.90,65.44,74.45,0.4016,1,1
362,176,609.66,836.50,145.53,127.92,0.9016,1,1
362,207,1002.29,27.88,47.46,40.77,0.6419,1,1
362,258,928.47,0.41,18.41,13.62,0.7266,1,1
362,337,1456.34,0.24,34.64,31.04,0.6789,1,1
362,367,433.10,429.14,83.04,88.19,0.6896,1,1
362,381,468.03,344.13,33.08,39.19,0.3071,1,1
362,382,71.36,559.41,29.10,38.70,0.8237,1,1
362,383,444.83,156.00,39.41,38.18,0.8245,1,1
362,405,320.04,326.95,34.84,29.01,0.5921,1,1
362,421,64.43,334.55,53.63,63.34,0.5475,1,1
362,425,129.19,736.09,89.58,73.53,0.8236,1,1
362,433,417.23,309.08,31.72,24.35,0.6434,1,1
363,1,433.52,428.99,81.89,86.66,0.3703,1,1
363,2,1081.55,348.30,95.42,88.71,0.9142,1,1
363,5,438.56,116.46,53.32,42.36,0.8560,1,1
363,9,317.22,230.72,42.32,50.90,0.5626,1,1
363,12,310.58,197.43,52.67,41.92,0.7434,1,1
363,16,623.87,52.16,51.40,33.47,0.3243,1,1
363,18,872.01,781.54,99.28,101.69,0.7450,1,1
363,27,702.12,193.81,84.23,68.75,0.8958,1,1
363,46,903.37,133.82,65.39,74.83,0.3418,1,1
363,176,606.18,835.91,146.76,129.17,0.9021,1,1
363,207,1002.15,28.24,47.10,40.42,0.3140,1,1
363,258,928.31,0.24,18.75,13.77,0.7360,1,1
363,337,1456.76,0.45,34.35,30.80,0.6501,1,1
363,366,75.60,399.89,37.23,35.68,0.7224,1,1
363,367,432.88,428.74,83.17,88.07,0.6571,1,1
363,371,1125.32,605.06,38.95,46.43,0.7372,1,1
363,381,467.26,339.35,34.56,40.39,0.6643,1,1
363,382,78.74,552.34,28.40,33.32,0.8063,1,1
363,383,444.43,157.23,38.99,36.97,0.8236,1,1
363,405,318.20,323.94,34.23,29.04,0.5355,1,1
363,421,64.92,333.81,53.58,63.58,0.4719,1,1
363,425,143.42,733.26,89.66,72.40,0.8568,1,1
363,433,418.34,310.71,32.41,24.93,0.6921,1,1
363,437,680.51,138.16,25.68,30.69,0.8476,1,1
364,1,433.42,428.87,82.02,86.64,0.3682,1,1
364,2,1081.58,348.31,95.35,88.64,0.9144,1,1
364,5,438.81,116.48,52.81,42.37,0.8556,1,1
364,9,317.19,230.44,42.11,51.37,0.5509,1,1
364,12,310.22,197.50,53.30,41.81,0.7432,1,1
364,16,624.56,51.60,51.42,33.26,0.3331,1,1
364,18,872.46,781.71,98.72,101.61,0.7435,1,1
364,27,702.35,193.81,83.82,68.73,0.8959,1,1
364,46,903.46,133.78,65.21,74.99,0.3412,1,1
364,176,606.17,835.90,146.72,129.19,0.9020,1,1
364,207,1002.07,28.32,47.03,40.30,0.3143,1,1
364,258,928.26,0.21,18.89,13.80,0.7387,1,1
364,337,1456.80,0.46,34.30,30.78,0.6497,1,1
364,366,75.76,399.85,36.95,35.69,0.7192,1,1
364,367,432.79,428.69,83.35,88.09,0.6684,1,1
364,371,1125.86,605.30,38.03,46.46,0.7365,1,1
364,381,467.00,338.98,35.00,40.49,0.6772,1,1
364,382,77.96,552.12,30.39,33.19,0.8055,1,1
364,383,444.21,157.27,39.42,36.92,0.8234,1,1
364,405,318.21,323.51,33.59,29.03,0.5375,1,1
364,421,65.10,333.65,53.39,63.63,0.4679,1,1
364,425,143.31,733.17,90.38,72.45,0.8574,1,1
364,433,418.43,310.81,32.42,24.97,0.6860,1,1
364,437,680.11,137.97,26.56,30.66,0.8476,1,1
364,440,179.92,522.69,24.29,30.39,0.6804,1,1
364,441,905.13,72.34,17.27,21.43,0.5844,1,1
364,442,547.56,270.55,36.75,32.81,0.7590,1,1
365,1,433.22,429.08,81.60,85.98,0.3013,1,1
365,2,1082.74,348.46,96.27,88.50,0.9095,1,1
365,5,439.14,117.20,52.98,43.08,0.8738,1,1
365,9,317.40,229.11,41.42,51.55,0.6062,1,1
365,12,309.57,198.47,53.78,41.86,0.8261,1,1
365,16,627.13,50.87,51.35,32.95,0.4577,1,1
365,18,875.78,785.31,97.25,99.26,0.7403,1,1
365,27,703.22,193.86,83.13,68.22,0.9012,1,1
365,46,903.83,134.06,64.63,74.67,0.3303,1,1
365,176,601.82,833.30,148.67,133.78,0.8991,1,1
365,207,1002.04,29.10,46.78,39.78,0.5905,1,1
365,258,928.02,0.07,19.21,13.98,0.7474,1,1
365,337,1457.13,0.32,33.79,30.24,0.5592,1,1
365,366,75.62,399.56,36.89,35.72,0.7112,1,1
365,367,432.58,429.06,82.88,86.93,0.7281,1,1
365,371,1124.25,604.88,39.16,45.49,0.8532,1,1
365,381,466.03,335.74,36.33,41.87,0.7702,1,1
365,382,78.61,543.69,30.45,31.85,0.6563,1,1
365,383,444.75,159.69,38.80,35.20,0.7878,1,1
365,405,309.32,321.30,37.39,32.77,0.4758,1,1
365,421,65.20,333.56,53.50,64.07,0.4086,1,1
365,425,155.01,731.06,92.24,72.94,0.8494,1,1
365,433,417.51,311.84,31.39,23.44,0.6206,1,1
365,437,685.65,135.69,24.17,27.06,0.6226,1,1
365,440,181.77,521.59,23.54,29.31,0.5946,1,1
365,442,546.78,271.22,38.38,34.63,0.5196,1,1
365,444,331.30,892.18,48.04,48.77,0.3856,1,1
366,1,432.88,428.91,81.73,85.93,0.2568,1,1
366,2,1084.10,348.28,98.10,88.52,0.9145,1,1
366,5,439.29,117.81,53.67,43.75,0.8772,1,1
366,9,316.52,227.61,42.28,53.04,0.3301,1,1
366,12,310.54,198.41,52.00,39.76,0.8232,1,1
366,16,628.18,50.55,53.84,34.65,0.4126,1,1
366,18,880.20,789.93,99.65,101.16,0.7907,1,1
366,27,703.25,193.58,83.82,68.75,0.8942,1,1
366,46,904.37,134.33,63.64,73.66,0.2845,1,1
366,176,600.32,830.96,148.94,136.29,0.9001,1,1
366,207,1001.30,29.18,47.61,40.02,0.7179,1,1
366,258,927.97,0.01,19.06,13.86,0.7375,1,1
366,337,1456.69,0.03,34.37,30.78,0.6638,1,1
366,366,75.06,398.57,37.25,36.20,0.7382,1,1
366,367,432.22,428.89,83.00,86.61,0.7390,1,1
366,371,1118.44,604.40,44.25,49.08,0.8683,1,1
366,382,78.11,537.74,33.95,32.25,0.7885,1,1
366,383,444.57,160.71,38.41,34.21,0.6456,1,1
366,421,65.75,333.70,52.84,63.33,0.4911,1,1
366,425,166.44,729.36,91.86,71.09,0.8485,1,1
366,433,415.69,311.27,32.52,24.08,0.3539,1,1
366,437,695.88,129.69,23.05,25.38,0.7494,1,1
366,440,182.48,518.37,24.85,30.41,0.7311,1,1
367,1,431.85,429.00,82.78,86.25,0.7133,1,1
367,2,1085.25,347.73,98.38,89.45,0.9089,1,1
367,5,439.46,118.57,53.68,43.48,0.8757,1,1
367,9,318.94,224.72,38.27,47.62,0.5624,1,1
367,12,310.87,198.70,50.61,37.45,0.8061,1,1
367,18,884.25,792.21,100.93,100.96,0.8109,1,1
367,27,703.66,193.07,83.41,69.17,0.8993,1,1
367,46,904.55,134.28,63.15,73.26,0.3855,1,1
367,176,599.03,831.10,147.21,135.57,0.9022,1,1
367,207,1001.61,28.89,47.15,40.33,0.6077,1,1
367,258,927.34,-0.00,19.62,14.35,0.7692,1,1
367,337,1456.34,0.00,34.42,30.76,0.5926,1,1
367,366,74.53,397.69,38.04,37.26,0.6857,1,1
367,371,1115.62,603.98,46.79,49.47,0.8758,1,1
367,382,88.50,534.75,31.33,29.23,0.7958,1,1
367,383,444.57,161.19,37.81,33.25,0.4699,1,1
367,405,299.11,315.36,37.56,32.85,0.7496,1,1
367,421,65.75,334.54,52.45,62.92,0.5435,1,1
367,425,173.81,725.08,95.39,73.66,0.8021,1,1
367,437,702.81,125.96,22.35,23.09,0.7890,1,1
367,440,184.81,518.12,25.82,31.06,0.5116,1,1
368,1,431.63,428.82,82.77,85.98,0.5722,1,1
368,2,1088.33,348.69,97.94,87.86,0.9155,1,1
368,5,439.33,118.88,53.95,43.41,0.8776,1,1
368,9,320.29,223.63,36.20,44.17,0.5271,1,1
368,12,311.43,197.46,50.84,36.08,0.8246,1,1
368,16,633.71,49.47,53.41,35.30,0.7133,1,1
368,18,888.28,794.31,100.41,100.47,0.3845,1,1
368,27,703.92,192.44,84.26,69.88,0.9043,1,1
368,46,904.85,134.27,62.99,73.11,0.3167,1,1
368,176,595.68,829.57,147.45,138.21,0.9059,1,1
368,181,660.78,74.23,25.24,40.65,0.7569,1,1
368,207,1001.41,29.45,46.39,40.54,0.7398,1,1
368,258,926.79,-0.00,19.82,14.71,0.7651,1,1
368,337,1458.41,0.61,32.58,28.81,0.4614,1,1
368,366,74.50,398.04,37.60,36.90,0.7630,1,1
368,371,1113.95,603.00,46.08,46.10,0.8696,1,1
368,382,92.16,527.55,33.70,28.48,0.8528,1,1
368,383,444.41,161.64,37.43,32.62,0.3299,1,1
368,389,183.37,512.14,28.83,34.08,0.6654,1,1
368,421,66.56,334.99,51.19,60.43,0.6941,1,1
368,425,190.10,716.62,99.18,76.18,0.7123,1,1
368,437,706.64,123.79,22.74,21.87,0.8042,1,1
369,1,431.39,428.65,82.96,85.92,0.6333,1,1
369,2,1089.71,348.75,98.69,87.89,0.9206,1,1
369,5,438.87,118.98,54.21,43.30,0.8773,1,1
369,12,310.99,195.82,51.97,36.79,0.8144,1,1
369,16,635.98,48.42,52.92,35.10,0.4446,1,1
369,18,892.41,796.61,101.15,101.09,0.6313,1,1
369,27,706.06,191.70,83.75,70.31,0.8997,1,1
369,46,905.20,134.18,62.88,72.90,0.2696,1,1
369,176,594.20,829.20,147.87,139.02,0.9084,1,1
369,181,662.96,73.28,24.53,39.77,0.7618,1,1
369,207,999.23,29.53,47.38,40.78,0.8576,1,1
369,258,927.04,-0.01,19.42,14.73,0.7700,1,1
369,337,1457.49,0.58,33.63,29.16,0.5751,1,1
369,366,73.63,396.64,38.59,37.19,0.8174,1,1
369,367,432.21,428.46,81.89,85.27,0.2533,1,1
369,371,1108.23,602.08,48.21,46.38,0.8601,1,1
369,382,92.83,522.69,35.08,26.05,0.8786,1,1
369,383,443.84,161.63,37.89,32.71,0.3329,1,1
369,389,182.76,509.51,27.87,28.55,0.8041,1,1
369,421,66.64,335.68,51.50,59.86,0.7421,1,1
369,425,205.14,711.61,100.63,77.52,0.7939,1,1
369,437,708.48,122.64,25.21,22.12,0.8094,1,1
370,1,431.27,428.63,83.14,85.94,0.6244,1,1
370,2,1089.63,348.74,98.92,87.89,0.9209,1,1
370,5,438.78,118.95,54.37,43.31,0.8769,1,1
370,12,310.92,195.77,52.13,36.84,0.8144,1,1
370,16,636.44,48.21,52.68,35.05,0.4390,1,1
370,18,892.73,796.84,101.31,101.14,0.6321,1,1
370,27,706.27,191.70,83.36,70.33,0.8994,1,1
370,46,905.23,134.18,62.91,72.84,0.2818,1,1
370,176,594.30,829.19,147.79,138.87,0.9083,1,1
370,181,663.06,73.15,24.48,39.81,0.7612,1,1
370,207,999.09,29.53,47.59,40.78,0.8582,1,1
370,258,927.17,-0.00,19.15,14.72,0.7700,1,1
370,337,1457.14,0.59,34.19,29.20,0.5728,1,1
370,366,73.44,396.55,38.94,37.25,0.8180,1,1
370,367,432.09,428.38,81.95,85.17,0.2628,1,1
370,371,1107.66,602.05,49.17,46.39,0.8607,1,1
370,382,92.05,522.65,36.66,26.01,0.8787,1,1
370,383,443.67,161.64,38.22,32.68,0.3226,1,1
370,389,182.43,509.28,28.53,28.42,0.8097,1,1
370,421,66.42,335.73,51.92,59.89,0.7418,1,1
370,425,205.74,711.34,100.51,77.59,0.7892,1,1
370,437,707.91,122.63,26.48,22.12,0.8094,1,1
370,447,317.29,224.66,40.05,55.53,0.6411,1,1
371,1,431.23,428.58,82.98,85.67,0.6185,1,1
371,2,1090.40,348.68,100.30,89.13,0.9223,1,1
371,5,438.17,119.03,53.76,43.34,0.8759,1,1
371,12,311.00,196.23,51.93,36.62,0.7270,1,1
371,16,638.06,47.96,52.33,35.21,0.6666,1,1
371,18,896.14,797.97,100.31,100.08,0.3714,1,1
371,27,707.16,191.24,82.88,70.67,0.9005,1,1
371,46,905.37,134.05,63.19,73.03,0.2604,1,1
371,176,593.70,828.93,147.11,137.25,0.9084,1,1
371,181,664.68,74.83,24.24,39.23,0.7738,1,1
371,207,996.85,29.51,49.19,41.50,0.8892,1,1
371,258,926.36,-0.01,18.94,14.51,0.7583,1,1
371,337,1458.05,0.67,33.67,28.49,0.5872,1,1
371,366,72.77,396.00,39.82,37.21,0.8198,1,1
371,367,432.02,428.28,82.06,85.15,0.2704,1,1
371,371,1104.32,601.81,50.40,45.94,0.8665,1,1
371,382,92.67,519.56,42.08,27.56,0.8742,1,1
371,383,443.18,161.47,38.83,32.90,0.3529,1,1
371,389,182.53,506.62,27.81,28.29,0.7994,1,1
371,421,66.40,336.42,52.31,58.19,0.8459,1,1
371,425,221.10,705.36,98.28,77.76,0.8727,1,1
371,437,710.09,123.02,27.76,22.33,0.8097,1,1
371,447,316.61,222.14,42.15,58.86,0.5763,1,1
372,1,431.49,428.70,82.33,84.86,0.5124,1,1
372,2,1091.09,348.74,100.30,89.34,0.9216,1,1
372,5,437.90,119.06,53.39,43.12,0.8761,1,1
372,12,312.00,194.68,52.49,37.35,0.7706,1,1
372,18,898.09,797.40,98.36,97.63,0.5338,1,1
372,27,709.46,190.91,82.26,69.80,0.9054,1,1
372,176,594.13,828.89,144.88,136.07,0.9092,1,1
372,181,666.85,76.16,23.14,37.07,0.5773,1,1
372,207,994.71,29.91,50.35,41.29,0.9031,1,1
372,258,926.25,-0.02,18.61,14.23,0.7307,1,1
372,337,1456.83,0.55,35.01,29.23,0.6251,1,1
372,366,72.90,396.32,40.37,35.99,0.7978,1,1
372,367,432.07,428.38,81.84,84.76,0.2640,1,1
372,371,1101.17,602.14,52.16,48.15,0.6636,1,1
372,382,97.72,514.40,49.47,30.26,0.8636,1,1
372,389,179.13,501.11,32.75,34.75,0.6755,1,1
372,421,66.21,336.68,53.30,58.07,0.8203,1,1
372,425,239.19,701.51,96.29,77.60,0.8501,1,1
372,437,711.86,124.55,29.41,22.20,0.7976,1,1
372,447,317.88,223.85,41.41,58.09,0.7954,1,1
373,1,431.65,427.90,82.71,85.41,0.5061,1,1
373,2,1091.42,348.96,100.17,89.92,0.9188,1,1
373,5,437.45,119.09,53.32,42.82,0.8766,1,1
373,12,313.13,194.78,51.09,36.37,0.7080,1,1
373,18,896.86,794.85,100.60,98.38,0.8108,1,1
373,27,711.18,190.91,81.04,68.52,0.9052,1,1
373,176,594.91,829.30,142.73,133.58,0.9092,1,1
373,181,669.44,78.14,22.25,35.02,0.5634,1,1
373,207,994.27,29.92,50.98,41.28,0.8971,1,1
373,258,926.37,0.40,17.90,13.42,0.7011,1,1
373,337,1455.55,0.44,35.28,29.79,0.4933,1,1
373,366,71.34,394.76,43.41,36.94,0.8282,1,1
373,367,432.05,427.49,82.61,85.64,0.3061,1,1
373,371,1099.22,602.62,50.27,49.80,0.8619,1,1
373,382,103.59,511.51,51.65,30.49,0.8473,1,1
373,383,441.77,160.19,40.59,34.32,0.3372,1,1
373,389,176.66,496.00,34.87,39.07,0.6774,1,1
373,421,65.28,337.10,55.00,58.11,0.8789,1,1
373,425,254.68,693.58,97.98,80.59,0.7635,1,1
373,437,714.94,125.37,33.55,23.36,0.8426,1,1
373,447,318.32,218.56,43.31,61.10,0.6873,1,1
374,1,432.53,427.64,82.22,84.98,0.2981,1,1
374,2,1092.10,349.02,99.46,89.66,0.9149,1,1
374,5,437.04,118.71,53.09,42.89,0.8771,1,1
374,12,317.46,194.27,44.68,31.32,0.5458,1,1
374,18,893.35,789.57,104.21,102.49,0.7102,1,1
374,27,712.34,191.00,80.05,67.53,0.9069,1,1
374,176,595.07,829.34,142.02,132.30,0.9085,1,1
374,181,670.02,77.40,22.58,35.08,0.5619,1,1
374,207,993.79,30.14,51.46,41.28,0.8928,1,1
374,258,925.87,0.32,18.27,13.52,0.6393,1,1
374,337,1455.49,0.42,35.12,30.05,0.4918,1,1
374,366,72.33,397.14,41.56,35.03,0.6144,1,1
374,367,432.65,427.03,82.74,85.98,0.2995,1,1
374,371,1098.42,602.75,49.70,51.53,0.8651,1,1
374,382,104.91,510.60,53.05,29.53,0.8195,1,1
374,383,441.02,159.57,40.99,34.69,0.3568,1,1
374,389,176.85,491.33,32.16,36.98,0.7271,1,1
374,421,66.49,338.13,52.77,55.58,0.2806,1,1
374,425,271.45,688.51,94.35,83.58,0.8988,1,1
374,437,718.29,128.78,34.38,23.46,0.7917,1,1
374,447,319.47,217.14,43.44,62.25,0.6583,1,1
374,451,534.35,288.64,24.59,37.79,0.4541,1,1
374,453,168.30,1024.06,92.65,47.01,0.5442,1,1
375,2,1092.89,350.19,98.69,88.67,0.8948,1,1
375,5,436.25,118.51,53.40,42.70,0.8763,1,1
375,12,320.98,193.64,38.94,25.93,0.6128,1,1
375,18,890.76,786.08,102.24,99.16,0.8662,1,1
375,27,713.05,191.04,79.88,67.05,0.9083,1,1
375,46,904.71,134.06,62.94,72.91,0.2811,1,1
375,176,595.05,829.45,141.67,131.15,0.9076,1,1
375,181,672.20,72.61,22.80,35.30,0.4113,1,1
375,207,993.63,30.14,51.73,41.29,0.8908,1,1
375,258,925.80,0.41,18.40,13.42,0.6488,1,1
375,337,1455.15,0.38,34.57,30.38,0.5276,1,1
375,366,72.01,397.07,42.13,35.42,0.4466,1,1
375,367,433.49,426.74,83.52,88.39,0.6817,1,1
375,371,1097.67,602.68,49.02,51.71,0.8728,1,1
375,382,119.72,509.16,48.70,27.82,0.6988,1,1
375,383,440.82,158.89,40.97,34.64,0.2856,1,1
375,389,177.02,485.85,32.76,39.07,0.7242,1,1
375,421,66.66,338.83,51.79,54.13,0.3741,1,1
375,425,289.21,684.50,87.25,83.56,0.9111,1,1
375,437,725.59,130.81,33.38,22.97,0.5757,1,1
375,447,320.16,216.35,42.63,62.09,0.6819,1,1
375,453,172.36,1021.90,89.02,44.99,0.3264,1,1
376,2,1092.82,350.19,98.83,88.69,0.8947,1,1
376,5,436.08,118.50,53.69,42.69,0.8764,1,1
376,12,320.59,193.68,39.80,25.35,0.6277,1,1
376,18,890.50,786.04,102.60,99.06,0.8669,1,1
376,27,712.99,191.03,80.01,67.04,0.9084,1,1
376,46,904.63,134.15,62.82,72.90,0.2804,1,1
376,176,594.71,829.50,142.07,131.27,0.9068,1,1
376,181,672.46,71.60,23.02,35.54,0.4152,1,1
376,207,993.57,30.13,51.83,41.36,0.8903,1,1
376,258,925.69,0.43,18.59,13.41,0.6480,1,1
376,337,1455.39,0.43,33.86,30.42,0.5277,1,1
376,366,71.82,396.91,42.46,35.65,0.4045,1,1
376,367,433.91,426.73,82.88,88.55,0.6910,1,1
376,371,1097.78,602.64,48.70,51.78,0.8731,1,1
376,382,121.39,509.11,47.26,27.68,0.6967,1,1
376,383,440.74,158.73,40.96,34.60,0.2700,1,1
376,389,177.42,485.55,31.99,39.17,0.7254,1,1
376,421,66.57,339.01,51.75,53.60,0.3818,1,1
376,425,289.71,684.13,85.83,84.14,0.9114,1,1
376,437,726.55,131.14,33.05,22.94,0.5648,1,1
376,447,320.48,216.38,42.04,61.99,0.6841,1,1
376,453,172.73,1021.44,88.80,44.68,0.3143,1,1
376,455,1.42,816.00,41.95,45.03,0.4786,1,1
376,456,1195.90,933.75,65.13,76.17,0.3498,1,1
377,2,1092.82,350.90,98.18,87.01,0.8971,1,1
377,5,435.81,118.49,53.62,42.42,0.8786,1,1
377,12,320.44,193.85,40.80,25.04,0.6311,1,1
377,18,886.63,782.85,103.66,99.75,0.7829,1,1
377,27,712.97,190.90,80.00,66.88,0.9049,1,1
377,46,904.78,134.09,62.15,72.20,0.3066,1,1
377,176,594.68,829.56,141.83,130.78,0.9060,1,1
377,181,673.54,71.55,22.69,34.81,0.3398,1,1
377,207,993.05,29.94,52.09,41.11,0.8933,1,1
377,258,925.62,0.48,18.24,13.10,0.5780,1,1
377,337,1455.83,0.33,33.42,30.47,0.5358,1,1
377,366,72.17,396.64,42.87,35.96,0.2719,1,1
377,367,434.62,426.42,82.47,91.56,0.8019,1,1
377,371,1097.69,602.10,47.22,50.10,0.8752,1,1
377,382,129.12,509.06,47.28,28.39,0.8145,1,1
377,383,440.32,158.42,41.76,35.27,0.3725,1,1
377,389,178.53,483.92,31.22,38.36,0.5375,1,1
377,421,66.38,339.58,52.10,53.13,0.4697,1,1
377,425,301.29,680.67,85.86,84.88,0.9238,1,1
377,437,730.14,134.70,33.30,22.99,0.3540,1,1
377,447,322.00,215.07,40.30,59.28,0.5053,1,1
377,453,182.23,1022.39,90.63,45.66,0.4464,1,1
377,455,2.17,817.76,40.72,43.18,0.4189,1,1
377,457,1422.47,0.44,38.68,30.10,0.2690,1,1
378,2,1091.69,350.78,97.63,87.15,0.8875,1,1
378,5,435.62,118.47,53.88,42.35,0.8784,1,1
378,12,320.32,192.51,41.41,24.48,0.6535,1,1
378,18,884.35,777.41,99.31,94.58,0.6071,1,1
378,27,713.13,191.00,79.74,66.18,0.9069,1,1
378,46,904.76,134.16,61.88,71.99,0.3161,1,1
378,176,594.79,829.76,141.86,131.61,0.9070,1,1
378,207,994.00,29.41,51.81,41.07,0.8775,1,1
378,258,925.37,0.45,18.52,13.22,0.6178,1,1
378,337,1456.28,0.30,33.15,30.49,0.5653,1,1
378,367,435.07,425.55,81.48,93.38,0.8107,1,1
378,371,1096.81,602.27,47.35,49.87,0.8693,1,1
378,382,134.92,511.05,42.74,26.32,0.7328,1,1
378,383,439.95,158.19,42.85,36.30,0.3223,1,1
378,389,179.21,481.53,30.85,37.85,0.4039,1,1
378,421,65.07,338.97,54.06,53.63,0.6250,1,1
378,425,309.82,673.69,87.61,90.14,0.8855,1,1
378,437,732.59,138.00,35.67,24.42,0.4006,1,1
378,447,321.67,214.91,39.74,57.29,0.5929,1,1
379,2,1090.84,351.13,94.68,85.13,0.8842,1,1
379,5,435.35,117.20,54.69,43.50,0.8803,1,1
379,12,319.05,192.55,43.81,25.51,0.6748,1,1
379,18,878.73,771.71,102.99,98.05,0.3057,1,1
379,27,713.01,191.11,79.59,66.12,0.9087,1,1
379,46,904.53,134.13,61.90,72.11,0.2808,1,1
379,176,594.99,830.19,141.14,132.35,0.9053,1,1
379,207,995.32,29.10,51.34,41.81,0.8958,1,1
379,258,924.85,0.12,18.92,13.76,0.6502,1,1
379,337,1456.85,0.29,33.04,30.48,0.5879,1,1
379,367,435.45,421.90,81.31,95.57,0.8177,1,1
379,371,1098.16,603.01,45.06,45.56,0.8301,1,1
379,382,136.80,511.84,41.21,25.26,0.6919,1,1
379,383,439.88,157.88,43.10,36.69,0.3540,1,1
379,389,180.31,478.89,30.05,36.11,0.6414,1,1
379,421,63.81,339.56,57.00,53.98,0.7857,1,1
379,425,319.50,668.67,87.81,91.03,0.8837,1,1
379,447,321.31,213.19,39.81,55.14,0.7398,1,1
379,458,905.10,134.78,60.61,70.36,0.4616,1,1
379,459,78.85,627.75,33.61,41.96,0.5772,1,1
380,2,1089.60,351.51,94.89,84.35,0.9055,1,1
380,5,436.31,116.50,54.42,43.79,0.8759,1,1
380,12,319.73,191.67,43.11,24.46,0.6636,1,1
380,16,649.68,45.71,50.98,33.78,0.4245,1,1
380,18,873.53,764.39,105.93,100.62,0.3701,1,1
380,27,712.80,190.23,79.76,66.73,0.9110,1,1
380,46,904.14,134.11,62.31,72.86,0.3461,1,1
380,176,594.25,830.08,142.32,134.75,0.9033,1,1
380,181,677.21,70.84,22.45,34.15,0.3474,1,1
380,207,995.83,28.88,50.74,41.36,0.8909,1,1
380,258,924.77,0.28,18.38,13.62,0.6270,1,1
380,337,1456.41,0.53,32.92,30.65,0.4910,1,1
380,367,434.97,420.33,82.21,98.55,0.8019,1,1
380,371,1098.65,602.33,46.35,43.80,0.7958,1,1
380,382,136.06,511.92,39.81,23.48,0.4865,1,1
380,383,440.21,157.19,43.84,37.54,0.3428,1,1
380,389,181.28,476.43,30.63,36.73,0.4546,1,1
380,421,62.80,339.59,58.81,54.26,0.8363,1,1
380,425,331.65,660.84,85.65,91.19,0.8726,1,1
380,447,319.81,211.77,41.90,56.65,0.7742,1,1
380,458,904.43,134.70,61.59,71.66,0.3935,1,1
380,459,69.84,629.04,33.03,41.12,0.2914,1,1
381,2,1088.64,352.11,93.55,83.70,0.9057,1,1
381,5,437.65,116.33,53.85,43.64,0.8707,1,1
381,12,320.70,191.91,42.36,23.68,0.5218,1,1
381,16,650.60,45.70,51.44,33.63,0.5202,1,1
381,18,865.61,756.05,109.87,106.90,0.8343,1,1
381,27,712.80,190.16,79.22,66.85,0.9078,1,1
381,46,904.20,134.20,62.39,73.12,0.3143,1,1
381,176,594.86,830.25,142.74,135.50,0.9039,1,1
381,181,677.76,70.76,23.33,35.35,0.3764,1,1
381,207,995.41,28.08,51.40,42.21,0.8925,1,1
381,258,924.19,0.26,18.63,14.19,0.6268,1,1
381,337,1456.29,0.74,32.75,30.75,0.4574,1,1
381,367,435.32,419.04,80.65,98.35,0.7936,1,1
381,371,1096.83,603.32,47.46,41.29,0.8360,1,1
381,382,136.37,512.20,40.48,22.87,0.4636,1,1
381,383,440.55,156.78,43.72,37.51,0.3335,1,1
381,389,183.72,475.30,28.71,34.22,0.4636,1,1
381,421,62.31,339.65,59.32,52.70,0.8608,1,1
381,425,343.00,650.74,87.23,91.32,0.8306,1,1
381,437,741.80,147.48,36.45,25.04,0.8055,1,1
381,447,320.28,211.55,41.53,54.99,0.7664,1,1
381,458,904.55,134.78,61.71,71.96,0.4323,1,1
381,459,60.61,630.15,37.05,41.48,0.7164,1,1
382,2,1088.73,352.10,93.35,83.71,0.9057,1,1
382,5,437.77,116.34,53.65,43.63,0.8706,1,1
382,12,320.56,191.97,42.81,23.62,0.5253,1,1
382,16,650.57,45.71,51.79,33.61,0.5160,1,1
382,18,865.81,755.87,109.21,107.05,0.8346,1,1
382,27,712.92,190.17,78.98,66.85,0.9080,1,1
382,46,904.23,134.26,62.33,73.20,0.3152,1,1
382,176,594.93,830.28,142.72,135.56,0.9038,1,1
382,181,677.82,70.76,23.55,35.58,0.3766,1,1
382,207,995.48,28.07,51.26,42.22,0.8925,1,1
382,258,924.29,0.27,18.31,14.26,0.6269,1,1
382,337,1456.35,0.80,32.52,30.77,0.4572,1,1
382,367,435.75,419.01,79.75,98.32,0.7934,1,1
382,371,1095.87,603.34,49.33,41.24,0.8369,1,1
382,382,135.59,512.30,42.03,22.79,0.4649,1,1
382,383,440.65,156.74,43.62,37.47,0.3345,1,1
382,389,184.09,475.13,28.47,33.75,0.4615,1,1
382,421,61.86,339.68,60.19,52.68,0.8641,1,1
382,425,342.80,650.46,88.23,91.34,0.8311,1,1
382,437,741.94,147.60,36.41,25.04,0.8060,1,1
382,447,320.05,211.55,42.00,54.90,0.7659,1,1
382,458,904.62,134.81,61.62,72.00,0.4303,1,1
382,459,59.08,630.20,39.33,41.51,0.7165,1,1
382,462,114.49,513.04,65.22,23.85,0.4479,1,1
382,463,973.83,0.39,27.08,17.88,0.3289,1,1
383,2,1086.54,353.19,93.99,83.44,0.9054,1,1
383,5,439.09,116.15,53.55,43.39,0.8618,1,1
383,12,320.88,192.29,42.93,23.46,0.4060,1,1
383,16,651.47,45.84,52.19,33.76,0.5829,1,1
383,18,862.06,750.01,109.64,106.47,0.8460,1,1
383,27,712.73,190.11,78.57,66.66,0.9072,1,1
383,46,904.42,134.35,62.37,73.33,0.2938,1,1
383,176,594.49,830.13,143.12,136.05,0.9025,1,1
383,207,996.41,28.52,50.48,41.15,0.8856,1,1
383,258,924.84,0.19,17.88,14.02,0.6667,1,1
383,337,1456.47,0.79,32.23,30.69,0.4301,1,1
383,367,436.05,418.26,79.46,99.04,0.7869,1,1
383,371,1094.89,604.46,51.23,40.65,0.8814,1,1
383,382,138.90,512.00,45.56,24.08,0.6608,1,1
383,383,441.32,156.16,43.91,37.80,0.3507,1,1
383,389,184.28,474.35,28.31,33.29,0.3679,1,1
383,421,61.81,340.02,60.36,52.31,0.8768,1,1
383,425,349.82,641.49,87.05,87.56,0.8329,1,1
383,437,731.00,146.91,44.84,28.47,0.7826,1,1
383,447,319.90,211.53,42.13,54.43,0.7697,1,1
383,458,904.80,134.85,62.01,72.61,0.4678,1,1
383,459,57.73,629.98,41.55,43.53,0.6716,1,1
383,470,424.82,330.37,40.10,37.41,0.3452,1,1
384,2,1084.49,354.57,94.10,84.84,0.9074,1,1
384,5,440.47,115.73,53.13,41.80,0.8625,1,1
384,12,319.52,192.44,44.13,24.03,0.3694,1,1
384,16,652.75,46.17,52.27,33.81,0.5916,1,1
384,18,855.55,742.74,110.14,106.20,0.8753,1,1
384,27,712.48,190.11,78.19,66.60,0.9020,1,1
384,46,905.08,135.03,61.56,72.37,0.4762,1,1
384,176,594.78,829.80,143.91,137.99,0.9012,1,1
384,181,678.55,77.68,23.25,34.95,0.2732,1,1
384,207,996.92,28.57,50.19,41.01,0.8798,1,1
384,258,924.40,0.16,18.27,14.45,0.6992,1,1
384,337,1456.57,0.80,31.91,30.59,0.4594,1,1
384,367,436.47,417.26,79.62,99.90,0.7369,1,1
384,371,1094.73,606.99,54.59,41.39,0.8756,1,1
384,382,134.08,511.52,53.60,26.84,0.7944,1,1
384,383,442.31,155.02,44.26,38.35,0.4458,1,1
384,389,184.47,474.15,28.09,32.76,0.4586,1,1
384,421,61.40,340.01,60.95,52.83,0.8806,1,1
384,425,365.20,636.27,79.47,77.89,0.7141,1,1
384,447,320.56,211.91,41.51,53.57,0.7394,1,1
384,470,426.94,335.18,40.95,38.48,0.3243,1,1
385,2,1083.30,357.83,92.83,84.49,0.9055,1,1
385,5,441.10,115.09,52.54,40.11,0.8668,1,1
385,16,654.60,45.86,52.31,33.87,0.5569,1,1
385,18,850.53,736.28,113.37,108.59,0.8288,1,1
385,27,712.61,190.45,78.60,66.29,0.9022,1,1
385,46,905.09,134.92,61.99,73.10,0.4935,1,1
385,176,596.68,830.15,143.94,138.15,0.9014,1,1
385,207,996.77,28.51,50.26,40.95,0.8857,1,1
385,258,924.37,0.21,18.11,14.35,0.7007,1,1
385,337,1456.66,0.82,31.74,30.59,0.4456,1,1
385,367,437.39,417.54,78.86,99.35,0.7296,1,1
385,371,1094.36,611.39,58.22,42.90,0.8649,1,1
385,382,137.03,511.41,53.55,25.61,0.8174,1,1
385,383,443.83,153.67,44.17,39.25,0.5999,1,1
385,389,183.28,473.02,29.61,34.51,0.7086,1,1
385,421,61.02,340.06,61.60,53.91,0.8821,1,1
385,425,370.28,620.78,84.60,82.43,0.4572,1,1
385,447,319.53,212.83,42.04,54.29,0.7675,1,1
385,458,904.55,134.57,62.55,73.36,0.2529,1,1
385,471,923.86,933.35,59.27,48.92,0.7406,1,1
385,472,708.98,152.37,50.99,28.50,0.8500,1,1
386,2,1082.19,362.56,91.61,83.28,0.9041,1,1
386,5,440.85,114.06,52.99,39.61,0.8776,1,1
386,16,655.46,45.92,52.99,34.52,0.4351,1,1
386,18,844.35,731.08,113.58,107.62,0.8437,1,1
386,27,711.54,190.86,79.20,65.84,0.9022,1,1
386,46,904.69,134.51,62.70,74.13,0.2532,1,1
386,176,597.39,830.45,143.70,138.21,0.9040,1,1
386,207,996.43,28.32,50.51,41.02,0.8864,1,1
386,258,924.46,0.29,18.32,14.40,0.7133,1,1
386,337,1457.23,0.65,31.52,30.49,0.4214,1,1
386,367,437.45,417.57,80.73,102.12,0.6950,1,1
386,371,1091.42,616.04,62.92,45.26,0.8351,1,1
386,382,143.46,510.99,52.71,26.50,0.8404,1,1
386,383,444.04,152.25,43.35,40.00,0.7551,1,1
386,389,183.44,473.01,29.18,34.02,0.5916,1,1
386,421,60.84,339.84,61.68,54.43,0.8839,1,1
386,425,375.53,602.53,89.20,84.66,0.8545,1,1
386,447,319.82,214.59,40.95,53.01,0.7913,1,1
386,458,904.75,134.66,63.63,75.09,0.4244,1,1
386,472,709.11,157.97,44.65,25.26,0.7985,1,1
386,473,11.66,721.94,31.88,136.24,0.5918,1,1
386,474,896.52,74.30,19.79,19.24,0.4632,1,1
387,2,1080.59,367.36,91.21,82.52,0.8998,1,1
387,5,441.29,113.25,52.08,38.41,0.8637,1,1
387,16,655.99,46.17,53.04,34.72,0.3343,1,1
387,18,838.99,724.58,116.86,111.47,0.7916,1,1
387,27,710.35,191.20,79.87,65.18,0.9005,1,1
387,176,599.47,830.43,143.09,138.52,0.9053,1,1
387,181,680.25,81.78,23.23,33.88,0.4160,1,1
387,207,996.17,28.43,50.82,40.84,0.8844,1,1
387,258,924.48,0.38,18.82,14.54,0.7072,1,1
387,337,1457.34,0.69,31.62,30.67,0.4337,1,1
387,367,438.45,417.38,80.06,101.89,0.7055,1,1
387,371,1086.79,621.78,71.13,52.40,0.7342,1,1
387,382,145.31,511.21,51.89,27.63,0.8443,1,1
387,383,443.71,150.14,42.60,40.44,0.7827,1,1
387,389,183.36,472.90,29.40,34.30,0.3954,1,1
387,421,60.55,339.72,61.57,54.66,0.8717,1,1
387,425,380.29,601.45,92.34,72.45,0.8881,1,1
387,447,320.99,216.41,39.57,51.44,0.8015,1,1
387,458,905.39,134.83,66.05,77.97,0.2577,1,1
387,471,922.43,919.47,57.40,46.38,0.5776,1,1
387,472,705.76,161.67,45.78,27.22,0.6992,1,1
387,473,9.51,743.13,45.07,113.95,0.8118,1,1
387,474,897.20,74.70,18.90,18.28,0.2668,1,1
387,479,1086.69,435.48,68.48,54.70,0.2795,1,1
388,2,1080.50,367.42,91.35,82.51,0.8996,1,1
388,5,441.11,113.23,52.41,38.39,0.8638,1,1
388,16,656.14,46.28,52.86,34.76,0.3421,1,1
388,18,839.07,724.35,116.46,111.60,0.7932,1,1
388,27,710.08,191.21,80.42,65.16,0.9007,1,1
388,176,599.69,830.44,142.70,138.53,0.9052,1,1
388,181,680.12,82.09,23.65,33.77,0.4183,1,1
388,207,996.05,28.43,51.06,40.84,0.8844,1,1
388,258,924.37,0.40,19.06,14.55,0.7071,1,1
388,337,1457.37,0.72,31.58,30.71,0.4335,1,1
388,367,438.69,417.41,79.67,101.90,0.7043,1,1
388,371,1087.22,622.15,70.18,52.85,0.7344,1,1
388,382,146.04,511.23,50.40,27.66,0.8440,1,1
388,383,443.95,150.05,42.03,40.45,0.7826,1,1
388,389,183.34,472.96,29.37,34.29,0.4011,1,1
388,421,60.57,339.67,61.47,54.75,0.8698,1,1
388,425,377.91,601.50,97.21,72.25,0.8881,1,1
388,447,321.07,216.46,39.44,51.42,0.8019,1,1
388,458,905.56,134.92,66.78,78.84,0.2568,1,1
388,471,921.84,918.67,58.24,46.19,0.5774,1,1
388,472,706.92,162.06,43.35,27.18,0.7166,1,1
388,473,5.52,743.48,53.22,113.62,0.8112,1,1
388,474,897.27,74.80,18.80,18.09,0.2665,1,1
388,479,1086.87,436.98,67.89,54.41,0.2817,1,1
389,1,430.28,411.47,95.37,105.63,0.2728,1,1
389,2,1078.62,371.17,91.27,84.13,0.8955,1,1
389,5,441.23,113.30,50.89,37.49,0.8404,1,1
389,16,656.33,46.31,52.44,34.64,0.4217,1,1
389,18,835.21,720.21,115.63,110.50,0.8711,1,1
389,27,709.15,190.86,81.07,65.31,0.9008,1,1
389,176,602.16,831.72,140.16,136.16,0.9024,1,1
389,181,679.69,82.45,24.24,34.14,0.3572,1,1
389,207,996.05,28.36,50.80,40.97,0.8697,1,1
389,258,924.20,0.48,19.31,14.64,0.6802,1,1
389,337,1457.45,0.69,31.55,30.74,0.4562,1,1
389,367,438.87,415.33,80.54,103.83,0.6704,1,1
389,371,1088.97,631.49,69.67,51.98,0.8048,1,1
389,382,149.10,511.21,48.73,27.36,0.8624,1,1
389,383,443.78,149.35,41.30,40.76,0.7394,1,1
389,389,183.15,472.74,29.38,34.37,0.3863,1,1
389,421,60.36,339.58,61.29,54.14,0.8703,1,1
389,425,381.32,586.73,103.16,78.60,0.8819,1,1
389,447,321.25,218.04,38.86,51.47,0.8346,1,1
389,458,905.58,134.93,68.24,80.69,0.3148,1,1
389,470,432.25,349.49,38.48,36.39,0.4142,1,1
389,472,708.34,174.34,34.07,20.05,0.6064,1,1
389,479,1085.70,440.96,68.17,55.14,0.4861,1,1
389,480,6.83,743.24,60.98,110.17,0.8422,1,1
389,481,315.82,196.39,48.78,29.96,0.3305,1,1
390,2,1076.42,377.43,90.67,84.70,0.8918,1,1
390,5,441.88,113.28,49.38,35.93,0.8190,1,1
390,18,828.27,716.02,117.61,112.05,0.8430,1,1
390,27,709.92,190.88,80.44,64.93,0.9054,1,1
390,176,603.42,831.06,142.55,135.59,0.9044,1,1
390,207,996.44,28.47,50.19,40.80,0.8607,1,1
390,258,924.78,0.56,19.37,14.40,0.6958,1,1
390,337,1457.90,0.74,31.14,30.29,0.3956,1,1
390,367,440.93,415.02,77.03,98.72,0.7118,1,1
390,371,1095.83,646.41,63.64,52.70,0.8782,1,1
390,382,148.35,511.54,48.42,27.62,0.8607,1,1
390,383,442.28,147.84,44.55,44.63,0.4927,1,1
390,389,182.96,472.45,29.79,34.87,0.3786,1,1
390,421,59.78,339.62,61.98,54.47,0.8715,1,1
390,425,392.64,578.40,97.49,74.52,0.8229,1,1
390,447,320.91,218.80,38.72,50.49,0.8216,1,1
390,470,431.98,350.22,38.64,36.89,0.6305,1,1
390,479,1084.91,447.06,67.07,54.22,0.3214,1,1
390,480,5.87,740.91,75.29,111.27,0.8588,1,1
390,481,313.58,197.97,52.91,32.76,0.3253,1,1
391,1,434.43,411.47,89.79,105.53,0.4053,1,1
391,2,1071.88,383.82,92.10,84.71,0.8923,1,1
391,5,442.50,113.54,48.59,34.60,0.8175,1,1
391,18,825.80,710.06,119.43,114.17,0.8932,1,1
391,27,709.88,191.14,80.09,64.51,0.8997,1,1
391,176,606.06,829.68,144.08,138.16,0.9003,1,1
391,207,995.78,28.21,50.12,40.59,0.8610,1,1
391,258,924.78,0.60,19.64,14.45,0.6860,1,1
391,337,1458.14,0.69,31.16,30.24,0.4208,1,1
391,367,441.50,414.58,76.78,98.02,0.6605,1,1
391,371,1089.37,659.18,70.04,60.26,0.7838,1,1
391,382,148.26,512.31,48.90,28.91,0.8617,1,1
391,383,443.17,146.55,44.23,44.71,0.3645,1,1
391,389,183.50,472.74,29.88,35.03,0.3231,1,1
391,421,59.26,339.41,62.29,55.01,0.8685,1,1
391,425,400.94,568.46,96.37,73.76,0.8577,1,1
391,447,319.15,220.47,39.48,49.43,0.8390,1,1
391,470,431.97,350.27,38.73,37.23,0.5704,1,1
391,479,1082.07,452.19,69.40,56.64,0.4172,1,1
391,480,7.68,735.90,86.28,108.47,0.8931,1,1
391,483,432.13,350.79,37.33,36.95,0.3810,1,1
392,1,436.01,412.74,86.94,104.87,0.3286,1,1
392,2,1068.15,391.61,93.78,87.07,0.8913,1,1
392,5,442.46,112.87,49.02,34.81,0.8023,1,1
392,18,822.73,705.10,118.83,115.62,0.8660,1,1
392,27,709.81,190.74,81.39,65.21,0.8990,1,1
392,176,608.29,829.91,143.87,138.62,0.9017,1,1
392,207,995.72,28.04,50.08,40.42,0.8705,1,1
392,258,924.87,0.75,20.03,14.46,0.6989,1,1
392,337,1458.04,0.69,31.18,30.24,0.4311,1,1
392,367,442.00,414.57,76.87,97.68,0.6699,1,1
392,371,1093.21,677.29,68.20,61.77,0.7731,1,1
392,382,149.95,512.29,47.73,29.22,0.8587,1,1
392,383,445.25,145.15,41.37,41.83,0.3138,1,1
392,389,182.46,473.55,31.74,37.44,0.2525,1,1
392,421,59.18,338.90,62.14,54.64,0.8691,1,1
392,425,410.44,562.09,93.62,69.87,0.8568,1,1
392,447,318.36,221.94,40.09,48.02,0.8567,1,1
392,470,432.19,350.77,38.01,36.59,0.6422,1,1
392,479,1079.38,461.77,69.88,57.20,0.2675,1,1
392,480,15.58,731.79,96.12,116.11,0.8510,1,1
392,481,313.77,198.08,51.36,31.66,0.6162,1,1
392,483,432.14,351.41,36.90,36.47,0.4111,1,1
392,485,976.29,50.56,16.77,26.89,0.7843,1,1
393,1,437.05,412.27,86.20,106.28,0.3442,1,1
393,2,1064.89,401.29,92.81,86.52,0.8880,1,1
393,5,443.89,113.22,47.10,33.23,0.8033,1,1
393,16,653.78,47.03,50.47,33.22,0.3074,1,1
393,18,815.78,702.47,117.91,115.17,0.5951,1,1
393,27,711.00,190.70,81.23,64.71,0.8985,1,1
393,176,610.01,829.66,144.03,139.09,0.9026,1,1
393,207,995.42,27.94,50.20,40.27,0.8741,1,1
393,258,924.79,0.82,20.45,14.54,0.6862,1,1
393,337,1458.02,0.68,31.21,30.24,0.4353,1,1
393,367,442.67,413.94,77.27,97.78,0.6277,1,1
393,371,1090.36,694.91,66.92,65.87,0.8455,1,1
393,382,155.37,512.78,44.04,28.77,0.8698,1,1
393,383,448.16,143.67,37.56,37.56,0.2853,1,1
393,389,182.67,475.80,31.08,36.81,0.3137,1,1
393,421,58.71,338.35,61.65,53.16,0.8730,1,1
393,425,419.08,554.31,92.28,67.69,0.8216,1,1
393,447,317.68,222.82,41.14,48.94,0.8672,1,1
393,480,25.68,726.87,95.82,115.77,0.2541,1,1
393,481,312.89,198.42,52.51,32.48,0.6098,1,1
393,483,431.22,350.36,37.71,37.09,0.6182,1,1
393,485,973.48,54.76,17.22,26.51,0.8399,1,1
393,487,919.03,868.20,65.75,60.51,0.3362,1,1
394,1,437.72,412.23,85.04,106.58,0.3480,1,1
394,2,1064.95,401.42,92.60,86.47,0.8880,1,1
394,5,443.84,113.24,47.20,33.16,0.8034,1,1
394,16,653.37,47.13,50.44,33.11,0.3107,1,1
394,18,815.10,702.27,117.24,115.04,0.5963,1,1
394,27,710.92,190.71,81.41,64.70,0.8985,1,1
394,176,609.93,829.68,143.81,138.99,0.9026,1,1
394,207,995.34,27.95,50.34,40.27,0.8741,1,1
394,258,924.66,0.84,20.70,14.54,0.6862,1,1
394,337,1457.95,0.72,31.22,30.23,0.4326,1,1
394,367,442.59,413.89,77.56,97.80,0.6270,1,1
394,371,1091.53,695.33,64.43,65.95,0.8455,1,1
394,382,156.05,512.78,42.74,28.75,0.8702,1,1
394,383,448.74,143.37,36.79,36.38,0.2859,1,1
394,389,182.66,476.42,30.85,36.67,0.3181,1,1
394,421,58.43,338.35,62.17,53.13,0.8735,1,1
394,425,418.88,554.19,93.13,67.55,0.8228,1,1
394,447,317.60,222.84,41.28,48.96,0.8669,1,1
394,479,1077.47,473.81,67.96,55.93,0.2529,1,1
394,480,28.05,724.88,96.21,116.30,0.2505,1,1
394,481,312.82,198.51,52.50,32.53,0.6075,1,1
394,483,431.05,350.28,37.92,37.15,0.6184,1,1
394,485,973.27,54.83,17.52,26.51,0.8400,1,1
394,487,917.62,865.18,67.32,62.85,0.3125,1,1
394,488,819.88,705.29,115.39,113.86,0.7154,1,1
394,489,489.92,671.43,41.38,44.48,0.4180,1,1
395,2,1061.81,410.50,93.44,86.64,0.8622,1,1
395,5,444.47,112.83,47.02,33.13,0.8168,1,1
395,16,651.87,47.78,51.35,33.63,0.5435,1,1
395,18,816.62,699.60,118.25,115.23,0.8354,1,1
395,27,710.65,190.49,81.75,65.72,0.8969,1,1
395,176,609.62,829.15,144.50,139.66,0.9003,1,1
395,181,675.78,83.43,24.02,33.62,0.2772,1,1
395,207,995.01,26.91,51.19,41.38,0.8760,1,1
395,258,925.40,0.84,20.54,14.37,0.7030,1,1
395,337,1457.88,0.69,31.18,30.21,0.4411,1,1
395,367,442.70,413.51,78.91,99.30,0.6894,1,1
395,371,1080.78,718.36,67.24,71.07,0.8428,1,1
395,382,158.73,513.49,41.32,28.79,0.8801,1,1
395,383,448.97,142.40,37.57,36.62,0.4504,1,1
395,389,182.83,478.04,30.18,35.73,0.3212,1,1
395,421,57.98,338.33,62.28,52.17,0.8834,1,1
395,425,423.74,542.33,98.46,72.06,0.8443,1,1
395,447,315.49,223.11,42.75,50.10,0.8454,1,1
395,479,1075.47,481.37,67.96,56.19,0.3330,1,1
395,481,310.51,195.17,55.80,35.51,0.5450,1,1
395,483,430.71,351.43,38.35,37.12,0.7240,1,1
395,485,971.33,56.73,17.40,26.90,0.8265,1,1
395,488,814.58,698.50,117.30,115.80,0.3482,1,1
395,489,502.29,668.96,42.80,42.78,0.6358,1,1
396,2,1057.87,421.42,95.59,87.70,0.8719,1,1
396,5,444.79,112.45,47.07,33.39,0.8045,1,1
396,12,311.33,202.95,51.81,28.02,0.5467,1,1
396,16,649.71,47.78,52.60,34.76,0.6200,1,1
396,18,813.47,695.49,119.51,117.12,0.8192,1,1
396,27,711.39,190.86,81.17,65.89,0.8953,1,1
396,176,609.75,828.94,144.46,139.60,0.8976,1,1
396,181,674.25,82.25,25.11,34.96,0.4745,1,1
396,207,994.94,26.96,50.89,41.12,0.8692,1,1
396,258,925.27,0.88,20.77,14.47,0.7114,1,1
396,337,1457.67,0.67,31.26,30.40,0.4584,1,1
396,367,441.06,411.72,81.62,108.02,0.8558,1,1
396,382,160.28,514.14,40.30,29.41,0.8629,1,1
396,383,449.71,141.63,37.10,35.58,0.3600,1,1
396,421,57.41,338.23,62.32,50.58,0.8846,1,1
396,425,433.82,539.52,93.89,66.47,0.8335,1,1
396,447,315.25,223.80,42.70,50.07,0.8308,1,1
396,479,1074.92,494.26,66.01,54.79,0.3767,1,1
396,481,312.81,194.96,52.60,33.64,0.3641,1,1
396,483,429.64,351.72,38.62,37.65,0.7462,1,1
396,485,969.60,60.23,17.53,27.56,0.7750,1,1
396,488,811.02,693.83,119.00,117.53,0.4425,1,1
397,2,1053.99,431.56,96.43,88.91,0.8441,1,1
397,5,445.53,112.24,46.65,33.42,0.8017,1,1
397,12,311.93,203.96,51.77,27.96,0.3747,1,1
397,16,648.68,48.31,52.92,35.04,0.6118,1,1
397,18,809.59,693.70,118.40,115.96,0.4730,1,1
397,27,712.71,191.55,80.33,65.20,0.8953,1,1
397,176,611.24,829.82,143.37,138.44,0.8942,1,1
397,181,673.45,82.36,25.39,34.96,0.5012,1,1
397,207,995.24,26.94,50.48,40.60,0.8675,1,1
397,258,926.35,0.80,20.57,14.55,0.7239,1,1
397,337,1457.67,0.64,31.18,30.42,0.4656,1,1
397,367,442.94,411.75,80.37,107.65,0.8520,1,1
397,382,158.71,516.67,40.49,28.73,0.8827,1,1
397,383,449.99,141.24,38.11,36.26,0.3406,1,1
397,421,56.76,338.34,63.24,50.48,0.8837,1,1
397,425,439.16,531.14,97.85,70.07,0.8326,1,1
397,447,314.91,224.68,42.69,51.06,0.8135,1,1
397,479,1074.69,508.70,62.42,51.91,0.3199,1,1
397,481,311.97,195.64,52.74,34.05,0.4989,1,1
397,483,428.32,351.58,39.12,38.60,0.7547,1,1
397,485,968.54,62.27,17.67,27.89,0.7017,1,1
397,488,810.56,691.05,120.77,121.45,0.8027,1,1
397,494,516.92,656.59,70.77,46.28,0.8479,1,1
398,2,1052.49,441.45,98.29,91.58,0.8637,1,1
398,5,445.89,112.09,46.83,33.67,0.7999,1,1
398,12,312.30,203.84,51.10,27.52,0.3158,1,1
398,16,649.51,48.98,50.42,32.80,0.5996,1,1
398,18,809.27,694.46,114.97,111.92,0.4581,1,1
398,27,713.18,192.05,79.99,64.57,0.8957,1,1
398,176,610.78,829.99,144.30,138.74,0.8961,1,1
398,181,671.63,81.40,26.38,36.38,0.2764,1,1
398,207,995.41,26.93,50.60,40.27,0.8733,1,1
398,258,926.39,0.76,20.40,14.53,0.7399,1,1
398,337,1457.49,0.66,31.06,30.36,0.4926,1,1
398,367,443.99,411.10,79.51,107.12,0.7973,1,1
398,382,156.75,518.48,42.21,26.87,0.8947,1,1
398,383,449.74,140.21,40.74,38.84,0.4233,1,1
398,389,184.48,480.65,29.63,34.75,0.4000,1,1
398,421,55.36,338.50,64.69,51.05,0.8837,1,1
398,425,455.13,527.75,88.79,62.32,0.7305,1,1
398,447,314.71,225.12,42.32,50.63,0.7925,1,1
398,479,1069.58,521.22,65.92,55.85,0.7349,1,1
398,481,312.22,195.20,51.62,33.42,0.4797,1,1
398,483,427.37,351.50,38.85,38.61,0.7281,1,1
398,485,968.83,64.14,17.13,27.02,0.6607,1,1
398,488,809.51,690.48,117.14,117.03,0.8095,1,1
398,494,531.03,654.73,52.21,39.22,0.8661,1,1
398,497,78.58,732.34,102.12,108.65,0.8966,1,1
399,2,1049.12,452.10,100.43,94.60,0.8288,1,1
399,5,446.82,111.47,46.87,33.89,0.7736,1,1
399,16,648.03,48.60,51.83,33.48,0.6615,1,1
399,18,807.60,690.32,117.37,116.74,0.7842,1,1
399,27,712.42,193.02,81.41,64.56,0.8966,1,1
399,176,612.43,831.19,142.29,136.59,0.8894,1,1
399,181,670.05,80.32,27.40,37.81,0.2942,1,1
399,207,995.70,26.32,52.23,40.87,0.8822,1,1
399,258,926.63,0.78,20.20,14.30,0.7322,1,1
399,337,1458.02,0.66,30.96,30.12,0.4504,1,1
399,367,444.58,410.99,81.31,110.35,0.8169,1,1
399,382,155.26,518.07,43.58,26.46,0.8742,1,1
399,383,450.78,139.22,40.17,38.17,0.3645,1,1
399,389,188.13,482.85,26.60,32.34,0.6087,1,1
399,421,55.30,338.60,64.80,50.57,0.8857,1,1
399,425,462.95,518.34,89.97,61.60,0.7311,1,1
399,447,314.60,225.79,42.49,51.03,0.7959,1,1
399,479,1069.10,531.77,65.62,56.28,0.6204,1,1
399,481,311.73,194.12,53.09,34.69,0.4553,1,1
399,483,426.70,352.22,38.50,38.45,0.7187,1,1
399,485,968.77,66.02,16.55,26.03,0.2956,1,1
399,488,807.28,688.65,117.09,117.07,0.5142,1,1
399,497,91.84,730.14,106.95,106.40,0.9098,1,1
399,498,903.59,76.20,19.34,18.34,0.5277,1,1
399,499,698.88,161.35,31.00,21.85,0.7076,1,1
400,2,1049.34,452.38,99.87,94.72,0.8261,1,1
400,5,446.93,111.43,46.63,33.86,0.7717,1,1
400,16,647.75,48.61,52.19,33.57,0.6672,1,1
400,18,808.10,690.20,116.29,116.88,0.7845,1,1
400,27,712.14,193.02,81.96,64.56,0.8966,1,1
400,176,612.65,831.27,142.13,136.35,0.8889,1,1
400,181,669.56,80.07,27.66,38.20,0.3076,1,1
400,207,995.53,26.30,52.61,40.89,0.8821,1,1
400,258,926.56,0.80,20.27,14.28,0.7292,1,1
400,337,1458.02,0.71,31.05,30.08,0.4517,1,1
400,367,444.73,410.96,81.07,110.50,0.8081,1,1
400,382,154.68,518.06,44.62,26.46,0.8741,1,1
400,383,450.67,139.12,40.59,38.55,0.3952,1,1
400,389,188.69,483.12,25.83,32.04,0.6094,1,1
400,421,55.15,338.56,65.12,50.58,0.8856,1,1
400,425,462.57,517.82,91.64,61.59,0.7303,1,1
400,447,314.65,225.83,42.38,51.00,0.7962,1,1
400,479,1069.30,532.87,65.12,56.36,0.6207,1,1
400,481,311.76,194.11,52.90,34.81,0.4557,1,1
400,483,426.70,352.29,38.32,38.41,0.7182,1,1
400,485,968.74,66.36,16.41,25.73,0.2963,1,1
400,488,806.95,688.48,116.96,117.04,0.5140,1,1
400,497,90.89,730.17,109.00,106.29,0.9098,1,1
400,498,903.41,76.20,19.58,18.07,0.5262,1,1
400,499,698.83,161.16,30.89,21.79,0.7085,1,1
400,501,621.66,677.20,43.69,47.01,0.7308,1,1
401,2,1048.28,462.93,101.14,96.98,0.8348,1,1
401,5,448.15,111.29,46.60,33.64,0.7644,1,1
401,12,310.92,202.52,52.97,28.83,0.3522,1,1
401,16,647.02,48.45,52.08,33.39,0.6356,1,1
401,18,808.00,688.80,114.53,115.01,0.7872,1,1
401,27,710.85,193.48,82.91,64.83,0.8945,1,1
401,176,612.60,832.12,143.99,136.10,0.8812,1,1
401,207,995.94,26.02,52.05,40.10,0.8700,1,1
401,258,926.67,0.76,20.21,14.21,0.7309,1,1
401,337,1458.06,0.67,31.12,30.04,0.4455,1,1
401,367,446.56,411.15,78.72,106.39,0.7271,1,1
401,382,152.11,515.33,48.04,28.99,0.8467,1,1
401,383,451.83,138.69,40.08,37.94,0.4207,1,1
401,421,55.18,338.63,64.56,49.02,0.8859,1,1
401,425,475.02,511.67,90.36,60.27,0.7270,1,1
401,447,314.28,225.89,42.30,50.50,0.7640,1,1
401,481,312.05,193.78,52.69,34.88,0.4152,1,1
401,483,427.06,353.14,37.56,37.68,0.4533,1,1
401,488,806.23,687.50,116.41,116.38,0.4992,1,1
401,497,102.79,723.65,111.60,104.72,0.9105,1,1
401,499,693.44,157.63,32.36,23.54,0.8181,1,1
401,501,626.47,674.63,40.46,43.60,0.3176,1,1
402,2,1047.73,474.94,100.72,97.46,0.8538,1,1
402,5,448.53,111.05,47.64,34.44,0.7516,1,1
402,16,646.56,48.47,51.84,33.29,0.6282,1,1
402,18,808.17,688.97,112.97,112.48,0.8129,1,1
402,27,709.95,193.71,83.47,65.63,0.8885,1,1
402,176,615.00,832.46,143.97,133.87,0.8715,1,1
402,181,668.47,79.27,28.74,39.94,0.2841,1,1
402,207,995.96,26.17,53.77,40.98,0.8729,1,1
402,258,926.56,0.74,20.74,14.67,0.7353,1,1
402,337,1457.98,0.64,31.31,30.06,0.4654,1,1
402,367,448.67,411.89,76.29,102.60,0.4265,1,1
402,382,156.05,512.09,45.42,29.74,0.8737,1,1
402,383,452.32,138.91,41.05,39.11,0.5513,1,1
402,421,55.29,338.87,63.72,47.17,0.8549,1,1
402,425,484.29,503.40,89.46,59.43,0.4739,1,1
402,447,313.17,225.81,43.80,51.68,0.7555,1,1
402,481,312.61,193.90,52.19,34.76,0.3890,1,1
402,483,427.45,354.86,36.78,36.95,0.2674,1,1
402,488,806.35,687.54,114.45,114.24,0.3342,1,1
402,497,119.58,720.47,110.07,103.01,0.9008,1,1
402,499,692.26,152.78,32.87,25.84,0.8439,1,1
402,501,627.80,670.63,40.87,44.59,0.5412,1,1
403,2,1046.74,484.25,102.03,99.90,0.8784,1,1
403,5,449.37,110.98,47.61,34.11,0.7836,1,1
403,16,645.90,48.52,52.67,33.99,0.6320,1,1
403,18,807.23,685.06,114.69,115.97,0.8647,1,1
403,27,709.52,194.05,83.78,65.50,0.8902,1,1
403,46,909.23,136.22,63.20,72.77,0.3539,1,1
403,176,614.96,833.72,144.13,131.87,0.8744,1,1
403,181,667.36,79.77,29.02,40.87,0.3665,1,1
403,207,996.43,25.06,53.86,40.46,0.8126,1,1
403,258,926.57,0.71,20.67,14.66,0.7447,1,1
403,337,1457.81,0.71,31.35,30.02,0.4172,1,1
403,382,155.23,511.23,42.28,26.18,0.8684,1,1
403,383,452.89,139.50,41.00,39.22,0.6012,1,1
403,421,54.61,339.15,64.76,47.23,0.8513,1,1
403,447,314.15,227.33,42.67,50.08,0.7758,1,1
403,481,312.09,195.60,51.54,34.42,0.3830,1,1
403,497,130.26,713.18,109.83,103.93,0.9007,1,1
403,499,690.82,149.60,32.41,26.81,0.8590,1,1
404,2,1046.06,492.90,102.63,101.45,0.8975,1,1
404,5,450.02,111.31,47.55,33.91,0.7996,1,1
404,16,645.87,48.80,51.60,33.33,0.4543,1,1
404,18,807.21,683.18,113.33,115.51,0.8469,1,1
404,27,709.93,194.38,82.13,64.23,0.8957,1,1
404,46,908.01,136.48,65.04,73.23,0.4596,1,1
404,176,616.75,834.64,143.02,129.70,0.8836,1,1
404,181,666.98,81.39,28.43,40.27,0.4211,1,1
404,207,997.34,24.56,52.64,39.03,0.6564,1,1
404,258,927.12,0.66,20.98,15.14,0.7505,1,1
404,337,1457.76,0.74,31.38,29.99,0.4040,1,1
404,382,151.49,509.92,42.69,26.55,0.8368,1,1
404,383,453.51,140.46,40.66,39.07,0.5992,1,1
404,421,54.03,339.21,65.49,46.92,0.8629,1,1
404,447,312.46,227.13,44.89,51.80,0.7602,1,1
404,481,312.43,196.96,50.45,33.75,0.3208,1,1
404,497,144.16,704.40,112.38,105.47,0.8973,1,1
404,499,692.37,144.68,32.98,28.16,0.8281,1,1
404,505,996.51,53.24,22.79,25.51,0.3883,1,1
405,2,1046.72,503.21,102.78,102.33,0.8924,1,1
405,5,450.27,111.46,47.87,34.15,0.8101,1,1
405,16,645.83,49.49,51.02,32.91,0.5157,1,1
405,18,809.01,683.74,113.29,117.00,0.8312,1,1
405,27,710.69,193.99,81.88,63.87,0.8903,1,1
405,46,906.10,136.38,66.70,73.59,0.6931,1,1
405,176,619.15,835.12,141.44,128.60,0.8547,1,1
405,181,666.07,83.35,28.13,39.25,0.5500,1,1
405,207,997.36,24.64,54.20,38.87,0.7788,1,1
405,258,927.54,0.58,20.75,15.42,0.7629,1,1
405,337,1457.67,0.72,31.51,30.06,0.4229,1,1
405,382,150.52,505.34,44.51,28.74,0.8397,1,1
405,383,453.92,141.56,40.91,39.63,0.6027,1,1
405,421,53.71,339.29,65.92,47.02,0.8528,1,1
405,447,310.87,227.49,46.58,53.23,0.7359,1,1
405,481,313.19,196.67,49.98,33.60,0.3026,1,1
405,497,157.39,694.46,113.43,106.01,0.8994,1,1
405,499,690.99,143.21,31.31,27.75,0.8482,1,1
405,505,992.85,51.28,25.15,28.21,0.5065,1,1
406,2,1046.86,503.34,102.45,102.32,0.8925,1,1
406,5,450.27,111.48,47.88,34.16,0.8099,1,1
406,16,645.69,49.64,51.10,32.95,0.5424,1,1
406,18,809.38,683.76,112.52,117.06,0.8286,1,1
406,27,710.65,193.99,81.90,63.83,0.8901,1,1
406,46,905.74,136.40,67.17,73.64,0.7042,1,1
406,176,619.26,834.99,141.39,128.78,0.8574,1,1
406,181,665.66,86.03,26.78,36.06,0.5681,1,1
406,207,996.79,24.65,55.31,38.80,0.7862,1,1
406,258,927.71,0.58,20.38,15.44,0.7634,1,1
406,337,1457.55,0.77,31.56,30.07,0.4209,1,1
406,382,150.97,505.25,43.61,28.76,0.8395,1,1
406,383,454.04,141.73,40.57,39.49,0.5966,1,1
406,421,53.62,339.31,66.09,47.03,0.8541,1,1
406,447,310.63,227.58,46.94,53.26,0.7370,1,1
406,481,312.38,194.64,51.89,35.12,0.3086,1,1
406,497,157.30,694.12,113.87,106.33,0.8993,1,1
406,499,691.18,143.16,30.77,27.79,0.8482,1,1
406,505,992.20,50.93,25.49,28.68,0.5119,1,1
406,509,385.91,887.59,63.34,47.68,0.5935,1,1
407,1,444.04,413.68,87.20,116.54,0.2616,1,1
407,2,1047.85,511.81,102.03,102.93,0.8933,1,1
407,5,450.48,111.88,47.77,34.20,0.8099,1,1
407,16,645.81,49.82,50.99,32.85,0.4672,1,1
407,18,807.92,681.47,112.49,118.86,0.8093,1,1
407,27,711.13,193.80,81.95,63.64,0.8636,1,1
407,46,904.14,136.28,68.90,76.42,0.5857,1,1
407,176,620.49,834.02,142.17,129.86,0.8312,1,1
407,181,665.16,84.18,28.64,38.39,0.4851,1,1
407,207,996.55,24.77,56.04,38.13,0.8412,1,1
407,258,927.95,0.48,20.05,15.38,0.7554,1,1
407,337,1457.16,0.65,31.79,30.28,0.4730,1,1
407,367,446.71,414.71,82.87,115.25,0.4822,1,1
407,382,149.52,504.39,42.11,27.51,0.8052,1,1
407,383,454.66,142.38,40.08,39.12,0.5540,1,1
407,421,53.65,339.52,65.74,46.49,0.8452,1,1
407,447,310.81,227.99,47.54,53.50,0.7759,1,1
407,481,313.61,195.48,50.33,34.26,0.2767,1,1
407,488,804.92,678.12,119.19,120.88,0.3954,1,1
407,497,170.43,685.88,117.32,110.06,0.9004,1,1
407,505,992.84,51.85,25.40,28.16,0.4917,1,1
408,1,447.89,414.92,82.87,116.11,0.3951,1,1
408,2,1048.71,520.98,101.83,101.83,0.8769,1,1
408,5,450.47,112.15,47.54,34.09,0.8118,1,1
408,16,645.71,50.45,51.74,33.48,0.5446,1,1
408,18,807.05,679.93,112.08,119.77,0.7503,1,1
408,27,711.80,193.37,81.41,61.74,0.8339,1,1
408,46,903.03,136.47,68.72,77.86,0.6973,1,1
408,176,617.78,834.04,141.11,131.21,0.7915,1,1
408,181,665.15,88.41,26.37,34.35,0.5243,1,1
408,207,996.33,24.68,56.22,37.89,0.7937,1,1
408,258,928.42,0.48,19.92,15.38,0.7577,1,1
408,337,1457.04,0.63,31.91,30.39,0.4545,1,1
408,367,450.22,415.90,78.56,112.53,0.6096,1,1
408,382,147.34,501.77,42.74,28.43,0.6583,1,1
408,383,455.18,142.75,39.67,38.72,0.5090,1,1
408,421,52.75,339.30,66.65,47.15,0.8671,1,1
408,447,311.10,228.18,47.58,53.17,0.7771,1,1
408,488,803.08,675.81,118.62,122.27,0.4957,1,1
408,497,184.32,681.21,113.11,109.35,0.9091,1,1
408,505,993.81,52.44,25.96,28.18,0.4745,1,1
409,1,450.86,416.67,80.12,115.60,0.5614,1,1
409,2,1049.23,530.86,102.93,101.80,0.8778,1,1
409,5,450.29,112.83,47.44,33.95,0.8078,1,1
409,16,645.66,50.93,52.30,34.04,0.5802,1,1
409,18,807.16,677.15,110.16,119.14,0.7312,1,1
409,27,711.87,193.40,81.20,60.28,0.8676,1,1
409,46,903.30,137.28,67.87,77.67,0.6743,1,1
409,176,618.65,831.63,141.91,134.19,0.7780,1,1
409,181,665.76,90.82,25.51,32.52,0.4797,1,1
409,207,995.95,24.55,56.83,38.09,0.8073,1,1
409,258,928.85,0.50,19.73,15.47,0.7571,1,1
409,337,1456.98,0.63,31.94,30.43,0.4403,1,1
409,367,451.93,417.30,78.17,112.36,0.3567,1,1
409,382,142.58,503.41,42.77,27.67,0.8311,1,1
409,383,455.24,143.12,39.57,38.54,0.4681,1,1
409,421,52.84,339.92,66.03,46.40,0.8717,1,1
409,447,311.55,228.00,47.57,53.11,0.7218,1,1
409,497,200.95,675.62,109.87,103.48,0.9072,1,1
409,505,993.34,52.30,26.75,28.80,0.4270,1,1
410,1,451.67,417.16,79.29,115.52,0.4611,1,1
410,2,1049.65,538.29,103.95,103.79,0.8673,1,1
410,5,449.93,112.85,47.59,34.13,0.8067,1,1
410,16,646.13,51.58,52.26,34.23,0.6402,1,1
410,18,804.70,672.47,109.56,121.12,0.8135,1,1
410,27,711.94,193.02,81.46,60.95,0.8634,1,1
410,46,904.69,138.45,65.99,75.55,0.6421,1,1
410,176,626.93,831.53,141.60,133.61,0.8336,1,1
410,181,665.64,92.00,25.32,31.52,0.5431,1,1
410,207,995.31,24.65,57.29,38.08,0.8339,1,1
410,258,929.04,0.49,19.57,15.49,0.7605,1,1
410,337,1456.79,0.59,31.97,30.45,0.4814,1,1
410,367,452.40,417.37,78.28,112.97,0.3817,1,1
410,382,145.67,503.99,40.10,26.83,0.8560,1,1
410,383,455.08,143.24,39.43,38.27,0.4589,1,1
410,421,52.23,340.42,66.45,46.71,0.8742,1,1
410,447,311.14,227.18,48.11,53.64,0.7480,1,1
410,497,214.51,665.78,107.24,102.83,0.9101,1,1
410,505,993.23,51.87,27.24,29.11,0.4870,1,1
410,511,542.53,813.16,48.54,67.83,0.6368,1,1
410,513,1026.21,852.81,56.06,79.39,0.2960,1,1
411,2,1051.25,546.12,103.69,103.88,0.9033,1,1
411,5,449.80,113.25,47.50,34.12,0.8048,1,1
411,16,646.53,52.38,52.30,34.53,0.6560,1,1
411,18,803.66,666.48,107.25,119.52,0.8586,1,1
411,27,711.83,192.93,80.74,60.65,0.8843,1,1
411,46,904.23,138.17,65.77,75.31,0.5660,1,1
411,176,619.93,831.13,141.87,135.75,0.8579,1,1
411,181,665.51,93.15,25.82,31.17,0.6077,1,1
411,207,995.53,24.60,57.48,38.31,0.7771,1,1
411,258,929.21,0.62,19.49,15.42,0.7581,1,1
411,337,1456.84,0.52,32.14,30.58,0.5207,1,1
411,367,453.37,418.41,77.27,111.59,0.4451,1,1
411,382,142.58,505.08,39.18,26.48,0.8073,1,1
411,383,454.57,143.63,39.80,38.58,0.4942,1,1
411,421,52.26,340.50,65.77,46.01,0.8757,1,1
411,447,312.09,227.28,47.20,52.59,0.6817,1,1
411,497,226.55,657.12,109.08,104.79,0.8953,1,1
411,505,992.72,51.65,27.80,29.64,0.3597,1,1
411,511,548.70,808.18,49.73,70.21,0.4278,1,1
411,513,1027.02,849.68,56.41,80.09,0.5032,1,1
412,2,1051.31,546.19,103.58,103.89,0.9032,1,1
412,5,449.83,113.26,47.45,34.11,0.8049,1,1
412,16,646.64,52.46,52.08,34.58,0.6556,1,1
412,18,803.79,666.45,106.86,119.43,0.8585,1,1
412,27,711.88,192.94,80.62,60.67,0.8846,1,1
412,46,904.12,138.17,65.70,75.22,0.5712,1,1
412,176,620.21,831.12,141.03,135.80,0.8583,1,1
412,181,665.22,93.30,26.34,31.14,0.6080,1,1
412,207,995.58,24.61,57.37,38.32,0.7773,1,1
412,258,929.20,0.64,19.48,15.42,0.7582,1,1
412,337,1456.77,0.55,32.18,30.60,0.5212,1,1
412,367,453.49,418.66,77.03,111.30,0.4454,1,1
412,382,142.59,505.13,38.90,26.47,0.8074,1,1
412,383,454.40,143.74,39.88,38.61,0.4947,1,1
412,421,52.18,340.50,65.91,46.01,0.8760,1,1
412,447,312.12,227.29,47.14,52.50,0.6793,1,1
412,497,226.69,656.92,109.04,104.81,0.8950,1,1
412,505,992.48,51.66,27.98,29.76,0.3602,1,1
412,511,549.86,807.33,49.50,70.71,0.4323,1,1
412,513,1027.15,849.33,56.31,80.15,0.5046,1,1
412,516,721.96,238.82,29.90,47.11,0.4786,1,1
413,1,454.47,418.34,75.92,110.21,0.2788,1,1
413,2,1051.40,553.00,103.08,105.70,0.9038,1,1
413,5,449.22,112.77,47.90,34.35,0.8117,1,1
413,16,646.77,52.81,52.06,34.76,0.6558,1,1
413,18,799.52,664.25,107.89,120.26,0.8630,1,1
413,27,712.99,192.54,81.26,61.14,0.8821,1,1
413,46,906.39,139.10,63.64,72.56,0.5734,1,1
413,176,625.79,830.94,138.87,136.41,0.8455,1,1
413,181,665.77,94.52,26.57,30.33,0.7326,1,1
413,207,995.16,24.64,58.08,39.01,0.7021,1,1
413,258,929.32,0.64,19.36,15.42,0.7509,1,1
413,337,1456.55,0.47,32.45,30.93,0.5322,1,1
413,367,454.25,418.88,75.85,108.97,0.5658,1,1
413,382,139.78,505.13,40.32,28.01,0.8341,1,1
413,383,454.32,143.78,39.63,38.39,0.4633,1,1
413,421,51.48,340.88,66.23,46.09,0.8791,1,1
413,447,312.49,227.29,46.82,52.11,0.3446,1,1
413,497,238.43,650.77,105.94,104.15,0.9120,1,1
413,505,992.99,52.29,27.65,29.23,0.3246,1,1
413,511,553.70,802.64,50.41,72.63,0.2835,1,1
413,513,1028.42,849.47,55.18,79.12,0.6721,1,1
413,516,720.97,236.05,31.09,49.57,0.7223,1,1
413,517,684.52,145.45,30.30,27.06,0.7478,1,1
413,518,666.06,85.71,29.30,38.16,0.5100,1,1
414,1,454.17,418.31,77.33,109.67,0.6304,1,1
414,2,1052.91,560.34,102.43,105.23,0.9057,1,1
414,5,448.61,113.06,48.22,34.39,0.8252,1,1
414,16,646.64,53.27,52.49,35.42,0.7153,1,1
414,18,793.39,658.65,111.25,124.60,0.8560,1,1
414,27,714.46,192.95,81.18,60.69,0.8814,1,1
414,46,907.23,139.34,62.69,71.16,0.5417,1,1
414,176,623.06,830.14,143.03,138.85,0.8823,1,1
414,181,665.48,93.75,27.58,31.02,0.7649,1,1
414,207,995.79,24.95,57.12,38.61,0.7767,1,1
414,258,929.60,0.66,19.20,15.40,0.7614,1,1
414,337,1456.55,0.46,32.43,30.97,0.5534,1,1
414,367,454.59,418.98,76.23,108.99,0.3113,1,1
414,382,137.34,505.57,40.02,28.80,0.8546,1,1
414,383,454.25,143.94,39.32,38.11,0.4785,1,1
414,421,51.06,341.38,66.20,45.51,0.8826,1,1
414,447,313.21,226.32,46.45,51.72,0.2576,1,1
414,497,248.37,640.32,105.13,100.79,0.8844,1,1
414,505,992.48,52.29,27.59,29.08,0.3706,1,1
414,513,1029.38,847.89,54.76,79.12,0.6410,1,1
414,516,720.40,234.79,31.88,50.66,0.7825,1,1
414,517,676.77,154.53,30.60,26.01,0.7909,1,1
415,1,453.65,418.88,77.85,108.38,0.6336,1,1
415,2,1053.48,566.07,102.55,105.92,0.9033,1,1
415,5,447.83,113.16,48.56,34.56,0.8245,1,1
415,16,646.45,53.44,52.18,35.40,0.7179,1,1
415,18,792.67,655.47,110.17,123.16,0.7802,1,1
415,27,713.41,193.03,82.72,60.62,0.8865,1,1
415,46,906.99,138.52,63.34,71.09,0.5618,1,1
415,176,625.15,830.17,145.88,141.58,0.8822,1,1
415,181,665.39,92.23,28.45,32.27,0.7646,1,1
415,207,995.14,25.03,56.97,38.46,0.7955,1,1
415,258,929.59,0.68,19.31,15.58,0.7622,1,1
415,337,1456.56,0.46,32.36,30.97,0.5491,1,1
415,367,454.54,419.06,76.31,108.47,0.2769,1,1
415,382,135.55,506.50,42.03,29.92,0.8133,1,1
415,383,453.65,143.81,39.48,38.31,0.4537,1,1
415,421,50.39,341.55,66.18,44.66,0.8652,1,1
415,497,256.71,628.79,108.54,99.71,0.8884,1,1
415,505,991.33,52.73,27.39,29.01,0.4446,1,1
415,511,564.34,789.04,51.18,74.27,0.2528,1,1
415,513,1029.51,842.46,55.90,82.08,0.6867,1,1
415,516,719.62,234.50,32.33,51.11,0.7508,1,1
415,517,679.06,163.25,28.16,23.22,0.6624,1,1
416,2,1052.60,570.19,104.32,109.28,0.9063,1,1
416,5,447.36,113.11,48.61,34.55,0.8190,1,1
416,16,646.30,53.81,52.42,35.81,0.7446,1,1
416,18,793.27,651.51,108.27,120.89,0.8472,1,1
416,27,712.86,193.35,83.61,60.91,0.9011,1,1
416,46,907.01,138.31,63.87,70.54,0.6151,1,1
416,176,627.19,829.59,148.76,143.34,0.8572,1,1
416,181,665.61,92.13,28.78,32.44,0.7979,1,1
416,207,995.20,24.98,56.79,38.44,0.8500,1,1
416,258,929.35,0.64,19.56,15.68,0.7681,1,1
416,337,1456.56,0.46,32.34,30.98,0.5512,1,1
416,367,452.12,418.15,79.00,108.24,0.7218,1,1
416,382,128.00,508.82,43.68,30.10,0.8006,1,1
416,383,452.93,143.48,39.94,38.79,0.4262,1,1
416,421,49.74,342.43,66.51,44.28,0.8711,1,1
416,447,313.62,225.12,46.50,51.83,0.3718,1,1
416,497,262.46,618.63,109.56,95.19,0.8883,1,1
416,505,992.38,53.02,27.08,28.60,0.5964,1,1
416,513,1030.36,842.46,55.10,81.71,0.7614,1,1
416,516,718.57,233.75,33.03,52.24,0.6865,1,1
416,517,675.85,166.53,30.80,22.04,0.8041,1,1
416,520,860.39,805.42,68.36,76.44,0.2661,1,1
417,1,450.11,417.51,81.01,110.71,0.6590,1,1
417,2,1051.91,573.69,105.19,111.56,0.9069,1,1
417,5,447.48,113.84,48.16,34.18,0.8214,1,1
417,16,646.45,53.68,52.20,35.74,0.6744,1,1
417,18,787.72,645.76,111.32,124.52,0.8669,1,1
417,27,713.01,193.74,83.40,60.48,0.8962,1,1
417,46,906.88,138.26,64.73,70.11,0.6483,1,1
417,176,625.51,830.96,150.38,144.31,0.8739,1,1
417,181,667.72,96.30,26.36,29.39,0.7130,1,1
417,207,995.26,25.04,56.25,38.25,0.8644,1,1
417,258,930.23,0.61,19.48,15.77,0.7541,1,1
417,337,1456.45,0.45,32.24,31.00,0.5366,1,1
417,367,451.00,417.93,79.99,109.11,0.3916,1,1
417,382,121.39,510.82,46.15,31.28,0.7946,1,1
417,383,452.16,143.61,40.30,39.12,0.4665,1,1
417,421,48.67,342.32,67.19,44.60,0.8712,1,1
417,447,313.99,224.88,45.98,51.23,0.2756,1,1
417,497,272.98,606.84,108.93,97.92,0.8998,1,1
417,505,992.77,53.21,26.94,28.38,0.5984,1,1
417,516,719.48,234.64,32.49,51.54,0.6611,1,1
417,517,682.44,172.02,31.39,21.91,0.6148,1,1
417,518,669.54,88.26,26.51,33.99,0.5415,1,1
418,1,449.54,417.46,81.92,110.79,0.6590,1,1
418,2,1052.11,573.71,104.76,111.59,0.9070,1,1
418,5,447.46,113.88,48.18,34.17,0.8213,1,1
418,16,646.54,53.69,51.97,35.63,0.6703,1,1
418,18,787.65,645.66,111.30,124.58,0.8669,1,1
418,27,712.93,193.75,83.56,60.49,0.8961,1,1
418,46,906.45,138.27,65.55,70.05,0.6503,1,1
418,176,625.35,830.98,150.66,144.33,0.8739,1,1
418,181,667.76,96.65,26.36,29.14,0.7088,1,1
418,207,995.31,25.05,56.20,38.30,0.8650,1,1
418,258,930.33,0.63,19.35,15.77,0.7540,1,1
418,337,1456.43,0.49,32.15,31.01,0.5364,1,1
418,367,450.50,417.90,80.53,109.34,0.3994,1,1
418,382,120.91,510.90,46.70,31.34,0.7950,1,1
418,383,451.96,143.69,40.39,39.18,0.4645,1,1
418,421,48.60,342.29,67.28,44.59,0.8712,1,1
418,447,314.01,224.89,45.85,51.07,0.2668,1,1
418,497,273.73,606.73,107.58,97.94,0.8999,1,1
418,505,992.79,53.25,26.98,28.36,0.5978,1,1
418,516,719.58,234.78,32.36,51.45,0.6583,1,1
418,517,682.80,172.52,32.18,21.93,0.6137,1,1
418,518,669.48,88.39,26.68,33.84,0.5385,1,1
419,1,449.58,416.93,81.71,110.03,0.3930,1,1
419,2,1050.10,575.75,106.87,115.48,0.9029,1,1
419,5,446.88,113.17,48.80,34.67,0.8279,1,1
419,16,646.98,53.81,51.49,35.25,0.5660,1,1
419,18,788.73,641.91,109.27,123.02,0.8190,1,1
419,27,712.29,193.59,84.36,62.29,0.8904,1,1
419,46,906.69,138.59,65.86,70.27,0.6114,1,1
419,176,629.87,831.89,149.43,144.93,0.8658,1,1
419,181,668.22,97.29,26.44,28.80,0.6784,1,1
419,207,994.75,25.03,56.59,38.33,0.8735,1,1
419,258,931.12,0.68,19.38,15.80,0.7366,1,1
419,337,1456.53,0.45,31.97,30.84,0.5584,1,1
419,367,448.94,417.55,82.43,109.86,0.7004,1,1
419,382,119.08,513.05,48.80,33.42,0.7667,1,1
419,383,451.77,143.35,40.79,39.76,0.4799,1,1
419,421,48.09,342.46,67.35,44.63,0.8706,1,1
419,497,283.65,596.56,106.42,101.35,0.9032,1,1
419,505,991.60,53.40,27.45,28.85,0.5530,1,1
419,511,589.39,766.18,47.54,69.21,0.3739,1,1
419,516,719.89,235.99,31.81,50.33,0.6924,1,1
419,517,686.38,172.19,34.02,22.52,0.7416,1,1
419,518,670.53,87.95,26.57,33.47,0.4684,1,1
420,1,448.03,418.40,82.58,108.01,0.6822,1,1
420,2,1050.16,577.92,106.58,118.02,0.9069,1,1
420,5,446.93,113.64,48.48,34.55,0.8263,1,1
420,16,648.00,53.90,50.74,34.59,0.5420,1,1
420,18,789.48,637.11,106.15,121.12,0.8683,1,1
420,27,713.37,193.51,82.52,62.24,0.8911,1,1
420,46,906.15,138.68,65.31,69.75,0.5733,1,1
420,176,631.13,834.15,148.84,145.80,0.8875,1,1
420,181,669.13,96.19,27.12,29.58,0.3920,1,1
420,207,994.81,24.96,56.58,38.19,0.8842,1,1
420,258,931.13,0.67,19.50,15.99,0.7327,1,1
420,337,1456.54,0.45,31.97,30.84,0.5426,1,1
420,367,448.40,417.23,82.20,108.30,0.5286,1,1
420,382,113.96,513.46,49.00,33.60,0.8008,1,1
420,383,451.83,143.30,41.07,40.52,0.5191,1,1
420,421,48.38,343.11,66.30,43.73,0.8568,1,1
420,497,292.82,587.91,103.38,97.47,0.8950,1,1
420,505,989.81,51.81,28.59,30.77,0.5814,1,1
420,516,719.49,236.24,31.86,50.28,0.7052,1,1
420,517,688.13,172.10,35.03,21.78,0.7753,1,1
420,518,671.90,86.57,26.45,33.36,0.3657,1,1
421,1,447.84,420.33,83.18,105.61,0.6732,1,1
421,2,1050.31,577.62,105.50,117.48,0.9141,1,1
421,5,446.57,114.26,48.00,34.36,0.8100,1,1
421,16,648.11,53.79,52.34,35.78,0.7202,1,1
421,18,787.45,632.13,107.44,123.07,0.8802,1,1
421,27,712.82,192.84,81.83,63.10,0.8856,1,1
421,46,905.93,139.17,61.75,69.57,0.9016,1,1
421,176,631.59,834.54,152.47,149.29,0.8696,1,1
421,181,672.88,84.26,27.32,30.37,0.5208,1,1
421,207,995.73,25.14,55.47,38.25,0.8786,1,1
421,258,933.25,1.61,18.13,15.40,0.7145,1,1
421,337,1457.59,0.99,32.76,30.79,0.6368,1,1
421,367,449.39,419.58,80.70,104.70,0.4273,1,1
421,382,103.62,519.04,46.34,31.20,0.7858,1,1
421,383,452.15,143.38,40.18,39.80,0.5627,1,1
421,421,47.15,343.85,67.48,45.91,0.8696,1,1
421,447,316.62,226.21,43.08,47.53,0.2954,1,1
421,497,300.70,577.88,107.09,102.32,0.9004,1,1
421,505,988.99,51.88,27.97,30.85,0.6260,1,1
421,511,605.84,750.58,46.33,68.30,0.5586,1,1
421,516,717.72,234.44,33.67,53.71,0.4840,1,1
421,517,692.53,171.30,35.28,22.28,0.8175,1,1
421,518,672.88,86.75,26.67,34.00,0.3198,1,1
422,1,447.45,421.12,83.64,104.15,0.6130,1,1
422,2,1049.06,578.26,106.62,118.00,0.9123,1,1
422,5,446.24,113.65,48.24,34.62,0.8002,1,1
422,16,647.63,52.70,53.74,37.07,0.7272,1,1
422,18,785.56,629.36,107.68,119.03,0.8829,1,1
422,27,712.64,192.98,81.49,63.83,0.8872,1,1
422,46,905.36,138.98,62.35,70.72,0.8872,1,1
422,176,634.96,835.80,152.84,147.62,0.8566,1,1
422,181,673.34,82.17,28.45,32.69,0.5644,1,1
422,207,996.77,25.09,54.83,38.85,0.8667,1,1
422,258,933.72,1.76,17.34,15.06,0.7196,1,1
422,337,1457.49,1.11,33.38,30.85,0.6342,1,1
422,367,448.37,421.64,82.28,102.07,0.6833,1,1
422,382,98.89,522.31,44.27,30.46,0.8742,1,1
422,383,452.13,143.84,40.10,40.01,0.5391,1,1
422,421,48.98,343.82,65.82,46.22,0.8692,1,1
422,447,316.68,226.90,42.73,46.43,0.3850,1,1
422,497,310.35,569.14,105.18,102.21,0.8954,1,1
422,505,989.45,51.70,27.57,30.66,0.5895,1,1
422,511,614.13,742.32,43.88,65.94,0.6846,1,1
422,516,717.24,235.01,33.49,53.97,0.5778,1,1
422,517,693.36,171.70,34.90,21.88,0.7918,1,1
423,1,446.78,421.90,84.34,102.96,0.6075,1,1
423,2,1047.94,578.29,107.29,117.90,0.9157,1,1
423,5,446.27,114.48,48.42,34.82,0.7988,1,1
423,16,648.94,52.63,51.79,35.40,0.7373,1,1
423,18,785.49,621.84,108.42,117.61,0.8841,1,1
423,27,711.98,194.19,81.94,62.97,0.9059,1,1
423,46,905.78,139.43,61.76,71.01,0.9006,1,1
423,176,634.93,836.79,158.34,151.35,0.8802,1,1
423,207,997.07,25.17,53.90,38.43,0.8695,1,1
423,258,934.21,1.76,16.68,14.78,0.7146,1,1
423,337,1457.15,1.05,33.74,30.70,0.6657,1,1
423,367,446.52,422.43,85.19,100.91,0.7525,1,1
423,382,95.64,525.29,43.98,30.96,0.8500,1,1
423,383,451.93,144.06,40.37,40.78,0.6045,1,1
423,421,50.72,343.18,63.69,46.51,0.8544,1,1
423,447,317.29,226.49,42.39,45.69,0.2916,1,1
423,497,317.18,564.07,103.59,99.21,0.9090,1,1
423,505,989.71,51.13,27.74,30.46,0.5900,1,1
423,511,622.57,734.87,41.37,61.47,0.7398,1,1
423,516,717.08,237.03,32.50,52.70,0.6157,1,1
423,517,690.89,174.20,35.68,21.99,0.6651,1,1
423,518,674.97,86.02,26.34,35.10,0.6181,1,1
423,524,952.14,66.94,19.45,17.51,0.6203,1,1
423,525,892.39,822.09,47.07,65.37,0.4389,1,1
424,1,446.14,422.05,85.46,102.72,0.6047,1,1
424,2,1047.82,578.32,107.50,117.86,0.9158,1,1
424,5,446.24,114.56,48.36,34.85,0.7990,1,1
424,16,648.86,52.66,51.92,35.29,0.7376,1,1
424,18,785.09,621.78,109.23,117.57,0.8833,1,1
424,27,711.72,194.21,82.44,62.97,0.9059,1,1
424,46,905.93,139.44,61.47,71.02,0.9005,1,1
424,176,634.60,836.80,159.08,151.38,0.8805,1,1
424,207,997.12,25.18,53.75,38.42,0.8696,1,1
424,258,934.32,1.79,16.43,14.76,0.7145,1,1
424,337,1456.93,1.08,34.07,30.68,0.6665,1,1
424,367,445.51,422.52,87.14,100.75,0.7610,1,1
424,382,95.83,525.36,43.45,30.96,0.8499,1,1
424,383,452.01,144.14,40.10,40.88,0.6020,1,1
424,421,51.33,343.14,62.47,46.64,0.8513,1,1
424,425,634.46,388.36,83.86,59.74,0.6607,1,1
424,447,317.25,226.47,42.52,45.53,0.2890,1,1
424,497,316.98,564.04,104.05,99.17,0.9090,1,1
424,505,989.56,51.09,28.01,30.46,0.5908,1,1
424,511,622.87,734.53,41.44,61.24,0.7369,1,1
424,516,717.10,237.32,32.24,52.53,0.6172,1,1
424,517,690.37,174.44,36.24,21.99,0.6639,1,1
424,518,675.34,85.98,25.72,35.19,0.6137,1,1
424,524,952.03,66.89,19.71,17.52,0.6190,1,1
424,525,893.62,824.78,47.39,64.20,0.4423,1,1
424,526,79.81,379.80,34.51,50.12,0.5622,1,1
425,1,445.71,422.55,86.23,101.93,0.6620,1,1
425,2,1046.84,578.01,108.16,118.16,0.9180,1,1
425,5,446.09,114.60,48.12,34.57,0.8008,1,1
425,16,650.20,52.70,50.15,33.41,0.6981,1,1
425,18,789.80,618.13,106.89,115.72,0.8879,1,1
425,27,710.97,195.26,82.82,62.97,0.9105,1,1
425,46,906.52,139.66,61.25,70.52,0.8700,1,1
425,176,635.60,836.78,161.63,153.87,0.8894,1,1
425,207,997.54,25.30,53.27,37.94,0.8587,1,1
425,258,934.76,1.87,15.95,14.39,0.7021,1,1
425,337,1456.86,1.15,34.29,30.67,0.6412,1,1
425,367,445.25,422.95,87.28,99.85,0.6913,1,1
425,382,91.57,525.93,43.26,32.22,0.8477,1,1
425,383,452.28,143.91,39.73,40.96,0.6387,1,1
425,421,50.62,342.28,65.10,51.03,0.7771,1,1
425,425,644.64,384.02,77.03,47.85,0.8397,1,1
425,447,318.68,225.94,41.23,43.56,0.3908,1,1
425,497,324.99,557.21,102.35,97.43,0.8921,1,1
425,505,991.03,51.05,27.77,30.19,0.5741,1,1
425,516,717.57,239.34,31.54,50.03,0.7289,1,1
425,517,690.81,174.53,37.15,22.30,0.7067,1,1
425,518,676.82,87.05,24.50,33.73,0.6425,1,1
425,524,953.16,64.96,21.04,18.96,0.6617,1,1
425,525,898.87,827.26,46.37,60.78,0.5618,1,1
425,526,75.09,383.93,37.30,52.69,0.7959,1,1
425,529,395.24,943.12,46.79,77.37,0.5611,1,1
426,1,444.64,422.70,87.79,102.16,0.6818,1,1
426,2,1044.59,578.56,109.22,117.89,0.9185,1,1
426,5,445.57,115.10,47.92,34.21,0.7907,1,1
426,16,651.02,52.61,49.19,32.19,0.6465,1,1
426,18,792.98,614.26,104.65,111.42,0.9019,1,1
426,27,710.60,196.25,83.23,62.67,0.9164,1,1
426,46,906.45,139.72,61.43,70.39,0.8047,1,1
426,176,636.89,840.96,155.25,149.80,0.8634,1,1
426,207,996.75,25.20,53.89,37.71,0.8614,1,1
426,258,935.01,1.64,16.14,14.40,0.6968,1,1
426,337,1456.82,1.07,34.40,30.56,0.6498,1,1
426,367,443.94,423.04,89.09,100.09,0.7690,1,1
426,382,89.63,527.24,40.67,32.83,0.8635,1,1
426,383,451.99,143.95,39.67,41.24,0.5870,1,1
426,421,52.81,339.88,61.55,50.92,0.7785,1,1
426,425,651.10,378.74,74.78,46.11,0.4805,1,1
426,447,319.45,225.89,40.96,42.87,0.3412,1,1
426,497,333.28,551.83,103.85,97.04,0.9033,1,1
426,505,991.62,50.95,27.67,30.33,0.5953,1,1
426,516,717.41,240.35,31.64,49.88,0.6216,1,1
426,517,690.49,174.61,37.47,22.58,0.7035,1,1
426,518,678.19,88.63,23.50,32.18,0.5691,1,1
426,524,953.67,66.09,20.25,18.25,0.5935,1,1
426,525,904.81,832.51,45.30,58.32,0.3342,1,1
426,526,75.41,388.26,35.30,49.29,0.6283,1,1
426,529,392.56,934.34,51.22,83.63,0.7042,1,1
427,1,444.31,423.01,88.57,102.04,0.6804,1,1
427,2,1043.66,579.28,109.38,117.81,0.9095,1,1
427,5,443.95,115.39,49.36,35.12,0.7627,1,1
427,16,651.85,52.12,48.99,31.61,0.5454,1,1
427,18,794.34,608.00,107.03,113.21,0.8992,1,1
427,27,709.77,196.84,83.66,62.91,0.9141,1,1
427,46,906.39,139.49,61.79,70.46,0.7012,1,1
427,176,637.25,842.41,155.22,149.56,0.8711,1,1
427,207,997.08,25.16,54.11,37.53,0.8653,1,1
427,258,934.88,1.60,16.62,14.64,0.6976,1,1
427,337,1456.60,1.05,34.69,30.67,0.6300,1,1
427,367,443.45,423.42,90.26,100.31,0.8128,1,1
427,382,89.20,528.64,38.59,33.09,0.8564,1,1
427,383,451.54,144.15,39.75,41.76,0.7183,1,1
427,421,53.08,338.77,61.08,50.95,0.3993,1,1
427,425,656.15,371.71,78.59,49.16,0.8597,1,1
427,447,319.58,225.49,41.18,42.70,0.3122,1,1
427,497,343.77,546.95,105.25,97.34,0.8892,1,1
427,505,992.83,51.25,27.01,29.72,0.5803,1,1
427,516,716.75,241.83,31.24,49.01,0.3922,1,1
427,517,691.47,174.16,38.43,23.29,0.3550,1,1
427,518,678.81,88.61,23.40,31.91,0.5368,1,1
427,524,953.48,66.80,20.14,18.06,0.7104,1,1
427,525,898.98,841.68,53.75,51.93,0.8315,1,1
427,526,76.48,391.13,33.98,46.59,0.6274,1,1
427,529,401.30,932.06,54.57,84.83,0.7300,1,1
428,1,444.01,423.50,88.79,101.18,0.6817,1,1
428,2,1042.16,578.97,109.98,119.02,0.9065,1,1
428,5,443.37,115.68,49.36,34.80,0.7588,1,1
428,16,651.78,51.79,49.77,31.78,0.5457,1,1
428,18,799.32,606.76,103.90,109.93,0.9015,1,1
428,27,708.07,197.91,84.85,63.68,0.9120,1,1
428,46,905.23,139.04,62.01,70.48,0.6777,1,1
428,176,639.69,843.27,154.45,149.85,0.8815,1,1
428,207,996.23,25.27,54.96,37.76,0.8649,1,1
428,258,935.63,1.60,16.54,14.60,0.6434,1,1
428,337,1456.45,1.11,34.81,30.64,0.6286,1,1
428,367,443.20,423.86,90.35,99.26,0.8120,1,1
428,382,87.26,530.84,35.39,32.78,0.8440,1,1
428,383,451.29,144.73,39.31,41.47,0.7417,1,1
428,425,661.35,367.05,75.29,47.11,0.5081,1,1
428,497,354.04,544.74,102.38,94.48,0.8834,1,1
428,505,991.60,51.00,27.44,30.22,0.5458,1,1
428,511,653.22,706.54,40.90,60.05,0.4514,1,1
428,517,689.99,175.11,39.32,23.73,0.6925,1,1
428,518,679.08,88.27,23.49,31.57,0.5949,1,1
428,524,953.55,66.50,20.80,19.05,0.6567,1,1
428,525,900.30,848.65,55.19,48.29,0.8570,1,1
428,526,78.68,398.58,29.58,39.72,0.3186,1,1
428,529,406.55,927.69,54.23,86.78,0.7658,1,1
429,1,443.89,424.07,89.12,100.83,0.6354,1,1
429,2,1042.05,579.78,109.85,118.85,0.9050,1,1
429,5,442.78,115.82,48.97,34.08,0.7805,1,1
429,16,651.41,51.78,50.88,32.25,0.5612,1,1
429,18,804.11,604.75,101.04,106.04,0.9062,1,1
429,27,705.10,198.43,87.18,64.45,0.9130,1,1
429,46,905.97,139.21,61.67,69.39,0.7317,1,1
429,176,641.21,843.24,152.68,148.77,0.8793,1,1
429,207,995.76,25.08,55.99,37.81,0.8627,1,1
429,258,935.93,1.50,16.84,14.85,0.5114,1,1
429,337,1456.35,1.13,34.99,30.71,0.6231,1,1
429,367,442.91,424.29,91.20,99.37,0.8453,1,1
429,382,85.36,531.42,34.45,32.92,0.7451,1,1
429,383,450.98,145.28,39.10,41.36,0.7619,1,1
429,389,203.47,512.17,24.16,45.92,0.8144,1,1
429,425,668.62,363.78,69.53,43.36,0.2563,1,1
429,497,364.02,541.06,101.81,93.93,0.8616,1,1
429,505,988.48,51.09,27.58,30.11,0.3943,1,1
429,517,689.97,176.10,39.15,23.29,0.7005,1,1
429,518,679.23,87.62,23.98,31.87,0.6876,1,1
429,524,955.15,65.94,19.71,18.38,0.7314,1,1
429,525,898.44,854.72,56.09,48.05,0.8523,1,1
429,526,80.01,402.34,27.63,36.07,0.2871,1,1
429,529,416.33,927.29,54.48,89.82,0.7120,1,1
430,1,443.64,424.32,89.53,100.58,0.6560,1,1
430,2,1042.02,579.83,109.86,118.79,0.9051,1,1
430,5,442.53,115.88,49.26,34.01,0.7845,1,1
430,16,651.19,51.82,51.25,32.29,0.5557,1,1
430,18,803.95,604.75,101.34,106.01,0.9063,1,1
430,27,704.86,198.42,87.64,64.46,0.9131,1,1
430,46,905.80,139.21,62.05,69.34,0.7255,1,1
430,176,641.41,843.22,152.36,148.80,0.8793,1,1
430,207,995.55,25.05,56.46,37.84,0.8610,1,1
430,258,935.90,1.51,16.95,14.92,0.5062,1,1
430,337,1456.26,1.16,35.09,30.71,0.6226,1,1
430,367,442.78,424.46,91.42,99.13,0.8350,1,1
430,382,85.71,531.45,33.46,32.91,0.7471,1,1
430,383,450.93,145.29,39.10,41.41,0.7616,1,1
430,389,203.81,512.16,23.45,45.98,0.8148,1,1
430,425,670.10,363.27,68.05,42.26,0.2591,1,1
430,497,364.15,540.98,101.81,93.96,0.8587,1,1
430,505,987.64,51.13,27.81,30.10,0.4000,1,1
430,517,689.90,176.19,39.45,23.26,0.7021,1,1
430,518,679.14,87.60,24.15,31.89,0.6904,1,1
430,524,955.33,65.93,19.44,18.32,0.7317,1,1
430,525,898.11,854.83,56.64,48.05,0.8512,1,1
430,526,79.92,403.07,27.86,35.35,0.2877,1,1
430,529,417.58,927.42,53.29,89.93,0.7135,1,1
430,532,991.08,957.30,58.46,88.18,0.7347,1,1
431,1,443.57,424.47,90.19,100.35,0.7208,1,1
431,2,1040.39,579.53,110.49,119.72,0.9001,1,1
431,5,441.72,116.04,49.87,34.36,0.7837,1,1
431,16,651.10,51.78,51.46,32.25,0.5522,1,1
431,18,808.54,604.11,100.90,105.40,0.8943,1,1
431,27,703.12,199.20,88.13,64.52,0.9063,1,1
431,46,904.11,139.06,62.66,69.83,0.7667,1,1
431,176,641.77,842.53,153.78,149.80,0.8379,1,1
431,207,992.56,24.86,58.75,38.62,0.8765,1,1
431,258,936.48,1.39,16.99,14.99,0.4002,1,1
431,337,1456.46,1.03,35.23,30.77,0.6471,1,1
431,367,443.24,424.78,91.11,98.48,0.6206,1,1
431,382,77.49,532.09,35.37,34.97,0.4053,1,1
431,383,450.68,146.05,38.76,40.57,0.7650,1,1
431,389,201.12,512.09,24.68,48.73,0.8098,1,1
431,497,374.69,538.69,100.82,95.28,0.8704,1,1
431,505,985.93,49.88,29.13,31.90,0.5629,1,1
431,511,672.45,696.54,38.09,55.36,0.3911,1,1
431,517,688.73,176.71,39.68,23.20,0.6831,1,1
431,518,678.83,86.06,25.06,33.33,0.7038,1,1
431,524,953.99,65.63,19.80,18.42,0.6873,1,1
431,525,900.15,859.96,55.38,46.10,0.8595,1,1
431,526,79.27,401.85,29.26,35.99,0.3446,1,1
431,529,427.57,923.19,50.12,85.18,0.4431,1,1
431,532,991.84,956.85,56.92,87.30,0.7421,1,1
431,534,527.55,296.77,21.27,30.22,0.3364,1,1
432,1,443.27,424.54,91.14,100.90,0.6683,1,1
432,2,1039.81,579.41,110.54,119.20,0.8992,1,1
432,5,441.44,116.09,50.19,34.70,0.7882,1,1
432,12,313.80,203.82,49.89,26.17,0.4783,1,1
432,16,650.96,51.90,51.50,32.10,0.5435,1,1
432,18,813.73,604.34,100.00,101.91,0.8963,1,1
432,27,701.50,199.56,87.96,64.95,0.9015,1,1
432,46,903.67,138.76,63.66,71.11,0.6468,1,1
432,176,643.48,843.08,155.16,150.91,0.8108,1,1
432,207,992.85,25.09,59.68,39.32,0.8818,1,1
432,258,936.98,1.39,16.77,14.83,0.3579,1,1
432,337,1456.41,1.04,35.35,30.86,0.6574,1,1
432,367,442.84,424.86,92.45,99.42,0.7332,1,1
432,382,69.79,531.27,37.34,38.91,0.7026,1,1
432,383,450.41,146.86,38.60,39.67,0.7668,1,1
432,389,199.61,514.64,24.36,46.27,0.8152,1,1
432,447,318.62,225.63,44.84,46.88,0.5134,1,1
432,497,388.38,533.89,100.29,96.06,0.8900,1,1
432,505,984.00,49.10,28.65,31.80,0.5184,1,1
432,511,680.62,689.89,37.24,53.03,0.3198,1,1
432,517,684.03,179.58,39.38,21.81,0.7131,1,1
432,518,678.55,86.08,24.99,33.18,0.7120,1,1
432,524,952.87,64.67,20.70,18.99,0.6646,1,1
432,525,899.27,859.53,57.83,48.24,0.8591,1,1
432,526,78.98,402.69,29.78,35.05,0.4218,1,1
432,532,992.31,957.02,57.33,87.49,0.7726,1,1
433,1,442.77,424.34,92.31,102.00,0.5564,1,1
433,2,1039.61,577.63,109.94,119.56,0.8973,1,1
433,5,441.23,116.00,50.29,34.94,0.7927,1,1
433,12,313.23,204.05,51.19,26.69,0.5507,1,1
433,16,650.22,51.93,52.31,32.49,0.5826,1,1
433,18,814.16,604.22,103.47,102.98,0.9006,1,1
433,27,700.33,199.71,87.65,65.32,0.8987,1,1
433,46,903.47,138.53,63.82,71.10,0.7960,1,1
433,176,642.53,836.27,162.54,157.46,0.7271,1,1
433,207,992.42,25.22,59.36,39.60,0.8789,1,1
433,258,938.52,1.27,16.08,14.17,0.3565,1,1
433,337,1456.50,0.08,35.53,31.45,0.6807,1,1
433,367,442.29,424.56,94.16,100.75,0.8355,1,1
433,382,69.26,536.64,30.17,34.72,0.8102,1,1
433,383,450.03,147.14,38.82,39.11,0.7814,1,1
433,389,197.89,513.92,25.59,46.70,0.7936,1,1
433,447,317.92,225.54,45.77,48.94,0.7667,1,1
433,497,401.03,528.18,101.05,98.95,0.8677,1,1
433,505,984.54,49.42,27.83,31.34,0.5492,1,1
433,516,711.96,247.39,29.66,45.45,0.3700,1,1
433,517,683.44,179.41,40.48,21.81,0.6744,1,1
433,518,678.59,85.99,25.01,33.27,0.7183,1,1
433,524,952.43,63.35,21.26,19.33,0.5771,1,1
433,525,899.59,859.80,58.12,50.06,0.8304,1,1
433,526,78.74,402.22,31.46,35.68,0.4907,1,1
433,532,991.54,956.05,57.46,86.13,0.7569,1,1
433,535,968.87,89.93,19.61,18.50,0.3600,1,1
434,1,443.08,424.64,92.02,101.37,0.5315,1,1
434,2,1041.86,582.30,105.80,112.79,0.8954,1,1
434,5,442.06,115.70,50.28,35.03,0.8178,1,1
434,12,312.34,204.03,52.83,27.81,0.6150,1,1
434,16,649.76,52.13,52.45,32.48,0.5530,1,1
434,18,813.97,605.51,105.76,102.50,0.8953,1,1
434,27,700.61,199.60,86.09,65.57,0.8995,1,1
434,46,903.31,138.16,64.47,71.81,0.7943,1,1
434,176,643.85,836.22,163.68,158.80,0.7150,1,1
434,207,992.34,25.46,59.11,41.01,0.8758,1,1
434,258,939.22,1.23,15.97,14.03,0.3401,1,1
434,337,1456.64,0.00,35.30,31.55,0.6747,1,1
434,367,442.54,425.07,94.29,100.06,0.8443,1,1
434,382,64.42,537.60,30.84,38.17,0.8029,1,1
434,383,450.42,147.64,39.51,39.58,0.7755,1,1
434,389,195.86,514.30,25.33,43.77,0.8120,1,1
434,447,317.88,225.34,46.39,53.18,0.8561,1,1
434,481,315.88,196.51,48.64,31.99,0.3591,1,1
434,497,414.97,525.68,99.21,95.20,0.8949,1,1
434,505,985.92,50.78,26.11,29.36,0.5354,1,1
434,516,711.24,248.06,29.98,45.52,0.3479,1,1
434,517,682.48,180.40,39.65,21.09,0.2685,1,1
434,518,678.44,85.52,25.26,33.91,0.7297,1,1
434,524,950.93,62.70,22.01,20.12,0.3732,1,1
434,525,902.59,860.96,55.41,49.66,0.8452,1,1
434,526,78.23,401.93,32.74,36.12,0.4903,1,1
434,532,991.53,956.74,57.31,85.55,0.4066,1,1
434,535,963.30,91.21,24.08,22.83,0.2515,1,1
434,536,681.94,348.47,69.39,50.24,0.8109,1,1
435,1,443.17,424.40,91.76,100.66,0.5057,1,1
435,2,1040.62,577.14,106.95,116.15,0.9071,1,1
435,5,442.12,115.33,50.91,35.86,0.8125,1,1
435,12,312.38,204.52,53.55,28.38,0.6321,1,1
435,16,649.31,52.18,52.79,32.57,0.5517,1,1
435,18,824.90,608.44,100.25,100.22,0.9037,1,1
435,27,699.25,199.50,84.76,65.79,0.9019,1,1
435,46,903.56,137.98,65.22,72.47,0.7424,1,1
435,176,645.83,838.99,161.89,156.75,0.5885,1,1
435,207,992.15,24.75,58.20,41.30,0.8856,1,1
435,258,939.37,1.18,15.99,13.94,0.3692,1,1
435,337,1456.78,-0.00,35.06,31.56,0.7059,1,1
435,367,442.74,424.88,93.76,97.83,0.8474,1,1
435,382,58.01,541.15,28.08,36.48,0.7149,1,1
435,383,450.84,148.57,40.52,41.33,0.7844,1,1
435,389,194.32,514.75,25.47,41.98,0.7966,1,1
435,447,320.11,225.29,44.25,52.42,0.8635,1,1
435,481,315.48,196.07,50.33,32.87,0.4014,1,1
435,497,427.63,519.73,98.45,95.63,0.8974,1,1
435,505,985.40,50.32,26.09,29.25,0.2923,1,1
435,516,707.66,248.20,30.17,45.04,0.3030,1,1
435,517,683.30,178.66,41.82,22.08,0.6648,1,1
435,518,678.44,84.98,25.43,34.49,0.7284,1,1
435,524,950.57,62.12,22.68,20.94,0.2722,1,1
435,525,904.72,861.46,53.31,49.42,0.8487,1,1
435,526,77.90,401.79,33.69,36.16,0.5061,1,1
435,535,961.71,90.99,25.07,23.97,0.3804,1,1
435,536,683.54,346.63,68.46,49.67,0.7692,1,1
436,1,442.95,424.43,91.99,100.51,0.5117,1,1
436,2,1040.93,577.10,106.27,116.16,0.9072,1,1
436,5,442.24,115.32,50.61,35.89,0.8136,1,1
436,12,312.48,204.82,53.27,28.28,0.6316,1,1
436,16,649.04,52.20,53.19,32.74,0.5652,1,1
436,18,825.60,608.48,99.07,100.19,0.9038,1,1
436,27,699.54,199.50,84.15,65.80,0.9018,1,1
436,46,903.51,137.98,65.38,72.51,0.7543,1,1
436,176,645.83,839.19,162.20,156.73,0.6139,1,1
436,207,992.41,24.75,57.63,41.29,0.8851,1,1
436,258,939.29,1.21,16.06,13.89,0.3826,1,1
436,337,1456.85,0.01,34.88,31.54,0.7040,1,1
436,367,442.33,424.98,94.47,97.69,0.8477,1,1
436,382,58.07,541.40,26.86,36.39,0.7136,1,1
436,383,451.19,148.59,39.87,40.94,0.7841,1,1
436,389,193.87,514.75,26.22,41.96,0.7960,1,1
436,447,320.37,225.28,43.70,52.48,0.8632,1,1
436,481,315.31,196.23,50.60,32.87,0.3861,1,1
436,497,427.95,519.67,98.02,95.67,0.8973,1,1
436,505,985.13,50.26,26.09,29.17,0.2874,1,1
436,516,706.50,248.23,30.52,44.94,0.3029,1,1
436,517,682.02,180.45,40.78,21.24,0.2696,1,1
436,518,678.55,84.98,25.26,34.51,0.7320,1,1
436,524,950.48,62.04,22.68,21.14,0.2690,1,1
436,525,905.17,861.42,52.44,49.46,0.8489,1,1
436,526,77.60,401.89,34.34,36.11,0.4880,1,1
436,535,961.39,90.96,25.07,24.17,0.3755,1,1
436,536,683.59,346.57,68.36,49.68,0.7668,1,1
437,1,444.20,424.48,90.45,98.14,0.4499,1,1
437,2,1040.80,576.00,105.30,113.75,0.9060,1,1
437,5,443.26,115.05,52.07,37.89,0.8774,1,1
437,12,316.04,204.58,49.32,25.92,0.5706,1,1
437,16,649.12,51.93,52.66,32.26,0.5193,1,1
437,18,825.17,613.86,102.85,102.02,0.8991,1,1
437,27,698.19,200.05,83.38,65.61,0.9054,1,1
437,46,903.12,138.11,65.42,71.91,0.8153,1,1
437,176,646.89,840.07,161.23,155.52,0.5869,1,1
437,207,992.67,24.72,57.33,42.10,0.8885,1,1
437,258,939.12,1.18,16.21,13.87,0.3797,1,1
437,337,1456.94,-0.00,34.70,31.49,0.7054,1,1
437,367,442.83,424.98,94.30,95.39,0.8864,1,1
437,382,57.02,544.70,26.15,38.23,0.7900,1,1
437,383,452.23,150.10,39.51,41.18,0.8013,1,1
437,389,194.12,516.26,26.23,39.38,0.8091,1,1
437,447,321.41,224.86,43.21,51.27,0.8555,1,1
437,497,436.54,513.72,98.52,96.76,0.8614,1,1
437,505,988.77,51.28,24.99,28.09,0.2890,1,1
437,516,703.21,245.58,32.22,47.37,0.2540,1,1
437,518,678.75,85.13,24.81,34.09,0.6824,1,1
437,524,950.65,61.57,22.27,20.88,0.3282,1,1
437,525,906.56,862.77,50.49,46.93,0.8617,1,1
437,526,78.28,402.57,34.57,35.27,0.5590,1,1
437,535,960.86,91.47,24.32,23.79,0.6190,1,1
437,536,684.02,344.47,69.42,51.16,0.8114,1,1
437,541,314.35,207.67,48.93,29.56,0.6485,1,1
438,1,446.79,424.70,85.52,91.61,0.3550,1,1
438,2,1040.95,575.31,105.20,112.07,0.9077,1,1
438,5,444.65,115.80,52.37,39.73,0.8902,1,1
438,12,312.81,205.30,51.09,25.95,0.6342,1,1
438,16,649.40,52.06,51.48,31.25,0.5413,1,1
438,18,828.28,618.47,103.57,102.43,0.9141,1,1
438,27,696.42,199.93,83.90,65.88,0.9087,1,1
438,46,904.42,138.15,64.94,70.54,0.7830,1,1
438,176,652.60,843.73,155.16,149.68,0.4935,1,1
438,207,992.86,24.65,56.73,42.35,0.8833,1,1
438,258,939.89,1.36,15.92,13.53,0.3611,1,1
438,337,1457.02,-0.00,34.56,31.43,0.6949,1,1
438,367,443.93,425.97,91.92,89.81,0.8834,1,1
438,382,54.68,546.22,25.79,39.57,0.7822,1,1
438,383,454.45,153.24,38.20,40.18,0.8121,1,1
438,389,191.88,513.02,25.43,34.36,0.7892,1,1
438,447,322.46,224.81,44.14,51.89,0.8559,1,1
438,481,315.68,197.29,49.70,31.88,0.3188,1,1
438,497,446.67,511.28,98.89,93.70,0.8878,1,1
438,518,678.68,84.89,24.87,34.33,0.6321,1,1
438,524,950.33,60.70,22.51,21.33,0.4482,1,1
438,525,907.10,863.02,50.56,47.29,0.8545,1,1
438,526,77.84,401.96,35.85,35.86,0.5812,1,1
438,532,992.91,955.95,54.03,79.91,0.3243,1,1
438,535,961.14,90.87,24.00,23.44,0.3044,1,1
438,536,686.01,343.53,67.74,49.86,0.7485,1,1
438,541,311.98,207.86,53.28,31.82,0.6310,1,1
438,542,689.94,174.57,37.14,22.55,0.7410,1,1
439,2,1042.46,573.51,105.05,109.94,0.9052,1,1
439,5,445.93,116.49,52.61,40.80,0.8743,1,1
439,12,312.76,206.35,51.33,25.28,0.6338,1,1
439,16,649.49,52.09,51.24,30.79,0.5657,1,1
439,18,838.49,628.20,96.53,98.64,0.8915,1,1
439,27,694.83,201.20,84.94,65.18,0.9020,1,1
439,46,905.58,138.18,65.84,70.32,0.7377,1,1
439,207,993.86,24.52,55.68,41.96,0.8894,1,1
439,258,939.99,1.43,15.88,13.41,0.3263,1,1
439,337,1457.04,-0.00,34.52,31.43,0.6898,1,1
439,367,444.65,425.58,90.66,86.10,0.8645,1,1
439,382,54.07,548.84,23.94,37.96,0.8073,1,1
439,383,455.25,155.35,38.39,40.45,0.7576,1,1
439,389,188.02,512.03,26.23,31.81,0.7593,1,1
439,447,322.51,224.65,44.44,51.28,0.8830,1,1
439,481,315.78,196.95,50.41,32.20,0.3442,1,1
439,497,459.34,506.93,102.51,93.74,0.8966,1,1
439,511,731.19,667.74,37.85,53.53,0.7735,1,1
439,518,678.88,85.25,24.50,33.86,0.6118,1,1
439,524,950.29,60.26,22.46,21.70,0.5501,1,1
439,525,907.18,863.54,49.88,46.60,0.8588,1,1
439,526,77.79,402.32,36.02,35.47,0.5794,1,1
439,532,993.68,956.84,52.84,77.43,0.2893,1,1
439,535,965.00,89.26,20.05,19.46,0.2923,1,1
439,536,687.79,342.53,65.96,47.89,0.7575,1,1
439,542,690.52,174.54,36.91,22.39,0.7376,1,1
439,543,977.88,50.81,18.35,20.74,0.4392,1,1
440,2,1044.37,569.11,104.13,109.64,0.9077,1,1
440,5,446.33,115.86,53.39,42.42,0.8796,1,1
440,16,648.98,52.05,52.22,31.24,0.5739,1,1
440,18,841.45,634.57,94.78,97.73,0.9007,1,1
440,27,692.99,201.68,86.95,65.84,0.8985,1,1
440,46,905.92,138.19,66.66,70.51,0.6823,1,1
440,207,993.84,24.08,55.02,42.42,0.8860,1,1
440,258,939.96,1.48,15.92,13.35,0.3426,1,1
440,337,1457.06,-0.00,34.49,31.43,0.6863,1,1
440,367,444.65,424.83,89.64,84.07,0.8960,1,1
440,382,54.61,552.60,22.30,36.32,0.7904,1,1
440,383,456.73,157.09,36.32,37.59,0.6745,1,1
440,389,183.15,511.76,28.65,31.25,0.7657,1,1
440,447,323.35,224.60,44.03,50.23,0.8946,1,1
440,481,314.10,199.19,51.52,32.84,0.4602,1,1
440,497,470.44,498.57,107.41,97.07,0.8839,1,1
440,511,738.74,666.41,37.22,51.56,0.5363,1,1
440,518,678.93,85.17,24.45,33.85,0.5922,1,1
440,524,950.16,60.18,22.28,21.96,0.5631,1,1
440,525,907.76,864.34,48.62,45.59,0.8624,1,1
440,526,78.75,404.16,34.86,33.77,0.5359,1,1
440,532,995.56,958.94,51.92,75.13,0.2542,1,1
440,536,688.52,341.89,66.99,47.78,0.7940,1,1
440,541,311.06,206.98,55.22,33.17,0.6805,1,1
440,542,690.31,174.56,36.18,21.78,0.7370,1,1
440,543,976.90,50.54,18.46,21.16,0.4406,1,1
440,544,957.32,95.75,19.45,22.37,0.6112,1,1
440,549,552.70,856.94,39.92,52.75,0.4672,1,1
441,2,1046.94,565.02,102.80,109.09,0.9026,1,1
441,5,446.40,115.80,52.91,42.77,0.8798,1,1
441,16,649.72,51.80,51.55,30.59,0.5473,1,1
441,18,850.03,644.71,88.38,93.19,0.8977,1,1
441,27,691.05,202.84,87.54,65.42,0.9048,1,1
441,46,905.42,138.34,67.32,70.66,0.7820,1,1
441,207,993.72,24.63,52.74,41.34,0.8271,1,1
441,258,940.00,1.45,15.95,13.28,0.3507,1,1
441,337,1457.08,0.00,34.44,31.41,0.6831,1,1
441,367,443.83,424.19,91.37,86.99,0.8630,1,1
441,382,55.44,558.94,22.45,36.85,0.8064,1,1
441,383,456.54,157.84,36.15,36.29,0.7471,1,1
441,389,182.96,514.98,26.14,27.20,0.5906,1,1
441,447,324.49,224.45,42.39,48.25,0.8932,1,1
441,481,314.60,199.63,51.65,32.71,0.5986,1,1
441,497,480.38,497.05,101.38,91.07,0.8918,1,1
441,511,745.12,662.04,36.15,49.74,0.4075,1,1
441,518,679.05,85.48,24.15,33.44,0.4981,1,1
441,524,950.81,59.96,21.53,21.65,0.5552,1,1
441,525,907.96,864.35,48.36,45.56,0.8655,1,1
441,526,78.72,405.36,35.24,33.62,0.6889,1,1
441,536,690.56,340.92,66.90,46.85,0.7635,1,1
441,541,311.34,205.82,55.67,33.65,0.6880,1,1
441,542,691.11,173.91,36.25,21.63,0.7673,1,1
441,543,976.49,50.01,18.09,21.04,0.4870,1,1
441,544,957.41,98.14,18.20,21.02,0.4726,1,1
441,549,560.82,849.29,40.75,51.75,0.7786,1,1
442,2,1047.10,565.01,102.49,109.06,0.9025,1,1
442,5,446.61,115.78,52.52,42.78,0.8800,1,1
442,16,649.64,51.78,51.72,30.48,0.5470,1,1
442,18,850.84,644.82,87.28,93.10,0.8974,1,1
442,27,690.83,202.85,87.94,65.41,0.9047,1,1
442,46,905.25,138.36,67.61,70.63,0.7808,1,1
442,207,994.00,24.64,52.09,41.32,0.8272,1,1
442,258,939.88,1.47,16.03,13.27,0.3506,1,1
442,337,1457.06,0.01,34.42,31.41,0.6834,1,1
442,367,444.15,424.20,90.67,87.08,0.8658,1,1
442,382,55.51,559.16,22.35,36.86,0.8070,1,1
442,383,456.23,157.88,36.76,36.17,0.7451,1,1
442,389,178.43,514.07,26.35,27.49,0.2785,1,1
442,447,324.49,224.51,42.41,48.18,0.8933,1,1
442,481,314.45,199.59,51.98,32.80,0.6100,1,1
442,497,480.36,496.97,101.52,91.11,0.8913,1,1
442,511,746.07,661.23,36.11,49.37,0.4138,1,1
442,518,679.01,85.57,24.07,33.34,0.4988,1,1
442,524,951.00,59.96,21.15,21.59,0.5567,1,1
442,525,908.01,864.35,48.26,45.57,0.8653,1,1
442,526,78.55,405.44,35.56,33.63,0.6890,1,1
442,536,690.23,340.88,67.68,46.83,0.7616,1,1
442,541,311.42,205.54,55.61,33.76,0.6916,1,1
442,542,691.02,173.88,36.45,21.63,0.7668,1,1
442,543,976.49,49.95,17.83,21.01,0.4873,1,1
442,544,957.44,98.48,17.97,20.83,0.4709,1,1
442,549,560.62,849.10,41.60,51.69,0.7784,1,1
443,1,448.19,424.10,82.81,87.45,0.2543,1,1
443,2,1048.24,559.22,103.51,109.90,0.9156,1,1
443,5,446.27,115.68,52.52,43.09,0.8755,1,1
443,16,649.34,51.87,53.12,31.34,0.6125,1,1
443,18,851.84,652.13,86.67,92.96,0.8898,1,1
443,27,690.45,203.36,88.22,65.75,0.9052,1,1
443,46,905.61,138.50,68.62,70.44,0.8210,1,1
443,207,993.67,24.25,51.58,41.53,0.8000,1,1
443,258,939.82,1.49,16.23,13.37,0.3433,1,1
443,337,1457.06,-0.00,34.50,31.48,0.6803,1,1
443,367,443.95,424.92,90.01,86.61,0.5099,1,1
443,382,56.41,562.83,24.21,40.54,0.8272,1,1
443,383,454.92,156.63,38.50,38.11,0.7784,1,1
443,447,325.36,223.98,41.92,48.62,0.8940,1,1
443,497,489.47,488.20,102.55,96.03,0.9173,1,1
443,518,678.85,84.77,24.58,34.07,0.5508,1,1
443,524,951.95,59.48,20.55,21.26,0.5691,1,1
443,525,908.08,864.13,49.10,46.71,0.8636,1,1
443,526,78.80,405.87,36.34,34.05,0.7394,1,1
443,534,541.74,298.77,22.86,33.00,0.2874,1,1
443,536,691.71,337.62,71.35,49.94,0.5887,1,1
443,541,310.98,200.91,56.07,34.56,0.5822,1,1
443,542,688.59,173.52,37.03,22.29,0.7765,1,1
443,543,976.40,49.80,17.13,20.24,0.5980,1,1
443,544,957.25,99.83,17.11,19.88,0.4315,1,1
443,549,565.66,842.63,42.34,50.54,0.8244,1,1
443,550,475.01,318.90,26.79,39.36,0.3145,1,1
443,552,309.50,203.63,56.04,40.82,0.7411,1,1
443,553,181.94,522.84,33.62,21.41,0.6044,1,1
444,2,1048.16,551.73,107.16,111.48,0.9270,1,1
444,5,445.77,115.71,51.31,41.68,0.8823,1,1
444,16,649.50,51.76,53.40,31.62,0.6309,1,1
444,18,855.14,661.09,84.24,87.93,0.8881,1,1
444,27,689.67,203.37,89.35,67.67,0.9040,1,1
444,46,906.98,138.87,70.92,70.91,0.7707,1,1
444,207,993.87,25.61,49.35,39.96,0.5582,1,1
444,258,939.77,1.50,16.27,13.30,0.3517,1,1
444,337,1457.02,-0.00,34.46,31.39,0.6678,1,1
444,367,440.03,425.12,95.65,92.82,0.3905,1,1
444,382,57.93,567.82,24.94,43.41,0.8267,1,1
444,383,453.29,154.15,39.10,39.22,0.7836,1,1
444,447,325.84,223.54,41.58,48.69,0.8827,1,1
444,497,498.61,482.59,100.14,94.76,0.9090,1,1
444,518,678.68,84.16,24.96,34.70,0.5712,1,1
444,524,952.06,58.41,20.46,21.49,0.4752,1,1
444,525,908.00,864.14,48.67,46.08,0.8635,1,1
444,526,77.96,406.49,37.22,34.37,0.6956,1,1
444,536,697.13,338.11,69.11,49.27,0.6827,1,1
444,541,308.89,202.68,58.87,37.39,0.7045,1,1
444,542,687.20,172.85,36.18,22.09,0.7845,1,1
444,543,975.23,49.43,17.62,20.64,0.5583,1,1
444,549,569.32,841.74,42.03,47.85,0.8745,1,1
444,554,105.03,627.29,22.81,37.12,0.5007,1,1
445,2,1048.41,547.41,108.59,112.28,0.9234,1,1
445,5,444.43,115.30,50.54,40.30,0.8947,1,1
445,16,650.13,51.70,53.13,31.53,0.5950,1,1
445,18,844.68,667.36,93.46,87.32,0.8942,1,1
445,27,689.47,203.52,88.23,68.72,0.8993,1,1
445,46,906.14,138.87,73.26,71.72,0.8301,1,1
445,207,992.03,22.92,51.85,43.11,0.6593,1,1
445,258,940.10,1.48,16.38,13.31,0.3460,1,1
445,337,1456.97,-0.00,34.53,31.40,0.6656,1,1
445,367,439.19,425.06,96.31,94.95,0.5064,1,1
445,382,61.82,575.46,27.04,45.45,0.8034,1,1
445,383,452.19,152.59,38.84,39.51,0.8041,1,1
445,447,326.29,222.58,41.88,50.08,0.8813,1,1
445,497,506.53,480.16,98.01,91.21,0.9061,1,1
445,511,762.08,657.88,35.29,48.43,0.8014,1,1
445,518,678.72,84.06,25.08,34.91,0.5473,1,1
445,524,952.94,58.24,19.55,20.60,0.2785,1,1
445,525,909.16,865.61,48.04,44.39,0.8791,1,1
445,526,77.90,407.40,36.99,34.12,0.3599,1,1
445,536,696.84,327.02,74.40,58.34,0.8080,1,1
445,541,309.22,201.32,58.82,38.92,0.7483,1,1
445,542,685.17,173.22,38.25,23.37,0.3213,1,1
445,543,975.23,49.54,17.43,20.14,0.6721,1,1
445,549,568.79,838.76,42.88,49.45,0.8662,1,1
445,554,104.74,625.56,23.23,38.38,0.5658,1,1
446,2,1050.24,542.72,111.30,111.67,0.9197,1,1
446,5,442.63,114.22,50.86,40.13,0.8791,1,1
446,16,650.09,51.48,53.19,31.60,0.6286,1,1
446,18,850.37,673.13,91.94,85.18,0.8609,1,1
446,27,689.36,203.18,88.11,70.55,0.8965,1,1
446,46,905.49,138.74,74.63,73.38,0.8419,1,1
446,207,991.76,22.91,51.20,42.87,0.3167,1,1
446,258,940.11,1.42,16.20,13.08,0.3086,1,1
446,337,1456.86,0.03,34.63,31.42,0.6343,1,1
446,367,439.53,424.50,95.55,95.22,0.3949,1,1
446,382,64.12,580.32,32.89,55.39,0.5159,1,1
446,383,451.80,150.79,37.22,37.08,0.7967,1,1
446,447,327.05,221.39,42.29,51.84,0.8698,1,1
446,497,511.20,477.27,98.57,90.86,0.8804,1,1
446,511,767.65,656.37,35.88,48.79,0.4687,1,1
446,518,678.41,83.90,25.51,35.39,0.5363,1,1
446,525,909.00,865.89,48.10,44.25,0.8746,1,1
446,526,76.81,407.56,38.00,34.90,0.3948,1,1
446,536,700.54,323.33,74.33,61.05,0.8001,1,1
446,541,311.51,201.20,56.56,37.23,0.7239,1,1
446,542,686.10,171.42,37.43,23.84,0.7460,1,1
446,543,975.25,49.11,17.68,20.33,0.6776,1,1
446,549,566.56,833.28,45.89,53.30,0.8695,1,1
446,554,104.92,625.90,22.84,37.92,0.6009,1,1
446,556,716.34,277.37,77.33,108.29,0.4438,1,1
446,557,992.54,23.24,50.40,42.27,0.5943,1,1
447,2,1052.08,535.67,114.26,111.81,0.9211,1,1
447,5,441.74,113.11,50.45,38.97,0.8516,1,1
447,16,650.85,51.59,52.84,31.25,0.5903,1,1
447,18,852.66,676.34,90.47,82.98,0.8269,1,1
447,27,690.72,203.50,84.47,71.20,0.8978,1,1
447,46,905.58,139.20,75.21,74.31,0.8489,1,1
447,258,940.37,1.38,16.20,12.98,0.3124,1,1
447,337,1456.46,0.08,35.71,32.44,0.6964,1,1
447,382,69.45,589.45,31.19,52.21,0.7556,1,1
447,383,449.99,149.42,37.51,36.70,0.8059,1,1
447,447,327.30,220.71,42.54,51.84,0.8802,1,1
447,497,515.68,470.98,100.87,92.81,0.8283,1,1
447,511,771.34,653.86,35.56,49.74,0.8330,1,1
447,518,678.55,83.72,25.88,35.77,0.4459,1,1
447,525,908.48,865.76,49.27,45.05,0.8645,1,1
447,536,708.53,323.90,69.64,57.34,0.4160,1,1
447,541,312.16,200.87,57.67,38.58,0.7315,1,1
447,542,684.26,171.08,37.68,24.86,0.6849,1,1
447,543,975.48,49.57,16.74,18.99,0.5768,1,1
447,549,563.34,830.57,45.61,53.06,0.8448,1,1
447,554,105.13,625.44,22.55,37.53,0.5575,1,1
447,556,717.80,278.32,78.68,103.44,0.5973,1,1
447,557,993.31,23.58,47.69,40.96,0.7271,1,1
448,2,1051.67,535.63,115.10,111.82,0.9211,1,1
448,5,441.42,113.10,51.00,38.94,0.8504,1,1
448,16,650.84,51.63,52.95,31.20,0.5898,1,1
448,18,852.43,676.28,91.06,83.08,0.8225,1,1
448,27,691.57,203.50,82.75,71.20,0.8978,1,1
448,46,905.67,139.22,75.03,74.31,0.8485,1,1
448,258,940.31,1.43,16.29,12.96,0.3138,1,1
448,337,1456.42,0.11,35.77,32.51,0.6964,1,1
448,382,69.65,589.94,31.21,52.04,0.7555,1,1
448,383,449.72,149.41,37.89,36.70,0.8048,1,1
448,447,327.25,220.70,42.64,51.85,0.8803,1,1
448,497,515.69,470.83,101.05,92.85,0.8314,1,1
448,511,771.57,653.83,35.23,49.73,0.8328,1,1
448,518,678.48,83.73,26.02,35.84,0.4454,1,1
448,525,908.51,865.85,49.33,45.02,0.8651,1,1
448,536,710.58,324.28,68.12,56.27,0.4171,1,1
448,541,312.46,200.87,57.18,38.68,0.7315,1,1
448,542,684.56,171.07,36.75,24.95,0.6850,1,1
448,543,975.41,49.65,16.80,18.84,0.5801,1,1
448,549,563.28,830.53,45.57,53.05,0.8447,1,1
448,554,105.14,625.42,22.46,37.46,0.5568,1,1
448,556,715.99,278.40,82.57,103.02,0.5983,1,1
448,557,993.50,23.63,46.91,40.86,0.7255,1,1
449,2,1052.35,531.39,115.79,110.34,0.9165,1,1
449,5,440.15,112.96,51.24,38.34,0.8187,1,1
449,16,650.90,51.58,53.41,31.43,0.6086,1,1
449,18,857.61,679.36,87.39,80.65,0.8796,1,1
449,27,691.16,203.13,82.22,72.82,0.8975,1,1
449,46,906.03,138.92,75.97,74.50,0.8604,1,1
449,207,992.60,23.14,48.71,41.18,0.5373,1,1
449,258,940.43,1.32,16.34,12.88,0.2915,1,1
449,337,1456.40,0.09,35.84,32.58,0.6954,1,1
449,382,71.35,593.53,30.16,50.16,0.7836,1,1
449,383,447.88,147.65,38.23,37.13,0.7922,1,1
449,447,329.68,218.94,42.17,52.62,0.8810,1,1
449,497,521.38,470.29,97.18,89.02,0.4433,1,1
449,511,777.77,654.59,34.25,48.24,0.6247,1,1
449,518,678.46,83.50,26.31,36.13,0.4033,1,1
449,524,954.24,57.26,18.59,19.63,0.3417,1,1
449,525,908.87,865.08,50.46,46.28,0.8655,1,1
449,541,313.38,199.98,57.16,38.83,0.7398,1,1
449,542,680.65,170.35,38.08,26.30,0.4295,1,1
449,543,975.39,49.06,17.17,19.18,0.5760,1,1
449,549,558.08,826.06,45.57,55.03,0.8443,1,1
449,554,105.62,625.51,22.02,36.67,0.6411,1,1
449,556,716.53,279.23,80.20,99.92,0.6938,1,1
449,557,993.58,23.19,47.19,41.14,0.3905,1,1
449,563,913.99,80.63,21.54,18.92,0.2985,1,1
449,565,833.13,0.32,60.34,31.52,0.3119,1,1
449,567,677.93,173.89,35.03,25.13,0.7015,1,1
449,569,514.17,300.95,23.71,36.02,0.7628,1,1
450,2,1053.99,526.44,116.87,108.69,0.9190,1,1
450,5,438.51,114.27,50.88,37.36,0.8214,1,1
450,16,652.57,51.24,51.84,30.31,0.4779,1,1
450,18,857.76,678.29,88.72,81.30,0.8763,1,1
450,27,691.06,203.83,80.75,74.27,0.9016,1,1
450,46,905.45,139.12,75.66,75.22,0.8573,1,1
450,337,1456.35,0.07,35.90,32.61,0.6926,1,1
450,382,70.92,595.84,34.13,58.86,0.7834,1,1
450,383,446.51,145.55,38.03,37.62,0.8165,1,1
450,447,333.30,220.05,39.59,50.59,0.8957,1,1
450,497,522.89,467.86,96.26,87.63,0.5008,1,1
450,511,783.38,651.34,35.99,50.81,0.5191,1,1
450,524,956.56,57.66,18.08,18.71,0.3220,1,1
450,525,908.70,864.52,50.86,46.84,0.8607,1,1
450,526,74.31,409.57,40.02,37.05,0.3505,1,1
450,541,313.70,199.04,58.21,39.97,0.7202,1,1
450,542,682.81,168.27,33.00,24.39,0.6703,1,1
450,543,975.84,48.86,18.25,20.66,0.5535,1,1
450,549,552.83,823.20,43.54,53.68,0.8502,1,1
450,554,106.88,626.86,21.07,34.74,0.7584,1,1
450,557,993.60,23.18,47.10,40.71,0.6380,1,1
450,563,905.62,79.23,23.86,21.34,0.5403,1,1
450,569,510.70,296.77,23.54,37.01,0.7440,1,1
451,2,1053.59,526.43,117.70,108.66,0.9195,1,1
451,5,438.17,114.27,51.48,37.41,0.8179,1,1
451,16,652.77,51.23,51.72,30.06,0.4756,1,1
451,18,857.57,678.27,89.02,81.30,0.8763,1,1
451,27,691.61,203.84,79.61,74.29,0.9015,1,1
451,46,905.69,139.12,75.16,75.26,0.8583,1,1
451,337,1456.32,0.09,35.91,32.61,0.6928,1,1
451,382,71.46,596.24,33.04,57.45,0.7888,1,1
451,383,446.65,145.50,37.65,37.60,0.8174,1,1
451,447,333.52,220.09,39.21,50.54,0.8957,1,1
451,497,522.74,467.46,96.68,87.45,0.4934,1,1
451,511,784.21,650.86,36.19,51.22,0.5187,1,1
451,524,956.86,57.88,18.22,18.55,0.3498,1,1
451,525,908.77,864.53,50.78,46.81,0.8605,1,1
451,526,74.20,409.72,39.92,37.19,0.3475,1,1
451,541,314.03,198.96,57.67,39.89,0.7193,1,1
451,542,683.64,168.13,31.21,24.23,0.6687,1,1
451,543,976.08,48.83,18.22,20.89,0.5383,1,1
451,549,552.94,823.14,43.05,53.66,0.8502,1,1
451,554,106.87,626.93,21.13,34.67,0.7562,1,1
451,557,993.42,23.20,47.39,40.68,0.6369,1,1
451,563,904.86,79.14,23.70,21.56,0.5465,1,1
451,569,510.79,296.56,22.99,37.07,0.7436,1,1
451,570,751.46,574.13,43.93,46.14,0.4601,1,1
