2,1,1232.00,325.00,66.00,48.00,0.9431,1,1
2,2,1266.00,264.00,61.00,35.00,0.9164,1,1
2,3,925.00,139.00,22.00,25.00,0.8791,1,1
2,4,908.00,120.00,45.00,23.00,0.8694,1,1
2,5,1406.00,491.00,54.00,37.00,0.6336,1,1
2,6,952.00,212.00,22.00,17.00,0.4193,1,1
3,1,1237.00,327.00,64.00,47.00,0.9406,1,1
3,2,1266.00,264.00,62.00,35.00,0.9097,1,1
3,3,925.00,140.00,22.00,24.00,0.8839,1,1
3,4,909.00,120.00,44.00,23.00,0.8781,1,1
3,5,1406.00,493.00,56.00,38.00,0.4560,1,1
3,6,949.00,213.00,25.00,20.00,0.4929,1,1
4,1,1240.00,329.00,66.00,46.00,0.9381,1,1
4,2,1267.00,264.00,60.00,35.00,0.9141,1,1
4,3,925.00,140.00,22.00,24.00,0.8883,1,1
4,4,909.00,120.00,45.00,23.00,0.8791,1,1
4,5,1405.00,493.00,59.00,37.00,0.5686,1,1
4,6,947.00,214.00,27.00,22.00,0.4929,1,1
5,1,1246.00,329.00,65.00,46.00,0.9376,1,1
5,2,1268.00,262.00,58.00,37.00,0.9050,1,1
5,3,925.00,140.00,22.00,24.00,0.8897,1,1
5,4,909.00,120.00,46.00,23.00,0.8872,1,1
5,5,1402.00,497.00,60.00,37.00,0.5449,1,1
6,1,1246.00,329.00,65.00,46.00,0.9376,1,1
6,2,1268.00,262.00,58.00,37.00,0.9059,1,1
6,3,925.00,140.00,22.00,24.00,0.8893,1,1
6,4,909.00,120.00,46.00,23.00,0.8871,1,1
6,5,1402.00,497.00,60.00,37.00,0.4907,1,1
7,1,1255.00,332.00,64.00,44.00,0.9292,1,1
7,2,1268.00,261.00,56.00,38.00,0.8988,1,1
7,3,925.00,140.00,22.00,25.00,0.8895,1,1
7,4,908.00,120.00,46.00,23.00,0.8901,1,1
7,5,1402.00,499.00,59.00,36.00,0.4907,1,1
8,1,1259.00,334.00,64.00,44.00,0.9313,1,1
8,2,1269.00,260.00,54.00,37.00,0.9050,1,1
8,3,925.00,140.00,22.00,25.00,0.8891,1,1
8,4,908.00,120.00,46.00,23.00,0.8914,1,1
9,1,1263.00,335.00,65.00,45.00,0.9471,1,1
9,2,1270.00,260.00,53.00,36.00,0.9154,1,1
9,3,924.00,140.00,23.00,25.00,0.8871,1,1
9,4,908.00,120.00,45.00,24.00,0.8943,1,1
10,1,1267.00,336.00,66.00,45.00,0.9412,1,1
10,2,1272.00,259.00,53.00,37.00,0.9079,1,1
10,3,925.00,140.00,22.00,25.00,0.8903,1,1
10,4,908.00,120.00,45.00,24.00,0.9023,1,1
11,1,1271.00,337.00,67.00,46.00,0.9370,1,1
11,2,1272.00,258.00,55.00,35.00,0.9074,1,1
11,3,924.00,141.00,22.00,24.00,0.8854,1,1
11,4,908.00,120.00,45.00,23.00,0.8996,1,1
12,1,1271.00,337.00,67.00,45.00,0.9368,1,1
12,2,1272.00,258.00,55.00,35.00,0.9096,1,1
12,3,924.00,141.00,22.00,24.00,0.8845,1,1
12,4,908.00,120.00,45.00,23.00,0.8989,1,1
13,1,1278.00,340.00,66.00,45.00,0.9389,1,1
13,2,1274.00,256.00,53.00,33.00,0.9237,1,1
13,3,924.00,141.00,22.00,24.00,0.8821,1,1
13,4,909.00,120.00,44.00,24.00,0.8974,1,1
13,6,1291.00,285.00,28.00,29.00,0.2808,1,1
14,1,1281.00,341.00,66.00,46.00,0.9414,1,1
14,2,1274.00,256.00,56.00,33.00,0.9238,1,1
14,3,924.00,141.00,23.00,24.00,0.8689,1,1
14,4,909.00,120.00,45.00,24.00,0.8714,1,1
14,6,1321.00,291.00,29.00,31.00,0.2808,1,1
15,1,1284.00,342.00,65.00,46.00,0.9417,1,1
15,2,1274.00,256.00,56.00,33.00,0.9242,1,1
15,3,924.00,141.00,23.00,24.00,0.8724,1,1
15,4,909.00,120.00,44.00,24.00,0.8746,1,1
16,1,1288.00,343.00,64.00,46.00,0.9406,1,1
16,2,1275.00,255.00,55.00,35.00,0.9263,1,1
16,3,924.00,142.00,23.00,23.00,0.8763,1,1
16,4,909.00,120.00,44.00,25.00,0.8828,1,1
16,6,1210.00,334.00,18.00,35.00,0.3016,1,1
17,1,1289.00,343.00,65.00,46.00,0.9441,1,1
17,2,1275.00,253.00,57.00,36.00,0.9271,1,1
17,3,924.00,142.00,22.00,23.00,0.8743,1,1
17,4,908.00,120.00,43.00,25.00,0.8884,1,1
17,6,1206.00,333.00,21.00,41.00,0.6351,1,1
18,1,1289.00,343.00,65.00,46.00,0.9442,1,1
18,2,1275.00,253.00,57.00,36.00,0.9273,1,1
18,3,924.00,142.00,22.00,23.00,0.8732,1,1
18,4,908.00,120.00,43.00,25.00,0.8890,1,1
18,6,1206.00,333.00,21.00,41.00,0.6354,1,1
19,1,1293.00,344.00,65.00,47.00,0.9439,1,1
19,2,1275.00,251.00,59.00,36.00,0.9299,1,1
19,3,922.00,143.00,23.00,22.00,0.8523,1,1
19,4,908.00,120.00,42.00,25.00,0.8957,1,1
19,5,1294.00,281.00,27.00,31.00,0.3220,1,1
19,6,1200.00,335.00,26.00,41.00,0.3398,1,1
20,1,1295.00,344.00,65.00,47.00,0.9429,1,1
20,2,1273.00,250.00,61.00,36.00,0.9319,1,1
20,3,922.00,143.00,22.00,22.00,0.8468,1,1
20,4,907.00,120.00,42.00,26.00,0.8920,1,1
20,5,1286.00,267.00,26.00,30.00,0.3220,1,1
20,6,1211.00,341.00,27.00,43.00,0.3398,1,1
21,1,1296.00,345.00,65.00,47.00,0.9402,1,1
21,2,1272.00,250.00,61.00,35.00,0.9335,1,1
21,3,921.00,144.00,21.00,22.00,0.8362,1,1
21,4,907.00,121.00,42.00,26.00,0.8936,1,1
21,6,1321.00,384.00,33.00,35.00,0.7665,1,1
21,8,944.00,206.00,24.00,14.00,0.6063,1,1
22,1,1299.00,345.00,63.00,48.00,0.9353,1,1
22,2,1273.00,247.00,61.00,38.00,0.9241,1,1
22,3,920.00,144.00,22.00,22.00,0.8363,1,1
22,4,907.00,121.00,42.00,26.00,0.8927,1,1
22,6,1323.00,384.00,32.00,36.00,0.7140,1,1
22,8,944.00,204.00,24.00,13.00,0.7049,1,1
23,1,1300.00,345.00,63.00,47.00,0.9401,1,1
23,2,1270.00,245.00,63.00,40.00,0.9249,1,1
23,3,920.00,144.00,22.00,21.00,0.8278,1,1
23,4,907.00,120.00,42.00,27.00,0.8928,1,1
23,6,1324.00,384.00,31.00,37.00,0.7069,1,1
23,8,944.00,203.00,23.00,13.00,0.7049,1,1
23,9,1183.00,377.00,22.00,29.00,0.4660,1,1
24,1,1301.00,345.00,62.00,47.00,0.9403,1,1
24,2,1271.00,245.00,61.00,39.00,0.9256,1,1
24,3,920.00,144.00,22.00,21.00,0.8266,1,1
24,4,907.00,120.00,42.00,27.00,0.8939,1,1
24,6,1324.00,384.00,31.00,37.00,0.7089,1,1
24,9,1183.00,377.00,22.00,31.00,0.3806,1,1
25,1,1302.00,345.00,65.00,47.00,0.9443,1,1
25,2,1265.00,243.00,57.00,33.00,0.9231,1,1
25,3,916.00,145.00,25.00,23.00,0.8455,1,1
25,4,907.00,121.00,39.00,27.00,0.8714,1,1
25,6,1326.00,383.00,31.00,38.00,0.6274,1,1
25,9,1181.00,380.00,21.00,30.00,0.5751,1,1
26,1,1302.00,345.00,65.00,47.00,0.9441,1,1
26,2,1261.00,242.00,58.00,32.00,0.9276,1,1
26,3,915.00,145.00,24.00,24.00,0.8458,1,1
26,4,906.00,123.00,38.00,25.00,0.8746,1,1
26,6,1326.00,384.00,31.00,38.00,0.7741,1,1
26,9,1180.00,380.00,21.00,32.00,0.5751,1,1
27,1,1303.00,345.00,65.00,47.00,0.9444,1,1
27,2,1259.00,239.00,57.00,33.00,0.9262,1,1
27,3,914.00,146.00,25.00,22.00,0.8172,1,1
27,4,906.00,123.00,37.00,25.00,0.8784,1,1
27,6,1327.00,384.00,30.00,38.00,0.7757,1,1
27,9,1178.00,382.00,20.00,31.00,0.7925,1,1
28,1,1303.00,344.00,66.00,48.00,0.9447,1,1
28,2,1256.00,236.00,56.00,34.00,0.9314,1,1
28,3,914.00,145.00,24.00,22.00,0.8347,1,1
28,4,905.00,123.00,36.00,25.00,0.8867,1,1
28,6,1329.00,383.00,28.00,39.00,0.7538,1,1
28,9,1177.00,380.00,20.00,31.00,0.8079,1,1
29,1,1305.00,343.00,65.00,48.00,0.9418,1,1
29,2,1253.00,233.00,55.00,35.00,0.9295,1,1
29,3,913.00,145.00,25.00,21.00,0.6610,1,1
29,4,905.00,123.00,35.00,26.00,0.8780,1,1
29,6,1331.00,382.00,27.00,39.00,0.6187,1,1
29,8,944.00,210.00,24.00,12.00,0.6457,1,1
29,9,1177.00,379.00,20.00,31.00,0.7546,1,1
30,1,1305.00,343.00,65.00,48.00,0.9416,1,1
30,2,1253.00,233.00,55.00,35.00,0.9295,1,1
30,3,913.00,145.00,25.00,21.00,0.6597,1,1
30,4,905.00,123.00,35.00,26.00,0.8779,1,1
30,6,1331.00,382.00,27.00,39.00,0.6207,1,1
30,8,944.00,210.00,24.00,12.00,0.6509,1,1
30,9,1177.00,378.00,20.00,32.00,0.7545,1,1
31,1,1307.00,342.00,66.00,48.00,0.9407,1,1
31,2,1248.00,229.00,53.00,36.00,0.9287,1,1
31,3,910.00,145.00,24.00,22.00,0.8050,1,1
31,4,901.00,124.00,35.00,25.00,0.8600,1,1
31,5,942.00,213.00,27.00,16.00,0.7690,1,1
31,6,1334.00,380.00,27.00,40.00,0.3884,1,1
31,8,944.00,211.00,24.00,11.00,0.6509,1,1
31,9,1176.00,378.00,18.00,31.00,0.4699,1,1
32,1,1307.00,342.00,67.00,47.00,0.9393,1,1
32,2,1245.00,227.00,51.00,38.00,0.9306,1,1
32,3,909.00,145.00,23.00,22.00,0.8317,1,1
32,4,900.00,124.00,34.00,26.00,0.8706,1,1
32,5,943.00,213.00,26.00,15.00,0.7525,1,1
32,6,1342.00,383.00,27.00,40.00,0.3884,1,1
32,9,1176.00,377.00,17.00,32.00,0.4410,1,1
33,1,1306.00,341.00,70.00,47.00,0.9439,1,1
33,2,1243.00,225.00,52.00,41.00,0.9347,1,1
33,3,909.00,146.00,23.00,21.00,0.7993,1,1
33,4,900.00,124.00,34.00,26.00,0.8699,1,1
33,5,923.00,208.00,25.00,13.00,0.7525,1,1
33,6,1333.00,379.00,28.00,41.00,0.3866,1,1
33,8,943.00,213.00,26.00,13.00,0.7318,1,1
33,9,1175.00,377.00,17.00,32.00,0.4410,1,1
34,1,1307.00,339.00,69.00,48.00,0.9445,1,1
34,2,1241.00,222.00,47.00,42.00,0.9369,1,1
34,3,909.00,146.00,22.00,21.00,0.7941,1,1
34,4,899.00,124.00,35.00,26.00,0.8684,1,1
34,6,1339.00,382.00,28.00,41.00,0.3866,1,1
34,8,941.00,211.00,26.00,14.00,0.7443,1,1
35,1,1308.00,337.00,69.00,47.00,0.9484,1,1
35,2,1240.00,221.00,46.00,43.00,0.9308,1,1
35,3,907.00,146.00,24.00,21.00,0.7255,1,1
35,4,899.00,124.00,35.00,26.00,0.8662,1,1
35,8,940.00,209.00,25.00,14.00,0.7640,1,1
36,1,1308.00,337.00,69.00,47.00,0.9484,1,1
36,2,1240.00,221.00,46.00,43.00,0.9313,1,1
36,3,907.00,146.00,24.00,21.00,0.7303,1,1
36,4,899.00,124.00,35.00,26.00,0.8668,1,1
36,8,940.00,209.00,25.00,14.00,0.7580,1,1
37,1,1310.00,335.00,67.00,44.00,0.9488,1,1
37,2,1235.00,219.00,46.00,44.00,0.9349,1,1
37,3,902.00,147.00,24.00,23.00,0.6815,1,1
37,4,896.00,126.00,35.00,26.00,0.8860,1,1
37,8,941.00,209.00,24.00,14.00,0.6677,1,1
38,1,1310.00,333.00,67.00,45.00,0.9313,1,1
38,2,1233.00,218.00,47.00,44.00,0.9307,1,1
38,3,900.00,147.00,25.00,23.00,0.3818,1,1
38,4,895.00,126.00,36.00,26.00,0.8923,1,1
38,8,942.00,209.00,24.00,14.00,0.6901,1,1
39,1,1310.00,331.00,68.00,46.00,0.9402,1,1
39,2,1231.00,216.00,48.00,45.00,0.9289,1,1
39,3,900.00,148.00,24.00,22.00,0.7577,1,1
39,4,894.00,126.00,36.00,26.00,0.8941,1,1
39,8,941.00,211.00,26.00,13.00,0.7850,1,1
40,1,1310.00,330.00,67.00,44.00,0.9407,1,1
40,2,1230.00,214.00,47.00,46.00,0.9285,1,1
40,3,899.00,148.00,23.00,23.00,0.5635,1,1
40,4,891.00,127.00,37.00,26.00,0.8974,1,1
40,8,938.00,214.00,26.00,15.00,0.6514,1,1
41,1,1312.00,328.00,66.00,45.00,0.9411,1,1
41,2,1229.00,213.00,46.00,45.00,0.9232,1,1
41,3,898.00,148.00,23.00,24.00,0.5635,1,1
41,4,891.00,127.00,37.00,26.00,0.8995,1,1
41,8,938.00,215.00,26.00,15.00,0.6640,1,1
42,1,1312.00,328.00,66.00,45.00,0.9412,1,1
42,2,1229.00,213.00,47.00,45.00,0.9238,1,1
42,4,891.00,127.00,37.00,26.00,0.8993,1,1
42,8,938.00,215.00,26.00,15.00,0.6626,1,1
43,1,1312.00,327.00,66.00,42.00,0.9409,1,1
43,2,1228.00,212.00,44.00,45.00,0.9249,1,1
43,3,895.00,148.00,23.00,25.00,0.3833,1,1
43,4,889.00,129.00,37.00,25.00,0.8933,1,1
43,8,936.00,217.00,26.00,14.00,0.6608,1,1
44,1,1312.00,327.00,66.00,41.00,0.9396,1,1
44,2,1227.00,212.00,44.00,45.00,0.9270,1,1
44,3,894.00,148.00,23.00,25.00,0.3833,1,1
44,4,888.00,129.00,36.00,25.00,0.8943,1,1
44,8,931.00,217.00,26.00,15.00,0.6212,1,1
45,1,1313.00,327.00,66.00,40.00,0.9356,1,1
45,2,1227.00,210.00,44.00,46.00,0.9271,1,1
45,3,891.00,149.00,24.00,26.00,0.4830,1,1
45,4,887.00,129.00,36.00,25.00,0.8915,1,1
45,8,931.00,216.00,25.00,15.00,0.6900,1,1
45,9,931.00,214.00,25.00,14.00,0.3094,1,1
46,1,1315.00,327.00,66.00,39.00,0.9320,1,1
46,2,1227.00,208.00,44.00,48.00,0.9305,1,1
46,3,890.00,148.00,25.00,27.00,0.8049,1,1
46,4,885.00,130.00,37.00,24.00,0.8763,1,1
46,8,927.00,217.00,24.00,15.00,0.5834,1,1
46,9,934.00,207.00,19.00,11.00,0.2929,1,1
47,1,1316.00,326.00,65.00,39.00,0.9364,1,1
47,2,1227.00,206.00,44.00,48.00,0.9227,1,1
47,3,887.00,150.00,25.00,26.00,0.8493,1,1
47,4,883.00,131.00,36.00,24.00,0.8869,1,1
47,8,917.00,221.00,26.00,15.00,0.6443,1,1
47,9,932.00,207.00,20.00,12.00,0.3188,1,1
48,1,1316.00,327.00,65.00,38.00,0.9366,1,1
48,2,1227.00,206.00,44.00,48.00,0.9226,1,1
48,3,887.00,150.00,25.00,26.00,0.8509,1,1
48,4,883.00,131.00,36.00,24.00,0.8870,1,1
48,8,917.00,221.00,26.00,14.00,0.6477,1,1
48,9,932.00,207.00,20.00,12.00,0.2855,1,1
48,10,1460.00,548.00,35.00,46.00,0.3703,1,1
49,1,1320.00,326.00,63.00,38.00,0.9397,1,1
49,2,1228.00,204.00,43.00,48.00,0.9298,1,1
49,3,885.00,153.00,24.00,24.00,0.8838,1,1
49,4,882.00,132.00,32.00,23.00,0.8823,1,1
49,6,909.00,231.00,24.00,18.00,0.4165,1,1
49,8,915.00,222.00,26.00,14.00,0.6477,1,1
49,9,923.00,201.00,19.00,12.00,0.2855,1,1
49,10,1460.00,550.00,35.00,39.00,0.4629,1,1
50,1,1321.00,327.00,63.00,37.00,0.9353,1,1
50,2,1227.00,203.00,44.00,48.00,0.9298,1,1
50,3,884.00,154.00,25.00,25.00,0.8890,1,1
50,4,880.00,132.00,34.00,25.00,0.8899,1,1
50,6,886.00,223.00,23.00,16.00,0.4165,1,1
50,10,1460.00,551.00,34.00,38.00,0.3837,1,1
51,1,1322.00,327.00,63.00,37.00,0.9355,1,1
51,2,1228.00,201.00,43.00,46.00,0.9226,1,1
51,3,884.00,153.00,24.00,24.00,0.8965,1,1
51,4,878.00,133.00,33.00,23.00,0.8899,1,1
51,10,1461.00,546.00,33.00,39.00,0.6990,1,1
52,1,1324.00,327.00,62.00,36.00,0.9291,1,1
52,2,1227.00,198.00,44.00,48.00,0.9242,1,1
52,3,882.00,153.00,25.00,25.00,0.8962,1,1
52,4,875.00,132.00,35.00,25.00,0.8859,1,1
52,10,1461.00,545.00,33.00,38.00,0.6990,1,1
53,1,1326.00,326.00,62.00,37.00,0.9281,1,1
53,2,1227.00,197.00,43.00,48.00,0.9284,1,1
53,3,882.00,153.00,24.00,25.00,0.8952,1,1
53,4,875.00,132.00,35.00,26.00,0.8940,1,1
53,10,1460.00,544.00,34.00,41.00,0.3283,1,1
54,1,1326.00,327.00,62.00,36.00,0.9283,1,1
54,2,1227.00,197.00,43.00,48.00,0.9284,1,1
54,3,882.00,153.00,24.00,25.00,0.8963,1,1
54,4,875.00,132.00,35.00,26.00,0.8947,1,1
54,10,1460.00,544.00,34.00,41.00,0.2682,1,1
55,1,1327.00,327.00,63.00,38.00,0.9296,1,1
55,2,1225.00,195.00,45.00,46.00,0.9347,1,1
55,3,878.00,156.00,25.00,23.00,0.6194,1,1
55,4,873.00,133.00,35.00,28.00,0.8959,1,1
55,10,1460.00,543.00,34.00,41.00,0.2682,1,1
56,1,1328.00,328.00,63.00,37.00,0.9306,1,1
56,2,1223.00,193.00,45.00,45.00,0.9334,1,1
56,3,876.00,157.00,25.00,22.00,0.6194,1,1
56,4,872.00,133.00,36.00,29.00,0.8963,1,1
57,1,1329.00,328.00,63.00,37.00,0.9300,1,1
57,2,1221.00,191.00,46.00,45.00,0.9303,1,1
57,4,869.00,133.00,38.00,29.00,0.8997,1,1
57,11,1158.00,340.00,18.00,28.00,0.8011,1,1
58,1,1330.00,328.00,63.00,37.00,0.9333,1,1
58,2,1219.00,190.00,47.00,45.00,0.9196,1,1
58,3,873.00,159.00,27.00,21.00,0.2826,1,1
58,4,869.00,133.00,36.00,30.00,0.8903,1,1
58,11,1158.00,339.00,18.00,28.00,0.7701,1,1
59,1,1332.00,328.00,62.00,37.00,0.9348,1,1
59,2,1216.00,190.00,48.00,43.00,0.9158,1,1
59,3,872.00,161.00,26.00,21.00,0.3895,1,1
59,4,868.00,133.00,37.00,31.00,0.8926,1,1
59,8,873.00,161.00,25.00,20.00,0.4616,1,1
59,11,1158.00,339.00,18.00,28.00,0.7524,1,1
60,1,1332.00,328.00,62.00,37.00,0.9349,1,1
60,2,1216.00,190.00,48.00,43.00,0.9164,1,1
60,3,873.00,161.00,25.00,20.00,0.4610,1,1
60,4,868.00,133.00,37.00,31.00,0.8928,1,1
60,8,872.00,161.00,26.00,21.00,0.3888,1,1
60,11,1158.00,339.00,17.00,28.00,0.7640,1,1
61,1,1335.00,328.00,60.00,39.00,0.9374,1,1
61,2,1213.00,187.00,43.00,44.00,0.9196,1,1
61,3,870.00,163.00,27.00,22.00,0.4671,1,1
61,4,866.00,132.00,39.00,36.00,0.8770,1,1
61,8,869.00,158.00,26.00,21.00,0.3888,1,1
61,11,1158.00,338.00,17.00,29.00,0.7082,1,1
62,1,1336.00,329.00,61.00,39.00,0.9391,1,1
62,2,1210.00,185.00,43.00,43.00,0.9222,1,1
62,3,870.00,164.00,27.00,23.00,0.2715,1,1
62,4,865.00,132.00,40.00,37.00,0.8928,1,1
62,11,1158.00,337.00,16.00,29.00,0.5287,1,1
63,1,1336.00,329.00,61.00,39.00,0.9394,1,1
63,2,1208.00,182.00,42.00,43.00,0.9301,1,1
63,3,869.00,164.00,27.00,24.00,0.2715,1,1
63,4,864.00,133.00,41.00,38.00,0.8878,1,1
63,11,1157.00,337.00,17.00,29.00,0.5287,1,1
63,12,1426.00,484.00,52.00,35.00,0.9014,1,1
64,1,1337.00,329.00,61.00,39.00,0.9389,1,1
64,2,1206.00,180.00,43.00,44.00,0.9311,1,1
64,4,862.00,135.00,42.00,39.00,0.8895,1,1
64,12,1426.00,478.00,60.00,39.00,0.9293,1,1
65,1,1338.00,329.00,61.00,40.00,0.9384,1,1
65,2,1204.00,179.00,44.00,44.00,0.9270,1,1
65,4,862.00,137.00,40.00,39.00,0.8922,1,1
65,12,1429.00,472.00,63.00,44.00,0.9360,1,1
66,1,1338.00,329.00,61.00,40.00,0.9385,1,1
66,2,1204.00,179.00,44.00,44.00,0.9267,1,1
66,4,862.00,139.00,40.00,37.00,0.8935,1,1
66,12,1429.00,472.00,63.00,44.00,0.9360,1,1
67,1,1340.00,330.00,63.00,41.00,0.9384,1,1
67,2,1203.00,176.00,42.00,45.00,0.9176,1,1
67,4,859.00,143.00,42.00,38.00,0.8943,1,1
67,12,1438.00,461.00,64.00,44.00,0.9175,1,1
68,1,1341.00,331.00,63.00,41.00,0.9401,1,1
68,2,1202.00,175.00,41.00,44.00,0.9156,1,1
68,4,858.00,139.00,43.00,43.00,0.8811,1,1
68,12,1441.00,455.00,64.00,45.00,0.9297,1,1
69,1,1342.00,332.00,62.00,40.00,0.9423,1,1
69,2,1202.00,174.00,40.00,44.00,0.9167,1,1
69,4,857.00,146.00,42.00,38.00,0.8980,1,1
69,12,1445.00,448.00,63.00,47.00,0.9427,1,1
70,1,1343.00,332.00,63.00,42.00,0.9432,1,1
70,2,1202.00,172.00,40.00,44.00,0.9213,1,1
70,4,855.00,149.00,43.00,39.00,0.9199,1,1
70,12,1448.00,440.00,65.00,50.00,0.9426,1,1
71,1,1344.00,332.00,63.00,42.00,0.9428,1,1
71,2,1202.00,172.00,40.00,43.00,0.9231,1,1
71,4,853.00,151.00,45.00,39.00,0.9138,1,1
71,12,1450.00,434.00,65.00,50.00,0.9381,1,1
72,1,1344.00,332.00,63.00,42.00,0.9431,1,1
72,2,1202.00,172.00,40.00,43.00,0.9226,1,1
72,4,853.00,151.00,45.00,39.00,0.9133,1,1
72,12,1450.00,435.00,65.00,49.00,0.9379,1,1
73,1,1347.00,335.00,62.00,41.00,0.9478,1,1
73,2,1202.00,172.00,41.00,43.00,0.9256,1,1
73,4,852.00,157.00,44.00,38.00,0.9125,1,1
73,12,1452.00,427.00,66.00,50.00,0.9330,1,1
74,1,1348.00,335.00,62.00,41.00,0.9472,1,1
74,2,1204.00,170.00,39.00,44.00,0.9260,1,1
74,4,852.00,157.00,44.00,39.00,0.9165,1,1
74,12,1453.00,420.00,67.00,54.00,0.9248,1,1
75,1,1349.00,335.00,61.00,42.00,0.9466,1,1
75,2,1206.00,168.00,39.00,44.00,0.9234,1,1
75,4,852.00,158.00,44.00,39.00,0.9205,1,1
75,12,1453.00,415.00,67.00,55.00,0.9378,1,1
76,1,1350.00,335.00,62.00,42.00,0.9445,1,1
76,2,1207.00,167.00,40.00,42.00,0.9348,1,1
76,4,852.00,160.00,43.00,38.00,0.9129,1,1
76,12,1452.00,411.00,68.00,56.00,0.9390,1,1
77,1,1350.00,335.00,63.00,42.00,0.9442,1,1
77,2,1209.00,167.00,39.00,42.00,0.9377,1,1
77,4,853.00,162.00,42.00,39.00,0.9113,1,1
77,12,1452.00,409.00,68.00,58.00,0.9392,1,1
78,1,1350.00,335.00,63.00,42.00,0.9441,1,1
78,2,1209.00,167.00,39.00,42.00,0.9378,1,1
78,4,853.00,162.00,42.00,39.00,0.9115,1,1
78,12,1452.00,409.00,68.00,58.00,0.9391,1,1
79,1,1351.00,336.00,62.00,44.00,0.9535,1,1
79,2,1210.00,165.00,39.00,36.00,0.9324,1,1
79,3,858.00,203.00,29.00,20.00,0.6449,1,1
79,4,853.00,167.00,42.00,38.00,0.9129,1,1
79,12,1451.00,406.00,69.00,58.00,0.9448,1,1
80,1,1351.00,336.00,62.00,44.00,0.9529,1,1
80,2,1211.00,164.00,38.00,36.00,0.9255,1,1
80,3,858.00,204.00,29.00,19.00,0.7148,1,1
80,4,853.00,167.00,42.00,39.00,0.9113,1,1
80,12,1450.00,406.00,71.00,58.00,0.9470,1,1
81,1,1351.00,335.00,62.00,45.00,0.9536,1,1
81,2,1210.00,163.00,39.00,35.00,0.9233,1,1
81,3,859.00,204.00,28.00,20.00,0.6706,1,1
81,4,853.00,168.00,42.00,38.00,0.9127,1,1
81,12,1450.00,404.00,71.00,60.00,0.9449,1,1
82,1,1351.00,335.00,62.00,45.00,0.9543,1,1
82,2,1210.00,163.00,39.00,34.00,0.9228,1,1
82,3,859.00,206.00,30.00,20.00,0.4509,1,1
82,4,854.00,167.00,41.00,42.00,0.9146,1,1
82,12,1449.00,403.00,72.00,60.00,0.9468,1,1
83,1,1351.00,335.00,62.00,45.00,0.9541,1,1
83,2,1210.00,163.00,39.00,34.00,0.9227,1,1
83,3,858.00,206.00,32.00,20.00,0.4454,1,1
83,4,854.00,168.00,41.00,41.00,0.9142,1,1
83,12,1450.00,403.00,71.00,59.00,0.9467,1,1
84,1,1351.00,335.00,62.00,45.00,0.9543,1,1
84,2,1207.00,163.00,41.00,32.00,0.9236,1,1
84,3,858.00,208.00,31.00,20.00,0.4454,1,1
84,4,854.00,170.00,42.00,42.00,0.9158,1,1
84,8,838.00,296.00,14.00,23.00,0.5519,1,1
84,11,859.00,208.00,28.00,22.00,0.2759,1,1
84,12,1448.00,404.00,72.00,58.00,0.9501,1,1
85,1,1351.00,335.00,62.00,45.00,0.9538,1,1
85,2,1205.00,162.00,42.00,32.00,0.9246,1,1
85,4,855.00,171.00,41.00,42.00,0.9122,1,1
85,8,838.00,296.00,15.00,23.00,0.4854,1,1
85,11,846.00,202.00,28.00,22.00,0.2759,1,1
85,12,1447.00,404.00,73.00,58.00,0.9514,1,1
86,1,1351.00,335.00,63.00,45.00,0.9544,1,1
86,2,1204.00,161.00,42.00,33.00,0.9204,1,1
86,4,855.00,174.00,42.00,40.00,0.9115,1,1
86,8,838.00,296.00,15.00,23.00,0.4316,1,1
86,12,1447.00,403.00,73.00,59.00,0.9538,1,1
87,1,1351.00,335.00,63.00,45.00,0.9543,1,1
87,2,1202.00,160.00,42.00,32.00,0.9176,1,1
87,4,856.00,173.00,40.00,42.00,0.9133,1,1
87,8,838.00,296.00,15.00,24.00,0.5833,1,1
87,12,1447.00,402.00,73.00,60.00,0.9543,1,1
88,1,1351.00,335.00,63.00,45.00,0.9545,1,1
88,2,1199.00,160.00,43.00,33.00,0.9196,1,1
88,4,856.00,175.00,41.00,43.00,0.9211,1,1
88,8,838.00,297.00,15.00,24.00,0.5815,1,1
88,12,1447.00,402.00,73.00,60.00,0.9545,1,1
88,13,1159.00,285.00,16.00,21.00,0.3828,1,1
89,1,1351.00,335.00,63.00,45.00,0.9547,1,1
89,2,1199.00,160.00,43.00,33.00,0.9197,1,1
89,4,856.00,175.00,41.00,43.00,0.9213,1,1
89,8,838.00,297.00,15.00,24.00,0.5939,1,1
89,12,1447.00,402.00,73.00,60.00,0.9545,1,1
89,13,1159.00,285.00,16.00,21.00,0.3627,1,1
90,1,1351.00,335.00,63.00,45.00,0.9552,1,1
90,2,1197.00,159.00,39.00,32.00,0.9237,1,1
90,3,866.00,221.00,28.00,17.00,0.2795,1,1
90,4,858.00,180.00,40.00,42.00,0.9066,1,1
90,8,838.00,302.00,14.00,24.00,0.5939,1,1
90,12,1447.00,402.00,73.00,60.00,0.9544,1,1
90,13,1159.00,285.00,16.00,20.00,0.2530,1,1
91,1,1351.00,335.00,63.00,44.00,0.9557,1,1
91,2,1195.00,158.00,39.00,32.00,0.9244,1,1
91,3,868.00,221.00,25.00,19.00,0.3014,1,1
91,4,857.00,182.00,42.00,40.00,0.9056,1,1
91,12,1447.00,402.00,73.00,60.00,0.9538,1,1
91,13,1159.00,285.00,16.00,20.00,0.2530,1,1
92,1,1351.00,335.00,63.00,44.00,0.9521,1,1
92,2,1193.00,157.00,39.00,30.00,0.9255,1,1
92,3,868.00,222.00,26.00,19.00,0.5528,1,1
92,4,857.00,182.00,42.00,40.00,0.9136,1,1
92,12,1447.00,401.00,73.00,60.00,0.9526,1,1
93,1,1351.00,335.00,64.00,43.00,0.9472,1,1
93,2,1190.00,156.00,40.00,30.00,0.9278,1,1
93,3,870.00,222.00,24.00,20.00,0.4992,1,1
93,4,858.00,186.00,43.00,37.00,0.9097,1,1
93,12,1447.00,399.00,73.00,62.00,0.9499,1,1
94,1,1350.00,335.00,66.00,43.00,0.9481,1,1
94,2,1189.00,156.00,38.00,30.00,0.9258,1,1
94,3,871.00,223.00,24.00,20.00,0.5029,1,1
94,4,859.00,186.00,42.00,38.00,0.9101,1,1
94,12,1447.00,399.00,73.00,62.00,0.9496,1,1
95,1,1350.00,335.00,66.00,43.00,0.9473,1,1
95,2,1189.00,156.00,38.00,30.00,0.9260,1,1
95,3,870.00,223.00,24.00,20.00,0.4515,1,1
95,4,859.00,186.00,42.00,38.00,0.9100,1,1
95,12,1447.00,399.00,73.00,61.00,0.9494,1,1
96,1,1351.00,336.00,67.00,42.00,0.9441,1,1
96,2,1187.00,154.00,38.00,31.00,0.9262,1,1
96,3,870.00,224.00,25.00,21.00,0.4208,1,1
96,4,860.00,188.00,41.00,37.00,0.9051,1,1
96,12,1447.00,399.00,73.00,60.00,0.9487,1,1
97,1,1351.00,337.00,67.00,41.00,0.9432,1,1
97,2,1186.00,152.00,38.00,33.00,0.9262,1,1
97,3,870.00,224.00,25.00,21.00,0.4048,1,1
97,4,860.00,188.00,42.00,37.00,0.9047,1,1
97,12,1447.00,399.00,73.00,60.00,0.9484,1,1
97,14,1353.00,595.00,26.00,35.00,0.8762,1,1
98,1,1351.00,337.00,67.00,41.00,0.9439,1,1
98,2,1186.00,152.00,36.00,31.00,0.9244,1,1
98,3,870.00,224.00,25.00,21.00,0.3916,1,1
98,4,860.00,188.00,42.00,36.00,0.9066,1,1
98,12,1446.00,399.00,74.00,60.00,0.9512,1,1
98,14,1349.00,597.00,29.00,34.00,0.7835,1,1
99,1,1352.00,337.00,66.00,41.00,0.9430,1,1
99,2,1185.00,151.00,37.00,32.00,0.9256,1,1
99,3,870.00,224.00,25.00,21.00,0.3845,1,1
99,4,860.00,188.00,43.00,37.00,0.9069,1,1
99,12,1446.00,397.00,74.00,61.00,0.9492,1,1
99,14,1346.00,598.00,33.00,35.00,0.7715,1,1
100,1,1352.00,337.00,67.00,42.00,0.9432,1,1
100,2,1185.00,151.00,37.00,32.00,0.9259,1,1
100,3,870.00,224.00,26.00,21.00,0.3801,1,1
100,4,861.00,188.00,42.00,37.00,0.9104,1,1
100,12,1445.00,397.00,75.00,61.00,0.9447,1,1
100,14,1344.00,599.00,26.00,34.00,0.8091,1,1
101,1,1352.00,337.00,67.00,42.00,0.9425,1,1
101,2,1185.00,151.00,37.00,32.00,0.9260,1,1
101,3,870.00,224.00,26.00,21.00,0.3834,1,1
101,4,861.00,188.00,42.00,37.00,0.9101,1,1
101,12,1445.00,397.00,75.00,61.00,0.9444,1,1
101,14,1344.00,599.00,25.00,34.00,0.8327,1,1
102,1,1352.00,338.00,66.00,42.00,0.9469,1,1
102,2,1184.00,151.00,37.00,32.00,0.9298,1,1
102,3,870.00,225.00,26.00,21.00,0.3834,1,1
102,4,861.00,188.00,41.00,37.00,0.9113,1,1
102,12,1445.00,397.00,75.00,59.00,0.9430,1,1
102,14,1344.00,600.00,30.00,38.00,0.5265,1,1
103,1,1352.00,338.00,67.00,42.00,0.9466,1,1
103,2,1184.00,151.00,37.00,31.00,0.9319,1,1
103,4,861.00,188.00,42.00,37.00,0.9119,1,1
103,12,1445.00,397.00,75.00,58.00,0.9426,1,1
103,14,1343.00,600.00,27.00,38.00,0.7067,1,1
104,1,1353.00,337.00,66.00,43.00,0.9468,1,1
104,2,1184.00,150.00,37.00,32.00,0.9299,1,1
104,4,861.00,188.00,42.00,37.00,0.9126,1,1
104,12,1445.00,395.00,75.00,60.00,0.9405,1,1
104,14,1344.00,600.00,29.00,38.00,0.5848,1,1
105,1,1353.00,337.00,66.00,44.00,0.9484,1,1
105,2,1184.00,150.00,36.00,32.00,0.9283,1,1
105,3,871.00,224.00,25.00,20.00,0.5490,1,1
105,4,861.00,189.00,41.00,36.00,0.9105,1,1
105,12,1445.00,394.00,75.00,60.00,0.9411,1,1
105,14,1346.00,601.00,29.00,38.00,0.7788,1,1
106,1,1353.00,337.00,66.00,44.00,0.9473,1,1
106,2,1184.00,150.00,36.00,32.00,0.9281,1,1
106,3,871.00,224.00,25.00,20.00,0.5693,1,1
106,4,861.00,189.00,41.00,36.00,0.9095,1,1
106,12,1445.00,394.00,75.00,58.00,0.9416,1,1
106,14,1349.00,600.00,30.00,37.00,0.8454,1,1
107,1,1353.00,337.00,66.00,44.00,0.9474,1,1
107,2,1184.00,150.00,36.00,32.00,0.9287,1,1
107,3,871.00,224.00,25.00,20.00,0.6249,1,1
107,4,861.00,189.00,41.00,36.00,0.9106,1,1
107,12,1445.00,394.00,75.00,59.00,0.9415,1,1
107,14,1349.00,600.00,30.00,37.00,0.8433,1,1
108,1,1353.00,338.00,66.00,43.00,0.9483,1,1
108,2,1186.00,148.00,36.00,33.00,0.9306,1,1
108,3,871.00,224.00,25.00,21.00,0.5394,1,1
108,4,861.00,189.00,42.00,36.00,0.9112,1,1
108,12,1446.00,394.00,77.00,57.00,0.9413,1,1
108,14,1355.00,600.00,26.00,37.00,0.8568,1,1
109,1,1353.00,338.00,67.00,43.00,0.9483,1,1
109,2,1187.00,147.00,37.00,33.00,0.9266,1,1
109,3,871.00,224.00,25.00,20.00,0.4345,1,1
109,4,861.00,189.00,42.00,36.00,0.9126,1,1
109,12,1449.00,394.00,77.00,56.00,0.9412,1,1
109,14,1358.00,600.00,24.00,36.00,0.8714,1,1
110,1,1354.00,337.00,66.00,44.00,0.9481,1,1
110,2,1188.00,146.00,36.00,32.00,0.9199,1,1
110,3,871.00,224.00,25.00,21.00,0.4204,1,1
110,4,861.00,189.00,42.00,36.00,0.9123,1,1
110,12,1452.00,394.00,76.00,57.00,0.9450,1,1
110,14,1361.00,600.00,23.00,34.00,0.8676,1,1
111,1,1354.00,337.00,66.00,44.00,0.9469,1,1
111,2,1189.00,146.00,36.00,32.00,0.9200,1,1
111,3,872.00,225.00,24.00,20.00,0.4726,1,1
111,4,862.00,190.00,41.00,36.00,0.9100,1,1
111,12,1453.00,393.00,77.00,58.00,0.9455,1,1
111,14,1362.00,600.00,24.00,32.00,0.8502,1,1
112,1,1354.00,337.00,66.00,44.00,0.9468,1,1
112,2,1189.00,146.00,36.00,31.00,0.9219,1,1
112,3,872.00,225.00,24.00,20.00,0.4049,1,1
112,4,862.00,190.00,41.00,36.00,0.9121,1,1
112,12,1459.00,394.00,73.00,56.00,0.9485,1,1
112,14,1364.00,599.00,25.00,33.00,0.8387,1,1
113,1,1354.00,337.00,66.00,44.00,0.9468,1,1
113,2,1189.00,145.00,36.00,32.00,0.9243,1,1
113,3,872.00,225.00,24.00,19.00,0.3495,1,1
113,4,862.00,190.00,41.00,36.00,0.9133,1,1
113,12,1459.00,394.00,73.00,55.00,0.9493,1,1
113,14,1364.00,599.00,25.00,33.00,0.8403,1,1
114,1,1356.00,337.00,66.00,44.00,0.9441,1,1
114,2,1191.00,144.00,36.00,32.00,0.9241,1,1
114,3,872.00,226.00,24.00,18.00,0.3495,1,1
114,4,863.00,192.00,40.00,37.00,0.9076,1,1
114,8,835.00,304.00,16.00,25.00,0.6213,1,1
114,12,1468.00,398.00,75.00,54.00,0.9442,1,1
114,14,1365.00,600.00,25.00,34.00,0.8808,1,1
115,1,1356.00,337.00,66.00,44.00,0.9429,1,1
115,2,1192.00,144.00,36.00,31.00,0.9239,1,1
115,3,874.00,228.00,23.00,19.00,0.2643,1,1
115,4,864.00,192.00,40.00,37.00,0.9099,1,1
115,8,836.00,304.00,15.00,25.00,0.6766,1,1
115,12,1473.00,398.00,73.00,55.00,0.9432,1,1
115,14,1365.00,599.00,25.00,35.00,0.8786,1,1
116,1,1356.00,337.00,67.00,44.00,0.9423,1,1
116,2,1192.00,144.00,36.00,31.00,0.9237,1,1
116,3,874.00,229.00,23.00,18.00,0.2643,1,1
116,4,864.00,193.00,40.00,36.00,0.9138,1,1
116,8,836.00,304.00,15.00,25.00,0.6633,1,1
116,12,1479.00,398.00,71.00,58.00,0.9388,1,1
116,14,1365.00,599.00,26.00,36.00,0.8614,1,1
117,1,1357.00,338.00,66.00,43.00,0.9425,1,1
117,2,1192.00,144.00,36.00,30.00,0.9241,1,1
117,4,865.00,193.00,40.00,36.00,0.9163,1,1
117,8,836.00,304.00,16.00,25.00,0.7752,1,1
117,12,1484.00,399.00,71.00,59.00,0.9430,1,1
117,13,1162.00,268.00,13.00,21.00,0.5032,1,1
117,14,1365.00,601.00,27.00,37.00,0.8604,1,1
118,1,1357.00,338.00,67.00,43.00,0.9437,1,1
118,2,1192.00,143.00,36.00,29.00,0.9230,1,1
118,3,874.00,230.00,25.00,18.00,0.2599,1,1
118,4,866.00,194.00,40.00,37.00,0.9204,1,1
118,8,835.00,305.00,16.00,25.00,0.7666,1,1
118,12,1489.00,400.00,70.00,60.00,0.9487,1,1
118,13,1162.00,268.00,13.00,20.00,0.4319,1,1
118,14,1366.00,603.00,27.00,38.00,0.8520,1,1
119,1,1357.00,338.00,67.00,43.00,0.9439,1,1
119,2,1192.00,143.00,36.00,29.00,0.9230,1,1
119,3,875.00,230.00,24.00,18.00,0.2793,1,1
119,4,866.00,195.00,40.00,36.00,0.9202,1,1
119,8,836.00,306.00,16.00,24.00,0.7579,1,1
119,12,1489.00,400.00,69.00,60.00,0.9486,1,1
119,13,1162.00,268.00,13.00,20.00,0.4401,1,1
119,14,1366.00,603.00,27.00,38.00,0.8510,1,1
120,1,1358.00,339.00,67.00,42.00,0.9475,1,1
120,2,1192.00,139.00,36.00,31.00,0.9249,1,1
120,3,875.00,230.00,24.00,18.00,0.2793,1,1
120,4,867.00,196.00,42.00,37.00,0.9271,1,1
120,8,835.00,307.00,17.00,24.00,0.7515,1,1
120,12,1500.00,404.00,69.00,59.00,0.9532,1,1
120,13,1161.00,268.00,13.00,21.00,0.5083,1,1
120,14,1369.00,609.00,25.00,40.00,0.8340,1,1
121,1,1358.00,339.00,68.00,43.00,0.9479,1,1
121,2,1191.00,138.00,36.00,31.00,0.9234,1,1
121,4,868.00,196.00,42.00,38.00,0.9286,1,1
121,8,836.00,306.00,17.00,25.00,0.6586,1,1
121,12,1505.00,406.00,64.00,58.00,0.9473,1,1
121,13,1161.00,267.00,14.00,24.00,0.5641,1,1
121,14,1369.00,610.00,29.00,41.00,0.8079,1,1
121,15,1380.00,377.00,32.00,32.00,0.6639,1,1
122,1,1359.00,339.00,67.00,43.00,0.9468,1,1
122,2,1191.00,138.00,34.00,31.00,0.9183,1,1
122,4,868.00,196.00,42.00,38.00,0.9284,1,1
122,8,836.00,306.00,17.00,26.00,0.6246,1,1
122,12,1510.00,406.00,63.00,58.00,0.9429,1,1
122,13,1161.00,265.00,14.00,25.00,0.7228,1,1
122,14,1372.00,613.00,29.00,40.00,0.8622,1,1
122,15,1381.00,378.00,32.00,31.00,0.7192,1,1
123,1,1359.00,339.00,67.00,43.00,0.9459,1,1
123,2,1190.00,137.00,33.00,31.00,0.9210,1,1
123,4,868.00,198.00,42.00,38.00,0.9271,1,1
123,8,836.00,306.00,18.00,28.00,0.6382,1,1
123,12,1514.00,408.00,64.00,56.00,0.9396,1,1
123,13,1161.00,265.00,14.00,23.00,0.3699,1,1
123,14,1377.00,616.00,29.00,39.00,0.8642,1,1
123,15,1380.00,378.00,33.00,31.00,0.7634,1,1
123,16,1372.00,489.00,27.00,25.00,0.2640,1,1
124,1,1360.00,340.00,66.00,42.00,0.9456,1,1
124,2,1188.00,137.00,33.00,32.00,0.9274,1,1
124,4,868.00,198.00,42.00,39.00,0.9276,1,1
124,8,837.00,307.00,18.00,28.00,0.4120,1,1
124,12,1516.00,408.00,61.00,57.00,0.9301,1,1
124,13,1161.00,264.00,14.00,24.00,0.3699,1,1
124,14,1379.00,617.00,30.00,40.00,0.8695,1,1
124,15,1381.00,378.00,33.00,32.00,0.8152,1,1
124,16,1372.00,489.00,27.00,25.00,0.2640,1,1
125,1,1360.00,340.00,66.00,42.00,0.9456,1,1
125,2,1188.00,137.00,33.00,32.00,0.9270,1,1
125,4,868.00,198.00,42.00,39.00,0.9288,1,1
125,8,836.00,307.00,19.00,28.00,0.3600,1,1
125,12,1516.00,408.00,61.00,57.00,0.9303,1,1
125,14,1379.00,617.00,30.00,40.00,0.8694,1,1
125,15,1380.00,378.00,34.00,32.00,0.8074,1,1
126,1,1360.00,341.00,67.00,41.00,0.9447,1,1
126,2,1183.00,134.00,33.00,32.00,0.9230,1,1
126,4,868.00,199.00,42.00,39.00,0.9238,1,1
126,8,836.00,307.00,19.00,29.00,0.3600,1,1
126,12,1527.00,411.00,66.00,58.00,0.9259,1,1
126,14,1387.00,620.00,27.00,42.00,0.7706,1,1
126,15,1382.00,379.00,33.00,32.00,0.8010,1,1
127,1,1361.00,341.00,66.00,42.00,0.9446,1,1
127,2,1179.00,132.00,35.00,32.00,0.9174,1,1
127,4,868.00,199.00,42.00,39.00,0.9260,1,1
127,12,1528.00,411.00,66.00,58.00,0.9314,1,1
127,14,1390.00,622.00,26.00,42.00,0.7243,1,1
127,15,1383.00,379.00,32.00,32.00,0.7800,1,1
128,1,1361.00,341.00,67.00,42.00,0.9441,1,1
128,2,1177.00,131.00,34.00,31.00,0.9124,1,1
128,4,868.00,199.00,43.00,39.00,0.9272,1,1
128,12,1529.00,411.00,66.00,57.00,0.9334,1,1
128,14,1393.00,621.00,25.00,43.00,0.7667,1,1
128,15,1384.00,379.00,32.00,32.00,0.7789,1,1
128,16,1387.00,496.00,27.00,26.00,0.2559,1,1
129,1,1361.00,341.00,67.00,42.00,0.9429,1,1
129,2,1176.00,131.00,33.00,31.00,0.9110,1,1
129,4,868.00,199.00,43.00,39.00,0.9276,1,1
129,12,1531.00,412.00,65.00,55.00,0.9262,1,1
129,14,1396.00,621.00,27.00,42.00,0.7284,1,1
129,15,1384.00,380.00,32.00,33.00,0.7146,1,1
129,16,1390.00,497.00,26.00,26.00,0.2559,1,1
130,1,1361.00,342.00,67.00,41.00,0.9431,1,1
130,2,1174.00,130.00,33.00,31.00,0.9150,1,1
130,4,868.00,199.00,43.00,39.00,0.9274,1,1
130,12,1533.00,412.00,64.00,55.00,0.9268,1,1
130,14,1398.00,620.00,26.00,42.00,0.8288,1,1
130,15,1383.00,380.00,33.00,34.00,0.6005,1,1
130,16,1326.00,556.00,34.00,29.00,0.2914,1,1
131,1,1361.00,342.00,67.00,41.00,0.9431,1,1
131,2,1174.00,130.00,33.00,31.00,0.9155,1,1
131,4,868.00,199.00,43.00,39.00,0.9286,1,1
131,12,1533.00,412.00,64.00,55.00,0.9282,1,1
131,14,1398.00,621.00,26.00,41.00,0.8332,1,1
131,15,1383.00,380.00,33.00,34.00,0.6133,1,1
131,16,1319.00,566.00,35.00,29.00,0.2914,1,1
132,1,1362.00,343.00,67.00,40.00,0.9434,1,1
132,2,1171.00,126.00,33.00,32.00,0.9120,1,1
132,4,868.00,199.00,43.00,39.00,0.9259,1,1
132,12,1535.00,413.00,68.00,54.00,0.9293,1,1
132,14,1399.00,619.00,26.00,42.00,0.8985,1,1
132,15,1387.00,381.00,30.00,34.00,0.6727,1,1
133,1,1362.00,343.00,68.00,40.00,0.9428,1,1
133,2,1170.00,125.00,31.00,31.00,0.9030,1,1
133,4,868.00,199.00,43.00,40.00,0.9258,1,1
133,12,1536.00,412.00,68.00,55.00,0.9303,1,1
133,14,1400.00,617.00,25.00,40.00,0.8944,1,1
133,15,1387.00,381.00,31.00,34.00,0.7027,1,1
134,1,1362.00,343.00,68.00,41.00,0.9414,1,1
134,2,1168.00,125.00,32.00,30.00,0.9026,1,1
134,4,869.00,199.00,42.00,40.00,0.9240,1,1
134,12,1536.00,411.00,68.00,56.00,0.9321,1,1
134,14,1402.00,616.00,24.00,39.00,0.8900,1,1
134,15,1389.00,381.00,29.00,34.00,0.7180,1,1
135,1,1362.00,344.00,69.00,40.00,0.9421,1,1
135,2,1167.00,125.00,32.00,30.00,0.8979,1,1
135,4,869.00,200.00,44.00,39.00,0.9257,1,1
135,12,1537.00,411.00,67.00,56.00,0.9336,1,1
135,14,1403.00,614.00,23.00,40.00,0.8765,1,1
135,15,1388.00,381.00,31.00,35.00,0.7043,1,1
135,16,1326.00,557.00,33.00,33.00,0.4112,1,1
136,1,1362.00,344.00,69.00,41.00,0.9426,1,1
136,2,1167.00,124.00,31.00,31.00,0.8962,1,1
136,4,870.00,201.00,42.00,38.00,0.9237,1,1
136,12,1537.00,411.00,68.00,55.00,0.9344,1,1
136,14,1403.00,614.00,23.00,40.00,0.8750,1,1
136,15,1388.00,381.00,31.00,35.00,0.7114,1,1
136,16,1326.00,558.00,32.00,33.00,0.3145,1,1
137,1,1363.00,344.00,68.00,41.00,0.9428,1,1
137,2,1167.00,124.00,31.00,31.00,0.8965,1,1
137,4,870.00,201.00,42.00,38.00,0.9236,1,1
137,12,1538.00,411.00,67.00,56.00,0.9334,1,1
137,14,1403.00,614.00,23.00,40.00,0.8752,1,1
137,15,1388.00,381.00,31.00,35.00,0.7129,1,1
137,16,1326.00,558.00,32.00,33.00,0.3560,1,1
138,1,1362.00,345.00,69.00,40.00,0.9439,1,1
138,2,1165.00,124.00,32.00,29.00,0.9037,1,1
138,4,871.00,201.00,44.00,39.00,0.9235,1,1
138,12,1538.00,411.00,67.00,55.00,0.9328,1,1
138,14,1402.00,612.00,25.00,42.00,0.8620,1,1
138,15,1387.00,381.00,33.00,35.00,0.5230,1,1
138,16,1327.00,558.00,31.00,33.00,0.3696,1,1
139,1,1363.00,345.00,68.00,40.00,0.9432,1,1
139,2,1164.00,123.00,32.00,30.00,0.8976,1,1
139,4,872.00,201.00,44.00,40.00,0.9179,1,1
139,12,1539.00,411.00,67.00,55.00,0.9345,1,1
139,14,1402.00,610.00,24.00,42.00,0.8545,1,1
139,15,1386.00,381.00,34.00,36.00,0.6672,1,1
139,16,1326.00,556.00,32.00,35.00,0.4220,1,1
140,1,1363.00,345.00,69.00,40.00,0.9425,1,1
140,2,1164.00,123.00,32.00,29.00,0.8969,1,1
140,4,873.00,203.00,44.00,39.00,0.9151,1,1
140,12,1539.00,411.00,68.00,55.00,0.9332,1,1
140,14,1401.00,609.00,25.00,40.00,0.8615,1,1
140,15,1385.00,382.00,34.00,35.00,0.6673,1,1
140,16,1324.00,559.00,32.00,35.00,0.4220,1,1
141,1,1363.00,345.00,68.00,41.00,0.9426,1,1
141,2,1164.00,123.00,31.00,29.00,0.8981,1,1
141,4,876.00,204.00,42.00,40.00,0.9116,1,1
141,12,1540.00,411.00,67.00,54.00,0.9362,1,1
141,14,1401.00,609.00,25.00,40.00,0.8446,1,1
141,15,1382.00,382.00,37.00,36.00,0.7892,1,1
141,16,1328.00,556.00,36.00,35.00,0.4942,1,1
142,1,1363.00,346.00,69.00,41.00,0.9411,1,1
142,2,1163.00,122.00,32.00,30.00,0.8966,1,1
142,4,877.00,205.00,41.00,40.00,0.9139,1,1
142,12,1541.00,412.00,66.00,54.00,0.9380,1,1
142,14,1400.00,609.00,25.00,40.00,0.8497,1,1
142,15,1384.00,383.00,36.00,35.00,0.7810,1,1
142,16,1329.00,557.00,36.00,35.00,0.5707,1,1
143,1,1363.00,346.00,69.00,41.00,0.9411,1,1
143,2,1163.00,122.00,32.00,30.00,0.8960,1,1
143,4,877.00,205.00,41.00,40.00,0.9136,1,1
143,12,1541.00,412.00,66.00,54.00,0.9385,1,1
143,14,1400.00,609.00,25.00,40.00,0.8488,1,1
143,15,1384.00,383.00,36.00,35.00,0.7801,1,1
143,16,1329.00,557.00,36.00,35.00,0.5598,1,1
144,1,1363.00,346.00,69.00,41.00,0.9412,1,1
144,2,1163.00,120.00,32.00,31.00,0.9112,1,1
144,4,875.00,205.00,45.00,41.00,0.9160,1,1
144,12,1541.00,412.00,67.00,54.00,0.9378,1,1
144,14,1399.00,608.00,27.00,40.00,0.8656,1,1
144,15,1385.00,383.00,36.00,35.00,0.7841,1,1
144,16,1329.00,557.00,37.00,36.00,0.4728,1,1
145,1,1363.00,346.00,69.00,41.00,0.9410,1,1
145,2,1163.00,120.00,32.00,30.00,0.9125,1,1
145,4,875.00,206.00,46.00,41.00,0.9192,1,1
145,12,1542.00,412.00,66.00,54.00,0.9353,1,1
145,14,1398.00,606.00,29.00,42.00,0.8721,1,1
145,15,1385.00,383.00,36.00,35.00,0.7895,1,1
145,16,1330.00,557.00,36.00,37.00,0.3117,1,1
146,1,1363.00,346.00,69.00,41.00,0.9408,1,1
146,2,1164.00,117.00,31.00,32.00,0.9147,1,1
146,4,875.00,208.00,46.00,39.00,0.9233,1,1
146,12,1541.00,412.00,67.00,53.00,0.9323,1,1
146,14,1398.00,607.00,29.00,41.00,0.8767,1,1
146,15,1386.00,384.00,35.00,34.00,0.8186,1,1
146,16,1329.00,559.00,37.00,36.00,0.3117,1,1
147,1,1363.00,346.00,69.00,41.00,0.9412,1,1
147,2,1163.00,117.00,32.00,30.00,0.9004,1,1
147,4,876.00,208.00,45.00,40.00,0.9219,1,1
147,12,1542.00,412.00,66.00,53.00,0.9326,1,1
147,14,1398.00,607.00,28.00,41.00,0.8753,1,1
147,15,1386.00,384.00,35.00,34.00,0.8019,1,1
148,1,1364.00,346.00,68.00,42.00,0.9418,1,1
148,2,1163.00,116.00,32.00,30.00,0.8933,1,1
148,4,876.00,208.00,45.00,40.00,0.9193,1,1
148,12,1541.00,412.00,66.00,53.00,0.9323,1,1
148,14,1398.00,607.00,27.00,42.00,0.8672,1,1
148,15,1385.00,384.00,36.00,34.00,0.8481,1,1
148,16,1330.00,557.00,35.00,37.00,0.3006,1,1
149,1,1364.00,346.00,68.00,42.00,0.9419,1,1
149,2,1163.00,116.00,32.00,30.00,0.8924,1,1
149,4,876.00,208.00,45.00,40.00,0.9191,1,1
149,12,1541.00,412.00,66.00,53.00,0.9323,1,1
149,14,1398.00,607.00,27.00,42.00,0.8653,1,1
149,15,1386.00,384.00,35.00,34.00,0.8468,1,1
149,16,1330.00,557.00,35.00,37.00,0.3554,1,1
150,1,1365.00,346.00,67.00,42.00,0.9373,1,1
150,2,1163.00,113.00,31.00,30.00,0.9039,1,1
150,4,878.00,208.00,43.00,40.00,0.9197,1,1
150,12,1541.00,411.00,66.00,53.00,0.9284,1,1
150,14,1398.00,607.00,27.00,42.00,0.8712,1,1
150,15,1384.00,384.00,38.00,35.00,0.7819,1,1
150,16,1330.00,557.00,33.00,35.00,0.2528,1,1
151,1,1365.00,346.00,68.00,43.00,0.9386,1,1
151,2,1161.00,111.00,32.00,30.00,0.9115,1,1
151,4,879.00,208.00,43.00,40.00,0.9115,1,1
151,8,1113.00,211.00,18.00,30.00,0.2902,1,1
151,12,1540.00,411.00,67.00,53.00,0.9254,1,1
151,14,1398.00,604.00,28.00,45.00,0.8802,1,1
151,15,1385.00,385.00,38.00,34.00,0.7441,1,1
151,16,1330.00,557.00,32.00,34.00,0.2674,1,1
152,1,1366.00,346.00,68.00,43.00,0.9391,1,1
152,2,1159.00,111.00,32.00,30.00,0.9226,1,1
152,4,879.00,208.00,43.00,40.00,0.9119,1,1
152,8,1125.00,207.00,18.00,29.00,0.2902,1,1
152,12,1540.00,410.00,67.00,54.00,0.9249,1,1
152,14,1398.00,602.00,28.00,45.00,0.8816,1,1
152,15,1386.00,385.00,37.00,34.00,0.7909,1,1
152,16,1330.00,558.00,32.00,33.00,0.2674,1,1
153,1,1367.00,349.00,68.00,41.00,0.9516,1,1
153,2,1158.00,111.00,32.00,29.00,0.9144,1,1
153,4,879.00,208.00,43.00,40.00,0.9114,1,1
153,12,1540.00,411.00,66.00,53.00,0.9256,1,1
153,14,1398.00,601.00,28.00,44.00,0.8784,1,1
153,15,1389.00,386.00,35.00,35.00,0.8878,1,1
154,1,1368.00,350.00,70.00,41.00,0.9432,1,1
154,2,1156.00,109.00,32.00,30.00,0.9207,1,1
154,4,880.00,208.00,42.00,41.00,0.9105,1,1
154,12,1540.00,411.00,66.00,53.00,0.9277,1,1
154,14,1395.00,600.00,30.00,45.00,0.8730,1,1
154,15,1391.00,386.00,34.00,35.00,0.8852,1,1
154,16,1330.00,559.00,29.00,30.00,0.2890,1,1
155,1,1368.00,350.00,70.00,41.00,0.9433,1,1
155,2,1156.00,109.00,32.00,30.00,0.9208,1,1
155,4,880.00,208.00,42.00,41.00,0.9092,1,1
155,12,1540.00,411.00,66.00,52.00,0.9275,1,1
155,14,1395.00,600.00,30.00,45.00,0.8727,1,1
155,15,1391.00,386.00,33.00,35.00,0.8818,1,1
155,16,1330.00,559.00,29.00,30.00,0.3471,1,1
156,1,1370.00,350.00,70.00,41.00,0.9431,1,1
156,2,1151.00,106.00,32.00,30.00,0.9125,1,1
156,4,879.00,208.00,43.00,40.00,0.9090,1,1
156,12,1537.00,410.00,69.00,53.00,0.9282,1,1
156,14,1394.00,599.00,30.00,46.00,0.8390,1,1
156,15,1392.00,387.00,33.00,35.00,0.8669,1,1
156,16,1330.00,559.00,29.00,31.00,0.3603,1,1
157,1,1370.00,350.00,70.00,41.00,0.9431,1,1
157,2,1150.00,107.00,31.00,28.00,0.8943,1,1
157,4,879.00,208.00,43.00,41.00,0.9084,1,1
157,8,1108.00,213.00,17.00,32.00,0.3574,1,1
157,12,1536.00,410.00,70.00,53.00,0.9279,1,1
157,14,1394.00,598.00,30.00,46.00,0.8519,1,1
157,15,1391.00,387.00,34.00,35.00,0.8900,1,1
157,16,1330.00,558.00,31.00,35.00,0.4694,1,1
158,1,1370.00,350.00,71.00,42.00,0.9428,1,1
158,2,1148.00,107.00,30.00,28.00,0.9096,1,1
158,4,880.00,208.00,42.00,41.00,0.9101,1,1
158,8,1108.00,214.00,16.00,30.00,0.4865,1,1
158,12,1535.00,409.00,71.00,53.00,0.9307,1,1
158,14,1394.00,597.00,29.00,46.00,0.8398,1,1
158,15,1392.00,387.00,33.00,35.00,0.8814,1,1
158,16,1330.00,558.00,31.00,34.00,0.4440,1,1
159,1,1370.00,350.00,71.00,42.00,0.9416,1,1
159,2,1146.00,105.00,29.00,30.00,0.9137,1,1
159,4,878.00,208.00,42.00,41.00,0.9137,1,1
159,8,1107.00,214.00,15.00,28.00,0.2942,1,1
159,12,1534.00,409.00,72.00,53.00,0.9329,1,1
159,14,1393.00,597.00,30.00,45.00,0.8258,1,1
159,15,1391.00,388.00,34.00,35.00,0.8617,1,1
159,16,1329.00,557.00,32.00,35.00,0.5619,1,1
160,1,1370.00,351.00,71.00,41.00,0.9402,1,1
160,2,1143.00,104.00,30.00,29.00,0.9021,1,1
160,4,878.00,208.00,42.00,41.00,0.9142,1,1
160,8,1111.00,214.00,15.00,28.00,0.2942,1,1
160,12,1534.00,409.00,71.00,52.00,0.9323,1,1
160,14,1393.00,596.00,29.00,46.00,0.8235,1,1
160,15,1391.00,387.00,35.00,37.00,0.8540,1,1
160,16,1327.00,559.00,34.00,34.00,0.7659,1,1
161,1,1370.00,351.00,72.00,41.00,0.9402,1,1
161,2,1143.00,104.00,30.00,29.00,0.9023,1,1
161,4,878.00,208.00,42.00,41.00,0.9142,1,1
161,12,1534.00,409.00,71.00,52.00,0.9319,1,1
161,14,1393.00,596.00,29.00,46.00,0.8148,1,1
161,15,1391.00,387.00,35.00,37.00,0.8543,1,1
161,16,1327.00,559.00,34.00,34.00,0.7655,1,1
162,1,1370.00,349.00,71.00,43.00,0.9461,1,1
162,2,1139.00,101.00,30.00,29.00,0.8896,1,1
162,4,879.00,208.00,41.00,41.00,0.9200,1,1
162,12,1532.00,407.00,72.00,54.00,0.9284,1,1
162,14,1392.00,596.00,30.00,46.00,0.8635,1,1
162,15,1390.00,387.00,36.00,36.00,0.8566,1,1
162,16,1329.00,557.00,32.00,34.00,0.6451,1,1
163,1,1369.00,349.00,73.00,42.00,0.9467,1,1
163,2,1137.00,102.00,29.00,27.00,0.8909,1,1
163,4,877.00,208.00,43.00,41.00,0.9250,1,1
163,12,1532.00,407.00,72.00,53.00,0.9315,1,1
163,14,1392.00,596.00,29.00,46.00,0.8489,1,1
163,15,1391.00,386.00,35.00,37.00,0.8484,1,1
163,16,1333.00,557.00,31.00,35.00,0.5089,1,1
164,1,1368.00,349.00,73.00,42.00,0.9476,1,1
164,2,1136.00,101.00,29.00,28.00,0.9049,1,1
164,4,876.00,208.00,44.00,41.00,0.9236,1,1
164,12,1531.00,407.00,72.00,53.00,0.9312,1,1
164,14,1392.00,596.00,29.00,46.00,0.8501,1,1
164,15,1391.00,387.00,34.00,36.00,0.8526,1,1
164,16,1333.00,557.00,30.00,35.00,0.4602,1,1
165,1,1367.00,349.00,74.00,42.00,0.9476,1,1
165,2,1135.00,100.00,30.00,27.00,0.9105,1,1
165,4,875.00,208.00,46.00,41.00,0.9252,1,1
165,12,1530.00,406.00,74.00,54.00,0.9321,1,1
165,14,1392.00,595.00,29.00,47.00,0.8482,1,1
165,15,1390.00,387.00,35.00,36.00,0.8557,1,1
165,16,1333.00,557.00,31.00,36.00,0.3306,1,1
166,1,1367.00,347.00,73.00,43.00,0.9427,1,1
166,2,1133.00,98.00,29.00,28.00,0.9104,1,1
166,4,875.00,208.00,46.00,41.00,0.9236,1,1
166,12,1529.00,406.00,74.00,54.00,0.9291,1,1
166,14,1392.00,595.00,29.00,47.00,0.8475,1,1
166,15,1388.00,386.00,36.00,37.00,0.8775,1,1
166,16,1334.00,557.00,30.00,36.00,0.3995,1,1
167,1,1367.00,347.00,73.00,43.00,0.9428,1,1
167,2,1133.00,98.00,29.00,28.00,0.9106,1,1
167,4,875.00,208.00,46.00,41.00,0.9235,1,1
167,12,1529.00,406.00,74.00,54.00,0.9288,1,1
167,14,1392.00,595.00,29.00,47.00,0.8482,1,1
167,15,1388.00,386.00,36.00,37.00,0.8794,1,1
167,16,1334.00,557.00,30.00,36.00,0.3876,1,1
168,1,1366.00,346.00,72.00,42.00,0.9401,1,1
168,2,1132.00,97.00,27.00,29.00,0.8989,1,1
168,4,875.00,208.00,45.00,41.00,0.9256,1,1
168,12,1528.00,405.00,74.00,52.00,0.9314,1,1
168,14,1393.00,596.00,28.00,46.00,0.8021,1,1
168,15,1389.00,385.00,35.00,36.00,0.5967,1,1
168,16,1337.00,555.00,29.00,37.00,0.8036,1,1
169,1,1366.00,346.00,72.00,41.00,0.9401,1,1
169,2,1131.00,97.00,28.00,27.00,0.8912,1,1
169,4,875.00,208.00,45.00,41.00,0.9257,1,1
169,12,1527.00,404.00,75.00,52.00,0.9312,1,1
169,14,1394.00,596.00,27.00,46.00,0.7837,1,1
169,15,1389.00,384.00,34.00,37.00,0.7530,1,1
169,16,1337.00,553.00,31.00,37.00,0.7097,1,1
170,1,1366.00,346.00,72.00,41.00,0.9412,1,1
170,2,1130.00,98.00,29.00,27.00,0.8999,1,1
170,4,875.00,208.00,45.00,42.00,0.9251,1,1
170,12,1527.00,404.00,75.00,53.00,0.9325,1,1
170,14,1394.00,597.00,27.00,45.00,0.8256,1,1
170,15,1389.00,383.00,34.00,37.00,0.8166,1,1
170,16,1338.00,553.00,31.00,37.00,0.5848,1,1
171,1,1365.00,346.00,73.00,41.00,0.9399,1,1
171,2,1130.00,97.00,28.00,27.00,0.9005,1,1
171,4,875.00,208.00,45.00,42.00,0.9234,1,1
171,12,1527.00,404.00,74.00,52.00,0.9315,1,1
171,14,1394.00,597.00,28.00,45.00,0.8294,1,1
171,15,1388.00,383.00,35.00,38.00,0.8186,1,1
171,16,1338.00,553.00,31.00,37.00,0.5848,1,1
172,1,1365.00,346.00,72.00,41.00,0.9382,1,1
172,2,1129.00,96.00,29.00,27.00,0.8982,1,1
172,4,876.00,208.00,44.00,42.00,0.9240,1,1
172,12,1527.00,403.00,73.00,53.00,0.9327,1,1
172,14,1394.00,598.00,28.00,44.00,0.8327,1,1
172,15,1389.00,383.00,35.00,37.00,0.5861,1,1
173,1,1365.00,346.00,72.00,41.00,0.9389,1,1
173,2,1129.00,97.00,29.00,26.00,0.8989,1,1
173,4,876.00,208.00,44.00,42.00,0.9239,1,1
173,12,1527.00,403.00,74.00,53.00,0.9231,1,1
173,14,1394.00,598.00,28.00,44.00,0.8334,1,1
173,15,1390.00,383.00,34.00,37.00,0.5642,1,1
174,1,1364.00,346.00,73.00,41.00,0.9403,1,1
174,2,1129.00,96.00,29.00,27.00,0.8945,1,1
174,4,877.00,208.00,43.00,42.00,0.9247,1,1
174,12,1523.00,401.00,72.00,53.00,0.9253,1,1
174,14,1395.00,598.00,28.00,44.00,0.8280,1,1
174,15,1390.00,383.00,34.00,36.00,0.5059,1,1
175,1,1364.00,346.00,73.00,41.00,0.9383,1,1
175,2,1129.00,95.00,29.00,28.00,0.8957,1,1
175,4,877.00,208.00,43.00,42.00,0.9278,1,1
175,12,1522.00,400.00,74.00,53.00,0.9214,1,1
175,14,1395.00,598.00,28.00,45.00,0.8335,1,1
175,15,1390.00,383.00,33.00,36.00,0.5078,1,1
176,1,1364.00,346.00,72.00,41.00,0.9383,1,1
176,2,1130.00,95.00,29.00,28.00,0.9036,1,1
176,4,877.00,208.00,43.00,41.00,0.9284,1,1
176,12,1522.00,400.00,73.00,53.00,0.9243,1,1
176,14,1395.00,598.00,28.00,46.00,0.8599,1,1
176,15,1390.00,383.00,32.00,36.00,0.5625,1,1
177,1,1364.00,346.00,73.00,41.00,0.9366,1,1
177,2,1130.00,93.00,29.00,29.00,0.9069,1,1
177,4,877.00,208.00,43.00,41.00,0.9317,1,1
177,12,1519.00,400.00,77.00,53.00,0.9269,1,1
177,14,1394.00,598.00,29.00,46.00,0.8785,1,1
177,15,1390.00,383.00,32.00,37.00,0.6415,1,1
178,1,1364.00,347.00,72.00,41.00,0.9370,1,1
178,2,1132.00,91.00,28.00,30.00,0.9100,1,1
178,4,878.00,208.00,42.00,41.00,0.9319,1,1
178,8,864.00,314.00,24.00,29.00,0.3321,1,1
178,12,1518.00,399.00,77.00,54.00,0.9291,1,1
178,14,1395.00,599.00,28.00,46.00,0.8928,1,1
178,15,1391.00,384.00,32.00,36.00,0.6297,1,1
179,1,1364.00,347.00,72.00,41.00,0.9369,1,1
179,2,1132.00,91.00,28.00,30.00,0.9100,1,1
179,4,878.00,208.00,42.00,41.00,0.9320,1,1
179,8,864.00,314.00,24.00,29.00,0.3386,1,1
179,12,1518.00,399.00,77.00,54.00,0.9286,1,1
179,14,1395.00,599.00,28.00,46.00,0.8913,1,1
179,15,1391.00,384.00,32.00,36.00,0.6569,1,1
180,1,1364.00,347.00,73.00,41.00,0.9405,1,1
180,2,1133.00,90.00,28.00,28.00,0.8986,1,1
180,4,878.00,208.00,44.00,42.00,0.9295,1,1
180,8,855.00,319.00,24.00,29.00,0.3386,1,1
180,12,1516.00,397.00,77.00,54.00,0.9284,1,1
180,14,1395.00,599.00,28.00,46.00,0.8971,1,1
180,15,1391.00,384.00,33.00,36.00,0.7777,1,1
181,1,1365.00,347.00,72.00,42.00,0.9418,1,1
181,2,1133.00,90.00,28.00,28.00,0.8989,1,1
181,4,879.00,208.00,43.00,42.00,0.9202,1,1
181,12,1516.00,397.00,79.00,55.00,0.9257,1,1
181,14,1395.00,599.00,28.00,46.00,0.8942,1,1
181,15,1390.00,385.00,34.00,34.00,0.8216,1,1
182,1,1366.00,348.00,72.00,42.00,0.9494,1,1
182,2,1133.00,90.00,27.00,27.00,0.8923,1,1
182,4,878.00,208.00,44.00,42.00,0.9165,1,1
182,12,1515.00,397.00,78.00,53.00,0.9320,1,1
182,14,1395.00,598.00,28.00,47.00,0.8891,1,1
182,15,1389.00,386.00,35.00,35.00,0.8301,1,1
183,1,1366.00,349.00,70.00,41.00,0.9511,1,1
183,2,1133.00,89.00,27.00,27.00,0.8902,1,1
183,4,878.00,208.00,44.00,42.00,0.9184,1,1
183,12,1514.00,397.00,77.00,53.00,0.9335,1,1
183,14,1394.00,601.00,28.00,44.00,0.8720,1,1
183,15,1388.00,386.00,36.00,36.00,0.8348,1,1
184,1,1366.00,349.00,70.00,42.00,0.9519,1,1
184,2,1133.00,87.00,26.00,27.00,0.8970,1,1
184,4,879.00,208.00,43.00,42.00,0.9164,1,1
184,12,1514.00,397.00,77.00,54.00,0.9300,1,1
184,14,1394.00,600.00,29.00,44.00,0.8711,1,1
184,15,1389.00,386.00,35.00,35.00,0.8337,1,1
185,1,1366.00,349.00,70.00,42.00,0.9524,1,1
185,2,1133.00,87.00,26.00,27.00,0.8967,1,1
185,4,879.00,208.00,43.00,42.00,0.9167,1,1
185,12,1514.00,397.00,77.00,54.00,0.9299,1,1
185,14,1394.00,600.00,29.00,44.00,0.8702,1,1
185,15,1389.00,386.00,35.00,35.00,0.8363,1,1
186,1,1366.00,348.00,70.00,43.00,0.9503,1,1
186,2,1130.00,87.00,27.00,26.00,0.9006,1,1
186,4,880.00,208.00,43.00,43.00,0.9213,1,1
186,12,1512.00,395.00,77.00,55.00,0.9255,1,1
186,14,1394.00,599.00,28.00,45.00,0.8585,1,1
186,15,1390.00,386.00,33.00,35.00,0.8371,1,1
187,1,1366.00,348.00,70.00,43.00,0.9492,1,1
187,2,1128.00,86.00,28.00,26.00,0.8989,1,1
187,4,879.00,208.00,45.00,44.00,0.9212,1,1
187,12,1511.00,394.00,78.00,57.00,0.9281,1,1
187,14,1393.00,599.00,29.00,45.00,0.8634,1,1
187,15,1390.00,387.00,34.00,34.00,0.8309,1,1
188,1,1365.00,348.00,71.00,43.00,0.9491,1,1
188,2,1128.00,85.00,27.00,25.00,0.9026,1,1
188,4,880.00,209.00,44.00,43.00,0.9209,1,1
188,12,1510.00,395.00,79.00,56.00,0.9281,1,1
188,14,1394.00,599.00,28.00,45.00,0.8607,1,1
188,15,1386.00,386.00,37.00,36.00,0.8179,1,1
189,1,1365.00,348.00,71.00,43.00,0.9508,1,1
189,2,1126.00,85.00,28.00,23.00,0.9008,1,1
189,4,881.00,209.00,43.00,43.00,0.9174,1,1
189,12,1511.00,395.00,77.00,56.00,0.9292,1,1
189,14,1393.00,598.00,28.00,46.00,0.8729,1,1
189,15,1388.00,386.00,35.00,35.00,0.8294,1,1
190,1,1365.00,348.00,71.00,43.00,0.9509,1,1
190,2,1125.00,84.00,29.00,23.00,0.8992,1,1
190,4,881.00,210.00,44.00,42.00,0.9161,1,1
190,12,1511.00,393.00,75.00,58.00,0.9277,1,1
190,14,1393.00,599.00,29.00,46.00,0.8751,1,1
190,15,1389.00,387.00,34.00,34.00,0.8340,1,1
191,1,1365.00,348.00,71.00,43.00,0.9510,1,1
191,2,1125.00,84.00,29.00,23.00,0.8994,1,1
191,4,881.00,210.00,44.00,42.00,0.9151,1,1
191,12,1511.00,394.00,75.00,57.00,0.9272,1,1
191,14,1393.00,599.00,29.00,46.00,0.8759,1,1
191,15,1389.00,387.00,34.00,34.00,0.8347,1,1
192,1,1363.00,348.00,74.00,43.00,0.9465,1,1
192,2,1122.00,85.00,30.00,22.00,0.9100,1,1
192,4,881.00,210.00,45.00,42.00,0.9118,1,1
192,12,1511.00,392.00,71.00,58.00,0.9311,1,1
192,14,1393.00,601.00,28.00,44.00,0.8666,1,1
192,15,1391.00,387.00,32.00,34.00,0.8171,1,1
193,1,1362.00,349.00,72.00,42.00,0.9473,1,1
193,2,1122.00,85.00,30.00,22.00,0.9111,1,1
193,4,881.00,210.00,45.00,43.00,0.9106,1,1
193,12,1510.00,393.00,70.00,58.00,0.9250,1,1
193,14,1393.00,605.00,28.00,42.00,0.8770,1,1
193,15,1389.00,387.00,34.00,33.00,0.7471,1,1
194,1,1362.00,349.00,72.00,42.00,0.9467,1,1
194,2,1122.00,84.00,29.00,22.00,0.9059,1,1
194,4,881.00,210.00,45.00,43.00,0.9128,1,1
194,12,1507.00,393.00,69.00,61.00,0.9300,1,1
194,14,1392.00,609.00,27.00,41.00,0.8662,1,1
194,15,1388.00,388.00,35.00,33.00,0.8025,1,1
195,1,1362.00,349.00,72.00,42.00,0.9466,1,1
195,2,1122.00,83.00,29.00,22.00,0.9085,1,1
195,4,882.00,211.00,44.00,42.00,0.9135,1,1
195,12,1506.00,393.00,70.00,63.00,0.9311,1,1
195,14,1391.00,612.00,25.00,42.00,0.8651,1,1
195,15,1389.00,388.00,36.00,34.00,0.8112,1,1
196,1,1362.00,349.00,72.00,42.00,0.9472,1,1
196,2,1122.00,83.00,29.00,22.00,0.9084,1,1
196,4,883.00,210.00,44.00,43.00,0.9170,1,1
196,12,1506.00,395.00,71.00,60.00,0.9311,1,1
196,14,1391.00,614.00,25.00,45.00,0.8748,1,1
196,15,1388.00,388.00,36.00,34.00,0.8155,1,1
197,1,1362.00,349.00,72.00,42.00,0.9469,1,1
197,2,1122.00,83.00,29.00,22.00,0.9090,1,1
197,4,883.00,211.00,44.00,42.00,0.9168,1,1
197,12,1506.00,395.00,70.00,60.00,0.9309,1,1
197,14,1391.00,614.00,25.00,45.00,0.8765,1,1
197,15,1388.00,388.00,37.00,35.00,0.8131,1,1
198,1,1362.00,351.00,72.00,41.00,0.9402,1,1
198,2,1122.00,83.00,30.00,21.00,0.8994,1,1
198,4,883.00,211.00,44.00,42.00,0.9154,1,1
198,12,1507.00,398.00,68.00,68.00,0.9332,1,1
198,14,1392.00,622.00,23.00,42.00,0.8590,1,1
198,15,1386.00,389.00,38.00,34.00,0.8281,1,1
199,1,1361.00,352.00,73.00,40.00,0.9384,1,1
199,2,1122.00,82.00,31.00,20.00,0.8892,1,1
199,4,884.00,211.00,43.00,42.00,0.9142,1,1
199,12,1508.00,401.00,66.00,67.00,0.9373,1,1
199,14,1394.00,628.00,23.00,38.00,0.8366,1,1
199,15,1383.00,390.00,39.00,33.00,0.8276,1,1
200,1,1361.00,352.00,73.00,40.00,0.9345,1,1
200,2,1123.00,82.00,31.00,19.00,0.8747,1,1
200,4,885.00,212.00,42.00,42.00,0.9146,1,1
200,12,1509.00,402.00,65.00,67.00,0.9388,1,1
200,14,1396.00,632.00,26.00,39.00,0.8515,1,1
200,15,1381.00,390.00,39.00,34.00,0.8667,1,1
201,1,1361.00,352.00,73.00,41.00,0.9321,1,1
201,2,1124.00,81.00,32.00,19.00,0.8784,1,1
201,4,885.00,212.00,42.00,42.00,0.9170,1,1
201,12,1510.00,403.00,64.00,67.00,0.9458,1,1
201,14,1397.00,632.00,29.00,43.00,0.8970,1,1
201,15,1381.00,389.00,39.00,36.00,0.8875,1,1
202,1,1361.00,352.00,74.00,41.00,0.9312,1,1
202,2,1124.00,81.00,32.00,18.00,0.8764,1,1
202,4,885.00,212.00,43.00,42.00,0.9181,1,1
202,8,1397.00,490.00,29.00,25.00,0.6641,1,1
202,12,1510.00,403.00,63.00,66.00,0.9465,1,1
202,14,1400.00,639.00,25.00,44.00,0.8435,1,1
202,15,1382.00,389.00,38.00,36.00,0.8887,1,1
203,1,1361.00,352.00,74.00,41.00,0.9315,1,1
203,2,1124.00,81.00,32.00,18.00,0.8750,1,1
203,4,885.00,212.00,43.00,42.00,0.9186,1,1
203,8,1397.00,490.00,29.00,25.00,0.6748,1,1
203,12,1510.00,404.00,63.00,65.00,0.9476,1,1
203,14,1400.00,639.00,25.00,44.00,0.8374,1,1
203,15,1382.00,389.00,38.00,36.00,0.8866,1,1
204,1,1361.00,352.00,73.00,41.00,0.9311,1,1
204,2,1125.00,81.00,33.00,19.00,0.8740,1,1
204,4,886.00,212.00,42.00,42.00,0.9187,1,1
204,8,1400.00,490.00,30.00,26.00,0.8665,1,1
204,12,1512.00,405.00,63.00,65.00,0.9429,1,1
204,14,1405.00,649.00,25.00,43.00,0.8140,1,1
204,15,1383.00,390.00,36.00,35.00,0.8817,1,1
205,1,1360.00,352.00,74.00,42.00,0.9326,1,1
205,2,1127.00,80.00,33.00,19.00,0.8242,1,1
205,4,886.00,212.00,42.00,42.00,0.9188,1,1
205,8,1406.00,492.00,27.00,24.00,0.6222,1,1
205,12,1512.00,405.00,63.00,68.00,0.9448,1,1
205,14,1407.00,652.00,25.00,41.00,0.6520,1,1
205,15,1382.00,390.00,37.00,34.00,0.8818,1,1
206,1,1361.00,352.00,73.00,42.00,0.9342,1,1
206,2,1128.00,79.00,33.00,20.00,0.7674,1,1
206,4,886.00,212.00,43.00,42.00,0.9192,1,1
206,8,1409.00,492.00,26.00,24.00,0.7373,1,1
206,12,1512.00,407.00,64.00,67.00,0.9425,1,1
206,14,1408.00,654.00,24.00,40.00,0.3297,1,1
206,15,1382.00,390.00,37.00,34.00,0.8815,1,1
207,1,1360.00,352.00,74.00,42.00,0.9335,1,1
207,2,1129.00,79.00,32.00,20.00,0.7508,1,1
207,4,887.00,212.00,42.00,42.00,0.9199,1,1
207,8,1406.00,490.00,29.00,26.00,0.7783,1,1
207,12,1512.00,406.00,63.00,68.00,0.9424,1,1
207,14,1409.00,657.00,25.00,40.00,0.3297,1,1
207,15,1382.00,390.00,37.00,34.00,0.8747,1,1
208,1,1360.00,352.00,74.00,42.00,0.9340,1,1
208,2,1130.00,79.00,32.00,20.00,0.6837,1,1
208,4,887.00,212.00,42.00,41.00,0.9220,1,1
208,8,1410.00,491.00,27.00,24.00,0.7222,1,1
208,12,1512.00,406.00,63.00,68.00,0.9426,1,1
208,15,1382.00,390.00,38.00,34.00,0.8758,1,1
209,1,1360.00,352.00,74.00,42.00,0.9341,1,1
209,2,1130.00,79.00,32.00,20.00,0.6821,1,1
209,4,887.00,212.00,42.00,41.00,0.9221,1,1
209,8,1410.00,491.00,27.00,24.00,0.7254,1,1
209,12,1512.00,406.00,63.00,68.00,0.9425,1,1
209,15,1382.00,390.00,38.00,34.00,0.8766,1,1
210,1,1360.00,352.00,74.00,42.00,0.9336,1,1
210,2,1133.00,80.00,29.00,21.00,0.6827,1,1
210,4,888.00,212.00,41.00,41.00,0.9235,1,1
210,8,1407.00,490.00,29.00,27.00,0.6419,1,1
210,12,1512.00,407.00,64.00,67.00,0.9430,1,1
210,14,1411.00,657.00,24.00,42.00,0.6396,1,1
210,15,1382.00,390.00,39.00,34.00,0.8762,1,1
211,1,1359.00,352.00,75.00,42.00,0.9337,1,1
211,2,1135.00,81.00,29.00,21.00,0.8549,1,1
211,4,888.00,212.00,41.00,41.00,0.9235,1,1
211,8,1408.00,490.00,29.00,26.00,0.7237,1,1
211,12,1512.00,408.00,63.00,67.00,0.9441,1,1
211,14,1411.00,657.00,25.00,43.00,0.7258,1,1
211,15,1379.00,388.00,40.00,37.00,0.8932,1,1
212,1,1358.00,352.00,76.00,41.00,0.9340,1,1
212,2,1135.00,80.00,29.00,22.00,0.8703,1,1
212,4,888.00,212.00,41.00,41.00,0.9236,1,1
212,8,1409.00,491.00,28.00,25.00,0.7521,1,1
212,12,1511.00,407.00,65.00,68.00,0.9385,1,1
212,14,1411.00,656.00,25.00,44.00,0.8097,1,1
212,15,1378.00,388.00,41.00,37.00,0.8987,1,1
213,1,1358.00,352.00,75.00,41.00,0.9358,1,1
213,2,1135.00,81.00,29.00,21.00,0.8775,1,1
213,4,889.00,211.00,40.00,42.00,0.9210,1,1
213,8,1409.00,491.00,27.00,25.00,0.8141,1,1
213,12,1511.00,408.00,65.00,68.00,0.9403,1,1
213,14,1411.00,656.00,25.00,42.00,0.7517,1,1
213,15,1377.00,388.00,41.00,37.00,0.9028,1,1
214,1,1358.00,352.00,75.00,41.00,0.9364,1,1
214,2,1135.00,81.00,29.00,21.00,0.8794,1,1
214,4,889.00,211.00,40.00,42.00,0.9220,1,1
214,8,1410.00,492.00,29.00,23.00,0.8558,1,1
214,12,1510.00,407.00,66.00,69.00,0.9383,1,1
214,14,1411.00,655.00,25.00,42.00,0.8149,1,1
214,15,1377.00,388.00,40.00,37.00,0.9025,1,1
215,1,1358.00,352.00,75.00,41.00,0.9362,1,1
215,2,1135.00,81.00,29.00,21.00,0.8782,1,1
215,4,889.00,211.00,40.00,42.00,0.9220,1,1
215,8,1410.00,492.00,29.00,23.00,0.8570,1,1
215,12,1510.00,408.00,66.00,68.00,0.9382,1,1
215,14,1411.00,655.00,25.00,42.00,0.8297,1,1
215,15,1377.00,388.00,41.00,37.00,0.9020,1,1
216,1,1358.00,353.00,74.00,40.00,0.9346,1,1
216,2,1136.00,82.00,28.00,22.00,0.8925,1,1
216,4,889.00,211.00,40.00,41.00,0.9222,1,1
216,8,1410.00,491.00,28.00,24.00,0.8874,1,1
216,12,1506.00,407.00,70.00,70.00,0.9365,1,1
216,14,1411.00,655.00,25.00,41.00,0.7203,1,1
216,15,1376.00,388.00,41.00,36.00,0.8641,1,1
217,1,1358.00,353.00,75.00,40.00,0.9342,1,1
217,2,1136.00,82.00,28.00,22.00,0.9031,1,1
217,4,889.00,210.00,40.00,42.00,0.9223,1,1
217,8,1409.00,490.00,28.00,25.00,0.8913,1,1
217,12,1504.00,407.00,71.00,70.00,0.9492,1,1
217,14,1411.00,659.00,26.00,39.00,0.7907,1,1
217,15,1377.00,389.00,40.00,36.00,0.8691,1,1
218,1,1359.00,353.00,74.00,41.00,0.9372,1,1
218,2,1136.00,81.00,28.00,23.00,0.9085,1,1
218,4,888.00,209.00,41.00,43.00,0.9170,1,1
218,8,1409.00,490.00,31.00,25.00,0.8988,1,1
218,12,1502.00,407.00,73.00,71.00,0.9489,1,1
218,14,1411.00,661.00,26.00,37.00,0.8241,1,1
218,15,1378.00,390.00,40.00,34.00,0.8737,1,1
219,1,1359.00,353.00,74.00,41.00,0.9361,1,1
219,2,1136.00,81.00,28.00,22.00,0.9050,1,1
219,4,888.00,208.00,41.00,43.00,0.9160,1,1
219,8,1409.00,492.00,30.00,23.00,0.8466,1,1
219,12,1501.00,407.00,73.00,69.00,0.9476,1,1
219,14,1412.00,667.00,25.00,35.00,0.6052,1,1
219,15,1377.00,390.00,41.00,35.00,0.8755,1,1
220,1,1360.00,354.00,73.00,41.00,0.9352,1,1
220,2,1136.00,81.00,27.00,22.00,0.9051,1,1
220,4,889.00,208.00,40.00,42.00,0.9120,1,1
220,8,1413.00,493.00,31.00,23.00,0.8466,1,1
220,12,1500.00,406.00,71.00,70.00,0.9449,1,1
220,14,1412.00,667.00,26.00,35.00,0.8447,1,1
220,15,1377.00,390.00,40.00,35.00,0.8558,1,1
221,1,1360.00,354.00,73.00,41.00,0.9352,1,1
221,2,1136.00,80.00,27.00,23.00,0.9013,1,1
221,4,889.00,207.00,40.00,43.00,0.9109,1,1
221,12,1500.00,405.00,71.00,71.00,0.9448,1,1
221,14,1412.00,667.00,26.00,35.00,0.8601,1,1
221,15,1377.00,389.00,40.00,36.00,0.8566,1,1
222,1,1362.00,357.00,72.00,42.00,0.9334,1,1
222,2,1136.00,80.00,25.00,23.00,0.8883,1,1
222,4,889.00,207.00,40.00,42.00,0.9100,1,1
222,12,1497.00,404.00,68.00,72.00,0.9416,1,1
222,14,1412.00,671.00,28.00,35.00,0.8732,1,1
222,15,1377.00,393.00,40.00,37.00,0.5736,1,1
223,1,1362.00,357.00,73.00,43.00,0.9341,1,1
223,2,1136.00,80.00,25.00,22.00,0.8907,1,1
223,4,888.00,205.00,41.00,43.00,0.9154,1,1
223,12,1493.00,404.00,71.00,71.00,0.9383,1,1
223,14,1412.00,673.00,29.00,35.00,0.7579,1,1
223,15,1377.00,396.00,40.00,33.00,0.7020,1,1
224,1,1365.00,357.00,69.00,45.00,0.9372,1,1
224,2,1135.00,79.00,24.00,23.00,0.8632,1,1
224,4,886.00,202.00,42.00,44.00,0.9174,1,1
224,12,1489.00,404.00,72.00,71.00,0.9496,1,1
224,14,1412.00,674.00,29.00,36.00,0.8083,1,1
224,15,1378.00,397.00,39.00,34.00,0.7035,1,1
225,1,1365.00,357.00,70.00,47.00,0.9369,1,1
225,2,1135.00,79.00,24.00,22.00,0.8611,1,1
225,4,886.00,202.00,42.00,44.00,0.9210,1,1
225,12,1487.00,403.00,72.00,73.00,0.9464,1,1
225,14,1412.00,675.00,29.00,35.00,0.8758,1,1
225,15,1379.00,397.00,37.00,35.00,0.8144,1,1
226,1,1366.00,358.00,69.00,49.00,0.9300,1,1
226,2,1134.00,80.00,24.00,22.00,0.8443,1,1
226,4,885.00,201.00,43.00,43.00,0.9226,1,1
226,12,1485.00,403.00,73.00,72.00,0.9407,1,1
226,14,1412.00,675.00,30.00,35.00,0.8838,1,1
226,15,1379.00,399.00,40.00,34.00,0.7486,1,1
227,1,1366.00,357.00,69.00,50.00,0.9294,1,1
227,2,1134.00,81.00,24.00,21.00,0.8457,1,1
227,4,885.00,201.00,43.00,43.00,0.9215,1,1
227,12,1485.00,403.00,72.00,72.00,0.9419,1,1
227,14,1412.00,675.00,30.00,35.00,0.8800,1,1
227,15,1379.00,399.00,40.00,34.00,0.7652,1,1
228,1,1368.00,358.00,66.00,54.00,0.9228,1,1
228,2,1132.00,83.00,23.00,20.00,0.8534,1,1
228,4,886.00,197.00,42.00,45.00,0.9222,1,1
228,8,1349.00,586.00,26.00,36.00,0.8075,1,1
228,12,1484.00,403.00,74.00,71.00,0.9397,1,1
228,14,1413.00,676.00,32.00,35.00,0.9136,1,1
228,15,1380.00,403.00,40.00,34.00,0.3650,1,1
229,1,1368.00,359.00,67.00,53.00,0.9133,1,1
229,2,1130.00,86.00,22.00,18.00,0.8584,1,1
229,4,886.00,197.00,42.00,45.00,0.9241,1,1
229,8,1345.00,590.00,27.00,37.00,0.8657,1,1
229,12,1484.00,403.00,73.00,71.00,0.9430,1,1
229,14,1414.00,677.00,32.00,34.00,0.9175,1,1
229,15,1380.00,404.00,40.00,34.00,0.3650,1,1
230,1,1368.00,364.00,66.00,49.00,0.9273,1,1
230,2,1129.00,88.00,22.00,17.00,0.8602,1,1
230,4,886.00,195.00,42.00,46.00,0.9218,1,1
230,8,1341.00,589.00,28.00,37.00,0.3787,1,1
230,12,1483.00,403.00,74.00,70.00,0.9401,1,1
230,14,1415.00,678.00,31.00,34.00,0.9172,1,1
231,1,1368.00,365.00,67.00,49.00,0.9310,1,1
231,2,1127.00,90.00,23.00,16.00,0.8501,1,1
231,4,888.00,194.00,39.00,43.00,0.9084,1,1
231,8,1338.00,587.00,31.00,39.00,0.6238,1,1
231,12,1482.00,402.00,75.00,70.00,0.9394,1,1
231,14,1416.00,678.00,31.00,34.00,0.9193,1,1
231,17,890.00,316.00,35.00,31.00,0.5513,1,1
232,1,1368.00,366.00,67.00,48.00,0.9333,1,1
232,2,1125.00,92.00,23.00,16.00,0.8666,1,1
232,4,886.00,192.00,39.00,40.00,0.9066,1,1
232,8,1338.00,585.00,31.00,41.00,0.6088,1,1
232,12,1481.00,401.00,75.00,70.00,0.9361,1,1
232,14,1419.00,676.00,30.00,35.00,0.9161,1,1
232,17,890.00,316.00,35.00,31.00,0.5513,1,1
233,1,1368.00,366.00,67.00,48.00,0.9329,1,1
233,2,1125.00,92.00,23.00,16.00,0.8678,1,1
233,4,887.00,192.00,38.00,40.00,0.9065,1,1
233,8,1338.00,585.00,31.00,41.00,0.6497,1,1
233,12,1481.00,401.00,74.00,70.00,0.9374,1,1
233,14,1419.00,676.00,30.00,35.00,0.9152,1,1
234,1,1366.00,366.00,68.00,49.00,0.9334,1,1
234,2,1123.00,95.00,21.00,15.00,0.8243,1,1
234,4,886.00,188.00,36.00,39.00,0.9056,1,1
234,8,1338.00,583.00,29.00,41.00,0.6853,1,1
234,12,1480.00,401.00,74.00,65.00,0.9404,1,1
234,14,1422.00,674.00,32.00,37.00,0.8924,1,1
235,1,1364.00,363.00,70.00,51.00,0.9310,1,1
235,2,1122.00,97.00,21.00,14.00,0.7154,1,1
235,4,885.00,186.00,36.00,39.00,0.9113,1,1
235,8,1337.00,584.00,26.00,40.00,0.7756,1,1
235,12,1480.00,400.00,73.00,65.00,0.9419,1,1
235,14,1424.00,674.00,32.00,37.00,0.8908,1,1
236,1,1363.00,363.00,70.00,49.00,0.9264,1,1
236,2,1122.00,98.00,20.00,14.00,0.6372,1,1
236,4,884.00,182.00,36.00,39.00,0.9125,1,1
236,8,1337.00,584.00,26.00,40.00,0.8493,1,1
236,12,1480.00,399.00,72.00,66.00,0.9405,1,1
236,14,1426.00,674.00,32.00,36.00,0.8981,1,1
237,1,1360.00,359.00,73.00,48.00,0.9349,1,1
237,2,1121.00,100.00,20.00,12.00,0.6820,1,1
237,4,884.00,181.00,35.00,35.00,0.9014,1,1
237,8,1337.00,584.00,25.00,40.00,0.8735,1,1
237,12,1480.00,399.00,73.00,64.00,0.9422,1,1
237,14,1428.00,676.00,31.00,35.00,0.9054,1,1
237,15,1479.00,445.00,41.00,43.00,0.2977,1,1
237,17,885.00,307.00,39.00,35.00,0.2636,1,1
238,1,1359.00,357.00,73.00,48.00,0.9313,1,1
238,2,1119.00,102.00,22.00,13.00,0.5532,1,1
238,4,884.00,179.00,35.00,34.00,0.9085,1,1
238,8,1335.00,585.00,26.00,39.00,0.8796,1,1
238,12,1479.00,398.00,74.00,64.00,0.9429,1,1
238,14,1429.00,677.00,31.00,33.00,0.9024,1,1
238,15,1480.00,444.00,40.00,44.00,0.4035,1,1
238,17,884.00,306.00,40.00,35.00,0.2636,1,1
239,1,1359.00,357.00,73.00,48.00,0.9312,1,1
239,2,1119.00,102.00,22.00,13.00,0.5512,1,1
239,4,884.00,179.00,35.00,34.00,0.9087,1,1
239,8,1335.00,585.00,26.00,39.00,0.8796,1,1
239,12,1479.00,398.00,74.00,64.00,0.9428,1,1
239,14,1430.00,677.00,30.00,33.00,0.9031,1,1
239,15,1480.00,444.00,41.00,44.00,0.4458,1,1
240,1,1354.00,355.00,73.00,45.00,0.9317,1,1
240,2,1119.00,103.00,22.00,15.00,0.8126,1,1
240,4,882.00,175.00,35.00,33.00,0.8959,1,1
240,8,1337.00,583.00,24.00,38.00,0.8159,1,1
240,12,1479.00,398.00,73.00,63.00,0.9415,1,1
240,14,1431.00,678.00,30.00,32.00,0.8979,1,1
240,15,1486.00,447.00,41.00,44.00,0.4458,1,1
240,17,879.00,302.00,41.00,30.00,0.3230,1,1
241,1,1352.00,352.00,72.00,45.00,0.9418,1,1
241,2,1118.00,103.00,23.00,15.00,0.7607,1,1
241,4,881.00,172.00,35.00,31.00,0.9038,1,1
241,8,1336.00,582.00,25.00,37.00,0.8518,1,1
241,12,1480.00,398.00,72.00,64.00,0.9423,1,1
241,14,1432.00,678.00,29.00,32.00,0.8993,1,1
241,15,1368.00,390.00,40.00,36.00,0.6978,1,1
241,17,879.00,300.00,40.00,30.00,0.5882,1,1
241,18,1042.00,64.00,27.00,16.00,0.4681,1,1
242,1,1351.00,349.00,71.00,44.00,0.9479,1,1
242,2,1118.00,103.00,22.00,15.00,0.8108,1,1
242,4,880.00,167.00,35.00,32.00,0.8972,1,1
242,8,1338.00,582.00,23.00,39.00,0.8481,1,1
242,12,1479.00,396.00,73.00,66.00,0.9427,1,1
242,14,1432.00,678.00,29.00,32.00,0.8967,1,1
242,15,1368.00,388.00,37.00,36.00,0.7687,1,1
242,17,877.00,297.00,33.00,32.00,0.7884,1,1
242,18,1042.00,64.00,27.00,16.00,0.5753,1,1
243,1,1348.00,347.00,73.00,44.00,0.9426,1,1
243,2,1118.00,103.00,22.00,15.00,0.7494,1,1
243,4,878.00,165.00,37.00,31.00,0.9003,1,1
243,8,1335.00,580.00,28.00,39.00,0.8824,1,1
243,12,1480.00,396.00,72.00,65.00,0.9400,1,1
243,14,1432.00,678.00,29.00,33.00,0.8984,1,1
243,15,1371.00,386.00,33.00,35.00,0.5341,1,1
243,17,877.00,296.00,37.00,33.00,0.4997,1,1
243,18,1041.00,64.00,28.00,17.00,0.5303,1,1
243,19,886.00,193.00,23.00,20.00,0.4848,1,1
244,1,1347.00,347.00,74.00,44.00,0.9428,1,1
244,2,1117.00,103.00,23.00,15.00,0.6858,1,1
244,4,874.00,164.00,40.00,31.00,0.8832,1,1
244,8,1338.00,581.00,26.00,38.00,0.8826,1,1
244,12,1479.00,396.00,72.00,64.00,0.9395,1,1
244,14,1432.00,677.00,29.00,34.00,0.9018,1,1
244,15,1371.00,386.00,33.00,36.00,0.3079,1,1
244,17,876.00,294.00,34.00,34.00,0.4922,1,1
244,18,1041.00,63.00,28.00,18.00,0.2896,1,1
244,19,885.00,192.00,22.00,20.00,0.7555,1,1
245,1,1347.00,347.00,73.00,44.00,0.9425,1,1
245,2,1117.00,103.00,22.00,15.00,0.6142,1,1
245,4,875.00,164.00,38.00,32.00,0.8913,1,1
245,8,1337.00,579.00,29.00,39.00,0.8916,1,1
245,12,1479.00,396.00,72.00,65.00,0.9400,1,1
245,14,1432.00,677.00,29.00,34.00,0.9070,1,1
245,15,1366.00,383.00,33.00,36.00,0.3079,1,1
245,17,875.00,295.00,38.00,33.00,0.2651,1,1
245,18,1040.00,63.00,29.00,18.00,0.2896,1,1
245,19,885.00,192.00,22.00,20.00,0.7126,1,1
246,1,1347.00,346.00,71.00,44.00,0.9471,1,1
246,2,1117.00,103.00,23.00,16.00,0.4940,1,1
246,4,872.00,159.00,39.00,30.00,0.8941,1,1
246,8,1343.00,573.00,27.00,42.00,0.8662,1,1
246,12,1479.00,398.00,71.00,62.00,0.9387,1,1
246,14,1431.00,676.00,31.00,35.00,0.8915,1,1
246,15,1477.00,443.00,42.00,41.00,0.4632,1,1
246,17,874.00,293.00,39.00,34.00,0.2651,1,1
246,19,883.00,186.00,20.00,20.00,0.4605,1,1
247,1,1346.00,345.00,72.00,45.00,0.9487,1,1
247,2,1116.00,104.00,23.00,15.00,0.4940,1,1
247,4,872.00,157.00,36.00,29.00,0.8968,1,1
247,8,1345.00,571.00,26.00,40.00,0.8527,1,1
247,12,1476.00,397.00,73.00,63.00,0.9394,1,1
247,14,1430.00,675.00,31.00,36.00,0.8919,1,1
247,15,1476.00,442.00,43.00,43.00,0.6097,1,1
247,19,882.00,184.00,20.00,19.00,0.4605,1,1
248,1,1346.00,344.00,73.00,46.00,0.9477,1,1
248,4,870.00,154.00,38.00,30.00,0.8857,1,1
248,8,1345.00,568.00,28.00,41.00,0.8626,1,1
248,12,1475.00,397.00,74.00,63.00,0.9385,1,1
248,14,1428.00,676.00,32.00,36.00,0.8923,1,1
248,15,1476.00,442.00,43.00,43.00,0.7163,1,1
249,1,1347.00,344.00,72.00,46.00,0.9477,1,1
249,4,869.00,152.00,37.00,29.00,0.8932,1,1
249,8,1347.00,567.00,27.00,42.00,0.8626,1,1
249,12,1474.00,397.00,73.00,62.00,0.9394,1,1
249,14,1425.00,677.00,33.00,36.00,0.8857,1,1
249,15,1473.00,442.00,47.00,44.00,0.3964,1,1
249,19,877.00,177.00,22.00,20.00,0.5416,1,1
250,1,1349.00,344.00,70.00,46.00,0.9467,1,1
250,4,868.00,151.00,40.00,30.00,0.9014,1,1
250,8,1348.00,567.00,28.00,39.00,0.8607,1,1
250,12,1473.00,397.00,73.00,64.00,0.9469,1,1
250,14,1424.00,678.00,32.00,36.00,0.8809,1,1
250,15,1479.00,446.00,48.00,44.00,0.3964,1,1
250,19,875.00,177.00,23.00,19.00,0.7558,1,1
251,1,1349.00,344.00,69.00,45.00,0.9448,1,1
251,4,868.00,152.00,38.00,29.00,0.8927,1,1
251,8,1346.00,563.00,31.00,45.00,0.7995,1,1
251,12,1473.00,398.00,73.00,62.00,0.9486,1,1
251,14,1425.00,678.00,32.00,36.00,0.8894,1,1
251,19,873.00,175.00,23.00,19.00,0.7558,1,1
252,1,1355.00,343.00,64.00,49.00,0.9394,1,1
252,4,866.00,146.00,36.00,27.00,0.8770,1,1
252,8,1357.00,576.00,21.00,35.00,0.8710,1,1
252,12,1470.00,399.00,73.00,61.00,0.9486,1,1
252,14,1421.00,680.00,33.00,38.00,0.8891,1,1
252,15,1466.00,443.00,52.00,46.00,0.6679,1,1
252,19,875.00,168.00,22.00,20.00,0.3991,1,1
253,1,1358.00,342.00,61.00,52.00,0.9443,1,1
253,4,866.00,145.00,35.00,26.00,0.8739,1,1
253,8,1358.00,580.00,21.00,34.00,0.8895,1,1
253,12,1468.00,399.00,74.00,62.00,0.9449,1,1
253,14,1418.00,682.00,35.00,39.00,0.8923,1,1
253,15,1464.00,443.00,53.00,45.00,0.6294,1,1
253,19,874.00,165.00,22.00,20.00,0.3991,1,1
254,1,1359.00,342.00,61.00,55.00,0.9474,1,1
254,4,865.00,142.00,34.00,28.00,0.8839,1,1
254,8,1358.00,582.00,21.00,36.00,0.8891,1,1
254,12,1465.00,399.00,75.00,61.00,0.9421,1,1
254,14,1414.00,685.00,34.00,40.00,0.8936,1,1
254,15,1460.00,443.00,57.00,46.00,0.3151,1,1
255,1,1360.00,341.00,61.00,59.00,0.9507,1,1
255,4,863.00,142.00,36.00,27.00,0.8905,1,1
255,8,1358.00,584.00,21.00,36.00,0.8807,1,1
255,12,1462.00,399.00,75.00,63.00,0.9389,1,1
255,14,1411.00,688.00,33.00,40.00,0.9102,1,1
255,15,1462.00,444.00,58.00,47.00,0.3151,1,1
256,1,1361.00,341.00,61.00,60.00,0.9520,1,1
256,4,863.00,140.00,36.00,28.00,0.8850,1,1
256,8,1355.00,584.00,24.00,40.00,0.8673,1,1
256,12,1458.00,402.00,75.00,63.00,0.9426,1,1
256,14,1407.00,690.00,32.00,40.00,0.8807,1,1
256,19,868.00,162.00,26.00,20.00,0.2546,1,1
257,1,1361.00,341.00,60.00,60.00,0.9518,1,1
257,4,863.00,139.00,36.00,28.00,0.8861,1,1
257,8,1355.00,584.00,24.00,39.00,0.8689,1,1
257,12,1458.00,402.00,75.00,62.00,0.9428,1,1
257,14,1407.00,690.00,32.00,40.00,0.8795,1,1
257,19,868.00,162.00,26.00,20.00,0.4390,1,1
258,1,1362.00,341.00,60.00,61.00,0.9500,1,1
258,4,863.00,137.00,35.00,27.00,0.8817,1,1
258,8,1354.00,584.00,26.00,41.00,0.7933,1,1
258,12,1455.00,405.00,75.00,64.00,0.9288,1,1
258,14,1396.00,689.00,33.00,47.00,0.9131,1,1
258,19,867.00,160.00,26.00,20.00,0.4390,1,1
259,1,1362.00,339.00,60.00,63.00,0.9467,1,1
259,4,863.00,135.00,35.00,28.00,0.8806,1,1
259,8,1354.00,584.00,25.00,41.00,0.8544,1,1
259,12,1452.00,406.00,73.00,64.00,0.9285,1,1
259,14,1390.00,687.00,36.00,51.00,0.9182,1,1
260,1,1362.00,337.00,60.00,64.00,0.9443,1,1
260,2,1117.00,102.00,25.00,17.00,0.6334,1,1
260,4,863.00,133.00,34.00,29.00,0.8844,1,1
260,8,1354.00,587.00,25.00,40.00,0.8601,1,1
260,12,1447.00,406.00,78.00,63.00,0.9362,1,1
260,14,1382.00,688.00,34.00,52.00,0.8632,1,1
261,1,1362.00,337.00,59.00,64.00,0.9424,1,1
261,2,1117.00,102.00,25.00,16.00,0.6785,1,1
261,4,862.00,132.00,35.00,29.00,0.8861,1,1
261,8,1354.00,587.00,24.00,40.00,0.8574,1,1
261,12,1442.00,407.00,83.00,62.00,0.9260,1,1
261,14,1376.00,682.00,33.00,50.00,0.9109,1,1
261,17,1231.00,485.00,26.00,31.00,0.6708,1,1
262,1,1361.00,336.00,60.00,64.00,0.9427,1,1
262,2,1118.00,101.00,24.00,16.00,0.7897,1,1
262,4,862.00,132.00,36.00,29.00,0.8884,1,1
262,8,1354.00,589.00,23.00,38.00,0.8460,1,1
262,12,1440.00,408.00,85.00,63.00,0.9257,1,1
262,14,1368.00,681.00,32.00,46.00,0.9045,1,1
262,15,1378.00,570.00,20.00,31.00,0.4486,1,1
262,17,1251.00,496.00,26.00,30.00,0.6708,1,1
263,1,1361.00,337.00,60.00,63.00,0.9429,1,1
263,2,1118.00,101.00,24.00,16.00,0.7951,1,1
263,4,862.00,132.00,36.00,29.00,0.8882,1,1
263,8,1354.00,589.00,23.00,38.00,0.8480,1,1
263,12,1440.00,408.00,84.00,63.00,0.9252,1,1
263,14,1368.00,681.00,32.00,46.00,0.9051,1,1
263,15,1378.00,570.00,20.00,31.00,0.4274,1,1
264,1,1359.00,334.00,59.00,65.00,0.9494,1,1
264,2,1120.00,97.00,23.00,16.00,0.4312,1,1
264,4,862.00,130.00,35.00,29.00,0.8882,1,1
264,8,1355.00,590.00,22.00,38.00,0.8480,1,1
264,12,1433.00,409.00,86.00,63.00,0.9296,1,1
264,14,1352.00,670.00,31.00,48.00,0.8911,1,1
264,15,1372.00,580.00,19.00,29.00,0.4274,1,1
264,18,864.00,129.00,38.00,24.00,0.8454,1,1
264,19,872.00,147.00,24.00,25.00,0.8922,1,1
265,1,1359.00,333.00,59.00,62.00,0.9428,1,1
265,2,1121.00,95.00,25.00,17.00,0.3731,1,1
265,8,1355.00,571.00,33.00,40.00,0.5741,1,1
265,12,1430.00,408.00,77.00,64.00,0.9274,1,1
265,14,1343.00,658.00,32.00,52.00,0.8947,1,1
265,18,864.00,128.00,39.00,23.00,0.8643,1,1
265,19,872.00,147.00,25.00,24.00,0.8638,1,1
266,1,1357.00,331.00,58.00,63.00,0.9459,1,1
266,2,1122.00,94.00,24.00,17.00,0.3731,1,1
266,8,1355.00,570.00,34.00,40.00,0.5741,1,1
266,12,1426.00,407.00,78.00,63.00,0.9138,1,1
266,14,1334.00,646.00,34.00,50.00,0.8858,1,1
266,18,864.00,128.00,39.00,23.00,0.8629,1,1
266,19,872.00,146.00,26.00,24.00,0.8578,1,1
267,1,1356.00,330.00,57.00,62.00,0.9439,1,1
267,8,1347.00,564.00,35.00,40.00,0.5582,1,1
267,12,1423.00,408.00,76.00,61.00,0.9348,1,1
267,14,1328.00,642.00,34.00,50.00,0.8858,1,1
267,18,865.00,126.00,39.00,24.00,0.8861,1,1
267,19,874.00,146.00,25.00,24.00,0.8559,1,1
268,1,1353.00,329.00,58.00,62.00,0.9409,1,1
268,8,1347.00,562.00,36.00,40.00,0.5582,1,1
268,12,1419.00,408.00,75.00,62.00,0.9372,1,1
268,18,866.00,126.00,39.00,24.00,0.8807,1,1
268,19,877.00,145.00,25.00,24.00,0.8279,1,1
269,1,1353.00,329.00,58.00,61.00,0.9412,1,1
269,12,1419.00,408.00,75.00,62.00,0.9363,1,1
269,18,866.00,126.00,39.00,24.00,0.8797,1,1
269,19,877.00,145.00,25.00,23.00,0.8197,1,1
270,1,1346.00,325.00,58.00,61.00,0.9480,1,1
270,2,1126.00,86.00,27.00,17.00,0.7781,1,1
270,4,870.00,123.00,44.00,25.00,0.8827,1,1
270,8,1310.00,594.00,38.00,34.00,0.8543,1,1
270,12,1410.00,410.00,75.00,63.00,0.9340,1,1
270,14,1400.00,448.00,48.00,51.00,0.7661,1,1
270,15,1337.00,564.00,31.00,30.00,0.3470,1,1
270,18,863.00,129.00,39.00,23.00,0.8797,1,1
270,19,881.00,144.00,24.00,23.00,0.6089,1,1
271,1,1342.00,322.00,57.00,61.00,0.9463,1,1
271,2,1128.00,84.00,27.00,16.00,0.2594,1,1
271,4,871.00,123.00,44.00,24.00,0.8830,1,1
271,8,1305.00,580.00,38.00,34.00,0.7967,1,1
271,12,1405.00,409.00,74.00,63.00,0.9357,1,1
271,14,1394.00,448.00,51.00,51.00,0.8482,1,1
271,15,1331.00,568.00,32.00,30.00,0.3470,1,1
271,19,883.00,144.00,23.00,23.00,0.8533,1,1
272,1,1337.00,320.00,58.00,59.00,0.9515,1,1
272,2,1129.00,84.00,28.00,16.00,0.7375,1,1
272,4,872.00,124.00,45.00,23.00,0.8786,1,1
272,8,1301.00,580.00,39.00,33.00,0.7967,1,1
272,12,1398.00,408.00,76.00,62.00,0.9389,1,1
272,14,1388.00,449.00,46.00,48.00,0.8584,1,1
272,19,884.00,145.00,23.00,22.00,0.8287,1,1
273,1,1332.00,318.00,59.00,59.00,0.9419,1,1
273,2,1059.00,78.00,31.00,17.00,0.7865,1,1
273,4,873.00,123.00,46.00,24.00,0.8832,1,1
273,12,1394.00,411.00,75.00,62.00,0.9384,1,1
273,14,1375.00,448.00,53.00,50.00,0.3264,1,1
273,15,1227.00,500.00,23.00,30.00,0.6239,1,1
273,19,885.00,145.00,23.00,21.00,0.7805,1,1
274,1,1326.00,316.00,59.00,60.00,0.9428,1,1
274,2,1059.00,78.00,33.00,17.00,0.7457,1,1
274,4,874.00,121.00,46.00,24.00,0.8849,1,1
274,12,1384.00,410.00,77.00,63.00,0.9331,1,1
274,14,1370.00,450.00,48.00,49.00,0.7919,1,1
274,15,1227.00,498.00,22.00,28.00,0.5251,1,1
274,18,1066.00,89.00,25.00,22.00,0.2966,1,1
274,19,887.00,144.00,24.00,21.00,0.7237,1,1
274,23,1132.00,78.00,28.00,18.00,0.5442,1,1
275,1,1326.00,316.00,59.00,60.00,0.9427,1,1
275,2,1059.00,78.00,33.00,17.00,0.7516,1,1
275,4,874.00,121.00,46.00,24.00,0.8839,1,1
275,12,1384.00,410.00,77.00,63.00,0.9331,1,1
275,14,1370.00,450.00,48.00,49.00,0.7902,1,1
275,15,1227.00,498.00,22.00,28.00,0.5491,1,1
275,17,880.00,239.00,27.00,16.00,0.4424,1,1
275,18,1066.00,89.00,25.00,22.00,0.3139,1,1
275,19,887.00,144.00,24.00,21.00,0.7030,1,1
275,23,1132.00,77.00,28.00,18.00,0.4143,1,1
276,1,1315.00,311.00,62.00,59.00,0.9399,1,1
276,2,1062.00,78.00,34.00,15.00,0.7081,1,1
276,4,877.00,120.00,47.00,24.00,0.8913,1,1
276,8,1223.00,493.00,23.00,30.00,0.6134,1,1
276,12,1368.00,407.00,77.00,65.00,0.9362,1,1
276,14,1356.00,447.00,53.00,50.00,0.8272,1,1
276,15,1215.00,495.00,22.00,28.00,0.5491,1,1
276,17,864.00,228.00,25.00,15.00,0.4424,1,1
276,18,1071.00,89.00,22.00,22.00,0.3386,1,1
276,19,888.00,143.00,24.00,21.00,0.7030,1,1
276,23,1134.00,76.00,29.00,17.00,0.8351,1,1
277,1,1311.00,311.00,60.00,56.00,0.9385,1,1
277,2,1066.00,79.00,31.00,14.00,0.7412,1,1
277,4,879.00,120.00,46.00,23.00,0.8916,1,1
277,8,1212.00,485.00,23.00,29.00,0.6134,1,1
277,12,1361.00,405.00,82.00,68.00,0.9146,1,1
277,14,1348.00,443.00,55.00,52.00,0.8730,1,1
277,18,1074.00,89.00,21.00,23.00,0.2843,1,1
277,19,890.00,142.00,24.00,20.00,0.6025,1,1
277,23,1134.00,76.00,29.00,17.00,0.8745,1,1
277,25,1106.00,174.00,12.00,22.00,0.8821,1,1
278,1,1309.00,310.00,59.00,55.00,0.9378,1,1
278,2,1071.00,80.00,28.00,14.00,0.7262,1,1
278,4,879.00,120.00,46.00,23.00,0.8863,1,1
278,12,1353.00,404.00,74.00,63.00,0.9212,1,1
278,14,1342.00,441.00,46.00,51.00,0.8350,1,1
278,15,1292.00,599.00,53.00,29.00,0.4089,1,1
278,18,1078.00,90.00,21.00,22.00,0.8472,1,1
278,19,892.00,141.00,22.00,21.00,0.8437,1,1
278,23,1134.00,76.00,31.00,17.00,0.8857,1,1
278,25,1107.00,175.00,12.00,23.00,0.8641,1,1
279,1,1307.00,310.00,59.00,55.00,0.9379,1,1
279,2,1071.00,80.00,30.00,15.00,0.7512,1,1
279,4,881.00,119.00,46.00,24.00,0.8820,1,1
279,12,1344.00,402.00,76.00,61.00,0.9279,1,1
279,14,1336.00,439.00,46.00,51.00,0.9022,1,1
279,15,1292.00,608.00,55.00,30.00,0.4089,1,1
279,17,920.00,201.00,27.00,19.00,0.3102,1,1
279,18,1079.00,90.00,21.00,23.00,0.9016,1,1
279,19,894.00,141.00,22.00,21.00,0.6235,1,1
279,23,1135.00,75.00,31.00,18.00,0.8032,1,1
279,25,1108.00,176.00,12.00,24.00,0.8198,1,1
280,1,1307.00,310.00,59.00,55.00,0.9376,1,1
280,2,1071.00,80.00,30.00,15.00,0.7263,1,1
280,4,881.00,119.00,46.00,24.00,0.8814,1,1
280,12,1344.00,402.00,76.00,61.00,0.9279,1,1
280,14,1336.00,439.00,46.00,51.00,0.9029,1,1
280,17,919.00,201.00,28.00,19.00,0.3208,1,1
280,18,1079.00,90.00,21.00,23.00,0.9005,1,1
280,19,894.00,141.00,22.00,21.00,0.6237,1,1
280,23,1135.00,75.00,31.00,18.00,0.7840,1,1
280,25,1108.00,176.00,12.00,23.00,0.8234,1,1
281,1,1303.00,310.00,61.00,53.00,0.9423,1,1
281,2,1078.00,80.00,26.00,17.00,0.8092,1,1
281,4,882.00,118.00,48.00,24.00,0.8909,1,1
281,12,1332.00,393.00,74.00,69.00,0.9369,1,1
281,14,1322.00,436.00,54.00,51.00,0.8894,1,1
281,15,1264.00,568.00,27.00,37.00,0.4024,1,1
281,17,919.00,193.00,29.00,20.00,0.3208,1,1
281,18,1083.00,91.00,20.00,22.00,0.9024,1,1
281,19,896.00,141.00,21.00,21.00,0.6841,1,1
281,23,1138.00,73.00,30.00,17.00,0.8947,1,1
281,25,1110.00,179.00,12.00,24.00,0.8453,1,1
282,1,1303.00,310.00,61.00,52.00,0.9416,1,1
282,2,1078.00,80.00,27.00,17.00,0.8513,1,1
282,4,883.00,118.00,47.00,24.00,0.8985,1,1
282,8,1240.00,655.00,25.00,34.00,0.3579,1,1
282,12,1324.00,391.00,75.00,68.00,0.9319,1,1
282,14,1315.00,433.00,57.00,52.00,0.8865,1,1
282,15,1257.00,566.00,24.00,40.00,0.8728,1,1
282,17,921.00,210.00,26.00,16.00,0.4997,1,1
282,18,1084.00,92.00,20.00,21.00,0.9027,1,1
282,19,896.00,141.00,22.00,22.00,0.5087,1,1
282,23,1138.00,73.00,30.00,17.00,0.8954,1,1
282,25,1111.00,178.00,12.00,23.00,0.8410,1,1
283,1,1303.00,310.00,61.00,52.00,0.9393,1,1
283,2,1080.00,81.00,26.00,18.00,0.8573,1,1
283,4,884.00,118.00,47.00,24.00,0.9081,1,1
283,8,1245.00,673.00,26.00,36.00,0.8537,1,1
283,12,1317.00,390.00,76.00,66.00,0.9272,1,1
283,14,1309.00,431.00,51.00,52.00,0.8896,1,1
283,15,1252.00,570.00,26.00,41.00,0.8728,1,1
283,17,927.00,208.00,29.00,16.00,0.3141,1,1
283,18,1086.00,92.00,18.00,21.00,0.8940,1,1
283,19,898.00,140.00,22.00,22.00,0.5614,1,1
283,23,1138.00,73.00,31.00,17.00,0.8949,1,1
283,25,1112.00,179.00,12.00,24.00,0.8235,1,1
284,1,1304.00,310.00,61.00,52.00,0.9365,1,1
284,2,1088.00,93.00,18.00,20.00,0.8869,1,1
284,4,884.00,118.00,47.00,24.00,0.9082,1,1
284,8,1257.00,682.00,27.00,41.00,0.8674,1,1
284,12,1309.00,389.00,76.00,66.00,0.9262,1,1
284,14,1301.00,428.00,55.00,53.00,0.8683,1,1
284,17,933.00,207.00,27.00,16.00,0.3030,1,1
284,18,1081.00,81.00,26.00,24.00,0.8908,1,1
284,19,898.00,141.00,22.00,21.00,0.6818,1,1
284,23,1139.00,73.00,30.00,17.00,0.8950,1,1
284,25,1113.00,182.00,11.00,22.00,0.7488,1,1
285,1,1304.00,311.00,63.00,50.00,0.9363,1,1
285,2,1083.00,82.00,24.00,20.00,0.8948,1,1
285,4,885.00,118.00,47.00,24.00,0.9119,1,1
285,8,1262.00,685.00,33.00,44.00,0.8842,1,1
285,12,1304.00,388.00,74.00,65.00,0.9302,1,1
285,14,1296.00,428.00,49.00,54.00,0.8091,1,1
285,17,938.00,206.00,24.00,16.00,0.2711,1,1
285,18,1088.00,94.00,18.00,20.00,0.8897,1,1
285,19,898.00,140.00,22.00,22.00,0.6993,1,1
285,23,1139.00,73.00,30.00,17.00,0.8965,1,1
285,25,1114.00,182.00,11.00,22.00,0.7310,1,1
286,1,1304.00,311.00,63.00,50.00,0.9362,1,1
286,2,1083.00,82.00,25.00,20.00,0.8945,1,1
286,4,885.00,117.00,47.00,25.00,0.9118,1,1
286,8,1262.00,686.00,32.00,43.00,0.8832,1,1
286,12,1304.00,388.00,74.00,65.00,0.9296,1,1
286,14,1296.00,428.00,50.00,54.00,0.8083,1,1
286,17,921.00,203.00,25.00,15.00,0.4172,1,1
286,18,1088.00,94.00,18.00,20.00,0.8896,1,1
286,19,898.00,140.00,22.00,22.00,0.7094,1,1
286,23,1139.00,73.00,30.00,17.00,0.8950,1,1
286,25,1114.00,182.00,11.00,22.00,0.7391,1,1
287,1,1305.00,311.00,63.00,51.00,0.9383,1,1
287,2,1083.00,82.00,26.00,20.00,0.8798,1,1
287,4,887.00,117.00,47.00,24.00,0.9113,1,1
287,8,1262.00,697.00,33.00,44.00,0.8832,1,1
287,12,1289.00,385.00,77.00,68.00,0.8931,1,1
287,14,1285.00,432.00,45.00,53.00,0.7497,1,1
287,15,1213.00,484.00,24.00,31.00,0.4465,1,1
287,17,925.00,200.00,25.00,17.00,0.7611,1,1
287,18,1089.00,95.00,18.00,20.00,0.8812,1,1
287,19,902.00,139.00,21.00,22.00,0.3230,1,1
287,23,1139.00,73.00,30.00,17.00,0.8975,1,1
287,25,1115.00,183.00,12.00,22.00,0.7817,1,1
288,1,1306.00,310.00,62.00,52.00,0.9386,1,1
288,2,1083.00,83.00,27.00,20.00,0.8741,1,1
288,4,888.00,117.00,47.00,23.00,0.9108,1,1
288,8,1299.00,694.00,27.00,36.00,0.8632,1,1
288,12,1283.00,386.00,78.00,68.00,0.8580,1,1
288,14,1276.00,427.00,49.00,61.00,0.5159,1,1
288,15,1206.00,478.00,25.00,31.00,0.4465,1,1
288,17,926.00,200.00,26.00,16.00,0.8180,1,1
288,18,1089.00,95.00,18.00,20.00,0.8736,1,1
288,19,903.00,139.00,21.00,22.00,0.3230,1,1
288,23,1139.00,73.00,30.00,18.00,0.8999,1,1
288,25,1114.00,183.00,12.00,22.00,0.7792,1,1
289,1,1306.00,310.00,61.00,52.00,0.9387,1,1
289,2,1084.00,84.00,26.00,20.00,0.8668,1,1
289,4,888.00,117.00,47.00,23.00,0.9088,1,1
289,8,1312.00,698.00,23.00,37.00,0.5448,1,1
289,12,1278.00,384.00,75.00,71.00,0.8448,1,1
289,14,1268.00,429.00,54.00,61.00,0.8189,1,1
289,15,1177.00,560.00,32.00,37.00,0.8757,1,1
289,17,927.00,199.00,26.00,17.00,0.8058,1,1
289,18,1090.00,96.00,17.00,20.00,0.8820,1,1
289,19,902.00,139.00,22.00,20.00,0.4373,1,1
289,23,1139.00,73.00,30.00,17.00,0.9002,1,1
289,25,1115.00,183.00,11.00,22.00,0.7238,1,1
290,1,1305.00,310.00,61.00,52.00,0.9377,1,1
290,2,1084.00,86.00,26.00,18.00,0.8832,1,1
290,4,889.00,117.00,47.00,23.00,0.9077,1,1
290,8,1317.00,708.00,23.00,37.00,0.5448,1,1
290,12,1268.00,389.00,79.00,70.00,0.8555,1,1
290,14,1262.00,435.00,52.00,57.00,0.9125,1,1
290,15,1163.00,562.00,31.00,40.00,0.8711,1,1
290,17,928.00,199.00,25.00,17.00,0.8110,1,1
290,18,1090.00,97.00,17.00,19.00,0.8149,1,1
290,19,902.00,139.00,22.00,20.00,0.3443,1,1
290,23,1138.00,74.00,31.00,17.00,0.8969,1,1
290,25,1116.00,182.00,11.00,22.00,0.8321,1,1
291,1,1306.00,310.00,59.00,53.00,0.9420,1,1
291,2,1084.00,86.00,26.00,19.00,0.8882,1,1
291,4,889.00,117.00,47.00,23.00,0.9095,1,1
291,12,1261.00,393.00,79.00,69.00,0.7382,1,1
291,14,1256.00,437.00,50.00,59.00,0.8767,1,1
291,15,1149.00,564.00,33.00,42.00,0.8887,1,1
291,17,928.00,200.00,25.00,16.00,0.8295,1,1
291,18,1090.00,99.00,18.00,19.00,0.8294,1,1
291,19,902.00,139.00,22.00,20.00,0.5394,1,1
291,23,1138.00,74.00,31.00,17.00,0.8989,1,1
291,25,1116.00,181.00,11.00,22.00,0.7996,1,1
292,1,1306.00,310.00,59.00,53.00,0.9419,1,1
292,2,1085.00,86.00,25.00,19.00,0.8898,1,1
292,4,889.00,116.00,48.00,24.00,0.9094,1,1
292,12,1261.00,393.00,79.00,69.00,0.7287,1,1
292,14,1256.00,437.00,50.00,59.00,0.8770,1,1
292,15,1149.00,564.00,33.00,42.00,0.8894,1,1
292,17,927.00,200.00,25.00,16.00,0.8372,1,1
292,18,1090.00,99.00,18.00,19.00,0.8223,1,1
292,19,902.00,139.00,22.00,20.00,0.5702,1,1
292,23,1138.00,74.00,31.00,17.00,0.8980,1,1
292,25,1116.00,181.00,11.00,22.00,0.8114,1,1
293,1,1302.00,310.00,59.00,54.00,0.9380,1,1
293,2,1084.00,86.00,26.00,20.00,0.8868,1,1
293,4,891.00,116.00,48.00,24.00,0.8956,1,1
293,12,1248.00,398.00,79.00,68.00,0.9197,1,1
293,14,1242.00,440.00,55.00,61.00,0.9014,1,1
293,15,1126.00,577.00,33.00,41.00,0.7123,1,1
293,17,928.00,202.00,26.00,15.00,0.7203,1,1
293,18,1090.00,99.00,18.00,19.00,0.7037,1,1
293,19,907.00,140.00,20.00,20.00,0.4309,1,1
293,23,1138.00,74.00,31.00,17.00,0.8924,1,1
293,25,1116.00,181.00,11.00,21.00,0.7870,1,1
294,1,1299.00,310.00,60.00,54.00,0.9369,1,1
294,2,1084.00,86.00,25.00,20.00,0.8883,1,1
294,4,892.00,116.00,47.00,24.00,0.8955,1,1
294,12,1241.00,399.00,81.00,67.00,0.9221,1,1
294,14,1235.00,442.00,55.00,61.00,0.9001,1,1
294,15,1121.00,578.00,32.00,37.00,0.7047,1,1
294,17,930.00,202.00,25.00,14.00,0.7191,1,1
294,18,1090.00,99.00,18.00,20.00,0.6941,1,1
294,19,907.00,139.00,21.00,22.00,0.6042,1,1
294,23,1137.00,74.00,31.00,17.00,0.8922,1,1
294,25,1116.00,182.00,11.00,21.00,0.8041,1,1
295,1,1296.00,310.00,61.00,55.00,0.9374,1,1
295,2,1084.00,88.00,24.00,20.00,0.8933,1,1
295,4,892.00,116.00,47.00,24.00,0.8948,1,1
295,12,1236.00,401.00,79.00,67.00,0.9245,1,1
295,14,1230.00,444.00,52.00,62.00,0.9140,1,1
295,15,1106.00,579.00,38.00,40.00,0.8693,1,1
295,17,930.00,202.00,24.00,14.00,0.7148,1,1
295,18,1089.00,100.00,17.00,19.00,0.7364,1,1
295,19,907.00,139.00,21.00,22.00,0.6041,1,1
295,23,1137.00,74.00,31.00,17.00,0.8967,1,1
295,25,1114.00,184.00,12.00,23.00,0.6834,1,1
295,30,1148.00,88.00,16.00,19.00,0.4541,1,1
296,1,1294.00,312.00,62.00,55.00,0.9438,1,1
296,2,1083.00,88.00,25.00,20.00,0.8932,1,1
296,4,892.00,116.00,47.00,24.00,0.8959,1,1
296,12,1229.00,404.00,82.00,65.00,0.9190,1,1
296,14,1224.00,448.00,53.00,59.00,0.9006,1,1
296,15,1101.00,587.00,36.00,38.00,0.8465,1,1
296,17,930.00,202.00,24.00,14.00,0.7253,1,1
296,18,1087.00,102.00,18.00,19.00,0.8437,1,1
296,19,907.00,139.00,21.00,22.00,0.6680,1,1
296,23,1137.00,74.00,31.00,17.00,0.8997,1,1
296,25,1113.00,186.00,13.00,23.00,0.6080,1,1
296,30,1148.00,88.00,15.00,19.00,0.5070,1,1
297,1,1291.00,313.00,62.00,57.00,0.9503,1,1
297,2,1083.00,89.00,24.00,19.00,0.8935,1,1
297,4,892.00,116.00,47.00,24.00,0.8932,1,1
297,8,1096.00,595.00,34.00,34.00,0.8213,1,1
297,12,1223.00,407.00,81.00,66.00,0.9309,1,1
297,14,1218.00,448.00,55.00,61.00,0.8997,1,1
297,15,1091.00,592.00,38.00,38.00,0.8465,1,1
297,17,930.00,201.00,25.00,15.00,0.7698,1,1
297,18,1087.00,101.00,19.00,20.00,0.8555,1,1
297,19,908.00,139.00,21.00,22.00,0.7968,1,1
297,23,1137.00,74.00,31.00,17.00,0.8975,1,1
297,25,1115.00,184.00,11.00,23.00,0.5269,1,1
297,30,1147.00,88.00,16.00,19.00,0.5367,1,1
298,1,1291.00,313.00,62.00,57.00,0.9499,1,1
298,2,1083.00,89.00,24.00,19.00,0.8917,1,1
298,4,892.00,116.00,47.00,24.00,0.8954,1,1
298,8,1096.00,595.00,34.00,34.00,0.8206,1,1
298,12,1224.00,407.00,80.00,66.00,0.9308,1,1
298,14,1218.00,448.00,55.00,61.00,0.8999,1,1
298,17,930.00,201.00,24.00,14.00,0.7584,1,1
298,18,1087.00,101.00,19.00,20.00,0.8483,1,1
298,19,908.00,139.00,21.00,22.00,0.7774,1,1
298,23,1137.00,74.00,31.00,17.00,0.8970,1,1
298,25,1115.00,185.00,11.00,22.00,0.4932,1,1
298,30,1147.00,88.00,16.00,19.00,0.5273,1,1
299,1,1283.00,315.00,63.00,60.00,0.9474,1,1
299,2,1082.00,89.00,25.00,19.00,0.8951,1,1
299,4,893.00,116.00,47.00,24.00,0.8903,1,1
299,8,1083.00,592.00,36.00,34.00,0.8206,1,1
299,12,1210.00,408.00,80.00,69.00,0.9362,1,1
299,14,1206.00,454.00,53.00,60.00,0.8896,1,1
299,17,931.00,201.00,23.00,14.00,0.7075,1,1
299,18,1085.00,102.00,20.00,20.00,0.7463,1,1
299,19,909.00,139.00,20.00,21.00,0.8810,1,1
299,23,1137.00,74.00,31.00,17.00,0.8943,1,1
299,25,1115.00,185.00,11.00,24.00,0.4147,1,1
299,30,1146.00,88.00,17.00,18.00,0.4605,1,1
300,1,1275.00,316.00,69.00,60.00,0.9440,1,1
300,2,1081.00,88.00,25.00,19.00,0.8938,1,1
300,4,893.00,116.00,48.00,24.00,0.8902,1,1
300,12,1203.00,409.00,82.00,68.00,0.9337,1,1
300,14,1200.00,453.00,54.00,62.00,0.8992,1,1
300,17,931.00,201.00,22.00,14.00,0.7126,1,1
300,18,1085.00,102.00,19.00,19.00,0.6281,1,1
300,19,909.00,139.00,21.00,21.00,0.8705,1,1
300,23,1137.00,74.00,31.00,17.00,0.8949,1,1
300,25,1114.00,186.00,12.00,24.00,0.6145,1,1
300,30,1147.00,88.00,17.00,18.00,0.4567,1,1
301,1,1270.00,317.00,68.00,61.00,0.9367,1,1
301,2,1081.00,89.00,24.00,17.00,0.8833,1,1
301,4,893.00,116.00,48.00,24.00,0.8930,1,1
301,12,1197.00,411.00,83.00,68.00,0.9376,1,1
301,14,1194.00,457.00,52.00,60.00,0.8834,1,1
301,17,931.00,201.00,23.00,14.00,0.6556,1,1
301,18,1085.00,102.00,18.00,19.00,0.5168,1,1
301,19,909.00,139.00,20.00,21.00,0.8599,1,1
301,23,1137.00,74.00,32.00,17.00,0.8944,1,1
301,25,1114.00,186.00,12.00,25.00,0.6274,1,1
301,30,1148.00,89.00,16.00,18.00,0.3509,1,1
302,1,1262.00,321.00,64.00,64.00,0.9430,1,1
302,2,1081.00,89.00,23.00,18.00,0.8790,1,1
302,4,893.00,117.00,48.00,23.00,0.8918,1,1
302,12,1190.00,413.00,84.00,68.00,0.9372,1,1
302,14,1186.00,458.00,55.00,61.00,0.9098,1,1
302,15,1088.00,615.00,29.00,40.00,0.3523,1,1
302,17,930.00,201.00,23.00,14.00,0.6226,1,1
302,18,1084.00,103.00,18.00,19.00,0.6842,1,1
302,19,909.00,139.00,21.00,22.00,0.8700,1,1
302,23,1138.00,75.00,31.00,17.00,0.8895,1,1
302,25,1114.00,185.00,13.00,25.00,0.5734,1,1
302,30,1148.00,89.00,16.00,18.00,0.3024,1,1
303,1,1256.00,325.00,67.00,61.00,0.9392,1,1
303,2,1080.00,90.00,24.00,17.00,0.8749,1,1
303,4,893.00,117.00,48.00,23.00,0.8937,1,1
303,8,1200.00,728.00,30.00,38.00,0.8560,1,1
303,12,1183.00,414.00,85.00,67.00,0.9449,1,1
303,14,1179.00,461.00,55.00,61.00,0.9058,1,1
303,15,1088.00,617.00,24.00,38.00,0.7743,1,1
303,17,930.00,201.00,23.00,14.00,0.6326,1,1
303,18,1084.00,103.00,18.00,19.00,0.7492,1,1
303,19,908.00,139.00,21.00,22.00,0.8632,1,1
303,23,1138.00,75.00,32.00,17.00,0.8917,1,1
303,25,1116.00,185.00,11.00,23.00,0.6914,1,1
303,30,1148.00,90.00,16.00,17.00,0.3024,1,1
304,1,1256.00,325.00,66.00,61.00,0.9374,1,1
304,2,1080.00,90.00,24.00,17.00,0.8732,1,1
304,4,893.00,117.00,48.00,23.00,0.8947,1,1
304,8,1200.00,728.00,30.00,38.00,0.8553,1,1
304,12,1183.00,414.00,85.00,67.00,0.9448,1,1
304,14,1179.00,461.00,55.00,61.00,0.9060,1,1
304,15,1088.00,617.00,24.00,38.00,0.8061,1,1
304,17,931.00,201.00,21.00,13.00,0.5971,1,1
304,18,1084.00,103.00,18.00,19.00,0.7377,1,1
304,19,908.00,139.00,21.00,22.00,0.8610,1,1
304,23,1138.00,75.00,32.00,17.00,0.8922,1,1
304,25,1116.00,185.00,11.00,23.00,0.6961,1,1
305,1,1251.00,328.00,68.00,61.00,0.9397,1,1
305,2,1079.00,92.00,24.00,17.00,0.8879,1,1
305,4,894.00,117.00,47.00,23.00,0.8952,1,1
305,8,1148.00,725.00,35.00,44.00,0.8957,1,1
305,12,1167.00,417.00,81.00,70.00,0.9084,1,1
305,14,1162.00,465.00,55.00,63.00,0.8882,1,1
305,15,1083.00,621.00,24.00,38.00,0.8061,1,1
305,17,931.00,201.00,21.00,13.00,0.5183,1,1
305,18,1083.00,104.00,18.00,18.00,0.5958,1,1
305,19,908.00,140.00,21.00,21.00,0.8345,1,1
305,23,1139.00,75.00,31.00,17.00,0.8850,1,1
305,25,1118.00,181.00,11.00,23.00,0.8526,1,1
306,1,1247.00,328.00,70.00,60.00,0.9394,1,1
306,2,1077.00,94.00,26.00,18.00,0.8989,1,1
306,4,894.00,117.00,47.00,23.00,0.8970,1,1
306,8,1119.00,718.00,41.00,47.00,0.9010,1,1
306,12,1158.00,421.00,82.00,68.00,0.9174,1,1
306,14,1153.00,465.00,58.00,63.00,0.8953,1,1
306,17,931.00,201.00,21.00,13.00,0.5148,1,1
306,18,1083.00,105.00,18.00,18.00,0.5958,1,1
306,19,908.00,140.00,21.00,21.00,0.8420,1,1
306,23,1139.00,75.00,31.00,17.00,0.8825,1,1
306,25,1117.00,184.00,13.00,25.00,0.8390,1,1
306,30,1149.00,89.00,16.00,18.00,0.3241,1,1
306,31,1249.00,580.00,29.00,36.00,0.5839,1,1
306,32,1251.00,369.00,36.00,43.00,0.6772,1,1
307,1,1245.00,328.00,71.00,61.00,0.9354,1,1
307,2,1078.00,95.00,25.00,18.00,0.9113,1,1
307,4,894.00,117.00,46.00,24.00,0.8982,1,1
307,8,1102.00,706.00,45.00,45.00,0.8653,1,1
307,12,1150.00,425.00,87.00,65.00,0.9421,1,1
307,14,1146.00,471.00,56.00,62.00,0.8625,1,1
307,17,930.00,200.00,20.00,14.00,0.5307,1,1
307,19,908.00,140.00,21.00,21.00,0.8536,1,1
307,23,1139.00,75.00,31.00,17.00,0.8767,1,1
307,25,1119.00,186.00,13.00,27.00,0.8237,1,1
307,30,1149.00,88.00,16.00,19.00,0.4076,1,1
307,31,1240.00,588.00,32.00,35.00,0.3405,1,1
307,32,1250.00,369.00,40.00,44.00,0.7553,1,1
308,1,1244.00,330.00,72.00,58.00,0.9353,1,1
308,2,1079.00,97.00,24.00,19.00,0.8961,1,1
308,4,894.00,117.00,46.00,24.00,0.8970,1,1
308,8,1078.00,702.00,47.00,45.00,0.8814,1,1
308,12,1139.00,428.00,88.00,64.00,0.9347,1,1
308,14,1137.00,476.00,53.00,62.00,0.9076,1,1
308,15,1232.00,590.00,33.00,35.00,0.8346,1,1
308,17,931.00,201.00,20.00,13.00,0.4431,1,1
308,19,908.00,140.00,21.00,21.00,0.8493,1,1
308,23,1139.00,75.00,32.00,16.00,0.8828,1,1
308,25,1119.00,188.00,14.00,25.00,0.8283,1,1
308,30,1149.00,88.00,16.00,19.00,0.4076,1,1
308,31,1235.00,593.00,32.00,34.00,0.3405,1,1
308,32,1249.00,370.00,40.00,44.00,0.5789,1,1
309,1,1242.00,330.00,71.00,58.00,0.9270,1,1
309,2,1078.00,100.00,25.00,19.00,0.8991,1,1
309,4,894.00,117.00,46.00,24.00,0.8959,1,1
309,8,1063.00,694.00,57.00,44.00,0.7817,1,1
309,12,1134.00,430.00,83.00,71.00,0.9277,1,1
309,14,1126.00,476.00,53.00,64.00,0.8838,1,1
309,15,1226.00,586.00,33.00,40.00,0.8793,1,1
309,17,930.00,202.00,20.00,12.00,0.5274,1,1
309,19,907.00,140.00,21.00,21.00,0.8650,1,1
309,23,1139.00,75.00,32.00,16.00,0.8798,1,1
309,25,1120.00,188.00,13.00,26.00,0.7932,1,1
309,32,1247.00,370.00,41.00,44.00,0.5528,1,1
310,1,1242.00,330.00,71.00,58.00,0.9256,1,1
310,2,1078.00,99.00,25.00,20.00,0.8983,1,1
310,4,894.00,117.00,46.00,24.00,0.8953,1,1
310,8,1063.00,694.00,57.00,44.00,0.7808,1,1
310,12,1134.00,430.00,83.00,71.00,0.9281,1,1
310,14,1126.00,476.00,53.00,64.00,0.8840,1,1
310,15,1226.00,586.00,33.00,40.00,0.8791,1,1
310,17,930.00,201.00,20.00,13.00,0.5549,1,1
310,19,907.00,140.00,21.00,21.00,0.8665,1,1
310,23,1139.00,75.00,32.00,16.00,0.8794,1,1
310,25,1120.00,188.00,13.00,27.00,0.7936,1,1
310,32,1247.00,370.00,42.00,44.00,0.5293,1,1
311,1,1239.00,334.00,68.00,54.00,0.9272,1,1
311,2,1078.00,101.00,25.00,21.00,0.9004,1,1
311,4,895.00,118.00,40.00,23.00,0.8993,1,1
311,8,1034.00,696.00,44.00,37.00,0.8378,1,1
311,12,1108.00,432.00,96.00,74.00,0.9352,1,1
311,14,1107.00,481.00,56.00,61.00,0.9055,1,1
311,15,1212.00,584.00,34.00,37.00,0.8626,1,1
311,17,930.00,202.00,20.00,12.00,0.4742,1,1
311,19,907.00,140.00,21.00,21.00,0.8628,1,1
311,23,1139.00,75.00,32.00,17.00,0.8909,1,1
311,25,1120.00,188.00,13.00,27.00,0.7704,1,1
311,32,1248.00,372.00,37.00,44.00,0.6173,1,1
312,1,1236.00,337.00,68.00,51.00,0.9349,1,1
312,2,1077.00,103.00,27.00,21.00,0.9037,1,1
312,4,895.00,118.00,40.00,24.00,0.8946,1,1
312,8,1023.00,700.00,44.00,37.00,0.7995,1,1
312,12,1099.00,433.00,91.00,72.00,0.9324,1,1
312,14,1095.00,483.00,56.00,58.00,0.8994,1,1
312,15,1207.00,579.00,32.00,39.00,0.8887,1,1
312,17,930.00,204.00,20.00,11.00,0.3137,1,1
312,19,906.00,140.00,22.00,21.00,0.8644,1,1
312,23,1139.00,75.00,31.00,18.00,0.8918,1,1
312,25,1120.00,188.00,12.00,27.00,0.7717,1,1
312,32,1244.00,372.00,42.00,45.00,0.3464,1,1
313,1,1231.00,339.00,71.00,50.00,0.9379,1,1
313,2,1078.00,104.00,26.00,21.00,0.9066,1,1
313,4,895.00,119.00,39.00,23.00,0.9008,1,1
313,8,1016.00,704.00,46.00,39.00,0.8368,1,1
313,12,1088.00,433.00,89.00,73.00,0.9375,1,1
313,14,1085.00,480.00,54.00,63.00,0.8957,1,1
313,15,1199.00,577.00,32.00,40.00,0.8857,1,1
313,17,929.00,201.00,19.00,13.00,0.3889,1,1
313,19,905.00,141.00,22.00,21.00,0.8713,1,1
313,23,1139.00,75.00,30.00,18.00,0.8939,1,1
313,25,1119.00,188.00,14.00,26.00,0.8017,1,1
313,32,1234.00,371.00,44.00,50.00,0.4909,1,1
313,33,1142.00,174.00,13.00,23.00,0.6483,1,1
314,1,1228.00,340.00,69.00,51.00,0.9372,1,1
314,2,1078.00,105.00,27.00,21.00,0.9072,1,1
314,4,895.00,120.00,37.00,23.00,0.8966,1,1
314,8,1008.00,716.00,44.00,39.00,0.8970,1,1
314,12,1077.00,431.00,89.00,74.00,0.9457,1,1
314,14,1075.00,482.00,58.00,63.00,0.9002,1,1
314,15,1189.00,577.00,33.00,39.00,0.9128,1,1
314,17,936.00,211.00,30.00,14.00,0.2989,1,1
314,19,905.00,141.00,22.00,22.00,0.8817,1,1
314,23,1138.00,75.00,29.00,18.00,0.8944,1,1
314,25,1120.00,189.00,13.00,26.00,0.7925,1,1
314,32,1227.00,371.00,49.00,50.00,0.6071,1,1
314,33,1142.00,174.00,13.00,23.00,0.6876,1,1
315,1,1226.00,342.00,67.00,52.00,0.9359,1,1
315,2,1078.00,105.00,29.00,22.00,0.9095,1,1
315,4,895.00,120.00,37.00,24.00,0.8964,1,1
315,8,1005.00,727.00,44.00,41.00,0.9084,1,1
315,12,1068.00,431.00,89.00,75.00,0.9506,1,1
315,14,1064.00,485.00,58.00,60.00,0.8794,1,1
315,15,1181.00,575.00,32.00,38.00,0.8985,1,1
315,17,931.00,212.00,33.00,14.00,0.7550,1,1
315,19,906.00,141.00,21.00,23.00,0.8755,1,1
315,23,1137.00,75.00,28.00,19.00,0.8987,1,1
315,25,1120.00,191.00,12.00,25.00,0.7951,1,1
315,32,1222.00,372.00,53.00,49.00,0.3886,1,1
315,33,1141.00,174.00,14.00,24.00,0.7400,1,1
316,1,1226.00,342.00,67.00,52.00,0.9353,1,1
316,2,1078.00,105.00,29.00,22.00,0.9094,1,1
316,4,895.00,120.00,37.00,24.00,0.8958,1,1
316,8,1005.00,727.00,44.00,41.00,0.9085,1,1
316,12,1068.00,431.00,89.00,75.00,0.9504,1,1
316,14,1064.00,485.00,58.00,60.00,0.8795,1,1
316,15,1181.00,575.00,32.00,38.00,0.8983,1,1
316,17,932.00,212.00,32.00,14.00,0.7686,1,1
316,19,906.00,141.00,21.00,23.00,0.8759,1,1
316,23,1137.00,75.00,29.00,19.00,0.8994,1,1
316,25,1120.00,191.00,12.00,24.00,0.7939,1,1
316,32,1222.00,372.00,53.00,49.00,0.3966,1,1
316,33,1141.00,174.00,13.00,24.00,0.7051,1,1
317,1,1213.00,345.00,68.00,52.00,0.9361,1,1
317,2,1079.00,105.00,28.00,23.00,0.9051,1,1
317,4,895.00,121.00,36.00,24.00,0.8915,1,1
317,8,1016.00,751.00,40.00,42.00,0.8761,1,1
317,12,1047.00,432.00,94.00,74.00,0.9476,1,1
317,14,1046.00,486.00,56.00,61.00,0.9053,1,1
317,15,1159.00,572.00,36.00,35.00,0.8997,1,1
317,17,929.00,211.00,28.00,13.00,0.8259,1,1
317,19,906.00,142.00,21.00,21.00,0.6932,1,1
317,23,1136.00,75.00,27.00,20.00,0.8931,1,1
317,25,1119.00,194.00,13.00,23.00,0.7884,1,1
317,32,1210.00,373.00,51.00,51.00,0.8272,1,1
317,33,1139.00,173.00,13.00,24.00,0.3317,1,1
318,1,1206.00,346.00,68.00,52.00,0.9362,1,1
318,2,1080.00,105.00,28.00,24.00,0.9037,1,1
318,4,895.00,121.00,36.00,25.00,0.8770,1,1
318,8,1026.00,760.00,37.00,42.00,0.9052,1,1
318,12,1039.00,433.00,93.00,73.00,0.9500,1,1
318,14,1036.00,488.00,57.00,61.00,0.9097,1,1
318,15,1149.00,569.00,33.00,34.00,0.8895,1,1
318,17,924.00,215.00,24.00,13.00,0.4153,1,1
318,19,901.00,143.00,25.00,22.00,0.8216,1,1
318,23,1137.00,75.00,24.00,19.00,0.8491,1,1
318,25,1120.00,197.00,11.00,21.00,0.7501,1,1
318,32,1203.00,377.00,43.00,49.00,0.8244,1,1
318,33,1138.00,172.00,14.00,25.00,0.3317,1,1
319,1,1199.00,349.00,69.00,51.00,0.9370,1,1
319,2,1080.00,107.00,29.00,24.00,0.8848,1,1
319,4,895.00,123.00,35.00,24.00,0.8919,1,1
319,8,1037.00,766.00,33.00,44.00,0.8637,1,1
319,12,1028.00,434.00,95.00,73.00,0.9432,1,1
319,14,1028.00,490.00,53.00,62.00,0.9067,1,1
319,15,1142.00,563.00,33.00,35.00,0.9173,1,1
319,17,917.00,220.00,26.00,14.00,0.7396,1,1
319,19,901.00,144.00,26.00,23.00,0.8223,1,1
319,23,1136.00,76.00,23.00,18.00,0.7169,1,1
319,25,1121.00,198.00,12.00,20.00,0.5845,1,1
319,32,1198.00,380.00,48.00,51.00,0.7796,1,1
320,1,1193.00,351.00,67.00,51.00,0.9391,1,1
320,2,1081.00,107.00,30.00,25.00,0.8897,1,1
320,4,895.00,124.00,34.00,24.00,0.8907,1,1
320,8,1052.00,768.00,31.00,46.00,0.8591,1,1
320,12,1018.00,438.00,96.00,74.00,0.9468,1,1
320,14,1019.00,493.00,59.00,63.00,0.9079,1,1
320,15,1132.00,559.00,31.00,35.00,0.8937,1,1
320,17,912.00,225.00,22.00,15.00,0.7802,1,1
320,19,900.00,146.00,25.00,23.00,0.8693,1,1
320,23,1136.00,76.00,23.00,19.00,0.7169,1,1
320,25,1122.00,200.00,12.00,20.00,0.6600,1,1
320,32,1189.00,383.00,54.00,52.00,0.7935,1,1
320,33,1128.00,170.00,13.00,25.00,0.3095,1,1
321,1,1184.00,353.00,66.00,51.00,0.9386,1,1
321,2,1082.00,107.00,29.00,25.00,0.8980,1,1
321,4,894.00,124.00,35.00,25.00,0.8921,1,1
321,8,1066.00,769.00,29.00,47.00,0.8539,1,1
321,12,1007.00,442.00,99.00,76.00,0.9523,1,1
321,14,1007.00,495.00,62.00,65.00,0.8828,1,1
321,15,1124.00,558.00,33.00,34.00,0.8981,1,1
321,17,910.00,230.00,21.00,16.00,0.7328,1,1
321,18,917.00,219.00,25.00,13.00,0.3754,1,1
321,19,900.00,146.00,25.00,24.00,0.8597,1,1
321,25,1122.00,201.00,12.00,19.00,0.6600,1,1
321,30,1129.00,170.00,13.00,24.00,0.6171,1,1
321,32,1182.00,386.00,50.00,50.00,0.8746,1,1
321,33,1131.00,171.00,13.00,24.00,0.2915,1,1
322,1,1184.00,353.00,66.00,51.00,0.9389,1,1
322,2,1081.00,107.00,30.00,25.00,0.8962,1,1
322,4,894.00,124.00,35.00,25.00,0.8915,1,1
322,8,1066.00,769.00,29.00,47.00,0.8540,1,1
322,12,1007.00,441.00,99.00,77.00,0.9525,1,1
322,14,1007.00,495.00,62.00,66.00,0.8821,1,1
322,15,1124.00,558.00,33.00,34.00,0.8969,1,1
322,17,910.00,230.00,21.00,16.00,0.7312,1,1
322,18,917.00,219.00,25.00,13.00,0.3882,1,1
322,19,900.00,146.00,25.00,24.00,0.8595,1,1
322,30,1129.00,170.00,13.00,24.00,0.6222,1,1
322,32,1182.00,386.00,50.00,50.00,0.8739,1,1
322,33,1131.00,171.00,13.00,24.00,0.2986,1,1
322,35,1180.00,520.00,47.00,28.00,0.6730,1,1
322,36,922.00,664.00,27.00,35.00,0.9234,1,1
323,1,1167.00,353.00,67.00,50.00,0.9410,1,1
323,2,1084.00,109.00,30.00,24.00,0.8896,1,1
323,4,892.00,127.00,36.00,24.00,0.8965,1,1
323,8,1086.00,770.00,31.00,41.00,0.8515,1,1
323,12,986.00,446.00,102.00,79.00,0.9432,1,1
323,14,988.00,502.00,59.00,61.00,0.9057,1,1
323,15,1116.00,553.00,30.00,31.00,0.7606,1,1
323,17,908.00,232.00,21.00,17.00,0.7312,1,1
323,18,909.00,226.00,25.00,12.00,0.3882,1,1
323,19,899.00,148.00,25.00,22.00,0.8794,1,1
323,23,1127.00,91.00,21.00,18.00,0.8642,1,1
323,30,1128.00,175.00,13.00,24.00,0.6222,1,1
323,32,1171.00,388.00,45.00,48.00,0.8488,1,1
323,33,1128.00,171.00,13.00,26.00,0.3619,1,1
323,35,1165.00,520.00,46.00,32.00,0.7372,1,1
323,36,889.00,676.00,29.00,39.00,0.8979,1,1
324,1,1158.00,352.00,68.00,50.00,0.9368,1,1
324,2,1087.00,110.00,29.00,24.00,0.8604,1,1
324,4,891.00,129.00,35.00,24.00,0.8771,1,1
324,8,1095.00,767.00,27.00,39.00,0.8393,1,1
324,12,976.00,449.00,104.00,82.00,0.9449,1,1
324,14,977.00,508.00,62.00,61.00,0.8776,1,1
324,15,1111.00,552.00,30.00,31.00,0.8238,1,1
324,19,896.00,150.00,26.00,23.00,0.8763,1,1
324,23,1126.00,92.00,21.00,19.00,0.8642,1,1
324,32,1161.00,387.00,48.00,49.00,0.8049,1,1
324,33,1129.00,170.00,12.00,26.00,0.4182,1,1
324,35,1158.00,520.00,48.00,33.00,0.3144,1,1
324,36,873.00,681.00,31.00,43.00,0.8916,1,1
325,1,1151.00,352.00,64.00,49.00,0.9390,1,1
325,2,1090.00,110.00,27.00,24.00,0.8579,1,1
325,4,891.00,131.00,34.00,23.00,0.8785,1,1
325,8,1099.00,771.00,27.00,31.00,0.7526,1,1
325,12,967.00,454.00,100.00,83.00,0.9543,1,1
325,14,967.00,518.00,67.00,56.00,0.9094,1,1
325,15,1106.00,554.00,30.00,31.00,0.8189,1,1
325,19,896.00,151.00,25.00,23.00,0.7955,1,1
325,32,1151.00,385.00,49.00,49.00,0.8027,1,1
325,33,1127.00,170.00,13.00,26.00,0.4182,1,1
325,35,1150.00,521.00,45.00,34.00,0.4785,1,1
325,36,860.00,688.00,29.00,45.00,0.8561,1,1
326,1,1141.00,350.00,66.00,51.00,0.9333,1,1
326,2,1092.00,108.00,28.00,26.00,0.8772,1,1
326,4,890.00,132.00,34.00,23.00,0.8892,1,1
326,8,1101.00,768.00,24.00,33.00,0.8590,1,1
326,12,955.00,461.00,102.00,81.00,0.9477,1,1
326,14,956.00,522.00,69.00,59.00,0.8736,1,1
326,15,1104.00,555.00,31.00,35.00,0.8342,1,1
326,19,896.00,152.00,24.00,23.00,0.7955,1,1
326,32,1135.00,382.00,56.00,52.00,0.8540,1,1
326,35,1148.00,521.00,44.00,33.00,0.4073,1,1
326,36,843.00,696.00,32.00,44.00,0.9090,1,1
327,1,1135.00,348.00,65.00,51.00,0.9425,1,1
327,2,1092.00,111.00,31.00,24.00,0.8595,1,1
327,4,889.00,134.00,35.00,24.00,0.8969,1,1
327,8,1100.00,764.00,28.00,36.00,0.8785,1,1
327,12,944.00,466.00,106.00,82.00,0.9543,1,1
327,14,946.00,527.00,73.00,62.00,0.8469,1,1
327,15,1099.00,560.00,32.00,35.00,0.7887,1,1
327,32,1132.00,380.00,49.00,53.00,0.8342,1,1
327,35,1140.00,521.00,45.00,34.00,0.4073,1,1
327,36,830.00,702.00,33.00,46.00,0.9008,1,1
328,1,1135.00,348.00,65.00,52.00,0.9430,1,1
328,2,1092.00,111.00,31.00,24.00,0.8639,1,1
328,4,889.00,134.00,35.00,24.00,0.8964,1,1
328,8,1100.00,764.00,28.00,36.00,0.8803,1,1
328,12,944.00,466.00,106.00,82.00,0.9542,1,1
328,14,946.00,527.00,73.00,62.00,0.8499,1,1
328,15,1099.00,560.00,32.00,35.00,0.7993,1,1
328,32,1132.00,380.00,50.00,53.00,0.8332,1,1
328,36,830.00,702.00,33.00,46.00,0.9016,1,1
329,1,1121.00,345.00,68.00,52.00,0.9290,1,1
329,2,1096.00,108.00,34.00,27.00,0.8743,1,1
329,4,886.00,139.00,34.00,26.00,0.8844,1,1
329,8,1088.00,750.00,40.00,45.00,0.2649,1,1
329,12,924.00,474.00,104.00,85.00,0.9472,1,1
329,14,925.00,537.00,70.00,65.00,0.8262,1,1
329,15,1094.00,575.00,30.00,36.00,0.9033,1,1
329,30,1131.00,195.00,13.00,24.00,0.3011,1,1
329,32,1117.00,375.00,51.00,55.00,0.8893,1,1
329,36,809.00,713.00,35.00,48.00,0.9205,1,1
330,1,1115.00,346.00,70.00,50.00,0.9231,1,1
330,2,1096.00,107.00,37.00,29.00,0.8875,1,1
330,4,885.00,141.00,34.00,27.00,0.8845,1,1
330,8,1083.00,756.00,44.00,42.00,0.7297,1,1
330,12,914.00,477.00,106.00,86.00,0.9482,1,1
330,14,915.00,541.00,73.00,61.00,0.8654,1,1
330,15,1093.00,583.00,29.00,36.00,0.8849,1,1
330,30,1131.00,199.00,13.00,24.00,0.3011,1,1
330,32,1112.00,377.00,58.00,54.00,0.8945,1,1
330,36,803.00,719.00,34.00,46.00,0.9171,1,1
331,1,1110.00,347.00,70.00,50.00,0.9239,1,1
331,2,1099.00,106.00,40.00,30.00,0.8796,1,1
331,4,885.00,143.00,33.00,29.00,0.8904,1,1
331,8,1064.00,769.00,35.00,36.00,0.9169,1,1
331,12,904.00,481.00,105.00,88.00,0.9487,1,1
331,14,904.00,544.00,75.00,61.00,0.8603,1,1
331,15,1092.00,594.00,30.00,36.00,0.8863,1,1
331,32,1105.00,379.00,60.00,52.00,0.8931,1,1
331,36,797.00,722.00,35.00,49.00,0.9228,1,1
332,1,1105.00,348.00,68.00,48.00,0.9258,1,1
332,2,1098.00,107.00,41.00,28.00,0.8731,1,1
332,4,884.00,144.00,35.00,29.00,0.8894,1,1
332,8,1049.00,773.00,33.00,43.00,0.9232,1,1
332,12,895.00,486.00,105.00,87.00,0.9462,1,1
332,14,894.00,550.00,75.00,60.00,0.7441,1,1
332,15,1089.00,597.00,30.00,36.00,0.8863,1,1
332,25,1139.00,203.00,14.00,22.00,0.7077,1,1
332,32,1100.00,376.00,52.00,54.00,0.8624,1,1
332,35,1091.00,599.00,31.00,39.00,0.8850,1,1
332,36,793.00,725.00,34.00,50.00,0.8998,1,1
333,1,1102.00,348.00,67.00,49.00,0.9253,1,1
333,2,1109.00,107.00,31.00,28.00,0.8795,1,1
333,4,883.00,148.00,36.00,28.00,0.8836,1,1
333,8,1032.00,787.00,31.00,41.00,0.8854,1,1
333,12,884.00,490.00,108.00,89.00,0.9533,1,1
333,14,885.00,557.00,75.00,56.00,0.8355,1,1
333,15,1090.00,608.00,32.00,37.00,0.9007,1,1
333,25,1140.00,203.00,14.00,22.00,0.7242,1,1
333,32,1094.00,378.00,57.00,52.00,0.8946,1,1
333,35,1082.00,607.00,31.00,41.00,0.8850,1,1
333,36,789.00,730.00,32.00,46.00,0.9207,1,1
334,1,1102.00,348.00,67.00,49.00,0.9245,1,1
334,2,1109.00,107.00,31.00,28.00,0.8809,1,1
334,4,883.00,148.00,36.00,28.00,0.8831,1,1
334,8,1032.00,787.00,31.00,41.00,0.8894,1,1
334,12,884.00,490.00,108.00,89.00,0.9533,1,1
334,14,885.00,557.00,74.00,56.00,0.8383,1,1
334,15,1090.00,608.00,32.00,37.00,0.9013,1,1
334,17,1140.00,203.00,14.00,22.00,0.7402,1,1
334,25,1141.00,204.00,14.00,21.00,0.7242,1,1
334,32,1095.00,378.00,56.00,52.00,0.8948,1,1
334,36,789.00,730.00,31.00,46.00,0.9206,1,1
335,1,1089.00,347.00,70.00,52.00,0.9203,1,1
335,2,1113.00,108.00,31.00,26.00,0.8592,1,1
335,4,884.00,155.00,36.00,30.00,0.9028,1,1
335,8,988.00,817.00,31.00,44.00,0.8915,1,1
335,12,863.00,497.00,112.00,92.00,0.9505,1,1
335,14,865.00,565.00,74.00,56.00,0.8566,1,1
335,15,1088.00,611.00,31.00,38.00,0.9013,1,1
335,17,1156.00,202.00,13.00,23.00,0.7402,1,1
335,25,1143.00,208.00,13.00,22.00,0.7950,1,1
335,32,1088.00,379.00,47.00,52.00,0.8702,1,1
335,35,1094.00,614.00,31.00,47.00,0.8891,1,1
335,36,780.00,730.00,29.00,48.00,0.9338,1,1
336,1,1084.00,346.00,66.00,54.00,0.9270,1,1
336,2,1116.00,109.00,30.00,25.00,0.8714,1,1
336,4,885.00,157.00,35.00,32.00,0.8927,1,1
336,8,962.00,833.00,35.00,44.00,0.9002,1,1
336,12,853.00,498.00,113.00,95.00,0.9492,1,1
336,14,854.00,568.00,78.00,56.00,0.7480,1,1
336,25,1144.00,208.00,12.00,22.00,0.7533,1,1
336,32,1081.00,378.00,48.00,54.00,0.8598,1,1
336,35,1096.00,619.00,31.00,47.00,0.8764,1,1
336,36,772.00,730.00,31.00,49.00,0.9293,1,1
337,1,1075.00,346.00,68.00,55.00,0.9305,1,1
337,2,1118.00,111.00,30.00,24.00,0.9043,1,1
337,4,884.00,161.00,37.00,32.00,0.8885,1,1
337,8,932.00,842.00,33.00,51.00,0.8847,1,1
337,12,842.00,502.00,112.00,96.00,0.9537,1,1
337,14,843.00,572.00,78.00,53.00,0.8457,1,1
337,25,1146.00,209.00,12.00,20.00,0.7690,1,1
337,32,1072.00,380.00,49.00,55.00,0.8883,1,1
337,35,1101.00,618.00,31.00,53.00,0.8583,1,1
337,36,767.00,727.00,30.00,49.00,0.9227,1,1
338,1,1066.00,349.00,69.00,54.00,0.9411,1,1
338,2,1119.00,112.00,31.00,23.00,0.9052,1,1
338,4,885.00,164.00,34.00,33.00,0.9038,1,1
338,8,902.00,858.00,32.00,43.00,0.8585,1,1
338,12,829.00,502.00,114.00,100.00,0.9513,1,1
338,14,833.00,575.00,73.00,56.00,0.7912,1,1
338,15,1157.00,491.00,36.00,35.00,0.3244,1,1
338,19,1119.00,130.00,28.00,29.00,0.5454,1,1
338,25,1148.00,211.00,12.00,20.00,0.6987,1,1
338,32,1062.00,381.00,55.00,56.00,0.8741,1,1
338,35,1101.00,618.00,31.00,56.00,0.8169,1,1
338,36,760.00,727.00,29.00,44.00,0.9027,1,1
339,1,1056.00,352.00,71.00,54.00,0.9353,1,1
339,2,1121.00,112.00,30.00,22.00,0.9126,1,1
339,4,884.00,167.00,35.00,32.00,0.8945,1,1
339,8,870.00,870.00,35.00,45.00,0.8680,1,1
339,12,816.00,510.00,119.00,95.00,0.9430,1,1
339,14,820.00,581.00,78.00,55.00,0.7717,1,1
339,15,1162.00,482.00,37.00,35.00,0.3244,1,1
339,19,1120.00,129.00,29.00,31.00,0.4724,1,1
339,25,1149.00,212.00,12.00,20.00,0.6987,1,1
339,32,1054.00,386.00,57.00,53.00,0.9103,1,1
339,35,1101.00,625.00,30.00,50.00,0.8285,1,1
339,36,755.00,725.00,28.00,41.00,0.9094,1,1
340,1,1056.00,352.00,71.00,54.00,0.9354,1,1
340,2,1120.00,112.00,31.00,22.00,0.9118,1,1
340,4,884.00,166.00,36.00,33.00,0.8985,1,1
340,8,870.00,870.00,35.00,45.00,0.8687,1,1
340,12,816.00,511.00,118.00,94.00,0.9431,1,1
340,14,820.00,581.00,79.00,55.00,0.7635,1,1
340,19,1120.00,129.00,29.00,30.00,0.6259,1,1
340,32,1054.00,385.00,57.00,54.00,0.9108,1,1
340,35,1101.00,625.00,30.00,50.00,0.8279,1,1
340,36,755.00,725.00,28.00,41.00,0.9092,1,1
341,1,1045.00,355.00,69.00,54.00,0.9313,1,1
341,2,1122.00,112.00,30.00,23.00,0.9124,1,1
341,4,884.00,173.00,37.00,33.00,0.8886,1,1
341,8,802.00,879.00,38.00,42.00,0.8330,1,1
341,12,794.00,518.00,113.00,97.00,0.9479,1,1
341,14,796.00,590.00,82.00,53.00,0.5952,1,1
341,19,1122.00,129.00,28.00,31.00,0.7966,1,1
341,25,1150.00,212.00,11.00,20.00,0.4426,1,1
341,32,1041.00,386.00,54.00,56.00,0.8597,1,1
341,35,1096.00,636.00,32.00,45.00,0.8586,1,1
341,36,746.00,723.00,26.00,37.00,0.9127,1,1
342,1,1038.00,357.00,70.00,54.00,0.9298,1,1
342,2,1123.00,112.00,30.00,23.00,0.9117,1,1
342,4,884.00,177.00,38.00,33.00,0.9012,1,1
342,8,778.00,886.00,40.00,44.00,0.8330,1,1
342,12,780.00,523.00,114.00,96.00,0.9537,1,1
342,14,783.00,593.00,87.00,57.00,0.6817,1,1
342,19,1123.00,130.00,27.00,31.00,0.6956,1,1
342,23,1118.00,90.00,27.00,18.00,0.7118,1,1
342,25,1150.00,213.00,12.00,18.00,0.4156,1,1
342,32,1036.00,393.00,53.00,51.00,0.9015,1,1
342,35,1089.00,640.00,36.00,41.00,0.8578,1,1
342,36,742.00,722.00,29.00,34.00,0.7374,1,1
343,1,1031.00,358.00,72.00,56.00,0.9252,1,1
343,2,1124.00,112.00,30.00,23.00,0.9071,1,1
343,4,885.00,180.00,36.00,34.00,0.9087,1,1
343,8,744.00,866.00,44.00,51.00,0.8767,1,1
343,12,766.00,527.00,116.00,98.00,0.9559,1,1
343,14,768.00,596.00,87.00,56.00,0.5433,1,1
343,19,1124.00,130.00,27.00,30.00,0.6463,1,1
343,23,1117.00,90.00,28.00,18.00,0.7118,1,1
343,25,1151.00,213.00,12.00,19.00,0.4156,1,1
343,32,1030.00,396.00,50.00,49.00,0.8201,1,1
343,35,1079.00,642.00,45.00,40.00,0.7291,1,1
343,36,738.00,721.00,25.00,35.00,0.8414,1,1
344,1,1027.00,358.00,72.00,57.00,0.9331,1,1
344,2,1124.00,112.00,30.00,23.00,0.9020,1,1
344,4,883.00,183.00,39.00,36.00,0.9029,1,1
344,8,722.00,863.00,48.00,60.00,0.8538,1,1
344,12,753.00,531.00,113.00,99.00,0.9522,1,1
344,14,755.00,598.00,83.00,58.00,0.5619,1,1
344,19,1125.00,130.00,27.00,30.00,0.7800,1,1
344,30,1155.00,212.00,13.00,22.00,0.3292,1,1
344,32,1022.00,396.00,59.00,51.00,0.7691,1,1
344,35,1076.00,647.00,45.00,40.00,0.7291,1,1
344,36,735.00,721.00,18.00,36.00,0.7676,1,1
345,1,1020.00,358.00,73.00,57.00,0.9404,1,1
345,2,1124.00,112.00,31.00,23.00,0.8938,1,1
345,4,883.00,186.00,40.00,36.00,0.8999,1,1
345,8,704.00,861.00,47.00,56.00,0.8871,1,1
345,12,737.00,532.00,114.00,99.00,0.9514,1,1
345,14,742.00,604.00,75.00,51.00,0.8375,1,1
345,19,1124.00,130.00,29.00,31.00,0.7451,1,1
345,30,1154.00,210.00,12.00,23.00,0.7162,1,1
345,32,1018.00,396.00,53.00,50.00,0.6229,1,1
345,35,1053.00,637.00,30.00,43.00,0.8425,1,1
345,36,729.00,721.00,17.00,36.00,0.7676,1,1
346,1,1021.00,358.00,72.00,57.00,0.9416,1,1
346,2,1124.00,112.00,31.00,23.00,0.8942,1,1
346,4,883.00,186.00,40.00,36.00,0.8987,1,1
346,8,704.00,861.00,47.00,56.00,0.8879,1,1
346,12,737.00,532.00,114.00,99.00,0.9516,1,1
346,14,743.00,605.00,74.00,50.00,0.8362,1,1
346,19,1124.00,130.00,29.00,31.00,0.7114,1,1
346,30,1154.00,210.00,12.00,23.00,0.7283,1,1
346,32,1018.00,396.00,53.00,50.00,0.5722,1,1
346,35,1053.00,637.00,30.00,44.00,0.8435,1,1
347,1,1005.00,357.00,74.00,57.00,0.9372,1,1
347,2,1125.00,113.00,31.00,22.00,0.8777,1,1
347,4,882.00,189.00,43.00,37.00,0.9090,1,1
347,8,684.00,864.00,48.00,57.00,0.8879,1,1
347,12,709.00,533.00,118.00,99.00,0.9491,1,1
347,14,715.00,606.00,78.00,58.00,0.8472,1,1
347,19,1126.00,130.00,28.00,32.00,0.8122,1,1
347,30,1155.00,210.00,12.00,24.00,0.7283,1,1
347,32,1012.00,397.00,53.00,50.00,0.5722,1,1
347,35,1026.00,632.00,30.00,42.00,0.8747,1,1
347,36,673.00,871.00,53.00,40.00,0.7407,1,1
348,1,1000.00,358.00,72.00,55.00,0.9293,1,1
348,2,1126.00,114.00,29.00,22.00,0.8683,1,1
348,4,882.00,192.00,45.00,36.00,0.9122,1,1
348,12,696.00,535.00,112.00,99.00,0.9504,1,1
348,14,699.00,607.00,83.00,54.00,0.8347,1,1
348,19,1128.00,131.00,24.00,26.00,0.8315,1,1
348,32,998.00,394.00,52.00,50.00,0.3719,1,1
348,35,1009.00,631.00,30.00,38.00,0.8746,1,1
348,36,673.00,878.00,54.00,35.00,0.7974,1,1
349,1,992.00,357.00,74.00,57.00,0.9325,1,1
349,2,1126.00,115.00,29.00,21.00,0.8649,1,1
349,4,886.00,195.00,41.00,36.00,0.9176,1,1
349,12,682.00,538.00,112.00,100.00,0.9495,1,1
349,14,687.00,609.00,80.00,54.00,0.8747,1,1
349,19,1128.00,131.00,24.00,28.00,0.8362,1,1
349,32,990.00,393.00,50.00,50.00,0.3639,1,1
349,35,992.00,628.00,31.00,39.00,0.8514,1,1
349,36,674.00,885.00,62.00,35.00,0.7748,1,1
350,1,985.00,355.00,75.00,57.00,0.9237,1,1
350,2,1126.00,116.00,30.00,21.00,0.8658,1,1
350,4,890.00,196.00,38.00,35.00,0.9124,1,1
350,12,668.00,540.00,114.00,103.00,0.9496,1,1
350,14,673.00,612.00,81.00,52.00,0.8500,1,1
350,15,978.00,626.00,31.00,35.00,0.8911,1,1
350,19,1128.00,131.00,25.00,31.00,0.8392,1,1
350,23,1122.00,76.00,36.00,19.00,0.5872,1,1
350,32,981.00,394.00,55.00,48.00,0.7115,1,1
350,35,982.00,629.00,31.00,39.00,0.8514,1,1
350,36,699.00,893.00,35.00,36.00,0.6099,1,1
351,1,978.00,353.00,76.00,56.00,0.9320,1,1
351,2,1127.00,116.00,30.00,20.00,0.8672,1,1
351,4,893.00,197.00,35.00,35.00,0.9000,1,1
351,8,706.00,900.00,37.00,43.00,0.8845,1,1
351,12,657.00,543.00,115.00,102.00,0.9500,1,1
351,14,661.00,617.00,89.00,51.00,0.6506,1,1
351,15,968.00,635.00,30.00,35.00,0.8911,1,1
351,19,1130.00,131.00,24.00,28.00,0.8516,1,1
351,23,1122.00,75.00,37.00,19.00,0.5872,1,1
351,32,976.00,390.00,54.00,51.00,0.8320,1,1
351,35,969.00,613.00,30.00,43.00,0.8846,1,1
351,36,732.00,860.00,31.00,37.00,0.4073,1,1
352,1,978.00,353.00,76.00,56.00,0.9322,1,1
352,2,1127.00,116.00,30.00,20.00,0.8663,1,1
352,4,893.00,196.00,35.00,36.00,0.9013,1,1
352,8,706.00,900.00,37.00,43.00,0.8840,1,1
352,12,657.00,543.00,115.00,102.00,0.9500,1,1
352,14,661.00,617.00,89.00,51.00,0.6480,1,1
352,19,1130.00,131.00,25.00,29.00,0.8508,1,1
352,32,976.00,390.00,54.00,51.00,0.8328,1,1
352,35,969.00,613.00,30.00,43.00,0.8840,1,1
352,36,732.00,860.00,31.00,37.00,0.4077,1,1
353,1,964.00,352.00,75.00,54.00,0.9291,1,1
353,2,1128.00,116.00,29.00,21.00,0.8533,1,1
353,4,894.00,201.00,37.00,36.00,0.9156,1,1
353,8,744.00,916.00,29.00,42.00,0.7135,1,1
353,12,636.00,551.00,115.00,102.00,0.9544,1,1
353,14,641.00,623.00,84.00,55.00,0.7334,1,1
353,15,946.00,606.00,29.00,36.00,0.8714,1,1
353,18,1051.00,635.00,28.00,24.00,0.4611,1,1
353,19,1130.00,131.00,24.00,28.00,0.8388,1,1
353,23,1126.00,77.00,32.00,17.00,0.8313,1,1
353,32,961.00,387.00,56.00,52.00,0.8938,1,1
353,35,960.00,613.00,30.00,43.00,0.8840,1,1
353,36,731.00,868.00,33.00,38.00,0.4077,1,1
354,1,959.00,351.00,72.00,54.00,0.9376,1,1
354,2,1128.00,116.00,29.00,21.00,0.8576,1,1
354,4,894.00,201.00,37.00,36.00,0.9186,1,1
354,8,755.00,910.00,33.00,50.00,0.8754,1,1
354,12,624.00,555.00,118.00,104.00,0.9502,1,1
354,14,628.00,627.00,84.00,56.00,0.7382,1,1
354,15,930.00,606.00,30.00,37.00,0.9058,1,1
354,18,1044.00,635.00,35.00,24.00,0.5635,1,1
354,19,1132.00,131.00,23.00,28.00,0.8435,1,1
354,23,1127.00,76.00,31.00,19.00,0.8502,1,1
354,32,955.00,385.00,53.00,54.00,0.8892,1,1
354,36,618.00,779.00,29.00,39.00,0.8645,1,1
355,1,952.00,349.00,74.00,53.00,0.9337,1,1
355,2,1128.00,117.00,29.00,21.00,0.8507,1,1
355,4,894.00,201.00,38.00,36.00,0.9231,1,1
355,8,766.00,911.00,42.00,45.00,0.8742,1,1
355,12,615.00,560.00,116.00,102.00,0.9504,1,1
355,14,618.00,633.00,89.00,61.00,0.7423,1,1
355,15,921.00,603.00,33.00,37.00,0.8858,1,1
355,18,1048.00,649.00,37.00,25.00,0.5635,1,1
355,19,1132.00,131.00,23.00,29.00,0.8466,1,1
355,23,1128.00,77.00,31.00,18.00,0.8227,1,1
355,30,1163.00,221.00,14.00,25.00,0.7183,1,1
355,32,947.00,384.00,49.00,52.00,0.8880,1,1
355,36,604.00,786.00,29.00,41.00,0.8906,1,1
356,1,945.00,346.00,74.00,55.00,0.9275,1,1
356,2,1128.00,116.00,30.00,22.00,0.8506,1,1
356,4,896.00,201.00,37.00,37.00,0.9238,1,1
356,8,779.00,902.00,42.00,44.00,0.8952,1,1
356,12,602.00,564.00,121.00,103.00,0.9517,1,1
356,14,606.00,637.00,91.00,61.00,0.7423,1,1
356,15,913.00,598.00,33.00,39.00,0.8954,1,1
356,17,1128.00,77.00,31.00,19.00,0.5372,1,1
356,18,1032.00,633.00,46.00,24.00,0.4538,1,1
356,19,1133.00,131.00,21.00,28.00,0.8425,1,1
356,23,1128.00,77.00,31.00,19.00,0.5793,1,1
356,30,1164.00,221.00,13.00,24.00,0.6956,1,1
356,32,943.00,381.00,52.00,55.00,0.9016,1,1
356,36,592.00,794.00,28.00,39.00,0.8840,1,1
357,1,942.00,344.00,71.00,55.00,0.9290,1,1
357,2,1128.00,116.00,31.00,21.00,0.8516,1,1
357,4,896.00,203.00,37.00,35.00,0.9250,1,1
357,8,789.00,898.00,42.00,44.00,0.9008,1,1
357,12,594.00,570.00,120.00,104.00,0.9410,1,1
357,14,601.00,649.00,84.00,77.00,0.3248,1,1
357,15,908.00,594.00,33.00,40.00,0.8843,1,1
357,17,1128.00,78.00,31.00,18.00,0.7165,1,1
357,18,1034.00,645.00,50.00,25.00,0.4538,1,1
357,19,1133.00,131.00,21.00,26.00,0.8385,1,1
357,23,1128.00,77.00,31.00,19.00,0.4496,1,1
357,30,1164.00,221.00,13.00,24.00,0.7426,1,1
357,32,936.00,377.00,51.00,56.00,0.8841,1,1
357,35,599.00,645.00,86.00,56.00,0.6851,1,1
357,36,581.00,797.00,29.00,43.00,0.8929,1,1
358,1,942.00,344.00,71.00,55.00,0.9285,1,1
358,2,1128.00,116.00,31.00,21.00,0.8453,1,1
358,4,897.00,203.00,36.00,35.00,0.9227,1,1
358,8,789.00,898.00,42.00,44.00,0.9001,1,1
358,12,594.00,570.00,121.00,104.00,0.9412,1,1
358,14,600.00,648.00,86.00,79.00,0.3206,1,1
358,15,907.00,594.00,34.00,40.00,0.8841,1,1
358,17,1128.00,78.00,31.00,18.00,0.6980,1,1
358,19,1134.00,131.00,20.00,26.00,0.8383,1,1
358,23,1128.00,78.00,31.00,18.00,0.4665,1,1
358,30,1164.00,222.00,13.00,24.00,0.6334,1,1
358,32,936.00,377.00,51.00,56.00,0.8855,1,1
358,35,599.00,645.00,86.00,56.00,0.6882,1,1
358,36,581.00,797.00,29.00,43.00,0.8926,1,1
359,1,926.00,340.00,76.00,53.00,0.9289,1,1
359,2,1126.00,115.00,28.00,23.00,0.8471,1,1
359,4,898.00,204.00,37.00,35.00,0.9128,1,1
359,8,795.00,895.00,42.00,40.00,0.9120,1,1
359,12,578.00,585.00,123.00,102.00,0.9381,1,1
359,14,590.00,652.00,87.00,81.00,0.3206,1,1
359,15,896.00,589.00,33.00,41.00,0.8827,1,1
359,17,1127.00,76.00,32.00,18.00,0.6980,1,1
359,18,1012.00,629.00,25.00,21.00,0.5724,1,1
359,19,1134.00,131.00,19.00,24.00,0.8240,1,1
359,23,1130.00,79.00,30.00,19.00,0.8265,1,1
359,30,1163.00,220.00,15.00,25.00,0.8186,1,1
359,32,930.00,376.00,49.00,48.00,0.8815,1,1
359,35,567.00,647.00,92.00,58.00,0.6882,1,1
359,36,559.00,811.00,31.00,40.00,0.8933,1,1
360,1,922.00,335.00,75.00,56.00,0.9331,1,1
360,2,1125.00,116.00,29.00,22.00,0.8348,1,1
360,4,899.00,203.00,37.00,37.00,0.9104,1,1
360,8,794.00,895.00,42.00,40.00,0.9047,1,1
360,12,572.00,593.00,121.00,103.00,0.9458,1,1
360,15,894.00,587.00,33.00,40.00,0.8885,1,1
360,18,1002.00,623.00,21.00,25.00,0.5286,1,1
360,19,1133.00,132.00,20.00,24.00,0.8409,1,1
360,23,1131.00,79.00,29.00,19.00,0.8272,1,1
360,30,1164.00,220.00,14.00,26.00,0.7940,1,1
360,32,920.00,370.00,50.00,52.00,0.4198,1,1
360,36,552.00,816.00,31.00,42.00,0.9001,1,1
361,1,915.00,331.00,80.00,56.00,0.9346,1,1
361,2,1125.00,116.00,29.00,22.00,0.8268,1,1
361,4,900.00,204.00,36.00,36.00,0.9096,1,1
361,8,791.00,899.00,40.00,38.00,0.8914,1,1
361,12,567.00,599.00,119.00,104.00,0.9470,1,1
361,14,568.00,674.00,93.00,67.00,0.2520,1,1
361,15,889.00,587.00,35.00,41.00,0.9086,1,1
361,18,1000.00,631.00,21.00,25.00,0.5286,1,1
361,19,1133.00,131.00,20.00,25.00,0.8319,1,1
361,23,1131.00,78.00,30.00,20.00,0.8677,1,1
361,25,1164.00,216.00,12.00,23.00,0.4408,1,1
361,30,1164.00,220.00,15.00,27.00,0.7940,1,1
361,32,913.00,368.00,51.00,52.00,0.4198,1,1
361,36,544.00,824.00,30.00,40.00,0.8911,1,1
362,1,914.00,327.00,76.00,57.00,0.9353,1,1
362,2,1124.00,116.00,30.00,24.00,0.8281,1,1
362,4,900.00,203.00,37.00,37.00,0.9101,1,1
362,8,783.00,904.00,41.00,37.00,0.9105,1,1
362,12,560.00,605.00,121.00,103.00,0.9502,1,1
362,14,557.00,680.00,95.00,67.00,0.2520,1,1
362,15,890.00,587.00,37.00,41.00,0.8998,1,1
362,19,1132.00,132.00,20.00,24.00,0.8437,1,1
362,23,1131.00,78.00,30.00,19.00,0.8637,1,1
362,25,1164.00,214.00,12.00,20.00,0.6625,1,1
362,32,915.00,366.00,49.00,47.00,0.2532,1,1
362,36,539.00,826.00,32.00,41.00,0.8916,1,1
363,1,911.00,324.00,76.00,58.00,0.9339,1,1
363,2,1124.00,116.00,30.00,23.00,0.8323,1,1
363,4,901.00,203.00,36.00,37.00,0.9093,1,1
363,8,773.00,911.00,42.00,38.00,0.9064,1,1
363,12,555.00,610.00,121.00,104.00,0.9466,1,1
363,15,889.00,589.00,36.00,45.00,0.9013,1,1
363,18,974.00,628.00,26.00,21.00,0.4623,1,1
363,19,1133.00,132.00,20.00,24.00,0.8420,1,1
363,23,1131.00,78.00,30.00,20.00,0.8637,1,1
363,25,1164.00,214.00,13.00,19.00,0.6625,1,1
363,30,1169.00,223.00,11.00,27.00,0.8349,1,1
363,32,913.00,363.00,42.00,44.00,0.6030,1,1
363,36,535.00,831.00,33.00,40.00,0.6232,1,1
364,1,911.00,324.00,76.00,58.00,0.9337,1,1
364,2,1124.00,116.00,30.00,23.00,0.8335,1,1
364,4,901.00,204.00,36.00,36.00,0.9094,1,1
364,8,773.00,911.00,42.00,38.00,0.9056,1,1
364,12,555.00,610.00,121.00,104.00,0.9466,1,1
364,15,889.00,589.00,36.00,45.00,0.8985,1,1
364,18,974.00,628.00,26.00,21.00,0.4870,1,1
364,19,1133.00,132.00,20.00,24.00,0.8430,1,1
364,23,1131.00,78.00,30.00,20.00,0.8556,1,1
364,30,1169.00,222.00,11.00,28.00,0.8333,1,1
364,32,913.00,363.00,42.00,44.00,0.5357,1,1
364,36,535.00,831.00,33.00,39.00,0.6179,1,1
365,1,903.00,318.00,71.00,58.00,0.9440,1,1
365,2,1123.00,118.00,31.00,25.00,0.8385,1,1
365,4,903.00,204.00,35.00,36.00,0.9119,1,1
365,8,772.00,913.00,43.00,37.00,0.9056,1,1
365,12,540.00,621.00,124.00,105.00,0.9433,1,1
365,15,901.00,598.00,33.00,44.00,0.8880,1,1
365,18,970.00,633.00,28.00,21.00,0.4870,1,1
365,19,1132.00,133.00,20.00,24.00,0.8859,1,1
365,23,1131.00,79.00,30.00,20.00,0.8294,1,1
365,30,1169.00,219.00,12.00,24.00,0.8547,1,1
365,32,908.00,361.00,41.00,44.00,0.5357,1,1
365,36,527.00,834.00,33.00,39.00,0.6179,1,1
366,1,898.00,317.00,72.00,57.00,0.9479,1,1
366,2,1123.00,118.00,31.00,26.00,0.8339,1,1
366,4,903.00,204.00,35.00,36.00,0.9110,1,1
366,8,728.00,942.00,41.00,47.00,0.5486,1,1
366,12,532.00,625.00,125.00,104.00,0.9371,1,1
366,15,910.00,595.00,33.00,49.00,0.8835,1,1
366,19,1132.00,133.00,20.00,25.00,0.8854,1,1
366,23,1131.00,79.00,29.00,20.00,0.8153,1,1
366,30,1169.00,219.00,13.00,24.00,0.8691,1,1
367,1,896.00,315.00,68.00,55.00,0.9467,1,1
367,2,1123.00,117.00,31.00,27.00,0.8445,1,1
367,4,903.00,204.00,36.00,36.00,0.9110,1,1
367,8,722.00,947.00,42.00,48.00,0.5486,1,1
367,12,523.00,630.00,127.00,105.00,0.9429,1,1
367,15,917.00,595.00,31.00,50.00,0.8917,1,1
367,19,1133.00,133.00,20.00,25.00,0.8654,1,1
367,23,1131.00,79.00,29.00,20.00,0.8179,1,1
367,30,1169.00,219.00,14.00,24.00,0.8714,1,1
368,1,894.00,313.00,67.00,54.00,0.9456,1,1
368,2,1123.00,118.00,31.00,26.00,0.8467,1,1
368,4,904.00,204.00,36.00,36.00,0.9108,1,1
368,8,689.00,974.00,32.00,48.00,0.6617,1,1
368,12,515.00,632.00,128.00,107.00,0.9381,1,1
368,14,518.00,714.00,95.00,66.00,0.3993,1,1
368,15,927.00,586.00,30.00,53.00,0.9056,1,1
368,19,1134.00,133.00,19.00,25.00,0.8452,1,1
368,23,1132.00,80.00,28.00,19.00,0.8312,1,1
368,30,1170.00,219.00,13.00,24.00,0.8698,1,1
369,1,888.00,312.00,68.00,52.00,0.9251,1,1
369,2,1123.00,118.00,31.00,26.00,0.8592,1,1
369,4,904.00,204.00,36.00,36.00,0.9125,1,1
369,8,680.00,981.00,32.00,49.00,0.6617,1,1
369,12,510.00,634.00,124.00,106.00,0.9242,1,1
369,14,509.00,719.00,97.00,67.00,0.3993,1,1
369,15,930.00,581.00,32.00,54.00,0.8955,1,1
369,19,1134.00,133.00,20.00,26.00,0.8584,1,1
369,23,1132.00,80.00,28.00,20.00,0.8443,1,1
369,30,1170.00,221.00,13.00,23.00,0.8709,1,1
369,32,856.00,483.00,26.00,29.00,0.9094,1,1
369,35,514.00,716.00,94.00,91.00,0.4482,1,1
370,1,888.00,312.00,68.00,52.00,0.9246,1,1
370,2,1123.00,118.00,31.00,25.00,0.8588,1,1
370,4,904.00,204.00,36.00,37.00,0.9139,1,1
370,12,510.00,634.00,124.00,106.00,0.9242,1,1
370,15,930.00,580.00,32.00,55.00,0.8957,1,1
370,19,1134.00,133.00,20.00,25.00,0.8567,1,1
370,23,1132.00,80.00,28.00,20.00,0.8425,1,1
370,30,1170.00,221.00,13.00,23.00,0.8743,1,1
370,32,855.00,483.00,27.00,29.00,0.9109,1,1
370,35,514.00,716.00,95.00,91.00,0.3714,1,1
371,1,878.00,311.00,66.00,53.00,0.9402,1,1
371,2,1123.00,119.00,32.00,26.00,0.8540,1,1
371,4,904.00,205.00,36.00,36.00,0.9110,1,1
371,12,494.00,639.00,126.00,104.00,0.9253,1,1
371,15,931.00,576.00,38.00,50.00,0.8504,1,1
371,19,1133.00,133.00,22.00,28.00,0.8539,1,1
371,23,1132.00,80.00,28.00,20.00,0.8445,1,1
371,30,1171.00,221.00,13.00,23.00,0.8798,1,1
371,32,824.00,473.00,30.00,24.00,0.7153,1,1
371,35,503.00,721.00,99.00,94.00,0.3714,1,1
372,1,870.00,309.00,66.00,54.00,0.9413,1,1
372,2,1123.00,119.00,32.00,27.00,0.8554,1,1
372,4,904.00,205.00,36.00,36.00,0.9088,1,1
372,12,484.00,644.00,127.00,105.00,0.9401,1,1
372,14,491.00,732.00,92.00,82.00,0.2816,1,1
372,15,933.00,584.00,36.00,42.00,0.7873,1,1
372,19,1133.00,133.00,23.00,30.00,0.8615,1,1
372,23,1132.00,80.00,28.00,20.00,0.8471,1,1
372,30,1171.00,221.00,13.00,23.00,0.8769,1,1
372,32,814.00,468.00,30.00,24.00,0.8224,1,1
372,36,623.00,947.00,30.00,36.00,0.3027,1,1
373,1,866.00,308.00,64.00,53.00,0.9426,1,1
373,2,1124.00,119.00,32.00,26.00,0.8631,1,1
373,4,904.00,205.00,36.00,37.00,0.9043,1,1
373,12,475.00,648.00,129.00,106.00,0.9262,1,1
373,14,483.00,737.00,93.00,84.00,0.2816,1,1
373,15,934.00,584.00,37.00,41.00,0.7873,1,1
373,18,943.00,594.00,24.00,27.00,0.5507,1,1
373,19,1133.00,133.00,23.00,31.00,0.8667,1,1
373,23,1132.00,80.00,28.00,20.00,0.8513,1,1
373,30,1171.00,221.00,13.00,23.00,0.8670,1,1
373,32,809.00,463.00,31.00,24.00,0.8637,1,1
373,36,628.00,957.00,30.00,36.00,0.3027,1,1
374,1,861.00,306.00,62.00,53.00,0.9445,1,1
374,2,1126.00,119.00,31.00,26.00,0.8642,1,1
374,4,904.00,205.00,36.00,36.00,0.9049,1,1
374,12,465.00,653.00,130.00,102.00,0.9088,1,1
374,15,899.00,561.00,34.00,33.00,0.7121,1,1
374,18,939.00,593.00,25.00,28.00,0.5507,1,1
374,19,1135.00,133.00,22.00,31.00,0.8672,1,1
374,23,1130.00,80.00,30.00,20.00,0.8532,1,1
374,30,1171.00,221.00,13.00,23.00,0.8660,1,1
374,32,806.00,461.00,30.00,24.00,0.8599,1,1
375,1,853.00,305.00,64.00,54.00,0.9352,1,1
375,2,1129.00,120.00,28.00,26.00,0.8580,1,1
375,4,904.00,205.00,36.00,36.00,0.9061,1,1
375,12,459.00,655.00,127.00,104.00,0.9349,1,1
375,15,886.00,559.00,36.00,43.00,0.5047,1,1
375,19,1137.00,133.00,22.00,30.00,0.8557,1,1
375,23,1129.00,80.00,30.00,20.00,0.8527,1,1
375,30,1169.00,220.00,14.00,24.00,0.5666,1,1
375,32,802.00,459.00,37.00,25.00,0.7810,1,1
376,1,853.00,305.00,64.00,54.00,0.9345,1,1
376,2,1129.00,120.00,28.00,26.00,0.8571,1,1
376,4,904.00,204.00,36.00,37.00,0.9055,1,1
376,8,885.00,558.00,38.00,45.00,0.5098,1,1
376,12,459.00,655.00,128.00,104.00,0.9345,1,1
376,15,885.00,556.00,30.00,41.00,0.5429,1,1
376,19,1137.00,133.00,22.00,30.00,0.8558,1,1
376,23,1129.00,81.00,30.00,19.00,0.8530,1,1
376,30,1169.00,220.00,14.00,24.00,0.6003,1,1
376,32,802.00,459.00,37.00,24.00,0.7846,1,1
377,1,841.00,302.00,64.00,54.00,0.9447,1,1
377,2,1130.00,123.00,29.00,26.00,0.9057,1,1
377,4,905.00,205.00,36.00,36.00,0.9018,1,1
377,8,899.00,529.00,38.00,45.00,0.5098,1,1
377,12,441.00,662.00,124.00,102.00,0.9318,1,1
377,14,450.00,748.00,92.00,60.00,0.3867,1,1
377,15,854.00,567.00,31.00,43.00,0.8639,1,1
377,19,1140.00,138.00,21.00,28.00,0.8164,1,1
377,23,1129.00,80.00,29.00,20.00,0.8504,1,1
377,25,1109.00,222.00,15.00,20.00,0.7703,1,1
377,30,1169.00,220.00,15.00,24.00,0.6003,1,1
377,32,803.00,465.00,33.00,20.00,0.5587,1,1
377,35,553.00,978.00,45.00,71.00,0.3293,1,1
378,1,836.00,300.00,64.00,51.00,0.9364,1,1
378,2,1130.00,123.00,31.00,26.00,0.8962,1,1
378,4,905.00,205.00,36.00,36.00,0.9001,1,1
378,12,429.00,664.00,126.00,101.00,0.9188,1,1
378,14,442.00,752.00,93.00,60.00,0.3867,1,1
378,15,833.00,568.00,25.00,42.00,0.8724,1,1
378,19,1141.00,138.00,21.00,30.00,0.8545,1,1
378,23,1128.00,80.00,30.00,19.00,0.8427,1,1
378,25,1110.00,221.00,15.00,21.00,0.4115,1,1
378,30,1172.00,227.00,13.00,24.00,0.7539,1,1
378,32,797.00,469.00,32.00,19.00,0.5587,1,1
378,35,552.00,1001.00,43.00,71.00,0.3293,1,1
379,1,829.00,298.00,65.00,58.00,0.9376,1,1
379,2,1131.00,123.00,29.00,26.00,0.8856,1,1
379,4,904.00,205.00,37.00,37.00,0.9000,1,1
379,12,415.00,666.00,128.00,101.00,0.9165,1,1
379,15,811.00,563.00,18.00,48.00,0.8126,1,1
379,19,1140.00,140.00,24.00,30.00,0.8143,1,1
379,23,1128.00,79.00,30.00,18.00,0.8479,1,1
379,25,1111.00,222.00,15.00,20.00,0.5871,1,1
379,30,1173.00,228.00,13.00,25.00,0.6216,1,1
379,36,574.00,1008.00,29.00,35.00,0.7490,1,1
380,1,823.00,295.00,66.00,57.00,0.9379,1,1
380,2,1134.00,125.00,27.00,23.00,0.8462,1,1
380,4,904.00,205.00,37.00,37.00,0.8975,1,1
380,12,404.00,667.00,128.00,101.00,0.9154,1,1
380,15,800.00,562.00,17.00,49.00,0.8126,1,1
380,18,785.00,565.00,16.00,31.00,0.9128,1,1
380,19,1143.00,140.00,25.00,30.00,0.8960,1,1
380,23,1128.00,79.00,30.00,17.00,0.8629,1,1
380,25,1112.00,221.00,18.00,22.00,0.8336,1,1
380,30,1177.00,227.00,12.00,27.00,0.6222,1,1
380,36,604.00,976.00,24.00,42.00,0.7859,1,1
381,1,820.00,294.00,65.00,58.00,0.9360,1,1
381,2,1138.00,127.00,29.00,22.00,0.7807,1,1
381,4,904.00,205.00,37.00,37.00,0.8972,1,1
381,12,397.00,668.00,124.00,99.00,0.9217,1,1
381,14,414.00,759.00,86.00,56.00,0.3073,1,1
381,18,769.00,562.00,16.00,31.00,0.9128,1,1
381,19,1146.00,141.00,24.00,28.00,0.8447,1,1
381,23,1128.00,79.00,30.00,18.00,0.8653,1,1
381,25,1117.00,222.00,19.00,21.00,0.8505,1,1
381,30,1178.00,228.00,12.00,26.00,0.7281,1,1
381,35,619.00,969.00,24.00,58.00,0.8353,1,1
381,36,607.00,981.00,23.00,43.00,0.7859,1,1
382,1,820.00,294.00,65.00,58.00,0.9363,1,1
382,2,1138.00,127.00,29.00,22.00,0.7773,1,1
382,4,905.00,205.00,36.00,37.00,0.8993,1,1
382,12,397.00,668.00,125.00,99.00,0.9215,1,1
382,14,414.00,759.00,86.00,56.00,0.3122,1,1
382,19,1146.00,141.00,24.00,28.00,0.8464,1,1
382,23,1128.00,79.00,30.00,18.00,0.8643,1,1
382,25,1116.00,222.00,19.00,21.00,0.8518,1,1
382,30,1178.00,228.00,12.00,26.00,0.7145,1,1
382,35,619.00,970.00,24.00,57.00,0.8376,1,1
383,1,811.00,290.00,67.00,60.00,0.9310,1,1
383,2,1142.00,130.00,30.00,19.00,0.8137,1,1
383,4,905.00,204.00,36.00,38.00,0.8989,1,1
383,8,728.00,511.00,31.00,30.00,0.6956,1,1
383,12,374.00,670.00,127.00,99.00,0.9244,1,1
383,14,406.00,762.00,86.00,55.00,0.3122,1,1
383,19,1149.00,142.00,23.00,30.00,0.8683,1,1
383,23,1127.00,79.00,31.00,17.00,0.8635,1,1
383,25,1120.00,225.00,21.00,21.00,0.7129,1,1
383,30,1179.00,229.00,12.00,26.00,0.7145,1,1
383,35,624.00,984.00,21.00,56.00,0.8376,1,1
384,1,810.00,288.00,65.00,56.00,0.9283,1,1
384,2,1142.00,130.00,31.00,19.00,0.7500,1,1
384,4,905.00,202.00,36.00,40.00,0.8943,1,1
384,8,719.00,492.00,29.00,31.00,0.9027,1,1
384,12,366.00,672.00,126.00,98.00,0.9157,1,1
384,19,1150.00,142.00,26.00,32.00,0.8829,1,1
384,23,1127.00,78.00,31.00,18.00,0.8766,1,1
384,25,1123.00,224.00,19.00,22.00,0.8190,1,1
384,30,1187.00,235.00,13.00,23.00,0.4514,1,1
385,1,809.00,286.00,64.00,48.00,0.9283,1,1
385,2,1150.00,128.00,29.00,21.00,0.8680,1,1
385,4,905.00,201.00,36.00,41.00,0.8984,1,1
385,8,713.00,477.00,29.00,29.00,0.9009,1,1
385,12,356.00,673.00,130.00,98.00,0.9252,1,1
385,19,1152.00,143.00,24.00,30.00,0.8997,1,1
385,23,1127.00,77.00,31.00,18.00,0.8879,1,1
385,25,1124.00,223.00,19.00,23.00,0.8082,1,1
385,30,1188.00,237.00,14.00,22.00,0.4514,1,1
386,1,807.00,285.00,65.00,54.00,0.9329,1,1
386,2,1151.00,129.00,31.00,20.00,0.8742,1,1
386,4,904.00,201.00,37.00,40.00,0.9005,1,1
386,8,706.00,464.00,31.00,30.00,0.9029,1,1
386,12,351.00,673.00,129.00,100.00,0.9266,1,1
386,14,382.00,764.00,83.00,61.00,0.2536,1,1
386,19,1151.00,144.00,28.00,32.00,0.8482,1,1
386,23,1126.00,77.00,32.00,18.00,0.8860,1,1
386,25,1121.00,224.00,22.00,23.00,0.3445,1,1
387,1,806.00,285.00,66.00,50.00,0.9341,1,1
387,2,1146.00,132.00,38.00,19.00,0.8458,1,1
387,4,904.00,201.00,37.00,40.00,0.9087,1,1
387,8,705.00,455.00,30.00,29.00,0.6928,1,1
387,12,348.00,675.00,126.00,99.00,0.9289,1,1
387,14,373.00,767.00,84.00,60.00,0.2536,1,1
387,18,895.00,477.00,33.00,33.00,0.6339,1,1
387,19,1150.00,145.00,29.00,33.00,0.9044,1,1
387,23,1126.00,77.00,32.00,18.00,0.8889,1,1
387,25,1126.00,226.00,21.00,27.00,0.7236,1,1
388,1,806.00,285.00,66.00,50.00,0.9338,1,1
388,2,1147.00,132.00,37.00,19.00,0.8496,1,1
388,4,904.00,201.00,37.00,40.00,0.9081,1,1
388,8,705.00,455.00,30.00,29.00,0.6652,1,1
388,12,347.00,674.00,129.00,101.00,0.9289,1,1
388,18,895.00,477.00,33.00,34.00,0.5905,1,1
388,19,1151.00,145.00,28.00,33.00,0.9055,1,1
388,23,1126.00,77.00,32.00,18.00,0.8895,1,1
388,25,1126.00,226.00,21.00,27.00,0.7516,1,1
389,1,805.00,282.00,67.00,51.00,0.9290,1,1
389,2,1158.00,131.00,32.00,20.00,0.8791,1,1
389,4,902.00,200.00,38.00,39.00,0.9049,1,1
389,8,703.00,446.00,28.00,29.00,0.8288,1,1
389,12,339.00,676.00,128.00,102.00,0.9357,1,1
389,18,900.00,470.00,35.00,34.00,0.5905,1,1
389,19,1153.00,147.00,29.00,33.00,0.8162,1,1
389,23,1127.00,76.00,31.00,20.00,0.8895,1,1
389,25,1127.00,226.00,21.00,28.00,0.7516,1,1
389,30,1130.00,226.00,18.00,25.00,0.8235,1,1
390,1,805.00,281.00,65.00,49.00,0.9284,1,1
390,2,1157.00,133.00,36.00,18.00,0.8496,1,1
390,4,902.00,199.00,38.00,39.00,0.9027,1,1
390,8,702.00,445.00,25.00,31.00,0.8576,1,1
390,12,335.00,676.00,128.00,102.00,0.9269,1,1
390,18,907.00,478.00,28.00,38.00,0.8322,1,1
390,19,1157.00,147.00,27.00,32.00,0.8770,1,1
390,23,1126.00,76.00,32.00,20.00,0.8907,1,1
390,30,1133.00,227.00,15.00,25.00,0.7509,1,1
391,1,806.00,278.00,64.00,51.00,0.9377,1,1
391,2,1156.00,133.00,39.00,18.00,0.8465,1,1
391,4,901.00,198.00,38.00,38.00,0.8988,1,1
391,8,702.00,445.00,25.00,32.00,0.8293,1,1
391,12,335.00,676.00,127.00,102.00,0.9309,1,1
391,18,908.00,480.00,27.00,36.00,0.7649,1,1
391,19,1159.00,148.00,25.00,32.00,0.8306,1,1
391,23,1126.00,76.00,31.00,21.00,0.8811,1,1
391,30,1135.00,228.00,15.00,25.00,0.7342,1,1
391,36,356.00,1025.00,23.00,38.00,0.3976,1,1
392,1,808.00,277.00,63.00,50.00,0.9332,1,1
392,2,1159.00,134.00,38.00,17.00,0.8581,1,1
392,4,901.00,197.00,38.00,38.00,0.9002,1,1
392,8,701.00,445.00,26.00,35.00,0.8320,1,1
392,12,335.00,676.00,124.00,102.00,0.9299,1,1
392,14,362.00,769.00,89.00,67.00,0.6016,1,1
392,18,906.00,480.00,28.00,34.00,0.7372,1,1
392,19,1159.00,150.00,26.00,32.00,0.8131,1,1
392,23,1126.00,77.00,31.00,21.00,0.8625,1,1
392,25,1135.00,233.00,15.00,30.00,0.6637,1,1
392,30,1132.00,228.00,16.00,25.00,0.7342,1,1
392,36,361.00,1031.00,23.00,41.00,0.4379,1,1
393,1,809.00,275.00,62.00,47.00,0.9268,1,1
393,2,1161.00,135.00,39.00,19.00,0.8235,1,1
393,4,900.00,196.00,38.00,38.00,0.9068,1,1
393,8,701.00,444.00,27.00,39.00,0.8592,1,1
393,12,336.00,677.00,120.00,102.00,0.9380,1,1
393,14,357.00,770.00,90.00,69.00,0.6016,1,1
393,15,900.00,478.00,31.00,41.00,0.8291,1,1
393,18,910.00,476.00,29.00,34.00,0.7372,1,1
393,19,1161.00,151.00,25.00,33.00,0.8502,1,1
393,23,1126.00,80.00,29.00,19.00,0.8444,1,1
393,25,1135.00,234.00,14.00,28.00,0.6828,1,1
393,36,363.00,1031.00,26.00,45.00,0.7509,1,1
394,1,809.00,275.00,62.00,47.00,0.9263,1,1
394,2,1162.00,135.00,38.00,19.00,0.8297,1,1
394,4,900.00,196.00,38.00,38.00,0.9053,1,1
394,8,701.00,443.00,28.00,40.00,0.8502,1,1
394,12,336.00,677.00,120.00,102.00,0.9396,1,1
394,15,900.00,478.00,31.00,41.00,0.8292,1,1
394,19,1161.00,151.00,25.00,33.00,0.8302,1,1
394,23,1126.00,80.00,29.00,19.00,0.8458,1,1
394,25,1135.00,234.00,14.00,28.00,0.6816,1,1
394,30,1119.00,171.00,11.00,23.00,0.6658,1,1
394,36,364.00,1031.00,26.00,46.00,0.7930,1,1
395,1,810.00,270.00,62.00,45.00,0.9358,1,1
395,2,1161.00,135.00,41.00,19.00,0.8483,1,1
395,4,898.00,193.00,37.00,37.00,0.9147,1,1
395,8,707.00,454.00,26.00,35.00,0.8802,1,1
395,12,332.00,676.00,116.00,103.00,0.9456,1,1
395,14,367.00,766.00,78.00,72.00,0.7937,1,1
395,15,904.00,473.00,32.00,42.00,0.8292,1,1
395,19,1162.00,152.00,28.00,33.00,0.7849,1,1
395,23,1126.00,80.00,29.00,19.00,0.8458,1,1
395,25,1136.00,235.00,14.00,29.00,0.6816,1,1
395,30,1119.00,173.00,12.00,23.00,0.7824,1,1
395,35,902.00,319.00,26.00,27.00,0.3904,1,1
395,36,364.00,1028.00,29.00,48.00,0.6202,1,1
396,1,809.00,268.00,61.00,46.00,0.9365,1,1
396,2,1162.00,134.00,42.00,20.00,0.8448,1,1
396,4,898.00,190.00,36.00,38.00,0.9093,1,1
396,8,709.00,458.00,26.00,36.00,0.8518,1,1
396,12,332.00,676.00,113.00,105.00,0.9500,1,1
396,14,364.00,764.00,80.00,75.00,0.7394,1,1
396,19,1162.00,152.00,30.00,36.00,0.7372,1,1
396,23,1124.00,87.00,25.00,18.00,0.5121,1,1
396,30,1119.00,173.00,12.00,22.00,0.7710,1,1
396,35,902.00,318.00,25.00,27.00,0.4081,1,1
396,36,368.00,1030.00,29.00,45.00,0.5969,1,1
397,1,807.00,265.00,63.00,45.00,0.9291,1,1
397,2,1168.00,135.00,36.00,20.00,0.8477,1,1
397,4,897.00,187.00,35.00,37.00,0.9041,1,1
397,8,714.00,459.00,22.00,42.00,0.8643,1,1
397,12,332.00,676.00,110.00,107.00,0.9500,1,1
397,14,364.00,759.00,83.00,76.00,0.7633,1,1
397,19,1166.00,151.00,34.00,37.00,0.7272,1,1
397,23,1122.00,88.00,23.00,17.00,0.8359,1,1
397,30,1120.00,170.00,11.00,23.00,0.6041,1,1
397,35,919.00,303.00,25.00,25.00,0.4081,1,1
397,36,369.00,1025.00,28.00,50.00,0.6236,1,1
397,43,590.00,897.00,44.00,41.00,0.8150,1,1
398,1,806.00,262.00,64.00,43.00,0.9235,1,1
398,2,1172.00,136.00,32.00,21.00,0.8509,1,1
398,4,896.00,185.00,35.00,38.00,0.9060,1,1
398,8,716.00,460.00,21.00,40.00,0.8661,1,1
398,12,331.00,676.00,110.00,108.00,0.9460,1,1
398,14,365.00,752.00,86.00,81.00,0.4098,1,1
398,19,1178.00,151.00,25.00,32.00,0.6446,1,1
398,23,1121.00,92.00,22.00,16.00,0.8047,1,1
398,30,1119.00,170.00,13.00,23.00,0.7142,1,1
398,36,366.00,1027.00,29.00,50.00,0.6236,1,1
398,43,587.00,903.00,37.00,41.00,0.8616,1,1
398,44,388.00,819.00,53.00,43.00,0.4034,1,1
399,1,802.00,260.00,65.00,43.00,0.9254,1,1
399,2,1173.00,137.00,31.00,23.00,0.8624,1,1
399,4,894.00,186.00,37.00,35.00,0.8950,1,1
399,8,719.00,462.00,24.00,44.00,0.8838,1,1
399,12,331.00,676.00,111.00,110.00,0.9466,1,1
399,14,362.00,760.00,93.00,75.00,0.5333,1,1
399,19,1179.00,153.00,23.00,31.00,0.8394,1,1
399,23,1122.00,96.00,21.00,16.00,0.8243,1,1
399,30,1119.00,170.00,12.00,24.00,0.7423,1,1
399,43,581.00,908.00,41.00,37.00,0.7614,1,1
399,44,387.00,818.00,54.00,44.00,0.4034,1,1
400,1,802.00,260.00,65.00,43.00,0.9251,1,1
400,2,1173.00,137.00,31.00,23.00,0.8629,1,1
400,4,894.00,185.00,36.00,36.00,0.8991,1,1
400,8,719.00,462.00,24.00,44.00,0.8839,1,1
400,12,331.00,676.00,112.00,109.00,0.9462,1,1
400,14,363.00,761.00,91.00,74.00,0.5490,1,1
400,19,1179.00,153.00,23.00,31.00,0.8377,1,1
400,23,1122.00,96.00,21.00,16.00,0.8186,1,1
400,30,1119.00,170.00,12.00,23.00,0.7512,1,1
400,43,582.00,908.00,41.00,37.00,0.7482,1,1
400,44,366.00,750.00,89.00,59.00,0.3843,1,1
401,1,798.00,255.00,63.00,42.00,0.9321,1,1
401,2,1174.00,138.00,32.00,24.00,0.8924,1,1
401,4,890.00,180.00,39.00,34.00,0.8980,1,1
401,8,726.00,463.00,26.00,45.00,0.9019,1,1
401,12,329.00,678.00,118.00,110.00,0.9422,1,1
401,14,365.00,757.00,94.00,72.00,0.5483,1,1
401,19,1183.00,155.00,22.00,27.00,0.8636,1,1
401,23,1121.00,97.00,21.00,17.00,0.8186,1,1
401,30,1120.00,171.00,13.00,23.00,0.7865,1,1
401,36,367.00,754.00,92.00,56.00,0.4989,1,1
401,43,569.00,901.00,34.00,35.00,0.8010,1,1
401,44,360.00,725.00,98.00,65.00,0.3843,1,1
402,1,795.00,252.00,63.00,43.00,0.9316,1,1
402,2,1175.00,139.00,33.00,24.00,0.8886,1,1
402,4,890.00,178.00,38.00,32.00,0.9063,1,1
402,8,727.00,461.00,26.00,45.00,0.9004,1,1
402,12,330.00,678.00,119.00,110.00,0.9407,1,1
402,14,366.00,755.00,93.00,72.00,0.4604,1,1
402,19,1183.00,155.00,24.00,28.00,0.8745,1,1
402,25,874.00,276.00,24.00,32.00,0.2537,1,1
402,30,1120.00,170.00,13.00,24.00,0.7882,1,1
402,36,380.00,752.00,80.00,55.00,0.7118,1,1
402,43,564.00,892.00,34.00,42.00,0.8187,1,1
402,44,406.00,750.00,56.00,57.00,0.2687,1,1
403,1,790.00,250.00,65.00,43.00,0.9173,1,1
403,2,1176.00,140.00,33.00,24.00,0.8784,1,1
403,4,888.00,176.00,39.00,32.00,0.9096,1,1
403,8,726.00,457.00,28.00,48.00,0.8962,1,1
403,12,329.00,678.00,122.00,109.00,0.9377,1,1
403,14,372.00,749.00,90.00,69.00,0.3773,1,1
403,19,1184.00,155.00,24.00,28.00,0.8657,1,1
403,25,853.00,280.00,25.00,32.00,0.2537,1,1
403,30,1120.00,170.00,14.00,25.00,0.8260,1,1
403,36,380.00,731.00,85.00,56.00,0.7118,1,1
403,43,560.00,887.00,38.00,47.00,0.7936,1,1
403,44,409.00,737.00,58.00,60.00,0.2687,1,1
404,1,785.00,248.00,67.00,45.00,0.9309,1,1
404,2,1176.00,139.00,35.00,25.00,0.8767,1,1
404,4,889.00,175.00,37.00,31.00,0.9100,1,1
404,8,727.00,456.00,28.00,48.00,0.8962,1,1
404,12,330.00,677.00,124.00,109.00,0.9413,1,1
404,14,382.00,747.00,81.00,68.00,0.3327,1,1
404,15,726.00,455.00,27.00,46.00,0.8953,1,1
404,19,1186.00,157.00,24.00,26.00,0.8752,1,1
404,30,1120.00,170.00,15.00,24.00,0.8525,1,1
404,36,422.00,746.00,42.00,52.00,0.3969,1,1
404,43,562.00,895.00,39.00,42.00,0.3628,1,1
405,1,783.00,246.00,67.00,46.00,0.9288,1,1
405,2,1177.00,141.00,33.00,24.00,0.8585,1,1
405,4,888.00,174.00,38.00,30.00,0.9079,1,1
405,12,331.00,676.00,126.00,110.00,0.9454,1,1
405,14,383.00,746.00,81.00,67.00,0.3327,1,1
405,15,723.00,451.00,27.00,49.00,0.8916,1,1
405,18,1087.00,114.00,52.00,32.00,0.3234,1,1
405,19,1187.00,158.00,23.00,26.00,0.8623,1,1
405,30,1120.00,170.00,15.00,25.00,0.7561,1,1
405,35,1123.00,132.00,15.00,21.00,0.2874,1,1
405,36,425.00,731.00,45.00,51.00,0.3969,1,1
405,43,558.00,895.00,39.00,42.00,0.3628,1,1
406,1,783.00,246.00,67.00,46.00,0.9292,1,1
406,2,1178.00,142.00,32.00,23.00,0.8636,1,1
406,4,888.00,174.00,38.00,30.00,0.9083,1,1
406,12,331.00,676.00,126.00,110.00,0.9448,1,1
406,15,723.00,451.00,28.00,49.00,0.8928,1,1
406,18,1087.00,113.00,52.00,33.00,0.4117,1,1
406,19,1187.00,158.00,23.00,26.00,0.8648,1,1
406,30,1120.00,170.00,15.00,24.00,0.7401,1,1
406,35,1123.00,132.00,15.00,21.00,0.2758,1,1
407,1,775.00,240.00,63.00,46.00,0.9134,1,1
407,2,1177.00,143.00,34.00,23.00,0.8623,1,1
407,4,886.00,167.00,38.00,30.00,0.9038,1,1
407,12,333.00,673.00,127.00,109.00,0.9364,1,1
407,14,427.00,732.00,42.00,60.00,0.2805,1,1
407,15,716.00,444.00,26.00,52.00,0.7080,1,1
407,18,1087.00,113.00,52.00,33.00,0.4456,1,1
407,19,1187.00,158.00,24.00,27.00,0.8718,1,1
407,30,1119.00,170.00,16.00,24.00,0.7501,1,1
407,32,1126.00,252.00,21.00,21.00,0.2572,1,1
407,35,1142.00,119.00,15.00,20.00,0.2758,1,1
408,1,771.00,237.00,59.00,44.00,0.9325,1,1
408,2,1178.00,143.00,33.00,23.00,0.8589,1,1
408,4,884.00,163.00,38.00,30.00,0.8935,1,1
408,8,712.00,445.00,28.00,41.00,0.8908,1,1
408,12,334.00,668.00,128.00,111.00,0.9301,1,1
408,14,431.00,730.00,39.00,59.00,0.2805,1,1
408,15,708.00,441.00,26.00,52.00,0.7080,1,1
408,18,1097.00,107.00,54.00,33.00,0.4456,1,1
408,19,1188.00,158.00,24.00,27.00,0.8697,1,1
408,30,1120.00,170.00,15.00,25.00,0.7777,1,1
408,32,1126.00,252.00,17.00,21.00,0.3019,1,1
408,46,895.00,189.00,22.00,23.00,0.3030,1,1
409,1,770.00,234.00,56.00,43.00,0.9239,1,1
409,2,1179.00,144.00,33.00,23.00,0.8641,1,1
409,4,884.00,161.00,38.00,30.00,0.8938,1,1
409,8,709.00,445.00,27.00,38.00,0.8003,1,1
409,12,339.00,662.00,128.00,114.00,0.9346,1,1
409,14,439.00,720.00,39.00,58.00,0.4333,1,1
409,19,1190.00,159.00,22.00,26.00,0.8425,1,1
409,23,1114.00,111.00,25.00,25.00,0.2985,1,1
409,30,1120.00,170.00,15.00,25.00,0.7559,1,1
409,32,1138.00,247.00,16.00,21.00,0.3019,1,1
409,46,895.00,188.00,22.00,24.00,0.3030,1,1
410,1,766.00,231.00,59.00,45.00,0.9204,1,1
410,2,1179.00,143.00,33.00,25.00,0.8718,1,1
410,4,882.00,160.00,37.00,27.00,0.8930,1,1
410,8,705.00,438.00,26.00,35.00,0.4434,1,1
410,12,353.00,657.00,118.00,107.00,0.9444,1,1
410,14,433.00,716.00,46.00,63.00,0.4668,1,1
410,19,1190.00,159.00,23.00,27.00,0.8233,1,1
410,23,1114.00,113.00,24.00,25.00,0.2985,1,1
410,30,1120.00,170.00,16.00,25.00,0.7616,1,1
410,36,442.00,715.00,37.00,55.00,0.2910,1,1
411,1,765.00,230.00,55.00,48.00,0.9197,1,1
411,2,1179.00,145.00,33.00,24.00,0.8686,1,1
411,4,879.00,159.00,39.00,28.00,0.8865,1,1
411,8,703.00,436.00,27.00,34.00,0.4434,1,1
411,12,357.00,653.00,117.00,108.00,0.9479,1,1
411,14,437.00,712.00,44.00,63.00,0.4668,1,1
411,19,1190.00,160.00,26.00,28.00,0.8202,1,1
411,30,1120.00,170.00,16.00,25.00,0.7819,1,1
411,36,447.00,710.00,35.00,50.00,0.3944,1,1
412,1,764.00,230.00,56.00,48.00,0.9176,1,1
412,2,1179.00,146.00,33.00,23.00,0.8685,1,1
412,4,879.00,159.00,39.00,28.00,0.8872,1,1
412,12,357.00,653.00,118.00,108.00,0.9480,1,1
412,19,1190.00,160.00,26.00,28.00,0.8118,1,1
412,30,1120.00,170.00,16.00,25.00,0.7972,1,1
412,36,447.00,710.00,34.00,50.00,0.4169,1,1
413,1,762.00,224.00,52.00,45.00,0.9302,1,1
413,2,1179.00,146.00,33.00,24.00,0.8775,1,1
413,4,877.00,153.00,37.00,25.00,0.8744,1,1
413,8,704.00,406.00,21.00,33.00,0.8455,1,1
413,12,360.00,644.00,122.00,102.00,0.9358,1,1
413,19,1190.00,160.00,26.00,29.00,0.8616,1,1
413,25,838.00,413.00,19.00,28.00,0.8582,1,1
413,30,1120.00,170.00,15.00,24.00,0.8188,1,1
413,36,450.00,703.00,35.00,49.00,0.4169,1,1
413,43,497.00,1028.00,47.00,51.00,0.7582,1,1
413,46,1116.00,106.00,24.00,16.00,0.8292,1,1
414,1,761.00,222.00,51.00,45.00,0.9341,1,1
414,2,1179.00,147.00,33.00,24.00,0.8637,1,1
414,4,877.00,150.00,37.00,24.00,0.8372,1,1
414,8,706.00,399.00,21.00,28.00,0.7707,1,1
414,12,361.00,637.00,125.00,107.00,0.9342,1,1
414,15,838.00,412.00,20.00,29.00,0.8481,1,1
414,19,1190.00,160.00,26.00,29.00,0.8478,1,1
414,25,832.00,423.00,20.00,27.00,0.8582,1,1
414,30,1120.00,170.00,15.00,25.00,0.8271,1,1
414,32,1212.00,268.00,16.00,23.00,0.5172,1,1
414,36,464.00,691.00,29.00,42.00,0.4079,1,1
414,43,514.00,1029.00,43.00,45.00,0.8671,1,1
414,46,1116.00,105.00,25.00,17.00,0.5897,1,1
415,1,759.00,220.00,53.00,45.00,0.9309,1,1
415,2,1179.00,148.00,32.00,24.00,0.8659,1,1
415,4,876.00,147.00,34.00,23.00,0.8333,1,1
415,8,705.00,394.00,21.00,27.00,0.7707,1,1
415,12,365.00,629.00,124.00,106.00,0.9360,1,1
415,15,840.00,413.00,18.00,28.00,0.7373,1,1
415,19,1191.00,162.00,24.00,28.00,0.8290,1,1
415,30,1120.00,170.00,15.00,25.00,0.8210,1,1
415,32,1214.00,268.00,15.00,23.00,0.7296,1,1
415,36,469.00,682.00,26.00,42.00,0.6861,1,1
415,43,530.00,1028.00,42.00,38.00,0.8396,1,1
415,46,1118.00,102.00,24.00,18.00,0.8195,1,1
416,1,758.00,219.00,54.00,45.00,0.9250,1,1
416,2,1179.00,148.00,32.00,25.00,0.8606,1,1
416,4,873.00,147.00,33.00,20.00,0.8211,1,1
416,12,374.00,624.00,120.00,106.00,0.9457,1,1
416,15,842.00,416.00,18.00,29.00,0.7366,1,1
416,19,1191.00,163.00,24.00,27.00,0.8642,1,1
416,23,879.00,164.00,22.00,24.00,0.4630,1,1
416,30,1120.00,170.00,15.00,24.00,0.8009,1,1
416,32,1217.00,268.00,14.00,24.00,0.5555,1,1
416,36,473.00,674.00,25.00,41.00,0.6861,1,1
416,43,538.00,1017.00,44.00,40.00,0.8949,1,1
416,46,1118.00,100.00,25.00,15.00,0.8547,1,1
417,1,758.00,218.00,53.00,44.00,0.9245,1,1
417,2,1180.00,149.00,32.00,24.00,0.8609,1,1
417,4,872.00,144.00,32.00,21.00,0.8214,1,1
417,12,373.00,618.00,126.00,102.00,0.9311,1,1
417,14,361.00,829.00,27.00,43.00,0.5746,1,1
417,15,844.00,416.00,17.00,31.00,0.8445,1,1
417,18,1167.00,173.00,16.00,26.00,0.2536,1,1
417,19,1191.00,164.00,25.00,27.00,0.8732,1,1
417,23,877.00,161.00,23.00,22.00,0.7443,1,1
417,30,1121.00,170.00,14.00,24.00,0.8036,1,1
417,32,1220.00,268.00,12.00,25.00,0.5417,1,1
417,36,477.00,671.00,25.00,38.00,0.3326,1,1
417,43,545.00,1005.00,42.00,44.00,0.8806,1,1
417,46,1118.00,98.00,25.00,16.00,0.8206,1,1
418,1,758.00,217.00,53.00,45.00,0.9241,1,1
418,2,1180.00,149.00,32.00,24.00,0.8606,1,1
418,4,872.00,144.00,32.00,21.00,0.8334,1,1
418,8,863.00,271.00,33.00,21.00,0.3230,1,1
418,12,374.00,618.00,125.00,102.00,0.9323,1,1
418,14,357.00,838.00,25.00,41.00,0.5746,1,1
418,15,844.00,416.00,17.00,31.00,0.8483,1,1
418,18,1167.00,173.00,16.00,26.00,0.3426,1,1
418,19,1191.00,164.00,25.00,27.00,0.8714,1,1
418,23,877.00,161.00,23.00,22.00,0.7372,1,1
418,30,1120.00,170.00,15.00,24.00,0.8068,1,1
418,32,1220.00,268.00,12.00,25.00,0.5440,1,1
418,36,477.00,671.00,25.00,38.00,0.2931,1,1
418,43,545.00,1005.00,42.00,44.00,0.8813,1,1
418,46,1118.00,98.00,25.00,16.00,0.8233,1,1
418,49,1119.00,260.00,18.00,17.00,0.4495,1,1
419,1,759.00,214.00,52.00,46.00,0.9295,1,1
419,2,1181.00,149.00,33.00,25.00,0.8645,1,1
419,4,869.00,141.00,34.00,21.00,0.8751,1,1
419,8,880.00,254.00,31.00,19.00,0.3230,1,1
419,12,385.00,607.00,120.00,103.00,0.9417,1,1
419,15,841.00,417.00,19.00,34.00,0.8474,1,1
419,18,1174.00,177.00,15.00,26.00,0.3426,1,1
419,19,1192.00,164.00,24.00,28.00,0.8522,1,1
419,23,873.00,158.00,25.00,23.00,0.8842,1,1
419,30,1121.00,170.00,14.00,24.00,0.8106,1,1
419,32,1229.00,269.00,12.00,25.00,0.5440,1,1
419,36,481.00,665.00,24.00,37.00,0.2931,1,1
419,43,559.00,984.00,38.00,44.00,0.9039,1,1
419,46,1118.00,92.00,27.00,16.00,0.7212,1,1
419,49,1119.00,260.00,18.00,17.00,0.4495,1,1
420,1,760.00,213.00,53.00,44.00,0.9306,1,1
420,2,1182.00,149.00,33.00,25.00,0.8655,1,1
420,4,868.00,137.00,34.00,24.00,0.8777,1,1
420,12,388.00,600.00,120.00,102.00,0.9438,1,1
420,15,839.00,415.00,20.00,36.00,0.8689,1,1
420,19,1193.00,164.00,23.00,27.00,0.8342,1,1
420,23,872.00,154.00,25.00,26.00,0.8865,1,1
420,25,856.00,258.00,19.00,23.00,0.2532,1,1
420,30,1121.00,170.00,14.00,24.00,0.8266,1,1
420,43,566.00,976.00,39.00,42.00,0.9029,1,1
420,46,1119.00,89.00,27.00,17.00,0.8777,1,1
420,49,1119.00,261.00,18.00,15.00,0.3051,1,1
421,1,761.00,211.00,53.00,44.00,0.9335,1,1
421,2,1182.00,150.00,34.00,25.00,0.8690,1,1
421,4,868.00,138.00,34.00,22.00,0.8597,1,1
421,12,394.00,596.00,118.00,101.00,0.9484,1,1
421,15,837.00,414.00,21.00,38.00,0.8669,1,1
421,19,1195.00,165.00,23.00,27.00,0.8306,1,1
421,23,871.00,153.00,25.00,26.00,0.8762,1,1
421,25,854.00,255.00,18.00,22.00,0.5167,1,1
421,30,1121.00,170.00,14.00,24.00,0.8340,1,1
421,43,571.00,962.00,41.00,42.00,0.9217,1,1
421,46,1120.00,88.00,26.00,17.00,0.8800,1,1
421,49,1121.00,259.00,18.00,14.00,0.6225,1,1
422,1,762.00,209.00,55.00,44.00,0.9339,1,1
422,2,1183.00,150.00,34.00,26.00,0.8963,1,1
422,4,867.00,135.00,33.00,24.00,0.8674,1,1
422,12,399.00,592.00,116.00,99.00,0.9520,1,1
422,15,836.00,414.00,21.00,38.00,0.8674,1,1
422,18,1195.00,167.00,24.00,28.00,0.8527,1,1
422,19,1195.00,166.00,23.00,26.00,0.8306,1,1
422,23,871.00,152.00,24.00,27.00,0.8931,1,1
422,25,854.00,255.00,19.00,22.00,0.4874,1,1
422,30,1121.00,170.00,15.00,24.00,0.8066,1,1
422,43,579.00,950.00,38.00,42.00,0.9268,1,1
422,46,1120.00,87.00,27.00,17.00,0.8810,1,1
422,49,1123.00,260.00,16.00,14.00,0.7448,1,1
423,1,764.00,207.00,55.00,42.00,0.9294,1,1
423,2,1184.00,150.00,34.00,28.00,0.9015,1,1
423,4,867.00,135.00,32.00,23.00,0.8578,1,1
423,12,402.00,589.00,116.00,102.00,0.9505,1,1
423,15,834.00,412.00,22.00,40.00,0.8745,1,1
423,18,1202.00,170.00,25.00,28.00,0.8527,1,1
423,19,1196.00,168.00,23.00,26.00,0.8441,1,1
423,23,871.00,152.00,24.00,25.00,0.8964,1,1
423,25,853.00,252.00,18.00,21.00,0.4874,1,1
423,30,1121.00,170.00,15.00,24.00,0.7922,1,1
423,43,585.00,941.00,33.00,39.00,0.7346,1,1
423,46,1120.00,87.00,27.00,15.00,0.7548,1,1
423,49,1122.00,260.00,17.00,15.00,0.7459,1,1
424,1,764.00,207.00,55.00,42.00,0.9286,1,1
424,2,1184.00,150.00,34.00,28.00,0.9025,1,1
424,4,867.00,134.00,32.00,23.00,0.8556,1,1
424,12,402.00,589.00,116.00,102.00,0.9507,1,1
424,15,834.00,412.00,22.00,40.00,0.8757,1,1
424,19,1196.00,168.00,23.00,27.00,0.8456,1,1
424,23,871.00,152.00,24.00,25.00,0.8983,1,1
424,30,1121.00,170.00,15.00,24.00,0.7904,1,1
424,43,585.00,941.00,33.00,39.00,0.7408,1,1
424,46,1120.00,87.00,27.00,15.00,0.7578,1,1
424,49,1122.00,260.00,17.00,15.00,0.7564,1,1
425,1,769.00,203.00,51.00,41.00,0.9325,1,1
425,2,1187.00,151.00,35.00,26.00,0.9017,1,1
425,4,866.00,133.00,33.00,23.00,0.8652,1,1
425,12,409.00,580.00,115.00,101.00,0.9455,1,1
425,15,831.00,407.00,20.00,42.00,0.8856,1,1
425,19,1198.00,168.00,25.00,28.00,0.8375,1,1
425,23,871.00,151.00,23.00,24.00,0.9090,1,1
425,30,1121.00,171.00,16.00,25.00,0.7903,1,1
425,43,598.00,911.00,35.00,44.00,0.7128,1,1
425,46,1120.00,84.00,29.00,15.00,0.3819,1,1
425,49,1121.00,254.00,20.00,14.00,0.6405,1,1
426,1,770.00,200.00,51.00,42.00,0.9351,1,1
426,2,1187.00,150.00,37.00,28.00,0.8940,1,1
426,4,866.00,132.00,33.00,23.00,0.8630,1,1
426,12,413.00,576.00,113.00,102.00,0.9499,1,1
426,15,833.00,405.00,18.00,39.00,0.8393,1,1
426,19,1199.00,167.00,26.00,30.00,0.8290,1,1
426,23,871.00,151.00,23.00,23.00,0.9068,1,1
426,30,1122.00,174.00,16.00,24.00,0.8091,1,1
426,43,602.00,901.00,37.00,43.00,0.3594,1,1
426,46,1121.00,84.00,31.00,15.00,0.5988,1,1
426,49,1119.00,252.00,21.00,15.00,0.4765,1,1
427,1,770.00,197.00,51.00,43.00,0.9358,1,1
427,2,1189.00,151.00,36.00,27.00,0.8942,1,1
427,4,866.00,132.00,33.00,22.00,0.8551,1,1
427,12,415.00,572.00,115.00,102.00,0.9524,1,1
427,15,832.00,400.00,19.00,35.00,0.8492,1,1
427,19,1201.00,168.00,25.00,29.00,0.8600,1,1
427,23,870.00,150.00,24.00,24.00,0.9071,1,1
427,30,1123.00,176.00,15.00,23.00,0.8312,1,1
427,36,714.00,359.00,19.00,29.00,0.8206,1,1
427,43,606.00,893.00,38.00,44.00,0.3594,1,1
427,46,1122.00,83.00,31.00,16.00,0.6600,1,1
427,49,1119.00,251.00,21.00,15.00,0.4765,1,1
428,1,769.00,196.00,52.00,42.00,0.9382,1,1
428,2,1191.00,152.00,36.00,27.00,0.8898,1,1
428,4,866.00,132.00,33.00,22.00,0.8539,1,1
428,12,418.00,569.00,116.00,102.00,0.9499,1,1
428,15,830.00,392.00,20.00,35.00,0.7501,1,1
428,19,1204.00,170.00,26.00,29.00,0.8335,1,1
428,23,871.00,150.00,23.00,23.00,0.9034,1,1
428,30,1126.00,176.00,12.00,23.00,0.7872,1,1
428,36,713.00,360.00,19.00,31.00,0.8676,1,1
428,46,1123.00,82.00,31.00,16.00,0.5047,1,1
429,1,766.00,193.00,55.00,45.00,0.9369,1,1
429,2,1193.00,153.00,36.00,28.00,0.9139,1,1
429,4,866.00,132.00,32.00,22.00,0.8571,1,1
429,12,420.00,567.00,117.00,103.00,0.9459,1,1
429,15,830.00,386.00,20.00,32.00,0.5894,1,1
429,19,1206.00,171.00,26.00,29.00,0.8257,1,1
429,23,870.00,150.00,24.00,24.00,0.9008,1,1
429,30,1127.00,177.00,14.00,23.00,0.8188,1,1
429,36,711.00,360.00,21.00,32.00,0.8768,1,1
429,43,623.00,881.00,37.00,42.00,0.5595,1,1
429,46,1126.00,80.00,30.00,18.00,0.4702,1,1
430,1,766.00,193.00,55.00,45.00,0.9374,1,1
430,2,1193.00,153.00,36.00,28.00,0.9142,1,1
430,4,866.00,131.00,32.00,23.00,0.8574,1,1
430,12,420.00,567.00,117.00,103.00,0.9445,1,1
430,15,830.00,386.00,20.00,32.00,0.5970,1,1
430,19,1206.00,171.00,25.00,29.00,0.8297,1,1
430,23,871.00,150.00,23.00,23.00,0.9088,1,1
430,30,1127.00,177.00,14.00,23.00,0.8106,1,1
430,36,711.00,360.00,21.00,32.00,0.8784,1,1
430,43,623.00,881.00,37.00,42.00,0.5567,1,1
430,46,1125.00,80.00,32.00,18.00,0.4436,1,1
431,1,763.00,189.00,50.00,41.00,0.9325,1,1
431,2,1198.00,152.00,36.00,28.00,0.9271,1,1
431,4,866.00,129.00,32.00,23.00,0.8437,1,1
431,12,432.00,562.00,111.00,101.00,0.9487,1,1
431,15,831.00,383.00,19.00,32.00,0.5970,1,1
431,19,1211.00,170.00,23.00,29.00,0.8240,1,1
431,23,871.00,148.00,23.00,23.00,0.9206,1,1
431,30,1129.00,179.00,16.00,23.00,0.7362,1,1
431,36,709.00,363.00,20.00,35.00,0.8438,1,1
431,43,639.00,875.00,35.00,46.00,0.8466,1,1
431,46,1129.00,79.00,30.00,17.00,0.7245,1,1
432,1,760.00,188.00,53.00,39.00,0.9319,1,1
432,2,1200.00,153.00,36.00,28.00,0.9296,1,1
432,4,866.00,129.00,33.00,23.00,0.8535,1,1
432,12,437.00,560.00,112.00,100.00,0.9440,1,1
432,19,1212.00,172.00,25.00,29.00,0.8250,1,1
432,23,871.00,148.00,23.00,24.00,0.9293,1,1
432,30,1130.00,176.00,16.00,24.00,0.7550,1,1
432,36,708.00,363.00,19.00,35.00,0.8515,1,1
432,43,646.00,877.00,35.00,42.00,0.6736,1,1
432,46,1131.00,79.00,29.00,18.00,0.8429,1,1
432,49,1131.00,242.00,21.00,12.00,0.3650,1,1
433,1,758.00,188.00,54.00,37.00,0.9278,1,1
433,2,1203.00,154.00,36.00,29.00,0.9228,1,1
433,4,866.00,128.00,33.00,24.00,0.8512,1,1
433,12,443.00,557.00,111.00,102.00,0.9517,1,1
433,19,1214.00,175.00,27.00,28.00,0.8660,1,1
433,23,871.00,148.00,24.00,24.00,0.9309,1,1
433,30,1130.00,175.00,16.00,24.00,0.6886,1,1
433,36,707.00,362.00,19.00,35.00,0.8461,1,1
433,43,649.00,875.00,37.00,41.00,0.7759,1,1
433,46,1132.00,81.00,30.00,18.00,0.8738,1,1
433,49,1131.00,240.00,21.00,12.00,0.2575,1,1
434,1,752.00,188.00,57.00,35.00,0.9195,1,1
434,2,1207.00,155.00,36.00,28.00,0.9226,1,1
434,4,866.00,127.00,35.00,24.00,0.8707,1,1
434,12,446.00,556.00,112.00,102.00,0.9572,1,1
434,19,1218.00,174.00,24.00,28.00,0.8515,1,1
434,23,872.00,148.00,24.00,24.00,0.9268,1,1
434,30,1131.00,175.00,16.00,24.00,0.6886,1,1
434,36,706.00,360.00,20.00,38.00,0.8658,1,1
434,43,656.00,878.00,36.00,38.00,0.3782,1,1
434,46,1133.00,81.00,32.00,20.00,0.8867,1,1
434,49,1132.00,239.00,21.00,11.00,0.2575,1,1
435,1,751.00,184.00,53.00,39.00,0.9213,1,1
435,2,1210.00,156.00,36.00,27.00,0.9111,1,1
435,4,866.00,127.00,36.00,23.00,0.8717,1,1
435,12,453.00,554.00,112.00,102.00,0.9362,1,1
435,18,1245.00,279.00,14.00,22.00,0.3423,1,1
435,19,1222.00,174.00,24.00,29.00,0.8305,1,1
435,23,872.00,146.00,24.00,25.00,0.9043,1,1
435,32,1142.00,183.00,16.00,21.00,0.8169,1,1
435,36,704.00,359.00,22.00,42.00,0.8666,1,1
435,43,662.00,879.00,35.00,43.00,0.8266,1,1
435,46,1135.00,82.00,31.00,21.00,0.8962,1,1
436,1,751.00,184.00,53.00,39.00,0.9212,1,1
436,2,1210.00,156.00,36.00,27.00,0.9119,1,1
436,4,866.00,127.00,36.00,22.00,0.8728,1,1
436,12,452.00,554.00,113.00,102.00,0.9361,1,1
436,18,1245.00,279.00,13.00,22.00,0.3609,1,1
436,19,1222.00,174.00,23.00,29.00,0.8290,1,1
436,23,872.00,146.00,24.00,25.00,0.9057,1,1
436,32,1142.00,183.00,16.00,21.00,0.8154,1,1
436,36,704.00,359.00,22.00,42.00,0.8675,1,1
436,43,662.00,879.00,35.00,43.00,0.8368,1,1
436,46,1135.00,82.00,31.00,21.00,0.8944,1,1
437,1,745.00,179.00,48.00,41.00,0.9257,1,1
437,2,1215.00,156.00,34.00,30.00,0.9158,1,1
437,4,867.00,125.00,38.00,23.00,0.9001,1,1
437,12,470.00,551.00,109.00,103.00,0.9321,1,1
437,18,1245.00,280.00,14.00,22.00,0.6229,1,1
437,19,1225.00,176.00,24.00,29.00,0.8798,1,1
437,23,874.00,145.00,26.00,23.00,0.8477,1,1
437,25,1148.00,184.00,18.00,18.00,0.5041,1,1
437,32,1139.00,180.00,16.00,20.00,0.8154,1,1
437,36,702.00,357.00,22.00,43.00,0.8680,1,1
437,43,667.00,881.00,37.00,47.00,0.9155,1,1
437,46,1138.00,85.00,30.00,19.00,0.8788,1,1
437,49,1143.00,233.00,21.00,12.00,0.8676,1,1
438,1,741.00,176.00,48.00,44.00,0.9007,1,1
438,2,1217.00,157.00,33.00,29.00,0.9145,1,1
438,4,867.00,125.00,42.00,22.00,0.8905,1,1
438,12,477.00,549.00,111.00,103.00,0.9297,1,1
438,15,833.00,318.00,17.00,24.00,0.2648,1,1
438,18,1245.00,279.00,14.00,22.00,0.5664,1,1
438,19,1227.00,176.00,25.00,31.00,0.8769,1,1
438,23,877.00,145.00,24.00,23.00,0.8416,1,1
438,25,1165.00,179.00,18.00,18.00,0.5041,1,1
438,30,854.00,241.00,19.00,23.00,0.4229,1,1
438,32,1149.00,183.00,18.00,19.00,0.4536,1,1
438,36,701.00,352.00,21.00,47.00,0.8774,1,1
438,43,670.00,883.00,37.00,44.00,0.8672,1,1
438,46,1140.00,85.00,30.00,19.00,0.8836,1,1
438,49,1143.00,230.00,22.00,13.00,0.8610,1,1
439,1,736.00,175.00,52.00,42.00,0.9126,1,1
439,2,1220.00,159.00,31.00,29.00,0.9133,1,1
439,4,867.00,125.00,43.00,23.00,0.8900,1,1
439,12,485.00,548.00,111.00,102.00,0.9157,1,1
439,15,832.00,318.00,18.00,23.00,0.8503,1,1
439,18,1245.00,277.00,14.00,22.00,0.5114,1,1
439,19,1229.00,178.00,23.00,30.00,0.8844,1,1
439,23,877.00,145.00,25.00,23.00,0.8650,1,1
439,25,1151.00,185.00,18.00,16.00,0.4346,1,1
439,30,854.00,241.00,19.00,23.00,0.4471,1,1
439,32,1148.00,181.00,18.00,18.00,0.4536,1,1
439,36,701.00,347.00,21.00,51.00,0.8354,1,1
439,43,673.00,885.00,36.00,43.00,0.8926,1,1
439,46,1140.00,86.00,30.00,21.00,0.8795,1,1
439,49,1144.00,229.00,23.00,14.00,0.8269,1,1
440,1,735.00,173.00,53.00,42.00,0.9209,1,1
440,2,1221.00,159.00,33.00,30.00,0.9180,1,1
440,4,868.00,125.00,43.00,23.00,0.8861,1,1
440,12,492.00,547.00,112.00,102.00,0.9136,1,1
440,15,831.00,318.00,17.00,25.00,0.6069,1,1
440,18,1244.00,275.00,16.00,18.00,0.7577,1,1
440,19,1231.00,177.00,23.00,29.00,0.8867,1,1
440,23,879.00,145.00,24.00,23.00,0.8677,1,1
440,25,1153.00,185.00,17.00,14.00,0.6064,1,1
440,30,853.00,240.00,20.00,22.00,0.4767,1,1
440,36,700.00,346.00,21.00,52.00,0.8099,1,1
440,43,677.00,885.00,34.00,44.00,0.9000,1,1
440,46,1141.00,87.00,31.00,20.00,0.8846,1,1
440,49,1143.00,228.00,24.00,15.00,0.8409,1,1
441,1,734.00,171.00,54.00,42.00,0.9148,1,1
441,2,1223.00,159.00,31.00,30.00,0.9132,1,1
441,4,868.00,123.00,45.00,24.00,0.8888,1,1
441,12,501.00,546.00,111.00,102.00,0.9349,1,1
441,15,830.00,318.00,16.00,26.00,0.7692,1,1
441,18,1245.00,275.00,16.00,17.00,0.8287,1,1
441,19,1232.00,176.00,26.00,32.00,0.8196,1,1
441,23,882.00,146.00,23.00,22.00,0.8587,1,1
441,25,1167.00,182.00,17.00,14.00,0.6064,1,1
441,30,836.00,246.00,20.00,21.00,0.4767,1,1
441,32,1150.00,182.00,17.00,16.00,0.2790,1,1
441,36,699.00,340.00,20.00,53.00,0.7045,1,1
441,43,679.00,888.00,33.00,42.00,0.8899,1,1
441,46,1143.00,87.00,30.00,19.00,0.8870,1,1
441,49,1145.00,227.00,24.00,14.00,0.8409,1,1
442,1,734.00,171.00,54.00,42.00,0.9142,1,1
442,2,1223.00,159.00,31.00,30.00,0.9128,1,1
442,4,868.00,123.00,45.00,24.00,0.8886,1,1
442,12,501.00,546.00,111.00,102.00,0.9353,1,1
442,15,830.00,318.00,15.00,26.00,0.7928,1,1
442,18,1245.00,275.00,16.00,17.00,0.8233,1,1
442,19,1232.00,176.00,25.00,31.00,0.8205,1,1
442,23,881.00,146.00,24.00,22.00,0.8583,1,1
442,32,1149.00,181.00,18.00,15.00,0.2790,1,1
442,36,699.00,340.00,20.00,53.00,0.7364,1,1
442,43,679.00,888.00,33.00,42.00,0.8895,1,1
442,46,1143.00,87.00,30.00,19.00,0.8863,1,1
443,1,733.00,166.00,50.00,42.00,0.9218,1,1
443,2,1225.00,159.00,30.00,29.00,0.9080,1,1
443,4,871.00,123.00,45.00,24.00,0.8886,1,1
443,12,518.00,538.00,112.00,105.00,0.9301,1,1
443,15,829.00,314.00,16.00,26.00,0.7928,1,1
443,18,1243.00,274.00,18.00,16.00,0.5010,1,1
443,19,1237.00,176.00,27.00,32.00,0.8377,1,1
443,23,883.00,146.00,24.00,23.00,0.8640,1,1
443,36,703.00,336.00,19.00,54.00,0.7364,1,1
443,43,685.00,886.00,33.00,44.00,0.8992,1,1
443,46,1145.00,88.00,30.00,19.00,0.8952,1,1
443,49,1156.00,227.00,24.00,15.00,0.5616,1,1
444,1,732.00,166.00,52.00,41.00,0.9173,1,1
444,2,1227.00,159.00,28.00,29.00,0.9033,1,1
444,4,872.00,123.00,45.00,24.00,0.8925,1,1
444,12,525.00,536.00,113.00,105.00,0.9386,1,1
444,15,823.00,318.00,13.00,28.00,0.3372,1,1
444,18,1242.00,276.00,18.00,15.00,0.5954,1,1
444,19,1238.00,177.00,27.00,32.00,0.8378,1,1
444,23,884.00,146.00,24.00,23.00,0.8337,1,1
444,30,881.00,241.00,21.00,14.00,0.4385,1,1
444,43,686.00,882.00,34.00,46.00,0.9024,1,1
444,46,1146.00,88.00,30.00,20.00,0.8954,1,1
444,49,1159.00,228.00,25.00,15.00,0.7506,1,1
445,1,733.00,165.00,52.00,39.00,0.9178,1,1
445,2,1228.00,160.00,28.00,28.00,0.9108,1,1
445,4,873.00,123.00,45.00,24.00,0.8958,1,1
445,12,536.00,533.00,111.00,105.00,0.9331,1,1
445,15,822.00,315.00,13.00,28.00,0.3372,1,1
445,18,1243.00,275.00,17.00,16.00,0.7542,1,1
445,19,1238.00,177.00,28.00,33.00,0.8159,1,1
445,23,886.00,146.00,22.00,22.00,0.7634,1,1
445,30,876.00,244.00,21.00,14.00,0.4385,1,1
445,43,693.00,884.00,32.00,40.00,0.8784,1,1
445,46,1146.00,88.00,30.00,20.00,0.8977,1,1
445,49,1160.00,227.00,25.00,15.00,0.7263,1,1
446,1,732.00,165.00,52.00,38.00,0.9182,1,1
446,2,1228.00,161.00,27.00,26.00,0.9081,1,1
446,4,873.00,123.00,47.00,24.00,0.8906,1,1
446,12,542.00,531.00,114.00,104.00,0.9448,1,1
446,18,1243.00,274.00,17.00,16.00,0.8061,1,1
446,19,1238.00,177.00,24.00,34.00,0.7992,1,1
446,23,887.00,146.00,23.00,21.00,0.6697,1,1
446,43,701.00,879.00,31.00,42.00,0.8571,1,1
446,46,1146.00,89.00,31.00,19.00,0.8898,1,1
446,49,1162.00,227.00,23.00,15.00,0.3393,1,1
447,1,734.00,165.00,49.00,36.00,0.9156,1,1
447,2,1229.00,161.00,27.00,24.00,0.8897,1,1
447,4,874.00,123.00,46.00,23.00,0.8905,1,1
447,12,553.00,530.00,109.00,104.00,0.9498,1,1
447,18,1242.00,275.00,18.00,16.00,0.7938,1,1
447,19,1235.00,176.00,23.00,35.00,0.8574,1,1
447,23,888.00,145.00,22.00,22.00,0.7138,1,1
447,43,707.00,868.00,31.00,47.00,0.8802,1,1
447,46,1147.00,90.00,31.00,19.00,0.8878,1,1
447,49,1163.00,228.00,23.00,14.00,0.7812,1,1
448,1,733.00,165.00,50.00,36.00,0.9167,1,1
448,2,1229.00,161.00,27.00,24.00,0.8896,1,1
448,4,874.00,123.00,47.00,23.00,0.8915,1,1
448,12,553.00,530.00,109.00,104.00,0.9495,1,1
448,18,1242.00,274.00,18.00,16.00,0.7955,1,1
448,19,1234.00,176.00,23.00,35.00,0.8577,1,1
448,23,888.00,145.00,22.00,22.00,0.7069,1,1
448,43,707.00,867.00,31.00,48.00,0.8812,1,1
448,46,1147.00,90.00,31.00,19.00,0.8878,1,1
448,49,1163.00,228.00,23.00,14.00,0.7830,1,1
449,1,733.00,162.00,51.00,37.00,0.9172,1,1
449,2,1230.00,161.00,28.00,23.00,0.8629,1,1
449,4,875.00,121.00,47.00,24.00,0.8860,1,1
449,12,564.00,526.00,113.00,105.00,0.9356,1,1
449,18,1243.00,272.00,16.00,15.00,0.7127,1,1
449,19,1233.00,178.00,22.00,33.00,0.8781,1,1
449,23,889.00,144.00,24.00,21.00,0.6207,1,1
449,32,902.00,221.00,24.00,18.00,0.5003,1,1
449,43,724.00,858.00,31.00,46.00,0.9014,1,1
449,46,1147.00,90.00,32.00,19.00,0.8828,1,1
449,49,1165.00,227.00,22.00,14.00,0.7830,1,1
450,1,736.00,162.00,49.00,36.00,0.9140,1,1
450,2,1230.00,162.00,33.00,22.00,0.8705,1,1
450,4,876.00,121.00,47.00,24.00,0.8850,1,1
450,12,566.00,526.00,117.00,104.00,0.9350,1,1
450,18,1239.00,271.00,19.00,16.00,0.4168,1,1
450,19,1232.00,179.00,25.00,33.00,0.8696,1,1
450,23,890.00,144.00,23.00,21.00,0.6813,1,1
450,32,901.00,220.00,25.00,18.00,0.5905,1,1
450,43,734.00,853.00,32.00,43.00,0.9004,1,1
450,46,1147.00,90.00,33.00,19.00,0.8745,1,1
451,1,735.00,161.00,53.00,36.00,0.9155,1,1
451,2,1230.00,162.00,31.00,20.00,0.8690,1,1
451,4,877.00,121.00,47.00,24.00,0.8777,1,1
451,12,570.00,524.00,118.00,103.00,0.9388,1,1
451,15,806.00,328.00,20.00,37.00,0.3997,1,1
451,18,1240.00,272.00,18.00,16.00,0.4168,1,1
451,19,1233.00,178.00,24.00,34.00,0.8563,1,1
451,23,891.00,144.00,22.00,21.00,0.5053,1,1
451,32,906.00,219.00,23.00,17.00,0.6937,1,1
451,43,744.00,844.00,32.00,45.00,0.9069,1,1
451,46,1147.00,91.00,33.00,19.00,0.8821,1,1
451,49,927.00,198.00,22.00,16.00,0.3579,1,1
452,1,736.00,161.00,52.00,36.00,0.9122,1,1
452,2,1230.00,162.00,31.00,20.00,0.8676,1,1
452,4,877.00,121.00,47.00,23.00,0.8820,1,1
452,12,570.00,524.00,118.00,103.00,0.9394,1,1
452,15,804.00,328.00,21.00,38.00,0.3997,1,1
452,19,1233.00,178.00,25.00,34.00,0.8413,1,1
452,23,891.00,144.00,23.00,21.00,0.4254,1,1
452,32,906.00,219.00,22.00,17.00,0.6833,1,1
452,43,744.00,844.00,32.00,45.00,0.9069,1,1
452,46,1147.00,91.00,33.00,19.00,0.8822,1,1
452,49,927.00,198.00,22.00,17.00,0.3498,1,1
