2,1,1048.00,153.00,77.00,65.00,0.9331,1,1
2,2,451.00,49.00,21.00,22.00,0.6691,1,1
2,3,728.00,295.00,16.00,18.00,0.6003,1,1
2,4,535.00,456.00,73.00,75.00,0.5498,1,1
2,5,1020.00,238.00,25.00,20.00,0.5178,1,1
2,6,650.00,211.00,67.00,73.00,0.4937,1,1
3,1,1048.00,153.00,77.00,65.00,0.9328,1,1
3,2,451.00,49.00,21.00,22.00,0.6691,1,1
3,3,725.00,295.00,18.00,19.00,0.5926,1,1
3,4,534.00,457.00,74.00,73.00,0.7064,1,1
3,5,1020.00,240.00,24.00,19.00,0.3798,1,1
3,6,650.00,211.00,66.00,73.00,0.5909,1,1
4,1,1048.00,153.00,77.00,65.00,0.9315,1,1
4,3,725.00,295.00,16.00,18.00,0.5740,1,1
4,4,534.00,457.00,74.00,73.00,0.7705,1,1
4,5,1019.00,241.00,24.00,18.00,0.2917,1,1
4,6,650.00,211.00,66.00,72.00,0.6358,1,1
5,1,1049.00,153.00,76.00,66.00,0.9315,1,1
5,2,479.00,70.00,16.00,28.00,0.3585,1,1
5,3,725.00,295.00,16.00,18.00,0.5663,1,1
5,4,533.00,457.00,75.00,73.00,0.7676,1,1
5,5,1019.00,241.00,23.00,18.00,0.2917,1,1
5,6,650.00,211.00,66.00,72.00,0.6789,1,1
6,1,1049.00,153.00,76.00,66.00,0.9337,1,1
6,2,477.00,73.00,19.00,27.00,0.4022,1,1
6,3,725.00,295.00,16.00,18.00,0.4852,1,1
6,4,532.00,457.00,75.00,73.00,0.8363,1,1
6,5,1019.00,242.00,24.00,18.00,0.4057,1,1
6,6,649.00,211.00,67.00,72.00,0.7068,1,1
7,1,1049.00,153.00,76.00,66.00,0.9356,1,1
7,2,482.00,78.00,19.00,28.00,0.4022,1,1
7,3,724.00,295.00,16.00,18.00,0.4852,1,1
7,4,532.00,460.00,74.00,71.00,0.7835,1,1
7,5,1018.00,241.00,25.00,18.00,0.5243,1,1
7,6,649.00,210.00,67.00,72.00,0.7530,1,1
8,1,1049.00,153.00,76.00,66.00,0.9356,1,1
8,4,532.00,459.00,74.00,71.00,0.7902,1,1
8,5,1018.00,241.00,25.00,18.00,0.5229,1,1
8,6,649.00,210.00,67.00,72.00,0.7536,1,1
9,1,1049.00,153.00,76.00,67.00,0.9361,1,1
9,3,726.00,295.00,17.00,18.00,0.6136,1,1
9,4,532.00,460.00,74.00,71.00,0.8141,1,1
9,5,1019.00,240.00,23.00,18.00,0.5537,1,1
9,6,649.00,210.00,67.00,72.00,0.8413,1,1
10,1,1049.00,154.00,76.00,66.00,0.9362,1,1
10,3,726.00,295.00,17.00,18.00,0.6136,1,1
10,4,532.00,461.00,74.00,70.00,0.7866,1,1
10,5,1019.00,238.00,22.00,19.00,0.6222,1,1
10,6,649.00,210.00,68.00,74.00,0.8526,1,1
11,1,1048.00,154.00,77.00,66.00,0.9371,1,1
11,4,532.00,461.00,73.00,71.00,0.8534,1,1
11,5,1020.00,236.00,26.00,21.00,0.6124,1,1
11,6,648.00,210.00,69.00,76.00,0.8532,1,1
11,8,707.00,134.00,21.00,20.00,0.7700,1,1
12,1,1048.00,154.00,77.00,66.00,0.9380,1,1
12,4,531.00,462.00,73.00,71.00,0.8141,1,1
12,5,1020.00,236.00,26.00,21.00,0.6530,1,1
12,6,648.00,210.00,70.00,78.00,0.8605,1,1
12,8,707.00,134.00,21.00,20.00,0.7982,1,1
13,1,1048.00,154.00,77.00,65.00,0.9371,1,1
13,4,531.00,462.00,72.00,71.00,0.8277,1,1
13,5,1020.00,238.00,24.00,19.00,0.6311,1,1
13,6,648.00,210.00,71.00,78.00,0.8773,1,1
13,8,707.00,134.00,21.00,20.00,0.6085,1,1
14,1,1048.00,154.00,77.00,65.00,0.9370,1,1
14,4,531.00,462.00,72.00,71.00,0.8252,1,1
14,5,1020.00,238.00,23.00,19.00,0.6276,1,1
14,6,648.00,210.00,71.00,78.00,0.8777,1,1
14,8,707.00,134.00,21.00,20.00,0.6209,1,1
15,1,1048.00,154.00,77.00,66.00,0.9373,1,1
15,4,530.00,463.00,73.00,70.00,0.6502,1,1
15,5,1020.00,239.00,23.00,19.00,0.6140,1,1
15,6,647.00,210.00,72.00,79.00,0.9032,1,1
15,8,708.00,134.00,20.00,20.00,0.6476,1,1
16,1,1048.00,154.00,77.00,66.00,0.9359,1,1
16,2,473.00,101.00,18.00,24.00,0.7983,1,1
16,4,530.00,464.00,72.00,70.00,0.5791,1,1
16,5,1020.00,239.00,25.00,20.00,0.5680,1,1
16,6,647.00,210.00,72.00,78.00,0.9159,1,1
16,8,707.00,134.00,20.00,20.00,0.4755,1,1
17,1,1049.00,153.00,77.00,67.00,0.9374,1,1
17,2,474.00,104.00,20.00,25.00,0.8732,1,1
17,4,530.00,465.00,71.00,71.00,0.3652,1,1
17,5,1019.00,241.00,23.00,18.00,0.6952,1,1
17,6,647.00,210.00,73.00,78.00,0.9178,1,1
17,8,707.00,134.00,20.00,20.00,0.4755,1,1
17,9,530.00,464.00,72.00,72.00,0.3185,1,1
18,1,1050.00,153.00,77.00,67.00,0.9386,1,1
18,2,476.00,108.00,20.00,25.00,0.8713,1,1
18,4,530.00,465.00,71.00,72.00,0.3652,1,1
18,5,1018.00,241.00,24.00,19.00,0.7007,1,1
18,6,647.00,210.00,73.00,77.00,0.9183,1,1
18,9,530.00,465.00,71.00,73.00,0.4721,1,1
18,10,478.00,1.00,26.00,17.00,0.6747,1,1
19,1,1052.00,153.00,77.00,67.00,0.9428,1,1
19,2,478.00,112.00,19.00,24.00,0.8931,1,1
19,3,726.00,286.00,14.00,25.00,0.2746,1,1
19,5,1018.00,241.00,24.00,19.00,0.6939,1,1
19,6,647.00,210.00,73.00,78.00,0.9188,1,1
19,9,529.00,465.00,71.00,74.00,0.5355,1,1
19,10,475.00,1.00,27.00,18.00,0.7400,1,1
20,1,1052.00,153.00,77.00,67.00,0.9428,1,1
20,2,478.00,112.00,19.00,24.00,0.8926,1,1
20,3,726.00,286.00,14.00,25.00,0.2692,1,1
20,5,1018.00,241.00,24.00,19.00,0.6937,1,1
20,6,647.00,210.00,73.00,78.00,0.9191,1,1
20,9,529.00,465.00,71.00,74.00,0.5470,1,1
20,10,475.00,1.00,27.00,18.00,0.7396,1,1
21,1,1053.00,153.00,79.00,68.00,0.9457,1,1
21,2,480.00,116.00,20.00,23.00,0.8847,1,1
21,3,726.00,284.00,15.00,26.00,0.7898,1,1
21,5,1018.00,241.00,25.00,19.00,0.6880,1,1
21,6,646.00,210.00,75.00,78.00,0.9220,1,1
21,9,529.00,466.00,71.00,74.00,0.5485,1,1
21,10,472.00,1.00,30.00,19.00,0.6142,1,1
22,1,1056.00,154.00,78.00,68.00,0.9481,1,1
22,2,482.00,119.00,21.00,24.00,0.8908,1,1
22,3,725.00,283.00,18.00,26.00,0.8051,1,1
22,5,1018.00,241.00,25.00,19.00,0.6803,1,1
22,6,647.00,210.00,74.00,77.00,0.9190,1,1
22,9,529.00,466.00,71.00,74.00,0.3967,1,1
22,10,471.00,1.00,30.00,19.00,0.7657,1,1
23,1,1058.00,154.00,78.00,68.00,0.9490,1,1
23,2,484.00,123.00,22.00,25.00,0.9117,1,1
23,3,728.00,283.00,17.00,25.00,0.6387,1,1
23,5,1018.00,241.00,25.00,19.00,0.6725,1,1
23,6,646.00,210.00,75.00,78.00,0.9216,1,1
23,9,529.00,466.00,71.00,75.00,0.3967,1,1
23,10,468.00,1.00,33.00,22.00,0.8060,1,1
24,1,1059.00,154.00,78.00,68.00,0.9420,1,1
24,2,484.00,127.00,23.00,26.00,0.9140,1,1
24,3,731.00,284.00,16.00,27.00,0.3826,1,1
24,5,1018.00,241.00,27.00,19.00,0.6443,1,1
24,6,646.00,209.00,75.00,78.00,0.9293,1,1
24,10,465.00,1.00,36.00,22.00,0.8618,1,1
25,1,1061.00,155.00,78.00,68.00,0.9392,1,1
25,2,485.00,132.00,24.00,27.00,0.9019,1,1
25,3,733.00,286.00,17.00,25.00,0.2562,1,1
25,5,1018.00,241.00,28.00,20.00,0.7031,1,1
25,6,646.00,210.00,75.00,78.00,0.9287,1,1
25,10,465.00,2.00,36.00,25.00,0.8618,1,1
26,1,1062.00,155.00,77.00,68.00,0.9395,1,1
26,2,485.00,132.00,24.00,27.00,0.9024,1,1
26,3,733.00,285.00,16.00,27.00,0.2521,1,1
26,5,1018.00,241.00,28.00,20.00,0.7013,1,1
26,6,646.00,210.00,75.00,78.00,0.9288,1,1
26,10,465.00,2.00,36.00,25.00,0.8619,1,1
27,1,1063.00,156.00,78.00,68.00,0.9384,1,1
27,2,486.00,137.00,25.00,27.00,0.9148,1,1
27,3,733.00,286.00,16.00,26.00,0.6366,1,1
27,5,1019.00,241.00,29.00,20.00,0.7563,1,1
27,6,646.00,210.00,75.00,78.00,0.9293,1,1
27,10,466.00,2.00,36.00,27.00,0.8748,1,1
28,1,1064.00,156.00,79.00,68.00,0.9405,1,1
28,2,487.00,141.00,26.00,30.00,0.9223,1,1
28,3,732.00,288.00,18.00,25.00,0.5263,1,1
28,5,1019.00,242.00,31.00,20.00,0.7883,1,1
28,6,645.00,210.00,76.00,78.00,0.9306,1,1
28,10,466.00,3.00,36.00,27.00,0.8799,1,1
29,1,1067.00,158.00,78.00,67.00,0.9404,1,1
29,2,488.00,144.00,25.00,32.00,0.9105,1,1
29,3,730.00,288.00,19.00,25.00,0.4449,1,1
29,5,1019.00,241.00,32.00,21.00,0.8438,1,1
29,6,645.00,210.00,76.00,78.00,0.9316,1,1
29,10,468.00,5.00,36.00,26.00,0.8704,1,1
30,1,1071.00,159.00,77.00,68.00,0.9381,1,1
30,2,489.00,149.00,26.00,34.00,0.8906,1,1
30,3,730.00,288.00,19.00,25.00,0.4449,1,1
30,5,1019.00,241.00,33.00,21.00,0.8632,1,1
30,6,646.00,210.00,75.00,78.00,0.9296,1,1
30,10,468.00,4.00,37.00,29.00,0.8694,1,1
31,1,1073.00,159.00,77.00,69.00,0.9359,1,1
31,2,490.00,156.00,25.00,33.00,0.9000,1,1
31,5,1019.00,241.00,33.00,21.00,0.8638,1,1
31,6,646.00,210.00,75.00,78.00,0.9266,1,1
31,10,471.00,4.00,36.00,32.00,0.8830,1,1
32,1,1073.00,159.00,77.00,69.00,0.9358,1,1
32,2,490.00,156.00,25.00,33.00,0.9000,1,1
32,5,1019.00,241.00,33.00,21.00,0.8640,1,1
32,6,646.00,210.00,75.00,78.00,0.9269,1,1
32,10,471.00,4.00,36.00,32.00,0.8830,1,1
32,11,514.00,416.00,30.00,39.00,0.7750,1,1
33,1,1076.00,160.00,77.00,69.00,0.9317,1,1
33,2,491.00,163.00,24.00,31.00,0.9066,1,1
33,5,1019.00,242.00,34.00,20.00,0.8536,1,1
33,6,646.00,210.00,75.00,78.00,0.9261,1,1
33,10,473.00,8.00,36.00,31.00,0.8939,1,1
33,11,520.00,409.00,30.00,40.00,0.8657,1,1
34,1,1078.00,160.00,77.00,69.00,0.9300,1,1
34,2,490.00,165.00,24.00,34.00,0.8940,1,1
34,5,1019.00,242.00,35.00,19.00,0.8471,1,1
34,6,646.00,210.00,75.00,78.00,0.9278,1,1
34,8,474.00,4.00,42.00,31.00,0.3620,1,1
34,10,476.00,8.00,38.00,32.00,0.8956,1,1
34,11,523.00,400.00,30.00,42.00,0.7930,1,1
35,1,1080.00,162.00,77.00,68.00,0.9282,1,1
35,2,488.00,167.00,25.00,35.00,0.9065,1,1
35,5,1019.00,242.00,35.00,19.00,0.8458,1,1
35,6,646.00,210.00,76.00,79.00,0.9308,1,1
35,8,476.00,3.00,44.00,30.00,0.2694,1,1
35,10,480.00,8.00,37.00,34.00,0.8894,1,1
35,11,526.00,395.00,31.00,43.00,0.7930,1,1
36,1,1082.00,163.00,77.00,67.00,0.9314,1,1
36,2,487.00,171.00,24.00,36.00,0.8969,1,1
36,5,1019.00,242.00,34.00,19.00,0.8448,1,1
36,6,646.00,210.00,76.00,79.00,0.9284,1,1
36,8,467.00,0.00,46.00,31.00,0.2694,1,1
36,10,483.00,10.00,36.00,32.00,0.8732,1,1
37,1,1084.00,164.00,77.00,67.00,0.9336,1,1
37,2,485.00,176.00,25.00,35.00,0.8658,1,1
37,5,1019.00,242.00,33.00,20.00,0.8331,1,1
37,6,646.00,210.00,76.00,79.00,0.9300,1,1
37,10,486.00,11.00,35.00,32.00,0.8763,1,1
38,1,1084.00,164.00,77.00,67.00,0.9338,1,1
38,2,485.00,176.00,25.00,35.00,0.8658,1,1
38,5,1019.00,242.00,33.00,20.00,0.8327,1,1
38,6,646.00,210.00,76.00,79.00,0.9295,1,1
38,10,486.00,11.00,35.00,32.00,0.8763,1,1
39,1,1085.00,164.00,77.00,67.00,0.9364,1,1
39,2,483.00,178.00,24.00,36.00,0.8802,1,1
39,5,1018.00,243.00,34.00,19.00,0.8029,1,1
39,6,646.00,210.00,76.00,77.00,0.9195,1,1
39,10,488.00,13.00,36.00,31.00,0.8926,1,1
40,1,1087.00,165.00,77.00,66.00,0.9363,1,1
40,2,481.00,181.00,25.00,37.00,0.8830,1,1
40,5,1018.00,244.00,34.00,19.00,0.7900,1,1
40,6,647.00,210.00,75.00,77.00,0.8884,1,1
40,9,474.00,0.00,59.00,17.00,0.3272,1,1
40,10,490.00,15.00,37.00,32.00,0.8903,1,1
40,11,543.00,373.00,31.00,41.00,0.3528,1,1
41,1,1088.00,165.00,76.00,66.00,0.9342,1,1
41,2,480.00,185.00,25.00,37.00,0.9047,1,1
41,5,1020.00,243.00,32.00,19.00,0.7915,1,1
41,6,648.00,210.00,74.00,75.00,0.8959,1,1
41,9,476.00,0.00,59.00,18.00,0.2874,1,1
41,10,492.00,19.00,36.00,32.00,0.8709,1,1
41,11,546.00,369.00,31.00,41.00,0.3528,1,1
42,1,1088.00,165.00,76.00,67.00,0.9341,1,1
42,2,479.00,187.00,24.00,38.00,0.8879,1,1
42,5,1020.00,240.00,30.00,20.00,0.8027,1,1
42,6,649.00,211.00,73.00,72.00,0.8913,1,1
42,9,478.00,0.00,57.00,21.00,0.5519,1,1
42,10,493.00,20.00,36.00,32.00,0.8676,1,1
42,11,547.00,368.00,29.00,38.00,0.7930,1,1
43,1,1087.00,165.00,76.00,67.00,0.9342,1,1
43,2,478.00,190.00,25.00,39.00,0.8841,1,1
43,5,1020.00,240.00,32.00,20.00,0.8216,1,1
43,6,649.00,210.00,72.00,72.00,0.8140,1,1
43,9,479.00,0.00,56.00,24.00,0.6943,1,1
43,10,494.00,22.00,37.00,33.00,0.8798,1,1
43,11,549.00,364.00,29.00,37.00,0.7930,1,1
44,1,1087.00,165.00,76.00,67.00,0.9342,1,1
44,2,478.00,190.00,25.00,39.00,0.8841,1,1
44,5,1020.00,240.00,32.00,20.00,0.8217,1,1
44,6,649.00,210.00,72.00,72.00,0.8141,1,1
44,9,478.00,0.00,58.00,24.00,0.6935,1,1
44,10,494.00,22.00,37.00,33.00,0.8798,1,1
45,1,1087.00,165.00,75.00,67.00,0.9365,1,1
45,2,478.00,195.00,26.00,41.00,0.8918,1,1
45,4,649.00,211.00,72.00,72.00,0.4823,1,1
45,5,1021.00,239.00,30.00,20.00,0.8785,1,1
45,6,650.00,210.00,71.00,72.00,0.4222,1,1
45,9,477.00,0.00,59.00,27.00,0.8351,1,1
45,10,494.00,24.00,37.00,35.00,0.8845,1,1
46,1,1084.00,165.00,76.00,67.00,0.9356,1,1
46,2,478.00,203.00,26.00,40.00,0.8879,1,1
46,4,650.00,210.00,71.00,72.00,0.5313,1,1
46,5,1022.00,239.00,30.00,19.00,0.8659,1,1
46,6,650.00,210.00,71.00,72.00,0.4878,1,1
46,9,477.00,0.00,60.00,30.00,0.8149,1,1
46,10,495.00,24.00,36.00,38.00,0.8838,1,1
47,1,1083.00,164.00,75.00,67.00,0.9363,1,1
47,2,479.00,207.00,27.00,42.00,0.9085,1,1
47,4,650.00,210.00,70.00,72.00,0.3648,1,1
47,5,1023.00,237.00,29.00,21.00,0.8574,1,1
47,6,650.00,211.00,70.00,72.00,0.4766,1,1
47,9,477.00,0.00,60.00,32.00,0.8670,1,1
47,10,496.00,24.00,37.00,41.00,0.8781,1,1
48,1,1081.00,164.00,76.00,66.00,0.9375,1,1
48,2,480.00,214.00,27.00,42.00,0.8901,1,1
48,4,650.00,210.00,70.00,72.00,0.3087,1,1
48,5,1024.00,237.00,30.00,20.00,0.8328,1,1
48,6,650.00,210.00,70.00,72.00,0.4345,1,1
48,9,474.00,0.00,63.00,34.00,0.8705,1,1
48,10,496.00,26.00,37.00,41.00,0.8751,1,1
49,1,1079.00,163.00,76.00,67.00,0.9323,1,1
49,2,481.00,219.00,27.00,41.00,0.8925,1,1
49,4,653.00,207.00,70.00,72.00,0.3087,1,1
49,5,1025.00,237.00,29.00,20.00,0.8152,1,1
49,6,650.00,210.00,70.00,72.00,0.4880,1,1
49,9,473.00,0.00,63.00,37.00,0.8412,1,1
49,10,495.00,26.00,37.00,44.00,0.8936,1,1
49,12,809.00,106.00,31.00,23.00,0.6011,1,1
50,1,1079.00,163.00,76.00,67.00,0.9321,1,1
50,2,481.00,219.00,27.00,41.00,0.8925,1,1
50,5,1025.00,237.00,29.00,20.00,0.8154,1,1
50,6,650.00,210.00,70.00,72.00,0.4866,1,1
50,9,473.00,0.00,64.00,37.00,0.8421,1,1
50,10,495.00,26.00,37.00,44.00,0.8935,1,1
50,12,809.00,106.00,31.00,23.00,0.6029,1,1
51,1,1078.00,162.00,75.00,68.00,0.9357,1,1
51,2,483.00,225.00,27.00,41.00,0.8955,1,1
51,4,650.00,211.00,69.00,72.00,0.2501,1,1
51,5,1025.00,236.00,29.00,21.00,0.8261,1,1
51,6,651.00,211.00,68.00,71.00,0.4657,1,1
51,9,473.00,0.00,63.00,40.00,0.8471,1,1
51,10,497.00,27.00,36.00,43.00,0.8943,1,1
51,12,813.00,110.00,28.00,23.00,0.7914,1,1
52,1,1076.00,161.00,76.00,69.00,0.9323,1,1
52,2,485.00,230.00,27.00,42.00,0.9011,1,1
52,3,728.00,285.00,18.00,23.00,0.8480,1,1
52,4,650.00,211.00,69.00,71.00,0.3094,1,1
52,5,1025.00,236.00,30.00,21.00,0.8247,1,1
52,6,651.00,211.00,68.00,71.00,0.4637,1,1
52,9,473.00,0.00,62.00,43.00,0.8475,1,1
52,10,498.00,27.00,35.00,42.00,0.8877,1,1
52,12,814.00,114.00,27.00,21.00,0.5120,1,1
53,1,1075.00,161.00,75.00,68.00,0.9316,1,1
53,2,487.00,237.00,26.00,41.00,0.9216,1,1
53,3,728.00,288.00,21.00,22.00,0.8510,1,1
53,4,651.00,211.00,67.00,71.00,0.5699,1,1
53,5,1025.00,236.00,30.00,21.00,0.8114,1,1
53,6,651.00,211.00,68.00,70.00,0.4138,1,1
53,9,472.00,0.00,63.00,45.00,0.8441,1,1
53,10,500.00,29.00,33.00,40.00,0.8821,1,1
53,12,815.00,116.00,27.00,21.00,0.5120,1,1
54,1,1073.00,160.00,75.00,68.00,0.9364,1,1
54,2,489.00,241.00,26.00,43.00,0.8900,1,1
54,3,727.00,290.00,21.00,21.00,0.8725,1,1
54,4,651.00,211.00,67.00,71.00,0.4847,1,1
54,5,1024.00,236.00,31.00,21.00,0.8225,1,1
54,6,651.00,211.00,68.00,70.00,0.3898,1,1
54,9,470.00,0.00,64.00,46.00,0.8665,1,1
54,10,501.00,29.00,33.00,42.00,0.8581,1,1
55,1,1071.00,160.00,75.00,68.00,0.9402,1,1
55,2,490.00,247.00,28.00,42.00,0.9121,1,1
55,3,727.00,291.00,20.00,21.00,0.8862,1,1
55,4,650.00,211.00,68.00,71.00,0.4827,1,1
55,5,1024.00,236.00,30.00,21.00,0.8296,1,1
55,6,650.00,211.00,68.00,71.00,0.3294,1,1
55,9,468.00,2.00,66.00,47.00,0.6915,1,1
55,10,506.00,31.00,29.00,38.00,0.8354,1,1
56,1,1071.00,160.00,75.00,68.00,0.9394,1,1
56,2,490.00,247.00,28.00,42.00,0.9118,1,1
56,3,727.00,291.00,20.00,21.00,0.8862,1,1
56,4,650.00,211.00,68.00,71.00,0.4777,1,1
56,5,1024.00,236.00,30.00,21.00,0.8294,1,1
56,6,650.00,211.00,68.00,71.00,0.3292,1,1
56,9,468.00,2.00,67.00,48.00,0.6922,1,1
56,10,506.00,31.00,29.00,38.00,0.8354,1,1
57,1,1068.00,159.00,76.00,68.00,0.9441,1,1
57,2,492.00,252.00,28.00,42.00,0.9094,1,1
57,3,727.00,292.00,20.00,20.00,0.8921,1,1
57,4,650.00,211.00,68.00,71.00,0.3728,1,1
57,5,1023.00,236.00,30.00,21.00,0.8436,1,1
57,6,650.00,211.00,68.00,71.00,0.3878,1,1
57,9,467.00,3.00,67.00,53.00,0.7096,1,1
57,10,508.00,33.00,28.00,36.00,0.8125,1,1
57,11,578.00,424.00,26.00,37.00,0.7030,1,1
57,12,829.00,113.00,31.00,24.00,0.2655,1,1
58,1,1066.00,159.00,76.00,67.00,0.9440,1,1
58,2,495.00,257.00,28.00,42.00,0.8964,1,1
58,3,727.00,293.00,19.00,20.00,0.9003,1,1
58,4,650.00,211.00,68.00,71.00,0.3731,1,1
58,5,1023.00,236.00,30.00,21.00,0.8421,1,1
58,6,651.00,210.00,67.00,71.00,0.3463,1,1
58,9,468.00,6.00,67.00,55.00,0.8288,1,1
58,10,504.00,38.00,31.00,35.00,0.8090,1,1
58,11,583.00,421.00,28.00,41.00,0.8855,1,1
58,12,831.00,114.00,32.00,24.00,0.2655,1,1
59,1,1064.00,159.00,76.00,67.00,0.9482,1,1
59,2,497.00,262.00,28.00,41.00,0.9061,1,1
59,3,725.00,295.00,21.00,18.00,0.8828,1,1
59,4,651.00,210.00,68.00,71.00,0.3799,1,1
59,5,1022.00,238.00,31.00,20.00,0.8468,1,1
59,6,651.00,210.00,68.00,70.00,0.3785,1,1
59,9,468.00,8.00,66.00,57.00,0.8956,1,1
59,10,503.00,43.00,32.00,33.00,0.5073,1,1
59,11,589.00,427.00,30.00,38.00,0.8948,1,1
60,1,1063.00,158.00,76.00,68.00,0.9462,1,1
60,2,501.00,264.00,27.00,44.00,0.9205,1,1
60,3,725.00,296.00,20.00,18.00,0.8828,1,1
60,4,651.00,210.00,68.00,70.00,0.4360,1,1
60,5,1021.00,239.00,31.00,20.00,0.8481,1,1
60,6,651.00,210.00,68.00,70.00,0.3084,1,1
60,9,466.00,10.00,69.00,57.00,0.8882,1,1
60,10,503.00,45.00,33.00,32.00,0.5073,1,1
60,11,593.00,432.00,35.00,37.00,0.8699,1,1
61,1,1062.00,158.00,76.00,68.00,0.9483,1,1
61,2,503.00,269.00,28.00,43.00,0.9022,1,1
61,4,652.00,210.00,68.00,69.00,0.4360,1,1
61,5,1021.00,240.00,31.00,20.00,0.8420,1,1
61,6,651.00,210.00,68.00,70.00,0.4014,1,1
61,9,470.00,12.00,65.00,59.00,0.8810,1,1
61,11,599.00,437.00,35.00,35.00,0.8130,1,1
61,12,831.00,96.00,24.00,26.00,0.6185,1,1
62,1,1062.00,158.00,76.00,68.00,0.9481,1,1
62,2,503.00,269.00,28.00,43.00,0.9023,1,1
62,5,1021.00,240.00,31.00,20.00,0.8412,1,1
62,6,651.00,210.00,68.00,70.00,0.3872,1,1
62,9,470.00,12.00,65.00,59.00,0.8814,1,1
62,11,599.00,437.00,35.00,35.00,0.8132,1,1
62,12,831.00,96.00,24.00,26.00,0.6133,1,1
63,1,1062.00,158.00,75.00,67.00,0.9521,1,1
63,2,507.00,273.00,28.00,43.00,0.9201,1,1
63,5,1020.00,243.00,31.00,19.00,0.6924,1,1
63,6,651.00,210.00,68.00,70.00,0.4880,1,1
63,9,470.00,13.00,65.00,61.00,0.8659,1,1
63,11,607.00,440.00,40.00,36.00,0.4658,1,1
63,12,830.00,101.00,24.00,25.00,0.6653,1,1
64,1,1062.00,158.00,75.00,67.00,0.9511,1,1
64,2,511.00,276.00,29.00,43.00,0.9113,1,1
64,5,1020.00,241.00,31.00,19.00,0.7429,1,1
64,6,651.00,210.00,68.00,70.00,0.3590,1,1
64,9,470.00,15.00,66.00,61.00,0.8511,1,1
64,11,612.00,443.00,41.00,37.00,0.6290,1,1
64,12,829.00,103.00,23.00,23.00,0.6091,1,1
64,13,855.00,119.00,26.00,29.00,0.8140,1,1
65,1,1061.00,158.00,76.00,67.00,0.9520,1,1
65,2,516.00,279.00,27.00,45.00,0.9156,1,1
65,3,728.00,297.00,19.00,19.00,0.4530,1,1
65,5,1021.00,240.00,31.00,19.00,0.6976,1,1
65,6,651.00,210.00,68.00,70.00,0.4307,1,1
65,9,470.00,17.00,66.00,60.00,0.8755,1,1
65,11,616.00,445.00,41.00,39.00,0.6290,1,1
65,12,830.00,102.00,23.00,25.00,0.8410,1,1
65,13,863.00,125.00,19.00,31.00,0.8220,1,1
66,1,1060.00,158.00,76.00,67.00,0.9503,1,1
66,2,520.00,283.00,30.00,45.00,0.9056,1,1
66,3,728.00,297.00,21.00,20.00,0.3951,1,1
66,5,1021.00,239.00,29.00,19.00,0.7979,1,1
66,6,651.00,210.00,68.00,70.00,0.4300,1,1
66,9,471.00,18.00,65.00,61.00,0.8824,1,1
66,12,831.00,103.00,24.00,25.00,0.8249,1,1
66,13,865.00,127.00,20.00,32.00,0.8611,1,1
67,1,1059.00,159.00,77.00,66.00,0.9477,1,1
67,2,523.00,284.00,31.00,51.00,0.8765,1,1
67,3,729.00,299.00,18.00,18.00,0.3905,1,1
67,5,1022.00,236.00,29.00,21.00,0.8027,1,1
67,6,651.00,210.00,68.00,70.00,0.3481,1,1
67,9,471.00,20.00,64.00,60.00,0.9114,1,1
67,12,832.00,103.00,24.00,26.00,0.8249,1,1
67,13,866.00,128.00,19.00,30.00,0.8426,1,1
67,14,753.00,326.00,17.00,25.00,0.3903,1,1
68,1,1059.00,159.00,77.00,66.00,0.9473,1,1
68,2,523.00,284.00,31.00,52.00,0.8763,1,1
68,3,729.00,299.00,18.00,18.00,0.3916,1,1
68,5,1022.00,236.00,29.00,21.00,0.8014,1,1
68,6,651.00,210.00,68.00,70.00,0.3449,1,1
68,9,471.00,20.00,65.00,60.00,0.9116,1,1
68,13,866.00,128.00,19.00,30.00,0.8425,1,1
68,14,753.00,326.00,17.00,24.00,0.3896,1,1
69,1,1058.00,159.00,76.00,66.00,0.9486,1,1
69,2,529.00,283.00,27.00,52.00,0.8475,1,1
69,3,729.00,299.00,18.00,19.00,0.4222,1,1
69,5,1023.00,235.00,28.00,21.00,0.6828,1,1
69,6,652.00,210.00,67.00,70.00,0.3371,1,1
69,9,470.00,20.00,65.00,61.00,0.9030,1,1
69,13,865.00,128.00,20.00,28.00,0.8371,1,1
69,14,753.00,325.00,17.00,26.00,0.4946,1,1
70,1,1056.00,159.00,77.00,66.00,0.9493,1,1
70,2,534.00,283.00,28.00,51.00,0.8712,1,1
70,3,729.00,299.00,18.00,18.00,0.4065,1,1
70,5,1023.00,234.00,28.00,22.00,0.6050,1,1
70,6,652.00,210.00,68.00,70.00,0.3476,1,1
70,9,470.00,21.00,64.00,60.00,0.9154,1,1
70,13,865.00,129.00,18.00,26.00,0.8602,1,1
70,14,753.00,324.00,17.00,27.00,0.5333,1,1
71,1,1055.00,158.00,77.00,66.00,0.9501,1,1
71,2,541.00,283.00,30.00,46.00,0.8691,1,1
71,3,728.00,298.00,18.00,19.00,0.5308,1,1
71,5,1023.00,235.00,28.00,21.00,0.5894,1,1
71,6,653.00,209.00,67.00,71.00,0.2610,1,1
71,9,469.00,21.00,62.00,61.00,0.8976,1,1
71,13,863.00,128.00,18.00,27.00,0.8919,1,1
71,14,753.00,324.00,18.00,26.00,0.5333,1,1
72,1,1054.00,158.00,77.00,66.00,0.9483,1,1
72,2,548.00,279.00,28.00,46.00,0.8975,1,1
72,3,728.00,297.00,18.00,20.00,0.4303,1,1
72,4,629.00,48.00,59.00,34.00,0.5191,1,1
72,5,1021.00,236.00,28.00,21.00,0.6182,1,1
72,6,653.00,209.00,67.00,71.00,0.3255,1,1
72,9,470.00,21.00,59.00,62.00,0.8574,1,1
72,11,683.00,479.00,21.00,27.00,0.3206,1,1
72,13,859.00,127.00,20.00,27.00,0.9022,1,1
73,1,1054.00,158.00,76.00,66.00,0.9472,1,1
73,2,554.00,275.00,32.00,47.00,0.9040,1,1
73,3,729.00,295.00,19.00,22.00,0.6241,1,1
73,4,630.00,48.00,58.00,33.00,0.5445,1,1
73,5,1020.00,239.00,26.00,20.00,0.6840,1,1
73,6,653.00,209.00,67.00,72.00,0.4454,1,1
73,9,469.00,21.00,58.00,62.00,0.9055,1,1
73,11,686.00,480.00,20.00,27.00,0.5642,1,1
73,13,855.00,127.00,21.00,26.00,0.8640,1,1
74,1,1054.00,158.00,76.00,66.00,0.9473,1,1
74,2,554.00,275.00,32.00,47.00,0.9042,1,1
74,3,729.00,295.00,19.00,22.00,0.6175,1,1
74,4,630.00,48.00,58.00,33.00,0.5407,1,1
74,5,1020.00,239.00,26.00,20.00,0.6838,1,1
74,6,653.00,209.00,67.00,72.00,0.4481,1,1
74,9,469.00,21.00,58.00,62.00,0.9055,1,1
74,11,686.00,480.00,20.00,27.00,0.5657,1,1
74,13,855.00,127.00,21.00,26.00,0.8639,1,1
75,1,1053.00,157.00,76.00,66.00,0.9487,1,1
75,2,563.00,271.00,29.00,45.00,0.8976,1,1
75,3,729.00,295.00,19.00,22.00,0.6488,1,1
75,4,631.00,48.00,57.00,32.00,0.4973,1,1
75,5,1020.00,240.00,26.00,19.00,0.6608,1,1
75,6,653.00,209.00,67.00,72.00,0.4377,1,1
75,9,469.00,20.00,56.00,64.00,0.9145,1,1
75,11,691.00,484.00,21.00,26.00,0.5657,1,1
75,12,834.00,107.00,21.00,24.00,0.3954,1,1
75,13,847.00,128.00,25.00,25.00,0.8204,1,1
76,1,1052.00,157.00,76.00,66.00,0.9484,1,1
76,2,569.00,265.00,28.00,38.00,0.8895,1,1
76,3,729.00,296.00,18.00,21.00,0.7431,1,1
76,4,633.00,48.00,56.00,32.00,0.5824,1,1
76,5,1019.00,240.00,27.00,20.00,0.6622,1,1
76,6,653.00,209.00,68.00,71.00,0.3504,1,1
76,9,467.00,20.00,58.00,65.00,0.8332,1,1
76,10,668.00,79.00,21.00,32.00,0.3235,1,1
76,12,835.00,107.00,20.00,24.00,0.3954,1,1
76,13,843.00,126.00,25.00,26.00,0.6375,1,1
77,1,1052.00,157.00,76.00,66.00,0.9485,1,1
77,2,575.00,258.00,25.00,35.00,0.8865,1,1
77,3,730.00,297.00,19.00,21.00,0.6339,1,1
77,4,634.00,49.00,55.00,30.00,0.6724,1,1
77,5,1018.00,243.00,27.00,19.00,0.4049,1,1
77,6,653.00,210.00,68.00,71.00,0.3177,1,1
77,9,464.00,20.00,60.00,62.00,0.8658,1,1
77,10,667.00,79.00,22.00,31.00,0.6946,1,1
77,13,831.00,135.00,21.00,22.00,0.7818,1,1
78,1,1052.00,157.00,76.00,66.00,0.9482,1,1
78,2,578.00,246.00,23.00,36.00,0.9024,1,1
78,3,730.00,298.00,18.00,19.00,0.4768,1,1
78,4,637.00,49.00,52.00,30.00,0.5578,1,1
78,5,1018.00,242.00,27.00,19.00,0.5229,1,1
78,6,654.00,210.00,67.00,71.00,0.3177,1,1
78,9,462.00,19.00,61.00,62.00,0.8258,1,1
78,10,665.00,78.00,24.00,33.00,0.7636,1,1
78,11,687.00,472.00,20.00,27.00,0.3091,1,1
78,13,825.00,132.00,26.00,24.00,0.8026,1,1
79,1,1052.00,157.00,76.00,66.00,0.9487,1,1
79,2,579.00,234.00,27.00,37.00,0.9115,1,1
79,3,730.00,298.00,18.00,20.00,0.4768,1,1
79,4,638.00,49.00,51.00,30.00,0.6931,1,1
79,5,1018.00,241.00,27.00,18.00,0.6328,1,1
79,9,462.00,17.00,60.00,65.00,0.7882,1,1
79,10,665.00,78.00,24.00,33.00,0.6054,1,1
79,11,685.00,467.00,20.00,28.00,0.4124,1,1
79,13,821.00,130.00,28.00,25.00,0.3390,1,1
80,1,1052.00,157.00,76.00,66.00,0.9484,1,1
80,2,579.00,234.00,27.00,37.00,0.9114,1,1
80,4,638.00,49.00,51.00,30.00,0.6945,1,1
80,5,1018.00,241.00,27.00,18.00,0.6301,1,1
80,9,462.00,17.00,60.00,65.00,0.7883,1,1
80,10,665.00,78.00,24.00,33.00,0.6025,1,1
80,11,685.00,467.00,20.00,28.00,0.4101,1,1
80,13,821.00,129.00,29.00,26.00,0.3365,1,1
81,1,1052.00,157.00,76.00,66.00,0.9470,1,1
81,2,583.00,224.00,22.00,34.00,0.8964,1,1
81,4,638.00,50.00,52.00,29.00,0.6429,1,1
81,5,1018.00,240.00,27.00,20.00,0.6575,1,1
81,9,461.00,16.00,61.00,66.00,0.6972,1,1
81,10,665.00,79.00,24.00,32.00,0.6960,1,1
81,11,688.00,467.00,19.00,28.00,0.4101,1,1
81,13,818.00,130.00,29.00,26.00,0.3365,1,1
81,14,753.00,324.00,17.00,28.00,0.2722,1,1
82,1,1052.00,157.00,75.00,66.00,0.9457,1,1
82,2,583.00,214.00,21.00,30.00,0.8879,1,1
82,3,729.00,298.00,19.00,19.00,0.3675,1,1
82,4,638.00,50.00,52.00,29.00,0.6490,1,1
82,5,1019.00,238.00,26.00,20.00,0.7212,1,1
82,9,460.00,14.00,62.00,66.00,0.4151,1,1
82,10,665.00,79.00,24.00,32.00,0.6886,1,1
82,14,753.00,324.00,17.00,28.00,0.2722,1,1
83,1,1050.00,157.00,77.00,66.00,0.9425,1,1
83,2,581.00,202.00,20.00,33.00,0.8749,1,1
83,3,729.00,297.00,18.00,19.00,0.4664,1,1
83,4,639.00,49.00,51.00,30.00,0.7290,1,1
83,5,1021.00,236.00,28.00,21.00,0.3715,1,1
83,9,458.00,13.00,63.00,64.00,0.4071,1,1
83,10,664.00,79.00,25.00,33.00,0.7355,1,1
83,11,674.00,456.00,22.00,29.00,0.3605,1,1
83,13,802.00,136.00,29.00,24.00,0.3944,1,1
84,1,1049.00,156.00,77.00,67.00,0.9459,1,1
84,2,580.00,194.00,19.00,36.00,0.7859,1,1
84,3,729.00,297.00,18.00,20.00,0.7249,1,1
84,4,640.00,50.00,51.00,29.00,0.7529,1,1
84,5,1021.00,236.00,28.00,21.00,0.5663,1,1
84,6,654.00,210.00,67.00,73.00,0.2535,1,1
84,9,457.00,12.00,60.00,61.00,0.7519,1,1
84,10,664.00,79.00,25.00,33.00,0.7717,1,1
84,11,675.00,456.00,22.00,28.00,0.3605,1,1
84,13,799.00,138.00,27.00,24.00,0.3558,1,1
85,1,1049.00,157.00,77.00,66.00,0.9426,1,1
85,2,582.00,187.00,19.00,37.00,0.7859,1,1
85,3,730.00,295.00,17.00,23.00,0.6420,1,1
85,4,640.00,49.00,51.00,30.00,0.7903,1,1
85,5,1020.00,237.00,26.00,20.00,0.5164,1,1
85,6,654.00,210.00,67.00,73.00,0.3822,1,1
85,9,454.00,10.00,59.00,60.00,0.8108,1,1
85,10,664.00,80.00,24.00,32.00,0.7776,1,1
85,11,596.00,455.00,23.00,26.00,0.7210,1,1
85,13,793.00,141.00,28.00,24.00,0.3736,1,1
86,1,1049.00,157.00,77.00,66.00,0.9426,1,1
86,3,730.00,295.00,17.00,23.00,0.6427,1,1
86,4,640.00,49.00,51.00,30.00,0.7931,1,1
86,5,1020.00,237.00,26.00,20.00,0.5236,1,1
86,6,654.00,210.00,67.00,73.00,0.3852,1,1
86,9,454.00,10.00,59.00,60.00,0.8127,1,1
86,10,664.00,80.00,24.00,32.00,0.7766,1,1
86,11,596.00,455.00,23.00,26.00,0.7224,1,1
86,13,793.00,141.00,28.00,24.00,0.3656,1,1
87,1,1049.00,156.00,76.00,67.00,0.9429,1,1
87,3,730.00,295.00,18.00,22.00,0.7470,1,1
87,4,640.00,49.00,51.00,30.00,0.7839,1,1
87,5,1020.00,239.00,23.00,20.00,0.6142,1,1
87,6,654.00,210.00,67.00,74.00,0.4700,1,1
87,9,451.00,8.00,61.00,61.00,0.8453,1,1
87,10,663.00,80.00,25.00,31.00,0.7582,1,1
87,11,591.00,455.00,21.00,26.00,0.8482,1,1
87,12,490.00,44.00,24.00,39.00,0.3687,1,1
87,13,790.00,143.00,27.00,23.00,0.3656,1,1
88,1,1049.00,156.00,76.00,67.00,0.9426,1,1
88,2,572.00,179.00,20.00,33.00,0.6258,1,1
88,3,730.00,296.00,18.00,21.00,0.8089,1,1
88,4,640.00,49.00,51.00,30.00,0.7492,1,1
88,5,1019.00,241.00,24.00,20.00,0.5595,1,1
88,6,654.00,211.00,67.00,73.00,0.4586,1,1
88,9,448.00,6.00,61.00,63.00,0.8953,1,1
88,10,663.00,80.00,25.00,31.00,0.7572,1,1
88,11,587.00,454.00,22.00,27.00,0.8379,1,1
88,12,467.00,40.00,24.00,40.00,0.3687,1,1
88,13,793.00,134.00,29.00,24.00,0.7129,1,1
89,1,1049.00,156.00,76.00,67.00,0.9411,1,1
89,2,574.00,180.00,18.00,32.00,0.7438,1,1
89,3,730.00,297.00,18.00,20.00,0.8159,1,1
89,4,641.00,49.00,50.00,29.00,0.7455,1,1
89,5,1019.00,241.00,24.00,20.00,0.5595,1,1
89,6,653.00,211.00,68.00,72.00,0.5414,1,1
89,9,444.00,4.00,64.00,63.00,0.9138,1,1
89,10,664.00,79.00,25.00,32.00,0.6998,1,1
89,11,585.00,453.00,20.00,28.00,0.8413,1,1
89,13,796.00,132.00,26.00,22.00,0.5231,1,1
90,1,1049.00,156.00,76.00,67.00,0.9409,1,1
90,2,574.00,181.00,18.00,32.00,0.8647,1,1
90,3,730.00,296.00,18.00,21.00,0.8285,1,1
90,4,641.00,50.00,50.00,28.00,0.7245,1,1
90,6,653.00,211.00,67.00,72.00,0.5613,1,1
90,9,443.00,3.00,63.00,62.00,0.9000,1,1
90,10,664.00,79.00,24.00,32.00,0.6021,1,1
90,11,583.00,455.00,21.00,29.00,0.7796,1,1
90,12,473.00,40.00,33.00,37.00,0.5921,1,1
90,13,790.00,134.00,31.00,19.00,0.6967,1,1
91,1,1049.00,156.00,76.00,67.00,0.9399,1,1
91,2,575.00,184.00,17.00,28.00,0.8219,1,1
91,3,730.00,294.00,18.00,22.00,0.7909,1,1
91,4,640.00,49.00,51.00,30.00,0.7040,1,1
91,6,653.00,211.00,67.00,72.00,0.4650,1,1
91,9,440.00,2.00,64.00,61.00,0.9043,1,1
91,10,664.00,79.00,24.00,32.00,0.5552,1,1
91,11,581.00,458.00,21.00,30.00,0.3787,1,1
91,12,473.00,36.00,31.00,39.00,0.7779,1,1
91,13,789.00,131.00,32.00,20.00,0.7020,1,1
92,1,1049.00,156.00,76.00,67.00,0.9399,1,1
92,2,575.00,184.00,17.00,28.00,0.8238,1,1
92,3,730.00,294.00,18.00,22.00,0.7892,1,1
92,4,640.00,50.00,51.00,29.00,0.6818,1,1
92,6,653.00,211.00,67.00,72.00,0.4309,1,1
92,9,440.00,2.00,64.00,61.00,0.9059,1,1
92,10,664.00,79.00,24.00,33.00,0.5290,1,1
92,11,581.00,458.00,21.00,30.00,0.3852,1,1
92,12,472.00,36.00,32.00,39.00,0.7754,1,1
92,13,789.00,131.00,32.00,20.00,0.6976,1,1
93,1,1049.00,155.00,77.00,68.00,0.9418,1,1
93,2,574.00,186.00,19.00,30.00,0.8760,1,1
93,3,730.00,294.00,17.00,22.00,0.6902,1,1
93,4,639.00,50.00,52.00,29.00,0.6465,1,1
93,5,1018.00,241.00,26.00,20.00,0.6592,1,1
93,6,652.00,211.00,68.00,72.00,0.4479,1,1
93,9,439.00,1.00,61.00,59.00,0.9118,1,1
93,10,664.00,79.00,24.00,32.00,0.4828,1,1
93,11,576.00,458.00,22.00,30.00,0.3852,1,1
93,12,472.00,34.00,29.00,39.00,0.8107,1,1
93,13,793.00,129.00,31.00,21.00,0.7119,1,1
94,1,1049.00,156.00,77.00,67.00,0.9453,1,1
94,2,575.00,189.00,18.00,33.00,0.8549,1,1
94,3,730.00,294.00,17.00,22.00,0.6917,1,1
94,4,638.00,50.00,52.00,29.00,0.6451,1,1
94,5,1019.00,240.00,27.00,21.00,0.6838,1,1
94,6,652.00,211.00,68.00,72.00,0.3950,1,1
94,9,437.00,0.00,62.00,58.00,0.9241,1,1
94,10,665.00,78.00,24.00,34.00,0.6383,1,1
94,12,465.00,31.00,29.00,40.00,0.8107,1,1
94,13,796.00,127.00,30.00,21.00,0.8481,1,1
95,1,1050.00,156.00,76.00,67.00,0.9446,1,1
95,2,574.00,190.00,19.00,33.00,0.8640,1,1
95,3,729.00,294.00,18.00,22.00,0.7374,1,1
95,4,636.00,48.00,54.00,32.00,0.6319,1,1
95,5,1019.00,239.00,24.00,19.00,0.7012,1,1
95,6,652.00,211.00,68.00,72.00,0.3669,1,1
95,9,437.00,0.00,61.00,57.00,0.9249,1,1
95,10,666.00,79.00,23.00,33.00,0.6328,1,1
95,11,566.00,470.00,24.00,26.00,0.4747,1,1
95,13,800.00,128.00,26.00,20.00,0.8428,1,1
96,1,1049.00,156.00,77.00,67.00,0.9437,1,1
96,2,573.00,189.00,20.00,34.00,0.8646,1,1
96,3,728.00,296.00,19.00,20.00,0.7799,1,1
96,4,634.00,48.00,57.00,31.00,0.6707,1,1
96,5,1020.00,236.00,25.00,21.00,0.4363,1,1
96,6,652.00,211.00,67.00,72.00,0.4782,1,1
96,9,436.00,0.00,60.00,55.00,0.8875,1,1
96,10,668.00,77.00,22.00,33.00,0.6525,1,1
96,11,562.00,471.00,24.00,26.00,0.4747,1,1
96,13,807.00,125.00,26.00,22.00,0.8513,1,1
97,1,1049.00,156.00,77.00,67.00,0.9424,1,1
97,2,573.00,189.00,20.00,35.00,0.8699,1,1
97,3,728.00,296.00,18.00,19.00,0.6163,1,1
97,4,632.00,47.00,58.00,33.00,0.7644,1,1
97,5,1020.00,236.00,26.00,21.00,0.4363,1,1
97,6,652.00,211.00,68.00,71.00,0.4643,1,1
97,9,436.00,0.00,58.00,52.00,0.7860,1,1
97,10,669.00,76.00,22.00,34.00,0.6525,1,1
97,13,810.00,123.00,28.00,24.00,0.9000,1,1
98,1,1049.00,156.00,77.00,67.00,0.9419,1,1
98,2,573.00,189.00,20.00,35.00,0.8698,1,1
98,3,728.00,296.00,18.00,19.00,0.6175,1,1
98,4,631.00,47.00,59.00,33.00,0.7622,1,1
98,6,652.00,211.00,67.00,71.00,0.4682,1,1
98,9,436.00,0.00,58.00,52.00,0.7901,1,1
98,13,810.00,123.00,28.00,24.00,0.9002,1,1
99,1,1050.00,157.00,75.00,66.00,0.9423,1,1
99,2,573.00,187.00,21.00,37.00,0.8702,1,1
99,3,728.00,296.00,18.00,19.00,0.6175,1,1
99,4,631.00,47.00,57.00,33.00,0.7549,1,1
99,5,1020.00,237.00,25.00,21.00,0.6803,1,1
99,6,652.00,211.00,67.00,71.00,0.3782,1,1
99,9,436.00,0.00,60.00,50.00,0.4450,1,1
99,13,816.00,119.00,26.00,27.00,0.8847,1,1
100,1,1050.00,157.00,75.00,66.00,0.9419,1,1
100,2,575.00,186.00,19.00,37.00,0.8779,1,1
100,3,728.00,296.00,18.00,18.00,0.3190,1,1
100,4,630.00,47.00,58.00,34.00,0.6580,1,1
100,5,1019.00,239.00,25.00,20.00,0.6318,1,1
100,6,652.00,211.00,67.00,70.00,0.4649,1,1
100,9,436.00,0.00,59.00,48.00,0.4450,1,1
100,13,818.00,116.00,25.00,30.00,0.8876,1,1
100,14,705.00,131.00,23.00,18.00,0.7726,1,1
101,1,1050.00,157.00,76.00,66.00,0.9418,1,1
101,2,576.00,185.00,19.00,37.00,0.8810,1,1
101,3,728.00,296.00,19.00,18.00,0.6128,1,1
101,4,630.00,46.00,58.00,35.00,0.7529,1,1
101,5,1019.00,240.00,26.00,20.00,0.5696,1,1
101,6,652.00,211.00,67.00,71.00,0.5299,1,1
101,9,441.00,0.00,59.00,47.00,0.4818,1,1
101,13,821.00,116.00,23.00,30.00,0.8932,1,1
101,14,707.00,132.00,24.00,18.00,0.7710,1,1
102,1,1049.00,156.00,77.00,67.00,0.9427,1,1
102,2,577.00,183.00,19.00,38.00,0.8810,1,1
102,3,727.00,296.00,19.00,18.00,0.2902,1,1
102,4,630.00,46.00,57.00,35.00,0.8689,1,1
102,5,1019.00,240.00,26.00,20.00,0.5696,1,1
102,6,652.00,211.00,67.00,71.00,0.5160,1,1
102,9,444.00,0.00,59.00,46.00,0.5896,1,1
102,13,823.00,114.00,22.00,32.00,0.9077,1,1
102,14,709.00,132.00,25.00,17.00,0.8356,1,1
103,1,1051.00,156.00,76.00,67.00,0.9403,1,1
103,2,578.00,180.00,19.00,38.00,0.8793,1,1
103,3,727.00,296.00,19.00,18.00,0.2902,1,1
103,4,630.00,46.00,56.00,38.00,0.8883,1,1
103,6,652.00,211.00,67.00,71.00,0.5237,1,1
103,9,446.00,0.00,60.00,45.00,0.4097,1,1
103,13,824.00,116.00,21.00,30.00,0.9156,1,1
103,14,713.00,132.00,23.00,18.00,0.4144,1,1
104,1,1051.00,156.00,76.00,67.00,0.9402,1,1
104,2,578.00,180.00,19.00,38.00,0.8792,1,1
104,4,630.00,46.00,56.00,38.00,0.8876,1,1
104,6,652.00,211.00,67.00,71.00,0.5224,1,1
104,9,446.00,0.00,60.00,45.00,0.4347,1,1
104,13,824.00,116.00,21.00,30.00,0.9156,1,1
104,14,713.00,132.00,23.00,18.00,0.3874,1,1
105,1,1052.00,157.00,75.00,66.00,0.9431,1,1
105,2,581.00,179.00,19.00,38.00,0.8584,1,1
105,4,631.00,46.00,55.00,38.00,0.8890,1,1
105,5,1017.00,244.00,27.00,19.00,0.2989,1,1
105,6,652.00,211.00,67.00,72.00,0.3719,1,1
105,9,448.00,0.00,60.00,44.00,0.4513,1,1
105,13,825.00,116.00,22.00,28.00,0.9171,1,1
105,14,712.00,130.00,23.00,18.00,0.3874,1,1
106,1,1053.00,157.00,76.00,67.00,0.9452,1,1
106,2,584.00,177.00,19.00,37.00,0.8737,1,1
106,4,631.00,46.00,55.00,38.00,0.8675,1,1
106,5,1017.00,242.00,26.00,19.00,0.4664,1,1
106,6,652.00,211.00,67.00,72.00,0.2664,1,1
106,9,453.00,0.00,58.00,41.00,0.7826,1,1
106,12,481.00,17.00,30.00,30.00,0.2680,1,1
106,13,825.00,116.00,22.00,28.00,0.9123,1,1
107,1,1053.00,157.00,77.00,67.00,0.9444,1,1
107,2,588.00,175.00,18.00,34.00,0.8264,1,1
107,3,728.00,297.00,19.00,18.00,0.3217,1,1
107,4,631.00,46.00,54.00,38.00,0.8432,1,1
107,5,1019.00,241.00,25.00,19.00,0.2702,1,1
107,6,652.00,211.00,67.00,72.00,0.2922,1,1
107,9,457.00,0.00,59.00,39.00,0.3385,1,1
107,12,480.00,16.00,34.00,30.00,0.5867,1,1
107,13,825.00,117.00,21.00,27.00,0.9059,1,1
108,1,1054.00,157.00,76.00,67.00,0.9442,1,1
108,2,591.00,172.00,18.00,33.00,0.8601,1,1
108,3,728.00,297.00,19.00,18.00,0.7520,1,1
108,4,631.00,46.00,53.00,38.00,0.8647,1,1
108,5,1020.00,239.00,27.00,21.00,0.5387,1,1
108,6,652.00,211.00,67.00,72.00,0.3646,1,1
108,9,460.00,0.00,59.00,39.00,0.5845,1,1
108,12,480.00,15.00,34.00,30.00,0.5867,1,1
108,13,825.00,117.00,21.00,28.00,0.9001,1,1
108,14,716.00,129.00,24.00,19.00,0.4228,1,1
109,1,1055.00,157.00,76.00,67.00,0.9448,1,1
109,2,593.00,168.00,19.00,35.00,0.8470,1,1
109,3,728.00,297.00,18.00,17.00,0.8674,1,1
109,4,630.00,46.00,53.00,38.00,0.8934,1,1
109,5,1021.00,238.00,27.00,19.00,0.7394,1,1
109,6,652.00,211.00,67.00,71.00,0.3224,1,1
109,9,464.00,0.00,57.00,35.00,0.5887,1,1
109,13,825.00,117.00,22.00,28.00,0.8993,1,1
109,14,716.00,128.00,25.00,19.00,0.4228,1,1
110,1,1055.00,157.00,76.00,67.00,0.9447,1,1
110,2,593.00,168.00,19.00,35.00,0.8467,1,1
110,3,728.00,297.00,18.00,17.00,0.8673,1,1
110,4,630.00,46.00,53.00,38.00,0.8930,1,1
110,5,1022.00,238.00,26.00,19.00,0.7393,1,1
110,6,652.00,211.00,67.00,71.00,0.3239,1,1
110,9,464.00,0.00,56.00,34.00,0.5872,1,1
110,13,825.00,117.00,22.00,28.00,0.8978,1,1
111,1,1055.00,158.00,76.00,66.00,0.9450,1,1
111,2,597.00,166.00,18.00,32.00,0.8041,1,1
111,3,728.00,297.00,18.00,17.00,0.8882,1,1
111,4,629.00,46.00,53.00,39.00,0.9008,1,1
111,5,1024.00,236.00,26.00,20.00,0.7221,1,1
111,6,652.00,211.00,67.00,71.00,0.3403,1,1
111,9,468.00,0.00,53.00,33.00,0.3691,1,1
111,13,824.00,116.00,23.00,29.00,0.8853,1,1
112,1,1055.00,158.00,76.00,66.00,0.9449,1,1
112,2,599.00,162.00,18.00,32.00,0.8696,1,1
112,3,728.00,297.00,19.00,17.00,0.8741,1,1
112,4,629.00,46.00,51.00,39.00,0.8939,1,1
112,5,1025.00,234.00,26.00,21.00,0.5605,1,1
112,6,652.00,211.00,68.00,72.00,0.4904,1,1
112,9,472.00,0.00,54.00,33.00,0.4514,1,1
112,13,825.00,116.00,22.00,29.00,0.8843,1,1
113,1,1054.00,158.00,77.00,66.00,0.9449,1,1
113,2,601.00,156.00,17.00,32.00,0.8540,1,1
113,3,728.00,296.00,19.00,19.00,0.7252,1,1
113,4,629.00,46.00,51.00,38.00,0.8858,1,1
113,5,1025.00,234.00,27.00,21.00,0.4675,1,1
113,6,652.00,211.00,68.00,72.00,0.5334,1,1
113,9,474.00,0.00,53.00,32.00,0.4514,1,1
113,13,825.00,115.00,24.00,29.00,0.8959,1,1
114,1,1055.00,157.00,75.00,67.00,0.9454,1,1
114,2,602.00,152.00,17.00,31.00,0.8197,1,1
114,3,728.00,296.00,19.00,19.00,0.7252,1,1
114,4,629.00,46.00,51.00,39.00,0.8758,1,1
114,5,1024.00,234.00,27.00,21.00,0.3667,1,1
114,6,652.00,211.00,68.00,72.00,0.4758,1,1
114,13,827.00,113.00,25.00,32.00,0.8991,1,1
115,1,1054.00,157.00,76.00,66.00,0.9461,1,1
115,2,601.00,146.00,19.00,32.00,0.8398,1,1
115,4,629.00,46.00,50.00,39.00,0.8777,1,1
115,5,1022.00,235.00,26.00,22.00,0.6196,1,1
115,6,653.00,211.00,67.00,72.00,0.3675,1,1
115,13,829.00,115.00,23.00,30.00,0.8862,1,1
115,16,653.00,211.00,67.00,72.00,0.3242,1,1
116,1,1054.00,157.00,76.00,66.00,0.9460,1,1
116,2,601.00,146.00,19.00,32.00,0.8384,1,1
116,4,629.00,46.00,50.00,39.00,0.8785,1,1
116,5,1022.00,235.00,26.00,22.00,0.6170,1,1
116,6,653.00,211.00,67.00,72.00,0.3661,1,1
116,13,829.00,115.00,23.00,30.00,0.8857,1,1
116,16,653.00,211.00,67.00,72.00,0.3298,1,1
117,1,1054.00,157.00,76.00,66.00,0.9464,1,1
117,2,601.00,142.00,19.00,30.00,0.8982,1,1
117,4,628.00,46.00,51.00,39.00,0.8464,1,1
117,5,1021.00,236.00,26.00,21.00,0.5475,1,1
117,6,653.00,211.00,68.00,73.00,0.4131,1,1
117,13,831.00,117.00,24.00,30.00,0.8622,1,1
117,16,653.00,211.00,68.00,73.00,0.4746,1,1
118,1,1054.00,156.00,75.00,67.00,0.9465,1,1
118,2,600.00,137.00,19.00,30.00,0.9108,1,1
118,3,729.00,297.00,19.00,18.00,0.3993,1,1
118,4,628.00,46.00,51.00,39.00,0.8404,1,1
118,5,1020.00,238.00,24.00,20.00,0.6801,1,1
118,6,653.00,211.00,68.00,73.00,0.3661,1,1
118,13,834.00,118.00,23.00,29.00,0.8741,1,1
118,16,654.00,212.00,67.00,72.00,0.5560,1,1
119,1,1054.00,156.00,75.00,66.00,0.9467,1,1
119,2,600.00,135.00,19.00,30.00,0.9026,1,1
119,3,728.00,297.00,18.00,17.00,0.6688,1,1
119,4,628.00,46.00,51.00,39.00,0.8620,1,1
119,5,1019.00,240.00,23.00,18.00,0.6048,1,1
119,6,654.00,212.00,67.00,72.00,0.3503,1,1
119,13,838.00,118.00,23.00,30.00,0.7101,1,1
119,16,654.00,212.00,67.00,72.00,0.4757,1,1
120,1,1054.00,156.00,75.00,66.00,0.9465,1,1
120,2,598.00,134.00,20.00,29.00,0.8899,1,1
120,3,728.00,295.00,18.00,19.00,0.8767,1,1
120,4,628.00,46.00,51.00,40.00,0.8650,1,1
120,5,1018.00,241.00,26.00,19.00,0.5772,1,1
120,6,654.00,212.00,67.00,72.00,0.2973,1,1
120,11,750.00,326.00,16.00,26.00,0.2572,1,1
120,13,841.00,120.00,24.00,29.00,0.7473,1,1
120,16,654.00,212.00,67.00,72.00,0.5308,1,1
121,1,1054.00,156.00,76.00,66.00,0.9466,1,1
121,2,596.00,136.00,20.00,29.00,0.8936,1,1
121,3,728.00,294.00,18.00,20.00,0.8952,1,1
121,4,628.00,46.00,51.00,40.00,0.8394,1,1
121,5,1018.00,241.00,27.00,20.00,0.6768,1,1
121,6,654.00,212.00,68.00,73.00,0.4621,1,1
121,11,750.00,326.00,17.00,26.00,0.2999,1,1
121,13,845.00,119.00,24.00,31.00,0.7305,1,1
121,14,841.00,88.00,23.00,23.00,0.2723,1,1
121,16,654.00,212.00,68.00,72.00,0.4022,1,1
122,1,1054.00,156.00,76.00,66.00,0.9468,1,1
122,2,596.00,136.00,20.00,29.00,0.8935,1,1
122,3,728.00,294.00,18.00,20.00,0.8954,1,1
122,4,628.00,46.00,51.00,40.00,0.8391,1,1
122,5,1018.00,241.00,27.00,20.00,0.6749,1,1
122,6,654.00,212.00,68.00,73.00,0.4611,1,1
122,11,750.00,326.00,17.00,26.00,0.3024,1,1
122,13,845.00,119.00,24.00,31.00,0.7305,1,1
122,14,840.00,88.00,24.00,23.00,0.2728,1,1
122,16,654.00,212.00,68.00,72.00,0.3992,1,1
123,1,1055.00,156.00,75.00,67.00,0.9436,1,1
123,2,594.00,140.00,20.00,29.00,0.8930,1,1
123,3,729.00,293.00,15.00,21.00,0.8534,1,1
123,4,627.00,46.00,52.00,40.00,0.8460,1,1
123,5,1018.00,240.00,24.00,19.00,0.6432,1,1
123,6,655.00,212.00,67.00,72.00,0.3205,1,1
123,10,502.00,0.00,35.00,24.00,0.4462,1,1
123,11,757.00,322.00,17.00,27.00,0.3024,1,1
123,12,486.00,0.00,51.00,23.00,0.2786,1,1
123,13,848.00,121.00,24.00,29.00,0.4356,1,1
123,14,842.00,88.00,23.00,22.00,0.5167,1,1
123,16,654.00,211.00,68.00,73.00,0.6028,1,1
124,1,1055.00,156.00,75.00,67.00,0.9437,1,1
124,2,591.00,145.00,20.00,31.00,0.8415,1,1
124,3,728.00,293.00,16.00,21.00,0.7706,1,1
124,4,627.00,46.00,52.00,40.00,0.8533,1,1
124,5,1019.00,240.00,25.00,19.00,0.6525,1,1
124,6,654.00,212.00,69.00,72.00,0.3096,1,1
124,10,495.00,0.00,35.00,20.00,0.4462,1,1
124,12,487.00,0.00,51.00,22.00,0.2786,1,1
124,13,850.00,121.00,24.00,29.00,0.4356,1,1
124,14,844.00,89.00,21.00,23.00,0.4678,1,1
124,16,655.00,211.00,68.00,73.00,0.6073,1,1
125,1,1055.00,156.00,75.00,67.00,0.9429,1,1
125,2,591.00,154.00,18.00,31.00,0.4250,1,1
125,3,728.00,292.00,16.00,22.00,0.7706,1,1
125,4,627.00,46.00,52.00,41.00,0.8521,1,1
125,5,1019.00,239.00,22.00,18.00,0.7518,1,1
125,6,655.00,212.00,68.00,72.00,0.4857,1,1
125,10,508.00,0.00,31.00,23.00,0.4549,1,1
125,13,856.00,122.00,24.00,30.00,0.5202,1,1
125,14,845.00,88.00,21.00,28.00,0.6198,1,1
125,16,656.00,212.00,67.00,72.00,0.2563,1,1
126,1,1054.00,157.00,76.00,66.00,0.9423,1,1
126,2,586.00,158.00,20.00,35.00,0.6744,1,1
126,4,627.00,46.00,52.00,40.00,0.8614,1,1
126,5,1021.00,235.00,27.00,21.00,0.7612,1,1
126,6,655.00,212.00,68.00,72.00,0.3252,1,1
126,10,509.00,0.00,32.00,23.00,0.6318,1,1
126,11,731.00,289.00,16.00,26.00,0.2991,1,1
126,13,859.00,124.00,22.00,30.00,0.4376,1,1
126,14,846.00,89.00,21.00,28.00,0.5681,1,1
126,16,656.00,212.00,67.00,72.00,0.3219,1,1
127,1,1054.00,157.00,75.00,66.00,0.9440,1,1
127,2,582.00,165.00,20.00,35.00,0.7378,1,1
127,4,628.00,46.00,51.00,40.00,0.8716,1,1
127,5,1023.00,234.00,28.00,21.00,0.7191,1,1
127,6,655.00,212.00,68.00,71.00,0.3296,1,1
127,10,510.00,0.00,33.00,22.00,0.6297,1,1
127,11,735.00,283.00,15.00,25.00,0.2991,1,1
127,13,864.00,128.00,21.00,28.00,0.3519,1,1
127,14,848.00,93.00,21.00,24.00,0.6222,1,1
127,16,656.00,212.00,67.00,72.00,0.2984,1,1
128,1,1054.00,157.00,75.00,66.00,0.9437,1,1
128,2,582.00,165.00,20.00,35.00,0.7472,1,1
128,4,628.00,46.00,51.00,40.00,0.8746,1,1
128,5,1023.00,234.00,28.00,21.00,0.7172,1,1
128,6,655.00,212.00,68.00,71.00,0.3202,1,1
128,10,510.00,0.00,33.00,22.00,0.6316,1,1
128,13,864.00,129.00,21.00,27.00,0.3508,1,1
128,14,848.00,93.00,21.00,24.00,0.6200,1,1
128,16,656.00,212.00,67.00,72.00,0.3158,1,1
129,1,1053.00,157.00,76.00,66.00,0.9428,1,1
129,2,579.00,172.00,19.00,35.00,0.8847,1,1
129,4,628.00,46.00,51.00,41.00,0.8945,1,1
129,5,1022.00,234.00,27.00,21.00,0.7282,1,1
129,6,655.00,212.00,68.00,72.00,0.3348,1,1
129,10,511.00,0.00,34.00,22.00,0.5414,1,1
129,11,730.00,293.00,16.00,24.00,0.5440,1,1
129,13,869.00,130.00,20.00,28.00,0.3502,1,1
129,14,852.00,92.00,21.00,25.00,0.6200,1,1
129,16,656.00,212.00,67.00,73.00,0.3159,1,1
130,1,1053.00,157.00,75.00,66.00,0.9424,1,1
130,2,571.00,177.00,23.00,37.00,0.8926,1,1
130,3,729.00,294.00,17.00,23.00,0.7732,1,1
130,4,628.00,46.00,52.00,41.00,0.8972,1,1
130,5,1021.00,236.00,25.00,20.00,0.6884,1,1
130,6,655.00,212.00,68.00,72.00,0.3916,1,1
130,10,510.00,0.00,34.00,22.00,0.5414,1,1
130,11,732.00,289.00,16.00,24.00,0.5440,1,1
130,13,872.00,132.00,19.00,27.00,0.3502,1,1
130,14,852.00,98.00,21.00,20.00,0.4758,1,1
130,16,656.00,212.00,67.00,73.00,0.3650,1,1
131,1,1053.00,157.00,75.00,66.00,0.9426,1,1
131,2,568.00,180.00,24.00,38.00,0.8867,1,1
131,3,729.00,295.00,16.00,21.00,0.5468,1,1
131,4,629.00,46.00,51.00,40.00,0.8998,1,1
131,5,1020.00,238.00,23.00,19.00,0.6634,1,1
131,6,655.00,212.00,68.00,72.00,0.4091,1,1
131,14,858.00,99.00,17.00,22.00,0.5482,1,1
131,16,656.00,212.00,67.00,73.00,0.3732,1,1
132,1,1053.00,156.00,75.00,67.00,0.9413,1,1
132,2,566.00,183.00,23.00,39.00,0.8908,1,1
132,3,729.00,296.00,16.00,20.00,0.7322,1,1
132,4,629.00,46.00,51.00,40.00,0.9038,1,1
132,5,1020.00,239.00,23.00,19.00,0.6873,1,1
132,6,655.00,212.00,68.00,72.00,0.3516,1,1
132,10,520.00,0.00,37.00,26.00,0.5058,1,1
132,13,885.00,134.00,21.00,31.00,0.2677,1,1
132,14,861.00,99.00,18.00,23.00,0.5482,1,1
132,16,656.00,212.00,67.00,73.00,0.4450,1,1
133,1,1053.00,156.00,75.00,67.00,0.9412,1,1
133,2,567.00,186.00,23.00,39.00,0.8729,1,1
133,3,729.00,295.00,16.00,21.00,0.7694,1,1
133,4,629.00,46.00,51.00,40.00,0.9035,1,1
133,5,1019.00,240.00,22.00,20.00,0.6802,1,1
133,6,656.00,212.00,67.00,72.00,0.3233,1,1
133,10,520.00,0.00,38.00,26.00,0.5058,1,1
133,13,888.00,133.00,22.00,32.00,0.3064,1,1
133,14,860.00,101.00,20.00,24.00,0.6590,1,1
133,16,656.00,212.00,67.00,73.00,0.3850,1,1
133,18,875.00,17.00,43.00,40.00,0.7945,1,1
134,1,1053.00,156.00,75.00,67.00,0.9411,1,1
134,2,567.00,186.00,23.00,39.00,0.8729,1,1
134,3,729.00,295.00,16.00,21.00,0.7715,1,1
134,4,629.00,46.00,51.00,40.00,0.9037,1,1
134,5,1019.00,240.00,22.00,19.00,0.6799,1,1
134,6,656.00,212.00,67.00,72.00,0.3259,1,1
134,13,888.00,133.00,22.00,33.00,0.2909,1,1
134,14,860.00,101.00,20.00,24.00,0.6505,1,1
134,16,656.00,212.00,67.00,73.00,0.4069,1,1
134,18,875.00,17.00,43.00,41.00,0.7825,1,1
135,1,1053.00,156.00,75.00,67.00,0.9406,1,1
135,2,570.00,186.00,22.00,41.00,0.8747,1,1
135,3,728.00,295.00,16.00,20.00,0.8073,1,1
135,4,629.00,46.00,52.00,40.00,0.9038,1,1
135,5,1017.00,243.00,27.00,19.00,0.2971,1,1
135,6,656.00,212.00,67.00,72.00,0.2891,1,1
135,10,526.00,0.00,40.00,29.00,0.6879,1,1
135,13,892.00,135.00,21.00,32.00,0.3178,1,1
135,14,862.00,103.00,19.00,23.00,0.4204,1,1
135,16,656.00,212.00,67.00,73.00,0.4929,1,1
135,18,880.00,22.00,42.00,36.00,0.4890,1,1
136,1,1053.00,156.00,76.00,67.00,0.9412,1,1
136,2,575.00,189.00,23.00,39.00,0.8847,1,1
136,3,729.00,294.00,16.00,21.00,0.6848,1,1
136,4,629.00,46.00,52.00,39.00,0.9023,1,1
136,5,1017.00,244.00,27.00,19.00,0.2971,1,1
136,6,656.00,211.00,67.00,72.00,0.2947,1,1
136,10,528.00,0.00,40.00,30.00,0.7948,1,1
136,13,898.00,136.00,20.00,30.00,0.6238,1,1
136,14,865.00,105.00,18.00,24.00,0.5336,1,1
136,16,656.00,212.00,67.00,73.00,0.6299,1,1
136,18,885.00,13.00,41.00,45.00,0.4232,1,1
137,1,1054.00,156.00,75.00,67.00,0.9425,1,1
137,2,580.00,191.00,24.00,38.00,0.8883,1,1
137,3,729.00,293.00,16.00,22.00,0.6890,1,1
137,4,629.00,46.00,52.00,39.00,0.8974,1,1
137,5,1017.00,243.00,26.00,19.00,0.4872,1,1
137,6,656.00,211.00,67.00,73.00,0.6227,1,1
137,10,531.00,1.00,43.00,30.00,0.7696,1,1
137,13,902.00,138.00,19.00,29.00,0.2835,1,1
137,14,866.00,106.00,19.00,25.00,0.3513,1,1
137,16,656.00,211.00,67.00,74.00,0.6299,1,1
137,18,887.00,9.00,44.00,49.00,0.7868,1,1
138,1,1054.00,156.00,76.00,68.00,0.9431,1,1
138,2,590.00,190.00,23.00,38.00,0.8496,1,1
138,3,730.00,293.00,15.00,23.00,0.3402,1,1
138,4,629.00,46.00,52.00,39.00,0.8760,1,1
138,5,1018.00,242.00,25.00,18.00,0.4315,1,1
138,6,655.00,212.00,68.00,71.00,0.5965,1,1
138,10,531.00,1.00,44.00,32.00,0.7597,1,1
138,13,906.00,139.00,18.00,29.00,0.2835,1,1
138,14,869.00,107.00,18.00,25.00,0.3513,1,1
138,18,891.00,9.00,44.00,50.00,0.7597,1,1
139,1,1055.00,157.00,76.00,67.00,0.9429,1,1
139,2,599.00,194.00,23.00,36.00,0.8634,1,1
139,3,730.00,294.00,17.00,22.00,0.6602,1,1
139,4,630.00,45.00,51.00,40.00,0.8431,1,1
139,5,1019.00,240.00,25.00,19.00,0.4666,1,1
139,6,655.00,212.00,68.00,71.00,0.5965,1,1
139,9,525.00,0.00,56.00,28.00,0.5256,1,1
139,10,536.00,1.00,43.00,34.00,0.7476,1,1
139,13,911.00,140.00,21.00,35.00,0.7315,1,1
139,16,655.00,212.00,67.00,72.00,0.4772,1,1
139,18,894.00,9.00,44.00,50.00,0.7073,1,1
140,1,1055.00,157.00,76.00,67.00,0.9430,1,1
140,2,599.00,194.00,23.00,36.00,0.8641,1,1
140,3,730.00,294.00,17.00,22.00,0.6383,1,1
140,4,630.00,45.00,51.00,40.00,0.8444,1,1
140,5,1018.00,240.00,26.00,19.00,0.4684,1,1
140,9,525.00,0.00,56.00,27.00,0.5228,1,1
140,10,536.00,1.00,43.00,34.00,0.7477,1,1
140,13,911.00,140.00,21.00,35.00,0.7319,1,1
140,16,655.00,212.00,67.00,72.00,0.4701,1,1
140,18,894.00,9.00,44.00,50.00,0.7073,1,1
141,1,1055.00,157.00,76.00,67.00,0.9432,1,1
141,2,607.00,193.00,25.00,36.00,0.8351,1,1
141,3,730.00,295.00,19.00,21.00,0.6756,1,1
141,4,630.00,45.00,51.00,40.00,0.7209,1,1
141,5,1020.00,239.00,25.00,20.00,0.4444,1,1
141,9,527.00,0.00,62.00,27.00,0.2872,1,1
141,10,539.00,1.00,49.00,35.00,0.7550,1,1
141,13,914.00,143.00,22.00,33.00,0.3765,1,1
141,14,873.00,109.00,19.00,26.00,0.4480,1,1
141,16,655.00,212.00,67.00,73.00,0.4765,1,1
141,18,896.00,10.00,45.00,49.00,0.6188,1,1
142,1,1055.00,157.00,76.00,67.00,0.9442,1,1
142,2,609.00,194.00,27.00,37.00,0.8351,1,1
142,3,729.00,294.00,17.00,21.00,0.6120,1,1
142,4,630.00,45.00,52.00,39.00,0.8539,1,1
142,5,1021.00,238.00,26.00,20.00,0.6797,1,1
142,9,529.00,0.00,62.00,27.00,0.2872,1,1
142,10,545.00,1.00,48.00,36.00,0.8385,1,1
142,13,918.00,143.00,22.00,34.00,0.5551,1,1
142,14,876.00,110.00,19.00,26.00,0.4480,1,1
142,16,655.00,212.00,66.00,73.00,0.3691,1,1
142,18,899.00,10.00,45.00,49.00,0.7695,1,1
143,1,1056.00,157.00,75.00,67.00,0.9447,1,1
143,3,729.00,294.00,16.00,20.00,0.6592,1,1
143,4,631.00,45.00,51.00,38.00,0.8643,1,1
143,5,1022.00,237.00,25.00,20.00,0.7628,1,1
143,9,537.00,0.00,60.00,29.00,0.2724,1,1
143,10,553.00,1.00,43.00,37.00,0.8265,1,1
143,13,923.00,146.00,22.00,32.00,0.8333,1,1
143,16,655.00,212.00,66.00,73.00,0.3691,1,1
143,18,901.00,11.00,45.00,48.00,0.7656,1,1
144,1,1056.00,157.00,75.00,67.00,0.9444,1,1
144,2,610.00,156.00,27.00,32.00,0.5735,1,1
144,3,729.00,294.00,17.00,20.00,0.7348,1,1
144,4,630.00,45.00,53.00,38.00,0.8393,1,1
144,5,1023.00,236.00,27.00,20.00,0.5253,1,1
144,9,542.00,0.00,59.00,31.00,0.2963,1,1
144,10,557.00,3.00,43.00,36.00,0.7744,1,1
144,13,927.00,147.00,22.00,30.00,0.8688,1,1
144,14,881.00,116.00,18.00,27.00,0.5855,1,1
144,18,904.00,10.00,44.00,50.00,0.6209,1,1
144,19,538.00,0.00,64.00,22.00,0.3094,1,1
145,1,1056.00,157.00,74.00,67.00,0.9436,1,1
145,2,612.00,153.00,28.00,32.00,0.5735,1,1
145,3,730.00,293.00,18.00,22.00,0.7389,1,1
145,4,630.00,45.00,53.00,37.00,0.7770,1,1
145,5,1025.00,234.00,25.00,21.00,0.5871,1,1
145,9,545.00,0.00,59.00,31.00,0.2963,1,1
145,10,560.00,3.00,44.00,37.00,0.7334,1,1
145,11,640.00,186.00,23.00,30.00,0.8098,1,1
145,13,932.00,148.00,22.00,30.00,0.8628,1,1
145,14,885.00,118.00,19.00,28.00,0.8433,1,1
145,18,906.00,10.00,45.00,50.00,0.7174,1,1
145,19,542.00,0.00,65.00,22.00,0.7317,1,1
146,1,1056.00,157.00,74.00,67.00,0.9435,1,1
146,3,730.00,293.00,18.00,22.00,0.7374,1,1
146,4,631.00,45.00,52.00,37.00,0.7695,1,1
146,5,1025.00,234.00,25.00,21.00,0.5739,1,1
146,10,560.00,3.00,44.00,37.00,0.7353,1,1
146,11,640.00,186.00,23.00,30.00,0.8090,1,1
146,13,932.00,148.00,22.00,30.00,0.8641,1,1
146,14,885.00,118.00,19.00,28.00,0.8425,1,1
146,18,906.00,10.00,45.00,50.00,0.7122,1,1
146,19,542.00,0.00,65.00,21.00,0.7318,1,1
147,1,1055.00,157.00,74.00,67.00,0.9432,1,1
147,2,646.00,183.00,24.00,31.00,0.8626,1,1
147,3,729.00,293.00,17.00,21.00,0.3727,1,1
147,4,631.00,45.00,52.00,37.00,0.7695,1,1
147,5,1026.00,233.00,26.00,22.00,0.6411,1,1
147,9,550.00,1.00,58.00,36.00,0.3694,1,1
147,10,565.00,4.00,44.00,36.00,0.8306,1,1
147,11,635.00,181.00,25.00,31.00,0.8090,1,1
147,13,938.00,146.00,21.00,32.00,0.8732,1,1
147,14,887.00,119.00,19.00,29.00,0.8811,1,1
147,16,654.00,210.00,68.00,72.00,0.4878,1,1
147,18,907.00,10.00,46.00,51.00,0.7933,1,1
147,19,546.00,0.00,66.00,23.00,0.7063,1,1
148,1,1054.00,157.00,75.00,67.00,0.9408,1,1
148,2,651.00,180.00,24.00,32.00,0.8815,1,1
148,3,729.00,293.00,18.00,21.00,0.3727,1,1
148,5,1025.00,234.00,27.00,21.00,0.5727,1,1
148,6,654.00,210.00,67.00,73.00,0.6337,1,1
148,9,553.00,1.00,58.00,36.00,0.3694,1,1
148,10,571.00,3.00,41.00,38.00,0.8188,1,1
148,13,942.00,148.00,20.00,32.00,0.8794,1,1
148,14,890.00,121.00,18.00,30.00,0.8661,1,1
148,16,654.00,210.00,67.00,72.00,0.4878,1,1
148,18,910.00,10.00,45.00,51.00,0.7057,1,1
148,19,550.00,0.00,64.00,23.00,0.7775,1,1
149,1,1054.00,156.00,74.00,67.00,0.9408,1,1
149,2,654.00,179.00,25.00,32.00,0.8765,1,1
149,5,1026.00,233.00,26.00,21.00,0.3558,1,1
149,6,655.00,210.00,66.00,74.00,0.6486,1,1
149,9,557.00,1.00,60.00,38.00,0.3178,1,1
149,10,574.00,3.00,43.00,38.00,0.8374,1,1
149,13,945.00,148.00,20.00,33.00,0.8966,1,1
149,14,892.00,121.00,18.00,31.00,0.8892,1,1
149,18,912.00,9.00,46.00,53.00,0.7346,1,1
149,19,552.00,0.00,65.00,24.00,0.7775,1,1
150,1,1053.00,156.00,74.00,67.00,0.9411,1,1
150,2,657.00,177.00,24.00,34.00,0.8765,1,1
150,3,731.00,293.00,18.00,23.00,0.3228,1,1
150,5,1026.00,233.00,27.00,21.00,0.3558,1,1
150,6,655.00,210.00,66.00,74.00,0.5677,1,1
150,9,560.00,1.00,60.00,38.00,0.3178,1,1
150,10,578.00,3.00,42.00,38.00,0.8423,1,1
150,13,948.00,150.00,21.00,33.00,0.8707,1,1
150,14,894.00,123.00,18.00,30.00,0.8488,1,1
150,18,914.00,10.00,47.00,52.00,0.4462,1,1
150,19,556.00,0.00,67.00,23.00,0.6038,1,1
150,20,551.00,526.00,41.00,26.00,0.4696,1,1
151,1,1052.00,156.00,74.00,67.00,0.9430,1,1
151,2,659.00,179.00,23.00,33.00,0.8796,1,1
151,3,730.00,295.00,18.00,20.00,0.2903,1,1
151,6,656.00,210.00,65.00,74.00,0.5549,1,1
151,10,583.00,4.00,41.00,36.00,0.8652,1,1
151,13,953.00,151.00,19.00,32.00,0.8931,1,1
151,14,896.00,126.00,18.00,30.00,0.8416,1,1
151,18,917.00,10.00,46.00,53.00,0.4892,1,1
151,19,559.00,0.00,68.00,24.00,0.5399,1,1
151,20,552.00,526.00,40.00,26.00,0.4696,1,1
152,1,1052.00,156.00,74.00,67.00,0.9432,1,1
152,2,659.00,179.00,23.00,33.00,0.8794,1,1
152,3,730.00,295.00,18.00,20.00,0.2891,1,1
152,6,656.00,210.00,65.00,74.00,0.5519,1,1
152,10,584.00,4.00,40.00,36.00,0.8654,1,1
152,13,953.00,151.00,19.00,32.00,0.8931,1,1
152,14,896.00,126.00,18.00,30.00,0.8417,1,1
152,18,917.00,10.00,46.00,53.00,0.4919,1,1
152,19,559.00,0.00,68.00,24.00,0.5412,1,1
153,1,1051.00,155.00,75.00,67.00,0.9449,1,1
153,2,661.00,180.00,22.00,32.00,0.8949,1,1
153,3,728.00,294.00,17.00,20.00,0.3718,1,1
153,6,656.00,210.00,65.00,74.00,0.5519,1,1
153,10,587.00,2.00,39.00,37.00,0.8543,1,1
153,13,955.00,152.00,20.00,31.00,0.8834,1,1
153,14,897.00,128.00,18.00,29.00,0.8447,1,1
153,16,657.00,211.00,64.00,71.00,0.6842,1,1
153,18,920.00,10.00,44.00,53.00,0.4390,1,1
153,19,562.00,0.00,66.00,24.00,0.5849,1,1
154,1,1050.00,155.00,75.00,67.00,0.9464,1,1
154,2,660.00,180.00,23.00,32.00,0.8968,1,1
154,3,728.00,295.00,17.00,18.00,0.5254,1,1
154,6,656.00,211.00,65.00,72.00,0.6150,1,1
154,9,572.00,1.00,58.00,36.00,0.5103,1,1
154,10,588.00,2.00,41.00,36.00,0.8404,1,1
154,13,958.00,152.00,19.00,33.00,0.8725,1,1
154,14,900.00,131.00,17.00,28.00,0.8446,1,1
154,16,658.00,211.00,63.00,71.00,0.6842,1,1
154,18,921.00,13.00,45.00,51.00,0.6843,1,1
154,19,564.00,0.00,67.00,24.00,0.5849,1,1
155,1,1049.00,155.00,76.00,67.00,0.9428,1,1
155,2,659.00,180.00,23.00,33.00,0.8827,1,1
155,3,729.00,295.00,17.00,18.00,0.6503,1,1
155,6,656.00,211.00,65.00,72.00,0.6150,1,1
155,9,575.00,1.00,57.00,37.00,0.5103,1,1
155,10,589.00,2.00,42.00,35.00,0.8409,1,1
155,13,960.00,154.00,21.00,32.00,0.8852,1,1
155,14,901.00,132.00,18.00,28.00,0.8455,1,1
155,16,657.00,211.00,64.00,71.00,0.5360,1,1
155,18,923.00,13.00,45.00,52.00,0.2808,1,1
156,1,1048.00,155.00,77.00,66.00,0.9400,1,1
156,2,659.00,179.00,23.00,36.00,0.8569,1,1
156,3,728.00,295.00,18.00,19.00,0.6033,1,1
156,6,656.00,210.00,65.00,73.00,0.5367,1,1
156,10,586.00,1.00,47.00,35.00,0.8525,1,1
156,13,963.00,155.00,22.00,33.00,0.8646,1,1
156,14,903.00,134.00,17.00,29.00,0.8003,1,1
156,16,657.00,211.00,64.00,71.00,0.5360,1,1
156,18,925.00,14.00,44.00,52.00,0.4912,1,1
157,1,1048.00,155.00,77.00,65.00,0.9393,1,1
157,2,659.00,180.00,22.00,34.00,0.7658,1,1
157,3,728.00,295.00,18.00,19.00,0.6033,1,1
157,6,656.00,211.00,65.00,72.00,0.6997,1,1
157,10,584.00,0.00,51.00,35.00,0.8477,1,1
157,13,967.00,156.00,22.00,33.00,0.8687,1,1
157,14,905.00,136.00,17.00,29.00,0.8081,1,1
157,18,926.00,15.00,45.00,53.00,0.6009,1,1
158,1,1048.00,155.00,77.00,65.00,0.9394,1,1
158,2,659.00,180.00,22.00,34.00,0.7658,1,1
158,6,656.00,211.00,65.00,72.00,0.6882,1,1
158,10,584.00,0.00,51.00,35.00,0.8476,1,1
158,13,967.00,156.00,22.00,33.00,0.8687,1,1
158,14,904.00,135.00,18.00,29.00,0.8117,1,1
158,18,926.00,16.00,45.00,52.00,0.5996,1,1
159,1,1047.00,155.00,78.00,65.00,0.9390,1,1
159,2,658.00,180.00,23.00,34.00,0.7796,1,1
159,6,656.00,210.00,65.00,72.00,0.5345,1,1
159,10,585.00,0.00,52.00,33.00,0.8727,1,1
159,13,969.00,157.00,23.00,33.00,0.8872,1,1
159,14,904.00,138.00,19.00,29.00,0.7949,1,1
159,18,927.00,18.00,45.00,51.00,0.6044,1,1
160,1,1046.00,154.00,78.00,65.00,0.9325,1,1
160,2,659.00,180.00,22.00,35.00,0.7907,1,1
160,6,656.00,210.00,65.00,72.00,0.6199,1,1
160,10,587.00,0.00,53.00,32.00,0.8826,1,1
160,13,971.00,158.00,22.00,32.00,0.8957,1,1
160,14,904.00,139.00,20.00,28.00,0.7699,1,1
160,18,928.00,20.00,45.00,49.00,0.6458,1,1
161,1,1045.00,155.00,79.00,64.00,0.9282,1,1
161,2,660.00,183.00,23.00,32.00,0.7939,1,1
161,6,654.00,210.00,67.00,72.00,0.6071,1,1
161,10,590.00,0.00,52.00,30.00,0.9044,1,1
161,13,971.00,159.00,24.00,32.00,0.8877,1,1
161,14,904.00,142.00,21.00,27.00,0.7460,1,1
161,18,929.00,21.00,45.00,49.00,0.6172,1,1
162,1,1044.00,154.00,79.00,65.00,0.9303,1,1
162,2,662.00,184.00,24.00,31.00,0.8495,1,1
162,6,654.00,210.00,67.00,73.00,0.5208,1,1
162,10,593.00,0.00,51.00,29.00,0.9149,1,1
162,13,973.00,159.00,23.00,32.00,0.8959,1,1
162,14,905.00,143.00,20.00,27.00,0.7634,1,1
162,18,931.00,21.00,45.00,50.00,0.6172,1,1
163,1,1043.00,154.00,80.00,64.00,0.9342,1,1
163,2,666.00,182.00,22.00,32.00,0.7942,1,1
163,6,656.00,210.00,65.00,73.00,0.6394,1,1
163,10,594.00,0.00,52.00,29.00,0.8974,1,1
163,13,974.00,160.00,23.00,31.00,0.8931,1,1
163,14,906.00,145.00,21.00,27.00,0.3828,1,1
164,1,1043.00,154.00,80.00,64.00,0.9346,1,1
164,2,666.00,182.00,22.00,32.00,0.7979,1,1
164,6,656.00,210.00,65.00,73.00,0.6437,1,1
164,10,594.00,0.00,52.00,29.00,0.8975,1,1
164,13,974.00,160.00,23.00,31.00,0.8931,1,1
164,14,906.00,145.00,21.00,27.00,0.3865,1,1
165,1,1042.00,154.00,79.00,64.00,0.9430,1,1
165,2,669.00,180.00,22.00,34.00,0.6642,1,1
165,6,655.00,210.00,66.00,73.00,0.7513,1,1
165,10,599.00,0.00,50.00,28.00,0.8700,1,1
165,13,974.00,159.00,23.00,32.00,0.8941,1,1
165,14,906.00,146.00,21.00,28.00,0.3726,1,1
166,1,1042.00,154.00,76.00,64.00,0.9423,1,1
166,2,671.00,178.00,23.00,35.00,0.6664,1,1
166,6,656.00,210.00,66.00,74.00,0.7735,1,1
166,10,603.00,0.00,50.00,27.00,0.7377,1,1
166,13,975.00,158.00,23.00,33.00,0.8985,1,1
166,14,907.00,145.00,22.00,30.00,0.6209,1,1
167,1,1042.00,154.00,76.00,64.00,0.9426,1,1
167,2,675.00,179.00,24.00,31.00,0.4068,1,1
167,6,656.00,210.00,66.00,73.00,0.8746,1,1
167,10,605.00,0.00,51.00,27.00,0.6882,1,1
167,13,975.00,159.00,24.00,31.00,0.8949,1,1
167,14,907.00,146.00,22.00,32.00,0.5533,1,1
168,1,1043.00,154.00,78.00,64.00,0.9401,1,1
168,2,683.00,179.00,21.00,32.00,0.6459,1,1
168,6,656.00,210.00,66.00,73.00,0.8604,1,1
168,10,610.00,0.00,48.00,27.00,0.7493,1,1
168,13,976.00,158.00,23.00,32.00,0.8898,1,1
168,14,908.00,147.00,21.00,32.00,0.3343,1,1
169,1,1044.00,154.00,78.00,64.00,0.9371,1,1
169,2,689.00,179.00,23.00,32.00,0.7371,1,1
169,6,656.00,209.00,66.00,74.00,0.7961,1,1
169,10,615.00,0.00,47.00,27.00,0.6750,1,1
169,13,978.00,158.00,22.00,32.00,0.8777,1,1
169,14,910.00,147.00,20.00,33.00,0.3477,1,1
170,1,1044.00,154.00,78.00,64.00,0.9371,1,1
170,2,689.00,179.00,23.00,32.00,0.7377,1,1
170,6,656.00,209.00,66.00,74.00,0.7996,1,1
170,10,615.00,0.00,47.00,27.00,0.6747,1,1
170,13,978.00,158.00,22.00,32.00,0.8778,1,1
170,14,910.00,148.00,20.00,32.00,0.3902,1,1
171,1,1047.00,154.00,76.00,65.00,0.9367,1,1
171,2,692.00,179.00,23.00,32.00,0.7377,1,1
171,6,656.00,209.00,66.00,74.00,0.6215,1,1
171,10,618.00,0.00,50.00,27.00,0.6012,1,1
171,11,726.00,290.00,23.00,23.00,0.3532,1,1
171,13,978.00,158.00,23.00,31.00,0.8835,1,1
171,14,911.00,147.00,19.00,33.00,0.4490,1,1
171,16,656.00,209.00,65.00,76.00,0.3222,1,1
172,1,1049.00,155.00,75.00,65.00,0.9419,1,1
172,6,655.00,210.00,66.00,76.00,0.3098,1,1
172,10,622.00,0.00,52.00,27.00,0.7407,1,1
172,11,730.00,294.00,23.00,23.00,0.3532,1,1
172,13,980.00,158.00,22.00,30.00,0.8772,1,1
172,14,912.00,148.00,18.00,35.00,0.5632,1,1
172,16,655.00,210.00,66.00,76.00,0.5419,1,1
173,1,1050.00,155.00,75.00,67.00,0.9460,1,1
173,2,720.00,171.00,27.00,33.00,0.8218,1,1
173,3,726.00,287.00,17.00,20.00,0.4897,1,1
173,6,655.00,210.00,66.00,75.00,0.5849,1,1
173,10,628.00,0.00,50.00,27.00,0.6449,1,1
173,13,982.00,157.00,21.00,31.00,0.8784,1,1
173,14,914.00,149.00,17.00,33.00,0.6246,1,1
173,16,655.00,210.00,66.00,76.00,0.5419,1,1
174,1,1053.00,156.00,73.00,67.00,0.9444,1,1
174,2,725.00,170.00,28.00,33.00,0.8218,1,1
174,3,725.00,285.00,17.00,22.00,0.7328,1,1
174,6,655.00,210.00,67.00,76.00,0.3323,1,1
174,10,633.00,0.00,53.00,28.00,0.6090,1,1
174,13,983.00,153.00,21.00,34.00,0.8934,1,1
174,14,915.00,150.00,18.00,33.00,0.7223,1,1
175,1,1056.00,157.00,73.00,67.00,0.9455,1,1
175,3,724.00,285.00,17.00,23.00,0.6072,1,1
175,6,656.00,210.00,68.00,75.00,0.3682,1,1
175,10,640.00,0.00,53.00,29.00,0.7226,1,1
175,13,985.00,154.00,21.00,33.00,0.9020,1,1
175,14,917.00,150.00,18.00,34.00,0.5203,1,1
176,1,1056.00,157.00,73.00,67.00,0.9455,1,1
176,3,724.00,285.00,17.00,23.00,0.6088,1,1
176,6,656.00,210.00,68.00,75.00,0.3707,1,1
176,10,640.00,0.00,53.00,29.00,0.7228,1,1
176,13,985.00,154.00,21.00,33.00,0.9017,1,1
176,14,917.00,150.00,18.00,34.00,0.5376,1,1
177,1,1058.00,159.00,74.00,66.00,0.9467,1,1
177,3,725.00,285.00,17.00,23.00,0.3403,1,1
177,6,656.00,210.00,68.00,76.00,0.3707,1,1
177,10,648.00,0.00,54.00,30.00,0.8166,1,1
177,13,986.00,156.00,21.00,30.00,0.9035,1,1
177,14,918.00,155.00,18.00,31.00,0.5270,1,1
178,1,1061.00,160.00,74.00,66.00,0.9466,1,1
178,3,724.00,285.00,18.00,23.00,0.3403,1,1
178,10,658.00,0.00,51.00,31.00,0.8025,1,1
178,13,987.00,152.00,22.00,33.00,0.8861,1,1
178,14,920.00,153.00,19.00,32.00,0.7843,1,1
179,1,1062.00,160.00,74.00,66.00,0.9484,1,1
179,2,799.00,159.00,31.00,25.00,0.8025,1,1
179,5,1037.00,237.00,23.00,17.00,0.6187,1,1
179,10,668.00,0.00,51.00,32.00,0.8028,1,1
179,13,989.00,152.00,22.00,33.00,0.8624,1,1
179,14,922.00,153.00,18.00,32.00,0.8280,1,1
180,1,1063.00,160.00,74.00,67.00,0.9507,1,1
180,2,810.00,158.00,30.00,26.00,0.8503,1,1
180,5,1041.00,236.00,22.00,17.00,0.5766,1,1
180,10,676.00,0.00,53.00,32.00,0.7927,1,1
180,13,992.00,152.00,20.00,32.00,0.8198,1,1
180,14,924.00,153.00,18.00,32.00,0.7818,1,1
181,1,1064.00,161.00,73.00,66.00,0.9498,1,1
181,2,819.00,155.00,30.00,29.00,0.8791,1,1
181,3,726.00,286.00,20.00,24.00,0.3488,1,1
181,5,1042.00,236.00,21.00,17.00,0.5766,1,1
181,6,655.00,212.00,66.00,72.00,0.3541,1,1
181,10,690.00,1.00,49.00,32.00,0.8102,1,1
181,13,994.00,152.00,21.00,32.00,0.4745,1,1
181,14,926.00,154.00,19.00,32.00,0.7567,1,1
182,1,1064.00,161.00,73.00,66.00,0.9497,1,1
182,2,819.00,155.00,30.00,29.00,0.8792,1,1
182,3,726.00,286.00,20.00,24.00,0.3492,1,1
182,6,655.00,212.00,66.00,72.00,0.3579,1,1
182,10,691.00,1.00,48.00,32.00,0.8114,1,1
182,13,994.00,152.00,21.00,33.00,0.4771,1,1
182,14,926.00,154.00,19.00,32.00,0.7588,1,1
183,1,1064.00,161.00,73.00,66.00,0.9508,1,1
183,2,828.00,156.00,27.00,31.00,0.8592,1,1
183,3,726.00,287.00,19.00,23.00,0.3721,1,1
183,6,654.00,212.00,66.00,73.00,0.5211,1,1
183,10,704.00,2.00,45.00,32.00,0.8205,1,1
183,13,996.00,151.00,22.00,33.00,0.5115,1,1
183,14,930.00,151.00,17.00,36.00,0.7673,1,1
184,1,1064.00,161.00,73.00,66.00,0.9509,1,1
184,2,836.00,156.00,27.00,32.00,0.8678,1,1
184,3,725.00,287.00,18.00,22.00,0.2896,1,1
184,5,1011.00,258.00,20.00,21.00,0.3874,1,1
184,6,653.00,212.00,66.00,74.00,0.4269,1,1
184,10,715.00,3.00,42.00,32.00,0.8351,1,1
184,11,616.00,162.00,22.00,29.00,0.2775,1,1
184,13,998.00,149.00,22.00,33.00,0.4438,1,1
184,14,933.00,149.00,17.00,39.00,0.8672,1,1
185,1,1064.00,161.00,73.00,66.00,0.9511,1,1
185,2,843.00,157.00,27.00,33.00,0.8514,1,1
185,3,726.00,287.00,17.00,22.00,0.5410,1,1
185,5,1009.00,257.00,22.00,22.00,0.8876,1,1
185,6,652.00,211.00,68.00,75.00,0.4996,1,1
185,10,723.00,5.00,43.00,31.00,0.8421,1,1
185,11,609.00,156.00,23.00,29.00,0.2775,1,1
185,13,936.00,155.00,18.00,32.00,0.8278,1,1
185,14,934.00,148.00,18.00,41.00,0.8672,1,1
186,1,1064.00,161.00,72.00,66.00,0.9502,1,1
186,2,850.00,162.00,27.00,31.00,0.8215,1,1
186,3,725.00,286.00,18.00,24.00,0.6532,1,1
186,5,1005.00,255.00,25.00,24.00,0.8687,1,1
186,6,654.00,211.00,66.00,75.00,0.6090,1,1
186,10,731.00,5.00,43.00,31.00,0.8062,1,1
186,11,623.00,164.00,21.00,26.00,0.3912,1,1
186,13,940.00,155.00,18.00,33.00,0.6396,1,1
186,18,963.00,31.00,46.00,55.00,0.3305,1,1
187,1,1064.00,161.00,72.00,66.00,0.9494,1,1
187,2,856.00,164.00,26.00,32.00,0.8573,1,1
187,3,725.00,286.00,18.00,23.00,0.4949,1,1
187,5,999.00,256.00,27.00,26.00,0.8296,1,1
187,6,654.00,211.00,66.00,74.00,0.5329,1,1
187,10,738.00,6.00,44.00,32.00,0.7144,1,1
187,11,625.00,164.00,22.00,25.00,0.5797,1,1
187,13,1007.00,149.00,20.00,29.00,0.3234,1,1
187,14,944.00,158.00,18.00,31.00,0.6800,1,1
187,18,965.00,32.00,46.00,55.00,0.4901,1,1
188,1,1064.00,161.00,72.00,66.00,0.9494,1,1
188,2,856.00,164.00,26.00,32.00,0.8582,1,1
188,3,725.00,286.00,18.00,23.00,0.4996,1,1
188,5,999.00,256.00,27.00,26.00,0.8296,1,1
188,6,654.00,211.00,66.00,74.00,0.5024,1,1
188,10,738.00,6.00,44.00,32.00,0.7135,1,1
188,11,626.00,165.00,21.00,24.00,0.5850,1,1
188,13,1007.00,149.00,20.00,28.00,0.3293,1,1
188,14,944.00,158.00,18.00,31.00,0.6876,1,1
188,18,965.00,32.00,46.00,55.00,0.4877,1,1
189,1,1063.00,161.00,73.00,66.00,0.9495,1,1
189,2,860.00,166.00,25.00,31.00,0.8967,1,1
189,3,725.00,286.00,18.00,23.00,0.4996,1,1
189,5,991.00,254.00,32.00,30.00,0.8405,1,1
189,6,654.00,211.00,66.00,74.00,0.6135,1,1
189,10,748.00,9.00,42.00,30.00,0.3719,1,1
189,11,623.00,163.00,22.00,24.00,0.5850,1,1
189,13,1011.00,149.00,19.00,27.00,0.3293,1,1
189,14,947.00,156.00,19.00,34.00,0.4096,1,1
189,18,967.00,33.00,46.00,54.00,0.4949,1,1
190,1,1063.00,161.00,73.00,66.00,0.9495,1,1
190,2,864.00,169.00,24.00,31.00,0.8974,1,1
190,5,984.00,254.00,36.00,35.00,0.7958,1,1
190,6,654.00,211.00,66.00,74.00,0.6854,1,1
190,10,757.00,11.00,38.00,30.00,0.5213,1,1
190,13,1013.00,147.00,18.00,28.00,0.4111,1,1
190,14,951.00,160.00,19.00,31.00,0.8086,1,1
190,18,969.00,34.00,46.00,53.00,0.4949,1,1
191,1,1062.00,161.00,73.00,65.00,0.9476,1,1
191,2,868.00,170.00,23.00,32.00,0.8896,1,1
191,3,727.00,286.00,20.00,25.00,0.7579,1,1
191,5,980.00,255.00,38.00,37.00,0.7958,1,1
191,6,654.00,211.00,66.00,75.00,0.6947,1,1
191,10,764.00,15.00,37.00,29.00,0.7618,1,1
191,13,1016.00,147.00,18.00,27.00,0.4111,1,1
191,14,955.00,158.00,20.00,33.00,0.7756,1,1
192,1,1062.00,161.00,72.00,65.00,0.9463,1,1
192,2,870.00,172.00,24.00,33.00,0.8568,1,1
192,3,728.00,287.00,20.00,25.00,0.7959,1,1
192,5,963.00,273.00,48.00,32.00,0.4468,1,1
192,6,654.00,211.00,66.00,74.00,0.7653,1,1
192,10,770.00,17.00,38.00,28.00,0.8208,1,1
192,14,959.00,159.00,19.00,33.00,0.7117,1,1
193,1,1062.00,160.00,71.00,66.00,0.9443,1,1
193,2,872.00,173.00,30.00,35.00,0.8503,1,1
193,3,728.00,288.00,18.00,24.00,0.8451,1,1
193,5,961.00,275.00,34.00,32.00,0.8042,1,1
193,6,653.00,211.00,66.00,74.00,0.7369,1,1
193,10,777.00,18.00,35.00,27.00,0.8002,1,1
193,13,1019.00,145.00,18.00,27.00,0.5748,1,1
193,14,961.00,156.00,20.00,35.00,0.7420,1,1
194,1,1062.00,160.00,71.00,66.00,0.9442,1,1
194,2,872.00,173.00,30.00,35.00,0.8497,1,1
194,3,728.00,288.00,18.00,24.00,0.8450,1,1
194,5,961.00,275.00,34.00,32.00,0.8029,1,1
194,6,653.00,211.00,66.00,74.00,0.7423,1,1
194,10,778.00,19.00,34.00,26.00,0.8005,1,1
194,13,1019.00,145.00,18.00,27.00,0.5775,1,1
194,14,961.00,156.00,20.00,35.00,0.7337,1,1
195,1,1060.00,160.00,72.00,66.00,0.9423,1,1
195,2,876.00,176.00,33.00,34.00,0.8576,1,1
195,3,728.00,287.00,19.00,24.00,0.8618,1,1
195,5,959.00,282.00,34.00,30.00,0.8360,1,1
195,6,653.00,210.00,66.00,75.00,0.7608,1,1
195,10,782.00,20.00,34.00,27.00,0.8540,1,1
195,13,1022.00,144.00,18.00,27.00,0.5775,1,1
195,14,965.00,159.00,21.00,33.00,0.8012,1,1
195,16,629.00,47.00,47.00,35.00,0.4146,1,1
195,18,981.00,36.00,46.00,53.00,0.3396,1,1
196,1,1057.00,160.00,75.00,67.00,0.9411,1,1
196,2,880.00,178.00,31.00,34.00,0.8495,1,1
196,3,728.00,288.00,18.00,25.00,0.8354,1,1
196,5,958.00,288.00,37.00,27.00,0.8605,1,1
196,6,653.00,209.00,66.00,75.00,0.7258,1,1
196,10,785.00,21.00,34.00,26.00,0.8396,1,1
196,11,632.00,172.00,23.00,22.00,0.2689,1,1
196,14,971.00,163.00,19.00,32.00,0.6399,1,1
196,16,630.00,48.00,47.00,34.00,0.5426,1,1
196,18,983.00,36.00,45.00,53.00,0.3396,1,1
197,1,1057.00,160.00,73.00,67.00,0.9392,1,1
197,2,881.00,179.00,32.00,34.00,0.8586,1,1
197,3,729.00,288.00,17.00,25.00,0.8326,1,1
197,5,956.00,292.00,38.00,26.00,0.8696,1,1
197,6,653.00,209.00,66.00,74.00,0.7177,1,1
197,10,788.00,23.00,33.00,26.00,0.8168,1,1
197,11,634.00,174.00,22.00,23.00,0.4666,1,1
197,13,1026.00,145.00,19.00,25.00,0.3861,1,1
197,14,974.00,162.00,19.00,32.00,0.2549,1,1
197,16,630.00,48.00,48.00,34.00,0.6890,1,1
197,18,987.00,36.00,44.00,55.00,0.6401,1,1
198,1,1056.00,159.00,73.00,67.00,0.9400,1,1
198,2,882.00,180.00,32.00,34.00,0.8832,1,1
198,3,730.00,288.00,17.00,23.00,0.7604,1,1
198,5,957.00,292.00,34.00,27.00,0.8828,1,1
198,6,653.00,209.00,66.00,74.00,0.7167,1,1
198,10,791.00,25.00,32.00,24.00,0.7753,1,1
198,11,641.00,166.00,22.00,22.00,0.3682,1,1
198,13,1029.00,144.00,19.00,25.00,0.3861,1,1
198,14,976.00,163.00,22.00,33.00,0.8317,1,1
198,16,630.00,48.00,49.00,34.00,0.7715,1,1
198,18,990.00,37.00,43.00,55.00,0.6401,1,1
199,1,1055.00,159.00,73.00,67.00,0.9418,1,1
199,2,883.00,181.00,32.00,33.00,0.8847,1,1
199,3,732.00,286.00,17.00,25.00,0.4864,1,1
199,5,957.00,293.00,33.00,27.00,0.8896,1,1
199,6,653.00,209.00,66.00,74.00,0.7037,1,1
199,10,794.00,25.00,31.00,26.00,0.7247,1,1
199,11,644.00,165.00,22.00,22.00,0.6250,1,1
199,14,981.00,164.00,21.00,33.00,0.7864,1,1
199,16,631.00,48.00,48.00,34.00,0.7804,1,1
200,1,1055.00,159.00,73.00,67.00,0.9417,1,1
200,2,883.00,181.00,32.00,33.00,0.8844,1,1
200,3,732.00,286.00,17.00,25.00,0.4882,1,1
200,5,957.00,293.00,33.00,27.00,0.8896,1,1
200,6,653.00,209.00,66.00,74.00,0.6880,1,1
200,10,794.00,25.00,31.00,26.00,0.7229,1,1
200,11,644.00,165.00,22.00,22.00,0.6250,1,1
200,14,981.00,164.00,21.00,33.00,0.7888,1,1
200,16,631.00,48.00,48.00,34.00,0.7872,1,1
200,23,765.00,0.00,68.00,27.00,0.3222,1,1
201,1,1054.00,158.00,74.00,68.00,0.9415,1,1
201,2,884.00,182.00,31.00,33.00,0.8833,1,1
201,3,731.00,287.00,14.00,26.00,0.6523,1,1
201,5,956.00,298.00,34.00,23.00,0.8952,1,1
201,6,653.00,209.00,66.00,73.00,0.6493,1,1
201,10,796.00,26.00,31.00,25.00,0.7013,1,1
201,11,647.00,164.00,20.00,22.00,0.7120,1,1
201,14,983.00,161.00,23.00,34.00,0.8103,1,1
201,16,631.00,48.00,49.00,34.00,0.8419,1,1
201,18,994.00,41.00,46.00,51.00,0.7618,1,1
201,23,765.00,0.00,68.00,27.00,0.3222,1,1
202,1,1053.00,158.00,75.00,68.00,0.9391,1,1
202,2,884.00,181.00,34.00,35.00,0.8842,1,1
202,3,729.00,289.00,17.00,25.00,0.7933,1,1
202,5,956.00,299.00,33.00,23.00,0.8873,1,1
202,6,653.00,209.00,66.00,74.00,0.6848,1,1
202,10,797.00,26.00,30.00,25.00,0.6657,1,1
202,11,649.00,162.00,20.00,23.00,0.5700,1,1
202,14,987.00,160.00,23.00,34.00,0.8656,1,1
202,16,631.00,48.00,50.00,34.00,0.8531,1,1
202,18,997.00,39.00,46.00,53.00,0.8887,1,1
203,1,1054.00,158.00,74.00,68.00,0.9379,1,1
203,2,885.00,181.00,34.00,35.00,0.8884,1,1
203,3,729.00,288.00,17.00,24.00,0.8400,1,1
203,5,955.00,300.00,33.00,22.00,0.8821,1,1
203,6,653.00,209.00,66.00,74.00,0.7179,1,1
203,10,797.00,25.00,31.00,25.00,0.6799,1,1
203,11,649.00,163.00,21.00,23.00,0.4999,1,1
203,14,990.00,160.00,24.00,34.00,0.8552,1,1
203,16,631.00,47.00,50.00,35.00,0.8172,1,1
203,18,1001.00,39.00,44.00,54.00,0.8729,1,1
203,23,769.00,0.00,67.00,28.00,0.2682,1,1
204,1,1054.00,158.00,74.00,68.00,0.9367,1,1
204,2,886.00,180.00,37.00,36.00,0.8894,1,1
204,3,730.00,287.00,16.00,24.00,0.8376,1,1
204,5,955.00,299.00,33.00,23.00,0.8818,1,1
204,6,653.00,209.00,66.00,74.00,0.7197,1,1
204,10,797.00,25.00,31.00,25.00,0.6410,1,1
204,11,650.00,165.00,20.00,23.00,0.4946,1,1
204,14,995.00,161.00,23.00,34.00,0.8468,1,1
204,16,631.00,48.00,50.00,33.00,0.6411,1,1
204,18,1002.00,39.00,46.00,54.00,0.8978,1,1
204,23,769.00,0.00,68.00,28.00,0.2815,1,1
205,1,1055.00,159.00,74.00,67.00,0.9368,1,1
205,2,887.00,181.00,37.00,35.00,0.8895,1,1
205,3,731.00,287.00,17.00,24.00,0.8183,1,1
205,5,955.00,299.00,32.00,23.00,0.8779,1,1
205,6,653.00,209.00,66.00,74.00,0.7201,1,1
205,10,797.00,25.00,31.00,25.00,0.6077,1,1
205,11,650.00,165.00,21.00,25.00,0.6259,1,1
205,14,999.00,160.00,23.00,35.00,0.8540,1,1
205,16,631.00,47.00,50.00,34.00,0.5318,1,1
205,18,1006.00,39.00,43.00,54.00,0.2588,1,1
205,23,770.00,0.00,67.00,28.00,0.3857,1,1
206,1,1055.00,159.00,74.00,67.00,0.9368,1,1
206,2,887.00,181.00,37.00,35.00,0.8895,1,1
206,3,731.00,287.00,17.00,24.00,0.8190,1,1
206,5,955.00,299.00,32.00,23.00,0.8778,1,1
206,6,653.00,209.00,66.00,74.00,0.7184,1,1
206,10,797.00,25.00,30.00,25.00,0.6120,1,1
206,11,650.00,165.00,21.00,25.00,0.6300,1,1
206,14,999.00,160.00,23.00,35.00,0.8599,1,1
206,16,631.00,47.00,50.00,34.00,0.5319,1,1
206,18,1006.00,39.00,43.00,54.00,0.2750,1,1
206,23,770.00,0.00,67.00,28.00,0.3856,1,1
207,1,1056.00,158.00,74.00,68.00,0.9337,1,1
207,2,888.00,181.00,36.00,35.00,0.8905,1,1
207,3,732.00,288.00,18.00,24.00,0.8148,1,1
207,5,955.00,299.00,32.00,22.00,0.8732,1,1
207,6,653.00,209.00,67.00,74.00,0.7443,1,1
207,10,798.00,25.00,29.00,25.00,0.5834,1,1
207,11,649.00,167.00,21.00,24.00,0.6734,1,1
207,14,1002.00,162.00,24.00,33.00,0.8898,1,1
207,16,631.00,47.00,50.00,34.00,0.6049,1,1
207,18,1008.00,40.00,43.00,53.00,0.3839,1,1
207,23,769.00,0.00,68.00,29.00,0.4544,1,1
208,1,1057.00,159.00,74.00,68.00,0.9341,1,1
208,2,888.00,180.00,36.00,36.00,0.8974,1,1
208,3,733.00,285.00,18.00,24.00,0.6809,1,1
208,5,955.00,300.00,32.00,21.00,0.8611,1,1
208,6,653.00,209.00,67.00,74.00,0.6406,1,1
208,10,798.00,25.00,29.00,25.00,0.4688,1,1
208,11,649.00,169.00,20.00,23.00,0.6944,1,1
208,14,1007.00,162.00,23.00,34.00,0.8349,1,1
208,16,631.00,48.00,50.00,33.00,0.5728,1,1
208,18,1010.00,41.00,45.00,53.00,0.7241,1,1
208,23,769.00,0.00,68.00,28.00,0.5188,1,1
209,1,1059.00,158.00,73.00,69.00,0.9286,1,1
209,2,888.00,178.00,36.00,37.00,0.8990,1,1
209,3,734.00,285.00,17.00,24.00,0.4649,1,1
209,5,955.00,300.00,32.00,21.00,0.8633,1,1
209,6,653.00,209.00,67.00,75.00,0.6140,1,1
209,10,798.00,25.00,28.00,24.00,0.2878,1,1
209,11,650.00,168.00,20.00,24.00,0.7310,1,1
209,14,1012.00,163.00,22.00,33.00,0.7742,1,1
209,16,631.00,47.00,50.00,35.00,0.6718,1,1
209,18,1013.00,42.00,44.00,52.00,0.7268,1,1
209,23,769.00,0.00,67.00,29.00,0.5032,1,1
210,1,1061.00,158.00,73.00,69.00,0.9198,1,1
210,2,888.00,177.00,36.00,37.00,0.8994,1,1
210,3,734.00,288.00,17.00,24.00,0.4587,1,1
210,5,955.00,300.00,32.00,21.00,0.8691,1,1
210,6,653.00,209.00,67.00,75.00,0.6206,1,1
210,10,797.00,25.00,28.00,24.00,0.4910,1,1
210,11,650.00,168.00,20.00,25.00,0.7098,1,1
210,14,1016.00,163.00,22.00,33.00,0.9001,1,1
210,16,631.00,48.00,50.00,34.00,0.6376,1,1
210,18,1016.00,43.00,43.00,52.00,0.8775,1,1
210,23,767.00,0.00,66.00,28.00,0.3993,1,1
211,1,1063.00,159.00,72.00,68.00,0.9209,1,1
211,2,887.00,176.00,37.00,37.00,0.8926,1,1
211,3,734.00,289.00,18.00,25.00,0.8269,1,1
211,5,955.00,300.00,32.00,22.00,0.8707,1,1
211,6,653.00,209.00,67.00,75.00,0.2533,1,1
211,10,796.00,24.00,28.00,24.00,0.4519,1,1
211,11,650.00,170.00,19.00,24.00,0.7541,1,1
211,14,1019.00,162.00,24.00,34.00,0.8928,1,1
211,16,631.00,47.00,50.00,35.00,0.7194,1,1
211,18,1017.00,44.00,44.00,51.00,0.8921,1,1
211,23,765.00,0.00,67.00,29.00,0.5352,1,1
212,1,1063.00,159.00,72.00,68.00,0.9207,1,1
212,2,887.00,176.00,37.00,37.00,0.8928,1,1
212,3,734.00,289.00,18.00,25.00,0.8271,1,1
212,5,955.00,300.00,32.00,22.00,0.8716,1,1
212,6,653.00,209.00,67.00,75.00,0.2543,1,1
212,10,796.00,24.00,28.00,24.00,0.4573,1,1
212,11,650.00,170.00,19.00,24.00,0.7545,1,1
212,14,1019.00,162.00,24.00,34.00,0.8930,1,1
212,16,631.00,47.00,50.00,35.00,0.7110,1,1
212,18,1017.00,44.00,44.00,51.00,0.8924,1,1
212,23,765.00,0.00,67.00,29.00,0.5337,1,1
212,25,653.00,209.00,67.00,75.00,0.6173,1,1
213,1,1065.00,158.00,72.00,70.00,0.9261,1,1
213,2,886.00,176.00,38.00,36.00,0.8905,1,1
213,3,734.00,291.00,19.00,23.00,0.7563,1,1
213,5,955.00,301.00,32.00,22.00,0.8765,1,1
213,6,653.00,209.00,67.00,74.00,0.2543,1,1
213,10,795.00,23.00,28.00,24.00,0.5622,1,1
213,11,649.00,171.00,19.00,23.00,0.6335,1,1
213,14,1023.00,163.00,24.00,33.00,0.8883,1,1
213,16,631.00,47.00,50.00,35.00,0.5579,1,1
213,18,1019.00,43.00,44.00,52.00,0.8727,1,1
213,23,764.00,0.00,67.00,28.00,0.5057,1,1
213,25,653.00,209.00,67.00,75.00,0.5854,1,1
214,1,1066.00,158.00,72.00,69.00,0.9436,1,1
214,2,885.00,176.00,37.00,35.00,0.8894,1,1
214,3,734.00,291.00,17.00,23.00,0.8483,1,1
214,5,955.00,301.00,32.00,22.00,0.8776,1,1
214,10,793.00,24.00,28.00,22.00,0.5970,1,1
214,11,648.00,173.00,19.00,23.00,0.7796,1,1
214,14,1026.00,163.00,24.00,33.00,0.8706,1,1
214,16,631.00,47.00,50.00,34.00,0.3894,1,1
214,18,1021.00,42.00,44.00,53.00,0.7131,1,1
214,23,763.00,0.00,65.00,28.00,0.6499,1,1
214,25,653.00,209.00,67.00,75.00,0.6013,1,1
215,1,1069.00,158.00,71.00,69.00,0.9315,1,1
215,2,883.00,177.00,37.00,33.00,0.8829,1,1
215,3,734.00,292.00,17.00,22.00,0.8413,1,1
215,5,956.00,301.00,31.00,22.00,0.8760,1,1
215,10,790.00,23.00,30.00,22.00,0.5294,1,1
215,11,648.00,172.00,20.00,25.00,0.8288,1,1
215,14,1030.00,165.00,23.00,31.00,0.8906,1,1
215,16,631.00,47.00,50.00,34.00,0.3681,1,1
215,18,1023.00,41.00,45.00,54.00,0.6603,1,1
215,23,760.00,0.00,65.00,28.00,0.5156,1,1
215,25,653.00,209.00,67.00,75.00,0.6044,1,1
216,1,1071.00,158.00,70.00,69.00,0.9249,1,1
216,2,882.00,176.00,37.00,34.00,0.8817,1,1
216,3,734.00,291.00,17.00,23.00,0.7656,1,1
216,5,956.00,301.00,31.00,22.00,0.8701,1,1
216,6,653.00,209.00,67.00,75.00,0.5691,1,1
216,10,787.00,23.00,30.00,22.00,0.6388,1,1
216,11,648.00,173.00,19.00,25.00,0.8307,1,1
216,14,1032.00,164.00,24.00,32.00,0.8819,1,1
216,16,630.00,47.00,51.00,34.00,0.3681,1,1
216,18,1025.00,40.00,44.00,54.00,0.8745,1,1
216,23,759.00,0.00,64.00,28.00,0.6108,1,1
216,25,653.00,209.00,67.00,75.00,0.6044,1,1
217,1,1073.00,157.00,70.00,71.00,0.9180,1,1
217,2,880.00,176.00,36.00,33.00,0.8714,1,1
217,3,734.00,289.00,18.00,22.00,0.6643,1,1
217,5,956.00,300.00,33.00,23.00,0.8836,1,1
217,6,654.00,210.00,66.00,74.00,0.5570,1,1
217,10,784.00,22.00,30.00,23.00,0.5120,1,1
217,11,647.00,174.00,20.00,25.00,0.7915,1,1
217,14,1035.00,164.00,25.00,32.00,0.8749,1,1
217,16,631.00,47.00,48.00,35.00,0.2530,1,1
217,18,1027.00,39.00,45.00,55.00,0.8600,1,1
217,23,756.00,0.00,65.00,28.00,0.7178,1,1
217,25,654.00,210.00,67.00,74.00,0.2887,1,1
218,1,1073.00,158.00,70.00,70.00,0.9177,1,1
218,2,880.00,176.00,36.00,33.00,0.8707,1,1
218,3,734.00,289.00,18.00,23.00,0.6729,1,1
218,5,956.00,300.00,33.00,23.00,0.8835,1,1
218,6,654.00,210.00,66.00,73.00,0.5447,1,1
218,10,784.00,22.00,30.00,23.00,0.5131,1,1
218,11,647.00,174.00,20.00,25.00,0.7871,1,1
218,14,1035.00,164.00,25.00,32.00,0.8746,1,1
218,16,631.00,47.00,48.00,35.00,0.2732,1,1
218,18,1027.00,39.00,45.00,55.00,0.8605,1,1
218,23,756.00,0.00,65.00,28.00,0.7179,1,1
218,25,654.00,210.00,67.00,74.00,0.2843,1,1
219,1,1075.00,158.00,69.00,70.00,0.9084,1,1
219,2,879.00,175.00,34.00,33.00,0.8558,1,1
219,3,734.00,285.00,17.00,24.00,0.3847,1,1
219,5,957.00,299.00,34.00,23.00,0.8919,1,1
219,6,654.00,210.00,66.00,73.00,0.5279,1,1
219,10,782.00,22.00,30.00,23.00,0.3114,1,1
219,11,646.00,174.00,21.00,26.00,0.7628,1,1
219,14,1040.00,165.00,24.00,32.00,0.8321,1,1
219,16,630.00,47.00,49.00,35.00,0.2732,1,1
219,18,1029.00,38.00,44.00,56.00,0.7818,1,1
219,23,753.00,0.00,64.00,29.00,0.6521,1,1
219,25,654.00,210.00,67.00,74.00,0.2766,1,1
220,1,1076.00,158.00,70.00,71.00,0.9153,1,1
220,2,877.00,174.00,31.00,32.00,0.8634,1,1
220,3,734.00,285.00,17.00,23.00,0.3847,1,1
220,5,958.00,298.00,33.00,24.00,0.9066,1,1
220,6,654.00,210.00,66.00,74.00,0.5282,1,1
220,10,777.00,21.00,33.00,24.00,0.3758,1,1
220,11,646.00,175.00,21.00,26.00,0.5873,1,1
220,14,1043.00,165.00,24.00,32.00,0.4089,1,1
220,18,1031.00,39.00,44.00,55.00,0.8536,1,1
220,23,751.00,0.00,63.00,29.00,0.5827,1,1
220,25,654.00,210.00,66.00,74.00,0.3403,1,1
221,1,1077.00,159.00,72.00,70.00,0.8866,1,1
221,2,873.00,171.00,26.00,34.00,0.8684,1,1
221,3,734.00,290.00,17.00,24.00,0.8442,1,1
221,5,959.00,297.00,33.00,24.00,0.9133,1,1
221,6,653.00,210.00,66.00,73.00,0.5046,1,1
221,10,776.00,21.00,33.00,24.00,0.3758,1,1
221,11,645.00,177.00,22.00,26.00,0.4681,1,1
221,14,1046.00,165.00,25.00,33.00,0.6979,1,1
221,18,1032.00,39.00,44.00,55.00,0.8510,1,1
221,23,747.00,0.00,65.00,29.00,0.6214,1,1
221,25,654.00,210.00,66.00,74.00,0.2730,1,1
222,1,1078.00,160.00,75.00,70.00,0.8976,1,1
222,2,871.00,169.00,24.00,34.00,0.8848,1,1
222,3,733.00,291.00,19.00,24.00,0.8413,1,1
222,5,960.00,296.00,32.00,24.00,0.9064,1,1
222,6,653.00,210.00,66.00,73.00,0.4831,1,1
222,11,646.00,176.00,21.00,28.00,0.2804,1,1
222,14,1051.00,166.00,24.00,33.00,0.3654,1,1
222,18,1032.00,39.00,44.00,56.00,0.8075,1,1
222,23,744.00,0.00,66.00,29.00,0.6427,1,1
222,25,654.00,210.00,66.00,74.00,0.2730,1,1
223,1,1079.00,162.00,76.00,68.00,0.9215,1,1
223,2,870.00,165.00,24.00,34.00,0.8936,1,1
223,3,734.00,292.00,19.00,21.00,0.8561,1,1
223,5,962.00,295.00,32.00,23.00,0.8848,1,1
223,6,653.00,210.00,66.00,73.00,0.4946,1,1
223,11,646.00,173.00,20.00,30.00,0.2698,1,1
223,13,1054.00,170.00,26.00,30.00,0.8034,1,1
223,14,1054.00,167.00,24.00,33.00,0.3654,1,1
223,18,1033.00,40.00,44.00,55.00,0.6762,1,1
223,23,740.00,0.00,68.00,29.00,0.7254,1,1
223,25,653.00,210.00,67.00,73.00,0.3988,1,1
224,1,1079.00,162.00,76.00,68.00,0.9215,1,1
224,2,870.00,165.00,24.00,34.00,0.8938,1,1
224,3,734.00,292.00,19.00,21.00,0.8560,1,1
224,5,962.00,295.00,32.00,23.00,0.8849,1,1
224,6,653.00,210.00,66.00,73.00,0.4931,1,1
224,11,645.00,173.00,22.00,31.00,0.2705,1,1
224,13,1054.00,170.00,26.00,30.00,0.8082,1,1
224,18,1033.00,40.00,43.00,55.00,0.6793,1,1
224,23,740.00,0.00,68.00,29.00,0.7246,1,1
224,25,653.00,210.00,67.00,73.00,0.4020,1,1
225,1,1079.00,163.00,78.00,69.00,0.9304,1,1
225,2,873.00,159.00,24.00,34.00,0.8925,1,1
225,3,733.00,291.00,19.00,22.00,0.8472,1,1
225,5,964.00,293.00,31.00,24.00,0.8834,1,1
225,6,653.00,209.00,66.00,74.00,0.4879,1,1
225,11,645.00,173.00,21.00,31.00,0.2705,1,1
225,13,1054.00,169.00,25.00,30.00,0.8861,1,1
225,18,1034.00,41.00,43.00,54.00,0.4479,1,1
225,23,738.00,0.00,66.00,29.00,0.6242,1,1
225,25,653.00,210.00,67.00,73.00,0.2814,1,1
226,1,1079.00,164.00,79.00,69.00,0.9347,1,1
226,2,877.00,148.00,23.00,32.00,0.7854,1,1
226,3,732.00,292.00,20.00,21.00,0.8710,1,1
226,5,964.00,292.00,33.00,24.00,0.8591,1,1
226,6,653.00,210.00,66.00,73.00,0.4296,1,1
226,13,1055.00,169.00,25.00,31.00,0.8861,1,1
226,14,1055.00,167.00,24.00,31.00,0.8593,1,1
226,18,1035.00,41.00,43.00,54.00,0.4479,1,1
226,23,736.00,0.00,64.00,29.00,0.6825,1,1
226,25,653.00,210.00,66.00,74.00,0.2679,1,1
227,1,1079.00,165.00,80.00,69.00,0.9328,1,1
227,2,877.00,145.00,22.00,32.00,0.7854,1,1
227,3,732.00,291.00,19.00,21.00,0.8025,1,1
227,5,965.00,291.00,33.00,24.00,0.8553,1,1
227,6,653.00,210.00,66.00,73.00,0.4296,1,1
227,14,1056.00,166.00,24.00,32.00,0.7530,1,1
227,23,731.00,0.00,67.00,30.00,0.7649,1,1
227,25,653.00,210.00,66.00,73.00,0.5389,1,1
228,1,1080.00,167.00,79.00,69.00,0.9314,1,1
228,3,733.00,288.00,16.00,23.00,0.6270,1,1
228,5,965.00,291.00,34.00,24.00,0.8441,1,1
228,6,653.00,210.00,66.00,73.00,0.5991,1,1
228,13,1057.00,168.00,24.00,30.00,0.8202,1,1
228,14,1058.00,166.00,25.00,32.00,0.7530,1,1
228,23,729.00,0.00,67.00,30.00,0.7253,1,1
228,25,653.00,210.00,66.00,73.00,0.5389,1,1
229,1,1081.00,168.00,78.00,70.00,0.9285,1,1
229,2,885.00,110.00,20.00,25.00,0.3560,1,1
229,3,732.00,288.00,18.00,23.00,0.7397,1,1
229,5,965.00,290.00,35.00,24.00,0.8391,1,1
229,6,653.00,211.00,66.00,72.00,0.5809,1,1
229,13,1057.00,169.00,25.00,30.00,0.8262,1,1
229,23,725.00,0.00,66.00,30.00,0.6990,1,1
230,1,1081.00,168.00,78.00,70.00,0.9284,1,1
230,2,885.00,110.00,20.00,25.00,0.3586,1,1
230,3,732.00,288.00,18.00,23.00,0.7386,1,1
230,5,965.00,290.00,35.00,24.00,0.8393,1,1
230,6,653.00,211.00,66.00,72.00,0.5824,1,1
230,13,1057.00,169.00,24.00,30.00,0.8260,1,1
230,23,725.00,0.00,66.00,30.00,0.6991,1,1
231,1,1083.00,170.00,76.00,69.00,0.9305,1,1
231,2,886.00,105.00,19.00,24.00,0.3586,1,1
231,3,732.00,289.00,20.00,22.00,0.8354,1,1
231,5,966.00,290.00,34.00,24.00,0.8169,1,1
231,6,653.00,211.00,66.00,72.00,0.5824,1,1
231,13,1057.00,170.00,25.00,29.00,0.8197,1,1
231,23,722.00,0.00,66.00,30.00,0.6899,1,1
231,25,653.00,210.00,66.00,73.00,0.6531,1,1
232,1,1083.00,172.00,78.00,69.00,0.9351,1,1
232,2,878.00,90.00,24.00,27.00,0.8633,1,1
232,3,732.00,289.00,21.00,22.00,0.8449,1,1
232,5,966.00,290.00,35.00,24.00,0.7671,1,1
232,6,653.00,210.00,66.00,73.00,0.6596,1,1
232,13,1057.00,170.00,25.00,29.00,0.8196,1,1
232,18,1034.00,39.00,45.00,55.00,0.3187,1,1
232,23,717.00,0.00,68.00,30.00,0.7383,1,1
232,25,653.00,210.00,66.00,73.00,0.6531,1,1
233,1,1084.00,174.00,78.00,68.00,0.9400,1,1
233,2,876.00,87.00,25.00,25.00,0.6430,1,1
233,3,732.00,289.00,21.00,23.00,0.8608,1,1
233,5,966.00,291.00,36.00,24.00,0.6991,1,1
233,6,653.00,210.00,66.00,73.00,0.5791,1,1
233,13,1057.00,170.00,25.00,30.00,0.8110,1,1
233,14,1055.00,237.00,35.00,25.00,0.5353,1,1
233,18,1033.00,38.00,46.00,55.00,0.6426,1,1
233,23,714.00,0.00,68.00,30.00,0.7444,1,1
234,1,1084.00,176.00,78.00,67.00,0.9394,1,1
234,2,873.00,84.00,25.00,25.00,0.2974,1,1
234,3,733.00,289.00,20.00,23.00,0.8291,1,1
234,5,966.00,290.00,37.00,24.00,0.6991,1,1
234,6,653.00,210.00,66.00,73.00,0.5791,1,1
234,13,1057.00,170.00,25.00,30.00,0.7975,1,1
234,14,1046.00,235.00,26.00,22.00,0.6305,1,1
234,18,1032.00,38.00,46.00,54.00,0.5054,1,1
234,23,711.00,0.00,68.00,31.00,0.6565,1,1
234,25,652.00,210.00,67.00,73.00,0.4952,1,1
235,1,1085.00,178.00,78.00,68.00,0.9356,1,1
235,2,873.00,79.00,25.00,24.00,0.2974,1,1
235,3,733.00,289.00,21.00,23.00,0.8291,1,1
235,13,1058.00,170.00,23.00,29.00,0.8019,1,1
235,14,1047.00,237.00,25.00,22.00,0.6550,1,1
235,18,1031.00,38.00,46.00,53.00,0.4763,1,1
235,23,708.00,0.00,68.00,31.00,0.7307,1,1
235,25,653.00,210.00,67.00,74.00,0.3696,1,1
236,1,1085.00,178.00,78.00,68.00,0.9354,1,1
236,13,1057.00,170.00,24.00,29.00,0.8010,1,1
236,14,1047.00,237.00,25.00,22.00,0.6539,1,1
236,18,1031.00,38.00,46.00,53.00,0.4790,1,1
236,23,708.00,0.00,68.00,31.00,0.7312,1,1
236,25,652.00,209.00,67.00,75.00,0.3016,1,1
237,1,1085.00,179.00,79.00,70.00,0.9309,1,1
237,5,986.00,295.00,20.00,25.00,0.3175,1,1
237,13,1057.00,169.00,24.00,31.00,0.7931,1,1
237,14,1038.00,237.00,27.00,20.00,0.7234,1,1
237,18,1031.00,38.00,46.00,53.00,0.4790,1,1
237,23,705.00,0.00,68.00,31.00,0.6788,1,1
237,25,652.00,209.00,67.00,75.00,0.3016,1,1
238,1,1086.00,181.00,78.00,70.00,0.9217,1,1
238,5,966.00,300.00,34.00,26.00,0.5900,1,1
238,11,1038.00,240.00,33.00,22.00,0.2590,1,1
238,13,1055.00,167.00,24.00,31.00,0.8330,1,1
238,14,1030.00,239.00,34.00,19.00,0.6942,1,1
238,18,1029.00,35.00,46.00,54.00,0.6704,1,1
238,23,703.00,0.00,68.00,31.00,0.5532,1,1
239,1,1085.00,183.00,79.00,70.00,0.9287,1,1
239,3,966.00,304.00,32.00,27.00,0.7441,1,1
239,5,998.00,307.00,23.00,30.00,0.4138,1,1
239,11,1062.00,244.00,34.00,22.00,0.2590,1,1
239,13,1049.00,166.00,28.00,30.00,0.3001,1,1
239,14,1026.00,239.00,28.00,20.00,0.7879,1,1
239,18,1028.00,34.00,46.00,54.00,0.4496,1,1
239,23,701.00,0.00,68.00,31.00,0.6836,1,1
239,25,653.00,209.00,67.00,75.00,0.3014,1,1
240,1,1084.00,184.00,80.00,71.00,0.9249,1,1
240,3,964.00,311.00,31.00,27.00,0.2768,1,1
240,5,992.00,310.00,25.00,27.00,0.6208,1,1
240,13,1043.00,166.00,29.00,30.00,0.6127,1,1
240,14,1023.00,244.00,26.00,17.00,0.5292,1,1
240,18,1027.00,34.00,47.00,54.00,0.4496,1,1
240,23,699.00,0.00,69.00,32.00,0.7322,1,1
240,25,654.00,210.00,67.00,77.00,0.5315,1,1
241,1,1084.00,188.00,79.00,69.00,0.9398,1,1
241,3,984.00,313.00,32.00,27.00,0.2768,1,1
241,5,961.00,318.00,39.00,26.00,0.7416,1,1
241,13,1034.00,167.00,30.00,30.00,0.5806,1,1
241,14,1020.00,248.00,26.00,16.00,0.5292,1,1
241,23,696.00,0.00,70.00,32.00,0.7017,1,1
241,25,654.00,210.00,68.00,79.00,0.2911,1,1
242,1,1084.00,188.00,79.00,69.00,0.9394,1,1
242,5,961.00,318.00,39.00,26.00,0.7416,1,1
242,13,1034.00,166.00,30.00,31.00,0.5823,1,1
242,23,696.00,0.00,70.00,32.00,0.7017,1,1
242,25,654.00,210.00,68.00,79.00,0.2889,1,1
243,1,1084.00,191.00,78.00,70.00,0.9519,1,1
243,5,960.00,324.00,41.00,26.00,0.5122,1,1
243,11,1011.00,252.00,26.00,20.00,0.5206,1,1
243,13,1032.00,166.00,31.00,31.00,0.5823,1,1
243,23,695.00,0.00,69.00,33.00,0.5479,1,1
243,25,654.00,210.00,69.00,80.00,0.2889,1,1
244,1,1082.00,192.00,79.00,71.00,0.9398,1,1
244,5,958.00,329.00,45.00,28.00,0.7212,1,1
244,6,1084.00,240.00,20.00,26.00,0.3100,1,1
244,11,1026.00,256.00,27.00,19.00,0.5206,1,1
244,23,694.00,0.00,69.00,33.00,0.5497,1,1
245,1,1079.00,194.00,80.00,71.00,0.9338,1,1
245,5,955.00,334.00,46.00,29.00,0.8038,1,1
245,6,1114.00,242.00,17.00,23.00,0.3100,1,1
245,23,691.00,0.00,70.00,33.00,0.5630,1,1
246,1,1077.00,196.00,80.00,70.00,0.9290,1,1
246,2,855.00,97.00,24.00,22.00,0.8136,1,1
246,5,954.00,341.00,45.00,29.00,0.8401,1,1
246,6,1079.00,243.00,21.00,27.00,0.2856,1,1
246,11,996.00,270.00,28.00,22.00,0.7893,1,1
246,23,689.00,0.00,71.00,33.00,0.6441,1,1
247,1,1075.00,198.00,80.00,70.00,0.9298,1,1
247,2,854.00,97.00,23.00,23.00,0.8136,1,1
247,3,754.00,295.00,25.00,23.00,0.2888,1,1
247,5,954.00,347.00,43.00,27.00,0.8623,1,1
247,6,1105.00,244.00,20.00,26.00,0.2856,1,1
247,11,985.00,276.00,36.00,25.00,0.2543,1,1
247,18,1014.00,36.00,45.00,55.00,0.7158,1,1
247,23,688.00,0.00,70.00,33.00,0.6443,1,1
248,1,1075.00,198.00,80.00,70.00,0.9297,1,1
248,3,754.00,295.00,24.00,22.00,0.2937,1,1
248,5,954.00,347.00,43.00,27.00,0.8623,1,1
248,11,984.00,276.00,37.00,25.00,0.2548,1,1
248,18,1014.00,36.00,45.00,55.00,0.7122,1,1
248,23,688.00,0.00,70.00,33.00,0.6435,1,1
249,1,1072.00,199.00,81.00,68.00,0.9262,1,1
249,2,847.00,110.00,22.00,24.00,0.4328,1,1
249,3,765.00,276.00,28.00,27.00,0.6417,1,1
249,5,953.00,354.00,43.00,22.00,0.8170,1,1
249,11,990.00,279.00,39.00,27.00,0.2548,1,1
249,18,1011.00,40.00,45.00,54.00,0.7575,1,1
249,23,686.00,0.00,70.00,33.00,0.8053,1,1
250,1,1070.00,201.00,81.00,66.00,0.9185,1,1
250,2,845.00,112.00,22.00,23.00,0.4328,1,1
250,3,709.00,275.00,36.00,28.00,0.4185,1,1
250,5,951.00,359.00,43.00,25.00,0.8572,1,1
250,11,984.00,289.00,24.00,25.00,0.3509,1,1
250,18,1007.00,41.00,46.00,55.00,0.7764,1,1
250,23,685.00,0.00,70.00,32.00,0.6717,1,1
250,25,656.00,212.00,73.00,78.00,0.6034,1,1
251,1,1066.00,201.00,79.00,67.00,0.9212,1,1
251,3,700.00,273.00,38.00,29.00,0.4185,1,1
251,5,946.00,363.00,44.00,28.00,0.8357,1,1
251,11,981.00,296.00,24.00,23.00,0.6985,1,1
251,13,709.00,269.00,37.00,31.00,0.7976,1,1
251,18,1003.00,42.00,47.00,56.00,0.8847,1,1
251,23,683.00,0.00,71.00,32.00,0.5787,1,1
251,25,656.00,212.00,74.00,78.00,0.6863,1,1
252,1,1063.00,202.00,79.00,67.00,0.9376,1,1
252,5,945.00,368.00,41.00,30.00,0.8254,1,1
252,11,985.00,300.00,23.00,24.00,0.6985,1,1
252,13,712.00,264.00,36.00,34.00,0.8350,1,1
252,18,1000.00,45.00,47.00,55.00,0.7000,1,1
252,23,681.00,0.00,71.00,32.00,0.3896,1,1
252,25,656.00,212.00,76.00,78.00,0.7081,1,1
253,1,1060.00,202.00,81.00,68.00,0.9218,1,1
253,5,942.00,372.00,42.00,31.00,0.5779,1,1
253,11,974.00,301.00,23.00,24.00,0.3389,1,1
253,13,718.00,263.00,31.00,32.00,0.8102,1,1
253,18,998.00,47.00,45.00,55.00,0.7300,1,1
253,23,679.00,0.00,71.00,32.00,0.3896,1,1
253,25,657.00,212.00,78.00,77.00,0.5378,1,1
254,1,1060.00,202.00,81.00,68.00,0.9215,1,1
254,5,942.00,372.00,42.00,31.00,0.5752,1,1
254,6,802.00,165.00,22.00,28.00,0.8124,1,1
254,11,974.00,301.00,23.00,24.00,0.3304,1,1
254,13,718.00,263.00,31.00,32.00,0.8113,1,1
254,18,998.00,47.00,45.00,56.00,0.7381,1,1
254,25,657.00,213.00,78.00,76.00,0.5377,1,1
255,1,1057.00,203.00,80.00,67.00,0.9269,1,1
255,5,939.00,375.00,43.00,33.00,0.6904,1,1
255,6,795.00,159.00,22.00,29.00,0.8124,1,1
255,11,975.00,305.00,23.00,24.00,0.3304,1,1
255,13,720.00,262.00,28.00,31.00,0.8334,1,1
255,18,992.00,48.00,48.00,57.00,0.6573,1,1
255,25,659.00,214.00,77.00,72.00,0.6070,1,1
256,1,1053.00,204.00,79.00,67.00,0.9279,1,1
256,5,937.00,377.00,44.00,32.00,0.5632,1,1
256,11,968.00,307.00,27.00,23.00,0.6308,1,1
256,13,721.00,265.00,26.00,29.00,0.7174,1,1
256,18,987.00,51.00,49.00,56.00,0.6801,1,1
256,25,661.00,216.00,79.00,68.00,0.6868,1,1
257,1,1048.00,205.00,81.00,66.00,0.9240,1,1
257,3,910.00,191.00,30.00,33.00,0.2638,1,1
257,5,941.00,381.00,36.00,29.00,0.6392,1,1
257,11,967.00,309.00,27.00,22.00,0.7348,1,1
257,13,713.00,270.00,25.00,29.00,0.7174,1,1
257,18,983.00,53.00,48.00,56.00,0.6712,1,1
257,23,681.00,0.00,70.00,31.00,0.3760,1,1
257,25,663.00,216.00,78.00,66.00,0.7810,1,1
258,1,1043.00,207.00,83.00,64.00,0.9217,1,1
258,3,926.00,182.00,30.00,34.00,0.2638,1,1
258,5,939.00,384.00,37.00,29.00,0.6392,1,1
258,6,752.00,206.00,22.00,32.00,0.8183,1,1
258,11,967.00,312.00,27.00,22.00,0.7348,1,1
258,18,978.00,54.00,48.00,56.00,0.4041,1,1
258,23,683.00,0.00,71.00,31.00,0.4791,1,1
258,25,665.00,216.00,78.00,67.00,0.8079,1,1
259,1,1040.00,207.00,85.00,66.00,0.9349,1,1
259,3,914.00,203.00,26.00,32.00,0.6708,1,1
259,6,747.00,207.00,22.00,40.00,0.8785,1,1
259,18,972.00,54.00,49.00,57.00,0.8243,1,1
259,23,685.00,0.00,70.00,30.00,0.6579,1,1
259,25,666.00,217.00,74.00,65.00,0.7206,1,1
260,1,1040.00,207.00,85.00,65.00,0.9343,1,1
260,2,914.00,203.00,26.00,32.00,0.6682,1,1
260,3,928.00,199.00,26.00,33.00,0.6708,1,1
260,6,747.00,207.00,22.00,40.00,0.8788,1,1
260,18,972.00,54.00,49.00,57.00,0.8260,1,1
260,23,685.00,0.00,70.00,30.00,0.6569,1,1
260,25,666.00,217.00,74.00,65.00,0.7231,1,1
261,1,1036.00,208.00,88.00,66.00,0.9274,1,1
261,2,913.00,205.00,27.00,36.00,0.8725,1,1
261,6,745.00,209.00,22.00,41.00,0.8750,1,1
261,18,967.00,56.00,48.00,57.00,0.4640,1,1
261,23,688.00,0.00,70.00,29.00,0.5314,1,1
261,25,667.00,217.00,76.00,63.00,0.6867,1,1
262,1,1033.00,208.00,89.00,67.00,0.9257,1,1
262,2,913.00,206.00,25.00,35.00,0.8750,1,1
262,5,924.00,389.00,45.00,34.00,0.3784,1,1
262,6,745.00,212.00,21.00,40.00,0.8540,1,1
262,11,956.00,310.00,26.00,23.00,0.3153,1,1
262,18,960.00,60.00,50.00,54.00,0.6465,1,1
262,23,691.00,0.00,70.00,28.00,0.5594,1,1
262,25,669.00,217.00,75.00,64.00,0.6021,1,1
263,1,1030.00,209.00,86.00,66.00,0.9236,1,1
263,2,912.00,206.00,25.00,36.00,0.8964,1,1
263,5,922.00,392.00,46.00,34.00,0.3784,1,1
263,6,747.00,211.00,20.00,43.00,0.8491,1,1
263,11,956.00,312.00,26.00,23.00,0.3153,1,1
263,18,952.00,59.00,52.00,56.00,0.8412,1,1
263,23,696.00,1.00,70.00,28.00,0.6984,1,1
263,25,669.00,218.00,80.00,61.00,0.7530,1,1
264,1,1028.00,209.00,84.00,66.00,0.9343,1,1
264,2,912.00,208.00,23.00,33.00,0.9045,1,1
264,6,742.00,214.00,19.00,44.00,0.8491,1,1
264,13,749.00,212.00,20.00,42.00,0.8508,1,1
264,18,946.00,59.00,51.00,56.00,0.4815,1,1
264,23,699.00,1.00,71.00,28.00,0.7853,1,1
264,25,671.00,218.00,81.00,61.00,0.7569,1,1
265,1,1026.00,209.00,83.00,66.00,0.9472,1,1
265,2,912.00,209.00,24.00,32.00,0.9090,1,1
265,5,920.00,388.00,43.00,32.00,0.2548,1,1
265,13,754.00,213.00,23.00,44.00,0.8408,1,1
265,18,941.00,56.00,51.00,58.00,0.7558,1,1
265,23,704.00,1.00,71.00,28.00,0.7079,1,1
265,25,673.00,218.00,81.00,60.00,0.8405,1,1
266,1,1026.00,209.00,83.00,66.00,0.9473,1,1
266,2,912.00,209.00,24.00,32.00,0.9092,1,1
266,5,920.00,388.00,43.00,31.00,0.2502,1,1
266,13,754.00,213.00,23.00,44.00,0.8408,1,1
266,18,941.00,56.00,51.00,58.00,0.7542,1,1
266,23,705.00,1.00,70.00,28.00,0.7078,1,1
266,25,673.00,218.00,81.00,60.00,0.8408,1,1
266,27,729.00,21.00,36.00,30.00,0.3205,1,1
267,1,1025.00,208.00,83.00,66.00,0.9533,1,1
267,2,911.00,210.00,24.00,31.00,0.9191,1,1
267,5,919.00,390.00,43.00,31.00,0.2502,1,1
267,6,713.00,267.00,33.00,34.00,0.5857,1,1
267,13,761.00,211.00,22.00,44.00,0.7908,1,1
267,18,936.00,58.00,51.00,57.00,0.5595,1,1
267,23,708.00,1.00,72.00,28.00,0.7828,1,1
267,25,674.00,218.00,81.00,60.00,0.9031,1,1
267,27,729.00,21.00,36.00,30.00,0.3205,1,1
268,1,1024.00,208.00,83.00,65.00,0.9550,1,1
268,2,911.00,211.00,24.00,29.00,0.9160,1,1
268,6,713.00,268.00,33.00,33.00,0.6055,1,1
268,11,951.00,312.00,24.00,20.00,0.4675,1,1
268,13,768.00,212.00,26.00,41.00,0.8626,1,1
268,14,996.00,153.00,20.00,25.00,0.7068,1,1
268,18,930.00,57.00,53.00,57.00,0.7937,1,1
268,23,713.00,1.00,71.00,29.00,0.7506,1,1
268,25,675.00,218.00,81.00,60.00,0.8774,1,1
269,1,1023.00,207.00,83.00,66.00,0.9498,1,1
269,2,911.00,211.00,23.00,29.00,0.9199,1,1
269,6,714.00,268.00,34.00,33.00,0.3581,1,1
269,11,950.00,312.00,24.00,20.00,0.3914,1,1
269,13,776.00,211.00,28.00,39.00,0.8803,1,1
269,14,992.00,157.00,17.00,23.00,0.8648,1,1
269,18,925.00,57.00,54.00,57.00,0.7752,1,1
269,23,719.00,1.00,69.00,29.00,0.5435,1,1
269,25,676.00,218.00,79.00,60.00,0.8165,1,1
270,1,1023.00,206.00,83.00,66.00,0.9465,1,1
270,2,911.00,210.00,23.00,30.00,0.9205,1,1
270,6,715.00,269.00,33.00,32.00,0.5991,1,1
270,11,949.00,313.00,24.00,20.00,0.3914,1,1
270,13,787.00,210.00,26.00,37.00,0.8877,1,1
270,14,989.00,161.00,17.00,25.00,0.9033,1,1
270,18,921.00,59.00,54.00,54.00,0.5378,1,1
270,23,724.00,1.00,71.00,30.00,0.7047,1,1
270,25,677.00,218.00,79.00,59.00,0.7661,1,1
271,1,1022.00,205.00,84.00,66.00,0.9415,1,1
271,2,909.00,210.00,24.00,30.00,0.9100,1,1
271,6,715.00,268.00,34.00,33.00,0.6414,1,1
271,13,798.00,206.00,27.00,36.00,0.8978,1,1
271,14,987.00,162.00,16.00,25.00,0.8756,1,1
271,18,917.00,55.00,52.00,58.00,0.6263,1,1
271,23,729.00,0.00,70.00,32.00,0.7849,1,1
271,25,678.00,218.00,79.00,59.00,0.7826,1,1
272,1,1022.00,205.00,84.00,66.00,0.9417,1,1
272,2,909.00,210.00,24.00,30.00,0.9101,1,1
272,6,715.00,268.00,34.00,33.00,0.6413,1,1
272,13,798.00,206.00,27.00,36.00,0.8981,1,1
272,14,987.00,162.00,16.00,25.00,0.8760,1,1
272,18,917.00,54.00,53.00,59.00,0.6355,1,1
272,23,729.00,0.00,70.00,32.00,0.7872,1,1
272,25,678.00,218.00,79.00,59.00,0.7839,1,1
273,1,1022.00,203.00,84.00,65.00,0.9425,1,1
273,2,905.00,209.00,24.00,31.00,0.8898,1,1
273,6,716.00,268.00,34.00,33.00,0.6471,1,1
273,13,806.00,201.00,27.00,36.00,0.8941,1,1
273,14,986.00,165.00,16.00,25.00,0.8510,1,1
273,18,914.00,53.00,51.00,59.00,0.8051,1,1
273,23,733.00,0.00,70.00,32.00,0.6743,1,1
273,25,678.00,218.00,80.00,60.00,0.7017,1,1
274,1,1022.00,201.00,85.00,67.00,0.9444,1,1
274,2,903.00,209.00,21.00,30.00,0.8997,1,1
274,6,718.00,268.00,32.00,32.00,0.7065,1,1
274,13,815.00,196.00,26.00,36.00,0.9060,1,1
274,14,985.00,166.00,17.00,27.00,0.8875,1,1
274,18,911.00,59.00,51.00,52.00,0.7844,1,1
274,23,736.00,1.00,72.00,32.00,0.7032,1,1
274,25,677.00,218.00,82.00,60.00,0.7606,1,1
275,1,1022.00,200.00,85.00,67.00,0.9477,1,1
275,2,900.00,208.00,21.00,30.00,0.8910,1,1
275,6,718.00,267.00,33.00,32.00,0.3759,1,1
275,13,822.00,193.00,25.00,33.00,0.9009,1,1
275,14,986.00,168.00,16.00,27.00,0.8961,1,1
275,18,908.00,62.00,50.00,49.00,0.4943,1,1
275,23,740.00,0.00,71.00,34.00,0.7851,1,1
275,25,677.00,218.00,81.00,61.00,0.7428,1,1
276,1,1022.00,199.00,85.00,68.00,0.9512,1,1
276,2,895.00,207.00,23.00,31.00,0.9072,1,1
276,6,719.00,268.00,32.00,31.00,0.3874,1,1
276,13,827.00,191.00,24.00,32.00,0.9007,1,1
276,14,987.00,170.00,16.00,26.00,0.8951,1,1
276,18,908.00,54.00,48.00,56.00,0.4269,1,1
276,23,744.00,0.00,70.00,35.00,0.6938,1,1
276,25,678.00,218.00,81.00,61.00,0.7867,1,1
277,1,1022.00,198.00,85.00,68.00,0.9514,1,1
277,2,889.00,204.00,24.00,34.00,0.8931,1,1
277,6,719.00,268.00,32.00,31.00,0.4294,1,1
277,11,950.00,308.00,24.00,23.00,0.5217,1,1
277,13,831.00,189.00,23.00,32.00,0.9146,1,1
277,14,987.00,169.00,18.00,28.00,0.9033,1,1
277,18,905.00,54.00,47.00,56.00,0.4269,1,1
277,23,747.00,1.00,69.00,34.00,0.5782,1,1
277,25,679.00,217.00,80.00,62.00,0.7983,1,1
278,1,1022.00,198.00,85.00,68.00,0.9515,1,1
278,2,889.00,204.00,24.00,34.00,0.8930,1,1
278,6,719.00,268.00,32.00,31.00,0.4408,1,1
278,11,950.00,308.00,24.00,23.00,0.5210,1,1
278,13,831.00,189.00,23.00,32.00,0.9145,1,1
278,14,987.00,169.00,18.00,28.00,0.9035,1,1
278,23,747.00,1.00,69.00,34.00,0.5780,1,1
278,25,679.00,218.00,80.00,61.00,0.7999,1,1
279,1,1022.00,197.00,85.00,68.00,0.9518,1,1
279,2,885.00,203.00,23.00,34.00,0.8861,1,1
279,6,720.00,269.00,31.00,30.00,0.5169,1,1
279,11,951.00,306.00,26.00,24.00,0.6885,1,1
279,13,833.00,187.00,23.00,32.00,0.9172,1,1
279,14,988.00,168.00,17.00,28.00,0.8984,1,1
279,23,750.00,1.00,69.00,35.00,0.3988,1,1
279,25,680.00,217.00,80.00,62.00,0.8566,1,1
280,1,1022.00,196.00,85.00,68.00,0.9506,1,1
280,2,880.00,203.00,23.00,35.00,0.8757,1,1
280,6,720.00,269.00,31.00,29.00,0.5843,1,1
280,11,950.00,306.00,27.00,23.00,0.8324,1,1
280,13,834.00,186.00,23.00,33.00,0.9159,1,1
280,14,989.00,169.00,17.00,27.00,0.9085,1,1
280,23,751.00,1.00,70.00,35.00,0.4942,1,1
280,25,680.00,218.00,80.00,62.00,0.8845,1,1
281,1,1021.00,195.00,86.00,68.00,0.9482,1,1
281,2,875.00,202.00,23.00,35.00,0.8939,1,1
281,6,720.00,269.00,31.00,29.00,0.5665,1,1
281,11,951.00,304.00,29.00,24.00,0.8310,1,1
281,13,835.00,188.00,23.00,34.00,0.9160,1,1
281,14,990.00,170.00,17.00,26.00,0.9113,1,1
281,23,755.00,1.00,67.00,35.00,0.5526,1,1
281,25,681.00,218.00,79.00,62.00,0.8888,1,1
282,1,1022.00,195.00,86.00,67.00,0.9481,1,1
282,2,869.00,202.00,24.00,35.00,0.8934,1,1
282,6,721.00,270.00,30.00,29.00,0.6053,1,1
282,11,954.00,301.00,26.00,26.00,0.8199,1,1
282,13,834.00,190.00,24.00,35.00,0.9212,1,1
282,14,990.00,170.00,17.00,27.00,0.9098,1,1
282,23,756.00,1.00,69.00,35.00,0.5145,1,1
282,25,681.00,218.00,78.00,62.00,0.8915,1,1
283,1,1023.00,193.00,85.00,69.00,0.9514,1,1
283,2,863.00,203.00,24.00,34.00,0.8879,1,1
283,6,721.00,270.00,30.00,29.00,0.6366,1,1
283,11,956.00,296.00,22.00,25.00,0.8179,1,1
283,13,833.00,193.00,24.00,33.00,0.9103,1,1
283,14,990.00,170.00,17.00,27.00,0.9121,1,1
283,23,758.00,1.00,69.00,35.00,0.6210,1,1
283,25,681.00,217.00,78.00,64.00,0.8897,1,1
284,1,1023.00,193.00,85.00,69.00,0.9514,1,1
284,2,863.00,203.00,24.00,34.00,0.8881,1,1
284,6,721.00,270.00,30.00,29.00,0.6344,1,1
284,11,956.00,296.00,22.00,25.00,0.8145,1,1
284,13,833.00,193.00,24.00,33.00,0.9102,1,1
284,14,990.00,170.00,17.00,27.00,0.9120,1,1
284,23,758.00,1.00,69.00,35.00,0.6223,1,1
284,25,681.00,217.00,78.00,64.00,0.8897,1,1
285,1,1025.00,193.00,83.00,68.00,0.9546,1,1
285,2,859.00,203.00,23.00,34.00,0.8928,1,1
285,3,918.00,374.00,51.00,35.00,0.5333,1,1
285,5,957.00,283.00,26.00,31.00,0.2603,1,1
285,6,720.00,270.00,31.00,29.00,0.5960,1,1
285,11,956.00,295.00,22.00,25.00,0.8145,1,1
285,13,831.00,194.00,23.00,35.00,0.9046,1,1
285,14,990.00,170.00,17.00,27.00,0.9100,1,1
285,23,759.00,0.00,68.00,37.00,0.6113,1,1
285,25,681.00,218.00,78.00,63.00,0.8892,1,1
286,1,1027.00,191.00,82.00,67.00,0.9544,1,1
286,2,855.00,200.00,23.00,37.00,0.8990,1,1
286,3,919.00,366.00,53.00,37.00,0.4272,1,1
286,5,959.00,278.00,25.00,31.00,0.2603,1,1
286,6,721.00,270.00,30.00,29.00,0.6090,1,1
286,11,958.00,278.00,29.00,27.00,0.4091,1,1
286,13,829.00,199.00,24.00,33.00,0.8294,1,1
286,14,990.00,170.00,17.00,28.00,0.9001,1,1
286,23,759.00,0.00,69.00,36.00,0.6144,1,1
286,25,681.00,218.00,78.00,62.00,0.8825,1,1
287,1,1029.00,190.00,80.00,66.00,0.9459,1,1
287,2,850.00,201.00,23.00,34.00,0.8949,1,1
287,3,917.00,372.00,56.00,39.00,0.4272,1,1
287,6,722.00,269.00,30.00,29.00,0.4589,1,1
287,11,959.00,275.00,29.00,27.00,0.4091,1,1
287,13,826.00,203.00,24.00,31.00,0.7532,1,1
287,14,990.00,170.00,17.00,28.00,0.9003,1,1
287,23,759.00,0.00,69.00,36.00,0.6324,1,1
287,25,682.00,218.00,76.00,63.00,0.8677,1,1
288,1,1032.00,188.00,79.00,67.00,0.9420,1,1
288,2,847.00,200.00,22.00,35.00,0.9126,1,1
288,5,933.00,353.00,44.00,27.00,0.7723,1,1
288,6,721.00,269.00,31.00,29.00,0.3883,1,1
288,11,969.00,272.00,28.00,23.00,0.8312,1,1
288,13,821.00,206.00,23.00,31.00,0.2648,1,1
288,14,990.00,171.00,17.00,28.00,0.8968,1,1
288,23,759.00,1.00,69.00,35.00,0.6651,1,1
288,25,682.00,217.00,77.00,63.00,0.8837,1,1
289,1,1036.00,187.00,76.00,66.00,0.9451,1,1
289,2,843.00,197.00,22.00,39.00,0.9205,1,1
289,5,937.00,336.00,40.00,28.00,0.3566,1,1
289,6,722.00,269.00,30.00,28.00,0.3835,1,1
289,11,978.00,266.00,30.00,21.00,0.8653,1,1
289,13,819.00,208.00,23.00,29.00,0.3553,1,1
289,14,990.00,171.00,17.00,29.00,0.8963,1,1
289,23,758.00,1.00,69.00,35.00,0.6531,1,1
289,25,683.00,217.00,76.00,62.00,0.8908,1,1
290,1,1036.00,187.00,76.00,66.00,0.9452,1,1
290,2,843.00,197.00,22.00,39.00,0.9206,1,1
290,5,937.00,336.00,40.00,28.00,0.3520,1,1
290,6,722.00,270.00,30.00,27.00,0.3791,1,1
290,11,978.00,266.00,30.00,21.00,0.8653,1,1
290,13,819.00,208.00,23.00,29.00,0.3573,1,1
290,14,990.00,171.00,17.00,29.00,0.8964,1,1
290,23,758.00,1.00,69.00,35.00,0.6515,1,1
290,25,683.00,217.00,76.00,62.00,0.8907,1,1
291,1,1039.00,185.00,76.00,67.00,0.9444,1,1
291,2,839.00,198.00,23.00,37.00,0.9018,1,1
291,5,935.00,327.00,50.00,26.00,0.6386,1,1
291,6,722.00,270.00,30.00,28.00,0.3791,1,1
291,11,989.00,261.00,28.00,22.00,0.7058,1,1
291,13,814.00,206.00,23.00,35.00,0.7365,1,1
291,14,991.00,172.00,16.00,27.00,0.9018,1,1
291,18,906.00,50.00,53.00,60.00,0.4581,1,1
291,23,754.00,1.00,72.00,35.00,0.6234,1,1
291,25,683.00,217.00,76.00,62.00,0.8745,1,1
292,1,1042.00,183.00,74.00,68.00,0.9441,1,1
292,2,837.00,196.00,23.00,39.00,0.9019,1,1
292,5,951.00,317.00,37.00,25.00,0.4939,1,1
292,11,1000.00,256.00,25.00,23.00,0.5035,1,1
292,13,812.00,209.00,23.00,33.00,0.7860,1,1
292,14,993.00,173.00,15.00,26.00,0.9034,1,1
292,18,907.00,51.00,56.00,59.00,0.8512,1,1
292,23,753.00,1.00,71.00,34.00,0.5179,1,1
292,25,683.00,216.00,77.00,62.00,0.8243,1,1
293,1,1045.00,183.00,76.00,67.00,0.9350,1,1
293,2,836.00,196.00,23.00,39.00,0.9026,1,1
293,3,957.00,303.00,35.00,26.00,0.8478,1,1
293,5,988.00,314.00,23.00,24.00,0.2789,1,1
293,6,790.00,337.00,17.00,31.00,0.3352,1,1
293,11,1004.00,253.00,26.00,22.00,0.5035,1,1
293,13,809.00,209.00,24.00,33.00,0.8745,1,1
293,14,995.00,175.00,16.00,24.00,0.8947,1,1
293,18,912.00,51.00,55.00,59.00,0.8500,1,1
293,23,750.00,1.00,70.00,34.00,0.5296,1,1
293,25,683.00,215.00,78.00,63.00,0.7590,1,1
294,1,1049.00,182.00,73.00,66.00,0.9329,1,1
294,2,837.00,194.00,24.00,41.00,0.8936,1,1
294,3,959.00,295.00,48.00,29.00,0.8650,1,1
294,5,992.00,316.00,24.00,22.00,0.2789,1,1
294,6,797.00,344.00,16.00,31.00,0.3352,1,1
294,13,807.00,208.00,24.00,34.00,0.8843,1,1
294,14,999.00,177.00,16.00,24.00,0.8901,1,1
294,18,917.00,52.00,54.00,59.00,0.8390,1,1
294,23,745.00,1.00,72.00,33.00,0.4701,1,1
294,25,683.00,215.00,79.00,62.00,0.7978,1,1
295,1,1052.00,181.00,72.00,67.00,0.9407,1,1
295,2,839.00,195.00,25.00,37.00,0.8897,1,1
295,3,962.00,294.00,49.00,30.00,0.8650,1,1
295,11,973.00,292.00,38.00,24.00,0.5362,1,1
295,13,806.00,205.00,24.00,36.00,0.8950,1,1
295,14,1002.00,177.00,18.00,27.00,0.9222,1,1
295,18,922.00,52.00,53.00,61.00,0.9024,1,1
295,23,740.00,0.00,73.00,32.00,0.7065,1,1
295,25,683.00,215.00,78.00,61.00,0.8046,1,1
296,1,1052.00,181.00,72.00,67.00,0.9411,1,1
296,2,839.00,195.00,25.00,37.00,0.8898,1,1
296,11,973.00,292.00,38.00,24.00,0.5101,1,1
296,13,806.00,205.00,24.00,36.00,0.8950,1,1
296,14,1002.00,177.00,18.00,27.00,0.9221,1,1
296,18,922.00,52.00,53.00,61.00,0.9017,1,1
296,23,740.00,0.00,72.00,32.00,0.7079,1,1
296,25,683.00,215.00,78.00,61.00,0.8014,1,1
297,1,1055.00,180.00,70.00,67.00,0.9432,1,1
297,2,846.00,194.00,24.00,37.00,0.8870,1,1
297,11,979.00,292.00,41.00,22.00,0.8196,1,1
297,13,805.00,203.00,25.00,36.00,0.9139,1,1
297,14,1005.00,179.00,19.00,27.00,0.8999,1,1
297,18,927.00,53.00,53.00,60.00,0.9394,1,1
297,23,736.00,1.00,73.00,30.00,0.7396,1,1
297,25,683.00,213.00,76.00,64.00,0.7771,1,1
298,1,1058.00,178.00,73.00,68.00,0.9451,1,1
298,2,857.00,190.00,23.00,36.00,0.8764,1,1
298,11,991.00,291.00,34.00,24.00,0.8672,1,1
298,13,804.00,202.00,25.00,34.00,0.9120,1,1
298,14,1010.00,181.00,19.00,28.00,0.8363,1,1
298,18,932.00,55.00,53.00,60.00,0.9029,1,1
298,23,731.00,1.00,72.00,30.00,0.7069,1,1
298,25,684.00,212.00,75.00,65.00,0.4937,1,1
299,1,1062.00,178.00,71.00,66.00,0.9421,1,1
299,2,868.00,187.00,24.00,37.00,0.8364,1,1
299,5,1044.00,251.00,27.00,14.00,0.3497,1,1
299,11,999.00,295.00,30.00,23.00,0.8435,1,1
299,13,804.00,201.00,23.00,34.00,0.9110,1,1
299,14,1015.00,185.00,20.00,27.00,0.8716,1,1
299,18,938.00,58.00,52.00,59.00,0.9338,1,1
299,23,724.00,1.00,73.00,28.00,0.7739,1,1
299,25,685.00,209.00,74.00,69.00,0.8062,1,1
300,1,1064.00,177.00,72.00,67.00,0.9476,1,1
300,2,870.00,185.00,23.00,38.00,0.8364,1,1
300,5,1051.00,245.00,27.00,13.00,0.3497,1,1
300,6,821.00,392.00,32.00,41.00,0.6245,1,1
300,11,1004.00,301.00,29.00,24.00,0.8653,1,1
300,13,802.00,200.00,25.00,33.00,0.9102,1,1
300,14,1018.00,187.00,20.00,29.00,0.5769,1,1
300,18,944.00,60.00,51.00,60.00,0.9312,1,1
300,23,718.00,0.00,71.00,28.00,0.7710,1,1
300,25,686.00,206.00,69.00,72.00,0.7601,1,1
301,1,1067.00,176.00,71.00,67.00,0.9479,1,1
301,3,821.00,397.00,28.00,35.00,0.3526,1,1
301,6,826.00,400.00,34.00,42.00,0.6245,1,1
301,11,1007.00,308.00,26.00,20.00,0.8926,1,1
301,13,800.00,198.00,25.00,32.00,0.8988,1,1
301,14,1020.00,188.00,20.00,29.00,0.5769,1,1
301,18,949.00,62.00,52.00,61.00,0.8718,1,1
301,23,711.00,1.00,72.00,27.00,0.8186,1,1
301,25,685.00,204.00,69.00,75.00,0.8563,1,1
302,1,1067.00,176.00,71.00,67.00,0.9478,1,1
302,3,821.00,397.00,28.00,35.00,0.3516,1,1
302,11,1007.00,308.00,26.00,20.00,0.8926,1,1
302,13,800.00,198.00,25.00,32.00,0.8987,1,1
302,18,949.00,62.00,52.00,61.00,0.8753,1,1
302,23,711.00,1.00,72.00,27.00,0.8181,1,1
302,25,685.00,204.00,69.00,75.00,0.8569,1,1
303,1,1070.00,174.00,70.00,67.00,0.9488,1,1
303,3,820.00,407.00,35.00,28.00,0.3087,1,1
303,11,1008.00,312.00,21.00,17.00,0.8517,1,1
303,13,797.00,195.00,25.00,32.00,0.8830,1,1
303,14,914.00,194.00,25.00,31.00,0.8689,1,1
303,18,955.00,66.00,51.00,60.00,0.8619,1,1
303,23,706.00,0.00,70.00,29.00,0.6169,1,1
303,25,686.00,203.00,69.00,75.00,0.8904,1,1
304,1,1073.00,173.00,69.00,67.00,0.9424,1,1
304,2,928.00,198.00,25.00,35.00,0.3846,1,1
304,3,812.00,416.00,37.00,27.00,0.3087,1,1
304,11,1011.00,315.00,19.00,16.00,0.8517,1,1
304,13,791.00,192.00,25.00,33.00,0.9011,1,1
304,14,905.00,195.00,26.00,32.00,0.8689,1,1
304,18,961.00,69.00,51.00,61.00,0.7456,1,1
304,23,701.00,0.00,68.00,28.00,0.7193,1,1
304,25,684.00,201.00,70.00,76.00,0.9179,1,1
305,1,1075.00,173.00,70.00,66.00,0.9428,1,1
305,2,941.00,205.00,23.00,34.00,0.8176,1,1
305,13,786.00,192.00,26.00,31.00,0.8868,1,1
305,18,967.00,73.00,50.00,62.00,0.8939,1,1
305,23,698.00,0.00,59.00,35.00,0.2996,1,1
305,25,682.00,201.00,70.00,73.00,0.9197,1,1
306,1,1077.00,172.00,70.00,67.00,0.9405,1,1
306,2,952.00,216.00,22.00,31.00,0.3718,1,1
306,13,780.00,189.00,25.00,33.00,0.8760,1,1
306,18,973.00,75.00,49.00,62.00,0.8607,1,1
306,23,689.00,0.00,63.00,38.00,0.4465,1,1
306,25,679.00,200.00,72.00,73.00,0.9177,1,1
307,1,1078.00,171.00,70.00,67.00,0.9435,1,1
307,2,960.00,218.00,22.00,31.00,0.3718,1,1
307,13,772.00,183.00,23.00,35.00,0.8730,1,1
307,14,961.00,219.00,20.00,36.00,0.7996,1,1
307,18,979.00,79.00,49.00,61.00,0.8044,1,1
307,23,684.00,0.00,61.00,39.00,0.3387,1,1
307,25,676.00,200.00,74.00,69.00,0.9078,1,1
308,1,1078.00,171.00,70.00,67.00,0.9436,1,1
308,13,772.00,183.00,23.00,35.00,0.8730,1,1
308,14,961.00,219.00,20.00,36.00,0.8005,1,1
308,18,979.00,79.00,49.00,61.00,0.8031,1,1
308,23,684.00,0.00,61.00,39.00,0.3401,1,1
308,25,676.00,200.00,74.00,69.00,0.9076,1,1
309,1,1079.00,171.00,71.00,66.00,0.9462,1,1
309,2,967.00,227.00,21.00,32.00,0.7669,1,1
309,13,768.00,183.00,21.00,34.00,0.8598,1,1
309,14,961.00,222.00,21.00,37.00,0.8005,1,1
309,18,985.00,80.00,48.00,62.00,0.8527,1,1
309,23,680.00,0.00,58.00,40.00,0.4266,1,1
309,25,674.00,200.00,75.00,68.00,0.9038,1,1
310,1,1079.00,170.00,71.00,67.00,0.9459,1,1
310,2,973.00,230.00,22.00,31.00,0.7669,1,1
310,13,760.00,184.00,24.00,32.00,0.8223,1,1
310,18,989.00,84.00,51.00,59.00,0.8301,1,1
310,23,676.00,0.00,59.00,39.00,0.6245,1,1
310,25,671.00,200.00,75.00,65.00,0.9097,1,1
311,1,1079.00,169.00,71.00,68.00,0.9432,1,1
311,13,756.00,182.00,25.00,33.00,0.8223,1,1
311,18,995.00,86.00,50.00,59.00,0.8113,1,1
311,23,674.00,1.00,54.00,38.00,0.7657,1,1
311,25,668.00,201.00,75.00,63.00,0.9111,1,1
312,1,1079.00,169.00,71.00,67.00,0.9422,1,1
312,18,1000.00,87.00,49.00,58.00,0.8557,1,1
312,23,671.00,1.00,54.00,36.00,0.8228,1,1
312,25,666.00,201.00,73.00,63.00,0.8970,1,1
313,1,1079.00,169.00,71.00,67.00,0.9455,1,1
313,2,1032.00,198.00,15.00,31.00,0.5049,1,1
313,6,685.00,254.00,44.00,30.00,0.3251,1,1
313,18,1004.00,87.00,49.00,59.00,0.6594,1,1
313,23,666.00,0.00,56.00,36.00,0.6896,1,1
313,25,662.00,201.00,75.00,60.00,0.8287,1,1
314,1,1079.00,169.00,71.00,67.00,0.9453,1,1
314,2,1032.00,198.00,15.00,31.00,0.4885,1,1
314,6,685.00,254.00,43.00,30.00,0.3175,1,1
314,18,1004.00,87.00,49.00,59.00,0.6614,1,1
314,23,667.00,0.00,55.00,36.00,0.6864,1,1
314,25,662.00,201.00,75.00,60.00,0.8300,1,1
315,1,1079.00,169.00,70.00,67.00,0.9480,1,1
315,2,1041.00,197.00,14.00,31.00,0.4885,1,1
315,6,679.00,250.00,44.00,29.00,0.3175,1,1
315,13,752.00,176.00,17.00,32.00,0.6732,1,1
315,18,1008.00,88.00,50.00,58.00,0.7406,1,1
315,23,663.00,0.00,55.00,36.00,0.6864,1,1
315,25,657.00,201.00,77.00,60.00,0.8478,1,1
316,1,1078.00,169.00,70.00,68.00,0.9453,1,1
316,13,754.00,172.00,19.00,34.00,0.6120,1,1
316,18,1010.00,89.00,50.00,58.00,0.9025,1,1
316,25,653.00,202.00,78.00,57.00,0.8340,1,1
317,1,1078.00,169.00,69.00,68.00,0.9479,1,1
317,13,752.00,171.00,18.00,33.00,0.6120,1,1
317,18,1013.00,88.00,49.00,60.00,0.8925,1,1
317,25,650.00,202.00,76.00,56.00,0.8234,1,1
318,1,1077.00,169.00,69.00,68.00,0.9463,1,1
318,14,991.00,220.00,18.00,31.00,0.3337,1,1
318,18,1014.00,89.00,49.00,61.00,0.8606,1,1
318,25,646.00,201.00,77.00,57.00,0.8492,1,1
319,1,1077.00,169.00,68.00,67.00,0.9461,1,1
319,14,994.00,219.00,18.00,30.00,0.4667,1,1
319,18,1015.00,89.00,48.00,63.00,0.8851,1,1
319,25,642.00,200.00,78.00,58.00,0.8812,1,1
320,1,1077.00,169.00,68.00,67.00,0.9464,1,1
320,14,994.00,219.00,18.00,29.00,0.4688,1,1
320,18,1015.00,89.00,48.00,63.00,0.8851,1,1
320,25,642.00,200.00,78.00,58.00,0.8812,1,1
321,1,1075.00,169.00,70.00,67.00,0.9472,1,1
321,13,771.00,156.00,19.00,27.00,0.6217,1,1
321,14,996.00,220.00,18.00,29.00,0.4688,1,1
321,18,1016.00,91.00,47.00,63.00,0.9139,1,1
321,25,639.00,200.00,77.00,58.00,0.8992,1,1
322,1,1075.00,170.00,69.00,65.00,0.9423,1,1
322,13,773.00,154.00,18.00,26.00,0.6069,1,1
322,14,1000.00,218.00,18.00,27.00,0.6569,1,1
322,18,1015.00,94.00,48.00,62.00,0.9069,1,1
322,25,635.00,201.00,78.00,56.00,0.9005,1,1
323,1,1073.00,170.00,70.00,65.00,0.9392,1,1
323,13,774.00,153.00,19.00,26.00,0.4616,1,1
323,14,1002.00,215.00,18.00,28.00,0.3558,1,1
323,18,1013.00,96.00,49.00,62.00,0.8983,1,1
323,25,633.00,201.00,78.00,55.00,0.9219,1,1
324,1,1073.00,169.00,70.00,66.00,0.9336,1,1
324,13,775.00,151.00,18.00,26.00,0.4616,1,1
324,14,1005.00,215.00,17.00,27.00,0.3558,1,1
324,18,1012.00,97.00,48.00,63.00,0.8784,1,1
324,25,630.00,201.00,78.00,55.00,0.9308,1,1
325,1,1072.00,169.00,69.00,66.00,0.9303,1,1
325,13,777.00,148.00,17.00,28.00,0.3063,1,1
325,18,1009.00,100.00,50.00,64.00,0.8593,1,1
325,25,627.00,200.00,79.00,57.00,0.9344,1,1
326,1,1072.00,169.00,69.00,66.00,0.9302,1,1
326,13,777.00,147.00,18.00,29.00,0.3058,1,1
326,18,1009.00,100.00,50.00,64.00,0.8579,1,1
326,25,627.00,200.00,79.00,57.00,0.9343,1,1
327,1,1070.00,169.00,70.00,66.00,0.9331,1,1
327,13,778.00,143.00,18.00,27.00,0.7440,1,1
327,18,1007.00,102.00,51.00,64.00,0.8802,1,1
327,25,625.00,201.00,78.00,56.00,0.9224,1,1
328,1,1068.00,169.00,71.00,67.00,0.9392,1,1
328,13,780.00,143.00,19.00,25.00,0.8616,1,1
328,18,1005.00,105.00,50.00,63.00,0.8948,1,1
328,25,622.00,201.00,79.00,56.00,0.8999,1,1
329,1,1068.00,170.00,70.00,66.00,0.9482,1,1
329,13,780.00,139.00,19.00,26.00,0.8676,1,1
329,18,1003.00,107.00,50.00,64.00,0.9100,1,1
329,25,619.00,202.00,80.00,55.00,0.8719,1,1
330,1,1066.00,170.00,71.00,66.00,0.9430,1,1
330,2,613.00,134.00,19.00,35.00,0.2729,1,1
330,13,780.00,137.00,19.00,25.00,0.8611,1,1
330,18,1001.00,109.00,51.00,63.00,0.8718,1,1
330,25,618.00,202.00,80.00,55.00,0.8843,1,1
331,1,1064.00,171.00,72.00,65.00,0.9445,1,1
331,2,590.00,131.00,20.00,35.00,0.2729,1,1
331,6,614.00,129.00,20.00,39.00,0.8117,1,1
331,13,780.00,134.00,18.00,26.00,0.4135,1,1
331,18,1001.00,109.00,49.00,64.00,0.5477,1,1
331,25,619.00,202.00,79.00,55.00,0.8623,1,1
332,1,1064.00,171.00,72.00,65.00,0.9445,1,1
332,6,614.00,129.00,20.00,38.00,0.7960,1,1
332,13,780.00,134.00,18.00,26.00,0.4282,1,1
332,18,1001.00,109.00,49.00,64.00,0.5454,1,1
332,25,619.00,202.00,79.00,55.00,0.8579,1,1
333,1,1062.00,171.00,73.00,64.00,0.9410,1,1
333,6,614.00,127.00,20.00,40.00,0.8577,1,1
333,13,780.00,131.00,19.00,26.00,0.4282,1,1
333,18,1000.00,111.00,50.00,64.00,0.5454,1,1
333,25,618.00,202.00,79.00,55.00,0.8514,1,1
334,1,1060.00,171.00,75.00,63.00,0.9442,1,1
334,6,614.00,127.00,21.00,38.00,0.6690,1,1
334,11,998.00,300.00,19.00,13.00,0.5587,1,1
334,13,780.00,134.00,20.00,24.00,0.4537,1,1
334,18,999.00,108.00,49.00,63.00,0.5096,1,1
334,25,617.00,202.00,80.00,55.00,0.8605,1,1
335,1,1058.00,171.00,76.00,63.00,0.9461,1,1
335,2,615.00,128.00,20.00,38.00,0.7147,1,1
335,6,611.00,123.00,21.00,39.00,0.6690,1,1
335,11,998.00,299.00,20.00,13.00,0.6814,1,1
335,13,780.00,134.00,21.00,25.00,0.8480,1,1
335,14,971.00,215.00,26.00,30.00,0.3166,1,1
335,18,998.00,106.00,49.00,63.00,0.8238,1,1
335,25,616.00,202.00,80.00,55.00,0.8371,1,1
336,1,1057.00,170.00,77.00,63.00,0.9412,1,1
336,2,610.00,126.00,20.00,39.00,0.7147,1,1
336,6,615.00,128.00,21.00,38.00,0.5982,1,1
336,11,998.00,296.00,18.00,15.00,0.2916,1,1
336,13,780.00,135.00,23.00,25.00,0.8851,1,1
336,14,969.00,215.00,27.00,31.00,0.3166,1,1
336,18,996.00,104.00,49.00,64.00,0.8045,1,1
336,25,616.00,202.00,78.00,54.00,0.8326,1,1
337,1,1055.00,170.00,79.00,64.00,0.9423,1,1
337,6,616.00,127.00,21.00,38.00,0.5952,1,1
337,11,996.00,295.00,19.00,15.00,0.6957,1,1
337,13,781.00,137.00,24.00,24.00,0.8764,1,1
337,18,996.00,103.00,48.00,64.00,0.2597,1,1
337,25,616.00,203.00,78.00,53.00,0.8682,1,1
338,1,1055.00,170.00,79.00,64.00,0.9422,1,1
338,6,616.00,127.00,21.00,38.00,0.5813,1,1
338,11,996.00,295.00,19.00,15.00,0.6864,1,1
338,13,781.00,137.00,24.00,24.00,0.8761,1,1
338,18,996.00,103.00,48.00,64.00,0.2586,1,1
338,25,616.00,203.00,78.00,53.00,0.8683,1,1
339,1,1053.00,170.00,80.00,64.00,0.9425,1,1
339,6,616.00,127.00,24.00,40.00,0.6005,1,1
339,11,994.00,292.00,18.00,17.00,0.6959,1,1
339,13,781.00,137.00,25.00,26.00,0.8808,1,1
339,18,994.00,101.00,49.00,65.00,0.4309,1,1
339,25,615.00,202.00,79.00,55.00,0.8575,1,1
340,1,1052.00,170.00,81.00,64.00,0.9230,1,1
340,6,617.00,125.00,25.00,39.00,0.4528,1,1
340,11,992.00,290.00,22.00,17.00,0.7952,1,1
340,13,781.00,138.00,26.00,27.00,0.8826,1,1
340,14,984.00,219.00,20.00,29.00,0.7914,1,1
340,18,992.00,101.00,50.00,63.00,0.6522,1,1
340,25,615.00,202.00,79.00,55.00,0.7985,1,1
341,1,1050.00,171.00,83.00,62.00,0.9159,1,1
341,6,618.00,127.00,25.00,36.00,0.6970,1,1
341,11,989.00,287.00,22.00,20.00,0.8867,1,1
341,13,781.00,139.00,27.00,26.00,0.8805,1,1
341,14,978.00,213.00,20.00,32.00,0.6389,1,1
341,18,990.00,99.00,51.00,63.00,0.7779,1,1
341,25,617.00,203.00,78.00,54.00,0.7500,1,1
342,1,1050.00,170.00,81.00,63.00,0.9147,1,1
342,6,619.00,126.00,24.00,36.00,0.5477,1,1
342,11,985.00,284.00,23.00,23.00,0.8603,1,1
342,13,781.00,139.00,27.00,26.00,0.8807,1,1
342,14,973.00,212.00,20.00,32.00,0.8524,1,1
342,18,989.00,97.00,51.00,63.00,0.6948,1,1
342,25,616.00,203.00,79.00,54.00,0.7336,1,1
343,1,1049.00,169.00,79.00,64.00,0.9090,1,1
343,6,620.00,124.00,24.00,38.00,0.4340,1,1
343,11,983.00,282.00,23.00,24.00,0.8384,1,1
343,13,782.00,140.00,26.00,26.00,0.8790,1,1
343,14,968.00,212.00,19.00,29.00,0.8777,1,1
343,18,988.00,95.00,50.00,63.00,0.7767,1,1
343,25,616.00,203.00,79.00,55.00,0.7076,1,1
344,1,1049.00,169.00,79.00,64.00,0.9102,1,1
344,6,620.00,124.00,24.00,38.00,0.4166,1,1
344,11,983.00,282.00,23.00,24.00,0.8390,1,1
344,13,782.00,140.00,26.00,26.00,0.8786,1,1
344,14,968.00,212.00,19.00,29.00,0.8777,1,1
344,18,988.00,95.00,50.00,63.00,0.7777,1,1
344,25,616.00,203.00,79.00,55.00,0.6991,1,1
345,1,1047.00,170.00,80.00,62.00,0.9031,1,1
345,6,620.00,124.00,24.00,37.00,0.4360,1,1
345,11,979.00,280.00,25.00,24.00,0.7656,1,1
345,13,782.00,140.00,27.00,27.00,0.8839,1,1
345,14,960.00,210.00,18.00,29.00,0.4593,1,1
345,18,988.00,94.00,49.00,62.00,0.8988,1,1
345,25,616.00,203.00,79.00,55.00,0.7255,1,1
346,1,1045.00,169.00,78.00,63.00,0.9117,1,1
346,6,621.00,127.00,24.00,34.00,0.5968,1,1
346,11,976.00,278.00,26.00,24.00,0.8196,1,1
346,13,782.00,140.00,27.00,26.00,0.8817,1,1
346,14,958.00,209.00,18.00,30.00,0.4593,1,1
346,18,986.00,91.00,49.00,62.00,0.8994,1,1
346,25,616.00,203.00,79.00,55.00,0.7386,1,1
347,1,1043.00,169.00,75.00,62.00,0.9337,1,1
347,6,621.00,126.00,24.00,35.00,0.2524,1,1
347,11,973.00,276.00,28.00,23.00,0.8225,1,1
347,13,782.00,139.00,27.00,27.00,0.8746,1,1
347,18,983.00,88.00,50.00,61.00,0.9054,1,1
347,25,616.00,203.00,80.00,56.00,0.7914,1,1
348,1,1042.00,168.00,74.00,63.00,0.9406,1,1
348,2,620.00,176.00,19.00,30.00,0.3921,1,1
348,6,621.00,127.00,24.00,34.00,0.3124,1,1
348,11,971.00,273.00,29.00,25.00,0.8140,1,1
348,13,782.00,139.00,27.00,26.00,0.8779,1,1
348,18,981.00,85.00,50.00,61.00,0.8762,1,1
348,25,616.00,203.00,80.00,56.00,0.7807,1,1
349,1,1040.00,168.00,73.00,62.00,0.9400,1,1
349,2,621.00,176.00,18.00,29.00,0.4718,1,1
349,6,621.00,126.00,24.00,34.00,0.3124,1,1
349,11,969.00,271.00,28.00,25.00,0.8352,1,1
349,13,784.00,139.00,28.00,26.00,0.8868,1,1
349,14,941.00,218.00,19.00,24.00,0.6427,1,1
349,18,978.00,85.00,50.00,58.00,0.8595,1,1
349,25,616.00,203.00,80.00,56.00,0.7760,1,1
350,1,1040.00,168.00,73.00,62.00,0.9403,1,1
350,2,621.00,176.00,18.00,29.00,0.4787,1,1
350,11,969.00,271.00,28.00,25.00,0.8338,1,1
350,13,784.00,139.00,28.00,26.00,0.8871,1,1
350,14,941.00,218.00,19.00,24.00,0.6232,1,1
350,18,978.00,85.00,50.00,58.00,0.8600,1,1
350,25,616.00,203.00,80.00,56.00,0.7768,1,1
351,1,1037.00,168.00,74.00,61.00,0.9447,1,1
351,2,621.00,175.00,18.00,30.00,0.4511,1,1
351,6,621.00,127.00,24.00,34.00,0.4805,1,1
351,11,968.00,269.00,28.00,25.00,0.7856,1,1
351,13,785.00,138.00,28.00,26.00,0.8692,1,1
351,14,938.00,218.00,20.00,29.00,0.4997,1,1
351,18,974.00,81.00,51.00,58.00,0.8903,1,1
351,25,615.00,203.00,81.00,56.00,0.7692,1,1
352,1,1036.00,167.00,72.00,61.00,0.9403,1,1
352,2,621.00,178.00,18.00,29.00,0.4511,1,1
352,6,621.00,127.00,24.00,34.00,0.4285,1,1
352,11,965.00,268.00,30.00,24.00,0.8274,1,1
352,13,787.00,136.00,28.00,26.00,0.8887,1,1
352,14,939.00,211.00,18.00,34.00,0.7131,1,1
352,18,972.00,76.00,50.00,59.00,0.9121,1,1
352,25,616.00,204.00,80.00,54.00,0.7396,1,1
353,1,1035.00,167.00,72.00,61.00,0.9393,1,1
353,6,621.00,127.00,23.00,33.00,0.2532,1,1
353,11,964.00,266.00,31.00,24.00,0.8675,1,1
353,13,791.00,135.00,27.00,26.00,0.8763,1,1
353,14,936.00,209.00,19.00,34.00,0.4009,1,1
353,18,968.00,73.00,51.00,58.00,0.9152,1,1
353,25,616.00,204.00,80.00,55.00,0.7512,1,1
354,1,1032.00,166.00,74.00,61.00,0.9383,1,1
354,6,621.00,126.00,23.00,34.00,0.2532,1,1
354,11,964.00,264.00,28.00,24.00,0.8739,1,1
354,13,793.00,133.00,27.00,26.00,0.8435,1,1
354,14,938.00,207.00,16.00,32.00,0.6798,1,1
354,18,962.00,72.00,53.00,56.00,0.8883,1,1
354,25,616.00,204.00,81.00,55.00,0.7588,1,1
354,30,988.00,213.00,16.00,32.00,0.6925,1,1
355,1,1032.00,165.00,72.00,61.00,0.9397,1,1
355,6,621.00,126.00,23.00,35.00,0.3307,1,1
355,11,961.00,262.00,28.00,24.00,0.8320,1,1
355,13,794.00,131.00,27.00,27.00,0.8641,1,1
355,14,937.00,208.00,16.00,30.00,0.8427,1,1
355,18,959.00,64.00,51.00,61.00,0.8462,1,1
355,25,616.00,205.00,81.00,55.00,0.7470,1,1
355,30,987.00,213.00,16.00,30.00,0.6979,1,1
356,1,1032.00,165.00,72.00,61.00,0.9397,1,1
356,6,621.00,126.00,23.00,35.00,0.3523,1,1
356,11,961.00,262.00,29.00,24.00,0.8331,1,1
356,13,794.00,131.00,27.00,27.00,0.8643,1,1
356,14,937.00,208.00,16.00,30.00,0.8417,1,1
356,18,959.00,64.00,51.00,61.00,0.8465,1,1
356,25,616.00,205.00,81.00,55.00,0.7471,1,1
356,30,987.00,213.00,16.00,30.00,0.6899,1,1
357,1,1029.00,165.00,73.00,60.00,0.9371,1,1
357,6,621.00,126.00,23.00,35.00,0.3523,1,1
357,11,958.00,260.00,30.00,23.00,0.8228,1,1
357,13,798.00,129.00,24.00,26.00,0.9017,1,1
357,14,937.00,208.00,15.00,28.00,0.8432,1,1
357,18,953.00,60.00,51.00,63.00,0.8251,1,1
357,25,616.00,205.00,81.00,55.00,0.7787,1,1
357,30,987.00,211.00,15.00,31.00,0.2585,1,1
358,1,1029.00,165.00,71.00,59.00,0.9414,1,1
358,11,957.00,258.00,29.00,23.00,0.7937,1,1
358,13,800.00,128.00,23.00,25.00,0.8976,1,1
358,14,936.00,207.00,16.00,27.00,0.8510,1,1
358,18,946.00,58.00,55.00,62.00,0.7356,1,1
358,25,615.00,205.00,82.00,56.00,0.7512,1,1
358,30,986.00,211.00,16.00,30.00,0.2585,1,1
359,1,1028.00,164.00,71.00,60.00,0.9429,1,1
359,11,955.00,255.00,29.00,23.00,0.6226,1,1
359,13,801.00,126.00,24.00,26.00,0.8984,1,1
359,14,935.00,206.00,15.00,27.00,0.8510,1,1
359,18,944.00,56.00,55.00,61.00,0.8457,1,1
359,25,615.00,205.00,82.00,56.00,0.8225,1,1
359,30,936.00,203.00,16.00,28.00,0.8486,1,1
360,1,1027.00,164.00,70.00,60.00,0.9428,1,1
360,11,953.00,253.00,31.00,23.00,0.5960,1,1
360,13,802.00,124.00,22.00,26.00,0.8661,1,1
360,18,942.00,53.00,53.00,61.00,0.8869,1,1
360,25,614.00,205.00,84.00,56.00,0.7684,1,1
360,30,936.00,202.00,16.00,27.00,0.8486,1,1
361,1,1025.00,164.00,69.00,59.00,0.9481,1,1
361,11,951.00,252.00,31.00,23.00,0.5552,1,1
361,13,803.00,125.00,21.00,25.00,0.8007,1,1
361,18,939.00,50.00,54.00,62.00,0.8567,1,1
361,25,615.00,205.00,82.00,56.00,0.7667,1,1
361,30,936.00,200.00,16.00,26.00,0.8347,1,1
362,1,1025.00,164.00,69.00,59.00,0.9482,1,1
362,11,951.00,252.00,31.00,23.00,0.5574,1,1
362,13,803.00,125.00,21.00,25.00,0.8006,1,1
362,18,939.00,50.00,54.00,62.00,0.8563,1,1
362,25,615.00,205.00,82.00,56.00,0.7677,1,1
362,30,936.00,200.00,16.00,26.00,0.8196,1,1
363,1,1024.00,163.00,68.00,59.00,0.9514,1,1
363,11,949.00,250.00,32.00,24.00,0.5574,1,1
363,13,802.00,126.00,19.00,27.00,0.8574,1,1
363,14,986.00,203.00,15.00,28.00,0.3519,1,1
363,18,936.00,49.00,51.00,61.00,0.5361,1,1
363,25,615.00,205.00,81.00,57.00,0.5978,1,1
363,30,937.00,195.00,15.00,27.00,0.7926,1,1
364,1,1024.00,162.00,66.00,60.00,0.9496,1,1
364,2,613.00,177.00,18.00,27.00,0.2887,1,1
364,11,948.00,246.00,32.00,24.00,0.3208,1,1
364,13,795.00,124.00,21.00,28.00,0.7018,1,1
364,14,985.00,198.00,16.00,31.00,0.6286,1,1
364,18,931.00,47.00,52.00,61.00,0.2783,1,1
364,25,615.00,206.00,81.00,57.00,0.5969,1,1
364,30,938.00,191.00,15.00,28.00,0.7501,1,1
365,1,1023.00,162.00,65.00,60.00,0.9462,1,1
365,2,612.00,177.00,18.00,27.00,0.6004,1,1
365,6,794.00,129.00,19.00,27.00,0.6907,1,1
365,11,947.00,244.00,32.00,24.00,0.3208,1,1
365,13,795.00,123.00,21.00,29.00,0.7018,1,1
365,14,985.00,193.00,16.00,34.00,0.3397,1,1
365,18,928.00,45.00,52.00,61.00,0.2783,1,1
365,25,614.00,206.00,82.00,57.00,0.5974,1,1
365,30,937.00,188.00,16.00,28.00,0.7449,1,1
366,1,1022.00,163.00,64.00,58.00,0.9426,1,1
366,2,610.00,176.00,19.00,28.00,0.7993,1,1
366,6,789.00,133.00,18.00,26.00,0.5751,1,1
366,14,988.00,191.00,16.00,35.00,0.3397,1,1
366,25,614.00,206.00,83.00,57.00,0.5316,1,1
366,30,937.00,184.00,15.00,28.00,0.6192,1,1
367,1,1021.00,162.00,62.00,59.00,0.9373,1,1
367,2,608.00,175.00,19.00,29.00,0.7385,1,1
367,6,801.00,134.00,18.00,25.00,0.5751,1,1
367,25,613.00,207.00,84.00,56.00,0.4785,1,1
367,30,937.00,183.00,14.00,27.00,0.6357,1,1
368,1,1021.00,162.00,62.00,59.00,0.9373,1,1
368,2,608.00,175.00,19.00,29.00,0.7313,1,1
368,25,613.00,207.00,84.00,56.00,0.4820,1,1
368,30,937.00,183.00,14.00,27.00,0.6385,1,1
369,1,1020.00,162.00,62.00,59.00,0.9350,1,1
369,2,606.00,177.00,19.00,27.00,0.5554,1,1
369,14,982.00,191.00,17.00,31.00,0.3417,1,1
369,25,613.00,207.00,84.00,56.00,0.5315,1,1
369,30,936.00,181.00,15.00,27.00,0.7430,1,1
370,1,1019.00,163.00,62.00,58.00,0.9327,1,1
370,2,605.00,177.00,18.00,27.00,0.6526,1,1
370,11,949.00,237.00,26.00,21.00,0.5838,1,1
370,14,982.00,188.00,17.00,32.00,0.3937,1,1
370,25,612.00,207.00,84.00,56.00,0.4911,1,1
370,30,935.00,179.00,16.00,27.00,0.7660,1,1
371,1,1018.00,163.00,63.00,57.00,0.9346,1,1
371,2,604.00,177.00,19.00,27.00,0.4289,1,1
371,11,947.00,236.00,26.00,24.00,0.8336,1,1
371,14,981.00,185.00,18.00,32.00,0.5527,1,1
371,18,916.00,33.00,50.00,60.00,0.4944,1,1
371,25,612.00,207.00,84.00,57.00,0.6276,1,1
371,30,935.00,176.00,15.00,27.00,0.8452,1,1
372,1,1018.00,162.00,62.00,57.00,0.9320,1,1
372,2,602.00,176.00,18.00,28.00,0.3968,1,1
372,11,947.00,237.00,25.00,25.00,0.8650,1,1
372,14,980.00,176.00,19.00,39.00,0.5587,1,1
372,18,914.00,31.00,50.00,60.00,0.4944,1,1
372,25,613.00,207.00,82.00,57.00,0.6888,1,1
372,30,934.00,174.00,16.00,27.00,0.8782,1,1
373,1,1019.00,162.00,62.00,57.00,0.9354,1,1
373,2,600.00,176.00,19.00,28.00,0.3968,1,1
373,11,939.00,239.00,29.00,26.00,0.8969,1,1
373,14,979.00,178.00,19.00,35.00,0.7278,1,1
373,25,614.00,207.00,80.00,56.00,0.7032,1,1
373,30,934.00,171.00,16.00,27.00,0.8314,1,1
374,1,1019.00,162.00,62.00,57.00,0.9356,1,1
374,11,939.00,239.00,29.00,26.00,0.8968,1,1
374,14,979.00,179.00,19.00,34.00,0.7281,1,1
374,25,614.00,207.00,80.00,56.00,0.7106,1,1
374,30,934.00,171.00,16.00,27.00,0.8301,1,1
375,1,1019.00,162.00,64.00,57.00,0.9386,1,1
375,11,930.00,244.00,34.00,26.00,0.8493,1,1
375,13,736.00,171.00,21.00,33.00,0.6141,1,1
375,14,978.00,178.00,19.00,32.00,0.7534,1,1
375,25,614.00,207.00,80.00,56.00,0.7452,1,1
375,30,934.00,168.00,15.00,26.00,0.4436,1,1
376,1,1020.00,161.00,64.00,57.00,0.9417,1,1
376,11,923.00,249.00,36.00,31.00,0.8211,1,1
376,13,732.00,174.00,21.00,37.00,0.4849,1,1
376,14,977.00,175.00,18.00,33.00,0.8423,1,1
376,25,614.00,207.00,80.00,55.00,0.7702,1,1
376,30,934.00,166.00,14.00,27.00,0.6833,1,1
377,1,1020.00,161.00,64.00,57.00,0.9424,1,1
377,11,913.00,259.00,41.00,30.00,0.8616,1,1
377,13,727.00,175.00,22.00,38.00,0.4285,1,1
377,14,976.00,176.00,19.00,31.00,0.8758,1,1
377,25,615.00,207.00,79.00,56.00,0.5912,1,1
377,30,933.00,163.00,15.00,27.00,0.8637,1,1
378,1,1020.00,161.00,65.00,57.00,0.9457,1,1
378,11,910.00,275.00,38.00,23.00,0.8451,1,1
378,13,724.00,174.00,20.00,39.00,0.6815,1,1
378,14,976.00,174.00,19.00,30.00,0.8880,1,1
378,25,615.00,208.00,78.00,55.00,0.5582,1,1
378,30,932.00,161.00,15.00,27.00,0.8574,1,1
379,1,1020.00,161.00,66.00,58.00,0.9463,1,1
379,11,910.00,286.00,32.00,22.00,0.3181,1,1
379,13,720.00,171.00,21.00,40.00,0.8375,1,1
379,14,975.00,171.00,19.00,31.00,0.8749,1,1
379,25,615.00,208.00,78.00,56.00,0.5946,1,1
379,30,932.00,158.00,14.00,28.00,0.8650,1,1
380,1,1020.00,161.00,66.00,58.00,0.9462,1,1
380,11,910.00,286.00,31.00,22.00,0.3235,1,1
380,13,720.00,171.00,21.00,40.00,0.8380,1,1
380,14,975.00,171.00,19.00,31.00,0.8750,1,1
380,25,615.00,208.00,78.00,56.00,0.5942,1,1
380,30,932.00,158.00,14.00,28.00,0.8655,1,1
381,1,1020.00,161.00,66.00,58.00,0.9486,1,1
381,11,914.00,290.00,31.00,21.00,0.7469,1,1
381,13,719.00,170.00,19.00,38.00,0.8674,1,1
381,14,975.00,166.00,19.00,35.00,0.8839,1,1
381,25,615.00,208.00,76.00,55.00,0.6195,1,1
381,30,932.00,156.00,14.00,28.00,0.8724,1,1
382,1,1020.00,161.00,66.00,58.00,0.9480,1,1
382,11,916.00,291.00,29.00,20.00,0.8180,1,1
382,13,719.00,168.00,17.00,34.00,0.7288,1,1
382,14,974.00,164.00,20.00,35.00,0.8864,1,1
382,25,614.00,208.00,78.00,55.00,0.4497,1,1
382,30,932.00,156.00,14.00,26.00,0.8631,1,1
383,1,1020.00,161.00,67.00,59.00,0.9485,1,1
383,11,919.00,291.00,28.00,20.00,0.6869,1,1
383,13,718.00,164.00,18.00,35.00,0.3015,1,1
383,14,974.00,164.00,19.00,33.00,0.8967,1,1
383,25,614.00,208.00,77.00,55.00,0.6165,1,1
383,30,932.00,153.00,14.00,27.00,0.8882,1,1
384,1,1021.00,161.00,67.00,59.00,0.9495,1,1
384,11,922.00,291.00,26.00,20.00,0.8491,1,1
384,13,713.00,156.00,19.00,35.00,0.7385,1,1
384,14,974.00,162.00,19.00,34.00,0.8900,1,1
384,25,615.00,208.00,76.00,55.00,0.5126,1,1
384,30,932.00,152.00,14.00,25.00,0.8959,1,1
385,1,1020.00,161.00,69.00,59.00,0.9501,1,1
385,11,924.00,291.00,27.00,21.00,0.8134,1,1
385,13,709.00,150.00,19.00,35.00,0.6827,1,1
385,14,973.00,159.00,20.00,34.00,0.8859,1,1
385,25,615.00,208.00,75.00,55.00,0.4036,1,1
385,30,932.00,150.00,13.00,25.00,0.8876,1,1
386,1,1020.00,161.00,69.00,59.00,0.9500,1,1
386,11,924.00,291.00,27.00,21.00,0.8136,1,1
386,13,709.00,150.00,19.00,35.00,0.6856,1,1
386,14,973.00,159.00,20.00,34.00,0.8860,1,1
386,25,615.00,208.00,75.00,55.00,0.3992,1,1
386,30,932.00,150.00,13.00,25.00,0.8878,1,1
387,1,1021.00,160.00,70.00,60.00,0.9494,1,1
387,11,927.00,290.00,26.00,22.00,0.8362,1,1
387,13,706.00,149.00,19.00,35.00,0.6856,1,1
387,14,973.00,156.00,19.00,35.00,0.8858,1,1
387,18,906.00,8.00,44.00,54.00,0.2819,1,1
387,25,615.00,208.00,75.00,55.00,0.3992,1,1
387,30,931.00,147.00,14.00,25.00,0.8850,1,1
388,1,1021.00,160.00,71.00,60.00,0.9483,1,1
388,11,932.00,292.00,26.00,21.00,0.8191,1,1
388,14,972.00,152.00,20.00,36.00,0.8820,1,1
388,18,905.00,6.00,44.00,54.00,0.2819,1,1
388,30,931.00,145.00,14.00,25.00,0.8790,1,1
389,1,1022.00,160.00,71.00,60.00,0.9475,1,1
389,11,936.00,292.00,27.00,22.00,0.6599,1,1
389,14,972.00,152.00,19.00,34.00,0.8809,1,1
389,25,614.00,208.00,75.00,55.00,0.4068,1,1
389,30,931.00,143.00,13.00,26.00,0.8711,1,1
390,1,1022.00,160.00,72.00,60.00,0.9463,1,1
390,11,941.00,292.00,26.00,22.00,0.7546,1,1
390,14,971.00,150.00,19.00,33.00,0.8769,1,1
390,25,614.00,208.00,76.00,56.00,0.3949,1,1
390,30,930.00,141.00,14.00,25.00,0.8684,1,1
391,1,1022.00,160.00,72.00,61.00,0.9477,1,1
391,11,943.00,292.00,27.00,21.00,0.8349,1,1
391,14,970.00,149.00,19.00,30.00,0.8922,1,1
391,25,615.00,208.00,77.00,56.00,0.4818,1,1
391,30,928.00,139.00,14.00,25.00,0.8594,1,1
392,1,1022.00,160.00,72.00,61.00,0.9476,1,1
392,11,943.00,292.00,27.00,21.00,0.8350,1,1
392,14,970.00,149.00,19.00,30.00,0.8922,1,1
392,25,615.00,208.00,77.00,55.00,0.4871,1,1
392,30,928.00,139.00,14.00,25.00,0.8599,1,1
393,1,1023.00,161.00,71.00,61.00,0.9496,1,1
393,11,943.00,293.00,26.00,21.00,0.8696,1,1
393,14,970.00,147.00,18.00,30.00,0.8916,1,1
393,18,565.00,0.00,61.00,33.00,0.4247,1,1
393,25,615.00,207.00,78.00,56.00,0.3685,1,1
393,30,927.00,137.00,15.00,25.00,0.8835,1,1
394,1,1023.00,161.00,71.00,61.00,0.9508,1,1
394,6,910.00,6.00,42.00,51.00,0.2615,1,1
394,11,943.00,293.00,26.00,21.00,0.8748,1,1
394,13,671.00,130.00,18.00,34.00,0.3434,1,1
394,14,969.00,146.00,18.00,29.00,0.8880,1,1
394,18,562.00,0.00,59.00,32.00,0.5951,1,1
394,25,615.00,207.00,77.00,56.00,0.3286,1,1
394,30,926.00,134.00,14.00,26.00,0.8630,1,1
395,1,1023.00,162.00,71.00,60.00,0.9531,1,1
395,2,667.00,133.00,20.00,38.00,0.8737,1,1
395,6,913.00,1.00,43.00,52.00,0.2615,1,1
395,11,942.00,293.00,25.00,21.00,0.8949,1,1
395,13,667.00,128.00,18.00,34.00,0.3434,1,1
395,14,968.00,144.00,18.00,30.00,0.8882,1,1
395,18,559.00,0.00,59.00,31.00,0.5791,1,1
395,25,615.00,207.00,78.00,56.00,0.3310,1,1
395,30,925.00,132.00,14.00,25.00,0.8273,1,1
396,1,1024.00,162.00,71.00,60.00,0.9538,1,1
396,2,670.00,131.00,20.00,39.00,0.8737,1,1
396,11,939.00,293.00,27.00,20.00,0.9112,1,1
396,13,667.00,142.00,18.00,33.00,0.8686,1,1
396,14,967.00,141.00,18.00,30.00,0.8881,1,1
396,18,556.00,0.00,60.00,30.00,0.2988,1,1
396,25,616.00,207.00,78.00,56.00,0.5750,1,1
396,30,924.00,129.00,14.00,25.00,0.7423,1,1
397,1,1024.00,162.00,71.00,60.00,0.9531,1,1
397,11,937.00,293.00,27.00,20.00,0.8997,1,1
397,13,666.00,145.00,18.00,34.00,0.8652,1,1
397,14,966.00,138.00,16.00,29.00,0.8344,1,1
397,18,554.00,0.00,60.00,30.00,0.5551,1,1
397,25,616.00,207.00,79.00,56.00,0.5662,1,1
397,30,922.00,128.00,14.00,25.00,0.8417,1,1
398,1,1024.00,162.00,71.00,60.00,0.9530,1,1
398,11,937.00,293.00,27.00,20.00,0.8997,1,1
398,13,666.00,145.00,18.00,34.00,0.8653,1,1
398,14,966.00,138.00,16.00,29.00,0.8347,1,1
398,18,554.00,0.00,59.00,30.00,0.5548,1,1
398,25,616.00,207.00,78.00,56.00,0.5707,1,1
398,30,922.00,128.00,14.00,24.00,0.8421,1,1
399,1,1024.00,162.00,71.00,60.00,0.9492,1,1
399,11,933.00,292.00,26.00,20.00,0.8931,1,1
399,13,667.00,149.00,17.00,33.00,0.8695,1,1
399,14,965.00,136.00,16.00,27.00,0.8630,1,1
399,18,553.00,0.00,57.00,30.00,0.6068,1,1
399,25,616.00,207.00,79.00,56.00,0.4913,1,1
399,30,921.00,126.00,14.00,25.00,0.8699,1,1
400,1,1024.00,162.00,71.00,60.00,0.9478,1,1
400,11,929.00,290.00,26.00,21.00,0.8735,1,1
400,13,670.00,152.00,16.00,35.00,0.8351,1,1
400,14,962.00,134.00,16.00,26.00,0.8919,1,1
400,18,552.00,0.00,54.00,31.00,0.6805,1,1
400,25,616.00,207.00,80.00,57.00,0.3781,1,1
400,30,920.00,126.00,13.00,24.00,0.8624,1,1
401,1,1025.00,162.00,70.00,60.00,0.9486,1,1
401,11,925.00,289.00,26.00,20.00,0.8990,1,1
401,13,671.00,156.00,16.00,35.00,0.8381,1,1
401,14,962.00,132.00,16.00,27.00,0.8928,1,1
401,18,551.00,0.00,53.00,30.00,0.7157,1,1
401,25,616.00,207.00,80.00,56.00,0.5571,1,1
401,30,918.00,125.00,14.00,24.00,0.8430,1,1
402,1,1026.00,162.00,68.00,60.00,0.9485,1,1
402,11,920.00,288.00,28.00,21.00,0.8831,1,1
402,13,671.00,165.00,19.00,32.00,0.8927,1,1
402,14,961.00,131.00,17.00,27.00,0.8885,1,1
402,18,551.00,0.00,52.00,30.00,0.7313,1,1
402,25,617.00,207.00,79.00,56.00,0.6513,1,1
402,30,916.00,124.00,14.00,23.00,0.7488,1,1
403,1,1026.00,162.00,68.00,60.00,0.9508,1,1
403,6,924.00,2.00,42.00,51.00,0.5305,1,1
403,11,918.00,287.00,27.00,20.00,0.8952,1,1
403,13,671.00,166.00,18.00,33.00,0.9019,1,1
403,14,962.00,129.00,18.00,27.00,0.8945,1,1
403,18,552.00,0.00,54.00,30.00,0.2797,1,1
403,25,618.00,208.00,81.00,55.00,0.5296,1,1
403,30,915.00,122.00,14.00,24.00,0.8084,1,1
404,1,1026.00,162.00,68.00,60.00,0.9508,1,1
404,6,924.00,2.00,42.00,51.00,0.5298,1,1
404,11,918.00,287.00,27.00,20.00,0.8952,1,1
404,13,670.00,166.00,19.00,33.00,0.9019,1,1
404,14,962.00,129.00,18.00,27.00,0.8944,1,1
404,18,552.00,0.00,54.00,29.00,0.2775,1,1
404,25,618.00,208.00,81.00,55.00,0.5381,1,1
404,30,915.00,122.00,14.00,24.00,0.8080,1,1
405,1,1026.00,162.00,67.00,60.00,0.9532,1,1
405,6,927.00,2.00,44.00,51.00,0.2812,1,1
405,11,914.00,286.00,28.00,20.00,0.9023,1,1
405,13,669.00,166.00,19.00,35.00,0.8946,1,1
405,14,967.00,128.00,15.00,27.00,0.8715,1,1
405,18,547.00,0.00,53.00,29.00,0.2775,1,1
405,25,619.00,207.00,81.00,55.00,0.3167,1,1
405,30,914.00,121.00,14.00,24.00,0.8523,1,1
406,1,1026.00,162.00,67.00,60.00,0.9515,1,1
406,6,930.00,4.00,45.00,50.00,0.6587,1,1
406,11,910.00,285.00,28.00,20.00,0.9119,1,1
406,13,666.00,167.00,19.00,33.00,0.8600,1,1
406,14,972.00,128.00,15.00,30.00,0.7054,1,1
406,25,621.00,207.00,79.00,54.00,0.2809,1,1
406,30,912.00,120.00,15.00,23.00,0.8773,1,1
407,1,1026.00,162.00,66.00,59.00,0.9496,1,1
407,6,934.00,4.00,45.00,51.00,0.6823,1,1
407,11,907.00,284.00,29.00,20.00,0.8926,1,1
407,13,662.00,165.00,18.00,34.00,0.7709,1,1
407,14,978.00,132.00,17.00,27.00,0.8731,1,1
407,18,551.00,0.00,56.00,26.00,0.4422,1,1
407,25,623.00,207.00,77.00,56.00,0.2710,1,1
407,30,911.00,118.00,15.00,24.00,0.7921,1,1
408,1,1026.00,162.00,65.00,59.00,0.9487,1,1
408,2,657.00,262.00,40.00,26.00,0.3043,1,1
408,6,937.00,5.00,48.00,51.00,0.8068,1,1
408,11,905.00,283.00,28.00,20.00,0.8929,1,1
408,13,657.00,158.00,18.00,38.00,0.8442,1,1
408,14,994.00,131.00,13.00,28.00,0.8677,1,1
408,18,547.00,0.00,56.00,25.00,0.4422,1,1
408,25,626.00,207.00,75.00,56.00,0.3457,1,1
408,30,909.00,116.00,16.00,25.00,0.7732,1,1
409,1,1026.00,162.00,64.00,59.00,0.9453,1,1
409,2,657.00,262.00,42.00,25.00,0.2655,1,1
409,6,941.00,5.00,52.00,52.00,0.8736,1,1
409,11,902.00,282.00,29.00,21.00,0.8893,1,1
409,13,649.00,157.00,20.00,37.00,0.8457,1,1
409,14,1004.00,129.00,15.00,30.00,0.6655,1,1
409,25,631.00,207.00,72.00,55.00,0.4058,1,1
409,30,909.00,115.00,16.00,25.00,0.7784,1,1
409,31,802.00,384.00,23.00,31.00,0.7723,1,1
410,1,1026.00,162.00,64.00,59.00,0.9453,1,1
410,2,657.00,262.00,42.00,25.00,0.2666,1,1
410,6,941.00,5.00,52.00,52.00,0.8744,1,1
410,11,902.00,282.00,29.00,21.00,0.8892,1,1
410,13,649.00,157.00,20.00,37.00,0.8462,1,1
410,14,1004.00,129.00,14.00,30.00,0.6654,1,1
410,25,631.00,207.00,72.00,55.00,0.4081,1,1
410,30,909.00,114.00,16.00,26.00,0.7799,1,1
410,31,802.00,384.00,23.00,31.00,0.7687,1,1
411,1,1025.00,161.00,65.00,61.00,0.9401,1,1
411,2,658.00,270.00,42.00,25.00,0.2666,1,1
411,6,945.00,6.00,52.00,51.00,0.8341,1,1
411,11,900.00,282.00,30.00,21.00,0.8893,1,1
411,13,641.00,155.00,22.00,38.00,0.8375,1,1
411,14,1007.00,128.00,15.00,31.00,0.6654,1,1
411,18,549.00,0.00,54.00,23.00,0.5101,1,1
411,25,633.00,206.00,74.00,58.00,0.7328,1,1
411,30,908.00,113.00,17.00,26.00,0.8281,1,1
411,31,802.00,384.00,23.00,31.00,0.7687,1,1
412,1,1025.00,160.00,64.00,62.00,0.9321,1,1
412,6,949.00,6.00,56.00,52.00,0.8703,1,1
412,11,900.00,282.00,30.00,20.00,0.8894,1,1
412,13,633.00,149.00,25.00,39.00,0.8275,1,1
412,14,1023.00,130.00,17.00,32.00,0.7093,1,1
412,18,547.00,0.00,54.00,22.00,0.5101,1,1
412,25,634.00,206.00,75.00,60.00,0.8276,1,1
412,30,907.00,113.00,18.00,24.00,0.8912,1,1
413,1,1024.00,160.00,64.00,62.00,0.9246,1,1
413,6,955.00,7.00,54.00,51.00,0.8971,1,1
413,11,900.00,281.00,30.00,21.00,0.8900,1,1
413,13,625.00,146.00,24.00,38.00,0.8181,1,1
413,14,1032.00,127.00,17.00,29.00,0.5635,1,1
413,25,639.00,205.00,72.00,63.00,0.8350,1,1
413,30,900.00,111.00,26.00,25.00,0.8951,1,1
414,1,1025.00,160.00,62.00,62.00,0.9222,1,1
414,6,962.00,7.00,52.00,52.00,0.8356,1,1
414,11,900.00,281.00,30.00,22.00,0.8904,1,1
414,13,620.00,140.00,21.00,38.00,0.8061,1,1
414,14,1037.00,127.00,17.00,28.00,0.5635,1,1
414,25,642.00,205.00,74.00,64.00,0.8827,1,1
414,30,903.00,112.00,27.00,23.00,0.8932,1,1
415,1,1025.00,162.00,63.00,60.00,0.9222,1,1
415,6,969.00,9.00,51.00,51.00,0.8587,1,1
415,11,900.00,281.00,30.00,22.00,0.8902,1,1
415,13,618.00,136.00,17.00,36.00,0.6881,1,1
415,14,1042.00,129.00,23.00,29.00,0.8329,1,1
415,25,646.00,205.00,72.00,66.00,0.8963,1,1
415,30,905.00,115.00,31.00,17.00,0.7239,1,1
416,1,1025.00,162.00,63.00,60.00,0.9221,1,1
416,6,969.00,9.00,51.00,51.00,0.8587,1,1
416,11,900.00,281.00,30.00,22.00,0.8902,1,1
416,13,618.00,136.00,17.00,36.00,0.6939,1,1
416,14,1042.00,129.00,23.00,29.00,0.8339,1,1
416,25,646.00,205.00,72.00,66.00,0.8968,1,1
416,30,905.00,115.00,30.00,17.00,0.7246,1,1
417,1,1024.00,161.00,64.00,61.00,0.9236,1,1
417,6,974.00,9.00,50.00,52.00,0.8693,1,1
417,11,900.00,281.00,30.00,22.00,0.8905,1,1
417,13,615.00,135.00,17.00,34.00,0.7653,1,1
417,14,1047.00,129.00,23.00,29.00,0.8339,1,1
417,25,649.00,205.00,73.00,67.00,0.8994,1,1
417,30,905.00,114.00,30.00,17.00,0.7246,1,1
418,1,1025.00,161.00,63.00,61.00,0.9221,1,1
418,6,982.00,12.00,48.00,51.00,0.7453,1,1
418,11,900.00,281.00,30.00,22.00,0.8906,1,1
418,13,612.00,134.00,19.00,36.00,0.8746,1,1
418,25,651.00,206.00,71.00,67.00,0.8762,1,1
419,1,1024.00,161.00,64.00,61.00,0.9260,1,1
419,6,988.00,12.00,47.00,52.00,0.8233,1,1
419,11,900.00,281.00,30.00,22.00,0.8889,1,1
419,13,609.00,134.00,18.00,36.00,0.5561,1,1
419,14,1058.00,114.00,19.00,28.00,0.3639,1,1
419,25,654.00,206.00,68.00,70.00,0.8685,1,1
420,1,1024.00,161.00,64.00,62.00,0.9329,1,1
420,6,992.00,16.00,46.00,50.00,0.8236,1,1
420,11,900.00,281.00,30.00,21.00,0.8887,1,1
420,13,606.00,133.00,18.00,35.00,0.5561,1,1
420,14,1062.00,116.00,17.00,26.00,0.3018,1,1
420,25,655.00,207.00,66.00,71.00,0.5615,1,1
420,31,977.00,128.00,23.00,37.00,0.7247,1,1
421,1,1023.00,161.00,65.00,62.00,0.9311,1,1
421,6,995.00,18.00,47.00,50.00,0.7180,1,1
421,11,900.00,281.00,30.00,21.00,0.8887,1,1
421,14,1066.00,115.00,18.00,25.00,0.3018,1,1
421,25,654.00,208.00,67.00,72.00,0.4993,1,1
421,31,992.00,105.00,23.00,38.00,0.7247,1,1
422,1,1023.00,161.00,65.00,62.00,0.9312,1,1
422,6,995.00,18.00,47.00,50.00,0.7180,1,1
422,11,900.00,281.00,30.00,21.00,0.8889,1,1
422,25,654.00,208.00,67.00,73.00,0.4999,1,1
423,1,1023.00,161.00,64.00,63.00,0.9281,1,1
423,6,996.00,20.00,48.00,51.00,0.2979,1,1
423,11,899.00,281.00,31.00,22.00,0.8864,1,1
423,25,653.00,210.00,66.00,75.00,0.4033,1,1
423,30,700.00,134.00,22.00,19.00,0.4593,1,1
424,1,1023.00,161.00,64.00,63.00,0.9118,1,1
424,6,999.00,21.00,49.00,51.00,0.2979,1,1
424,11,899.00,281.00,31.00,22.00,0.8865,1,1
424,25,651.00,210.00,67.00,74.00,0.2980,1,1
424,30,699.00,134.00,23.00,19.00,0.4204,1,1
425,1,1022.00,162.00,65.00,62.00,0.9146,1,1
425,2,762.00,294.00,17.00,24.00,0.7886,1,1
425,11,899.00,281.00,31.00,22.00,0.8865,1,1
425,18,533.00,0.00,27.00,15.00,0.2678,1,1
425,25,649.00,210.00,68.00,73.00,0.2875,1,1
425,30,699.00,134.00,23.00,19.00,0.3780,1,1
426,1,1022.00,162.00,65.00,62.00,0.9271,1,1
426,2,768.00,297.00,16.00,24.00,0.7886,1,1
426,11,899.00,281.00,31.00,22.00,0.8857,1,1
426,18,531.00,0.00,27.00,15.00,0.2678,1,1
426,25,650.00,211.00,65.00,73.00,0.3259,1,1
426,30,700.00,135.00,23.00,18.00,0.4981,1,1
427,1,1021.00,162.00,65.00,62.00,0.9203,1,1
427,11,899.00,281.00,31.00,22.00,0.8845,1,1
427,13,579.00,116.00,20.00,25.00,0.3695,1,1
427,18,521.00,0.00,24.00,16.00,0.5788,1,1
427,25,649.00,211.00,66.00,73.00,0.4047,1,1
427,30,700.00,134.00,23.00,18.00,0.6161,1,1
428,1,1021.00,162.00,66.00,62.00,0.9207,1,1
428,11,899.00,281.00,31.00,22.00,0.8849,1,1
428,13,580.00,116.00,19.00,25.00,0.3664,1,1
428,18,521.00,0.00,24.00,16.00,0.5791,1,1
428,25,649.00,211.00,66.00,73.00,0.4010,1,1
428,30,700.00,134.00,23.00,18.00,0.6345,1,1
429,1,1021.00,163.00,65.00,61.00,0.9261,1,1
429,2,753.00,327.00,18.00,29.00,0.4881,1,1
429,11,899.00,281.00,31.00,22.00,0.8833,1,1
429,13,577.00,115.00,18.00,24.00,0.3664,1,1
429,18,515.00,0.00,24.00,15.00,0.5984,1,1
429,25,648.00,211.00,67.00,74.00,0.4632,1,1
429,30,700.00,135.00,23.00,18.00,0.6305,1,1
430,1,1021.00,163.00,65.00,61.00,0.9254,1,1
430,2,756.00,332.00,17.00,29.00,0.4881,1,1
430,11,899.00,281.00,31.00,22.00,0.8840,1,1
430,13,568.00,115.00,21.00,22.00,0.4650,1,1
430,18,513.00,0.00,22.00,15.00,0.5984,1,1
430,25,648.00,212.00,66.00,73.00,0.5996,1,1
430,30,700.00,135.00,22.00,18.00,0.5151,1,1
431,1,1020.00,163.00,66.00,61.00,0.9263,1,1
431,2,751.00,326.00,18.00,27.00,0.2930,1,1
431,11,899.00,281.00,31.00,22.00,0.8832,1,1
431,13,565.00,114.00,20.00,21.00,0.4650,1,1
431,14,566.00,114.00,20.00,25.00,0.7399,1,1
431,25,648.00,213.00,66.00,70.00,0.5798,1,1
431,30,700.00,135.00,22.00,18.00,0.5191,1,1
432,1,1020.00,163.00,66.00,61.00,0.9314,1,1
432,2,751.00,326.00,18.00,28.00,0.2901,1,1
432,11,899.00,281.00,31.00,22.00,0.8828,1,1
432,14,533.00,113.00,20.00,26.00,0.7399,1,1
432,25,648.00,213.00,66.00,69.00,0.5132,1,1
432,30,699.00,135.00,22.00,18.00,0.5585,1,1
433,1,1020.00,163.00,66.00,62.00,0.9221,1,1
433,2,753.00,330.00,17.00,28.00,0.2901,1,1
433,11,899.00,281.00,31.00,22.00,0.8837,1,1
433,25,648.00,213.00,66.00,69.00,0.6150,1,1
433,30,700.00,135.00,22.00,17.00,0.5282,1,1
433,33,561.00,110.00,20.00,33.00,0.7924,1,1
434,1,1020.00,163.00,66.00,62.00,0.9222,1,1
434,11,899.00,281.00,31.00,22.00,0.8836,1,1
434,25,648.00,213.00,66.00,69.00,0.6098,1,1
434,30,700.00,135.00,22.00,18.00,0.5557,1,1
434,33,561.00,110.00,20.00,33.00,0.7903,1,1
435,1,1020.00,163.00,65.00,61.00,0.9110,1,1
435,11,899.00,281.00,31.00,22.00,0.8834,1,1
435,25,648.00,213.00,67.00,68.00,0.3399,1,1
435,30,700.00,135.00,22.00,18.00,0.5564,1,1
435,33,559.00,109.00,20.00,40.00,0.8429,1,1
436,1,1019.00,162.00,66.00,62.00,0.9210,1,1
436,2,753.00,326.00,17.00,29.00,0.3791,1,1
436,11,900.00,280.00,30.00,23.00,0.8916,1,1
436,25,649.00,213.00,66.00,68.00,0.4134,1,1
436,30,700.00,135.00,22.00,17.00,0.5544,1,1
436,33,556.00,105.00,20.00,39.00,0.3831,1,1
437,1,1020.00,162.00,66.00,62.00,0.9213,1,1
437,2,755.00,326.00,17.00,29.00,0.3501,1,1
437,6,628.00,48.00,58.00,35.00,0.2510,1,1
437,11,902.00,279.00,28.00,23.00,0.8942,1,1
437,25,649.00,213.00,66.00,69.00,0.3700,1,1
437,30,700.00,135.00,22.00,18.00,0.5520,1,1
437,33,554.00,104.00,21.00,40.00,0.3831,1,1
438,1,1019.00,162.00,67.00,62.00,0.9190,1,1
438,2,757.00,325.00,17.00,30.00,0.5991,1,1
438,6,628.00,48.00,58.00,36.00,0.2807,1,1
438,11,901.00,278.00,30.00,24.00,0.9040,1,1
438,25,649.00,213.00,67.00,69.00,0.3700,1,1
438,30,700.00,135.00,22.00,18.00,0.5543,1,1
439,1,1020.00,163.00,67.00,62.00,0.9216,1,1
439,2,760.00,327.00,15.00,28.00,0.3120,1,1
439,6,628.00,48.00,58.00,36.00,0.3833,1,1
439,11,901.00,278.00,29.00,24.00,0.9053,1,1
439,25,650.00,211.00,66.00,72.00,0.2656,1,1
439,30,700.00,135.00,22.00,17.00,0.6117,1,1
440,1,1020.00,163.00,67.00,62.00,0.9219,1,1
440,2,760.00,327.00,15.00,28.00,0.3105,1,1
440,6,628.00,48.00,58.00,36.00,0.3882,1,1
440,11,901.00,278.00,29.00,24.00,0.9052,1,1
440,25,650.00,211.00,67.00,72.00,0.2654,1,1
440,30,700.00,135.00,22.00,17.00,0.6207,1,1
441,1,1019.00,162.00,68.00,63.00,0.9217,1,1
441,2,761.00,328.00,15.00,28.00,0.6313,1,1
441,6,627.00,48.00,58.00,36.00,0.2976,1,1
441,11,901.00,278.00,30.00,23.00,0.9068,1,1
441,25,651.00,210.00,67.00,73.00,0.3570,1,1
441,30,699.00,135.00,23.00,17.00,0.5846,1,1
442,1,1019.00,162.00,68.00,63.00,0.9286,1,1
442,2,761.00,329.00,15.00,26.00,0.5742,1,1
442,6,627.00,49.00,58.00,35.00,0.2589,1,1
442,11,900.00,277.00,30.00,24.00,0.9130,1,1
442,25,651.00,208.00,68.00,70.00,0.4548,1,1
442,30,699.00,134.00,23.00,18.00,0.3995,1,1
443,1,1020.00,161.00,66.00,64.00,0.9285,1,1
443,2,763.00,330.00,14.00,26.00,0.5742,1,1
443,6,620.00,50.00,58.00,34.00,0.2589,1,1
443,11,900.00,274.00,31.00,25.00,0.8904,1,1
443,25,653.00,207.00,68.00,69.00,0.2928,1,1
443,30,698.00,134.00,23.00,18.00,0.3995,1,1
444,1,1021.00,162.00,66.00,63.00,0.9256,1,1
444,11,898.00,271.00,33.00,27.00,0.8945,1,1
444,25,654.00,206.00,68.00,66.00,0.3734,1,1
444,31,1004.00,153.00,21.00,33.00,0.7054,1,1
445,1,1021.00,162.00,66.00,63.00,0.9243,1,1
445,11,899.00,267.00,34.00,24.00,0.9071,1,1
445,25,654.00,206.00,69.00,65.00,0.3734,1,1
445,31,999.00,152.00,20.00,35.00,0.5279,1,1
446,1,1021.00,162.00,66.00,63.00,0.9249,1,1
446,11,899.00,267.00,34.00,24.00,0.9071,1,1
446,31,997.00,152.00,21.00,35.00,0.5279,1,1
446,33,999.00,151.00,20.00,36.00,0.5418,1,1
447,1,1022.00,163.00,64.00,62.00,0.9226,1,1
447,11,901.00,261.00,31.00,24.00,0.8901,1,1
447,25,656.00,205.00,68.00,61.00,0.3783,1,1
447,33,992.00,151.00,19.00,35.00,0.8072,1,1
448,1,1022.00,163.00,62.00,61.00,0.9229,1,1
448,11,904.00,257.00,31.00,25.00,0.8856,1,1
448,25,657.00,204.00,68.00,61.00,0.3783,1,1
448,33,985.00,153.00,19.00,32.00,0.7360,1,1
449,1,1022.00,163.00,62.00,61.00,0.9323,1,1
449,11,907.00,252.00,31.00,23.00,0.8877,1,1
449,33,978.00,156.00,19.00,31.00,0.8512,1,1
450,1,1021.00,163.00,63.00,60.00,0.9352,1,1
450,11,908.00,247.00,33.00,25.00,0.8786,1,1
450,33,972.00,155.00,19.00,33.00,0.7499,1,1
451,1,1021.00,163.00,63.00,60.00,0.9360,1,1
451,11,908.00,247.00,33.00,25.00,0.8790,1,1
451,33,973.00,155.00,18.00,33.00,0.7567,1,1
451,34,961.00,33.00,49.00,53.00,0.3606,1,1
