2,1,400.00,503.00,100.00,108.00,0.9325,1,1
2,2,646.00,338.00,80.00,72.00,0.9286,1,1
2,3,217.00,787.00,107.00,139.00,0.8710,1,1
2,4,374.00,232.00,55.00,59.00,0.8888,1,1
2,5,166.00,349.00,61.00,54.00,0.8633,1,1
2,6,186.00,389.00,39.00,38.00,0.8410,1,1
2,7,262.00,481.00,46.00,44.00,0.8167,1,1
2,8,213.00,519.00,50.00,33.00,0.6061,1,1
2,9,386.00,286.00,38.00,27.00,0.6663,1,1
2,10,446.00,397.00,28.00,40.00,0.6964,1,1
2,11,383.00,391.00,43.00,41.00,0.6709,1,1
3,1,400.00,500.00,100.00,105.00,0.9345,1,1
3,2,651.00,335.00,77.00,70.00,0.9273,1,1
3,3,222.00,785.00,107.00,144.00,0.9035,1,1
3,4,374.00,231.00,56.00,59.00,0.8937,1,1
3,5,166.00,348.00,62.00,54.00,0.8732,1,1
3,6,185.00,389.00,40.00,37.00,0.8383,1,1
3,7,264.00,482.00,44.00,44.00,0.8040,1,1
3,8,216.00,521.00,49.00,38.00,0.7014,1,1
3,9,387.00,286.00,38.00,26.00,0.7169,1,1
3,10,445.00,397.00,29.00,40.00,0.6527,1,1
3,11,384.00,390.00,42.00,42.00,0.7134,1,1
4,1,401.00,498.00,99.00,100.00,0.9379,1,1
4,2,655.00,332.00,78.00,70.00,0.9350,1,1
4,3,229.00,782.00,104.00,144.00,0.8911,1,1
4,4,374.00,231.00,57.00,59.00,0.8938,1,1
4,5,166.00,346.00,62.00,55.00,0.8783,1,1
4,6,185.00,387.00,40.00,39.00,0.8188,1,1
4,7,263.00,482.00,45.00,44.00,0.7918,1,1
4,8,217.00,520.00,47.00,37.00,0.6778,1,1
4,9,387.00,284.00,37.00,28.00,0.7283,1,1
4,10,445.00,394.00,28.00,43.00,0.7483,1,1
4,11,385.00,389.00,39.00,43.00,0.6644,1,1
5,1,401.00,495.00,100.00,100.00,0.9440,1,1
5,2,656.00,330.00,79.00,70.00,0.9343,1,1
5,3,236.00,780.00,104.00,144.00,0.8933,1,1
5,4,374.00,231.00,57.00,58.00,0.8940,1,1
5,5,166.00,345.00,62.00,56.00,0.8881,1,1
5,6,185.00,385.00,41.00,40.00,0.8290,1,1
5,7,263.00,482.00,46.00,44.00,0.7849,1,1
5,8,216.00,520.00,47.00,35.00,0.7007,1,1
5,9,388.00,284.00,36.00,27.00,0.7510,1,1
5,10,446.00,392.00,27.00,44.00,0.7718,1,1
5,11,381.00,386.00,43.00,45.00,0.5188,1,1
5,12,354.00,807.00,41.00,57.00,0.6099,1,1
6,1,403.00,493.00,100.00,99.00,0.9427,1,1
6,2,658.00,328.00,80.00,70.00,0.9293,1,1
6,3,239.00,778.00,105.00,141.00,0.9009,1,1
6,4,374.00,231.00,58.00,58.00,0.8950,1,1
6,5,166.00,344.00,62.00,55.00,0.8812,1,1
6,6,185.00,384.00,41.00,41.00,0.8046,1,1
6,7,263.00,483.00,46.00,44.00,0.7680,1,1
6,8,216.00,518.00,46.00,34.00,0.7254,1,1
6,9,388.00,284.00,37.00,26.00,0.7241,1,1
6,10,448.00,391.00,27.00,42.00,0.7933,1,1
6,11,378.00,387.00,45.00,41.00,0.6680,1,1
6,12,353.00,801.00,40.00,54.00,0.7282,1,1
7,1,406.00,491.00,98.00,97.00,0.9405,1,1
7,2,659.00,326.00,80.00,69.00,0.9378,1,1
7,3,241.00,774.00,107.00,143.00,0.9061,1,1
7,4,375.00,231.00,57.00,58.00,0.8971,1,1
7,5,166.00,344.00,62.00,55.00,0.8765,1,1
7,6,184.00,384.00,42.00,40.00,0.8652,1,1
7,7,263.00,482.00,46.00,45.00,0.7578,1,1
7,8,216.00,517.00,42.00,30.00,0.7917,1,1
7,9,388.00,284.00,37.00,26.00,0.7319,1,1
7,10,448.00,390.00,29.00,41.00,0.8588,1,1
7,11,376.00,386.00,47.00,41.00,0.6878,1,1
7,12,353.00,799.00,42.00,51.00,0.5663,1,1
8,1,412.00,488.00,95.00,98.00,0.9367,1,1
8,2,661.00,324.00,80.00,68.00,0.9545,1,1
8,3,245.00,770.00,107.00,146.00,0.9086,1,1
8,4,375.00,230.00,57.00,59.00,0.8998,1,1
8,5,166.00,344.00,62.00,54.00,0.8744,1,1
8,6,183.00,384.00,43.00,40.00,0.9003,1,1
8,7,264.00,483.00,46.00,46.00,0.7508,1,1
8,8,212.00,514.00,46.00,31.00,0.7361,1,1
8,9,388.00,283.00,37.00,27.00,0.7328,1,1
8,10,448.00,389.00,30.00,41.00,0.8600,1,1
8,11,377.00,386.00,47.00,39.00,0.7383,1,1
8,12,355.00,796.00,40.00,49.00,0.8235,1,1
9,1,415.00,485.00,96.00,99.00,0.9377,1,1
9,2,661.00,323.00,81.00,68.00,0.9536,1,1
9,3,248.00,767.00,106.00,146.00,0.9061,1,1
9,4,375.00,230.00,57.00,59.00,0.9017,1,1
9,5,166.00,343.00,62.00,54.00,0.8771,1,1
9,6,183.00,384.00,43.00,40.00,0.8914,1,1
9,7,264.00,483.00,46.00,45.00,0.7292,1,1
9,8,215.00,513.00,41.00,28.00,0.7471,1,1
9,9,388.00,283.00,37.00,27.00,0.7264,1,1
9,10,448.00,389.00,29.00,41.00,0.8511,1,1
9,11,381.00,387.00,44.00,39.00,0.7193,1,1
9,12,355.00,791.00,44.00,52.00,0.7908,1,1
9,14,417.00,838.00,89.00,47.00,0.3501,1,1
10,1,420.00,483.00,94.00,99.00,0.9392,1,1
10,2,662.00,323.00,81.00,66.00,0.9474,1,1
10,3,249.00,764.00,105.00,148.00,0.9041,1,1
10,4,375.00,230.00,57.00,59.00,0.8997,1,1
10,5,166.00,343.00,62.00,53.00,0.8797,1,1
10,6,183.00,383.00,42.00,40.00,0.8972,1,1
10,7,264.00,484.00,46.00,43.00,0.7488,1,1
10,8,212.00,511.00,41.00,30.00,0.7798,1,1
10,9,388.00,283.00,37.00,27.00,0.7397,1,1
10,10,448.00,391.00,28.00,43.00,0.8064,1,1
10,11,383.00,389.00,44.00,42.00,0.6137,1,1
10,12,359.00,789.00,40.00,48.00,0.7843,1,1
10,14,418.00,835.00,89.00,47.00,0.2764,1,1
11,1,424.00,480.00,91.00,100.00,0.9295,1,1
11,2,662.00,322.00,83.00,65.00,0.9107,1,1
11,3,251.00,764.00,105.00,147.00,0.9026,1,1
11,4,375.00,230.00,57.00,59.00,0.8988,1,1
11,5,167.00,343.00,61.00,53.00,0.8771,1,1
11,6,183.00,382.00,43.00,41.00,0.9147,1,1
11,7,263.00,482.00,47.00,46.00,0.7294,1,1
11,8,214.00,511.00,43.00,31.00,0.7340,1,1
11,9,388.00,283.00,37.00,27.00,0.7328,1,1
11,10,447.00,391.00,30.00,43.00,0.8040,1,1
11,11,380.00,392.00,46.00,40.00,0.6483,1,1
11,12,358.00,783.00,42.00,50.00,0.7004,1,1
11,14,419.00,830.00,94.00,46.00,0.3821,1,1
12,1,426.00,479.00,93.00,103.00,0.9273,1,1
12,2,661.00,320.00,84.00,67.00,0.9014,1,1
12,3,252.00,760.00,106.00,147.00,0.8884,1,1
12,4,375.00,230.00,57.00,59.00,0.9010,1,1
12,5,167.00,343.00,61.00,52.00,0.8772,1,1
12,6,184.00,382.00,42.00,40.00,0.9002,1,1
12,7,259.00,482.00,50.00,45.00,0.7487,1,1
12,8,216.00,513.00,43.00,29.00,0.6618,1,1
12,9,388.00,284.00,37.00,27.00,0.7045,1,1
12,10,447.00,389.00,31.00,46.00,0.7314,1,1
12,11,379.00,392.00,46.00,40.00,0.7098,1,1
12,12,358.00,779.00,44.00,48.00,0.7744,1,1
12,14,422.00,827.00,93.00,45.00,0.3821,1,1
13,1,430.00,476.00,91.00,103.00,0.9315,1,1
13,2,661.00,319.00,84.00,67.00,0.8939,1,1
13,3,254.00,756.00,104.00,148.00,0.8914,1,1
13,4,375.00,231.00,58.00,58.00,0.8988,1,1
13,5,167.00,343.00,61.00,52.00,0.8763,1,1
13,6,184.00,382.00,42.00,40.00,0.8955,1,1
13,7,262.00,482.00,47.00,44.00,0.7480,1,1
13,8,217.00,512.00,42.00,29.00,0.6618,1,1
13,9,389.00,284.00,37.00,27.00,0.6851,1,1
13,10,449.00,383.00,29.00,43.00,0.7016,1,1
13,11,376.00,392.00,49.00,37.00,0.5640,1,1
13,12,358.00,776.00,47.00,50.00,0.7917,1,1
13,14,388.00,618.00,35.00,44.00,0.2680,1,1
14,1,432.00,472.00,92.00,107.00,0.9266,1,1
14,2,661.00,317.00,83.00,68.00,0.8858,1,1
14,3,256.00,754.00,103.00,146.00,0.9007,1,1
14,4,375.00,232.00,58.00,58.00,0.8978,1,1
14,5,166.00,343.00,62.00,51.00,0.8772,1,1
14,6,184.00,382.00,42.00,40.00,0.9034,1,1
14,7,259.00,482.00,50.00,45.00,0.7493,1,1
14,8,220.00,519.00,41.00,32.00,0.5140,1,1
14,9,388.00,284.00,37.00,28.00,0.6503,1,1
14,10,450.00,385.00,33.00,46.00,0.8412,1,1
14,11,376.00,392.00,48.00,34.00,0.6709,1,1
14,12,356.00,771.00,47.00,48.00,0.7640,1,1
14,14,377.00,569.00,33.00,43.00,0.2680,1,1
15,1,436.00,470.00,92.00,108.00,0.9249,1,1
15,2,661.00,317.00,84.00,65.00,0.8871,1,1
15,3,257.00,752.00,105.00,145.00,0.9039,1,1
15,4,374.00,232.00,59.00,58.00,0.8989,1,1
15,5,166.00,343.00,62.00,52.00,0.8747,1,1
15,6,185.00,382.00,41.00,40.00,0.9110,1,1
15,7,259.00,482.00,50.00,45.00,0.7447,1,1
15,8,221.00,517.00,40.00,31.00,0.7074,1,1
15,9,388.00,286.00,38.00,27.00,0.6385,1,1
15,10,450.00,385.00,34.00,45.00,0.8412,1,1
15,11,376.00,392.00,47.00,34.00,0.6426,1,1
15,12,357.00,767.00,47.00,48.00,0.8134,1,1
16,1,437.00,469.00,91.00,108.00,0.9329,1,1
16,2,661.00,316.00,84.00,65.00,0.8956,1,1
16,3,259.00,751.00,105.00,143.00,0.9135,1,1
16,4,374.00,233.00,59.00,57.00,0.9003,1,1
16,5,166.00,343.00,62.00,52.00,0.8747,1,1
16,6,185.00,382.00,41.00,40.00,0.9207,1,1
16,7,258.00,482.00,51.00,45.00,0.7459,1,1
16,8,221.00,516.00,41.00,30.00,0.7281,1,1
16,9,388.00,286.00,38.00,27.00,0.6681,1,1
16,11,380.00,393.00,45.00,38.00,0.6776,1,1
16,12,359.00,764.00,45.00,50.00,0.7666,1,1
17,1,437.00,468.00,91.00,109.00,0.9263,1,1
17,2,661.00,315.00,83.00,64.00,0.9074,1,1
17,3,262.00,748.00,104.00,144.00,0.8820,1,1
17,4,373.00,233.00,60.00,58.00,0.8960,1,1
17,5,167.00,343.00,61.00,52.00,0.8753,1,1
17,6,185.00,382.00,41.00,40.00,0.9160,1,1
17,7,259.00,482.00,50.00,45.00,0.7412,1,1
17,8,219.00,514.00,43.00,31.00,0.7374,1,1
17,9,387.00,286.00,39.00,27.00,0.6731,1,1
17,10,456.00,382.00,40.00,41.00,0.6296,1,1
17,11,371.00,395.00,54.00,36.00,0.3766,1,1
17,12,359.00,760.00,45.00,50.00,0.6190,1,1
18,1,436.00,467.00,92.00,108.00,0.9314,1,1
18,2,661.00,314.00,83.00,65.00,0.9087,1,1
18,3,265.00,746.00,103.00,143.00,0.9017,1,1
18,4,372.00,234.00,61.00,57.00,0.8818,1,1
18,5,167.00,343.00,61.00,52.00,0.8748,1,1
18,6,186.00,382.00,40.00,40.00,0.9124,1,1
18,7,262.00,483.00,47.00,43.00,0.7560,1,1
18,8,218.00,514.00,44.00,31.00,0.6617,1,1
18,9,386.00,286.00,40.00,27.00,0.6800,1,1
18,10,457.00,381.00,40.00,39.00,0.7664,1,1
18,11,370.00,396.00,55.00,35.00,0.3766,1,1
18,12,361.00,758.00,48.00,53.00,0.5253,1,1
19,1,436.00,466.00,93.00,108.00,0.9369,1,1
19,2,660.00,312.00,84.00,66.00,0.9250,1,1
19,3,268.00,743.00,103.00,144.00,0.8871,1,1
19,4,371.00,235.00,62.00,56.00,0.8720,1,1
19,5,167.00,343.00,61.00,52.00,0.8823,1,1
19,6,185.00,381.00,41.00,40.00,0.9184,1,1
19,7,254.00,480.00,53.00,45.00,0.7107,1,1
19,8,219.00,512.00,43.00,33.00,0.7439,1,1
19,9,385.00,286.00,41.00,28.00,0.7030,1,1
19,10,458.00,381.00,38.00,36.00,0.7664,1,1
19,12,361.00,753.00,48.00,57.00,0.6370,1,1
20,1,435.00,466.00,93.00,110.00,0.9417,1,1
20,2,659.00,311.00,84.00,66.00,0.9245,1,1
20,3,270.00,741.00,104.00,143.00,0.8960,1,1
20,4,369.00,236.00,64.00,54.00,0.8725,1,1
20,5,167.00,343.00,61.00,52.00,0.8822,1,1
20,6,185.00,381.00,42.00,40.00,0.9112,1,1
20,7,255.00,480.00,50.00,44.00,0.7090,1,1
20,8,221.00,515.00,42.00,31.00,0.5114,1,1
20,9,384.00,286.00,41.00,28.00,0.7215,1,1
20,10,456.00,380.00,37.00,40.00,0.6911,1,1
20,12,362.00,750.00,46.00,52.00,0.5966,1,1
21,1,433.00,467.00,93.00,110.00,0.9422,1,1
21,2,659.00,311.00,84.00,66.00,0.9273,1,1
21,3,272.00,739.00,104.00,142.00,0.8913,1,1
21,4,368.00,238.00,65.00,52.00,0.8866,1,1
21,5,167.00,343.00,61.00,51.00,0.8829,1,1
21,6,186.00,381.00,41.00,40.00,0.9017,1,1
21,7,257.00,481.00,48.00,42.00,0.7470,1,1
21,8,226.00,519.00,41.00,33.00,0.4137,1,1
21,9,383.00,286.00,42.00,28.00,0.7163,1,1
21,10,454.00,378.00,34.00,40.00,0.7773,1,1
21,12,365.00,745.00,45.00,53.00,0.5535,1,1
21,14,264.00,733.00,37.00,46.00,0.3426,1,1
22,1,431.00,469.00,92.00,110.00,0.9418,1,1
22,2,659.00,311.00,84.00,66.00,0.9284,1,1
22,3,276.00,736.00,104.00,140.00,0.8766,1,1
22,4,367.00,239.00,66.00,52.00,0.8863,1,1
22,5,167.00,343.00,61.00,51.00,0.8843,1,1
22,6,186.00,381.00,40.00,40.00,0.8966,1,1
22,7,259.00,482.00,46.00,42.00,0.7435,1,1
22,8,225.00,519.00,43.00,34.00,0.6230,1,1
22,9,383.00,285.00,42.00,29.00,0.6935,1,1
22,10,453.00,378.00,34.00,40.00,0.6425,1,1
22,11,374.00,400.00,49.00,34.00,0.5302,1,1
22,12,366.00,741.00,44.00,49.00,0.6627,1,1
22,14,266.00,730.00,37.00,46.00,0.3543,1,1
23,1,428.00,471.00,92.00,112.00,0.9265,1,1
23,2,659.00,311.00,84.00,66.00,0.9262,1,1
23,3,278.00,736.00,104.00,140.00,0.8748,1,1
23,4,366.00,239.00,68.00,51.00,0.8825,1,1
23,5,167.00,343.00,61.00,52.00,0.8844,1,1
23,6,185.00,381.00,42.00,40.00,0.8969,1,1
23,7,258.00,481.00,47.00,43.00,0.7423,1,1
23,8,227.00,519.00,42.00,33.00,0.6755,1,1
23,9,383.00,285.00,42.00,29.00,0.6789,1,1
23,10,451.00,380.00,35.00,35.00,0.6991,1,1
23,11,367.00,401.00,57.00,35.00,0.3200,1,1
23,12,371.00,741.00,43.00,47.00,0.6272,1,1
23,14,271.00,729.00,33.00,45.00,0.2732,1,1
24,1,423.00,473.00,92.00,112.00,0.9275,1,1
24,2,659.00,310.00,84.00,67.00,0.9207,1,1
24,3,281.00,734.00,105.00,140.00,0.8641,1,1
24,4,364.00,239.00,70.00,51.00,0.8913,1,1
24,5,166.00,342.00,62.00,53.00,0.8859,1,1
24,6,185.00,381.00,41.00,41.00,0.8920,1,1
24,7,257.00,481.00,50.00,43.00,0.7517,1,1
24,8,227.00,519.00,42.00,31.00,0.7315,1,1
24,9,388.00,285.00,37.00,28.00,0.6527,1,1
24,10,451.00,380.00,35.00,33.00,0.6485,1,1
24,11,365.00,402.00,57.00,34.00,0.4132,1,1
24,12,371.00,738.00,46.00,49.00,0.6938,1,1
24,14,273.00,728.00,33.00,45.00,0.2552,1,1
25,1,418.00,477.00,91.00,110.00,0.9484,1,1
25,2,659.00,310.00,85.00,67.00,0.9018,1,1
25,3,285.00,732.00,103.00,141.00,0.8455,1,1
25,4,363.00,239.00,71.00,50.00,0.8954,1,1
25,5,165.00,342.00,63.00,53.00,0.8889,1,1
25,6,185.00,381.00,41.00,41.00,0.8856,1,1
25,7,256.00,481.00,51.00,44.00,0.7484,1,1
25,8,225.00,515.00,43.00,33.00,0.7486,1,1
25,9,389.00,284.00,37.00,29.00,0.6774,1,1
25,10,451.00,379.00,35.00,34.00,0.5084,1,1
25,11,376.00,405.00,49.00,33.00,0.5362,1,1
25,12,373.00,734.00,46.00,52.00,0.6105,1,1
25,14,267.00,733.00,31.00,45.00,0.2552,1,1
25,16,378.00,283.00,49.00,28.00,0.4185,1,1
26,1,411.00,481.00,94.00,109.00,0.9542,1,1
26,2,659.00,310.00,86.00,67.00,0.9037,1,1
26,3,288.00,729.00,105.00,141.00,0.8624,1,1
26,4,363.00,240.00,71.00,48.00,0.8960,1,1
26,5,165.00,342.00,63.00,53.00,0.8876,1,1
26,6,186.00,381.00,40.00,41.00,0.8826,1,1
26,7,256.00,482.00,50.00,42.00,0.7312,1,1
26,8,225.00,515.00,44.00,32.00,0.7970,1,1
26,9,390.00,284.00,36.00,28.00,0.6992,1,1
26,10,451.00,379.00,34.00,33.00,0.5110,1,1
26,11,374.00,404.00,48.00,33.00,0.6042,1,1
26,12,378.00,731.00,47.00,54.00,0.3259,1,1
26,14,276.00,729.00,32.00,45.00,0.4835,1,1
26,16,380.00,283.00,46.00,27.00,0.2591,1,1
27,1,404.00,485.00,96.00,109.00,0.9301,1,1
27,2,660.00,310.00,85.00,66.00,0.9075,1,1
27,3,293.00,726.00,104.00,143.00,0.8702,1,1
27,4,363.00,240.00,71.00,48.00,0.8947,1,1
27,5,166.00,342.00,62.00,53.00,0.8855,1,1
27,6,185.00,381.00,41.00,41.00,0.8741,1,1
27,7,256.00,482.00,50.00,42.00,0.7299,1,1
27,8,225.00,516.00,44.00,29.00,0.7574,1,1
27,9,391.00,284.00,35.00,27.00,0.7145,1,1
27,10,450.00,378.00,35.00,34.00,0.4198,1,1
27,11,374.00,404.00,49.00,32.00,0.6520,1,1
27,12,381.00,730.00,45.00,49.00,0.7090,1,1
27,14,276.00,729.00,34.00,46.00,0.5562,1,1
27,16,380.00,282.00,47.00,28.00,0.2591,1,1
28,1,397.00,488.00,95.00,110.00,0.9258,1,1
28,2,661.00,310.00,84.00,67.00,0.9100,1,1
28,3,294.00,724.00,108.00,142.00,0.8614,1,1
28,4,362.00,240.00,72.00,49.00,0.8931,1,1
28,5,166.00,343.00,62.00,52.00,0.8810,1,1
28,6,185.00,382.00,40.00,41.00,0.8816,1,1
28,7,257.00,482.00,49.00,42.00,0.7317,1,1
28,8,226.00,517.00,42.00,31.00,0.7277,1,1
28,9,391.00,283.00,35.00,27.00,0.7489,1,1
28,10,451.00,379.00,34.00,34.00,0.3943,1,1
28,11,377.00,405.00,48.00,33.00,0.7519,1,1
28,12,385.00,727.00,45.00,48.00,0.7282,1,1
28,14,276.00,729.00,34.00,48.00,0.5166,1,1
29,1,388.00,494.00,95.00,108.00,0.9500,1,1
29,2,661.00,310.00,85.00,67.00,0.9065,1,1
29,3,298.00,722.00,106.00,138.00,0.8950,1,1
29,4,362.00,240.00,72.00,48.00,0.8948,1,1
29,5,165.00,343.00,62.00,52.00,0.8813,1,1
29,6,184.00,382.00,41.00,40.00,0.8785,1,1
29,7,259.00,483.00,47.00,42.00,0.7498,1,1
29,8,228.00,519.00,39.00,32.00,0.4673,1,1
29,9,390.00,282.00,36.00,27.00,0.7632,1,1
29,10,451.00,380.00,37.00,33.00,0.3213,1,1
29,11,376.00,405.00,49.00,33.00,0.6510,1,1
29,12,388.00,723.00,43.00,51.00,0.6232,1,1
29,14,278.00,728.00,35.00,47.00,0.5801,1,1
29,17,641.00,523.00,38.00,32.00,0.3266,1,1
30,1,378.00,499.00,96.00,112.00,0.9358,1,1
30,2,661.00,310.00,85.00,67.00,0.9091,1,1
30,3,300.00,721.00,109.00,137.00,0.9082,1,1
30,4,362.00,240.00,72.00,47.00,0.8883,1,1
30,5,164.00,342.00,62.00,54.00,0.8827,1,1
30,6,184.00,382.00,41.00,41.00,0.8908,1,1
30,7,259.00,483.00,46.00,41.00,0.7474,1,1
30,8,228.00,518.00,38.00,30.00,0.6698,1,1
30,9,390.00,281.00,37.00,27.00,0.7932,1,1
30,10,451.00,380.00,37.00,33.00,0.3213,1,1
30,11,378.00,405.00,49.00,34.00,0.4999,1,1
30,12,389.00,722.00,42.00,52.00,0.3385,1,1
30,14,284.00,729.00,31.00,46.00,0.5911,1,1
30,17,641.00,525.00,39.00,31.00,0.2533,1,1
30,18,415.00,747.00,45.00,33.00,0.4227,1,1
31,1,370.00,502.00,98.00,112.00,0.9250,1,1
31,2,661.00,309.00,85.00,68.00,0.9088,1,1
31,3,302.00,721.00,112.00,136.00,0.9162,1,1
31,4,362.00,241.00,73.00,43.00,0.8894,1,1
31,5,164.00,343.00,62.00,53.00,0.8782,1,1
31,6,184.00,382.00,40.00,41.00,0.9074,1,1
31,7,260.00,483.00,45.00,41.00,0.7277,1,1
31,8,228.00,518.00,38.00,29.00,0.7247,1,1
31,9,392.00,280.00,35.00,26.00,0.7885,1,1
31,10,455.00,378.00,37.00,31.00,0.3949,1,1
31,11,376.00,404.00,52.00,32.00,0.3139,1,1
31,12,390.00,719.00,43.00,52.00,0.3385,1,1
31,14,286.00,727.00,31.00,46.00,0.6499,1,1
31,17,641.00,528.00,40.00,30.00,0.3150,1,1
31,18,417.00,748.00,43.00,32.00,0.4227,1,1
32,1,361.00,508.00,97.00,110.00,0.9403,1,1
32,2,661.00,310.00,85.00,68.00,0.8992,1,1
32,3,305.00,721.00,109.00,133.00,0.9242,1,1
32,4,362.00,240.00,73.00,43.00,0.8884,1,1
32,5,164.00,343.00,62.00,55.00,0.8782,1,1
32,6,184.00,383.00,40.00,40.00,0.9157,1,1
32,7,260.00,483.00,45.00,41.00,0.6876,1,1
32,8,227.00,517.00,42.00,30.00,0.7553,1,1
32,9,391.00,279.00,36.00,26.00,0.8227,1,1
32,10,458.00,377.00,37.00,32.00,0.5909,1,1
32,11,377.00,404.00,52.00,32.00,0.3139,1,1
32,14,288.00,726.00,32.00,46.00,0.5970,1,1
32,17,641.00,530.00,40.00,29.00,0.3150,1,1
33,1,356.00,510.00,101.00,112.00,0.9505,1,1
33,2,660.00,310.00,87.00,68.00,0.9004,1,1
33,3,307.00,720.00,109.00,134.00,0.9352,1,1
33,4,362.00,239.00,73.00,43.00,0.8925,1,1
33,5,164.00,344.00,62.00,55.00,0.8803,1,1
33,6,183.00,383.00,41.00,40.00,0.9040,1,1
33,7,260.00,482.00,46.00,43.00,0.6744,1,1
33,8,226.00,517.00,43.00,31.00,0.6966,1,1
33,9,391.00,278.00,37.00,26.00,0.8227,1,1
33,10,462.00,374.00,39.00,33.00,0.5346,1,1
33,14,287.00,728.00,31.00,47.00,0.5970,1,1
33,16,391.00,277.00,37.00,27.00,0.7985,1,1
34,1,348.00,514.00,103.00,111.00,0.9289,1,1
34,2,660.00,310.00,87.00,68.00,0.8897,1,1
34,3,308.00,720.00,109.00,134.00,0.9395,1,1
34,4,363.00,239.00,72.00,43.00,0.8972,1,1
34,5,163.00,344.00,63.00,55.00,0.8862,1,1
34,6,183.00,385.00,40.00,39.00,0.8886,1,1
34,7,261.00,483.00,45.00,41.00,0.7097,1,1
34,8,227.00,519.00,41.00,34.00,0.6984,1,1
34,10,464.00,370.00,40.00,33.00,0.6389,1,1
34,16,392.00,276.00,36.00,27.00,0.7843,1,1
35,1,343.00,516.00,100.00,110.00,0.9221,1,1
35,2,659.00,310.00,88.00,68.00,0.8935,1,1
35,3,308.00,720.00,109.00,135.00,0.9315,1,1
35,4,362.00,238.00,73.00,43.00,0.8925,1,1
35,5,162.00,344.00,61.00,56.00,0.8904,1,1
35,6,182.00,386.00,40.00,39.00,0.8843,1,1
35,7,262.00,484.00,45.00,41.00,0.7149,1,1
35,8,227.00,523.00,43.00,33.00,0.4850,1,1
35,9,396.00,275.00,34.00,27.00,0.7791,1,1
35,10,471.00,365.00,39.00,36.00,0.6273,1,1
35,16,393.00,275.00,36.00,27.00,0.7843,1,1
36,1,341.00,519.00,99.00,111.00,0.9295,1,1
36,2,659.00,311.00,87.00,68.00,0.8954,1,1
36,3,309.00,722.00,109.00,133.00,0.9259,1,1
36,4,364.00,237.00,72.00,43.00,0.8897,1,1
36,5,162.00,344.00,60.00,56.00,0.8976,1,1
36,6,181.00,384.00,40.00,41.00,0.9062,1,1
36,7,264.00,485.00,44.00,40.00,0.7012,1,1
36,8,226.00,523.00,44.00,33.00,0.4339,1,1
36,9,397.00,273.00,35.00,28.00,0.7784,1,1
36,10,472.00,364.00,40.00,35.00,0.6273,1,1
37,1,336.00,522.00,102.00,114.00,0.9475,1,1
37,2,659.00,311.00,87.00,68.00,0.8952,1,1
37,3,310.00,722.00,110.00,133.00,0.9127,1,1
37,4,364.00,236.00,73.00,43.00,0.8888,1,1
37,5,160.00,344.00,60.00,57.00,0.9020,1,1
37,6,179.00,383.00,41.00,42.00,0.9301,1,1
37,7,262.00,484.00,45.00,40.00,0.7365,1,1
37,8,227.00,522.00,42.00,31.00,0.5761,1,1
37,9,398.00,272.00,35.00,30.00,0.8120,1,1
38,1,333.00,524.00,97.00,113.00,0.9517,1,1
38,2,659.00,312.00,87.00,67.00,0.9015,1,1
38,3,313.00,722.00,110.00,135.00,0.9355,1,1
38,4,365.00,236.00,73.00,43.00,0.8931,1,1
38,5,160.00,343.00,57.00,58.00,0.8886,1,1
38,6,179.00,379.00,39.00,45.00,0.9326,1,1
38,7,257.00,481.00,48.00,42.00,0.7248,1,1
38,8,226.00,519.00,39.00,32.00,0.6797,1,1
38,9,402.00,271.00,32.00,30.00,0.7710,1,1
38,10,490.00,355.00,39.00,33.00,0.3509,1,1
39,1,331.00,527.00,97.00,113.00,0.9374,1,1
39,2,659.00,312.00,87.00,66.00,0.9064,1,1
39,3,316.00,722.00,110.00,136.00,0.9406,1,1
39,4,367.00,235.00,72.00,43.00,0.8909,1,1
39,5,159.00,343.00,56.00,57.00,0.8778,1,1
39,6,177.00,374.00,39.00,49.00,0.5927,1,1
39,7,258.00,481.00,47.00,42.00,0.7568,1,1
39,8,225.00,519.00,43.00,28.00,0.8244,1,1
39,9,399.00,270.00,36.00,30.00,0.7647,1,1
39,10,497.00,350.00,43.00,31.00,0.6658,1,1
39,11,175.00,389.00,42.00,36.00,0.3658,1,1
39,18,175.00,387.00,43.00,37.00,0.8734,1,1
40,1,329.00,529.00,96.00,113.00,0.9332,1,1
40,2,659.00,312.00,87.00,66.00,0.9004,1,1
40,3,320.00,722.00,105.00,137.00,0.9201,1,1
40,4,368.00,234.00,72.00,43.00,0.8923,1,1
40,5,158.00,343.00,55.00,57.00,0.8402,1,1
40,6,174.00,373.00,40.00,51.00,0.4980,1,1
40,7,255.00,480.00,49.00,44.00,0.6480,1,1
40,8,220.00,515.00,48.00,27.00,0.4434,1,1
40,9,400.00,269.00,36.00,31.00,0.7526,1,1
40,10,505.00,345.00,41.00,31.00,0.8167,1,1
40,11,174.00,391.00,42.00,34.00,0.3687,1,1
40,18,174.00,390.00,42.00,35.00,0.7828,1,1
41,1,327.00,531.00,97.00,114.00,0.9345,1,1
41,2,659.00,313.00,87.00,66.00,0.9110,1,1
41,3,324.00,722.00,102.00,138.00,0.8771,1,1
41,4,370.00,232.00,71.00,44.00,0.8927,1,1
41,5,158.00,343.00,52.00,56.00,0.8087,1,1
41,6,172.00,372.00,41.00,53.00,0.3659,1,1
41,7,257.00,479.00,40.00,41.00,0.6528,1,1
41,8,211.00,509.00,51.00,25.00,0.5839,1,1
41,9,402.00,269.00,35.00,30.00,0.7878,1,1
41,10,511.00,342.00,40.00,30.00,0.8181,1,1
41,11,172.00,393.00,44.00,32.00,0.2978,1,1
41,18,172.00,391.00,42.00,34.00,0.7007,1,1
42,1,323.00,535.00,97.00,112.00,0.9435,1,1
42,2,659.00,315.00,86.00,66.00,0.9025,1,1
42,3,324.00,722.00,104.00,137.00,0.8850,1,1
42,4,370.00,231.00,72.00,44.00,0.9023,1,1
42,5,158.00,344.00,51.00,53.00,0.7960,1,1
42,6,170.00,372.00,42.00,52.00,0.3658,1,1
42,7,263.00,482.00,32.00,38.00,0.4924,1,1
42,8,211.00,500.00,52.00,26.00,0.4951,1,1
42,9,406.00,268.00,32.00,31.00,0.7984,1,1
42,10,515.00,338.00,44.00,31.00,0.8607,1,1
42,11,170.00,392.00,42.00,33.00,0.6455,1,1
42,12,431.00,735.00,54.00,33.00,0.2600,1,1
42,18,162.00,374.00,42.00,34.00,0.7007,1,1
43,1,321.00,536.00,96.00,113.00,0.9523,1,1
43,2,660.00,315.00,85.00,68.00,0.9002,1,1
43,3,326.00,722.00,105.00,139.00,0.9097,1,1
43,4,372.00,231.00,71.00,43.00,0.8958,1,1
43,5,156.00,344.00,52.00,53.00,0.8086,1,1
43,6,169.00,373.00,41.00,51.00,0.3170,1,1
43,7,262.00,475.00,32.00,42.00,0.3538,1,1
43,8,208.00,492.00,50.00,22.00,0.7156,1,1
43,9,407.00,266.00,32.00,31.00,0.8149,1,1
43,10,520.00,333.00,47.00,32.00,0.3123,1,1
43,11,170.00,388.00,40.00,37.00,0.6385,1,1
43,12,434.00,736.00,54.00,31.00,0.2600,1,1
44,1,319.00,538.00,95.00,114.00,0.9455,1,1
44,2,660.00,317.00,85.00,67.00,0.9141,1,1
44,3,329.00,722.00,105.00,139.00,0.9160,1,1
44,4,373.00,229.00,72.00,45.00,0.9059,1,1
44,5,155.00,345.00,52.00,51.00,0.7714,1,1
44,6,167.00,372.00,42.00,53.00,0.3170,1,1
44,7,251.00,476.00,44.00,41.00,0.4350,1,1
44,8,209.00,481.00,45.00,25.00,0.6246,1,1
44,9,405.00,266.00,34.00,30.00,0.8014,1,1
44,10,523.00,328.00,48.00,30.00,0.6134,1,1
44,11,167.00,393.00,45.00,33.00,0.2837,1,1
44,14,253.00,479.00,52.00,43.00,0.2537,1,1
44,17,387.00,390.00,46.00,27.00,0.5071,1,1
44,18,170.00,396.00,41.00,30.00,0.4026,1,1
45,1,317.00,539.00,97.00,114.00,0.9364,1,1
45,2,661.00,317.00,85.00,68.00,0.9142,1,1
45,3,331.00,723.00,105.00,140.00,0.9259,1,1
45,4,374.00,229.00,71.00,44.00,0.8892,1,1
45,5,154.00,345.00,53.00,53.00,0.7866,1,1
45,7,243.00,472.00,47.00,42.00,0.3469,1,1
45,8,201.00,474.00,39.00,25.00,0.5271,1,1
45,9,416.00,265.00,26.00,31.00,0.2995,1,1
45,10,527.00,325.00,49.00,29.00,0.6134,1,1
45,11,169.00,390.00,41.00,35.00,0.5074,1,1
45,12,431.00,731.00,65.00,42.00,0.2941,1,1
45,14,245.00,474.00,57.00,48.00,0.3688,1,1
45,16,406.00,265.00,35.00,29.00,0.7455,1,1
45,17,386.00,389.00,44.00,28.00,0.6140,1,1
45,18,170.00,396.00,40.00,30.00,0.3396,1,1
46,1,315.00,541.00,98.00,113.00,0.9271,1,1
46,2,661.00,318.00,86.00,67.00,0.9127,1,1
46,3,333.00,724.00,105.00,142.00,0.9196,1,1
46,4,376.00,227.00,70.00,46.00,0.8942,1,1
46,5,153.00,346.00,52.00,54.00,0.7949,1,1
46,7,241.00,472.00,50.00,43.00,0.5609,1,1
46,8,195.00,468.00,35.00,25.00,0.3727,1,1
46,9,416.00,263.00,28.00,33.00,0.3050,1,1
46,10,531.00,322.00,52.00,26.00,0.3184,1,1
46,11,169.00,386.00,40.00,39.00,0.5825,1,1
46,12,441.00,733.00,58.00,40.00,0.3076,1,1
46,14,254.00,474.00,51.00,50.00,0.3839,1,1
46,16,406.00,263.00,36.00,29.00,0.7242,1,1
46,17,383.00,387.00,48.00,28.00,0.5152,1,1
46,18,166.00,390.00,39.00,29.00,0.3396,1,1
47,1,313.00,542.00,97.00,114.00,0.9170,1,1
47,2,662.00,319.00,86.00,67.00,0.9193,1,1
47,3,334.00,727.00,104.00,141.00,0.9066,1,1
47,4,376.00,226.00,71.00,47.00,0.8922,1,1
47,5,151.00,346.00,53.00,55.00,0.7845,1,1
47,7,270.00,489.00,41.00,39.00,0.5337,1,1
47,8,191.00,463.00,35.00,25.00,0.3727,1,1
47,9,415.00,263.00,30.00,33.00,0.3132,1,1
47,10,532.00,319.00,48.00,25.00,0.2958,1,1
47,11,168.00,384.00,41.00,41.00,0.6989,1,1
47,12,448.00,736.00,54.00,38.00,0.6933,1,1
47,14,252.00,464.00,53.00,50.00,0.3839,1,1
47,16,405.00,263.00,38.00,29.00,0.7737,1,1
47,17,380.00,386.00,49.00,29.00,0.4489,1,1
48,1,312.00,543.00,99.00,115.00,0.9225,1,1
48,2,662.00,320.00,86.00,66.00,0.9247,1,1
48,3,337.00,727.00,102.00,142.00,0.9036,1,1
48,4,379.00,226.00,69.00,47.00,0.8898,1,1
48,5,152.00,347.00,52.00,56.00,0.8204,1,1
48,6,168.00,373.00,39.00,46.00,0.3021,1,1
48,7,270.00,490.00,41.00,38.00,0.5834,1,1
48,9,416.00,262.00,31.00,33.00,0.3831,1,1
48,10,537.00,315.00,47.00,25.00,0.2958,1,1
48,11,169.00,382.00,39.00,44.00,0.7056,1,1
48,12,450.00,738.00,55.00,39.00,0.3756,1,1
48,16,405.00,262.00,39.00,30.00,0.7753,1,1
48,17,380.00,385.00,47.00,29.00,0.2675,1,1
49,1,311.00,544.00,96.00,115.00,0.9318,1,1
49,2,663.00,322.00,85.00,65.00,0.9234,1,1
49,3,338.00,729.00,103.00,141.00,0.9046,1,1
49,4,379.00,225.00,70.00,46.00,0.8857,1,1
49,5,151.00,348.00,53.00,56.00,0.8427,1,1
49,6,169.00,381.00,39.00,45.00,0.8062,1,1
49,7,271.00,490.00,40.00,38.00,0.5897,1,1
49,9,414.00,262.00,32.00,33.00,0.4560,1,1
49,10,538.00,315.00,48.00,24.00,0.4238,1,1
49,11,166.00,380.00,39.00,46.00,0.7056,1,1
49,12,441.00,732.00,64.00,41.00,0.5204,1,1
49,16,405.00,262.00,39.00,29.00,0.8028,1,1
49,17,377.00,386.00,47.00,28.00,0.2848,1,1
49,21,449.00,739.00,57.00,37.00,0.7067,1,1
50,1,310.00,543.00,94.00,116.00,0.9310,1,1
50,2,663.00,324.00,85.00,64.00,0.9223,1,1
50,3,340.00,730.00,104.00,140.00,0.8991,1,1
50,4,381.00,226.00,69.00,45.00,0.8865,1,1
50,5,152.00,349.00,53.00,56.00,0.8557,1,1
50,6,169.00,381.00,39.00,47.00,0.8290,1,1
50,7,271.00,490.00,39.00,39.00,0.3074,1,1
50,8,198.00,462.00,40.00,28.00,0.2551,1,1
50,9,414.00,260.00,34.00,31.00,0.8066,1,1
50,10,541.00,314.00,49.00,24.00,0.3985,1,1
50,12,443.00,732.00,63.00,42.00,0.2578,1,1
50,16,406.00,261.00,39.00,29.00,0.8028,1,1
50,17,376.00,386.00,45.00,29.00,0.2981,1,1
50,21,453.00,738.00,55.00,38.00,0.8156,1,1
51,1,309.00,544.00,95.00,114.00,0.9250,1,1
51,2,663.00,325.00,85.00,64.00,0.9262,1,1
51,3,341.00,730.00,103.00,140.00,0.8869,1,1
51,4,383.00,225.00,69.00,45.00,0.8917,1,1
51,5,153.00,349.00,54.00,57.00,0.8478,1,1
51,6,169.00,382.00,41.00,46.00,0.7406,1,1
51,7,263.00,482.00,41.00,41.00,0.4220,1,1
51,8,197.00,459.00,40.00,28.00,0.2551,1,1
51,9,414.00,259.00,36.00,31.00,0.8336,1,1
51,10,546.00,313.00,46.00,23.00,0.4453,1,1
51,12,441.00,730.00,68.00,46.00,0.2822,1,1
51,17,376.00,384.00,39.00,31.00,0.4232,1,1
51,21,451.00,737.00,59.00,40.00,0.8194,1,1
52,1,308.00,544.00,95.00,113.00,0.9250,1,1
52,2,664.00,326.00,84.00,63.00,0.9286,1,1
52,3,342.00,729.00,104.00,142.00,0.8787,1,1
52,4,385.00,225.00,68.00,45.00,0.8955,1,1
52,5,152.00,351.00,57.00,57.00,0.8539,1,1
52,6,170.00,390.00,41.00,41.00,0.7238,1,1
52,7,265.00,486.00,40.00,36.00,0.6058,1,1
52,8,213.00,476.00,44.00,30.00,0.6186,1,1
52,9,417.00,259.00,35.00,31.00,0.8641,1,1
52,10,547.00,313.00,49.00,21.00,0.5002,1,1
52,12,437.00,723.00,73.00,53.00,0.2925,1,1
52,17,375.00,384.00,39.00,33.00,0.4817,1,1
52,21,447.00,730.00,63.00,50.00,0.6888,1,1
53,1,306.00,545.00,96.00,112.00,0.9306,1,1
53,2,664.00,325.00,84.00,64.00,0.9293,1,1
53,3,344.00,730.00,104.00,142.00,0.8934,1,1
53,4,386.00,223.00,69.00,46.00,0.8983,1,1
53,5,152.00,352.00,60.00,61.00,0.8727,1,1
53,6,175.00,388.00,38.00,43.00,0.8652,1,1
53,7,266.00,486.00,40.00,36.00,0.6058,1,1
53,8,217.00,488.00,47.00,27.00,0.6123,1,1
53,9,419.00,259.00,35.00,31.00,0.8644,1,1
53,10,548.00,313.00,53.00,22.00,0.5079,1,1
53,12,437.00,722.00,76.00,54.00,0.2925,1,1
53,16,412.00,259.00,36.00,29.00,0.4450,1,1
53,17,377.00,385.00,40.00,35.00,0.5886,1,1
53,21,444.00,731.00,67.00,50.00,0.6224,1,1
54,1,305.00,546.00,96.00,111.00,0.9366,1,1
54,2,664.00,325.00,84.00,64.00,0.9307,1,1
54,3,346.00,730.00,104.00,143.00,0.8980,1,1
54,4,388.00,223.00,70.00,45.00,0.8836,1,1
54,5,153.00,354.00,61.00,58.00,0.8943,1,1
54,6,179.00,391.00,35.00,43.00,0.8755,1,1
54,8,218.00,495.00,48.00,29.00,0.7361,1,1
54,9,418.00,258.00,38.00,31.00,0.8397,1,1
54,10,552.00,311.00,53.00,22.00,0.5079,1,1
54,12,436.00,725.00,73.00,53.00,0.3462,1,1
54,16,413.00,258.00,36.00,29.00,0.4450,1,1
54,17,376.00,384.00,41.00,37.00,0.6424,1,1
54,21,445.00,733.00,66.00,50.00,0.4341,1,1
55,1,303.00,546.00,97.00,111.00,0.9358,1,1
55,2,664.00,326.00,83.00,63.00,0.9294,1,1
55,3,348.00,732.00,104.00,142.00,0.9012,1,1
55,4,390.00,223.00,71.00,46.00,0.8864,1,1
55,5,154.00,356.00,62.00,57.00,0.8981,1,1
55,6,179.00,394.00,37.00,41.00,0.9009,1,1
55,7,263.00,482.00,42.00,38.00,0.4712,1,1
55,8,219.00,503.00,49.00,31.00,0.6639,1,1
55,9,417.00,258.00,41.00,32.00,0.8670,1,1
55,12,436.00,725.00,75.00,53.00,0.3462,1,1
55,17,376.00,385.00,41.00,37.00,0.5564,1,1
55,21,437.00,728.00,75.00,51.00,0.4712,1,1
56,1,303.00,546.00,96.00,111.00,0.9370,1,1
56,2,664.00,326.00,84.00,63.00,0.9280,1,1
56,3,349.00,734.00,104.00,141.00,0.8971,1,1
56,4,394.00,223.00,70.00,46.00,0.8923,1,1
56,5,155.00,357.00,65.00,57.00,0.9078,1,1
56,6,180.00,396.00,38.00,39.00,0.8792,1,1
56,7,261.00,481.00,43.00,39.00,0.5058,1,1
56,8,222.00,506.00,46.00,33.00,0.7827,1,1
56,9,422.00,256.00,40.00,34.00,0.8159,1,1
56,12,436.00,731.00,70.00,48.00,0.6614,1,1
56,17,377.00,388.00,41.00,37.00,0.5917,1,1
56,21,435.00,727.00,78.00,53.00,0.4712,1,1
57,1,302.00,546.00,97.00,111.00,0.9387,1,1
57,2,665.00,326.00,83.00,63.00,0.9345,1,1
57,3,350.00,734.00,105.00,143.00,0.8845,1,1
57,4,398.00,223.00,69.00,45.00,0.8943,1,1
57,5,155.00,358.00,66.00,56.00,0.9092,1,1
57,6,180.00,398.00,39.00,38.00,0.8678,1,1
57,7,261.00,482.00,45.00,39.00,0.5067,1,1
57,8,224.00,511.00,45.00,29.00,0.7939,1,1
57,9,425.00,255.00,41.00,35.00,0.8293,1,1
57,12,436.00,733.00,68.00,47.00,0.6960,1,1
57,17,378.00,388.00,39.00,37.00,0.6215,1,1
58,1,302.00,546.00,97.00,112.00,0.9344,1,1
58,2,665.00,326.00,83.00,63.00,0.9338,1,1
58,3,351.00,735.00,105.00,144.00,0.8652,1,1
58,4,402.00,222.00,68.00,45.00,0.8967,1,1
58,5,155.00,358.00,67.00,56.00,0.9164,1,1
58,6,181.00,398.00,39.00,39.00,0.8388,1,1
58,7,262.00,483.00,45.00,38.00,0.4873,1,1
58,8,224.00,512.00,48.00,33.00,0.7400,1,1
58,9,432.00,256.00,37.00,34.00,0.8890,1,1
58,12,436.00,735.00,51.00,44.00,0.7857,1,1
58,17,380.00,391.00,38.00,38.00,0.5265,1,1
58,21,436.00,735.00,78.00,48.00,0.4824,1,1
59,1,302.00,546.00,98.00,111.00,0.9339,1,1
59,2,666.00,326.00,82.00,63.00,0.9367,1,1
59,3,352.00,735.00,105.00,146.00,0.8410,1,1
59,4,405.00,222.00,70.00,46.00,0.8982,1,1
59,5,157.00,358.00,66.00,57.00,0.9183,1,1
59,6,181.00,399.00,40.00,38.00,0.8303,1,1
59,7,261.00,483.00,46.00,38.00,0.5768,1,1
59,8,226.00,518.00,47.00,28.00,0.8184,1,1
59,9,432.00,255.00,41.00,36.00,0.8629,1,1
59,12,437.00,737.00,45.00,41.00,0.8176,1,1
59,17,381.00,391.00,39.00,39.00,0.6397,1,1
59,21,434.00,735.00,81.00,49.00,0.4824,1,1
60,1,302.00,546.00,99.00,111.00,0.9324,1,1
60,2,667.00,326.00,81.00,63.00,0.9351,1,1
60,3,352.00,736.00,105.00,147.00,0.8386,1,1
60,4,410.00,223.00,68.00,45.00,0.8917,1,1
60,5,157.00,358.00,67.00,57.00,0.9204,1,1
60,6,181.00,399.00,40.00,38.00,0.8404,1,1
60,7,262.00,484.00,46.00,37.00,0.6172,1,1
60,8,233.00,521.00,43.00,29.00,0.7788,1,1
60,9,439.00,254.00,38.00,38.00,0.8502,1,1
60,12,437.00,737.00,43.00,41.00,0.8176,1,1
60,16,433.00,256.00,39.00,34.00,0.7291,1,1
60,17,383.00,391.00,36.00,40.00,0.6739,1,1
60,21,439.00,737.00,48.00,45.00,0.7232,1,1
61,1,303.00,545.00,99.00,111.00,0.9262,1,1
61,2,667.00,326.00,81.00,64.00,0.9354,1,1
61,3,354.00,737.00,102.00,145.00,0.8643,1,1
61,4,414.00,223.00,68.00,45.00,0.8938,1,1
61,5,158.00,358.00,66.00,56.00,0.9143,1,1
61,6,181.00,399.00,40.00,38.00,0.8421,1,1
61,7,263.00,484.00,45.00,37.00,0.5769,1,1
61,8,235.00,523.00,43.00,30.00,0.7788,1,1
61,9,443.00,255.00,39.00,37.00,0.8720,1,1
61,12,441.00,737.00,46.00,44.00,0.7497,1,1
61,16,437.00,256.00,37.00,34.00,0.4175,1,1
61,17,383.00,387.00,35.00,44.00,0.6710,1,1
61,21,437.00,737.00,48.00,45.00,0.7232,1,1
62,1,304.00,546.00,99.00,111.00,0.9277,1,1
62,2,668.00,326.00,80.00,64.00,0.9356,1,1
62,3,355.00,736.00,102.00,147.00,0.8735,1,1
62,4,418.00,224.00,70.00,44.00,0.8847,1,1
62,5,158.00,358.00,67.00,57.00,0.9178,1,1
62,6,181.00,399.00,41.00,38.00,0.8357,1,1
62,7,264.00,484.00,44.00,37.00,0.5806,1,1
62,8,239.00,530.00,37.00,27.00,0.4983,1,1
62,9,448.00,255.00,39.00,38.00,0.8744,1,1
62,12,442.00,737.00,47.00,43.00,0.7423,1,1
62,16,440.00,256.00,43.00,34.00,0.2896,1,1
62,17,385.00,386.00,33.00,44.00,0.6297,1,1
63,1,306.00,546.00,99.00,110.00,0.9281,1,1
63,2,668.00,326.00,81.00,64.00,0.9331,1,1
63,3,356.00,733.00,103.00,150.00,0.8726,1,1
63,4,423.00,225.00,69.00,44.00,0.8808,1,1
63,5,158.00,358.00,67.00,56.00,0.9156,1,1
63,6,181.00,399.00,41.00,38.00,0.8335,1,1
63,7,263.00,484.00,46.00,37.00,0.6055,1,1
63,8,237.00,529.00,39.00,27.00,0.5643,1,1
63,9,450.00,256.00,40.00,37.00,0.8270,1,1
63,12,443.00,736.00,46.00,44.00,0.7843,1,1
63,16,443.00,256.00,43.00,34.00,0.2896,1,1
63,17,387.00,389.00,35.00,42.00,0.6327,1,1
64,1,307.00,545.00,100.00,110.00,0.9309,1,1
64,2,669.00,326.00,79.00,64.00,0.9350,1,1
64,3,357.00,733.00,104.00,151.00,0.8779,1,1
64,4,427.00,225.00,68.00,45.00,0.8854,1,1
64,5,159.00,358.00,67.00,56.00,0.9111,1,1
64,6,182.00,399.00,40.00,38.00,0.8399,1,1
64,7,264.00,484.00,44.00,38.00,0.6643,1,1
64,8,230.00,526.00,46.00,29.00,0.4629,1,1
64,9,452.00,257.00,41.00,36.00,0.9012,1,1
64,12,444.00,735.00,46.00,44.00,0.8130,1,1
64,17,389.00,389.00,35.00,43.00,0.5800,1,1
65,1,309.00,545.00,102.00,109.00,0.9353,1,1
65,2,669.00,327.00,80.00,63.00,0.9337,1,1
65,3,359.00,733.00,105.00,151.00,0.8642,1,1
65,4,431.00,224.00,68.00,46.00,0.8936,1,1
65,5,160.00,358.00,66.00,54.00,0.9020,1,1
65,6,182.00,399.00,41.00,37.00,0.8427,1,1
65,7,263.00,484.00,45.00,37.00,0.6674,1,1
65,8,229.00,522.00,45.00,30.00,0.6063,1,1
65,9,457.00,258.00,40.00,36.00,0.8947,1,1
65,12,445.00,734.00,45.00,46.00,0.8177,1,1
65,17,393.00,390.00,30.00,41.00,0.6346,1,1
66,1,310.00,546.00,99.00,107.00,0.9433,1,1
66,2,670.00,327.00,79.00,63.00,0.9352,1,1
66,3,361.00,733.00,105.00,151.00,0.8610,1,1
66,4,433.00,225.00,70.00,46.00,0.9026,1,1
66,5,161.00,358.00,65.00,54.00,0.8928,1,1
66,6,182.00,399.00,42.00,38.00,0.8281,1,1
66,7,263.00,484.00,45.00,38.00,0.6857,1,1
66,8,225.00,520.00,48.00,28.00,0.7194,1,1
66,9,459.00,258.00,42.00,36.00,0.8947,1,1
66,12,447.00,734.00,43.00,45.00,0.8054,1,1
66,16,459.00,257.00,40.00,36.00,0.8808,1,1
66,17,395.00,390.00,33.00,42.00,0.7144,1,1
67,1,311.00,547.00,101.00,106.00,0.9440,1,1
67,2,670.00,327.00,79.00,63.00,0.9357,1,1
67,3,362.00,734.00,106.00,150.00,0.8569,1,1
67,4,436.00,225.00,70.00,46.00,0.8846,1,1
67,5,161.00,358.00,65.00,53.00,0.8913,1,1
67,6,182.00,399.00,42.00,38.00,0.8192,1,1
67,7,262.00,484.00,46.00,38.00,0.6804,1,1
67,8,225.00,519.00,46.00,27.00,0.8279,1,1
67,9,467.00,260.00,37.00,37.00,0.3231,1,1
67,12,448.00,733.00,43.00,46.00,0.7401,1,1
67,16,460.00,259.00,40.00,35.00,0.8443,1,1
67,17,396.00,392.00,33.00,40.00,0.7257,1,1
68,1,314.00,547.00,102.00,105.00,0.9384,1,1
68,2,670.00,327.00,79.00,64.00,0.9363,1,1
68,3,364.00,735.00,106.00,149.00,0.8457,1,1
68,4,439.00,225.00,69.00,47.00,0.8995,1,1
68,5,161.00,357.00,66.00,54.00,0.8906,1,1
68,6,183.00,398.00,41.00,38.00,0.8208,1,1
68,7,263.00,484.00,45.00,38.00,0.6832,1,1
68,8,229.00,520.00,48.00,27.00,0.8103,1,1
68,9,468.00,260.00,38.00,36.00,0.8613,1,1
68,12,450.00,733.00,44.00,46.00,0.7508,1,1
68,16,463.00,259.00,40.00,35.00,0.8443,1,1
68,17,396.00,390.00,32.00,42.00,0.5299,1,1
69,1,316.00,546.00,104.00,107.00,0.9236,1,1
69,2,671.00,327.00,78.00,64.00,0.9345,1,1
69,3,366.00,735.00,106.00,149.00,0.8320,1,1
69,4,440.00,226.00,69.00,47.00,0.9067,1,1
69,5,162.00,357.00,65.00,54.00,0.8892,1,1
69,6,183.00,397.00,41.00,36.00,0.8344,1,1
69,7,262.00,486.00,49.00,38.00,0.7103,1,1
69,8,229.00,524.00,45.00,30.00,0.4425,1,1
69,9,468.00,259.00,39.00,38.00,0.8174,1,1
69,12,453.00,733.00,48.00,46.00,0.7178,1,1
69,16,452.00,253.00,55.00,37.00,0.2649,1,1
69,17,399.00,391.00,32.00,42.00,0.6620,1,1
69,21,457.00,735.00,59.00,52.00,0.3265,1,1
70,1,317.00,546.00,104.00,106.00,0.9252,1,1
70,2,671.00,327.00,79.00,65.00,0.9361,1,1
70,3,368.00,735.00,105.00,149.00,0.8420,1,1
70,4,441.00,226.00,69.00,48.00,0.9106,1,1
70,5,162.00,356.00,65.00,55.00,0.8911,1,1
70,6,183.00,397.00,40.00,36.00,0.8580,1,1
70,7,262.00,486.00,49.00,38.00,0.7170,1,1
70,8,229.00,526.00,46.00,29.00,0.6068,1,1
70,9,468.00,260.00,40.00,38.00,0.8006,1,1
70,12,456.00,733.00,49.00,48.00,0.7920,1,1
70,16,463.00,262.00,39.00,32.00,0.6558,1,1
70,17,401.00,389.00,33.00,45.00,0.4803,1,1
70,21,458.00,735.00,60.00,52.00,0.3265,1,1
71,1,317.00,546.00,106.00,106.00,0.9275,1,1
71,2,671.00,327.00,79.00,65.00,0.9327,1,1
71,3,370.00,736.00,106.00,148.00,0.8490,1,1
71,4,442.00,225.00,68.00,49.00,0.9173,1,1
71,5,162.00,356.00,64.00,54.00,0.8877,1,1
71,6,183.00,396.00,40.00,36.00,0.8444,1,1
71,7,262.00,486.00,49.00,38.00,0.7225,1,1
71,8,229.00,524.00,46.00,31.00,0.6819,1,1
71,9,469.00,261.00,39.00,38.00,0.8199,1,1
71,12,457.00,732.00,48.00,48.00,0.8437,1,1
71,16,464.00,262.00,38.00,32.00,0.6120,1,1
71,17,401.00,388.00,34.00,45.00,0.5879,1,1
72,1,317.00,547.00,105.00,105.00,0.9305,1,1
72,2,671.00,327.00,79.00,65.00,0.9319,1,1
72,3,372.00,736.00,106.00,149.00,0.8458,1,1
72,4,442.00,226.00,69.00,48.00,0.9152,1,1
72,5,162.00,355.00,64.00,55.00,0.8940,1,1
72,6,183.00,396.00,40.00,36.00,0.8248,1,1
72,7,264.00,485.00,46.00,40.00,0.7458,1,1
72,8,228.00,522.00,45.00,29.00,0.7706,1,1
72,9,470.00,261.00,39.00,38.00,0.8392,1,1
72,12,457.00,730.00,46.00,48.00,0.8002,1,1
72,16,464.00,262.00,39.00,32.00,0.6092,1,1
72,17,398.00,386.00,35.00,45.00,0.5594,1,1
73,1,317.00,547.00,106.00,105.00,0.9386,1,1
73,2,671.00,327.00,79.00,65.00,0.9315,1,1
73,3,374.00,738.00,107.00,146.00,0.8601,1,1
73,4,442.00,226.00,69.00,48.00,0.9170,1,1
73,5,163.00,355.00,63.00,55.00,0.8949,1,1
73,6,183.00,396.00,40.00,36.00,0.8050,1,1
73,7,263.00,485.00,47.00,39.00,0.7578,1,1
73,8,224.00,521.00,44.00,28.00,0.6855,1,1
73,9,469.00,261.00,39.00,36.00,0.8301,1,1
73,12,458.00,727.00,50.00,51.00,0.7741,1,1
73,14,355.00,736.00,35.00,53.00,0.3449,1,1
73,16,464.00,262.00,39.00,31.00,0.6094,1,1
73,17,398.00,386.00,35.00,45.00,0.5618,1,1
74,1,317.00,548.00,106.00,104.00,0.9416,1,1
74,2,672.00,327.00,78.00,65.00,0.9281,1,1
74,3,376.00,738.00,107.00,145.00,0.8687,1,1
74,4,442.00,226.00,70.00,47.00,0.9194,1,1
74,5,163.00,355.00,64.00,54.00,0.8954,1,1
74,6,183.00,397.00,40.00,35.00,0.7952,1,1
74,7,263.00,485.00,47.00,38.00,0.7398,1,1
74,8,223.00,522.00,47.00,30.00,0.6073,1,1
74,9,467.00,263.00,41.00,33.00,0.8449,1,1
74,12,459.00,727.00,54.00,53.00,0.6835,1,1
74,14,355.00,739.00,35.00,51.00,0.4768,1,1
74,16,466.00,262.00,38.00,31.00,0.6094,1,1
74,17,399.00,385.00,35.00,46.00,0.6202,1,1
75,1,317.00,548.00,106.00,103.00,0.9437,1,1
75,2,671.00,328.00,79.00,64.00,0.9249,1,1
75,3,379.00,737.00,106.00,146.00,0.8754,1,1
75,4,442.00,226.00,72.00,48.00,0.9281,1,1
75,5,164.00,354.00,63.00,55.00,0.8989,1,1
75,6,183.00,396.00,40.00,36.00,0.7893,1,1
75,7,264.00,486.00,47.00,39.00,0.7240,1,1
75,8,225.00,528.00,41.00,30.00,0.2931,1,1
75,9,470.00,263.00,39.00,35.00,0.8385,1,1
75,12,461.00,726.00,52.00,51.00,0.6660,1,1
75,14,355.00,737.00,39.00,53.00,0.3835,1,1
75,16,464.00,264.00,39.00,30.00,0.4840,1,1
75,17,399.00,386.00,34.00,44.00,0.6758,1,1
76,1,317.00,549.00,106.00,102.00,0.9464,1,1
76,2,671.00,328.00,79.00,64.00,0.9235,1,1
76,3,381.00,737.00,105.00,141.00,0.8520,1,1
76,4,442.00,226.00,73.00,49.00,0.9330,1,1
76,5,163.00,354.00,64.00,55.00,0.8971,1,1
76,6,183.00,396.00,40.00,36.00,0.7933,1,1
76,7,265.00,485.00,47.00,39.00,0.7177,1,1
76,8,228.00,530.00,38.00,29.00,0.3070,1,1
76,9,468.00,265.00,40.00,35.00,0.8197,1,1
76,12,465.00,726.00,49.00,50.00,0.6898,1,1
76,14,356.00,734.00,40.00,55.00,0.4729,1,1
76,16,464.00,265.00,38.00,30.00,0.5073,1,1
76,17,399.00,383.00,32.00,44.00,0.6849,1,1
77,1,317.00,549.00,107.00,103.00,0.9514,1,1
77,2,671.00,328.00,79.00,64.00,0.9246,1,1
77,3,383.00,736.00,104.00,141.00,0.8362,1,1
77,4,443.00,226.00,73.00,49.00,0.9380,1,1
77,5,163.00,354.00,64.00,54.00,0.8986,1,1
77,6,183.00,396.00,40.00,36.00,0.7901,1,1
77,7,265.00,485.00,47.00,39.00,0.7210,1,1
77,8,228.00,531.00,37.00,29.00,0.3070,1,1
77,9,467.00,266.00,41.00,34.00,0.8316,1,1
77,12,466.00,724.00,50.00,52.00,0.7126,1,1
77,14,356.00,733.00,40.00,56.00,0.6518,1,1
77,16,465.00,266.00,36.00,29.00,0.5588,1,1
77,17,398.00,383.00,33.00,43.00,0.6665,1,1
78,1,317.00,550.00,107.00,102.00,0.9455,1,1
78,2,672.00,328.00,78.00,64.00,0.9210,1,1
78,3,383.00,734.00,108.00,140.00,0.8684,1,1
78,4,443.00,227.00,73.00,49.00,0.9384,1,1
78,5,163.00,353.00,64.00,55.00,0.8971,1,1
78,6,183.00,396.00,40.00,36.00,0.8133,1,1
78,7,265.00,485.00,47.00,39.00,0.7138,1,1
78,8,222.00,524.00,41.00,31.00,0.2669,1,1
78,9,470.00,267.00,38.00,34.00,0.8185,1,1
78,12,468.00,725.00,50.00,52.00,0.6028,1,1
78,14,357.00,733.00,40.00,55.00,0.6919,1,1
78,16,466.00,267.00,36.00,29.00,0.4347,1,1
78,17,397.00,383.00,35.00,43.00,0.7038,1,1
79,1,317.00,550.00,108.00,103.00,0.9411,1,1
79,2,672.00,328.00,78.00,64.00,0.9216,1,1
79,3,385.00,734.00,109.00,139.00,0.8820,1,1
79,4,443.00,227.00,73.00,50.00,0.9354,1,1
79,5,163.00,353.00,64.00,56.00,0.8975,1,1
79,6,184.00,396.00,39.00,35.00,0.8271,1,1
79,7,265.00,485.00,47.00,38.00,0.7260,1,1
79,8,221.00,522.00,42.00,30.00,0.2502,1,1
79,9,469.00,268.00,38.00,31.00,0.8122,1,1
79,12,468.00,724.00,50.00,51.00,0.6764,1,1
79,14,358.00,734.00,39.00,54.00,0.7385,1,1
79,16,467.00,268.00,36.00,29.00,0.4347,1,1
79,17,395.00,383.00,36.00,43.00,0.6734,1,1
80,1,319.00,551.00,109.00,103.00,0.9309,1,1
80,2,672.00,328.00,78.00,64.00,0.9231,1,1
80,3,387.00,735.00,109.00,135.00,0.8832,1,1
80,4,442.00,227.00,75.00,51.00,0.9336,1,1
80,5,163.00,353.00,64.00,56.00,0.8982,1,1
80,6,183.00,396.00,41.00,35.00,0.8203,1,1
80,7,265.00,485.00,47.00,39.00,0.7245,1,1
80,8,221.00,522.00,41.00,31.00,0.2658,1,1
80,9,468.00,269.00,38.00,30.00,0.7766,1,1
80,12,469.00,724.00,50.00,50.00,0.7517,1,1
80,14,360.00,734.00,35.00,54.00,0.7555,1,1
80,17,394.00,386.00,39.00,43.00,0.6359,1,1
81,1,320.00,553.00,108.00,101.00,0.9271,1,1
81,2,672.00,328.00,78.00,64.00,0.9243,1,1
81,3,388.00,736.00,111.00,132.00,0.8916,1,1
81,4,442.00,227.00,75.00,51.00,0.9352,1,1
81,5,163.00,353.00,64.00,55.00,0.8964,1,1
81,6,183.00,396.00,41.00,36.00,0.8012,1,1
81,7,264.00,485.00,47.00,38.00,0.7096,1,1
81,8,223.00,522.00,41.00,36.00,0.6547,1,1
81,9,467.00,269.00,37.00,31.00,0.7717,1,1
81,12,471.00,725.00,51.00,51.00,0.6328,1,1
81,14,360.00,733.00,37.00,56.00,0.6523,1,1
81,17,400.00,388.00,37.00,43.00,0.6062,1,1
82,1,321.00,553.00,107.00,104.00,0.9238,1,1
82,2,672.00,327.00,78.00,65.00,0.9259,1,1
82,3,390.00,737.00,111.00,129.00,0.9141,1,1
82,4,440.00,228.00,76.00,50.00,0.9385,1,1
82,5,163.00,354.00,64.00,54.00,0.8912,1,1
82,6,183.00,396.00,41.00,36.00,0.8108,1,1
82,7,263.00,485.00,49.00,39.00,0.7232,1,1
82,8,223.00,522.00,41.00,36.00,0.6547,1,1
82,9,466.00,269.00,37.00,31.00,0.7590,1,1
82,10,224.00,527.00,41.00,29.00,0.6060,1,1
82,12,471.00,725.00,54.00,53.00,0.4747,1,1
82,14,361.00,733.00,40.00,58.00,0.6338,1,1
82,17,400.00,389.00,38.00,43.00,0.5705,1,1
83,1,322.00,553.00,108.00,105.00,0.9249,1,1
83,2,672.00,328.00,78.00,64.00,0.9244,1,1
83,3,391.00,738.00,110.00,125.00,0.9313,1,1
83,4,439.00,228.00,76.00,49.00,0.9352,1,1
83,5,163.00,354.00,64.00,54.00,0.8924,1,1
83,6,183.00,396.00,40.00,36.00,0.7915,1,1
83,7,263.00,485.00,49.00,39.00,0.7269,1,1
83,8,223.00,524.00,41.00,34.00,0.7900,1,1
83,9,465.00,269.00,37.00,31.00,0.7401,1,1
83,10,211.00,535.00,40.00,30.00,0.6060,1,1
83,12,470.00,726.00,53.00,54.00,0.5839,1,1
83,14,360.00,734.00,40.00,57.00,0.6281,1,1
83,17,402.00,390.00,36.00,43.00,0.5476,1,1
84,1,324.00,555.00,109.00,105.00,0.9239,1,1
84,2,672.00,328.00,78.00,64.00,0.9242,1,1
84,3,392.00,737.00,110.00,124.00,0.9302,1,1
84,4,438.00,229.00,74.00,48.00,0.9282,1,1
84,5,162.00,354.00,65.00,55.00,0.8959,1,1
84,6,183.00,396.00,40.00,35.00,0.7972,1,1
84,7,262.00,485.00,49.00,39.00,0.7195,1,1
84,8,221.00,522.00,42.00,36.00,0.8030,1,1
84,9,464.00,269.00,37.00,30.00,0.7222,1,1
84,12,471.00,727.00,53.00,54.00,0.6145,1,1
84,14,362.00,735.00,39.00,56.00,0.6175,1,1
84,17,402.00,391.00,35.00,41.00,0.6043,1,1
84,21,565.00,302.00,42.00,34.00,0.6370,1,1
85,1,326.00,556.00,111.00,106.00,0.9164,1,1
85,2,672.00,328.00,78.00,64.00,0.9233,1,1
85,3,395.00,736.00,107.00,125.00,0.9218,1,1
85,4,436.00,229.00,76.00,47.00,0.9268,1,1
85,5,162.00,354.00,66.00,55.00,0.8955,1,1
85,6,183.00,396.00,41.00,35.00,0.7893,1,1
85,7,260.00,484.00,51.00,39.00,0.7138,1,1
85,8,221.00,520.00,43.00,33.00,0.5491,1,1
85,9,464.00,269.00,37.00,30.00,0.7222,1,1
85,12,471.00,729.00,53.00,48.00,0.6926,1,1
85,14,362.00,737.00,40.00,55.00,0.6430,1,1
85,16,464.00,270.00,34.00,28.00,0.7550,1,1
85,17,403.00,393.00,35.00,39.00,0.7016,1,1
85,21,562.00,307.00,45.00,30.00,0.6895,1,1
86,1,328.00,557.00,111.00,107.00,0.9153,1,1
86,2,672.00,328.00,78.00,64.00,0.9229,1,1
86,3,397.00,735.00,108.00,125.00,0.9178,1,1
86,4,435.00,228.00,76.00,48.00,0.9218,1,1
86,5,163.00,354.00,64.00,55.00,0.8947,1,1
86,6,183.00,396.00,40.00,35.00,0.8040,1,1
86,7,256.00,484.00,55.00,39.00,0.7121,1,1
86,8,223.00,519.00,41.00,31.00,0.6781,1,1
86,12,471.00,730.00,54.00,48.00,0.7107,1,1
86,14,362.00,740.00,38.00,55.00,0.5220,1,1
86,16,464.00,270.00,34.00,28.00,0.8154,1,1
86,17,404.00,393.00,36.00,39.00,0.7136,1,1
86,21,565.00,312.00,42.00,32.00,0.5490,1,1
87,1,329.00,559.00,109.00,106.00,0.9153,1,1
87,2,672.00,328.00,77.00,64.00,0.9208,1,1
87,3,398.00,733.00,108.00,125.00,0.9277,1,1
87,4,434.00,227.00,76.00,49.00,0.9195,1,1
87,5,163.00,354.00,65.00,55.00,0.8967,1,1
87,6,185.00,398.00,37.00,33.00,0.8026,1,1
87,7,258.00,484.00,53.00,40.00,0.7307,1,1
87,8,222.00,519.00,42.00,31.00,0.8120,1,1
87,12,472.00,731.00,54.00,48.00,0.7002,1,1
87,14,363.00,740.00,38.00,55.00,0.4906,1,1
87,16,463.00,269.00,34.00,29.00,0.8449,1,1
87,17,404.00,393.00,38.00,38.00,0.6638,1,1
87,21,563.00,314.00,41.00,29.00,0.6441,1,1
88,1,330.00,561.00,110.00,106.00,0.9150,1,1
88,2,672.00,328.00,77.00,64.00,0.9208,1,1
88,3,399.00,732.00,107.00,126.00,0.9292,1,1
88,4,433.00,227.00,75.00,47.00,0.9174,1,1
88,5,162.00,353.00,65.00,55.00,0.8978,1,1
88,6,183.00,396.00,40.00,36.00,0.8060,1,1
88,7,260.00,484.00,51.00,39.00,0.7378,1,1
88,8,224.00,520.00,41.00,35.00,0.7574,1,1
88,12,475.00,731.00,53.00,50.00,0.7134,1,1
88,14,364.00,742.00,37.00,53.00,0.4934,1,1
88,16,462.00,268.00,34.00,27.00,0.8595,1,1
88,17,405.00,392.00,38.00,38.00,0.8154,1,1
88,21,553.00,315.00,46.00,28.00,0.4357,1,1
89,1,331.00,562.00,110.00,106.00,0.9221,1,1
89,2,672.00,328.00,77.00,65.00,0.9203,1,1
89,3,400.00,730.00,105.00,128.00,0.9327,1,1
89,4,431.00,227.00,76.00,47.00,0.9276,1,1
89,5,162.00,354.00,65.00,55.00,0.8979,1,1
89,6,182.00,396.00,40.00,36.00,0.8037,1,1
89,7,262.00,485.00,49.00,38.00,0.7461,1,1
89,8,225.00,524.00,41.00,32.00,0.7765,1,1
89,12,475.00,731.00,54.00,53.00,0.6744,1,1
89,14,366.00,742.00,36.00,53.00,0.5711,1,1
89,16,461.00,268.00,33.00,27.00,0.8469,1,1
89,17,405.00,392.00,38.00,38.00,0.8033,1,1
89,21,557.00,315.00,41.00,30.00,0.5178,1,1
90,1,332.00,562.00,110.00,106.00,0.9184,1,1
90,2,672.00,328.00,77.00,64.00,0.9196,1,1
90,3,400.00,727.00,107.00,129.00,0.9344,1,1
90,4,430.00,227.00,75.00,47.00,0.9300,1,1
90,5,161.00,354.00,65.00,56.00,0.8997,1,1
90,6,182.00,396.00,40.00,36.00,0.8347,1,1
90,7,263.00,485.00,48.00,39.00,0.7428,1,1
90,8,225.00,525.00,40.00,30.00,0.6928,1,1
90,12,476.00,735.00,53.00,52.00,0.6716,1,1
90,14,367.00,744.00,34.00,50.00,0.5600,1,1
90,16,460.00,267.00,34.00,27.00,0.8406,1,1
90,17,405.00,391.00,38.00,39.00,0.7848,1,1
90,21,558.00,315.00,43.00,31.00,0.4601,1,1
91,1,332.00,563.00,108.00,106.00,0.9198,1,1
91,2,672.00,328.00,77.00,64.00,0.9237,1,1
91,3,400.00,726.00,108.00,130.00,0.9341,1,1
91,4,430.00,226.00,73.00,48.00,0.9327,1,1
91,5,159.00,354.00,67.00,57.00,0.9007,1,1
91,6,181.00,396.00,40.00,36.00,0.8624,1,1
91,7,265.00,484.00,47.00,38.00,0.7963,1,1
91,8,225.00,524.00,39.00,30.00,0.6693,1,1
91,9,459.00,267.00,35.00,27.00,0.8698,1,1
91,12,477.00,738.00,54.00,51.00,0.6228,1,1
91,14,367.00,746.00,34.00,49.00,0.6121,1,1
91,16,460.00,267.00,34.00,27.00,0.8406,1,1
91,17,405.00,391.00,38.00,39.00,0.7697,1,1
91,21,562.00,314.00,41.00,32.00,0.6925,1,1
92,1,332.00,563.00,107.00,108.00,0.9167,1,1
92,2,671.00,328.00,78.00,64.00,0.9242,1,1
92,3,400.00,725.00,109.00,130.00,0.9391,1,1
92,4,429.00,226.00,73.00,48.00,0.9318,1,1
92,5,158.00,354.00,67.00,58.00,0.9055,1,1
92,6,179.00,397.00,40.00,36.00,0.8803,1,1
92,7,266.00,484.00,49.00,38.00,0.7739,1,1
92,8,217.00,526.00,46.00,27.00,0.5473,1,1
92,9,458.00,267.00,35.00,27.00,0.8698,1,1
92,12,478.00,739.00,54.00,50.00,0.6379,1,1
92,14,368.00,746.00,33.00,50.00,0.6228,1,1
92,16,455.00,267.00,38.00,26.00,0.8576,1,1
92,17,404.00,391.00,38.00,39.00,0.8125,1,1
92,21,561.00,310.00,43.00,31.00,0.7775,1,1
93,1,331.00,563.00,108.00,109.00,0.9200,1,1
93,2,672.00,328.00,77.00,64.00,0.9242,1,1
93,3,401.00,723.00,110.00,131.00,0.9378,1,1
93,4,427.00,226.00,74.00,48.00,0.9268,1,1
93,5,157.00,355.00,66.00,57.00,0.9128,1,1
93,6,176.00,398.00,42.00,36.00,0.8885,1,1
93,7,267.00,484.00,48.00,38.00,0.7739,1,1
93,8,215.00,523.00,43.00,27.00,0.4854,1,1
93,9,454.00,267.00,38.00,27.00,0.8560,1,1
93,10,271.00,486.00,50.00,31.00,0.6719,1,1
93,12,479.00,738.00,53.00,52.00,0.6782,1,1
93,14,368.00,747.00,33.00,49.00,0.5856,1,1
93,16,454.00,267.00,38.00,26.00,0.8576,1,1
93,17,404.00,391.00,35.00,39.00,0.7934,1,1
93,21,559.00,307.00,45.00,31.00,0.7589,1,1
94,1,329.00,563.00,107.00,109.00,0.9294,1,1
94,2,671.00,328.00,78.00,64.00,0.9242,1,1
94,3,402.00,722.00,109.00,130.00,0.9417,1,1
94,4,426.00,226.00,72.00,48.00,0.9174,1,1
94,5,157.00,355.00,65.00,58.00,0.9094,1,1
94,6,174.00,398.00,43.00,37.00,0.9070,1,1
94,8,214.00,523.00,44.00,27.00,0.4854,1,1
94,9,452.00,267.00,39.00,27.00,0.8127,1,1
94,10,274.00,484.00,50.00,29.00,0.6003,1,1
94,12,479.00,739.00,53.00,51.00,0.6379,1,1
94,14,369.00,747.00,32.00,48.00,0.6034,1,1
94,17,400.00,390.00,37.00,40.00,0.6673,1,1
94,21,562.00,304.00,43.00,30.00,0.4809,1,1
95,1,327.00,562.00,106.00,110.00,0.9330,1,1
95,2,671.00,328.00,78.00,64.00,0.9261,1,1
95,3,403.00,719.00,108.00,131.00,0.9399,1,1
95,4,423.00,226.00,74.00,48.00,0.9174,1,1
95,5,156.00,355.00,65.00,57.00,0.9087,1,1
95,6,174.00,398.00,42.00,38.00,0.8974,1,1
95,7,274.00,484.00,49.00,34.00,0.4398,1,1
95,9,451.00,267.00,39.00,28.00,0.8337,1,1
95,10,278.00,484.00,51.00,29.00,0.6003,1,1
95,12,480.00,740.00,52.00,51.00,0.6002,1,1
95,14,370.00,748.00,32.00,47.00,0.4356,1,1
95,17,395.00,391.00,40.00,40.00,0.6559,1,1
95,21,561.00,302.00,42.00,27.00,0.6012,1,1
96,1,326.00,562.00,105.00,109.00,0.9275,1,1
96,2,671.00,328.00,78.00,64.00,0.9276,1,1
96,3,404.00,719.00,107.00,129.00,0.9291,1,1
96,4,422.00,226.00,73.00,48.00,0.9165,1,1
96,5,154.00,355.00,66.00,58.00,0.9130,1,1
96,6,173.00,397.00,43.00,38.00,0.9137,1,1
96,7,275.00,483.00,49.00,34.00,0.4398,1,1
96,9,448.00,267.00,40.00,30.00,0.8253,1,1
96,12,481.00,744.00,53.00,50.00,0.5926,1,1
96,14,371.00,748.00,32.00,47.00,0.5669,1,1
96,17,394.00,392.00,40.00,40.00,0.6503,1,1
96,21,560.00,302.00,40.00,25.00,0.5423,1,1
97,1,324.00,563.00,106.00,107.00,0.9222,1,1
97,2,671.00,328.00,78.00,64.00,0.9279,1,1
97,3,405.00,716.00,99.00,131.00,0.9087,1,1
97,4,421.00,226.00,72.00,48.00,0.9222,1,1
97,5,154.00,355.00,63.00,58.00,0.8996,1,1
97,6,173.00,394.00,42.00,41.00,0.8922,1,1
97,8,169.00,528.00,42.00,34.00,0.7399,1,1
97,9,448.00,268.00,37.00,29.00,0.8180,1,1
97,12,482.00,746.00,52.00,49.00,0.5700,1,1
97,14,371.00,748.00,34.00,48.00,0.6567,1,1
97,17,393.00,394.00,40.00,39.00,0.7267,1,1
97,21,559.00,303.00,42.00,26.00,0.4245,1,1
98,1,321.00,561.00,108.00,108.00,0.9279,1,1
98,2,671.00,328.00,78.00,64.00,0.9285,1,1
98,3,405.00,717.00,103.00,130.00,0.9176,1,1
98,4,420.00,226.00,72.00,47.00,0.9243,1,1
98,5,153.00,354.00,62.00,58.00,0.8956,1,1
98,6,173.00,391.00,40.00,44.00,0.8817,1,1
98,8,153.00,528.00,43.00,32.00,0.2508,1,1
98,9,446.00,268.00,36.00,29.00,0.7803,1,1
98,12,483.00,749.00,50.00,46.00,0.6105,1,1
98,14,371.00,749.00,35.00,48.00,0.6862,1,1
98,17,392.00,394.00,40.00,39.00,0.6360,1,1
98,21,560.00,301.00,42.00,25.00,0.4245,1,1
99,1,320.00,561.00,108.00,108.00,0.9289,1,1
99,2,670.00,328.00,79.00,63.00,0.9306,1,1
99,3,406.00,718.00,95.00,128.00,0.7631,1,1
99,4,419.00,225.00,69.00,49.00,0.9191,1,1
99,5,152.00,354.00,61.00,57.00,0.8858,1,1
99,6,172.00,390.00,39.00,44.00,0.8461,1,1
99,7,250.00,491.00,35.00,45.00,0.7028,1,1
99,8,145.00,528.00,45.00,33.00,0.2508,1,1
99,9,441.00,269.00,39.00,30.00,0.8212,1,1
99,12,482.00,753.00,49.00,42.00,0.6132,1,1
99,14,371.00,750.00,35.00,47.00,0.7007,1,1
99,17,392.00,395.00,38.00,38.00,0.6536,1,1
99,21,552.00,307.00,53.00,28.00,0.5189,1,1
99,22,177.00,385.00,34.00,33.00,0.2611,1,1
100,1,319.00,560.00,105.00,108.00,0.9246,1,1
100,2,669.00,328.00,79.00,63.00,0.9325,1,1
100,3,409.00,719.00,87.00,125.00,0.4937,1,1
100,4,419.00,226.00,65.00,49.00,0.9025,1,1
100,5,152.00,354.00,59.00,58.00,0.8880,1,1
100,6,171.00,390.00,38.00,45.00,0.8986,1,1
100,7,251.00,502.00,35.00,46.00,0.4342,1,1
100,9,435.00,269.00,43.00,32.00,0.8529,1,1
100,12,484.00,756.00,44.00,43.00,0.4440,1,1
100,14,373.00,752.00,39.00,45.00,0.5979,1,1
100,17,391.00,395.00,37.00,38.00,0.7025,1,1
100,21,548.00,309.00,49.00,28.00,0.7667,1,1
100,22,172.00,384.00,38.00,34.00,0.3026,1,1
101,1,317.00,560.00,106.00,107.00,0.9240,1,1
101,2,669.00,328.00,79.00,63.00,0.9304,1,1
101,3,411.00,719.00,85.00,130.00,0.4902,1,1
101,4,418.00,226.00,61.00,49.00,0.9055,1,1
101,5,152.00,353.00,58.00,59.00,0.8928,1,1
101,6,171.00,386.00,38.00,45.00,0.8818,1,1
101,7,250.00,503.00,36.00,46.00,0.6682,1,1
101,9,432.00,270.00,41.00,32.00,0.7702,1,1
101,10,170.00,410.00,37.00,29.00,0.2626,1,1
101,12,483.00,764.00,38.00,36.00,0.5941,1,1
101,14,381.00,755.00,32.00,38.00,0.5257,1,1
101,17,390.00,395.00,37.00,39.00,0.7424,1,1
101,21,548.00,309.00,50.00,27.00,0.7667,1,1
101,22,168.00,384.00,41.00,34.00,0.5331,1,1
102,1,315.00,560.00,106.00,107.00,0.9142,1,1
102,2,667.00,328.00,81.00,63.00,0.9279,1,1
102,3,412.00,718.00,83.00,131.00,0.4902,1,1
102,4,418.00,225.00,57.00,52.00,0.9111,1,1
102,5,151.00,354.00,58.00,58.00,0.8829,1,1
102,6,170.00,386.00,39.00,46.00,0.8786,1,1
102,7,251.00,505.00,36.00,44.00,0.7343,1,1
102,9,430.00,274.00,38.00,31.00,0.8565,1,1
102,10,165.00,403.00,37.00,29.00,0.2626,1,1
102,12,483.00,767.00,39.00,32.00,0.4940,1,1
102,14,374.00,762.00,38.00,40.00,0.4565,1,1
102,16,169.00,411.00,37.00,28.00,0.4719,1,1
102,17,389.00,396.00,36.00,39.00,0.7176,1,1
102,21,537.00,318.00,41.00,32.00,0.4328,1,1
102,22,167.00,384.00,40.00,34.00,0.4578,1,1
102,23,643.00,533.00,34.00,28.00,0.2590,1,1
102,24,414.00,718.00,83.00,70.00,0.9148,1,1
103,1,315.00,560.00,105.00,108.00,0.9089,1,1
103,2,667.00,328.00,81.00,63.00,0.9250,1,1
103,4,416.00,225.00,53.00,54.00,0.9188,1,1
103,5,151.00,353.00,57.00,59.00,0.8795,1,1
103,6,169.00,387.00,39.00,46.00,0.8680,1,1
103,7,251.00,500.00,34.00,47.00,0.4096,1,1
103,9,424.00,275.00,42.00,30.00,0.8683,1,1
103,12,491.00,760.00,38.00,31.00,0.4116,1,1
103,14,375.00,764.00,37.00,39.00,0.4565,1,1
103,16,168.00,410.00,38.00,30.00,0.5333,1,1
103,17,385.00,396.00,39.00,38.00,0.6624,1,1
103,21,531.00,322.00,43.00,35.00,0.5124,1,1
103,22,168.00,384.00,39.00,35.00,0.4943,1,1
103,23,643.00,533.00,34.00,28.00,0.3148,1,1
103,24,414.00,717.00,85.00,76.00,0.9085,1,1
104,1,314.00,560.00,104.00,108.00,0.9193,1,1
104,2,667.00,328.00,81.00,63.00,0.9161,1,1
104,4,413.00,226.00,52.00,54.00,0.9135,1,1
104,5,151.00,353.00,56.00,60.00,0.8750,1,1
104,6,169.00,386.00,39.00,47.00,0.8278,1,1
104,7,252.00,499.00,36.00,49.00,0.3273,1,1
104,9,421.00,276.00,42.00,30.00,0.8853,1,1
104,12,492.00,761.00,37.00,29.00,0.4116,1,1
104,16,167.00,410.00,39.00,31.00,0.5996,1,1
104,17,382.00,396.00,37.00,37.00,0.6831,1,1
104,21,529.00,323.00,43.00,36.00,0.5124,1,1
104,22,168.00,384.00,38.00,35.00,0.4235,1,1
104,23,643.00,533.00,34.00,28.00,0.3576,1,1
104,24,415.00,716.00,86.00,85.00,0.8873,1,1
104,25,492.00,766.00,42.00,48.00,0.3613,1,1
105,1,312.00,559.00,105.00,108.00,0.9169,1,1
105,2,667.00,328.00,80.00,63.00,0.9172,1,1
105,4,409.00,228.00,52.00,53.00,0.9106,1,1
105,5,150.00,355.00,57.00,59.00,0.8787,1,1
105,6,168.00,388.00,39.00,47.00,0.7668,1,1
105,7,252.00,498.00,31.00,46.00,0.4252,1,1
105,9,418.00,278.00,41.00,29.00,0.8575,1,1
105,16,167.00,408.00,39.00,32.00,0.6011,1,1
105,17,382.00,397.00,37.00,39.00,0.7463,1,1
105,22,166.00,384.00,40.00,37.00,0.3612,1,1
105,23,643.00,533.00,34.00,28.00,0.3284,1,1
105,24,415.00,716.00,87.00,86.00,0.8897,1,1
105,25,496.00,766.00,55.00,52.00,0.3630,1,1
106,1,311.00,559.00,106.00,108.00,0.9187,1,1
106,2,667.00,328.00,80.00,63.00,0.9172,1,1
106,4,404.00,229.00,53.00,53.00,0.9076,1,1
106,5,150.00,356.00,56.00,59.00,0.8807,1,1
106,6,168.00,390.00,39.00,47.00,0.7927,1,1
106,7,251.00,498.00,30.00,47.00,0.4252,1,1
106,9,416.00,279.00,38.00,30.00,0.8952,1,1
106,16,167.00,405.00,39.00,35.00,0.5921,1,1
106,17,380.00,400.00,37.00,38.00,0.8110,1,1
106,22,165.00,385.00,41.00,37.00,0.3517,1,1
106,23,643.00,533.00,34.00,28.00,0.2639,1,1
106,24,416.00,715.00,87.00,87.00,0.8883,1,1
106,25,501.00,775.00,52.00,45.00,0.5658,1,1
107,1,311.00,559.00,105.00,108.00,0.9142,1,1
107,2,667.00,328.00,80.00,63.00,0.9183,1,1
107,4,402.00,229.00,52.00,54.00,0.9068,1,1
107,5,150.00,356.00,56.00,59.00,0.8863,1,1
107,6,167.00,392.00,40.00,46.00,0.7973,1,1
107,7,253.00,498.00,35.00,46.00,0.5213,1,1
107,9,410.00,280.00,40.00,31.00,0.8196,1,1
107,16,162.00,413.00,39.00,35.00,0.5921,1,1
107,17,378.00,402.00,40.00,39.00,0.7429,1,1
107,22,164.00,385.00,42.00,37.00,0.3092,1,1
107,23,643.00,533.00,34.00,28.00,0.2639,1,1
107,24,416.00,715.00,90.00,88.00,0.8851,1,1
107,25,503.00,777.00,48.00,43.00,0.6193,1,1
108,1,311.00,559.00,105.00,109.00,0.9095,1,1
108,2,667.00,328.00,80.00,63.00,0.9168,1,1
108,4,397.00,230.00,53.00,54.00,0.8969,1,1
108,5,150.00,357.00,57.00,58.00,0.8983,1,1
108,6,167.00,392.00,40.00,46.00,0.8390,1,1
108,7,254.00,495.00,35.00,44.00,0.3930,1,1
108,9,405.00,281.00,41.00,30.00,0.8917,1,1
108,16,167.00,405.00,39.00,35.00,0.6206,1,1
108,17,376.00,401.00,42.00,43.00,0.6405,1,1
108,22,163.00,385.00,43.00,37.00,0.2863,1,1
108,24,417.00,714.00,92.00,90.00,0.8960,1,1
108,25,503.00,778.00,48.00,42.00,0.3948,1,1
109,1,311.00,558.00,105.00,110.00,0.9085,1,1
109,2,667.00,328.00,80.00,62.00,0.9144,1,1
109,4,393.00,231.00,53.00,53.00,0.8934,1,1
109,5,150.00,357.00,57.00,57.00,0.8989,1,1
109,6,167.00,392.00,40.00,46.00,0.8463,1,1
109,7,253.00,495.00,36.00,45.00,0.3930,1,1
109,9,404.00,283.00,39.00,28.00,0.8493,1,1
109,16,163.00,411.00,40.00,36.00,0.6206,1,1
109,17,377.00,404.00,41.00,42.00,0.7621,1,1
109,22,163.00,385.00,43.00,37.00,0.3166,1,1
109,24,419.00,713.00,93.00,91.00,0.8936,1,1
109,25,505.00,775.00,47.00,44.00,0.3394,1,1
110,1,312.00,558.00,103.00,110.00,0.9103,1,1
110,2,667.00,328.00,81.00,62.00,0.9126,1,1
110,4,389.00,233.00,55.00,52.00,0.8927,1,1
110,5,150.00,357.00,57.00,58.00,0.8925,1,1
110,6,167.00,391.00,40.00,48.00,0.8242,1,1
110,9,402.00,284.00,37.00,29.00,0.8023,1,1
110,16,167.00,406.00,39.00,34.00,0.2557,1,1
110,17,378.00,405.00,41.00,43.00,0.7396,1,1
110,22,163.00,386.00,43.00,36.00,0.3157,1,1
110,24,420.00,713.00,94.00,92.00,0.8870,1,1
110,25,504.00,777.00,49.00,43.00,0.4181,1,1
111,1,314.00,558.00,101.00,109.00,0.9100,1,1
111,2,667.00,328.00,81.00,62.00,0.9134,1,1
111,4,386.00,234.00,54.00,54.00,0.8752,1,1
111,5,150.00,357.00,57.00,57.00,0.8968,1,1
111,6,168.00,391.00,39.00,48.00,0.8319,1,1
111,9,397.00,285.00,39.00,31.00,0.7816,1,1
111,16,167.00,406.00,40.00,34.00,0.6425,1,1
111,17,379.00,410.00,39.00,41.00,0.6793,1,1
111,22,163.00,385.00,43.00,37.00,0.3924,1,1
111,24,422.00,712.00,93.00,93.00,0.8926,1,1
111,25,503.00,774.00,53.00,41.00,0.2755,1,1
112,1,316.00,558.00,102.00,109.00,0.9081,1,1
112,2,667.00,328.00,81.00,62.00,0.9153,1,1
112,4,382.00,236.00,55.00,53.00,0.8893,1,1
112,5,151.00,357.00,55.00,57.00,0.8929,1,1
112,6,167.00,391.00,41.00,48.00,0.8443,1,1
112,9,393.00,289.00,39.00,30.00,0.8628,1,1
112,16,167.00,405.00,41.00,35.00,0.6198,1,1
112,17,378.00,413.00,43.00,44.00,0.6553,1,1
112,22,164.00,385.00,42.00,36.00,0.3433,1,1
112,24,424.00,712.00,93.00,93.00,0.8838,1,1
112,25,508.00,774.00,51.00,39.00,0.2506,1,1
113,1,316.00,558.00,106.00,108.00,0.9036,1,1
113,2,667.00,328.00,81.00,62.00,0.9192,1,1
113,4,377.00,238.00,57.00,53.00,0.8912,1,1
113,5,151.00,357.00,56.00,57.00,0.8923,1,1
113,6,168.00,390.00,40.00,49.00,0.8662,1,1
113,9,390.00,290.00,40.00,29.00,0.8548,1,1
113,16,165.00,409.00,41.00,35.00,0.6198,1,1
113,17,379.00,416.00,43.00,43.00,0.6961,1,1
113,22,163.00,386.00,44.00,35.00,0.3256,1,1
113,24,424.00,712.00,94.00,95.00,0.8771,1,1
113,25,511.00,775.00,50.00,38.00,0.2506,1,1
114,1,317.00,558.00,105.00,108.00,0.9052,1,1
114,2,667.00,329.00,81.00,61.00,0.9185,1,1
114,3,425.00,711.00,96.00,122.00,0.8628,1,1
114,4,376.00,239.00,55.00,55.00,0.8815,1,1
114,5,151.00,357.00,56.00,58.00,0.8893,1,1
114,6,168.00,390.00,40.00,50.00,0.8435,1,1
114,9,388.00,291.00,40.00,29.00,0.8420,1,1
114,17,378.00,417.00,43.00,44.00,0.7643,1,1
114,22,163.00,386.00,44.00,34.00,0.2697,1,1
114,24,424.00,711.00,96.00,98.00,0.8771,1,1
115,1,318.00,558.00,104.00,108.00,0.8994,1,1
115,2,667.00,329.00,81.00,61.00,0.9154,1,1
115,3,426.00,710.00,99.00,123.00,0.8866,1,1
115,4,373.00,240.00,54.00,56.00,0.8847,1,1
115,5,151.00,358.00,56.00,57.00,0.8909,1,1
115,6,168.00,390.00,40.00,50.00,0.8653,1,1
115,7,279.00,493.00,48.00,38.00,0.2947,1,1
115,9,385.00,292.00,40.00,29.00,0.8212,1,1
115,17,380.00,417.00,46.00,44.00,0.6823,1,1
115,22,163.00,386.00,44.00,34.00,0.2697,1,1
116,1,319.00,558.00,103.00,108.00,0.9061,1,1
116,2,667.00,329.00,81.00,62.00,0.9160,1,1
116,3,428.00,709.00,100.00,123.00,0.9065,1,1
116,4,371.00,242.00,53.00,53.00,0.8766,1,1
116,5,152.00,358.00,56.00,57.00,0.8929,1,1
116,6,168.00,390.00,40.00,50.00,0.8618,1,1
116,7,281.00,492.00,49.00,39.00,0.2947,1,1
116,9,379.00,292.00,42.00,30.00,0.8256,1,1
116,17,380.00,419.00,46.00,44.00,0.6823,1,1
116,21,386.00,422.00,40.00,40.00,0.6612,1,1
117,1,319.00,558.00,105.00,109.00,0.9037,1,1
117,2,667.00,329.00,81.00,62.00,0.9152,1,1
117,3,429.00,708.00,100.00,127.00,0.9067,1,1
117,4,367.00,244.00,54.00,53.00,0.8744,1,1
117,5,152.00,358.00,57.00,57.00,0.8949,1,1
117,6,169.00,390.00,39.00,50.00,0.8607,1,1
117,7,269.00,482.00,44.00,43.00,0.5122,1,1
117,9,376.00,294.00,42.00,29.00,0.8542,1,1
117,14,419.00,407.00,32.00,36.00,0.4924,1,1
117,21,389.00,424.00,40.00,39.00,0.7603,1,1
117,25,532.00,769.00,49.00,38.00,0.4475,1,1
118,1,320.00,558.00,106.00,110.00,0.9095,1,1
118,2,667.00,329.00,81.00,62.00,0.9157,1,1
118,3,430.00,706.00,101.00,129.00,0.9218,1,1
118,4,363.00,246.00,56.00,52.00,0.8780,1,1
118,5,153.00,358.00,56.00,57.00,0.8915,1,1
118,6,168.00,391.00,41.00,49.00,0.8602,1,1
118,7,269.00,480.00,45.00,44.00,0.5122,1,1
118,9,376.00,296.00,40.00,29.00,0.8321,1,1
118,14,421.00,386.00,32.00,36.00,0.4924,1,1
118,21,390.00,425.00,41.00,38.00,0.7878,1,1
118,25,538.00,765.00,40.00,35.00,0.5724,1,1
119,1,320.00,557.00,105.00,111.00,0.9077,1,1
119,2,668.00,330.00,80.00,61.00,0.9126,1,1
119,3,432.00,705.00,100.00,128.00,0.9329,1,1
119,4,361.00,248.00,56.00,54.00,0.8815,1,1
119,5,153.00,358.00,57.00,58.00,0.8885,1,1
119,6,169.00,392.00,41.00,48.00,0.8340,1,1
119,9,374.00,297.00,40.00,29.00,0.7551,1,1
119,21,390.00,426.00,45.00,39.00,0.7930,1,1
119,23,547.00,756.00,45.00,46.00,0.6143,1,1
119,25,541.00,764.00,40.00,35.00,0.5724,1,1
120,1,321.00,558.00,103.00,111.00,0.9157,1,1
120,2,668.00,330.00,80.00,61.00,0.9122,1,1
120,3,433.00,704.00,100.00,129.00,0.9357,1,1
120,4,358.00,250.00,58.00,53.00,0.8858,1,1
120,5,154.00,358.00,57.00,58.00,0.8803,1,1
120,6,169.00,392.00,41.00,48.00,0.8383,1,1
120,7,257.00,486.00,37.00,49.00,0.4327,1,1
120,9,371.00,298.00,41.00,32.00,0.7242,1,1
120,21,391.00,427.00,44.00,38.00,0.8215,1,1
120,23,555.00,756.00,54.00,47.00,0.7421,1,1
121,1,321.00,559.00,103.00,111.00,0.9298,1,1
121,2,668.00,330.00,80.00,61.00,0.9107,1,1
121,3,433.00,703.00,101.00,129.00,0.9494,1,1
121,4,354.00,251.00,61.00,53.00,0.8821,1,1
121,5,155.00,358.00,55.00,56.00,0.8772,1,1
121,6,169.00,397.00,41.00,43.00,0.7916,1,1
121,7,256.00,486.00,37.00,49.00,0.4327,1,1
121,9,371.00,301.00,39.00,30.00,0.8116,1,1
121,10,254.00,495.00,32.00,44.00,0.5697,1,1
121,17,425.00,400.00,33.00,37.00,0.4281,1,1
121,21,395.00,429.00,44.00,36.00,0.8561,1,1
121,23,553.00,748.00,58.00,52.00,0.6539,1,1
122,1,322.00,562.00,103.00,110.00,0.9475,1,1
122,2,668.00,330.00,80.00,61.00,0.9127,1,1
122,3,434.00,700.00,100.00,131.00,0.9492,1,1
122,4,352.00,253.00,62.00,51.00,0.8785,1,1
122,5,155.00,358.00,56.00,57.00,0.8798,1,1
122,6,169.00,395.00,41.00,46.00,0.7836,1,1
122,9,370.00,302.00,39.00,30.00,0.8455,1,1
122,10,251.00,500.00,26.00,41.00,0.7607,1,1
122,17,428.00,400.00,30.00,34.00,0.3417,1,1
122,21,394.00,431.00,47.00,36.00,0.7445,1,1
122,23,551.00,744.00,58.00,54.00,0.6762,1,1
123,1,323.00,563.00,102.00,110.00,0.9484,1,1
123,2,668.00,330.00,80.00,62.00,0.9138,1,1
123,3,435.00,697.00,100.00,131.00,0.9445,1,1
123,4,350.00,253.00,62.00,52.00,0.8814,1,1
123,5,155.00,358.00,57.00,57.00,0.8812,1,1
123,6,169.00,397.00,42.00,43.00,0.8208,1,1
123,9,369.00,302.00,39.00,30.00,0.8565,1,1
123,10,255.00,504.00,25.00,42.00,0.7607,1,1
123,17,431.00,396.00,31.00,36.00,0.4797,1,1
123,21,398.00,434.00,47.00,38.00,0.3838,1,1
123,23,546.00,742.00,51.00,47.00,0.7373,1,1
124,1,323.00,563.00,102.00,112.00,0.9507,1,1
124,2,667.00,330.00,81.00,62.00,0.9142,1,1
124,3,436.00,695.00,101.00,132.00,0.9445,1,1
124,4,348.00,254.00,63.00,51.00,0.8694,1,1
124,5,156.00,358.00,56.00,57.00,0.8825,1,1
124,6,169.00,399.00,41.00,41.00,0.8107,1,1
124,9,368.00,302.00,38.00,30.00,0.8777,1,1
124,10,239.00,508.00,26.00,41.00,0.5206,1,1
124,17,434.00,394.00,32.00,37.00,0.5467,1,1
124,21,397.00,434.00,50.00,39.00,0.5703,1,1
124,23,546.00,744.00,58.00,53.00,0.3259,1,1
124,24,437.00,692.00,99.00,134.00,0.9169,1,1
124,25,541.00,741.00,54.00,48.00,0.6870,1,1
125,1,323.00,563.00,101.00,113.00,0.9488,1,1
125,2,667.00,330.00,81.00,62.00,0.9119,1,1
125,3,438.00,689.00,99.00,131.00,0.8975,1,1
125,4,347.00,254.00,65.00,50.00,0.8654,1,1
125,5,156.00,358.00,56.00,57.00,0.8833,1,1
125,6,169.00,396.00,42.00,45.00,0.8098,1,1
125,9,369.00,302.00,37.00,30.00,0.8465,1,1
125,10,236.00,511.00,27.00,41.00,0.6155,1,1
125,17,438.00,391.00,33.00,39.00,0.7470,1,1
125,21,400.00,435.00,47.00,39.00,0.5279,1,1
125,23,541.00,741.00,59.00,56.00,0.6260,1,1
125,24,438.00,690.00,99.00,138.00,0.9169,1,1
125,25,543.00,739.00,55.00,49.00,0.6870,1,1
126,1,322.00,564.00,101.00,113.00,0.9443,1,1
126,2,667.00,330.00,81.00,62.00,0.9123,1,1
126,3,440.00,688.00,98.00,131.00,0.8975,1,1
126,4,346.00,254.00,66.00,51.00,0.8651,1,1
126,5,156.00,359.00,56.00,56.00,0.8873,1,1
126,6,168.00,396.00,43.00,45.00,0.7912,1,1
126,9,368.00,302.00,38.00,30.00,0.8657,1,1
126,10,236.00,512.00,26.00,38.00,0.5085,1,1
126,17,440.00,391.00,36.00,37.00,0.7027,1,1
126,21,394.00,434.00,52.00,38.00,0.5046,1,1
126,23,538.00,749.00,60.00,57.00,0.6260,1,1
126,24,440.00,682.00,100.00,135.00,0.8825,1,1
126,25,542.00,731.00,48.00,53.00,0.5225,1,1
127,1,321.00,564.00,103.00,115.00,0.9438,1,1
127,2,667.00,330.00,81.00,62.00,0.9118,1,1
127,4,346.00,254.00,67.00,51.00,0.8573,1,1
127,5,156.00,359.00,57.00,56.00,0.8916,1,1
127,6,168.00,399.00,43.00,41.00,0.8135,1,1
127,9,369.00,301.00,38.00,31.00,0.8691,1,1
127,10,228.00,515.00,33.00,36.00,0.3754,1,1
127,12,546.00,726.00,38.00,36.00,0.6222,1,1
127,17,444.00,387.00,38.00,37.00,0.8443,1,1
127,21,394.00,432.00,53.00,39.00,0.5475,1,1
127,24,442.00,677.00,100.00,135.00,0.8785,1,1
127,25,543.00,728.00,48.00,54.00,0.5225,1,1
128,1,321.00,565.00,103.00,116.00,0.9440,1,1
128,2,667.00,330.00,81.00,62.00,0.9126,1,1
128,4,346.00,254.00,67.00,51.00,0.8558,1,1
128,5,156.00,359.00,57.00,57.00,0.8959,1,1
128,6,168.00,400.00,42.00,40.00,0.8279,1,1
128,9,371.00,300.00,37.00,31.00,0.8762,1,1
128,10,225.00,513.00,32.00,36.00,0.3080,1,1
128,12,548.00,724.00,38.00,36.00,0.6222,1,1
128,17,451.00,382.00,34.00,37.00,0.8255,1,1
128,21,389.00,430.00,56.00,39.00,0.7944,1,1
128,24,445.00,673.00,98.00,128.00,0.9214,1,1
128,25,545.00,716.00,39.00,46.00,0.6409,1,1
129,1,321.00,565.00,104.00,117.00,0.9410,1,1
129,2,668.00,330.00,80.00,62.00,0.9089,1,1
129,4,346.00,253.00,68.00,52.00,0.8550,1,1
129,5,156.00,360.00,56.00,57.00,0.8889,1,1
129,6,169.00,400.00,42.00,40.00,0.8261,1,1
129,7,223.00,510.00,32.00,41.00,0.6259,1,1
129,9,363.00,298.00,47.00,32.00,0.6787,1,1
129,10,226.00,516.00,32.00,36.00,0.3080,1,1
129,14,373.00,301.00,36.00,31.00,0.8671,1,1
129,17,456.00,378.00,38.00,36.00,0.7142,1,1
129,21,387.00,429.00,56.00,39.00,0.7201,1,1
129,24,451.00,667.00,98.00,129.00,0.9270,1,1
129,25,547.00,712.00,42.00,46.00,0.7414,1,1
130,1,320.00,566.00,104.00,116.00,0.9418,1,1
130,2,668.00,330.00,80.00,62.00,0.9128,1,1
130,4,347.00,253.00,66.00,52.00,0.8714,1,1
130,5,156.00,360.00,56.00,58.00,0.8844,1,1
130,6,169.00,401.00,42.00,40.00,0.8218,1,1
130,7,224.00,510.00,31.00,39.00,0.6851,1,1
130,9,374.00,299.00,35.00,32.00,0.8728,1,1
130,14,371.00,291.00,36.00,31.00,0.8671,1,1
130,17,463.00,375.00,38.00,36.00,0.8699,1,1
130,21,400.00,430.00,41.00,41.00,0.7200,1,1
130,23,552.00,704.00,39.00,53.00,0.7348,1,1
130,24,454.00,661.00,97.00,128.00,0.9131,1,1
130,25,549.00,708.00,41.00,47.00,0.7414,1,1
131,1,320.00,565.00,103.00,118.00,0.9384,1,1
131,2,668.00,330.00,80.00,62.00,0.9116,1,1
131,4,348.00,253.00,66.00,52.00,0.8777,1,1
131,5,155.00,361.00,58.00,57.00,0.8818,1,1
131,6,169.00,403.00,42.00,38.00,0.8441,1,1
131,7,221.00,511.00,31.00,39.00,0.6851,1,1
131,9,363.00,297.00,47.00,30.00,0.6727,1,1
131,10,225.00,510.00,27.00,38.00,0.5963,1,1
131,14,375.00,299.00,35.00,31.00,0.8424,1,1
131,17,468.00,368.00,39.00,37.00,0.8313,1,1
131,21,397.00,431.00,44.00,40.00,0.7219,1,1
131,23,551.00,705.00,38.00,54.00,0.7348,1,1
131,24,458.00,652.00,96.00,129.00,0.8563,1,1
131,25,555.00,703.00,39.00,46.00,0.7068,1,1
132,1,318.00,565.00,103.00,118.00,0.9496,1,1
132,2,669.00,330.00,79.00,62.00,0.9128,1,1
132,4,348.00,253.00,67.00,51.00,0.8840,1,1
132,5,155.00,362.00,58.00,57.00,0.8747,1,1
132,6,169.00,404.00,42.00,38.00,0.8274,1,1
132,9,365.00,297.00,45.00,29.00,0.5987,1,1
132,10,226.00,511.00,28.00,34.00,0.7170,1,1
132,14,376.00,299.00,35.00,30.00,0.8410,1,1
132,17,476.00,366.00,39.00,35.00,0.6826,1,1
132,21,406.00,432.00,39.00,42.00,0.7301,1,1
132,24,463.00,646.00,96.00,123.00,0.9219,1,1
132,25,557.00,697.00,42.00,45.00,0.6778,1,1
133,1,318.00,565.00,102.00,118.00,0.9537,1,1
133,2,669.00,330.00,79.00,62.00,0.9139,1,1
133,4,349.00,252.00,67.00,52.00,0.8773,1,1
133,5,154.00,362.00,59.00,57.00,0.8624,1,1
133,6,170.00,404.00,41.00,38.00,0.8356,1,1
133,9,365.00,296.00,45.00,29.00,0.5792,1,1
133,10,228.00,511.00,32.00,31.00,0.4081,1,1
133,14,376.00,298.00,36.00,31.00,0.8206,1,1
133,17,481.00,363.00,39.00,34.00,0.6826,1,1
133,21,403.00,431.00,45.00,45.00,0.6251,1,1
133,24,470.00,636.00,93.00,126.00,0.8718,1,1
133,25,562.00,684.00,45.00,47.00,0.5874,1,1
134,1,317.00,564.00,103.00,119.00,0.9492,1,1
134,2,669.00,331.00,79.00,61.00,0.9143,1,1
134,4,350.00,252.00,67.00,52.00,0.8739,1,1
134,5,154.00,363.00,59.00,57.00,0.8573,1,1
134,6,170.00,404.00,41.00,39.00,0.8749,1,1
134,9,364.00,295.00,46.00,29.00,0.5597,1,1
134,10,235.00,508.00,28.00,29.00,0.4038,1,1
134,14,376.00,297.00,36.00,31.00,0.8159,1,1
134,21,410.00,437.00,40.00,39.00,0.6317,1,1
134,24,476.00,626.00,95.00,122.00,0.8665,1,1
134,25,569.00,678.00,43.00,45.00,0.7134,1,1
135,1,317.00,564.00,102.00,119.00,0.9477,1,1
135,2,669.00,331.00,79.00,61.00,0.9132,1,1
135,4,353.00,252.00,64.00,53.00,0.8710,1,1
135,5,154.00,363.00,59.00,58.00,0.8556,1,1
135,6,170.00,403.00,41.00,40.00,0.8894,1,1
135,7,238.00,504.00,31.00,32.00,0.3564,1,1
135,9,363.00,294.00,47.00,30.00,0.4752,1,1
135,10,236.00,509.00,28.00,28.00,0.4038,1,1
135,12,576.00,663.00,44.00,44.00,0.5105,1,1
135,14,378.00,297.00,37.00,32.00,0.8011,1,1
135,17,491.00,365.00,38.00,28.00,0.4032,1,1
135,21,409.00,432.00,40.00,44.00,0.6824,1,1
135,24,480.00,618.00,96.00,119.00,0.9223,1,1
135,25,576.00,664.00,44.00,45.00,0.3039,1,1
136,1,316.00,563.00,102.00,120.00,0.9433,1,1
136,2,669.00,331.00,79.00,61.00,0.9132,1,1
136,4,354.00,252.00,64.00,54.00,0.8665,1,1
136,5,154.00,364.00,58.00,58.00,0.8730,1,1
136,6,169.00,403.00,42.00,41.00,0.8896,1,1
136,7,239.00,500.00,38.00,32.00,0.3017,1,1
136,9,364.00,294.00,47.00,29.00,0.3655,1,1
136,12,579.00,657.00,45.00,44.00,0.5105,1,1
136,14,376.00,297.00,40.00,32.00,0.7799,1,1
136,17,494.00,366.00,35.00,30.00,0.5748,1,1
136,21,408.00,430.00,41.00,43.00,0.5145,1,1
136,24,487.00,605.00,93.00,121.00,0.8916,1,1
136,25,581.00,654.00,46.00,45.00,0.6480,1,1
137,1,316.00,561.00,102.00,120.00,0.9321,1,1
137,2,669.00,331.00,79.00,61.00,0.9122,1,1
137,4,356.00,252.00,63.00,54.00,0.8739,1,1
137,5,153.00,365.00,59.00,57.00,0.8764,1,1
137,6,169.00,404.00,42.00,40.00,0.8842,1,1
137,7,249.00,499.00,38.00,33.00,0.3628,1,1
137,9,363.00,294.00,48.00,29.00,0.3655,1,1
137,14,381.00,297.00,37.00,32.00,0.7939,1,1
137,17,499.00,364.00,35.00,30.00,0.5748,1,1
137,21,399.00,426.00,49.00,43.00,0.4047,1,1
137,22,166.00,402.00,45.00,34.00,0.4598,1,1
137,24,495.00,593.00,91.00,116.00,0.9318,1,1
137,25,585.00,645.00,46.00,45.00,0.7089,1,1
138,1,316.00,560.00,102.00,119.00,0.9331,1,1
138,2,669.00,331.00,79.00,61.00,0.9121,1,1
138,4,357.00,252.00,63.00,53.00,0.8806,1,1
138,5,153.00,365.00,59.00,57.00,0.8888,1,1
138,6,170.00,405.00,41.00,40.00,0.8966,1,1
138,7,250.00,499.00,39.00,31.00,0.3628,1,1
138,14,382.00,298.00,37.00,32.00,0.8121,1,1
138,21,400.00,426.00,47.00,42.00,0.4866,1,1
138,22,166.00,401.00,46.00,34.00,0.4341,1,1
138,23,502.00,370.00,43.00,40.00,0.3865,1,1
138,24,499.00,582.00,93.00,118.00,0.8984,1,1
138,25,593.00,633.00,40.00,45.00,0.4273,1,1
139,1,317.00,560.00,100.00,119.00,0.9292,1,1
139,2,669.00,331.00,79.00,61.00,0.9129,1,1
139,4,360.00,252.00,61.00,54.00,0.8942,1,1
139,5,151.00,365.00,62.00,58.00,0.8984,1,1
139,6,169.00,403.00,43.00,43.00,0.8992,1,1
139,12,598.00,628.00,40.00,42.00,0.3634,1,1
139,14,383.00,299.00,36.00,32.00,0.8310,1,1
139,16,257.00,484.00,45.00,38.00,0.5411,1,1
139,21,401.00,427.00,47.00,40.00,0.3560,1,1
139,22,166.00,400.00,46.00,35.00,0.4324,1,1
139,23,504.00,374.00,44.00,39.00,0.3896,1,1
139,24,505.00,575.00,95.00,113.00,0.9263,1,1
139,25,597.00,624.00,40.00,46.00,0.4273,1,1
140,1,318.00,560.00,98.00,118.00,0.9338,1,1
140,2,669.00,331.00,79.00,61.00,0.9140,1,1
140,4,361.00,252.00,61.00,54.00,0.8982,1,1
140,5,152.00,366.00,60.00,56.00,0.8897,1,1
140,6,170.00,405.00,41.00,42.00,0.8990,1,1
140,10,159.00,528.00,41.00,30.00,0.5904,1,1
140,12,602.00,621.00,40.00,42.00,0.3634,1,1
140,14,383.00,300.00,37.00,32.00,0.8652,1,1
140,16,269.00,481.00,36.00,39.00,0.5351,1,1
140,21,403.00,428.00,47.00,40.00,0.6545,1,1
140,22,169.00,401.00,43.00,34.00,0.3746,1,1
140,23,501.00,357.00,43.00,38.00,0.3896,1,1
140,24,509.00,567.00,94.00,112.00,0.9300,1,1
141,1,318.00,559.00,99.00,118.00,0.9414,1,1
141,2,669.00,331.00,79.00,61.00,0.9140,1,1
141,4,362.00,252.00,61.00,54.00,0.8995,1,1
141,5,151.00,366.00,61.00,57.00,0.8933,1,1
141,6,170.00,406.00,41.00,41.00,0.8851,1,1
141,10,160.00,529.00,37.00,28.00,0.7251,1,1
141,12,607.00,616.00,36.00,37.00,0.2615,1,1
141,14,385.00,301.00,35.00,32.00,0.8830,1,1
141,16,274.00,480.00,36.00,38.00,0.8762,1,1
141,21,405.00,429.00,50.00,40.00,0.6408,1,1
141,22,170.00,402.00,42.00,32.00,0.3672,1,1
141,24,515.00,561.00,92.00,111.00,0.9450,1,1
142,1,320.00,558.00,98.00,119.00,0.9389,1,1
142,2,669.00,331.00,79.00,61.00,0.9134,1,1
142,4,363.00,253.00,60.00,54.00,0.9017,1,1
142,5,151.00,367.00,61.00,57.00,0.8950,1,1
142,6,170.00,407.00,41.00,42.00,0.9020,1,1
142,7,277.00,479.00,34.00,37.00,0.8921,1,1
142,10,161.00,530.00,37.00,27.00,0.6104,1,1
142,12,612.00,608.00,35.00,38.00,0.2615,1,1
142,14,385.00,301.00,36.00,31.00,0.8780,1,1
142,16,279.00,482.00,35.00,38.00,0.8762,1,1
142,21,407.00,430.00,48.00,39.00,0.5738,1,1
142,22,170.00,402.00,41.00,31.00,0.2741,1,1
142,24,521.00,554.00,91.00,112.00,0.9219,1,1
143,1,322.00,558.00,98.00,117.00,0.9343,1,1
143,2,669.00,331.00,79.00,61.00,0.9132,1,1
143,3,303.00,722.00,40.00,52.00,0.3671,1,1
143,4,363.00,253.00,61.00,56.00,0.8965,1,1
143,5,152.00,367.00,60.00,57.00,0.8975,1,1
143,6,170.00,407.00,41.00,42.00,0.9103,1,1
143,7,280.00,480.00,34.00,38.00,0.8806,1,1
143,10,162.00,530.00,39.00,27.00,0.4875,1,1
143,12,617.00,605.00,34.00,38.00,0.3722,1,1
143,14,386.00,302.00,35.00,30.00,0.8923,1,1
143,21,408.00,429.00,48.00,40.00,0.3171,1,1
143,22,170.00,402.00,42.00,31.00,0.2741,1,1
143,24,525.00,549.00,92.00,110.00,0.9375,1,1
144,1,324.00,558.00,99.00,116.00,0.9247,1,1
144,2,669.00,331.00,79.00,61.00,0.9128,1,1
144,3,296.00,724.00,37.00,47.00,0.3671,1,1
144,4,364.00,253.00,61.00,56.00,0.9023,1,1
144,5,151.00,368.00,61.00,56.00,0.8964,1,1
144,6,170.00,408.00,41.00,41.00,0.9150,1,1
144,7,279.00,481.00,35.00,39.00,0.8450,1,1
144,9,386.00,303.00,36.00,31.00,0.9043,1,1
144,10,165.00,531.00,38.00,27.00,0.7395,1,1
144,12,621.00,599.00,34.00,38.00,0.3722,1,1
144,14,387.00,301.00,35.00,30.00,0.8923,1,1
144,21,405.00,426.00,52.00,41.00,0.3421,1,1
144,24,529.00,543.00,92.00,111.00,0.9180,1,1
145,1,326.00,558.00,100.00,115.00,0.9233,1,1
145,2,669.00,331.00,79.00,61.00,0.9098,1,1
145,4,366.00,253.00,59.00,56.00,0.8869,1,1
145,5,151.00,368.00,61.00,56.00,0.9000,1,1
145,6,170.00,407.00,42.00,43.00,0.9229,1,1
145,7,280.00,485.00,36.00,42.00,0.7503,1,1
145,9,387.00,305.00,36.00,29.00,0.9116,1,1
145,10,166.00,532.00,37.00,27.00,0.8219,1,1
145,12,623.00,597.00,37.00,35.00,0.3329,1,1
145,21,405.00,426.00,53.00,41.00,0.3421,1,1
145,24,534.00,539.00,93.00,109.00,0.9203,1,1
146,1,329.00,558.00,100.00,114.00,0.9190,1,1
146,2,669.00,331.00,79.00,61.00,0.9095,1,1
146,4,367.00,254.00,59.00,57.00,0.8879,1,1
146,5,151.00,367.00,62.00,57.00,0.8984,1,1
146,6,171.00,407.00,41.00,43.00,0.9274,1,1
146,7,278.00,486.00,34.00,43.00,0.7846,1,1
146,9,388.00,305.00,36.00,28.00,0.9110,1,1
146,10,168.00,533.00,36.00,26.00,0.7721,1,1
146,12,630.00,588.00,33.00,35.00,0.2699,1,1
146,21,404.00,421.00,52.00,42.00,0.3986,1,1
146,24,538.00,535.00,94.00,108.00,0.9421,1,1
146,25,297.00,704.00,48.00,59.00,0.3132,1,1
147,1,332.00,557.00,100.00,112.00,0.9102,1,1
147,2,669.00,331.00,79.00,61.00,0.9081,1,1
147,4,368.00,254.00,59.00,57.00,0.8824,1,1
147,5,151.00,367.00,62.00,57.00,0.8968,1,1
147,6,172.00,407.00,40.00,43.00,0.9130,1,1
147,7,278.00,489.00,34.00,44.00,0.8702,1,1
147,9,388.00,306.00,37.00,27.00,0.9058,1,1
147,10,171.00,534.00,38.00,26.00,0.5819,1,1
147,12,634.00,582.00,33.00,34.00,0.2699,1,1
147,21,403.00,418.00,55.00,43.00,0.5396,1,1
147,23,508.00,379.00,39.00,41.00,0.3405,1,1
147,24,543.00,534.00,93.00,106.00,0.9435,1,1
147,25,275.00,707.00,49.00,60.00,0.3132,1,1
148,1,332.00,554.00,102.00,116.00,0.9151,1,1
148,2,669.00,331.00,79.00,61.00,0.9073,1,1
148,4,368.00,254.00,60.00,57.00,0.8893,1,1
148,5,151.00,367.00,62.00,58.00,0.8959,1,1
148,6,172.00,409.00,40.00,41.00,0.9240,1,1
148,7,277.00,491.00,35.00,46.00,0.8959,1,1
148,9,378.00,300.00,46.00,29.00,0.3020,1,1
148,10,173.00,535.00,39.00,26.00,0.6247,1,1
148,14,388.00,306.00,37.00,27.00,0.8896,1,1
148,21,406.00,419.00,56.00,44.00,0.5082,1,1
148,23,508.00,378.00,39.00,43.00,0.4129,1,1
148,24,549.00,529.00,92.00,108.00,0.9120,1,1
149,1,334.00,552.00,104.00,117.00,0.9053,1,1
149,2,669.00,331.00,79.00,61.00,0.9077,1,1
149,4,368.00,254.00,60.00,57.00,0.8907,1,1
149,5,151.00,367.00,62.00,58.00,0.8951,1,1
149,6,173.00,408.00,39.00,42.00,0.9255,1,1
149,7,275.00,493.00,34.00,41.00,0.8676,1,1
149,9,378.00,300.00,47.00,30.00,0.2872,1,1
149,10,176.00,535.00,41.00,26.00,0.7453,1,1
149,14,388.00,305.00,37.00,28.00,0.8880,1,1
149,21,408.00,421.00,58.00,42.00,0.2946,1,1
149,23,508.00,378.00,39.00,41.00,0.4970,1,1
149,24,556.00,525.00,87.00,109.00,0.9292,1,1
150,1,338.00,551.00,105.00,118.00,0.9251,1,1
150,2,669.00,331.00,79.00,61.00,0.9084,1,1
150,4,368.00,254.00,60.00,57.00,0.8946,1,1
150,5,151.00,367.00,62.00,58.00,0.8943,1,1
150,6,172.00,412.00,41.00,38.00,0.9269,1,1
150,7,273.00,493.00,35.00,41.00,0.8318,1,1
150,9,378.00,299.00,47.00,30.00,0.3251,1,1
150,10,177.00,535.00,47.00,28.00,0.5745,1,1
150,14,388.00,305.00,37.00,28.00,0.8916,1,1
150,21,408.00,421.00,59.00,42.00,0.2946,1,1
150,23,508.00,375.00,39.00,40.00,0.3910,1,1
150,24,560.00,522.00,89.00,108.00,0.9388,1,1
151,1,343.00,550.00,103.00,118.00,0.9343,1,1
151,2,669.00,331.00,79.00,61.00,0.9077,1,1
151,4,367.00,254.00,62.00,56.00,0.8976,1,1
151,5,152.00,368.00,62.00,57.00,0.8923,1,1
151,6,173.00,409.00,41.00,41.00,0.9177,1,1
151,7,270.00,494.00,37.00,41.00,0.8064,1,1
151,9,378.00,299.00,47.00,31.00,0.3525,1,1
151,10,175.00,535.00,52.00,28.00,0.3212,1,1
151,14,389.00,305.00,37.00,28.00,0.8938,1,1
151,17,509.00,375.00,37.00,34.00,0.8253,1,1
151,23,507.00,373.00,40.00,40.00,0.3910,1,1
151,24,568.00,519.00,87.00,109.00,0.9433,1,1
152,1,348.00,549.00,103.00,116.00,0.9311,1,1
152,2,669.00,331.00,79.00,61.00,0.9072,1,1
152,4,368.00,254.00,61.00,55.00,0.8959,1,1
152,5,153.00,368.00,61.00,58.00,0.8933,1,1
152,6,174.00,408.00,41.00,42.00,0.9305,1,1
152,7,267.00,490.00,36.00,46.00,0.7764,1,1
152,9,378.00,299.00,47.00,31.00,0.3361,1,1
152,10,175.00,536.00,53.00,28.00,0.3212,1,1
152,14,389.00,305.00,37.00,29.00,0.8940,1,1
152,17,509.00,374.00,37.00,32.00,0.6488,1,1
152,24,576.00,515.00,86.00,110.00,0.9295,1,1
153,1,351.00,547.00,104.00,114.00,0.9445,1,1
153,2,669.00,331.00,79.00,61.00,0.9054,1,1
153,4,368.00,254.00,62.00,55.00,0.8966,1,1
153,5,152.00,368.00,63.00,58.00,0.8940,1,1
153,6,175.00,407.00,41.00,43.00,0.9396,1,1
153,7,264.00,491.00,41.00,46.00,0.4063,1,1
153,9,378.00,299.00,47.00,31.00,0.3252,1,1
153,10,184.00,534.00,60.00,29.00,0.4891,1,1
153,14,389.00,305.00,38.00,29.00,0.8790,1,1
153,17,510.00,373.00,36.00,31.00,0.4034,1,1
153,24,584.00,511.00,83.00,112.00,0.9148,1,1
154,1,356.00,545.00,103.00,114.00,0.9365,1,1
154,2,669.00,331.00,79.00,61.00,0.9060,1,1
154,4,368.00,254.00,62.00,55.00,0.8925,1,1
154,5,152.00,368.00,63.00,59.00,0.8951,1,1
154,6,175.00,407.00,41.00,43.00,0.9423,1,1
154,7,263.00,491.00,42.00,47.00,0.4063,1,1
154,9,377.00,298.00,48.00,32.00,0.3122,1,1
154,10,185.00,535.00,62.00,29.00,0.4891,1,1
154,14,389.00,305.00,38.00,29.00,0.8592,1,1
154,17,507.00,367.00,39.00,31.00,0.3075,1,1
154,24,590.00,508.00,85.00,112.00,0.9533,1,1
155,1,361.00,543.00,100.00,113.00,0.9185,1,1
155,2,669.00,331.00,79.00,61.00,0.9076,1,1
155,4,368.00,253.00,62.00,56.00,0.8867,1,1
155,5,153.00,368.00,63.00,59.00,0.8900,1,1
155,6,177.00,407.00,40.00,44.00,0.9482,1,1
155,9,377.00,298.00,48.00,32.00,0.3349,1,1
155,10,204.00,533.00,55.00,28.00,0.3863,1,1
155,14,389.00,305.00,38.00,29.00,0.8532,1,1
155,17,506.00,365.00,40.00,33.00,0.5698,1,1
155,21,405.00,430.00,52.00,40.00,0.2925,1,1
155,24,599.00,503.00,85.00,112.00,0.9370,1,1
156,1,367.00,541.00,100.00,113.00,0.9259,1,1
156,2,669.00,331.00,79.00,61.00,0.9075,1,1
156,4,368.00,253.00,62.00,56.00,0.8877,1,1
156,5,155.00,368.00,64.00,60.00,0.8930,1,1
156,6,179.00,406.00,39.00,45.00,0.9486,1,1
156,9,378.00,299.00,47.00,32.00,0.3545,1,1
156,10,213.00,533.00,50.00,28.00,0.5678,1,1
156,14,388.00,305.00,38.00,29.00,0.8626,1,1
156,17,506.00,364.00,41.00,33.00,0.4942,1,1
156,21,405.00,431.00,52.00,39.00,0.2925,1,1
156,24,606.00,496.00,85.00,115.00,0.9333,1,1
157,1,366.00,539.00,105.00,114.00,0.9499,1,1
157,2,669.00,331.00,80.00,61.00,0.9080,1,1
157,4,368.00,253.00,62.00,56.00,0.8861,1,1
157,5,158.00,369.00,63.00,58.00,0.9014,1,1
157,6,181.00,407.00,40.00,45.00,0.9492,1,1
157,7,252.00,491.00,51.00,47.00,0.5261,1,1
157,9,378.00,299.00,47.00,32.00,0.3661,1,1
157,10,223.00,534.00,46.00,28.00,0.6560,1,1
157,14,389.00,304.00,38.00,29.00,0.8577,1,1
157,17,506.00,363.00,42.00,32.00,0.4722,1,1
157,24,614.00,492.00,84.00,112.00,0.9353,1,1
158,1,369.00,535.00,103.00,113.00,0.9570,1,1
158,2,669.00,331.00,80.00,61.00,0.9071,1,1
158,4,368.00,253.00,61.00,56.00,0.8875,1,1
158,5,159.00,369.00,63.00,59.00,0.9037,1,1
158,6,183.00,408.00,39.00,44.00,0.9540,1,1
158,7,252.00,491.00,51.00,46.00,0.3732,1,1
158,9,378.00,299.00,47.00,32.00,0.3330,1,1
158,10,224.00,534.00,52.00,28.00,0.6004,1,1
158,14,389.00,304.00,37.00,29.00,0.8754,1,1
158,17,505.00,361.00,42.00,33.00,0.4826,1,1
158,24,618.00,486.00,89.00,110.00,0.9320,1,1
159,1,374.00,532.00,102.00,113.00,0.9513,1,1
159,2,669.00,331.00,80.00,61.00,0.9081,1,1
159,4,368.00,253.00,61.00,56.00,0.8790,1,1
159,5,161.00,370.00,63.00,59.00,0.8954,1,1
159,6,186.00,407.00,39.00,45.00,0.9414,1,1
159,7,253.00,492.00,51.00,44.00,0.3971,1,1
159,9,378.00,299.00,47.00,32.00,0.3602,1,1
159,10,228.00,535.00,53.00,27.00,0.6004,1,1
159,14,388.00,304.00,38.00,29.00,0.8730,1,1
159,17,506.00,360.00,40.00,33.00,0.5556,1,1
159,24,625.00,479.00,89.00,109.00,0.9504,1,1
160,1,379.00,529.00,100.00,112.00,0.9466,1,1
160,2,669.00,331.00,80.00,61.00,0.9116,1,1
160,4,368.00,253.00,61.00,57.00,0.8797,1,1
160,5,164.00,370.00,62.00,60.00,0.8928,1,1
160,6,189.00,408.00,40.00,45.00,0.9212,1,1
160,7,253.00,491.00,43.00,43.00,0.4428,1,1
160,9,378.00,299.00,47.00,32.00,0.3852,1,1
160,10,243.00,535.00,45.00,31.00,0.5657,1,1
160,14,388.00,304.00,38.00,29.00,0.8788,1,1
160,17,507.00,358.00,40.00,33.00,0.3213,1,1
160,24,630.00,475.00,89.00,104.00,0.8824,1,1
161,1,386.00,523.00,95.00,115.00,0.9412,1,1
161,2,669.00,330.00,80.00,62.00,0.9153,1,1
161,4,368.00,253.00,61.00,57.00,0.8872,1,1
161,5,166.00,372.00,63.00,58.00,0.8925,1,1
161,6,193.00,410.00,38.00,43.00,0.9218,1,1
161,7,253.00,490.00,43.00,44.00,0.4129,1,1
161,9,378.00,299.00,47.00,31.00,0.3484,1,1
161,10,251.00,533.00,42.00,34.00,0.5451,1,1
161,14,388.00,305.00,37.00,28.00,0.8810,1,1
161,17,507.00,357.00,40.00,33.00,0.3213,1,1
161,24,635.00,471.00,94.00,109.00,0.9043,1,1
162,1,392.00,520.00,94.00,113.00,0.9559,1,1
162,2,669.00,330.00,80.00,62.00,0.9169,1,1
162,4,368.00,253.00,61.00,57.00,0.8848,1,1
162,5,168.00,374.00,67.00,58.00,0.9090,1,1
162,6,197.00,411.00,39.00,43.00,0.9474,1,1
162,7,254.00,490.00,44.00,43.00,0.3514,1,1
162,9,378.00,299.00,46.00,32.00,0.3627,1,1
162,10,258.00,539.00,43.00,32.00,0.7859,1,1
162,14,388.00,305.00,38.00,28.00,0.8762,1,1
162,17,498.00,356.00,39.00,32.00,0.4165,1,1
162,24,641.00,468.00,95.00,103.00,0.9380,1,1
163,1,397.00,514.00,95.00,112.00,0.9331,1,1
163,2,669.00,330.00,80.00,62.00,0.9156,1,1
163,4,368.00,253.00,61.00,57.00,0.8820,1,1
163,5,171.00,376.00,67.00,57.00,0.9066,1,1
163,6,200.00,413.00,38.00,42.00,0.9004,1,1
163,7,253.00,490.00,45.00,43.00,0.3514,1,1
163,9,378.00,300.00,46.00,31.00,0.3649,1,1
163,10,265.00,541.00,42.00,36.00,0.6321,1,1
163,14,388.00,305.00,37.00,28.00,0.8745,1,1
163,17,496.00,354.00,38.00,33.00,0.6778,1,1
163,21,397.00,430.00,49.00,38.00,0.5206,1,1
163,22,203.00,410.00,35.00,36.00,0.2807,1,1
163,24,645.00,465.00,96.00,103.00,0.9440,1,1
164,1,399.00,508.00,98.00,115.00,0.9573,1,1
164,2,669.00,330.00,80.00,62.00,0.9162,1,1
164,4,368.00,253.00,61.00,57.00,0.8844,1,1
164,5,173.00,377.00,67.00,59.00,0.8863,1,1
164,6,204.00,414.00,36.00,42.00,0.8873,1,1
164,7,267.00,544.00,49.00,44.00,0.4063,1,1
164,9,378.00,300.00,47.00,31.00,0.3515,1,1
164,10,271.00,542.00,42.00,36.00,0.6321,1,1
164,14,388.00,305.00,37.00,28.00,0.8712,1,1
164,17,495.00,353.00,41.00,34.00,0.5662,1,1
164,21,396.00,430.00,46.00,35.00,0.4284,1,1
164,22,205.00,410.00,34.00,37.00,0.2807,1,1
164,24,649.00,461.00,96.00,102.00,0.9370,1,1
165,1,403.00,504.00,97.00,113.00,0.9473,1,1
165,2,669.00,330.00,80.00,62.00,0.9166,1,1
165,4,367.00,253.00,62.00,57.00,0.8848,1,1
165,5,177.00,380.00,67.00,59.00,0.8995,1,1
165,6,209.00,419.00,34.00,40.00,0.8621,1,1
165,7,270.00,549.00,49.00,46.00,0.5850,1,1
165,9,377.00,300.00,47.00,31.00,0.4030,1,1
165,14,388.00,306.00,36.00,28.00,0.8509,1,1
165,17,492.00,350.00,40.00,35.00,0.6041,1,1
165,21,396.00,430.00,47.00,35.00,0.3579,1,1
165,24,655.00,460.00,97.00,101.00,0.9302,1,1
166,1,408.00,499.00,94.00,109.00,0.9520,1,1
166,2,669.00,330.00,80.00,62.00,0.9166,1,1
166,4,367.00,253.00,62.00,56.00,0.8804,1,1
166,5,180.00,382.00,68.00,58.00,0.9012,1,1
166,6,211.00,420.00,36.00,41.00,0.8987,1,1
166,7,271.00,550.00,49.00,45.00,0.6422,1,1
166,9,377.00,300.00,48.00,30.00,0.3991,1,1
166,14,388.00,306.00,36.00,28.00,0.8383,1,1
166,16,258.00,491.00,41.00,40.00,0.3115,1,1
166,17,490.00,350.00,46.00,36.00,0.2985,1,1
166,21,396.00,430.00,50.00,36.00,0.4661,1,1
166,24,658.00,459.00,97.00,95.00,0.9160,1,1
167,1,412.00,494.00,97.00,107.00,0.9622,1,1
167,2,671.00,330.00,79.00,61.00,0.9112,1,1
167,4,367.00,253.00,63.00,57.00,0.8879,1,1
167,5,182.00,383.00,68.00,58.00,0.9175,1,1
167,6,211.00,421.00,38.00,41.00,0.9113,1,1
167,7,269.00,551.00,50.00,43.00,0.7479,1,1
167,9,376.00,299.00,49.00,30.00,0.3701,1,1
167,14,388.00,306.00,36.00,27.00,0.8188,1,1
167,16,259.00,491.00,39.00,40.00,0.3940,1,1
167,17,486.00,350.00,44.00,36.00,0.2904,1,1
167,21,396.00,431.00,48.00,35.00,0.4997,1,1
167,24,662.00,458.00,97.00,97.00,0.9085,1,1
168,1,416.00,489.00,98.00,107.00,0.9396,1,1
168,2,671.00,330.00,80.00,61.00,0.9060,1,1
168,4,368.00,253.00,62.00,59.00,0.8913,1,1
168,5,186.00,383.00,65.00,59.00,0.9020,1,1
168,6,212.00,422.00,39.00,42.00,0.9012,1,1
168,7,269.00,551.00,52.00,43.00,0.7466,1,1
168,9,375.00,299.00,50.00,29.00,0.3701,1,1
168,12,260.00,492.00,41.00,41.00,0.3973,1,1
168,14,388.00,307.00,36.00,26.00,0.8077,1,1
168,16,258.00,492.00,39.00,40.00,0.3940,1,1
168,17,479.00,350.00,42.00,34.00,0.4118,1,1
168,21,396.00,431.00,46.00,35.00,0.4803,1,1
168,24,668.00,457.00,96.00,96.00,0.9208,1,1
169,1,422.00,485.00,95.00,107.00,0.9537,1,1
169,2,673.00,330.00,79.00,60.00,0.9164,1,1
169,4,368.00,253.00,64.00,59.00,0.8980,1,1
169,5,186.00,384.00,67.00,59.00,0.9118,1,1
169,6,213.00,422.00,40.00,43.00,0.9204,1,1
169,7,266.00,549.00,53.00,46.00,0.6589,1,1
169,12,242.00,487.00,42.00,42.00,0.3973,1,1
169,14,388.00,307.00,36.00,27.00,0.8007,1,1
169,17,479.00,352.00,40.00,34.00,0.5308,1,1
169,21,396.00,431.00,45.00,35.00,0.4803,1,1
169,24,671.00,458.00,97.00,94.00,0.9138,1,1
170,1,425.00,480.00,92.00,106.00,0.9554,1,1
170,2,673.00,330.00,80.00,60.00,0.9185,1,1
170,4,368.00,253.00,65.00,60.00,0.9061,1,1
170,5,187.00,383.00,66.00,61.00,0.9078,1,1
170,6,214.00,422.00,39.00,43.00,0.9027,1,1
170,7,267.00,549.00,53.00,46.00,0.7417,1,1
170,14,388.00,308.00,36.00,26.00,0.8302,1,1
170,17,477.00,352.00,39.00,37.00,0.6078,1,1
170,24,674.00,458.00,98.00,92.00,0.8952,1,1
171,1,428.00,475.00,94.00,104.00,0.9426,1,1
171,2,674.00,330.00,80.00,60.00,0.9231,1,1
171,4,367.00,253.00,66.00,61.00,0.9083,1,1
171,5,187.00,383.00,67.00,61.00,0.9109,1,1
171,6,214.00,422.00,40.00,43.00,0.9190,1,1
171,7,277.00,550.00,48.00,45.00,0.6706,1,1
171,9,388.00,307.00,36.00,27.00,0.8350,1,1
171,14,388.00,308.00,36.00,26.00,0.8302,1,1
171,17,474.00,353.00,42.00,37.00,0.7795,1,1
171,24,676.00,459.00,100.00,91.00,0.9012,1,1
172,1,429.00,472.00,93.00,103.00,0.9565,1,1
172,2,675.00,330.00,80.00,60.00,0.9214,1,1
172,4,368.00,254.00,65.00,60.00,0.9065,1,1
172,5,187.00,383.00,67.00,61.00,0.9118,1,1
172,6,214.00,422.00,39.00,43.00,0.9148,1,1
172,7,281.00,549.00,44.00,44.00,0.7508,1,1
172,9,388.00,307.00,36.00,27.00,0.8228,1,1
172,17,472.00,354.00,42.00,37.00,0.8227,1,1
172,24,678.00,460.00,98.00,94.00,0.9108,1,1
173,1,431.00,469.00,92.00,98.00,0.9553,1,1
173,2,676.00,330.00,79.00,60.00,0.9246,1,1
173,4,368.00,253.00,65.00,61.00,0.9065,1,1
173,5,186.00,383.00,68.00,61.00,0.9114,1,1
173,6,214.00,422.00,39.00,42.00,0.9164,1,1
173,7,281.00,548.00,46.00,44.00,0.7730,1,1
173,9,388.00,307.00,35.00,27.00,0.8222,1,1
173,17,471.00,357.00,40.00,39.00,0.6051,1,1
173,21,396.00,428.00,45.00,35.00,0.3586,1,1
173,24,683.00,461.00,99.00,94.00,0.9205,1,1
174,1,433.00,467.00,91.00,97.00,0.9522,1,1
174,2,676.00,330.00,81.00,60.00,0.9208,1,1
174,4,366.00,254.00,68.00,60.00,0.9108,1,1
174,5,186.00,383.00,68.00,61.00,0.9133,1,1
174,6,214.00,422.00,39.00,42.00,0.9184,1,1
174,7,282.00,550.00,44.00,42.00,0.7677,1,1
174,9,375.00,299.00,50.00,26.00,0.3170,1,1
174,14,387.00,307.00,36.00,27.00,0.8190,1,1
174,16,261.00,491.00,42.00,38.00,0.2896,1,1
174,17,469.00,359.00,39.00,40.00,0.6268,1,1
174,21,397.00,430.00,49.00,36.00,0.4555,1,1
174,24,686.00,462.00,98.00,98.00,0.9303,1,1
175,1,433.00,466.00,90.00,98.00,0.9510,1,1
175,2,677.00,330.00,83.00,60.00,0.9228,1,1
175,4,365.00,253.00,68.00,60.00,0.9089,1,1
175,5,186.00,383.00,68.00,61.00,0.9148,1,1
175,6,214.00,421.00,38.00,43.00,0.9299,1,1
175,7,281.00,550.00,45.00,42.00,0.7470,1,1
175,9,375.00,299.00,50.00,27.00,0.3661,1,1
175,14,387.00,307.00,35.00,26.00,0.8320,1,1
175,16,261.00,491.00,42.00,37.00,0.3067,1,1
175,17,467.00,362.00,37.00,40.00,0.7838,1,1
175,21,397.00,430.00,49.00,36.00,0.4555,1,1
175,24,689.00,464.00,98.00,97.00,0.9379,1,1
176,1,434.00,470.00,88.00,94.00,0.9520,1,1
176,2,678.00,330.00,82.00,60.00,0.9220,1,1
176,4,365.00,253.00,67.00,59.00,0.9046,1,1
176,5,187.00,383.00,66.00,61.00,0.9141,1,1
176,6,215.00,421.00,38.00,42.00,0.9177,1,1
176,7,280.00,551.00,46.00,40.00,0.7854,1,1
176,9,375.00,300.00,48.00,28.00,0.4323,1,1
176,14,386.00,307.00,36.00,26.00,0.8412,1,1
176,16,260.00,491.00,40.00,36.00,0.2716,1,1
176,17,466.00,365.00,38.00,38.00,0.8674,1,1
176,24,691.00,465.00,101.00,99.00,0.9387,1,1
177,1,431.00,472.00,89.00,93.00,0.9581,1,1
177,2,679.00,330.00,82.00,60.00,0.9191,1,1
177,4,364.00,253.00,68.00,58.00,0.9079,1,1
177,5,186.00,383.00,67.00,60.00,0.9138,1,1
177,6,215.00,420.00,37.00,43.00,0.9201,1,1
177,7,280.00,552.00,45.00,39.00,0.8011,1,1
177,9,376.00,301.00,45.00,29.00,0.5138,1,1
177,14,385.00,307.00,36.00,25.00,0.8455,1,1
177,16,260.00,491.00,39.00,36.00,0.2716,1,1
177,17,466.00,366.00,36.00,38.00,0.8647,1,1
177,24,695.00,466.00,101.00,97.00,0.9358,1,1
178,1,429.00,477.00,87.00,90.00,0.9514,1,1
178,2,681.00,331.00,81.00,60.00,0.9181,1,1
178,4,363.00,253.00,68.00,58.00,0.9046,1,1
178,5,186.00,382.00,67.00,60.00,0.9098,1,1
178,6,214.00,420.00,38.00,42.00,0.9257,1,1
178,7,279.00,550.00,45.00,41.00,0.8078,1,1
178,9,376.00,303.00,43.00,29.00,0.5355,1,1
178,14,384.00,307.00,36.00,25.00,0.8222,1,1
178,17,464.00,368.00,37.00,38.00,0.8602,1,1
178,24,696.00,468.00,102.00,97.00,0.9330,1,1
179,1,427.00,481.00,85.00,90.00,0.9453,1,1
179,2,684.00,332.00,80.00,59.00,0.9171,1,1
179,4,363.00,253.00,67.00,58.00,0.9021,1,1
179,5,185.00,381.00,68.00,61.00,0.9077,1,1
179,6,214.00,420.00,37.00,42.00,0.9227,1,1
179,7,275.00,550.00,48.00,42.00,0.8564,1,1
179,9,376.00,303.00,43.00,29.00,0.5355,1,1
179,14,384.00,306.00,35.00,26.00,0.8072,1,1
179,16,260.00,491.00,38.00,38.00,0.3388,1,1
179,17,464.00,371.00,36.00,36.00,0.8883,1,1
179,24,698.00,469.00,102.00,97.00,0.9354,1,1
180,1,423.00,483.00,84.00,91.00,0.9475,1,1
180,2,686.00,331.00,80.00,61.00,0.9160,1,1
180,4,362.00,252.00,68.00,58.00,0.8989,1,1
180,5,185.00,381.00,68.00,61.00,0.9068,1,1
180,6,214.00,420.00,36.00,41.00,0.9126,1,1
180,7,269.00,550.00,51.00,42.00,0.7068,1,1
180,14,383.00,306.00,36.00,26.00,0.7618,1,1
180,16,260.00,492.00,40.00,40.00,0.5052,1,1
180,17,463.00,373.00,35.00,37.00,0.8475,1,1
180,24,700.00,471.00,101.00,97.00,0.9260,1,1
181,1,421.00,485.00,83.00,89.00,0.9377,1,1
181,2,688.00,332.00,80.00,61.00,0.9142,1,1
181,4,361.00,253.00,68.00,56.00,0.8932,1,1
181,5,185.00,381.00,68.00,60.00,0.8989,1,1
181,6,213.00,420.00,37.00,40.00,0.9227,1,1
181,7,268.00,551.00,52.00,40.00,0.3939,1,1
181,14,381.00,305.00,37.00,26.00,0.7534,1,1
181,16,260.00,492.00,43.00,41.00,0.5219,1,1
181,17,460.00,375.00,35.00,37.00,0.8246,1,1
181,21,391.00,430.00,52.00,36.00,0.2549,1,1
181,24,702.00,473.00,101.00,97.00,0.9064,1,1
182,1,420.00,486.00,83.00,87.00,0.9373,1,1
182,2,690.00,332.00,82.00,60.00,0.9255,1,1
182,4,360.00,252.00,69.00,57.00,0.8864,1,1
182,5,183.00,380.00,69.00,61.00,0.8938,1,1
182,6,212.00,420.00,37.00,39.00,0.9249,1,1
182,7,266.00,552.00,53.00,38.00,0.3484,1,1
182,14,381.00,305.00,36.00,26.00,0.7467,1,1
182,16,260.00,492.00,41.00,40.00,0.4332,1,1
182,17,459.00,377.00,36.00,36.00,0.8208,1,1
182,21,390.00,430.00,53.00,36.00,0.2549,1,1
182,24,703.00,475.00,103.00,99.00,0.9053,1,1
183,1,420.00,484.00,83.00,84.00,0.9317,1,1
183,2,691.00,333.00,86.00,59.00,0.9185,1,1
183,4,358.00,252.00,69.00,57.00,0.8905,1,1
183,5,181.00,380.00,71.00,61.00,0.8963,1,1
183,6,212.00,419.00,36.00,39.00,0.9084,1,1
183,7,265.00,552.00,53.00,39.00,0.4330,1,1
183,10,678.00,552.00,43.00,49.00,0.4367,1,1
183,14,381.00,305.00,35.00,25.00,0.7655,1,1
183,16,260.00,492.00,39.00,40.00,0.4364,1,1
183,17,458.00,378.00,36.00,36.00,0.8107,1,1
183,24,705.00,477.00,102.00,97.00,0.9050,1,1
184,1,422.00,482.00,83.00,84.00,0.9404,1,1
184,2,692.00,334.00,90.00,56.00,0.8698,1,1
184,4,358.00,251.00,68.00,57.00,0.8903,1,1
184,5,181.00,380.00,70.00,61.00,0.8887,1,1
184,6,212.00,418.00,36.00,39.00,0.9092,1,1
184,7,264.00,552.00,54.00,39.00,0.5262,1,1
184,10,699.00,552.00,42.00,51.00,0.4367,1,1
184,14,380.00,304.00,35.00,26.00,0.7592,1,1
184,16,261.00,492.00,38.00,40.00,0.2590,1,1
184,17,457.00,378.00,38.00,37.00,0.7406,1,1
184,24,705.00,480.00,104.00,95.00,0.9160,1,1
185,1,427.00,478.00,83.00,84.00,0.9457,1,1
185,2,696.00,334.00,90.00,55.00,0.8637,1,1
185,4,357.00,251.00,68.00,57.00,0.8823,1,1
185,5,181.00,379.00,70.00,61.00,0.8767,1,1
185,6,211.00,414.00,39.00,42.00,0.8974,1,1
185,7,264.00,552.00,54.00,39.00,0.5204,1,1
185,14,379.00,303.00,35.00,27.00,0.7351,1,1
185,16,260.00,495.00,47.00,41.00,0.3326,1,1
185,17,456.00,380.00,38.00,35.00,0.7534,1,1
185,22,210.00,411.00,40.00,34.00,0.3059,1,1
185,24,705.00,482.00,105.00,94.00,0.9205,1,1
186,1,431.00,474.00,83.00,84.00,0.9366,1,1
186,2,699.00,334.00,92.00,55.00,0.8736,1,1
186,4,357.00,251.00,68.00,55.00,0.8814,1,1
186,5,181.00,379.00,69.00,61.00,0.8753,1,1
186,6,211.00,414.00,39.00,41.00,0.8990,1,1
186,7,264.00,553.00,54.00,39.00,0.7579,1,1
186,12,261.00,492.00,34.00,40.00,0.3582,1,1
186,14,378.00,303.00,35.00,26.00,0.7144,1,1
186,16,260.00,494.00,47.00,42.00,0.3450,1,1
186,17,457.00,381.00,37.00,34.00,0.8177,1,1
186,21,390.00,430.00,57.00,39.00,0.3937,1,1
186,22,211.00,411.00,40.00,34.00,0.3059,1,1
186,24,706.00,484.00,106.00,93.00,0.9202,1,1
187,1,436.00,468.00,83.00,84.00,0.9472,1,1
187,2,701.00,333.00,95.00,55.00,0.8806,1,1
187,4,356.00,251.00,69.00,54.00,0.8759,1,1
187,5,181.00,379.00,69.00,61.00,0.8761,1,1
187,6,211.00,414.00,38.00,42.00,0.9081,1,1
187,7,264.00,553.00,54.00,39.00,0.7619,1,1
187,12,261.00,492.00,35.00,40.00,0.3564,1,1
187,14,378.00,302.00,35.00,27.00,0.6730,1,1
187,16,261.00,495.00,46.00,41.00,0.3777,1,1
187,17,455.00,380.00,37.00,35.00,0.7919,1,1
187,21,389.00,426.00,57.00,41.00,0.2696,1,1
187,24,707.00,485.00,105.00,93.00,0.9195,1,1
188,1,442.00,464.00,83.00,85.00,0.9494,1,1
188,2,704.00,332.00,95.00,54.00,0.8874,1,1
188,4,355.00,250.00,68.00,55.00,0.8739,1,1
188,5,181.00,379.00,69.00,60.00,0.8697,1,1
188,6,211.00,413.00,38.00,43.00,0.9184,1,1
188,7,265.00,555.00,53.00,37.00,0.7625,1,1
188,9,366.00,298.00,47.00,27.00,0.2962,1,1
188,12,261.00,492.00,35.00,41.00,0.3891,1,1
188,14,375.00,301.00,37.00,28.00,0.6597,1,1
188,16,261.00,494.00,46.00,43.00,0.3970,1,1
188,17,455.00,379.00,36.00,35.00,0.8191,1,1
188,21,389.00,426.00,57.00,41.00,0.2696,1,1
188,22,211.00,410.00,39.00,35.00,0.3987,1,1
188,24,709.00,486.00,106.00,92.00,0.9177,1,1
189,1,447.00,458.00,84.00,86.00,0.9401,1,1
189,2,707.00,332.00,97.00,55.00,0.8862,1,1
189,4,355.00,250.00,68.00,55.00,0.8798,1,1
189,5,181.00,379.00,69.00,60.00,0.8753,1,1
189,6,211.00,414.00,38.00,42.00,0.9194,1,1
189,7,266.00,555.00,53.00,38.00,0.7484,1,1
189,9,366.00,298.00,47.00,26.00,0.2673,1,1
189,12,261.00,492.00,35.00,41.00,0.4089,1,1
189,14,375.00,301.00,37.00,27.00,0.6590,1,1
189,16,260.00,494.00,47.00,42.00,0.3926,1,1
189,17,454.00,378.00,37.00,36.00,0.8072,1,1
189,22,211.00,410.00,39.00,35.00,0.3751,1,1
189,24,711.00,486.00,104.00,93.00,0.9182,1,1
190,1,454.00,452.00,83.00,84.00,0.9456,1,1
190,2,712.00,332.00,93.00,56.00,0.8807,1,1
190,4,355.00,249.00,67.00,56.00,0.8804,1,1
190,5,181.00,379.00,68.00,60.00,0.8749,1,1
190,6,210.00,414.00,39.00,42.00,0.9168,1,1
190,7,266.00,556.00,51.00,37.00,0.7541,1,1
190,9,366.00,298.00,47.00,26.00,0.2625,1,1
190,12,260.00,491.00,35.00,41.00,0.4987,1,1
190,14,375.00,300.00,37.00,27.00,0.6618,1,1
190,16,260.00,494.00,46.00,41.00,0.3829,1,1
190,17,453.00,378.00,36.00,37.00,0.7641,1,1
190,22,210.00,410.00,39.00,35.00,0.3897,1,1
190,24,714.00,486.00,105.00,94.00,0.9114,1,1
191,1,458.00,447.00,84.00,87.00,0.9503,1,1
191,2,714.00,331.00,95.00,56.00,0.8792,1,1
191,4,354.00,250.00,67.00,55.00,0.8799,1,1
191,5,180.00,379.00,69.00,61.00,0.8752,1,1
191,6,210.00,415.00,39.00,41.00,0.9175,1,1
191,7,269.00,559.00,43.00,34.00,0.7048,1,1
191,9,366.00,298.00,46.00,26.00,0.3029,1,1
191,12,260.00,491.00,34.00,41.00,0.5171,1,1
191,14,375.00,300.00,37.00,27.00,0.6887,1,1
191,16,260.00,494.00,46.00,41.00,0.3797,1,1
191,17,452.00,379.00,35.00,37.00,0.7475,1,1
191,22,210.00,411.00,39.00,35.00,0.3664,1,1
191,24,715.00,486.00,106.00,94.00,0.9155,1,1
192,1,462.00,441.00,85.00,90.00,0.9375,1,1
192,2,718.00,330.00,93.00,55.00,0.8784,1,1
192,4,355.00,249.00,66.00,55.00,0.8781,1,1
192,5,180.00,379.00,69.00,61.00,0.8783,1,1
192,6,210.00,415.00,38.00,42.00,0.9110,1,1
192,7,266.00,558.00,53.00,35.00,0.7958,1,1
192,9,366.00,298.00,46.00,25.00,0.3029,1,1
192,12,260.00,491.00,34.00,40.00,0.5280,1,1
192,14,375.00,300.00,37.00,27.00,0.7109,1,1
192,16,259.00,494.00,46.00,40.00,0.3757,1,1
192,17,451.00,380.00,34.00,37.00,0.8003,1,1
192,22,210.00,411.00,39.00,35.00,0.3336,1,1
192,24,719.00,487.00,107.00,92.00,0.9199,1,1
193,1,467.00,436.00,84.00,87.00,0.9481,1,1
193,2,720.00,330.00,94.00,54.00,0.9047,1,1
193,4,354.00,249.00,66.00,55.00,0.8783,1,1
193,5,180.00,379.00,69.00,62.00,0.8825,1,1
193,6,211.00,418.00,36.00,39.00,0.9082,1,1
193,7,266.00,560.00,51.00,33.00,0.7803,1,1
193,12,260.00,492.00,36.00,40.00,0.5600,1,1
193,14,375.00,300.00,36.00,26.00,0.7219,1,1
193,16,258.00,493.00,49.00,40.00,0.3285,1,1
193,17,451.00,381.00,33.00,38.00,0.8566,1,1
193,21,390.00,425.00,52.00,41.00,0.3502,1,1
193,22,210.00,411.00,39.00,35.00,0.3336,1,1
193,24,721.00,487.00,106.00,92.00,0.9344,1,1
194,1,470.00,432.00,86.00,87.00,0.9407,1,1
194,2,722.00,328.00,97.00,53.00,0.9096,1,1
194,4,354.00,249.00,66.00,55.00,0.8787,1,1
194,5,180.00,379.00,69.00,62.00,0.8847,1,1
194,6,211.00,419.00,35.00,39.00,0.9250,1,1
194,7,265.00,559.00,53.00,33.00,0.7595,1,1
194,12,260.00,492.00,40.00,41.00,0.6207,1,1
194,14,375.00,300.00,36.00,26.00,0.7224,1,1
194,16,258.00,493.00,50.00,40.00,0.3285,1,1
194,17,451.00,381.00,34.00,39.00,0.8499,1,1
194,21,389.00,425.00,52.00,42.00,0.4892,1,1
194,24,725.00,487.00,107.00,91.00,0.9339,1,1
195,1,475.00,428.00,85.00,90.00,0.9442,1,1
195,2,726.00,327.00,93.00,54.00,0.9254,1,1
195,4,354.00,249.00,66.00,55.00,0.8788,1,1
195,5,179.00,379.00,70.00,62.00,0.8884,1,1
195,6,211.00,419.00,35.00,39.00,0.9257,1,1
195,7,266.00,560.00,51.00,32.00,0.7310,1,1
195,12,260.00,492.00,38.00,40.00,0.6023,1,1
195,14,375.00,300.00,36.00,26.00,0.7199,1,1
195,17,451.00,381.00,34.00,38.00,0.8186,1,1
195,21,389.00,426.00,52.00,42.00,0.4538,1,1
195,24,733.00,488.00,102.00,90.00,0.9211,1,1
196,1,479.00,426.00,85.00,89.00,0.9372,1,1
196,2,730.00,326.00,92.00,53.00,0.9394,1,1
196,4,354.00,249.00,66.00,55.00,0.8796,1,1
196,5,178.00,379.00,70.00,63.00,0.8860,1,1
196,6,210.00,419.00,35.00,39.00,0.9227,1,1
196,7,266.00,560.00,50.00,33.00,0.6588,1,1
196,10,708.00,553.00,39.00,45.00,0.2559,1,1
196,12,260.00,492.00,39.00,41.00,0.6191,1,1
196,14,374.00,300.00,37.00,26.00,0.7150,1,1
196,17,451.00,381.00,35.00,38.00,0.8221,1,1
196,21,388.00,426.00,53.00,42.00,0.3912,1,1
196,24,738.00,488.00,101.00,91.00,0.9343,1,1
197,1,483.00,423.00,85.00,89.00,0.9477,1,1
197,2,733.00,325.00,91.00,51.00,0.9439,1,1
197,4,354.00,249.00,66.00,55.00,0.8817,1,1
197,5,177.00,379.00,70.00,63.00,0.8926,1,1
197,6,210.00,419.00,34.00,39.00,0.9133,1,1
197,7,266.00,559.00,52.00,34.00,0.3819,1,1
197,10,715.00,552.00,35.00,42.00,0.7593,1,1
197,12,260.00,492.00,38.00,40.00,0.6076,1,1
197,14,374.00,300.00,37.00,26.00,0.7161,1,1
197,17,451.00,380.00,35.00,39.00,0.7620,1,1
197,21,388.00,425.00,53.00,42.00,0.4858,1,1
197,24,743.00,487.00,98.00,91.00,0.9336,1,1
198,1,486.00,420.00,85.00,89.00,0.9371,1,1
198,2,737.00,322.00,94.00,54.00,0.9205,1,1
198,4,354.00,249.00,66.00,54.00,0.8800,1,1
198,5,177.00,379.00,69.00,62.00,0.8972,1,1
198,6,209.00,419.00,34.00,39.00,0.8799,1,1
198,7,266.00,559.00,52.00,34.00,0.3819,1,1
198,10,722.00,552.00,34.00,41.00,0.7593,1,1
198,12,259.00,492.00,42.00,41.00,0.5844,1,1
198,14,373.00,299.00,38.00,26.00,0.7649,1,1
198,17,450.00,381.00,35.00,39.00,0.7556,1,1
198,21,388.00,425.00,53.00,42.00,0.4284,1,1
198,24,746.00,486.00,97.00,91.00,0.9362,1,1
199,1,489.00,418.00,85.00,88.00,0.9374,1,1
199,2,742.00,322.00,91.00,53.00,0.9289,1,1
199,4,354.00,249.00,66.00,54.00,0.8730,1,1
199,5,176.00,379.00,69.00,62.00,0.8951,1,1
199,6,209.00,419.00,34.00,39.00,0.8788,1,1
199,7,260.00,557.00,46.00,34.00,0.4625,1,1
199,12,259.00,492.00,43.00,41.00,0.5844,1,1
199,14,374.00,299.00,36.00,26.00,0.7739,1,1
199,16,259.00,492.00,43.00,40.00,0.5399,1,1
199,17,449.00,383.00,33.00,37.00,0.7773,1,1
199,21,389.00,425.00,53.00,41.00,0.3797,1,1
199,24,748.00,486.00,99.00,91.00,0.9322,1,1
200,1,492.00,416.00,84.00,90.00,0.9403,1,1
200,2,746.00,321.00,91.00,53.00,0.9324,1,1
200,4,353.00,249.00,67.00,54.00,0.8695,1,1
200,5,176.00,379.00,69.00,62.00,0.8919,1,1
200,6,208.00,415.00,36.00,44.00,0.8890,1,1
200,7,258.00,557.00,46.00,34.00,0.6598,1,1
200,12,259.00,492.00,41.00,40.00,0.5105,1,1
200,14,374.00,299.00,36.00,25.00,0.7993,1,1
200,16,259.00,492.00,43.00,40.00,0.5399,1,1
200,17,446.00,386.00,35.00,39.00,0.8227,1,1
200,21,388.00,425.00,54.00,41.00,0.4580,1,1
200,24,749.00,486.00,104.00,89.00,0.9429,1,1
201,1,493.00,416.00,85.00,88.00,0.9306,1,1
201,2,751.00,319.00,89.00,56.00,0.9351,1,1
201,4,353.00,248.00,68.00,54.00,0.8644,1,1
201,5,174.00,379.00,70.00,62.00,0.8874,1,1
201,6,207.00,415.00,36.00,43.00,0.8778,1,1
201,7,257.00,556.00,44.00,35.00,0.6199,1,1
201,12,259.00,492.00,42.00,40.00,0.4902,1,1
201,14,374.00,298.00,36.00,26.00,0.8161,1,1
201,17,447.00,388.00,33.00,41.00,0.7780,1,1
201,21,388.00,425.00,53.00,41.00,0.5463,1,1
201,24,754.00,486.00,101.00,88.00,0.9493,1,1
202,1,496.00,415.00,83.00,87.00,0.9216,1,1
202,2,755.00,317.00,88.00,57.00,0.9223,1,1
202,4,353.00,249.00,68.00,53.00,0.8649,1,1
202,5,173.00,379.00,70.00,60.00,0.8954,1,1
202,6,205.00,415.00,37.00,42.00,0.8986,1,1
202,7,255.00,555.00,43.00,35.00,0.4308,1,1
202,12,259.00,492.00,40.00,40.00,0.4337,1,1
202,14,375.00,298.00,35.00,25.00,0.7860,1,1
202,17,447.00,390.00,34.00,41.00,0.7765,1,1
202,21,389.00,426.00,50.00,39.00,0.5794,1,1
202,24,759.00,484.00,97.00,89.00,0.9509,1,1
203,1,498.00,415.00,83.00,88.00,0.9264,1,1
203,2,758.00,316.00,89.00,56.00,0.9300,1,1
203,4,352.00,249.00,69.00,52.00,0.8795,1,1
203,5,172.00,378.00,70.00,60.00,0.8872,1,1
203,6,205.00,414.00,36.00,41.00,0.9090,1,1
203,7,254.00,555.00,43.00,35.00,0.4308,1,1
203,12,258.00,491.00,34.00,40.00,0.4715,1,1
203,14,374.00,298.00,36.00,25.00,0.8082,1,1
203,16,257.00,492.00,51.00,41.00,0.4115,1,1
203,17,444.00,392.00,35.00,38.00,0.7924,1,1
203,21,391.00,428.00,51.00,39.00,0.6454,1,1
203,24,763.00,482.00,96.00,90.00,0.9440,1,1
204,1,498.00,415.00,83.00,88.00,0.9299,1,1
204,2,763.00,315.00,87.00,54.00,0.9340,1,1
204,4,351.00,249.00,70.00,52.00,0.8748,1,1
204,5,171.00,377.00,70.00,60.00,0.8819,1,1
204,6,204.00,415.00,36.00,40.00,0.8829,1,1
204,7,254.00,552.00,38.00,33.00,0.4823,1,1
204,10,768.00,353.00,42.00,37.00,0.2601,1,1
204,12,257.00,490.00,35.00,43.00,0.4265,1,1
204,14,375.00,297.00,35.00,25.00,0.7979,1,1
204,16,257.00,493.00,49.00,42.00,0.4838,1,1
204,17,443.00,393.00,35.00,38.00,0.7861,1,1
204,21,391.00,428.00,52.00,39.00,0.7025,1,1
204,24,767.00,482.00,96.00,90.00,0.9342,1,1
205,1,498.00,415.00,83.00,88.00,0.9369,1,1
205,2,765.00,314.00,88.00,55.00,0.9344,1,1
205,4,351.00,249.00,71.00,51.00,0.8711,1,1
205,5,171.00,376.00,69.00,60.00,0.8749,1,1
205,6,202.00,414.00,38.00,41.00,0.8870,1,1
205,7,254.00,552.00,36.00,31.00,0.5352,1,1
205,10,773.00,352.00,39.00,40.00,0.2906,1,1
205,12,256.00,491.00,39.00,42.00,0.2508,1,1
205,14,375.00,297.00,35.00,25.00,0.8088,1,1
205,16,257.00,493.00,49.00,42.00,0.3695,1,1
205,17,443.00,393.00,35.00,38.00,0.8036,1,1
205,21,391.00,428.00,52.00,39.00,0.6673,1,1
205,24,769.00,479.00,95.00,92.00,0.9259,1,1
206,1,497.00,415.00,83.00,89.00,0.9270,1,1
206,2,770.00,313.00,84.00,58.00,0.9251,1,1
206,4,351.00,249.00,71.00,51.00,0.8717,1,1
206,5,170.00,377.00,70.00,58.00,0.8797,1,1
206,6,201.00,412.00,38.00,43.00,0.9093,1,1
206,7,253.00,551.00,35.00,31.00,0.5352,1,1
206,10,775.00,350.00,41.00,44.00,0.5133,1,1
206,12,256.00,491.00,38.00,42.00,0.2508,1,1
206,14,375.00,296.00,36.00,26.00,0.8077,1,1
206,16,256.00,492.00,48.00,41.00,0.3681,1,1
206,17,443.00,393.00,34.00,39.00,0.6888,1,1
206,21,391.00,427.00,51.00,39.00,0.5812,1,1
206,24,773.00,479.00,94.00,89.00,0.9157,1,1
207,1,495.00,415.00,84.00,90.00,0.9313,1,1
207,2,773.00,312.00,83.00,58.00,0.9054,1,1
207,4,350.00,249.00,72.00,50.00,0.8759,1,1
207,5,169.00,375.00,70.00,59.00,0.9181,1,1
207,6,200.00,412.00,38.00,43.00,0.9243,1,1
207,10,775.00,349.00,43.00,41.00,0.5504,1,1
207,12,254.00,488.00,38.00,41.00,0.2779,1,1
207,14,375.00,296.00,36.00,25.00,0.8044,1,1
207,16,254.00,492.00,50.00,40.00,0.3792,1,1
207,17,443.00,394.00,35.00,39.00,0.6784,1,1
207,21,391.00,427.00,50.00,38.00,0.6062,1,1
207,24,776.00,478.00,93.00,90.00,0.9254,1,1
208,1,493.00,416.00,85.00,90.00,0.9450,1,1
208,2,775.00,310.00,84.00,61.00,0.9203,1,1
208,4,350.00,249.00,72.00,50.00,0.8765,1,1
208,5,168.00,375.00,69.00,58.00,0.9219,1,1
208,6,199.00,411.00,38.00,43.00,0.9464,1,1
208,10,778.00,349.00,39.00,44.00,0.4117,1,1
208,12,254.00,487.00,38.00,42.00,0.2779,1,1
208,14,375.00,296.00,36.00,25.00,0.8111,1,1
208,16,255.00,490.00,47.00,40.00,0.3760,1,1
208,17,443.00,394.00,34.00,40.00,0.7036,1,1
208,21,390.00,426.00,50.00,38.00,0.6408,1,1
208,24,778.00,477.00,93.00,90.00,0.9339,1,1
209,1,492.00,417.00,83.00,90.00,0.9487,1,1
209,2,779.00,310.00,83.00,60.00,0.9253,1,1
209,4,350.00,249.00,72.00,49.00,0.8823,1,1
209,5,167.00,374.00,70.00,58.00,0.9223,1,1
209,6,198.00,411.00,38.00,42.00,0.9535,1,1
209,10,780.00,347.00,37.00,42.00,0.4251,1,1
209,12,252.00,487.00,35.00,40.00,0.2679,1,1
209,14,375.00,295.00,37.00,25.00,0.8156,1,1
209,16,254.00,490.00,48.00,39.00,0.3760,1,1
209,17,444.00,394.00,34.00,39.00,0.8005,1,1
209,21,389.00,425.00,48.00,37.00,0.6310,1,1
209,24,779.00,474.00,94.00,92.00,0.9296,1,1
210,1,490.00,417.00,82.00,90.00,0.9384,1,1
210,2,782.00,309.00,81.00,60.00,0.9105,1,1
210,4,350.00,249.00,72.00,49.00,0.8784,1,1
210,5,166.00,373.00,70.00,58.00,0.9146,1,1
210,6,198.00,409.00,37.00,43.00,0.9483,1,1
210,10,782.00,344.00,37.00,37.00,0.6237,1,1
210,12,252.00,488.00,41.00,41.00,0.3750,1,1
210,14,374.00,295.00,37.00,26.00,0.8167,1,1
210,17,443.00,394.00,35.00,39.00,0.8105,1,1
210,21,388.00,424.00,49.00,39.00,0.5271,1,1
210,24,781.00,472.00,94.00,93.00,0.9322,1,1
211,1,485.00,417.00,85.00,92.00,0.9319,1,1
211,2,783.00,309.00,82.00,59.00,0.8883,1,1
211,4,351.00,248.00,71.00,50.00,0.8910,1,1
211,5,165.00,372.00,70.00,58.00,0.9052,1,1
211,6,196.00,408.00,38.00,42.00,0.9453,1,1
211,9,741.00,577.00,32.00,34.00,0.3647,1,1
211,10,784.00,343.00,37.00,37.00,0.7588,1,1
211,12,252.00,489.00,46.00,41.00,0.4646,1,1
211,14,375.00,295.00,36.00,25.00,0.8128,1,1
211,17,443.00,393.00,36.00,43.00,0.8496,1,1
211,21,390.00,423.00,50.00,37.00,0.6022,1,1
211,24,783.00,470.00,94.00,94.00,0.9345,1,1
212,1,483.00,419.00,84.00,91.00,0.9378,1,1
212,2,784.00,308.00,82.00,58.00,0.8897,1,1
212,4,353.00,246.00,69.00,52.00,0.8980,1,1
212,5,164.00,371.00,70.00,58.00,0.9022,1,1
212,6,195.00,408.00,37.00,41.00,0.9444,1,1
212,9,743.00,577.00,32.00,35.00,0.3368,1,1
212,10,786.00,342.00,37.00,39.00,0.7337,1,1
212,12,251.00,489.00,47.00,41.00,0.4646,1,1
212,14,375.00,295.00,37.00,26.00,0.8334,1,1
212,16,250.00,486.00,41.00,39.00,0.4349,1,1
212,17,444.00,393.00,39.00,41.00,0.8478,1,1
212,21,390.00,421.00,49.00,36.00,0.4399,1,1
212,24,783.00,468.00,96.00,96.00,0.9435,1,1
213,1,480.00,422.00,84.00,89.00,0.9383,1,1
213,2,786.00,307.00,81.00,56.00,0.9038,1,1
213,4,354.00,245.00,68.00,53.00,0.8841,1,1
213,5,164.00,371.00,69.00,58.00,0.9032,1,1
213,6,194.00,409.00,36.00,39.00,0.9428,1,1
213,9,761.00,591.00,31.00,34.00,0.3368,1,1
213,10,788.00,343.00,38.00,42.00,0.6497,1,1
213,14,376.00,295.00,36.00,26.00,0.8526,1,1
213,16,249.00,484.00,36.00,37.00,0.4193,1,1
213,17,449.00,389.00,35.00,41.00,0.8660,1,1
213,21,390.00,420.00,49.00,36.00,0.4399,1,1
213,24,784.00,466.00,97.00,97.00,0.9478,1,1
214,1,478.00,425.00,84.00,89.00,0.9410,1,1
214,2,788.00,307.00,80.00,56.00,0.9187,1,1
214,4,356.00,243.00,66.00,55.00,0.8693,1,1
214,5,163.00,371.00,70.00,58.00,0.9044,1,1
214,6,193.00,409.00,37.00,39.00,0.9436,1,1
214,7,248.00,483.00,32.00,35.00,0.6118,1,1
214,10,789.00,343.00,39.00,43.00,0.7094,1,1
214,14,376.00,294.00,36.00,26.00,0.8601,1,1
214,16,248.00,483.00,36.00,37.00,0.4193,1,1
214,17,450.00,389.00,35.00,42.00,0.8660,1,1
214,24,785.00,464.00,97.00,98.00,0.9458,1,1
214,26,788.00,340.00,38.00,35.00,0.2802,1,1
215,1,473.00,426.00,86.00,90.00,0.9372,1,1
215,2,791.00,306.00,78.00,57.00,0.9201,1,1
215,4,357.00,242.00,66.00,56.00,0.8723,1,1
215,5,163.00,370.00,70.00,58.00,0.9016,1,1
215,6,190.00,410.00,39.00,39.00,0.9424,1,1
215,7,245.00,480.00,34.00,36.00,0.7569,1,1
215,10,791.00,342.00,38.00,46.00,0.5619,1,1
215,14,376.00,294.00,37.00,26.00,0.8759,1,1
215,17,455.00,381.00,37.00,42.00,0.3761,1,1
215,24,786.00,462.00,97.00,99.00,0.9383,1,1
215,26,791.00,340.00,33.00,37.00,0.4579,1,1
216,1,470.00,428.00,86.00,90.00,0.9288,1,1
216,2,793.00,306.00,75.00,57.00,0.9196,1,1
216,4,359.00,241.00,64.00,57.00,0.8799,1,1
216,5,164.00,369.00,69.00,58.00,0.8993,1,1
216,6,189.00,411.00,39.00,39.00,0.9255,1,1
216,7,245.00,479.00,33.00,36.00,0.6762,1,1
216,10,792.00,340.00,38.00,45.00,0.5902,1,1
216,14,376.00,293.00,37.00,27.00,0.8795,1,1
216,17,456.00,381.00,37.00,41.00,0.3761,1,1
216,24,786.00,461.00,96.00,100.00,0.9206,1,1
216,26,791.00,338.00,35.00,35.00,0.3193,1,1
217,1,465.00,430.00,85.00,89.00,0.9371,1,1
217,2,794.00,305.00,75.00,58.00,0.9185,1,1
217,4,360.00,240.00,64.00,58.00,0.8890,1,1
217,5,164.00,368.00,69.00,59.00,0.8964,1,1
217,6,190.00,411.00,38.00,37.00,0.9134,1,1
217,7,245.00,480.00,33.00,35.00,0.7164,1,1
217,10,792.00,340.00,40.00,42.00,0.6851,1,1
217,14,376.00,293.00,38.00,27.00,0.8856,1,1
217,17,459.00,381.00,38.00,39.00,0.4787,1,1
217,24,786.00,459.00,96.00,101.00,0.9074,1,1
217,26,793.00,338.00,34.00,34.00,0.3230,1,1
218,1,460.00,435.00,85.00,87.00,0.9406,1,1
218,2,795.00,304.00,74.00,58.00,0.9144,1,1
218,4,361.00,240.00,63.00,58.00,0.8905,1,1
218,5,166.00,368.00,66.00,58.00,0.8903,1,1
218,6,190.00,412.00,37.00,35.00,0.8925,1,1
218,7,245.00,479.00,33.00,37.00,0.6587,1,1
218,10,793.00,339.00,42.00,41.00,0.6030,1,1
218,14,376.00,293.00,39.00,27.00,0.8854,1,1
218,17,460.00,381.00,37.00,37.00,0.3800,1,1
218,24,786.00,457.00,96.00,101.00,0.9179,1,1
218,26,793.00,338.00,35.00,34.00,0.2573,1,1
219,1,454.00,437.00,85.00,88.00,0.9295,1,1
219,2,795.00,302.00,73.00,58.00,0.9154,1,1
219,4,362.00,242.00,63.00,56.00,0.8675,1,1
219,5,165.00,367.00,68.00,59.00,0.8894,1,1
219,6,189.00,413.00,38.00,33.00,0.8724,1,1
219,7,246.00,479.00,32.00,37.00,0.5479,1,1
219,10,794.00,337.00,40.00,39.00,0.5197,1,1
219,14,377.00,293.00,38.00,26.00,0.9038,1,1
219,17,461.00,382.00,35.00,35.00,0.6814,1,1
219,24,787.00,455.00,95.00,103.00,0.9046,1,1
219,26,794.00,337.00,35.00,34.00,0.2573,1,1
220,1,448.00,441.00,85.00,90.00,0.9442,1,1
220,2,795.00,301.00,72.00,57.00,0.9170,1,1
220,4,364.00,241.00,61.00,57.00,0.8639,1,1
220,5,164.00,366.00,69.00,60.00,0.8834,1,1
220,6,189.00,412.00,38.00,34.00,0.8498,1,1
220,7,246.00,480.00,33.00,39.00,0.3968,1,1
220,10,795.00,336.00,40.00,39.00,0.5821,1,1
220,12,257.00,493.00,48.00,37.00,0.2563,1,1
220,14,377.00,292.00,39.00,27.00,0.8993,1,1
220,17,461.00,382.00,36.00,36.00,0.7326,1,1
220,24,788.00,454.00,93.00,104.00,0.9251,1,1
221,1,442.00,447.00,85.00,86.00,0.9447,1,1
221,2,794.00,300.00,69.00,55.00,0.9226,1,1
221,4,365.00,241.00,62.00,56.00,0.8709,1,1
221,5,165.00,365.00,67.00,58.00,0.8852,1,1
221,6,189.00,411.00,38.00,33.00,0.8376,1,1
221,7,245.00,480.00,33.00,39.00,0.4324,1,1
221,10,794.00,336.00,40.00,41.00,0.6131,1,1
221,12,257.00,493.00,48.00,37.00,0.2563,1,1
221,14,377.00,291.00,41.00,28.00,0.9004,1,1
221,17,462.00,382.00,35.00,36.00,0.7893,1,1
221,24,788.00,452.00,92.00,105.00,0.8985,1,1
222,1,438.00,450.00,83.00,84.00,0.9480,1,1
222,2,794.00,298.00,69.00,55.00,0.9164,1,1
222,4,366.00,240.00,62.00,57.00,0.8768,1,1
222,5,165.00,365.00,67.00,56.00,0.8757,1,1
222,6,188.00,409.00,38.00,34.00,0.8217,1,1
222,7,248.00,483.00,31.00,37.00,0.4137,1,1
222,10,793.00,334.00,38.00,45.00,0.6334,1,1
222,12,257.00,493.00,46.00,41.00,0.6025,1,1
222,14,378.00,291.00,41.00,28.00,0.8720,1,1
222,16,251.00,487.00,42.00,44.00,0.4266,1,1
222,17,462.00,381.00,35.00,38.00,0.8117,1,1
222,21,375.00,401.00,49.00,27.00,0.2631,1,1
222,24,788.00,451.00,92.00,106.00,0.9029,1,1
222,27,1245.00,3.00,27.00,20.00,0.3741,1,1
223,1,433.00,452.00,84.00,87.00,0.9281,1,1
223,2,793.00,296.00,70.00,55.00,0.9110,1,1
223,4,368.00,238.00,61.00,60.00,0.8705,1,1
223,5,165.00,363.00,66.00,56.00,0.8703,1,1
223,6,189.00,408.00,37.00,32.00,0.7436,1,1
223,7,247.00,482.00,33.00,39.00,0.4014,1,1
223,10,794.00,332.00,39.00,45.00,0.6334,1,1
223,12,253.00,493.00,50.00,41.00,0.6220,1,1
223,14,382.00,292.00,39.00,26.00,0.8258,1,1
223,16,249.00,486.00,47.00,46.00,0.4326,1,1
223,17,462.00,382.00,35.00,37.00,0.8042,1,1
223,21,375.00,401.00,48.00,27.00,0.3887,1,1
223,24,788.00,450.00,91.00,105.00,0.9090,1,1
223,26,791.00,332.00,38.00,36.00,0.6638,1,1
223,27,1248.00,4.00,28.00,19.00,0.4577,1,1
224,1,428.00,455.00,83.00,88.00,0.9135,1,1
224,2,792.00,295.00,67.00,53.00,0.9048,1,1
224,4,370.00,238.00,60.00,60.00,0.8774,1,1
224,5,165.00,362.00,68.00,56.00,0.9017,1,1
224,6,189.00,408.00,37.00,31.00,0.6668,1,1
224,7,245.00,480.00,34.00,40.00,0.4774,1,1
224,12,251.00,492.00,52.00,42.00,0.5585,1,1
224,14,383.00,292.00,38.00,26.00,0.8071,1,1
224,16,247.00,483.00,44.00,46.00,0.4289,1,1
224,17,462.00,383.00,35.00,35.00,0.7772,1,1
224,21,377.00,400.00,45.00,27.00,0.5112,1,1
224,24,788.00,449.00,90.00,105.00,0.9150,1,1
224,26,790.00,330.00,38.00,36.00,0.6307,1,1
224,27,1250.00,5.00,28.00,20.00,0.5669,1,1
225,1,423.00,458.00,83.00,88.00,0.9359,1,1
225,2,790.00,294.00,70.00,55.00,0.8946,1,1
225,4,369.00,238.00,62.00,60.00,0.8808,1,1
225,5,166.00,360.00,67.00,56.00,0.9047,1,1
225,6,188.00,407.00,38.00,32.00,0.6608,1,1
225,7,245.00,480.00,34.00,40.00,0.4593,1,1
225,10,789.00,328.00,38.00,36.00,0.7543,1,1
225,12,250.00,493.00,53.00,41.00,0.5337,1,1
225,14,384.00,291.00,38.00,26.00,0.7991,1,1
225,16,245.00,482.00,44.00,46.00,0.4050,1,1
225,17,462.00,383.00,35.00,36.00,0.8194,1,1
225,21,375.00,400.00,46.00,28.00,0.3952,1,1
225,24,789.00,449.00,87.00,104.00,0.9279,1,1
225,26,790.00,323.00,42.00,35.00,0.4116,1,1
225,27,1252.00,7.00,26.00,21.00,0.6760,1,1
226,1,417.00,459.00,86.00,88.00,0.9306,1,1
226,2,788.00,293.00,71.00,56.00,0.8979,1,1
226,4,370.00,237.00,61.00,60.00,0.8910,1,1
226,5,167.00,359.00,67.00,56.00,0.9132,1,1
226,6,189.00,405.00,38.00,33.00,0.7043,1,1
226,7,244.00,478.00,34.00,41.00,0.4593,1,1
226,10,788.00,327.00,37.00,36.00,0.7392,1,1
226,12,252.00,493.00,51.00,41.00,0.5498,1,1
226,14,386.00,291.00,37.00,26.00,0.8135,1,1
226,16,244.00,480.00,44.00,47.00,0.3723,1,1
226,17,462.00,382.00,35.00,37.00,0.8248,1,1
226,21,375.00,402.00,43.00,32.00,0.4922,1,1
226,24,788.00,448.00,87.00,105.00,0.9185,1,1
226,26,790.00,321.00,42.00,35.00,0.4116,1,1
226,27,1253.00,9.00,26.00,20.00,0.7588,1,1
226,28,215.00,527.00,49.00,31.00,0.6476,1,1
227,1,413.00,461.00,84.00,88.00,0.9436,1,1
227,2,786.00,293.00,73.00,55.00,0.9007,1,1
227,4,371.00,236.00,60.00,61.00,0.8991,1,1
227,5,167.00,358.00,67.00,55.00,0.9081,1,1
227,6,189.00,404.00,38.00,33.00,0.7838,1,1
227,7,243.00,477.00,35.00,41.00,0.4593,1,1
227,10,786.00,327.00,38.00,36.00,0.7486,1,1
227,12,250.00,492.00,52.00,41.00,0.3510,1,1
227,14,386.00,291.00,37.00,26.00,0.7960,1,1
227,16,244.00,478.00,34.00,46.00,0.4954,1,1
227,17,462.00,382.00,35.00,37.00,0.8385,1,1
227,21,376.00,403.00,42.00,32.00,0.5042,1,1
227,24,788.00,448.00,87.00,106.00,0.9240,1,1
227,27,1256.00,12.00,24.00,19.00,0.4188,1,1
227,28,212.00,525.00,53.00,35.00,0.6369,1,1
228,1,409.00,462.00,84.00,88.00,0.9502,1,1
228,2,785.00,291.00,75.00,56.00,0.9011,1,1
228,4,373.00,236.00,59.00,60.00,0.8977,1,1
228,5,168.00,358.00,66.00,53.00,0.9048,1,1
228,6,189.00,402.00,39.00,34.00,0.8483,1,1
228,7,244.00,478.00,34.00,41.00,0.5340,1,1
228,10,786.00,326.00,38.00,37.00,0.7247,1,1
228,12,249.00,492.00,53.00,41.00,0.3510,1,1
228,14,387.00,291.00,36.00,25.00,0.7920,1,1
228,16,243.00,477.00,34.00,46.00,0.4954,1,1
228,17,461.00,382.00,36.00,37.00,0.8528,1,1
228,21,376.00,404.00,42.00,32.00,0.3576,1,1
228,24,787.00,448.00,88.00,106.00,0.9249,1,1
228,27,1258.00,14.00,23.00,19.00,0.6309,1,1
228,28,213.00,526.00,51.00,35.00,0.6670,1,1
229,1,404.00,464.00,83.00,88.00,0.9322,1,1
229,2,784.00,291.00,76.00,56.00,0.9150,1,1
229,4,373.00,236.00,59.00,60.00,0.8904,1,1
229,5,168.00,357.00,67.00,54.00,0.9060,1,1
229,6,189.00,401.00,40.00,34.00,0.8751,1,1
229,7,243.00,477.00,35.00,41.00,0.5340,1,1
229,10,786.00,328.00,37.00,35.00,0.6490,1,1
229,14,388.00,290.00,35.00,26.00,0.8105,1,1
229,16,244.00,477.00,35.00,47.00,0.4750,1,1
229,17,462.00,382.00,35.00,37.00,0.8400,1,1
229,21,375.00,403.00,43.00,33.00,0.3576,1,1
229,24,787.00,447.00,88.00,106.00,0.9216,1,1
229,27,1259.00,16.00,22.00,19.00,0.4113,1,1
229,28,214.00,525.00,49.00,35.00,0.5410,1,1
230,1,400.00,466.00,84.00,90.00,0.9360,1,1
230,2,783.00,290.00,77.00,57.00,0.9211,1,1
230,4,373.00,235.00,59.00,59.00,0.8930,1,1
230,5,168.00,356.00,68.00,55.00,0.9076,1,1
230,6,190.00,402.00,39.00,32.00,0.8765,1,1
230,10,784.00,329.00,37.00,38.00,0.6495,1,1
230,14,388.00,290.00,35.00,25.00,0.7759,1,1
230,16,244.00,478.00,36.00,49.00,0.3112,1,1
230,17,462.00,382.00,35.00,37.00,0.8486,1,1
230,21,377.00,402.00,43.00,36.00,0.4500,1,1
230,24,786.00,447.00,89.00,105.00,0.9091,1,1
230,26,782.00,326.00,38.00,33.00,0.4448,1,1
230,27,1261.00,17.00,21.00,19.00,0.4113,1,1
230,28,213.00,523.00,48.00,32.00,0.6184,1,1
231,1,394.00,466.00,87.00,92.00,0.9510,1,1
231,2,782.00,290.00,77.00,57.00,0.9230,1,1
231,4,374.00,235.00,58.00,59.00,0.8949,1,1
231,5,168.00,356.00,68.00,54.00,0.9059,1,1
231,6,190.00,400.00,40.00,34.00,0.8935,1,1
231,10,780.00,327.00,38.00,38.00,0.4742,1,1
231,14,388.00,289.00,36.00,25.00,0.7482,1,1
231,16,243.00,477.00,36.00,49.00,0.4114,1,1
231,17,462.00,383.00,35.00,36.00,0.8710,1,1
231,21,377.00,402.00,44.00,38.00,0.4742,1,1
231,24,786.00,447.00,87.00,105.00,0.9055,1,1
231,26,781.00,325.00,39.00,34.00,0.4448,1,1
231,28,213.00,522.00,48.00,31.00,0.7258,1,1
232,1,390.00,468.00,86.00,91.00,0.9374,1,1
232,2,780.00,289.00,80.00,57.00,0.9263,1,1
232,4,375.00,233.00,57.00,60.00,0.8869,1,1
232,5,168.00,355.00,68.00,55.00,0.9011,1,1
232,6,190.00,400.00,40.00,33.00,0.8904,1,1
232,10,780.00,330.00,38.00,38.00,0.5069,1,1
232,14,388.00,289.00,36.00,26.00,0.7080,1,1
232,16,243.00,478.00,36.00,51.00,0.4850,1,1
232,17,461.00,382.00,36.00,37.00,0.8740,1,1
232,21,375.00,400.00,45.00,39.00,0.6041,1,1
232,24,785.00,447.00,87.00,105.00,0.9065,1,1
232,28,214.00,521.00,45.00,31.00,0.7346,1,1
233,1,388.00,471.00,85.00,89.00,0.9241,1,1
233,2,778.00,288.00,82.00,58.00,0.9294,1,1
233,4,375.00,232.00,57.00,61.00,0.8750,1,1
233,5,168.00,355.00,68.00,54.00,0.9001,1,1
233,6,191.00,399.00,39.00,33.00,0.8975,1,1
233,10,779.00,329.00,36.00,40.00,0.5211,1,1
233,14,388.00,288.00,37.00,26.00,0.6721,1,1
233,16,244.00,479.00,45.00,53.00,0.4986,1,1
233,17,461.00,382.00,36.00,37.00,0.8686,1,1
233,21,375.00,399.00,47.00,40.00,0.5303,1,1
233,24,784.00,447.00,88.00,105.00,0.9027,1,1
233,28,211.00,519.00,45.00,30.00,0.6484,1,1
234,1,385.00,472.00,86.00,88.00,0.9266,1,1
234,2,775.00,288.00,82.00,57.00,0.9349,1,1
234,4,375.00,232.00,58.00,61.00,0.8767,1,1
234,5,169.00,354.00,67.00,54.00,0.8904,1,1
234,6,192.00,399.00,38.00,32.00,0.8759,1,1
234,7,243.00,478.00,38.00,48.00,0.5668,1,1
234,10,778.00,330.00,35.00,38.00,0.4643,1,1
234,14,388.00,288.00,39.00,26.00,0.6640,1,1
234,16,244.00,478.00,46.00,54.00,0.4986,1,1
234,17,462.00,383.00,35.00,36.00,0.8674,1,1
234,21,363.00,395.00,62.00,41.00,0.5156,1,1
234,24,783.00,447.00,88.00,105.00,0.9023,1,1
234,28,212.00,518.00,42.00,30.00,0.7533,1,1
235,1,382.00,473.00,86.00,90.00,0.9370,1,1
235,2,773.00,288.00,84.00,57.00,0.9351,1,1
235,4,375.00,232.00,58.00,60.00,0.8831,1,1
235,5,169.00,354.00,66.00,54.00,0.8834,1,1
235,6,191.00,399.00,38.00,32.00,0.8775,1,1
235,7,243.00,477.00,38.00,49.00,0.5668,1,1
235,10,777.00,329.00,35.00,39.00,0.4643,1,1
235,12,250.00,493.00,50.00,45.00,0.5006,1,1
235,14,388.00,287.00,40.00,27.00,0.6443,1,1
235,16,244.00,479.00,49.00,56.00,0.4946,1,1
235,17,463.00,383.00,35.00,37.00,0.8526,1,1
235,21,371.00,393.00,54.00,44.00,0.5419,1,1
235,24,782.00,447.00,88.00,105.00,0.8930,1,1
235,28,215.00,520.00,43.00,30.00,0.6930,1,1
236,1,377.00,475.00,88.00,88.00,0.9373,1,1
236,2,771.00,288.00,86.00,57.00,0.9327,1,1
236,4,375.00,231.00,59.00,61.00,0.8872,1,1
236,5,169.00,354.00,66.00,53.00,0.8771,1,1
236,6,191.00,399.00,38.00,32.00,0.8689,1,1
236,7,253.00,490.00,46.00,52.00,0.7290,1,1
236,12,250.00,493.00,50.00,45.00,0.5006,1,1
236,14,388.00,286.00,41.00,27.00,0.6074,1,1
236,16,243.00,479.00,51.00,57.00,0.4946,1,1
236,17,462.00,383.00,35.00,37.00,0.8659,1,1
236,21,380.00,392.00,46.00,43.00,0.6905,1,1
236,24,781.00,446.00,90.00,105.00,0.8941,1,1
236,28,216.00,522.00,44.00,30.00,0.6058,1,1
237,1,375.00,476.00,89.00,88.00,0.9452,1,1
237,2,770.00,287.00,86.00,57.00,0.9295,1,1
237,4,376.00,230.00,58.00,62.00,0.8958,1,1
237,5,168.00,354.00,67.00,52.00,0.8764,1,1
237,6,191.00,397.00,38.00,33.00,0.8628,1,1
237,7,251.00,489.00,43.00,53.00,0.4086,1,1
237,14,387.00,285.00,40.00,28.00,0.6223,1,1
237,17,462.00,383.00,35.00,37.00,0.8623,1,1
237,21,389.00,391.00,38.00,43.00,0.6817,1,1
237,24,781.00,447.00,88.00,104.00,0.9106,1,1
237,28,217.00,523.00,45.00,30.00,0.6540,1,1
238,1,373.00,477.00,87.00,88.00,0.9385,1,1
238,2,769.00,287.00,86.00,57.00,0.9270,1,1
238,4,376.00,229.00,58.00,62.00,0.8959,1,1
238,5,168.00,353.00,67.00,53.00,0.8794,1,1
238,6,190.00,397.00,39.00,34.00,0.8620,1,1
238,7,251.00,491.00,41.00,52.00,0.3009,1,1
238,14,387.00,285.00,40.00,28.00,0.6441,1,1
238,17,463.00,383.00,34.00,36.00,0.8522,1,1
238,21,391.00,390.00,37.00,44.00,0.7604,1,1
238,24,781.00,447.00,88.00,104.00,0.8999,1,1
238,28,217.00,521.00,45.00,30.00,0.6915,1,1
239,1,371.00,478.00,89.00,90.00,0.9423,1,1
239,2,768.00,286.00,86.00,57.00,0.9259,1,1
239,4,376.00,229.00,58.00,62.00,0.8939,1,1
239,5,169.00,353.00,65.00,52.00,0.8789,1,1
239,6,190.00,397.00,38.00,33.00,0.8628,1,1
239,7,251.00,492.00,42.00,53.00,0.3009,1,1
239,14,387.00,284.00,40.00,28.00,0.6891,1,1
239,17,463.00,383.00,34.00,36.00,0.8471,1,1
239,21,390.00,388.00,38.00,42.00,0.7653,1,1
239,24,781.00,447.00,87.00,104.00,0.9094,1,1
239,28,214.00,518.00,48.00,29.00,0.6383,1,1
240,1,370.00,478.00,89.00,91.00,0.9441,1,1
240,2,766.00,284.00,87.00,57.00,0.9286,1,1
240,4,376.00,229.00,59.00,60.00,0.8904,1,1
240,5,169.00,353.00,66.00,53.00,0.8809,1,1
240,6,191.00,397.00,37.00,33.00,0.8627,1,1
240,14,388.00,283.00,39.00,27.00,0.7574,1,1
240,17,463.00,383.00,34.00,36.00,0.8273,1,1
240,21,392.00,386.00,37.00,42.00,0.6557,1,1
240,24,782.00,447.00,86.00,105.00,0.9129,1,1
240,28,214.00,517.00,45.00,27.00,0.5950,1,1
241,1,370.00,478.00,90.00,93.00,0.9417,1,1
241,2,765.00,283.00,87.00,57.00,0.9234,1,1
241,4,377.00,228.00,58.00,61.00,0.8889,1,1
241,5,169.00,353.00,66.00,52.00,0.8761,1,1
241,6,190.00,397.00,38.00,33.00,0.8596,1,1
241,12,257.00,496.00,33.00,48.00,0.2520,1,1
241,14,388.00,283.00,39.00,27.00,0.7741,1,1
241,17,462.00,383.00,35.00,36.00,0.8226,1,1
241,21,394.00,387.00,38.00,40.00,0.7681,1,1
241,24,782.00,447.00,86.00,106.00,0.9215,1,1
241,28,216.00,517.00,44.00,29.00,0.7148,1,1
242,1,372.00,479.00,89.00,93.00,0.9344,1,1
242,2,764.00,282.00,87.00,57.00,0.9289,1,1
242,4,377.00,227.00,58.00,62.00,0.8909,1,1
242,5,168.00,353.00,66.00,51.00,0.8756,1,1
242,6,190.00,396.00,37.00,34.00,0.8694,1,1
242,7,247.00,492.00,42.00,52.00,0.3058,1,1
242,12,258.00,497.00,31.00,47.00,0.2520,1,1
242,14,389.00,283.00,37.00,27.00,0.7337,1,1
242,17,462.00,384.00,35.00,35.00,0.7710,1,1
242,21,393.00,387.00,40.00,41.00,0.7575,1,1
242,24,781.00,448.00,87.00,106.00,0.9284,1,1
242,28,216.00,516.00,44.00,30.00,0.7148,1,1
243,1,372.00,479.00,91.00,91.00,0.9329,1,1
243,2,763.00,281.00,86.00,56.00,0.9222,1,1
243,4,377.00,227.00,58.00,62.00,0.8933,1,1
243,5,169.00,353.00,65.00,51.00,0.8744,1,1
243,6,190.00,396.00,37.00,34.00,0.8625,1,1
243,7,246.00,491.00,41.00,54.00,0.3895,1,1
243,12,253.00,497.00,36.00,48.00,0.2716,1,1
243,14,389.00,283.00,37.00,26.00,0.7500,1,1
243,17,462.00,383.00,35.00,36.00,0.7588,1,1
243,21,391.00,387.00,44.00,38.00,0.7544,1,1
243,24,781.00,448.00,87.00,107.00,0.9222,1,1
244,1,374.00,479.00,91.00,86.00,0.9378,1,1
244,2,761.00,280.00,86.00,56.00,0.9104,1,1
244,4,377.00,227.00,59.00,60.00,0.8897,1,1
244,5,168.00,353.00,66.00,51.00,0.8756,1,1
244,6,190.00,396.00,37.00,34.00,0.8597,1,1
244,7,245.00,491.00,42.00,55.00,0.3895,1,1
244,12,248.00,496.00,40.00,49.00,0.4666,1,1
244,14,389.00,283.00,37.00,26.00,0.8233,1,1
244,17,462.00,383.00,35.00,35.00,0.7647,1,1
244,21,388.00,389.00,48.00,37.00,0.7192,1,1
244,24,782.00,449.00,86.00,106.00,0.9140,1,1
244,28,221.00,523.00,42.00,32.00,0.4383,1,1
245,1,375.00,479.00,92.00,87.00,0.9381,1,1
245,2,759.00,280.00,86.00,55.00,0.9154,1,1
245,4,376.00,228.00,59.00,59.00,0.8927,1,1
245,5,169.00,353.00,65.00,51.00,0.8744,1,1
245,6,190.00,396.00,37.00,34.00,0.8572,1,1
245,12,250.00,495.00,39.00,50.00,0.3638,1,1
245,14,389.00,283.00,37.00,26.00,0.8124,1,1
245,17,462.00,383.00,35.00,36.00,0.7597,1,1
245,21,387.00,391.00,48.00,37.00,0.6803,1,1
245,24,782.00,449.00,87.00,106.00,0.9169,1,1
245,28,220.00,523.00,42.00,31.00,0.5570,1,1
246,1,378.00,479.00,93.00,83.00,0.9380,1,1
246,2,757.00,280.00,87.00,54.00,0.9103,1,1
246,4,376.00,228.00,59.00,59.00,0.8983,1,1
246,5,169.00,353.00,65.00,51.00,0.8778,1,1
246,6,190.00,396.00,37.00,34.00,0.8587,1,1
246,12,251.00,495.00,38.00,49.00,0.3496,1,1
246,14,389.00,282.00,37.00,27.00,0.8049,1,1
246,17,462.00,384.00,35.00,35.00,0.7997,1,1
246,21,388.00,391.00,46.00,41.00,0.5919,1,1
246,24,782.00,449.00,88.00,106.00,0.9227,1,1
246,28,212.00,521.00,51.00,31.00,0.4516,1,1
247,1,380.00,478.00,95.00,87.00,0.9376,1,1
247,2,756.00,280.00,85.00,54.00,0.9082,1,1
247,4,375.00,229.00,61.00,58.00,0.8906,1,1
247,5,169.00,352.00,65.00,52.00,0.8785,1,1
247,6,190.00,396.00,37.00,34.00,0.8580,1,1
247,12,256.00,500.00,34.00,45.00,0.4828,1,1
247,14,389.00,282.00,37.00,27.00,0.8035,1,1
247,17,461.00,384.00,36.00,35.00,0.8264,1,1
247,21,382.00,389.00,50.00,40.00,0.6235,1,1
247,24,782.00,449.00,89.00,106.00,0.9220,1,1
247,27,1327.00,69.00,22.00,16.00,0.3092,1,1
247,28,211.00,519.00,49.00,30.00,0.7281,1,1
248,1,383.00,477.00,95.00,82.00,0.9460,1,1
248,2,754.00,280.00,87.00,54.00,0.9050,1,1
248,4,375.00,230.00,60.00,57.00,0.8864,1,1
248,5,169.00,352.00,65.00,53.00,0.8818,1,1
248,6,190.00,396.00,38.00,34.00,0.8664,1,1
248,12,255.00,499.00,34.00,47.00,0.6014,1,1
248,14,388.00,282.00,37.00,27.00,0.8180,1,1
248,17,461.00,384.00,36.00,35.00,0.8195,1,1
248,21,379.00,386.00,52.00,40.00,0.6238,1,1
248,24,782.00,449.00,89.00,105.00,0.9206,1,1
248,27,1331.00,72.00,21.00,15.00,0.3092,1,1
248,28,209.00,518.00,51.00,31.00,0.5726,1,1
249,1,387.00,475.00,93.00,85.00,0.9521,1,1
249,2,753.00,280.00,87.00,54.00,0.9062,1,1
249,4,374.00,231.00,61.00,56.00,0.8929,1,1
249,5,169.00,352.00,65.00,53.00,0.8856,1,1
249,6,190.00,396.00,38.00,35.00,0.8659,1,1
249,10,388.00,384.00,41.00,43.00,0.3083,1,1
249,12,256.00,500.00,34.00,46.00,0.5601,1,1
249,14,388.00,283.00,37.00,26.00,0.8175,1,1
249,17,461.00,384.00,36.00,34.00,0.8157,1,1
249,21,377.00,384.00,51.00,39.00,0.6115,1,1
249,24,783.00,448.00,90.00,105.00,0.9191,1,1
249,28,208.00,518.00,52.00,30.00,0.5508,1,1
250,1,393.00,473.00,94.00,87.00,0.9394,1,1
250,2,751.00,280.00,88.00,54.00,0.9019,1,1
250,4,373.00,231.00,61.00,57.00,0.8862,1,1
250,5,169.00,352.00,65.00,53.00,0.8879,1,1
250,6,190.00,396.00,38.00,35.00,0.8716,1,1
250,10,365.00,387.00,41.00,43.00,0.3083,1,1
250,12,255.00,499.00,35.00,47.00,0.3334,1,1
250,14,388.00,283.00,37.00,27.00,0.7736,1,1
250,17,461.00,385.00,36.00,34.00,0.8380,1,1
250,21,375.00,383.00,50.00,37.00,0.5174,1,1
250,24,785.00,448.00,89.00,106.00,0.9273,1,1
250,28,207.00,517.00,53.00,31.00,0.5508,1,1
251,1,396.00,470.00,98.00,87.00,0.9145,1,1
251,2,751.00,280.00,88.00,54.00,0.9090,1,1
251,4,369.00,234.00,65.00,52.00,0.8787,1,1
251,5,169.00,352.00,65.00,52.00,0.8882,1,1
251,6,189.00,397.00,39.00,34.00,0.8567,1,1
251,12,253.00,496.00,36.00,50.00,0.5234,1,1
251,14,389.00,282.00,36.00,27.00,0.7988,1,1
251,17,461.00,386.00,35.00,33.00,0.8441,1,1
251,21,376.00,383.00,47.00,39.00,0.6580,1,1
251,24,787.00,446.00,88.00,108.00,0.9225,1,1
252,1,402.00,466.00,91.00,86.00,0.9233,1,1
252,2,750.00,280.00,89.00,54.00,0.9040,1,1
252,4,367.00,234.00,67.00,52.00,0.8858,1,1
252,5,169.00,352.00,65.00,52.00,0.8855,1,1
252,6,190.00,397.00,38.00,34.00,0.8549,1,1
252,12,249.00,495.00,41.00,50.00,0.5446,1,1
252,14,388.00,281.00,38.00,28.00,0.7719,1,1
252,17,461.00,386.00,35.00,34.00,0.8686,1,1
252,21,377.00,389.00,48.00,38.00,0.5652,1,1
252,24,789.00,446.00,87.00,107.00,0.9209,1,1
252,26,718.00,442.00,42.00,41.00,0.3073,1,1
253,1,404.00,464.00,93.00,85.00,0.9158,1,1
253,2,749.00,280.00,89.00,54.00,0.9090,1,1
253,4,363.00,235.00,69.00,50.00,0.8917,1,1
253,5,169.00,352.00,65.00,53.00,0.8840,1,1
253,6,190.00,397.00,39.00,34.00,0.8601,1,1
253,10,365.00,393.00,64.00,32.00,0.3440,1,1
253,12,252.00,495.00,37.00,51.00,0.4966,1,1
253,14,389.00,280.00,37.00,29.00,0.8040,1,1
253,17,460.00,386.00,36.00,34.00,0.8737,1,1
253,21,379.00,394.00,52.00,38.00,0.4588,1,1
253,24,789.00,445.00,89.00,107.00,0.9194,1,1
253,26,715.00,448.00,42.00,41.00,0.3073,1,1
254,1,408.00,460.00,91.00,85.00,0.9289,1,1
254,2,749.00,280.00,88.00,54.00,0.9077,1,1
254,4,361.00,236.00,71.00,49.00,0.9027,1,1
254,5,169.00,352.00,65.00,54.00,0.8838,1,1
254,6,190.00,397.00,38.00,34.00,0.8699,1,1
254,10,356.00,396.00,65.00,32.00,0.3440,1,1
254,12,251.00,497.00,40.00,49.00,0.4419,1,1
254,14,389.00,280.00,36.00,29.00,0.7929,1,1
254,16,377.00,279.00,48.00,29.00,0.4565,1,1
254,17,460.00,386.00,36.00,35.00,0.8740,1,1
254,21,379.00,394.00,53.00,38.00,0.4588,1,1
254,24,791.00,445.00,89.00,105.00,0.9019,1,1
254,26,703.00,481.00,45.00,40.00,0.3052,1,1
255,1,412.00,458.00,89.00,83.00,0.9261,1,1
255,2,748.00,280.00,89.00,55.00,0.9101,1,1
255,4,359.00,238.00,72.00,48.00,0.9058,1,1
255,5,169.00,352.00,65.00,55.00,0.8803,1,1
255,6,189.00,398.00,40.00,34.00,0.8790,1,1
255,12,252.00,498.00,39.00,47.00,0.4340,1,1
255,14,390.00,280.00,35.00,29.00,0.8277,1,1
255,16,379.00,279.00,46.00,28.00,0.3959,1,1
255,17,459.00,385.00,37.00,37.00,0.8693,1,1
255,24,793.00,444.00,88.00,105.00,0.9159,1,1
255,26,704.00,481.00,42.00,39.00,0.4868,1,1
255,28,210.00,519.00,51.00,32.00,0.3081,1,1
256,1,416.00,454.00,90.00,88.00,0.9112,1,1
256,2,746.00,280.00,90.00,55.00,0.9144,1,1
256,4,358.00,238.00,73.00,49.00,0.9052,1,1
256,5,169.00,353.00,65.00,54.00,0.8809,1,1
256,6,188.00,398.00,41.00,34.00,0.8867,1,1
256,12,252.00,499.00,39.00,47.00,0.3632,1,1
256,14,392.00,280.00,33.00,30.00,0.8257,1,1
256,16,379.00,279.00,46.00,29.00,0.3376,1,1
256,17,460.00,384.00,37.00,36.00,0.8399,1,1
256,21,380.00,401.00,57.00,35.00,0.2553,1,1
256,24,795.00,442.00,87.00,105.00,0.9103,1,1
256,26,704.00,480.00,44.00,41.00,0.5751,1,1
256,28,210.00,519.00,51.00,32.00,0.3081,1,1
257,1,417.00,452.00,91.00,86.00,0.9247,1,1
257,2,747.00,279.00,89.00,57.00,0.9160,1,1
257,4,358.00,240.00,73.00,48.00,0.8962,1,1
257,5,169.00,352.00,66.00,56.00,0.8795,1,1
257,6,185.00,398.00,43.00,34.00,0.8531,1,1
257,12,249.00,498.00,42.00,46.00,0.5131,1,1
257,14,389.00,281.00,36.00,30.00,0.8089,1,1
257,16,385.00,274.00,46.00,28.00,0.3376,1,1
257,17,461.00,383.00,37.00,37.00,0.6824,1,1
257,21,381.00,401.00,57.00,34.00,0.3116,1,1
257,24,797.00,441.00,86.00,106.00,0.9197,1,1
257,26,707.00,481.00,41.00,41.00,0.2773,1,1
258,1,418.00,451.00,93.00,87.00,0.9181,1,1
258,2,745.00,279.00,89.00,58.00,0.9215,1,1
258,4,359.00,240.00,72.00,48.00,0.8966,1,1
258,5,169.00,352.00,65.00,56.00,0.8839,1,1
258,6,184.00,399.00,44.00,33.00,0.8608,1,1
258,12,250.00,498.00,41.00,46.00,0.4397,1,1
258,14,390.00,280.00,37.00,29.00,0.7917,1,1
258,17,463.00,381.00,37.00,37.00,0.6825,1,1
258,21,384.00,402.00,56.00,32.00,0.2998,1,1
258,24,799.00,439.00,85.00,105.00,0.9281,1,1
258,26,705.00,487.00,41.00,41.00,0.2773,1,1
259,1,418.00,450.00,96.00,85.00,0.9055,1,1
259,2,744.00,279.00,89.00,58.00,0.9159,1,1
259,4,360.00,240.00,73.00,48.00,0.8957,1,1
259,5,168.00,352.00,66.00,56.00,0.8827,1,1
259,6,184.00,399.00,43.00,33.00,0.8547,1,1
259,12,251.00,499.00,40.00,46.00,0.4511,1,1
259,14,390.00,279.00,38.00,29.00,0.8159,1,1
259,17,464.00,379.00,38.00,38.00,0.6246,1,1
259,21,385.00,402.00,56.00,32.00,0.2998,1,1
259,24,800.00,438.00,86.00,105.00,0.9475,1,1
260,1,418.00,449.00,98.00,86.00,0.9049,1,1
260,2,743.00,280.00,88.00,57.00,0.9052,1,1
260,4,363.00,239.00,73.00,47.00,0.8923,1,1
260,5,167.00,353.00,67.00,55.00,0.8850,1,1
260,6,185.00,399.00,42.00,33.00,0.8565,1,1
260,12,251.00,499.00,40.00,46.00,0.4702,1,1
260,14,390.00,279.00,42.00,29.00,0.8397,1,1
260,17,464.00,378.00,39.00,39.00,0.6246,1,1
260,24,802.00,436.00,86.00,103.00,0.9445,1,1
261,1,420.00,448.00,98.00,87.00,0.9067,1,1
261,2,742.00,281.00,90.00,56.00,0.9027,1,1
261,4,367.00,239.00,71.00,46.00,0.8987,1,1
261,5,167.00,352.00,67.00,57.00,0.8878,1,1
261,6,184.00,399.00,43.00,33.00,0.8581,1,1
261,12,251.00,499.00,40.00,45.00,0.4319,1,1
261,14,395.00,277.00,40.00,29.00,0.8856,1,1
261,24,804.00,434.00,85.00,102.00,0.9199,1,1
262,1,421.00,446.00,97.00,88.00,0.8960,1,1
262,2,741.00,280.00,90.00,57.00,0.8882,1,1
262,4,372.00,237.00,71.00,46.00,0.9062,1,1
262,5,167.00,352.00,67.00,57.00,0.8877,1,1
262,6,184.00,399.00,43.00,33.00,0.8555,1,1
262,12,251.00,500.00,40.00,44.00,0.4449,1,1
262,14,408.00,276.00,32.00,27.00,0.9027,1,1
262,24,806.00,433.00,85.00,102.00,0.9204,1,1
262,26,713.00,475.00,41.00,46.00,0.2897,1,1
263,1,425.00,445.00,96.00,89.00,0.9190,1,1
263,2,739.00,281.00,89.00,57.00,0.8954,1,1
263,4,377.00,236.00,71.00,47.00,0.9009,1,1
263,5,167.00,352.00,67.00,57.00,0.8862,1,1
263,6,184.00,400.00,43.00,32.00,0.8515,1,1
263,12,251.00,498.00,40.00,47.00,0.5375,1,1
263,14,412.00,273.00,34.00,28.00,0.8730,1,1
263,24,808.00,431.00,86.00,102.00,0.9302,1,1
263,26,714.00,477.00,41.00,44.00,0.5519,1,1
264,1,426.00,445.00,97.00,89.00,0.9242,1,1
264,2,739.00,282.00,89.00,57.00,0.9048,1,1
264,4,384.00,235.00,69.00,45.00,0.8922,1,1
264,5,167.00,352.00,66.00,57.00,0.8882,1,1
264,6,184.00,400.00,43.00,32.00,0.8456,1,1
264,12,251.00,498.00,40.00,47.00,0.4856,1,1
264,14,417.00,271.00,34.00,30.00,0.8194,1,1
264,16,409.00,272.00,38.00,30.00,0.3273,1,1
264,21,389.00,399.00,43.00,33.00,0.4424,1,1
264,24,810.00,430.00,86.00,100.00,0.9331,1,1
264,26,713.00,476.00,43.00,45.00,0.4546,1,1
265,1,427.00,444.00,96.00,90.00,0.9283,1,1
265,2,738.00,282.00,90.00,57.00,0.8939,1,1
265,4,388.00,234.00,71.00,45.00,0.8946,1,1
265,5,167.00,352.00,66.00,57.00,0.8873,1,1
265,6,184.00,400.00,43.00,33.00,0.8427,1,1
265,12,251.00,498.00,40.00,49.00,0.4930,1,1
265,14,423.00,269.00,33.00,31.00,0.7528,1,1
265,16,413.00,270.00,38.00,31.00,0.3273,1,1
265,21,389.00,397.00,39.00,35.00,0.3481,1,1
265,24,812.00,428.00,85.00,101.00,0.9292,1,1
265,26,713.00,477.00,44.00,44.00,0.6823,1,1
265,27,1287.00,31.00,26.00,25.00,0.2986,1,1
266,1,428.00,444.00,95.00,89.00,0.9333,1,1
266,2,739.00,282.00,90.00,57.00,0.8943,1,1
266,4,393.00,231.00,71.00,46.00,0.9123,1,1
266,5,167.00,353.00,66.00,56.00,0.8869,1,1
266,6,184.00,400.00,43.00,33.00,0.8436,1,1
266,12,249.00,498.00,42.00,48.00,0.5025,1,1
266,14,424.00,266.00,39.00,32.00,0.7626,1,1
266,21,393.00,396.00,38.00,35.00,0.2680,1,1
266,24,814.00,426.00,85.00,99.00,0.9077,1,1
266,26,713.00,476.00,44.00,44.00,0.6836,1,1
266,27,1285.00,29.00,26.00,25.00,0.2986,1,1
267,1,429.00,443.00,94.00,88.00,0.9384,1,1
267,2,738.00,282.00,90.00,57.00,0.8956,1,1
267,4,399.00,228.00,70.00,48.00,0.9096,1,1
267,5,167.00,352.00,66.00,57.00,0.8878,1,1
267,6,184.00,400.00,42.00,33.00,0.8434,1,1
267,12,252.00,497.00,39.00,48.00,0.4125,1,1
267,14,433.00,266.00,34.00,31.00,0.8651,1,1
267,16,424.00,264.00,41.00,30.00,0.2930,1,1
267,21,394.00,396.00,36.00,35.00,0.2680,1,1
267,24,815.00,424.00,85.00,99.00,0.9011,1,1
267,26,713.00,475.00,43.00,45.00,0.7443,1,1
267,27,1281.00,39.00,26.00,26.00,0.4487,1,1
267,34,1302.00,131.00,22.00,19.00,0.5900,1,1
268,1,429.00,442.00,94.00,88.00,0.9335,1,1
268,2,739.00,283.00,90.00,56.00,0.8978,1,1
268,4,403.00,225.00,71.00,49.00,0.9117,1,1
268,5,167.00,353.00,65.00,57.00,0.8888,1,1
268,6,184.00,401.00,42.00,32.00,0.8416,1,1
268,12,252.00,498.00,39.00,47.00,0.6189,1,1
268,14,433.00,263.00,38.00,30.00,0.8369,1,1
268,16,429.00,262.00,41.00,30.00,0.2930,1,1
268,24,818.00,423.00,84.00,99.00,0.9121,1,1
268,26,711.00,476.00,43.00,45.00,0.7213,1,1
268,27,1279.00,42.00,26.00,26.00,0.5593,1,1
268,34,1299.00,137.00,22.00,20.00,0.3407,1,1
268,36,1274.00,6.00,37.00,36.00,0.6104,1,1
269,1,429.00,442.00,93.00,85.00,0.9335,1,1
269,2,739.00,284.00,89.00,55.00,0.9029,1,1
269,4,409.00,225.00,69.00,48.00,0.8875,1,1
269,5,167.00,353.00,66.00,56.00,0.8922,1,1
269,6,183.00,400.00,43.00,33.00,0.8524,1,1
269,12,249.00,496.00,40.00,49.00,0.3182,1,1
269,14,440.00,263.00,35.00,32.00,0.5195,1,1
269,16,432.00,262.00,39.00,29.00,0.8441,1,1
269,24,820.00,421.00,82.00,100.00,0.9017,1,1
269,26,708.00,477.00,43.00,45.00,0.5661,1,1
269,27,1277.00,41.00,29.00,31.00,0.5306,1,1
269,34,1297.00,140.00,22.00,21.00,0.3407,1,1
269,36,1273.00,8.00,43.00,31.00,0.4720,1,1
270,1,429.00,442.00,93.00,87.00,0.9355,1,1
270,2,739.00,284.00,89.00,55.00,0.9047,1,1
270,4,414.00,224.00,68.00,46.00,0.8819,1,1
270,5,167.00,353.00,65.00,56.00,0.8858,1,1
270,6,184.00,400.00,42.00,33.00,0.8327,1,1
270,12,251.00,497.00,39.00,49.00,0.5382,1,1
270,14,445.00,259.00,35.00,30.00,0.8480,1,1
270,16,437.00,260.00,39.00,30.00,0.8441,1,1
270,21,401.00,385.00,38.00,36.00,0.3323,1,1
270,24,822.00,420.00,82.00,98.00,0.9119,1,1
270,26,708.00,477.00,43.00,45.00,0.6215,1,1
270,27,1277.00,44.00,26.00,34.00,0.4671,1,1
270,36,1272.00,3.00,47.00,41.00,0.7408,1,1
270,37,1273.00,21.00,37.00,37.00,0.3409,1,1
271,1,429.00,442.00,89.00,87.00,0.9284,1,1
271,2,739.00,284.00,89.00,55.00,0.9060,1,1
271,4,418.00,223.00,70.00,45.00,0.8749,1,1
271,5,168.00,353.00,64.00,56.00,0.8919,1,1
271,6,183.00,400.00,43.00,34.00,0.8229,1,1
271,12,248.00,494.00,41.00,51.00,0.3245,1,1
271,14,446.00,259.00,39.00,31.00,0.8110,1,1
271,21,403.00,382.00,37.00,35.00,0.5651,1,1
271,24,824.00,418.00,83.00,98.00,0.9163,1,1
271,26,708.00,477.00,43.00,45.00,0.5992,1,1
271,27,1275.00,49.00,29.00,35.00,0.6903,1,1
271,36,1271.00,5.00,48.00,44.00,0.6844,1,1
271,37,1273.00,20.00,38.00,39.00,0.3409,1,1
272,1,428.00,442.00,88.00,82.00,0.9346,1,1
272,2,739.00,284.00,89.00,55.00,0.9048,1,1
272,4,423.00,222.00,69.00,44.00,0.8658,1,1
272,5,166.00,354.00,64.00,55.00,0.8882,1,1
272,6,183.00,400.00,42.00,33.00,0.8072,1,1
272,12,248.00,495.00,41.00,49.00,0.4426,1,1
272,14,451.00,258.00,38.00,31.00,0.7997,1,1
272,21,406.00,381.00,37.00,38.00,0.6924,1,1
272,24,825.00,416.00,84.00,96.00,0.9347,1,1
272,26,708.00,477.00,42.00,46.00,0.5999,1,1
272,27,1275.00,52.00,29.00,36.00,0.3112,1,1
272,36,1271.00,8.00,46.00,52.00,0.7181,1,1
272,37,1271.00,24.00,43.00,42.00,0.3346,1,1
273,1,427.00,442.00,87.00,82.00,0.9304,1,1
273,2,739.00,284.00,88.00,55.00,0.9066,1,1
273,4,427.00,222.00,68.00,43.00,0.8674,1,1
273,5,166.00,354.00,64.00,55.00,0.8882,1,1
273,6,183.00,400.00,42.00,33.00,0.7986,1,1
273,12,249.00,496.00,40.00,48.00,0.3830,1,1
273,14,457.00,259.00,35.00,30.00,0.7842,1,1
273,16,448.00,259.00,40.00,29.00,0.6465,1,1
273,21,405.00,379.00,37.00,38.00,0.5994,1,1
273,24,826.00,414.00,83.00,94.00,0.9319,1,1
273,26,708.00,478.00,42.00,44.00,0.5282,1,1
273,27,1273.00,62.00,29.00,29.00,0.5451,1,1
273,36,1269.00,9.00,50.00,55.00,0.7181,1,1
273,37,1270.00,28.00,41.00,42.00,0.3390,1,1
273,38,1272.00,40.00,32.00,38.00,0.2548,1,1
274,1,426.00,442.00,88.00,83.00,0.9275,1,1
274,2,738.00,284.00,89.00,55.00,0.8999,1,1
274,4,432.00,221.00,67.00,43.00,0.8782,1,1
274,5,165.00,354.00,65.00,56.00,0.8893,1,1
274,6,183.00,400.00,41.00,33.00,0.8291,1,1
274,12,249.00,496.00,40.00,48.00,0.3830,1,1
274,14,460.00,259.00,36.00,30.00,0.7629,1,1
274,16,451.00,259.00,40.00,28.00,0.5134,1,1
274,21,406.00,379.00,36.00,37.00,0.5365,1,1
274,24,828.00,412.00,82.00,95.00,0.9287,1,1
274,26,710.00,476.00,43.00,47.00,0.4776,1,1
274,27,1272.00,64.00,28.00,28.00,0.6278,1,1
274,36,1268.00,13.00,50.00,52.00,0.4707,1,1
274,37,1269.00,30.00,40.00,41.00,0.4398,1,1
274,38,1270.00,46.00,33.00,31.00,0.5130,1,1
275,1,425.00,442.00,88.00,80.00,0.9188,1,1
275,2,737.00,283.00,90.00,56.00,0.8897,1,1
275,4,435.00,219.00,69.00,44.00,0.9007,1,1
275,5,165.00,355.00,64.00,55.00,0.8894,1,1
275,6,183.00,400.00,41.00,33.00,0.8075,1,1
275,14,463.00,256.00,37.00,32.00,0.7714,1,1
275,16,453.00,257.00,43.00,28.00,0.2626,1,1
275,21,406.00,380.00,37.00,36.00,0.5966,1,1
275,24,829.00,410.00,82.00,95.00,0.9205,1,1
275,26,711.00,475.00,45.00,48.00,0.6213,1,1
275,27,1270.00,65.00,28.00,28.00,0.5670,1,1
275,36,1266.00,14.00,49.00,52.00,0.7552,1,1
275,37,1268.00,32.00,41.00,42.00,0.4398,1,1
275,38,1269.00,44.00,32.00,33.00,0.4973,1,1
276,1,425.00,441.00,86.00,81.00,0.9152,1,1
276,2,736.00,283.00,90.00,58.00,0.8977,1,1
276,4,440.00,218.00,66.00,45.00,0.9092,1,1
276,5,164.00,355.00,65.00,56.00,0.8886,1,1
276,6,183.00,399.00,41.00,34.00,0.8308,1,1
276,12,246.00,482.00,51.00,56.00,0.2649,1,1
276,14,463.00,255.00,41.00,33.00,0.7835,1,1
276,16,457.00,255.00,44.00,28.00,0.2626,1,1
276,17,251.00,494.00,47.00,44.00,0.2993,1,1
276,21,406.00,379.00,37.00,36.00,0.6758,1,1
276,24,830.00,407.00,80.00,96.00,0.9243,1,1
276,26,712.00,476.00,43.00,47.00,0.3635,1,1
276,27,1267.00,67.00,29.00,29.00,0.3898,1,1
276,28,211.00,520.00,48.00,26.00,0.4275,1,1
276,34,1269.00,173.00,23.00,19.00,0.3202,1,1
276,36,1264.00,17.00,50.00,48.00,0.8594,1,1
276,38,1267.00,43.00,33.00,34.00,0.4686,1,1
277,1,425.00,442.00,85.00,79.00,0.9147,1,1
277,2,736.00,284.00,89.00,58.00,0.9061,1,1
277,4,445.00,218.00,64.00,44.00,0.8956,1,1
277,5,163.00,356.00,66.00,56.00,0.8891,1,1
277,6,182.00,400.00,42.00,34.00,0.8417,1,1
277,12,242.00,480.00,55.00,57.00,0.3204,1,1
277,14,463.00,256.00,43.00,32.00,0.8117,1,1
277,17,239.00,500.00,48.00,45.00,0.2993,1,1
277,21,407.00,379.00,36.00,37.00,0.6566,1,1
277,24,831.00,404.00,80.00,96.00,0.9279,1,1
277,26,717.00,478.00,39.00,46.00,0.3162,1,1
277,27,1266.00,64.00,29.00,38.00,0.2587,1,1
277,28,206.00,520.00,44.00,27.00,0.3946,1,1
277,34,1266.00,177.00,23.00,20.00,0.3202,1,1
277,36,1262.00,18.00,50.00,51.00,0.8882,1,1
277,37,1264.00,49.00,34.00,46.00,0.6795,1,1
277,38,1266.00,44.00,32.00,33.00,0.4686,1,1
278,1,425.00,441.00,85.00,81.00,0.9129,1,1
278,2,736.00,283.00,89.00,61.00,0.9163,1,1
278,4,447.00,218.00,65.00,44.00,0.8753,1,1
278,5,163.00,357.00,67.00,56.00,0.8959,1,1
278,6,182.00,400.00,41.00,35.00,0.8392,1,1
278,10,407.00,378.00,34.00,32.00,0.6566,1,1
278,12,241.00,479.00,57.00,57.00,0.3204,1,1
278,14,466.00,257.00,40.00,32.00,0.8390,1,1
278,17,255.00,487.00,48.00,47.00,0.4935,1,1
278,21,408.00,378.00,35.00,37.00,0.6566,1,1
278,24,832.00,401.00,79.00,93.00,0.9200,1,1
278,26,717.00,479.00,40.00,46.00,0.3162,1,1
278,27,1262.00,68.00,32.00,38.00,0.6143,1,1
278,28,205.00,521.00,43.00,26.00,0.3946,1,1
278,36,1259.00,22.00,53.00,52.00,0.8274,1,1
278,37,1262.00,53.00,34.00,47.00,0.6795,1,1
278,38,1260.00,52.00,37.00,37.00,0.6171,1,1
279,1,424.00,441.00,84.00,81.00,0.9119,1,1
279,2,736.00,283.00,89.00,62.00,0.9248,1,1
279,4,448.00,217.00,66.00,45.00,0.8625,1,1
279,5,163.00,358.00,67.00,56.00,0.8960,1,1
279,6,182.00,400.00,41.00,36.00,0.8145,1,1
279,10,409.00,377.00,33.00,32.00,0.6566,1,1
279,14,469.00,257.00,40.00,32.00,0.8282,1,1
279,17,263.00,489.00,44.00,42.00,0.7418,1,1
279,21,408.00,378.00,36.00,33.00,0.6699,1,1
279,24,833.00,398.00,77.00,94.00,0.9156,1,1
279,27,1259.00,74.00,30.00,34.00,0.3245,1,1
279,36,1256.00,27.00,51.00,49.00,0.8575,1,1
279,37,1258.00,63.00,33.00,44.00,0.5449,1,1
279,38,1256.00,56.00,36.00,36.00,0.3750,1,1
280,1,423.00,441.00,84.00,80.00,0.9173,1,1
280,2,737.00,282.00,88.00,63.00,0.9211,1,1
280,4,450.00,217.00,66.00,46.00,0.8642,1,1
280,5,161.00,358.00,68.00,55.00,0.9045,1,1
280,6,182.00,400.00,40.00,37.00,0.8454,1,1
280,14,470.00,258.00,40.00,32.00,0.8285,1,1
280,17,268.00,484.00,42.00,42.00,0.8309,1,1
280,21,408.00,376.00,33.00,33.00,0.7299,1,1
280,24,833.00,396.00,76.00,91.00,0.9148,1,1
280,27,1256.00,82.00,31.00,36.00,0.6103,1,1
280,36,1252.00,32.00,51.00,46.00,0.7796,1,1
280,37,1256.00,67.00,33.00,45.00,0.5449,1,1
280,38,1253.00,62.00,37.00,39.00,0.5489,1,1
281,1,421.00,441.00,82.00,81.00,0.9237,1,1
281,2,737.00,282.00,88.00,64.00,0.9174,1,1
281,4,451.00,217.00,66.00,46.00,0.8693,1,1
281,5,160.00,358.00,69.00,56.00,0.9054,1,1
281,6,182.00,402.00,40.00,35.00,0.8470,1,1
281,14,470.00,258.00,39.00,32.00,0.8221,1,1
281,17,270.00,481.00,44.00,40.00,0.8729,1,1
281,21,408.00,375.00,34.00,33.00,0.7966,1,1
281,24,832.00,392.00,78.00,90.00,0.9195,1,1
281,27,1254.00,85.00,32.00,37.00,0.6103,1,1
281,36,1249.00,38.00,50.00,51.00,0.8411,1,1
281,38,1248.00,65.00,34.00,39.00,0.3535,1,1
281,40,155.00,525.00,50.00,39.00,0.6673,1,1
282,1,419.00,442.00,81.00,81.00,0.9123,1,1
282,2,738.00,282.00,86.00,64.00,0.9067,1,1
282,4,452.00,216.00,66.00,47.00,0.8771,1,1
282,5,160.00,358.00,69.00,57.00,0.9105,1,1
282,6,182.00,402.00,40.00,35.00,0.8351,1,1
282,14,474.00,258.00,37.00,32.00,0.8234,1,1
282,16,466.00,257.00,39.00,30.00,0.5630,1,1
282,17,273.00,480.00,48.00,40.00,0.8217,1,1
282,21,408.00,373.00,32.00,34.00,0.7046,1,1
282,24,832.00,387.00,76.00,90.00,0.9186,1,1
282,36,1242.00,43.00,51.00,51.00,0.8698,1,1
282,37,1244.00,80.00,34.00,53.00,0.6303,1,1
282,38,1243.00,74.00,34.00,42.00,0.5469,1,1
282,40,158.00,527.00,37.00,35.00,0.6814,1,1
283,1,417.00,443.00,81.00,84.00,0.9270,1,1
283,2,738.00,282.00,87.00,63.00,0.8908,1,1
283,4,453.00,217.00,65.00,46.00,0.8769,1,1
283,5,158.00,358.00,71.00,59.00,0.9274,1,1
283,6,183.00,400.00,40.00,38.00,0.8298,1,1
283,14,476.00,258.00,36.00,32.00,0.8253,1,1
283,16,466.00,257.00,40.00,29.00,0.5335,1,1
283,17,286.00,477.00,43.00,37.00,0.8673,1,1
283,21,408.00,373.00,33.00,35.00,0.7141,1,1
283,24,832.00,382.00,75.00,90.00,0.9217,1,1
283,27,1238.00,87.00,35.00,45.00,0.5689,1,1
283,28,152.00,529.00,34.00,28.00,0.4526,1,1
283,36,1235.00,47.00,52.00,51.00,0.8614,1,1
283,37,1241.00,84.00,34.00,54.00,0.6303,1,1
283,38,1236.00,78.00,36.00,40.00,0.6789,1,1
283,40,156.00,528.00,34.00,33.00,0.6814,1,1
284,1,415.00,445.00,82.00,83.00,0.9230,1,1
284,2,739.00,282.00,86.00,63.00,0.8877,1,1
284,4,453.00,217.00,65.00,46.00,0.8831,1,1
284,5,157.00,358.00,71.00,60.00,0.9302,1,1
284,6,183.00,398.00,40.00,40.00,0.8001,1,1
284,14,476.00,258.00,36.00,32.00,0.8265,1,1
284,16,466.00,257.00,40.00,30.00,0.5341,1,1
284,17,290.00,473.00,46.00,36.00,0.7962,1,1
284,21,409.00,374.00,30.00,32.00,0.7247,1,1
284,24,831.00,377.00,75.00,87.00,0.9372,1,1
284,26,727.00,440.00,28.00,36.00,0.2978,1,1
284,27,1232.00,87.00,38.00,48.00,0.6280,1,1
284,28,146.00,529.00,33.00,29.00,0.4526,1,1
284,34,1238.00,217.00,27.00,23.00,0.2512,1,1
284,36,1229.00,49.00,52.00,53.00,0.8398,1,1
284,38,1230.00,80.00,37.00,43.00,0.5275,1,1
284,40,155.00,531.00,32.00,28.00,0.3258,1,1
285,1,412.00,446.00,82.00,84.00,0.9308,1,1
285,2,739.00,282.00,86.00,64.00,0.8956,1,1
285,4,453.00,217.00,65.00,46.00,0.8829,1,1
285,5,155.00,359.00,73.00,60.00,0.9378,1,1
285,6,185.00,397.00,39.00,41.00,0.7831,1,1
285,14,474.00,259.00,38.00,31.00,0.8310,1,1
285,16,466.00,257.00,41.00,30.00,0.5282,1,1
285,17,296.00,469.00,45.00,36.00,0.7628,1,1
285,21,409.00,373.00,31.00,34.00,0.7343,1,1
285,24,832.00,370.00,73.00,87.00,0.9360,1,1
285,26,728.00,437.00,27.00,36.00,0.2978,1,1
285,27,1228.00,94.00,36.00,46.00,0.6393,1,1
285,34,1234.00,221.00,28.00,23.00,0.4914,1,1
285,36,1223.00,51.00,53.00,54.00,0.8880,1,1
285,38,1224.00,86.00,40.00,37.00,0.4965,1,1
285,40,154.00,532.00,29.00,26.00,0.3258,1,1
286,1,410.00,447.00,81.00,84.00,0.9318,1,1
286,2,739.00,281.00,86.00,64.00,0.8925,1,1
286,4,454.00,217.00,65.00,46.00,0.8831,1,1
286,5,154.00,359.00,73.00,61.00,0.9369,1,1
286,6,184.00,397.00,40.00,42.00,0.7499,1,1
286,14,474.00,258.00,38.00,32.00,0.8342,1,1
286,16,466.00,257.00,41.00,30.00,0.5342,1,1
286,17,297.00,465.00,47.00,31.00,0.7669,1,1
286,21,409.00,374.00,31.00,32.00,0.7455,1,1
286,24,832.00,363.00,73.00,86.00,0.9446,1,1
286,27,1223.00,94.00,38.00,53.00,0.5658,1,1
286,34,1234.00,226.00,33.00,22.00,0.6580,1,1
286,36,1216.00,52.00,55.00,52.00,0.8768,1,1
286,38,1219.00,88.00,42.00,40.00,0.7111,1,1
287,1,408.00,449.00,81.00,83.00,0.9369,1,1
287,2,739.00,281.00,86.00,64.00,0.8960,1,1
287,4,453.00,216.00,66.00,47.00,0.8806,1,1
287,5,153.00,359.00,73.00,61.00,0.9384,1,1
287,6,183.00,398.00,41.00,40.00,0.7549,1,1
287,14,474.00,258.00,37.00,32.00,0.8330,1,1
287,16,465.00,257.00,43.00,30.00,0.5197,1,1
287,17,291.00,463.00,51.00,32.00,0.7344,1,1
287,21,409.00,374.00,33.00,33.00,0.7742,1,1
287,24,833.00,355.00,72.00,88.00,0.9415,1,1
287,27,1216.00,93.00,40.00,51.00,0.4868,1,1
287,34,1234.00,229.00,31.00,21.00,0.4090,1,1
287,36,1213.00,54.00,52.00,50.00,0.8722,1,1
287,38,1215.00,89.00,39.00,42.00,0.5449,1,1
288,1,406.00,449.00,82.00,86.00,0.9433,1,1
288,2,740.00,281.00,85.00,65.00,0.9105,1,1
288,4,453.00,217.00,64.00,46.00,0.8766,1,1
288,5,153.00,358.00,73.00,63.00,0.9348,1,1
288,6,182.00,397.00,42.00,42.00,0.7640,1,1
288,12,191.00,396.00,35.00,40.00,0.2742,1,1
288,14,473.00,258.00,37.00,32.00,0.8095,1,1
288,16,467.00,257.00,43.00,30.00,0.5197,1,1
288,17,288.00,465.00,50.00,31.00,0.7519,1,1
288,21,409.00,374.00,33.00,33.00,0.7899,1,1
288,24,834.00,351.00,71.00,85.00,0.9449,1,1
288,27,1216.00,104.00,35.00,45.00,0.7382,1,1
288,34,1232.00,233.00,34.00,21.00,0.3098,1,1
288,36,1207.00,56.00,55.00,50.00,0.8096,1,1
288,37,1212.00,95.00,39.00,50.00,0.6118,1,1
288,38,1210.00,91.00,40.00,42.00,0.6238,1,1
288,42,1166.00,225.00,27.00,22.00,0.5524,1,1
289,1,402.00,450.00,83.00,85.00,0.9491,1,1
289,2,741.00,281.00,83.00,65.00,0.9136,1,1
289,4,453.00,216.00,64.00,48.00,0.8702,1,1
289,5,152.00,358.00,74.00,63.00,0.9391,1,1
289,6,182.00,397.00,41.00,42.00,0.7681,1,1
289,12,191.00,396.00,34.00,40.00,0.2809,1,1
289,14,473.00,259.00,36.00,31.00,0.8206,1,1
289,17,280.00,468.00,50.00,35.00,0.8651,1,1
289,21,410.00,375.00,34.00,33.00,0.7878,1,1
289,24,836.00,346.00,71.00,85.00,0.9284,1,1
289,26,729.00,437.00,30.00,44.00,0.3689,1,1
289,27,1209.00,101.00,37.00,49.00,0.7493,1,1
289,34,1231.00,236.00,31.00,24.00,0.4755,1,1
289,36,1201.00,59.00,56.00,50.00,0.8417,1,1
289,37,1207.00,99.00,41.00,51.00,0.6118,1,1
289,38,1205.00,91.00,40.00,41.00,0.6894,1,1
289,42,1162.00,228.00,27.00,25.00,0.4724,1,1
289,43,717.00,487.00,42.00,51.00,0.2784,1,1
290,1,399.00,449.00,83.00,87.00,0.9507,1,1
290,2,741.00,281.00,83.00,65.00,0.9081,1,1
290,4,453.00,215.00,63.00,50.00,0.8716,1,1
290,5,152.00,358.00,74.00,63.00,0.9344,1,1
290,6,178.00,397.00,45.00,43.00,0.7784,1,1
290,12,190.00,395.00,34.00,42.00,0.3087,1,1
290,14,470.00,260.00,38.00,30.00,0.8313,1,1
290,17,280.00,468.00,51.00,35.00,0.8651,1,1
290,21,410.00,375.00,34.00,33.00,0.7475,1,1
290,24,839.00,339.00,70.00,84.00,0.9289,1,1
290,26,730.00,435.00,30.00,45.00,0.3689,1,1
290,27,1205.00,101.00,36.00,53.00,0.7347,1,1
290,34,1229.00,244.00,26.00,23.00,0.3704,1,1
290,36,1197.00,63.00,56.00,52.00,0.8533,1,1
290,37,1200.00,93.00,40.00,44.00,0.6280,1,1
290,38,1202.00,102.00,41.00,40.00,0.4017,1,1
290,42,1159.00,234.00,28.00,26.00,0.4331,1,1
290,43,727.00,433.00,33.00,51.00,0.5445,1,1
291,1,398.00,449.00,83.00,89.00,0.9589,1,1
291,2,743.00,281.00,81.00,66.00,0.9158,1,1
291,4,453.00,214.00,62.00,52.00,0.8640,1,1
291,5,151.00,358.00,74.00,63.00,0.9376,1,1
291,6,178.00,397.00,44.00,43.00,0.7635,1,1
291,12,191.00,395.00,33.00,42.00,0.2776,1,1
291,14,468.00,261.00,38.00,29.00,0.8277,1,1
291,21,411.00,376.00,34.00,32.00,0.6963,1,1
291,24,841.00,337.00,69.00,82.00,0.9238,1,1
291,26,730.00,432.00,32.00,47.00,0.3474,1,1
291,27,1201.00,103.00,37.00,54.00,0.7347,1,1
291,34,1227.00,248.00,26.00,24.00,0.3704,1,1
291,36,1193.00,68.00,56.00,48.00,0.8854,1,1
291,37,1197.00,102.00,40.00,42.00,0.6851,1,1
291,38,1201.00,117.00,36.00,42.00,0.2722,1,1
291,42,1153.00,234.00,26.00,31.00,0.4033,1,1
291,43,715.00,485.00,45.00,54.00,0.4995,1,1
292,1,397.00,449.00,82.00,91.00,0.9522,1,1
292,2,743.00,281.00,81.00,66.00,0.9170,1,1
292,4,453.00,215.00,60.00,53.00,0.8832,1,1
292,5,152.00,360.00,73.00,60.00,0.9312,1,1
292,6,179.00,399.00,42.00,41.00,0.7421,1,1
292,12,188.00,391.00,33.00,42.00,0.2776,1,1
292,14,467.00,262.00,38.00,28.00,0.8204,1,1
292,21,411.00,376.00,34.00,32.00,0.7165,1,1
292,24,843.00,334.00,71.00,81.00,0.9167,1,1
292,26,730.00,430.00,32.00,47.00,0.3474,1,1
292,34,1229.00,254.00,26.00,23.00,0.2639,1,1
292,36,1191.00,74.00,56.00,51.00,0.8817,1,1
292,37,1194.00,109.00,41.00,39.00,0.6303,1,1
292,38,1199.00,123.00,33.00,40.00,0.5266,1,1
292,42,1150.00,241.00,27.00,33.00,0.2764,1,1
292,43,713.00,484.00,45.00,53.00,0.4002,1,1
293,1,396.00,449.00,80.00,93.00,0.9519,1,1
293,2,743.00,281.00,81.00,65.00,0.9188,1,1
293,4,453.00,213.00,58.00,57.00,0.8929,1,1
293,5,153.00,360.00,71.00,60.00,0.9273,1,1
293,6,178.00,399.00,43.00,41.00,0.7283,1,1
293,10,246.00,484.00,28.00,47.00,0.2567,1,1
293,14,462.00,264.00,39.00,27.00,0.8160,1,1
293,21,410.00,376.00,33.00,31.00,0.6330,1,1
293,24,847.00,330.00,70.00,80.00,0.9454,1,1
293,27,1195.00,119.00,39.00,53.00,0.5172,1,1
293,34,1152.00,257.00,24.00,24.00,0.6469,1,1
293,36,1187.00,82.00,57.00,48.00,0.8912,1,1
293,37,1192.00,113.00,41.00,42.00,0.7075,1,1
293,38,1199.00,134.00,35.00,40.00,0.7133,1,1
293,42,1146.00,245.00,28.00,35.00,0.2764,1,1
293,43,715.00,486.00,44.00,50.00,0.4073,1,1
293,46,1215.00,267.00,29.00,21.00,0.5917,1,1
294,1,395.00,449.00,79.00,94.00,0.9506,1,1
294,2,744.00,281.00,80.00,64.00,0.9163,1,1
294,4,452.00,214.00,56.00,60.00,0.8930,1,1
294,5,153.00,361.00,71.00,59.00,0.9221,1,1
294,6,175.00,399.00,46.00,41.00,0.7167,1,1
294,10,244.00,496.00,28.00,47.00,0.6558,1,1
294,14,460.00,266.00,37.00,27.00,0.7417,1,1
294,21,409.00,376.00,32.00,30.00,0.5280,1,1
294,24,851.00,324.00,70.00,82.00,0.9361,1,1
294,27,1194.00,132.00,38.00,46.00,0.7187,1,1
294,34,1220.00,269.00,25.00,24.00,0.2634,1,1
294,36,1185.00,87.00,59.00,50.00,0.8459,1,1
294,37,1191.00,119.00,41.00,43.00,0.6400,1,1
294,38,1191.00,127.00,43.00,42.00,0.3261,1,1
294,42,1142.00,254.00,29.00,34.00,0.5086,1,1
294,43,715.00,489.00,43.00,50.00,0.4073,1,1
294,46,1213.00,274.00,24.00,21.00,0.7010,1,1
295,1,394.00,448.00,77.00,96.00,0.9499,1,1
295,2,744.00,280.00,81.00,65.00,0.9137,1,1
295,4,451.00,214.00,55.00,61.00,0.8893,1,1
295,5,153.00,360.00,71.00,62.00,0.9117,1,1
295,6,180.00,400.00,41.00,40.00,0.7047,1,1
295,10,237.00,503.00,28.00,47.00,0.6558,1,1
295,12,178.00,409.00,41.00,32.00,0.4035,1,1
295,14,459.00,268.00,38.00,26.00,0.7379,1,1
295,17,239.00,506.00,24.00,43.00,0.6277,1,1
295,21,409.00,376.00,29.00,30.00,0.4731,1,1
295,24,854.00,322.00,70.00,80.00,0.8979,1,1
295,27,1194.00,146.00,35.00,42.00,0.6797,1,1
295,34,1219.00,274.00,25.00,25.00,0.2634,1,1
295,36,1183.00,91.00,58.00,53.00,0.8654,1,1
295,37,1187.00,126.00,42.00,41.00,0.4327,1,1
295,38,1188.00,133.00,43.00,42.00,0.2672,1,1
295,42,1137.00,262.00,28.00,31.00,0.2915,1,1
295,43,715.00,482.00,42.00,49.00,0.4452,1,1
295,46,1207.00,280.00,26.00,21.00,0.5916,1,1
296,1,392.00,449.00,77.00,96.00,0.9402,1,1
296,2,744.00,280.00,81.00,66.00,0.9070,1,1
296,4,449.00,214.00,56.00,64.00,0.8790,1,1
296,5,153.00,361.00,71.00,61.00,0.9041,1,1
296,6,180.00,400.00,41.00,40.00,0.7221,1,1
296,12,177.00,410.00,41.00,31.00,0.3970,1,1
296,14,458.00,269.00,38.00,25.00,0.6645,1,1
296,17,231.00,507.00,27.00,41.00,0.7336,1,1
296,21,407.00,376.00,27.00,30.00,0.4965,1,1
296,24,860.00,320.00,68.00,80.00,0.9171,1,1
296,27,1190.00,151.00,36.00,42.00,0.6797,1,1
296,34,1216.00,277.00,26.00,25.00,0.7197,1,1
296,36,1180.00,94.00,59.00,52.00,0.9126,1,1
296,37,1183.00,132.00,42.00,39.00,0.2755,1,1
296,38,1185.00,137.00,42.00,45.00,0.6900,1,1
296,42,1203.00,280.00,33.00,26.00,0.5628,1,1
296,43,715.00,483.00,42.00,48.00,0.4452,1,1
296,46,1202.00,283.00,28.00,23.00,0.3786,1,1
297,1,390.00,449.00,78.00,100.00,0.9383,1,1
297,2,744.00,280.00,81.00,66.00,0.9034,1,1
297,4,447.00,215.00,55.00,64.00,0.8861,1,1
297,5,153.00,361.00,71.00,61.00,0.8885,1,1
297,6,181.00,398.00,40.00,42.00,0.7403,1,1
297,12,177.00,410.00,40.00,31.00,0.3702,1,1
297,14,455.00,271.00,40.00,24.00,0.6184,1,1
297,17,226.00,513.00,29.00,36.00,0.7549,1,1
297,21,407.00,376.00,30.00,31.00,0.4894,1,1
297,24,864.00,317.00,69.00,80.00,0.9290,1,1
297,27,1184.00,146.00,38.00,42.00,0.4693,1,1
297,34,1205.00,281.00,32.00,26.00,0.3306,1,1
297,36,1176.00,98.00,60.00,51.00,0.9029,1,1
297,37,1182.00,140.00,41.00,39.00,0.7014,1,1
297,38,1181.00,142.00,43.00,45.00,0.6900,1,1
297,42,1209.00,287.00,35.00,26.00,0.5628,1,1
297,43,714.00,478.00,44.00,51.00,0.3672,1,1
297,46,1200.00,285.00,33.00,26.00,0.7214,1,1
298,1,389.00,449.00,77.00,104.00,0.9269,1,1
298,2,745.00,280.00,80.00,66.00,0.9082,1,1
298,4,445.00,216.00,54.00,65.00,0.8948,1,1
298,5,153.00,361.00,71.00,61.00,0.9029,1,1
298,6,182.00,398.00,39.00,41.00,0.7375,1,1
298,12,176.00,410.00,40.00,31.00,0.3963,1,1
298,14,451.00,273.00,42.00,23.00,0.5758,1,1
298,16,194.00,394.00,29.00,40.00,0.2569,1,1
298,17,223.00,512.00,31.00,41.00,0.7938,1,1
298,21,407.00,378.00,34.00,30.00,0.3797,1,1
298,24,869.00,314.00,69.00,80.00,0.9088,1,1
298,27,1184.00,147.00,37.00,45.00,0.3579,1,1
298,34,1203.00,286.00,33.00,27.00,0.3306,1,1
298,36,1172.00,101.00,62.00,51.00,0.8941,1,1
298,37,1178.00,136.00,42.00,40.00,0.7988,1,1
298,42,1192.00,290.00,34.00,24.00,0.3175,1,1
298,43,715.00,481.00,42.00,48.00,0.5641,1,1
298,46,1197.00,289.00,34.00,27.00,0.7214,1,1
299,1,387.00,451.00,78.00,105.00,0.9333,1,1
299,2,745.00,280.00,79.00,66.00,0.9173,1,1
299,4,442.00,217.00,54.00,64.00,0.8821,1,1
299,5,153.00,361.00,71.00,61.00,0.8958,1,1
299,6,184.00,398.00,38.00,41.00,0.7378,1,1
299,12,177.00,410.00,38.00,32.00,0.3821,1,1
299,14,449.00,274.00,43.00,21.00,0.3453,1,1
299,16,175.00,404.00,28.00,40.00,0.2569,1,1
299,17,221.00,513.00,29.00,39.00,0.7554,1,1
299,21,408.00,378.00,34.00,33.00,0.4751,1,1
299,24,875.00,313.00,68.00,80.00,0.9081,1,1
299,27,1180.00,149.00,40.00,50.00,0.6286,1,1
299,34,1186.00,294.00,40.00,26.00,0.6894,1,1
299,36,1169.00,103.00,63.00,50.00,0.8777,1,1
299,37,1175.00,140.00,42.00,40.00,0.7988,1,1
299,38,1175.00,143.00,46.00,43.00,0.7503,1,1
299,42,1196.00,297.00,35.00,23.00,0.3175,1,1
299,43,714.00,480.00,41.00,48.00,0.3992,1,1
299,46,1195.00,291.00,37.00,27.00,0.3598,1,1
300,1,386.00,451.00,78.00,105.00,0.9407,1,1
300,2,746.00,279.00,78.00,67.00,0.9257,1,1
300,4,438.00,217.00,56.00,65.00,0.8750,1,1
300,5,153.00,360.00,71.00,62.00,0.8974,1,1
300,6,184.00,399.00,38.00,40.00,0.7203,1,1
300,12,178.00,409.00,38.00,33.00,0.3638,1,1
300,14,444.00,272.00,40.00,24.00,0.5583,1,1
300,17,219.00,514.00,30.00,38.00,0.7699,1,1
300,21,407.00,378.00,34.00,34.00,0.6019,1,1
300,24,882.00,312.00,67.00,79.00,0.9098,1,1
300,27,1174.00,150.00,43.00,54.00,0.4206,1,1
300,34,1187.00,300.00,36.00,25.00,0.3462,1,1
300,36,1165.00,106.00,63.00,50.00,0.8786,1,1
300,38,1171.00,145.00,45.00,45.00,0.5945,1,1
300,43,715.00,480.00,40.00,48.00,0.5129,1,1
300,46,1191.00,296.00,37.00,27.00,0.4571,1,1
301,1,384.00,452.00,79.00,104.00,0.9463,1,1
301,2,746.00,278.00,78.00,68.00,0.9131,1,1
301,4,436.00,217.00,54.00,65.00,0.8744,1,1
301,5,153.00,361.00,71.00,61.00,0.8972,1,1
301,6,183.00,399.00,39.00,41.00,0.7286,1,1
301,12,177.00,409.00,38.00,32.00,0.4159,1,1
301,14,442.00,272.00,40.00,25.00,0.5827,1,1
301,17,219.00,514.00,30.00,38.00,0.7698,1,1
301,21,408.00,379.00,32.00,33.00,0.5972,1,1
301,24,886.00,310.00,69.00,78.00,0.9343,1,1
301,27,1165.00,151.00,48.00,53.00,0.3637,1,1
301,34,1193.00,303.00,29.00,27.00,0.4254,1,1
301,36,1160.00,111.00,63.00,50.00,0.8878,1,1
301,37,1165.00,145.00,41.00,37.00,0.2589,1,1
301,38,1165.00,147.00,47.00,45.00,0.8404,1,1
301,42,1111.00,292.00,32.00,29.00,0.3857,1,1
301,43,715.00,481.00,40.00,46.00,0.5862,1,1
301,46,1184.00,304.00,36.00,27.00,0.3518,1,1
302,1,383.00,452.00,79.00,105.00,0.9431,1,1
302,2,745.00,277.00,77.00,68.00,0.9002,1,1
302,4,432.00,218.00,56.00,63.00,0.8820,1,1
302,5,153.00,360.00,71.00,62.00,0.9016,1,1
302,6,182.00,399.00,39.00,41.00,0.7158,1,1
302,12,173.00,410.00,40.00,32.00,0.4756,1,1
302,14,443.00,274.00,38.00,25.00,0.4995,1,1
302,17,219.00,514.00,31.00,38.00,0.7688,1,1
302,21,407.00,379.00,33.00,33.00,0.6430,1,1
302,24,892.00,306.00,67.00,80.00,0.9445,1,1
302,27,1166.00,162.00,43.00,51.00,0.6893,1,1
302,34,1186.00,309.00,33.00,26.00,0.5983,1,1
302,36,1155.00,116.00,65.00,51.00,0.8852,1,1
302,37,1162.00,148.00,40.00,37.00,0.2589,1,1
302,38,1161.00,156.00,48.00,48.00,0.8175,1,1
302,42,1106.00,308.00,34.00,23.00,0.2507,1,1
302,43,715.00,482.00,40.00,45.00,0.6382,1,1
302,46,1180.00,308.00,37.00,28.00,0.3518,1,1
303,1,381.00,453.00,79.00,104.00,0.9450,1,1
303,2,745.00,276.00,76.00,69.00,0.8951,1,1
303,4,430.00,217.00,55.00,64.00,0.8800,1,1
303,5,153.00,360.00,71.00,62.00,0.8978,1,1
303,6,180.00,398.00,41.00,42.00,0.7386,1,1
303,12,171.00,411.00,40.00,31.00,0.5982,1,1
303,14,439.00,274.00,41.00,24.00,0.5061,1,1
303,16,169.00,415.00,33.00,31.00,0.2750,1,1
303,17,219.00,514.00,31.00,38.00,0.7628,1,1
303,21,405.00,379.00,33.00,32.00,0.5830,1,1
303,24,897.00,300.00,68.00,80.00,0.8982,1,1
303,27,1155.00,165.00,46.00,52.00,0.3758,1,1
303,34,1185.00,316.00,31.00,28.00,0.5291,1,1
303,36,1148.00,124.00,67.00,50.00,0.8956,1,1
303,37,1153.00,160.00,38.00,37.00,0.5296,1,1
303,38,1154.00,162.00,45.00,44.00,0.8461,1,1
303,42,1100.00,314.00,35.00,22.00,0.2507,1,1
303,43,715.00,482.00,41.00,46.00,0.7027,1,1
303,46,1175.00,317.00,39.00,30.00,0.4031,1,1
304,1,381.00,454.00,77.00,104.00,0.9411,1,1
304,2,744.00,276.00,77.00,67.00,0.8972,1,1
304,4,426.00,218.00,56.00,63.00,0.8793,1,1
304,5,153.00,360.00,70.00,62.00,0.8994,1,1
304,6,180.00,398.00,40.00,43.00,0.7185,1,1
304,12,170.00,411.00,40.00,32.00,0.5820,1,1
304,14,432.00,271.00,41.00,26.00,0.5810,1,1
304,16,169.00,416.00,31.00,30.00,0.2698,1,1
304,17,220.00,514.00,30.00,39.00,0.7690,1,1
304,21,403.00,378.00,31.00,32.00,0.3968,1,1
304,24,900.00,296.00,67.00,80.00,0.9117,1,1
304,26,494.00,354.00,26.00,38.00,0.3670,1,1
304,27,1150.00,169.00,47.00,52.00,0.3758,1,1
304,34,1180.00,325.00,32.00,27.00,0.6260,1,1
304,36,1141.00,131.00,67.00,48.00,0.9097,1,1
304,37,1149.00,165.00,38.00,36.00,0.5296,1,1
304,38,1148.00,166.00,40.00,44.00,0.8034,1,1
304,43,715.00,484.00,41.00,43.00,0.6853,1,1
304,46,1171.00,325.00,38.00,30.00,0.3164,1,1
305,1,380.00,456.00,77.00,103.00,0.9324,1,1
305,2,744.00,275.00,76.00,67.00,0.9055,1,1
305,4,424.00,217.00,55.00,64.00,0.8756,1,1
305,5,152.00,361.00,71.00,61.00,0.8963,1,1
305,6,180.00,399.00,40.00,42.00,0.7197,1,1
305,12,177.00,410.00,39.00,32.00,0.2623,1,1
305,14,430.00,272.00,41.00,26.00,0.6385,1,1
305,16,170.00,411.00,40.00,32.00,0.5769,1,1
305,17,219.00,514.00,31.00,39.00,0.7736,1,1
305,21,403.00,381.00,32.00,30.00,0.5071,1,1
305,24,903.00,291.00,69.00,81.00,0.9399,1,1
305,26,492.00,358.00,26.00,37.00,0.5220,1,1
305,27,1152.00,190.00,38.00,46.00,0.4356,1,1
305,34,1177.00,330.00,32.00,28.00,0.6260,1,1
305,36,1133.00,137.00,67.00,52.00,0.8904,1,1
305,38,1141.00,176.00,48.00,43.00,0.5622,1,1
305,42,1167.00,341.00,28.00,22.00,0.3931,1,1
305,43,715.00,484.00,41.00,43.00,0.5672,1,1
305,46,1177.00,331.00,31.00,32.00,0.5658,1,1
306,1,378.00,456.00,79.00,103.00,0.9242,1,1
306,2,743.00,274.00,76.00,68.00,0.9070,1,1
306,4,421.00,217.00,55.00,63.00,0.8885,1,1
306,5,152.00,361.00,71.00,60.00,0.8866,1,1
306,6,181.00,398.00,39.00,42.00,0.7034,1,1
306,12,169.00,411.00,38.00,33.00,0.5921,1,1
306,14,430.00,273.00,39.00,25.00,0.6433,1,1
306,16,168.00,416.00,31.00,31.00,0.2789,1,1
306,17,219.00,514.00,31.00,39.00,0.7671,1,1
306,21,403.00,383.00,37.00,29.00,0.5741,1,1
306,24,904.00,286.00,70.00,80.00,0.9110,1,1
306,26,490.00,360.00,26.00,35.00,0.6799,1,1
306,27,1144.00,196.00,41.00,46.00,0.6637,1,1
306,34,1180.00,338.00,27.00,29.00,0.2935,1,1
306,36,1126.00,142.00,65.00,51.00,0.8777,1,1
306,37,1133.00,179.00,46.00,42.00,0.7641,1,1
306,38,1135.00,186.00,48.00,45.00,0.5024,1,1
306,42,1162.00,349.00,32.00,23.00,0.5482,1,1
306,43,715.00,484.00,41.00,42.00,0.4804,1,1
306,46,1092.00,332.00,33.00,31.00,0.3010,1,1
307,1,377.00,457.00,78.00,103.00,0.9062,1,1
307,2,741.00,273.00,76.00,68.00,0.9133,1,1
307,4,419.00,216.00,56.00,63.00,0.8941,1,1
307,5,151.00,361.00,72.00,61.00,0.8895,1,1
307,6,181.00,398.00,38.00,42.00,0.6894,1,1
307,12,168.00,412.00,36.00,32.00,0.6232,1,1
307,14,427.00,271.00,39.00,25.00,0.6485,1,1
307,16,167.00,417.00,32.00,30.00,0.3674,1,1
307,17,219.00,514.00,31.00,39.00,0.7485,1,1
307,21,403.00,385.00,39.00,28.00,0.4604,1,1
307,24,906.00,281.00,70.00,81.00,0.9389,1,1
307,26,490.00,361.00,29.00,33.00,0.7387,1,1
307,27,1137.00,203.00,40.00,45.00,0.7370,1,1
307,34,1178.00,344.00,26.00,29.00,0.2935,1,1
307,36,1117.00,146.00,68.00,48.00,0.8930,1,1
307,37,1126.00,186.00,47.00,40.00,0.6956,1,1
307,38,1127.00,191.00,51.00,48.00,0.5552,1,1
307,42,1163.00,352.00,39.00,24.00,0.4092,1,1
307,43,715.00,485.00,40.00,42.00,0.5464,1,1
307,46,1085.00,336.00,32.00,31.00,0.2783,1,1
308,1,375.00,457.00,78.00,103.00,0.8969,1,1
308,2,740.00,273.00,75.00,66.00,0.9202,1,1
308,4,417.00,216.00,57.00,62.00,0.9023,1,1
308,5,150.00,361.00,72.00,60.00,0.8882,1,1
308,6,182.00,398.00,37.00,42.00,0.6996,1,1
308,12,168.00,412.00,35.00,34.00,0.6676,1,1
308,14,428.00,271.00,39.00,25.00,0.6299,1,1
308,16,167.00,418.00,31.00,30.00,0.3430,1,1
308,17,219.00,513.00,31.00,40.00,0.7491,1,1
308,21,401.00,385.00,37.00,28.00,0.3048,1,1
308,24,906.00,279.00,72.00,79.00,0.9393,1,1
308,26,490.00,360.00,31.00,34.00,0.8914,1,1
308,27,1128.00,200.00,43.00,51.00,0.4283,1,1
308,36,1110.00,148.00,67.00,48.00,0.8844,1,1
308,37,1121.00,192.00,47.00,40.00,0.6956,1,1
308,38,1119.00,190.00,51.00,48.00,0.8125,1,1
308,42,1165.00,359.00,40.00,24.00,0.4092,1,1
308,43,715.00,485.00,41.00,43.00,0.6156,1,1
308,46,1072.00,341.00,33.00,32.00,0.2783,1,1
309,1,374.00,458.00,79.00,103.00,0.8981,1,1
309,2,738.00,273.00,76.00,66.00,0.9174,1,1
309,4,415.00,216.00,57.00,62.00,0.8985,1,1
309,5,149.00,361.00,73.00,61.00,0.8866,1,1
309,6,182.00,397.00,37.00,42.00,0.6999,1,1
309,10,176.00,402.00,39.00,39.00,0.3333,1,1
309,12,167.00,413.00,34.00,34.00,0.7003,1,1
309,14,426.00,271.00,40.00,26.00,0.6271,1,1
309,16,164.00,423.00,31.00,30.00,0.3430,1,1
309,17,219.00,513.00,31.00,39.00,0.7400,1,1
309,21,400.00,385.00,39.00,28.00,0.2723,1,1
309,24,905.00,275.00,73.00,78.00,0.9178,1,1
309,26,493.00,358.00,31.00,35.00,0.8961,1,1
309,27,1124.00,204.00,40.00,49.00,0.4338,1,1
309,36,1104.00,151.00,68.00,48.00,0.9064,1,1
309,37,1113.00,190.00,49.00,43.00,0.6917,1,1
309,38,1113.00,195.00,52.00,49.00,0.8125,1,1
309,43,714.00,487.00,42.00,41.00,0.6719,1,1
310,1,373.00,459.00,80.00,103.00,0.9073,1,1
310,2,737.00,272.00,75.00,66.00,0.9119,1,1
310,4,414.00,216.00,56.00,62.00,0.8938,1,1
310,5,149.00,361.00,72.00,61.00,0.8838,1,1
310,6,182.00,397.00,37.00,42.00,0.7166,1,1
310,10,176.00,402.00,39.00,38.00,0.3282,1,1
310,12,167.00,413.00,34.00,34.00,0.6986,1,1
310,14,425.00,270.00,41.00,26.00,0.6359,1,1
310,17,218.00,512.00,30.00,40.00,0.7282,1,1
310,21,399.00,386.00,40.00,27.00,0.2723,1,1
310,24,905.00,271.00,72.00,78.00,0.9227,1,1
310,26,495.00,356.00,31.00,35.00,0.8121,1,1
310,27,1120.00,204.00,41.00,55.00,0.4948,1,1
310,36,1098.00,154.00,68.00,52.00,0.8876,1,1
310,37,1107.00,194.00,50.00,43.00,0.6917,1,1
310,38,1108.00,191.00,49.00,47.00,0.7248,1,1
310,43,714.00,487.00,42.00,41.00,0.6828,1,1
311,1,373.00,459.00,77.00,103.00,0.9084,1,1
311,2,735.00,272.00,75.00,65.00,0.9194,1,1
311,4,412.00,216.00,57.00,62.00,0.8888,1,1
311,5,149.00,361.00,72.00,61.00,0.8827,1,1
311,6,182.00,398.00,37.00,41.00,0.7241,1,1
311,10,177.00,403.00,37.00,37.00,0.3400,1,1
311,12,168.00,413.00,34.00,33.00,0.7175,1,1
311,14,422.00,269.00,43.00,27.00,0.6413,1,1
311,17,218.00,511.00,30.00,39.00,0.7139,1,1
311,24,904.00,268.00,73.00,77.00,0.9442,1,1
311,26,490.00,354.00,32.00,35.00,0.8121,1,1
311,27,1110.00,210.00,43.00,46.00,0.5272,1,1
311,36,1091.00,158.00,69.00,50.00,0.8905,1,1
311,37,1100.00,197.00,51.00,44.00,0.6867,1,1
311,38,1103.00,204.00,48.00,44.00,0.4581,1,1
311,43,714.00,487.00,42.00,42.00,0.7005,1,1
312,1,372.00,459.00,78.00,104.00,0.9094,1,1
312,2,733.00,271.00,75.00,65.00,0.9200,1,1
312,4,412.00,216.00,55.00,61.00,0.8848,1,1
312,5,149.00,361.00,71.00,61.00,0.8880,1,1
312,6,181.00,399.00,37.00,41.00,0.7219,1,1
312,10,174.00,410.00,41.00,34.00,0.3185,1,1
312,12,168.00,414.00,33.00,33.00,0.7326,1,1
312,14,421.00,269.00,42.00,27.00,0.6642,1,1
312,16,167.00,421.00,32.00,31.00,0.2855,1,1
312,17,218.00,510.00,30.00,40.00,0.6805,1,1
312,24,903.00,265.00,73.00,77.00,0.9404,1,1
312,27,1110.00,219.00,33.00,46.00,0.4804,1,1
312,36,1086.00,162.00,70.00,50.00,0.9222,1,1
312,37,1094.00,201.00,53.00,44.00,0.6867,1,1
312,38,1096.00,204.00,47.00,43.00,0.5496,1,1
312,43,714.00,487.00,41.00,42.00,0.6619,1,1
313,1,371.00,460.00,79.00,104.00,0.9128,1,1
313,2,732.00,271.00,76.00,64.00,0.9181,1,1
313,4,412.00,216.00,54.00,61.00,0.8904,1,1
313,5,149.00,361.00,71.00,62.00,0.8881,1,1
313,6,180.00,400.00,38.00,40.00,0.7120,1,1
313,10,175.00,405.00,38.00,35.00,0.3526,1,1
313,12,168.00,414.00,35.00,32.00,0.7381,1,1
313,14,418.00,268.00,43.00,27.00,0.6886,1,1
313,16,167.00,421.00,33.00,31.00,0.2580,1,1
313,17,219.00,510.00,28.00,38.00,0.6677,1,1
313,24,902.00,262.00,72.00,77.00,0.9283,1,1
313,27,1104.00,224.00,34.00,46.00,0.4804,1,1
313,36,1081.00,167.00,69.00,49.00,0.8938,1,1
313,37,1095.00,211.00,47.00,49.00,0.5222,1,1
313,38,1090.00,208.00,48.00,43.00,0.5496,1,1
313,43,714.00,488.00,41.00,41.00,0.6881,1,1
314,1,371.00,459.00,78.00,105.00,0.9089,1,1
314,2,730.00,271.00,76.00,63.00,0.9089,1,1
314,4,411.00,216.00,55.00,60.00,0.8892,1,1
314,5,149.00,361.00,71.00,62.00,0.8859,1,1
314,6,182.00,401.00,37.00,39.00,0.7097,1,1
314,10,172.00,403.00,39.00,35.00,0.3526,1,1
314,12,167.00,414.00,35.00,32.00,0.7381,1,1
314,14,420.00,267.00,43.00,28.00,0.6993,1,1
314,16,169.00,416.00,33.00,30.00,0.6653,1,1
314,17,221.00,508.00,27.00,38.00,0.5568,1,1
314,24,899.00,260.00,73.00,76.00,0.9067,1,1
314,34,1070.00,392.00,34.00,33.00,0.2828,1,1
314,36,1075.00,175.00,72.00,51.00,0.8944,1,1
314,37,1091.00,216.00,45.00,49.00,0.4825,1,1
314,42,1146.00,403.00,33.00,20.00,0.4365,1,1
314,43,714.00,488.00,40.00,41.00,0.7240,1,1
315,1,370.00,459.00,80.00,104.00,0.9081,1,1
315,2,728.00,271.00,76.00,63.00,0.9208,1,1
315,4,411.00,215.00,53.00,60.00,0.8815,1,1
315,5,148.00,361.00,72.00,62.00,0.8868,1,1
315,6,182.00,401.00,37.00,39.00,0.7005,1,1
315,12,169.00,414.00,34.00,32.00,0.6702,1,1
315,14,417.00,266.00,43.00,29.00,0.7064,1,1
315,16,169.00,419.00,30.00,30.00,0.3456,1,1
315,17,226.00,506.00,27.00,38.00,0.2887,1,1
315,24,897.00,255.00,69.00,75.00,0.9168,1,1
315,26,514.00,345.00,38.00,33.00,0.3907,1,1
315,34,1060.00,399.00,34.00,33.00,0.2828,1,1
315,36,1074.00,183.00,70.00,51.00,0.8978,1,1
315,37,1086.00,223.00,47.00,51.00,0.7670,1,1
315,42,1139.00,412.00,34.00,21.00,0.6176,1,1
315,43,714.00,487.00,41.00,42.00,0.7532,1,1
315,46,1064.00,406.00,37.00,29.00,0.5426,1,1
316,1,371.00,460.00,79.00,102.00,0.9116,1,1
316,2,726.00,272.00,75.00,63.00,0.9113,1,1
316,4,411.00,216.00,53.00,60.00,0.8845,1,1
316,5,148.00,361.00,72.00,61.00,0.8853,1,1
316,6,183.00,402.00,36.00,38.00,0.7136,1,1
316,12,170.00,415.00,33.00,30.00,0.6858,1,1
316,14,418.00,268.00,42.00,27.00,0.7232,1,1
316,16,169.00,420.00,30.00,28.00,0.3765,1,1
316,17,232.00,499.00,25.00,40.00,0.4962,1,1
316,21,393.00,382.00,35.00,32.00,0.3728,1,1
316,24,895.00,251.00,70.00,77.00,0.9280,1,1
316,26,518.00,343.00,34.00,33.00,0.7147,1,1
316,27,1096.00,242.00,34.00,56.00,0.5476,1,1
316,36,1071.00,191.00,71.00,52.00,0.8868,1,1
316,37,1086.00,232.00,43.00,49.00,0.5816,1,1
316,42,1137.00,419.00,35.00,22.00,0.6176,1,1
316,43,714.00,487.00,41.00,42.00,0.7527,1,1
316,46,1061.00,419.00,37.00,26.00,0.4806,1,1
317,1,372.00,459.00,82.00,101.00,0.9226,1,1
317,2,725.00,272.00,75.00,63.00,0.9055,1,1
317,4,410.00,216.00,52.00,59.00,0.8856,1,1
317,5,148.00,361.00,72.00,61.00,0.8797,1,1
317,6,184.00,400.00,35.00,39.00,0.7310,1,1
317,10,178.00,408.00,38.00,34.00,0.2568,1,1
317,12,170.00,413.00,34.00,31.00,0.6667,1,1
317,14,418.00,267.00,41.00,28.00,0.7322,1,1
317,16,170.00,419.00,29.00,29.00,0.3194,1,1
317,17,235.00,498.00,30.00,36.00,0.8732,1,1
317,21,390.00,382.00,36.00,33.00,0.4699,1,1
317,24,892.00,247.00,68.00,77.00,0.9119,1,1
317,26,519.00,342.00,34.00,32.00,0.7817,1,1
317,27,1091.00,247.00,35.00,57.00,0.5476,1,1
317,36,1069.00,199.00,69.00,53.00,0.8710,1,1
317,37,1080.00,237.00,44.00,55.00,0.7053,1,1
317,43,714.00,487.00,42.00,42.00,0.7384,1,1
317,46,1056.00,427.00,37.00,25.00,0.4806,1,1
318,1,373.00,460.00,81.00,99.00,0.9483,1,1
318,2,722.00,272.00,77.00,62.00,0.8959,1,1
318,4,408.00,216.00,54.00,59.00,0.8897,1,1
318,5,147.00,361.00,73.00,61.00,0.8764,1,1
318,6,184.00,401.00,35.00,38.00,0.7235,1,1
318,10,177.00,408.00,38.00,33.00,0.2568,1,1
318,12,171.00,413.00,33.00,31.00,0.5947,1,1
318,14,418.00,268.00,40.00,27.00,0.7526,1,1
318,16,169.00,421.00,29.00,28.00,0.3194,1,1
318,17,237.00,490.00,36.00,39.00,0.3966,1,1
318,21,389.00,382.00,36.00,36.00,0.5501,1,1
318,24,890.00,243.00,68.00,76.00,0.8993,1,1
318,26,519.00,341.00,34.00,32.00,0.7636,1,1
318,36,1067.00,206.00,71.00,56.00,0.8365,1,1
318,37,1076.00,246.00,50.00,53.00,0.4485,1,1
318,38,1082.00,257.00,44.00,48.00,0.5699,1,1
318,43,714.00,486.00,42.00,43.00,0.7794,1,1
319,1,376.00,461.00,82.00,99.00,0.9475,1,1
319,2,721.00,273.00,77.00,63.00,0.8967,1,1
319,4,405.00,217.00,55.00,57.00,0.8891,1,1
319,5,147.00,361.00,72.00,63.00,0.8716,1,1
319,6,185.00,401.00,34.00,37.00,0.7290,1,1
319,10,180.00,409.00,36.00,33.00,0.2546,1,1
319,12,170.00,415.00,33.00,31.00,0.6398,1,1
319,14,418.00,267.00,39.00,29.00,0.7767,1,1
319,16,170.00,420.00,29.00,28.00,0.2779,1,1
319,17,238.00,488.00,37.00,40.00,0.3966,1,1
319,21,387.00,385.00,36.00,34.00,0.6648,1,1
319,24,889.00,239.00,67.00,77.00,0.9321,1,1
319,26,524.00,340.00,35.00,33.00,0.7527,1,1
319,27,1087.00,272.00,37.00,51.00,0.6353,1,1
319,36,1065.00,212.00,70.00,57.00,0.8787,1,1
319,37,1072.00,252.00,50.00,53.00,0.4485,1,1
319,38,1071.00,254.00,53.00,49.00,0.5004,1,1
319,42,1116.00,451.00,42.00,23.00,0.4367,1,1
319,43,714.00,486.00,43.00,43.00,0.7956,1,1
320,1,378.00,462.00,86.00,98.00,0.9551,1,1
320,2,719.00,273.00,79.00,63.00,0.8918,1,1
320,4,404.00,217.00,53.00,57.00,0.9038,1,1
320,5,147.00,360.00,72.00,63.00,0.8738,1,1
320,6,184.00,401.00,35.00,37.00,0.7362,1,1
320,10,179.00,408.00,37.00,34.00,0.3271,1,1
320,12,170.00,414.00,34.00,32.00,0.6515,1,1
320,14,416.00,269.00,39.00,29.00,0.7673,1,1
320,16,170.00,419.00,30.00,29.00,0.2774,1,1
320,21,384.00,387.00,38.00,36.00,0.4441,1,1
320,24,887.00,235.00,66.00,77.00,0.9297,1,1
320,26,525.00,339.00,36.00,34.00,0.7368,1,1
320,27,1086.00,276.00,34.00,49.00,0.8491,1,1
320,34,1121.00,447.00,39.00,33.00,0.3689,1,1
320,36,1060.00,218.00,75.00,55.00,0.8672,1,1
320,37,1071.00,258.00,50.00,51.00,0.2769,1,1
320,38,1068.00,259.00,54.00,47.00,0.3588,1,1
320,42,1107.00,455.00,37.00,28.00,0.6449,1,1
320,43,714.00,485.00,43.00,44.00,0.7701,1,1
320,46,1108.00,449.00,49.00,33.00,0.3896,1,1
321,1,381.00,463.00,89.00,97.00,0.9467,1,1
321,2,719.00,274.00,77.00,62.00,0.8912,1,1
321,4,402.00,218.00,52.00,57.00,0.8981,1,1
321,5,145.00,360.00,74.00,65.00,0.8745,1,1
321,6,184.00,401.00,35.00,38.00,0.7545,1,1
321,10,179.00,408.00,37.00,34.00,0.3364,1,1
321,12,170.00,414.00,35.00,32.00,0.6867,1,1
321,14,412.00,269.00,40.00,30.00,0.7614,1,1
321,16,170.00,419.00,29.00,30.00,0.2840,1,1
321,17,255.00,484.00,44.00,38.00,0.5304,1,1
321,21,382.00,390.00,38.00,36.00,0.6982,1,1
321,24,887.00,232.00,66.00,75.00,0.9069,1,1
321,26,525.00,337.00,37.00,34.00,0.7237,1,1
321,27,1082.00,282.00,34.00,49.00,0.8491,1,1
321,34,1121.00,454.00,41.00,34.00,0.3689,1,1
321,36,1058.00,222.00,75.00,57.00,0.8886,1,1
321,37,1070.00,268.00,46.00,52.00,0.6621,1,1
321,38,1064.00,264.00,55.00,48.00,0.3588,1,1
321,42,1098.00,465.00,44.00,26.00,0.7070,1,1
321,43,714.00,486.00,42.00,43.00,0.7488,1,1
321,46,1110.00,457.00,50.00,33.00,0.3896,1,1
322,1,386.00,462.00,89.00,98.00,0.9562,1,1
322,2,718.00,274.00,77.00,62.00,0.8940,1,1
322,4,399.00,220.00,52.00,56.00,0.8956,1,1
322,5,145.00,360.00,74.00,66.00,0.8753,1,1
322,6,184.00,401.00,36.00,39.00,0.7624,1,1
322,10,180.00,407.00,37.00,35.00,0.3357,1,1
322,12,173.00,412.00,34.00,34.00,0.6820,1,1
322,14,410.00,271.00,39.00,30.00,0.7626,1,1
322,16,170.00,419.00,30.00,30.00,0.2573,1,1
322,17,266.00,482.00,39.00,40.00,0.7944,1,1
322,21,381.00,390.00,35.00,36.00,0.5620,1,1
322,24,887.00,228.00,66.00,75.00,0.9018,1,1
322,26,524.00,336.00,38.00,34.00,0.7198,1,1
322,34,1107.00,461.00,37.00,31.00,0.3440,1,1
322,36,1057.00,225.00,74.00,60.00,0.9038,1,1
322,37,1063.00,263.00,50.00,56.00,0.6589,1,1
322,38,1063.00,268.00,50.00,50.00,0.2652,1,1
322,42,1089.00,475.00,35.00,24.00,0.7293,1,1
322,43,714.00,486.00,42.00,43.00,0.7211,1,1
323,1,389.00,464.00,93.00,94.00,0.9550,1,1
323,2,716.00,275.00,78.00,61.00,0.8991,1,1
323,4,396.00,222.00,52.00,54.00,0.9002,1,1
323,5,144.00,360.00,75.00,65.00,0.8783,1,1
323,6,183.00,400.00,36.00,40.00,0.7647,1,1
323,10,179.00,406.00,37.00,35.00,0.3357,1,1
323,12,174.00,411.00,36.00,35.00,0.6524,1,1
323,14,406.00,274.00,40.00,30.00,0.8193,1,1
323,16,169.00,419.00,31.00,31.00,0.2573,1,1
323,17,270.00,481.00,41.00,41.00,0.8700,1,1
323,21,379.00,396.00,38.00,34.00,0.7963,1,1
323,24,886.00,225.00,67.00,73.00,0.9286,1,1
323,26,524.00,336.00,38.00,34.00,0.6109,1,1
323,27,1071.00,294.00,41.00,50.00,0.6130,1,1
323,34,1100.00,471.00,36.00,27.00,0.4292,1,1
323,36,1053.00,230.00,75.00,57.00,0.9295,1,1
323,37,1059.00,270.00,51.00,55.00,0.4895,1,1
323,38,1065.00,290.00,43.00,46.00,0.2533,1,1
323,42,1086.00,485.00,32.00,22.00,0.3232,1,1
323,43,714.00,487.00,41.00,42.00,0.6800,1,1
323,46,1088.00,479.00,36.00,26.00,0.3976,1,1
323,53,165.00,526.00,45.00,27.00,0.3409,1,1
324,1,392.00,464.00,95.00,93.00,0.9494,1,1
324,2,716.00,275.00,77.00,61.00,0.8989,1,1
324,4,390.00,223.00,55.00,55.00,0.9166,1,1
324,5,144.00,361.00,75.00,65.00,0.8834,1,1
324,6,184.00,402.00,36.00,38.00,0.7516,1,1
324,10,181.00,410.00,34.00,34.00,0.5931,1,1
324,12,175.00,411.00,36.00,35.00,0.6524,1,1
324,14,403.00,275.00,41.00,30.00,0.8453,1,1
324,17,273.00,481.00,42.00,42.00,0.8901,1,1
324,21,378.00,398.00,39.00,34.00,0.7749,1,1
324,24,887.00,221.00,66.00,75.00,0.9186,1,1
324,26,524.00,337.00,38.00,34.00,0.5292,1,1
324,27,1067.00,301.00,42.00,49.00,0.6130,1,1
324,34,1099.00,478.00,35.00,27.00,0.4292,1,1
324,36,1049.00,236.00,75.00,59.00,0.9182,1,1
324,37,1055.00,276.00,45.00,53.00,0.7799,1,1
324,38,1062.00,297.00,42.00,46.00,0.2533,1,1
324,42,1070.00,493.00,40.00,24.00,0.5889,1,1
324,43,714.00,486.00,42.00,43.00,0.6992,1,1
324,46,1087.00,487.00,36.00,26.00,0.3976,1,1
324,53,166.00,526.00,45.00,28.00,0.5033,1,1
325,1,396.00,465.00,95.00,93.00,0.9468,1,1
325,2,716.00,276.00,76.00,61.00,0.9048,1,1
325,4,388.00,225.00,54.00,54.00,0.9051,1,1
325,5,145.00,361.00,74.00,64.00,0.8803,1,1
325,6,184.00,402.00,36.00,38.00,0.8431,1,1
325,10,180.00,410.00,35.00,34.00,0.5931,1,1
325,14,402.00,277.00,39.00,29.00,0.8839,1,1
325,17,277.00,485.00,39.00,42.00,0.8477,1,1
325,21,376.00,398.00,40.00,36.00,0.5156,1,1
325,24,886.00,219.00,67.00,72.00,0.9054,1,1
325,26,521.00,336.00,38.00,35.00,0.8085,1,1
325,36,1044.00,241.00,77.00,60.00,0.9249,1,1
325,37,1051.00,281.00,49.00,54.00,0.4606,1,1
325,42,1063.00,501.00,42.00,24.00,0.5889,1,1
325,43,714.00,486.00,42.00,43.00,0.7067,1,1
325,46,1064.00,490.00,50.00,34.00,0.5506,1,1
325,53,165.00,526.00,48.00,29.00,0.5373,1,1
326,1,401.00,465.00,93.00,92.00,0.9429,1,1
326,2,715.00,277.00,77.00,60.00,0.9085,1,1
326,4,385.00,230.00,54.00,50.00,0.8829,1,1
326,5,145.00,362.00,75.00,62.00,0.8777,1,1
326,6,183.00,403.00,37.00,38.00,0.8651,1,1
326,14,398.00,279.00,40.00,30.00,0.9032,1,1
326,17,277.00,488.00,40.00,44.00,0.8666,1,1
326,21,378.00,399.00,43.00,40.00,0.5018,1,1
326,24,886.00,216.00,66.00,72.00,0.9076,1,1
326,26,519.00,336.00,42.00,33.00,0.8036,1,1
326,36,1040.00,249.00,78.00,65.00,0.9115,1,1
326,37,1047.00,286.00,49.00,55.00,0.4606,1,1
326,38,1044.00,297.00,50.00,50.00,0.4775,1,1
326,43,714.00,486.00,42.00,43.00,0.7143,1,1
326,46,1061.00,498.00,52.00,35.00,0.5506,1,1
326,53,165.00,526.00,51.00,28.00,0.5810,1,1
327,1,402.00,466.00,95.00,92.00,0.9400,1,1
327,2,714.00,277.00,77.00,60.00,0.9112,1,1
327,4,381.00,233.00,56.00,51.00,0.8785,1,1
327,5,146.00,362.00,74.00,62.00,0.8706,1,1
327,6,182.00,403.00,38.00,40.00,0.8721,1,1
327,14,393.00,281.00,42.00,32.00,0.9070,1,1
327,17,276.00,489.00,41.00,43.00,0.8509,1,1
327,21,376.00,401.00,45.00,39.00,0.5018,1,1
327,24,886.00,214.00,68.00,72.00,0.9105,1,1
327,26,516.00,336.00,44.00,33.00,0.7477,1,1
327,36,1033.00,257.00,76.00,63.00,0.9321,1,1
327,38,1035.00,303.00,54.00,52.00,0.5566,1,1
327,43,714.00,486.00,42.00,43.00,0.7046,1,1
327,46,1043.00,515.00,40.00,33.00,0.5570,1,1
327,53,167.00,525.00,48.00,29.00,0.6425,1,1
328,1,405.00,465.00,95.00,93.00,0.9402,1,1
328,2,714.00,278.00,77.00,59.00,0.9146,1,1
328,4,376.00,236.00,58.00,51.00,0.8992,1,1
328,5,147.00,362.00,73.00,62.00,0.8674,1,1
328,6,181.00,407.00,38.00,37.00,0.8775,1,1
328,14,390.00,283.00,43.00,33.00,0.8500,1,1
328,17,277.00,490.00,40.00,43.00,0.8316,1,1
328,24,887.00,213.00,68.00,71.00,0.8989,1,1
328,26,511.00,337.00,44.00,31.00,0.7893,1,1
328,36,1023.00,266.00,80.00,63.00,0.9413,1,1
328,38,1025.00,310.00,51.00,51.00,0.5202,1,1
328,43,714.00,486.00,43.00,43.00,0.6993,1,1
328,46,1037.00,524.00,41.00,33.00,0.5570,1,1
328,53,170.00,527.00,51.00,29.00,0.7015,1,1
329,1,408.00,466.00,94.00,90.00,0.9335,1,1
329,2,714.00,279.00,77.00,59.00,0.9163,1,1
329,4,375.00,238.00,55.00,52.00,0.9035,1,1
329,5,148.00,362.00,73.00,62.00,0.8639,1,1
329,6,182.00,407.00,38.00,37.00,0.8940,1,1
329,14,390.00,285.00,40.00,34.00,0.8372,1,1
329,17,277.00,491.00,41.00,45.00,0.8157,1,1
329,24,888.00,211.00,67.00,69.00,0.9122,1,1
329,26,510.00,337.00,45.00,32.00,0.6977,1,1
329,36,1012.00,276.00,82.00,70.00,0.8758,1,1
329,38,1012.00,324.00,53.00,51.00,0.7533,1,1
329,43,714.00,486.00,43.00,43.00,0.6682,1,1
329,46,1023.00,541.00,39.00,30.00,0.5639,1,1
329,53,174.00,526.00,51.00,30.00,0.6628,1,1
330,1,410.00,466.00,94.00,93.00,0.9369,1,1
330,2,713.00,278.00,78.00,60.00,0.9188,1,1
330,4,373.00,240.00,55.00,55.00,0.8802,1,1
330,5,150.00,362.00,71.00,64.00,0.8629,1,1
330,6,183.00,406.00,38.00,38.00,0.9218,1,1
330,14,387.00,288.00,39.00,31.00,0.8963,1,1
330,17,276.00,491.00,42.00,45.00,0.7967,1,1
330,21,394.00,415.00,53.00,42.00,0.4184,1,1
330,24,889.00,208.00,68.00,69.00,0.9117,1,1
330,26,508.00,338.00,41.00,31.00,0.7861,1,1
330,36,999.00,284.00,83.00,66.00,0.9318,1,1
330,37,1000.00,325.00,52.00,58.00,0.3580,1,1
330,38,1006.00,330.00,53.00,52.00,0.7533,1,1
330,43,714.00,486.00,43.00,43.00,0.7189,1,1
330,46,1013.00,551.00,41.00,30.00,0.4419,1,1
330,53,175.00,524.00,55.00,30.00,0.5077,1,1
331,1,414.00,466.00,95.00,92.00,0.9334,1,1
331,2,713.00,279.00,78.00,59.00,0.9200,1,1
331,4,371.00,242.00,54.00,53.00,0.8654,1,1
331,5,152.00,362.00,70.00,64.00,0.8667,1,1
331,6,182.00,406.00,39.00,38.00,0.9187,1,1
331,14,383.00,290.00,42.00,30.00,0.8910,1,1
331,17,276.00,491.00,42.00,46.00,0.7858,1,1
331,21,395.00,417.00,54.00,43.00,0.4184,1,1
331,24,889.00,205.00,68.00,65.00,0.9069,1,1
331,26,506.00,340.00,43.00,29.00,0.7406,1,1
331,36,988.00,291.00,82.00,69.00,0.8849,1,1
331,37,993.00,332.00,53.00,58.00,0.3580,1,1
331,43,714.00,485.00,43.00,44.00,0.7412,1,1
331,46,1006.00,560.00,41.00,31.00,0.4419,1,1
331,53,185.00,523.00,56.00,31.00,0.5952,1,1
332,1,417.00,467.00,97.00,92.00,0.9327,1,1
332,2,713.00,279.00,78.00,59.00,0.9217,1,1
332,4,369.00,243.00,55.00,52.00,0.8516,1,1
332,5,153.00,363.00,69.00,61.00,0.8590,1,1
332,6,182.00,406.00,39.00,39.00,0.9226,1,1
332,14,383.00,291.00,39.00,29.00,0.8351,1,1
332,16,192.00,525.00,53.00,29.00,0.5935,1,1
332,17,274.00,490.00,42.00,47.00,0.7381,1,1
332,24,889.00,203.00,70.00,64.00,0.9108,1,1
332,26,507.00,343.00,42.00,29.00,0.7171,1,1
332,36,977.00,294.00,82.00,65.00,0.9138,1,1
332,43,714.00,485.00,43.00,44.00,0.7459,1,1
332,46,997.00,570.00,39.00,30.00,0.2657,1,1
332,53,188.00,523.00,56.00,31.00,0.5952,1,1
333,1,419.00,467.00,96.00,90.00,0.9256,1,1
333,2,713.00,279.00,77.00,59.00,0.9212,1,1
333,4,366.00,244.00,56.00,52.00,0.8675,1,1
333,5,154.00,364.00,68.00,62.00,0.8724,1,1
333,6,182.00,406.00,40.00,40.00,0.9391,1,1
333,14,380.00,290.00,41.00,32.00,0.8427,1,1
333,16,191.00,526.00,57.00,30.00,0.4858,1,1
333,17,273.00,491.00,45.00,47.00,0.8077,1,1
333,21,411.00,422.00,53.00,46.00,0.4889,1,1
333,24,891.00,198.00,69.00,64.00,0.9278,1,1
333,26,508.00,344.00,46.00,31.00,0.5314,1,1
333,36,963.00,300.00,86.00,64.00,0.9206,1,1
333,42,985.00,578.00,39.00,29.00,0.6580,1,1
333,43,713.00,486.00,44.00,44.00,0.7216,1,1
333,46,989.00,579.00,40.00,30.00,0.2657,1,1
334,1,420.00,467.00,97.00,90.00,0.9408,1,1
334,2,713.00,279.00,77.00,58.00,0.9189,1,1
334,4,364.00,247.00,56.00,52.00,0.8680,1,1
334,5,155.00,365.00,67.00,62.00,0.8747,1,1
334,6,182.00,406.00,39.00,40.00,0.9338,1,1
334,14,378.00,292.00,41.00,32.00,0.8447,1,1
334,16,210.00,528.00,47.00,29.00,0.2798,1,1
334,17,269.00,489.00,47.00,46.00,0.7933,1,1
334,21,411.00,423.00,54.00,45.00,0.6786,1,1
334,24,891.00,195.00,68.00,61.00,0.8931,1,1
334,26,508.00,345.00,43.00,30.00,0.6684,1,1
334,36,953.00,303.00,84.00,73.00,0.8730,1,1
334,42,976.00,587.00,40.00,30.00,0.6580,1,1
334,43,713.00,485.00,44.00,45.00,0.7418,1,1
335,1,421.00,467.00,99.00,90.00,0.9462,1,1
335,2,713.00,279.00,77.00,58.00,0.9166,1,1
335,4,362.00,248.00,57.00,53.00,0.8797,1,1
335,5,155.00,366.00,67.00,63.00,0.8838,1,1
335,6,183.00,406.00,39.00,40.00,0.9455,1,1
335,14,379.00,292.00,39.00,33.00,0.8612,1,1
335,16,213.00,535.00,48.00,29.00,0.2798,1,1
335,17,266.00,487.00,46.00,48.00,0.8460,1,1
335,21,411.00,423.00,53.00,43.00,0.7255,1,1
335,24,891.00,192.00,68.00,61.00,0.9057,1,1
335,26,507.00,346.00,44.00,29.00,0.6318,1,1
335,27,961.00,369.00,54.00,73.00,0.2543,1,1
335,36,941.00,309.00,86.00,73.00,0.8958,1,1
335,43,713.00,486.00,44.00,44.00,0.7501,1,1
335,46,982.00,582.00,43.00,35.00,0.4726,1,1
336,1,424.00,466.00,99.00,92.00,0.9525,1,1
336,2,713.00,279.00,78.00,57.00,0.9192,1,1
336,4,362.00,249.00,57.00,54.00,0.8815,1,1
336,5,158.00,366.00,65.00,64.00,0.8890,1,1
336,6,184.00,406.00,39.00,42.00,0.9478,1,1
336,10,224.00,538.00,45.00,32.00,0.7863,1,1
336,12,188.00,398.00,35.00,37.00,0.2903,1,1
336,14,378.00,293.00,40.00,35.00,0.8298,1,1
336,17,264.00,489.00,49.00,46.00,0.6654,1,1
336,21,410.00,419.00,54.00,46.00,0.6302,1,1
336,24,891.00,190.00,69.00,60.00,0.9273,1,1
336,26,507.00,346.00,44.00,30.00,0.6901,1,1
336,27,952.00,375.00,56.00,75.00,0.2543,1,1
336,36,930.00,315.00,88.00,71.00,0.9173,1,1
336,42,957.00,602.00,39.00,29.00,0.2527,1,1
336,43,713.00,486.00,44.00,44.00,0.7161,1,1
336,46,976.00,590.00,43.00,36.00,0.4726,1,1
337,1,426.00,466.00,99.00,93.00,0.9551,1,1
337,2,713.00,279.00,78.00,57.00,0.9188,1,1
337,4,361.00,250.00,58.00,53.00,0.8923,1,1
337,5,159.00,367.00,65.00,64.00,0.8810,1,1
337,6,186.00,406.00,39.00,43.00,0.9380,1,1
337,10,228.00,539.00,45.00,33.00,0.7740,1,1
337,12,189.00,397.00,35.00,37.00,0.2903,1,1
337,14,377.00,295.00,42.00,35.00,0.8058,1,1
337,17,258.00,492.00,50.00,42.00,0.6485,1,1
337,21,410.00,419.00,52.00,45.00,0.5514,1,1
337,24,891.00,188.00,69.00,59.00,0.9291,1,1
337,26,508.00,347.00,43.00,30.00,0.7670,1,1
337,27,944.00,390.00,52.00,69.00,0.4084,1,1
337,36,919.00,321.00,89.00,70.00,0.9105,1,1
337,42,944.00,613.00,40.00,28.00,0.5618,1,1
337,43,713.00,486.00,44.00,44.00,0.6642,1,1
338,1,428.00,465.00,99.00,94.00,0.9575,1,1
338,2,713.00,279.00,79.00,56.00,0.9177,1,1
338,4,361.00,250.00,58.00,54.00,0.8963,1,1
338,5,160.00,368.00,66.00,63.00,0.8794,1,1
338,6,189.00,404.00,39.00,46.00,0.9158,1,1
338,10,235.00,540.00,45.00,35.00,0.7405,1,1
338,14,378.00,296.00,41.00,35.00,0.8529,1,1
338,17,255.00,492.00,51.00,39.00,0.4608,1,1
338,21,409.00,420.00,53.00,44.00,0.5263,1,1
338,24,889.00,184.00,72.00,59.00,0.9426,1,1
338,26,508.00,347.00,42.00,31.00,0.7358,1,1
338,27,938.00,398.00,51.00,69.00,0.3673,1,1
338,34,845.00,588.00,27.00,42.00,0.4461,1,1
338,36,909.00,331.00,87.00,73.00,0.8959,1,1
338,37,921.00,387.00,62.00,73.00,0.3485,1,1
338,38,845.00,586.00,37.00,46.00,0.4444,1,1
338,42,935.00,620.00,40.00,33.00,0.3231,1,1
338,43,714.00,486.00,43.00,44.00,0.5779,1,1
338,46,939.00,612.00,47.00,40.00,0.4080,1,1
339,1,431.00,466.00,98.00,93.00,0.9539,1,1
339,2,714.00,279.00,78.00,56.00,0.9172,1,1
339,4,361.00,250.00,58.00,55.00,0.9004,1,1
339,5,162.00,368.00,66.00,64.00,0.8791,1,1
339,6,192.00,405.00,38.00,45.00,0.9534,1,1
339,10,243.00,540.00,43.00,36.00,0.4476,1,1
339,14,379.00,297.00,39.00,35.00,0.8739,1,1
339,17,254.00,492.00,51.00,39.00,0.4608,1,1
339,21,413.00,422.00,50.00,42.00,0.6268,1,1
339,24,888.00,182.00,73.00,58.00,0.9025,1,1
339,26,508.00,348.00,41.00,30.00,0.6921,1,1
339,27,930.00,404.00,51.00,71.00,0.3673,1,1
339,34,829.00,595.00,27.00,44.00,0.4461,1,1
339,36,897.00,341.00,89.00,74.00,0.9259,1,1
339,37,912.00,395.00,63.00,74.00,0.3485,1,1
339,38,830.00,607.00,37.00,46.00,0.4444,1,1
339,42,914.00,636.00,49.00,30.00,0.4765,1,1
339,43,714.00,486.00,43.00,43.00,0.5596,1,1
339,46,930.00,620.00,48.00,42.00,0.4080,1,1
340,1,435.00,465.00,97.00,93.00,0.9553,1,1
340,2,714.00,279.00,78.00,56.00,0.9124,1,1
340,4,361.00,250.00,57.00,56.00,0.9019,1,1
340,5,165.00,371.00,65.00,64.00,0.8840,1,1
340,6,196.00,407.00,37.00,46.00,0.9504,1,1
340,10,249.00,541.00,41.00,36.00,0.5080,1,1
340,14,379.00,298.00,40.00,34.00,0.8694,1,1
340,17,256.00,492.00,53.00,38.00,0.2595,1,1
340,21,410.00,425.00,56.00,41.00,0.5610,1,1
340,24,887.00,181.00,72.00,58.00,0.9078,1,1
340,26,509.00,348.00,38.00,30.00,0.7154,1,1
340,34,714.00,486.00,43.00,43.00,0.6286,1,1
340,36,888.00,352.00,86.00,71.00,0.9287,1,1
340,38,903.00,642.00,49.00,35.00,0.4229,1,1
340,42,904.00,649.00,40.00,29.00,0.6274,1,1
340,43,715.00,487.00,41.00,42.00,0.2944,1,1
340,46,918.00,638.00,43.00,34.00,0.3030,1,1
341,1,440.00,465.00,98.00,93.00,0.9552,1,1
341,2,715.00,279.00,78.00,56.00,0.9110,1,1
341,4,361.00,251.00,57.00,55.00,0.9013,1,1
341,5,167.00,372.00,68.00,62.00,0.8965,1,1
341,6,198.00,408.00,38.00,47.00,0.9318,1,1
341,10,253.00,543.00,44.00,36.00,0.3701,1,1
341,14,379.00,298.00,39.00,33.00,0.8638,1,1
341,17,256.00,491.00,53.00,40.00,0.2875,1,1
341,21,412.00,426.00,55.00,41.00,0.7259,1,1
341,24,886.00,179.00,72.00,57.00,0.9177,1,1
341,26,510.00,349.00,38.00,29.00,0.7103,1,1
341,34,714.00,487.00,43.00,43.00,0.3231,1,1
341,36,874.00,362.00,91.00,76.00,0.9387,1,1
341,38,901.00,665.00,49.00,33.00,0.4229,1,1
341,42,885.00,665.00,48.00,29.00,0.5525,1,1
341,43,714.00,487.00,43.00,42.00,0.5109,1,1
341,46,908.00,647.00,44.00,35.00,0.3030,1,1
342,1,445.00,464.00,100.00,91.00,0.9546,1,1
342,2,715.00,279.00,79.00,55.00,0.9114,1,1
342,4,361.00,251.00,57.00,56.00,0.9020,1,1
342,5,171.00,375.00,67.00,62.00,0.8780,1,1
342,6,203.00,412.00,36.00,44.00,0.8558,1,1
342,10,260.00,549.00,43.00,38.00,0.3934,1,1
342,14,380.00,298.00,39.00,34.00,0.8778,1,1
342,17,257.00,491.00,54.00,42.00,0.3435,1,1
342,21,413.00,426.00,53.00,40.00,0.7564,1,1
342,24,885.00,177.00,70.00,57.00,0.8930,1,1
342,26,511.00,350.00,41.00,28.00,0.6013,1,1
342,34,714.00,486.00,43.00,43.00,0.2752,1,1
342,36,862.00,374.00,89.00,73.00,0.9218,1,1
342,42,873.00,675.00,50.00,29.00,0.5525,1,1
342,43,715.00,487.00,42.00,42.00,0.4396,1,1
342,46,865.00,674.00,46.00,34.00,0.7138,1,1
342,54,882.00,217.00,40.00,38.00,0.4468,1,1
343,1,451.00,465.00,100.00,90.00,0.9491,1,1
343,2,715.00,279.00,79.00,55.00,0.9108,1,1
343,4,361.00,251.00,57.00,57.00,0.9009,1,1
343,5,172.00,376.00,70.00,65.00,0.8836,1,1
343,6,206.00,413.00,36.00,44.00,0.9229,1,1
343,10,267.00,551.00,43.00,40.00,0.7905,1,1
343,12,209.00,410.00,33.00,37.00,0.2753,1,1
343,14,380.00,298.00,39.00,34.00,0.8708,1,1
343,17,257.00,491.00,55.00,43.00,0.2519,1,1
343,21,412.00,426.00,53.00,40.00,0.7454,1,1
343,24,885.00,176.00,67.00,56.00,0.8923,1,1
343,26,513.00,350.00,40.00,29.00,0.5958,1,1
343,34,715.00,486.00,42.00,43.00,0.2989,1,1
343,36,856.00,386.00,86.00,74.00,0.9358,1,1
343,43,715.00,486.00,43.00,43.00,0.4363,1,1
343,46,847.00,685.00,44.00,35.00,0.7940,1,1
343,54,880.00,221.00,41.00,35.00,0.3820,1,1
344,1,458.00,464.00,101.00,91.00,0.9522,1,1
344,2,715.00,279.00,80.00,55.00,0.9083,1,1
344,4,361.00,251.00,58.00,57.00,0.9018,1,1
344,5,176.00,378.00,69.00,63.00,0.8946,1,1
344,6,211.00,418.00,33.00,41.00,0.9239,1,1
344,10,271.00,550.00,48.00,43.00,0.6767,1,1
344,12,211.00,411.00,35.00,35.00,0.2588,1,1
344,14,380.00,298.00,39.00,34.00,0.8741,1,1
344,17,256.00,490.00,56.00,44.00,0.2519,1,1
344,21,410.00,426.00,53.00,40.00,0.7284,1,1
344,24,884.00,176.00,66.00,56.00,0.8779,1,1
344,26,512.00,349.00,43.00,30.00,0.5948,1,1
344,34,696.00,483.00,46.00,44.00,0.2989,1,1
344,36,842.00,390.00,90.00,79.00,0.9443,1,1
344,43,714.00,487.00,43.00,43.00,0.5725,1,1
344,46,830.00,692.00,47.00,39.00,0.7809,1,1
344,54,879.00,220.00,42.00,40.00,0.7050,1,1
345,1,467.00,464.00,103.00,87.00,0.9422,1,1
345,2,716.00,279.00,79.00,54.00,0.9071,1,1
345,4,361.00,251.00,58.00,57.00,0.9016,1,1
345,5,180.00,382.00,69.00,61.00,0.9130,1,1
345,6,212.00,420.00,34.00,41.00,0.9325,1,1
345,10,275.00,550.00,50.00,46.00,0.6474,1,1
345,12,213.00,412.00,35.00,34.00,0.2588,1,1
345,14,380.00,299.00,39.00,33.00,0.8845,1,1
345,21,410.00,427.00,51.00,38.00,0.7188,1,1
345,24,883.00,176.00,67.00,56.00,0.8690,1,1
345,26,513.00,349.00,42.00,29.00,0.5451,1,1
345,36,830.00,397.00,91.00,78.00,0.9394,1,1
345,43,714.00,489.00,43.00,40.00,0.7743,1,1
345,46,809.00,704.00,42.00,39.00,0.9206,1,1
345,54,878.00,220.00,44.00,40.00,0.4614,1,1
345,55,879.00,224.00,43.00,36.00,0.6299,1,1
346,1,476.00,461.00,104.00,89.00,0.9375,1,1
346,2,716.00,279.00,80.00,55.00,0.9015,1,1
346,4,362.00,251.00,57.00,57.00,0.9038,1,1
346,5,182.00,384.00,69.00,60.00,0.9195,1,1
346,6,213.00,421.00,36.00,43.00,0.8855,1,1
346,10,276.00,553.00,48.00,45.00,0.7787,1,1
346,14,381.00,299.00,38.00,33.00,0.8938,1,1
346,21,408.00,429.00,53.00,37.00,0.6677,1,1
346,24,883.00,177.00,68.00,55.00,0.8633,1,1
346,26,513.00,349.00,43.00,29.00,0.4635,1,1
346,36,815.00,402.00,92.00,82.00,0.9151,1,1
346,43,714.00,490.00,41.00,40.00,0.7757,1,1
346,46,793.00,710.00,44.00,39.00,0.8374,1,1
346,54,878.00,220.00,44.00,41.00,0.4519,1,1
346,55,879.00,225.00,43.00,35.00,0.5527,1,1
347,1,488.00,461.00,102.00,88.00,0.9442,1,1
347,2,717.00,279.00,80.00,55.00,0.9056,1,1
347,4,362.00,251.00,58.00,57.00,0.9070,1,1
347,5,185.00,384.00,67.00,61.00,0.9094,1,1
347,6,215.00,421.00,37.00,44.00,0.8423,1,1
347,10,276.00,553.00,47.00,46.00,0.7866,1,1
347,14,381.00,298.00,38.00,34.00,0.8871,1,1
347,21,408.00,429.00,53.00,38.00,0.6214,1,1
347,24,883.00,177.00,68.00,55.00,0.8617,1,1
347,26,514.00,349.00,42.00,29.00,0.5434,1,1
347,36,803.00,410.00,92.00,80.00,0.8973,1,1
347,43,715.00,489.00,41.00,42.00,0.7841,1,1
347,46,770.00,718.00,50.00,39.00,0.7292,1,1
347,54,879.00,220.00,44.00,42.00,0.3306,1,1
347,55,880.00,224.00,42.00,37.00,0.5310,1,1
348,1,500.00,460.00,102.00,87.00,0.9162,1,1
348,2,717.00,278.00,80.00,57.00,0.9070,1,1
348,4,362.00,251.00,58.00,57.00,0.9058,1,1
348,5,187.00,384.00,67.00,61.00,0.9072,1,1
348,6,216.00,421.00,37.00,44.00,0.8260,1,1
348,10,277.00,554.00,47.00,46.00,0.7765,1,1
348,14,381.00,299.00,38.00,33.00,0.8914,1,1
348,21,411.00,431.00,48.00,36.00,0.7612,1,1
348,24,883.00,179.00,67.00,53.00,0.8748,1,1
348,26,515.00,349.00,43.00,29.00,0.5626,1,1
348,36,787.00,417.00,99.00,86.00,0.9188,1,1
348,43,715.00,488.00,41.00,42.00,0.6515,1,1
348,46,754.00,729.00,44.00,38.00,0.4392,1,1
348,54,879.00,220.00,44.00,42.00,0.4751,1,1
348,55,880.00,224.00,42.00,38.00,0.3898,1,1
349,1,518.00,459.00,95.00,85.00,0.9065,1,1
349,2,717.00,279.00,79.00,57.00,0.9037,1,1
349,4,362.00,251.00,58.00,57.00,0.9061,1,1
349,5,187.00,384.00,68.00,61.00,0.9082,1,1
349,6,216.00,422.00,38.00,44.00,0.8510,1,1
349,10,281.00,554.00,46.00,44.00,0.7914,1,1
349,14,382.00,299.00,37.00,33.00,0.8873,1,1
349,21,408.00,433.00,53.00,37.00,0.5937,1,1
349,24,884.00,181.00,66.00,53.00,0.8940,1,1
349,26,515.00,348.00,42.00,29.00,0.5493,1,1
349,34,718.00,476.00,45.00,50.00,0.4257,1,1
349,36,772.00,426.00,102.00,83.00,0.9081,1,1
349,43,715.00,488.00,41.00,43.00,0.6515,1,1
349,46,732.00,739.00,51.00,39.00,0.4062,1,1
349,54,880.00,221.00,44.00,43.00,0.6427,1,1
349,55,881.00,227.00,42.00,37.00,0.3871,1,1
350,1,532.00,457.00,92.00,85.00,0.9389,1,1
350,2,717.00,279.00,79.00,58.00,0.9018,1,1
350,4,363.00,251.00,58.00,58.00,0.9011,1,1
350,5,187.00,384.00,69.00,62.00,0.9135,1,1
350,6,217.00,422.00,37.00,45.00,0.8470,1,1
350,10,281.00,554.00,46.00,45.00,0.8357,1,1
350,14,382.00,299.00,37.00,33.00,0.8799,1,1
350,21,409.00,435.00,49.00,35.00,0.6659,1,1
350,24,885.00,183.00,65.00,53.00,0.9042,1,1
350,26,515.00,347.00,41.00,30.00,0.6866,1,1
350,34,715.00,479.00,46.00,47.00,0.4636,1,1
350,36,754.00,436.00,99.00,83.00,0.9056,1,1
350,37,880.00,222.00,45.00,45.00,0.4294,1,1
350,43,718.00,481.00,42.00,45.00,0.5113,1,1
350,46,710.00,751.00,49.00,40.00,0.4227,1,1
350,54,881.00,223.00,44.00,44.00,0.2674,1,1
350,55,881.00,228.00,42.00,39.00,0.2735,1,1
351,1,542.00,456.00,94.00,85.00,0.9378,1,1
351,2,718.00,279.00,80.00,58.00,0.9081,1,1
351,4,363.00,251.00,58.00,58.00,0.9005,1,1
351,5,187.00,384.00,69.00,62.00,0.9146,1,1
351,6,217.00,422.00,37.00,45.00,0.8322,1,1
351,10,284.00,557.00,46.00,45.00,0.8357,1,1
351,14,381.00,300.00,38.00,32.00,0.8952,1,1
351,17,282.00,551.00,46.00,48.00,0.8299,1,1
351,21,409.00,436.00,47.00,35.00,0.5824,1,1
351,24,886.00,184.00,64.00,55.00,0.9189,1,1
351,26,516.00,347.00,41.00,30.00,0.6799,1,1
351,34,709.00,478.00,47.00,47.00,0.4636,1,1
351,36,744.00,446.00,92.00,87.00,0.9384,1,1
351,37,876.00,213.00,43.00,44.00,0.4294,1,1
351,43,715.00,492.00,36.00,40.00,0.4186,1,1
351,46,692.00,762.00,50.00,40.00,0.4227,1,1
351,54,880.00,224.00,46.00,44.00,0.2674,1,1
351,55,882.00,229.00,45.00,41.00,0.3137,1,1
352,1,553.00,453.00,93.00,86.00,0.9397,1,1
352,2,718.00,278.00,80.00,59.00,0.9060,1,1
352,4,364.00,252.00,58.00,57.00,0.9032,1,1
352,5,187.00,384.00,69.00,62.00,0.9118,1,1
352,6,217.00,421.00,38.00,47.00,0.8363,1,1
352,10,280.00,551.00,46.00,48.00,0.8164,1,1
352,14,382.00,301.00,37.00,31.00,0.8940,1,1
352,17,284.00,556.00,45.00,49.00,0.8299,1,1
352,21,409.00,437.00,46.00,34.00,0.5824,1,1
352,24,887.00,188.00,64.00,50.00,0.9072,1,1
352,26,518.00,346.00,40.00,31.00,0.5699,1,1
352,36,727.00,460.00,94.00,89.00,0.9282,1,1
352,43,715.00,493.00,35.00,39.00,0.4186,1,1
352,54,882.00,231.00,49.00,41.00,0.2583,1,1
352,55,882.00,232.00,48.00,40.00,0.8075,1,1
353,1,562.00,450.00,94.00,85.00,0.9541,1,1
353,2,718.00,279.00,80.00,58.00,0.9052,1,1
353,4,364.00,252.00,58.00,57.00,0.9028,1,1
353,5,186.00,384.00,69.00,62.00,0.9118,1,1
353,6,216.00,421.00,38.00,45.00,0.8309,1,1
353,10,279.00,555.00,47.00,44.00,0.6499,1,1
353,14,382.00,301.00,37.00,31.00,0.8963,1,1
353,16,258.00,489.00,53.00,44.00,0.3484,1,1
353,24,890.00,189.00,62.00,51.00,0.9117,1,1
353,26,518.00,345.00,40.00,32.00,0.5678,1,1
353,36,712.00,471.00,89.00,88.00,0.9385,1,1
353,54,882.00,232.00,50.00,42.00,0.2583,1,1
353,55,886.00,233.00,46.00,42.00,0.8348,1,1
354,1,566.00,447.00,98.00,84.00,0.9401,1,1
354,2,719.00,279.00,79.00,58.00,0.9040,1,1
354,4,364.00,252.00,58.00,58.00,0.9019,1,1
354,5,186.00,384.00,69.00,61.00,0.9074,1,1
354,6,215.00,421.00,38.00,44.00,0.8627,1,1
354,10,279.00,554.00,46.00,45.00,0.6012,1,1
354,14,382.00,300.00,37.00,32.00,0.8967,1,1
354,16,259.00,489.00,53.00,44.00,0.3720,1,1
354,24,893.00,191.00,61.00,54.00,0.8867,1,1
354,26,517.00,344.00,42.00,33.00,0.5085,1,1
354,36,692.00,482.00,95.00,83.00,0.9082,1,1
354,46,621.00,801.00,51.00,43.00,0.5471,1,1
354,55,888.00,235.00,46.00,43.00,0.8138,1,1
355,1,571.00,443.00,99.00,86.00,0.9399,1,1
355,2,719.00,279.00,79.00,57.00,0.9044,1,1
355,4,364.00,252.00,57.00,58.00,0.9033,1,1
355,5,185.00,383.00,69.00,62.00,0.9096,1,1
355,6,214.00,420.00,38.00,44.00,0.8385,1,1
355,10,280.00,553.00,46.00,46.00,0.8281,1,1
355,14,382.00,301.00,37.00,31.00,0.8955,1,1
355,16,259.00,489.00,52.00,43.00,0.3274,1,1
355,24,894.00,194.00,62.00,53.00,0.9002,1,1
355,26,518.00,343.00,40.00,33.00,0.4515,1,1
355,36,675.00,489.00,95.00,86.00,0.8920,1,1
355,42,602.00,812.00,49.00,38.00,0.3994,1,1
355,46,602.00,812.00,51.00,43.00,0.5471,1,1
355,55,891.00,239.00,45.00,41.00,0.8040,1,1
356,1,577.00,438.00,96.00,89.00,0.9477,1,1
356,2,719.00,279.00,80.00,57.00,0.9016,1,1
356,4,364.00,252.00,58.00,58.00,0.9037,1,1
356,5,184.00,383.00,69.00,62.00,0.9092,1,1
356,6,214.00,421.00,38.00,42.00,0.8455,1,1
356,10,278.00,552.00,47.00,46.00,0.5636,1,1
356,14,383.00,301.00,36.00,31.00,0.8924,1,1
356,16,258.00,489.00,53.00,43.00,0.3166,1,1
356,24,898.00,196.00,60.00,53.00,0.8560,1,1
356,26,519.00,343.00,38.00,33.00,0.4015,1,1
356,36,659.00,495.00,96.00,91.00,0.8762,1,1
356,42,582.00,822.00,50.00,39.00,0.3994,1,1
356,43,858.00,342.00,31.00,42.00,0.2904,1,1
356,54,891.00,245.00,48.00,38.00,0.7740,1,1
356,55,892.00,240.00,46.00,42.00,0.8040,1,1
357,1,579.00,434.00,100.00,86.00,0.9255,1,1
357,2,720.00,279.00,79.00,56.00,0.9051,1,1
357,4,365.00,252.00,57.00,58.00,0.9041,1,1
357,5,183.00,383.00,70.00,60.00,0.9114,1,1
357,6,214.00,420.00,36.00,43.00,0.8836,1,1
357,10,278.00,552.00,47.00,45.00,0.3577,1,1
357,14,382.00,301.00,37.00,31.00,0.8936,1,1
357,16,257.00,490.00,54.00,41.00,0.2790,1,1
357,21,403.00,435.00,52.00,33.00,0.3361,1,1
357,24,898.00,199.00,62.00,53.00,0.8743,1,1
357,26,518.00,343.00,41.00,33.00,0.5014,1,1
357,34,721.00,487.00,34.00,40.00,0.5069,1,1
357,36,640.00,501.00,100.00,91.00,0.9141,1,1
357,43,861.00,344.00,30.00,47.00,0.3146,1,1
357,54,893.00,247.00,49.00,38.00,0.7042,1,1
358,1,580.00,431.00,100.00,84.00,0.9134,1,1
358,2,720.00,279.00,79.00,56.00,0.9074,1,1
358,4,365.00,252.00,57.00,58.00,0.9044,1,1
358,5,182.00,382.00,71.00,61.00,0.9177,1,1
358,6,213.00,420.00,37.00,42.00,0.8967,1,1
358,10,279.00,553.00,47.00,44.00,0.8060,1,1
358,14,382.00,302.00,37.00,30.00,0.9016,1,1
358,16,257.00,489.00,52.00,41.00,0.2885,1,1
358,21,402.00,434.00,54.00,35.00,0.4775,1,1
358,24,900.00,201.00,63.00,52.00,0.8823,1,1
358,26,518.00,343.00,39.00,32.00,0.3906,1,1
358,34,715.00,491.00,39.00,40.00,0.7425,1,1
358,36,617.00,505.00,104.00,94.00,0.9047,1,1
358,37,863.00,358.00,29.00,42.00,0.4244,1,1
358,43,860.00,347.00,30.00,51.00,0.3299,1,1
358,54,894.00,249.00,50.00,38.00,0.7042,1,1
358,55,896.00,248.00,48.00,41.00,0.7482,1,1
359,1,581.00,427.00,99.00,89.00,0.9260,1,1
359,2,720.00,279.00,79.00,56.00,0.9103,1,1
359,4,365.00,252.00,57.00,58.00,0.9033,1,1
359,5,181.00,382.00,72.00,61.00,0.9191,1,1
359,6,213.00,420.00,36.00,42.00,0.9156,1,1
359,10,277.00,551.00,49.00,42.00,0.7589,1,1
359,14,381.00,303.00,38.00,29.00,0.8920,1,1
359,16,257.00,489.00,51.00,41.00,0.2941,1,1
359,21,401.00,434.00,52.00,32.00,0.6315,1,1
359,24,901.00,205.00,63.00,52.00,0.8629,1,1
359,26,518.00,342.00,39.00,33.00,0.3906,1,1
359,34,717.00,490.00,38.00,40.00,0.7737,1,1
359,36,601.00,513.00,97.00,91.00,0.8942,1,1
359,37,860.00,372.00,28.00,41.00,0.4244,1,1
359,43,862.00,353.00,32.00,51.00,0.5135,1,1
359,55,898.00,251.00,47.00,42.00,0.7307,1,1
360,1,581.00,423.00,97.00,94.00,0.9462,1,1
360,2,720.00,279.00,79.00,56.00,0.9149,1,1
360,4,365.00,252.00,57.00,58.00,0.9044,1,1
360,5,182.00,382.00,71.00,60.00,0.9148,1,1
360,6,212.00,421.00,36.00,40.00,0.9182,1,1
360,10,274.00,550.00,47.00,42.00,0.7618,1,1
360,14,380.00,303.00,39.00,29.00,0.8794,1,1
360,16,256.00,489.00,48.00,40.00,0.3067,1,1
360,21,402.00,434.00,51.00,32.00,0.6286,1,1
360,24,902.00,208.00,64.00,53.00,0.8708,1,1
360,34,717.00,489.00,39.00,40.00,0.8002,1,1
360,36,582.00,520.00,104.00,101.00,0.9187,1,1
360,43,866.00,361.00,31.00,49.00,0.6324,1,1
360,55,899.00,255.00,49.00,43.00,0.5141,1,1
361,1,579.00,422.00,95.00,97.00,0.9458,1,1
361,2,720.00,279.00,79.00,57.00,0.9151,1,1
361,4,365.00,252.00,57.00,58.00,0.9020,1,1
361,5,180.00,381.00,72.00,61.00,0.9197,1,1
361,6,212.00,421.00,35.00,39.00,0.9331,1,1
361,10,274.00,550.00,48.00,42.00,0.7618,1,1
361,12,257.00,489.00,55.00,45.00,0.3228,1,1
361,14,380.00,303.00,39.00,29.00,0.8695,1,1
361,16,257.00,488.00,48.00,40.00,0.3067,1,1
361,17,270.00,549.00,51.00,46.00,0.5005,1,1
361,21,402.00,434.00,52.00,34.00,0.4711,1,1
361,24,903.00,212.00,64.00,53.00,0.8875,1,1
361,34,718.00,489.00,38.00,40.00,0.8045,1,1
361,36,563.00,530.00,106.00,103.00,0.9094,1,1
361,37,872.00,380.00,28.00,38.00,0.4639,1,1
361,43,869.00,366.00,32.00,50.00,0.3199,1,1
361,55,900.00,258.00,50.00,44.00,0.6235,1,1
362,1,575.00,421.00,95.00,99.00,0.9502,1,1
362,2,720.00,279.00,79.00,57.00,0.9151,1,1
362,4,365.00,252.00,57.00,58.00,0.9069,1,1
362,5,179.00,381.00,73.00,61.00,0.9145,1,1
362,6,212.00,420.00,35.00,40.00,0.9285,1,1
362,10,269.00,552.00,53.00,43.00,0.6851,1,1
362,12,260.00,494.00,56.00,45.00,0.3228,1,1
362,14,381.00,303.00,38.00,29.00,0.8794,1,1
362,16,257.00,490.00,55.00,42.00,0.3141,1,1
362,17,269.00,551.00,52.00,46.00,0.5005,1,1
362,21,401.00,434.00,48.00,33.00,0.3459,1,1
362,24,904.00,216.00,65.00,52.00,0.9059,1,1
362,34,717.00,489.00,39.00,40.00,0.8065,1,1
362,36,545.00,539.00,108.00,105.00,0.9178,1,1
362,37,871.00,393.00,27.00,37.00,0.4639,1,1
362,43,872.00,371.00,31.00,49.00,0.7380,1,1
362,55,903.00,261.00,48.00,44.00,0.7105,1,1
363,1,572.00,419.00,95.00,101.00,0.9480,1,1
363,2,720.00,279.00,79.00,57.00,0.9119,1,1
363,4,365.00,252.00,57.00,58.00,0.9067,1,1
363,5,177.00,381.00,73.00,61.00,0.9148,1,1
363,6,210.00,421.00,35.00,40.00,0.9453,1,1
363,10,263.00,554.00,58.00,39.00,0.4499,1,1
363,14,381.00,304.00,38.00,29.00,0.8914,1,1
363,16,257.00,491.00,54.00,42.00,0.3786,1,1
363,21,400.00,434.00,46.00,34.00,0.5141,1,1
363,24,904.00,220.00,67.00,53.00,0.8947,1,1
363,26,518.00,343.00,38.00,32.00,0.2569,1,1
363,34,717.00,489.00,39.00,41.00,0.7641,1,1
363,36,525.00,549.00,110.00,102.00,0.9337,1,1
363,43,877.00,376.00,28.00,50.00,0.7014,1,1
363,54,903.00,272.00,47.00,37.00,0.6649,1,1
363,55,904.00,263.00,48.00,45.00,0.7105,1,1
364,1,568.00,419.00,94.00,103.00,0.9443,1,1
364,2,720.00,279.00,79.00,57.00,0.9124,1,1
364,4,365.00,252.00,57.00,59.00,0.9092,1,1
364,5,175.00,381.00,73.00,60.00,0.9097,1,1
364,6,209.00,420.00,35.00,41.00,0.9417,1,1
364,10,260.00,556.00,59.00,37.00,0.2901,1,1
364,14,380.00,304.00,39.00,29.00,0.8898,1,1
364,16,257.00,491.00,54.00,43.00,0.3888,1,1
364,21,399.00,434.00,47.00,33.00,0.5270,1,1
364,24,904.00,224.00,68.00,52.00,0.9119,1,1
364,26,518.00,343.00,38.00,32.00,0.2569,1,1
364,34,717.00,489.00,38.00,40.00,0.6953,1,1
364,36,510.00,563.00,109.00,102.00,0.9389,1,1
364,43,881.00,388.00,31.00,47.00,0.6803,1,1
364,54,904.00,275.00,48.00,39.00,0.5078,1,1
364,55,903.00,272.00,48.00,43.00,0.3759,1,1
365,1,564.00,418.00,93.00,104.00,0.9458,1,1
365,2,720.00,279.00,79.00,57.00,0.9144,1,1
365,4,364.00,251.00,58.00,62.00,0.9087,1,1
365,5,174.00,380.00,73.00,61.00,0.8985,1,1
365,6,208.00,420.00,35.00,41.00,0.9342,1,1
365,10,259.00,557.00,59.00,36.00,0.2901,1,1
365,14,378.00,304.00,40.00,30.00,0.8896,1,1
365,16,256.00,490.00,56.00,44.00,0.3958,1,1
365,21,397.00,433.00,51.00,34.00,0.4316,1,1
365,24,904.00,228.00,69.00,52.00,0.9008,1,1
365,26,507.00,342.00,55.00,29.00,0.3034,1,1
365,34,717.00,489.00,39.00,40.00,0.6472,1,1
365,36,495.00,577.00,108.00,100.00,0.9467,1,1
365,43,884.00,388.00,31.00,49.00,0.7913,1,1
365,54,905.00,278.00,48.00,39.00,0.5078,1,1
365,55,904.00,276.00,47.00,42.00,0.3638,1,1
366,1,564.00,419.00,90.00,105.00,0.9347,1,1
366,2,720.00,279.00,79.00,57.00,0.9179,1,1
366,4,364.00,251.00,58.00,63.00,0.9107,1,1
366,5,173.00,381.00,73.00,59.00,0.8870,1,1
366,6,207.00,419.00,36.00,42.00,0.9229,1,1
366,10,255.00,556.00,63.00,36.00,0.3584,1,1
366,14,378.00,304.00,41.00,30.00,0.8962,1,1
366,16,255.00,488.00,52.00,42.00,0.2980,1,1
366,21,395.00,431.00,45.00,35.00,0.7075,1,1
366,24,903.00,232.00,70.00,52.00,0.9006,1,1
366,26,508.00,343.00,47.00,27.00,0.3209,1,1
366,34,717.00,489.00,39.00,40.00,0.5739,1,1
366,36,476.00,586.00,108.00,104.00,0.9387,1,1
366,43,887.00,393.00,30.00,48.00,0.7955,1,1
366,54,903.00,281.00,47.00,41.00,0.4395,1,1
366,55,901.00,279.00,49.00,43.00,0.2970,1,1
367,1,563.00,421.00,87.00,102.00,0.9355,1,1
367,2,720.00,279.00,80.00,57.00,0.9181,1,1
367,4,364.00,251.00,57.00,63.00,0.9102,1,1
367,5,172.00,381.00,73.00,59.00,0.8808,1,1
367,6,206.00,420.00,36.00,41.00,0.9183,1,1
367,10,254.00,555.00,60.00,35.00,0.3077,1,1
367,14,377.00,304.00,41.00,30.00,0.8805,1,1
367,16,255.00,488.00,49.00,40.00,0.3161,1,1
367,21,393.00,427.00,52.00,38.00,0.5604,1,1
367,24,902.00,236.00,72.00,53.00,0.9168,1,1
367,26,508.00,343.00,40.00,25.00,0.4329,1,1
367,34,717.00,489.00,39.00,40.00,0.6167,1,1
367,36,460.00,594.00,107.00,110.00,0.9460,1,1
367,43,888.00,397.00,33.00,48.00,0.8557,1,1
367,54,904.00,284.00,47.00,42.00,0.4395,1,1
367,55,902.00,284.00,49.00,43.00,0.4008,1,1
368,1,561.00,421.00,86.00,103.00,0.9461,1,1
368,2,720.00,279.00,80.00,58.00,0.9131,1,1
368,4,364.00,252.00,58.00,62.00,0.9097,1,1
368,5,170.00,380.00,74.00,60.00,0.8858,1,1
368,6,205.00,420.00,36.00,40.00,0.9115,1,1
368,10,253.00,556.00,56.00,32.00,0.3244,1,1
368,14,377.00,305.00,41.00,29.00,0.8804,1,1
368,16,254.00,488.00,46.00,39.00,0.3786,1,1
368,21,391.00,426.00,55.00,39.00,0.5622,1,1
368,24,901.00,239.00,71.00,54.00,0.8883,1,1
368,26,502.00,343.00,43.00,26.00,0.5535,1,1
368,34,717.00,488.00,39.00,41.00,0.6007,1,1
368,36,442.00,603.00,106.00,107.00,0.9322,1,1
368,43,888.00,402.00,36.00,45.00,0.8454,1,1
368,54,902.00,288.00,49.00,43.00,0.3093,1,1
368,55,902.00,287.00,48.00,44.00,0.6339,1,1
369,1,559.00,421.00,84.00,104.00,0.9379,1,1
369,2,720.00,279.00,80.00,57.00,0.9126,1,1
369,4,365.00,251.00,57.00,64.00,0.9076,1,1
369,5,170.00,379.00,72.00,61.00,0.8828,1,1
369,6,206.00,420.00,34.00,40.00,0.8866,1,1
369,10,252.00,556.00,55.00,31.00,0.3244,1,1
369,14,376.00,305.00,42.00,30.00,0.8660,1,1
369,16,255.00,489.00,44.00,38.00,0.5410,1,1
369,21,384.00,424.00,54.00,39.00,0.2788,1,1
369,24,899.00,245.00,73.00,52.00,0.9253,1,1
369,26,501.00,343.00,42.00,25.00,0.5535,1,1
369,34,716.00,486.00,41.00,42.00,0.4981,1,1
369,36,418.00,606.00,110.00,110.00,0.9370,1,1
369,43,889.00,405.00,36.00,46.00,0.8506,1,1
369,46,304.00,901.00,41.00,36.00,0.7256,1,1
369,54,900.00,297.00,50.00,39.00,0.6119,1,1
369,55,903.00,291.00,48.00,43.00,0.6339,1,1
370,1,558.00,420.00,85.00,105.00,0.9338,1,1
370,2,720.00,279.00,79.00,57.00,0.9083,1,1
370,4,365.00,251.00,57.00,64.00,0.8950,1,1
370,5,170.00,379.00,71.00,61.00,0.8755,1,1
370,6,205.00,420.00,34.00,38.00,0.8880,1,1
370,14,375.00,305.00,43.00,29.00,0.8639,1,1
370,16,254.00,489.00,43.00,38.00,0.5574,1,1
370,21,382.00,423.00,55.00,39.00,0.2788,1,1
370,24,897.00,249.00,73.00,52.00,0.9058,1,1
370,34,716.00,486.00,40.00,43.00,0.4637,1,1
370,36,404.00,610.00,110.00,113.00,0.9343,1,1
370,37,980.00,463.00,33.00,41.00,0.6088,1,1
370,42,292.00,900.00,47.00,40.00,0.3536,1,1
370,43,888.00,411.00,35.00,43.00,0.8072,1,1
370,46,283.00,908.00,40.00,35.00,0.7256,1,1
370,54,900.00,302.00,50.00,39.00,0.7212,1,1
371,1,558.00,421.00,84.00,104.00,0.9334,1,1
371,2,720.00,279.00,79.00,57.00,0.9069,1,1
371,4,365.00,251.00,57.00,64.00,0.8698,1,1
371,5,170.00,378.00,71.00,61.00,0.8627,1,1
371,6,203.00,421.00,35.00,36.00,0.8685,1,1
371,14,376.00,305.00,42.00,28.00,0.8604,1,1
371,16,254.00,489.00,42.00,38.00,0.5630,1,1
371,24,896.00,252.00,72.00,54.00,0.9054,1,1
371,34,716.00,486.00,40.00,43.00,0.4300,1,1
371,36,384.00,616.00,111.00,116.00,0.9356,1,1
371,37,988.00,474.00,34.00,41.00,0.6088,1,1
371,38,986.00,473.00,35.00,49.00,0.5304,1,1
371,42,271.00,906.00,48.00,41.00,0.3536,1,1
371,43,885.00,417.00,36.00,44.00,0.7921,1,1
371,54,900.00,306.00,50.00,39.00,0.7212,1,1
371,55,899.00,305.00,47.00,41.00,0.5580,1,1
372,1,558.00,421.00,84.00,104.00,0.9344,1,1
372,2,720.00,279.00,78.00,56.00,0.9035,1,1
372,4,366.00,250.00,55.00,64.00,0.8667,1,1
372,5,167.00,378.00,73.00,61.00,0.8664,1,1
372,6,201.00,420.00,36.00,36.00,0.8740,1,1
372,14,375.00,306.00,43.00,27.00,0.8852,1,1
372,16,254.00,490.00,49.00,38.00,0.6236,1,1
372,24,896.00,257.00,71.00,54.00,0.9026,1,1
372,34,717.00,487.00,39.00,42.00,0.4226,1,1
372,36,369.00,623.00,108.00,113.00,0.9539,1,1
372,38,992.00,485.00,31.00,52.00,0.6403,1,1
372,42,267.00,900.00,42.00,43.00,0.3182,1,1
372,43,885.00,424.00,36.00,44.00,0.6978,1,1
372,55,899.00,309.00,47.00,41.00,0.5580,1,1
373,1,559.00,421.00,83.00,104.00,0.9359,1,1
373,2,720.00,279.00,78.00,56.00,0.9020,1,1
373,4,366.00,249.00,55.00,64.00,0.8744,1,1
373,5,166.00,377.00,74.00,61.00,0.8613,1,1
373,6,200.00,417.00,37.00,38.00,0.8677,1,1
373,14,376.00,306.00,41.00,26.00,0.8823,1,1
373,16,254.00,490.00,49.00,40.00,0.5957,1,1
373,24,894.00,261.00,71.00,54.00,0.8863,1,1
373,34,717.00,487.00,39.00,42.00,0.4167,1,1
373,36,353.00,631.00,110.00,112.00,0.9247,1,1
373,37,996.00,501.00,33.00,48.00,0.2511,1,1
373,38,995.00,500.00,34.00,50.00,0.3834,1,1
373,42,250.00,905.00,41.00,43.00,0.3182,1,1
373,43,880.00,429.00,35.00,44.00,0.5839,1,1
373,55,893.00,314.00,48.00,41.00,0.3304,1,1
374,1,560.00,422.00,82.00,102.00,0.9359,1,1
374,2,720.00,279.00,77.00,56.00,0.9037,1,1
374,4,366.00,246.00,55.00,66.00,0.8693,1,1
374,5,166.00,377.00,73.00,59.00,0.8660,1,1
374,6,199.00,416.00,37.00,40.00,0.8942,1,1
374,10,250.00,554.00,40.00,26.00,0.4346,1,1
374,12,200.00,411.00,37.00,35.00,0.2699,1,1
374,14,376.00,305.00,41.00,27.00,0.8466,1,1
374,16,253.00,490.00,51.00,40.00,0.6232,1,1
374,24,889.00,265.00,73.00,55.00,0.9154,1,1
374,34,717.00,487.00,39.00,42.00,0.3960,1,1
374,36,342.00,636.00,102.00,113.00,0.9239,1,1
374,37,1001.00,508.00,35.00,48.00,0.3607,1,1
374,38,1001.00,508.00,35.00,49.00,0.4488,1,1
374,43,881.00,437.00,30.00,43.00,0.6851,1,1
374,55,892.00,316.00,46.00,44.00,0.6534,1,1
375,1,560.00,422.00,83.00,102.00,0.9413,1,1
375,2,720.00,279.00,77.00,56.00,0.9017,1,1
375,4,365.00,244.00,55.00,68.00,0.8704,1,1
375,5,165.00,375.00,74.00,61.00,0.8618,1,1
375,6,199.00,416.00,36.00,39.00,0.9160,1,1
375,10,250.00,553.00,41.00,27.00,0.4550,1,1
375,12,200.00,412.00,36.00,35.00,0.2717,1,1
375,14,376.00,305.00,40.00,27.00,0.7866,1,1
375,16,254.00,490.00,48.00,38.00,0.6200,1,1
375,24,885.00,269.00,72.00,53.00,0.9162,1,1
375,34,718.00,487.00,38.00,42.00,0.3698,1,1
375,36,327.00,641.00,106.00,115.00,0.9265,1,1
375,37,1005.00,513.00,36.00,47.00,0.6940,1,1
375,38,1004.00,513.00,36.00,50.00,0.4488,1,1
375,43,875.00,444.00,32.00,44.00,0.6283,1,1
375,55,888.00,321.00,48.00,45.00,0.7341,1,1
376,1,560.00,421.00,84.00,103.00,0.9415,1,1
376,2,719.00,279.00,78.00,56.00,0.8965,1,1
376,4,366.00,244.00,54.00,66.00,0.8763,1,1
376,5,165.00,376.00,72.00,60.00,0.8572,1,1
376,6,198.00,416.00,35.00,38.00,0.9338,1,1
376,10,249.00,550.00,37.00,28.00,0.4832,1,1
376,12,199.00,412.00,36.00,35.00,0.2912,1,1
376,14,376.00,304.00,39.00,27.00,0.7147,1,1
376,16,253.00,490.00,49.00,36.00,0.5384,1,1
376,17,252.00,489.00,40.00,35.00,0.2556,1,1
376,24,881.00,274.00,73.00,51.00,0.9169,1,1
376,34,718.00,487.00,38.00,42.00,0.3804,1,1
376,36,314.00,648.00,106.00,111.00,0.9463,1,1
376,37,1010.00,511.00,34.00,47.00,0.4672,1,1
376,43,869.00,448.00,34.00,45.00,0.6418,1,1
376,54,886.00,330.00,46.00,40.00,0.7836,1,1
376,55,887.00,325.00,48.00,45.00,0.7341,1,1
377,1,561.00,421.00,83.00,102.00,0.9377,1,1
377,2,719.00,279.00,79.00,56.00,0.8980,1,1
377,4,366.00,243.00,54.00,66.00,0.8767,1,1
377,5,164.00,375.00,73.00,61.00,0.8677,1,1
377,6,197.00,415.00,35.00,39.00,0.9422,1,1
377,10,248.00,550.00,36.00,27.00,0.4832,1,1
377,12,197.00,410.00,35.00,35.00,0.2912,1,1
377,14,375.00,303.00,40.00,27.00,0.6902,1,1
377,16,254.00,490.00,48.00,36.00,0.5454,1,1
377,17,252.00,489.00,39.00,34.00,0.2805,1,1
377,21,433.00,392.00,30.00,44.00,0.4186,1,1
377,24,876.00,277.00,72.00,52.00,0.8996,1,1
377,34,718.00,486.00,39.00,43.00,0.4171,1,1
377,36,300.00,649.00,107.00,112.00,0.9522,1,1
377,37,1013.00,507.00,30.00,45.00,0.2615,1,1
377,43,866.00,453.00,34.00,45.00,0.5922,1,1
377,54,880.00,331.00,46.00,41.00,0.8264,1,1
378,1,561.00,420.00,83.00,103.00,0.9366,1,1
378,2,719.00,279.00,79.00,55.00,0.8950,1,1
378,4,365.00,243.00,55.00,64.00,0.8841,1,1
378,5,163.00,375.00,71.00,60.00,0.8584,1,1
378,6,195.00,413.00,36.00,41.00,0.9364,1,1
378,10,250.00,551.00,43.00,31.00,0.6896,1,1
378,14,375.00,302.00,39.00,28.00,0.6096,1,1
378,16,254.00,490.00,47.00,36.00,0.6032,1,1
378,17,251.00,489.00,40.00,35.00,0.4295,1,1
378,21,428.00,396.00,33.00,42.00,0.2942,1,1
378,24,871.00,280.00,75.00,53.00,0.9117,1,1
378,26,345.00,408.00,45.00,34.00,0.5964,1,1
378,34,718.00,486.00,40.00,43.00,0.3366,1,1
378,36,284.00,650.00,109.00,112.00,0.9580,1,1
378,37,1014.00,501.00,27.00,46.00,0.3878,1,1
378,43,860.00,456.00,36.00,45.00,0.5725,1,1
378,54,878.00,335.00,47.00,42.00,0.8264,1,1
378,55,873.00,332.00,49.00,45.00,0.8377,1,1
379,1,561.00,420.00,83.00,103.00,0.9370,1,1
379,2,719.00,279.00,78.00,55.00,0.8983,1,1
379,4,365.00,242.00,54.00,64.00,0.9002,1,1
379,5,162.00,374.00,71.00,60.00,0.8800,1,1
379,6,195.00,410.00,36.00,42.00,0.9423,1,1
379,10,250.00,552.00,42.00,32.00,0.6969,1,1
379,14,374.00,301.00,41.00,28.00,0.6141,1,1
379,16,254.00,490.00,48.00,37.00,0.6299,1,1
379,17,251.00,488.00,41.00,36.00,0.4736,1,1
379,21,426.00,402.00,33.00,43.00,0.5194,1,1
379,24,866.00,282.00,77.00,55.00,0.9449,1,1
379,26,345.00,408.00,44.00,38.00,0.7285,1,1
379,34,717.00,486.00,40.00,43.00,0.3647,1,1
379,36,272.00,649.00,111.00,111.00,0.9454,1,1
379,37,1019.00,508.00,27.00,45.00,0.3878,1,1
379,43,858.00,459.00,36.00,43.00,0.4724,1,1
379,55,868.00,336.00,50.00,46.00,0.7692,1,1
380,1,561.00,420.00,83.00,102.00,0.9350,1,1
380,2,719.00,279.00,78.00,55.00,0.8954,1,1
380,4,365.00,241.00,53.00,65.00,0.8990,1,1
380,5,161.00,374.00,69.00,60.00,0.8786,1,1
380,6,193.00,409.00,36.00,43.00,0.9453,1,1
380,10,250.00,552.00,40.00,31.00,0.7700,1,1
380,14,374.00,300.00,41.00,28.00,0.6075,1,1
380,16,252.00,490.00,52.00,36.00,0.4893,1,1
380,17,250.00,487.00,39.00,35.00,0.6116,1,1
380,21,423.00,405.00,34.00,42.00,0.7007,1,1
380,24,862.00,287.00,78.00,54.00,0.9234,1,1
380,26,346.00,408.00,46.00,42.00,0.6520,1,1
380,34,717.00,486.00,40.00,43.00,0.3647,1,1
380,36,259.00,648.00,108.00,113.00,0.9609,1,1
380,43,856.00,461.00,35.00,43.00,0.4268,1,1
380,54,865.00,343.00,48.00,42.00,0.7331,1,1
380,55,866.00,340.00,49.00,46.00,0.7692,1,1
381,1,561.00,420.00,84.00,102.00,0.9382,1,1
381,2,719.00,279.00,78.00,55.00,0.8924,1,1
381,4,364.00,240.00,54.00,65.00,0.8998,1,1
381,5,160.00,374.00,68.00,60.00,0.8748,1,1
381,6,190.00,407.00,38.00,46.00,0.9436,1,1
381,10,248.00,552.00,42.00,31.00,0.6411,1,1
381,14,374.00,298.00,41.00,29.00,0.6368,1,1
381,16,250.00,491.00,54.00,33.00,0.3993,1,1
381,17,247.00,486.00,39.00,34.00,0.6803,1,1
381,21,422.00,407.00,35.00,44.00,0.6040,1,1
381,24,859.00,291.00,81.00,56.00,0.9058,1,1
381,26,347.00,407.00,47.00,44.00,0.5581,1,1
381,36,247.00,644.00,106.00,111.00,0.9541,1,1
381,43,852.00,466.00,34.00,40.00,0.8041,1,1
381,54,863.00,350.00,47.00,40.00,0.8488,1,1
382,1,561.00,420.00,84.00,102.00,0.9413,1,1
382,2,719.00,279.00,78.00,55.00,0.8825,1,1
382,4,364.00,240.00,53.00,65.00,0.9033,1,1
382,5,159.00,374.00,68.00,60.00,0.8750,1,1
382,6,190.00,405.00,38.00,49.00,0.9373,1,1
382,10,247.00,552.00,42.00,30.00,0.6663,1,1
382,14,374.00,297.00,41.00,27.00,0.6937,1,1
382,16,253.00,491.00,53.00,31.00,0.7359,1,1
382,17,246.00,484.00,39.00,34.00,0.6803,1,1
382,21,422.00,408.00,35.00,42.00,0.3824,1,1
382,24,856.00,294.00,81.00,57.00,0.9370,1,1
382,26,351.00,408.00,43.00,40.00,0.6869,1,1
382,36,236.00,641.00,104.00,108.00,0.9461,1,1
382,43,848.00,470.00,33.00,38.00,0.8522,1,1
382,54,859.00,355.00,47.00,40.00,0.7335,1,1
383,1,561.00,420.00,84.00,102.00,0.9403,1,1
383,2,718.00,280.00,78.00,54.00,0.8769,1,1
383,4,364.00,240.00,53.00,64.00,0.9094,1,1
383,5,159.00,374.00,67.00,61.00,0.8815,1,1
383,6,189.00,405.00,38.00,49.00,0.9115,1,1
383,10,249.00,553.00,41.00,33.00,0.7907,1,1
383,14,375.00,296.00,40.00,27.00,0.7419,1,1
383,16,260.00,491.00,49.00,28.00,0.5459,1,1
383,17,253.00,487.00,48.00,31.00,0.6641,1,1
383,21,423.00,408.00,33.00,43.00,0.3875,1,1
383,24,852.00,300.00,83.00,56.00,0.9159,1,1
383,26,353.00,408.00,44.00,42.00,0.6868,1,1
383,34,843.00,471.00,32.00,43.00,0.7110,1,1
383,36,224.00,637.00,104.00,109.00,0.9487,1,1
383,37,1010.00,513.00,28.00,42.00,0.3098,1,1
383,38,1010.00,513.00,28.00,42.00,0.3226,1,1
383,43,846.00,474.00,33.00,38.00,0.8522,1,1
383,54,855.00,360.00,48.00,39.00,0.6204,1,1
384,1,561.00,420.00,85.00,102.00,0.9413,1,1
384,2,718.00,279.00,78.00,55.00,0.8838,1,1
384,4,363.00,239.00,54.00,64.00,0.9056,1,1
384,5,157.00,373.00,68.00,63.00,0.9073,1,1
384,6,187.00,407.00,38.00,47.00,0.9232,1,1
384,10,247.00,551.00,37.00,35.00,0.7648,1,1
384,12,190.00,402.00,35.00,44.00,0.2930,1,1
384,14,375.00,296.00,40.00,26.00,0.7711,1,1
384,16,259.00,489.00,47.00,28.00,0.6841,1,1
384,17,254.00,486.00,47.00,30.00,0.6641,1,1
384,21,424.00,408.00,32.00,42.00,0.3676,1,1
384,24,850.00,303.00,81.00,59.00,0.8841,1,1
384,26,357.00,409.00,45.00,41.00,0.6918,1,1
384,34,838.00,477.00,33.00,43.00,0.7339,1,1
384,36,215.00,635.00,103.00,108.00,0.9557,1,1
384,37,1007.00,524.00,26.00,43.00,0.3775,1,1
384,38,1012.00,514.00,28.00,42.00,0.3226,1,1
384,54,854.00,364.00,46.00,38.00,0.7351,1,1
385,1,561.00,421.00,85.00,102.00,0.9397,1,1
385,2,718.00,278.00,77.00,56.00,0.8952,1,1
385,4,364.00,239.00,54.00,63.00,0.9056,1,1
385,5,156.00,372.00,67.00,64.00,0.9034,1,1
385,6,184.00,407.00,40.00,48.00,0.9140,1,1
385,10,246.00,550.00,41.00,32.00,0.6955,1,1
385,12,189.00,402.00,35.00,44.00,0.2520,1,1
385,14,374.00,293.00,41.00,28.00,0.8148,1,1
385,16,260.00,489.00,46.00,27.00,0.6841,1,1
385,17,260.00,489.00,45.00,28.00,0.8144,1,1
385,21,424.00,408.00,33.00,42.00,0.3676,1,1
385,24,847.00,305.00,84.00,61.00,0.9183,1,1
385,26,356.00,408.00,46.00,42.00,0.6604,1,1
385,34,849.00,476.00,33.00,43.00,0.7339,1,1
385,36,198.00,631.00,107.00,105.00,0.9575,1,1
385,37,1002.00,531.00,27.00,43.00,0.3114,1,1
385,43,833.00,486.00,35.00,38.00,0.7353,1,1
385,54,851.00,368.00,46.00,38.00,0.7351,1,1
386,1,561.00,421.00,85.00,102.00,0.9402,1,1
386,2,717.00,278.00,77.00,56.00,0.8979,1,1
386,4,364.00,238.00,54.00,63.00,0.8980,1,1
386,5,156.00,372.00,65.00,65.00,0.8820,1,1
386,6,184.00,408.00,39.00,47.00,0.9272,1,1
386,10,248.00,547.00,34.00,33.00,0.6197,1,1
386,12,188.00,401.00,34.00,44.00,0.2520,1,1
386,14,374.00,293.00,40.00,27.00,0.8540,1,1
386,17,264.00,490.00,39.00,30.00,0.7708,1,1
386,24,845.00,310.00,84.00,61.00,0.9257,1,1
386,26,357.00,406.00,46.00,43.00,0.6042,1,1
386,36,189.00,627.00,104.00,106.00,0.9585,1,1
386,37,997.00,541.00,28.00,46.00,0.6198,1,1
386,43,831.00,488.00,29.00,40.00,0.4978,1,1
387,1,561.00,421.00,85.00,102.00,0.9402,1,1
387,2,717.00,278.00,77.00,56.00,0.9020,1,1
387,4,365.00,238.00,53.00,63.00,0.8841,1,1
387,5,155.00,373.00,65.00,67.00,0.8644,1,1
387,6,182.00,409.00,40.00,46.00,0.9053,1,1
387,10,247.00,544.00,30.00,33.00,0.5474,1,1
387,12,183.00,420.00,38.00,36.00,0.2589,1,1
387,14,374.00,292.00,41.00,28.00,0.8613,1,1
387,17,264.00,489.00,39.00,34.00,0.7696,1,1
387,21,427.00,407.00,31.00,40.00,0.3513,1,1
387,24,842.00,316.00,85.00,60.00,0.8860,1,1
387,26,356.00,404.00,46.00,44.00,0.6021,1,1
387,36,179.00,626.00,102.00,104.00,0.9688,1,1
387,37,989.00,556.00,30.00,43.00,0.6137,1,1
387,43,826.00,491.00,31.00,39.00,0.4621,1,1
388,1,561.00,421.00,85.00,102.00,0.9407,1,1
388,2,716.00,279.00,78.00,56.00,0.9027,1,1
388,4,366.00,237.00,53.00,64.00,0.8950,1,1
388,5,154.00,374.00,62.00,66.00,0.8608,1,1
388,6,182.00,409.00,40.00,46.00,0.8949,1,1
388,10,245.00,543.00,32.00,30.00,0.4205,1,1
388,12,180.00,421.00,39.00,36.00,0.2589,1,1
388,14,374.00,293.00,41.00,27.00,0.8709,1,1
388,17,265.00,490.00,36.00,35.00,0.6892,1,1
388,21,428.00,405.00,29.00,40.00,0.3054,1,1
388,24,840.00,318.00,86.00,63.00,0.9118,1,1
388,26,357.00,403.00,45.00,43.00,0.6318,1,1
388,36,168.00,622.00,101.00,100.00,0.9631,1,1
388,37,982.00,566.00,31.00,46.00,0.7101,1,1
388,43,820.00,495.00,32.00,39.00,0.6073,1,1
389,1,561.00,421.00,85.00,102.00,0.9405,1,1
389,2,716.00,279.00,78.00,56.00,0.8992,1,1
389,4,366.00,237.00,53.00,64.00,0.8977,1,1
389,5,154.00,375.00,61.00,65.00,0.8263,1,1
389,6,181.00,407.00,39.00,49.00,0.8395,1,1
389,10,245.00,541.00,31.00,30.00,0.4277,1,1
389,14,375.00,293.00,40.00,26.00,0.8569,1,1
389,17,263.00,494.00,37.00,37.00,0.2993,1,1
389,21,428.00,406.00,29.00,39.00,0.3761,1,1
389,24,835.00,323.00,89.00,63.00,0.9168,1,1
389,26,357.00,403.00,45.00,41.00,0.6533,1,1
389,36,160.00,617.00,100.00,102.00,0.9591,1,1
389,37,971.00,580.00,33.00,45.00,0.4085,1,1
389,43,813.00,497.00,30.00,39.00,0.4041,1,1
390,1,561.00,421.00,85.00,103.00,0.9397,1,1
390,2,716.00,279.00,78.00,56.00,0.8983,1,1
390,4,366.00,237.00,54.00,63.00,0.9035,1,1
390,5,155.00,377.00,58.00,63.00,0.8268,1,1
390,6,177.00,408.00,40.00,50.00,0.8036,1,1
390,10,241.00,544.00,30.00,27.00,0.5629,1,1
390,14,376.00,292.00,40.00,27.00,0.8343,1,1
390,17,264.00,494.00,36.00,37.00,0.2993,1,1
390,21,428.00,406.00,29.00,41.00,0.4687,1,1
390,24,833.00,327.00,88.00,64.00,0.8721,1,1
390,26,358.00,403.00,44.00,40.00,0.5609,1,1
390,34,806.00,507.00,31.00,34.00,0.5407,1,1
390,36,155.00,614.00,94.00,102.00,0.9516,1,1
390,37,964.00,593.00,31.00,43.00,0.5116,1,1
390,43,809.00,501.00,30.00,39.00,0.4041,1,1
391,1,561.00,421.00,85.00,103.00,0.9411,1,1
391,2,716.00,279.00,78.00,56.00,0.8988,1,1
391,4,367.00,237.00,53.00,62.00,0.8955,1,1
391,5,157.00,377.00,55.00,62.00,0.7531,1,1
391,6,172.00,413.00,42.00,48.00,0.6659,1,1
391,10,238.00,545.00,30.00,27.00,0.4365,1,1
391,14,376.00,292.00,41.00,27.00,0.7988,1,1
391,21,427.00,406.00,31.00,42.00,0.4205,1,1
391,24,830.00,330.00,89.00,66.00,0.8747,1,1
391,26,357.00,402.00,48.00,40.00,0.5269,1,1
391,34,809.00,510.00,31.00,33.00,0.5407,1,1
391,36,146.00,612.00,95.00,100.00,0.9605,1,1
391,37,955.00,605.00,34.00,44.00,0.8501,1,1
391,43,800.00,505.00,30.00,40.00,0.5839,1,1
392,1,561.00,421.00,85.00,102.00,0.9398,1,1
392,2,716.00,279.00,78.00,56.00,0.9020,1,1
392,4,366.00,237.00,55.00,60.00,0.8938,1,1
392,5,156.00,377.00,56.00,58.00,0.7162,1,1
392,6,169.00,415.00,46.00,49.00,0.3778,1,1
392,10,237.00,545.00,32.00,26.00,0.3667,1,1
392,12,169.00,414.00,44.00,48.00,0.4268,1,1
392,14,377.00,291.00,41.00,27.00,0.7451,1,1
392,21,427.00,405.00,31.00,43.00,0.4720,1,1
392,24,826.00,332.00,90.00,67.00,0.8706,1,1
392,26,357.00,402.00,48.00,41.00,0.5228,1,1
392,36,140.00,610.00,93.00,101.00,0.9563,1,1
392,37,944.00,621.00,34.00,42.00,0.7785,1,1
392,43,795.00,509.00,31.00,40.00,0.5839,1,1
392,54,829.00,390.00,40.00,42.00,0.2830,1,1
393,1,561.00,421.00,86.00,102.00,0.9391,1,1
393,2,716.00,280.00,78.00,54.00,0.9041,1,1
393,4,365.00,239.00,58.00,57.00,0.8969,1,1
393,5,155.00,379.00,54.00,51.00,0.7449,1,1
393,6,164.00,426.00,48.00,40.00,0.4246,1,1
393,10,236.00,545.00,31.00,26.00,0.3667,1,1
393,12,167.00,414.00,45.00,49.00,0.4268,1,1
393,14,378.00,290.00,41.00,27.00,0.7644,1,1
393,21,427.00,404.00,31.00,43.00,0.3492,1,1
393,24,823.00,335.00,91.00,68.00,0.8624,1,1
393,26,361.00,405.00,44.00,42.00,0.4733,1,1
393,36,133.00,610.00,93.00,100.00,0.9559,1,1
393,37,930.00,631.00,34.00,42.00,0.6216,1,1
393,54,824.00,392.00,41.00,42.00,0.3069,1,1
393,55,165.00,429.00,46.00,38.00,0.4039,1,1
394,1,561.00,421.00,86.00,102.00,0.9390,1,1
394,2,716.00,280.00,79.00,54.00,0.9007,1,1
394,4,364.00,239.00,61.00,56.00,0.8890,1,1
394,5,154.00,379.00,55.00,48.00,0.8210,1,1
394,6,164.00,426.00,45.00,41.00,0.4713,1,1
394,12,163.00,416.00,45.00,46.00,0.3758,1,1
394,14,378.00,289.00,42.00,28.00,0.7732,1,1
394,21,430.00,402.00,28.00,43.00,0.3556,1,1
394,24,820.00,338.00,91.00,67.00,0.8831,1,1
394,26,356.00,404.00,48.00,41.00,0.4295,1,1
394,36,129.00,611.00,92.00,99.00,0.9574,1,1
394,37,916.00,639.00,35.00,44.00,0.7717,1,1
394,38,916.00,639.00,35.00,45.00,0.3035,1,1
394,54,821.00,396.00,41.00,42.00,0.3069,1,1
394,55,121.00,435.00,46.00,37.00,0.4039,1,1
395,1,561.00,421.00,87.00,102.00,0.9392,1,1
395,2,716.00,280.00,79.00,53.00,0.9057,1,1
395,4,362.00,239.00,64.00,56.00,0.8853,1,1
395,5,153.00,379.00,55.00,50.00,0.8263,1,1
395,6,161.00,424.00,47.00,44.00,0.5944,1,1
395,12,161.00,417.00,45.00,45.00,0.4703,1,1
395,14,379.00,288.00,41.00,28.00,0.7971,1,1
395,21,431.00,402.00,27.00,43.00,0.3556,1,1
395,24,816.00,340.00,93.00,69.00,0.8851,1,1
395,26,355.00,403.00,51.00,43.00,0.5950,1,1
395,36,125.00,610.00,89.00,100.00,0.9597,1,1
395,37,900.00,649.00,36.00,43.00,0.5577,1,1
395,38,900.00,649.00,37.00,46.00,0.2829,1,1
396,1,562.00,421.00,86.00,103.00,0.9401,1,1
396,2,715.00,280.00,81.00,52.00,0.9026,1,1
396,4,360.00,240.00,67.00,53.00,0.8839,1,1
396,5,152.00,380.00,53.00,50.00,0.8156,1,1
396,6,160.00,420.00,45.00,44.00,0.3540,1,1
396,12,158.00,422.00,48.00,46.00,0.6176,1,1
396,14,377.00,286.00,44.00,28.00,0.7851,1,1
396,21,431.00,404.00,31.00,46.00,0.4977,1,1
396,24,814.00,343.00,92.00,68.00,0.8910,1,1
396,26,358.00,402.00,47.00,41.00,0.6448,1,1
396,36,119.00,610.00,94.00,100.00,0.9593,1,1
396,37,885.00,656.00,32.00,42.00,0.5194,1,1
396,38,885.00,655.00,32.00,43.00,0.5417,1,1
397,1,562.00,421.00,86.00,103.00,0.9384,1,1
397,2,716.00,280.00,81.00,53.00,0.9020,1,1
397,4,359.00,240.00,68.00,53.00,0.8849,1,1
397,5,151.00,380.00,54.00,50.00,0.8395,1,1
397,6,158.00,423.00,46.00,44.00,0.7334,1,1
397,12,159.00,419.00,45.00,44.00,0.3610,1,1
397,14,379.00,285.00,43.00,29.00,0.8061,1,1
397,21,432.00,403.00,34.00,44.00,0.6549,1,1
397,24,812.00,348.00,90.00,69.00,0.8897,1,1
397,26,358.00,402.00,47.00,39.00,0.5956,1,1
397,36,116.00,611.00,93.00,99.00,0.9601,1,1
397,37,868.00,665.00,34.00,41.00,0.7353,1,1
397,38,876.00,664.00,33.00,43.00,0.5417,1,1
397,43,719.00,482.00,42.00,41.00,0.2874,1,1
398,1,561.00,421.00,88.00,102.00,0.9375,1,1
398,2,717.00,280.00,81.00,53.00,0.9026,1,1
398,4,358.00,240.00,70.00,54.00,0.8761,1,1
398,5,151.00,380.00,52.00,52.00,0.8252,1,1
398,6,156.00,424.00,47.00,43.00,0.7068,1,1
398,12,157.00,421.00,44.00,44.00,0.3259,1,1
398,14,381.00,285.00,42.00,29.00,0.8093,1,1
398,21,435.00,401.00,33.00,45.00,0.7603,1,1
398,24,807.00,350.00,92.00,70.00,0.9059,1,1
398,26,357.00,402.00,48.00,37.00,0.6350,1,1
398,36,111.00,611.00,93.00,100.00,0.9576,1,1
398,37,851.00,669.00,31.00,44.00,0.5870,1,1
398,38,851.00,668.00,31.00,46.00,0.5799,1,1
398,43,717.00,484.00,43.00,41.00,0.4796,1,1
399,1,561.00,421.00,88.00,103.00,0.9389,1,1
399,2,717.00,280.00,81.00,52.00,0.9137,1,1
399,4,359.00,241.00,71.00,53.00,0.8834,1,1
399,5,150.00,380.00,54.00,52.00,0.8316,1,1
399,6,156.00,425.00,46.00,42.00,0.7259,1,1
399,12,156.00,421.00,45.00,44.00,0.2828,1,1
399,14,383.00,285.00,41.00,28.00,0.8043,1,1
399,21,439.00,399.00,32.00,44.00,0.6963,1,1
399,24,801.00,353.00,92.00,71.00,0.8890,1,1
399,26,358.00,403.00,49.00,35.00,0.5854,1,1
399,36,107.00,612.00,96.00,100.00,0.9576,1,1
399,37,840.00,677.00,31.00,45.00,0.5870,1,1
399,38,836.00,672.00,32.00,44.00,0.7310,1,1
399,43,716.00,484.00,42.00,41.00,0.6579,1,1
400,1,562.00,421.00,88.00,103.00,0.9387,1,1
400,2,718.00,280.00,81.00,53.00,0.9142,1,1
400,4,359.00,241.00,73.00,52.00,0.8899,1,1
400,5,150.00,380.00,53.00,52.00,0.8381,1,1
400,6,155.00,425.00,46.00,42.00,0.7530,1,1
400,12,154.00,422.00,46.00,44.00,0.2828,1,1
400,14,387.00,285.00,38.00,28.00,0.7604,1,1
400,21,444.00,397.00,29.00,45.00,0.5992,1,1
400,24,792.00,355.00,96.00,73.00,0.8993,1,1
400,26,357.00,403.00,52.00,35.00,0.5316,1,1
400,34,716.00,485.00,41.00,40.00,0.6219,1,1
400,36,104.00,613.00,94.00,101.00,0.9584,1,1
400,38,822.00,676.00,33.00,41.00,0.7148,1,1
400,43,717.00,485.00,40.00,41.00,0.3042,1,1
401,1,562.00,421.00,88.00,103.00,0.9373,1,1
401,2,719.00,280.00,82.00,53.00,0.9183,1,1
401,4,360.00,241.00,74.00,51.00,0.8917,1,1
401,5,150.00,380.00,52.00,51.00,0.8413,1,1
401,6,155.00,424.00,46.00,43.00,0.7758,1,1
401,12,155.00,422.00,45.00,44.00,0.3213,1,1
401,14,390.00,283.00,39.00,29.00,0.7891,1,1
401,21,446.00,392.00,32.00,47.00,0.6233,1,1
401,24,786.00,356.00,97.00,74.00,0.9122,1,1
401,26,359.00,403.00,52.00,35.00,0.5722,1,1
401,34,718.00,486.00,40.00,41.00,0.6948,1,1
401,36,99.00,612.00,93.00,105.00,0.9462,1,1
401,38,810.00,674.00,33.00,42.00,0.4772,1,1
401,43,743.00,506.00,30.00,35.00,0.2671,1,1
402,1,562.00,421.00,88.00,103.00,0.9367,1,1
402,2,720.00,280.00,82.00,53.00,0.9106,1,1
402,4,362.00,241.00,74.00,51.00,0.8858,1,1
402,5,150.00,381.00,53.00,51.00,0.8504,1,1
402,6,155.00,424.00,46.00,44.00,0.7432,1,1
402,12,155.00,421.00,44.00,44.00,0.2977,1,1
402,14,394.00,281.00,39.00,31.00,0.7846,1,1
402,21,449.00,388.00,32.00,48.00,0.3189,1,1
402,24,781.00,358.00,97.00,74.00,0.9107,1,1
402,26,360.00,403.00,56.00,34.00,0.5097,1,1
402,34,716.00,489.00,39.00,39.00,0.3768,1,1
402,36,95.00,615.00,94.00,104.00,0.9486,1,1
402,38,797.00,672.00,34.00,42.00,0.5461,1,1
402,43,740.00,509.00,30.00,34.00,0.2671,1,1
403,1,562.00,421.00,88.00,103.00,0.9351,1,1
403,2,720.00,280.00,83.00,53.00,0.9090,1,1
403,4,365.00,241.00,72.00,48.00,0.8864,1,1
403,5,148.00,380.00,56.00,51.00,0.8581,1,1
403,6,155.00,424.00,45.00,43.00,0.7457,1,1
403,12,153.00,421.00,45.00,45.00,0.2977,1,1
403,14,399.00,280.00,36.00,30.00,0.8413,1,1
403,21,451.00,387.00,32.00,48.00,0.3189,1,1
403,24,776.00,358.00,97.00,75.00,0.9166,1,1
403,26,365.00,402.00,53.00,35.00,0.5049,1,1
403,34,717.00,491.00,36.00,36.00,0.3445,1,1
403,36,90.00,616.00,93.00,105.00,0.9558,1,1
403,38,789.00,670.00,33.00,39.00,0.8231,1,1
404,1,562.00,421.00,88.00,103.00,0.9347,1,1
404,2,721.00,281.00,83.00,52.00,0.9060,1,1
404,4,369.00,240.00,72.00,50.00,0.9018,1,1
404,5,149.00,381.00,54.00,49.00,0.8611,1,1
404,6,155.00,424.00,45.00,43.00,0.7075,1,1
404,14,403.00,279.00,35.00,30.00,0.8744,1,1
404,17,274.00,500.00,37.00,36.00,0.4062,1,1
404,21,456.00,383.00,31.00,46.00,0.4375,1,1
404,24,773.00,358.00,95.00,76.00,0.9282,1,1
404,26,374.00,402.00,47.00,38.00,0.4071,1,1
404,34,717.00,491.00,35.00,36.00,0.3078,1,1
404,36,88.00,619.00,94.00,104.00,0.9521,1,1
404,38,782.00,665.00,30.00,41.00,0.8862,1,1
405,1,562.00,421.00,89.00,103.00,0.9341,1,1
405,2,722.00,281.00,83.00,53.00,0.9099,1,1
405,4,373.00,240.00,72.00,47.00,0.9014,1,1
405,5,148.00,381.00,54.00,48.00,0.8555,1,1
405,6,154.00,424.00,46.00,43.00,0.7559,1,1
405,12,154.00,421.00,45.00,44.00,0.2961,1,1
405,14,404.00,278.00,36.00,28.00,0.9050,1,1
405,17,276.00,500.00,35.00,37.00,0.4520,1,1
405,21,459.00,381.00,30.00,46.00,0.4375,1,1
405,24,769.00,360.00,94.00,75.00,0.9322,1,1
405,26,375.00,400.00,52.00,37.00,0.2513,1,1
405,34,713.00,491.00,35.00,36.00,0.3078,1,1
405,36,86.00,621.00,91.00,106.00,0.9498,1,1
405,37,782.00,646.00,27.00,55.00,0.3439,1,1
405,38,775.00,660.00,32.00,43.00,0.8397,1,1
405,43,785.00,639.00,25.00,35.00,0.4639,1,1
406,1,562.00,421.00,89.00,103.00,0.9354,1,1
406,2,723.00,281.00,82.00,53.00,0.8991,1,1
406,4,378.00,238.00,70.00,48.00,0.9017,1,1
406,5,147.00,380.00,56.00,48.00,0.8540,1,1
406,6,155.00,424.00,46.00,44.00,0.7510,1,1
406,12,154.00,421.00,46.00,44.00,0.3337,1,1
406,14,407.00,276.00,40.00,29.00,0.8875,1,1
406,17,274.00,500.00,37.00,36.00,0.5617,1,1
406,24,763.00,360.00,95.00,76.00,0.9326,1,1
406,26,378.00,400.00,46.00,35.00,0.5254,1,1
406,36,84.00,624.00,91.00,104.00,0.9603,1,1
406,37,772.00,648.00,26.00,56.00,0.3439,1,1
406,38,769.00,657.00,32.00,44.00,0.7495,1,1
406,43,788.00,654.00,24.00,34.00,0.4639,1,1
407,1,562.00,421.00,90.00,103.00,0.9343,1,1
407,2,723.00,282.00,83.00,53.00,0.8981,1,1
407,4,384.00,236.00,69.00,47.00,0.8877,1,1
407,5,147.00,380.00,55.00,47.00,0.8398,1,1
407,6,156.00,425.00,46.00,43.00,0.7335,1,1
407,12,153.00,421.00,46.00,45.00,0.3337,1,1
407,14,414.00,274.00,37.00,28.00,0.8661,1,1
407,17,272.00,499.00,42.00,37.00,0.5156,1,1
407,24,760.00,360.00,94.00,75.00,0.9442,1,1
407,26,385.00,400.00,43.00,36.00,0.6344,1,1
407,36,83.00,625.00,91.00,107.00,0.9615,1,1
407,38,768.00,654.00,29.00,46.00,0.6538,1,1
408,1,562.00,421.00,90.00,103.00,0.9359,1,1
408,2,723.00,282.00,84.00,53.00,0.9021,1,1
408,4,389.00,235.00,71.00,45.00,0.8891,1,1
408,5,147.00,379.00,54.00,47.00,0.8306,1,1
408,6,157.00,423.00,46.00,44.00,0.7983,1,1
408,12,158.00,419.00,44.00,43.00,0.2828,1,1
408,14,416.00,274.00,38.00,26.00,0.7776,1,1
408,17,272.00,500.00,42.00,36.00,0.5156,1,1
408,24,755.00,362.00,96.00,76.00,0.9371,1,1
408,26,385.00,397.00,44.00,37.00,0.5387,1,1
408,36,82.00,627.00,92.00,107.00,0.9603,1,1
408,38,766.00,654.00,27.00,43.00,0.5659,1,1
409,1,563.00,421.00,89.00,103.00,0.9377,1,1
409,2,724.00,282.00,84.00,53.00,0.9045,1,1
409,4,394.00,231.00,70.00,47.00,0.9144,1,1
409,5,147.00,379.00,56.00,48.00,0.8258,1,1
409,6,163.00,424.00,42.00,41.00,0.8191,1,1
409,10,160.00,417.00,43.00,38.00,0.3090,1,1
409,12,159.00,417.00,44.00,41.00,0.4810,1,1
409,14,427.00,267.00,37.00,30.00,0.7239,1,1
409,24,751.00,362.00,96.00,76.00,0.9378,1,1
409,26,391.00,394.00,39.00,38.00,0.5833,1,1
409,36,81.00,628.00,92.00,108.00,0.9601,1,1
409,38,766.00,649.00,25.00,43.00,0.3175,1,1
410,1,563.00,422.00,89.00,102.00,0.9385,1,1
410,2,724.00,283.00,84.00,53.00,0.9088,1,1
410,4,401.00,228.00,69.00,50.00,0.9030,1,1
410,5,149.00,379.00,54.00,52.00,0.8025,1,1
410,6,166.00,423.00,41.00,40.00,0.5774,1,1
410,10,156.00,409.00,43.00,39.00,0.3090,1,1
410,12,163.00,415.00,43.00,39.00,0.4486,1,1
410,14,422.00,266.00,43.00,29.00,0.4311,1,1
410,16,209.00,539.00,45.00,28.00,0.2545,1,1
410,21,432.00,266.00,35.00,31.00,0.8233,1,1
410,24,748.00,360.00,96.00,75.00,0.9429,1,1
410,26,394.00,393.00,36.00,36.00,0.6061,1,1
410,36,80.00,630.00,93.00,108.00,0.9601,1,1
410,38,763.00,651.00,27.00,43.00,0.3319,1,1
411,1,563.00,421.00,89.00,103.00,0.9367,1,1
411,2,725.00,283.00,84.00,54.00,0.9101,1,1
411,4,405.00,226.00,71.00,50.00,0.8995,1,1
411,5,150.00,378.00,55.00,54.00,0.8177,1,1
411,6,167.00,418.00,41.00,43.00,0.6165,1,1
411,12,164.00,415.00,42.00,38.00,0.4486,1,1
411,14,433.00,264.00,40.00,30.00,0.8225,1,1
411,16,207.00,541.00,45.00,29.00,0.2545,1,1
411,21,431.00,255.00,35.00,29.00,0.8233,1,1
411,24,744.00,359.00,96.00,75.00,0.9505,1,1
411,26,397.00,391.00,36.00,36.00,0.4782,1,1
411,36,80.00,631.00,92.00,109.00,0.9572,1,1
411,38,761.00,653.00,31.00,43.00,0.3503,1,1
412,1,563.00,422.00,89.00,102.00,0.9386,1,1
412,2,725.00,284.00,84.00,53.00,0.9102,1,1
412,4,411.00,224.00,68.00,50.00,0.8868,1,1
412,5,151.00,377.00,55.00,57.00,0.8420,1,1
412,6,167.00,416.00,42.00,43.00,0.6296,1,1
412,14,432.00,263.00,43.00,28.00,0.8178,1,1
412,21,442.00,262.00,35.00,28.00,0.4473,1,1
412,24,741.00,357.00,96.00,76.00,0.9384,1,1
412,26,398.00,385.00,35.00,38.00,0.7091,1,1
412,36,80.00,633.00,93.00,109.00,0.9630,1,1
412,38,761.00,653.00,29.00,44.00,0.6058,1,1
412,54,422.00,259.00,56.00,30.00,0.3292,1,1
413,1,563.00,422.00,89.00,102.00,0.9391,1,1
413,2,725.00,283.00,85.00,54.00,0.8997,1,1
413,4,415.00,223.00,68.00,48.00,0.8817,1,1
413,5,152.00,377.00,55.00,58.00,0.8578,1,1
413,6,168.00,415.00,41.00,43.00,0.7266,1,1
413,14,441.00,261.00,39.00,29.00,0.8459,1,1
413,21,443.00,254.00,34.00,26.00,0.4473,1,1
413,24,737.00,356.00,95.00,75.00,0.9158,1,1
413,26,400.00,383.00,36.00,41.00,0.7011,1,1
413,36,81.00,633.00,93.00,110.00,0.9543,1,1
413,38,762.00,656.00,31.00,42.00,0.3536,1,1
413,54,401.00,252.00,56.00,30.00,0.3292,1,1
414,1,563.00,422.00,88.00,102.00,0.9373,1,1
414,2,726.00,284.00,85.00,53.00,0.9096,1,1
414,4,419.00,222.00,70.00,46.00,0.8786,1,1
414,5,153.00,376.00,56.00,58.00,0.8567,1,1
414,6,169.00,414.00,41.00,44.00,0.8313,1,1
414,14,444.00,259.00,41.00,30.00,0.7949,1,1
414,24,733.00,354.00,97.00,75.00,0.9195,1,1
414,26,401.00,382.00,36.00,43.00,0.7756,1,1
414,36,82.00,634.00,93.00,111.00,0.9519,1,1
414,38,757.00,657.00,31.00,42.00,0.3536,1,1
415,1,563.00,422.00,87.00,101.00,0.9387,1,1
415,2,727.00,285.00,84.00,53.00,0.9076,1,1
415,4,424.00,220.00,69.00,46.00,0.8806,1,1
415,5,153.00,375.00,57.00,58.00,0.8663,1,1
415,6,171.00,414.00,40.00,43.00,0.8162,1,1
415,14,451.00,257.00,39.00,30.00,0.7685,1,1
415,24,730.00,353.00,96.00,75.00,0.9392,1,1
415,26,402.00,379.00,36.00,45.00,0.8701,1,1
415,34,684.00,504.00,34.00,37.00,0.3247,1,1
415,36,83.00,636.00,93.00,111.00,0.9380,1,1
416,1,563.00,422.00,86.00,101.00,0.9395,1,1
416,2,728.00,284.00,84.00,54.00,0.9145,1,1
416,4,428.00,218.00,68.00,46.00,0.8917,1,1
416,5,153.00,374.00,59.00,59.00,0.8712,1,1
416,6,171.00,414.00,41.00,43.00,0.8852,1,1
416,12,176.00,413.00,35.00,34.00,0.3182,1,1
416,14,454.00,256.00,39.00,30.00,0.8294,1,1
416,17,273.00,473.00,49.00,31.00,0.5256,1,1
416,24,727.00,352.00,95.00,74.00,0.9365,1,1
416,26,404.00,380.00,35.00,42.00,0.8156,1,1
416,34,685.00,505.00,32.00,38.00,0.4089,1,1
416,36,84.00,636.00,92.00,113.00,0.9331,1,1
416,43,766.00,666.00,31.00,38.00,0.2642,1,1
417,1,563.00,422.00,86.00,100.00,0.9380,1,1
417,2,729.00,285.00,83.00,53.00,0.9137,1,1
417,4,432.00,216.00,68.00,46.00,0.8730,1,1
417,5,152.00,373.00,61.00,60.00,0.8800,1,1
417,6,172.00,413.00,42.00,42.00,0.8935,1,1
417,12,177.00,413.00,35.00,34.00,0.2895,1,1
417,14,459.00,255.00,37.00,30.00,0.8385,1,1
417,17,274.00,468.00,46.00,32.00,0.5349,1,1
417,21,450.00,255.00,43.00,28.00,0.4834,1,1
417,24,724.00,350.00,95.00,74.00,0.9446,1,1
417,26,404.00,377.00,33.00,45.00,0.8354,1,1
417,34,682.00,506.00,32.00,38.00,0.4089,1,1
417,36,87.00,637.00,93.00,113.00,0.9211,1,1
417,43,767.00,666.00,31.00,37.00,0.6617,1,1
418,1,564.00,422.00,84.00,101.00,0.9347,1,1
418,2,730.00,285.00,83.00,53.00,0.9054,1,1
418,4,435.00,215.00,68.00,46.00,0.8944,1,1
418,5,153.00,373.00,61.00,59.00,0.8915,1,1
418,6,174.00,413.00,40.00,41.00,0.8718,1,1
418,12,178.00,413.00,35.00,33.00,0.2895,1,1
418,14,460.00,254.00,39.00,30.00,0.8447,1,1
418,17,275.00,466.00,43.00,31.00,0.5619,1,1
418,21,451.00,254.00,44.00,28.00,0.4120,1,1
418,24,722.00,350.00,91.00,71.00,0.9449,1,1
418,26,404.00,375.00,32.00,47.00,0.8523,1,1
418,34,684.00,506.00,28.00,37.00,0.3987,1,1
418,36,90.00,637.00,92.00,114.00,0.9163,1,1
418,38,766.00,665.00,31.00,39.00,0.6811,1,1
418,43,766.00,672.00,31.00,37.00,0.6617,1,1
419,1,563.00,422.00,85.00,100.00,0.9292,1,1
419,2,732.00,286.00,82.00,52.00,0.9147,1,1
419,4,439.00,213.00,67.00,47.00,0.8708,1,1
419,5,154.00,372.00,60.00,60.00,0.8959,1,1
419,6,175.00,413.00,40.00,40.00,0.8469,1,1
419,14,460.00,253.00,43.00,29.00,0.8877,1,1
419,17,278.00,467.00,40.00,32.00,0.7489,1,1
419,21,452.00,251.00,45.00,27.00,0.4120,1,1
419,24,719.00,349.00,90.00,71.00,0.9429,1,1
419,26,406.00,374.00,31.00,43.00,0.8354,1,1
419,34,682.00,507.00,28.00,37.00,0.3987,1,1
419,36,91.00,640.00,95.00,112.00,0.9227,1,1
419,38,766.00,661.00,31.00,43.00,0.7281,1,1
420,1,563.00,422.00,85.00,100.00,0.9301,1,1
420,2,734.00,286.00,82.00,52.00,0.9225,1,1
420,4,443.00,212.00,65.00,47.00,0.8789,1,1
420,5,154.00,372.00,62.00,59.00,0.9020,1,1
420,6,177.00,412.00,40.00,40.00,0.8629,1,1
420,14,461.00,252.00,43.00,30.00,0.8905,1,1
420,17,279.00,468.00,39.00,31.00,0.8104,1,1
420,24,716.00,348.00,89.00,71.00,0.9386,1,1
420,26,407.00,374.00,30.00,43.00,0.8390,1,1
420,36,94.00,640.00,96.00,112.00,0.9307,1,1
420,38,763.00,658.00,32.00,43.00,0.5106,1,1
421,1,563.00,422.00,85.00,100.00,0.9303,1,1
421,2,736.00,285.00,81.00,53.00,0.9252,1,1
421,4,446.00,211.00,64.00,47.00,0.8786,1,1
421,5,156.00,370.00,62.00,60.00,0.8977,1,1
421,6,178.00,412.00,40.00,38.00,0.8754,1,1
421,14,468.00,252.00,39.00,29.00,0.8948,1,1
421,17,280.00,472.00,40.00,30.00,0.7927,1,1
421,24,713.00,347.00,91.00,71.00,0.9417,1,1
421,26,408.00,371.00,29.00,45.00,0.8292,1,1
421,36,98.00,641.00,93.00,110.00,0.9315,1,1
421,38,761.00,659.00,33.00,42.00,0.5106,1,1
421,43,760.00,658.00,32.00,38.00,0.5863,1,1
422,1,563.00,422.00,84.00,99.00,0.9267,1,1
422,2,737.00,285.00,82.00,53.00,0.9270,1,1
422,4,448.00,211.00,65.00,47.00,0.8655,1,1
422,5,157.00,369.00,62.00,60.00,0.8847,1,1
422,6,179.00,412.00,39.00,37.00,0.8754,1,1
422,12,181.00,410.00,38.00,34.00,0.8197,1,1
422,14,472.00,252.00,37.00,29.00,0.9065,1,1
422,17,279.00,473.00,39.00,33.00,0.8599,1,1
422,24,711.00,346.00,91.00,72.00,0.9446,1,1
422,26,409.00,373.00,31.00,44.00,0.8238,1,1
422,36,100.00,641.00,93.00,109.00,0.9239,1,1
422,43,759.00,654.00,33.00,39.00,0.3807,1,1
423,1,562.00,422.00,85.00,99.00,0.9317,1,1
423,2,739.00,285.00,81.00,53.00,0.9236,1,1
423,4,450.00,210.00,65.00,47.00,0.8546,1,1
423,5,159.00,367.00,61.00,60.00,0.8946,1,1
423,12,181.00,409.00,39.00,35.00,0.8469,1,1
423,14,473.00,252.00,38.00,29.00,0.9055,1,1
423,17,277.00,475.00,40.00,34.00,0.8271,1,1
423,24,710.00,346.00,92.00,70.00,0.9205,1,1
423,26,410.00,375.00,31.00,44.00,0.8179,1,1
423,36,103.00,641.00,94.00,110.00,0.9252,1,1
423,43,757.00,650.00,35.00,41.00,0.4603,1,1
424,1,562.00,422.00,84.00,99.00,0.9293,1,1
424,2,741.00,285.00,81.00,52.00,0.9232,1,1
424,4,451.00,210.00,66.00,48.00,0.8463,1,1
424,5,160.00,366.00,61.00,59.00,0.8924,1,1
424,12,181.00,409.00,39.00,35.00,0.8345,1,1
424,14,474.00,252.00,39.00,29.00,0.9097,1,1
424,17,276.00,476.00,38.00,36.00,0.7138,1,1
424,24,708.00,345.00,93.00,71.00,0.9243,1,1
424,26,410.00,375.00,30.00,44.00,0.8130,1,1
424,36,104.00,641.00,96.00,110.00,0.9332,1,1
424,43,756.00,647.00,35.00,40.00,0.5891,1,1
425,1,561.00,422.00,83.00,99.00,0.9280,1,1
425,2,742.00,284.00,82.00,53.00,0.9107,1,1
425,4,452.00,209.00,65.00,49.00,0.8527,1,1
425,5,161.00,365.00,61.00,59.00,0.8868,1,1
425,12,182.00,408.00,39.00,34.00,0.7703,1,1
425,14,475.00,253.00,38.00,28.00,0.9118,1,1
425,16,213.00,533.00,36.00,22.00,0.2776,1,1
425,17,271.00,479.00,39.00,40.00,0.7857,1,1
425,24,708.00,346.00,92.00,69.00,0.9228,1,1
425,26,411.00,373.00,30.00,44.00,0.7291,1,1
425,36,105.00,641.00,97.00,110.00,0.9346,1,1
425,38,757.00,643.00,31.00,43.00,0.5516,1,1
425,43,755.00,647.00,35.00,40.00,0.5891,1,1
426,1,561.00,422.00,83.00,99.00,0.9263,1,1
426,2,744.00,283.00,81.00,54.00,0.9098,1,1
426,4,453.00,209.00,65.00,49.00,0.8638,1,1
426,5,162.00,363.00,63.00,58.00,0.8703,1,1
426,6,181.00,409.00,40.00,33.00,0.3625,1,1
426,12,185.00,404.00,37.00,34.00,0.6560,1,1
426,14,475.00,253.00,39.00,28.00,0.9114,1,1
426,16,213.00,534.00,35.00,21.00,0.2872,1,1
426,17,269.00,485.00,38.00,36.00,0.7926,1,1
426,24,708.00,345.00,91.00,71.00,0.9244,1,1
426,26,414.00,373.00,29.00,43.00,0.7116,1,1
426,36,107.00,641.00,97.00,111.00,0.9300,1,1
426,38,756.00,642.00,30.00,43.00,0.5516,1,1
427,1,559.00,422.00,84.00,98.00,0.9251,1,1
427,2,745.00,283.00,81.00,54.00,0.9092,1,1
427,4,454.00,208.00,64.00,49.00,0.8712,1,1
427,5,163.00,361.00,63.00,59.00,0.8706,1,1
427,6,182.00,409.00,39.00,31.00,0.3625,1,1
427,12,184.00,403.00,39.00,34.00,0.6924,1,1
427,14,475.00,253.00,39.00,28.00,0.9116,1,1
427,16,215.00,533.00,38.00,23.00,0.3021,1,1
427,17,262.00,485.00,40.00,41.00,0.7901,1,1
427,24,707.00,345.00,92.00,71.00,0.9237,1,1
427,26,414.00,369.00,26.00,43.00,0.7126,1,1
427,36,108.00,642.00,98.00,110.00,0.9291,1,1
427,38,755.00,643.00,29.00,43.00,0.3421,1,1
428,1,558.00,422.00,84.00,99.00,0.9220,1,1
428,2,748.00,282.00,78.00,55.00,0.9125,1,1
428,4,455.00,208.00,63.00,50.00,0.8733,1,1
428,5,164.00,359.00,63.00,59.00,0.8892,1,1
428,10,217.00,530.00,48.00,26.00,0.5347,1,1
428,12,184.00,402.00,39.00,34.00,0.7170,1,1
428,14,474.00,254.00,39.00,27.00,0.9018,1,1
428,16,215.00,532.00,38.00,24.00,0.3021,1,1
428,17,260.00,486.00,41.00,41.00,0.7901,1,1
428,24,707.00,345.00,93.00,71.00,0.9288,1,1
428,26,414.00,373.00,31.00,42.00,0.6746,1,1
428,36,109.00,642.00,98.00,112.00,0.9377,1,1
428,37,259.00,484.00,40.00,50.00,0.8052,1,1
428,38,754.00,640.00,29.00,47.00,0.4297,1,1
429,1,558.00,422.00,84.00,99.00,0.9174,1,1
429,2,748.00,283.00,79.00,54.00,0.9184,1,1
429,4,456.00,207.00,62.00,51.00,0.8671,1,1
429,5,166.00,357.00,61.00,59.00,0.8830,1,1
429,10,216.00,527.00,51.00,26.00,0.4967,1,1
429,12,185.00,400.00,39.00,34.00,0.6897,1,1
429,14,474.00,254.00,38.00,27.00,0.8752,1,1
429,17,258.00,487.00,40.00,48.00,0.7696,1,1
429,24,707.00,345.00,92.00,71.00,0.9305,1,1
429,26,414.00,371.00,29.00,40.00,0.5513,1,1
429,36,111.00,643.00,99.00,111.00,0.9377,1,1
429,37,236.00,477.00,40.00,49.00,0.8052,1,1
429,38,753.00,639.00,29.00,47.00,0.4297,1,1
429,43,750.00,646.00,29.00,42.00,0.4425,1,1
430,1,559.00,422.00,84.00,99.00,0.9238,1,1
430,2,750.00,284.00,78.00,53.00,0.9244,1,1
430,4,457.00,206.00,61.00,53.00,0.8674,1,1
430,5,165.00,356.00,62.00,57.00,0.8828,1,1
430,10,218.00,527.00,47.00,29.00,0.5630,1,1
430,12,182.00,398.00,43.00,33.00,0.7415,1,1
430,14,474.00,255.00,36.00,27.00,0.8346,1,1
430,17,260.00,492.00,38.00,46.00,0.7580,1,1
430,24,707.00,344.00,93.00,72.00,0.9313,1,1
430,26,415.00,371.00,29.00,39.00,0.6700,1,1
430,36,111.00,644.00,100.00,111.00,0.9491,1,1
430,43,746.00,646.00,30.00,42.00,0.6790,1,1
431,1,559.00,422.00,84.00,99.00,0.9209,1,1
431,2,751.00,283.00,78.00,53.00,0.9255,1,1
431,4,457.00,206.00,59.00,54.00,0.8568,1,1
431,5,166.00,354.00,61.00,56.00,0.8819,1,1
431,10,220.00,527.00,45.00,29.00,0.5039,1,1
431,12,183.00,396.00,42.00,34.00,0.8372,1,1
431,14,474.00,256.00,35.00,27.00,0.7648,1,1
431,17,259.00,494.00,39.00,44.00,0.7890,1,1
431,24,708.00,343.00,93.00,73.00,0.9322,1,1
431,26,416.00,370.00,29.00,40.00,0.6154,1,1
431,36,113.00,644.00,98.00,112.00,0.9487,1,1
431,43,743.00,649.00,29.00,39.00,0.5214,1,1
432,1,558.00,422.00,84.00,99.00,0.9215,1,1
432,2,752.00,283.00,78.00,53.00,0.9200,1,1
432,4,457.00,205.00,58.00,57.00,0.8624,1,1
432,5,167.00,353.00,61.00,56.00,0.8767,1,1
432,10,222.00,531.00,46.00,30.00,0.5039,1,1
432,12,183.00,396.00,42.00,35.00,0.8650,1,1
432,14,472.00,258.00,36.00,25.00,0.7893,1,1
432,17,258.00,492.00,38.00,44.00,0.7007,1,1
432,24,709.00,342.00,91.00,73.00,0.9271,1,1
432,26,416.00,371.00,29.00,38.00,0.5398,1,1
432,34,219.00,524.00,44.00,35.00,0.6754,1,1
432,36,116.00,645.00,96.00,112.00,0.9634,1,1
432,43,735.00,648.00,34.00,40.00,0.5552,1,1
433,1,558.00,423.00,85.00,98.00,0.9211,1,1
433,2,753.00,282.00,76.00,54.00,0.9210,1,1
433,4,457.00,205.00,57.00,60.00,0.8814,1,1
433,5,167.00,352.00,61.00,55.00,0.8659,1,1
433,10,221.00,525.00,44.00,32.00,0.7589,1,1
433,12,184.00,396.00,40.00,35.00,0.8478,1,1
433,14,472.00,260.00,35.00,24.00,0.7364,1,1
433,17,258.00,492.00,38.00,46.00,0.6345,1,1
433,24,709.00,342.00,91.00,73.00,0.9254,1,1
433,26,416.00,372.00,28.00,37.00,0.5549,1,1
433,34,190.00,525.00,44.00,35.00,0.6754,1,1
433,36,117.00,645.00,96.00,112.00,0.9650,1,1
433,43,731.00,648.00,34.00,41.00,0.6439,1,1
434,1,558.00,423.00,85.00,97.00,0.9188,1,1
434,2,753.00,281.00,77.00,54.00,0.9178,1,1
434,4,456.00,206.00,57.00,61.00,0.8898,1,1
434,5,168.00,351.00,60.00,55.00,0.8657,1,1
434,10,219.00,523.00,45.00,32.00,0.7932,1,1
434,12,185.00,395.00,40.00,35.00,0.8061,1,1
434,14,470.00,261.00,34.00,24.00,0.6865,1,1
434,17,258.00,493.00,38.00,46.00,0.5835,1,1
434,24,710.00,342.00,91.00,73.00,0.9271,1,1
434,26,416.00,373.00,29.00,36.00,0.5154,1,1
434,36,118.00,645.00,96.00,112.00,0.9657,1,1
434,43,730.00,647.00,33.00,41.00,0.7457,1,1
435,1,557.00,422.00,86.00,97.00,0.9201,1,1
435,2,754.00,281.00,77.00,54.00,0.9161,1,1
435,4,456.00,205.00,55.00,63.00,0.8889,1,1
435,5,169.00,350.00,59.00,55.00,0.8653,1,1
435,6,188.00,392.00,38.00,29.00,0.2530,1,1
435,10,219.00,522.00,44.00,32.00,0.8197,1,1
435,12,185.00,394.00,40.00,35.00,0.7653,1,1
435,14,468.00,263.00,35.00,22.00,0.6700,1,1
435,17,257.00,492.00,39.00,47.00,0.6250,1,1
435,24,710.00,342.00,91.00,73.00,0.9305,1,1
435,26,414.00,370.00,27.00,39.00,0.4915,1,1
435,36,118.00,646.00,96.00,112.00,0.9665,1,1
435,38,730.00,644.00,32.00,44.00,0.8056,1,1
435,43,728.00,647.00,33.00,41.00,0.7457,1,1
436,1,557.00,422.00,87.00,96.00,0.9232,1,1
436,2,755.00,281.00,77.00,53.00,0.9125,1,1
436,4,456.00,205.00,53.00,64.00,0.8821,1,1
436,5,169.00,349.00,60.00,55.00,0.8568,1,1
436,6,188.00,390.00,39.00,29.00,0.2530,1,1
436,10,219.00,521.00,46.00,31.00,0.7815,1,1
436,12,189.00,393.00,38.00,34.00,0.7650,1,1
436,14,467.00,262.00,36.00,24.00,0.6736,1,1
436,17,257.00,490.00,40.00,50.00,0.6747,1,1
436,24,711.00,342.00,90.00,73.00,0.9310,1,1
436,26,411.00,372.00,29.00,37.00,0.6234,1,1
436,36,119.00,646.00,96.00,113.00,0.9689,1,1
436,38,731.00,644.00,31.00,44.00,0.7030,1,1
437,1,556.00,422.00,87.00,98.00,0.9174,1,1
437,2,756.00,281.00,77.00,53.00,0.9043,1,1
437,4,455.00,206.00,52.00,64.00,0.8861,1,1
437,5,169.00,349.00,61.00,55.00,0.8506,1,1
437,10,220.00,523.00,47.00,31.00,0.7815,1,1
437,12,189.00,393.00,38.00,33.00,0.6811,1,1
437,14,467.00,263.00,36.00,23.00,0.6736,1,1
437,16,220.00,520.00,42.00,29.00,0.7696,1,1
437,17,258.00,490.00,39.00,51.00,0.6673,1,1
437,21,462.00,262.00,39.00,26.00,0.7396,1,1
437,24,711.00,341.00,91.00,74.00,0.9332,1,1
437,26,410.00,371.00,27.00,38.00,0.6916,1,1
437,36,118.00,646.00,97.00,113.00,0.9680,1,1
437,38,732.00,645.00,30.00,43.00,0.7627,1,1
438,1,553.00,422.00,89.00,98.00,0.9192,1,1
438,2,756.00,281.00,76.00,53.00,0.9019,1,1
438,4,453.00,206.00,52.00,65.00,0.8947,1,1
438,5,169.00,348.00,62.00,56.00,0.8562,1,1
438,12,186.00,394.00,39.00,33.00,0.6365,1,1
438,16,214.00,517.00,45.00,28.00,0.6632,1,1
438,17,258.00,489.00,39.00,53.00,0.6833,1,1
438,21,461.00,263.00,38.00,25.00,0.7956,1,1
438,24,711.00,342.00,91.00,73.00,0.9332,1,1
438,26,408.00,372.00,28.00,38.00,0.7351,1,1
438,36,119.00,646.00,95.00,114.00,0.9681,1,1
438,38,733.00,644.00,30.00,43.00,0.6211,1,1
439,1,551.00,422.00,91.00,98.00,0.9289,1,1
439,2,756.00,281.00,76.00,53.00,0.8991,1,1
439,4,451.00,207.00,53.00,64.00,0.8816,1,1
439,5,169.00,347.00,62.00,56.00,0.8718,1,1
439,10,212.00,514.00,45.00,31.00,0.6595,1,1
439,12,185.00,393.00,41.00,34.00,0.6006,1,1
439,14,460.00,264.00,37.00,24.00,0.8404,1,1
439,16,213.00,516.00,47.00,28.00,0.6632,1,1
439,17,261.00,489.00,36.00,53.00,0.6824,1,1
439,21,461.00,263.00,39.00,26.00,0.7956,1,1
439,24,712.00,342.00,90.00,73.00,0.9330,1,1
439,26,408.00,373.00,28.00,38.00,0.7696,1,1
439,36,118.00,646.00,96.00,114.00,0.9688,1,1
439,38,731.00,644.00,31.00,42.00,0.6211,1,1
440,1,549.00,423.00,90.00,97.00,0.9426,1,1
440,2,757.00,281.00,75.00,53.00,0.8984,1,1
440,4,450.00,206.00,52.00,66.00,0.8764,1,1
440,5,170.00,346.00,62.00,57.00,0.8762,1,1
440,10,213.00,512.00,45.00,33.00,0.6965,1,1
440,12,188.00,392.00,39.00,34.00,0.5877,1,1
440,14,459.00,264.00,37.00,25.00,0.8593,1,1
440,17,262.00,489.00,36.00,53.00,0.6956,1,1
440,24,712.00,341.00,90.00,75.00,0.9323,1,1
440,26,408.00,374.00,29.00,39.00,0.8658,1,1
440,36,118.00,646.00,96.00,115.00,0.9672,1,1
440,38,741.00,644.00,26.00,41.00,0.5536,1,1
441,1,545.00,424.00,91.00,97.00,0.9459,1,1
441,2,757.00,281.00,75.00,54.00,0.8988,1,1
441,4,447.00,206.00,53.00,67.00,0.8844,1,1
441,5,170.00,346.00,62.00,56.00,0.8755,1,1
441,10,219.00,514.00,43.00,34.00,0.6313,1,1
441,12,188.00,391.00,39.00,34.00,0.6000,1,1
441,14,459.00,265.00,35.00,24.00,0.8229,1,1
441,17,262.00,489.00,36.00,54.00,0.7198,1,1
441,24,712.00,342.00,91.00,73.00,0.9321,1,1
441,26,408.00,375.00,30.00,40.00,0.8621,1,1
441,36,116.00,646.00,97.00,114.00,0.9656,1,1
441,38,743.00,646.00,25.00,39.00,0.5440,1,1
442,1,543.00,426.00,92.00,95.00,0.9511,1,1
442,2,757.00,281.00,75.00,54.00,0.9005,1,1
442,4,444.00,206.00,53.00,67.00,0.8948,1,1
442,5,170.00,346.00,62.00,55.00,0.8764,1,1
442,10,219.00,518.00,47.00,35.00,0.4793,1,1
442,12,188.00,390.00,39.00,35.00,0.7425,1,1
442,14,455.00,265.00,38.00,24.00,0.7736,1,1
442,17,261.00,490.00,37.00,53.00,0.7071,1,1
442,24,712.00,342.00,91.00,74.00,0.9332,1,1
442,26,407.00,375.00,31.00,40.00,0.8001,1,1
442,36,115.00,647.00,97.00,112.00,0.9651,1,1
442,38,743.00,646.00,25.00,39.00,0.5440,1,1
442,43,745.00,643.00,24.00,42.00,0.3144,1,1
443,1,541.00,427.00,91.00,98.00,0.9454,1,1
443,2,757.00,281.00,75.00,54.00,0.8999,1,1
443,4,442.00,207.00,53.00,66.00,0.8848,1,1
443,5,170.00,346.00,62.00,54.00,0.8769,1,1
443,10,220.00,520.00,47.00,32.00,0.6408,1,1
443,12,188.00,389.00,40.00,36.00,0.7555,1,1
443,14,450.00,265.00,41.00,23.00,0.7384,1,1
443,17,263.00,491.00,35.00,52.00,0.6979,1,1
443,24,712.00,342.00,91.00,74.00,0.9322,1,1
443,26,407.00,376.00,33.00,40.00,0.8088,1,1
443,36,113.00,646.00,97.00,114.00,0.9615,1,1
443,43,746.00,643.00,23.00,41.00,0.3144,1,1
444,1,537.00,428.00,92.00,99.00,0.9465,1,1
444,2,758.00,281.00,75.00,55.00,0.9028,1,1
444,4,439.00,208.00,54.00,65.00,0.8680,1,1
444,5,170.00,345.00,62.00,56.00,0.8778,1,1
444,10,223.00,520.00,44.00,32.00,0.7089,1,1
444,12,188.00,388.00,40.00,36.00,0.7520,1,1
444,14,447.00,265.00,38.00,25.00,0.7991,1,1
444,17,263.00,491.00,36.00,52.00,0.7014,1,1
444,24,712.00,342.00,91.00,74.00,0.9274,1,1
444,26,407.00,378.00,34.00,39.00,0.8218,1,1
444,36,111.00,647.00,99.00,113.00,0.9575,1,1
445,1,534.00,430.00,92.00,98.00,0.9450,1,1
445,2,757.00,281.00,75.00,55.00,0.9066,1,1
445,4,435.00,208.00,55.00,66.00,0.8672,1,1
445,5,170.00,345.00,62.00,56.00,0.8774,1,1
445,10,222.00,517.00,44.00,33.00,0.7747,1,1
445,12,189.00,388.00,39.00,35.00,0.7483,1,1
445,14,446.00,266.00,35.00,24.00,0.8152,1,1
445,17,265.00,492.00,35.00,51.00,0.7027,1,1
445,24,712.00,343.00,90.00,72.00,0.9218,1,1
445,26,405.00,379.00,34.00,39.00,0.8251,1,1
445,36,110.00,648.00,98.00,112.00,0.9467,1,1
446,1,530.00,430.00,92.00,100.00,0.9488,1,1
446,2,758.00,281.00,74.00,55.00,0.9084,1,1
446,4,432.00,209.00,55.00,65.00,0.9006,1,1
446,5,170.00,345.00,62.00,56.00,0.8743,1,1
446,10,220.00,515.00,43.00,32.00,0.7836,1,1
446,12,188.00,388.00,40.00,36.00,0.7588,1,1
446,14,445.00,267.00,34.00,23.00,0.7484,1,1
446,17,265.00,492.00,34.00,51.00,0.6978,1,1
446,24,711.00,343.00,90.00,73.00,0.9159,1,1
446,26,403.00,378.00,34.00,39.00,0.8244,1,1
446,36,109.00,648.00,98.00,112.00,0.9489,1,1
447,1,524.00,432.00,93.00,97.00,0.9450,1,1
447,2,758.00,281.00,74.00,55.00,0.9088,1,1
447,4,428.00,210.00,54.00,66.00,0.8992,1,1
447,5,171.00,345.00,61.00,55.00,0.8703,1,1
447,10,218.00,515.00,43.00,31.00,0.7592,1,1
447,12,188.00,388.00,39.00,36.00,0.7867,1,1
447,14,441.00,267.00,37.00,24.00,0.6090,1,1
447,17,266.00,491.00,33.00,51.00,0.6948,1,1
447,24,711.00,343.00,90.00,73.00,0.9105,1,1
447,26,401.00,377.00,35.00,39.00,0.7521,1,1
447,36,108.00,649.00,98.00,112.00,0.9534,1,1
447,37,486.00,367.00,26.00,48.00,0.5435,1,1
447,38,751.00,651.00,27.00,37.00,0.2850,1,1
448,1,519.00,433.00,94.00,98.00,0.9419,1,1
448,2,758.00,281.00,75.00,55.00,0.9063,1,1
448,4,425.00,212.00,54.00,65.00,0.8873,1,1
448,5,171.00,345.00,61.00,55.00,0.8727,1,1
448,10,217.00,516.00,42.00,32.00,0.6836,1,1
448,12,188.00,387.00,39.00,37.00,0.7706,1,1
448,14,440.00,267.00,36.00,24.00,0.6090,1,1
448,17,264.00,494.00,36.00,48.00,0.6712,1,1
448,21,433.00,266.00,41.00,26.00,0.5145,1,1
448,24,711.00,343.00,89.00,73.00,0.9117,1,1
448,26,398.00,378.00,39.00,38.00,0.4348,1,1
448,36,108.00,650.00,99.00,112.00,0.9542,1,1
448,37,485.00,372.00,27.00,42.00,0.5120,1,1
448,38,752.00,651.00,27.00,37.00,0.5454,1,1
449,1,513.00,434.00,93.00,96.00,0.9465,1,1
449,2,758.00,281.00,74.00,56.00,0.9064,1,1
449,4,421.00,213.00,56.00,65.00,0.9053,1,1
449,5,171.00,345.00,61.00,54.00,0.8745,1,1
449,10,220.00,520.00,43.00,33.00,0.4718,1,1
449,12,188.00,387.00,39.00,37.00,0.7797,1,1
449,14,430.00,269.00,40.00,25.00,0.6018,1,1
449,17,263.00,493.00,36.00,49.00,0.6773,1,1
449,21,431.00,266.00,41.00,27.00,0.5145,1,1
449,24,711.00,344.00,90.00,72.00,0.9081,1,1
449,26,396.00,379.00,38.00,38.00,0.2817,1,1
449,36,108.00,652.00,98.00,110.00,0.9496,1,1
449,37,485.00,371.00,28.00,43.00,0.5943,1,1
449,38,753.00,654.00,27.00,36.00,0.3442,1,1
450,1,508.00,435.00,91.00,95.00,0.9498,1,1
450,2,758.00,281.00,75.00,56.00,0.9047,1,1
450,4,418.00,214.00,56.00,64.00,0.9023,1,1
450,5,171.00,345.00,60.00,54.00,0.8765,1,1
450,10,218.00,522.00,45.00,32.00,0.3861,1,1
450,12,188.00,387.00,39.00,37.00,0.7453,1,1
450,14,430.00,270.00,37.00,25.00,0.6011,1,1
450,17,264.00,493.00,36.00,49.00,0.6500,1,1
450,24,711.00,344.00,89.00,72.00,0.9043,1,1
450,26,394.00,379.00,38.00,36.00,0.3698,1,1
450,36,108.00,653.00,99.00,111.00,0.9472,1,1
450,37,482.00,368.00,28.00,40.00,0.3530,1,1
450,38,753.00,654.00,27.00,36.00,0.5634,1,1
451,1,501.00,435.00,93.00,96.00,0.9451,1,1
451,2,758.00,281.00,75.00,56.00,0.9046,1,1
451,4,416.00,216.00,57.00,64.00,0.8978,1,1
451,5,170.00,345.00,60.00,54.00,0.8750,1,1
451,10,218.00,521.00,45.00,33.00,0.5888,1,1
451,12,188.00,388.00,38.00,36.00,0.7517,1,1
451,14,428.00,272.00,38.00,24.00,0.6316,1,1
451,17,264.00,493.00,36.00,49.00,0.6946,1,1
451,24,711.00,344.00,89.00,72.00,0.8993,1,1
451,26,391.00,380.00,39.00,36.00,0.3686,1,1
451,36,108.00,653.00,99.00,111.00,0.9461,1,1
451,37,482.00,367.00,28.00,42.00,0.2677,1,1
451,38,754.00,655.00,26.00,35.00,0.6620,1,1
452,1,494.00,435.00,92.00,96.00,0.9459,1,1
452,2,758.00,282.00,75.00,55.00,0.9002,1,1
452,4,412.00,217.00,60.00,63.00,0.8914,1,1
452,5,170.00,345.00,60.00,54.00,0.8777,1,1
452,10,217.00,519.00,45.00,35.00,0.7590,1,1
452,12,188.00,388.00,38.00,36.00,0.7615,1,1
452,14,425.00,271.00,40.00,25.00,0.6645,1,1
452,17,265.00,493.00,35.00,49.00,0.7327,1,1
452,24,710.00,344.00,90.00,72.00,0.8973,1,1
452,26,391.00,381.00,40.00,39.00,0.3638,1,1
452,36,106.00,653.00,99.00,111.00,0.9467,1,1
452,37,492.00,364.00,28.00,40.00,0.2677,1,1
452,38,753.00,655.00,27.00,34.00,0.6385,1,1
453,1,488.00,436.00,92.00,96.00,0.9524,1,1
453,2,758.00,282.00,76.00,55.00,0.8983,1,1
453,4,409.00,217.00,62.00,63.00,0.8906,1,1
453,5,170.00,345.00,60.00,54.00,0.8757,1,1
453,10,216.00,517.00,45.00,37.00,0.6553,1,1
453,12,187.00,388.00,39.00,37.00,0.7571,1,1
453,14,419.00,272.00,42.00,23.00,0.6388,1,1
453,17,263.00,489.00,36.00,53.00,0.7608,1,1
453,24,710.00,345.00,89.00,71.00,0.9011,1,1
453,26,391.00,382.00,39.00,40.00,0.4262,1,1
453,36,106.00,653.00,97.00,110.00,0.9458,1,1
453,37,482.00,367.00,31.00,43.00,0.4815,1,1
453,38,754.00,655.00,26.00,34.00,0.7083,1,1
454,1,479.00,436.00,94.00,97.00,0.9418,1,1
454,2,758.00,282.00,76.00,54.00,0.8999,1,1
454,4,408.00,219.00,61.00,61.00,0.9016,1,1
454,5,170.00,345.00,60.00,54.00,0.8718,1,1
454,10,216.00,517.00,46.00,37.00,0.6553,1,1
454,12,186.00,388.00,40.00,37.00,0.7002,1,1
454,14,418.00,272.00,41.00,23.00,0.6425,1,1
454,16,215.00,519.00,44.00,32.00,0.5643,1,1
454,17,263.00,490.00,36.00,52.00,0.6858,1,1
454,24,709.00,344.00,89.00,71.00,0.9016,1,1
454,26,390.00,382.00,40.00,40.00,0.4262,1,1
454,36,105.00,653.00,96.00,109.00,0.9462,1,1
454,37,480.00,369.00,32.00,46.00,0.5140,1,1
454,38,754.00,654.00,26.00,35.00,0.7142,1,1
455,1,474.00,438.00,95.00,96.00,0.9356,1,1
455,2,759.00,282.00,76.00,55.00,0.8961,1,1
455,4,405.00,219.00,62.00,61.00,0.8998,1,1
455,5,169.00,345.00,61.00,54.00,0.8730,1,1
455,12,186.00,388.00,39.00,37.00,0.7498,1,1
455,14,418.00,273.00,39.00,23.00,0.6535,1,1
455,16,215.00,518.00,44.00,32.00,0.5528,1,1
455,17,263.00,491.00,36.00,52.00,0.7184,1,1
455,24,708.00,344.00,90.00,71.00,0.8959,1,1
455,36,104.00,652.00,96.00,110.00,0.9497,1,1
455,37,478.00,370.00,36.00,46.00,0.7079,1,1
455,38,753.00,653.00,26.00,35.00,0.6793,1,1
456,1,465.00,441.00,98.00,97.00,0.9405,1,1
456,2,759.00,282.00,76.00,54.00,0.9035,1,1
456,4,403.00,220.00,64.00,60.00,0.9017,1,1
456,5,169.00,346.00,60.00,53.00,0.8713,1,1
456,10,217.00,519.00,43.00,33.00,0.6761,1,1
456,12,186.00,388.00,40.00,37.00,0.7878,1,1
456,14,418.00,272.00,39.00,24.00,0.6628,1,1
456,16,214.00,518.00,45.00,32.00,0.5528,1,1
456,17,267.00,495.00,32.00,48.00,0.7448,1,1
456,24,708.00,344.00,90.00,71.00,0.8945,1,1
456,26,392.00,384.00,41.00,41.00,0.6103,1,1
456,36,103.00,652.00,94.00,108.00,0.9501,1,1
456,37,480.00,366.00,34.00,44.00,0.6191,1,1
456,38,751.00,652.00,28.00,35.00,0.6534,1,1
457,1,459.00,442.00,94.00,99.00,0.9419,1,1
457,2,759.00,282.00,76.00,54.00,0.9069,1,1
457,4,402.00,220.00,64.00,60.00,0.8903,1,1
457,5,168.00,347.00,61.00,52.00,0.8717,1,1
457,10,217.00,519.00,43.00,34.00,0.6761,1,1
457,12,186.00,389.00,39.00,37.00,0.7692,1,1
457,14,418.00,273.00,38.00,23.00,0.6696,1,1
457,17,267.00,496.00,31.00,48.00,0.6131,1,1
457,24,708.00,344.00,90.00,71.00,0.9006,1,1
457,26,392.00,384.00,40.00,39.00,0.4180,1,1
457,36,101.00,651.00,93.00,109.00,0.9474,1,1
457,37,481.00,366.00,33.00,42.00,0.4955,1,1
457,38,750.00,651.00,28.00,35.00,0.5851,1,1
458,1,450.00,445.00,93.00,98.00,0.9484,1,1
458,2,759.00,281.00,77.00,55.00,0.9018,1,1
458,4,402.00,220.00,63.00,60.00,0.8890,1,1
458,5,168.00,348.00,60.00,52.00,0.8666,1,1
458,12,185.00,390.00,39.00,36.00,0.7539,1,1
458,14,418.00,272.00,37.00,24.00,0.6696,1,1
458,17,262.00,497.00,34.00,45.00,0.4364,1,1
458,24,707.00,344.00,90.00,71.00,0.8996,1,1
458,26,390.00,384.00,41.00,38.00,0.5114,1,1
458,36,100.00,651.00,92.00,108.00,0.9475,1,1
458,37,486.00,364.00,34.00,42.00,0.4955,1,1
458,38,749.00,650.00,28.00,36.00,0.7358,1,1
459,1,445.00,449.00,91.00,97.00,0.9408,1,1
459,2,759.00,281.00,77.00,55.00,0.8986,1,1
459,4,401.00,220.00,64.00,59.00,0.8912,1,1
459,5,168.00,349.00,60.00,53.00,0.8667,1,1
459,10,217.00,524.00,41.00,34.00,0.5642,1,1
459,12,186.00,391.00,39.00,36.00,0.7703,1,1
459,14,418.00,271.00,38.00,24.00,0.6302,1,1
459,17,259.00,497.00,36.00,45.00,0.4528,1,1
459,24,707.00,344.00,91.00,71.00,0.9032,1,1
459,26,390.00,384.00,40.00,37.00,0.5204,1,1
459,36,98.00,650.00,93.00,108.00,0.9529,1,1
459,38,748.00,650.00,28.00,36.00,0.7351,1,1
460,1,439.00,452.00,90.00,97.00,0.9329,1,1
460,2,760.00,282.00,76.00,54.00,0.8982,1,1
460,4,400.00,220.00,65.00,59.00,0.8887,1,1
460,5,167.00,349.00,62.00,54.00,0.8712,1,1
460,10,216.00,524.00,42.00,35.00,0.5642,1,1
460,12,184.00,392.00,41.00,36.00,0.7433,1,1
460,14,419.00,271.00,36.00,24.00,0.5950,1,1
460,16,212.00,522.00,47.00,29.00,0.5431,1,1
460,17,259.00,497.00,36.00,44.00,0.5594,1,1
460,24,707.00,345.00,91.00,70.00,0.9017,1,1
460,26,391.00,385.00,40.00,35.00,0.4055,1,1
460,36,97.00,649.00,94.00,108.00,0.9565,1,1
460,38,748.00,650.00,28.00,36.00,0.7345,1,1
460,43,660.00,523.00,42.00,41.00,0.2766,1,1
461,1,432.00,453.00,92.00,98.00,0.9423,1,1
461,2,760.00,282.00,77.00,54.00,0.8985,1,1
461,4,400.00,220.00,65.00,58.00,0.8880,1,1
461,5,166.00,349.00,62.00,55.00,0.8827,1,1
461,12,184.00,393.00,41.00,36.00,0.7425,1,1
461,14,418.00,270.00,37.00,25.00,0.6093,1,1
461,16,212.00,521.00,47.00,29.00,0.5212,1,1
461,17,258.00,496.00,37.00,46.00,0.6749,1,1
461,24,707.00,345.00,91.00,70.00,0.9051,1,1
461,26,391.00,384.00,40.00,36.00,0.4297,1,1
461,34,340.00,514.00,42.00,46.00,0.2982,1,1
461,36,97.00,647.00,93.00,108.00,0.9482,1,1
461,38,748.00,649.00,28.00,36.00,0.7544,1,1
461,43,656.00,516.00,42.00,41.00,0.2766,1,1
462,1,429.00,457.00,92.00,97.00,0.9501,1,1
462,2,760.00,281.00,79.00,54.00,0.9049,1,1
462,4,400.00,220.00,65.00,57.00,0.8874,1,1
462,5,165.00,351.00,63.00,55.00,0.8908,1,1
462,12,184.00,394.00,40.00,35.00,0.7340,1,1
462,14,418.00,270.00,38.00,24.00,0.6226,1,1
462,16,217.00,519.00,42.00,29.00,0.3815,1,1
462,17,257.00,494.00,37.00,47.00,0.7291,1,1
462,24,708.00,345.00,89.00,70.00,0.9035,1,1
462,26,390.00,383.00,43.00,37.00,0.3212,1,1
462,34,345.00,522.00,42.00,44.00,0.2931,1,1
462,36,98.00,645.00,92.00,107.00,0.9323,1,1
462,38,748.00,649.00,28.00,36.00,0.7675,1,1
462,43,660.00,522.00,42.00,42.00,0.2523,1,1
463,1,422.00,457.00,92.00,99.00,0.9451,1,1
463,2,760.00,280.00,80.00,54.00,0.9058,1,1
463,4,400.00,220.00,65.00,56.00,0.8836,1,1
463,5,164.00,351.00,62.00,56.00,0.8968,1,1
463,12,183.00,395.00,40.00,34.00,0.7708,1,1
463,14,417.00,269.00,38.00,24.00,0.6797,1,1
463,16,217.00,519.00,42.00,29.00,0.3815,1,1
463,17,257.00,495.00,37.00,47.00,0.7065,1,1
463,24,708.00,345.00,89.00,70.00,0.9086,1,1
463,26,389.00,383.00,44.00,37.00,0.3212,1,1
463,34,349.00,522.00,43.00,45.00,0.2931,1,1
463,36,98.00,643.00,92.00,106.00,0.9259,1,1
463,38,747.00,649.00,29.00,36.00,0.7593,1,1
463,43,660.00,521.00,42.00,42.00,0.3157,1,1
464,1,417.00,459.00,94.00,99.00,0.9475,1,1
464,2,761.00,280.00,80.00,54.00,0.9025,1,1
464,4,400.00,219.00,66.00,56.00,0.8830,1,1
464,5,164.00,352.00,61.00,55.00,0.9021,1,1
464,12,183.00,395.00,39.00,35.00,0.7665,1,1
464,14,417.00,268.00,39.00,25.00,0.7284,1,1
464,17,258.00,496.00,36.00,46.00,0.6584,1,1
464,24,707.00,345.00,91.00,70.00,0.9131,1,1
464,26,391.00,382.00,43.00,36.00,0.3083,1,1
464,36,98.00,642.00,92.00,105.00,0.9375,1,1
464,37,496.00,354.00,40.00,36.00,0.3783,1,1
464,38,747.00,650.00,29.00,35.00,0.7463,1,1
464,43,660.00,521.00,42.00,42.00,0.3153,1,1
465,1,414.00,462.00,95.00,97.00,0.9455,1,1
465,2,761.00,278.00,82.00,56.00,0.8742,1,1
465,4,401.00,218.00,65.00,56.00,0.8797,1,1
465,5,163.00,353.00,62.00,55.00,0.9012,1,1
465,12,182.00,395.00,40.00,36.00,0.7873,1,1
465,14,418.00,267.00,40.00,24.00,0.7662,1,1
465,17,257.00,494.00,35.00,48.00,0.4876,1,1
465,24,707.00,345.00,91.00,70.00,0.9132,1,1
465,26,393.00,383.00,42.00,35.00,0.3412,1,1
465,36,98.00,641.00,91.00,106.00,0.9400,1,1
465,37,499.00,352.00,40.00,34.00,0.2632,1,1
465,38,748.00,650.00,29.00,35.00,0.7211,1,1
465,43,660.00,521.00,42.00,42.00,0.3466,1,1
466,1,407.00,462.00,96.00,97.00,0.9404,1,1
466,2,762.00,276.00,83.00,58.00,0.8142,1,1
466,4,402.00,217.00,64.00,56.00,0.8797,1,1
466,5,162.00,353.00,62.00,55.00,0.8959,1,1
466,12,181.00,396.00,41.00,36.00,0.8111,1,1
466,14,418.00,266.00,41.00,24.00,0.7880,1,1
466,17,257.00,495.00,41.00,47.00,0.5264,1,1
466,24,708.00,345.00,89.00,70.00,0.9093,1,1
466,26,396.00,384.00,39.00,34.00,0.6588,1,1
466,36,98.00,640.00,91.00,106.00,0.9468,1,1
466,37,503.00,350.00,40.00,33.00,0.2632,1,1
466,38,748.00,650.00,29.00,36.00,0.7085,1,1
466,43,660.00,521.00,42.00,42.00,0.3534,1,1
467,1,402.00,461.00,97.00,99.00,0.9328,1,1
467,2,763.00,275.00,84.00,59.00,0.8099,1,1
467,4,403.00,216.00,63.00,55.00,0.8770,1,1
467,5,162.00,354.00,62.00,55.00,0.8917,1,1
467,10,209.00,520.00,48.00,28.00,0.5032,1,1
467,12,180.00,396.00,41.00,36.00,0.8415,1,1
467,14,418.00,265.00,42.00,24.00,0.8494,1,1
467,17,262.00,496.00,38.00,45.00,0.4746,1,1
467,24,708.00,345.00,89.00,70.00,0.9118,1,1
467,26,397.00,382.00,38.00,35.00,0.8071,1,1
467,36,98.00,639.00,91.00,105.00,0.9505,1,1
467,38,747.00,650.00,30.00,36.00,0.7113,1,1
467,43,660.00,520.00,42.00,43.00,0.3827,1,1
468,1,399.00,461.00,95.00,101.00,0.9364,1,1
468,2,763.00,275.00,85.00,59.00,0.8221,1,1
468,4,404.00,215.00,62.00,54.00,0.8757,1,1
468,5,161.00,355.00,64.00,56.00,0.8968,1,1
468,10,205.00,521.00,45.00,25.00,0.6698,1,1
468,12,180.00,397.00,41.00,35.00,0.8533,1,1
468,14,421.00,264.00,39.00,26.00,0.8625,1,1
468,17,260.00,494.00,43.00,45.00,0.3649,1,1
468,24,708.00,344.00,88.00,70.00,0.9111,1,1
468,26,399.00,381.00,30.00,34.00,0.3821,1,1
468,36,99.00,637.00,90.00,105.00,0.9513,1,1
468,37,519.00,344.00,37.00,29.00,0.5971,1,1
468,38,747.00,650.00,30.00,36.00,0.7291,1,1
468,43,660.00,520.00,43.00,43.00,0.2601,1,1
469,1,394.00,459.00,93.00,101.00,0.9424,1,1
469,2,765.00,274.00,80.00,60.00,0.8244,1,1
469,4,405.00,214.00,60.00,53.00,0.8852,1,1
469,5,161.00,356.00,64.00,56.00,0.9018,1,1
469,10,204.00,521.00,44.00,25.00,0.6698,1,1
469,12,181.00,398.00,40.00,35.00,0.8574,1,1
469,14,422.00,264.00,39.00,26.00,0.8199,1,1
469,16,194.00,520.00,45.00,30.00,0.4466,1,1
469,17,260.00,494.00,44.00,44.00,0.3649,1,1
469,24,707.00,344.00,90.00,70.00,0.9252,1,1
469,26,400.00,381.00,29.00,34.00,0.3821,1,1
469,34,254.00,481.00,47.00,54.00,0.3072,1,1
469,36,99.00,636.00,91.00,104.00,0.9543,1,1
469,37,524.00,342.00,37.00,28.00,0.5971,1,1
469,38,747.00,650.00,28.00,36.00,0.6526,1,1
469,43,659.00,518.00,43.00,43.00,0.2601,1,1
470,1,389.00,460.00,97.00,100.00,0.9481,1,1
470,2,765.00,275.00,84.00,60.00,0.8705,1,1
470,4,408.00,212.00,58.00,55.00,0.8866,1,1
470,5,160.00,356.00,64.00,56.00,0.9032,1,1
470,12,180.00,398.00,40.00,36.00,0.8573,1,1
470,14,425.00,263.00,37.00,27.00,0.8381,1,1
470,16,192.00,520.00,45.00,30.00,0.4466,1,1
470,17,255.00,485.00,49.00,47.00,0.4883,1,1
470,21,411.00,381.00,49.00,46.00,0.3152,1,1
470,24,707.00,344.00,89.00,69.00,0.9284,1,1
470,34,247.00,478.00,48.00,54.00,0.3072,1,1
470,36,99.00,636.00,91.00,104.00,0.9546,1,1
470,38,747.00,649.00,27.00,37.00,0.5650,1,1
471,1,387.00,460.00,94.00,98.00,0.9482,1,1
471,2,766.00,274.00,83.00,61.00,0.8546,1,1
471,4,411.00,211.00,56.00,54.00,0.8863,1,1
471,5,159.00,357.00,65.00,55.00,0.9076,1,1
471,12,180.00,398.00,40.00,38.00,0.8803,1,1
471,14,428.00,262.00,36.00,27.00,0.8530,1,1
471,17,253.00,485.00,51.00,43.00,0.3606,1,1
471,21,410.00,386.00,49.00,48.00,0.3152,1,1
471,24,707.00,344.00,89.00,69.00,0.9252,1,1
471,36,99.00,636.00,91.00,104.00,0.9538,1,1
471,38,746.00,649.00,27.00,36.00,0.4464,1,1
472,1,384.00,458.00,92.00,99.00,0.9499,1,1
472,2,766.00,274.00,84.00,62.00,0.8621,1,1
472,4,413.00,210.00,55.00,55.00,0.8877,1,1
472,5,159.00,357.00,64.00,56.00,0.9071,1,1
472,12,179.00,398.00,41.00,38.00,0.8748,1,1
472,14,429.00,262.00,35.00,27.00,0.8357,1,1
472,17,254.00,485.00,49.00,38.00,0.2829,1,1
472,24,706.00,344.00,90.00,69.00,0.9264,1,1
472,36,99.00,636.00,91.00,104.00,0.9529,1,1
472,37,531.00,329.00,41.00,35.00,0.6297,1,1
472,38,747.00,650.00,24.00,36.00,0.4331,1,1
473,1,382.00,457.00,91.00,100.00,0.9522,1,1
473,2,767.00,274.00,83.00,64.00,0.8562,1,1
473,4,415.00,210.00,53.00,54.00,0.8907,1,1
473,5,158.00,357.00,65.00,57.00,0.9099,1,1
473,12,179.00,397.00,40.00,39.00,0.8896,1,1
473,14,429.00,261.00,36.00,28.00,0.8700,1,1
473,17,251.00,490.00,43.00,39.00,0.2585,1,1
473,24,707.00,344.00,89.00,69.00,0.9252,1,1
473,36,100.00,636.00,91.00,105.00,0.9519,1,1
473,37,536.00,329.00,42.00,31.00,0.7226,1,1
473,38,744.00,648.00,27.00,39.00,0.5387,1,1
473,43,661.00,518.00,42.00,46.00,0.2834,1,1
474,1,380.00,457.00,93.00,99.00,0.9512,1,1
474,2,767.00,274.00,84.00,63.00,0.8698,1,1
474,4,416.00,209.00,53.00,54.00,0.8952,1,1
474,5,156.00,357.00,66.00,57.00,0.9163,1,1
474,12,178.00,397.00,39.00,39.00,0.9078,1,1
474,14,430.00,260.00,37.00,29.00,0.8451,1,1
474,17,252.00,496.00,28.00,40.00,0.7107,1,1
474,24,706.00,344.00,90.00,69.00,0.9284,1,1
474,36,100.00,636.00,92.00,105.00,0.9517,1,1
474,37,541.00,326.00,42.00,31.00,0.4119,1,1
474,38,744.00,648.00,26.00,39.00,0.5815,1,1
474,43,661.00,518.00,42.00,46.00,0.2611,1,1
475,1,380.00,457.00,92.00,99.00,0.9487,1,1
475,2,768.00,274.00,84.00,64.00,0.8761,1,1
475,4,418.00,208.00,52.00,55.00,0.8908,1,1
475,5,154.00,357.00,66.00,58.00,0.9200,1,1
475,12,179.00,394.00,38.00,42.00,0.9473,1,1
475,14,430.00,259.00,38.00,30.00,0.8184,1,1
475,17,251.00,506.00,27.00,45.00,0.7293,1,1
475,24,707.00,344.00,89.00,69.00,0.9267,1,1
475,36,100.00,637.00,91.00,105.00,0.9498,1,1
475,37,546.00,323.00,40.00,33.00,0.6605,1,1
475,38,744.00,649.00,26.00,38.00,0.5589,1,1
475,43,660.00,517.00,43.00,46.00,0.2611,1,1
476,1,378.00,458.00,94.00,98.00,0.9462,1,1
476,2,768.00,274.00,84.00,65.00,0.8774,1,1
476,4,418.00,207.00,52.00,56.00,0.8954,1,1
476,5,153.00,358.00,65.00,57.00,0.9167,1,1
476,12,178.00,395.00,38.00,41.00,0.9418,1,1
476,14,430.00,259.00,40.00,30.00,0.7852,1,1
476,17,248.00,508.00,27.00,47.00,0.4725,1,1
476,24,707.00,344.00,89.00,69.00,0.9260,1,1
476,36,100.00,637.00,91.00,108.00,0.9489,1,1
476,37,551.00,320.00,40.00,34.00,0.6500,1,1
476,38,744.00,647.00,26.00,39.00,0.5380,1,1
477,1,379.00,455.00,94.00,101.00,0.9396,1,1
477,2,769.00,274.00,83.00,65.00,0.8790,1,1
477,4,418.00,208.00,52.00,55.00,0.9026,1,1
477,5,151.00,358.00,67.00,58.00,0.9226,1,1
477,12,179.00,395.00,37.00,40.00,0.9256,1,1
477,14,431.00,258.00,39.00,32.00,0.8063,1,1
477,16,252.00,520.00,27.00,37.00,0.6575,1,1
477,17,247.00,510.00,26.00,47.00,0.4725,1,1
477,24,707.00,343.00,89.00,70.00,0.9266,1,1
477,36,100.00,638.00,91.00,110.00,0.9391,1,1
477,37,552.00,316.00,41.00,35.00,0.7927,1,1
477,38,744.00,646.00,26.00,40.00,0.5417,1,1
478,1,378.00,456.00,95.00,98.00,0.9382,1,1
478,2,769.00,273.00,82.00,66.00,0.8750,1,1
478,4,418.00,207.00,52.00,55.00,0.9085,1,1
478,5,150.00,358.00,66.00,58.00,0.9179,1,1
478,12,178.00,399.00,38.00,36.00,0.9134,1,1
478,14,431.00,258.00,39.00,32.00,0.8013,1,1
478,16,252.00,517.00,24.00,37.00,0.5240,1,1
478,17,249.00,509.00,24.00,44.00,0.5481,1,1
478,24,707.00,343.00,89.00,70.00,0.9279,1,1
478,34,178.00,405.00,36.00,34.00,0.3102,1,1
478,36,99.00,638.00,92.00,111.00,0.9356,1,1
478,37,554.00,316.00,40.00,35.00,0.7987,1,1
478,38,743.00,646.00,27.00,40.00,0.6045,1,1
479,1,377.00,455.00,96.00,96.00,0.9275,1,1
479,2,769.00,274.00,83.00,66.00,0.8729,1,1
479,4,418.00,207.00,52.00,55.00,0.9114,1,1
479,5,148.00,358.00,67.00,60.00,0.9149,1,1
479,12,179.00,401.00,37.00,33.00,0.9185,1,1
479,14,430.00,259.00,39.00,31.00,0.8433,1,1
479,16,251.00,514.00,24.00,40.00,0.5349,1,1
479,17,248.00,511.00,24.00,44.00,0.5481,1,1
479,24,707.00,344.00,88.00,69.00,0.9281,1,1
479,26,407.00,376.00,35.00,37.00,0.7358,1,1
479,34,170.00,398.00,35.00,33.00,0.3102,1,1
479,36,99.00,641.00,93.00,111.00,0.9263,1,1
479,37,557.00,314.00,42.00,35.00,0.8626,1,1
479,38,744.00,647.00,26.00,39.00,0.6156,1,1
480,1,378.00,454.00,96.00,96.00,0.9234,1,1
480,2,769.00,273.00,82.00,66.00,0.8695,1,1
480,4,417.00,207.00,52.00,57.00,0.9170,1,1
480,5,146.00,358.00,68.00,61.00,0.9151,1,1
480,12,180.00,399.00,35.00,35.00,0.9227,1,1
480,14,429.00,259.00,40.00,32.00,0.8647,1,1
480,16,251.00,514.00,24.00,37.00,0.4224,1,1
480,17,250.00,504.00,24.00,46.00,0.5051,1,1
480,24,707.00,344.00,88.00,70.00,0.9289,1,1
480,26,408.00,379.00,40.00,40.00,0.4055,1,1
480,34,181.00,406.00,31.00,34.00,0.2670,1,1
480,36,98.00,644.00,91.00,111.00,0.9432,1,1
480,37,558.00,311.00,43.00,38.00,0.7965,1,1
480,38,744.00,649.00,28.00,37.00,0.5070,1,1
481,1,378.00,452.00,95.00,97.00,0.9331,1,1
481,2,770.00,273.00,81.00,66.00,0.8735,1,1
481,4,417.00,208.00,52.00,56.00,0.9161,1,1
481,5,146.00,359.00,69.00,60.00,0.9049,1,1
481,12,183.00,395.00,33.00,39.00,0.9176,1,1
481,14,429.00,259.00,38.00,32.00,0.8852,1,1
481,16,254.00,513.00,24.00,37.00,0.4224,1,1
481,17,250.00,503.00,25.00,47.00,0.4345,1,1
481,24,707.00,344.00,88.00,70.00,0.9280,1,1
481,26,404.00,379.00,39.00,41.00,0.2905,1,1
481,34,175.00,401.00,31.00,33.00,0.2670,1,1
481,36,97.00,649.00,92.00,110.00,0.9611,1,1
481,37,558.00,309.00,44.00,38.00,0.7246,1,1
481,38,745.00,650.00,27.00,36.00,0.3650,1,1
482,1,378.00,450.00,94.00,98.00,0.9334,1,1
482,2,770.00,273.00,81.00,66.00,0.8780,1,1
482,4,416.00,210.00,51.00,55.00,0.9113,1,1
482,5,145.00,360.00,69.00,61.00,0.8991,1,1
482,12,183.00,394.00,34.00,39.00,0.8947,1,1
482,14,428.00,260.00,38.00,31.00,0.8870,1,1
482,17,251.00,501.00,26.00,46.00,0.6992,1,1
482,24,706.00,344.00,89.00,70.00,0.9243,1,1
482,26,404.00,382.00,38.00,39.00,0.4216,1,1
482,34,178.00,402.00,34.00,37.00,0.2656,1,1
482,36,94.00,650.00,94.00,112.00,0.9623,1,1
482,37,557.00,306.00,48.00,36.00,0.4745,1,1
482,38,747.00,652.00,27.00,35.00,0.4919,1,1
483,1,376.00,449.00,97.00,97.00,0.9357,1,1
483,2,770.00,273.00,82.00,66.00,0.8865,1,1
483,4,415.00,212.00,51.00,54.00,0.9146,1,1
483,5,144.00,359.00,71.00,62.00,0.9061,1,1
483,12,184.00,393.00,33.00,41.00,0.8974,1,1
483,14,426.00,261.00,39.00,31.00,0.8232,1,1
483,17,252.00,497.00,29.00,48.00,0.5984,1,1
483,24,706.00,344.00,89.00,70.00,0.9175,1,1
483,26,399.00,382.00,38.00,39.00,0.3565,1,1
483,34,175.00,409.00,35.00,34.00,0.2647,1,1
483,36,92.00,653.00,93.00,112.00,0.9444,1,1
483,37,555.00,305.00,48.00,34.00,0.5049,1,1
483,38,749.00,654.00,28.00,34.00,0.6256,1,1
484,1,376.00,447.00,95.00,95.00,0.9446,1,1
484,2,770.00,273.00,82.00,66.00,0.8847,1,1
484,4,413.00,214.00,52.00,53.00,0.9157,1,1
484,5,145.00,359.00,70.00,62.00,0.8983,1,1
484,12,183.00,393.00,34.00,41.00,0.8848,1,1
484,14,422.00,262.00,40.00,33.00,0.6885,1,1
484,17,255.00,495.00,30.00,48.00,0.3199,1,1
484,24,706.00,344.00,89.00,70.00,0.9164,1,1
484,26,394.00,383.00,40.00,39.00,0.3894,1,1
484,34,175.00,411.00,35.00,32.00,0.3633,1,1
484,36,89.00,656.00,92.00,113.00,0.9431,1,1
484,37,554.00,306.00,45.00,31.00,0.7488,1,1
484,38,752.00,656.00,27.00,33.00,0.7247,1,1
485,1,376.00,445.00,96.00,95.00,0.9341,1,1
485,2,770.00,273.00,83.00,66.00,0.8807,1,1
485,4,411.00,215.00,52.00,55.00,0.8995,1,1
485,5,144.00,360.00,71.00,62.00,0.8900,1,1
485,12,184.00,394.00,33.00,40.00,0.8867,1,1
485,14,419.00,265.00,41.00,31.00,0.8546,1,1
485,17,255.00,494.00,30.00,48.00,0.3199,1,1
485,24,705.00,344.00,90.00,70.00,0.9201,1,1
485,26,393.00,383.00,40.00,40.00,0.3894,1,1
485,34,177.00,412.00,33.00,31.00,0.3257,1,1
485,36,85.00,660.00,92.00,115.00,0.9466,1,1
485,37,556.00,304.00,45.00,31.00,0.7488,1,1
485,38,753.00,656.00,27.00,33.00,0.7528,1,1
486,1,375.00,444.00,95.00,94.00,0.9390,1,1
486,2,769.00,273.00,84.00,65.00,0.8823,1,1
486,4,408.00,217.00,53.00,56.00,0.8859,1,1
486,5,144.00,359.00,71.00,62.00,0.8949,1,1
486,12,183.00,394.00,34.00,41.00,0.8892,1,1
486,14,417.00,268.00,41.00,30.00,0.7750,1,1
486,24,705.00,344.00,89.00,71.00,0.9230,1,1
486,26,396.00,390.00,38.00,40.00,0.7630,1,1
486,34,177.00,412.00,34.00,31.00,0.3357,1,1
486,36,79.00,661.00,93.00,118.00,0.9387,1,1
486,38,754.00,655.00,28.00,34.00,0.6697,1,1
486,43,660.00,521.00,42.00,42.00,0.2606,1,1
487,1,374.00,443.00,93.00,92.00,0.9366,1,1
487,2,769.00,273.00,84.00,65.00,0.8764,1,1
487,4,404.00,221.00,53.00,55.00,0.9181,1,1
487,5,144.00,360.00,71.00,62.00,0.8966,1,1
487,12,184.00,394.00,34.00,42.00,0.8836,1,1
487,14,415.00,271.00,40.00,31.00,0.6744,1,1
487,16,296.00,500.00,32.00,34.00,0.3375,1,1
487,24,705.00,344.00,89.00,71.00,0.9258,1,1
487,26,397.00,394.00,43.00,41.00,0.6149,1,1
487,34,180.00,410.00,33.00,32.00,0.3144,1,1
487,36,73.00,668.00,92.00,114.00,0.9346,1,1
487,37,539.00,313.00,47.00,30.00,0.6891,1,1
487,38,754.00,655.00,29.00,34.00,0.7307,1,1
487,43,660.00,521.00,42.00,42.00,0.3397,1,1
488,1,371.00,442.00,96.00,93.00,0.9366,1,1
488,2,769.00,273.00,83.00,64.00,0.8713,1,1
488,4,401.00,223.00,54.00,56.00,0.9155,1,1
488,5,144.00,359.00,71.00,64.00,0.9007,1,1
488,12,183.00,395.00,35.00,41.00,0.8726,1,1
488,14,415.00,276.00,38.00,29.00,0.8545,1,1
488,16,298.00,497.00,37.00,35.00,0.3794,1,1
488,24,704.00,344.00,90.00,71.00,0.9256,1,1
488,26,400.00,400.00,45.00,38.00,0.6121,1,1
488,34,179.00,410.00,34.00,32.00,0.3482,1,1
488,36,64.00,672.00,91.00,118.00,0.9516,1,1
488,37,533.00,317.00,50.00,31.00,0.5823,1,1
488,38,755.00,655.00,29.00,34.00,0.7239,1,1
488,43,660.00,521.00,42.00,42.00,0.3535,1,1
489,1,371.00,441.00,96.00,92.00,0.9367,1,1
489,2,769.00,273.00,84.00,64.00,0.8705,1,1
489,4,399.00,226.00,53.00,55.00,0.9115,1,1
489,5,144.00,359.00,71.00,62.00,0.9067,1,1
489,12,183.00,395.00,35.00,41.00,0.8689,1,1
489,14,412.00,277.00,38.00,30.00,0.8333,1,1
489,16,302.00,496.00,39.00,34.00,0.3794,1,1
489,17,274.00,484.00,46.00,43.00,0.2830,1,1
489,24,704.00,344.00,90.00,71.00,0.9302,1,1
489,26,401.00,403.00,46.00,39.00,0.3461,1,1
489,34,179.00,410.00,34.00,32.00,0.3760,1,1
489,36,57.00,680.00,90.00,114.00,0.9245,1,1
489,37,531.00,317.00,52.00,31.00,0.5823,1,1
489,38,755.00,654.00,29.00,35.00,0.7001,1,1
489,43,660.00,521.00,41.00,42.00,0.4140,1,1
490,1,370.00,442.00,98.00,91.00,0.9470,1,1
490,2,770.00,273.00,83.00,63.00,0.8692,1,1
490,4,396.00,229.00,53.00,57.00,0.8976,1,1
490,5,144.00,359.00,71.00,64.00,0.9053,1,1
490,12,182.00,396.00,36.00,41.00,0.8967,1,1
490,14,407.00,280.00,40.00,32.00,0.8737,1,1
490,16,278.00,486.00,69.00,37.00,0.5195,1,1
490,17,277.00,484.00,46.00,39.00,0.8024,1,1
490,24,704.00,344.00,90.00,71.00,0.9297,1,1
490,26,406.00,404.00,47.00,38.00,0.2891,1,1
490,34,180.00,406.00,35.00,34.00,0.3943,1,1
490,36,49.00,683.00,91.00,117.00,0.9378,1,1
490,37,517.00,326.00,53.00,35.00,0.4261,1,1
490,38,755.00,654.00,29.00,34.00,0.6379,1,1
490,43,661.00,521.00,40.00,42.00,0.3394,1,1
491,1,370.00,444.00,98.00,90.00,0.9383,1,1
491,2,770.00,273.00,82.00,62.00,0.8736,1,1
491,4,392.00,231.00,54.00,57.00,0.8844,1,1
491,5,144.00,359.00,71.00,65.00,0.9053,1,1
491,12,184.00,396.00,35.00,41.00,0.9068,1,1
491,14,405.00,284.00,40.00,31.00,0.8017,1,1
491,16,280.00,484.00,72.00,37.00,0.5195,1,1
491,17,278.00,482.00,44.00,36.00,0.8419,1,1
491,21,319.00,543.00,36.00,42.00,0.5387,1,1
491,24,704.00,345.00,90.00,70.00,0.9296,1,1
491,26,407.00,406.00,47.00,38.00,0.2891,1,1
491,34,182.00,406.00,33.00,34.00,0.4317,1,1
491,36,44.00,689.00,89.00,114.00,0.9236,1,1
491,37,511.00,329.00,45.00,34.00,0.7016,1,1
491,38,755.00,653.00,29.00,35.00,0.6679,1,1
491,43,660.00,522.00,41.00,42.00,0.2568,1,1
492,1,369.00,443.00,96.00,90.00,0.9481,1,1
492,2,770.00,273.00,82.00,63.00,0.8700,1,1
492,4,390.00,236.00,54.00,55.00,0.9020,1,1
492,5,144.00,360.00,71.00,63.00,0.9058,1,1
492,10,313.00,537.00,37.00,54.00,0.4902,1,1
492,12,183.00,396.00,35.00,41.00,0.9107,1,1
492,14,404.00,288.00,39.00,29.00,0.7413,1,1
492,17,278.00,483.00,43.00,34.00,0.8647,1,1
492,21,315.00,551.00,35.00,42.00,0.5387,1,1
492,24,704.00,344.00,90.00,71.00,0.9306,1,1
492,26,416.00,411.00,46.00,43.00,0.3352,1,1
492,34,182.00,407.00,33.00,33.00,0.4699,1,1
492,36,37.00,692.00,90.00,113.00,0.9365,1,1
492,37,504.00,336.00,46.00,33.00,0.3342,1,1
492,38,754.00,653.00,30.00,35.00,0.6990,1,1
492,43,660.00,522.00,41.00,42.00,0.2504,1,1
493,1,367.00,442.00,95.00,91.00,0.9457,1,1
493,2,770.00,273.00,83.00,63.00,0.8754,1,1
493,4,388.00,237.00,55.00,58.00,0.8982,1,1
493,5,144.00,359.00,71.00,64.00,0.9078,1,1
493,10,308.00,543.00,40.00,62.00,0.3255,1,1
493,12,184.00,396.00,34.00,41.00,0.9136,1,1
493,14,403.00,290.00,37.00,29.00,0.8104,1,1
493,17,273.00,484.00,47.00,32.00,0.4083,1,1
493,24,704.00,344.00,90.00,71.00,0.9285,1,1
493,26,417.00,414.00,48.00,42.00,0.4541,1,1
493,34,182.00,407.00,33.00,33.00,0.4659,1,1
493,36,31.00,695.00,91.00,111.00,0.9121,1,1
493,37,500.00,338.00,47.00,33.00,0.3342,1,1
493,38,753.00,653.00,31.00,34.00,0.7133,1,1
493,43,659.00,522.00,42.00,43.00,0.2504,1,1
494,1,365.00,444.00,97.00,91.00,0.9371,1,1
494,2,769.00,273.00,83.00,62.00,0.8634,1,1
494,4,386.00,239.00,56.00,57.00,0.8707,1,1
494,5,145.00,360.00,70.00,62.00,0.9061,1,1
494,10,313.00,545.00,38.00,64.00,0.3255,1,1
494,12,183.00,397.00,36.00,40.00,0.9005,1,1
494,14,402.00,292.00,37.00,27.00,0.8324,1,1
494,17,274.00,483.00,48.00,31.00,0.4083,1,1
494,21,306.00,555.00,42.00,51.00,0.3101,1,1
494,24,704.00,344.00,90.00,71.00,0.9285,1,1
494,26,418.00,416.00,50.00,44.00,0.3219,1,1
494,34,180.00,407.00,36.00,33.00,0.4538,1,1
494,36,27.00,696.00,90.00,110.00,0.9351,1,1
494,38,752.00,653.00,30.00,34.00,0.6868,1,1
494,43,659.00,521.00,41.00,44.00,0.2866,1,1
495,1,363.00,444.00,96.00,90.00,0.9412,1,1
495,2,768.00,273.00,84.00,61.00,0.8503,1,1
495,4,384.00,241.00,57.00,57.00,0.8634,1,1
495,5,145.00,359.00,71.00,62.00,0.9063,1,1
495,12,182.00,398.00,37.00,39.00,0.8979,1,1
495,14,400.00,294.00,38.00,26.00,0.8109,1,1
495,21,301.00,562.00,43.00,52.00,0.3101,1,1
495,24,704.00,345.00,90.00,70.00,0.9299,1,1
495,26,419.00,418.00,52.00,44.00,0.3219,1,1
495,34,179.00,408.00,37.00,32.00,0.4803,1,1
495,36,23.00,696.00,91.00,111.00,0.9257,1,1
495,38,751.00,653.00,30.00,35.00,0.6362,1,1
495,43,659.00,522.00,41.00,43.00,0.2706,1,1
496,1,360.00,445.00,95.00,89.00,0.9406,1,1
496,2,768.00,273.00,84.00,62.00,0.8529,1,1
496,4,383.00,243.00,57.00,57.00,0.8753,1,1
496,5,145.00,359.00,71.00,61.00,0.9026,1,1
496,12,182.00,400.00,36.00,36.00,0.9106,1,1
496,14,399.00,296.00,37.00,25.00,0.7381,1,1
496,16,250.00,493.00,39.00,45.00,0.3336,1,1
496,24,704.00,345.00,89.00,70.00,0.9341,1,1
496,34,179.00,409.00,36.00,31.00,0.4591,1,1
496,36,20.00,697.00,90.00,112.00,0.9247,1,1
496,38,751.00,653.00,30.00,35.00,0.6813,1,1
496,43,659.00,522.00,41.00,43.00,0.2707,1,1
497,1,357.00,446.00,97.00,89.00,0.9422,1,1
497,2,767.00,274.00,85.00,63.00,0.8533,1,1
497,4,383.00,244.00,56.00,57.00,0.8679,1,1
497,5,146.00,359.00,70.00,61.00,0.9085,1,1
497,12,180.00,400.00,38.00,36.00,0.9189,1,1
497,14,398.00,297.00,37.00,26.00,0.6955,1,1
497,16,251.00,501.00,28.00,43.00,0.6937,1,1
497,24,704.00,344.00,88.00,71.00,0.9355,1,1
497,34,177.00,409.00,37.00,31.00,0.5121,1,1
497,36,17.00,698.00,91.00,111.00,0.9025,1,1
497,37,460.00,365.00,32.00,35.00,0.2537,1,1
497,38,751.00,653.00,29.00,35.00,0.7184,1,1
497,43,659.00,522.00,41.00,43.00,0.2808,1,1
498,1,355.00,446.00,95.00,88.00,0.9513,1,1
498,2,767.00,274.00,85.00,63.00,0.8691,1,1
498,4,382.00,245.00,58.00,57.00,0.8700,1,1
498,5,146.00,359.00,69.00,61.00,0.9104,1,1
498,12,180.00,400.00,37.00,36.00,0.9292,1,1
498,14,397.00,298.00,38.00,26.00,0.6754,1,1
498,16,242.00,504.00,29.00,44.00,0.5648,1,1
498,24,704.00,344.00,89.00,70.00,0.9351,1,1
498,26,414.00,412.00,58.00,35.00,0.4231,1,1
498,34,177.00,408.00,37.00,31.00,0.5443,1,1
498,36,16.00,698.00,91.00,112.00,0.8980,1,1
498,37,458.00,367.00,34.00,38.00,0.8408,1,1
498,38,751.00,653.00,29.00,35.00,0.7403,1,1
498,43,659.00,522.00,41.00,43.00,0.2953,1,1
499,1,354.00,447.00,93.00,86.00,0.9491,1,1
499,2,766.00,274.00,85.00,63.00,0.8702,1,1
499,4,382.00,245.00,58.00,58.00,0.8684,1,1
499,5,147.00,358.00,68.00,61.00,0.9126,1,1
499,12,183.00,394.00,33.00,40.00,0.5698,1,1
499,14,396.00,298.00,39.00,28.00,0.6503,1,1
499,16,239.00,505.00,28.00,44.00,0.5648,1,1
499,17,180.00,403.00,36.00,33.00,0.9327,1,1
499,21,235.00,518.00,29.00,35.00,0.3223,1,1
499,24,704.00,344.00,88.00,70.00,0.9358,1,1
499,26,417.00,411.00,53.00,34.00,0.5796,1,1
499,34,177.00,410.00,37.00,29.00,0.5655,1,1
499,36,15.00,699.00,89.00,112.00,0.8943,1,1
499,37,456.00,368.00,35.00,36.00,0.8728,1,1
499,38,751.00,653.00,29.00,35.00,0.7431,1,1
499,43,659.00,522.00,41.00,43.00,0.2953,1,1
500,1,352.00,447.00,94.00,86.00,0.9190,1,1
500,2,766.00,274.00,85.00,63.00,0.8712,1,1
500,4,381.00,246.00,59.00,57.00,0.8712,1,1
500,5,147.00,358.00,68.00,62.00,0.9118,1,1
500,12,180.00,402.00,35.00,34.00,0.9414,1,1
500,14,396.00,298.00,38.00,27.00,0.6390,1,1
500,17,172.00,395.00,37.00,32.00,0.9327,1,1
500,21,225.00,518.00,28.00,34.00,0.3223,1,1
500,24,704.00,344.00,87.00,70.00,0.9387,1,1
500,26,416.00,413.00,54.00,33.00,0.4769,1,1
500,34,177.00,410.00,36.00,29.00,0.5737,1,1
500,36,14.00,699.00,91.00,112.00,0.8971,1,1
500,37,454.00,368.00,36.00,36.00,0.8669,1,1
500,38,751.00,654.00,29.00,34.00,0.7485,1,1
500,43,659.00,521.00,41.00,44.00,0.2519,1,1
501,1,347.00,447.00,96.00,86.00,0.9101,1,1
501,2,766.00,274.00,85.00,62.00,0.8731,1,1
501,4,380.00,246.00,59.00,57.00,0.8616,1,1
501,5,147.00,358.00,68.00,62.00,0.9064,1,1
501,12,182.00,394.00,33.00,39.00,0.5854,1,1
501,14,395.00,298.00,38.00,27.00,0.6195,1,1
501,16,227.00,516.00,31.00,39.00,0.6581,1,1
501,17,179.00,405.00,36.00,30.00,0.9409,1,1
501,24,703.00,344.00,88.00,69.00,0.9366,1,1
501,26,419.00,415.00,53.00,34.00,0.3236,1,1
501,34,178.00,413.00,35.00,28.00,0.5730,1,1
501,36,13.00,698.00,91.00,114.00,0.8990,1,1
501,37,455.00,368.00,34.00,36.00,0.8338,1,1
501,38,750.00,653.00,30.00,35.00,0.7874,1,1
501,43,658.00,521.00,42.00,44.00,0.2686,1,1
502,1,344.00,448.00,95.00,84.00,0.9203,1,1
502,2,766.00,274.00,85.00,62.00,0.8688,1,1
502,4,379.00,246.00,60.00,57.00,0.8723,1,1
502,5,147.00,358.00,68.00,62.00,0.9057,1,1
502,12,181.00,395.00,34.00,39.00,0.5829,1,1
502,14,395.00,298.00,37.00,26.00,0.6517,1,1
502,16,226.00,516.00,31.00,40.00,0.8523,1,1
502,17,179.00,406.00,35.00,29.00,0.9285,1,1
502,24,703.00,344.00,88.00,70.00,0.9339,1,1
502,26,420.00,416.00,53.00,34.00,0.3236,1,1
502,34,177.00,414.00,35.00,27.00,0.5373,1,1
502,36,13.00,698.00,92.00,114.00,0.8916,1,1
502,37,456.00,368.00,34.00,36.00,0.8583,1,1
502,38,751.00,653.00,29.00,35.00,0.7860,1,1
502,43,658.00,521.00,42.00,44.00,0.2714,1,1
503,1,342.00,448.00,96.00,84.00,0.9260,1,1
503,2,766.00,274.00,84.00,61.00,0.8761,1,1
503,4,378.00,247.00,61.00,55.00,0.8703,1,1
503,5,147.00,358.00,68.00,62.00,0.9059,1,1
503,12,180.00,394.00,35.00,40.00,0.6230,1,1
503,14,396.00,298.00,37.00,26.00,0.6715,1,1
503,16,224.00,516.00,33.00,39.00,0.8487,1,1
503,17,178.00,404.00,36.00,31.00,0.9111,1,1
503,24,703.00,344.00,88.00,69.00,0.9340,1,1
503,34,176.00,415.00,36.00,27.00,0.5232,1,1
503,36,13.00,698.00,92.00,114.00,0.8962,1,1
503,37,458.00,368.00,33.00,36.00,0.8531,1,1
503,38,751.00,652.00,29.00,36.00,0.7891,1,1
503,43,658.00,522.00,42.00,43.00,0.2901,1,1
504,1,341.00,449.00,96.00,84.00,0.9249,1,1
504,2,766.00,274.00,85.00,61.00,0.8687,1,1
504,4,378.00,247.00,60.00,55.00,0.8728,1,1
504,5,147.00,358.00,67.00,61.00,0.9013,1,1
504,12,176.00,401.00,38.00,34.00,0.9318,1,1
504,14,396.00,298.00,36.00,26.00,0.6767,1,1
504,16,224.00,515.00,32.00,40.00,0.8381,1,1
504,17,176.00,408.00,36.00,32.00,0.4744,1,1
504,24,703.00,344.00,88.00,69.00,0.9329,1,1
504,34,175.00,416.00,36.00,26.00,0.5232,1,1
504,36,13.00,698.00,92.00,113.00,0.8841,1,1
504,37,459.00,368.00,35.00,36.00,0.8931,1,1
504,38,749.00,651.00,31.00,36.00,0.7838,1,1
504,43,658.00,522.00,42.00,44.00,0.2526,1,1
505,1,341.00,451.00,96.00,84.00,0.9194,1,1
505,2,766.00,273.00,84.00,62.00,0.8796,1,1
505,4,378.00,247.00,60.00,56.00,0.8727,1,1
505,5,146.00,358.00,68.00,62.00,0.9120,1,1
505,12,175.00,401.00,38.00,34.00,0.9178,1,1
505,14,396.00,298.00,37.00,26.00,0.6850,1,1
505,16,224.00,513.00,32.00,40.00,0.7682,1,1
505,17,172.00,405.00,37.00,32.00,0.4744,1,1
505,24,703.00,343.00,88.00,70.00,0.9368,1,1
505,34,175.00,410.00,36.00,30.00,0.3975,1,1
505,36,14.00,698.00,91.00,112.00,0.8752,1,1
505,37,461.00,368.00,36.00,37.00,0.8787,1,1
505,38,748.00,651.00,30.00,36.00,0.7301,1,1
505,43,658.00,522.00,42.00,44.00,0.2526,1,1
506,1,339.00,451.00,97.00,84.00,0.9254,1,1
506,2,766.00,273.00,84.00,63.00,0.8834,1,1
506,4,378.00,247.00,61.00,56.00,0.8745,1,1
506,5,146.00,358.00,68.00,62.00,0.9085,1,1
506,12,175.00,400.00,38.00,36.00,0.9257,1,1
506,14,396.00,297.00,38.00,27.00,0.6840,1,1
506,16,222.00,508.00,31.00,39.00,0.4585,1,1
506,24,703.00,343.00,87.00,69.00,0.9385,1,1
506,26,416.00,415.00,51.00,34.00,0.3029,1,1
506,34,174.00,410.00,37.00,30.00,0.3975,1,1
506,36,16.00,696.00,92.00,114.00,0.8880,1,1
506,37,462.00,368.00,37.00,36.00,0.8901,1,1
506,38,748.00,650.00,28.00,35.00,0.6961,1,1
507,1,340.00,452.00,97.00,85.00,0.9308,1,1
507,2,766.00,273.00,84.00,64.00,0.8850,1,1
507,4,378.00,247.00,61.00,56.00,0.8764,1,1
507,5,146.00,358.00,68.00,62.00,0.9067,1,1
507,12,176.00,402.00,37.00,35.00,0.9082,1,1
507,14,397.00,297.00,38.00,27.00,0.6709,1,1
507,16,227.00,508.00,29.00,35.00,0.6260,1,1
507,24,703.00,342.00,87.00,70.00,0.9398,1,1
507,26,417.00,416.00,44.00,36.00,0.7243,1,1
507,36,18.00,694.00,93.00,112.00,0.9208,1,1
507,37,463.00,368.00,36.00,36.00,0.8811,1,1
507,38,747.00,650.00,26.00,35.00,0.5710,1,1
508,1,340.00,453.00,97.00,84.00,0.9389,1,1
508,2,766.00,273.00,84.00,65.00,0.8746,1,1
508,4,379.00,247.00,60.00,55.00,0.8727,1,1
508,5,146.00,358.00,68.00,62.00,0.9023,1,1
508,12,179.00,394.00,34.00,41.00,0.7026,1,1
508,14,397.00,297.00,37.00,27.00,0.6923,1,1
508,16,226.00,508.00,28.00,35.00,0.6260,1,1
508,21,230.00,505.00,30.00,29.00,0.2879,1,1
508,24,703.00,342.00,86.00,69.00,0.9403,1,1
508,26,412.00,418.00,47.00,37.00,0.6315,1,1
508,34,176.00,403.00,37.00,34.00,0.8894,1,1
508,36,21.00,692.00,92.00,112.00,0.9543,1,1
508,37,464.00,368.00,35.00,36.00,0.8708,1,1
508,38,746.00,649.00,25.00,36.00,0.5668,1,1
508,43,658.00,521.00,41.00,44.00,0.3364,1,1
509,1,340.00,453.00,98.00,84.00,0.9348,1,1
509,2,767.00,272.00,83.00,67.00,0.8672,1,1
509,4,379.00,247.00,60.00,55.00,0.8718,1,1
509,5,146.00,359.00,68.00,62.00,0.8983,1,1
509,12,178.00,393.00,36.00,42.00,0.7026,1,1
509,14,397.00,297.00,38.00,26.00,0.7004,1,1
509,16,238.00,500.00,30.00,35.00,0.7818,1,1
509,21,228.00,504.00,30.00,29.00,0.2879,1,1
509,24,703.00,342.00,86.00,69.00,0.9396,1,1
509,26,412.00,419.00,47.00,37.00,0.6315,1,1
509,34,177.00,402.00,36.00,36.00,0.9042,1,1
509,36,24.00,691.00,91.00,111.00,0.9500,1,1
509,37,464.00,369.00,35.00,35.00,0.8772,1,1
509,38,744.00,647.00,25.00,39.00,0.6255,1,1
509,43,657.00,520.00,42.00,45.00,0.3364,1,1
510,1,340.00,453.00,98.00,86.00,0.9389,1,1
510,2,767.00,272.00,84.00,68.00,0.8880,1,1
510,4,379.00,246.00,60.00,56.00,0.8770,1,1
510,5,146.00,359.00,67.00,62.00,0.8894,1,1
510,14,398.00,297.00,37.00,26.00,0.7128,1,1
510,16,240.00,496.00,37.00,35.00,0.6167,1,1
510,24,703.00,342.00,87.00,69.00,0.9407,1,1
510,34,176.00,402.00,36.00,37.00,0.9022,1,1
510,36,28.00,690.00,91.00,112.00,0.9336,1,1
510,37,465.00,369.00,34.00,35.00,0.8809,1,1
510,38,742.00,645.00,26.00,40.00,0.6329,1,1
511,1,340.00,453.00,97.00,87.00,0.9404,1,1
511,2,769.00,273.00,82.00,69.00,0.8756,1,1
511,4,379.00,246.00,61.00,56.00,0.8777,1,1
511,5,146.00,360.00,67.00,62.00,0.8846,1,1
511,14,398.00,297.00,38.00,26.00,0.7153,1,1
511,16,245.00,490.00,41.00,38.00,0.3505,1,1
511,24,703.00,342.00,87.00,68.00,0.9408,1,1
511,34,175.00,402.00,37.00,38.00,0.9050,1,1
511,36,33.00,689.00,91.00,112.00,0.9389,1,1
511,37,465.00,368.00,34.00,36.00,0.8787,1,1
511,38,741.00,643.00,27.00,42.00,0.6109,1,1
512,1,340.00,453.00,97.00,88.00,0.9363,1,1
512,2,769.00,273.00,81.00,71.00,0.8747,1,1
512,4,379.00,246.00,61.00,56.00,0.8762,1,1
512,5,146.00,361.00,68.00,61.00,0.8763,1,1
512,14,398.00,297.00,38.00,27.00,0.7062,1,1
512,16,246.00,488.00,42.00,38.00,0.3505,1,1
512,24,703.00,341.00,87.00,69.00,0.9378,1,1
512,34,175.00,403.00,37.00,38.00,0.9106,1,1
512,36,36.00,686.00,91.00,113.00,0.9447,1,1
512,37,466.00,369.00,33.00,35.00,0.8613,1,1
512,38,740.00,643.00,27.00,41.00,0.5541,1,1
513,1,340.00,452.00,98.00,89.00,0.9339,1,1
513,2,770.00,273.00,80.00,70.00,0.8933,1,1
513,4,380.00,246.00,60.00,56.00,0.8717,1,1
513,5,146.00,362.00,68.00,61.00,0.8622,1,1
513,14,399.00,295.00,38.00,27.00,0.7312,1,1
513,16,262.00,481.00,41.00,36.00,0.4704,1,1
513,24,703.00,341.00,88.00,68.00,0.9393,1,1
513,34,173.00,406.00,39.00,37.00,0.9036,1,1
513,36,38.00,683.00,91.00,113.00,0.9425,1,1
513,37,467.00,368.00,32.00,36.00,0.8231,1,1
513,38,739.00,642.00,28.00,43.00,0.5352,1,1
514,1,341.00,452.00,98.00,89.00,0.9230,1,1
514,2,771.00,272.00,78.00,72.00,0.8967,1,1
514,4,380.00,245.00,59.00,58.00,0.8726,1,1
514,5,146.00,362.00,67.00,62.00,0.8621,1,1
514,14,399.00,295.00,37.00,28.00,0.7394,1,1
514,16,267.00,480.00,42.00,36.00,0.8478,1,1
514,24,703.00,341.00,88.00,68.00,0.9409,1,1
514,34,173.00,404.00,38.00,38.00,0.8825,1,1
514,36,40.00,684.00,92.00,110.00,0.9343,1,1
514,37,468.00,368.00,31.00,36.00,0.7779,1,1
514,38,738.00,642.00,28.00,43.00,0.5367,1,1
514,43,657.00,525.00,43.00,41.00,0.2560,1,1
515,1,342.00,452.00,97.00,90.00,0.9268,1,1
515,2,771.00,272.00,77.00,73.00,0.8969,1,1
515,4,380.00,245.00,60.00,57.00,0.8726,1,1
515,5,147.00,362.00,66.00,62.00,0.8625,1,1
515,14,400.00,296.00,36.00,27.00,0.7471,1,1
515,16,273.00,479.00,40.00,40.00,0.8353,1,1
515,24,703.00,341.00,88.00,68.00,0.9378,1,1
515,34,172.00,406.00,40.00,38.00,0.8743,1,1
515,36,41.00,681.00,91.00,112.00,0.9448,1,1
515,37,468.00,368.00,32.00,36.00,0.7991,1,1
515,38,739.00,642.00,27.00,42.00,0.5463,1,1
515,43,657.00,525.00,42.00,41.00,0.2738,1,1
516,1,343.00,451.00,96.00,91.00,0.9273,1,1
516,2,772.00,272.00,76.00,73.00,0.9011,1,1
516,4,380.00,245.00,59.00,57.00,0.8750,1,1
516,5,147.00,362.00,66.00,62.00,0.8629,1,1
516,12,177.00,398.00,36.00,39.00,0.2567,1,1
516,14,400.00,296.00,36.00,27.00,0.7405,1,1
516,16,275.00,478.00,43.00,45.00,0.8169,1,1
516,24,703.00,341.00,88.00,68.00,0.9373,1,1
516,34,172.00,404.00,40.00,40.00,0.8698,1,1
516,36,42.00,679.00,89.00,112.00,0.9451,1,1
516,37,468.00,368.00,31.00,36.00,0.7968,1,1
516,38,738.00,642.00,28.00,43.00,0.5188,1,1
516,43,657.00,525.00,42.00,40.00,0.2695,1,1
517,1,343.00,451.00,96.00,91.00,0.9290,1,1
517,2,772.00,272.00,76.00,73.00,0.9007,1,1
517,4,380.00,245.00,59.00,58.00,0.8737,1,1
517,5,149.00,364.00,64.00,60.00,0.8725,1,1
517,12,177.00,398.00,36.00,39.00,0.2567,1,1
517,14,400.00,296.00,36.00,27.00,0.7408,1,1
517,16,276.00,479.00,43.00,47.00,0.6870,1,1
517,24,703.00,341.00,88.00,68.00,0.9352,1,1
517,34,172.00,406.00,40.00,39.00,0.9019,1,1
517,36,42.00,677.00,88.00,113.00,0.9445,1,1
517,37,468.00,368.00,32.00,35.00,0.7967,1,1
517,38,739.00,641.00,27.00,43.00,0.5437,1,1
517,43,658.00,525.00,41.00,40.00,0.2563,1,1
518,1,343.00,451.00,96.00,90.00,0.9273,1,1
518,2,771.00,272.00,76.00,72.00,0.9053,1,1
518,4,380.00,245.00,59.00,57.00,0.8749,1,1
518,5,149.00,365.00,64.00,59.00,0.8836,1,1
518,12,176.00,400.00,36.00,36.00,0.2760,1,1
518,14,400.00,296.00,36.00,27.00,0.7440,1,1
518,16,278.00,482.00,43.00,45.00,0.7683,1,1
518,24,703.00,341.00,88.00,69.00,0.9337,1,1
518,34,172.00,406.00,40.00,39.00,0.9143,1,1
518,36,42.00,675.00,89.00,111.00,0.9426,1,1
518,37,468.00,368.00,32.00,35.00,0.7938,1,1
518,38,740.00,642.00,27.00,42.00,0.5455,1,1
518,43,658.00,525.00,41.00,40.00,0.2563,1,1
519,1,343.00,451.00,97.00,90.00,0.9303,1,1
519,2,771.00,272.00,76.00,70.00,0.9098,1,1
519,4,380.00,245.00,60.00,58.00,0.8763,1,1
519,5,150.00,365.00,63.00,59.00,0.8824,1,1
519,12,176.00,401.00,37.00,34.00,0.2791,1,1
519,14,399.00,296.00,38.00,27.00,0.7533,1,1
519,16,281.00,486.00,41.00,43.00,0.8019,1,1
519,24,702.00,341.00,89.00,69.00,0.9271,1,1
519,34,173.00,406.00,40.00,39.00,0.9020,1,1
519,36,42.00,671.00,87.00,114.00,0.9269,1,1
519,37,468.00,368.00,32.00,36.00,0.7803,1,1
519,38,741.00,641.00,26.00,43.00,0.5346,1,1
520,1,343.00,451.00,97.00,89.00,0.9306,1,1
520,2,770.00,272.00,76.00,72.00,0.9085,1,1
520,4,380.00,245.00,61.00,58.00,0.8814,1,1
520,5,151.00,365.00,62.00,60.00,0.8822,1,1
520,12,176.00,401.00,37.00,34.00,0.2791,1,1
520,14,399.00,296.00,37.00,27.00,0.7411,1,1
520,16,280.00,489.00,38.00,42.00,0.8461,1,1
520,24,702.00,341.00,90.00,69.00,0.9249,1,1
520,34,174.00,406.00,39.00,39.00,0.9021,1,1
520,36,40.00,669.00,89.00,111.00,0.9205,1,1
520,37,468.00,369.00,31.00,35.00,0.7786,1,1
520,38,742.00,642.00,26.00,42.00,0.5605,1,1
521,1,343.00,450.00,97.00,89.00,0.9342,1,1
521,2,769.00,271.00,77.00,72.00,0.9053,1,1
521,4,379.00,245.00,64.00,58.00,0.8932,1,1
521,5,151.00,364.00,63.00,61.00,0.8824,1,1
521,14,400.00,296.00,37.00,27.00,0.7452,1,1
521,16,279.00,491.00,39.00,42.00,0.8569,1,1
521,24,702.00,341.00,90.00,69.00,0.9224,1,1
521,34,174.00,406.00,39.00,40.00,0.9017,1,1
521,36,38.00,665.00,90.00,113.00,0.9235,1,1
521,37,468.00,370.00,31.00,34.00,0.7954,1,1
521,38,742.00,642.00,26.00,42.00,0.6059,1,1
522,1,343.00,450.00,98.00,89.00,0.9339,1,1
522,2,769.00,271.00,77.00,72.00,0.9037,1,1
522,4,379.00,246.00,65.00,56.00,0.8919,1,1
522,5,150.00,364.00,63.00,60.00,0.8853,1,1
522,10,167.00,533.00,41.00,20.00,0.5063,1,1
522,14,401.00,296.00,37.00,27.00,0.7599,1,1
522,16,277.00,492.00,41.00,42.00,0.8403,1,1
522,24,702.00,341.00,90.00,69.00,0.9218,1,1
522,34,175.00,406.00,39.00,40.00,0.8972,1,1
522,36,35.00,663.00,89.00,112.00,0.9362,1,1
522,37,468.00,369.00,31.00,35.00,0.8001,1,1
522,38,743.00,642.00,25.00,42.00,0.6252,1,1
523,1,343.00,450.00,98.00,89.00,0.9330,1,1
523,2,769.00,271.00,76.00,71.00,0.9054,1,1
523,4,379.00,247.00,66.00,54.00,0.8921,1,1
523,5,153.00,366.00,60.00,59.00,0.8831,1,1
523,10,171.00,535.00,52.00,22.00,0.5756,1,1
523,14,401.00,296.00,37.00,26.00,0.7539,1,1
523,16,277.00,491.00,41.00,42.00,0.8424,1,1
523,24,702.00,341.00,91.00,69.00,0.9134,1,1
523,34,174.00,405.00,40.00,41.00,0.8903,1,1
523,36,30.00,661.00,89.00,109.00,0.9236,1,1
523,37,468.00,369.00,31.00,35.00,0.7845,1,1
523,38,743.00,642.00,25.00,42.00,0.6578,1,1
524,1,343.00,450.00,97.00,89.00,0.9308,1,1
524,2,768.00,271.00,77.00,71.00,0.9061,1,1
524,4,379.00,247.00,67.00,53.00,0.8893,1,1
524,5,154.00,366.00,60.00,59.00,0.8767,1,1
524,10,177.00,536.00,51.00,24.00,0.7586,1,1
524,14,403.00,296.00,35.00,25.00,0.7574,1,1
524,16,277.00,490.00,40.00,41.00,0.8282,1,1
524,24,702.00,341.00,91.00,70.00,0.9231,1,1
524,34,175.00,405.00,40.00,41.00,0.9093,1,1
524,36,25.00,656.00,89.00,109.00,0.9333,1,1
524,37,467.00,369.00,32.00,35.00,0.7885,1,1
524,38,743.00,643.00,25.00,41.00,0.6609,1,1
525,1,342.00,450.00,98.00,89.00,0.9266,1,1
525,2,767.00,271.00,77.00,70.00,0.9072,1,1
525,4,379.00,247.00,67.00,54.00,0.8923,1,1
525,5,153.00,366.00,61.00,59.00,0.8819,1,1
525,10,183.00,538.00,49.00,27.00,0.4748,1,1
525,14,403.00,295.00,35.00,26.00,0.7728,1,1
525,16,277.00,489.00,40.00,41.00,0.8260,1,1
525,24,702.00,341.00,90.00,70.00,0.9235,1,1
525,34,175.00,406.00,41.00,41.00,0.9078,1,1
525,36,18.00,655.00,85.00,109.00,0.8983,1,1
525,37,467.00,369.00,32.00,35.00,0.7979,1,1
525,38,743.00,643.00,25.00,41.00,0.6606,1,1
525,43,658.00,522.00,43.00,42.00,0.2702,1,1
526,1,342.00,449.00,98.00,89.00,0.9304,1,1
526,2,767.00,271.00,77.00,70.00,0.9085,1,1
526,4,379.00,247.00,67.00,52.00,0.8938,1,1
526,5,153.00,367.00,63.00,60.00,0.8859,1,1
526,10,184.00,538.00,53.00,28.00,0.4748,1,1
526,14,403.00,295.00,35.00,26.00,0.8059,1,1
526,16,275.00,487.00,41.00,43.00,0.8200,1,1
526,24,702.00,341.00,90.00,70.00,0.9234,1,1
526,26,190.00,539.00,58.00,33.00,0.3777,1,1
526,34,175.00,406.00,42.00,42.00,0.9310,1,1
526,36,11.00,653.00,87.00,108.00,0.9165,1,1
526,37,468.00,368.00,31.00,36.00,0.7750,1,1
526,38,743.00,643.00,25.00,41.00,0.6597,1,1
526,43,658.00,522.00,43.00,42.00,0.2528,1,1
527,1,342.00,449.00,98.00,90.00,0.9267,1,1
527,2,766.00,271.00,78.00,70.00,0.9065,1,1
527,4,379.00,247.00,66.00,52.00,0.8952,1,1
527,5,154.00,366.00,64.00,61.00,0.8774,1,1
527,12,177.00,417.00,41.00,35.00,0.2883,1,1
527,14,395.00,293.00,44.00,25.00,0.2930,1,1
527,16,272.00,486.00,45.00,44.00,0.8333,1,1
527,21,404.00,295.00,35.00,25.00,0.8262,1,1
527,24,702.00,341.00,90.00,70.00,0.9226,1,1
527,26,179.00,546.00,57.00,32.00,0.3777,1,1
527,34,176.00,407.00,43.00,43.00,0.9423,1,1
527,36,4.00,650.00,86.00,105.00,0.9482,1,1
527,37,470.00,367.00,32.00,37.00,0.7392,1,1
527,38,743.00,643.00,25.00,41.00,0.6583,1,1
527,43,658.00,522.00,43.00,42.00,0.2528,1,1
528,1,341.00,449.00,98.00,90.00,0.9233,1,1
528,2,766.00,271.00,77.00,70.00,0.9050,1,1
528,4,377.00,247.00,68.00,52.00,0.8886,1,1
528,5,157.00,366.00,62.00,61.00,0.8923,1,1
528,10,205.00,544.00,46.00,33.00,0.3214,1,1
528,12,177.00,418.00,41.00,36.00,0.2883,1,1
528,14,395.00,292.00,44.00,25.00,0.2888,1,1
528,16,271.00,484.00,46.00,44.00,0.8224,1,1
528,21,405.00,294.00,34.00,25.00,0.8266,1,1
528,24,702.00,341.00,90.00,70.00,0.9217,1,1
528,34,180.00,408.00,41.00,42.00,0.9376,1,1
528,36,0.00,648.00,76.00,103.00,0.9341,1,1
528,37,474.00,368.00,31.00,40.00,0.4088,1,1
528,38,743.00,643.00,25.00,40.00,0.6581,1,1
529,1,340.00,449.00,97.00,90.00,0.9255,1,1
529,2,765.00,271.00,78.00,69.00,0.9042,1,1
529,4,377.00,247.00,68.00,51.00,0.8857,1,1
529,5,159.00,367.00,63.00,62.00,0.9006,1,1
529,10,211.00,545.00,47.00,34.00,0.5071,1,1
529,14,405.00,293.00,34.00,26.00,0.8062,1,1
529,16,268.00,484.00,49.00,42.00,0.8032,1,1
529,21,413.00,286.00,35.00,25.00,0.8266,1,1
529,24,702.00,341.00,90.00,70.00,0.9249,1,1
529,34,181.00,407.00,41.00,44.00,0.9251,1,1
529,36,0.00,644.00,66.00,103.00,0.9182,1,1
529,37,475.00,368.00,31.00,40.00,0.4088,1,1
529,38,743.00,643.00,25.00,40.00,0.6563,1,1
530,1,339.00,449.00,95.00,89.00,0.9339,1,1
530,2,765.00,271.00,79.00,69.00,0.9033,1,1
530,4,377.00,247.00,69.00,50.00,0.8932,1,1
530,5,161.00,368.00,64.00,61.00,0.8969,1,1
530,10,216.00,546.00,44.00,37.00,0.7466,1,1
530,14,404.00,292.00,35.00,27.00,0.8052,1,1
530,16,267.00,485.00,49.00,40.00,0.8408,1,1
530,17,406.00,426.00,40.00,38.00,0.5778,1,1
530,24,702.00,341.00,91.00,70.00,0.9251,1,1
530,34,185.00,408.00,40.00,45.00,0.8984,1,1
530,36,0.00,639.00,57.00,103.00,0.9243,1,1
530,38,743.00,643.00,25.00,40.00,0.6606,1,1
530,43,658.00,522.00,43.00,42.00,0.2530,1,1
531,1,339.00,449.00,95.00,89.00,0.9323,1,1
531,2,765.00,270.00,79.00,70.00,0.9033,1,1
531,4,376.00,247.00,70.00,49.00,0.8940,1,1
531,5,163.00,368.00,64.00,60.00,0.8930,1,1
531,10,218.00,549.00,43.00,41.00,0.7936,1,1
531,14,404.00,290.00,35.00,28.00,0.8345,1,1
531,16,261.00,484.00,52.00,40.00,0.8323,1,1
531,17,406.00,425.00,38.00,37.00,0.5799,1,1
531,24,702.00,341.00,91.00,70.00,0.9259,1,1
531,34,189.00,409.00,38.00,44.00,0.9174,1,1
531,36,0.00,635.00,48.00,104.00,0.9064,1,1
531,38,743.00,643.00,25.00,40.00,0.6658,1,1
531,43,658.00,522.00,43.00,42.00,0.2715,1,1
532,1,338.00,449.00,95.00,89.00,0.9331,1,1
532,2,766.00,270.00,79.00,70.00,0.8924,1,1
532,4,376.00,245.00,69.00,50.00,0.8853,1,1
532,5,165.00,369.00,66.00,60.00,0.8947,1,1
532,10,218.00,549.00,50.00,45.00,0.6998,1,1
532,14,391.00,287.00,46.00,28.00,0.3064,1,1
532,16,260.00,486.00,52.00,36.00,0.8261,1,1
532,17,406.00,424.00,38.00,35.00,0.7066,1,1
532,21,405.00,290.00,34.00,28.00,0.8690,1,1
532,24,702.00,341.00,91.00,70.00,0.9270,1,1
532,34,191.00,410.00,39.00,42.00,0.8732,1,1
532,36,0.00,634.00,43.00,101.00,0.8951,1,1
532,38,743.00,644.00,25.00,39.00,0.6547,1,1
532,43,658.00,522.00,42.00,42.00,0.3087,1,1
533,1,338.00,449.00,96.00,89.00,0.9362,1,1
533,2,767.00,270.00,78.00,70.00,0.8943,1,1
533,4,376.00,244.00,70.00,50.00,0.8886,1,1
533,5,170.00,370.00,66.00,60.00,0.9013,1,1
533,10,219.00,550.00,51.00,45.00,0.7270,1,1
533,14,391.00,286.00,47.00,30.00,0.3092,1,1
533,16,257.00,487.00,57.00,38.00,0.7490,1,1
533,17,406.00,423.00,38.00,38.00,0.7004,1,1
533,21,404.00,289.00,35.00,28.00,0.8746,1,1
533,24,702.00,341.00,91.00,70.00,0.9267,1,1
533,26,255.00,483.00,48.00,38.00,0.5115,1,1
533,34,196.00,411.00,40.00,43.00,0.8992,1,1
533,36,0.00,629.00,36.00,104.00,0.8605,1,1
533,37,504.00,349.00,42.00,30.00,0.2989,1,1
533,38,743.00,644.00,25.00,39.00,0.6535,1,1
533,43,658.00,521.00,43.00,43.00,0.3327,1,1
534,1,338.00,449.00,95.00,90.00,0.9382,1,1
534,2,767.00,270.00,79.00,70.00,0.8968,1,1
534,4,377.00,241.00,67.00,53.00,0.8875,1,1
534,5,173.00,372.00,67.00,58.00,0.9105,1,1
534,10,220.00,551.00,50.00,45.00,0.7467,1,1
534,12,256.00,487.00,47.00,36.00,0.2937,1,1
534,14,391.00,284.00,45.00,31.00,0.3840,1,1
534,16,264.00,493.00,50.00,34.00,0.6285,1,1
534,17,395.00,419.00,46.00,38.00,0.3323,1,1
534,21,403.00,288.00,36.00,29.00,0.8619,1,1
534,24,702.00,341.00,91.00,70.00,0.9273,1,1
534,26,254.00,485.00,35.00,37.00,0.3156,1,1
534,34,199.00,414.00,39.00,40.00,0.8323,1,1
534,36,0.00,628.00,31.00,102.00,0.8686,1,1
534,37,510.00,350.00,43.00,34.00,0.4046,1,1
534,38,743.00,644.00,25.00,39.00,0.6781,1,1
534,43,658.00,521.00,43.00,43.00,0.3102,1,1
535,1,337.00,449.00,97.00,90.00,0.9375,1,1
535,2,767.00,270.00,79.00,70.00,0.8988,1,1
535,4,377.00,240.00,68.00,54.00,0.8849,1,1
535,5,176.00,374.00,66.00,57.00,0.9003,1,1
535,10,221.00,551.00,49.00,45.00,0.6776,1,1
535,12,263.00,494.00,47.00,36.00,0.2937,1,1
535,14,390.00,284.00,46.00,30.00,0.4195,1,1
535,16,263.00,493.00,50.00,31.00,0.2912,1,1
535,17,400.00,418.00,42.00,40.00,0.3336,1,1
535,21,404.00,287.00,35.00,30.00,0.8521,1,1
535,24,702.00,341.00,91.00,70.00,0.9263,1,1
535,26,256.00,489.00,34.00,32.00,0.4836,1,1
535,34,202.00,416.00,38.00,40.00,0.7239,1,1
535,36,0.00,626.00,27.00,98.00,0.8315,1,1
535,37,514.00,351.00,41.00,32.00,0.2638,1,1
535,38,743.00,644.00,25.00,39.00,0.6778,1,1
535,43,658.00,521.00,43.00,43.00,0.3524,1,1
536,1,337.00,449.00,97.00,88.00,0.9368,1,1
536,2,767.00,270.00,80.00,69.00,0.8972,1,1
536,4,379.00,239.00,67.00,54.00,0.8827,1,1
536,5,178.00,376.00,66.00,56.00,0.8662,1,1
536,10,219.00,550.00,50.00,45.00,0.6368,1,1
536,14,390.00,283.00,48.00,31.00,0.3275,1,1
536,16,263.00,494.00,50.00,30.00,0.2912,1,1
536,17,397.00,414.00,44.00,41.00,0.3458,1,1
536,21,404.00,288.00,34.00,28.00,0.8408,1,1
536,24,702.00,341.00,91.00,70.00,0.9282,1,1
536,26,256.00,488.00,31.00,31.00,0.5503,1,1
536,34,204.00,421.00,38.00,36.00,0.7060,1,1
536,36,0.00,626.00,21.00,93.00,0.7884,1,1
536,37,517.00,351.00,41.00,34.00,0.3084,1,1
536,38,743.00,644.00,25.00,39.00,0.6604,1,1
536,43,658.00,521.00,43.00,43.00,0.4008,1,1
537,1,337.00,449.00,97.00,87.00,0.9371,1,1
537,2,766.00,270.00,82.00,68.00,0.9005,1,1
537,4,380.00,239.00,66.00,56.00,0.8840,1,1
537,5,179.00,377.00,67.00,53.00,0.8545,1,1
537,10,220.00,550.00,50.00,45.00,0.6714,1,1
537,14,391.00,284.00,48.00,30.00,0.2752,1,1
537,17,391.00,412.00,53.00,39.00,0.4557,1,1
537,21,403.00,289.00,35.00,27.00,0.8453,1,1
537,24,702.00,341.00,91.00,71.00,0.9253,1,1
537,26,257.00,488.00,29.00,31.00,0.5402,1,1
537,34,206.00,422.00,38.00,35.00,0.7069,1,1
537,36,0.00,627.00,16.00,85.00,0.6812,1,1
537,37,518.00,352.00,42.00,34.00,0.2642,1,1
537,38,744.00,645.00,24.00,38.00,0.6613,1,1
537,43,658.00,521.00,43.00,43.00,0.3865,1,1
538,1,337.00,449.00,97.00,86.00,0.9361,1,1
538,2,766.00,270.00,82.00,68.00,0.9066,1,1
538,4,384.00,239.00,62.00,57.00,0.8874,1,1
538,5,181.00,379.00,68.00,52.00,0.8598,1,1
538,10,221.00,549.00,54.00,45.00,0.4906,1,1
538,14,390.00,283.00,49.00,31.00,0.2752,1,1
538,17,393.00,412.00,51.00,40.00,0.5695,1,1
538,21,404.00,291.00,35.00,26.00,0.8571,1,1
538,24,702.00,341.00,91.00,72.00,0.9205,1,1
538,26,258.00,487.00,27.00,33.00,0.5361,1,1
538,34,208.00,420.00,37.00,38.00,0.7264,1,1
538,36,0.00,624.00,12.00,86.00,0.4819,1,1
538,37,521.00,351.00,44.00,35.00,0.2642,1,1
538,38,744.00,645.00,24.00,38.00,0.6656,1,1
538,43,658.00,521.00,43.00,43.00,0.3039,1,1
539,1,337.00,449.00,97.00,86.00,0.9326,1,1
539,2,766.00,271.00,81.00,67.00,0.9083,1,1
539,4,386.00,238.00,61.00,60.00,0.8923,1,1
539,5,184.00,379.00,65.00,54.00,0.8790,1,1
539,10,219.00,548.00,59.00,44.00,0.2693,1,1
539,14,391.00,284.00,50.00,27.00,0.2801,1,1
539,17,392.00,408.00,46.00,39.00,0.3614,1,1
539,21,404.00,293.00,35.00,24.00,0.8289,1,1
539,24,702.00,341.00,92.00,72.00,0.9184,1,1
539,26,257.00,486.00,27.00,33.00,0.6150,1,1
539,34,208.00,421.00,38.00,38.00,0.7191,1,1
539,36,0.00,622.00,7.00,84.00,0.4819,1,1
539,37,519.00,351.00,40.00,34.00,0.3644,1,1
539,38,744.00,645.00,24.00,38.00,0.6843,1,1
539,43,657.00,522.00,43.00,42.00,0.3917,1,1
540,1,338.00,449.00,96.00,85.00,0.9320,1,1
540,2,766.00,271.00,81.00,67.00,0.9059,1,1
540,4,388.00,237.00,60.00,63.00,0.8843,1,1
540,5,184.00,380.00,66.00,54.00,0.8836,1,1
540,10,220.00,549.00,65.00,43.00,0.4446,1,1
540,14,390.00,284.00,51.00,26.00,0.2801,1,1
540,17,389.00,405.00,51.00,38.00,0.4685,1,1
540,21,404.00,294.00,35.00,24.00,0.8400,1,1
540,24,702.00,341.00,92.00,72.00,0.9219,1,1
540,26,257.00,484.00,27.00,35.00,0.6605,1,1
540,34,208.00,422.00,38.00,38.00,0.7593,1,1
540,37,519.00,351.00,38.00,33.00,0.4804,1,1
540,38,744.00,644.00,24.00,39.00,0.6871,1,1
540,43,657.00,523.00,42.00,41.00,0.3281,1,1
541,1,339.00,448.00,95.00,86.00,0.9352,1,1
541,2,766.00,271.00,81.00,66.00,0.9047,1,1
541,4,389.00,237.00,59.00,65.00,0.9031,1,1
541,5,184.00,380.00,66.00,54.00,0.8742,1,1
541,10,226.00,550.00,59.00,42.00,0.5186,1,1
541,17,382.00,402.00,53.00,38.00,0.3573,1,1
541,21,405.00,294.00,36.00,24.00,0.8065,1,1
541,24,702.00,341.00,92.00,73.00,0.9266,1,1
541,26,257.00,484.00,27.00,35.00,0.6741,1,1
541,34,208.00,422.00,39.00,38.00,0.7604,1,1
541,37,521.00,351.00,38.00,33.00,0.5527,1,1
541,38,744.00,644.00,24.00,39.00,0.6928,1,1
541,43,657.00,525.00,42.00,39.00,0.3023,1,1
542,1,339.00,447.00,95.00,86.00,0.9324,1,1
542,2,765.00,271.00,82.00,66.00,0.9005,1,1
542,4,391.00,237.00,57.00,65.00,0.9120,1,1
542,5,183.00,381.00,67.00,54.00,0.8695,1,1
542,10,230.00,553.00,52.00,38.00,0.4994,1,1
542,14,404.00,293.00,38.00,25.00,0.7700,1,1
542,17,388.00,402.00,45.00,35.00,0.6451,1,1
542,21,407.00,293.00,36.00,24.00,0.8065,1,1
542,24,702.00,341.00,92.00,73.00,0.9222,1,1
542,26,257.00,484.00,27.00,35.00,0.6242,1,1
542,34,208.00,422.00,39.00,38.00,0.7581,1,1
542,37,520.00,350.00,39.00,34.00,0.5517,1,1
542,38,744.00,644.00,24.00,39.00,0.6748,1,1
542,43,657.00,526.00,42.00,38.00,0.2569,1,1
543,1,339.00,447.00,95.00,85.00,0.9345,1,1
543,2,765.00,271.00,81.00,65.00,0.9094,1,1
543,4,392.00,236.00,56.00,66.00,0.9136,1,1
543,5,181.00,382.00,69.00,54.00,0.8594,1,1
543,10,233.00,554.00,52.00,38.00,0.4935,1,1
543,14,405.00,293.00,38.00,25.00,0.7418,1,1
543,17,385.00,400.00,45.00,33.00,0.6191,1,1
543,24,702.00,341.00,91.00,73.00,0.9188,1,1
543,26,257.00,485.00,27.00,34.00,0.6443,1,1
543,34,206.00,424.00,40.00,37.00,0.7389,1,1
543,37,519.00,349.00,39.00,33.00,0.7366,1,1
543,38,744.00,644.00,24.00,39.00,0.6665,1,1
543,43,657.00,528.00,41.00,37.00,0.3812,1,1
544,1,340.00,446.00,95.00,87.00,0.9332,1,1
544,2,764.00,271.00,82.00,64.00,0.9118,1,1
544,4,393.00,236.00,55.00,66.00,0.9155,1,1
544,5,179.00,382.00,71.00,55.00,0.8723,1,1
544,10,235.00,554.00,53.00,38.00,0.4935,1,1
544,14,405.00,293.00,39.00,25.00,0.7267,1,1
544,17,379.00,399.00,49.00,32.00,0.5701,1,1
544,24,702.00,341.00,92.00,73.00,0.9162,1,1
544,26,257.00,485.00,27.00,34.00,0.5861,1,1
544,34,206.00,427.00,39.00,35.00,0.7657,1,1
544,37,517.00,347.00,41.00,31.00,0.4766,1,1
544,38,744.00,645.00,24.00,39.00,0.6909,1,1
544,43,657.00,528.00,41.00,37.00,0.3746,1,1
545,1,340.00,446.00,96.00,87.00,0.9288,1,1
545,2,763.00,271.00,82.00,64.00,0.9073,1,1
545,4,393.00,235.00,56.00,67.00,0.9168,1,1
545,5,178.00,383.00,70.00,55.00,0.8768,1,1
545,14,405.00,293.00,39.00,25.00,0.7341,1,1
545,17,378.00,397.00,49.00,34.00,0.6136,1,1
545,24,702.00,341.00,93.00,73.00,0.9141,1,1
545,26,256.00,485.00,28.00,34.00,0.6129,1,1
545,34,205.00,428.00,39.00,34.00,0.7736,1,1
545,37,511.00,347.00,45.00,27.00,0.4656,1,1
545,38,744.00,645.00,24.00,39.00,0.6512,1,1
545,43,657.00,529.00,41.00,36.00,0.4225,1,1
546,1,340.00,446.00,96.00,86.00,0.9277,1,1
546,2,762.00,271.00,83.00,63.00,0.9011,1,1
546,4,395.00,235.00,55.00,67.00,0.9094,1,1
546,5,177.00,383.00,71.00,55.00,0.8848,1,1
546,14,406.00,292.00,39.00,25.00,0.7050,1,1
546,17,378.00,399.00,49.00,32.00,0.6483,1,1
546,24,702.00,341.00,92.00,73.00,0.9093,1,1
546,26,256.00,485.00,29.00,34.00,0.6206,1,1
546,34,204.00,428.00,39.00,34.00,0.8120,1,1
546,37,512.00,346.00,45.00,27.00,0.4656,1,1
546,38,745.00,646.00,24.00,38.00,0.6345,1,1
546,43,658.00,529.00,40.00,36.00,0.3960,1,1
547,1,341.00,446.00,96.00,86.00,0.9319,1,1
547,2,762.00,271.00,83.00,62.00,0.8926,1,1
547,4,396.00,234.00,55.00,67.00,0.9072,1,1
547,5,176.00,383.00,71.00,56.00,0.8841,1,1
547,14,406.00,292.00,39.00,25.00,0.6828,1,1
547,17,378.00,399.00,44.00,31.00,0.6642,1,1
547,24,702.00,341.00,93.00,74.00,0.9082,1,1
547,26,255.00,483.00,30.00,36.00,0.6259,1,1
547,34,203.00,428.00,39.00,35.00,0.8496,1,1
547,38,745.00,646.00,24.00,38.00,0.6020,1,1
547,43,658.00,530.00,40.00,35.00,0.3191,1,1
548,1,341.00,445.00,97.00,86.00,0.9243,1,1
548,2,762.00,271.00,83.00,62.00,0.8921,1,1
548,4,396.00,234.00,56.00,67.00,0.9003,1,1
548,5,175.00,383.00,71.00,57.00,0.8826,1,1
548,14,406.00,291.00,40.00,25.00,0.6867,1,1
548,17,377.00,398.00,41.00,32.00,0.7393,1,1
548,24,702.00,341.00,92.00,74.00,0.9198,1,1
548,26,255.00,483.00,30.00,36.00,0.5647,1,1
548,34,202.00,427.00,40.00,36.00,0.8567,1,1
548,38,746.00,646.00,23.00,38.00,0.5953,1,1
548,43,657.00,530.00,41.00,35.00,0.3306,1,1
549,1,341.00,445.00,99.00,88.00,0.9207,1,1
549,2,762.00,272.00,83.00,61.00,0.8918,1,1
549,4,397.00,233.00,55.00,68.00,0.8841,1,1
549,5,174.00,383.00,71.00,58.00,0.8785,1,1
549,10,247.00,555.00,52.00,36.00,0.4868,1,1
549,14,406.00,291.00,40.00,25.00,0.6913,1,1
549,17,377.00,399.00,42.00,32.00,0.6584,1,1
549,24,702.00,342.00,92.00,73.00,0.9310,1,1
549,26,254.00,482.00,32.00,37.00,0.4681,1,1
549,34,203.00,425.00,38.00,38.00,0.8611,1,1
549,38,745.00,646.00,24.00,38.00,0.5853,1,1
549,43,658.00,529.00,40.00,36.00,0.2943,1,1
550,1,343.00,445.00,98.00,88.00,0.9117,1,1
550,2,761.00,271.00,85.00,60.00,0.8940,1,1
550,4,397.00,232.00,54.00,68.00,0.8792,1,1
550,5,172.00,383.00,72.00,57.00,0.8742,1,1
550,10,250.00,554.00,47.00,36.00,0.6706,1,1
550,14,406.00,291.00,40.00,25.00,0.6699,1,1
550,17,378.00,399.00,41.00,33.00,0.7513,1,1
550,24,702.00,342.00,91.00,73.00,0.9276,1,1
550,26,254.00,482.00,32.00,37.00,0.3632,1,1
550,34,203.00,425.00,38.00,38.00,0.8512,1,1
550,38,745.00,646.00,24.00,38.00,0.5974,1,1
550,43,658.00,528.00,40.00,36.00,0.2808,1,1
551,1,343.00,445.00,96.00,87.00,0.9065,1,1
551,2,761.00,272.00,85.00,59.00,0.8994,1,1
551,4,397.00,232.00,54.00,68.00,0.8814,1,1
551,5,171.00,383.00,72.00,57.00,0.8704,1,1
551,10,252.00,552.00,50.00,33.00,0.2898,1,1
551,14,406.00,291.00,40.00,25.00,0.6504,1,1
551,16,263.00,493.00,49.00,29.00,0.3197,1,1
551,17,378.00,400.00,42.00,33.00,0.7768,1,1
551,21,462.00,372.00,32.00,38.00,0.3218,1,1
551,24,702.00,343.00,91.00,73.00,0.9254,1,1
551,26,254.00,486.00,41.00,34.00,0.4181,1,1
551,34,204.00,424.00,36.00,38.00,0.8396,1,1
551,38,745.00,645.00,24.00,39.00,0.6347,1,1
551,43,658.00,529.00,40.00,36.00,0.3715,1,1
552,1,345.00,444.00,95.00,88.00,0.8970,1,1
552,2,762.00,272.00,84.00,58.00,0.9054,1,1
552,4,396.00,231.00,55.00,69.00,0.8841,1,1
552,5,171.00,383.00,73.00,57.00,0.8729,1,1
552,10,252.00,551.00,43.00,28.00,0.4758,1,1
552,12,326.00,548.00,43.00,54.00,0.2934,1,1
552,14,407.00,291.00,39.00,25.00,0.6358,1,1
552,16,263.00,493.00,49.00,29.00,0.3624,1,1
552,17,378.00,400.00,44.00,34.00,0.7203,1,1
552,21,458.00,377.00,32.00,39.00,0.5318,1,1
552,24,702.00,343.00,90.00,72.00,0.9270,1,1
552,26,253.00,482.00,34.00,36.00,0.4079,1,1
552,34,202.00,423.00,38.00,39.00,0.8590,1,1
552,38,745.00,645.00,24.00,39.00,0.6247,1,1
552,43,658.00,529.00,40.00,36.00,0.4565,1,1
553,1,346.00,444.00,95.00,86.00,0.9018,1,1
553,2,764.00,272.00,83.00,60.00,0.8983,1,1
553,4,397.00,231.00,54.00,68.00,0.8815,1,1
553,5,170.00,383.00,73.00,58.00,0.8748,1,1
553,10,253.00,552.00,40.00,29.00,0.5649,1,1
553,12,324.00,549.00,39.00,53.00,0.4870,1,1
553,14,407.00,292.00,40.00,23.00,0.6353,1,1
553,16,262.00,492.00,50.00,31.00,0.2747,1,1
553,17,377.00,398.00,42.00,35.00,0.7912,1,1
553,21,456.00,382.00,30.00,45.00,0.2748,1,1
553,24,702.00,343.00,90.00,73.00,0.9307,1,1
553,26,253.00,482.00,35.00,37.00,0.4151,1,1
553,34,202.00,422.00,37.00,39.00,0.8737,1,1
553,38,745.00,645.00,24.00,39.00,0.6463,1,1
553,43,658.00,529.00,40.00,36.00,0.4331,1,1
554,1,349.00,444.00,93.00,85.00,0.9080,1,1
554,2,765.00,272.00,82.00,61.00,0.8944,1,1
554,4,396.00,231.00,55.00,68.00,0.8697,1,1
554,5,169.00,382.00,74.00,59.00,0.8796,1,1
554,10,246.00,552.00,44.00,28.00,0.2724,1,1
554,12,327.00,552.00,38.00,53.00,0.4870,1,1
554,14,407.00,292.00,40.00,23.00,0.6230,1,1
554,16,254.00,490.00,55.00,32.00,0.3206,1,1
554,17,376.00,398.00,42.00,37.00,0.7708,1,1
554,21,453.00,385.00,30.00,45.00,0.6707,1,1
554,24,702.00,343.00,89.00,73.00,0.9344,1,1
554,26,253.00,482.00,35.00,37.00,0.5034,1,1
554,34,203.00,421.00,36.00,39.00,0.8550,1,1
554,38,745.00,646.00,24.00,38.00,0.6494,1,1
554,43,658.00,529.00,40.00,35.00,0.3858,1,1
555,1,350.00,444.00,93.00,84.00,0.9136,1,1
555,2,766.00,273.00,81.00,61.00,0.8846,1,1
555,4,396.00,231.00,55.00,68.00,0.8692,1,1
555,5,169.00,382.00,74.00,58.00,0.8754,1,1
555,10,247.00,551.00,43.00,29.00,0.2724,1,1
555,14,407.00,292.00,40.00,24.00,0.6349,1,1
555,16,253.00,490.00,57.00,32.00,0.3002,1,1
555,17,377.00,397.00,44.00,41.00,0.7096,1,1
555,21,453.00,389.00,28.00,47.00,0.5838,1,1
555,24,702.00,343.00,89.00,73.00,0.9292,1,1
555,26,253.00,482.00,34.00,37.00,0.4647,1,1
555,34,201.00,421.00,38.00,38.00,0.8789,1,1
555,38,745.00,646.00,24.00,38.00,0.6584,1,1
555,43,658.00,529.00,40.00,35.00,0.4219,1,1
556,1,352.00,444.00,92.00,84.00,0.9242,1,1
556,2,767.00,272.00,80.00,62.00,0.8681,1,1
556,4,396.00,231.00,55.00,68.00,0.8548,1,1
556,5,168.00,382.00,73.00,58.00,0.8746,1,1
556,14,406.00,291.00,40.00,25.00,0.6177,1,1
556,16,262.00,493.00,51.00,31.00,0.2585,1,1
556,17,376.00,396.00,46.00,41.00,0.7685,1,1
556,21,450.00,391.00,31.00,45.00,0.4296,1,1
556,24,702.00,343.00,88.00,73.00,0.9342,1,1
556,26,253.00,482.00,32.00,37.00,0.3188,1,1
556,34,200.00,422.00,38.00,37.00,0.8920,1,1
556,38,745.00,647.00,24.00,37.00,0.6125,1,1
556,43,658.00,529.00,40.00,35.00,0.3624,1,1
557,1,352.00,444.00,93.00,84.00,0.9266,1,1
557,2,768.00,273.00,82.00,63.00,0.8596,1,1
557,4,396.00,231.00,55.00,68.00,0.8466,1,1
557,5,169.00,382.00,72.00,57.00,0.8724,1,1
557,12,314.00,554.00,38.00,47.00,0.2724,1,1
557,14,406.00,291.00,40.00,25.00,0.6357,1,1
557,16,263.00,494.00,49.00,29.00,0.2675,1,1
557,17,377.00,395.00,45.00,41.00,0.7925,1,1
557,21,449.00,392.00,32.00,45.00,0.4333,1,1
557,24,702.00,344.00,88.00,72.00,0.9319,1,1
557,26,253.00,482.00,33.00,37.00,0.3188,1,1
557,34,199.00,421.00,38.00,38.00,0.8872,1,1
557,38,745.00,647.00,24.00,37.00,0.5992,1,1
557,43,658.00,529.00,40.00,35.00,0.3125,1,1
558,1,353.00,444.00,92.00,84.00,0.9290,1,1
558,2,768.00,273.00,83.00,64.00,0.8626,1,1
558,4,397.00,231.00,53.00,68.00,0.8614,1,1
558,5,168.00,382.00,72.00,57.00,0.8688,1,1
558,12,315.00,552.00,35.00,48.00,0.4287,1,1
558,14,405.00,291.00,41.00,25.00,0.6283,1,1
558,16,265.00,494.00,47.00,29.00,0.3194,1,1
558,17,378.00,396.00,45.00,40.00,0.7812,1,1
558,21,449.00,392.00,32.00,45.00,0.2702,1,1
558,24,702.00,344.00,89.00,72.00,0.9342,1,1
558,34,198.00,421.00,38.00,38.00,0.8917,1,1
558,38,745.00,648.00,24.00,37.00,0.5725,1,1
558,43,658.00,528.00,40.00,36.00,0.3347,1,1
559,1,353.00,444.00,92.00,84.00,0.9329,1,1
559,2,769.00,273.00,84.00,64.00,0.8588,1,1
559,4,396.00,231.00,54.00,68.00,0.8622,1,1
559,5,166.00,382.00,74.00,57.00,0.8674,1,1
559,12,323.00,547.00,28.00,52.00,0.2517,1,1
559,14,405.00,290.00,41.00,25.00,0.6369,1,1
559,16,276.00,492.00,39.00,31.00,0.4845,1,1
559,17,379.00,395.00,45.00,40.00,0.8258,1,1
559,21,450.00,397.00,32.00,45.00,0.2702,1,1
559,24,702.00,344.00,89.00,72.00,0.9354,1,1
559,34,198.00,422.00,38.00,37.00,0.9086,1,1
559,38,744.00,647.00,25.00,39.00,0.5840,1,1
559,43,658.00,529.00,39.00,35.00,0.3456,1,1
560,1,353.00,444.00,92.00,85.00,0.9346,1,1
560,2,770.00,273.00,84.00,64.00,0.8511,1,1
560,4,396.00,230.00,54.00,69.00,0.8754,1,1
560,5,165.00,381.00,74.00,60.00,0.8803,1,1
560,12,325.00,548.00,27.00,53.00,0.2517,1,1
560,14,405.00,291.00,40.00,25.00,0.6654,1,1
560,16,261.00,488.00,53.00,31.00,0.6030,1,1
560,17,379.00,394.00,46.00,41.00,0.8158,1,1
560,21,449.00,392.00,32.00,45.00,0.2944,1,1
560,24,703.00,345.00,89.00,71.00,0.9360,1,1
560,26,253.00,482.00,51.00,36.00,0.2692,1,1
560,34,197.00,422.00,39.00,37.00,0.9245,1,1
560,38,743.00,645.00,25.00,41.00,0.6477,1,1
560,43,658.00,529.00,39.00,35.00,0.3456,1,1
561,1,354.00,444.00,91.00,86.00,0.9338,1,1
561,2,771.00,273.00,82.00,61.00,0.8346,1,1
561,4,396.00,230.00,53.00,69.00,0.8796,1,1
561,5,165.00,381.00,74.00,60.00,0.8834,1,1
561,10,248.00,547.00,35.00,30.00,0.2562,1,1
561,14,405.00,291.00,40.00,24.00,0.6464,1,1
561,16,259.00,486.00,54.00,30.00,0.7238,1,1
561,17,379.00,392.00,46.00,42.00,0.8100,1,1
561,21,449.00,391.00,33.00,47.00,0.5046,1,1
561,24,702.00,346.00,90.00,69.00,0.9426,1,1
561,26,253.00,482.00,53.00,36.00,0.2692,1,1
561,34,197.00,422.00,38.00,38.00,0.8923,1,1
561,38,741.00,646.00,27.00,41.00,0.6597,1,1
562,1,353.00,444.00,92.00,86.00,0.9338,1,1
562,2,772.00,274.00,83.00,63.00,0.8307,1,1
562,4,396.00,230.00,54.00,69.00,0.8848,1,1
562,5,164.00,381.00,72.00,60.00,0.8867,1,1
562,10,248.00,546.00,33.00,30.00,0.5521,1,1
562,14,405.00,291.00,40.00,24.00,0.6580,1,1
562,16,262.00,485.00,50.00,27.00,0.6732,1,1
562,17,379.00,390.00,46.00,42.00,0.8249,1,1
562,21,451.00,390.00,31.00,45.00,0.6134,1,1
562,24,703.00,346.00,90.00,69.00,0.9315,1,1
562,34,195.00,421.00,38.00,39.00,0.8882,1,1
562,38,740.00,646.00,27.00,42.00,0.4996,1,1
563,1,353.00,444.00,92.00,86.00,0.9378,1,1
563,2,773.00,274.00,83.00,64.00,0.8577,1,1
563,4,396.00,230.00,54.00,69.00,0.8836,1,1
563,5,163.00,382.00,71.00,60.00,0.8993,1,1
563,10,246.00,546.00,31.00,27.00,0.5300,1,1
563,14,405.00,291.00,40.00,23.00,0.6432,1,1
563,16,263.00,485.00,48.00,27.00,0.7514,1,1
563,17,378.00,390.00,47.00,41.00,0.8086,1,1
563,21,452.00,389.00,31.00,44.00,0.6012,1,1
563,24,704.00,347.00,89.00,69.00,0.9342,1,1
563,34,190.00,421.00,41.00,41.00,0.9054,1,1
563,38,738.00,646.00,28.00,43.00,0.5029,1,1
564,1,353.00,444.00,92.00,86.00,0.9368,1,1
564,2,773.00,274.00,83.00,64.00,0.8431,1,1
564,4,396.00,230.00,54.00,69.00,0.8823,1,1
564,5,162.00,383.00,68.00,60.00,0.8975,1,1
564,10,241.00,545.00,34.00,27.00,0.5632,1,1
564,14,405.00,290.00,40.00,25.00,0.6344,1,1
564,16,269.00,487.00,40.00,28.00,0.8111,1,1
564,17,377.00,387.00,48.00,43.00,0.7982,1,1
564,21,450.00,389.00,33.00,44.00,0.6087,1,1
564,24,704.00,348.00,91.00,68.00,0.9538,1,1
564,34,190.00,420.00,40.00,41.00,0.9180,1,1
564,38,736.00,646.00,31.00,45.00,0.6751,1,1
565,1,353.00,444.00,92.00,86.00,0.9380,1,1
565,2,774.00,274.00,83.00,64.00,0.8496,1,1
565,4,396.00,230.00,54.00,69.00,0.8825,1,1
565,5,162.00,383.00,66.00,60.00,0.8902,1,1
565,10,238.00,544.00,36.00,26.00,0.4496,1,1
565,14,405.00,291.00,40.00,24.00,0.6351,1,1
565,16,270.00,486.00,39.00,28.00,0.8111,1,1
565,17,377.00,386.00,48.00,43.00,0.8234,1,1
565,21,451.00,389.00,32.00,43.00,0.6391,1,1
565,24,705.00,350.00,91.00,67.00,0.9440,1,1
565,26,267.00,488.00,40.00,33.00,0.7295,1,1
565,34,189.00,420.00,40.00,43.00,0.9374,1,1
565,38,735.00,649.00,32.00,45.00,0.5921,1,1
566,1,353.00,444.00,92.00,86.00,0.9395,1,1
566,2,774.00,274.00,84.00,64.00,0.8660,1,1
566,4,395.00,229.00,56.00,69.00,0.8781,1,1
566,5,160.00,383.00,67.00,61.00,0.8991,1,1
566,10,236.00,544.00,39.00,26.00,0.5530,1,1
566,14,406.00,291.00,39.00,24.00,0.6226,1,1
566,16,266.00,492.00,37.00,28.00,0.5060,1,1
566,17,379.00,386.00,47.00,41.00,0.7918,1,1
566,21,451.00,389.00,33.00,44.00,0.5722,1,1
566,24,707.00,352.00,89.00,66.00,0.9384,1,1
566,26,268.00,488.00,41.00,33.00,0.7295,1,1
566,34,188.00,422.00,40.00,43.00,0.9318,1,1
566,37,734.00,650.00,35.00,48.00,0.5129,1,1
566,38,735.00,649.00,34.00,49.00,0.6261,1,1
566,43,658.00,533.00,35.00,30.00,0.4980,1,1
567,1,353.00,444.00,92.00,87.00,0.9378,1,1
567,2,775.00,274.00,83.00,64.00,0.8660,1,1
567,4,395.00,229.00,56.00,68.00,0.8786,1,1
567,5,160.00,383.00,67.00,62.00,0.8998,1,1
567,10,242.00,539.00,35.00,24.00,0.3726,1,1
567,14,406.00,291.00,38.00,24.00,0.6174,1,1
567,16,265.00,492.00,38.00,28.00,0.5060,1,1
567,17,378.00,388.00,49.00,43.00,0.8208,1,1
567,21,453.00,388.00,30.00,45.00,0.5993,1,1
567,24,711.00,352.00,85.00,67.00,0.9324,1,1
567,34,187.00,423.00,40.00,42.00,0.9177,1,1
567,37,736.00,651.00,35.00,49.00,0.5738,1,1
567,38,735.00,651.00,36.00,49.00,0.4782,1,1
567,43,658.00,533.00,35.00,30.00,0.4242,1,1
568,1,353.00,444.00,92.00,87.00,0.9336,1,1
568,2,775.00,274.00,84.00,64.00,0.8336,1,1
568,4,395.00,230.00,55.00,68.00,0.8827,1,1
568,5,159.00,384.00,66.00,61.00,0.9010,1,1
568,10,242.00,538.00,35.00,23.00,0.3726,1,1
568,14,405.00,290.00,40.00,26.00,0.5622,1,1
568,17,378.00,390.00,48.00,42.00,0.8404,1,1
568,21,452.00,388.00,31.00,45.00,0.7741,1,1
568,24,716.00,355.00,82.00,65.00,0.9221,1,1
568,34,187.00,424.00,39.00,42.00,0.8979,1,1
568,37,739.00,655.00,37.00,47.00,0.6411,1,1
568,38,739.00,654.00,37.00,48.00,0.2899,1,1
568,43,658.00,534.00,35.00,30.00,0.4527,1,1
569,1,352.00,444.00,92.00,86.00,0.9327,1,1
569,2,775.00,274.00,85.00,63.00,0.8008,1,1
569,4,396.00,230.00,54.00,67.00,0.8765,1,1
569,5,157.00,385.00,68.00,61.00,0.9124,1,1
569,14,405.00,290.00,41.00,25.00,0.6186,1,1
569,17,378.00,390.00,48.00,42.00,0.7890,1,1
569,21,454.00,385.00,31.00,46.00,0.5242,1,1
569,24,718.00,356.00,82.00,67.00,0.9311,1,1
569,34,186.00,420.00,40.00,46.00,0.9152,1,1
569,37,748.00,669.00,38.00,48.00,0.6411,1,1
569,38,740.00,659.00,39.00,45.00,0.4980,1,1
569,43,657.00,536.00,36.00,28.00,0.4112,1,1
570,1,352.00,444.00,92.00,86.00,0.9327,1,1
570,2,776.00,274.00,83.00,63.00,0.8157,1,1
570,4,395.00,230.00,55.00,67.00,0.8947,1,1
570,5,157.00,386.00,68.00,61.00,0.9150,1,1
570,12,138.00,826.00,56.00,51.00,0.2513,1,1
570,14,405.00,290.00,42.00,26.00,0.5624,1,1
570,17,377.00,390.00,48.00,42.00,0.8044,1,1
570,21,456.00,381.00,32.00,46.00,0.4758,1,1
570,24,723.00,357.00,81.00,69.00,0.9247,1,1
570,34,185.00,422.00,41.00,46.00,0.9007,1,1
570,38,740.00,660.00,40.00,45.00,0.4980,1,1
570,43,657.00,536.00,36.00,28.00,0.4112,1,1
571,1,352.00,444.00,92.00,86.00,0.9335,1,1
571,2,776.00,274.00,84.00,63.00,0.8441,1,1
571,4,394.00,231.00,57.00,66.00,0.9000,1,1
571,5,157.00,387.00,67.00,61.00,0.9225,1,1
571,12,125.00,845.00,59.00,52.00,0.2513,1,1
571,14,404.00,290.00,43.00,26.00,0.5757,1,1
571,17,376.00,390.00,49.00,39.00,0.7762,1,1
571,21,460.00,381.00,32.00,41.00,0.7289,1,1
571,24,727.00,359.00,80.00,70.00,0.8957,1,1
571,34,185.00,423.00,40.00,45.00,0.9094,1,1
571,38,748.00,660.00,41.00,42.00,0.2550,1,1
572,1,352.00,444.00,92.00,86.00,0.9356,1,1
572,2,776.00,274.00,84.00,63.00,0.8313,1,1
572,4,393.00,232.00,58.00,64.00,0.8953,1,1
572,5,157.00,388.00,67.00,61.00,0.9158,1,1
572,14,404.00,289.00,43.00,27.00,0.5833,1,1
572,17,375.00,390.00,50.00,40.00,0.7354,1,1
572,21,463.00,378.00,30.00,42.00,0.7420,1,1
572,24,732.00,362.00,80.00,69.00,0.8900,1,1
572,34,185.00,425.00,40.00,44.00,0.8948,1,1
572,38,756.00,657.00,39.00,43.00,0.4192,1,1
572,43,658.00,534.00,46.00,30.00,0.3424,1,1
573,1,352.00,444.00,92.00,86.00,0.9335,1,1
573,2,776.00,274.00,84.00,63.00,0.8143,1,1
573,4,392.00,234.00,61.00,61.00,0.8880,1,1
573,5,157.00,391.00,66.00,59.00,0.8600,1,1
573,14,403.00,288.00,44.00,27.00,0.6210,1,1
573,17,374.00,390.00,51.00,42.00,0.7410,1,1
573,21,465.00,379.00,30.00,41.00,0.7186,1,1
573,24,738.00,368.00,76.00,66.00,0.9087,1,1
573,34,185.00,428.00,40.00,43.00,0.8703,1,1
573,38,762.00,651.00,37.00,40.00,0.6984,1,1
573,43,658.00,534.00,47.00,30.00,0.3424,1,1
574,1,353.00,444.00,91.00,86.00,0.9333,1,1
574,2,776.00,274.00,84.00,63.00,0.8155,1,1
574,4,389.00,235.00,66.00,58.00,0.8847,1,1
574,5,157.00,393.00,66.00,58.00,0.8634,1,1
574,12,76.00,688.00,28.00,38.00,0.5868,1,1
574,14,409.00,288.00,36.00,28.00,0.6848,1,1
574,17,373.00,394.00,53.00,41.00,0.7344,1,1
574,21,466.00,379.00,32.00,41.00,0.6738,1,1
574,24,745.00,373.00,73.00,64.00,0.8896,1,1
574,26,187.00,430.00,36.00,32.00,0.2528,1,1
574,34,186.00,432.00,39.00,40.00,0.8239,1,1
574,38,765.00,650.00,37.00,36.00,0.8593,1,1
574,60,75.00,691.00,25.00,43.00,0.6929,1,1
575,1,353.00,444.00,91.00,87.00,0.9319,1,1
575,2,776.00,274.00,84.00,63.00,0.8154,1,1
575,4,388.00,237.00,69.00,54.00,0.8893,1,1
575,5,157.00,394.00,64.00,60.00,0.8701,1,1
575,12,59.00,694.00,28.00,37.00,0.5868,1,1
575,14,409.00,285.00,38.00,28.00,0.7196,1,1
575,17,375.00,394.00,50.00,43.00,0.7031,1,1
575,21,466.00,380.00,33.00,38.00,0.5831,1,1
575,24,748.00,375.00,76.00,66.00,0.8701,1,1
575,26,187.00,430.00,35.00,31.00,0.2612,1,1
575,34,186.00,433.00,39.00,40.00,0.8395,1,1
575,37,774.00,632.00,31.00,40.00,0.8342,1,1
575,38,767.00,649.00,37.00,36.00,0.8593,1,1
575,60,75.00,690.00,25.00,44.00,0.6929,1,1
576,1,354.00,444.00,90.00,87.00,0.9368,1,1
576,2,776.00,274.00,81.00,60.00,0.8359,1,1
576,4,387.00,238.00,71.00,50.00,0.8970,1,1
576,5,157.00,396.00,65.00,59.00,0.8943,1,1
576,14,416.00,283.00,34.00,25.00,0.7691,1,1
576,17,376.00,394.00,49.00,40.00,0.7601,1,1
576,21,467.00,380.00,32.00,38.00,0.5799,1,1
576,24,753.00,377.00,75.00,69.00,0.9048,1,1
576,26,182.00,426.00,36.00,31.00,0.2612,1,1
576,34,186.00,434.00,39.00,41.00,0.8573,1,1
576,37,781.00,638.00,31.00,40.00,0.8342,1,1
576,61,142.00,967.00,53.00,52.00,0.4963,1,1
577,1,354.00,444.00,90.00,87.00,0.9350,1,1
577,2,776.00,274.00,80.00,59.00,0.8398,1,1
577,4,387.00,238.00,71.00,49.00,0.9005,1,1
577,5,158.00,397.00,64.00,58.00,0.8989,1,1
577,14,417.00,282.00,33.00,25.00,0.7573,1,1
577,16,407.00,281.00,42.00,26.00,0.5247,1,1
577,17,378.00,395.00,48.00,39.00,0.7546,1,1
577,21,467.00,379.00,33.00,38.00,0.5754,1,1
577,24,759.00,380.00,76.00,71.00,0.8985,1,1
577,34,186.00,435.00,39.00,42.00,0.8857,1,1
577,43,797.00,582.00,45.00,30.00,0.7922,1,1
577,61,143.00,971.00,54.00,52.00,0.4963,1,1
577,62,0.00,741.00,14.00,93.00,0.5100,1,1
578,1,354.00,444.00,91.00,87.00,0.9326,1,1
578,2,776.00,274.00,81.00,58.00,0.8583,1,1
578,4,387.00,238.00,72.00,48.00,0.9010,1,1
578,5,158.00,399.00,64.00,58.00,0.9044,1,1
578,14,416.00,281.00,35.00,25.00,0.7744,1,1
578,16,417.00,267.00,42.00,25.00,0.5247,1,1
578,17,384.00,394.00,43.00,38.00,0.7070,1,1
578,21,468.00,379.00,33.00,39.00,0.6509,1,1
578,24,764.00,385.00,77.00,75.00,0.9068,1,1
578,34,186.00,435.00,40.00,44.00,0.8814,1,1
578,43,809.00,587.00,47.00,30.00,0.7922,1,1
578,61,124.00,1029.00,62.00,35.00,0.4530,1,1
578,62,0.00,744.00,17.00,94.00,0.7633,1,1
579,1,354.00,444.00,92.00,87.00,0.9312,1,1
579,2,777.00,274.00,82.00,57.00,0.8700,1,1
579,4,387.00,238.00,72.00,47.00,0.9031,1,1
579,5,159.00,399.00,62.00,58.00,0.8987,1,1
579,14,416.00,280.00,36.00,25.00,0.8137,1,1
579,17,382.00,392.00,46.00,39.00,0.6341,1,1
579,21,470.00,377.00,32.00,39.00,0.6782,1,1
579,24,767.00,391.00,79.00,76.00,0.8918,1,1
579,34,186.00,435.00,40.00,45.00,0.8514,1,1
579,38,843.00,554.00,40.00,42.00,0.2639,1,1
579,61,124.00,1051.00,53.00,31.00,0.4530,1,1
579,62,0.00,744.00,20.00,92.00,0.8038,1,1
580,1,354.00,444.00,91.00,86.00,0.9329,1,1
580,2,777.00,274.00,83.00,55.00,0.8748,1,1
580,4,388.00,236.00,73.00,48.00,0.8992,1,1
580,5,159.00,400.00,63.00,58.00,0.8998,1,1
580,10,235.00,541.00,42.00,26.00,0.3572,1,1
580,14,417.00,279.00,37.00,24.00,0.8468,1,1
580,17,383.00,388.00,47.00,40.00,0.6464,1,1
580,21,472.00,375.00,33.00,35.00,0.6498,1,1
580,24,772.00,399.00,79.00,79.00,0.8747,1,1
580,34,187.00,436.00,39.00,45.00,0.8607,1,1
580,38,845.00,546.00,39.00,46.00,0.6868,1,1
580,62,0.00,745.00,25.00,109.00,0.8299,1,1
580,65,270.00,507.00,39.00,45.00,0.7083,1,1
581,1,354.00,444.00,91.00,86.00,0.9358,1,1
581,2,777.00,274.00,83.00,53.00,0.8743,1,1
581,4,390.00,235.00,72.00,47.00,0.8990,1,1
581,5,159.00,400.00,63.00,59.00,0.9040,1,1
581,10,234.00,543.00,42.00,26.00,0.4700,1,1
581,14,418.00,277.00,38.00,25.00,0.8485,1,1
581,17,386.00,388.00,51.00,38.00,0.6886,1,1
581,21,478.00,371.00,33.00,38.00,0.6774,1,1
581,24,773.00,408.00,79.00,80.00,0.8512,1,1
581,26,235.00,546.00,39.00,30.00,0.4017,1,1
581,34,186.00,437.00,40.00,45.00,0.8763,1,1
581,37,670.00,618.00,43.00,55.00,0.6957,1,1
581,38,847.00,544.00,37.00,48.00,0.2518,1,1
581,62,0.00,747.00,27.00,116.00,0.8027,1,1
581,65,270.00,508.00,41.00,44.00,0.7584,1,1
582,1,354.00,444.00,91.00,86.00,0.9361,1,1
582,2,777.00,274.00,81.00,50.00,0.8560,1,1
582,4,391.00,233.00,74.00,47.00,0.9062,1,1
582,5,159.00,400.00,64.00,60.00,0.9110,1,1
582,10,234.00,543.00,42.00,27.00,0.4700,1,1
582,14,422.00,275.00,36.00,25.00,0.7740,1,1
582,17,386.00,385.00,49.00,39.00,0.6581,1,1
582,21,481.00,367.00,36.00,37.00,0.5741,1,1
582,24,774.00,416.00,82.00,84.00,0.8848,1,1
582,26,234.00,550.00,38.00,30.00,0.5015,1,1
582,34,187.00,438.00,39.00,44.00,0.8838,1,1
582,37,674.00,634.00,46.00,53.00,0.6244,1,1
582,38,846.00,542.00,37.00,49.00,0.2953,1,1
582,62,0.00,747.00,29.00,122.00,0.8262,1,1
582,65,274.00,509.00,38.00,47.00,0.8346,1,1
583,1,353.00,443.00,92.00,88.00,0.9341,1,1
583,2,777.00,274.00,82.00,52.00,0.8729,1,1
583,4,395.00,231.00,72.00,48.00,0.9082,1,1
583,5,159.00,401.00,64.00,59.00,0.9122,1,1
583,10,236.00,550.00,41.00,29.00,0.7080,1,1
583,14,425.00,272.00,38.00,26.00,0.7456,1,1
583,17,388.00,383.00,51.00,32.00,0.7370,1,1
583,21,483.00,366.00,37.00,37.00,0.5741,1,1
583,24,774.00,423.00,84.00,84.00,0.8668,1,1
583,26,238.00,560.00,37.00,29.00,0.5015,1,1
583,34,186.00,439.00,40.00,43.00,0.8962,1,1
583,37,669.00,637.00,48.00,55.00,0.6244,1,1
583,38,852.00,535.00,38.00,50.00,0.2953,1,1
583,60,158.00,918.00,33.00,38.00,0.7427,1,1
583,61,157.00,1051.00,44.00,33.00,0.3671,1,1
583,62,0.00,750.00,32.00,124.00,0.7989,1,1
583,65,274.00,509.00,39.00,45.00,0.6996,1,1
584,1,353.00,443.00,91.00,88.00,0.9349,1,1
584,2,777.00,274.00,81.00,52.00,0.8787,1,1
584,4,400.00,228.00,70.00,49.00,0.8971,1,1
584,5,159.00,401.00,64.00,59.00,0.9168,1,1
584,10,234.00,553.00,37.00,29.00,0.7103,1,1
584,14,433.00,269.00,33.00,27.00,0.7546,1,1
584,17,396.00,382.00,50.00,35.00,0.7289,1,1
584,24,775.00,428.00,85.00,83.00,0.8647,1,1
584,34,186.00,439.00,41.00,43.00,0.8851,1,1
584,60,167.00,942.00,33.00,37.00,0.7427,1,1
584,61,163.00,1041.00,40.00,33.00,0.5540,1,1
584,62,0.00,755.00,35.00,121.00,0.8657,1,1
584,65,273.00,510.00,41.00,42.00,0.2942,1,1
585,1,352.00,442.00,91.00,88.00,0.9329,1,1
585,2,776.00,274.00,82.00,53.00,0.8946,1,1
585,4,404.00,226.00,70.00,48.00,0.8851,1,1
585,5,159.00,401.00,64.00,60.00,0.9193,1,1
585,10,231.00,555.00,41.00,29.00,0.7373,1,1
585,14,433.00,266.00,36.00,25.00,0.7266,1,1
585,17,402.00,380.00,48.00,34.00,0.7079,1,1
585,24,775.00,432.00,87.00,83.00,0.8392,1,1
585,34,186.00,441.00,41.00,41.00,0.9000,1,1
585,60,164.00,1027.00,45.00,35.00,0.6407,1,1
585,61,166.00,1049.00,38.00,32.00,0.5540,1,1
585,62,0.00,758.00,39.00,123.00,0.9110,1,1
585,65,276.00,509.00,36.00,39.00,0.4360,1,1
586,1,351.00,442.00,92.00,87.00,0.9306,1,1
586,2,776.00,274.00,83.00,54.00,0.9042,1,1
586,4,407.00,225.00,71.00,49.00,0.8755,1,1
586,5,159.00,401.00,64.00,60.00,0.9195,1,1
586,10,229.00,555.00,42.00,30.00,0.7438,1,1
586,14,434.00,263.00,39.00,26.00,0.7793,1,1
586,16,439.00,265.00,36.00,29.00,0.3793,1,1
586,17,403.00,377.00,51.00,36.00,0.6851,1,1
586,24,776.00,435.00,88.00,83.00,0.7208,1,1
586,34,186.00,441.00,40.00,41.00,0.8970,1,1
586,60,173.00,1055.00,45.00,32.00,0.6407,1,1
586,62,0.00,760.00,43.00,121.00,0.9202,1,1
586,65,277.00,509.00,36.00,39.00,0.4360,1,1
587,1,352.00,442.00,90.00,87.00,0.9284,1,1
587,2,776.00,274.00,83.00,53.00,0.9003,1,1
587,4,412.00,223.00,71.00,49.00,0.8558,1,1
587,5,159.00,401.00,63.00,60.00,0.9192,1,1
587,10,229.00,556.00,41.00,31.00,0.7350,1,1
587,14,441.00,260.00,37.00,27.00,0.7548,1,1
587,16,445.00,262.00,36.00,29.00,0.3793,1,1
587,17,405.00,374.00,53.00,38.00,0.5607,1,1
587,24,774.00,436.00,89.00,84.00,0.7737,1,1
587,34,186.00,441.00,40.00,40.00,0.9047,1,1
587,62,0.00,762.00,48.00,123.00,0.9149,1,1
587,67,145.00,925.00,41.00,43.00,0.6929,1,1
588,1,351.00,442.00,92.00,86.00,0.9265,1,1
588,2,776.00,274.00,82.00,53.00,0.9000,1,1
588,4,416.00,221.00,70.00,48.00,0.8672,1,1
588,5,159.00,400.00,63.00,61.00,0.9136,1,1
588,10,227.00,557.00,42.00,31.00,0.7644,1,1
588,14,446.00,260.00,34.00,26.00,0.6966,1,1
588,17,406.00,373.00,54.00,37.00,0.5607,1,1
588,21,412.00,373.00,47.00,33.00,0.5727,1,1
588,24,774.00,435.00,90.00,86.00,0.7217,1,1
588,34,186.00,438.00,40.00,44.00,0.9095,1,1
588,62,0.00,764.00,55.00,119.00,0.9166,1,1
588,65,287.00,511.00,36.00,41.00,0.2789,1,1
588,67,149.00,927.00,40.00,42.00,0.6929,1,1
589,1,351.00,443.00,92.00,85.00,0.9259,1,1
589,2,775.00,274.00,82.00,53.00,0.8958,1,1
589,4,419.00,219.00,71.00,48.00,0.8938,1,1
589,5,159.00,399.00,63.00,61.00,0.9029,1,1
589,10,227.00,556.00,38.00,31.00,0.7203,1,1
589,14,449.00,257.00,35.00,29.00,0.6808,1,1
589,21,415.00,373.00,46.00,31.00,0.4485,1,1
589,24,775.00,435.00,91.00,86.00,0.8151,1,1
589,34,186.00,437.00,40.00,44.00,0.9306,1,1
589,38,773.00,632.00,25.00,38.00,0.4525,1,1
589,62,0.00,768.00,60.00,113.00,0.9101,1,1
589,65,282.00,508.00,38.00,44.00,0.3928,1,1
590,1,352.00,443.00,92.00,86.00,0.9359,1,1
590,2,775.00,274.00,82.00,53.00,0.8974,1,1
590,4,424.00,216.00,69.00,48.00,0.9078,1,1
590,5,159.00,398.00,62.00,61.00,0.8954,1,1
590,10,225.00,557.00,39.00,31.00,0.6934,1,1
590,14,451.00,255.00,38.00,28.00,0.7595,1,1
590,21,420.00,373.00,43.00,29.00,0.5783,1,1
590,24,776.00,433.00,92.00,87.00,0.9180,1,1
590,26,209.00,557.00,52.00,28.00,0.2575,1,1
590,34,185.00,435.00,40.00,45.00,0.9406,1,1
590,37,785.00,671.00,42.00,58.00,0.4965,1,1
590,38,777.00,636.00,24.00,36.00,0.4117,1,1
590,43,802.00,513.00,47.00,37.00,0.2539,1,1
590,62,0.00,770.00,67.00,114.00,0.9090,1,1
590,65,281.00,501.00,38.00,49.00,0.3215,1,1
591,1,353.00,443.00,92.00,85.00,0.9343,1,1
591,2,774.00,274.00,82.00,53.00,0.9001,1,1
591,4,428.00,214.00,68.00,47.00,0.9057,1,1
591,5,159.00,397.00,62.00,60.00,0.8897,1,1
591,10,220.00,556.00,42.00,31.00,0.6237,1,1
591,14,453.00,253.00,39.00,26.00,0.8491,1,1
591,17,421.00,370.00,45.00,32.00,0.5072,1,1
591,21,417.00,373.00,44.00,29.00,0.5783,1,1
591,24,781.00,432.00,88.00,85.00,0.9403,1,1
591,26,209.00,561.00,53.00,29.00,0.2575,1,1
591,34,185.00,434.00,39.00,44.00,0.9373,1,1
591,37,785.00,670.00,41.00,59.00,0.6188,1,1
591,38,777.00,632.00,24.00,36.00,0.2801,1,1
591,43,805.00,510.00,47.00,37.00,0.2539,1,1
591,62,0.00,770.00,75.00,120.00,0.9188,1,1
591,65,278.00,501.00,40.00,53.00,0.5806,1,1
592,1,353.00,443.00,93.00,83.00,0.9317,1,1
592,2,774.00,274.00,82.00,53.00,0.9040,1,1
592,4,431.00,213.00,68.00,47.00,0.9045,1,1
592,5,158.00,394.00,63.00,61.00,0.8614,1,1
592,10,213.00,556.00,46.00,30.00,0.6139,1,1
592,14,460.00,253.00,34.00,24.00,0.8320,1,1
592,17,424.00,368.00,45.00,33.00,0.5072,1,1
592,24,782.00,431.00,89.00,84.00,0.9363,1,1
592,34,184.00,434.00,40.00,41.00,0.9046,1,1
592,37,783.00,671.00,40.00,58.00,0.6756,1,1
592,38,777.00,632.00,24.00,35.00,0.4496,1,1
592,62,1.00,770.00,84.00,120.00,0.9468,1,1
592,65,276.00,500.00,41.00,47.00,0.5021,1,1
593,1,353.00,443.00,93.00,84.00,0.9353,1,1
593,2,774.00,274.00,82.00,53.00,0.9082,1,1
593,4,435.00,210.00,68.00,48.00,0.8798,1,1
593,5,159.00,393.00,60.00,60.00,0.8504,1,1
593,10,216.00,556.00,43.00,30.00,0.5949,1,1
593,14,461.00,252.00,36.00,24.00,0.8486,1,1
593,24,783.00,430.00,91.00,82.00,0.9412,1,1
593,34,183.00,433.00,40.00,40.00,0.8594,1,1
593,37,778.00,673.00,38.00,56.00,0.4971,1,1
593,38,774.00,634.00,23.00,35.00,0.3317,1,1
593,43,804.00,507.00,44.00,42.00,0.2814,1,1
593,62,8.00,769.00,87.00,120.00,0.9328,1,1
593,65,275.00,497.00,40.00,48.00,0.5792,1,1
594,1,354.00,443.00,92.00,84.00,0.9390,1,1
594,2,774.00,274.00,81.00,52.00,0.9023,1,1
594,4,439.00,208.00,67.00,49.00,0.8936,1,1
594,5,158.00,390.00,62.00,60.00,0.8605,1,1
594,10,213.00,554.00,47.00,32.00,0.4789,1,1
594,14,462.00,250.00,40.00,25.00,0.8906,1,1
594,24,784.00,428.00,92.00,81.00,0.9439,1,1
594,26,203.00,553.00,54.00,28.00,0.3803,1,1
594,34,184.00,432.00,39.00,38.00,0.7988,1,1
594,37,784.00,676.00,37.00,57.00,0.4971,1,1
594,38,772.00,638.00,22.00,35.00,0.3317,1,1
594,43,806.00,504.00,44.00,43.00,0.2814,1,1
594,62,17.00,769.00,91.00,112.00,0.9265,1,1
594,65,273.00,492.00,42.00,51.00,0.3183,1,1
595,1,354.00,444.00,91.00,82.00,0.9444,1,1
595,2,773.00,274.00,82.00,52.00,0.9078,1,1
595,4,443.00,207.00,67.00,48.00,0.8914,1,1
595,5,158.00,388.00,61.00,59.00,0.8990,1,1
595,10,208.00,553.00,50.00,31.00,0.6006,1,1
595,14,466.00,250.00,38.00,25.00,0.8706,1,1
595,24,784.00,425.00,94.00,82.00,0.9447,1,1
595,26,202.00,556.00,55.00,27.00,0.3803,1,1
595,34,182.00,427.00,41.00,42.00,0.8395,1,1
595,38,762.00,633.00,20.00,39.00,0.2628,1,1
595,62,28.00,765.00,92.00,114.00,0.9443,1,1
595,65,270.00,487.00,45.00,52.00,0.2719,1,1
596,1,354.00,447.00,93.00,81.00,0.9504,1,1
596,2,773.00,274.00,83.00,52.00,0.9102,1,1
596,4,448.00,206.00,66.00,47.00,0.8907,1,1
596,5,158.00,386.00,62.00,60.00,0.9038,1,1
596,10,198.00,550.00,58.00,29.00,0.5529,1,1
596,14,472.00,249.00,36.00,26.00,0.8217,1,1
596,17,421.00,352.00,29.00,32.00,0.3470,1,1
596,24,782.00,423.00,98.00,80.00,0.9130,1,1
596,34,181.00,425.00,43.00,42.00,0.8785,1,1
596,38,759.00,636.00,19.00,39.00,0.2628,1,1
596,62,42.00,758.00,92.00,120.00,0.9513,1,1
596,65,271.00,489.00,43.00,50.00,0.4674,1,1
597,1,355.00,448.00,95.00,83.00,0.9485,1,1
597,2,773.00,274.00,82.00,52.00,0.9097,1,1
597,4,450.00,205.00,68.00,48.00,0.8776,1,1
597,5,158.00,385.00,62.00,60.00,0.8903,1,1
597,10,199.00,549.00,56.00,29.00,0.5593,1,1
597,14,476.00,249.00,35.00,27.00,0.8257,1,1
597,17,421.00,351.00,32.00,32.00,0.4885,1,1
597,24,778.00,420.00,103.00,77.00,0.9246,1,1
597,34,181.00,424.00,42.00,41.00,0.9211,1,1
597,62,52.00,753.00,96.00,114.00,0.9244,1,1
597,65,271.00,484.00,41.00,51.00,0.5845,1,1
598,1,356.00,450.00,94.00,83.00,0.9433,1,1
598,2,774.00,274.00,81.00,52.00,0.9088,1,1
598,4,454.00,205.00,66.00,49.00,0.8840,1,1
598,5,158.00,383.00,62.00,59.00,0.8773,1,1
598,10,196.00,549.00,58.00,29.00,0.5593,1,1
598,14,477.00,250.00,35.00,26.00,0.8351,1,1
598,17,422.00,351.00,32.00,32.00,0.4479,1,1
598,24,775.00,418.00,106.00,76.00,0.9400,1,1
598,34,181.00,422.00,40.00,40.00,0.9063,1,1
598,62,63.00,749.00,100.00,115.00,0.9411,1,1
598,65,274.00,485.00,38.00,48.00,0.6808,1,1
599,1,357.00,454.00,95.00,80.00,0.9262,1,1
599,2,774.00,274.00,81.00,51.00,0.9034,1,1
599,4,456.00,205.00,66.00,49.00,0.8779,1,1
599,5,158.00,382.00,62.00,58.00,0.8688,1,1
599,14,478.00,250.00,35.00,26.00,0.8741,1,1
599,17,422.00,349.00,31.00,34.00,0.3067,1,1
599,24,774.00,416.00,106.00,74.00,0.9319,1,1
599,34,180.00,421.00,41.00,39.00,0.8626,1,1
599,62,76.00,748.00,99.00,117.00,0.9469,1,1
599,65,274.00,484.00,37.00,50.00,0.5816,1,1
600,1,360.00,454.00,93.00,81.00,0.9166,1,1
600,2,774.00,274.00,81.00,51.00,0.9000,1,1
600,4,460.00,204.00,63.00,51.00,0.8765,1,1
600,5,158.00,380.00,61.00,58.00,0.8667,1,1
600,14,480.00,251.00,35.00,25.00,0.8907,1,1
600,17,423.00,347.00,31.00,34.00,0.3067,1,1
600,24,771.00,414.00,108.00,74.00,0.9368,1,1
600,34,179.00,421.00,42.00,39.00,0.8346,1,1
600,62,87.00,747.00,97.00,116.00,0.9297,1,1
600,65,277.00,490.00,34.00,51.00,0.3668,1,1
600,70,163.00,906.00,55.00,37.00,0.6471,1,1
601,1,361.00,457.00,94.00,79.00,0.9141,1,1
601,2,774.00,274.00,81.00,51.00,0.8978,1,1
601,4,462.00,204.00,63.00,52.00,0.8658,1,1
601,5,158.00,379.00,62.00,59.00,0.8716,1,1
601,14,480.00,252.00,36.00,22.00,0.8769,1,1
601,17,422.00,348.00,32.00,35.00,0.2562,1,1
601,24,770.00,413.00,108.00,74.00,0.9335,1,1
601,34,179.00,421.00,41.00,38.00,0.8349,1,1
601,62,100.00,748.00,96.00,114.00,0.9389,1,1
601,65,277.00,489.00,36.00,47.00,0.4305,1,1
601,70,184.00,903.00,45.00,39.00,0.2945,1,1
602,1,364.00,457.00,93.00,81.00,0.9231,1,1
602,2,775.00,274.00,80.00,51.00,0.8967,1,1
602,4,464.00,203.00,61.00,55.00,0.8623,1,1
602,5,158.00,379.00,63.00,58.00,0.8834,1,1
602,14,479.00,253.00,37.00,22.00,0.8194,1,1
602,17,423.00,349.00,31.00,34.00,0.2648,1,1
602,24,767.00,412.00,105.00,73.00,0.9372,1,1
602,34,178.00,422.00,43.00,36.00,0.7852,1,1
602,38,713.00,609.00,27.00,40.00,0.4104,1,1
602,43,763.00,544.00,32.00,29.00,0.4786,1,1
602,62,114.00,747.00,97.00,115.00,0.9428,1,1
602,65,274.00,486.00,38.00,45.00,0.3382,1,1
602,70,199.00,903.00,41.00,34.00,0.4592,1,1
603,1,365.00,458.00,93.00,81.00,0.9270,1,1
603,2,775.00,274.00,81.00,52.00,0.8982,1,1
603,4,466.00,202.00,59.00,59.00,0.8676,1,1
603,5,158.00,379.00,64.00,58.00,0.8923,1,1
603,14,481.00,252.00,37.00,23.00,0.8194,1,1
603,16,475.00,253.00,38.00,26.00,0.7049,1,1
603,17,424.00,347.00,30.00,35.00,0.2648,1,1
603,24,765.00,409.00,104.00,75.00,0.9356,1,1
603,34,179.00,421.00,42.00,36.00,0.7673,1,1
603,38,714.00,602.00,35.00,36.00,0.5666,1,1
603,43,760.00,546.00,32.00,28.00,0.4786,1,1
603,62,124.00,748.00,107.00,114.00,0.9372,1,1
603,65,274.00,485.00,38.00,45.00,0.3382,1,1
603,70,209.00,901.00,40.00,34.00,0.4592,1,1
604,1,366.00,460.00,94.00,81.00,0.9284,1,1
604,2,775.00,275.00,81.00,52.00,0.9008,1,1
604,4,466.00,202.00,59.00,60.00,0.8637,1,1
604,5,159.00,377.00,65.00,58.00,0.8868,1,1
604,16,475.00,255.00,38.00,25.00,0.6918,1,1
604,24,764.00,406.00,103.00,76.00,0.9243,1,1
604,34,179.00,422.00,41.00,34.00,0.7760,1,1
604,38,709.00,600.00,36.00,37.00,0.5666,1,1
604,62,134.00,747.00,112.00,118.00,0.9264,1,1
605,1,367.00,463.00,95.00,80.00,0.9320,1,1
605,2,775.00,274.00,81.00,54.00,0.8969,1,1
605,4,466.00,202.00,58.00,61.00,0.8633,1,1
605,5,160.00,376.00,65.00,58.00,0.8736,1,1
605,16,473.00,255.00,39.00,25.00,0.7083,1,1
605,24,760.00,404.00,100.00,77.00,0.9330,1,1
605,26,185.00,417.00,39.00,31.00,0.2820,1,1
605,34,179.00,419.00,44.00,36.00,0.7224,1,1
605,37,362.00,653.00,36.00,41.00,0.4718,1,1
605,62,150.00,747.00,109.00,117.00,0.9363,1,1
605,67,331.00,933.00,56.00,56.00,0.2746,1,1
606,1,368.00,464.00,96.00,82.00,0.9262,1,1
606,2,775.00,274.00,81.00,55.00,0.9015,1,1
606,4,466.00,202.00,57.00,62.00,0.8671,1,1
606,5,160.00,374.00,66.00,59.00,0.9121,1,1
606,16,474.00,256.00,38.00,25.00,0.6723,1,1
606,24,756.00,403.00,102.00,76.00,0.9270,1,1
606,26,183.00,408.00,39.00,31.00,0.2820,1,1
606,34,180.00,418.00,43.00,36.00,0.8335,1,1
606,37,367.00,660.00,32.00,41.00,0.2743,1,1
606,38,725.00,586.00,52.00,47.00,0.5877,1,1
606,62,162.00,747.00,112.00,120.00,0.9427,1,1
606,65,264.00,475.00,46.00,44.00,0.4308,1,1
606,67,341.00,928.00,65.00,66.00,0.5209,1,1
607,1,369.00,464.00,95.00,83.00,0.9322,1,1
607,2,775.00,274.00,82.00,55.00,0.9072,1,1
607,4,466.00,202.00,57.00,63.00,0.8698,1,1
607,5,161.00,372.00,66.00,60.00,0.9069,1,1
607,16,473.00,256.00,38.00,25.00,0.6730,1,1
607,24,751.00,400.00,104.00,76.00,0.9277,1,1
607,34,181.00,418.00,43.00,35.00,0.8424,1,1
607,37,353.00,660.00,32.00,40.00,0.2743,1,1
607,38,729.00,601.00,55.00,50.00,0.4144,1,1
607,62,181.00,748.00,108.00,121.00,0.9353,1,1
607,65,263.00,478.00,45.00,41.00,0.4651,1,1
607,67,352.00,925.00,67.00,68.00,0.2748,1,1
608,1,370.00,465.00,95.00,84.00,0.9349,1,1
608,2,775.00,274.00,82.00,55.00,0.9105,1,1
608,4,465.00,202.00,57.00,64.00,0.8694,1,1
608,5,162.00,371.00,66.00,60.00,0.8955,1,1
608,16,473.00,257.00,38.00,25.00,0.6784,1,1
608,24,748.00,399.00,104.00,76.00,0.9047,1,1
608,26,188.00,414.00,37.00,31.00,0.4805,1,1
608,34,182.00,416.00,42.00,33.00,0.8603,1,1
608,38,728.00,601.00,57.00,50.00,0.4144,1,1
608,62,197.00,749.00,111.00,123.00,0.9057,1,1
608,65,260.00,479.00,48.00,42.00,0.2840,1,1
608,67,363.00,925.00,68.00,69.00,0.2748,1,1
609,1,370.00,465.00,96.00,84.00,0.9376,1,1
609,2,775.00,274.00,82.00,56.00,0.9164,1,1
609,4,465.00,202.00,54.00,64.00,0.8715,1,1
609,5,162.00,369.00,67.00,59.00,0.8899,1,1
609,16,472.00,258.00,38.00,24.00,0.6693,1,1
609,24,744.00,397.00,101.00,76.00,0.9182,1,1
609,26,187.00,409.00,37.00,31.00,0.4805,1,1
609,34,182.00,415.00,42.00,30.00,0.8152,1,1
609,62,217.00,750.00,106.00,118.00,0.9294,1,1
609,65,262.00,482.00,47.00,40.00,0.2708,1,1
610,1,372.00,465.00,96.00,85.00,0.9306,1,1
610,2,774.00,274.00,82.00,56.00,0.8965,1,1
610,4,463.00,203.00,55.00,62.00,0.8736,1,1
610,5,161.00,367.00,69.00,59.00,0.8856,1,1
610,14,472.00,257.00,37.00,24.00,0.6438,1,1
610,16,473.00,258.00,38.00,24.00,0.6693,1,1
610,24,741.00,395.00,100.00,76.00,0.9169,1,1
610,34,181.00,415.00,43.00,31.00,0.7385,1,1
610,62,231.00,749.00,112.00,120.00,0.9373,1,1
610,65,261.00,484.00,48.00,38.00,0.2862,1,1
611,1,374.00,465.00,97.00,88.00,0.9043,1,1
611,2,774.00,274.00,82.00,56.00,0.8976,1,1
611,4,462.00,202.00,53.00,62.00,0.8448,1,1
611,5,162.00,366.00,69.00,58.00,0.8752,1,1
611,14,471.00,257.00,38.00,24.00,0.6263,1,1
611,24,740.00,392.00,97.00,75.00,0.9136,1,1
611,34,181.00,415.00,43.00,31.00,0.7229,1,1
611,62,250.00,749.00,115.00,121.00,0.9316,1,1
611,65,254.00,482.00,52.00,41.00,0.2670,1,1
612,1,375.00,466.00,98.00,86.00,0.9004,1,1
612,2,772.00,275.00,82.00,56.00,0.8706,1,1
612,4,460.00,201.00,54.00,63.00,0.8480,1,1
612,5,163.00,365.00,68.00,58.00,0.8679,1,1
612,10,219.00,532.00,50.00,30.00,0.2652,1,1
612,14,471.00,257.00,37.00,24.00,0.5810,1,1
612,17,423.00,351.00,32.00,33.00,0.5210,1,1
612,24,736.00,389.00,98.00,74.00,0.9286,1,1
612,34,184.00,413.00,40.00,31.00,0.7611,1,1
612,62,272.00,748.00,111.00,120.00,0.9383,1,1
612,65,252.00,482.00,53.00,40.00,0.2670,1,1
613,1,376.00,467.00,97.00,83.00,0.8973,1,1
613,2,770.00,276.00,82.00,56.00,0.8434,1,1
613,4,458.00,201.00,52.00,63.00,0.8712,1,1
613,5,165.00,363.00,67.00,58.00,0.8540,1,1
613,10,219.00,531.00,51.00,30.00,0.2652,1,1
613,14,466.00,256.00,39.00,25.00,0.5776,1,1
613,17,424.00,352.00,31.00,32.00,0.4114,1,1
613,24,733.00,386.00,96.00,76.00,0.9153,1,1
613,34,184.00,411.00,41.00,31.00,0.6300,1,1
613,62,289.00,748.00,113.00,122.00,0.9566,1,1
614,1,377.00,467.00,100.00,87.00,0.9169,1,1
614,2,769.00,276.00,85.00,57.00,0.8845,1,1
614,4,457.00,201.00,51.00,62.00,0.8819,1,1
614,5,165.00,362.00,68.00,57.00,0.8746,1,1
614,14,462.00,256.00,41.00,26.00,0.6728,1,1
614,17,424.00,352.00,31.00,32.00,0.4114,1,1
614,24,729.00,384.00,96.00,76.00,0.8961,1,1
614,34,186.00,410.00,40.00,30.00,0.5906,1,1
614,62,311.00,744.00,115.00,127.00,0.9471,1,1
615,1,379.00,467.00,99.00,90.00,0.9324,1,1
615,2,767.00,277.00,86.00,57.00,0.8812,1,1
615,4,454.00,201.00,52.00,61.00,0.8765,1,1
615,5,166.00,360.00,69.00,57.00,0.9109,1,1
615,10,215.00,527.00,49.00,35.00,0.6261,1,1
615,14,460.00,256.00,40.00,26.00,0.6883,1,1
615,17,422.00,357.00,31.00,29.00,0.2716,1,1
615,24,726.00,384.00,96.00,73.00,0.9025,1,1
615,34,187.00,408.00,40.00,32.00,0.5700,1,1
615,37,254.00,484.00,49.00,50.00,0.4131,1,1
615,62,332.00,739.00,113.00,124.00,0.8884,1,1
616,1,380.00,468.00,99.00,91.00,0.9287,1,1
616,2,767.00,277.00,85.00,57.00,0.8879,1,1
616,4,451.00,201.00,52.00,61.00,0.8627,1,1
616,5,168.00,358.00,67.00,58.00,0.9096,1,1
616,10,215.00,526.00,49.00,36.00,0.7153,1,1
616,14,459.00,256.00,39.00,27.00,0.7015,1,1
616,17,423.00,360.00,31.00,29.00,0.2994,1,1
616,24,723.00,383.00,92.00,73.00,0.9286,1,1
616,34,188.00,406.00,40.00,32.00,0.6162,1,1
616,37,241.00,470.00,50.00,51.00,0.4131,1,1
616,62,352.00,734.00,114.00,122.00,0.9342,1,1
617,1,379.00,469.00,101.00,91.00,0.9231,1,1
617,2,767.00,277.00,84.00,58.00,0.8835,1,1
617,4,448.00,202.00,52.00,59.00,0.8699,1,1
617,5,169.00,357.00,67.00,58.00,0.9111,1,1
617,10,215.00,524.00,45.00,35.00,0.8330,1,1
617,14,458.00,256.00,38.00,27.00,0.7132,1,1
617,17,424.00,361.00,30.00,28.00,0.2994,1,1
617,24,719.00,382.00,93.00,72.00,0.9246,1,1
617,34,188.00,404.00,41.00,32.00,0.7020,1,1
617,62,375.00,726.00,114.00,125.00,0.8115,1,1
617,67,508.00,882.00,44.00,44.00,0.3076,1,1
618,1,381.00,469.00,100.00,93.00,0.9277,1,1
618,2,767.00,277.00,85.00,58.00,0.8824,1,1
618,4,446.00,203.00,51.00,59.00,0.8531,1,1
618,5,168.00,355.00,69.00,59.00,0.9106,1,1
618,10,215.00,522.00,44.00,33.00,0.8101,1,1
618,14,454.00,256.00,40.00,28.00,0.7128,1,1
618,17,422.00,369.00,35.00,29.00,0.3310,1,1
618,24,715.00,382.00,94.00,73.00,0.9227,1,1
618,34,188.00,402.00,42.00,33.00,0.7691,1,1
618,62,395.00,718.00,112.00,122.00,0.7787,1,1
618,67,522.00,878.00,42.00,44.00,0.3076,1,1
619,1,384.00,469.00,96.00,95.00,0.9393,1,1
619,2,767.00,277.00,84.00,59.00,0.9052,1,1
619,4,442.00,205.00,53.00,58.00,0.8715,1,1
619,5,170.00,355.00,69.00,58.00,0.9094,1,1
619,10,213.00,520.00,48.00,32.00,0.8393,1,1
619,14,450.00,257.00,42.00,28.00,0.6501,1,1
619,17,420.00,373.00,36.00,27.00,0.3785,1,1
619,21,516.00,342.00,26.00,37.00,0.3535,1,1
619,24,713.00,381.00,92.00,72.00,0.9284,1,1
619,34,189.00,401.00,42.00,32.00,0.8184,1,1
619,62,414.00,708.00,117.00,125.00,0.8418,1,1
620,1,384.00,469.00,96.00,96.00,0.9461,1,1
620,2,767.00,277.00,83.00,59.00,0.9054,1,1
620,4,439.00,207.00,52.00,58.00,0.8770,1,1
620,5,170.00,354.00,69.00,58.00,0.9107,1,1
620,10,213.00,518.00,46.00,32.00,0.8260,1,1
620,14,447.00,261.00,40.00,26.00,0.6257,1,1
620,17,417.00,374.00,38.00,27.00,0.4174,1,1
620,21,516.00,344.00,27.00,35.00,0.2977,1,1
620,24,711.00,381.00,91.00,73.00,0.9327,1,1
620,34,190.00,400.00,41.00,32.00,0.8240,1,1
620,62,432.00,702.00,116.00,124.00,0.8928,1,1
621,1,384.00,468.00,96.00,97.00,0.9503,1,1
621,2,767.00,277.00,83.00,59.00,0.9050,1,1
621,4,434.00,209.00,53.00,58.00,0.8964,1,1
621,5,170.00,353.00,70.00,58.00,0.9043,1,1
621,10,213.00,516.00,45.00,32.00,0.7914,1,1
621,14,446.00,261.00,38.00,28.00,0.7816,1,1
621,17,413.00,374.00,45.00,30.00,0.5571,1,1
621,21,517.00,344.00,28.00,37.00,0.6973,1,1
621,24,707.00,380.00,93.00,74.00,0.9303,1,1
621,34,192.00,399.00,40.00,32.00,0.7930,1,1
621,62,448.00,694.00,121.00,124.00,0.9004,1,1
622,1,384.00,468.00,95.00,98.00,0.9503,1,1
622,2,767.00,277.00,83.00,59.00,0.9047,1,1
622,4,432.00,210.00,50.00,59.00,0.9248,1,1
622,5,170.00,352.00,70.00,58.00,0.8924,1,1
622,10,215.00,516.00,43.00,30.00,0.7137,1,1
622,14,443.00,262.00,38.00,28.00,0.8139,1,1
622,17,409.00,373.00,44.00,35.00,0.6929,1,1
622,21,517.00,340.00,30.00,40.00,0.6878,1,1
622,24,703.00,379.00,94.00,74.00,0.9315,1,1
622,34,192.00,399.00,40.00,31.00,0.7551,1,1
622,62,469.00,688.00,117.00,124.00,0.8678,1,1
623,1,385.00,469.00,94.00,98.00,0.9536,1,1
623,2,767.00,278.00,83.00,58.00,0.9221,1,1
623,4,427.00,214.00,51.00,56.00,0.8970,1,1
623,5,170.00,351.00,70.00,59.00,0.8979,1,1
623,10,218.00,517.00,43.00,31.00,0.6965,1,1
623,14,437.00,264.00,39.00,28.00,0.7801,1,1
623,17,406.00,376.00,41.00,36.00,0.5714,1,1
623,21,519.00,339.00,31.00,41.00,0.6878,1,1
623,24,701.00,378.00,93.00,75.00,0.9371,1,1
623,34,192.00,399.00,40.00,31.00,0.7777,1,1
623,62,486.00,679.00,115.00,127.00,0.9128,1,1
624,1,385.00,468.00,94.00,99.00,0.9556,1,1
624,2,767.00,278.00,82.00,58.00,0.9278,1,1
624,4,423.00,217.00,50.00,54.00,0.8718,1,1
624,5,171.00,352.00,69.00,57.00,0.9045,1,1
624,10,222.00,521.00,41.00,32.00,0.4406,1,1
624,14,433.00,266.00,39.00,29.00,0.8440,1,1
624,17,403.00,381.00,41.00,33.00,0.3703,1,1
624,21,516.00,335.00,35.00,36.00,0.3813,1,1
624,24,698.00,379.00,92.00,74.00,0.9441,1,1
624,34,193.00,398.00,38.00,32.00,0.7677,1,1
624,62,505.00,673.00,115.00,128.00,0.9441,1,1
625,1,385.00,468.00,95.00,100.00,0.9591,1,1
625,2,766.00,278.00,82.00,58.00,0.9337,1,1
625,4,418.00,220.00,51.00,54.00,0.8772,1,1
625,5,171.00,351.00,69.00,57.00,0.9082,1,1
625,10,223.00,520.00,40.00,33.00,0.4406,1,1
625,14,431.00,267.00,38.00,29.00,0.7690,1,1
625,17,398.00,385.00,44.00,32.00,0.3309,1,1
625,21,518.00,333.00,37.00,36.00,0.3813,1,1
625,24,695.00,379.00,91.00,75.00,0.9483,1,1
625,34,194.00,399.00,38.00,32.00,0.7793,1,1
625,43,669.00,985.00,38.00,58.00,0.5337,1,1
625,62,520.00,667.00,117.00,124.00,0.9014,1,1
626,1,385.00,468.00,95.00,99.00,0.9548,1,1
626,2,766.00,278.00,81.00,58.00,0.9407,1,1
626,4,413.00,223.00,52.00,52.00,0.8833,1,1
626,5,171.00,351.00,69.00,56.00,0.9099,1,1
626,10,225.00,521.00,39.00,32.00,0.4337,1,1
626,14,425.00,270.00,38.00,31.00,0.7250,1,1
626,17,395.00,387.00,46.00,33.00,0.3309,1,1
626,24,692.00,380.00,91.00,76.00,0.9351,1,1
626,34,193.00,399.00,39.00,32.00,0.7573,1,1
626,38,717.00,1037.00,43.00,33.00,0.7737,1,1
626,43,665.00,1005.00,38.00,60.00,0.5337,1,1
626,62,534.00,659.00,120.00,125.00,0.9174,1,1
627,1,385.00,468.00,95.00,100.00,0.9566,1,1
627,2,765.00,279.00,81.00,57.00,0.9459,1,1
627,4,408.00,226.00,52.00,52.00,0.8957,1,1
627,5,171.00,350.00,69.00,56.00,0.9077,1,1
627,10,225.00,520.00,39.00,32.00,0.5670,1,1
627,14,420.00,274.00,40.00,30.00,0.8596,1,1
627,17,397.00,396.00,39.00,34.00,0.4455,1,1
627,24,688.00,380.00,93.00,77.00,0.9292,1,1
627,34,193.00,398.00,38.00,32.00,0.7435,1,1
627,38,716.00,1060.00,43.00,27.00,0.7737,1,1
627,62,553.00,651.00,113.00,124.00,0.9452,1,1
628,1,385.00,469.00,95.00,99.00,0.9568,1,1
628,2,764.00,279.00,81.00,57.00,0.9431,1,1
628,4,404.00,229.00,52.00,52.00,0.9063,1,1
628,5,172.00,349.00,68.00,55.00,0.9087,1,1
628,10,226.00,519.00,39.00,33.00,0.5670,1,1
628,14,417.00,277.00,38.00,28.00,0.8549,1,1
628,17,390.00,397.00,43.00,39.00,0.4741,1,1
628,24,684.00,379.00,93.00,79.00,0.9252,1,1
628,26,196.00,394.00,38.00,31.00,0.2656,1,1
628,34,193.00,397.00,39.00,33.00,0.7091,1,1
628,62,574.00,645.00,104.00,118.00,0.9521,1,1
628,65,225.00,519.00,37.00,29.00,0.6583,1,1
629,1,385.00,468.00,95.00,101.00,0.9588,1,1
629,2,763.00,279.00,80.00,58.00,0.9430,1,1
629,4,400.00,230.00,52.00,52.00,0.9019,1,1
629,5,173.00,349.00,68.00,55.00,0.9028,1,1
629,10,222.00,514.00,39.00,33.00,0.7678,1,1
629,14,415.00,279.00,36.00,29.00,0.9100,1,1
629,17,390.00,401.00,43.00,40.00,0.3964,1,1
629,21,526.00,346.00,37.00,32.00,0.7863,1,1
629,24,679.00,379.00,93.00,79.00,0.9201,1,1
629,26,196.00,393.00,38.00,32.00,0.4016,1,1
629,34,193.00,397.00,39.00,32.00,0.6714,1,1
629,62,588.00,635.00,106.00,122.00,0.9245,1,1
629,65,223.00,521.00,37.00,29.00,0.6583,1,1
630,1,385.00,469.00,95.00,100.00,0.9580,1,1
630,2,762.00,279.00,80.00,58.00,0.9418,1,1
630,4,397.00,233.00,52.00,51.00,0.8969,1,1
630,5,174.00,349.00,68.00,54.00,0.8982,1,1
630,10,220.00,513.00,40.00,32.00,0.7985,1,1
630,14,409.00,280.00,39.00,31.00,0.8687,1,1
630,17,388.00,404.00,45.00,46.00,0.5693,1,1
630,21,525.00,347.00,37.00,32.00,0.7567,1,1
630,24,674.00,380.00,95.00,77.00,0.9233,1,1
630,26,197.00,392.00,38.00,32.00,0.4016,1,1
630,34,196.00,394.00,39.00,32.00,0.6455,1,1
630,62,598.00,622.00,104.00,117.00,0.9452,1,1
631,1,385.00,470.00,95.00,99.00,0.9549,1,1
631,2,762.00,280.00,80.00,57.00,0.9377,1,1
631,4,393.00,235.00,54.00,52.00,0.8819,1,1
631,5,173.00,349.00,69.00,53.00,0.8967,1,1
631,10,218.00,514.00,41.00,30.00,0.7513,1,1
631,14,406.00,281.00,39.00,31.00,0.8502,1,1
631,17,388.00,405.00,45.00,45.00,0.6577,1,1
631,21,524.00,349.00,38.00,32.00,0.7304,1,1
631,24,672.00,380.00,90.00,77.00,0.9269,1,1
631,34,196.00,394.00,40.00,33.00,0.6255,1,1
631,37,254.00,479.00,48.00,57.00,0.2514,1,1
631,62,613.00,610.00,111.00,120.00,0.9379,1,1
632,1,385.00,470.00,95.00,98.00,0.9531,1,1
632,2,761.00,280.00,81.00,57.00,0.9384,1,1
632,4,390.00,236.00,54.00,52.00,0.8851,1,1
632,5,173.00,349.00,69.00,53.00,0.8970,1,1
632,10,221.00,520.00,44.00,32.00,0.5340,1,1
632,14,404.00,283.00,40.00,32.00,0.8283,1,1
632,17,393.00,409.00,42.00,44.00,0.6315,1,1
632,21,523.00,350.00,37.00,32.00,0.7611,1,1
632,24,669.00,380.00,88.00,77.00,0.9473,1,1
632,34,196.00,394.00,40.00,33.00,0.6297,1,1
632,37,257.00,483.00,46.00,55.00,0.2908,1,1
632,62,627.00,599.00,112.00,114.00,0.9224,1,1
633,1,385.00,470.00,95.00,97.00,0.9517,1,1
633,2,761.00,280.00,80.00,57.00,0.9372,1,1
633,4,387.00,239.00,54.00,51.00,0.8872,1,1
633,5,173.00,349.00,69.00,53.00,0.8966,1,1
633,10,223.00,521.00,40.00,34.00,0.6344,1,1
633,14,402.00,285.00,39.00,33.00,0.7904,1,1
633,17,395.00,410.00,45.00,46.00,0.4530,1,1
633,21,522.00,351.00,37.00,33.00,0.7492,1,1
633,24,665.00,380.00,90.00,78.00,0.9440,1,1
633,34,196.00,394.00,40.00,32.00,0.7049,1,1
633,37,257.00,484.00,47.00,53.00,0.3214,1,1
633,62,642.00,586.00,112.00,118.00,0.9271,1,1
634,1,385.00,470.00,94.00,95.00,0.9495,1,1
634,2,761.00,280.00,81.00,57.00,0.9366,1,1
634,4,384.00,239.00,56.00,54.00,0.9046,1,1
634,5,172.00,349.00,70.00,53.00,0.9009,1,1
634,10,224.00,520.00,39.00,32.00,0.6244,1,1
634,14,401.00,288.00,37.00,31.00,0.8793,1,1
634,17,395.00,413.00,44.00,46.00,0.4530,1,1
634,21,521.00,352.00,39.00,32.00,0.4366,1,1
634,24,659.00,381.00,91.00,78.00,0.9349,1,1
634,34,196.00,394.00,39.00,33.00,0.7313,1,1
634,37,260.00,486.00,43.00,53.00,0.3093,1,1
634,62,659.00,575.00,110.00,116.00,0.9023,1,1
635,1,385.00,470.00,95.00,95.00,0.9505,1,1
635,2,760.00,280.00,82.00,58.00,0.9376,1,1
635,4,382.00,239.00,56.00,55.00,0.9116,1,1
635,5,172.00,349.00,70.00,54.00,0.9015,1,1
635,10,226.00,521.00,40.00,32.00,0.5741,1,1
635,14,399.00,289.00,37.00,30.00,0.8751,1,1
635,21,520.00,354.00,39.00,31.00,0.5620,1,1
635,24,657.00,381.00,89.00,79.00,0.9429,1,1
635,34,196.00,394.00,39.00,33.00,0.7104,1,1
635,37,262.00,487.00,41.00,51.00,0.3630,1,1
635,62,672.00,563.00,113.00,117.00,0.9494,1,1
636,1,385.00,470.00,95.00,95.00,0.9536,1,1
636,2,760.00,280.00,82.00,58.00,0.9366,1,1
636,4,379.00,240.00,58.00,55.00,0.9000,1,1
636,5,172.00,349.00,70.00,53.00,0.9038,1,1
636,10,227.00,521.00,41.00,32.00,0.5328,1,1
636,14,396.00,290.00,39.00,30.00,0.8807,1,1
636,21,521.00,355.00,40.00,31.00,0.5620,1,1
636,24,654.00,381.00,88.00,79.00,0.9451,1,1
636,34,195.00,394.00,39.00,34.00,0.6984,1,1
636,37,261.00,486.00,43.00,51.00,0.4751,1,1
636,62,690.00,553.00,105.00,116.00,0.9451,1,1
637,1,385.00,470.00,96.00,95.00,0.9538,1,1
637,2,760.00,279.00,82.00,59.00,0.9348,1,1
637,4,378.00,243.00,58.00,53.00,0.8923,1,1
637,5,172.00,349.00,70.00,54.00,0.9022,1,1
637,10,226.00,521.00,39.00,31.00,0.4226,1,1
637,14,394.00,291.00,40.00,31.00,0.8629,1,1
637,17,410.00,422.00,51.00,46.00,0.3674,1,1
637,21,519.00,356.00,36.00,31.00,0.3346,1,1
637,24,652.00,381.00,88.00,79.00,0.9503,1,1
637,34,194.00,395.00,40.00,33.00,0.7054,1,1
637,37,264.00,489.00,41.00,48.00,0.4816,1,1
637,62,706.00,545.00,104.00,112.00,0.9371,1,1
638,1,385.00,471.00,95.00,94.00,0.9564,1,1
638,2,760.00,279.00,82.00,60.00,0.9309,1,1
638,4,378.00,244.00,57.00,54.00,0.8894,1,1
638,5,172.00,349.00,70.00,54.00,0.9023,1,1
638,10,226.00,521.00,40.00,31.00,0.4226,1,1
638,14,392.00,293.00,41.00,30.00,0.8580,1,1
638,17,414.00,424.00,48.00,44.00,0.6327,1,1
638,21,519.00,357.00,36.00,31.00,0.3346,1,1
638,24,650.00,381.00,90.00,79.00,0.9490,1,1
638,34,194.00,397.00,39.00,33.00,0.7040,1,1
638,37,265.00,490.00,40.00,47.00,0.3922,1,1
638,62,720.00,537.00,106.00,112.00,0.9513,1,1
639,1,385.00,470.00,96.00,94.00,0.9553,1,1
639,2,761.00,279.00,81.00,60.00,0.9279,1,1
639,4,378.00,245.00,57.00,56.00,0.8803,1,1
639,5,172.00,349.00,69.00,54.00,0.9019,1,1
639,10,221.00,518.00,40.00,29.00,0.6549,1,1
639,14,394.00,293.00,40.00,31.00,0.8482,1,1
639,17,415.00,426.00,50.00,43.00,0.7841,1,1
639,24,648.00,381.00,88.00,79.00,0.9472,1,1
639,34,193.00,395.00,39.00,34.00,0.6887,1,1
639,37,265.00,490.00,39.00,46.00,0.3459,1,1
639,62,737.00,530.00,106.00,113.00,0.9051,1,1
640,1,385.00,470.00,96.00,94.00,0.9551,1,1
640,2,761.00,278.00,81.00,61.00,0.9196,1,1
640,4,377.00,246.00,58.00,56.00,0.8893,1,1
640,5,172.00,349.00,70.00,54.00,0.9010,1,1
640,10,221.00,518.00,40.00,29.00,0.7619,1,1
640,14,395.00,294.00,39.00,32.00,0.8602,1,1
640,17,415.00,425.00,49.00,43.00,0.7643,1,1
640,24,647.00,381.00,87.00,79.00,0.9450,1,1
640,34,193.00,395.00,39.00,34.00,0.6984,1,1
640,37,265.00,489.00,39.00,47.00,0.4856,1,1
640,62,752.00,523.00,110.00,112.00,0.8788,1,1
641,1,386.00,470.00,95.00,95.00,0.9542,1,1
641,2,761.00,277.00,81.00,63.00,0.9175,1,1
641,4,377.00,247.00,60.00,55.00,0.8894,1,1
641,5,171.00,349.00,71.00,54.00,0.8965,1,1
641,10,221.00,518.00,40.00,28.00,0.7619,1,1
641,14,394.00,297.00,40.00,32.00,0.8368,1,1
641,17,416.00,423.00,46.00,42.00,0.7361,1,1
641,24,646.00,380.00,86.00,80.00,0.9327,1,1
641,34,192.00,396.00,40.00,34.00,0.7164,1,1
641,37,255.00,482.00,49.00,54.00,0.5994,1,1
641,62,768.00,518.00,107.00,109.00,0.8918,1,1
641,65,220.00,520.00,42.00,34.00,0.5363,1,1
642,1,386.00,471.00,94.00,93.00,0.9538,1,1
642,2,762.00,277.00,81.00,64.00,0.9211,1,1
642,4,378.00,247.00,58.00,56.00,0.8947,1,1
642,5,171.00,349.00,70.00,53.00,0.8971,1,1
642,14,393.00,297.00,42.00,34.00,0.8010,1,1
642,17,415.00,422.00,45.00,42.00,0.7179,1,1
642,24,645.00,380.00,85.00,81.00,0.9340,1,1
642,26,221.00,522.00,42.00,40.00,0.5115,1,1
642,34,194.00,395.00,40.00,33.00,0.7079,1,1
642,37,254.00,480.00,49.00,56.00,0.5149,1,1
642,62,782.00,511.00,105.00,110.00,0.9217,1,1
642,65,220.00,520.00,42.00,35.00,0.5363,1,1
643,1,386.00,471.00,94.00,92.00,0.9557,1,1
643,2,762.00,278.00,81.00,63.00,0.9182,1,1
643,4,378.00,247.00,59.00,57.00,0.8990,1,1
643,5,171.00,349.00,70.00,54.00,0.9005,1,1
643,14,394.00,298.00,41.00,33.00,0.7841,1,1
643,17,414.00,422.00,46.00,43.00,0.6738,1,1
643,24,645.00,380.00,84.00,81.00,0.9457,1,1
643,26,223.00,531.00,42.00,39.00,0.5115,1,1
643,34,192.00,396.00,40.00,34.00,0.7256,1,1
643,37,259.00,483.00,46.00,54.00,0.4899,1,1
643,62,800.00,503.00,101.00,112.00,0.9074,1,1
643,65,223.00,525.00,39.00,36.00,0.7310,1,1
644,1,384.00,471.00,97.00,91.00,0.9526,1,1
644,2,762.00,278.00,83.00,63.00,0.9167,1,1
644,4,378.00,248.00,58.00,57.00,0.9009,1,1
644,5,171.00,349.00,70.00,54.00,0.9040,1,1
644,14,393.00,298.00,43.00,34.00,0.7687,1,1
644,17,412.00,422.00,46.00,42.00,0.5335,1,1
644,24,645.00,380.00,83.00,80.00,0.9468,1,1
644,34,192.00,396.00,40.00,34.00,0.7430,1,1
644,37,260.00,484.00,44.00,53.00,0.5196,1,1
644,62,817.00,495.00,96.00,111.00,0.9382,1,1
644,65,222.00,524.00,39.00,34.00,0.7246,1,1
645,1,383.00,472.00,99.00,90.00,0.9473,1,1
645,2,762.00,278.00,83.00,63.00,0.9145,1,1
645,4,378.00,248.00,58.00,57.00,0.9015,1,1
645,5,171.00,349.00,70.00,54.00,0.9047,1,1
645,10,221.00,523.00,40.00,32.00,0.7476,1,1
645,14,393.00,299.00,42.00,33.00,0.7494,1,1
645,17,417.00,425.00,43.00,42.00,0.6690,1,1
645,24,645.00,380.00,83.00,80.00,0.9477,1,1
645,34,192.00,396.00,40.00,34.00,0.7475,1,1
645,37,259.00,484.00,45.00,53.00,0.5338,1,1
645,62,831.00,486.00,96.00,108.00,0.9051,1,1
645,65,222.00,525.00,39.00,34.00,0.7246,1,1
646,1,382.00,472.00,100.00,90.00,0.9471,1,1
646,2,762.00,278.00,83.00,63.00,0.9166,1,1
646,4,379.00,248.00,58.00,58.00,0.9033,1,1
646,5,171.00,349.00,70.00,54.00,0.9066,1,1
646,10,221.00,521.00,40.00,33.00,0.7473,1,1
646,14,394.00,299.00,40.00,33.00,0.7752,1,1
646,17,415.00,425.00,47.00,42.00,0.7326,1,1
646,24,645.00,380.00,84.00,79.00,0.9490,1,1
646,34,192.00,396.00,40.00,34.00,0.7410,1,1
646,37,259.00,483.00,45.00,53.00,0.5424,1,1
646,62,845.00,475.00,96.00,110.00,0.8458,1,1
647,1,381.00,472.00,100.00,90.00,0.9453,1,1
647,2,762.00,277.00,83.00,63.00,0.9232,1,1
647,4,378.00,249.00,58.00,57.00,0.9041,1,1
647,5,171.00,349.00,70.00,55.00,0.9074,1,1
647,10,221.00,520.00,41.00,33.00,0.7148,1,1
647,14,394.00,299.00,40.00,33.00,0.8064,1,1
647,17,414.00,424.00,47.00,41.00,0.7355,1,1
647,24,645.00,380.00,84.00,79.00,0.9509,1,1
647,34,192.00,396.00,40.00,34.00,0.7429,1,1
647,37,255.00,480.00,48.00,56.00,0.5843,1,1
647,62,854.00,463.00,99.00,107.00,0.8587,1,1
648,1,381.00,472.00,100.00,90.00,0.9458,1,1
648,2,761.00,277.00,84.00,63.00,0.9153,1,1
648,4,378.00,249.00,59.00,58.00,0.9024,1,1
648,5,171.00,349.00,71.00,55.00,0.9079,1,1
648,10,223.00,519.00,39.00,29.00,0.8143,1,1
648,14,394.00,299.00,40.00,33.00,0.8088,1,1
648,17,415.00,421.00,48.00,43.00,0.7628,1,1
648,24,645.00,380.00,84.00,79.00,0.9506,1,1
648,34,192.00,396.00,40.00,34.00,0.7626,1,1
648,37,257.00,483.00,47.00,53.00,0.6232,1,1
648,62,865.00,451.00,98.00,108.00,0.9063,1,1
649,1,381.00,473.00,100.00,89.00,0.9449,1,1
649,2,761.00,278.00,85.00,62.00,0.9103,1,1
649,4,378.00,249.00,59.00,57.00,0.9024,1,1
649,5,171.00,349.00,71.00,55.00,0.9074,1,1
649,10,225.00,520.00,44.00,30.00,0.7241,1,1
649,14,394.00,299.00,41.00,33.00,0.8328,1,1
649,17,416.00,419.00,47.00,43.00,0.6650,1,1
649,21,521.00,354.00,34.00,34.00,0.3681,1,1
649,24,645.00,380.00,85.00,79.00,0.9487,1,1
649,34,193.00,396.00,39.00,35.00,0.7881,1,1
649,37,257.00,483.00,47.00,53.00,0.6885,1,1
649,38,627.00,648.00,30.00,44.00,0.3652,1,1
649,62,874.00,440.00,98.00,107.00,0.9156,1,1
650,1,381.00,473.00,100.00,89.00,0.9440,1,1
650,2,761.00,277.00,85.00,63.00,0.9089,1,1
650,4,379.00,249.00,58.00,57.00,0.8988,1,1
650,5,171.00,350.00,70.00,54.00,0.9100,1,1
650,10,226.00,520.00,44.00,30.00,0.7241,1,1
650,14,394.00,298.00,41.00,34.00,0.8421,1,1
650,17,417.00,417.00,45.00,41.00,0.6829,1,1
650,21,521.00,354.00,36.00,35.00,0.3577,1,1
650,24,645.00,380.00,85.00,78.00,0.9496,1,1
650,34,194.00,397.00,38.00,34.00,0.7865,1,1
650,37,256.00,483.00,47.00,53.00,0.6902,1,1
650,38,628.00,648.00,28.00,46.00,0.2925,1,1
650,43,883.00,430.00,98.00,102.00,0.3873,1,1
650,62,883.00,430.00,97.00,104.00,0.8711,1,1
650,65,227.00,520.00,50.00,34.00,0.6883,1,1
651,1,381.00,473.00,98.00,89.00,0.9394,1,1
651,2,761.00,276.00,85.00,64.00,0.8995,1,1
651,4,379.00,249.00,58.00,57.00,0.8975,1,1
651,5,170.00,350.00,71.00,55.00,0.9123,1,1
651,14,395.00,298.00,40.00,34.00,0.8358,1,1
651,17,417.00,417.00,44.00,38.00,0.6546,1,1
651,21,522.00,353.00,37.00,35.00,0.5263,1,1
651,24,645.00,380.00,85.00,78.00,0.9507,1,1
651,26,227.00,523.00,49.00,39.00,0.6898,1,1
651,34,194.00,397.00,38.00,34.00,0.8085,1,1
651,37,256.00,483.00,47.00,53.00,0.5812,1,1
651,38,628.00,653.00,28.00,47.00,0.3016,1,1
651,43,893.00,419.00,94.00,101.00,0.5765,1,1
651,62,894.00,418.00,93.00,103.00,0.8009,1,1
651,65,227.00,520.00,51.00,34.00,0.6883,1,1
652,1,381.00,472.00,98.00,88.00,0.9391,1,1
652,2,761.00,276.00,85.00,64.00,0.8937,1,1
652,4,379.00,249.00,58.00,57.00,0.8941,1,1
652,5,170.00,350.00,71.00,55.00,0.9138,1,1
652,14,395.00,298.00,41.00,34.00,0.8206,1,1
652,17,417.00,417.00,44.00,41.00,0.7422,1,1
652,21,521.00,354.00,41.00,33.00,0.3291,1,1
652,24,645.00,380.00,86.00,78.00,0.9500,1,1
652,26,228.00,527.00,49.00,39.00,0.6898,1,1
652,34,194.00,397.00,38.00,34.00,0.8028,1,1
652,37,253.00,481.00,50.00,54.00,0.5838,1,1
652,38,627.00,654.00,29.00,47.00,0.3372,1,1
652,43,903.00,400.00,96.00,102.00,0.5765,1,1
652,62,901.00,410.00,93.00,101.00,0.8933,1,1
652,65,228.00,524.00,45.00,37.00,0.6409,1,1
653,1,381.00,472.00,97.00,87.00,0.9351,1,1
653,2,761.00,275.00,85.00,64.00,0.8904,1,1
653,4,380.00,250.00,57.00,56.00,0.8921,1,1
653,5,170.00,350.00,71.00,54.00,0.9142,1,1
653,14,396.00,298.00,39.00,34.00,0.8124,1,1
653,17,416.00,418.00,45.00,40.00,0.5566,1,1
653,21,521.00,355.00,40.00,30.00,0.3435,1,1
653,24,645.00,380.00,86.00,78.00,0.9505,1,1
653,34,194.00,397.00,38.00,34.00,0.7795,1,1
653,37,256.00,482.00,47.00,54.00,0.6063,1,1
653,38,628.00,655.00,28.00,46.00,0.2524,1,1
653,43,906.00,402.00,93.00,100.00,0.8602,1,1
653,62,905.00,402.00,94.00,99.00,0.2997,1,1
653,65,226.00,522.00,44.00,36.00,0.7420,1,1
654,1,381.00,471.00,97.00,87.00,0.9350,1,1
654,2,761.00,275.00,85.00,64.00,0.8897,1,1
654,4,380.00,250.00,57.00,56.00,0.8907,1,1
654,5,170.00,351.00,71.00,53.00,0.9160,1,1
654,14,396.00,298.00,40.00,34.00,0.8170,1,1
654,17,415.00,419.00,46.00,40.00,0.6692,1,1
654,21,521.00,353.00,38.00,31.00,0.5179,1,1
654,24,645.00,380.00,86.00,78.00,0.9497,1,1
654,34,194.00,397.00,38.00,34.00,0.7814,1,1
654,37,256.00,483.00,47.00,53.00,0.6831,1,1
654,38,626.00,652.00,28.00,46.00,0.2524,1,1
654,43,915.00,389.00,95.00,101.00,0.8602,1,1
654,62,913.00,396.00,92.00,98.00,0.9081,1,1
654,65,225.00,521.00,46.00,36.00,0.7425,1,1
655,1,381.00,470.00,97.00,85.00,0.9320,1,1
655,2,761.00,275.00,85.00,64.00,0.8840,1,1
655,4,380.00,250.00,57.00,56.00,0.8904,1,1
655,5,170.00,350.00,71.00,55.00,0.9156,1,1
655,10,225.00,521.00,45.00,33.00,0.7473,1,1
655,14,397.00,298.00,39.00,34.00,0.8245,1,1
655,17,413.00,419.00,48.00,39.00,0.5617,1,1
655,21,522.00,351.00,39.00,32.00,0.5039,1,1
655,24,645.00,380.00,86.00,78.00,0.9495,1,1
655,34,194.00,397.00,38.00,34.00,0.7891,1,1
655,37,256.00,482.00,47.00,54.00,0.6161,1,1
655,62,919.00,389.00,89.00,97.00,0.9034,1,1
655,65,224.00,521.00,47.00,36.00,0.7425,1,1
656,1,381.00,467.00,98.00,84.00,0.9260,1,1
656,2,761.00,275.00,85.00,64.00,0.8777,1,1
656,4,379.00,250.00,58.00,56.00,0.8916,1,1
656,5,170.00,350.00,71.00,55.00,0.9141,1,1
656,10,224.00,519.00,45.00,32.00,0.8135,1,1
656,14,396.00,298.00,40.00,34.00,0.8258,1,1
656,17,409.00,419.00,51.00,40.00,0.3912,1,1
656,21,522.00,350.00,41.00,29.00,0.4867,1,1
656,24,645.00,380.00,85.00,78.00,0.9503,1,1
656,34,195.00,397.00,37.00,34.00,0.7869,1,1
656,37,255.00,482.00,47.00,54.00,0.6024,1,1
656,38,628.00,655.00,29.00,47.00,0.2762,1,1
656,43,922.00,383.00,89.00,94.00,0.5404,1,1
656,62,923.00,382.00,88.00,96.00,0.8945,1,1
657,1,381.00,465.00,100.00,84.00,0.9327,1,1
657,2,761.00,274.00,85.00,65.00,0.8707,1,1
657,4,380.00,250.00,57.00,56.00,0.8935,1,1
657,5,170.00,350.00,71.00,56.00,0.9102,1,1
657,10,224.00,516.00,44.00,32.00,0.8682,1,1
657,14,396.00,298.00,40.00,34.00,0.8310,1,1
657,17,407.00,420.00,53.00,39.00,0.6942,1,1
657,21,522.00,350.00,40.00,27.00,0.5283,1,1
657,24,645.00,380.00,85.00,78.00,0.9538,1,1
657,34,195.00,398.00,37.00,33.00,0.8085,1,1
657,37,255.00,483.00,47.00,52.00,0.6939,1,1
657,38,627.00,653.00,29.00,48.00,0.2762,1,1
657,43,930.00,373.00,91.00,95.00,0.5404,1,1
657,62,926.00,374.00,88.00,97.00,0.8301,1,1
658,1,381.00,463.00,99.00,84.00,0.9403,1,1
658,2,761.00,274.00,85.00,64.00,0.8721,1,1
658,4,379.00,249.00,58.00,57.00,0.8916,1,1
658,5,170.00,350.00,71.00,56.00,0.9104,1,1
658,10,224.00,515.00,44.00,31.00,0.8304,1,1
658,14,396.00,298.00,40.00,34.00,0.8232,1,1
658,17,408.00,421.00,52.00,41.00,0.6074,1,1
658,21,521.00,350.00,40.00,27.00,0.6861,1,1
658,24,646.00,380.00,83.00,79.00,0.9549,1,1
658,34,195.00,398.00,38.00,33.00,0.8179,1,1
658,37,254.00,483.00,48.00,52.00,0.7186,1,1
658,62,931.00,369.00,87.00,94.00,0.8137,1,1
659,1,381.00,462.00,98.00,84.00,0.9295,1,1
659,2,761.00,274.00,85.00,64.00,0.8789,1,1
659,4,379.00,249.00,58.00,57.00,0.8908,1,1
659,5,170.00,350.00,72.00,55.00,0.9100,1,1
659,10,225.00,516.00,41.00,30.00,0.8026,1,1
659,14,394.00,298.00,43.00,34.00,0.7924,1,1
659,17,394.00,421.00,59.00,38.00,0.2640,1,1
659,21,520.00,349.00,39.00,28.00,0.7041,1,1
659,24,646.00,380.00,83.00,79.00,0.9579,1,1
659,34,195.00,398.00,38.00,33.00,0.8017,1,1
659,37,255.00,483.00,48.00,52.00,0.7089,1,1
659,38,631.00,667.00,28.00,47.00,0.3252,1,1
659,62,934.00,358.00,87.00,94.00,0.8907,1,1
660,1,379.00,460.00,100.00,84.00,0.9222,1,1
660,2,761.00,274.00,85.00,64.00,0.8739,1,1
660,4,379.00,249.00,58.00,57.00,0.8911,1,1
660,5,170.00,350.00,72.00,55.00,0.9131,1,1
660,10,225.00,515.00,41.00,31.00,0.8026,1,1
660,14,394.00,298.00,42.00,34.00,0.7892,1,1
660,17,392.00,421.00,60.00,38.00,0.2640,1,1
660,21,519.00,349.00,39.00,27.00,0.6681,1,1
660,24,647.00,380.00,83.00,80.00,0.9564,1,1
660,34,195.00,398.00,38.00,33.00,0.7759,1,1
660,37,255.00,483.00,48.00,53.00,0.5681,1,1
660,38,630.00,667.00,28.00,47.00,0.3252,1,1
660,62,935.00,349.00,88.00,92.00,0.9010,1,1
660,65,225.00,519.00,39.00,28.00,0.8258,1,1
661,1,378.00,459.00,98.00,84.00,0.9144,1,1
661,2,761.00,274.00,85.00,64.00,0.8700,1,1
661,4,378.00,249.00,59.00,57.00,0.8935,1,1
661,5,170.00,350.00,72.00,55.00,0.9132,1,1
661,14,392.00,298.00,44.00,34.00,0.7746,1,1
661,17,410.00,430.00,45.00,38.00,0.4476,1,1
661,21,518.00,347.00,40.00,29.00,0.6461,1,1
661,24,647.00,380.00,83.00,81.00,0.9558,1,1
661,34,195.00,398.00,38.00,33.00,0.7694,1,1
661,37,254.00,483.00,50.00,53.00,0.5457,1,1
661,62,939.00,339.00,86.00,91.00,0.8948,1,1
661,65,225.00,521.00,40.00,26.00,0.8209,1,1
662,1,375.00,460.00,96.00,81.00,0.9089,1,1
662,2,761.00,274.00,85.00,64.00,0.8723,1,1
662,4,378.00,249.00,58.00,57.00,0.8938,1,1
662,5,170.00,350.00,72.00,55.00,0.9124,1,1
662,14,393.00,298.00,41.00,34.00,0.7789,1,1
662,17,413.00,433.00,42.00,37.00,0.5850,1,1
662,21,515.00,346.00,42.00,30.00,0.7185,1,1
662,24,647.00,380.00,82.00,81.00,0.9556,1,1
662,34,195.00,398.00,38.00,33.00,0.7711,1,1
662,37,257.00,484.00,48.00,52.00,0.5228,1,1
662,62,945.00,327.00,84.00,91.00,0.9041,1,1
662,65,223.00,521.00,40.00,26.00,0.7916,1,1
663,1,373.00,460.00,97.00,82.00,0.9325,1,1
663,2,761.00,274.00,85.00,64.00,0.8761,1,1
663,4,378.00,249.00,58.00,57.00,0.9004,1,1
663,5,170.00,350.00,72.00,55.00,0.9104,1,1
663,10,221.00,520.00,41.00,29.00,0.7856,1,1
663,14,393.00,298.00,40.00,34.00,0.7836,1,1
663,17,413.00,435.00,41.00,36.00,0.6972,1,1
663,21,514.00,345.00,42.00,29.00,0.4749,1,1
663,24,648.00,380.00,80.00,82.00,0.9558,1,1
663,34,195.00,398.00,38.00,33.00,0.7467,1,1
663,37,257.00,484.00,48.00,52.00,0.4908,1,1
663,62,948.00,318.00,87.00,91.00,0.8633,1,1
663,65,223.00,521.00,39.00,26.00,0.7916,1,1
664,1,370.00,460.00,99.00,82.00,0.9305,1,1
664,2,762.00,274.00,84.00,63.00,0.8831,1,1
664,4,377.00,249.00,59.00,58.00,0.9000,1,1
664,5,170.00,350.00,72.00,56.00,0.9110,1,1
664,10,222.00,521.00,38.00,30.00,0.7912,1,1
664,14,393.00,299.00,40.00,34.00,0.8145,1,1
664,17,413.00,436.00,40.00,35.00,0.7376,1,1
664,21,513.00,344.00,43.00,29.00,0.4749,1,1
664,24,648.00,380.00,80.00,83.00,0.9518,1,1
664,34,195.00,398.00,38.00,33.00,0.7407,1,1
664,37,257.00,484.00,48.00,53.00,0.4863,1,1
664,43,953.00,308.00,86.00,92.00,0.8313,1,1
664,62,953.00,309.00,86.00,90.00,0.4055,1,1
665,1,369.00,459.00,98.00,81.00,0.9304,1,1
665,2,762.00,274.00,84.00,64.00,0.8870,1,1
665,4,377.00,249.00,57.00,59.00,0.9005,1,1
665,5,170.00,350.00,72.00,56.00,0.9119,1,1
665,10,221.00,521.00,39.00,29.00,0.7775,1,1
665,14,392.00,300.00,40.00,33.00,0.8158,1,1
665,17,413.00,436.00,39.00,34.00,0.6183,1,1
665,21,505.00,344.00,47.00,28.00,0.2673,1,1
665,24,648.00,381.00,79.00,82.00,0.9506,1,1
665,34,195.00,398.00,38.00,33.00,0.7437,1,1
665,37,257.00,484.00,48.00,53.00,0.4382,1,1
665,43,959.00,298.00,85.00,92.00,0.8313,1,1
665,62,959.00,298.00,84.00,89.00,0.9124,1,1
666,1,368.00,458.00,95.00,82.00,0.9288,1,1
666,2,762.00,274.00,85.00,64.00,0.8900,1,1
666,4,377.00,249.00,57.00,60.00,0.9059,1,1
666,5,170.00,350.00,72.00,56.00,0.9122,1,1
666,10,220.00,521.00,42.00,30.00,0.6663,1,1
666,14,392.00,301.00,39.00,32.00,0.7987,1,1
666,17,410.00,435.00,41.00,35.00,0.7367,1,1
666,21,503.00,344.00,45.00,29.00,0.3302,1,1
666,24,648.00,381.00,80.00,82.00,0.9385,1,1
666,34,195.00,398.00,38.00,33.00,0.7335,1,1
666,37,253.00,481.00,51.00,56.00,0.4840,1,1
666,62,963.00,290.00,85.00,91.00,0.9150,1,1
667,1,367.00,457.00,95.00,82.00,0.9147,1,1
667,2,763.00,274.00,84.00,63.00,0.8928,1,1
667,4,376.00,249.00,57.00,60.00,0.9051,1,1
667,5,170.00,350.00,72.00,56.00,0.9109,1,1
667,10,221.00,520.00,40.00,30.00,0.7372,1,1
667,14,392.00,300.00,39.00,33.00,0.8094,1,1
667,17,409.00,435.00,41.00,34.00,0.6371,1,1
667,21,502.00,344.00,46.00,28.00,0.3302,1,1
667,24,649.00,381.00,79.00,82.00,0.9389,1,1
667,34,195.00,398.00,38.00,33.00,0.7485,1,1
667,37,253.00,480.00,51.00,57.00,0.4624,1,1
667,62,968.00,285.00,84.00,88.00,0.9283,1,1
668,1,368.00,455.00,92.00,84.00,0.9237,1,1
668,2,763.00,275.00,84.00,62.00,0.8908,1,1
668,4,376.00,250.00,57.00,59.00,0.9001,1,1
668,5,170.00,350.00,72.00,56.00,0.9099,1,1
668,10,221.00,521.00,40.00,31.00,0.7490,1,1
668,14,391.00,301.00,39.00,31.00,0.7923,1,1
668,17,410.00,436.00,42.00,33.00,0.4886,1,1
668,24,649.00,382.00,79.00,82.00,0.9396,1,1
668,34,195.00,398.00,38.00,33.00,0.7457,1,1
668,37,256.00,483.00,49.00,54.00,0.4416,1,1
668,62,975.00,279.00,81.00,87.00,0.9023,1,1
669,1,369.00,453.00,91.00,85.00,0.9031,1,1
669,2,763.00,275.00,85.00,62.00,0.8895,1,1
669,4,376.00,250.00,55.00,58.00,0.8973,1,1
669,5,171.00,350.00,71.00,56.00,0.9064,1,1
669,10,220.00,521.00,41.00,31.00,0.7490,1,1
669,14,390.00,301.00,40.00,31.00,0.8061,1,1
669,17,410.00,437.00,41.00,32.00,0.4886,1,1
669,24,649.00,383.00,79.00,81.00,0.9392,1,1
669,34,196.00,399.00,37.00,32.00,0.7709,1,1
669,37,253.00,480.00,52.00,54.00,0.3728,1,1
669,62,981.00,276.00,82.00,84.00,0.9133,1,1
670,1,370.00,452.00,92.00,82.00,0.9076,1,1
670,2,764.00,275.00,84.00,62.00,0.8911,1,1
670,4,376.00,250.00,54.00,58.00,0.8950,1,1
670,5,171.00,350.00,71.00,56.00,0.9051,1,1
670,14,389.00,302.00,40.00,30.00,0.8205,1,1
670,24,649.00,383.00,79.00,82.00,0.9374,1,1
670,34,196.00,399.00,37.00,32.00,0.7716,1,1
670,37,256.00,483.00,50.00,52.00,0.4128,1,1
670,38,1086.00,638.00,21.00,34.00,0.2574,1,1
670,62,988.00,271.00,79.00,84.00,0.8996,1,1
671,1,375.00,449.00,91.00,84.00,0.9053,1,1
671,2,764.00,275.00,84.00,62.00,0.8973,1,1
671,4,375.00,250.00,55.00,58.00,0.8957,1,1
671,5,171.00,350.00,71.00,57.00,0.9026,1,1
671,14,387.00,302.00,43.00,31.00,0.8330,1,1
671,24,649.00,383.00,79.00,83.00,0.9368,1,1
671,34,196.00,399.00,37.00,32.00,0.7903,1,1
671,37,253.00,480.00,51.00,54.00,0.3355,1,1
671,38,1118.00,636.00,20.00,33.00,0.2574,1,1
671,62,994.00,267.00,82.00,85.00,0.9113,1,1
672,1,377.00,444.00,89.00,84.00,0.9140,1,1
672,2,765.00,275.00,83.00,62.00,0.9030,1,1
672,4,375.00,250.00,54.00,59.00,0.8977,1,1
672,5,171.00,350.00,71.00,57.00,0.9040,1,1
672,10,226.00,526.00,38.00,33.00,0.3541,1,1
672,14,387.00,303.00,42.00,30.00,0.8693,1,1
672,24,649.00,383.00,79.00,84.00,0.9362,1,1
672,34,196.00,400.00,37.00,31.00,0.8072,1,1
672,37,253.00,480.00,51.00,54.00,0.4291,1,1
672,43,1002.00,264.00,79.00,83.00,0.3164,1,1
672,62,1002.00,263.00,79.00,84.00,0.8528,1,1
673,1,380.00,442.00,87.00,83.00,0.9095,1,1
673,2,766.00,275.00,83.00,62.00,0.9073,1,1
673,4,374.00,251.00,55.00,59.00,0.8975,1,1
673,5,171.00,351.00,71.00,56.00,0.9047,1,1
673,10,226.00,522.00,39.00,32.00,0.3702,1,1
673,14,387.00,304.00,41.00,30.00,0.8681,1,1
673,24,650.00,383.00,79.00,84.00,0.9354,1,1
673,34,195.00,400.00,38.00,32.00,0.8194,1,1
673,37,253.00,480.00,51.00,56.00,0.4645,1,1
673,43,1008.00,260.00,80.00,81.00,0.6502,1,1
673,62,1008.00,259.00,81.00,83.00,0.7585,1,1
674,1,382.00,440.00,85.00,84.00,0.9268,1,1
674,2,766.00,275.00,83.00,62.00,0.9086,1,1
674,4,374.00,250.00,55.00,62.00,0.9076,1,1
674,5,171.00,351.00,71.00,57.00,0.9013,1,1
674,10,222.00,520.00,40.00,30.00,0.5144,1,1
674,14,386.00,305.00,41.00,29.00,0.8888,1,1
674,24,650.00,383.00,79.00,84.00,0.9333,1,1
674,34,194.00,400.00,39.00,32.00,0.8437,1,1
674,37,253.00,480.00,51.00,55.00,0.4715,1,1
674,43,1018.00,253.00,78.00,80.00,0.7889,1,1
674,62,1018.00,253.00,80.00,81.00,0.3410,1,1
675,1,383.00,440.00,85.00,83.00,0.9175,1,1
675,2,766.00,275.00,84.00,63.00,0.9061,1,1
675,4,374.00,250.00,55.00,62.00,0.8925,1,1
675,5,171.00,351.00,71.00,57.00,0.9024,1,1
675,10,223.00,518.00,38.00,29.00,0.6523,1,1
675,14,384.00,305.00,42.00,29.00,0.8973,1,1
675,24,650.00,383.00,80.00,84.00,0.9331,1,1
675,34,195.00,399.00,38.00,32.00,0.8343,1,1
675,37,253.00,480.00,50.00,55.00,0.4612,1,1
675,43,1024.00,246.00,78.00,80.00,0.7889,1,1
675,62,1025.00,247.00,80.00,81.00,0.9189,1,1
676,1,383.00,440.00,84.00,84.00,0.9140,1,1
676,2,766.00,275.00,84.00,63.00,0.9044,1,1
676,4,374.00,250.00,54.00,63.00,0.9025,1,1
676,5,171.00,351.00,71.00,58.00,0.8990,1,1
676,10,223.00,519.00,39.00,29.00,0.4666,1,1
676,14,383.00,306.00,42.00,27.00,0.9203,1,1
676,24,651.00,383.00,79.00,84.00,0.9268,1,1
676,34,195.00,400.00,38.00,32.00,0.8493,1,1
676,37,252.00,480.00,51.00,55.00,0.4547,1,1
676,62,1032.00,240.00,79.00,81.00,0.8722,1,1
677,1,384.00,440.00,82.00,85.00,0.9087,1,1
677,2,766.00,275.00,84.00,63.00,0.9112,1,1
677,4,374.00,250.00,54.00,63.00,0.9052,1,1
677,5,171.00,351.00,70.00,59.00,0.8946,1,1
677,10,223.00,519.00,39.00,29.00,0.4666,1,1
677,14,382.00,307.00,43.00,27.00,0.9206,1,1
677,17,360.00,419.00,50.00,31.00,0.4044,1,1
677,24,651.00,383.00,79.00,84.00,0.9264,1,1
677,34,194.00,402.00,38.00,30.00,0.8199,1,1
677,37,251.00,480.00,52.00,54.00,0.5089,1,1
677,62,1038.00,233.00,81.00,80.00,0.8862,1,1
678,1,384.00,440.00,83.00,86.00,0.9057,1,1
678,2,766.00,275.00,83.00,63.00,0.9072,1,1
678,4,373.00,250.00,54.00,64.00,0.9115,1,1
678,5,170.00,352.00,71.00,58.00,0.8979,1,1
678,10,228.00,527.00,41.00,32.00,0.3920,1,1
678,14,382.00,307.00,42.00,26.00,0.9114,1,1
678,17,357.00,420.00,49.00,31.00,0.5651,1,1
678,24,651.00,383.00,79.00,85.00,0.9264,1,1
678,26,621.00,664.00,26.00,44.00,0.3113,1,1
678,34,191.00,403.00,41.00,30.00,0.8064,1,1
678,37,252.00,482.00,51.00,51.00,0.5948,1,1
678,62,1047.00,224.00,78.00,78.00,0.8991,1,1
679,1,383.00,440.00,85.00,87.00,0.9016,1,1
679,2,766.00,275.00,84.00,63.00,0.9044,1,1
679,4,373.00,250.00,53.00,64.00,0.9157,1,1
679,5,170.00,352.00,71.00,58.00,0.8910,1,1
679,10,227.00,525.00,42.00,33.00,0.5731,1,1
679,14,381.00,307.00,43.00,27.00,0.9027,1,1
679,17,354.00,419.00,49.00,31.00,0.5651,1,1
679,21,352.00,419.00,44.00,35.00,0.4707,1,1
679,24,651.00,383.00,79.00,85.00,0.9241,1,1
679,26,620.00,665.00,28.00,43.00,0.2770,1,1
679,34,191.00,403.00,41.00,30.00,0.8190,1,1
679,37,256.00,485.00,48.00,49.00,0.6024,1,1
679,62,1054.00,217.00,78.00,78.00,0.9175,1,1
680,1,383.00,441.00,85.00,87.00,0.9020,1,1
680,2,766.00,275.00,84.00,62.00,0.9073,1,1
680,4,373.00,250.00,52.00,64.00,0.9144,1,1
680,5,170.00,352.00,71.00,59.00,0.8920,1,1
680,10,225.00,521.00,44.00,34.00,0.5978,1,1
680,14,380.00,308.00,43.00,26.00,0.8839,1,1
680,21,351.00,417.00,51.00,38.00,0.5429,1,1
680,24,652.00,384.00,79.00,84.00,0.9322,1,1
680,26,621.00,665.00,26.00,43.00,0.3202,1,1
680,34,192.00,403.00,40.00,30.00,0.8129,1,1
680,37,257.00,485.00,47.00,48.00,0.6874,1,1
680,62,1060.00,209.00,76.00,80.00,0.9091,1,1
681,1,384.00,440.00,85.00,90.00,0.9223,1,1
681,2,767.00,275.00,83.00,61.00,0.9050,1,1
681,4,372.00,250.00,52.00,65.00,0.9027,1,1
681,5,169.00,353.00,71.00,59.00,0.9009,1,1
681,10,223.00,521.00,44.00,33.00,0.5616,1,1
681,14,378.00,308.00,44.00,28.00,0.8738,1,1
681,17,344.00,418.00,51.00,34.00,0.3425,1,1
681,21,343.00,422.00,52.00,38.00,0.5429,1,1
681,24,652.00,384.00,79.00,85.00,0.9375,1,1
681,26,621.00,665.00,25.00,43.00,0.2870,1,1
681,34,192.00,403.00,40.00,30.00,0.8396,1,1
681,37,257.00,485.00,48.00,47.00,0.6706,1,1
681,62,1066.00,203.00,75.00,79.00,0.8963,1,1
682,1,385.00,442.00,86.00,90.00,0.9209,1,1
682,2,767.00,275.00,83.00,61.00,0.9032,1,1
682,4,372.00,250.00,52.00,66.00,0.8962,1,1
682,5,169.00,354.00,70.00,59.00,0.9018,1,1
682,10,223.00,521.00,44.00,33.00,0.4379,1,1
682,14,378.00,308.00,43.00,28.00,0.8715,1,1
682,17,340.00,418.00,51.00,33.00,0.3425,1,1
682,21,337.00,416.00,58.00,39.00,0.3437,1,1
682,24,653.00,384.00,79.00,84.00,0.9397,1,1
682,26,621.00,665.00,24.00,44.00,0.3095,1,1
682,34,191.00,403.00,40.00,32.00,0.8138,1,1
682,37,258.00,484.00,49.00,48.00,0.6018,1,1
682,62,1071.00,197.00,74.00,79.00,0.9306,1,1
683,1,384.00,444.00,88.00,89.00,0.9215,1,1
683,2,767.00,275.00,83.00,61.00,0.9055,1,1
683,4,372.00,250.00,51.00,65.00,0.8948,1,1
683,5,168.00,355.00,70.00,59.00,0.9052,1,1
683,10,224.00,522.00,42.00,35.00,0.4050,1,1
683,14,376.00,308.00,43.00,29.00,0.8958,1,1
683,21,330.00,420.00,59.00,39.00,0.3437,1,1
683,24,653.00,384.00,79.00,84.00,0.9405,1,1
683,26,622.00,662.00,23.00,46.00,0.2574,1,1
683,34,189.00,404.00,41.00,32.00,0.7950,1,1
683,37,266.00,487.00,44.00,45.00,0.4638,1,1
683,62,1075.00,192.00,74.00,79.00,0.9231,1,1
683,65,333.00,417.00,54.00,42.00,0.6531,1,1
684,1,385.00,446.00,91.00,88.00,0.9308,1,1
684,2,767.00,275.00,83.00,61.00,0.9050,1,1
684,4,372.00,250.00,51.00,65.00,0.8928,1,1
684,5,167.00,355.00,69.00,59.00,0.9021,1,1
684,10,224.00,524.00,43.00,37.00,0.6467,1,1
684,14,376.00,308.00,43.00,29.00,0.8958,1,1
684,24,653.00,384.00,79.00,84.00,0.9417,1,1
684,26,634.00,664.00,22.00,47.00,0.2574,1,1
684,34,188.00,405.00,40.00,32.00,0.7393,1,1
684,37,268.00,485.00,42.00,46.00,0.5289,1,1
684,62,1079.00,190.00,72.00,77.00,0.8869,1,1
684,65,338.00,412.00,55.00,43.00,0.6531,1,1
685,1,387.00,448.00,93.00,89.00,0.9354,1,1
685,2,767.00,275.00,83.00,61.00,0.9029,1,1
685,4,371.00,250.00,51.00,66.00,0.8883,1,1
685,5,166.00,356.00,68.00,58.00,0.9029,1,1
685,10,225.00,525.00,43.00,35.00,0.6685,1,1
685,14,376.00,309.00,42.00,29.00,0.8872,1,1
685,24,653.00,383.00,79.00,85.00,0.9436,1,1
685,26,625.00,644.00,26.00,40.00,0.2684,1,1
685,34,188.00,406.00,39.00,32.00,0.7085,1,1
685,37,265.00,483.00,46.00,47.00,0.5551,1,1
685,62,1082.00,186.00,73.00,76.00,0.9139,1,1
686,1,389.00,449.00,97.00,88.00,0.9416,1,1
686,2,767.00,275.00,83.00,61.00,0.9015,1,1
686,4,369.00,251.00,52.00,65.00,0.8768,1,1
686,5,165.00,357.00,67.00,58.00,0.8967,1,1
686,10,226.00,523.00,41.00,35.00,0.5376,1,1
686,14,375.00,309.00,43.00,29.00,0.8857,1,1
686,17,326.00,425.00,44.00,40.00,0.6011,1,1
686,24,653.00,383.00,79.00,85.00,0.9431,1,1
686,26,634.00,643.00,27.00,40.00,0.2684,1,1
686,34,188.00,407.00,38.00,31.00,0.6945,1,1
686,37,263.00,483.00,48.00,46.00,0.5718,1,1
686,62,1085.00,182.00,72.00,77.00,0.9314,1,1
687,1,389.00,450.00,100.00,89.00,0.9396,1,1
687,2,767.00,275.00,83.00,61.00,0.8994,1,1
687,4,369.00,251.00,51.00,65.00,0.8698,1,1
687,5,164.00,358.00,67.00,57.00,0.8879,1,1
687,10,225.00,521.00,43.00,31.00,0.8038,1,1
687,14,374.00,310.00,43.00,28.00,0.8866,1,1
687,17,323.00,425.00,43.00,41.00,0.6011,1,1
687,21,327.00,428.00,45.00,44.00,0.5116,1,1
687,24,653.00,383.00,79.00,85.00,0.9404,1,1
687,34,186.00,407.00,39.00,32.00,0.6173,1,1
687,37,261.00,483.00,50.00,44.00,0.6863,1,1
687,62,1088.00,178.00,71.00,75.00,0.9185,1,1
688,1,390.00,450.00,101.00,89.00,0.9464,1,1
688,2,767.00,275.00,83.00,61.00,0.9022,1,1
688,4,368.00,251.00,52.00,66.00,0.8473,1,1
688,5,163.00,358.00,68.00,59.00,0.8974,1,1
688,10,225.00,521.00,45.00,32.00,0.7160,1,1
688,14,374.00,310.00,42.00,28.00,0.8650,1,1
688,17,328.00,427.00,37.00,41.00,0.6689,1,1
688,21,323.00,431.00,44.00,45.00,0.5116,1,1
688,24,654.00,383.00,78.00,84.00,0.9406,1,1
688,34,185.00,407.00,39.00,32.00,0.6444,1,1
688,37,266.00,484.00,48.00,43.00,0.4440,1,1
688,62,1091.00,174.00,68.00,72.00,0.9389,1,1
689,1,391.00,451.00,101.00,87.00,0.9499,1,1
689,2,767.00,275.00,83.00,61.00,0.9047,1,1
689,4,367.00,252.00,52.00,65.00,0.8206,1,1
689,5,162.00,360.00,67.00,58.00,0.8720,1,1
689,10,225.00,522.00,43.00,32.00,0.5893,1,1
689,14,374.00,311.00,42.00,27.00,0.8350,1,1
689,17,328.00,426.00,38.00,40.00,0.7805,1,1
689,24,654.00,382.00,79.00,84.00,0.9426,1,1
689,34,186.00,406.00,38.00,32.00,0.6360,1,1
689,37,267.00,484.00,49.00,43.00,0.6081,1,1
689,38,994.00,389.00,26.00,42.00,0.4014,1,1
689,62,1092.00,167.00,68.00,73.00,0.9460,1,1
689,65,364.00,600.00,27.00,44.00,0.2669,1,1
690,1,393.00,452.00,100.00,85.00,0.9467,1,1
690,2,767.00,275.00,83.00,61.00,0.8984,1,1
690,4,367.00,252.00,51.00,65.00,0.7976,1,1
690,5,162.00,361.00,65.00,57.00,0.8463,1,1
690,10,224.00,524.00,45.00,35.00,0.5594,1,1
690,14,374.00,311.00,41.00,27.00,0.8264,1,1
690,17,330.00,426.00,36.00,39.00,0.4426,1,1
690,24,654.00,383.00,79.00,82.00,0.9439,1,1
690,34,186.00,406.00,37.00,31.00,0.6314,1,1
690,37,264.00,482.00,53.00,41.00,0.3976,1,1
690,38,990.00,376.00,26.00,43.00,0.4014,1,1
690,62,1092.00,160.00,68.00,72.00,0.9270,1,1
690,65,370.00,618.00,25.00,44.00,0.2669,1,1
691,1,394.00,454.00,100.00,82.00,0.9307,1,1
691,2,767.00,275.00,83.00,60.00,0.8982,1,1
691,4,365.00,252.00,53.00,64.00,0.7848,1,1
691,5,160.00,362.00,65.00,57.00,0.8654,1,1
691,10,231.00,528.00,42.00,32.00,0.5898,1,1
691,14,373.00,311.00,41.00,27.00,0.8293,1,1
691,17,333.00,427.00,36.00,37.00,0.6974,1,1
691,24,655.00,382.00,78.00,83.00,0.9469,1,1
691,34,183.00,407.00,39.00,32.00,0.5998,1,1
691,37,264.00,482.00,53.00,41.00,0.4359,1,1
691,62,1094.00,152.00,68.00,72.00,0.9281,1,1
692,1,396.00,455.00,99.00,83.00,0.9221,1,1
692,2,767.00,275.00,83.00,61.00,0.8990,1,1
692,4,363.00,252.00,54.00,64.00,0.7901,1,1
692,5,157.00,362.00,67.00,59.00,0.8750,1,1
692,10,233.00,526.00,41.00,34.00,0.7340,1,1
692,14,373.00,311.00,41.00,27.00,0.8286,1,1
692,17,335.00,425.00,35.00,37.00,0.6652,1,1
692,24,655.00,382.00,78.00,83.00,0.9466,1,1
692,34,181.00,407.00,40.00,33.00,0.6136,1,1
692,37,262.00,481.00,55.00,42.00,0.5178,1,1
692,62,1097.00,145.00,68.00,72.00,0.9127,1,1
693,1,396.00,456.00,99.00,83.00,0.9252,1,1
693,2,767.00,274.00,83.00,61.00,0.9006,1,1
693,4,362.00,252.00,55.00,64.00,0.8108,1,1
693,5,157.00,362.00,66.00,60.00,0.8789,1,1
693,10,227.00,522.00,47.00,34.00,0.6967,1,1
693,14,373.00,311.00,41.00,27.00,0.8352,1,1
693,17,334.00,426.00,35.00,36.00,0.6652,1,1
693,21,338.00,427.00,34.00,41.00,0.6502,1,1
693,24,655.00,382.00,78.00,83.00,0.9468,1,1
693,34,178.00,408.00,40.00,33.00,0.6839,1,1
693,37,262.00,479.00,56.00,43.00,0.4975,1,1
693,38,1023.00,355.00,27.00,39.00,0.2965,1,1
693,43,1193.00,363.00,23.00,35.00,0.6294,1,1
693,62,1101.00,138.00,67.00,71.00,0.9358,1,1
694,1,395.00,457.00,100.00,83.00,0.9162,1,1
694,2,767.00,275.00,83.00,60.00,0.9014,1,1
694,4,362.00,252.00,55.00,64.00,0.8147,1,1
694,5,155.00,364.00,68.00,59.00,0.8884,1,1
694,10,224.00,521.00,48.00,31.00,0.6810,1,1
694,14,373.00,311.00,41.00,27.00,0.8355,1,1
694,21,337.00,426.00,37.00,44.00,0.6406,1,1
694,24,655.00,382.00,79.00,83.00,0.9466,1,1
694,34,177.00,409.00,41.00,33.00,0.7708,1,1
694,37,264.00,478.00,55.00,43.00,0.3724,1,1
694,38,1035.00,345.00,28.00,35.00,0.5446,1,1
694,43,1197.00,365.00,20.00,42.00,0.6046,1,1
694,62,1104.00,132.00,68.00,70.00,0.9282,1,1
695,1,394.00,461.00,100.00,83.00,0.9129,1,1
695,2,767.00,275.00,83.00,60.00,0.8987,1,1
695,4,362.00,252.00,55.00,65.00,0.8171,1,1
695,5,154.00,365.00,68.00,59.00,0.8957,1,1
695,10,221.00,521.00,49.00,30.00,0.6295,1,1
695,14,373.00,311.00,41.00,27.00,0.8354,1,1
695,21,338.00,424.00,35.00,45.00,0.7081,1,1
695,24,655.00,382.00,79.00,83.00,0.9469,1,1
695,34,176.00,410.00,40.00,33.00,0.8043,1,1
695,37,273.00,476.00,49.00,42.00,0.3468,1,1
695,38,1040.00,334.00,27.00,35.00,0.5446,1,1
695,43,1198.00,364.00,20.00,43.00,0.4902,1,1
695,62,1108.00,127.00,68.00,69.00,0.9200,1,1
696,1,393.00,465.00,101.00,82.00,0.9176,1,1
696,2,767.00,275.00,83.00,60.00,0.8992,1,1
696,4,362.00,252.00,55.00,65.00,0.8302,1,1
696,5,153.00,365.00,68.00,59.00,0.8925,1,1
696,10,215.00,525.00,51.00,28.00,0.5637,1,1
696,14,373.00,311.00,41.00,27.00,0.8376,1,1
696,21,337.00,420.00,34.00,46.00,0.7739,1,1
696,24,655.00,382.00,79.00,83.00,0.9473,1,1
696,34,175.00,411.00,41.00,34.00,0.8324,1,1
696,37,275.00,476.00,55.00,39.00,0.3076,1,1
696,43,1198.00,363.00,22.00,41.00,0.3205,1,1
696,62,1113.00,121.00,66.00,69.00,0.9133,1,1
697,1,393.00,471.00,98.00,78.00,0.9373,1,1
697,2,767.00,275.00,83.00,60.00,0.9020,1,1
697,4,363.00,252.00,54.00,65.00,0.8377,1,1
697,5,152.00,365.00,68.00,59.00,0.8939,1,1
697,10,209.00,526.00,51.00,26.00,0.4604,1,1
697,14,373.00,310.00,42.00,28.00,0.8436,1,1
697,21,338.00,421.00,34.00,44.00,0.8282,1,1
697,24,656.00,382.00,78.00,83.00,0.9455,1,1
697,34,172.00,411.00,43.00,34.00,0.8753,1,1
697,37,276.00,475.00,55.00,39.00,0.3076,1,1
697,43,1199.00,362.00,22.00,39.00,0.4249,1,1
697,62,1117.00,117.00,66.00,69.00,0.9356,1,1
698,1,391.00,475.00,100.00,79.00,0.9445,1,1
698,2,767.00,275.00,83.00,60.00,0.9070,1,1
698,4,363.00,253.00,55.00,63.00,0.8779,1,1
698,5,150.00,365.00,68.00,59.00,0.9003,1,1
698,10,195.00,528.00,50.00,27.00,0.6710,1,1
698,14,373.00,310.00,42.00,27.00,0.8668,1,1
698,21,339.00,421.00,35.00,43.00,0.8310,1,1
698,24,656.00,382.00,78.00,83.00,0.9479,1,1
698,34,172.00,410.00,42.00,35.00,0.8881,1,1
698,37,285.00,475.00,51.00,35.00,0.6507,1,1
698,43,1199.00,360.00,22.00,37.00,0.3980,1,1
698,62,1121.00,114.00,66.00,68.00,0.9270,1,1
699,1,390.00,478.00,99.00,81.00,0.9482,1,1
699,2,767.00,275.00,83.00,60.00,0.9063,1,1
699,4,363.00,253.00,56.00,63.00,0.8918,1,1
699,5,151.00,365.00,67.00,59.00,0.9009,1,1
699,10,192.00,529.00,50.00,26.00,0.6710,1,1
699,14,374.00,309.00,42.00,28.00,0.8917,1,1
699,21,341.00,422.00,34.00,42.00,0.7397,1,1
699,24,656.00,382.00,78.00,83.00,0.9445,1,1
699,34,172.00,409.00,42.00,36.00,0.9035,1,1
699,37,288.00,473.00,53.00,34.00,0.6460,1,1
699,43,1198.00,357.00,23.00,38.00,0.7522,1,1
699,62,1125.00,111.00,65.00,69.00,0.9178,1,1
700,1,389.00,480.00,98.00,81.00,0.9424,1,1
700,2,767.00,275.00,83.00,60.00,0.9077,1,1
700,4,364.00,253.00,55.00,62.00,0.8985,1,1
700,5,150.00,365.00,67.00,60.00,0.9006,1,1
700,14,375.00,308.00,41.00,28.00,0.9079,1,1
700,17,285.00,471.00,54.00,24.00,0.6489,1,1
700,21,343.00,424.00,36.00,43.00,0.7621,1,1
700,24,657.00,382.00,77.00,82.00,0.9431,1,1
700,34,172.00,408.00,42.00,37.00,0.9111,1,1
700,37,290.00,473.00,54.00,33.00,0.6460,1,1
700,43,1199.00,357.00,21.00,39.00,0.7807,1,1
700,62,1131.00,110.00,64.00,68.00,0.9287,1,1
701,1,388.00,482.00,99.00,80.00,0.9466,1,1
701,2,767.00,275.00,83.00,60.00,0.9016,1,1
701,4,365.00,252.00,56.00,63.00,0.8970,1,1
701,5,149.00,365.00,68.00,60.00,0.9113,1,1
701,10,162.00,535.00,39.00,26.00,0.7065,1,1
701,14,376.00,306.00,42.00,29.00,0.8896,1,1
701,17,282.00,471.00,47.00,25.00,0.4580,1,1
701,21,344.00,425.00,36.00,42.00,0.7971,1,1
701,24,658.00,382.00,77.00,82.00,0.9470,1,1
701,34,172.00,406.00,41.00,39.00,0.9204,1,1
701,43,1200.00,353.00,22.00,40.00,0.7892,1,1
701,62,1136.00,108.00,65.00,68.00,0.9290,1,1
702,1,389.00,483.00,97.00,80.00,0.9468,1,1
702,2,767.00,275.00,83.00,60.00,0.9012,1,1
702,4,366.00,252.00,57.00,62.00,0.8893,1,1
702,5,148.00,365.00,67.00,59.00,0.9096,1,1
702,10,155.00,536.00,39.00,26.00,0.7065,1,1
702,14,378.00,306.00,42.00,29.00,0.8592,1,1
702,17,278.00,474.00,47.00,24.00,0.4580,1,1
702,21,345.00,424.00,35.00,40.00,0.7956,1,1
702,24,659.00,382.00,76.00,82.00,0.9459,1,1
702,34,173.00,406.00,40.00,39.00,0.8990,1,1
702,37,275.00,472.00,43.00,29.00,0.7769,1,1
702,43,1202.00,350.00,23.00,39.00,0.7889,1,1
702,62,1141.00,106.00,65.00,67.00,0.9104,1,1
703,1,388.00,483.00,97.00,80.00,0.9443,1,1
703,2,767.00,275.00,83.00,60.00,0.8984,1,1
703,4,367.00,252.00,58.00,61.00,0.8800,1,1
703,5,145.00,365.00,69.00,59.00,0.8997,1,1
703,14,382.00,307.00,39.00,26.00,0.8344,1,1
703,21,348.00,422.00,34.00,40.00,0.8021,1,1
703,24,660.00,382.00,76.00,82.00,0.9472,1,1
703,26,179.00,397.00,35.00,37.00,0.3068,1,1
703,34,174.00,400.00,40.00,43.00,0.8746,1,1
703,37,264.00,476.00,38.00,30.00,0.5586,1,1
703,43,1207.00,345.00,23.00,39.00,0.6943,1,1
703,62,1146.00,103.00,66.00,65.00,0.9204,1,1
704,1,388.00,483.00,97.00,80.00,0.9350,1,1
704,2,767.00,275.00,83.00,60.00,0.9003,1,1
704,4,367.00,252.00,60.00,60.00,0.8887,1,1
704,5,144.00,366.00,68.00,58.00,0.8896,1,1
704,14,382.00,306.00,40.00,26.00,0.8168,1,1
704,21,350.00,418.00,35.00,44.00,0.8181,1,1
704,24,660.00,382.00,77.00,82.00,0.9477,1,1
704,26,156.00,383.00,35.00,38.00,0.3068,1,1
704,34,174.00,400.00,38.00,42.00,0.8739,1,1
704,37,263.00,476.00,37.00,29.00,0.5586,1,1
704,43,1213.00,338.00,20.00,39.00,0.7277,1,1
704,62,1154.00,100.00,62.00,65.00,0.9107,1,1
704,65,251.00,475.00,37.00,44.00,0.5276,1,1
705,1,388.00,482.00,97.00,82.00,0.9341,1,1
705,2,767.00,275.00,83.00,59.00,0.8978,1,1
705,4,367.00,252.00,61.00,58.00,0.8649,1,1
705,5,145.00,365.00,66.00,59.00,0.8963,1,1
705,14,383.00,305.00,40.00,26.00,0.8066,1,1
705,21,350.00,413.00,37.00,43.00,0.8176,1,1
705,24,661.00,381.00,76.00,83.00,0.9467,1,1
705,26,177.00,395.00,34.00,38.00,0.3317,1,1
705,34,173.00,399.00,39.00,43.00,0.9096,1,1
705,43,1218.00,328.00,20.00,36.00,0.7544,1,1
705,62,1159.00,97.00,62.00,64.00,0.9273,1,1
705,65,249.00,486.00,34.00,45.00,0.6802,1,1
706,1,388.00,481.00,97.00,82.00,0.9360,1,1
706,2,767.00,275.00,83.00,59.00,0.8977,1,1
706,4,367.00,252.00,62.00,56.00,0.8537,1,1
706,5,143.00,365.00,67.00,58.00,0.8896,1,1
706,14,384.00,303.00,39.00,26.00,0.7465,1,1
706,21,352.00,411.00,37.00,46.00,0.8061,1,1
706,24,661.00,381.00,78.00,83.00,0.9451,1,1
706,26,176.00,395.00,33.00,39.00,0.3306,1,1
706,34,172.00,401.00,38.00,41.00,0.8832,1,1
706,38,376.00,300.00,44.00,30.00,0.6164,1,1
706,43,1226.00,321.00,18.00,34.00,0.5431,1,1
706,62,1165.00,92.00,63.00,64.00,0.9119,1,1
706,65,246.00,489.00,36.00,49.00,0.7566,1,1
707,1,388.00,481.00,96.00,82.00,0.9291,1,1
707,2,767.00,275.00,83.00,59.00,0.8969,1,1
707,4,366.00,252.00,65.00,55.00,0.8535,1,1
707,5,142.00,365.00,68.00,59.00,0.8898,1,1
707,14,385.00,300.00,40.00,28.00,0.6745,1,1
707,21,353.00,411.00,37.00,43.00,0.7578,1,1
707,24,662.00,380.00,78.00,83.00,0.9488,1,1
707,26,176.00,393.00,33.00,40.00,0.3788,1,1
707,34,171.00,399.00,38.00,43.00,0.8620,1,1
707,38,333.00,296.00,44.00,29.00,0.6164,1,1
707,43,1232.00,310.00,18.00,34.00,0.3110,1,1
707,62,1169.00,87.00,62.00,62.00,0.9078,1,1
707,65,246.00,490.00,40.00,51.00,0.5909,1,1
708,1,387.00,480.00,95.00,83.00,0.9296,1,1
708,2,767.00,276.00,83.00,58.00,0.9020,1,1
708,4,368.00,250.00,65.00,56.00,0.8551,1,1
708,5,141.00,365.00,68.00,59.00,0.8863,1,1
708,14,385.00,299.00,43.00,28.00,0.6581,1,1
708,21,351.00,407.00,40.00,44.00,0.7064,1,1
708,24,662.00,380.00,79.00,82.00,0.9514,1,1
708,26,175.00,393.00,33.00,41.00,0.3784,1,1
708,34,170.00,400.00,39.00,42.00,0.8495,1,1
708,43,1236.00,306.00,18.00,34.00,0.3110,1,1
708,62,1174.00,82.00,61.00,62.00,0.9159,1,1
708,65,245.00,489.00,42.00,51.00,0.4468,1,1
709,1,386.00,478.00,94.00,84.00,0.9317,1,1
709,2,767.00,276.00,83.00,58.00,0.9053,1,1
709,4,369.00,250.00,66.00,54.00,0.8652,1,1
709,5,140.00,365.00,68.00,61.00,0.8943,1,1
709,14,388.00,297.00,41.00,26.00,0.7034,1,1
709,21,354.00,406.00,40.00,43.00,0.7329,1,1
709,24,663.00,380.00,78.00,82.00,0.9469,1,1
709,26,174.00,392.00,34.00,42.00,0.4221,1,1
709,34,169.00,398.00,39.00,44.00,0.8641,1,1
709,62,1179.00,76.00,61.00,61.00,0.8971,1,1
709,65,242.00,490.00,43.00,51.00,0.4468,1,1
710,1,385.00,476.00,93.00,85.00,0.9430,1,1
710,2,767.00,276.00,83.00,58.00,0.9059,1,1
710,4,370.00,249.00,65.00,54.00,0.8839,1,1
710,5,139.00,365.00,67.00,61.00,0.8906,1,1
710,14,388.00,295.00,43.00,26.00,0.7487,1,1
710,21,352.00,404.00,41.00,43.00,0.7525,1,1
710,24,664.00,379.00,79.00,82.00,0.9494,1,1
710,26,173.00,390.00,34.00,44.00,0.3882,1,1
710,34,168.00,397.00,40.00,46.00,0.8874,1,1
710,62,1183.00,71.00,60.00,63.00,0.9155,1,1
711,1,384.00,475.00,94.00,84.00,0.9525,1,1
711,2,767.00,276.00,83.00,58.00,0.9070,1,1
711,4,371.00,248.00,66.00,54.00,0.8794,1,1
711,5,139.00,365.00,66.00,62.00,0.8880,1,1
711,14,389.00,294.00,43.00,27.00,0.7816,1,1
711,21,353.00,402.00,42.00,44.00,0.7115,1,1
711,24,665.00,379.00,78.00,81.00,0.9498,1,1
711,26,171.00,391.00,36.00,44.00,0.3194,1,1
711,34,168.00,398.00,40.00,45.00,0.8963,1,1
711,62,1187.00,69.00,59.00,62.00,0.9245,1,1
712,1,383.00,473.00,94.00,84.00,0.9590,1,1
712,2,767.00,275.00,83.00,59.00,0.9071,1,1
712,4,373.00,247.00,66.00,53.00,0.8774,1,1
712,5,138.00,365.00,67.00,62.00,0.8806,1,1
712,14,390.00,292.00,43.00,27.00,0.8080,1,1
712,21,355.00,402.00,43.00,41.00,0.7003,1,1
712,24,667.00,378.00,77.00,81.00,0.9458,1,1
712,26,169.00,388.00,36.00,45.00,0.3194,1,1
712,34,167.00,399.00,40.00,43.00,0.9083,1,1
712,62,1191.00,65.00,59.00,60.00,0.9289,1,1
713,1,384.00,472.00,93.00,83.00,0.9546,1,1
713,2,767.00,276.00,83.00,58.00,0.9147,1,1
713,4,373.00,245.00,67.00,54.00,0.8692,1,1
713,5,138.00,365.00,67.00,63.00,0.8780,1,1
713,14,393.00,291.00,42.00,27.00,0.7990,1,1
713,21,358.00,402.00,42.00,42.00,0.7210,1,1
713,24,667.00,377.00,77.00,81.00,0.9378,1,1
713,34,167.00,401.00,40.00,42.00,0.8994,1,1
713,62,1195.00,63.00,58.00,61.00,0.9140,1,1
713,65,266.00,490.00,40.00,39.00,0.5618,1,1
714,1,384.00,468.00,93.00,83.00,0.9456,1,1
714,2,767.00,276.00,84.00,58.00,0.9181,1,1
714,4,375.00,243.00,65.00,55.00,0.8728,1,1
714,5,138.00,365.00,67.00,64.00,0.8829,1,1
714,14,394.00,290.00,42.00,28.00,0.8137,1,1
714,21,361.00,403.00,41.00,42.00,0.7764,1,1
714,24,667.00,377.00,78.00,81.00,0.9402,1,1
714,34,167.00,400.00,40.00,42.00,0.9036,1,1
714,62,1197.00,61.00,58.00,61.00,0.9135,1,1
714,65,265.00,487.00,43.00,38.00,0.6042,1,1
715,1,384.00,462.00,94.00,86.00,0.9465,1,1
715,2,768.00,275.00,82.00,57.00,0.9138,1,1
715,4,375.00,242.00,66.00,54.00,0.8774,1,1
715,5,138.00,365.00,67.00,64.00,0.8806,1,1
715,14,394.00,288.00,42.00,29.00,0.7775,1,1
715,21,361.00,402.00,42.00,41.00,0.7769,1,1
715,24,668.00,376.00,77.00,81.00,0.9465,1,1
715,34,167.00,401.00,40.00,41.00,0.8705,1,1
715,62,1199.00,60.00,58.00,60.00,0.8905,1,1
715,65,266.00,490.00,47.00,37.00,0.5490,1,1
716,1,384.00,460.00,96.00,86.00,0.9484,1,1
716,2,769.00,276.00,80.00,53.00,0.9108,1,1
716,4,377.00,241.00,64.00,54.00,0.8860,1,1
716,5,138.00,365.00,67.00,63.00,0.8865,1,1
716,14,396.00,287.00,42.00,28.00,0.7279,1,1
716,21,361.00,401.00,42.00,40.00,0.7135,1,1
716,24,670.00,376.00,78.00,81.00,0.9461,1,1
716,34,168.00,400.00,39.00,42.00,0.8967,1,1
716,43,1113.00,254.00,23.00,31.00,0.2771,1,1
716,62,1202.00,58.00,57.00,59.00,0.8948,1,1
716,65,266.00,492.00,46.00,35.00,0.6657,1,1
717,1,385.00,456.00,97.00,88.00,0.9438,1,1
717,2,771.00,276.00,78.00,50.00,0.9103,1,1
717,4,377.00,241.00,65.00,52.00,0.8844,1,1
717,5,138.00,365.00,66.00,62.00,0.8818,1,1
717,14,400.00,285.00,38.00,29.00,0.7822,1,1
717,21,363.00,400.00,41.00,41.00,0.6474,1,1
717,24,670.00,376.00,78.00,80.00,0.9504,1,1
717,34,169.00,400.00,39.00,42.00,0.8918,1,1
717,43,1106.00,249.00,23.00,31.00,0.2771,1,1
717,62,1204.00,56.00,57.00,59.00,0.9138,1,1
717,65,263.00,492.00,47.00,37.00,0.6641,1,1
718,1,386.00,452.00,96.00,88.00,0.9493,1,1
718,2,772.00,276.00,76.00,49.00,0.9156,1,1
718,4,377.00,239.00,67.00,52.00,0.8804,1,1
718,5,138.00,365.00,66.00,62.00,0.8817,1,1
718,14,402.00,284.00,37.00,29.00,0.7793,1,1
718,17,518.00,345.00,43.00,30.00,0.5229,1,1
718,21,364.00,401.00,42.00,41.00,0.6148,1,1
718,24,671.00,376.00,78.00,80.00,0.9521,1,1
718,34,170.00,401.00,38.00,41.00,0.8519,1,1
718,37,392.00,283.00,44.00,28.00,0.5256,1,1
718,62,1205.00,52.00,56.00,58.00,0.9063,1,1
718,65,263.00,492.00,48.00,37.00,0.6641,1,1
719,1,388.00,448.00,99.00,88.00,0.9415,1,1
719,2,772.00,276.00,75.00,50.00,0.9130,1,1
719,4,377.00,238.00,68.00,51.00,0.8924,1,1
719,5,138.00,365.00,65.00,63.00,0.8812,1,1
719,14,404.00,282.00,37.00,29.00,0.8396,1,1
719,17,526.00,341.00,45.00,29.00,0.4407,1,1
719,21,366.00,400.00,41.00,42.00,0.6863,1,1
719,24,672.00,375.00,78.00,81.00,0.9496,1,1
719,34,172.00,403.00,37.00,37.00,0.7591,1,1
719,37,393.00,281.00,47.00,28.00,0.3903,1,1
719,62,1207.00,48.00,56.00,59.00,0.9270,1,1
720,1,390.00,445.00,98.00,88.00,0.9355,1,1
720,2,772.00,276.00,74.00,49.00,0.9145,1,1
720,4,379.00,238.00,67.00,49.00,0.8913,1,1
720,5,138.00,365.00,65.00,63.00,0.8781,1,1
720,14,403.00,281.00,39.00,28.00,0.8208,1,1
720,17,538.00,335.00,47.00,29.00,0.4407,1,1
720,21,368.00,399.00,39.00,42.00,0.6282,1,1
720,24,672.00,375.00,79.00,81.00,0.9479,1,1
720,34,173.00,402.00,35.00,38.00,0.7450,1,1
720,37,400.00,273.00,48.00,27.00,0.3903,1,1
720,62,1209.00,44.00,55.00,58.00,0.9071,1,1
721,1,392.00,442.00,97.00,88.00,0.9335,1,1
721,2,772.00,276.00,75.00,49.00,0.9141,1,1
721,4,381.00,237.00,67.00,49.00,0.8946,1,1
721,5,138.00,365.00,65.00,63.00,0.8758,1,1
721,14,405.00,278.00,40.00,30.00,0.8436,1,1
721,21,368.00,398.00,40.00,42.00,0.6348,1,1
721,24,673.00,374.00,79.00,80.00,0.9496,1,1
721,34,174.00,401.00,34.00,39.00,0.7016,1,1
721,62,1212.00,39.00,55.00,58.00,0.8982,1,1
721,65,244.00,498.00,34.00,45.00,0.4439,1,1
722,1,394.00,438.00,96.00,90.00,0.9214,1,1
722,2,772.00,276.00,75.00,49.00,0.9135,1,1
722,4,384.00,237.00,66.00,47.00,0.8967,1,1
722,5,139.00,364.00,64.00,64.00,0.8790,1,1
722,14,405.00,276.00,42.00,30.00,0.8417,1,1
722,21,369.00,396.00,40.00,41.00,0.6217,1,1
722,24,673.00,374.00,79.00,80.00,0.9474,1,1
722,34,173.00,398.00,36.00,41.00,0.7743,1,1
722,43,1145.00,220.00,23.00,34.00,0.5335,1,1
722,62,1214.00,34.00,55.00,58.00,0.8985,1,1
722,65,239.00,505.00,32.00,47.00,0.3796,1,1
723,1,396.00,435.00,101.00,93.00,0.9097,1,1
723,2,772.00,276.00,75.00,49.00,0.9134,1,1
723,4,387.00,236.00,65.00,48.00,0.9062,1,1
723,5,139.00,364.00,63.00,63.00,0.8809,1,1
723,14,412.00,275.00,37.00,29.00,0.8575,1,1
723,21,370.00,397.00,39.00,38.00,0.6702,1,1
723,24,674.00,375.00,80.00,81.00,0.9477,1,1
723,26,173.00,388.00,33.00,48.00,0.2506,1,1
723,34,172.00,400.00,36.00,39.00,0.7696,1,1
723,43,1145.00,214.00,23.00,34.00,0.5335,1,1
723,62,1217.00,29.00,55.00,57.00,0.9122,1,1
723,65,237.00,508.00,26.00,47.00,0.5160,1,1
724,1,401.00,433.00,94.00,90.00,0.9364,1,1
724,2,772.00,276.00,75.00,49.00,0.9117,1,1
724,4,388.00,235.00,66.00,46.00,0.9018,1,1
724,5,139.00,363.00,63.00,65.00,0.8827,1,1
724,14,415.00,275.00,36.00,29.00,0.8220,1,1
724,21,371.00,398.00,39.00,37.00,0.4892,1,1
724,24,674.00,374.00,79.00,80.00,0.9480,1,1
724,26,174.00,388.00,33.00,48.00,0.2856,1,1
724,34,173.00,400.00,35.00,38.00,0.7766,1,1
724,62,1220.00,25.00,55.00,55.00,0.9166,1,1
724,65,235.00,509.00,25.00,48.00,0.5160,1,1
725,1,402.00,432.00,94.00,89.00,0.9443,1,1
725,2,772.00,276.00,74.00,50.00,0.9110,1,1
725,4,390.00,232.00,69.00,48.00,0.8972,1,1
725,5,139.00,362.00,63.00,65.00,0.8895,1,1
725,10,232.00,524.00,26.00,37.00,0.7311,1,1
725,14,415.00,273.00,38.00,30.00,0.8031,1,1
725,21,374.00,399.00,38.00,34.00,0.5310,1,1
725,24,674.00,375.00,80.00,81.00,0.9503,1,1
725,26,171.00,397.00,36.00,40.00,0.7780,1,1
725,34,170.00,407.00,37.00,33.00,0.5521,1,1
725,43,1277.00,225.00,16.00,31.00,0.2863,1,1
725,62,1223.00,22.00,55.00,56.00,0.9228,1,1
726,1,404.00,430.00,92.00,90.00,0.9436,1,1
726,2,772.00,276.00,73.00,50.00,0.9094,1,1
726,4,393.00,230.00,68.00,49.00,0.8993,1,1
726,5,139.00,361.00,63.00,67.00,0.8962,1,1
726,10,228.00,521.00,29.00,41.00,0.8425,1,1
726,14,424.00,271.00,33.00,29.00,0.7651,1,1
726,21,376.00,399.00,37.00,33.00,0.5310,1,1
726,24,675.00,374.00,79.00,82.00,0.9499,1,1
726,26,171.00,392.00,36.00,44.00,0.8190,1,1
726,34,169.00,406.00,36.00,36.00,0.5552,1,1
726,38,371.00,386.00,42.00,43.00,0.4348,1,1
726,43,1280.00,227.00,15.00,30.00,0.3667,1,1
726,62,1226.00,19.00,55.00,55.00,0.9038,1,1
726,74,392.00,680.00,36.00,47.00,0.3987,1,1
727,1,404.00,430.00,91.00,90.00,0.9337,1,1
727,2,772.00,276.00,73.00,50.00,0.9081,1,1
727,4,398.00,228.00,66.00,50.00,0.8947,1,1
727,5,139.00,360.00,63.00,67.00,0.9027,1,1
727,10,225.00,521.00,33.00,40.00,0.8843,1,1
727,14,423.00,269.00,38.00,31.00,0.7419,1,1
727,21,378.00,394.00,40.00,37.00,0.4825,1,1
727,24,675.00,374.00,79.00,82.00,0.9500,1,1
727,26,170.00,390.00,37.00,45.00,0.7758,1,1
727,34,167.00,410.00,36.00,37.00,0.5570,1,1
727,38,374.00,384.00,41.00,41.00,0.3849,1,1
727,43,1282.00,226.00,15.00,31.00,0.4204,1,1
727,62,1230.00,18.00,54.00,55.00,0.9155,1,1
727,74,398.00,693.00,29.00,44.00,0.3206,1,1
728,1,403.00,430.00,93.00,90.00,0.9242,1,1
728,2,772.00,276.00,73.00,50.00,0.9094,1,1
728,4,402.00,226.00,65.00,50.00,0.8950,1,1
728,5,139.00,359.00,64.00,67.00,0.9049,1,1
728,10,224.00,521.00,34.00,41.00,0.8999,1,1
728,14,428.00,267.00,36.00,30.00,0.8069,1,1
728,21,378.00,381.00,29.00,41.00,0.2541,1,1
728,24,675.00,373.00,78.00,82.00,0.9491,1,1
728,26,170.00,390.00,37.00,45.00,0.7888,1,1
728,34,167.00,421.00,33.00,34.00,0.2559,1,1
728,38,379.00,387.00,37.00,43.00,0.4769,1,1
728,43,1282.00,226.00,17.00,34.00,0.5216,1,1
728,62,1233.00,17.00,55.00,55.00,0.9270,1,1
728,65,167.00,414.00,34.00,35.00,0.6285,1,1
728,74,399.00,701.00,28.00,42.00,0.3206,1,1
729,1,401.00,432.00,96.00,89.00,0.9187,1,1
729,2,772.00,276.00,72.00,49.00,0.9042,1,1
729,4,405.00,225.00,65.00,49.00,0.8823,1,1
729,5,140.00,359.00,64.00,63.00,0.9071,1,1
729,10,224.00,520.00,35.00,42.00,0.8874,1,1
729,14,434.00,266.00,33.00,29.00,0.8197,1,1
729,21,379.00,378.00,29.00,42.00,0.2541,1,1
729,24,675.00,373.00,78.00,81.00,0.9506,1,1
729,26,172.00,391.00,36.00,43.00,0.7688,1,1
729,34,168.00,417.00,33.00,32.00,0.6076,1,1
729,37,422.00,265.00,46.00,28.00,0.2542,1,1
729,38,380.00,391.00,35.00,43.00,0.4769,1,1
729,43,1283.00,224.00,18.00,35.00,0.5175,1,1
729,62,1237.00,15.00,53.00,54.00,0.9245,1,1
729,65,158.00,406.00,36.00,34.00,0.6285,1,1
730,1,399.00,433.00,97.00,88.00,0.9150,1,1
730,2,772.00,276.00,72.00,49.00,0.9037,1,1
730,4,409.00,224.00,65.00,50.00,0.8733,1,1
730,5,140.00,358.00,66.00,64.00,0.9134,1,1
730,10,224.00,519.00,34.00,43.00,0.9247,1,1
730,14,433.00,265.00,38.00,30.00,0.8313,1,1
730,24,675.00,373.00,78.00,82.00,0.9495,1,1
730,26,173.00,392.00,35.00,41.00,0.7529,1,1
730,34,168.00,419.00,32.00,30.00,0.4688,1,1
730,37,427.00,263.00,45.00,27.00,0.2542,1,1
730,43,1284.00,223.00,20.00,35.00,0.4839,1,1
730,62,1241.00,15.00,53.00,55.00,0.9080,1,1
731,1,397.00,435.00,100.00,91.00,0.8866,1,1
731,2,771.00,276.00,73.00,50.00,0.9048,1,1
731,4,415.00,223.00,62.00,49.00,0.8697,1,1
731,5,141.00,357.00,65.00,63.00,0.9145,1,1
731,10,224.00,520.00,34.00,42.00,0.9232,1,1
731,14,437.00,264.00,38.00,30.00,0.7866,1,1
731,21,381.00,374.00,36.00,39.00,0.3408,1,1
731,24,675.00,374.00,78.00,81.00,0.9497,1,1
731,26,175.00,389.00,34.00,43.00,0.7892,1,1
731,34,169.00,415.00,30.00,32.00,0.2649,1,1
731,43,1293.00,221.00,19.00,36.00,0.4839,1,1
731,62,1245.00,13.00,52.00,55.00,0.9058,1,1
731,65,178.00,381.00,30.00,43.00,0.2732,1,1
732,1,393.00,437.00,102.00,90.00,0.9109,1,1
732,2,771.00,276.00,73.00,50.00,0.9062,1,1
732,4,419.00,221.00,60.00,49.00,0.8600,1,1
732,5,142.00,356.00,63.00,63.00,0.9059,1,1
732,10,222.00,519.00,35.00,42.00,0.9231,1,1
732,14,439.00,262.00,38.00,30.00,0.7854,1,1
732,21,384.00,371.00,34.00,40.00,0.3919,1,1
732,24,675.00,374.00,78.00,81.00,0.9484,1,1
732,26,176.00,391.00,34.00,41.00,0.7302,1,1
732,34,170.00,415.00,30.00,32.00,0.2886,1,1
732,62,1249.00,12.00,53.00,52.00,0.9053,1,1
732,65,179.00,379.00,29.00,45.00,0.2823,1,1
733,1,391.00,441.00,100.00,90.00,0.8868,1,1
733,2,771.00,276.00,73.00,49.00,0.9081,1,1
733,4,422.00,220.00,60.00,48.00,0.8685,1,1
733,5,142.00,356.00,64.00,65.00,0.9072,1,1
733,10,222.00,519.00,35.00,42.00,0.9133,1,1
733,14,442.00,261.00,38.00,30.00,0.8218,1,1
733,21,386.00,372.00,38.00,40.00,0.3418,1,1
733,24,675.00,374.00,78.00,81.00,0.9498,1,1
733,26,176.00,393.00,34.00,38.00,0.7456,1,1
733,34,171.00,416.00,30.00,30.00,0.2987,1,1
733,62,1253.00,10.00,53.00,51.00,0.8926,1,1
733,65,176.00,371.00,30.00,46.00,0.2823,1,1
734,1,388.00,442.00,95.00,91.00,0.9264,1,1
734,2,771.00,276.00,72.00,49.00,0.9127,1,1
734,4,428.00,218.00,57.00,48.00,0.8618,1,1
734,5,143.00,355.00,64.00,63.00,0.9120,1,1
734,10,222.00,518.00,34.00,42.00,0.8612,1,1
734,14,445.00,259.00,39.00,32.00,0.7775,1,1
734,21,387.00,368.00,32.00,40.00,0.2941,1,1
734,24,675.00,374.00,78.00,81.00,0.9511,1,1
734,26,176.00,393.00,35.00,37.00,0.8195,1,1
734,34,171.00,413.00,30.00,32.00,0.2823,1,1
734,62,1258.00,9.00,52.00,50.00,0.8833,1,1
734,65,177.00,381.00,32.00,44.00,0.3503,1,1
735,1,386.00,445.00,91.00,93.00,0.9431,1,1
735,2,771.00,276.00,72.00,49.00,0.9121,1,1
735,4,432.00,218.00,55.00,47.00,0.8641,1,1
735,5,143.00,354.00,65.00,63.00,0.9062,1,1
735,10,223.00,518.00,33.00,42.00,0.8343,1,1
735,14,449.00,258.00,38.00,33.00,0.7654,1,1
735,21,390.00,370.00,37.00,38.00,0.5871,1,1
735,24,674.00,374.00,78.00,81.00,0.9519,1,1
735,26,176.00,391.00,35.00,39.00,0.8759,1,1
735,34,171.00,413.00,30.00,32.00,0.2823,1,1
735,62,1262.00,4.00,51.00,51.00,0.8806,1,1
735,65,178.00,383.00,32.00,41.00,0.3841,1,1
736,1,382.00,450.00,92.00,91.00,0.9436,1,1
736,2,770.00,276.00,73.00,49.00,0.9129,1,1
736,4,435.00,217.00,55.00,46.00,0.8867,1,1
736,5,144.00,354.00,65.00,64.00,0.9052,1,1
736,10,222.00,516.00,27.00,41.00,0.6483,1,1
736,14,452.00,257.00,38.00,33.00,0.7570,1,1
736,21,392.00,371.00,34.00,36.00,0.6858,1,1
736,24,674.00,373.00,78.00,82.00,0.9522,1,1
736,26,176.00,389.00,35.00,40.00,0.8876,1,1
736,62,1267.00,3.00,51.00,47.00,0.8689,1,1
736,65,179.00,383.00,31.00,41.00,0.4535,1,1
737,1,379.00,452.00,93.00,92.00,0.9383,1,1
737,2,770.00,275.00,72.00,49.00,0.9154,1,1
737,4,439.00,216.00,53.00,47.00,0.8879,1,1
737,5,144.00,353.00,65.00,65.00,0.9038,1,1
737,10,222.00,515.00,26.00,40.00,0.6523,1,1
737,14,455.00,256.00,36.00,34.00,0.7347,1,1
737,21,394.00,372.00,36.00,34.00,0.6848,1,1
737,24,674.00,374.00,78.00,81.00,0.9517,1,1
737,26,177.00,391.00,35.00,39.00,0.8646,1,1
737,62,1270.00,2.00,51.00,44.00,0.8484,1,1
737,65,180.00,381.00,30.00,43.00,0.4114,1,1
738,1,374.00,457.00,93.00,90.00,0.9362,1,1
738,2,769.00,275.00,73.00,48.00,0.9129,1,1
738,4,441.00,215.00,53.00,47.00,0.8833,1,1
738,5,144.00,352.00,65.00,65.00,0.8962,1,1
738,10,222.00,514.00,26.00,40.00,0.6461,1,1
738,14,457.00,256.00,36.00,34.00,0.7688,1,1
738,21,394.00,370.00,35.00,33.00,0.5878,1,1
738,24,674.00,374.00,79.00,83.00,0.9484,1,1
738,26,178.00,390.00,34.00,39.00,0.8453,1,1
738,34,179.00,399.00,34.00,33.00,0.3048,1,1
738,62,1273.00,2.00,51.00,42.00,0.8622,1,1
738,65,181.00,381.00,30.00,43.00,0.3752,1,1
739,1,372.00,459.00,91.00,91.00,0.9445,1,1
739,2,768.00,274.00,76.00,50.00,0.9143,1,1
739,4,442.00,215.00,54.00,47.00,0.8857,1,1
739,5,145.00,352.00,65.00,65.00,0.8922,1,1
739,10,222.00,514.00,26.00,40.00,0.6246,1,1
739,14,458.00,257.00,36.00,32.00,0.7930,1,1
739,21,395.00,370.00,34.00,33.00,0.6081,1,1
739,24,674.00,374.00,79.00,83.00,0.9489,1,1
739,26,178.00,392.00,35.00,38.00,0.8435,1,1
739,34,179.00,399.00,34.00,34.00,0.3593,1,1
739,62,1276.00,2.00,49.00,39.00,0.8570,1,1
739,65,181.00,380.00,30.00,43.00,0.3788,1,1
740,1,368.00,461.00,94.00,91.00,0.9199,1,1
740,2,767.00,274.00,79.00,51.00,0.9161,1,1
740,4,444.00,215.00,53.00,47.00,0.8819,1,1
740,5,144.00,352.00,66.00,65.00,0.8945,1,1
740,10,222.00,514.00,26.00,40.00,0.5895,1,1
740,14,459.00,256.00,36.00,32.00,0.8209,1,1
740,21,396.00,371.00,34.00,31.00,0.6203,1,1
740,24,674.00,374.00,79.00,83.00,0.9513,1,1
740,26,176.00,393.00,36.00,37.00,0.8299,1,1
740,34,177.00,399.00,36.00,33.00,0.3290,1,1
740,62,1278.00,2.00,51.00,35.00,0.7141,1,1
740,65,179.00,381.00,32.00,43.00,0.3452,1,1
741,1,364.00,463.00,98.00,93.00,0.9193,1,1
741,2,765.00,273.00,82.00,51.00,0.9337,1,1
741,4,445.00,212.00,52.00,49.00,0.8819,1,1
741,5,144.00,352.00,66.00,65.00,0.8947,1,1
741,10,222.00,513.00,28.00,41.00,0.5651,1,1
741,14,459.00,255.00,37.00,32.00,0.8153,1,1
741,21,396.00,370.00,35.00,31.00,0.6189,1,1
741,24,673.00,373.00,78.00,84.00,0.9523,1,1
741,26,176.00,393.00,36.00,37.00,0.8433,1,1
741,34,177.00,399.00,36.00,33.00,0.3055,1,1
741,38,366.00,659.00,36.00,41.00,0.3340,1,1
741,62,1281.00,2.00,48.00,33.00,0.3944,1,1
741,65,179.00,380.00,32.00,44.00,0.3598,1,1
742,1,359.00,465.00,93.00,92.00,0.9359,1,1
742,2,763.00,274.00,84.00,50.00,0.8959,1,1
742,4,445.00,212.00,52.00,49.00,0.8800,1,1
742,5,145.00,353.00,64.00,64.00,0.8925,1,1
742,10,223.00,513.00,29.00,41.00,0.5138,1,1
742,14,459.00,254.00,37.00,31.00,0.8169,1,1
742,21,396.00,369.00,34.00,31.00,0.6000,1,1
742,24,673.00,373.00,77.00,84.00,0.9505,1,1
742,26,176.00,393.00,36.00,36.00,0.8247,1,1
742,34,177.00,399.00,36.00,33.00,0.2931,1,1
742,38,365.00,677.00,36.00,40.00,0.3340,1,1
742,62,1285.00,1.00,46.00,31.00,0.3944,1,1
742,65,179.00,381.00,32.00,43.00,0.3164,1,1
743,1,355.00,466.00,96.00,95.00,0.9323,1,1
743,2,761.00,274.00,85.00,52.00,0.9025,1,1
743,4,445.00,211.00,52.00,49.00,0.8814,1,1
743,5,145.00,353.00,65.00,64.00,0.8867,1,1
743,10,223.00,513.00,27.00,43.00,0.6172,1,1
743,14,460.00,253.00,36.00,30.00,0.7920,1,1
743,21,397.00,369.00,35.00,32.00,0.5327,1,1
743,24,672.00,373.00,78.00,84.00,0.9475,1,1
743,26,176.00,394.00,36.00,35.00,0.8393,1,1
743,34,177.00,399.00,36.00,33.00,0.3139,1,1
743,65,179.00,380.00,32.00,44.00,0.3039,1,1
744,1,354.00,466.00,98.00,96.00,0.9251,1,1
744,2,761.00,274.00,86.00,61.00,0.8673,1,1
744,4,445.00,210.00,52.00,50.00,0.8784,1,1
744,5,145.00,353.00,65.00,64.00,0.8841,1,1
744,10,223.00,512.00,28.00,44.00,0.7311,1,1
744,14,460.00,254.00,36.00,29.00,0.7770,1,1
744,21,396.00,369.00,37.00,32.00,0.4646,1,1
744,24,671.00,373.00,78.00,84.00,0.9489,1,1
744,26,176.00,393.00,36.00,35.00,0.8569,1,1
744,34,178.00,399.00,35.00,32.00,0.2670,1,1
744,65,179.00,380.00,32.00,44.00,0.3478,1,1
745,1,352.00,467.00,97.00,94.00,0.9304,1,1
745,2,761.00,273.00,85.00,63.00,0.8744,1,1
745,4,443.00,209.00,53.00,50.00,0.8717,1,1
745,5,145.00,353.00,65.00,64.00,0.8875,1,1
745,10,223.00,512.00,29.00,43.00,0.5497,1,1
745,14,459.00,253.00,37.00,29.00,0.7497,1,1
745,21,395.00,363.00,31.00,32.00,0.4359,1,1
745,24,671.00,373.00,77.00,84.00,0.9474,1,1
745,26,176.00,393.00,36.00,35.00,0.8806,1,1
745,34,178.00,398.00,35.00,32.00,0.2670,1,1
745,65,179.00,381.00,32.00,43.00,0.3578,1,1
746,1,350.00,466.00,96.00,93.00,0.9274,1,1
746,2,761.00,273.00,84.00,65.00,0.8936,1,1
746,4,443.00,209.00,53.00,50.00,0.8696,1,1
746,5,145.00,353.00,65.00,63.00,0.8840,1,1
746,10,223.00,512.00,27.00,43.00,0.4910,1,1
746,14,458.00,253.00,37.00,29.00,0.7641,1,1
746,21,395.00,365.00,31.00,31.00,0.4440,1,1
746,24,670.00,374.00,78.00,83.00,0.9480,1,1
746,26,176.00,391.00,36.00,37.00,0.9019,1,1
746,65,178.00,381.00,33.00,43.00,0.3609,1,1
747,1,347.00,465.00,93.00,93.00,0.9260,1,1
747,2,761.00,274.00,84.00,66.00,0.8986,1,1
747,4,442.00,208.00,54.00,49.00,0.8702,1,1
747,5,144.00,353.00,66.00,63.00,0.8822,1,1
747,10,224.00,510.00,29.00,42.00,0.4724,1,1
747,14,458.00,253.00,36.00,28.00,0.7597,1,1
747,21,395.00,365.00,31.00,31.00,0.4881,1,1
747,24,670.00,374.00,77.00,83.00,0.9458,1,1
747,26,176.00,389.00,36.00,38.00,0.9159,1,1
747,65,178.00,380.00,33.00,43.00,0.3609,1,1
748,1,344.00,464.00,96.00,94.00,0.9349,1,1
748,2,762.00,274.00,83.00,68.00,0.8998,1,1
748,4,442.00,208.00,54.00,49.00,0.8734,1,1
748,5,145.00,352.00,66.00,63.00,0.8834,1,1
748,10,225.00,507.00,29.00,44.00,0.4301,1,1
748,14,458.00,252.00,36.00,28.00,0.8137,1,1
748,21,395.00,365.00,32.00,31.00,0.5287,1,1
748,24,669.00,374.00,78.00,84.00,0.9446,1,1
748,26,176.00,388.00,36.00,39.00,0.9359,1,1
749,1,343.00,464.00,91.00,91.00,0.9392,1,1
749,2,762.00,277.00,84.00,66.00,0.9181,1,1
749,4,442.00,207.00,54.00,49.00,0.8733,1,1
749,5,145.00,352.00,66.00,63.00,0.8747,1,1
749,10,226.00,508.00,25.00,44.00,0.3984,1,1
749,14,458.00,252.00,36.00,28.00,0.8326,1,1
749,21,395.00,364.00,32.00,32.00,0.5590,1,1
749,24,668.00,373.00,78.00,84.00,0.9454,1,1
749,26,175.00,388.00,37.00,39.00,0.9259,1,1
750,1,340.00,463.00,94.00,92.00,0.9449,1,1
750,2,763.00,278.00,83.00,66.00,0.9238,1,1
750,4,441.00,207.00,55.00,49.00,0.8754,1,1
750,5,147.00,352.00,64.00,60.00,0.8625,1,1
750,10,230.00,506.00,23.00,47.00,0.2770,1,1
750,14,458.00,252.00,36.00,27.00,0.8535,1,1
750,21,396.00,364.00,32.00,33.00,0.5181,1,1
750,24,667.00,374.00,78.00,83.00,0.9482,1,1
750,26,175.00,388.00,37.00,40.00,0.9369,1,1
751,1,339.00,462.00,92.00,90.00,0.9432,1,1
751,2,763.00,279.00,83.00,66.00,0.9224,1,1
751,4,441.00,207.00,55.00,49.00,0.8754,1,1
751,5,148.00,352.00,64.00,59.00,0.8656,1,1
751,10,232.00,505.00,21.00,48.00,0.2770,1,1
751,14,458.00,251.00,36.00,28.00,0.8662,1,1
751,21,396.00,362.00,30.00,33.00,0.5500,1,1
751,24,666.00,374.00,78.00,83.00,0.9461,1,1
751,26,176.00,389.00,37.00,38.00,0.9421,1,1
752,1,337.00,461.00,92.00,90.00,0.9364,1,1
752,2,763.00,279.00,82.00,66.00,0.9201,1,1
752,4,441.00,207.00,55.00,48.00,0.8766,1,1
752,5,149.00,352.00,64.00,60.00,0.8705,1,1
752,10,241.00,490.00,25.00,46.00,0.3243,1,1
752,14,457.00,251.00,37.00,28.00,0.8646,1,1
752,21,396.00,361.00,31.00,33.00,0.6227,1,1
752,24,664.00,375.00,77.00,83.00,0.9461,1,1
752,26,175.00,389.00,38.00,39.00,0.9371,1,1
753,1,335.00,461.00,86.00,89.00,0.9385,1,1
753,2,762.00,280.00,83.00,66.00,0.9174,1,1
753,4,441.00,207.00,55.00,48.00,0.8768,1,1
753,5,150.00,352.00,63.00,60.00,0.8701,1,1
753,10,243.00,487.00,25.00,47.00,0.3243,1,1
753,14,457.00,251.00,36.00,27.00,0.8558,1,1
753,21,396.00,360.00,30.00,33.00,0.6705,1,1
753,24,663.00,374.00,78.00,84.00,0.9456,1,1
753,26,175.00,389.00,38.00,39.00,0.9309,1,1
753,74,136.00,519.00,31.00,25.00,0.3377,1,1
754,1,333.00,460.00,86.00,88.00,0.9338,1,1
754,2,762.00,280.00,82.00,66.00,0.9081,1,1
754,4,441.00,207.00,56.00,48.00,0.8794,1,1
754,5,150.00,352.00,63.00,60.00,0.8774,1,1
754,14,457.00,251.00,36.00,28.00,0.8479,1,1
754,21,396.00,360.00,31.00,33.00,0.6473,1,1
754,24,662.00,375.00,77.00,81.00,0.9468,1,1
754,26,175.00,390.00,38.00,38.00,0.9306,1,1
754,74,126.00,512.00,30.00,24.00,0.3377,1,1
755,1,330.00,459.00,87.00,88.00,0.9381,1,1
755,2,761.00,281.00,83.00,65.00,0.9101,1,1
755,4,441.00,206.00,56.00,49.00,0.8816,1,1
755,5,150.00,352.00,63.00,60.00,0.8786,1,1
755,10,253.00,483.00,30.00,41.00,0.4467,1,1
755,14,457.00,251.00,36.00,27.00,0.8579,1,1
755,21,396.00,359.00,31.00,34.00,0.6337,1,1
755,24,661.00,375.00,78.00,81.00,0.9514,1,1
755,26,175.00,390.00,38.00,39.00,0.9302,1,1
756,1,329.00,458.00,89.00,90.00,0.9342,1,1
756,2,760.00,281.00,83.00,64.00,0.9074,1,1
756,4,441.00,206.00,56.00,48.00,0.8802,1,1
756,5,150.00,352.00,63.00,61.00,0.8765,1,1
756,10,255.00,480.00,31.00,41.00,0.4467,1,1
756,14,457.00,251.00,36.00,27.00,0.8383,1,1
756,21,396.00,359.00,31.00,34.00,0.6003,1,1
756,24,659.00,375.00,80.00,81.00,0.9502,1,1
756,26,175.00,390.00,38.00,39.00,0.9230,1,1
756,37,142.00,518.00,47.00,28.00,0.3212,1,1
757,1,328.00,458.00,89.00,89.00,0.9256,1,1
757,2,760.00,282.00,80.00,62.00,0.9240,1,1
757,4,442.00,206.00,55.00,48.00,0.8776,1,1
757,5,151.00,352.00,62.00,60.00,0.8777,1,1
757,14,458.00,251.00,36.00,28.00,0.8634,1,1
757,21,396.00,359.00,31.00,34.00,0.5472,1,1
757,24,659.00,375.00,80.00,80.00,0.9541,1,1
757,26,175.00,390.00,38.00,39.00,0.9075,1,1
757,37,146.00,517.00,42.00,28.00,0.3415,1,1
758,1,327.00,458.00,90.00,88.00,0.9189,1,1
758,2,758.00,282.00,81.00,63.00,0.9282,1,1
758,4,442.00,206.00,56.00,48.00,0.8743,1,1
758,5,152.00,352.00,61.00,59.00,0.8808,1,1
758,10,269.00,482.00,36.00,40.00,0.5598,1,1
758,14,457.00,250.00,38.00,28.00,0.8709,1,1
758,21,396.00,360.00,31.00,33.00,0.5380,1,1
758,24,658.00,375.00,80.00,80.00,0.9565,1,1
758,26,175.00,390.00,38.00,39.00,0.9084,1,1
758,37,151.00,516.00,40.00,27.00,0.3634,1,1
759,1,326.00,458.00,90.00,84.00,0.9104,1,1
759,2,757.00,282.00,79.00,64.00,0.9240,1,1
759,4,444.00,206.00,55.00,48.00,0.8766,1,1
759,5,152.00,352.00,61.00,59.00,0.8832,1,1
759,10,275.00,482.00,37.00,42.00,0.6659,1,1
759,14,458.00,250.00,38.00,28.00,0.8897,1,1
759,21,396.00,359.00,31.00,34.00,0.5243,1,1
759,24,658.00,375.00,80.00,79.00,0.9578,1,1
759,26,175.00,389.00,38.00,40.00,0.9085,1,1
759,37,150.00,517.00,39.00,26.00,0.4075,1,1
759,43,1342.00,128.00,17.00,30.00,0.4138,1,1
760,1,326.00,457.00,88.00,83.00,0.9119,1,1
760,2,756.00,283.00,79.00,63.00,0.9279,1,1
760,4,444.00,206.00,55.00,48.00,0.8805,1,1
760,5,153.00,352.00,60.00,60.00,0.8880,1,1
760,10,278.00,484.00,38.00,40.00,0.7702,1,1
760,14,460.00,250.00,37.00,29.00,0.8877,1,1
760,21,396.00,359.00,30.00,34.00,0.4872,1,1
760,24,658.00,375.00,80.00,79.00,0.9575,1,1
760,26,175.00,388.00,39.00,41.00,0.9125,1,1
760,37,153.00,518.00,39.00,27.00,0.4910,1,1
760,43,1344.00,126.00,16.00,31.00,0.4544,1,1
761,1,326.00,457.00,87.00,80.00,0.9214,1,1
761,2,754.00,284.00,79.00,63.00,0.9292,1,1
761,4,444.00,205.00,56.00,48.00,0.8818,1,1
761,5,153.00,352.00,60.00,59.00,0.8932,1,1
761,10,282.00,488.00,35.00,40.00,0.6081,1,1
761,14,461.00,250.00,37.00,29.00,0.8894,1,1
761,21,396.00,357.00,30.00,35.00,0.5465,1,1
761,24,659.00,375.00,80.00,80.00,0.9572,1,1
761,26,175.00,387.00,39.00,43.00,0.9027,1,1
761,37,156.00,518.00,39.00,26.00,0.2856,1,1
761,43,1345.00,125.00,16.00,30.00,0.2805,1,1
762,1,326.00,456.00,88.00,81.00,0.9193,1,1
762,2,753.00,284.00,79.00,64.00,0.9331,1,1
762,4,446.00,205.00,55.00,48.00,0.8864,1,1
762,5,154.00,352.00,60.00,58.00,0.8878,1,1
762,10,289.00,492.00,33.00,39.00,0.7351,1,1
762,14,462.00,250.00,37.00,29.00,0.8782,1,1
762,21,396.00,356.00,29.00,36.00,0.5300,1,1
762,24,659.00,375.00,79.00,80.00,0.9575,1,1
762,26,175.00,387.00,40.00,44.00,0.9039,1,1
762,37,160.00,519.00,39.00,27.00,0.3679,1,1
762,43,1346.00,122.00,16.00,30.00,0.2805,1,1
762,65,177.00,383.00,37.00,39.00,0.4875,1,1
763,1,326.00,456.00,88.00,81.00,0.9218,1,1
763,2,752.00,285.00,79.00,64.00,0.9184,1,1
763,4,446.00,205.00,56.00,48.00,0.8936,1,1
763,5,156.00,352.00,58.00,59.00,0.8878,1,1
763,10,289.00,494.00,33.00,38.00,0.7485,1,1
763,14,463.00,250.00,37.00,30.00,0.8568,1,1
763,21,396.00,355.00,28.00,37.00,0.5744,1,1
763,24,659.00,375.00,80.00,80.00,0.9559,1,1
763,26,175.00,386.00,41.00,46.00,0.8985,1,1
763,37,161.00,527.00,39.00,26.00,0.3679,1,1
763,65,178.00,382.00,37.00,39.00,0.5343,1,1
764,1,327.00,456.00,87.00,81.00,0.9217,1,1
764,2,751.00,286.00,79.00,63.00,0.9193,1,1
764,4,446.00,206.00,56.00,48.00,0.8905,1,1
764,5,156.00,352.00,59.00,60.00,0.8887,1,1
764,10,292.00,497.00,32.00,36.00,0.6997,1,1
764,14,463.00,251.00,37.00,29.00,0.8526,1,1
764,21,397.00,358.00,29.00,35.00,0.5793,1,1
764,24,659.00,375.00,80.00,80.00,0.9554,1,1
764,26,177.00,386.00,40.00,47.00,0.8955,1,1
764,38,298.00,501.00,33.00,32.00,0.2680,1,1
764,65,179.00,382.00,37.00,39.00,0.5135,1,1
765,1,327.00,455.00,88.00,83.00,0.9240,1,1
765,2,751.00,287.00,77.00,63.00,0.9196,1,1
765,4,447.00,206.00,56.00,48.00,0.8883,1,1
765,5,156.00,353.00,59.00,61.00,0.8884,1,1
765,10,286.00,495.00,35.00,38.00,0.7706,1,1
765,14,464.00,251.00,37.00,30.00,0.8768,1,1
765,21,397.00,359.00,30.00,34.00,0.5141,1,1
765,24,660.00,375.00,79.00,80.00,0.9552,1,1
765,26,177.00,386.00,41.00,47.00,0.8955,1,1
765,34,178.00,391.00,40.00,42.00,0.9148,1,1
765,38,295.00,491.00,33.00,32.00,0.2680,1,1
765,65,179.00,383.00,37.00,39.00,0.3639,1,1
766,1,327.00,454.00,88.00,83.00,0.9285,1,1
766,2,751.00,288.00,77.00,62.00,0.9208,1,1
766,4,447.00,206.00,56.00,48.00,0.8888,1,1
766,5,156.00,354.00,60.00,61.00,0.8902,1,1
766,10,285.00,495.00,36.00,38.00,0.7709,1,1
766,14,464.00,251.00,37.00,30.00,0.8703,1,1
766,21,398.00,359.00,30.00,34.00,0.5131,1,1
766,24,660.00,375.00,80.00,80.00,0.9538,1,1
766,34,179.00,392.00,39.00,43.00,0.9488,1,1
766,65,178.00,401.00,39.00,38.00,0.2634,1,1
767,1,328.00,453.00,88.00,85.00,0.9405,1,1
767,2,750.00,288.00,78.00,62.00,0.9165,1,1
767,4,448.00,206.00,55.00,49.00,0.8887,1,1
767,5,156.00,357.00,60.00,60.00,0.9045,1,1
767,10,284.00,494.00,36.00,39.00,0.7891,1,1
767,14,465.00,251.00,36.00,30.00,0.8645,1,1
767,21,400.00,361.00,33.00,35.00,0.5003,1,1
767,24,661.00,374.00,79.00,81.00,0.9521,1,1
767,34,179.00,393.00,40.00,44.00,0.9403,1,1
767,43,1262.00,85.00,12.00,21.00,0.4003,1,1
767,65,178.00,403.00,39.00,38.00,0.2634,1,1
768,1,329.00,452.00,88.00,84.00,0.9419,1,1
768,2,750.00,288.00,78.00,62.00,0.9130,1,1
768,4,448.00,206.00,55.00,50.00,0.8847,1,1
768,5,157.00,358.00,59.00,59.00,0.9060,1,1
768,10,284.00,494.00,36.00,39.00,0.8438,1,1
768,14,466.00,252.00,35.00,29.00,0.8435,1,1
768,21,399.00,359.00,31.00,35.00,0.4611,1,1
768,24,662.00,374.00,79.00,81.00,0.9473,1,1
768,34,179.00,396.00,40.00,44.00,0.8722,1,1
768,37,190.00,529.00,54.00,30.00,0.5140,1,1
768,38,400.00,363.00,37.00,35.00,0.2615,1,1
768,43,1259.00,89.00,11.00,19.00,0.5805,1,1
769,1,331.00,451.00,87.00,84.00,0.9450,1,1
769,2,750.00,288.00,79.00,60.00,0.9152,1,1
769,4,449.00,205.00,55.00,51.00,0.8945,1,1
769,5,157.00,358.00,62.00,64.00,0.9023,1,1
769,10,282.00,496.00,37.00,38.00,0.4315,1,1
769,14,463.00,251.00,39.00,30.00,0.8925,1,1
769,21,402.00,370.00,35.00,31.00,0.5546,1,1
769,24,663.00,374.00,77.00,81.00,0.9450,1,1
769,26,181.00,395.00,40.00,45.00,0.8300,1,1
769,34,179.00,396.00,41.00,44.00,0.8722,1,1
769,37,204.00,537.00,44.00,31.00,0.7546,1,1
769,38,412.00,335.00,37.00,36.00,0.2615,1,1
769,43,1255.00,85.00,12.00,24.00,0.3764,1,1
770,1,333.00,451.00,85.00,83.00,0.9502,1,1
770,2,751.00,288.00,78.00,59.00,0.9116,1,1
770,4,449.00,205.00,55.00,51.00,0.8867,1,1
770,5,157.00,360.00,62.00,63.00,0.8945,1,1
770,10,283.00,495.00,36.00,38.00,0.5859,1,1
770,14,463.00,251.00,39.00,31.00,0.8713,1,1
770,21,401.00,367.00,35.00,32.00,0.5857,1,1
770,24,664.00,374.00,77.00,81.00,0.9403,1,1
770,26,182.00,395.00,39.00,46.00,0.7757,1,1
770,37,211.00,539.00,46.00,33.00,0.5482,1,1
770,43,1248.00,82.00,13.00,24.00,0.3764,1,1
770,65,182.00,409.00,38.00,33.00,0.3268,1,1
771,1,334.00,451.00,86.00,83.00,0.9508,1,1
771,2,751.00,287.00,79.00,60.00,0.9115,1,1
771,4,449.00,206.00,54.00,51.00,0.8871,1,1
771,5,159.00,362.00,61.00,65.00,0.8580,1,1
771,10,280.00,492.00,38.00,41.00,0.5718,1,1
771,14,463.00,252.00,39.00,30.00,0.8591,1,1
771,21,401.00,366.00,36.00,34.00,0.6301,1,1
771,24,665.00,374.00,79.00,81.00,0.9315,1,1
771,26,182.00,396.00,40.00,46.00,0.7757,1,1
771,34,184.00,400.00,38.00,42.00,0.7675,1,1
771,37,218.00,540.00,44.00,35.00,0.5775,1,1
771,65,184.00,412.00,37.00,31.00,0.2957,1,1
772,1,335.00,451.00,87.00,84.00,0.9479,1,1
772,2,751.00,287.00,79.00,60.00,0.9143,1,1
772,4,449.00,206.00,54.00,51.00,0.8875,1,1
772,5,160.00,363.00,60.00,63.00,0.8485,1,1
772,10,277.00,491.00,39.00,42.00,0.6254,1,1
772,14,464.00,252.00,38.00,30.00,0.8565,1,1
772,21,402.00,365.00,35.00,34.00,0.5796,1,1
772,24,666.00,374.00,79.00,81.00,0.9326,1,1
772,34,186.00,400.00,38.00,43.00,0.8349,1,1
772,37,225.00,544.00,40.00,31.00,0.8419,1,1
772,65,185.00,415.00,36.00,29.00,0.2957,1,1
773,1,336.00,452.00,87.00,82.00,0.9325,1,1
773,2,751.00,287.00,78.00,58.00,0.9117,1,1
773,4,448.00,206.00,55.00,51.00,0.8893,1,1
773,5,162.00,365.00,59.00,63.00,0.8611,1,1
773,10,279.00,492.00,39.00,40.00,0.5789,1,1
773,14,464.00,252.00,38.00,29.00,0.8553,1,1
773,21,402.00,366.00,35.00,34.00,0.5981,1,1
773,24,667.00,373.00,79.00,82.00,0.9279,1,1
773,26,188.00,400.00,38.00,44.00,0.7899,1,1
773,34,187.00,400.00,37.00,44.00,0.8349,1,1
773,37,231.00,548.00,40.00,33.00,0.8378,1,1
774,1,337.00,453.00,87.00,80.00,0.9239,1,1
774,2,752.00,286.00,78.00,58.00,0.9388,1,1
774,4,448.00,206.00,55.00,51.00,0.8922,1,1
774,5,164.00,367.00,57.00,63.00,0.8682,1,1
774,10,280.00,492.00,37.00,40.00,0.5111,1,1
774,14,464.00,252.00,38.00,29.00,0.8596,1,1
774,21,402.00,363.00,34.00,36.00,0.4269,1,1
774,24,669.00,373.00,79.00,82.00,0.9308,1,1
774,26,189.00,402.00,39.00,45.00,0.5976,1,1
774,37,232.00,551.00,44.00,39.00,0.8253,1,1
775,1,338.00,455.00,90.00,79.00,0.9136,1,1
775,2,752.00,284.00,78.00,60.00,0.9400,1,1
775,4,448.00,206.00,56.00,51.00,0.8900,1,1
775,5,165.00,369.00,57.00,61.00,0.8621,1,1
775,10,281.00,493.00,37.00,39.00,0.5385,1,1
775,14,463.00,252.00,38.00,29.00,0.8676,1,1
775,21,398.00,361.00,35.00,36.00,0.4506,1,1
775,24,670.00,373.00,79.00,82.00,0.9353,1,1
775,26,190.00,403.00,39.00,45.00,0.5976,1,1
775,34,191.00,411.00,39.00,37.00,0.7322,1,1
775,37,239.00,557.00,42.00,37.00,0.7334,1,1
775,65,195.00,435.00,30.00,26.00,0.4528,1,1
775,74,196.00,432.00,32.00,26.00,0.2573,1,1
776,1,340.00,458.00,92.00,79.00,0.9153,1,1
776,2,752.00,283.00,78.00,60.00,0.9360,1,1
776,4,448.00,206.00,55.00,51.00,0.8918,1,1
776,5,166.00,370.00,57.00,63.00,0.8566,1,1
776,10,279.00,493.00,38.00,40.00,0.4885,1,1
776,14,463.00,252.00,39.00,30.00,0.8715,1,1
776,21,397.00,360.00,34.00,36.00,0.5404,1,1
776,24,671.00,373.00,79.00,82.00,0.9373,1,1
776,26,193.00,409.00,40.00,40.00,0.8329,1,1
776,34,195.00,419.00,36.00,36.00,0.2832,1,1
776,37,243.00,557.00,40.00,37.00,0.7718,1,1
776,65,196.00,439.00,30.00,25.00,0.4528,1,1
776,74,195.00,427.00,34.00,32.00,0.6384,1,1
777,1,341.00,460.00,92.00,79.00,0.9218,1,1
777,2,752.00,281.00,80.00,60.00,0.9283,1,1
777,4,447.00,206.00,56.00,51.00,0.8893,1,1
777,5,167.00,370.00,57.00,65.00,0.8450,1,1
777,10,281.00,493.00,37.00,39.00,0.4693,1,1
777,14,462.00,252.00,40.00,30.00,0.8741,1,1
777,21,397.00,360.00,35.00,37.00,0.5506,1,1
777,24,671.00,373.00,80.00,82.00,0.9427,1,1
777,26,195.00,409.00,40.00,43.00,0.8463,1,1
777,34,195.00,415.00,39.00,37.00,0.3523,1,1
777,37,244.00,556.00,39.00,38.00,0.8523,1,1
777,74,198.00,424.00,33.00,32.00,0.6384,1,1
778,1,343.00,461.00,91.00,79.00,0.9253,1,1
778,2,753.00,281.00,79.00,60.00,0.9331,1,1
778,4,447.00,206.00,56.00,51.00,0.8876,1,1
778,5,168.00,371.00,56.00,65.00,0.8337,1,1
778,10,279.00,494.00,38.00,39.00,0.3387,1,1
778,14,462.00,252.00,40.00,30.00,0.8758,1,1
778,21,396.00,360.00,34.00,36.00,0.5127,1,1
778,24,672.00,373.00,80.00,81.00,0.9445,1,1
778,26,195.00,409.00,40.00,44.00,0.8209,1,1
778,34,196.00,414.00,38.00,39.00,0.4480,1,1
778,37,245.00,555.00,39.00,38.00,0.8311,1,1
779,1,344.00,462.00,92.00,82.00,0.9263,1,1
779,2,754.00,279.00,79.00,61.00,0.9296,1,1
779,4,447.00,207.00,56.00,50.00,0.8935,1,1
779,5,169.00,371.00,57.00,65.00,0.8450,1,1
779,10,281.00,493.00,37.00,40.00,0.2995,1,1
779,14,461.00,252.00,41.00,30.00,0.8754,1,1
779,21,396.00,360.00,32.00,37.00,0.4462,1,1
779,24,672.00,373.00,80.00,81.00,0.9435,1,1
779,26,196.00,410.00,40.00,44.00,0.7074,1,1
779,34,196.00,415.00,39.00,39.00,0.5065,1,1
779,37,248.00,555.00,40.00,40.00,0.8512,1,1
780,1,346.00,463.00,90.00,84.00,0.9226,1,1
780,2,754.00,278.00,79.00,61.00,0.9334,1,1
780,4,448.00,206.00,56.00,52.00,0.8887,1,1
780,5,168.00,371.00,59.00,66.00,0.8447,1,1
780,10,282.00,493.00,36.00,40.00,0.2995,1,1
780,14,462.00,252.00,40.00,29.00,0.8671,1,1
780,21,396.00,360.00,30.00,36.00,0.5091,1,1
780,24,673.00,373.00,80.00,81.00,0.9456,1,1
780,26,196.00,411.00,40.00,43.00,0.7452,1,1
780,34,196.00,415.00,39.00,39.00,0.4065,1,1
780,37,249.00,554.00,42.00,42.00,0.8465,1,1
781,1,348.00,465.00,90.00,83.00,0.9114,1,1
781,2,755.00,277.00,77.00,60.00,0.9295,1,1
781,4,447.00,206.00,57.00,53.00,0.8954,1,1
781,5,168.00,372.00,59.00,66.00,0.8468,1,1
781,14,461.00,252.00,40.00,30.00,0.8533,1,1
781,21,397.00,361.00,27.00,36.00,0.4060,1,1
781,24,672.00,373.00,81.00,80.00,0.9483,1,1
781,26,196.00,411.00,40.00,43.00,0.6806,1,1
781,34,197.00,416.00,38.00,38.00,0.3737,1,1
781,37,250.00,554.00,42.00,43.00,0.8518,1,1
782,1,350.00,466.00,89.00,84.00,0.9033,1,1
782,2,757.00,276.00,76.00,60.00,0.9201,1,1
782,4,446.00,208.00,58.00,52.00,0.8967,1,1
782,5,168.00,372.00,59.00,66.00,0.8382,1,1
782,14,461.00,253.00,40.00,29.00,0.8233,1,1
782,21,397.00,361.00,26.00,36.00,0.4060,1,1
782,24,673.00,372.00,80.00,80.00,0.9456,1,1
782,26,196.00,411.00,40.00,43.00,0.6641,1,1
782,34,197.00,416.00,38.00,39.00,0.3518,1,1
782,37,250.00,555.00,42.00,41.00,0.8470,1,1
783,1,351.00,471.00,90.00,82.00,0.9081,1,1
783,2,757.00,275.00,75.00,60.00,0.9086,1,1
783,4,446.00,208.00,58.00,52.00,0.9045,1,1
783,5,168.00,373.00,59.00,65.00,0.8490,1,1
783,14,463.00,252.00,39.00,29.00,0.8078,1,1
783,24,673.00,372.00,80.00,80.00,0.9471,1,1
783,26,196.00,411.00,40.00,44.00,0.6608,1,1
783,34,197.00,417.00,38.00,38.00,0.3296,1,1
783,37,250.00,554.00,42.00,41.00,0.8420,1,1
783,43,1231.00,52.00,16.00,26.00,0.6643,1,1
784,1,353.00,473.00,90.00,83.00,0.8990,1,1
784,2,758.00,274.00,75.00,60.00,0.9110,1,1
784,4,446.00,208.00,57.00,54.00,0.9098,1,1
784,5,167.00,373.00,61.00,66.00,0.8624,1,1
784,14,464.00,252.00,38.00,30.00,0.8083,1,1
784,24,672.00,372.00,82.00,80.00,0.9486,1,1
784,26,196.00,411.00,40.00,44.00,0.7299,1,1
784,34,198.00,417.00,38.00,39.00,0.3296,1,1
784,37,248.00,554.00,43.00,41.00,0.8514,1,1
784,43,1224.00,46.00,14.00,24.00,0.5601,1,1
785,1,353.00,477.00,92.00,81.00,0.9176,1,1
785,2,758.00,272.00,75.00,61.00,0.9076,1,1
785,4,444.00,209.00,58.00,53.00,0.9069,1,1
785,5,167.00,373.00,61.00,66.00,0.8647,1,1
785,14,462.00,253.00,38.00,31.00,0.8121,1,1
785,24,671.00,372.00,83.00,80.00,0.9484,1,1
785,26,196.00,411.00,40.00,44.00,0.7722,1,1
785,34,197.00,419.00,38.00,37.00,0.2506,1,1
785,37,248.00,555.00,42.00,41.00,0.8440,1,1
785,43,1221.00,42.00,14.00,25.00,0.5601,1,1
785,77,1290.00,53.00,17.00,31.00,0.3853,1,1
786,1,356.00,480.00,90.00,81.00,0.9308,1,1
786,2,758.00,272.00,76.00,61.00,0.9102,1,1
786,4,443.00,209.00,58.00,53.00,0.8961,1,1
786,5,167.00,373.00,61.00,66.00,0.8643,1,1
786,10,247.00,558.00,43.00,37.00,0.8176,1,1
786,14,460.00,254.00,39.00,31.00,0.7681,1,1
786,21,399.00,371.00,33.00,34.00,0.4152,1,1
786,24,671.00,372.00,83.00,79.00,0.9469,1,1
786,26,196.00,411.00,40.00,44.00,0.7884,1,1
786,34,197.00,419.00,38.00,37.00,0.2556,1,1
786,37,250.00,556.00,42.00,42.00,0.8440,1,1
786,77,1289.00,52.00,17.00,31.00,0.3853,1,1
787,1,357.00,482.00,91.00,81.00,0.9232,1,1
787,2,759.00,271.00,75.00,60.00,0.9106,1,1
787,4,442.00,209.00,57.00,54.00,0.8876,1,1
787,5,167.00,373.00,61.00,66.00,0.8623,1,1
787,10,244.00,560.00,46.00,36.00,0.7566,1,1
787,14,457.00,256.00,39.00,30.00,0.7513,1,1
787,21,399.00,371.00,32.00,34.00,0.4659,1,1
787,24,670.00,372.00,84.00,79.00,0.9484,1,1
787,26,196.00,411.00,40.00,44.00,0.7913,1,1
787,34,197.00,419.00,39.00,38.00,0.2556,1,1
788,1,358.00,484.00,90.00,81.00,0.9199,1,1
788,2,759.00,270.00,75.00,60.00,0.9236,1,1
788,4,442.00,209.00,55.00,56.00,0.8868,1,1
788,5,167.00,373.00,60.00,65.00,0.8658,1,1
788,10,243.00,559.00,46.00,38.00,0.7863,1,1
788,14,457.00,260.00,36.00,29.00,0.8036,1,1
788,21,398.00,372.00,31.00,33.00,0.6222,1,1
788,24,669.00,372.00,85.00,78.00,0.9515,1,1
788,26,196.00,411.00,40.00,43.00,0.8101,1,1
789,1,360.00,485.00,89.00,81.00,0.9166,1,1
789,2,759.00,269.00,75.00,60.00,0.9175,1,1
789,4,441.00,208.00,54.00,61.00,0.9019,1,1
789,5,167.00,372.00,61.00,65.00,0.8662,1,1
789,10,244.00,560.00,47.00,37.00,0.8211,1,1
789,14,453.00,261.00,39.00,28.00,0.8246,1,1
789,21,397.00,372.00,35.00,35.00,0.6612,1,1
789,24,668.00,372.00,86.00,78.00,0.9534,1,1
789,26,195.00,410.00,41.00,44.00,0.8423,1,1
790,1,362.00,486.00,88.00,81.00,0.9186,1,1
790,2,760.00,268.00,74.00,60.00,0.9137,1,1
790,4,440.00,208.00,53.00,62.00,0.8972,1,1
790,5,166.00,372.00,61.00,65.00,0.8762,1,1
790,10,242.00,563.00,46.00,34.00,0.8129,1,1
790,14,450.00,262.00,40.00,28.00,0.7751,1,1
790,21,397.00,373.00,36.00,35.00,0.5982,1,1
790,24,668.00,372.00,86.00,79.00,0.9553,1,1
790,26,195.00,409.00,40.00,45.00,0.8479,1,1
790,77,1267.00,49.00,14.00,28.00,0.2692,1,1
791,1,363.00,487.00,87.00,81.00,0.9244,1,1
791,2,760.00,268.00,74.00,59.00,0.9115,1,1
791,4,437.00,208.00,54.00,65.00,0.8922,1,1
791,5,166.00,372.00,61.00,64.00,0.8806,1,1
791,10,241.00,564.00,44.00,32.00,0.7862,1,1
791,14,447.00,264.00,39.00,26.00,0.7919,1,1
791,21,396.00,373.00,39.00,35.00,0.5942,1,1
791,24,667.00,372.00,87.00,79.00,0.9577,1,1
791,26,195.00,409.00,40.00,45.00,0.8567,1,1
791,37,278.00,494.00,39.00,41.00,0.2906,1,1
791,77,1262.00,48.00,15.00,28.00,0.2692,1,1
792,1,364.00,487.00,87.00,82.00,0.9295,1,1
792,2,759.00,267.00,75.00,60.00,0.9156,1,1
792,4,434.00,209.00,53.00,65.00,0.8893,1,1
792,5,166.00,372.00,61.00,63.00,0.8804,1,1
792,10,240.00,568.00,44.00,31.00,0.7862,1,1
792,14,446.00,266.00,37.00,24.00,0.7778,1,1
792,21,396.00,375.00,41.00,36.00,0.5407,1,1
792,24,667.00,373.00,87.00,78.00,0.9578,1,1
792,26,194.00,408.00,41.00,46.00,0.8422,1,1
792,37,278.00,494.00,39.00,40.00,0.3646,1,1
792,74,239.00,562.00,45.00,35.00,0.7267,1,1
793,1,365.00,488.00,87.00,81.00,0.9298,1,1
793,2,758.00,266.00,77.00,60.00,0.9205,1,1
793,4,432.00,210.00,52.00,66.00,0.8905,1,1
793,5,166.00,372.00,61.00,61.00,0.8765,1,1
793,14,442.00,266.00,39.00,24.00,0.7161,1,1
793,21,396.00,374.00,38.00,36.00,0.4839,1,1
793,24,667.00,373.00,87.00,79.00,0.9586,1,1
793,26,194.00,408.00,40.00,46.00,0.8649,1,1
793,37,278.00,494.00,39.00,40.00,0.3316,1,1
793,74,238.00,562.00,44.00,35.00,0.7202,1,1
794,1,366.00,487.00,89.00,83.00,0.9329,1,1
794,2,757.00,264.00,78.00,60.00,0.9229,1,1
794,4,430.00,211.00,51.00,65.00,0.9046,1,1
794,5,166.00,372.00,61.00,60.00,0.8724,1,1
794,10,239.00,564.00,43.00,32.00,0.7443,1,1
794,14,438.00,267.00,40.00,26.00,0.7170,1,1
794,21,393.00,374.00,40.00,35.00,0.2707,1,1
794,24,667.00,373.00,88.00,79.00,0.9598,1,1
794,26,193.00,407.00,39.00,46.00,0.8814,1,1
794,37,278.00,494.00,39.00,40.00,0.3776,1,1
794,43,1166.00,32.00,17.00,25.00,0.3389,1,1
794,74,240.00,569.00,45.00,35.00,0.7202,1,1
795,1,366.00,487.00,90.00,83.00,0.9317,1,1
795,2,756.00,263.00,79.00,60.00,0.9134,1,1
795,4,428.00,211.00,50.00,66.00,0.8935,1,1
795,5,165.00,372.00,61.00,60.00,0.8703,1,1
795,10,238.00,563.00,43.00,32.00,0.6892,1,1
795,14,433.00,269.00,43.00,26.00,0.6978,1,1
795,21,395.00,377.00,39.00,35.00,0.2618,1,1
795,24,667.00,373.00,88.00,80.00,0.9593,1,1
795,26,192.00,407.00,40.00,46.00,0.8931,1,1
795,37,278.00,493.00,38.00,41.00,0.4142,1,1
795,38,490.00,346.00,36.00,42.00,0.3658,1,1
795,43,1165.00,32.00,14.00,25.00,0.2875,1,1
796,1,367.00,489.00,90.00,82.00,0.9333,1,1
796,2,755.00,263.00,81.00,59.00,0.9160,1,1
796,4,424.00,211.00,52.00,66.00,0.8846,1,1
796,5,165.00,372.00,61.00,61.00,0.8691,1,1
796,10,239.00,561.00,44.00,34.00,0.6659,1,1
796,14,432.00,269.00,40.00,25.00,0.6565,1,1
796,21,394.00,378.00,36.00,33.00,0.3004,1,1
796,24,667.00,373.00,88.00,80.00,0.9601,1,1
796,26,191.00,408.00,40.00,45.00,0.8893,1,1
796,37,277.00,493.00,40.00,40.00,0.5603,1,1
796,38,492.00,345.00,36.00,43.00,0.3658,1,1
796,43,1164.00,33.00,14.00,26.00,0.6011,1,1
797,1,367.00,490.00,90.00,82.00,0.9338,1,1
797,2,755.00,262.00,83.00,59.00,0.8998,1,1
797,4,420.00,212.00,52.00,66.00,0.8925,1,1
797,5,165.00,372.00,60.00,60.00,0.8729,1,1
797,10,240.00,561.00,46.00,34.00,0.7478,1,1
797,14,431.00,271.00,39.00,24.00,0.6566,1,1
797,21,392.00,378.00,35.00,34.00,0.3795,1,1
797,24,667.00,373.00,88.00,80.00,0.9600,1,1
797,26,190.00,409.00,40.00,44.00,0.8936,1,1
797,37,279.00,493.00,37.00,40.00,0.4473,1,1
797,38,467.00,365.00,40.00,42.00,0.4483,1,1
797,43,1162.00,32.00,14.00,25.00,0.3324,1,1
798,1,367.00,492.00,91.00,82.00,0.9386,1,1
798,2,755.00,261.00,84.00,59.00,0.8972,1,1
798,4,418.00,213.00,51.00,64.00,0.9015,1,1
798,5,164.00,372.00,61.00,60.00,0.8718,1,1
798,10,238.00,557.00,47.00,35.00,0.7171,1,1
798,14,429.00,271.00,36.00,24.00,0.6880,1,1
798,21,386.00,377.00,37.00,34.00,0.5752,1,1
798,24,667.00,374.00,88.00,80.00,0.9609,1,1
798,26,189.00,408.00,40.00,45.00,0.9094,1,1
798,37,278.00,493.00,40.00,40.00,0.4899,1,1
798,38,462.00,373.00,38.00,45.00,0.4987,1,1
798,43,1158.00,31.00,14.00,25.00,0.3324,1,1
799,1,367.00,493.00,91.00,82.00,0.9392,1,1
799,2,755.00,261.00,85.00,59.00,0.8889,1,1
799,4,415.00,214.00,51.00,64.00,0.9040,1,1
799,5,164.00,371.00,60.00,61.00,0.8779,1,1
799,10,243.00,557.00,47.00,36.00,0.6355,1,1
799,14,422.00,272.00,41.00,25.00,0.7383,1,1
799,21,382.00,379.00,37.00,34.00,0.5609,1,1
799,24,667.00,374.00,88.00,80.00,0.9597,1,1
799,26,189.00,409.00,40.00,44.00,0.9184,1,1
799,37,278.00,493.00,40.00,40.00,0.5488,1,1
799,38,461.00,379.00,34.00,49.00,0.6786,1,1
799,43,1155.00,31.00,14.00,26.00,0.5518,1,1
800,1,367.00,494.00,92.00,83.00,0.9400,1,1
800,2,754.00,260.00,86.00,59.00,0.8631,1,1
800,4,412.00,214.00,51.00,65.00,0.8801,1,1
800,5,164.00,372.00,60.00,60.00,0.8788,1,1
800,10,242.00,555.00,47.00,37.00,0.3894,1,1
800,14,420.00,274.00,39.00,24.00,0.7183,1,1
800,21,382.00,379.00,33.00,35.00,0.5922,1,1
800,24,668.00,374.00,87.00,80.00,0.9583,1,1
800,26,188.00,409.00,40.00,44.00,0.9165,1,1
800,37,278.00,493.00,39.00,41.00,0.4225,1,1
800,38,461.00,381.00,35.00,49.00,0.7000,1,1
800,43,1151.00,30.00,16.00,24.00,0.4667,1,1
801,1,366.00,497.00,94.00,83.00,0.9251,1,1
801,2,755.00,260.00,85.00,59.00,0.8647,1,1
801,4,408.00,215.00,51.00,65.00,0.8803,1,1
801,5,163.00,371.00,61.00,61.00,0.8793,1,1
801,10,242.00,555.00,46.00,36.00,0.3977,1,1
801,14,418.00,274.00,39.00,24.00,0.6635,1,1
801,21,380.00,384.00,32.00,33.00,0.6495,1,1
801,24,668.00,374.00,87.00,81.00,0.9588,1,1
801,26,188.00,409.00,40.00,44.00,0.9185,1,1
801,37,278.00,493.00,40.00,41.00,0.4148,1,1
801,38,463.00,384.00,34.00,47.00,0.5214,1,1
801,43,1147.00,29.00,16.00,24.00,0.4667,1,1
802,1,366.00,498.00,95.00,83.00,0.9085,1,1
802,2,755.00,260.00,85.00,59.00,0.8643,1,1
802,4,404.00,216.00,52.00,64.00,0.9212,1,1
802,5,162.00,371.00,61.00,61.00,0.8825,1,1
802,10,240.00,554.00,46.00,36.00,0.7197,1,1
802,14,416.00,274.00,38.00,25.00,0.6946,1,1
802,21,376.00,383.00,32.00,35.00,0.7237,1,1
802,24,669.00,374.00,86.00,82.00,0.9562,1,1
802,26,187.00,410.00,40.00,42.00,0.9124,1,1
802,37,278.00,493.00,41.00,41.00,0.5507,1,1
802,38,464.00,382.00,32.00,46.00,0.3956,1,1
803,1,365.00,498.00,96.00,84.00,0.9086,1,1
803,2,756.00,259.00,85.00,58.00,0.8838,1,1
803,4,402.00,216.00,52.00,65.00,0.9167,1,1
803,5,162.00,371.00,61.00,61.00,0.8845,1,1
803,10,240.00,555.00,44.00,36.00,0.5845,1,1
803,14,413.00,274.00,39.00,26.00,0.6601,1,1
803,21,375.00,386.00,34.00,35.00,0.6680,1,1
803,24,670.00,374.00,85.00,82.00,0.9528,1,1
803,26,187.00,410.00,40.00,42.00,0.9052,1,1
803,37,278.00,493.00,40.00,41.00,0.6543,1,1
803,38,462.00,379.00,32.00,48.00,0.6251,1,1
803,43,1140.00,31.00,18.00,24.00,0.5028,1,1
804,1,366.00,499.00,95.00,83.00,0.9036,1,1
804,2,756.00,259.00,86.00,59.00,0.8752,1,1
804,4,400.00,217.00,51.00,65.00,0.9042,1,1
804,5,162.00,371.00,61.00,60.00,0.8872,1,1
804,10,238.00,556.00,46.00,35.00,0.5521,1,1
804,14,407.00,274.00,42.00,27.00,0.5865,1,1
804,21,374.00,389.00,35.00,35.00,0.6726,1,1
804,24,671.00,374.00,85.00,83.00,0.9540,1,1
804,26,187.00,410.00,40.00,41.00,0.8823,1,1
804,37,277.00,493.00,41.00,41.00,0.6715,1,1
804,38,461.00,379.00,34.00,48.00,0.5123,1,1
804,43,1140.00,33.00,18.00,24.00,0.6038,1,1
805,1,366.00,499.00,95.00,84.00,0.9072,1,1
805,2,756.00,259.00,86.00,58.00,0.8741,1,1
805,4,396.00,217.00,52.00,66.00,0.9036,1,1
805,5,161.00,371.00,61.00,60.00,0.8891,1,1
805,10,238.00,556.00,45.00,36.00,0.5521,1,1
805,14,405.00,275.00,40.00,25.00,0.5871,1,1
805,21,373.00,391.00,35.00,34.00,0.7394,1,1
805,24,672.00,375.00,84.00,82.00,0.9546,1,1
805,26,186.00,408.00,41.00,43.00,0.8879,1,1
805,37,278.00,493.00,40.00,41.00,0.6403,1,1
805,38,461.00,378.00,33.00,46.00,0.2784,1,1
805,43,1139.00,33.00,18.00,26.00,0.5248,1,1
806,1,366.00,500.00,94.00,83.00,0.9180,1,1
806,2,756.00,259.00,86.00,58.00,0.8758,1,1
806,4,392.00,218.00,54.00,65.00,0.9076,1,1
806,5,161.00,371.00,61.00,60.00,0.8884,1,1
806,10,241.00,559.00,46.00,36.00,0.4360,1,1
806,14,404.00,276.00,39.00,25.00,0.6340,1,1
806,21,373.00,393.00,34.00,33.00,0.7265,1,1
806,24,672.00,374.00,84.00,83.00,0.9538,1,1
806,26,186.00,407.00,40.00,44.00,0.8957,1,1
806,37,277.00,493.00,39.00,42.00,0.6559,1,1
806,38,458.00,382.00,31.00,41.00,0.5517,1,1
806,43,1139.00,35.00,15.00,26.00,0.3585,1,1
807,1,366.00,501.00,95.00,82.00,0.9261,1,1
807,2,757.00,259.00,85.00,58.00,0.8789,1,1
807,4,390.00,220.00,55.00,63.00,0.9105,1,1
807,5,161.00,370.00,61.00,61.00,0.8936,1,1
807,10,239.00,558.00,44.00,35.00,0.4887,1,1
807,14,403.00,276.00,38.00,26.00,0.6363,1,1
807,21,373.00,396.00,36.00,31.00,0.7556,1,1
807,24,672.00,374.00,84.00,84.00,0.9530,1,1
807,26,186.00,407.00,40.00,44.00,0.8978,1,1
807,34,397.00,272.00,43.00,28.00,0.2595,1,1
807,37,277.00,493.00,39.00,42.00,0.6296,1,1
807,38,456.00,383.00,31.00,43.00,0.6575,1,1
807,43,1136.00,35.00,18.00,26.00,0.3942,1,1
808,1,366.00,501.00,95.00,82.00,0.9232,1,1
808,2,757.00,259.00,86.00,59.00,0.8678,1,1
808,4,387.00,221.00,56.00,61.00,0.8999,1,1
808,5,161.00,370.00,61.00,60.00,0.8898,1,1
808,10,239.00,558.00,43.00,36.00,0.4887,1,1
808,14,400.00,277.00,38.00,25.00,0.7142,1,1
808,21,373.00,397.00,35.00,30.00,0.7312,1,1
808,24,673.00,374.00,83.00,84.00,0.9511,1,1
808,26,186.00,407.00,40.00,44.00,0.9092,1,1
808,34,407.00,265.00,43.00,28.00,0.2595,1,1
808,37,277.00,492.00,39.00,42.00,0.6002,1,1
808,38,454.00,384.00,31.00,42.00,0.6575,1,1
808,43,1134.00,35.00,18.00,26.00,0.3942,1,1
808,74,238.00,557.00,37.00,32.00,0.4676,1,1
809,1,367.00,501.00,95.00,83.00,0.9213,1,1
809,2,757.00,259.00,86.00,59.00,0.8533,1,1
809,4,384.00,222.00,58.00,59.00,0.8769,1,1
809,5,161.00,370.00,61.00,61.00,0.8912,1,1
809,10,237.00,556.00,38.00,35.00,0.4902,1,1
809,14,399.00,275.00,38.00,26.00,0.6273,1,1
809,21,373.00,396.00,35.00,31.00,0.7151,1,1
809,24,674.00,374.00,82.00,84.00,0.9505,1,1
809,26,186.00,407.00,40.00,44.00,0.9109,1,1
809,34,390.00,271.00,47.00,29.00,0.5076,1,1
809,37,276.00,493.00,40.00,42.00,0.5776,1,1
809,38,456.00,381.00,29.00,43.00,0.3393,1,1
809,74,239.00,557.00,36.00,33.00,0.4676,1,1
810,1,367.00,501.00,96.00,82.00,0.9164,1,1
810,2,758.00,259.00,86.00,59.00,0.8563,1,1
810,4,381.00,223.00,60.00,58.00,0.8917,1,1
810,5,160.00,371.00,62.00,59.00,0.8898,1,1
810,10,236.00,554.00,36.00,34.00,0.3855,1,1
810,14,394.00,275.00,42.00,26.00,0.6168,1,1
810,21,371.00,397.00,37.00,30.00,0.6763,1,1
810,24,674.00,374.00,82.00,83.00,0.9476,1,1
810,26,186.00,408.00,40.00,43.00,0.9137,1,1
810,34,399.00,267.00,47.00,29.00,0.5076,1,1
810,37,277.00,493.00,38.00,42.00,0.5816,1,1
810,38,454.00,382.00,30.00,42.00,0.3393,1,1
811,1,368.00,501.00,96.00,83.00,0.9189,1,1
811,2,758.00,258.00,86.00,61.00,0.8239,1,1
811,4,378.00,223.00,62.00,57.00,0.8956,1,1
811,5,160.00,370.00,62.00,61.00,0.8902,1,1
811,10,235.00,555.00,37.00,34.00,0.7151,1,1
811,14,394.00,275.00,39.00,27.00,0.7206,1,1
811,21,371.00,397.00,37.00,32.00,0.7941,1,1
811,24,674.00,374.00,82.00,84.00,0.9487,1,1
811,26,186.00,407.00,40.00,44.00,0.9138,1,1
811,37,277.00,493.00,38.00,42.00,0.5426,1,1
812,1,368.00,501.00,97.00,83.00,0.9159,1,1
812,2,758.00,258.00,87.00,62.00,0.8453,1,1
812,4,374.00,224.00,64.00,56.00,0.8972,1,1
812,5,161.00,370.00,61.00,60.00,0.8897,1,1
812,10,233.00,553.00,34.00,35.00,0.6687,1,1
812,14,392.00,274.00,39.00,29.00,0.7756,1,1
812,21,370.00,398.00,38.00,32.00,0.7736,1,1
812,24,674.00,374.00,83.00,84.00,0.9484,1,1
812,26,186.00,407.00,40.00,44.00,0.9101,1,1
812,37,277.00,494.00,38.00,40.00,0.5275,1,1
813,1,369.00,501.00,97.00,82.00,0.9114,1,1
813,2,758.00,259.00,88.00,61.00,0.8483,1,1
813,4,372.00,226.00,64.00,53.00,0.8983,1,1
813,5,160.00,370.00,62.00,61.00,0.8880,1,1
813,10,232.00,553.00,35.00,36.00,0.6865,1,1
813,14,390.00,274.00,39.00,28.00,0.8027,1,1
813,21,370.00,398.00,40.00,33.00,0.7687,1,1
813,24,674.00,374.00,83.00,84.00,0.9495,1,1
813,26,186.00,407.00,40.00,44.00,0.9044,1,1
813,37,277.00,493.00,38.00,41.00,0.5004,1,1
813,38,458.00,379.00,30.00,40.00,0.3130,1,1
814,1,369.00,501.00,97.00,83.00,0.9162,1,1
814,2,759.00,259.00,87.00,62.00,0.8403,1,1
814,4,370.00,226.00,65.00,53.00,0.9052,1,1
814,5,161.00,370.00,61.00,61.00,0.8857,1,1
814,10,230.00,551.00,35.00,37.00,0.6039,1,1
814,14,389.00,274.00,38.00,28.00,0.8320,1,1
814,21,371.00,399.00,42.00,32.00,0.6176,1,1
814,24,674.00,374.00,83.00,83.00,0.9475,1,1
814,26,186.00,407.00,40.00,44.00,0.9017,1,1
814,37,277.00,493.00,38.00,41.00,0.5340,1,1
814,38,461.00,378.00,29.00,39.00,0.6033,1,1
815,1,369.00,500.00,97.00,83.00,0.9154,1,1
815,2,759.00,260.00,87.00,61.00,0.8501,1,1
815,4,365.00,226.00,70.00,54.00,0.9148,1,1
815,5,160.00,370.00,62.00,61.00,0.8830,1,1
815,10,228.00,552.00,36.00,37.00,0.5641,1,1
815,14,389.00,273.00,37.00,28.00,0.8202,1,1
815,21,373.00,399.00,44.00,33.00,0.6470,1,1
815,24,674.00,374.00,83.00,83.00,0.9471,1,1
815,26,186.00,407.00,40.00,44.00,0.8944,1,1
815,34,378.00,271.00,47.00,29.00,0.4760,1,1
815,37,277.00,493.00,39.00,40.00,0.7242,1,1
815,38,462.00,378.00,29.00,41.00,0.5696,1,1
815,74,187.00,418.00,38.00,37.00,0.3742,1,1
816,1,368.00,500.00,98.00,82.00,0.9088,1,1
816,2,759.00,260.00,87.00,62.00,0.8567,1,1
816,4,363.00,228.00,69.00,52.00,0.9069,1,1
816,5,160.00,370.00,62.00,60.00,0.8862,1,1
816,10,225.00,551.00,39.00,37.00,0.6429,1,1
816,14,388.00,273.00,37.00,27.00,0.7799,1,1
816,21,375.00,399.00,42.00,32.00,0.6989,1,1
816,24,674.00,374.00,83.00,83.00,0.9463,1,1
816,26,186.00,407.00,40.00,44.00,0.9018,1,1
816,34,382.00,269.00,48.00,30.00,0.4760,1,1
816,37,276.00,492.00,38.00,41.00,0.6974,1,1
816,38,464.00,376.00,29.00,39.00,0.6529,1,1
816,74,186.00,418.00,38.00,37.00,0.3192,1,1
817,1,368.00,499.00,97.00,83.00,0.9103,1,1
817,2,760.00,262.00,85.00,61.00,0.8868,1,1
817,4,361.00,229.00,70.00,50.00,0.9030,1,1
817,5,160.00,370.00,62.00,60.00,0.8917,1,1
817,10,221.00,551.00,43.00,36.00,0.6333,1,1
817,14,387.00,272.00,37.00,28.00,0.7452,1,1
817,21,378.00,399.00,43.00,30.00,0.4029,1,1
817,24,674.00,374.00,83.00,84.00,0.9476,1,1
817,26,186.00,407.00,40.00,44.00,0.9108,1,1
817,37,275.00,491.00,40.00,42.00,0.7006,1,1
817,38,464.00,375.00,31.00,37.00,0.6342,1,1
817,74,183.00,408.00,37.00,37.00,0.3192,1,1
818,1,369.00,499.00,95.00,82.00,0.9041,1,1
818,2,761.00,263.00,84.00,60.00,0.9237,1,1
818,4,359.00,229.00,71.00,50.00,0.8996,1,1
818,5,160.00,370.00,61.00,60.00,0.8927,1,1
818,10,222.00,551.00,42.00,35.00,0.6805,1,1
818,14,387.00,272.00,37.00,27.00,0.7239,1,1
818,21,378.00,399.00,44.00,30.00,0.4029,1,1
818,24,674.00,374.00,82.00,84.00,0.9472,1,1
818,26,186.00,407.00,40.00,43.00,0.9166,1,1
818,37,272.00,491.00,42.00,43.00,0.6302,1,1
818,38,465.00,374.00,32.00,41.00,0.5571,1,1
819,1,369.00,498.00,96.00,82.00,0.9087,1,1
819,2,761.00,265.00,83.00,59.00,0.9338,1,1
819,4,359.00,229.00,71.00,50.00,0.8992,1,1
819,5,160.00,369.00,62.00,61.00,0.8915,1,1
819,10,226.00,550.00,38.00,39.00,0.4168,1,1
819,14,388.00,271.00,36.00,28.00,0.7131,1,1
819,24,675.00,375.00,81.00,83.00,0.9509,1,1
819,26,185.00,407.00,40.00,43.00,0.9219,1,1
819,37,270.00,490.00,43.00,45.00,0.6227,1,1
819,38,466.00,371.00,32.00,38.00,0.6420,1,1
820,1,369.00,497.00,96.00,83.00,0.9079,1,1
820,2,762.00,265.00,82.00,59.00,0.9267,1,1
820,4,358.00,229.00,73.00,49.00,0.8977,1,1
820,5,160.00,369.00,61.00,61.00,0.8918,1,1
820,10,233.00,552.00,39.00,40.00,0.6668,1,1
820,14,389.00,270.00,36.00,28.00,0.7187,1,1
820,24,675.00,375.00,81.00,83.00,0.9520,1,1
820,26,185.00,407.00,39.00,43.00,0.9200,1,1
820,37,268.00,490.00,44.00,44.00,0.6595,1,1
820,38,467.00,370.00,35.00,38.00,0.5021,1,1
821,1,369.00,496.00,96.00,83.00,0.9135,1,1
821,2,763.00,266.00,79.00,58.00,0.9278,1,1
821,4,358.00,229.00,73.00,47.00,0.9051,1,1
821,5,160.00,369.00,62.00,61.00,0.8928,1,1
821,10,232.00,552.00,44.00,39.00,0.8080,1,1
821,14,389.00,267.00,37.00,29.00,0.7368,1,1
821,24,675.00,375.00,81.00,83.00,0.9510,1,1
821,26,185.00,407.00,39.00,43.00,0.9197,1,1
821,37,268.00,490.00,45.00,43.00,0.6404,1,1
821,38,470.00,369.00,32.00,38.00,0.5487,1,1
822,1,368.00,496.00,97.00,83.00,0.9161,1,1
822,2,764.00,266.00,78.00,59.00,0.9229,1,1
822,4,359.00,228.00,72.00,47.00,0.8965,1,1
822,5,159.00,369.00,62.00,61.00,0.8903,1,1
822,10,227.00,549.00,44.00,42.00,0.6613,1,1
822,14,390.00,266.00,35.00,28.00,0.7185,1,1
822,24,674.00,375.00,82.00,83.00,0.9527,1,1
822,26,186.00,407.00,39.00,42.00,0.9249,1,1
822,37,266.00,489.00,47.00,44.00,0.6670,1,1
822,38,471.00,368.00,31.00,36.00,0.4133,1,1
823,1,368.00,495.00,96.00,84.00,0.9179,1,1
823,2,765.00,266.00,77.00,59.00,0.9193,1,1
823,4,360.00,226.00,73.00,47.00,0.8907,1,1
823,5,160.00,369.00,62.00,61.00,0.8886,1,1
823,10,233.00,551.00,39.00,41.00,0.7896,1,1
823,14,391.00,264.00,37.00,29.00,0.7307,1,1
823,24,674.00,375.00,83.00,83.00,0.9521,1,1
823,26,186.00,406.00,39.00,44.00,0.9120,1,1
823,37,266.00,490.00,47.00,43.00,0.7466,1,1
823,38,473.00,367.00,30.00,38.00,0.5109,1,1
824,1,367.00,494.00,96.00,83.00,0.9290,1,1
824,2,765.00,266.00,77.00,60.00,0.9176,1,1
824,4,361.00,226.00,73.00,46.00,0.8741,1,1
824,5,160.00,369.00,62.00,61.00,0.8925,1,1
824,10,232.00,549.00,45.00,45.00,0.6442,1,1
824,14,395.00,262.00,37.00,30.00,0.7717,1,1
824,24,673.00,375.00,83.00,83.00,0.9528,1,1
824,26,187.00,406.00,39.00,44.00,0.9109,1,1
824,37,266.00,489.00,46.00,43.00,0.6520,1,1
824,38,473.00,367.00,34.00,37.00,0.7225,1,1
825,1,367.00,493.00,96.00,84.00,0.9303,1,1
825,2,767.00,266.00,75.00,60.00,0.9190,1,1
825,4,363.00,225.00,72.00,46.00,0.8742,1,1
825,5,161.00,369.00,62.00,61.00,0.8828,1,1
825,10,233.00,549.00,53.00,49.00,0.3459,1,1
825,14,395.00,261.00,39.00,29.00,0.7811,1,1
825,24,673.00,375.00,83.00,83.00,0.9537,1,1
825,26,188.00,407.00,38.00,43.00,0.9013,1,1
825,37,268.00,489.00,44.00,44.00,0.5782,1,1
825,38,474.00,364.00,33.00,39.00,0.6476,1,1
826,1,367.00,492.00,96.00,83.00,0.9333,1,1
826,2,767.00,265.00,76.00,61.00,0.9193,1,1
826,4,365.00,224.00,71.00,46.00,0.8851,1,1
826,5,161.00,369.00,63.00,61.00,0.8843,1,1
826,10,243.00,553.00,46.00,45.00,0.7137,1,1
826,14,395.00,260.00,41.00,29.00,0.8074,1,1
826,24,672.00,375.00,84.00,83.00,0.9545,1,1
826,26,189.00,408.00,38.00,41.00,0.8788,1,1
826,37,269.00,489.00,44.00,43.00,0.4742,1,1
826,38,476.00,365.00,31.00,39.00,0.5515,1,1
827,1,367.00,492.00,94.00,81.00,0.9406,1,1
827,2,767.00,265.00,76.00,61.00,0.9219,1,1
827,4,369.00,222.00,69.00,46.00,0.8857,1,1
827,5,162.00,369.00,62.00,62.00,0.8844,1,1
827,10,250.00,553.00,43.00,44.00,0.6440,1,1
827,14,404.00,258.00,33.00,28.00,0.7604,1,1
827,24,671.00,375.00,85.00,83.00,0.9537,1,1
827,26,190.00,408.00,38.00,42.00,0.8910,1,1
827,37,267.00,489.00,46.00,43.00,0.4286,1,1
827,38,478.00,364.00,32.00,38.00,0.4472,1,1
828,1,367.00,491.00,95.00,81.00,0.9337,1,1
828,2,767.00,265.00,77.00,61.00,0.9206,1,1
828,4,371.00,221.00,69.00,45.00,0.8719,1,1
828,5,162.00,370.00,63.00,61.00,0.8844,1,1
828,10,253.00,553.00,43.00,45.00,0.7996,1,1
828,14,403.00,257.00,35.00,28.00,0.7739,1,1
828,24,671.00,375.00,85.00,83.00,0.9552,1,1
828,26,191.00,408.00,38.00,42.00,0.8671,1,1
828,37,268.00,490.00,45.00,43.00,0.3371,1,1
828,38,479.00,363.00,32.00,38.00,0.4472,1,1
829,1,367.00,490.00,94.00,82.00,0.9329,1,1
829,2,767.00,266.00,77.00,60.00,0.9191,1,1
829,4,371.00,220.00,71.00,45.00,0.8741,1,1
829,5,162.00,370.00,63.00,61.00,0.8833,1,1
829,10,255.00,556.00,41.00,41.00,0.8095,1,1
829,14,401.00,257.00,38.00,28.00,0.8204,1,1
829,24,670.00,375.00,85.00,83.00,0.9575,1,1
829,26,192.00,406.00,37.00,44.00,0.8527,1,1
829,37,267.00,489.00,46.00,43.00,0.3205,1,1
830,1,367.00,488.00,93.00,82.00,0.9307,1,1
830,2,768.00,266.00,75.00,60.00,0.9188,1,1
830,4,373.00,218.00,73.00,45.00,0.8905,1,1
830,5,162.00,370.00,63.00,59.00,0.8833,1,1
830,10,251.00,556.00,44.00,43.00,0.7300,1,1
830,14,406.00,254.00,37.00,29.00,0.7753,1,1
830,21,415.00,252.00,31.00,29.00,0.2767,1,1
830,24,670.00,376.00,86.00,82.00,0.9583,1,1
830,26,193.00,405.00,37.00,44.00,0.8687,1,1
830,37,268.00,490.00,45.00,42.00,0.4513,1,1
831,1,367.00,488.00,92.00,82.00,0.9357,1,1
831,2,767.00,265.00,77.00,61.00,0.9225,1,1
831,4,377.00,217.00,71.00,44.00,0.9023,1,1
831,5,163.00,370.00,64.00,59.00,0.8824,1,1
831,10,247.00,554.00,46.00,45.00,0.4996,1,1
831,14,408.00,252.00,37.00,28.00,0.6300,1,1
831,21,417.00,251.00,31.00,29.00,0.7579,1,1
831,24,670.00,376.00,85.00,83.00,0.9585,1,1
831,26,193.00,407.00,37.00,42.00,0.9111,1,1
831,37,268.00,491.00,45.00,42.00,0.4622,1,1
831,38,485.00,360.00,29.00,36.00,0.3320,1,1
832,1,366.00,487.00,92.00,81.00,0.9317,1,1
832,2,767.00,266.00,77.00,60.00,0.9224,1,1
832,4,379.00,216.00,70.00,44.00,0.9102,1,1
832,5,163.00,371.00,64.00,58.00,0.8868,1,1
832,10,248.00,554.00,46.00,45.00,0.4996,1,1
832,14,409.00,251.00,37.00,28.00,0.6300,1,1
832,21,421.00,250.00,29.00,30.00,0.8205,1,1
832,24,670.00,376.00,85.00,83.00,0.9586,1,1
832,26,194.00,407.00,37.00,42.00,0.9210,1,1
832,37,269.00,491.00,45.00,42.00,0.6384,1,1
832,38,485.00,358.00,31.00,35.00,0.4030,1,1
833,1,366.00,487.00,91.00,79.00,0.9233,1,1
833,2,768.00,266.00,76.00,60.00,0.9252,1,1
833,4,383.00,214.00,68.00,45.00,0.9007,1,1
833,5,164.00,371.00,64.00,58.00,0.8886,1,1
833,14,423.00,249.00,30.00,28.00,0.8621,1,1
833,21,424.00,244.00,27.00,30.00,0.8205,1,1
833,24,670.00,376.00,85.00,83.00,0.9600,1,1
833,26,195.00,407.00,37.00,44.00,0.9133,1,1
833,37,266.00,492.00,47.00,41.00,0.6340,1,1
833,38,485.00,357.00,32.00,36.00,0.4355,1,1
834,1,366.00,485.00,89.00,81.00,0.9190,1,1
834,2,767.00,266.00,76.00,60.00,0.9246,1,1
834,4,384.00,213.00,71.00,45.00,0.8993,1,1
834,5,164.00,371.00,64.00,59.00,0.8863,1,1
834,14,421.00,249.00,32.00,28.00,0.8630,1,1
834,24,670.00,377.00,85.00,82.00,0.9615,1,1
834,26,196.00,408.00,36.00,44.00,0.9100,1,1
834,37,267.00,492.00,46.00,41.00,0.6407,1,1
834,38,486.00,355.00,32.00,34.00,0.4176,1,1
835,1,366.00,485.00,88.00,80.00,0.9120,1,1
835,2,767.00,266.00,77.00,60.00,0.9261,1,1
835,4,385.00,212.00,72.00,44.00,0.8981,1,1
835,5,164.00,372.00,65.00,59.00,0.8903,1,1
835,14,420.00,247.00,35.00,28.00,0.8827,1,1
835,24,670.00,377.00,85.00,82.00,0.9621,1,1
835,26,195.00,410.00,37.00,43.00,0.9050,1,1
835,37,269.00,492.00,44.00,41.00,0.5845,1,1
835,38,488.00,352.00,32.00,36.00,0.3396,1,1
836,1,366.00,484.00,88.00,81.00,0.9074,1,1
836,2,767.00,266.00,76.00,60.00,0.9277,1,1
836,4,388.00,210.00,70.00,43.00,0.8905,1,1
836,5,164.00,372.00,66.00,61.00,0.8986,1,1
836,14,419.00,247.00,38.00,27.00,0.8376,1,1
836,24,669.00,378.00,86.00,81.00,0.9634,1,1
836,26,194.00,412.00,38.00,42.00,0.8897,1,1
836,37,269.00,492.00,44.00,41.00,0.6043,1,1
836,38,491.00,350.00,32.00,37.00,0.4127,1,1
837,1,365.00,485.00,89.00,78.00,0.9007,1,1
837,2,767.00,266.00,76.00,60.00,0.9286,1,1
837,4,392.00,208.00,68.00,44.00,0.8929,1,1
837,5,164.00,373.00,66.00,60.00,0.9003,1,1
837,14,420.00,246.00,38.00,27.00,0.8376,1,1
837,21,421.00,245.00,38.00,29.00,0.8183,1,1
837,24,669.00,378.00,86.00,81.00,0.9621,1,1
837,26,193.00,413.00,38.00,41.00,0.8656,1,1
837,37,269.00,492.00,44.00,41.00,0.6514,1,1
837,38,493.00,351.00,33.00,36.00,0.6395,1,1
838,1,365.00,485.00,89.00,78.00,0.9082,1,1
838,2,767.00,267.00,76.00,59.00,0.9254,1,1
838,4,395.00,207.00,67.00,44.00,0.8912,1,1
838,5,163.00,374.00,67.00,62.00,0.8955,1,1
838,21,421.00,243.00,39.00,31.00,0.7905,1,1
838,24,668.00,378.00,87.00,81.00,0.9610,1,1
838,26,192.00,414.00,39.00,41.00,0.8574,1,1
838,37,266.00,493.00,46.00,39.00,0.6540,1,1
838,38,493.00,348.00,34.00,39.00,0.3483,1,1
839,1,365.00,485.00,89.00,78.00,0.9084,1,1
839,2,766.00,267.00,77.00,60.00,0.9247,1,1
839,4,397.00,206.00,66.00,43.00,0.8933,1,1
839,5,163.00,374.00,68.00,63.00,0.8810,1,1
839,21,426.00,242.00,35.00,32.00,0.8161,1,1
839,24,667.00,379.00,88.00,80.00,0.9606,1,1
839,26,191.00,416.00,40.00,39.00,0.8548,1,1
839,37,266.00,493.00,46.00,39.00,0.6478,1,1
839,38,494.00,347.00,35.00,39.00,0.3483,1,1
840,1,366.00,484.00,86.00,78.00,0.9074,1,1
840,2,766.00,267.00,77.00,60.00,0.9261,1,1
840,4,399.00,206.00,65.00,43.00,0.9070,1,1
840,5,162.00,374.00,68.00,62.00,0.8725,1,1
840,21,428.00,242.00,34.00,32.00,0.7648,1,1
840,24,667.00,379.00,88.00,80.00,0.9600,1,1
840,26,191.00,415.00,40.00,40.00,0.8579,1,1
840,37,266.00,493.00,46.00,39.00,0.6768,1,1
841,1,367.00,484.00,86.00,78.00,0.9076,1,1
841,2,766.00,267.00,77.00,60.00,0.9283,1,1
841,4,400.00,205.00,65.00,43.00,0.9017,1,1
841,5,162.00,374.00,67.00,62.00,0.8851,1,1
841,21,427.00,242.00,36.00,32.00,0.7945,1,1
841,24,666.00,380.00,89.00,79.00,0.9573,1,1
841,26,191.00,415.00,39.00,41.00,0.8553,1,1
841,37,266.00,493.00,46.00,39.00,0.6762,1,1
841,38,503.00,348.00,32.00,36.00,0.5169,1,1
842,1,366.00,484.00,88.00,79.00,0.9081,1,1
842,2,766.00,268.00,77.00,59.00,0.9301,1,1
842,4,400.00,205.00,65.00,43.00,0.9083,1,1
842,5,161.00,375.00,67.00,62.00,0.8933,1,1
842,21,428.00,241.00,36.00,33.00,0.8353,1,1
842,24,666.00,380.00,89.00,80.00,0.9539,1,1
842,26,190.00,415.00,39.00,40.00,0.8512,1,1
842,37,265.00,492.00,47.00,40.00,0.6717,1,1
842,38,504.00,346.00,33.00,38.00,0.7869,1,1
843,1,367.00,483.00,87.00,82.00,0.9136,1,1
843,2,766.00,268.00,77.00,60.00,0.9300,1,1
843,4,401.00,205.00,64.00,43.00,0.9037,1,1
843,5,161.00,374.00,67.00,64.00,0.8943,1,1
843,21,428.00,240.00,36.00,34.00,0.8070,1,1
843,24,666.00,380.00,88.00,80.00,0.9553,1,1
843,26,190.00,415.00,38.00,40.00,0.8768,1,1
843,34,759.00,378.00,25.00,41.00,0.4013,1,1
843,37,264.00,492.00,48.00,40.00,0.7114,1,1
843,38,506.00,346.00,32.00,36.00,0.7310,1,1
843,74,468.00,369.00,48.00,29.00,0.4446,1,1
844,1,367.00,484.00,87.00,82.00,0.9124,1,1
844,2,766.00,268.00,77.00,60.00,0.9292,1,1
844,4,402.00,205.00,63.00,42.00,0.9017,1,1
844,5,160.00,374.00,67.00,64.00,0.8977,1,1
844,21,428.00,238.00,37.00,35.00,0.7971,1,1
844,24,665.00,380.00,89.00,81.00,0.9501,1,1
844,26,189.00,414.00,39.00,41.00,0.8782,1,1
844,34,757.00,379.00,28.00,42.00,0.6561,1,1
844,37,264.00,492.00,48.00,40.00,0.6603,1,1
844,38,509.00,347.00,31.00,36.00,0.7459,1,1
844,74,470.00,369.00,48.00,31.00,0.7144,1,1
845,1,367.00,484.00,88.00,82.00,0.9092,1,1
845,2,766.00,268.00,77.00,60.00,0.9288,1,1
845,4,403.00,205.00,63.00,42.00,0.9029,1,1
845,5,160.00,374.00,66.00,64.00,0.9007,1,1
845,21,429.00,238.00,36.00,35.00,0.8105,1,1
845,24,665.00,380.00,89.00,81.00,0.9461,1,1
845,26,189.00,414.00,38.00,41.00,0.8615,1,1
845,34,757.00,381.00,27.00,43.00,0.5812,1,1
845,37,267.00,492.00,45.00,41.00,0.6461,1,1
845,38,509.00,345.00,34.00,36.00,0.4207,1,1
845,74,470.00,369.00,49.00,31.00,0.6581,1,1
846,1,367.00,485.00,87.00,81.00,0.9112,1,1
846,2,766.00,269.00,77.00,59.00,0.9290,1,1
846,4,404.00,205.00,62.00,42.00,0.9062,1,1
846,5,160.00,375.00,66.00,64.00,0.8975,1,1
846,10,249.00,564.00,42.00,31.00,0.4004,1,1
846,21,430.00,237.00,35.00,35.00,0.8218,1,1
846,24,663.00,381.00,90.00,81.00,0.9423,1,1
846,26,189.00,415.00,38.00,40.00,0.8517,1,1
846,34,757.00,383.00,27.00,43.00,0.3346,1,1
846,37,265.00,492.00,48.00,40.00,0.6633,1,1
846,38,511.00,344.00,34.00,36.00,0.6321,1,1
846,74,472.00,369.00,46.00,34.00,0.7945,1,1
847,1,367.00,484.00,88.00,82.00,0.9106,1,1
847,2,765.00,269.00,77.00,59.00,0.9309,1,1
847,4,404.00,205.00,62.00,42.00,0.9059,1,1
847,5,159.00,375.00,67.00,64.00,0.8939,1,1
847,10,247.00,564.00,42.00,31.00,0.3739,1,1
847,21,431.00,237.00,35.00,33.00,0.8425,1,1
847,24,662.00,381.00,89.00,81.00,0.9407,1,1
847,26,189.00,415.00,38.00,40.00,0.8477,1,1
847,34,769.00,387.00,26.00,43.00,0.3346,1,1
847,37,265.00,493.00,48.00,39.00,0.6756,1,1
847,38,513.00,343.00,32.00,36.00,0.4470,1,1
847,74,472.00,369.00,44.00,31.00,0.6988,1,1
848,1,367.00,484.00,89.00,82.00,0.9090,1,1
848,2,765.00,269.00,77.00,59.00,0.9297,1,1
848,4,406.00,204.00,60.00,43.00,0.9039,1,1
848,5,159.00,375.00,67.00,64.00,0.8951,1,1
848,10,249.00,564.00,40.00,33.00,0.5125,1,1
848,21,432.00,237.00,34.00,33.00,0.8246,1,1
848,24,660.00,381.00,89.00,81.00,0.9457,1,1
848,26,188.00,415.00,38.00,40.00,0.8548,1,1
848,37,266.00,493.00,47.00,38.00,0.6907,1,1
848,38,513.00,343.00,32.00,35.00,0.3928,1,1
848,74,473.00,371.00,42.00,33.00,0.6547,1,1
849,1,367.00,484.00,89.00,81.00,0.9070,1,1
849,2,764.00,269.00,78.00,59.00,0.9248,1,1
849,4,406.00,203.00,60.00,45.00,0.9058,1,1
849,5,159.00,375.00,67.00,64.00,0.8923,1,1
849,10,248.00,563.00,40.00,35.00,0.6101,1,1
849,21,432.00,237.00,34.00,33.00,0.8613,1,1
849,24,658.00,381.00,87.00,82.00,0.9511,1,1
849,26,189.00,415.00,37.00,39.00,0.8558,1,1
849,37,266.00,493.00,47.00,39.00,0.7421,1,1
849,38,515.00,342.00,31.00,35.00,0.4752,1,1
849,74,475.00,372.00,41.00,37.00,0.7266,1,1
850,1,367.00,485.00,89.00,79.00,0.9055,1,1
850,2,764.00,269.00,78.00,59.00,0.9263,1,1
850,4,408.00,203.00,57.00,44.00,0.9001,1,1
850,5,159.00,376.00,67.00,63.00,0.8933,1,1
850,10,243.00,561.00,41.00,36.00,0.6516,1,1
850,21,431.00,236.00,35.00,34.00,0.8710,1,1
850,24,656.00,382.00,86.00,81.00,0.9573,1,1
850,26,188.00,415.00,38.00,39.00,0.8608,1,1
850,37,266.00,493.00,47.00,38.00,0.7276,1,1
850,38,515.00,342.00,31.00,36.00,0.5216,1,1
850,74,476.00,373.00,41.00,37.00,0.7585,1,1
851,1,367.00,484.00,90.00,80.00,0.9069,1,1
851,2,763.00,269.00,79.00,59.00,0.9231,1,1
851,4,408.00,203.00,57.00,42.00,0.8849,1,1
851,5,159.00,375.00,66.00,63.00,0.8885,1,1
851,10,239.00,559.00,37.00,34.00,0.6990,1,1
851,21,429.00,236.00,37.00,34.00,0.8902,1,1
851,24,654.00,382.00,86.00,82.00,0.9616,1,1
851,26,188.00,415.00,38.00,39.00,0.8502,1,1
851,37,267.00,492.00,46.00,39.00,0.7415,1,1
851,38,514.00,342.00,32.00,36.00,0.4188,1,1
851,74,477.00,373.00,44.00,38.00,0.7787,1,1
852,1,367.00,484.00,89.00,81.00,0.9174,1,1
852,2,763.00,269.00,78.00,59.00,0.9227,1,1
852,4,409.00,203.00,54.00,42.00,0.8811,1,1
852,5,159.00,375.00,66.00,63.00,0.8900,1,1
852,10,237.00,558.00,37.00,34.00,0.6090,1,1
852,21,427.00,236.00,38.00,34.00,0.8798,1,1
852,24,652.00,382.00,84.00,82.00,0.9546,1,1
852,26,187.00,414.00,39.00,40.00,0.8758,1,1
852,37,267.00,492.00,45.00,38.00,0.7248,1,1
852,38,514.00,343.00,32.00,36.00,0.4769,1,1
852,74,478.00,373.00,45.00,39.00,0.7472,1,1
853,1,368.00,484.00,89.00,81.00,0.9267,1,1
853,2,762.00,269.00,79.00,59.00,0.9226,1,1
853,4,409.00,203.00,52.00,41.00,0.8698,1,1
853,5,159.00,375.00,66.00,62.00,0.8870,1,1
853,10,236.00,556.00,38.00,36.00,0.5746,1,1
853,14,190.00,413.00,34.00,30.00,0.2783,1,1
853,21,424.00,236.00,39.00,34.00,0.8909,1,1
853,24,652.00,381.00,84.00,83.00,0.9474,1,1
853,26,187.00,414.00,38.00,39.00,0.8886,1,1
853,34,573.00,515.00,32.00,32.00,0.2810,1,1
853,37,268.00,492.00,45.00,39.00,0.7181,1,1
853,38,512.00,341.00,34.00,40.00,0.6857,1,1
853,74,482.00,373.00,43.00,40.00,0.7564,1,1
854,1,368.00,483.00,90.00,80.00,0.9247,1,1
854,2,762.00,269.00,79.00,59.00,0.9189,1,1
854,4,408.00,203.00,53.00,39.00,0.8567,1,1
854,5,159.00,374.00,66.00,63.00,0.8933,1,1
854,10,233.00,556.00,41.00,36.00,0.4424,1,1
854,14,190.00,413.00,34.00,31.00,0.3000,1,1
854,21,423.00,236.00,39.00,34.00,0.9045,1,1
854,24,653.00,382.00,83.00,81.00,0.9542,1,1
854,26,187.00,414.00,38.00,39.00,0.8891,1,1
854,34,560.00,511.00,32.00,33.00,0.4430,1,1
854,37,269.00,492.00,44.00,39.00,0.7609,1,1
854,38,511.00,339.00,33.00,40.00,0.5161,1,1
854,74,482.00,372.00,44.00,41.00,0.7834,1,1
855,1,369.00,484.00,90.00,79.00,0.9235,1,1
855,2,762.00,268.00,78.00,60.00,0.9143,1,1
855,4,408.00,202.00,52.00,41.00,0.8641,1,1
855,5,159.00,374.00,66.00,63.00,0.8968,1,1
855,10,232.00,555.00,41.00,37.00,0.4424,1,1
855,14,190.00,413.00,34.00,31.00,0.3381,1,1
855,21,423.00,236.00,39.00,34.00,0.9091,1,1
855,24,658.00,381.00,82.00,82.00,0.9646,1,1
855,26,186.00,413.00,39.00,40.00,0.8917,1,1
855,34,554.00,512.00,30.00,32.00,0.3837,1,1
855,37,269.00,491.00,44.00,40.00,0.7322,1,1
855,38,510.00,337.00,34.00,41.00,0.6933,1,1
855,74,482.00,371.00,44.00,41.00,0.8103,1,1
856,1,369.00,483.00,91.00,79.00,0.9285,1,1
856,2,761.00,269.00,79.00,59.00,0.9124,1,1
856,4,407.00,202.00,52.00,42.00,0.8681,1,1
856,5,159.00,373.00,65.00,63.00,0.9009,1,1
856,10,235.00,551.00,38.00,34.00,0.3800,1,1
856,14,189.00,412.00,35.00,33.00,0.3156,1,1
856,21,425.00,234.00,38.00,35.00,0.9096,1,1
856,24,664.00,381.00,80.00,81.00,0.9375,1,1
856,26,185.00,412.00,40.00,42.00,0.9074,1,1
856,34,545.00,521.00,31.00,33.00,0.3837,1,1
856,37,270.00,491.00,43.00,40.00,0.6282,1,1
856,38,508.00,336.00,35.00,41.00,0.6979,1,1
856,74,484.00,371.00,43.00,41.00,0.8101,1,1
857,1,369.00,482.00,91.00,80.00,0.9294,1,1
857,2,760.00,269.00,79.00,59.00,0.9148,1,1
857,4,406.00,203.00,55.00,43.00,0.8695,1,1
857,5,159.00,373.00,65.00,62.00,0.9045,1,1
857,10,236.00,553.00,37.00,32.00,0.5073,1,1
857,14,185.00,420.00,35.00,33.00,0.3156,1,1
857,21,430.00,232.00,35.00,36.00,0.9037,1,1
857,24,670.00,380.00,82.00,81.00,0.9625,1,1
857,26,184.00,412.00,40.00,42.00,0.9110,1,1
857,37,269.00,491.00,44.00,40.00,0.6411,1,1
857,38,507.00,335.00,36.00,40.00,0.6769,1,1
857,74,483.00,370.00,43.00,43.00,0.7987,1,1
858,1,370.00,482.00,90.00,79.00,0.9307,1,1
858,2,760.00,269.00,79.00,59.00,0.9218,1,1
858,4,403.00,203.00,61.00,45.00,0.8939,1,1
858,5,158.00,372.00,65.00,61.00,0.9086,1,1
858,10,236.00,553.00,36.00,33.00,0.5368,1,1
858,21,433.00,232.00,34.00,35.00,0.9026,1,1
858,24,676.00,378.00,84.00,83.00,0.9446,1,1
858,26,184.00,411.00,40.00,42.00,0.9062,1,1
858,34,561.00,509.00,29.00,32.00,0.3335,1,1
858,37,269.00,491.00,44.00,40.00,0.6328,1,1
858,38,506.00,334.00,36.00,39.00,0.6871,1,1
858,74,482.00,372.00,45.00,41.00,0.7591,1,1
859,1,370.00,482.00,91.00,78.00,0.9275,1,1
859,2,760.00,269.00,79.00,59.00,0.9192,1,1
859,4,399.00,204.00,65.00,46.00,0.9150,1,1
859,5,158.00,371.00,64.00,62.00,0.9059,1,1
859,10,236.00,552.00,33.00,36.00,0.4616,1,1
859,21,431.00,232.00,35.00,33.00,0.8897,1,1
859,24,689.00,376.00,81.00,84.00,0.9538,1,1
859,26,184.00,409.00,39.00,44.00,0.9215,1,1
859,34,556.00,517.00,30.00,31.00,0.3335,1,1
859,37,269.00,491.00,44.00,42.00,0.6272,1,1
859,38,507.00,332.00,34.00,38.00,0.6145,1,1
859,74,482.00,371.00,44.00,41.00,0.7682,1,1
860,1,370.00,482.00,91.00,77.00,0.9258,1,1
860,2,760.00,269.00,79.00,59.00,0.9183,1,1
860,4,395.00,203.00,68.00,49.00,0.9139,1,1
860,5,157.00,370.00,64.00,62.00,0.8932,1,1
860,10,234.00,550.00,34.00,36.00,0.5740,1,1
860,21,429.00,232.00,37.00,33.00,0.8365,1,1
860,24,701.00,373.00,81.00,87.00,0.9452,1,1
860,26,184.00,409.00,38.00,43.00,0.9379,1,1
860,37,269.00,491.00,44.00,41.00,0.5442,1,1
860,38,506.00,332.00,35.00,37.00,0.6663,1,1
860,74,481.00,371.00,44.00,40.00,0.7922,1,1
861,1,371.00,481.00,90.00,78.00,0.9292,1,1
861,2,759.00,269.00,80.00,59.00,0.9199,1,1
861,4,393.00,203.00,69.00,49.00,0.9140,1,1
861,5,157.00,369.00,64.00,62.00,0.8950,1,1
861,10,234.00,550.00,44.00,34.00,0.3266,1,1
861,21,436.00,228.00,31.00,34.00,0.6452,1,1
861,24,714.00,372.00,81.00,87.00,0.9389,1,1
861,26,184.00,408.00,38.00,42.00,0.9453,1,1
861,37,269.00,490.00,44.00,42.00,0.5247,1,1
861,38,504.00,330.00,36.00,37.00,0.7268,1,1
861,74,481.00,371.00,43.00,39.00,0.7965,1,1
862,1,372.00,481.00,89.00,77.00,0.9312,1,1
862,2,759.00,269.00,80.00,59.00,0.9141,1,1
862,4,392.00,202.00,71.00,51.00,0.8910,1,1
862,5,157.00,368.00,63.00,62.00,0.8909,1,1
862,10,233.00,550.00,45.00,33.00,0.3266,1,1
862,21,433.00,232.00,32.00,32.00,0.6231,1,1
862,24,726.00,372.00,80.00,87.00,0.9304,1,1
862,26,183.00,408.00,39.00,41.00,0.9406,1,1
862,37,268.00,490.00,45.00,43.00,0.5782,1,1
862,38,503.00,329.00,37.00,37.00,0.6071,1,1
862,74,479.00,372.00,43.00,40.00,0.7751,1,1
862,83,434.00,225.00,30.00,34.00,0.3174,1,1
863,1,372.00,481.00,89.00,77.00,0.9281,1,1
863,2,759.00,270.00,80.00,57.00,0.9097,1,1
863,4,391.00,202.00,74.00,50.00,0.8916,1,1
863,5,156.00,368.00,63.00,61.00,0.8878,1,1
863,21,434.00,232.00,32.00,32.00,0.5146,1,1
863,24,737.00,371.00,83.00,87.00,0.9419,1,1
863,26,183.00,407.00,38.00,41.00,0.9400,1,1
863,37,266.00,491.00,47.00,44.00,0.6686,1,1
863,38,501.00,327.00,38.00,36.00,0.5339,1,1
863,74,479.00,372.00,43.00,39.00,0.7571,1,1
863,83,434.00,225.00,32.00,33.00,0.2735,1,1
864,1,371.00,481.00,90.00,76.00,0.9306,1,1
864,2,759.00,270.00,80.00,57.00,0.9040,1,1
864,4,392.00,201.00,74.00,51.00,0.8947,1,1
864,5,156.00,368.00,64.00,61.00,0.8879,1,1
864,21,434.00,234.00,31.00,30.00,0.5356,1,1
864,24,748.00,367.00,84.00,88.00,0.9344,1,1
864,26,184.00,407.00,37.00,39.00,0.9349,1,1
864,37,268.00,491.00,45.00,45.00,0.5677,1,1
864,38,500.00,326.00,40.00,34.00,0.6424,1,1
864,74,479.00,372.00,43.00,39.00,0.7172,1,1
864,83,435.00,224.00,32.00,33.00,0.2735,1,1
865,1,371.00,481.00,90.00,76.00,0.9303,1,1
865,2,759.00,270.00,80.00,57.00,0.9006,1,1
865,4,392.00,201.00,74.00,51.00,0.8926,1,1
865,5,156.00,368.00,66.00,60.00,0.8879,1,1
865,21,434.00,234.00,31.00,30.00,0.5356,1,1
865,24,759.00,366.00,81.00,87.00,0.9415,1,1
865,26,184.00,407.00,38.00,38.00,0.9303,1,1
865,37,268.00,491.00,45.00,45.00,0.6107,1,1
865,38,501.00,326.00,38.00,30.00,0.7306,1,1
865,74,478.00,372.00,42.00,38.00,0.6894,1,1
865,83,434.00,234.00,31.00,30.00,0.5191,1,1
866,1,371.00,481.00,90.00,76.00,0.9288,1,1
866,2,759.00,270.00,80.00,56.00,0.9057,1,1
866,4,392.00,200.00,74.00,52.00,0.8952,1,1
866,5,157.00,367.00,66.00,60.00,0.8860,1,1
866,24,769.00,363.00,79.00,87.00,0.9479,1,1
866,26,184.00,407.00,38.00,37.00,0.9156,1,1
866,34,659.00,570.00,47.00,38.00,0.3323,1,1
866,37,269.00,491.00,44.00,44.00,0.5804,1,1
866,38,501.00,324.00,37.00,29.00,0.6380,1,1
866,74,476.00,371.00,43.00,37.00,0.6192,1,1
866,83,433.00,233.00,32.00,31.00,0.4743,1,1
867,1,371.00,481.00,90.00,76.00,0.9293,1,1
867,2,760.00,270.00,79.00,57.00,0.9061,1,1
867,4,392.00,200.00,74.00,52.00,0.8979,1,1
867,5,158.00,367.00,67.00,60.00,0.8818,1,1
867,24,777.00,360.00,80.00,86.00,0.9495,1,1
867,26,184.00,408.00,38.00,35.00,0.8902,1,1
867,34,666.00,578.00,49.00,37.00,0.3323,1,1
867,37,270.00,491.00,43.00,43.00,0.6162,1,1
867,38,497.00,323.00,42.00,27.00,0.4693,1,1
867,74,475.00,370.00,43.00,37.00,0.5030,1,1
867,83,436.00,228.00,29.00,33.00,0.4424,1,1
868,1,371.00,480.00,90.00,77.00,0.9291,1,1
868,2,760.00,269.00,79.00,58.00,0.8995,1,1
868,4,391.00,200.00,74.00,51.00,0.9006,1,1
868,5,160.00,366.00,66.00,60.00,0.8774,1,1
868,24,781.00,355.00,85.00,86.00,0.9414,1,1
868,26,184.00,408.00,39.00,35.00,0.8802,1,1
868,37,271.00,491.00,42.00,43.00,0.6328,1,1
868,38,499.00,321.00,43.00,27.00,0.5773,1,1
868,74,476.00,369.00,42.00,38.00,0.2994,1,1
868,83,438.00,228.00,27.00,33.00,0.4095,1,1
869,1,373.00,480.00,88.00,77.00,0.9271,1,1
869,2,760.00,269.00,79.00,58.00,0.9024,1,1
869,4,391.00,198.00,74.00,54.00,0.9028,1,1
869,5,159.00,366.00,67.00,59.00,0.8731,1,1
869,24,787.00,352.00,84.00,85.00,0.9174,1,1
869,26,184.00,408.00,39.00,35.00,0.8726,1,1
869,37,271.00,492.00,42.00,40.00,0.6183,1,1
869,38,497.00,319.00,46.00,26.00,0.5169,1,1
869,74,477.00,368.00,42.00,38.00,0.2994,1,1
869,83,437.00,227.00,29.00,35.00,0.4681,1,1
870,1,373.00,480.00,88.00,78.00,0.9268,1,1
870,2,760.00,269.00,79.00,58.00,0.9003,1,1
870,4,391.00,198.00,74.00,54.00,0.9052,1,1
870,5,159.00,365.00,68.00,59.00,0.8678,1,1
870,24,795.00,349.00,85.00,83.00,0.9378,1,1
870,26,184.00,408.00,39.00,35.00,0.8721,1,1
870,37,270.00,492.00,42.00,40.00,0.6593,1,1
870,38,500.00,319.00,44.00,26.00,0.5983,1,1
870,74,474.00,367.00,44.00,41.00,0.4107,1,1
870,83,437.00,227.00,28.00,36.00,0.3457,1,1
871,1,373.00,480.00,89.00,79.00,0.9211,1,1
871,2,760.00,269.00,79.00,58.00,0.8976,1,1
871,4,392.00,198.00,72.00,52.00,0.8967,1,1
871,5,159.00,363.00,68.00,59.00,0.8471,1,1
871,21,434.00,230.00,31.00,34.00,0.2684,1,1
871,24,804.00,346.00,81.00,83.00,0.9211,1,1
871,26,184.00,408.00,39.00,35.00,0.8463,1,1
871,37,269.00,492.00,43.00,40.00,0.6692,1,1
871,38,500.00,318.00,45.00,25.00,0.4962,1,1
871,74,474.00,368.00,43.00,40.00,0.3048,1,1
871,83,439.00,223.00,27.00,36.00,0.3794,1,1
872,1,373.00,480.00,89.00,80.00,0.9241,1,1
872,2,760.00,270.00,79.00,58.00,0.8985,1,1
872,4,393.00,199.00,70.00,50.00,0.9051,1,1
872,5,160.00,362.00,67.00,57.00,0.8419,1,1
872,21,434.00,229.00,32.00,35.00,0.3220,1,1
872,24,813.00,343.00,81.00,80.00,0.9426,1,1
872,26,183.00,408.00,40.00,34.00,0.7692,1,1
872,37,270.00,492.00,42.00,39.00,0.6385,1,1
872,38,500.00,318.00,44.00,23.00,0.5031,1,1
872,74,472.00,369.00,44.00,41.00,0.4486,1,1
872,83,443.00,223.00,24.00,36.00,0.5080,1,1
873,1,373.00,480.00,89.00,80.00,0.9254,1,1
873,2,760.00,270.00,79.00,58.00,0.8923,1,1
873,4,393.00,200.00,68.00,48.00,0.8919,1,1
873,5,161.00,361.00,67.00,58.00,0.8515,1,1
873,21,429.00,229.00,36.00,34.00,0.6198,1,1
873,24,821.00,339.00,82.00,80.00,0.9340,1,1
873,26,183.00,407.00,40.00,34.00,0.7364,1,1
873,37,270.00,492.00,42.00,39.00,0.6714,1,1
873,38,502.00,318.00,42.00,23.00,0.4291,1,1
873,74,472.00,371.00,43.00,44.00,0.4696,1,1
873,83,442.00,223.00,26.00,36.00,0.5735,1,1
874,1,373.00,480.00,89.00,81.00,0.9263,1,1
874,2,761.00,270.00,79.00,58.00,0.8911,1,1
874,4,395.00,200.00,66.00,46.00,0.8900,1,1
874,5,161.00,361.00,66.00,57.00,0.8788,1,1
874,21,429.00,229.00,36.00,34.00,0.6198,1,1
874,24,828.00,337.00,82.00,79.00,0.9472,1,1
874,26,183.00,406.00,40.00,34.00,0.6691,1,1
874,34,721.00,465.00,42.00,40.00,0.6753,1,1
874,37,271.00,492.00,41.00,40.00,0.6456,1,1
874,38,502.00,318.00,42.00,23.00,0.4830,1,1
874,74,474.00,373.00,42.00,45.00,0.5244,1,1
874,83,435.00,224.00,30.00,36.00,0.7141,1,1
875,1,373.00,480.00,89.00,81.00,0.9283,1,1
875,2,761.00,270.00,79.00,58.00,0.8903,1,1
875,4,397.00,201.00,64.00,44.00,0.8766,1,1
875,5,162.00,359.00,65.00,58.00,0.8981,1,1
875,21,434.00,229.00,30.00,33.00,0.8116,1,1
875,24,836.00,333.00,79.00,79.00,0.9168,1,1
875,26,184.00,404.00,40.00,36.00,0.6871,1,1
875,34,721.00,465.00,43.00,40.00,0.8056,1,1
875,37,270.00,491.00,42.00,42.00,0.6515,1,1
875,38,500.00,318.00,43.00,22.00,0.4945,1,1
875,74,475.00,374.00,41.00,43.00,0.7442,1,1
875,83,435.00,224.00,30.00,36.00,0.7141,1,1
876,1,373.00,480.00,90.00,80.00,0.9209,1,1
876,2,761.00,270.00,80.00,58.00,0.8969,1,1
876,4,399.00,201.00,63.00,45.00,0.8819,1,1
876,5,162.00,359.00,67.00,58.00,0.9032,1,1
876,10,225.00,533.00,45.00,28.00,0.6057,1,1
876,21,432.00,228.00,33.00,34.00,0.8860,1,1
876,24,844.00,330.00,79.00,78.00,0.9157,1,1
876,26,184.00,403.00,40.00,37.00,0.7387,1,1
876,34,722.00,466.00,43.00,39.00,0.8030,1,1
876,37,270.00,491.00,42.00,41.00,0.5890,1,1
876,38,497.00,318.00,46.00,22.00,0.3843,1,1
876,74,476.00,374.00,39.00,41.00,0.7488,1,1
877,1,373.00,481.00,90.00,79.00,0.9213,1,1
877,2,761.00,270.00,80.00,56.00,0.8987,1,1
877,4,400.00,201.00,61.00,44.00,0.8712,1,1
877,5,162.00,358.00,67.00,58.00,0.9048,1,1
877,10,223.00,531.00,47.00,30.00,0.7974,1,1
877,21,431.00,229.00,33.00,33.00,0.8685,1,1
877,24,850.00,325.00,77.00,79.00,0.9220,1,1
877,26,185.00,403.00,40.00,36.00,0.7237,1,1
877,34,722.00,466.00,43.00,39.00,0.7451,1,1
877,37,270.00,492.00,42.00,39.00,0.5824,1,1
877,38,496.00,318.00,47.00,23.00,0.4443,1,1
877,74,476.00,374.00,39.00,38.00,0.7217,1,1
877,85,794.00,576.00,25.00,41.00,0.4597,1,1
878,1,374.00,481.00,88.00,78.00,0.9184,1,1
878,2,761.00,270.00,81.00,54.00,0.9126,1,1
878,4,402.00,200.00,58.00,45.00,0.8695,1,1
878,5,162.00,358.00,67.00,57.00,0.9010,1,1
878,10,222.00,530.00,46.00,31.00,0.8283,1,1
878,21,429.00,229.00,34.00,35.00,0.8902,1,1
878,24,857.00,322.00,77.00,78.00,0.9217,1,1
878,26,185.00,402.00,40.00,36.00,0.6818,1,1
878,34,722.00,466.00,45.00,39.00,0.7377,1,1
878,37,271.00,492.00,40.00,38.00,0.5969,1,1
878,38,495.00,319.00,48.00,22.00,0.4230,1,1
878,74,476.00,374.00,38.00,37.00,0.6984,1,1
878,85,801.00,570.00,28.00,41.00,0.3452,1,1
879,1,374.00,480.00,88.00,79.00,0.9221,1,1
879,2,760.00,269.00,83.00,54.00,0.8875,1,1
879,4,402.00,200.00,56.00,44.00,0.8696,1,1
879,5,162.00,358.00,67.00,58.00,0.9018,1,1
879,10,221.00,529.00,47.00,31.00,0.8319,1,1
879,21,427.00,231.00,34.00,34.00,0.8697,1,1
879,24,863.00,317.00,74.00,77.00,0.9161,1,1
879,26,185.00,401.00,40.00,37.00,0.7273,1,1
879,34,722.00,465.00,44.00,41.00,0.7265,1,1
879,37,272.00,492.00,40.00,40.00,0.5429,1,1
879,38,489.00,319.00,52.00,23.00,0.2583,1,1
879,74,474.00,374.00,40.00,37.00,0.6188,1,1
879,85,810.00,560.00,28.00,40.00,0.5865,1,1
880,1,373.00,480.00,89.00,80.00,0.9251,1,1
880,2,759.00,269.00,85.00,54.00,0.8795,1,1
880,4,401.00,200.00,55.00,44.00,0.8817,1,1
880,5,162.00,358.00,67.00,57.00,0.8993,1,1
880,10,220.00,526.00,46.00,34.00,0.8250,1,1
880,21,425.00,231.00,36.00,35.00,0.9053,1,1
880,24,868.00,312.00,74.00,76.00,0.9225,1,1
880,26,185.00,400.00,40.00,38.00,0.7590,1,1
880,34,721.00,466.00,45.00,40.00,0.5575,1,1
880,37,271.00,491.00,41.00,40.00,0.6674,1,1
880,38,488.00,319.00,52.00,22.00,0.2583,1,1
880,74,471.00,374.00,43.00,36.00,0.5782,1,1
880,85,814.00,559.00,31.00,47.00,0.6577,1,1
881,1,373.00,480.00,89.00,80.00,0.9316,1,1
881,2,759.00,269.00,86.00,53.00,0.9091,1,1
881,4,401.00,200.00,54.00,44.00,0.8745,1,1
881,5,162.00,357.00,67.00,58.00,0.8946,1,1
881,10,215.00,524.00,50.00,33.00,0.7027,1,1
881,21,423.00,233.00,36.00,33.00,0.9061,1,1
881,24,876.00,307.00,72.00,76.00,0.9399,1,1
881,26,184.00,400.00,41.00,36.00,0.8181,1,1
881,34,721.00,466.00,43.00,40.00,0.4187,1,1
881,37,272.00,491.00,40.00,41.00,0.6778,1,1
881,38,489.00,321.00,49.00,23.00,0.3669,1,1
881,74,470.00,374.00,44.00,36.00,0.5343,1,1
881,85,825.00,552.00,28.00,48.00,0.5846,1,1
882,1,373.00,480.00,89.00,79.00,0.9265,1,1
882,2,758.00,269.00,87.00,53.00,0.9009,1,1
882,4,400.00,200.00,54.00,46.00,0.8598,1,1
882,5,162.00,356.00,68.00,59.00,0.8931,1,1
882,10,217.00,521.00,44.00,33.00,0.8268,1,1
882,21,421.00,233.00,36.00,33.00,0.9115,1,1
882,24,881.00,300.00,71.00,76.00,0.9340,1,1
882,26,184.00,399.00,41.00,36.00,0.8420,1,1
882,34,721.00,466.00,43.00,39.00,0.6227,1,1
882,37,271.00,491.00,41.00,41.00,0.6749,1,1
882,38,481.00,321.00,55.00,25.00,0.3834,1,1
882,74,469.00,374.00,45.00,36.00,0.5780,1,1
882,85,835.00,539.00,30.00,48.00,0.6498,1,1
883,1,374.00,480.00,89.00,79.00,0.9254,1,1
883,2,758.00,269.00,88.00,53.00,0.9050,1,1
883,4,398.00,201.00,53.00,45.00,0.8735,1,1
883,5,162.00,356.00,68.00,59.00,0.8933,1,1
883,10,216.00,519.00,44.00,34.00,0.8268,1,1
883,14,214.00,519.00,46.00,27.00,0.8279,1,1
883,21,417.00,234.00,38.00,34.00,0.9268,1,1
883,24,885.00,295.00,71.00,75.00,0.9258,1,1
883,26,184.00,399.00,41.00,36.00,0.8429,1,1
883,34,722.00,466.00,43.00,39.00,0.6886,1,1
883,37,271.00,491.00,41.00,40.00,0.6706,1,1
883,38,482.00,322.00,54.00,25.00,0.4020,1,1
883,74,466.00,375.00,49.00,36.00,0.3972,1,1
883,85,843.00,525.00,28.00,48.00,0.5588,1,1
884,1,375.00,480.00,89.00,80.00,0.9265,1,1
884,2,758.00,269.00,88.00,53.00,0.9139,1,1
884,4,397.00,202.00,52.00,44.00,0.8830,1,1
884,5,162.00,355.00,67.00,58.00,0.8934,1,1
884,14,211.00,518.00,48.00,28.00,0.8023,1,1
884,21,415.00,235.00,37.00,34.00,0.9119,1,1
884,24,891.00,290.00,69.00,72.00,0.9316,1,1
884,26,182.00,398.00,43.00,36.00,0.8804,1,1
884,34,721.00,466.00,43.00,39.00,0.5090,1,1
884,37,271.00,491.00,41.00,40.00,0.7163,1,1
884,38,491.00,323.00,46.00,24.00,0.3195,1,1
884,74,465.00,374.00,52.00,38.00,0.3351,1,1
884,85,850.00,517.00,28.00,49.00,0.5588,1,1
885,1,375.00,480.00,90.00,80.00,0.9269,1,1
885,2,758.00,269.00,88.00,53.00,0.9148,1,1
885,4,395.00,203.00,52.00,44.00,0.8900,1,1
885,5,162.00,355.00,67.00,57.00,0.8935,1,1
885,14,211.00,517.00,49.00,28.00,0.7969,1,1
885,21,415.00,235.00,35.00,35.00,0.8635,1,1
885,24,895.00,283.00,68.00,73.00,0.9470,1,1
885,26,183.00,397.00,42.00,37.00,0.8871,1,1
885,34,721.00,466.00,43.00,39.00,0.4938,1,1
885,37,271.00,490.00,40.00,40.00,0.6640,1,1
885,38,492.00,323.00,44.00,24.00,0.4803,1,1
885,74,461.00,375.00,55.00,37.00,0.3968,1,1
886,1,375.00,480.00,90.00,80.00,0.9208,1,1
886,2,757.00,269.00,88.00,54.00,0.9019,1,1
886,4,392.00,204.00,53.00,43.00,0.8840,1,1
886,5,161.00,355.00,68.00,56.00,0.8957,1,1
886,10,217.00,521.00,44.00,35.00,0.8180,1,1
886,14,212.00,519.00,50.00,28.00,0.7969,1,1
886,21,411.00,236.00,37.00,37.00,0.8618,1,1
886,24,899.00,278.00,68.00,72.00,0.9371,1,1
886,26,182.00,397.00,42.00,37.00,0.8816,1,1
886,34,721.00,466.00,43.00,38.00,0.4165,1,1
886,37,271.00,491.00,40.00,39.00,0.5535,1,1
886,38,494.00,323.00,42.00,24.00,0.6651,1,1
886,74,462.00,376.00,53.00,36.00,0.2885,1,1
887,1,375.00,481.00,88.00,77.00,0.9167,1,1
887,2,758.00,269.00,85.00,56.00,0.8658,1,1
887,4,390.00,205.00,54.00,43.00,0.8834,1,1
887,5,161.00,355.00,68.00,56.00,0.8970,1,1
887,10,218.00,526.00,47.00,36.00,0.5730,1,1
887,21,408.00,239.00,37.00,36.00,0.8553,1,1
887,24,903.00,273.00,68.00,71.00,0.9212,1,1
887,26,182.00,396.00,42.00,37.00,0.8844,1,1
887,34,721.00,466.00,42.00,38.00,0.5654,1,1
887,37,270.00,490.00,41.00,39.00,0.5396,1,1
887,38,494.00,323.00,42.00,24.00,0.6291,1,1
887,74,461.00,377.00,54.00,35.00,0.2885,1,1
888,1,375.00,480.00,88.00,79.00,0.9170,1,1
888,2,757.00,270.00,84.00,56.00,0.8836,1,1
888,4,388.00,207.00,53.00,42.00,0.8896,1,1
888,5,161.00,355.00,67.00,56.00,0.8981,1,1
888,10,218.00,526.00,47.00,37.00,0.5730,1,1
888,14,221.00,531.00,42.00,32.00,0.8601,1,1
888,21,406.00,240.00,38.00,36.00,0.9013,1,1
888,24,905.00,269.00,70.00,71.00,0.9428,1,1
888,26,182.00,396.00,41.00,37.00,0.8837,1,1
888,34,722.00,467.00,40.00,37.00,0.5964,1,1
888,37,271.00,490.00,40.00,40.00,0.6940,1,1
888,38,496.00,323.00,40.00,23.00,0.6410,1,1
889,1,375.00,480.00,88.00,78.00,0.9162,1,1
889,2,757.00,271.00,84.00,57.00,0.9023,1,1
889,4,385.00,207.00,53.00,45.00,0.8864,1,1
889,5,160.00,355.00,68.00,56.00,0.8963,1,1
889,14,220.00,531.00,43.00,30.00,0.8932,1,1
889,21,404.00,242.00,37.00,35.00,0.9207,1,1
889,24,909.00,267.00,69.00,71.00,0.9420,1,1
889,26,182.00,395.00,42.00,37.00,0.8930,1,1
889,34,722.00,466.00,40.00,38.00,0.5368,1,1
889,37,271.00,490.00,40.00,41.00,0.6771,1,1
889,38,495.00,323.00,40.00,24.00,0.7054,1,1
890,1,375.00,480.00,89.00,78.00,0.9186,1,1
890,2,757.00,271.00,82.00,59.00,0.9027,1,1
890,4,384.00,208.00,52.00,45.00,0.8901,1,1
890,5,160.00,355.00,68.00,56.00,0.8958,1,1
890,14,216.00,526.00,45.00,32.00,0.8659,1,1
890,21,402.00,246.00,37.00,34.00,0.9200,1,1
890,24,912.00,265.00,71.00,71.00,0.9468,1,1
890,26,182.00,395.00,41.00,37.00,0.8960,1,1
890,34,722.00,467.00,39.00,38.00,0.3716,1,1
890,37,272.00,491.00,40.00,41.00,0.6007,1,1
890,38,492.00,323.00,40.00,23.00,0.5625,1,1
891,1,375.00,480.00,89.00,78.00,0.9210,1,1
891,2,759.00,271.00,79.00,60.00,0.8783,1,1
891,4,383.00,209.00,51.00,46.00,0.8979,1,1
891,5,159.00,355.00,69.00,57.00,0.8962,1,1
891,10,213.00,523.00,47.00,33.00,0.8487,1,1
891,14,217.00,528.00,46.00,32.00,0.8659,1,1
891,21,399.00,247.00,38.00,34.00,0.8665,1,1
891,24,915.00,263.00,72.00,69.00,0.9298,1,1
891,26,182.00,395.00,41.00,38.00,0.9063,1,1
891,34,722.00,467.00,38.00,38.00,0.3785,1,1
891,37,272.00,491.00,40.00,42.00,0.6033,1,1
891,38,489.00,324.00,42.00,23.00,0.6297,1,1
892,1,376.00,480.00,88.00,78.00,0.9237,1,1
892,2,760.00,271.00,78.00,61.00,0.8824,1,1
892,4,379.00,211.00,53.00,45.00,0.9018,1,1
892,5,158.00,355.00,70.00,60.00,0.9045,1,1
892,10,210.00,521.00,49.00,33.00,0.7697,1,1
892,21,397.00,249.00,37.00,33.00,0.9058,1,1
892,24,917.00,261.00,73.00,67.00,0.9061,1,1
892,26,185.00,394.00,39.00,38.00,0.8952,1,1
892,34,721.00,468.00,39.00,37.00,0.4918,1,1
892,37,268.00,487.00,46.00,40.00,0.7189,1,1
892,38,485.00,325.00,43.00,23.00,0.7836,1,1
893,1,376.00,478.00,89.00,80.00,0.9265,1,1
893,2,759.00,271.00,79.00,62.00,0.8906,1,1
893,4,376.00,213.00,55.00,44.00,0.8930,1,1
893,5,156.00,355.00,70.00,59.00,0.9138,1,1
893,10,210.00,521.00,48.00,31.00,0.7777,1,1
893,21,395.00,249.00,38.00,33.00,0.9063,1,1
893,24,919.00,257.00,74.00,68.00,0.9373,1,1
893,26,186.00,394.00,38.00,37.00,0.8632,1,1
893,34,721.00,468.00,38.00,37.00,0.3979,1,1
893,37,269.00,489.00,46.00,36.00,0.5258,1,1
893,38,483.00,327.00,42.00,23.00,0.7663,1,1
894,1,377.00,479.00,88.00,78.00,0.9238,1,1
894,2,759.00,271.00,78.00,62.00,0.8948,1,1
894,4,375.00,214.00,54.00,45.00,0.8934,1,1
894,5,155.00,354.00,72.00,61.00,0.9154,1,1
894,10,205.00,521.00,52.00,28.00,0.7783,1,1
894,21,392.00,251.00,38.00,33.00,0.8930,1,1
894,24,920.00,253.00,75.00,68.00,0.9568,1,1
894,26,192.00,394.00,33.00,36.00,0.8148,1,1
894,34,722.00,468.00,38.00,37.00,0.3979,1,1
894,37,269.00,489.00,46.00,36.00,0.5258,1,1
894,38,485.00,329.00,39.00,23.00,0.7651,1,1
895,1,377.00,476.00,89.00,80.00,0.9291,1,1
895,2,759.00,271.00,78.00,62.00,0.8962,1,1
895,4,373.00,216.00,56.00,44.00,0.8965,1,1
895,5,154.00,353.00,72.00,63.00,0.9114,1,1
895,10,202.00,522.00,55.00,29.00,0.3650,1,1
895,14,187.00,397.00,37.00,33.00,0.3032,1,1
895,21,392.00,251.00,38.00,36.00,0.8797,1,1
895,24,920.00,249.00,76.00,67.00,0.9217,1,1
895,26,194.00,392.00,32.00,35.00,0.8737,1,1
895,38,484.00,330.00,38.00,23.00,0.7590,1,1
895,74,424.00,396.00,37.00,36.00,0.4442,1,1
896,1,378.00,476.00,88.00,81.00,0.9295,1,1
896,2,759.00,271.00,77.00,62.00,0.8976,1,1
896,4,372.00,217.00,55.00,44.00,0.8864,1,1
896,5,153.00,353.00,73.00,64.00,0.9113,1,1
896,10,200.00,522.00,56.00,28.00,0.3650,1,1
896,14,196.00,392.00,31.00,33.00,0.9164,1,1
896,21,391.00,252.00,37.00,36.00,0.8166,1,1
896,24,921.00,246.00,75.00,65.00,0.9165,1,1
896,26,185.00,398.00,39.00,35.00,0.2725,1,1
896,34,721.00,467.00,38.00,37.00,0.2879,1,1
896,38,478.00,332.00,40.00,23.00,0.2629,1,1
896,74,425.00,401.00,38.00,36.00,0.4454,1,1
896,83,251.00,492.00,34.00,44.00,0.6910,1,1
897,1,378.00,475.00,88.00,84.00,0.9341,1,1
897,2,759.00,272.00,75.00,61.00,0.9115,1,1
897,4,371.00,219.00,55.00,43.00,0.8534,1,1
897,5,153.00,354.00,72.00,60.00,0.8974,1,1
897,14,195.00,381.00,30.00,34.00,0.9164,1,1
897,21,389.00,255.00,39.00,34.00,0.7308,1,1
897,24,918.00,242.00,77.00,65.00,0.9505,1,1
897,26,196.00,392.00,32.00,33.00,0.9129,1,1
897,34,722.00,467.00,37.00,37.00,0.2879,1,1
897,38,476.00,333.00,40.00,23.00,0.2629,1,1
897,74,422.00,403.00,38.00,36.00,0.4454,1,1
897,83,253.00,494.00,29.00,49.00,0.8618,1,1
898,1,379.00,475.00,88.00,84.00,0.9330,1,1
898,2,759.00,271.00,74.00,62.00,0.9064,1,1
898,4,368.00,220.00,57.00,42.00,0.8576,1,1
898,5,153.00,354.00,72.00,60.00,0.9064,1,1
898,10,203.00,526.00,49.00,28.00,0.3991,1,1
898,21,389.00,256.00,37.00,33.00,0.7137,1,1
898,24,917.00,239.00,76.00,64.00,0.9514,1,1
898,26,196.00,392.00,31.00,33.00,0.9054,1,1
898,34,720.00,471.00,36.00,33.00,0.3434,1,1
898,83,252.00,497.00,27.00,50.00,0.8046,1,1
899,1,380.00,475.00,88.00,84.00,0.9338,1,1
899,2,759.00,271.00,74.00,62.00,0.9122,1,1
899,4,367.00,221.00,58.00,43.00,0.8621,1,1
899,5,153.00,354.00,72.00,60.00,0.9079,1,1
899,10,204.00,527.00,45.00,29.00,0.5267,1,1
899,21,390.00,256.00,35.00,33.00,0.6867,1,1
899,24,914.00,236.00,77.00,63.00,0.9334,1,1
899,26,196.00,392.00,32.00,34.00,0.8917,1,1
899,34,720.00,472.00,36.00,32.00,0.3393,1,1
899,74,424.00,405.00,40.00,36.00,0.6344,1,1
899,83,253.00,501.00,26.00,47.00,0.7769,1,1
900,1,381.00,475.00,89.00,83.00,0.9326,1,1
900,2,759.00,271.00,73.00,63.00,0.9154,1,1
900,4,365.00,221.00,59.00,44.00,0.8714,1,1
900,5,153.00,354.00,72.00,60.00,0.9098,1,1
900,10,204.00,526.00,50.00,28.00,0.4691,1,1
900,21,389.00,257.00,35.00,33.00,0.7661,1,1
900,24,911.00,234.00,76.00,62.00,0.9289,1,1
900,26,196.00,392.00,32.00,34.00,0.8851,1,1
900,34,720.00,472.00,36.00,32.00,0.3894,1,1
900,74,424.00,405.00,43.00,37.00,0.6559,1,1
900,83,252.00,502.00,27.00,46.00,0.6623,1,1
901,1,384.00,474.00,88.00,82.00,0.9355,1,1
901,2,759.00,271.00,73.00,63.00,0.9105,1,1
901,4,363.00,222.00,61.00,44.00,0.8767,1,1
901,5,153.00,354.00,72.00,61.00,0.9094,1,1
901,10,204.00,526.00,52.00,29.00,0.4337,1,1
901,21,390.00,258.00,34.00,33.00,0.7719,1,1
901,24,906.00,233.00,75.00,60.00,0.9416,1,1
901,26,197.00,392.00,31.00,34.00,0.8961,1,1
901,34,720.00,472.00,36.00,32.00,0.3817,1,1
901,74,425.00,406.00,42.00,37.00,0.6233,1,1
901,83,252.00,503.00,27.00,45.00,0.4786,1,1
902,1,387.00,473.00,87.00,81.00,0.9361,1,1
902,2,758.00,271.00,73.00,62.00,0.9113,1,1
902,4,361.00,223.00,62.00,44.00,0.8760,1,1
902,5,153.00,354.00,72.00,62.00,0.9043,1,1
902,10,202.00,526.00,54.00,29.00,0.3846,1,1
902,21,390.00,258.00,34.00,33.00,0.7585,1,1
902,24,900.00,231.00,77.00,59.00,0.9467,1,1
902,26,197.00,392.00,31.00,35.00,0.8980,1,1
902,34,721.00,472.00,35.00,32.00,0.3537,1,1
902,74,425.00,404.00,44.00,39.00,0.5997,1,1
902,83,253.00,503.00,27.00,46.00,0.6676,1,1
903,1,389.00,471.00,88.00,81.00,0.9408,1,1
903,2,758.00,271.00,73.00,63.00,0.9052,1,1
903,4,359.00,223.00,64.00,45.00,0.8783,1,1
903,5,154.00,356.00,72.00,61.00,0.9148,1,1
903,10,201.00,526.00,57.00,29.00,0.4049,1,1
903,21,390.00,258.00,33.00,33.00,0.7773,1,1
903,24,896.00,226.00,75.00,60.00,0.9428,1,1
903,26,198.00,391.00,30.00,35.00,0.8862,1,1
903,34,720.00,472.00,36.00,32.00,0.3784,1,1
903,74,428.00,405.00,43.00,40.00,0.7416,1,1
903,83,253.00,504.00,27.00,46.00,0.6638,1,1
904,1,393.00,469.00,88.00,82.00,0.9366,1,1
904,2,758.00,271.00,73.00,63.00,0.9115,1,1
904,4,358.00,223.00,65.00,45.00,0.8703,1,1
904,5,154.00,356.00,72.00,62.00,0.9201,1,1
904,10,200.00,526.00,57.00,32.00,0.3846,1,1
904,14,196.00,394.00,30.00,43.00,0.6690,1,1
904,21,390.00,258.00,33.00,33.00,0.7890,1,1
904,24,890.00,224.00,76.00,58.00,0.9362,1,1
904,26,199.00,391.00,29.00,38.00,0.8274,1,1
904,34,721.00,472.00,35.00,32.00,0.3643,1,1
904,74,429.00,405.00,43.00,40.00,0.7470,1,1
904,83,252.00,506.00,28.00,43.00,0.4285,1,1
905,1,398.00,466.00,88.00,86.00,0.9367,1,1
905,2,758.00,271.00,73.00,63.00,0.9115,1,1
905,4,355.00,224.00,67.00,44.00,0.8613,1,1
905,5,154.00,357.00,73.00,61.00,0.9088,1,1
905,10,199.00,526.00,58.00,32.00,0.3646,1,1
905,14,195.00,396.00,32.00,42.00,0.6671,1,1
905,21,390.00,258.00,31.00,33.00,0.7835,1,1
905,24,885.00,222.00,77.00,58.00,0.9459,1,1
905,26,199.00,392.00,30.00,38.00,0.7437,1,1
905,34,721.00,472.00,35.00,32.00,0.3917,1,1
905,74,430.00,403.00,42.00,43.00,0.8303,1,1
905,83,253.00,505.00,27.00,44.00,0.3970,1,1
906,1,404.00,465.00,85.00,86.00,0.9278,1,1
906,2,758.00,271.00,73.00,63.00,0.9092,1,1
906,4,353.00,225.00,68.00,44.00,0.8565,1,1
906,5,155.00,357.00,72.00,63.00,0.9120,1,1
906,10,198.00,527.00,55.00,32.00,0.4122,1,1
906,14,194.00,394.00,32.00,43.00,0.6671,1,1
906,21,390.00,258.00,31.00,33.00,0.7711,1,1
906,24,881.00,220.00,77.00,57.00,0.9318,1,1
906,26,196.00,395.00,33.00,38.00,0.7891,1,1
906,34,720.00,473.00,35.00,31.00,0.3825,1,1
906,38,452.00,346.00,42.00,21.00,0.2798,1,1
906,74,431.00,402.00,42.00,43.00,0.7799,1,1
906,83,253.00,503.00,26.00,46.00,0.5396,1,1
907,1,407.00,462.00,87.00,86.00,0.9189,1,1
907,2,758.00,271.00,73.00,63.00,0.9134,1,1
907,4,353.00,225.00,68.00,44.00,0.8565,1,1
907,5,156.00,358.00,72.00,63.00,0.9007,1,1
907,10,199.00,527.00,49.00,32.00,0.7189,1,1
907,14,201.00,392.00,29.00,39.00,0.4902,1,1
907,21,390.00,257.00,31.00,34.00,0.7501,1,1
907,24,876.00,218.00,78.00,56.00,0.9426,1,1
907,26,195.00,395.00,34.00,39.00,0.7046,1,1
907,34,721.00,472.00,34.00,32.00,0.5294,1,1
907,37,190.00,401.00,36.00,39.00,0.6199,1,1
907,38,450.00,347.00,42.00,21.00,0.2798,1,1
907,74,431.00,400.00,44.00,45.00,0.8496,1,1
907,83,253.00,504.00,26.00,45.00,0.7066,1,1
907,85,381.00,258.00,38.00,30.00,0.4282,1,1
908,1,415.00,461.00,83.00,85.00,0.9327,1,1
908,2,758.00,271.00,73.00,63.00,0.9122,1,1
908,4,353.00,225.00,68.00,44.00,0.8543,1,1
908,5,157.00,359.00,74.00,64.00,0.8835,1,1
908,10,197.00,528.00,49.00,31.00,0.7937,1,1
908,14,202.00,390.00,28.00,40.00,0.4902,1,1
908,21,390.00,257.00,30.00,34.00,0.7591,1,1
908,24,872.00,217.00,79.00,55.00,0.9382,1,1
908,26,197.00,396.00,34.00,37.00,0.7671,1,1
908,34,721.00,472.00,34.00,32.00,0.5985,1,1
908,37,185.00,396.00,35.00,39.00,0.6199,1,1
908,74,431.00,399.00,45.00,44.00,0.8509,1,1
908,83,253.00,504.00,26.00,45.00,0.7824,1,1
908,85,360.00,246.00,38.00,30.00,0.4282,1,1
909,1,419.00,459.00,84.00,83.00,0.9231,1,1
909,2,758.00,271.00,73.00,63.00,0.9171,1,1
909,4,352.00,225.00,69.00,44.00,0.8430,1,1
909,5,158.00,360.00,73.00,63.00,0.8678,1,1
909,10,197.00,529.00,48.00,30.00,0.7670,1,1
909,14,204.00,395.00,30.00,35.00,0.3608,1,1
909,21,391.00,257.00,29.00,33.00,0.7374,1,1
909,24,870.00,214.00,78.00,55.00,0.9218,1,1
909,26,197.00,398.00,35.00,35.00,0.6374,1,1
909,34,721.00,472.00,34.00,31.00,0.6311,1,1
909,37,191.00,404.00,37.00,35.00,0.5066,1,1
909,74,430.00,397.00,49.00,44.00,0.7457,1,1
909,83,251.00,493.00,27.00,56.00,0.7572,1,1
909,85,381.00,257.00,38.00,31.00,0.3749,1,1
910,1,425.00,457.00,82.00,84.00,0.9195,1,1
910,2,758.00,271.00,73.00,64.00,0.9202,1,1
910,4,352.00,225.00,68.00,44.00,0.8450,1,1
910,5,159.00,360.00,73.00,64.00,0.8650,1,1
910,10,196.00,530.00,48.00,29.00,0.5156,1,1
910,14,198.00,401.00,34.00,32.00,0.5863,1,1
910,21,391.00,256.00,29.00,34.00,0.7736,1,1
910,24,868.00,211.00,77.00,56.00,0.9360,1,1
910,26,192.00,405.00,38.00,33.00,0.4969,1,1
910,34,721.00,472.00,34.00,31.00,0.6196,1,1
910,37,178.00,414.00,41.00,29.00,0.3109,1,1
910,74,428.00,395.00,51.00,42.00,0.7337,1,1
910,83,250.00,494.00,26.00,55.00,0.7264,1,1
910,85,382.00,257.00,37.00,30.00,0.3936,1,1
911,1,429.00,454.00,82.00,83.00,0.9112,1,1
911,2,757.00,271.00,73.00,64.00,0.9206,1,1
911,4,352.00,224.00,68.00,45.00,0.8378,1,1
911,5,161.00,361.00,73.00,62.00,0.8397,1,1
911,10,195.00,530.00,49.00,29.00,0.5225,1,1
911,14,200.00,400.00,33.00,34.00,0.5511,1,1
911,21,392.00,255.00,28.00,34.00,0.7500,1,1
911,24,866.00,210.00,77.00,55.00,0.9348,1,1
911,26,191.00,407.00,39.00,33.00,0.3549,1,1
911,34,720.00,472.00,35.00,31.00,0.6204,1,1
911,37,179.00,416.00,38.00,27.00,0.4063,1,1
911,74,425.00,392.00,53.00,40.00,0.5885,1,1
911,83,251.00,503.00,24.00,47.00,0.7706,1,1
911,85,383.00,256.00,36.00,31.00,0.2841,1,1
912,1,436.00,451.00,82.00,84.00,0.9213,1,1
912,2,757.00,270.00,73.00,65.00,0.9175,1,1
912,4,351.00,224.00,68.00,42.00,0.8278,1,1
912,5,161.00,361.00,72.00,64.00,0.8367,1,1
912,10,195.00,530.00,49.00,29.00,0.6542,1,1
912,14,195.00,401.00,37.00,34.00,0.5387,1,1
912,21,391.00,254.00,30.00,34.00,0.6425,1,1
912,24,864.00,209.00,77.00,54.00,0.9247,1,1
912,26,186.00,408.00,43.00,33.00,0.3496,1,1
912,34,720.00,472.00,35.00,32.00,0.6388,1,1
912,37,179.00,417.00,39.00,26.00,0.5886,1,1
912,38,448.00,346.00,46.00,22.00,0.4217,1,1
912,74,422.00,388.00,49.00,35.00,0.5264,1,1
912,83,251.00,502.00,24.00,49.00,0.8110,1,1
912,85,379.00,252.00,36.00,31.00,0.2841,1,1
913,1,441.00,449.00,81.00,84.00,0.9121,1,1
913,2,757.00,270.00,73.00,65.00,0.9144,1,1
913,4,350.00,223.00,69.00,43.00,0.8327,1,1
913,5,162.00,361.00,72.00,63.00,0.8316,1,1
913,10,194.00,530.00,50.00,29.00,0.5859,1,1
913,14,196.00,400.00,37.00,35.00,0.5465,1,1
913,21,390.00,252.00,30.00,36.00,0.5912,1,1
913,24,863.00,208.00,77.00,54.00,0.9186,1,1
913,26,188.00,409.00,41.00,32.00,0.3205,1,1
913,34,720.00,472.00,36.00,32.00,0.7086,1,1
913,37,181.00,415.00,37.00,27.00,0.6037,1,1
913,38,448.00,346.00,45.00,24.00,0.4690,1,1
913,74,422.00,384.00,45.00,31.00,0.6398,1,1
913,83,251.00,502.00,24.00,49.00,0.7976,1,1
914,1,445.00,444.00,83.00,85.00,0.9257,1,1
914,2,756.00,270.00,73.00,65.00,0.9184,1,1
914,4,350.00,223.00,70.00,43.00,0.8471,1,1
914,5,162.00,362.00,74.00,62.00,0.8466,1,1
914,10,195.00,530.00,50.00,29.00,0.6513,1,1
914,14,194.00,401.00,39.00,36.00,0.5243,1,1
914,21,389.00,250.00,32.00,36.00,0.5843,1,1
914,24,862.00,206.00,76.00,54.00,0.9145,1,1
914,26,187.00,411.00,43.00,31.00,0.2501,1,1
914,34,720.00,472.00,36.00,33.00,0.6888,1,1
914,37,182.00,415.00,37.00,27.00,0.6102,1,1
914,38,449.00,347.00,44.00,25.00,0.6887,1,1
914,74,422.00,382.00,45.00,33.00,0.6952,1,1
914,83,251.00,502.00,25.00,50.00,0.7454,1,1
914,85,397.00,251.00,24.00,33.00,0.2507,1,1
914,87,206.00,400.00,29.00,32.00,0.3611,1,1
915,1,450.00,442.00,83.00,86.00,0.9422,1,1
915,2,756.00,270.00,73.00,65.00,0.9236,1,1
915,4,350.00,222.00,70.00,43.00,0.8750,1,1
915,5,161.00,362.00,76.00,62.00,0.8619,1,1
915,10,194.00,529.00,51.00,29.00,0.6651,1,1
915,14,194.00,401.00,40.00,36.00,0.5243,1,1
915,21,388.00,250.00,32.00,36.00,0.5843,1,1
915,24,861.00,205.00,76.00,53.00,0.9048,1,1
915,26,187.00,412.00,43.00,31.00,0.2501,1,1
915,34,720.00,473.00,36.00,32.00,0.6956,1,1
915,37,182.00,417.00,37.00,27.00,0.6089,1,1
915,38,449.00,347.00,42.00,27.00,0.6315,1,1
915,74,425.00,379.00,45.00,31.00,0.6115,1,1
915,83,251.00,504.00,27.00,48.00,0.7430,1,1
915,85,389.00,249.00,31.00,33.00,0.6704,1,1
915,87,200.00,403.00,35.00,34.00,0.4834,1,1
916,1,455.00,439.00,82.00,86.00,0.9339,1,1
916,2,756.00,270.00,73.00,65.00,0.9270,1,1
916,4,350.00,221.00,70.00,43.00,0.8811,1,1
916,5,162.00,362.00,77.00,61.00,0.8686,1,1
916,10,194.00,529.00,52.00,29.00,0.6891,1,1
916,24,859.00,203.00,76.00,53.00,0.9151,1,1
916,26,189.00,414.00,39.00,29.00,0.5223,1,1
916,34,720.00,473.00,36.00,32.00,0.6863,1,1
916,37,180.00,417.00,37.00,26.00,0.6089,1,1
916,38,448.00,347.00,41.00,28.00,0.5023,1,1
916,74,426.00,374.00,50.00,32.00,0.4281,1,1
916,83,252.00,505.00,27.00,48.00,0.5989,1,1
916,85,391.00,249.00,31.00,31.00,0.7651,1,1
916,87,201.00,404.00,34.00,34.00,0.4962,1,1
917,1,457.00,438.00,83.00,84.00,0.9239,1,1
917,2,756.00,270.00,73.00,65.00,0.9243,1,1
917,4,351.00,219.00,69.00,44.00,0.8863,1,1
917,5,164.00,362.00,75.00,62.00,0.8818,1,1
917,10,194.00,529.00,55.00,29.00,0.4599,1,1
917,24,857.00,201.00,76.00,53.00,0.9287,1,1
917,26,193.00,416.00,40.00,27.00,0.6900,1,1
917,34,721.00,472.00,35.00,32.00,0.6458,1,1
917,38,445.00,345.00,42.00,30.00,0.3618,1,1
917,74,426.00,372.00,50.00,32.00,0.4281,1,1
917,83,252.00,509.00,28.00,44.00,0.7459,1,1
917,85,389.00,247.00,33.00,31.00,0.6711,1,1
917,87,198.00,410.00,37.00,32.00,0.4788,1,1
918,1,459.00,436.00,85.00,85.00,0.9256,1,1
918,2,756.00,270.00,72.00,65.00,0.9238,1,1
918,4,351.00,217.00,69.00,44.00,0.8971,1,1
918,5,165.00,364.00,75.00,60.00,0.8805,1,1
918,10,196.00,528.00,53.00,30.00,0.8051,1,1
918,21,397.00,244.00,26.00,32.00,0.6010,1,1
918,24,857.00,198.00,75.00,54.00,0.9554,1,1
918,26,194.00,418.00,39.00,26.00,0.6900,1,1
918,34,721.00,473.00,35.00,31.00,0.6102,1,1
918,38,445.00,345.00,40.00,31.00,0.3618,1,1
918,83,252.00,510.00,28.00,42.00,0.7947,1,1
918,85,387.00,244.00,35.00,32.00,0.6711,1,1
918,87,199.00,413.00,33.00,29.00,0.8417,1,1
919,1,462.00,434.00,84.00,86.00,0.9237,1,1
919,2,756.00,271.00,72.00,64.00,0.9244,1,1
919,4,352.00,215.00,67.00,46.00,0.9010,1,1
919,5,166.00,364.00,74.00,64.00,0.8878,1,1
919,10,196.00,528.00,53.00,28.00,0.4787,1,1
919,14,200.00,409.00,35.00,31.00,0.2688,1,1
919,21,389.00,243.00,34.00,32.00,0.4943,1,1
919,24,855.00,196.00,76.00,54.00,0.9553,1,1
919,34,721.00,472.00,35.00,33.00,0.5467,1,1
919,83,252.00,508.00,30.00,43.00,0.8447,1,1
919,85,398.00,241.00,23.00,34.00,0.4278,1,1
919,87,196.00,414.00,36.00,28.00,0.8383,1,1
919,88,867.00,245.00,26.00,25.00,0.4954,1,1
920,1,463.00,434.00,85.00,86.00,0.9075,1,1
920,2,756.00,270.00,72.00,66.00,0.9262,1,1
920,4,353.00,213.00,67.00,47.00,0.9035,1,1
920,5,167.00,364.00,72.00,62.00,0.8870,1,1
920,10,198.00,527.00,52.00,28.00,0.4866,1,1
920,14,200.00,410.00,35.00,30.00,0.2688,1,1
920,21,396.00,238.00,26.00,34.00,0.5899,1,1
920,24,854.00,194.00,73.00,54.00,0.9236,1,1
920,34,721.00,472.00,35.00,33.00,0.4928,1,1
920,83,254.00,507.00,30.00,45.00,0.8432,1,1
920,85,379.00,231.00,41.00,38.00,0.4058,1,1
920,87,194.00,415.00,37.00,28.00,0.7805,1,1
920,88,866.00,242.00,27.00,28.00,0.6675,1,1
921,1,464.00,434.00,86.00,86.00,0.8992,1,1
921,2,756.00,270.00,72.00,66.00,0.9266,1,1
921,4,353.00,210.00,69.00,50.00,0.8891,1,1
921,5,168.00,364.00,72.00,62.00,0.8897,1,1
921,10,198.00,525.00,54.00,28.00,0.3310,1,1
921,21,395.00,233.00,29.00,36.00,0.6486,1,1
921,24,852.00,191.00,74.00,54.00,0.9137,1,1
921,34,721.00,472.00,34.00,33.00,0.4070,1,1
921,38,446.00,345.00,47.00,32.00,0.3263,1,1
921,83,255.00,503.00,30.00,48.00,0.7475,1,1
921,85,388.00,230.00,34.00,38.00,0.3121,1,1
921,87,193.00,416.00,37.00,27.00,0.7470,1,1
921,88,864.00,240.00,27.00,28.00,0.5736,1,1
922,1,465.00,433.00,85.00,85.00,0.9050,1,1
922,2,756.00,271.00,72.00,64.00,0.9246,1,1
922,4,353.00,207.00,71.00,51.00,0.8791,1,1
922,5,168.00,363.00,72.00,63.00,0.8891,1,1
922,10,205.00,524.00,48.00,28.00,0.4261,1,1
922,21,394.00,232.00,31.00,34.00,0.6549,1,1
922,24,850.00,189.00,74.00,54.00,0.9238,1,1
922,34,721.00,472.00,34.00,33.00,0.3295,1,1
922,38,446.00,345.00,47.00,33.00,0.3263,1,1
922,74,446.00,341.00,48.00,30.00,0.5700,1,1
922,83,254.00,496.00,30.00,49.00,0.7642,1,1
922,85,386.00,227.00,37.00,39.00,0.3121,1,1
922,87,193.00,418.00,38.00,26.00,0.7050,1,1
922,88,863.00,238.00,28.00,29.00,0.5736,1,1
923,1,465.00,432.00,86.00,88.00,0.9130,1,1
923,2,756.00,271.00,72.00,64.00,0.9243,1,1
923,4,353.00,205.00,71.00,52.00,0.8956,1,1
923,5,168.00,363.00,72.00,61.00,0.8863,1,1
923,10,210.00,525.00,45.00,29.00,0.6514,1,1
923,21,395.00,232.00,31.00,32.00,0.5433,1,1
923,24,849.00,188.00,73.00,52.00,0.9236,1,1
923,34,720.00,467.00,33.00,36.00,0.2675,1,1
923,74,448.00,338.00,49.00,30.00,0.5426,1,1
923,83,253.00,495.00,34.00,45.00,0.7748,1,1
923,87,193.00,417.00,38.00,27.00,0.7151,1,1
924,1,465.00,432.00,87.00,89.00,0.9157,1,1
924,2,756.00,271.00,72.00,64.00,0.9256,1,1
924,4,355.00,204.00,70.00,51.00,0.8967,1,1
924,5,169.00,363.00,70.00,62.00,0.8810,1,1
924,10,213.00,526.00,47.00,31.00,0.5114,1,1
924,21,396.00,233.00,30.00,31.00,0.6231,1,1
924,24,846.00,185.00,74.00,54.00,0.9137,1,1
924,34,720.00,465.00,33.00,38.00,0.2520,1,1
924,74,450.00,334.00,49.00,30.00,0.5426,1,1
924,83,251.00,495.00,39.00,44.00,0.6271,1,1
924,87,193.00,416.00,37.00,27.00,0.6602,1,1
925,1,465.00,432.00,86.00,90.00,0.9205,1,1
925,2,756.00,270.00,72.00,65.00,0.9258,1,1
925,4,356.00,201.00,71.00,52.00,0.9090,1,1
925,5,169.00,362.00,70.00,61.00,0.8619,1,1
925,10,213.00,528.00,50.00,30.00,0.6721,1,1
925,21,397.00,232.00,32.00,31.00,0.5179,1,1
925,24,843.00,184.00,75.00,53.00,0.9348,1,1
925,34,720.00,465.00,32.00,38.00,0.2520,1,1
925,74,450.00,330.00,52.00,32.00,0.7028,1,1
925,83,251.00,495.00,42.00,47.00,0.2550,1,1
925,87,193.00,414.00,37.00,28.00,0.6227,1,1
926,1,465.00,432.00,87.00,90.00,0.9205,1,1
926,2,757.00,270.00,71.00,65.00,0.9256,1,1
926,4,357.00,198.00,72.00,54.00,0.9145,1,1
926,5,169.00,361.00,70.00,61.00,0.8633,1,1
926,10,213.00,526.00,49.00,32.00,0.6441,1,1
926,21,399.00,231.00,31.00,30.00,0.3445,1,1
926,24,841.00,183.00,76.00,53.00,0.9349,1,1
926,34,720.00,466.00,33.00,38.00,0.4396,1,1
926,38,450.00,326.00,53.00,34.00,0.6747,1,1
926,74,452.00,327.00,52.00,31.00,0.7028,1,1
926,83,251.00,496.00,45.00,48.00,0.5175,1,1
926,87,193.00,413.00,38.00,28.00,0.6300,1,1
926,88,854.00,230.00,27.00,26.00,0.3062,1,1
927,1,465.00,432.00,87.00,91.00,0.9289,1,1
927,2,757.00,270.00,71.00,65.00,0.9264,1,1
927,4,359.00,196.00,71.00,55.00,0.9132,1,1
927,5,169.00,362.00,71.00,59.00,0.8604,1,1
927,10,210.00,524.00,51.00,31.00,0.5763,1,1
927,21,400.00,230.00,31.00,30.00,0.3445,1,1
927,24,841.00,181.00,75.00,53.00,0.9181,1,1
927,34,720.00,466.00,33.00,37.00,0.3898,1,1
927,38,455.00,324.00,49.00,32.00,0.4333,1,1
927,83,251.00,497.00,45.00,47.00,0.5185,1,1
927,87,192.00,412.00,40.00,29.00,0.5914,1,1
927,88,851.00,228.00,29.00,28.00,0.3865,1,1
928,1,465.00,432.00,87.00,91.00,0.9304,1,1
928,2,757.00,270.00,71.00,65.00,0.9261,1,1
928,4,361.00,194.00,71.00,56.00,0.9124,1,1
928,5,169.00,361.00,71.00,59.00,0.8965,1,1
928,10,210.00,521.00,49.00,33.00,0.7266,1,1
928,14,193.00,408.00,40.00,31.00,0.5137,1,1
928,24,840.00,179.00,76.00,53.00,0.9158,1,1
928,34,720.00,466.00,33.00,37.00,0.4175,1,1
928,38,457.00,322.00,43.00,32.00,0.5148,1,1
928,83,251.00,495.00,43.00,48.00,0.5210,1,1
928,87,192.00,413.00,39.00,28.00,0.5914,1,1
928,88,847.00,225.00,31.00,33.00,0.5656,1,1
929,1,464.00,432.00,88.00,92.00,0.9341,1,1
929,2,757.00,270.00,72.00,65.00,0.9271,1,1
929,4,363.00,192.00,70.00,56.00,0.9021,1,1
929,5,170.00,360.00,70.00,59.00,0.9090,1,1
929,10,211.00,521.00,49.00,34.00,0.6394,1,1
929,14,193.00,408.00,40.00,31.00,0.5137,1,1
929,21,408.00,223.00,25.00,33.00,0.2763,1,1
929,24,839.00,177.00,77.00,54.00,0.8843,1,1
929,34,720.00,466.00,32.00,37.00,0.4589,1,1
929,38,457.00,318.00,41.00,33.00,0.6507,1,1
929,83,254.00,493.00,39.00,50.00,0.5780,1,1
929,87,193.00,409.00,40.00,30.00,0.6113,1,1
929,88,845.00,223.00,31.00,32.00,0.6445,1,1
930,1,463.00,432.00,89.00,93.00,0.9362,1,1
930,2,758.00,270.00,71.00,65.00,0.9292,1,1
930,4,364.00,191.00,69.00,57.00,0.9105,1,1
930,5,169.00,359.00,71.00,60.00,0.9181,1,1
930,10,213.00,520.00,53.00,33.00,0.7195,1,1
930,21,408.00,221.00,25.00,33.00,0.4278,1,1
930,24,838.00,176.00,78.00,53.00,0.9002,1,1
930,34,720.00,466.00,34.00,38.00,0.6110,1,1
930,38,458.00,313.00,38.00,34.00,0.6172,1,1
930,83,253.00,490.00,37.00,51.00,0.5636,1,1
930,87,192.00,409.00,41.00,30.00,0.6747,1,1
930,88,845.00,223.00,31.00,31.00,0.6999,1,1
931,1,462.00,432.00,90.00,94.00,0.9360,1,1
931,2,758.00,270.00,71.00,66.00,0.9283,1,1
931,4,365.00,190.00,70.00,56.00,0.9173,1,1
931,5,169.00,359.00,72.00,60.00,0.9169,1,1
931,10,216.00,521.00,50.00,33.00,0.6881,1,1
931,21,407.00,222.00,27.00,31.00,0.5127,1,1
931,24,838.00,175.00,78.00,52.00,0.9134,1,1
931,34,720.00,466.00,34.00,38.00,0.5738,1,1
931,37,222.00,514.00,53.00,35.00,0.2571,1,1
931,38,461.00,310.00,36.00,34.00,0.4815,1,1
931,83,253.00,494.00,39.00,49.00,0.6744,1,1
931,87,192.00,409.00,41.00,30.00,0.6820,1,1
931,88,844.00,222.00,31.00,32.00,0.3191,1,1
932,1,461.00,432.00,91.00,94.00,0.9372,1,1
932,2,758.00,270.00,71.00,66.00,0.9274,1,1
932,4,366.00,189.00,69.00,54.00,0.8976,1,1
932,5,170.00,359.00,70.00,59.00,0.9148,1,1
932,10,219.00,526.00,51.00,32.00,0.5391,1,1
932,21,409.00,219.00,25.00,31.00,0.4817,1,1
932,24,839.00,174.00,77.00,52.00,0.9119,1,1
932,26,369.00,677.00,27.00,32.00,0.3540,1,1
932,34,720.00,466.00,34.00,38.00,0.5754,1,1
932,37,224.00,520.00,55.00,35.00,0.2571,1,1
932,38,462.00,308.00,34.00,34.00,0.4815,1,1
932,83,254.00,496.00,38.00,47.00,0.6483,1,1
932,87,192.00,408.00,40.00,31.00,0.6754,1,1
932,88,844.00,219.00,30.00,33.00,0.2781,1,1
933,1,459.00,432.00,92.00,94.00,0.9419,1,1
933,2,758.00,271.00,71.00,65.00,0.9269,1,1
933,4,369.00,188.00,66.00,54.00,0.8770,1,1
933,5,171.00,359.00,70.00,59.00,0.9153,1,1
933,10,220.00,527.00,51.00,30.00,0.4507,1,1
933,21,410.00,218.00,25.00,30.00,0.2908,1,1
933,24,839.00,174.00,76.00,51.00,0.9147,1,1
933,26,371.00,678.00,27.00,33.00,0.3443,1,1
933,34,720.00,467.00,33.00,37.00,0.5427,1,1
933,83,253.00,495.00,38.00,47.00,0.6405,1,1
933,87,192.00,409.00,40.00,29.00,0.6957,1,1
933,88,842.00,218.00,31.00,33.00,0.2781,1,1
934,1,457.00,432.00,93.00,94.00,0.9468,1,1
934,2,758.00,271.00,71.00,65.00,0.9243,1,1
934,4,371.00,185.00,65.00,56.00,0.9001,1,1
934,5,171.00,359.00,70.00,59.00,0.9167,1,1
934,10,221.00,525.00,50.00,30.00,0.6271,1,1
934,21,411.00,219.00,25.00,29.00,0.2812,1,1
934,24,838.00,173.00,77.00,52.00,0.9053,1,1
934,26,371.00,677.00,26.00,34.00,0.3597,1,1
934,34,720.00,467.00,33.00,37.00,0.5904,1,1
934,83,254.00,495.00,38.00,46.00,0.6835,1,1
934,87,192.00,408.00,40.00,30.00,0.6982,1,1
935,1,456.00,431.00,91.00,94.00,0.9431,1,1
935,2,758.00,271.00,70.00,65.00,0.9241,1,1
935,4,371.00,184.00,66.00,55.00,0.9070,1,1
935,5,171.00,359.00,70.00,59.00,0.9177,1,1
935,10,221.00,523.00,48.00,30.00,0.7569,1,1
935,21,412.00,217.00,24.00,30.00,0.2812,1,1
935,24,837.00,172.00,77.00,52.00,0.9169,1,1
935,26,373.00,677.00,28.00,35.00,0.2623,1,1
935,34,720.00,466.00,34.00,38.00,0.3286,1,1
935,83,256.00,495.00,34.00,47.00,0.6542,1,1
935,87,192.00,408.00,40.00,30.00,0.6950,1,1
936,1,455.00,431.00,90.00,93.00,0.9381,1,1
936,2,758.00,271.00,69.00,65.00,0.9221,1,1
936,4,373.00,183.00,66.00,54.00,0.9096,1,1
936,5,170.00,358.00,71.00,60.00,0.9212,1,1
936,10,219.00,521.00,49.00,29.00,0.7447,1,1
936,24,836.00,172.00,77.00,52.00,0.9145,1,1
936,26,382.00,690.00,27.00,35.00,0.2623,1,1
936,34,720.00,466.00,35.00,38.00,0.2872,1,1
936,83,255.00,496.00,37.00,46.00,0.6066,1,1
936,87,191.00,408.00,41.00,29.00,0.7100,1,1
936,88,839.00,214.00,29.00,36.00,0.2820,1,1
937,1,455.00,430.00,90.00,94.00,0.9400,1,1
937,2,758.00,271.00,69.00,65.00,0.9230,1,1
937,4,375.00,182.00,65.00,55.00,0.9128,1,1
937,5,171.00,358.00,70.00,60.00,0.9198,1,1
937,10,220.00,521.00,50.00,29.00,0.7777,1,1
937,24,834.00,172.00,78.00,52.00,0.9053,1,1
937,34,720.00,467.00,35.00,37.00,0.2875,1,1
937,83,256.00,497.00,36.00,45.00,0.6621,1,1
937,87,192.00,407.00,40.00,30.00,0.6911,1,1
937,88,838.00,214.00,29.00,36.00,0.3057,1,1
938,1,455.00,429.00,90.00,94.00,0.9382,1,1
938,2,758.00,271.00,70.00,65.00,0.9236,1,1
938,4,377.00,180.00,66.00,58.00,0.8945,1,1
938,5,171.00,358.00,71.00,60.00,0.9164,1,1
938,10,222.00,523.00,50.00,30.00,0.7950,1,1
938,24,833.00,171.00,76.00,53.00,0.9290,1,1
938,26,378.00,673.00,31.00,42.00,0.5044,1,1
938,34,720.00,467.00,35.00,37.00,0.3080,1,1
938,83,254.00,496.00,38.00,45.00,0.6040,1,1
938,87,192.00,406.00,40.00,30.00,0.6870,1,1
938,88,837.00,216.00,29.00,33.00,0.2841,1,1
939,1,455.00,429.00,90.00,93.00,0.9359,1,1
939,2,757.00,271.00,70.00,65.00,0.9191,1,1
939,4,378.00,177.00,68.00,59.00,0.9013,1,1
939,5,171.00,358.00,71.00,60.00,0.9162,1,1
939,10,226.00,523.00,49.00,30.00,0.6944,1,1
939,24,832.00,171.00,77.00,53.00,0.9305,1,1
939,26,379.00,673.00,31.00,42.00,0.6973,1,1
939,34,720.00,467.00,35.00,37.00,0.3080,1,1
939,83,254.00,496.00,39.00,46.00,0.6727,1,1
939,87,192.00,406.00,40.00,30.00,0.6907,1,1
939,88,836.00,218.00,30.00,31.00,0.3779,1,1
940,1,456.00,428.00,91.00,93.00,0.9372,1,1
940,2,757.00,272.00,70.00,64.00,0.9200,1,1
940,4,381.00,178.00,68.00,57.00,0.9037,1,1
940,5,171.00,358.00,71.00,59.00,0.9157,1,1
940,10,226.00,527.00,49.00,29.00,0.6668,1,1
940,24,832.00,171.00,77.00,52.00,0.9343,1,1
940,26,383.00,673.00,29.00,43.00,0.7704,1,1
940,83,255.00,497.00,36.00,46.00,0.6566,1,1
940,87,192.00,408.00,40.00,29.00,0.7411,1,1
940,88,836.00,218.00,29.00,31.00,0.3533,1,1
941,1,458.00,425.00,90.00,95.00,0.9297,1,1
941,2,756.00,272.00,70.00,64.00,0.9194,1,1
941,4,383.00,177.00,68.00,60.00,0.9011,1,1
941,5,171.00,358.00,71.00,60.00,0.9157,1,1
941,10,226.00,524.00,50.00,29.00,0.6465,1,1
941,24,832.00,171.00,76.00,51.00,0.9342,1,1
941,26,385.00,675.00,31.00,43.00,0.7918,1,1
941,34,720.00,467.00,36.00,37.00,0.2580,1,1
941,83,255.00,496.00,36.00,47.00,0.6739,1,1
941,87,192.00,408.00,40.00,29.00,0.7417,1,1
941,88,836.00,216.00,29.00,33.00,0.3253,1,1
942,1,461.00,424.00,89.00,96.00,0.9242,1,1
942,2,755.00,272.00,70.00,64.00,0.9169,1,1
942,4,386.00,177.00,68.00,58.00,0.8798,1,1
942,5,171.00,357.00,71.00,60.00,0.9153,1,1
942,10,225.00,523.00,50.00,30.00,0.6944,1,1
942,24,832.00,171.00,76.00,51.00,0.9318,1,1
942,26,387.00,676.00,30.00,43.00,0.7848,1,1
942,34,720.00,467.00,36.00,37.00,0.2942,1,1
942,83,254.00,496.00,37.00,47.00,0.6316,1,1
942,87,192.00,408.00,40.00,29.00,0.7613,1,1
942,88,835.00,215.00,30.00,34.00,0.3537,1,1
943,1,462.00,422.00,90.00,96.00,0.9226,1,1
943,2,755.00,272.00,70.00,64.00,0.9154,1,1
943,4,392.00,176.00,66.00,58.00,0.8877,1,1
943,5,171.00,358.00,70.00,59.00,0.9195,1,1
943,10,226.00,522.00,49.00,31.00,0.7539,1,1
943,24,832.00,171.00,76.00,51.00,0.9281,1,1
943,26,389.00,676.00,30.00,45.00,0.7793,1,1
943,34,720.00,467.00,36.00,37.00,0.2942,1,1
943,83,254.00,496.00,36.00,47.00,0.5889,1,1
943,87,191.00,406.00,41.00,30.00,0.7695,1,1
943,88,834.00,220.00,30.00,30.00,0.3584,1,1
944,1,464.00,419.00,91.00,97.00,0.9340,1,1
944,2,754.00,272.00,71.00,64.00,0.9158,1,1
944,4,397.00,176.00,66.00,58.00,0.9071,1,1
944,5,171.00,358.00,70.00,59.00,0.9212,1,1
944,10,224.00,520.00,49.00,30.00,0.8074,1,1
944,24,831.00,171.00,77.00,52.00,0.9350,1,1
944,26,388.00,676.00,33.00,45.00,0.8159,1,1
944,34,720.00,467.00,36.00,37.00,0.2650,1,1
944,38,508.00,288.00,37.00,31.00,0.4015,1,1
944,83,254.00,497.00,37.00,43.00,0.5012,1,1
944,87,190.00,406.00,42.00,30.00,0.7711,1,1
944,88,834.00,217.00,29.00,32.00,0.5184,1,1
945,1,467.00,418.00,88.00,93.00,0.9406,1,1
945,2,754.00,272.00,70.00,64.00,0.9178,1,1
945,4,402.00,175.00,65.00,58.00,0.8820,1,1
945,5,171.00,358.00,71.00,59.00,0.9248,1,1
945,10,224.00,520.00,47.00,28.00,0.7729,1,1
945,24,831.00,171.00,77.00,52.00,0.9382,1,1
945,26,389.00,676.00,35.00,44.00,0.8115,1,1
945,34,721.00,467.00,35.00,37.00,0.2650,1,1
945,38,513.00,284.00,35.00,32.00,0.6906,1,1
945,83,255.00,497.00,36.00,44.00,0.4896,1,1
945,87,190.00,406.00,42.00,30.00,0.7871,1,1
945,88,834.00,214.00,29.00,35.00,0.5088,1,1
946,1,470.00,416.00,88.00,94.00,0.9437,1,1
946,2,754.00,272.00,70.00,64.00,0.9194,1,1
946,4,408.00,174.00,64.00,60.00,0.8886,1,1
946,5,171.00,358.00,71.00,59.00,0.9249,1,1
946,10,223.00,520.00,46.00,28.00,0.7307,1,1
946,24,831.00,171.00,77.00,52.00,0.9393,1,1
946,26,390.00,675.00,35.00,45.00,0.8167,1,1
946,38,518.00,282.00,36.00,33.00,0.5672,1,1
946,83,256.00,497.00,35.00,44.00,0.4825,1,1
946,87,190.00,406.00,42.00,30.00,0.7812,1,1
946,88,834.00,213.00,29.00,35.00,0.4916,1,1
947,1,473.00,415.00,87.00,93.00,0.9400,1,1
947,2,754.00,272.00,70.00,64.00,0.9217,1,1
947,4,412.00,173.00,64.00,57.00,0.8899,1,1
947,5,171.00,358.00,71.00,59.00,0.9240,1,1
947,10,224.00,520.00,45.00,27.00,0.7307,1,1
947,14,222.00,520.00,45.00,34.00,0.7779,1,1
947,24,832.00,171.00,75.00,54.00,0.9376,1,1
947,26,389.00,675.00,36.00,45.00,0.8028,1,1
947,37,256.00,497.00,34.00,46.00,0.4032,1,1
947,38,522.00,281.00,37.00,32.00,0.5101,1,1
947,83,256.00,498.00,35.00,43.00,0.4825,1,1
947,87,191.00,406.00,41.00,30.00,0.7836,1,1
947,88,834.00,213.00,29.00,33.00,0.6411,1,1
948,1,476.00,413.00,86.00,93.00,0.9124,1,1
948,2,754.00,272.00,70.00,64.00,0.9195,1,1
948,4,419.00,171.00,62.00,57.00,0.8969,1,1
948,5,171.00,358.00,71.00,59.00,0.9245,1,1
948,14,221.00,522.00,45.00,33.00,0.7887,1,1
948,24,833.00,171.00,74.00,55.00,0.9412,1,1
948,26,389.00,675.00,38.00,45.00,0.8203,1,1
948,37,255.00,496.00,33.00,46.00,0.3676,1,1
948,38,526.00,279.00,36.00,32.00,0.5101,1,1
948,87,191.00,406.00,41.00,30.00,0.7882,1,1
948,88,836.00,213.00,27.00,32.00,0.6815,1,1
949,1,479.00,411.00,87.00,93.00,0.9300,1,1
949,2,754.00,272.00,70.00,64.00,0.9199,1,1
949,4,424.00,169.00,64.00,58.00,0.8773,1,1
949,5,171.00,358.00,71.00,59.00,0.9243,1,1
949,14,220.00,522.00,44.00,34.00,0.7838,1,1
949,24,833.00,171.00,75.00,55.00,0.9350,1,1
949,26,390.00,675.00,38.00,45.00,0.8363,1,1
949,37,256.00,495.00,32.00,48.00,0.4393,1,1
949,87,190.00,406.00,42.00,30.00,0.7854,1,1
949,88,836.00,212.00,27.00,32.00,0.5387,1,1
950,1,481.00,409.00,88.00,93.00,0.9446,1,1
950,2,754.00,272.00,70.00,64.00,0.9181,1,1
950,4,429.00,168.00,64.00,57.00,0.9231,1,1
950,5,171.00,357.00,71.00,60.00,0.9238,1,1
950,14,221.00,527.00,44.00,34.00,0.7838,1,1
950,24,834.00,171.00,74.00,56.00,0.9353,1,1
950,26,391.00,675.00,39.00,46.00,0.8382,1,1
950,37,255.00,495.00,33.00,48.00,0.4522,1,1
950,38,537.00,274.00,37.00,34.00,0.6032,1,1
950,74,219.00,522.00,44.00,31.00,0.7791,1,1
950,87,190.00,406.00,42.00,30.00,0.7753,1,1
950,88,837.00,212.00,26.00,32.00,0.4868,1,1
951,1,484.00,407.00,88.00,92.00,0.9490,1,1
951,2,754.00,272.00,70.00,64.00,0.9194,1,1
951,4,434.00,166.00,63.00,58.00,0.9133,1,1
951,5,171.00,357.00,71.00,60.00,0.9213,1,1
951,24,834.00,171.00,74.00,57.00,0.9335,1,1
951,26,391.00,675.00,41.00,47.00,0.8366,1,1
951,37,257.00,496.00,31.00,49.00,0.5331,1,1
951,38,543.00,270.00,38.00,35.00,0.6513,1,1
951,74,217.00,522.00,45.00,31.00,0.7285,1,1
951,87,190.00,406.00,42.00,30.00,0.7689,1,1
951,88,838.00,212.00,25.00,32.00,0.4664,1,1
952,1,488.00,406.00,87.00,90.00,0.9573,1,1
952,2,754.00,272.00,70.00,64.00,0.9198,1,1
952,4,438.00,166.00,65.00,56.00,0.8874,1,1
952,5,171.00,357.00,71.00,60.00,0.9196,1,1
952,10,217.00,521.00,44.00,27.00,0.6575,1,1
952,24,835.00,171.00,73.00,57.00,0.9309,1,1
952,26,392.00,675.00,40.00,47.00,0.8311,1,1
952,37,257.00,495.00,32.00,49.00,0.4771,1,1
952,38,550.00,268.00,38.00,35.00,0.5719,1,1
952,74,211.00,530.00,45.00,32.00,0.7285,1,1
952,87,190.00,406.00,42.00,30.00,0.7387,1,1
952,88,839.00,213.00,25.00,32.00,0.3342,1,1
953,1,491.00,403.00,89.00,91.00,0.9489,1,1
953,2,754.00,271.00,70.00,65.00,0.9222,1,1
953,4,444.00,166.00,64.00,55.00,0.9178,1,1
953,5,171.00,357.00,71.00,60.00,0.9191,1,1
953,10,220.00,521.00,46.00,28.00,0.6986,1,1
953,24,836.00,171.00,73.00,57.00,0.9317,1,1
953,26,392.00,676.00,39.00,47.00,0.7804,1,1
953,37,258.00,495.00,31.00,48.00,0.4038,1,1
953,38,554.00,266.00,39.00,35.00,0.5719,1,1
953,87,190.00,406.00,42.00,30.00,0.7290,1,1
953,88,840.00,215.00,25.00,30.00,0.2870,1,1
954,1,495.00,401.00,85.00,92.00,0.9424,1,1
954,2,754.00,271.00,70.00,65.00,0.9254,1,1
954,4,447.00,166.00,64.00,56.00,0.9169,1,1
954,5,172.00,357.00,69.00,60.00,0.9186,1,1
954,10,221.00,520.00,46.00,29.00,0.7589,1,1
954,24,836.00,172.00,74.00,56.00,0.9263,1,1
954,26,392.00,675.00,40.00,48.00,0.7767,1,1
954,37,255.00,496.00,34.00,48.00,0.4224,1,1
954,38,562.00,268.00,37.00,32.00,0.3483,1,1
954,87,191.00,406.00,41.00,30.00,0.7453,1,1
954,88,841.00,214.00,25.00,31.00,0.2870,1,1
955,1,497.00,400.00,86.00,92.00,0.9422,1,1
955,2,754.00,271.00,70.00,65.00,0.9223,1,1
955,4,449.00,165.00,68.00,57.00,0.8990,1,1
955,5,172.00,357.00,69.00,59.00,0.9210,1,1
955,10,220.00,523.00,46.00,31.00,0.6873,1,1
955,24,836.00,173.00,74.00,56.00,0.9182,1,1
955,26,392.00,675.00,41.00,48.00,0.7628,1,1
955,37,255.00,496.00,35.00,50.00,0.5672,1,1
955,38,567.00,267.00,35.00,32.00,0.3922,1,1
955,87,190.00,407.00,41.00,29.00,0.7542,1,1
956,1,500.00,399.00,85.00,92.00,0.9344,1,1
956,2,754.00,271.00,70.00,65.00,0.9223,1,1
956,4,452.00,166.00,67.00,54.00,0.9111,1,1
956,5,171.00,357.00,69.00,60.00,0.9240,1,1
956,10,220.00,521.00,45.00,33.00,0.6675,1,1
956,24,837.00,173.00,74.00,55.00,0.9186,1,1
956,26,392.00,675.00,41.00,48.00,0.7915,1,1
956,37,256.00,496.00,33.00,50.00,0.6664,1,1
956,38,570.00,267.00,34.00,32.00,0.4559,1,1
956,83,243.00,511.00,33.00,38.00,0.3942,1,1
956,87,190.00,407.00,41.00,29.00,0.7464,1,1
957,1,501.00,399.00,85.00,92.00,0.9361,1,1
957,2,754.00,271.00,70.00,65.00,0.9204,1,1
957,4,455.00,165.00,67.00,55.00,0.9345,1,1
957,5,171.00,357.00,69.00,60.00,0.9230,1,1
957,10,223.00,521.00,39.00,31.00,0.7300,1,1
957,24,838.00,174.00,74.00,54.00,0.9152,1,1
957,26,391.00,675.00,42.00,48.00,0.8040,1,1
957,37,256.00,496.00,33.00,50.00,0.5975,1,1
957,38,569.00,267.00,37.00,33.00,0.4030,1,1
957,74,237.00,516.00,33.00,33.00,0.3063,1,1
957,83,242.00,512.00,33.00,37.00,0.3942,1,1
957,87,190.00,406.00,41.00,30.00,0.7595,1,1
958,1,503.00,397.00,84.00,91.00,0.9388,1,1
958,2,754.00,271.00,70.00,65.00,0.9228,1,1
958,4,458.00,165.00,67.00,54.00,0.9336,1,1
958,5,171.00,357.00,69.00,60.00,0.9225,1,1
958,10,223.00,520.00,39.00,32.00,0.7300,1,1
958,14,221.00,519.00,40.00,29.00,0.7415,1,1
958,24,838.00,175.00,75.00,54.00,0.9130,1,1
958,26,391.00,675.00,42.00,48.00,0.7929,1,1
958,37,255.00,496.00,34.00,49.00,0.5638,1,1
958,38,570.00,267.00,37.00,34.00,0.5822,1,1
958,74,238.00,520.00,31.00,34.00,0.3063,1,1
958,87,190.00,406.00,41.00,29.00,0.7394,1,1
959,1,504.00,397.00,83.00,89.00,0.9488,1,1
959,2,754.00,271.00,70.00,65.00,0.9220,1,1
959,4,458.00,165.00,70.00,53.00,0.9287,1,1
959,5,171.00,357.00,69.00,60.00,0.9222,1,1
959,14,222.00,520.00,42.00,28.00,0.7207,1,1
959,24,838.00,175.00,75.00,54.00,0.9154,1,1
959,26,391.00,676.00,42.00,49.00,0.8131,1,1
959,37,255.00,495.00,35.00,48.00,0.5785,1,1
959,38,569.00,269.00,38.00,34.00,0.5342,1,1
959,87,190.00,406.00,41.00,29.00,0.7211,1,1
960,1,504.00,396.00,83.00,89.00,0.9541,1,1
960,2,754.00,271.00,70.00,65.00,0.9227,1,1
960,4,459.00,166.00,72.00,52.00,0.9021,1,1
960,5,170.00,357.00,70.00,60.00,0.9228,1,1
960,14,221.00,520.00,48.00,28.00,0.7268,1,1
960,24,838.00,175.00,75.00,55.00,0.9128,1,1
960,26,391.00,676.00,42.00,48.00,0.8038,1,1
960,37,255.00,496.00,35.00,46.00,0.6335,1,1
960,38,566.00,273.00,43.00,33.00,0.4438,1,1
960,87,190.00,406.00,41.00,29.00,0.6975,1,1
961,1,505.00,395.00,83.00,89.00,0.9537,1,1
961,2,754.00,271.00,70.00,65.00,0.9231,1,1
961,4,461.00,166.00,71.00,51.00,0.9056,1,1
961,5,171.00,357.00,69.00,60.00,0.9208,1,1
961,14,221.00,521.00,49.00,27.00,0.7268,1,1
961,24,838.00,176.00,75.00,55.00,0.9070,1,1
961,26,391.00,674.00,42.00,50.00,0.8239,1,1
961,37,255.00,496.00,35.00,48.00,0.6721,1,1
961,38,566.00,277.00,43.00,32.00,0.7515,1,1
961,74,222.00,521.00,51.00,29.00,0.7017,1,1
961,87,190.00,406.00,41.00,30.00,0.6972,1,1
962,1,505.00,395.00,83.00,87.00,0.9552,1,1
962,2,754.00,271.00,70.00,65.00,0.9246,1,1
962,4,463.00,166.00,71.00,49.00,0.9002,1,1
962,5,171.00,358.00,69.00,58.00,0.9209,1,1
962,24,838.00,176.00,75.00,55.00,0.8991,1,1
962,26,390.00,672.00,41.00,52.00,0.8129,1,1
962,37,254.00,496.00,37.00,45.00,0.6900,1,1
962,38,569.00,277.00,43.00,33.00,0.7515,1,1
962,74,223.00,524.00,48.00,28.00,0.4582,1,1
962,87,189.00,407.00,42.00,29.00,0.7506,1,1
963,1,504.00,395.00,85.00,85.00,0.9602,1,1
963,2,754.00,271.00,70.00,65.00,0.9237,1,1
963,4,465.00,166.00,71.00,49.00,0.8916,1,1
963,5,170.00,358.00,70.00,58.00,0.9226,1,1
963,21,507.00,198.00,26.00,29.00,0.3158,1,1
963,24,838.00,176.00,75.00,56.00,0.9077,1,1
963,26,393.00,667.00,40.00,53.00,0.8385,1,1
963,37,255.00,496.00,37.00,45.00,0.7158,1,1
963,74,224.00,524.00,48.00,28.00,0.6340,1,1
963,87,191.00,406.00,40.00,31.00,0.7710,1,1
964,1,504.00,395.00,85.00,85.00,0.9616,1,1
964,2,754.00,271.00,69.00,65.00,0.9261,1,1
964,4,466.00,166.00,71.00,48.00,0.8779,1,1
964,5,170.00,358.00,70.00,58.00,0.9233,1,1
964,21,507.00,198.00,27.00,29.00,0.3795,1,1
964,24,838.00,178.00,75.00,54.00,0.9037,1,1
964,26,392.00,663.00,41.00,54.00,0.7863,1,1
964,37,255.00,496.00,37.00,46.00,0.6923,1,1
964,74,224.00,523.00,48.00,28.00,0.7107,1,1
964,87,191.00,406.00,40.00,31.00,0.7835,1,1
965,1,503.00,395.00,86.00,85.00,0.9649,1,1
965,2,753.00,271.00,70.00,65.00,0.9230,1,1
965,4,467.00,166.00,69.00,47.00,0.8783,1,1
965,5,170.00,357.00,70.00,59.00,0.9226,1,1
965,21,501.00,199.00,34.00,28.00,0.5376,1,1
965,24,837.00,179.00,76.00,54.00,0.9183,1,1
965,26,392.00,662.00,40.00,51.00,0.8222,1,1
965,37,255.00,495.00,37.00,46.00,0.6660,1,1
965,74,223.00,526.00,50.00,27.00,0.7107,1,1
965,83,222.00,524.00,50.00,28.00,0.7805,1,1
965,87,191.00,406.00,40.00,31.00,0.7846,1,1
965,88,846.00,225.00,29.00,30.00,0.2964,1,1
966,1,503.00,394.00,86.00,86.00,0.9648,1,1
966,2,753.00,271.00,70.00,65.00,0.9226,1,1
966,4,468.00,165.00,68.00,46.00,0.8889,1,1
966,5,170.00,357.00,70.00,59.00,0.9219,1,1
966,10,220.00,524.00,47.00,30.00,0.7591,1,1
966,21,509.00,193.00,27.00,32.00,0.5713,1,1
966,24,837.00,181.00,76.00,53.00,0.9155,1,1
966,26,397.00,659.00,35.00,50.00,0.7932,1,1
966,37,255.00,495.00,37.00,48.00,0.5605,1,1
966,83,221.00,525.00,50.00,27.00,0.7805,1,1
966,87,190.00,406.00,41.00,31.00,0.7970,1,1
966,88,848.00,229.00,28.00,29.00,0.5228,1,1
967,1,501.00,394.00,88.00,86.00,0.9645,1,1
967,2,753.00,271.00,70.00,65.00,0.9206,1,1
967,4,471.00,163.00,65.00,46.00,0.8846,1,1
967,5,171.00,357.00,69.00,59.00,0.9189,1,1
967,10,224.00,529.00,43.00,31.00,0.8540,1,1
967,21,507.00,193.00,30.00,31.00,0.7631,1,1
967,24,837.00,182.00,76.00,52.00,0.9322,1,1
967,26,399.00,657.00,33.00,47.00,0.8463,1,1
967,34,222.00,525.00,48.00,30.00,0.3028,1,1
967,37,256.00,495.00,36.00,50.00,0.5214,1,1
967,38,564.00,271.00,42.00,24.00,0.3350,1,1
967,87,190.00,406.00,41.00,31.00,0.7963,1,1
967,88,848.00,231.00,29.00,29.00,0.4035,1,1
968,1,500.00,395.00,88.00,85.00,0.9611,1,1
968,2,753.00,271.00,70.00,65.00,0.9250,1,1
968,4,475.00,162.00,60.00,44.00,0.8868,1,1
968,5,171.00,357.00,69.00,59.00,0.9195,1,1
968,10,222.00,529.00,40.00,31.00,0.8620,1,1
968,21,504.00,192.00,33.00,32.00,0.8316,1,1
968,24,837.00,183.00,76.00,52.00,0.9419,1,1
968,26,399.00,656.00,34.00,47.00,0.8423,1,1
968,34,199.00,528.00,49.00,29.00,0.3028,1,1
968,37,257.00,497.00,33.00,50.00,0.4981,1,1
968,38,565.00,270.00,46.00,23.00,0.6349,1,1
968,87,190.00,406.00,42.00,31.00,0.7903,1,1
968,88,847.00,233.00,31.00,26.00,0.5122,1,1
969,1,498.00,395.00,89.00,84.00,0.9587,1,1
969,2,753.00,271.00,70.00,65.00,0.9244,1,1
969,4,479.00,161.00,55.00,45.00,0.8685,1,1
969,5,171.00,357.00,70.00,59.00,0.9189,1,1
969,10,218.00,529.00,43.00,31.00,0.8377,1,1
969,21,501.00,191.00,34.00,32.00,0.8789,1,1
969,24,836.00,185.00,75.00,51.00,0.9429,1,1
969,26,399.00,653.00,34.00,41.00,0.8513,1,1
969,37,257.00,496.00,33.00,52.00,0.4857,1,1
969,38,572.00,269.00,42.00,21.00,0.6735,1,1
969,87,191.00,406.00,40.00,30.00,0.7661,1,1
969,88,848.00,234.00,30.00,28.00,0.6394,1,1
970,1,496.00,395.00,90.00,84.00,0.9574,1,1
970,2,753.00,271.00,70.00,65.00,0.9261,1,1
970,4,479.00,161.00,52.00,44.00,0.8676,1,1
970,5,171.00,357.00,70.00,59.00,0.9193,1,1
970,10,218.00,524.00,43.00,33.00,0.8468,1,1
970,21,498.00,192.00,34.00,32.00,0.9017,1,1
970,24,837.00,186.00,74.00,51.00,0.9373,1,1
970,26,399.00,649.00,34.00,41.00,0.7960,1,1
970,37,256.00,494.00,36.00,53.00,0.4817,1,1
970,38,577.00,267.00,42.00,23.00,0.7190,1,1
970,87,191.00,406.00,41.00,31.00,0.6942,1,1
970,88,848.00,238.00,31.00,26.00,0.7227,1,1
971,1,496.00,395.00,90.00,84.00,0.9507,1,1
971,2,753.00,271.00,70.00,65.00,0.9243,1,1
971,4,479.00,160.00,51.00,43.00,0.8701,1,1
971,5,171.00,357.00,70.00,59.00,0.9201,1,1
971,10,216.00,521.00,44.00,32.00,0.7647,1,1
971,21,494.00,193.00,37.00,33.00,0.9298,1,1
971,24,837.00,187.00,73.00,51.00,0.9277,1,1
971,26,401.00,642.00,33.00,43.00,0.8447,1,1
971,37,256.00,494.00,36.00,53.00,0.4683,1,1
971,38,573.00,267.00,47.00,24.00,0.6423,1,1
971,87,191.00,406.00,40.00,30.00,0.6610,1,1
971,88,848.00,240.00,31.00,26.00,0.7430,1,1
972,1,495.00,396.00,91.00,83.00,0.9442,1,1
972,2,753.00,271.00,70.00,65.00,0.9256,1,1
972,4,479.00,160.00,50.00,41.00,0.8629,1,1
972,5,171.00,358.00,70.00,58.00,0.9216,1,1
972,10,217.00,519.00,46.00,32.00,0.7410,1,1
972,21,493.00,193.00,37.00,33.00,0.9352,1,1
972,24,836.00,188.00,74.00,51.00,0.9152,1,1
972,26,401.00,636.00,35.00,46.00,0.8190,1,1
972,37,257.00,495.00,33.00,51.00,0.5626,1,1
972,38,579.00,269.00,44.00,22.00,0.5565,1,1
972,87,191.00,406.00,41.00,30.00,0.6640,1,1
972,88,849.00,237.00,31.00,26.00,0.2630,1,1
973,1,494.00,396.00,92.00,84.00,0.9414,1,1
973,2,753.00,271.00,70.00,65.00,0.9252,1,1
973,4,479.00,159.00,51.00,41.00,0.8631,1,1
973,5,171.00,358.00,70.00,58.00,0.9205,1,1
973,10,219.00,519.00,44.00,30.00,0.8045,1,1
973,21,492.00,193.00,37.00,32.00,0.9332,1,1
973,24,836.00,189.00,74.00,51.00,0.9209,1,1
973,26,404.00,633.00,34.00,47.00,0.6867,1,1
973,37,257.00,496.00,33.00,50.00,0.4928,1,1
973,38,574.00,270.00,48.00,22.00,0.2550,1,1
973,87,191.00,406.00,41.00,30.00,0.6536,1,1
973,88,848.00,240.00,31.00,27.00,0.5936,1,1
974,1,494.00,396.00,91.00,84.00,0.9342,1,1
974,2,753.00,271.00,70.00,65.00,0.9251,1,1
974,4,479.00,158.00,51.00,41.00,0.8663,1,1
974,5,171.00,357.00,70.00,59.00,0.9187,1,1
974,10,220.00,521.00,43.00,31.00,0.7001,1,1
974,14,243.00,509.00,41.00,40.00,0.2609,1,1
974,21,492.00,193.00,37.00,32.00,0.9461,1,1
974,24,836.00,190.00,74.00,51.00,0.9236,1,1
974,26,404.00,629.00,35.00,40.00,0.6558,1,1
974,37,257.00,495.00,33.00,52.00,0.6367,1,1
974,38,582.00,271.00,43.00,21.00,0.3033,1,1
974,87,191.00,406.00,41.00,31.00,0.6145,1,1
974,88,848.00,240.00,31.00,28.00,0.6052,1,1
975,1,493.00,397.00,92.00,83.00,0.9312,1,1
975,2,753.00,271.00,70.00,64.00,0.9269,1,1
975,4,479.00,157.00,51.00,41.00,0.8837,1,1
975,5,171.00,357.00,70.00,59.00,0.9205,1,1
975,10,219.00,521.00,44.00,32.00,0.5927,1,1
975,14,244.00,508.00,41.00,42.00,0.2609,1,1
975,21,491.00,192.00,37.00,33.00,0.9543,1,1
975,24,836.00,191.00,74.00,51.00,0.9273,1,1
975,26,408.00,625.00,33.00,37.00,0.6302,1,1
975,37,258.00,496.00,34.00,51.00,0.6788,1,1
975,38,584.00,271.00,43.00,20.00,0.3033,1,1
975,87,191.00,406.00,41.00,30.00,0.6903,1,1
975,88,849.00,242.00,30.00,29.00,0.5383,1,1
976,1,493.00,397.00,92.00,83.00,0.9307,1,1
976,2,753.00,271.00,70.00,64.00,0.9276,1,1
976,4,479.00,156.00,51.00,39.00,0.8938,1,1
976,5,171.00,357.00,70.00,59.00,0.9207,1,1
976,10,219.00,520.00,44.00,33.00,0.7095,1,1
976,21,491.00,192.00,38.00,32.00,0.9523,1,1
976,24,836.00,191.00,74.00,51.00,0.9313,1,1
976,26,410.00,623.00,35.00,37.00,0.4964,1,1
976,37,259.00,496.00,33.00,51.00,0.6697,1,1
976,87,189.00,406.00,42.00,29.00,0.6779,1,1
976,88,848.00,241.00,32.00,30.00,0.6021,1,1
977,1,493.00,398.00,91.00,83.00,0.9319,1,1
977,2,753.00,271.00,70.00,65.00,0.9269,1,1
977,4,480.00,155.00,51.00,37.00,0.8927,1,1
977,5,171.00,357.00,70.00,59.00,0.9191,1,1
977,10,220.00,519.00,44.00,31.00,0.7692,1,1
977,21,491.00,191.00,37.00,31.00,0.9510,1,1
977,24,836.00,191.00,73.00,52.00,0.9307,1,1
977,26,424.00,619.00,28.00,39.00,0.5549,1,1
977,37,260.00,495.00,31.00,51.00,0.5156,1,1
977,87,189.00,406.00,42.00,29.00,0.6769,1,1
977,88,848.00,242.00,32.00,29.00,0.6388,1,1
978,1,493.00,398.00,91.00,83.00,0.9294,1,1
978,2,752.00,270.00,71.00,66.00,0.9267,1,1
978,4,480.00,154.00,51.00,37.00,0.8759,1,1
978,5,170.00,357.00,71.00,59.00,0.9210,1,1
978,10,222.00,519.00,46.00,30.00,0.7851,1,1
978,21,491.00,190.00,37.00,30.00,0.9427,1,1
978,24,836.00,191.00,73.00,52.00,0.9297,1,1
978,26,427.00,616.00,27.00,38.00,0.5549,1,1
978,37,255.00,494.00,37.00,49.00,0.4920,1,1
978,87,191.00,407.00,40.00,29.00,0.7209,1,1
978,88,848.00,243.00,32.00,29.00,0.6625,1,1
979,1,493.00,399.00,90.00,82.00,0.9264,1,1
979,2,752.00,270.00,71.00,66.00,0.9297,1,1
979,4,481.00,153.00,51.00,37.00,0.8680,1,1
979,5,170.00,357.00,70.00,59.00,0.9237,1,1
979,10,224.00,519.00,48.00,30.00,0.6455,1,1
979,21,491.00,189.00,37.00,31.00,0.9298,1,1
979,24,836.00,191.00,73.00,52.00,0.9274,1,1
979,37,254.00,493.00,38.00,52.00,0.5853,1,1
979,87,191.00,407.00,40.00,30.00,0.7074,1,1
979,88,849.00,243.00,31.00,29.00,0.6662,1,1
980,1,493.00,400.00,91.00,81.00,0.9260,1,1
980,2,752.00,270.00,71.00,66.00,0.9315,1,1
980,4,481.00,152.00,51.00,37.00,0.8824,1,1
980,5,170.00,357.00,69.00,59.00,0.9229,1,1
980,10,224.00,519.00,49.00,29.00,0.6455,1,1
980,21,490.00,187.00,37.00,32.00,0.9218,1,1
980,24,835.00,191.00,74.00,52.00,0.9233,1,1
980,37,254.00,493.00,38.00,51.00,0.5669,1,1
980,74,221.00,519.00,51.00,32.00,0.4279,1,1
980,87,189.00,407.00,41.00,29.00,0.7095,1,1
980,88,849.00,243.00,31.00,29.00,0.6490,1,1
981,1,493.00,401.00,91.00,81.00,0.9149,1,1
981,2,752.00,270.00,71.00,66.00,0.9320,1,1
981,4,481.00,152.00,51.00,37.00,0.8853,1,1
981,5,170.00,358.00,69.00,58.00,0.9214,1,1
981,21,490.00,187.00,37.00,32.00,0.9102,1,1
981,24,835.00,191.00,74.00,52.00,0.9248,1,1
981,34,489.00,305.00,38.00,32.00,0.2543,1,1
981,37,254.00,494.00,38.00,50.00,0.5889,1,1
981,74,220.00,519.00,52.00,32.00,0.2525,1,1
981,87,189.00,407.00,41.00,29.00,0.7368,1,1
981,88,849.00,243.00,31.00,29.00,0.6596,1,1
982,1,493.00,401.00,91.00,81.00,0.9179,1,1
982,2,752.00,270.00,70.00,66.00,0.9349,1,1
982,4,481.00,150.00,51.00,39.00,0.8820,1,1
982,5,168.00,357.00,72.00,59.00,0.9246,1,1
982,10,224.00,520.00,49.00,30.00,0.6992,1,1
982,21,490.00,186.00,37.00,33.00,0.8740,1,1
982,24,835.00,191.00,74.00,52.00,0.9259,1,1
982,34,508.00,291.00,38.00,33.00,0.2543,1,1
982,37,255.00,494.00,37.00,51.00,0.6652,1,1
982,74,220.00,519.00,53.00,33.00,0.2525,1,1
982,87,189.00,406.00,41.00,30.00,0.7275,1,1
982,88,849.00,243.00,31.00,29.00,0.6737,1,1
983,1,493.00,402.00,90.00,80.00,0.9180,1,1
983,2,751.00,270.00,71.00,66.00,0.9362,1,1
983,4,480.00,150.00,52.00,38.00,0.8701,1,1
983,5,169.00,357.00,71.00,60.00,0.9228,1,1
983,10,223.00,520.00,46.00,31.00,0.7821,1,1
983,21,490.00,187.00,37.00,32.00,0.8277,1,1
983,24,835.00,191.00,74.00,51.00,0.9225,1,1
983,37,255.00,493.00,38.00,53.00,0.6269,1,1
983,87,191.00,406.00,39.00,30.00,0.7594,1,1
983,88,849.00,243.00,31.00,29.00,0.6748,1,1
984,1,493.00,402.00,90.00,80.00,0.9211,1,1
984,2,751.00,271.00,71.00,65.00,0.9374,1,1
984,4,479.00,149.00,53.00,37.00,0.8883,1,1
984,5,169.00,358.00,71.00,59.00,0.9243,1,1
984,10,213.00,522.00,48.00,33.00,0.5981,1,1
984,21,489.00,186.00,38.00,32.00,0.8729,1,1
984,24,836.00,191.00,73.00,51.00,0.9194,1,1
984,37,256.00,492.00,36.00,52.00,0.4731,1,1
984,87,191.00,406.00,40.00,30.00,0.7749,1,1
984,88,848.00,243.00,32.00,28.00,0.6433,1,1
985,1,493.00,402.00,89.00,80.00,0.9186,1,1
985,2,751.00,271.00,71.00,65.00,0.9377,1,1
985,4,479.00,148.00,53.00,38.00,0.8888,1,1
985,5,169.00,357.00,71.00,60.00,0.9225,1,1
985,10,210.00,524.00,49.00,33.00,0.4106,1,1
985,21,489.00,184.00,37.00,32.00,0.8874,1,1
985,24,836.00,191.00,73.00,51.00,0.9207,1,1
985,37,256.00,493.00,37.00,52.00,0.6330,1,1
985,87,189.00,405.00,42.00,30.00,0.7367,1,1
985,88,848.00,243.00,32.00,29.00,0.6541,1,1
986,1,494.00,402.00,89.00,79.00,0.9131,1,1
986,2,751.00,271.00,71.00,65.00,0.9377,1,1
986,4,478.00,148.00,54.00,36.00,0.8720,1,1
986,5,168.00,358.00,72.00,58.00,0.9263,1,1
986,10,208.00,525.00,50.00,33.00,0.4106,1,1
986,21,488.00,184.00,36.00,31.00,0.9139,1,1
986,24,836.00,191.00,73.00,51.00,0.9217,1,1
986,34,483.00,298.00,36.00,30.00,0.3725,1,1
986,37,259.00,492.00,32.00,52.00,0.6561,1,1
986,74,192.00,525.00,45.00,38.00,0.3377,1,1
986,87,191.00,405.00,40.00,30.00,0.7318,1,1
986,88,848.00,243.00,32.00,28.00,0.6610,1,1
987,1,493.00,402.00,88.00,78.00,0.9116,1,1
987,2,751.00,271.00,70.00,65.00,0.9378,1,1
987,4,478.00,147.00,53.00,37.00,0.8488,1,1
987,5,168.00,358.00,73.00,59.00,0.9268,1,1
987,21,488.00,181.00,35.00,32.00,0.9312,1,1
987,24,836.00,191.00,73.00,51.00,0.9182,1,1
987,34,485.00,298.00,33.00,30.00,0.2693,1,1
987,37,262.00,496.00,32.00,48.00,0.8402,1,1
987,74,189.00,525.00,45.00,39.00,0.3377,1,1
987,87,192.00,404.00,39.00,30.00,0.7853,1,1
987,88,848.00,242.00,31.00,29.00,0.6624,1,1
988,1,494.00,401.00,87.00,79.00,0.9180,1,1
988,2,751.00,271.00,70.00,65.00,0.9388,1,1
988,4,476.00,146.00,53.00,37.00,0.8517,1,1
988,5,167.00,357.00,74.00,60.00,0.9318,1,1
988,14,260.00,486.00,38.00,56.00,0.7557,1,1
988,21,486.00,180.00,35.00,32.00,0.9561,1,1
988,24,835.00,191.00,74.00,51.00,0.9170,1,1
988,34,485.00,297.00,33.00,30.00,0.3153,1,1
988,37,262.00,496.00,33.00,48.00,0.8402,1,1
988,74,184.00,535.00,35.00,37.00,0.5603,1,1
988,87,190.00,403.00,42.00,31.00,0.8520,1,1
988,88,848.00,242.00,31.00,28.00,0.6838,1,1
989,1,494.00,402.00,86.00,77.00,0.9167,1,1
989,2,751.00,271.00,70.00,65.00,0.9392,1,1
989,4,474.00,145.00,54.00,37.00,0.8576,1,1
989,5,166.00,357.00,75.00,60.00,0.9347,1,1
989,14,261.00,484.00,44.00,56.00,0.6836,1,1
989,21,485.00,179.00,35.00,33.00,0.9685,1,1
989,24,836.00,191.00,73.00,51.00,0.9151,1,1
989,34,498.00,294.00,33.00,30.00,0.3153,1,1
989,74,181.00,537.00,33.00,37.00,0.5603,1,1
989,87,192.00,401.00,40.00,33.00,0.9136,1,1
989,88,849.00,241.00,30.00,29.00,0.6801,1,1
990,1,493.00,403.00,87.00,80.00,0.9358,1,1
990,2,751.00,271.00,70.00,65.00,0.9392,1,1
990,4,473.00,145.00,52.00,36.00,0.8677,1,1
990,5,165.00,357.00,76.00,59.00,0.9367,1,1
990,14,262.00,482.00,45.00,57.00,0.6836,1,1
990,21,483.00,178.00,36.00,33.00,0.9782,1,1
990,24,836.00,191.00,73.00,50.00,0.9131,1,1
990,34,486.00,295.00,33.00,30.00,0.3110,1,1
990,37,263.00,482.00,47.00,53.00,0.7418,1,1
990,83,159.00,530.00,36.00,31.00,0.3213,1,1
990,87,192.00,399.00,41.00,36.00,0.9296,1,1
990,88,849.00,241.00,30.00,29.00,0.6511,1,1
991,1,491.00,403.00,89.00,79.00,0.9479,1,1
991,2,751.00,271.00,70.00,65.00,0.9391,1,1
991,4,471.00,144.00,52.00,37.00,0.8720,1,1
991,5,165.00,357.00,76.00,60.00,0.9360,1,1
991,21,482.00,178.00,36.00,33.00,0.9811,1,1
991,24,836.00,190.00,73.00,51.00,0.9147,1,1
991,34,497.00,292.00,32.00,30.00,0.3110,1,1
991,37,266.00,480.00,50.00,49.00,0.6896,1,1
991,83,157.00,530.00,34.00,31.00,0.3213,1,1
991,87,195.00,398.00,39.00,36.00,0.9172,1,1
991,88,849.00,240.00,30.00,30.00,0.6264,1,1
992,1,489.00,404.00,90.00,79.00,0.9467,1,1
992,2,751.00,271.00,70.00,65.00,0.9389,1,1
992,4,470.00,143.00,51.00,38.00,0.8804,1,1
992,5,164.00,357.00,77.00,60.00,0.9361,1,1
992,21,480.00,177.00,37.00,33.00,0.9812,1,1
992,24,836.00,190.00,73.00,51.00,0.9123,1,1
992,37,266.00,481.00,50.00,43.00,0.8249,1,1
992,87,196.00,398.00,39.00,35.00,0.9029,1,1
992,88,849.00,240.00,30.00,29.00,0.6533,1,1
993,1,486.00,404.00,90.00,81.00,0.9508,1,1
993,2,751.00,271.00,70.00,65.00,0.9384,1,1
993,4,470.00,142.00,50.00,39.00,0.8860,1,1
993,5,163.00,356.00,78.00,61.00,0.9382,1,1
993,21,479.00,176.00,37.00,33.00,0.9835,1,1
993,24,836.00,190.00,73.00,51.00,0.9108,1,1
993,37,261.00,481.00,37.00,42.00,0.4322,1,1
993,87,197.00,398.00,38.00,35.00,0.9014,1,1
993,88,849.00,240.00,30.00,29.00,0.6688,1,1
994,1,483.00,405.00,89.00,82.00,0.9465,1,1
994,2,751.00,271.00,70.00,65.00,0.9361,1,1
994,4,469.00,142.00,50.00,38.00,0.8826,1,1
994,5,165.00,357.00,75.00,59.00,0.9341,1,1
994,14,258.00,484.00,42.00,51.00,0.4702,1,1
994,21,478.00,176.00,37.00,32.00,0.9789,1,1
994,24,836.00,189.00,73.00,51.00,0.9098,1,1
994,37,261.00,480.00,37.00,41.00,0.4322,1,1
994,87,198.00,396.00,37.00,36.00,0.9132,1,1
994,88,850.00,239.00,30.00,29.00,0.7045,1,1
995,1,480.00,407.00,89.00,81.00,0.9409,1,1
995,2,751.00,271.00,70.00,65.00,0.9355,1,1
995,4,469.00,142.00,49.00,38.00,0.8757,1,1
995,5,164.00,357.00,75.00,59.00,0.9334,1,1
995,14,257.00,492.00,36.00,51.00,0.6895,1,1
995,21,477.00,176.00,37.00,32.00,0.9758,1,1
995,24,836.00,189.00,73.00,51.00,0.9061,1,1
995,26,203.00,393.00,33.00,37.00,0.6214,1,1
995,87,195.00,396.00,39.00,35.00,0.8882,1,1
995,88,849.00,240.00,31.00,28.00,0.6813,1,1
996,1,476.00,409.00,89.00,81.00,0.9552,1,1
996,2,751.00,271.00,70.00,65.00,0.9354,1,1
996,4,469.00,142.00,49.00,38.00,0.8615,1,1
996,5,163.00,356.00,75.00,61.00,0.9362,1,1
996,14,256.00,497.00,32.00,47.00,0.8617,1,1
996,21,477.00,176.00,37.00,32.00,0.9737,1,1
996,24,836.00,189.00,73.00,51.00,0.9069,1,1
996,26,192.00,381.00,32.00,37.00,0.6214,1,1
996,87,195.00,396.00,38.00,35.00,0.8857,1,1
996,88,849.00,240.00,30.00,28.00,0.6673,1,1
997,1,476.00,409.00,89.00,81.00,0.9549,1,1
997,2,751.00,271.00,70.00,64.00,0.9354,1,1
997,4,469.00,142.00,49.00,38.00,0.8571,1,1
997,5,163.00,356.00,75.00,61.00,0.9347,1,1
997,14,256.00,496.00,31.00,48.00,0.8597,1,1
997,21,477.00,175.00,37.00,32.00,0.9727,1,1
997,24,836.00,189.00,73.00,50.00,0.9036,1,1
997,87,195.00,396.00,38.00,35.00,0.8844,1,1
997,88,849.00,240.00,30.00,28.00,0.6996,1,1
998,1,471.00,409.00,87.00,83.00,0.9456,1,1
998,2,751.00,270.00,70.00,65.00,0.9353,1,1
998,4,468.00,142.00,49.00,38.00,0.8452,1,1
998,5,162.00,356.00,75.00,61.00,0.9326,1,1
998,14,257.00,497.00,34.00,46.00,0.6815,1,1
998,21,477.00,175.00,37.00,32.00,0.9736,1,1
998,24,836.00,189.00,73.00,50.00,0.9027,1,1
998,26,203.00,391.00,32.00,40.00,0.5293,1,1
998,87,192.00,397.00,40.00,35.00,0.8689,1,1
998,88,849.00,240.00,30.00,28.00,0.7116,1,1
999,1,464.00,412.00,90.00,81.00,0.9052,1,1
999,2,751.00,270.00,70.00,65.00,0.9352,1,1
999,4,468.00,141.00,49.00,39.00,0.8449,1,1
999,5,162.00,356.00,75.00,62.00,0.9346,1,1
999,14,258.00,494.00,36.00,49.00,0.6527,1,1
999,21,477.00,175.00,37.00,32.00,0.9708,1,1
999,24,836.00,189.00,73.00,50.00,0.9016,1,1
999,26,204.00,390.00,31.00,40.00,0.5737,1,1
999,37,193.00,401.00,37.00,34.00,0.6700,1,1
999,87,194.00,395.00,38.00,36.00,0.8616,1,1
999,88,849.00,241.00,30.00,27.00,0.7382,1,1
1000,1,459.00,415.00,88.00,81.00,0.9084,1,1
1000,2,751.00,270.00,70.00,65.00,0.9352,1,1
1000,4,468.00,141.00,48.00,39.00,0.8533,1,1
1000,5,161.00,356.00,76.00,63.00,0.9338,1,1
1000,14,256.00,492.00,31.00,45.00,0.6057,1,1
1000,21,476.00,174.00,37.00,33.00,0.9683,1,1
1000,24,836.00,189.00,73.00,50.00,0.9019,1,1
1000,26,203.00,391.00,32.00,38.00,0.6694,1,1
1000,37,193.00,400.00,37.00,35.00,0.6670,1,1
1000,87,196.00,395.00,37.00,36.00,0.8589,1,1
1000,88,849.00,242.00,30.00,26.00,0.7239,1,1
1001,1,452.00,416.00,93.00,81.00,0.9365,1,1
1001,2,751.00,270.00,70.00,65.00,0.9346,1,1
1001,4,467.00,140.00,48.00,40.00,0.8623,1,1
1001,5,161.00,356.00,76.00,63.00,0.9286,1,1
1001,14,257.00,491.00,43.00,50.00,0.6915,1,1
1001,21,476.00,174.00,36.00,33.00,0.9639,1,1
1001,24,836.00,189.00,73.00,50.00,0.9033,1,1
1001,26,203.00,392.00,32.00,37.00,0.6379,1,1
1001,34,589.00,273.00,39.00,22.00,0.2504,1,1
1001,37,194.00,400.00,36.00,35.00,0.6756,1,1
1001,87,196.00,395.00,37.00,36.00,0.8617,1,1
1001,88,849.00,242.00,30.00,26.00,0.7208,1,1
1002,1,446.00,419.00,95.00,83.00,0.9221,1,1
1002,2,751.00,270.00,70.00,65.00,0.9344,1,1
1002,4,465.00,140.00,49.00,39.00,0.8769,1,1
1002,5,161.00,355.00,75.00,64.00,0.9224,1,1
1002,14,259.00,488.00,44.00,44.00,0.7545,1,1
1002,21,474.00,173.00,37.00,33.00,0.9414,1,1
1002,24,836.00,188.00,73.00,51.00,0.9045,1,1
1002,26,194.00,399.00,36.00,36.00,0.6572,1,1
1002,34,588.00,272.00,40.00,23.00,0.4050,1,1
1002,37,190.00,394.00,36.00,35.00,0.6756,1,1
1002,38,721.00,471.00,35.00,39.00,0.3229,1,1
1002,87,197.00,395.00,36.00,35.00,0.8647,1,1
1002,88,849.00,241.00,30.00,27.00,0.7411,1,1
1003,1,441.00,421.00,96.00,84.00,0.9160,1,1
1003,2,751.00,270.00,70.00,65.00,0.9344,1,1
1003,4,464.00,140.00,48.00,38.00,0.8784,1,1
1003,5,161.00,356.00,74.00,64.00,0.9236,1,1
1003,14,261.00,484.00,38.00,40.00,0.7611,1,1
1003,21,473.00,173.00,36.00,34.00,0.9342,1,1
1003,24,836.00,188.00,73.00,51.00,0.9056,1,1
1003,26,195.00,398.00,35.00,36.00,0.6212,1,1
1003,34,587.00,270.00,40.00,25.00,0.6014,1,1
1003,37,204.00,392.00,31.00,36.00,0.5377,1,1
1003,38,721.00,471.00,35.00,38.00,0.2999,1,1
1003,87,198.00,395.00,34.00,35.00,0.8415,1,1
1003,88,849.00,242.00,29.00,26.00,0.7291,1,1
1004,1,436.00,422.00,96.00,85.00,0.9132,1,1
1004,2,751.00,270.00,70.00,65.00,0.9347,1,1
1004,4,462.00,140.00,48.00,38.00,0.8643,1,1
1004,5,160.00,355.00,75.00,65.00,0.9152,1,1
1004,14,262.00,483.00,38.00,39.00,0.7611,1,1
1004,21,470.00,172.00,37.00,35.00,0.9534,1,1
1004,24,836.00,188.00,72.00,51.00,0.9074,1,1
1004,26,192.00,396.00,36.00,36.00,0.6212,1,1
1004,34,587.00,270.00,39.00,25.00,0.8267,1,1
1004,37,202.00,387.00,31.00,35.00,0.5377,1,1
1004,38,721.00,471.00,35.00,39.00,0.2621,1,1
1004,74,264.00,477.00,45.00,47.00,0.6575,1,1
1004,87,198.00,395.00,34.00,35.00,0.8504,1,1
1004,88,849.00,243.00,29.00,25.00,0.7296,1,1
1005,1,431.00,423.00,97.00,88.00,0.9199,1,1
1005,2,751.00,270.00,70.00,66.00,0.9345,1,1
1005,4,460.00,139.00,48.00,38.00,0.8561,1,1
1005,5,160.00,355.00,75.00,66.00,0.9146,1,1
1005,21,468.00,172.00,37.00,35.00,0.9602,1,1
1005,24,836.00,188.00,72.00,51.00,0.9070,1,1
1005,26,201.00,393.00,34.00,36.00,0.4446,1,1
1005,34,585.00,270.00,41.00,26.00,0.8511,1,1
1005,38,726.00,478.00,34.00,40.00,0.2621,1,1
1005,74,269.00,473.00,45.00,48.00,0.6575,1,1
1005,87,195.00,395.00,36.00,36.00,0.8763,1,1
1005,88,849.00,243.00,29.00,25.00,0.7307,1,1
1006,1,427.00,428.00,94.00,84.00,0.9089,1,1
1006,2,751.00,270.00,70.00,65.00,0.9347,1,1
1006,4,457.00,140.00,49.00,37.00,0.8570,1,1
1006,5,160.00,355.00,74.00,67.00,0.9094,1,1
1006,14,277.00,480.00,56.00,38.00,0.5958,1,1
1006,21,464.00,174.00,38.00,33.00,0.9633,1,1
1006,24,836.00,188.00,73.00,51.00,0.9089,1,1
1006,26,201.00,391.00,34.00,37.00,0.5020,1,1
1006,34,584.00,270.00,43.00,25.00,0.7606,1,1
1006,87,194.00,395.00,37.00,36.00,0.8907,1,1
1006,88,849.00,243.00,29.00,25.00,0.7321,1,1
1007,1,422.00,432.00,92.00,83.00,0.9277,1,1
1007,2,751.00,271.00,70.00,65.00,0.9345,1,1
1007,4,454.00,140.00,50.00,38.00,0.8158,1,1
1007,5,159.00,355.00,75.00,68.00,0.9067,1,1
1007,14,292.00,478.00,47.00,34.00,0.7363,1,1
1007,21,463.00,174.00,37.00,32.00,0.9541,1,1
1007,24,836.00,188.00,73.00,51.00,0.9064,1,1
1007,26,198.00,393.00,36.00,37.00,0.6488,1,1
1007,34,581.00,272.00,43.00,23.00,0.7303,1,1
1007,87,191.00,395.00,39.00,37.00,0.8860,1,1
1007,88,848.00,243.00,30.00,25.00,0.7307,1,1
1008,1,416.00,434.00,97.00,87.00,0.9176,1,1
1008,2,750.00,271.00,71.00,65.00,0.9352,1,1
1008,4,451.00,140.00,50.00,38.00,0.8597,1,1
1008,5,159.00,355.00,75.00,68.00,0.9075,1,1
1008,14,284.00,475.00,57.00,33.00,0.7077,1,1
1008,21,460.00,173.00,38.00,33.00,0.9404,1,1
1008,24,836.00,188.00,73.00,51.00,0.9062,1,1
1008,26,198.00,393.00,36.00,37.00,0.6388,1,1
1008,34,576.00,275.00,40.00,22.00,0.6662,1,1
1008,87,191.00,395.00,39.00,38.00,0.8781,1,1
1008,88,848.00,244.00,30.00,24.00,0.7081,1,1
1009,1,411.00,437.00,98.00,87.00,0.9038,1,1
1009,2,750.00,271.00,71.00,65.00,0.9346,1,1
1009,4,448.00,140.00,50.00,38.00,0.8758,1,1
1009,5,159.00,355.00,75.00,67.00,0.9096,1,1
1009,10,462.00,289.00,41.00,29.00,0.5411,1,1
1009,14,284.00,472.00,48.00,33.00,0.8565,1,1
1009,21,457.00,174.00,36.00,33.00,0.9642,1,1
1009,24,836.00,188.00,73.00,51.00,0.9087,1,1
1009,26,197.00,393.00,36.00,38.00,0.6743,1,1
1009,34,575.00,278.00,37.00,23.00,0.2852,1,1
1009,38,721.00,470.00,35.00,40.00,0.2938,1,1
1009,87,190.00,395.00,40.00,38.00,0.8645,1,1
1009,88,848.00,244.00,30.00,24.00,0.7026,1,1
1010,1,405.00,440.00,100.00,87.00,0.9084,1,1
1010,2,750.00,271.00,71.00,65.00,0.9334,1,1
1010,4,445.00,140.00,49.00,38.00,0.8735,1,1
1010,5,158.00,354.00,75.00,68.00,0.9096,1,1
1010,10,455.00,290.00,42.00,30.00,0.3756,1,1
1010,14,283.00,472.00,47.00,32.00,0.8186,1,1
1010,21,454.00,175.00,36.00,33.00,0.9816,1,1
1010,24,836.00,188.00,72.00,51.00,0.9088,1,1
1010,26,192.00,395.00,39.00,37.00,0.8780,1,1
1010,34,568.00,285.00,38.00,22.00,0.3270,1,1
1010,37,199.00,393.00,35.00,36.00,0.4452,1,1
1010,38,721.00,471.00,34.00,38.00,0.2984,1,1
1010,87,189.00,398.00,38.00,39.00,0.5425,1,1
1010,88,848.00,243.00,30.00,25.00,0.6965,1,1
1011,1,399.00,443.00,100.00,88.00,0.9226,1,1
1011,2,750.00,271.00,71.00,65.00,0.9347,1,1
1011,4,442.00,143.00,49.00,39.00,0.8754,1,1
1011,5,158.00,354.00,76.00,68.00,0.9088,1,1
1011,10,453.00,291.00,40.00,29.00,0.4004,1,1
1011,14,282.00,473.00,48.00,31.00,0.8285,1,1
1011,21,451.00,177.00,36.00,31.00,0.9811,1,1
1011,24,836.00,188.00,73.00,51.00,0.9090,1,1
1011,26,192.00,395.00,39.00,37.00,0.8762,1,1
1011,34,569.00,285.00,38.00,23.00,0.3270,1,1
1011,37,199.00,392.00,36.00,37.00,0.4806,1,1
1011,38,721.00,471.00,34.00,38.00,0.2845,1,1
1011,87,189.00,398.00,38.00,38.00,0.5612,1,1
1011,88,848.00,244.00,30.00,24.00,0.6561,1,1
1012,1,396.00,445.00,98.00,87.00,0.9343,1,1
1012,2,750.00,271.00,71.00,65.00,0.9338,1,1
1012,4,438.00,143.00,49.00,39.00,0.8296,1,1
1012,5,158.00,354.00,76.00,68.00,0.9107,1,1
1012,10,464.00,287.00,39.00,28.00,0.4004,1,1
1012,14,279.00,476.00,54.00,29.00,0.7345,1,1
1012,21,448.00,178.00,37.00,32.00,0.9741,1,1
1012,24,836.00,188.00,73.00,51.00,0.9118,1,1
1012,26,195.00,395.00,37.00,36.00,0.8865,1,1
1012,37,199.00,391.00,35.00,36.00,0.4806,1,1
1012,38,721.00,471.00,34.00,39.00,0.2673,1,1
1012,74,353.00,640.00,32.00,41.00,0.4342,1,1
1012,87,192.00,398.00,36.00,38.00,0.5720,1,1
1012,88,848.00,243.00,30.00,25.00,0.6621,1,1
1013,1,390.00,449.00,98.00,85.00,0.9289,1,1
1013,2,750.00,271.00,71.00,65.00,0.9343,1,1
1013,4,434.00,144.00,49.00,39.00,0.8472,1,1
1013,5,158.00,355.00,76.00,67.00,0.9121,1,1
1013,14,281.00,476.00,54.00,28.00,0.7345,1,1
1013,21,444.00,178.00,38.00,32.00,0.9623,1,1
1013,24,836.00,188.00,73.00,51.00,0.9118,1,1
1013,26,195.00,395.00,37.00,36.00,0.8635,1,1
1013,38,723.00,474.00,34.00,39.00,0.2673,1,1
1013,74,351.00,644.00,34.00,37.00,0.7154,1,1
1013,83,274.00,476.00,45.00,34.00,0.5662,1,1
1013,87,192.00,399.00,36.00,36.00,0.5702,1,1
1013,88,848.00,243.00,30.00,25.00,0.6564,1,1
1014,1,386.00,451.00,98.00,88.00,0.9543,1,1
1014,2,750.00,271.00,71.00,65.00,0.9338,1,1
1014,4,429.00,144.00,52.00,40.00,0.8675,1,1
1014,5,159.00,355.00,74.00,66.00,0.9126,1,1
1014,10,435.00,290.00,38.00,30.00,0.4632,1,1
1014,21,442.00,180.00,34.00,30.00,0.9471,1,1
1014,24,836.00,188.00,73.00,50.00,0.9112,1,1
1014,26,196.00,395.00,36.00,36.00,0.8694,1,1
1014,38,721.00,470.00,34.00,40.00,0.2561,1,1
1014,74,353.00,646.00,32.00,38.00,0.5082,1,1
1014,83,280.00,473.00,45.00,35.00,0.5662,1,1
1014,87,192.00,399.00,37.00,36.00,0.5745,1,1
1014,88,848.00,244.00,30.00,24.00,0.6651,1,1
1015,1,381.00,454.00,96.00,89.00,0.9201,1,1
1015,2,750.00,271.00,70.00,65.00,0.9341,1,1
1015,4,425.00,145.00,52.00,39.00,0.8464,1,1
1015,5,159.00,355.00,74.00,66.00,0.9125,1,1
1015,10,433.00,294.00,33.00,30.00,0.4518,1,1
1015,21,437.00,182.00,35.00,30.00,0.9258,1,1
1015,24,836.00,188.00,73.00,50.00,0.9072,1,1
1015,26,196.00,395.00,36.00,36.00,0.8616,1,1
1015,38,721.00,470.00,34.00,40.00,0.2725,1,1
1015,74,353.00,650.00,34.00,37.00,0.4990,1,1
1015,83,258.00,483.00,37.00,40.00,0.3053,1,1
1015,87,192.00,399.00,36.00,36.00,0.5671,1,1
1015,88,848.00,245.00,30.00,23.00,0.6244,1,1
1016,1,374.00,457.00,98.00,87.00,0.9172,1,1
1016,2,750.00,271.00,70.00,65.00,0.9347,1,1
1016,4,421.00,145.00,51.00,41.00,0.8529,1,1
1016,5,159.00,355.00,74.00,67.00,0.9136,1,1
1016,10,439.00,293.00,32.00,29.00,0.4518,1,1
1016,21,433.00,183.00,35.00,30.00,0.8944,1,1
1016,24,836.00,188.00,72.00,50.00,0.9077,1,1
1016,26,195.00,395.00,37.00,35.00,0.8533,1,1
1016,38,721.00,471.00,34.00,39.00,0.2589,1,1
1016,74,355.00,654.00,33.00,36.00,0.6327,1,1
1016,83,254.00,497.00,35.00,40.00,0.3255,1,1
1016,87,190.00,399.00,38.00,37.00,0.5573,1,1
1016,88,849.00,244.00,29.00,23.00,0.6384,1,1
1017,1,368.00,458.00,98.00,91.00,0.9328,1,1
1017,2,750.00,271.00,70.00,65.00,0.9342,1,1
1017,4,419.00,146.00,49.00,42.00,0.8613,1,1
1017,5,161.00,355.00,71.00,66.00,0.9091,1,1
1017,21,431.00,185.00,34.00,29.00,0.8190,1,1
1017,24,836.00,188.00,73.00,50.00,0.9110,1,1
1017,26,196.00,395.00,36.00,35.00,0.8186,1,1
1017,38,722.00,472.00,34.00,40.00,0.2589,1,1
1017,74,362.00,656.00,30.00,36.00,0.4392,1,1
1017,83,251.00,496.00,29.00,47.00,0.5473,1,1
1017,87,191.00,399.00,38.00,37.00,0.5914,1,1
1017,88,849.00,243.00,29.00,24.00,0.6794,1,1
1018,1,364.00,460.00,98.00,89.00,0.8986,1,1
1018,2,750.00,271.00,70.00,65.00,0.9334,1,1
1018,4,416.00,147.00,48.00,43.00,0.8828,1,1
1018,5,161.00,355.00,71.00,66.00,0.9058,1,1
1018,10,513.00,310.00,29.00,30.00,0.3132,1,1
1018,21,425.00,186.00,35.00,31.00,0.8709,1,1
1018,24,836.00,188.00,73.00,50.00,0.9119,1,1
1018,26,196.00,394.00,37.00,36.00,0.8207,1,1
1018,74,362.00,657.00,33.00,36.00,0.3703,1,1
1018,83,246.00,504.00,28.00,45.00,0.6289,1,1
1018,87,191.00,398.00,38.00,38.00,0.6089,1,1
1018,88,849.00,242.00,29.00,25.00,0.6756,1,1
1019,1,359.00,463.00,91.00,92.00,0.9384,1,1
1019,2,750.00,271.00,70.00,66.00,0.9326,1,1
1019,4,413.00,148.00,48.00,44.00,0.8761,1,1
1019,5,160.00,356.00,71.00,66.00,0.9018,1,1
1019,10,511.00,312.00,30.00,30.00,0.6851,1,1
1019,21,420.00,189.00,38.00,29.00,0.8722,1,1
1019,24,837.00,188.00,72.00,50.00,0.9087,1,1
1019,26,201.00,394.00,33.00,35.00,0.7585,1,1
1019,37,239.00,506.00,30.00,40.00,0.7823,1,1
1019,74,367.00,666.00,33.00,36.00,0.3703,1,1
1019,83,248.00,506.00,28.00,46.00,0.6289,1,1
1019,87,188.00,399.00,36.00,40.00,0.6370,1,1
1019,88,849.00,242.00,30.00,25.00,0.7139,1,1
1020,1,352.00,465.00,96.00,92.00,0.8928,1,1
1020,2,750.00,271.00,70.00,66.00,0.9340,1,1
1020,4,410.00,149.00,48.00,44.00,0.8910,1,1
1020,5,160.00,356.00,71.00,65.00,0.9036,1,1
1020,10,509.00,312.00,30.00,31.00,0.7252,1,1
1020,21,420.00,190.00,36.00,29.00,0.8983,1,1
1020,24,837.00,188.00,72.00,50.00,0.9082,1,1
1020,26,200.00,394.00,34.00,35.00,0.7232,1,1
1020,34,402.00,305.00,26.00,34.00,0.5566,1,1
1020,37,236.00,509.00,32.00,40.00,0.8354,1,1
1020,87,184.00,401.00,34.00,38.00,0.6450,1,1
1020,88,849.00,242.00,30.00,25.00,0.7073,1,1
1021,1,347.00,468.00,98.00,92.00,0.8993,1,1
1021,2,749.00,271.00,71.00,65.00,0.9329,1,1
1021,4,406.00,150.00,48.00,45.00,0.9104,1,1
1021,5,160.00,355.00,71.00,67.00,0.9058,1,1
1021,10,508.00,313.00,30.00,32.00,0.5912,1,1
1021,21,417.00,191.00,36.00,29.00,0.8971,1,1
1021,24,837.00,188.00,72.00,50.00,0.9075,1,1
1021,26,201.00,394.00,33.00,34.00,0.6944,1,1
1021,34,397.00,307.00,26.00,33.00,0.4311,1,1
1021,37,233.00,507.00,33.00,37.00,0.6433,1,1
1021,87,183.00,407.00,32.00,35.00,0.6422,1,1
1021,88,849.00,241.00,29.00,26.00,0.7102,1,1
1022,1,343.00,471.00,94.00,90.00,0.9313,1,1
1022,2,749.00,271.00,71.00,65.00,0.9329,1,1
1022,4,403.00,150.00,48.00,46.00,0.9144,1,1
1022,5,162.00,354.00,68.00,66.00,0.8912,1,1
1022,10,506.00,313.00,31.00,33.00,0.7111,1,1
1022,14,183.00,413.00,28.00,30.00,0.3323,1,1
1022,21,415.00,191.00,35.00,28.00,0.8963,1,1
1022,24,837.00,188.00,72.00,50.00,0.9075,1,1
1022,26,201.00,394.00,33.00,34.00,0.6931,1,1
1022,34,395.00,307.00,26.00,33.00,0.4609,1,1
1022,37,229.00,507.00,35.00,32.00,0.7711,1,1
1022,87,182.00,405.00,34.00,35.00,0.6075,1,1
1022,88,849.00,241.00,29.00,26.00,0.7186,1,1
1023,1,340.00,472.00,95.00,89.00,0.9468,1,1
1023,2,749.00,271.00,70.00,65.00,0.9344,1,1
1023,4,401.00,151.00,48.00,45.00,0.9018,1,1
1023,5,162.00,354.00,69.00,66.00,0.8915,1,1
1023,10,503.00,314.00,31.00,32.00,0.7756,1,1
1023,14,183.00,413.00,27.00,30.00,0.3706,1,1
1023,21,414.00,191.00,34.00,28.00,0.9059,1,1
1023,24,837.00,188.00,73.00,50.00,0.9115,1,1
1023,26,201.00,394.00,33.00,34.00,0.6918,1,1
1023,34,392.00,307.00,27.00,34.00,0.4096,1,1
1023,37,232.00,508.00,34.00,29.00,0.2980,1,1
1023,87,182.00,406.00,33.00,34.00,0.6483,1,1
1023,88,849.00,239.00,30.00,27.00,0.7178,1,1
1024,1,336.00,473.00,99.00,89.00,0.9391,1,1
1024,2,749.00,271.00,70.00,65.00,0.9336,1,1
1024,4,399.00,151.00,48.00,45.00,0.8920,1,1
1024,5,162.00,355.00,69.00,64.00,0.8878,1,1
1024,10,501.00,316.00,31.00,33.00,0.7623,1,1
1024,14,182.00,412.00,29.00,31.00,0.3331,1,1
1024,21,410.00,191.00,36.00,29.00,0.9303,1,1
1024,24,837.00,187.00,74.00,50.00,0.9196,1,1
1024,26,201.00,394.00,33.00,34.00,0.7181,1,1
1024,34,391.00,306.00,28.00,35.00,0.3350,1,1
1024,37,234.00,514.00,33.00,28.00,0.2980,1,1
1024,87,183.00,402.00,35.00,36.00,0.6306,1,1
1024,88,848.00,238.00,31.00,28.00,0.6461,1,1
1025,1,334.00,474.00,97.00,88.00,0.9373,1,1
1025,2,749.00,272.00,70.00,64.00,0.9259,1,1
1025,4,396.00,151.00,49.00,44.00,0.9073,1,1
1025,5,160.00,353.00,71.00,68.00,0.9070,1,1
1025,10,498.00,318.00,29.00,34.00,0.6812,1,1
1025,14,178.00,409.00,28.00,31.00,0.3331,1,1
1025,21,407.00,191.00,36.00,28.00,0.8872,1,1
1025,24,838.00,186.00,75.00,50.00,0.9189,1,1
1025,26,202.00,393.00,32.00,35.00,0.6433,1,1
1025,34,391.00,305.00,27.00,35.00,0.2978,1,1
1025,83,242.00,497.00,26.00,39.00,0.4047,1,1
1025,87,183.00,405.00,34.00,33.00,0.5908,1,1
1025,88,847.00,237.00,31.00,27.00,0.6927,1,1
1026,1,331.00,473.00,91.00,89.00,0.9398,1,1
1026,2,749.00,272.00,70.00,64.00,0.9248,1,1
1026,4,394.00,151.00,49.00,44.00,0.9107,1,1
1026,5,160.00,354.00,71.00,66.00,0.9036,1,1
1026,10,495.00,320.00,30.00,32.00,0.8499,1,1
1026,21,406.00,191.00,36.00,28.00,0.8684,1,1
1026,24,839.00,185.00,74.00,51.00,0.9212,1,1
1026,26,203.00,394.00,32.00,34.00,0.6301,1,1
1026,34,385.00,306.00,27.00,35.00,0.2978,1,1
1026,83,242.00,498.00,27.00,38.00,0.4047,1,1
1026,87,185.00,405.00,33.00,33.00,0.5339,1,1
1026,88,847.00,231.00,33.00,30.00,0.5449,1,1
1026,94,154.00,527.00,42.00,29.00,0.4592,1,1
1027,1,328.00,472.00,90.00,89.00,0.9466,1,1
1027,2,749.00,272.00,70.00,64.00,0.9247,1,1
1027,4,391.00,152.00,49.00,44.00,0.9196,1,1
1027,5,160.00,355.00,72.00,66.00,0.9057,1,1
1027,10,492.00,319.00,29.00,36.00,0.8149,1,1
1027,21,405.00,191.00,35.00,28.00,0.8555,1,1
1027,24,840.00,184.00,74.00,51.00,0.9204,1,1
1027,26,203.00,393.00,32.00,35.00,0.6584,1,1
1027,34,389.00,304.00,27.00,34.00,0.3776,1,1
1027,38,849.00,234.00,32.00,29.00,0.5208,1,1
1027,87,185.00,406.00,33.00,33.00,0.4946,1,1
1027,88,847.00,230.00,32.00,30.00,0.6134,1,1
1027,94,160.00,529.00,43.00,30.00,0.6368,1,1
1028,1,326.00,472.00,91.00,87.00,0.9478,1,1
1028,2,749.00,272.00,70.00,64.00,0.9248,1,1
1028,4,391.00,153.00,48.00,43.00,0.9195,1,1
1028,5,160.00,355.00,71.00,66.00,0.9030,1,1
1028,10,489.00,317.00,28.00,36.00,0.8288,1,1
1028,21,404.00,191.00,34.00,28.00,0.8707,1,1
1028,24,840.00,183.00,75.00,52.00,0.9210,1,1
1028,26,202.00,394.00,32.00,34.00,0.6938,1,1
1028,34,387.00,305.00,28.00,33.00,0.3939,1,1
1028,38,849.00,234.00,32.00,28.00,0.4747,1,1
1028,83,253.00,491.00,35.00,41.00,0.5434,1,1
1028,87,184.00,406.00,36.00,34.00,0.5314,1,1
1028,88,847.00,228.00,31.00,32.00,0.5968,1,1
1028,94,165.00,530.00,45.00,30.00,0.4105,1,1
1029,1,324.00,471.00,92.00,88.00,0.9345,1,1
1029,2,749.00,272.00,70.00,64.00,0.9253,1,1
1029,4,388.00,153.00,50.00,44.00,0.9160,1,1
1029,5,159.00,356.00,72.00,65.00,0.9036,1,1
1029,10,486.00,316.00,28.00,35.00,0.7599,1,1
1029,21,403.00,193.00,33.00,28.00,0.8896,1,1
1029,24,841.00,183.00,75.00,52.00,0.9205,1,1
1029,26,202.00,394.00,32.00,35.00,0.7517,1,1
1029,34,382.00,305.00,29.00,34.00,0.3939,1,1
1029,38,850.00,233.00,31.00,29.00,0.4065,1,1
1029,83,255.00,491.00,36.00,41.00,0.5434,1,1
1029,87,191.00,402.00,36.00,37.00,0.5685,1,1
1029,88,847.00,227.00,32.00,33.00,0.5579,1,1
1029,94,169.00,532.00,47.00,29.00,0.5432,1,1
1030,1,322.00,470.00,88.00,88.00,0.9315,1,1
1030,2,749.00,272.00,70.00,64.00,0.9254,1,1
1030,4,387.00,154.00,49.00,44.00,0.9097,1,1
1030,5,160.00,356.00,71.00,64.00,0.9055,1,1
1030,10,486.00,316.00,27.00,35.00,0.7682,1,1
1030,21,402.00,195.00,33.00,28.00,0.9037,1,1
1030,24,842.00,182.00,75.00,53.00,0.9218,1,1
1030,26,201.00,394.00,33.00,35.00,0.7925,1,1
1030,34,385.00,307.00,29.00,34.00,0.3165,1,1
1030,38,857.00,226.00,31.00,28.00,0.4065,1,1
1030,87,193.00,401.00,36.00,39.00,0.5740,1,1
1030,88,847.00,227.00,32.00,32.00,0.5902,1,1
1030,94,168.00,530.00,52.00,30.00,0.5896,1,1
1031,1,319.00,469.00,90.00,89.00,0.9219,1,1
1031,2,749.00,272.00,70.00,64.00,0.9273,1,1
1031,4,386.00,155.00,49.00,44.00,0.8974,1,1
1031,5,160.00,358.00,73.00,62.00,0.9188,1,1
1031,10,486.00,316.00,29.00,34.00,0.8062,1,1
1031,21,401.00,195.00,33.00,29.00,0.8870,1,1
1031,24,842.00,181.00,76.00,54.00,0.9243,1,1
1031,26,199.00,396.00,35.00,36.00,0.8489,1,1
1031,34,385.00,309.00,29.00,33.00,0.3626,1,1
1031,83,268.00,485.00,35.00,38.00,0.7422,1,1
1031,87,194.00,401.00,38.00,39.00,0.6336,1,1
1031,88,847.00,226.00,32.00,33.00,0.4659,1,1
1031,94,171.00,531.00,54.00,30.00,0.5857,1,1
1032,1,317.00,469.00,89.00,88.00,0.9144,1,1
1032,2,749.00,272.00,70.00,64.00,0.9287,1,1
1032,4,386.00,156.00,49.00,44.00,0.8977,1,1
1032,5,160.00,358.00,74.00,62.00,0.9320,1,1
1032,10,486.00,313.00,31.00,34.00,0.7726,1,1
1032,21,401.00,196.00,33.00,28.00,0.8610,1,1
1032,24,843.00,181.00,75.00,54.00,0.9163,1,1
1032,26,192.00,408.00,29.00,35.00,0.3389,1,1
1032,34,385.00,310.00,29.00,32.00,0.3450,1,1
1032,83,274.00,484.00,33.00,36.00,0.8295,1,1
1032,87,197.00,397.00,36.00,38.00,0.8835,1,1
1032,88,847.00,226.00,32.00,34.00,0.4157,1,1
1032,94,169.00,532.00,60.00,29.00,0.2925,1,1
1033,1,316.00,468.00,89.00,89.00,0.9225,1,1
1033,2,749.00,272.00,70.00,64.00,0.9275,1,1
1033,4,386.00,158.00,48.00,44.00,0.8954,1,1
1033,5,161.00,358.00,73.00,62.00,0.9292,1,1
1033,10,488.00,312.00,30.00,32.00,0.7023,1,1
1033,21,401.00,196.00,33.00,29.00,0.8273,1,1
1033,24,843.00,181.00,76.00,54.00,0.9001,1,1
1033,26,193.00,408.00,36.00,32.00,0.3773,1,1
1033,34,385.00,311.00,30.00,32.00,0.3297,1,1
1033,83,276.00,484.00,32.00,35.00,0.7495,1,1
1033,87,197.00,397.00,37.00,40.00,0.9109,1,1
1033,88,848.00,226.00,31.00,33.00,0.4029,1,1
1033,94,182.00,531.00,53.00,27.00,0.3655,1,1
1034,1,315.00,468.00,89.00,88.00,0.9260,1,1
1034,2,749.00,272.00,70.00,65.00,0.9297,1,1
1034,4,386.00,159.00,48.00,44.00,0.8898,1,1
1034,5,162.00,358.00,72.00,63.00,0.9246,1,1
1034,10,490.00,310.00,29.00,31.00,0.6677,1,1
1034,21,400.00,198.00,33.00,32.00,0.8087,1,1
1034,24,843.00,181.00,76.00,54.00,0.9044,1,1
1034,26,196.00,409.00,37.00,31.00,0.5700,1,1
1034,34,384.00,312.00,30.00,31.00,0.2794,1,1
1034,83,279.00,484.00,34.00,36.00,0.7995,1,1
1034,87,197.00,397.00,37.00,42.00,0.9389,1,1
1034,88,848.00,226.00,32.00,33.00,0.3200,1,1
1034,94,189.00,530.00,52.00,30.00,0.7034,1,1
1035,1,314.00,468.00,91.00,89.00,0.9183,1,1
1035,2,749.00,272.00,71.00,65.00,0.9296,1,1
1035,4,386.00,160.00,49.00,44.00,0.8863,1,1
1035,5,164.00,359.00,69.00,64.00,0.9158,1,1
1035,10,491.00,308.00,30.00,30.00,0.6829,1,1
1035,21,400.00,199.00,33.00,32.00,0.7640,1,1
1035,24,843.00,181.00,76.00,54.00,0.9042,1,1
1035,26,196.00,410.00,37.00,31.00,0.5700,1,1
1035,34,381.00,313.00,32.00,31.00,0.2794,1,1
1035,83,281.00,485.00,33.00,36.00,0.8090,1,1
1035,87,197.00,399.00,37.00,41.00,0.9498,1,1
1035,88,849.00,226.00,32.00,33.00,0.3218,1,1
1035,94,192.00,531.00,53.00,30.00,0.7119,1,1
1036,1,313.00,469.00,93.00,87.00,0.9144,1,1
1036,2,749.00,272.00,71.00,65.00,0.9289,1,1
1036,4,387.00,161.00,48.00,44.00,0.8833,1,1
1036,5,164.00,360.00,69.00,64.00,0.8725,1,1
1036,10,492.00,307.00,31.00,29.00,0.6857,1,1
1036,14,197.00,406.00,37.00,36.00,0.9260,1,1
1036,21,402.00,201.00,33.00,31.00,0.7743,1,1
1036,24,844.00,180.00,75.00,55.00,0.9024,1,1
1036,34,384.00,315.00,32.00,33.00,0.2623,1,1
1036,83,281.00,485.00,34.00,35.00,0.8698,1,1
1036,87,197.00,399.00,37.00,42.00,0.9498,1,1
1036,88,849.00,225.00,32.00,32.00,0.2549,1,1
1036,94,205.00,529.00,47.00,30.00,0.6635,1,1
1037,1,313.00,469.00,92.00,88.00,0.9084,1,1
1037,2,751.00,272.00,70.00,65.00,0.9247,1,1
1037,4,387.00,164.00,50.00,43.00,0.8924,1,1
1037,5,165.00,361.00,69.00,63.00,0.8783,1,1
1037,10,494.00,307.00,31.00,29.00,0.7826,1,1
1037,14,198.00,405.00,37.00,36.00,0.9260,1,1
1037,21,403.00,202.00,33.00,32.00,0.8399,1,1
1037,24,844.00,180.00,76.00,54.00,0.9038,1,1
1037,34,384.00,317.00,34.00,31.00,0.4994,1,1
1037,83,283.00,486.00,34.00,36.00,0.8424,1,1
1037,87,197.00,404.00,38.00,40.00,0.8721,1,1
1037,88,850.00,225.00,31.00,32.00,0.2636,1,1
1037,94,222.00,530.00,39.00,29.00,0.8045,1,1
1038,1,312.00,469.00,93.00,88.00,0.9065,1,1
1038,2,751.00,272.00,71.00,65.00,0.9246,1,1
1038,4,389.00,165.00,50.00,44.00,0.9136,1,1
1038,5,167.00,361.00,68.00,64.00,0.8681,1,1
1038,10,496.00,307.00,31.00,28.00,0.8122,1,1
1038,21,404.00,204.00,34.00,30.00,0.8727,1,1
1038,24,844.00,180.00,76.00,54.00,0.8986,1,1
1038,34,383.00,317.00,35.00,32.00,0.4673,1,1
1038,83,284.00,487.00,32.00,38.00,0.8466,1,1
1038,87,199.00,407.00,37.00,37.00,0.9135,1,1
1038,88,850.00,224.00,31.00,32.00,0.2698,1,1
1038,94,226.00,531.00,38.00,28.00,0.7660,1,1
1039,1,312.00,469.00,94.00,88.00,0.9054,1,1
1039,2,751.00,273.00,71.00,65.00,0.9225,1,1
1039,4,390.00,167.00,50.00,44.00,0.9143,1,1
1039,5,167.00,361.00,68.00,65.00,0.8652,1,1
1039,10,497.00,307.00,32.00,27.00,0.7858,1,1
1039,21,406.00,205.00,34.00,30.00,0.8951,1,1
1039,24,844.00,179.00,76.00,55.00,0.8931,1,1
1039,34,386.00,319.00,33.00,32.00,0.6323,1,1
1039,83,285.00,488.00,31.00,40.00,0.7641,1,1
1039,87,199.00,406.00,36.00,39.00,0.9387,1,1
1039,88,851.00,224.00,30.00,32.00,0.2680,1,1
1039,94,230.00,529.00,39.00,28.00,0.5124,1,1
1040,1,312.00,468.00,92.00,88.00,0.9102,1,1
1040,2,752.00,272.00,71.00,66.00,0.9231,1,1
1040,4,392.00,169.00,51.00,43.00,0.8867,1,1
1040,5,168.00,365.00,67.00,62.00,0.8861,1,1
1040,10,500.00,308.00,32.00,27.00,0.7335,1,1
1040,21,406.00,208.00,36.00,30.00,0.8687,1,1
1040,24,845.00,179.00,75.00,55.00,0.8963,1,1
1040,34,390.00,321.00,30.00,32.00,0.5607,1,1
1040,74,229.00,532.00,45.00,33.00,0.6194,1,1
1040,83,287.00,490.00,28.00,40.00,0.7159,1,1
1040,87,200.00,406.00,36.00,39.00,0.9492,1,1
1040,88,851.00,224.00,31.00,32.00,0.2954,1,1
1040,94,236.00,529.00,38.00,28.00,0.5124,1,1
1041,1,312.00,467.00,93.00,89.00,0.9188,1,1
1041,2,752.00,271.00,71.00,67.00,0.9293,1,1
1041,4,395.00,171.00,50.00,43.00,0.8923,1,1
1041,5,171.00,365.00,66.00,62.00,0.8981,1,1
1041,10,500.00,307.00,33.00,28.00,0.6809,1,1
1041,21,409.00,209.00,35.00,32.00,0.8353,1,1
1041,24,845.00,178.00,76.00,55.00,0.8930,1,1
1041,34,389.00,321.00,31.00,33.00,0.4690,1,1
1041,74,234.00,534.00,47.00,34.00,0.7059,1,1
1041,83,286.00,490.00,29.00,40.00,0.6337,1,1
1041,87,201.00,406.00,37.00,40.00,0.9496,1,1
1041,88,851.00,224.00,31.00,32.00,0.3735,1,1
1042,1,312.00,466.00,93.00,89.00,0.9245,1,1
1042,2,753.00,271.00,71.00,68.00,0.9292,1,1
1042,4,397.00,172.00,50.00,44.00,0.9049,1,1
1042,5,172.00,366.00,67.00,62.00,0.9061,1,1
1042,10,503.00,308.00,34.00,28.00,0.6900,1,1
1042,21,412.00,209.00,34.00,33.00,0.7793,1,1
1042,24,845.00,178.00,76.00,55.00,0.8933,1,1
1042,34,389.00,323.00,30.00,32.00,0.4690,1,1
1042,74,236.00,536.00,49.00,38.00,0.6512,1,1
1042,83,285.00,490.00,30.00,40.00,0.7095,1,1
1042,87,202.00,407.00,37.00,42.00,0.9411,1,1
1042,88,852.00,223.00,30.00,31.00,0.4127,1,1
1043,1,312.00,466.00,94.00,88.00,0.9178,1,1
1043,2,754.00,270.00,70.00,69.00,0.9293,1,1
1043,4,399.00,173.00,50.00,45.00,0.8907,1,1
1043,5,174.00,368.00,66.00,61.00,0.9059,1,1
1043,10,505.00,308.00,34.00,29.00,0.6562,1,1
1043,21,413.00,211.00,35.00,35.00,0.8143,1,1
1043,24,846.00,178.00,75.00,55.00,0.8863,1,1
1043,34,390.00,326.00,30.00,33.00,0.4301,1,1
1043,74,247.00,538.00,42.00,40.00,0.3680,1,1
1043,83,286.00,491.00,30.00,40.00,0.7037,1,1
1043,87,204.00,406.00,36.00,44.00,0.8896,1,1
1043,88,851.00,223.00,30.00,32.00,0.4607,1,1
1044,1,313.00,465.00,93.00,89.00,0.9197,1,1
1044,2,754.00,270.00,70.00,70.00,0.9287,1,1
1044,4,402.00,174.00,50.00,45.00,0.8986,1,1
1044,5,175.00,369.00,65.00,61.00,0.8970,1,1
1044,10,506.00,308.00,35.00,28.00,0.6562,1,1
1044,21,415.00,211.00,36.00,36.00,0.8231,1,1
1044,24,845.00,177.00,76.00,56.00,0.8836,1,1
1044,34,390.00,328.00,28.00,34.00,0.5520,1,1
1044,74,255.00,543.00,40.00,40.00,0.7367,1,1
1044,83,286.00,491.00,30.00,39.00,0.5604,1,1
1044,87,204.00,407.00,37.00,44.00,0.9038,1,1
1044,88,851.00,223.00,29.00,33.00,0.5072,1,1
1045,1,314.00,465.00,92.00,89.00,0.9252,1,1
1045,2,755.00,270.00,70.00,70.00,0.9289,1,1
1045,4,404.00,175.00,51.00,44.00,0.8977,1,1
1045,5,176.00,369.00,65.00,61.00,0.8975,1,1
1045,21,418.00,214.00,36.00,33.00,0.8723,1,1
1045,24,846.00,177.00,75.00,56.00,0.8797,1,1
1045,34,390.00,329.00,29.00,34.00,0.5380,1,1
1045,74,264.00,551.00,38.00,40.00,0.8043,1,1
1045,83,287.00,491.00,32.00,39.00,0.4606,1,1
1045,87,205.00,410.00,37.00,43.00,0.9111,1,1
1045,88,851.00,223.00,29.00,33.00,0.4843,1,1
1046,1,317.00,464.00,91.00,89.00,0.9368,1,1
1046,2,755.00,270.00,70.00,71.00,0.9293,1,1
1046,4,407.00,178.00,50.00,42.00,0.9037,1,1
1046,5,178.00,371.00,64.00,60.00,0.8945,1,1
1046,21,419.00,217.00,38.00,31.00,0.8931,1,1
1046,24,847.00,177.00,75.00,56.00,0.8823,1,1
1046,34,389.00,329.00,31.00,33.00,0.5447,1,1
1046,74,266.00,552.00,44.00,45.00,0.7818,1,1
1046,83,287.00,492.00,34.00,39.00,0.4636,1,1
1046,87,206.00,411.00,37.00,42.00,0.9324,1,1
1046,88,851.00,223.00,30.00,31.00,0.4689,1,1
1047,1,319.00,464.00,92.00,88.00,0.9413,1,1
1047,2,756.00,270.00,69.00,72.00,0.9243,1,1
1047,4,408.00,179.00,51.00,43.00,0.8960,1,1
1047,5,180.00,371.00,63.00,59.00,0.8986,1,1
1047,21,420.00,218.00,39.00,31.00,0.8932,1,1
1047,24,847.00,177.00,75.00,56.00,0.8785,1,1
1047,34,391.00,330.00,30.00,32.00,0.4956,1,1
1047,74,262.00,550.00,49.00,45.00,0.8381,1,1
1047,83,288.00,493.00,35.00,39.00,0.4466,1,1
1047,87,208.00,411.00,36.00,42.00,0.9430,1,1
1047,88,852.00,223.00,29.00,31.00,0.4815,1,1
1048,1,321.00,463.00,91.00,87.00,0.9352,1,1
1048,2,756.00,270.00,70.00,73.00,0.9289,1,1
1048,4,410.00,180.00,50.00,45.00,0.8870,1,1
1048,5,181.00,372.00,64.00,59.00,0.9061,1,1
1048,21,422.00,221.00,38.00,32.00,0.8914,1,1
1048,24,847.00,177.00,75.00,56.00,0.8789,1,1
1048,34,392.00,331.00,31.00,32.00,0.4727,1,1
1048,74,261.00,551.00,51.00,42.00,0.8475,1,1
1048,83,288.00,494.00,36.00,39.00,0.5976,1,1
1048,87,209.00,412.00,35.00,42.00,0.9370,1,1
1048,88,852.00,223.00,29.00,31.00,0.4977,1,1
1049,1,323.00,463.00,90.00,86.00,0.9184,1,1
1049,2,757.00,269.00,69.00,74.00,0.9283,1,1
1049,4,411.00,182.00,51.00,45.00,0.9010,1,1
1049,5,182.00,372.00,64.00,60.00,0.9101,1,1
1049,10,517.00,314.00,32.00,32.00,0.2841,1,1
1049,21,423.00,222.00,38.00,32.00,0.7767,1,1
1049,24,847.00,177.00,75.00,56.00,0.8775,1,1
1049,26,216.00,410.00,32.00,39.00,0.3086,1,1
1049,34,391.00,332.00,33.00,32.00,0.3147,1,1
1049,74,259.00,552.00,51.00,40.00,0.7880,1,1
1049,83,288.00,494.00,39.00,40.00,0.6994,1,1
1049,87,210.00,411.00,36.00,43.00,0.9208,1,1
1049,88,852.00,223.00,29.00,31.00,0.4820,1,1
1050,1,326.00,462.00,90.00,87.00,0.9195,1,1
1050,2,757.00,269.00,69.00,75.00,0.9280,1,1
1050,4,412.00,183.00,50.00,46.00,0.9001,1,1
1050,5,182.00,373.00,65.00,59.00,0.9158,1,1
1050,10,519.00,314.00,32.00,33.00,0.2841,1,1
1050,21,423.00,224.00,38.00,32.00,0.7253,1,1
1050,24,847.00,177.00,75.00,56.00,0.8769,1,1
1050,26,217.00,410.00,32.00,40.00,0.3086,1,1
1050,34,390.00,331.00,36.00,33.00,0.4697,1,1
1050,74,258.00,553.00,55.00,40.00,0.4586,1,1
1050,83,287.00,494.00,40.00,40.00,0.7828,1,1
1050,87,211.00,412.00,36.00,42.00,0.9137,1,1
1050,88,852.00,223.00,29.00,31.00,0.4875,1,1
1051,1,327.00,460.00,90.00,86.00,0.9353,1,1
1051,2,757.00,268.00,69.00,77.00,0.9296,1,1
1051,4,412.00,185.00,50.00,46.00,0.8979,1,1
1051,5,182.00,373.00,67.00,59.00,0.9235,1,1
1051,10,517.00,312.00,32.00,38.00,0.3285,1,1
1051,21,426.00,224.00,35.00,33.00,0.7354,1,1
1051,24,846.00,177.00,76.00,56.00,0.8768,1,1
1051,34,396.00,332.00,33.00,33.00,0.2519,1,1
1051,74,258.00,553.00,59.00,40.00,0.5996,1,1
1051,83,287.00,493.00,40.00,41.00,0.7240,1,1
1051,87,211.00,413.00,37.00,41.00,0.9025,1,1
1051,88,852.00,223.00,29.00,31.00,0.4888,1,1
1052,1,329.00,459.00,89.00,88.00,0.9379,1,1
1052,2,758.00,268.00,68.00,77.00,0.9321,1,1
1052,4,411.00,186.00,51.00,47.00,0.8997,1,1
1052,5,183.00,373.00,66.00,59.00,0.9211,1,1
1052,10,515.00,318.00,32.00,38.00,0.4029,1,1
1052,21,424.00,227.00,37.00,35.00,0.8516,1,1
1052,24,847.00,177.00,76.00,55.00,0.8716,1,1
1052,34,397.00,333.00,33.00,34.00,0.2519,1,1
1052,74,261.00,551.00,53.00,39.00,0.3657,1,1
1052,83,285.00,493.00,42.00,41.00,0.6092,1,1
1052,87,211.00,413.00,37.00,42.00,0.8938,1,1
1052,88,852.00,223.00,29.00,31.00,0.4689,1,1
1053,1,330.00,459.00,91.00,89.00,0.9406,1,1
1053,2,758.00,268.00,68.00,77.00,0.9305,1,1
1053,4,410.00,188.00,52.00,47.00,0.8952,1,1
1053,5,182.00,373.00,67.00,59.00,0.9212,1,1
1053,10,514.00,322.00,29.00,38.00,0.2953,1,1
1053,21,423.00,230.00,38.00,33.00,0.8891,1,1
1053,24,845.00,177.00,77.00,56.00,0.8482,1,1
1053,74,262.00,551.00,54.00,39.00,0.3657,1,1
1053,83,283.00,491.00,45.00,43.00,0.5307,1,1
1053,87,210.00,414.00,38.00,41.00,0.8799,1,1
1053,88,852.00,226.00,29.00,30.00,0.3194,1,1
1054,1,333.00,458.00,90.00,89.00,0.9374,1,1
1054,2,758.00,268.00,68.00,78.00,0.9272,1,1
1054,4,409.00,190.00,52.00,47.00,0.8885,1,1
1054,5,182.00,375.00,67.00,58.00,0.9140,1,1
1054,10,513.00,325.00,30.00,41.00,0.3278,1,1
1054,21,421.00,230.00,40.00,34.00,0.8969,1,1
1054,24,846.00,178.00,76.00,54.00,0.8561,1,1
1054,34,396.00,332.00,38.00,32.00,0.3796,1,1
1054,83,282.00,491.00,51.00,44.00,0.6719,1,1
1054,87,210.00,415.00,38.00,40.00,0.8433,1,1
1054,88,853.00,225.00,28.00,31.00,0.2586,1,1
1055,1,335.00,459.00,89.00,88.00,0.9143,1,1
1055,2,758.00,268.00,68.00,78.00,0.9263,1,1
1055,4,407.00,193.00,53.00,47.00,0.8941,1,1
1055,5,182.00,375.00,67.00,59.00,0.9016,1,1
1055,10,514.00,326.00,29.00,42.00,0.3278,1,1
1055,14,275.00,495.00,55.00,40.00,0.5879,1,1
1055,21,420.00,233.00,39.00,34.00,0.8713,1,1
1055,24,845.00,178.00,76.00,54.00,0.8550,1,1
1055,34,397.00,334.00,40.00,31.00,0.2998,1,1
1055,83,282.00,491.00,52.00,44.00,0.6719,1,1
1055,87,210.00,415.00,38.00,41.00,0.8423,1,1
1055,88,853.00,225.00,29.00,31.00,0.3827,1,1
1056,1,336.00,458.00,93.00,86.00,0.9149,1,1
1056,2,758.00,268.00,68.00,78.00,0.9249,1,1
1056,4,405.00,196.00,53.00,47.00,0.8834,1,1
1056,5,182.00,375.00,67.00,59.00,0.8908,1,1
1056,14,280.00,500.00,55.00,40.00,0.5879,1,1
1056,21,420.00,236.00,38.00,33.00,0.8292,1,1
1056,24,845.00,179.00,76.00,53.00,0.8513,1,1
1056,34,397.00,335.00,42.00,31.00,0.2998,1,1
1056,74,274.00,495.00,52.00,39.00,0.5801,1,1
1056,87,210.00,416.00,38.00,39.00,0.8235,1,1
1056,88,854.00,226.00,29.00,30.00,0.3433,1,1
1056,94,253.00,543.00,58.00,33.00,0.2710,1,1
1057,1,337.00,458.00,94.00,86.00,0.9244,1,1
1057,2,758.00,267.00,67.00,80.00,0.9216,1,1
1057,4,403.00,200.00,51.00,47.00,0.9021,1,1
1057,5,181.00,375.00,68.00,59.00,0.8820,1,1
1057,10,511.00,341.00,35.00,39.00,0.3589,1,1
1057,21,417.00,238.00,37.00,37.00,0.8356,1,1
1057,24,843.00,180.00,77.00,52.00,0.8722,1,1
1057,74,267.00,494.00,52.00,39.00,0.5757,1,1
1057,87,209.00,416.00,39.00,40.00,0.8239,1,1
1057,88,854.00,227.00,30.00,30.00,0.4065,1,1
1057,94,255.00,543.00,59.00,34.00,0.2710,1,1
1058,1,338.00,457.00,94.00,87.00,0.9291,1,1
1058,2,758.00,267.00,68.00,80.00,0.9218,1,1
1058,4,401.00,203.00,50.00,47.00,0.9041,1,1
1058,5,181.00,376.00,68.00,58.00,0.8728,1,1
1058,10,511.00,344.00,35.00,39.00,0.3589,1,1
1058,21,417.00,240.00,37.00,38.00,0.8356,1,1
1058,24,843.00,181.00,77.00,52.00,0.8646,1,1
1058,38,415.00,244.00,36.00,34.00,0.9074,1,1
1058,74,268.00,490.00,52.00,38.00,0.5757,1,1
1058,87,209.00,416.00,39.00,40.00,0.8496,1,1
1058,88,855.00,229.00,31.00,28.00,0.3353,1,1
1058,94,264.00,492.00,49.00,32.00,0.3348,1,1
1059,1,340.00,457.00,93.00,86.00,0.9296,1,1
1059,2,758.00,267.00,68.00,80.00,0.9192,1,1
1059,4,398.00,206.00,51.00,48.00,0.8969,1,1
1059,5,182.00,376.00,67.00,60.00,0.8572,1,1
1059,21,410.00,248.00,38.00,35.00,0.9015,1,1
1059,24,844.00,181.00,76.00,52.00,0.9040,1,1
1059,34,409.00,354.00,38.00,32.00,0.5641,1,1
1059,38,397.00,245.00,36.00,33.00,0.9074,1,1
1059,87,209.00,417.00,38.00,39.00,0.8555,1,1
1059,88,854.00,230.00,31.00,27.00,0.3127,1,1
1059,94,267.00,487.00,48.00,32.00,0.3348,1,1
1060,1,340.00,457.00,92.00,83.00,0.9343,1,1
1060,2,759.00,267.00,66.00,80.00,0.9165,1,1
1060,4,393.00,210.00,52.00,46.00,0.8924,1,1
1060,5,181.00,376.00,67.00,60.00,0.8691,1,1
1060,21,407.00,251.00,39.00,35.00,0.8359,1,1
1060,24,843.00,182.00,76.00,51.00,0.9146,1,1
1060,34,409.00,361.00,40.00,33.00,0.3914,1,1
1060,87,208.00,416.00,39.00,40.00,0.8746,1,1
1060,88,854.00,230.00,30.00,27.00,0.3509,1,1
1061,1,342.00,457.00,90.00,82.00,0.9386,1,1
1061,2,759.00,266.00,66.00,81.00,0.9138,1,1
1061,4,389.00,213.00,52.00,47.00,0.8866,1,1
1061,5,182.00,376.00,66.00,60.00,0.8805,1,1
1061,21,404.00,253.00,38.00,37.00,0.8598,1,1
1061,24,843.00,182.00,76.00,51.00,0.9177,1,1
1061,26,209.00,413.00,39.00,34.00,0.3217,1,1
1061,34,410.00,364.00,41.00,33.00,0.3914,1,1
1061,87,207.00,416.00,40.00,40.00,0.8724,1,1
1061,88,854.00,231.00,30.00,26.00,0.3336,1,1
1061,94,251.00,542.00,48.00,29.00,0.3486,1,1
1061,95,1170.00,6.00,22.00,27.00,0.2860,1,1
1062,1,343.00,458.00,91.00,79.00,0.9407,1,1
1062,2,759.00,266.00,66.00,81.00,0.9151,1,1
1062,4,386.00,217.00,53.00,47.00,0.8740,1,1
1062,5,182.00,376.00,66.00,60.00,0.8876,1,1
1062,10,511.00,358.00,36.00,37.00,0.3303,1,1
1062,21,402.00,256.00,39.00,37.00,0.8598,1,1
1062,24,843.00,182.00,76.00,51.00,0.9169,1,1
1062,26,209.00,413.00,39.00,34.00,0.3659,1,1
1062,38,401.00,258.00,37.00,33.00,0.8789,1,1
1062,74,264.00,512.00,51.00,30.00,0.3191,1,1
1062,87,206.00,415.00,40.00,41.00,0.8715,1,1
1062,88,854.00,231.00,30.00,27.00,0.3210,1,1
1062,94,250.00,543.00,48.00,29.00,0.3025,1,1
1062,95,1170.00,7.00,23.00,27.00,0.2860,1,1
1063,1,344.00,459.00,93.00,80.00,0.9368,1,1
1063,2,759.00,266.00,67.00,81.00,0.9150,1,1
1063,4,383.00,219.00,54.00,47.00,0.8703,1,1
1063,5,182.00,376.00,66.00,59.00,0.8801,1,1
1063,10,511.00,361.00,36.00,37.00,0.3303,1,1
1063,24,843.00,182.00,76.00,51.00,0.9193,1,1
1063,26,209.00,413.00,38.00,34.00,0.3369,1,1
1063,38,398.00,261.00,38.00,33.00,0.8864,1,1
1063,74,262.00,515.00,54.00,30.00,0.2567,1,1
1063,87,206.00,415.00,40.00,41.00,0.8525,1,1
1063,88,853.00,235.00,29.00,27.00,0.3605,1,1
1063,94,250.00,545.00,49.00,29.00,0.6154,1,1
1064,1,345.00,461.00,93.00,79.00,0.9122,1,1
1064,2,759.00,266.00,67.00,81.00,0.9162,1,1
1064,4,380.00,222.00,55.00,47.00,0.8727,1,1
1064,5,182.00,376.00,66.00,60.00,0.8545,1,1
1064,24,843.00,182.00,76.00,51.00,0.9226,1,1
1064,26,208.00,414.00,39.00,33.00,0.3442,1,1
1064,38,397.00,265.00,38.00,32.00,0.7940,1,1
1064,74,262.00,514.00,54.00,30.00,0.2567,1,1
1064,83,418.00,384.00,51.00,46.00,0.3338,1,1
1064,87,207.00,416.00,39.00,40.00,0.8313,1,1
1064,88,853.00,234.00,29.00,27.00,0.3661,1,1
1064,94,247.00,546.00,55.00,28.00,0.5585,1,1
1065,1,346.00,463.00,91.00,77.00,0.8603,1,1
1065,2,759.00,266.00,67.00,80.00,0.9163,1,1
1065,4,377.00,223.00,56.00,50.00,0.8914,1,1
1065,5,179.00,377.00,68.00,60.00,0.8690,1,1
1065,10,509.00,363.00,38.00,37.00,0.4697,1,1
1065,21,396.00,265.00,38.00,35.00,0.8322,1,1
1065,24,843.00,182.00,76.00,51.00,0.9221,1,1
1065,26,207.00,415.00,39.00,31.00,0.3126,1,1
1065,38,393.00,266.00,37.00,33.00,0.7940,1,1
1065,83,423.00,389.00,49.00,50.00,0.2607,1,1
1065,87,206.00,420.00,38.00,37.00,0.8132,1,1
1065,88,853.00,234.00,29.00,27.00,0.3619,1,1
1065,94,246.00,545.00,55.00,30.00,0.6975,1,1
1066,1,347.00,465.00,91.00,79.00,0.8625,1,1
1066,2,759.00,266.00,67.00,80.00,0.9176,1,1
1066,4,376.00,226.00,57.00,49.00,0.8884,1,1
1066,5,178.00,379.00,68.00,59.00,0.8787,1,1
1066,10,508.00,363.00,39.00,37.00,0.6672,1,1
1066,21,396.00,268.00,37.00,35.00,0.8535,1,1
1066,24,843.00,182.00,76.00,51.00,0.9234,1,1
1066,26,207.00,415.00,39.00,31.00,0.3126,1,1
1066,83,429.00,394.00,45.00,51.00,0.3272,1,1
1066,87,205.00,421.00,39.00,38.00,0.8460,1,1
1066,88,853.00,234.00,29.00,27.00,0.4130,1,1
1066,94,247.00,546.00,55.00,30.00,0.6595,1,1
1067,1,349.00,466.00,90.00,78.00,0.8528,1,1
1067,2,760.00,266.00,66.00,80.00,0.9192,1,1
1067,4,375.00,228.00,58.00,49.00,0.8936,1,1
1067,5,177.00,380.00,68.00,60.00,0.8906,1,1
1067,10,508.00,363.00,39.00,35.00,0.6234,1,1
1067,21,394.00,269.00,38.00,36.00,0.8929,1,1
1067,24,843.00,182.00,76.00,51.00,0.9216,1,1
1067,83,439.00,391.00,44.00,51.00,0.3272,1,1
1067,87,203.00,422.00,40.00,40.00,0.8730,1,1
1067,88,853.00,234.00,29.00,27.00,0.4085,1,1
1067,94,248.00,545.00,53.00,30.00,0.7072,1,1
1068,1,351.00,467.00,90.00,78.00,0.8684,1,1
1068,2,760.00,266.00,66.00,79.00,0.9177,1,1
1068,4,374.00,230.00,58.00,49.00,0.9037,1,1
1068,5,177.00,383.00,67.00,57.00,0.8838,1,1
1068,10,508.00,362.00,38.00,36.00,0.6146,1,1
1068,21,393.00,271.00,38.00,35.00,0.8816,1,1
1068,24,842.00,182.00,76.00,51.00,0.9244,1,1
1068,74,245.00,543.00,52.00,29.00,0.6218,1,1
1068,87,200.00,423.00,42.00,41.00,0.9001,1,1
1068,88,853.00,234.00,29.00,27.00,0.4176,1,1
1068,94,248.00,547.00,54.00,30.00,0.7072,1,1
1069,1,355.00,469.00,90.00,77.00,0.8604,1,1
1069,2,759.00,266.00,67.00,78.00,0.9264,1,1
1069,4,374.00,232.00,58.00,49.00,0.8818,1,1
1069,5,175.00,384.00,69.00,58.00,0.8931,1,1
1069,10,509.00,362.00,36.00,36.00,0.8214,1,1
1069,14,435.00,411.00,38.00,42.00,0.6430,1,1
1069,21,391.00,274.00,39.00,35.00,0.8816,1,1
1069,24,842.00,182.00,76.00,51.00,0.9250,1,1
1069,38,393.00,276.00,37.00,30.00,0.8751,1,1
1069,74,247.00,543.00,52.00,29.00,0.5313,1,1
1069,87,200.00,425.00,41.00,40.00,0.8973,1,1
1069,88,854.00,231.00,31.00,26.00,0.3797,1,1
1069,95,1200.00,31.00,22.00,19.00,0.2729,1,1
1070,1,355.00,470.00,91.00,78.00,0.8380,1,1
1070,2,759.00,266.00,67.00,76.00,0.9320,1,1
1070,4,374.00,234.00,57.00,50.00,0.8768,1,1
1070,5,174.00,384.00,69.00,60.00,0.9001,1,1
1070,10,508.00,362.00,36.00,35.00,0.8287,1,1
1070,14,427.00,409.00,45.00,43.00,0.5844,1,1
1070,24,842.00,182.00,76.00,51.00,0.9266,1,1
1070,38,392.00,277.00,38.00,32.00,0.8182,1,1
1070,74,245.00,545.00,53.00,29.00,0.5313,1,1
1070,87,198.00,424.00,43.00,41.00,0.9104,1,1
1070,88,854.00,231.00,31.00,26.00,0.3714,1,1
1070,94,247.00,542.00,52.00,31.00,0.6394,1,1
1070,95,1203.00,34.00,22.00,18.00,0.2729,1,1
1071,1,356.00,470.00,91.00,80.00,0.8517,1,1
1071,2,759.00,267.00,67.00,74.00,0.9288,1,1
1071,4,374.00,235.00,56.00,51.00,0.8754,1,1
1071,5,172.00,384.00,70.00,61.00,0.9134,1,1
1071,10,508.00,363.00,36.00,35.00,0.8049,1,1
1071,14,422.00,409.00,49.00,45.00,0.5553,1,1
1071,24,842.00,182.00,76.00,51.00,0.9252,1,1
1071,38,393.00,277.00,37.00,32.00,0.8075,1,1
1071,87,197.00,424.00,42.00,41.00,0.9317,1,1
1071,88,854.00,231.00,31.00,26.00,0.3577,1,1
1071,94,246.00,545.00,56.00,30.00,0.5682,1,1
1072,1,359.00,472.00,89.00,80.00,0.8715,1,1
1072,2,760.00,267.00,66.00,73.00,0.9308,1,1
1072,4,374.00,235.00,56.00,53.00,0.8819,1,1
1072,5,171.00,384.00,68.00,61.00,0.9149,1,1
1072,10,507.00,363.00,36.00,35.00,0.8242,1,1
1072,14,424.00,410.00,44.00,48.00,0.3775,1,1
1072,21,393.00,278.00,37.00,33.00,0.7974,1,1
1072,24,842.00,182.00,76.00,51.00,0.9265,1,1
1072,38,399.00,275.00,31.00,30.00,0.4285,1,1
1072,87,196.00,424.00,42.00,41.00,0.9283,1,1
1072,88,854.00,231.00,31.00,26.00,0.3703,1,1
1072,94,247.00,547.00,53.00,32.00,0.5868,1,1
1073,1,361.00,473.00,89.00,79.00,0.8533,1,1
1073,2,760.00,267.00,65.00,72.00,0.9331,1,1
1073,4,374.00,235.00,56.00,54.00,0.8830,1,1
1073,5,170.00,384.00,70.00,61.00,0.9141,1,1
1073,10,507.00,362.00,36.00,35.00,0.8173,1,1
1073,14,431.00,408.00,45.00,48.00,0.3775,1,1
1073,21,393.00,279.00,36.00,33.00,0.7829,1,1
1073,24,842.00,182.00,76.00,51.00,0.9269,1,1
1073,38,398.00,276.00,31.00,31.00,0.4285,1,1
1073,87,195.00,424.00,42.00,41.00,0.9249,1,1
1073,88,853.00,234.00,29.00,26.00,0.3903,1,1
1073,94,242.00,547.00,57.00,33.00,0.6295,1,1
1073,95,1214.00,33.00,21.00,22.00,0.4129,1,1
1074,1,362.00,473.00,89.00,80.00,0.8749,1,1
1074,2,760.00,268.00,66.00,71.00,0.9363,1,1
1074,4,374.00,236.00,56.00,53.00,0.8813,1,1
1074,5,169.00,384.00,69.00,61.00,0.9163,1,1
1074,10,507.00,362.00,37.00,35.00,0.8185,1,1
1074,14,416.00,412.00,47.00,47.00,0.2721,1,1
1074,21,389.00,281.00,40.00,32.00,0.7814,1,1
1074,24,842.00,182.00,76.00,51.00,0.9286,1,1
1074,87,195.00,423.00,41.00,42.00,0.9227,1,1
1074,88,854.00,231.00,30.00,26.00,0.3832,1,1
1074,94,240.00,547.00,53.00,31.00,0.6793,1,1
1074,95,1218.00,35.00,21.00,22.00,0.4129,1,1
1075,1,362.00,474.00,90.00,78.00,0.8864,1,1
1075,2,760.00,268.00,66.00,70.00,0.9346,1,1
1075,4,374.00,236.00,56.00,53.00,0.8841,1,1
1075,5,168.00,384.00,69.00,60.00,0.9129,1,1
1075,10,506.00,363.00,35.00,34.00,0.8222,1,1
1075,14,410.00,412.00,52.00,47.00,0.3428,1,1
1075,21,392.00,281.00,38.00,33.00,0.7788,1,1
1075,24,842.00,182.00,76.00,51.00,0.9267,1,1
1075,34,267.00,499.00,41.00,45.00,0.3702,1,1
1075,87,194.00,423.00,42.00,41.00,0.9083,1,1
1075,88,854.00,231.00,30.00,26.00,0.4276,1,1
1075,94,234.00,544.00,48.00,31.00,0.4867,1,1
1076,1,363.00,474.00,90.00,81.00,0.9026,1,1
1076,2,760.00,268.00,66.00,70.00,0.9335,1,1
1076,4,374.00,237.00,56.00,53.00,0.8913,1,1
1076,5,168.00,384.00,69.00,60.00,0.9100,1,1
1076,10,505.00,361.00,37.00,33.00,0.8470,1,1
1076,14,411.00,413.00,49.00,49.00,0.2887,1,1
1076,21,391.00,283.00,39.00,33.00,0.7627,1,1
1076,24,842.00,182.00,76.00,51.00,0.9270,1,1
1076,34,266.00,495.00,42.00,46.00,0.2617,1,1
1076,87,194.00,422.00,41.00,42.00,0.8882,1,1
1076,88,854.00,231.00,30.00,26.00,0.4419,1,1
1076,94,233.00,546.00,47.00,31.00,0.2924,1,1
1077,1,364.00,475.00,90.00,82.00,0.8762,1,1
1077,2,759.00,268.00,67.00,70.00,0.9333,1,1
1077,4,374.00,238.00,56.00,54.00,0.9026,1,1
1077,5,167.00,383.00,69.00,60.00,0.9134,1,1
1077,10,504.00,360.00,37.00,31.00,0.8759,1,1
1077,14,414.00,412.00,50.00,49.00,0.2887,1,1
1077,21,390.00,284.00,39.00,33.00,0.7700,1,1
1077,24,842.00,182.00,76.00,51.00,0.9239,1,1
1077,34,259.00,503.00,43.00,46.00,0.2617,1,1
1077,38,379.00,282.00,46.00,31.00,0.3346,1,1
1077,87,191.00,422.00,42.00,42.00,0.9133,1,1
1077,88,854.00,231.00,30.00,25.00,0.4746,1,1
1077,94,233.00,544.00,43.00,33.00,0.4351,1,1
1078,1,364.00,477.00,91.00,81.00,0.8965,1,1
1078,2,759.00,268.00,67.00,70.00,0.9318,1,1
1078,4,374.00,238.00,55.00,56.00,0.9033,1,1
1078,5,167.00,383.00,67.00,59.00,0.8945,1,1
1078,10,504.00,359.00,36.00,29.00,0.5791,1,1
1078,14,404.00,412.00,55.00,50.00,0.3088,1,1
1078,21,390.00,286.00,39.00,31.00,0.7988,1,1
1078,24,842.00,182.00,75.00,51.00,0.9248,1,1
1078,34,266.00,484.00,42.00,51.00,0.5681,1,1
1078,38,380.00,283.00,45.00,31.00,0.3493,1,1
1078,87,189.00,422.00,42.00,41.00,0.9034,1,1
1078,88,854.00,230.00,29.00,27.00,0.4208,1,1
1078,94,233.00,545.00,41.00,31.00,0.5616,1,1
1079,1,364.00,479.00,92.00,81.00,0.9148,1,1
1079,2,759.00,268.00,67.00,69.00,0.9315,1,1
1079,4,374.00,239.00,56.00,56.00,0.9022,1,1
1079,5,165.00,382.00,66.00,59.00,0.8903,1,1
1079,10,504.00,359.00,37.00,29.00,0.4864,1,1
1079,14,406.00,411.00,56.00,51.00,0.3088,1,1
1079,21,390.00,287.00,39.00,31.00,0.8179,1,1
1079,24,841.00,182.00,76.00,51.00,0.9252,1,1
1079,26,268.00,482.00,42.00,42.00,0.6149,1,1
1079,34,262.00,489.00,41.00,52.00,0.5681,1,1
1079,38,380.00,284.00,45.00,31.00,0.3563,1,1
1079,87,189.00,422.00,41.00,40.00,0.8867,1,1
1079,88,854.00,230.00,29.00,26.00,0.4715,1,1
1079,94,232.00,546.00,42.00,31.00,0.7277,1,1
1080,1,364.00,480.00,92.00,81.00,0.9001,1,1
1080,2,759.00,268.00,67.00,69.00,0.9327,1,1
1080,4,374.00,239.00,56.00,56.00,0.9025,1,1
1080,5,164.00,382.00,66.00,59.00,0.8873,1,1
1080,10,503.00,359.00,36.00,29.00,0.6312,1,1
1080,14,421.00,413.00,40.00,49.00,0.3327,1,1
1080,21,391.00,288.00,39.00,30.00,0.8115,1,1
1080,24,841.00,182.00,76.00,51.00,0.9232,1,1
1080,26,272.00,486.00,42.00,43.00,0.6149,1,1
1080,38,380.00,283.00,46.00,31.00,0.3052,1,1
1080,74,270.00,480.00,40.00,37.00,0.7873,1,1
1080,87,188.00,422.00,40.00,39.00,0.8862,1,1
1080,88,853.00,230.00,29.00,27.00,0.4922,1,1
1080,94,232.00,547.00,42.00,31.00,0.4020,1,1
1080,95,1250.00,50.00,20.00,21.00,0.5742,1,1
1081,1,364.00,483.00,93.00,80.00,0.8983,1,1
1081,2,760.00,269.00,66.00,68.00,0.9287,1,1
1081,4,374.00,239.00,56.00,57.00,0.9000,1,1
1081,5,163.00,381.00,66.00,59.00,0.8914,1,1
1081,10,505.00,360.00,37.00,29.00,0.6297,1,1
1081,14,421.00,413.00,43.00,48.00,0.4253,1,1
1081,21,391.00,288.00,39.00,30.00,0.8043,1,1
1081,24,841.00,182.00,76.00,50.00,0.9192,1,1
1081,38,379.00,282.00,47.00,32.00,0.2704,1,1
1081,74,271.00,477.00,40.00,35.00,0.7794,1,1
1081,87,189.00,421.00,38.00,40.00,0.8433,1,1
1081,88,853.00,230.00,29.00,26.00,0.5023,1,1
1081,94,233.00,548.00,45.00,30.00,0.4018,1,1
1081,95,1256.00,50.00,20.00,21.00,0.2518,1,1
1082,1,364.00,485.00,93.00,78.00,0.8968,1,1
1082,2,760.00,269.00,66.00,68.00,0.9272,1,1
1082,4,374.00,239.00,56.00,57.00,0.8965,1,1
1082,5,163.00,381.00,66.00,58.00,0.8912,1,1
1082,10,504.00,360.00,38.00,29.00,0.5766,1,1
1082,14,421.00,413.00,45.00,45.00,0.5020,1,1
1082,21,392.00,289.00,38.00,29.00,0.7989,1,1
1082,24,841.00,181.00,76.00,51.00,0.9167,1,1
1082,38,378.00,283.00,47.00,32.00,0.2704,1,1
1082,74,272.00,475.00,41.00,35.00,0.7325,1,1
1082,83,190.00,415.00,38.00,30.00,0.3554,1,1
1082,87,189.00,420.00,38.00,40.00,0.8231,1,1
1082,88,853.00,230.00,29.00,27.00,0.4862,1,1
1082,94,228.00,547.00,51.00,30.00,0.4662,1,1
1082,95,1261.00,52.00,20.00,21.00,0.2518,1,1
1083,1,363.00,485.00,94.00,80.00,0.9070,1,1
1083,2,759.00,269.00,67.00,68.00,0.9245,1,1
1083,4,374.00,240.00,57.00,56.00,0.8900,1,1
1083,5,163.00,380.00,67.00,59.00,0.8907,1,1
1083,10,503.00,360.00,39.00,29.00,0.6638,1,1
1083,14,421.00,413.00,49.00,44.00,0.5656,1,1
1083,21,391.00,290.00,39.00,28.00,0.7834,1,1
1083,24,841.00,181.00,76.00,51.00,0.9119,1,1
1083,74,272.00,474.00,41.00,33.00,0.7125,1,1
1083,83,190.00,416.00,38.00,29.00,0.2982,1,1
1083,87,186.00,420.00,42.00,40.00,0.8321,1,1
1083,88,852.00,229.00,30.00,27.00,0.4765,1,1
1083,94,227.00,548.00,52.00,30.00,0.4662,1,1
1084,1,363.00,486.00,93.00,80.00,0.8991,1,1
1084,2,760.00,269.00,67.00,68.00,0.9246,1,1
1084,4,374.00,240.00,57.00,56.00,0.8892,1,1
1084,5,163.00,380.00,68.00,59.00,0.8897,1,1
1084,10,503.00,359.00,38.00,31.00,0.6952,1,1
1084,14,417.00,413.00,55.00,43.00,0.4832,1,1
1084,21,391.00,290.00,39.00,28.00,0.7551,1,1
1084,24,841.00,181.00,76.00,51.00,0.9086,1,1
1084,74,274.00,474.00,39.00,31.00,0.6606,1,1
1084,83,184.00,417.00,38.00,28.00,0.2982,1,1
1084,87,189.00,422.00,39.00,37.00,0.8487,1,1
1084,88,852.00,228.00,30.00,28.00,0.4625,1,1
1085,1,362.00,488.00,92.00,81.00,0.9133,1,1
1085,2,760.00,270.00,67.00,67.00,0.9263,1,1
1085,4,374.00,240.00,57.00,56.00,0.8898,1,1
1085,5,164.00,379.00,69.00,59.00,0.8734,1,1
1085,10,503.00,360.00,37.00,31.00,0.7706,1,1
1085,14,418.00,414.00,55.00,43.00,0.4558,1,1
1085,21,394.00,289.00,37.00,28.00,0.7481,1,1
1085,24,841.00,181.00,76.00,51.00,0.8995,1,1
1085,74,274.00,475.00,40.00,32.00,0.7004,1,1
1085,87,188.00,423.00,40.00,35.00,0.8393,1,1
1085,88,852.00,228.00,30.00,29.00,0.4566,1,1
1085,94,229.00,543.00,45.00,28.00,0.3889,1,1
1086,1,361.00,491.00,92.00,81.00,0.8955,1,1
1086,2,760.00,270.00,67.00,67.00,0.9277,1,1
1086,4,374.00,240.00,58.00,55.00,0.8905,1,1
1086,5,165.00,378.00,68.00,59.00,0.8730,1,1
1086,10,502.00,360.00,38.00,31.00,0.7681,1,1
1086,14,424.00,415.00,51.00,47.00,0.5541,1,1
1086,21,394.00,289.00,38.00,29.00,0.7624,1,1
1086,24,841.00,181.00,76.00,51.00,0.8983,1,1
1086,26,366.00,667.00,31.00,39.00,0.2798,1,1
1086,74,277.00,478.00,38.00,34.00,0.7443,1,1
1086,87,190.00,423.00,38.00,34.00,0.8032,1,1
1086,88,852.00,228.00,30.00,29.00,0.4669,1,1
1086,94,228.00,542.00,45.00,29.00,0.3889,1,1
1087,1,360.00,493.00,93.00,80.00,0.8909,1,1
1087,2,760.00,270.00,67.00,67.00,0.9285,1,1
1087,4,375.00,240.00,58.00,55.00,0.8883,1,1
1087,5,166.00,377.00,67.00,59.00,0.8713,1,1
1087,10,503.00,361.00,37.00,29.00,0.7995,1,1
1087,14,423.00,416.00,52.00,46.00,0.5333,1,1
1087,21,394.00,289.00,39.00,30.00,0.7942,1,1
1087,24,841.00,181.00,76.00,51.00,0.8994,1,1
1087,26,367.00,667.00,32.00,38.00,0.3344,1,1
1087,74,274.00,482.00,41.00,32.00,0.7707,1,1
1087,87,189.00,422.00,39.00,33.00,0.7542,1,1
1087,88,852.00,228.00,30.00,29.00,0.4729,1,1
1088,1,359.00,493.00,93.00,83.00,0.9043,1,1
1088,2,760.00,270.00,66.00,67.00,0.9290,1,1
1088,4,376.00,240.00,60.00,55.00,0.8837,1,1
1088,5,166.00,375.00,68.00,58.00,0.8548,1,1
1088,10,502.00,361.00,38.00,29.00,0.8118,1,1
1088,14,420.00,415.00,54.00,42.00,0.4458,1,1
1088,21,395.00,290.00,38.00,30.00,0.8097,1,1
1088,24,841.00,181.00,76.00,51.00,0.9023,1,1
1088,26,367.00,667.00,35.00,39.00,0.3976,1,1
1088,74,277.00,486.00,39.00,31.00,0.7659,1,1
1088,87,189.00,422.00,38.00,32.00,0.7161,1,1
1088,88,852.00,228.00,30.00,29.00,0.4597,1,1
1089,1,358.00,494.00,93.00,83.00,0.9198,1,1
1089,2,760.00,270.00,66.00,67.00,0.9280,1,1
1089,4,377.00,242.00,59.00,53.00,0.8743,1,1
1089,5,166.00,374.00,69.00,57.00,0.9134,1,1
1089,10,502.00,360.00,39.00,30.00,0.7851,1,1
1089,14,423.00,416.00,51.00,48.00,0.3369,1,1
1089,21,397.00,290.00,37.00,29.00,0.8245,1,1
1089,24,841.00,181.00,76.00,51.00,0.9070,1,1
1089,26,367.00,669.00,36.00,37.00,0.3340,1,1
1089,74,275.00,488.00,40.00,30.00,0.7947,1,1
1089,87,189.00,420.00,40.00,32.00,0.7847,1,1
1089,88,852.00,228.00,30.00,30.00,0.4552,1,1
1090,1,358.00,496.00,93.00,83.00,0.9211,1,1
1090,2,760.00,270.00,66.00,68.00,0.9285,1,1
1090,4,377.00,241.00,60.00,55.00,0.8787,1,1
1090,5,167.00,371.00,68.00,59.00,0.9093,1,1
1090,10,503.00,360.00,37.00,30.00,0.7927,1,1
1090,14,429.00,416.00,45.00,48.00,0.4849,1,1
1090,21,399.00,290.00,36.00,29.00,0.8207,1,1
1090,24,841.00,181.00,76.00,51.00,0.9054,1,1
1090,26,368.00,669.00,36.00,37.00,0.3622,1,1
1090,74,271.00,488.00,42.00,29.00,0.8533,1,1
1090,87,188.00,419.00,41.00,32.00,0.8188,1,1
1090,88,852.00,228.00,30.00,30.00,0.4623,1,1
1091,1,357.00,497.00,94.00,84.00,0.9180,1,1
1091,2,760.00,270.00,66.00,68.00,0.9256,1,1
1091,4,377.00,241.00,61.00,55.00,0.8748,1,1
1091,5,168.00,370.00,66.00,59.00,0.9037,1,1
1091,10,503.00,360.00,37.00,30.00,0.7944,1,1
1091,14,442.00,417.00,32.00,48.00,0.4345,1,1
1091,21,400.00,290.00,36.00,28.00,0.8236,1,1
1091,24,841.00,181.00,76.00,51.00,0.9050,1,1
1091,26,368.00,669.00,36.00,37.00,0.3318,1,1
1091,38,418.00,416.00,56.00,44.00,0.3029,1,1
1091,74,265.00,486.00,42.00,32.00,0.7522,1,1
1091,87,189.00,418.00,40.00,31.00,0.8363,1,1
1091,88,852.00,228.00,30.00,30.00,0.4653,1,1
1092,1,357.00,498.00,94.00,83.00,0.9015,1,1
1092,2,760.00,271.00,66.00,67.00,0.9247,1,1
1092,4,377.00,242.00,62.00,54.00,0.8756,1,1
1092,5,169.00,369.00,66.00,57.00,0.8972,1,1
1092,10,502.00,361.00,38.00,28.00,0.8499,1,1
1092,14,436.00,420.00,38.00,45.00,0.3350,1,1
1092,21,400.00,290.00,36.00,29.00,0.8362,1,1
1092,24,841.00,181.00,76.00,51.00,0.9055,1,1
1092,26,373.00,680.00,37.00,37.00,0.3318,1,1
1092,34,259.00,486.00,45.00,40.00,0.6687,1,1
1092,38,422.00,418.00,52.00,43.00,0.3429,1,1
1092,74,264.00,486.00,43.00,32.00,0.7522,1,1
1092,87,190.00,417.00,39.00,30.00,0.7870,1,1
1092,88,852.00,228.00,30.00,30.00,0.4598,1,1
1093,1,357.00,499.00,95.00,84.00,0.9111,1,1
1093,2,760.00,271.00,65.00,67.00,0.9235,1,1
1093,4,377.00,242.00,62.00,54.00,0.8705,1,1
1093,5,169.00,367.00,67.00,57.00,0.8917,1,1
1093,10,503.00,362.00,38.00,28.00,0.8604,1,1
1093,14,433.00,420.00,43.00,46.00,0.3112,1,1
1093,21,400.00,290.00,37.00,29.00,0.8224,1,1
1093,24,841.00,181.00,76.00,51.00,0.9054,1,1
1093,34,257.00,487.00,46.00,42.00,0.6703,1,1
1093,38,416.00,416.00,57.00,43.00,0.3070,1,1
1093,87,189.00,416.00,40.00,31.00,0.8312,1,1
1093,88,852.00,228.00,30.00,30.00,0.4715,1,1
1093,95,1292.00,76.00,22.00,22.00,0.4841,1,1
1094,1,357.00,499.00,95.00,84.00,0.9041,1,1
1094,2,760.00,271.00,65.00,67.00,0.9253,1,1
1094,4,378.00,242.00,61.00,54.00,0.8749,1,1
1094,5,169.00,366.00,67.00,57.00,0.8773,1,1
1094,10,504.00,363.00,38.00,28.00,0.8635,1,1
1094,14,431.00,420.00,46.00,45.00,0.3048,1,1
1094,21,400.00,291.00,37.00,28.00,0.8268,1,1
1094,24,841.00,181.00,76.00,51.00,0.9050,1,1
1094,34,258.00,489.00,44.00,45.00,0.7212,1,1
1094,38,416.00,417.00,56.00,42.00,0.2986,1,1
1094,87,189.00,416.00,40.00,30.00,0.8066,1,1
1094,88,852.00,228.00,30.00,30.00,0.4773,1,1
1094,95,1290.00,77.00,21.00,21.00,0.5359,1,1
1094,97,442.00,426.00,34.00,39.00,0.4039,1,1
1095,1,357.00,500.00,95.00,84.00,0.8959,1,1
1095,2,760.00,271.00,65.00,67.00,0.9230,1,1
1095,4,378.00,242.00,61.00,55.00,0.8765,1,1
1095,5,168.00,365.00,68.00,55.00,0.8788,1,1
1095,10,504.00,363.00,38.00,28.00,0.8535,1,1
1095,14,431.00,420.00,48.00,46.00,0.3048,1,1
1095,21,401.00,291.00,36.00,28.00,0.8279,1,1
1095,24,841.00,181.00,76.00,51.00,0.9040,1,1
1095,26,368.00,670.00,35.00,36.00,0.2597,1,1
1095,34,256.00,489.00,45.00,46.00,0.7455,1,1
1095,38,417.00,425.00,57.00,43.00,0.2986,1,1
1095,87,189.00,414.00,41.00,30.00,0.7774,1,1
1095,88,852.00,228.00,30.00,30.00,0.4555,1,1
1095,95,1292.00,79.00,22.00,21.00,0.5359,1,1
1095,97,447.00,429.00,30.00,37.00,0.4885,1,1
1096,1,357.00,499.00,94.00,85.00,0.9094,1,1
1096,2,760.00,271.00,64.00,67.00,0.9205,1,1
1096,4,379.00,242.00,60.00,55.00,0.8707,1,1
1096,5,168.00,364.00,68.00,54.00,0.8725,1,1
1096,10,504.00,363.00,38.00,28.00,0.8515,1,1
1096,21,401.00,291.00,37.00,29.00,0.8360,1,1
1096,24,841.00,181.00,76.00,51.00,0.9060,1,1
1096,26,368.00,670.00,35.00,36.00,0.3106,1,1
1096,34,257.00,492.00,43.00,45.00,0.7856,1,1
1096,87,189.00,412.00,39.00,30.00,0.7369,1,1
1096,88,852.00,228.00,30.00,29.00,0.4660,1,1
1096,94,222.00,533.00,44.00,31.00,0.3525,1,1
1096,97,448.00,430.00,30.00,37.00,0.4885,1,1
1097,1,356.00,499.00,96.00,85.00,0.9059,1,1
1097,2,759.00,271.00,65.00,67.00,0.9177,1,1
1097,4,379.00,242.00,60.00,56.00,0.8657,1,1
1097,5,168.00,362.00,69.00,55.00,0.8929,1,1
1097,10,504.00,363.00,38.00,28.00,0.8564,1,1
1097,21,403.00,291.00,35.00,29.00,0.8210,1,1
1097,24,841.00,181.00,76.00,51.00,0.9011,1,1
1097,26,368.00,670.00,34.00,35.00,0.2842,1,1
1097,34,256.00,492.00,44.00,44.00,0.7654,1,1
1097,87,188.00,411.00,40.00,29.00,0.6196,1,1
1097,88,852.00,228.00,30.00,29.00,0.4795,1,1
1097,94,225.00,532.00,42.00,32.00,0.4614,1,1
1097,95,1289.00,84.00,21.00,21.00,0.4067,1,1
1098,1,356.00,499.00,96.00,85.00,0.8882,1,1
1098,2,759.00,271.00,64.00,67.00,0.9121,1,1
1098,4,379.00,242.00,60.00,57.00,0.8692,1,1
1098,5,168.00,360.00,70.00,57.00,0.9263,1,1
1098,10,504.00,363.00,38.00,28.00,0.8629,1,1
1098,21,401.00,291.00,37.00,30.00,0.8291,1,1
1098,24,841.00,181.00,76.00,51.00,0.9011,1,1
1098,26,368.00,669.00,34.00,36.00,0.2686,1,1
1098,34,256.00,492.00,45.00,47.00,0.7709,1,1
1098,87,188.00,409.00,42.00,29.00,0.6213,1,1
1098,88,852.00,228.00,30.00,29.00,0.4734,1,1
1098,94,222.00,529.00,46.00,34.00,0.3140,1,1
1098,95,1291.00,86.00,21.00,21.00,0.4067,1,1
1099,1,356.00,499.00,95.00,85.00,0.8897,1,1
1099,2,758.00,271.00,65.00,66.00,0.9093,1,1
1099,4,379.00,242.00,59.00,57.00,0.8690,1,1
1099,5,169.00,359.00,70.00,56.00,0.9285,1,1
1099,10,504.00,364.00,38.00,27.00,0.8505,1,1
1099,21,400.00,292.00,38.00,29.00,0.8237,1,1
1099,24,841.00,181.00,76.00,51.00,0.8992,1,1
1099,26,368.00,669.00,34.00,36.00,0.2718,1,1
1099,34,256.00,492.00,44.00,49.00,0.7948,1,1
1099,87,189.00,407.00,42.00,30.00,0.6549,1,1
1099,88,852.00,228.00,30.00,29.00,0.4786,1,1
1099,94,220.00,523.00,48.00,33.00,0.4203,1,1
1100,1,356.00,499.00,94.00,86.00,0.9006,1,1
1100,2,758.00,271.00,65.00,66.00,0.9056,1,1
1100,4,378.00,242.00,60.00,58.00,0.8739,1,1
1100,5,169.00,358.00,71.00,57.00,0.9315,1,1
1100,10,504.00,364.00,38.00,27.00,0.8393,1,1
1100,21,398.00,292.00,39.00,29.00,0.8239,1,1
1100,24,841.00,181.00,76.00,51.00,0.8966,1,1
1100,26,367.00,669.00,35.00,36.00,0.3639,1,1
1100,34,257.00,492.00,43.00,49.00,0.7977,1,1
1100,74,221.00,520.00,43.00,33.00,0.6675,1,1
1100,87,189.00,405.00,42.00,31.00,0.6967,1,1
1100,88,852.00,228.00,30.00,28.00,0.4548,1,1
1100,94,219.00,521.00,49.00,34.00,0.4203,1,1
1101,1,355.00,499.00,95.00,85.00,0.9142,1,1
1101,2,758.00,271.00,64.00,66.00,0.9051,1,1
1101,4,378.00,242.00,59.00,58.00,0.8815,1,1
1101,5,169.00,357.00,71.00,57.00,0.9280,1,1
1101,10,504.00,364.00,38.00,27.00,0.8194,1,1
1101,21,395.00,292.00,41.00,30.00,0.8473,1,1
1101,24,841.00,181.00,76.00,51.00,0.8962,1,1
1101,26,367.00,669.00,35.00,36.00,0.3741,1,1
1101,34,259.00,493.00,42.00,48.00,0.7748,1,1
1101,74,217.00,522.00,43.00,33.00,0.6675,1,1
1101,87,189.00,404.00,43.00,31.00,0.7405,1,1
1101,88,853.00,228.00,29.00,28.00,0.4331,1,1
1101,94,218.00,516.00,44.00,30.00,0.5394,1,1
1102,1,355.00,499.00,95.00,84.00,0.9015,1,1
1102,2,758.00,271.00,64.00,66.00,0.9063,1,1
1102,4,377.00,242.00,61.00,57.00,0.8869,1,1
1102,5,170.00,356.00,70.00,56.00,0.9180,1,1
1102,10,504.00,365.00,38.00,26.00,0.8170,1,1
1102,14,408.00,418.00,59.00,41.00,0.3530,1,1
1102,21,395.00,292.00,40.00,30.00,0.8600,1,1
1102,24,841.00,181.00,76.00,51.00,0.8956,1,1
1102,26,366.00,669.00,35.00,36.00,0.3760,1,1
1102,34,260.00,492.00,40.00,49.00,0.7769,1,1
1102,87,191.00,404.00,40.00,30.00,0.7723,1,1
1102,88,853.00,228.00,29.00,28.00,0.4319,1,1
1102,94,212.00,514.00,49.00,30.00,0.3355,1,1
1103,1,355.00,499.00,94.00,84.00,0.8875,1,1
1103,2,758.00,271.00,64.00,66.00,0.9062,1,1
1103,4,377.00,242.00,60.00,57.00,0.8937,1,1
1103,5,170.00,355.00,70.00,57.00,0.9134,1,1
1103,10,504.00,365.00,37.00,26.00,0.8174,1,1
1103,14,407.00,417.00,60.00,41.00,0.3174,1,1
1103,21,394.00,292.00,41.00,30.00,0.8561,1,1
1103,24,841.00,181.00,76.00,51.00,0.8953,1,1
1103,26,366.00,668.00,34.00,37.00,0.3193,1,1
1103,34,258.00,490.00,42.00,51.00,0.6410,1,1
1103,74,221.00,513.00,41.00,33.00,0.7367,1,1
1103,87,190.00,403.00,41.00,31.00,0.8078,1,1
1103,88,853.00,228.00,29.00,28.00,0.4157,1,1
1103,94,211.00,512.00,49.00,30.00,0.3355,1,1
1104,1,355.00,499.00,94.00,83.00,0.8749,1,1
1104,2,758.00,270.00,64.00,67.00,0.9095,1,1
1104,4,376.00,242.00,61.00,57.00,0.8947,1,1
1104,5,170.00,355.00,70.00,55.00,0.9071,1,1
1104,10,504.00,364.00,37.00,27.00,0.8239,1,1
1104,14,405.00,417.00,62.00,40.00,0.3174,1,1
1104,21,395.00,291.00,40.00,31.00,0.8525,1,1
1104,24,841.00,181.00,76.00,51.00,0.8929,1,1
1104,26,367.00,671.00,34.00,36.00,0.3193,1,1
1104,34,258.00,489.00,42.00,51.00,0.5425,1,1
1104,74,222.00,517.00,44.00,31.00,0.7397,1,1
1104,87,190.00,402.00,41.00,32.00,0.7962,1,1
1104,88,852.00,228.00,30.00,28.00,0.4473,1,1
1105,1,355.00,498.00,94.00,84.00,0.8828,1,1
1105,2,758.00,270.00,64.00,67.00,0.9083,1,1
1105,4,376.00,242.00,61.00,57.00,0.8984,1,1
1105,5,170.00,354.00,70.00,55.00,0.8989,1,1
1105,10,504.00,364.00,37.00,27.00,0.8249,1,1
1105,21,395.00,291.00,40.00,31.00,0.8464,1,1
1105,24,841.00,181.00,76.00,51.00,0.8931,1,1
1105,34,255.00,489.00,45.00,50.00,0.5732,1,1
1105,74,225.00,521.00,45.00,32.00,0.3124,1,1
1105,87,192.00,401.00,39.00,32.00,0.8295,1,1
1105,88,852.00,228.00,30.00,29.00,0.4679,1,1
1106,1,354.00,497.00,95.00,84.00,0.8904,1,1
1106,2,758.00,271.00,64.00,66.00,0.9067,1,1
1106,4,376.00,242.00,61.00,58.00,0.9000,1,1
1106,5,169.00,354.00,69.00,56.00,0.9012,1,1
1106,10,504.00,364.00,37.00,27.00,0.7995,1,1
1106,21,395.00,292.00,40.00,30.00,0.8470,1,1
1106,24,841.00,181.00,76.00,51.00,0.8902,1,1
1106,34,256.00,490.00,44.00,49.00,0.6893,1,1
1106,74,223.00,520.00,48.00,33.00,0.4870,1,1
1106,87,192.00,400.00,39.00,32.00,0.8313,1,1
1106,88,852.00,228.00,30.00,29.00,0.4684,1,1
1107,1,354.00,497.00,95.00,83.00,0.9058,1,1
1107,2,758.00,271.00,64.00,66.00,0.9062,1,1
1107,4,376.00,242.00,61.00,58.00,0.8998,1,1
1107,5,169.00,354.00,69.00,56.00,0.9011,1,1
1107,10,503.00,364.00,38.00,27.00,0.7939,1,1
1107,21,394.00,292.00,41.00,30.00,0.8388,1,1
1107,24,841.00,181.00,76.00,51.00,0.8915,1,1
1107,34,256.00,490.00,44.00,49.00,0.6998,1,1
1107,38,236.00,496.00,61.00,47.00,0.3026,1,1
1107,74,222.00,522.00,49.00,33.00,0.4870,1,1
1107,87,192.00,399.00,39.00,33.00,0.8235,1,1
1107,88,852.00,228.00,30.00,30.00,0.4735,1,1
1107,94,223.00,519.00,47.00,31.00,0.6518,1,1
1108,1,354.00,497.00,95.00,83.00,0.8996,1,1
1108,2,758.00,271.00,64.00,66.00,0.9049,1,1
1108,4,376.00,242.00,60.00,58.00,0.9060,1,1
1108,5,169.00,354.00,69.00,56.00,0.8972,1,1
1108,10,502.00,364.00,38.00,27.00,0.5158,1,1
1108,21,395.00,291.00,40.00,31.00,0.8223,1,1
1108,24,841.00,181.00,76.00,51.00,0.8911,1,1
1108,34,256.00,492.00,44.00,47.00,0.6720,1,1
1108,38,225.00,502.00,61.00,48.00,0.3026,1,1
1108,74,223.00,516.00,47.00,30.00,0.7173,1,1
1108,87,193.00,399.00,38.00,32.00,0.8093,1,1
1108,88,852.00,228.00,30.00,30.00,0.5580,1,1
1108,94,223.00,518.00,47.00,32.00,0.6518,1,1
1109,1,354.00,496.00,95.00,83.00,0.9158,1,1
1109,2,758.00,270.00,64.00,67.00,0.9048,1,1
1109,4,376.00,242.00,60.00,58.00,0.9098,1,1
1109,5,169.00,354.00,69.00,55.00,0.8966,1,1
1109,10,503.00,364.00,38.00,29.00,0.7210,1,1
1109,21,394.00,291.00,40.00,31.00,0.8188,1,1
1109,24,841.00,181.00,76.00,51.00,0.8917,1,1
1109,34,257.00,491.00,43.00,47.00,0.5628,1,1
1109,74,223.00,514.00,40.00,30.00,0.8170,1,1
1109,87,193.00,399.00,38.00,32.00,0.8111,1,1
1109,88,852.00,228.00,30.00,30.00,0.5434,1,1
1110,1,354.00,496.00,95.00,82.00,0.9148,1,1
1110,2,758.00,270.00,64.00,67.00,0.9038,1,1
1110,4,376.00,242.00,60.00,58.00,0.9096,1,1
1110,5,169.00,354.00,69.00,54.00,0.8939,1,1
1110,10,503.00,364.00,38.00,30.00,0.7455,1,1
1110,14,417.00,424.00,43.00,42.00,0.3824,1,1
1110,21,394.00,291.00,40.00,31.00,0.8107,1,1
1110,24,841.00,181.00,76.00,51.00,0.8906,1,1
1110,34,259.00,492.00,42.00,46.00,0.6456,1,1
1110,74,220.00,513.00,41.00,30.00,0.8048,1,1
1110,87,192.00,399.00,39.00,32.00,0.8075,1,1
1110,88,852.00,227.00,30.00,31.00,0.5728,1,1
1111,1,355.00,496.00,94.00,81.00,0.9174,1,1
1111,2,758.00,270.00,64.00,67.00,0.9044,1,1
1111,4,376.00,242.00,60.00,58.00,0.9107,1,1
1111,5,168.00,354.00,70.00,54.00,0.8953,1,1
1111,10,503.00,364.00,38.00,29.00,0.7553,1,1
1111,14,417.00,427.00,42.00,40.00,0.4280,1,1
1111,21,394.00,291.00,40.00,31.00,0.8053,1,1
1111,24,841.00,181.00,77.00,50.00,0.8891,1,1
1111,34,258.00,491.00,43.00,47.00,0.6406,1,1
1111,74,220.00,513.00,41.00,30.00,0.8207,1,1
1111,87,192.00,399.00,39.00,33.00,0.8272,1,1
1111,88,852.00,227.00,30.00,31.00,0.5909,1,1
1112,1,355.00,494.00,94.00,82.00,0.9179,1,1
1112,2,758.00,270.00,64.00,67.00,0.9053,1,1
1112,4,376.00,241.00,60.00,60.00,0.9148,1,1
1112,5,168.00,353.00,70.00,55.00,0.8982,1,1
1112,10,503.00,364.00,38.00,29.00,0.7825,1,1
1112,14,417.00,430.00,42.00,37.00,0.6365,1,1
1112,21,394.00,292.00,39.00,30.00,0.7859,1,1
1112,24,841.00,181.00,77.00,50.00,0.8883,1,1
1112,34,259.00,491.00,42.00,49.00,0.6515,1,1
1112,74,219.00,513.00,41.00,30.00,0.8207,1,1
1112,87,192.00,399.00,39.00,32.00,0.8180,1,1
1112,88,852.00,227.00,29.00,31.00,0.5905,1,1
1112,94,223.00,518.00,44.00,30.00,0.7483,1,1
1112,95,1317.00,4.00,30.00,27.00,0.3566,1,1
1113,1,356.00,493.00,93.00,82.00,0.9117,1,1
1113,2,758.00,270.00,64.00,66.00,0.9046,1,1
1113,4,376.00,241.00,59.00,60.00,0.9167,1,1
1113,5,168.00,353.00,70.00,55.00,0.8976,1,1
1113,10,503.00,364.00,38.00,29.00,0.7824,1,1
1113,14,417.00,430.00,41.00,36.00,0.7162,1,1
1113,21,394.00,292.00,39.00,31.00,0.7641,1,1
1113,24,841.00,180.00,77.00,51.00,0.8935,1,1
1113,34,256.00,491.00,45.00,48.00,0.7362,1,1
1113,87,192.00,399.00,39.00,32.00,0.8137,1,1
1113,88,852.00,227.00,30.00,32.00,0.5958,1,1
1113,94,224.00,520.00,46.00,32.00,0.6176,1,1
1113,95,1317.00,9.00,30.00,27.00,0.2890,1,1
1114,1,357.00,492.00,93.00,83.00,0.9210,1,1
1114,2,758.00,270.00,64.00,66.00,0.9057,1,1
1114,4,376.00,241.00,59.00,61.00,0.9197,1,1
1114,5,168.00,353.00,70.00,55.00,0.8985,1,1
1114,10,503.00,364.00,38.00,29.00,0.7786,1,1
1114,14,416.00,430.00,42.00,36.00,0.5353,1,1
1114,21,394.00,293.00,38.00,30.00,0.7635,1,1
1114,24,841.00,180.00,77.00,51.00,0.8936,1,1
1114,34,258.00,493.00,43.00,46.00,0.7381,1,1
1114,38,241.00,496.00,57.00,47.00,0.3275,1,1
1114,87,192.00,399.00,39.00,32.00,0.8144,1,1
1114,88,852.00,227.00,31.00,32.00,0.6304,1,1
1114,94,224.00,520.00,48.00,31.00,0.6089,1,1
1114,95,1319.00,11.00,29.00,29.00,0.4707,1,1
1115,1,357.00,492.00,93.00,82.00,0.9190,1,1
1115,2,758.00,270.00,64.00,66.00,0.9049,1,1
1115,4,376.00,241.00,58.00,61.00,0.9224,1,1
1115,5,168.00,352.00,70.00,56.00,0.9003,1,1
1115,10,503.00,364.00,38.00,29.00,0.7677,1,1
1115,14,415.00,432.00,43.00,36.00,0.2649,1,1
1115,21,394.00,293.00,38.00,30.00,0.7595,1,1
1115,24,841.00,180.00,77.00,51.00,0.8885,1,1
1115,34,258.00,493.00,43.00,47.00,0.6902,1,1
1115,38,226.00,503.00,72.00,42.00,0.3101,1,1
1115,87,192.00,399.00,39.00,32.00,0.8176,1,1
1115,88,852.00,227.00,30.00,32.00,0.6132,1,1
1115,94,224.00,520.00,46.00,29.00,0.7135,1,1
1115,95,1321.00,13.00,28.00,28.00,0.4413,1,1
1116,1,357.00,492.00,94.00,81.00,0.9168,1,1
1116,2,757.00,270.00,65.00,67.00,0.9074,1,1
1116,4,376.00,242.00,58.00,60.00,0.9215,1,1
1116,5,168.00,353.00,70.00,55.00,0.9000,1,1
1116,10,503.00,364.00,38.00,30.00,0.7835,1,1
1116,14,414.00,433.00,44.00,36.00,0.2649,1,1
1116,21,393.00,294.00,38.00,30.00,0.7483,1,1
1116,24,842.00,180.00,76.00,51.00,0.8854,1,1
1116,34,255.00,486.00,45.00,51.00,0.5598,1,1
1116,38,223.00,506.00,74.00,41.00,0.3101,1,1
1116,87,192.00,399.00,39.00,32.00,0.8247,1,1
1116,88,852.00,227.00,30.00,32.00,0.6090,1,1
1116,94,223.00,518.00,45.00,28.00,0.7800,1,1
1116,95,1322.00,14.00,27.00,27.00,0.5425,1,1
1117,1,358.00,492.00,93.00,80.00,0.9217,1,1
1117,2,757.00,270.00,64.00,67.00,0.9059,1,1
1117,4,376.00,242.00,58.00,61.00,0.9215,1,1
1117,5,168.00,352.00,70.00,56.00,0.9005,1,1
1117,10,502.00,364.00,39.00,29.00,0.7868,1,1
1117,21,392.00,294.00,39.00,30.00,0.7378,1,1
1117,24,842.00,180.00,76.00,51.00,0.8848,1,1
1117,34,255.00,488.00,46.00,50.00,0.5771,1,1
1117,87,192.00,399.00,39.00,32.00,0.8174,1,1
1117,88,852.00,227.00,31.00,32.00,0.6117,1,1
1117,94,222.00,517.00,47.00,29.00,0.7787,1,1
1117,95,1324.00,14.00,27.00,28.00,0.7584,1,1
1118,1,358.00,491.00,94.00,81.00,0.9240,1,1
1118,2,757.00,270.00,64.00,67.00,0.9078,1,1
1118,4,376.00,242.00,57.00,61.00,0.9236,1,1
1118,5,169.00,352.00,69.00,56.00,0.9002,1,1
1118,10,502.00,364.00,39.00,29.00,0.7883,1,1
1118,21,392.00,294.00,39.00,30.00,0.7419,1,1
1118,24,842.00,180.00,76.00,51.00,0.8834,1,1
1118,34,258.00,494.00,43.00,46.00,0.7123,1,1
1118,74,221.00,519.00,47.00,33.00,0.6068,1,1
1118,87,192.00,399.00,39.00,32.00,0.8381,1,1
1118,88,852.00,227.00,31.00,32.00,0.6178,1,1
1118,94,222.00,517.00,47.00,28.00,0.7787,1,1
1118,95,1323.00,14.00,31.00,32.00,0.7299,1,1
1118,97,1323.00,3.00,35.00,27.00,0.2882,1,1
1119,1,359.00,489.00,94.00,82.00,0.9327,1,1
1119,2,757.00,270.00,63.00,67.00,0.9168,1,1
1119,4,375.00,242.00,58.00,61.00,0.9248,1,1
1119,5,169.00,352.00,69.00,55.00,0.9022,1,1
1119,10,502.00,364.00,39.00,30.00,0.7883,1,1
1119,21,391.00,295.00,39.00,30.00,0.7462,1,1
1119,24,842.00,180.00,76.00,51.00,0.8919,1,1
1119,34,258.00,495.00,43.00,46.00,0.7123,1,1
1119,38,263.00,498.00,40.00,42.00,0.8281,1,1
1119,74,220.00,520.00,48.00,32.00,0.6068,1,1
1119,87,192.00,399.00,39.00,32.00,0.8223,1,1
1119,88,852.00,227.00,30.00,32.00,0.6317,1,1
1119,95,1324.00,19.00,31.00,26.00,0.7207,1,1
1119,97,1324.00,3.00,35.00,26.00,0.3670,1,1
1120,1,360.00,488.00,93.00,81.00,0.9166,1,1
1120,2,756.00,270.00,64.00,68.00,0.9203,1,1
1120,4,375.00,242.00,58.00,62.00,0.9241,1,1
1120,5,169.00,352.00,69.00,55.00,0.9007,1,1
1120,10,503.00,365.00,37.00,28.00,0.3191,1,1
1120,21,391.00,295.00,39.00,30.00,0.7143,1,1
1120,24,842.00,180.00,76.00,51.00,0.8894,1,1
1120,38,265.00,498.00,39.00,42.00,0.8131,1,1
1120,87,192.00,399.00,39.00,32.00,0.8257,1,1
1120,88,852.00,226.00,30.00,33.00,0.6300,1,1
1120,94,218.00,530.00,44.00,27.00,0.3848,1,1
1120,95,1325.00,23.00,24.00,26.00,0.7903,1,1
1120,97,1324.00,4.00,35.00,28.00,0.3002,1,1
1121,1,361.00,488.00,93.00,81.00,0.9167,1,1
1121,2,756.00,270.00,64.00,70.00,0.9234,1,1
1121,4,375.00,242.00,58.00,62.00,0.9257,1,1
1121,5,169.00,352.00,69.00,55.00,0.9008,1,1
1121,10,503.00,365.00,37.00,28.00,0.3191,1,1
1121,21,391.00,295.00,39.00,30.00,0.7152,1,1
1121,24,842.00,180.00,76.00,51.00,0.8909,1,1
1121,26,392.00,419.00,25.00,29.00,0.2922,1,1
1121,38,265.00,498.00,39.00,42.00,0.7553,1,1
1121,87,192.00,399.00,39.00,33.00,0.8147,1,1
1121,88,852.00,227.00,30.00,32.00,0.6431,1,1
1121,94,219.00,525.00,43.00,29.00,0.6413,1,1
1121,95,1326.00,28.00,23.00,23.00,0.7812,1,1
1121,97,1324.00,6.00,34.00,29.00,0.4230,1,1
1121,100,1324.00,174.00,22.00,23.00,0.5956,1,1
1122,1,362.00,487.00,92.00,80.00,0.9136,1,1
1122,2,755.00,270.00,64.00,71.00,0.9309,1,1
1122,4,375.00,241.00,58.00,63.00,0.9243,1,1
1122,5,169.00,352.00,69.00,55.00,0.9007,1,1
1122,14,410.00,426.00,39.00,39.00,0.7064,1,1
1122,21,390.00,295.00,40.00,30.00,0.6699,1,1
1122,24,842.00,180.00,76.00,51.00,0.8914,1,1
1122,26,391.00,419.00,25.00,28.00,0.2827,1,1
1122,38,263.00,497.00,41.00,43.00,0.7511,1,1
1122,74,214.00,522.00,46.00,32.00,0.3343,1,1
1122,87,192.00,399.00,39.00,33.00,0.8021,1,1
1122,88,852.00,227.00,30.00,32.00,0.6455,1,1
1122,94,218.00,526.00,43.00,28.00,0.6413,1,1
1122,95,1323.00,29.00,28.00,26.00,0.7157,1,1
1122,97,1323.00,9.00,33.00,32.00,0.5018,1,1
1122,100,1321.00,178.00,22.00,27.00,0.6030,1,1
1123,1,362.00,487.00,93.00,81.00,0.9179,1,1
1123,2,755.00,270.00,64.00,71.00,0.9314,1,1
1123,4,375.00,241.00,58.00,64.00,0.9264,1,1
1123,5,169.00,352.00,70.00,55.00,0.9033,1,1
1123,14,410.00,425.00,39.00,39.00,0.6543,1,1
1123,21,390.00,296.00,40.00,30.00,0.6540,1,1
1123,24,842.00,180.00,76.00,51.00,0.8896,1,1
1123,26,389.00,418.00,26.00,28.00,0.3991,1,1
1123,34,265.00,496.00,40.00,47.00,0.7779,1,1
1123,38,264.00,497.00,40.00,43.00,0.7511,1,1
1123,74,211.00,521.00,51.00,32.00,0.3989,1,1
1123,87,193.00,399.00,39.00,33.00,0.7910,1,1
1123,88,852.00,227.00,30.00,32.00,0.6479,1,1
1123,95,1320.00,37.00,25.00,25.00,0.7846,1,1
1123,97,1320.00,8.00,36.00,38.00,0.6317,1,1
1123,100,1319.00,184.00,25.00,26.00,0.3454,1,1
1123,101,1320.00,28.00,30.00,30.00,0.3773,1,1
1124,1,362.00,486.00,94.00,79.00,0.9204,1,1
1124,2,755.00,270.00,64.00,72.00,0.9341,1,1
1124,4,375.00,241.00,58.00,65.00,0.9278,1,1
1124,5,169.00,352.00,70.00,55.00,0.9034,1,1
1124,14,409.00,424.00,41.00,40.00,0.5846,1,1
1124,21,390.00,298.00,40.00,29.00,0.6467,1,1
1124,24,842.00,180.00,76.00,51.00,0.8892,1,1
1124,26,388.00,417.00,24.00,27.00,0.4051,1,1
1124,34,263.00,491.00,41.00,50.00,0.7508,1,1
1124,74,213.00,521.00,48.00,32.00,0.6231,1,1
1124,87,193.00,399.00,39.00,33.00,0.7955,1,1
1124,88,852.00,227.00,30.00,32.00,0.6498,1,1
1124,95,1317.00,38.00,27.00,27.00,0.8401,1,1
1124,97,1316.00,8.00,36.00,37.00,0.6958,1,1
1124,100,1317.00,188.00,26.00,27.00,0.3454,1,1
1124,101,1316.00,18.00,35.00,30.00,0.4126,1,1
1124,103,461.00,446.00,26.00,30.00,0.3050,1,1
1125,1,362.00,486.00,93.00,80.00,0.9155,1,1
1125,2,755.00,270.00,63.00,73.00,0.9313,1,1
1125,4,375.00,242.00,59.00,65.00,0.9265,1,1
1125,5,169.00,353.00,70.00,54.00,0.9014,1,1
1125,14,408.00,424.00,42.00,39.00,0.5846,1,1
1125,21,389.00,299.00,42.00,29.00,0.6388,1,1
1125,24,842.00,180.00,76.00,51.00,0.8934,1,1
1125,26,388.00,411.00,24.00,27.00,0.4051,1,1
1125,34,260.00,495.00,41.00,48.00,0.6861,1,1
1125,74,215.00,523.00,44.00,33.00,0.6866,1,1
1125,87,193.00,400.00,39.00,32.00,0.7973,1,1
1125,88,852.00,226.00,30.00,33.00,0.6435,1,1
1125,95,1315.00,36.00,31.00,30.00,0.6705,1,1
1125,97,1315.00,10.00,38.00,38.00,0.4583,1,1
1125,101,1315.00,6.00,43.00,35.00,0.7322,1,1
1125,103,460.00,445.00,27.00,30.00,0.3050,1,1
1126,1,362.00,486.00,94.00,80.00,0.9129,1,1
1126,2,755.00,270.00,63.00,74.00,0.9348,1,1
1126,4,376.00,242.00,58.00,65.00,0.9265,1,1
1126,5,169.00,353.00,70.00,55.00,0.9021,1,1
1126,21,389.00,300.00,41.00,28.00,0.6406,1,1
1126,24,842.00,180.00,76.00,51.00,0.8939,1,1
1126,34,260.00,494.00,44.00,48.00,0.6244,1,1
1126,74,214.00,524.00,44.00,32.00,0.6866,1,1
1126,87,193.00,400.00,39.00,32.00,0.8028,1,1
1126,88,852.00,227.00,30.00,32.00,0.6455,1,1
1126,94,213.00,526.00,44.00,28.00,0.5679,1,1
1126,95,1313.00,40.00,31.00,30.00,0.7915,1,1
1126,97,1313.00,4.00,46.00,41.00,0.7911,1,1
1126,100,1305.00,202.00,26.00,22.00,0.3771,1,1
1126,101,1314.00,0.00,46.00,34.00,0.7322,1,1
1127,1,362.00,487.00,93.00,80.00,0.9127,1,1
1127,2,755.00,269.00,64.00,75.00,0.9348,1,1
1127,4,376.00,242.00,58.00,65.00,0.9238,1,1
1127,5,169.00,353.00,70.00,55.00,0.9045,1,1
1127,21,389.00,300.00,42.00,28.00,0.6021,1,1
1127,24,842.00,180.00,76.00,51.00,0.8931,1,1
1127,34,263.00,494.00,42.00,48.00,0.6604,1,1
1127,87,193.00,400.00,39.00,32.00,0.8032,1,1
1127,88,852.00,226.00,30.00,33.00,0.6398,1,1
1127,94,207.00,524.00,53.00,30.00,0.4880,1,1
1127,95,1312.00,40.00,31.00,30.00,0.8434,1,1
1127,97,1312.00,3.00,45.00,44.00,0.7969,1,1
1127,100,1309.00,203.00,24.00,23.00,0.6318,1,1
1128,1,363.00,487.00,92.00,80.00,0.9076,1,1
1128,2,755.00,269.00,63.00,76.00,0.9342,1,1
1128,4,376.00,242.00,59.00,66.00,0.9192,1,1
1128,5,170.00,353.00,69.00,55.00,0.9053,1,1
1128,21,389.00,301.00,42.00,27.00,0.6041,1,1
1128,24,842.00,180.00,76.00,51.00,0.8939,1,1
1128,34,263.00,491.00,42.00,49.00,0.7323,1,1
1128,87,193.00,401.00,39.00,31.00,0.8252,1,1
1128,88,852.00,226.00,30.00,33.00,0.6419,1,1
1128,94,209.00,524.00,49.00,30.00,0.5929,1,1
1128,95,1308.00,43.00,32.00,35.00,0.7200,1,1
1128,97,1308.00,2.00,48.00,48.00,0.8321,1,1
1128,100,1309.00,206.00,25.00,25.00,0.3819,1,1
1129,1,363.00,486.00,93.00,80.00,0.9054,1,1
1129,2,754.00,269.00,65.00,76.00,0.9365,1,1
1129,4,376.00,240.00,60.00,68.00,0.9170,1,1
1129,5,170.00,354.00,70.00,54.00,0.9044,1,1
1129,21,390.00,299.00,42.00,27.00,0.6189,1,1
1129,24,842.00,180.00,76.00,51.00,0.8927,1,1
1129,34,262.00,490.00,41.00,49.00,0.7893,1,1
1129,87,192.00,400.00,41.00,32.00,0.8061,1,1
1129,88,852.00,226.00,30.00,33.00,0.6400,1,1
1129,94,204.00,524.00,47.00,29.00,0.7817,1,1
1129,95,1306.00,46.00,32.00,34.00,0.7203,1,1
1129,97,1305.00,3.00,48.00,49.00,0.8691,1,1
1129,100,1300.00,214.00,26.00,23.00,0.4353,1,1
1129,105,1306.00,35.00,34.00,32.00,0.3969,1,1
1129,106,1252.00,207.00,21.00,21.00,0.6014,1,1
1130,1,363.00,486.00,93.00,79.00,0.9103,1,1
1130,2,754.00,269.00,65.00,76.00,0.9380,1,1
1130,4,378.00,240.00,58.00,68.00,0.9150,1,1
1130,5,170.00,354.00,70.00,55.00,0.9037,1,1
1130,21,391.00,298.00,42.00,26.00,0.6612,1,1
1130,24,842.00,180.00,76.00,51.00,0.8950,1,1
1130,34,265.00,488.00,44.00,48.00,0.7684,1,1
1130,87,191.00,401.00,42.00,31.00,0.8118,1,1
1130,88,852.00,227.00,30.00,32.00,0.6221,1,1
1130,94,198.00,526.00,45.00,28.00,0.4409,1,1
1130,95,1303.00,44.00,29.00,37.00,0.7065,1,1
1130,97,1303.00,5.00,49.00,50.00,0.8485,1,1
1130,100,1298.00,218.00,25.00,23.00,0.4353,1,1
1130,105,1303.00,35.00,33.00,33.00,0.4671,1,1
1130,106,1251.00,208.00,22.00,21.00,0.6014,1,1
1131,1,364.00,486.00,92.00,80.00,0.9101,1,1
1131,2,754.00,269.00,65.00,76.00,0.9395,1,1
1131,4,379.00,239.00,57.00,68.00,0.9194,1,1
1131,5,171.00,355.00,69.00,54.00,0.8968,1,1
1131,14,370.00,406.00,54.00,35.00,0.5436,1,1
1131,21,392.00,297.00,42.00,26.00,0.6722,1,1
1131,24,842.00,180.00,76.00,51.00,0.8952,1,1
1131,34,265.00,488.00,45.00,47.00,0.7684,1,1
1131,38,267.00,482.00,42.00,52.00,0.6891,1,1
1131,87,190.00,402.00,42.00,31.00,0.7910,1,1
1131,88,852.00,227.00,30.00,32.00,0.6151,1,1
1131,94,196.00,526.00,45.00,28.00,0.4409,1,1
1131,95,1301.00,49.00,32.00,37.00,0.7781,1,1
1131,97,1301.00,12.00,49.00,49.00,0.7868,1,1
1131,105,1301.00,37.00,33.00,34.00,0.3083,1,1
1132,1,364.00,486.00,92.00,81.00,0.9103,1,1
1132,2,754.00,269.00,64.00,76.00,0.9406,1,1
1132,4,380.00,238.00,57.00,68.00,0.9189,1,1
1132,5,171.00,355.00,69.00,54.00,0.9010,1,1
1132,14,370.00,406.00,52.00,34.00,0.5745,1,1
1132,21,392.00,296.00,42.00,27.00,0.6813,1,1
1132,24,842.00,180.00,76.00,51.00,0.8919,1,1
1132,34,274.00,484.00,46.00,43.00,0.8358,1,1
1132,38,267.00,481.00,42.00,53.00,0.6891,1,1
1132,87,190.00,402.00,43.00,30.00,0.7957,1,1
1132,88,852.00,227.00,30.00,32.00,0.5995,1,1
1132,95,1299.00,55.00,29.00,35.00,0.8877,1,1
1132,97,1300.00,18.00,48.00,47.00,0.8214,1,1
1132,100,1242.00,216.00,21.00,25.00,0.3014,1,1
1132,105,1299.00,44.00,32.00,37.00,0.5582,1,1
1133,1,364.00,486.00,93.00,81.00,0.9086,1,1
1133,2,754.00,269.00,64.00,76.00,0.9403,1,1
1133,4,380.00,237.00,57.00,68.00,0.9145,1,1
1133,5,170.00,355.00,70.00,55.00,0.9096,1,1
1133,14,365.00,405.00,50.00,34.00,0.5451,1,1
1133,21,391.00,296.00,43.00,27.00,0.6821,1,1
1133,24,842.00,180.00,76.00,51.00,0.8873,1,1
1133,34,279.00,483.00,47.00,41.00,0.7862,1,1
1133,74,180.00,531.00,33.00,40.00,0.5488,1,1
1133,87,190.00,401.00,43.00,32.00,0.8112,1,1
1133,88,852.00,227.00,30.00,33.00,0.5950,1,1
1133,95,1296.00,65.00,30.00,29.00,0.8483,1,1
1133,97,1298.00,22.00,50.00,49.00,0.8006,1,1
1133,100,1233.00,220.00,21.00,24.00,0.3014,1,1
1133,105,1296.00,50.00,37.00,37.00,0.2501,1,1
1134,1,363.00,485.00,94.00,80.00,0.9030,1,1
1134,2,754.00,269.00,64.00,76.00,0.9415,1,1
1134,4,380.00,236.00,57.00,68.00,0.9082,1,1
1134,5,169.00,355.00,71.00,55.00,0.9197,1,1
1134,10,362.00,402.00,49.00,38.00,0.6524,1,1
1134,14,361.00,403.00,52.00,34.00,0.5451,1,1
1134,21,392.00,295.00,42.00,27.00,0.7128,1,1
1134,24,842.00,180.00,76.00,51.00,0.8876,1,1
1134,34,282.00,482.00,48.00,38.00,0.6678,1,1
1134,74,177.00,532.00,31.00,40.00,0.5488,1,1
1134,87,189.00,401.00,43.00,33.00,0.8233,1,1
1134,88,852.00,227.00,30.00,33.00,0.5970,1,1
1134,94,164.00,527.00,36.00,34.00,0.2619,1,1
1134,95,1295.00,68.00,32.00,30.00,0.8742,1,1
1134,97,1295.00,26.00,52.00,52.00,0.7827,1,1
1134,105,1293.00,53.00,38.00,38.00,0.2501,1,1
1135,1,364.00,485.00,94.00,79.00,0.9034,1,1
1135,2,754.00,269.00,64.00,76.00,0.9411,1,1
1135,4,381.00,235.00,56.00,68.00,0.9017,1,1
1135,5,168.00,355.00,71.00,56.00,0.9228,1,1
1135,10,359.00,403.00,50.00,37.00,0.7183,1,1
1135,21,392.00,294.00,42.00,26.00,0.6989,1,1
1135,24,842.00,180.00,76.00,51.00,0.8841,1,1
1135,34,284.00,479.00,51.00,35.00,0.5720,1,1
1135,87,189.00,399.00,43.00,36.00,0.8710,1,1
1135,88,852.00,227.00,30.00,33.00,0.5933,1,1
1135,94,159.00,527.00,35.00,35.00,0.2619,1,1
1135,95,1293.00,69.00,29.00,36.00,0.7153,1,1
1135,97,1294.00,30.00,52.00,50.00,0.8521,1,1
1135,105,1294.00,57.00,35.00,36.00,0.6477,1,1
1136,1,365.00,484.00,93.00,80.00,0.9060,1,1
1136,2,754.00,269.00,64.00,76.00,0.9411,1,1
1136,4,381.00,235.00,56.00,68.00,0.8996,1,1
1136,5,169.00,355.00,69.00,57.00,0.9191,1,1
1136,10,351.00,405.00,51.00,38.00,0.7183,1,1
1136,14,356.00,403.00,48.00,36.00,0.7017,1,1
1136,21,392.00,294.00,42.00,26.00,0.7036,1,1
1136,24,842.00,180.00,76.00,51.00,0.8786,1,1
1136,26,196.00,396.00,38.00,35.00,0.3756,1,1
1136,34,279.00,478.00,47.00,31.00,0.7222,1,1
1136,87,189.00,397.00,43.00,38.00,0.8922,1,1
1136,88,852.00,227.00,30.00,32.00,0.5969,1,1
1136,95,1290.00,74.00,32.00,35.00,0.6539,1,1
1136,97,1291.00,32.00,53.00,54.00,0.7970,1,1
1136,103,1289.00,80.00,28.00,31.00,0.3125,1,1
1136,105,1291.00,60.00,36.00,36.00,0.4675,1,1
1136,106,1281.00,358.00,26.00,28.00,0.2941,1,1
1137,1,366.00,484.00,93.00,80.00,0.9094,1,1
1137,2,754.00,269.00,64.00,76.00,0.9417,1,1
1137,4,382.00,235.00,55.00,68.00,0.8998,1,1
1137,5,169.00,355.00,68.00,57.00,0.9196,1,1
1137,14,356.00,403.00,46.00,37.00,0.7041,1,1
1137,21,391.00,294.00,42.00,27.00,0.7281,1,1
1137,24,842.00,180.00,76.00,52.00,0.8831,1,1
1137,26,183.00,393.00,39.00,36.00,0.3756,1,1
1137,34,276.00,478.00,42.00,31.00,0.6659,1,1
1137,87,188.00,396.00,43.00,40.00,0.9222,1,1
1137,88,852.00,227.00,30.00,32.00,0.5850,1,1
1137,94,152.00,529.00,29.00,25.00,0.3070,1,1
1137,95,1289.00,81.00,31.00,32.00,0.5454,1,1
1137,97,1289.00,34.00,54.00,56.00,0.8362,1,1
1137,103,1356.00,50.00,27.00,31.00,0.3125,1,1
1137,105,1289.00,62.00,36.00,37.00,0.5564,1,1
1137,106,1285.00,377.00,27.00,30.00,0.2941,1,1
1138,1,366.00,484.00,94.00,80.00,0.9051,1,1
1138,2,754.00,269.00,64.00,76.00,0.9415,1,1
1138,4,382.00,235.00,55.00,68.00,0.9005,1,1
1138,5,169.00,355.00,68.00,57.00,0.9168,1,1
1138,10,450.00,385.00,32.00,42.00,0.6849,1,1
1138,14,356.00,403.00,44.00,36.00,0.7093,1,1
1138,21,391.00,294.00,42.00,27.00,0.7350,1,1
1138,24,842.00,180.00,76.00,52.00,0.8872,1,1
1138,26,196.00,394.00,38.00,37.00,0.2566,1,1
1138,34,274.00,479.00,38.00,30.00,0.7181,1,1
1138,87,188.00,396.00,43.00,40.00,0.9201,1,1
1138,88,852.00,227.00,31.00,31.00,0.5915,1,1
1138,94,152.00,530.00,26.00,23.00,0.3660,1,1
1138,95,1286.00,84.00,31.00,32.00,0.6693,1,1
1138,97,1288.00,36.00,53.00,55.00,0.8032,1,1
1138,105,1286.00,64.00,34.00,37.00,0.5121,1,1
1138,109,1286.00,69.00,33.00,45.00,0.8037,1,1
1138,110,455.00,376.00,27.00,49.00,0.3226,1,1
1139,1,366.00,484.00,94.00,80.00,0.9073,1,1
1139,2,754.00,269.00,64.00,75.00,0.9386,1,1
1139,4,382.00,235.00,55.00,67.00,0.8959,1,1
1139,5,169.00,355.00,67.00,57.00,0.9115,1,1
1139,10,452.00,381.00,30.00,45.00,0.5328,1,1
1139,14,357.00,406.00,45.00,35.00,0.6553,1,1
1139,21,391.00,294.00,41.00,26.00,0.7447,1,1
1139,24,842.00,180.00,76.00,52.00,0.8966,1,1
1139,26,188.00,399.00,42.00,37.00,0.9083,1,1
1139,34,274.00,478.00,38.00,29.00,0.7181,1,1
1139,38,266.00,479.00,38.00,40.00,0.8215,1,1
1139,87,192.00,393.00,41.00,40.00,0.5948,1,1
1139,88,852.00,227.00,31.00,32.00,0.5733,1,1
1139,94,151.00,531.00,23.00,21.00,0.3512,1,1
1139,95,1283.00,88.00,34.00,30.00,0.4268,1,1
1139,97,1286.00,39.00,53.00,52.00,0.8174,1,1
1139,105,1282.00,81.00,32.00,39.00,0.8563,1,1
1139,109,1282.00,68.00,36.00,44.00,0.6694,1,1
1139,110,457.00,372.00,26.00,54.00,0.2670,1,1
1140,1,366.00,485.00,94.00,80.00,0.9155,1,1
1140,2,755.00,269.00,63.00,75.00,0.9370,1,1
1140,4,382.00,235.00,55.00,67.00,0.8966,1,1
1140,5,169.00,356.00,66.00,56.00,0.9165,1,1
1140,10,454.00,379.00,29.00,49.00,0.5094,1,1
1140,14,357.00,405.00,44.00,36.00,0.7168,1,1
1140,21,391.00,294.00,41.00,26.00,0.7407,1,1
1140,24,842.00,180.00,76.00,52.00,0.8936,1,1
1140,26,187.00,400.00,43.00,37.00,0.9163,1,1
1140,38,266.00,481.00,34.00,46.00,0.8260,1,1
1140,87,191.00,393.00,42.00,41.00,0.5892,1,1
1140,88,852.00,227.00,31.00,31.00,0.5654,1,1
1140,94,150.00,531.00,23.00,21.00,0.2918,1,1
1140,95,1281.00,92.00,35.00,30.00,0.4268,1,1
1140,97,1281.00,41.00,54.00,55.00,0.9118,1,1
1140,105,1279.00,86.00,33.00,35.00,0.7655,1,1
1140,109,1280.00,69.00,37.00,38.00,0.3918,1,1
1140,110,458.00,369.00,25.00,57.00,0.3608,1,1
1141,1,366.00,484.00,93.00,81.00,0.9154,1,1
1141,2,754.00,269.00,65.00,73.00,0.9350,1,1
1141,4,381.00,234.00,56.00,68.00,0.8952,1,1
1141,5,168.00,356.00,66.00,56.00,0.9126,1,1
1141,10,454.00,379.00,29.00,49.00,0.3160,1,1
1141,14,358.00,406.00,44.00,37.00,0.7089,1,1
1141,21,391.00,293.00,42.00,27.00,0.7723,1,1
1141,24,842.00,180.00,76.00,52.00,0.8931,1,1
1141,26,186.00,401.00,44.00,36.00,0.9224,1,1
1141,38,266.00,480.00,34.00,45.00,0.8495,1,1
1141,87,190.00,391.00,42.00,44.00,0.5825,1,1
1141,88,852.00,227.00,31.00,31.00,0.5976,1,1
1141,94,150.00,532.00,22.00,21.00,0.2808,1,1
1141,95,1276.00,92.00,31.00,37.00,0.3962,1,1
1141,97,1278.00,46.00,54.00,53.00,0.8818,1,1
1141,105,1276.00,85.00,34.00,40.00,0.6692,1,1
1141,109,1276.00,77.00,36.00,37.00,0.2922,1,1
1141,110,459.00,366.00,25.00,54.00,0.2813,1,1
1142,1,365.00,484.00,94.00,80.00,0.9175,1,1
1142,2,754.00,269.00,66.00,72.00,0.9430,1,1
1142,4,381.00,234.00,56.00,68.00,0.8946,1,1
1142,5,168.00,355.00,66.00,57.00,0.9093,1,1
1142,10,454.00,380.00,30.00,49.00,0.2897,1,1
1142,14,359.00,407.00,44.00,37.00,0.7141,1,1
1142,21,392.00,293.00,41.00,27.00,0.7963,1,1
1142,24,842.00,180.00,76.00,52.00,0.8939,1,1
1142,26,186.00,398.00,44.00,39.00,0.9358,1,1
1142,38,269.00,481.00,37.00,46.00,0.7350,1,1
1142,87,190.00,391.00,42.00,44.00,0.5825,1,1
1142,88,852.00,227.00,31.00,31.00,0.5969,1,1
1142,94,150.00,532.00,22.00,21.00,0.2766,1,1
1142,95,1272.00,96.00,32.00,38.00,0.7726,1,1
1142,97,1276.00,51.00,52.00,54.00,0.8720,1,1
1142,105,1270.00,83.00,41.00,39.00,0.3679,1,1
1142,109,1274.00,79.00,35.00,35.00,0.2922,1,1
1142,110,460.00,365.00,24.00,53.00,0.2726,1,1
1143,1,366.00,484.00,93.00,80.00,0.9149,1,1
1143,2,753.00,270.00,69.00,70.00,0.9442,1,1
1143,4,381.00,234.00,56.00,67.00,0.8914,1,1
1143,5,167.00,356.00,66.00,57.00,0.9035,1,1
1143,10,460.00,362.00,25.00,45.00,0.2762,1,1
1143,14,361.00,406.00,43.00,38.00,0.7133,1,1
1143,21,392.00,293.00,40.00,26.00,0.8140,1,1
1143,24,842.00,180.00,76.00,52.00,0.8900,1,1
1143,26,187.00,401.00,43.00,36.00,0.9217,1,1
1143,38,271.00,478.00,34.00,45.00,0.7948,1,1
1143,87,192.00,388.00,40.00,44.00,0.6264,1,1
1143,88,852.00,228.00,31.00,30.00,0.5911,1,1
1143,94,148.00,533.00,20.00,20.00,0.2766,1,1
1143,95,1267.00,101.00,34.00,39.00,0.7631,1,1
1143,97,1268.00,56.00,55.00,54.00,0.9149,1,1
1143,105,1267.00,84.00,39.00,36.00,0.4049,1,1
1143,110,461.00,362.00,24.00,55.00,0.2726,1,1
1144,1,366.00,483.00,93.00,80.00,0.9219,1,1
1144,2,752.00,270.00,72.00,68.00,0.9403,1,1
1144,4,381.00,233.00,56.00,68.00,0.8860,1,1
1144,5,168.00,356.00,65.00,57.00,0.9060,1,1
1144,10,460.00,362.00,25.00,40.00,0.3322,1,1
1144,14,363.00,406.00,43.00,38.00,0.7083,1,1
1144,21,392.00,293.00,41.00,26.00,0.8054,1,1
1144,24,842.00,180.00,76.00,52.00,0.8906,1,1
1144,26,187.00,399.00,43.00,38.00,0.9221,1,1
1144,38,269.00,480.00,35.00,41.00,0.8582,1,1
1144,87,191.00,388.00,41.00,45.00,0.6164,1,1
1144,88,852.00,228.00,31.00,30.00,0.5856,1,1
1144,95,1262.00,112.00,35.00,35.00,0.8290,1,1
1144,97,1264.00,61.00,55.00,54.00,0.8223,1,1
1144,105,1261.00,92.00,38.00,38.00,0.7195,1,1
1145,1,367.00,483.00,92.00,80.00,0.9213,1,1
1145,2,750.00,270.00,76.00,66.00,0.9207,1,1
1145,4,381.00,232.00,56.00,67.00,0.8719,1,1
1145,5,167.00,356.00,66.00,57.00,0.9075,1,1
1145,10,462.00,361.00,23.00,37.00,0.3427,1,1
1145,14,364.00,406.00,42.00,37.00,0.7102,1,1
1145,21,392.00,293.00,40.00,24.00,0.8033,1,1
1145,24,842.00,180.00,76.00,52.00,0.8858,1,1
1145,26,187.00,396.00,44.00,41.00,0.9316,1,1
1145,38,267.00,482.00,34.00,44.00,0.8278,1,1
1145,87,192.00,387.00,40.00,46.00,0.6164,1,1
1145,88,852.00,228.00,31.00,30.00,0.5785,1,1
1145,95,1256.00,110.00,34.00,40.00,0.8319,1,1
1145,97,1258.00,65.00,54.00,54.00,0.8305,1,1
1145,105,1255.00,94.00,37.00,38.00,0.5995,1,1
1145,109,1255.00,104.00,38.00,40.00,0.5227,1,1
1146,1,367.00,484.00,92.00,80.00,0.9186,1,1
1146,2,749.00,270.00,79.00,63.00,0.9152,1,1
1146,4,382.00,232.00,55.00,67.00,0.8760,1,1
1146,5,167.00,357.00,66.00,57.00,0.9079,1,1
1146,10,462.00,361.00,23.00,36.00,0.3582,1,1
1146,14,366.00,406.00,44.00,36.00,0.7380,1,1
1146,21,393.00,292.00,39.00,25.00,0.7649,1,1
1146,24,842.00,180.00,76.00,52.00,0.8876,1,1
1146,26,188.00,395.00,43.00,42.00,0.9292,1,1
1146,38,265.00,483.00,29.00,46.00,0.8459,1,1
1146,88,852.00,228.00,31.00,30.00,0.5850,1,1
1146,95,1252.00,114.00,37.00,43.00,0.8145,1,1
1146,97,1251.00,69.00,55.00,56.00,0.9350,1,1
1146,105,1250.00,98.00,40.00,39.00,0.5510,1,1
1146,109,1251.00,108.00,38.00,40.00,0.5227,1,1
1147,1,367.00,483.00,92.00,81.00,0.9214,1,1
1147,2,748.00,270.00,82.00,61.00,0.9162,1,1
1147,4,382.00,231.00,56.00,67.00,0.8768,1,1
1147,5,167.00,356.00,66.00,58.00,0.9099,1,1
1147,10,463.00,361.00,22.00,34.00,0.3787,1,1
1147,14,369.00,404.00,41.00,35.00,0.7431,1,1
1147,21,393.00,292.00,41.00,25.00,0.6824,1,1
1147,24,842.00,180.00,76.00,52.00,0.8852,1,1
1147,26,188.00,395.00,44.00,42.00,0.9353,1,1
1147,38,266.00,487.00,26.00,49.00,0.7841,1,1
1147,88,852.00,228.00,31.00,30.00,0.5809,1,1
1147,95,1246.00,116.00,39.00,45.00,0.7490,1,1
1147,97,1247.00,73.00,55.00,53.00,0.9006,1,1
1147,105,1245.00,103.00,39.00,40.00,0.6062,1,1
1147,109,1247.00,127.00,37.00,34.00,0.8166,1,1
1148,1,367.00,484.00,92.00,80.00,0.9207,1,1
1148,2,748.00,269.00,84.00,60.00,0.9001,1,1
1148,4,382.00,230.00,56.00,68.00,0.8661,1,1
1148,5,168.00,356.00,65.00,58.00,0.9091,1,1
1148,10,463.00,361.00,22.00,34.00,0.3819,1,1
1148,14,371.00,403.00,42.00,34.00,0.7864,1,1
1148,21,394.00,292.00,40.00,25.00,0.6273,1,1
1148,24,842.00,180.00,76.00,52.00,0.8841,1,1
1148,26,186.00,394.00,45.00,43.00,0.9353,1,1
1148,38,266.00,494.00,24.00,47.00,0.6039,1,1
1148,87,189.00,393.00,43.00,44.00,0.9435,1,1
1148,88,852.00,228.00,31.00,30.00,0.5741,1,1
1148,95,1242.00,125.00,36.00,39.00,0.8108,1,1
1148,97,1243.00,75.00,56.00,57.00,0.8603,1,1
1148,105,1239.00,108.00,41.00,44.00,0.6900,1,1
1148,109,1244.00,132.00,35.00,34.00,0.8166,1,1
1149,1,367.00,484.00,93.00,80.00,0.9170,1,1
1149,2,747.00,269.00,86.00,58.00,0.9096,1,1
1149,4,384.00,230.00,54.00,68.00,0.8710,1,1
1149,5,168.00,356.00,65.00,59.00,0.9085,1,1
1149,10,463.00,361.00,22.00,34.00,0.3459,1,1
1149,14,372.00,401.00,42.00,37.00,0.6828,1,1
1149,21,395.00,291.00,39.00,26.00,0.5980,1,1
1149,24,842.00,180.00,76.00,52.00,0.8859,1,1
1149,38,266.00,498.00,28.00,46.00,0.4908,1,1
1149,87,190.00,394.00,43.00,43.00,0.9529,1,1
1149,88,852.00,228.00,31.00,30.00,0.5808,1,1
1149,95,1237.00,133.00,35.00,35.00,0.8397,1,1
1149,97,1237.00,78.00,58.00,59.00,0.8728,1,1
1149,100,1236.00,111.00,40.00,34.00,0.4728,1,1
1149,105,1235.00,112.00,42.00,45.00,0.6900,1,1
1150,1,367.00,484.00,93.00,80.00,0.9185,1,1
1150,2,747.00,269.00,86.00,56.00,0.8872,1,1
1150,4,384.00,230.00,55.00,67.00,0.8691,1,1
1150,5,169.00,356.00,65.00,59.00,0.9095,1,1
1150,10,463.00,361.00,22.00,33.00,0.3090,1,1
1150,14,375.00,400.00,42.00,38.00,0.7696,1,1
1150,21,393.00,291.00,43.00,26.00,0.5997,1,1
1150,24,842.00,180.00,76.00,52.00,0.8840,1,1
1150,38,266.00,498.00,32.00,47.00,0.5077,1,1
1150,87,189.00,394.00,45.00,43.00,0.9492,1,1
1150,88,852.00,228.00,31.00,30.00,0.5762,1,1
1150,95,1233.00,140.00,35.00,33.00,0.8297,1,1
1150,97,1233.00,82.00,57.00,56.00,0.8299,1,1
1150,100,1235.00,105.00,41.00,35.00,0.4728,1,1
1150,105,1230.00,112.00,42.00,40.00,0.4001,1,1
1151,1,367.00,483.00,93.00,81.00,0.9203,1,1
1151,2,747.00,269.00,88.00,55.00,0.8946,1,1
1151,4,384.00,229.00,56.00,67.00,0.8766,1,1
1151,5,170.00,356.00,65.00,58.00,0.9104,1,1
1151,10,463.00,361.00,22.00,33.00,0.2967,1,1
1151,14,377.00,399.00,43.00,41.00,0.7447,1,1
1151,21,392.00,289.00,44.00,28.00,0.5691,1,1
1151,24,842.00,180.00,76.00,52.00,0.8866,1,1
1151,38,267.00,498.00,32.00,47.00,0.4531,1,1
1151,87,191.00,392.00,44.00,45.00,0.9526,1,1
1151,88,852.00,228.00,31.00,30.00,0.6010,1,1
1151,95,1226.00,127.00,41.00,49.00,0.6789,1,1
1151,97,1227.00,86.00,59.00,58.00,0.8319,1,1
1151,105,1225.00,118.00,43.00,39.00,0.5265,1,1
1151,109,1227.00,139.00,38.00,40.00,0.8968,1,1
1152,1,368.00,483.00,93.00,81.00,0.9195,1,1
1152,2,748.00,270.00,87.00,53.00,0.8758,1,1
1152,4,385.00,228.00,56.00,68.00,0.8801,1,1
1152,5,170.00,356.00,65.00,58.00,0.9155,1,1
1152,10,463.00,360.00,23.00,34.00,0.2770,1,1
1152,14,379.00,398.00,44.00,42.00,0.8409,1,1
1152,21,395.00,290.00,42.00,26.00,0.5917,1,1
1152,24,842.00,181.00,75.00,51.00,0.8839,1,1
1152,38,267.00,498.00,32.00,47.00,0.3935,1,1
1152,87,192.00,393.00,43.00,45.00,0.9524,1,1
1152,88,852.00,228.00,31.00,29.00,0.5867,1,1
1152,95,1221.00,134.00,43.00,43.00,0.5668,1,1
1152,97,1223.00,91.00,57.00,66.00,0.8793,1,1
1152,105,1223.00,122.00,39.00,39.00,0.3203,1,1
1152,106,1211.00,356.00,25.00,22.00,0.5117,1,1
1152,109,1222.00,147.00,35.00,36.00,0.8110,1,1
1153,1,369.00,483.00,94.00,81.00,0.9259,1,1
1153,2,749.00,271.00,88.00,52.00,0.9024,1,1
1153,4,386.00,228.00,56.00,68.00,0.9011,1,1
1153,5,169.00,356.00,67.00,60.00,0.9291,1,1
1153,10,463.00,361.00,23.00,35.00,0.3067,1,1
1153,14,378.00,393.00,46.00,40.00,0.4888,1,1
1153,21,396.00,290.00,42.00,26.00,0.6028,1,1
1153,24,841.00,180.00,76.00,52.00,0.8652,1,1
1153,26,195.00,392.00,41.00,46.00,0.9448,1,1
1153,38,266.00,499.00,35.00,45.00,0.5932,1,1
1153,87,192.00,393.00,43.00,45.00,0.9524,1,1
1153,88,850.00,227.00,31.00,30.00,0.3734,1,1
1153,95,1219.00,147.00,38.00,44.00,0.6549,1,1
1153,97,1221.00,99.00,59.00,56.00,0.9326,1,1
1153,105,1221.00,127.00,37.00,45.00,0.5919,1,1
1153,106,1208.00,359.00,24.00,22.00,0.5117,1,1
1153,109,1219.00,133.00,39.00,53.00,0.4934,1,1
1154,1,369.00,482.00,94.00,82.00,0.9264,1,1
1154,2,749.00,271.00,87.00,52.00,0.9053,1,1
1154,4,387.00,228.00,55.00,67.00,0.9063,1,1
1154,5,169.00,356.00,67.00,60.00,0.9298,1,1
1154,10,463.00,361.00,23.00,33.00,0.2613,1,1
1154,14,381.00,392.00,44.00,40.00,0.5982,1,1
1154,21,398.00,289.00,41.00,26.00,0.5786,1,1
1154,24,841.00,180.00,76.00,52.00,0.8770,1,1
1154,26,196.00,391.00,40.00,47.00,0.9415,1,1
1154,38,266.00,499.00,35.00,45.00,0.4880,1,1
1154,88,850.00,227.00,31.00,30.00,0.4091,1,1
1154,95,1213.00,149.00,41.00,49.00,0.7141,1,1
1154,97,1217.00,104.00,61.00,59.00,0.8945,1,1
1154,105,1214.00,137.00,42.00,46.00,0.5698,1,1
1154,109,1215.00,137.00,39.00,53.00,0.4934,1,1
1155,1,370.00,482.00,94.00,81.00,0.9262,1,1
1155,2,750.00,271.00,88.00,52.00,0.9011,1,1
1155,4,388.00,227.00,56.00,67.00,0.9162,1,1
1155,5,169.00,356.00,67.00,60.00,0.9302,1,1
1155,10,465.00,360.00,22.00,33.00,0.2613,1,1
1155,14,385.00,391.00,42.00,42.00,0.7674,1,1
1155,21,401.00,288.00,39.00,26.00,0.5714,1,1
1155,24,841.00,180.00,76.00,51.00,0.8759,1,1
1155,26,197.00,391.00,39.00,47.00,0.9435,1,1
1155,38,266.00,498.00,34.00,45.00,0.5235,1,1
1155,88,850.00,227.00,31.00,30.00,0.4031,1,1
1155,95,1210.00,164.00,39.00,41.00,0.8189,1,1
1155,97,1214.00,110.00,61.00,57.00,0.8759,1,1
1155,105,1212.00,138.00,40.00,48.00,0.6337,1,1
1155,106,1191.00,380.00,27.00,23.00,0.5557,1,1
1155,109,1209.00,154.00,44.00,46.00,0.5771,1,1
1156,1,370.00,481.00,94.00,82.00,0.9273,1,1
1156,2,751.00,271.00,87.00,52.00,0.9105,1,1
1156,4,388.00,226.00,57.00,67.00,0.9211,1,1
1156,5,169.00,356.00,67.00,60.00,0.9307,1,1
1156,10,464.00,361.00,22.00,33.00,0.2612,1,1
1156,14,386.00,389.00,42.00,45.00,0.8127,1,1
1156,21,401.00,288.00,40.00,25.00,0.5802,1,1
1156,24,841.00,180.00,76.00,51.00,0.8808,1,1
1156,26,197.00,391.00,39.00,47.00,0.9499,1,1
1156,38,266.00,497.00,35.00,47.00,0.5440,1,1
1156,88,850.00,227.00,31.00,30.00,0.4207,1,1
1156,95,1207.00,168.00,36.00,43.00,0.8615,1,1
1156,97,1210.00,115.00,63.00,60.00,0.7884,1,1
1156,105,1208.00,146.00,42.00,47.00,0.6874,1,1
1156,106,1180.00,389.00,31.00,22.00,0.3700,1,1
1156,109,1204.00,158.00,46.00,48.00,0.5771,1,1
1157,1,370.00,482.00,94.00,80.00,0.9277,1,1
1157,2,751.00,271.00,88.00,51.00,0.9127,1,1
1157,4,389.00,226.00,56.00,66.00,0.9123,1,1
1157,5,169.00,356.00,68.00,60.00,0.9308,1,1
1157,10,464.00,361.00,22.00,33.00,0.2854,1,1
1157,14,387.00,388.00,41.00,45.00,0.8250,1,1
1157,21,401.00,285.00,40.00,26.00,0.6004,1,1
1157,24,841.00,180.00,76.00,51.00,0.8821,1,1
1157,26,198.00,391.00,38.00,46.00,0.9563,1,1
1157,38,266.00,496.00,35.00,48.00,0.5451,1,1
1157,88,850.00,227.00,31.00,30.00,0.4104,1,1
1157,95,1202.00,173.00,38.00,44.00,0.8615,1,1
1157,97,1206.00,118.00,64.00,63.00,0.7901,1,1
1157,100,1204.00,138.00,52.00,44.00,0.6421,1,1
1157,105,1201.00,149.00,45.00,50.00,0.6144,1,1
1157,106,1181.00,394.00,28.00,23.00,0.2683,1,1
1157,109,1200.00,153.00,44.00,60.00,0.7299,1,1
1158,1,371.00,481.00,93.00,80.00,0.9270,1,1
1158,2,751.00,270.00,87.00,52.00,0.9138,1,1
1158,4,389.00,226.00,57.00,65.00,0.9214,1,1
1158,5,169.00,356.00,67.00,60.00,0.9303,1,1
1158,10,464.00,362.00,22.00,32.00,0.3483,1,1
1158,14,387.00,388.00,41.00,44.00,0.8426,1,1
1158,21,402.00,286.00,41.00,26.00,0.6797,1,1
1158,24,841.00,180.00,76.00,51.00,0.8838,1,1
1158,26,198.00,391.00,38.00,47.00,0.9532,1,1
1158,38,266.00,497.00,35.00,47.00,0.4867,1,1
1158,88,850.00,227.00,31.00,30.00,0.4198,1,1
1158,95,1195.00,173.00,42.00,48.00,0.5635,1,1
1158,97,1201.00,122.00,65.00,61.00,0.3162,1,1
1158,100,1200.00,122.00,66.00,58.00,0.8551,1,1
1158,105,1196.00,161.00,45.00,51.00,0.7505,1,1
1158,106,1176.00,400.00,28.00,23.00,0.2683,1,1
1158,109,1195.00,157.00,45.00,62.00,0.7299,1,1
1159,1,371.00,480.00,94.00,81.00,0.9283,1,1
1159,2,751.00,270.00,87.00,51.00,0.9223,1,1
1159,4,390.00,225.00,58.00,66.00,0.9131,1,1
1159,5,169.00,356.00,68.00,60.00,0.9294,1,1
1159,10,465.00,361.00,22.00,33.00,0.3483,1,1
1159,14,386.00,386.00,43.00,44.00,0.8270,1,1
1159,21,402.00,284.00,41.00,25.00,0.6877,1,1
1159,24,841.00,180.00,76.00,51.00,0.8800,1,1
1159,26,198.00,391.00,39.00,46.00,0.9519,1,1
1159,38,266.00,497.00,35.00,47.00,0.5451,1,1
1159,88,850.00,227.00,31.00,30.00,0.4077,1,1
1159,95,1192.00,177.00,36.00,46.00,0.5128,1,1
1159,97,1199.00,126.00,63.00,60.00,0.8391,1,1
1159,100,1197.00,124.00,69.00,59.00,0.8551,1,1
1159,105,1192.00,158.00,44.00,51.00,0.6748,1,1
1159,109,1193.00,163.00,42.00,58.00,0.3738,1,1
1160,1,371.00,479.00,94.00,81.00,0.9261,1,1
1160,2,751.00,269.00,87.00,51.00,0.9150,1,1
1160,4,392.00,225.00,56.00,65.00,0.9139,1,1
1160,5,170.00,356.00,67.00,60.00,0.9282,1,1
1160,14,386.00,386.00,43.00,44.00,0.8366,1,1
1160,21,402.00,282.00,41.00,27.00,0.6872,1,1
1160,24,841.00,180.00,77.00,51.00,0.8861,1,1
1160,26,198.00,391.00,39.00,46.00,0.9523,1,1
1160,38,266.00,496.00,34.00,48.00,0.4157,1,1
1160,88,850.00,227.00,31.00,30.00,0.4035,1,1
1160,95,1185.00,188.00,42.00,44.00,0.3053,1,1
1160,97,1192.00,131.00,64.00,64.00,0.8715,1,1
1160,105,1185.00,176.00,39.00,52.00,0.6918,1,1
1160,106,1157.00,410.00,26.00,25.00,0.4884,1,1
1160,109,1185.00,167.00,45.00,59.00,0.5695,1,1
1161,1,371.00,479.00,95.00,80.00,0.9242,1,1
1161,2,751.00,268.00,87.00,52.00,0.9143,1,1
1161,4,393.00,225.00,56.00,65.00,0.9074,1,1
1161,5,170.00,356.00,67.00,60.00,0.9283,1,1
1161,14,386.00,386.00,44.00,45.00,0.8419,1,1
1161,21,403.00,281.00,41.00,27.00,0.7034,1,1
1161,24,842.00,180.00,76.00,51.00,0.8935,1,1
1161,26,198.00,391.00,39.00,46.00,0.9492,1,1
1161,38,266.00,497.00,34.00,47.00,0.4247,1,1
1161,88,850.00,227.00,31.00,30.00,0.4031,1,1
1161,95,1181.00,200.00,38.00,38.00,0.7852,1,1
1161,97,1185.00,137.00,68.00,63.00,0.8766,1,1
1161,105,1182.00,166.00,42.00,53.00,0.6839,1,1
1161,106,1150.00,416.00,27.00,26.00,0.3742,1,1
1161,109,1181.00,180.00,40.00,56.00,0.7296,1,1
1162,1,372.00,478.00,95.00,81.00,0.9179,1,1
1162,2,751.00,268.00,86.00,51.00,0.9162,1,1
1162,4,393.00,225.00,57.00,64.00,0.8938,1,1
1162,5,170.00,356.00,67.00,60.00,0.9286,1,1
1162,14,385.00,387.00,45.00,44.00,0.8310,1,1
1162,21,406.00,280.00,41.00,27.00,0.7113,1,1
1162,24,842.00,180.00,76.00,51.00,0.8995,1,1
1162,26,198.00,391.00,39.00,47.00,0.9480,1,1
1162,38,266.00,497.00,34.00,47.00,0.4633,1,1
1162,88,850.00,226.00,31.00,32.00,0.4077,1,1
1162,95,1176.00,205.00,39.00,39.00,0.7852,1,1
1162,97,1181.00,143.00,66.00,68.00,0.7930,1,1
1162,105,1174.00,173.00,46.00,50.00,0.6186,1,1
1162,106,1144.00,422.00,28.00,26.00,0.3742,1,1
1162,109,1174.00,189.00,41.00,58.00,0.6824,1,1
1163,1,372.00,479.00,95.00,80.00,0.9133,1,1
1163,2,751.00,268.00,86.00,51.00,0.9149,1,1
1163,4,392.00,225.00,60.00,61.00,0.8833,1,1
1163,5,170.00,356.00,67.00,60.00,0.9294,1,1
1163,14,387.00,388.00,42.00,43.00,0.8198,1,1
1163,21,408.00,280.00,40.00,26.00,0.7412,1,1
1163,24,842.00,180.00,76.00,51.00,0.9020,1,1
1163,26,198.00,391.00,39.00,46.00,0.9474,1,1
1163,38,266.00,497.00,34.00,47.00,0.4567,1,1
1163,88,851.00,226.00,30.00,32.00,0.4019,1,1
1163,97,1172.00,150.00,69.00,72.00,0.8633,1,1
1163,105,1165.00,204.00,40.00,50.00,0.6787,1,1
1163,109,1166.00,189.00,44.00,65.00,0.6255,1,1
1163,110,1166.00,183.00,46.00,54.00,0.6218,1,1
1164,1,372.00,478.00,95.00,80.00,0.9096,1,1
1164,2,750.00,268.00,86.00,51.00,0.9106,1,1
1164,4,392.00,225.00,62.00,60.00,0.8875,1,1
1164,5,169.00,356.00,68.00,61.00,0.9327,1,1
1164,14,384.00,387.00,43.00,43.00,0.8373,1,1
1164,21,401.00,275.00,43.00,27.00,0.3150,1,1
1164,24,842.00,180.00,76.00,51.00,0.9022,1,1
1164,26,198.00,391.00,39.00,46.00,0.9444,1,1
1164,34,410.00,280.00,39.00,25.00,0.7569,1,1
1164,38,266.00,497.00,33.00,47.00,0.4989,1,1
1164,88,851.00,227.00,30.00,31.00,0.4029,1,1
1164,95,1157.00,216.00,40.00,45.00,0.7534,1,1
1164,97,1166.00,159.00,67.00,71.00,0.8204,1,1
1164,100,1163.00,167.00,48.00,71.00,0.7874,1,1
1164,105,1156.00,192.00,49.00,51.00,0.5354,1,1
1164,109,1161.00,194.00,44.00,66.00,0.6255,1,1
1164,110,1200.00,175.00,47.00,54.00,0.6218,1,1
1165,1,373.00,477.00,94.00,80.00,0.9100,1,1
1165,2,749.00,268.00,87.00,51.00,0.9159,1,1
1165,4,393.00,226.00,63.00,58.00,0.8874,1,1
1165,5,169.00,356.00,68.00,61.00,0.9349,1,1
1165,14,385.00,387.00,44.00,42.00,0.8497,1,1
1165,21,403.00,276.00,43.00,27.00,0.4287,1,1
1165,24,842.00,180.00,76.00,51.00,0.8945,1,1
1165,26,197.00,391.00,39.00,46.00,0.9464,1,1
1165,34,412.00,280.00,38.00,25.00,0.7676,1,1
1165,38,265.00,498.00,34.00,45.00,0.4023,1,1
1165,88,851.00,227.00,30.00,31.00,0.3930,1,1
1165,95,1149.00,233.00,39.00,39.00,0.8347,1,1
1165,97,1155.00,165.00,71.00,70.00,0.6610,1,1
1165,100,1159.00,171.00,47.00,73.00,0.7874,1,1
1165,105,1149.00,198.00,45.00,51.00,0.4265,1,1
1165,109,1148.00,202.00,45.00,66.00,0.4175,1,1
1166,1,374.00,476.00,94.00,80.00,0.9020,1,1
1166,2,747.00,269.00,87.00,51.00,0.8889,1,1
1166,4,393.00,226.00,64.00,58.00,0.8867,1,1
1166,5,169.00,356.00,68.00,61.00,0.9341,1,1
1166,14,385.00,387.00,45.00,43.00,0.8566,1,1
1166,21,402.00,276.00,44.00,27.00,0.4733,1,1
1166,24,842.00,180.00,77.00,51.00,0.8955,1,1
1166,26,197.00,392.00,39.00,46.00,0.9368,1,1
1166,34,410.00,279.00,42.00,26.00,0.7507,1,1
1166,38,266.00,500.00,33.00,43.00,0.5300,1,1
1166,88,850.00,226.00,31.00,33.00,0.3995,1,1
1166,95,1143.00,240.00,41.00,39.00,0.8683,1,1
1166,97,1148.00,170.00,69.00,70.00,0.8132,1,1
1166,100,1143.00,192.00,53.00,56.00,0.6901,1,1
1166,105,1142.00,204.00,48.00,52.00,0.3105,1,1
1166,109,1142.00,209.00,44.00,70.00,0.5486,1,1
1166,110,1142.00,204.00,48.00,51.00,0.3807,1,1
1167,1,374.00,475.00,95.00,82.00,0.9029,1,1
1167,2,744.00,270.00,88.00,50.00,0.8964,1,1
1167,4,393.00,226.00,66.00,58.00,0.9024,1,1
1167,5,170.00,355.00,66.00,62.00,0.9279,1,1
1167,10,470.00,378.00,32.00,40.00,0.5233,1,1
1167,14,386.00,387.00,44.00,46.00,0.8464,1,1
1167,21,404.00,276.00,46.00,27.00,0.4547,1,1
1167,24,842.00,180.00,77.00,51.00,0.8844,1,1
1167,26,197.00,392.00,39.00,46.00,0.9421,1,1
1167,34,413.00,279.00,40.00,26.00,0.7961,1,1
1167,38,265.00,498.00,29.00,43.00,0.5366,1,1
1167,88,851.00,226.00,30.00,33.00,0.4757,1,1
1167,95,1137.00,247.00,42.00,39.00,0.8683,1,1
1167,97,1142.00,175.00,68.00,64.00,0.8555,1,1
1167,100,1138.00,205.00,41.00,62.00,0.5788,1,1
1167,105,1135.00,233.00,45.00,51.00,0.5729,1,1
1167,109,1136.00,214.00,44.00,72.00,0.5486,1,1
1167,110,1171.00,205.00,50.00,51.00,0.3807,1,1
1168,1,376.00,475.00,94.00,82.00,0.8965,1,1
1168,2,742.00,272.00,86.00,50.00,0.9130,1,1
1168,4,393.00,227.00,67.00,56.00,0.9047,1,1
1168,5,170.00,355.00,66.00,62.00,0.9282,1,1
1168,10,471.00,379.00,32.00,40.00,0.5233,1,1
1168,14,384.00,387.00,46.00,47.00,0.8489,1,1
1168,21,412.00,278.00,41.00,27.00,0.8223,1,1
1168,24,843.00,180.00,75.00,51.00,0.8774,1,1
1168,26,196.00,392.00,40.00,46.00,0.9439,1,1
1168,34,418.00,275.00,39.00,26.00,0.7961,1,1
1168,38,264.00,498.00,30.00,42.00,0.5721,1,1
1168,88,851.00,226.00,30.00,33.00,0.5059,1,1
1168,95,1129.00,250.00,43.00,41.00,0.9208,1,1
1168,97,1135.00,180.00,70.00,65.00,0.8731,1,1
1168,100,1130.00,208.00,47.00,62.00,0.4795,1,1
1168,105,1129.00,241.00,46.00,52.00,0.5729,1,1
1168,109,1129.00,228.00,47.00,62.00,0.6829,1,1
1168,110,1131.00,201.00,47.00,58.00,0.2651,1,1
1169,1,378.00,474.00,93.00,82.00,0.8899,1,1
1169,2,740.00,274.00,86.00,51.00,0.9045,1,1
1169,4,392.00,228.00,70.00,55.00,0.8972,1,1
1169,5,169.00,356.00,67.00,61.00,0.9276,1,1
1169,14,384.00,389.00,45.00,44.00,0.8593,1,1
1169,21,405.00,275.00,47.00,29.00,0.4097,1,1
1169,24,843.00,180.00,76.00,52.00,0.8780,1,1
1169,26,196.00,394.00,40.00,43.00,0.9257,1,1
1169,34,415.00,278.00,39.00,27.00,0.8353,1,1
1169,38,263.00,499.00,31.00,39.00,0.6688,1,1
1169,87,196.00,409.00,38.00,31.00,0.3514,1,1
1169,88,851.00,226.00,31.00,34.00,0.5285,1,1
1169,95,1122.00,255.00,42.00,44.00,0.8692,1,1
1169,97,1128.00,185.00,71.00,67.00,0.8773,1,1
1169,100,1119.00,219.00,48.00,56.00,0.5465,1,1
1169,105,1123.00,238.00,43.00,61.00,0.7691,1,1
1169,109,1121.00,224.00,47.00,70.00,0.4366,1,1
1169,110,1125.00,208.00,49.00,55.00,0.2984,1,1
1170,1,379.00,474.00,92.00,80.00,0.8912,1,1
1170,2,736.00,277.00,87.00,53.00,0.9023,1,1
1170,4,393.00,229.00,69.00,53.00,0.9022,1,1
1170,5,169.00,356.00,67.00,60.00,0.9285,1,1
1170,14,385.00,390.00,43.00,41.00,0.8685,1,1
1170,21,405.00,274.00,47.00,29.00,0.4214,1,1
1170,24,843.00,180.00,76.00,52.00,0.8726,1,1
1170,26,196.00,395.00,40.00,42.00,0.9264,1,1
1170,34,417.00,277.00,37.00,27.00,0.7828,1,1
1170,38,263.00,499.00,31.00,39.00,0.6490,1,1
1170,87,195.00,409.00,39.00,30.00,0.3996,1,1
1170,88,851.00,226.00,31.00,34.00,0.5376,1,1
1170,95,1114.00,264.00,45.00,43.00,0.8640,1,1
1170,97,1117.00,191.00,75.00,69.00,0.8588,1,1
1170,100,1112.00,226.00,51.00,53.00,0.5051,1,1
1170,105,1116.00,245.00,44.00,62.00,0.7691,1,1
1170,106,1090.00,505.00,28.00,23.00,0.3963,1,1
1170,109,1110.00,243.00,52.00,64.00,0.5001,1,1
1170,110,1147.00,210.00,50.00,55.00,0.2984,1,1
1171,1,379.00,474.00,91.00,79.00,0.8898,1,1
1171,2,731.00,280.00,89.00,52.00,0.9031,1,1
1171,4,392.00,229.00,71.00,53.00,0.9059,1,1
1171,5,169.00,356.00,67.00,60.00,0.9270,1,1
1171,14,383.00,388.00,44.00,44.00,0.8549,1,1
1171,21,405.00,274.00,48.00,29.00,0.3379,1,1
1171,24,842.00,180.00,77.00,52.00,0.8745,1,1
1171,26,195.00,395.00,40.00,42.00,0.9242,1,1
1171,34,417.00,277.00,39.00,26.00,0.7790,1,1
1171,38,263.00,498.00,30.00,39.00,0.7344,1,1
1171,87,195.00,409.00,38.00,30.00,0.3254,1,1
1171,88,851.00,226.00,31.00,34.00,0.5100,1,1
1171,95,1107.00,265.00,46.00,49.00,0.7412,1,1
1171,97,1110.00,196.00,76.00,74.00,0.8416,1,1
1171,100,1105.00,233.00,48.00,55.00,0.5435,1,1
1171,106,1083.00,513.00,29.00,24.00,0.3963,1,1
1171,109,1106.00,238.00,48.00,78.00,0.6265,1,1
1172,1,378.00,473.00,93.00,82.00,0.8851,1,1
1172,2,726.00,283.00,87.00,53.00,0.9310,1,1
1172,4,392.00,229.00,73.00,52.00,0.9110,1,1
1172,5,168.00,356.00,68.00,60.00,0.9288,1,1
1172,14,381.00,388.00,45.00,46.00,0.8537,1,1
1172,21,413.00,275.00,42.00,27.00,0.3782,1,1
1172,24,843.00,179.00,76.00,53.00,0.8764,1,1
1172,26,194.00,396.00,41.00,41.00,0.9206,1,1
1172,34,422.00,277.00,35.00,26.00,0.8336,1,1
1172,38,262.00,498.00,31.00,39.00,0.6979,1,1
1172,87,195.00,408.00,37.00,30.00,0.3046,1,1
1172,88,851.00,226.00,32.00,34.00,0.5048,1,1
1172,95,1099.00,283.00,44.00,39.00,0.9367,1,1
1172,97,1103.00,205.00,75.00,76.00,0.7859,1,1
1172,100,1097.00,239.00,50.00,56.00,0.5435,1,1
1172,105,1098.00,241.00,50.00,65.00,0.7357,1,1
1172,109,1099.00,243.00,50.00,80.00,0.6265,1,1
1173,1,378.00,473.00,93.00,81.00,0.8832,1,1
1173,2,721.00,287.00,87.00,52.00,0.9466,1,1
1173,4,394.00,230.00,71.00,51.00,0.9054,1,1
1173,5,168.00,356.00,69.00,61.00,0.9339,1,1
1173,14,382.00,389.00,44.00,46.00,0.7966,1,1
1173,21,413.00,274.00,43.00,28.00,0.3782,1,1
1173,24,843.00,179.00,77.00,53.00,0.8747,1,1
1173,26,195.00,398.00,40.00,40.00,0.9035,1,1
1173,34,422.00,276.00,37.00,27.00,0.8236,1,1
1173,38,264.00,498.00,33.00,43.00,0.7280,1,1
1173,87,195.00,408.00,39.00,31.00,0.3171,1,1
1173,88,851.00,226.00,32.00,34.00,0.4479,1,1
1173,95,1093.00,295.00,41.00,39.00,0.9408,1,1
1173,97,1097.00,216.00,74.00,76.00,0.8812,1,1
1173,100,1091.00,252.00,44.00,55.00,0.7411,1,1
1173,105,1091.00,268.00,44.00,65.00,0.5740,1,1
1173,106,1071.00,540.00,29.00,26.00,0.4018,1,1
1174,1,378.00,473.00,93.00,80.00,0.8899,1,1
1174,2,715.00,289.00,88.00,54.00,0.9024,1,1
1174,4,398.00,228.00,69.00,53.00,0.8999,1,1
1174,5,167.00,355.00,71.00,63.00,0.9369,1,1
1174,10,200.00,394.00,37.00,40.00,0.4511,1,1
1174,14,381.00,389.00,43.00,42.00,0.7702,1,1
1174,24,843.00,180.00,77.00,52.00,0.8675,1,1
1174,26,196.00,399.00,39.00,39.00,0.8863,1,1
1174,34,423.00,275.00,38.00,27.00,0.7645,1,1
1174,38,265.00,495.00,34.00,50.00,0.4205,1,1
1174,87,195.00,408.00,39.00,31.00,0.3171,1,1
1174,88,851.00,226.00,32.00,35.00,0.3895,1,1
1174,95,1084.00,296.00,45.00,48.00,0.8231,1,1
1174,97,1091.00,225.00,74.00,76.00,0.8453,1,1
1174,100,1083.00,259.00,45.00,55.00,0.7411,1,1
1174,105,1083.00,261.00,48.00,64.00,0.5859,1,1
1174,106,1061.00,550.00,30.00,26.00,0.3741,1,1
1174,109,1082.00,267.00,50.00,76.00,0.2991,1,1
1175,1,378.00,473.00,93.00,79.00,0.8886,1,1
1175,2,708.00,293.00,87.00,53.00,0.9057,1,1
1175,4,401.00,227.00,69.00,52.00,0.9032,1,1
1175,5,168.00,356.00,70.00,62.00,0.9358,1,1
1175,10,177.00,396.00,38.00,40.00,0.4511,1,1
1175,14,383.00,389.00,38.00,43.00,0.7212,1,1
1175,21,421.00,272.00,41.00,27.00,0.5749,1,1
1175,24,843.00,180.00,77.00,52.00,0.8655,1,1
1175,26,198.00,399.00,37.00,39.00,0.8382,1,1
1175,34,430.00,273.00,35.00,27.00,0.7474,1,1
1175,38,266.00,487.00,36.00,56.00,0.8149,1,1
1175,87,203.00,395.00,34.00,37.00,0.4493,1,1
1175,88,851.00,226.00,33.00,34.00,0.3324,1,1
1175,95,1077.00,305.00,45.00,50.00,0.8888,1,1
1175,97,1085.00,234.00,75.00,71.00,0.8325,1,1
1175,105,1075.00,271.00,48.00,63.00,0.6575,1,1
1175,106,1055.00,560.00,29.00,26.00,0.3741,1,1
1175,109,1076.00,283.00,48.00,71.00,0.7882,1,1
1176,1,378.00,473.00,93.00,79.00,0.8920,1,1
1176,2,702.00,296.00,89.00,53.00,0.9181,1,1
1176,4,404.00,226.00,70.00,52.00,0.9086,1,1
1176,5,167.00,355.00,71.00,63.00,0.9328,1,1
1176,14,385.00,388.00,34.00,42.00,0.7190,1,1
1176,21,421.00,271.00,41.00,26.00,0.4861,1,1
1176,24,843.00,180.00,77.00,53.00,0.8354,1,1
1176,26,198.00,399.00,38.00,39.00,0.8139,1,1
1176,34,431.00,273.00,36.00,27.00,0.7155,1,1
1176,38,264.00,486.00,39.00,48.00,0.8710,1,1
1176,87,204.00,395.00,33.00,38.00,0.4474,1,1
1176,88,851.00,226.00,33.00,34.00,0.3045,1,1
1176,95,1067.00,323.00,47.00,39.00,0.9062,1,1
1176,97,1071.00,241.00,81.00,85.00,0.9044,1,1
1176,100,1068.00,276.00,47.00,59.00,0.5094,1,1
1176,105,1067.00,277.00,50.00,65.00,0.6575,1,1
1176,106,1040.00,573.00,28.00,26.00,0.3315,1,1
1176,109,1066.00,292.00,51.00,70.00,0.3287,1,1
1176,113,666.00,503.00,54.00,45.00,0.6137,1,1
1177,1,378.00,473.00,93.00,80.00,0.8942,1,1
1177,2,697.00,298.00,87.00,53.00,0.9297,1,1
1177,4,408.00,225.00,70.00,52.00,0.9040,1,1
1177,5,167.00,356.00,72.00,61.00,0.9361,1,1
1177,10,199.00,408.00,35.00,31.00,0.3060,1,1
1177,14,387.00,388.00,34.00,42.00,0.6151,1,1
1177,21,423.00,271.00,40.00,25.00,0.4861,1,1
1177,24,843.00,180.00,77.00,53.00,0.8197,1,1
1177,26,199.00,398.00,37.00,38.00,0.8271,1,1
1177,34,436.00,270.00,36.00,26.00,0.7708,1,1
1177,38,265.00,483.00,43.00,42.00,0.8850,1,1
1177,87,204.00,395.00,34.00,37.00,0.5099,1,1
1177,88,851.00,226.00,33.00,35.00,0.3045,1,1
1177,95,1057.00,328.00,47.00,41.00,0.9065,1,1
1177,97,1064.00,246.00,79.00,80.00,0.8713,1,1
1177,100,1054.00,284.00,54.00,57.00,0.6671,1,1
1177,105,1054.00,284.00,54.00,58.00,0.3084,1,1
1177,106,1031.00,582.00,25.00,25.00,0.6467,1,1
1177,109,1056.00,298.00,51.00,73.00,0.8414,1,1
1177,113,663.00,507.00,52.00,43.00,0.8181,1,1
1177,115,175.00,532.00,42.00,29.00,0.6837,1,1
1178,1,378.00,472.00,93.00,81.00,0.8888,1,1
1178,2,689.00,301.00,92.00,53.00,0.9026,1,1
1178,4,414.00,224.00,67.00,51.00,0.8913,1,1
1178,5,167.00,356.00,72.00,61.00,0.9360,1,1
1178,10,199.00,408.00,34.00,31.00,0.3248,1,1
1178,14,390.00,387.00,34.00,44.00,0.6013,1,1
1178,24,843.00,180.00,77.00,53.00,0.8068,1,1
1178,26,199.00,398.00,37.00,38.00,0.8370,1,1
1178,34,440.00,267.00,37.00,26.00,0.7293,1,1
1178,38,266.00,482.00,42.00,39.00,0.8553,1,1
1178,87,204.00,395.00,34.00,37.00,0.5022,1,1
1178,95,1046.00,335.00,53.00,42.00,0.4547,1,1
1178,97,1054.00,251.00,81.00,82.00,0.8873,1,1
1178,100,1047.00,288.00,50.00,61.00,0.5640,1,1
1178,105,1048.00,322.00,51.00,52.00,0.7355,1,1
1178,106,1023.00,592.00,25.00,25.00,0.6467,1,1
1178,109,1047.00,294.00,53.00,78.00,0.4257,1,1
1178,113,662.00,513.00,47.00,42.00,0.7813,1,1
1178,115,179.00,533.00,41.00,28.00,0.6837,1,1
1179,1,378.00,472.00,93.00,81.00,0.8900,1,1
1179,2,684.00,302.00,92.00,54.00,0.8720,1,1
1179,4,418.00,222.00,68.00,50.00,0.8825,1,1
1179,5,167.00,356.00,72.00,61.00,0.9336,1,1
1179,10,199.00,410.00,34.00,29.00,0.2850,1,1
1179,14,393.00,383.00,31.00,42.00,0.6840,1,1
1179,24,844.00,180.00,76.00,53.00,0.8251,1,1
1179,26,199.00,398.00,37.00,38.00,0.8394,1,1
1179,34,446.00,266.00,34.00,25.00,0.7475,1,1
1179,38,265.00,483.00,43.00,39.00,0.7604,1,1
1179,87,205.00,395.00,33.00,37.00,0.5155,1,1
1179,95,1039.00,335.00,51.00,46.00,0.6254,1,1
1179,97,1043.00,257.00,83.00,80.00,0.9188,1,1
1179,100,1038.00,301.00,52.00,62.00,0.3856,1,1
1179,105,1041.00,331.00,51.00,52.00,0.7355,1,1
1179,109,1037.00,309.00,54.00,72.00,0.6097,1,1
1179,110,1041.00,291.00,44.00,63.00,0.5648,1,1
1179,113,663.00,514.00,44.00,37.00,0.5708,1,1
1179,115,190.00,534.00,42.00,36.00,0.5933,1,1
1179,116,826.00,378.00,35.00,37.00,0.5247,1,1
1180,1,378.00,471.00,93.00,81.00,0.8927,1,1
1180,2,682.00,304.00,90.00,55.00,0.8713,1,1
1180,4,421.00,222.00,70.00,48.00,0.8882,1,1
1180,5,166.00,357.00,73.00,60.00,0.9361,1,1
1180,10,195.00,412.00,33.00,29.00,0.2850,1,1
1180,14,394.00,381.00,33.00,44.00,0.7914,1,1
1180,24,844.00,180.00,76.00,53.00,0.8316,1,1
1180,26,199.00,397.00,37.00,38.00,0.8655,1,1
1180,34,446.00,264.00,38.00,26.00,0.7874,1,1
1180,38,265.00,480.00,42.00,41.00,0.7937,1,1
1180,87,205.00,394.00,33.00,38.00,0.5155,1,1
1180,88,851.00,226.00,34.00,34.00,0.2865,1,1
1180,95,1030.00,349.00,44.00,44.00,0.8350,1,1
1180,97,1035.00,264.00,82.00,79.00,0.9012,1,1
1180,100,1030.00,308.00,53.00,64.00,0.3856,1,1
1180,105,1028.00,307.00,47.00,54.00,0.4796,1,1
1180,106,994.00,607.00,29.00,29.00,0.3153,1,1
1180,109,1029.00,328.00,50.00,65.00,0.7856,1,1
1180,110,1042.00,297.00,44.00,64.00,0.5648,1,1
1180,113,664.00,514.00,38.00,34.00,0.5796,1,1
1180,115,192.00,532.00,43.00,37.00,0.6042,1,1
1180,116,826.00,378.00,35.00,38.00,0.5247,1,1
1181,1,378.00,472.00,93.00,81.00,0.9005,1,1
1181,2,676.00,305.00,96.00,56.00,0.8500,1,1
1181,4,427.00,219.00,67.00,48.00,0.8739,1,1
1181,5,167.00,356.00,73.00,61.00,0.9361,1,1
1181,14,398.00,383.00,33.00,41.00,0.7130,1,1
1181,24,844.00,179.00,76.00,53.00,0.8361,1,1
1181,26,197.00,399.00,39.00,37.00,0.8850,1,1
1181,34,451.00,262.00,37.00,28.00,0.7647,1,1
1181,38,266.00,484.00,43.00,41.00,0.7751,1,1
1181,87,203.00,395.00,35.00,37.00,0.5259,1,1
1181,88,851.00,226.00,34.00,34.00,0.2951,1,1
1181,95,1021.00,357.00,45.00,44.00,0.8350,1,1
1181,97,1023.00,272.00,84.00,81.00,0.9097,1,1
1181,100,1018.00,316.00,51.00,57.00,0.6941,1,1
1181,105,1022.00,345.00,53.00,56.00,0.5440,1,1
1181,106,984.00,617.00,29.00,29.00,0.3153,1,1
1181,109,1020.00,323.00,54.00,79.00,0.7990,1,1
1181,113,664.00,514.00,35.00,36.00,0.6405,1,1
1181,115,195.00,528.00,45.00,30.00,0.4905,1,1
1181,116,592.00,323.00,40.00,31.00,0.7916,1,1
1182,1,378.00,471.00,94.00,80.00,0.8974,1,1
1182,2,673.00,307.00,96.00,55.00,0.8131,1,1
1182,4,431.00,216.00,67.00,50.00,0.8749,1,1
1182,5,166.00,356.00,74.00,61.00,0.9327,1,1
1182,14,399.00,378.00,34.00,44.00,0.7681,1,1
1182,21,447.00,261.00,41.00,26.00,0.5625,1,1
1182,24,844.00,179.00,76.00,53.00,0.8323,1,1
1182,26,205.00,394.00,33.00,37.00,0.5346,1,1
1182,34,457.00,262.00,36.00,25.00,0.6699,1,1
1182,38,267.00,487.00,44.00,45.00,0.5895,1,1
1182,87,198.00,396.00,38.00,39.00,0.8784,1,1
1182,88,852.00,226.00,33.00,34.00,0.2801,1,1
1182,95,827.00,377.00,36.00,39.00,0.2533,1,1
1182,97,1012.00,282.00,84.00,83.00,0.9240,1,1
1182,100,1006.00,327.00,54.00,59.00,0.3705,1,1
1182,105,1010.00,360.00,55.00,54.00,0.5047,1,1
1182,109,1008.00,332.00,56.00,84.00,0.5803,1,1
1182,113,663.00,514.00,35.00,36.00,0.7242,1,1
1182,115,197.00,526.00,43.00,27.00,0.4919,1,1
1182,116,595.00,322.00,38.00,32.00,0.6464,1,1
1183,1,378.00,471.00,94.00,81.00,0.9023,1,1
1183,2,672.00,309.00,95.00,54.00,0.8441,1,1
1183,4,434.00,214.00,67.00,50.00,0.8879,1,1
1183,5,166.00,356.00,75.00,61.00,0.9333,1,1
1183,14,401.00,378.00,31.00,42.00,0.8147,1,1
1183,21,450.00,260.00,41.00,26.00,0.5625,1,1
1183,24,844.00,179.00,76.00,53.00,0.8262,1,1
1183,26,206.00,394.00,33.00,36.00,0.5346,1,1
1183,34,458.00,261.00,35.00,25.00,0.7195,1,1
1183,38,269.00,490.00,46.00,48.00,0.3877,1,1
1183,87,198.00,396.00,39.00,39.00,0.8848,1,1
1183,88,852.00,226.00,33.00,34.00,0.2546,1,1
1183,95,827.00,379.00,35.00,36.00,0.3963,1,1
1183,97,996.00,295.00,87.00,79.00,0.9499,1,1
1183,100,995.00,340.00,54.00,60.00,0.3441,1,1
1183,105,1001.00,370.00,56.00,55.00,0.5047,1,1
1183,109,995.00,346.00,58.00,81.00,0.6496,1,1
1183,113,663.00,516.00,34.00,36.00,0.7294,1,1
1183,115,196.00,526.00,47.00,27.00,0.4380,1,1
1183,116,596.00,322.00,37.00,31.00,0.5995,1,1
1184,1,378.00,471.00,94.00,80.00,0.9045,1,1
1184,2,672.00,309.00,95.00,55.00,0.8790,1,1
1184,4,437.00,213.00,67.00,50.00,0.8915,1,1
1184,5,166.00,356.00,76.00,61.00,0.9310,1,1
1184,14,403.00,377.00,32.00,42.00,0.8232,1,1
1184,21,461.00,257.00,36.00,29.00,0.7120,1,1
1184,24,844.00,180.00,76.00,52.00,0.8289,1,1
1184,34,452.00,258.00,41.00,25.00,0.3174,1,1
1184,38,270.00,491.00,44.00,48.00,0.7402,1,1
1184,87,198.00,396.00,40.00,38.00,0.9022,1,1
1184,88,852.00,226.00,33.00,34.00,0.2555,1,1
1184,95,826.00,379.00,35.00,36.00,0.3448,1,1
1184,97,983.00,305.00,87.00,81.00,0.9456,1,1
1184,100,985.00,348.00,56.00,61.00,0.3441,1,1
1184,109,978.00,354.00,61.00,79.00,0.3801,1,1
1184,113,663.00,516.00,34.00,35.00,0.7421,1,1
1184,115,198.00,527.00,46.00,26.00,0.3685,1,1
1184,116,598.00,322.00,35.00,30.00,0.7078,1,1
1185,1,378.00,471.00,94.00,80.00,0.9040,1,1
1185,2,671.00,309.00,97.00,56.00,0.8560,1,1
1185,4,441.00,211.00,67.00,51.00,0.8868,1,1
1185,5,167.00,356.00,76.00,60.00,0.9283,1,1
1185,14,403.00,375.00,32.00,42.00,0.7702,1,1
1185,21,464.00,257.00,37.00,28.00,0.7597,1,1
1185,24,844.00,179.00,77.00,53.00,0.8430,1,1
1185,34,454.00,256.00,42.00,25.00,0.3174,1,1
1185,38,271.00,492.00,46.00,47.00,0.6070,1,1
1185,87,198.00,397.00,40.00,37.00,0.8943,1,1
1185,88,852.00,226.00,33.00,34.00,0.2555,1,1
1185,95,805.00,387.00,35.00,35.00,0.3448,1,1
1185,97,970.00,314.00,85.00,80.00,0.9295,1,1
1185,100,964.00,364.00,59.00,59.00,0.4308,1,1
1185,106,926.00,664.00,38.00,37.00,0.2860,1,1
1185,109,968.00,362.00,62.00,80.00,0.3801,1,1
1185,110,826.00,379.00,37.00,37.00,0.6066,1,1
1185,113,662.00,516.00,33.00,36.00,0.7707,1,1
1185,115,204.00,527.00,41.00,28.00,0.6551,1,1
1185,116,599.00,323.00,35.00,30.00,0.7457,1,1
1186,1,378.00,471.00,94.00,80.00,0.9062,1,1
1186,2,671.00,310.00,97.00,56.00,0.8703,1,1
1186,4,444.00,211.00,66.00,51.00,0.8921,1,1
1186,5,167.00,356.00,77.00,60.00,0.9213,1,1
1186,14,403.00,373.00,31.00,42.00,0.7569,1,1
1186,21,466.00,256.00,38.00,29.00,0.7935,1,1
1186,24,844.00,179.00,77.00,53.00,0.8529,1,1
1186,38,272.00,492.00,47.00,47.00,0.4880,1,1
1186,87,200.00,398.00,39.00,36.00,0.8882,1,1
1186,88,852.00,226.00,33.00,34.00,0.2507,1,1
1186,97,958.00,323.00,84.00,81.00,0.9354,1,1
1186,100,953.00,373.00,61.00,59.00,0.4308,1,1
1186,106,918.00,683.00,32.00,31.00,0.8379,1,1
1186,110,827.00,380.00,37.00,36.00,0.6272,1,1
1186,113,662.00,515.00,32.00,36.00,0.7869,1,1
1186,115,203.00,527.00,42.00,28.00,0.4315,1,1
1186,116,600.00,323.00,35.00,30.00,0.7349,1,1
1187,1,378.00,471.00,94.00,80.00,0.9063,1,1
1187,2,670.00,310.00,98.00,56.00,0.8783,1,1
1187,4,447.00,210.00,65.00,52.00,0.8981,1,1
1187,5,168.00,355.00,76.00,61.00,0.9147,1,1
1187,14,405.00,376.00,31.00,38.00,0.7983,1,1
1187,21,469.00,255.00,38.00,29.00,0.7935,1,1
1187,24,844.00,179.00,77.00,53.00,0.8546,1,1
1187,34,467.00,256.00,38.00,26.00,0.7885,1,1
1187,38,273.00,491.00,46.00,47.00,0.4259,1,1
1187,87,204.00,398.00,35.00,36.00,0.8783,1,1
1187,88,852.00,226.00,33.00,34.00,0.2507,1,1
1187,97,943.00,330.00,83.00,80.00,0.9109,1,1
1187,106,910.00,691.00,30.00,33.00,0.7609,1,1
1187,110,829.00,379.00,36.00,35.00,0.4053,1,1
1187,113,661.00,516.00,32.00,34.00,0.7753,1,1
1187,115,205.00,528.00,39.00,28.00,0.5894,1,1
1187,116,600.00,320.00,36.00,32.00,0.6369,1,1
1188,1,378.00,471.00,94.00,80.00,0.9029,1,1
1188,2,670.00,309.00,98.00,57.00,0.8923,1,1
1188,4,449.00,209.00,66.00,52.00,0.8850,1,1
1188,5,168.00,355.00,77.00,62.00,0.9150,1,1
1188,14,406.00,377.00,30.00,36.00,0.7958,1,1
1188,24,844.00,179.00,78.00,53.00,0.8825,1,1
1188,34,470.00,256.00,37.00,26.00,0.7604,1,1
1188,38,272.00,491.00,46.00,47.00,0.4394,1,1
1188,87,204.00,397.00,36.00,36.00,0.8822,1,1
1188,97,929.00,334.00,88.00,83.00,0.9350,1,1
1188,106,899.00,702.00,31.00,33.00,0.7609,1,1
1188,110,830.00,376.00,40.00,37.00,0.3953,1,1
1188,113,660.00,516.00,32.00,36.00,0.7259,1,1
1188,115,206.00,528.00,38.00,29.00,0.6242,1,1
1188,116,603.00,319.00,37.00,35.00,0.5907,1,1
1189,1,378.00,471.00,94.00,80.00,0.9044,1,1
1189,2,670.00,309.00,97.00,57.00,0.8793,1,1
1189,4,451.00,208.00,65.00,53.00,0.8884,1,1
1189,5,168.00,355.00,77.00,62.00,0.9097,1,1
1189,14,407.00,376.00,30.00,37.00,0.8046,1,1
1189,21,463.00,255.00,43.00,26.00,0.6182,1,1
1189,24,844.00,179.00,77.00,53.00,0.8550,1,1
1189,34,473.00,256.00,36.00,26.00,0.7700,1,1
1189,38,271.00,490.00,47.00,48.00,0.3761,1,1
1189,87,206.00,398.00,34.00,35.00,0.8515,1,1
1189,97,915.00,341.00,88.00,80.00,0.9199,1,1
1189,106,886.00,719.00,32.00,28.00,0.3119,1,1
1189,110,818.00,384.00,40.00,35.00,0.3953,1,1
1189,113,659.00,516.00,34.00,38.00,0.7633,1,1
1189,115,208.00,529.00,38.00,28.00,0.5177,1,1
1189,116,606.00,319.00,36.00,34.00,0.7477,1,1
1190,1,378.00,471.00,94.00,81.00,0.9038,1,1
1190,2,670.00,309.00,98.00,57.00,0.8745,1,1
1190,4,452.00,208.00,66.00,53.00,0.8879,1,1
1190,5,169.00,355.00,76.00,62.00,0.9125,1,1
1190,14,408.00,375.00,31.00,37.00,0.7965,1,1
1190,21,465.00,254.00,41.00,26.00,0.4579,1,1
1190,24,844.00,180.00,77.00,52.00,0.8507,1,1
1190,34,473.00,255.00,36.00,27.00,0.7378,1,1
1190,38,272.00,492.00,45.00,46.00,0.3935,1,1
1190,87,206.00,398.00,34.00,35.00,0.8258,1,1
1190,97,900.00,349.00,90.00,81.00,0.9378,1,1
1190,106,875.00,730.00,32.00,29.00,0.3119,1,1
1190,109,909.00,422.00,55.00,65.00,0.6863,1,1
1190,110,835.00,370.00,50.00,37.00,0.2621,1,1
1190,113,659.00,516.00,35.00,38.00,0.7375,1,1
1190,115,208.00,530.00,38.00,27.00,0.5080,1,1
1190,116,608.00,318.00,35.00,36.00,0.6180,1,1
1191,1,378.00,472.00,94.00,79.00,0.9032,1,1
1191,2,670.00,310.00,99.00,56.00,0.8942,1,1
1191,4,453.00,206.00,65.00,54.00,0.8855,1,1
1191,5,168.00,355.00,77.00,62.00,0.9159,1,1
1191,14,410.00,376.00,31.00,37.00,0.8182,1,1
1191,21,467.00,254.00,41.00,25.00,0.4579,1,1
1191,24,844.00,180.00,76.00,52.00,0.8738,1,1
1191,26,200.00,403.00,40.00,33.00,0.3675,1,1
1191,34,474.00,255.00,36.00,27.00,0.7716,1,1
1191,38,270.00,489.00,47.00,47.00,0.2871,1,1
1191,87,204.00,398.00,35.00,35.00,0.8242,1,1
1191,88,851.00,226.00,33.00,34.00,0.2834,1,1
1191,97,887.00,356.00,89.00,83.00,0.9026,1,1
1191,100,831.00,371.00,50.00,41.00,0.2838,1,1
1191,105,268.00,487.00,35.00,47.00,0.2820,1,1
1191,109,898.00,432.00,56.00,64.00,0.6863,1,1
1191,110,830.00,374.00,48.00,39.00,0.3869,1,1
1191,113,656.00,515.00,36.00,37.00,0.7775,1,1
1191,115,208.00,530.00,38.00,27.00,0.4832,1,1
1191,116,608.00,319.00,36.00,35.00,0.4130,1,1
1192,1,378.00,472.00,94.00,79.00,0.9018,1,1
1192,2,670.00,310.00,99.00,55.00,0.8599,1,1
1192,4,456.00,206.00,63.00,54.00,0.8857,1,1
1192,5,166.00,355.00,79.00,62.00,0.9134,1,1
1192,14,410.00,371.00,29.00,36.00,0.7742,1,1
1192,24,844.00,180.00,76.00,52.00,0.8596,1,1
1192,26,198.00,405.00,42.00,31.00,0.3582,1,1
1192,34,474.00,255.00,37.00,27.00,0.8002,1,1
1192,38,270.00,489.00,48.00,47.00,0.4134,1,1
1192,87,203.00,399.00,36.00,34.00,0.7893,1,1
1192,88,851.00,226.00,33.00,34.00,0.2799,1,1
1192,97,869.00,368.00,94.00,83.00,0.9088,1,1
1192,100,832.00,372.00,43.00,39.00,0.2563,1,1
1192,105,206.00,500.00,35.00,46.00,0.2820,1,1
1192,110,829.00,374.00,46.00,38.00,0.5334,1,1
1192,113,655.00,517.00,34.00,39.00,0.7605,1,1
1192,115,207.00,529.00,39.00,26.00,0.4115,1,1
1192,116,607.00,321.00,37.00,35.00,0.2517,1,1
1193,1,378.00,472.00,94.00,79.00,0.9036,1,1
1193,2,672.00,309.00,98.00,56.00,0.7706,1,1
1193,4,457.00,206.00,62.00,54.00,0.8869,1,1
1193,5,165.00,355.00,79.00,62.00,0.9134,1,1
1193,14,410.00,372.00,30.00,36.00,0.7538,1,1
1193,24,845.00,180.00,74.00,52.00,0.8514,1,1
1193,26,198.00,404.00,40.00,31.00,0.5361,1,1
1193,34,474.00,255.00,37.00,27.00,0.7995,1,1
1193,38,268.00,487.00,42.00,45.00,0.3506,1,1
1193,87,204.00,399.00,35.00,34.00,0.7839,1,1
1193,88,851.00,226.00,33.00,34.00,0.3023,1,1
1193,97,856.00,382.00,90.00,85.00,0.8815,1,1
1193,100,817.00,377.00,42.00,37.00,0.2563,1,1
1193,110,823.00,379.00,46.00,38.00,0.5334,1,1
1193,113,656.00,521.00,32.00,41.00,0.6348,1,1
1193,115,208.00,530.00,39.00,25.00,0.4391,1,1
1193,116,601.00,319.00,38.00,35.00,0.2517,1,1
1194,1,378.00,472.00,94.00,79.00,0.9056,1,1
1194,2,674.00,309.00,96.00,55.00,0.8359,1,1
1194,4,459.00,205.00,61.00,55.00,0.8910,1,1
1194,5,165.00,356.00,78.00,61.00,0.9175,1,1
1194,14,411.00,372.00,31.00,35.00,0.7546,1,1
1194,24,844.00,180.00,76.00,52.00,0.8678,1,1
1194,26,198.00,404.00,40.00,31.00,0.5361,1,1
1194,34,474.00,255.00,38.00,27.00,0.7977,1,1
1194,38,270.00,488.00,48.00,45.00,0.4537,1,1
1194,87,201.00,400.00,37.00,34.00,0.8021,1,1
1194,88,851.00,226.00,34.00,34.00,0.3759,1,1
1194,97,842.00,394.00,90.00,85.00,0.9458,1,1
1194,113,656.00,521.00,32.00,38.00,0.6770,1,1
1194,115,210.00,529.00,38.00,27.00,0.4634,1,1
1195,1,378.00,472.00,94.00,79.00,0.9063,1,1
1195,2,675.00,308.00,97.00,55.00,0.8338,1,1
1195,4,459.00,205.00,61.00,56.00,0.8883,1,1
1195,5,165.00,356.00,77.00,62.00,0.9240,1,1
1195,14,411.00,372.00,32.00,35.00,0.7375,1,1
1195,24,843.00,180.00,77.00,52.00,0.8761,1,1
1195,34,473.00,256.00,38.00,26.00,0.7570,1,1
1195,38,271.00,489.00,50.00,45.00,0.3880,1,1
1195,87,201.00,400.00,36.00,34.00,0.7839,1,1
1195,88,851.00,226.00,34.00,34.00,0.4082,1,1
1195,97,829.00,408.00,92.00,88.00,0.9358,1,1
1195,113,656.00,523.00,32.00,39.00,0.6553,1,1
1195,115,209.00,529.00,41.00,28.00,0.4712,1,1
1196,1,378.00,472.00,94.00,80.00,0.9044,1,1
1196,2,677.00,306.00,95.00,56.00,0.8515,1,1
1196,4,460.00,205.00,60.00,57.00,0.8866,1,1
1196,5,164.00,357.00,77.00,61.00,0.9311,1,1
1196,14,410.00,370.00,32.00,37.00,0.7350,1,1
1196,24,843.00,180.00,77.00,52.00,0.8802,1,1
1196,34,473.00,257.00,37.00,27.00,0.7218,1,1
1196,38,271.00,488.00,46.00,45.00,0.3700,1,1
1196,87,201.00,399.00,35.00,36.00,0.7915,1,1
1196,88,850.00,226.00,35.00,34.00,0.3929,1,1
1196,97,816.00,417.00,91.00,90.00,0.9455,1,1
1196,113,655.00,522.00,34.00,40.00,0.7022,1,1
1196,115,210.00,529.00,41.00,29.00,0.3883,1,1
1197,1,379.00,471.00,93.00,81.00,0.9051,1,1
1197,2,679.00,306.00,95.00,54.00,0.8672,1,1
1197,4,460.00,205.00,59.00,58.00,0.8917,1,1
1197,5,162.00,357.00,78.00,62.00,0.9400,1,1
1197,14,410.00,370.00,32.00,36.00,0.7244,1,1
1197,24,843.00,180.00,76.00,52.00,0.8837,1,1
1197,34,473.00,258.00,37.00,27.00,0.6940,1,1
1197,38,271.00,487.00,45.00,44.00,0.4813,1,1
1197,87,200.00,399.00,35.00,35.00,0.8059,1,1
1197,88,850.00,227.00,35.00,33.00,0.4043,1,1
1197,97,798.00,428.00,92.00,92.00,0.9055,1,1
1197,110,831.00,375.00,33.00,33.00,0.4322,1,1
1197,113,654.00,521.00,34.00,42.00,0.6623,1,1
1197,115,209.00,530.00,43.00,29.00,0.4191,1,1
1198,1,378.00,472.00,94.00,80.00,0.9020,1,1
1198,2,681.00,304.00,94.00,55.00,0.8492,1,1
1198,4,460.00,205.00,59.00,59.00,0.8894,1,1
1198,5,162.00,357.00,77.00,62.00,0.9443,1,1
1198,14,410.00,370.00,31.00,37.00,0.6930,1,1
1198,21,472.00,259.00,37.00,27.00,0.6456,1,1
1198,24,843.00,180.00,76.00,52.00,0.8883,1,1
1198,26,199.00,399.00,35.00,36.00,0.7724,1,1
1198,34,474.00,258.00,37.00,27.00,0.6940,1,1
1198,38,272.00,487.00,42.00,42.00,0.5431,1,1
1198,87,206.00,396.00,31.00,36.00,0.2693,1,1
1198,88,850.00,227.00,34.00,33.00,0.4470,1,1
1198,97,783.00,435.00,90.00,95.00,0.9473,1,1
1198,110,827.00,377.00,34.00,33.00,0.4322,1,1
1198,113,651.00,522.00,38.00,43.00,0.4889,1,1
1198,115,207.00,531.00,45.00,28.00,0.4663,1,1
1199,1,379.00,472.00,93.00,80.00,0.9017,1,1
1199,2,683.00,303.00,93.00,55.00,0.8458,1,1
1199,4,459.00,204.00,59.00,61.00,0.8815,1,1
1199,5,161.00,358.00,78.00,62.00,0.9526,1,1
1199,14,409.00,369.00,31.00,37.00,0.7336,1,1
1199,21,473.00,261.00,36.00,25.00,0.6448,1,1
1199,24,843.00,181.00,76.00,51.00,0.8918,1,1
1199,26,198.00,398.00,36.00,38.00,0.7810,1,1
1199,38,273.00,487.00,40.00,41.00,0.6130,1,1
1199,87,206.00,395.00,30.00,36.00,0.2751,1,1
1199,88,850.00,227.00,34.00,33.00,0.4340,1,1
1199,97,763.00,443.00,94.00,93.00,0.9318,1,1
1199,110,831.00,377.00,29.00,31.00,0.3971,1,1
1199,113,650.00,522.00,39.00,44.00,0.4889,1,1
1199,115,205.00,530.00,45.00,27.00,0.4264,1,1
1200,1,378.00,472.00,94.00,80.00,0.8996,1,1
1200,2,684.00,303.00,94.00,55.00,0.8754,1,1
1200,4,459.00,204.00,58.00,63.00,0.8907,1,1
1200,5,161.00,359.00,77.00,62.00,0.9545,1,1
1200,10,193.00,411.00,37.00,28.00,0.2718,1,1
1200,14,409.00,371.00,31.00,36.00,0.7325,1,1
1200,21,473.00,262.00,36.00,25.00,0.6170,1,1
1200,24,842.00,181.00,77.00,51.00,0.8929,1,1
1200,26,198.00,398.00,36.00,38.00,0.7810,1,1
1200,38,272.00,487.00,42.00,42.00,0.6440,1,1
1200,87,195.00,401.00,38.00,36.00,0.7678,1,1
1200,88,850.00,226.00,34.00,34.00,0.3945,1,1
1200,97,742.00,451.00,101.00,94.00,0.9543,1,1
1200,110,832.00,377.00,28.00,31.00,0.4413,1,1
1200,113,640.00,531.00,49.00,44.00,0.3005,1,1
1200,115,209.00,531.00,41.00,29.00,0.6482,1,1
1201,1,378.00,472.00,94.00,80.00,0.9005,1,1
1201,2,685.00,302.00,94.00,54.00,0.8844,1,1
1201,4,459.00,204.00,56.00,65.00,0.8938,1,1
1201,5,161.00,359.00,77.00,62.00,0.9540,1,1
1201,10,194.00,410.00,37.00,29.00,0.2501,1,1
1201,14,409.00,371.00,31.00,36.00,0.7345,1,1
1201,21,473.00,263.00,35.00,23.00,0.6371,1,1
1201,24,842.00,180.00,76.00,53.00,0.8872,1,1
1201,38,272.00,487.00,42.00,42.00,0.6340,1,1
1201,87,196.00,401.00,38.00,37.00,0.7706,1,1
1201,88,850.00,226.00,35.00,34.00,0.3708,1,1
1201,97,724.00,460.00,104.00,96.00,0.9336,1,1
1201,110,832.00,377.00,28.00,31.00,0.3532,1,1
1201,113,638.00,532.00,50.00,44.00,0.3005,1,1
1201,115,208.00,530.00,43.00,29.00,0.7730,1,1
1202,1,378.00,472.00,94.00,81.00,0.8974,1,1
1202,2,687.00,302.00,93.00,53.00,0.8700,1,1
1202,4,459.00,204.00,56.00,66.00,0.8976,1,1
1202,5,161.00,359.00,76.00,62.00,0.9478,1,1
1202,10,194.00,410.00,37.00,29.00,0.2501,1,1
1202,14,409.00,372.00,31.00,36.00,0.7177,1,1
1202,21,472.00,263.00,36.00,24.00,0.6393,1,1
1202,24,842.00,181.00,76.00,52.00,0.8865,1,1
1202,38,271.00,486.00,43.00,43.00,0.6778,1,1
1202,87,197.00,402.00,37.00,36.00,0.8216,1,1
1202,88,850.00,227.00,34.00,33.00,0.3619,1,1
1202,97,709.00,470.00,101.00,94.00,0.9517,1,1
1202,110,830.00,378.00,28.00,31.00,0.3532,1,1
1202,113,637.00,542.00,48.00,49.00,0.3697,1,1
1202,115,210.00,528.00,41.00,30.00,0.5682,1,1
1203,1,378.00,472.00,94.00,81.00,0.8975,1,1
1203,2,689.00,302.00,93.00,54.00,0.8455,1,1
1203,4,458.00,204.00,55.00,67.00,0.8935,1,1
1203,5,161.00,360.00,76.00,62.00,0.9390,1,1
1203,14,410.00,373.00,31.00,36.00,0.6999,1,1
1203,21,470.00,264.00,37.00,24.00,0.7039,1,1
1203,24,842.00,181.00,76.00,52.00,0.8747,1,1
1203,38,272.00,487.00,42.00,43.00,0.6852,1,1
1203,87,198.00,402.00,37.00,37.00,0.8846,1,1
1203,88,850.00,227.00,34.00,33.00,0.3572,1,1
1203,97,687.00,480.00,106.00,97.00,0.9235,1,1
1203,113,635.00,545.00,49.00,49.00,0.3697,1,1
1203,115,203.00,527.00,45.00,27.00,0.6415,1,1
1204,1,378.00,472.00,94.00,81.00,0.8998,1,1
1204,2,691.00,300.00,93.00,56.00,0.8883,1,1
1204,4,458.00,204.00,55.00,68.00,0.8950,1,1
1204,5,161.00,360.00,75.00,62.00,0.9244,1,1
1204,14,410.00,368.00,31.00,39.00,0.5866,1,1
1204,21,468.00,264.00,38.00,24.00,0.6681,1,1
1204,24,843.00,180.00,75.00,53.00,0.8820,1,1
1204,38,272.00,487.00,42.00,42.00,0.6765,1,1
1204,87,196.00,404.00,38.00,36.00,0.8693,1,1
1204,88,849.00,228.00,36.00,32.00,0.3326,1,1
1204,97,670.00,493.00,96.00,99.00,0.9483,1,1
1204,115,206.00,527.00,42.00,26.00,0.6422,1,1
1205,1,377.00,471.00,95.00,81.00,0.9034,1,1
1205,2,694.00,299.00,92.00,56.00,0.8998,1,1
1205,4,458.00,204.00,54.00,69.00,0.8945,1,1
1205,5,161.00,361.00,74.00,61.00,0.8800,1,1
1205,14,410.00,369.00,35.00,40.00,0.4318,1,1
1205,21,466.00,264.00,40.00,24.00,0.7101,1,1
1205,24,843.00,180.00,75.00,53.00,0.8875,1,1
1205,38,273.00,488.00,43.00,45.00,0.7382,1,1
1205,87,193.00,407.00,40.00,35.00,0.8247,1,1
1205,88,850.00,229.00,35.00,31.00,0.3382,1,1
1205,97,653.00,506.00,94.00,98.00,0.9515,1,1
1205,115,209.00,525.00,41.00,27.00,0.6035,1,1
1206,1,377.00,472.00,94.00,80.00,0.9055,1,1
1206,2,696.00,299.00,90.00,56.00,0.9037,1,1
1206,4,457.00,205.00,54.00,68.00,0.8920,1,1
1206,5,161.00,362.00,74.00,61.00,0.8719,1,1
1206,14,410.00,371.00,37.00,38.00,0.2961,1,1
1206,21,464.00,264.00,41.00,23.00,0.6773,1,1
1206,24,842.00,181.00,76.00,52.00,0.9000,1,1
1206,26,193.00,402.00,41.00,40.00,0.8715,1,1
1206,38,274.00,488.00,44.00,46.00,0.7376,1,1
1206,87,192.00,408.00,41.00,35.00,0.8247,1,1
1206,88,848.00,229.00,39.00,29.00,0.2674,1,1
1206,97,628.00,517.00,97.00,93.00,0.9370,1,1
1206,100,850.00,232.00,31.00,29.00,0.4132,1,1
1206,115,209.00,524.00,42.00,28.00,0.6035,1,1
1206,116,606.00,316.00,39.00,34.00,0.4791,1,1
1207,1,377.00,471.00,94.00,82.00,0.9030,1,1
1207,2,698.00,298.00,90.00,57.00,0.9036,1,1
1207,4,456.00,205.00,53.00,68.00,0.8987,1,1
1207,5,162.00,363.00,72.00,61.00,0.8794,1,1
1207,14,410.00,371.00,37.00,37.00,0.2984,1,1
1207,21,463.00,264.00,41.00,23.00,0.5898,1,1
1207,24,842.00,181.00,76.00,53.00,0.9109,1,1
1207,26,193.00,404.00,40.00,39.00,0.8572,1,1
1207,38,273.00,489.00,44.00,44.00,0.7797,1,1
1207,88,848.00,230.00,38.00,27.00,0.2723,1,1
1207,97,611.00,525.00,100.00,96.00,0.9445,1,1
1207,100,850.00,232.00,32.00,29.00,0.3978,1,1
1207,116,605.00,314.00,38.00,33.00,0.3470,1,1
1208,1,376.00,471.00,95.00,82.00,0.9025,1,1
1208,2,700.00,296.00,91.00,59.00,0.9254,1,1
1208,4,455.00,205.00,54.00,68.00,0.8955,1,1
1208,5,163.00,364.00,71.00,61.00,0.8730,1,1
1208,14,410.00,371.00,36.00,35.00,0.2638,1,1
1208,21,462.00,264.00,39.00,24.00,0.6068,1,1
1208,24,842.00,182.00,75.00,52.00,0.9138,1,1
1208,26,193.00,402.00,41.00,41.00,0.8467,1,1
1208,38,274.00,490.00,41.00,43.00,0.7709,1,1
1208,88,849.00,231.00,37.00,26.00,0.2614,1,1
1208,97,589.00,532.00,107.00,101.00,0.9219,1,1
1208,100,850.00,233.00,31.00,28.00,0.4210,1,1
1208,116,604.00,314.00,39.00,32.00,0.3470,1,1
1209,1,376.00,471.00,94.00,82.00,0.9009,1,1
1209,2,702.00,295.00,91.00,60.00,0.9342,1,1
1209,4,454.00,205.00,53.00,68.00,0.8998,1,1
1209,5,164.00,364.00,70.00,61.00,0.8671,1,1
1209,14,411.00,374.00,35.00,32.00,0.3653,1,1
1209,21,461.00,264.00,38.00,24.00,0.6775,1,1
1209,24,841.00,182.00,77.00,53.00,0.9137,1,1
1209,26,193.00,402.00,41.00,42.00,0.8467,1,1
1209,38,274.00,490.00,41.00,44.00,0.7649,1,1
1209,87,195.00,406.00,39.00,38.00,0.9111,1,1
1209,88,850.00,234.00,31.00,27.00,0.4622,1,1
1209,97,570.00,544.00,108.00,103.00,0.9378,1,1
1209,100,850.00,229.00,31.00,27.00,0.4210,1,1
1209,113,659.00,536.00,34.00,38.00,0.6001,1,1
1209,115,221.00,525.00,45.00,27.00,0.4672,1,1
1210,1,376.00,471.00,93.00,83.00,0.9029,1,1
1210,2,704.00,295.00,90.00,59.00,0.9373,1,1
1210,4,452.00,206.00,54.00,67.00,0.9015,1,1
1210,5,165.00,364.00,70.00,62.00,0.8595,1,1
1210,14,411.00,373.00,34.00,33.00,0.5573,1,1
1210,21,460.00,265.00,38.00,23.00,0.7426,1,1
1210,24,841.00,182.00,76.00,53.00,0.9214,1,1
1210,38,273.00,490.00,43.00,45.00,0.7528,1,1
1210,87,195.00,406.00,39.00,40.00,0.9359,1,1
1210,88,850.00,234.00,31.00,28.00,0.4772,1,1
1210,97,551.00,552.00,106.00,102.00,0.9236,1,1
1210,113,657.00,534.00,41.00,37.00,0.6261,1,1
1210,115,222.00,527.00,49.00,30.00,0.4806,1,1
1211,1,375.00,471.00,94.00,83.00,0.9032,1,1
1211,2,706.00,294.00,89.00,59.00,0.9360,1,1
1211,4,451.00,207.00,53.00,66.00,0.9045,1,1
1211,5,166.00,365.00,69.00,62.00,0.8651,1,1
1211,14,411.00,374.00,35.00,32.00,0.4465,1,1
1211,21,460.00,265.00,36.00,24.00,0.7440,1,1
1211,24,841.00,183.00,75.00,52.00,0.9232,1,1
1211,38,275.00,489.00,43.00,47.00,0.7080,1,1
1211,87,196.00,406.00,39.00,40.00,0.9581,1,1
1211,88,850.00,234.00,32.00,27.00,0.4711,1,1
1211,97,535.00,563.00,110.00,102.00,0.9433,1,1
1211,113,655.00,534.00,44.00,37.00,0.6504,1,1
1211,115,229.00,533.00,46.00,32.00,0.5956,1,1
1212,1,374.00,470.00,95.00,83.00,0.9019,1,1
1212,2,709.00,292.00,87.00,61.00,0.9272,1,1
1212,4,450.00,207.00,52.00,66.00,0.8993,1,1
1212,5,166.00,365.00,70.00,63.00,0.8760,1,1
1212,14,411.00,374.00,35.00,32.00,0.4198,1,1
1212,21,459.00,265.00,36.00,24.00,0.7140,1,1
1212,24,841.00,183.00,75.00,53.00,0.9263,1,1
1212,38,274.00,489.00,44.00,46.00,0.6281,1,1
1212,87,198.00,407.00,39.00,40.00,0.9568,1,1
1212,88,850.00,235.00,32.00,27.00,0.4903,1,1
1212,97,521.00,575.00,108.00,103.00,0.9472,1,1
1212,113,654.00,534.00,45.00,39.00,0.6780,1,1
1212,115,234.00,536.00,50.00,35.00,0.6389,1,1
1213,1,373.00,471.00,96.00,81.00,0.8954,1,1
1213,2,711.00,293.00,87.00,58.00,0.9129,1,1
1213,4,448.00,206.00,53.00,67.00,0.8932,1,1
1213,5,168.00,367.00,69.00,61.00,0.8993,1,1
1213,14,411.00,373.00,37.00,33.00,0.4195,1,1
1213,21,459.00,265.00,36.00,24.00,0.7279,1,1
1213,24,841.00,183.00,75.00,53.00,0.9275,1,1
1213,26,200.00,406.00,38.00,44.00,0.9475,1,1
1213,38,275.00,490.00,45.00,45.00,0.6758,1,1
1213,87,198.00,408.00,39.00,40.00,0.9568,1,1
1213,88,852.00,233.00,32.00,26.00,0.4700,1,1
1213,97,503.00,584.00,111.00,107.00,0.9202,1,1
1213,113,655.00,533.00,47.00,40.00,0.7073,1,1
1213,115,240.00,539.00,47.00,37.00,0.7610,1,1
1214,1,373.00,471.00,95.00,81.00,0.8908,1,1
1214,2,712.00,291.00,87.00,60.00,0.9249,1,1
1214,4,446.00,206.00,53.00,67.00,0.9092,1,1
1214,5,169.00,369.00,69.00,61.00,0.9077,1,1
1214,10,203.00,419.00,36.00,33.00,0.3644,1,1
1214,14,410.00,371.00,37.00,35.00,0.4859,1,1
1214,21,457.00,264.00,37.00,23.00,0.6736,1,1
1214,24,841.00,183.00,75.00,53.00,0.9262,1,1
1214,26,202.00,407.00,38.00,45.00,0.9209,1,1
1214,38,275.00,490.00,44.00,45.00,0.6897,1,1
1214,88,852.00,233.00,32.00,26.00,0.4794,1,1
1214,97,485.00,596.00,112.00,110.00,0.9377,1,1
1214,113,655.00,532.00,48.00,40.00,0.7005,1,1
1214,115,247.00,540.00,43.00,37.00,0.8101,1,1
1215,1,372.00,471.00,96.00,82.00,0.8966,1,1
1215,2,714.00,290.00,86.00,61.00,0.9253,1,1
1215,4,444.00,206.00,53.00,67.00,0.9076,1,1
1215,5,171.00,370.00,69.00,61.00,0.9080,1,1
1215,10,203.00,419.00,36.00,34.00,0.3644,1,1
1215,14,408.00,371.00,37.00,37.00,0.6271,1,1
1215,21,454.00,264.00,38.00,24.00,0.7145,1,1
1215,24,841.00,183.00,75.00,53.00,0.9276,1,1
1215,26,204.00,410.00,37.00,44.00,0.8524,1,1
1215,38,274.00,490.00,46.00,45.00,0.6954,1,1
1215,88,853.00,233.00,31.00,25.00,0.4855,1,1
1215,97,471.00,608.00,112.00,113.00,0.9164,1,1
1215,113,656.00,530.00,48.00,41.00,0.6183,1,1
1215,115,249.00,544.00,47.00,37.00,0.7528,1,1
1216,1,372.00,471.00,95.00,81.00,0.8975,1,1
1216,2,714.00,290.00,88.00,60.00,0.9188,1,1
1216,4,443.00,206.00,53.00,66.00,0.8917,1,1
1216,5,172.00,372.00,70.00,62.00,0.9002,1,1
1216,14,407.00,371.00,37.00,37.00,0.6673,1,1
1216,21,450.00,264.00,41.00,24.00,0.7159,1,1
1216,24,841.00,183.00,74.00,53.00,0.9280,1,1
1216,26,204.00,411.00,37.00,44.00,0.8524,1,1
1216,38,275.00,491.00,49.00,45.00,0.6663,1,1
1216,87,206.00,414.00,37.00,39.00,0.9109,1,1
1216,88,853.00,233.00,31.00,25.00,0.4999,1,1
1216,97,456.00,624.00,113.00,118.00,0.9430,1,1
1216,106,302.00,926.00,52.00,28.00,0.2788,1,1
1216,113,660.00,527.00,48.00,45.00,0.7459,1,1
1216,115,252.00,547.00,48.00,39.00,0.7774,1,1
1217,1,371.00,471.00,95.00,81.00,0.8961,1,1
1217,2,714.00,290.00,89.00,59.00,0.9207,1,1
1217,4,440.00,206.00,55.00,66.00,0.8914,1,1
1217,5,172.00,374.00,73.00,62.00,0.8759,1,1
1217,14,407.00,373.00,39.00,37.00,0.7487,1,1
1217,21,449.00,264.00,40.00,24.00,0.6881,1,1
1217,24,841.00,183.00,75.00,53.00,0.9284,1,1
1217,38,273.00,490.00,48.00,45.00,0.6793,1,1
1217,87,209.00,415.00,36.00,39.00,0.8877,1,1
1217,88,853.00,233.00,31.00,25.00,0.5173,1,1
1217,97,440.00,641.00,117.00,119.00,0.9117,1,1
1217,106,280.00,933.00,52.00,28.00,0.2788,1,1
1217,113,659.00,527.00,49.00,44.00,0.7535,1,1
1217,115,261.00,550.00,43.00,42.00,0.8683,1,1
1218,1,371.00,472.00,94.00,79.00,0.9036,1,1
1218,2,715.00,289.00,90.00,58.00,0.9181,1,1
1218,4,438.00,208.00,55.00,64.00,0.8989,1,1
1218,5,176.00,375.00,72.00,64.00,0.8828,1,1
1218,14,406.00,373.00,41.00,38.00,0.6624,1,1
1218,21,446.00,263.00,38.00,25.00,0.7243,1,1
1218,24,841.00,183.00,76.00,53.00,0.9273,1,1
1218,38,270.00,490.00,46.00,45.00,0.6680,1,1
1218,87,211.00,416.00,37.00,40.00,0.8669,1,1
1218,88,853.00,233.00,31.00,25.00,0.5003,1,1
1218,97,420.00,653.00,118.00,118.00,0.9248,1,1
1218,113,660.00,526.00,49.00,46.00,0.6829,1,1
1218,115,265.00,551.00,50.00,46.00,0.6746,1,1
1219,1,370.00,474.00,94.00,76.00,0.8866,1,1
1219,2,717.00,288.00,88.00,59.00,0.9133,1,1
1219,4,436.00,207.00,54.00,65.00,0.8838,1,1
1219,5,178.00,379.00,73.00,62.00,0.8921,1,1
1219,14,406.00,374.00,41.00,35.00,0.7834,1,1
1219,21,446.00,264.00,37.00,25.00,0.7999,1,1
1219,24,841.00,183.00,76.00,52.00,0.9313,1,1
1219,38,271.00,489.00,47.00,45.00,0.6381,1,1
1219,87,218.00,421.00,32.00,35.00,0.8557,1,1
1219,88,854.00,232.00,30.00,26.00,0.4280,1,1
1219,97,406.00,668.00,112.00,115.00,0.9220,1,1
1219,113,661.00,526.00,49.00,44.00,0.7160,1,1
1219,115,269.00,554.00,46.00,45.00,0.8470,1,1
1220,1,369.00,474.00,94.00,78.00,0.8859,1,1
1220,2,717.00,288.00,89.00,58.00,0.9048,1,1
1220,4,433.00,207.00,54.00,65.00,0.8939,1,1
1220,5,180.00,381.00,74.00,61.00,0.8949,1,1
1220,14,404.00,374.00,42.00,36.00,0.7464,1,1
1220,21,446.00,265.00,36.00,24.00,0.7812,1,1
1220,24,841.00,183.00,77.00,52.00,0.9288,1,1
1220,38,270.00,489.00,48.00,45.00,0.6143,1,1
1220,87,221.00,422.00,31.00,36.00,0.8119,1,1
1220,88,854.00,232.00,30.00,27.00,0.4157,1,1
1220,97,391.00,675.00,109.00,116.00,0.9305,1,1
1220,113,662.00,525.00,49.00,41.00,0.7497,1,1
1220,115,271.00,555.00,44.00,44.00,0.8608,1,1
1221,1,368.00,474.00,94.00,82.00,0.8868,1,1
1221,2,718.00,288.00,89.00,56.00,0.9079,1,1
1221,4,431.00,208.00,53.00,65.00,0.9095,1,1
1221,5,180.00,382.00,76.00,64.00,0.8909,1,1
1221,14,401.00,373.00,41.00,36.00,0.7603,1,1
1221,21,446.00,265.00,35.00,24.00,0.7786,1,1
1221,24,841.00,183.00,77.00,52.00,0.9279,1,1
1221,38,270.00,489.00,48.00,45.00,0.6050,1,1
1221,87,222.00,423.00,32.00,35.00,0.7913,1,1
1221,88,853.00,231.00,31.00,27.00,0.4218,1,1
1221,97,374.00,683.00,111.00,114.00,0.9369,1,1
1221,113,662.00,524.00,48.00,41.00,0.7956,1,1
1221,115,270.00,556.00,47.00,43.00,0.8572,1,1
1222,1,368.00,475.00,94.00,77.00,0.8841,1,1
1222,2,718.00,288.00,89.00,56.00,0.9055,1,1
1222,4,430.00,209.00,51.00,65.00,0.9115,1,1
1222,5,181.00,382.00,76.00,64.00,0.8821,1,1
1222,14,401.00,373.00,43.00,38.00,0.7330,1,1
1222,21,443.00,266.00,35.00,24.00,0.7413,1,1
1222,24,842.00,183.00,76.00,52.00,0.9268,1,1
1222,34,267.00,483.00,46.00,46.00,0.5201,1,1
1222,38,269.00,489.00,48.00,44.00,0.6113,1,1
1222,87,227.00,422.00,30.00,36.00,0.8116,1,1
1222,88,853.00,231.00,31.00,27.00,0.4059,1,1
1222,97,357.00,684.00,114.00,117.00,0.9115,1,1
1222,106,209.00,899.00,24.00,30.00,0.4064,1,1
1222,113,664.00,523.00,46.00,42.00,0.7916,1,1
1222,115,271.00,554.00,46.00,44.00,0.8514,1,1
1222,116,477.00,372.00,35.00,45.00,0.4367,1,1
1223,1,368.00,475.00,94.00,77.00,0.8821,1,1
1223,2,718.00,287.00,89.00,57.00,0.9040,1,1
1223,4,428.00,211.00,51.00,65.00,0.9058,1,1
1223,5,182.00,382.00,77.00,66.00,0.8808,1,1
1223,14,400.00,373.00,43.00,37.00,0.7507,1,1
1223,21,437.00,267.00,39.00,25.00,0.6679,1,1
1223,24,842.00,182.00,76.00,53.00,0.9268,1,1
1223,34,258.00,492.00,47.00,48.00,0.5201,1,1
1223,38,270.00,490.00,47.00,43.00,0.6322,1,1
1223,87,227.00,424.00,32.00,34.00,0.8512,1,1
1223,88,854.00,231.00,31.00,27.00,0.4220,1,1
1223,97,344.00,688.00,109.00,116.00,0.9261,1,1
1223,106,192.00,900.00,22.00,29.00,0.4064,1,1
1223,113,664.00,523.00,46.00,42.00,0.7596,1,1
1223,115,269.00,554.00,48.00,45.00,0.8116,1,1
1223,116,478.00,369.00,36.00,46.00,0.3209,1,1
1224,1,368.00,475.00,94.00,77.00,0.8798,1,1
1224,2,717.00,287.00,90.00,57.00,0.9041,1,1
1224,4,425.00,212.00,53.00,65.00,0.8981,1,1
1224,5,183.00,383.00,78.00,62.00,0.8894,1,1
1224,14,399.00,374.00,43.00,37.00,0.6210,1,1
1224,21,435.00,268.00,40.00,25.00,0.6606,1,1
1224,24,842.00,182.00,77.00,53.00,0.9261,1,1
1224,38,270.00,490.00,48.00,44.00,0.6523,1,1
1224,87,229.00,424.00,31.00,33.00,0.8537,1,1
1224,88,854.00,231.00,30.00,28.00,0.3821,1,1
1224,97,328.00,688.00,111.00,117.00,0.9125,1,1
1224,106,193.00,891.00,22.00,29.00,0.2838,1,1
1224,113,664.00,523.00,46.00,42.00,0.7124,1,1
1224,115,269.00,555.00,48.00,44.00,0.8276,1,1
1224,116,473.00,372.00,34.00,47.00,0.3209,1,1
1225,1,368.00,475.00,94.00,78.00,0.8836,1,1
1225,2,716.00,289.00,90.00,56.00,0.9071,1,1
1225,4,424.00,213.00,52.00,64.00,0.8968,1,1
1225,5,183.00,383.00,80.00,62.00,0.8927,1,1
1225,14,399.00,375.00,43.00,37.00,0.6214,1,1
1225,21,433.00,270.00,41.00,24.00,0.6626,1,1
1225,24,842.00,182.00,77.00,53.00,0.9229,1,1
1225,38,271.00,490.00,47.00,44.00,0.6582,1,1
1225,87,229.00,424.00,31.00,33.00,0.8318,1,1
1225,88,854.00,231.00,30.00,28.00,0.3271,1,1
1225,97,311.00,686.00,111.00,121.00,0.9338,1,1
1225,106,179.00,890.00,21.00,29.00,0.2838,1,1
1225,113,663.00,523.00,47.00,41.00,0.7037,1,1
1225,115,267.00,553.00,49.00,46.00,0.8018,1,1
1226,1,368.00,475.00,94.00,78.00,0.8878,1,1
1226,2,714.00,291.00,89.00,55.00,0.9171,1,1
1226,4,422.00,213.00,54.00,66.00,0.9109,1,1
1226,5,184.00,382.00,78.00,63.00,0.8894,1,1
1226,14,399.00,374.00,42.00,38.00,0.5419,1,1
1226,21,431.00,271.00,42.00,25.00,0.6268,1,1
1226,24,842.00,182.00,77.00,53.00,0.9195,1,1
1226,38,272.00,490.00,45.00,44.00,0.6487,1,1
1226,87,229.00,423.00,31.00,33.00,0.8486,1,1
1226,88,854.00,231.00,31.00,28.00,0.3517,1,1
1226,97,296.00,684.00,111.00,119.00,0.9229,1,1
1226,113,663.00,524.00,49.00,42.00,0.7076,1,1
1226,115,268.00,553.00,48.00,45.00,0.7871,1,1
1227,1,368.00,476.00,94.00,76.00,0.8912,1,1
1227,2,713.00,293.00,90.00,54.00,0.9160,1,1
1227,4,421.00,214.00,54.00,65.00,0.9143,1,1
1227,5,184.00,381.00,78.00,63.00,0.8864,1,1
1227,14,400.00,375.00,42.00,37.00,0.6676,1,1
1227,21,431.00,272.00,42.00,24.00,0.6243,1,1
1227,24,843.00,182.00,77.00,53.00,0.9142,1,1
1227,26,226.00,427.00,32.00,33.00,0.3243,1,1
1227,38,272.00,490.00,44.00,43.00,0.6732,1,1
1227,87,228.00,422.00,32.00,33.00,0.7424,1,1
1227,88,853.00,229.00,35.00,27.00,0.3557,1,1
1227,97,284.00,681.00,109.00,117.00,0.9523,1,1
1227,113,661.00,524.00,51.00,42.00,0.7859,1,1
1227,115,270.00,553.00,46.00,46.00,0.7955,1,1
1228,1,368.00,476.00,93.00,76.00,0.8893,1,1
1228,2,711.00,294.00,90.00,54.00,0.9105,1,1
1228,4,421.00,214.00,54.00,65.00,0.9178,1,1
1228,5,184.00,380.00,79.00,63.00,0.8874,1,1
1228,14,400.00,375.00,38.00,38.00,0.6922,1,1
1228,21,430.00,272.00,42.00,23.00,0.6225,1,1
1228,24,843.00,181.00,77.00,54.00,0.9110,1,1
1228,26,226.00,426.00,31.00,32.00,0.2784,1,1
1228,38,272.00,490.00,44.00,43.00,0.6773,1,1
1228,87,229.00,422.00,31.00,33.00,0.6465,1,1
1228,88,853.00,230.00,34.00,26.00,0.3513,1,1
1228,97,270.00,677.00,111.00,114.00,0.9576,1,1
1228,113,660.00,523.00,52.00,40.00,0.7846,1,1
1228,115,267.00,553.00,47.00,45.00,0.7307,1,1
1229,1,368.00,476.00,93.00,77.00,0.8815,1,1
1229,2,707.00,296.00,92.00,54.00,0.9300,1,1
1229,4,421.00,214.00,54.00,65.00,0.9218,1,1
1229,5,183.00,380.00,79.00,62.00,0.8844,1,1
1229,14,400.00,376.00,40.00,38.00,0.7748,1,1
1229,21,431.00,272.00,41.00,23.00,0.6077,1,1
1229,24,843.00,181.00,78.00,54.00,0.9073,1,1
1229,26,227.00,427.00,31.00,32.00,0.2784,1,1
1229,38,271.00,490.00,44.00,43.00,0.6626,1,1
1229,87,229.00,423.00,31.00,31.00,0.5477,1,1
1229,88,853.00,229.00,34.00,27.00,0.3901,1,1
1229,97,255.00,673.00,112.00,115.00,0.9424,1,1
1229,110,835.00,377.00,30.00,35.00,0.5644,1,1
1229,113,658.00,524.00,50.00,38.00,0.7683,1,1
1229,115,268.00,553.00,50.00,46.00,0.5872,1,1
1230,1,369.00,475.00,92.00,77.00,0.8854,1,1
1230,2,704.00,299.00,92.00,54.00,0.9237,1,1
1230,4,421.00,214.00,54.00,64.00,0.9255,1,1
1230,5,182.00,379.00,79.00,62.00,0.8780,1,1
1230,14,400.00,375.00,39.00,39.00,0.8001,1,1
1230,21,432.00,270.00,40.00,24.00,0.5997,1,1
1230,24,843.00,181.00,78.00,54.00,0.9004,1,1
1230,38,272.00,491.00,44.00,42.00,0.6390,1,1
1230,87,229.00,421.00,31.00,33.00,0.7001,1,1
1230,88,852.00,229.00,35.00,27.00,0.3849,1,1
1230,97,244.00,668.00,110.00,115.00,0.9200,1,1
1230,110,835.00,378.00,29.00,34.00,0.5251,1,1
1230,113,655.00,528.00,49.00,35.00,0.8130,1,1
1230,115,270.00,554.00,49.00,45.00,0.2749,1,1
1231,1,369.00,475.00,92.00,79.00,0.8907,1,1
1231,2,699.00,301.00,93.00,54.00,0.9064,1,1
1231,4,420.00,213.00,56.00,64.00,0.9279,1,1
1231,5,182.00,379.00,78.00,62.00,0.8813,1,1
1231,14,400.00,376.00,40.00,38.00,0.7982,1,1
1231,21,432.00,269.00,41.00,24.00,0.5886,1,1
1231,24,843.00,181.00,78.00,54.00,0.8870,1,1
1231,38,272.00,491.00,44.00,42.00,0.6272,1,1
1231,87,228.00,420.00,31.00,33.00,0.7080,1,1
1231,88,852.00,229.00,36.00,27.00,0.3938,1,1
1231,97,231.00,666.00,108.00,111.00,0.9466,1,1
1231,110,834.00,379.00,31.00,35.00,0.5640,1,1
1231,113,653.00,531.00,48.00,35.00,0.8308,1,1
1231,115,271.00,556.00,48.00,43.00,0.2732,1,1
1232,1,370.00,475.00,91.00,77.00,0.8869,1,1
1232,2,695.00,302.00,92.00,57.00,0.8096,1,1
1232,4,420.00,213.00,57.00,64.00,0.9278,1,1
1232,5,181.00,377.00,77.00,63.00,0.8821,1,1
1232,14,400.00,376.00,38.00,38.00,0.8003,1,1
1232,21,431.00,268.00,42.00,24.00,0.5959,1,1
1232,24,843.00,181.00,78.00,53.00,0.8860,1,1
1232,38,273.00,492.00,42.00,41.00,0.6066,1,1
1232,87,228.00,419.00,30.00,32.00,0.7170,1,1
1232,88,851.00,229.00,37.00,28.00,0.3628,1,1
1232,97,221.00,661.00,107.00,115.00,0.9374,1,1
1232,110,832.00,380.00,33.00,35.00,0.7368,1,1
1232,113,641.00,533.00,53.00,37.00,0.5950,1,1
1232,115,272.00,557.00,48.00,43.00,0.2732,1,1
1233,1,370.00,474.00,93.00,79.00,0.8792,1,1
1233,2,687.00,306.00,95.00,59.00,0.8391,1,1
1233,4,420.00,213.00,58.00,62.00,0.9263,1,1
1233,5,182.00,376.00,75.00,62.00,0.8842,1,1
1233,10,268.00,482.00,47.00,49.00,0.4057,1,1
1233,14,400.00,375.00,38.00,39.00,0.7151,1,1
1233,21,433.00,267.00,41.00,25.00,0.6188,1,1
1233,24,843.00,181.00,78.00,53.00,0.8657,1,1
1233,38,273.00,492.00,43.00,42.00,0.5863,1,1
1233,87,227.00,419.00,30.00,31.00,0.7195,1,1
1233,88,852.00,228.00,36.00,28.00,0.3849,1,1
1233,97,210.00,656.00,106.00,118.00,0.9209,1,1
1233,100,556.00,323.00,40.00,31.00,0.6102,1,1
1233,110,831.00,381.00,33.00,35.00,0.8096,1,1
1233,113,637.00,538.00,51.00,37.00,0.7722,1,1
1233,115,273.00,556.00,46.00,42.00,0.4128,1,1
1234,1,370.00,474.00,93.00,78.00,0.8792,1,1
1234,2,682.00,312.00,95.00,57.00,0.9169,1,1
1234,4,421.00,213.00,58.00,62.00,0.9147,1,1
1234,5,181.00,375.00,76.00,61.00,0.8793,1,1
1234,10,271.00,486.00,47.00,49.00,0.4057,1,1
1234,14,399.00,375.00,39.00,39.00,0.7043,1,1
1234,21,435.00,266.00,40.00,25.00,0.5550,1,1
1234,24,844.00,181.00,77.00,53.00,0.8742,1,1
1234,38,274.00,493.00,42.00,40.00,0.5991,1,1
1234,87,227.00,418.00,30.00,31.00,0.7186,1,1
1234,88,852.00,227.00,37.00,29.00,0.3382,1,1
1234,97,198.00,653.00,108.00,115.00,0.9259,1,1
1234,100,555.00,323.00,41.00,30.00,0.2654,1,1
1234,110,831.00,381.00,33.00,35.00,0.8177,1,1
1234,113,629.00,540.00,51.00,37.00,0.8617,1,1
1234,115,274.00,559.00,44.00,39.00,0.6334,1,1
1235,1,371.00,474.00,93.00,78.00,0.8701,1,1
1235,2,673.00,315.00,96.00,59.00,0.8897,1,1
1235,4,422.00,214.00,59.00,60.00,0.8766,1,1
1235,5,181.00,374.00,76.00,62.00,0.8883,1,1
1235,10,268.00,485.00,48.00,46.00,0.3317,1,1
1235,14,399.00,375.00,40.00,39.00,0.7290,1,1
1235,21,439.00,266.00,38.00,24.00,0.6119,1,1
1235,24,844.00,181.00,77.00,52.00,0.8775,1,1
1235,38,274.00,493.00,42.00,41.00,0.5963,1,1
1235,87,227.00,417.00,28.00,31.00,0.6920,1,1
1235,88,853.00,227.00,35.00,28.00,0.3292,1,1
1235,97,191.00,649.00,104.00,113.00,0.9378,1,1
1235,100,545.00,326.00,42.00,31.00,0.2654,1,1
1235,110,831.00,380.00,33.00,36.00,0.8260,1,1
1235,113,625.00,543.00,47.00,41.00,0.7881,1,1
1235,115,274.00,559.00,44.00,39.00,0.5524,1,1
1236,1,372.00,474.00,93.00,80.00,0.8730,1,1
1236,2,668.00,319.00,94.00,59.00,0.9407,1,1
1236,4,424.00,213.00,57.00,60.00,0.8803,1,1
1236,5,180.00,374.00,76.00,62.00,0.9019,1,1
1236,10,268.00,485.00,48.00,46.00,0.3289,1,1
1236,14,400.00,375.00,39.00,39.00,0.7125,1,1
1236,21,441.00,265.00,36.00,25.00,0.5945,1,1
1236,24,844.00,181.00,77.00,52.00,0.8735,1,1
1236,38,274.00,493.00,43.00,41.00,0.6060,1,1
1236,87,226.00,417.00,28.00,31.00,0.7379,1,1
1236,88,853.00,227.00,35.00,29.00,0.3276,1,1
1236,97,184.00,644.00,100.00,113.00,0.9538,1,1
1236,110,831.00,380.00,32.00,35.00,0.8124,1,1
1236,113,618.00,549.00,47.00,38.00,0.8242,1,1
1236,115,269.00,556.00,49.00,42.00,0.4045,1,1
1237,1,372.00,473.00,94.00,79.00,0.8639,1,1
1237,2,660.00,323.00,96.00,58.00,0.9233,1,1
1237,4,425.00,212.00,56.00,61.00,0.8842,1,1
1237,5,180.00,374.00,76.00,61.00,0.9120,1,1
1237,10,271.00,487.00,48.00,47.00,0.3289,1,1
1237,14,400.00,375.00,39.00,39.00,0.6132,1,1
1237,21,441.00,265.00,37.00,25.00,0.5984,1,1
1237,24,844.00,181.00,77.00,52.00,0.8759,1,1
1237,26,222.00,420.00,30.00,28.00,0.7005,1,1
1237,38,273.00,491.00,43.00,43.00,0.6311,1,1
1237,87,226.00,416.00,28.00,31.00,0.7379,1,1
1237,88,854.00,228.00,32.00,30.00,0.3298,1,1
1237,97,175.00,635.00,103.00,114.00,0.9295,1,1
1237,110,830.00,380.00,33.00,35.00,0.8085,1,1
1237,113,614.00,551.00,48.00,38.00,0.8242,1,1
1237,115,266.00,556.00,50.00,40.00,0.5940,1,1
1238,1,373.00,472.00,93.00,79.00,0.8743,1,1
1238,2,655.00,328.00,94.00,59.00,0.8862,1,1
1238,4,427.00,211.00,55.00,62.00,0.8945,1,1
1238,5,180.00,374.00,76.00,59.00,0.9256,1,1
1238,10,268.00,484.00,48.00,47.00,0.2554,1,1
1238,14,402.00,375.00,39.00,38.00,0.5844,1,1
1238,21,442.00,265.00,36.00,25.00,0.6288,1,1
1238,24,844.00,180.00,77.00,53.00,0.8856,1,1
1238,26,220.00,422.00,32.00,28.00,0.7747,1,1
1238,38,274.00,493.00,43.00,41.00,0.6089,1,1
1238,88,852.00,226.00,36.00,30.00,0.3960,1,1
1238,97,168.00,630.00,101.00,111.00,0.9531,1,1
1238,110,830.00,380.00,33.00,35.00,0.7799,1,1
1238,115,263.00,554.00,55.00,43.00,0.7068,1,1
1239,1,373.00,471.00,95.00,78.00,0.8873,1,1
1239,2,647.00,331.00,93.00,62.00,0.9117,1,1
1239,4,428.00,209.00,53.00,64.00,0.9044,1,1
1239,5,182.00,375.00,73.00,57.00,0.9197,1,1
1239,10,270.00,486.00,48.00,47.00,0.2554,1,1
1239,14,402.00,375.00,38.00,37.00,0.5715,1,1
1239,21,442.00,265.00,36.00,25.00,0.6386,1,1
1239,24,844.00,181.00,77.00,52.00,0.8795,1,1
1239,26,220.00,422.00,32.00,28.00,0.7747,1,1
1239,38,275.00,493.00,42.00,40.00,0.6325,1,1
1239,87,217.00,421.00,35.00,30.00,0.7526,1,1
1239,88,852.00,227.00,36.00,29.00,0.3691,1,1
1239,97,160.00,627.00,102.00,108.00,0.9291,1,1
1239,110,830.00,380.00,33.00,35.00,0.7471,1,1
1239,115,263.00,555.00,56.00,42.00,0.6040,1,1
1240,1,375.00,470.00,95.00,78.00,0.8993,1,1
1240,2,639.00,334.00,96.00,63.00,0.9260,1,1
1240,4,429.00,208.00,52.00,65.00,0.9096,1,1
1240,5,180.00,374.00,74.00,58.00,0.9325,1,1
1240,14,397.00,373.00,35.00,36.00,0.4073,1,1
1240,21,442.00,265.00,36.00,25.00,0.6587,1,1
1240,24,843.00,181.00,78.00,53.00,0.8822,1,1
1240,38,275.00,493.00,43.00,40.00,0.6365,1,1
1240,87,216.00,419.00,35.00,33.00,0.8097,1,1
1240,88,852.00,227.00,36.00,29.00,0.3616,1,1
1240,97,155.00,623.00,99.00,107.00,0.9570,1,1
1240,110,830.00,380.00,32.00,35.00,0.6349,1,1
1240,115,263.00,556.00,56.00,41.00,0.5461,1,1
1240,116,831.00,380.00,32.00,33.00,0.2560,1,1
1241,1,376.00,469.00,95.00,77.00,0.9017,1,1
1241,2,633.00,337.00,95.00,63.00,0.9257,1,1
1241,4,429.00,208.00,52.00,65.00,0.9086,1,1
1241,5,182.00,375.00,72.00,57.00,0.9280,1,1
1241,14,397.00,373.00,34.00,36.00,0.4383,1,1
1241,21,442.00,265.00,36.00,25.00,0.6642,1,1
1241,24,843.00,180.00,78.00,53.00,0.8873,1,1
1241,34,487.00,360.00,35.00,41.00,0.3293,1,1
1241,38,275.00,492.00,42.00,41.00,0.6190,1,1
1241,87,214.00,418.00,36.00,35.00,0.8564,1,1
1241,88,854.00,227.00,32.00,31.00,0.3744,1,1
1241,97,148.00,620.00,94.00,108.00,0.9440,1,1
1241,110,830.00,380.00,32.00,35.00,0.5753,1,1
1241,115,264.00,556.00,54.00,41.00,0.6873,1,1
1241,116,851.00,381.00,32.00,32.00,0.2560,1,1
1242,1,378.00,468.00,94.00,77.00,0.9043,1,1
1242,2,628.00,341.00,93.00,64.00,0.9012,1,1
1242,4,430.00,208.00,51.00,66.00,0.9082,1,1
1242,5,181.00,375.00,72.00,57.00,0.9226,1,1
1242,14,398.00,373.00,37.00,37.00,0.4016,1,1
1242,21,441.00,265.00,38.00,25.00,0.6836,1,1
1242,24,844.00,181.00,77.00,52.00,0.8869,1,1
1242,34,498.00,354.00,35.00,41.00,0.3293,1,1
1242,38,275.00,493.00,46.00,40.00,0.6383,1,1
1242,87,212.00,416.00,37.00,38.00,0.8524,1,1
1242,88,854.00,227.00,32.00,32.00,0.3640,1,1
1242,97,138.00,619.00,94.00,107.00,0.9394,1,1
1242,110,830.00,380.00,32.00,35.00,0.5704,1,1
1242,113,591.00,565.00,36.00,38.00,0.4986,1,1
1242,115,263.00,555.00,55.00,42.00,0.6551,1,1
1243,1,382.00,467.00,92.00,75.00,0.9050,1,1
1243,2,623.00,344.00,92.00,62.00,0.9175,1,1
1243,4,430.00,208.00,51.00,66.00,0.9083,1,1
1243,5,180.00,375.00,72.00,57.00,0.9273,1,1
1243,14,398.00,373.00,38.00,37.00,0.4540,1,1
1243,21,439.00,265.00,39.00,25.00,0.6618,1,1
1243,24,844.00,181.00,78.00,52.00,0.8907,1,1
1243,38,275.00,493.00,45.00,40.00,0.6318,1,1
1243,87,211.00,416.00,38.00,39.00,0.8570,1,1
1243,88,854.00,226.00,32.00,33.00,0.3453,1,1
1243,97,132.00,620.00,93.00,106.00,0.9650,1,1
1243,110,830.00,380.00,32.00,35.00,0.4958,1,1
1243,113,590.00,568.00,36.00,37.00,0.4377,1,1
1243,115,262.00,555.00,55.00,42.00,0.5999,1,1
1244,1,384.00,464.00,92.00,77.00,0.9205,1,1
1244,2,617.00,344.00,94.00,66.00,0.9201,1,1
1244,4,429.00,208.00,52.00,66.00,0.9082,1,1
1244,5,179.00,375.00,73.00,57.00,0.9254,1,1
1244,14,398.00,373.00,37.00,37.00,0.5251,1,1
1244,21,438.00,265.00,40.00,26.00,0.6614,1,1
1244,24,844.00,180.00,77.00,53.00,0.8918,1,1
1244,34,480.00,368.00,35.00,47.00,0.4764,1,1
1244,38,275.00,492.00,45.00,41.00,0.6673,1,1
1244,87,211.00,415.00,37.00,40.00,0.8495,1,1
1244,88,854.00,226.00,32.00,33.00,0.3579,1,1
1244,97,122.00,621.00,96.00,107.00,0.9486,1,1
1244,110,830.00,380.00,32.00,35.00,0.4621,1,1
1244,113,586.00,571.00,35.00,36.00,0.4377,1,1
1244,115,261.00,555.00,56.00,40.00,0.4883,1,1
1244,116,831.00,381.00,31.00,34.00,0.2872,1,1
1245,1,386.00,464.00,91.00,75.00,0.9130,1,1
1245,2,614.00,347.00,94.00,67.00,0.9209,1,1
1245,4,429.00,208.00,51.00,66.00,0.9080,1,1
1245,5,178.00,376.00,73.00,57.00,0.9206,1,1
1245,14,397.00,373.00,39.00,37.00,0.5968,1,1
1245,21,437.00,265.00,40.00,26.00,0.6358,1,1
1245,24,844.00,180.00,78.00,54.00,0.8895,1,1
1245,34,480.00,371.00,34.00,44.00,0.4593,1,1
1245,38,275.00,492.00,44.00,41.00,0.7032,1,1
1245,87,210.00,415.00,38.00,40.00,0.8506,1,1
1245,88,854.00,227.00,32.00,33.00,0.3299,1,1
1245,97,112.00,622.00,95.00,107.00,0.9502,1,1
1245,110,830.00,381.00,32.00,34.00,0.5013,1,1
1245,115,262.00,555.00,55.00,40.00,0.6421,1,1
1245,116,831.00,382.00,31.00,33.00,0.2723,1,1
1246,1,387.00,464.00,92.00,74.00,0.9106,1,1
1246,2,609.00,350.00,94.00,67.00,0.9308,1,1
1246,4,428.00,209.00,52.00,65.00,0.9064,1,1
1246,5,178.00,376.00,72.00,57.00,0.9186,1,1
1246,14,397.00,373.00,41.00,39.00,0.6558,1,1
1246,21,436.00,265.00,41.00,26.00,0.6503,1,1
1246,24,844.00,180.00,78.00,53.00,0.8870,1,1
1246,34,481.00,370.00,33.00,45.00,0.4563,1,1
1246,38,275.00,493.00,45.00,40.00,0.7053,1,1
1246,87,209.00,417.00,37.00,38.00,0.8215,1,1
1246,88,854.00,227.00,33.00,32.00,0.3281,1,1
1246,97,103.00,627.00,95.00,107.00,0.9499,1,1
1246,110,831.00,380.00,32.00,35.00,0.4623,1,1
1246,115,261.00,554.00,56.00,42.00,0.7443,1,1
1246,116,831.00,380.00,33.00,32.00,0.3525,1,1
1247,1,389.00,461.00,92.00,75.00,0.9079,1,1
1247,2,605.00,352.00,95.00,66.00,0.9310,1,1
1247,4,427.00,210.00,51.00,64.00,0.9073,1,1
1247,5,176.00,376.00,74.00,58.00,0.8959,1,1
1247,14,397.00,373.00,42.00,39.00,0.6200,1,1
1247,21,434.00,265.00,41.00,28.00,0.6817,1,1
1247,24,844.00,180.00,78.00,53.00,0.8874,1,1
1247,34,481.00,370.00,34.00,45.00,0.5372,1,1
1247,38,275.00,493.00,46.00,40.00,0.7244,1,1
1247,87,208.00,417.00,37.00,38.00,0.8224,1,1
1247,88,854.00,227.00,33.00,32.00,0.3383,1,1
1247,97,95.00,634.00,96.00,109.00,0.9475,1,1
1247,110,831.00,380.00,32.00,35.00,0.3820,1,1
1247,115,259.00,553.00,57.00,41.00,0.7717,1,1
1247,116,832.00,379.00,33.00,33.00,0.4071,1,1
1248,1,392.00,460.00,90.00,74.00,0.9137,1,1
1248,2,602.00,354.00,95.00,68.00,0.9046,1,1
1248,4,426.00,210.00,51.00,65.00,0.9058,1,1
1248,5,175.00,376.00,74.00,59.00,0.8924,1,1
1248,14,398.00,374.00,43.00,38.00,0.5959,1,1
1248,21,434.00,266.00,40.00,27.00,0.7179,1,1
1248,24,844.00,180.00,77.00,54.00,0.8855,1,1
1248,34,480.00,371.00,34.00,45.00,0.4339,1,1
1248,38,275.00,493.00,46.00,40.00,0.7371,1,1
1248,87,206.00,419.00,38.00,37.00,0.7904,1,1
1248,88,854.00,227.00,33.00,32.00,0.3185,1,1
1248,97,88.00,641.00,94.00,109.00,0.9057,1,1
1248,110,831.00,380.00,32.00,35.00,0.3430,1,1
1248,115,260.00,552.00,57.00,42.00,0.6790,1,1
1248,116,832.00,379.00,33.00,33.00,0.4091,1,1
1249,1,393.00,459.00,89.00,74.00,0.9136,1,1
1249,2,599.00,354.00,92.00,70.00,0.9171,1,1
1249,4,424.00,211.00,52.00,63.00,0.8997,1,1
1249,5,174.00,377.00,73.00,57.00,0.8645,1,1
1249,14,398.00,374.00,45.00,38.00,0.6105,1,1
1249,21,432.00,265.00,40.00,27.00,0.7816,1,1
1249,24,844.00,181.00,77.00,53.00,0.8842,1,1
1249,34,480.00,371.00,34.00,45.00,0.4137,1,1
1249,38,275.00,493.00,45.00,40.00,0.7300,1,1
1249,87,206.00,419.00,37.00,37.00,0.8054,1,1
1249,88,854.00,227.00,32.00,32.00,0.2795,1,1
1249,97,81.00,647.00,91.00,107.00,0.9457,1,1
1249,110,831.00,380.00,33.00,35.00,0.3715,1,1
1249,115,258.00,553.00,59.00,41.00,0.6690,1,1
1249,116,832.00,380.00,33.00,32.00,0.4381,1,1
1250,1,394.00,457.00,90.00,76.00,0.9138,1,1
1250,2,597.00,356.00,92.00,70.00,0.9338,1,1
1250,4,423.00,211.00,53.00,64.00,0.8948,1,1
1250,5,173.00,376.00,73.00,57.00,0.8583,1,1
1250,14,397.00,373.00,47.00,39.00,0.6303,1,1
1250,21,432.00,266.00,40.00,26.00,0.7933,1,1
1250,24,844.00,182.00,78.00,54.00,0.8934,1,1
1250,34,480.00,371.00,34.00,44.00,0.2832,1,1
1250,38,275.00,493.00,46.00,40.00,0.7013,1,1
1250,87,206.00,419.00,37.00,36.00,0.8175,1,1
1250,88,854.00,228.00,33.00,32.00,0.3137,1,1
1250,97,74.00,652.00,91.00,105.00,0.9474,1,1
1250,110,831.00,380.00,33.00,35.00,0.3434,1,1
1250,115,257.00,553.00,58.00,41.00,0.4042,1,1
1250,116,832.00,380.00,33.00,32.00,0.4627,1,1
1251,1,395.00,456.00,89.00,76.00,0.9126,1,1
1251,2,592.00,357.00,94.00,73.00,0.9168,1,1
1251,4,421.00,211.00,53.00,64.00,0.9042,1,1
1251,5,172.00,377.00,74.00,55.00,0.8584,1,1
1251,14,397.00,373.00,46.00,39.00,0.6403,1,1
1251,21,432.00,267.00,38.00,25.00,0.7747,1,1
1251,24,845.00,182.00,77.00,55.00,0.9075,1,1
1251,34,486.00,370.00,34.00,45.00,0.2832,1,1
1251,38,275.00,493.00,44.00,40.00,0.6986,1,1
1251,87,205.00,420.00,37.00,35.00,0.7702,1,1
1251,88,855.00,228.00,32.00,31.00,0.3087,1,1
1251,97,67.00,656.00,92.00,103.00,0.9266,1,1
1251,100,534.00,482.00,40.00,35.00,0.2827,1,1
1251,110,831.00,380.00,33.00,35.00,0.3165,1,1
1251,115,256.00,553.00,59.00,41.00,0.4042,1,1
1251,116,832.00,380.00,34.00,32.00,0.4444,1,1
1252,1,396.00,456.00,89.00,74.00,0.9156,1,1
1252,2,591.00,358.00,94.00,73.00,0.9357,1,1
1252,4,420.00,212.00,53.00,63.00,0.9131,1,1
1252,5,172.00,377.00,73.00,55.00,0.8659,1,1
1252,14,395.00,373.00,49.00,40.00,0.6912,1,1
1252,21,432.00,268.00,37.00,25.00,0.7891,1,1
1252,24,845.00,183.00,77.00,54.00,0.9115,1,1
1252,38,275.00,493.00,44.00,39.00,0.7132,1,1
1252,87,204.00,421.00,38.00,34.00,0.7845,1,1
1252,88,856.00,230.00,32.00,29.00,0.2916,1,1
1252,97,62.00,659.00,91.00,103.00,0.9402,1,1
1252,100,534.00,483.00,40.00,35.00,0.3787,1,1
1252,110,831.00,380.00,33.00,35.00,0.2718,1,1
1252,116,832.00,380.00,34.00,32.00,0.4024,1,1
1253,1,398.00,455.00,88.00,74.00,0.8938,1,1
1253,2,588.00,360.00,96.00,72.00,0.9466,1,1
1253,4,418.00,212.00,53.00,64.00,0.9139,1,1
1253,5,171.00,376.00,73.00,57.00,0.8670,1,1
1253,14,395.00,373.00,49.00,40.00,0.6761,1,1
1253,21,432.00,267.00,36.00,26.00,0.7703,1,1
1253,24,846.00,183.00,75.00,55.00,0.9174,1,1
1253,38,275.00,493.00,44.00,39.00,0.6961,1,1
1253,87,204.00,420.00,37.00,35.00,0.7647,1,1
1253,88,857.00,232.00,33.00,29.00,0.2998,1,1
1253,97,59.00,660.00,90.00,102.00,0.9236,1,1
1253,100,533.00,484.00,39.00,34.00,0.6115,1,1
1253,110,831.00,380.00,32.00,35.00,0.3529,1,1
1253,116,832.00,380.00,33.00,32.00,0.3865,1,1
1254,1,398.00,454.00,89.00,74.00,0.8829,1,1
1254,2,586.00,362.00,95.00,72.00,0.9407,1,1
1254,4,418.00,212.00,51.00,64.00,0.9089,1,1
1254,5,171.00,376.00,73.00,56.00,0.8608,1,1
1254,14,397.00,376.00,48.00,39.00,0.6847,1,1
1254,21,431.00,268.00,36.00,25.00,0.7328,1,1
1254,24,845.00,184.00,76.00,55.00,0.9191,1,1
1254,38,275.00,493.00,42.00,40.00,0.6989,1,1
1254,87,204.00,419.00,37.00,37.00,0.7722,1,1
1254,88,856.00,234.00,31.00,29.00,0.4101,1,1
1254,97,59.00,660.00,88.00,102.00,0.9263,1,1
1254,100,534.00,485.00,36.00,32.00,0.6872,1,1
1254,110,830.00,380.00,33.00,35.00,0.2934,1,1
1254,115,251.00,554.00,48.00,31.00,0.5016,1,1
1254,116,832.00,380.00,33.00,31.00,0.3332,1,1
1255,1,398.00,453.00,90.00,75.00,0.8828,1,1
1255,2,584.00,364.00,94.00,71.00,0.9387,1,1
1255,4,416.00,212.00,52.00,63.00,0.9038,1,1
1255,5,172.00,376.00,73.00,56.00,0.8873,1,1
1255,14,398.00,376.00,43.00,38.00,0.7964,1,1
1255,21,428.00,268.00,38.00,26.00,0.7366,1,1
1255,24,844.00,186.00,76.00,54.00,0.9118,1,1
1255,38,275.00,493.00,42.00,40.00,0.7144,1,1
1255,87,203.00,419.00,38.00,37.00,0.7682,1,1
1255,88,855.00,235.00,32.00,30.00,0.6290,1,1
1255,97,57.00,660.00,87.00,104.00,0.9262,1,1
1255,100,533.00,485.00,37.00,32.00,0.7086,1,1
1255,110,831.00,381.00,33.00,34.00,0.4625,1,1
1255,115,248.00,553.00,44.00,29.00,0.6276,1,1
1255,116,837.00,381.00,34.00,30.00,0.3332,1,1
1256,1,398.00,452.00,90.00,76.00,0.8676,1,1
1256,2,583.00,365.00,93.00,71.00,0.9430,1,1
1256,4,415.00,213.00,52.00,63.00,0.9015,1,1
1256,5,171.00,375.00,74.00,57.00,0.9061,1,1
1256,14,397.00,377.00,41.00,37.00,0.7847,1,1
1256,21,425.00,269.00,39.00,26.00,0.7615,1,1
1256,24,844.00,187.00,76.00,54.00,0.9190,1,1
1256,38,275.00,493.00,42.00,40.00,0.7191,1,1
1256,87,203.00,419.00,38.00,36.00,0.8135,1,1
1256,88,855.00,236.00,31.00,31.00,0.5469,1,1
1256,97,57.00,660.00,86.00,103.00,0.9249,1,1
1256,100,533.00,485.00,36.00,31.00,0.7512,1,1
1256,110,831.00,381.00,33.00,34.00,0.4836,1,1
1256,115,248.00,552.00,40.00,28.00,0.4421,1,1
1257,1,399.00,451.00,89.00,76.00,0.8716,1,1
1257,2,583.00,366.00,91.00,72.00,0.9449,1,1
1257,4,413.00,214.00,53.00,63.00,0.8945,1,1
1257,5,172.00,375.00,72.00,57.00,0.9064,1,1
1257,14,397.00,379.00,40.00,36.00,0.4623,1,1
1257,21,422.00,270.00,40.00,29.00,0.7536,1,1
1257,24,843.00,188.00,77.00,54.00,0.9278,1,1
1257,38,275.00,493.00,42.00,41.00,0.7381,1,1
1257,87,203.00,418.00,38.00,36.00,0.8172,1,1
1257,88,855.00,238.00,30.00,30.00,0.4137,1,1
1257,97,56.00,659.00,88.00,104.00,0.9243,1,1
1257,100,533.00,485.00,36.00,31.00,0.7614,1,1
1257,110,831.00,380.00,34.00,35.00,0.5458,1,1
1257,115,249.00,552.00,35.00,29.00,0.6831,1,1
1258,1,400.00,450.00,89.00,76.00,0.8579,1,1
1258,2,581.00,366.00,92.00,72.00,0.9382,1,1
1258,4,410.00,216.00,53.00,61.00,0.8764,1,1
1258,5,172.00,373.00,71.00,58.00,0.9152,1,1
1258,14,394.00,381.00,40.00,37.00,0.6130,1,1
1258,21,420.00,272.00,40.00,28.00,0.7020,1,1
1258,24,843.00,188.00,77.00,55.00,0.9362,1,1
1258,38,275.00,492.00,42.00,42.00,0.7283,1,1
1258,87,202.00,417.00,38.00,37.00,0.8099,1,1
1258,88,854.00,238.00,31.00,31.00,0.3608,1,1
1258,97,57.00,658.00,88.00,104.00,0.9267,1,1
1258,100,533.00,485.00,37.00,32.00,0.7030,1,1
1258,110,831.00,378.00,35.00,35.00,0.5643,1,1
1258,115,248.00,552.00,38.00,30.00,0.3101,1,1
1259,1,400.00,449.00,89.00,77.00,0.8391,1,1
1259,2,581.00,367.00,90.00,73.00,0.9226,1,1
1259,4,407.00,218.00,52.00,60.00,0.8908,1,1
1259,5,172.00,373.00,70.00,58.00,0.9173,1,1
1259,14,391.00,384.00,41.00,38.00,0.6277,1,1
1259,21,418.00,275.00,39.00,26.00,0.6221,1,1
1259,24,842.00,189.00,77.00,55.00,0.9378,1,1
1259,38,275.00,492.00,42.00,42.00,0.7320,1,1
1259,87,201.00,416.00,38.00,38.00,0.8239,1,1
1259,88,852.00,239.00,31.00,32.00,0.4875,1,1
1259,97,57.00,657.00,90.00,104.00,0.9297,1,1
1259,100,533.00,485.00,36.00,32.00,0.6861,1,1
1259,110,831.00,378.00,35.00,35.00,0.5643,1,1
1259,115,247.00,551.00,37.00,30.00,0.3101,1,1
1259,116,832.00,377.00,37.00,32.00,0.5763,1,1
1260,1,400.00,448.00,90.00,77.00,0.8400,1,1
1260,2,579.00,367.00,91.00,73.00,0.9070,1,1
1260,4,403.00,220.00,52.00,60.00,0.9279,1,1
1260,5,172.00,372.00,69.00,58.00,0.9153,1,1
1260,14,386.00,387.00,45.00,41.00,0.6788,1,1
1260,21,415.00,277.00,38.00,27.00,0.7660,1,1
1260,24,841.00,190.00,77.00,56.00,0.9279,1,1
1260,38,274.00,492.00,42.00,42.00,0.7152,1,1
1260,87,200.00,415.00,39.00,39.00,0.8194,1,1
1260,88,851.00,239.00,33.00,33.00,0.6364,1,1
1260,97,57.00,656.00,90.00,104.00,0.9350,1,1
1260,100,533.00,485.00,36.00,31.00,0.6914,1,1
1260,116,835.00,375.00,34.00,30.00,0.6392,1,1
1261,1,399.00,447.00,91.00,78.00,0.8280,1,1
1261,2,578.00,367.00,90.00,74.00,0.9006,1,1
1261,4,400.00,224.00,51.00,58.00,0.9260,1,1
1261,5,171.00,372.00,70.00,57.00,0.9197,1,1
1261,14,385.00,391.00,47.00,43.00,0.6423,1,1
1261,21,411.00,279.00,38.00,26.00,0.8704,1,1
1261,24,841.00,192.00,75.00,55.00,0.9110,1,1
1261,38,274.00,491.00,42.00,43.00,0.7189,1,1
1261,87,199.00,414.00,40.00,39.00,0.8643,1,1
1261,88,848.00,240.00,33.00,32.00,0.6426,1,1
1261,97,58.00,653.00,93.00,105.00,0.9471,1,1
1261,100,533.00,483.00,36.00,31.00,0.6491,1,1
1261,115,241.00,544.00,36.00,33.00,0.4876,1,1
1261,116,833.00,376.00,35.00,29.00,0.7383,1,1
1262,1,399.00,446.00,92.00,77.00,0.8314,1,1
1262,2,576.00,367.00,89.00,75.00,0.9071,1,1
1262,4,395.00,227.00,53.00,56.00,0.8956,1,1
1262,5,170.00,371.00,71.00,57.00,0.9177,1,1
1262,14,382.00,395.00,56.00,42.00,0.5033,1,1
1262,21,405.00,280.00,40.00,28.00,0.8895,1,1
1262,24,839.00,192.00,74.00,57.00,0.9127,1,1
1262,38,274.00,491.00,41.00,43.00,0.7364,1,1
1262,87,199.00,413.00,39.00,39.00,0.9207,1,1
1262,88,848.00,242.00,32.00,31.00,0.5663,1,1
1262,97,60.00,652.00,92.00,105.00,0.9481,1,1
1262,100,533.00,483.00,34.00,30.00,0.7692,1,1
1262,115,244.00,544.00,32.00,33.00,0.5343,1,1
1262,116,838.00,375.00,29.00,28.00,0.6195,1,1
1263,1,400.00,445.00,91.00,78.00,0.8277,1,1
1263,2,575.00,368.00,93.00,74.00,0.9261,1,1
1263,4,390.00,229.00,54.00,58.00,0.8904,1,1
1263,5,170.00,371.00,70.00,56.00,0.9151,1,1
1263,14,383.00,400.00,50.00,44.00,0.7398,1,1
1263,21,401.00,281.00,41.00,29.00,0.8586,1,1
1263,24,838.00,193.00,75.00,57.00,0.9073,1,1
1263,38,274.00,491.00,42.00,44.00,0.7585,1,1
1263,87,198.00,412.00,39.00,39.00,0.9337,1,1
1263,88,848.00,245.00,28.00,29.00,0.6006,1,1
1263,97,61.00,650.00,94.00,107.00,0.9525,1,1
1263,100,533.00,481.00,33.00,32.00,0.7862,1,1
1263,115,242.00,542.00,33.00,34.00,0.5416,1,1
1263,116,837.00,376.00,28.00,27.00,0.6204,1,1
1264,1,398.00,447.00,92.00,75.00,0.8577,1,1
1264,2,572.00,370.00,93.00,73.00,0.9407,1,1
1264,4,386.00,233.00,54.00,57.00,0.8750,1,1
1264,5,170.00,370.00,70.00,57.00,0.9120,1,1
1264,14,384.00,404.00,41.00,43.00,0.8970,1,1
1264,21,397.00,285.00,41.00,31.00,0.7104,1,1
1264,24,837.00,194.00,76.00,57.00,0.9341,1,1
1264,38,273.00,490.00,43.00,44.00,0.7705,1,1
1264,87,198.00,411.00,39.00,38.00,0.9442,1,1
1264,88,847.00,247.00,29.00,28.00,0.5307,1,1
1264,97,64.00,649.00,94.00,107.00,0.9414,1,1
1264,100,533.00,477.00,33.00,32.00,0.7220,1,1
1264,115,241.00,541.00,32.00,34.00,0.5416,1,1
1264,116,838.00,376.00,25.00,26.00,0.5049,1,1
1265,1,400.00,445.00,90.00,77.00,0.8484,1,1
1265,2,571.00,370.00,92.00,74.00,0.9403,1,1
1265,4,382.00,237.00,55.00,55.00,0.8783,1,1
1265,5,169.00,369.00,71.00,58.00,0.9083,1,1
1265,14,384.00,409.00,43.00,41.00,0.9158,1,1
1265,21,395.00,290.00,38.00,29.00,0.8554,1,1
1265,24,836.00,195.00,76.00,57.00,0.9362,1,1
1265,38,273.00,491.00,44.00,43.00,0.7826,1,1
1265,87,198.00,410.00,38.00,38.00,0.9397,1,1
1265,88,847.00,249.00,30.00,28.00,0.4800,1,1
1265,97,68.00,648.00,93.00,108.00,0.9317,1,1
1265,100,536.00,472.00,32.00,33.00,0.8184,1,1
1265,116,833.00,376.00,28.00,26.00,0.3240,1,1
1266,1,400.00,444.00,90.00,77.00,0.8620,1,1
1266,2,570.00,371.00,90.00,73.00,0.9341,1,1
1266,4,378.00,240.00,56.00,55.00,0.8841,1,1
1266,5,169.00,368.00,71.00,58.00,0.9041,1,1
1266,10,537.00,467.00,35.00,29.00,0.6354,1,1
1266,14,381.00,410.00,49.00,43.00,0.8066,1,1
1266,21,391.00,291.00,40.00,29.00,0.8733,1,1
1266,24,834.00,197.00,76.00,56.00,0.9206,1,1
1266,38,273.00,491.00,43.00,44.00,0.7908,1,1
1266,87,197.00,409.00,39.00,37.00,0.9325,1,1
1266,88,845.00,250.00,32.00,28.00,0.4266,1,1
1266,97,71.00,646.00,93.00,106.00,0.9287,1,1
1266,100,536.00,472.00,32.00,34.00,0.8184,1,1
1266,116,834.00,376.00,28.00,26.00,0.3240,1,1
1267,1,400.00,443.00,90.00,78.00,0.8820,1,1
1267,2,569.00,372.00,89.00,72.00,0.9269,1,1
1267,4,376.00,240.00,57.00,59.00,0.8874,1,1
1267,5,168.00,368.00,72.00,56.00,0.9024,1,1
1267,10,534.00,464.00,37.00,27.00,0.6900,1,1
1267,14,380.00,413.00,54.00,42.00,0.3316,1,1
1267,21,390.00,292.00,40.00,30.00,0.8583,1,1
1267,24,834.00,197.00,75.00,58.00,0.9163,1,1
1267,38,274.00,492.00,43.00,43.00,0.8079,1,1
1267,87,197.00,409.00,38.00,37.00,0.9258,1,1
1267,88,845.00,251.00,28.00,29.00,0.4837,1,1
1267,97,75.00,644.00,91.00,105.00,0.9188,1,1
1268,1,400.00,442.00,90.00,78.00,0.8851,1,1
1268,2,568.00,372.00,88.00,72.00,0.9204,1,1
1268,4,374.00,244.00,56.00,58.00,0.8886,1,1
1268,5,168.00,368.00,72.00,56.00,0.9012,1,1
1268,10,544.00,463.00,36.00,25.00,0.6900,1,1
1268,14,379.00,416.00,56.00,41.00,0.3316,1,1
1268,21,389.00,296.00,38.00,28.00,0.7739,1,1
1268,24,832.00,200.00,77.00,56.00,0.8839,1,1
1268,34,499.00,356.00,35.00,34.00,0.3581,1,1
1268,38,275.00,491.00,42.00,43.00,0.8068,1,1
1268,87,197.00,410.00,38.00,36.00,0.9342,1,1
1268,88,842.00,252.00,30.00,31.00,0.5161,1,1
1268,97,81.00,643.00,88.00,104.00,0.9366,1,1
1268,100,536.00,457.00,39.00,29.00,0.3976,1,1
1268,113,387.00,416.00,49.00,39.00,0.4487,1,1
1269,1,402.00,441.00,90.00,79.00,0.8892,1,1
1269,2,568.00,371.00,88.00,73.00,0.9197,1,1
1269,4,372.00,246.00,56.00,58.00,0.8600,1,1
1269,5,167.00,366.00,73.00,58.00,0.9036,1,1
1269,21,385.00,297.00,40.00,29.00,0.6616,1,1
1269,24,830.00,202.00,78.00,57.00,0.9047,1,1
1269,34,501.00,356.00,34.00,33.00,0.3581,1,1
1269,38,273.00,490.00,40.00,45.00,0.7223,1,1
1269,87,196.00,410.00,38.00,36.00,0.9221,1,1
1269,88,839.00,253.00,31.00,32.00,0.6475,1,1
1269,97,86.00,640.00,86.00,104.00,0.9517,1,1
1269,100,538.00,453.00,45.00,28.00,0.4713,1,1
1269,113,389.00,419.00,45.00,36.00,0.3351,1,1
1269,116,794.00,388.00,40.00,27.00,0.6198,1,1
1270,1,402.00,440.00,90.00,80.00,0.8996,1,1
1270,2,567.00,371.00,89.00,73.00,0.9155,1,1
1270,4,370.00,247.00,55.00,57.00,0.8541,1,1
1270,5,167.00,366.00,73.00,58.00,0.9001,1,1
1270,21,382.00,297.00,41.00,30.00,0.7043,1,1
1270,24,830.00,203.00,76.00,57.00,0.9239,1,1
1270,38,273.00,491.00,39.00,43.00,0.7604,1,1
1270,87,196.00,410.00,38.00,36.00,0.9190,1,1
1270,88,837.00,254.00,32.00,33.00,0.6592,1,1
1270,97,87.00,638.00,88.00,104.00,0.9389,1,1
1270,100,540.00,452.00,40.00,29.00,0.5929,1,1
1270,110,791.00,386.00,42.00,33.00,0.4073,1,1
1270,113,383.00,415.00,45.00,36.00,0.3351,1,1
1270,116,801.00,385.00,36.00,31.00,0.2590,1,1
1271,1,402.00,439.00,90.00,81.00,0.9095,1,1
1271,2,567.00,371.00,89.00,73.00,0.9141,1,1
1271,4,368.00,249.00,57.00,56.00,0.8615,1,1
1271,5,166.00,366.00,74.00,58.00,0.9027,1,1
1271,21,381.00,298.00,41.00,31.00,0.7551,1,1
1271,24,829.00,204.00,78.00,58.00,0.9133,1,1
1271,34,498.00,358.00,37.00,32.00,0.4895,1,1
1271,38,273.00,491.00,40.00,43.00,0.7804,1,1
1271,87,195.00,410.00,38.00,36.00,0.9206,1,1
1271,88,836.00,255.00,32.00,34.00,0.5041,1,1
1271,97,90.00,636.00,88.00,104.00,0.9422,1,1
1271,100,539.00,452.00,40.00,29.00,0.6163,1,1
1271,110,795.00,395.00,30.00,33.00,0.6636,1,1
1271,113,393.00,421.00,37.00,34.00,0.2506,1,1
1271,116,799.00,386.00,36.00,31.00,0.2590,1,1
1272,1,402.00,439.00,91.00,81.00,0.9073,1,1
1272,2,567.00,371.00,89.00,73.00,0.9145,1,1
1272,4,365.00,251.00,57.00,56.00,0.8796,1,1
1272,5,166.00,366.00,73.00,58.00,0.9006,1,1
1272,21,380.00,300.00,38.00,32.00,0.7712,1,1
1272,24,829.00,207.00,76.00,57.00,0.9009,1,1
1272,34,496.00,357.00,38.00,32.00,0.4854,1,1
1272,38,274.00,492.00,39.00,42.00,0.8045,1,1
1272,87,195.00,411.00,38.00,34.00,0.9018,1,1
1272,88,836.00,258.00,32.00,31.00,0.5532,1,1
1272,97,92.00,635.00,88.00,105.00,0.9536,1,1
1272,100,539.00,453.00,40.00,30.00,0.5615,1,1
1272,110,765.00,397.00,52.00,38.00,0.6980,1,1
1272,113,389.00,419.00,36.00,33.00,0.2506,1,1
1273,1,403.00,438.00,90.00,81.00,0.9156,1,1
1273,2,567.00,371.00,88.00,73.00,0.9159,1,1
1273,4,363.00,253.00,58.00,56.00,0.8937,1,1
1273,5,167.00,366.00,73.00,57.00,0.8953,1,1
1273,21,379.00,301.00,38.00,32.00,0.8064,1,1
1273,24,828.00,208.00,78.00,58.00,0.9214,1,1
1273,34,495.00,357.00,39.00,31.00,0.5604,1,1
1273,38,275.00,492.00,39.00,41.00,0.8261,1,1
1273,87,195.00,411.00,38.00,34.00,0.8791,1,1
1273,88,836.00,259.00,35.00,31.00,0.5165,1,1
1273,97,95.00,633.00,87.00,105.00,0.9466,1,1
1273,100,536.00,455.00,44.00,30.00,0.6753,1,1
1273,110,763.00,401.00,47.00,39.00,0.6750,1,1
1274,1,403.00,437.00,90.00,81.00,0.9165,1,1
1274,2,567.00,371.00,88.00,73.00,0.9232,1,1
1274,4,362.00,253.00,58.00,56.00,0.8844,1,1
1274,5,167.00,365.00,72.00,58.00,0.8870,1,1
1274,21,377.00,303.00,40.00,30.00,0.8126,1,1
1274,24,828.00,209.00,78.00,58.00,0.9420,1,1
1274,34,495.00,357.00,39.00,29.00,0.4644,1,1
1274,38,276.00,493.00,39.00,40.00,0.8480,1,1
1274,87,193.00,412.00,39.00,33.00,0.8712,1,1
1274,88,834.00,259.00,34.00,31.00,0.4977,1,1
1274,97,96.00,632.00,90.00,105.00,0.9456,1,1
1274,100,535.00,457.00,40.00,31.00,0.7166,1,1
1274,110,763.00,403.00,44.00,39.00,0.7384,1,1
1275,1,403.00,437.00,91.00,81.00,0.9221,1,1
1275,2,567.00,372.00,88.00,71.00,0.9200,1,1
1275,4,361.00,254.00,58.00,56.00,0.8779,1,1
1275,5,167.00,364.00,72.00,57.00,0.8767,1,1
1275,21,376.00,305.00,40.00,27.00,0.8463,1,1
1275,24,828.00,210.00,77.00,58.00,0.9321,1,1
1275,34,496.00,356.00,39.00,30.00,0.3143,1,1
1275,38,275.00,492.00,40.00,41.00,0.8529,1,1
1275,87,192.00,413.00,39.00,32.00,0.8189,1,1
1275,88,833.00,259.00,36.00,32.00,0.4029,1,1
1275,97,98.00,632.00,91.00,103.00,0.9502,1,1
1275,100,535.00,458.00,36.00,32.00,0.5595,1,1
1275,110,758.00,405.00,46.00,39.00,0.7384,1,1
1275,116,763.00,409.00,42.00,35.00,0.7752,1,1
1276,1,403.00,437.00,91.00,81.00,0.9176,1,1
1276,2,567.00,372.00,88.00,71.00,0.9184,1,1
1276,4,361.00,254.00,59.00,57.00,0.8753,1,1
1276,5,167.00,363.00,72.00,56.00,0.8781,1,1
1276,21,377.00,306.00,39.00,26.00,0.8832,1,1
1276,24,828.00,210.00,78.00,59.00,0.9270,1,1
1276,34,494.00,355.00,38.00,31.00,0.6737,1,1
1276,38,276.00,493.00,39.00,40.00,0.8531,1,1
1276,87,192.00,412.00,39.00,31.00,0.7958,1,1
1276,88,833.00,259.00,38.00,32.00,0.2664,1,1
1276,97,99.00,631.00,91.00,103.00,0.9504,1,1
1276,100,533.00,460.00,37.00,31.00,0.6735,1,1
1276,113,390.00,419.00,51.00,27.00,0.6439,1,1
1276,116,765.00,411.00,39.00,35.00,0.7007,1,1
1277,1,403.00,436.00,91.00,82.00,0.9216,1,1
1277,2,567.00,371.00,88.00,72.00,0.9219,1,1
1277,4,361.00,254.00,59.00,57.00,0.8863,1,1
1277,5,168.00,362.00,71.00,56.00,0.8785,1,1
1277,14,493.00,354.00,37.00,34.00,0.8422,1,1
1277,21,376.00,306.00,40.00,26.00,0.8857,1,1
1277,24,827.00,211.00,78.00,58.00,0.9209,1,1
1277,34,494.00,355.00,38.00,30.00,0.6737,1,1
1277,38,275.00,492.00,39.00,41.00,0.8567,1,1
1277,87,191.00,412.00,39.00,30.00,0.7790,1,1
1277,88,837.00,261.00,39.00,32.00,0.2505,1,1
1277,97,100.00,631.00,90.00,103.00,0.9483,1,1
1277,100,532.00,462.00,38.00,29.00,0.7979,1,1
1277,113,388.00,419.00,51.00,26.00,0.6536,1,1
1277,116,766.00,413.00,36.00,34.00,0.7659,1,1
1278,1,405.00,437.00,89.00,80.00,0.9214,1,1
1278,2,567.00,371.00,88.00,72.00,0.9213,1,1
1278,4,360.00,255.00,60.00,57.00,0.8867,1,1
1278,5,168.00,362.00,72.00,55.00,0.9109,1,1
1278,14,493.00,355.00,38.00,32.00,0.7888,1,1
1278,21,376.00,306.00,41.00,26.00,0.8840,1,1
1278,24,828.00,211.00,77.00,59.00,0.9268,1,1
1278,38,275.00,492.00,39.00,41.00,0.8353,1,1
1278,87,191.00,411.00,39.00,30.00,0.7134,1,1
1278,88,841.00,262.00,38.00,33.00,0.2593,1,1
1278,97,101.00,630.00,89.00,104.00,0.9510,1,1
1278,100,532.00,462.00,38.00,29.00,0.7456,1,1
1278,113,388.00,419.00,52.00,26.00,0.6669,1,1
1278,116,767.00,414.00,35.00,34.00,0.7741,1,1
1279,1,405.00,436.00,88.00,80.00,0.9216,1,1
1279,2,567.00,371.00,88.00,72.00,0.9207,1,1
1279,4,360.00,255.00,60.00,57.00,0.8934,1,1
1279,5,168.00,361.00,72.00,55.00,0.9288,1,1
1279,14,500.00,352.00,38.00,32.00,0.7888,1,1
1279,21,376.00,306.00,40.00,26.00,0.8831,1,1
1279,24,828.00,211.00,77.00,61.00,0.9311,1,1
1279,34,492.00,356.00,39.00,31.00,0.8369,1,1
1279,38,275.00,491.00,40.00,43.00,0.8114,1,1
1279,87,191.00,409.00,39.00,30.00,0.5941,1,1
1279,88,843.00,263.00,38.00,32.00,0.2737,1,1
1279,97,101.00,630.00,89.00,104.00,0.9491,1,1
1279,100,532.00,463.00,38.00,29.00,0.7987,1,1
1279,113,390.00,420.00,44.00,27.00,0.7323,1,1
1279,116,769.00,414.00,34.00,34.00,0.7735,1,1
1280,1,404.00,435.00,91.00,81.00,0.9239,1,1
1280,2,567.00,371.00,88.00,72.00,0.9187,1,1
1280,4,360.00,255.00,60.00,57.00,0.8951,1,1
1280,5,168.00,360.00,72.00,55.00,0.9319,1,1
1280,21,376.00,306.00,40.00,26.00,0.8858,1,1
1280,24,829.00,212.00,76.00,60.00,0.9310,1,1
1280,34,492.00,358.00,39.00,30.00,0.8245,1,1
1280,38,275.00,491.00,39.00,42.00,0.8138,1,1
1280,87,191.00,408.00,39.00,30.00,0.5999,1,1
1280,88,844.00,264.00,38.00,32.00,0.2737,1,1
1280,97,101.00,631.00,89.00,103.00,0.9496,1,1
1280,100,532.00,464.00,39.00,29.00,0.7522,1,1
1280,110,774.00,412.00,31.00,34.00,0.7125,1,1
1280,113,392.00,421.00,37.00,26.00,0.4830,1,1
1280,116,779.00,410.00,32.00,34.00,0.4244,1,1
1281,1,402.00,434.00,91.00,82.00,0.9370,1,1
1281,2,567.00,371.00,88.00,71.00,0.9191,1,1
1281,4,360.00,254.00,59.00,58.00,0.9057,1,1
1281,5,169.00,359.00,71.00,55.00,0.9313,1,1
1281,21,376.00,307.00,40.00,27.00,0.8990,1,1
1281,24,830.00,213.00,74.00,60.00,0.9436,1,1
1281,34,491.00,358.00,40.00,29.00,0.8034,1,1
1281,38,274.00,491.00,39.00,42.00,0.7532,1,1
1281,87,190.00,404.00,41.00,33.00,0.6963,1,1
1281,88,843.00,264.00,44.00,29.00,0.2811,1,1
1281,97,101.00,629.00,89.00,105.00,0.9499,1,1
1281,100,534.00,467.00,34.00,30.00,0.7897,1,1
1281,110,771.00,414.00,34.00,33.00,0.7889,1,1
1281,113,390.00,420.00,38.00,26.00,0.4830,1,1
1281,115,219.00,531.00,42.00,30.00,0.8783,1,1
1281,116,778.00,412.00,32.00,34.00,0.4244,1,1
1282,1,401.00,434.00,89.00,82.00,0.9370,1,1
1282,2,567.00,371.00,88.00,71.00,0.9176,1,1
1282,4,360.00,254.00,60.00,57.00,0.9028,1,1
1282,5,170.00,358.00,70.00,54.00,0.9252,1,1
1282,21,376.00,306.00,40.00,28.00,0.9015,1,1
1282,24,830.00,213.00,74.00,61.00,0.9390,1,1
1282,34,491.00,356.00,39.00,30.00,0.7043,1,1
1282,38,275.00,491.00,39.00,42.00,0.7600,1,1
1282,87,191.00,404.00,40.00,33.00,0.7134,1,1
1282,88,843.00,265.00,45.00,29.00,0.2811,1,1
1282,97,99.00,630.00,91.00,104.00,0.9489,1,1
1282,100,536.00,466.00,32.00,31.00,0.7809,1,1
1282,110,770.00,413.00,36.00,33.00,0.7096,1,1
1282,113,390.00,420.00,41.00,26.00,0.2963,1,1
1282,115,219.00,531.00,43.00,32.00,0.8801,1,1
1283,1,399.00,435.00,88.00,81.00,0.9381,1,1
1283,2,567.00,371.00,88.00,71.00,0.9174,1,1
1283,4,360.00,254.00,60.00,57.00,0.8974,1,1
1283,5,169.00,357.00,70.00,54.00,0.9146,1,1
1283,21,376.00,306.00,41.00,28.00,0.9030,1,1
1283,24,830.00,214.00,74.00,61.00,0.9363,1,1
1283,34,492.00,354.00,39.00,32.00,0.6504,1,1
1283,38,275.00,491.00,40.00,42.00,0.7444,1,1
1283,87,189.00,403.00,42.00,33.00,0.7650,1,1
1283,97,98.00,631.00,91.00,104.00,0.9487,1,1
1283,100,536.00,466.00,32.00,30.00,0.7544,1,1
1283,110,768.00,414.00,37.00,33.00,0.7096,1,1
1283,113,387.00,420.00,46.00,26.00,0.2951,1,1
1283,115,216.00,530.00,42.00,31.00,0.8751,1,1
1283,116,772.00,411.00,34.00,36.00,0.7744,1,1
1284,1,396.00,436.00,89.00,79.00,0.9371,1,1
1284,2,567.00,371.00,88.00,71.00,0.9204,1,1
1284,4,361.00,254.00,60.00,57.00,0.8996,1,1
1284,5,169.00,356.00,70.00,55.00,0.9153,1,1
1284,21,376.00,306.00,41.00,27.00,0.8936,1,1
1284,24,829.00,215.00,76.00,61.00,0.9366,1,1
1284,34,493.00,354.00,41.00,32.00,0.4743,1,1
1284,38,275.00,492.00,42.00,42.00,0.7646,1,1
1284,87,189.00,401.00,42.00,33.00,0.8010,1,1
1284,97,97.00,631.00,88.00,108.00,0.9436,1,1
1284,100,537.00,466.00,32.00,30.00,0.7092,1,1
1284,110,774.00,410.00,32.00,35.00,0.7015,1,1
1284,113,386.00,419.00,46.00,26.00,0.2951,1,1
1284,115,209.00,526.00,49.00,35.00,0.7710,1,1
1284,116,771.00,412.00,34.00,36.00,0.7744,1,1
1285,1,393.00,436.00,89.00,79.00,0.9327,1,1
1285,2,567.00,371.00,88.00,70.00,0.9196,1,1
1285,4,361.00,254.00,60.00,57.00,0.8977,1,1
1285,5,169.00,355.00,69.00,57.00,0.9086,1,1
1285,21,376.00,306.00,41.00,27.00,0.8817,1,1
1285,24,829.00,216.00,75.00,60.00,0.9404,1,1
1285,34,494.00,355.00,42.00,31.00,0.3748,1,1
1285,38,275.00,491.00,41.00,43.00,0.7433,1,1
1285,87,189.00,400.00,42.00,33.00,0.8246,1,1
1285,97,95.00,634.00,88.00,106.00,0.9597,1,1
1285,100,537.00,466.00,31.00,30.00,0.7016,1,1
1285,110,773.00,411.00,33.00,34.00,0.7015,1,1
1285,113,385.00,421.00,36.00,25.00,0.3050,1,1
1285,115,205.00,521.00,51.00,37.00,0.7298,1,1
1285,116,776.00,410.00,34.00,35.00,0.6085,1,1
1286,1,392.00,436.00,88.00,79.00,0.9401,1,1
1286,2,567.00,371.00,87.00,69.00,0.9231,1,1
1286,4,361.00,254.00,60.00,58.00,0.9018,1,1
1286,5,170.00,354.00,68.00,57.00,0.9036,1,1
1286,21,377.00,306.00,40.00,27.00,0.8740,1,1
1286,24,829.00,216.00,75.00,61.00,0.9373,1,1
1286,34,495.00,356.00,40.00,30.00,0.2836,1,1
1286,38,275.00,490.00,40.00,44.00,0.7671,1,1
1286,87,190.00,399.00,41.00,33.00,0.8458,1,1
1286,97,92.00,635.00,87.00,111.00,0.9601,1,1
1286,100,537.00,465.00,32.00,29.00,0.7276,1,1
1286,113,383.00,421.00,36.00,25.00,0.3050,1,1
1286,115,204.00,516.00,49.00,38.00,0.7200,1,1
1286,116,780.00,409.00,36.00,35.00,0.3199,1,1
1287,1,390.00,436.00,89.00,79.00,0.9480,1,1
1287,2,567.00,371.00,87.00,69.00,0.9240,1,1
1287,4,362.00,254.00,60.00,57.00,0.9002,1,1
1287,5,170.00,354.00,67.00,57.00,0.9076,1,1
1287,21,377.00,306.00,41.00,27.00,0.8805,1,1
1287,24,829.00,216.00,74.00,61.00,0.9338,1,1
1287,34,497.00,356.00,38.00,30.00,0.2847,1,1
1287,38,274.00,490.00,43.00,44.00,0.7475,1,1
1287,87,189.00,398.00,42.00,33.00,0.8531,1,1
1287,97,88.00,637.00,88.00,113.00,0.9278,1,1
1287,100,537.00,465.00,32.00,29.00,0.7016,1,1
1287,115,205.00,516.00,47.00,35.00,0.8002,1,1
1287,116,784.00,407.00,34.00,36.00,0.2826,1,1
1288,1,387.00,436.00,90.00,80.00,0.9489,1,1
1288,2,567.00,371.00,87.00,69.00,0.9208,1,1
1288,4,362.00,254.00,59.00,57.00,0.8851,1,1
1288,5,169.00,353.00,68.00,57.00,0.9003,1,1
1288,21,377.00,306.00,42.00,27.00,0.8767,1,1
1288,24,829.00,217.00,73.00,60.00,0.9310,1,1
1288,34,497.00,356.00,39.00,29.00,0.2847,1,1
1288,38,274.00,490.00,40.00,44.00,0.7660,1,1
1288,87,189.00,397.00,41.00,33.00,0.8230,1,1
1288,97,84.00,645.00,87.00,108.00,0.9391,1,1
1288,100,537.00,465.00,33.00,29.00,0.6874,1,1
1288,115,211.00,517.00,43.00,35.00,0.7954,1,1
1288,116,783.00,406.00,37.00,37.00,0.2619,1,1
1289,1,385.00,436.00,90.00,82.00,0.9535,1,1
1289,2,567.00,371.00,87.00,69.00,0.9203,1,1
1289,4,362.00,253.00,60.00,58.00,0.8834,1,1
1289,5,169.00,352.00,66.00,56.00,0.8857,1,1
1289,21,378.00,305.00,41.00,28.00,0.8551,1,1
1289,24,829.00,218.00,72.00,60.00,0.9254,1,1
1289,38,275.00,490.00,40.00,44.00,0.7721,1,1
1289,87,189.00,397.00,40.00,33.00,0.8027,1,1
1289,97,81.00,649.00,89.00,109.00,0.9507,1,1
1289,100,537.00,465.00,33.00,29.00,0.6596,1,1
1289,115,210.00,515.00,43.00,36.00,0.7954,1,1
1289,116,788.00,404.00,36.00,36.00,0.3107,1,1
1290,1,384.00,436.00,90.00,82.00,0.9486,1,1
1290,2,567.00,371.00,87.00,69.00,0.9199,1,1
1290,4,362.00,253.00,62.00,58.00,0.8798,1,1
1290,5,169.00,352.00,65.00,54.00,0.8768,1,1
1290,21,380.00,306.00,40.00,27.00,0.8511,1,1
1290,24,829.00,218.00,72.00,60.00,0.9231,1,1
1290,34,501.00,359.00,37.00,30.00,0.2702,1,1
1290,38,275.00,489.00,37.00,46.00,0.7274,1,1
1290,87,188.00,396.00,41.00,33.00,0.7974,1,1
1290,97,74.00,658.00,90.00,107.00,0.9144,1,1
1290,100,537.00,465.00,33.00,29.00,0.6288,1,1
1290,115,214.00,526.00,47.00,33.00,0.3268,1,1
1290,116,788.00,404.00,37.00,36.00,0.3107,1,1
1291,1,381.00,437.00,91.00,83.00,0.9237,1,1
1291,2,567.00,371.00,87.00,69.00,0.9200,1,1
1291,4,362.00,254.00,63.00,57.00,0.8709,1,1
1291,5,169.00,352.00,65.00,52.00,0.8630,1,1
1291,21,381.00,306.00,40.00,27.00,0.8513,1,1
1291,24,829.00,218.00,71.00,60.00,0.9206,1,1
1291,34,502.00,359.00,36.00,32.00,0.4627,1,1
1291,38,274.00,489.00,36.00,44.00,0.7333,1,1
1291,87,190.00,394.00,39.00,33.00,0.7722,1,1
1291,97,69.00,665.00,91.00,106.00,0.9279,1,1
1291,100,537.00,465.00,33.00,29.00,0.6242,1,1
1291,115,210.00,522.00,49.00,35.00,0.3713,1,1
1292,1,378.00,436.00,92.00,84.00,0.9181,1,1
1292,2,567.00,371.00,88.00,69.00,0.9191,1,1
1292,4,362.00,254.00,63.00,57.00,0.8672,1,1
1292,5,170.00,351.00,64.00,53.00,0.8646,1,1
1292,14,503.00,360.00,38.00,35.00,0.4053,1,1
1292,21,382.00,305.00,39.00,28.00,0.8479,1,1
1292,24,828.00,218.00,71.00,60.00,0.9232,1,1
1292,34,503.00,359.00,36.00,32.00,0.4627,1,1
1292,38,274.00,489.00,37.00,44.00,0.7564,1,1
1292,87,191.00,393.00,38.00,33.00,0.7784,1,1
1292,97,66.00,671.00,90.00,111.00,0.9244,1,1
1292,100,537.00,464.00,34.00,29.00,0.6508,1,1
1292,115,214.00,520.00,45.00,31.00,0.7270,1,1
1293,1,375.00,437.00,93.00,84.00,0.9125,1,1
1293,2,567.00,371.00,88.00,69.00,0.9217,1,1
1293,4,361.00,255.00,65.00,56.00,0.8731,1,1
1293,5,170.00,350.00,64.00,53.00,0.8649,1,1
1293,14,503.00,360.00,36.00,36.00,0.7044,1,1
1293,21,382.00,305.00,40.00,28.00,0.8719,1,1
1293,24,828.00,219.00,71.00,60.00,0.9263,1,1
1293,38,274.00,489.00,37.00,45.00,0.7290,1,1
1293,87,190.00,393.00,39.00,34.00,0.8128,1,1
1293,97,61.00,680.00,91.00,108.00,0.9055,1,1
1293,100,537.00,465.00,31.00,28.00,0.6787,1,1
1293,115,214.00,517.00,45.00,29.00,0.7308,1,1
1294,1,373.00,437.00,94.00,85.00,0.9185,1,1
1294,2,567.00,371.00,88.00,68.00,0.9240,1,1
1294,4,361.00,254.00,65.00,56.00,0.8874,1,1
1294,5,170.00,350.00,63.00,53.00,0.8649,1,1
1294,14,501.00,360.00,37.00,36.00,0.5363,1,1
1294,21,384.00,304.00,38.00,29.00,0.8602,1,1
1294,24,827.00,219.00,71.00,60.00,0.9264,1,1
1294,38,275.00,489.00,36.00,44.00,0.7634,1,1
1294,87,190.00,393.00,38.00,33.00,0.8196,1,1
1294,97,54.00,685.00,93.00,110.00,0.8611,1,1
1294,100,537.00,464.00,33.00,29.00,0.7103,1,1
1294,115,211.00,516.00,48.00,30.00,0.7775,1,1
1295,1,371.00,437.00,95.00,86.00,0.9202,1,1
1295,2,567.00,371.00,88.00,68.00,0.9218,1,1
1295,4,361.00,254.00,66.00,55.00,0.8908,1,1
1295,5,170.00,350.00,63.00,52.00,0.8650,1,1
1295,14,502.00,360.00,36.00,36.00,0.5363,1,1
1295,21,385.00,304.00,38.00,29.00,0.8697,1,1
1295,24,827.00,219.00,71.00,60.00,0.9251,1,1
1295,38,275.00,489.00,35.00,43.00,0.7466,1,1
1295,87,189.00,394.00,39.00,33.00,0.8125,1,1
1295,97,51.00,692.00,94.00,108.00,0.9295,1,1
1295,100,537.00,465.00,33.00,28.00,0.7281,1,1
1295,110,500.00,361.00,39.00,42.00,0.6564,1,1
1295,113,211.00,518.00,48.00,35.00,0.7506,1,1
1295,115,211.00,515.00,48.00,29.00,0.7775,1,1
1296,1,368.00,436.00,95.00,89.00,0.9263,1,1
1296,2,567.00,370.00,88.00,69.00,0.9241,1,1
1296,4,361.00,254.00,66.00,55.00,0.8930,1,1
1296,5,170.00,350.00,63.00,52.00,0.8630,1,1
1296,21,386.00,304.00,37.00,29.00,0.8546,1,1
1296,24,827.00,219.00,71.00,60.00,0.9215,1,1
1296,34,376.00,301.00,46.00,31.00,0.5660,1,1
1296,38,275.00,489.00,35.00,43.00,0.7952,1,1
1296,87,189.00,393.00,39.00,33.00,0.8101,1,1
1296,97,47.00,694.00,93.00,111.00,0.9415,1,1
1296,100,537.00,465.00,34.00,27.00,0.7504,1,1
1296,110,481.00,358.00,39.00,42.00,0.6564,1,1
1296,113,217.00,522.00,46.00,41.00,0.6089,1,1
1297,1,366.00,437.00,95.00,88.00,0.9271,1,1
1297,2,568.00,370.00,87.00,69.00,0.9227,1,1
1297,4,362.00,254.00,66.00,55.00,0.8945,1,1
1297,5,170.00,350.00,63.00,52.00,0.8648,1,1
1297,21,386.00,304.00,37.00,28.00,0.8568,1,1
1297,24,827.00,219.00,70.00,60.00,0.9237,1,1
1297,34,376.00,301.00,46.00,31.00,0.5466,1,1
1297,38,275.00,490.00,36.00,42.00,0.8071,1,1
1297,87,189.00,394.00,39.00,32.00,0.8094,1,1
1297,97,44.00,698.00,93.00,112.00,0.9108,1,1
1297,100,538.00,464.00,34.00,27.00,0.7203,1,1
1297,113,218.00,525.00,47.00,38.00,0.7232,1,1
1298,1,363.00,437.00,92.00,84.00,0.9177,1,1
1298,2,568.00,371.00,87.00,68.00,0.9204,1,1
1298,4,363.00,254.00,65.00,55.00,0.8942,1,1
1298,5,170.00,350.00,63.00,52.00,0.8611,1,1
1298,21,386.00,304.00,37.00,29.00,0.8497,1,1
1298,24,826.00,219.00,71.00,60.00,0.9272,1,1
1298,34,376.00,301.00,47.00,31.00,0.5366,1,1
1298,38,275.00,490.00,35.00,42.00,0.8205,1,1
1298,87,189.00,393.00,39.00,33.00,0.8149,1,1
1298,97,41.00,701.00,95.00,114.00,0.9243,1,1
1298,100,537.00,464.00,35.00,27.00,0.7634,1,1
1298,113,220.00,524.00,45.00,36.00,0.7999,1,1
1299,1,359.00,437.00,95.00,85.00,0.9166,1,1
1299,2,568.00,370.00,87.00,69.00,0.9199,1,1
1299,4,363.00,254.00,65.00,55.00,0.8926,1,1
1299,5,170.00,350.00,63.00,52.00,0.8606,1,1
1299,14,501.00,374.00,37.00,35.00,0.2908,1,1
1299,21,386.00,304.00,37.00,29.00,0.8420,1,1
1299,24,826.00,219.00,71.00,59.00,0.9291,1,1
1299,34,376.00,301.00,46.00,31.00,0.5401,1,1
1299,38,275.00,490.00,35.00,42.00,0.8159,1,1
1299,87,189.00,393.00,39.00,33.00,0.8147,1,1
1299,97,41.00,704.00,94.00,114.00,0.9326,1,1
1299,100,538.00,464.00,34.00,27.00,0.7168,1,1
1299,113,216.00,519.00,49.00,36.00,0.7029,1,1
1300,1,357.00,439.00,95.00,83.00,0.9198,1,1
1300,2,568.00,370.00,87.00,69.00,0.9195,1,1
1300,4,363.00,253.00,65.00,56.00,0.8900,1,1
1300,5,170.00,350.00,63.00,51.00,0.8655,1,1
1300,14,502.00,375.00,36.00,35.00,0.2908,1,1
1300,21,385.00,304.00,38.00,29.00,0.8463,1,1
1300,24,825.00,220.00,71.00,57.00,0.9262,1,1
1300,34,376.00,301.00,46.00,31.00,0.5666,1,1
1300,38,275.00,490.00,34.00,41.00,0.8181,1,1
1300,87,189.00,394.00,39.00,32.00,0.8050,1,1
1300,97,41.00,706.00,95.00,114.00,0.9290,1,1
1300,100,538.00,463.00,36.00,27.00,0.7002,1,1
1300,113,212.00,524.00,50.00,36.00,0.7029,1,1
1300,115,215.00,517.00,49.00,34.00,0.5815,1,1
1301,1,355.00,440.00,96.00,83.00,0.9104,1,1
1301,2,568.00,370.00,87.00,69.00,0.9191,1,1
1301,4,363.00,253.00,65.00,56.00,0.8886,1,1
1301,5,169.00,350.00,64.00,52.00,0.8626,1,1
1301,21,384.00,304.00,39.00,29.00,0.8406,1,1
1301,24,825.00,220.00,70.00,57.00,0.9274,1,1
1301,34,371.00,298.00,46.00,31.00,0.5666,1,1
1301,38,275.00,489.00,34.00,42.00,0.8042,1,1
1301,87,189.00,394.00,39.00,33.00,0.7870,1,1
1301,97,42.00,707.00,96.00,115.00,0.9317,1,1
1301,100,539.00,463.00,36.00,27.00,0.6336,1,1
1301,115,212.00,514.00,48.00,33.00,0.7381,1,1
1302,1,352.00,440.00,95.00,82.00,0.9115,1,1
1302,2,568.00,370.00,87.00,69.00,0.9207,1,1
1302,4,363.00,253.00,65.00,56.00,0.8844,1,1
1302,5,170.00,351.00,64.00,52.00,0.8608,1,1
1302,21,384.00,304.00,39.00,29.00,0.8398,1,1
1302,24,824.00,220.00,70.00,57.00,0.9317,1,1
1302,38,276.00,489.00,32.00,42.00,0.7975,1,1
1302,87,190.00,394.00,38.00,33.00,0.7440,1,1
1302,97,44.00,708.00,96.00,115.00,0.9361,1,1
1302,100,540.00,462.00,35.00,28.00,0.6070,1,1
1302,115,212.00,515.00,48.00,32.00,0.7511,1,1
1303,1,350.00,441.00,93.00,81.00,0.8980,1,1
1303,2,567.00,370.00,88.00,70.00,0.9198,1,1
1303,4,364.00,253.00,63.00,56.00,0.8797,1,1
1303,5,169.00,352.00,65.00,52.00,0.8614,1,1
1303,14,501.00,371.00,36.00,36.00,0.2701,1,1
1303,21,384.00,305.00,39.00,28.00,0.8601,1,1
1303,24,823.00,220.00,71.00,57.00,0.9323,1,1
1303,38,275.00,489.00,33.00,41.00,0.8142,1,1
1303,87,187.00,395.00,41.00,35.00,0.7348,1,1
1303,97,48.00,709.00,97.00,114.00,0.9402,1,1
1303,100,540.00,462.00,35.00,28.00,0.7101,1,1
1303,115,218.00,519.00,44.00,34.00,0.7645,1,1
1304,1,348.00,442.00,92.00,82.00,0.8855,1,1
1304,2,567.00,370.00,88.00,70.00,0.9204,1,1
1304,4,363.00,253.00,63.00,57.00,0.8759,1,1
1304,5,169.00,353.00,65.00,52.00,0.8685,1,1
1304,14,501.00,371.00,36.00,36.00,0.2701,1,1
1304,21,382.00,305.00,40.00,28.00,0.8488,1,1
1304,24,823.00,220.00,71.00,57.00,0.9317,1,1
1304,38,275.00,489.00,33.00,41.00,0.8098,1,1
1304,87,187.00,397.00,41.00,34.00,0.7831,1,1
1304,97,52.00,709.00,97.00,114.00,0.9390,1,1
1304,100,540.00,462.00,35.00,28.00,0.7385,1,1
1304,115,217.00,520.00,46.00,34.00,0.7569,1,1
1305,1,346.00,442.00,93.00,84.00,0.8992,1,1
1305,2,567.00,370.00,88.00,71.00,0.9185,1,1
1305,4,364.00,253.00,61.00,56.00,0.8823,1,1
1305,5,168.00,354.00,66.00,54.00,0.8746,1,1
1305,21,381.00,305.00,40.00,28.00,0.8625,1,1
1305,24,823.00,220.00,69.00,57.00,0.9316,1,1
1305,38,275.00,490.00,33.00,40.00,0.8236,1,1
1305,87,184.00,397.00,44.00,35.00,0.8131,1,1
1305,97,59.00,707.00,98.00,115.00,0.9302,1,1
1305,100,539.00,461.00,35.00,28.00,0.6661,1,1
1305,115,220.00,521.00,43.00,32.00,0.7181,1,1
1305,116,396.00,432.00,44.00,32.00,0.3645,1,1
1306,1,346.00,443.00,92.00,83.00,0.9121,1,1
1306,2,567.00,370.00,87.00,71.00,0.9166,1,1
1306,4,364.00,253.00,60.00,56.00,0.8841,1,1
1306,5,167.00,356.00,66.00,53.00,0.8874,1,1
1306,21,380.00,305.00,41.00,28.00,0.8626,1,1
1306,24,822.00,220.00,70.00,57.00,0.9291,1,1
1306,38,276.00,490.00,34.00,41.00,0.8369,1,1
1306,87,185.00,400.00,43.00,34.00,0.7966,1,1
1306,97,65.00,706.00,98.00,114.00,0.9394,1,1
1306,100,538.00,462.00,37.00,27.00,0.4844,1,1
1306,115,218.00,522.00,44.00,31.00,0.7892,1,1
1306,116,396.00,432.00,43.00,32.00,0.4640,1,1
1307,1,346.00,443.00,91.00,86.00,0.9056,1,1
1307,2,566.00,370.00,88.00,70.00,0.9133,1,1
1307,4,363.00,253.00,61.00,56.00,0.8848,1,1
1307,5,166.00,358.00,66.00,53.00,0.8868,1,1
1307,14,495.00,370.00,35.00,37.00,0.5296,1,1
1307,21,380.00,305.00,41.00,28.00,0.8392,1,1
1307,24,822.00,220.00,70.00,57.00,0.9252,1,1
1307,38,276.00,490.00,34.00,41.00,0.8330,1,1
1307,87,187.00,401.00,39.00,35.00,0.7828,1,1
1307,97,72.00,703.00,99.00,115.00,0.9557,1,1
1307,100,534.00,463.00,38.00,27.00,0.7563,1,1
1307,115,215.00,522.00,45.00,30.00,0.8040,1,1
1307,116,397.00,432.00,41.00,32.00,0.5598,1,1
1308,1,345.00,443.00,92.00,85.00,0.9017,1,1
1308,2,566.00,370.00,88.00,70.00,0.9091,1,1
1308,4,364.00,253.00,58.00,57.00,0.8904,1,1
1308,5,164.00,359.00,66.00,55.00,0.8836,1,1
1308,14,495.00,372.00,34.00,36.00,0.6271,1,1
1308,21,378.00,305.00,42.00,28.00,0.8476,1,1
1308,24,822.00,220.00,70.00,57.00,0.9221,1,1
1308,38,276.00,491.00,36.00,41.00,0.8416,1,1
1308,87,183.00,402.00,42.00,36.00,0.7191,1,1
1308,97,80.00,700.00,101.00,115.00,0.9357,1,1
1308,100,532.00,464.00,38.00,28.00,0.7592,1,1
1308,113,214.00,525.00,44.00,33.00,0.7611,1,1
1308,115,215.00,522.00,45.00,30.00,0.8040,1,1
1308,116,396.00,432.00,42.00,32.00,0.5731,1,1
1309,1,345.00,444.00,93.00,85.00,0.9075,1,1
1309,2,565.00,370.00,88.00,70.00,0.9066,1,1
1309,4,364.00,253.00,58.00,57.00,0.8861,1,1
1309,5,162.00,361.00,66.00,54.00,0.8672,1,1
1309,14,494.00,373.00,39.00,36.00,0.4617,1,1
1309,21,377.00,305.00,42.00,28.00,0.8642,1,1
1309,24,822.00,220.00,70.00,57.00,0.9209,1,1
1309,38,276.00,491.00,37.00,41.00,0.8468,1,1
1309,87,181.00,403.00,42.00,37.00,0.7553,1,1
1309,97,91.00,698.00,98.00,117.00,0.9167,1,1
1309,100,530.00,466.00,37.00,27.00,0.7661,1,1
1309,110,492.00,366.00,31.00,42.00,0.2528,1,1
1309,113,213.00,527.00,44.00,33.00,0.7611,1,1
1309,115,212.00,529.00,43.00,31.00,0.8438,1,1
1309,116,396.00,431.00,42.00,32.00,0.6042,1,1
1310,1,345.00,444.00,93.00,86.00,0.9126,1,1
1310,2,565.00,370.00,88.00,71.00,0.9046,1,1
1310,4,363.00,253.00,58.00,57.00,0.8831,1,1
1310,5,161.00,362.00,64.00,54.00,0.8497,1,1
1310,14,496.00,375.00,40.00,36.00,0.4926,1,1
1310,21,378.00,305.00,40.00,28.00,0.8493,1,1
1310,24,822.00,220.00,70.00,57.00,0.9200,1,1
1310,38,276.00,491.00,39.00,42.00,0.8486,1,1
1310,87,182.00,403.00,40.00,37.00,0.7977,1,1
1310,97,102.00,698.00,96.00,114.00,0.9055,1,1
1310,100,528.00,465.00,37.00,30.00,0.7987,1,1
1310,110,490.00,366.00,31.00,42.00,0.2528,1,1
1310,115,205.00,532.00,46.00,27.00,0.8265,1,1
1310,116,395.00,431.00,42.00,32.00,0.5348,1,1
1311,1,345.00,443.00,93.00,87.00,0.9228,1,1
1311,2,564.00,370.00,88.00,71.00,0.9052,1,1
1311,4,362.00,254.00,59.00,56.00,0.8830,1,1
1311,5,158.00,363.00,65.00,55.00,0.8690,1,1
1311,14,496.00,376.00,40.00,36.00,0.4926,1,1
1311,21,377.00,305.00,41.00,28.00,0.8502,1,1
1311,24,821.00,220.00,70.00,56.00,0.9176,1,1
1311,34,499.00,381.00,35.00,31.00,0.2918,1,1
1311,38,274.00,493.00,37.00,38.00,0.8768,1,1
1311,87,180.00,402.00,40.00,38.00,0.8179,1,1
1311,97,107.00,694.00,99.00,118.00,0.9129,1,1
1311,100,527.00,466.00,38.00,31.00,0.7380,1,1
1311,115,196.00,529.00,50.00,29.00,0.5243,1,1
1311,116,395.00,431.00,42.00,32.00,0.4971,1,1
1312,1,345.00,443.00,93.00,87.00,0.9235,1,1
1312,2,564.00,370.00,87.00,70.00,0.9044,1,1
1312,4,361.00,253.00,60.00,56.00,0.8821,1,1
1312,5,155.00,364.00,65.00,55.00,0.8615,1,1
1312,21,377.00,305.00,41.00,28.00,0.8387,1,1
1312,24,821.00,220.00,70.00,57.00,0.9208,1,1
1312,34,500.00,381.00,34.00,32.00,0.3400,1,1
1312,38,273.00,494.00,46.00,39.00,0.7766,1,1
1312,87,177.00,402.00,40.00,40.00,0.8001,1,1
1312,97,116.00,692.00,100.00,119.00,0.9291,1,1
1312,100,522.00,468.00,43.00,33.00,0.4659,1,1
1312,115,190.00,529.00,51.00,30.00,0.6054,1,1
1312,116,395.00,431.00,42.00,32.00,0.4137,1,1
1313,1,345.00,443.00,93.00,86.00,0.9257,1,1
1313,2,563.00,370.00,88.00,70.00,0.9018,1,1
1313,4,361.00,253.00,59.00,57.00,0.8863,1,1
1313,5,153.00,364.00,64.00,57.00,0.8545,1,1
1313,21,376.00,306.00,41.00,27.00,0.8447,1,1
1313,24,821.00,220.00,71.00,56.00,0.9253,1,1
1313,34,507.00,386.00,34.00,32.00,0.3400,1,1
1313,38,269.00,491.00,49.00,39.00,0.4449,1,1
1313,87,176.00,408.00,38.00,36.00,0.7480,1,1
1313,97,121.00,693.00,101.00,117.00,0.9193,1,1
1313,100,523.00,471.00,38.00,35.00,0.5374,1,1
1313,113,266.00,489.00,31.00,38.00,0.3633,1,1
1313,115,187.00,530.00,52.00,30.00,0.6054,1,1
1313,116,396.00,430.00,42.00,33.00,0.5133,1,1
1314,1,345.00,442.00,93.00,87.00,0.9247,1,1
1314,2,563.00,370.00,88.00,70.00,0.9074,1,1
1314,4,361.00,253.00,59.00,57.00,0.8874,1,1
1314,5,150.00,364.00,64.00,59.00,0.8740,1,1
1314,21,376.00,306.00,41.00,27.00,0.8385,1,1
1314,24,821.00,219.00,70.00,57.00,0.9335,1,1
1314,38,268.00,491.00,50.00,39.00,0.4449,1,1
1314,87,177.00,397.00,36.00,37.00,0.2656,1,1
1314,97,127.00,692.00,102.00,118.00,0.9229,1,1
1314,100,519.00,475.00,41.00,36.00,0.4984,1,1
1314,113,271.00,487.00,29.00,38.00,0.3633,1,1
1314,115,170.00,532.00,41.00,31.00,0.3323,1,1
1314,116,394.00,430.00,43.00,33.00,0.5854,1,1
1315,1,345.00,442.00,94.00,87.00,0.9294,1,1
1315,2,562.00,370.00,89.00,70.00,0.9111,1,1
1315,4,361.00,253.00,59.00,57.00,0.8871,1,1
1315,5,148.00,364.00,64.00,60.00,0.8664,1,1
1315,21,376.00,306.00,40.00,27.00,0.8415,1,1
1315,24,821.00,219.00,70.00,56.00,0.9344,1,1
1315,34,500.00,380.00,37.00,32.00,0.3273,1,1
1315,87,176.00,394.00,35.00,40.00,0.4129,1,1
1315,97,132.00,691.00,99.00,115.00,0.9273,1,1
1315,100,518.00,478.00,40.00,37.00,0.6585,1,1
1315,115,165.00,533.00,41.00,31.00,0.3323,1,1
1315,116,392.00,430.00,44.00,32.00,0.3017,1,1
1315,118,173.00,399.00,39.00,46.00,0.8741,1,1
1316,1,344.00,442.00,94.00,87.00,0.9319,1,1
1316,2,563.00,369.00,88.00,70.00,0.9168,1,1
1316,4,361.00,253.00,58.00,58.00,0.8799,1,1
1316,5,147.00,366.00,62.00,61.00,0.8794,1,1
1316,21,375.00,306.00,40.00,26.00,0.8680,1,1
1316,24,821.00,218.00,70.00,57.00,0.9348,1,1
1316,34,500.00,379.00,39.00,30.00,0.4948,1,1
1316,87,175.00,393.00,33.00,41.00,0.2845,1,1
1316,97,134.00,689.00,99.00,116.00,0.9249,1,1
1316,100,518.00,479.00,41.00,38.00,0.5947,1,1
1316,116,391.00,430.00,44.00,32.00,0.3068,1,1
1316,118,172.00,399.00,37.00,48.00,0.8186,1,1
1317,1,343.00,442.00,95.00,87.00,0.9200,1,1
1317,2,562.00,370.00,88.00,69.00,0.9183,1,1
1317,4,360.00,253.00,59.00,58.00,0.8872,1,1
1317,5,145.00,368.00,60.00,60.00,0.8713,1,1
1317,21,375.00,307.00,40.00,25.00,0.8860,1,1
1317,24,823.00,218.00,68.00,55.00,0.9306,1,1
1317,34,501.00,375.00,40.00,33.00,0.6380,1,1
1317,87,170.00,406.00,37.00,41.00,0.8546,1,1
1317,97,136.00,688.00,99.00,115.00,0.9293,1,1
1317,100,519.00,481.00,42.00,36.00,0.5064,1,1
1317,116,388.00,430.00,45.00,32.00,0.3068,1,1
1317,118,170.00,399.00,38.00,49.00,0.8186,1,1
1318,1,342.00,442.00,96.00,86.00,0.9049,1,1
1318,2,561.00,370.00,89.00,70.00,0.9215,1,1
1318,4,360.00,253.00,58.00,60.00,0.8878,1,1
1318,5,144.00,371.00,59.00,61.00,0.8176,1,1
1318,21,375.00,307.00,39.00,25.00,0.9038,1,1
1318,24,823.00,217.00,69.00,56.00,0.9290,1,1
1318,34,501.00,374.00,40.00,34.00,0.7443,1,1
1318,87,169.00,416.00,40.00,35.00,0.4324,1,1
1318,97,136.00,687.00,100.00,113.00,0.9369,1,1
1318,100,519.00,482.00,41.00,35.00,0.6777,1,1
1318,115,170.00,426.00,35.00,31.00,0.3941,1,1
1318,116,385.00,426.00,46.00,32.00,0.2908,1,1
1318,118,169.00,406.00,38.00,43.00,0.8308,1,1
1319,1,341.00,442.00,99.00,86.00,0.9148,1,1
1319,2,561.00,370.00,88.00,70.00,0.9216,1,1
1319,4,360.00,252.00,58.00,62.00,0.9002,1,1
1319,5,142.00,372.00,59.00,65.00,0.7945,1,1
1319,21,374.00,307.00,39.00,26.00,0.8988,1,1
1319,24,825.00,217.00,67.00,56.00,0.9250,1,1
1319,34,500.00,373.00,39.00,33.00,0.5978,1,1
1319,38,262.00,495.00,37.00,34.00,0.3440,1,1
1319,87,168.00,416.00,39.00,37.00,0.6571,1,1
1319,97,137.00,684.00,100.00,114.00,0.9282,1,1
1319,100,519.00,484.00,40.00,32.00,0.6927,1,1
1319,115,167.00,416.00,35.00,32.00,0.3941,1,1
1319,116,382.00,426.00,46.00,32.00,0.2908,1,1
1319,118,166.00,411.00,42.00,41.00,0.4979,1,1
1320,1,340.00,443.00,99.00,85.00,0.9079,1,1
1320,2,561.00,370.00,87.00,70.00,0.9228,1,1
1320,4,359.00,252.00,58.00,62.00,0.9047,1,1
1320,5,140.00,374.00,60.00,63.00,0.8089,1,1
1320,21,373.00,307.00,40.00,26.00,0.8808,1,1
1320,24,825.00,216.00,68.00,56.00,0.9200,1,1
1320,34,501.00,370.00,32.00,33.00,0.4251,1,1
1320,38,263.00,495.00,42.00,33.00,0.4553,1,1
1320,87,167.00,415.00,40.00,38.00,0.5118,1,1
1320,97,135.00,683.00,101.00,115.00,0.9248,1,1
1320,100,520.00,484.00,37.00,31.00,0.7470,1,1
1320,118,166.00,409.00,41.00,44.00,0.5630,1,1
1321,1,340.00,443.00,98.00,85.00,0.9051,1,1
1321,2,561.00,371.00,88.00,69.00,0.9232,1,1
1321,4,359.00,251.00,58.00,64.00,0.9090,1,1
1321,5,139.00,377.00,59.00,62.00,0.8439,1,1
1321,21,373.00,307.00,39.00,26.00,0.8661,1,1
1321,24,826.00,215.00,69.00,55.00,0.9125,1,1
1321,34,501.00,369.00,36.00,34.00,0.4277,1,1
1321,38,266.00,495.00,35.00,33.00,0.6528,1,1
1321,87,165.00,417.00,40.00,39.00,0.4839,1,1
1321,97,135.00,682.00,99.00,116.00,0.9325,1,1
1321,100,521.00,484.00,38.00,32.00,0.7825,1,1
1321,118,165.00,409.00,41.00,46.00,0.5849,1,1
1322,1,338.00,443.00,100.00,84.00,0.9081,1,1
1322,2,560.00,371.00,89.00,69.00,0.9236,1,1
1322,4,359.00,252.00,57.00,63.00,0.9175,1,1
1322,5,139.00,380.00,58.00,61.00,0.8026,1,1
1322,21,374.00,308.00,38.00,25.00,0.8611,1,1
1322,24,826.00,214.00,70.00,55.00,0.9071,1,1
1322,34,501.00,371.00,37.00,33.00,0.4887,1,1
1322,38,268.00,495.00,36.00,32.00,0.6764,1,1
1322,87,165.00,418.00,38.00,39.00,0.3957,1,1
1322,97,133.00,679.00,100.00,117.00,0.9405,1,1
1322,100,521.00,483.00,37.00,33.00,0.7382,1,1
1322,118,164.00,410.00,40.00,47.00,0.6123,1,1
1323,1,337.00,443.00,100.00,85.00,0.9188,1,1
1323,2,560.00,371.00,89.00,70.00,0.9225,1,1
1323,4,359.00,251.00,57.00,64.00,0.9193,1,1
1323,5,138.00,380.00,58.00,64.00,0.8324,1,1
1323,21,374.00,308.00,37.00,25.00,0.8698,1,1
1323,24,827.00,212.00,69.00,56.00,0.9112,1,1
1323,34,504.00,372.00,37.00,33.00,0.4887,1,1
1323,38,269.00,492.00,38.00,33.00,0.6868,1,1
1323,87,164.00,418.00,39.00,41.00,0.2617,1,1
1323,97,132.00,678.00,99.00,117.00,0.9501,1,1
1323,100,521.00,483.00,37.00,34.00,0.7400,1,1
1323,118,164.00,411.00,39.00,47.00,0.6778,1,1
1324,1,336.00,443.00,99.00,84.00,0.9195,1,1
1324,2,560.00,371.00,89.00,70.00,0.9232,1,1
1324,4,359.00,251.00,57.00,64.00,0.9180,1,1
1324,5,138.00,381.00,57.00,63.00,0.8278,1,1
1324,21,374.00,308.00,37.00,25.00,0.8641,1,1
1324,24,828.00,210.00,68.00,56.00,0.9253,1,1
1324,38,271.00,490.00,39.00,31.00,0.6714,1,1
1324,87,163.00,420.00,39.00,40.00,0.2617,1,1
1324,97,128.00,678.00,101.00,115.00,0.9543,1,1
1324,100,521.00,484.00,37.00,34.00,0.7645,1,1
1324,115,169.00,453.00,28.00,21.00,0.3113,1,1
1324,118,164.00,412.00,40.00,47.00,0.7429,1,1
1325,1,335.00,443.00,97.00,84.00,0.9176,1,1
1325,2,561.00,371.00,88.00,70.00,0.9246,1,1
1325,4,359.00,251.00,56.00,64.00,0.9207,1,1
1325,5,138.00,382.00,56.00,63.00,0.8154,1,1
1325,21,373.00,308.00,38.00,25.00,0.8654,1,1
1325,24,828.00,210.00,69.00,55.00,0.9265,1,1
1325,38,276.00,487.00,42.00,32.00,0.8843,1,1
1325,97,125.00,678.00,100.00,113.00,0.9509,1,1
1325,100,518.00,486.00,40.00,35.00,0.7445,1,1
1325,110,501.00,376.00,38.00,38.00,0.2660,1,1
1325,115,168.00,452.00,27.00,21.00,0.3113,1,1
1325,118,164.00,413.00,40.00,46.00,0.7556,1,1
1326,1,336.00,444.00,95.00,82.00,0.9165,1,1
1326,2,560.00,371.00,89.00,70.00,0.9263,1,1
1326,4,358.00,251.00,58.00,64.00,0.9220,1,1
1326,5,139.00,382.00,55.00,62.00,0.8536,1,1
1326,21,373.00,308.00,38.00,24.00,0.8776,1,1
1326,24,830.00,209.00,68.00,55.00,0.9211,1,1
1326,34,503.00,379.00,35.00,35.00,0.3207,1,1
1326,38,280.00,485.00,41.00,32.00,0.8882,1,1
1326,97,120.00,679.00,97.00,112.00,0.9528,1,1
1326,100,520.00,486.00,38.00,35.00,0.7400,1,1
1326,110,502.00,377.00,38.00,37.00,0.2660,1,1
1326,118,165.00,414.00,41.00,46.00,0.7966,1,1
1327,1,336.00,443.00,95.00,82.00,0.9092,1,1
1327,2,560.00,371.00,89.00,70.00,0.9259,1,1
1327,4,358.00,251.00,58.00,63.00,0.9210,1,1
1327,5,140.00,382.00,55.00,62.00,0.8414,1,1
1327,14,503.00,379.00,35.00,33.00,0.4239,1,1
1327,21,373.00,308.00,38.00,25.00,0.8928,1,1
1327,24,829.00,208.00,69.00,55.00,0.9178,1,1
1327,34,504.00,380.00,36.00,35.00,0.3207,1,1
1327,38,285.00,483.00,42.00,32.00,0.8506,1,1
1327,97,111.00,677.00,100.00,116.00,0.9540,1,1
1327,100,518.00,488.00,40.00,35.00,0.7712,1,1
1327,118,165.00,414.00,41.00,46.00,0.8034,1,1
1328,1,337.00,441.00,89.00,84.00,0.9049,1,1
1328,2,560.00,371.00,89.00,70.00,0.9258,1,1
1328,4,359.00,251.00,57.00,64.00,0.9239,1,1
1328,5,141.00,381.00,54.00,62.00,0.8092,1,1
1328,14,501.00,378.00,35.00,33.00,0.2944,1,1
1328,21,374.00,308.00,37.00,24.00,0.8827,1,1
1328,24,830.00,206.00,68.00,55.00,0.9179,1,1
1328,38,287.00,479.00,43.00,34.00,0.8275,1,1
1328,87,167.00,421.00,40.00,40.00,0.2622,1,1
1328,97,104.00,678.00,95.00,115.00,0.9543,1,1
1328,100,518.00,489.00,40.00,36.00,0.7696,1,1
1328,118,166.00,413.00,41.00,47.00,0.7304,1,1
1329,1,338.00,442.00,91.00,83.00,0.9038,1,1
1329,2,560.00,371.00,89.00,70.00,0.9258,1,1
1329,4,359.00,251.00,57.00,64.00,0.9248,1,1
1329,5,142.00,380.00,55.00,62.00,0.8328,1,1
1329,14,502.00,378.00,34.00,33.00,0.2944,1,1
1329,21,374.00,308.00,38.00,24.00,0.8740,1,1
1329,24,831.00,205.00,68.00,54.00,0.9166,1,1
1329,34,500.00,374.00,33.00,35.00,0.4962,1,1
1329,38,287.00,476.00,49.00,34.00,0.7769,1,1
1329,87,167.00,422.00,40.00,40.00,0.2622,1,1
1329,97,97.00,679.00,96.00,113.00,0.9454,1,1
1329,100,518.00,490.00,39.00,37.00,0.7766,1,1
1329,118,167.00,413.00,40.00,46.00,0.8291,1,1
1330,1,339.00,441.00,86.00,81.00,0.9065,1,1
1330,2,560.00,371.00,89.00,70.00,0.9266,1,1
1330,4,359.00,251.00,58.00,64.00,0.9255,1,1
1330,5,144.00,379.00,57.00,62.00,0.8613,1,1
1330,21,375.00,308.00,37.00,24.00,0.8514,1,1
1330,24,832.00,203.00,68.00,54.00,0.9140,1,1
1330,34,500.00,369.00,31.00,35.00,0.3231,1,1
1330,38,287.00,474.00,49.00,35.00,0.8149,1,1
1330,97,88.00,682.00,95.00,111.00,0.9357,1,1
1330,100,517.00,491.00,41.00,36.00,0.7097,1,1
1330,118,169.00,412.00,40.00,44.00,0.8761,1,1
1331,1,340.00,440.00,85.00,81.00,0.9296,1,1
1331,2,560.00,371.00,89.00,70.00,0.9239,1,1
1331,4,360.00,252.00,57.00,63.00,0.9301,1,1
1331,5,146.00,379.00,57.00,60.00,0.8318,1,1
1331,21,375.00,308.00,38.00,24.00,0.8450,1,1
1331,24,832.00,202.00,68.00,55.00,0.9211,1,1
1331,34,500.00,369.00,31.00,35.00,0.3231,1,1
1331,38,288.00,473.00,50.00,35.00,0.8149,1,1
1331,87,172.00,420.00,39.00,37.00,0.2680,1,1
1331,97,79.00,687.00,90.00,109.00,0.9360,1,1
1331,100,517.00,491.00,40.00,37.00,0.7726,1,1
1331,110,501.00,372.00,38.00,35.00,0.4918,1,1
1331,113,360.00,410.00,50.00,29.00,0.2776,1,1
1331,116,287.00,477.00,44.00,29.00,0.8388,1,1
1331,118,170.00,408.00,40.00,47.00,0.7756,1,1
1332,1,340.00,439.00,85.00,82.00,0.9332,1,1
1332,2,560.00,371.00,89.00,70.00,0.9254,1,1
1332,4,360.00,252.00,60.00,63.00,0.9195,1,1
1332,5,147.00,376.00,60.00,63.00,0.8545,1,1
1332,21,375.00,308.00,38.00,24.00,0.8672,1,1
1332,24,832.00,201.00,68.00,55.00,0.9249,1,1
1332,34,501.00,367.00,42.00,37.00,0.4276,1,1
1332,87,173.00,413.00,39.00,42.00,0.7848,1,1
1332,97,69.00,690.00,87.00,107.00,0.9299,1,1
1332,100,517.00,492.00,39.00,36.00,0.7945,1,1
1332,110,501.00,372.00,38.00,34.00,0.4918,1,1
1332,113,366.00,406.00,50.00,28.00,0.2776,1,1
1332,116,284.00,478.00,48.00,31.00,0.7798,1,1
1332,118,171.00,408.00,39.00,48.00,0.7756,1,1
1333,1,339.00,439.00,86.00,82.00,0.9420,1,1
1333,2,559.00,371.00,90.00,71.00,0.9238,1,1
1333,4,361.00,252.00,59.00,63.00,0.9090,1,1
1333,5,148.00,375.00,62.00,59.00,0.8674,1,1
1333,14,499.00,362.00,39.00,30.00,0.3286,1,1
1333,21,375.00,308.00,39.00,24.00,0.8696,1,1
1333,24,832.00,201.00,69.00,54.00,0.9266,1,1
1333,34,501.00,367.00,44.00,36.00,0.4276,1,1
1333,87,176.00,413.00,38.00,42.00,0.8622,1,1
1333,97,59.00,693.00,87.00,107.00,0.9215,1,1
1333,100,516.00,493.00,39.00,34.00,0.8225,1,1
1333,116,285.00,485.00,46.00,30.00,0.6568,1,1
1334,1,340.00,438.00,87.00,83.00,0.9357,1,1
1334,2,559.00,372.00,90.00,70.00,0.9224,1,1
1334,4,362.00,251.00,57.00,64.00,0.8926,1,1
1334,5,150.00,374.00,62.00,58.00,0.8766,1,1
1334,14,499.00,360.00,38.00,27.00,0.5844,1,1
1334,21,375.00,307.00,39.00,25.00,0.8572,1,1
1334,24,834.00,200.00,67.00,54.00,0.9320,1,1
1334,38,274.00,486.00,40.00,34.00,0.6827,1,1
1334,87,176.00,413.00,39.00,42.00,0.8622,1,1
1334,97,48.00,694.00,91.00,110.00,0.9233,1,1
1334,100,515.00,493.00,40.00,34.00,0.7857,1,1
1334,116,280.00,488.00,47.00,30.00,0.6568,1,1
1334,118,177.00,408.00,40.00,46.00,0.8544,1,1
1335,1,340.00,438.00,93.00,83.00,0.9379,1,1
1335,2,558.00,372.00,90.00,71.00,0.9190,1,1
1335,4,362.00,251.00,58.00,64.00,0.8840,1,1
1335,5,150.00,373.00,63.00,59.00,0.8789,1,1
1335,14,499.00,360.00,39.00,27.00,0.6739,1,1
1335,21,376.00,307.00,38.00,25.00,0.8377,1,1
1335,24,834.00,199.00,67.00,55.00,0.9374,1,1
1335,38,274.00,487.00,39.00,33.00,0.6827,1,1
1335,87,178.00,416.00,39.00,37.00,0.4272,1,1
1335,97,36.00,697.00,91.00,109.00,0.9201,1,1
1335,100,515.00,493.00,39.00,33.00,0.7405,1,1
1335,118,178.00,409.00,40.00,44.00,0.8879,1,1
1336,1,340.00,438.00,94.00,82.00,0.9424,1,1
1336,2,558.00,373.00,90.00,70.00,0.9202,1,1
1336,4,363.00,251.00,57.00,63.00,0.8857,1,1
1336,5,152.00,372.00,64.00,58.00,0.8874,1,1
1336,14,497.00,358.00,40.00,27.00,0.6677,1,1
1336,21,376.00,307.00,38.00,24.00,0.8209,1,1
1336,24,832.00,198.00,68.00,55.00,0.9447,1,1
1336,87,180.00,416.00,39.00,36.00,0.3760,1,1
1336,97,26.00,699.00,89.00,112.00,0.9160,1,1
1336,100,515.00,492.00,40.00,34.00,0.7222,1,1
1336,118,180.00,409.00,40.00,43.00,0.9058,1,1
1337,1,341.00,438.00,94.00,82.00,0.9466,1,1
1337,2,558.00,373.00,90.00,70.00,0.9206,1,1
1337,4,363.00,251.00,57.00,63.00,0.8738,1,1
1337,5,154.00,372.00,65.00,59.00,0.9080,1,1
1337,14,497.00,356.00,40.00,27.00,0.6677,1,1
1337,21,376.00,307.00,38.00,24.00,0.8045,1,1
1337,24,831.00,198.00,68.00,55.00,0.9461,1,1
1337,87,180.00,416.00,40.00,36.00,0.3760,1,1
1337,97,15.00,703.00,90.00,110.00,0.9320,1,1
1337,100,515.00,492.00,41.00,33.00,0.7234,1,1
1337,110,483.00,352.00,52.00,31.00,0.6502,1,1
1337,118,182.00,409.00,40.00,43.00,0.9189,1,1
1337,119,254.00,494.00,30.00,48.00,0.6373,1,1
1338,1,341.00,437.00,95.00,82.00,0.9457,1,1
1338,2,558.00,373.00,90.00,70.00,0.9210,1,1
1338,4,363.00,251.00,57.00,62.00,0.8598,1,1
1338,5,155.00,372.00,66.00,58.00,0.9080,1,1
1338,21,376.00,307.00,38.00,24.00,0.8231,1,1
1338,24,830.00,198.00,68.00,55.00,0.9421,1,1
1338,38,254.00,504.00,27.00,44.00,0.6806,1,1
1338,97,4.00,705.00,92.00,109.00,0.9427,1,1
1338,100,515.00,492.00,41.00,32.00,0.7244,1,1
1338,110,482.00,351.00,52.00,30.00,0.6502,1,1
1338,118,183.00,408.00,40.00,43.00,0.9343,1,1
1338,119,255.00,503.00,35.00,46.00,0.6196,1,1
1339,1,342.00,437.00,95.00,82.00,0.9454,1,1
1339,2,558.00,373.00,90.00,70.00,0.9204,1,1
1339,4,364.00,251.00,57.00,62.00,0.8714,1,1
1339,5,154.00,372.00,68.00,58.00,0.9156,1,1
1339,21,376.00,307.00,38.00,24.00,0.8279,1,1
1339,24,829.00,198.00,69.00,56.00,0.9433,1,1
1339,38,255.00,506.00,36.00,45.00,0.5591,1,1
1339,97,1.00,706.00,85.00,109.00,0.9444,1,1
1339,100,515.00,492.00,41.00,29.00,0.6276,1,1
1339,118,185.00,407.00,39.00,43.00,0.9271,1,1
1339,119,254.00,504.00,26.00,46.00,0.5334,1,1
1340,1,343.00,437.00,95.00,81.00,0.9481,1,1
1340,2,558.00,373.00,90.00,71.00,0.9166,1,1
1340,4,363.00,251.00,58.00,63.00,0.8798,1,1
1340,5,155.00,372.00,68.00,56.00,0.9092,1,1
1340,21,376.00,307.00,39.00,24.00,0.8418,1,1
1340,24,827.00,200.00,69.00,55.00,0.9295,1,1
1340,34,467.00,361.00,37.00,46.00,0.5942,1,1
1340,38,254.00,502.00,24.00,45.00,0.3731,1,1
1340,97,0.00,707.00,78.00,110.00,0.9376,1,1
1340,100,514.00,491.00,41.00,30.00,0.5122,1,1
1340,116,253.00,493.00,22.00,40.00,0.3020,1,1
1340,118,186.00,408.00,39.00,41.00,0.8978,1,1
1340,119,254.00,508.00,27.00,43.00,0.2575,1,1
1341,1,344.00,436.00,96.00,83.00,0.9448,1,1
1341,2,558.00,373.00,90.00,71.00,0.9143,1,1
1341,4,363.00,250.00,58.00,64.00,0.8682,1,1
1341,5,155.00,371.00,69.00,58.00,0.9122,1,1
1341,21,376.00,307.00,39.00,24.00,0.8345,1,1
1341,24,825.00,200.00,70.00,56.00,0.9257,1,1
1341,34,464.00,360.00,38.00,48.00,0.5942,1,1
1341,38,253.00,502.00,25.00,44.00,0.4485,1,1
1341,87,184.00,409.00,41.00,39.00,0.8953,1,1
1341,97,0.00,708.00,74.00,109.00,0.9229,1,1
1341,100,514.00,491.00,41.00,30.00,0.5122,1,1
1341,113,462.00,372.00,36.00,40.00,0.2767,1,1
1341,116,248.00,495.00,20.00,40.00,0.3020,1,1
1341,118,187.00,408.00,39.00,41.00,0.8978,1,1
1341,119,253.00,498.00,23.00,38.00,0.2906,1,1
1342,1,343.00,435.00,98.00,83.00,0.9460,1,1
1342,2,560.00,372.00,89.00,71.00,0.9181,1,1
1342,4,363.00,250.00,58.00,64.00,0.8747,1,1
1342,5,154.00,371.00,70.00,58.00,0.9134,1,1
1342,21,376.00,307.00,39.00,24.00,0.8406,1,1
1342,24,824.00,201.00,70.00,56.00,0.9311,1,1
1342,38,251.00,503.00,25.00,45.00,0.4485,1,1
1342,87,188.00,410.00,37.00,37.00,0.8580,1,1
1342,97,0.00,708.00,64.00,109.00,0.9335,1,1
1342,113,470.00,368.00,36.00,41.00,0.2767,1,1
1342,119,253.00,503.00,24.00,39.00,0.6396,1,1
1343,1,343.00,435.00,98.00,82.00,0.9486,1,1
1343,2,561.00,372.00,89.00,71.00,0.9225,1,1
1343,4,363.00,250.00,58.00,64.00,0.8695,1,1
1343,5,154.00,371.00,71.00,58.00,0.9114,1,1
1343,21,376.00,307.00,39.00,24.00,0.8399,1,1
1343,24,822.00,202.00,71.00,55.00,0.9334,1,1
1343,34,449.00,382.00,31.00,49.00,0.7559,1,1
1343,38,254.00,505.00,26.00,42.00,0.2607,1,1
1343,87,184.00,412.00,42.00,35.00,0.7967,1,1
1343,97,0.00,710.00,61.00,107.00,0.9326,1,1
1343,100,519.00,485.00,40.00,30.00,0.4463,1,1
1343,115,178.00,418.00,46.00,32.00,0.4471,1,1
1343,116,252.00,501.00,22.00,33.00,0.5097,1,1
1343,118,194.00,404.00,34.00,43.00,0.6796,1,1
1343,119,253.00,503.00,23.00,37.00,0.6154,1,1
1344,1,345.00,435.00,95.00,80.00,0.9466,1,1
1344,2,562.00,372.00,89.00,71.00,0.9266,1,1
1344,4,363.00,250.00,58.00,64.00,0.8763,1,1
1344,5,155.00,371.00,70.00,58.00,0.9093,1,1
1344,14,337.00,408.00,49.00,26.00,0.2582,1,1
1344,21,376.00,307.00,39.00,25.00,0.8317,1,1
1344,24,822.00,202.00,71.00,56.00,0.9327,1,1
1344,34,446.00,386.00,30.00,50.00,0.4332,1,1
1344,38,253.00,506.00,24.00,40.00,0.2641,1,1
1344,87,178.00,415.00,47.00,32.00,0.8045,1,1
1344,97,0.00,710.00,59.00,107.00,0.9358,1,1
1344,100,519.00,485.00,40.00,28.00,0.7058,1,1
1344,115,178.00,416.00,47.00,33.00,0.4471,1,1
1344,116,248.00,503.00,22.00,33.00,0.5097,1,1
1344,118,192.00,404.00,35.00,43.00,0.6353,1,1
1344,119,253.00,503.00,23.00,36.00,0.6065,1,1
1345,1,344.00,435.00,97.00,81.00,0.9426,1,1
1345,2,563.00,372.00,89.00,72.00,0.9292,1,1
1345,4,363.00,250.00,58.00,64.00,0.8804,1,1
1345,5,154.00,371.00,71.00,59.00,0.9129,1,1
1345,14,325.00,412.00,49.00,26.00,0.2582,1,1
1345,21,376.00,308.00,39.00,24.00,0.8514,1,1
1345,24,821.00,203.00,71.00,56.00,0.9312,1,1
1345,34,443.00,390.00,28.00,49.00,0.5525,1,1
1345,38,251.00,508.00,25.00,40.00,0.2641,1,1
1345,87,177.00,417.00,47.00,31.00,0.7953,1,1
1345,97,0.00,710.00,56.00,106.00,0.9437,1,1
1345,100,522.00,483.00,40.00,27.00,0.7766,1,1
1345,115,180.00,410.00,45.00,35.00,0.5884,1,1
1345,116,253.00,502.00,20.00,31.00,0.3795,1,1
1345,118,197.00,402.00,31.00,44.00,0.6590,1,1
1345,119,253.00,504.00,22.00,35.00,0.5799,1,1
1346,1,345.00,435.00,96.00,82.00,0.9413,1,1
1346,2,564.00,372.00,89.00,71.00,0.9238,1,1
1346,4,364.00,250.00,56.00,64.00,0.8790,1,1
1346,5,155.00,371.00,71.00,59.00,0.9124,1,1
1346,14,338.00,410.00,46.00,26.00,0.3722,1,1
1346,21,376.00,308.00,38.00,24.00,0.8571,1,1
1346,24,820.00,203.00,72.00,56.00,0.9307,1,1
1346,34,437.00,396.00,33.00,47.00,0.5892,1,1
1346,38,254.00,507.00,25.00,39.00,0.2792,1,1
1346,87,176.00,420.00,48.00,30.00,0.7858,1,1
1346,97,0.00,710.00,51.00,106.00,0.9503,1,1
1346,100,525.00,480.00,40.00,29.00,0.7399,1,1
1346,115,180.00,410.00,46.00,35.00,0.6033,1,1
1346,116,250.00,504.00,20.00,31.00,0.3795,1,1
1346,118,199.00,401.00,29.00,45.00,0.6625,1,1
1346,119,254.00,504.00,21.00,36.00,0.5890,1,1
1347,1,347.00,435.00,95.00,81.00,0.9485,1,1
1347,2,566.00,372.00,88.00,71.00,0.9233,1,1
1347,4,364.00,249.00,57.00,65.00,0.8714,1,1
1347,5,156.00,371.00,70.00,59.00,0.9091,1,1
1347,14,330.00,413.00,46.00,25.00,0.3722,1,1
1347,21,376.00,308.00,38.00,24.00,0.8442,1,1
1347,24,820.00,203.00,71.00,56.00,0.9288,1,1
1347,34,431.00,398.00,36.00,48.00,0.5062,1,1
1347,38,253.00,508.00,25.00,39.00,0.2792,1,1
1347,87,177.00,420.00,47.00,30.00,0.8008,1,1
1347,97,0.00,710.00,50.00,106.00,0.9477,1,1
1347,100,527.00,480.00,40.00,27.00,0.8180,1,1
1347,115,180.00,411.00,46.00,34.00,0.6403,1,1
1347,116,253.00,503.00,20.00,32.00,0.2998,1,1
1347,118,195.00,404.00,33.00,43.00,0.6261,1,1
1347,119,254.00,505.00,22.00,37.00,0.6253,1,1
1348,1,347.00,435.00,94.00,79.00,0.9508,1,1
1348,2,567.00,372.00,87.00,71.00,0.9234,1,1
1348,4,364.00,249.00,56.00,66.00,0.8742,1,1
1348,5,156.00,370.00,70.00,61.00,0.9054,1,1
1348,14,338.00,410.00,44.00,26.00,0.4134,1,1
1348,21,375.00,307.00,39.00,25.00,0.8417,1,1
1348,24,820.00,203.00,71.00,55.00,0.9267,1,1
1348,34,428.00,402.00,34.00,45.00,0.4449,1,1
1348,38,254.00,504.00,22.00,39.00,0.6533,1,1
1348,87,176.00,420.00,47.00,31.00,0.8108,1,1
1348,97,0.00,708.00,49.00,108.00,0.9415,1,1
1348,100,530.00,477.00,37.00,28.00,0.6742,1,1
1348,115,178.00,411.00,48.00,35.00,0.6044,1,1
1348,116,251.00,505.00,20.00,32.00,0.2998,1,1
1348,118,194.00,404.00,34.00,44.00,0.5892,1,1
1348,119,253.00,506.00,22.00,36.00,0.6253,1,1
1349,1,348.00,434.00,94.00,82.00,0.9341,1,1
1349,2,567.00,372.00,88.00,71.00,0.9216,1,1
1349,4,363.00,249.00,57.00,66.00,0.8808,1,1
1349,5,156.00,370.00,72.00,59.00,0.8959,1,1
1349,14,340.00,409.00,45.00,27.00,0.5795,1,1
1349,21,375.00,308.00,39.00,25.00,0.8568,1,1
1349,24,820.00,203.00,71.00,55.00,0.9279,1,1
1349,34,428.00,403.00,32.00,41.00,0.5118,1,1
1349,38,255.00,509.00,24.00,39.00,0.6796,1,1
1349,87,175.00,421.00,47.00,30.00,0.7978,1,1
1349,97,0.00,706.00,48.00,107.00,0.9428,1,1
1349,100,534.00,474.00,37.00,29.00,0.4985,1,1
1349,115,178.00,412.00,48.00,34.00,0.5950,1,1
1349,118,196.00,405.00,32.00,43.00,0.5080,1,1
1349,119,254.00,505.00,21.00,35.00,0.2983,1,1
1350,1,350.00,433.00,94.00,85.00,0.9293,1,1
1350,2,568.00,372.00,87.00,71.00,0.9240,1,1
1350,4,362.00,250.00,58.00,65.00,0.8891,1,1
1350,5,156.00,370.00,72.00,59.00,0.8935,1,1
1350,14,339.00,409.00,47.00,27.00,0.6545,1,1
1350,21,375.00,308.00,38.00,26.00,0.8614,1,1
1350,24,819.00,203.00,72.00,56.00,0.9275,1,1
1350,34,428.00,404.00,31.00,42.00,0.5967,1,1
1350,38,255.00,509.00,25.00,40.00,0.6890,1,1
1350,87,175.00,423.00,46.00,29.00,0.7797,1,1
1350,97,0.00,703.00,48.00,107.00,0.9345,1,1
1350,100,538.00,471.00,38.00,28.00,0.4286,1,1
1350,115,178.00,413.00,48.00,33.00,0.5795,1,1
1350,118,197.00,406.00,32.00,42.00,0.4507,1,1
1350,119,254.00,505.00,20.00,34.00,0.2983,1,1
1351,1,353.00,432.00,93.00,86.00,0.9361,1,1
1351,2,569.00,373.00,87.00,71.00,0.9233,1,1
1351,4,362.00,250.00,57.00,65.00,0.8785,1,1
1351,5,156.00,370.00,73.00,59.00,0.8989,1,1
1351,14,342.00,409.00,45.00,27.00,0.6387,1,1
1351,21,375.00,308.00,38.00,26.00,0.8707,1,1
1351,24,819.00,203.00,72.00,56.00,0.9264,1,1
1351,34,428.00,403.00,31.00,43.00,0.5018,1,1
1351,38,255.00,509.00,25.00,40.00,0.6748,1,1
1351,87,175.00,423.00,45.00,29.00,0.7875,1,1
1351,97,0.00,699.00,47.00,107.00,0.9282,1,1
1351,100,541.00,469.00,39.00,26.00,0.6844,1,1
1351,115,177.00,416.00,48.00,31.00,0.5879,1,1
1351,118,197.00,408.00,32.00,40.00,0.3408,1,1
1352,1,355.00,431.00,92.00,85.00,0.9415,1,1
1352,2,569.00,373.00,87.00,71.00,0.9257,1,1
1352,4,362.00,250.00,57.00,65.00,0.8575,1,1
1352,5,157.00,370.00,73.00,60.00,0.9020,1,1
1352,14,344.00,409.00,43.00,26.00,0.5403,1,1
1352,21,375.00,309.00,38.00,25.00,0.8686,1,1
1352,24,819.00,203.00,72.00,56.00,0.9262,1,1
1352,34,428.00,403.00,32.00,41.00,0.2803,1,1
1352,38,255.00,509.00,25.00,41.00,0.6783,1,1
1352,87,175.00,423.00,45.00,28.00,0.7909,1,1
1352,97,0.00,696.00,46.00,108.00,0.9192,1,1
1352,100,545.00,467.00,39.00,27.00,0.7085,1,1
1352,115,177.00,416.00,49.00,31.00,0.6405,1,1
1352,118,194.00,409.00,36.00,40.00,0.3352,1,1
1353,1,357.00,431.00,91.00,86.00,0.9394,1,1
1353,2,570.00,373.00,86.00,71.00,0.9301,1,1
1353,4,362.00,250.00,57.00,65.00,0.8603,1,1
1353,5,157.00,370.00,74.00,61.00,0.9041,1,1
1353,14,346.00,409.00,43.00,26.00,0.4702,1,1
1353,21,374.00,309.00,39.00,25.00,0.8633,1,1
1353,24,819.00,203.00,72.00,56.00,0.9243,1,1
1353,34,430.00,402.00,32.00,41.00,0.5318,1,1
1353,38,255.00,509.00,26.00,41.00,0.7315,1,1
1353,87,176.00,423.00,44.00,29.00,0.7915,1,1
1353,97,0.00,696.00,45.00,106.00,0.9173,1,1
1353,100,548.00,466.00,40.00,28.00,0.4721,1,1
1353,115,178.00,415.00,49.00,32.00,0.7093,1,1
1353,118,203.00,408.00,29.00,39.00,0.3613,1,1
1354,1,358.00,431.00,92.00,85.00,0.9430,1,1
1354,2,571.00,373.00,86.00,71.00,0.9274,1,1
1354,4,362.00,251.00,56.00,64.00,0.8656,1,1
1354,5,159.00,372.00,73.00,60.00,0.9168,1,1
1354,14,346.00,409.00,45.00,27.00,0.5358,1,1
1354,21,374.00,309.00,39.00,25.00,0.8597,1,1
1354,24,819.00,203.00,72.00,56.00,0.9207,1,1
1354,34,429.00,402.00,34.00,42.00,0.5595,1,1
1354,38,256.00,510.00,27.00,40.00,0.7133,1,1
1354,87,176.00,423.00,45.00,30.00,0.7932,1,1
1354,97,0.00,689.00,44.00,112.00,0.8749,1,1
1354,100,550.00,464.00,41.00,28.00,0.4721,1,1
1354,115,179.00,415.00,49.00,32.00,0.7767,1,1
1354,118,204.00,409.00,29.00,38.00,0.4128,1,1
1355,1,359.00,431.00,93.00,85.00,0.9492,1,1
1355,2,571.00,373.00,86.00,71.00,0.9290,1,1
1355,4,362.00,251.00,56.00,64.00,0.8651,1,1
1355,5,160.00,372.00,73.00,60.00,0.9183,1,1
1355,14,346.00,409.00,46.00,26.00,0.3508,1,1
1355,21,374.00,309.00,39.00,25.00,0.8581,1,1
1355,24,819.00,203.00,72.00,56.00,0.9190,1,1
1355,34,429.00,399.00,33.00,44.00,0.7423,1,1
1355,38,255.00,509.00,25.00,40.00,0.6016,1,1
1355,87,177.00,423.00,44.00,31.00,0.7902,1,1
1355,97,0.00,684.00,43.00,117.00,0.8598,1,1
1355,115,179.00,415.00,50.00,32.00,0.7816,1,1
1355,118,203.00,410.00,30.00,37.00,0.3768,1,1
1355,119,254.00,501.00,22.00,36.00,0.2814,1,1
1356,1,360.00,431.00,93.00,85.00,0.9454,1,1
1356,2,573.00,373.00,84.00,71.00,0.9259,1,1
1356,4,362.00,250.00,57.00,65.00,0.8657,1,1
1356,5,160.00,372.00,74.00,61.00,0.9033,1,1
1356,14,345.00,410.00,46.00,26.00,0.3508,1,1
1356,21,374.00,309.00,39.00,25.00,0.8515,1,1
1356,24,818.00,204.00,72.00,55.00,0.9153,1,1
1356,34,430.00,398.00,33.00,45.00,0.7494,1,1
1356,38,256.00,509.00,26.00,38.00,0.6709,1,1
1356,87,179.00,425.00,41.00,30.00,0.6840,1,1
1356,97,0.00,679.00,45.00,114.00,0.8623,1,1
1356,115,180.00,416.00,49.00,33.00,0.7258,1,1
1356,118,204.00,409.00,30.00,36.00,0.3123,1,1
1356,119,254.00,501.00,24.00,38.00,0.4062,1,1
1357,1,361.00,431.00,92.00,85.00,0.9436,1,1
1357,2,573.00,373.00,85.00,71.00,0.9271,1,1
1357,4,362.00,250.00,57.00,65.00,0.8659,1,1
1357,5,161.00,373.00,73.00,61.00,0.9098,1,1
1357,21,375.00,308.00,38.00,26.00,0.8500,1,1
1357,24,818.00,204.00,72.00,55.00,0.9138,1,1
1357,34,431.00,397.00,33.00,46.00,0.8106,1,1
1357,38,256.00,508.00,29.00,39.00,0.7671,1,1
1357,87,179.00,427.00,41.00,29.00,0.6382,1,1
1357,97,0.00,672.00,43.00,110.00,0.9030,1,1
1357,115,186.00,415.00,44.00,33.00,0.6837,1,1
1357,116,254.00,502.00,25.00,43.00,0.4866,1,1
1357,118,205.00,410.00,29.00,35.00,0.2552,1,1
1357,119,254.00,501.00,24.00,38.00,0.4062,1,1
1358,1,363.00,431.00,90.00,85.00,0.9363,1,1
1358,2,574.00,373.00,84.00,71.00,0.9289,1,1
1358,4,362.00,250.00,57.00,64.00,0.8665,1,1
1358,5,161.00,373.00,73.00,62.00,0.9108,1,1
1358,21,375.00,308.00,38.00,25.00,0.8474,1,1
1358,24,819.00,204.00,71.00,55.00,0.9115,1,1
1358,34,431.00,396.00,33.00,45.00,0.7764,1,1
1358,38,255.00,505.00,32.00,42.00,0.7600,1,1
1358,87,179.00,426.00,43.00,30.00,0.6593,1,1
1358,97,0.00,665.00,44.00,112.00,0.8947,1,1
1358,115,184.00,416.00,46.00,33.00,0.6740,1,1
1358,116,254.00,501.00,26.00,44.00,0.5780,1,1
1358,118,206.00,411.00,28.00,33.00,0.2518,1,1
1359,1,363.00,431.00,92.00,83.00,0.9286,1,1
1359,2,575.00,373.00,83.00,72.00,0.9247,1,1
1359,4,361.00,249.00,57.00,65.00,0.8594,1,1
1359,5,161.00,373.00,73.00,62.00,0.9074,1,1
1359,14,346.00,406.00,53.00,28.00,0.4051,1,1
1359,21,374.00,308.00,39.00,25.00,0.8284,1,1
1359,24,819.00,204.00,71.00,55.00,0.9119,1,1
1359,34,430.00,396.00,33.00,45.00,0.7764,1,1
1359,38,256.00,504.00,29.00,42.00,0.6532,1,1
1359,87,178.00,427.00,44.00,29.00,0.6243,1,1
1359,97,0.00,660.00,43.00,113.00,0.8704,1,1
1359,110,433.00,396.00,31.00,40.00,0.7059,1,1
1359,115,183.00,417.00,47.00,32.00,0.6506,1,1
1359,116,254.00,501.00,26.00,45.00,0.5780,1,1
1359,118,206.00,411.00,29.00,33.00,0.2518,1,1
1359,119,254.00,501.00,26.00,41.00,0.6459,1,1
1360,1,364.00,431.00,92.00,84.00,0.9380,1,1
1360,2,575.00,373.00,86.00,71.00,0.9217,1,1
1360,4,361.00,248.00,58.00,66.00,0.8715,1,1
1360,5,161.00,374.00,73.00,62.00,0.9065,1,1
1360,14,347.00,406.00,52.00,28.00,0.5116,1,1
1360,21,374.00,307.00,39.00,25.00,0.8355,1,1
1360,24,818.00,204.00,72.00,54.00,0.9102,1,1
1360,38,256.00,503.00,31.00,44.00,0.7889,1,1
1360,87,179.00,426.00,44.00,30.00,0.5621,1,1
1360,97,0.00,654.00,43.00,113.00,0.8826,1,1
1360,110,433.00,396.00,32.00,40.00,0.6765,1,1
1360,113,812.00,384.00,31.00,32.00,0.2970,1,1
1360,115,182.00,417.00,48.00,33.00,0.6394,1,1
1360,118,205.00,411.00,29.00,33.00,0.2771,1,1
1360,119,254.00,501.00,26.00,41.00,0.6459,1,1
1361,1,366.00,430.00,92.00,87.00,0.9393,1,1
1361,2,576.00,373.00,85.00,71.00,0.9200,1,1
1361,4,361.00,249.00,58.00,63.00,0.8772,1,1
1361,5,161.00,374.00,73.00,62.00,0.8949,1,1
1361,14,346.00,406.00,53.00,29.00,0.5944,1,1
1361,21,375.00,307.00,39.00,25.00,0.8031,1,1
1361,24,819.00,204.00,71.00,54.00,0.9181,1,1
1361,38,255.00,500.00,30.00,45.00,0.6204,1,1
1361,87,179.00,425.00,44.00,32.00,0.5459,1,1
1361,97,0.00,650.00,44.00,110.00,0.8835,1,1
1361,110,432.00,396.00,34.00,42.00,0.7354,1,1
1361,113,813.00,385.00,30.00,30.00,0.2938,1,1
1361,115,183.00,415.00,47.00,35.00,0.6286,1,1
1361,118,205.00,411.00,29.00,33.00,0.3048,1,1
1362,1,367.00,430.00,92.00,87.00,0.9432,1,1
1362,2,577.00,373.00,85.00,71.00,0.9222,1,1
1362,4,360.00,249.00,59.00,63.00,0.8927,1,1
1362,5,161.00,374.00,73.00,62.00,0.8907,1,1
1362,14,347.00,407.00,52.00,28.00,0.3519,1,1
1362,21,376.00,307.00,38.00,25.00,0.7638,1,1
1362,24,819.00,204.00,72.00,54.00,0.9219,1,1
1362,34,434.00,396.00,33.00,44.00,0.7888,1,1
1362,38,255.00,500.00,32.00,45.00,0.6727,1,1
1362,87,178.00,426.00,45.00,32.00,0.5696,1,1
1362,97,0.00,643.00,41.00,107.00,0.8529,1,1
1362,110,430.00,398.00,34.00,42.00,0.7354,1,1
1362,113,830.00,385.00,30.00,30.00,0.2938,1,1
1362,115,185.00,415.00,45.00,35.00,0.6504,1,1
1362,118,205.00,411.00,29.00,32.00,0.2927,1,1
1363,1,368.00,431.00,92.00,87.00,0.9440,1,1
1363,2,578.00,373.00,86.00,71.00,0.9173,1,1
1363,4,360.00,249.00,60.00,61.00,0.9012,1,1
1363,5,161.00,374.00,74.00,62.00,0.8926,1,1
1363,14,348.00,407.00,53.00,28.00,0.2883,1,1
1363,21,375.00,305.00,38.00,26.00,0.7227,1,1
1363,24,820.00,203.00,71.00,55.00,0.9207,1,1
1363,34,433.00,396.00,33.00,44.00,0.7888,1,1
1363,38,256.00,499.00,32.00,47.00,0.6411,1,1
1363,87,178.00,425.00,45.00,33.00,0.5943,1,1
1363,97,0.00,639.00,39.00,110.00,0.8525,1,1
1363,110,435.00,396.00,33.00,44.00,0.7922,1,1
1363,115,184.00,414.00,46.00,36.00,0.6614,1,1
1363,118,205.00,410.00,30.00,33.00,0.2879,1,1
1364,1,368.00,430.00,94.00,88.00,0.9455,1,1
1364,2,579.00,373.00,85.00,71.00,0.9163,1,1
1364,4,358.00,249.00,65.00,60.00,0.8896,1,1
1364,5,161.00,374.00,74.00,62.00,0.8921,1,1
1364,14,351.00,407.00,53.00,28.00,0.3676,1,1
1364,21,376.00,303.00,38.00,27.00,0.6855,1,1
1364,24,821.00,203.00,70.00,54.00,0.9187,1,1
1364,34,434.00,395.00,37.00,42.00,0.6536,1,1
1364,38,256.00,496.00,32.00,48.00,0.5583,1,1
1364,87,178.00,426.00,44.00,32.00,0.6069,1,1
1364,97,0.00,635.00,36.00,112.00,0.8543,1,1
1364,110,434.00,397.00,33.00,45.00,0.7922,1,1
1364,115,182.00,415.00,48.00,36.00,0.6519,1,1
1364,118,205.00,411.00,30.00,32.00,0.2879,1,1
1365,1,369.00,430.00,94.00,88.00,0.9468,1,1
1365,2,579.00,372.00,83.00,72.00,0.9095,1,1
1365,4,357.00,250.00,67.00,57.00,0.8766,1,1
1365,5,161.00,374.00,74.00,62.00,0.8935,1,1
1365,14,354.00,407.00,52.00,28.00,0.3078,1,1
1365,21,374.00,300.00,41.00,27.00,0.6395,1,1
1365,24,821.00,203.00,70.00,54.00,0.9217,1,1
1365,34,439.00,391.00,38.00,42.00,0.2558,1,1
1365,38,256.00,492.00,30.00,50.00,0.3994,1,1
1365,87,177.00,426.00,44.00,32.00,0.5943,1,1
1365,97,0.00,633.00,34.00,110.00,0.8579,1,1
1365,115,185.00,414.00,46.00,36.00,0.6478,1,1
1365,118,205.00,410.00,30.00,33.00,0.2868,1,1
1366,1,369.00,431.00,95.00,87.00,0.9484,1,1
1366,2,581.00,372.00,82.00,72.00,0.9133,1,1
1366,4,355.00,250.00,70.00,55.00,0.8622,1,1
1366,5,161.00,374.00,74.00,62.00,0.8812,1,1
1366,14,358.00,407.00,48.00,28.00,0.5586,1,1
1366,21,374.00,299.00,42.00,25.00,0.6811,1,1
1366,24,821.00,203.00,70.00,54.00,0.9161,1,1
1366,34,445.00,389.00,37.00,42.00,0.5788,1,1
1366,38,256.00,491.00,30.00,50.00,0.3994,1,1
1366,87,177.00,427.00,39.00,31.00,0.5703,1,1
1366,97,0.00,632.00,32.00,101.00,0.8362,1,1
1366,115,182.00,414.00,48.00,37.00,0.6119,1,1
1366,118,206.00,410.00,29.00,32.00,0.2868,1,1
1366,119,258.00,496.00,28.00,46.00,0.3576,1,1
1367,1,370.00,431.00,94.00,87.00,0.9496,1,1
1367,2,582.00,372.00,81.00,71.00,0.9152,1,1
1367,4,354.00,251.00,72.00,51.00,0.8602,1,1
1367,5,161.00,375.00,74.00,61.00,0.8803,1,1
1367,14,357.00,407.00,46.00,29.00,0.3322,1,1
1367,21,375.00,298.00,40.00,25.00,0.7122,1,1
1367,24,821.00,203.00,71.00,55.00,0.9177,1,1
1367,34,446.00,389.00,37.00,41.00,0.5788,1,1
1367,38,260.00,496.00,29.00,49.00,0.4265,1,1
1367,87,178.00,427.00,41.00,32.00,0.5913,1,1
1367,97,0.00,633.00,30.00,94.00,0.8460,1,1
1367,115,182.00,415.00,48.00,37.00,0.6292,1,1
1367,119,258.00,496.00,29.00,46.00,0.3576,1,1
1368,1,370.00,431.00,94.00,87.00,0.9493,1,1
1368,2,582.00,372.00,81.00,71.00,0.9178,1,1
1368,4,354.00,251.00,73.00,51.00,0.8581,1,1
1368,5,160.00,374.00,75.00,63.00,0.8690,1,1
1368,14,358.00,407.00,46.00,30.00,0.3322,1,1
1368,21,376.00,297.00,42.00,25.00,0.6744,1,1
1368,24,821.00,203.00,71.00,55.00,0.9177,1,1
1368,34,461.00,380.00,42.00,38.00,0.2529,1,1
1368,38,264.00,498.00,31.00,47.00,0.5214,1,1
1368,87,179.00,426.00,38.00,31.00,0.5496,1,1
1368,97,0.00,632.00,28.00,92.00,0.8109,1,1
1368,115,187.00,413.00,45.00,36.00,0.6742,1,1
1368,118,205.00,410.00,30.00,32.00,0.3771,1,1
1369,1,370.00,431.00,95.00,87.00,0.9465,1,1
1369,2,583.00,373.00,81.00,70.00,0.9229,1,1
1369,4,354.00,251.00,75.00,49.00,0.8526,1,1
1369,5,160.00,375.00,76.00,64.00,0.8723,1,1
1369,14,362.00,408.00,40.00,29.00,0.5679,1,1
1369,21,383.00,295.00,40.00,25.00,0.7179,1,1
1369,24,821.00,204.00,70.00,54.00,0.9177,1,1
1369,34,464.00,378.00,42.00,38.00,0.2529,1,1
1369,38,265.00,499.00,36.00,46.00,0.3377,1,1
1369,87,180.00,427.00,36.00,29.00,0.5959,1,1
1369,97,1.00,632.00,21.00,86.00,0.7888,1,1
1369,100,183.00,424.00,42.00,34.00,0.2792,1,1
1369,115,197.00,413.00,36.00,35.00,0.6863,1,1
1369,116,188.00,421.00,41.00,35.00,0.4018,1,1
1369,118,204.00,412.00,31.00,31.00,0.4063,1,1
1370,1,370.00,431.00,94.00,86.00,0.9449,1,1
1370,2,583.00,373.00,82.00,70.00,0.9249,1,1
1370,4,356.00,250.00,74.00,48.00,0.8519,1,1
1370,5,160.00,375.00,75.00,63.00,0.8706,1,1
1370,14,363.00,407.00,39.00,29.00,0.5728,1,1
1370,21,384.00,293.00,40.00,26.00,0.7063,1,1
1370,24,821.00,203.00,70.00,55.00,0.9191,1,1
1370,38,267.00,499.00,42.00,45.00,0.4199,1,1
1370,87,180.00,429.00,35.00,27.00,0.5776,1,1
1370,97,2.00,628.00,15.00,87.00,0.6520,1,1
1370,100,162.00,422.00,42.00,34.00,0.2792,1,1
1370,115,197.00,413.00,36.00,36.00,0.6872,1,1
1370,116,189.00,420.00,40.00,36.00,0.4231,1,1
1370,118,204.00,412.00,31.00,31.00,0.3893,1,1
1371,1,370.00,431.00,94.00,87.00,0.9431,1,1
1371,2,583.00,373.00,83.00,70.00,0.9288,1,1
1371,4,358.00,249.00,74.00,48.00,0.8592,1,1
1371,5,160.00,375.00,76.00,64.00,0.8691,1,1
1371,14,364.00,407.00,39.00,30.00,0.3355,1,1
1371,21,388.00,290.00,38.00,27.00,0.7765,1,1
1371,24,821.00,204.00,70.00,55.00,0.9206,1,1
1371,38,268.00,497.00,37.00,45.00,0.3956,1,1
1371,87,180.00,430.00,35.00,26.00,0.5659,1,1
1371,97,2.00,626.00,12.00,84.00,0.6520,1,1
1371,100,183.00,423.00,42.00,35.00,0.2875,1,1
1371,115,197.00,413.00,36.00,35.00,0.6752,1,1
1371,116,189.00,420.00,40.00,36.00,0.4113,1,1
1371,118,204.00,412.00,31.00,31.00,0.3817,1,1
1372,1,370.00,431.00,94.00,87.00,0.9429,1,1
1372,2,584.00,373.00,83.00,70.00,0.9292,1,1
1372,4,360.00,248.00,75.00,47.00,0.9124,1,1
1372,5,160.00,375.00,76.00,64.00,0.8703,1,1
1372,14,365.00,406.00,38.00,30.00,0.5438,1,1
1372,21,389.00,289.00,40.00,27.00,0.7449,1,1
1372,24,820.00,204.00,71.00,55.00,0.9207,1,1
1372,38,268.00,494.00,34.00,45.00,0.5597,1,1
1372,87,180.00,430.00,35.00,26.00,0.5466,1,1
1372,100,183.00,423.00,42.00,35.00,0.2621,1,1
1372,115,197.00,413.00,35.00,35.00,0.6510,1,1
1372,116,189.00,421.00,40.00,35.00,0.3947,1,1
1372,118,204.00,412.00,31.00,31.00,0.3524,1,1
1373,1,370.00,431.00,92.00,87.00,0.9430,1,1
1373,2,585.00,372.00,83.00,71.00,0.9335,1,1
1373,4,364.00,246.00,73.00,47.00,0.9067,1,1
1373,5,160.00,375.00,76.00,63.00,0.8741,1,1
1373,14,367.00,404.00,38.00,31.00,0.6551,1,1
1373,21,395.00,286.00,39.00,28.00,0.6971,1,1
1373,24,820.00,204.00,71.00,55.00,0.9179,1,1
1373,38,267.00,492.00,36.00,46.00,0.4277,1,1
1373,87,180.00,428.00,36.00,27.00,0.5456,1,1
1373,100,183.00,424.00,42.00,34.00,0.2536,1,1
1373,115,198.00,413.00,35.00,35.00,0.6443,1,1
1373,116,189.00,421.00,40.00,35.00,0.3541,1,1
1373,118,204.00,413.00,31.00,30.00,0.3312,1,1
1374,1,369.00,431.00,92.00,87.00,0.9437,1,1
1374,2,585.00,373.00,83.00,70.00,0.9315,1,1
1374,4,369.00,244.00,72.00,47.00,0.8954,1,1
1374,5,160.00,375.00,75.00,63.00,0.8724,1,1
1374,14,366.00,400.00,39.00,34.00,0.6520,1,1
1374,21,398.00,283.00,38.00,30.00,0.7849,1,1
1374,24,820.00,204.00,71.00,55.00,0.9181,1,1
1374,38,266.00,491.00,37.00,44.00,0.6977,1,1
1374,87,180.00,428.00,36.00,28.00,0.5400,1,1
1374,100,179.00,422.00,43.00,35.00,0.2536,1,1
1374,115,198.00,413.00,35.00,34.00,0.6782,1,1
1374,116,188.00,421.00,41.00,35.00,0.4343,1,1
1374,118,204.00,413.00,31.00,30.00,0.3729,1,1
1375,1,368.00,431.00,92.00,86.00,0.9440,1,1
1375,2,585.00,373.00,84.00,70.00,0.9352,1,1
1375,4,374.00,243.00,72.00,46.00,0.9009,1,1
1375,5,159.00,375.00,77.00,64.00,0.8734,1,1
1375,14,367.00,400.00,39.00,34.00,0.6520,1,1
1375,21,405.00,280.00,37.00,30.00,0.7996,1,1
1375,24,820.00,204.00,71.00,55.00,0.9188,1,1
1375,38,266.00,491.00,37.00,42.00,0.6293,1,1
1375,87,180.00,429.00,36.00,27.00,0.5421,1,1
1375,115,198.00,414.00,35.00,33.00,0.6488,1,1
1375,116,187.00,422.00,41.00,34.00,0.4238,1,1
1375,118,204.00,413.00,31.00,30.00,0.3287,1,1
1376,1,368.00,431.00,93.00,85.00,0.9438,1,1
1376,2,585.00,373.00,84.00,70.00,0.9374,1,1
1376,4,378.00,241.00,72.00,45.00,0.9064,1,1
1376,5,159.00,375.00,77.00,64.00,0.8743,1,1
1376,14,373.00,395.00,38.00,36.00,0.7280,1,1
1376,21,401.00,274.00,49.00,30.00,0.3204,1,1
1376,24,820.00,204.00,71.00,56.00,0.9209,1,1
1376,34,410.00,277.00,39.00,29.00,0.8239,1,1
1376,38,270.00,489.00,36.00,42.00,0.4202,1,1
1376,87,181.00,428.00,35.00,27.00,0.5678,1,1
1376,115,195.00,414.00,37.00,33.00,0.6517,1,1
1376,116,187.00,421.00,41.00,35.00,0.4689,1,1
1376,118,203.00,413.00,32.00,30.00,0.3503,1,1
1377,1,367.00,431.00,93.00,86.00,0.9436,1,1
1377,2,585.00,373.00,84.00,71.00,0.9366,1,1
1377,4,386.00,239.00,71.00,45.00,0.8890,1,1
1377,5,159.00,375.00,77.00,63.00,0.8737,1,1
1377,14,377.00,394.00,38.00,37.00,0.6910,1,1
1377,21,414.00,276.00,38.00,27.00,0.8601,1,1
1377,24,820.00,204.00,70.00,56.00,0.9231,1,1
1377,34,407.00,268.00,39.00,28.00,0.8239,1,1
1377,38,271.00,489.00,36.00,41.00,0.4202,1,1
1377,87,180.00,429.00,36.00,26.00,0.5044,1,1
1377,100,182.00,424.00,42.00,32.00,0.3271,1,1
1377,110,166.00,535.00,39.00,24.00,0.3947,1,1
1377,115,195.00,415.00,37.00,32.00,0.6208,1,1
1377,116,187.00,421.00,42.00,34.00,0.4900,1,1
1377,118,202.00,414.00,32.00,29.00,0.3102,1,1
1377,119,271.00,488.00,30.00,36.00,0.3807,1,1
1378,1,366.00,431.00,92.00,85.00,0.9389,1,1
1378,2,585.00,373.00,84.00,71.00,0.9379,1,1
1378,4,392.00,236.00,71.00,46.00,0.8977,1,1
1378,5,158.00,374.00,77.00,63.00,0.8749,1,1
1378,14,380.00,390.00,44.00,39.00,0.6925,1,1
1378,21,416.00,275.00,42.00,28.00,0.8547,1,1
1378,24,820.00,204.00,70.00,56.00,0.9233,1,1
1378,87,180.00,429.00,36.00,26.00,0.4121,1,1
1378,100,182.00,423.00,43.00,32.00,0.2789,1,1
1378,110,169.00,535.00,39.00,25.00,0.3383,1,1
1378,115,194.00,415.00,37.00,32.00,0.6168,1,1
1378,116,189.00,419.00,39.00,34.00,0.4948,1,1
1378,118,202.00,413.00,32.00,30.00,0.3281,1,1
1378,119,265.00,483.00,37.00,36.00,0.4532,1,1
1379,1,365.00,431.00,92.00,85.00,0.9374,1,1
1379,2,586.00,373.00,83.00,71.00,0.9371,1,1
1379,4,399.00,233.00,70.00,45.00,0.9068,1,1
1379,5,157.00,374.00,77.00,63.00,0.8773,1,1
1379,14,385.00,390.00,45.00,40.00,0.3752,1,1
1379,21,427.00,271.00,39.00,29.00,0.7218,1,1
1379,24,820.00,204.00,70.00,56.00,0.9231,1,1
1379,38,294.00,502.00,30.00,33.00,0.2687,1,1
1379,87,180.00,431.00,35.00,24.00,0.4140,1,1
1379,100,181.00,423.00,42.00,32.00,0.2789,1,1
1379,110,161.00,543.00,39.00,24.00,0.3383,1,1
1379,113,173.00,535.00,45.00,29.00,0.6658,1,1
1379,115,196.00,415.00,34.00,31.00,0.5890,1,1
1379,116,189.00,419.00,38.00,34.00,0.4832,1,1
1379,118,203.00,413.00,30.00,30.00,0.3097,1,1
1379,119,258.00,480.00,44.00,36.00,0.3628,1,1
1380,1,363.00,432.00,91.00,86.00,0.9406,1,1
1380,2,586.00,373.00,83.00,71.00,0.9352,1,1
1380,4,405.00,230.00,72.00,47.00,0.9163,1,1
1380,5,157.00,374.00,76.00,63.00,0.8935,1,1
1380,14,390.00,394.00,47.00,37.00,0.4147,1,1
1380,21,434.00,269.00,39.00,28.00,0.7451,1,1
1380,24,820.00,204.00,70.00,56.00,0.9242,1,1
1380,38,264.00,484.00,40.00,30.00,0.3437,1,1
1380,87,182.00,430.00,33.00,25.00,0.4575,1,1
1380,113,172.00,534.00,49.00,30.00,0.5668,1,1
1380,115,191.00,416.00,38.00,31.00,0.6154,1,1
1380,116,188.00,420.00,38.00,33.00,0.5313,1,1
1380,118,202.00,411.00,30.00,32.00,0.2786,1,1
1380,119,277.00,488.00,42.00,40.00,0.2713,1,1
1381,1,362.00,432.00,91.00,86.00,0.9438,1,1
1381,2,586.00,373.00,84.00,71.00,0.9343,1,1
1381,4,411.00,228.00,69.00,48.00,0.9012,1,1
1381,5,156.00,373.00,76.00,64.00,0.8937,1,1
1381,14,393.00,382.00,43.00,43.00,0.3072,1,1
1381,21,440.00,266.00,39.00,28.00,0.8207,1,1
1381,24,820.00,204.00,70.00,56.00,0.9225,1,1
1381,38,272.00,486.00,33.00,28.00,0.2917,1,1
1381,87,185.00,429.00,32.00,26.00,0.4178,1,1
1381,113,170.00,534.00,50.00,31.00,0.5762,1,1
1381,115,191.00,417.00,37.00,30.00,0.6568,1,1
1381,116,187.00,419.00,38.00,32.00,0.5313,1,1
1381,118,199.00,413.00,32.00,31.00,0.3396,1,1
1381,119,279.00,489.00,44.00,41.00,0.4970,1,1
1382,1,360.00,431.00,93.00,87.00,0.9415,1,1
1382,2,586.00,373.00,84.00,71.00,0.9332,1,1
1382,4,418.00,226.00,70.00,48.00,0.9012,1,1
1382,5,155.00,373.00,77.00,64.00,0.8941,1,1
1382,14,395.00,380.00,43.00,39.00,0.4966,1,1
1382,21,446.00,265.00,39.00,27.00,0.8133,1,1
1382,24,820.00,204.00,70.00,56.00,0.9187,1,1
1382,38,273.00,486.00,32.00,26.00,0.2917,1,1
1382,87,185.00,429.00,32.00,25.00,0.4178,1,1
1382,113,167.00,532.00,59.00,31.00,0.4064,1,1
1382,115,193.00,416.00,36.00,30.00,0.7715,1,1
1382,118,198.00,413.00,33.00,31.00,0.3396,1,1
1382,119,294.00,491.00,34.00,41.00,0.4783,1,1
1382,121,301.00,500.00,27.00,34.00,0.6301,1,1
1383,1,358.00,432.00,94.00,86.00,0.9444,1,1
1383,2,587.00,373.00,83.00,71.00,0.9312,1,1
1383,4,424.00,224.00,69.00,49.00,0.8815,1,1
1383,5,156.00,373.00,76.00,62.00,0.8991,1,1
1383,14,399.00,379.00,42.00,39.00,0.6804,1,1
1383,21,452.00,261.00,38.00,28.00,0.8270,1,1
1383,24,819.00,205.00,71.00,55.00,0.9186,1,1
1383,113,171.00,532.00,58.00,30.00,0.4031,1,1
1383,115,193.00,417.00,35.00,32.00,0.7344,1,1
1383,118,199.00,414.00,31.00,31.00,0.3817,1,1
1383,119,297.00,491.00,34.00,41.00,0.4783,1,1
1383,121,299.00,499.00,31.00,33.00,0.7212,1,1
1384,1,357.00,431.00,94.00,88.00,0.9451,1,1
1384,2,587.00,373.00,83.00,71.00,0.9335,1,1
1384,4,430.00,222.00,68.00,47.00,0.8782,1,1
1384,5,156.00,373.00,76.00,62.00,0.9126,1,1
1384,14,402.00,377.00,42.00,42.00,0.6199,1,1
1384,21,454.00,262.00,40.00,27.00,0.8037,1,1
1384,24,819.00,205.00,71.00,55.00,0.9189,1,1
1384,38,272.00,485.00,37.00,31.00,0.2777,1,1
1384,87,180.00,426.00,45.00,25.00,0.3496,1,1
1384,113,170.00,531.00,61.00,31.00,0.4162,1,1
1384,115,194.00,418.00,34.00,31.00,0.7639,1,1
1384,118,198.00,414.00,32.00,31.00,0.3817,1,1
1384,119,274.00,486.00,57.00,42.00,0.3087,1,1
1384,121,301.00,495.00,30.00,37.00,0.3791,1,1
1385,1,357.00,431.00,93.00,87.00,0.9398,1,1
1385,2,588.00,373.00,82.00,71.00,0.9344,1,1
1385,4,434.00,219.00,69.00,47.00,0.8810,1,1
1385,5,155.00,372.00,77.00,63.00,0.9257,1,1
1385,14,403.00,376.00,43.00,39.00,0.3862,1,1
1385,21,461.00,260.00,38.00,28.00,0.7562,1,1
1385,24,819.00,205.00,71.00,55.00,0.9194,1,1
1385,38,273.00,484.00,37.00,31.00,0.2777,1,1
1385,87,181.00,423.00,44.00,27.00,0.2521,1,1
1385,113,171.00,531.00,63.00,33.00,0.2792,1,1
1385,115,196.00,421.00,31.00,28.00,0.3835,1,1
1385,118,197.00,416.00,31.00,29.00,0.8509,1,1
1385,119,281.00,487.00,50.00,42.00,0.3765,1,1
1385,121,290.00,493.00,41.00,38.00,0.4101,1,1
1386,1,357.00,431.00,93.00,88.00,0.9415,1,1
1386,2,588.00,373.00,83.00,71.00,0.9352,1,1
1386,4,439.00,217.00,67.00,48.00,0.9051,1,1
1386,5,155.00,372.00,76.00,61.00,0.9284,1,1
1386,14,405.00,375.00,40.00,39.00,0.2989,1,1
1386,21,462.00,257.00,41.00,30.00,0.7431,1,1
1386,24,819.00,204.00,72.00,56.00,0.9189,1,1
1386,87,183.00,423.00,42.00,26.00,0.3167,1,1
1386,113,171.00,531.00,62.00,33.00,0.3234,1,1
1386,115,194.00,420.00,32.00,29.00,0.3166,1,1
1386,118,195.00,414.00,32.00,30.00,0.8708,1,1
1386,119,282.00,485.00,48.00,45.00,0.2999,1,1
1386,121,278.00,483.00,44.00,43.00,0.2982,1,1
1387,1,357.00,431.00,93.00,88.00,0.9391,1,1
1387,2,588.00,373.00,83.00,71.00,0.9369,1,1
1387,4,444.00,217.00,66.00,46.00,0.8985,1,1
1387,5,156.00,371.00,75.00,61.00,0.9238,1,1
1387,14,408.00,374.00,39.00,38.00,0.2989,1,1
1387,21,470.00,254.00,37.00,31.00,0.7910,1,1
1387,24,819.00,205.00,72.00,55.00,0.9194,1,1
1387,87,183.00,422.00,43.00,26.00,0.3167,1,1
1387,113,173.00,531.00,61.00,33.00,0.2672,1,1
1387,115,194.00,420.00,32.00,28.00,0.2542,1,1
1387,118,195.00,413.00,32.00,30.00,0.8788,1,1
1387,119,281.00,485.00,49.00,46.00,0.8057,1,1
1387,121,274.00,479.00,46.00,45.00,0.2982,1,1
1388,1,358.00,431.00,93.00,88.00,0.9378,1,1
1388,2,588.00,373.00,83.00,71.00,0.9374,1,1
1388,4,448.00,215.00,66.00,47.00,0.8854,1,1
1388,5,155.00,370.00,75.00,62.00,0.9201,1,1
1388,21,474.00,253.00,36.00,31.00,0.7948,1,1
1388,24,819.00,205.00,72.00,55.00,0.9233,1,1
1388,34,465.00,253.00,42.00,29.00,0.4402,1,1
1388,113,173.00,535.00,62.00,32.00,0.2672,1,1
1388,115,194.00,420.00,31.00,28.00,0.2542,1,1
1388,118,194.00,411.00,32.00,32.00,0.8305,1,1
1388,119,279.00,482.00,52.00,45.00,0.8380,1,1
1389,1,360.00,431.00,93.00,87.00,0.9364,1,1
1389,2,588.00,373.00,83.00,71.00,0.9365,1,1
1389,4,451.00,213.00,65.00,48.00,0.8717,1,1
1389,5,156.00,369.00,73.00,63.00,0.9031,1,1
1389,21,475.00,253.00,37.00,30.00,0.8435,1,1
1389,24,819.00,205.00,72.00,55.00,0.9260,1,1
1389,34,465.00,253.00,41.00,28.00,0.2533,1,1
1389,118,196.00,409.00,30.00,33.00,0.7880,1,1
1389,119,278.00,481.00,49.00,41.00,0.7963,1,1
1390,1,361.00,430.00,95.00,87.00,0.9320,1,1
1390,2,588.00,373.00,83.00,71.00,0.9375,1,1
1390,4,455.00,213.00,63.00,47.00,0.8831,1,1
1390,5,156.00,368.00,72.00,63.00,0.8864,1,1
1390,21,476.00,253.00,39.00,29.00,0.8813,1,1
1390,24,819.00,205.00,73.00,56.00,0.9260,1,1
1390,34,468.00,250.00,42.00,28.00,0.2533,1,1
1390,38,280.00,478.00,46.00,34.00,0.8160,1,1
1390,118,194.00,409.00,31.00,34.00,0.7475,1,1
1390,119,278.00,480.00,50.00,41.00,0.7963,1,1
1391,1,363.00,431.00,94.00,85.00,0.9336,1,1
1391,2,588.00,372.00,83.00,72.00,0.9371,1,1
1391,4,460.00,212.00,61.00,48.00,0.8952,1,1
1391,5,157.00,367.00,72.00,61.00,0.8859,1,1
1391,14,409.00,353.00,35.00,45.00,0.2977,1,1
1391,21,478.00,253.00,39.00,29.00,0.8504,1,1
1391,24,819.00,205.00,73.00,56.00,0.9218,1,1
1391,38,278.00,476.00,47.00,30.00,0.8434,1,1
1391,118,192.00,409.00,34.00,34.00,0.8198,1,1
1391,119,279.00,476.00,49.00,42.00,0.3747,1,1
1392,1,365.00,431.00,93.00,85.00,0.9315,1,1
1392,2,588.00,373.00,83.00,70.00,0.9368,1,1
1392,4,462.00,212.00,59.00,47.00,0.8809,1,1
1392,5,157.00,365.00,71.00,61.00,0.8546,1,1
1392,14,411.00,350.00,34.00,45.00,0.2977,1,1
1392,21,479.00,253.00,40.00,29.00,0.8027,1,1
1392,24,820.00,205.00,72.00,57.00,0.9205,1,1
1392,38,278.00,476.00,47.00,27.00,0.8256,1,1
1392,116,279.00,477.00,49.00,34.00,0.3934,1,1
1392,118,192.00,409.00,34.00,33.00,0.7514,1,1
1392,119,279.00,475.00,50.00,42.00,0.3747,1,1
1393,1,366.00,431.00,95.00,85.00,0.9332,1,1
1393,2,588.00,372.00,84.00,71.00,0.9368,1,1
1393,4,464.00,212.00,58.00,47.00,0.8707,1,1
1393,5,159.00,365.00,69.00,60.00,0.8413,1,1
1393,21,482.00,253.00,37.00,30.00,0.8150,1,1
1393,24,819.00,206.00,73.00,56.00,0.9170,1,1
1393,38,276.00,476.00,48.00,26.00,0.7944,1,1
1393,116,277.00,477.00,51.00,34.00,0.2890,1,1
1393,118,192.00,408.00,35.00,32.00,0.7234,1,1
1394,1,366.00,431.00,99.00,87.00,0.9349,1,1
1394,2,588.00,372.00,83.00,71.00,0.9362,1,1
1394,4,466.00,211.00,56.00,48.00,0.8814,1,1
1394,5,159.00,363.00,70.00,60.00,0.8477,1,1
1394,21,481.00,253.00,38.00,31.00,0.8175,1,1
1394,24,820.00,206.00,71.00,57.00,0.9168,1,1
1394,38,277.00,475.00,47.00,26.00,0.7944,1,1
1394,100,46.00,756.00,32.00,44.00,0.3338,1,1
1394,116,272.00,477.00,51.00,31.00,0.7400,1,1
1394,118,191.00,406.00,36.00,33.00,0.7720,1,1
1394,121,326.00,595.00,53.00,49.00,0.5554,1,1
1395,1,367.00,432.00,100.00,89.00,0.9397,1,1
1395,2,588.00,371.00,83.00,71.00,0.9360,1,1
1395,4,467.00,211.00,55.00,47.00,0.8798,1,1
1395,5,161.00,361.00,69.00,60.00,0.8567,1,1
1395,21,481.00,254.00,38.00,31.00,0.8077,1,1
1395,24,819.00,206.00,73.00,57.00,0.9135,1,1
1395,100,45.00,755.00,33.00,45.00,0.3268,1,1
1395,113,194.00,528.00,52.00,33.00,0.2855,1,1
1395,116,277.00,480.00,52.00,31.00,0.7400,1,1
1395,118,191.00,405.00,36.00,33.00,0.8174,1,1
1395,119,269.00,479.00,48.00,37.00,0.7808,1,1
1395,121,332.00,613.00,57.00,45.00,0.5247,1,1
1396,1,368.00,435.00,99.00,87.00,0.9423,1,1
1396,2,588.00,370.00,83.00,72.00,0.9402,1,1
1396,4,467.00,211.00,53.00,48.00,0.8797,1,1
1396,5,162.00,359.00,70.00,60.00,0.9002,1,1
1396,21,480.00,254.00,38.00,31.00,0.8044,1,1
1396,24,819.00,206.00,73.00,57.00,0.9133,1,1
1396,100,46.00,755.00,32.00,44.00,0.3110,1,1
1396,113,201.00,527.00,44.00,32.00,0.6878,1,1
1396,118,191.00,402.00,37.00,34.00,0.8530,1,1
1396,119,263.00,480.00,49.00,38.00,0.7670,1,1
1396,121,335.00,624.00,59.00,45.00,0.5247,1,1
1397,1,369.00,436.00,98.00,88.00,0.9244,1,1
1397,2,588.00,370.00,83.00,71.00,0.9420,1,1
1397,4,467.00,211.00,53.00,47.00,0.8766,1,1
1397,5,164.00,357.00,70.00,58.00,0.9107,1,1
1397,21,479.00,254.00,38.00,32.00,0.8125,1,1
1397,24,819.00,206.00,73.00,57.00,0.9139,1,1
1397,100,45.00,754.00,33.00,43.00,0.3875,1,1
1397,113,207.00,526.00,40.00,32.00,0.6344,1,1
1397,118,190.00,401.00,40.00,34.00,0.8588,1,1
1397,119,259.00,478.00,45.00,37.00,0.6611,1,1
1398,1,369.00,439.00,97.00,87.00,0.9105,1,1
1398,2,588.00,369.00,83.00,72.00,0.9473,1,1
1398,4,466.00,211.00,53.00,48.00,0.8790,1,1
1398,5,165.00,356.00,70.00,57.00,0.9156,1,1
1398,21,477.00,255.00,39.00,30.00,0.7980,1,1
1398,24,820.00,206.00,71.00,57.00,0.9125,1,1
1398,100,44.00,755.00,32.00,42.00,0.2920,1,1
1398,113,203.00,523.00,44.00,33.00,0.3212,1,1
1398,118,189.00,401.00,42.00,33.00,0.8712,1,1
1398,119,258.00,478.00,44.00,40.00,0.7116,1,1
1399,1,370.00,440.00,99.00,89.00,0.9202,1,1
1399,2,588.00,368.00,84.00,71.00,0.9431,1,1
1399,4,465.00,211.00,54.00,49.00,0.8814,1,1
1399,5,166.00,355.00,69.00,58.00,0.9076,1,1
1399,21,476.00,255.00,39.00,31.00,0.7895,1,1
1399,24,819.00,206.00,73.00,57.00,0.9118,1,1
1399,100,45.00,754.00,31.00,41.00,0.3548,1,1
1399,113,202.00,520.00,47.00,33.00,0.4431,1,1
1399,118,190.00,397.00,41.00,36.00,0.8938,1,1
1399,119,259.00,480.00,43.00,42.00,0.6307,1,1
1400,1,371.00,445.00,98.00,88.00,0.9493,1,1
1400,2,588.00,367.00,84.00,71.00,0.9472,1,1
1400,4,464.00,211.00,53.00,49.00,0.8853,1,1
1400,5,167.00,354.00,68.00,58.00,0.9052,1,1
1400,21,476.00,255.00,38.00,31.00,0.7687,1,1
1400,24,819.00,206.00,72.00,57.00,0.9130,1,1
1400,100,44.00,767.00,31.00,41.00,0.3548,1,1
1400,113,203.00,520.00,48.00,33.00,0.4431,1,1
1400,118,191.00,396.00,40.00,36.00,0.8980,1,1
1400,119,259.00,484.00,42.00,39.00,0.7146,1,1
1401,1,371.00,449.00,98.00,86.00,0.9500,1,1
1401,2,588.00,366.00,85.00,71.00,0.9500,1,1
1401,4,464.00,210.00,53.00,50.00,0.8941,1,1
1401,5,168.00,354.00,67.00,58.00,0.8990,1,1
1401,21,475.00,255.00,38.00,31.00,0.7757,1,1
1401,24,819.00,206.00,72.00,57.00,0.9121,1,1
1401,118,191.00,395.00,41.00,36.00,0.8589,1,1
1401,119,258.00,484.00,40.00,38.00,0.7808,1,1
1402,1,371.00,454.00,94.00,82.00,0.9210,1,1
1402,2,588.00,365.00,85.00,70.00,0.9520,1,1
1402,4,463.00,210.00,53.00,50.00,0.8967,1,1
1402,5,169.00,354.00,66.00,57.00,0.8871,1,1
1402,21,474.00,255.00,37.00,31.00,0.7673,1,1
1402,24,819.00,206.00,72.00,57.00,0.9118,1,1
1402,118,191.00,395.00,41.00,36.00,0.8831,1,1
1402,119,257.00,484.00,37.00,39.00,0.8155,1,1
1403,1,370.00,456.00,97.00,84.00,0.9249,1,1
1403,2,588.00,364.00,86.00,70.00,0.9540,1,1
1403,4,463.00,209.00,52.00,51.00,0.8977,1,1
1403,5,169.00,353.00,66.00,58.00,0.8849,1,1
1403,21,474.00,255.00,36.00,31.00,0.7774,1,1
1403,24,819.00,207.00,73.00,55.00,0.9173,1,1
1403,118,191.00,395.00,41.00,36.00,0.8675,1,1
1403,119,258.00,486.00,36.00,39.00,0.7332,1,1
1404,1,370.00,462.00,97.00,82.00,0.9333,1,1
1404,2,588.00,362.00,88.00,71.00,0.9470,1,1
1404,4,463.00,209.00,52.00,51.00,0.8890,1,1
1404,5,170.00,353.00,64.00,58.00,0.8800,1,1
1404,21,473.00,255.00,37.00,30.00,0.8165,1,1
1404,24,821.00,206.00,71.00,56.00,0.9225,1,1
1404,118,189.00,395.00,42.00,36.00,0.8515,1,1
1404,119,258.00,484.00,34.00,40.00,0.7098,1,1
1405,1,370.00,463.00,98.00,85.00,0.9324,1,1
1405,2,588.00,361.00,89.00,70.00,0.9281,1,1
1405,4,462.00,208.00,52.00,51.00,0.8790,1,1
1405,5,170.00,353.00,64.00,57.00,0.8757,1,1
1405,21,473.00,254.00,36.00,30.00,0.8464,1,1
1405,24,822.00,206.00,71.00,55.00,0.9281,1,1
1405,118,189.00,395.00,41.00,36.00,0.8358,1,1
1405,119,258.00,484.00,33.00,40.00,0.7602,1,1
1406,1,369.00,465.00,96.00,84.00,0.9178,1,1
1406,2,587.00,360.00,91.00,70.00,0.9248,1,1
1406,4,462.00,208.00,52.00,49.00,0.8753,1,1
1406,5,169.00,353.00,64.00,57.00,0.8722,1,1
1406,21,472.00,253.00,36.00,32.00,0.8394,1,1
1406,24,824.00,206.00,70.00,55.00,0.9317,1,1
1406,118,189.00,393.00,41.00,38.00,0.8197,1,1
1406,119,258.00,484.00,34.00,41.00,0.7613,1,1
1407,1,370.00,469.00,95.00,82.00,0.9153,1,1
1407,2,587.00,360.00,91.00,69.00,0.9272,1,1
1407,4,461.00,208.00,52.00,49.00,0.8830,1,1
1407,5,168.00,353.00,64.00,57.00,0.8706,1,1
1407,21,471.00,253.00,36.00,32.00,0.8324,1,1
1407,24,825.00,205.00,71.00,55.00,0.9303,1,1
1407,118,189.00,393.00,41.00,38.00,0.8476,1,1
1407,119,259.00,486.00,33.00,42.00,0.7773,1,1
1408,1,370.00,471.00,96.00,83.00,0.9064,1,1
1408,2,587.00,359.00,90.00,69.00,0.9287,1,1
1408,4,461.00,207.00,52.00,49.00,0.8906,1,1
1408,5,168.00,353.00,62.00,57.00,0.8725,1,1
1408,21,470.00,253.00,37.00,33.00,0.8450,1,1
1408,24,826.00,204.00,71.00,55.00,0.9298,1,1
1408,118,189.00,393.00,41.00,38.00,0.8600,1,1
1408,119,259.00,487.00,33.00,44.00,0.7405,1,1
1409,1,370.00,473.00,99.00,83.00,0.9086,1,1
1409,2,587.00,358.00,91.00,69.00,0.9384,1,1
1409,4,461.00,207.00,51.00,49.00,0.8673,1,1
1409,5,167.00,352.00,62.00,61.00,0.8865,1,1
1409,21,469.00,253.00,37.00,33.00,0.8290,1,1
1409,24,827.00,203.00,71.00,56.00,0.9244,1,1
1409,113,193.00,521.00,59.00,29.00,0.3423,1,1
1409,118,188.00,392.00,41.00,40.00,0.8831,1,1
1409,119,259.00,489.00,31.00,47.00,0.6821,1,1
1410,1,371.00,474.00,98.00,83.00,0.9058,1,1
1410,2,586.00,358.00,93.00,68.00,0.9401,1,1
1410,4,461.00,207.00,51.00,49.00,0.8667,1,1
1410,5,167.00,353.00,62.00,60.00,0.8879,1,1
1410,21,469.00,253.00,37.00,33.00,0.8368,1,1
1410,24,828.00,203.00,70.00,55.00,0.9315,1,1
1410,113,192.00,522.00,56.00,30.00,0.3927,1,1
1410,118,188.00,392.00,41.00,41.00,0.9122,1,1
1410,119,259.00,489.00,31.00,49.00,0.6733,1,1
1411,1,370.00,475.00,99.00,83.00,0.9161,1,1
1411,2,585.00,357.00,93.00,67.00,0.9442,1,1
1411,4,461.00,207.00,51.00,49.00,0.8653,1,1
1411,5,167.00,354.00,62.00,60.00,0.8929,1,1
1411,21,470.00,253.00,36.00,33.00,0.8310,1,1
1411,24,828.00,203.00,71.00,55.00,0.9328,1,1
1411,113,192.00,522.00,56.00,30.00,0.3927,1,1
1411,115,204.00,524.00,50.00,30.00,0.6362,1,1
1411,118,189.00,391.00,41.00,42.00,0.9269,1,1
1411,119,259.00,491.00,32.00,47.00,0.7555,1,1
1412,1,371.00,476.00,97.00,83.00,0.9262,1,1
1412,2,584.00,356.00,94.00,65.00,0.9208,1,1
1412,4,461.00,207.00,52.00,49.00,0.8617,1,1
1412,5,167.00,354.00,62.00,59.00,0.8907,1,1
1412,21,471.00,253.00,36.00,33.00,0.8194,1,1
1412,24,829.00,203.00,71.00,55.00,0.9264,1,1
1412,115,207.00,528.00,51.00,34.00,0.7111,1,1
1412,118,189.00,392.00,42.00,44.00,0.9303,1,1
1412,119,260.00,492.00,30.00,46.00,0.6650,1,1
1413,1,371.00,476.00,97.00,84.00,0.9298,1,1
1413,2,584.00,356.00,94.00,64.00,0.9204,1,1
1413,4,462.00,208.00,52.00,48.00,0.8617,1,1
1413,5,168.00,354.00,62.00,60.00,0.8881,1,1
1413,14,214.00,531.00,47.00,39.00,0.7691,1,1
1413,21,472.00,253.00,37.00,32.00,0.7879,1,1
1413,24,829.00,203.00,72.00,55.00,0.9195,1,1
1413,115,207.00,532.00,52.00,35.00,0.7111,1,1
1413,118,190.00,392.00,43.00,45.00,0.9293,1,1
1413,119,258.00,493.00,31.00,44.00,0.4765,1,1
1414,1,371.00,476.00,97.00,84.00,0.9337,1,1
1414,2,583.00,356.00,96.00,63.00,0.9182,1,1
1414,4,462.00,208.00,53.00,47.00,0.8670,1,1
1414,5,169.00,356.00,64.00,59.00,0.9120,1,1
1414,14,219.00,534.00,46.00,38.00,0.7167,1,1
1414,21,472.00,252.00,38.00,32.00,0.7835,1,1
1414,24,828.00,203.00,73.00,55.00,0.9219,1,1
1414,87,191.00,396.00,43.00,43.00,0.8952,1,1
1414,118,190.00,392.00,43.00,46.00,0.9293,1,1
1414,119,258.00,493.00,31.00,42.00,0.3407,1,1
1415,1,371.00,476.00,98.00,85.00,0.9339,1,1
1415,2,583.00,356.00,95.00,62.00,0.9204,1,1
1415,4,463.00,208.00,53.00,47.00,0.8759,1,1
1415,5,171.00,358.00,65.00,58.00,0.9337,1,1
1415,14,223.00,538.00,47.00,39.00,0.7609,1,1
1415,21,472.00,252.00,39.00,32.00,0.7986,1,1
1415,24,828.00,203.00,74.00,55.00,0.9197,1,1
1415,87,192.00,395.00,43.00,43.00,0.8952,1,1
1415,118,194.00,393.00,42.00,47.00,0.8754,1,1
1415,119,258.00,493.00,31.00,41.00,0.3717,1,1
1416,1,371.00,477.00,99.00,85.00,0.9334,1,1
1416,2,581.00,356.00,97.00,62.00,0.9187,1,1
1416,4,464.00,207.00,53.00,48.00,0.8811,1,1
1416,5,173.00,360.00,65.00,59.00,0.9324,1,1
1416,14,227.00,541.00,46.00,36.00,0.7588,1,1
1416,21,473.00,252.00,38.00,32.00,0.8421,1,1
1416,24,828.00,203.00,73.00,55.00,0.9142,1,1
1416,87,198.00,396.00,40.00,45.00,0.8052,1,1
1416,118,195.00,393.00,42.00,47.00,0.8754,1,1
1416,119,258.00,493.00,31.00,40.00,0.4315,1,1
1417,1,371.00,477.00,99.00,86.00,0.9331,1,1
1417,2,579.00,356.00,100.00,62.00,0.9145,1,1
1417,4,465.00,207.00,52.00,47.00,0.8790,1,1
1417,5,176.00,362.00,64.00,60.00,0.8756,1,1
1417,14,226.00,548.00,47.00,36.00,0.7588,1,1
1417,21,474.00,252.00,38.00,32.00,0.8450,1,1
1417,24,827.00,203.00,74.00,54.00,0.9173,1,1
1417,87,201.00,404.00,39.00,39.00,0.8190,1,1
1417,116,234.00,546.00,43.00,43.00,0.7317,1,1
1417,119,259.00,493.00,29.00,40.00,0.2655,1,1
1418,1,371.00,479.00,98.00,85.00,0.9439,1,1
1418,2,578.00,355.00,101.00,63.00,0.9125,1,1
1418,4,466.00,207.00,52.00,47.00,0.8819,1,1
1418,5,179.00,366.00,62.00,58.00,0.8687,1,1
1418,21,474.00,252.00,39.00,32.00,0.8500,1,1
1418,24,828.00,203.00,73.00,55.00,0.9229,1,1
1418,34,840.00,251.00,29.00,30.00,0.2893,1,1
1418,38,208.00,439.00,29.00,19.00,0.2520,1,1
1418,87,204.00,413.00,37.00,34.00,0.7987,1,1
1418,116,241.00,552.00,43.00,44.00,0.6214,1,1
1418,119,259.00,494.00,28.00,39.00,0.2655,1,1
1419,1,371.00,479.00,98.00,85.00,0.9438,1,1
1419,2,576.00,356.00,102.00,62.00,0.9090,1,1
1419,4,466.00,207.00,52.00,48.00,0.8784,1,1
1419,5,181.00,368.00,62.00,59.00,0.8729,1,1
1419,21,475.00,253.00,39.00,30.00,0.8108,1,1
1419,24,827.00,204.00,75.00,54.00,0.9161,1,1
1419,34,837.00,253.00,27.00,32.00,0.6210,1,1
1419,38,205.00,438.00,28.00,18.00,0.2520,1,1
1419,87,204.00,420.00,41.00,29.00,0.8497,1,1
1419,115,205.00,430.00,37.00,24.00,0.3472,1,1
1419,116,248.00,557.00,43.00,42.00,0.7003,1,1
1419,118,206.00,405.00,40.00,43.00,0.4499,1,1
1420,1,371.00,479.00,98.00,87.00,0.9427,1,1
1420,2,575.00,356.00,103.00,62.00,0.9074,1,1
1420,4,466.00,207.00,52.00,48.00,0.8800,1,1
1420,5,183.00,370.00,64.00,60.00,0.9003,1,1
1420,21,475.00,253.00,39.00,31.00,0.8034,1,1
1420,24,827.00,205.00,74.00,53.00,0.9166,1,1
1420,34,837.00,253.00,28.00,31.00,0.6956,1,1
1420,87,206.00,422.00,41.00,28.00,0.8497,1,1
1420,115,205.00,424.00,37.00,24.00,0.3472,1,1
1420,116,252.00,557.00,40.00,43.00,0.7923,1,1
1420,118,208.00,412.00,41.00,41.00,0.8387,1,1
1421,1,370.00,480.00,97.00,87.00,0.9409,1,1
1421,2,575.00,356.00,102.00,62.00,0.9028,1,1
1421,4,466.00,207.00,53.00,49.00,0.8739,1,1
1421,5,186.00,372.00,65.00,60.00,0.9171,1,1
1421,21,475.00,254.00,40.00,31.00,0.8239,1,1
1421,24,827.00,205.00,74.00,54.00,0.9135,1,1
1421,34,837.00,253.00,29.00,31.00,0.6185,1,1
1421,116,254.00,558.00,43.00,45.00,0.7627,1,1
1421,118,211.00,414.00,42.00,40.00,0.7903,1,1
1422,1,369.00,480.00,98.00,88.00,0.9367,1,1
1422,2,575.00,356.00,102.00,63.00,0.9021,1,1
1422,4,467.00,207.00,52.00,50.00,0.8705,1,1
1422,5,187.00,374.00,65.00,59.00,0.9203,1,1
1422,21,476.00,254.00,39.00,31.00,0.7945,1,1
1422,24,826.00,206.00,75.00,53.00,0.9177,1,1
1422,34,835.00,254.00,31.00,29.00,0.6717,1,1
1422,116,252.00,556.00,47.00,47.00,0.6759,1,1
1422,118,213.00,415.00,40.00,40.00,0.8155,1,1
1423,1,369.00,480.00,98.00,89.00,0.9355,1,1
1423,2,575.00,356.00,101.00,63.00,0.8964,1,1
1423,4,467.00,207.00,52.00,52.00,0.8669,1,1
1423,5,187.00,375.00,67.00,59.00,0.9158,1,1
1423,21,476.00,254.00,39.00,31.00,0.7987,1,1
1423,24,826.00,206.00,75.00,54.00,0.9126,1,1
1423,34,836.00,254.00,31.00,29.00,0.5987,1,1
1423,116,257.00,556.00,43.00,47.00,0.7857,1,1
1423,118,214.00,418.00,39.00,39.00,0.8402,1,1
1423,119,261.00,492.00,30.00,45.00,0.2540,1,1
1424,1,368.00,480.00,99.00,89.00,0.9277,1,1
1424,2,575.00,356.00,102.00,63.00,0.9050,1,1
1424,4,467.00,206.00,52.00,53.00,0.8632,1,1
1424,5,188.00,375.00,67.00,60.00,0.8949,1,1
1424,21,475.00,255.00,40.00,31.00,0.8126,1,1
1424,24,826.00,207.00,75.00,53.00,0.9194,1,1
1424,34,835.00,255.00,31.00,29.00,0.6300,1,1
1424,116,259.00,558.00,43.00,47.00,0.7857,1,1
1424,118,215.00,419.00,39.00,38.00,0.8168,1,1
1424,119,261.00,492.00,30.00,46.00,0.2540,1,1
1425,1,368.00,480.00,98.00,89.00,0.9229,1,1
1425,2,575.00,357.00,103.00,64.00,0.8949,1,1
1425,4,468.00,206.00,51.00,54.00,0.8582,1,1
1425,5,189.00,375.00,67.00,60.00,0.8852,1,1
1425,14,262.00,564.00,40.00,39.00,0.4107,1,1
1425,21,475.00,256.00,40.00,30.00,0.7910,1,1
1425,24,826.00,207.00,74.00,55.00,0.9193,1,1
1425,34,834.00,256.00,32.00,29.00,0.5991,1,1
1425,100,34.00,766.00,33.00,33.00,0.3683,1,1
1425,118,216.00,419.00,38.00,38.00,0.8161,1,1
1426,1,366.00,482.00,100.00,88.00,0.9203,1,1
1426,2,577.00,356.00,99.00,66.00,0.9011,1,1
1426,4,468.00,206.00,51.00,55.00,0.8577,1,1
1426,5,190.00,376.00,66.00,58.00,0.8881,1,1
1426,14,264.00,568.00,40.00,39.00,0.4107,1,1
1426,21,476.00,256.00,39.00,30.00,0.7232,1,1
1426,24,825.00,208.00,76.00,55.00,0.9150,1,1
1426,34,833.00,257.00,32.00,30.00,0.5579,1,1
1426,100,32.00,770.00,35.00,36.00,0.6367,1,1
1426,118,217.00,419.00,37.00,37.00,0.8282,1,1
1427,1,366.00,483.00,100.00,88.00,0.9146,1,1
1427,2,577.00,356.00,99.00,67.00,0.9042,1,1
1427,4,467.00,206.00,52.00,57.00,0.8571,1,1
1427,5,190.00,376.00,66.00,59.00,0.8896,1,1
1427,14,265.00,564.00,39.00,39.00,0.7191,1,1
1427,21,477.00,259.00,37.00,29.00,0.7699,1,1
1427,24,825.00,209.00,76.00,56.00,0.9223,1,1
1427,34,833.00,258.00,34.00,32.00,0.4937,1,1
1427,100,32.00,770.00,34.00,36.00,0.6367,1,1
1427,118,217.00,420.00,37.00,36.00,0.8227,1,1
1428,1,365.00,484.00,99.00,89.00,0.9200,1,1
1428,2,578.00,356.00,98.00,67.00,0.8955,1,1
1428,4,467.00,206.00,52.00,59.00,0.8469,1,1
1428,5,190.00,376.00,66.00,58.00,0.8881,1,1
1428,14,267.00,567.00,39.00,39.00,0.7191,1,1
1428,21,476.00,262.00,38.00,27.00,0.8406,1,1
1428,24,825.00,210.00,76.00,55.00,0.9259,1,1
1428,34,833.00,259.00,36.00,31.00,0.4481,1,1
1428,100,35.00,785.00,30.00,34.00,0.3510,1,1
1428,116,262.00,558.00,39.00,45.00,0.8541,1,1
1428,118,217.00,420.00,37.00,37.00,0.8314,1,1
1428,122,750.00,416.00,48.00,41.00,0.5921,1,1
1429,1,364.00,485.00,99.00,87.00,0.9195,1,1
1429,2,578.00,356.00,99.00,67.00,0.8974,1,1
1429,4,465.00,207.00,54.00,61.00,0.8524,1,1
1429,5,190.00,377.00,66.00,56.00,0.8916,1,1
1429,21,476.00,263.00,37.00,26.00,0.8561,1,1
1429,24,824.00,211.00,76.00,54.00,0.9317,1,1
1429,34,834.00,259.00,38.00,30.00,0.3869,1,1
1429,100,34.00,788.00,31.00,34.00,0.3510,1,1
1429,116,261.00,559.00,40.00,44.00,0.8564,1,1
1429,118,218.00,420.00,36.00,36.00,0.8011,1,1
1429,122,749.00,420.00,47.00,42.00,0.4626,1,1
1430,1,363.00,486.00,99.00,87.00,0.9153,1,1
1430,2,579.00,356.00,97.00,67.00,0.9013,1,1
1430,4,465.00,208.00,53.00,63.00,0.8753,1,1
1430,5,190.00,376.00,66.00,57.00,0.8894,1,1
1430,21,474.00,265.00,38.00,24.00,0.8639,1,1
1430,24,824.00,211.00,75.00,55.00,0.9386,1,1
1430,34,832.00,260.00,36.00,29.00,0.4705,1,1
1430,100,36.00,806.00,30.00,31.00,0.5808,1,1
1430,116,259.00,560.00,45.00,43.00,0.4063,1,1
1430,118,218.00,416.00,38.00,39.00,0.7917,1,1
1430,122,744.00,427.00,47.00,43.00,0.4804,1,1
1430,123,784.00,413.00,36.00,36.00,0.7312,1,1
1431,1,363.00,486.00,99.00,86.00,0.9117,1,1
1431,2,581.00,356.00,96.00,68.00,0.9092,1,1
1431,4,464.00,208.00,51.00,65.00,0.8500,1,1
1431,5,191.00,376.00,66.00,57.00,0.8816,1,1
1431,14,259.00,566.00,46.00,38.00,0.5173,1,1
1431,21,474.00,266.00,36.00,23.00,0.8393,1,1
1431,24,822.00,211.00,77.00,55.00,0.9342,1,1
1431,34,832.00,261.00,36.00,28.00,0.4471,1,1
1431,100,36.00,811.00,30.00,30.00,0.5808,1,1
1431,116,259.00,561.00,47.00,43.00,0.4063,1,1
1431,118,218.00,416.00,38.00,40.00,0.7989,1,1
1431,122,743.00,432.00,45.00,43.00,0.5753,1,1
1431,123,781.00,414.00,33.00,37.00,0.5075,1,1
1432,1,362.00,486.00,100.00,85.00,0.9102,1,1
1432,2,581.00,356.00,96.00,67.00,0.9186,1,1
1432,4,463.00,208.00,52.00,66.00,0.8635,1,1
1432,5,192.00,376.00,65.00,57.00,0.8815,1,1
1432,14,254.00,568.00,50.00,36.00,0.4696,1,1
1432,21,473.00,266.00,36.00,22.00,0.8555,1,1
1432,24,820.00,211.00,78.00,55.00,0.9368,1,1
1432,34,833.00,262.00,34.00,27.00,0.3520,1,1
1432,118,218.00,420.00,36.00,37.00,0.7986,1,1
1432,122,741.00,438.00,44.00,43.00,0.5676,1,1
1432,123,778.00,415.00,34.00,37.00,0.5075,1,1
1433,1,362.00,486.00,100.00,85.00,0.9085,1,1
1433,2,581.00,355.00,96.00,67.00,0.9289,1,1
1433,4,462.00,208.00,51.00,66.00,0.8859,1,1
1433,5,191.00,376.00,66.00,57.00,0.8832,1,1
1433,14,253.00,570.00,50.00,33.00,0.5948,1,1
1433,21,473.00,267.00,35.00,21.00,0.8176,1,1
1433,24,820.00,212.00,77.00,54.00,0.9362,1,1
1433,34,831.00,262.00,36.00,26.00,0.3217,1,1
1433,100,41.00,847.00,34.00,32.00,0.4898,1,1
1433,118,218.00,420.00,36.00,37.00,0.8129,1,1
1433,122,741.00,442.00,41.00,43.00,0.7630,1,1
1434,1,362.00,487.00,98.00,84.00,0.9031,1,1
1434,2,581.00,355.00,95.00,67.00,0.9333,1,1
1434,4,461.00,208.00,51.00,66.00,0.8771,1,1
1434,5,191.00,376.00,66.00,56.00,0.8801,1,1
1434,14,252.00,569.00,49.00,34.00,0.5439,1,1
1434,21,471.00,267.00,36.00,22.00,0.8213,1,1
1434,24,820.00,212.00,77.00,55.00,0.9351,1,1
1434,34,832.00,262.00,37.00,27.00,0.2669,1,1
1434,100,32.00,859.00,40.00,35.00,0.4298,1,1
1434,118,218.00,420.00,36.00,37.00,0.8332,1,1
1434,122,742.00,444.00,39.00,45.00,0.7642,1,1
1435,1,361.00,486.00,99.00,84.00,0.9045,1,1
1435,2,581.00,356.00,96.00,67.00,0.9297,1,1
1435,4,459.00,208.00,51.00,66.00,0.9018,1,1
1435,5,190.00,376.00,66.00,57.00,0.8841,1,1
1435,14,252.00,571.00,50.00,34.00,0.5439,1,1
1435,21,468.00,266.00,37.00,23.00,0.7760,1,1
1435,24,818.00,212.00,78.00,55.00,0.9323,1,1
1435,34,829.00,262.00,39.00,27.00,0.3170,1,1
1435,100,34.00,876.00,38.00,36.00,0.6431,1,1
1435,113,417.00,366.00,37.00,34.00,0.3390,1,1
1435,118,216.00,418.00,38.00,37.00,0.8263,1,1
1435,122,743.00,443.00,37.00,43.00,0.8161,1,1
1436,1,361.00,486.00,98.00,84.00,0.8939,1,1
1436,2,582.00,357.00,96.00,68.00,0.9231,1,1
1436,4,457.00,208.00,51.00,66.00,0.9056,1,1
1436,5,189.00,376.00,67.00,57.00,0.9042,1,1
1436,21,463.00,265.00,39.00,25.00,0.7593,1,1
1436,24,816.00,212.00,79.00,55.00,0.9321,1,1
1436,34,827.00,263.00,33.00,27.00,0.3679,1,1
1436,100,42.00,893.00,32.00,34.00,0.8410,1,1
1436,113,418.00,367.00,36.00,33.00,0.5092,1,1
1436,118,214.00,419.00,39.00,37.00,0.8348,1,1
1436,122,743.00,443.00,37.00,42.00,0.7726,1,1
1437,1,361.00,486.00,99.00,83.00,0.8938,1,1
1437,2,582.00,358.00,95.00,68.00,0.9243,1,1
1437,4,455.00,209.00,51.00,65.00,0.9049,1,1
1437,5,188.00,374.00,66.00,58.00,0.9157,1,1
1437,21,461.00,266.00,38.00,24.00,0.8080,1,1
1437,24,816.00,212.00,79.00,55.00,0.9300,1,1
1437,34,825.00,263.00,33.00,27.00,0.4432,1,1
1437,100,46.00,908.00,29.00,35.00,0.6413,1,1
1437,113,419.00,368.00,37.00,33.00,0.3811,1,1
1437,118,213.00,416.00,40.00,39.00,0.8568,1,1
1437,122,742.00,443.00,38.00,45.00,0.7863,1,1
1437,123,540.00,464.00,39.00,32.00,0.5938,1,1
1438,1,361.00,486.00,97.00,82.00,0.8948,1,1
1438,2,582.00,358.00,95.00,68.00,0.9250,1,1
1438,4,452.00,209.00,52.00,65.00,0.8979,1,1
1438,5,187.00,374.00,66.00,57.00,0.9234,1,1
1438,21,460.00,267.00,37.00,24.00,0.8420,1,1
1438,24,816.00,212.00,79.00,55.00,0.9304,1,1
1438,34,824.00,263.00,32.00,27.00,0.4774,1,1
1438,100,41.00,923.00,36.00,30.00,0.8187,1,1
1438,113,418.00,371.00,37.00,30.00,0.4881,1,1
1438,118,212.00,415.00,39.00,39.00,0.8772,1,1
1438,119,55.00,971.00,33.00,43.00,0.5431,1,1
1438,122,742.00,443.00,38.00,44.00,0.7535,1,1
1438,123,539.00,466.00,39.00,32.00,0.6192,1,1
1439,1,361.00,486.00,97.00,82.00,0.8932,1,1
1439,2,581.00,358.00,95.00,69.00,0.9228,1,1
1439,4,448.00,211.00,52.00,63.00,0.8973,1,1
1439,5,186.00,373.00,65.00,57.00,0.9249,1,1
1439,21,459.00,267.00,36.00,23.00,0.8138,1,1
1439,24,815.00,212.00,79.00,56.00,0.9300,1,1
1439,34,823.00,263.00,32.00,27.00,0.4804,1,1
1439,100,43.00,935.00,33.00,28.00,0.7102,1,1
1439,113,414.00,369.00,40.00,30.00,0.3193,1,1
1439,118,211.00,413.00,39.00,40.00,0.8946,1,1
1439,119,54.00,976.00,40.00,45.00,0.3811,1,1
1439,122,742.00,443.00,39.00,43.00,0.7005,1,1
1439,123,540.00,467.00,38.00,31.00,0.6106,1,1
1439,126,769.00,420.00,32.00,38.00,0.4845,1,1
1440,1,361.00,485.00,97.00,82.00,0.8966,1,1
1440,2,581.00,359.00,94.00,69.00,0.9213,1,1
1440,4,446.00,211.00,52.00,64.00,0.9077,1,1
1440,5,184.00,373.00,66.00,56.00,0.9198,1,1
1440,21,455.00,267.00,38.00,24.00,0.7610,1,1
1440,24,814.00,211.00,79.00,57.00,0.9348,1,1
1440,34,821.00,263.00,36.00,28.00,0.4482,1,1
1440,100,43.00,942.00,34.00,28.00,0.3457,1,1
1440,113,411.00,367.00,38.00,32.00,0.4418,1,1
1440,118,209.00,412.00,39.00,41.00,0.9006,1,1
1440,119,51.00,1004.00,41.00,44.00,0.3811,1,1
1440,122,741.00,443.00,39.00,45.00,0.7771,1,1
1440,123,540.00,469.00,38.00,31.00,0.6249,1,1
1440,126,768.00,419.00,33.00,38.00,0.4363,1,1
1441,1,361.00,485.00,96.00,82.00,0.8990,1,1
1441,2,580.00,359.00,95.00,69.00,0.9175,1,1
1441,4,442.00,211.00,53.00,65.00,0.8831,1,1
1441,5,181.00,372.00,68.00,56.00,0.9206,1,1
1441,21,450.00,268.00,41.00,23.00,0.7558,1,1
1441,24,811.00,212.00,80.00,56.00,0.9307,1,1
1441,34,818.00,262.00,40.00,29.00,0.3962,1,1
1441,100,46.00,950.00,34.00,28.00,0.5714,1,1
1441,113,409.00,368.00,38.00,32.00,0.5595,1,1
1441,118,208.00,412.00,39.00,40.00,0.9162,1,1
1441,122,741.00,443.00,39.00,40.00,0.6424,1,1
1441,123,541.00,469.00,39.00,32.00,0.6588,1,1
1441,126,767.00,421.00,32.00,38.00,0.4177,1,1
1441,127,764.00,433.00,32.00,33.00,0.3070,1,1
1442,1,362.00,483.00,95.00,84.00,0.9026,1,1
1442,2,580.00,360.00,94.00,69.00,0.9215,1,1
1442,4,438.00,212.00,54.00,64.00,0.8844,1,1
1442,5,181.00,371.00,65.00,57.00,0.9085,1,1
1442,14,247.00,558.00,44.00,32.00,0.2960,1,1
1442,21,448.00,267.00,39.00,24.00,0.7111,1,1
1442,24,809.00,212.00,79.00,56.00,0.9306,1,1
1442,34,817.00,263.00,41.00,28.00,0.3493,1,1
1442,87,0.00,938.00,29.00,34.00,0.2827,1,1
1442,100,53.00,956.00,28.00,27.00,0.6726,1,1
1442,113,410.00,373.00,41.00,31.00,0.4723,1,1
1442,118,206.00,411.00,39.00,41.00,0.9200,1,1
1442,122,739.00,444.00,40.00,41.00,0.4425,1,1
1442,123,543.00,469.00,38.00,34.00,0.3722,1,1
1442,126,765.00,427.00,33.00,34.00,0.4495,1,1
1442,127,768.00,432.00,29.00,30.00,0.3070,1,1
1443,1,362.00,483.00,95.00,83.00,0.9069,1,1
1443,2,580.00,360.00,95.00,69.00,0.9216,1,1
1443,4,434.00,213.00,53.00,64.00,0.8674,1,1
1443,5,179.00,371.00,64.00,56.00,0.9036,1,1
1443,14,244.00,558.00,42.00,33.00,0.2675,1,1
1443,21,446.00,270.00,36.00,23.00,0.7010,1,1
1443,24,807.00,213.00,78.00,57.00,0.9296,1,1
1443,34,816.00,264.00,45.00,28.00,0.3772,1,1
1443,87,0.00,962.00,19.00,34.00,0.2827,1,1
1443,100,57.00,962.00,28.00,28.00,0.7318,1,1
1443,113,408.00,373.00,43.00,33.00,0.7115,1,1
1443,116,261.00,493.00,28.00,40.00,0.2760,1,1
1443,118,204.00,411.00,38.00,40.00,0.8891,1,1
1443,122,738.00,446.00,40.00,41.00,0.4425,1,1
1443,123,543.00,468.00,38.00,34.00,0.3512,1,1
1443,126,764.00,425.00,33.00,36.00,0.5036,1,1
1444,1,362.00,483.00,95.00,83.00,0.9065,1,1
1444,2,580.00,360.00,95.00,68.00,0.9221,1,1
1444,4,431.00,214.00,53.00,65.00,0.8911,1,1
1444,5,177.00,370.00,63.00,58.00,0.8928,1,1
1444,14,244.00,558.00,41.00,33.00,0.2675,1,1
1444,21,441.00,271.00,39.00,23.00,0.6803,1,1
1444,24,804.00,212.00,78.00,58.00,0.9273,1,1
1444,34,810.00,264.00,31.00,29.00,0.4668,1,1
1444,100,61.00,967.00,31.00,29.00,0.7905,1,1
1444,113,405.00,372.00,47.00,36.00,0.6587,1,1
1444,116,262.00,493.00,28.00,43.00,0.4628,1,1
1444,118,204.00,410.00,37.00,40.00,0.8655,1,1
1444,123,541.00,469.00,39.00,34.00,0.3650,1,1
1444,126,762.00,426.00,33.00,36.00,0.4012,1,1
1445,1,361.00,483.00,96.00,83.00,0.9073,1,1
1445,2,580.00,359.00,97.00,69.00,0.9253,1,1
1445,4,427.00,216.00,52.00,64.00,0.8803,1,1
1445,5,175.00,370.00,64.00,58.00,0.8973,1,1
1445,21,434.00,274.00,41.00,24.00,0.6522,1,1
1445,24,799.00,215.00,81.00,56.00,0.9312,1,1
1445,34,810.00,266.00,31.00,30.00,0.5273,1,1
1445,100,64.00,975.00,33.00,29.00,0.8023,1,1
1445,113,400.00,372.00,44.00,35.00,0.7084,1,1
1445,115,476.00,371.00,29.00,46.00,0.3544,1,1
1445,116,261.00,491.00,28.00,41.00,0.3614,1,1
1445,118,203.00,406.00,37.00,45.00,0.8758,1,1
1445,123,540.00,470.00,39.00,34.00,0.4409,1,1
1445,126,759.00,425.00,36.00,37.00,0.3251,1,1
1446,1,361.00,483.00,97.00,82.00,0.9100,1,1
1446,2,580.00,359.00,97.00,69.00,0.9275,1,1
1446,4,423.00,216.00,53.00,65.00,0.8916,1,1
1446,5,174.00,370.00,65.00,58.00,0.9038,1,1
1446,21,432.00,276.00,40.00,23.00,0.6149,1,1
1446,24,796.00,217.00,79.00,57.00,0.9337,1,1
1446,34,810.00,267.00,39.00,29.00,0.4120,1,1
1446,100,78.00,984.00,29.00,31.00,0.7944,1,1
1446,113,394.00,371.00,43.00,37.00,0.5830,1,1
1446,115,475.00,373.00,31.00,45.00,0.3320,1,1
1446,116,261.00,488.00,28.00,40.00,0.3614,1,1
1446,118,201.00,407.00,38.00,44.00,0.9293,1,1
1446,123,538.00,470.00,41.00,34.00,0.4366,1,1
1446,126,756.00,427.00,37.00,36.00,0.6319,1,1
1447,1,361.00,483.00,96.00,81.00,0.9124,1,1
1447,2,581.00,359.00,96.00,69.00,0.9312,1,1
1447,4,419.00,217.00,54.00,66.00,0.9084,1,1
1447,5,172.00,369.00,66.00,58.00,0.9083,1,1
1447,21,431.00,277.00,38.00,23.00,0.5536,1,1
1447,24,792.00,219.00,78.00,58.00,0.9241,1,1
1447,34,809.00,267.00,39.00,30.00,0.4120,1,1
1447,100,73.00,994.00,37.00,29.00,0.8112,1,1
1447,113,394.00,373.00,43.00,35.00,0.4763,1,1
1447,115,485.00,371.00,32.00,46.00,0.3320,1,1
1447,116,260.00,482.00,31.00,41.00,0.3864,1,1
1447,118,198.00,407.00,40.00,42.00,0.9346,1,1
1447,123,538.00,473.00,40.00,34.00,0.5406,1,1
1447,126,754.00,427.00,38.00,37.00,0.6319,1,1
1447,127,474.00,377.00,30.00,41.00,0.5741,1,1
1448,1,361.00,483.00,95.00,82.00,0.9186,1,1
1448,2,581.00,359.00,96.00,70.00,0.9315,1,1
1448,4,416.00,219.00,55.00,64.00,0.9050,1,1
1448,5,170.00,370.00,65.00,56.00,0.8984,1,1
1448,21,429.00,277.00,36.00,23.00,0.6546,1,1
1448,24,788.00,220.00,78.00,59.00,0.9185,1,1
1448,100,77.00,1004.00,40.00,31.00,0.7483,1,1
1448,113,395.00,375.00,41.00,36.00,0.5607,1,1
1448,116,264.00,484.00,34.00,39.00,0.5569,1,1
1448,118,197.00,407.00,39.00,42.00,0.9182,1,1
1448,123,538.00,477.00,37.00,31.00,0.5459,1,1
1448,127,431.00,369.00,30.00,42.00,0.5741,1,1
1449,1,361.00,483.00,95.00,82.00,0.9146,1,1
1449,2,581.00,359.00,96.00,70.00,0.9308,1,1
1449,4,414.00,220.00,53.00,64.00,0.9012,1,1
1449,5,168.00,370.00,64.00,57.00,0.8905,1,1
1449,14,239.00,542.00,34.00,33.00,0.2690,1,1
1449,21,423.00,279.00,39.00,24.00,0.7691,1,1
1449,24,784.00,224.00,79.00,57.00,0.9477,1,1
1449,100,91.00,1018.00,33.00,30.00,0.8282,1,1
1449,113,393.00,377.00,44.00,34.00,0.5710,1,1
1449,116,266.00,485.00,32.00,37.00,0.6313,1,1
1449,118,196.00,406.00,39.00,43.00,0.9207,1,1
1449,123,537.00,479.00,38.00,30.00,0.4625,1,1
1449,127,473.00,375.00,29.00,42.00,0.5538,1,1
1450,1,361.00,483.00,94.00,81.00,0.9155,1,1
1450,2,581.00,359.00,96.00,70.00,0.9285,1,1
1450,4,411.00,222.00,54.00,64.00,0.8995,1,1
1450,5,167.00,369.00,62.00,59.00,0.8744,1,1
1450,14,238.00,540.00,34.00,34.00,0.2690,1,1
1450,21,422.00,279.00,38.00,24.00,0.8079,1,1
1450,24,779.00,225.00,79.00,58.00,0.9516,1,1
1450,100,87.00,1030.00,39.00,29.00,0.7008,1,1
1450,113,394.00,379.00,41.00,34.00,0.6180,1,1
1450,116,265.00,484.00,33.00,36.00,0.5478,1,1
1450,118,194.00,404.00,39.00,44.00,0.8807,1,1
1450,123,536.00,480.00,37.00,29.00,0.6284,1,1
1450,127,473.00,373.00,29.00,42.00,0.3298,1,1
1451,1,361.00,483.00,95.00,81.00,0.9195,1,1
1451,2,581.00,359.00,95.00,70.00,0.9277,1,1
1451,4,408.00,222.00,55.00,64.00,0.8856,1,1
1451,5,166.00,368.00,63.00,60.00,0.8769,1,1
1451,14,265.00,490.00,35.00,30.00,0.3418,1,1
1451,21,420.00,279.00,38.00,24.00,0.7962,1,1
1451,24,773.00,227.00,80.00,59.00,0.9432,1,1
1451,100,89.00,1039.00,40.00,30.00,0.7008,1,1
1451,113,391.00,383.00,41.00,32.00,0.4489,1,1
1451,116,266.00,482.00,32.00,35.00,0.5478,1,1
1451,118,194.00,404.00,38.00,45.00,0.9133,1,1
1451,123,535.00,481.00,34.00,30.00,0.5192,1,1
1451,127,472.00,371.00,29.00,42.00,0.5662,1,1
1452,1,360.00,483.00,96.00,81.00,0.9206,1,1
1452,2,581.00,359.00,95.00,70.00,0.9265,1,1
1452,4,405.00,223.00,57.00,64.00,0.9066,1,1
1452,5,166.00,368.00,61.00,61.00,0.8713,1,1
1452,14,267.00,483.00,35.00,29.00,0.3418,1,1
1452,21,418.00,279.00,39.00,25.00,0.8084,1,1
1452,24,769.00,230.00,79.00,59.00,0.9411,1,1
1452,113,389.00,385.00,39.00,33.00,0.7114,1,1
1452,118,193.00,406.00,38.00,43.00,0.8916,1,1
1452,123,527.00,482.00,39.00,31.00,0.6179,1,1
1452,127,471.00,368.00,29.00,45.00,0.6684,1,1
1453,1,360.00,482.00,94.00,82.00,0.9286,1,1
1453,2,580.00,359.00,96.00,70.00,0.9242,1,1
1453,4,403.00,223.00,56.00,64.00,0.9302,1,1
1453,5,165.00,369.00,61.00,61.00,0.8742,1,1
1453,21,418.00,280.00,37.00,24.00,0.8202,1,1
1453,24,764.00,232.00,79.00,60.00,0.9376,1,1
1453,113,387.00,387.00,39.00,33.00,0.6311,1,1
1453,118,191.00,408.00,40.00,42.00,0.8517,1,1
1453,123,528.00,483.00,37.00,31.00,0.7915,1,1
1453,127,469.00,367.00,30.00,48.00,0.6923,1,1
1454,1,360.00,482.00,94.00,82.00,0.9313,1,1
1454,2,580.00,359.00,95.00,70.00,0.9179,1,1
1454,4,402.00,225.00,54.00,62.00,0.9236,1,1
1454,5,164.00,370.00,61.00,61.00,0.8777,1,1
1454,21,417.00,280.00,36.00,24.00,0.8121,1,1
1454,24,759.00,235.00,79.00,60.00,0.9321,1,1
1454,113,388.00,393.00,39.00,36.00,0.5592,1,1
1454,116,192.00,422.00,37.00,33.00,0.4743,1,1
1454,118,191.00,410.00,40.00,40.00,0.8133,1,1
1454,119,0.00,723.00,8.00,59.00,0.5388,1,1
1454,122,191.00,416.00,42.00,35.00,0.3040,1,1
1454,123,527.00,483.00,39.00,30.00,0.8093,1,1
1454,127,469.00,369.00,30.00,46.00,0.6446,1,1
1455,1,360.00,482.00,94.00,82.00,0.9277,1,1
1455,2,579.00,359.00,94.00,70.00,0.9067,1,1
1455,4,400.00,225.00,56.00,62.00,0.9110,1,1
1455,5,164.00,370.00,61.00,62.00,0.8824,1,1
1455,14,248.00,531.00,44.00,27.00,0.2689,1,1
1455,21,415.00,280.00,37.00,23.00,0.8190,1,1
1455,24,754.00,238.00,82.00,60.00,0.9268,1,1
1455,113,390.00,395.00,41.00,34.00,0.6496,1,1
1455,116,191.00,420.00,38.00,34.00,0.4374,1,1
1455,118,191.00,409.00,39.00,43.00,0.8527,1,1
1455,119,0.00,713.00,11.00,69.00,0.7316,1,1
1455,122,154.00,415.00,42.00,34.00,0.3040,1,1
1455,123,524.00,484.00,41.00,30.00,0.7903,1,1
1455,127,470.00,369.00,29.00,43.00,0.4449,1,1
1456,1,360.00,482.00,94.00,82.00,0.9296,1,1
1456,2,578.00,359.00,93.00,70.00,0.9095,1,1
1456,4,398.00,225.00,56.00,62.00,0.9028,1,1
1456,5,164.00,372.00,62.00,62.00,0.8827,1,1
1456,14,248.00,532.00,44.00,27.00,0.2689,1,1
1456,21,414.00,280.00,37.00,24.00,0.8040,1,1
1456,24,750.00,239.00,80.00,63.00,0.9462,1,1
1456,113,390.00,395.00,43.00,33.00,0.4857,1,1
1456,116,185.00,413.00,39.00,33.00,0.4374,1,1
1456,118,190.00,408.00,40.00,46.00,0.8161,1,1
1456,119,0.00,716.00,17.00,61.00,0.7888,1,1
1456,123,523.00,484.00,42.00,31.00,0.7900,1,1
1456,127,471.00,370.00,28.00,42.00,0.6118,1,1
1457,1,360.00,482.00,93.00,82.00,0.9240,1,1
1457,2,578.00,359.00,93.00,70.00,0.9205,1,1
1457,4,397.00,225.00,55.00,62.00,0.8919,1,1
1457,5,164.00,372.00,61.00,64.00,0.9010,1,1
1457,21,411.00,280.00,38.00,25.00,0.8242,1,1
1457,24,746.00,244.00,79.00,60.00,0.9279,1,1
1457,113,388.00,396.00,44.00,32.00,0.4262,1,1
1457,118,191.00,407.00,38.00,48.00,0.8610,1,1
1457,119,0.00,715.00,26.00,93.00,0.8421,1,1
1457,123,523.00,484.00,41.00,31.00,0.7065,1,1
1457,127,471.00,369.00,29.00,44.00,0.6175,1,1
1458,1,360.00,482.00,93.00,82.00,0.9224,1,1
1458,2,577.00,359.00,93.00,71.00,0.9261,1,1
1458,4,396.00,226.00,55.00,60.00,0.8816,1,1
1458,5,164.00,373.00,60.00,64.00,0.9013,1,1
1458,21,410.00,280.00,39.00,26.00,0.8167,1,1
1458,24,741.00,247.00,80.00,60.00,0.9061,1,1
1458,34,755.00,302.00,34.00,23.00,0.3202,1,1
1458,113,388.00,397.00,44.00,33.00,0.4564,1,1
1458,118,191.00,408.00,39.00,47.00,0.8999,1,1
1458,119,0.00,716.00,33.00,101.00,0.8837,1,1
1458,123,524.00,483.00,40.00,32.00,0.7722,1,1
1458,127,472.00,366.00,31.00,48.00,0.5579,1,1
1458,130,191.00,1005.00,34.00,48.00,0.7752,1,1
1459,1,360.00,482.00,92.00,82.00,0.9221,1,1
1459,2,576.00,359.00,94.00,71.00,0.9254,1,1
1459,4,395.00,228.00,55.00,58.00,0.8842,1,1
1459,5,163.00,375.00,62.00,62.00,0.8891,1,1
1459,21,408.00,280.00,39.00,29.00,0.8789,1,1
1459,24,738.00,248.00,79.00,61.00,0.9319,1,1
1459,34,751.00,304.00,34.00,23.00,0.3202,1,1
1459,113,389.00,397.00,43.00,34.00,0.4225,1,1
1459,118,190.00,410.00,40.00,46.00,0.9068,1,1
1459,119,0.00,720.00,42.00,112.00,0.9276,1,1
1459,123,524.00,483.00,41.00,31.00,0.7096,1,1
1459,127,474.00,364.00,33.00,45.00,0.5524,1,1
1459,130,196.00,1006.00,36.00,56.00,0.6069,1,1
1460,1,360.00,481.00,93.00,83.00,0.9251,1,1
1460,2,575.00,359.00,95.00,71.00,0.9267,1,1
1460,4,393.00,229.00,56.00,57.00,0.8954,1,1
1460,5,163.00,376.00,63.00,62.00,0.8858,1,1
1460,21,407.00,281.00,39.00,28.00,0.8788,1,1
1460,24,736.00,250.00,79.00,61.00,0.9412,1,1
1460,113,388.00,398.00,45.00,35.00,0.4225,1,1
1460,118,189.00,412.00,41.00,44.00,0.9200,1,1
1460,119,0.00,725.00,52.00,119.00,0.8859,1,1
1460,123,525.00,482.00,40.00,31.00,0.7309,1,1
1460,127,470.00,361.00,34.00,47.00,0.5524,1,1
1460,130,204.00,1006.00,35.00,63.00,0.3723,1,1
1460,132,47.00,887.00,43.00,32.00,0.2934,1,1
1461,1,360.00,481.00,93.00,82.00,0.9246,1,1
1461,2,575.00,359.00,94.00,71.00,0.9291,1,1
1461,4,392.00,228.00,57.00,58.00,0.8875,1,1
1461,5,164.00,377.00,62.00,62.00,0.8877,1,1
1461,21,406.00,281.00,39.00,29.00,0.8741,1,1
1461,24,734.00,251.00,79.00,61.00,0.9292,1,1
1461,118,189.00,413.00,41.00,44.00,0.9207,1,1
1461,119,0.00,737.00,63.00,113.00,0.9293,1,1
1461,123,524.00,482.00,41.00,31.00,0.7532,1,1
1461,130,207.00,1007.00,39.00,68.00,0.3723,1,1
1461,132,57.00,894.00,44.00,32.00,0.6100,1,1
1462,1,360.00,481.00,93.00,83.00,0.9279,1,1
1462,2,574.00,359.00,95.00,71.00,0.9328,1,1
1462,4,391.00,229.00,57.00,57.00,0.8864,1,1
1462,5,164.00,379.00,62.00,62.00,0.8878,1,1
1462,21,405.00,281.00,40.00,29.00,0.8507,1,1
1462,24,731.00,252.00,82.00,60.00,0.9346,1,1
1462,34,659.00,355.00,38.00,27.00,0.4402,1,1
1462,118,190.00,416.00,41.00,42.00,0.9152,1,1
1462,119,0.00,745.00,73.00,116.00,0.9239,1,1
1462,123,525.00,482.00,40.00,31.00,0.7981,1,1
1462,130,223.00,1017.00,43.00,62.00,0.3946,1,1
1462,132,64.00,898.00,48.00,35.00,0.5865,1,1
1463,1,360.00,481.00,93.00,83.00,0.9281,1,1
1463,2,574.00,359.00,94.00,71.00,0.9352,1,1
1463,4,391.00,230.00,56.00,57.00,0.8973,1,1
1463,5,164.00,380.00,62.00,62.00,0.8846,1,1
1463,21,405.00,282.00,40.00,29.00,0.8114,1,1
1463,24,730.00,252.00,83.00,59.00,0.9448,1,1
1463,34,657.00,357.00,38.00,26.00,0.3220,1,1
1463,116,190.00,412.00,37.00,37.00,0.2990,1,1
1463,118,190.00,415.00,40.00,45.00,0.9200,1,1
1463,119,0.00,754.00,85.00,115.00,0.9468,1,1
1463,123,526.00,482.00,39.00,29.00,0.7901,1,1
1463,130,236.00,1028.00,47.00,54.00,0.3861,1,1
1463,132,75.00,909.00,48.00,31.00,0.6852,1,1
1464,1,361.00,481.00,92.00,83.00,0.9298,1,1
1464,2,573.00,360.00,95.00,70.00,0.9390,1,1
1464,4,390.00,232.00,57.00,56.00,0.8946,1,1
1464,5,164.00,381.00,62.00,61.00,0.8934,1,1
1464,21,405.00,282.00,40.00,31.00,0.7896,1,1
1464,24,729.00,252.00,84.00,57.00,0.9582,1,1
1464,34,656.00,358.00,38.00,25.00,0.2845,1,1
1464,116,191.00,413.00,37.00,36.00,0.2866,1,1
1464,118,191.00,415.00,40.00,46.00,0.9145,1,1
1464,119,7.00,763.00,90.00,117.00,0.9399,1,1
1464,123,527.00,482.00,39.00,29.00,0.8324,1,1
1464,127,491.00,349.00,35.00,36.00,0.4999,1,1
1464,130,249.00,1023.00,39.00,56.00,0.4459,1,1
1464,132,83.00,915.00,53.00,31.00,0.5862,1,1
1465,1,361.00,480.00,94.00,83.00,0.9234,1,1
1465,2,572.00,360.00,95.00,70.00,0.9422,1,1
1465,4,390.00,232.00,57.00,57.00,0.8919,1,1
1465,5,165.00,381.00,61.00,62.00,0.8944,1,1
1465,21,405.00,282.00,40.00,33.00,0.8203,1,1
1465,24,732.00,252.00,81.00,55.00,0.9589,1,1
1465,34,647.00,363.00,37.00,26.00,0.2845,1,1
1465,115,742.00,313.00,36.00,32.00,0.5271,1,1
1465,116,190.00,410.00,37.00,37.00,0.2866,1,1
1465,118,192.00,416.00,39.00,46.00,0.8890,1,1
1465,119,19.00,770.00,89.00,121.00,0.9402,1,1
1465,123,528.00,481.00,38.00,29.00,0.8163,1,1
1465,127,492.00,347.00,33.00,33.00,0.4769,1,1
1465,130,258.00,1022.00,36.00,54.00,0.3359,1,1
1465,132,109.00,923.00,43.00,30.00,0.4948,1,1
1466,1,361.00,480.00,94.00,83.00,0.9188,1,1
1466,2,572.00,360.00,94.00,71.00,0.9416,1,1
1466,4,389.00,234.00,57.00,55.00,0.8933,1,1
1466,5,165.00,381.00,61.00,63.00,0.8929,1,1
1466,21,404.00,283.00,41.00,33.00,0.8323,1,1
1466,24,734.00,252.00,78.00,54.00,0.9558,1,1
1466,115,743.00,316.00,38.00,30.00,0.7269,1,1
1466,118,191.00,420.00,41.00,44.00,0.8885,1,1
1466,119,28.00,782.00,93.00,115.00,0.9251,1,1
1466,123,528.00,480.00,39.00,29.00,0.8381,1,1
1466,126,271.00,1022.00,33.00,48.00,0.4837,1,1
1466,127,492.00,348.00,32.00,31.00,0.6619,1,1
1466,130,272.00,1023.00,42.00,51.00,0.4986,1,1
1466,132,119.00,929.00,42.00,30.00,0.4948,1,1
1467,1,361.00,480.00,95.00,82.00,0.9166,1,1
1467,2,571.00,360.00,94.00,71.00,0.9415,1,1
1467,4,389.00,236.00,57.00,54.00,0.9044,1,1
1467,5,165.00,382.00,61.00,62.00,0.8872,1,1
1467,21,404.00,283.00,41.00,34.00,0.8260,1,1
1467,24,734.00,252.00,79.00,53.00,0.9517,1,1
1467,34,726.00,455.00,21.00,28.00,0.2504,1,1
1467,115,743.00,316.00,40.00,31.00,0.6755,1,1
1467,118,191.00,421.00,41.00,44.00,0.8945,1,1
1467,119,40.00,788.00,93.00,120.00,0.9530,1,1
1467,123,527.00,480.00,40.00,28.00,0.8465,1,1
1467,126,246.00,1052.00,33.00,35.00,0.4837,1,1
1467,127,492.00,348.00,32.00,31.00,0.7284,1,1
1467,130,286.00,1017.00,38.00,44.00,0.6408,1,1
1467,132,138.00,938.00,41.00,27.00,0.4014,1,1
1467,135,286.00,1017.00,29.00,38.00,0.7945,1,1
1468,1,361.00,479.00,94.00,83.00,0.9219,1,1
1468,2,570.00,361.00,94.00,70.00,0.9411,1,1
1468,4,389.00,237.00,57.00,54.00,0.9040,1,1
1468,5,166.00,382.00,60.00,62.00,0.8870,1,1
1468,21,406.00,285.00,38.00,32.00,0.8096,1,1
1468,24,735.00,253.00,79.00,53.00,0.9542,1,1
1468,34,728.00,467.00,20.00,29.00,0.2504,1,1
1468,115,744.00,316.00,40.00,31.00,0.5967,1,1
1468,118,192.00,419.00,40.00,47.00,0.9051,1,1
1468,119,51.00,794.00,94.00,119.00,0.9414,1,1
1468,123,527.00,480.00,42.00,28.00,0.8258,1,1
1468,127,491.00,349.00,33.00,29.00,0.7289,1,1
1468,130,297.00,1015.00,38.00,48.00,0.4387,1,1
1468,132,149.00,944.00,39.00,28.00,0.4014,1,1
1468,135,286.00,1014.00,28.00,36.00,0.7945,1,1
1469,1,361.00,479.00,94.00,82.00,0.9193,1,1
1469,2,569.00,363.00,94.00,68.00,0.9408,1,1
1469,4,389.00,238.00,57.00,54.00,0.9051,1,1
1469,5,166.00,383.00,61.00,61.00,0.8846,1,1
1469,21,406.00,286.00,38.00,32.00,0.8109,1,1
1469,24,737.00,254.00,77.00,52.00,0.9557,1,1
1469,115,743.00,316.00,43.00,32.00,0.5002,1,1
1469,118,191.00,419.00,41.00,48.00,0.8849,1,1
1469,119,63.00,795.00,93.00,125.00,0.9442,1,1
1469,123,526.00,480.00,42.00,27.00,0.7958,1,1
1469,127,490.00,350.00,35.00,27.00,0.7159,1,1
1469,130,304.00,999.00,36.00,50.00,0.7331,1,1
1470,1,361.00,479.00,94.00,83.00,0.9190,1,1
1470,2,569.00,363.00,94.00,69.00,0.9407,1,1
1470,4,389.00,239.00,57.00,53.00,0.8953,1,1
1470,5,166.00,383.00,62.00,61.00,0.8849,1,1
1470,21,406.00,287.00,39.00,31.00,0.7809,1,1
1470,24,738.00,255.00,76.00,52.00,0.9548,1,1
1470,113,270.00,492.00,33.00,50.00,0.6003,1,1
1470,115,743.00,316.00,45.00,34.00,0.6442,1,1
1470,118,191.00,419.00,41.00,48.00,0.8930,1,1
1470,119,75.00,800.00,97.00,122.00,0.9523,1,1
1470,123,525.00,479.00,43.00,28.00,0.7504,1,1
1470,127,491.00,350.00,34.00,26.00,0.7358,1,1
1470,130,313.00,997.00,38.00,51.00,0.7331,1,1
1471,1,361.00,479.00,93.00,83.00,0.9237,1,1
1471,2,568.00,364.00,95.00,68.00,0.9444,1,1
1471,4,389.00,240.00,57.00,54.00,0.8953,1,1
1471,5,167.00,383.00,61.00,62.00,0.8851,1,1
1471,21,407.00,287.00,39.00,31.00,0.7907,1,1
1471,24,738.00,255.00,77.00,52.00,0.9553,1,1
1471,113,270.00,493.00,35.00,47.00,0.5970,1,1
1471,115,743.00,314.00,46.00,36.00,0.5158,1,1
1471,118,192.00,419.00,41.00,48.00,0.8932,1,1
1471,119,89.00,803.00,98.00,123.00,0.9325,1,1
1471,123,530.00,477.00,39.00,29.00,0.6833,1,1
1471,127,490.00,350.00,36.00,26.00,0.7168,1,1
1472,1,361.00,479.00,93.00,83.00,0.9198,1,1
1472,2,568.00,364.00,95.00,68.00,0.9469,1,1
1472,4,389.00,240.00,59.00,54.00,0.9039,1,1
1472,5,167.00,383.00,62.00,62.00,0.8896,1,1
1472,14,448.00,428.00,41.00,39.00,0.2857,1,1
1472,21,408.00,289.00,38.00,30.00,0.7804,1,1
1472,24,738.00,255.00,77.00,53.00,0.9553,1,1
1472,113,271.00,489.00,33.00,42.00,0.4567,1,1
1472,115,744.00,314.00,46.00,37.00,0.4473,1,1
1472,118,192.00,420.00,41.00,47.00,0.8891,1,1
1472,119,106.00,805.00,98.00,123.00,0.9371,1,1
1472,123,529.00,477.00,38.00,28.00,0.7499,1,1
1472,127,490.00,350.00,36.00,26.00,0.7064,1,1
1473,1,361.00,479.00,92.00,84.00,0.9186,1,1
1473,2,568.00,364.00,94.00,69.00,0.9488,1,1
1473,4,391.00,241.00,58.00,54.00,0.8923,1,1
1473,5,168.00,383.00,61.00,61.00,0.8877,1,1
1473,14,459.00,422.00,41.00,40.00,0.2857,1,1
1473,21,410.00,289.00,37.00,29.00,0.7505,1,1
1473,24,738.00,255.00,77.00,54.00,0.9506,1,1
1473,113,266.00,494.00,33.00,43.00,0.4567,1,1
1473,115,750.00,313.00,47.00,37.00,0.4473,1,1
1473,118,193.00,421.00,41.00,46.00,0.8769,1,1
1473,119,120.00,805.00,101.00,124.00,0.9244,1,1
1473,123,533.00,474.00,34.00,29.00,0.6421,1,1
1473,127,491.00,351.00,35.00,26.00,0.7374,1,1
1474,1,360.00,479.00,93.00,85.00,0.9287,1,1
1474,2,568.00,364.00,94.00,69.00,0.9518,1,1
1474,4,391.00,243.00,59.00,53.00,0.8961,1,1
1474,5,168.00,383.00,63.00,61.00,0.8934,1,1
1474,21,412.00,289.00,36.00,30.00,0.7877,1,1
1474,24,738.00,257.00,77.00,53.00,0.9419,1,1
1474,113,273.00,494.00,36.00,48.00,0.2599,1,1
1474,118,193.00,420.00,41.00,46.00,0.8953,1,1
1474,119,138.00,805.00,103.00,124.00,0.9285,1,1
1474,123,534.00,472.00,34.00,27.00,0.7729,1,1
1474,127,492.00,350.00,34.00,26.00,0.7307,1,1
1475,1,360.00,480.00,93.00,84.00,0.9243,1,1
1475,2,568.00,364.00,94.00,69.00,0.9526,1,1
1475,4,392.00,244.00,59.00,54.00,0.8858,1,1
1475,5,168.00,383.00,62.00,60.00,0.8859,1,1
1475,21,413.00,290.00,36.00,30.00,0.8290,1,1
1475,24,737.00,258.00,77.00,54.00,0.9435,1,1
1475,113,274.00,488.00,34.00,51.00,0.5566,1,1
1475,115,743.00,319.00,44.00,32.00,0.2967,1,1
1475,118,192.00,420.00,41.00,46.00,0.8947,1,1
1475,119,155.00,804.00,107.00,125.00,0.9330,1,1
1475,123,535.00,469.00,35.00,26.00,0.7759,1,1
1475,127,493.00,349.00,37.00,27.00,0.7456,1,1
1476,1,359.00,480.00,94.00,84.00,0.9199,1,1
1476,2,568.00,364.00,93.00,69.00,0.9534,1,1
1476,4,393.00,245.00,58.00,53.00,0.8832,1,1
1476,5,168.00,382.00,63.00,60.00,0.8834,1,1
1476,21,414.00,292.00,36.00,29.00,0.8281,1,1
1476,24,735.00,259.00,79.00,56.00,0.9499,1,1
1476,113,271.00,492.00,35.00,52.00,0.5566,1,1
1476,115,748.00,318.00,44.00,33.00,0.2967,1,1
1476,118,192.00,420.00,41.00,44.00,0.8987,1,1
1476,119,174.00,802.00,107.00,120.00,0.9429,1,1
1476,123,535.00,465.00,40.00,28.00,0.8034,1,1
1476,127,493.00,349.00,39.00,27.00,0.7045,1,1
1477,1,359.00,480.00,93.00,84.00,0.9219,1,1
1477,2,568.00,365.00,93.00,69.00,0.9539,1,1
1477,4,393.00,245.00,59.00,54.00,0.8776,1,1
1477,5,168.00,382.00,63.00,60.00,0.8783,1,1
1477,21,413.00,292.00,38.00,29.00,0.8141,1,1
1477,24,730.00,262.00,82.00,57.00,0.9215,1,1
1477,118,192.00,419.00,40.00,44.00,0.9102,1,1
1477,119,192.00,800.00,107.00,120.00,0.9040,1,1
1477,123,536.00,463.00,40.00,28.00,0.8696,1,1
1477,127,493.00,349.00,38.00,27.00,0.7901,1,1
1478,1,359.00,481.00,93.00,83.00,0.9168,1,1
1478,2,568.00,365.00,93.00,69.00,0.9527,1,1
1478,4,395.00,245.00,57.00,55.00,0.8768,1,1
1478,5,167.00,380.00,64.00,60.00,0.8800,1,1
1478,21,414.00,293.00,37.00,28.00,0.8049,1,1
1478,24,727.00,262.00,83.00,60.00,0.9341,1,1
1478,118,191.00,420.00,41.00,41.00,0.8963,1,1
1478,119,211.00,792.00,109.00,125.00,0.9049,1,1
1478,123,537.00,461.00,41.00,29.00,0.8676,1,1
1478,127,493.00,349.00,38.00,25.00,0.7673,1,1
1479,1,359.00,481.00,93.00,83.00,0.9189,1,1
1479,2,568.00,365.00,94.00,70.00,0.9490,1,1
1479,4,395.00,245.00,58.00,55.00,0.8744,1,1
1479,5,168.00,380.00,62.00,58.00,0.8701,1,1
1479,21,414.00,294.00,38.00,27.00,0.8011,1,1
1479,24,724.00,266.00,84.00,60.00,0.9403,1,1
1479,113,273.00,477.00,44.00,52.00,0.3307,1,1
1479,116,191.00,417.00,41.00,31.00,0.2781,1,1
1479,118,190.00,420.00,42.00,40.00,0.8855,1,1
1479,119,231.00,789.00,108.00,127.00,0.9317,1,1
1479,123,540.00,458.00,41.00,31.00,0.8435,1,1
1479,127,494.00,349.00,38.00,25.00,0.7924,1,1
1480,1,358.00,481.00,94.00,83.00,0.9234,1,1
1480,2,568.00,366.00,94.00,69.00,0.9479,1,1
1480,4,395.00,245.00,58.00,55.00,0.8711,1,1
1480,5,168.00,378.00,63.00,60.00,0.8646,1,1
1480,21,412.00,294.00,39.00,28.00,0.7994,1,1
1480,24,722.00,268.00,82.00,60.00,0.9344,1,1
1480,113,274.00,475.00,43.00,52.00,0.3124,1,1
1480,116,192.00,417.00,40.00,31.00,0.3561,1,1
1480,118,192.00,419.00,41.00,39.00,0.8822,1,1
1480,119,252.00,781.00,106.00,127.00,0.9331,1,1
1480,123,541.00,456.00,42.00,32.00,0.8759,1,1
1480,127,493.00,350.00,38.00,25.00,0.7836,1,1
1481,1,358.00,481.00,94.00,83.00,0.9232,1,1
1481,2,569.00,366.00,92.00,69.00,0.9479,1,1
1481,4,394.00,245.00,58.00,55.00,0.8753,1,1
1481,5,167.00,378.00,63.00,60.00,0.8647,1,1
1481,21,412.00,294.00,39.00,28.00,0.8014,1,1
1481,24,720.00,270.00,81.00,60.00,0.9412,1,1
1481,113,273.00,474.00,43.00,53.00,0.3208,1,1
1481,116,192.00,416.00,40.00,32.00,0.3561,1,1
1481,118,191.00,417.00,42.00,40.00,0.8722,1,1
1481,119,271.00,776.00,106.00,126.00,0.9254,1,1
1481,123,542.00,454.00,45.00,32.00,0.8148,1,1
1481,127,492.00,351.00,37.00,26.00,0.7576,1,1
1482,1,359.00,481.00,93.00,83.00,0.9219,1,1
1482,2,569.00,366.00,93.00,69.00,0.9492,1,1
1482,4,394.00,245.00,57.00,55.00,0.8811,1,1
1482,5,167.00,377.00,65.00,61.00,0.8751,1,1
1482,21,411.00,295.00,39.00,28.00,0.8106,1,1
1482,24,719.00,271.00,79.00,60.00,0.9421,1,1
1482,113,272.00,474.00,43.00,54.00,0.3208,1,1
1482,118,189.00,421.00,42.00,37.00,0.8717,1,1
1482,119,289.00,765.00,112.00,124.00,0.9197,1,1
1482,123,542.00,454.00,44.00,30.00,0.7615,1,1
1482,127,491.00,352.00,38.00,27.00,0.6987,1,1
1483,1,359.00,480.00,93.00,84.00,0.9237,1,1
1483,2,570.00,366.00,92.00,70.00,0.9482,1,1
1483,4,393.00,245.00,58.00,54.00,0.8846,1,1
1483,5,168.00,377.00,65.00,61.00,0.8826,1,1
1483,21,410.00,295.00,40.00,27.00,0.7972,1,1
1483,24,717.00,273.00,79.00,59.00,0.9455,1,1
1483,113,274.00,471.00,39.00,48.00,0.3406,1,1
1483,118,189.00,422.00,42.00,36.00,0.8790,1,1
1483,119,307.00,753.00,110.00,126.00,0.9346,1,1
1483,123,544.00,453.00,44.00,30.00,0.6680,1,1
1483,127,492.00,352.00,33.00,26.00,0.6904,1,1
1484,1,359.00,480.00,93.00,83.00,0.9249,1,1
1484,2,570.00,365.00,92.00,71.00,0.9501,1,1
1484,4,392.00,246.00,59.00,54.00,0.8917,1,1
1484,5,168.00,377.00,66.00,60.00,0.8883,1,1
1484,21,410.00,294.00,40.00,28.00,0.7905,1,1
1484,24,716.00,273.00,79.00,60.00,0.9403,1,1
1484,113,274.00,471.00,39.00,44.00,0.5506,1,1
1484,118,188.00,423.00,42.00,35.00,0.8447,1,1
1484,119,325.00,742.00,109.00,122.00,0.9059,1,1
1484,123,548.00,450.00,46.00,31.00,0.2649,1,1
1484,127,492.00,352.00,34.00,27.00,0.7407,1,1
1485,1,360.00,480.00,92.00,83.00,0.9270,1,1
1485,2,570.00,366.00,93.00,71.00,0.9463,1,1
1485,4,392.00,246.00,58.00,54.00,0.8906,1,1
1485,5,169.00,377.00,66.00,60.00,0.8868,1,1
1485,21,409.00,294.00,40.00,28.00,0.7972,1,1
1485,24,716.00,273.00,78.00,60.00,0.9396,1,1
1485,113,274.00,471.00,37.00,47.00,0.4477,1,1
1485,118,188.00,423.00,43.00,34.00,0.8225,1,1
1485,119,342.00,732.00,110.00,124.00,0.9440,1,1
1485,123,549.00,448.00,47.00,32.00,0.2649,1,1
1485,127,492.00,352.00,35.00,28.00,0.7010,1,1
1486,1,360.00,480.00,92.00,83.00,0.9294,1,1
1486,2,571.00,367.00,93.00,71.00,0.9439,1,1
1486,4,392.00,246.00,58.00,54.00,0.8943,1,1
1486,5,169.00,376.00,67.00,60.00,0.8770,1,1
1486,21,405.00,294.00,42.00,27.00,0.7755,1,1
1486,24,715.00,274.00,78.00,58.00,0.9383,1,1
1486,113,274.00,472.00,37.00,49.00,0.3318,1,1
1486,116,206.00,545.00,36.00,26.00,0.4718,1,1
1486,118,188.00,425.00,43.00,32.00,0.7070,1,1
1486,119,358.00,716.00,112.00,123.00,0.9042,1,1
1486,127,492.00,352.00,35.00,28.00,0.6589,1,1
1487,1,360.00,480.00,92.00,83.00,0.9260,1,1
1487,2,573.00,367.00,91.00,72.00,0.9386,1,1
1487,4,391.00,246.00,59.00,54.00,0.8968,1,1
1487,5,170.00,375.00,68.00,60.00,0.8771,1,1
1487,21,406.00,294.00,42.00,27.00,0.7815,1,1
1487,24,714.00,274.00,78.00,58.00,0.9343,1,1
1487,113,273.00,472.00,36.00,47.00,0.6702,1,1
1487,116,207.00,545.00,34.00,26.00,0.6235,1,1
1487,118,189.00,425.00,41.00,32.00,0.7284,1,1
1487,119,376.00,703.00,110.00,123.00,0.8979,1,1
1487,127,493.00,353.00,34.00,28.00,0.5905,1,1
1488,1,360.00,480.00,92.00,83.00,0.9265,1,1
1488,2,574.00,368.00,91.00,72.00,0.9400,1,1
1488,4,391.00,246.00,59.00,54.00,0.8991,1,1
1488,5,171.00,375.00,68.00,58.00,0.8684,1,1
1488,21,406.00,294.00,41.00,27.00,0.7823,1,1
1488,24,713.00,274.00,78.00,58.00,0.9402,1,1
1488,113,270.00,475.00,38.00,45.00,0.6620,1,1
1488,116,205.00,544.00,39.00,27.00,0.3989,1,1
1488,118,189.00,425.00,40.00,31.00,0.6509,1,1
1488,119,390.00,692.00,118.00,125.00,0.9233,1,1
1488,127,493.00,353.00,33.00,28.00,0.5333,1,1
1489,1,360.00,480.00,92.00,83.00,0.9283,1,1
1489,2,574.00,368.00,93.00,72.00,0.9327,1,1
1489,4,391.00,246.00,58.00,54.00,0.8994,1,1
1489,5,172.00,374.00,67.00,59.00,0.8862,1,1
1489,21,406.00,294.00,41.00,27.00,0.7837,1,1
1489,24,713.00,274.00,78.00,57.00,0.9433,1,1
1489,113,269.00,480.00,37.00,41.00,0.7901,1,1
1489,116,206.00,554.00,39.00,26.00,0.3989,1,1
1489,118,190.00,423.00,42.00,31.00,0.5878,1,1
1489,119,411.00,682.00,116.00,125.00,0.9129,1,1
1489,127,493.00,353.00,34.00,28.00,0.5371,1,1
1490,1,360.00,480.00,92.00,83.00,0.9250,1,1
1490,2,576.00,368.00,90.00,72.00,0.9346,1,1
1490,4,391.00,246.00,58.00,54.00,0.8945,1,1
1490,5,172.00,373.00,68.00,59.00,0.8926,1,1
1490,21,406.00,294.00,41.00,27.00,0.7963,1,1
1490,24,713.00,274.00,78.00,56.00,0.9416,1,1
1490,113,268.00,486.00,35.00,36.00,0.7546,1,1
1490,118,191.00,424.00,41.00,29.00,0.6134,1,1
1490,119,432.00,674.00,114.00,127.00,0.9405,1,1
1490,127,493.00,353.00,33.00,28.00,0.6374,1,1
1491,1,360.00,479.00,92.00,84.00,0.9267,1,1
1491,2,577.00,368.00,90.00,73.00,0.9238,1,1
1491,4,391.00,246.00,58.00,54.00,0.8927,1,1
1491,5,172.00,371.00,67.00,60.00,0.8865,1,1
1491,21,406.00,294.00,40.00,27.00,0.8185,1,1
1491,24,713.00,272.00,78.00,56.00,0.9400,1,1
1491,113,269.00,488.00,33.00,37.00,0.5015,1,1
1491,116,214.00,540.00,52.00,28.00,0.2891,1,1
1491,118,189.00,422.00,43.00,29.00,0.7120,1,1
1491,119,452.00,666.00,115.00,124.00,0.9283,1,1
1491,123,744.00,444.00,28.00,26.00,0.2869,1,1
1491,127,493.00,354.00,34.00,28.00,0.6954,1,1
1492,1,361.00,479.00,91.00,84.00,0.9230,1,1
1492,2,579.00,369.00,86.00,73.00,0.9253,1,1
1492,4,391.00,246.00,57.00,53.00,0.8962,1,1
1492,5,175.00,370.00,65.00,60.00,0.8878,1,1
1492,21,406.00,294.00,40.00,28.00,0.8267,1,1
1492,24,713.00,271.00,78.00,57.00,0.9406,1,1
1492,113,267.00,490.00,34.00,40.00,0.5183,1,1
1492,116,215.00,547.00,54.00,28.00,0.2891,1,1
1492,118,189.00,422.00,43.00,28.00,0.7315,1,1
1492,119,476.00,661.00,112.00,117.00,0.9225,1,1
1492,123,744.00,444.00,29.00,26.00,0.3803,1,1
1492,127,492.00,354.00,34.00,29.00,0.7278,1,1
1493,1,361.00,479.00,91.00,84.00,0.9167,1,1
1493,2,580.00,369.00,85.00,73.00,0.9277,1,1
1493,4,390.00,246.00,58.00,53.00,0.9023,1,1
1493,5,175.00,370.00,66.00,59.00,0.8898,1,1
1493,21,407.00,294.00,39.00,28.00,0.8269,1,1
1493,24,714.00,270.00,77.00,58.00,0.9392,1,1
1493,113,267.00,492.00,31.00,38.00,0.4211,1,1
1493,115,199.00,420.00,38.00,26.00,0.2997,1,1
1493,118,191.00,421.00,41.00,28.00,0.7018,1,1
1493,119,496.00,653.00,111.00,121.00,0.9366,1,1
1493,123,744.00,444.00,28.00,26.00,0.5112,1,1
1493,127,492.00,354.00,35.00,30.00,0.6818,1,1
1494,1,361.00,479.00,92.00,83.00,0.9098,1,1
1494,2,581.00,369.00,85.00,74.00,0.9283,1,1
1494,4,390.00,246.00,58.00,53.00,0.8993,1,1
1494,5,176.00,369.00,66.00,59.00,0.8951,1,1
1494,14,736.00,444.00,30.00,26.00,0.3350,1,1
1494,21,407.00,294.00,39.00,28.00,0.8342,1,1
1494,24,714.00,270.00,77.00,57.00,0.9351,1,1
1494,113,266.00,493.00,29.00,39.00,0.3823,1,1
1494,115,170.00,425.00,37.00,26.00,0.2997,1,1
1494,116,214.00,534.00,52.00,33.00,0.3270,1,1
1494,118,193.00,419.00,40.00,27.00,0.7704,1,1
1494,119,512.00,647.00,116.00,121.00,0.9573,1,1
1494,123,742.00,444.00,29.00,26.00,0.5419,1,1
1494,127,492.00,355.00,36.00,29.00,0.6585,1,1
1495,1,361.00,479.00,92.00,84.00,0.9105,1,1
1495,2,582.00,370.00,85.00,73.00,0.9342,1,1
1495,4,390.00,246.00,58.00,53.00,0.8975,1,1
1495,5,175.00,369.00,67.00,58.00,0.8983,1,1
1495,14,749.00,444.00,30.00,27.00,0.3350,1,1
1495,21,407.00,293.00,39.00,29.00,0.8488,1,1
1495,24,715.00,268.00,77.00,57.00,0.9323,1,1
1495,34,199.00,417.00,38.00,27.00,0.3048,1,1
1495,113,265.00,495.00,29.00,39.00,0.3823,1,1
1495,116,208.00,534.00,55.00,34.00,0.4097,1,1
1495,118,194.00,419.00,39.00,26.00,0.7865,1,1
1495,119,537.00,641.00,111.00,118.00,0.9347,1,1
1495,123,742.00,444.00,29.00,26.00,0.5322,1,1
1495,127,492.00,355.00,35.00,29.00,0.6559,1,1
1496,1,361.00,479.00,92.00,83.00,0.9183,1,1
1496,2,582.00,370.00,86.00,73.00,0.9392,1,1
1496,4,390.00,246.00,58.00,52.00,0.8982,1,1
1496,5,176.00,368.00,67.00,57.00,0.8992,1,1
1496,21,407.00,293.00,38.00,29.00,0.8595,1,1
1496,24,716.00,268.00,76.00,56.00,0.9255,1,1
1496,34,178.00,413.00,38.00,27.00,0.3048,1,1
1496,116,208.00,537.00,57.00,35.00,0.4097,1,1
1496,118,194.00,419.00,39.00,25.00,0.7589,1,1
1496,119,559.00,634.00,109.00,118.00,0.9475,1,1
1496,123,741.00,444.00,30.00,26.00,0.4836,1,1
1496,127,492.00,355.00,35.00,29.00,0.6534,1,1
1497,1,361.00,479.00,92.00,83.00,0.9141,1,1
1497,2,582.00,370.00,86.00,73.00,0.9419,1,1
1497,4,390.00,246.00,58.00,52.00,0.9008,1,1
1497,5,176.00,367.00,67.00,57.00,0.8925,1,1
1497,21,407.00,293.00,38.00,29.00,0.8596,1,1
1497,24,716.00,267.00,77.00,56.00,0.9311,1,1
1497,118,194.00,419.00,39.00,25.00,0.6967,1,1
1497,119,568.00,627.00,119.00,117.00,0.9201,1,1
1497,123,739.00,444.00,31.00,26.00,0.4901,1,1
1497,127,491.00,355.00,36.00,29.00,0.6587,1,1
1498,1,360.00,479.00,92.00,83.00,0.9118,1,1
1498,2,583.00,371.00,86.00,72.00,0.9449,1,1
1498,4,390.00,246.00,58.00,52.00,0.9035,1,1
1498,5,176.00,366.00,67.00,57.00,0.8892,1,1
1498,21,407.00,292.00,39.00,30.00,0.8493,1,1
1498,24,717.00,266.00,76.00,57.00,0.9339,1,1
1498,116,208.00,525.00,44.00,37.00,0.5428,1,1
1498,118,195.00,418.00,38.00,25.00,0.6702,1,1
1498,119,596.00,618.00,110.00,116.00,0.9367,1,1
1498,123,740.00,444.00,30.00,27.00,0.4361,1,1
1498,127,491.00,354.00,36.00,30.00,0.6576,1,1
1499,1,360.00,479.00,93.00,82.00,0.9155,1,1
1499,2,584.00,371.00,85.00,72.00,0.9506,1,1
1499,4,390.00,246.00,58.00,52.00,0.9047,1,1
1499,5,176.00,365.00,67.00,58.00,0.8757,1,1
1499,21,407.00,292.00,39.00,30.00,0.8473,1,1
1499,24,718.00,265.00,76.00,57.00,0.9310,1,1
1499,116,200.00,520.00,53.00,38.00,0.4388,1,1
1499,118,194.00,418.00,39.00,26.00,0.6700,1,1
1499,119,615.00,606.00,111.00,116.00,0.9517,1,1
1499,123,740.00,444.00,30.00,28.00,0.4517,1,1
1499,127,490.00,354.00,37.00,30.00,0.6860,1,1
1500,1,360.00,479.00,93.00,82.00,0.9177,1,1
1500,2,586.00,371.00,84.00,72.00,0.9447,1,1
1500,4,390.00,246.00,58.00,52.00,0.9055,1,1
1500,5,176.00,364.00,67.00,58.00,0.8618,1,1
1500,21,407.00,291.00,39.00,30.00,0.8385,1,1
1500,24,719.00,264.00,76.00,57.00,0.9313,1,1
1500,113,261.00,493.00,31.00,44.00,0.2512,1,1
1500,116,199.00,521.00,54.00,38.00,0.4388,1,1
1500,118,194.00,417.00,40.00,26.00,0.6684,1,1
1500,119,635.00,592.00,114.00,119.00,0.9487,1,1
1500,123,740.00,445.00,29.00,26.00,0.4298,1,1
1500,127,491.00,354.00,36.00,30.00,0.6989,1,1
1501,1,360.00,479.00,93.00,82.00,0.9190,1,1
1501,2,588.00,371.00,83.00,72.00,0.9442,1,1
1501,4,390.00,246.00,58.00,52.00,0.9060,1,1
1501,5,176.00,365.00,67.00,57.00,0.8642,1,1
1501,21,407.00,291.00,39.00,30.00,0.8266,1,1
1501,24,720.00,263.00,76.00,57.00,0.9282,1,1
1501,34,261.00,488.00,33.00,33.00,0.5667,1,1
1501,113,260.00,493.00,31.00,45.00,0.2512,1,1
1501,118,194.00,417.00,40.00,26.00,0.6765,1,1
1501,119,655.00,579.00,111.00,119.00,0.9271,1,1
1501,123,740.00,444.00,29.00,28.00,0.4781,1,1
1501,127,491.00,354.00,36.00,30.00,0.6977,1,1
1502,1,359.00,479.00,94.00,82.00,0.9273,1,1
1502,2,588.00,370.00,84.00,73.00,0.9437,1,1
1502,4,390.00,245.00,58.00,51.00,0.9020,1,1
1502,5,176.00,365.00,68.00,57.00,0.8597,1,1
1502,21,407.00,291.00,39.00,30.00,0.8369,1,1
1502,24,720.00,261.00,77.00,59.00,0.9271,1,1
1502,34,260.00,487.00,38.00,32.00,0.5202,1,1
1502,116,203.00,518.00,50.00,33.00,0.3155,1,1
1502,118,194.00,417.00,40.00,25.00,0.6197,1,1
1502,119,672.00,567.00,110.00,116.00,0.9319,1,1
1502,123,741.00,444.00,29.00,27.00,0.5049,1,1
1502,127,491.00,353.00,36.00,31.00,0.6924,1,1
1503,1,359.00,479.00,94.00,82.00,0.9237,1,1
1503,2,590.00,370.00,83.00,72.00,0.9411,1,1
1503,4,390.00,245.00,58.00,51.00,0.9022,1,1
1503,5,176.00,365.00,68.00,56.00,0.8629,1,1
1503,21,407.00,291.00,39.00,30.00,0.8481,1,1
1503,24,721.00,260.00,76.00,59.00,0.9301,1,1
1503,34,259.00,486.00,42.00,33.00,0.2861,1,1
1503,116,209.00,521.00,50.00,36.00,0.2830,1,1
1503,118,194.00,417.00,40.00,25.00,0.5701,1,1
1503,119,690.00,553.00,110.00,116.00,0.9340,1,1
1503,123,741.00,444.00,28.00,27.00,0.4759,1,1
1503,127,491.00,354.00,36.00,30.00,0.6955,1,1
1504,1,359.00,479.00,94.00,82.00,0.9171,1,1
1504,2,593.00,370.00,81.00,73.00,0.9377,1,1
1504,4,390.00,245.00,58.00,51.00,0.8989,1,1
1504,5,176.00,364.00,67.00,57.00,0.8620,1,1
1504,21,406.00,291.00,40.00,30.00,0.8516,1,1
1504,24,723.00,258.00,75.00,60.00,0.9309,1,1
1504,34,260.00,482.00,42.00,31.00,0.4288,1,1
1504,116,209.00,522.00,51.00,36.00,0.2830,1,1
1504,118,194.00,417.00,39.00,24.00,0.5394,1,1
1504,119,699.00,540.00,110.00,115.00,0.9529,1,1
1504,123,741.00,442.00,28.00,28.00,0.4026,1,1
1504,127,491.00,353.00,37.00,31.00,0.7146,1,1
1505,1,359.00,479.00,94.00,82.00,0.9129,1,1
1505,2,594.00,370.00,81.00,72.00,0.9360,1,1
1505,4,390.00,245.00,58.00,50.00,0.8977,1,1
1505,5,175.00,364.00,68.00,56.00,0.8703,1,1
1505,21,406.00,290.00,41.00,30.00,0.8601,1,1
1505,24,726.00,258.00,74.00,59.00,0.9458,1,1
1505,34,266.00,487.00,44.00,31.00,0.4288,1,1
1505,118,193.00,417.00,40.00,26.00,0.5555,1,1
1505,119,715.00,530.00,105.00,114.00,0.9409,1,1
1505,123,742.00,442.00,26.00,27.00,0.4380,1,1
1505,127,491.00,353.00,37.00,31.00,0.7351,1,1
1506,1,359.00,479.00,94.00,82.00,0.9157,1,1
1506,2,595.00,370.00,81.00,73.00,0.9308,1,1
1506,4,390.00,245.00,58.00,50.00,0.8982,1,1
1506,5,173.00,364.00,70.00,56.00,0.8722,1,1
1506,21,406.00,290.00,40.00,30.00,0.8662,1,1
1506,24,729.00,256.00,73.00,61.00,0.9517,1,1
1506,118,193.00,417.00,40.00,27.00,0.5604,1,1
1506,119,731.00,521.00,103.00,113.00,0.9357,1,1
1506,123,742.00,441.00,25.00,27.00,0.3904,1,1
1506,127,491.00,353.00,37.00,31.00,0.7412,1,1
1507,1,359.00,479.00,94.00,81.00,0.9186,1,1
1507,2,595.00,370.00,82.00,72.00,0.9306,1,1
1507,4,390.00,245.00,58.00,50.00,0.8998,1,1
1507,5,173.00,364.00,70.00,55.00,0.8688,1,1
1507,21,407.00,290.00,39.00,29.00,0.8606,1,1
1507,24,732.00,255.00,73.00,62.00,0.9442,1,1
1507,116,209.00,522.00,50.00,34.00,0.5703,1,1
1507,118,193.00,417.00,40.00,26.00,0.5397,1,1
1507,119,748.00,513.00,98.00,111.00,0.9464,1,1
1507,123,740.00,440.00,26.00,28.00,0.3536,1,1
1507,127,491.00,354.00,37.00,30.00,0.7421,1,1
1508,1,360.00,479.00,93.00,81.00,0.9179,1,1
1508,2,595.00,370.00,81.00,72.00,0.9307,1,1
1508,4,390.00,245.00,58.00,50.00,0.9009,1,1
1508,5,173.00,364.00,70.00,56.00,0.8707,1,1
1508,21,407.00,290.00,39.00,29.00,0.8700,1,1
1508,24,737.00,253.00,69.00,63.00,0.9369,1,1
1508,34,270.00,472.00,39.00,32.00,0.5140,1,1
1508,116,207.00,520.00,47.00,33.00,0.6244,1,1
1508,118,193.00,416.00,39.00,27.00,0.5880,1,1
1508,119,755.00,502.00,104.00,111.00,0.9460,1,1
1508,123,743.00,440.00,25.00,27.00,0.3536,1,1
1508,127,491.00,354.00,37.00,30.00,0.7390,1,1
1509,1,360.00,479.00,93.00,81.00,0.9203,1,1
1509,2,596.00,370.00,81.00,72.00,0.9346,1,1
1509,4,390.00,244.00,58.00,50.00,0.8975,1,1
1509,5,173.00,364.00,70.00,56.00,0.8719,1,1
1509,21,407.00,290.00,39.00,29.00,0.8516,1,1
1509,24,739.00,252.00,69.00,63.00,0.9292,1,1
1509,34,276.00,475.00,39.00,31.00,0.5140,1,1
1509,113,267.00,472.00,41.00,36.00,0.5989,1,1
1509,116,208.00,520.00,47.00,33.00,0.4209,1,1
1509,118,193.00,416.00,39.00,27.00,0.5901,1,1
1509,119,762.00,495.00,108.00,109.00,0.9493,1,1
1509,127,491.00,354.00,37.00,30.00,0.7289,1,1
1510,1,360.00,479.00,93.00,81.00,0.9124,1,1
1510,2,597.00,369.00,81.00,73.00,0.9381,1,1
1510,4,389.00,244.00,59.00,50.00,0.8941,1,1
1510,5,172.00,364.00,71.00,56.00,0.8784,1,1
1510,21,407.00,290.00,39.00,30.00,0.8409,1,1
1510,24,742.00,251.00,68.00,63.00,0.9367,1,1
1510,113,265.00,473.00,40.00,41.00,0.5966,1,1
1510,116,208.00,521.00,47.00,32.00,0.4209,1,1
1510,118,192.00,416.00,40.00,26.00,0.5837,1,1
1510,119,777.00,487.00,99.00,105.00,0.9456,1,1
1510,127,491.00,354.00,37.00,30.00,0.7478,1,1
1511,1,360.00,479.00,92.00,81.00,0.9142,1,1
1511,2,597.00,369.00,82.00,73.00,0.9383,1,1
1511,4,389.00,244.00,59.00,50.00,0.8926,1,1
1511,5,172.00,365.00,71.00,54.00,0.8820,1,1
1511,21,407.00,289.00,39.00,30.00,0.8274,1,1
1511,24,745.00,250.00,68.00,62.00,0.9345,1,1
1511,113,267.00,474.00,35.00,51.00,0.6590,1,1
1511,116,209.00,523.00,50.00,37.00,0.3777,1,1
1511,118,193.00,416.00,38.00,26.00,0.5786,1,1
1511,119,785.00,478.00,101.00,105.00,0.9290,1,1
1511,127,492.00,354.00,36.00,30.00,0.7457,1,1
1512,1,360.00,479.00,92.00,81.00,0.9110,1,1
1512,2,597.00,369.00,84.00,73.00,0.9438,1,1
1512,4,389.00,243.00,59.00,51.00,0.8970,1,1
1512,5,171.00,365.00,71.00,54.00,0.8822,1,1
1512,21,410.00,289.00,36.00,31.00,0.8050,1,1
1512,24,747.00,249.00,68.00,62.00,0.9154,1,1
1512,113,268.00,479.00,32.00,47.00,0.6860,1,1
1512,116,209.00,523.00,50.00,38.00,0.3777,1,1
1512,118,193.00,416.00,38.00,26.00,0.5776,1,1
1512,119,796.00,466.00,100.00,103.00,0.9298,1,1
1512,127,492.00,354.00,36.00,30.00,0.7494,1,1
1513,1,359.00,479.00,93.00,82.00,0.9111,1,1
1513,2,597.00,369.00,84.00,72.00,0.9453,1,1
1513,4,389.00,243.00,59.00,51.00,0.8989,1,1
1513,5,172.00,364.00,69.00,56.00,0.8829,1,1
1513,21,410.00,288.00,37.00,31.00,0.8115,1,1
1513,24,749.00,249.00,68.00,60.00,0.9175,1,1
1513,113,269.00,485.00,29.00,54.00,0.6432,1,1
1513,118,194.00,413.00,39.00,27.00,0.5657,1,1
1513,119,805.00,453.00,97.00,100.00,0.9200,1,1
1513,127,492.00,354.00,36.00,31.00,0.7442,1,1
1514,1,359.00,479.00,93.00,82.00,0.9184,1,1
1514,2,597.00,369.00,84.00,72.00,0.9459,1,1
1514,4,390.00,243.00,58.00,51.00,0.8974,1,1
1514,5,171.00,364.00,70.00,56.00,0.8794,1,1
1514,14,403.00,416.00,56.00,40.00,0.3140,1,1
1514,21,407.00,288.00,40.00,31.00,0.8063,1,1
1514,24,751.00,249.00,67.00,59.00,0.9140,1,1
1514,113,267.00,488.00,33.00,52.00,0.8362,1,1
1514,118,195.00,411.00,38.00,28.00,0.6079,1,1
1514,119,811.00,439.00,100.00,101.00,0.9406,1,1
1514,127,492.00,353.00,36.00,31.00,0.7467,1,1
1515,1,359.00,479.00,93.00,82.00,0.9188,1,1
1515,2,597.00,369.00,84.00,72.00,0.9471,1,1
1515,4,390.00,243.00,59.00,50.00,0.8980,1,1
1515,5,171.00,363.00,69.00,57.00,0.8818,1,1
1515,14,401.00,416.00,57.00,40.00,0.2997,1,1
1515,21,410.00,288.00,37.00,31.00,0.7939,1,1
1515,24,752.00,248.00,67.00,60.00,0.9117,1,1
1515,113,265.00,487.00,32.00,56.00,0.8011,1,1
1515,118,195.00,410.00,38.00,29.00,0.6106,1,1
1515,119,824.00,425.00,94.00,104.00,0.9074,1,1
1515,127,493.00,354.00,35.00,31.00,0.7338,1,1
1516,1,360.00,480.00,91.00,81.00,0.9135,1,1
1516,2,598.00,369.00,83.00,72.00,0.9487,1,1
1516,4,390.00,243.00,59.00,50.00,0.9013,1,1
1516,5,171.00,363.00,69.00,56.00,0.8811,1,1
1516,14,400.00,417.00,55.00,39.00,0.2658,1,1
1516,21,411.00,287.00,36.00,32.00,0.8377,1,1
1516,24,754.00,247.00,65.00,60.00,0.9100,1,1
1516,113,264.00,488.00,31.00,55.00,0.8177,1,1
1516,116,206.00,525.00,50.00,32.00,0.3191,1,1
1516,118,193.00,411.00,39.00,29.00,0.5999,1,1
1516,119,831.00,412.00,94.00,103.00,0.9055,1,1
1516,127,494.00,353.00,35.00,31.00,0.7128,1,1
