2,1,1231.00,324.00,68.00,52.00,0.9266,1,1
2,2,1263.00,264.00,68.00,36.00,0.8823,1,1
2,3,925.00,139.00,23.00,27.00,0.8464,1,1
2,4,908.00,120.00,45.00,24.00,0.8278,1,1
2,5,957.00,209.00,21.00,17.00,0.4110,1,1
3,1,1235.00,326.00,66.00,50.00,0.9140,1,1
3,2,1263.00,264.00,67.00,36.00,0.8745,1,1
3,3,925.00,139.00,23.00,27.00,0.8651,1,1
3,4,908.00,120.00,45.00,24.00,0.8274,1,1
3,5,957.00,209.00,21.00,17.00,0.4110,1,1
4,1,1241.00,328.00,66.00,48.00,0.9158,1,1
4,2,1264.00,264.00,65.00,35.00,0.8761,1,1
4,3,924.00,139.00,24.00,28.00,0.8555,1,1
4,4,908.00,120.00,46.00,23.00,0.8279,1,1
5,1,1245.00,328.00,67.00,49.00,0.8987,1,1
5,2,1263.00,262.00,64.00,37.00,0.8767,1,1
5,3,924.00,139.00,24.00,27.00,0.8548,1,1
5,4,908.00,120.00,45.00,24.00,0.8375,1,1
5,7,1253.00,370.00,45.00,29.00,0.4688,1,1
6,1,1245.00,328.00,67.00,49.00,0.8987,1,1
6,2,1263.00,262.00,64.00,37.00,0.8761,1,1
6,3,924.00,139.00,24.00,27.00,0.8556,1,1
6,4,908.00,120.00,45.00,24.00,0.8372,1,1
6,7,1253.00,370.00,44.00,29.00,0.4809,1,1
7,1,1254.00,331.00,67.00,48.00,0.9069,1,1
7,2,1264.00,261.00,62.00,35.00,0.8939,1,1
7,3,924.00,139.00,24.00,28.00,0.8491,1,1
7,4,908.00,120.00,45.00,24.00,0.8643,1,1
7,5,1279.00,290.00,30.00,30.00,0.2525,1,1
7,7,1260.00,370.00,42.00,29.00,0.5721,1,1
8,1,1259.00,333.00,66.00,47.00,0.9109,1,1
8,2,1265.00,260.00,60.00,35.00,0.9055,1,1
8,3,924.00,139.00,24.00,29.00,0.8111,1,1
8,4,908.00,120.00,46.00,25.00,0.8725,1,1
8,5,1279.00,289.00,32.00,31.00,0.3971,1,1
8,7,1263.00,371.00,42.00,28.00,0.5721,1,1
9,1,1261.00,335.00,68.00,47.00,0.9018,1,1
9,2,1267.00,260.00,58.00,34.00,0.9085,1,1
9,3,923.00,140.00,24.00,28.00,0.8227,1,1
9,4,908.00,121.00,45.00,25.00,0.8497,1,1
9,5,1279.00,288.00,32.00,30.00,0.4571,1,1
10,1,1266.00,338.00,67.00,44.00,0.9048,1,1
10,2,1270.00,259.00,56.00,33.00,0.8861,1,1
10,3,923.00,140.00,24.00,28.00,0.8300,1,1
10,4,908.00,121.00,45.00,25.00,0.8554,1,1
10,5,1278.00,286.00,34.00,31.00,0.3657,1,1
11,1,1270.00,339.00,67.00,45.00,0.9162,1,1
11,2,1270.00,257.00,58.00,34.00,0.8872,1,1
11,3,923.00,140.00,24.00,28.00,0.8246,1,1
11,4,908.00,120.00,45.00,25.00,0.8735,1,1
11,5,1278.00,283.00,40.00,31.00,0.2991,1,1
11,7,1280.00,376.00,39.00,30.00,0.6860,1,1
12,1,1270.00,339.00,67.00,45.00,0.9155,1,1
12,2,1270.00,257.00,58.00,34.00,0.8899,1,1
12,3,923.00,140.00,24.00,28.00,0.8197,1,1
12,4,908.00,120.00,45.00,25.00,0.8770,1,1
12,5,1279.00,285.00,35.00,31.00,0.2690,1,1
12,7,1280.00,376.00,39.00,30.00,0.6919,1,1
13,1,1277.00,341.00,68.00,45.00,0.8686,1,1
13,2,1271.00,257.00,58.00,32.00,0.8952,1,1
13,3,923.00,141.00,24.00,27.00,0.8442,1,1
13,4,908.00,121.00,45.00,24.00,0.8486,1,1
13,5,1284.00,285.00,33.00,30.00,0.4795,1,1
13,7,1286.00,381.00,36.00,29.00,0.3561,1,1
14,1,1279.00,343.00,69.00,45.00,0.8910,1,1
14,2,1272.00,256.00,60.00,33.00,0.8976,1,1
14,3,924.00,141.00,23.00,27.00,0.8251,1,1
14,4,908.00,121.00,45.00,24.00,0.8269,1,1
14,5,1282.00,284.00,36.00,32.00,0.5273,1,1
14,7,1284.00,381.00,45.00,30.00,0.2580,1,1
15,1,1284.00,343.00,66.00,48.00,0.8829,1,1
15,2,1272.00,256.00,61.00,33.00,0.8983,1,1
15,3,923.00,141.00,24.00,27.00,0.8241,1,1
15,4,908.00,121.00,45.00,24.00,0.8475,1,1
15,5,1283.00,284.00,36.00,32.00,0.4362,1,1
15,7,1287.00,382.00,45.00,30.00,0.2580,1,1
16,1,1286.00,344.00,68.00,47.00,0.8869,1,1
16,2,1274.00,255.00,59.00,34.00,0.8915,1,1
16,3,924.00,141.00,23.00,27.00,0.8411,1,1
16,4,908.00,121.00,44.00,25.00,0.8461,1,1
16,5,1287.00,284.00,31.00,30.00,0.5100,1,1
16,7,1307.00,383.00,38.00,31.00,0.2670,1,1
17,1,1288.00,344.00,67.00,48.00,0.8894,1,1
17,2,1274.00,254.00,60.00,35.00,0.8906,1,1
17,3,923.00,141.00,23.00,27.00,0.8303,1,1
17,4,907.00,121.00,44.00,25.00,0.8440,1,1
17,5,1288.00,284.00,30.00,28.00,0.4606,1,1
17,7,1298.00,383.00,47.00,31.00,0.4370,1,1
18,1,1288.00,344.00,67.00,48.00,0.8893,1,1
18,2,1274.00,254.00,60.00,35.00,0.8909,1,1
18,3,923.00,141.00,23.00,27.00,0.8291,1,1
18,4,907.00,121.00,44.00,25.00,0.8451,1,1
18,5,1288.00,284.00,30.00,28.00,0.4671,1,1
18,7,1298.00,383.00,47.00,31.00,0.4389,1,1
19,1,1293.00,345.00,67.00,47.00,0.9115,1,1
19,2,1273.00,252.00,62.00,34.00,0.8960,1,1
19,3,923.00,142.00,22.00,26.00,0.8093,1,1
19,4,907.00,121.00,43.00,25.00,0.8470,1,1
19,5,1292.00,283.00,27.00,28.00,0.6281,1,1
19,7,1298.00,384.00,49.00,31.00,0.3207,1,1
20,1,1294.00,346.00,67.00,47.00,0.9105,1,1
20,2,1272.00,251.00,63.00,34.00,0.8974,1,1
20,3,922.00,143.00,22.00,24.00,0.7915,1,1
20,4,907.00,121.00,42.00,26.00,0.8522,1,1
20,5,1293.00,282.00,26.00,28.00,0.5855,1,1
20,7,1300.00,384.00,50.00,32.00,0.3207,1,1
20,9,1187.00,381.00,25.00,23.00,0.5997,1,1
21,1,1295.00,346.00,66.00,48.00,0.9166,1,1
21,2,1271.00,251.00,64.00,33.00,0.8951,1,1
21,3,920.00,144.00,23.00,23.00,0.7677,1,1
21,4,907.00,121.00,42.00,26.00,0.8593,1,1
21,5,1293.00,282.00,26.00,28.00,0.4283,1,1
21,9,1183.00,380.00,24.00,23.00,0.4719,1,1
22,1,1296.00,346.00,66.00,49.00,0.9103,1,1
22,2,1271.00,248.00,64.00,35.00,0.8499,1,1
22,3,920.00,144.00,22.00,23.00,0.7692,1,1
22,4,907.00,121.00,42.00,26.00,0.8620,1,1
22,5,1305.00,285.00,25.00,27.00,0.4283,1,1
22,9,1181.00,380.00,23.00,25.00,0.6386,1,1
23,1,1296.00,346.00,68.00,48.00,0.8997,1,1
23,2,1269.00,246.00,64.00,36.00,0.8997,1,1
23,3,921.00,145.00,21.00,23.00,0.7751,1,1
23,4,907.00,121.00,42.00,26.00,0.8607,1,1
23,9,1180.00,381.00,24.00,23.00,0.5753,1,1
24,1,1297.00,346.00,67.00,49.00,0.9032,1,1
24,2,1269.00,246.00,64.00,36.00,0.8983,1,1
24,3,920.00,145.00,22.00,23.00,0.7669,1,1
24,4,907.00,121.00,42.00,26.00,0.8625,1,1
24,9,1180.00,382.00,24.00,23.00,0.4714,1,1
25,1,1300.00,345.00,68.00,49.00,0.8988,1,1
25,2,1264.00,242.00,60.00,34.00,0.8835,1,1
25,3,916.00,145.00,25.00,23.00,0.7747,1,1
25,4,906.00,121.00,40.00,27.00,0.8528,1,1
25,9,1177.00,382.00,24.00,26.00,0.2767,1,1
26,1,1300.00,345.00,68.00,49.00,0.9012,1,1
26,2,1262.00,242.00,58.00,34.00,0.8956,1,1
26,3,913.00,146.00,27.00,24.00,0.7881,1,1
26,4,905.00,122.00,41.00,26.00,0.8403,1,1
26,9,1175.00,382.00,24.00,26.00,0.2767,1,1
27,1,1300.00,345.00,68.00,49.00,0.9065,1,1
27,2,1259.00,239.00,60.00,34.00,0.8731,1,1
27,3,912.00,146.00,28.00,24.00,0.7900,1,1
27,4,905.00,122.00,39.00,26.00,0.8410,1,1
28,1,1301.00,345.00,68.00,48.00,0.9001,1,1
28,2,1255.00,236.00,61.00,35.00,0.8665,1,1
28,3,912.00,146.00,27.00,22.00,0.7571,1,1
28,4,904.00,122.00,39.00,25.00,0.8431,1,1
28,9,1175.00,382.00,25.00,28.00,0.3893,1,1
29,1,1302.00,344.00,68.00,49.00,0.8857,1,1
29,2,1252.00,234.00,59.00,34.00,0.8780,1,1
29,3,910.00,146.00,27.00,22.00,0.7492,1,1
29,4,903.00,123.00,38.00,24.00,0.8499,1,1
29,9,1175.00,380.00,25.00,30.00,0.4706,1,1
30,1,1302.00,344.00,68.00,49.00,0.8840,1,1
30,2,1252.00,234.00,59.00,34.00,0.8761,1,1
30,3,910.00,146.00,27.00,22.00,0.7504,1,1
30,4,903.00,123.00,38.00,24.00,0.8498,1,1
30,9,1175.00,380.00,25.00,30.00,0.4434,1,1
31,1,1304.00,344.00,70.00,46.00,0.8848,1,1
31,2,1248.00,230.00,56.00,36.00,0.9125,1,1
31,3,909.00,148.00,25.00,21.00,0.7917,1,1
31,4,900.00,124.00,38.00,25.00,0.8500,1,1
31,5,939.00,213.00,26.00,14.00,0.5035,1,1
31,9,1174.00,380.00,25.00,30.00,0.4434,1,1
32,1,1304.00,344.00,71.00,47.00,0.8853,1,1
32,2,1245.00,228.00,55.00,38.00,0.9099,1,1
32,3,909.00,148.00,23.00,21.00,0.7712,1,1
32,4,900.00,124.00,36.00,26.00,0.8423,1,1
32,5,939.00,213.00,25.00,13.00,0.4629,1,1
33,1,1302.00,342.00,73.00,47.00,0.8970,1,1
33,2,1243.00,226.00,55.00,40.00,0.8805,1,1
33,3,908.00,148.00,24.00,21.00,0.7558,1,1
33,4,899.00,124.00,37.00,26.00,0.8412,1,1
33,5,940.00,212.00,26.00,13.00,0.4045,1,1
34,1,1306.00,340.00,70.00,46.00,0.9050,1,1
34,2,1242.00,223.00,48.00,41.00,0.8578,1,1
34,3,908.00,149.00,24.00,20.00,0.7640,1,1
34,4,899.00,124.00,37.00,26.00,0.8388,1,1
34,5,926.00,209.00,25.00,12.00,0.4045,1,1
34,7,942.00,210.00,26.00,15.00,0.4586,1,1
35,1,1307.00,338.00,69.00,46.00,0.9164,1,1
35,2,1239.00,222.00,48.00,43.00,0.8721,1,1
35,3,908.00,149.00,21.00,20.00,0.6838,1,1
35,4,898.00,124.00,38.00,26.00,0.8380,1,1
35,7,940.00,210.00,24.00,14.00,0.4033,1,1
36,1,1307.00,338.00,69.00,46.00,0.9170,1,1
36,2,1239.00,222.00,48.00,43.00,0.8706,1,1
36,3,908.00,150.00,21.00,19.00,0.6814,1,1
36,4,898.00,124.00,38.00,26.00,0.8378,1,1
36,7,940.00,210.00,24.00,14.00,0.3781,1,1
37,1,1310.00,335.00,67.00,44.00,0.8891,1,1
37,2,1235.00,219.00,47.00,45.00,0.9071,1,1
37,3,905.00,149.00,21.00,20.00,0.4757,1,1
37,4,896.00,126.00,35.00,27.00,0.8286,1,1
37,7,927.00,205.00,23.00,13.00,0.3781,1,1
38,1,1309.00,333.00,68.00,44.00,0.8762,1,1
38,2,1232.00,218.00,49.00,45.00,0.9039,1,1
38,3,905.00,149.00,22.00,21.00,0.4566,1,1
38,4,895.00,126.00,36.00,27.00,0.8258,1,1
39,1,1310.00,332.00,67.00,43.00,0.8826,1,1
39,2,1231.00,217.00,48.00,44.00,0.8977,1,1
39,3,906.00,149.00,21.00,21.00,0.4249,1,1
39,4,894.00,126.00,37.00,27.00,0.8281,1,1
40,1,1311.00,331.00,67.00,42.00,0.8831,1,1
40,2,1230.00,214.00,48.00,46.00,0.9165,1,1
40,3,903.00,149.00,22.00,21.00,0.2517,1,1
40,4,891.00,127.00,38.00,27.00,0.8289,1,1
40,7,940.00,213.00,23.00,14.00,0.3806,1,1
41,1,1313.00,329.00,65.00,42.00,0.9008,1,1
41,2,1228.00,213.00,49.00,45.00,0.9274,1,1
41,3,902.00,149.00,23.00,21.00,0.2517,1,1
41,4,890.00,127.00,39.00,27.00,0.8288,1,1
41,7,937.00,214.00,25.00,14.00,0.4187,1,1
42,1,1313.00,329.00,65.00,42.00,0.9010,1,1
42,2,1228.00,213.00,49.00,45.00,0.9270,1,1
42,4,890.00,127.00,39.00,27.00,0.8289,1,1
42,7,937.00,214.00,25.00,14.00,0.4222,1,1
43,1,1313.00,328.00,65.00,40.00,0.9024,1,1
43,2,1227.00,212.00,47.00,45.00,0.9360,1,1
43,3,894.00,150.00,25.00,22.00,0.3230,1,1
43,4,888.00,129.00,38.00,26.00,0.8535,1,1
43,7,931.00,213.00,25.00,13.00,0.4222,1,1
44,1,1314.00,328.00,65.00,39.00,0.9027,1,1
44,2,1227.00,212.00,47.00,46.00,0.9375,1,1
44,3,893.00,150.00,25.00,22.00,0.3230,1,1
44,4,888.00,129.00,36.00,25.00,0.8501,1,1
44,7,931.00,207.00,21.00,15.00,0.2791,1,1
45,1,1315.00,328.00,64.00,39.00,0.9054,1,1
45,2,1227.00,211.00,46.00,46.00,0.9370,1,1
45,4,887.00,129.00,36.00,26.00,0.8407,1,1
45,7,927.00,206.00,20.00,14.00,0.2791,1,1
45,9,931.00,199.00,19.00,18.00,0.5061,1,1
46,1,1317.00,328.00,64.00,38.00,0.9013,1,1
46,2,1227.00,208.00,47.00,48.00,0.9291,1,1
46,3,891.00,151.00,25.00,22.00,0.2510,1,1
46,4,885.00,130.00,37.00,25.00,0.8287,1,1
46,9,930.00,198.00,20.00,19.00,0.5289,1,1
47,1,1318.00,327.00,65.00,38.00,0.8909,1,1
47,2,1227.00,207.00,47.00,48.00,0.9131,1,1
47,3,890.00,152.00,23.00,23.00,0.4509,1,1
47,4,884.00,130.00,36.00,26.00,0.8241,1,1
47,9,918.00,191.00,19.00,18.00,0.5289,1,1
48,1,1318.00,327.00,65.00,38.00,0.8909,1,1
48,2,1227.00,207.00,47.00,48.00,0.9142,1,1
48,3,890.00,152.00,23.00,23.00,0.4618,1,1
48,4,884.00,130.00,36.00,26.00,0.8257,1,1
48,9,930.00,198.00,24.00,19.00,0.2567,1,1
49,1,1320.00,326.00,65.00,38.00,0.8848,1,1
49,2,1228.00,205.00,45.00,48.00,0.9230,1,1
49,3,886.00,152.00,24.00,24.00,0.4539,1,1
49,4,881.00,132.00,35.00,24.00,0.8460,1,1
49,9,921.00,194.00,25.00,19.00,0.2567,1,1
50,1,1321.00,327.00,65.00,37.00,0.8840,1,1
50,2,1227.00,203.00,45.00,49.00,0.9334,1,1
50,3,884.00,153.00,25.00,24.00,0.5116,1,1
50,4,879.00,132.00,36.00,25.00,0.8419,1,1
51,1,1323.00,328.00,65.00,36.00,0.8851,1,1
51,2,1228.00,201.00,43.00,48.00,0.9435,1,1
51,3,882.00,153.00,26.00,23.00,0.2775,1,1
51,4,879.00,133.00,34.00,24.00,0.8404,1,1
52,1,1325.00,327.00,64.00,36.00,0.8894,1,1
52,2,1228.00,198.00,44.00,48.00,0.9425,1,1
52,3,881.00,153.00,25.00,24.00,0.2775,1,1
52,4,875.00,133.00,37.00,25.00,0.8432,1,1
53,1,1326.00,327.00,65.00,36.00,0.8969,1,1
53,2,1228.00,197.00,44.00,48.00,0.9431,1,1
53,4,875.00,133.00,37.00,25.00,0.8421,1,1
54,1,1326.00,327.00,64.00,36.00,0.8972,1,1
54,2,1228.00,197.00,44.00,48.00,0.9428,1,1
54,4,875.00,132.00,37.00,26.00,0.8426,1,1
55,1,1328.00,328.00,64.00,36.00,0.8955,1,1
55,2,1224.00,195.00,45.00,45.00,0.9184,1,1
55,4,872.00,133.00,37.00,28.00,0.8622,1,1
56,1,1329.00,328.00,64.00,37.00,0.8998,1,1
56,2,1222.00,193.00,49.00,45.00,0.8794,1,1
56,3,876.00,158.00,26.00,24.00,0.2548,1,1
56,4,872.00,133.00,38.00,29.00,0.8556,1,1
57,1,1330.00,328.00,64.00,37.00,0.9065,1,1
57,2,1220.00,191.00,46.00,45.00,0.8502,1,1
57,3,875.00,158.00,25.00,24.00,0.2548,1,1
57,4,869.00,133.00,39.00,29.00,0.8511,1,1
58,1,1331.00,328.00,64.00,37.00,0.9103,1,1
58,2,1218.00,191.00,46.00,43.00,0.8804,1,1
58,4,869.00,134.00,37.00,29.00,0.8501,1,1
59,1,1332.00,328.00,64.00,38.00,0.9146,1,1
59,2,1216.00,190.00,45.00,42.00,0.9068,1,1
59,3,873.00,162.00,25.00,24.00,0.3415,1,1
59,4,867.00,133.00,39.00,31.00,0.8456,1,1
59,9,873.00,160.00,26.00,23.00,0.2624,1,1
60,1,1332.00,328.00,64.00,38.00,0.9144,1,1
60,2,1216.00,190.00,45.00,42.00,0.9072,1,1
60,3,873.00,162.00,25.00,24.00,0.3298,1,1
60,4,867.00,133.00,39.00,31.00,0.8460,1,1
60,9,873.00,160.00,26.00,23.00,0.2660,1,1
61,1,1334.00,329.00,64.00,38.00,0.9048,1,1
61,2,1212.00,188.00,42.00,42.00,0.8948,1,1
61,3,871.00,165.00,28.00,25.00,0.3287,1,1
61,4,866.00,133.00,38.00,35.00,0.8684,1,1
61,7,1157.00,337.00,20.00,29.00,0.3547,1,1
61,9,868.00,157.00,27.00,23.00,0.2660,1,1
62,1,1336.00,329.00,63.00,39.00,0.8948,1,1
62,2,1210.00,186.00,43.00,42.00,0.8977,1,1
62,3,871.00,165.00,28.00,26.00,0.3179,1,1
62,4,865.00,132.00,40.00,37.00,0.8603,1,1
62,7,1170.00,344.00,19.00,30.00,0.3547,1,1
63,1,1336.00,329.00,64.00,39.00,0.8930,1,1
63,2,1208.00,183.00,41.00,42.00,0.8866,1,1
63,3,870.00,166.00,28.00,27.00,0.3179,1,1
63,4,864.00,132.00,40.00,38.00,0.8671,1,1
64,1,1337.00,329.00,65.00,39.00,0.8938,1,1
64,2,1206.00,181.00,42.00,43.00,0.8715,1,1
64,4,863.00,135.00,41.00,38.00,0.8816,1,1
64,12,1422.00,479.00,64.00,36.00,0.7090,1,1
65,1,1339.00,329.00,63.00,40.00,0.8930,1,1
65,2,1204.00,180.00,43.00,43.00,0.8878,1,1
65,4,863.00,136.00,40.00,39.00,0.8803,1,1
65,12,1428.00,472.00,63.00,41.00,0.2969,1,1
65,13,1445.00,598.00,27.00,40.00,0.4652,1,1
66,1,1339.00,329.00,64.00,40.00,0.8956,1,1
66,2,1204.00,180.00,43.00,43.00,0.8873,1,1
66,4,862.00,138.00,41.00,37.00,0.8794,1,1
66,12,1427.00,471.00,65.00,43.00,0.3114,1,1
66,13,1445.00,598.00,27.00,41.00,0.4561,1,1
67,1,1342.00,331.00,64.00,40.00,0.8983,1,1
67,2,1202.00,177.00,42.00,43.00,0.9337,1,1
67,4,859.00,140.00,42.00,40.00,0.8387,1,1
67,12,1437.00,460.00,65.00,43.00,0.8195,1,1
67,13,1444.00,593.00,29.00,40.00,0.4873,1,1
68,1,1344.00,332.00,63.00,40.00,0.8980,1,1
68,2,1202.00,177.00,41.00,41.00,0.9349,1,1
68,4,858.00,137.00,44.00,44.00,0.8437,1,1
68,12,1442.00,455.00,67.00,46.00,0.8742,1,1
68,13,1444.00,591.00,29.00,39.00,0.4873,1,1
69,1,1345.00,332.00,62.00,41.00,0.8978,1,1
69,2,1202.00,175.00,40.00,42.00,0.9326,1,1
69,4,857.00,147.00,43.00,36.00,0.8164,1,1
69,12,1444.00,448.00,68.00,47.00,0.9186,1,1
70,1,1345.00,333.00,63.00,41.00,0.9001,1,1
70,2,1202.00,173.00,40.00,43.00,0.9321,1,1
70,4,857.00,150.00,41.00,37.00,0.8541,1,1
70,12,1448.00,441.00,67.00,51.00,0.9177,1,1
71,1,1346.00,333.00,63.00,41.00,0.8993,1,1
71,2,1202.00,173.00,40.00,42.00,0.9317,1,1
71,4,856.00,153.00,40.00,35.00,0.8351,1,1
71,12,1449.00,436.00,68.00,50.00,0.9207,1,1
72,1,1346.00,333.00,63.00,41.00,0.9002,1,1
72,2,1202.00,173.00,40.00,42.00,0.9317,1,1
72,4,856.00,152.00,41.00,36.00,0.8343,1,1
72,12,1449.00,436.00,68.00,50.00,0.9208,1,1
73,1,1348.00,335.00,62.00,41.00,0.8960,1,1
73,2,1202.00,173.00,40.00,42.00,0.9333,1,1
73,4,855.00,160.00,40.00,33.00,0.8191,1,1
73,12,1449.00,427.00,71.00,52.00,0.8691,1,1
74,1,1348.00,335.00,63.00,42.00,0.8934,1,1
74,2,1204.00,171.00,38.00,43.00,0.9271,1,1
74,4,855.00,162.00,40.00,34.00,0.8359,1,1
74,12,1449.00,423.00,73.00,52.00,0.8320,1,1
75,1,1350.00,335.00,61.00,42.00,0.8892,1,1
75,2,1206.00,169.00,38.00,42.00,0.8864,1,1
75,4,854.00,161.00,41.00,35.00,0.8448,1,1
75,12,1451.00,416.00,71.00,53.00,0.8890,1,1
76,1,1350.00,336.00,62.00,42.00,0.8918,1,1
76,2,1206.00,169.00,39.00,40.00,0.8867,1,1
76,4,854.00,164.00,41.00,33.00,0.8356,1,1
76,12,1451.00,411.00,72.00,55.00,0.8959,1,1
77,1,1350.00,337.00,63.00,41.00,0.8924,1,1
77,2,1208.00,168.00,38.00,40.00,0.8738,1,1
77,3,863.00,197.00,24.00,21.00,0.2533,1,1
77,4,854.00,167.00,40.00,34.00,0.8407,1,1
77,12,1452.00,409.00,71.00,56.00,0.9176,1,1
78,1,1350.00,337.00,63.00,41.00,0.8924,1,1
78,2,1208.00,168.00,38.00,40.00,0.8730,1,1
78,3,863.00,198.00,24.00,20.00,0.2511,1,1
78,4,854.00,167.00,40.00,34.00,0.8409,1,1
78,12,1452.00,409.00,71.00,56.00,0.9172,1,1
79,1,1351.00,338.00,62.00,42.00,0.9047,1,1
79,2,1210.00,166.00,38.00,36.00,0.8943,1,1
79,3,863.00,199.00,24.00,20.00,0.2511,1,1
79,4,854.00,172.00,40.00,33.00,0.8584,1,1
79,12,1451.00,407.00,72.00,56.00,0.9279,1,1
80,1,1351.00,338.00,63.00,42.00,0.9045,1,1
80,2,1210.00,165.00,38.00,35.00,0.8996,1,1
80,3,864.00,203.00,24.00,19.00,0.2929,1,1
80,4,854.00,173.00,40.00,32.00,0.8612,1,1
80,12,1451.00,406.00,72.00,56.00,0.9313,1,1
81,1,1351.00,337.00,62.00,43.00,0.9124,1,1
81,2,1211.00,164.00,37.00,35.00,0.8862,1,1
81,3,862.00,204.00,26.00,19.00,0.3494,1,1
81,4,855.00,173.00,39.00,33.00,0.8647,1,1
81,12,1451.00,404.00,73.00,58.00,0.9334,1,1
82,1,1351.00,337.00,62.00,43.00,0.9059,1,1
82,2,1210.00,164.00,39.00,33.00,0.8773,1,1
82,3,862.00,206.00,25.00,19.00,0.3494,1,1
82,4,855.00,172.00,41.00,38.00,0.8597,1,1
82,12,1450.00,404.00,73.00,57.00,0.9344,1,1
83,1,1351.00,337.00,62.00,43.00,0.9052,1,1
83,2,1210.00,164.00,39.00,33.00,0.8769,1,1
83,4,855.00,172.00,41.00,38.00,0.8593,1,1
83,12,1451.00,404.00,72.00,57.00,0.9341,1,1
84,1,1352.00,336.00,61.00,44.00,0.9038,1,1
84,2,1207.00,164.00,41.00,32.00,0.8802,1,1
84,4,856.00,175.00,41.00,39.00,0.8546,1,1
84,12,1448.00,404.00,75.00,57.00,0.9286,1,1
85,1,1352.00,337.00,62.00,43.00,0.9059,1,1
85,2,1205.00,162.00,40.00,33.00,0.8857,1,1
85,4,856.00,176.00,41.00,39.00,0.8569,1,1
85,12,1448.00,404.00,74.00,57.00,0.9263,1,1
86,1,1352.00,337.00,61.00,42.00,0.9095,1,1
86,2,1203.00,161.00,41.00,32.00,0.8906,1,1
86,4,856.00,176.00,42.00,40.00,0.8703,1,1
86,12,1447.00,404.00,75.00,57.00,0.9244,1,1
87,1,1352.00,337.00,61.00,42.00,0.9101,1,1
87,2,1202.00,161.00,40.00,31.00,0.9072,1,1
87,4,857.00,177.00,41.00,42.00,0.8667,1,1
87,12,1447.00,402.00,75.00,59.00,0.9226,1,1
88,1,1352.00,337.00,61.00,42.00,0.9099,1,1
88,2,1200.00,161.00,40.00,31.00,0.9097,1,1
88,4,857.00,178.00,42.00,45.00,0.8794,1,1
88,12,1447.00,402.00,75.00,59.00,0.9269,1,1
89,1,1352.00,337.00,61.00,42.00,0.9120,1,1
89,2,1200.00,161.00,40.00,31.00,0.9100,1,1
89,4,857.00,178.00,42.00,45.00,0.8795,1,1
89,12,1447.00,402.00,75.00,59.00,0.9245,1,1
90,1,1351.00,337.00,63.00,42.00,0.9054,1,1
90,2,1198.00,160.00,37.00,30.00,0.8999,1,1
90,4,858.00,182.00,41.00,43.00,0.8841,1,1
90,12,1447.00,402.00,75.00,59.00,0.9262,1,1
91,1,1351.00,338.00,63.00,41.00,0.9022,1,1
91,2,1195.00,158.00,38.00,30.00,0.8928,1,1
91,4,858.00,181.00,41.00,43.00,0.8818,1,1
91,12,1447.00,402.00,75.00,59.00,0.9260,1,1
92,1,1351.00,338.00,64.00,41.00,0.8927,1,1
92,2,1193.00,157.00,38.00,30.00,0.8894,1,1
92,4,858.00,182.00,42.00,42.00,0.8877,1,1
92,12,1447.00,401.00,75.00,59.00,0.9203,1,1
93,1,1351.00,338.00,65.00,40.00,0.8943,1,1
93,2,1191.00,156.00,39.00,30.00,0.8898,1,1
93,4,858.00,186.00,44.00,40.00,0.8908,1,1
93,12,1447.00,400.00,74.00,60.00,0.9060,1,1
94,1,1351.00,338.00,66.00,40.00,0.9008,1,1
94,2,1189.00,155.00,39.00,31.00,0.8998,1,1
94,4,859.00,186.00,43.00,41.00,0.8908,1,1
94,12,1447.00,400.00,74.00,60.00,0.9071,1,1
95,1,1351.00,338.00,66.00,40.00,0.9020,1,1
95,2,1189.00,155.00,39.00,30.00,0.9005,1,1
95,4,859.00,186.00,43.00,41.00,0.8892,1,1
95,12,1447.00,400.00,74.00,60.00,0.9061,1,1
96,1,1351.00,339.00,67.00,39.00,0.9139,1,1
96,2,1186.00,154.00,40.00,31.00,0.8962,1,1
96,4,859.00,188.00,43.00,39.00,0.8828,1,1
96,12,1446.00,400.00,75.00,59.00,0.9053,1,1
97,1,1351.00,339.00,67.00,39.00,0.9148,1,1
97,2,1185.00,152.00,40.00,32.00,0.8871,1,1
97,4,859.00,189.00,43.00,38.00,0.8807,1,1
97,12,1446.00,400.00,75.00,59.00,0.9043,1,1
98,1,1352.00,340.00,67.00,38.00,0.9162,1,1
98,2,1185.00,151.00,38.00,32.00,0.8794,1,1
98,4,859.00,189.00,44.00,38.00,0.8890,1,1
98,12,1446.00,399.00,76.00,59.00,0.9139,1,1
99,1,1352.00,340.00,67.00,38.00,0.9126,1,1
99,2,1184.00,151.00,38.00,31.00,0.8840,1,1
99,4,859.00,189.00,44.00,38.00,0.8910,1,1
99,12,1446.00,398.00,76.00,60.00,0.9135,1,1
100,1,1352.00,340.00,67.00,39.00,0.9152,1,1
100,2,1184.00,151.00,38.00,30.00,0.8848,1,1
100,3,840.00,289.00,15.00,30.00,0.2743,1,1
100,4,860.00,190.00,43.00,37.00,0.8916,1,1
100,12,1446.00,397.00,75.00,60.00,0.9193,1,1
101,1,1352.00,340.00,67.00,39.00,0.9146,1,1
101,2,1184.00,151.00,38.00,30.00,0.8849,1,1
101,3,840.00,289.00,15.00,30.00,0.2766,1,1
101,4,860.00,190.00,43.00,37.00,0.8916,1,1
101,12,1446.00,397.00,75.00,60.00,0.9194,1,1
102,1,1353.00,340.00,66.00,40.00,0.9149,1,1
102,2,1184.00,151.00,37.00,30.00,0.8872,1,1
102,3,838.00,293.00,16.00,31.00,0.2766,1,1
102,4,860.00,189.00,42.00,38.00,0.8926,1,1
102,12,1446.00,397.00,75.00,59.00,0.9175,1,1
103,1,1353.00,340.00,67.00,40.00,0.9130,1,1
103,2,1184.00,151.00,37.00,30.00,0.8933,1,1
103,4,860.00,190.00,43.00,37.00,0.8988,1,1
103,12,1445.00,397.00,76.00,58.00,0.9128,1,1
104,1,1353.00,340.00,66.00,40.00,0.9152,1,1
104,2,1184.00,151.00,37.00,30.00,0.8828,1,1
104,4,860.00,190.00,43.00,37.00,0.8939,1,1
104,12,1445.00,395.00,76.00,60.00,0.9278,1,1
104,14,1344.00,598.00,36.00,40.00,0.3503,1,1
105,1,1353.00,340.00,67.00,41.00,0.9168,1,1
105,2,1184.00,151.00,37.00,29.00,0.8835,1,1
105,4,860.00,190.00,43.00,37.00,0.8905,1,1
105,12,1445.00,395.00,76.00,59.00,0.9244,1,1
105,14,1344.00,598.00,36.00,40.00,0.3503,1,1
106,1,1353.00,340.00,67.00,41.00,0.9162,1,1
106,2,1184.00,151.00,36.00,29.00,0.8808,1,1
106,4,860.00,190.00,43.00,37.00,0.8922,1,1
106,12,1445.00,395.00,76.00,58.00,0.9187,1,1
106,14,1349.00,600.00,33.00,37.00,0.4984,1,1
107,1,1353.00,340.00,67.00,41.00,0.9161,1,1
107,2,1184.00,150.00,36.00,30.00,0.8821,1,1
107,4,859.00,190.00,44.00,37.00,0.8922,1,1
107,12,1445.00,395.00,76.00,58.00,0.9184,1,1
107,14,1349.00,601.00,32.00,37.00,0.5017,1,1
108,1,1354.00,340.00,67.00,41.00,0.9182,1,1
108,2,1185.00,149.00,36.00,31.00,0.8777,1,1
108,4,859.00,190.00,44.00,37.00,0.8965,1,1
108,12,1446.00,395.00,78.00,57.00,0.9099,1,1
108,14,1354.00,600.00,29.00,36.00,0.5647,1,1
109,1,1354.00,340.00,68.00,41.00,0.9194,1,1
109,2,1187.00,148.00,36.00,31.00,0.8966,1,1
109,4,860.00,190.00,43.00,37.00,0.8897,1,1
109,12,1447.00,395.00,80.00,56.00,0.8967,1,1
109,14,1357.00,599.00,28.00,36.00,0.4224,1,1
110,1,1354.00,339.00,68.00,43.00,0.9218,1,1
110,2,1188.00,147.00,35.00,31.00,0.8882,1,1
110,4,860.00,190.00,43.00,37.00,0.8888,1,1
110,12,1450.00,395.00,79.00,57.00,0.9154,1,1
110,14,1359.00,597.00,28.00,35.00,0.4609,1,1
111,1,1355.00,339.00,67.00,42.00,0.9182,1,1
111,2,1189.00,147.00,35.00,31.00,0.8985,1,1
111,4,860.00,191.00,43.00,37.00,0.8762,1,1
111,12,1452.00,395.00,79.00,57.00,0.9050,1,1
111,14,1360.00,597.00,29.00,34.00,0.4226,1,1
112,1,1355.00,339.00,67.00,42.00,0.9137,1,1
112,2,1189.00,147.00,35.00,30.00,0.9015,1,1
112,4,860.00,191.00,44.00,37.00,0.8724,1,1
112,12,1456.00,396.00,77.00,56.00,0.9046,1,1
112,14,1362.00,596.00,26.00,34.00,0.4658,1,1
113,1,1355.00,339.00,67.00,42.00,0.9135,1,1
113,2,1189.00,146.00,35.00,31.00,0.9058,1,1
113,4,860.00,191.00,43.00,37.00,0.8676,1,1
113,12,1457.00,396.00,76.00,56.00,0.9040,1,1
113,14,1362.00,595.00,26.00,35.00,0.4686,1,1
114,1,1356.00,339.00,67.00,43.00,0.9117,1,1
114,2,1190.00,145.00,36.00,30.00,0.8977,1,1
114,4,860.00,192.00,44.00,38.00,0.8765,1,1
114,12,1467.00,399.00,76.00,54.00,0.8799,1,1
114,14,1363.00,599.00,26.00,34.00,0.5962,1,1
115,1,1357.00,339.00,66.00,43.00,0.9152,1,1
115,2,1191.00,144.00,36.00,29.00,0.8987,1,1
115,3,870.00,223.00,26.00,23.00,0.5835,1,1
115,4,861.00,193.00,45.00,37.00,0.8813,1,1
115,12,1472.00,399.00,75.00,54.00,0.8950,1,1
115,14,1363.00,600.00,28.00,34.00,0.6567,1,1
116,1,1357.00,339.00,67.00,43.00,0.9154,1,1
116,2,1191.00,144.00,36.00,29.00,0.8967,1,1
116,3,871.00,224.00,25.00,22.00,0.5442,1,1
116,4,861.00,193.00,46.00,37.00,0.8773,1,1
116,12,1479.00,400.00,72.00,55.00,0.8937,1,1
116,14,1363.00,600.00,28.00,35.00,0.7052,1,1
117,1,1357.00,339.00,67.00,43.00,0.9106,1,1
117,2,1191.00,143.00,36.00,30.00,0.8961,1,1
117,3,873.00,225.00,24.00,22.00,0.6262,1,1
117,4,862.00,193.00,47.00,38.00,0.8810,1,1
117,12,1484.00,401.00,70.00,57.00,0.9058,1,1
117,14,1364.00,601.00,28.00,36.00,0.5926,1,1
118,1,1357.00,339.00,68.00,43.00,0.9098,1,1
118,2,1191.00,143.00,36.00,29.00,0.8940,1,1
118,3,874.00,227.00,24.00,22.00,0.6030,1,1
118,4,862.00,194.00,48.00,38.00,0.8846,1,1
118,12,1488.00,402.00,70.00,57.00,0.9034,1,1
118,14,1365.00,601.00,28.00,36.00,0.5926,1,1
118,15,1162.00,270.00,14.00,22.00,0.2709,1,1
119,1,1357.00,339.00,68.00,43.00,0.9100,1,1
119,2,1191.00,142.00,36.00,30.00,0.8936,1,1
119,3,874.00,227.00,24.00,22.00,0.6167,1,1
119,4,862.00,194.00,47.00,38.00,0.8837,1,1
119,12,1488.00,402.00,70.00,57.00,0.9040,1,1
119,15,1162.00,270.00,14.00,22.00,0.2583,1,1
120,1,1358.00,340.00,68.00,43.00,0.9061,1,1
120,2,1192.00,140.00,35.00,30.00,0.9018,1,1
120,3,875.00,229.00,24.00,22.00,0.5774,1,1
120,4,864.00,196.00,46.00,37.00,0.8933,1,1
120,12,1500.00,405.00,68.00,58.00,0.9102,1,1
120,15,1161.00,268.00,15.00,23.00,0.3026,1,1
121,1,1358.00,340.00,68.00,43.00,0.9025,1,1
121,2,1191.00,139.00,35.00,30.00,0.9065,1,1
121,3,875.00,229.00,24.00,22.00,0.5143,1,1
121,4,864.00,196.00,46.00,37.00,0.8973,1,1
121,12,1503.00,407.00,65.00,57.00,0.9170,1,1
121,14,1374.00,378.00,33.00,33.00,0.4309,1,1
121,15,1161.00,268.00,15.00,23.00,0.3571,1,1
122,1,1359.00,340.00,67.00,43.00,0.8992,1,1
122,2,1191.00,138.00,34.00,30.00,0.9050,1,1
122,3,875.00,229.00,24.00,22.00,0.4545,1,1
122,4,865.00,196.00,46.00,37.00,0.8986,1,1
122,12,1505.00,408.00,67.00,57.00,0.8647,1,1
122,14,1374.00,379.00,33.00,32.00,0.3729,1,1
122,15,1161.00,267.00,16.00,21.00,0.2677,1,1
123,1,1359.00,340.00,67.00,43.00,0.8956,1,1
123,2,1190.00,138.00,32.00,29.00,0.8770,1,1
123,3,876.00,229.00,24.00,21.00,0.4545,1,1
123,4,865.00,197.00,46.00,39.00,0.8991,1,1
123,12,1507.00,409.00,67.00,58.00,0.7910,1,1
123,14,1375.00,379.00,33.00,32.00,0.3833,1,1
123,15,1160.00,266.00,17.00,21.00,0.2677,1,1
124,1,1360.00,341.00,67.00,42.00,0.8814,1,1
124,2,1186.00,137.00,34.00,30.00,0.8766,1,1
124,4,866.00,198.00,45.00,39.00,0.9031,1,1
124,12,1514.00,410.00,64.00,58.00,0.6655,1,1
124,14,1375.00,379.00,34.00,33.00,0.3359,1,1
125,1,1360.00,341.00,67.00,42.00,0.8827,1,1
125,2,1186.00,137.00,34.00,30.00,0.8768,1,1
125,4,866.00,198.00,45.00,39.00,0.9027,1,1
125,12,1513.00,410.00,66.00,58.00,0.6773,1,1
125,14,1375.00,379.00,34.00,33.00,0.3167,1,1
126,1,1360.00,341.00,67.00,42.00,0.8792,1,1
126,2,1183.00,135.00,33.00,30.00,0.8893,1,1
126,4,865.00,199.00,46.00,39.00,0.8858,1,1
126,12,1526.00,412.00,65.00,57.00,0.7883,1,1
126,14,1376.00,370.00,34.00,33.00,0.3167,1,1
127,1,1360.00,341.00,67.00,42.00,0.8773,1,1
127,2,1180.00,132.00,33.00,31.00,0.8876,1,1
127,4,865.00,198.00,46.00,41.00,0.8974,1,1
127,12,1527.00,413.00,68.00,56.00,0.7951,1,1
128,1,1361.00,342.00,67.00,41.00,0.8778,1,1
128,2,1177.00,131.00,34.00,30.00,0.9012,1,1
128,4,865.00,198.00,47.00,41.00,0.8962,1,1
128,12,1529.00,413.00,69.00,56.00,0.7715,1,1
129,1,1360.00,342.00,69.00,41.00,0.8836,1,1
129,2,1175.00,131.00,32.00,28.00,0.8922,1,1
129,4,866.00,198.00,46.00,41.00,0.8942,1,1
129,12,1530.00,413.00,70.00,55.00,0.5287,1,1
130,1,1361.00,343.00,69.00,41.00,0.8903,1,1
130,2,1174.00,131.00,32.00,27.00,0.8925,1,1
130,4,866.00,198.00,46.00,41.00,0.8972,1,1
130,12,1532.00,413.00,69.00,56.00,0.3206,1,1
131,1,1360.00,343.00,70.00,41.00,0.8894,1,1
131,2,1174.00,131.00,32.00,27.00,0.8928,1,1
131,4,866.00,198.00,47.00,41.00,0.8990,1,1
131,12,1532.00,413.00,69.00,56.00,0.4247,1,1
131,14,1388.00,492.00,28.00,30.00,0.2558,1,1
132,1,1361.00,344.00,70.00,40.00,0.9033,1,1
132,2,1171.00,127.00,31.00,30.00,0.8759,1,1
132,4,866.00,199.00,47.00,40.00,0.9020,1,1
132,12,1533.00,413.00,70.00,57.00,0.5578,1,1
132,14,1397.00,498.00,26.00,26.00,0.4839,1,1
132,15,1374.00,378.00,40.00,35.00,0.2735,1,1
133,1,1361.00,344.00,71.00,40.00,0.9054,1,1
133,2,1170.00,127.00,30.00,28.00,0.8695,1,1
133,4,866.00,198.00,47.00,41.00,0.9019,1,1
133,12,1534.00,413.00,70.00,56.00,0.6939,1,1
133,14,1401.00,501.00,26.00,24.00,0.4501,1,1
133,15,1375.00,380.00,37.00,34.00,0.3184,1,1
134,1,1361.00,344.00,72.00,40.00,0.9104,1,1
134,2,1168.00,126.00,31.00,29.00,0.8726,1,1
134,4,866.00,199.00,46.00,41.00,0.9022,1,1
134,12,1534.00,413.00,71.00,56.00,0.8215,1,1
134,14,1402.00,502.00,24.00,22.00,0.4853,1,1
134,15,1375.00,381.00,36.00,33.00,0.2977,1,1
134,16,1329.00,559.00,31.00,32.00,0.3882,1,1
135,1,1361.00,345.00,73.00,40.00,0.9108,1,1
135,2,1167.00,126.00,31.00,28.00,0.8767,1,1
135,4,866.00,199.00,48.00,41.00,0.9021,1,1
135,12,1534.00,413.00,71.00,57.00,0.8608,1,1
135,14,1402.00,501.00,24.00,23.00,0.3488,1,1
135,15,1375.00,378.00,42.00,36.00,0.4643,1,1
135,16,1329.00,560.00,32.00,31.00,0.3864,1,1
136,1,1362.00,345.00,73.00,40.00,0.9120,1,1
136,2,1167.00,125.00,30.00,29.00,0.8873,1,1
136,4,868.00,199.00,46.00,42.00,0.9052,1,1
136,12,1535.00,412.00,70.00,58.00,0.8690,1,1
136,14,1404.00,508.00,24.00,21.00,0.3488,1,1
136,15,1374.00,378.00,44.00,36.00,0.3500,1,1
136,16,1330.00,560.00,30.00,32.00,0.2943,1,1
137,1,1362.00,345.00,73.00,40.00,0.9124,1,1
137,2,1167.00,125.00,30.00,29.00,0.8884,1,1
137,4,868.00,199.00,46.00,42.00,0.9053,1,1
137,12,1535.00,412.00,70.00,58.00,0.8674,1,1
137,15,1374.00,378.00,44.00,36.00,0.3918,1,1
137,16,1330.00,560.00,31.00,32.00,0.2943,1,1
138,1,1362.00,346.00,73.00,40.00,0.9120,1,1
138,2,1165.00,124.00,32.00,29.00,0.8773,1,1
138,4,869.00,200.00,48.00,42.00,0.9005,1,1
138,12,1536.00,413.00,69.00,56.00,0.8632,1,1
138,15,1375.00,379.00,42.00,36.00,0.3463,1,1
138,16,1329.00,561.00,31.00,31.00,0.4685,1,1
139,1,1362.00,346.00,73.00,40.00,0.9139,1,1
139,2,1165.00,124.00,30.00,29.00,0.8403,1,1
139,4,869.00,200.00,49.00,43.00,0.8885,1,1
139,12,1536.00,413.00,70.00,56.00,0.8707,1,1
139,15,1375.00,379.00,41.00,36.00,0.3570,1,1
139,16,1329.00,560.00,31.00,32.00,0.4786,1,1
140,1,1362.00,345.00,73.00,41.00,0.9142,1,1
140,2,1165.00,123.00,30.00,30.00,0.8352,1,1
140,4,870.00,201.00,50.00,42.00,0.8747,1,1
140,12,1536.00,413.00,70.00,56.00,0.8741,1,1
140,15,1375.00,379.00,40.00,36.00,0.3047,1,1
140,16,1331.00,560.00,31.00,32.00,0.4334,1,1
141,1,1363.00,346.00,71.00,41.00,0.9161,1,1
141,2,1165.00,122.00,30.00,31.00,0.8375,1,1
141,4,872.00,201.00,48.00,44.00,0.8620,1,1
141,12,1538.00,413.00,69.00,56.00,0.8584,1,1
141,15,1375.00,380.00,41.00,35.00,0.3545,1,1
141,16,1332.00,560.00,31.00,31.00,0.5023,1,1
142,1,1363.00,346.00,72.00,42.00,0.9182,1,1
142,2,1164.00,122.00,31.00,32.00,0.8357,1,1
142,4,874.00,201.00,46.00,45.00,0.8685,1,1
142,12,1539.00,413.00,69.00,56.00,0.8647,1,1
142,15,1376.00,380.00,41.00,35.00,0.3201,1,1
142,16,1331.00,559.00,33.00,32.00,0.3955,1,1
143,1,1363.00,346.00,72.00,42.00,0.9183,1,1
143,2,1164.00,122.00,31.00,32.00,0.8355,1,1
143,4,874.00,201.00,46.00,45.00,0.8660,1,1
143,12,1539.00,413.00,69.00,56.00,0.8648,1,1
143,15,1376.00,380.00,41.00,35.00,0.3197,1,1
143,16,1331.00,559.00,33.00,32.00,0.3673,1,1
144,1,1363.00,346.00,72.00,42.00,0.9192,1,1
144,2,1163.00,120.00,31.00,31.00,0.8473,1,1
144,4,874.00,201.00,47.00,45.00,0.8683,1,1
144,12,1540.00,413.00,68.00,56.00,0.8710,1,1
144,14,1401.00,498.00,32.00,25.00,0.2846,1,1
144,15,1377.00,380.00,41.00,36.00,0.3612,1,1
144,16,1332.00,559.00,32.00,32.00,0.4090,1,1
145,1,1363.00,346.00,72.00,43.00,0.9202,1,1
145,2,1163.00,119.00,31.00,31.00,0.8503,1,1
145,4,874.00,201.00,48.00,46.00,0.8695,1,1
145,12,1540.00,413.00,69.00,55.00,0.8427,1,1
145,14,1402.00,500.00,32.00,25.00,0.2846,1,1
145,15,1377.00,380.00,41.00,36.00,0.3225,1,1
145,16,1332.00,558.00,32.00,33.00,0.5112,1,1
146,1,1363.00,346.00,72.00,42.00,0.9185,1,1
146,2,1164.00,117.00,31.00,32.00,0.8688,1,1
146,4,874.00,202.00,49.00,46.00,0.8766,1,1
146,12,1540.00,413.00,69.00,54.00,0.8285,1,1
146,15,1378.00,380.00,41.00,36.00,0.2607,1,1
146,16,1332.00,559.00,32.00,32.00,0.4740,1,1
147,1,1363.00,346.00,72.00,43.00,0.9157,1,1
147,2,1163.00,116.00,32.00,32.00,0.8620,1,1
147,4,874.00,203.00,49.00,45.00,0.8720,1,1
147,12,1540.00,413.00,68.00,53.00,0.8185,1,1
147,15,1379.00,380.00,41.00,36.00,0.2719,1,1
147,16,1332.00,559.00,32.00,33.00,0.5918,1,1
148,1,1363.00,346.00,72.00,43.00,0.9065,1,1
148,2,1163.00,115.00,31.00,31.00,0.8663,1,1
148,4,874.00,203.00,49.00,46.00,0.8557,1,1
148,12,1540.00,413.00,68.00,53.00,0.7125,1,1
148,15,1378.00,381.00,42.00,35.00,0.2709,1,1
148,16,1332.00,559.00,32.00,33.00,0.6433,1,1
149,1,1363.00,346.00,72.00,43.00,0.9063,1,1
149,2,1163.00,115.00,32.00,31.00,0.8664,1,1
149,4,874.00,203.00,49.00,46.00,0.8505,1,1
149,12,1540.00,413.00,68.00,53.00,0.7107,1,1
149,15,1378.00,381.00,42.00,35.00,0.2704,1,1
149,16,1332.00,559.00,32.00,33.00,0.6597,1,1
150,1,1364.00,346.00,71.00,43.00,0.9065,1,1
150,2,1163.00,113.00,30.00,30.00,0.8811,1,1
150,3,1116.00,207.00,16.00,21.00,0.3866,1,1
150,4,875.00,202.00,49.00,48.00,0.7497,1,1
150,12,1539.00,412.00,69.00,53.00,0.4542,1,1
150,15,1376.00,381.00,44.00,36.00,0.4775,1,1
150,16,1332.00,559.00,31.00,32.00,0.6731,1,1
151,1,1365.00,346.00,71.00,43.00,0.9075,1,1
151,2,1161.00,111.00,31.00,30.00,0.8663,1,1
151,3,1115.00,208.00,17.00,21.00,0.3065,1,1
151,4,876.00,203.00,49.00,47.00,0.6045,1,1
151,12,1538.00,412.00,70.00,52.00,0.3198,1,1
151,15,1379.00,382.00,44.00,35.00,0.3747,1,1
151,16,1332.00,559.00,31.00,32.00,0.6638,1,1
152,1,1366.00,346.00,70.00,44.00,0.9078,1,1
152,2,1160.00,111.00,30.00,30.00,0.8602,1,1
152,3,1124.00,208.00,16.00,20.00,0.3065,1,1
152,4,876.00,203.00,49.00,48.00,0.5860,1,1
152,12,1537.00,412.00,71.00,52.00,0.3837,1,1
152,15,1380.00,382.00,44.00,36.00,0.3736,1,1
152,16,1333.00,560.00,30.00,32.00,0.6904,1,1
153,1,1367.00,348.00,70.00,42.00,0.9055,1,1
153,2,1159.00,110.00,30.00,31.00,0.8693,1,1
153,4,876.00,202.00,49.00,49.00,0.5536,1,1
153,12,1537.00,412.00,70.00,52.00,0.3305,1,1
153,14,1333.00,562.00,29.00,30.00,0.6265,1,1
153,15,1380.00,383.00,45.00,37.00,0.3400,1,1
153,16,1343.00,564.00,21.00,30.00,0.2856,1,1
154,1,1367.00,350.00,72.00,43.00,0.9157,1,1
154,2,1157.00,108.00,30.00,31.00,0.8812,1,1
154,4,876.00,203.00,49.00,49.00,0.6069,1,1
154,12,1537.00,411.00,69.00,53.00,0.4052,1,1
154,14,1333.00,562.00,29.00,30.00,0.5913,1,1
154,15,1382.00,384.00,45.00,37.00,0.3400,1,1
154,16,1340.00,564.00,24.00,30.00,0.2849,1,1
155,1,1367.00,350.00,72.00,43.00,0.9158,1,1
155,2,1157.00,108.00,30.00,31.00,0.8812,1,1
155,4,876.00,203.00,49.00,49.00,0.6225,1,1
155,12,1537.00,412.00,69.00,52.00,0.4639,1,1
155,14,1333.00,562.00,29.00,30.00,0.6046,1,1
155,16,1339.00,564.00,25.00,30.00,0.2725,1,1
156,1,1369.00,350.00,72.00,43.00,0.9157,1,1
156,2,1152.00,106.00,30.00,31.00,0.8810,1,1
156,4,876.00,204.00,49.00,48.00,0.6685,1,1
156,12,1534.00,411.00,72.00,52.00,0.6693,1,1
156,14,1329.00,567.00,29.00,30.00,0.6046,1,1
156,15,1382.00,387.00,42.00,35.00,0.3335,1,1
156,16,1332.00,562.00,30.00,30.00,0.6116,1,1
157,1,1370.00,350.00,71.00,43.00,0.9173,1,1
157,2,1150.00,106.00,30.00,30.00,0.8768,1,1
157,4,876.00,204.00,49.00,48.00,0.6552,1,1
157,12,1534.00,411.00,72.00,52.00,0.7097,1,1
157,14,1332.00,562.00,30.00,31.00,0.5855,1,1
157,15,1384.00,387.00,40.00,34.00,0.3603,1,1
157,16,1343.00,564.00,21.00,31.00,0.2693,1,1
158,1,1371.00,351.00,70.00,42.00,0.9156,1,1
158,2,1148.00,106.00,30.00,29.00,0.8766,1,1
158,4,876.00,203.00,49.00,49.00,0.7448,1,1
158,12,1534.00,410.00,72.00,53.00,0.7299,1,1
158,14,1329.00,566.00,30.00,31.00,0.5855,1,1
158,15,1383.00,387.00,40.00,34.00,0.3745,1,1
158,16,1333.00,561.00,28.00,32.00,0.5691,1,1
159,1,1371.00,351.00,70.00,42.00,0.9146,1,1
159,2,1145.00,104.00,29.00,30.00,0.8898,1,1
159,4,875.00,204.00,49.00,48.00,0.7688,1,1
159,12,1533.00,410.00,73.00,52.00,0.7132,1,1
159,14,1333.00,562.00,29.00,32.00,0.5150,1,1
159,15,1382.00,388.00,41.00,34.00,0.4954,1,1
159,16,1347.00,564.00,17.00,31.00,0.2981,1,1
160,1,1371.00,352.00,70.00,41.00,0.9177,1,1
160,2,1143.00,103.00,30.00,29.00,0.8779,1,1
160,4,875.00,204.00,48.00,48.00,0.7951,1,1
160,12,1532.00,410.00,72.00,52.00,0.7390,1,1
160,14,1331.00,564.00,29.00,33.00,0.5150,1,1
160,15,1382.00,388.00,39.00,34.00,0.5350,1,1
160,16,1333.00,563.00,29.00,31.00,0.5365,1,1
161,1,1371.00,352.00,70.00,41.00,0.9179,1,1
161,2,1143.00,103.00,30.00,29.00,0.8778,1,1
161,4,875.00,205.00,48.00,47.00,0.7957,1,1
161,12,1533.00,410.00,71.00,52.00,0.7336,1,1
161,15,1382.00,388.00,39.00,34.00,0.5368,1,1
161,16,1333.00,563.00,29.00,31.00,0.5271,1,1
162,1,1371.00,349.00,71.00,44.00,0.9129,1,1
162,2,1138.00,101.00,30.00,27.00,0.8708,1,1
162,4,875.00,205.00,48.00,47.00,0.8503,1,1
162,12,1532.00,409.00,71.00,51.00,0.7695,1,1
162,15,1384.00,388.00,38.00,33.00,0.4734,1,1
162,16,1333.00,562.00,29.00,31.00,0.6678,1,1
163,1,1370.00,349.00,72.00,44.00,0.9199,1,1
163,2,1136.00,101.00,30.00,26.00,0.8589,1,1
163,4,875.00,205.00,48.00,46.00,0.8622,1,1
163,12,1531.00,408.00,71.00,52.00,0.7499,1,1
163,15,1384.00,387.00,38.00,34.00,0.2593,1,1
163,16,1335.00,561.00,28.00,32.00,0.6773,1,1
164,1,1368.00,349.00,73.00,44.00,0.9215,1,1
164,2,1136.00,101.00,28.00,26.00,0.8703,1,1
164,4,874.00,205.00,49.00,46.00,0.8620,1,1
164,12,1531.00,408.00,71.00,52.00,0.7073,1,1
164,15,1385.00,388.00,37.00,33.00,0.2593,1,1
164,16,1335.00,560.00,28.00,32.00,0.6708,1,1
165,1,1367.00,349.00,74.00,44.00,0.9182,1,1
165,2,1134.00,100.00,30.00,26.00,0.8576,1,1
165,4,873.00,205.00,50.00,46.00,0.8617,1,1
165,12,1529.00,408.00,73.00,52.00,0.7118,1,1
165,16,1336.00,560.00,27.00,33.00,0.6191,1,1
166,1,1366.00,348.00,75.00,44.00,0.9014,1,1
166,2,1133.00,99.00,28.00,25.00,0.8823,1,1
166,4,873.00,206.00,49.00,45.00,0.8664,1,1
166,12,1529.00,408.00,73.00,52.00,0.7419,1,1
166,16,1336.00,560.00,27.00,32.00,0.6042,1,1
167,1,1366.00,348.00,75.00,44.00,0.9017,1,1
167,2,1133.00,99.00,28.00,25.00,0.8818,1,1
167,4,873.00,206.00,49.00,45.00,0.8687,1,1
167,12,1529.00,408.00,73.00,52.00,0.7392,1,1
167,16,1336.00,560.00,27.00,32.00,0.6050,1,1
168,1,1365.00,347.00,75.00,42.00,0.9072,1,1
168,2,1132.00,98.00,28.00,26.00,0.8799,1,1
168,4,874.00,206.00,47.00,45.00,0.8739,1,1
168,12,1527.00,405.00,74.00,53.00,0.7732,1,1
168,16,1338.00,559.00,27.00,32.00,0.5973,1,1
169,1,1365.00,347.00,74.00,42.00,0.9117,1,1
169,2,1131.00,97.00,29.00,26.00,0.8714,1,1
169,4,874.00,205.00,47.00,46.00,0.8732,1,1
169,12,1526.00,404.00,75.00,54.00,0.8062,1,1
169,16,1340.00,557.00,29.00,34.00,0.6179,1,1
170,1,1365.00,347.00,74.00,42.00,0.9142,1,1
170,2,1129.00,97.00,30.00,26.00,0.8707,1,1
170,4,874.00,206.00,47.00,45.00,0.8743,1,1
170,12,1526.00,404.00,75.00,53.00,0.8333,1,1
170,16,1341.00,555.00,30.00,35.00,0.6853,1,1
171,1,1364.00,347.00,74.00,41.00,0.9179,1,1
171,2,1129.00,97.00,30.00,26.00,0.8746,1,1
171,4,874.00,206.00,47.00,45.00,0.8755,1,1
171,12,1525.00,404.00,76.00,53.00,0.7982,1,1
171,16,1342.00,557.00,30.00,33.00,0.6557,1,1
172,1,1364.00,346.00,74.00,42.00,0.9183,1,1
172,2,1129.00,95.00,30.00,27.00,0.8852,1,1
172,4,874.00,206.00,47.00,45.00,0.8751,1,1
172,12,1525.00,404.00,76.00,53.00,0.7006,1,1
172,14,1392.00,605.00,25.00,38.00,0.2707,1,1
172,16,1342.00,555.00,30.00,33.00,0.6698,1,1
173,1,1364.00,346.00,74.00,42.00,0.9183,1,1
173,2,1129.00,95.00,30.00,27.00,0.8861,1,1
173,4,874.00,206.00,47.00,45.00,0.8758,1,1
173,12,1525.00,404.00,76.00,53.00,0.6951,1,1
173,14,1392.00,605.00,25.00,38.00,0.2737,1,1
173,16,1342.00,555.00,30.00,33.00,0.6718,1,1
174,1,1364.00,346.00,74.00,42.00,0.9132,1,1
174,2,1129.00,95.00,30.00,27.00,0.8948,1,1
174,4,875.00,205.00,46.00,46.00,0.8785,1,1
174,12,1521.00,402.00,78.00,54.00,0.7264,1,1
174,14,1395.00,607.00,24.00,39.00,0.2737,1,1
174,16,1342.00,554.00,31.00,33.00,0.6799,1,1
175,1,1364.00,346.00,74.00,42.00,0.9105,1,1
175,2,1129.00,94.00,30.00,28.00,0.8984,1,1
175,4,875.00,205.00,45.00,45.00,0.8822,1,1
175,12,1520.00,401.00,79.00,54.00,0.6257,1,1
175,16,1342.00,555.00,31.00,33.00,0.7220,1,1
176,1,1364.00,347.00,74.00,41.00,0.9108,1,1
176,2,1129.00,94.00,30.00,28.00,0.8939,1,1
176,4,875.00,205.00,45.00,45.00,0.8867,1,1
176,12,1520.00,401.00,79.00,54.00,0.6649,1,1
176,16,1342.00,555.00,31.00,35.00,0.6725,1,1
177,1,1364.00,347.00,74.00,41.00,0.9086,1,1
177,2,1129.00,93.00,31.00,28.00,0.8958,1,1
177,4,876.00,206.00,45.00,44.00,0.8928,1,1
177,12,1518.00,401.00,82.00,54.00,0.6129,1,1
177,16,1342.00,556.00,31.00,33.00,0.6820,1,1
178,1,1364.00,347.00,74.00,41.00,0.9063,1,1
178,2,1131.00,92.00,29.00,28.00,0.8943,1,1
178,4,876.00,205.00,45.00,45.00,0.8924,1,1
178,12,1517.00,401.00,82.00,53.00,0.6512,1,1
178,14,1393.00,605.00,25.00,38.00,0.3219,1,1
178,16,1342.00,557.00,31.00,33.00,0.5191,1,1
179,1,1364.00,347.00,74.00,41.00,0.9063,1,1
179,2,1131.00,92.00,29.00,28.00,0.8942,1,1
179,4,876.00,205.00,45.00,45.00,0.8920,1,1
179,12,1517.00,401.00,82.00,53.00,0.6631,1,1
179,14,1393.00,605.00,25.00,39.00,0.3488,1,1
179,16,1342.00,558.00,31.00,32.00,0.5238,1,1
180,1,1364.00,347.00,74.00,42.00,0.9042,1,1
180,2,1133.00,90.00,27.00,28.00,0.8955,1,1
180,4,876.00,205.00,46.00,45.00,0.8863,1,1
180,12,1515.00,398.00,83.00,55.00,0.5335,1,1
180,14,1393.00,605.00,25.00,39.00,0.3199,1,1
180,16,1342.00,558.00,32.00,32.00,0.5238,1,1
181,1,1364.00,347.00,74.00,42.00,0.8973,1,1
181,2,1133.00,90.00,27.00,28.00,0.8948,1,1
181,4,876.00,206.00,47.00,44.00,0.8872,1,1
181,12,1514.00,398.00,83.00,55.00,0.6159,1,1
181,14,1394.00,607.00,26.00,38.00,0.3199,1,1
181,16,1339.00,555.00,32.00,31.00,0.2874,1,1
182,1,1364.00,348.00,74.00,42.00,0.8840,1,1
182,2,1133.00,90.00,27.00,27.00,0.8970,1,1
182,3,987.00,51.00,36.00,22.00,0.2598,1,1
182,4,876.00,206.00,47.00,44.00,0.8879,1,1
182,12,1514.00,398.00,83.00,54.00,0.5906,1,1
182,16,1343.00,555.00,31.00,30.00,0.5009,1,1
183,1,1364.00,348.00,73.00,42.00,0.8839,1,1
183,2,1133.00,88.00,27.00,28.00,0.8927,1,1
183,3,990.00,51.00,33.00,23.00,0.5024,1,1
183,4,877.00,207.00,46.00,43.00,0.8903,1,1
183,12,1513.00,398.00,79.00,52.00,0.6664,1,1
183,16,1343.00,555.00,31.00,29.00,0.5009,1,1
184,1,1365.00,348.00,71.00,43.00,0.8887,1,1
184,2,1133.00,86.00,27.00,28.00,0.8781,1,1
184,3,992.00,52.00,31.00,23.00,0.3727,1,1
184,4,877.00,208.00,46.00,43.00,0.8899,1,1
184,12,1512.00,398.00,79.00,52.00,0.5313,1,1
185,1,1365.00,348.00,71.00,42.00,0.8889,1,1
185,2,1133.00,86.00,27.00,28.00,0.8780,1,1
185,3,992.00,52.00,31.00,23.00,0.3086,1,1
185,4,877.00,208.00,46.00,43.00,0.8905,1,1
185,12,1512.00,398.00,79.00,52.00,0.5190,1,1
186,1,1364.00,347.00,73.00,43.00,0.8935,1,1
186,2,1130.00,86.00,27.00,26.00,0.8686,1,1
186,3,994.00,53.00,29.00,22.00,0.3032,1,1
186,4,878.00,209.00,46.00,42.00,0.8973,1,1
186,12,1510.00,396.00,80.00,53.00,0.6754,1,1
187,1,1364.00,347.00,73.00,43.00,0.8941,1,1
187,2,1129.00,86.00,27.00,25.00,0.8680,1,1
187,3,992.00,53.00,31.00,22.00,0.4037,1,1
187,4,878.00,209.00,46.00,43.00,0.8977,1,1
187,12,1509.00,396.00,81.00,55.00,0.7349,1,1
187,15,1092.00,173.00,14.00,20.00,0.3194,1,1
188,1,1364.00,348.00,73.00,42.00,0.8880,1,1
188,2,1128.00,84.00,27.00,26.00,0.8766,1,1
188,3,990.00,53.00,31.00,22.00,0.4037,1,1
188,4,878.00,209.00,47.00,44.00,0.8607,1,1
188,12,1509.00,396.00,80.00,55.00,0.7794,1,1
188,15,1091.00,174.00,15.00,18.00,0.3932,1,1
189,1,1364.00,348.00,73.00,43.00,0.8931,1,1
189,2,1126.00,83.00,29.00,26.00,0.8807,1,1
189,4,878.00,209.00,48.00,44.00,0.7774,1,1
189,12,1509.00,396.00,80.00,56.00,0.7940,1,1
189,15,1081.00,169.00,14.00,18.00,0.3932,1,1
190,1,1364.00,348.00,73.00,43.00,0.8921,1,1
190,2,1125.00,83.00,29.00,25.00,0.8481,1,1
190,3,992.00,54.00,32.00,21.00,0.2853,1,1
190,4,879.00,209.00,47.00,44.00,0.7365,1,1
190,12,1508.00,395.00,80.00,58.00,0.8459,1,1
191,1,1364.00,348.00,73.00,43.00,0.8914,1,1
191,2,1125.00,83.00,29.00,25.00,0.8472,1,1
191,3,994.00,54.00,30.00,21.00,0.3146,1,1
191,4,878.00,209.00,48.00,45.00,0.8138,1,1
191,12,1508.00,395.00,80.00,58.00,0.8521,1,1
192,1,1362.00,348.00,75.00,43.00,0.8826,1,1
192,2,1123.00,84.00,29.00,22.00,0.8095,1,1
192,3,995.00,54.00,29.00,21.00,0.2805,1,1
192,4,880.00,210.00,48.00,44.00,0.6547,1,1
192,12,1508.00,394.00,76.00,59.00,0.8262,1,1
193,1,1361.00,349.00,74.00,42.00,0.8856,1,1
193,2,1123.00,84.00,29.00,22.00,0.7994,1,1
193,3,995.00,54.00,28.00,21.00,0.2805,1,1
193,4,880.00,210.00,48.00,45.00,0.6400,1,1
193,12,1507.00,394.00,76.00,64.00,0.8719,1,1
194,1,1361.00,350.00,74.00,41.00,0.8841,1,1
194,2,1122.00,83.00,30.00,22.00,0.7938,1,1
194,4,880.00,209.00,49.00,46.00,0.7249,1,1
194,12,1504.00,394.00,72.00,65.00,0.9018,1,1
195,1,1360.00,350.00,75.00,42.00,0.8773,1,1
195,2,1122.00,81.00,30.00,23.00,0.8149,1,1
195,4,881.00,209.00,48.00,46.00,0.6278,1,1
195,12,1504.00,394.00,72.00,66.00,0.8870,1,1
196,1,1361.00,350.00,74.00,42.00,0.8651,1,1
196,2,1122.00,81.00,30.00,22.00,0.8026,1,1
196,3,997.00,56.00,28.00,20.00,0.3765,1,1
196,4,881.00,209.00,49.00,46.00,0.5824,1,1
196,12,1503.00,395.00,74.00,67.00,0.8925,1,1
197,1,1361.00,350.00,74.00,42.00,0.8651,1,1
197,2,1122.00,81.00,30.00,22.00,0.8019,1,1
197,3,997.00,56.00,27.00,20.00,0.3540,1,1
197,4,882.00,209.00,47.00,46.00,0.6005,1,1
197,12,1503.00,395.00,74.00,67.00,0.8968,1,1
198,1,1360.00,352.00,75.00,41.00,0.8931,1,1
198,2,1122.00,81.00,31.00,22.00,0.7907,1,1
198,3,998.00,56.00,26.00,21.00,0.3480,1,1
198,4,882.00,209.00,48.00,47.00,0.2681,1,1
198,12,1504.00,398.00,70.00,69.00,0.8414,1,1
199,1,1361.00,353.00,73.00,41.00,0.9009,1,1
199,2,1122.00,80.00,31.00,22.00,0.8188,1,1
199,3,997.00,57.00,27.00,20.00,0.3480,1,1
199,4,882.00,210.00,48.00,47.00,0.3171,1,1
199,12,1505.00,401.00,70.00,67.00,0.8906,1,1
199,16,1378.00,390.00,40.00,32.00,0.2927,1,1
200,1,1361.00,353.00,72.00,41.00,0.9094,1,1
200,2,1122.00,80.00,32.00,22.00,0.8362,1,1
200,4,882.00,210.00,49.00,47.00,0.3171,1,1
200,12,1505.00,402.00,69.00,67.00,0.9031,1,1
200,16,1376.00,389.00,36.00,34.00,0.4284,1,1
201,1,1360.00,353.00,74.00,42.00,0.9135,1,1
201,2,1123.00,80.00,33.00,22.00,0.8442,1,1
201,12,1505.00,403.00,69.00,67.00,0.9028,1,1
201,16,1376.00,390.00,35.00,34.00,0.4772,1,1
202,1,1360.00,353.00,74.00,42.00,0.9178,1,1
202,2,1123.00,80.00,33.00,21.00,0.8375,1,1
202,12,1506.00,404.00,67.00,66.00,0.9045,1,1
202,16,1376.00,390.00,34.00,33.00,0.4276,1,1
203,1,1360.00,353.00,74.00,42.00,0.9181,1,1
203,2,1123.00,80.00,33.00,21.00,0.8398,1,1
203,4,883.00,210.00,48.00,48.00,0.3649,1,1
203,12,1506.00,404.00,67.00,66.00,0.9067,1,1
203,16,1376.00,390.00,34.00,33.00,0.3905,1,1
204,1,1360.00,353.00,74.00,42.00,0.9157,1,1
204,2,1125.00,80.00,33.00,21.00,0.8547,1,1
204,4,884.00,210.00,47.00,48.00,0.4535,1,1
204,12,1507.00,405.00,67.00,66.00,0.9128,1,1
204,16,1377.00,390.00,33.00,33.00,0.3983,1,1
205,1,1360.00,353.00,74.00,43.00,0.9126,1,1
205,2,1126.00,80.00,34.00,20.00,0.8322,1,1
205,4,884.00,210.00,47.00,48.00,0.6032,1,1
205,12,1507.00,405.00,67.00,68.00,0.9139,1,1
205,14,1405.00,650.00,27.00,43.00,0.3123,1,1
205,15,1138.00,94.00,18.00,20.00,0.3805,1,1
205,16,1376.00,390.00,32.00,33.00,0.3634,1,1
206,1,1361.00,353.00,72.00,43.00,0.9087,1,1
206,2,1127.00,79.00,34.00,21.00,0.8414,1,1
206,4,884.00,210.00,47.00,48.00,0.6830,1,1
206,12,1507.00,407.00,68.00,67.00,0.9041,1,1
206,14,1406.00,652.00,27.00,43.00,0.3123,1,1
206,15,1139.00,94.00,18.00,20.00,0.4020,1,1
206,16,1376.00,390.00,31.00,33.00,0.3503,1,1
207,1,1360.00,353.00,73.00,43.00,0.9093,1,1
207,2,1127.00,79.00,33.00,21.00,0.8043,1,1
207,4,884.00,210.00,47.00,47.00,0.7863,1,1
207,12,1508.00,406.00,66.00,70.00,0.9116,1,1
207,15,1139.00,94.00,18.00,20.00,0.4036,1,1
207,16,1376.00,390.00,32.00,33.00,0.4213,1,1
208,1,1360.00,353.00,73.00,43.00,0.9069,1,1
208,2,1128.00,79.00,33.00,22.00,0.6642,1,1
208,4,885.00,211.00,46.00,46.00,0.8417,1,1
208,12,1508.00,406.00,66.00,69.00,0.9026,1,1
208,15,1139.00,94.00,18.00,19.00,0.4220,1,1
208,16,1376.00,390.00,31.00,33.00,0.3550,1,1
209,1,1360.00,353.00,73.00,43.00,0.9070,1,1
209,2,1128.00,79.00,33.00,22.00,0.6651,1,1
209,4,885.00,211.00,46.00,46.00,0.8419,1,1
209,12,1508.00,406.00,66.00,69.00,0.9030,1,1
209,15,1139.00,94.00,18.00,19.00,0.4182,1,1
209,16,1376.00,390.00,32.00,33.00,0.3597,1,1
210,1,1359.00,353.00,74.00,43.00,0.9111,1,1
210,2,1131.00,80.00,30.00,22.00,0.7398,1,1
210,4,885.00,211.00,46.00,46.00,0.8360,1,1
210,12,1507.00,407.00,67.00,68.00,0.8936,1,1
210,14,1408.00,655.00,27.00,42.00,0.3262,1,1
210,15,1138.00,96.00,20.00,19.00,0.3819,1,1
210,16,1375.00,390.00,32.00,32.00,0.4166,1,1
211,1,1359.00,353.00,74.00,43.00,0.9105,1,1
211,2,1133.00,80.00,29.00,23.00,0.8347,1,1
211,4,886.00,211.00,45.00,45.00,0.8395,1,1
211,12,1508.00,408.00,67.00,68.00,0.8927,1,1
211,14,1409.00,657.00,26.00,42.00,0.3262,1,1
211,15,1139.00,94.00,20.00,19.00,0.3819,1,1
211,16,1375.00,389.00,34.00,35.00,0.5356,1,1
212,1,1359.00,353.00,74.00,43.00,0.9094,1,1
212,2,1134.00,80.00,29.00,22.00,0.8538,1,1
212,4,886.00,210.00,45.00,46.00,0.8471,1,1
212,12,1507.00,408.00,69.00,69.00,0.8773,1,1
212,14,1408.00,655.00,26.00,42.00,0.3589,1,1
212,16,1375.00,389.00,34.00,35.00,0.4792,1,1
213,1,1358.00,353.00,75.00,43.00,0.9127,1,1
213,2,1135.00,80.00,28.00,22.00,0.8543,1,1
213,4,886.00,208.00,45.00,49.00,0.8261,1,1
213,12,1507.00,408.00,69.00,70.00,0.8704,1,1
213,14,1408.00,655.00,26.00,42.00,0.3533,1,1
213,16,1375.00,389.00,33.00,34.00,0.5087,1,1
214,1,1358.00,353.00,75.00,42.00,0.9065,1,1
214,2,1135.00,80.00,28.00,22.00,0.8547,1,1
214,4,886.00,208.00,45.00,48.00,0.7765,1,1
214,12,1506.00,408.00,71.00,69.00,0.8687,1,1
214,14,1408.00,655.00,25.00,41.00,0.3072,1,1
214,16,1376.00,389.00,31.00,34.00,0.4586,1,1
215,1,1358.00,353.00,75.00,42.00,0.9107,1,1
215,2,1135.00,80.00,28.00,22.00,0.8536,1,1
215,4,887.00,208.00,44.00,48.00,0.7644,1,1
215,12,1506.00,408.00,71.00,69.00,0.8689,1,1
215,14,1409.00,655.00,25.00,41.00,0.3677,1,1
215,16,1375.00,389.00,32.00,34.00,0.4665,1,1
216,1,1358.00,353.00,75.00,42.00,0.9007,1,1
216,2,1135.00,80.00,28.00,23.00,0.8634,1,1
216,4,887.00,207.00,45.00,49.00,0.6855,1,1
216,12,1504.00,408.00,73.00,69.00,0.8920,1,1
216,14,1409.00,656.00,23.00,40.00,0.3932,1,1
216,16,1375.00,389.00,31.00,35.00,0.3174,1,1
217,1,1358.00,354.00,75.00,42.00,0.8934,1,1
217,2,1135.00,80.00,27.00,23.00,0.8762,1,1
217,4,887.00,207.00,45.00,49.00,0.6419,1,1
217,12,1502.00,408.00,73.00,70.00,0.9054,1,1
217,14,1407.00,657.00,26.00,40.00,0.5371,1,1
217,16,1375.00,389.00,31.00,35.00,0.3174,1,1
218,1,1359.00,354.00,73.00,42.00,0.8893,1,1
218,2,1136.00,80.00,27.00,23.00,0.8708,1,1
218,4,887.00,206.00,45.00,50.00,0.4926,1,1
218,12,1501.00,407.00,74.00,70.00,0.9211,1,1
218,14,1408.00,658.00,26.00,40.00,0.7735,1,1
218,16,1375.00,389.00,32.00,36.00,0.2999,1,1
219,1,1359.00,354.00,74.00,42.00,0.8839,1,1
219,2,1135.00,80.00,28.00,23.00,0.8730,1,1
219,4,888.00,204.00,44.00,52.00,0.4414,1,1
219,12,1500.00,407.00,73.00,69.00,0.9178,1,1
219,14,1410.00,663.00,25.00,37.00,0.5550,1,1
219,16,1374.00,390.00,32.00,36.00,0.2626,1,1
220,1,1360.00,354.00,73.00,42.00,0.8827,1,1
220,2,1136.00,80.00,26.00,22.00,0.8821,1,1
220,4,888.00,204.00,44.00,51.00,0.6333,1,1
220,12,1498.00,406.00,74.00,69.00,0.9126,1,1
220,14,1410.00,665.00,25.00,34.00,0.6442,1,1
220,16,1374.00,389.00,32.00,37.00,0.2626,1,1
221,1,1360.00,354.00,73.00,42.00,0.8850,1,1
221,2,1136.00,80.00,26.00,22.00,0.8820,1,1
221,4,888.00,204.00,44.00,51.00,0.6018,1,1
221,12,1498.00,406.00,74.00,69.00,0.9129,1,1
221,14,1410.00,666.00,25.00,33.00,0.6606,1,1
222,1,1361.00,356.00,73.00,45.00,0.9088,1,1
222,2,1136.00,80.00,25.00,23.00,0.8847,1,1
222,4,888.00,204.00,44.00,50.00,0.7074,1,1
222,12,1495.00,406.00,70.00,68.00,0.9333,1,1
222,14,1410.00,671.00,27.00,34.00,0.5327,1,1
222,16,1372.00,390.00,32.00,39.00,0.6219,1,1
223,1,1362.00,357.00,73.00,45.00,0.9169,1,1
223,2,1135.00,80.00,25.00,22.00,0.8807,1,1
223,4,886.00,203.00,46.00,48.00,0.7527,1,1
223,12,1492.00,405.00,71.00,71.00,0.9263,1,1
223,14,1410.00,671.00,28.00,35.00,0.4440,1,1
223,16,1373.00,391.00,35.00,39.00,0.6952,1,1
224,1,1363.00,357.00,72.00,46.00,0.9177,1,1
224,2,1135.00,79.00,24.00,23.00,0.8726,1,1
224,4,885.00,201.00,47.00,49.00,0.8258,1,1
224,12,1488.00,404.00,73.00,70.00,0.9195,1,1
224,14,1411.00,673.00,27.00,35.00,0.5522,1,1
224,16,1376.00,392.00,31.00,38.00,0.6251,1,1
225,1,1364.00,358.00,71.00,47.00,0.9106,1,1
225,2,1134.00,79.00,24.00,23.00,0.8693,1,1
225,4,885.00,201.00,47.00,47.00,0.8737,1,1
225,12,1486.00,405.00,72.00,69.00,0.8760,1,1
225,14,1411.00,673.00,28.00,35.00,0.5516,1,1
225,16,1374.00,392.00,32.00,39.00,0.5300,1,1
226,1,1365.00,360.00,70.00,49.00,0.9028,1,1
226,2,1133.00,80.00,25.00,22.00,0.8711,1,1
226,4,884.00,199.00,47.00,48.00,0.8769,1,1
226,12,1484.00,405.00,73.00,67.00,0.8639,1,1
226,14,1411.00,673.00,29.00,35.00,0.4638,1,1
226,16,1374.00,392.00,32.00,39.00,0.5300,1,1
227,1,1365.00,360.00,70.00,49.00,0.9002,1,1
227,2,1133.00,80.00,25.00,22.00,0.8705,1,1
227,4,884.00,199.00,47.00,47.00,0.8754,1,1
227,12,1484.00,404.00,73.00,68.00,0.8639,1,1
227,14,1411.00,673.00,29.00,35.00,0.4245,1,1
228,1,1366.00,363.00,69.00,49.00,0.9280,1,1
228,2,1133.00,80.00,23.00,23.00,0.8525,1,1
228,4,885.00,197.00,45.00,48.00,0.8776,1,1
228,12,1483.00,405.00,75.00,67.00,0.8867,1,1
228,14,1412.00,674.00,32.00,35.00,0.5329,1,1
228,16,1378.00,399.00,38.00,36.00,0.2838,1,1
229,1,1366.00,364.00,69.00,49.00,0.9302,1,1
229,2,1131.00,83.00,24.00,20.00,0.8043,1,1
229,4,886.00,196.00,44.00,49.00,0.8795,1,1
229,12,1482.00,405.00,75.00,66.00,0.9182,1,1
229,14,1413.00,674.00,33.00,35.00,0.4593,1,1
229,16,1378.00,400.00,39.00,35.00,0.2838,1,1
230,1,1366.00,367.00,69.00,47.00,0.9258,1,1
230,2,1129.00,87.00,24.00,19.00,0.7759,1,1
230,4,885.00,195.00,45.00,49.00,0.8663,1,1
230,12,1481.00,404.00,76.00,66.00,0.9169,1,1
230,14,1413.00,675.00,33.00,35.00,0.3314,1,1
231,1,1366.00,367.00,69.00,47.00,0.9233,1,1
231,2,1127.00,88.00,26.00,19.00,0.7614,1,1
231,4,885.00,193.00,44.00,46.00,0.8155,1,1
231,12,1481.00,403.00,76.00,65.00,0.9287,1,1
231,14,1414.00,674.00,33.00,36.00,0.3595,1,1
231,16,1376.00,403.00,38.00,37.00,0.3095,1,1
232,1,1366.00,367.00,69.00,48.00,0.9254,1,1
232,2,1124.00,91.00,26.00,18.00,0.8034,1,1
232,4,884.00,192.00,44.00,42.00,0.8558,1,1
232,12,1480.00,402.00,76.00,65.00,0.9158,1,1
232,14,1416.00,673.00,33.00,37.00,0.6626,1,1
232,16,1376.00,404.00,38.00,37.00,0.3095,1,1
232,18,1338.00,583.00,30.00,41.00,0.3203,1,1
233,1,1366.00,367.00,69.00,48.00,0.9222,1,1
233,2,1124.00,91.00,26.00,18.00,0.8014,1,1
233,4,884.00,192.00,44.00,42.00,0.8538,1,1
233,12,1480.00,402.00,76.00,65.00,0.9310,1,1
233,14,1416.00,673.00,33.00,37.00,0.6903,1,1
233,18,1338.00,583.00,30.00,41.00,0.3330,1,1
234,1,1364.00,366.00,71.00,49.00,0.9209,1,1
234,2,1122.00,95.00,26.00,16.00,0.7830,1,1
234,4,884.00,189.00,43.00,40.00,0.8213,1,1
234,12,1479.00,402.00,76.00,64.00,0.9453,1,1
234,14,1420.00,672.00,33.00,38.00,0.5923,1,1
234,15,1039.00,62.00,25.00,16.00,0.3455,1,1
234,18,1337.00,583.00,29.00,40.00,0.3784,1,1
235,1,1363.00,366.00,71.00,49.00,0.9090,1,1
235,2,1123.00,97.00,25.00,16.00,0.7339,1,1
235,4,882.00,187.00,43.00,38.00,0.8439,1,1
235,12,1479.00,402.00,75.00,63.00,0.9436,1,1
235,14,1421.00,671.00,34.00,39.00,0.2881,1,1
235,15,1039.00,63.00,25.00,15.00,0.5048,1,1
235,18,1337.00,583.00,28.00,40.00,0.4058,1,1
236,1,1361.00,363.00,73.00,50.00,0.9069,1,1
236,2,1122.00,98.00,24.00,16.00,0.7267,1,1
236,4,881.00,184.00,42.00,38.00,0.8696,1,1
236,12,1479.00,401.00,74.00,64.00,0.9442,1,1
236,14,1422.00,671.00,34.00,39.00,0.2881,1,1
236,15,1038.00,63.00,27.00,15.00,0.3271,1,1
236,18,1337.00,583.00,27.00,40.00,0.4139,1,1
237,1,1358.00,360.00,75.00,50.00,0.9001,1,1
237,2,1122.00,99.00,23.00,15.00,0.7544,1,1
237,4,880.00,183.00,41.00,36.00,0.8649,1,1
237,12,1479.00,400.00,74.00,62.00,0.9049,1,1
237,15,1035.00,62.00,27.00,15.00,0.3271,1,1
237,18,1338.00,581.00,26.00,41.00,0.5249,1,1
238,1,1358.00,358.00,75.00,47.00,0.8635,1,1
238,2,1120.00,101.00,23.00,15.00,0.7094,1,1
238,4,881.00,179.00,39.00,37.00,0.8625,1,1
238,12,1478.00,400.00,75.00,61.00,0.9109,1,1
238,15,1039.00,63.00,26.00,16.00,0.2803,1,1
238,18,1337.00,582.00,27.00,40.00,0.6720,1,1
239,1,1358.00,358.00,75.00,47.00,0.8611,1,1
239,2,1120.00,101.00,23.00,15.00,0.7098,1,1
239,4,881.00,179.00,39.00,37.00,0.8627,1,1
239,12,1478.00,400.00,75.00,61.00,0.9120,1,1
239,15,1039.00,63.00,26.00,16.00,0.2826,1,1
239,18,1337.00,582.00,26.00,41.00,0.6780,1,1
240,1,1354.00,356.00,76.00,45.00,0.8801,1,1
240,2,1120.00,102.00,24.00,17.00,0.7613,1,1
240,4,880.00,177.00,38.00,31.00,0.8757,1,1
240,12,1478.00,400.00,75.00,60.00,0.9040,1,1
240,15,1041.00,63.00,25.00,18.00,0.7200,1,1
240,18,1338.00,580.00,26.00,40.00,0.7933,1,1
241,1,1353.00,353.00,74.00,45.00,0.9235,1,1
241,2,1119.00,102.00,25.00,17.00,0.7828,1,1
241,4,878.00,174.00,40.00,30.00,0.8582,1,1
241,12,1478.00,400.00,75.00,60.00,0.9156,1,1
241,15,1041.00,63.00,25.00,17.00,0.7366,1,1
241,18,1339.00,580.00,25.00,37.00,0.7786,1,1
242,1,1352.00,350.00,72.00,44.00,0.9285,1,1
242,2,1119.00,102.00,25.00,17.00,0.7799,1,1
242,4,878.00,171.00,40.00,29.00,0.8269,1,1
242,12,1478.00,398.00,74.00,62.00,0.9240,1,1
242,15,1041.00,63.00,26.00,17.00,0.6978,1,1
242,16,1339.00,577.00,24.00,42.00,0.8036,1,1
242,18,1339.00,579.00,25.00,37.00,0.7786,1,1
243,1,1350.00,348.00,72.00,43.00,0.9076,1,1
243,2,1119.00,102.00,25.00,17.00,0.7733,1,1
243,4,876.00,169.00,43.00,29.00,0.8513,1,1
243,12,1478.00,398.00,73.00,60.00,0.9130,1,1
243,15,1041.00,62.00,26.00,19.00,0.6365,1,1
243,16,1339.00,577.00,25.00,41.00,0.7503,1,1
244,1,1348.00,348.00,74.00,43.00,0.8978,1,1
244,2,1118.00,102.00,25.00,16.00,0.7512,1,1
244,4,873.00,167.00,45.00,29.00,0.8562,1,1
244,12,1478.00,398.00,73.00,60.00,0.9117,1,1
244,15,1041.00,62.00,26.00,19.00,0.5763,1,1
244,16,1340.00,577.00,24.00,41.00,0.7464,1,1
244,19,1145.00,175.00,9.00,19.00,0.4383,1,1
245,1,1348.00,348.00,74.00,43.00,0.8906,1,1
245,2,1118.00,102.00,25.00,16.00,0.7579,1,1
245,4,874.00,168.00,44.00,28.00,0.8533,1,1
245,12,1478.00,398.00,73.00,60.00,0.9046,1,1
245,15,1040.00,62.00,27.00,19.00,0.5763,1,1
245,16,1340.00,577.00,27.00,40.00,0.7839,1,1
245,19,1144.00,175.00,10.00,19.00,0.4183,1,1
246,1,1348.00,348.00,72.00,42.00,0.8865,1,1
246,2,1118.00,102.00,26.00,16.00,0.7562,1,1
246,4,872.00,162.00,42.00,27.00,0.8189,1,1
246,12,1477.00,399.00,74.00,59.00,0.8189,1,1
246,16,1338.00,587.00,27.00,40.00,0.7839,1,1
246,18,1343.00,575.00,26.00,38.00,0.4861,1,1
246,19,1144.00,175.00,10.00,20.00,0.3817,1,1
246,20,1147.00,177.00,8.00,19.00,0.3071,1,1
247,1,1348.00,346.00,71.00,44.00,0.8727,1,1
247,2,1118.00,103.00,26.00,15.00,0.7778,1,1
247,4,872.00,159.00,39.00,26.00,0.8304,1,1
247,12,1474.00,399.00,76.00,58.00,0.8220,1,1
247,14,857.00,256.00,14.00,22.00,0.4527,1,1
247,18,1344.00,571.00,27.00,36.00,0.5440,1,1
247,19,1144.00,174.00,10.00,20.00,0.3770,1,1
247,20,1147.00,176.00,8.00,20.00,0.2553,1,1
248,1,1347.00,345.00,72.00,45.00,0.8764,1,1
248,2,1118.00,102.00,26.00,16.00,0.7840,1,1
248,4,870.00,156.00,41.00,28.00,0.8572,1,1
248,12,1473.00,399.00,76.00,58.00,0.8600,1,1
248,14,855.00,254.00,15.00,23.00,0.6027,1,1
248,18,1346.00,571.00,27.00,35.00,0.5824,1,1
248,19,1144.00,174.00,10.00,20.00,0.2810,1,1
248,20,1147.00,176.00,8.00,20.00,0.2553,1,1
249,1,1348.00,346.00,71.00,44.00,0.8705,1,1
249,2,1118.00,102.00,26.00,16.00,0.7805,1,1
249,4,869.00,153.00,41.00,29.00,0.8801,1,1
249,12,1472.00,399.00,75.00,57.00,0.8595,1,1
249,14,854.00,253.00,16.00,23.00,0.2883,1,1
249,16,1347.00,566.00,28.00,39.00,0.7095,1,1
249,18,1346.00,570.00,28.00,34.00,0.5824,1,1
249,19,1144.00,174.00,10.00,20.00,0.2810,1,1
250,1,1350.00,346.00,69.00,44.00,0.8707,1,1
250,2,1118.00,102.00,26.00,17.00,0.7686,1,1
250,4,868.00,152.00,42.00,29.00,0.8842,1,1
250,12,1471.00,399.00,76.00,61.00,0.8246,1,1
250,14,833.00,243.00,16.00,22.00,0.2883,1,1
250,16,1347.00,567.00,29.00,38.00,0.7127,1,1
251,1,1351.00,346.00,68.00,44.00,0.8717,1,1
251,2,1117.00,103.00,27.00,17.00,0.7002,1,1
251,4,868.00,152.00,41.00,29.00,0.8804,1,1
251,12,1471.00,399.00,76.00,61.00,0.8539,1,1
251,14,853.00,254.00,18.00,21.00,0.3050,1,1
251,16,1347.00,566.00,28.00,39.00,0.6839,1,1
252,1,1357.00,345.00,62.00,48.00,0.8847,1,1
252,2,1117.00,104.00,26.00,16.00,0.6709,1,1
252,4,866.00,147.00,39.00,26.00,0.8467,1,1
252,12,1468.00,400.00,74.00,61.00,0.8641,1,1
252,14,839.00,248.00,18.00,20.00,0.3050,1,1
252,16,1346.00,570.00,29.00,39.00,0.6839,1,1
252,18,1350.00,572.00,26.00,35.00,0.3441,1,1
252,19,874.00,167.00,25.00,22.00,0.2883,1,1
253,1,1359.00,343.00,61.00,53.00,0.9009,1,1
253,2,1116.00,104.00,28.00,16.00,0.6345,1,1
253,4,866.00,145.00,40.00,26.00,0.8383,1,1
253,12,1466.00,401.00,74.00,60.00,0.8461,1,1
253,15,1047.00,65.00,24.00,21.00,0.2784,1,1
253,18,1351.00,571.00,26.00,36.00,0.3441,1,1
253,19,874.00,165.00,25.00,21.00,0.3426,1,1
254,1,1361.00,342.00,61.00,56.00,0.8711,1,1
254,2,1116.00,104.00,27.00,16.00,0.6453,1,1
254,4,864.00,142.00,39.00,27.00,0.8648,1,1
254,12,1464.00,400.00,76.00,61.00,0.8180,1,1
254,15,1047.00,65.00,24.00,21.00,0.2784,1,1
254,19,873.00,163.00,24.00,21.00,0.3023,1,1
255,1,1362.00,343.00,59.00,57.00,0.8819,1,1
255,2,1116.00,104.00,27.00,16.00,0.6305,1,1
255,4,864.00,141.00,40.00,28.00,0.8660,1,1
255,12,1459.00,401.00,77.00,62.00,0.8530,1,1
255,14,851.00,255.00,17.00,21.00,0.3105,1,1
255,19,851.00,161.00,25.00,22.00,0.3023,1,1
256,1,1363.00,343.00,58.00,59.00,0.8919,1,1
256,2,1116.00,104.00,27.00,16.00,0.5815,1,1
256,4,863.00,141.00,40.00,27.00,0.8698,1,1
256,12,1456.00,402.00,78.00,63.00,0.9223,1,1
256,14,850.00,253.00,18.00,22.00,0.5460,1,1
256,16,1456.00,446.00,45.00,51.00,0.3425,1,1
256,19,871.00,162.00,25.00,21.00,0.4083,1,1
256,20,1144.00,170.00,10.00,22.00,0.2658,1,1
257,1,1363.00,342.00,58.00,60.00,0.8939,1,1
257,2,1116.00,103.00,27.00,17.00,0.5823,1,1
257,4,864.00,139.00,39.00,29.00,0.8815,1,1
257,12,1456.00,402.00,78.00,63.00,0.9168,1,1
257,14,850.00,252.00,17.00,22.00,0.5570,1,1
257,16,1455.00,445.00,47.00,52.00,0.3518,1,1
257,19,871.00,162.00,25.00,21.00,0.4130,1,1
257,20,1143.00,170.00,11.00,22.00,0.2658,1,1
258,1,1364.00,342.00,57.00,61.00,0.9008,1,1
258,2,1116.00,103.00,27.00,17.00,0.5807,1,1
258,4,863.00,137.00,36.00,28.00,0.8591,1,1
258,12,1453.00,405.00,77.00,63.00,0.9212,1,1
258,14,850.00,251.00,18.00,22.00,0.6701,1,1
258,16,1464.00,438.00,48.00,53.00,0.3518,1,1
258,18,1395.00,691.00,31.00,43.00,0.5878,1,1
258,19,870.00,161.00,24.00,21.00,0.6312,1,1
259,1,1363.00,340.00,58.00,63.00,0.9081,1,1
259,2,1117.00,103.00,26.00,17.00,0.6737,1,1
259,4,863.00,134.00,36.00,29.00,0.8504,1,1
259,12,1450.00,406.00,74.00,63.00,0.9450,1,1
259,14,850.00,252.00,18.00,22.00,0.6132,1,1
259,15,1050.00,68.00,22.00,19.00,0.2896,1,1
259,18,1400.00,701.00,31.00,44.00,0.5878,1,1
259,19,869.00,159.00,25.00,21.00,0.7214,1,1
260,1,1363.00,338.00,58.00,65.00,0.9138,1,1
260,2,1118.00,101.00,26.00,18.00,0.7840,1,1
260,4,863.00,133.00,36.00,28.00,0.8412,1,1
260,12,1445.00,406.00,79.00,63.00,0.9467,1,1
260,14,849.00,249.00,18.00,23.00,0.6981,1,1
260,15,1050.00,68.00,22.00,20.00,0.2896,1,1
260,16,1442.00,446.00,55.00,55.00,0.3304,1,1
260,18,1382.00,689.00,34.00,48.00,0.4997,1,1
260,19,870.00,154.00,24.00,23.00,0.7297,1,1
261,1,1363.00,338.00,58.00,64.00,0.9208,1,1
261,2,1117.00,101.00,27.00,18.00,0.7746,1,1
261,4,862.00,133.00,37.00,27.00,0.8487,1,1
261,12,1442.00,407.00,83.00,62.00,0.9252,1,1
261,14,849.00,248.00,19.00,24.00,0.6314,1,1
261,16,1448.00,442.00,56.00,56.00,0.3304,1,1
261,18,1384.00,697.00,34.00,50.00,0.4997,1,1
261,19,871.00,154.00,24.00,23.00,0.7506,1,1
261,23,1353.00,578.00,28.00,50.00,0.3363,1,1
262,1,1362.00,337.00,59.00,65.00,0.9212,1,1
262,2,1117.00,100.00,26.00,18.00,0.7855,1,1
262,4,862.00,131.00,37.00,29.00,0.8580,1,1
262,12,1440.00,408.00,82.00,62.00,0.9000,1,1
262,14,849.00,247.00,19.00,24.00,0.6539,1,1
262,18,1366.00,682.00,34.00,45.00,0.3973,1,1
262,19,871.00,154.00,24.00,23.00,0.6860,1,1
262,23,1353.00,577.00,29.00,49.00,0.3656,1,1
263,1,1362.00,337.00,59.00,65.00,0.9202,1,1
263,2,1117.00,100.00,26.00,18.00,0.7859,1,1
263,4,862.00,131.00,37.00,29.00,0.8576,1,1
263,12,1440.00,408.00,83.00,62.00,0.9018,1,1
263,14,849.00,248.00,19.00,23.00,0.6474,1,1
263,18,1366.00,682.00,34.00,45.00,0.3845,1,1
263,19,871.00,154.00,24.00,23.00,0.6949,1,1
263,23,1353.00,577.00,29.00,49.00,0.3542,1,1
264,1,1361.00,335.00,58.00,66.00,0.9290,1,1
264,2,1119.00,98.00,26.00,18.00,0.7925,1,1
264,4,864.00,129.00,38.00,27.00,0.8646,1,1
264,12,1432.00,409.00,82.00,64.00,0.9063,1,1
264,14,846.00,246.00,20.00,24.00,0.6474,1,1
264,18,1366.00,688.00,34.00,45.00,0.3845,1,1
264,19,872.00,150.00,25.00,23.00,0.3295,1,1
264,23,1354.00,574.00,31.00,43.00,0.5935,1,1
265,1,1360.00,333.00,58.00,64.00,0.9241,1,1
265,2,1120.00,96.00,27.00,19.00,0.6850,1,1
265,4,864.00,128.00,40.00,27.00,0.8674,1,1
265,12,1429.00,409.00,79.00,63.00,0.9013,1,1
265,19,874.00,148.00,25.00,26.00,0.5163,1,1
265,23,1352.00,572.00,34.00,41.00,0.7041,1,1
266,1,1359.00,332.00,57.00,63.00,0.9029,1,1
266,2,1121.00,95.00,26.00,19.00,0.4895,1,1
266,4,865.00,128.00,39.00,26.00,0.8546,1,1
266,12,1427.00,407.00,76.00,64.00,0.9120,1,1
266,15,1121.00,95.00,27.00,17.00,0.3028,1,1
266,19,873.00,147.00,27.00,27.00,0.4296,1,1
266,23,1352.00,567.00,32.00,41.00,0.4213,1,1
267,1,1357.00,331.00,58.00,62.00,0.8990,1,1
267,2,1121.00,95.00,27.00,18.00,0.5401,1,1
267,4,866.00,126.00,39.00,27.00,0.8608,1,1
267,12,1423.00,408.00,77.00,63.00,0.9178,1,1
267,15,1121.00,95.00,27.00,17.00,0.2652,1,1
267,19,873.00,148.00,28.00,25.00,0.4294,1,1
267,23,1349.00,563.00,34.00,39.00,0.5115,1,1
268,1,1354.00,330.00,59.00,61.00,0.8845,1,1
268,2,1122.00,93.00,27.00,17.00,0.3634,1,1
268,4,867.00,127.00,40.00,25.00,0.8580,1,1
268,12,1417.00,408.00,79.00,63.00,0.9271,1,1
268,15,1127.00,97.00,27.00,16.00,0.2652,1,1
268,19,876.00,146.00,29.00,25.00,0.3581,1,1
268,23,1345.00,562.00,34.00,41.00,0.7055,1,1
269,1,1354.00,330.00,59.00,62.00,0.8837,1,1
269,2,1122.00,93.00,27.00,17.00,0.3928,1,1
269,4,867.00,126.00,40.00,26.00,0.8576,1,1
269,12,1417.00,408.00,79.00,63.00,0.9266,1,1
269,19,876.00,146.00,29.00,25.00,0.3722,1,1
269,23,1345.00,562.00,34.00,41.00,0.7018,1,1
270,1,1347.00,325.00,58.00,63.00,0.9145,1,1
270,2,1127.00,84.00,26.00,17.00,0.5447,1,1
270,4,870.00,123.00,44.00,25.00,0.8733,1,1
270,12,1407.00,407.00,79.00,66.00,0.9353,1,1
270,18,1312.00,591.00,48.00,37.00,0.2802,1,1
270,19,874.00,144.00,29.00,26.00,0.3722,1,1
270,23,1335.00,566.00,33.00,42.00,0.3480,1,1
271,1,1343.00,321.00,61.00,64.00,0.9320,1,1
271,2,1128.00,80.00,27.00,19.00,0.4533,1,1
271,4,871.00,123.00,45.00,24.00,0.8632,1,1
271,12,1402.00,406.00,78.00,68.00,0.9296,1,1
271,15,1060.00,77.00,23.00,15.00,0.5061,1,1
271,18,1308.00,586.00,48.00,36.00,0.2802,1,1
271,19,882.00,145.00,26.00,24.00,0.4415,1,1
271,23,1333.00,565.00,33.00,41.00,0.3480,1,1
272,1,1338.00,320.00,61.00,61.00,0.8936,1,1
272,2,1129.00,80.00,28.00,20.00,0.4458,1,1
272,4,872.00,123.00,46.00,25.00,0.8545,1,1
272,12,1397.00,407.00,78.00,66.00,0.9221,1,1
272,15,1059.00,77.00,27.00,17.00,0.7881,1,1
272,19,883.00,145.00,26.00,23.00,0.5255,1,1
272,20,1061.00,92.00,24.00,24.00,0.3609,1,1
272,23,1300.00,567.00,42.00,37.00,0.4419,1,1
273,1,1332.00,318.00,64.00,61.00,0.9152,1,1
273,2,1128.00,79.00,29.00,21.00,0.6008,1,1
273,4,873.00,123.00,47.00,25.00,0.8442,1,1
273,12,1390.00,409.00,81.00,66.00,0.9204,1,1
273,14,1137.00,94.00,15.00,16.00,0.2751,1,1
273,15,1058.00,77.00,30.00,18.00,0.7892,1,1
273,19,885.00,146.00,25.00,22.00,0.5749,1,1
273,20,1064.00,93.00,23.00,23.00,0.6418,1,1
273,23,1295.00,566.00,42.00,36.00,0.4419,1,1
274,1,1326.00,316.00,64.00,61.00,0.8823,1,1
274,2,1130.00,78.00,28.00,19.00,0.7084,1,1
274,4,874.00,121.00,48.00,26.00,0.8421,1,1
274,12,1382.00,409.00,81.00,65.00,0.9335,1,1
274,14,1158.00,82.00,14.00,16.00,0.2751,1,1
274,15,1058.00,77.00,33.00,19.00,0.7880,1,1
274,16,1103.00,173.00,11.00,25.00,0.6608,1,1
274,19,887.00,143.00,23.00,24.00,0.5940,1,1
274,20,1063.00,95.00,28.00,26.00,0.7499,1,1
274,23,1313.00,566.00,33.00,34.00,0.3773,1,1
275,1,1326.00,316.00,64.00,61.00,0.8815,1,1
275,2,1131.00,78.00,27.00,19.00,0.7364,1,1
275,4,874.00,121.00,48.00,26.00,0.8417,1,1
275,12,1382.00,409.00,81.00,65.00,0.9337,1,1
275,15,1058.00,77.00,33.00,19.00,0.7950,1,1
275,16,1103.00,173.00,11.00,25.00,0.6574,1,1
275,19,887.00,143.00,23.00,24.00,0.5971,1,1
275,20,1063.00,95.00,28.00,26.00,0.7551,1,1
275,23,1314.00,566.00,32.00,34.00,0.4073,1,1
276,1,1313.00,312.00,64.00,60.00,0.8991,1,1
276,2,1132.00,77.00,29.00,17.00,0.7498,1,1
276,4,876.00,120.00,49.00,25.00,0.8491,1,1
276,12,1368.00,407.00,78.00,65.00,0.9370,1,1
276,14,1062.00,77.00,33.00,16.00,0.7286,1,1
276,15,1137.00,86.00,20.00,20.00,0.2976,1,1
276,16,1105.00,176.00,12.00,23.00,0.7139,1,1
276,19,888.00,141.00,25.00,25.00,0.4084,1,1
276,20,1072.00,91.00,23.00,27.00,0.5124,1,1
276,23,1311.00,566.00,33.00,32.00,0.4073,1,1
277,1,1309.00,311.00,65.00,58.00,0.9023,1,1
277,2,1133.00,76.00,29.00,17.00,0.7481,1,1
277,4,878.00,119.00,47.00,26.00,0.8510,1,1
277,12,1359.00,406.00,85.00,64.00,0.9537,1,1
277,14,1064.00,77.00,32.00,17.00,0.7445,1,1
277,15,1145.00,87.00,20.00,20.00,0.2976,1,1
277,16,1106.00,176.00,11.00,24.00,0.7307,1,1
277,19,890.00,140.00,24.00,26.00,0.5492,1,1
277,20,1074.00,93.00,22.00,25.00,0.6718,1,1
277,26,1077.00,90.00,18.00,25.00,0.3866,1,1
278,1,1307.00,309.00,64.00,57.00,0.9012,1,1
278,2,1133.00,76.00,31.00,17.00,0.6274,1,1
278,4,879.00,119.00,47.00,26.00,0.8504,1,1
278,12,1352.00,404.00,78.00,64.00,0.9327,1,1
278,14,1065.00,78.00,33.00,16.00,0.7689,1,1
278,16,1108.00,176.00,12.00,25.00,0.6710,1,1
278,19,892.00,140.00,21.00,24.00,0.4837,1,1
278,20,1076.00,94.00,22.00,25.00,0.8486,1,1
278,23,1282.00,598.00,60.00,31.00,0.2911,1,1
278,26,1077.00,90.00,19.00,25.00,0.3866,1,1
278,27,875.00,218.00,23.00,16.00,0.2639,1,1
279,1,1305.00,309.00,64.00,56.00,0.8952,1,1
279,2,1134.00,75.00,31.00,18.00,0.5804,1,1
279,4,880.00,119.00,47.00,25.00,0.8562,1,1
279,12,1344.00,401.00,77.00,63.00,0.9108,1,1
279,14,1066.00,78.00,33.00,17.00,0.7857,1,1
279,16,1108.00,176.00,12.00,24.00,0.6910,1,1
279,18,1212.00,615.00,28.00,24.00,0.9018,1,1
279,19,894.00,140.00,22.00,24.00,0.6264,1,1
279,20,1076.00,93.00,23.00,26.00,0.8721,1,1
279,23,1276.00,598.00,62.00,31.00,0.3190,1,1
279,27,883.00,219.00,23.00,15.00,0.2884,1,1
280,1,1305.00,309.00,64.00,56.00,0.8944,1,1
280,2,1134.00,75.00,31.00,18.00,0.5987,1,1
280,4,880.00,119.00,47.00,25.00,0.8562,1,1
280,12,1344.00,401.00,77.00,62.00,0.9133,1,1
280,14,1066.00,78.00,33.00,17.00,0.7867,1,1
280,16,1108.00,176.00,12.00,24.00,0.6871,1,1
280,18,1212.00,615.00,28.00,24.00,0.8991,1,1
280,19,894.00,140.00,22.00,24.00,0.6357,1,1
280,20,1076.00,93.00,23.00,26.00,0.8788,1,1
280,23,1275.00,598.00,64.00,31.00,0.3168,1,1
280,27,883.00,219.00,23.00,15.00,0.2639,1,1
281,1,1303.00,309.00,61.00,53.00,0.8770,1,1
281,2,1136.00,73.00,31.00,18.00,0.6964,1,1
281,4,882.00,117.00,47.00,26.00,0.8658,1,1
281,12,1329.00,395.00,77.00,66.00,0.9288,1,1
281,14,1076.00,79.00,28.00,17.00,0.7931,1,1
281,16,1111.00,179.00,12.00,23.00,0.7186,1,1
281,18,1203.00,615.00,28.00,24.00,0.8991,1,1
281,19,894.00,140.00,24.00,24.00,0.7416,1,1
281,20,1076.00,93.00,23.00,25.00,0.8788,1,1
281,23,1271.00,600.00,65.00,31.00,0.3168,1,1
281,26,1080.00,92.00,23.00,23.00,0.8087,1,1
281,27,896.00,216.00,23.00,15.00,0.2566,1,1
282,1,1303.00,309.00,61.00,52.00,0.8746,1,1
282,2,1136.00,73.00,31.00,18.00,0.7155,1,1
282,4,883.00,117.00,47.00,27.00,0.8668,1,1
282,12,1322.00,391.00,80.00,65.00,0.9484,1,1
282,14,1076.00,80.00,29.00,18.00,0.7855,1,1
282,16,1115.00,177.00,11.00,23.00,0.3135,1,1
282,19,895.00,140.00,24.00,23.00,0.7738,1,1
282,23,1256.00,568.00,26.00,39.00,0.4367,1,1
282,26,1081.00,93.00,23.00,23.00,0.8108,1,1
282,27,902.00,215.00,22.00,15.00,0.2599,1,1
282,29,1228.00,653.00,36.00,48.00,0.6901,1,1
282,30,1315.00,431.00,57.00,57.00,0.4986,1,1
283,1,1303.00,309.00,61.00,52.00,0.8822,1,1
283,2,1136.00,73.00,32.00,18.00,0.7242,1,1
283,4,883.00,117.00,47.00,27.00,0.8668,1,1
283,12,1316.00,391.00,78.00,64.00,0.9352,1,1
283,14,1077.00,80.00,28.00,19.00,0.7589,1,1
283,16,1117.00,177.00,10.00,23.00,0.2646,1,1
283,19,896.00,140.00,23.00,23.00,0.7971,1,1
283,23,1245.00,570.00,29.00,36.00,0.2960,1,1
283,26,1081.00,95.00,24.00,23.00,0.7552,1,1
283,27,930.00,208.00,26.00,17.00,0.5543,1,1
283,29,1240.00,670.00,32.00,39.00,0.7696,1,1
283,30,1311.00,428.00,55.00,59.00,0.4935,1,1
283,31,1112.00,180.00,12.00,23.00,0.3767,1,1
284,1,1303.00,310.00,60.00,50.00,0.8885,1,1
284,2,1137.00,73.00,32.00,19.00,0.6823,1,1
284,4,885.00,117.00,46.00,27.00,0.8584,1,1
284,12,1308.00,390.00,80.00,64.00,0.9311,1,1
284,14,1082.00,78.00,29.00,20.00,0.7589,1,1
284,15,1077.00,81.00,30.00,22.00,0.7695,1,1
284,16,1113.00,182.00,12.00,23.00,0.2886,1,1
284,19,897.00,140.00,23.00,22.00,0.7888,1,1
284,23,1236.00,569.00,32.00,36.00,0.2960,1,1
284,26,1085.00,95.00,21.00,22.00,0.8083,1,1
284,27,934.00,207.00,27.00,18.00,0.7231,1,1
284,29,1256.00,678.00,31.00,41.00,0.5252,1,1
284,30,1301.00,427.00,58.00,58.00,0.7797,1,1
284,31,1115.00,181.00,11.00,24.00,0.7450,1,1
285,1,1303.00,310.00,62.00,50.00,0.8823,1,1
285,2,1137.00,73.00,32.00,19.00,0.7042,1,1
285,4,885.00,117.00,47.00,26.00,0.8640,1,1
285,12,1303.00,388.00,78.00,64.00,0.9030,1,1
285,15,1079.00,82.00,28.00,21.00,0.7578,1,1
285,16,1113.00,182.00,12.00,23.00,0.2573,1,1
285,19,897.00,140.00,23.00,21.00,0.7729,1,1
285,26,1086.00,94.00,20.00,24.00,0.8387,1,1
285,27,936.00,207.00,26.00,17.00,0.6278,1,1
285,29,1261.00,681.00,33.00,42.00,0.7442,1,1
285,30,1296.00,427.00,52.00,58.00,0.8163,1,1
285,31,1116.00,182.00,11.00,23.00,0.7990,1,1
286,1,1303.00,310.00,62.00,50.00,0.8850,1,1
286,2,1137.00,73.00,32.00,19.00,0.7042,1,1
286,4,885.00,117.00,47.00,26.00,0.8667,1,1
286,12,1303.00,388.00,78.00,64.00,0.9027,1,1
286,15,1079.00,82.00,28.00,21.00,0.7603,1,1
286,16,1113.00,182.00,12.00,23.00,0.2547,1,1
286,19,898.00,139.00,22.00,22.00,0.7752,1,1
286,26,1086.00,95.00,20.00,23.00,0.8377,1,1
286,27,937.00,207.00,25.00,17.00,0.6039,1,1
286,29,1261.00,681.00,33.00,42.00,0.7419,1,1
286,30,1296.00,427.00,52.00,57.00,0.8149,1,1
286,31,1116.00,182.00,11.00,23.00,0.8036,1,1
287,1,1304.00,310.00,63.00,51.00,0.8842,1,1
287,2,1138.00,73.00,31.00,19.00,0.7095,1,1
287,4,887.00,117.00,46.00,26.00,0.8665,1,1
287,12,1288.00,388.00,79.00,64.00,0.9040,1,1
287,14,1081.00,82.00,27.00,20.00,0.7741,1,1
287,15,1078.00,82.00,28.00,21.00,0.7603,1,1
287,16,1110.00,182.00,13.00,22.00,0.2547,1,1
287,19,899.00,139.00,22.00,21.00,0.7434,1,1
287,23,1286.00,688.00,30.00,37.00,0.7730,1,1
287,26,1088.00,95.00,20.00,23.00,0.8169,1,1
287,27,943.00,206.00,26.00,17.00,0.6039,1,1
287,29,1268.00,686.00,33.00,42.00,0.7419,1,1
287,30,1285.00,431.00,51.00,55.00,0.7776,1,1
287,31,1117.00,184.00,11.00,21.00,0.8479,1,1
288,1,1305.00,310.00,62.00,51.00,0.8756,1,1
288,2,1138.00,73.00,31.00,19.00,0.7071,1,1
288,4,888.00,116.00,46.00,27.00,0.8602,1,1
288,12,1281.00,388.00,80.00,67.00,0.9111,1,1
288,14,1082.00,83.00,26.00,19.00,0.7767,1,1
288,19,900.00,139.00,22.00,21.00,0.6823,1,1
288,20,1143.00,87.00,21.00,19.00,0.2509,1,1
288,23,1298.00,689.00,30.00,39.00,0.7935,1,1
288,26,1089.00,95.00,19.00,23.00,0.8305,1,1
288,29,1188.00,560.00,35.00,38.00,0.5973,1,1
288,30,1278.00,434.00,54.00,54.00,0.7300,1,1
288,31,1117.00,184.00,11.00,21.00,0.8531,1,1
289,1,1304.00,309.00,63.00,51.00,0.8937,1,1
289,2,1137.00,73.00,32.00,19.00,0.6975,1,1
289,4,889.00,116.00,46.00,27.00,0.8647,1,1
289,12,1274.00,389.00,81.00,68.00,0.8882,1,1
289,14,1082.00,84.00,26.00,18.00,0.7869,1,1
289,19,902.00,139.00,21.00,21.00,0.7173,1,1
289,20,1143.00,87.00,21.00,19.00,0.2868,1,1
289,23,1299.00,699.00,31.00,40.00,0.7935,1,1
289,26,1088.00,95.00,20.00,23.00,0.8371,1,1
289,29,1179.00,561.00,30.00,33.00,0.4430,1,1
289,30,1270.00,436.00,54.00,55.00,0.7275,1,1
289,31,1117.00,184.00,11.00,21.00,0.8487,1,1
290,1,1304.00,309.00,64.00,51.00,0.8950,1,1
290,2,1137.00,74.00,32.00,19.00,0.7342,1,1
290,4,889.00,116.00,46.00,27.00,0.8666,1,1
290,12,1265.00,393.00,81.00,66.00,0.8789,1,1
290,14,1086.00,83.00,26.00,19.00,0.7869,1,1
290,15,1081.00,85.00,27.00,20.00,0.7977,1,1
290,19,902.00,138.00,21.00,21.00,0.6443,1,1
290,20,1143.00,88.00,21.00,19.00,0.4142,1,1
290,26,1089.00,96.00,19.00,22.00,0.7738,1,1
290,27,926.00,205.00,26.00,17.00,0.2523,1,1
290,29,1164.00,563.00,27.00,37.00,0.8947,1,1
290,30,1264.00,440.00,53.00,56.00,0.8480,1,1
290,31,1117.00,183.00,11.00,22.00,0.8627,1,1
291,1,1305.00,309.00,60.00,53.00,0.8830,1,1
291,2,1137.00,74.00,32.00,19.00,0.7276,1,1
291,4,890.00,116.00,46.00,27.00,0.8657,1,1
291,12,1260.00,397.00,79.00,67.00,0.8698,1,1
291,15,1081.00,86.00,28.00,20.00,0.7924,1,1
291,19,903.00,138.00,20.00,22.00,0.6697,1,1
291,20,1143.00,89.00,21.00,19.00,0.4435,1,1
291,26,1088.00,96.00,20.00,23.00,0.7785,1,1
291,27,927.00,206.00,24.00,16.00,0.2703,1,1
291,29,1153.00,565.00,28.00,35.00,0.8243,1,1
291,30,1257.00,442.00,52.00,57.00,0.8644,1,1
291,31,1119.00,183.00,10.00,21.00,0.7817,1,1
292,1,1305.00,309.00,60.00,53.00,0.8819,1,1
292,2,1137.00,74.00,32.00,19.00,0.7252,1,1
292,4,890.00,116.00,46.00,27.00,0.8686,1,1
292,12,1260.00,397.00,80.00,68.00,0.8695,1,1
292,15,1082.00,86.00,27.00,20.00,0.7998,1,1
292,19,903.00,138.00,20.00,22.00,0.6829,1,1
292,20,1143.00,89.00,21.00,19.00,0.4731,1,1
292,26,1088.00,96.00,20.00,23.00,0.7980,1,1
292,27,927.00,206.00,24.00,16.00,0.3071,1,1
292,29,1153.00,565.00,28.00,35.00,0.8234,1,1
292,30,1257.00,442.00,52.00,57.00,0.8602,1,1
292,31,1119.00,183.00,10.00,21.00,0.7834,1,1
293,1,1302.00,309.00,60.00,55.00,0.8915,1,1
293,2,1137.00,74.00,32.00,19.00,0.7133,1,1
293,4,891.00,116.00,46.00,26.00,0.8664,1,1
293,12,1247.00,400.00,81.00,68.00,0.9011,1,1
293,15,1082.00,86.00,27.00,20.00,0.7999,1,1
293,19,906.00,137.00,20.00,23.00,0.5702,1,1
293,20,1143.00,89.00,20.00,19.00,0.5740,1,1
293,26,1088.00,96.00,19.00,23.00,0.7777,1,1
293,27,928.00,208.00,25.00,15.00,0.4173,1,1
293,29,1125.00,577.00,32.00,37.00,0.8789,1,1
293,30,1242.00,444.00,56.00,57.00,0.8656,1,1
293,31,1119.00,183.00,10.00,22.00,0.7988,1,1
294,1,1299.00,310.00,61.00,53.00,0.8540,1,1
294,2,1137.00,74.00,31.00,19.00,0.7275,1,1
294,4,892.00,115.00,45.00,27.00,0.8669,1,1
294,12,1240.00,401.00,82.00,69.00,0.8990,1,1
294,15,1082.00,86.00,26.00,20.00,0.8069,1,1
294,19,906.00,137.00,21.00,23.00,0.6006,1,1
294,20,1142.00,89.00,21.00,19.00,0.5917,1,1
294,26,1088.00,96.00,19.00,22.00,0.7654,1,1
294,27,929.00,208.00,25.00,15.00,0.4094,1,1
294,29,1119.00,576.00,32.00,36.00,0.8253,1,1
294,30,1237.00,445.00,51.00,59.00,0.8302,1,1
294,31,1120.00,182.00,9.00,21.00,0.7852,1,1
295,1,1296.00,310.00,63.00,55.00,0.8532,1,1
295,2,1136.00,74.00,32.00,19.00,0.7324,1,1
295,4,892.00,115.00,45.00,27.00,0.8674,1,1
295,12,1235.00,402.00,82.00,68.00,0.9317,1,1
295,15,1082.00,86.00,26.00,20.00,0.7771,1,1
295,16,1059.00,164.00,15.00,21.00,0.2693,1,1
295,19,905.00,137.00,22.00,23.00,0.6134,1,1
295,20,1141.00,89.00,22.00,19.00,0.5944,1,1
295,26,1088.00,97.00,18.00,21.00,0.7847,1,1
295,27,929.00,208.00,25.00,15.00,0.4058,1,1
295,29,1106.00,577.00,39.00,41.00,0.8335,1,1
295,30,1230.00,449.00,53.00,58.00,0.7331,1,1
295,31,1118.00,185.00,10.00,21.00,0.7374,1,1
296,1,1295.00,311.00,61.00,57.00,0.8580,1,1
296,2,1136.00,74.00,32.00,19.00,0.7424,1,1
296,4,892.00,115.00,45.00,27.00,0.8669,1,1
296,12,1228.00,405.00,84.00,65.00,0.9178,1,1
296,15,1082.00,87.00,25.00,19.00,0.8123,1,1
296,16,1054.00,162.00,16.00,21.00,0.2693,1,1
296,19,906.00,137.00,21.00,23.00,0.6386,1,1
296,20,1141.00,89.00,22.00,19.00,0.5807,1,1
296,26,1087.00,97.00,18.00,21.00,0.7936,1,1
296,27,928.00,208.00,25.00,15.00,0.3843,1,1
296,29,1103.00,579.00,36.00,45.00,0.7784,1,1
296,30,1225.00,453.00,53.00,56.00,0.7597,1,1
296,31,1118.00,185.00,10.00,20.00,0.7368,1,1
297,1,1291.00,313.00,64.00,58.00,0.8694,1,1
297,2,1136.00,74.00,32.00,19.00,0.7422,1,1
297,4,892.00,116.00,45.00,26.00,0.8645,1,1
297,12,1222.00,409.00,83.00,64.00,0.9182,1,1
297,15,1081.00,87.00,26.00,19.00,0.8019,1,1
297,16,1059.00,167.00,16.00,19.00,0.2796,1,1
297,19,906.00,137.00,23.00,24.00,0.6116,1,1
297,20,1141.00,89.00,22.00,19.00,0.5532,1,1
297,26,1087.00,97.00,18.00,22.00,0.8028,1,1
297,27,929.00,208.00,25.00,15.00,0.3614,1,1
297,29,1097.00,589.00,34.00,40.00,0.8772,1,1
297,30,1217.00,453.00,54.00,59.00,0.5302,1,1
297,31,1119.00,184.00,9.00,21.00,0.7619,1,1
298,1,1291.00,313.00,64.00,58.00,0.8697,1,1
298,2,1136.00,74.00,32.00,19.00,0.7456,1,1
298,4,892.00,116.00,45.00,26.00,0.8642,1,1
298,12,1222.00,409.00,83.00,64.00,0.9190,1,1
298,15,1081.00,87.00,26.00,19.00,0.8020,1,1
298,16,1059.00,167.00,15.00,19.00,0.3126,1,1
298,19,906.00,137.00,23.00,24.00,0.6259,1,1
298,20,1141.00,89.00,22.00,19.00,0.5647,1,1
298,26,1087.00,97.00,18.00,22.00,0.8044,1,1
298,27,929.00,208.00,24.00,15.00,0.3630,1,1
298,29,1097.00,589.00,34.00,40.00,0.8794,1,1
298,30,1217.00,453.00,55.00,59.00,0.5360,1,1
298,31,1119.00,184.00,9.00,21.00,0.7685,1,1
299,1,1283.00,315.00,65.00,59.00,0.9114,1,1
299,2,1137.00,74.00,31.00,18.00,0.7484,1,1
299,4,893.00,116.00,45.00,26.00,0.8644,1,1
299,12,1209.00,410.00,84.00,68.00,0.9216,1,1
299,15,1080.00,87.00,26.00,19.00,0.8156,1,1
299,16,1058.00,168.00,16.00,19.00,0.6356,1,1
299,19,906.00,137.00,22.00,24.00,0.6158,1,1
299,20,1142.00,88.00,20.00,20.00,0.4574,1,1
299,26,1085.00,98.00,20.00,23.00,0.8314,1,1
299,27,929.00,208.00,25.00,15.00,0.3643,1,1
299,29,1089.00,604.00,34.00,40.00,0.8201,1,1
299,30,1210.00,453.00,53.00,64.00,0.5874,1,1
299,31,1119.00,182.00,9.00,21.00,0.7774,1,1
300,1,1275.00,317.00,71.00,59.00,0.9144,1,1
300,2,1137.00,74.00,31.00,19.00,0.7560,1,1
300,4,893.00,116.00,45.00,26.00,0.8651,1,1
300,12,1201.00,410.00,86.00,67.00,0.9142,1,1
300,15,1080.00,87.00,25.00,19.00,0.8235,1,1
300,16,1059.00,168.00,14.00,19.00,0.5890,1,1
300,19,906.00,137.00,21.00,23.00,0.5732,1,1
300,20,1142.00,89.00,21.00,19.00,0.5528,1,1
300,26,1084.00,99.00,20.00,22.00,0.8082,1,1
300,27,929.00,208.00,26.00,15.00,0.3288,1,1
300,29,1088.00,607.00,33.00,42.00,0.7984,1,1
300,30,1201.00,455.00,58.00,58.00,0.6400,1,1
300,31,1119.00,182.00,9.00,22.00,0.7974,1,1
301,1,1269.00,319.00,74.00,61.00,0.9103,1,1
301,2,1138.00,74.00,31.00,19.00,0.7541,1,1
301,4,893.00,116.00,45.00,26.00,0.8659,1,1
301,12,1197.00,412.00,84.00,66.00,0.9265,1,1
301,15,1079.00,88.00,25.00,19.00,0.8325,1,1
301,16,1060.00,165.00,12.00,20.00,0.4778,1,1
301,19,906.00,137.00,21.00,24.00,0.5684,1,1
301,20,1142.00,90.00,22.00,18.00,0.6017,1,1
301,26,1083.00,100.00,20.00,23.00,0.8191,1,1
301,27,929.00,208.00,25.00,15.00,0.3080,1,1
301,29,1087.00,611.00,33.00,45.00,0.6655,1,1
301,30,1195.00,458.00,58.00,58.00,0.6067,1,1
301,31,1119.00,182.00,9.00,22.00,0.7977,1,1
302,1,1262.00,321.00,68.00,63.00,0.9272,1,1
302,2,1138.00,75.00,31.00,19.00,0.7423,1,1
302,4,893.00,116.00,45.00,26.00,0.8648,1,1
302,12,1189.00,413.00,85.00,69.00,0.9220,1,1
302,15,1078.00,89.00,25.00,19.00,0.8358,1,1
302,16,1060.00,163.00,11.00,20.00,0.4294,1,1
302,19,906.00,137.00,21.00,24.00,0.5919,1,1
302,20,1143.00,90.00,21.00,18.00,0.5709,1,1
302,26,1082.00,101.00,20.00,24.00,0.8295,1,1
302,27,929.00,208.00,24.00,15.00,0.2702,1,1
302,29,1087.00,614.00,30.00,42.00,0.8122,1,1
302,30,1187.00,466.00,56.00,53.00,0.6270,1,1
302,31,1118.00,182.00,10.00,22.00,0.8100,1,1
303,1,1257.00,323.00,66.00,63.00,0.9279,1,1
303,2,1139.00,75.00,31.00,19.00,0.7789,1,1
303,4,893.00,116.00,45.00,26.00,0.8647,1,1
303,12,1183.00,415.00,82.00,66.00,0.9322,1,1
303,15,1076.00,89.00,27.00,20.00,0.8420,1,1
303,16,1060.00,162.00,11.00,21.00,0.3693,1,1
303,19,905.00,138.00,23.00,24.00,0.6517,1,1
303,20,1143.00,91.00,21.00,17.00,0.6135,1,1
303,23,1199.00,727.00,32.00,38.00,0.7546,1,1
303,26,1081.00,101.00,22.00,25.00,0.8179,1,1
303,27,930.00,208.00,23.00,15.00,0.2702,1,1
303,29,1087.00,615.00,27.00,39.00,0.5801,1,1
303,30,1181.00,466.00,59.00,53.00,0.5834,1,1
303,31,1118.00,182.00,10.00,22.00,0.8604,1,1
304,1,1257.00,323.00,65.00,63.00,0.9292,1,1
304,2,1138.00,74.00,32.00,20.00,0.7839,1,1
304,4,893.00,116.00,45.00,26.00,0.8638,1,1
304,12,1183.00,415.00,82.00,66.00,0.9323,1,1
304,15,1076.00,89.00,27.00,20.00,0.8403,1,1
304,16,1060.00,162.00,11.00,21.00,0.3636,1,1
304,19,905.00,138.00,22.00,24.00,0.6628,1,1
304,20,1143.00,91.00,21.00,17.00,0.6245,1,1
304,23,1199.00,727.00,32.00,38.00,0.7549,1,1
304,26,1081.00,101.00,22.00,25.00,0.8220,1,1
304,29,1087.00,615.00,27.00,39.00,0.5930,1,1
304,30,1181.00,466.00,59.00,53.00,0.5796,1,1
304,31,1118.00,182.00,10.00,22.00,0.8580,1,1
305,1,1250.00,325.00,69.00,62.00,0.9225,1,1
305,2,1139.00,75.00,31.00,19.00,0.7850,1,1
305,4,893.00,116.00,45.00,26.00,0.8653,1,1
305,12,1167.00,417.00,82.00,66.00,0.9143,1,1
305,15,1077.00,91.00,26.00,20.00,0.8207,1,1
305,16,1059.00,161.00,13.00,22.00,0.4715,1,1
305,18,1254.00,370.00,49.00,46.00,0.4559,1,1
305,19,906.00,138.00,23.00,24.00,0.6314,1,1
305,20,1144.00,90.00,20.00,18.00,0.6211,1,1
305,23,1194.00,730.00,32.00,38.00,0.7549,1,1
305,26,1080.00,104.00,23.00,25.00,0.5763,1,1
305,29,1082.00,616.00,27.00,39.00,0.5930,1,1
305,30,1164.00,470.00,56.00,56.00,0.6958,1,1
305,31,1118.00,182.00,11.00,23.00,0.8392,1,1
306,1,1248.00,326.00,68.00,61.00,0.9040,1,1
306,2,1139.00,74.00,31.00,20.00,0.8065,1,1
306,4,893.00,116.00,45.00,26.00,0.8639,1,1
306,12,1159.00,421.00,82.00,61.00,0.9175,1,1
306,15,1075.00,92.00,28.00,21.00,0.8265,1,1
306,16,1059.00,161.00,13.00,21.00,0.3585,1,1
306,18,1252.00,371.00,48.00,47.00,0.4253,1,1
306,19,906.00,138.00,23.00,24.00,0.6424,1,1
306,20,1143.00,90.00,21.00,17.00,0.6778,1,1
306,23,1121.00,721.00,38.00,43.00,0.5860,1,1
306,26,1078.00,106.00,25.00,26.00,0.6011,1,1
306,30,1154.00,468.00,58.00,58.00,0.5530,1,1
306,31,1119.00,186.00,11.00,24.00,0.7750,1,1
307,1,1245.00,326.00,69.00,61.00,0.9151,1,1
307,2,1139.00,74.00,31.00,20.00,0.8070,1,1
307,4,894.00,116.00,44.00,26.00,0.8641,1,1
307,12,1149.00,424.00,88.00,67.00,0.9188,1,1
307,14,1078.00,108.00,26.00,27.00,0.6801,1,1
307,15,1076.00,93.00,27.00,22.00,0.8386,1,1
307,16,1058.00,160.00,13.00,22.00,0.3585,1,1
307,18,1250.00,372.00,48.00,45.00,0.5974,1,1
307,19,906.00,138.00,23.00,24.00,0.6476,1,1
307,20,1144.00,90.00,20.00,17.00,0.5300,1,1
307,23,1101.00,709.00,45.00,45.00,0.4236,1,1
307,26,1077.00,106.00,26.00,27.00,0.6011,1,1
307,27,944.00,210.00,25.00,17.00,0.3181,1,1
307,30,1144.00,472.00,61.00,60.00,0.7159,1,1
307,31,1121.00,187.00,11.00,24.00,0.7072,1,1
308,1,1244.00,328.00,70.00,58.00,0.9059,1,1
308,2,1139.00,74.00,31.00,20.00,0.7657,1,1
308,4,894.00,116.00,43.00,27.00,0.8633,1,1
308,12,1137.00,427.00,94.00,68.00,0.9183,1,1
308,14,1078.00,109.00,25.00,28.00,0.6801,1,1
308,15,1077.00,95.00,26.00,22.00,0.8071,1,1
308,18,1252.00,372.00,48.00,45.00,0.6080,1,1
308,19,905.00,138.00,24.00,24.00,0.6905,1,1
308,20,1144.00,90.00,20.00,17.00,0.3642,1,1
308,23,1086.00,708.00,47.00,46.00,0.4236,1,1
308,26,1078.00,110.00,26.00,28.00,0.5063,1,1
308,27,945.00,211.00,24.00,18.00,0.4931,1,1
308,29,1231.00,590.00,34.00,35.00,0.7874,1,1
308,30,1137.00,472.00,62.00,64.00,0.4834,1,1
308,31,1121.00,189.00,11.00,23.00,0.6921,1,1
309,1,1242.00,328.00,68.00,57.00,0.9073,1,1
309,2,1139.00,74.00,31.00,20.00,0.7756,1,1
309,4,894.00,116.00,43.00,27.00,0.8641,1,1
309,12,1129.00,430.00,91.00,71.00,0.9039,1,1
309,15,1076.00,97.00,28.00,23.00,0.8110,1,1
309,18,1249.00,371.00,51.00,46.00,0.5944,1,1
309,19,905.00,138.00,24.00,25.00,0.6878,1,1
309,20,1144.00,90.00,20.00,17.00,0.3247,1,1
309,23,1225.00,584.00,34.00,43.00,0.8192,1,1
309,26,1077.00,113.00,27.00,28.00,0.4834,1,1
309,27,944.00,211.00,26.00,19.00,0.6553,1,1
309,29,1243.00,588.00,34.00,35.00,0.7874,1,1
309,30,1125.00,472.00,69.00,70.00,0.5467,1,1
309,31,1121.00,190.00,11.00,24.00,0.7612,1,1
310,1,1242.00,328.00,68.00,57.00,0.9070,1,1
310,2,1139.00,74.00,31.00,20.00,0.7698,1,1
310,4,894.00,116.00,43.00,27.00,0.8652,1,1
310,12,1129.00,430.00,91.00,71.00,0.9027,1,1
310,15,1077.00,97.00,27.00,23.00,0.8105,1,1
310,18,1248.00,371.00,52.00,46.00,0.6002,1,1
310,19,905.00,138.00,24.00,24.00,0.6803,1,1
310,20,1144.00,90.00,20.00,17.00,0.3002,1,1
310,23,1225.00,584.00,34.00,43.00,0.8223,1,1
310,26,1077.00,113.00,27.00,28.00,0.4693,1,1
310,27,944.00,211.00,25.00,19.00,0.6498,1,1
310,30,1125.00,471.00,69.00,72.00,0.5413,1,1
310,31,1121.00,190.00,11.00,24.00,0.7579,1,1
311,1,1238.00,332.00,68.00,54.00,0.8786,1,1
311,2,1138.00,74.00,32.00,20.00,0.7952,1,1
311,4,895.00,117.00,40.00,26.00,0.8758,1,1
311,12,1107.00,432.00,95.00,72.00,0.9132,1,1
311,15,1076.00,100.00,28.00,24.00,0.8176,1,1
311,18,1243.00,372.00,50.00,45.00,0.8096,1,1
311,19,905.00,138.00,23.00,25.00,0.6844,1,1
311,20,1145.00,90.00,19.00,18.00,0.3626,1,1
311,23,1211.00,577.00,38.00,43.00,0.8130,1,1
311,26,1077.00,114.00,27.00,29.00,0.4693,1,1
311,27,943.00,211.00,26.00,19.00,0.5655,1,1
311,30,1108.00,481.00,65.00,63.00,0.7569,1,1
311,31,1121.00,189.00,11.00,25.00,0.7384,1,1
312,1,1236.00,335.00,65.00,51.00,0.8837,1,1
312,2,1138.00,75.00,31.00,19.00,0.7972,1,1
312,4,895.00,117.00,40.00,27.00,0.8738,1,1
312,12,1097.00,432.00,94.00,68.00,0.9217,1,1
312,14,1078.00,116.00,29.00,30.00,0.3143,1,1
312,15,1077.00,101.00,28.00,24.00,0.8321,1,1
312,18,1242.00,372.00,49.00,46.00,0.8159,1,1
312,19,905.00,139.00,24.00,23.00,0.6489,1,1
312,20,1144.00,90.00,20.00,18.00,0.5239,1,1
312,23,1205.00,581.00,34.00,38.00,0.8651,1,1
312,27,941.00,211.00,27.00,19.00,0.4164,1,1
312,30,1097.00,482.00,67.00,61.00,0.7035,1,1
312,31,1121.00,189.00,10.00,25.00,0.6970,1,1
313,1,1231.00,338.00,66.00,49.00,0.8970,1,1
313,2,1138.00,74.00,29.00,19.00,0.8017,1,1
313,4,895.00,118.00,40.00,26.00,0.8723,1,1
313,12,1087.00,432.00,90.00,71.00,0.9180,1,1
313,14,1079.00,118.00,28.00,28.00,0.3775,1,1
313,15,1077.00,103.00,29.00,24.00,0.8236,1,1
313,18,1241.00,373.00,47.00,46.00,0.7743,1,1
313,19,905.00,139.00,24.00,23.00,0.6651,1,1
313,20,1142.00,90.00,20.00,17.00,0.5329,1,1
313,23,1196.00,579.00,36.00,39.00,0.6532,1,1
313,27,940.00,212.00,27.00,18.00,0.3159,1,1
313,29,1015.00,705.00,51.00,38.00,0.5622,1,1
313,30,1085.00,483.00,64.00,61.00,0.7729,1,1
313,31,1121.00,190.00,11.00,23.00,0.5734,1,1
314,1,1227.00,339.00,69.00,50.00,0.9064,1,1
314,2,1137.00,75.00,29.00,19.00,0.7526,1,1
314,4,895.00,119.00,39.00,25.00,0.8612,1,1
314,12,1077.00,432.00,89.00,70.00,0.9432,1,1
314,14,1079.00,119.00,28.00,27.00,0.3714,1,1
314,15,1078.00,104.00,29.00,24.00,0.8591,1,1
314,18,1242.00,374.00,44.00,47.00,0.5125,1,1
314,19,903.00,140.00,26.00,23.00,0.6969,1,1
314,20,1141.00,90.00,20.00,17.00,0.4954,1,1
314,23,1186.00,578.00,37.00,36.00,0.8609,1,1
314,27,941.00,212.00,27.00,18.00,0.3159,1,1
314,29,1006.00,719.00,46.00,37.00,0.6666,1,1
314,30,1075.00,485.00,65.00,60.00,0.6782,1,1
314,31,1121.00,190.00,10.00,23.00,0.5657,1,1
315,1,1224.00,341.00,70.00,52.00,0.9091,1,1
315,2,1137.00,75.00,28.00,19.00,0.7091,1,1
315,4,895.00,119.00,37.00,26.00,0.8619,1,1
315,12,1068.00,432.00,90.00,71.00,0.9483,1,1
315,14,1080.00,120.00,28.00,25.00,0.3269,1,1
315,15,1078.00,104.00,30.00,24.00,0.8605,1,1
315,18,1238.00,378.00,47.00,46.00,0.3996,1,1
315,19,903.00,141.00,25.00,22.00,0.7289,1,1
315,20,1140.00,90.00,20.00,17.00,0.4249,1,1
315,23,1178.00,575.00,35.00,37.00,0.7819,1,1
315,27,935.00,212.00,28.00,16.00,0.3640,1,1
315,29,1005.00,729.00,44.00,40.00,0.9322,1,1
315,30,1065.00,486.00,68.00,58.00,0.6985,1,1
315,31,1121.00,191.00,10.00,23.00,0.5090,1,1
316,1,1224.00,341.00,70.00,52.00,0.9092,1,1
316,2,1137.00,75.00,28.00,20.00,0.6751,1,1
316,4,895.00,119.00,37.00,26.00,0.8617,1,1
316,12,1068.00,432.00,90.00,71.00,0.9479,1,1
316,14,1080.00,121.00,27.00,24.00,0.3084,1,1
316,15,1078.00,105.00,30.00,23.00,0.8614,1,1
316,18,1238.00,378.00,47.00,46.00,0.3965,1,1
316,19,903.00,141.00,25.00,22.00,0.7294,1,1
316,20,1140.00,89.00,20.00,18.00,0.3740,1,1
316,23,1178.00,575.00,35.00,37.00,0.7762,1,1
316,27,936.00,212.00,27.00,16.00,0.3534,1,1
316,29,1005.00,729.00,44.00,40.00,0.9323,1,1
316,30,1066.00,486.00,66.00,58.00,0.6964,1,1
316,31,1121.00,190.00,10.00,24.00,0.4894,1,1
317,1,1212.00,344.00,70.00,52.00,0.8970,1,1
317,2,1136.00,76.00,25.00,19.00,0.7096,1,1
317,4,895.00,119.00,37.00,26.00,0.8574,1,1
317,12,1045.00,433.00,91.00,68.00,0.9579,1,1
317,14,1081.00,122.00,27.00,23.00,0.3223,1,1
317,15,1079.00,104.00,30.00,25.00,0.8426,1,1
317,18,1221.00,382.00,49.00,45.00,0.5905,1,1
317,19,901.00,143.00,26.00,21.00,0.7093,1,1
317,20,1138.00,88.00,20.00,19.00,0.4869,1,1
317,23,1161.00,567.00,37.00,39.00,0.8259,1,1
317,27,935.00,212.00,28.00,16.00,0.3534,1,1
317,29,1013.00,752.00,42.00,43.00,0.7664,1,1
317,30,1045.00,486.00,66.00,60.00,0.6188,1,1
317,31,1121.00,191.00,11.00,23.00,0.4894,1,1
318,1,1206.00,346.00,68.00,51.00,0.9080,1,1
318,2,1135.00,76.00,25.00,20.00,0.6813,1,1
318,4,894.00,120.00,37.00,26.00,0.8516,1,1
318,12,1037.00,433.00,93.00,70.00,0.9444,1,1
318,14,1081.00,123.00,27.00,23.00,0.3223,1,1
318,15,1080.00,105.00,29.00,25.00,0.8501,1,1
318,18,1209.00,381.00,52.00,47.00,0.5882,1,1
318,19,899.00,144.00,26.00,21.00,0.7699,1,1
318,20,1137.00,87.00,20.00,19.00,0.4869,1,1
318,23,1150.00,567.00,33.00,35.00,0.8463,1,1
318,29,1025.00,757.00,42.00,47.00,0.8657,1,1
318,30,1038.00,488.00,69.00,62.00,0.5087,1,1
318,36,1207.00,377.00,41.00,46.00,0.3830,1,1
319,1,1200.00,349.00,68.00,50.00,0.9095,1,1
319,2,1134.00,77.00,24.00,20.00,0.5248,1,1
319,4,894.00,122.00,36.00,26.00,0.8580,1,1
319,12,1026.00,434.00,96.00,71.00,0.9353,1,1
319,15,1081.00,106.00,29.00,27.00,0.8191,1,1
319,18,1215.00,385.00,40.00,46.00,0.6581,1,1
319,19,899.00,145.00,27.00,21.00,0.7607,1,1
319,23,1143.00,563.00,31.00,33.00,0.9001,1,1
319,29,1037.00,766.00,37.00,44.00,0.5076,1,1
319,30,1030.00,495.00,63.00,58.00,0.5804,1,1
319,36,1205.00,378.00,41.00,46.00,0.3830,1,1
320,1,1193.00,352.00,68.00,49.00,0.9051,1,1
320,2,1134.00,77.00,23.00,20.00,0.5248,1,1
320,4,894.00,123.00,35.00,25.00,0.8669,1,1
320,12,1016.00,438.00,98.00,75.00,0.9220,1,1
320,15,1082.00,106.00,29.00,27.00,0.8356,1,1
320,18,1211.00,387.00,39.00,46.00,0.4799,1,1
320,19,898.00,146.00,26.00,21.00,0.8070,1,1
320,23,1133.00,561.00,32.00,31.00,0.7722,1,1
320,29,1050.00,769.00,33.00,44.00,0.7182,1,1
320,30,1018.00,496.00,70.00,58.00,0.6792,1,1
320,36,1200.00,384.00,44.00,49.00,0.3132,1,1
321,1,1183.00,352.00,68.00,51.00,0.8957,1,1
321,4,893.00,123.00,36.00,25.00,0.8630,1,1
321,12,1008.00,443.00,98.00,75.00,0.9502,1,1
321,15,1083.00,106.00,29.00,27.00,0.8499,1,1
321,16,918.00,215.00,28.00,15.00,0.6024,1,1
321,18,1197.00,388.00,44.00,47.00,0.6877,1,1
321,19,898.00,147.00,26.00,21.00,0.8101,1,1
321,23,1124.00,560.00,35.00,31.00,0.6027,1,1
321,27,899.00,227.00,27.00,16.00,0.3611,1,1
321,29,1065.00,772.00,31.00,46.00,0.8255,1,1
321,30,1012.00,500.00,67.00,58.00,0.6353,1,1
321,36,1183.00,385.00,50.00,50.00,0.5021,1,1
322,1,1183.00,352.00,68.00,51.00,0.8944,1,1
322,4,893.00,123.00,36.00,25.00,0.8622,1,1
322,12,1008.00,443.00,98.00,75.00,0.9500,1,1
322,15,1082.00,106.00,30.00,27.00,0.8555,1,1
322,16,918.00,215.00,28.00,15.00,0.6102,1,1
322,18,1197.00,388.00,44.00,47.00,0.6819,1,1
322,19,898.00,147.00,26.00,21.00,0.8093,1,1
322,23,1124.00,560.00,34.00,32.00,0.6334,1,1
322,27,899.00,227.00,26.00,16.00,0.3714,1,1
322,29,1065.00,772.00,31.00,46.00,0.8252,1,1
322,30,1012.00,499.00,67.00,59.00,0.6350,1,1
322,36,1184.00,385.00,50.00,50.00,0.4851,1,1
322,38,923.00,662.00,25.00,36.00,0.8212,1,1
323,1,1168.00,351.00,66.00,52.00,0.8878,1,1
323,4,891.00,127.00,36.00,23.00,0.8184,1,1
323,12,987.00,447.00,100.00,76.00,0.9396,1,1
323,15,1085.00,108.00,31.00,26.00,0.8468,1,1
323,16,911.00,218.00,28.00,15.00,0.6102,1,1
323,18,1166.00,386.00,54.00,47.00,0.6496,1,1
323,19,897.00,148.00,27.00,21.00,0.7038,1,1
323,23,1113.00,552.00,36.00,33.00,0.3603,1,1
323,27,896.00,229.00,26.00,15.00,0.3714,1,1
323,29,1088.00,773.00,29.00,40.00,0.7946,1,1
323,30,989.00,509.00,69.00,57.00,0.7749,1,1
323,36,1179.00,386.00,51.00,51.00,0.4851,1,1
323,38,891.00,673.00,28.00,41.00,0.7893,1,1
324,1,1158.00,351.00,68.00,53.00,0.9108,1,1
324,4,891.00,128.00,35.00,25.00,0.8470,1,1
324,12,976.00,451.00,102.00,78.00,0.9354,1,1
324,15,1086.00,109.00,31.00,26.00,0.8339,1,1
324,18,1159.00,385.00,51.00,49.00,0.3483,1,1
324,19,895.00,150.00,26.00,23.00,0.5041,1,1
324,23,1108.00,548.00,36.00,32.00,0.3603,1,1
324,26,884.00,242.00,27.00,24.00,0.4234,1,1
324,29,1094.00,770.00,29.00,37.00,0.5545,1,1
324,30,981.00,513.00,69.00,56.00,0.7875,1,1
324,31,888.00,245.00,25.00,23.00,0.3797,1,1
324,38,873.00,681.00,29.00,43.00,0.8600,1,1
325,1,1149.00,351.00,66.00,50.00,0.9121,1,1
325,4,890.00,129.00,35.00,25.00,0.8639,1,1
325,12,966.00,456.00,104.00,79.00,0.9322,1,1
325,15,1089.00,110.00,29.00,25.00,0.7358,1,1
325,18,1150.00,387.00,56.00,47.00,0.6608,1,1
325,19,894.00,152.00,26.00,23.00,0.3598,1,1
325,26,872.00,250.00,27.00,23.00,0.4234,1,1
325,29,1097.00,768.00,30.00,35.00,0.5348,1,1
325,30,968.00,523.00,69.00,56.00,0.7403,1,1
325,31,876.00,248.00,21.00,22.00,0.5269,1,1
325,38,860.00,688.00,29.00,45.00,0.8366,1,1
326,1,1137.00,350.00,71.00,50.00,0.9034,1,1
326,2,1119.00,100.00,25.00,24.00,0.5357,1,1
326,4,889.00,131.00,36.00,24.00,0.8657,1,1
326,12,954.00,462.00,105.00,77.00,0.9476,1,1
326,15,1091.00,110.00,30.00,25.00,0.7024,1,1
326,18,1132.00,386.00,54.00,49.00,0.6225,1,1
326,19,893.00,152.00,26.00,24.00,0.3385,1,1
326,23,1103.00,556.00,34.00,34.00,0.7059,1,1
326,26,867.00,246.00,21.00,25.00,0.4708,1,1
326,29,1099.00,763.00,27.00,37.00,0.6362,1,1
326,30,959.00,527.00,70.00,55.00,0.7753,1,1
326,31,858.00,253.00,22.00,21.00,0.5269,1,1
326,38,843.00,698.00,31.00,42.00,0.8600,1,1
327,1,1133.00,349.00,67.00,50.00,0.9054,1,1
327,2,1119.00,100.00,25.00,28.00,0.7349,1,1
327,4,888.00,133.00,37.00,25.00,0.8731,1,1
327,12,943.00,467.00,106.00,79.00,0.9355,1,1
327,14,1094.00,108.00,41.00,26.00,0.6354,1,1
327,15,1093.00,111.00,30.00,24.00,0.6889,1,1
327,18,1129.00,384.00,59.00,50.00,0.8046,1,1
327,19,892.00,156.00,26.00,21.00,0.3837,1,1
327,23,1098.00,561.00,35.00,37.00,0.9028,1,1
327,26,866.00,252.00,20.00,27.00,0.4286,1,1
327,29,1098.00,759.00,30.00,39.00,0.7835,1,1
327,30,946.00,529.00,75.00,57.00,0.7686,1,1
327,38,829.00,706.00,34.00,45.00,0.8707,1,1
328,1,1133.00,349.00,67.00,50.00,0.9089,1,1
328,2,1119.00,100.00,25.00,28.00,0.7452,1,1
328,4,888.00,133.00,37.00,25.00,0.8707,1,1
328,12,943.00,467.00,106.00,79.00,0.9344,1,1
328,14,1097.00,108.00,40.00,25.00,0.6124,1,1
328,15,1093.00,111.00,30.00,24.00,0.6494,1,1
328,18,1129.00,384.00,59.00,50.00,0.8072,1,1
328,19,892.00,156.00,26.00,21.00,0.4523,1,1
328,23,1098.00,561.00,35.00,37.00,0.9045,1,1
328,26,866.00,252.00,19.00,26.00,0.4539,1,1
328,29,1098.00,760.00,30.00,38.00,0.7852,1,1
328,30,947.00,530.00,75.00,56.00,0.7632,1,1
328,38,829.00,706.00,34.00,45.00,0.8671,1,1
329,1,1119.00,347.00,71.00,49.00,0.8806,1,1
329,2,1120.00,104.00,20.00,29.00,0.5757,1,1
329,4,886.00,139.00,36.00,25.00,0.8772,1,1
329,12,924.00,474.00,105.00,82.00,0.9358,1,1
329,14,1108.00,104.00,32.00,28.00,0.6193,1,1
329,15,1098.00,107.00,39.00,27.00,0.8437,1,1
329,18,1117.00,380.00,55.00,50.00,0.7205,1,1
329,19,891.00,157.00,27.00,21.00,0.4523,1,1
329,23,1093.00,572.00,36.00,39.00,0.8806,1,1
329,26,858.00,258.00,19.00,27.00,0.4539,1,1
329,29,1086.00,749.00,40.00,44.00,0.3393,1,1
329,30,928.00,542.00,72.00,56.00,0.6861,1,1
329,36,1116.00,485.00,17.00,33.00,0.3559,1,1
329,38,810.00,718.00,31.00,44.00,0.8596,1,1
330,1,1112.00,347.00,73.00,48.00,0.9076,1,1
330,2,1120.00,106.00,19.00,29.00,0.5757,1,1
330,4,885.00,142.00,36.00,26.00,0.8652,1,1
330,12,913.00,478.00,108.00,84.00,0.9199,1,1
330,14,1098.00,106.00,40.00,29.00,0.8267,1,1
330,15,1099.00,108.00,40.00,26.00,0.8437,1,1
330,18,1112.00,380.00,58.00,51.00,0.4978,1,1
330,19,889.00,164.00,25.00,22.00,0.3782,1,1
330,23,1092.00,577.00,36.00,41.00,0.8860,1,1
330,29,1076.00,755.00,47.00,41.00,0.6376,1,1
330,30,916.00,544.00,75.00,57.00,0.7139,1,1
330,36,1107.00,496.00,15.00,31.00,0.3559,1,1
330,38,803.00,723.00,31.00,43.00,0.8724,1,1
331,1,1107.00,348.00,73.00,48.00,0.8960,1,1
331,2,1100.00,106.00,39.00,30.00,0.8506,1,1
331,4,884.00,143.00,36.00,27.00,0.8652,1,1
331,12,902.00,482.00,110.00,87.00,0.9292,1,1
331,14,1099.00,106.00,41.00,29.00,0.8267,1,1
331,18,1106.00,382.00,65.00,50.00,0.3853,1,1
331,19,887.00,166.00,23.00,23.00,0.3385,1,1
331,23,1090.00,590.00,34.00,40.00,0.8568,1,1
331,29,1076.00,757.00,48.00,41.00,0.6376,1,1
331,30,906.00,548.00,76.00,61.00,0.5891,1,1
331,38,798.00,725.00,31.00,46.00,0.8309,1,1
332,1,1103.00,348.00,71.00,48.00,0.8679,1,1
332,2,1101.00,106.00,38.00,30.00,0.8516,1,1
332,4,884.00,146.00,37.00,27.00,0.8552,1,1
332,12,894.00,485.00,108.00,89.00,0.9393,1,1
332,18,1100.00,383.00,65.00,50.00,0.5184,1,1
332,19,887.00,170.00,26.00,20.00,0.5174,1,1
332,23,1088.00,593.00,36.00,45.00,0.8734,1,1
332,27,1136.00,199.00,14.00,23.00,0.3102,1,1
332,29,1044.00,763.00,37.00,51.00,0.4458,1,1
332,30,898.00,557.00,73.00,56.00,0.7118,1,1
332,38,794.00,726.00,32.00,46.00,0.7706,1,1
333,1,1099.00,347.00,71.00,49.00,0.8926,1,1
333,2,1098.00,107.00,41.00,32.00,0.8516,1,1
333,4,883.00,149.00,38.00,26.00,0.8478,1,1
333,12,882.00,490.00,111.00,88.00,0.9420,1,1
333,14,1108.00,106.00,32.00,30.00,0.8513,1,1
333,18,1094.00,381.00,63.00,50.00,0.6165,1,1
333,19,890.00,173.00,25.00,20.00,0.3008,1,1
333,23,1087.00,603.00,35.00,44.00,0.8821,1,1
333,27,1137.00,199.00,14.00,22.00,0.3446,1,1
333,29,1031.00,778.00,32.00,49.00,0.5958,1,1
333,30,888.00,561.00,76.00,54.00,0.7422,1,1
333,38,791.00,731.00,30.00,43.00,0.9019,1,1
334,1,1099.00,347.00,71.00,49.00,0.8900,1,1
334,4,883.00,149.00,38.00,26.00,0.8483,1,1
334,12,882.00,490.00,111.00,88.00,0.9417,1,1
334,14,1108.00,106.00,32.00,30.00,0.8534,1,1
334,18,1094.00,381.00,63.00,50.00,0.6224,1,1
334,19,890.00,173.00,25.00,19.00,0.2837,1,1
334,23,1087.00,603.00,35.00,44.00,0.8767,1,1
334,27,1137.00,200.00,14.00,21.00,0.3534,1,1
334,29,1031.00,778.00,32.00,49.00,0.5966,1,1
334,30,888.00,561.00,76.00,54.00,0.7446,1,1
334,38,791.00,731.00,30.00,44.00,0.8983,1,1
335,1,1087.00,347.00,70.00,51.00,0.9113,1,1
335,4,882.00,158.00,39.00,25.00,0.8335,1,1
335,12,861.00,496.00,113.00,92.00,0.9322,1,1
335,14,1110.00,105.00,31.00,31.00,0.8534,1,1
335,15,1113.00,105.00,31.00,30.00,0.8823,1,1
335,16,1142.00,205.00,12.00,18.00,0.3959,1,1
335,18,1085.00,383.00,55.00,48.00,0.6384,1,1
335,19,890.00,175.00,24.00,19.00,0.2837,1,1
335,23,1091.00,616.00,35.00,45.00,0.7143,1,1
335,27,1151.00,199.00,14.00,21.00,0.3534,1,1
335,29,989.00,809.00,33.00,50.00,0.7223,1,1
335,30,866.00,567.00,80.00,55.00,0.4832,1,1
335,31,859.00,254.00,16.00,22.00,0.2808,1,1
335,38,779.00,733.00,30.00,47.00,0.8554,1,1
336,1,1079.00,347.00,72.00,51.00,0.9314,1,1
336,4,884.00,161.00,37.00,25.00,0.8230,1,1
336,12,853.00,497.00,113.00,94.00,0.9382,1,1
336,15,1115.00,104.00,31.00,30.00,0.8811,1,1
336,16,1156.00,205.00,11.00,18.00,0.3959,1,1
336,18,1076.00,380.00,59.00,51.00,0.6377,1,1
336,20,1118.00,130.00,24.00,21.00,0.3492,1,1
336,23,1094.00,621.00,34.00,44.00,0.6510,1,1
336,27,1144.00,202.00,12.00,20.00,0.3727,1,1
336,29,962.00,832.00,34.00,46.00,0.7359,1,1
336,30,858.00,572.00,78.00,56.00,0.3391,1,1
336,31,859.00,255.00,15.00,22.00,0.3101,1,1
336,38,773.00,731.00,28.00,48.00,0.6585,1,1
337,1,1075.00,346.00,69.00,54.00,0.9305,1,1
337,4,885.00,164.00,36.00,26.00,0.8577,1,1
337,12,841.00,498.00,115.00,97.00,0.9197,1,1
337,14,1118.00,109.00,30.00,25.00,0.8561,1,1
337,15,1117.00,104.00,31.00,30.00,0.8811,1,1
337,18,1069.00,381.00,59.00,54.00,0.8227,1,1
337,20,1120.00,130.00,25.00,22.00,0.6888,1,1
337,23,1101.00,622.00,32.00,46.00,0.6993,1,1
337,27,1145.00,201.00,13.00,20.00,0.2958,1,1
337,29,934.00,844.00,31.00,49.00,0.8211,1,1
337,30,844.00,574.00,84.00,57.00,0.4429,1,1
337,31,854.00,256.00,16.00,22.00,0.3101,1,1
337,38,767.00,728.00,30.00,47.00,0.8625,1,1
338,1,1065.00,350.00,71.00,50.00,0.9199,1,1
338,4,884.00,167.00,37.00,29.00,0.8827,1,1
338,12,829.00,502.00,118.00,100.00,0.9205,1,1
338,14,1119.00,110.00,31.00,24.00,0.8280,1,1
338,16,1147.00,208.00,11.00,19.00,0.4771,1,1
338,18,1065.00,387.00,63.00,50.00,0.6904,1,1
338,20,1121.00,131.00,25.00,23.00,0.7460,1,1
338,23,1101.00,632.00,30.00,45.00,0.3222,1,1
338,27,1156.00,200.00,12.00,21.00,0.2958,1,1
338,29,901.00,856.00,34.00,44.00,0.8833,1,1
338,30,833.00,578.00,86.00,57.00,0.4429,1,1
338,38,759.00,728.00,31.00,41.00,0.7116,1,1
339,1,1058.00,352.00,68.00,50.00,0.9079,1,1
339,4,883.00,171.00,38.00,28.00,0.8365,1,1
339,12,816.00,510.00,121.00,98.00,0.9395,1,1
339,14,1120.00,110.00,31.00,25.00,0.8254,1,1
339,16,1157.00,209.00,12.00,18.00,0.4771,1,1
339,18,1058.00,390.00,64.00,48.00,0.2939,1,1
339,20,1122.00,132.00,24.00,22.00,0.6793,1,1
339,23,1100.00,631.00,31.00,42.00,0.2997,1,1
339,26,1040.00,490.00,25.00,28.00,0.5108,1,1
339,27,1146.00,200.00,13.00,22.00,0.2666,1,1
339,29,869.00,869.00,38.00,49.00,0.8136,1,1
339,30,820.00,584.00,87.00,56.00,0.5261,1,1
339,38,755.00,727.00,28.00,39.00,0.5658,1,1
340,1,1058.00,352.00,68.00,51.00,0.9089,1,1
340,4,883.00,171.00,38.00,28.00,0.8348,1,1
340,12,816.00,510.00,121.00,98.00,0.9393,1,1
340,14,1120.00,110.00,31.00,25.00,0.8222,1,1
340,18,1059.00,391.00,62.00,47.00,0.2766,1,1
340,20,1122.00,132.00,24.00,22.00,0.6910,1,1
340,23,1099.00,634.00,32.00,43.00,0.2997,1,1
340,26,1040.00,489.00,25.00,29.00,0.3922,1,1
340,27,1146.00,200.00,13.00,22.00,0.2640,1,1
340,29,869.00,869.00,38.00,49.00,0.8089,1,1
340,30,820.00,584.00,87.00,56.00,0.5239,1,1
340,38,755.00,728.00,28.00,38.00,0.5674,1,1
341,1,1045.00,356.00,71.00,52.00,0.9117,1,1
341,2,1116.00,89.00,27.00,20.00,0.3507,1,1
341,4,883.00,175.00,38.00,31.00,0.8563,1,1
341,12,790.00,518.00,118.00,99.00,0.9429,1,1
341,14,1122.00,111.00,31.00,23.00,0.8409,1,1
341,18,1046.00,391.00,61.00,51.00,0.4687,1,1
341,20,1124.00,131.00,25.00,25.00,0.4860,1,1
341,26,1032.00,483.00,23.00,35.00,0.6305,1,1
341,27,1150.00,206.00,12.00,24.00,0.2945,1,1
341,29,852.00,877.00,40.00,50.00,0.8089,1,1
341,30,797.00,595.00,85.00,59.00,0.3492,1,1
341,36,824.00,845.00,34.00,36.00,0.4266,1,1
341,38,748.00,729.00,29.00,38.00,0.5674,1,1
342,1,1037.00,357.00,73.00,52.00,0.9069,1,1
342,2,1117.00,88.00,27.00,20.00,0.5404,1,1
342,4,884.00,179.00,37.00,32.00,0.8432,1,1
342,12,780.00,521.00,116.00,98.00,0.9407,1,1
342,14,1123.00,111.00,30.00,24.00,0.8561,1,1
342,18,1039.00,392.00,51.00,52.00,0.4000,1,1
342,20,1124.00,131.00,25.00,25.00,0.5295,1,1
342,26,1040.00,498.00,23.00,35.00,0.6305,1,1
342,27,1150.00,207.00,13.00,24.00,0.4819,1,1
342,29,784.00,853.00,38.00,43.00,0.3122,1,1
342,30,786.00,599.00,86.00,60.00,0.3492,1,1
342,36,795.00,853.00,29.00,35.00,0.6810,1,1
343,1,1032.00,358.00,70.00,53.00,0.8924,1,1
343,2,1118.00,87.00,27.00,20.00,0.3669,1,1
343,4,884.00,182.00,38.00,32.00,0.8487,1,1
343,12,765.00,526.00,118.00,97.00,0.9164,1,1
343,14,1124.00,111.00,29.00,24.00,0.8458,1,1
343,18,1032.00,395.00,50.00,49.00,0.2853,1,1
343,20,1124.00,132.00,25.00,26.00,0.5295,1,1
343,27,1156.00,208.00,13.00,24.00,0.4819,1,1
343,29,749.00,861.00,43.00,56.00,0.2900,1,1
343,36,776.00,848.00,34.00,32.00,0.3595,1,1
344,1,1025.00,359.00,71.00,54.00,0.9058,1,1
344,2,1118.00,86.00,27.00,20.00,0.3669,1,1
344,4,880.00,185.00,43.00,34.00,0.8809,1,1
344,12,753.00,530.00,114.00,100.00,0.9205,1,1
344,14,1125.00,111.00,29.00,24.00,0.8724,1,1
344,18,1025.00,395.00,50.00,50.00,0.2853,1,1
344,20,1125.00,131.00,26.00,25.00,0.4318,1,1
344,23,1065.00,640.00,31.00,33.00,0.2614,1,1
344,27,1152.00,206.00,14.00,24.00,0.3727,1,1
344,29,725.00,859.00,49.00,63.00,0.4260,1,1
344,36,753.00,871.00,36.00,31.00,0.3595,1,1
345,1,1020.00,359.00,71.00,54.00,0.9214,1,1
345,4,881.00,187.00,43.00,34.00,0.8766,1,1
345,12,737.00,532.00,115.00,99.00,0.9334,1,1
345,14,1124.00,112.00,31.00,23.00,0.8675,1,1
345,20,1125.00,132.00,26.00,25.00,0.4677,1,1
345,23,1052.00,641.00,31.00,36.00,0.7197,1,1
345,27,1157.00,206.00,14.00,25.00,0.3727,1,1
345,29,717.00,859.00,43.00,54.00,0.7030,1,1
346,1,1020.00,359.00,71.00,54.00,0.9223,1,1
346,2,1119.00,82.00,26.00,21.00,0.2580,1,1
346,4,881.00,187.00,43.00,34.00,0.8762,1,1
346,12,737.00,532.00,115.00,99.00,0.9331,1,1
346,14,1124.00,112.00,31.00,23.00,0.8643,1,1
346,20,1125.00,132.00,26.00,25.00,0.4494,1,1
346,23,1052.00,641.00,31.00,36.00,0.7269,1,1
346,29,717.00,859.00,42.00,54.00,0.7091,1,1
347,1,1003.00,358.00,76.00,55.00,0.9032,1,1
347,2,1120.00,80.00,31.00,19.00,0.3875,1,1
347,4,882.00,191.00,44.00,36.00,0.7905,1,1
347,12,709.00,533.00,116.00,100.00,0.9357,1,1
347,14,1125.00,112.00,30.00,24.00,0.8694,1,1
347,18,1001.00,386.00,40.00,46.00,0.2755,1,1
347,20,1125.00,131.00,27.00,27.00,0.4819,1,1
347,23,1024.00,636.00,33.00,38.00,0.5799,1,1
347,26,1002.00,400.00,63.00,43.00,0.3148,1,1
347,29,698.00,862.00,43.00,55.00,0.7091,1,1
347,30,999.00,395.00,53.00,49.00,0.4242,1,1
347,36,685.00,871.00,45.00,36.00,0.2531,1,1
347,38,674.00,873.00,55.00,38.00,0.3544,1,1
348,1,997.00,359.00,74.00,53.00,0.9043,1,1
348,2,1121.00,79.00,31.00,20.00,0.4399,1,1
348,4,884.00,193.00,43.00,37.00,0.8152,1,1
348,12,695.00,534.00,115.00,102.00,0.9352,1,1
348,14,1126.00,113.00,30.00,24.00,0.8791,1,1
348,18,997.00,398.00,58.00,45.00,0.5196,1,1
348,20,1126.00,132.00,27.00,28.00,0.7317,1,1
348,23,1016.00,638.00,34.00,37.00,0.5799,1,1
348,26,1003.00,403.00,68.00,44.00,0.3148,1,1
348,30,1013.00,380.00,51.00,48.00,0.4242,1,1
348,36,677.00,878.00,54.00,34.00,0.6839,1,1
348,38,665.00,886.00,56.00,37.00,0.3544,1,1
349,1,992.00,358.00,73.00,54.00,0.9109,1,1
349,2,1122.00,79.00,33.00,21.00,0.4415,1,1
349,4,888.00,195.00,39.00,37.00,0.8331,1,1
349,12,681.00,538.00,116.00,101.00,0.9311,1,1
349,14,1126.00,113.00,30.00,24.00,0.8762,1,1
349,18,998.00,400.00,54.00,42.00,0.4772,1,1
349,20,1127.00,132.00,26.00,28.00,0.7135,1,1
349,23,990.00,625.00,37.00,42.00,0.3919,1,1
349,29,683.00,611.00,81.00,53.00,0.2890,1,1
349,36,657.00,894.00,56.00,34.00,0.6839,1,1
350,1,984.00,356.00,75.00,55.00,0.9305,1,1
350,2,1123.00,77.00,34.00,21.00,0.6649,1,1
350,4,889.00,197.00,40.00,36.00,0.8331,1,1
350,12,667.00,541.00,117.00,102.00,0.9265,1,1
350,14,1126.00,113.00,30.00,24.00,0.8751,1,1
350,18,982.00,391.00,48.00,43.00,0.2532,1,1
350,20,1127.00,132.00,27.00,28.00,0.7278,1,1
350,23,976.00,624.00,33.00,38.00,0.7980,1,1
350,29,667.00,588.00,86.00,53.00,0.2890,1,1
350,30,982.00,396.00,55.00,46.00,0.3829,1,1
350,36,700.00,891.00,37.00,34.00,0.8454,1,1
351,1,976.00,354.00,76.00,55.00,0.9100,1,1
351,2,1124.00,76.00,34.00,21.00,0.7257,1,1
351,4,888.00,197.00,42.00,37.00,0.8399,1,1
351,12,655.00,544.00,120.00,101.00,0.9307,1,1
351,14,1126.00,113.00,31.00,24.00,0.8816,1,1
351,18,975.00,391.00,46.00,49.00,0.6985,1,1
351,20,1127.00,132.00,27.00,27.00,0.7767,1,1
351,23,968.00,614.00,32.00,42.00,0.7735,1,1
351,30,991.00,389.00,55.00,45.00,0.3829,1,1
351,36,688.00,905.00,37.00,35.00,0.8454,1,1
351,38,708.00,900.00,36.00,39.00,0.5426,1,1
352,1,976.00,354.00,76.00,55.00,0.9104,1,1
352,2,1124.00,76.00,33.00,21.00,0.7250,1,1
352,4,890.00,197.00,41.00,37.00,0.8461,1,1
352,12,655.00,544.00,120.00,101.00,0.9309,1,1
352,14,1126.00,113.00,31.00,25.00,0.8820,1,1
352,18,975.00,391.00,46.00,49.00,0.6950,1,1
352,20,1127.00,132.00,27.00,27.00,0.7739,1,1
352,23,968.00,614.00,32.00,42.00,0.7684,1,1
352,38,708.00,900.00,36.00,39.00,0.5263,1,1
353,1,964.00,353.00,76.00,53.00,0.9007,1,1
353,2,1126.00,77.00,32.00,21.00,0.7524,1,1
353,4,893.00,200.00,39.00,39.00,0.8549,1,1
353,12,634.00,551.00,119.00,98.00,0.9394,1,1
353,14,1127.00,114.00,30.00,24.00,0.8585,1,1
353,18,962.00,389.00,47.00,48.00,0.8224,1,1
353,20,1128.00,132.00,26.00,28.00,0.7518,1,1
353,23,944.00,606.00,32.00,33.00,0.8666,1,1
353,36,636.00,770.00,25.00,39.00,0.5829,1,1
353,38,706.00,910.00,36.00,38.00,0.5263,1,1
354,1,959.00,352.00,73.00,53.00,0.9061,1,1
354,2,1126.00,77.00,32.00,21.00,0.7087,1,1
354,4,893.00,201.00,40.00,38.00,0.8568,1,1
354,12,623.00,555.00,120.00,102.00,0.9169,1,1
354,14,1127.00,114.00,30.00,24.00,0.8513,1,1
354,18,956.00,386.00,47.00,50.00,0.6146,1,1
354,20,1129.00,132.00,25.00,28.00,0.7702,1,1
354,23,933.00,603.00,33.00,34.00,0.8666,1,1
354,36,619.00,779.00,30.00,36.00,0.2612,1,1
355,1,952.00,351.00,74.00,51.00,0.9040,1,1
355,2,1127.00,77.00,31.00,21.00,0.6972,1,1
355,4,893.00,201.00,41.00,38.00,0.8577,1,1
355,12,613.00,559.00,122.00,101.00,0.9084,1,1
355,14,1127.00,114.00,30.00,25.00,0.8563,1,1
355,16,1162.00,217.00,11.00,27.00,0.2674,1,1
355,18,947.00,385.00,49.00,51.00,0.5774,1,1
355,20,1130.00,131.00,24.00,29.00,0.7473,1,1
355,23,918.00,601.00,40.00,38.00,0.7510,1,1
355,36,606.00,784.00,27.00,40.00,0.7446,1,1
356,1,945.00,347.00,74.00,54.00,0.8881,1,1
356,2,1128.00,77.00,30.00,22.00,0.6249,1,1
356,4,894.00,200.00,41.00,39.00,0.8499,1,1
356,12,602.00,564.00,123.00,103.00,0.9289,1,1
356,14,1128.00,113.00,30.00,25.00,0.8510,1,1
356,16,1163.00,218.00,12.00,27.00,0.2674,1,1
356,18,943.00,382.00,46.00,51.00,0.6504,1,1
356,20,1130.00,132.00,25.00,29.00,0.7701,1,1
356,23,912.00,594.00,40.00,42.00,0.8262,1,1
356,31,1163.00,220.00,12.00,26.00,0.5935,1,1
356,36,593.00,790.00,28.00,41.00,0.6683,1,1
356,38,780.00,901.00,41.00,48.00,0.3850,1,1
357,1,939.00,346.00,74.00,51.00,0.8983,1,1
357,2,1128.00,77.00,30.00,23.00,0.6545,1,1
357,4,894.00,201.00,42.00,38.00,0.8168,1,1
357,12,592.00,570.00,124.00,102.00,0.9408,1,1
357,14,1127.00,113.00,31.00,24.00,0.8410,1,1
357,18,938.00,378.00,50.00,54.00,0.6882,1,1
357,20,1130.00,131.00,25.00,29.00,0.7181,1,1
357,23,905.00,591.00,41.00,42.00,0.8352,1,1
357,31,1162.00,221.00,12.00,26.00,0.4502,1,1
357,36,582.00,798.00,28.00,41.00,0.7691,1,1
357,38,789.00,897.00,43.00,45.00,0.8972,1,1
358,1,939.00,346.00,74.00,52.00,0.9008,1,1
358,2,1128.00,77.00,30.00,23.00,0.6274,1,1
358,4,894.00,201.00,42.00,38.00,0.8096,1,1
358,12,592.00,570.00,124.00,102.00,0.9406,1,1
358,14,1127.00,114.00,31.00,24.00,0.8480,1,1
358,18,938.00,378.00,50.00,54.00,0.6727,1,1
358,20,1130.00,130.00,24.00,30.00,0.7776,1,1
358,23,905.00,591.00,41.00,42.00,0.8357,1,1
358,31,1163.00,222.00,11.00,26.00,0.4545,1,1
358,36,582.00,798.00,28.00,40.00,0.7683,1,1
358,38,790.00,897.00,42.00,45.00,0.8999,1,1
359,1,927.00,339.00,76.00,51.00,0.9018,1,1
359,2,1129.00,78.00,30.00,24.00,0.7696,1,1
359,4,895.00,202.00,43.00,39.00,0.7775,1,1
359,12,577.00,584.00,124.00,101.00,0.9138,1,1
359,14,1126.00,113.00,30.00,25.00,0.8155,1,1
359,18,932.00,376.00,54.00,53.00,0.2577,1,1
359,20,1131.00,130.00,22.00,30.00,0.8079,1,1
359,23,896.00,590.00,34.00,40.00,0.7128,1,1
359,27,1164.00,221.00,12.00,25.00,0.7105,1,1
359,31,1176.00,221.00,11.00,26.00,0.4545,1,1
359,36,562.00,811.00,28.00,39.00,0.3102,1,1
359,38,793.00,893.00,45.00,43.00,0.8427,1,1
360,1,924.00,335.00,76.00,53.00,0.9075,1,1
360,2,1129.00,78.00,30.00,24.00,0.7803,1,1
360,4,896.00,202.00,43.00,40.00,0.8111,1,1
360,12,572.00,592.00,124.00,102.00,0.9149,1,1
360,14,1125.00,114.00,31.00,24.00,0.8036,1,1
360,18,926.00,374.00,56.00,54.00,0.2577,1,1
360,20,1130.00,132.00,24.00,29.00,0.8346,1,1
360,23,892.00,588.00,34.00,39.00,0.7410,1,1
360,27,1164.00,221.00,12.00,24.00,0.5620,1,1
360,36,548.00,814.00,29.00,39.00,0.3102,1,1
360,38,792.00,893.00,44.00,44.00,0.6815,1,1
361,1,916.00,330.00,83.00,55.00,0.9050,1,1
361,2,1129.00,77.00,31.00,25.00,0.7984,1,1
361,4,897.00,203.00,42.00,39.00,0.8449,1,1
361,12,563.00,599.00,129.00,102.00,0.9233,1,1
361,14,1125.00,113.00,31.00,24.00,0.7099,1,1
361,19,1128.00,128.00,25.00,31.00,0.2569,1,1
361,20,1130.00,133.00,24.00,28.00,0.8279,1,1
361,23,889.00,588.00,34.00,39.00,0.7912,1,1
361,27,1165.00,222.00,13.00,24.00,0.5620,1,1
361,38,790.00,893.00,42.00,44.00,0.6316,1,1
362,1,913.00,326.00,81.00,55.00,0.9048,1,1
362,2,1130.00,77.00,30.00,26.00,0.8209,1,1
362,4,898.00,203.00,42.00,39.00,0.8543,1,1
362,12,558.00,604.00,125.00,101.00,0.9261,1,1
362,14,1124.00,114.00,32.00,24.00,0.7602,1,1
362,19,1138.00,125.00,24.00,32.00,0.2569,1,1
362,20,1130.00,133.00,23.00,27.00,0.8457,1,1
362,23,890.00,588.00,38.00,40.00,0.5680,1,1
362,27,1166.00,223.00,11.00,24.00,0.2987,1,1
362,38,782.00,900.00,43.00,43.00,0.4420,1,1
363,1,910.00,324.00,86.00,55.00,0.8954,1,1
363,2,1129.00,78.00,31.00,25.00,0.8167,1,1
363,4,899.00,203.00,42.00,39.00,0.8601,1,1
363,12,556.00,610.00,121.00,104.00,0.8976,1,1
363,14,1124.00,114.00,32.00,24.00,0.7760,1,1
363,20,1130.00,133.00,23.00,27.00,0.8224,1,1
363,23,889.00,590.00,40.00,41.00,0.3122,1,1
363,27,1167.00,224.00,11.00,24.00,0.2987,1,1
363,31,1168.00,225.00,12.00,24.00,0.7074,1,1
363,38,773.00,907.00,43.00,43.00,0.5166,1,1
364,1,910.00,324.00,87.00,55.00,0.8966,1,1
364,2,1129.00,78.00,31.00,26.00,0.8171,1,1
364,4,900.00,203.00,41.00,39.00,0.8655,1,1
364,12,556.00,610.00,120.00,104.00,0.8978,1,1
364,14,1124.00,114.00,32.00,24.00,0.7762,1,1
364,20,1130.00,133.00,23.00,27.00,0.8275,1,1
364,23,889.00,590.00,40.00,41.00,0.2762,1,1
364,31,1168.00,225.00,12.00,24.00,0.7203,1,1
364,38,773.00,907.00,43.00,43.00,0.5123,1,1
365,1,904.00,318.00,74.00,58.00,0.9005,1,1
365,2,1129.00,78.00,31.00,28.00,0.8043,1,1
365,4,901.00,203.00,41.00,40.00,0.8486,1,1
365,12,538.00,621.00,127.00,102.00,0.8903,1,1
365,14,1123.00,116.00,33.00,23.00,0.7562,1,1
365,20,1130.00,133.00,24.00,28.00,0.8622,1,1
365,23,899.00,600.00,37.00,43.00,0.4384,1,1
365,31,1167.00,219.00,13.00,26.00,0.7946,1,1
365,38,774.00,910.00,43.00,43.00,0.5123,1,1
366,1,899.00,316.00,71.00,59.00,0.8968,1,1
366,2,1129.00,78.00,31.00,27.00,0.7981,1,1
366,4,902.00,203.00,40.00,40.00,0.8610,1,1
366,12,531.00,625.00,128.00,104.00,0.9175,1,1
366,14,1123.00,116.00,33.00,23.00,0.7569,1,1
366,20,1130.00,134.00,23.00,27.00,0.8838,1,1
366,23,910.00,599.00,33.00,46.00,0.8894,1,1
366,27,1167.00,219.00,14.00,25.00,0.8340,1,1
366,29,531.00,625.00,83.00,89.00,0.3258,1,1
366,31,1174.00,219.00,13.00,25.00,0.7946,1,1
367,1,897.00,316.00,68.00,56.00,0.8994,1,1
367,2,1129.00,78.00,31.00,28.00,0.7895,1,1
367,4,902.00,203.00,41.00,40.00,0.8407,1,1
367,12,525.00,631.00,126.00,102.00,0.9012,1,1
367,14,1123.00,115.00,33.00,25.00,0.7567,1,1
367,20,1130.00,134.00,23.00,27.00,0.8748,1,1
367,23,914.00,597.00,35.00,45.00,0.8428,1,1
367,27,1167.00,219.00,15.00,25.00,0.8325,1,1
367,29,522.00,631.00,92.00,88.00,0.2696,1,1
368,1,893.00,314.00,68.00,55.00,0.8897,1,1
368,2,1129.00,79.00,31.00,27.00,0.8237,1,1
368,4,903.00,204.00,40.00,40.00,0.8566,1,1
368,12,516.00,633.00,127.00,100.00,0.9135,1,1
368,14,1123.00,115.00,33.00,25.00,0.7337,1,1
368,20,1131.00,133.00,23.00,27.00,0.8694,1,1
368,23,925.00,593.00,31.00,47.00,0.7886,1,1
368,27,1166.00,220.00,15.00,24.00,0.7931,1,1
368,29,511.00,632.00,98.00,90.00,0.2696,1,1
369,1,888.00,312.00,70.00,55.00,0.8934,1,1
369,2,1129.00,79.00,31.00,27.00,0.8389,1,1
369,4,903.00,204.00,40.00,39.00,0.8596,1,1
369,12,508.00,636.00,130.00,103.00,0.8781,1,1
369,14,1123.00,117.00,34.00,23.00,0.7237,1,1
369,20,1131.00,133.00,23.00,27.00,0.8584,1,1
369,23,929.00,587.00,33.00,49.00,0.7091,1,1
369,27,1166.00,221.00,15.00,23.00,0.7193,1,1
370,1,888.00,312.00,71.00,55.00,0.8911,1,1
370,2,1129.00,78.00,31.00,28.00,0.8336,1,1
370,4,903.00,204.00,40.00,40.00,0.8661,1,1
370,12,508.00,636.00,130.00,103.00,0.8802,1,1
370,14,1123.00,117.00,34.00,23.00,0.7251,1,1
370,20,1131.00,134.00,23.00,26.00,0.8543,1,1
370,23,929.00,588.00,34.00,47.00,0.6946,1,1
370,27,1167.00,221.00,14.00,23.00,0.6614,1,1
371,1,878.00,311.00,69.00,52.00,0.9031,1,1
371,2,1129.00,79.00,31.00,27.00,0.8403,1,1
371,4,902.00,204.00,41.00,40.00,0.8720,1,1
371,12,490.00,641.00,133.00,103.00,0.8604,1,1
371,14,1125.00,118.00,32.00,24.00,0.7536,1,1
371,20,1132.00,133.00,22.00,27.00,0.8584,1,1
371,23,930.00,587.00,34.00,48.00,0.6946,1,1
371,27,1168.00,225.00,14.00,20.00,0.5335,1,1
371,30,939.00,590.00,29.00,36.00,0.8020,1,1
372,1,870.00,310.00,67.00,53.00,0.8912,1,1
372,2,1129.00,79.00,31.00,27.00,0.8410,1,1
372,4,902.00,204.00,42.00,40.00,0.8601,1,1
372,12,486.00,646.00,127.00,100.00,0.9040,1,1
372,14,1124.00,118.00,33.00,25.00,0.7703,1,1
372,20,1131.00,134.00,24.00,27.00,0.8413,1,1
372,27,1169.00,224.00,14.00,22.00,0.6558,1,1
372,30,939.00,590.00,30.00,36.00,0.8289,1,1
373,1,864.00,309.00,68.00,53.00,0.9146,1,1
373,2,1129.00,79.00,31.00,26.00,0.8468,1,1
373,4,903.00,203.00,41.00,41.00,0.8498,1,1
373,12,475.00,650.00,130.00,101.00,0.9113,1,1
373,14,1125.00,118.00,32.00,25.00,0.7813,1,1
373,20,1131.00,135.00,24.00,27.00,0.8318,1,1
373,27,1168.00,224.00,14.00,21.00,0.6683,1,1
373,30,937.00,599.00,29.00,36.00,0.8289,1,1
374,1,859.00,307.00,64.00,53.00,0.9222,1,1
374,2,1128.00,78.00,32.00,27.00,0.8361,1,1
374,4,903.00,203.00,41.00,41.00,0.8617,1,1
374,12,468.00,655.00,126.00,100.00,0.8969,1,1
374,14,1126.00,118.00,32.00,25.00,0.7650,1,1
374,20,1135.00,133.00,23.00,29.00,0.7980,1,1
374,27,1168.00,224.00,14.00,21.00,0.6162,1,1
375,1,852.00,306.00,65.00,54.00,0.9031,1,1
375,2,1128.00,78.00,31.00,27.00,0.8350,1,1
375,4,903.00,203.00,41.00,41.00,0.8605,1,1
375,12,459.00,658.00,128.00,100.00,0.9112,1,1
375,14,1126.00,118.00,32.00,27.00,0.6840,1,1
375,20,1135.00,134.00,24.00,28.00,0.7841,1,1
375,26,567.00,996.00,35.00,57.00,0.2519,1,1
375,27,1168.00,224.00,14.00,21.00,0.3449,1,1
376,1,852.00,306.00,65.00,54.00,0.9049,1,1
376,2,1128.00,78.00,31.00,27.00,0.8193,1,1
376,4,904.00,203.00,40.00,41.00,0.8550,1,1
376,12,459.00,658.00,128.00,100.00,0.9113,1,1
376,14,1126.00,118.00,32.00,28.00,0.6883,1,1
376,20,1135.00,134.00,24.00,28.00,0.7899,1,1
376,26,567.00,996.00,34.00,57.00,0.2752,1,1
376,27,1168.00,224.00,14.00,21.00,0.3430,1,1
376,43,446.00,762.00,26.00,43.00,0.5366,1,1
377,1,839.00,304.00,69.00,54.00,0.8855,1,1
377,2,1127.00,79.00,32.00,25.00,0.7963,1,1
377,4,905.00,204.00,40.00,40.00,0.8581,1,1
377,12,441.00,662.00,125.00,99.00,0.9066,1,1
377,14,1128.00,120.00,31.00,28.00,0.6756,1,1
377,20,1137.00,138.00,25.00,30.00,0.6434,1,1
377,26,557.00,1019.00,32.00,56.00,0.2752,1,1
377,27,1168.00,224.00,14.00,22.00,0.3430,1,1
377,31,1169.00,229.00,14.00,20.00,0.4045,1,1
377,43,446.00,762.00,26.00,43.00,0.5366,1,1
378,1,832.00,302.00,69.00,55.00,0.8988,1,1
378,2,1127.00,78.00,32.00,25.00,0.7920,1,1
378,4,905.00,204.00,40.00,40.00,0.8607,1,1
378,12,429.00,664.00,126.00,98.00,0.9066,1,1
378,14,1128.00,121.00,35.00,27.00,0.6722,1,1
378,19,1128.00,96.00,23.00,25.00,0.2516,1,1
378,20,1137.00,137.00,27.00,32.00,0.6669,1,1
378,30,832.00,569.00,25.00,37.00,0.4279,1,1
378,31,1170.00,232.00,14.00,19.00,0.3203,1,1
378,36,562.00,982.00,42.00,64.00,0.4727,1,1
379,1,828.00,299.00,68.00,56.00,0.9091,1,1
379,2,1127.00,78.00,32.00,24.00,0.7916,1,1
379,4,904.00,204.00,41.00,41.00,0.8629,1,1
379,12,417.00,666.00,126.00,100.00,0.9376,1,1
379,14,1128.00,122.00,36.00,27.00,0.6612,1,1
379,19,1129.00,94.00,23.00,24.00,0.2516,1,1
379,20,1138.00,139.00,28.00,32.00,0.5209,1,1
379,30,820.00,573.00,25.00,37.00,0.4279,1,1
379,31,1170.00,233.00,15.00,19.00,0.3123,1,1
379,36,562.00,991.00,42.00,65.00,0.4727,1,1
379,38,578.00,984.00,36.00,54.00,0.4773,1,1
380,1,821.00,296.00,71.00,59.00,0.9173,1,1
380,2,1127.00,77.00,31.00,24.00,0.7681,1,1
380,4,904.00,204.00,42.00,41.00,0.8580,1,1
380,12,404.00,666.00,129.00,100.00,0.9212,1,1
380,14,1129.00,124.00,35.00,26.00,0.7195,1,1
380,16,1129.00,95.00,23.00,22.00,0.3227,1,1
380,20,1142.00,136.00,25.00,29.00,0.5896,1,1
380,26,600.00,974.00,28.00,46.00,0.8353,1,1
380,27,1116.00,224.00,17.00,21.00,0.3908,1,1
380,31,1171.00,233.00,15.00,20.00,0.3123,1,1
380,38,566.00,989.00,36.00,54.00,0.4773,1,1
381,1,819.00,295.00,70.00,59.00,0.9295,1,1
381,2,1127.00,77.00,31.00,24.00,0.7748,1,1
381,4,904.00,204.00,42.00,41.00,0.8614,1,1
381,12,396.00,667.00,128.00,100.00,0.9105,1,1
381,14,1129.00,125.00,38.00,26.00,0.6822,1,1
381,16,1129.00,95.00,22.00,21.00,0.3115,1,1
381,20,1142.00,138.00,25.00,29.00,0.4829,1,1
381,26,602.00,990.00,26.00,46.00,0.8353,1,1
381,27,1111.00,224.00,18.00,21.00,0.3908,1,1
381,29,619.00,972.00,24.00,60.00,0.7866,1,1
381,31,1119.00,224.00,17.00,21.00,0.5340,1,1
382,1,819.00,295.00,70.00,59.00,0.9294,1,1
382,2,1127.00,77.00,31.00,24.00,0.7755,1,1
382,4,904.00,204.00,41.00,41.00,0.8660,1,1
382,12,396.00,667.00,128.00,100.00,0.9104,1,1
382,14,1129.00,125.00,38.00,26.00,0.6752,1,1
382,16,1130.00,96.00,21.00,20.00,0.3133,1,1
382,20,1142.00,138.00,25.00,29.00,0.4618,1,1
382,29,619.00,972.00,24.00,59.00,0.7885,1,1
382,31,1119.00,224.00,17.00,21.00,0.4875,1,1
383,1,810.00,291.00,69.00,60.00,0.9130,1,1
383,2,1127.00,78.00,31.00,22.00,0.7938,1,1
383,4,904.00,204.00,41.00,41.00,0.8655,1,1
383,12,376.00,671.00,126.00,99.00,0.9194,1,1
383,14,1134.00,125.00,39.00,25.00,0.5951,1,1
383,16,1130.00,96.00,20.00,18.00,0.4133,1,1
383,20,1147.00,140.00,24.00,29.00,0.7153,1,1
383,29,623.00,991.00,22.00,58.00,0.7885,1,1
383,31,1114.00,224.00,18.00,20.00,0.4875,1,1
384,1,809.00,290.00,68.00,57.00,0.8968,1,1
384,2,1127.00,78.00,31.00,21.00,0.7934,1,1
384,4,904.00,203.00,41.00,42.00,0.8599,1,1
384,12,366.00,672.00,129.00,99.00,0.9030,1,1
384,14,1135.00,121.00,42.00,28.00,0.7434,1,1
384,16,1130.00,96.00,20.00,18.00,0.4353,1,1
384,20,1148.00,140.00,25.00,31.00,0.6731,1,1
385,1,806.00,288.00,69.00,58.00,0.9038,1,1
385,2,1127.00,77.00,31.00,21.00,0.7862,1,1
385,4,904.00,202.00,41.00,43.00,0.8552,1,1
385,12,361.00,673.00,126.00,99.00,0.9083,1,1
385,14,1144.00,125.00,37.00,25.00,0.6966,1,1
385,16,1130.00,95.00,22.00,20.00,0.5468,1,1
385,18,712.00,476.00,31.00,30.00,0.2772,1,1
385,20,1149.00,141.00,29.00,31.00,0.6114,1,1
386,1,804.00,287.00,69.00,56.00,0.8958,1,1
386,2,1127.00,77.00,31.00,21.00,0.8083,1,1
386,4,903.00,202.00,43.00,43.00,0.8560,1,1
386,12,356.00,673.00,124.00,100.00,0.8967,1,1
386,14,1143.00,127.00,39.00,23.00,0.7501,1,1
386,16,1130.00,95.00,21.00,19.00,0.5088,1,1
386,18,705.00,466.00,35.00,28.00,0.3544,1,1
386,20,1149.00,143.00,31.00,30.00,0.7102,1,1
386,27,1122.00,223.00,20.00,24.00,0.6869,1,1
387,1,802.00,286.00,70.00,53.00,0.8873,1,1
387,2,1127.00,77.00,31.00,21.00,0.8008,1,1
387,4,903.00,202.00,42.00,42.00,0.8573,1,1
387,12,349.00,675.00,125.00,99.00,0.9229,1,1
387,14,1138.00,129.00,47.00,23.00,0.6945,1,1
387,16,1130.00,95.00,20.00,18.00,0.4375,1,1
387,18,704.00,455.00,34.00,28.00,0.5842,1,1
387,20,1151.00,145.00,31.00,30.00,0.6901,1,1
387,27,1127.00,228.00,20.00,24.00,0.3259,1,1
388,1,803.00,286.00,69.00,53.00,0.8835,1,1
388,2,1126.00,77.00,32.00,21.00,0.8049,1,1
388,4,903.00,202.00,42.00,42.00,0.8558,1,1
388,12,349.00,674.00,125.00,100.00,0.9228,1,1
388,14,1139.00,129.00,46.00,23.00,0.7125,1,1
388,16,1130.00,95.00,20.00,18.00,0.4578,1,1
388,18,705.00,455.00,33.00,28.00,0.5771,1,1
388,20,1151.00,145.00,31.00,30.00,0.6993,1,1
388,27,1127.00,227.00,20.00,25.00,0.3707,1,1
389,1,801.00,284.00,70.00,53.00,0.8869,1,1
389,2,1126.00,77.00,31.00,22.00,0.8132,1,1
389,4,902.00,200.00,41.00,44.00,0.8717,1,1
389,12,342.00,676.00,125.00,102.00,0.9231,1,1
389,14,1158.00,130.00,33.00,22.00,0.7952,1,1
389,16,1129.00,94.00,20.00,18.00,0.4578,1,1
389,18,701.00,446.00,36.00,28.00,0.7518,1,1
389,19,1131.00,95.00,17.00,16.00,0.2561,1,1
389,20,1156.00,147.00,27.00,28.00,0.7538,1,1
389,27,1130.00,226.00,18.00,25.00,0.7796,1,1
390,1,802.00,283.00,68.00,52.00,0.8875,1,1
390,2,1125.00,77.00,32.00,21.00,0.8014,1,1
390,4,902.00,199.00,40.00,45.00,0.8792,1,1
390,12,336.00,676.00,128.00,102.00,0.9382,1,1
390,14,1158.00,131.00,35.00,21.00,0.7765,1,1
390,18,701.00,443.00,32.00,31.00,0.6731,1,1
390,19,1131.00,95.00,17.00,15.00,0.2561,1,1
390,20,1158.00,149.00,24.00,26.00,0.7669,1,1
390,27,1130.00,226.00,18.00,25.00,0.6242,1,1
390,31,1117.00,180.00,14.00,21.00,0.2636,1,1
391,1,804.00,280.00,67.00,50.00,0.9027,1,1
391,2,1125.00,77.00,32.00,21.00,0.7997,1,1
391,4,902.00,198.00,39.00,42.00,0.8803,1,1
391,12,336.00,676.00,125.00,102.00,0.9479,1,1
391,14,1158.00,132.00,37.00,20.00,0.7630,1,1
391,18,700.00,443.00,31.00,31.00,0.8515,1,1
391,20,1159.00,149.00,22.00,25.00,0.7265,1,1
391,23,1161.00,148.00,24.00,25.00,0.3468,1,1
391,27,1134.00,227.00,17.00,24.00,0.6333,1,1
391,31,1118.00,179.00,12.00,21.00,0.6176,1,1
392,1,807.00,279.00,66.00,50.00,0.8993,1,1
392,2,1125.00,77.00,32.00,22.00,0.7801,1,1
392,4,902.00,198.00,39.00,40.00,0.8694,1,1
392,12,335.00,677.00,123.00,101.00,0.9532,1,1
392,14,1158.00,132.00,39.00,21.00,0.7906,1,1
392,18,700.00,444.00,30.00,32.00,0.7979,1,1
392,20,1160.00,150.00,23.00,26.00,0.7660,1,1
392,23,1172.00,126.00,24.00,24.00,0.3468,1,1
392,26,905.00,487.00,31.00,32.00,0.3201,1,1
392,27,1135.00,230.00,15.00,25.00,0.4318,1,1
392,30,906.00,310.00,23.00,19.00,0.2562,1,1
392,31,1119.00,180.00,11.00,20.00,0.5736,1,1
393,1,807.00,276.00,66.00,49.00,0.8685,1,1
393,2,1124.00,78.00,32.00,21.00,0.7309,1,1
393,4,900.00,197.00,41.00,40.00,0.8638,1,1
393,12,334.00,678.00,121.00,99.00,0.9516,1,1
393,14,1160.00,133.00,40.00,21.00,0.7843,1,1
393,18,702.00,443.00,31.00,35.00,0.7709,1,1
393,20,1163.00,150.00,25.00,27.00,0.8475,1,1
393,26,902.00,485.00,31.00,32.00,0.4636,1,1
393,27,1134.00,236.00,15.00,23.00,0.3102,1,1
393,30,906.00,315.00,22.00,21.00,0.2989,1,1
393,31,1118.00,179.00,12.00,20.00,0.3475,1,1
394,1,807.00,276.00,65.00,49.00,0.8682,1,1
394,2,1124.00,78.00,32.00,21.00,0.7365,1,1
394,4,900.00,197.00,41.00,40.00,0.8634,1,1
394,12,334.00,678.00,121.00,99.00,0.9503,1,1
394,14,1161.00,133.00,39.00,21.00,0.7854,1,1
394,18,702.00,443.00,31.00,36.00,0.7695,1,1
394,20,1163.00,150.00,26.00,27.00,0.8513,1,1
394,26,902.00,485.00,31.00,32.00,0.4904,1,1
394,27,1134.00,236.00,15.00,23.00,0.3350,1,1
394,30,906.00,314.00,23.00,22.00,0.2763,1,1
394,31,1118.00,179.00,12.00,20.00,0.3421,1,1
394,44,905.00,318.00,23.00,24.00,0.4957,1,1
395,1,807.00,272.00,67.00,45.00,0.8831,1,1
395,2,1124.00,83.00,28.00,21.00,0.2900,1,1
395,4,897.00,194.00,41.00,39.00,0.8542,1,1
395,12,332.00,675.00,113.00,102.00,0.9516,1,1
395,14,1159.00,133.00,46.00,22.00,0.8013,1,1
395,18,699.00,443.00,31.00,36.00,0.7695,1,1
395,20,1164.00,151.00,26.00,27.00,0.9009,1,1
395,26,920.00,473.00,31.00,32.00,0.4904,1,1
395,27,1134.00,237.00,15.00,23.00,0.3350,1,1
395,30,909.00,308.00,23.00,21.00,0.2763,1,1
395,31,1118.00,179.00,12.00,22.00,0.3406,1,1
395,44,904.00,316.00,25.00,23.00,0.5158,1,1
396,1,807.00,269.00,67.00,46.00,0.9044,1,1
396,2,1124.00,84.00,28.00,20.00,0.2900,1,1
396,4,897.00,192.00,38.00,37.00,0.8469,1,1
396,12,332.00,675.00,111.00,103.00,0.9518,1,1
396,14,1162.00,133.00,45.00,22.00,0.7998,1,1
396,20,1166.00,152.00,27.00,27.00,0.8942,1,1
396,27,1136.00,227.00,14.00,26.00,0.4377,1,1
396,30,903.00,316.00,25.00,23.00,0.3380,1,1
396,31,1117.00,178.00,13.00,21.00,0.3636,1,1
396,44,903.00,311.00,25.00,24.00,0.4280,1,1
397,1,805.00,266.00,67.00,45.00,0.9031,1,1
397,4,895.00,189.00,38.00,36.00,0.8555,1,1
397,12,332.00,674.00,110.00,107.00,0.9493,1,1
397,14,1169.00,134.00,37.00,21.00,0.8022,1,1
397,20,1170.00,154.00,31.00,26.00,0.8215,1,1
397,27,1136.00,227.00,14.00,26.00,0.4377,1,1
397,30,905.00,312.00,26.00,23.00,0.3380,1,1
397,31,1116.00,176.00,13.00,22.00,0.3636,1,1
397,44,903.00,307.00,24.00,23.00,0.2973,1,1
398,1,803.00,263.00,68.00,44.00,0.8844,1,1
398,4,893.00,187.00,40.00,36.00,0.8637,1,1
398,12,331.00,674.00,110.00,110.00,0.9550,1,1
398,14,1170.00,135.00,37.00,22.00,0.7925,1,1
398,20,1172.00,154.00,31.00,28.00,0.7813,1,1
398,44,907.00,307.00,22.00,20.00,0.3865,1,1
399,1,798.00,262.00,72.00,42.00,0.8492,1,1
399,2,1119.00,92.00,24.00,21.00,0.4636,1,1
399,4,892.00,187.00,40.00,35.00,0.8605,1,1
399,12,331.00,674.00,111.00,112.00,0.9579,1,1
399,14,1172.00,136.00,34.00,24.00,0.8271,1,1
399,18,718.00,464.00,23.00,41.00,0.3509,1,1
399,20,1173.00,155.00,32.00,30.00,0.8144,1,1
399,27,1133.00,238.00,15.00,25.00,0.4914,1,1
399,44,907.00,310.00,22.00,19.00,0.5085,1,1
400,1,798.00,262.00,72.00,42.00,0.8496,1,1
400,2,1119.00,92.00,24.00,21.00,0.4724,1,1
400,4,892.00,187.00,40.00,35.00,0.8593,1,1
400,12,330.00,674.00,112.00,112.00,0.9569,1,1
400,14,1172.00,136.00,34.00,24.00,0.8276,1,1
400,18,718.00,463.00,23.00,42.00,0.3440,1,1
400,20,1173.00,155.00,32.00,30.00,0.8138,1,1
400,27,1133.00,238.00,14.00,25.00,0.4971,1,1
400,44,907.00,310.00,22.00,19.00,0.5334,1,1
401,1,795.00,256.00,67.00,43.00,0.8767,1,1
401,2,1118.00,100.00,25.00,20.00,0.7993,1,1
401,4,887.00,181.00,43.00,34.00,0.8374,1,1
401,12,329.00,676.00,116.00,111.00,0.9494,1,1
401,14,1174.00,137.00,33.00,25.00,0.8172,1,1
401,18,724.00,464.00,29.00,44.00,0.7375,1,1
401,20,1180.00,154.00,26.00,30.00,0.7680,1,1
401,26,1215.00,252.00,13.00,24.00,0.4727,1,1
401,27,1129.00,240.00,18.00,27.00,0.6844,1,1
401,31,1120.00,176.00,14.00,21.00,0.4543,1,1
401,44,907.00,312.00,22.00,17.00,0.4833,1,1
402,1,793.00,253.00,66.00,42.00,0.9114,1,1
402,2,1117.00,101.00,25.00,21.00,0.7993,1,1
402,4,885.00,178.00,44.00,33.00,0.8279,1,1
402,12,329.00,677.00,118.00,110.00,0.9441,1,1
402,14,1174.00,138.00,35.00,24.00,0.8251,1,1
402,16,1113.00,103.00,29.00,26.00,0.7216,1,1
402,18,726.00,462.00,28.00,47.00,0.7140,1,1
402,20,1179.00,156.00,30.00,31.00,0.7922,1,1
402,26,1215.00,253.00,13.00,23.00,0.3044,1,1
402,27,1128.00,243.00,18.00,25.00,0.6771,1,1
402,29,1103.00,104.00,38.00,33.00,0.3520,1,1
402,31,1120.00,176.00,14.00,21.00,0.3149,1,1
402,38,1091.00,103.00,51.00,39.00,0.4731,1,1
402,44,905.00,311.00,23.00,20.00,0.5028,1,1
403,1,788.00,251.00,68.00,42.00,0.8767,1,1
403,2,1115.00,105.00,25.00,20.00,0.6539,1,1
403,4,885.00,176.00,43.00,32.00,0.8375,1,1
403,12,330.00,677.00,119.00,110.00,0.9396,1,1
403,14,1174.00,138.00,35.00,25.00,0.8249,1,1
403,16,1112.00,104.00,30.00,26.00,0.7216,1,1
403,18,726.00,461.00,28.00,45.00,0.7620,1,1
403,20,1182.00,156.00,29.00,33.00,0.8117,1,1
403,26,1215.00,253.00,13.00,23.00,0.4381,1,1
403,27,1126.00,244.00,19.00,23.00,0.7022,1,1
403,29,1128.00,60.00,37.00,32.00,0.3520,1,1
403,31,1121.00,176.00,14.00,21.00,0.3037,1,1
403,38,1095.00,106.00,45.00,34.00,0.3466,1,1
403,44,903.00,311.00,26.00,18.00,0.3193,1,1
404,1,781.00,249.00,73.00,42.00,0.8834,1,1
404,2,1112.00,108.00,27.00,22.00,0.6250,1,1
404,4,887.00,176.00,40.00,31.00,0.8438,1,1
404,12,331.00,677.00,120.00,111.00,0.9188,1,1
404,14,1175.00,138.00,35.00,26.00,0.8229,1,1
404,18,726.00,461.00,27.00,43.00,0.8029,1,1
404,20,1184.00,156.00,27.00,33.00,0.8414,1,1
404,26,1241.00,239.00,13.00,22.00,0.4381,1,1
404,27,1125.00,247.00,18.00,24.00,0.7144,1,1
404,31,1121.00,175.00,14.00,22.00,0.2875,1,1
404,38,1119.00,104.00,44.00,33.00,0.3466,1,1
404,44,903.00,310.00,26.00,18.00,0.3193,1,1
405,1,780.00,246.00,70.00,45.00,0.8862,1,1
405,2,1111.00,109.00,27.00,25.00,0.6679,1,1
405,4,886.00,175.00,41.00,29.00,0.8257,1,1
405,12,333.00,676.00,121.00,110.00,0.8693,1,1
405,14,1174.00,140.00,36.00,24.00,0.7991,1,1
405,18,722.00,461.00,30.00,42.00,0.4737,1,1
405,20,1185.00,158.00,26.00,32.00,0.8483,1,1
405,27,1126.00,248.00,19.00,24.00,0.7050,1,1
405,31,1122.00,173.00,14.00,23.00,0.2950,1,1
406,1,780.00,246.00,69.00,45.00,0.8875,1,1
406,2,1111.00,109.00,28.00,25.00,0.6522,1,1
406,4,886.00,175.00,40.00,29.00,0.8274,1,1
406,12,333.00,676.00,121.00,110.00,0.8621,1,1
406,14,1175.00,141.00,35.00,24.00,0.7863,1,1
406,18,722.00,458.00,31.00,45.00,0.4435,1,1
406,20,1185.00,159.00,26.00,31.00,0.8500,1,1
406,27,1126.00,248.00,19.00,24.00,0.7121,1,1
406,31,1121.00,173.00,15.00,23.00,0.2914,1,1
407,1,771.00,241.00,65.00,47.00,0.8719,1,1
407,2,1110.00,111.00,28.00,25.00,0.6522,1,1
407,4,883.00,170.00,41.00,27.00,0.8339,1,1
407,12,334.00,672.00,124.00,109.00,0.9011,1,1
407,14,1175.00,141.00,36.00,26.00,0.7937,1,1
407,18,722.00,458.00,31.00,46.00,0.4435,1,1
407,20,1185.00,159.00,26.00,30.00,0.8189,1,1
407,27,1128.00,250.00,19.00,22.00,0.6815,1,1
407,31,1121.00,172.00,16.00,24.00,0.3875,1,1
407,38,1110.00,110.00,29.00,27.00,0.7910,1,1
408,1,769.00,238.00,62.00,46.00,0.8719,1,1
408,2,1111.00,110.00,28.00,24.00,0.7370,1,1
408,4,882.00,165.00,41.00,28.00,0.8311,1,1
408,12,337.00,668.00,124.00,106.00,0.9089,1,1
408,14,1177.00,142.00,34.00,25.00,0.7802,1,1
408,18,713.00,449.00,26.00,40.00,0.2667,1,1
408,20,1186.00,159.00,26.00,30.00,0.8228,1,1
408,27,1125.00,253.00,17.00,20.00,0.7071,1,1
408,31,1122.00,172.00,15.00,24.00,0.3502,1,1
408,38,1129.00,110.00,28.00,26.00,0.7910,1,1
409,1,765.00,236.00,62.00,45.00,0.8423,1,1
409,2,1111.00,110.00,28.00,24.00,0.4344,1,1
409,4,881.00,163.00,41.00,28.00,0.8184,1,1
409,12,347.00,663.00,119.00,105.00,0.9028,1,1
409,14,1177.00,144.00,34.00,25.00,0.8071,1,1
409,18,712.00,448.00,26.00,40.00,0.2667,1,1
409,19,894.00,185.00,24.00,24.00,0.3561,1,1
409,20,1188.00,159.00,24.00,28.00,0.8044,1,1
409,27,1124.00,254.00,18.00,20.00,0.6740,1,1
409,31,1121.00,173.00,16.00,23.00,0.3142,1,1
410,1,763.00,233.00,62.00,46.00,0.8878,1,1
410,2,1111.00,109.00,28.00,24.00,0.2875,1,1
410,4,881.00,162.00,40.00,27.00,0.7983,1,1
410,12,353.00,657.00,118.00,101.00,0.9247,1,1
410,14,1177.00,145.00,33.00,23.00,0.8183,1,1
410,19,895.00,181.00,22.00,25.00,0.3981,1,1
410,20,1187.00,160.00,23.00,27.00,0.7350,1,1
410,27,1123.00,258.00,18.00,19.00,0.5008,1,1
410,31,1121.00,173.00,16.00,23.00,0.3506,1,1
410,38,1111.00,109.00,28.00,23.00,0.3538,1,1
411,1,760.00,231.00,63.00,47.00,0.8884,1,1
411,2,1111.00,110.00,27.00,25.00,0.2875,1,1
411,4,878.00,160.00,42.00,28.00,0.7954,1,1
411,12,357.00,653.00,115.00,105.00,0.9141,1,1
411,14,1177.00,146.00,33.00,23.00,0.7943,1,1
411,19,885.00,185.00,23.00,26.00,0.3981,1,1
411,20,1187.00,160.00,24.00,28.00,0.7294,1,1
411,27,1122.00,260.00,19.00,19.00,0.5008,1,1
411,31,1121.00,173.00,16.00,22.00,0.2986,1,1
411,38,1112.00,109.00,27.00,22.00,0.6141,1,1
412,1,760.00,231.00,63.00,47.00,0.8875,1,1
412,2,1112.00,109.00,27.00,22.00,0.6200,1,1
412,4,878.00,160.00,42.00,28.00,0.7946,1,1
412,12,357.00,653.00,115.00,105.00,0.9171,1,1
412,14,1177.00,145.00,33.00,24.00,0.8005,1,1
412,20,1187.00,160.00,24.00,28.00,0.7359,1,1
412,31,1121.00,173.00,16.00,22.00,0.3309,1,1
412,38,1125.00,109.00,26.00,21.00,0.6141,1,1
413,1,758.00,225.00,56.00,48.00,0.8523,1,1
413,2,1111.00,105.00,30.00,22.00,0.6153,1,1
413,4,876.00,153.00,41.00,23.00,0.8193,1,1
413,12,361.00,642.00,120.00,104.00,0.9094,1,1
413,14,1178.00,146.00,32.00,24.00,0.8077,1,1
413,20,1188.00,160.00,23.00,28.00,0.7679,1,1
413,27,1122.00,260.00,19.00,19.00,0.4789,1,1
413,30,838.00,409.00,20.00,31.00,0.6218,1,1
413,31,1121.00,172.00,16.00,23.00,0.3245,1,1
414,1,757.00,221.00,55.00,51.00,0.8825,1,1
414,2,1111.00,103.00,31.00,21.00,0.5801,1,1
414,4,876.00,151.00,41.00,23.00,0.7966,1,1
414,12,366.00,637.00,118.00,106.00,0.9344,1,1
414,14,1177.00,146.00,33.00,24.00,0.7984,1,1
414,19,882.00,169.00,28.00,25.00,0.4640,1,1
414,20,1187.00,161.00,25.00,28.00,0.7612,1,1
414,27,1123.00,261.00,18.00,18.00,0.4426,1,1
414,30,834.00,414.00,20.00,31.00,0.6218,1,1
414,31,1122.00,172.00,15.00,24.00,0.3614,1,1
414,45,512.00,1027.00,46.00,47.00,0.7989,1,1
415,1,755.00,220.00,57.00,49.00,0.8673,1,1
415,2,1114.00,102.00,29.00,19.00,0.4108,1,1
415,4,874.00,149.00,39.00,23.00,0.7560,1,1
415,12,369.00,631.00,118.00,106.00,0.9333,1,1
415,14,1178.00,148.00,32.00,25.00,0.7936,1,1
415,18,839.00,405.00,20.00,35.00,0.3051,1,1
415,19,880.00,166.00,28.00,27.00,0.5295,1,1
415,20,1189.00,162.00,23.00,26.00,0.7742,1,1
415,27,1122.00,261.00,19.00,18.00,0.4579,1,1
415,31,1122.00,172.00,15.00,24.00,0.3154,1,1
415,45,517.00,1027.00,45.00,46.00,0.7989,1,1
416,1,755.00,219.00,57.00,49.00,0.8578,1,1
416,2,1115.00,100.00,28.00,18.00,0.5873,1,1
416,4,872.00,147.00,40.00,23.00,0.7500,1,1
416,12,372.00,625.00,120.00,107.00,0.9215,1,1
416,14,1178.00,148.00,32.00,26.00,0.8016,1,1
416,16,879.00,166.00,25.00,26.00,0.2835,1,1
416,18,839.00,406.00,21.00,35.00,0.2688,1,1
416,19,879.00,165.00,26.00,27.00,0.4212,1,1
416,20,1190.00,162.00,22.00,28.00,0.8220,1,1
416,27,1122.00,262.00,19.00,17.00,0.4060,1,1
416,31,1121.00,173.00,15.00,23.00,0.2616,1,1
416,45,534.00,1013.00,47.00,43.00,0.4019,1,1
417,1,755.00,218.00,57.00,49.00,0.8627,1,1
417,2,1115.00,97.00,29.00,18.00,0.6614,1,1
417,4,871.00,145.00,37.00,21.00,0.7611,1,1
417,12,377.00,618.00,117.00,105.00,0.9401,1,1
417,14,1178.00,148.00,32.00,26.00,0.8083,1,1
417,16,864.00,170.00,25.00,26.00,0.2835,1,1
417,18,840.00,407.00,21.00,37.00,0.4166,1,1
417,19,877.00,161.00,27.00,24.00,0.2529,1,1
417,20,1191.00,163.00,22.00,27.00,0.8367,1,1
417,23,1121.00,265.00,18.00,19.00,0.3556,1,1
417,26,877.00,162.00,26.00,23.00,0.4538,1,1
417,27,1122.00,263.00,18.00,17.00,0.2927,1,1
417,31,1121.00,174.00,14.00,23.00,0.3216,1,1
417,44,867.00,270.00,30.00,24.00,0.2754,1,1
417,45,545.00,1009.00,44.00,40.00,0.4019,1,1
418,1,755.00,218.00,57.00,49.00,0.8688,1,1
418,2,1115.00,97.00,29.00,18.00,0.6841,1,1
418,4,872.00,144.00,36.00,22.00,0.7809,1,1
418,12,377.00,618.00,117.00,105.00,0.9408,1,1
418,14,1178.00,148.00,32.00,26.00,0.8107,1,1
418,18,840.00,407.00,21.00,37.00,0.4451,1,1
418,19,877.00,162.00,26.00,23.00,0.4498,1,1
418,20,1191.00,163.00,22.00,28.00,0.8383,1,1
418,23,1121.00,265.00,18.00,19.00,0.3192,1,1
418,26,862.00,155.00,26.00,23.00,0.4538,1,1
418,27,1122.00,263.00,18.00,17.00,0.2795,1,1
418,31,1121.00,174.00,14.00,23.00,0.3215,1,1
418,44,864.00,267.00,31.00,25.00,0.2754,1,1
419,1,755.00,215.00,57.00,47.00,0.8720,1,1
419,2,1117.00,91.00,27.00,18.00,0.4195,1,1
419,4,868.00,142.00,37.00,21.00,0.8409,1,1
419,12,386.00,608.00,113.00,106.00,0.9197,1,1
419,14,1180.00,150.00,33.00,26.00,0.7977,1,1
419,18,839.00,410.00,20.00,36.00,0.4952,1,1
419,19,873.00,160.00,25.00,22.00,0.4828,1,1
419,20,1192.00,164.00,23.00,28.00,0.8333,1,1
419,23,1119.00,269.00,18.00,19.00,0.3192,1,1
419,27,1122.00,264.00,18.00,17.00,0.2795,1,1
419,31,1121.00,174.00,13.00,22.00,0.4110,1,1
420,1,757.00,213.00,57.00,48.00,0.8723,1,1
420,2,1117.00,89.00,28.00,18.00,0.6875,1,1
420,4,868.00,138.00,36.00,23.00,0.8561,1,1
420,12,391.00,602.00,112.00,108.00,0.9246,1,1
420,14,1181.00,150.00,34.00,25.00,0.7859,1,1
420,18,838.00,411.00,20.00,36.00,0.6120,1,1
420,19,872.00,156.00,25.00,25.00,0.5217,1,1
420,20,1194.00,163.00,24.00,28.00,0.8069,1,1
420,27,1124.00,261.00,16.00,17.00,0.3987,1,1
420,31,1121.00,173.00,13.00,23.00,0.4714,1,1
420,38,1123.00,102.00,15.00,17.00,0.3408,1,1
420,45,565.00,971.00,39.00,48.00,0.4777,1,1
421,1,759.00,211.00,56.00,48.00,0.8851,1,1
421,2,1117.00,88.00,29.00,17.00,0.3598,1,1
421,4,867.00,138.00,36.00,23.00,0.8539,1,1
421,12,393.00,597.00,115.00,105.00,0.9445,1,1
421,14,1181.00,150.00,36.00,26.00,0.7454,1,1
421,18,837.00,410.00,20.00,37.00,0.6791,1,1
421,19,875.00,155.00,23.00,26.00,0.4466,1,1
421,20,1194.00,165.00,25.00,29.00,0.8000,1,1
421,27,1122.00,262.00,18.00,16.00,0.4272,1,1
421,31,1121.00,173.00,13.00,23.00,0.4702,1,1
421,38,1128.00,102.00,15.00,16.00,0.3408,1,1
421,45,569.00,956.00,42.00,50.00,0.7730,1,1
422,1,759.00,209.00,59.00,47.00,0.8953,1,1
422,2,1117.00,87.00,28.00,17.00,0.5730,1,1
422,4,867.00,136.00,34.00,23.00,0.8531,1,1
422,12,398.00,591.00,114.00,108.00,0.9493,1,1
422,14,1182.00,151.00,35.00,26.00,0.7543,1,1
422,18,835.00,411.00,21.00,37.00,0.5141,1,1
422,19,872.00,153.00,24.00,25.00,0.4304,1,1
422,20,1195.00,166.00,25.00,30.00,0.7455,1,1
422,27,1122.00,262.00,18.00,16.00,0.3092,1,1
422,31,1122.00,172.00,14.00,24.00,0.5267,1,1
422,45,576.00,947.00,43.00,50.00,0.7730,1,1
423,1,763.00,207.00,56.00,46.00,0.8925,1,1
423,2,1118.00,85.00,29.00,17.00,0.2989,1,1
423,4,867.00,136.00,34.00,22.00,0.8608,1,1
423,12,401.00,589.00,113.00,105.00,0.9394,1,1
423,14,1182.00,150.00,37.00,27.00,0.7574,1,1
423,18,839.00,410.00,21.00,37.00,0.5141,1,1
423,19,871.00,153.00,24.00,24.00,0.4399,1,1
423,20,1194.00,168.00,26.00,30.00,0.6847,1,1
423,27,1122.00,263.00,18.00,15.00,0.3092,1,1
423,31,1122.00,172.00,14.00,24.00,0.5911,1,1
424,1,763.00,207.00,56.00,46.00,0.8933,1,1
424,2,1118.00,85.00,29.00,17.00,0.2836,1,1
424,4,867.00,135.00,34.00,23.00,0.8623,1,1
424,12,401.00,589.00,113.00,105.00,0.9400,1,1
424,14,1183.00,150.00,36.00,27.00,0.7581,1,1
424,19,871.00,153.00,24.00,24.00,0.4688,1,1
424,20,1194.00,168.00,26.00,30.00,0.6927,1,1
424,31,1122.00,172.00,14.00,24.00,0.5810,1,1
424,45,582.00,932.00,40.00,48.00,0.2558,1,1
425,1,766.00,203.00,56.00,43.00,0.8823,1,1
425,2,1119.00,82.00,31.00,17.00,0.3358,1,1
425,4,866.00,133.00,34.00,24.00,0.8639,1,1
425,12,410.00,580.00,111.00,106.00,0.9311,1,1
425,14,1185.00,151.00,38.00,27.00,0.7946,1,1
425,16,1197.00,167.00,26.00,26.00,0.3806,1,1
425,19,870.00,151.00,23.00,24.00,0.3131,1,1
425,20,1194.00,170.00,28.00,31.00,0.6368,1,1
425,31,1122.00,174.00,14.00,24.00,0.4148,1,1
425,45,588.00,923.00,40.00,48.00,0.2558,1,1
426,1,768.00,200.00,55.00,43.00,0.8878,1,1
426,2,1120.00,81.00,33.00,17.00,0.2895,1,1
426,4,866.00,132.00,34.00,24.00,0.8669,1,1
426,12,414.00,576.00,111.00,106.00,0.9382,1,1
426,14,1186.00,151.00,38.00,27.00,0.7981,1,1
426,16,1198.00,167.00,26.00,29.00,0.5140,1,1
426,19,870.00,151.00,23.00,23.00,0.3196,1,1
426,20,1195.00,169.00,30.00,32.00,0.7279,1,1
426,31,1123.00,178.00,13.00,23.00,0.4069,1,1
427,1,769.00,197.00,54.00,44.00,0.8909,1,1
427,2,1121.00,80.00,34.00,19.00,0.5227,1,1
427,4,866.00,132.00,34.00,24.00,0.8544,1,1
427,12,416.00,573.00,113.00,104.00,0.9376,1,1
427,14,1186.00,152.00,40.00,27.00,0.8086,1,1
427,16,1201.00,167.00,24.00,30.00,0.5100,1,1
427,19,871.00,151.00,22.00,22.00,0.2775,1,1
427,20,1197.00,170.00,28.00,33.00,0.7862,1,1
427,27,1123.00,255.00,20.00,15.00,0.3621,1,1
427,31,1124.00,178.00,12.00,23.00,0.3428,1,1
428,1,770.00,195.00,53.00,44.00,0.8966,1,1
428,2,1122.00,78.00,34.00,20.00,0.3270,1,1
428,4,865.00,132.00,35.00,24.00,0.8480,1,1
428,12,418.00,570.00,116.00,104.00,0.9517,1,1
428,14,1189.00,152.00,39.00,28.00,0.8190,1,1
428,16,1207.00,167.00,22.00,29.00,0.4347,1,1
428,19,871.00,151.00,22.00,22.00,0.3246,1,1
428,20,1201.00,170.00,27.00,32.00,0.7207,1,1
428,27,1123.00,255.00,21.00,16.00,0.5139,1,1
428,31,1126.00,179.00,11.00,23.00,0.3204,1,1
429,1,766.00,192.00,57.00,47.00,0.8620,1,1
429,2,1123.00,78.00,34.00,20.00,0.3975,1,1
429,4,865.00,131.00,34.00,24.00,0.8406,1,1
429,12,421.00,568.00,116.00,106.00,0.9559,1,1
429,14,1192.00,153.00,39.00,26.00,0.8689,1,1
429,16,1207.00,168.00,23.00,28.00,0.3462,1,1
429,19,871.00,151.00,22.00,23.00,0.3838,1,1
429,20,1204.00,172.00,26.00,30.00,0.7003,1,1
429,27,1123.00,254.00,22.00,17.00,0.5139,1,1
429,31,1127.00,179.00,11.00,24.00,0.4363,1,1
430,1,766.00,192.00,57.00,47.00,0.8622,1,1
430,2,1123.00,78.00,34.00,20.00,0.4190,1,1
430,4,865.00,130.00,34.00,26.00,0.8317,1,1
430,12,421.00,568.00,116.00,106.00,0.9540,1,1
430,14,1192.00,153.00,39.00,26.00,0.8697,1,1
430,16,1207.00,168.00,23.00,28.00,0.3197,1,1
430,19,871.00,151.00,23.00,23.00,0.3247,1,1
430,20,1204.00,172.00,26.00,29.00,0.6828,1,1
430,31,1127.00,178.00,11.00,25.00,0.4562,1,1
431,1,762.00,188.00,52.00,44.00,0.8457,1,1
431,2,1127.00,79.00,31.00,20.00,0.4577,1,1
431,4,865.00,128.00,33.00,26.00,0.8098,1,1
431,12,432.00,562.00,113.00,106.00,0.9385,1,1
431,14,1197.00,153.00,38.00,28.00,0.8729,1,1
431,16,1224.00,170.00,23.00,27.00,0.3197,1,1
431,18,709.00,363.00,19.00,33.00,0.4668,1,1
431,19,870.00,151.00,23.00,22.00,0.3247,1,1
431,20,1204.00,173.00,31.00,31.00,0.6734,1,1
431,23,1133.00,241.00,25.00,14.00,0.2614,1,1
431,31,1128.00,178.00,16.00,26.00,0.5982,1,1
432,1,759.00,188.00,55.00,41.00,0.8365,1,1
432,2,1129.00,79.00,31.00,20.00,0.5171,1,1
432,4,865.00,129.00,34.00,25.00,0.8437,1,1
432,12,437.00,559.00,111.00,108.00,0.9469,1,1
432,14,1199.00,154.00,39.00,26.00,0.8454,1,1
432,18,708.00,364.00,19.00,32.00,0.7249,1,1
432,20,1207.00,175.00,29.00,29.00,0.7124,1,1
432,23,1134.00,240.00,27.00,14.00,0.5252,1,1
432,26,1129.00,79.00,30.00,20.00,0.3176,1,1
432,31,1130.00,178.00,17.00,26.00,0.5188,1,1
432,38,1138.00,95.00,17.00,17.00,0.2878,1,1
433,1,757.00,188.00,56.00,40.00,0.8324,1,1
433,2,1130.00,80.00,31.00,20.00,0.7836,1,1
433,4,865.00,129.00,35.00,25.00,0.8533,1,1
433,12,443.00,557.00,109.00,105.00,0.9313,1,1
433,14,1202.00,155.00,39.00,27.00,0.8504,1,1
433,18,708.00,362.00,19.00,34.00,0.6609,1,1
433,19,871.00,149.00,23.00,24.00,0.2586,1,1
433,20,1211.00,177.00,28.00,28.00,0.8438,1,1
433,23,1135.00,239.00,27.00,14.00,0.5252,1,1
433,26,1144.00,73.00,31.00,20.00,0.3176,1,1
433,31,1131.00,176.00,18.00,27.00,0.5811,1,1
433,38,1138.00,96.00,17.00,18.00,0.3764,1,1
434,1,752.00,188.00,59.00,38.00,0.8246,1,1
434,2,1133.00,80.00,32.00,21.00,0.7984,1,1
434,4,866.00,128.00,36.00,26.00,0.8735,1,1
434,12,447.00,556.00,111.00,103.00,0.9114,1,1
434,14,1205.00,155.00,40.00,27.00,0.8171,1,1
434,18,706.00,361.00,20.00,36.00,0.7198,1,1
434,19,871.00,150.00,24.00,23.00,0.3878,1,1
434,20,1217.00,176.00,25.00,29.00,0.8489,1,1
434,31,1136.00,183.00,21.00,24.00,0.4033,1,1
434,38,1139.00,96.00,18.00,20.00,0.2785,1,1
435,1,750.00,185.00,60.00,40.00,0.7891,1,1
435,2,1135.00,80.00,31.00,22.00,0.8048,1,1
435,4,866.00,127.00,37.00,25.00,0.8685,1,1
435,12,454.00,555.00,110.00,103.00,0.9220,1,1
435,14,1209.00,155.00,40.00,27.00,0.8506,1,1
435,18,704.00,359.00,22.00,41.00,0.7761,1,1
435,19,871.00,149.00,25.00,23.00,0.4087,1,1
435,20,1220.00,174.00,29.00,30.00,0.7217,1,1
435,27,858.00,255.00,25.00,17.00,0.2662,1,1
435,31,1137.00,184.00,22.00,24.00,0.4033,1,1
435,38,1139.00,97.00,20.00,20.00,0.2759,1,1
435,44,1142.00,183.00,17.00,24.00,0.5726,1,1
436,1,750.00,185.00,60.00,40.00,0.7909,1,1
436,2,1135.00,80.00,31.00,22.00,0.8025,1,1
436,4,866.00,127.00,37.00,25.00,0.8657,1,1
436,12,454.00,555.00,110.00,103.00,0.9240,1,1
436,14,1209.00,155.00,40.00,27.00,0.8487,1,1
436,18,704.00,359.00,22.00,41.00,0.7811,1,1
436,19,872.00,149.00,24.00,22.00,0.4414,1,1
436,20,1220.00,174.00,29.00,30.00,0.7233,1,1
436,27,858.00,255.00,24.00,17.00,0.2818,1,1
436,38,1139.00,97.00,20.00,20.00,0.2760,1,1
436,44,1142.00,183.00,18.00,24.00,0.5808,1,1
437,1,742.00,179.00,52.00,43.00,0.8911,1,1
437,2,1137.00,83.00,32.00,21.00,0.8231,1,1
437,4,867.00,124.00,39.00,24.00,0.8560,1,1
437,12,467.00,550.00,112.00,105.00,0.9198,1,1
437,14,1213.00,156.00,37.00,26.00,0.8570,1,1
437,18,703.00,359.00,21.00,41.00,0.7977,1,1
437,19,874.00,146.00,26.00,23.00,0.3934,1,1
437,20,1222.00,176.00,28.00,31.00,0.7507,1,1
437,27,839.00,255.00,26.00,17.00,0.2818,1,1
437,30,927.00,206.00,25.00,19.00,0.2939,1,1
437,31,1144.00,183.00,23.00,21.00,0.5162,1,1
437,38,1140.00,96.00,20.00,21.00,0.2760,1,1
437,44,1155.00,179.00,18.00,24.00,0.5808,1,1
438,1,739.00,177.00,52.00,43.00,0.8995,1,1
438,2,1139.00,84.00,31.00,21.00,0.8356,1,1
438,4,867.00,123.00,42.00,24.00,0.8620,1,1
438,12,473.00,548.00,113.00,104.00,0.9245,1,1
438,14,1217.00,157.00,36.00,27.00,0.8621,1,1
438,18,702.00,355.00,21.00,44.00,0.7532,1,1
438,19,875.00,146.00,26.00,22.00,0.4473,1,1
438,20,1225.00,176.00,26.00,29.00,0.7665,1,1
438,30,929.00,206.00,24.00,19.00,0.3018,1,1
438,31,1144.00,184.00,23.00,21.00,0.5383,1,1
438,38,1143.00,99.00,21.00,21.00,0.3961,1,1
439,1,734.00,175.00,57.00,43.00,0.8746,1,1
439,2,1140.00,84.00,30.00,22.00,0.8522,1,1
439,4,867.00,123.00,43.00,24.00,0.8626,1,1
439,12,482.00,548.00,111.00,104.00,0.9326,1,1
439,14,1219.00,159.00,34.00,28.00,0.8050,1,1
439,16,1222.00,177.00,32.00,35.00,0.5334,1,1
439,18,701.00,352.00,21.00,43.00,0.5145,1,1
439,19,875.00,146.00,27.00,22.00,0.4506,1,1
439,20,1227.00,179.00,25.00,29.00,0.7578,1,1
439,30,933.00,201.00,24.00,18.00,0.3018,1,1
439,31,1144.00,184.00,23.00,20.00,0.5923,1,1
439,38,1142.00,100.00,22.00,21.00,0.4330,1,1
439,45,832.00,318.00,22.00,27.00,0.4247,1,1
440,1,732.00,173.00,58.00,43.00,0.8560,1,1
440,2,1142.00,86.00,30.00,21.00,0.8508,1,1
440,4,868.00,124.00,43.00,24.00,0.8541,1,1
440,12,490.00,547.00,113.00,104.00,0.9188,1,1
440,14,1221.00,159.00,35.00,27.00,0.8331,1,1
440,16,1224.00,176.00,32.00,35.00,0.3047,1,1
440,18,701.00,350.00,19.00,41.00,0.6511,1,1
440,19,877.00,146.00,26.00,22.00,0.5649,1,1
440,20,1228.00,178.00,25.00,28.00,0.8127,1,1
440,23,1144.00,225.00,23.00,15.00,0.4645,1,1
440,31,1146.00,184.00,22.00,20.00,0.5923,1,1
440,38,1144.00,101.00,21.00,20.00,0.4554,1,1
440,44,1145.00,182.00,23.00,19.00,0.6190,1,1
440,45,848.00,280.00,20.00,26.00,0.4247,1,1
440,46,675.00,883.00,36.00,46.00,0.7116,1,1
441,1,732.00,171.00,57.00,43.00,0.8707,1,1
441,2,1142.00,86.00,31.00,21.00,0.8578,1,1
441,4,869.00,123.00,45.00,24.00,0.8668,1,1
441,12,502.00,546.00,109.00,104.00,0.9176,1,1
441,14,1221.00,160.00,35.00,27.00,0.7746,1,1
441,16,1226.00,178.00,29.00,32.00,0.7781,1,1
441,18,700.00,346.00,18.00,41.00,0.3612,1,1
441,19,877.00,146.00,27.00,22.00,0.3187,1,1
441,20,1230.00,179.00,25.00,28.00,0.8127,1,1
441,23,1145.00,223.00,23.00,15.00,0.4645,1,1
441,30,879.00,145.00,26.00,24.00,0.5050,1,1
441,31,1147.00,180.00,22.00,20.00,0.6493,1,1
441,38,1145.00,102.00,22.00,20.00,0.3915,1,1
441,44,1155.00,180.00,23.00,18.00,0.6190,1,1
441,45,828.00,318.00,21.00,26.00,0.4207,1,1
441,46,679.00,886.00,33.00,43.00,0.7912,1,1
442,1,732.00,171.00,57.00,43.00,0.8729,1,1
442,2,1142.00,86.00,31.00,21.00,0.8569,1,1
442,4,869.00,123.00,45.00,24.00,0.8659,1,1
442,12,502.00,546.00,109.00,104.00,0.9186,1,1
442,14,1221.00,160.00,36.00,27.00,0.7708,1,1
442,16,1226.00,178.00,29.00,32.00,0.7776,1,1
442,18,700.00,347.00,18.00,41.00,0.3706,1,1
442,19,877.00,145.00,28.00,23.00,0.3010,1,1
442,30,878.00,145.00,28.00,24.00,0.5121,1,1
442,31,1147.00,181.00,22.00,19.00,0.6604,1,1
442,38,1145.00,102.00,22.00,20.00,0.3996,1,1
442,45,828.00,318.00,21.00,26.00,0.4481,1,1
442,46,679.00,887.00,33.00,42.00,0.7934,1,1
443,1,730.00,167.00,57.00,41.00,0.9089,1,1
443,2,1144.00,86.00,31.00,22.00,0.8619,1,1
443,4,871.00,123.00,45.00,24.00,0.8646,1,1
443,12,518.00,540.00,111.00,106.00,0.9516,1,1
443,14,1225.00,160.00,33.00,26.00,0.7782,1,1
443,16,1227.00,177.00,34.00,38.00,0.7550,1,1
443,18,698.00,344.00,18.00,42.00,0.3706,1,1
443,19,881.00,146.00,27.00,23.00,0.5639,1,1
443,30,876.00,134.00,28.00,26.00,0.5121,1,1
443,31,1151.00,179.00,21.00,19.00,0.6215,1,1
443,38,1148.00,103.00,22.00,19.00,0.3096,1,1
443,45,839.00,309.00,20.00,26.00,0.4481,1,1
443,46,684.00,883.00,32.00,47.00,0.7927,1,1
444,1,729.00,166.00,57.00,42.00,0.9142,1,1
444,2,1144.00,86.00,32.00,23.00,0.8587,1,1
444,4,872.00,122.00,45.00,25.00,0.8597,1,1
444,12,525.00,536.00,112.00,109.00,0.9575,1,1
444,14,1225.00,161.00,35.00,26.00,0.7580,1,1
444,16,1226.00,177.00,39.00,42.00,0.3365,1,1
444,19,882.00,146.00,26.00,22.00,0.5616,1,1
444,20,1228.00,177.00,35.00,39.00,0.7827,1,1
444,27,870.00,235.00,31.00,19.00,0.3809,1,1
444,31,1150.00,179.00,19.00,19.00,0.6318,1,1
444,38,1147.00,103.00,25.00,19.00,0.3120,1,1
444,46,685.00,880.00,34.00,47.00,0.8607,1,1
445,1,730.00,166.00,57.00,41.00,0.9178,1,1
445,2,1145.00,86.00,31.00,23.00,0.8605,1,1
445,4,873.00,123.00,45.00,24.00,0.8530,1,1
445,12,530.00,533.00,116.00,107.00,0.9597,1,1
445,14,1227.00,161.00,33.00,27.00,0.7740,1,1
445,16,1227.00,176.00,39.00,43.00,0.3746,1,1
445,19,883.00,145.00,26.00,23.00,0.5775,1,1
445,20,1229.00,177.00,33.00,39.00,0.8039,1,1
445,27,877.00,235.00,30.00,17.00,0.2633,1,1
445,31,1156.00,182.00,21.00,19.00,0.3657,1,1
445,38,1148.00,104.00,24.00,18.00,0.3999,1,1
445,46,694.00,877.00,30.00,47.00,0.8866,1,1
446,1,730.00,165.00,56.00,40.00,0.9158,1,1
446,2,1145.00,87.00,33.00,23.00,0.8544,1,1
446,4,874.00,122.00,48.00,24.00,0.8481,1,1
446,12,541.00,532.00,113.00,107.00,0.9654,1,1
446,14,1227.00,161.00,33.00,26.00,0.8295,1,1
446,16,1231.00,176.00,40.00,44.00,0.3746,1,1
446,19,884.00,145.00,26.00,23.00,0.5619,1,1
446,20,1231.00,178.00,27.00,34.00,0.8393,1,1
446,27,877.00,231.00,29.00,18.00,0.2701,1,1
446,31,1166.00,186.00,20.00,21.00,0.4924,1,1
446,38,1149.00,104.00,23.00,21.00,0.3495,1,1
446,44,1204.00,131.00,20.00,21.00,0.4032,1,1
446,45,870.00,228.00,26.00,18.00,0.2563,1,1
446,46,701.00,875.00,30.00,45.00,0.8296,1,1
447,1,733.00,164.00,53.00,39.00,0.9050,1,1
447,2,1146.00,88.00,32.00,22.00,0.8503,1,1
447,4,875.00,122.00,47.00,24.00,0.8438,1,1
447,12,551.00,529.00,110.00,109.00,0.9478,1,1
447,14,1229.00,160.00,32.00,25.00,0.8068,1,1
447,19,886.00,145.00,24.00,23.00,0.6112,1,1
447,20,1231.00,178.00,27.00,34.00,0.8164,1,1
447,27,889.00,228.00,23.00,18.00,0.2692,1,1
447,31,1168.00,186.00,21.00,24.00,0.6966,1,1
447,38,1149.00,103.00,24.00,22.00,0.3536,1,1
447,44,1205.00,132.00,23.00,18.00,0.3805,1,1
447,45,881.00,211.00,26.00,17.00,0.2563,1,1
447,46,706.00,865.00,32.00,50.00,0.8682,1,1
448,1,733.00,164.00,53.00,39.00,0.9046,1,1
448,2,1146.00,88.00,32.00,22.00,0.8488,1,1
448,4,875.00,122.00,47.00,24.00,0.8440,1,1
448,12,551.00,529.00,110.00,109.00,0.9480,1,1
448,14,1229.00,160.00,32.00,25.00,0.8064,1,1
448,19,886.00,145.00,25.00,23.00,0.5957,1,1
448,20,1231.00,178.00,27.00,33.00,0.8123,1,1
448,27,889.00,229.00,23.00,17.00,0.2994,1,1
448,31,1168.00,186.00,21.00,24.00,0.6903,1,1
448,38,1149.00,103.00,24.00,22.00,0.3535,1,1
448,44,1205.00,132.00,23.00,18.00,0.3796,1,1
448,46,706.00,864.00,32.00,51.00,0.8760,1,1
449,1,732.00,162.00,54.00,39.00,0.8982,1,1
449,2,1146.00,88.00,34.00,23.00,0.8379,1,1
449,4,876.00,121.00,47.00,24.00,0.8353,1,1
449,12,560.00,526.00,116.00,107.00,0.9469,1,1
449,14,1230.00,161.00,35.00,23.00,0.7391,1,1
449,18,809.00,327.00,25.00,36.00,0.2657,1,1
449,19,888.00,144.00,26.00,23.00,0.4468,1,1
449,20,1231.00,179.00,27.00,32.00,0.8106,1,1
449,27,889.00,227.00,22.00,18.00,0.2994,1,1
449,31,1169.00,186.00,20.00,25.00,0.7961,1,1
449,38,1149.00,103.00,26.00,22.00,0.5079,1,1
449,44,1213.00,128.00,23.00,18.00,0.3796,1,1
449,46,723.00,857.00,31.00,47.00,0.5642,1,1
450,1,735.00,162.00,52.00,38.00,0.8646,1,1
450,2,1145.00,89.00,35.00,23.00,0.8374,1,1
450,4,876.00,121.00,48.00,24.00,0.8350,1,1
450,12,564.00,526.00,119.00,106.00,0.9506,1,1
450,14,1230.00,161.00,36.00,23.00,0.7467,1,1
450,18,808.00,328.00,22.00,35.00,0.6377,1,1
450,19,888.00,144.00,27.00,23.00,0.5237,1,1
450,20,1230.00,180.00,29.00,32.00,0.7828,1,1
450,31,1170.00,186.00,20.00,25.00,0.7207,1,1
450,38,1149.00,104.00,26.00,22.00,0.5233,1,1
450,46,732.00,848.00,32.00,48.00,0.8011,1,1
451,1,736.00,162.00,53.00,36.00,0.8502,1,1
451,2,1145.00,89.00,35.00,25.00,0.8381,1,1
451,4,877.00,120.00,48.00,25.00,0.8428,1,1
451,12,570.00,524.00,117.00,105.00,0.9377,1,1
451,14,1229.00,162.00,37.00,22.00,0.7647,1,1
451,18,816.00,326.00,22.00,35.00,0.6377,1,1
451,19,891.00,144.00,24.00,23.00,0.5235,1,1
451,20,1229.00,180.00,30.00,32.00,0.8292,1,1
451,31,1170.00,187.00,20.00,25.00,0.6384,1,1
451,38,1150.00,105.00,24.00,22.00,0.5158,1,1
451,45,1193.00,132.00,21.00,12.00,0.2997,1,1
451,46,742.00,838.00,32.00,49.00,0.6069,1,1
452,1,736.00,162.00,53.00,36.00,0.8528,1,1
452,2,1145.00,89.00,35.00,25.00,0.8417,1,1
452,4,877.00,120.00,48.00,25.00,0.8452,1,1
452,12,570.00,524.00,117.00,105.00,0.9378,1,1
452,14,1229.00,162.00,37.00,22.00,0.7651,1,1
452,19,892.00,144.00,22.00,23.00,0.5383,1,1
452,20,1229.00,180.00,31.00,33.00,0.8328,1,1
452,31,1169.00,187.00,21.00,25.00,0.7099,1,1
452,38,1150.00,106.00,24.00,21.00,0.5113,1,1
452,45,1228.00,113.00,19.00,11.00,0.2997,1,1
452,46,742.00,838.00,32.00,50.00,0.6019,1,1
