2,1,1048.00,153.00,76.00,64.00,0.9367,1,1
2,2,832.00,2.00,41.00,27.00,0.8000,1,1
2,3,535.00,458.00,73.00,72.00,0.7051,1,1
2,4,631.00,48.00,55.00,31.00,0.7140,1,1
2,5,726.00,296.00,20.00,19.00,0.3146,1,1
3,1,1048.00,154.00,76.00,63.00,0.9421,1,1
3,2,832.00,2.00,43.00,25.00,0.8020,1,1
3,3,535.00,458.00,73.00,71.00,0.7597,1,1
3,4,631.00,48.00,55.00,30.00,0.7400,1,1
3,5,726.00,295.00,18.00,20.00,0.3425,1,1
4,1,1048.00,154.00,77.00,64.00,0.9428,1,1
4,2,833.00,3.00,44.00,24.00,0.7935,1,1
4,3,534.00,458.00,74.00,71.00,0.7692,1,1
4,4,631.00,48.00,55.00,30.00,0.7120,1,1
4,5,725.00,295.00,18.00,20.00,0.3425,1,1
5,1,1048.00,154.00,77.00,64.00,0.9435,1,1
5,2,835.00,3.00,44.00,22.00,0.7854,1,1
5,3,534.00,458.00,74.00,72.00,0.7456,1,1
5,4,631.00,48.00,55.00,31.00,0.7353,1,1
6,1,1049.00,154.00,76.00,64.00,0.9448,1,1
6,2,836.00,2.00,44.00,22.00,0.7929,1,1
6,3,533.00,458.00,75.00,72.00,0.8080,1,1
6,4,631.00,48.00,55.00,30.00,0.6923,1,1
6,6,649.00,209.00,68.00,76.00,0.4968,1,1
7,1,1049.00,154.00,76.00,65.00,0.9486,1,1
7,2,836.00,2.00,46.00,22.00,0.7739,1,1
7,3,533.00,460.00,75.00,70.00,0.7960,1,1
7,4,632.00,48.00,54.00,31.00,0.6817,1,1
7,6,649.00,209.00,68.00,75.00,0.4931,1,1
8,1,1049.00,154.00,76.00,65.00,0.9487,1,1
8,2,836.00,2.00,46.00,22.00,0.7739,1,1
8,3,533.00,460.00,75.00,70.00,0.8026,1,1
8,4,632.00,48.00,54.00,31.00,0.6761,1,1
8,6,649.00,209.00,68.00,75.00,0.4856,1,1
9,1,1049.00,154.00,76.00,65.00,0.9484,1,1
9,2,836.00,2.00,47.00,22.00,0.7500,1,1
9,3,533.00,461.00,74.00,70.00,0.8237,1,1
9,4,632.00,48.00,55.00,30.00,0.7020,1,1
9,5,726.00,296.00,21.00,18.00,0.3027,1,1
9,6,648.00,209.00,70.00,77.00,0.6166,1,1
10,1,1049.00,155.00,76.00,64.00,0.9499,1,1
10,2,837.00,2.00,47.00,23.00,0.7407,1,1
10,3,533.00,462.00,75.00,70.00,0.8138,1,1
10,4,632.00,48.00,55.00,30.00,0.6010,1,1
10,5,729.00,299.00,25.00,17.00,0.3330,1,1
10,6,647.00,209.00,70.00,77.00,0.6409,1,1
11,1,1049.00,155.00,76.00,64.00,0.9506,1,1
11,2,837.00,2.00,47.00,23.00,0.7438,1,1
11,3,532.00,462.00,74.00,71.00,0.8367,1,1
11,4,633.00,47.00,54.00,31.00,0.2528,1,1
11,5,734.00,299.00,20.00,18.00,0.2914,1,1
11,6,647.00,209.00,71.00,77.00,0.7328,1,1
12,1,1048.00,155.00,77.00,64.00,0.9513,1,1
12,2,836.00,2.00,48.00,24.00,0.7537,1,1
12,3,532.00,462.00,74.00,70.00,0.8091,1,1
12,4,633.00,47.00,54.00,32.00,0.6524,1,1
12,5,734.00,299.00,21.00,19.00,0.2914,1,1
12,6,646.00,209.00,73.00,77.00,0.6780,1,1
13,1,1048.00,155.00,77.00,64.00,0.9514,1,1
13,2,836.00,1.00,47.00,25.00,0.7678,1,1
13,3,531.00,464.00,74.00,68.00,0.7994,1,1
13,4,633.00,48.00,54.00,31.00,0.6571,1,1
13,6,646.00,209.00,73.00,78.00,0.7599,1,1
14,1,1048.00,155.00,77.00,64.00,0.9517,1,1
14,2,836.00,1.00,47.00,25.00,0.7679,1,1
14,3,531.00,464.00,74.00,68.00,0.8019,1,1
14,4,633.00,48.00,54.00,31.00,0.6604,1,1
14,6,646.00,209.00,73.00,78.00,0.7631,1,1
15,1,1048.00,155.00,77.00,64.00,0.9515,1,1
15,2,835.00,2.00,47.00,25.00,0.7660,1,1
15,3,531.00,464.00,74.00,68.00,0.6918,1,1
15,4,633.00,48.00,55.00,32.00,0.6958,1,1
15,6,645.00,209.00,74.00,77.00,0.8177,1,1
16,1,1048.00,155.00,77.00,64.00,0.9513,1,1
16,2,833.00,2.00,46.00,25.00,0.7936,1,1
16,3,531.00,465.00,73.00,68.00,0.6616,1,1
16,4,633.00,48.00,54.00,32.00,0.6716,1,1
16,6,645.00,209.00,74.00,77.00,0.8725,1,1
17,1,1049.00,155.00,77.00,64.00,0.9531,1,1
17,2,831.00,3.00,46.00,25.00,0.8374,1,1
17,3,530.00,466.00,74.00,69.00,0.6873,1,1
17,4,633.00,48.00,54.00,32.00,0.7132,1,1
17,6,645.00,209.00,74.00,77.00,0.8753,1,1
18,1,1050.00,155.00,77.00,64.00,0.9516,1,1
18,2,828.00,2.00,47.00,25.00,0.8545,1,1
18,3,529.00,466.00,74.00,70.00,0.6156,1,1
18,4,633.00,48.00,54.00,32.00,0.7184,1,1
18,6,645.00,209.00,74.00,77.00,0.8987,1,1
18,8,480.00,0.00,24.00,19.00,0.5623,1,1
18,9,475.00,109.00,21.00,24.00,0.7142,1,1
19,1,1051.00,154.00,79.00,66.00,0.9529,1,1
19,2,825.00,2.00,47.00,25.00,0.8493,1,1
19,3,529.00,467.00,73.00,70.00,0.6154,1,1
19,4,633.00,48.00,54.00,32.00,0.7120,1,1
19,6,645.00,208.00,75.00,78.00,0.9005,1,1
19,8,476.00,0.00,27.00,21.00,0.6877,1,1
19,9,476.00,113.00,20.00,23.00,0.6759,1,1
20,1,1051.00,154.00,79.00,66.00,0.9526,1,1
20,2,825.00,2.00,47.00,25.00,0.8492,1,1
20,3,529.00,467.00,73.00,70.00,0.6186,1,1
20,4,633.00,48.00,54.00,32.00,0.7103,1,1
20,6,645.00,208.00,75.00,78.00,0.9012,1,1
20,8,476.00,0.00,27.00,21.00,0.6867,1,1
20,9,475.00,113.00,21.00,23.00,0.6784,1,1
21,1,1053.00,154.00,78.00,66.00,0.9459,1,1
21,2,822.00,1.00,48.00,29.00,0.8077,1,1
21,3,528.00,467.00,74.00,70.00,0.3726,1,1
21,4,633.00,48.00,54.00,32.00,0.6817,1,1
21,6,645.00,208.00,75.00,78.00,0.8941,1,1
21,8,474.00,0.00,28.00,22.00,0.7443,1,1
21,9,477.00,117.00,22.00,22.00,0.7606,1,1
22,1,1055.00,155.00,78.00,65.00,0.9372,1,1
22,2,821.00,1.00,47.00,30.00,0.8036,1,1
22,3,529.00,468.00,73.00,69.00,0.2757,1,1
22,4,632.00,48.00,55.00,32.00,0.6934,1,1
22,5,722.00,281.00,19.00,28.00,0.3722,1,1
22,6,645.00,208.00,76.00,78.00,0.9005,1,1
22,8,466.00,0.00,35.00,25.00,0.7675,1,1
22,9,480.00,121.00,22.00,22.00,0.7679,1,1
23,1,1057.00,155.00,78.00,66.00,0.9335,1,1
23,2,818.00,1.00,47.00,28.00,0.7748,1,1
23,3,529.00,468.00,72.00,70.00,0.2757,1,1
23,4,632.00,48.00,55.00,31.00,0.6789,1,1
23,5,727.00,283.00,18.00,26.00,0.6695,1,1
23,6,645.00,208.00,76.00,79.00,0.8999,1,1
23,8,467.00,0.00,33.00,26.00,0.8078,1,1
23,9,481.00,126.00,22.00,22.00,0.8377,1,1
24,1,1058.00,155.00,78.00,66.00,0.9344,1,1
24,2,815.00,2.00,46.00,28.00,0.8332,1,1
24,4,632.00,48.00,55.00,31.00,0.6789,1,1
24,5,731.00,284.00,17.00,26.00,0.8017,1,1
24,6,645.00,208.00,76.00,79.00,0.9110,1,1
24,8,466.00,1.00,34.00,26.00,0.8512,1,1
24,9,483.00,131.00,24.00,22.00,0.7685,1,1
25,1,1061.00,156.00,77.00,66.00,0.9360,1,1
25,2,812.00,0.00,45.00,29.00,0.8000,1,1
25,4,632.00,48.00,55.00,31.00,0.6799,1,1
25,5,732.00,285.00,17.00,26.00,0.7830,1,1
25,6,644.00,208.00,77.00,78.00,0.9148,1,1
25,8,464.00,1.00,36.00,26.00,0.8768,1,1
25,9,484.00,134.00,25.00,24.00,0.8302,1,1
26,1,1061.00,156.00,77.00,66.00,0.9342,1,1
26,2,812.00,0.00,45.00,29.00,0.7998,1,1
26,4,632.00,48.00,55.00,32.00,0.6785,1,1
26,5,732.00,285.00,17.00,26.00,0.7807,1,1
26,6,644.00,208.00,77.00,78.00,0.9148,1,1
26,8,464.00,1.00,36.00,26.00,0.8759,1,1
26,9,484.00,134.00,25.00,24.00,0.8295,1,1
27,1,1063.00,156.00,78.00,66.00,0.9126,1,1
27,2,809.00,0.00,44.00,28.00,0.8154,1,1
27,4,632.00,48.00,55.00,32.00,0.6924,1,1
27,5,732.00,286.00,18.00,27.00,0.5801,1,1
27,6,645.00,208.00,76.00,78.00,0.9178,1,1
27,8,464.00,1.00,37.00,28.00,0.8815,1,1
27,9,486.00,138.00,24.00,26.00,0.8204,1,1
28,1,1065.00,158.00,78.00,66.00,0.9235,1,1
28,2,807.00,0.00,43.00,27.00,0.8165,1,1
28,4,632.00,48.00,55.00,32.00,0.7393,1,1
28,5,731.00,287.00,19.00,26.00,0.6162,1,1
28,6,644.00,208.00,77.00,78.00,0.9194,1,1
28,8,465.00,1.00,38.00,29.00,0.7935,1,1
28,9,488.00,143.00,25.00,27.00,0.6918,1,1
29,1,1068.00,158.00,77.00,67.00,0.9375,1,1
29,2,803.00,0.00,45.00,26.00,0.8407,1,1
29,4,631.00,47.00,57.00,33.00,0.7864,1,1
29,5,730.00,287.00,18.00,25.00,0.7545,1,1
29,6,645.00,208.00,76.00,79.00,0.9244,1,1
29,8,466.00,2.00,38.00,29.00,0.7894,1,1
29,9,488.00,146.00,25.00,29.00,0.7199,1,1
30,1,1071.00,159.00,77.00,66.00,0.9220,1,1
30,2,800.00,0.00,45.00,25.00,0.8603,1,1
30,4,632.00,48.00,55.00,32.00,0.7547,1,1
30,5,728.00,288.00,18.00,25.00,0.4889,1,1
30,6,645.00,208.00,76.00,79.00,0.9230,1,1
30,8,467.00,2.00,40.00,31.00,0.8706,1,1
30,9,489.00,151.00,27.00,32.00,0.8512,1,1
31,1,1074.00,160.00,76.00,66.00,0.9231,1,1
31,2,798.00,0.00,44.00,24.00,0.8459,1,1
31,4,631.00,48.00,56.00,32.00,0.7757,1,1
31,5,726.00,287.00,18.00,25.00,0.5996,1,1
31,6,645.00,208.00,76.00,78.00,0.9263,1,1
31,8,470.00,3.00,38.00,35.00,0.9242,1,1
31,9,492.00,159.00,24.00,30.00,0.7893,1,1
32,1,1074.00,160.00,76.00,66.00,0.9229,1,1
32,2,798.00,0.00,44.00,24.00,0.8465,1,1
32,4,631.00,48.00,56.00,32.00,0.7758,1,1
32,5,726.00,287.00,18.00,25.00,0.6001,1,1
32,6,645.00,208.00,76.00,78.00,0.9256,1,1
32,8,470.00,3.00,38.00,35.00,0.9242,1,1
32,9,492.00,159.00,24.00,30.00,0.7883,1,1
32,10,473.00,9.00,33.00,32.00,0.5065,1,1
33,1,1076.00,161.00,77.00,66.00,0.9287,1,1
33,2,795.00,0.00,45.00,23.00,0.7937,1,1
33,4,632.00,48.00,55.00,31.00,0.7935,1,1
33,5,724.00,286.00,18.00,24.00,0.5526,1,1
33,6,645.00,208.00,76.00,78.00,0.9301,1,1
33,8,472.00,6.00,38.00,35.00,0.8183,1,1
33,9,492.00,165.00,24.00,30.00,0.8116,1,1
33,10,475.00,12.00,33.00,31.00,0.7986,1,1
34,1,1079.00,162.00,77.00,66.00,0.9260,1,1
34,2,791.00,1.00,46.00,18.00,0.5858,1,1
34,4,632.00,48.00,55.00,31.00,0.8060,1,1
34,5,723.00,283.00,18.00,24.00,0.4206,1,1
34,6,645.00,208.00,76.00,78.00,0.9327,1,1
34,8,477.00,13.00,35.00,30.00,0.8387,1,1
34,9,492.00,168.00,23.00,31.00,0.8892,1,1
34,10,481.00,17.00,29.00,32.00,0.3557,1,1
35,1,1081.00,162.00,78.00,67.00,0.9232,1,1
35,2,789.00,0.00,44.00,16.00,0.3119,1,1
35,4,632.00,47.00,55.00,31.00,0.8156,1,1
35,5,722.00,280.00,18.00,25.00,0.8147,1,1
35,6,645.00,208.00,76.00,79.00,0.9383,1,1
35,8,479.00,13.00,35.00,29.00,0.8631,1,1
35,9,490.00,171.00,23.00,32.00,0.8685,1,1
35,10,483.00,20.00,29.00,32.00,0.3557,1,1
36,1,1085.00,163.00,76.00,67.00,0.9165,1,1
36,2,788.00,0.00,42.00,15.00,0.3119,1,1
36,4,632.00,47.00,55.00,31.00,0.8074,1,1
36,5,721.00,277.00,17.00,27.00,0.8889,1,1
36,6,645.00,208.00,77.00,79.00,0.9389,1,1
36,8,483.00,13.00,34.00,31.00,0.7749,1,1
36,9,487.00,174.00,24.00,34.00,0.8298,1,1
37,1,1086.00,165.00,76.00,66.00,0.9294,1,1
37,4,632.00,47.00,55.00,31.00,0.8031,1,1
37,5,721.00,277.00,17.00,26.00,0.8891,1,1
37,6,646.00,208.00,76.00,78.00,0.9332,1,1
37,8,485.00,14.00,35.00,31.00,0.7986,1,1
37,9,484.00,176.00,26.00,34.00,0.8296,1,1
38,1,1086.00,165.00,76.00,66.00,0.9295,1,1
38,4,632.00,47.00,55.00,32.00,0.8044,1,1
38,5,721.00,277.00,17.00,26.00,0.8883,1,1
38,6,646.00,208.00,76.00,78.00,0.9331,1,1
38,8,485.00,14.00,35.00,31.00,0.7983,1,1
38,9,485.00,177.00,25.00,33.00,0.8293,1,1
39,1,1087.00,165.00,76.00,67.00,0.9293,1,1
39,3,1018.00,245.00,21.00,19.00,0.3088,1,1
39,4,632.00,47.00,55.00,31.00,0.8156,1,1
39,5,721.00,276.00,17.00,28.00,0.8250,1,1
39,6,646.00,208.00,75.00,78.00,0.9317,1,1
39,8,487.00,17.00,33.00,29.00,0.8295,1,1
39,9,483.00,179.00,25.00,35.00,0.8584,1,1
40,1,1088.00,165.00,76.00,68.00,0.9331,1,1
40,3,1045.00,233.00,18.00,16.00,0.3088,1,1
40,4,632.00,47.00,55.00,31.00,0.8188,1,1
40,5,721.00,277.00,17.00,28.00,0.7893,1,1
40,6,646.00,209.00,75.00,77.00,0.9111,1,1
40,8,489.00,17.00,35.00,31.00,0.8652,1,1
40,9,481.00,180.00,25.00,37.00,0.8796,1,1
41,1,1088.00,165.00,76.00,68.00,0.9316,1,1
41,3,1020.00,245.00,23.00,19.00,0.2566,1,1
41,4,632.00,47.00,55.00,31.00,0.7985,1,1
41,5,721.00,276.00,17.00,27.00,0.7790,1,1
41,6,647.00,209.00,75.00,77.00,0.8773,1,1
41,8,491.00,19.00,36.00,30.00,0.9260,1,1
41,9,480.00,187.00,24.00,35.00,0.8776,1,1
41,12,474.00,0.00,59.00,20.00,0.3458,1,1
42,1,1088.00,165.00,76.00,68.00,0.9297,1,1
42,3,1044.00,240.00,22.00,18.00,0.2566,1,1
42,4,632.00,47.00,55.00,31.00,0.8021,1,1
42,5,721.00,275.00,17.00,28.00,0.8368,1,1
42,6,648.00,209.00,73.00,76.00,0.8745,1,1
42,8,491.00,22.00,36.00,32.00,0.9352,1,1
42,9,479.00,188.00,25.00,36.00,0.8929,1,1
42,12,475.00,0.00,58.00,23.00,0.4650,1,1
43,1,1088.00,166.00,76.00,66.00,0.9343,1,1
43,4,632.00,47.00,55.00,31.00,0.8198,1,1
43,5,720.00,275.00,19.00,29.00,0.8365,1,1
43,6,648.00,209.00,73.00,77.00,0.7255,1,1
43,8,492.00,24.00,36.00,32.00,0.8749,1,1
43,9,479.00,191.00,26.00,37.00,0.8989,1,1
43,12,474.00,0.00,60.00,24.00,0.4904,1,1
43,14,547.00,366.00,29.00,41.00,0.3036,1,1
44,1,1088.00,166.00,76.00,66.00,0.9342,1,1
44,4,632.00,47.00,55.00,31.00,0.8198,1,1
44,5,720.00,275.00,19.00,29.00,0.8366,1,1
44,6,648.00,209.00,73.00,77.00,0.7252,1,1
44,8,492.00,24.00,36.00,32.00,0.8751,1,1
44,9,479.00,191.00,26.00,37.00,0.8992,1,1
44,12,474.00,0.00,60.00,24.00,0.4907,1,1
44,14,547.00,366.00,29.00,41.00,0.3021,1,1
44,15,473.00,0.00,63.00,22.00,0.2769,1,1
45,1,1087.00,165.00,76.00,68.00,0.9327,1,1
45,4,631.00,47.00,56.00,33.00,0.8192,1,1
45,5,721.00,276.00,19.00,29.00,0.8536,1,1
45,6,648.00,209.00,72.00,76.00,0.7027,1,1
45,8,490.00,24.00,38.00,34.00,0.8852,1,1
45,9,478.00,197.00,28.00,37.00,0.8791,1,1
45,12,475.00,0.00,59.00,25.00,0.3323,1,1
45,14,547.00,365.00,29.00,41.00,0.3021,1,1
45,15,475.00,0.00,60.00,24.00,0.5897,1,1
46,1,1085.00,165.00,76.00,68.00,0.9329,1,1
46,3,1020.00,242.00,24.00,19.00,0.2785,1,1
46,4,631.00,47.00,56.00,32.00,0.8382,1,1
46,5,721.00,276.00,20.00,30.00,0.8716,1,1
46,6,648.00,209.00,71.00,76.00,0.7558,1,1
46,8,491.00,26.00,38.00,33.00,0.8852,1,1
46,9,479.00,203.00,27.00,37.00,0.8674,1,1
46,10,490.00,30.00,36.00,31.00,0.8815,1,1
46,12,476.00,0.00,59.00,28.00,0.6994,1,1
46,14,546.00,362.00,31.00,41.00,0.6468,1,1
46,15,474.00,0.00,63.00,25.00,0.5897,1,1
47,1,1083.00,165.00,77.00,67.00,0.9388,1,1
47,3,1020.00,241.00,24.00,20.00,0.3983,1,1
47,4,631.00,47.00,56.00,32.00,0.8273,1,1
47,5,721.00,277.00,23.00,29.00,0.8110,1,1
47,6,648.00,209.00,69.00,77.00,0.8011,1,1
47,8,490.00,30.00,39.00,34.00,0.9213,1,1
47,9,479.00,210.00,30.00,38.00,0.8802,1,1
47,10,491.00,32.00,36.00,30.00,0.8815,1,1
47,12,476.00,0.00,59.00,32.00,0.8083,1,1
47,14,545.00,362.00,32.00,41.00,0.5224,1,1
48,1,1081.00,164.00,77.00,66.00,0.9504,1,1
48,3,1034.00,238.00,24.00,21.00,0.3983,1,1
48,4,632.00,47.00,56.00,32.00,0.8020,1,1
48,5,721.00,278.00,20.00,28.00,0.8079,1,1
48,6,648.00,209.00,71.00,77.00,0.7931,1,1
48,8,497.00,28.00,36.00,37.00,0.4265,1,1
48,9,481.00,218.00,28.00,36.00,0.8943,1,1
48,10,490.00,31.00,41.00,37.00,0.9231,1,1
48,12,476.00,0.00,59.00,35.00,0.6658,1,1
48,14,545.00,362.00,32.00,40.00,0.5224,1,1
49,1,1079.00,164.00,77.00,65.00,0.9485,1,1
49,4,632.00,47.00,56.00,32.00,0.8069,1,1
49,5,721.00,280.00,20.00,28.00,0.7396,1,1
49,6,649.00,209.00,70.00,77.00,0.7651,1,1
49,8,493.00,28.00,40.00,41.00,0.3353,1,1
49,9,482.00,223.00,28.00,37.00,0.8825,1,1
49,10,487.00,33.00,43.00,37.00,0.9364,1,1
49,12,472.00,0.00,63.00,37.00,0.7308,1,1
50,1,1079.00,164.00,77.00,65.00,0.9487,1,1
50,4,632.00,47.00,56.00,32.00,0.8081,1,1
50,5,721.00,280.00,20.00,28.00,0.7417,1,1
50,6,649.00,209.00,70.00,77.00,0.7655,1,1
50,8,493.00,28.00,41.00,42.00,0.3375,1,1
50,9,482.00,223.00,28.00,37.00,0.8822,1,1
50,10,487.00,33.00,43.00,37.00,0.9363,1,1
50,12,472.00,0.00,63.00,38.00,0.7347,1,1
51,1,1078.00,163.00,76.00,65.00,0.9469,1,1
51,4,633.00,47.00,55.00,32.00,0.8004,1,1
51,5,724.00,283.00,18.00,27.00,0.6752,1,1
51,6,649.00,209.00,69.00,77.00,0.7272,1,1
51,8,493.00,29.00,42.00,42.00,0.3375,1,1
51,9,483.00,230.00,28.00,37.00,0.9006,1,1
51,10,486.00,35.00,43.00,36.00,0.9190,1,1
51,12,472.00,0.00,63.00,41.00,0.6275,1,1
51,15,472.00,0.00,63.00,39.00,0.2860,1,1
52,1,1076.00,162.00,77.00,66.00,0.9509,1,1
52,4,633.00,47.00,56.00,32.00,0.8037,1,1
52,5,725.00,286.00,20.00,25.00,0.7548,1,1
52,6,649.00,209.00,69.00,78.00,0.7016,1,1
52,9,485.00,235.00,27.00,36.00,0.9285,1,1
52,10,489.00,36.00,41.00,35.00,0.9208,1,1
52,12,471.00,0.00,64.00,43.00,0.6186,1,1
52,15,470.00,0.00,65.00,41.00,0.3659,1,1
53,1,1075.00,162.00,76.00,65.00,0.9479,1,1
53,4,633.00,47.00,56.00,32.00,0.7755,1,1
53,5,726.00,287.00,24.00,25.00,0.7878,1,1
53,6,649.00,209.00,70.00,77.00,0.6982,1,1
53,9,487.00,241.00,27.00,35.00,0.8739,1,1
53,10,488.00,37.00,42.00,36.00,0.9210,1,1
53,12,468.00,0.00,67.00,45.00,0.3687,1,1
53,14,574.00,429.00,23.00,28.00,0.2728,1,1
53,15,468.00,0.00,66.00,44.00,0.6148,1,1
54,1,1072.00,161.00,77.00,66.00,0.9330,1,1
54,3,864.00,119.00,26.00,20.00,0.2927,1,1
54,4,633.00,47.00,56.00,32.00,0.7467,1,1
54,5,726.00,289.00,22.00,22.00,0.8907,1,1
54,6,649.00,209.00,69.00,78.00,0.7043,1,1
54,9,490.00,246.00,25.00,36.00,0.8843,1,1
54,10,488.00,36.00,45.00,38.00,0.8980,1,1
54,12,467.00,0.00,67.00,47.00,0.7411,1,1
54,14,575.00,427.00,22.00,31.00,0.4965,1,1
54,15,467.00,0.00,68.00,46.00,0.6148,1,1
55,1,1070.00,161.00,77.00,66.00,0.9245,1,1
55,3,867.00,115.00,25.00,22.00,0.2798,1,1
55,4,633.00,48.00,56.00,31.00,0.7695,1,1
55,5,726.00,290.00,22.00,22.00,0.9056,1,1
55,6,649.00,209.00,70.00,77.00,0.6928,1,1
55,8,485.00,42.00,48.00,33.00,0.5258,1,1
55,9,492.00,250.00,25.00,38.00,0.9082,1,1
55,10,504.00,38.00,30.00,35.00,0.8772,1,1
55,12,466.00,1.00,69.00,49.00,0.6883,1,1
55,14,576.00,428.00,23.00,31.00,0.6941,1,1
56,1,1070.00,161.00,77.00,66.00,0.9237,1,1
56,3,867.00,115.00,26.00,22.00,0.2788,1,1
56,4,633.00,47.00,56.00,32.00,0.7705,1,1
56,5,726.00,290.00,22.00,22.00,0.9057,1,1
56,6,649.00,209.00,70.00,77.00,0.6957,1,1
56,8,486.00,43.00,47.00,31.00,0.5245,1,1
56,9,492.00,251.00,25.00,37.00,0.9095,1,1
56,10,504.00,38.00,30.00,35.00,0.8774,1,1
56,12,466.00,2.00,69.00,49.00,0.6888,1,1
56,14,576.00,428.00,23.00,31.00,0.6989,1,1
57,1,1068.00,161.00,77.00,65.00,0.9216,1,1
57,3,862.00,109.00,27.00,22.00,0.2788,1,1
57,4,633.00,47.00,56.00,32.00,0.7749,1,1
57,5,726.00,291.00,22.00,21.00,0.8921,1,1
57,6,649.00,209.00,70.00,76.00,0.6518,1,1
57,8,487.00,47.00,41.00,31.00,0.6686,1,1
57,9,493.00,256.00,27.00,37.00,0.8817,1,1
57,10,501.00,44.00,32.00,32.00,0.8549,1,1
57,12,467.00,3.00,69.00,50.00,0.3847,1,1
57,14,580.00,432.00,22.00,28.00,0.7874,1,1
57,15,467.00,3.00,68.00,50.00,0.6156,1,1
58,1,1065.00,160.00,78.00,65.00,0.9274,1,1
58,4,633.00,48.00,56.00,32.00,0.7829,1,1
58,5,726.00,292.00,22.00,19.00,0.8250,1,1
58,6,649.00,209.00,69.00,75.00,0.6695,1,1
58,8,492.00,50.00,38.00,31.00,0.5593,1,1
58,9,496.00,258.00,27.00,39.00,0.8563,1,1
58,10,501.00,48.00,32.00,27.00,0.8451,1,1
58,12,466.00,5.00,69.00,52.00,0.7141,1,1
58,14,584.00,430.00,25.00,32.00,0.7972,1,1
58,15,467.00,5.00,69.00,51.00,0.2681,1,1
59,1,1064.00,160.00,77.00,65.00,0.9192,1,1
59,4,633.00,48.00,56.00,32.00,0.7729,1,1
59,5,725.00,294.00,22.00,17.00,0.5161,1,1
59,6,650.00,209.00,68.00,75.00,0.7435,1,1
59,8,491.00,54.00,36.00,31.00,0.4821,1,1
59,9,498.00,262.00,27.00,41.00,0.8962,1,1
59,10,507.00,49.00,26.00,27.00,0.7673,1,1
59,12,467.00,7.00,68.00,55.00,0.7228,1,1
59,14,590.00,431.00,27.00,33.00,0.7787,1,1
59,15,466.00,5.00,70.00,53.00,0.2681,1,1
59,18,491.00,56.00,29.00,35.00,0.4155,1,1
60,1,1062.00,160.00,77.00,64.00,0.9043,1,1
60,3,852.00,109.00,20.00,24.00,0.2807,1,1
60,4,632.00,48.00,56.00,33.00,0.7680,1,1
60,5,726.00,294.00,19.00,20.00,0.4253,1,1
60,6,650.00,209.00,69.00,74.00,0.8093,1,1
60,8,489.00,61.00,29.00,31.00,0.3872,1,1
60,9,500.00,266.00,27.00,41.00,0.8571,1,1
60,10,508.00,50.00,25.00,27.00,0.7673,1,1
60,12,468.00,10.00,68.00,56.00,0.6610,1,1
60,14,595.00,436.00,32.00,34.00,0.8133,1,1
60,18,494.00,57.00,31.00,35.00,0.2589,1,1
61,1,1061.00,159.00,77.00,65.00,0.9102,1,1
61,3,852.00,114.00,20.00,23.00,0.6277,1,1
61,4,632.00,47.00,56.00,34.00,0.7650,1,1
61,5,726.00,294.00,18.00,21.00,0.3417,1,1
61,6,649.00,209.00,70.00,74.00,0.8053,1,1
61,8,487.00,63.00,29.00,32.00,0.3082,1,1
61,9,505.00,271.00,26.00,41.00,0.8295,1,1
61,12,469.00,12.00,67.00,57.00,0.5943,1,1
61,14,599.00,437.00,30.00,34.00,0.8154,1,1
61,18,496.00,58.00,30.00,34.00,0.2589,1,1
62,1,1061.00,159.00,77.00,65.00,0.9103,1,1
62,3,852.00,115.00,19.00,22.00,0.6279,1,1
62,4,632.00,47.00,56.00,34.00,0.7616,1,1
62,5,726.00,293.00,18.00,22.00,0.3379,1,1
62,6,649.00,209.00,70.00,74.00,0.8158,1,1
62,8,487.00,64.00,29.00,31.00,0.3079,1,1
62,9,505.00,271.00,26.00,41.00,0.8295,1,1
62,12,469.00,13.00,67.00,57.00,0.5912,1,1
62,14,599.00,437.00,30.00,34.00,0.8131,1,1
63,1,1061.00,159.00,76.00,65.00,0.9043,1,1
63,3,850.00,120.00,24.00,20.00,0.5823,1,1
63,4,632.00,47.00,57.00,33.00,0.7284,1,1
63,5,726.00,294.00,19.00,22.00,0.3379,1,1
63,6,650.00,209.00,69.00,74.00,0.7922,1,1
63,8,487.00,66.00,29.00,31.00,0.3079,1,1
63,9,508.00,278.00,28.00,38.00,0.7881,1,1
63,12,469.00,14.00,68.00,57.00,0.3610,1,1
63,14,602.00,440.00,30.00,34.00,0.8131,1,1
64,1,1060.00,159.00,77.00,65.00,0.9043,1,1
64,3,856.00,120.00,22.00,26.00,0.6541,1,1
64,4,632.00,47.00,56.00,34.00,0.7341,1,1
64,5,726.00,294.00,20.00,21.00,0.3818,1,1
64,6,650.00,208.00,69.00,75.00,0.8046,1,1
64,8,489.00,67.00,29.00,29.00,0.2984,1,1
64,9,512.00,282.00,27.00,36.00,0.8163,1,1
64,12,470.00,15.00,67.00,57.00,0.6383,1,1
65,1,1060.00,159.00,76.00,65.00,0.9028,1,1
65,3,862.00,128.00,20.00,25.00,0.8194,1,1
65,4,632.00,48.00,56.00,33.00,0.7193,1,1
65,5,727.00,296.00,20.00,20.00,0.5103,1,1
65,6,650.00,208.00,69.00,75.00,0.7762,1,1
65,8,488.00,69.00,30.00,29.00,0.2984,1,1
65,9,516.00,286.00,27.00,36.00,0.7904,1,1
65,12,471.00,17.00,67.00,56.00,0.8128,1,1
65,18,516.00,56.00,22.00,37.00,0.2637,1,1
66,1,1060.00,160.00,76.00,64.00,0.9005,1,1
66,3,864.00,129.00,20.00,27.00,0.7389,1,1
66,4,632.00,48.00,56.00,33.00,0.7724,1,1
66,5,727.00,297.00,20.00,20.00,0.6046,1,1
66,6,650.00,208.00,69.00,75.00,0.7721,1,1
66,9,520.00,290.00,27.00,38.00,0.6986,1,1
66,12,471.00,19.00,67.00,56.00,0.7336,1,1
66,18,520.00,56.00,21.00,37.00,0.2637,1,1
67,1,1058.00,160.00,77.00,64.00,0.9025,1,1
67,3,865.00,130.00,20.00,26.00,0.7700,1,1
67,4,631.00,48.00,57.00,33.00,0.7596,1,1
67,5,728.00,298.00,19.00,19.00,0.6417,1,1
67,6,651.00,208.00,68.00,74.00,0.7594,1,1
67,8,488.00,72.00,30.00,26.00,0.4493,1,1
67,9,524.00,296.00,27.00,37.00,0.7540,1,1
67,12,471.00,19.00,66.00,58.00,0.6875,1,1
67,18,516.00,57.00,22.00,36.00,0.3230,1,1
68,1,1058.00,160.00,77.00,64.00,0.9014,1,1
68,3,865.00,130.00,20.00,26.00,0.7700,1,1
68,4,631.00,48.00,57.00,33.00,0.7683,1,1
68,5,728.00,298.00,19.00,19.00,0.6446,1,1
68,6,651.00,208.00,68.00,74.00,0.7561,1,1
68,8,488.00,72.00,30.00,26.00,0.4531,1,1
68,9,524.00,296.00,27.00,37.00,0.7539,1,1
68,12,471.00,19.00,66.00,58.00,0.6901,1,1
68,18,516.00,57.00,22.00,36.00,0.3281,1,1
69,1,1056.00,160.00,78.00,63.00,0.8992,1,1
69,3,865.00,129.00,19.00,26.00,0.7556,1,1
69,4,631.00,48.00,57.00,33.00,0.7748,1,1
69,5,729.00,299.00,19.00,19.00,0.5598,1,1
69,6,651.00,208.00,69.00,74.00,0.7769,1,1
69,8,489.00,74.00,29.00,25.00,0.2781,1,1
69,9,528.00,303.00,29.00,34.00,0.5301,1,1
69,12,470.00,20.00,67.00,60.00,0.6276,1,1
69,14,661.00,468.00,26.00,33.00,0.2954,1,1
69,18,518.00,57.00,22.00,36.00,0.3281,1,1
70,1,1056.00,160.00,77.00,62.00,0.8953,1,1
70,3,864.00,129.00,20.00,25.00,0.7554,1,1
70,4,631.00,48.00,58.00,33.00,0.7165,1,1
70,5,729.00,298.00,19.00,19.00,0.4319,1,1
70,6,651.00,208.00,69.00,74.00,0.7746,1,1
70,8,489.00,76.00,29.00,25.00,0.2781,1,1
70,9,530.00,307.00,30.00,34.00,0.5301,1,1
70,12,469.00,21.00,67.00,62.00,0.6192,1,1
70,14,667.00,472.00,27.00,33.00,0.2954,1,1
70,18,516.00,58.00,22.00,35.00,0.2853,1,1
70,21,772.00,2.00,43.00,38.00,0.2779,1,1
71,1,1054.00,159.00,77.00,63.00,0.8995,1,1
71,3,863.00,128.00,19.00,25.00,0.8500,1,1
71,4,631.00,48.00,58.00,32.00,0.7434,1,1
71,5,729.00,298.00,19.00,19.00,0.4924,1,1
71,6,652.00,208.00,68.00,74.00,0.7803,1,1
71,9,542.00,298.00,29.00,34.00,0.7917,1,1
71,12,468.00,22.00,67.00,64.00,0.4598,1,1
71,14,649.00,459.00,38.00,36.00,0.3506,1,1
71,18,518.00,58.00,22.00,35.00,0.2853,1,1
71,21,772.00,3.00,42.00,37.00,0.2726,1,1
72,1,1053.00,159.00,78.00,63.00,0.9038,1,1
72,3,858.00,129.00,22.00,25.00,0.8464,1,1
72,4,631.00,48.00,59.00,32.00,0.4377,1,1
72,5,728.00,297.00,19.00,19.00,0.3426,1,1
72,6,652.00,208.00,68.00,74.00,0.7433,1,1
72,9,548.00,289.00,26.00,35.00,0.4397,1,1
72,12,467.00,22.00,66.00,65.00,0.4014,1,1
72,14,653.00,461.00,39.00,36.00,0.3506,1,1
72,15,631.00,47.00,58.00,33.00,0.6580,1,1
72,21,772.00,3.00,42.00,37.00,0.2726,1,1
73,1,1053.00,159.00,77.00,63.00,0.9086,1,1
73,3,857.00,127.00,21.00,24.00,0.2553,1,1
73,4,632.00,47.00,58.00,33.00,0.2692,1,1
73,5,728.00,297.00,19.00,19.00,0.3426,1,1
73,6,652.00,208.00,69.00,74.00,0.7126,1,1
73,9,555.00,277.00,28.00,44.00,0.7971,1,1
73,12,466.00,22.00,67.00,65.00,0.4655,1,1
73,15,632.00,48.00,58.00,32.00,0.7104,1,1
73,18,513.00,58.00,24.00,35.00,0.2689,1,1
74,1,1053.00,159.00,77.00,63.00,0.9084,1,1
74,3,855.00,129.00,20.00,23.00,0.7488,1,1
74,4,631.00,47.00,59.00,33.00,0.2739,1,1
74,6,652.00,208.00,69.00,74.00,0.7200,1,1
74,9,555.00,277.00,28.00,44.00,0.7976,1,1
74,10,858.00,127.00,20.00,24.00,0.2533,1,1
74,12,466.00,22.00,67.00,65.00,0.4648,1,1
74,15,632.00,48.00,58.00,32.00,0.7074,1,1
74,18,513.00,58.00,24.00,35.00,0.2711,1,1
75,1,1052.00,158.00,78.00,63.00,0.9101,1,1
75,3,849.00,127.00,24.00,24.00,0.4666,1,1
75,4,633.00,47.00,57.00,33.00,0.6869,1,1
75,5,728.00,295.00,19.00,21.00,0.4437,1,1
75,6,653.00,208.00,68.00,74.00,0.7865,1,1
75,8,491.00,67.00,28.00,30.00,0.2988,1,1
75,9,563.00,272.00,26.00,43.00,0.7977,1,1
75,10,879.00,132.00,20.00,23.00,0.2533,1,1
75,12,465.00,21.00,65.00,62.00,0.6629,1,1
75,15,641.00,50.00,57.00,32.00,0.7074,1,1
75,18,498.00,62.00,25.00,34.00,0.2597,1,1
76,1,1052.00,158.00,77.00,63.00,0.9133,1,1
76,3,847.00,127.00,25.00,24.00,0.4666,1,1
76,4,634.00,48.00,58.00,32.00,0.7089,1,1
76,5,728.00,295.00,20.00,21.00,0.5854,1,1
76,6,653.00,208.00,68.00,74.00,0.8202,1,1
76,8,491.00,67.00,28.00,31.00,0.4684,1,1
76,9,568.00,264.00,28.00,38.00,0.8171,1,1
76,12,464.00,20.00,64.00,63.00,0.6706,1,1
76,18,496.00,62.00,26.00,35.00,0.2597,1,1
76,23,854.00,116.00,18.00,31.00,0.7432,1,1
76,24,851.00,118.00,21.00,31.00,0.3762,1,1
77,1,1052.00,158.00,77.00,63.00,0.9120,1,1
77,4,635.00,48.00,57.00,32.00,0.3838,1,1
77,5,730.00,296.00,19.00,21.00,0.6178,1,1
77,6,653.00,208.00,68.00,74.00,0.8299,1,1
77,8,492.00,67.00,27.00,30.00,0.5623,1,1
77,9,573.00,257.00,27.00,36.00,0.8456,1,1
77,12,464.00,20.00,63.00,62.00,0.5993,1,1
77,15,635.00,48.00,57.00,32.00,0.5554,1,1
77,23,843.00,123.00,20.00,28.00,0.3985,1,1
77,24,846.00,121.00,20.00,29.00,0.3659,1,1
78,1,1052.00,158.00,77.00,63.00,0.9110,1,1
78,4,637.00,49.00,55.00,31.00,0.6091,1,1
78,5,729.00,297.00,19.00,20.00,0.7144,1,1
78,6,652.00,209.00,69.00,74.00,0.8440,1,1
78,8,490.00,68.00,28.00,29.00,0.2563,1,1
78,9,577.00,247.00,25.00,35.00,0.7794,1,1
78,12,463.00,19.00,63.00,62.00,0.4658,1,1
78,15,637.00,49.00,55.00,31.00,0.3315,1,1
78,23,838.00,126.00,19.00,28.00,0.3985,1,1
78,24,843.00,121.00,19.00,29.00,0.3659,1,1
78,25,667.00,79.00,22.00,31.00,0.6623,1,1
79,1,1052.00,158.00,77.00,63.00,0.9125,1,1
79,3,700.00,136.00,21.00,24.00,0.3250,1,1
79,4,638.00,49.00,55.00,31.00,0.6063,1,1
79,5,730.00,297.00,19.00,19.00,0.3956,1,1
79,6,652.00,208.00,69.00,75.00,0.8276,1,1
79,8,490.00,68.00,28.00,30.00,0.2563,1,1
79,9,580.00,234.00,25.00,37.00,0.8496,1,1
79,12,463.00,19.00,62.00,63.00,0.4658,1,1
79,15,638.00,49.00,55.00,31.00,0.3906,1,1
79,21,769.00,1.00,42.00,44.00,0.2605,1,1
79,25,666.00,79.00,23.00,31.00,0.6959,1,1
80,1,1052.00,158.00,77.00,63.00,0.9127,1,1
80,3,700.00,136.00,21.00,24.00,0.3144,1,1
80,4,638.00,49.00,55.00,31.00,0.6067,1,1
80,5,730.00,297.00,19.00,19.00,0.3845,1,1
80,6,652.00,208.00,69.00,75.00,0.8260,1,1
80,9,580.00,234.00,25.00,37.00,0.8496,1,1
80,15,638.00,49.00,55.00,31.00,0.3901,1,1
80,21,768.00,1.00,42.00,45.00,0.2605,1,1
80,25,666.00,79.00,23.00,31.00,0.6962,1,1
81,1,1052.00,158.00,77.00,63.00,0.9139,1,1
81,3,686.00,136.00,22.00,24.00,0.3144,1,1
81,4,638.00,49.00,55.00,31.00,0.6665,1,1
81,5,730.00,297.00,19.00,19.00,0.4978,1,1
81,6,652.00,208.00,69.00,75.00,0.7968,1,1
81,8,482.00,64.00,36.00,31.00,0.3432,1,1
81,9,582.00,223.00,24.00,36.00,0.9061,1,1
81,15,643.00,50.00,54.00,31.00,0.3901,1,1
81,25,666.00,79.00,23.00,31.00,0.7007,1,1
82,1,1051.00,158.00,77.00,63.00,0.9179,1,1
82,4,638.00,49.00,55.00,31.00,0.7005,1,1
82,5,730.00,297.00,18.00,19.00,0.6091,1,1
82,6,653.00,208.00,68.00,75.00,0.7293,1,1
82,8,482.00,64.00,35.00,31.00,0.3229,1,1
82,9,583.00,215.00,21.00,30.00,0.9129,1,1
82,25,666.00,79.00,23.00,31.00,0.7101,1,1
83,1,1050.00,158.00,77.00,63.00,0.9175,1,1
83,4,638.00,49.00,54.00,31.00,0.7341,1,1
83,5,728.00,296.00,20.00,19.00,0.4793,1,1
83,6,653.00,208.00,68.00,76.00,0.6604,1,1
83,8,484.00,61.00,33.00,33.00,0.4404,1,1
83,9,580.00,204.00,20.00,33.00,0.8198,1,1
83,12,454.00,15.00,68.00,61.00,0.3266,1,1
83,23,807.00,133.00,26.00,22.00,0.6453,1,1
83,24,812.00,132.00,24.00,22.00,0.6991,1,1
83,25,666.00,79.00,23.00,31.00,0.7181,1,1
84,1,1049.00,158.00,77.00,63.00,0.9217,1,1
84,3,809.00,133.00,22.00,24.00,0.7575,1,1
84,4,638.00,49.00,55.00,31.00,0.6721,1,1
84,5,728.00,296.00,20.00,20.00,0.5210,1,1
84,6,653.00,208.00,68.00,76.00,0.6390,1,1
84,8,482.00,58.00,34.00,35.00,0.3408,1,1
84,9,579.00,198.00,20.00,33.00,0.7150,1,1
84,12,453.00,13.00,67.00,63.00,0.5324,1,1
84,14,661.00,453.00,29.00,28.00,0.4471,1,1
84,23,801.00,136.00,26.00,20.00,0.6453,1,1
84,24,802.00,136.00,28.00,22.00,0.5697,1,1
84,25,666.00,80.00,23.00,30.00,0.7525,1,1
84,26,963.00,283.00,44.00,34.00,0.4191,1,1
85,1,1049.00,158.00,77.00,63.00,0.9194,1,1
85,3,797.00,138.00,28.00,23.00,0.5517,1,1
85,4,639.00,49.00,54.00,31.00,0.5287,1,1
85,5,727.00,294.00,19.00,22.00,0.3536,1,1
85,6,653.00,208.00,68.00,77.00,0.6596,1,1
85,8,482.00,57.00,34.00,36.00,0.3408,1,1
85,9,577.00,190.00,19.00,32.00,0.3557,1,1
85,12,452.00,13.00,67.00,63.00,0.5324,1,1
85,14,660.00,452.00,27.00,29.00,0.5321,1,1
85,15,638.00,49.00,55.00,31.00,0.3268,1,1
85,24,796.00,138.00,28.00,22.00,0.5697,1,1
85,25,665.00,80.00,24.00,30.00,0.7634,1,1
85,26,964.00,283.00,42.00,34.00,0.3880,1,1
86,1,1049.00,158.00,77.00,63.00,0.9193,1,1
86,3,797.00,138.00,28.00,23.00,0.5476,1,1
86,4,639.00,49.00,54.00,31.00,0.5206,1,1
86,5,727.00,294.00,20.00,22.00,0.3483,1,1
86,6,653.00,208.00,68.00,77.00,0.6607,1,1
86,9,577.00,190.00,19.00,32.00,0.3591,1,1
86,14,660.00,452.00,27.00,29.00,0.5349,1,1
86,15,638.00,49.00,55.00,31.00,0.3363,1,1
86,25,665.00,80.00,24.00,30.00,0.7621,1,1
86,26,964.00,283.00,42.00,34.00,0.3891,1,1
87,1,1048.00,157.00,78.00,64.00,0.9225,1,1
87,3,798.00,134.00,25.00,24.00,0.7538,1,1
87,4,639.00,49.00,54.00,31.00,0.4515,1,1
87,5,728.00,295.00,20.00,21.00,0.5979,1,1
87,6,653.00,208.00,68.00,77.00,0.7265,1,1
87,9,578.00,184.00,19.00,32.00,0.3591,1,1
87,14,660.00,449.00,23.00,30.00,0.4812,1,1
87,15,638.00,49.00,55.00,31.00,0.3972,1,1
87,25,665.00,80.00,24.00,30.00,0.7341,1,1
87,26,964.00,283.00,42.00,33.00,0.4293,1,1
88,1,1049.00,157.00,76.00,64.00,0.9322,1,1
88,3,806.00,128.00,21.00,24.00,0.3038,1,1
88,4,639.00,49.00,54.00,31.00,0.4390,1,1
88,5,730.00,295.00,19.00,20.00,0.7833,1,1
88,6,653.00,208.00,67.00,76.00,0.7733,1,1
88,9,574.00,184.00,18.00,31.00,0.5520,1,1
88,14,650.00,446.00,28.00,32.00,0.4178,1,1
88,15,638.00,49.00,55.00,31.00,0.3746,1,1
88,24,798.00,133.00,25.00,23.00,0.6722,1,1
88,25,665.00,79.00,24.00,31.00,0.7112,1,1
88,26,964.00,282.00,42.00,34.00,0.4385,1,1
89,1,1049.00,157.00,76.00,64.00,0.9374,1,1
89,3,807.00,127.00,21.00,22.00,0.2896,1,1
89,4,639.00,49.00,54.00,31.00,0.3330,1,1
89,5,731.00,295.00,19.00,20.00,0.8108,1,1
89,6,653.00,209.00,68.00,75.00,0.8059,1,1
89,9,575.00,184.00,17.00,32.00,0.7739,1,1
89,12,449.00,5.00,60.00,63.00,0.5062,1,1
89,14,641.00,443.00,35.00,34.00,0.6095,1,1
89,15,638.00,49.00,55.00,31.00,0.4890,1,1
89,21,774.00,3.00,38.00,42.00,0.2673,1,1
89,24,800.00,131.00,25.00,21.00,0.6510,1,1
89,25,665.00,79.00,24.00,31.00,0.6899,1,1
89,26,964.00,282.00,43.00,34.00,0.4230,1,1
90,1,1049.00,157.00,76.00,64.00,0.9370,1,1
90,3,811.00,125.00,18.00,20.00,0.3215,1,1
90,4,639.00,49.00,54.00,31.00,0.4375,1,1
90,5,730.00,295.00,19.00,20.00,0.7851,1,1
90,6,653.00,209.00,68.00,76.00,0.8064,1,1
90,9,574.00,186.00,18.00,31.00,0.7153,1,1
90,12,448.00,4.00,59.00,63.00,0.5062,1,1
90,14,640.00,442.00,36.00,34.00,0.8274,1,1
90,15,638.00,49.00,55.00,31.00,0.3899,1,1
90,21,774.00,3.00,38.00,43.00,0.2673,1,1
90,24,798.00,132.00,24.00,20.00,0.6510,1,1
90,25,665.00,79.00,24.00,30.00,0.6731,1,1
90,26,964.00,282.00,43.00,34.00,0.3564,1,1
91,1,1049.00,157.00,77.00,64.00,0.9345,1,1
91,3,802.00,124.00,27.00,19.00,0.3320,1,1
91,4,638.00,49.00,55.00,31.00,0.5287,1,1
91,5,730.00,295.00,19.00,21.00,0.7706,1,1
91,6,652.00,209.00,69.00,76.00,0.8154,1,1
91,9,573.00,189.00,19.00,29.00,0.7639,1,1
91,12,440.00,2.00,64.00,64.00,0.3094,1,1
91,14,640.00,442.00,36.00,35.00,0.7865,1,1
91,15,638.00,49.00,55.00,31.00,0.2995,1,1
91,23,699.00,136.00,22.00,23.00,0.3070,1,1
91,24,797.00,127.00,31.00,18.00,0.4585,1,1
91,25,665.00,79.00,24.00,31.00,0.6901,1,1
91,26,964.00,282.00,43.00,34.00,0.3905,1,1
92,1,1049.00,157.00,77.00,64.00,0.9347,1,1
92,3,802.00,125.00,27.00,18.00,0.3241,1,1
92,4,638.00,49.00,55.00,31.00,0.5181,1,1
92,5,730.00,295.00,19.00,21.00,0.7734,1,1
92,6,652.00,209.00,69.00,76.00,0.8266,1,1
92,9,573.00,189.00,19.00,29.00,0.7646,1,1
92,12,440.00,1.00,64.00,64.00,0.3311,1,1
92,14,639.00,442.00,37.00,35.00,0.7873,1,1
92,15,638.00,49.00,55.00,31.00,0.3158,1,1
92,23,699.00,136.00,22.00,23.00,0.2945,1,1
92,24,797.00,127.00,31.00,18.00,0.4457,1,1
92,25,665.00,79.00,24.00,31.00,0.6942,1,1
92,26,964.00,282.00,43.00,34.00,0.3810,1,1
93,1,1050.00,157.00,76.00,64.00,0.9301,1,1
93,3,803.00,123.00,29.00,19.00,0.4067,1,1
93,4,638.00,49.00,55.00,31.00,0.4859,1,1
93,5,729.00,294.00,20.00,22.00,0.6735,1,1
93,6,652.00,208.00,69.00,78.00,0.8263,1,1
93,9,573.00,192.00,20.00,32.00,0.8311,1,1
93,12,438.00,1.00,64.00,62.00,0.6898,1,1
93,14,642.00,444.00,35.00,35.00,0.8016,1,1
93,15,638.00,49.00,55.00,31.00,0.3966,1,1
93,23,698.00,136.00,23.00,23.00,0.2679,1,1
93,24,795.00,127.00,31.00,17.00,0.4457,1,1
93,25,665.00,79.00,24.00,31.00,0.7055,1,1
93,26,964.00,282.00,43.00,34.00,0.4251,1,1
94,1,1050.00,157.00,77.00,64.00,0.9288,1,1
94,3,802.00,124.00,30.00,19.00,0.5883,1,1
94,4,638.00,49.00,55.00,31.00,0.3997,1,1
94,5,728.00,294.00,21.00,21.00,0.6097,1,1
94,6,651.00,208.00,70.00,78.00,0.8147,1,1
94,9,573.00,193.00,20.00,33.00,0.8693,1,1
94,12,438.00,1.00,63.00,59.00,0.8461,1,1
94,14,643.00,444.00,34.00,36.00,0.7172,1,1
94,15,638.00,49.00,55.00,31.00,0.5134,1,1
94,18,471.00,41.00,26.00,28.00,0.2752,1,1
94,23,690.00,136.00,23.00,23.00,0.2679,1,1
94,25,665.00,79.00,25.00,31.00,0.7104,1,1
94,26,963.00,282.00,45.00,34.00,0.3835,1,1
95,1,1050.00,157.00,77.00,64.00,0.9199,1,1
95,3,805.00,125.00,29.00,18.00,0.4996,1,1
95,4,637.00,48.00,56.00,32.00,0.4174,1,1
95,5,727.00,294.00,21.00,21.00,0.6507,1,1
95,6,651.00,208.00,70.00,78.00,0.7760,1,1
95,9,572.00,192.00,21.00,34.00,0.8675,1,1
95,10,897.00,104.00,29.00,29.00,0.3503,1,1
95,12,437.00,1.00,62.00,57.00,0.8399,1,1
95,14,644.00,445.00,33.00,35.00,0.5405,1,1
95,15,637.00,48.00,56.00,32.00,0.4230,1,1
95,18,470.00,40.00,25.00,28.00,0.2752,1,1
95,25,667.00,79.00,22.00,31.00,0.6221,1,1
95,26,963.00,282.00,44.00,34.00,0.3693,1,1
96,1,1050.00,157.00,76.00,64.00,0.9277,1,1
96,3,809.00,123.00,29.00,19.00,0.7301,1,1
96,4,634.00,47.00,58.00,33.00,0.5247,1,1
96,5,727.00,295.00,22.00,20.00,0.7857,1,1
96,6,651.00,208.00,70.00,78.00,0.7874,1,1
96,8,460.00,45.00,34.00,20.00,0.3880,1,1
96,9,571.00,192.00,22.00,33.00,0.8750,1,1
96,10,898.00,103.00,30.00,29.00,0.3503,1,1
96,12,436.00,1.00,62.00,56.00,0.8328,1,1
96,14,643.00,443.00,30.00,33.00,0.6869,1,1
96,15,635.00,48.00,57.00,33.00,0.3764,1,1
96,25,668.00,79.00,21.00,32.00,0.2780,1,1
96,26,963.00,282.00,44.00,34.00,0.3639,1,1
97,1,1049.00,157.00,77.00,64.00,0.9248,1,1
97,3,811.00,123.00,27.00,21.00,0.9034,1,1
97,4,632.00,47.00,60.00,33.00,0.2516,1,1
97,5,726.00,296.00,22.00,18.00,0.7210,1,1
97,6,651.00,209.00,70.00,76.00,0.7629,1,1
97,8,459.00,44.00,33.00,19.00,0.3880,1,1
97,9,571.00,192.00,22.00,34.00,0.8903,1,1
97,12,437.00,0.00,61.00,53.00,0.8304,1,1
97,14,638.00,442.00,31.00,31.00,0.6251,1,1
97,15,632.00,47.00,59.00,34.00,0.5858,1,1
97,25,669.00,78.00,20.00,33.00,0.2780,1,1
97,26,963.00,282.00,44.00,34.00,0.4658,1,1
97,28,554.00,478.00,30.00,31.00,0.7125,1,1
98,1,1049.00,157.00,77.00,64.00,0.9257,1,1
98,3,811.00,123.00,27.00,21.00,0.9032,1,1
98,4,632.00,46.00,60.00,34.00,0.2565,1,1
98,5,726.00,296.00,21.00,18.00,0.7255,1,1
98,6,651.00,209.00,70.00,76.00,0.7627,1,1
98,9,571.00,192.00,22.00,34.00,0.8908,1,1
98,12,437.00,0.00,61.00,53.00,0.8300,1,1
98,14,638.00,442.00,31.00,31.00,0.6314,1,1
98,15,632.00,47.00,60.00,34.00,0.5841,1,1
98,26,963.00,282.00,44.00,34.00,0.4503,1,1
98,28,554.00,478.00,30.00,31.00,0.7154,1,1
99,1,1049.00,158.00,77.00,63.00,0.9218,1,1
99,3,813.00,123.00,27.00,21.00,0.9032,1,1
99,4,631.00,47.00,60.00,34.00,0.6587,1,1
99,5,726.00,295.00,21.00,19.00,0.6060,1,1
99,6,651.00,209.00,70.00,76.00,0.7464,1,1
99,9,571.00,192.00,22.00,33.00,0.8842,1,1
99,12,438.00,0.00,60.00,52.00,0.7473,1,1
99,14,633.00,441.00,31.00,31.00,0.4935,1,1
99,15,632.00,47.00,60.00,34.00,0.5841,1,1
99,23,816.00,119.00,26.00,25.00,0.8977,1,1
99,26,963.00,282.00,43.00,34.00,0.4397,1,1
99,28,552.00,479.00,33.00,30.00,0.2892,1,1
100,1,1049.00,157.00,77.00,64.00,0.9207,1,1
100,4,629.00,47.00,61.00,34.00,0.8058,1,1
100,5,727.00,295.00,21.00,18.00,0.5769,1,1
100,6,651.00,209.00,70.00,76.00,0.6882,1,1
100,9,572.00,192.00,22.00,33.00,0.8771,1,1
100,12,439.00,0.00,60.00,51.00,0.8083,1,1
100,14,627.00,442.00,30.00,27.00,0.3289,1,1
100,23,819.00,118.00,23.00,26.00,0.8317,1,1
100,26,963.00,282.00,43.00,34.00,0.4602,1,1
100,28,552.00,479.00,32.00,31.00,0.2892,1,1
101,1,1049.00,157.00,77.00,64.00,0.9280,1,1
101,3,708.00,131.00,23.00,20.00,0.3618,1,1
101,4,629.00,46.00,60.00,35.00,0.8120,1,1
101,5,726.00,295.00,22.00,18.00,0.6773,1,1
101,6,651.00,209.00,70.00,76.00,0.6198,1,1
101,9,572.00,190.00,23.00,34.00,0.8292,1,1
101,10,907.00,108.00,28.00,28.00,0.2643,1,1
101,12,440.00,1.00,60.00,48.00,0.7854,1,1
101,14,623.00,443.00,27.00,25.00,0.3273,1,1
101,23,823.00,116.00,20.00,28.00,0.8212,1,1
101,26,963.00,282.00,43.00,34.00,0.4694,1,1
102,1,1050.00,157.00,76.00,64.00,0.9309,1,1
102,3,711.00,131.00,23.00,20.00,0.4226,1,1
102,4,630.00,46.00,59.00,35.00,0.8017,1,1
102,5,727.00,295.00,21.00,19.00,0.4890,1,1
102,6,651.00,209.00,70.00,76.00,0.5393,1,1
102,9,573.00,189.00,23.00,34.00,0.8129,1,1
102,10,908.00,108.00,29.00,28.00,0.2643,1,1
102,12,446.00,1.00,57.00,47.00,0.4174,1,1
102,14,621.00,443.00,26.00,24.00,0.3273,1,1
102,23,824.00,116.00,21.00,28.00,0.8435,1,1
102,26,964.00,282.00,42.00,34.00,0.4578,1,1
103,1,1050.00,157.00,77.00,64.00,0.9299,1,1
103,3,704.00,132.00,22.00,19.00,0.4226,1,1
103,4,630.00,46.00,58.00,36.00,0.8408,1,1
103,5,727.00,294.00,21.00,20.00,0.4890,1,1
103,6,651.00,209.00,70.00,76.00,0.4753,1,1
103,9,576.00,185.00,21.00,35.00,0.8693,1,1
103,12,447.00,0.00,58.00,47.00,0.7281,1,1
103,23,824.00,116.00,22.00,28.00,0.8559,1,1
103,26,964.00,282.00,42.00,34.00,0.4405,1,1
104,1,1050.00,157.00,77.00,64.00,0.9300,1,1
104,4,630.00,46.00,58.00,36.00,0.8408,1,1
104,6,650.00,209.00,71.00,76.00,0.4764,1,1
104,9,576.00,185.00,21.00,35.00,0.8682,1,1
104,12,447.00,0.00,58.00,46.00,0.7333,1,1
104,23,824.00,116.00,22.00,28.00,0.8554,1,1
104,26,964.00,282.00,42.00,34.00,0.4420,1,1
105,1,1051.00,158.00,77.00,63.00,0.9227,1,1
105,4,632.00,46.00,55.00,37.00,0.8276,1,1
105,6,650.00,209.00,71.00,76.00,0.5072,1,1
105,9,578.00,182.00,21.00,35.00,0.8989,1,1
105,12,450.00,0.00,58.00,45.00,0.6811,1,1
105,23,825.00,116.00,23.00,28.00,0.8355,1,1
105,26,964.00,282.00,42.00,33.00,0.3955,1,1
106,1,1052.00,158.00,78.00,63.00,0.9155,1,1
106,4,632.00,46.00,55.00,37.00,0.8276,1,1
106,6,650.00,209.00,70.00,76.00,0.5172,1,1
106,9,579.00,180.00,23.00,34.00,0.8918,1,1
106,12,453.00,0.00,58.00,42.00,0.7566,1,1
106,15,482.00,8.00,28.00,38.00,0.2950,1,1
106,21,468.00,4.00,41.00,40.00,0.2517,1,1
106,23,826.00,116.00,22.00,27.00,0.7608,1,1
106,26,964.00,283.00,42.00,33.00,0.3341,1,1
107,1,1052.00,158.00,78.00,64.00,0.9105,1,1
107,4,631.00,46.00,57.00,37.00,0.8286,1,1
107,5,727.00,296.00,20.00,18.00,0.4339,1,1
107,6,651.00,209.00,70.00,76.00,0.4297,1,1
107,9,583.00,178.00,22.00,33.00,0.8748,1,1
107,12,460.00,0.00,56.00,39.00,0.4650,1,1
107,15,470.00,5.00,26.00,38.00,0.2950,1,1
107,21,451.00,4.00,42.00,40.00,0.2517,1,1
107,23,826.00,115.00,23.00,28.00,0.7740,1,1
107,26,964.00,283.00,42.00,33.00,0.4098,1,1
108,1,1053.00,158.00,77.00,64.00,0.9095,1,1
108,3,716.00,127.00,25.00,22.00,0.4100,1,1
108,4,630.00,46.00,56.00,37.00,0.8589,1,1
108,5,728.00,296.00,20.00,18.00,0.8263,1,1
108,6,651.00,210.00,70.00,75.00,0.5407,1,1
108,9,586.00,174.00,21.00,30.00,0.7469,1,1
108,12,462.00,0.00,57.00,37.00,0.5782,1,1
108,23,826.00,116.00,22.00,28.00,0.7348,1,1
108,26,964.00,283.00,42.00,33.00,0.4098,1,1
109,1,1053.00,158.00,78.00,64.00,0.9142,1,1
109,3,713.00,127.00,26.00,22.00,0.4100,1,1
109,4,629.00,46.00,56.00,37.00,0.8698,1,1
109,5,728.00,295.00,20.00,19.00,0.6730,1,1
109,6,652.00,210.00,69.00,75.00,0.5769,1,1
109,9,590.00,170.00,20.00,29.00,0.3636,1,1
109,12,466.00,0.00,56.00,37.00,0.6965,1,1
109,18,489.00,14.00,30.00,30.00,0.2912,1,1
109,23,826.00,116.00,23.00,27.00,0.7061,1,1
110,1,1053.00,158.00,78.00,64.00,0.9142,1,1
110,4,629.00,46.00,56.00,37.00,0.8698,1,1
110,5,728.00,295.00,20.00,19.00,0.6744,1,1
110,6,652.00,210.00,69.00,75.00,0.5739,1,1
110,9,590.00,170.00,20.00,29.00,0.3690,1,1
110,12,466.00,0.00,56.00,36.00,0.6966,1,1
110,18,489.00,13.00,30.00,30.00,0.2901,1,1
110,23,826.00,116.00,23.00,27.00,0.7067,1,1
111,1,1053.00,158.00,78.00,64.00,0.9109,1,1
111,3,717.00,127.00,23.00,22.00,0.2719,1,1
111,4,629.00,46.00,54.00,37.00,0.8780,1,1
111,5,728.00,295.00,20.00,18.00,0.6165,1,1
111,6,652.00,210.00,69.00,76.00,0.6548,1,1
111,9,593.00,166.00,19.00,28.00,0.2536,1,1
111,12,468.00,0.00,56.00,35.00,0.6245,1,1
111,18,490.00,12.00,30.00,30.00,0.2901,1,1
111,23,826.00,116.00,23.00,28.00,0.8039,1,1
112,1,1053.00,158.00,78.00,64.00,0.9129,1,1
112,3,716.00,128.00,24.00,21.00,0.2526,1,1
112,4,628.00,46.00,54.00,37.00,0.8808,1,1
112,5,728.00,296.00,20.00,18.00,0.7835,1,1
112,6,652.00,210.00,70.00,76.00,0.6812,1,1
112,8,815.00,2.00,42.00,39.00,0.4765,1,1
112,9,595.00,162.00,19.00,27.00,0.2625,1,1
112,12,471.00,0.00,56.00,33.00,0.5422,1,1
112,18,499.00,11.00,26.00,29.00,0.2502,1,1
112,21,496.00,2.00,32.00,35.00,0.3657,1,1
112,23,825.00,116.00,24.00,27.00,0.7824,1,1
113,1,1053.00,158.00,78.00,63.00,0.9149,1,1
113,3,716.00,129.00,23.00,20.00,0.4101,1,1
113,4,628.00,46.00,53.00,37.00,0.8862,1,1
113,5,733.00,296.00,18.00,20.00,0.3290,1,1
113,6,652.00,209.00,70.00,77.00,0.6957,1,1
113,8,817.00,1.00,41.00,40.00,0.5433,1,1
113,9,597.00,159.00,18.00,27.00,0.2625,1,1
113,10,940.00,98.00,13.00,24.00,0.3603,1,1
113,12,473.00,0.00,56.00,32.00,0.6869,1,1
113,18,501.00,10.00,25.00,28.00,0.2502,1,1
113,21,495.00,2.00,32.00,34.00,0.3657,1,1
113,23,826.00,114.00,24.00,29.00,0.7762,1,1
113,24,952.00,127.00,17.00,22.00,0.3914,1,1
113,26,728.00,295.00,21.00,20.00,0.7807,1,1
114,1,1054.00,158.00,77.00,63.00,0.9152,1,1
114,3,716.00,130.00,24.00,20.00,0.5005,1,1
114,4,628.00,46.00,52.00,37.00,0.8942,1,1
114,5,729.00,293.00,18.00,21.00,0.5116,1,1
114,6,652.00,209.00,70.00,77.00,0.7833,1,1
114,8,820.00,2.00,41.00,41.00,0.6536,1,1
114,9,600.00,154.00,18.00,28.00,0.5235,1,1
114,10,947.00,96.00,8.00,22.00,0.3097,1,1
114,12,473.00,0.00,57.00,30.00,0.7139,1,1
114,23,827.00,114.00,24.00,28.00,0.7538,1,1
114,24,960.00,127.00,16.00,22.00,0.3914,1,1
114,26,707.00,296.00,19.00,19.00,0.7807,1,1
115,1,1054.00,158.00,77.00,63.00,0.9187,1,1
115,3,716.00,130.00,23.00,19.00,0.5094,1,1
115,4,628.00,46.00,52.00,37.00,0.8986,1,1
115,5,727.00,293.00,19.00,21.00,0.2836,1,1
115,6,651.00,209.00,71.00,78.00,0.7638,1,1
115,8,822.00,2.00,39.00,42.00,0.5928,1,1
115,9,599.00,148.00,20.00,27.00,0.7641,1,1
115,10,950.00,95.00,7.00,22.00,0.3097,1,1
115,12,475.00,0.00,57.00,29.00,0.5807,1,1
115,23,830.00,115.00,23.00,28.00,0.7078,1,1
116,1,1054.00,158.00,77.00,63.00,0.9188,1,1
116,3,716.00,130.00,23.00,19.00,0.5125,1,1
116,4,628.00,46.00,52.00,37.00,0.8985,1,1
116,5,727.00,293.00,19.00,21.00,0.2896,1,1
116,6,651.00,209.00,71.00,78.00,0.7621,1,1
116,8,822.00,2.00,39.00,42.00,0.5937,1,1
116,9,599.00,148.00,20.00,27.00,0.7583,1,1
116,12,475.00,0.00,56.00,28.00,0.5674,1,1
116,23,830.00,115.00,23.00,28.00,0.7086,1,1
117,1,1053.00,157.00,78.00,64.00,0.9178,1,1
117,3,716.00,130.00,23.00,19.00,0.4561,1,1
117,4,628.00,46.00,52.00,38.00,0.8980,1,1
117,5,728.00,293.00,20.00,22.00,0.5686,1,1
117,6,651.00,209.00,71.00,78.00,0.6991,1,1
117,8,825.00,2.00,40.00,44.00,0.7990,1,1
117,9,601.00,141.00,19.00,27.00,0.6691,1,1
117,12,476.00,0.00,57.00,27.00,0.3791,1,1
117,23,832.00,116.00,23.00,28.00,0.7969,1,1
118,1,1052.00,157.00,78.00,64.00,0.9189,1,1
118,3,716.00,130.00,23.00,19.00,0.4541,1,1
118,4,627.00,46.00,52.00,38.00,0.8914,1,1
118,5,729.00,295.00,20.00,20.00,0.7768,1,1
118,6,652.00,210.00,70.00,77.00,0.5406,1,1
118,8,828.00,2.00,41.00,46.00,0.8114,1,1
118,9,599.00,137.00,21.00,28.00,0.8165,1,1
118,12,476.00,0.00,55.00,26.00,0.5349,1,1
118,18,498.00,0.00,35.00,27.00,0.3527,1,1
118,23,835.00,119.00,22.00,25.00,0.8298,1,1
118,25,837.00,84.00,19.00,21.00,0.5189,1,1
119,1,1052.00,157.00,78.00,64.00,0.9258,1,1
119,3,716.00,130.00,23.00,19.00,0.4367,1,1
119,4,627.00,46.00,52.00,38.00,0.8973,1,1
119,5,727.00,295.00,21.00,19.00,0.7488,1,1
119,6,653.00,210.00,70.00,77.00,0.4755,1,1
119,8,831.00,2.00,38.00,46.00,0.7555,1,1
119,9,598.00,134.00,21.00,28.00,0.8146,1,1
119,12,489.00,0.00,45.00,25.00,0.2767,1,1
119,18,503.00,0.00,31.00,26.00,0.4281,1,1
119,23,838.00,120.00,22.00,26.00,0.7480,1,1
119,25,837.00,85.00,19.00,21.00,0.6723,1,1
120,1,1052.00,157.00,78.00,64.00,0.9338,1,1
120,3,716.00,130.00,24.00,19.00,0.4682,1,1
120,4,627.00,46.00,52.00,38.00,0.9004,1,1
120,5,729.00,294.00,19.00,21.00,0.7311,1,1
120,6,653.00,210.00,69.00,76.00,0.5492,1,1
120,8,835.00,2.00,37.00,44.00,0.5224,1,1
120,9,595.00,133.00,22.00,27.00,0.7607,1,1
120,12,478.00,0.00,55.00,24.00,0.2638,1,1
120,18,499.00,0.00,35.00,25.00,0.5699,1,1
120,21,483.00,0.00,51.00,26.00,0.4093,1,1
120,23,841.00,121.00,23.00,27.00,0.8623,1,1
120,25,836.00,85.00,20.00,21.00,0.6088,1,1
121,1,1053.00,157.00,77.00,64.00,0.9295,1,1
121,3,716.00,129.00,24.00,20.00,0.4106,1,1
121,4,627.00,46.00,52.00,39.00,0.9040,1,1
121,5,730.00,293.00,18.00,22.00,0.6060,1,1
121,6,654.00,210.00,70.00,76.00,0.5637,1,1
121,8,838.00,2.00,36.00,46.00,0.7014,1,1
121,9,592.00,135.00,23.00,26.00,0.6998,1,1
121,12,490.00,0.00,44.00,25.00,0.4890,1,1
121,18,503.00,0.00,31.00,25.00,0.5303,1,1
121,21,482.00,0.00,51.00,24.00,0.4093,1,1
121,23,845.00,121.00,22.00,27.00,0.8916,1,1
121,25,839.00,87.00,19.00,21.00,0.5509,1,1
122,1,1053.00,157.00,77.00,64.00,0.9289,1,1
122,3,716.00,129.00,24.00,20.00,0.4101,1,1
122,4,627.00,46.00,52.00,39.00,0.9040,1,1
122,5,729.00,292.00,19.00,23.00,0.6083,1,1
122,6,654.00,210.00,70.00,76.00,0.5462,1,1
122,8,838.00,2.00,36.00,47.00,0.7006,1,1
122,9,592.00,135.00,23.00,26.00,0.7000,1,1
122,12,490.00,0.00,44.00,25.00,0.4892,1,1
122,18,503.00,0.00,31.00,25.00,0.5302,1,1
122,23,845.00,121.00,22.00,27.00,0.8917,1,1
122,25,839.00,87.00,19.00,21.00,0.5507,1,1
123,1,1054.00,157.00,76.00,64.00,0.9315,1,1
123,3,718.00,128.00,23.00,21.00,0.6604,1,1
123,4,626.00,46.00,53.00,39.00,0.9022,1,1
123,5,729.00,291.00,20.00,22.00,0.5180,1,1
123,6,654.00,210.00,69.00,78.00,0.5880,1,1
123,8,841.00,3.00,41.00,46.00,0.2694,1,1
123,9,590.00,137.00,22.00,30.00,0.7366,1,1
123,12,492.00,0.00,44.00,24.00,0.4892,1,1
123,18,503.00,0.00,33.00,25.00,0.5539,1,1
123,23,848.00,122.00,22.00,26.00,0.7454,1,1
123,25,846.00,89.00,17.00,20.00,0.7394,1,1
123,26,732.00,291.00,21.00,22.00,0.2936,1,1
123,28,12.00,61.00,23.00,20.00,0.3358,1,1
124,1,1053.00,157.00,77.00,64.00,0.9294,1,1
124,3,718.00,128.00,24.00,21.00,0.6100,1,1
124,4,626.00,46.00,53.00,39.00,0.9017,1,1
124,5,728.00,290.00,20.00,23.00,0.3928,1,1
124,6,655.00,209.00,68.00,79.00,0.6257,1,1
124,8,845.00,4.00,37.00,45.00,0.4126,1,1
124,9,590.00,145.00,21.00,28.00,0.6963,1,1
124,14,724.00,281.00,29.00,27.00,0.2842,1,1
124,18,499.00,0.00,39.00,24.00,0.3570,1,1
124,23,851.00,123.00,22.00,27.00,0.8123,1,1
124,25,846.00,89.00,17.00,21.00,0.6767,1,1
124,26,728.00,291.00,22.00,22.00,0.2936,1,1
124,28,12.00,61.00,23.00,20.00,0.3025,1,1
125,1,1054.00,157.00,77.00,63.00,0.9213,1,1
125,3,719.00,128.00,23.00,21.00,0.5820,1,1
125,4,626.00,46.00,54.00,40.00,0.9011,1,1
125,5,728.00,291.00,21.00,23.00,0.4447,1,1
125,6,655.00,209.00,68.00,80.00,0.6086,1,1
125,8,854.00,4.00,36.00,46.00,0.4126,1,1
125,9,586.00,153.00,22.00,30.00,0.2583,1,1
125,14,722.00,279.00,28.00,27.00,0.2887,1,1
125,18,496.00,0.00,42.00,24.00,0.4362,1,1
125,23,855.00,123.00,23.00,28.00,0.8195,1,1
125,25,848.00,89.00,17.00,23.00,0.6927,1,1
125,28,12.00,61.00,23.00,20.00,0.2927,1,1
126,1,1053.00,158.00,77.00,62.00,0.9217,1,1
126,3,719.00,128.00,24.00,21.00,0.5954,1,1
126,4,626.00,46.00,54.00,40.00,0.9010,1,1
126,5,727.00,290.00,20.00,23.00,0.4208,1,1
126,6,655.00,209.00,68.00,80.00,0.4884,1,1
126,8,854.00,7.00,38.00,42.00,0.4130,1,1
126,9,583.00,161.00,22.00,31.00,0.7704,1,1
126,14,720.00,277.00,26.00,29.00,0.2658,1,1
126,18,504.00,0.00,37.00,24.00,0.5036,1,1
126,23,860.00,124.00,21.00,28.00,0.6590,1,1
126,25,847.00,91.00,18.00,24.00,0.7760,1,1
126,28,12.00,61.00,23.00,20.00,0.2997,1,1
127,1,1053.00,158.00,77.00,62.00,0.9176,1,1
127,3,719.00,128.00,24.00,21.00,0.6617,1,1
127,4,626.00,46.00,54.00,40.00,0.9032,1,1
127,5,727.00,292.00,21.00,21.00,0.4970,1,1
127,6,655.00,209.00,69.00,79.00,0.4691,1,1
127,8,862.00,7.00,37.00,43.00,0.4130,1,1
127,9,581.00,169.00,20.00,33.00,0.7953,1,1
127,14,724.00,272.00,25.00,29.00,0.2658,1,1
127,18,505.00,0.00,38.00,24.00,0.4502,1,1
127,23,864.00,127.00,21.00,26.00,0.6411,1,1
127,24,847.00,93.00,19.00,22.00,0.8010,1,1
127,25,851.00,91.00,19.00,25.00,0.7760,1,1
127,28,12.00,60.00,23.00,20.00,0.2997,1,1
128,1,1053.00,158.00,77.00,63.00,0.9175,1,1
128,3,719.00,128.00,24.00,21.00,0.6534,1,1
128,4,627.00,46.00,53.00,40.00,0.9025,1,1
128,5,727.00,292.00,20.00,21.00,0.5000,1,1
128,6,655.00,209.00,69.00,79.00,0.4615,1,1
128,9,581.00,169.00,20.00,33.00,0.7952,1,1
128,18,505.00,0.00,38.00,24.00,0.4466,1,1
128,23,864.00,127.00,21.00,26.00,0.6283,1,1
128,24,847.00,93.00,19.00,22.00,0.7995,1,1
129,1,1052.00,158.00,77.00,63.00,0.9300,1,1
129,3,719.00,127.00,24.00,21.00,0.6537,1,1
129,4,627.00,46.00,53.00,40.00,0.9036,1,1
129,5,729.00,291.00,20.00,23.00,0.7050,1,1
129,6,655.00,210.00,69.00,78.00,0.5273,1,1
129,9,576.00,176.00,21.00,32.00,0.8387,1,1
129,18,509.00,0.00,36.00,24.00,0.3908,1,1
129,23,869.00,128.00,21.00,28.00,0.3427,1,1
129,24,851.00,95.00,17.00,22.00,0.6743,1,1
129,28,12.00,61.00,23.00,20.00,0.2536,1,1
130,1,1052.00,158.00,77.00,63.00,0.9321,1,1
130,3,718.00,128.00,25.00,20.00,0.5787,1,1
130,4,627.00,46.00,53.00,40.00,0.9012,1,1
130,5,728.00,293.00,21.00,22.00,0.6665,1,1
130,6,655.00,210.00,69.00,78.00,0.4542,1,1
130,9,571.00,180.00,22.00,34.00,0.9161,1,1
130,18,510.00,0.00,37.00,24.00,0.3908,1,1
130,23,871.00,129.00,22.00,28.00,0.3427,1,1
130,24,853.00,98.00,19.00,20.00,0.7153,1,1
130,28,12.00,61.00,23.00,20.00,0.2512,1,1
131,1,1052.00,157.00,76.00,64.00,0.9376,1,1
131,3,718.00,128.00,25.00,21.00,0.5266,1,1
131,4,628.00,46.00,53.00,40.00,0.8939,1,1
131,5,729.00,294.00,19.00,20.00,0.6763,1,1
131,6,655.00,210.00,69.00,78.00,0.4231,1,1
131,8,869.00,7.00,41.00,49.00,0.3083,1,1
131,9,567.00,182.00,25.00,36.00,0.9154,1,1
131,18,519.00,0.00,35.00,24.00,0.3239,1,1
131,24,851.00,98.00,19.00,20.00,0.7153,1,1
131,25,855.00,98.00,19.00,23.00,0.3499,1,1
131,26,731.00,295.00,22.00,19.00,0.3407,1,1
131,28,12.00,61.00,23.00,20.00,0.2561,1,1
132,1,1052.00,157.00,76.00,64.00,0.9362,1,1
132,3,718.00,128.00,25.00,21.00,0.4901,1,1
132,4,628.00,46.00,54.00,39.00,0.8907,1,1
132,5,729.00,294.00,19.00,20.00,0.6636,1,1
132,6,655.00,210.00,69.00,78.00,0.4046,1,1
132,8,873.00,8.00,41.00,49.00,0.4965,1,1
132,9,565.00,185.00,26.00,37.00,0.8801,1,1
132,18,519.00,0.00,40.00,26.00,0.3045,1,1
132,25,858.00,99.00,19.00,23.00,0.3499,1,1
132,26,731.00,296.00,21.00,18.00,0.3156,1,1
132,28,13.00,61.00,22.00,20.00,0.2561,1,1
133,1,1052.00,157.00,76.00,64.00,0.9354,1,1
133,3,718.00,128.00,25.00,21.00,0.5288,1,1
133,4,628.00,46.00,54.00,39.00,0.8876,1,1
133,5,729.00,294.00,19.00,20.00,0.5415,1,1
133,6,655.00,210.00,69.00,77.00,0.4782,1,1
133,8,875.00,10.00,42.00,47.00,0.4804,1,1
133,9,566.00,187.00,27.00,37.00,0.9230,1,1
133,18,518.00,0.00,44.00,26.00,0.2565,1,1
133,26,732.00,296.00,21.00,18.00,0.2538,1,1
133,28,13.00,61.00,23.00,20.00,0.2531,1,1
134,1,1052.00,157.00,76.00,64.00,0.9358,1,1
134,3,718.00,128.00,25.00,21.00,0.5176,1,1
134,4,628.00,46.00,54.00,39.00,0.8866,1,1
134,5,729.00,294.00,19.00,20.00,0.5455,1,1
134,6,655.00,210.00,69.00,77.00,0.4821,1,1
134,8,875.00,10.00,42.00,47.00,0.4597,1,1
134,9,566.00,187.00,27.00,37.00,0.9233,1,1
134,18,518.00,0.00,44.00,26.00,0.2580,1,1
134,26,732.00,296.00,20.00,18.00,0.2543,1,1
134,28,13.00,61.00,23.00,20.00,0.2541,1,1
135,1,1052.00,157.00,77.00,64.00,0.9353,1,1
135,3,718.00,128.00,25.00,21.00,0.5509,1,1
135,4,628.00,46.00,55.00,38.00,0.8823,1,1
135,5,729.00,294.00,19.00,20.00,0.4245,1,1
135,6,655.00,209.00,68.00,78.00,0.5800,1,1
135,8,883.00,9.00,35.00,44.00,0.4214,1,1
135,9,569.00,189.00,25.00,38.00,0.9216,1,1
135,10,906.00,125.00,18.00,17.00,0.4738,1,1
135,18,520.00,0.00,48.00,26.00,0.3191,1,1
135,23,974.00,121.00,21.00,31.00,0.4089,1,1
135,25,865.00,100.00,16.00,24.00,0.3280,1,1
135,26,731.00,296.00,21.00,18.00,0.2543,1,1
135,28,13.00,61.00,23.00,20.00,0.2541,1,1
136,1,1052.00,157.00,78.00,64.00,0.9295,1,1
136,3,719.00,128.00,24.00,21.00,0.5394,1,1
136,4,629.00,45.00,54.00,39.00,0.8826,1,1
136,5,728.00,294.00,20.00,20.00,0.4245,1,1
136,6,655.00,209.00,68.00,78.00,0.6513,1,1
136,8,884.00,7.00,42.00,48.00,0.6750,1,1
136,9,573.00,190.00,26.00,37.00,0.8570,1,1
136,10,904.00,126.00,18.00,17.00,0.4738,1,1
136,18,521.00,0.00,50.00,26.00,0.3191,1,1
136,23,975.00,123.00,21.00,29.00,0.4131,1,1
136,24,911.00,124.00,16.00,20.00,0.5417,1,1
136,25,866.00,102.00,17.00,24.00,0.5759,1,1
137,1,1053.00,157.00,77.00,64.00,0.9147,1,1
137,3,718.00,128.00,25.00,21.00,0.4330,1,1
137,4,629.00,45.00,54.00,39.00,0.8805,1,1
137,6,654.00,209.00,69.00,78.00,0.6401,1,1
137,8,887.00,10.00,42.00,47.00,0.8222,1,1
137,9,579.00,190.00,25.00,38.00,0.8421,1,1
137,14,1009.00,252.00,21.00,27.00,0.3789,1,1
137,18,531.00,0.00,45.00,30.00,0.3704,1,1
137,23,985.00,123.00,21.00,29.00,0.4131,1,1
137,24,914.00,125.00,16.00,23.00,0.5910,1,1
137,25,868.00,103.00,18.00,25.00,0.5759,1,1
138,1,1053.00,157.00,78.00,64.00,0.9171,1,1
138,3,719.00,128.00,23.00,20.00,0.2732,1,1
138,4,629.00,45.00,54.00,38.00,0.8836,1,1
138,5,728.00,293.00,19.00,21.00,0.2552,1,1
138,6,654.00,209.00,68.00,78.00,0.6616,1,1
138,8,890.00,10.00,44.00,48.00,0.8298,1,1
138,9,589.00,192.00,23.00,36.00,0.7919,1,1
138,12,526.00,0.00,54.00,29.00,0.3358,1,1
138,14,1010.00,252.00,20.00,27.00,0.4078,1,1
138,18,544.00,0.00,35.00,31.00,0.6299,1,1
138,23,906.00,144.00,19.00,29.00,0.4049,1,1
138,24,918.00,128.00,16.00,22.00,0.5910,1,1
138,25,870.00,106.00,15.00,25.00,0.3100,1,1
139,1,1054.00,157.00,77.00,64.00,0.9160,1,1
139,3,718.00,127.00,25.00,21.00,0.2873,1,1
139,4,629.00,45.00,55.00,38.00,0.8814,1,1
139,5,729.00,293.00,20.00,22.00,0.5445,1,1
139,6,655.00,210.00,67.00,78.00,0.6739,1,1
139,8,894.00,10.00,44.00,48.00,0.4258,1,1
139,9,598.00,193.00,23.00,34.00,0.7566,1,1
139,12,528.00,0.00,54.00,29.00,0.3358,1,1
139,14,1010.00,252.00,21.00,27.00,0.2649,1,1
139,18,547.00,0.00,35.00,32.00,0.6299,1,1
139,23,910.00,146.00,23.00,29.00,0.4704,1,1
139,25,871.00,107.00,19.00,25.00,0.3253,1,1
140,1,1054.00,157.00,77.00,64.00,0.9158,1,1
140,3,718.00,127.00,25.00,21.00,0.2992,1,1
140,4,629.00,45.00,55.00,38.00,0.8809,1,1
140,5,729.00,293.00,20.00,22.00,0.5399,1,1
140,6,655.00,210.00,67.00,78.00,0.6807,1,1
140,8,894.00,9.00,44.00,49.00,0.4218,1,1
140,9,598.00,193.00,23.00,34.00,0.7563,1,1
140,14,1010.00,252.00,21.00,27.00,0.2777,1,1
140,23,910.00,146.00,23.00,29.00,0.4710,1,1
140,25,871.00,107.00,19.00,25.00,0.3305,1,1
141,1,1054.00,158.00,77.00,63.00,0.9130,1,1
141,3,718.00,127.00,25.00,21.00,0.2992,1,1
141,4,630.00,45.00,54.00,37.00,0.8822,1,1
141,5,729.00,293.00,21.00,21.00,0.6420,1,1
141,6,654.00,211.00,68.00,77.00,0.6938,1,1
141,8,898.00,10.00,41.00,47.00,0.4278,1,1
141,9,604.00,195.00,23.00,32.00,0.6362,1,1
141,14,1011.00,251.00,21.00,27.00,0.2624,1,1
141,18,550.00,0.00,39.00,35.00,0.6048,1,1
141,23,915.00,143.00,22.00,32.00,0.4899,1,1
141,25,873.00,108.00,19.00,25.00,0.3305,1,1
142,1,1055.00,158.00,76.00,63.00,0.9158,1,1
142,4,630.00,45.00,54.00,35.00,0.8874,1,1
142,5,729.00,293.00,20.00,21.00,0.6634,1,1
142,6,653.00,210.00,68.00,78.00,0.5463,1,1
142,8,900.00,10.00,43.00,47.00,0.3215,1,1
142,9,614.00,194.00,25.00,32.00,0.3441,1,1
142,12,542.00,0.00,52.00,33.00,0.2584,1,1
142,14,1012.00,248.00,22.00,28.00,0.2672,1,1
142,18,551.00,0.00,43.00,38.00,0.7879,1,1
142,23,918.00,146.00,20.00,30.00,0.4143,1,1
143,1,1055.00,158.00,76.00,63.00,0.9192,1,1
143,4,631.00,45.00,53.00,34.00,0.8661,1,1
143,5,730.00,292.00,19.00,22.00,0.4520,1,1
143,6,653.00,210.00,69.00,77.00,0.5720,1,1
143,8,902.00,10.00,44.00,48.00,0.5467,1,1
143,9,623.00,191.00,25.00,33.00,0.5643,1,1
143,12,545.00,0.00,52.00,34.00,0.2584,1,1
143,14,1026.00,246.00,21.00,28.00,0.2672,1,1
143,18,557.00,1.00,42.00,38.00,0.7985,1,1
143,23,920.00,147.00,20.00,31.00,0.4143,1,1
144,1,1055.00,158.00,76.00,63.00,0.9185,1,1
144,4,631.00,45.00,52.00,34.00,0.8574,1,1
144,5,729.00,293.00,21.00,20.00,0.4255,1,1
144,6,653.00,210.00,69.00,77.00,0.7010,1,1
144,8,904.00,10.00,45.00,48.00,0.4338,1,1
144,9,626.00,191.00,26.00,34.00,0.5643,1,1
144,18,559.00,0.00,43.00,39.00,0.7769,1,1
144,21,541.00,0.00,62.00,24.00,0.4452,1,1
145,1,1055.00,158.00,75.00,63.00,0.9218,1,1
145,4,631.00,45.00,53.00,33.00,0.7946,1,1
145,5,730.00,291.00,21.00,21.00,0.2906,1,1
145,6,653.00,209.00,69.00,78.00,0.7442,1,1
145,8,906.00,10.00,47.00,48.00,0.2640,1,1
145,9,639.00,185.00,25.00,31.00,0.5581,1,1
145,12,545.00,0.00,62.00,32.00,0.2833,1,1
145,18,559.00,0.00,47.00,38.00,0.7874,1,1
145,21,549.00,0.00,57.00,26.00,0.3596,1,1
146,1,1055.00,158.00,75.00,63.00,0.9218,1,1
146,4,631.00,45.00,53.00,33.00,0.7836,1,1
146,5,730.00,291.00,21.00,21.00,0.2919,1,1
146,6,653.00,209.00,69.00,78.00,0.7421,1,1
146,8,906.00,9.00,47.00,49.00,0.2615,1,1
146,9,639.00,185.00,25.00,31.00,0.5627,1,1
146,12,545.00,0.00,61.00,31.00,0.2864,1,1
146,18,559.00,0.00,47.00,38.00,0.7885,1,1
146,21,548.00,0.00,59.00,27.00,0.3525,1,1
147,1,1054.00,158.00,76.00,63.00,0.9176,1,1
147,4,631.00,45.00,53.00,34.00,0.8123,1,1
147,5,730.00,291.00,21.00,21.00,0.2919,1,1
147,6,653.00,209.00,69.00,78.00,0.6852,1,1
147,8,909.00,11.00,45.00,47.00,0.7673,1,1
147,9,646.00,183.00,24.00,32.00,0.8097,1,1
147,12,546.00,0.00,66.00,28.00,0.4243,1,1
147,18,573.00,2.00,37.00,37.00,0.8188,1,1
147,21,547.00,0.00,65.00,25.00,0.3598,1,1
147,23,938.00,148.00,19.00,31.00,0.4778,1,1
147,24,984.00,118.00,21.00,31.00,0.2673,1,1
148,1,1053.00,158.00,76.00,63.00,0.9139,1,1
148,4,631.00,45.00,53.00,34.00,0.7494,1,1
148,6,653.00,209.00,69.00,78.00,0.6355,1,1
148,8,911.00,11.00,46.00,47.00,0.8339,1,1
148,9,651.00,182.00,24.00,31.00,0.8584,1,1
148,12,550.00,0.00,66.00,26.00,0.3801,1,1
148,18,580.00,2.00,34.00,37.00,0.8310,1,1
148,21,551.00,0.00,64.00,24.00,0.3974,1,1
148,23,942.00,152.00,18.00,28.00,0.6312,1,1
148,24,990.00,119.00,21.00,31.00,0.2673,1,1
149,1,1052.00,158.00,76.00,62.00,0.9180,1,1
149,4,630.00,46.00,54.00,33.00,0.6166,1,1
149,6,653.00,208.00,69.00,80.00,0.6700,1,1
149,8,913.00,10.00,47.00,49.00,0.7957,1,1
149,9,654.00,181.00,25.00,31.00,0.8948,1,1
149,12,554.00,0.00,64.00,26.00,0.5688,1,1
149,18,582.00,1.00,35.00,38.00,0.8069,1,1
149,21,553.00,0.00,65.00,24.00,0.3710,1,1
149,23,945.00,153.00,18.00,28.00,0.6312,1,1
150,1,1052.00,157.00,75.00,64.00,0.9237,1,1
150,4,630.00,45.00,54.00,35.00,0.5429,1,1
150,5,730.00,291.00,20.00,23.00,0.5771,1,1
150,6,653.00,208.00,69.00,80.00,0.7199,1,1
150,8,914.00,11.00,48.00,48.00,0.7663,1,1
150,9,657.00,180.00,24.00,31.00,0.9156,1,1
150,12,557.00,0.00,63.00,24.00,0.2905,1,1
150,18,586.00,2.00,33.00,38.00,0.7616,1,1
150,21,557.00,0.00,64.00,23.00,0.5952,1,1
151,1,1051.00,156.00,75.00,64.00,0.9337,1,1
151,4,631.00,46.00,52.00,33.00,0.6457,1,1
151,5,729.00,293.00,21.00,21.00,0.5054,1,1
151,6,653.00,208.00,69.00,80.00,0.5881,1,1
151,8,916.00,11.00,48.00,50.00,0.7324,1,1
151,9,658.00,180.00,24.00,31.00,0.9387,1,1
151,12,560.00,0.00,66.00,23.00,0.2976,1,1
151,18,591.00,5.00,33.00,34.00,0.7272,1,1
151,21,560.00,0.00,65.00,23.00,0.5744,1,1
151,33,519.00,456.00,65.00,59.00,0.4389,1,1
152,1,1051.00,156.00,75.00,64.00,0.9334,1,1
152,4,631.00,46.00,52.00,33.00,0.6395,1,1
152,5,729.00,293.00,21.00,21.00,0.5054,1,1
152,6,653.00,208.00,69.00,80.00,0.5921,1,1
152,8,916.00,11.00,49.00,50.00,0.7243,1,1
152,9,658.00,180.00,24.00,31.00,0.9391,1,1
152,12,560.00,0.00,65.00,23.00,0.2978,1,1
152,18,591.00,5.00,33.00,34.00,0.7270,1,1
152,21,560.00,0.00,65.00,23.00,0.5737,1,1
152,33,519.00,456.00,65.00,60.00,0.4348,1,1
153,1,1050.00,156.00,75.00,64.00,0.9326,1,1
153,4,632.00,45.00,50.00,35.00,0.7201,1,1
153,5,727.00,293.00,21.00,20.00,0.5002,1,1
153,6,654.00,208.00,68.00,80.00,0.5475,1,1
153,8,919.00,12.00,48.00,49.00,0.6487,1,1
153,9,659.00,181.00,24.00,31.00,0.9389,1,1
153,12,563.00,0.00,65.00,23.00,0.2978,1,1
153,18,597.00,4.00,30.00,34.00,0.7815,1,1
153,21,561.00,0.00,67.00,22.00,0.4960,1,1
153,33,519.00,456.00,57.00,59.00,0.4522,1,1
154,1,1050.00,156.00,75.00,63.00,0.9332,1,1
154,4,634.00,45.00,48.00,35.00,0.4770,1,1
154,5,727.00,294.00,21.00,19.00,0.3800,1,1
154,6,652.00,208.00,70.00,79.00,0.6315,1,1
154,8,920.00,14.00,50.00,49.00,0.7028,1,1
154,9,658.00,181.00,24.00,31.00,0.9468,1,1
154,18,595.00,3.00,34.00,34.00,0.7849,1,1
154,21,563.00,0.00,67.00,22.00,0.4575,1,1
154,33,518.00,456.00,52.00,58.00,0.3646,1,1
155,1,1049.00,156.00,75.00,64.00,0.9339,1,1
155,4,638.00,45.00,45.00,35.00,0.5930,1,1
155,5,727.00,295.00,22.00,18.00,0.2821,1,1
155,6,654.00,208.00,68.00,78.00,0.5159,1,1
155,8,922.00,16.00,48.00,48.00,0.6897,1,1
155,9,658.00,182.00,24.00,30.00,0.9400,1,1
155,18,591.00,3.00,40.00,34.00,0.6760,1,1
155,21,568.00,0.00,64.00,22.00,0.3282,1,1
155,33,517.00,456.00,60.00,58.00,0.3507,1,1
156,1,1048.00,156.00,76.00,63.00,0.9357,1,1
156,3,640.00,45.00,42.00,35.00,0.3434,1,1
156,4,640.00,46.00,43.00,34.00,0.3817,1,1
156,5,727.00,295.00,22.00,18.00,0.3252,1,1
156,6,653.00,208.00,70.00,79.00,0.6111,1,1
156,8,924.00,17.00,47.00,49.00,0.7743,1,1
156,9,659.00,183.00,22.00,31.00,0.9191,1,1
156,18,588.00,1.00,45.00,34.00,0.7375,1,1
156,21,571.00,0.00,64.00,21.00,0.3282,1,1
156,23,965.00,161.00,24.00,31.00,0.2626,1,1
156,33,516.00,456.00,51.00,56.00,0.2601,1,1
157,1,1047.00,155.00,77.00,63.00,0.9382,1,1
157,3,635.00,40.00,44.00,36.00,0.3434,1,1
157,4,643.00,45.00,39.00,35.00,0.2806,1,1
157,5,727.00,295.00,22.00,18.00,0.3252,1,1
157,6,653.00,208.00,69.00,79.00,0.6098,1,1
157,8,926.00,18.00,46.00,48.00,0.8308,1,1
157,9,658.00,183.00,22.00,32.00,0.9169,1,1
157,12,574.00,0.00,61.00,21.00,0.3294,1,1
157,18,593.00,1.00,42.00,34.00,0.7932,1,1
157,23,968.00,158.00,23.00,32.00,0.3294,1,1
157,25,1008.00,65.00,14.00,28.00,0.2597,1,1
157,33,515.00,456.00,55.00,56.00,0.2507,1,1
158,1,1047.00,155.00,77.00,63.00,0.9383,1,1
158,4,642.00,45.00,40.00,35.00,0.2874,1,1
158,6,653.00,208.00,69.00,79.00,0.6163,1,1
158,8,926.00,18.00,46.00,48.00,0.8312,1,1
158,9,658.00,183.00,22.00,32.00,0.9172,1,1
158,12,575.00,0.00,60.00,21.00,0.3303,1,1
158,18,593.00,1.00,42.00,34.00,0.7934,1,1
158,23,968.00,158.00,24.00,33.00,0.3446,1,1
158,25,1008.00,65.00,14.00,28.00,0.2740,1,1
158,33,515.00,456.00,54.00,56.00,0.2685,1,1
159,1,1047.00,155.00,76.00,63.00,0.9375,1,1
159,4,643.00,45.00,39.00,35.00,0.2874,1,1
159,6,652.00,208.00,71.00,79.00,0.5972,1,1
159,8,926.00,18.00,47.00,49.00,0.8200,1,1
159,9,658.00,184.00,22.00,31.00,0.9289,1,1
159,10,586.00,0.00,51.00,28.00,0.3956,1,1
159,12,579.00,0.00,59.00,20.00,0.3177,1,1
159,14,726.00,271.00,21.00,29.00,0.3181,1,1
159,18,601.00,2.00,36.00,30.00,0.8392,1,1
159,23,970.00,160.00,22.00,31.00,0.7694,1,1
159,25,1015.00,63.00,14.00,29.00,0.2740,1,1
159,33,514.00,457.00,54.00,54.00,0.2685,1,1
160,1,1045.00,154.00,78.00,64.00,0.9398,1,1
160,5,727.00,290.00,21.00,21.00,0.2837,1,1
160,6,653.00,208.00,70.00,79.00,0.7419,1,1
160,8,928.00,20.00,48.00,48.00,0.8031,1,1
160,9,658.00,184.00,22.00,31.00,0.9300,1,1
160,10,590.00,0.00,51.00,27.00,0.4105,1,1
160,12,580.00,0.00,62.00,18.00,0.2846,1,1
160,14,711.00,273.00,21.00,28.00,0.3181,1,1
160,18,602.00,1.00,38.00,29.00,0.8792,1,1
160,23,972.00,161.00,23.00,31.00,0.8669,1,1
161,1,1045.00,154.00,77.00,64.00,0.9415,1,1
161,5,727.00,290.00,21.00,21.00,0.2837,1,1
161,6,653.00,209.00,69.00,78.00,0.7637,1,1
161,8,929.00,21.00,48.00,48.00,0.7946,1,1
161,9,659.00,183.00,23.00,32.00,0.9166,1,1
161,10,580.00,0.00,53.00,27.00,0.4105,1,1
161,12,583.00,0.00,61.00,17.00,0.2846,1,1
161,18,601.00,0.00,41.00,29.00,0.9158,1,1
161,23,974.00,162.00,22.00,30.00,0.8376,1,1
161,26,964.00,283.00,41.00,32.00,0.2625,1,1
162,1,1044.00,154.00,78.00,64.00,0.9399,1,1
162,5,726.00,290.00,22.00,22.00,0.3858,1,1
162,6,653.00,209.00,69.00,77.00,0.7460,1,1
162,8,931.00,22.00,47.00,47.00,0.7290,1,1
162,9,660.00,183.00,25.00,32.00,0.8940,1,1
162,18,602.00,0.00,42.00,29.00,0.8729,1,1
162,23,974.00,161.00,23.00,31.00,0.7966,1,1
162,26,964.00,283.00,42.00,32.00,0.2527,1,1
163,1,1043.00,153.00,78.00,64.00,0.9391,1,1
163,5,727.00,289.00,21.00,22.00,0.5605,1,1
163,6,655.00,209.00,69.00,76.00,0.7443,1,1
163,8,933.00,22.00,46.00,48.00,0.7018,1,1
163,9,665.00,183.00,23.00,31.00,0.8292,1,1
163,18,605.00,0.00,41.00,28.00,0.8675,1,1
163,23,974.00,161.00,24.00,32.00,0.7543,1,1
163,26,964.00,283.00,42.00,33.00,0.2806,1,1
164,1,1043.00,153.00,78.00,64.00,0.9400,1,1
164,5,727.00,289.00,21.00,22.00,0.5568,1,1
164,6,655.00,209.00,69.00,76.00,0.7515,1,1
164,8,933.00,22.00,46.00,48.00,0.7032,1,1
164,9,665.00,183.00,23.00,31.00,0.8308,1,1
164,18,605.00,0.00,41.00,28.00,0.8683,1,1
164,23,974.00,162.00,24.00,31.00,0.7556,1,1
164,26,964.00,283.00,42.00,33.00,0.2875,1,1
165,1,1042.00,154.00,78.00,63.00,0.9429,1,1
165,5,726.00,288.00,22.00,22.00,0.4954,1,1
165,6,654.00,209.00,70.00,78.00,0.6653,1,1
165,8,935.00,22.00,46.00,47.00,0.5994,1,1
165,9,669.00,183.00,22.00,29.00,0.7240,1,1
165,18,609.00,0.00,40.00,28.00,0.8934,1,1
165,23,975.00,161.00,24.00,33.00,0.7023,1,1
165,26,971.00,282.00,43.00,34.00,0.2875,1,1
166,1,1042.00,153.00,78.00,64.00,0.9400,1,1
166,5,726.00,288.00,22.00,22.00,0.4954,1,1
166,6,654.00,209.00,71.00,79.00,0.3896,1,1
166,8,934.00,25.00,47.00,46.00,0.3762,1,1
166,9,673.00,182.00,21.00,31.00,0.6255,1,1
166,14,726.00,284.00,22.00,25.00,0.4666,1,1
166,18,611.00,0.00,41.00,27.00,0.8725,1,1
166,23,976.00,162.00,23.00,32.00,0.6571,1,1
167,1,1042.00,154.00,78.00,63.00,0.9392,1,1
167,6,655.00,210.00,70.00,78.00,0.2775,1,1
167,8,936.00,24.00,45.00,48.00,0.4678,1,1
167,9,677.00,183.00,22.00,31.00,0.7407,1,1
167,14,727.00,283.00,21.00,27.00,0.5901,1,1
167,18,613.00,0.00,43.00,27.00,0.8736,1,1
167,23,976.00,164.00,24.00,30.00,0.5361,1,1
168,1,1043.00,154.00,78.00,63.00,0.9361,1,1
168,6,654.00,209.00,71.00,79.00,0.2866,1,1
168,8,937.00,24.00,46.00,49.00,0.7042,1,1
168,9,683.00,182.00,22.00,29.00,0.8293,1,1
168,14,727.00,283.00,20.00,28.00,0.5990,1,1
168,18,612.00,0.00,47.00,26.00,0.8384,1,1
168,23,977.00,164.00,23.00,30.00,0.5660,1,1
169,1,1044.00,154.00,77.00,63.00,0.9353,1,1
169,6,655.00,209.00,71.00,79.00,0.2750,1,1
169,8,938.00,24.00,46.00,49.00,0.7820,1,1
169,9,691.00,182.00,22.00,30.00,0.8141,1,1
169,14,726.00,285.00,21.00,25.00,0.5984,1,1
169,18,616.00,0.00,47.00,26.00,0.8517,1,1
169,23,979.00,164.00,22.00,30.00,0.5721,1,1
170,1,1044.00,154.00,77.00,63.00,0.9354,1,1
170,6,655.00,208.00,71.00,80.00,0.2781,1,1
170,8,939.00,24.00,45.00,49.00,0.7786,1,1
170,9,691.00,182.00,22.00,30.00,0.8147,1,1
170,14,726.00,285.00,21.00,25.00,0.5871,1,1
170,18,616.00,0.00,47.00,26.00,0.8500,1,1
170,23,979.00,164.00,22.00,30.00,0.5644,1,1
171,1,1046.00,154.00,76.00,63.00,0.9288,1,1
171,5,727.00,289.00,22.00,21.00,0.7130,1,1
171,6,655.00,208.00,70.00,80.00,0.3689,1,1
171,8,939.00,25.00,47.00,50.00,0.7300,1,1
171,9,701.00,182.00,26.00,30.00,0.6549,1,1
171,14,724.00,286.00,21.00,25.00,0.5871,1,1
171,18,623.00,0.00,46.00,26.00,0.8294,1,1
171,23,980.00,164.00,23.00,30.00,0.4019,1,1
172,1,1049.00,154.00,74.00,65.00,0.9253,1,1
172,5,726.00,288.00,18.00,21.00,0.7423,1,1
172,6,655.00,209.00,70.00,78.00,0.3331,1,1
172,8,940.00,25.00,48.00,51.00,0.6147,1,1
172,9,710.00,178.00,27.00,28.00,0.4153,1,1
172,18,627.00,0.00,46.00,27.00,0.8122,1,1
172,23,981.00,164.00,23.00,30.00,0.4019,1,1
173,1,1050.00,156.00,74.00,64.00,0.9363,1,1
173,5,725.00,286.00,19.00,22.00,0.2941,1,1
173,6,654.00,207.00,71.00,79.00,0.5833,1,1
173,8,941.00,25.00,49.00,52.00,0.6238,1,1
173,9,723.00,179.00,28.00,27.00,0.5704,1,1
173,18,631.00,0.00,47.00,27.00,0.8452,1,1
174,1,1052.00,156.00,74.00,64.00,0.9399,1,1
174,5,725.00,286.00,18.00,22.00,0.2941,1,1
174,6,654.00,208.00,72.00,79.00,0.2811,1,1
174,8,942.00,25.00,49.00,53.00,0.5298,1,1
174,9,729.00,179.00,28.00,26.00,0.5704,1,1
174,18,641.00,0.00,44.00,28.00,0.8322,1,1
174,24,736.00,171.00,27.00,32.00,0.2631,1,1
174,33,654.00,207.00,72.00,82.00,0.3142,1,1
175,1,1054.00,158.00,76.00,64.00,0.9159,1,1
175,6,655.00,207.00,74.00,81.00,0.3913,1,1
175,8,943.00,26.00,50.00,53.00,0.4441,1,1
175,18,642.00,0.00,50.00,28.00,0.7737,1,1
175,24,748.00,171.00,43.00,36.00,0.2691,1,1
175,33,662.00,192.00,73.00,84.00,0.3142,1,1
176,1,1054.00,158.00,76.00,64.00,0.9159,1,1
176,6,655.00,207.00,74.00,82.00,0.3945,1,1
176,8,943.00,26.00,50.00,53.00,0.4346,1,1
176,18,642.00,0.00,50.00,28.00,0.7733,1,1
176,24,748.00,170.00,43.00,38.00,0.2510,1,1
177,1,1057.00,159.00,74.00,63.00,0.9181,1,1
177,6,654.00,207.00,77.00,82.00,0.3180,1,1
177,8,945.00,26.00,52.00,54.00,0.3595,1,1
177,14,716.00,269.00,22.00,32.00,0.3245,1,1
177,18,655.00,0.00,45.00,29.00,0.8262,1,1
177,24,745.00,172.00,45.00,38.00,0.2510,1,1
178,1,1059.00,160.00,75.00,64.00,0.9114,1,1
178,5,724.00,286.00,20.00,23.00,0.7074,1,1
178,6,654.00,207.00,81.00,82.00,0.6337,1,1
178,8,946.00,27.00,52.00,55.00,0.4179,1,1
178,10,663.00,1.00,45.00,30.00,0.8552,1,1
178,12,643.00,0.00,69.00,7.00,0.2969,1,1
178,14,715.00,268.00,22.00,32.00,0.3245,1,1
178,18,655.00,0.00,53.00,28.00,0.6199,1,1
178,26,722.00,283.00,20.00,23.00,0.3647,1,1
179,1,1061.00,160.00,74.00,65.00,0.9204,1,1
179,5,724.00,286.00,18.00,23.00,0.4462,1,1
179,6,654.00,208.00,72.00,81.00,0.2625,1,1
179,8,950.00,28.00,49.00,55.00,0.3555,1,1
179,10,667.00,1.00,45.00,30.00,0.8552,1,1
179,12,648.00,0.00,66.00,7.00,0.2969,1,1
179,14,717.00,266.00,24.00,37.00,0.3699,1,1
179,18,665.00,1.00,53.00,28.00,0.7023,1,1
179,26,708.00,283.00,19.00,22.00,0.3647,1,1
179,33,654.00,208.00,77.00,81.00,0.7003,1,1
180,1,1062.00,160.00,75.00,66.00,0.9321,1,1
180,5,723.00,286.00,20.00,23.00,0.6575,1,1
180,6,654.00,209.00,70.00,80.00,0.6422,1,1
180,8,952.00,30.00,48.00,54.00,0.4512,1,1
180,14,716.00,265.00,24.00,38.00,0.3699,1,1
180,18,679.00,1.00,49.00,31.00,0.7632,1,1
180,33,659.00,205.00,78.00,82.00,0.7003,1,1
181,1,1063.00,161.00,73.00,66.00,0.9328,1,1
181,5,724.00,288.00,21.00,22.00,0.6024,1,1
181,6,654.00,209.00,68.00,80.00,0.6792,1,1
181,8,952.00,31.00,50.00,54.00,0.3895,1,1
181,9,820.00,158.00,30.00,27.00,0.2754,1,1
181,10,690.00,2.00,48.00,30.00,0.7455,1,1
181,18,681.00,0.00,58.00,30.00,0.5408,1,1
182,1,1063.00,161.00,73.00,66.00,0.9329,1,1
182,5,724.00,288.00,21.00,22.00,0.6004,1,1
182,6,654.00,209.00,68.00,80.00,0.6766,1,1
182,8,952.00,31.00,50.00,54.00,0.3941,1,1
182,9,820.00,158.00,30.00,27.00,0.2641,1,1
182,10,690.00,2.00,48.00,30.00,0.7455,1,1
182,18,681.00,0.00,58.00,30.00,0.5414,1,1
183,1,1063.00,161.00,73.00,66.00,0.9343,1,1
183,3,12.00,61.00,23.00,20.00,0.4001,1,1
183,5,725.00,288.00,20.00,22.00,0.5832,1,1
183,6,653.00,209.00,67.00,80.00,0.8039,1,1
183,8,955.00,31.00,48.00,55.00,0.7344,1,1
183,9,828.00,156.00,31.00,27.00,0.2641,1,1
183,10,698.00,2.00,50.00,31.00,0.3747,1,1
183,18,688.00,0.00,60.00,30.00,0.2712,1,1
183,25,17.00,63.00,22.00,23.00,0.2909,1,1
184,1,1063.00,161.00,73.00,66.00,0.9319,1,1
184,3,12.00,61.00,23.00,20.00,0.4032,1,1
184,5,726.00,288.00,19.00,22.00,0.3763,1,1
184,6,651.00,210.00,69.00,79.00,0.7624,1,1
184,8,957.00,31.00,48.00,55.00,0.8052,1,1
184,10,715.00,3.00,42.00,31.00,0.3979,1,1
184,18,692.00,0.00,62.00,30.00,0.2712,1,1
184,23,1008.00,259.00,20.00,24.00,0.5464,1,1
184,25,17.00,63.00,22.00,23.00,0.2987,1,1
185,1,1063.00,161.00,73.00,66.00,0.9313,1,1
185,3,12.00,61.00,23.00,20.00,0.4286,1,1
185,5,726.00,287.00,21.00,23.00,0.3821,1,1
185,6,652.00,209.00,69.00,79.00,0.2646,1,1
185,8,959.00,32.00,49.00,55.00,0.7004,1,1
185,9,1003.00,154.00,24.00,28.00,0.2573,1,1
185,10,722.00,5.00,43.00,31.00,0.7029,1,1
185,18,709.00,0.00,57.00,32.00,0.4517,1,1
185,23,1008.00,257.00,21.00,24.00,0.9176,1,1
185,25,17.00,63.00,22.00,22.00,0.3124,1,1
185,33,652.00,210.00,68.00,78.00,0.6345,1,1
186,1,1063.00,161.00,73.00,67.00,0.9237,1,1
186,3,12.00,61.00,23.00,20.00,0.4122,1,1
186,5,725.00,286.00,20.00,25.00,0.2838,1,1
186,6,653.00,209.00,67.00,79.00,0.6695,1,1
186,8,961.00,33.00,50.00,54.00,0.4728,1,1
186,9,1026.00,153.00,24.00,28.00,0.2573,1,1
186,10,730.00,5.00,43.00,32.00,0.5229,1,1
186,18,715.00,0.00,57.00,33.00,0.4517,1,1
186,23,1003.00,257.00,25.00,25.00,0.8761,1,1
186,24,622.00,159.00,25.00,29.00,0.2903,1,1
186,25,18.00,63.00,21.00,22.00,0.3159,1,1
186,26,965.00,283.00,39.00,33.00,0.2548,1,1
186,33,654.00,208.00,68.00,79.00,0.6345,1,1
187,1,1063.00,161.00,73.00,67.00,0.9140,1,1
187,3,12.00,61.00,23.00,20.00,0.4269,1,1
187,5,724.00,286.00,20.00,25.00,0.4268,1,1
187,6,653.00,210.00,67.00,78.00,0.7549,1,1
187,8,963.00,34.00,49.00,54.00,0.4728,1,1
187,9,858.00,169.00,28.00,29.00,0.4402,1,1
187,10,744.00,7.00,36.00,31.00,0.6061,1,1
187,23,999.00,256.00,26.00,27.00,0.8726,1,1
187,24,626.00,161.00,24.00,28.00,0.3201,1,1
187,25,18.00,63.00,21.00,22.00,0.3219,1,1
187,26,986.00,283.00,41.00,34.00,0.2548,1,1
188,1,1063.00,161.00,73.00,67.00,0.9135,1,1
188,3,12.00,61.00,23.00,20.00,0.4242,1,1
188,5,724.00,286.00,20.00,25.00,0.4288,1,1
188,6,653.00,210.00,67.00,78.00,0.7566,1,1
188,9,858.00,169.00,28.00,29.00,0.4447,1,1
188,10,744.00,7.00,36.00,31.00,0.6061,1,1
188,23,999.00,256.00,26.00,27.00,0.8743,1,1
188,24,626.00,161.00,24.00,28.00,0.3379,1,1
188,25,18.00,63.00,21.00,22.00,0.3205,1,1
189,1,1062.00,161.00,73.00,67.00,0.9179,1,1
189,3,12.00,61.00,23.00,20.00,0.4230,1,1
189,4,727.00,0.00,65.00,15.00,0.2650,1,1
189,5,724.00,285.00,20.00,25.00,0.3964,1,1
189,6,652.00,210.00,69.00,76.00,0.2811,1,1
189,8,967.00,32.00,49.00,56.00,0.2624,1,1
189,9,861.00,172.00,27.00,29.00,0.7575,1,1
189,10,750.00,8.00,38.00,32.00,0.6282,1,1
189,14,990.00,255.00,30.00,31.00,0.9051,1,1
189,23,1000.00,260.00,25.00,27.00,0.8743,1,1
189,24,628.00,163.00,22.00,27.00,0.4278,1,1
189,25,18.00,63.00,21.00,22.00,0.3193,1,1
189,26,989.00,272.00,27.00,27.00,0.3182,1,1
189,33,652.00,210.00,69.00,77.00,0.6600,1,1
190,1,1062.00,160.00,73.00,68.00,0.9094,1,1
190,3,12.00,61.00,23.00,20.00,0.4202,1,1
190,4,733.00,1.00,65.00,18.00,0.6023,1,1
190,5,725.00,284.00,20.00,25.00,0.6174,1,1
190,6,652.00,210.00,69.00,76.00,0.3116,1,1
190,8,970.00,33.00,48.00,55.00,0.5312,1,1
190,9,867.00,174.00,28.00,30.00,0.6628,1,1
190,10,757.00,11.00,37.00,30.00,0.4471,1,1
190,14,981.00,257.00,37.00,34.00,0.8625,1,1
190,24,623.00,163.00,21.00,27.00,0.4278,1,1
190,25,18.00,63.00,21.00,22.00,0.3176,1,1
190,26,983.00,263.00,33.00,33.00,0.4087,1,1
190,33,652.00,210.00,68.00,77.00,0.6446,1,1
191,1,1061.00,160.00,73.00,68.00,0.9057,1,1
191,3,12.00,61.00,23.00,20.00,0.4182,1,1
191,4,741.00,1.00,64.00,19.00,0.6087,1,1
191,5,726.00,285.00,20.00,26.00,0.7898,1,1
191,6,653.00,210.00,67.00,77.00,0.2552,1,1
191,8,972.00,34.00,47.00,54.00,0.3025,1,1
191,9,870.00,175.00,30.00,32.00,0.6859,1,1
191,10,766.00,11.00,35.00,30.00,0.3851,1,1
191,14,971.00,268.00,40.00,35.00,0.4829,1,1
191,25,18.00,63.00,21.00,22.00,0.3148,1,1
191,26,967.00,276.00,40.00,36.00,0.3307,1,1
191,33,652.00,211.00,68.00,76.00,0.6313,1,1
192,1,1061.00,160.00,73.00,67.00,0.9102,1,1
192,3,12.00,61.00,23.00,20.00,0.4282,1,1
192,4,746.00,1.00,63.00,21.00,0.4435,1,1
192,5,726.00,287.00,22.00,26.00,0.6634,1,1
192,6,652.00,211.00,68.00,76.00,0.7421,1,1
192,8,974.00,34.00,47.00,55.00,0.3025,1,1
192,9,873.00,178.00,29.00,30.00,0.6276,1,1
192,10,773.00,11.00,34.00,31.00,0.3851,1,1
192,14,987.00,269.00,42.00,35.00,0.4829,1,1
192,25,18.00,63.00,21.00,22.00,0.3224,1,1
192,26,964.00,274.00,46.00,40.00,0.6066,1,1
192,33,653.00,210.00,68.00,76.00,0.6313,1,1
193,1,1061.00,160.00,72.00,67.00,0.9062,1,1
193,3,12.00,61.00,23.00,20.00,0.4292,1,1
193,4,753.00,0.00,61.00,25.00,0.2636,1,1
193,5,727.00,287.00,21.00,26.00,0.7813,1,1
193,6,653.00,210.00,68.00,76.00,0.2883,1,1
193,9,874.00,178.00,31.00,32.00,0.7251,1,1
193,25,18.00,63.00,21.00,22.00,0.3217,1,1
193,26,961.00,278.00,41.00,38.00,0.7233,1,1
193,33,652.00,211.00,69.00,75.00,0.7245,1,1
194,1,1061.00,160.00,72.00,67.00,0.9066,1,1
194,3,12.00,61.00,23.00,20.00,0.4261,1,1
194,4,752.00,0.00,63.00,26.00,0.2629,1,1
194,5,727.00,287.00,21.00,26.00,0.7781,1,1
194,6,653.00,210.00,68.00,76.00,0.2993,1,1
194,9,874.00,178.00,31.00,32.00,0.7240,1,1
194,25,18.00,63.00,21.00,22.00,0.3219,1,1
194,26,961.00,278.00,41.00,38.00,0.7253,1,1
194,33,652.00,211.00,68.00,75.00,0.7185,1,1
195,1,1059.00,161.00,73.00,66.00,0.9107,1,1
195,3,12.00,61.00,23.00,20.00,0.4376,1,1
195,4,755.00,0.00,65.00,27.00,0.4876,1,1
195,5,727.00,288.00,22.00,25.00,0.7039,1,1
195,6,653.00,210.00,67.00,76.00,0.3589,1,1
195,9,878.00,183.00,31.00,30.00,0.7742,1,1
195,25,18.00,63.00,21.00,22.00,0.3282,1,1
195,26,960.00,284.00,42.00,32.00,0.8156,1,1
195,33,652.00,210.00,68.00,76.00,0.6677,1,1
196,1,1055.00,160.00,77.00,67.00,0.9167,1,1
196,3,12.00,61.00,23.00,20.00,0.4375,1,1
196,4,757.00,1.00,69.00,28.00,0.4876,1,1
196,5,728.00,287.00,21.00,27.00,0.7103,1,1
196,6,653.00,209.00,67.00,76.00,0.2855,1,1
196,8,983.00,42.00,48.00,48.00,0.2817,1,1
196,9,881.00,184.00,30.00,30.00,0.7988,1,1
196,25,18.00,63.00,21.00,22.00,0.3265,1,1
196,26,957.00,287.00,45.00,32.00,0.7689,1,1
196,33,652.00,210.00,68.00,76.00,0.6782,1,1
197,1,1055.00,161.00,75.00,66.00,0.9189,1,1
197,3,12.00,61.00,23.00,20.00,0.4344,1,1
197,5,728.00,287.00,21.00,27.00,0.5856,1,1
197,6,653.00,209.00,68.00,76.00,0.3338,1,1
197,8,986.00,43.00,47.00,47.00,0.5763,1,1
197,9,882.00,183.00,29.00,31.00,0.7915,1,1
197,25,18.00,63.00,21.00,22.00,0.3236,1,1
197,26,956.00,291.00,42.00,29.00,0.8505,1,1
197,33,653.00,209.00,67.00,76.00,0.6304,1,1
198,1,1055.00,160.00,75.00,67.00,0.9236,1,1
198,3,12.00,61.00,23.00,20.00,0.4361,1,1
198,5,728.00,287.00,21.00,27.00,0.4885,1,1
198,6,653.00,209.00,68.00,77.00,0.6617,1,1
198,8,987.00,44.00,49.00,47.00,0.2660,1,1
198,9,883.00,183.00,27.00,31.00,0.7920,1,1
198,25,18.00,63.00,21.00,22.00,0.3267,1,1
198,26,957.00,289.00,45.00,32.00,0.8374,1,1
198,33,653.00,209.00,68.00,76.00,0.3463,1,1
199,1,1054.00,160.00,74.00,66.00,0.9325,1,1
199,3,12.00,61.00,23.00,20.00,0.4250,1,1
199,4,766.00,1.00,67.00,28.00,0.2930,1,1
199,5,728.00,285.00,20.00,27.00,0.3521,1,1
199,6,653.00,209.00,68.00,77.00,0.6013,1,1
199,8,989.00,45.00,49.00,47.00,0.2660,1,1
199,9,884.00,184.00,28.00,31.00,0.7697,1,1
199,24,644.00,163.00,20.00,27.00,0.2991,1,1
199,25,18.00,63.00,21.00,22.00,0.3218,1,1
199,26,956.00,290.00,43.00,32.00,0.8052,1,1
199,33,654.00,209.00,66.00,77.00,0.4217,1,1
200,1,1054.00,160.00,74.00,66.00,0.9326,1,1
200,3,12.00,61.00,23.00,20.00,0.4240,1,1
200,4,766.00,1.00,67.00,28.00,0.2927,1,1
200,5,728.00,285.00,20.00,27.00,0.3511,1,1
200,6,653.00,209.00,68.00,77.00,0.5959,1,1
200,9,884.00,184.00,28.00,31.00,0.7773,1,1
200,24,644.00,163.00,20.00,27.00,0.3042,1,1
200,25,18.00,63.00,21.00,22.00,0.3222,1,1
200,26,956.00,290.00,43.00,32.00,0.8015,1,1
200,33,654.00,209.00,66.00,77.00,0.4268,1,1
201,1,1054.00,160.00,74.00,65.00,0.9365,1,1
201,3,12.00,61.00,23.00,20.00,0.4341,1,1
201,4,767.00,0.00,67.00,29.00,0.4051,1,1
201,5,728.00,287.00,18.00,27.00,0.4344,1,1
201,6,653.00,209.00,68.00,77.00,0.5644,1,1
201,9,885.00,185.00,27.00,30.00,0.6995,1,1
201,24,644.00,163.00,19.00,27.00,0.3042,1,1
201,25,18.00,63.00,21.00,22.00,0.3276,1,1
201,26,957.00,294.00,38.00,29.00,0.8170,1,1
201,33,653.00,209.00,68.00,76.00,0.4715,1,1
202,1,1053.00,159.00,74.00,66.00,0.9352,1,1
202,3,12.00,61.00,23.00,20.00,0.4312,1,1
202,4,768.00,0.00,66.00,29.00,0.3141,1,1
202,5,729.00,288.00,19.00,28.00,0.5089,1,1
202,6,653.00,209.00,68.00,77.00,0.6520,1,1
202,9,885.00,184.00,27.00,32.00,0.6584,1,1
202,25,18.00,63.00,21.00,22.00,0.3290,1,1
202,26,957.00,295.00,40.00,29.00,0.8015,1,1
202,33,654.00,209.00,67.00,76.00,0.3109,1,1
203,1,1053.00,160.00,74.00,65.00,0.9350,1,1
203,3,12.00,61.00,23.00,20.00,0.4387,1,1
203,4,768.00,0.00,67.00,29.00,0.3016,1,1
203,5,730.00,288.00,19.00,26.00,0.3008,1,1
203,6,653.00,209.00,67.00,78.00,0.3042,1,1
203,9,886.00,184.00,27.00,32.00,0.6166,1,1
203,25,18.00,63.00,21.00,22.00,0.3415,1,1
203,26,956.00,296.00,37.00,28.00,0.8048,1,1
203,33,653.00,210.00,68.00,76.00,0.5499,1,1
204,1,1054.00,160.00,74.00,66.00,0.9264,1,1
204,3,12.00,61.00,23.00,20.00,0.4317,1,1
204,4,768.00,0.00,68.00,28.00,0.2973,1,1
204,5,730.00,287.00,19.00,26.00,0.4491,1,1
204,6,653.00,209.00,67.00,77.00,0.6005,1,1
204,8,1002.00,43.00,46.00,49.00,0.6768,1,1
204,9,887.00,183.00,29.00,33.00,0.3922,1,1
204,25,18.00,63.00,21.00,22.00,0.3220,1,1
204,26,957.00,295.00,36.00,28.00,0.8090,1,1
204,33,653.00,210.00,68.00,76.00,0.5499,1,1
205,1,1055.00,161.00,75.00,64.00,0.9169,1,1
205,3,12.00,61.00,23.00,20.00,0.4293,1,1
205,4,768.00,0.00,68.00,28.00,0.3365,1,1
205,5,731.00,287.00,19.00,27.00,0.5295,1,1
205,6,653.00,209.00,67.00,77.00,0.7114,1,1
205,8,1004.00,43.00,46.00,49.00,0.7880,1,1
205,9,888.00,182.00,30.00,34.00,0.2894,1,1
205,14,956.00,295.00,37.00,29.00,0.7762,1,1
205,25,18.00,63.00,21.00,22.00,0.3171,1,1
205,26,959.00,291.00,39.00,31.00,0.3532,1,1
206,1,1055.00,161.00,75.00,64.00,0.9170,1,1
206,3,12.00,61.00,23.00,20.00,0.4283,1,1
206,4,768.00,0.00,68.00,28.00,0.3354,1,1
206,5,731.00,287.00,19.00,27.00,0.5188,1,1
206,6,653.00,209.00,67.00,77.00,0.7104,1,1
206,8,1004.00,43.00,46.00,49.00,0.7858,1,1
206,9,888.00,182.00,31.00,35.00,0.2834,1,1
206,14,956.00,295.00,38.00,29.00,0.7766,1,1
206,25,18.00,63.00,21.00,22.00,0.3161,1,1
206,26,958.00,291.00,41.00,31.00,0.3550,1,1
207,1,1056.00,161.00,74.00,65.00,0.9144,1,1
207,3,12.00,61.00,23.00,20.00,0.4272,1,1
207,4,768.00,0.00,68.00,28.00,0.2794,1,1
207,5,731.00,286.00,19.00,28.00,0.5906,1,1
207,6,653.00,209.00,67.00,77.00,0.8314,1,1
207,8,1006.00,42.00,46.00,50.00,0.4209,1,1
207,9,890.00,182.00,31.00,35.00,0.2834,1,1
207,14,958.00,297.00,37.00,28.00,0.7766,1,1
207,25,18.00,63.00,21.00,22.00,0.3174,1,1
207,26,956.00,294.00,38.00,29.00,0.6791,1,1
208,1,1057.00,161.00,74.00,65.00,0.9121,1,1
208,3,12.00,61.00,23.00,20.00,0.4338,1,1
208,4,768.00,0.00,67.00,28.00,0.2744,1,1
208,5,732.00,284.00,21.00,29.00,0.7714,1,1
208,6,653.00,209.00,67.00,77.00,0.8405,1,1
208,8,1008.00,43.00,46.00,50.00,0.4209,1,1
208,25,18.00,63.00,21.00,22.00,0.3246,1,1
208,26,957.00,292.00,42.00,30.00,0.6331,1,1
209,1,1059.00,160.00,73.00,66.00,0.9091,1,1
209,3,12.00,61.00,23.00,20.00,0.4317,1,1
209,4,767.00,0.00,67.00,28.00,0.3051,1,1
209,5,731.00,284.00,18.00,28.00,0.2938,1,1
209,6,653.00,209.00,67.00,77.00,0.8164,1,1
209,8,1009.00,44.00,48.00,50.00,0.7124,1,1
209,25,18.00,63.00,21.00,22.00,0.3241,1,1
209,26,958.00,291.00,40.00,31.00,0.6566,1,1
210,1,1061.00,160.00,73.00,67.00,0.9017,1,1
210,3,12.00,61.00,23.00,20.00,0.4294,1,1
210,4,767.00,0.00,65.00,28.00,0.2728,1,1
210,5,732.00,286.00,19.00,28.00,0.3011,1,1
210,6,653.00,209.00,67.00,77.00,0.8089,1,1
210,8,1012.00,45.00,47.00,49.00,0.6917,1,1
210,14,958.00,291.00,40.00,31.00,0.6464,1,1
210,25,18.00,63.00,21.00,22.00,0.3173,1,1
210,26,961.00,286.00,39.00,34.00,0.2944,1,1
211,1,1063.00,161.00,72.00,66.00,0.9223,1,1
211,3,12.00,61.00,23.00,20.00,0.4285,1,1
211,4,767.00,0.00,66.00,28.00,0.2728,1,1
211,5,734.00,288.00,20.00,27.00,0.7850,1,1
211,6,653.00,209.00,67.00,77.00,0.7332,1,1
211,8,1015.00,46.00,46.00,48.00,0.6602,1,1
211,14,957.00,293.00,36.00,31.00,0.6231,1,1
211,25,18.00,63.00,21.00,22.00,0.3160,1,1
211,26,960.00,286.00,40.00,35.00,0.2517,1,1
212,1,1063.00,161.00,72.00,66.00,0.9225,1,1
212,3,12.00,61.00,23.00,20.00,0.4264,1,1
212,5,734.00,288.00,20.00,27.00,0.7867,1,1
212,6,653.00,209.00,67.00,77.00,0.7332,1,1
212,8,1015.00,46.00,46.00,48.00,0.6639,1,1
212,14,957.00,293.00,37.00,31.00,0.6231,1,1
212,25,18.00,63.00,21.00,22.00,0.3154,1,1
212,26,956.00,293.00,37.00,31.00,0.6197,1,1
213,1,1065.00,161.00,72.00,66.00,0.9423,1,1
213,3,12.00,61.00,23.00,20.00,0.4215,1,1
213,4,764.00,0.00,67.00,28.00,0.2985,1,1
213,5,734.00,290.00,21.00,26.00,0.7105,1,1
213,6,653.00,209.00,67.00,77.00,0.7093,1,1
213,8,1016.00,46.00,47.00,47.00,0.3442,1,1
213,14,957.00,294.00,36.00,30.00,0.6864,1,1
213,23,1025.00,161.00,23.00,36.00,0.3663,1,1
213,25,18.00,63.00,21.00,22.00,0.3128,1,1
213,26,960.00,288.00,39.00,33.00,0.2787,1,1
214,1,1067.00,160.00,71.00,68.00,0.9397,1,1
214,3,12.00,61.00,23.00,20.00,0.4213,1,1
214,4,762.00,0.00,66.00,28.00,0.3055,1,1
214,5,733.00,290.00,21.00,26.00,0.7650,1,1
214,6,653.00,209.00,67.00,78.00,0.6612,1,1
214,8,1019.00,45.00,46.00,49.00,0.5169,1,1
214,9,886.00,179.00,30.00,31.00,0.5250,1,1
214,14,957.00,294.00,38.00,30.00,0.7043,1,1
214,23,1026.00,161.00,26.00,34.00,0.5199,1,1
214,25,18.00,63.00,21.00,22.00,0.3105,1,1
214,26,960.00,289.00,40.00,33.00,0.2624,1,1
215,1,1069.00,160.00,71.00,68.00,0.9371,1,1
215,3,12.00,61.00,23.00,20.00,0.4212,1,1
215,4,760.00,1.00,64.00,27.00,0.2693,1,1
215,5,733.00,290.00,20.00,27.00,0.6850,1,1
215,6,653.00,209.00,67.00,78.00,0.6475,1,1
215,8,1022.00,46.00,45.00,48.00,0.3265,1,1
215,9,885.00,179.00,32.00,30.00,0.3982,1,1
215,14,957.00,295.00,38.00,29.00,0.7043,1,1
215,23,1031.00,164.00,24.00,33.00,0.4997,1,1
215,25,18.00,63.00,21.00,22.00,0.3110,1,1
215,26,956.00,295.00,39.00,29.00,0.7097,1,1
215,36,1019.00,263.00,19.00,22.00,0.4671,1,1
216,1,1071.00,160.00,70.00,68.00,0.9313,1,1
216,3,12.00,61.00,23.00,20.00,0.4125,1,1
216,4,759.00,1.00,62.00,27.00,0.3488,1,1
216,5,733.00,290.00,21.00,26.00,0.6445,1,1
216,6,653.00,209.00,67.00,78.00,0.5566,1,1
216,8,1023.00,43.00,45.00,51.00,0.6343,1,1
216,9,882.00,178.00,33.00,30.00,0.2851,1,1
216,23,1034.00,165.00,24.00,33.00,0.6805,1,1
216,25,18.00,63.00,21.00,22.00,0.3136,1,1
216,26,957.00,297.00,39.00,27.00,0.7393,1,1
216,36,1019.00,263.00,19.00,21.00,0.3689,1,1
217,1,1072.00,160.00,71.00,69.00,0.9282,1,1
217,3,12.00,61.00,23.00,20.00,0.4026,1,1
217,4,754.00,0.00,65.00,28.00,0.4858,1,1
217,5,733.00,289.00,22.00,28.00,0.5216,1,1
217,6,653.00,209.00,67.00,78.00,0.4712,1,1
217,8,1025.00,42.00,46.00,51.00,0.7224,1,1
217,9,882.00,178.00,33.00,30.00,0.2851,1,1
217,23,1037.00,164.00,24.00,34.00,0.8009,1,1
217,25,18.00,63.00,21.00,22.00,0.3037,1,1
217,26,958.00,297.00,39.00,27.00,0.7911,1,1
217,36,1019.00,262.00,19.00,21.00,0.5426,1,1
218,1,1072.00,160.00,71.00,69.00,0.9276,1,1
218,3,12.00,61.00,23.00,20.00,0.4035,1,1
218,4,754.00,0.00,65.00,28.00,0.4789,1,1
218,5,733.00,289.00,21.00,28.00,0.5120,1,1
218,6,653.00,209.00,67.00,78.00,0.4725,1,1
218,8,1025.00,42.00,46.00,51.00,0.7250,1,1
218,23,1037.00,164.00,24.00,34.00,0.8029,1,1
218,25,18.00,63.00,21.00,22.00,0.3030,1,1
218,26,958.00,297.00,39.00,27.00,0.7919,1,1
218,36,1019.00,262.00,19.00,21.00,0.5433,1,1
219,1,1074.00,160.00,71.00,69.00,0.9213,1,1
219,3,12.00,61.00,23.00,20.00,0.4090,1,1
219,4,752.00,0.00,64.00,28.00,0.6331,1,1
219,5,733.00,289.00,22.00,29.00,0.5120,1,1
219,6,653.00,209.00,67.00,78.00,0.6812,1,1
219,8,1027.00,41.00,46.00,52.00,0.7959,1,1
219,23,1041.00,166.00,24.00,33.00,0.7724,1,1
219,24,659.00,121.00,19.00,31.00,0.3311,1,1
219,25,18.00,63.00,21.00,22.00,0.3029,1,1
219,26,957.00,297.00,38.00,27.00,0.7802,1,1
219,36,1019.00,262.00,18.00,21.00,0.6292,1,1
220,1,1075.00,160.00,71.00,70.00,0.9320,1,1
220,3,12.00,61.00,23.00,20.00,0.4107,1,1
220,4,750.00,0.00,65.00,29.00,0.6400,1,1
220,6,653.00,209.00,68.00,78.00,0.6998,1,1
220,8,1028.00,41.00,45.00,53.00,0.8411,1,1
220,9,876.00,177.00,27.00,29.00,0.5867,1,1
220,23,1043.00,165.00,26.00,31.00,0.7551,1,1
220,24,658.00,127.00,19.00,30.00,0.3817,1,1
220,25,18.00,63.00,21.00,22.00,0.3037,1,1
220,26,959.00,296.00,38.00,27.00,0.7418,1,1
220,36,1019.00,260.00,18.00,22.00,0.6907,1,1
221,1,1076.00,160.00,74.00,70.00,0.9343,1,1
221,3,12.00,61.00,23.00,20.00,0.4123,1,1
221,4,747.00,0.00,65.00,29.00,0.6854,1,1
221,5,733.00,289.00,21.00,27.00,0.7220,1,1
221,6,652.00,210.00,68.00,77.00,0.6737,1,1
221,8,1030.00,41.00,45.00,53.00,0.8392,1,1
221,9,872.00,173.00,28.00,32.00,0.8355,1,1
221,14,1020.00,257.00,21.00,23.00,0.5069,1,1
221,23,1043.00,163.00,28.00,33.00,0.8279,1,1
221,24,656.00,129.00,18.00,30.00,0.6849,1,1
221,25,18.00,63.00,21.00,22.00,0.3051,1,1
221,26,961.00,293.00,38.00,29.00,0.7799,1,1
221,36,1018.00,261.00,19.00,20.00,0.4100,1,1
222,1,1077.00,161.00,75.00,70.00,0.9428,1,1
222,3,12.00,61.00,23.00,20.00,0.4146,1,1
222,4,745.00,0.00,63.00,30.00,0.6770,1,1
222,5,733.00,291.00,23.00,25.00,0.7638,1,1
222,6,652.00,210.00,68.00,78.00,0.4650,1,1
222,8,1031.00,41.00,44.00,52.00,0.8455,1,1
222,9,871.00,173.00,28.00,31.00,0.8695,1,1
222,14,1025.00,254.00,20.00,22.00,0.5069,1,1
222,23,1047.00,166.00,27.00,30.00,0.8239,1,1
222,24,654.00,130.00,19.00,30.00,0.4100,1,1
222,25,18.00,63.00,21.00,22.00,0.3084,1,1
222,26,962.00,293.00,38.00,28.00,0.8065,1,1
222,36,1021.00,256.00,20.00,22.00,0.6211,1,1
223,1,1078.00,163.00,77.00,69.00,0.9330,1,1
223,3,12.00,61.00,23.00,20.00,0.4005,1,1
223,4,741.00,1.00,65.00,28.00,0.7170,1,1
223,5,732.00,291.00,23.00,24.00,0.6942,1,1
223,6,651.00,210.00,69.00,78.00,0.5122,1,1
223,8,1032.00,41.00,44.00,52.00,0.8526,1,1
223,9,871.00,171.00,27.00,30.00,0.8528,1,1
223,23,1050.00,166.00,26.00,30.00,0.8537,1,1
223,24,653.00,131.00,17.00,31.00,0.3671,1,1
223,25,18.00,63.00,21.00,22.00,0.2997,1,1
223,26,962.00,293.00,38.00,28.00,0.8101,1,1
223,33,642.00,182.00,20.00,27.00,0.3816,1,1
223,36,1022.00,254.00,19.00,24.00,0.6323,1,1
224,1,1078.00,163.00,77.00,69.00,0.9336,1,1
224,3,12.00,61.00,23.00,20.00,0.3990,1,1
224,4,740.00,1.00,66.00,28.00,0.7186,1,1
224,5,732.00,291.00,23.00,24.00,0.6927,1,1
224,6,651.00,210.00,69.00,78.00,0.5109,1,1
224,8,1032.00,41.00,44.00,52.00,0.8524,1,1
224,9,871.00,171.00,27.00,30.00,0.8513,1,1
224,23,1050.00,166.00,26.00,30.00,0.8540,1,1
224,24,653.00,131.00,18.00,31.00,0.3599,1,1
224,25,18.00,63.00,21.00,22.00,0.2963,1,1
224,26,962.00,293.00,38.00,28.00,0.8096,1,1
224,33,642.00,182.00,19.00,27.00,0.3815,1,1
224,36,1022.00,254.00,19.00,24.00,0.6328,1,1
225,1,1079.00,164.00,79.00,69.00,0.9301,1,1
225,3,12.00,61.00,23.00,20.00,0.3870,1,1
225,4,738.00,0.00,66.00,29.00,0.5880,1,1
225,5,732.00,290.00,22.00,25.00,0.6267,1,1
225,6,651.00,210.00,69.00,78.00,0.5109,1,1
225,8,1033.00,42.00,45.00,52.00,0.8431,1,1
225,9,870.00,170.00,27.00,30.00,0.8513,1,1
225,23,1052.00,164.00,26.00,33.00,0.8511,1,1
225,24,651.00,131.00,19.00,30.00,0.3074,1,1
225,25,18.00,63.00,21.00,22.00,0.2913,1,1
225,26,964.00,288.00,37.00,32.00,0.7920,1,1
225,33,641.00,181.00,18.00,24.00,0.3815,1,1
225,36,1021.00,251.00,19.00,24.00,0.6756,1,1
226,1,1079.00,165.00,80.00,68.00,0.9210,1,1
226,3,12.00,61.00,23.00,20.00,0.3734,1,1
226,4,736.00,0.00,65.00,29.00,0.5149,1,1
226,5,732.00,291.00,23.00,25.00,0.6149,1,1
226,6,651.00,210.00,69.00,78.00,0.2915,1,1
226,8,1033.00,42.00,45.00,53.00,0.8540,1,1
226,14,1024.00,248.00,34.00,25.00,0.3114,1,1
226,23,1052.00,164.00,27.00,33.00,0.8786,1,1
226,24,651.00,131.00,18.00,31.00,0.3074,1,1
226,25,18.00,63.00,21.00,22.00,0.2800,1,1
226,26,964.00,289.00,37.00,31.00,0.7766,1,1
226,36,1023.00,248.00,24.00,26.00,0.6556,1,1
227,1,1079.00,167.00,80.00,67.00,0.9065,1,1
227,3,12.00,61.00,22.00,20.00,0.3907,1,1
227,4,732.00,0.00,65.00,29.00,0.3810,1,1
227,5,732.00,290.00,22.00,25.00,0.6596,1,1
227,6,652.00,210.00,68.00,78.00,0.4139,1,1
227,8,1032.00,42.00,47.00,52.00,0.8553,1,1
227,14,1027.00,245.00,36.00,26.00,0.3114,1,1
227,23,1053.00,164.00,26.00,33.00,0.8701,1,1
227,24,649.00,133.00,15.00,30.00,0.4265,1,1
227,25,18.00,63.00,21.00,22.00,0.2830,1,1
227,26,966.00,290.00,37.00,30.00,0.7562,1,1
227,36,1024.00,247.00,25.00,27.00,0.5369,1,1
228,1,1079.00,169.00,80.00,64.00,0.9056,1,1
228,3,12.00,61.00,23.00,20.00,0.3994,1,1
228,4,730.00,0.00,63.00,29.00,0.4472,1,1
228,5,732.00,287.00,22.00,27.00,0.3848,1,1
228,6,651.00,210.00,69.00,77.00,0.5141,1,1
228,8,1032.00,42.00,47.00,53.00,0.8562,1,1
228,14,1026.00,245.00,28.00,26.00,0.3803,1,1
228,23,1055.00,165.00,25.00,32.00,0.8642,1,1
228,24,647.00,133.00,15.00,29.00,0.4721,1,1
228,25,18.00,63.00,21.00,22.00,0.2979,1,1
228,26,966.00,291.00,37.00,29.00,0.7271,1,1
228,36,1007.00,270.00,25.00,25.00,0.2962,1,1
229,1,1081.00,170.00,79.00,64.00,0.9077,1,1
229,3,12.00,61.00,22.00,20.00,0.4254,1,1
229,4,725.00,0.00,66.00,29.00,0.5819,1,1
229,5,731.00,287.00,22.00,27.00,0.4248,1,1
229,6,652.00,210.00,68.00,77.00,0.5796,1,1
229,8,1033.00,41.00,46.00,53.00,0.8799,1,1
229,14,1028.00,243.00,29.00,27.00,0.3803,1,1
229,23,1056.00,166.00,26.00,32.00,0.8317,1,1
229,24,646.00,132.00,16.00,29.00,0.3923,1,1
229,25,18.00,63.00,21.00,22.00,0.3076,1,1
229,26,967.00,290.00,36.00,29.00,0.6320,1,1
229,36,1005.00,271.00,26.00,26.00,0.2962,1,1
230,1,1081.00,170.00,79.00,64.00,0.9077,1,1
230,3,12.00,61.00,22.00,20.00,0.4145,1,1
230,4,725.00,0.00,66.00,29.00,0.5810,1,1
230,5,731.00,287.00,22.00,27.00,0.4313,1,1
230,6,652.00,210.00,68.00,77.00,0.5820,1,1
230,8,1033.00,41.00,46.00,53.00,0.8799,1,1
230,23,1056.00,166.00,26.00,32.00,0.8309,1,1
230,24,646.00,132.00,16.00,29.00,0.3932,1,1
230,25,18.00,63.00,21.00,22.00,0.3012,1,1
230,26,967.00,290.00,36.00,29.00,0.6331,1,1
231,1,1083.00,172.00,77.00,63.00,0.9037,1,1
231,3,12.00,61.00,22.00,20.00,0.4363,1,1
231,4,722.00,0.00,65.00,29.00,0.7086,1,1
231,5,732.00,289.00,23.00,25.00,0.8223,1,1
231,6,652.00,211.00,68.00,76.00,0.3809,1,1
231,8,1033.00,41.00,46.00,53.00,0.8750,1,1
231,9,885.00,101.00,25.00,22.00,0.3219,1,1
231,23,1056.00,166.00,27.00,32.00,0.7712,1,1
231,24,645.00,134.00,14.00,29.00,0.3821,1,1
231,25,18.00,63.00,21.00,22.00,0.3119,1,1
231,26,968.00,289.00,36.00,30.00,0.6331,1,1
232,1,1083.00,174.00,78.00,63.00,0.8796,1,1
232,3,12.00,61.00,22.00,20.00,0.4285,1,1
232,4,718.00,0.00,68.00,29.00,0.7360,1,1
232,5,732.00,289.00,23.00,25.00,0.8223,1,1
232,6,652.00,211.00,68.00,76.00,0.3809,1,1
232,8,1033.00,41.00,46.00,51.00,0.8830,1,1
232,9,882.00,94.00,25.00,22.00,0.5435,1,1
232,14,1060.00,241.00,28.00,22.00,0.2861,1,1
232,23,1058.00,166.00,26.00,33.00,0.7085,1,1
232,24,644.00,135.00,14.00,28.00,0.3821,1,1
232,25,17.00,63.00,22.00,22.00,0.3078,1,1
233,1,1084.00,175.00,77.00,64.00,0.8963,1,1
233,3,12.00,61.00,22.00,20.00,0.4282,1,1
233,4,715.00,1.00,66.00,28.00,0.7071,1,1
233,5,731.00,289.00,23.00,25.00,0.4200,1,1
233,6,651.00,210.00,68.00,77.00,0.2768,1,1
233,8,1032.00,40.00,47.00,52.00,0.8897,1,1
233,9,882.00,87.00,25.00,22.00,0.5435,1,1
233,14,1058.00,241.00,32.00,23.00,0.4857,1,1
233,23,1058.00,166.00,25.00,34.00,0.6564,1,1
233,25,17.00,63.00,22.00,22.00,0.3074,1,1
233,26,968.00,292.00,34.00,28.00,0.3517,1,1
234,1,1085.00,177.00,77.00,64.00,0.9315,1,1
234,3,12.00,61.00,23.00,20.00,0.4236,1,1
234,4,711.00,1.00,67.00,28.00,0.7302,1,1
234,5,733.00,290.00,21.00,26.00,0.3754,1,1
234,6,651.00,210.00,68.00,77.00,0.2768,1,1
234,8,1031.00,39.00,48.00,51.00,0.8872,1,1
234,14,1062.00,240.00,33.00,22.00,0.4857,1,1
234,23,1058.00,166.00,25.00,35.00,0.5759,1,1
234,25,17.00,63.00,22.00,22.00,0.3073,1,1
234,26,967.00,294.00,37.00,27.00,0.5814,1,1
235,1,1086.00,178.00,78.00,66.00,0.9446,1,1
235,3,12.00,61.00,22.00,20.00,0.4192,1,1
235,4,709.00,1.00,67.00,28.00,0.6672,1,1
235,5,733.00,294.00,21.00,24.00,0.3763,1,1
235,8,1031.00,39.00,46.00,50.00,0.8842,1,1
235,9,872.00,87.00,25.00,20.00,0.5733,1,1
235,23,1057.00,166.00,26.00,35.00,0.5679,1,1
235,25,17.00,63.00,22.00,22.00,0.3031,1,1
235,26,968.00,293.00,42.00,29.00,0.6153,1,1
236,1,1086.00,178.00,78.00,66.00,0.9446,1,1
236,3,12.00,61.00,23.00,20.00,0.4177,1,1
236,4,709.00,1.00,67.00,28.00,0.6648,1,1
236,5,733.00,294.00,21.00,24.00,0.3396,1,1
236,8,1031.00,39.00,46.00,50.00,0.8843,1,1
236,9,872.00,87.00,25.00,20.00,0.5719,1,1
236,23,1058.00,166.00,25.00,35.00,0.5701,1,1
236,25,17.00,63.00,22.00,22.00,0.3002,1,1
236,26,968.00,292.00,42.00,30.00,0.6136,1,1
237,1,1087.00,179.00,77.00,68.00,0.9324,1,1
237,3,12.00,61.00,23.00,20.00,0.4135,1,1
237,4,706.00,1.00,68.00,29.00,0.7446,1,1
237,5,734.00,294.00,20.00,24.00,0.3396,1,1
237,8,1029.00,38.00,46.00,50.00,0.8547,1,1
237,9,870.00,87.00,24.00,20.00,0.5679,1,1
237,23,1057.00,167.00,26.00,34.00,0.7165,1,1
237,25,17.00,63.00,22.00,22.00,0.2976,1,1
237,26,966.00,298.00,39.00,27.00,0.5348,1,1
238,1,1087.00,180.00,77.00,69.00,0.9111,1,1
238,3,12.00,61.00,22.00,20.00,0.4147,1,1
238,4,704.00,1.00,67.00,28.00,0.6453,1,1
238,8,1027.00,37.00,47.00,51.00,0.8684,1,1
238,9,869.00,87.00,25.00,21.00,0.7284,1,1
238,23,1055.00,167.00,25.00,33.00,0.8529,1,1
238,25,17.00,63.00,22.00,22.00,0.2986,1,1
238,26,965.00,300.00,39.00,27.00,0.5216,1,1
239,1,1086.00,183.00,78.00,67.00,0.9058,1,1
239,3,12.00,61.00,23.00,20.00,0.4118,1,1
239,4,702.00,1.00,66.00,28.00,0.5841,1,1
239,8,1026.00,35.00,48.00,53.00,0.7972,1,1
239,9,868.00,85.00,25.00,21.00,0.7284,1,1
239,14,1089.00,232.00,19.00,21.00,0.3805,1,1
239,23,1050.00,167.00,28.00,31.00,0.8171,1,1
239,25,18.00,63.00,21.00,22.00,0.3023,1,1
239,26,964.00,307.00,37.00,27.00,0.6912,1,1
239,33,1028.00,243.00,31.00,26.00,0.3508,1,1
240,1,1085.00,185.00,78.00,68.00,0.9084,1,1
240,3,12.00,61.00,23.00,20.00,0.4016,1,1
240,4,701.00,1.00,66.00,29.00,0.6785,1,1
240,6,652.00,211.00,68.00,77.00,0.3739,1,1
240,8,1025.00,34.00,47.00,53.00,0.7041,1,1
240,14,1089.00,234.00,19.00,23.00,0.4396,1,1
240,23,1047.00,169.00,26.00,28.00,0.7709,1,1
240,25,18.00,63.00,21.00,22.00,0.2942,1,1
240,26,962.00,307.00,37.00,30.00,0.4011,1,1
240,33,1051.00,246.00,32.00,27.00,0.3508,1,1
240,36,995.00,280.00,27.00,23.00,0.2592,1,1
241,1,1085.00,189.00,77.00,69.00,0.9253,1,1
241,3,12.00,61.00,23.00,20.00,0.4012,1,1
241,4,700.00,1.00,66.00,29.00,0.5594,1,1
241,5,997.00,257.00,26.00,30.00,0.5447,1,1
241,6,652.00,211.00,68.00,77.00,0.3739,1,1
241,8,1024.00,34.00,46.00,51.00,0.5821,1,1
241,14,1093.00,233.00,18.00,23.00,0.4396,1,1
241,23,1046.00,170.00,26.00,26.00,0.7709,1,1
241,25,18.00,63.00,21.00,22.00,0.2960,1,1
241,26,960.00,317.00,39.00,29.00,0.6037,1,1
241,36,993.00,281.00,28.00,23.00,0.2592,1,1
242,1,1085.00,189.00,77.00,69.00,0.9243,1,1
242,3,12.00,61.00,23.00,20.00,0.4021,1,1
242,4,700.00,1.00,66.00,29.00,0.5585,1,1
242,5,997.00,253.00,31.00,33.00,0.6779,1,1
242,8,1024.00,34.00,46.00,51.00,0.5805,1,1
242,25,18.00,63.00,21.00,22.00,0.2969,1,1
242,26,960.00,317.00,39.00,28.00,0.6016,1,1
242,38,997.00,257.00,26.00,30.00,0.5411,1,1
243,1,1084.00,192.00,78.00,68.00,0.9376,1,1
243,3,12.00,61.00,23.00,20.00,0.4021,1,1
243,4,699.00,1.00,65.00,30.00,0.4461,1,1
243,5,1020.00,250.00,32.00,33.00,0.6779,1,1
243,8,1022.00,34.00,47.00,52.00,0.6181,1,1
243,25,18.00,63.00,21.00,23.00,0.2969,1,1
243,26,960.00,326.00,38.00,24.00,0.5493,1,1
243,38,997.00,258.00,26.00,29.00,0.5411,1,1
244,1,1082.00,193.00,79.00,67.00,0.9356,1,1
244,4,700.00,1.00,63.00,30.00,0.6127,1,1
244,8,1020.00,33.00,47.00,54.00,0.5261,1,1
244,26,959.00,329.00,39.00,24.00,0.5493,1,1
244,36,987.00,271.00,25.00,26.00,0.3793,1,1
245,1,1079.00,194.00,80.00,67.00,0.9317,1,1
245,4,692.00,1.00,70.00,30.00,0.6752,1,1
245,8,1015.00,34.00,50.00,53.00,0.7288,1,1
245,36,986.00,271.00,25.00,26.00,0.3793,1,1
245,38,982.00,276.00,27.00,27.00,0.2692,1,1
246,1,1076.00,197.00,81.00,67.00,0.9147,1,1
246,4,690.00,0.00,70.00,31.00,0.6835,1,1
246,6,656.00,212.00,68.00,78.00,0.2763,1,1
246,8,1014.00,37.00,49.00,51.00,0.8033,1,1
246,33,1078.00,246.00,24.00,27.00,0.5199,1,1
246,38,979.00,281.00,25.00,27.00,0.2692,1,1
247,1,1074.00,199.00,81.00,68.00,0.9149,1,1
247,4,688.00,1.00,71.00,30.00,0.7413,1,1
247,6,656.00,212.00,69.00,79.00,0.6141,1,1
247,8,1011.00,38.00,48.00,52.00,0.8487,1,1
247,14,754.00,296.00,22.00,25.00,0.4496,1,1
247,24,1080.00,248.00,21.00,26.00,0.7030,1,1
247,33,1094.00,248.00,25.00,28.00,0.5199,1,1
248,1,1074.00,199.00,81.00,68.00,0.9149,1,1
248,4,688.00,1.00,71.00,30.00,0.7406,1,1
248,6,656.00,212.00,69.00,79.00,0.6199,1,1
248,8,1011.00,38.00,48.00,52.00,0.8497,1,1
248,14,754.00,296.00,22.00,25.00,0.4514,1,1
248,24,1080.00,248.00,21.00,26.00,0.7020,1,1
249,1,1072.00,201.00,80.00,68.00,0.9096,1,1
249,4,686.00,1.00,72.00,30.00,0.7238,1,1
249,6,655.00,212.00,71.00,78.00,0.3397,1,1
249,8,1009.00,40.00,48.00,52.00,0.7318,1,1
249,14,733.00,300.00,23.00,26.00,0.4514,1,1
249,24,1077.00,249.00,22.00,25.00,0.3924,1,1
249,38,970.00,290.00,28.00,31.00,0.2919,1,1
250,1,1068.00,203.00,82.00,66.00,0.9288,1,1
250,4,685.00,1.00,70.00,30.00,0.7177,1,1
250,6,656.00,212.00,70.00,78.00,0.3397,1,1
250,8,1006.00,41.00,48.00,54.00,0.5579,1,1
250,24,1099.00,255.00,23.00,24.00,0.3924,1,1
250,38,967.00,294.00,28.00,31.00,0.2919,1,1
251,1,1065.00,203.00,80.00,68.00,0.9210,1,1
251,4,684.00,1.00,69.00,29.00,0.6477,1,1
251,6,659.00,211.00,70.00,78.00,0.2901,1,1
251,8,1002.00,43.00,49.00,54.00,0.8210,1,1
251,23,710.00,269.00,39.00,31.00,0.6419,1,1
252,1,1063.00,203.00,80.00,69.00,0.9387,1,1
252,4,683.00,1.00,69.00,29.00,0.6665,1,1
252,6,659.00,212.00,73.00,76.00,0.6820,1,1
252,8,997.00,46.00,50.00,54.00,0.7390,1,1
252,23,713.00,265.00,38.00,32.00,0.6711,1,1
253,1,1061.00,205.00,78.00,67.00,0.9470,1,1
253,4,683.00,1.00,68.00,29.00,0.6431,1,1
253,6,659.00,213.00,73.00,75.00,0.6723,1,1
253,8,994.00,46.00,50.00,56.00,0.5337,1,1
253,23,716.00,263.00,34.00,31.00,0.5565,1,1
253,24,967.00,303.00,30.00,28.00,0.3554,1,1
253,26,941.00,367.00,38.00,29.00,0.3044,1,1
254,1,1061.00,205.00,78.00,67.00,0.9468,1,1
254,4,683.00,1.00,68.00,29.00,0.6411,1,1
254,6,659.00,213.00,73.00,75.00,0.6750,1,1
254,8,994.00,46.00,50.00,57.00,0.5368,1,1
254,23,716.00,263.00,34.00,31.00,0.5511,1,1
254,24,967.00,302.00,30.00,30.00,0.3512,1,1
254,26,941.00,367.00,38.00,29.00,0.3028,1,1
255,1,1057.00,204.00,79.00,69.00,0.9454,1,1
255,4,682.00,1.00,68.00,29.00,0.7139,1,1
255,6,659.00,214.00,76.00,72.00,0.8198,1,1
255,8,992.00,47.00,50.00,57.00,0.5368,1,1
255,23,717.00,262.00,31.00,31.00,0.3404,1,1
255,24,974.00,310.00,30.00,29.00,0.3512,1,1
255,26,939.00,370.00,39.00,30.00,0.3028,1,1
255,36,936.00,366.00,32.00,25.00,0.2648,1,1
256,1,1054.00,205.00,79.00,67.00,0.9411,1,1
256,4,682.00,1.00,68.00,29.00,0.6109,1,1
256,5,909.00,188.00,30.00,35.00,0.4196,1,1
256,6,662.00,214.00,76.00,72.00,0.8840,1,1
256,8,985.00,50.00,51.00,57.00,0.7099,1,1
256,14,774.00,185.00,21.00,34.00,0.4150,1,1
256,23,707.00,267.00,31.00,30.00,0.3404,1,1
256,24,971.00,306.00,33.00,24.00,0.5368,1,1
256,36,932.00,373.00,33.00,24.00,0.2648,1,1
257,1,1050.00,206.00,80.00,67.00,0.9369,1,1
257,4,684.00,1.00,67.00,29.00,0.6144,1,1
257,5,908.00,184.00,30.00,35.00,0.4196,1,1
257,6,664.00,216.00,76.00,70.00,0.8688,1,1
257,8,980.00,52.00,52.00,56.00,0.7973,1,1
257,14,771.00,179.00,21.00,35.00,0.4150,1,1
257,24,972.00,308.00,33.00,24.00,0.6606,1,1
257,26,939.00,381.00,36.00,25.00,0.3366,1,1
258,1,1044.00,206.00,85.00,68.00,0.9309,1,1
258,4,685.00,1.00,68.00,28.00,0.5554,1,1
258,6,665.00,216.00,77.00,71.00,0.8611,1,1
258,8,974.00,52.00,53.00,58.00,0.6344,1,1
258,14,753.00,201.00,24.00,37.00,0.4842,1,1
258,24,974.00,308.00,33.00,24.00,0.5642,1,1
258,26,935.00,383.00,38.00,26.00,0.4862,1,1
259,1,1041.00,207.00,85.00,68.00,0.9461,1,1
259,4,687.00,0.00,69.00,28.00,0.7284,1,1
259,6,666.00,216.00,79.00,70.00,0.8324,1,1
259,8,970.00,55.00,51.00,56.00,0.7575,1,1
259,14,748.00,206.00,21.00,38.00,0.8247,1,1
259,24,972.00,306.00,39.00,25.00,0.3752,1,1
259,26,934.00,387.00,37.00,25.00,0.4862,1,1
259,36,942.00,325.00,23.00,28.00,0.2688,1,1
260,1,1041.00,207.00,85.00,68.00,0.9458,1,1
260,4,687.00,0.00,69.00,28.00,0.7273,1,1
260,6,666.00,216.00,79.00,70.00,0.8322,1,1
260,8,970.00,55.00,51.00,56.00,0.7648,1,1
260,14,748.00,206.00,21.00,38.00,0.8250,1,1
260,24,972.00,306.00,39.00,25.00,0.3644,1,1
260,36,942.00,325.00,23.00,28.00,0.2603,1,1
261,1,1036.00,208.00,90.00,67.00,0.9400,1,1
261,4,690.00,0.00,69.00,28.00,0.7322,1,1
261,6,667.00,217.00,83.00,67.00,0.7587,1,1
261,8,965.00,56.00,50.00,56.00,0.6265,1,1
261,14,745.00,210.00,22.00,38.00,0.9130,1,1
261,23,947.00,310.00,38.00,35.00,0.3044,1,1
261,24,953.00,308.00,43.00,27.00,0.3022,1,1
261,26,936.00,385.00,36.00,26.00,0.2680,1,1
261,36,941.00,326.00,22.00,29.00,0.2603,1,1
262,1,1033.00,208.00,91.00,69.00,0.9374,1,1
262,4,692.00,0.00,70.00,28.00,0.7137,1,1
262,6,667.00,218.00,84.00,66.00,0.8361,1,1
262,8,956.00,57.00,53.00,57.00,0.7275,1,1
262,14,745.00,212.00,22.00,38.00,0.8845,1,1
262,23,947.00,310.00,32.00,35.00,0.3637,1,1
262,24,954.00,312.00,45.00,27.00,0.3022,1,1
262,26,934.00,388.00,37.00,26.00,0.2680,1,1
263,1,1028.00,209.00,93.00,67.00,0.9309,1,1
263,4,700.00,1.00,65.00,28.00,0.7905,1,1
263,6,669.00,219.00,84.00,64.00,0.8309,1,1
263,8,949.00,56.00,53.00,58.00,0.7393,1,1
263,14,747.00,211.00,20.00,40.00,0.8610,1,1
263,23,965.00,316.00,32.00,35.00,0.3637,1,1
263,24,950.00,309.00,34.00,31.00,0.3295,1,1
264,1,1026.00,209.00,92.00,67.00,0.9127,1,1
264,4,703.00,1.00,67.00,28.00,0.6655,1,1
264,6,671.00,219.00,83.00,63.00,0.8735,1,1
264,8,945.00,57.00,51.00,57.00,0.5186,1,1
264,14,749.00,211.00,21.00,41.00,0.8471,1,1
264,23,959.00,305.00,46.00,27.00,0.4573,1,1
264,24,950.00,308.00,43.00,29.00,0.3038,1,1
264,36,933.00,328.00,23.00,27.00,0.2548,1,1
265,1,1025.00,209.00,85.00,67.00,0.9286,1,1
265,4,707.00,1.00,67.00,28.00,0.6969,1,1
265,6,673.00,219.00,82.00,65.00,0.7857,1,1
265,8,941.00,62.00,50.00,52.00,0.5108,1,1
265,14,754.00,211.00,22.00,44.00,0.7727,1,1
265,23,960.00,305.00,44.00,26.00,0.4742,1,1
265,24,950.00,307.00,40.00,28.00,0.4421,1,1
265,36,931.00,329.00,24.00,28.00,0.2548,1,1
266,1,1025.00,209.00,85.00,67.00,0.9286,1,1
266,4,707.00,1.00,67.00,28.00,0.6976,1,1
266,6,673.00,219.00,82.00,65.00,0.7851,1,1
266,8,942.00,62.00,49.00,52.00,0.5135,1,1
266,14,754.00,211.00,22.00,44.00,0.7701,1,1
266,23,960.00,305.00,43.00,26.00,0.4738,1,1
266,24,950.00,308.00,40.00,27.00,0.4412,1,1
267,1,1023.00,209.00,85.00,68.00,0.9335,1,1
267,4,712.00,0.00,67.00,29.00,0.7596,1,1
267,6,674.00,218.00,82.00,65.00,0.7916,1,1
267,8,936.00,61.00,50.00,53.00,0.3187,1,1
267,14,760.00,204.00,24.00,49.00,0.6937,1,1
267,23,957.00,306.00,44.00,26.00,0.4118,1,1
267,24,950.00,308.00,41.00,27.00,0.6899,1,1
268,1,1022.00,208.00,85.00,68.00,0.9368,1,1
268,4,717.00,0.00,68.00,30.00,0.7503,1,1
268,5,943.00,309.00,31.00,29.00,0.3536,1,1
268,6,675.00,218.00,83.00,65.00,0.8048,1,1
268,8,932.00,62.00,50.00,53.00,0.3187,1,1
268,14,767.00,207.00,25.00,46.00,0.7118,1,1
268,23,956.00,304.00,46.00,26.00,0.2570,1,1
268,24,948.00,308.00,33.00,27.00,0.6515,1,1
269,1,1022.00,207.00,85.00,68.00,0.9401,1,1
269,4,721.00,0.00,68.00,30.00,0.7396,1,1
269,5,946.00,317.00,31.00,29.00,0.3536,1,1
269,6,675.00,218.00,82.00,65.00,0.7923,1,1
269,14,776.00,208.00,26.00,43.00,0.6028,1,1
269,23,947.00,309.00,28.00,25.00,0.5854,1,1
269,24,942.00,310.00,29.00,27.00,0.3785,1,1
269,33,632.00,47.00,37.00,30.00,0.3114,1,1
269,38,712.00,265.00,36.00,34.00,0.3066,1,1
270,1,1021.00,206.00,86.00,68.00,0.9360,1,1
270,4,724.00,1.00,68.00,30.00,0.7537,1,1
270,5,942.00,310.00,30.00,27.00,0.4581,1,1
270,6,676.00,218.00,82.00,65.00,0.7857,1,1
270,14,787.00,204.00,26.00,43.00,0.6724,1,1
270,23,947.00,309.00,28.00,25.00,0.5842,1,1
270,24,957.00,303.00,44.00,26.00,0.3003,1,1
270,33,632.00,47.00,40.00,30.00,0.4582,1,1
270,38,699.00,264.00,36.00,34.00,0.3066,1,1
271,1,1021.00,204.00,85.00,68.00,0.9297,1,1
271,4,732.00,1.00,67.00,30.00,0.7023,1,1
271,5,944.00,317.00,29.00,27.00,0.4581,1,1
271,6,677.00,218.00,81.00,64.00,0.8116,1,1
271,14,794.00,203.00,28.00,36.00,0.7307,1,1
271,23,948.00,308.00,37.00,25.00,0.4917,1,1
271,24,951.00,304.00,49.00,26.00,0.3615,1,1
271,33,632.00,47.00,43.00,31.00,0.6377,1,1
272,1,1021.00,204.00,85.00,68.00,0.9296,1,1
272,4,732.00,1.00,67.00,30.00,0.7012,1,1
272,6,677.00,218.00,81.00,64.00,0.8143,1,1
272,14,795.00,203.00,27.00,36.00,0.7290,1,1
272,23,948.00,307.00,37.00,26.00,0.4893,1,1
272,24,951.00,304.00,49.00,26.00,0.3574,1,1
272,33,632.00,47.00,43.00,32.00,0.6292,1,1
273,1,1021.00,203.00,85.00,68.00,0.9087,1,1
273,4,736.00,1.00,67.00,31.00,0.7818,1,1
273,6,677.00,218.00,81.00,64.00,0.7727,1,1
273,14,805.00,201.00,26.00,35.00,0.6985,1,1
273,23,953.00,309.00,38.00,26.00,0.4893,1,1
273,24,952.00,303.00,45.00,27.00,0.6721,1,1
273,33,632.00,46.00,47.00,33.00,0.5130,1,1
274,1,1022.00,201.00,83.00,69.00,0.9090,1,1
274,4,739.00,1.00,68.00,31.00,0.8398,1,1
274,6,677.00,218.00,81.00,65.00,0.6027,1,1
274,14,811.00,196.00,28.00,38.00,0.5806,1,1
274,24,949.00,302.00,46.00,28.00,0.5335,1,1
274,33,627.00,46.00,49.00,33.00,0.5130,1,1
275,1,1022.00,200.00,83.00,66.00,0.9064,1,1
275,4,743.00,1.00,68.00,32.00,0.7554,1,1
275,6,678.00,218.00,80.00,65.00,0.5877,1,1
275,14,821.00,196.00,26.00,34.00,0.3655,1,1
275,24,949.00,301.00,46.00,31.00,0.5719,1,1
275,33,633.00,46.00,50.00,33.00,0.3146,1,1
275,38,717.00,267.00,32.00,33.00,0.2624,1,1
276,1,1023.00,199.00,83.00,68.00,0.9104,1,1
276,4,745.00,0.00,70.00,34.00,0.7001,1,1
276,6,679.00,218.00,79.00,66.00,0.5175,1,1
276,8,907.00,54.00,50.00,56.00,0.2616,1,1
276,14,827.00,194.00,23.00,30.00,0.7804,1,1
276,24,948.00,303.00,44.00,31.00,0.5904,1,1
276,26,986.00,166.00,17.00,29.00,0.2707,1,1
276,33,629.00,46.00,52.00,33.00,0.3146,1,1
276,38,718.00,268.00,31.00,32.00,0.2770,1,1
277,1,1023.00,198.00,84.00,68.00,0.9114,1,1
277,4,748.00,0.00,69.00,35.00,0.7572,1,1
277,6,679.00,218.00,79.00,66.00,0.3677,1,1
277,8,905.00,53.00,49.00,56.00,0.4677,1,1
277,14,830.00,191.00,24.00,31.00,0.7696,1,1
277,24,949.00,303.00,43.00,30.00,0.6182,1,1
277,26,987.00,165.00,18.00,30.00,0.5573,1,1
277,38,718.00,268.00,31.00,32.00,0.2788,1,1
278,1,1023.00,198.00,84.00,68.00,0.9108,1,1
278,4,748.00,0.00,69.00,35.00,0.7584,1,1
278,6,679.00,218.00,79.00,66.00,0.3743,1,1
278,8,905.00,53.00,49.00,55.00,0.4689,1,1
278,14,830.00,191.00,24.00,31.00,0.7691,1,1
278,23,987.00,165.00,18.00,30.00,0.5453,1,1
278,24,949.00,303.00,43.00,30.00,0.6253,1,1
278,26,989.00,157.00,18.00,31.00,0.5573,1,1
278,38,718.00,268.00,31.00,32.00,0.2806,1,1
279,1,1023.00,197.00,83.00,67.00,0.9305,1,1
279,4,749.00,1.00,70.00,33.00,0.7396,1,1
279,6,679.00,217.00,79.00,68.00,0.3734,1,1
279,8,902.00,53.00,52.00,55.00,0.7075,1,1
279,14,833.00,192.00,23.00,29.00,0.8726,1,1
279,23,987.00,165.00,18.00,30.00,0.5884,1,1
279,24,950.00,303.00,41.00,29.00,0.6124,1,1
279,33,633.00,47.00,53.00,32.00,0.3760,1,1
279,38,718.00,269.00,31.00,30.00,0.4104,1,1
280,1,1023.00,196.00,84.00,66.00,0.9480,1,1
280,4,751.00,1.00,70.00,33.00,0.7289,1,1
280,6,679.00,217.00,76.00,69.00,0.2731,1,1
280,8,901.00,52.00,52.00,56.00,0.7014,1,1
280,14,834.00,192.00,24.00,31.00,0.8733,1,1
280,23,987.00,166.00,19.00,31.00,0.5210,1,1
280,24,949.00,302.00,39.00,29.00,0.6199,1,1
280,33,633.00,47.00,53.00,32.00,0.3095,1,1
280,38,719.00,268.00,30.00,31.00,0.3892,1,1
281,1,1022.00,195.00,85.00,66.00,0.9511,1,1
281,4,755.00,0.00,69.00,36.00,0.7386,1,1
281,6,679.00,217.00,77.00,69.00,0.2731,1,1
281,8,899.00,50.00,53.00,58.00,0.7042,1,1
281,14,835.00,193.00,24.00,32.00,0.7445,1,1
281,23,988.00,165.00,19.00,31.00,0.4313,1,1
281,24,949.00,301.00,36.00,30.00,0.4260,1,1
281,33,633.00,47.00,53.00,33.00,0.2692,1,1
281,38,720.00,268.00,30.00,31.00,0.3206,1,1
282,1,1022.00,194.00,85.00,66.00,0.9498,1,1
282,4,757.00,0.00,68.00,35.00,0.7187,1,1
282,5,949.00,290.00,45.00,35.00,0.3074,1,1
282,8,898.00,49.00,53.00,58.00,0.6781,1,1
282,14,834.00,195.00,25.00,33.00,0.8250,1,1
282,23,988.00,166.00,19.00,32.00,0.5528,1,1
282,24,950.00,296.00,36.00,31.00,0.5882,1,1
282,33,633.00,47.00,53.00,33.00,0.3048,1,1
282,36,924.00,384.00,46.00,28.00,0.3879,1,1
282,38,721.00,268.00,29.00,32.00,0.3632,1,1
283,1,1023.00,193.00,84.00,67.00,0.9560,1,1
283,4,758.00,0.00,68.00,35.00,0.6614,1,1
283,5,945.00,292.00,30.00,36.00,0.2883,1,1
283,8,898.00,49.00,52.00,58.00,0.7357,1,1
283,14,833.00,198.00,26.00,33.00,0.8029,1,1
283,23,988.00,167.00,19.00,32.00,0.4765,1,1
283,24,951.00,287.00,47.00,31.00,0.3943,1,1
283,33,631.00,47.00,55.00,33.00,0.3048,1,1
283,36,923.00,387.00,47.00,28.00,0.3879,1,1
283,38,721.00,268.00,29.00,32.00,0.3645,1,1
284,1,1023.00,193.00,84.00,67.00,0.9558,1,1
284,4,758.00,0.00,68.00,35.00,0.6622,1,1
284,5,945.00,292.00,29.00,36.00,0.2908,1,1
284,8,898.00,49.00,52.00,58.00,0.7357,1,1
284,14,833.00,198.00,26.00,33.00,0.8059,1,1
284,23,988.00,166.00,19.00,33.00,0.4810,1,1
284,24,951.00,287.00,47.00,32.00,0.3855,1,1
284,38,721.00,268.00,29.00,32.00,0.3697,1,1
284,39,950.00,283.00,35.00,38.00,0.4948,1,1
284,40,950.00,290.00,31.00,33.00,0.7863,1,1
285,1,1023.00,193.00,84.00,67.00,0.9594,1,1
285,4,759.00,0.00,67.00,35.00,0.6341,1,1
285,5,945.00,293.00,29.00,37.00,0.2908,1,1
285,8,898.00,48.00,53.00,59.00,0.7135,1,1
285,14,832.00,199.00,24.00,34.00,0.7852,1,1
285,23,988.00,167.00,19.00,33.00,0.4815,1,1
285,24,951.00,279.00,47.00,35.00,0.2902,1,1
285,26,855.00,202.00,27.00,37.00,0.4458,1,1
285,38,721.00,268.00,29.00,32.00,0.3354,1,1
285,39,949.00,281.00,37.00,38.00,0.4015,1,1
285,40,945.00,285.00,34.00,35.00,0.4685,1,1
286,1,1026.00,191.00,82.00,67.00,0.9458,1,1
286,4,759.00,1.00,69.00,32.00,0.5793,1,1
286,8,899.00,48.00,53.00,59.00,0.7119,1,1
286,14,830.00,202.00,24.00,32.00,0.5527,1,1
286,23,988.00,167.00,19.00,33.00,0.6448,1,1
286,24,953.00,277.00,53.00,32.00,0.3378,1,1
286,26,849.00,203.00,28.00,35.00,0.6861,1,1
286,36,919.00,365.00,53.00,39.00,0.3697,1,1
286,38,721.00,269.00,28.00,31.00,0.3354,1,1
286,39,949.00,280.00,38.00,38.00,0.4015,1,1
286,40,951.00,278.00,39.00,33.00,0.7499,1,1
287,1,1029.00,190.00,79.00,67.00,0.9440,1,1
287,4,759.00,1.00,69.00,32.00,0.5660,1,1
287,8,899.00,48.00,54.00,60.00,0.7012,1,1
287,14,827.00,205.00,23.00,31.00,0.7007,1,1
287,23,988.00,167.00,19.00,33.00,0.6374,1,1
287,24,954.00,276.00,43.00,29.00,0.5589,1,1
287,26,846.00,202.00,25.00,34.00,0.5856,1,1
287,33,632.00,47.00,54.00,33.00,0.2550,1,1
287,36,924.00,355.00,52.00,46.00,0.3746,1,1
287,40,953.00,273.00,39.00,34.00,0.7499,1,1
288,1,1031.00,188.00,79.00,68.00,0.9399,1,1
288,4,759.00,1.00,69.00,32.00,0.5712,1,1
288,5,929.00,348.00,47.00,37.00,0.5774,1,1
288,8,902.00,49.00,52.00,60.00,0.7709,1,1
288,14,825.00,205.00,23.00,32.00,0.4975,1,1
288,23,989.00,166.00,19.00,33.00,0.7056,1,1
288,24,954.00,274.00,44.00,28.00,0.5589,1,1
288,26,842.00,202.00,25.00,35.00,0.5967,1,1
288,33,632.00,47.00,55.00,33.00,0.3344,1,1
288,36,924.00,354.00,53.00,48.00,0.3746,1,1
289,1,1035.00,187.00,79.00,69.00,0.9379,1,1
289,4,758.00,0.00,69.00,34.00,0.5941,1,1
289,5,934.00,333.00,42.00,33.00,0.4975,1,1
289,8,904.00,50.00,53.00,61.00,0.6165,1,1
289,14,839.00,202.00,24.00,35.00,0.3094,1,1
289,23,990.00,168.00,18.00,31.00,0.7095,1,1
289,26,834.00,205.00,26.00,35.00,0.5967,1,1
289,33,632.00,47.00,55.00,33.00,0.4826,1,1
290,1,1035.00,187.00,79.00,69.00,0.9379,1,1
290,4,758.00,0.00,69.00,34.00,0.5981,1,1
290,5,934.00,333.00,42.00,32.00,0.4972,1,1
290,8,904.00,50.00,53.00,61.00,0.6169,1,1
290,14,839.00,202.00,24.00,35.00,0.3094,1,1
290,23,991.00,168.00,17.00,31.00,0.7090,1,1
290,33,632.00,47.00,55.00,33.00,0.4801,1,1
291,1,1038.00,185.00,79.00,69.00,0.9294,1,1
291,4,756.00,1.00,71.00,32.00,0.6059,1,1
291,5,933.00,337.00,43.00,33.00,0.4972,1,1
291,8,907.00,50.00,52.00,61.00,0.5383,1,1
291,14,816.00,205.00,25.00,37.00,0.3341,1,1
291,23,990.00,171.00,18.00,29.00,0.6312,1,1
291,33,632.00,46.00,55.00,34.00,0.5403,1,1
292,1,1041.00,183.00,77.00,69.00,0.9302,1,1
292,4,754.00,0.00,70.00,33.00,0.7544,1,1
292,8,907.00,52.00,57.00,59.00,0.6366,1,1
292,14,829.00,199.00,29.00,38.00,0.4693,1,1
292,23,992.00,173.00,18.00,26.00,0.5745,1,1
292,33,632.00,46.00,54.00,34.00,0.3836,1,1
293,1,1044.00,183.00,77.00,68.00,0.9348,1,1
293,4,751.00,0.00,69.00,32.00,0.7723,1,1
293,8,911.00,54.00,56.00,57.00,0.7464,1,1
293,14,829.00,199.00,29.00,40.00,0.7064,1,1
293,23,994.00,173.00,18.00,26.00,0.4435,1,1
293,24,811.00,203.00,28.00,38.00,0.4648,1,1
293,26,821.00,201.00,34.00,39.00,0.2659,1,1
293,33,632.00,46.00,54.00,33.00,0.3079,1,1
293,40,955.00,298.00,39.00,33.00,0.3400,1,1
294,1,1047.00,181.00,78.00,69.00,0.9361,1,1
294,4,749.00,1.00,69.00,31.00,0.7305,1,1
294,5,1029.00,264.00,31.00,23.00,0.5501,1,1
294,8,914.00,56.00,58.00,56.00,0.6122,1,1
294,14,811.00,201.00,39.00,40.00,0.2908,1,1
294,23,998.00,175.00,17.00,27.00,0.5705,1,1
294,24,808.00,203.00,29.00,39.00,0.6076,1,1
294,26,827.00,200.00,32.00,40.00,0.6447,1,1
294,33,632.00,46.00,53.00,33.00,0.3387,1,1
294,38,1028.00,254.00,36.00,25.00,0.3349,1,1
294,39,960.00,295.00,44.00,29.00,0.3566,1,1
294,40,956.00,300.00,39.00,33.00,0.3400,1,1
295,1,1051.00,180.00,75.00,68.00,0.9337,1,1
295,4,744.00,0.00,70.00,32.00,0.7759,1,1
295,5,1038.00,260.00,30.00,23.00,0.5501,1,1
295,6,683.00,214.00,76.00,67.00,0.4955,1,1
295,8,919.00,54.00,56.00,58.00,0.6189,1,1
295,14,828.00,200.00,32.00,37.00,0.3706,1,1
295,23,1002.00,178.00,18.00,26.00,0.7162,1,1
295,24,806.00,204.00,26.00,36.00,0.6693,1,1
295,26,823.00,201.00,32.00,41.00,0.6447,1,1
295,33,632.00,46.00,53.00,33.00,0.3387,1,1
295,38,1025.00,250.00,42.00,26.00,0.3943,1,1
295,39,962.00,296.00,43.00,28.00,0.3566,1,1
296,1,1051.00,180.00,75.00,68.00,0.9345,1,1
296,4,744.00,0.00,70.00,32.00,0.7763,1,1
296,6,684.00,215.00,75.00,66.00,0.4934,1,1
296,8,919.00,53.00,56.00,59.00,0.6161,1,1
296,14,828.00,200.00,32.00,37.00,0.3748,1,1
296,23,1002.00,178.00,18.00,26.00,0.7168,1,1
296,24,806.00,204.00,26.00,36.00,0.6702,1,1
296,38,1025.00,250.00,42.00,26.00,0.3886,1,1
297,1,1054.00,179.00,75.00,68.00,0.9331,1,1
297,4,739.00,0.00,68.00,30.00,0.7965,1,1
297,6,684.00,214.00,76.00,66.00,0.4934,1,1
297,8,927.00,54.00,52.00,61.00,0.8348,1,1
297,14,805.00,204.00,25.00,35.00,0.6039,1,1
297,23,1007.00,178.00,18.00,26.00,0.6576,1,1
297,24,797.00,199.00,26.00,37.00,0.6702,1,1
297,38,1029.00,250.00,41.00,25.00,0.3254,1,1
298,1,1057.00,179.00,78.00,67.00,0.9370,1,1
298,4,734.00,1.00,68.00,29.00,0.7749,1,1
298,8,932.00,55.00,52.00,61.00,0.7710,1,1
298,14,804.00,203.00,25.00,34.00,0.6764,1,1
298,23,1009.00,179.00,18.00,25.00,0.6576,1,1
298,38,1047.00,249.00,42.00,25.00,0.3254,1,1
299,1,1061.00,178.00,74.00,68.00,0.9290,1,1
299,4,727.00,1.00,68.00,28.00,0.7778,1,1
299,6,685.00,209.00,70.00,70.00,0.2865,1,1
299,8,937.00,57.00,53.00,61.00,0.7696,1,1
299,14,803.00,200.00,24.00,35.00,0.7712,1,1
300,1,1063.00,175.00,74.00,69.00,0.9176,1,1
300,4,720.00,0.00,69.00,28.00,0.7504,1,1
300,6,685.00,208.00,70.00,71.00,0.2865,1,1
300,8,943.00,59.00,53.00,61.00,0.6895,1,1
300,14,802.00,200.00,24.00,33.00,0.8649,1,1
300,39,1004.00,301.00,27.00,25.00,0.4165,1,1
301,1,1066.00,175.00,73.00,68.00,0.9234,1,1
301,4,715.00,0.00,67.00,28.00,0.7174,1,1
301,8,946.00,64.00,55.00,58.00,0.6399,1,1
301,14,797.00,196.00,27.00,34.00,0.8648,1,1
301,39,1008.00,302.00,26.00,24.00,0.4165,1,1
302,1,1066.00,175.00,73.00,68.00,0.9233,1,1
302,4,715.00,0.00,67.00,28.00,0.7146,1,1
302,8,946.00,64.00,55.00,58.00,0.6404,1,1
302,14,797.00,196.00,27.00,34.00,0.8649,1,1
303,1,1068.00,174.00,73.00,67.00,0.9264,1,1
303,4,709.00,0.00,66.00,28.00,0.7196,1,1
303,6,685.00,202.00,71.00,76.00,0.3487,1,1
303,8,954.00,69.00,52.00,57.00,0.7786,1,1
303,14,793.00,193.00,27.00,34.00,0.8452,1,1
304,1,1071.00,173.00,73.00,67.00,0.9236,1,1
304,4,703.00,1.00,63.00,26.00,0.6816,1,1
304,6,684.00,200.00,73.00,77.00,0.3468,1,1
304,8,961.00,70.00,52.00,60.00,0.6185,1,1
304,14,790.00,192.00,25.00,32.00,0.7890,1,1
305,1,1074.00,172.00,72.00,67.00,0.9249,1,1
305,4,698.00,0.00,62.00,25.00,0.6374,1,1
305,6,681.00,200.00,79.00,76.00,0.2795,1,1
305,8,967.00,75.00,52.00,59.00,0.5109,1,1
305,14,783.00,189.00,28.00,35.00,0.7877,1,1
306,1,1076.00,172.00,72.00,66.00,0.9357,1,1
306,4,690.00,0.00,64.00,22.00,0.7524,1,1
306,6,678.00,199.00,76.00,75.00,0.4416,1,1
306,8,974.00,78.00,51.00,60.00,0.6126,1,1
306,14,778.00,190.00,26.00,33.00,0.8024,1,1
306,33,702.00,5.00,43.00,35.00,0.3766,1,1
307,1,1078.00,171.00,72.00,66.00,0.9386,1,1
307,4,686.00,0.00,61.00,22.00,0.6762,1,1
307,6,677.00,199.00,76.00,74.00,0.5448,1,1
307,8,980.00,82.00,51.00,59.00,0.4516,1,1
307,14,773.00,185.00,23.00,34.00,0.7995,1,1
307,33,691.00,6.00,48.00,33.00,0.3294,1,1
308,1,1078.00,171.00,72.00,66.00,0.9388,1,1
308,4,686.00,0.00,61.00,21.00,0.6767,1,1
308,6,677.00,199.00,76.00,74.00,0.5440,1,1
308,8,980.00,82.00,51.00,59.00,0.4521,1,1
308,14,773.00,185.00,23.00,34.00,0.8006,1,1
308,33,692.00,6.00,47.00,33.00,0.3279,1,1
309,1,1078.00,170.00,72.00,66.00,0.9440,1,1
309,4,682.00,0.00,57.00,20.00,0.6910,1,1
309,6,674.00,198.00,78.00,74.00,0.5562,1,1
309,8,985.00,83.00,50.00,59.00,0.4957,1,1
309,14,764.00,178.00,25.00,38.00,0.7760,1,1
309,33,687.00,7.00,45.00,33.00,0.4837,1,1
310,1,1079.00,170.00,72.00,66.00,0.9466,1,1
310,4,680.00,1.00,53.00,18.00,0.4648,1,1
310,6,671.00,198.00,78.00,72.00,0.4693,1,1
310,8,988.00,85.00,53.00,59.00,0.6560,1,1
310,14,759.00,182.00,28.00,35.00,0.6578,1,1
310,24,687.00,12.00,36.00,28.00,0.5417,1,1
310,33,689.00,7.00,45.00,32.00,0.4837,1,1
310,38,684.00,260.00,49.00,23.00,0.2664,1,1
311,1,1079.00,169.00,72.00,66.00,0.9470,1,1
311,4,675.00,1.00,52.00,17.00,0.4745,1,1
311,6,670.00,197.00,79.00,72.00,0.4693,1,1
311,8,994.00,85.00,52.00,60.00,0.4858,1,1
311,14,755.00,180.00,29.00,36.00,0.6578,1,1
311,24,679.00,0.00,36.00,27.00,0.5417,1,1
311,33,682.00,10.00,41.00,29.00,0.5697,1,1
311,38,667.00,260.00,49.00,23.00,0.2664,1,1
312,1,1079.00,169.00,72.00,66.00,0.9464,1,1
312,4,671.00,2.00,53.00,15.00,0.4309,1,1
312,6,665.00,198.00,77.00,70.00,0.2842,1,1
312,8,999.00,85.00,52.00,61.00,0.7437,1,1
312,14,751.00,176.00,34.00,38.00,0.3377,1,1
312,33,675.00,8.00,45.00,29.00,0.6177,1,1
313,1,1079.00,169.00,72.00,66.00,0.9464,1,1
313,4,668.00,2.00,50.00,14.00,0.4309,1,1
313,6,664.00,199.00,76.00,68.00,0.2661,1,1
313,8,1003.00,88.00,52.00,58.00,0.4107,1,1
313,14,747.00,174.00,35.00,39.00,0.3377,1,1
313,33,674.00,8.00,42.00,28.00,0.5041,1,1
314,1,1079.00,169.00,72.00,66.00,0.9468,1,1
314,6,664.00,200.00,75.00,67.00,0.3267,1,1
314,8,1003.00,89.00,51.00,57.00,0.4088,1,1
314,33,674.00,8.00,42.00,28.00,0.5036,1,1
314,43,665.00,200.00,75.00,67.00,0.2631,1,1
315,1,1079.00,169.00,71.00,66.00,0.9424,1,1
315,6,662.00,199.00,76.00,67.00,0.3267,1,1
315,8,1008.00,89.00,49.00,57.00,0.5556,1,1
315,14,745.00,176.00,25.00,36.00,0.4594,1,1
315,33,673.00,8.00,40.00,28.00,0.4277,1,1
315,43,662.00,199.00,76.00,66.00,0.2733,1,1
316,1,1078.00,169.00,72.00,66.00,0.9388,1,1
316,6,657.00,200.00,78.00,63.00,0.6512,1,1
316,8,1010.00,90.00,49.00,56.00,0.6050,1,1
316,14,742.00,175.00,24.00,36.00,0.4594,1,1
316,33,672.00,8.00,39.00,27.00,0.3984,1,1
316,43,661.00,199.00,76.00,66.00,0.2733,1,1
317,1,1078.00,170.00,71.00,65.00,0.9347,1,1
317,6,653.00,200.00,79.00,62.00,0.3973,1,1
317,8,1012.00,90.00,50.00,57.00,0.5106,1,1
317,33,671.00,8.00,38.00,25.00,0.2782,1,1
318,1,1077.00,170.00,70.00,66.00,0.9323,1,1
318,6,646.00,199.00,80.00,63.00,0.5774,1,1
318,8,1012.00,92.00,51.00,57.00,0.4971,1,1
318,33,671.00,7.00,39.00,24.00,0.3446,1,1
318,38,651.00,239.00,27.00,32.00,0.3104,1,1
318,40,790.00,388.00,24.00,34.00,0.4480,1,1
319,1,1076.00,170.00,70.00,66.00,0.9319,1,1
319,6,644.00,199.00,78.00,61.00,0.6600,1,1
319,8,1014.00,96.00,50.00,56.00,0.7054,1,1
319,33,672.00,6.00,38.00,24.00,0.4964,1,1
319,38,648.00,243.00,29.00,30.00,0.5816,1,1
319,40,791.00,385.00,22.00,35.00,0.4696,1,1
320,1,1076.00,170.00,70.00,66.00,0.9320,1,1
320,6,644.00,199.00,78.00,61.00,0.6581,1,1
320,8,1014.00,96.00,50.00,56.00,0.7055,1,1
320,33,672.00,6.00,38.00,24.00,0.5063,1,1
320,38,648.00,243.00,29.00,30.00,0.5822,1,1
320,40,791.00,385.00,22.00,35.00,0.4667,1,1
321,1,1075.00,170.00,71.00,66.00,0.9326,1,1
321,6,640.00,199.00,78.00,60.00,0.7067,1,1
321,8,1013.00,100.00,51.00,54.00,0.7561,1,1
321,23,644.00,243.00,30.00,30.00,0.6162,1,1
321,33,673.00,4.00,39.00,24.00,0.4080,1,1
321,38,668.00,253.00,41.00,27.00,0.3574,1,1
321,39,669.00,2.00,44.00,21.00,0.3436,1,1
321,40,791.00,385.00,21.00,33.00,0.5626,1,1
322,1,1074.00,170.00,72.00,66.00,0.9366,1,1
322,6,636.00,199.00,78.00,60.00,0.5443,1,1
322,8,1012.00,102.00,51.00,53.00,0.7802,1,1
322,23,642.00,243.00,28.00,31.00,0.5650,1,1
322,33,674.00,3.00,40.00,21.00,0.6564,1,1
322,38,665.00,253.00,44.00,27.00,0.3574,1,1
322,39,653.00,0.00,45.00,8.00,0.3436,1,1
322,40,791.00,385.00,20.00,32.00,0.5737,1,1
322,43,635.00,199.00,79.00,60.00,0.2829,1,1
323,1,1072.00,170.00,73.00,66.00,0.9318,1,1
323,6,632.00,199.00,79.00,60.00,0.4585,1,1
323,8,1012.00,100.00,50.00,57.00,0.8115,1,1
323,23,630.00,246.00,28.00,31.00,0.5650,1,1
323,33,674.00,3.00,41.00,20.00,0.6294,1,1
323,38,639.00,242.00,32.00,33.00,0.3794,1,1
323,40,789.00,384.00,20.00,29.00,0.6709,1,1
323,43,632.00,200.00,79.00,60.00,0.2696,1,1
324,1,1072.00,170.00,72.00,66.00,0.9285,1,1
324,6,631.00,200.00,77.00,59.00,0.3593,1,1
324,8,1010.00,100.00,49.00,60.00,0.7742,1,1
324,33,678.00,2.00,39.00,20.00,0.3840,1,1
324,38,638.00,244.00,32.00,32.00,0.3492,1,1
324,40,789.00,383.00,20.00,28.00,0.6447,1,1
324,43,629.00,200.00,78.00,60.00,0.2696,1,1
325,1,1071.00,170.00,72.00,67.00,0.9326,1,1
325,6,629.00,200.00,77.00,59.00,0.4986,1,1
325,8,1009.00,103.00,49.00,60.00,0.7445,1,1
325,33,680.00,1.00,39.00,21.00,0.6165,1,1
325,38,632.00,244.00,34.00,32.00,0.4739,1,1
325,40,790.00,382.00,19.00,28.00,0.3635,1,1
326,1,1071.00,170.00,72.00,67.00,0.9325,1,1
326,6,629.00,200.00,77.00,59.00,0.4957,1,1
326,8,1009.00,103.00,49.00,61.00,0.7429,1,1
326,33,680.00,1.00,39.00,21.00,0.6160,1,1
326,38,632.00,244.00,34.00,32.00,0.4717,1,1
326,40,790.00,382.00,19.00,28.00,0.3797,1,1
327,1,1071.00,170.00,71.00,67.00,0.9276,1,1
327,6,626.00,200.00,78.00,59.00,0.4957,1,1
327,8,1006.00,107.00,51.00,59.00,0.6806,1,1
327,33,683.00,0.00,37.00,22.00,0.5922,1,1
327,38,632.00,246.00,31.00,30.00,0.3682,1,1
327,40,788.00,383.00,19.00,27.00,0.3797,1,1
328,1,1069.00,170.00,72.00,67.00,0.9244,1,1
328,6,622.00,201.00,79.00,58.00,0.4015,1,1
328,8,1005.00,105.00,49.00,63.00,0.5840,1,1
328,33,686.00,0.00,36.00,21.00,0.4284,1,1
328,38,631.00,248.00,28.00,30.00,0.5439,1,1
329,1,1068.00,170.00,71.00,67.00,0.9183,1,1
329,6,619.00,201.00,80.00,58.00,0.6842,1,1
329,8,1005.00,106.00,49.00,64.00,0.5840,1,1
329,14,616.00,144.00,16.00,23.00,0.4508,1,1
329,33,688.00,0.00,37.00,20.00,0.5082,1,1
329,38,630.00,249.00,28.00,30.00,0.6682,1,1
330,1,1066.00,170.00,73.00,67.00,0.9175,1,1
330,6,618.00,201.00,80.00,59.00,0.6045,1,1
330,14,615.00,143.00,16.00,23.00,0.4735,1,1
330,33,694.00,1.00,35.00,18.00,0.4902,1,1
330,38,629.00,250.00,28.00,30.00,0.7346,1,1
331,1,1065.00,171.00,72.00,65.00,0.9186,1,1
331,6,618.00,201.00,80.00,59.00,0.6497,1,1
331,14,608.00,141.00,16.00,23.00,0.4735,1,1
331,23,614.00,138.00,19.00,27.00,0.2686,1,1
331,33,696.00,0.00,34.00,18.00,0.4902,1,1
331,38,629.00,250.00,28.00,29.00,0.7325,1,1
332,1,1065.00,171.00,72.00,65.00,0.9188,1,1
332,6,618.00,201.00,80.00,59.00,0.6477,1,1
332,23,615.00,137.00,18.00,28.00,0.2707,1,1
332,38,629.00,250.00,28.00,29.00,0.7306,1,1
333,1,1063.00,170.00,74.00,65.00,0.9151,1,1
333,6,618.00,202.00,79.00,57.00,0.6465,1,1
333,23,610.00,133.00,18.00,27.00,0.2707,1,1
333,38,629.00,250.00,28.00,29.00,0.7260,1,1
334,1,1062.00,170.00,74.00,65.00,0.9076,1,1
334,6,618.00,202.00,78.00,57.00,0.7142,1,1
334,38,628.00,249.00,30.00,30.00,0.6450,1,1
335,1,1061.00,171.00,75.00,64.00,0.9046,1,1
335,6,617.00,202.00,78.00,57.00,0.6563,1,1
335,23,617.00,130.00,17.00,32.00,0.2620,1,1
335,38,628.00,249.00,30.00,30.00,0.6211,1,1
336,1,1060.00,171.00,75.00,64.00,0.9041,1,1
336,6,617.00,202.00,79.00,57.00,0.6500,1,1
336,8,996.00,105.00,48.00,63.00,0.3818,1,1
336,23,617.00,130.00,17.00,31.00,0.3121,1,1
336,38,628.00,250.00,29.00,30.00,0.5752,1,1
337,1,1058.00,171.00,77.00,63.00,0.9129,1,1
337,6,617.00,202.00,78.00,57.00,0.6721,1,1
337,8,994.00,104.00,50.00,62.00,0.2543,1,1
337,23,617.00,131.00,18.00,29.00,0.2879,1,1
337,38,628.00,250.00,29.00,30.00,0.5938,1,1
338,1,1058.00,171.00,77.00,63.00,0.9135,1,1
338,6,617.00,202.00,78.00,57.00,0.6759,1,1
338,8,994.00,104.00,50.00,62.00,0.2572,1,1
338,23,617.00,131.00,18.00,29.00,0.2863,1,1
338,38,628.00,250.00,29.00,30.00,0.5944,1,1
339,1,1054.00,171.00,80.00,63.00,0.9132,1,1
339,6,617.00,203.00,78.00,55.00,0.6787,1,1
339,8,993.00,104.00,50.00,62.00,0.2572,1,1
339,23,619.00,134.00,18.00,29.00,0.2751,1,1
339,38,628.00,249.00,29.00,32.00,0.5734,1,1
340,1,1052.00,170.00,83.00,64.00,0.9089,1,1
340,6,618.00,202.00,77.00,57.00,0.6803,1,1
340,23,619.00,132.00,20.00,30.00,0.3242,1,1
340,38,627.00,249.00,30.00,32.00,0.5545,1,1
341,1,1049.00,170.00,86.00,63.00,0.8979,1,1
341,6,619.00,202.00,76.00,58.00,0.6350,1,1
341,23,619.00,132.00,22.00,30.00,0.3335,1,1
341,38,626.00,250.00,31.00,31.00,0.5711,1,1
342,1,1050.00,170.00,84.00,62.00,0.9158,1,1
342,6,620.00,203.00,75.00,57.00,0.6323,1,1
342,23,618.00,131.00,22.00,30.00,0.3335,1,1
342,38,626.00,250.00,32.00,32.00,0.5180,1,1
343,1,1048.00,169.00,85.00,64.00,0.9253,1,1
343,6,621.00,203.00,74.00,57.00,0.5453,1,1
343,8,987.00,97.00,53.00,61.00,0.3309,1,1
343,23,621.00,129.00,21.00,31.00,0.3297,1,1
343,38,627.00,250.00,31.00,32.00,0.4567,1,1
344,1,1048.00,169.00,85.00,64.00,0.9260,1,1
344,6,621.00,203.00,74.00,58.00,0.5427,1,1
344,8,987.00,97.00,53.00,61.00,0.3336,1,1
344,23,621.00,129.00,21.00,31.00,0.3254,1,1
344,38,627.00,250.00,31.00,32.00,0.4488,1,1
345,1,1047.00,169.00,82.00,63.00,0.9301,1,1
345,6,619.00,203.00,76.00,58.00,0.5711,1,1
345,8,985.00,100.00,52.00,55.00,0.5340,1,1
345,23,622.00,128.00,20.00,32.00,0.2735,1,1
345,38,626.00,250.00,31.00,32.00,0.3570,1,1
346,1,1045.00,168.00,81.00,63.00,0.9347,1,1
346,6,620.00,203.00,75.00,57.00,0.4690,1,1
346,8,983.00,92.00,51.00,60.00,0.7725,1,1
346,23,621.00,127.00,21.00,32.00,0.2735,1,1
346,38,625.00,250.00,33.00,32.00,0.4154,1,1
347,1,1042.00,167.00,80.00,63.00,0.9389,1,1
347,6,621.00,203.00,74.00,58.00,0.4413,1,1
347,8,982.00,88.00,51.00,61.00,0.7808,1,1
347,23,622.00,125.00,22.00,30.00,0.3672,1,1
347,38,625.00,250.00,33.00,33.00,0.4509,1,1
348,1,1040.00,167.00,78.00,62.00,0.9399,1,1
348,6,620.00,203.00,75.00,58.00,0.3793,1,1
348,8,981.00,85.00,50.00,61.00,0.6388,1,1
348,23,623.00,126.00,21.00,30.00,0.3231,1,1
348,38,625.00,252.00,33.00,31.00,0.4493,1,1
348,40,620.00,168.00,21.00,37.00,0.4481,1,1
349,1,1039.00,166.00,78.00,63.00,0.9315,1,1
349,6,619.00,203.00,76.00,58.00,0.3429,1,1
349,8,976.00,87.00,52.00,56.00,0.7378,1,1
349,23,623.00,126.00,21.00,30.00,0.3045,1,1
349,38,625.00,252.00,33.00,31.00,0.3864,1,1
349,40,620.00,166.00,21.00,38.00,0.2941,1,1
350,1,1039.00,166.00,78.00,63.00,0.9315,1,1
350,6,619.00,203.00,76.00,58.00,0.3798,1,1
350,8,976.00,87.00,52.00,56.00,0.7389,1,1
350,23,623.00,126.00,21.00,29.00,0.2919,1,1
350,38,626.00,252.00,32.00,30.00,0.3749,1,1
350,40,620.00,166.00,21.00,38.00,0.3256,1,1
351,1,1038.00,166.00,74.00,62.00,0.9360,1,1
351,6,619.00,203.00,75.00,58.00,0.3393,1,1
351,8,975.00,79.00,50.00,60.00,0.7855,1,1
351,14,938.00,215.00,21.00,32.00,0.3035,1,1
351,23,623.00,129.00,21.00,28.00,0.2966,1,1
351,38,626.00,252.00,31.00,30.00,0.2893,1,1
351,40,622.00,165.00,20.00,39.00,0.3076,1,1
352,1,1037.00,165.00,72.00,61.00,0.9404,1,1
352,6,619.00,204.00,76.00,58.00,0.2956,1,1
352,8,971.00,75.00,52.00,62.00,0.8112,1,1
352,14,953.00,219.00,22.00,32.00,0.3035,1,1
352,23,623.00,129.00,20.00,28.00,0.2954,1,1
352,38,626.00,252.00,31.00,30.00,0.2893,1,1
352,40,621.00,168.00,21.00,37.00,0.2988,1,1
353,1,1036.00,165.00,71.00,61.00,0.9367,1,1
353,6,618.00,205.00,77.00,57.00,0.2519,1,1
353,8,967.00,72.00,52.00,61.00,0.8114,1,1
353,14,931.00,212.00,25.00,33.00,0.3341,1,1
353,23,624.00,129.00,19.00,29.00,0.2837,1,1
353,40,623.00,167.00,20.00,38.00,0.2836,1,1
354,1,1035.00,165.00,71.00,60.00,0.9324,1,1
354,6,618.00,206.00,78.00,55.00,0.3160,1,1
354,8,961.00,68.00,55.00,61.00,0.6644,1,1
354,14,945.00,215.00,26.00,33.00,0.3341,1,1
354,23,623.00,128.00,20.00,30.00,0.2997,1,1
354,40,620.00,165.00,20.00,39.00,0.2836,1,1
355,1,1034.00,165.00,69.00,60.00,0.9232,1,1
355,6,618.00,206.00,77.00,55.00,0.2896,1,1
355,8,959.00,67.00,52.00,58.00,0.7731,1,1
355,23,623.00,129.00,19.00,30.00,0.3438,1,1
355,38,626.00,255.00,29.00,28.00,0.3362,1,1
356,1,1034.00,165.00,69.00,60.00,0.9233,1,1
356,6,618.00,206.00,77.00,55.00,0.2928,1,1
356,8,959.00,67.00,52.00,58.00,0.7734,1,1
356,23,623.00,129.00,19.00,30.00,0.3414,1,1
356,38,626.00,255.00,29.00,28.00,0.3361,1,1
357,1,1031.00,164.00,72.00,60.00,0.9161,1,1
357,6,618.00,205.00,76.00,56.00,0.3772,1,1
357,8,952.00,62.00,53.00,58.00,0.6439,1,1
357,23,623.00,130.00,19.00,30.00,0.3492,1,1
357,38,626.00,255.00,32.00,28.00,0.3429,1,1
358,1,1029.00,164.00,72.00,59.00,0.8993,1,1
358,6,618.00,205.00,76.00,56.00,0.3131,1,1
358,8,948.00,58.00,54.00,60.00,0.4697,1,1
358,23,622.00,131.00,19.00,29.00,0.3137,1,1
358,33,705.00,0.00,56.00,24.00,0.3914,1,1
358,38,627.00,255.00,29.00,28.00,0.2927,1,1
358,40,617.00,175.00,20.00,32.00,0.3035,1,1
359,1,1028.00,164.00,72.00,57.00,0.9070,1,1
359,6,618.00,205.00,76.00,56.00,0.3354,1,1
359,8,946.00,55.00,54.00,61.00,0.3051,1,1
359,23,622.00,132.00,20.00,28.00,0.3088,1,1
359,33,705.00,0.00,57.00,25.00,0.5985,1,1
359,38,626.00,256.00,32.00,28.00,0.4050,1,1
359,40,615.00,175.00,20.00,31.00,0.3035,1,1
360,1,1028.00,164.00,69.00,57.00,0.9110,1,1
360,6,619.00,205.00,75.00,56.00,0.3866,1,1
360,8,941.00,53.00,56.00,62.00,0.5087,1,1
360,23,621.00,134.00,20.00,27.00,0.2531,1,1
360,33,709.00,1.00,54.00,26.00,0.6713,1,1
360,38,625.00,256.00,33.00,28.00,0.4394,1,1
360,40,616.00,178.00,19.00,28.00,0.2901,1,1
361,1,1026.00,164.00,69.00,57.00,0.9110,1,1
361,6,617.00,205.00,77.00,56.00,0.3949,1,1
361,8,938.00,52.00,55.00,61.00,0.5011,1,1
361,23,620.00,134.00,20.00,26.00,0.2527,1,1
361,33,709.00,1.00,54.00,26.00,0.7192,1,1
361,38,624.00,256.00,34.00,29.00,0.4028,1,1
361,40,615.00,178.00,18.00,27.00,0.2901,1,1
362,1,1026.00,164.00,69.00,57.00,0.9110,1,1
362,6,617.00,205.00,77.00,56.00,0.3935,1,1
362,8,938.00,52.00,55.00,61.00,0.5032,1,1
362,23,620.00,134.00,19.00,26.00,0.2518,1,1
362,33,709.00,1.00,54.00,26.00,0.7219,1,1
362,38,624.00,256.00,34.00,28.00,0.4052,1,1
363,1,1025.00,164.00,68.00,56.00,0.9111,1,1
363,6,615.00,206.00,79.00,56.00,0.3193,1,1
363,8,935.00,48.00,53.00,63.00,0.3384,1,1
363,23,620.00,134.00,19.00,26.00,0.2518,1,1
363,33,708.00,1.00,55.00,26.00,0.6923,1,1
363,38,626.00,258.00,32.00,28.00,0.3713,1,1
364,1,1024.00,164.00,67.00,57.00,0.9175,1,1
364,6,617.00,206.00,77.00,57.00,0.4313,1,1
364,8,932.00,46.00,53.00,63.00,0.3384,1,1
364,33,704.00,1.00,58.00,25.00,0.3242,1,1
364,38,625.00,258.00,32.00,28.00,0.4805,1,1
365,1,1022.00,163.00,66.00,57.00,0.9051,1,1
365,6,616.00,206.00,78.00,57.00,0.4362,1,1
365,23,618.00,131.00,18.00,26.00,0.3487,1,1
365,33,704.00,1.00,58.00,25.00,0.3242,1,1
365,38,626.00,258.00,32.00,28.00,0.4741,1,1
366,1,1020.00,163.00,67.00,57.00,0.9080,1,1
366,6,615.00,206.00,79.00,57.00,0.5940,1,1
366,8,923.00,45.00,56.00,55.00,0.4793,1,1
366,23,616.00,130.00,19.00,27.00,0.3308,1,1
366,38,627.00,258.00,28.00,27.00,0.4242,1,1
366,40,611.00,176.00,20.00,28.00,0.3267,1,1
367,1,1019.00,163.00,66.00,56.00,0.9151,1,1
367,6,616.00,206.00,77.00,57.00,0.5693,1,1
367,8,920.00,43.00,56.00,55.00,0.4793,1,1
367,23,614.00,132.00,20.00,26.00,0.4732,1,1
367,38,626.00,258.00,29.00,27.00,0.3444,1,1
367,40,609.00,175.00,21.00,29.00,0.3573,1,1
368,1,1019.00,163.00,66.00,56.00,0.9150,1,1
368,6,616.00,206.00,77.00,57.00,0.5706,1,1
368,23,614.00,133.00,20.00,25.00,0.4754,1,1
368,38,626.00,257.00,29.00,28.00,0.3442,1,1
368,40,609.00,175.00,21.00,29.00,0.3498,1,1
369,1,1018.00,164.00,65.00,55.00,0.9221,1,1
369,6,617.00,206.00,77.00,59.00,0.4463,1,1
369,8,917.00,41.00,54.00,56.00,0.5957,1,1
369,23,613.00,133.00,20.00,25.00,0.4394,1,1
369,38,626.00,257.00,29.00,28.00,0.3652,1,1
369,40,608.00,173.00,21.00,31.00,0.4397,1,1
370,1,1017.00,164.00,65.00,54.00,0.9311,1,1
370,6,614.00,205.00,79.00,58.00,0.5381,1,1
370,8,916.00,40.00,53.00,55.00,0.6776,1,1
370,23,611.00,129.00,20.00,28.00,0.4233,1,1
370,38,627.00,257.00,27.00,28.00,0.5193,1,1
370,40,604.00,175.00,22.00,30.00,0.3556,1,1
371,1,1017.00,163.00,65.00,55.00,0.9262,1,1
371,6,614.00,206.00,80.00,56.00,0.6103,1,1
371,8,915.00,40.00,53.00,54.00,0.7706,1,1
371,23,609.00,131.00,20.00,29.00,0.5079,1,1
371,38,628.00,258.00,26.00,27.00,0.6204,1,1
371,40,603.00,176.00,21.00,28.00,0.6534,1,1
372,1,1016.00,163.00,66.00,56.00,0.9162,1,1
372,6,614.00,206.00,79.00,56.00,0.5989,1,1
372,8,914.00,43.00,51.00,49.00,0.8095,1,1
372,23,605.00,130.00,22.00,30.00,0.3622,1,1
372,38,627.00,258.00,28.00,27.00,0.4522,1,1
372,40,601.00,176.00,22.00,28.00,0.7930,1,1
373,1,1016.00,163.00,66.00,56.00,0.9185,1,1
373,6,615.00,207.00,78.00,55.00,0.6109,1,1
373,8,913.00,41.00,50.00,50.00,0.7686,1,1
373,14,933.00,163.00,18.00,29.00,0.2833,1,1
373,23,604.00,129.00,22.00,31.00,0.3622,1,1
373,38,625.00,257.00,30.00,28.00,0.3583,1,1
373,40,600.00,176.00,21.00,27.00,0.7930,1,1
374,1,1016.00,163.00,66.00,56.00,0.9188,1,1
374,6,615.00,207.00,78.00,55.00,0.6182,1,1
374,8,913.00,41.00,50.00,50.00,0.7644,1,1
374,14,933.00,163.00,18.00,29.00,0.2828,1,1
374,38,625.00,257.00,30.00,28.00,0.3570,1,1
374,45,979.00,184.00,20.00,29.00,0.3081,1,1
375,1,1016.00,163.00,67.00,56.00,0.9172,1,1
375,6,615.00,208.00,78.00,54.00,0.5364,1,1
375,8,913.00,32.00,46.00,56.00,0.6305,1,1
375,14,933.00,161.00,17.00,29.00,0.2828,1,1
375,38,624.00,258.00,33.00,28.00,0.3143,1,1
375,45,979.00,184.00,20.00,29.00,0.3081,1,1
376,1,1018.00,162.00,66.00,58.00,0.9111,1,1
376,6,614.00,207.00,79.00,56.00,0.5966,1,1
376,8,913.00,28.00,43.00,55.00,0.8400,1,1
376,38,625.00,259.00,33.00,27.00,0.3202,1,1
376,40,730.00,174.00,24.00,36.00,0.6904,1,1
376,45,978.00,179.00,19.00,29.00,0.2609,1,1
377,1,1019.00,162.00,66.00,57.00,0.9005,1,1
377,6,615.00,207.00,78.00,55.00,0.5430,1,1
377,8,912.00,24.00,43.00,55.00,0.8132,1,1
377,23,585.00,168.00,22.00,38.00,0.3415,1,1
377,38,625.00,260.00,32.00,26.00,0.4943,1,1
377,40,725.00,175.00,25.00,38.00,0.7386,1,1
377,45,978.00,177.00,19.00,31.00,0.2815,1,1
377,47,577.00,163.00,29.00,44.00,0.3567,1,1
378,1,1020.00,161.00,66.00,58.00,0.8937,1,1
378,6,614.00,207.00,79.00,56.00,0.6049,1,1
378,8,909.00,24.00,45.00,52.00,0.6917,1,1
378,23,583.00,171.00,21.00,40.00,0.3415,1,1
378,38,626.00,259.00,31.00,26.00,0.4632,1,1
378,40,722.00,177.00,24.00,36.00,0.7301,1,1
378,45,977.00,173.00,18.00,32.00,0.3264,1,1
378,47,577.00,166.00,26.00,41.00,0.4336,1,1
379,1,1020.00,161.00,67.00,58.00,0.8941,1,1
379,6,614.00,207.00,79.00,55.00,0.5723,1,1
379,8,907.00,21.00,46.00,52.00,0.4458,1,1
379,14,932.00,149.00,16.00,35.00,0.5541,1,1
379,38,627.00,259.00,28.00,26.00,0.3076,1,1
379,40,720.00,175.00,23.00,36.00,0.6235,1,1
379,45,977.00,172.00,17.00,31.00,0.3094,1,1
379,47,574.00,160.00,28.00,48.00,0.4856,1,1
380,1,1020.00,161.00,67.00,58.00,0.8943,1,1
380,6,614.00,207.00,79.00,55.00,0.5778,1,1
380,8,907.00,20.00,46.00,53.00,0.4460,1,1
380,14,932.00,149.00,16.00,35.00,0.5507,1,1
380,38,627.00,259.00,28.00,26.00,0.3061,1,1
380,40,719.00,175.00,24.00,36.00,0.6235,1,1
380,45,977.00,172.00,17.00,31.00,0.3129,1,1
380,47,574.00,159.00,28.00,50.00,0.5126,1,1
381,1,1020.00,161.00,67.00,58.00,0.8948,1,1
381,6,613.00,207.00,79.00,56.00,0.3797,1,1
381,8,907.00,18.00,46.00,52.00,0.3223,1,1
381,14,933.00,146.00,16.00,36.00,0.3111,1,1
381,38,626.00,259.00,28.00,26.00,0.3394,1,1
381,40,719.00,168.00,25.00,40.00,0.6653,1,1
381,45,976.00,171.00,18.00,30.00,0.3458,1,1
381,47,574.00,162.00,24.00,47.00,0.8322,1,1
382,1,1020.00,161.00,67.00,59.00,0.8954,1,1
382,6,612.00,207.00,80.00,56.00,0.4251,1,1
382,8,906.00,18.00,48.00,51.00,0.3831,1,1
382,14,933.00,144.00,15.00,35.00,0.3061,1,1
382,38,626.00,259.00,28.00,26.00,0.3394,1,1
382,40,725.00,167.00,26.00,41.00,0.6653,1,1
382,45,976.00,169.00,18.00,30.00,0.3458,1,1
382,47,574.00,171.00,18.00,41.00,0.6986,1,1
383,1,1020.00,161.00,68.00,59.00,0.8945,1,1
383,6,612.00,207.00,80.00,56.00,0.4251,1,1
383,8,906.00,16.00,46.00,51.00,0.7268,1,1
383,14,932.00,143.00,16.00,33.00,0.4311,1,1
383,33,631.00,5.00,39.00,23.00,0.3689,1,1
383,38,626.00,259.00,30.00,27.00,0.3855,1,1
383,47,571.00,173.00,18.00,40.00,0.4542,1,1
384,1,1020.00,161.00,68.00,59.00,0.8940,1,1
384,6,611.00,206.00,80.00,57.00,0.3873,1,1
384,8,906.00,13.00,47.00,52.00,0.6861,1,1
384,14,932.00,141.00,16.00,33.00,0.4311,1,1
384,33,627.00,5.00,38.00,23.00,0.3689,1,1
384,38,626.00,259.00,30.00,27.00,0.4784,1,1
384,45,976.00,164.00,17.00,31.00,0.2883,1,1
384,47,569.00,174.00,18.00,40.00,0.4542,1,1
385,1,1020.00,161.00,70.00,59.00,0.8884,1,1
385,6,610.00,206.00,81.00,57.00,0.2853,1,1
385,8,906.00,10.00,47.00,54.00,0.6540,1,1
385,33,605.00,4.00,50.00,26.00,0.3797,1,1
385,38,628.00,260.00,28.00,26.00,0.4148,1,1
385,45,975.00,162.00,18.00,31.00,0.2883,1,1
386,1,1020.00,161.00,70.00,59.00,0.8882,1,1
386,6,610.00,206.00,81.00,57.00,0.2767,1,1
386,8,906.00,10.00,47.00,53.00,0.6505,1,1
386,33,605.00,3.00,50.00,27.00,0.3819,1,1
386,38,628.00,260.00,28.00,26.00,0.4176,1,1
386,48,600.00,0.00,56.00,22.00,0.3253,1,1
387,1,1021.00,161.00,70.00,58.00,0.8918,1,1
387,6,610.00,206.00,81.00,57.00,0.4213,1,1
387,8,906.00,7.00,47.00,55.00,0.7308,1,1
387,33,601.00,4.00,45.00,28.00,0.4829,1,1
387,38,628.00,260.00,27.00,25.00,0.3676,1,1
387,45,975.00,160.00,18.00,33.00,0.3509,1,1
387,47,559.00,182.00,16.00,31.00,0.3441,1,1
387,48,589.00,0.00,59.00,22.00,0.5869,1,1
388,1,1022.00,161.00,71.00,58.00,0.9070,1,1
388,6,611.00,205.00,81.00,58.00,0.3065,1,1
388,8,906.00,6.00,47.00,54.00,0.5962,1,1
388,33,600.00,4.00,41.00,29.00,0.3776,1,1
388,38,628.00,260.00,27.00,24.00,0.3615,1,1
388,45,974.00,158.00,18.00,30.00,0.5438,1,1
388,47,557.00,184.00,15.00,29.00,0.3441,1,1
388,48,587.00,0.00,56.00,22.00,0.6161,1,1
389,1,1023.00,161.00,71.00,59.00,0.9155,1,1
389,6,612.00,206.00,79.00,58.00,0.3913,1,1
389,8,905.00,4.00,48.00,54.00,0.5962,1,1
389,33,596.00,4.00,40.00,30.00,0.3776,1,1
389,38,629.00,260.00,26.00,24.00,0.3498,1,1
389,45,974.00,156.00,18.00,30.00,0.4584,1,1
389,48,574.00,0.00,61.00,25.00,0.7584,1,1
390,1,1023.00,161.00,71.00,59.00,0.9145,1,1
390,6,611.00,206.00,80.00,58.00,0.3913,1,1
390,38,629.00,260.00,25.00,24.00,0.3902,1,1
390,45,973.00,154.00,18.00,29.00,0.4364,1,1
390,48,571.00,0.00,59.00,25.00,0.7926,1,1
391,1,1023.00,161.00,70.00,60.00,0.9187,1,1
391,6,613.00,207.00,83.00,55.00,0.3056,1,1
391,8,909.00,4.00,43.00,53.00,0.3150,1,1
391,38,629.00,260.00,26.00,25.00,0.3960,1,1
391,45,972.00,153.00,18.00,28.00,0.4258,1,1
391,48,568.00,0.00,60.00,25.00,0.7866,1,1
392,1,1023.00,161.00,70.00,60.00,0.9187,1,1
392,6,614.00,207.00,82.00,55.00,0.2930,1,1
392,8,909.00,5.00,43.00,52.00,0.3163,1,1
392,38,629.00,260.00,26.00,25.00,0.3982,1,1
392,45,972.00,153.00,18.00,28.00,0.4298,1,1
392,48,568.00,0.00,60.00,25.00,0.7866,1,1
393,1,1023.00,161.00,71.00,61.00,0.9192,1,1
393,6,614.00,207.00,81.00,55.00,0.3253,1,1
393,8,909.00,4.00,44.00,52.00,0.5599,1,1
393,14,972.00,152.00,19.00,29.00,0.4871,1,1
393,38,629.00,260.00,26.00,25.00,0.3318,1,1
393,45,973.00,154.00,21.00,30.00,0.2615,1,1
393,48,566.00,0.00,57.00,28.00,0.7992,1,1
394,1,1023.00,161.00,72.00,61.00,0.9148,1,1
394,6,614.00,207.00,80.00,55.00,0.3379,1,1
394,8,910.00,4.00,44.00,52.00,0.7490,1,1
394,14,975.00,152.00,19.00,29.00,0.4871,1,1
394,38,631.00,261.00,25.00,24.00,0.2631,1,1
394,45,973.00,153.00,21.00,29.00,0.2615,1,1
394,48,562.00,0.00,53.00,29.00,0.8466,1,1
395,1,1021.00,162.00,74.00,61.00,0.9195,1,1
395,6,614.00,208.00,81.00,54.00,0.3419,1,1
395,8,911.00,4.00,44.00,49.00,0.7584,1,1
395,14,969.00,145.00,16.00,27.00,0.4653,1,1
395,23,666.00,128.00,17.00,29.00,0.4549,1,1
395,38,631.00,261.00,25.00,24.00,0.2631,1,1
395,47,539.00,174.00,12.00,30.00,0.2732,1,1
395,48,561.00,0.00,54.00,29.00,0.8320,1,1
396,1,1021.00,161.00,74.00,62.00,0.9204,1,1
396,6,615.00,208.00,80.00,55.00,0.3988,1,1
396,8,911.00,3.00,45.00,50.00,0.8297,1,1
396,14,971.00,144.00,16.00,27.00,0.4653,1,1
396,23,664.00,130.00,17.00,25.00,0.3733,1,1
396,40,664.00,133.00,19.00,28.00,0.4407,1,1
396,45,967.00,142.00,17.00,28.00,0.5382,1,1
396,47,536.00,174.00,12.00,30.00,0.2732,1,1
396,48,557.00,0.00,55.00,29.00,0.8234,1,1
397,1,1021.00,161.00,74.00,62.00,0.9241,1,1
397,6,615.00,208.00,80.00,54.00,0.4746,1,1
397,8,912.00,3.00,45.00,48.00,0.8100,1,1
397,14,966.00,141.00,17.00,27.00,0.3373,1,1
397,23,661.00,129.00,18.00,23.00,0.5051,1,1
397,40,667.00,144.00,17.00,28.00,0.3702,1,1
397,45,966.00,140.00,17.00,28.00,0.5382,1,1
397,48,554.00,0.00,58.00,29.00,0.8174,1,1
398,1,1022.00,161.00,73.00,62.00,0.9245,1,1
398,6,615.00,208.00,80.00,54.00,0.4785,1,1
398,8,912.00,3.00,45.00,48.00,0.8102,1,1
398,14,967.00,141.00,17.00,25.00,0.3373,1,1
398,23,661.00,130.00,18.00,22.00,0.5002,1,1
398,40,667.00,144.00,17.00,28.00,0.3705,1,1
398,45,966.00,141.00,17.00,27.00,0.3371,1,1
398,48,554.00,0.00,58.00,29.00,0.8172,1,1
399,1,1021.00,161.00,75.00,61.00,0.9259,1,1
399,6,615.00,207.00,81.00,56.00,0.5816,1,1
399,8,913.00,2.00,45.00,50.00,0.7643,1,1
399,23,660.00,129.00,16.00,22.00,0.5089,1,1
399,40,667.00,147.00,16.00,29.00,0.3189,1,1
399,45,965.00,137.00,17.00,27.00,0.2840,1,1
399,48,554.00,0.00,47.00,28.00,0.8581,1,1
400,1,1022.00,162.00,73.00,60.00,0.9272,1,1
400,6,615.00,207.00,81.00,56.00,0.4691,1,1
400,8,915.00,2.00,44.00,49.00,0.7147,1,1
400,14,962.00,139.00,18.00,24.00,0.4450,1,1
400,23,660.00,136.00,18.00,24.00,0.4829,1,1
400,40,667.00,148.00,16.00,29.00,0.2551,1,1
400,45,964.00,135.00,17.00,27.00,0.2840,1,1
400,48,552.00,0.00,48.00,29.00,0.8744,1,1
401,1,1023.00,162.00,71.00,60.00,0.9291,1,1
401,6,615.00,207.00,82.00,56.00,0.5037,1,1
401,8,917.00,2.00,44.00,49.00,0.3577,1,1
401,14,963.00,136.00,17.00,24.00,0.3691,1,1
401,23,659.00,138.00,18.00,23.00,0.4204,1,1
401,40,665.00,148.00,17.00,29.00,0.2551,1,1
401,45,918.00,122.00,13.00,24.00,0.3449,1,1
401,48,552.00,0.00,49.00,29.00,0.8712,1,1
402,1,1025.00,161.00,69.00,60.00,0.9193,1,1
402,6,616.00,207.00,81.00,56.00,0.4947,1,1
402,8,919.00,2.00,46.00,48.00,0.3202,1,1
402,14,963.00,135.00,17.00,23.00,0.3691,1,1
402,23,660.00,139.00,18.00,22.00,0.4204,1,1
402,40,670.00,161.00,20.00,35.00,0.4385,1,1
402,45,916.00,122.00,13.00,23.00,0.4893,1,1
402,48,552.00,0.00,50.00,29.00,0.8572,1,1
403,1,1024.00,161.00,70.00,60.00,0.9234,1,1
403,6,619.00,206.00,79.00,57.00,0.4199,1,1
403,8,922.00,2.00,48.00,48.00,0.4659,1,1
403,38,629.00,259.00,26.00,25.00,0.3304,1,1
403,40,670.00,163.00,19.00,36.00,0.4385,1,1
403,45,915.00,122.00,13.00,22.00,0.5597,1,1
403,48,552.00,0.00,50.00,29.00,0.7839,1,1
403,49,965.00,151.00,20.00,37.00,0.3812,1,1
404,1,1024.00,161.00,70.00,60.00,0.9234,1,1
404,6,619.00,206.00,79.00,57.00,0.4173,1,1
404,8,922.00,2.00,48.00,49.00,0.4666,1,1
404,38,629.00,259.00,26.00,25.00,0.3237,1,1
404,45,915.00,122.00,13.00,22.00,0.5561,1,1
404,48,552.00,0.00,50.00,29.00,0.7848,1,1
404,49,965.00,151.00,20.00,37.00,0.3811,1,1
405,1,1023.00,161.00,70.00,60.00,0.9253,1,1
405,6,620.00,205.00,80.00,61.00,0.6614,1,1
405,8,927.00,3.00,46.00,48.00,0.7912,1,1
405,38,631.00,258.00,23.00,25.00,0.5713,1,1
405,45,914.00,121.00,14.00,22.00,0.4839,1,1
405,48,552.00,0.00,50.00,26.00,0.7891,1,1
405,49,965.00,151.00,20.00,37.00,0.3811,1,1
406,1,1023.00,161.00,70.00,60.00,0.9234,1,1
406,6,621.00,205.00,80.00,61.00,0.7526,1,1
406,8,930.00,4.00,48.00,48.00,0.8255,1,1
406,14,973.00,126.00,14.00,26.00,0.3289,1,1
406,38,633.00,258.00,22.00,25.00,0.3685,1,1
406,40,665.00,163.00,19.00,35.00,0.3791,1,1
406,45,910.00,119.00,14.00,22.00,0.4839,1,1
406,48,552.00,0.00,51.00,25.00,0.7965,1,1
407,1,1023.00,161.00,69.00,59.00,0.9316,1,1
407,6,622.00,205.00,78.00,60.00,0.7623,1,1
407,8,934.00,4.00,49.00,50.00,0.8334,1,1
407,14,981.00,129.00,16.00,27.00,0.3260,1,1
407,33,553.00,1.00,51.00,26.00,0.2712,1,1
407,38,631.00,255.00,25.00,25.00,0.4405,1,1
407,40,662.00,168.00,18.00,34.00,0.6301,1,1
407,48,551.00,0.00,52.00,24.00,0.7671,1,1
407,49,1013.00,96.00,21.00,30.00,0.2820,1,1
408,1,1024.00,161.00,67.00,59.00,0.9317,1,1
408,6,624.00,206.00,77.00,60.00,0.8271,1,1
408,8,936.00,4.00,51.00,52.00,0.8302,1,1
408,14,983.00,128.00,17.00,27.00,0.3260,1,1
408,33,556.00,1.00,47.00,26.00,0.4172,1,1
408,38,632.00,255.00,24.00,24.00,0.4405,1,1
408,40,656.00,164.00,19.00,38.00,0.7705,1,1
408,48,551.00,0.00,53.00,23.00,0.5455,1,1
408,49,1016.00,100.00,19.00,28.00,0.5927,1,1
409,1,1024.00,161.00,67.00,58.00,0.9250,1,1
409,6,630.00,206.00,76.00,60.00,0.6768,1,1
409,8,940.00,4.00,53.00,53.00,0.8409,1,1
409,23,643.00,128.00,19.00,29.00,0.2570,1,1
409,33,560.00,2.00,43.00,26.00,0.2610,1,1
409,40,648.00,156.00,21.00,38.00,0.6579,1,1
409,48,549.00,0.00,54.00,22.00,0.6364,1,1
409,49,1025.00,93.00,19.00,27.00,0.5927,1,1
410,1,1024.00,161.00,66.00,58.00,0.9253,1,1
410,6,630.00,206.00,76.00,60.00,0.6723,1,1
410,8,940.00,4.00,53.00,53.00,0.8408,1,1
410,23,643.00,128.00,19.00,29.00,0.2670,1,1
410,33,560.00,2.00,43.00,26.00,0.2581,1,1
410,40,648.00,156.00,20.00,38.00,0.6497,1,1
410,48,549.00,0.00,54.00,21.00,0.6341,1,1
411,1,1023.00,161.00,67.00,58.00,0.9246,1,1
411,6,634.00,204.00,74.00,65.00,0.4990,1,1
411,8,945.00,4.00,51.00,53.00,0.3516,1,1
411,23,640.00,128.00,19.00,30.00,0.4725,1,1
411,33,558.00,3.00,44.00,25.00,0.2581,1,1
411,38,660.00,263.00,39.00,24.00,0.3776,1,1
411,40,641.00,149.00,22.00,40.00,0.6327,1,1
411,47,642.00,131.00,20.00,37.00,0.4970,1,1
411,48,550.00,0.00,53.00,19.00,0.4914,1,1
412,1,1024.00,159.00,65.00,60.00,0.9196,1,1
412,6,635.00,204.00,77.00,65.00,0.3899,1,1
412,8,949.00,4.00,53.00,55.00,0.6485,1,1
412,23,636.00,128.00,19.00,30.00,0.2980,1,1
412,33,551.00,0.00,49.00,22.00,0.4510,1,1
412,38,660.00,264.00,40.00,24.00,0.6008,1,1
412,40,632.00,148.00,26.00,37.00,0.4951,1,1
412,45,904.00,115.00,19.00,21.00,0.4360,1,1
412,47,635.00,141.00,21.00,36.00,0.5180,1,1
412,48,548.00,0.00,53.00,17.00,0.5021,1,1
413,1,1023.00,161.00,65.00,58.00,0.9055,1,1
413,6,639.00,203.00,75.00,69.00,0.8005,1,1
413,8,953.00,4.00,55.00,55.00,0.7608,1,1
413,23,635.00,128.00,19.00,30.00,0.2980,1,1
413,33,553.00,0.00,46.00,23.00,0.6865,1,1
413,38,663.00,264.00,41.00,25.00,0.6008,1,1
413,40,628.00,147.00,27.00,37.00,0.4951,1,1
413,45,901.00,115.00,23.00,21.00,0.7587,1,1
413,47,640.00,141.00,21.00,36.00,0.5180,1,1
413,48,549.00,0.00,50.00,16.00,0.5021,1,1
414,1,1023.00,160.00,65.00,59.00,0.9013,1,1
414,6,641.00,204.00,79.00,69.00,0.8166,1,1
414,8,961.00,5.00,54.00,54.00,0.8401,1,1
414,14,1039.00,129.00,20.00,26.00,0.3556,1,1
414,33,555.00,0.00,42.00,23.00,0.7792,1,1
414,45,905.00,114.00,23.00,19.00,0.7575,1,1
415,1,1023.00,162.00,65.00,57.00,0.9118,1,1
415,6,644.00,204.00,78.00,69.00,0.7465,1,1
415,8,967.00,7.00,52.00,52.00,0.8043,1,1
415,14,1045.00,128.00,19.00,27.00,0.3556,1,1
415,33,545.00,0.00,50.00,22.00,0.5727,1,1
415,45,903.00,113.00,24.00,18.00,0.7575,1,1
416,1,1023.00,162.00,65.00,57.00,0.9131,1,1
416,6,644.00,204.00,78.00,70.00,0.7413,1,1
416,8,967.00,7.00,52.00,53.00,0.8043,1,1
416,33,545.00,0.00,50.00,21.00,0.5720,1,1
417,1,1023.00,161.00,64.00,58.00,0.9102,1,1
417,6,650.00,202.00,73.00,74.00,0.6420,1,1
417,8,973.00,8.00,52.00,52.00,0.5838,1,1
417,33,543.00,0.00,48.00,22.00,0.4426,1,1
417,49,633.00,47.00,56.00,31.00,0.4755,1,1
418,1,1023.00,160.00,64.00,60.00,0.9189,1,1
418,6,650.00,202.00,74.00,75.00,0.5690,1,1
418,8,979.00,8.00,51.00,53.00,0.3457,1,1
418,33,543.00,0.00,46.00,21.00,0.3481,1,1
418,49,632.00,47.00,57.00,31.00,0.6165,1,1
419,1,1023.00,160.00,64.00,60.00,0.9159,1,1
419,6,653.00,204.00,70.00,73.00,0.6445,1,1
419,8,986.00,9.00,48.00,53.00,0.3491,1,1
419,33,541.00,0.00,44.00,21.00,0.3460,1,1
419,40,609.00,136.00,18.00,34.00,0.6533,1,1
419,49,632.00,46.00,57.00,32.00,0.5217,1,1
420,1,1024.00,160.00,64.00,60.00,0.9150,1,1
420,6,654.00,206.00,69.00,72.00,0.5768,1,1
420,8,990.00,11.00,48.00,54.00,0.6338,1,1
420,14,1064.00,118.00,15.00,25.00,0.3195,1,1
420,33,535.00,0.00,46.00,19.00,0.2988,1,1
420,40,607.00,139.00,16.00,32.00,0.4761,1,1
420,49,633.00,47.00,56.00,32.00,0.6695,1,1
421,1,1023.00,161.00,65.00,59.00,0.9073,1,1
421,6,653.00,207.00,69.00,72.00,0.4420,1,1
421,8,993.00,11.00,49.00,57.00,0.5457,1,1
421,14,1068.00,117.00,15.00,24.00,0.3195,1,1
421,33,533.00,0.00,46.00,18.00,0.2988,1,1
421,40,604.00,137.00,16.00,32.00,0.3866,1,1
421,49,633.00,47.00,56.00,32.00,0.7397,1,1
422,1,1023.00,161.00,65.00,59.00,0.9074,1,1
422,6,653.00,207.00,70.00,73.00,0.4435,1,1
422,8,993.00,12.00,49.00,56.00,0.5466,1,1
422,40,604.00,137.00,16.00,33.00,0.3864,1,1
422,49,633.00,47.00,56.00,32.00,0.7397,1,1
423,1,1023.00,163.00,64.00,57.00,0.9159,1,1
423,6,655.00,207.00,68.00,73.00,0.4435,1,1
423,8,995.00,15.00,50.00,56.00,0.4333,1,1
423,40,598.00,137.00,19.00,32.00,0.4855,1,1
423,49,632.00,47.00,57.00,33.00,0.6346,1,1
424,1,1022.00,162.00,65.00,59.00,0.9114,1,1
424,8,998.00,23.00,48.00,52.00,0.6493,1,1
424,23,595.00,133.00,17.00,35.00,0.3387,1,1
424,38,765.00,297.00,19.00,35.00,0.4087,1,1
424,40,595.00,137.00,19.00,31.00,0.4855,1,1
424,49,631.00,47.00,58.00,33.00,0.6511,1,1
425,1,1022.00,163.00,66.00,58.00,0.9101,1,1
425,8,1001.00,25.00,48.00,51.00,0.6493,1,1
425,23,591.00,133.00,18.00,36.00,0.3387,1,1
425,38,761.00,296.00,21.00,36.00,0.2761,1,1
425,40,591.00,131.00,16.00,31.00,0.2515,1,1
425,49,631.00,47.00,58.00,33.00,0.5638,1,1
426,1,1022.00,163.00,66.00,58.00,0.9117,1,1
426,23,587.00,120.00,17.00,30.00,0.3252,1,1
426,38,767.00,298.00,21.00,37.00,0.2761,1,1
426,40,585.00,133.00,18.00,30.00,0.2959,1,1
426,49,630.00,47.00,60.00,33.00,0.6464,1,1
427,1,1020.00,163.00,67.00,58.00,0.9287,1,1
427,23,584.00,119.00,17.00,29.00,0.3252,1,1
427,40,580.00,135.00,18.00,30.00,0.6343,1,1
427,49,629.00,47.00,61.00,34.00,0.6908,1,1
428,1,1020.00,163.00,67.00,58.00,0.9291,1,1
428,40,580.00,135.00,19.00,30.00,0.6352,1,1
428,49,629.00,47.00,61.00,34.00,0.6878,1,1
429,1,1020.00,163.00,66.00,58.00,0.9197,1,1
429,40,577.00,133.00,17.00,32.00,0.4253,1,1
429,49,629.00,47.00,61.00,34.00,0.7275,1,1
430,1,1020.00,163.00,66.00,59.00,0.9248,1,1
430,14,701.00,135.00,23.00,20.00,0.3336,1,1
430,40,574.00,133.00,17.00,31.00,0.4253,1,1
430,45,488.00,0.00,43.00,18.00,0.3141,1,1
430,49,629.00,47.00,61.00,34.00,0.7877,1,1
431,1,1019.00,163.00,67.00,59.00,0.9198,1,1
431,14,676.00,137.00,23.00,19.00,0.3336,1,1
431,23,566.00,114.00,22.00,31.00,0.3551,1,1
431,45,480.00,0.00,45.00,16.00,0.4046,1,1
431,49,629.00,47.00,61.00,34.00,0.7955,1,1
432,1,1019.00,163.00,67.00,59.00,0.9228,1,1
432,14,700.00,136.00,23.00,19.00,0.2519,1,1
432,23,563.00,113.00,21.00,31.00,0.3551,1,1
432,40,564.00,114.00,20.00,34.00,0.2510,1,1
432,45,461.00,0.00,47.00,14.00,0.4046,1,1
432,47,564.00,119.00,20.00,39.00,0.5561,1,1
432,49,629.00,47.00,60.00,34.00,0.7935,1,1
433,1,1019.00,164.00,67.00,58.00,0.9187,1,1
433,6,646.00,210.00,68.00,76.00,0.2610,1,1
433,14,686.00,136.00,23.00,20.00,0.2519,1,1
433,40,563.00,113.00,19.00,41.00,0.7001,1,1
433,47,562.00,120.00,19.00,41.00,0.2832,1,1
433,49,629.00,47.00,60.00,34.00,0.8032,1,1
434,1,1019.00,164.00,67.00,58.00,0.9188,1,1
434,6,646.00,211.00,68.00,76.00,0.2610,1,1
434,14,701.00,136.00,22.00,19.00,0.2524,1,1
434,40,563.00,113.00,19.00,40.00,0.6993,1,1
434,47,562.00,121.00,19.00,40.00,0.2600,1,1
434,49,629.00,47.00,60.00,34.00,0.8043,1,1
435,1,1019.00,163.00,67.00,60.00,0.9190,1,1
435,14,690.00,136.00,23.00,19.00,0.2524,1,1
435,23,561.00,113.00,19.00,36.00,0.5164,1,1
435,38,734.00,303.00,22.00,22.00,0.2654,1,1
435,40,560.00,111.00,19.00,41.00,0.6993,1,1
435,47,560.00,120.00,18.00,40.00,0.2600,1,1
435,49,629.00,47.00,60.00,34.00,0.8136,1,1
436,1,1018.00,163.00,68.00,60.00,0.9268,1,1
436,6,646.00,210.00,69.00,74.00,0.3762,1,1
436,23,558.00,112.00,19.00,37.00,0.5164,1,1
436,38,734.00,304.00,22.00,21.00,0.2654,1,1
436,49,628.00,47.00,61.00,34.00,0.8290,1,1
437,1,1018.00,162.00,69.00,61.00,0.9180,1,1
437,6,647.00,209.00,67.00,75.00,0.3065,1,1
437,14,700.00,135.00,23.00,19.00,0.2759,1,1
437,49,628.00,48.00,60.00,33.00,0.8382,1,1
438,1,1018.00,163.00,69.00,60.00,0.9084,1,1
438,6,647.00,208.00,67.00,75.00,0.5260,1,1
438,14,700.00,135.00,23.00,19.00,0.3014,1,1
438,49,628.00,47.00,60.00,35.00,0.8386,1,1
439,1,1018.00,164.00,69.00,59.00,0.9039,1,1
439,6,649.00,208.00,66.00,74.00,0.5332,1,1
439,14,701.00,135.00,23.00,19.00,0.3177,1,1
439,49,628.00,47.00,60.00,35.00,0.8391,1,1
440,1,1018.00,164.00,69.00,59.00,0.9039,1,1
440,6,649.00,208.00,66.00,74.00,0.5225,1,1
440,14,701.00,135.00,23.00,19.00,0.3227,1,1
440,49,628.00,48.00,60.00,34.00,0.8383,1,1
440,51,1021.00,147.00,18.00,23.00,0.5715,1,1
441,1,1019.00,163.00,68.00,60.00,0.8962,1,1
441,6,650.00,207.00,66.00,75.00,0.4468,1,1
441,14,701.00,135.00,23.00,19.00,0.2780,1,1
441,49,628.00,48.00,59.00,34.00,0.8489,1,1
441,51,1021.00,147.00,18.00,23.00,0.5715,1,1
442,1,1020.00,163.00,67.00,61.00,0.9051,1,1
442,6,651.00,206.00,70.00,73.00,0.2976,1,1
442,14,698.00,135.00,22.00,19.00,0.2780,1,1
442,49,627.00,48.00,60.00,34.00,0.8550,1,1
443,1,1020.00,163.00,67.00,60.00,0.9152,1,1
443,6,652.00,205.00,70.00,72.00,0.3752,1,1
443,38,898.00,274.00,33.00,27.00,0.2550,1,1
443,49,627.00,48.00,60.00,35.00,0.8587,1,1
443,52,653.00,205.00,70.00,70.00,0.5861,1,1
444,1,1019.00,163.00,68.00,60.00,0.9096,1,1
444,6,654.00,205.00,69.00,72.00,0.3557,1,1
444,8,980.00,38.00,51.00,53.00,0.3804,1,1
444,38,897.00,269.00,34.00,29.00,0.5120,1,1
444,49,627.00,48.00,60.00,35.00,0.8618,1,1
444,51,1005.00,153.00,18.00,37.00,0.4817,1,1
444,52,654.00,205.00,70.00,69.00,0.5074,1,1
445,1,1020.00,163.00,69.00,59.00,0.9112,1,1
445,6,654.00,204.00,70.00,71.00,0.4913,1,1
445,8,975.00,38.00,56.00,52.00,0.2865,1,1
445,38,910.00,267.00,34.00,29.00,0.5120,1,1
445,49,627.00,48.00,60.00,35.00,0.8604,1,1
445,51,1000.00,154.00,19.00,37.00,0.5950,1,1
445,52,655.00,204.00,69.00,70.00,0.4146,1,1
446,1,1020.00,163.00,69.00,59.00,0.9115,1,1
446,6,654.00,204.00,70.00,70.00,0.4234,1,1
446,8,975.00,38.00,56.00,52.00,0.2922,1,1
446,49,627.00,48.00,60.00,35.00,0.8584,1,1
446,51,1000.00,154.00,19.00,37.00,0.5999,1,1
446,52,654.00,204.00,69.00,70.00,0.4898,1,1
447,1,1020.00,163.00,68.00,59.00,0.9123,1,1
447,6,656.00,203.00,68.00,70.00,0.5464,1,1
447,8,974.00,39.00,56.00,52.00,0.2922,1,1
447,49,627.00,48.00,60.00,35.00,0.8479,1,1
447,51,996.00,155.00,20.00,39.00,0.5999,1,1
447,52,656.00,203.00,69.00,70.00,0.4659,1,1
448,1,1020.00,163.00,69.00,59.00,0.9004,1,1
448,6,656.00,202.00,70.00,70.00,0.5533,1,1
448,49,627.00,49.00,60.00,34.00,0.8360,1,1
448,52,656.00,202.00,69.00,71.00,0.4963,1,1
449,1,1020.00,163.00,68.00,58.00,0.8875,1,1
449,6,657.00,202.00,69.00,69.00,0.4711,1,1
449,49,627.00,49.00,60.00,35.00,0.8378,1,1
449,52,656.00,201.00,71.00,70.00,0.4737,1,1
450,1,1021.00,164.00,67.00,57.00,0.8803,1,1
450,6,656.00,200.00,73.00,68.00,0.3962,1,1
450,49,627.00,49.00,60.00,35.00,0.8377,1,1
450,52,657.00,201.00,69.00,69.00,0.3455,1,1
451,1,1021.00,164.00,67.00,57.00,0.8781,1,1
451,6,658.00,201.00,68.00,69.00,0.3718,1,1
451,49,627.00,49.00,60.00,35.00,0.8345,1,1
451,52,657.00,200.00,73.00,69.00,0.3932,1,1
