3,1,1047.00,152.00,77.00,64.00,0.9377,1,1
3,2,534.00,456.00,73.00,75.00,0.8587,1,1
3,3,648.00,209.00,69.00,76.00,0.8018,1,1
3,4,534.00,456.00,72.00,75.00,0.5098,1,1
3,5,726.00,293.00,21.00,24.00,0.8094,1,1
3,6,832.00,0.00,43.00,28.00,0.4031,1,1
3,7,631.00,46.00,55.00,38.00,0.3249,1,1
4,1,1047.00,152.00,78.00,64.00,0.9368,1,1
4,2,533.00,456.00,73.00,75.00,0.8683,1,1
4,3,648.00,209.00,69.00,76.00,0.8149,1,1
4,4,533.00,456.00,73.00,75.00,0.4536,1,1
4,5,725.00,293.00,21.00,23.00,0.7781,1,1
4,6,834.00,0.00,42.00,28.00,0.4031,1,1
4,7,631.00,46.00,55.00,38.00,0.2704,1,1
5,1,1048.00,152.00,77.00,64.00,0.9362,1,1
5,2,534.00,456.00,72.00,75.00,0.8616,1,1
5,3,648.00,209.00,70.00,75.00,0.7678,1,1
5,4,533.00,456.00,73.00,75.00,0.5297,1,1
5,5,725.00,293.00,21.00,23.00,0.7938,1,1
5,7,630.00,46.00,56.00,37.00,0.2631,1,1
6,1,1048.00,152.00,77.00,65.00,0.9348,1,1
6,2,533.00,456.00,73.00,75.00,0.8524,1,1
6,3,648.00,209.00,70.00,75.00,0.8181,1,1
6,4,533.00,456.00,73.00,75.00,0.4778,1,1
6,5,726.00,293.00,21.00,24.00,0.6041,1,1
6,7,631.00,46.00,55.00,37.00,0.3526,1,1
7,1,1048.00,152.00,77.00,65.00,0.9351,1,1
7,2,533.00,457.00,73.00,74.00,0.8556,1,1
7,3,648.00,208.00,70.00,76.00,0.6584,1,1
7,4,533.00,457.00,72.00,74.00,0.2953,1,1
7,5,727.00,293.00,20.00,24.00,0.4770,1,1
7,7,631.00,46.00,55.00,36.00,0.4031,1,1
8,1,1048.00,152.00,77.00,65.00,0.9350,1,1
8,2,533.00,457.00,73.00,74.00,0.8538,1,1
8,3,648.00,208.00,70.00,76.00,0.6655,1,1
8,4,533.00,457.00,72.00,74.00,0.3083,1,1
8,5,727.00,293.00,20.00,24.00,0.4692,1,1
8,7,631.00,46.00,55.00,36.00,0.4032,1,1
9,1,1048.00,152.00,77.00,65.00,0.9347,1,1
9,2,533.00,457.00,72.00,74.00,0.8538,1,1
9,3,648.00,209.00,70.00,75.00,0.7945,1,1
9,4,532.00,458.00,74.00,74.00,0.8600,1,1
9,5,726.00,293.00,21.00,24.00,0.3205,1,1
9,7,631.00,46.00,55.00,36.00,0.4907,1,1
10,1,1047.00,153.00,78.00,64.00,0.9357,1,1
10,2,532.00,458.00,73.00,76.00,0.8240,1,1
10,3,648.00,208.00,70.00,75.00,0.7902,1,1
10,4,532.00,458.00,73.00,75.00,0.2903,1,1
10,5,726.00,293.00,21.00,24.00,0.3205,1,1
10,7,631.00,46.00,55.00,37.00,0.5656,1,1
11,1,1047.00,153.00,78.00,64.00,0.9362,1,1
11,2,531.00,459.00,74.00,76.00,0.4787,1,1
11,3,647.00,208.00,71.00,76.00,0.3734,1,1
11,4,531.00,459.00,74.00,76.00,0.8459,1,1
11,7,632.00,46.00,54.00,37.00,0.5726,1,1
12,1,1047.00,153.00,78.00,64.00,0.9362,1,1
12,2,531.00,459.00,73.00,76.00,0.4787,1,1
12,3,646.00,208.00,72.00,76.00,0.4022,1,1
12,4,531.00,460.00,73.00,75.00,0.8883,1,1
12,6,838.00,0.00,45.00,28.00,0.2793,1,1
12,7,632.00,46.00,54.00,38.00,0.4973,1,1
13,1,1047.00,153.00,77.00,64.00,0.9356,1,1
13,2,531.00,461.00,73.00,74.00,0.2990,1,1
13,3,646.00,208.00,73.00,77.00,0.5807,1,1
13,4,531.00,461.00,73.00,74.00,0.8078,1,1
13,6,837.00,0.00,45.00,29.00,0.4018,1,1
13,7,632.00,46.00,54.00,38.00,0.4612,1,1
14,1,1047.00,153.00,77.00,64.00,0.9357,1,1
14,2,531.00,461.00,73.00,74.00,0.8121,1,1
14,3,646.00,208.00,73.00,77.00,0.5866,1,1
14,4,531.00,461.00,73.00,74.00,0.2953,1,1
14,6,837.00,0.00,45.00,29.00,0.4055,1,1
14,7,632.00,46.00,55.00,38.00,0.4577,1,1
15,1,1047.00,153.00,77.00,64.00,0.9355,1,1
15,2,531.00,461.00,73.00,74.00,0.8121,1,1
15,3,646.00,208.00,73.00,77.00,0.5257,1,1
15,4,530.00,462.00,74.00,73.00,0.8629,1,1
15,6,834.00,0.00,47.00,30.00,0.5261,1,1
15,7,632.00,46.00,55.00,39.00,0.4284,1,1
16,1,1047.00,153.00,78.00,64.00,0.9354,1,1
16,3,646.00,208.00,74.00,77.00,0.2983,1,1
16,4,529.00,463.00,74.00,73.00,0.8845,1,1
16,6,831.00,0.00,47.00,28.00,0.7226,1,1
16,7,632.00,46.00,55.00,39.00,0.4060,1,1
17,1,1048.00,153.00,77.00,64.00,0.9349,1,1
17,3,646.00,208.00,74.00,76.00,0.8141,1,1
17,4,529.00,464.00,74.00,72.00,0.8480,1,1
17,6,828.00,0.00,49.00,30.00,0.7608,1,1
17,7,632.00,46.00,55.00,39.00,0.4262,1,1
18,1,1049.00,152.00,79.00,65.00,0.9353,1,1
18,3,646.00,208.00,74.00,76.00,0.8511,1,1
18,4,528.00,464.00,74.00,72.00,0.8678,1,1
18,6,827.00,0.00,48.00,28.00,0.8078,1,1
18,7,632.00,46.00,55.00,38.00,0.4630,1,1
19,1,1050.00,152.00,78.00,66.00,0.9344,1,1
19,3,645.00,207.00,75.00,78.00,0.8752,1,1
19,4,528.00,465.00,74.00,73.00,0.8713,1,1
19,6,825.00,0.00,47.00,29.00,0.7819,1,1
19,7,632.00,46.00,55.00,38.00,0.4024,1,1
20,1,1050.00,152.00,78.00,66.00,0.9344,1,1
20,3,646.00,208.00,74.00,77.00,0.8746,1,1
20,4,528.00,465.00,74.00,73.00,0.8699,1,1
20,6,825.00,0.00,47.00,29.00,0.7825,1,1
20,7,632.00,46.00,55.00,38.00,0.4021,1,1
20,12,475.00,0.00,26.00,15.00,0.6214,1,1
21,1,1052.00,153.00,79.00,65.00,0.9344,1,1
21,3,646.00,207.00,74.00,79.00,0.8559,1,1
21,4,528.00,466.00,74.00,73.00,0.8812,1,1
21,5,723.00,282.00,20.00,26.00,0.4055,1,1
21,6,823.00,0.00,46.00,28.00,0.7281,1,1
21,7,632.00,46.00,55.00,39.00,0.4100,1,1
21,12,473.00,0.00,27.00,15.00,0.6576,1,1
22,1,1053.00,153.00,79.00,65.00,0.9344,1,1
22,3,646.00,207.00,74.00,79.00,0.8450,1,1
22,4,528.00,466.00,74.00,73.00,0.8948,1,1
22,5,724.00,282.00,20.00,26.00,0.7770,1,1
22,6,820.00,0.00,47.00,28.00,0.7010,1,1
22,7,631.00,46.00,56.00,38.00,0.5143,1,1
22,12,472.00,0.00,28.00,17.00,0.7209,1,1
23,1,1056.00,153.00,78.00,67.00,0.9350,1,1
23,3,646.00,207.00,74.00,79.00,0.8118,1,1
23,4,527.00,466.00,75.00,73.00,0.8785,1,1
23,5,727.00,283.00,18.00,26.00,0.8792,1,1
23,6,817.00,0.00,47.00,28.00,0.7327,1,1
23,7,631.00,46.00,56.00,38.00,0.5256,1,1
23,12,470.00,0.00,29.00,19.00,0.7501,1,1
24,1,1056.00,154.00,80.00,66.00,0.9334,1,1
24,3,645.00,207.00,76.00,79.00,0.9155,1,1
24,4,528.00,467.00,73.00,72.00,0.8777,1,1
24,5,730.00,283.00,19.00,27.00,0.8331,1,1
24,6,815.00,0.00,46.00,29.00,0.8061,1,1
24,7,631.00,46.00,56.00,38.00,0.5428,1,1
24,12,470.00,0.00,30.00,20.00,0.6675,1,1
25,1,1060.00,155.00,77.00,65.00,0.9375,1,1
25,3,645.00,208.00,76.00,77.00,0.8745,1,1
25,4,527.00,468.00,73.00,73.00,0.8949,1,1
25,5,731.00,285.00,19.00,26.00,0.4212,1,1
25,6,813.00,0.00,44.00,28.00,0.8199,1,1
25,7,631.00,46.00,56.00,38.00,0.5567,1,1
25,12,469.00,0.00,31.00,21.00,0.5562,1,1
26,1,1060.00,155.00,77.00,65.00,0.9374,1,1
26,2,482.00,131.00,29.00,24.00,0.4691,1,1
26,3,645.00,208.00,76.00,77.00,0.8745,1,1
26,4,527.00,468.00,73.00,73.00,0.8948,1,1
26,5,731.00,285.00,19.00,26.00,0.4269,1,1
26,6,813.00,0.00,44.00,28.00,0.8191,1,1
26,7,631.00,46.00,56.00,38.00,0.5617,1,1
26,12,469.00,0.00,31.00,22.00,0.5555,1,1
27,1,1062.00,155.00,77.00,66.00,0.9397,1,1
27,2,483.00,135.00,29.00,25.00,0.6759,1,1
27,3,645.00,207.00,76.00,78.00,0.8768,1,1
27,4,527.00,468.00,73.00,74.00,0.8892,1,1
27,5,731.00,287.00,19.00,25.00,0.2523,1,1
27,6,809.00,0.00,45.00,28.00,0.7259,1,1
27,7,631.00,46.00,56.00,38.00,0.5309,1,1
27,12,470.00,0.00,31.00,23.00,0.5466,1,1
28,1,1063.00,156.00,79.00,65.00,0.9364,1,1
28,2,480.00,129.00,27.00,23.00,0.6759,1,1
28,3,644.00,207.00,77.00,78.00,0.8764,1,1
28,4,527.00,468.00,73.00,73.00,0.8918,1,1
28,5,730.00,286.00,19.00,23.00,0.5956,1,1
28,6,806.00,0.00,45.00,29.00,0.7252,1,1
28,7,631.00,46.00,55.00,38.00,0.5346,1,1
28,12,468.00,0.00,34.00,27.00,0.7722,1,1
29,1,1066.00,158.00,78.00,64.00,0.9388,1,1
29,3,644.00,207.00,77.00,78.00,0.8956,1,1
29,4,527.00,467.00,72.00,74.00,0.8810,1,1
29,5,731.00,288.00,16.00,25.00,0.3456,1,1
29,6,803.00,0.00,45.00,28.00,0.7663,1,1
29,7,631.00,46.00,55.00,38.00,0.5227,1,1
29,12,470.00,1.00,33.00,29.00,0.8185,1,1
30,1,1069.00,157.00,78.00,67.00,0.9335,1,1
30,3,644.00,207.00,77.00,79.00,0.8974,1,1
30,4,527.00,468.00,71.00,75.00,0.6806,1,1
30,5,728.00,288.00,17.00,26.00,0.4182,1,1
30,6,801.00,0.00,45.00,28.00,0.7663,1,1
30,7,631.00,46.00,55.00,38.00,0.5031,1,1
30,12,470.00,2.00,35.00,30.00,0.8080,1,1
31,1,1071.00,158.00,79.00,68.00,0.9275,1,1
31,3,644.00,208.00,77.00,77.00,0.9075,1,1
31,4,527.00,468.00,71.00,75.00,0.6806,1,1
31,5,728.00,288.00,17.00,27.00,0.4182,1,1
31,7,631.00,46.00,55.00,38.00,0.5182,1,1
31,12,471.00,2.00,36.00,33.00,0.8195,1,1
31,15,488.00,154.00,28.00,33.00,0.8905,1,1
32,1,1071.00,158.00,79.00,68.00,0.9276,1,1
32,3,644.00,208.00,77.00,77.00,0.9080,1,1
32,7,631.00,46.00,55.00,38.00,0.5104,1,1
32,12,471.00,2.00,36.00,33.00,0.8196,1,1
32,15,488.00,154.00,28.00,33.00,0.8903,1,1
33,1,1074.00,159.00,78.00,69.00,0.9213,1,1
33,3,644.00,208.00,77.00,77.00,0.9164,1,1
33,7,631.00,46.00,55.00,38.00,0.5611,1,1
33,12,474.00,3.00,36.00,34.00,0.8321,1,1
33,15,489.00,162.00,27.00,32.00,0.7770,1,1
34,1,1076.00,159.00,78.00,70.00,0.9181,1,1
34,3,645.00,208.00,76.00,77.00,0.9152,1,1
34,5,724.00,284.00,19.00,26.00,0.5607,1,1
34,7,631.00,46.00,55.00,37.00,0.5927,1,1
34,12,477.00,4.00,37.00,36.00,0.8596,1,1
34,15,488.00,165.00,27.00,33.00,0.8743,1,1
35,1,1080.00,160.00,76.00,70.00,0.9181,1,1
35,3,644.00,208.00,78.00,77.00,0.9177,1,1
35,5,721.00,281.00,21.00,25.00,0.8367,1,1
35,7,631.00,46.00,55.00,37.00,0.6221,1,1
35,12,479.00,6.00,38.00,35.00,0.8536,1,1
35,15,486.00,167.00,28.00,35.00,0.9068,1,1
36,1,1082.00,162.00,75.00,70.00,0.9187,1,1
36,3,645.00,208.00,77.00,77.00,0.9149,1,1
36,5,721.00,280.00,19.00,25.00,0.8847,1,1
36,7,631.00,47.00,55.00,36.00,0.6731,1,1
36,12,485.00,8.00,34.00,34.00,0.8055,1,1
36,15,485.00,170.00,27.00,35.00,0.9041,1,1
37,1,1085.00,162.00,75.00,71.00,0.9276,1,1
37,3,645.00,208.00,77.00,77.00,0.9110,1,1
37,5,721.00,278.00,18.00,28.00,0.8173,1,1
37,7,631.00,47.00,55.00,36.00,0.6612,1,1
37,12,486.00,8.00,37.00,35.00,0.8307,1,1
37,15,483.00,174.00,27.00,35.00,0.8775,1,1
38,1,1085.00,162.00,75.00,71.00,0.9278,1,1
38,3,645.00,208.00,77.00,77.00,0.9111,1,1
38,5,721.00,278.00,18.00,28.00,0.8189,1,1
38,7,631.00,47.00,55.00,36.00,0.6534,1,1
38,12,486.00,8.00,37.00,36.00,0.8313,1,1
38,15,483.00,174.00,27.00,35.00,0.8773,1,1
39,1,1085.00,162.00,76.00,71.00,0.9293,1,1
39,3,646.00,208.00,75.00,77.00,0.9071,1,1
39,5,720.00,277.00,19.00,29.00,0.7175,1,1
39,7,631.00,47.00,55.00,36.00,0.6773,1,1
39,12,489.00,11.00,36.00,35.00,0.8371,1,1
39,15,482.00,178.00,26.00,34.00,0.6891,1,1
40,1,1086.00,162.00,76.00,71.00,0.9324,1,1
40,3,647.00,208.00,74.00,77.00,0.8757,1,1
40,5,720.00,277.00,20.00,29.00,0.6520,1,1
40,7,631.00,47.00,56.00,36.00,0.6549,1,1
40,12,489.00,11.00,38.00,35.00,0.8462,1,1
40,15,479.00,180.00,27.00,36.00,0.8369,1,1
41,1,1086.00,162.00,77.00,71.00,0.9292,1,1
41,3,647.00,209.00,74.00,74.00,0.8630,1,1
41,5,720.00,277.00,20.00,27.00,0.4504,1,1
41,7,631.00,46.00,55.00,37.00,0.6261,1,1
41,12,491.00,13.00,37.00,36.00,0.8312,1,1
41,15,479.00,185.00,27.00,35.00,0.6551,1,1
42,1,1086.00,162.00,77.00,71.00,0.9262,1,1
42,3,648.00,209.00,73.00,74.00,0.9267,1,1
42,5,719.00,276.00,21.00,28.00,0.4504,1,1
42,7,631.00,46.00,55.00,36.00,0.5013,1,1
42,12,492.00,14.00,36.00,37.00,0.8124,1,1
42,15,476.00,187.00,30.00,36.00,0.8065,1,1
43,1,1086.00,162.00,77.00,71.00,0.9269,1,1
43,3,648.00,209.00,73.00,73.00,0.9063,1,1
43,5,720.00,277.00,21.00,27.00,0.3765,1,1
43,6,483.00,0.00,49.00,22.00,0.2511,1,1
43,7,631.00,46.00,55.00,36.00,0.5439,1,1
43,12,491.00,16.00,37.00,38.00,0.7975,1,1
43,15,475.00,191.00,29.00,36.00,0.8721,1,1
44,1,1086.00,162.00,77.00,71.00,0.9267,1,1
44,3,648.00,209.00,73.00,73.00,0.9063,1,1
44,5,720.00,277.00,21.00,26.00,0.3760,1,1
44,6,483.00,0.00,49.00,22.00,0.2503,1,1
44,7,631.00,46.00,55.00,36.00,0.5432,1,1
44,12,491.00,16.00,37.00,38.00,0.7975,1,1
44,15,475.00,191.00,29.00,36.00,0.8729,1,1
45,1,1086.00,162.00,75.00,71.00,0.9281,1,1
45,3,648.00,209.00,73.00,75.00,0.5574,1,1
45,4,648.00,208.00,73.00,76.00,0.5029,1,1
45,5,720.00,278.00,21.00,27.00,0.5785,1,1
45,6,468.00,0.00,49.00,22.00,0.2503,1,1
45,7,631.00,46.00,55.00,36.00,0.6052,1,1
45,12,491.00,17.00,38.00,40.00,0.8180,1,1
45,15,475.00,193.00,30.00,39.00,0.8847,1,1
46,1,1083.00,162.00,76.00,71.00,0.9248,1,1
46,2,480.00,0.00,54.00,30.00,0.5247,1,1
46,3,648.00,209.00,73.00,75.00,0.3496,1,1
46,4,648.00,209.00,73.00,76.00,0.5751,1,1
46,5,721.00,279.00,22.00,26.00,0.5107,1,1
46,7,631.00,46.00,55.00,36.00,0.5386,1,1
46,12,493.00,20.00,38.00,41.00,0.9039,1,1
46,15,476.00,202.00,30.00,37.00,0.9167,1,1
47,1,1081.00,162.00,77.00,71.00,0.9187,1,1
47,2,481.00,0.00,54.00,33.00,0.7249,1,1
47,3,649.00,209.00,71.00,77.00,0.7243,1,1
47,4,655.00,200.00,73.00,76.00,0.5751,1,1
47,5,722.00,280.00,22.00,25.00,0.7260,1,1
47,7,631.00,46.00,56.00,36.00,0.5134,1,1
47,12,491.00,23.00,41.00,40.00,0.8949,1,1
47,15,477.00,206.00,31.00,40.00,0.9012,1,1
48,1,1080.00,162.00,76.00,71.00,0.9228,1,1
48,2,480.00,0.00,54.00,35.00,0.6542,1,1
48,3,649.00,209.00,72.00,77.00,0.6002,1,1
48,5,723.00,282.00,21.00,24.00,0.7888,1,1
48,7,632.00,46.00,55.00,37.00,0.3808,1,1
48,12,493.00,23.00,40.00,42.00,0.8917,1,1
48,15,478.00,209.00,31.00,43.00,0.9029,1,1
49,1,1077.00,162.00,78.00,71.00,0.9194,1,1
49,2,479.00,0.00,55.00,37.00,0.5257,1,1
49,3,649.00,209.00,72.00,77.00,0.5685,1,1
49,4,649.00,209.00,72.00,76.00,0.2757,1,1
49,5,724.00,283.00,18.00,26.00,0.8631,1,1
49,7,632.00,46.00,55.00,37.00,0.4465,1,1
49,12,492.00,25.00,41.00,43.00,0.8922,1,1
49,15,480.00,215.00,30.00,42.00,0.8903,1,1
50,1,1077.00,162.00,78.00,71.00,0.9194,1,1
50,2,479.00,0.00,56.00,38.00,0.5314,1,1
50,3,649.00,209.00,72.00,77.00,0.5637,1,1
50,4,649.00,209.00,72.00,76.00,0.2786,1,1
50,5,724.00,283.00,18.00,26.00,0.8631,1,1
50,7,632.00,46.00,55.00,37.00,0.4336,1,1
50,12,492.00,25.00,41.00,43.00,0.8923,1,1
50,15,480.00,215.00,30.00,42.00,0.8902,1,1
51,1,1076.00,161.00,77.00,71.00,0.9242,1,1
51,2,476.00,0.00,57.00,42.00,0.5195,1,1
51,3,649.00,209.00,71.00,77.00,0.7847,1,1
51,4,653.00,206.00,72.00,75.00,0.2786,1,1
51,5,725.00,284.00,18.00,27.00,0.8438,1,1
51,7,632.00,46.00,55.00,37.00,0.4151,1,1
51,12,495.00,26.00,38.00,41.00,0.8843,1,1
51,15,481.00,220.00,30.00,43.00,0.9066,1,1
52,1,1074.00,161.00,78.00,69.00,0.9262,1,1
52,2,472.00,0.00,61.00,46.00,0.6967,1,1
52,3,649.00,209.00,72.00,78.00,0.6073,1,1
52,5,726.00,285.00,19.00,28.00,0.8275,1,1
52,7,632.00,46.00,55.00,37.00,0.3885,1,1
52,12,497.00,26.00,36.00,40.00,0.8668,1,1
52,15,484.00,225.00,29.00,44.00,0.8992,1,1
53,1,1072.00,160.00,77.00,69.00,0.9290,1,1
53,2,470.00,0.00,63.00,48.00,0.8051,1,1
53,3,649.00,209.00,70.00,77.00,0.8727,1,1
53,5,727.00,288.00,21.00,25.00,0.7665,1,1
53,7,632.00,46.00,55.00,36.00,0.4068,1,1
53,12,499.00,28.00,34.00,40.00,0.8192,1,1
53,15,484.00,227.00,30.00,48.00,0.9048,1,1
54,1,1070.00,160.00,78.00,69.00,0.9299,1,1
54,2,467.00,0.00,66.00,52.00,0.6128,1,1
54,3,649.00,210.00,70.00,75.00,0.8651,1,1
54,5,728.00,288.00,20.00,25.00,0.8150,1,1
54,7,632.00,46.00,56.00,37.00,0.4197,1,1
54,12,498.00,34.00,35.00,37.00,0.7945,1,1
54,15,486.00,232.00,29.00,47.00,0.8797,1,1
55,1,1068.00,160.00,79.00,68.00,0.9319,1,1
55,2,467.00,1.00,68.00,53.00,0.3065,1,1
55,3,649.00,209.00,70.00,76.00,0.8805,1,1
55,5,728.00,289.00,20.00,25.00,0.8412,1,1
55,7,632.00,46.00,56.00,37.00,0.3900,1,1
55,12,498.00,38.00,35.00,35.00,0.7847,1,1
55,15,489.00,238.00,30.00,46.00,0.8404,1,1
56,1,1068.00,160.00,79.00,68.00,0.9320,1,1
56,2,467.00,2.00,68.00,53.00,0.3073,1,1
56,3,649.00,209.00,70.00,76.00,0.8800,1,1
56,5,728.00,289.00,20.00,25.00,0.8413,1,1
56,7,632.00,46.00,56.00,37.00,0.3930,1,1
56,12,498.00,38.00,35.00,35.00,0.7846,1,1
56,15,489.00,238.00,30.00,46.00,0.8389,1,1
57,1,1067.00,159.00,78.00,68.00,0.9379,1,1
57,2,466.00,3.00,68.00,56.00,0.4712,1,1
57,3,649.00,209.00,70.00,76.00,0.8861,1,1
57,5,727.00,290.00,21.00,24.00,0.8432,1,1
57,7,632.00,46.00,56.00,37.00,0.3373,1,1
57,12,507.00,38.00,27.00,36.00,0.7441,1,1
57,15,492.00,250.00,29.00,41.00,0.8708,1,1
58,1,1065.00,158.00,78.00,68.00,0.9390,1,1
58,2,466.00,5.00,68.00,56.00,0.6478,1,1
58,3,650.00,209.00,69.00,75.00,0.8859,1,1
58,5,727.00,291.00,21.00,23.00,0.8464,1,1
58,7,632.00,46.00,56.00,37.00,0.3080,1,1
58,12,506.00,39.00,28.00,41.00,0.6672,1,1
58,15,495.00,255.00,28.00,41.00,0.8505,1,1
59,1,1063.00,158.00,76.00,66.00,0.9391,1,1
59,2,467.00,8.00,67.00,58.00,0.7659,1,1
59,3,650.00,209.00,69.00,75.00,0.8926,1,1
59,5,725.00,294.00,22.00,19.00,0.8242,1,1
59,7,632.00,46.00,56.00,37.00,0.2572,1,1
59,12,504.00,40.00,31.00,43.00,0.3654,1,1
59,15,497.00,259.00,28.00,41.00,0.8591,1,1
60,1,1062.00,158.00,76.00,66.00,0.9380,1,1
60,2,467.00,9.00,67.00,61.00,0.7089,1,1
60,3,650.00,209.00,70.00,75.00,0.8926,1,1
60,5,725.00,292.00,20.00,21.00,0.8317,1,1
60,7,633.00,46.00,55.00,38.00,0.2757,1,1
60,12,505.00,42.00,30.00,43.00,0.3654,1,1
60,15,499.00,262.00,29.00,42.00,0.8577,1,1
61,1,1060.00,158.00,76.00,65.00,0.9340,1,1
61,2,469.00,11.00,64.00,61.00,0.7703,1,1
61,3,650.00,209.00,70.00,75.00,0.9141,1,1
61,5,724.00,292.00,21.00,21.00,0.6266,1,1
61,7,633.00,46.00,55.00,38.00,0.2779,1,1
61,12,508.00,50.00,28.00,41.00,0.3235,1,1
61,15,503.00,270.00,28.00,38.00,0.9062,1,1
61,19,603.00,438.00,31.00,35.00,0.3624,1,1
62,1,1060.00,158.00,76.00,65.00,0.9340,1,1
62,2,469.00,12.00,64.00,60.00,0.7707,1,1
62,3,650.00,209.00,70.00,75.00,0.9140,1,1
62,5,724.00,292.00,21.00,21.00,0.6133,1,1
62,7,633.00,46.00,55.00,38.00,0.2764,1,1
62,12,508.00,50.00,28.00,41.00,0.3265,1,1
62,15,503.00,270.00,28.00,38.00,0.9064,1,1
62,19,604.00,439.00,30.00,33.00,0.3593,1,1
63,1,1060.00,158.00,76.00,64.00,0.9339,1,1
63,2,469.00,13.00,64.00,61.00,0.7707,1,1
63,3,650.00,208.00,70.00,75.00,0.9062,1,1
63,5,724.00,292.00,20.00,22.00,0.3130,1,1
63,7,633.00,46.00,56.00,38.00,0.3234,1,1
63,12,513.00,53.00,23.00,40.00,0.4135,1,1
63,15,508.00,275.00,28.00,39.00,0.8969,1,1
63,19,608.00,441.00,28.00,33.00,0.3593,1,1
64,1,1060.00,158.00,76.00,64.00,0.9339,1,1
64,2,469.00,13.00,64.00,61.00,0.6226,1,1
64,3,650.00,208.00,70.00,76.00,0.9096,1,1
64,5,724.00,292.00,20.00,22.00,0.3130,1,1
64,7,633.00,46.00,56.00,38.00,0.3253,1,1
64,12,514.00,55.00,23.00,40.00,0.4135,1,1
64,15,512.00,278.00,29.00,39.00,0.8543,1,1
65,1,1059.00,158.00,77.00,65.00,0.9340,1,1
65,2,470.00,16.00,62.00,59.00,0.4926,1,1
65,3,651.00,208.00,69.00,75.00,0.9213,1,1
65,7,633.00,47.00,56.00,38.00,0.3213,1,1
65,15,516.00,280.00,30.00,41.00,0.8203,1,1
65,19,637.00,459.00,28.00,33.00,0.4209,1,1
66,1,1059.00,158.00,76.00,64.00,0.9325,1,1
66,2,471.00,17.00,63.00,61.00,0.3161,1,1
66,3,651.00,208.00,69.00,76.00,0.9174,1,1
66,4,863.00,127.00,19.00,32.00,0.7787,1,1
66,7,632.00,46.00,56.00,38.00,0.2576,1,1
66,15,519.00,282.00,33.00,44.00,0.7221,1,1
66,19,645.00,463.00,27.00,33.00,0.4209,1,1
67,1,1057.00,158.00,77.00,64.00,0.9302,1,1
67,2,471.00,19.00,64.00,60.00,0.2723,1,1
67,3,651.00,208.00,69.00,77.00,0.9158,1,1
67,4,863.00,129.00,20.00,29.00,0.6103,1,1
67,5,755.00,324.00,15.00,29.00,0.3333,1,1
67,7,631.00,46.00,58.00,37.00,0.3965,1,1
67,15,524.00,287.00,32.00,43.00,0.7891,1,1
68,1,1057.00,158.00,77.00,64.00,0.9301,1,1
68,2,471.00,19.00,64.00,61.00,0.2712,1,1
68,3,651.00,208.00,69.00,77.00,0.9157,1,1
68,4,863.00,129.00,20.00,29.00,0.6056,1,1
68,5,754.00,324.00,16.00,30.00,0.3507,1,1
68,7,631.00,46.00,57.00,37.00,0.4029,1,1
68,15,524.00,287.00,32.00,42.00,0.7901,1,1
69,1,1056.00,158.00,77.00,65.00,0.9292,1,1
69,2,468.00,19.00,66.00,60.00,0.4354,1,1
69,3,651.00,208.00,70.00,76.00,0.9115,1,1
69,4,862.00,130.00,20.00,27.00,0.4926,1,1
69,5,757.00,327.00,16.00,30.00,0.3507,1,1
69,7,631.00,47.00,57.00,36.00,0.2941,1,1
69,12,631.00,47.00,58.00,37.00,0.3023,1,1
69,15,528.00,285.00,31.00,49.00,0.8659,1,1
69,19,754.00,324.00,17.00,30.00,0.5459,1,1
70,1,1055.00,158.00,77.00,65.00,0.9294,1,1
70,2,467.00,21.00,65.00,59.00,0.7701,1,1
70,3,651.00,208.00,70.00,75.00,0.9015,1,1
70,4,862.00,129.00,19.00,27.00,0.5055,1,1
70,7,630.00,47.00,58.00,36.00,0.3328,1,1
70,12,642.00,48.00,60.00,37.00,0.3023,1,1
70,15,534.00,283.00,29.00,44.00,0.8702,1,1
70,19,772.00,311.00,15.00,29.00,0.5459,1,1
71,1,1054.00,157.00,77.00,66.00,0.9270,1,1
71,2,467.00,20.00,65.00,60.00,0.5044,1,1
71,3,651.00,208.00,70.00,75.00,0.9163,1,1
71,4,870.00,127.00,18.00,25.00,0.5055,1,1
71,7,630.00,46.00,59.00,35.00,0.5117,1,1
71,15,540.00,284.00,29.00,43.00,0.9055,1,1
71,19,754.00,324.00,16.00,30.00,0.4895,1,1
72,1,1053.00,157.00,78.00,65.00,0.9282,1,1
72,2,467.00,20.00,63.00,61.00,0.7491,1,1
72,3,652.00,207.00,69.00,75.00,0.9088,1,1
72,7,630.00,47.00,59.00,34.00,0.4275,1,1
72,15,547.00,278.00,31.00,46.00,0.8864,1,1
72,19,768.00,316.00,15.00,29.00,0.4895,1,1
73,1,1053.00,157.00,77.00,65.00,0.9285,1,1
73,2,466.00,19.00,62.00,63.00,0.7143,1,1
73,3,651.00,207.00,70.00,75.00,0.8801,1,1
73,5,677.00,474.00,27.00,33.00,0.6964,1,1
73,7,630.00,47.00,59.00,34.00,0.4275,1,1
73,15,554.00,277.00,32.00,45.00,0.9020,1,1
74,1,1053.00,157.00,77.00,65.00,0.9286,1,1
74,2,465.00,19.00,63.00,63.00,0.7161,1,1
74,3,651.00,207.00,70.00,75.00,0.8803,1,1
74,5,677.00,474.00,27.00,34.00,0.6949,1,1
74,15,554.00,277.00,32.00,45.00,0.9020,1,1
75,1,1052.00,156.00,76.00,65.00,0.9298,1,1
75,2,464.00,20.00,62.00,63.00,0.4024,1,1
75,3,652.00,208.00,69.00,74.00,0.8809,1,1
75,4,668.00,80.00,19.00,28.00,0.6135,1,1
75,5,678.00,471.00,26.00,35.00,0.2576,1,1
75,7,632.00,46.00,57.00,35.00,0.4564,1,1
75,12,510.00,58.00,22.00,41.00,0.5727,1,1
75,15,563.00,270.00,29.00,44.00,0.9047,1,1
76,1,1051.00,155.00,77.00,65.00,0.9319,1,1
76,2,463.00,20.00,61.00,63.00,0.7006,1,1
76,3,652.00,208.00,69.00,75.00,0.8546,1,1
76,4,667.00,81.00,21.00,27.00,0.7030,1,1
76,5,674.00,484.00,27.00,35.00,0.2576,1,1
76,7,633.00,47.00,57.00,34.00,0.5308,1,1
76,12,503.00,57.00,26.00,44.00,0.2747,1,1
76,15,570.00,265.00,28.00,38.00,0.8824,1,1
77,1,1051.00,155.00,77.00,65.00,0.9326,1,1
77,2,461.00,18.00,62.00,64.00,0.6083,1,1
77,3,652.00,208.00,70.00,75.00,0.7778,1,1
77,4,666.00,81.00,21.00,27.00,0.8690,1,1
77,5,666.00,465.00,37.00,36.00,0.3970,1,1
77,7,633.00,47.00,57.00,34.00,0.5308,1,1
77,12,498.00,58.00,29.00,44.00,0.2747,1,1
77,15,575.00,258.00,26.00,35.00,0.8558,1,1
77,19,704.00,138.00,18.00,20.00,0.4196,1,1
78,1,1051.00,155.00,77.00,65.00,0.9318,1,1
78,2,461.00,17.00,62.00,65.00,0.6260,1,1
78,3,652.00,208.00,70.00,76.00,0.7420,1,1
78,4,665.00,81.00,22.00,27.00,0.8815,1,1
78,5,672.00,465.00,31.00,35.00,0.6508,1,1
78,12,501.00,54.00,26.00,45.00,0.2740,1,1
78,15,578.00,246.00,25.00,37.00,0.8634,1,1
78,19,704.00,138.00,18.00,20.00,0.4646,1,1
79,1,1051.00,155.00,77.00,65.00,0.9303,1,1
79,2,459.00,16.00,64.00,64.00,0.5991,1,1
79,3,653.00,208.00,69.00,76.00,0.7935,1,1
79,4,665.00,80.00,23.00,28.00,0.8764,1,1
79,5,672.00,465.00,31.00,31.00,0.5858,1,1
79,7,636.00,47.00,55.00,32.00,0.4741,1,1
79,12,498.00,55.00,27.00,45.00,0.2740,1,1
79,15,579.00,234.00,26.00,39.00,0.8333,1,1
79,19,704.00,139.00,17.00,19.00,0.4528,1,1
80,1,1051.00,155.00,77.00,65.00,0.9305,1,1
80,2,459.00,16.00,63.00,63.00,0.5932,1,1
80,3,653.00,208.00,69.00,76.00,0.7949,1,1
80,4,665.00,80.00,23.00,28.00,0.8762,1,1
80,5,672.00,465.00,30.00,31.00,0.5757,1,1
80,7,636.00,47.00,55.00,32.00,0.4698,1,1
80,15,579.00,234.00,26.00,39.00,0.8331,1,1
80,19,705.00,139.00,16.00,19.00,0.4649,1,1
81,1,1051.00,155.00,77.00,65.00,0.9313,1,1
81,2,459.00,16.00,63.00,64.00,0.5932,1,1
81,3,652.00,208.00,70.00,76.00,0.8166,1,1
81,4,665.00,81.00,23.00,28.00,0.8757,1,1
81,5,659.00,463.00,39.00,29.00,0.3291,1,1
81,7,637.00,47.00,54.00,32.00,0.4531,1,1
81,15,581.00,223.00,24.00,36.00,0.6827,1,1
81,19,706.00,132.00,17.00,18.00,0.4649,1,1
81,25,753.00,324.00,17.00,30.00,0.3673,1,1
82,1,1050.00,155.00,77.00,65.00,0.9328,1,1
82,2,458.00,14.00,64.00,62.00,0.4164,1,1
82,3,652.00,208.00,71.00,76.00,0.8613,1,1
82,4,665.00,81.00,23.00,28.00,0.8756,1,1
82,5,655.00,469.00,41.00,29.00,0.3291,1,1
82,7,638.00,48.00,54.00,32.00,0.6023,1,1
82,15,585.00,219.00,23.00,35.00,0.6827,1,1
82,19,705.00,139.00,17.00,19.00,0.3659,1,1
82,25,753.00,324.00,17.00,30.00,0.3673,1,1
83,1,1049.00,155.00,78.00,65.00,0.9338,1,1
83,2,457.00,13.00,64.00,63.00,0.4164,1,1
83,3,652.00,208.00,71.00,76.00,0.8627,1,1
83,4,665.00,81.00,23.00,28.00,0.8735,1,1
83,7,638.00,47.00,54.00,33.00,0.6370,1,1
83,12,498.00,46.00,24.00,44.00,0.2975,1,1
83,15,582.00,202.00,19.00,31.00,0.3216,1,1
83,19,707.00,135.00,17.00,19.00,0.3659,1,1
83,25,729.00,294.00,19.00,22.00,0.4602,1,1
84,1,1048.00,155.00,77.00,65.00,0.9349,1,1
84,2,454.00,12.00,63.00,60.00,0.5349,1,1
84,3,652.00,208.00,71.00,75.00,0.8738,1,1
84,4,665.00,81.00,23.00,28.00,0.8731,1,1
84,7,638.00,48.00,54.00,32.00,0.6740,1,1
84,12,493.00,46.00,26.00,43.00,0.7836,1,1
84,15,584.00,196.00,19.00,29.00,0.3216,1,1
84,25,730.00,293.00,17.00,24.00,0.7988,1,1
85,1,1047.00,155.00,78.00,65.00,0.9359,1,1
85,2,451.00,10.00,63.00,64.00,0.6633,1,1
85,3,652.00,208.00,70.00,75.00,0.9150,1,1
85,4,664.00,81.00,24.00,27.00,0.8700,1,1
85,7,639.00,48.00,53.00,32.00,0.7357,1,1
85,12,492.00,44.00,27.00,41.00,0.5801,1,1
85,25,728.00,291.00,18.00,25.00,0.8152,1,1
86,1,1048.00,155.00,77.00,65.00,0.9360,1,1
86,2,451.00,10.00,63.00,64.00,0.6593,1,1
86,3,652.00,208.00,70.00,75.00,0.9152,1,1
86,4,664.00,81.00,24.00,27.00,0.8699,1,1
86,5,728.00,291.00,18.00,25.00,0.8129,1,1
86,7,639.00,48.00,53.00,32.00,0.7328,1,1
86,12,492.00,44.00,26.00,40.00,0.5713,1,1
86,25,724.00,286.00,18.00,25.00,0.8152,1,1
87,1,1048.00,155.00,77.00,65.00,0.9380,1,1
87,2,448.00,9.00,63.00,62.00,0.3437,1,1
87,3,652.00,208.00,70.00,75.00,0.8749,1,1
87,4,664.00,81.00,24.00,27.00,0.8684,1,1
87,5,729.00,292.00,19.00,23.00,0.8436,1,1
87,7,639.00,48.00,53.00,32.00,0.7383,1,1
87,12,488.00,40.00,27.00,42.00,0.5408,1,1
88,1,1047.00,155.00,77.00,65.00,0.9383,1,1
88,2,446.00,6.00,62.00,60.00,0.8229,1,1
88,3,652.00,208.00,70.00,76.00,0.7698,1,1
88,4,664.00,81.00,24.00,27.00,0.8702,1,1
88,5,730.00,293.00,19.00,22.00,0.7639,1,1
88,7,639.00,48.00,54.00,32.00,0.7573,1,1
88,12,479.00,36.00,32.00,43.00,0.4766,1,1
89,1,1047.00,155.00,77.00,64.00,0.9377,1,1
89,2,443.00,5.00,61.00,62.00,0.7553,1,1
89,3,652.00,208.00,70.00,76.00,0.7888,1,1
89,4,665.00,81.00,23.00,27.00,0.8662,1,1
89,5,730.00,295.00,20.00,22.00,0.8044,1,1
89,7,640.00,48.00,53.00,32.00,0.8185,1,1
89,12,476.00,35.00,33.00,43.00,0.4766,1,1
90,1,1047.00,155.00,77.00,64.00,0.9377,1,1
90,2,441.00,4.00,62.00,61.00,0.7667,1,1
90,3,652.00,208.00,70.00,76.00,0.8121,1,1
90,4,665.00,81.00,23.00,27.00,0.8655,1,1
90,5,730.00,295.00,20.00,22.00,0.8419,1,1
90,7,640.00,48.00,53.00,31.00,0.8083,1,1
90,12,473.00,32.00,31.00,43.00,0.5746,1,1
91,1,1047.00,155.00,78.00,65.00,0.9369,1,1
91,2,439.00,2.00,61.00,63.00,0.6806,1,1
91,3,652.00,208.00,70.00,76.00,0.7859,1,1
91,4,664.00,81.00,24.00,27.00,0.8707,1,1
91,5,730.00,292.00,20.00,23.00,0.8217,1,1
91,7,640.00,47.00,53.00,32.00,0.8108,1,1
91,12,472.00,31.00,32.00,42.00,0.6965,1,1
91,15,705.00,139.00,18.00,20.00,0.5228,1,1
92,1,1047.00,155.00,78.00,65.00,0.9370,1,1
92,2,439.00,2.00,61.00,63.00,0.6890,1,1
92,3,652.00,208.00,70.00,76.00,0.7708,1,1
92,4,664.00,81.00,24.00,27.00,0.8714,1,1
92,5,730.00,292.00,20.00,23.00,0.8213,1,1
92,7,640.00,48.00,53.00,31.00,0.8068,1,1
92,12,472.00,31.00,32.00,42.00,0.6967,1,1
92,15,705.00,139.00,17.00,20.00,0.5416,1,1
93,1,1047.00,155.00,78.00,64.00,0.9375,1,1
93,2,436.00,2.00,61.00,60.00,0.8121,1,1
93,3,652.00,208.00,70.00,76.00,0.8491,1,1
93,4,664.00,81.00,24.00,27.00,0.8678,1,1
93,5,730.00,292.00,19.00,23.00,0.8062,1,1
93,7,639.00,47.00,54.00,32.00,0.7851,1,1
93,12,474.00,32.00,28.00,38.00,0.4841,1,1
93,15,705.00,140.00,17.00,19.00,0.5143,1,1
93,28,780.00,0.00,42.00,43.00,0.5782,1,1
94,1,1048.00,155.00,78.00,65.00,0.9366,1,1
94,2,436.00,0.00,59.00,58.00,0.8480,1,1
94,3,652.00,208.00,70.00,76.00,0.8249,1,1
94,4,665.00,81.00,23.00,28.00,0.8779,1,1
94,5,729.00,292.00,19.00,23.00,0.8134,1,1
94,7,638.00,48.00,55.00,31.00,0.7454,1,1
94,12,472.00,35.00,26.00,32.00,0.4366,1,1
94,15,714.00,135.00,17.00,19.00,0.5143,1,1
94,28,783.00,0.00,41.00,43.00,0.6199,1,1
95,1,1048.00,155.00,78.00,65.00,0.9360,1,1
95,2,435.00,0.00,60.00,59.00,0.7937,1,1
95,3,651.00,208.00,71.00,76.00,0.8047,1,1
95,4,666.00,80.00,22.00,29.00,0.8817,1,1
95,5,729.00,291.00,20.00,24.00,0.8329,1,1
95,7,635.00,48.00,56.00,33.00,0.3236,1,1
95,12,470.00,31.00,27.00,36.00,0.5951,1,1
95,25,574.00,190.00,18.00,31.00,0.8338,1,1
95,28,787.00,1.00,40.00,41.00,0.7622,1,1
96,1,1048.00,155.00,78.00,65.00,0.9361,1,1
96,2,436.00,0.00,58.00,57.00,0.8304,1,1
96,3,652.00,209.00,70.00,75.00,0.8105,1,1
96,4,667.00,78.00,21.00,30.00,0.8684,1,1
96,5,729.00,292.00,20.00,23.00,0.8130,1,1
96,7,633.00,47.00,58.00,33.00,0.3121,1,1
96,12,467.00,31.00,28.00,34.00,0.5951,1,1
96,25,573.00,190.00,19.00,31.00,0.8117,1,1
96,28,790.00,2.00,41.00,39.00,0.6090,1,1
97,1,1047.00,155.00,78.00,65.00,0.9361,1,1
97,2,435.00,0.00,59.00,55.00,0.6711,1,1
97,3,651.00,209.00,70.00,75.00,0.8200,1,1
97,4,669.00,78.00,19.00,29.00,0.8254,1,1
97,5,727.00,294.00,20.00,21.00,0.8575,1,1
97,7,631.00,47.00,59.00,33.00,0.3454,1,1
97,25,572.00,187.00,20.00,34.00,0.8722,1,1
97,28,793.00,2.00,40.00,39.00,0.6090,1,1
98,1,1047.00,155.00,78.00,65.00,0.9361,1,1
98,2,436.00,0.00,57.00,55.00,0.6792,1,1
98,3,651.00,209.00,70.00,75.00,0.8199,1,1
98,4,669.00,78.00,19.00,29.00,0.8259,1,1
98,5,727.00,294.00,20.00,21.00,0.8589,1,1
98,7,631.00,46.00,59.00,35.00,0.3540,1,1
98,25,572.00,187.00,20.00,34.00,0.8726,1,1
99,1,1048.00,155.00,77.00,65.00,0.9355,1,1
99,2,435.00,0.00,58.00,53.00,0.3574,1,1
99,3,651.00,209.00,71.00,75.00,0.7172,1,1
99,4,670.00,77.00,18.00,29.00,0.7540,1,1
99,5,728.00,295.00,19.00,21.00,0.7900,1,1
99,7,630.00,46.00,60.00,35.00,0.2932,1,1
99,25,572.00,185.00,20.00,36.00,0.8721,1,1
100,1,1048.00,155.00,77.00,65.00,0.9356,1,1
100,2,435.00,0.00,57.00,52.00,0.3574,1,1
100,3,651.00,209.00,71.00,75.00,0.6993,1,1
100,4,670.00,78.00,18.00,28.00,0.6350,1,1
100,5,728.00,294.00,19.00,21.00,0.7926,1,1
100,7,629.00,46.00,60.00,35.00,0.2947,1,1
100,19,629.00,46.00,60.00,35.00,0.2684,1,1
100,25,573.00,184.00,20.00,38.00,0.8739,1,1
101,1,1048.00,155.00,77.00,65.00,0.9352,1,1
101,3,651.00,209.00,70.00,75.00,0.7592,1,1
101,4,670.00,78.00,18.00,27.00,0.6350,1,1
101,5,729.00,293.00,18.00,22.00,0.8311,1,1
101,7,628.00,46.00,60.00,36.00,0.3137,1,1
101,19,628.00,45.00,60.00,36.00,0.5126,1,1
101,25,573.00,183.00,21.00,37.00,0.8438,1,1
102,1,1048.00,155.00,78.00,65.00,0.9363,1,1
102,3,651.00,208.00,70.00,76.00,0.7083,1,1
102,5,727.00,292.00,19.00,23.00,0.8291,1,1
102,7,628.00,46.00,59.00,36.00,0.4674,1,1
102,19,628.00,45.00,59.00,37.00,0.3029,1,1
102,25,576.00,182.00,19.00,38.00,0.8495,1,1
103,1,1050.00,155.00,77.00,65.00,0.9354,1,1
103,3,651.00,208.00,70.00,76.00,0.6942,1,1
103,5,727.00,290.00,18.00,25.00,0.7713,1,1
103,7,630.00,45.00,57.00,37.00,0.4945,1,1
103,19,630.00,45.00,57.00,37.00,0.3883,1,1
103,25,578.00,180.00,20.00,37.00,0.8603,1,1
104,1,1050.00,155.00,77.00,65.00,0.9354,1,1
104,3,651.00,208.00,70.00,76.00,0.6937,1,1
104,5,727.00,290.00,18.00,25.00,0.7710,1,1
104,7,630.00,45.00,57.00,37.00,0.4857,1,1
104,19,630.00,45.00,57.00,37.00,0.3891,1,1
104,25,578.00,180.00,20.00,37.00,0.8602,1,1
105,1,1051.00,155.00,76.00,65.00,0.9337,1,1
105,3,651.00,208.00,70.00,76.00,0.4568,1,1
105,5,728.00,289.00,18.00,25.00,0.7710,1,1
105,7,631.00,45.00,55.00,38.00,0.5980,1,1
105,19,630.00,44.00,56.00,38.00,0.3138,1,1
105,25,580.00,179.00,20.00,37.00,0.8523,1,1
106,1,1051.00,156.00,76.00,65.00,0.9303,1,1
106,3,651.00,209.00,70.00,75.00,0.6358,1,1
106,7,631.00,45.00,55.00,38.00,0.4204,1,1
106,19,631.00,45.00,55.00,38.00,0.4088,1,1
106,25,586.00,179.00,16.00,33.00,0.8002,1,1
107,1,1051.00,157.00,78.00,64.00,0.9272,1,1
107,3,651.00,209.00,70.00,75.00,0.7236,1,1
107,5,727.00,292.00,19.00,22.00,0.7774,1,1
107,7,631.00,45.00,54.00,38.00,0.3706,1,1
107,19,630.00,45.00,56.00,38.00,0.4270,1,1
107,25,587.00,177.00,19.00,32.00,0.5399,1,1
108,1,1053.00,157.00,77.00,65.00,0.9288,1,1
108,3,651.00,210.00,70.00,74.00,0.7421,1,1
108,5,727.00,294.00,21.00,21.00,0.7983,1,1
108,7,630.00,45.00,54.00,38.00,0.2661,1,1
108,19,630.00,45.00,54.00,39.00,0.3925,1,1
108,25,586.00,174.00,19.00,33.00,0.5399,1,1
109,1,1053.00,157.00,77.00,65.00,0.9304,1,1
109,3,652.00,210.00,69.00,74.00,0.8574,1,1
109,5,728.00,293.00,20.00,22.00,0.8306,1,1
109,7,629.00,45.00,55.00,39.00,0.5522,1,1
109,19,628.00,44.00,56.00,39.00,0.3925,1,1
110,1,1053.00,157.00,77.00,65.00,0.9303,1,1
110,3,652.00,210.00,69.00,74.00,0.8584,1,1
110,5,728.00,293.00,20.00,22.00,0.8301,1,1
110,7,629.00,45.00,55.00,39.00,0.5497,1,1
111,1,1053.00,157.00,77.00,65.00,0.9321,1,1
111,3,651.00,210.00,70.00,74.00,0.8809,1,1
111,5,729.00,294.00,19.00,22.00,0.8120,1,1
111,7,628.00,45.00,55.00,39.00,0.3995,1,1
111,19,628.00,45.00,55.00,39.00,0.2934,1,1
112,1,1053.00,157.00,77.00,65.00,0.9311,1,1
112,3,651.00,210.00,71.00,74.00,0.8887,1,1
112,5,729.00,294.00,20.00,23.00,0.8419,1,1
112,7,627.00,45.00,54.00,38.00,0.5336,1,1
112,19,626.00,44.00,56.00,40.00,0.2934,1,1
113,1,1054.00,157.00,76.00,64.00,0.9312,1,1
113,3,652.00,210.00,70.00,73.00,0.8804,1,1
113,5,729.00,292.00,19.00,24.00,0.8595,1,1
113,7,627.00,45.00,54.00,38.00,0.5919,1,1
114,1,1053.00,157.00,77.00,64.00,0.9318,1,1
114,3,652.00,210.00,70.00,73.00,0.8258,1,1
114,5,728.00,290.00,19.00,25.00,0.8403,1,1
114,7,627.00,45.00,54.00,39.00,0.5074,1,1
115,1,1053.00,157.00,77.00,64.00,0.9314,1,1
115,3,652.00,210.00,70.00,72.00,0.7350,1,1
115,5,727.00,290.00,17.00,26.00,0.5873,1,1
115,7,627.00,45.00,53.00,40.00,0.4106,1,1
115,25,596.00,140.00,22.00,35.00,0.4401,1,1
116,1,1053.00,157.00,77.00,64.00,0.9314,1,1
116,3,652.00,210.00,70.00,72.00,0.7390,1,1
116,5,727.00,290.00,17.00,26.00,0.6055,1,1
116,7,626.00,45.00,55.00,40.00,0.4208,1,1
116,25,595.00,140.00,23.00,35.00,0.4166,1,1
117,1,1053.00,155.00,76.00,66.00,0.9332,1,1
117,3,652.00,210.00,70.00,73.00,0.7936,1,1
117,5,727.00,291.00,18.00,23.00,0.7857,1,1
117,7,626.00,45.00,55.00,41.00,0.4997,1,1
117,25,595.00,136.00,24.00,35.00,0.6945,1,1
118,1,1053.00,155.00,75.00,65.00,0.9346,1,1
118,3,652.00,210.00,70.00,73.00,0.8446,1,1
118,5,727.00,294.00,20.00,22.00,0.8474,1,1
118,7,626.00,45.00,54.00,41.00,0.3681,1,1
118,25,597.00,133.00,22.00,34.00,0.8531,1,1
119,1,1052.00,154.00,76.00,66.00,0.9352,1,1
119,3,653.00,210.00,70.00,73.00,0.8289,1,1
119,4,838.00,119.00,22.00,26.00,0.2989,1,1
119,5,728.00,293.00,18.00,23.00,0.8114,1,1
119,7,626.00,45.00,54.00,41.00,0.3649,1,1
119,25,596.00,132.00,22.00,31.00,0.8675,1,1
119,28,830.00,2.00,41.00,46.00,0.7600,1,1
120,1,1052.00,154.00,76.00,66.00,0.9351,1,1
120,3,653.00,210.00,70.00,73.00,0.7369,1,1
120,4,842.00,120.00,20.00,26.00,0.2838,1,1
120,5,728.00,293.00,19.00,23.00,0.8171,1,1
120,7,626.00,45.00,54.00,41.00,0.5662,1,1
120,25,595.00,131.00,22.00,32.00,0.8567,1,1
120,28,833.00,2.00,39.00,47.00,0.7139,1,1
121,1,1053.00,154.00,77.00,66.00,0.9350,1,1
121,3,653.00,210.00,70.00,74.00,0.7296,1,1
121,4,846.00,120.00,21.00,28.00,0.5812,1,1
121,5,729.00,291.00,18.00,25.00,0.8505,1,1
121,7,627.00,45.00,54.00,41.00,0.6503,1,1
121,25,594.00,132.00,21.00,33.00,0.8602,1,1
121,28,837.00,2.00,39.00,48.00,0.6077,1,1
122,1,1053.00,154.00,77.00,66.00,0.9349,1,1
122,3,652.00,210.00,71.00,74.00,0.7302,1,1
122,4,846.00,120.00,21.00,28.00,0.5811,1,1
122,5,729.00,291.00,18.00,25.00,0.8502,1,1
122,7,627.00,45.00,54.00,41.00,0.6499,1,1
122,25,594.00,132.00,21.00,33.00,0.8603,1,1
122,28,837.00,2.00,39.00,48.00,0.6102,1,1
123,1,1054.00,155.00,76.00,66.00,0.9337,1,1
123,3,653.00,210.00,71.00,73.00,0.4772,1,1
123,4,848.00,120.00,23.00,28.00,0.4822,1,1
123,5,728.00,291.00,18.00,25.00,0.8524,1,1
123,7,626.00,45.00,55.00,41.00,0.5641,1,1
123,25,589.00,134.00,23.00,34.00,0.4834,1,1
123,28,840.00,3.00,40.00,48.00,0.3452,1,1
124,1,1054.00,155.00,76.00,66.00,0.9312,1,1
124,3,653.00,210.00,71.00,73.00,0.2501,1,1
124,4,854.00,121.00,23.00,29.00,0.4822,1,1
124,5,728.00,290.00,17.00,26.00,0.8653,1,1
124,7,626.00,45.00,55.00,41.00,0.6174,1,1
124,25,589.00,132.00,22.00,34.00,0.4834,1,1
124,28,844.00,5.00,39.00,47.00,0.5803,1,1
125,1,1054.00,156.00,76.00,65.00,0.9302,1,1
125,3,654.00,210.00,71.00,74.00,0.3996,1,1
125,5,727.00,290.00,19.00,27.00,0.8270,1,1
125,7,626.00,45.00,55.00,41.00,0.6422,1,1
125,28,848.00,6.00,38.00,45.00,0.6351,1,1
126,1,1054.00,156.00,75.00,65.00,0.9289,1,1
126,3,654.00,210.00,70.00,74.00,0.2581,1,1
126,5,728.00,289.00,18.00,28.00,0.8068,1,1
126,7,626.00,45.00,55.00,41.00,0.7310,1,1
126,28,852.00,7.00,38.00,43.00,0.5802,1,1
127,1,1053.00,156.00,75.00,65.00,0.9298,1,1
127,3,654.00,210.00,71.00,74.00,0.2506,1,1
127,5,728.00,289.00,17.00,28.00,0.8026,1,1
127,7,626.00,45.00,55.00,41.00,0.6286,1,1
127,28,857.00,6.00,36.00,45.00,0.7062,1,1
128,1,1053.00,156.00,75.00,65.00,0.9302,1,1
128,3,654.00,210.00,71.00,74.00,0.2524,1,1
128,5,728.00,289.00,17.00,28.00,0.7963,1,1
128,7,626.00,45.00,55.00,41.00,0.6308,1,1
128,28,857.00,6.00,36.00,45.00,0.7036,1,1
128,30,654.00,210.00,70.00,73.00,0.3614,1,1
129,1,1052.00,156.00,76.00,65.00,0.9300,1,1
129,3,654.00,211.00,71.00,73.00,0.3645,1,1
129,5,728.00,289.00,18.00,28.00,0.6834,1,1
129,7,627.00,45.00,54.00,41.00,0.7588,1,1
129,28,861.00,7.00,38.00,45.00,0.7282,1,1
129,30,654.00,210.00,70.00,73.00,0.2621,1,1
130,1,1052.00,156.00,76.00,64.00,0.9307,1,1
130,3,654.00,211.00,71.00,73.00,0.5182,1,1
130,5,728.00,291.00,18.00,25.00,0.8506,1,1
130,7,627.00,45.00,54.00,41.00,0.8028,1,1
130,25,572.00,177.00,21.00,36.00,0.2906,1,1
130,28,864.00,7.00,38.00,46.00,0.7282,1,1
130,30,654.00,210.00,70.00,73.00,0.2621,1,1
131,1,1052.00,155.00,76.00,65.00,0.9319,1,1
131,3,654.00,211.00,70.00,73.00,0.6123,1,1
131,5,727.00,293.00,18.00,23.00,0.8069,1,1
131,7,627.00,45.00,55.00,40.00,0.7914,1,1
131,25,569.00,177.00,22.00,40.00,0.7652,1,1
132,1,1052.00,155.00,76.00,65.00,0.9324,1,1
132,3,653.00,211.00,71.00,73.00,0.6176,1,1
132,5,728.00,293.00,18.00,24.00,0.7882,1,1
132,7,627.00,45.00,55.00,40.00,0.8057,1,1
132,19,511.00,0.00,47.00,27.00,0.3550,1,1
132,25,568.00,181.00,23.00,39.00,0.8442,1,1
132,28,874.00,6.00,39.00,49.00,0.7761,1,1
133,1,1052.00,155.00,76.00,65.00,0.9321,1,1
133,3,653.00,210.00,71.00,74.00,0.5970,1,1
133,5,729.00,293.00,17.00,23.00,0.7883,1,1
133,7,627.00,45.00,55.00,40.00,0.7096,1,1
133,19,514.00,0.00,48.00,27.00,0.4514,1,1
133,25,569.00,183.00,23.00,39.00,0.8179,1,1
133,28,877.00,8.00,40.00,47.00,0.7899,1,1
134,1,1052.00,155.00,76.00,65.00,0.9320,1,1
134,3,653.00,210.00,71.00,74.00,0.5960,1,1
134,5,729.00,293.00,17.00,23.00,0.7869,1,1
134,7,628.00,45.00,54.00,40.00,0.7207,1,1
134,19,514.00,0.00,48.00,27.00,0.4501,1,1
134,25,569.00,183.00,23.00,39.00,0.8163,1,1
134,28,877.00,8.00,40.00,47.00,0.7871,1,1
135,1,1052.00,155.00,76.00,65.00,0.9315,1,1
135,3,653.00,210.00,71.00,74.00,0.7411,1,1
135,5,729.00,292.00,17.00,24.00,0.8456,1,1
135,7,628.00,45.00,54.00,39.00,0.7181,1,1
135,19,512.00,0.00,54.00,27.00,0.4583,1,1
135,25,571.00,186.00,23.00,39.00,0.6466,1,1
135,28,881.00,8.00,40.00,49.00,0.6357,1,1
136,1,1052.00,156.00,76.00,64.00,0.9312,1,1
136,3,653.00,209.00,71.00,75.00,0.6788,1,1
136,5,728.00,292.00,18.00,24.00,0.8275,1,1
136,7,628.00,45.00,54.00,39.00,0.7484,1,1
136,19,525.00,0.00,42.00,28.00,0.4070,1,1
136,25,570.00,188.00,23.00,40.00,0.6466,1,1
136,28,886.00,7.00,39.00,50.00,0.5412,1,1
137,1,1053.00,156.00,76.00,65.00,0.9309,1,1
137,3,653.00,209.00,71.00,75.00,0.4789,1,1
137,5,728.00,291.00,18.00,25.00,0.7946,1,1
137,7,628.00,45.00,54.00,39.00,0.6738,1,1
137,19,530.00,0.00,42.00,29.00,0.3919,1,1
137,28,889.00,7.00,39.00,49.00,0.4765,1,1
138,1,1053.00,156.00,77.00,65.00,0.9317,1,1
138,3,653.00,209.00,71.00,75.00,0.5279,1,1
138,5,729.00,290.00,17.00,28.00,0.7380,1,1
138,7,628.00,45.00,54.00,38.00,0.6559,1,1
138,19,536.00,2.00,39.00,32.00,0.6328,1,1
138,28,891.00,6.00,42.00,50.00,0.6454,1,1
139,1,1054.00,156.00,76.00,66.00,0.9321,1,1
139,3,653.00,209.00,71.00,75.00,0.6268,1,1
139,5,728.00,291.00,18.00,27.00,0.5888,1,1
139,7,629.00,45.00,53.00,38.00,0.4604,1,1
139,19,540.00,2.00,42.00,34.00,0.4931,1,1
139,28,894.00,6.00,42.00,50.00,0.6454,1,1
140,1,1054.00,156.00,76.00,66.00,0.9320,1,1
140,3,653.00,209.00,71.00,75.00,0.6306,1,1
140,5,728.00,292.00,18.00,25.00,0.5994,1,1
140,7,629.00,45.00,53.00,38.00,0.4684,1,1
140,19,540.00,3.00,43.00,33.00,0.4965,1,1
141,1,1054.00,157.00,76.00,65.00,0.9294,1,1
141,3,654.00,209.00,70.00,75.00,0.8037,1,1
141,5,727.00,293.00,19.00,23.00,0.8208,1,1
141,7,629.00,45.00,53.00,37.00,0.4521,1,1
141,19,543.00,1.00,46.00,34.00,0.6039,1,1
142,1,1054.00,157.00,77.00,65.00,0.9281,1,1
142,3,653.00,209.00,71.00,75.00,0.7651,1,1
142,4,533.00,0.00,59.00,23.00,0.4023,1,1
142,5,727.00,293.00,18.00,22.00,0.7887,1,1
142,7,629.00,45.00,53.00,36.00,0.6648,1,1
142,19,549.00,3.00,42.00,35.00,0.7368,1,1
143,1,1054.00,157.00,77.00,65.00,0.9298,1,1
143,3,653.00,209.00,71.00,75.00,0.7197,1,1
143,4,535.00,0.00,60.00,22.00,0.3233,1,1
143,5,728.00,291.00,18.00,24.00,0.6911,1,1
143,7,630.00,46.00,53.00,34.00,0.3642,1,1
143,19,556.00,5.00,41.00,35.00,0.8155,1,1
143,30,653.00,209.00,71.00,74.00,0.2594,1,1
144,1,1054.00,157.00,76.00,65.00,0.9287,1,1
144,3,653.00,209.00,71.00,75.00,0.8341,1,1
144,4,525.00,0.00,61.00,20.00,0.3233,1,1
144,5,728.00,291.00,18.00,25.00,0.8070,1,1
144,7,630.00,46.00,53.00,34.00,0.5976,1,1
144,19,561.00,6.00,39.00,35.00,0.7998,1,1
144,30,653.00,209.00,71.00,74.00,0.2594,1,1
145,1,1054.00,157.00,76.00,65.00,0.9279,1,1
145,3,654.00,209.00,70.00,75.00,0.7922,1,1
145,4,541.00,0.00,62.00,22.00,0.2868,1,1
145,5,728.00,291.00,18.00,23.00,0.7941,1,1
145,7,630.00,46.00,53.00,33.00,0.7275,1,1
145,19,563.00,7.00,41.00,35.00,0.7803,1,1
145,30,654.00,209.00,70.00,75.00,0.2687,1,1
146,1,1054.00,157.00,76.00,65.00,0.9280,1,1
146,3,654.00,209.00,70.00,75.00,0.7910,1,1
146,4,541.00,0.00,62.00,22.00,0.2867,1,1
146,5,728.00,291.00,18.00,23.00,0.7945,1,1
146,7,630.00,46.00,53.00,33.00,0.7316,1,1
146,19,563.00,7.00,41.00,35.00,0.7814,1,1
146,30,654.00,209.00,70.00,75.00,0.2715,1,1
146,31,511.00,461.00,90.00,69.00,0.3876,1,1
147,1,1054.00,157.00,74.00,65.00,0.9273,1,1
147,3,654.00,209.00,71.00,75.00,0.2849,1,1
147,4,537.00,0.00,63.00,22.00,0.2867,1,1
147,5,728.00,291.00,17.00,24.00,0.7362,1,1
147,7,630.00,46.00,53.00,33.00,0.7421,1,1
147,19,568.00,6.00,40.00,36.00,0.7956,1,1
147,25,648.00,180.00,24.00,36.00,0.5279,1,1
147,30,655.00,209.00,69.00,75.00,0.8393,1,1
147,31,511.00,458.00,91.00,70.00,0.4127,1,1
148,1,1053.00,157.00,75.00,65.00,0.9292,1,1
148,3,654.00,209.00,71.00,75.00,0.5936,1,1
148,5,728.00,289.00,18.00,26.00,0.6595,1,1
148,7,631.00,46.00,52.00,34.00,0.7701,1,1
148,19,567.00,6.00,46.00,35.00,0.6542,1,1
148,25,651.00,178.00,25.00,36.00,0.8376,1,1
148,30,655.00,210.00,69.00,74.00,0.8361,1,1
148,31,514.00,456.00,79.00,69.00,0.5284,1,1
149,1,1052.00,156.00,76.00,65.00,0.9306,1,1
149,3,654.00,209.00,71.00,75.00,0.7396,1,1
149,5,728.00,289.00,18.00,26.00,0.6618,1,1
149,7,631.00,46.00,52.00,33.00,0.8129,1,1
149,19,569.00,5.00,47.00,36.00,0.6440,1,1
149,25,654.00,177.00,25.00,35.00,0.8893,1,1
149,28,913.00,15.00,45.00,45.00,0.3147,1,1
149,30,655.00,209.00,69.00,75.00,0.8499,1,1
149,31,513.00,455.00,79.00,68.00,0.5284,1,1
150,1,1051.00,155.00,75.00,66.00,0.9306,1,1
150,3,654.00,209.00,71.00,75.00,0.8355,1,1
150,5,729.00,290.00,19.00,25.00,0.7630,1,1
150,7,630.00,46.00,53.00,33.00,0.8568,1,1
150,19,579.00,7.00,40.00,34.00,0.5306,1,1
150,25,657.00,175.00,26.00,36.00,0.8826,1,1
150,28,916.00,16.00,45.00,44.00,0.3147,1,1
150,30,655.00,209.00,69.00,75.00,0.8473,1,1
150,31,517.00,455.00,85.00,71.00,0.3010,1,1
151,1,1051.00,155.00,74.00,65.00,0.9331,1,1
151,3,655.00,209.00,70.00,75.00,0.8559,1,1
151,5,727.00,292.00,19.00,22.00,0.8045,1,1
151,7,630.00,46.00,52.00,33.00,0.6945,1,1
151,19,583.00,8.00,40.00,34.00,0.5893,1,1
151,25,658.00,175.00,25.00,36.00,0.8545,1,1
151,30,655.00,209.00,69.00,74.00,0.8220,1,1
151,31,518.00,454.00,85.00,71.00,0.3010,1,1
152,1,1051.00,155.00,74.00,65.00,0.9331,1,1
152,3,655.00,209.00,70.00,75.00,0.8555,1,1
152,5,727.00,292.00,19.00,22.00,0.8039,1,1
152,7,629.00,46.00,53.00,33.00,0.6783,1,1
152,19,583.00,8.00,40.00,34.00,0.5900,1,1
152,25,658.00,175.00,25.00,36.00,0.8549,1,1
152,30,655.00,209.00,69.00,74.00,0.8218,1,1
153,1,1051.00,155.00,74.00,65.00,0.9334,1,1
153,3,653.00,209.00,72.00,74.00,0.8499,1,1
153,5,728.00,292.00,17.00,22.00,0.8068,1,1
153,7,630.00,46.00,52.00,33.00,0.6783,1,1
153,19,587.00,8.00,39.00,33.00,0.5876,1,1
153,25,658.00,175.00,26.00,36.00,0.7589,1,1
153,30,654.00,209.00,70.00,73.00,0.6910,1,1
154,1,1049.00,154.00,75.00,65.00,0.9352,1,1
154,3,653.00,209.00,72.00,74.00,0.8239,1,1
154,5,727.00,294.00,19.00,20.00,0.8116,1,1
154,19,590.00,7.00,38.00,34.00,0.6119,1,1
154,25,658.00,175.00,26.00,37.00,0.7072,1,1
154,28,923.00,15.00,44.00,49.00,0.6735,1,1
154,30,653.00,209.00,71.00,73.00,0.6159,1,1
155,1,1048.00,154.00,76.00,65.00,0.9365,1,1
155,3,653.00,209.00,72.00,74.00,0.8239,1,1
155,5,727.00,294.00,19.00,20.00,0.8426,1,1
155,19,592.00,6.00,40.00,34.00,0.6308,1,1
155,25,658.00,176.00,26.00,37.00,0.6715,1,1
155,28,925.00,15.00,42.00,49.00,0.5148,1,1
155,30,653.00,209.00,71.00,73.00,0.8309,1,1
156,1,1047.00,154.00,77.00,65.00,0.9372,1,1
156,5,727.00,293.00,18.00,21.00,0.8391,1,1
156,19,589.00,4.00,44.00,34.00,0.3629,1,1
156,25,661.00,176.00,26.00,37.00,0.6715,1,1
156,28,927.00,16.00,42.00,49.00,0.4256,1,1
156,30,654.00,209.00,70.00,73.00,0.8663,1,1
157,1,1046.00,153.00,78.00,65.00,0.9369,1,1
157,3,653.00,209.00,72.00,74.00,0.8133,1,1
157,5,728.00,292.00,18.00,23.00,0.7689,1,1
157,19,591.00,4.00,45.00,34.00,0.3629,1,1
157,28,929.00,17.00,42.00,49.00,0.4057,1,1
157,30,654.00,209.00,70.00,73.00,0.3214,1,1
158,1,1046.00,153.00,78.00,65.00,0.9368,1,1
158,3,653.00,209.00,72.00,74.00,0.8120,1,1
158,5,728.00,292.00,18.00,23.00,0.7687,1,1
158,28,929.00,17.00,42.00,49.00,0.4078,1,1
158,30,654.00,209.00,70.00,73.00,0.3329,1,1
159,1,1045.00,154.00,78.00,63.00,0.9391,1,1
159,3,653.00,209.00,71.00,74.00,0.8717,1,1
159,5,728.00,290.00,17.00,27.00,0.7571,1,1
159,19,585.00,0.00,54.00,31.00,0.3286,1,1
159,28,930.00,17.00,43.00,50.00,0.4078,1,1
159,30,654.00,209.00,70.00,73.00,0.3329,1,1
160,1,1045.00,153.00,78.00,64.00,0.9401,1,1
160,3,653.00,210.00,71.00,74.00,0.3245,1,1
160,5,728.00,288.00,19.00,26.00,0.7132,1,1
160,19,587.00,0.00,54.00,31.00,0.3286,1,1
160,25,658.00,179.00,24.00,36.00,0.6120,1,1
160,28,930.00,18.00,42.00,49.00,0.4300,1,1
160,30,652.00,210.00,72.00,73.00,0.8183,1,1
161,1,1043.00,153.00,80.00,64.00,0.9400,1,1
161,3,653.00,210.00,70.00,74.00,0.6322,1,1
161,5,726.00,290.00,19.00,25.00,0.7058,1,1
161,7,1009.00,64.00,18.00,27.00,0.3194,1,1
161,19,592.00,0.00,51.00,29.00,0.3729,1,1
161,25,659.00,178.00,25.00,37.00,0.4796,1,1
161,28,932.00,19.00,42.00,50.00,0.4136,1,1
161,30,654.00,210.00,69.00,75.00,0.6053,1,1
162,1,1042.00,152.00,81.00,64.00,0.9399,1,1
162,3,654.00,210.00,69.00,74.00,0.5016,1,1
162,5,726.00,289.00,18.00,25.00,0.7517,1,1
162,7,1037.00,65.00,17.00,26.00,0.3194,1,1
162,19,597.00,0.00,48.00,28.00,0.4228,1,1
162,25,660.00,179.00,28.00,35.00,0.3513,1,1
162,28,933.00,19.00,41.00,51.00,0.4551,1,1
162,30,655.00,210.00,68.00,74.00,0.6450,1,1
163,1,1041.00,152.00,81.00,64.00,0.9382,1,1
163,3,654.00,210.00,69.00,74.00,0.6606,1,1
163,5,726.00,288.00,19.00,25.00,0.7539,1,1
163,19,602.00,0.00,45.00,28.00,0.4485,1,1
163,25,661.00,180.00,28.00,34.00,0.3513,1,1
163,28,934.00,19.00,40.00,51.00,0.2628,1,1
163,30,655.00,210.00,68.00,74.00,0.3473,1,1
164,1,1041.00,152.00,81.00,64.00,0.9384,1,1
164,3,654.00,210.00,69.00,74.00,0.6621,1,1
164,5,726.00,288.00,19.00,25.00,0.7536,1,1
164,19,602.00,0.00,45.00,28.00,0.4476,1,1
164,28,934.00,20.00,40.00,50.00,0.2678,1,1
164,30,655.00,210.00,68.00,74.00,0.3415,1,1
165,1,1041.00,152.00,79.00,63.00,0.9407,1,1
165,3,654.00,209.00,70.00,75.00,0.8026,1,1
165,5,726.00,288.00,18.00,25.00,0.7742,1,1
165,19,606.00,0.00,44.00,28.00,0.5469,1,1
165,28,936.00,20.00,39.00,51.00,0.2678,1,1
165,30,655.00,210.00,68.00,74.00,0.3415,1,1
165,31,511.00,457.00,83.00,74.00,0.3411,1,1
166,1,1041.00,152.00,79.00,63.00,0.9411,1,1
166,3,654.00,208.00,70.00,75.00,0.8883,1,1
166,5,726.00,288.00,19.00,26.00,0.7673,1,1
166,19,608.00,0.00,44.00,27.00,0.3329,1,1
166,28,936.00,21.00,43.00,50.00,0.8077,1,1
166,31,511.00,458.00,84.00,74.00,0.3293,1,1
167,1,1041.00,152.00,79.00,64.00,0.9412,1,1
167,3,655.00,208.00,69.00,75.00,0.9074,1,1
167,5,728.00,285.00,19.00,28.00,0.7912,1,1
167,19,610.00,0.00,46.00,27.00,0.2507,1,1
167,28,936.00,21.00,45.00,52.00,0.8088,1,1
167,31,511.00,458.00,84.00,75.00,0.4455,1,1
168,1,1041.00,152.00,79.00,63.00,0.9416,1,1
168,3,655.00,208.00,69.00,75.00,0.9074,1,1
168,5,728.00,285.00,18.00,29.00,0.8056,1,1
168,19,612.00,0.00,46.00,26.00,0.2507,1,1
168,28,937.00,22.00,45.00,52.00,0.3876,1,1
168,30,655.00,210.00,69.00,73.00,0.8941,1,1
168,31,511.00,458.00,84.00,75.00,0.4455,1,1
168,34,1018.00,239.00,20.00,23.00,0.3905,1,1
169,1,1043.00,152.00,79.00,64.00,0.9408,1,1
169,3,655.00,209.00,69.00,75.00,0.8624,1,1
169,5,727.00,286.00,20.00,27.00,0.7282,1,1
169,19,620.00,0.00,44.00,26.00,0.4321,1,1
169,28,938.00,23.00,46.00,50.00,0.6208,1,1
169,30,655.00,210.00,69.00,73.00,0.8941,1,1
169,34,1018.00,239.00,20.00,22.00,0.3798,1,1
170,1,1043.00,152.00,79.00,64.00,0.9408,1,1
170,3,655.00,209.00,69.00,75.00,0.8619,1,1
170,5,727.00,286.00,20.00,27.00,0.7260,1,1
170,19,619.00,0.00,45.00,26.00,0.4316,1,1
170,28,938.00,23.00,46.00,50.00,0.6255,1,1
170,34,1018.00,239.00,20.00,22.00,0.3780,1,1
171,1,1044.00,152.00,79.00,65.00,0.9416,1,1
171,3,654.00,207.00,70.00,78.00,0.8780,1,1
171,5,726.00,286.00,22.00,27.00,0.5327,1,1
171,19,624.00,0.00,45.00,27.00,0.5317,1,1
171,28,940.00,23.00,46.00,51.00,0.7108,1,1
171,31,508.00,458.00,86.00,76.00,0.4678,1,1
171,34,1018.00,239.00,20.00,22.00,0.3780,1,1
172,1,1047.00,153.00,76.00,65.00,0.9379,1,1
172,3,654.00,208.00,69.00,77.00,0.8944,1,1
172,5,726.00,286.00,23.00,27.00,0.5327,1,1
172,19,630.00,0.00,44.00,28.00,0.5863,1,1
172,25,748.00,324.00,15.00,27.00,0.4437,1,1
172,28,941.00,24.00,46.00,52.00,0.4944,1,1
172,31,508.00,458.00,87.00,76.00,0.5401,1,1
172,34,1019.00,245.00,18.00,20.00,0.2645,1,1
173,1,1049.00,154.00,75.00,65.00,0.9352,1,1
173,3,653.00,208.00,70.00,77.00,0.8328,1,1
173,19,634.00,0.00,46.00,28.00,0.3285,1,1
173,25,747.00,324.00,16.00,26.00,0.4026,1,1
173,28,943.00,24.00,46.00,52.00,0.5934,1,1
173,31,508.00,458.00,87.00,76.00,0.5834,1,1
173,34,1019.00,246.00,18.00,20.00,0.2645,1,1
174,1,1051.00,154.00,75.00,67.00,0.9331,1,1
174,3,653.00,207.00,71.00,79.00,0.6087,1,1
174,5,724.00,284.00,19.00,26.00,0.4070,1,1
174,19,637.00,0.00,50.00,28.00,0.3157,1,1
174,25,747.00,323.00,16.00,27.00,0.4124,1,1
174,28,945.00,25.00,46.00,51.00,0.2879,1,1
174,30,653.00,208.00,71.00,77.00,0.6531,1,1
174,31,508.00,458.00,88.00,76.00,0.5833,1,1
175,1,1054.00,156.00,74.00,67.00,0.9275,1,1
175,3,653.00,207.00,72.00,78.00,0.4622,1,1
175,5,723.00,285.00,20.00,26.00,0.4568,1,1
175,19,648.00,0.00,46.00,29.00,0.6680,1,1
175,25,748.00,325.00,15.00,28.00,0.6501,1,1
175,28,946.00,25.00,46.00,52.00,0.2879,1,1
175,30,653.00,207.00,72.00,78.00,0.7820,1,1
175,31,509.00,458.00,87.00,76.00,0.4096,1,1
176,1,1054.00,156.00,74.00,67.00,0.9274,1,1
176,3,653.00,207.00,72.00,78.00,0.4610,1,1
176,5,723.00,285.00,20.00,25.00,0.4517,1,1
176,19,648.00,0.00,46.00,29.00,0.6684,1,1
176,25,748.00,324.00,15.00,29.00,0.6493,1,1
176,30,653.00,207.00,72.00,78.00,0.7829,1,1
176,31,509.00,459.00,87.00,74.00,0.3864,1,1
177,1,1056.00,158.00,75.00,65.00,0.9264,1,1
177,3,653.00,208.00,75.00,77.00,0.7288,1,1
177,5,723.00,285.00,20.00,25.00,0.4517,1,1
177,19,657.00,0.00,44.00,30.00,0.7972,1,1
177,25,752.00,333.00,15.00,28.00,0.6493,1,1
177,30,653.00,208.00,75.00,77.00,0.6744,1,1
177,31,509.00,458.00,88.00,75.00,0.3148,1,1
178,1,1060.00,158.00,73.00,67.00,0.9311,1,1
178,3,653.00,209.00,76.00,77.00,0.7525,1,1
178,19,660.00,0.00,51.00,31.00,0.6760,1,1
178,30,653.00,209.00,76.00,77.00,0.5955,1,1
178,31,509.00,458.00,88.00,75.00,0.3174,1,1
179,1,1061.00,158.00,73.00,67.00,0.9319,1,1
179,3,653.00,208.00,74.00,77.00,0.3585,1,1
179,19,671.00,0.00,49.00,32.00,0.8110,1,1
179,30,654.00,209.00,73.00,76.00,0.8489,1,1
179,31,509.00,459.00,88.00,74.00,0.2901,1,1
180,1,1062.00,159.00,74.00,67.00,0.9358,1,1
180,3,653.00,208.00,74.00,77.00,0.3585,1,1
180,19,678.00,1.00,52.00,32.00,0.7833,1,1
180,30,653.00,209.00,72.00,76.00,0.9058,1,1
180,31,509.00,459.00,88.00,74.00,0.2901,1,1
181,1,1063.00,159.00,73.00,67.00,0.9349,1,1
181,5,726.00,286.00,22.00,27.00,0.5039,1,1
181,19,683.00,0.00,59.00,33.00,0.7044,1,1
181,30,653.00,210.00,71.00,75.00,0.8953,1,1
182,1,1063.00,159.00,73.00,67.00,0.9348,1,1
182,5,726.00,286.00,22.00,27.00,0.5058,1,1
182,19,683.00,0.00,59.00,33.00,0.7080,1,1
182,30,653.00,210.00,71.00,75.00,0.8956,1,1
183,1,1063.00,159.00,73.00,68.00,0.9374,1,1
183,5,725.00,286.00,21.00,26.00,0.4437,1,1
183,19,699.00,1.00,51.00,33.00,0.6276,1,1
183,30,651.00,211.00,71.00,74.00,0.8499,1,1
184,1,1063.00,159.00,73.00,69.00,0.9366,1,1
184,5,726.00,286.00,19.00,26.00,0.5607,1,1
184,19,704.00,2.00,55.00,32.00,0.6560,1,1
184,30,651.00,211.00,71.00,74.00,0.8140,1,1
184,31,507.00,458.00,89.00,75.00,0.3865,1,1
185,1,1063.00,159.00,73.00,69.00,0.9350,1,1
185,3,650.00,210.00,72.00,75.00,0.3570,1,1
185,5,726.00,286.00,20.00,27.00,0.4476,1,1
185,19,714.00,2.00,54.00,33.00,0.7794,1,1
185,30,651.00,210.00,71.00,75.00,0.7161,1,1
185,31,508.00,458.00,88.00,73.00,0.4098,1,1
186,1,1062.00,159.00,73.00,69.00,0.9352,1,1
186,3,650.00,210.00,72.00,75.00,0.3570,1,1
186,5,725.00,286.00,21.00,27.00,0.6067,1,1
186,19,728.00,3.00,49.00,34.00,0.8078,1,1
186,30,652.00,210.00,70.00,75.00,0.8261,1,1
186,31,509.00,458.00,86.00,73.00,0.5364,1,1
187,1,1062.00,159.00,73.00,68.00,0.9343,1,1
187,5,724.00,286.00,21.00,28.00,0.7222,1,1
187,19,732.00,3.00,51.00,35.00,0.8278,1,1
187,30,652.00,210.00,71.00,75.00,0.8662,1,1
187,31,509.00,457.00,88.00,75.00,0.7609,1,1
188,1,1062.00,159.00,73.00,68.00,0.9342,1,1
188,5,724.00,286.00,21.00,28.00,0.7232,1,1
188,19,732.00,3.00,51.00,35.00,0.8275,1,1
188,30,653.00,210.00,70.00,75.00,0.8652,1,1
188,31,509.00,457.00,88.00,75.00,0.7592,1,1
189,1,1062.00,159.00,72.00,68.00,0.9323,1,1
189,5,725.00,286.00,20.00,28.00,0.6780,1,1
189,19,742.00,4.00,49.00,36.00,0.8317,1,1
189,25,993.00,257.00,28.00,27.00,0.6303,1,1
189,30,652.00,209.00,71.00,76.00,0.8935,1,1
189,31,509.00,458.00,87.00,75.00,0.5880,1,1
189,34,862.00,174.00,29.00,28.00,0.2663,1,1
190,1,1062.00,159.00,72.00,68.00,0.9315,1,1
190,5,725.00,285.00,21.00,29.00,0.4778,1,1
190,19,752.00,9.00,44.00,34.00,0.8172,1,1
190,25,1009.00,255.00,29.00,26.00,0.6303,1,1
190,30,652.00,209.00,71.00,76.00,0.9090,1,1
190,31,506.00,458.00,88.00,76.00,0.4727,1,1
190,34,865.00,175.00,30.00,29.00,0.2694,1,1
191,1,1060.00,159.00,73.00,67.00,0.9286,1,1
191,5,726.00,286.00,22.00,28.00,0.5925,1,1
191,19,758.00,9.00,46.00,37.00,0.7678,1,1
191,30,652.00,209.00,71.00,77.00,0.9001,1,1
191,31,506.00,460.00,85.00,73.00,0.4520,1,1
191,34,859.00,172.00,30.00,30.00,0.2694,1,1
192,1,1059.00,158.00,74.00,68.00,0.9282,1,1
192,5,725.00,286.00,24.00,27.00,0.6336,1,1
192,19,757.00,6.00,53.00,39.00,0.7751,1,1
192,30,652.00,208.00,70.00,79.00,0.8421,1,1
192,31,506.00,460.00,85.00,74.00,0.4520,1,1
193,1,1060.00,158.00,72.00,68.00,0.9273,1,1
193,5,727.00,287.00,20.00,27.00,0.7810,1,1
193,19,772.00,11.00,42.00,36.00,0.8089,1,1
193,28,760.00,4.00,55.00,33.00,0.4822,1,1
193,30,652.00,209.00,70.00,78.00,0.8697,1,1
194,1,1060.00,158.00,72.00,68.00,0.9272,1,1
194,5,727.00,287.00,20.00,27.00,0.7816,1,1
194,19,772.00,11.00,42.00,36.00,0.8089,1,1
194,28,760.00,4.00,55.00,33.00,0.4831,1,1
194,30,652.00,209.00,70.00,78.00,0.8626,1,1
195,1,1057.00,158.00,74.00,68.00,0.9224,1,1
195,5,727.00,286.00,21.00,28.00,0.7551,1,1
195,19,770.00,12.00,48.00,35.00,0.7257,1,1
195,28,753.00,3.00,54.00,32.00,0.4831,1,1
195,30,652.00,208.00,70.00,79.00,0.8457,1,1
196,1,1055.00,158.00,75.00,68.00,0.9251,1,1
196,5,729.00,287.00,19.00,27.00,0.6945,1,1
196,19,776.00,14.00,46.00,35.00,0.7283,1,1
196,30,652.00,208.00,70.00,79.00,0.8473,1,1
197,1,1055.00,158.00,75.00,68.00,0.9213,1,1
197,5,729.00,288.00,19.00,27.00,0.7888,1,1
197,19,782.00,16.00,41.00,34.00,0.6779,1,1
197,28,760.00,0.00,67.00,30.00,0.6058,1,1
197,30,652.00,208.00,70.00,78.00,0.8475,1,1
198,1,1054.00,158.00,74.00,68.00,0.9202,1,1
198,5,729.00,289.00,18.00,26.00,0.7960,1,1
198,19,785.00,18.00,41.00,32.00,0.7293,1,1
198,25,961.00,291.00,30.00,25.00,0.8319,1,1
198,28,763.00,0.00,67.00,30.00,0.6940,1,1
198,30,652.00,208.00,71.00,78.00,0.8800,1,1
199,1,1054.00,158.00,74.00,68.00,0.9213,1,1
199,5,729.00,289.00,17.00,28.00,0.7841,1,1
199,19,787.00,20.00,41.00,30.00,0.6290,1,1
199,25,959.00,293.00,31.00,23.00,0.6568,1,1
199,28,766.00,0.00,65.00,30.00,0.6489,1,1
199,30,652.00,208.00,71.00,77.00,0.8851,1,1
200,1,1054.00,158.00,74.00,68.00,0.9215,1,1
200,5,729.00,289.00,17.00,28.00,0.7851,1,1
200,19,787.00,20.00,41.00,30.00,0.6287,1,1
200,25,959.00,293.00,31.00,23.00,0.6593,1,1
200,28,766.00,0.00,65.00,31.00,0.6453,1,1
200,30,652.00,208.00,71.00,77.00,0.8840,1,1
201,1,1053.00,158.00,75.00,68.00,0.9230,1,1
201,3,994.00,43.00,46.00,51.00,0.5716,1,1
201,5,729.00,288.00,17.00,28.00,0.8166,1,1
201,19,788.00,21.00,41.00,29.00,0.6862,1,1
201,25,962.00,296.00,31.00,22.00,0.6593,1,1
201,28,768.00,0.00,65.00,30.00,0.6414,1,1
201,30,652.00,208.00,71.00,77.00,0.8905,1,1
202,1,1053.00,158.00,75.00,68.00,0.9263,1,1
202,3,998.00,43.00,45.00,50.00,0.8261,1,1
202,5,730.00,289.00,17.00,27.00,0.7445,1,1
202,19,789.00,21.00,41.00,29.00,0.6819,1,1
202,28,769.00,0.00,64.00,30.00,0.5375,1,1
202,30,653.00,208.00,70.00,77.00,0.8881,1,1
203,1,1054.00,158.00,74.00,68.00,0.9283,1,1
203,3,1002.00,43.00,43.00,50.00,0.7670,1,1
203,5,730.00,288.00,17.00,28.00,0.7516,1,1
203,19,790.00,21.00,40.00,28.00,0.6585,1,1
203,28,770.00,0.00,64.00,31.00,0.5281,1,1
203,30,652.00,208.00,71.00,78.00,0.8863,1,1
204,1,1054.00,158.00,74.00,68.00,0.9263,1,1
204,3,1003.00,43.00,43.00,51.00,0.7863,1,1
204,5,731.00,287.00,17.00,28.00,0.6079,1,1
204,19,790.00,21.00,40.00,28.00,0.6749,1,1
204,28,771.00,0.00,63.00,31.00,0.2606,1,1
204,30,652.00,208.00,71.00,78.00,0.8891,1,1
205,1,1055.00,158.00,73.00,68.00,0.9231,1,1
205,3,1005.00,44.00,43.00,50.00,0.7573,1,1
205,5,731.00,287.00,17.00,28.00,0.6079,1,1
205,19,790.00,21.00,40.00,28.00,0.6462,1,1
205,28,770.00,0.00,63.00,30.00,0.2606,1,1
205,30,653.00,208.00,69.00,77.00,0.8671,1,1
206,1,1055.00,158.00,73.00,68.00,0.9228,1,1
206,3,1005.00,44.00,43.00,50.00,0.7523,1,1
206,19,790.00,21.00,40.00,28.00,0.6466,1,1
206,30,653.00,208.00,69.00,77.00,0.8666,1,1
207,1,1055.00,158.00,74.00,68.00,0.9139,1,1
207,3,1007.00,45.00,44.00,49.00,0.7373,1,1
207,19,791.00,21.00,39.00,28.00,0.6086,1,1
207,30,654.00,208.00,69.00,77.00,0.8408,1,1
207,34,889.00,182.00,34.00,34.00,0.2886,1,1
208,1,1057.00,159.00,74.00,67.00,0.9058,1,1
208,3,1010.00,48.00,44.00,47.00,0.8731,1,1
208,19,791.00,20.00,39.00,29.00,0.4795,1,1
208,30,654.00,209.00,69.00,75.00,0.8346,1,1
208,34,889.00,180.00,34.00,34.00,0.5936,1,1
209,1,1059.00,159.00,72.00,67.00,0.9126,1,1
209,3,1014.00,52.00,42.00,44.00,0.8951,1,1
209,19,790.00,20.00,39.00,29.00,0.3647,1,1
209,30,654.00,209.00,70.00,76.00,0.8440,1,1
209,34,889.00,179.00,34.00,35.00,0.6967,1,1
210,1,1061.00,159.00,72.00,67.00,0.9199,1,1
210,3,1014.00,50.00,44.00,47.00,0.8263,1,1
210,19,789.00,19.00,39.00,30.00,0.3442,1,1
210,25,1019.00,166.00,20.00,30.00,0.5483,1,1
210,30,654.00,208.00,70.00,77.00,0.8671,1,1
210,34,889.00,178.00,33.00,36.00,0.7346,1,1
211,1,1063.00,159.00,71.00,67.00,0.9284,1,1
211,3,1015.00,47.00,46.00,50.00,0.8583,1,1
211,5,735.00,291.00,21.00,25.00,0.5761,1,1
211,19,790.00,19.00,39.00,30.00,0.3442,1,1
211,25,1022.00,166.00,21.00,30.00,0.5902,1,1
211,30,653.00,208.00,70.00,78.00,0.8598,1,1
211,34,888.00,178.00,34.00,33.00,0.4137,1,1
212,1,1063.00,159.00,71.00,67.00,0.9284,1,1
212,3,1015.00,47.00,46.00,50.00,0.8585,1,1
212,5,735.00,291.00,21.00,25.00,0.5755,1,1
212,25,1022.00,166.00,21.00,30.00,0.5887,1,1
212,30,653.00,208.00,70.00,78.00,0.8600,1,1
212,34,888.00,178.00,33.00,33.00,0.4194,1,1
213,1,1064.00,158.00,72.00,69.00,0.9315,1,1
213,3,1018.00,52.00,45.00,45.00,0.8439,1,1
213,5,736.00,293.00,20.00,25.00,0.3467,1,1
213,19,785.00,19.00,40.00,30.00,0.3583,1,1
213,25,1026.00,164.00,21.00,33.00,0.7504,1,1
213,28,766.00,0.00,64.00,31.00,0.3349,1,1
213,30,653.00,208.00,69.00,78.00,0.8812,1,1
213,34,887.00,178.00,33.00,32.00,0.4680,1,1
214,1,1067.00,158.00,70.00,68.00,0.9298,1,1
214,3,1021.00,47.00,44.00,50.00,0.7807,1,1
214,5,735.00,292.00,21.00,25.00,0.6301,1,1
214,19,783.00,18.00,39.00,31.00,0.3428,1,1
214,25,1028.00,165.00,23.00,32.00,0.8325,1,1
214,28,763.00,0.00,65.00,31.00,0.2710,1,1
214,30,652.00,208.00,70.00,79.00,0.8769,1,1
214,34,885.00,178.00,32.00,31.00,0.5618,1,1
215,1,1069.00,158.00,70.00,69.00,0.9251,1,1
215,3,1023.00,51.00,45.00,46.00,0.9138,1,1
215,5,734.00,292.00,22.00,26.00,0.6190,1,1
215,19,784.00,17.00,36.00,32.00,0.5332,1,1
215,25,1032.00,166.00,23.00,30.00,0.8498,1,1
215,28,763.00,0.00,64.00,31.00,0.2710,1,1
215,30,652.00,208.00,71.00,79.00,0.8780,1,1
215,34,884.00,178.00,30.00,30.00,0.6935,1,1
216,1,1070.00,158.00,70.00,70.00,0.9251,1,1
216,3,1025.00,51.00,45.00,46.00,0.9085,1,1
216,5,734.00,292.00,22.00,25.00,0.5536,1,1
216,19,779.00,20.00,41.00,29.00,0.3396,1,1
216,25,1035.00,166.00,22.00,31.00,0.8482,1,1
216,30,653.00,208.00,69.00,79.00,0.8145,1,1
216,34,883.00,178.00,31.00,30.00,0.6424,1,1
217,1,1073.00,158.00,69.00,70.00,0.9248,1,1
217,3,1027.00,47.00,44.00,48.00,0.8923,1,1
217,5,735.00,292.00,21.00,25.00,0.5536,1,1
217,19,777.00,16.00,40.00,31.00,0.4319,1,1
217,25,1037.00,165.00,24.00,31.00,0.8416,1,1
217,30,653.00,208.00,70.00,78.00,0.6318,1,1
217,31,653.00,208.00,70.00,79.00,0.3627,1,1
217,34,879.00,178.00,33.00,29.00,0.7519,1,1
218,1,1073.00,158.00,69.00,70.00,0.9253,1,1
218,3,1027.00,47.00,44.00,48.00,0.8922,1,1
218,19,777.00,16.00,40.00,31.00,0.4336,1,1
218,25,1037.00,165.00,24.00,31.00,0.8414,1,1
218,30,653.00,208.00,70.00,78.00,0.6405,1,1
218,31,653.00,208.00,70.00,79.00,0.3402,1,1
218,34,879.00,178.00,33.00,28.00,0.7508,1,1
219,1,1074.00,159.00,70.00,69.00,0.9178,1,1
219,3,1027.00,45.00,46.00,49.00,0.8969,1,1
219,19,774.00,15.00,41.00,31.00,0.5079,1,1
219,25,1042.00,166.00,22.00,31.00,0.9153,1,1
219,30,653.00,209.00,70.00,78.00,0.5870,1,1
219,31,653.00,209.00,70.00,77.00,0.5498,1,1
219,34,878.00,179.00,33.00,27.00,0.7516,1,1
220,1,1074.00,160.00,72.00,69.00,0.9198,1,1
220,3,1029.00,42.00,44.00,53.00,0.8932,1,1
220,5,731.00,292.00,18.00,27.00,0.6187,1,1
220,19,769.00,15.00,44.00,32.00,0.5237,1,1
220,25,1043.00,163.00,23.00,32.00,0.8792,1,1
220,30,652.00,209.00,71.00,78.00,0.3401,1,1
220,31,652.00,209.00,71.00,77.00,0.7064,1,1
220,34,876.00,179.00,33.00,27.00,0.6859,1,1
221,1,1075.00,160.00,74.00,70.00,0.9119,1,1
221,3,1028.00,42.00,47.00,53.00,0.9002,1,1
221,5,731.00,292.00,20.00,26.00,0.6862,1,1
221,19,766.00,14.00,45.00,33.00,0.3922,1,1
221,25,1047.00,166.00,23.00,29.00,0.7694,1,1
221,30,651.00,209.00,71.00,78.00,0.8185,1,1
221,31,656.00,206.00,71.00,77.00,0.7064,1,1
221,34,873.00,176.00,33.00,29.00,0.7723,1,1
222,1,1076.00,160.00,77.00,70.00,0.9117,1,1
222,3,1028.00,44.00,48.00,53.00,0.9025,1,1
222,5,734.00,293.00,22.00,24.00,0.5097,1,1
222,19,764.00,13.00,46.00,33.00,0.3922,1,1
222,25,1050.00,165.00,22.00,29.00,0.6918,1,1
222,30,651.00,209.00,70.00,78.00,0.4260,1,1
222,31,651.00,209.00,71.00,77.00,0.7640,1,1
222,34,872.00,176.00,32.00,27.00,0.7869,1,1
223,1,1077.00,162.00,79.00,68.00,0.8892,1,1
223,3,1030.00,44.00,47.00,53.00,0.9031,1,1
223,5,734.00,293.00,22.00,23.00,0.6253,1,1
223,25,1053.00,167.00,24.00,29.00,0.6601,1,1
223,28,743.00,0.00,64.00,31.00,0.2753,1,1
223,30,651.00,209.00,71.00,78.00,0.8034,1,1
223,31,654.00,207.00,71.00,77.00,0.7640,1,1
223,34,871.00,171.00,29.00,30.00,0.7754,1,1
224,1,1077.00,162.00,79.00,68.00,0.8890,1,1
224,3,1030.00,44.00,47.00,53.00,0.9031,1,1
224,5,734.00,293.00,22.00,23.00,0.6222,1,1
224,25,1053.00,167.00,24.00,29.00,0.6596,1,1
224,28,743.00,0.00,64.00,31.00,0.2734,1,1
224,30,651.00,209.00,71.00,78.00,0.8047,1,1
224,34,871.00,171.00,29.00,30.00,0.7738,1,1
225,1,1078.00,163.00,78.00,68.00,0.9017,1,1
225,3,1030.00,45.00,47.00,52.00,0.9061,1,1
225,5,731.00,293.00,22.00,24.00,0.6356,1,1
225,25,1056.00,169.00,24.00,27.00,0.7274,1,1
225,28,741.00,0.00,64.00,31.00,0.2734,1,1
225,30,652.00,209.00,69.00,78.00,0.4607,1,1
225,31,652.00,209.00,70.00,78.00,0.7726,1,1
225,34,870.00,170.00,29.00,30.00,0.7738,1,1
226,1,1079.00,164.00,79.00,69.00,0.9113,1,1
226,3,1030.00,45.00,48.00,52.00,0.9089,1,1
226,5,731.00,292.00,21.00,24.00,0.6663,1,1
226,25,1057.00,168.00,23.00,28.00,0.7654,1,1
226,30,651.00,209.00,70.00,79.00,0.4132,1,1
226,31,651.00,209.00,70.00,78.00,0.7732,1,1
227,1,1079.00,166.00,79.00,68.00,0.9102,1,1
227,3,1030.00,45.00,49.00,52.00,0.9085,1,1
227,5,731.00,292.00,21.00,24.00,0.6663,1,1
227,25,1057.00,168.00,24.00,28.00,0.7209,1,1
227,30,651.00,209.00,70.00,78.00,0.7232,1,1
227,31,651.00,209.00,69.00,78.00,0.6497,1,1
228,1,1080.00,168.00,78.00,67.00,0.9228,1,1
228,3,1030.00,46.00,49.00,51.00,0.9100,1,1
228,25,1056.00,168.00,26.00,29.00,0.8050,1,1
228,30,652.00,209.00,69.00,78.00,0.7785,1,1
228,31,652.00,210.00,69.00,77.00,0.7711,1,1
229,1,1081.00,170.00,78.00,65.00,0.9235,1,1
229,3,1030.00,44.00,49.00,52.00,0.9097,1,1
229,25,1056.00,169.00,26.00,28.00,0.7855,1,1
229,30,651.00,209.00,70.00,78.00,0.8159,1,1
229,31,652.00,210.00,69.00,77.00,0.7035,1,1
230,1,1081.00,170.00,78.00,65.00,0.9239,1,1
230,3,1030.00,44.00,49.00,52.00,0.9098,1,1
230,25,1056.00,169.00,26.00,28.00,0.7822,1,1
230,30,651.00,210.00,70.00,77.00,0.8123,1,1
230,31,652.00,210.00,69.00,77.00,0.7083,1,1
231,1,1083.00,171.00,76.00,65.00,0.9129,1,1
231,3,1030.00,43.00,49.00,54.00,0.9085,1,1
231,5,733.00,291.00,23.00,22.00,0.4037,1,1
231,25,1056.00,170.00,27.00,28.00,0.7293,1,1
231,30,651.00,210.00,70.00,77.00,0.5809,1,1
231,31,652.00,210.00,69.00,77.00,0.8573,1,1
232,1,1084.00,173.00,76.00,64.00,0.9197,1,1
232,3,1030.00,44.00,49.00,51.00,0.9067,1,1
232,5,733.00,290.00,23.00,23.00,0.4037,1,1
232,25,1056.00,170.00,27.00,28.00,0.7369,1,1
232,28,719.00,0.00,66.00,32.00,0.3080,1,1
232,30,651.00,210.00,70.00,77.00,0.8027,1,1
232,31,651.00,210.00,70.00,77.00,0.8289,1,1
233,1,1085.00,174.00,76.00,65.00,0.9230,1,1
233,3,1030.00,43.00,50.00,51.00,0.9090,1,1
233,25,1055.00,169.00,28.00,29.00,0.7763,1,1
233,28,717.00,0.00,65.00,32.00,0.3080,1,1
233,30,650.00,210.00,71.00,76.00,0.8202,1,1
233,31,651.00,210.00,71.00,77.00,0.8472,1,1
234,1,1085.00,175.00,77.00,65.00,0.9192,1,1
234,3,1029.00,40.00,50.00,54.00,0.9102,1,1
234,25,1055.00,168.00,28.00,30.00,0.7636,1,1
234,30,650.00,210.00,71.00,77.00,0.8405,1,1
234,31,651.00,210.00,71.00,77.00,0.7601,1,1
235,1,1086.00,178.00,77.00,63.00,0.9211,1,1
235,3,1026.00,38.00,52.00,56.00,0.9100,1,1
235,25,1055.00,169.00,27.00,29.00,0.7444,1,1
235,30,651.00,210.00,71.00,77.00,0.8439,1,1
235,31,651.00,210.00,71.00,77.00,0.6944,1,1
236,1,1086.00,178.00,77.00,63.00,0.9197,1,1
236,3,1026.00,38.00,52.00,56.00,0.9100,1,1
236,25,1055.00,169.00,27.00,29.00,0.7505,1,1
236,30,651.00,210.00,71.00,77.00,0.8565,1,1
236,31,651.00,210.00,71.00,77.00,0.6466,1,1
237,1,1086.00,180.00,77.00,64.00,0.9235,1,1
237,3,1026.00,39.00,52.00,53.00,0.9022,1,1
237,25,1054.00,169.00,28.00,29.00,0.7482,1,1
237,30,651.00,210.00,71.00,78.00,0.8258,1,1
237,31,651.00,210.00,71.00,77.00,0.6802,1,1
238,1,1086.00,181.00,77.00,63.00,0.9145,1,1
238,3,1024.00,38.00,53.00,54.00,0.9044,1,1
238,25,1052.00,169.00,28.00,28.00,0.7563,1,1
238,30,651.00,210.00,72.00,77.00,0.6273,1,1
238,31,652.00,210.00,70.00,77.00,0.7957,1,1
238,34,763.00,322.00,22.00,23.00,0.2964,1,1
239,1,1086.00,183.00,77.00,65.00,0.9193,1,1
239,3,1023.00,36.00,52.00,56.00,0.9038,1,1
239,5,964.00,309.00,35.00,23.00,0.3041,1,1
239,25,1052.00,169.00,28.00,28.00,0.7563,1,1
239,30,651.00,210.00,72.00,77.00,0.6095,1,1
239,31,652.00,211.00,70.00,76.00,0.7898,1,1
239,34,757.00,331.00,21.00,23.00,0.2964,1,1
240,1,1085.00,186.00,77.00,64.00,0.9170,1,1
240,3,1025.00,36.00,49.00,55.00,0.9018,1,1
240,5,1036.00,281.00,19.00,26.00,0.5529,1,1
240,30,651.00,211.00,71.00,75.00,0.7458,1,1
240,31,652.00,211.00,70.00,75.00,0.7696,1,1
241,1,1084.00,187.00,78.00,64.00,0.9153,1,1
241,3,1023.00,37.00,49.00,54.00,0.8997,1,1
241,5,1058.00,279.00,19.00,26.00,0.5529,1,1
241,28,698.00,0.00,69.00,34.00,0.3653,1,1
241,30,652.00,211.00,71.00,76.00,0.4929,1,1
241,31,653.00,211.00,70.00,76.00,0.8613,1,1
241,34,961.00,320.00,39.00,22.00,0.7146,1,1
242,1,1084.00,187.00,78.00,64.00,0.9157,1,1
242,3,1023.00,37.00,49.00,54.00,0.8998,1,1
242,5,961.00,319.00,40.00,23.00,0.7149,1,1
242,28,698.00,0.00,69.00,34.00,0.3673,1,1
242,30,652.00,211.00,71.00,77.00,0.5019,1,1
242,31,653.00,211.00,70.00,76.00,0.8603,1,1
242,34,983.00,327.00,41.00,23.00,0.7146,1,1
243,1,1083.00,190.00,78.00,66.00,0.9263,1,1
243,3,1021.00,38.00,49.00,51.00,0.9023,1,1
243,5,963.00,326.00,43.00,23.00,0.3406,1,1
243,28,696.00,0.00,69.00,34.00,0.3673,1,1
243,30,653.00,210.00,71.00,79.00,0.3487,1,1
243,31,652.00,210.00,72.00,79.00,0.8168,1,1
244,1,1082.00,192.00,78.00,69.00,0.9314,1,1
244,3,1020.00,38.00,48.00,51.00,0.9016,1,1
244,5,978.00,329.00,34.00,25.00,0.4183,1,1
244,28,694.00,0.00,69.00,36.00,0.4131,1,1
244,30,653.00,211.00,72.00,78.00,0.3405,1,1
244,31,652.00,211.00,72.00,77.00,0.7994,1,1
244,34,1019.00,282.00,23.00,26.00,0.6764,1,1
245,1,1079.00,194.00,80.00,69.00,0.9337,1,1
245,3,1018.00,39.00,48.00,51.00,0.9081,1,1
245,5,989.00,333.00,38.00,25.00,0.4183,1,1
245,28,691.00,0.00,72.00,36.00,0.5172,1,1
245,30,653.00,212.00,72.00,77.00,0.5308,1,1
245,31,653.00,211.00,72.00,78.00,0.8449,1,1
245,34,1039.00,285.00,25.00,26.00,0.6764,1,1
246,1,1077.00,195.00,80.00,68.00,0.9166,1,1
246,3,1015.00,39.00,48.00,52.00,0.8965,1,1
246,5,963.00,341.00,42.00,24.00,0.3781,1,1
246,28,691.00,0.00,69.00,36.00,0.5042,1,1
246,30,653.00,212.00,75.00,77.00,0.7336,1,1
246,31,654.00,211.00,73.00,78.00,0.7752,1,1
246,34,1001.00,268.00,28.00,22.00,0.7549,1,1
247,1,1075.00,197.00,79.00,66.00,0.9087,1,1
247,3,1012.00,42.00,49.00,51.00,0.8969,1,1
247,5,965.00,348.00,37.00,23.00,0.5512,1,1
247,28,690.00,0.00,69.00,37.00,0.5473,1,1
247,30,655.00,211.00,72.00,78.00,0.2707,1,1
247,31,654.00,211.00,74.00,79.00,0.8938,1,1
247,34,992.00,277.00,28.00,21.00,0.7719,1,1
248,1,1075.00,197.00,79.00,66.00,0.9086,1,1
248,3,1012.00,42.00,49.00,51.00,0.8970,1,1
248,5,965.00,348.00,37.00,23.00,0.5516,1,1
248,28,690.00,0.00,69.00,37.00,0.5459,1,1
248,30,654.00,211.00,74.00,79.00,0.2627,1,1
248,31,654.00,211.00,74.00,79.00,0.8949,1,1
248,34,992.00,277.00,28.00,21.00,0.7717,1,1
249,1,1072.00,199.00,80.00,65.00,0.9213,1,1
249,3,1009.00,42.00,48.00,52.00,0.8957,1,1
249,5,957.00,353.00,40.00,27.00,0.7504,1,1
249,25,711.00,284.00,33.00,22.00,0.6503,1,1
249,28,687.00,0.00,69.00,35.00,0.3652,1,1
249,30,655.00,211.00,73.00,79.00,0.2627,1,1
249,31,654.00,211.00,72.00,79.00,0.9058,1,1
249,34,989.00,280.00,33.00,24.00,0.6916,1,1
250,1,1069.00,200.00,81.00,64.00,0.9198,1,1
250,3,1005.00,43.00,49.00,53.00,0.8967,1,1
250,5,949.00,358.00,42.00,26.00,0.3250,1,1
250,25,688.00,292.00,32.00,21.00,0.6503,1,1
250,28,685.00,0.00,69.00,35.00,0.3652,1,1
250,31,655.00,211.00,71.00,78.00,0.9214,1,1
250,34,991.00,286.00,30.00,24.00,0.4943,1,1
251,1,1066.00,200.00,80.00,67.00,0.9218,1,1
251,3,1003.00,46.00,47.00,53.00,0.8897,1,1
251,5,952.00,362.00,45.00,26.00,0.3250,1,1
251,31,656.00,211.00,72.00,77.00,0.9279,1,1
251,34,987.00,293.00,29.00,23.00,0.5780,1,1
252,1,1064.00,202.00,80.00,67.00,0.9331,1,1
252,3,999.00,47.00,48.00,53.00,0.8933,1,1
252,5,946.00,370.00,41.00,23.00,0.3570,1,1
252,31,655.00,210.00,76.00,78.00,0.8952,1,1
252,34,982.00,298.00,27.00,24.00,0.6327,1,1
253,1,1060.00,202.00,80.00,67.00,0.9319,1,1
253,3,995.00,48.00,49.00,55.00,0.9230,1,1
253,5,947.00,374.00,45.00,23.00,0.3570,1,1
253,31,657.00,210.00,77.00,76.00,0.9021,1,1
253,34,987.00,301.00,29.00,24.00,0.6327,1,1
253,42,713.00,263.00,34.00,32.00,0.4015,1,1
254,1,1060.00,202.00,80.00,67.00,0.9318,1,1
254,3,995.00,48.00,49.00,55.00,0.9233,1,1
254,31,657.00,210.00,77.00,76.00,0.9022,1,1
254,42,713.00,262.00,34.00,33.00,0.3963,1,1
255,1,1055.00,203.00,80.00,67.00,0.9226,1,1
255,3,990.00,51.00,50.00,55.00,0.9142,1,1
255,31,659.00,212.00,79.00,74.00,0.8936,1,1
255,42,713.00,262.00,32.00,33.00,0.3688,1,1
256,1,1053.00,203.00,78.00,67.00,0.9171,1,1
256,3,988.00,51.00,47.00,55.00,0.8936,1,1
256,5,946.00,381.00,32.00,26.00,0.2891,1,1
256,31,661.00,214.00,79.00,71.00,0.7510,1,1
256,42,713.00,262.00,32.00,33.00,0.3688,1,1
257,1,1049.00,204.00,80.00,67.00,0.9208,1,1
257,3,982.00,54.00,50.00,54.00,0.8776,1,1
257,5,945.00,382.00,30.00,27.00,0.4654,1,1
257,30,662.00,215.00,81.00,69.00,0.6323,1,1
257,31,661.00,215.00,82.00,69.00,0.4865,1,1
257,34,977.00,308.00,24.00,25.00,0.3347,1,1
257,42,706.00,267.00,40.00,31.00,0.3283,1,1
258,1,1045.00,205.00,81.00,66.00,0.9242,1,1
258,3,976.00,55.00,50.00,56.00,0.8356,1,1
258,5,945.00,386.00,32.00,27.00,0.4654,1,1
258,30,662.00,215.00,82.00,69.00,0.6323,1,1
258,31,664.00,215.00,79.00,70.00,0.8882,1,1
258,34,971.00,309.00,25.00,26.00,0.4621,1,1
258,42,706.00,269.00,37.00,31.00,0.4093,1,1
259,1,1041.00,206.00,83.00,66.00,0.9189,1,1
259,3,970.00,54.00,51.00,58.00,0.8697,1,1
259,30,665.00,217.00,77.00,65.00,0.9116,1,1
259,31,665.00,216.00,79.00,68.00,0.8882,1,1
259,34,967.00,310.00,27.00,26.00,0.5301,1,1
259,42,701.00,271.00,41.00,28.00,0.6320,1,1
260,1,1041.00,206.00,84.00,66.00,0.9190,1,1
260,3,970.00,54.00,51.00,58.00,0.8814,1,1
260,30,665.00,217.00,77.00,65.00,0.9116,1,1
260,34,967.00,310.00,27.00,26.00,0.5350,1,1
260,42,702.00,271.00,39.00,28.00,0.6326,1,1
261,1,1037.00,208.00,87.00,64.00,0.8986,1,1
261,3,963.00,55.00,52.00,58.00,0.8978,1,1
261,5,937.00,385.00,31.00,25.00,0.3914,1,1
261,30,666.00,218.00,77.00,64.00,0.9116,1,1
261,31,667.00,216.00,79.00,67.00,0.9055,1,1
261,34,968.00,312.00,27.00,26.00,0.5350,1,1
261,42,700.00,272.00,41.00,28.00,0.8183,1,1
261,43,744.00,210.00,21.00,38.00,0.2956,1,1
262,1,1034.00,209.00,88.00,63.00,0.8799,1,1
262,3,960.00,59.00,49.00,55.00,0.8769,1,1
262,5,935.00,388.00,32.00,24.00,0.4592,1,1
262,30,668.00,217.00,77.00,66.00,0.4953,1,1
262,31,668.00,217.00,78.00,67.00,0.8760,1,1
262,34,959.00,310.00,27.00,26.00,0.3603,1,1
262,42,702.00,271.00,40.00,31.00,0.8190,1,1
262,43,744.00,211.00,20.00,38.00,0.2956,1,1
263,1,1032.00,210.00,88.00,62.00,0.8549,1,1
263,3,952.00,60.00,50.00,54.00,0.8133,1,1
263,5,935.00,387.00,30.00,24.00,0.4577,1,1
263,28,698.00,0.00,69.00,33.00,0.3265,1,1
263,30,671.00,217.00,78.00,65.00,0.7353,1,1
263,31,671.00,217.00,79.00,66.00,0.8424,1,1
263,34,959.00,310.00,25.00,26.00,0.3926,1,1
263,42,703.00,270.00,39.00,31.00,0.8223,1,1
263,43,745.00,210.00,21.00,41.00,0.4202,1,1
264,1,1028.00,210.00,86.00,62.00,0.9076,1,1
264,3,947.00,59.00,49.00,55.00,0.7375,1,1
264,5,931.00,387.00,33.00,25.00,0.3290,1,1
264,28,701.00,0.00,69.00,32.00,0.3103,1,1
264,30,672.00,217.00,81.00,63.00,0.8994,1,1
264,31,672.00,217.00,80.00,66.00,0.8424,1,1
264,34,955.00,311.00,24.00,26.00,0.4215,1,1
264,42,704.00,269.00,40.00,31.00,0.8536,1,1
264,43,745.00,210.00,21.00,42.00,0.4202,1,1
265,1,1026.00,209.00,83.00,63.00,0.8983,1,1
265,3,940.00,60.00,50.00,54.00,0.8420,1,1
265,5,930.00,389.00,34.00,25.00,0.3290,1,1
265,28,702.00,0.00,68.00,32.00,0.3103,1,1
265,30,673.00,218.00,80.00,64.00,0.6343,1,1
265,31,673.00,218.00,81.00,64.00,0.8222,1,1
265,34,955.00,310.00,25.00,27.00,0.2829,1,1
265,42,707.00,269.00,38.00,31.00,0.8560,1,1
266,1,1026.00,209.00,83.00,63.00,0.8983,1,1
266,3,940.00,60.00,50.00,54.00,0.8417,1,1
266,30,673.00,218.00,80.00,64.00,0.6396,1,1
266,31,673.00,218.00,81.00,64.00,0.8209,1,1
266,34,955.00,310.00,25.00,27.00,0.2794,1,1
266,42,707.00,269.00,38.00,31.00,0.8562,1,1
267,1,1023.00,208.00,86.00,64.00,0.8889,1,1
267,3,936.00,60.00,50.00,54.00,0.6638,1,1
267,5,928.00,388.00,32.00,26.00,0.4273,1,1
267,30,675.00,217.00,78.00,64.00,0.6469,1,1
267,31,674.00,217.00,80.00,64.00,0.7442,1,1
267,34,955.00,311.00,25.00,27.00,0.2794,1,1
267,42,708.00,269.00,38.00,31.00,0.8356,1,1
268,1,1022.00,208.00,86.00,63.00,0.8837,1,1
268,3,931.00,58.00,52.00,56.00,0.7921,1,1
268,5,927.00,387.00,33.00,26.00,0.4904,1,1
268,30,676.00,217.00,78.00,62.00,0.7955,1,1
268,31,676.00,217.00,79.00,62.00,0.6343,1,1
268,42,709.00,268.00,38.00,32.00,0.8747,1,1
269,1,1022.00,206.00,85.00,64.00,0.8467,1,1
269,3,928.00,56.00,49.00,58.00,0.6271,1,1
269,5,927.00,387.00,33.00,26.00,0.3122,1,1
269,28,721.00,0.00,69.00,33.00,0.5543,1,1
269,30,677.00,217.00,78.00,61.00,0.8253,1,1
269,31,676.00,217.00,81.00,62.00,0.4450,1,1
269,34,952.00,310.00,25.00,26.00,0.3328,1,1
269,42,710.00,268.00,37.00,32.00,0.8108,1,1
270,1,1022.00,205.00,85.00,64.00,0.8291,1,1
270,3,923.00,57.00,52.00,58.00,0.3527,1,1
270,5,927.00,387.00,33.00,26.00,0.3028,1,1
270,28,726.00,0.00,68.00,32.00,0.4103,1,1
270,30,678.00,217.00,79.00,60.00,0.4061,1,1
270,31,677.00,217.00,80.00,60.00,0.6553,1,1
270,34,950.00,310.00,27.00,26.00,0.4857,1,1
270,42,711.00,267.00,36.00,33.00,0.7918,1,1
271,1,1022.00,203.00,85.00,63.00,0.8619,1,1
271,3,919.00,57.00,52.00,58.00,0.3527,1,1
271,5,927.00,387.00,33.00,26.00,0.3599,1,1
271,28,728.00,0.00,68.00,32.00,0.4103,1,1
271,30,679.00,216.00,78.00,62.00,0.4671,1,1
271,31,678.00,216.00,80.00,62.00,0.5962,1,1
271,34,951.00,310.00,26.00,26.00,0.6519,1,1
271,42,711.00,267.00,36.00,33.00,0.7786,1,1
272,1,1022.00,203.00,84.00,63.00,0.8600,1,1
272,5,927.00,387.00,33.00,26.00,0.3590,1,1
272,25,745.00,20.00,47.00,32.00,0.3966,1,1
272,30,679.00,216.00,78.00,62.00,0.4761,1,1
272,31,678.00,216.00,80.00,62.00,0.5976,1,1
272,34,951.00,310.00,26.00,26.00,0.6518,1,1
272,42,711.00,267.00,36.00,33.00,0.7803,1,1
273,1,1022.00,202.00,83.00,62.00,0.8739,1,1
273,5,926.00,388.00,33.00,26.00,0.2777,1,1
273,25,747.00,7.00,48.00,32.00,0.3966,1,1
273,28,735.00,0.00,69.00,33.00,0.3216,1,1
273,30,678.00,216.00,81.00,62.00,0.7285,1,1
273,31,679.00,216.00,80.00,61.00,0.5976,1,1
273,34,951.00,309.00,27.00,27.00,0.7110,1,1
273,42,712.00,267.00,36.00,33.00,0.6980,1,1
273,43,747.00,22.00,48.00,31.00,0.3952,1,1
274,1,1023.00,201.00,83.00,61.00,0.8764,1,1
274,5,925.00,388.00,34.00,27.00,0.2777,1,1
274,28,740.00,0.00,67.00,34.00,0.5190,1,1
274,30,679.00,216.00,81.00,62.00,0.8310,1,1
274,34,954.00,308.00,25.00,27.00,0.8036,1,1
274,42,713.00,267.00,36.00,33.00,0.7124,1,1
274,43,751.00,22.00,47.00,31.00,0.6773,1,1
275,1,1022.00,199.00,84.00,62.00,0.8894,1,1
275,5,926.00,387.00,34.00,27.00,0.3540,1,1
275,28,742.00,0.00,70.00,35.00,0.6209,1,1
275,30,679.00,216.00,81.00,62.00,0.7683,1,1
275,34,954.00,306.00,27.00,28.00,0.8165,1,1
275,42,714.00,267.00,36.00,33.00,0.7742,1,1
275,43,759.00,22.00,44.00,32.00,0.6555,1,1
276,1,1024.00,198.00,83.00,63.00,0.8853,1,1
276,5,926.00,389.00,34.00,26.00,0.2672,1,1
276,28,746.00,0.00,69.00,36.00,0.2604,1,1
276,30,679.00,216.00,82.00,62.00,0.8899,1,1
276,34,952.00,306.00,26.00,29.00,0.8189,1,1
276,42,714.00,267.00,35.00,33.00,0.7957,1,1
276,43,761.00,22.00,45.00,32.00,0.5084,1,1
277,1,1023.00,198.00,84.00,62.00,0.8971,1,1
277,5,925.00,389.00,34.00,27.00,0.2672,1,1
277,28,749.00,0.00,69.00,36.00,0.2604,1,1
277,30,680.00,216.00,81.00,63.00,0.7663,1,1
277,34,951.00,306.00,26.00,28.00,0.8407,1,1
277,42,716.00,267.00,33.00,33.00,0.6050,1,1
277,43,766.00,26.00,41.00,29.00,0.4709,1,1
278,1,1023.00,198.00,84.00,62.00,0.8977,1,1
278,30,679.00,216.00,82.00,63.00,0.7695,1,1
278,34,951.00,306.00,26.00,28.00,0.8407,1,1
278,42,716.00,267.00,33.00,33.00,0.5973,1,1
278,43,766.00,26.00,41.00,29.00,0.4768,1,1
279,1,1022.00,197.00,85.00,63.00,0.9083,1,1
279,28,750.00,0.00,70.00,37.00,0.4028,1,1
279,30,680.00,216.00,81.00,63.00,0.8026,1,1
279,34,951.00,305.00,28.00,27.00,0.8603,1,1
279,42,715.00,268.00,34.00,31.00,0.5970,1,1
279,43,767.00,27.00,43.00,29.00,0.5701,1,1
280,1,1022.00,196.00,84.00,63.00,0.9140,1,1
280,28,751.00,0.00,71.00,36.00,0.5504,1,1
280,30,680.00,216.00,81.00,62.00,0.8806,1,1
280,34,951.00,303.00,29.00,28.00,0.8604,1,1
280,42,716.00,268.00,33.00,31.00,0.6017,1,1
280,43,767.00,28.00,46.00,27.00,0.6310,1,1
281,1,1021.00,195.00,85.00,64.00,0.9164,1,1
281,28,752.00,0.00,73.00,37.00,0.4674,1,1
281,30,680.00,216.00,80.00,62.00,0.9003,1,1
281,34,951.00,302.00,31.00,27.00,0.8637,1,1
281,42,716.00,268.00,33.00,31.00,0.5705,1,1
281,43,768.00,27.00,46.00,28.00,0.6348,1,1
282,1,1022.00,194.00,85.00,64.00,0.9254,1,1
282,3,900.00,61.00,49.00,47.00,0.3572,1,1
282,28,755.00,0.00,71.00,36.00,0.5703,1,1
282,30,680.00,216.00,80.00,63.00,0.8931,1,1
282,34,953.00,299.00,29.00,27.00,0.8425,1,1
282,42,715.00,269.00,35.00,30.00,0.5266,1,1
282,43,770.00,26.00,47.00,29.00,0.5623,1,1
283,1,1022.00,193.00,85.00,65.00,0.9339,1,1
283,3,900.00,62.00,49.00,46.00,0.5146,1,1
283,5,927.00,377.00,42.00,32.00,0.3444,1,1
283,28,757.00,0.00,71.00,36.00,0.5089,1,1
283,30,680.00,216.00,80.00,64.00,0.8934,1,1
283,31,991.00,163.00,17.00,33.00,0.2671,1,1
283,34,953.00,296.00,32.00,28.00,0.8092,1,1
283,42,715.00,269.00,35.00,30.00,0.6421,1,1
283,43,771.00,26.00,46.00,29.00,0.4786,1,1
284,1,1022.00,193.00,85.00,65.00,0.9337,1,1
284,3,900.00,62.00,48.00,46.00,0.5100,1,1
284,5,927.00,377.00,42.00,32.00,0.3127,1,1
284,28,757.00,0.00,71.00,36.00,0.5094,1,1
284,30,680.00,216.00,80.00,64.00,0.8940,1,1
284,31,991.00,164.00,17.00,31.00,0.2587,1,1
284,34,953.00,296.00,33.00,28.00,0.8086,1,1
284,42,715.00,269.00,35.00,30.00,0.6412,1,1
284,43,771.00,26.00,46.00,29.00,0.4792,1,1
285,1,1024.00,192.00,83.00,65.00,0.9339,1,1
285,3,901.00,65.00,48.00,43.00,0.6708,1,1
285,5,923.00,373.00,46.00,36.00,0.6760,1,1
285,25,991.00,163.00,17.00,34.00,0.3773,1,1
285,28,759.00,0.00,69.00,36.00,0.6455,1,1
285,30,680.00,216.00,80.00,64.00,0.8433,1,1
285,31,1011.00,161.00,15.00,30.00,0.2587,1,1
285,34,953.00,295.00,33.00,28.00,0.8086,1,1
285,42,716.00,269.00,34.00,30.00,0.6798,1,1
285,43,773.00,27.00,45.00,28.00,0.5030,1,1
286,1,1026.00,190.00,81.00,66.00,0.9274,1,1
286,3,902.00,68.00,47.00,41.00,0.6283,1,1
286,5,920.00,365.00,50.00,38.00,0.5256,1,1
286,25,991.00,162.00,18.00,36.00,0.3195,1,1
286,28,760.00,0.00,69.00,37.00,0.6822,1,1
286,30,681.00,216.00,79.00,63.00,0.8364,1,1
286,34,960.00,285.00,26.00,26.00,0.7129,1,1
286,42,716.00,268.00,34.00,31.00,0.7475,1,1
286,43,774.00,26.00,46.00,28.00,0.5735,1,1
287,1,1030.00,188.00,78.00,67.00,0.9302,1,1
287,3,901.00,69.00,46.00,39.00,0.6283,1,1
287,5,922.00,359.00,51.00,37.00,0.6651,1,1
287,25,1005.00,173.00,16.00,35.00,0.3195,1,1
287,28,760.00,0.00,69.00,37.00,0.6196,1,1
287,30,682.00,216.00,77.00,63.00,0.8060,1,1
287,34,969.00,279.00,37.00,23.00,0.5176,1,1
287,42,716.00,269.00,35.00,29.00,0.7475,1,1
287,43,774.00,25.00,46.00,28.00,0.5033,1,1
288,1,1033.00,186.00,77.00,68.00,0.9280,1,1
288,3,903.00,61.00,48.00,48.00,0.2530,1,1
288,5,933.00,351.00,43.00,29.00,0.8601,1,1
288,28,759.00,0.00,70.00,37.00,0.6198,1,1
288,30,682.00,216.00,78.00,63.00,0.8795,1,1
288,34,972.00,273.00,35.00,23.00,0.8401,1,1
288,42,716.00,269.00,35.00,29.00,0.7209,1,1
288,43,773.00,25.00,47.00,28.00,0.3298,1,1
289,1,1036.00,185.00,76.00,68.00,0.9250,1,1
289,3,902.00,61.00,49.00,48.00,0.2530,1,1
289,5,935.00,334.00,40.00,28.00,0.8347,1,1
289,28,756.00,0.00,73.00,36.00,0.5161,1,1
289,30,682.00,216.00,79.00,63.00,0.8526,1,1
289,34,982.00,267.00,33.00,21.00,0.8076,1,1
289,42,718.00,269.00,33.00,29.00,0.5641,1,1
289,43,773.00,25.00,45.00,28.00,0.3237,1,1
290,1,1036.00,185.00,76.00,68.00,0.9249,1,1
290,5,935.00,334.00,40.00,28.00,0.8346,1,1
290,28,756.00,0.00,73.00,35.00,0.5290,1,1
290,30,682.00,216.00,79.00,63.00,0.8516,1,1
290,34,982.00,267.00,33.00,21.00,0.8074,1,1
290,42,718.00,269.00,33.00,29.00,0.5610,1,1
290,43,773.00,25.00,45.00,28.00,0.3271,1,1
291,1,1039.00,183.00,76.00,68.00,0.9219,1,1
291,3,906.00,53.00,52.00,57.00,0.7584,1,1
291,5,936.00,329.00,44.00,24.00,0.7899,1,1
291,25,991.00,169.00,17.00,30.00,0.3046,1,1
291,28,755.00,0.00,72.00,35.00,0.7220,1,1
291,30,683.00,216.00,77.00,62.00,0.8945,1,1
291,34,989.00,263.00,34.00,21.00,0.8545,1,1
291,42,717.00,269.00,34.00,29.00,0.4617,1,1
291,43,771.00,25.00,47.00,28.00,0.5237,1,1
292,1,1042.00,182.00,75.00,67.00,0.9292,1,1
292,3,907.00,59.00,55.00,52.00,0.4796,1,1
292,5,953.00,319.00,43.00,25.00,0.8111,1,1
292,25,999.00,177.00,17.00,30.00,0.3046,1,1
292,28,753.00,0.00,72.00,35.00,0.6702,1,1
292,30,683.00,215.00,78.00,63.00,0.8966,1,1
292,34,992.00,260.00,35.00,21.00,0.8545,1,1
292,42,717.00,268.00,35.00,29.00,0.5774,1,1
292,43,771.00,24.00,46.00,29.00,0.6516,1,1
293,1,1045.00,181.00,75.00,63.00,0.9159,1,1
293,3,912.00,55.00,55.00,55.00,0.4978,1,1
293,5,960.00,304.00,34.00,27.00,0.7994,1,1
293,25,813.00,208.00,18.00,32.00,0.3366,1,1
293,28,751.00,0.00,71.00,34.00,0.5264,1,1
293,30,683.00,214.00,79.00,63.00,0.8745,1,1
293,31,995.00,168.00,17.00,32.00,0.7638,1,1
293,42,717.00,268.00,35.00,28.00,0.5964,1,1
293,43,770.00,24.00,43.00,29.00,0.6342,1,1
294,1,1047.00,180.00,75.00,62.00,0.9040,1,1
294,3,916.00,56.00,53.00,55.00,0.8561,1,1
294,5,967.00,296.00,43.00,29.00,0.8273,1,1
294,25,810.00,208.00,21.00,31.00,0.4982,1,1
294,28,751.00,0.00,71.00,34.00,0.5264,1,1
294,30,683.00,215.00,78.00,60.00,0.9082,1,1
294,31,995.00,168.00,20.00,30.00,0.5171,1,1
294,42,717.00,268.00,35.00,28.00,0.5964,1,1
294,43,768.00,23.00,41.00,30.00,0.4382,1,1
295,1,1051.00,178.00,71.00,62.00,0.9016,1,1
295,3,923.00,55.00,52.00,57.00,0.8918,1,1
295,5,970.00,289.00,44.00,29.00,0.8273,1,1
295,25,807.00,207.00,23.00,32.00,0.6143,1,1
295,28,744.00,0.00,70.00,33.00,0.5056,1,1
295,30,683.00,213.00,79.00,63.00,0.9062,1,1
295,31,1000.00,170.00,20.00,32.00,0.7935,1,1
295,34,973.00,293.00,40.00,26.00,0.5752,1,1
295,42,722.00,263.00,33.00,31.00,0.4966,1,1
295,43,761.00,21.00,45.00,30.00,0.4238,1,1
296,1,1051.00,178.00,71.00,62.00,0.9022,1,1
296,3,923.00,55.00,52.00,57.00,0.8920,1,1
296,25,807.00,207.00,23.00,32.00,0.6165,1,1
296,28,744.00,0.00,70.00,32.00,0.5072,1,1
296,30,683.00,213.00,79.00,63.00,0.9067,1,1
296,31,1000.00,170.00,20.00,32.00,0.7925,1,1
296,34,973.00,293.00,40.00,26.00,0.5568,1,1
296,42,722.00,263.00,33.00,31.00,0.4961,1,1
296,43,761.00,21.00,45.00,30.00,0.4240,1,1
297,1,1054.00,177.00,72.00,63.00,0.8938,1,1
297,3,929.00,56.00,50.00,58.00,0.8770,1,1
297,25,805.00,207.00,25.00,33.00,0.3851,1,1
297,28,739.00,0.00,69.00,31.00,0.7191,1,1
297,30,683.00,211.00,77.00,64.00,0.9290,1,1
297,31,1005.00,172.00,20.00,33.00,0.7197,1,1
297,34,973.00,295.00,42.00,25.00,0.5568,1,1
297,42,723.00,263.00,32.00,30.00,0.4961,1,1
297,43,753.00,20.00,47.00,31.00,0.5742,1,1
298,1,1056.00,177.00,77.00,62.00,0.9097,1,1
298,3,933.00,57.00,51.00,58.00,0.8940,1,1
298,25,798.00,214.00,25.00,33.00,0.3851,1,1
298,28,732.00,0.00,71.00,30.00,0.2752,1,1
298,30,684.00,210.00,76.00,65.00,0.8936,1,1
298,31,1010.00,178.00,20.00,31.00,0.6967,1,1
298,42,714.00,265.00,37.00,27.00,0.3005,1,1
298,43,747.00,20.00,47.00,30.00,0.5663,1,1
299,1,1059.00,176.00,76.00,64.00,0.9204,1,1
299,3,939.00,59.00,50.00,58.00,0.8970,1,1
299,28,727.00,0.00,69.00,29.00,0.3222,1,1
299,30,684.00,209.00,74.00,67.00,0.8596,1,1
299,31,1015.00,180.00,21.00,31.00,0.8102,1,1
299,42,714.00,264.00,37.00,28.00,0.3005,1,1
299,43,744.00,20.00,46.00,30.00,0.3351,1,1
299,46,795.00,390.00,23.00,24.00,0.8610,1,1
300,1,1062.00,175.00,75.00,65.00,0.9212,1,1
300,3,943.00,62.00,53.00,58.00,0.8982,1,1
300,28,723.00,0.00,67.00,30.00,0.2570,1,1
300,30,684.00,205.00,73.00,71.00,0.8942,1,1
300,31,1019.00,184.00,20.00,30.00,0.7682,1,1
300,34,1002.00,301.00,28.00,24.00,0.8674,1,1
300,43,741.00,20.00,47.00,30.00,0.3351,1,1
300,46,798.00,394.00,23.00,24.00,0.7405,1,1
301,1,1065.00,174.00,73.00,64.00,0.9325,1,1
301,3,950.00,64.00,50.00,60.00,0.8997,1,1
301,5,820.00,401.00,31.00,28.00,0.6151,1,1
301,28,721.00,0.00,66.00,30.00,0.2570,1,1
301,30,683.00,202.00,73.00,74.00,0.9220,1,1
301,31,1019.00,189.00,21.00,28.00,0.3825,1,1
301,34,1007.00,306.00,27.00,19.00,0.8719,1,1
301,43,726.00,19.00,51.00,30.00,0.2678,1,1
301,46,800.00,397.00,24.00,25.00,0.7405,1,1
302,1,1065.00,174.00,73.00,64.00,0.9325,1,1
302,3,950.00,64.00,50.00,60.00,0.8997,1,1
302,5,820.00,401.00,31.00,28.00,0.6150,1,1
302,30,683.00,202.00,73.00,74.00,0.9220,1,1
302,31,1019.00,189.00,21.00,28.00,0.4094,1,1
302,34,1007.00,306.00,27.00,19.00,0.8717,1,1
302,43,726.00,19.00,51.00,30.00,0.2671,1,1
303,1,1070.00,173.00,71.00,64.00,0.9441,1,1
303,3,955.00,68.00,51.00,58.00,0.8988,1,1
303,5,811.00,408.00,31.00,28.00,0.6150,1,1
303,30,683.00,202.00,74.00,73.00,0.9269,1,1
303,31,1019.00,192.00,22.00,26.00,0.4016,1,1
303,34,1009.00,308.00,28.00,18.00,0.8717,1,1
303,43,722.00,18.00,52.00,31.00,0.2671,1,1
304,1,1071.00,172.00,72.00,65.00,0.9398,1,1
304,3,962.00,71.00,50.00,60.00,0.8830,1,1
304,30,683.00,201.00,72.00,74.00,0.9318,1,1
304,31,1023.00,194.00,21.00,25.00,0.4016,1,1
305,1,1073.00,170.00,73.00,67.00,0.9370,1,1
305,3,966.00,75.00,52.00,59.00,0.8747,1,1
305,28,697.00,0.00,64.00,28.00,0.4409,1,1
305,30,680.00,200.00,74.00,73.00,0.9320,1,1
306,1,1075.00,169.00,72.00,68.00,0.9408,1,1
306,3,974.00,78.00,49.00,60.00,0.8474,1,1
306,28,692.00,0.00,63.00,28.00,0.3159,1,1
306,30,678.00,199.00,74.00,73.00,0.9229,1,1
307,1,1076.00,168.00,74.00,69.00,0.9413,1,1
307,3,979.00,80.00,50.00,61.00,0.8371,1,1
307,28,688.00,0.00,62.00,28.00,0.3159,1,1
307,30,675.00,198.00,75.00,73.00,0.9288,1,1
308,1,1076.00,168.00,74.00,69.00,0.9417,1,1
308,3,979.00,80.00,50.00,61.00,0.8371,1,1
308,30,675.00,198.00,75.00,73.00,0.9290,1,1
309,1,1078.00,168.00,72.00,69.00,0.9374,1,1
309,3,986.00,82.00,49.00,60.00,0.7040,1,1
309,28,680.00,0.00,60.00,26.00,0.2727,1,1
309,30,674.00,199.00,74.00,71.00,0.9237,1,1
310,1,1078.00,167.00,72.00,69.00,0.9353,1,1
310,3,988.00,84.00,53.00,60.00,0.8621,1,1
310,28,676.00,0.00,60.00,26.00,0.2727,1,1
310,30,671.00,199.00,76.00,68.00,0.9140,1,1
311,1,1078.00,167.00,73.00,69.00,0.9360,1,1
311,3,993.00,85.00,53.00,60.00,0.8830,1,1
311,30,667.00,200.00,79.00,65.00,0.8732,1,1
312,1,1078.00,167.00,72.00,69.00,0.9343,1,1
312,3,999.00,84.00,51.00,61.00,0.8606,1,1
312,30,665.00,200.00,77.00,65.00,0.7921,1,1
313,1,1078.00,168.00,72.00,68.00,0.9382,1,1
313,3,1006.00,86.00,49.00,60.00,0.5716,1,1
313,30,663.00,200.00,74.00,67.00,0.8753,1,1
314,1,1078.00,168.00,72.00,68.00,0.9384,1,1
314,3,1006.00,86.00,49.00,60.00,0.5650,1,1
314,30,663.00,200.00,74.00,67.00,0.8731,1,1
315,1,1077.00,167.00,73.00,69.00,0.9389,1,1
315,3,1008.00,86.00,51.00,62.00,0.7687,1,1
315,30,660.00,200.00,76.00,61.00,0.8709,1,1
316,1,1077.00,168.00,72.00,68.00,0.9398,1,1
316,3,1012.00,86.00,48.00,62.00,0.4659,1,1
316,30,654.00,200.00,77.00,64.00,0.8685,1,1
317,1,1076.00,168.00,72.00,68.00,0.9410,1,1
317,3,1015.00,87.00,49.00,62.00,0.4659,1,1
317,30,651.00,199.00,76.00,65.00,0.9124,1,1
317,42,655.00,240.00,38.00,36.00,0.8625,1,1
318,1,1076.00,168.00,70.00,67.00,0.9400,1,1
318,3,1014.00,91.00,50.00,62.00,0.6537,1,1
318,30,648.00,199.00,75.00,62.00,0.9095,1,1
318,42,652.00,241.00,39.00,35.00,0.8396,1,1
319,1,1076.00,168.00,70.00,67.00,0.9395,1,1
319,3,1015.00,94.00,48.00,59.00,0.6924,1,1
319,30,646.00,199.00,75.00,59.00,0.9124,1,1
319,42,649.00,239.00,39.00,38.00,0.8428,1,1
320,1,1076.00,168.00,70.00,67.00,0.9395,1,1
320,3,1015.00,94.00,48.00,59.00,0.6883,1,1
320,30,646.00,199.00,75.00,59.00,0.9125,1,1
320,42,649.00,239.00,39.00,38.00,0.8435,1,1
321,1,1075.00,168.00,71.00,66.00,0.9368,1,1
321,3,1015.00,96.00,49.00,60.00,0.6659,1,1
321,30,642.00,199.00,75.00,61.00,0.9068,1,1
321,42,646.00,240.00,39.00,37.00,0.8422,1,1
322,1,1072.00,169.00,73.00,64.00,0.9340,1,1
322,3,1013.00,97.00,51.00,62.00,0.7584,1,1
322,30,637.00,199.00,77.00,60.00,0.9139,1,1
322,42,643.00,243.00,40.00,35.00,0.8165,1,1
323,1,1070.00,169.00,73.00,63.00,0.9323,1,1
323,3,1011.00,97.00,50.00,63.00,0.8261,1,1
323,25,791.00,384.00,21.00,30.00,0.3192,1,1
323,30,635.00,200.00,77.00,59.00,0.9168,1,1
323,42,640.00,245.00,42.00,34.00,0.8447,1,1
324,1,1070.00,170.00,73.00,62.00,0.9320,1,1
324,3,1011.00,99.00,49.00,63.00,0.8725,1,1
324,25,791.00,384.00,23.00,29.00,0.3908,1,1
324,30,632.00,199.00,77.00,59.00,0.9178,1,1
324,42,638.00,245.00,43.00,34.00,0.8756,1,1
325,1,1070.00,170.00,73.00,63.00,0.9367,1,1
325,3,1008.00,101.00,52.00,63.00,0.9011,1,1
325,25,791.00,390.00,23.00,29.00,0.3908,1,1
325,30,627.00,199.00,79.00,60.00,0.9082,1,1
325,42,632.00,244.00,41.00,34.00,0.9104,1,1
326,1,1070.00,170.00,73.00,63.00,0.9366,1,1
326,3,1008.00,101.00,52.00,63.00,0.9023,1,1
326,30,627.00,199.00,79.00,60.00,0.9084,1,1
326,42,632.00,244.00,41.00,34.00,0.9105,1,1
327,1,1069.00,169.00,71.00,63.00,0.9385,1,1
327,3,1006.00,103.00,52.00,64.00,0.9140,1,1
327,30,625.00,199.00,79.00,62.00,0.9039,1,1
327,42,631.00,244.00,37.00,34.00,0.8802,1,1
328,1,1069.00,169.00,70.00,64.00,0.9412,1,1
328,3,1004.00,105.00,52.00,64.00,0.9097,1,1
328,30,621.00,199.00,80.00,60.00,0.9087,1,1
328,42,630.00,246.00,37.00,32.00,0.8195,1,1
329,1,1068.00,169.00,69.00,64.00,0.9347,1,1
329,3,1003.00,107.00,50.00,64.00,0.8913,1,1
329,30,621.00,200.00,78.00,56.00,0.9083,1,1
329,42,630.00,246.00,34.00,32.00,0.8870,1,1
330,1,1067.00,169.00,69.00,65.00,0.9372,1,1
330,3,1003.00,109.00,49.00,64.00,0.8918,1,1
330,30,620.00,200.00,77.00,56.00,0.9125,1,1
330,42,629.00,247.00,38.00,32.00,0.8750,1,1
331,1,1065.00,170.00,70.00,63.00,0.9337,1,1
331,3,1002.00,109.00,49.00,63.00,0.9034,1,1
331,30,620.00,200.00,76.00,56.00,0.9050,1,1
331,34,999.00,194.00,23.00,33.00,0.4419,1,1
331,42,629.00,246.00,36.00,32.00,0.8916,1,1
332,1,1065.00,170.00,70.00,63.00,0.9336,1,1
332,3,1002.00,109.00,49.00,63.00,0.9034,1,1
332,30,620.00,200.00,76.00,56.00,0.9046,1,1
332,34,999.00,194.00,23.00,33.00,0.4445,1,1
332,42,629.00,246.00,36.00,32.00,0.8912,1,1
333,1,1061.00,170.00,74.00,64.00,0.9153,1,1
333,3,1000.00,108.00,49.00,64.00,0.9009,1,1
333,30,619.00,200.00,77.00,55.00,0.9036,1,1
333,34,998.00,191.00,23.00,33.00,0.4445,1,1
333,42,629.00,247.00,38.00,32.00,0.8871,1,1
334,1,1059.00,169.00,75.00,65.00,0.9116,1,1
334,3,999.00,109.00,49.00,62.00,0.9064,1,1
334,30,619.00,200.00,76.00,55.00,0.9102,1,1
334,42,629.00,248.00,40.00,31.00,0.8700,1,1
335,1,1058.00,170.00,76.00,64.00,0.9318,1,1
335,3,1000.00,106.00,46.00,62.00,0.8893,1,1
335,30,617.00,200.00,78.00,55.00,0.9053,1,1
335,42,629.00,248.00,36.00,31.00,0.7994,1,1
336,1,1056.00,170.00,79.00,64.00,0.9346,1,1
336,3,996.00,106.00,49.00,61.00,0.9187,1,1
336,30,617.00,201.00,78.00,55.00,0.8905,1,1
336,42,628.00,248.00,34.00,31.00,0.7692,1,1
337,1,1055.00,170.00,78.00,64.00,0.9391,1,1
337,3,994.00,105.00,50.00,61.00,0.8745,1,1
337,30,617.00,201.00,77.00,55.00,0.8824,1,1
337,34,984.00,212.00,25.00,34.00,0.5533,1,1
337,42,628.00,247.00,32.00,32.00,0.7639,1,1
338,1,1055.00,170.00,78.00,64.00,0.9392,1,1
338,3,994.00,105.00,50.00,61.00,0.8746,1,1
338,30,617.00,201.00,77.00,55.00,0.8829,1,1
338,34,984.00,212.00,25.00,34.00,0.5569,1,1
338,42,628.00,247.00,32.00,32.00,0.7599,1,1
339,1,1053.00,170.00,80.00,65.00,0.9365,1,1
339,3,992.00,103.00,52.00,63.00,0.9310,1,1
339,25,993.00,287.00,26.00,21.00,0.4680,1,1
339,30,616.00,201.00,78.00,55.00,0.8695,1,1
339,34,985.00,214.00,23.00,33.00,0.5690,1,1
339,42,628.00,248.00,34.00,32.00,0.7453,1,1
340,1,1052.00,170.00,81.00,64.00,0.9376,1,1
340,3,990.00,103.00,53.00,60.00,0.9268,1,1
340,25,989.00,287.00,26.00,19.00,0.7631,1,1
340,30,615.00,201.00,79.00,55.00,0.8564,1,1
340,34,983.00,213.00,22.00,31.00,0.7272,1,1
340,42,627.00,248.00,36.00,32.00,0.6366,1,1
341,1,1052.00,170.00,80.00,64.00,0.9315,1,1
341,3,989.00,101.00,52.00,61.00,0.9257,1,1
341,25,988.00,286.00,25.00,19.00,0.8438,1,1
341,30,616.00,201.00,79.00,56.00,0.8554,1,1
341,34,978.00,214.00,22.00,30.00,0.3874,1,1
341,42,628.00,250.00,47.00,30.00,0.4281,1,1
342,1,1050.00,170.00,81.00,63.00,0.9246,1,1
342,3,988.00,100.00,52.00,60.00,0.9211,1,1
342,25,986.00,282.00,25.00,21.00,0.8360,1,1
342,30,616.00,202.00,79.00,55.00,0.8199,1,1
342,34,972.00,210.00,23.00,32.00,0.3678,1,1
342,42,628.00,251.00,47.00,29.00,0.4244,1,1
343,1,1048.00,169.00,81.00,64.00,0.9238,1,1
343,3,987.00,97.00,51.00,62.00,0.9195,1,1
343,25,983.00,280.00,26.00,22.00,0.6278,1,1
343,30,616.00,201.00,79.00,56.00,0.8132,1,1
343,34,967.00,208.00,21.00,31.00,0.3063,1,1
343,42,630.00,252.00,46.00,28.00,0.3777,1,1
344,1,1048.00,169.00,81.00,64.00,0.9233,1,1
344,3,987.00,97.00,51.00,62.00,0.9193,1,1
344,25,983.00,280.00,26.00,22.00,0.6324,1,1
344,30,616.00,201.00,79.00,56.00,0.8167,1,1
344,34,967.00,208.00,21.00,31.00,0.3036,1,1
344,42,630.00,252.00,46.00,28.00,0.3831,1,1
345,1,1046.00,169.00,83.00,63.00,0.9226,1,1
345,3,986.00,96.00,51.00,60.00,0.9136,1,1
345,25,981.00,276.00,25.00,24.00,0.8202,1,1
345,30,617.00,202.00,78.00,58.00,0.5814,1,1
345,34,964.00,208.00,21.00,31.00,0.3036,1,1
345,42,632.00,253.00,45.00,28.00,0.2730,1,1
346,1,1044.00,168.00,82.00,63.00,0.9200,1,1
346,3,985.00,95.00,49.00,59.00,0.9010,1,1
346,25,977.00,276.00,27.00,22.00,0.8333,1,1
346,30,616.00,202.00,78.00,57.00,0.8145,1,1
346,42,632.00,253.00,46.00,28.00,0.2730,1,1
347,1,1044.00,167.00,76.00,63.00,0.9371,1,1
347,3,983.00,91.00,50.00,59.00,0.8986,1,1
347,25,974.00,275.00,28.00,21.00,0.7659,1,1
347,30,616.00,202.00,78.00,57.00,0.8597,1,1
347,42,628.00,254.00,47.00,27.00,0.3142,1,1
348,1,1042.00,168.00,74.00,60.00,0.9356,1,1
348,3,982.00,87.00,50.00,60.00,0.9016,1,1
348,25,972.00,273.00,26.00,22.00,0.5799,1,1
348,30,616.00,202.00,77.00,57.00,0.8600,1,1
348,42,628.00,254.00,45.00,28.00,0.3914,1,1
349,1,1040.00,167.00,74.00,60.00,0.9295,1,1
349,3,979.00,84.00,50.00,60.00,0.9128,1,1
349,25,970.00,271.00,28.00,22.00,0.5376,1,1
349,30,616.00,203.00,77.00,56.00,0.8387,1,1
349,42,628.00,254.00,46.00,28.00,0.4651,1,1
350,1,1040.00,167.00,74.00,60.00,0.9294,1,1
350,3,979.00,84.00,50.00,60.00,0.9127,1,1
350,25,970.00,271.00,28.00,22.00,0.5367,1,1
350,30,616.00,203.00,77.00,56.00,0.8435,1,1
350,42,628.00,254.00,45.00,28.00,0.4943,1,1
351,1,1038.00,167.00,73.00,59.00,0.9278,1,1
351,3,975.00,80.00,50.00,60.00,0.9194,1,1
351,25,967.00,270.00,29.00,22.00,0.4815,1,1
351,30,616.00,203.00,77.00,57.00,0.8703,1,1
351,42,627.00,254.00,44.00,28.00,0.5070,1,1
352,1,1036.00,165.00,72.00,60.00,0.9242,1,1
352,3,971.00,77.00,51.00,59.00,0.8880,1,1
352,25,965.00,265.00,30.00,26.00,0.6102,1,1
352,30,616.00,203.00,77.00,57.00,0.8734,1,1
352,34,988.00,214.00,18.00,30.00,0.3445,1,1
352,42,627.00,254.00,43.00,28.00,0.4446,1,1
353,1,1034.00,164.00,72.00,61.00,0.9223,1,1
353,3,965.00,74.00,54.00,59.00,0.8668,1,1
353,25,966.00,263.00,30.00,26.00,0.6102,1,1
353,30,616.00,203.00,77.00,57.00,0.8559,1,1
353,34,987.00,216.00,17.00,30.00,0.4084,1,1
353,42,626.00,252.00,43.00,29.00,0.2993,1,1
354,1,1032.00,164.00,73.00,60.00,0.9230,1,1
354,3,962.00,66.00,53.00,64.00,0.5365,1,1
354,30,615.00,204.00,78.00,57.00,0.8809,1,1
354,34,987.00,214.00,18.00,30.00,0.7051,1,1
354,42,626.00,252.00,40.00,30.00,0.3927,1,1
355,1,1031.00,164.00,73.00,60.00,0.9262,1,1
355,3,956.00,62.00,55.00,65.00,0.7950,1,1
355,25,959.00,261.00,32.00,25.00,0.2766,1,1
355,30,616.00,204.00,77.00,58.00,0.8460,1,1
355,34,986.00,214.00,17.00,27.00,0.3370,1,1
355,42,625.00,252.00,36.00,30.00,0.2698,1,1
356,1,1031.00,164.00,73.00,60.00,0.9262,1,1
356,3,956.00,62.00,55.00,65.00,0.7918,1,1
356,25,959.00,261.00,31.00,25.00,0.2679,1,1
356,30,616.00,204.00,77.00,58.00,0.8455,1,1
356,34,987.00,214.00,16.00,27.00,0.3333,1,1
356,42,625.00,252.00,36.00,30.00,0.2549,1,1
357,1,1030.00,164.00,72.00,60.00,0.9241,1,1
357,3,953.00,58.00,53.00,64.00,0.7305,1,1
357,25,959.00,260.00,32.00,24.00,0.2679,1,1
357,30,615.00,204.00,79.00,62.00,0.7744,1,1
357,34,985.00,212.00,17.00,27.00,0.6070,1,1
357,42,625.00,252.00,36.00,30.00,0.2549,1,1
358,1,1028.00,163.00,72.00,60.00,0.9244,1,1
358,3,948.00,56.00,54.00,64.00,0.8443,1,1
358,25,955.00,257.00,32.00,25.00,0.2807,1,1
358,30,614.00,204.00,78.00,59.00,0.8133,1,1
358,34,985.00,212.00,17.00,27.00,0.7895,1,1
359,1,1028.00,162.00,70.00,61.00,0.9214,1,1
359,3,946.00,56.00,53.00,61.00,0.7901,1,1
359,25,954.00,255.00,33.00,25.00,0.2807,1,1
359,30,614.00,204.00,78.00,59.00,0.7675,1,1
359,34,985.00,211.00,16.00,26.00,0.7194,1,1
360,1,1027.00,162.00,70.00,60.00,0.9218,1,1
360,3,942.00,54.00,54.00,60.00,0.8100,1,1
360,30,616.00,204.00,76.00,58.00,0.8423,1,1
360,34,985.00,206.00,16.00,29.00,0.7755,1,1
360,42,625.00,254.00,39.00,29.00,0.3555,1,1
361,1,1027.00,163.00,67.00,59.00,0.9222,1,1
361,3,940.00,54.00,54.00,57.00,0.8179,1,1
361,30,615.00,204.00,77.00,58.00,0.7341,1,1
361,34,985.00,205.00,16.00,29.00,0.8030,1,1
361,42,625.00,254.00,39.00,29.00,0.3555,1,1
361,48,709.00,0.00,53.00,29.00,0.5276,1,1
362,1,1027.00,163.00,67.00,59.00,0.9222,1,1
362,3,940.00,54.00,54.00,57.00,0.8121,1,1
362,30,615.00,204.00,77.00,58.00,0.7325,1,1
362,34,985.00,205.00,16.00,29.00,0.8016,1,1
362,48,709.00,0.00,53.00,29.00,0.5230,1,1
363,1,1026.00,162.00,67.00,59.00,0.9245,1,1
363,3,935.00,51.00,54.00,59.00,0.7702,1,1
363,30,614.00,206.00,79.00,57.00,0.7617,1,1
363,34,984.00,202.00,16.00,30.00,0.6547,1,1
363,48,709.00,0.00,54.00,29.00,0.3473,1,1
364,1,1024.00,162.00,67.00,59.00,0.9254,1,1
364,3,931.00,48.00,55.00,61.00,0.8875,1,1
364,30,614.00,206.00,79.00,57.00,0.7577,1,1
364,34,984.00,195.00,17.00,31.00,0.6161,1,1
364,48,705.00,1.00,57.00,27.00,0.2551,1,1
365,1,1023.00,162.00,66.00,58.00,0.9237,1,1
365,3,928.00,47.00,50.00,58.00,0.8370,1,1
365,30,614.00,206.00,79.00,58.00,0.7813,1,1
365,34,984.00,194.00,17.00,31.00,0.8441,1,1
365,48,704.00,1.00,57.00,26.00,0.2551,1,1
366,1,1022.00,162.00,65.00,57.00,0.9256,1,1
366,3,925.00,46.00,51.00,56.00,0.7641,1,1
366,30,614.00,206.00,78.00,56.00,0.8433,1,1
366,34,984.00,194.00,18.00,31.00,0.8655,1,1
367,1,1021.00,162.00,64.00,56.00,0.9214,1,1
367,3,921.00,45.00,51.00,53.00,0.8280,1,1
367,30,613.00,206.00,80.00,56.00,0.8479,1,1
367,34,983.00,194.00,17.00,29.00,0.8714,1,1
368,1,1021.00,162.00,64.00,56.00,0.9215,1,1
368,3,921.00,45.00,51.00,53.00,0.8274,1,1
368,30,613.00,206.00,80.00,57.00,0.8471,1,1
368,34,983.00,194.00,17.00,29.00,0.8715,1,1
369,1,1020.00,162.00,63.00,57.00,0.9105,1,1
369,3,920.00,43.00,50.00,52.00,0.8734,1,1
369,30,613.00,207.00,79.00,56.00,0.8551,1,1
369,34,982.00,192.00,17.00,28.00,0.8322,1,1
369,42,627.00,255.00,40.00,30.00,0.3034,1,1
370,1,1017.00,162.00,65.00,55.00,0.9078,1,1
370,3,918.00,40.00,50.00,55.00,0.8769,1,1
370,30,612.00,206.00,80.00,57.00,0.8505,1,1
370,34,981.00,188.00,19.00,31.00,0.7951,1,1
370,42,627.00,255.00,40.00,31.00,0.3034,1,1
371,1,1017.00,162.00,65.00,55.00,0.9105,1,1
371,3,917.00,41.00,48.00,52.00,0.8788,1,1
371,30,613.00,205.00,79.00,58.00,0.8141,1,1
371,34,981.00,184.00,18.00,32.00,0.8354,1,1
372,1,1017.00,161.00,65.00,56.00,0.9124,1,1
372,3,915.00,37.00,48.00,55.00,0.8710,1,1
372,25,940.00,233.00,31.00,27.00,0.4366,1,1
372,30,615.00,206.00,77.00,57.00,0.8471,1,1
372,34,979.00,181.00,20.00,34.00,0.8650,1,1
373,1,1018.00,161.00,65.00,55.00,0.9162,1,1
373,3,913.00,34.00,47.00,56.00,0.8002,1,1
373,25,939.00,232.00,31.00,26.00,0.4366,1,1
373,30,614.00,206.00,78.00,58.00,0.8346,1,1
373,34,978.00,178.00,20.00,35.00,0.8826,1,1
373,42,626.00,256.00,46.00,30.00,0.5423,1,1
374,1,1018.00,161.00,65.00,55.00,0.9162,1,1
374,3,913.00,34.00,47.00,56.00,0.7974,1,1
374,30,614.00,206.00,78.00,58.00,0.8360,1,1
374,34,978.00,178.00,20.00,35.00,0.8827,1,1
374,42,626.00,256.00,46.00,30.00,0.5324,1,1
375,1,1019.00,161.00,65.00,55.00,0.9201,1,1
375,3,911.00,30.00,47.00,58.00,0.7822,1,1
375,25,933.00,244.00,31.00,26.00,0.5473,1,1
375,30,615.00,206.00,76.00,59.00,0.7763,1,1
375,34,978.00,175.00,20.00,37.00,0.8701,1,1
375,42,626.00,256.00,48.00,30.00,0.5847,1,1
376,1,1020.00,161.00,65.00,55.00,0.9245,1,1
376,3,909.00,27.00,44.00,56.00,0.8432,1,1
376,25,923.00,249.00,33.00,26.00,0.7032,1,1
376,30,615.00,206.00,76.00,58.00,0.8042,1,1
376,34,977.00,172.00,20.00,39.00,0.8764,1,1
376,42,627.00,258.00,46.00,28.00,0.5692,1,1
377,1,1021.00,160.00,65.00,56.00,0.9259,1,1
377,3,907.00,25.00,44.00,56.00,0.8432,1,1
377,25,916.00,261.00,39.00,27.00,0.5451,1,1
377,30,615.00,206.00,76.00,58.00,0.7621,1,1
377,34,976.00,168.00,20.00,40.00,0.8540,1,1
377,42,628.00,258.00,47.00,28.00,0.4978,1,1
378,1,1021.00,160.00,66.00,56.00,0.9273,1,1
378,25,908.00,274.00,38.00,25.00,0.3338,1,1
378,30,615.00,206.00,76.00,58.00,0.8472,1,1
378,34,975.00,167.00,21.00,38.00,0.8409,1,1
378,42,628.00,258.00,47.00,28.00,0.4470,1,1
379,1,1021.00,160.00,67.00,56.00,0.9314,1,1
379,25,904.00,278.00,38.00,24.00,0.3338,1,1
379,30,615.00,206.00,76.00,59.00,0.7391,1,1
379,34,975.00,166.00,21.00,38.00,0.8409,1,1
379,42,628.00,258.00,48.00,27.00,0.5072,1,1
380,1,1021.00,160.00,67.00,56.00,0.9314,1,1
380,30,614.00,206.00,77.00,59.00,0.7398,1,1
380,34,975.00,166.00,21.00,38.00,0.8410,1,1
380,42,628.00,258.00,47.00,27.00,0.5124,1,1
381,1,1021.00,160.00,67.00,57.00,0.9319,1,1
381,3,905.00,18.00,45.00,55.00,0.7208,1,1
381,30,612.00,206.00,78.00,59.00,0.6289,1,1
381,34,974.00,163.00,22.00,39.00,0.7862,1,1
381,42,629.00,258.00,47.00,27.00,0.5217,1,1
382,1,1021.00,160.00,67.00,57.00,0.9328,1,1
382,3,905.00,16.00,44.00,55.00,0.3198,1,1
382,30,611.00,206.00,79.00,58.00,0.6702,1,1
382,34,974.00,160.00,19.00,39.00,0.7561,1,1
382,42,628.00,257.00,44.00,27.00,0.5386,1,1
383,1,1021.00,160.00,67.00,57.00,0.9320,1,1
383,3,905.00,14.00,44.00,55.00,0.7355,1,1
383,30,612.00,206.00,78.00,57.00,0.6326,1,1
383,34,974.00,159.00,18.00,38.00,0.7679,1,1
383,42,628.00,257.00,43.00,28.00,0.7086,1,1
384,1,1022.00,160.00,67.00,57.00,0.9307,1,1
384,3,905.00,11.00,44.00,57.00,0.6487,1,1
384,30,613.00,206.00,76.00,57.00,0.6129,1,1
384,34,974.00,158.00,18.00,37.00,0.7677,1,1
384,42,628.00,258.00,47.00,28.00,0.4432,1,1
385,1,1021.00,160.00,69.00,57.00,0.9330,1,1
385,3,904.00,9.00,44.00,57.00,0.6487,1,1
385,30,616.00,206.00,73.00,57.00,0.4772,1,1
385,34,973.00,157.00,19.00,36.00,0.7708,1,1
385,42,628.00,257.00,49.00,29.00,0.4930,1,1
386,1,1021.00,160.00,69.00,57.00,0.9330,1,1
386,30,616.00,206.00,73.00,58.00,0.4696,1,1
386,34,973.00,157.00,19.00,36.00,0.7708,1,1
386,42,628.00,257.00,49.00,29.00,0.4838,1,1
387,1,1022.00,160.00,69.00,57.00,0.9348,1,1
387,3,906.00,6.00,43.00,56.00,0.2543,1,1
387,25,926.00,291.00,32.00,21.00,0.4272,1,1
387,30,615.00,206.00,73.00,58.00,0.4521,1,1
387,34,973.00,155.00,19.00,37.00,0.7601,1,1
387,42,628.00,257.00,48.00,29.00,0.3145,1,1
388,1,1023.00,160.00,70.00,58.00,0.9357,1,1
388,3,905.00,4.00,43.00,56.00,0.2543,1,1
388,25,932.00,290.00,30.00,21.00,0.4657,1,1
388,30,614.00,205.00,76.00,59.00,0.4090,1,1
388,34,971.00,150.00,19.00,38.00,0.7320,1,1
388,42,627.00,257.00,48.00,29.00,0.3013,1,1
388,48,585.00,0.00,58.00,23.00,0.3087,1,1
389,1,1023.00,160.00,70.00,59.00,0.9337,1,1
389,25,936.00,292.00,34.00,20.00,0.7429,1,1
389,30,614.00,205.00,74.00,59.00,0.5009,1,1
389,34,972.00,149.00,16.00,36.00,0.5469,1,1
389,42,627.00,258.00,48.00,28.00,0.3013,1,1
389,48,576.00,0.00,60.00,23.00,0.6493,1,1
390,1,1024.00,160.00,69.00,60.00,0.9333,1,1
390,25,941.00,292.00,35.00,20.00,0.8662,1,1
390,30,614.00,206.00,75.00,58.00,0.4199,1,1
390,34,972.00,147.00,16.00,36.00,0.5469,1,1
390,48,571.00,0.00,61.00,25.00,0.5059,1,1
390,49,614.00,205.00,75.00,59.00,0.4369,1,1
391,1,1023.00,160.00,70.00,60.00,0.9334,1,1
391,25,944.00,293.00,34.00,19.00,0.6344,1,1
391,30,614.00,205.00,76.00,59.00,0.3070,1,1
391,48,565.00,0.00,62.00,28.00,0.6173,1,1
391,49,614.00,205.00,76.00,58.00,0.5713,1,1
392,1,1023.00,160.00,70.00,60.00,0.9335,1,1
392,25,944.00,293.00,34.00,19.00,0.6340,1,1
392,30,614.00,205.00,76.00,59.00,0.3106,1,1
392,48,565.00,0.00,62.00,29.00,0.6178,1,1
392,49,614.00,205.00,76.00,58.00,0.5724,1,1
393,1,1024.00,160.00,69.00,61.00,0.9328,1,1
393,25,945.00,294.00,35.00,19.00,0.3269,1,1
393,30,614.00,205.00,77.00,59.00,0.6389,1,1
393,48,563.00,0.00,59.00,28.00,0.5952,1,1
393,49,614.00,205.00,77.00,58.00,0.5724,1,1
394,1,1023.00,161.00,70.00,60.00,0.9348,1,1
394,25,945.00,294.00,35.00,19.00,0.3564,1,1
394,30,614.00,205.00,77.00,59.00,0.4781,1,1
394,34,968.00,142.00,16.00,31.00,0.5921,1,1
394,48,559.00,0.00,59.00,29.00,0.7960,1,1
394,49,615.00,205.00,76.00,59.00,0.3149,1,1
395,1,1023.00,161.00,71.00,60.00,0.9352,1,1
395,3,910.00,3.00,43.00,51.00,0.3294,1,1
395,25,943.00,292.00,32.00,20.00,0.8577,1,1
395,30,614.00,205.00,77.00,59.00,0.4781,1,1
395,34,967.00,142.00,16.00,30.00,0.7768,1,1
395,48,559.00,0.00,57.00,29.00,0.6290,1,1
395,49,615.00,205.00,76.00,59.00,0.6218,1,1
396,1,1023.00,161.00,71.00,60.00,0.9345,1,1
396,3,910.00,2.00,43.00,51.00,0.3294,1,1
396,25,940.00,292.00,35.00,20.00,0.8687,1,1
396,30,615.00,205.00,76.00,59.00,0.6906,1,1
396,34,968.00,139.00,15.00,29.00,0.5141,1,1
396,48,557.00,0.00,58.00,29.00,0.6726,1,1
396,49,615.00,205.00,76.00,59.00,0.6218,1,1
397,1,1023.00,161.00,72.00,60.00,0.9354,1,1
397,25,940.00,291.00,33.00,20.00,0.7766,1,1
397,30,615.00,206.00,77.00,58.00,0.7405,1,1
397,34,966.00,135.00,15.00,31.00,0.4353,1,1
397,48,555.00,0.00,56.00,28.00,0.7449,1,1
398,1,1023.00,161.00,72.00,60.00,0.9357,1,1
398,25,940.00,291.00,33.00,21.00,0.7767,1,1
398,30,615.00,206.00,77.00,58.00,0.7416,1,1
398,34,966.00,135.00,15.00,31.00,0.4437,1,1
398,48,555.00,0.00,56.00,28.00,0.7434,1,1
399,1,1023.00,161.00,72.00,60.00,0.9361,1,1
399,3,914.00,1.00,42.00,49.00,0.4318,1,1
399,25,935.00,291.00,32.00,20.00,0.4346,1,1
399,30,617.00,206.00,76.00,58.00,0.7673,1,1
399,34,965.00,133.00,15.00,31.00,0.4437,1,1
399,42,665.00,144.00,21.00,40.00,0.5906,1,1
399,48,553.00,0.00,58.00,28.00,0.6883,1,1
400,1,1024.00,161.00,71.00,60.00,0.9324,1,1
400,3,916.00,1.00,43.00,49.00,0.3713,1,1
400,25,935.00,291.00,32.00,21.00,0.4346,1,1
400,30,618.00,206.00,75.00,59.00,0.5338,1,1
400,42,667.00,149.00,21.00,41.00,0.6859,1,1
400,48,554.00,0.00,54.00,30.00,0.7259,1,1
401,1,1025.00,161.00,69.00,60.00,0.9335,1,1
401,3,918.00,1.00,43.00,49.00,0.5311,1,1
401,25,924.00,287.00,30.00,21.00,0.6143,1,1
401,30,618.00,206.00,75.00,59.00,0.7675,1,1
401,42,668.00,152.00,21.00,42.00,0.7933,1,1
401,48,553.00,0.00,55.00,29.00,0.6527,1,1
402,1,1026.00,161.00,68.00,60.00,0.9334,1,1
402,3,920.00,1.00,43.00,50.00,0.5717,1,1
402,25,922.00,287.00,28.00,20.00,0.6390,1,1
402,30,619.00,206.00,75.00,58.00,0.7797,1,1
402,42,670.00,158.00,21.00,38.00,0.8652,1,1
402,48,551.00,0.00,54.00,29.00,0.6527,1,1
403,1,1026.00,161.00,67.00,60.00,0.9322,1,1
403,3,924.00,2.00,43.00,49.00,0.5857,1,1
403,25,921.00,287.00,27.00,19.00,0.6390,1,1
403,30,620.00,205.00,76.00,60.00,0.7671,1,1
403,34,670.00,161.00,22.00,37.00,0.8844,1,1
403,42,671.00,157.00,22.00,38.00,0.8652,1,1
404,1,1026.00,161.00,67.00,60.00,0.9322,1,1
404,3,924.00,2.00,43.00,49.00,0.5978,1,1
404,30,620.00,205.00,76.00,60.00,0.7665,1,1
404,34,670.00,161.00,22.00,37.00,0.8835,1,1
405,1,1026.00,161.00,67.00,60.00,0.9313,1,1
405,3,925.00,1.00,43.00,50.00,0.5978,1,1
405,25,912.00,285.00,34.00,19.00,0.6791,1,1
405,30,620.00,205.00,77.00,61.00,0.7869,1,1
405,34,669.00,162.00,21.00,37.00,0.8755,1,1
406,1,1025.00,161.00,67.00,59.00,0.9302,1,1
406,25,911.00,284.00,31.00,20.00,0.8520,1,1
406,30,622.00,205.00,78.00,62.00,0.6766,1,1
406,34,667.00,162.00,20.00,37.00,0.8680,1,1
406,48,551.00,0.00,51.00,27.00,0.3234,1,1
407,1,1025.00,160.00,67.00,60.00,0.9305,1,1
407,3,934.00,4.00,45.00,50.00,0.7705,1,1
407,25,908.00,284.00,31.00,21.00,0.7730,1,1
407,30,626.00,204.00,75.00,60.00,0.8011,1,1
407,34,662.00,160.00,22.00,40.00,0.6722,1,1
407,48,550.00,0.00,48.00,26.00,0.6233,1,1
407,49,980.00,124.00,18.00,30.00,0.4745,1,1
408,1,1025.00,160.00,66.00,59.00,0.9304,1,1
408,3,939.00,4.00,48.00,49.00,0.3901,1,1
408,25,908.00,283.00,30.00,21.00,0.5262,1,1
408,30,627.00,204.00,76.00,58.00,0.5555,1,1
408,34,655.00,156.00,21.00,43.00,0.8650,1,1
408,48,550.00,0.00,51.00,24.00,0.3311,1,1
408,49,1005.00,119.00,16.00,27.00,0.4745,1,1
409,1,1024.00,160.00,67.00,60.00,0.9322,1,1
409,3,942.00,5.00,49.00,51.00,0.8923,1,1
409,25,904.00,281.00,32.00,23.00,0.7550,1,1
409,30,629.00,205.00,77.00,58.00,0.6541,1,1
409,34,649.00,150.00,23.00,44.00,0.7949,1,1
409,42,628.00,205.00,78.00,58.00,0.3675,1,1
409,48,550.00,0.00,48.00,22.00,0.2893,1,1
410,1,1024.00,160.00,67.00,60.00,0.9322,1,1
410,3,942.00,5.00,49.00,51.00,0.8930,1,1
410,25,904.00,281.00,32.00,23.00,0.7574,1,1
410,30,629.00,205.00,77.00,58.00,0.6638,1,1
410,34,649.00,150.00,23.00,44.00,0.7956,1,1
410,42,628.00,205.00,78.00,59.00,0.3653,1,1
410,48,551.00,0.00,46.00,21.00,0.2908,1,1
411,1,1024.00,160.00,66.00,59.00,0.9301,1,1
411,3,947.00,5.00,48.00,51.00,0.8914,1,1
411,25,902.00,281.00,34.00,22.00,0.6835,1,1
411,30,634.00,204.00,76.00,61.00,0.6912,1,1
411,34,640.00,147.00,26.00,47.00,0.3163,1,1
411,42,633.00,205.00,77.00,60.00,0.4954,1,1
411,48,551.00,0.00,44.00,20.00,0.2908,1,1
412,1,1025.00,158.00,64.00,60.00,0.9219,1,1
412,3,953.00,6.00,49.00,51.00,0.8828,1,1
412,25,902.00,280.00,33.00,23.00,0.4143,1,1
412,30,636.00,204.00,77.00,61.00,0.3830,1,1
412,34,630.00,146.00,27.00,48.00,0.3163,1,1
412,42,637.00,204.00,76.00,61.00,0.8178,1,1
413,1,1025.00,157.00,63.00,61.00,0.9229,1,1
413,3,958.00,7.00,49.00,51.00,0.8259,1,1
413,25,900.00,280.00,34.00,22.00,0.4143,1,1
413,30,640.00,204.00,74.00,63.00,0.8214,1,1
413,42,635.00,207.00,82.00,63.00,0.8178,1,1
414,1,1025.00,159.00,63.00,59.00,0.9186,1,1
414,3,965.00,7.00,49.00,51.00,0.8225,1,1
414,25,902.00,280.00,33.00,23.00,0.6347,1,1
414,30,642.00,203.00,76.00,66.00,0.9029,1,1
414,34,620.00,133.00,24.00,46.00,0.4513,1,1
415,1,1024.00,160.00,64.00,58.00,0.9204,1,1
415,3,971.00,10.00,47.00,49.00,0.8705,1,1
415,25,902.00,280.00,33.00,23.00,0.7002,1,1
415,30,646.00,202.00,76.00,69.00,0.8825,1,1
415,34,611.00,132.00,25.00,46.00,0.4513,1,1
416,1,1025.00,160.00,63.00,58.00,0.9204,1,1
416,3,971.00,10.00,47.00,49.00,0.8705,1,1
416,25,902.00,280.00,33.00,22.00,0.6746,1,1
416,30,646.00,202.00,76.00,69.00,0.8823,1,1
417,1,1025.00,160.00,63.00,58.00,0.9229,1,1
417,3,976.00,15.00,48.00,45.00,0.6493,1,1
417,25,902.00,280.00,33.00,23.00,0.6682,1,1
417,30,649.00,202.00,75.00,69.00,0.9204,1,1
418,1,1024.00,161.00,64.00,56.00,0.9263,1,1
418,3,981.00,15.00,50.00,47.00,0.8530,1,1
418,25,902.00,280.00,33.00,22.00,0.5862,1,1
418,30,650.00,202.00,75.00,71.00,0.9056,1,1
418,34,609.00,131.00,22.00,43.00,0.5344,1,1
419,1,1023.00,160.00,65.00,58.00,0.9271,1,1
419,3,985.00,17.00,50.00,47.00,0.8390,1,1
419,25,902.00,280.00,33.00,23.00,0.6453,1,1
419,30,652.00,203.00,73.00,70.00,0.7919,1,1
419,34,603.00,130.00,21.00,43.00,0.5344,1,1
420,1,1024.00,160.00,64.00,58.00,0.9247,1,1
420,3,989.00,16.00,49.00,49.00,0.8472,1,1
420,25,901.00,280.00,34.00,22.00,0.6453,1,1
420,30,654.00,204.00,70.00,71.00,0.8075,1,1
420,34,604.00,132.00,21.00,41.00,0.6240,1,1
420,52,779.00,309.00,18.00,37.00,0.5651,1,1
421,1,1023.00,160.00,65.00,59.00,0.9219,1,1
421,3,992.00,18.00,51.00,50.00,0.8980,1,1
421,30,653.00,207.00,70.00,72.00,0.3563,1,1
421,34,600.00,130.00,21.00,43.00,0.8233,1,1
421,42,653.00,207.00,70.00,73.00,0.6102,1,1
421,52,774.00,300.00,17.00,34.00,0.8307,1,1
422,1,1023.00,160.00,65.00,59.00,0.9220,1,1
422,3,992.00,18.00,51.00,50.00,0.8980,1,1
422,30,653.00,207.00,70.00,72.00,0.3561,1,1
422,34,600.00,130.00,21.00,43.00,0.8234,1,1
422,42,653.00,206.00,70.00,74.00,0.6088,1,1
422,52,774.00,300.00,17.00,34.00,0.8302,1,1
423,1,1023.00,161.00,65.00,59.00,0.9298,1,1
423,3,995.00,20.00,49.00,53.00,0.8928,1,1
423,30,652.00,207.00,70.00,75.00,0.8311,1,1
423,34,596.00,130.00,21.00,43.00,0.8756,1,1
423,42,652.00,208.00,73.00,75.00,0.6088,1,1
423,49,701.00,133.00,23.00,22.00,0.4948,1,1
423,52,769.00,297.00,18.00,30.00,0.7722,1,1
424,1,1021.00,161.00,67.00,60.00,0.9166,1,1
424,3,998.00,23.00,50.00,54.00,0.8398,1,1
424,30,651.00,208.00,70.00,74.00,0.8299,1,1
424,34,592.00,131.00,21.00,41.00,0.8390,1,1
424,49,703.00,133.00,21.00,22.00,0.3992,1,1
424,52,764.00,293.00,19.00,27.00,0.5921,1,1
425,1,1021.00,161.00,67.00,60.00,0.9274,1,1
425,3,1000.00,25.00,49.00,56.00,0.6982,1,1
425,30,649.00,209.00,71.00,74.00,0.8692,1,1
425,34,587.00,129.00,23.00,41.00,0.8143,1,1
425,49,703.00,134.00,21.00,20.00,0.4422,1,1
425,52,762.00,292.00,18.00,26.00,0.5888,1,1
426,1,1021.00,162.00,66.00,59.00,0.9258,1,1
426,3,1002.00,28.00,49.00,56.00,0.6050,1,1
426,25,758.00,293.00,21.00,29.00,0.2549,1,1
426,30,649.00,209.00,70.00,75.00,0.8745,1,1
426,34,584.00,125.00,21.00,43.00,0.8421,1,1
426,49,703.00,134.00,20.00,20.00,0.7230,1,1
426,52,756.00,294.00,19.00,28.00,0.6405,1,1
427,1,1020.00,163.00,67.00,57.00,0.9260,1,1
427,3,1003.00,32.00,50.00,55.00,0.2800,1,1
427,25,746.00,294.00,20.00,30.00,0.2549,1,1
427,30,648.00,209.00,70.00,74.00,0.8822,1,1
427,34,578.00,129.00,21.00,40.00,0.3149,1,1
427,49,698.00,135.00,20.00,19.00,0.7230,1,1
427,52,755.00,292.00,16.00,27.00,0.6232,1,1
427,53,628.00,47.00,59.00,36.00,0.4521,1,1
428,1,1020.00,163.00,67.00,57.00,0.9261,1,1
428,3,1003.00,33.00,50.00,55.00,0.2869,1,1
428,30,648.00,209.00,70.00,74.00,0.8828,1,1
428,34,578.00,130.00,21.00,39.00,0.2836,1,1
428,52,755.00,292.00,16.00,27.00,0.6374,1,1
428,53,628.00,47.00,59.00,36.00,0.4415,1,1
429,1,1020.00,163.00,67.00,57.00,0.9264,1,1
429,3,1003.00,35.00,49.00,55.00,0.8120,1,1
429,30,647.00,210.00,70.00,73.00,0.8779,1,1
429,34,574.00,129.00,21.00,39.00,0.2836,1,1
429,52,750.00,292.00,16.00,28.00,0.8224,1,1
429,53,628.00,47.00,59.00,37.00,0.4477,1,1
430,1,1019.00,163.00,67.00,58.00,0.9248,1,1
430,3,1003.00,37.00,49.00,54.00,0.8094,1,1
430,25,748.00,293.00,16.00,28.00,0.7047,1,1
430,30,647.00,210.00,70.00,74.00,0.8613,1,1
430,52,747.00,290.00,15.00,28.00,0.8224,1,1
430,53,628.00,47.00,59.00,37.00,0.3814,1,1
431,1,1019.00,163.00,67.00,58.00,0.9261,1,1
431,3,1003.00,39.00,49.00,52.00,0.4475,1,1
431,25,754.00,325.00,16.00,28.00,0.4837,1,1
431,30,647.00,210.00,70.00,74.00,0.8600,1,1
431,52,746.00,296.00,15.00,24.00,0.5583,1,1
431,53,627.00,47.00,60.00,38.00,0.3039,1,1
432,1,1019.00,163.00,67.00,58.00,0.9271,1,1
432,3,1005.00,40.00,49.00,53.00,0.4475,1,1
432,25,754.00,326.00,15.00,28.00,0.5680,1,1
432,30,647.00,211.00,71.00,74.00,0.8701,1,1
432,52,743.00,295.00,17.00,25.00,0.5467,1,1
432,53,627.00,47.00,60.00,38.00,0.3192,1,1
433,1,1019.00,163.00,67.00,58.00,0.9278,1,1
433,25,754.00,325.00,15.00,28.00,0.5785,1,1
433,30,646.00,211.00,72.00,76.00,0.8629,1,1
433,52,740.00,294.00,17.00,25.00,0.5467,1,1
433,53,627.00,47.00,59.00,38.00,0.2964,1,1
434,1,1019.00,163.00,67.00,58.00,0.9276,1,1
434,25,754.00,325.00,15.00,28.00,0.5851,1,1
434,30,646.00,211.00,72.00,76.00,0.8630,1,1
434,53,627.00,47.00,59.00,38.00,0.3084,1,1
435,1,1019.00,163.00,67.00,58.00,0.9247,1,1
435,3,1000.00,37.00,49.00,55.00,0.7694,1,1
435,25,755.00,324.00,15.00,30.00,0.8444,1,1
435,30,647.00,210.00,71.00,76.00,0.8734,1,1
435,53,627.00,47.00,60.00,38.00,0.3084,1,1
436,1,1019.00,162.00,67.00,59.00,0.9264,1,1
436,3,1000.00,36.00,48.00,56.00,0.8135,1,1
436,25,755.00,324.00,16.00,30.00,0.8470,1,1
436,30,648.00,210.00,71.00,73.00,0.8728,1,1
436,53,627.00,47.00,60.00,38.00,0.2921,1,1
437,1,1019.00,162.00,68.00,59.00,0.9273,1,1
437,3,997.00,36.00,50.00,56.00,0.7833,1,1
437,25,755.00,325.00,17.00,30.00,0.8240,1,1
437,30,648.00,209.00,71.00,73.00,0.8752,1,1
437,53,626.00,47.00,60.00,38.00,0.4321,1,1
438,1,1019.00,162.00,68.00,59.00,0.9268,1,1
438,3,996.00,37.00,49.00,55.00,0.8343,1,1
438,25,755.00,323.00,19.00,30.00,0.7202,1,1
438,30,649.00,209.00,70.00,72.00,0.8728,1,1
438,53,626.00,47.00,61.00,38.00,0.4192,1,1
439,1,1019.00,163.00,68.00,59.00,0.9323,1,1
439,3,993.00,37.00,50.00,56.00,0.8545,1,1
439,25,755.00,324.00,20.00,30.00,0.7742,1,1
439,30,649.00,208.00,71.00,73.00,0.8730,1,1
439,52,902.00,279.00,33.00,23.00,0.6442,1,1
439,53,626.00,47.00,61.00,39.00,0.4678,1,1
440,1,1019.00,163.00,68.00,59.00,0.9323,1,1
440,3,993.00,37.00,50.00,56.00,0.8538,1,1
440,25,755.00,324.00,20.00,30.00,0.7751,1,1
440,30,649.00,208.00,71.00,73.00,0.8729,1,1
440,52,902.00,279.00,33.00,23.00,0.6437,1,1
440,53,626.00,47.00,61.00,39.00,0.4760,1,1
441,1,1019.00,163.00,68.00,59.00,0.9341,1,1
441,3,990.00,36.00,51.00,57.00,0.8038,1,1
441,25,755.00,324.00,20.00,29.00,0.7162,1,1
441,30,649.00,207.00,71.00,73.00,0.8623,1,1
441,42,759.00,323.00,21.00,32.00,0.3333,1,1
441,52,902.00,279.00,33.00,23.00,0.7444,1,1
441,53,625.00,47.00,61.00,39.00,0.4926,1,1
442,1,1019.00,163.00,68.00,59.00,0.9358,1,1
442,3,987.00,37.00,51.00,56.00,0.6192,1,1
442,25,755.00,326.00,20.00,28.00,0.6318,1,1
442,30,651.00,206.00,70.00,74.00,0.6915,1,1
442,34,704.00,136.00,19.00,18.00,0.2589,1,1
442,42,759.00,325.00,20.00,30.00,0.2777,1,1
442,52,901.00,278.00,34.00,23.00,0.7098,1,1
442,53,625.00,47.00,61.00,39.00,0.4940,1,1
443,1,1020.00,163.00,69.00,59.00,0.9330,1,1
443,3,984.00,37.00,52.00,54.00,0.8273,1,1
443,25,755.00,325.00,20.00,29.00,0.6876,1,1
443,30,651.00,204.00,72.00,71.00,0.5290,1,1
443,34,712.00,136.00,18.00,17.00,0.2589,1,1
443,42,759.00,325.00,20.00,30.00,0.3829,1,1
443,52,899.00,274.00,35.00,24.00,0.4990,1,1
443,53,625.00,47.00,61.00,39.00,0.4896,1,1
444,1,1020.00,162.00,69.00,60.00,0.9318,1,1
444,3,982.00,39.00,52.00,53.00,0.3762,1,1
444,25,755.00,324.00,19.00,29.00,0.7578,1,1
444,30,653.00,204.00,71.00,69.00,0.8010,1,1
444,42,763.00,329.00,19.00,30.00,0.3829,1,1
444,52,907.00,272.00,37.00,25.00,0.4990,1,1
444,53,625.00,48.00,61.00,38.00,0.5445,1,1
445,1,1020.00,162.00,68.00,60.00,0.9244,1,1
445,3,977.00,40.00,52.00,52.00,0.3564,1,1
445,25,754.00,325.00,19.00,29.00,0.7578,1,1
445,30,653.00,203.00,72.00,70.00,0.6613,1,1
445,52,899.00,266.00,37.00,26.00,0.9023,1,1
445,53,625.00,48.00,60.00,39.00,0.5971,1,1
446,1,1020.00,162.00,68.00,60.00,0.9258,1,1
446,3,977.00,40.00,52.00,52.00,0.3566,1,1
446,30,653.00,203.00,72.00,70.00,0.6517,1,1
446,49,998.00,150.00,22.00,34.00,0.2529,1,1
446,52,899.00,266.00,37.00,26.00,0.9014,1,1
446,53,625.00,48.00,61.00,39.00,0.6017,1,1
447,1,1021.00,163.00,68.00,58.00,0.9281,1,1
447,3,976.00,41.00,51.00,52.00,0.3566,1,1
447,30,653.00,202.00,72.00,69.00,0.4525,1,1
447,49,992.00,150.00,18.00,36.00,0.3048,1,1
447,52,900.00,261.00,37.00,24.00,0.8996,1,1
447,53,625.00,48.00,61.00,39.00,0.5844,1,1
448,1,1022.00,162.00,67.00,58.00,0.9166,1,1
448,30,655.00,201.00,71.00,69.00,0.6877,1,1
448,49,983.00,145.00,20.00,38.00,0.5842,1,1
448,52,903.00,256.00,37.00,25.00,0.9152,1,1
448,53,625.00,48.00,61.00,39.00,0.5586,1,1
449,1,1021.00,163.00,68.00,57.00,0.9184,1,1
449,30,655.00,200.00,72.00,69.00,0.4229,1,1
449,49,977.00,147.00,20.00,38.00,0.7120,1,1
449,52,907.00,250.00,35.00,24.00,0.9110,1,1
449,53,625.00,48.00,61.00,39.00,0.5695,1,1
450,1,1021.00,164.00,68.00,55.00,0.9147,1,1
450,30,655.00,199.00,72.00,69.00,0.3816,1,1
450,49,971.00,150.00,19.00,38.00,0.7406,1,1
450,52,909.00,246.00,38.00,24.00,0.9250,1,1
450,53,625.00,48.00,61.00,38.00,0.4967,1,1
451,1,1021.00,164.00,68.00,55.00,0.9143,1,1
451,30,655.00,199.00,72.00,69.00,0.3755,1,1
451,49,971.00,150.00,19.00,38.00,0.7368,1,1
451,52,909.00,246.00,38.00,24.00,0.9246,1,1
451,53,625.00,48.00,61.00,38.00,0.4669,1,1
