3,1,1235.00,325.00,68.00,49.00,0.9360,1,1
3,2,1264.00,263.00,66.00,39.00,0.9211,1,1
3,3,908.00,118.00,44.00,24.00,0.8603,1,1
4,1,1240.00,326.00,67.00,49.00,0.9306,1,1
4,2,1264.00,263.00,66.00,39.00,0.9198,1,1
4,3,908.00,118.00,45.00,25.00,0.8605,1,1
4,4,1274.00,560.00,22.00,34.00,0.6523,1,1
4,5,926.00,139.00,22.00,23.00,0.3947,1,1
5,1,1245.00,327.00,67.00,48.00,0.9234,1,1
5,2,1265.00,261.00,65.00,41.00,0.9131,1,1
5,3,909.00,118.00,45.00,25.00,0.8621,1,1
5,4,1275.00,560.00,22.00,34.00,0.6523,1,1
5,5,927.00,139.00,21.00,23.00,0.2651,1,1
6,1,1245.00,327.00,67.00,48.00,0.9231,1,1
6,2,1265.00,261.00,65.00,41.00,0.9126,1,1
6,3,909.00,118.00,45.00,25.00,0.8619,1,1
6,5,927.00,139.00,21.00,23.00,0.2680,1,1
7,1,1253.00,330.00,67.00,47.00,0.9194,1,1
7,2,1265.00,260.00,64.00,42.00,0.9120,1,1
7,3,909.00,118.00,45.00,25.00,0.8622,1,1
7,5,927.00,139.00,21.00,23.00,0.3102,1,1
8,1,1258.00,332.00,66.00,47.00,0.9244,1,1
8,2,1267.00,259.00,61.00,42.00,0.9063,1,1
8,3,909.00,118.00,45.00,25.00,0.8600,1,1
8,5,927.00,139.00,21.00,23.00,0.3102,1,1
9,1,1262.00,334.00,68.00,46.00,0.9315,1,1
9,2,1268.00,259.00,59.00,40.00,0.9022,1,1
9,3,909.00,119.00,44.00,25.00,0.8560,1,1
10,1,1267.00,336.00,65.00,45.00,0.9341,1,1
10,2,1270.00,258.00,58.00,38.00,0.9038,1,1
10,3,909.00,119.00,43.00,25.00,0.8535,1,1
11,1,1271.00,337.00,65.00,46.00,0.9337,1,1
11,2,1271.00,258.00,58.00,36.00,0.9078,1,1
11,3,909.00,118.00,44.00,25.00,0.8542,1,1
12,1,1271.00,337.00,65.00,46.00,0.9336,1,1
12,2,1271.00,258.00,58.00,36.00,0.9080,1,1
12,3,909.00,118.00,44.00,25.00,0.8524,1,1
13,1,1277.00,339.00,67.00,46.00,0.9388,1,1
13,2,1272.00,257.00,59.00,34.00,0.9102,1,1
13,3,909.00,119.00,44.00,25.00,0.8548,1,1
14,1,1280.00,340.00,67.00,47.00,0.9381,1,1
14,2,1272.00,256.00,59.00,34.00,0.9110,1,1
14,3,909.00,119.00,44.00,25.00,0.8410,1,1
15,1,1282.00,341.00,66.00,48.00,0.9338,1,1
15,2,1273.00,257.00,59.00,34.00,0.9115,1,1
15,3,909.00,119.00,44.00,25.00,0.8460,1,1
15,5,922.00,140.00,24.00,28.00,0.2699,1,1
16,1,1285.00,341.00,67.00,49.00,0.9334,1,1
16,2,1274.00,255.00,57.00,35.00,0.9151,1,1
16,3,909.00,119.00,44.00,25.00,0.8521,1,1
16,5,922.00,140.00,24.00,28.00,0.3067,1,1
17,1,1288.00,342.00,67.00,48.00,0.9395,1,1
17,2,1275.00,254.00,57.00,36.00,0.9186,1,1
17,3,908.00,119.00,44.00,26.00,0.8569,1,1
17,5,922.00,140.00,24.00,29.00,0.3067,1,1
18,1,1288.00,342.00,67.00,48.00,0.9395,1,1
18,2,1275.00,254.00,57.00,36.00,0.9187,1,1
18,3,908.00,119.00,44.00,26.00,0.8576,1,1
19,1,1292.00,343.00,67.00,48.00,0.9356,1,1
19,2,1274.00,251.00,61.00,36.00,0.9192,1,1
19,3,908.00,120.00,42.00,25.00,0.8563,1,1
19,5,922.00,140.00,22.00,28.00,0.3464,1,1
20,1,1294.00,343.00,67.00,49.00,0.9337,1,1
20,2,1274.00,250.00,61.00,35.00,0.9185,1,1
20,3,907.00,120.00,42.00,25.00,0.8608,1,1
20,5,922.00,141.00,20.00,27.00,0.3030,1,1
21,1,1296.00,344.00,65.00,49.00,0.9325,1,1
21,2,1273.00,250.00,62.00,34.00,0.9173,1,1
21,3,907.00,121.00,41.00,24.00,0.8696,1,1
21,5,921.00,142.00,21.00,26.00,0.3374,1,1
22,1,1297.00,344.00,65.00,49.00,0.9315,1,1
22,2,1272.00,247.00,63.00,36.00,0.9184,1,1
22,3,907.00,121.00,41.00,24.00,0.8683,1,1
22,4,1181.00,380.00,24.00,26.00,0.3761,1,1
22,5,921.00,142.00,21.00,26.00,0.4690,1,1
23,1,1298.00,344.00,65.00,50.00,0.9312,1,1
23,2,1270.00,246.00,64.00,36.00,0.9173,1,1
23,3,907.00,121.00,41.00,24.00,0.8711,1,1
23,4,1181.00,380.00,23.00,26.00,0.4381,1,1
23,5,922.00,142.00,20.00,26.00,0.5121,1,1
24,1,1298.00,344.00,65.00,50.00,0.9317,1,1
24,2,1270.00,246.00,64.00,36.00,0.9176,1,1
24,3,906.00,121.00,42.00,24.00,0.8703,1,1
24,4,1181.00,380.00,23.00,27.00,0.3163,1,1
24,5,921.00,142.00,21.00,26.00,0.5015,1,1
25,1,1299.00,344.00,68.00,49.00,0.9346,1,1
25,2,1264.00,243.00,59.00,33.00,0.9224,1,1
25,3,906.00,122.00,41.00,24.00,0.8932,1,1
25,4,1178.00,379.00,24.00,27.00,0.8211,1,1
25,5,919.00,143.00,21.00,25.00,0.3161,1,1
26,1,1299.00,344.00,68.00,49.00,0.9323,1,1
26,2,1262.00,240.00,59.00,35.00,0.9281,1,1
26,3,905.00,123.00,41.00,24.00,0.8997,1,1
26,4,1177.00,379.00,24.00,29.00,0.3353,1,1
26,5,918.00,143.00,21.00,25.00,0.3161,1,1
27,1,1302.00,344.00,65.00,49.00,0.9337,1,1
27,2,1259.00,238.00,57.00,36.00,0.9208,1,1
27,3,905.00,123.00,40.00,24.00,0.9049,1,1
27,4,1174.00,375.00,23.00,29.00,0.3353,1,1
28,1,1302.00,343.00,66.00,49.00,0.9339,1,1
28,2,1256.00,234.00,58.00,37.00,0.9195,1,1
28,3,905.00,123.00,40.00,24.00,0.9030,1,1
29,1,1302.00,342.00,67.00,50.00,0.9327,1,1
29,2,1253.00,232.00,57.00,36.00,0.9176,1,1
29,3,904.00,123.00,39.00,24.00,0.9029,1,1
30,1,1302.00,342.00,67.00,50.00,0.9326,1,1
30,2,1253.00,231.00,57.00,37.00,0.9179,1,1
30,3,904.00,123.00,39.00,24.00,0.9034,1,1
31,1,1305.00,341.00,69.00,48.00,0.9322,1,1
31,2,1248.00,228.00,54.00,38.00,0.9182,1,1
31,3,901.00,124.00,36.00,24.00,0.9029,1,1
32,1,1307.00,342.00,68.00,46.00,0.9329,1,1
32,2,1246.00,225.00,52.00,40.00,0.9253,1,1
32,3,900.00,125.00,35.00,24.00,0.9018,1,1
33,1,1307.00,340.00,68.00,47.00,0.9393,1,1
33,2,1244.00,223.00,49.00,41.00,0.9302,1,1
33,3,900.00,125.00,35.00,24.00,0.9024,1,1
34,1,1308.00,339.00,68.00,46.00,0.9425,1,1
34,2,1241.00,221.00,47.00,42.00,0.9340,1,1
34,3,899.00,125.00,36.00,24.00,0.9043,1,1
35,1,1311.00,336.00,64.00,46.00,0.9423,1,1
35,2,1239.00,220.00,46.00,43.00,0.9385,1,1
35,3,899.00,125.00,35.00,25.00,0.9017,1,1
36,1,1311.00,336.00,64.00,46.00,0.9421,1,1
36,2,1239.00,220.00,47.00,43.00,0.9377,1,1
36,3,899.00,125.00,35.00,25.00,0.9015,1,1
37,1,1311.00,333.00,65.00,46.00,0.9385,1,1
37,2,1235.00,217.00,46.00,45.00,0.9384,1,1
37,3,897.00,127.00,32.00,24.00,0.8868,1,1
38,1,1311.00,332.00,65.00,46.00,0.9342,1,1
38,2,1233.00,216.00,46.00,46.00,0.9360,1,1
38,3,895.00,127.00,34.00,24.00,0.8894,1,1
39,1,1312.00,330.00,64.00,45.00,0.9288,1,1
39,2,1232.00,215.00,47.00,46.00,0.9341,1,1
39,3,894.00,127.00,35.00,25.00,0.8912,1,1
40,1,1311.00,329.00,65.00,44.00,0.9332,1,1
40,2,1231.00,213.00,46.00,47.00,0.9301,1,1
40,3,892.00,127.00,35.00,25.00,0.8828,1,1
41,1,1312.00,327.00,65.00,43.00,0.9317,1,1
41,2,1229.00,212.00,47.00,45.00,0.9263,1,1
41,3,890.00,128.00,37.00,23.00,0.8828,1,1
42,1,1312.00,327.00,65.00,43.00,0.9316,1,1
42,2,1229.00,212.00,47.00,45.00,0.9261,1,1
42,3,890.00,128.00,37.00,23.00,0.8828,1,1
43,1,1313.00,326.00,65.00,41.00,0.9323,1,1
43,2,1227.00,211.00,47.00,46.00,0.9256,1,1
43,3,890.00,129.00,35.00,24.00,0.8970,1,1
44,1,1313.00,326.00,65.00,41.00,0.9318,1,1
44,2,1227.00,210.00,47.00,47.00,0.9252,1,1
44,3,888.00,130.00,36.00,23.00,0.9055,1,1
45,1,1315.00,326.00,63.00,40.00,0.9310,1,1
45,2,1227.00,209.00,46.00,47.00,0.9254,1,1
45,3,888.00,130.00,35.00,23.00,0.9068,1,1
46,1,1316.00,325.00,63.00,40.00,0.9270,1,1
46,2,1227.00,206.00,46.00,49.00,0.9233,1,1
46,3,886.00,130.00,37.00,24.00,0.9064,1,1
46,5,892.00,152.00,25.00,24.00,0.5934,1,1
47,1,1316.00,325.00,64.00,40.00,0.9250,1,1
47,2,1227.00,204.00,46.00,48.00,0.9244,1,1
47,3,885.00,131.00,37.00,23.00,0.9066,1,1
47,5,891.00,153.00,25.00,24.00,0.5934,1,1
48,1,1316.00,325.00,64.00,40.00,0.9250,1,1
48,2,1227.00,204.00,46.00,48.00,0.9240,1,1
48,3,885.00,131.00,37.00,23.00,0.9064,1,1
48,5,891.00,153.00,24.00,24.00,0.2636,1,1
49,1,1319.00,326.00,64.00,37.00,0.9192,1,1
49,2,1228.00,202.00,45.00,47.00,0.9265,1,1
49,3,882.00,132.00,35.00,23.00,0.9036,1,1
49,5,890.00,154.00,24.00,24.00,0.2636,1,1
50,1,1320.00,327.00,64.00,36.00,0.9196,1,1
50,2,1227.00,201.00,45.00,47.00,0.9274,1,1
50,3,881.00,132.00,35.00,24.00,0.9120,1,1
51,1,1321.00,327.00,64.00,36.00,0.9175,1,1
51,2,1228.00,198.00,44.00,49.00,0.9291,1,1
51,3,878.00,133.00,36.00,23.00,0.9188,1,1
51,4,869.00,235.00,28.00,19.00,0.5745,1,1
51,5,885.00,154.00,24.00,23.00,0.6185,1,1
52,1,1323.00,327.00,63.00,36.00,0.9138,1,1
52,2,1228.00,197.00,44.00,48.00,0.9278,1,1
52,3,876.00,133.00,36.00,23.00,0.9210,1,1
52,4,856.00,229.00,28.00,19.00,0.5745,1,1
52,5,884.00,154.00,24.00,23.00,0.6439,1,1
53,1,1325.00,326.00,64.00,37.00,0.9162,1,1
53,2,1227.00,195.00,44.00,50.00,0.9284,1,1
53,3,875.00,133.00,37.00,23.00,0.9125,1,1
53,5,882.00,154.00,25.00,24.00,0.7553,1,1
54,1,1325.00,326.00,64.00,37.00,0.9163,1,1
54,2,1227.00,195.00,44.00,50.00,0.9284,1,1
54,3,875.00,133.00,37.00,23.00,0.9134,1,1
54,5,882.00,154.00,25.00,24.00,0.7541,1,1
55,1,1326.00,328.00,65.00,36.00,0.9228,1,1
55,2,1224.00,194.00,45.00,45.00,0.9322,1,1
55,3,873.00,134.00,36.00,25.00,0.9016,1,1
55,5,880.00,155.00,26.00,23.00,0.7541,1,1
56,1,1327.00,328.00,64.00,36.00,0.9260,1,1
56,2,1223.00,192.00,43.00,45.00,0.9288,1,1
56,3,873.00,135.00,36.00,25.00,0.8981,1,1
57,1,1328.00,328.00,64.00,37.00,0.9278,1,1
57,2,1220.00,190.00,43.00,45.00,0.9306,1,1
57,3,871.00,135.00,36.00,26.00,0.8867,1,1
58,1,1329.00,328.00,64.00,37.00,0.9263,1,1
58,2,1218.00,190.00,45.00,43.00,0.9324,1,1
58,3,870.00,135.00,37.00,26.00,0.8858,1,1
59,1,1332.00,328.00,62.00,37.00,0.9293,1,1
59,2,1216.00,189.00,45.00,43.00,0.9344,1,1
59,3,869.00,135.00,36.00,28.00,0.8667,1,1
60,1,1332.00,328.00,62.00,37.00,0.9291,1,1
60,2,1216.00,189.00,45.00,43.00,0.9344,1,1
60,3,869.00,135.00,37.00,28.00,0.8671,1,1
61,1,1333.00,328.00,62.00,39.00,0.9267,1,1
61,2,1212.00,186.00,43.00,45.00,0.9338,1,1
61,3,867.00,137.00,37.00,30.00,0.8500,1,1
61,4,839.00,258.00,17.00,23.00,0.3848,1,1
62,1,1335.00,328.00,61.00,39.00,0.9261,1,1
62,2,1210.00,183.00,43.00,44.00,0.9263,1,1
62,3,866.00,137.00,39.00,32.00,0.8546,1,1
62,4,834.00,259.00,17.00,24.00,0.3848,1,1
63,1,1336.00,328.00,62.00,39.00,0.9270,1,1
63,2,1208.00,181.00,42.00,44.00,0.9253,1,1
63,3,865.00,137.00,39.00,33.00,0.8627,1,1
63,4,836.00,269.00,16.00,23.00,0.4301,1,1
64,1,1337.00,328.00,62.00,39.00,0.9289,1,1
64,2,1205.00,180.00,44.00,43.00,0.9201,1,1
64,3,864.00,141.00,39.00,33.00,0.8545,1,1
64,4,836.00,270.00,16.00,22.00,0.5493,1,1
65,1,1339.00,328.00,61.00,40.00,0.9278,1,1
65,2,1204.00,179.00,44.00,43.00,0.9176,1,1
65,3,864.00,145.00,38.00,31.00,0.8619,1,1
65,4,836.00,271.00,16.00,22.00,0.5100,1,1
66,1,1339.00,327.00,61.00,41.00,0.9277,1,1
66,2,1204.00,179.00,44.00,43.00,0.9174,1,1
66,3,864.00,146.00,37.00,30.00,0.8666,1,1
66,4,836.00,272.00,16.00,21.00,0.4889,1,1
66,7,1429.00,471.00,63.00,44.00,0.6681,1,1
67,1,1342.00,329.00,61.00,41.00,0.9285,1,1
67,2,1203.00,176.00,42.00,44.00,0.9230,1,1
67,3,860.00,151.00,39.00,29.00,0.8846,1,1
67,4,836.00,278.00,15.00,24.00,0.2535,1,1
67,7,1439.00,459.00,61.00,44.00,0.9109,1,1
68,1,1343.00,330.00,61.00,41.00,0.9299,1,1
68,2,1202.00,174.00,42.00,44.00,0.9274,1,1
68,3,860.00,152.00,38.00,30.00,0.8815,1,1
68,4,833.00,280.00,16.00,25.00,0.2535,1,1
68,7,1443.00,455.00,62.00,44.00,0.9194,1,1
69,1,1345.00,330.00,59.00,42.00,0.9287,1,1
69,2,1202.00,174.00,41.00,42.00,0.9311,1,1
69,3,860.00,153.00,39.00,31.00,0.8930,1,1
69,7,1446.00,447.00,64.00,46.00,0.8938,1,1
70,1,1346.00,331.00,59.00,41.00,0.9260,1,1
70,2,1202.00,172.00,40.00,43.00,0.9350,1,1
70,3,858.00,153.00,41.00,33.00,0.8952,1,1
70,7,1448.00,440.00,66.00,49.00,0.9085,1,1
71,1,1346.00,331.00,61.00,42.00,0.9253,1,1
71,2,1202.00,171.00,40.00,43.00,0.9342,1,1
71,3,857.00,155.00,41.00,33.00,0.8942,1,1
71,7,1450.00,435.00,66.00,47.00,0.9183,1,1
72,1,1346.00,331.00,61.00,42.00,0.9253,1,1
72,2,1202.00,171.00,40.00,43.00,0.9342,1,1
72,3,857.00,154.00,41.00,34.00,0.8944,1,1
72,7,1450.00,435.00,66.00,47.00,0.9182,1,1
73,1,1348.00,334.00,61.00,42.00,0.9330,1,1
73,2,1202.00,171.00,40.00,43.00,0.9342,1,1
73,3,856.00,162.00,41.00,33.00,0.8621,1,1
73,5,861.00,189.00,30.00,21.00,0.2974,1,1
73,7,1451.00,424.00,68.00,52.00,0.9307,1,1
74,1,1348.00,334.00,62.00,43.00,0.9349,1,1
74,2,1203.00,169.00,40.00,44.00,0.9304,1,1
74,3,856.00,163.00,40.00,34.00,0.8842,1,1
74,5,860.00,191.00,30.00,21.00,0.2974,1,1
74,7,1451.00,421.00,69.00,54.00,0.9313,1,1
75,1,1349.00,334.00,61.00,43.00,0.9360,1,1
75,2,1205.00,168.00,39.00,43.00,0.9249,1,1
75,3,856.00,163.00,41.00,34.00,0.8903,1,1
75,7,1451.00,415.00,69.00,53.00,0.9369,1,1
76,1,1350.00,334.00,62.00,43.00,0.9370,1,1
76,2,1206.00,168.00,40.00,41.00,0.9268,1,1
76,3,856.00,164.00,40.00,34.00,0.8877,1,1
76,7,1452.00,409.00,69.00,56.00,0.9450,1,1
77,1,1351.00,335.00,62.00,42.00,0.9398,1,1
77,2,1208.00,167.00,39.00,40.00,0.9263,1,1
77,3,856.00,167.00,40.00,34.00,0.9150,1,1
77,7,1452.00,408.00,70.00,58.00,0.9489,1,1
78,1,1351.00,335.00,63.00,42.00,0.9398,1,1
78,2,1208.00,167.00,40.00,40.00,0.9263,1,1
78,3,856.00,167.00,40.00,34.00,0.9149,1,1
78,7,1452.00,408.00,70.00,58.00,0.9487,1,1
79,1,1352.00,336.00,62.00,43.00,0.9479,1,1
79,2,1210.00,165.00,39.00,38.00,0.9325,1,1
79,3,856.00,174.00,41.00,29.00,0.9224,1,1
79,7,1450.00,406.00,72.00,57.00,0.9442,1,1
80,1,1352.00,336.00,62.00,43.00,0.9477,1,1
80,2,1211.00,163.00,38.00,38.00,0.9303,1,1
80,3,856.00,174.00,41.00,30.00,0.9240,1,1
80,7,1450.00,404.00,72.00,58.00,0.9422,1,1
81,1,1353.00,335.00,61.00,44.00,0.9460,1,1
81,2,1210.00,163.00,39.00,35.00,0.9238,1,1
81,3,857.00,174.00,41.00,31.00,0.9267,1,1
81,7,1449.00,403.00,73.00,58.00,0.9385,1,1
82,1,1353.00,334.00,61.00,45.00,0.9421,1,1
82,2,1209.00,163.00,40.00,34.00,0.9207,1,1
82,3,857.00,173.00,42.00,35.00,0.9259,1,1
82,7,1448.00,403.00,74.00,58.00,0.9377,1,1
83,1,1353.00,334.00,61.00,45.00,0.9425,1,1
83,2,1209.00,163.00,40.00,34.00,0.9207,1,1
83,3,857.00,173.00,42.00,35.00,0.9261,1,1
83,7,1448.00,403.00,74.00,58.00,0.9384,1,1
84,1,1353.00,335.00,61.00,44.00,0.9410,1,1
84,2,1206.00,163.00,41.00,33.00,0.9134,1,1
84,3,857.00,175.00,42.00,38.00,0.9153,1,1
84,5,866.00,211.00,25.00,19.00,0.2849,1,1
84,7,1447.00,403.00,75.00,58.00,0.9356,1,1
85,1,1352.00,335.00,62.00,44.00,0.9405,1,1
85,2,1204.00,162.00,42.00,33.00,0.9090,1,1
85,3,858.00,176.00,41.00,37.00,0.9164,1,1
85,5,866.00,212.00,26.00,19.00,0.4354,1,1
85,7,1446.00,403.00,76.00,58.00,0.9359,1,1
86,1,1352.00,334.00,62.00,45.00,0.9404,1,1
86,2,1203.00,161.00,41.00,33.00,0.9097,1,1
86,3,858.00,175.00,41.00,40.00,0.9178,1,1
86,5,866.00,213.00,26.00,19.00,0.5266,1,1
86,7,1446.00,402.00,76.00,60.00,0.9354,1,1
87,1,1352.00,334.00,62.00,45.00,0.9404,1,1
87,2,1201.00,160.00,41.00,32.00,0.9114,1,1
87,3,858.00,176.00,41.00,40.00,0.9140,1,1
87,5,865.00,214.00,29.00,18.00,0.2715,1,1
87,7,1446.00,401.00,75.00,61.00,0.9366,1,1
88,1,1352.00,334.00,62.00,45.00,0.9392,1,1
88,2,1199.00,160.00,42.00,32.00,0.9131,1,1
88,3,858.00,177.00,42.00,41.00,0.9195,1,1
88,5,865.00,216.00,29.00,17.00,0.2715,1,1
88,7,1445.00,401.00,76.00,60.00,0.9361,1,1
89,1,1352.00,334.00,62.00,45.00,0.9394,1,1
89,2,1199.00,160.00,42.00,32.00,0.9129,1,1
89,3,858.00,177.00,42.00,41.00,0.9198,1,1
89,7,1445.00,401.00,77.00,60.00,0.9361,1,1
90,1,1352.00,335.00,63.00,44.00,0.9401,1,1
90,2,1196.00,160.00,41.00,31.00,0.9165,1,1
90,3,859.00,180.00,41.00,41.00,0.9147,1,1
90,7,1445.00,401.00,77.00,60.00,0.9369,1,1
91,1,1352.00,335.00,63.00,43.00,0.9410,1,1
91,2,1194.00,158.00,41.00,30.00,0.9215,1,1
91,3,859.00,181.00,41.00,40.00,0.9134,1,1
91,7,1445.00,401.00,76.00,59.00,0.9367,1,1
92,1,1352.00,335.00,63.00,43.00,0.9411,1,1
92,2,1192.00,157.00,40.00,30.00,0.9218,1,1
92,3,859.00,181.00,41.00,41.00,0.9157,1,1
92,5,866.00,220.00,25.00,21.00,0.2537,1,1
92,7,1445.00,400.00,76.00,60.00,0.9372,1,1
93,1,1352.00,335.00,64.00,42.00,0.9422,1,1
93,2,1190.00,156.00,42.00,29.00,0.9226,1,1
93,3,860.00,183.00,40.00,40.00,0.9171,1,1
93,5,866.00,221.00,23.00,22.00,0.4131,1,1
93,7,1445.00,398.00,76.00,61.00,0.9390,1,1
94,1,1352.00,335.00,64.00,42.00,0.9427,1,1
94,2,1188.00,156.00,41.00,29.00,0.9208,1,1
94,3,860.00,184.00,40.00,41.00,0.9167,1,1
94,5,866.00,223.00,23.00,22.00,0.4131,1,1
94,7,1445.00,398.00,76.00,61.00,0.9386,1,1
95,1,1352.00,335.00,64.00,42.00,0.9432,1,1
95,2,1188.00,156.00,41.00,29.00,0.9217,1,1
95,3,860.00,184.00,40.00,41.00,0.9158,1,1
95,7,1445.00,398.00,76.00,60.00,0.9388,1,1
96,1,1352.00,337.00,66.00,40.00,0.9436,1,1
96,2,1186.00,154.00,40.00,30.00,0.9166,1,1
96,3,861.00,186.00,40.00,39.00,0.9160,1,1
96,7,1445.00,398.00,76.00,60.00,0.9388,1,1
97,1,1352.00,337.00,66.00,41.00,0.9429,1,1
97,2,1186.00,152.00,39.00,32.00,0.9123,1,1
97,3,861.00,187.00,40.00,38.00,0.9148,1,1
97,7,1445.00,398.00,76.00,60.00,0.9386,1,1
98,1,1352.00,337.00,66.00,41.00,0.9436,1,1
98,2,1185.00,151.00,39.00,32.00,0.9058,1,1
98,3,861.00,187.00,41.00,38.00,0.9138,1,1
98,4,1349.00,596.00,27.00,36.00,0.2608,1,1
98,7,1445.00,397.00,76.00,60.00,0.9391,1,1
99,1,1352.00,337.00,66.00,41.00,0.9433,1,1
99,2,1184.00,151.00,40.00,32.00,0.9035,1,1
99,3,861.00,187.00,41.00,38.00,0.9126,1,1
99,4,1346.00,596.00,32.00,37.00,0.7869,1,1
99,5,867.00,224.00,23.00,22.00,0.2626,1,1
99,7,1445.00,397.00,75.00,60.00,0.9404,1,1
100,1,1353.00,337.00,66.00,41.00,0.9437,1,1
100,2,1184.00,151.00,39.00,32.00,0.9012,1,1
100,3,861.00,187.00,41.00,39.00,0.9124,1,1
100,4,1344.00,597.00,29.00,37.00,0.8595,1,1
100,5,867.00,224.00,23.00,23.00,0.2858,1,1
100,7,1445.00,396.00,75.00,60.00,0.9394,1,1
101,1,1353.00,337.00,66.00,42.00,0.9439,1,1
101,2,1184.00,151.00,39.00,32.00,0.9014,1,1
101,3,861.00,187.00,41.00,39.00,0.9115,1,1
101,4,1344.00,597.00,29.00,37.00,0.8563,1,1
101,5,867.00,224.00,23.00,23.00,0.2879,1,1
101,7,1445.00,396.00,75.00,60.00,0.9393,1,1
102,1,1353.00,337.00,66.00,43.00,0.9437,1,1
102,2,1183.00,151.00,39.00,32.00,0.8993,1,1
102,3,861.00,187.00,41.00,39.00,0.9130,1,1
102,4,1344.00,598.00,29.00,39.00,0.8226,1,1
102,5,867.00,224.00,23.00,23.00,0.3093,1,1
102,7,1445.00,396.00,76.00,59.00,0.9374,1,1
103,1,1353.00,337.00,66.00,43.00,0.9433,1,1
103,2,1183.00,151.00,39.00,31.00,0.8976,1,1
103,3,861.00,187.00,41.00,39.00,0.9121,1,1
103,4,1344.00,599.00,28.00,39.00,0.8796,1,1
103,5,867.00,224.00,23.00,22.00,0.4124,1,1
103,7,1445.00,396.00,76.00,59.00,0.9372,1,1
104,1,1354.00,337.00,65.00,43.00,0.9458,1,1
104,2,1183.00,150.00,39.00,31.00,0.8927,1,1
104,3,861.00,187.00,41.00,39.00,0.9115,1,1
104,4,1344.00,599.00,28.00,39.00,0.8918,1,1
104,5,867.00,224.00,23.00,22.00,0.3686,1,1
104,7,1445.00,394.00,76.00,61.00,0.9386,1,1
105,1,1354.00,336.00,65.00,44.00,0.9470,1,1
105,2,1183.00,150.00,39.00,31.00,0.8938,1,1
105,3,861.00,188.00,42.00,38.00,0.9114,1,1
105,4,1345.00,600.00,28.00,38.00,0.9073,1,1
105,5,868.00,224.00,22.00,22.00,0.4721,1,1
105,7,1446.00,393.00,75.00,62.00,0.9416,1,1
106,1,1354.00,336.00,66.00,44.00,0.9470,1,1
106,2,1183.00,150.00,39.00,31.00,0.8942,1,1
106,3,861.00,188.00,42.00,38.00,0.9093,1,1
106,4,1348.00,599.00,28.00,38.00,0.7790,1,1
106,5,868.00,224.00,23.00,22.00,0.3789,1,1
106,7,1446.00,393.00,75.00,61.00,0.9409,1,1
107,1,1354.00,336.00,66.00,44.00,0.9472,1,1
107,2,1183.00,150.00,39.00,31.00,0.8942,1,1
107,3,861.00,188.00,42.00,38.00,0.9083,1,1
107,4,1348.00,599.00,28.00,38.00,0.7742,1,1
107,5,868.00,224.00,23.00,22.00,0.3972,1,1
107,7,1446.00,393.00,75.00,61.00,0.9409,1,1
108,1,1355.00,337.00,65.00,43.00,0.9463,1,1
108,2,1185.00,148.00,39.00,32.00,0.9076,1,1
108,3,861.00,188.00,41.00,38.00,0.9086,1,1
108,4,1354.00,598.00,27.00,39.00,0.7188,1,1
108,5,868.00,224.00,22.00,22.00,0.4601,1,1
108,7,1447.00,394.00,76.00,60.00,0.9428,1,1
109,1,1355.00,336.00,65.00,44.00,0.9464,1,1
109,2,1187.00,147.00,38.00,32.00,0.9160,1,1
109,3,862.00,188.00,40.00,38.00,0.9091,1,1
109,4,1358.00,597.00,24.00,39.00,0.5384,1,1
109,5,868.00,224.00,22.00,22.00,0.3975,1,1
109,7,1448.00,394.00,77.00,59.00,0.9440,1,1
110,1,1355.00,336.00,65.00,44.00,0.9473,1,1
110,2,1188.00,146.00,37.00,32.00,0.9187,1,1
110,3,862.00,188.00,41.00,38.00,0.9085,1,1
110,4,1361.00,597.00,22.00,38.00,0.6082,1,1
110,5,868.00,224.00,23.00,21.00,0.3040,1,1
110,7,1451.00,393.00,75.00,59.00,0.9453,1,1
111,1,1356.00,336.00,64.00,44.00,0.9476,1,1
111,2,1188.00,146.00,37.00,31.00,0.9268,1,1
111,3,862.00,188.00,40.00,39.00,0.9092,1,1
111,4,1363.00,596.00,22.00,36.00,0.4276,1,1
111,5,869.00,225.00,22.00,21.00,0.3040,1,1
111,7,1454.00,393.00,74.00,58.00,0.9424,1,1
112,1,1356.00,336.00,64.00,44.00,0.9466,1,1
112,2,1188.00,146.00,38.00,32.00,0.9271,1,1
112,3,862.00,189.00,41.00,39.00,0.9091,1,1
112,4,1370.00,599.00,21.00,36.00,0.4276,1,1
112,7,1459.00,395.00,73.00,57.00,0.9386,1,1
113,1,1356.00,336.00,64.00,44.00,0.9469,1,1
113,2,1188.00,145.00,38.00,33.00,0.9291,1,1
113,3,862.00,190.00,41.00,38.00,0.9095,1,1
113,7,1459.00,395.00,73.00,57.00,0.9389,1,1
114,1,1357.00,337.00,65.00,43.00,0.9447,1,1
114,2,1189.00,144.00,38.00,32.00,0.9210,1,1
114,3,862.00,191.00,42.00,39.00,0.9098,1,1
114,4,1366.00,597.00,22.00,36.00,0.6914,1,1
114,7,1467.00,397.00,75.00,57.00,0.9356,1,1
115,1,1357.00,337.00,65.00,43.00,0.9448,1,1
115,2,1189.00,143.00,39.00,31.00,0.9271,1,1
115,3,864.00,191.00,41.00,39.00,0.9106,1,1
115,4,1367.00,596.00,23.00,37.00,0.3184,1,1
115,7,1472.00,397.00,74.00,58.00,0.9368,1,1
116,1,1357.00,336.00,66.00,45.00,0.9450,1,1
116,2,1190.00,143.00,38.00,31.00,0.9277,1,1
116,3,864.00,192.00,41.00,37.00,0.9082,1,1
116,4,1367.00,596.00,24.00,37.00,0.5550,1,1
116,7,1479.00,397.00,71.00,59.00,0.9367,1,1
117,1,1357.00,337.00,66.00,43.00,0.9445,1,1
117,2,1190.00,143.00,38.00,30.00,0.9263,1,1
117,3,864.00,192.00,42.00,38.00,0.9087,1,1
117,4,1368.00,598.00,26.00,37.00,0.2712,1,1
117,7,1484.00,398.00,70.00,60.00,0.9309,1,1
118,1,1358.00,337.00,65.00,44.00,0.9446,1,1
118,2,1190.00,142.00,38.00,30.00,0.9224,1,1
118,3,865.00,193.00,41.00,38.00,0.9072,1,1
118,4,1369.00,600.00,25.00,38.00,0.3710,1,1
118,7,1489.00,400.00,71.00,59.00,0.9258,1,1
119,1,1358.00,337.00,65.00,44.00,0.9447,1,1
119,2,1190.00,142.00,38.00,30.00,0.9226,1,1
119,3,865.00,193.00,41.00,38.00,0.9067,1,1
119,4,1369.00,600.00,25.00,38.00,0.3400,1,1
119,7,1490.00,400.00,70.00,59.00,0.9261,1,1
120,1,1359.00,339.00,65.00,42.00,0.9447,1,1
120,2,1190.00,139.00,37.00,31.00,0.9175,1,1
120,3,866.00,195.00,42.00,38.00,0.9117,1,1
120,4,1371.00,608.00,27.00,40.00,0.6809,1,1
120,7,1500.00,403.00,68.00,60.00,0.9299,1,1
121,1,1359.00,339.00,65.00,42.00,0.9448,1,1
121,2,1189.00,138.00,37.00,31.00,0.9229,1,1
121,3,866.00,195.00,42.00,38.00,0.9126,1,1
121,4,1372.00,610.00,28.00,42.00,0.8491,1,1
121,5,1160.00,270.00,14.00,24.00,0.3544,1,1
121,7,1504.00,404.00,64.00,59.00,0.9285,1,1
122,1,1360.00,339.00,64.00,43.00,0.9446,1,1
122,2,1189.00,137.00,37.00,31.00,0.9231,1,1
122,3,866.00,195.00,42.00,38.00,0.9150,1,1
122,4,1374.00,613.00,28.00,39.00,0.8762,1,1
122,5,1181.00,273.00,13.00,25.00,0.3544,1,1
122,7,1509.00,406.00,63.00,59.00,0.9342,1,1
123,1,1360.00,340.00,65.00,42.00,0.9443,1,1
123,2,1188.00,137.00,36.00,31.00,0.9204,1,1
123,3,867.00,196.00,42.00,40.00,0.9207,1,1
123,4,1376.00,614.00,30.00,41.00,0.8566,1,1
123,7,1512.00,408.00,63.00,56.00,0.9315,1,1
124,1,1360.00,340.00,66.00,42.00,0.9427,1,1
124,2,1186.00,136.00,35.00,31.00,0.9157,1,1
124,3,867.00,196.00,42.00,40.00,0.9204,1,1
124,4,1380.00,612.00,32.00,44.00,0.6723,1,1
124,7,1516.00,409.00,64.00,57.00,0.9274,1,1
125,1,1360.00,340.00,66.00,42.00,0.9428,1,1
125,2,1186.00,136.00,35.00,31.00,0.9163,1,1
125,3,868.00,197.00,41.00,40.00,0.9210,1,1
125,4,1380.00,612.00,32.00,44.00,0.6892,1,1
125,7,1516.00,409.00,64.00,57.00,0.9275,1,1
126,1,1360.00,341.00,67.00,41.00,0.9420,1,1
126,2,1184.00,133.00,33.00,32.00,0.9105,1,1
126,3,868.00,198.00,41.00,39.00,0.9188,1,1
126,4,1386.00,616.00,30.00,45.00,0.3178,1,1
126,7,1525.00,411.00,66.00,56.00,0.9258,1,1
127,1,1360.00,341.00,67.00,41.00,0.9425,1,1
127,2,1180.00,130.00,35.00,33.00,0.9138,1,1
127,3,868.00,198.00,41.00,40.00,0.9213,1,1
127,4,1388.00,615.00,31.00,47.00,0.2658,1,1
127,5,1375.00,377.00,37.00,35.00,0.5904,1,1
127,7,1526.00,411.00,69.00,57.00,0.9279,1,1
128,1,1361.00,341.00,66.00,42.00,0.9424,1,1
128,2,1177.00,129.00,35.00,32.00,0.9191,1,1
128,3,868.00,198.00,42.00,40.00,0.9225,1,1
128,4,1391.00,617.00,31.00,47.00,0.2658,1,1
128,5,1375.00,376.00,38.00,36.00,0.5443,1,1
128,7,1528.00,411.00,70.00,56.00,0.9324,1,1
129,1,1361.00,341.00,67.00,42.00,0.9392,1,1
129,2,1174.00,129.00,35.00,31.00,0.9183,1,1
129,3,868.00,198.00,41.00,40.00,0.9219,1,1
129,5,1375.00,376.00,38.00,36.00,0.5844,1,1
129,7,1529.00,411.00,71.00,56.00,0.9301,1,1
130,1,1361.00,343.00,67.00,40.00,0.9347,1,1
130,2,1172.00,129.00,36.00,30.00,0.9117,1,1
130,3,868.00,198.00,41.00,40.00,0.9228,1,1
130,5,1377.00,376.00,37.00,37.00,0.2990,1,1
130,7,1530.00,412.00,71.00,56.00,0.9289,1,1
131,1,1361.00,343.00,67.00,40.00,0.9346,1,1
131,2,1172.00,129.00,36.00,30.00,0.9120,1,1
131,3,868.00,198.00,41.00,39.00,0.9217,1,1
131,5,1376.00,376.00,38.00,37.00,0.3397,1,1
131,7,1531.00,411.00,70.00,57.00,0.9295,1,1
132,1,1361.00,343.00,69.00,40.00,0.9338,1,1
132,2,1170.00,125.00,36.00,32.00,0.9120,1,1
132,3,868.00,199.00,41.00,38.00,0.9171,1,1
132,4,1397.00,617.00,29.00,45.00,0.5207,1,1
132,5,1377.00,376.00,38.00,39.00,0.6832,1,1
132,7,1532.00,412.00,71.00,57.00,0.9256,1,1
133,1,1362.00,343.00,68.00,40.00,0.9339,1,1
133,2,1168.00,124.00,35.00,31.00,0.9023,1,1
133,3,868.00,199.00,41.00,38.00,0.9177,1,1
133,4,1399.00,617.00,27.00,41.00,0.6199,1,1
133,5,1377.00,377.00,38.00,38.00,0.6826,1,1
133,7,1533.00,411.00,71.00,59.00,0.9273,1,1
134,1,1361.00,343.00,70.00,40.00,0.9317,1,1
134,2,1166.00,124.00,36.00,31.00,0.9036,1,1
134,3,869.00,199.00,40.00,39.00,0.9256,1,1
134,4,1400.00,616.00,27.00,41.00,0.6659,1,1
134,5,1377.00,377.00,37.00,39.00,0.7199,1,1
134,7,1534.00,410.00,71.00,60.00,0.9280,1,1
135,1,1362.00,344.00,69.00,39.00,0.9313,1,1
135,2,1166.00,124.00,34.00,31.00,0.9027,1,1
135,3,869.00,200.00,41.00,38.00,0.9284,1,1
135,4,1401.00,615.00,26.00,40.00,0.2873,1,1
135,5,1379.00,377.00,37.00,39.00,0.7268,1,1
135,7,1535.00,410.00,70.00,60.00,0.9265,1,1
136,1,1362.00,344.00,70.00,40.00,0.9329,1,1
136,2,1165.00,123.00,34.00,32.00,0.9029,1,1
136,3,870.00,201.00,41.00,38.00,0.9301,1,1
136,4,1403.00,616.00,26.00,40.00,0.2873,1,1
136,5,1379.00,378.00,37.00,38.00,0.4685,1,1
136,7,1535.00,410.00,70.00,59.00,0.9289,1,1
137,1,1362.00,344.00,70.00,40.00,0.9331,1,1
137,2,1165.00,123.00,34.00,32.00,0.9031,1,1
137,3,870.00,201.00,41.00,38.00,0.9303,1,1
137,5,1379.00,378.00,37.00,38.00,0.5272,1,1
137,7,1535.00,410.00,70.00,59.00,0.9263,1,1
138,1,1363.00,344.00,69.00,40.00,0.9323,1,1
138,2,1164.00,122.00,34.00,31.00,0.9177,1,1
138,3,872.00,201.00,41.00,39.00,0.9236,1,1
138,5,1388.00,382.00,38.00,38.00,0.5272,1,1
138,7,1536.00,410.00,69.00,59.00,0.9256,1,1
138,9,1405.00,498.00,26.00,21.00,0.5451,1,1
139,1,1363.00,344.00,69.00,41.00,0.9316,1,1
139,2,1164.00,121.00,32.00,32.00,0.9169,1,1
139,3,872.00,201.00,42.00,40.00,0.9178,1,1
139,5,1380.00,380.00,36.00,37.00,0.3573,1,1
139,7,1536.00,411.00,69.00,57.00,0.9143,1,1
139,9,1405.00,497.00,26.00,21.00,0.5451,1,1
140,1,1363.00,344.00,69.00,41.00,0.9333,1,1
140,2,1164.00,121.00,32.00,32.00,0.9165,1,1
140,3,873.00,203.00,43.00,39.00,0.9032,1,1
140,5,1387.00,383.00,37.00,37.00,0.3573,1,1
140,7,1536.00,411.00,70.00,56.00,0.9148,1,1
141,1,1363.00,345.00,68.00,40.00,0.9308,1,1
141,2,1164.00,121.00,32.00,31.00,0.9190,1,1
141,3,875.00,205.00,42.00,39.00,0.8943,1,1
141,5,1374.00,380.00,34.00,38.00,0.2561,1,1
141,7,1537.00,411.00,70.00,55.00,0.9120,1,1
141,9,1406.00,498.00,27.00,20.00,0.3072,1,1
142,1,1363.00,345.00,69.00,41.00,0.9288,1,1
142,2,1163.00,120.00,32.00,32.00,0.9188,1,1
142,3,876.00,206.00,41.00,40.00,0.8957,1,1
142,5,1378.00,383.00,36.00,38.00,0.2561,1,1
142,7,1538.00,411.00,69.00,55.00,0.9125,1,1
142,9,1405.00,498.00,28.00,21.00,0.2879,1,1
143,1,1363.00,345.00,69.00,41.00,0.9287,1,1
143,2,1163.00,121.00,32.00,31.00,0.9195,1,1
143,3,876.00,206.00,41.00,40.00,0.8960,1,1
143,7,1538.00,411.00,70.00,55.00,0.9120,1,1
143,9,1405.00,498.00,28.00,21.00,0.3358,1,1
144,1,1363.00,345.00,69.00,41.00,0.9284,1,1
144,2,1162.00,118.00,33.00,31.00,0.9113,1,1
144,3,876.00,206.00,43.00,41.00,0.8916,1,1
144,7,1539.00,411.00,69.00,55.00,0.9180,1,1
144,9,1406.00,498.00,28.00,21.00,0.3754,1,1
145,1,1363.00,345.00,70.00,41.00,0.9279,1,1
145,2,1162.00,117.00,33.00,32.00,0.9097,1,1
145,3,876.00,207.00,44.00,41.00,0.8980,1,1
145,7,1539.00,411.00,69.00,54.00,0.9113,1,1
145,9,1407.00,499.00,29.00,21.00,0.5179,1,1
146,1,1363.00,345.00,70.00,41.00,0.9281,1,1
146,2,1162.00,116.00,33.00,31.00,0.9147,1,1
146,3,876.00,209.00,45.00,40.00,0.9052,1,1
146,7,1540.00,411.00,68.00,53.00,0.9040,1,1
146,9,1407.00,498.00,31.00,22.00,0.3352,1,1
147,1,1363.00,345.00,70.00,41.00,0.9266,1,1
147,2,1162.00,115.00,33.00,31.00,0.9182,1,1
147,3,876.00,209.00,46.00,40.00,0.9051,1,1
147,5,1382.00,381.00,35.00,38.00,0.5581,1,1
147,7,1540.00,411.00,68.00,52.00,0.8995,1,1
147,9,1408.00,500.00,29.00,20.00,0.5439,1,1
148,1,1363.00,346.00,70.00,40.00,0.9275,1,1
148,2,1162.00,113.00,33.00,31.00,0.9189,1,1
148,3,876.00,209.00,45.00,41.00,0.9051,1,1
148,5,1380.00,382.00,37.00,37.00,0.4521,1,1
148,7,1539.00,411.00,69.00,52.00,0.9002,1,1
148,9,1408.00,500.00,30.00,20.00,0.5439,1,1
149,1,1363.00,346.00,70.00,40.00,0.9273,1,1
149,2,1162.00,114.00,33.00,30.00,0.9178,1,1
149,3,876.00,209.00,45.00,41.00,0.9046,1,1
149,5,1380.00,382.00,37.00,37.00,0.4709,1,1
149,7,1539.00,411.00,68.00,52.00,0.9001,1,1
149,9,1408.00,499.00,30.00,20.00,0.3367,1,1
150,1,1364.00,346.00,69.00,41.00,0.9278,1,1
150,2,1162.00,111.00,32.00,31.00,0.9153,1,1
150,3,876.00,209.00,46.00,41.00,0.9128,1,1
150,5,1382.00,383.00,36.00,37.00,0.5066,1,1
150,7,1539.00,411.00,68.00,52.00,0.9026,1,1
150,9,1408.00,499.00,30.00,20.00,0.3367,1,1
151,1,1365.00,346.00,69.00,41.00,0.9255,1,1
151,2,1161.00,110.00,32.00,31.00,0.9046,1,1
151,3,876.00,209.00,47.00,41.00,0.9183,1,1
151,4,1396.00,601.00,30.00,49.00,0.3966,1,1
151,5,1382.00,383.00,37.00,37.00,0.8320,1,1
151,7,1539.00,410.00,68.00,52.00,0.8795,1,1
152,1,1366.00,347.00,69.00,41.00,0.9260,1,1
152,2,1160.00,109.00,32.00,31.00,0.9035,1,1
152,3,877.00,209.00,47.00,41.00,0.9175,1,1
152,4,1396.00,599.00,30.00,51.00,0.5053,1,1
152,5,1381.00,383.00,38.00,38.00,0.8874,1,1
152,7,1538.00,410.00,69.00,52.00,0.8854,1,1
153,1,1368.00,349.00,68.00,40.00,0.9239,1,1
153,2,1159.00,110.00,31.00,31.00,0.9069,1,1
153,3,877.00,209.00,46.00,41.00,0.9148,1,1
153,4,1395.00,598.00,30.00,49.00,0.7342,1,1
153,5,1383.00,385.00,36.00,38.00,0.8706,1,1
153,7,1537.00,410.00,70.00,52.00,0.8934,1,1
154,1,1369.00,350.00,69.00,41.00,0.9261,1,1
154,2,1157.00,108.00,31.00,30.00,0.9074,1,1
154,3,877.00,209.00,46.00,41.00,0.9171,1,1
154,4,1394.00,598.00,30.00,47.00,0.7792,1,1
154,5,1382.00,386.00,37.00,38.00,0.8485,1,1
154,7,1537.00,410.00,69.00,53.00,0.8878,1,1
155,1,1369.00,350.00,69.00,41.00,0.9264,1,1
155,2,1157.00,108.00,31.00,30.00,0.9073,1,1
155,3,877.00,209.00,46.00,42.00,0.9172,1,1
155,4,1394.00,598.00,30.00,47.00,0.7749,1,1
155,5,1382.00,386.00,37.00,38.00,0.8304,1,1
155,7,1537.00,410.00,69.00,53.00,0.8875,1,1
156,1,1370.00,350.00,71.00,42.00,0.9276,1,1
156,2,1152.00,106.00,32.00,29.00,0.9151,1,1
156,3,877.00,209.00,47.00,41.00,0.9195,1,1
156,4,1393.00,596.00,30.00,48.00,0.7131,1,1
156,5,1386.00,388.00,35.00,36.00,0.8741,1,1
156,7,1535.00,410.00,71.00,53.00,0.9080,1,1
157,1,1371.00,350.00,70.00,42.00,0.9265,1,1
157,2,1150.00,106.00,31.00,27.00,0.9113,1,1
157,3,877.00,209.00,47.00,41.00,0.9217,1,1
157,4,1392.00,595.00,31.00,49.00,0.7630,1,1
157,5,1386.00,388.00,36.00,36.00,0.8979,1,1
157,7,1534.00,409.00,72.00,53.00,0.9042,1,1
158,1,1371.00,350.00,70.00,42.00,0.9280,1,1
158,2,1148.00,105.00,31.00,29.00,0.9100,1,1
158,3,877.00,209.00,46.00,42.00,0.9232,1,1
158,4,1392.00,594.00,30.00,48.00,0.7846,1,1
158,5,1385.00,388.00,36.00,36.00,0.8864,1,1
158,7,1534.00,408.00,72.00,54.00,0.9111,1,1
159,1,1371.00,350.00,70.00,42.00,0.9292,1,1
159,2,1145.00,104.00,31.00,29.00,0.9070,1,1
159,3,877.00,209.00,46.00,41.00,0.9229,1,1
159,4,1391.00,594.00,30.00,48.00,0.7680,1,1
159,5,1385.00,388.00,36.00,36.00,0.8015,1,1
159,7,1533.00,408.00,72.00,54.00,0.9163,1,1
160,1,1371.00,351.00,70.00,41.00,0.9287,1,1
160,2,1143.00,103.00,31.00,26.00,0.9094,1,1
160,3,876.00,209.00,46.00,42.00,0.9232,1,1
160,4,1391.00,593.00,30.00,49.00,0.7661,1,1
160,5,1384.00,388.00,36.00,37.00,0.8641,1,1
160,7,1532.00,408.00,72.00,53.00,0.9234,1,1
161,1,1371.00,351.00,70.00,41.00,0.9288,1,1
161,2,1143.00,103.00,31.00,26.00,0.9094,1,1
161,3,876.00,209.00,46.00,42.00,0.9231,1,1
161,4,1391.00,593.00,30.00,49.00,0.7711,1,1
161,5,1384.00,388.00,36.00,37.00,0.8641,1,1
161,7,1532.00,408.00,72.00,53.00,0.9231,1,1
162,1,1371.00,349.00,70.00,43.00,0.9288,1,1
162,2,1139.00,100.00,29.00,27.00,0.9113,1,1
162,3,876.00,209.00,45.00,41.00,0.9197,1,1
162,4,1390.00,594.00,30.00,49.00,0.8110,1,1
162,5,1384.00,387.00,37.00,37.00,0.9076,1,1
162,7,1532.00,407.00,72.00,53.00,0.9198,1,1
163,1,1370.00,349.00,72.00,43.00,0.9304,1,1
163,2,1137.00,100.00,30.00,27.00,0.8987,1,1
163,3,876.00,209.00,44.00,41.00,0.9163,1,1
163,4,1390.00,594.00,29.00,48.00,0.7713,1,1
163,5,1385.00,388.00,36.00,36.00,0.8497,1,1
163,7,1531.00,406.00,72.00,53.00,0.9246,1,1
164,1,1369.00,349.00,72.00,43.00,0.9307,1,1
164,2,1136.00,100.00,29.00,27.00,0.9065,1,1
164,3,876.00,209.00,44.00,41.00,0.9175,1,1
164,4,1390.00,593.00,29.00,50.00,0.7167,1,1
164,5,1385.00,388.00,36.00,36.00,0.8500,1,1
164,7,1531.00,406.00,72.00,53.00,0.9250,1,1
164,9,1333.00,556.00,29.00,38.00,0.3591,1,1
165,1,1367.00,349.00,74.00,43.00,0.9311,1,1
165,2,1134.00,99.00,31.00,26.00,0.9016,1,1
165,3,876.00,209.00,44.00,41.00,0.9146,1,1
165,4,1391.00,593.00,28.00,50.00,0.6950,1,1
165,5,1384.00,388.00,36.00,36.00,0.8140,1,1
165,7,1530.00,406.00,73.00,53.00,0.9256,1,1
165,9,1333.00,557.00,30.00,38.00,0.5520,1,1
166,1,1366.00,348.00,74.00,43.00,0.9303,1,1
166,2,1133.00,97.00,30.00,26.00,0.9093,1,1
166,3,876.00,209.00,44.00,42.00,0.9139,1,1
166,4,1391.00,593.00,28.00,49.00,0.7249,1,1
166,5,1383.00,387.00,36.00,38.00,0.8525,1,1
166,7,1529.00,406.00,74.00,53.00,0.9268,1,1
166,9,1333.00,556.00,30.00,38.00,0.7472,1,1
167,1,1366.00,348.00,74.00,43.00,0.9305,1,1
167,2,1134.00,97.00,29.00,26.00,0.9092,1,1
167,3,876.00,209.00,44.00,42.00,0.9139,1,1
167,4,1391.00,593.00,28.00,49.00,0.7261,1,1
167,5,1383.00,386.00,36.00,39.00,0.8517,1,1
167,7,1529.00,406.00,74.00,53.00,0.9268,1,1
167,9,1333.00,556.00,30.00,38.00,0.7299,1,1
168,1,1365.00,346.00,75.00,43.00,0.9300,1,1
168,2,1132.00,96.00,28.00,27.00,0.9120,1,1
168,3,875.00,210.00,45.00,41.00,0.9134,1,1
168,4,1391.00,594.00,27.00,48.00,0.6954,1,1
168,5,1383.00,384.00,35.00,39.00,0.6752,1,1
168,7,1527.00,404.00,75.00,53.00,0.9182,1,1
168,9,1337.00,555.00,28.00,42.00,0.8550,1,1
169,1,1365.00,346.00,74.00,42.00,0.9286,1,1
169,2,1131.00,96.00,29.00,26.00,0.9067,1,1
169,3,875.00,210.00,45.00,41.00,0.9119,1,1
169,4,1393.00,593.00,27.00,49.00,0.7254,1,1
169,5,1383.00,383.00,36.00,40.00,0.7016,1,1
169,7,1527.00,404.00,75.00,53.00,0.9184,1,1
169,9,1338.00,553.00,29.00,42.00,0.7368,1,1
170,1,1364.00,346.00,75.00,41.00,0.9302,1,1
170,2,1130.00,96.00,29.00,26.00,0.9086,1,1
170,3,875.00,210.00,44.00,41.00,0.9123,1,1
170,4,1393.00,594.00,27.00,48.00,0.7171,1,1
170,5,1382.00,383.00,36.00,39.00,0.7164,1,1
170,7,1526.00,404.00,75.00,53.00,0.9198,1,1
170,9,1339.00,553.00,29.00,42.00,0.3430,1,1
171,1,1363.00,346.00,76.00,41.00,0.9310,1,1
171,2,1130.00,95.00,29.00,26.00,0.8959,1,1
171,3,876.00,210.00,43.00,41.00,0.9148,1,1
171,4,1394.00,594.00,26.00,48.00,0.7558,1,1
171,5,1382.00,383.00,37.00,39.00,0.6026,1,1
171,7,1526.00,404.00,75.00,52.00,0.9120,1,1
171,9,1338.00,554.00,29.00,43.00,0.3430,1,1
172,1,1363.00,346.00,75.00,41.00,0.9310,1,1
172,2,1130.00,95.00,29.00,25.00,0.8482,1,1
172,3,876.00,210.00,43.00,41.00,0.9152,1,1
172,4,1394.00,595.00,26.00,46.00,0.7736,1,1
172,5,1384.00,383.00,36.00,39.00,0.3953,1,1
172,7,1525.00,402.00,76.00,54.00,0.9026,1,1
173,1,1363.00,346.00,75.00,41.00,0.9311,1,1
173,2,1130.00,95.00,29.00,25.00,0.8549,1,1
173,3,876.00,210.00,43.00,41.00,0.9144,1,1
173,4,1394.00,595.00,26.00,46.00,0.7572,1,1
173,5,1384.00,383.00,36.00,39.00,0.3652,1,1
173,7,1525.00,402.00,76.00,54.00,0.9041,1,1
174,1,1363.00,346.00,76.00,41.00,0.9314,1,1
174,2,1129.00,94.00,30.00,26.00,0.8621,1,1
174,3,876.00,210.00,44.00,41.00,0.9174,1,1
174,4,1394.00,596.00,26.00,45.00,0.7602,1,1
174,5,1385.00,383.00,35.00,38.00,0.5018,1,1
174,7,1523.00,400.00,75.00,55.00,0.9099,1,1
174,9,1340.00,552.00,30.00,43.00,0.3746,1,1
175,1,1363.00,346.00,76.00,41.00,0.9315,1,1
175,2,1129.00,94.00,30.00,26.00,0.8795,1,1
175,3,876.00,209.00,44.00,41.00,0.9215,1,1
175,4,1394.00,596.00,26.00,45.00,0.7634,1,1
175,5,1385.00,383.00,35.00,38.00,0.4967,1,1
175,7,1522.00,399.00,76.00,56.00,0.9084,1,1
175,9,1341.00,552.00,29.00,43.00,0.4021,1,1
176,1,1362.00,346.00,77.00,41.00,0.9314,1,1
176,2,1130.00,94.00,29.00,27.00,0.8830,1,1
176,3,876.00,209.00,44.00,41.00,0.9229,1,1
176,4,1394.00,596.00,27.00,46.00,0.7394,1,1
176,5,1386.00,383.00,34.00,38.00,0.3437,1,1
176,7,1521.00,399.00,77.00,55.00,0.9087,1,1
176,9,1341.00,553.00,31.00,43.00,0.4692,1,1
177,1,1362.00,346.00,77.00,41.00,0.9310,1,1
177,2,1129.00,93.00,32.00,27.00,0.9110,1,1
177,3,876.00,209.00,45.00,41.00,0.9256,1,1
177,4,1394.00,596.00,27.00,46.00,0.7501,1,1
177,5,1386.00,383.00,34.00,38.00,0.4538,1,1
177,7,1520.00,399.00,78.00,54.00,0.9146,1,1
177,9,1341.00,553.00,31.00,42.00,0.4690,1,1
178,1,1363.00,346.00,76.00,41.00,0.9303,1,1
178,2,1131.00,92.00,31.00,27.00,0.9254,1,1
178,3,876.00,209.00,45.00,41.00,0.9237,1,1
178,4,1394.00,597.00,27.00,46.00,0.6966,1,1
178,5,1388.00,383.00,33.00,38.00,0.4803,1,1
178,7,1519.00,398.00,77.00,55.00,0.9170,1,1
178,9,1341.00,553.00,30.00,41.00,0.4111,1,1
179,1,1363.00,346.00,76.00,41.00,0.9302,1,1
179,2,1131.00,92.00,31.00,27.00,0.9253,1,1
179,3,876.00,209.00,45.00,41.00,0.9237,1,1
179,4,1394.00,597.00,26.00,46.00,0.7048,1,1
179,5,1388.00,383.00,33.00,38.00,0.4877,1,1
179,7,1519.00,398.00,78.00,55.00,0.9169,1,1
179,9,1341.00,553.00,30.00,41.00,0.4054,1,1
180,1,1363.00,346.00,75.00,41.00,0.9296,1,1
180,2,1133.00,90.00,29.00,26.00,0.9163,1,1
180,3,877.00,208.00,46.00,42.00,0.9213,1,1
180,4,1394.00,597.00,26.00,46.00,0.7124,1,1
180,5,1388.00,383.00,33.00,38.00,0.4694,1,1
180,7,1517.00,396.00,80.00,55.00,0.9178,1,1
180,9,1340.00,554.00,31.00,41.00,0.4054,1,1
181,1,1364.00,347.00,74.00,41.00,0.9293,1,1
181,2,1133.00,90.00,29.00,26.00,0.9155,1,1
181,3,877.00,209.00,46.00,42.00,0.9220,1,1
181,4,1394.00,597.00,26.00,45.00,0.6414,1,1
181,5,1388.00,383.00,33.00,38.00,0.4694,1,1
181,7,1517.00,396.00,79.00,55.00,0.9178,1,1
182,1,1365.00,349.00,73.00,41.00,0.9266,1,1
182,2,1133.00,90.00,29.00,25.00,0.9136,1,1
182,3,877.00,209.00,46.00,42.00,0.9200,1,1
182,4,1394.00,597.00,26.00,45.00,0.7276,1,1
182,5,1387.00,386.00,33.00,37.00,0.3341,1,1
182,7,1516.00,396.00,79.00,55.00,0.9186,1,1
183,1,1365.00,349.00,73.00,41.00,0.9271,1,1
183,2,1133.00,89.00,29.00,25.00,0.9032,1,1
183,3,877.00,209.00,46.00,42.00,0.9221,1,1
183,4,1393.00,598.00,27.00,45.00,0.7487,1,1
183,5,1389.00,386.00,31.00,38.00,0.3434,1,1
183,7,1515.00,396.00,78.00,54.00,0.9221,1,1
184,1,1366.00,349.00,71.00,41.00,0.9274,1,1
184,2,1133.00,87.00,28.00,25.00,0.9012,1,1
184,3,878.00,209.00,46.00,42.00,0.9216,1,1
184,4,1394.00,599.00,26.00,44.00,0.8623,1,1
184,5,1388.00,387.00,32.00,36.00,0.3251,1,1
184,7,1514.00,396.00,78.00,54.00,0.9198,1,1
185,1,1366.00,349.00,71.00,41.00,0.9271,1,1
185,2,1133.00,87.00,28.00,25.00,0.9011,1,1
185,3,878.00,209.00,46.00,42.00,0.9214,1,1
185,4,1394.00,599.00,26.00,44.00,0.8474,1,1
185,5,1388.00,387.00,32.00,36.00,0.3572,1,1
185,7,1514.00,396.00,78.00,54.00,0.9201,1,1
186,1,1365.00,349.00,72.00,41.00,0.9282,1,1
186,2,1130.00,87.00,29.00,25.00,0.8995,1,1
186,3,879.00,210.00,45.00,42.00,0.9180,1,1
186,4,1393.00,597.00,27.00,47.00,0.8888,1,1
186,5,1389.00,387.00,31.00,36.00,0.3572,1,1
186,7,1512.00,395.00,79.00,55.00,0.9173,1,1
187,1,1365.00,349.00,72.00,41.00,0.9276,1,1
187,2,1129.00,87.00,29.00,24.00,0.8979,1,1
187,3,879.00,210.00,45.00,43.00,0.9188,1,1
187,4,1393.00,597.00,26.00,46.00,0.8883,1,1
187,7,1511.00,395.00,80.00,56.00,0.9203,1,1
188,1,1365.00,349.00,72.00,42.00,0.9289,1,1
188,2,1128.00,85.00,29.00,25.00,0.9019,1,1
188,3,879.00,210.00,46.00,43.00,0.9132,1,1
188,4,1392.00,596.00,27.00,48.00,0.8871,1,1
188,7,1510.00,395.00,81.00,56.00,0.9215,1,1
189,1,1365.00,349.00,72.00,42.00,0.9284,1,1
189,2,1127.00,84.00,30.00,23.00,0.8965,1,1
189,3,879.00,210.00,46.00,43.00,0.9115,1,1
189,4,1393.00,597.00,26.00,47.00,0.8952,1,1
189,5,1387.00,386.00,32.00,37.00,0.2707,1,1
189,7,1510.00,395.00,81.00,55.00,0.9213,1,1
190,1,1364.00,349.00,74.00,42.00,0.9281,1,1
190,2,1125.00,83.00,31.00,23.00,0.8931,1,1
190,3,880.00,211.00,46.00,42.00,0.9001,1,1
190,4,1392.00,599.00,27.00,46.00,0.9002,1,1
190,5,1387.00,386.00,32.00,37.00,0.2707,1,1
190,7,1509.00,394.00,79.00,57.00,0.9190,1,1
191,1,1364.00,349.00,74.00,42.00,0.9281,1,1
191,2,1125.00,83.00,31.00,23.00,0.8933,1,1
191,3,880.00,210.00,45.00,43.00,0.9019,1,1
191,4,1392.00,599.00,27.00,46.00,0.9005,1,1
191,7,1509.00,394.00,79.00,57.00,0.9189,1,1
192,1,1363.00,348.00,75.00,43.00,0.9289,1,1
192,2,1123.00,83.00,31.00,22.00,0.8878,1,1
192,3,881.00,211.00,45.00,41.00,0.8967,1,1
192,4,1392.00,600.00,26.00,45.00,0.8937,1,1
192,7,1508.00,393.00,74.00,58.00,0.9196,1,1
193,1,1362.00,349.00,74.00,42.00,0.9291,1,1
193,2,1124.00,83.00,31.00,22.00,0.8886,1,1
193,3,881.00,211.00,46.00,42.00,0.8998,1,1
193,4,1391.00,603.00,26.00,44.00,0.9121,1,1
193,7,1508.00,393.00,71.00,61.00,0.9194,1,1
194,1,1362.00,350.00,74.00,41.00,0.9288,1,1
194,2,1124.00,81.00,32.00,22.00,0.8871,1,1
194,3,881.00,211.00,46.00,42.00,0.8990,1,1
194,4,1390.00,608.00,26.00,45.00,0.8993,1,1
194,5,1381.00,388.00,36.00,37.00,0.3495,1,1
194,7,1506.00,393.00,70.00,62.00,0.9235,1,1
195,1,1362.00,350.00,75.00,41.00,0.9279,1,1
195,2,1124.00,80.00,32.00,23.00,0.8880,1,1
195,3,882.00,211.00,45.00,42.00,0.8973,1,1
195,4,1390.00,610.00,26.00,45.00,0.8931,1,1
195,5,1386.00,385.00,37.00,37.00,0.2761,1,1
195,7,1505.00,393.00,71.00,63.00,0.9243,1,1
195,9,1381.00,388.00,36.00,37.00,0.4648,1,1
196,1,1362.00,349.00,75.00,42.00,0.9280,1,1
196,2,1124.00,80.00,32.00,22.00,0.8856,1,1
196,3,882.00,211.00,45.00,43.00,0.8986,1,1
196,4,1390.00,615.00,26.00,43.00,0.8642,1,1
196,5,1386.00,386.00,37.00,36.00,0.3670,1,1
196,7,1505.00,395.00,72.00,64.00,0.9272,1,1
196,9,1382.00,388.00,36.00,37.00,0.5778,1,1
197,1,1362.00,349.00,75.00,42.00,0.9282,1,1
197,2,1124.00,80.00,32.00,22.00,0.8853,1,1
197,3,882.00,211.00,45.00,43.00,0.8981,1,1
197,4,1390.00,615.00,26.00,43.00,0.8689,1,1
197,5,1386.00,385.00,37.00,37.00,0.3740,1,1
197,7,1505.00,394.00,72.00,65.00,0.9295,1,1
197,9,1382.00,388.00,36.00,37.00,0.6082,1,1
198,1,1362.00,351.00,74.00,41.00,0.9267,1,1
198,2,1123.00,80.00,33.00,20.00,0.8812,1,1
198,3,882.00,211.00,45.00,43.00,0.8968,1,1
198,4,1391.00,619.00,27.00,46.00,0.6495,1,1
198,5,1380.00,389.00,36.00,36.00,0.3332,1,1
198,7,1505.00,396.00,73.00,69.00,0.9338,1,1
198,9,1383.00,382.00,37.00,37.00,0.6082,1,1
199,1,1361.00,352.00,75.00,40.00,0.9251,1,1
199,2,1123.00,80.00,33.00,20.00,0.8792,1,1
199,3,882.00,211.00,45.00,44.00,0.8972,1,1
199,4,1393.00,626.00,27.00,42.00,0.5279,1,1
199,5,1379.00,389.00,36.00,36.00,0.2838,1,1
199,7,1506.00,399.00,72.00,67.00,0.9288,1,1
200,1,1361.00,352.00,75.00,41.00,0.9247,1,1
200,2,1124.00,80.00,33.00,19.00,0.8720,1,1
200,3,883.00,211.00,45.00,45.00,0.8961,1,1
200,4,1394.00,630.00,28.00,39.00,0.6442,1,1
200,5,1378.00,389.00,36.00,37.00,0.2973,1,1
200,7,1507.00,400.00,71.00,67.00,0.9299,1,1
201,1,1361.00,352.00,76.00,41.00,0.9255,1,1
201,2,1124.00,79.00,35.00,20.00,0.8863,1,1
201,3,883.00,211.00,45.00,45.00,0.9046,1,1
201,4,1396.00,635.00,29.00,37.00,0.6173,1,1
201,5,1378.00,390.00,37.00,36.00,0.3455,1,1
201,7,1507.00,401.00,69.00,69.00,0.9297,1,1
202,1,1361.00,352.00,77.00,41.00,0.9255,1,1
202,2,1124.00,79.00,35.00,19.00,0.8926,1,1
202,3,883.00,211.00,45.00,45.00,0.9037,1,1
202,4,1397.00,643.00,27.00,41.00,0.6552,1,1
202,5,1379.00,389.00,37.00,37.00,0.4443,1,1
202,7,1508.00,402.00,68.00,68.00,0.9299,1,1
203,1,1361.00,352.00,77.00,41.00,0.9252,1,1
203,2,1124.00,79.00,35.00,19.00,0.8924,1,1
203,3,884.00,212.00,44.00,44.00,0.9037,1,1
203,4,1397.00,643.00,27.00,41.00,0.6510,1,1
203,5,1379.00,389.00,36.00,37.00,0.3952,1,1
203,7,1508.00,402.00,67.00,67.00,0.9301,1,1
204,1,1362.00,352.00,75.00,41.00,0.9247,1,1
204,2,1126.00,79.00,34.00,19.00,0.8976,1,1
204,3,885.00,212.00,43.00,44.00,0.9030,1,1
204,4,1397.00,646.00,28.00,41.00,0.6510,1,1
204,5,1380.00,390.00,35.00,36.00,0.5444,1,1
204,7,1509.00,403.00,67.00,68.00,0.9289,1,1
205,1,1362.00,352.00,74.00,42.00,0.9263,1,1
205,2,1127.00,79.00,35.00,18.00,0.8937,1,1
205,3,886.00,212.00,43.00,44.00,0.9026,1,1
205,5,1380.00,390.00,35.00,37.00,0.5444,1,1
205,7,1509.00,404.00,67.00,69.00,0.9270,1,1
206,1,1362.00,352.00,74.00,42.00,0.9260,1,1
206,2,1127.00,78.00,36.00,19.00,0.8951,1,1
206,3,886.00,212.00,43.00,43.00,0.9016,1,1
206,5,1380.00,390.00,35.00,36.00,0.2898,1,1
206,7,1509.00,405.00,67.00,68.00,0.9296,1,1
206,9,1406.00,491.00,27.00,23.00,0.3269,1,1
207,1,1361.00,352.00,75.00,42.00,0.9263,1,1
207,2,1128.00,78.00,35.00,19.00,0.8944,1,1
207,3,886.00,212.00,43.00,43.00,0.8992,1,1
207,5,1380.00,390.00,35.00,36.00,0.2727,1,1
207,7,1509.00,405.00,68.00,69.00,0.9300,1,1
207,9,1408.00,499.00,27.00,21.00,0.3269,1,1
208,1,1361.00,352.00,75.00,42.00,0.9271,1,1
208,2,1130.00,79.00,33.00,18.00,0.8862,1,1
208,3,887.00,212.00,42.00,43.00,0.9004,1,1
208,5,1380.00,391.00,35.00,35.00,0.2727,1,1
208,7,1510.00,405.00,66.00,69.00,0.9311,1,1
209,1,1361.00,352.00,75.00,42.00,0.9271,1,1
209,2,1130.00,79.00,33.00,18.00,0.8860,1,1
209,3,887.00,212.00,42.00,43.00,0.9005,1,1
209,7,1510.00,405.00,66.00,69.00,0.9312,1,1
210,1,1361.00,352.00,75.00,42.00,0.9278,1,1
210,2,1132.00,79.00,32.00,19.00,0.8769,1,1
210,3,887.00,212.00,43.00,43.00,0.8975,1,1
210,5,1381.00,390.00,34.00,36.00,0.2859,1,1
210,7,1510.00,406.00,67.00,68.00,0.9323,1,1
211,1,1360.00,352.00,76.00,42.00,0.9268,1,1
211,2,1134.00,79.00,30.00,20.00,0.8758,1,1
211,3,888.00,212.00,42.00,43.00,0.8977,1,1
211,5,1381.00,390.00,34.00,36.00,0.2859,1,1
211,7,1509.00,407.00,67.00,68.00,0.9381,1,1
212,1,1360.00,352.00,75.00,42.00,0.9282,1,1
212,2,1135.00,79.00,31.00,20.00,0.8700,1,1
212,3,889.00,212.00,41.00,43.00,0.8992,1,1
212,7,1509.00,407.00,67.00,69.00,0.9395,1,1
213,1,1359.00,352.00,76.00,41.00,0.9279,1,1
213,2,1135.00,79.00,31.00,20.00,0.8667,1,1
213,3,889.00,211.00,41.00,44.00,0.8982,1,1
213,7,1509.00,407.00,66.00,70.00,0.9404,1,1
214,1,1359.00,352.00,76.00,41.00,0.9296,1,1
214,2,1135.00,79.00,31.00,20.00,0.8668,1,1
214,3,888.00,210.00,42.00,45.00,0.9030,1,1
214,5,1378.00,390.00,35.00,36.00,0.2945,1,1
214,7,1508.00,407.00,68.00,69.00,0.9389,1,1
215,1,1359.00,352.00,76.00,41.00,0.9295,1,1
215,2,1135.00,79.00,31.00,20.00,0.8666,1,1
215,3,888.00,210.00,42.00,44.00,0.9027,1,1
215,5,1378.00,390.00,35.00,36.00,0.2908,1,1
215,7,1508.00,407.00,68.00,69.00,0.9387,1,1
216,1,1359.00,352.00,76.00,41.00,0.9271,1,1
216,2,1136.00,79.00,29.00,22.00,0.8748,1,1
216,3,888.00,210.00,42.00,44.00,0.9064,1,1
216,5,1375.00,390.00,37.00,36.00,0.3952,1,1
216,7,1506.00,407.00,70.00,69.00,0.9374,1,1
217,1,1359.00,353.00,76.00,40.00,0.9276,1,1
217,2,1136.00,79.00,29.00,22.00,0.8712,1,1
217,3,889.00,209.00,41.00,45.00,0.9061,1,1
217,5,1375.00,390.00,37.00,36.00,0.3952,1,1
217,7,1503.00,407.00,73.00,69.00,0.9383,1,1
218,1,1360.00,354.00,75.00,40.00,0.9264,1,1
218,2,1136.00,79.00,29.00,22.00,0.8719,1,1
218,3,889.00,209.00,40.00,45.00,0.9051,1,1
218,7,1502.00,406.00,74.00,70.00,0.9382,1,1
219,1,1360.00,354.00,75.00,40.00,0.9268,1,1
219,2,1136.00,79.00,29.00,22.00,0.8688,1,1
219,3,889.00,208.00,40.00,45.00,0.9071,1,1
219,7,1501.00,405.00,73.00,70.00,0.9365,1,1
220,1,1361.00,354.00,74.00,40.00,0.9255,1,1
220,2,1135.00,79.00,29.00,21.00,0.8711,1,1
220,3,889.00,207.00,40.00,44.00,0.9062,1,1
220,5,1371.00,388.00,38.00,38.00,0.3409,1,1
220,7,1498.00,404.00,74.00,70.00,0.9363,1,1
221,1,1361.00,354.00,74.00,40.00,0.9251,1,1
221,2,1136.00,79.00,28.00,21.00,0.8701,1,1
221,3,889.00,207.00,41.00,44.00,0.9065,1,1
221,5,1371.00,388.00,39.00,38.00,0.3498,1,1
221,7,1498.00,404.00,74.00,70.00,0.9363,1,1
222,1,1363.00,355.00,74.00,43.00,0.9251,1,1
222,2,1136.00,78.00,27.00,23.00,0.8794,1,1
222,3,888.00,207.00,42.00,43.00,0.9054,1,1
222,4,1411.00,673.00,29.00,35.00,0.5228,1,1
222,5,1370.00,390.00,40.00,40.00,0.7028,1,1
222,7,1495.00,404.00,70.00,71.00,0.9288,1,1
223,1,1364.00,355.00,73.00,44.00,0.9258,1,1
223,2,1136.00,78.00,27.00,22.00,0.8746,1,1
223,3,886.00,205.00,43.00,45.00,0.9053,1,1
223,4,1410.00,674.00,30.00,34.00,0.4659,1,1
223,5,1372.00,391.00,39.00,39.00,0.5513,1,1
223,7,1492.00,404.00,72.00,71.00,0.9290,1,1
223,9,1028.00,63.00,34.00,14.00,0.5326,1,1
224,1,1365.00,355.00,72.00,45.00,0.9248,1,1
224,2,1136.00,78.00,26.00,22.00,0.8750,1,1
224,3,884.00,203.00,45.00,46.00,0.9045,1,1
224,4,1410.00,677.00,30.00,34.00,0.6757,1,1
224,5,1372.00,391.00,39.00,40.00,0.5513,1,1
224,7,1489.00,403.00,73.00,72.00,0.9322,1,1
224,9,1028.00,64.00,35.00,14.00,0.4873,1,1
225,1,1366.00,355.00,71.00,47.00,0.9243,1,1
225,2,1135.00,79.00,25.00,20.00,0.8680,1,1
225,3,883.00,202.00,46.00,46.00,0.9043,1,1
225,4,1411.00,677.00,31.00,34.00,0.7687,1,1
225,5,1373.00,392.00,40.00,39.00,0.2767,1,1
225,7,1487.00,403.00,73.00,71.00,0.9344,1,1
225,9,1028.00,65.00,35.00,13.00,0.2769,1,1
226,1,1367.00,356.00,70.00,49.00,0.9234,1,1
226,2,1135.00,78.00,26.00,22.00,0.8717,1,1
226,3,883.00,201.00,45.00,46.00,0.9087,1,1
226,4,1411.00,677.00,31.00,33.00,0.7873,1,1
226,5,1373.00,392.00,40.00,40.00,0.2767,1,1
226,7,1485.00,403.00,73.00,70.00,0.9353,1,1
226,9,1030.00,64.00,34.00,14.00,0.4408,1,1
227,1,1367.00,356.00,70.00,49.00,0.9223,1,1
227,2,1135.00,78.00,26.00,22.00,0.8718,1,1
227,3,883.00,200.00,45.00,47.00,0.9086,1,1
227,4,1411.00,677.00,31.00,33.00,0.7980,1,1
227,7,1485.00,403.00,73.00,70.00,0.9352,1,1
227,9,1030.00,65.00,34.00,13.00,0.4146,1,1
228,1,1368.00,359.00,68.00,49.00,0.9231,1,1
228,2,1135.00,79.00,24.00,22.00,0.8648,1,1
228,3,883.00,197.00,44.00,47.00,0.9089,1,1
228,4,1412.00,677.00,33.00,34.00,0.7762,1,1
228,7,1483.00,403.00,75.00,69.00,0.9363,1,1
228,9,1029.00,68.00,36.00,13.00,0.3337,1,1
229,1,1368.00,359.00,68.00,50.00,0.9202,1,1
229,2,1132.00,81.00,25.00,21.00,0.8511,1,1
229,3,881.00,196.00,46.00,48.00,0.9114,1,1
229,4,1413.00,678.00,33.00,33.00,0.7314,1,1
229,7,1482.00,402.00,75.00,70.00,0.9370,1,1
229,9,1032.00,66.00,34.00,13.00,0.3742,1,1
230,1,1368.00,363.00,68.00,48.00,0.9232,1,1
230,2,1129.00,85.00,26.00,20.00,0.8598,1,1
230,3,882.00,196.00,45.00,46.00,0.9127,1,1
230,4,1414.00,680.00,32.00,32.00,0.8196,1,1
230,7,1481.00,402.00,75.00,69.00,0.9343,1,1
230,9,1032.00,65.00,34.00,14.00,0.4912,1,1
230,10,1342.00,581.00,28.00,45.00,0.4454,1,1
231,1,1368.00,364.00,68.00,48.00,0.9238,1,1
231,2,1124.00,87.00,26.00,18.00,0.8454,1,1
231,3,884.00,194.00,42.00,44.00,0.9192,1,1
231,4,1415.00,680.00,33.00,31.00,0.8436,1,1
231,7,1480.00,401.00,76.00,68.00,0.9329,1,1
231,9,1034.00,65.00,33.00,14.00,0.4757,1,1
231,10,1340.00,581.00,27.00,44.00,0.5628,1,1
232,1,1368.00,364.00,68.00,48.00,0.9241,1,1
232,2,1123.00,90.00,24.00,17.00,0.8717,1,1
232,3,883.00,192.00,42.00,43.00,0.9265,1,1
232,4,1417.00,680.00,32.00,31.00,0.8293,1,1
232,5,1477.00,446.00,41.00,41.00,0.3123,1,1
232,7,1480.00,401.00,75.00,67.00,0.9289,1,1
232,9,1035.00,65.00,31.00,14.00,0.5030,1,1
232,10,1338.00,579.00,29.00,45.00,0.5017,1,1
233,1,1368.00,364.00,68.00,48.00,0.9248,1,1
233,2,1123.00,89.00,23.00,18.00,0.8714,1,1
233,3,883.00,192.00,42.00,43.00,0.9279,1,1
233,4,1417.00,680.00,32.00,31.00,0.8359,1,1
233,5,1486.00,451.00,41.00,41.00,0.3123,1,1
233,7,1480.00,401.00,75.00,67.00,0.9297,1,1
233,9,1034.00,65.00,32.00,14.00,0.5342,1,1
233,10,1339.00,579.00,27.00,45.00,0.5355,1,1
234,1,1365.00,364.00,71.00,49.00,0.9288,1,1
234,2,1120.00,94.00,25.00,16.00,0.8157,1,1
234,3,882.00,189.00,43.00,38.00,0.9155,1,1
234,4,1420.00,678.00,33.00,32.00,0.7878,1,1
234,5,1477.00,446.00,42.00,42.00,0.4352,1,1
234,7,1479.00,400.00,75.00,66.00,0.9284,1,1
234,9,1036.00,64.00,32.00,16.00,0.6455,1,1
234,10,1339.00,579.00,26.00,45.00,0.4382,1,1
235,1,1364.00,363.00,71.00,50.00,0.9282,1,1
235,2,1120.00,95.00,24.00,15.00,0.7566,1,1
235,3,882.00,186.00,43.00,37.00,0.9068,1,1
235,4,1420.00,681.00,34.00,30.00,0.4573,1,1
235,5,1477.00,446.00,42.00,41.00,0.3590,1,1
235,7,1478.00,399.00,75.00,66.00,0.9286,1,1
235,9,1035.00,64.00,33.00,16.00,0.6740,1,1
235,10,1338.00,578.00,26.00,46.00,0.7795,1,1
236,1,1363.00,362.00,73.00,48.00,0.9297,1,1
236,2,1119.00,95.00,25.00,17.00,0.6882,1,1
236,3,880.00,183.00,43.00,38.00,0.8989,1,1
236,4,1424.00,678.00,32.00,32.00,0.6929,1,1
236,5,1477.00,445.00,41.00,42.00,0.6014,1,1
236,7,1479.00,399.00,73.00,66.00,0.9258,1,1
236,9,1035.00,62.00,35.00,18.00,0.6580,1,1
236,10,1338.00,577.00,26.00,47.00,0.8803,1,1
237,1,1361.00,357.00,74.00,49.00,0.9273,1,1
237,2,1119.00,95.00,24.00,19.00,0.6095,1,1
237,3,879.00,183.00,42.00,33.00,0.9131,1,1
237,4,1425.00,679.00,32.00,31.00,0.6929,1,1
237,5,1477.00,445.00,41.00,41.00,0.3660,1,1
237,7,1477.00,398.00,75.00,65.00,0.9284,1,1
237,9,1037.00,63.00,32.00,17.00,0.6139,1,1
237,10,1338.00,577.00,26.00,47.00,0.9036,1,1
238,1,1359.00,356.00,74.00,48.00,0.9284,1,1
238,2,1118.00,96.00,24.00,19.00,0.6095,1,1
238,3,881.00,180.00,40.00,33.00,0.9151,1,1
238,5,1477.00,443.00,41.00,43.00,0.2698,1,1
238,7,1478.00,398.00,73.00,62.00,0.9252,1,1
238,9,1038.00,62.00,31.00,19.00,0.6885,1,1
238,10,1337.00,578.00,26.00,46.00,0.9021,1,1
239,1,1359.00,356.00,74.00,48.00,0.9284,1,1
239,3,881.00,180.00,40.00,33.00,0.9151,1,1
239,5,1476.00,443.00,42.00,43.00,0.2800,1,1
239,7,1478.00,398.00,73.00,62.00,0.9253,1,1
239,9,1038.00,62.00,31.00,19.00,0.6965,1,1
239,10,1337.00,578.00,26.00,46.00,0.9010,1,1
239,11,1103.00,108.00,45.00,30.00,0.8109,1,1
240,1,1355.00,355.00,73.00,45.00,0.9336,1,1
240,2,1109.00,104.00,38.00,23.00,0.7820,1,1
240,3,879.00,176.00,40.00,31.00,0.9244,1,1
240,5,1480.00,445.00,42.00,44.00,0.2800,1,1
240,7,1477.00,398.00,75.00,62.00,0.9290,1,1
240,9,1039.00,61.00,31.00,20.00,0.6453,1,1
240,10,1338.00,575.00,26.00,47.00,0.8920,1,1
240,11,1109.00,106.00,37.00,29.00,0.6227,1,1
241,1,1353.00,351.00,73.00,45.00,0.9349,1,1
241,2,1110.00,104.00,36.00,21.00,0.7699,1,1
241,3,879.00,173.00,41.00,30.00,0.9138,1,1
241,5,1363.00,390.00,40.00,38.00,0.5900,1,1
241,7,1477.00,398.00,74.00,62.00,0.9284,1,1
241,9,1041.00,61.00,29.00,20.00,0.7376,1,1
241,10,1338.00,575.00,26.00,45.00,0.9002,1,1
241,11,1110.00,105.00,37.00,29.00,0.6227,1,1
242,1,1351.00,348.00,71.00,44.00,0.9363,1,1
242,2,1111.00,104.00,34.00,20.00,0.7650,1,1
242,3,878.00,170.00,43.00,29.00,0.9181,1,1
242,5,1364.00,387.00,37.00,39.00,0.5287,1,1
242,7,1477.00,396.00,74.00,65.00,0.9280,1,1
242,9,1041.00,61.00,30.00,19.00,0.7233,1,1
242,10,1338.00,576.00,27.00,46.00,0.8853,1,1
243,1,1350.00,347.00,70.00,44.00,0.9339,1,1
243,2,1111.00,104.00,35.00,20.00,0.7726,1,1
243,3,877.00,168.00,42.00,28.00,0.8992,1,1
243,5,1364.00,385.00,36.00,39.00,0.4043,1,1
243,7,1476.00,396.00,75.00,64.00,0.9289,1,1
243,9,1041.00,61.00,30.00,19.00,0.7060,1,1
243,10,1336.00,574.00,28.00,46.00,0.8916,1,1
243,11,1110.00,107.00,35.00,24.00,0.5386,1,1
244,1,1348.00,347.00,72.00,44.00,0.9341,1,1
244,2,1114.00,105.00,32.00,19.00,0.7746,1,1
244,3,875.00,167.00,43.00,29.00,0.8761,1,1
244,4,1476.00,442.00,41.00,41.00,0.4716,1,1
244,5,1365.00,385.00,36.00,39.00,0.5151,1,1
244,7,1476.00,396.00,75.00,63.00,0.9260,1,1
244,9,1041.00,61.00,30.00,20.00,0.7771,1,1
244,10,1337.00,573.00,28.00,47.00,0.8865,1,1
244,11,1112.00,106.00,33.00,23.00,0.3626,1,1
245,1,1349.00,347.00,71.00,44.00,0.9345,1,1
245,2,1115.00,104.00,31.00,19.00,0.6882,1,1
245,3,876.00,166.00,41.00,30.00,0.8801,1,1
245,4,1476.00,442.00,41.00,41.00,0.4007,1,1
245,5,1366.00,385.00,36.00,39.00,0.6349,1,1
245,7,1476.00,397.00,75.00,62.00,0.9261,1,1
245,9,1045.00,62.00,27.00,19.00,0.7574,1,1
245,10,1337.00,571.00,30.00,48.00,0.8833,1,1
245,11,1114.00,106.00,31.00,21.00,0.3626,1,1
246,1,1348.00,346.00,71.00,44.00,0.9345,1,1
246,2,1115.00,104.00,31.00,19.00,0.7148,1,1
246,3,873.00,161.00,41.00,28.00,0.8831,1,1
246,4,1476.00,441.00,41.00,43.00,0.6445,1,1
246,5,1367.00,384.00,36.00,39.00,0.3600,1,1
246,7,1476.00,397.00,73.00,63.00,0.9265,1,1
246,9,1047.00,63.00,25.00,18.00,0.7597,1,1
246,10,1341.00,567.00,28.00,47.00,0.8510,1,1
247,1,1348.00,344.00,71.00,46.00,0.9361,1,1
247,2,1116.00,103.00,30.00,18.00,0.4890,1,1
247,3,871.00,158.00,42.00,28.00,0.8769,1,1
247,4,1475.00,442.00,42.00,43.00,0.7400,1,1
247,5,1363.00,381.00,35.00,40.00,0.3600,1,1
247,7,1473.00,397.00,76.00,62.00,0.9262,1,1
247,9,1046.00,63.00,27.00,18.00,0.7754,1,1
247,10,1342.00,565.00,29.00,48.00,0.8540,1,1
248,1,1347.00,343.00,72.00,47.00,0.9367,1,1
248,2,1116.00,102.00,29.00,18.00,0.2937,1,1
248,3,870.00,157.00,41.00,28.00,0.8932,1,1
248,4,1475.00,441.00,41.00,44.00,0.8275,1,1
248,7,1473.00,397.00,75.00,62.00,0.9257,1,1
248,9,1047.00,64.00,26.00,17.00,0.7826,1,1
248,10,1343.00,564.00,30.00,48.00,0.8776,1,1
249,1,1349.00,344.00,70.00,45.00,0.9377,1,1
249,2,1116.00,102.00,29.00,18.00,0.3988,1,1
249,3,869.00,154.00,40.00,27.00,0.8783,1,1
249,4,1472.00,441.00,43.00,43.00,0.7210,1,1
249,5,1369.00,383.00,36.00,38.00,0.3520,1,1
249,7,1471.00,396.00,75.00,63.00,0.9207,1,1
249,9,1048.00,64.00,24.00,17.00,0.7101,1,1
249,10,1344.00,561.00,31.00,50.00,0.8667,1,1
250,1,1350.00,344.00,69.00,46.00,0.9393,1,1
250,2,1116.00,103.00,30.00,18.00,0.3513,1,1
250,3,868.00,152.00,41.00,29.00,0.8839,1,1
250,4,1470.00,444.00,45.00,41.00,0.6862,1,1
250,5,1366.00,381.00,36.00,38.00,0.3520,1,1
250,7,1471.00,397.00,74.00,63.00,0.9195,1,1
250,9,1047.00,63.00,25.00,18.00,0.6781,1,1
250,10,1345.00,560.00,33.00,48.00,0.8071,1,1
251,1,1350.00,344.00,68.00,45.00,0.9392,1,1
251,2,1114.00,103.00,32.00,19.00,0.5005,1,1
251,3,868.00,152.00,41.00,28.00,0.8798,1,1
251,4,1470.00,444.00,45.00,40.00,0.6191,1,1
251,7,1471.00,397.00,74.00,62.00,0.9238,1,1
251,9,1046.00,64.00,26.00,19.00,0.6965,1,1
251,10,1345.00,560.00,33.00,49.00,0.7758,1,1
251,12,865.00,275.00,31.00,32.00,0.5548,1,1
252,1,1355.00,343.00,63.00,50.00,0.9453,1,1
252,2,1113.00,104.00,33.00,19.00,0.7042,1,1
252,3,866.00,147.00,39.00,26.00,0.8638,1,1
252,4,1467.00,443.00,44.00,40.00,0.3896,1,1
252,7,1468.00,398.00,75.00,62.00,0.9262,1,1
252,9,1046.00,64.00,26.00,19.00,0.7115,1,1
252,10,1353.00,568.00,25.00,45.00,0.7353,1,1
252,12,864.00,275.00,31.00,32.00,0.3207,1,1
253,1,1356.00,341.00,63.00,54.00,0.9466,1,1
253,2,1114.00,104.00,32.00,19.00,0.7144,1,1
253,3,865.00,145.00,39.00,25.00,0.8548,1,1
253,4,1466.00,443.00,46.00,39.00,0.2807,1,1
253,7,1466.00,398.00,75.00,63.00,0.9269,1,1
253,9,1046.00,65.00,26.00,19.00,0.7004,1,1
253,10,1354.00,568.00,25.00,45.00,0.7353,1,1
253,11,875.00,166.00,24.00,20.00,0.2794,1,1
253,12,863.00,275.00,31.00,32.00,0.3207,1,1
254,1,1359.00,341.00,61.00,56.00,0.9437,1,1
254,2,1114.00,104.00,32.00,19.00,0.7340,1,1
254,3,865.00,143.00,36.00,26.00,0.7694,1,1
254,4,1466.00,440.00,48.00,38.00,0.2807,1,1
254,7,1463.00,399.00,76.00,62.00,0.9336,1,1
254,9,1046.00,66.00,26.00,19.00,0.6512,1,1
254,10,1355.00,575.00,24.00,44.00,0.5357,1,1
254,11,855.00,171.00,24.00,19.00,0.2794,1,1
255,1,1360.00,341.00,61.00,58.00,0.9439,1,1
255,2,1114.00,104.00,32.00,19.00,0.7690,1,1
255,3,863.00,143.00,37.00,25.00,0.8210,1,1
255,7,1459.00,399.00,79.00,63.00,0.9385,1,1
255,9,1045.00,66.00,27.00,19.00,0.7206,1,1
255,10,1355.00,578.00,24.00,43.00,0.7113,1,1
255,11,869.00,164.00,26.00,19.00,0.4951,1,1
255,13,1411.00,688.00,35.00,39.00,0.8210,1,1
256,1,1361.00,341.00,60.00,61.00,0.9457,1,1
256,2,1114.00,104.00,32.00,19.00,0.7443,1,1
256,3,863.00,142.00,37.00,25.00,0.8270,1,1
256,7,1458.00,400.00,77.00,64.00,0.9359,1,1
256,9,1046.00,66.00,26.00,19.00,0.7123,1,1
256,10,1354.00,579.00,24.00,45.00,0.7904,1,1
256,11,868.00,164.00,27.00,19.00,0.3036,1,1
256,13,1407.00,690.00,34.00,39.00,0.7773,1,1
257,1,1361.00,341.00,60.00,61.00,0.9454,1,1
257,2,1114.00,104.00,32.00,19.00,0.7474,1,1
257,3,863.00,141.00,36.00,26.00,0.8498,1,1
257,7,1458.00,400.00,77.00,64.00,0.9363,1,1
257,9,1047.00,67.00,25.00,18.00,0.7047,1,1
257,10,1354.00,579.00,24.00,44.00,0.7748,1,1
257,11,868.00,164.00,27.00,19.00,0.4555,1,1
257,13,1407.00,690.00,34.00,39.00,0.7836,1,1
258,1,1362.00,340.00,59.00,61.00,0.9435,1,1
258,2,1114.00,104.00,31.00,19.00,0.7248,1,1
258,3,863.00,139.00,34.00,24.00,0.8863,1,1
258,5,1136.00,120.00,13.00,24.00,0.3191,1,1
258,7,1456.00,403.00,73.00,66.00,0.9369,1,1
258,9,1046.00,67.00,26.00,19.00,0.7175,1,1
258,10,1354.00,579.00,25.00,48.00,0.8765,1,1
258,11,858.00,167.00,27.00,19.00,0.4555,1,1
258,12,850.00,253.00,23.00,23.00,0.3010,1,1
258,13,1396.00,689.00,33.00,46.00,0.8649,1,1
259,1,1362.00,339.00,59.00,62.00,0.9447,1,1
259,2,1115.00,105.00,30.00,18.00,0.7471,1,1
259,3,863.00,137.00,34.00,24.00,0.8900,1,1
259,5,1136.00,119.00,12.00,24.00,0.3640,1,1
259,7,1453.00,405.00,72.00,65.00,0.9464,1,1
259,9,1046.00,67.00,26.00,19.00,0.7513,1,1
259,10,1354.00,582.00,25.00,45.00,0.8835,1,1
259,11,867.00,159.00,26.00,20.00,0.3248,1,1
259,12,851.00,254.00,25.00,25.00,0.3586,1,1
259,13,1389.00,688.00,34.00,48.00,0.9157,1,1
260,1,1362.00,337.00,59.00,64.00,0.9450,1,1
260,2,1116.00,102.00,28.00,18.00,0.4785,1,1
260,3,863.00,134.00,32.00,26.00,0.8948,1,1
260,4,1235.00,483.00,22.00,28.00,0.7293,1,1
260,5,1120.00,110.00,11.00,23.00,0.3640,1,1
260,7,1449.00,405.00,75.00,64.00,0.9433,1,1
260,9,1046.00,67.00,26.00,19.00,0.7107,1,1
260,10,1354.00,583.00,25.00,45.00,0.8820,1,1
260,11,859.00,161.00,26.00,20.00,0.3248,1,1
260,12,853.00,253.00,28.00,24.00,0.4268,1,1
260,13,1383.00,690.00,36.00,48.00,0.8127,1,1
261,1,1362.00,337.00,58.00,65.00,0.9467,1,1
261,2,1117.00,102.00,26.00,18.00,0.6227,1,1
261,3,863.00,134.00,33.00,25.00,0.8965,1,1
261,4,1232.00,486.00,23.00,27.00,0.8582,1,1
261,7,1443.00,406.00,80.00,63.00,0.9367,1,1
261,9,1046.00,67.00,26.00,20.00,0.7415,1,1
261,10,1355.00,584.00,23.00,44.00,0.8810,1,1
261,12,851.00,252.00,25.00,23.00,0.2955,1,1
261,13,1374.00,684.00,34.00,52.00,0.8744,1,1
261,15,853.00,253.00,28.00,23.00,0.5077,1,1
262,1,1362.00,337.00,58.00,64.00,0.9459,1,1
262,2,1117.00,100.00,25.00,19.00,0.4811,1,1
262,3,863.00,132.00,33.00,27.00,0.9015,1,1
262,4,1229.00,488.00,25.00,26.00,0.6374,1,1
262,5,1118.00,95.00,24.00,22.00,0.3616,1,1
262,7,1440.00,408.00,80.00,61.00,0.9419,1,1
262,9,1047.00,67.00,26.00,21.00,0.4638,1,1
262,10,1354.00,583.00,24.00,43.00,0.8344,1,1
262,12,854.00,254.00,27.00,23.00,0.5688,1,1
262,13,1368.00,678.00,31.00,51.00,0.9048,1,1
262,15,856.00,254.00,26.00,22.00,0.5077,1,1
263,1,1362.00,337.00,58.00,64.00,0.9459,1,1
263,2,1117.00,100.00,25.00,20.00,0.4495,1,1
263,3,863.00,132.00,33.00,27.00,0.9016,1,1
263,4,1229.00,489.00,25.00,25.00,0.6026,1,1
263,5,1105.00,87.00,26.00,21.00,0.3616,1,1
263,7,1440.00,408.00,81.00,62.00,0.9427,1,1
263,9,1047.00,67.00,27.00,21.00,0.4857,1,1
263,10,1354.00,583.00,24.00,43.00,0.8256,1,1
263,11,1089.00,158.00,14.00,20.00,0.3324,1,1
263,12,854.00,254.00,26.00,22.00,0.4697,1,1
263,13,1368.00,678.00,31.00,51.00,0.9044,1,1
263,15,851.00,253.00,25.00,22.00,0.3454,1,1
264,1,1359.00,335.00,59.00,63.00,0.9413,1,1
264,2,1120.00,96.00,25.00,20.00,0.5471,1,1
264,3,863.00,129.00,37.00,25.00,0.9008,1,1
264,4,1223.00,500.00,23.00,24.00,0.6274,1,1
264,7,1431.00,408.00,84.00,63.00,0.9503,1,1
264,9,1049.00,70.00,26.00,18.00,0.6353,1,1
264,10,1354.00,584.00,24.00,43.00,0.8256,1,1
264,11,1108.00,159.00,13.00,20.00,0.3324,1,1
264,12,853.00,253.00,26.00,22.00,0.4697,1,1
264,13,1353.00,666.00,33.00,49.00,0.8853,1,1
264,15,858.00,253.00,25.00,23.00,0.4913,1,1
265,1,1358.00,333.00,59.00,62.00,0.9365,1,1
265,2,1122.00,95.00,25.00,22.00,0.5294,1,1
265,3,864.00,128.00,39.00,24.00,0.8820,1,1
265,4,1224.00,498.00,25.00,25.00,0.6669,1,1
265,7,1428.00,407.00,79.00,64.00,0.9539,1,1
265,9,1050.00,71.00,25.00,19.00,0.5575,1,1
265,13,1343.00,655.00,36.00,58.00,0.7840,1,1
265,15,860.00,253.00,25.00,23.00,0.4913,1,1
266,1,1356.00,331.00,59.00,62.00,0.9320,1,1
266,2,1121.00,94.00,26.00,22.00,0.6452,1,1
266,3,864.00,128.00,39.00,23.00,0.8783,1,1
266,4,1225.00,495.00,26.00,28.00,0.8169,1,1
266,7,1424.00,407.00,78.00,63.00,0.9488,1,1
266,9,1051.00,71.00,25.00,20.00,0.5528,1,1
266,10,1422.00,445.00,46.00,46.00,0.3290,1,1
266,12,859.00,251.00,27.00,20.00,0.6685,1,1
266,13,1335.00,643.00,38.00,54.00,0.2803,1,1
267,1,1355.00,330.00,59.00,61.00,0.9302,1,1
267,2,1121.00,94.00,27.00,22.00,0.5995,1,1
267,3,865.00,127.00,39.00,23.00,0.8886,1,1
267,4,1226.00,495.00,25.00,31.00,0.8455,1,1
267,7,1420.00,407.00,79.00,63.00,0.9421,1,1
267,9,1054.00,71.00,23.00,21.00,0.4252,1,1
267,10,1430.00,431.00,48.00,47.00,0.3290,1,1
267,12,860.00,250.00,26.00,20.00,0.6685,1,1
267,13,1328.00,638.00,39.00,56.00,0.2803,1,1
267,15,858.00,250.00,27.00,21.00,0.7735,1,1
268,1,1354.00,330.00,56.00,60.00,0.9246,1,1
268,2,1121.00,92.00,27.00,21.00,0.4919,1,1
268,3,866.00,127.00,39.00,22.00,0.8872,1,1
268,4,1226.00,496.00,26.00,31.00,0.7314,1,1
268,5,1056.00,78.00,24.00,16.00,0.3700,1,1
268,7,1417.00,407.00,78.00,64.00,0.9445,1,1
268,9,1058.00,72.00,21.00,22.00,0.3330,1,1
268,15,860.00,250.00,27.00,21.00,0.4242,1,1
269,1,1354.00,330.00,56.00,60.00,0.9248,1,1
269,2,1057.00,80.00,23.00,19.00,0.4097,1,1
269,3,866.00,127.00,39.00,22.00,0.8843,1,1
269,4,1226.00,497.00,25.00,31.00,0.6148,1,1
269,5,1056.00,78.00,24.00,16.00,0.3604,1,1
269,7,1417.00,407.00,78.00,64.00,0.9437,1,1
269,9,1057.00,71.00,22.00,23.00,0.3259,1,1
269,11,1121.00,93.00,27.00,20.00,0.5072,1,1
269,15,859.00,249.00,26.00,22.00,0.4320,1,1
270,1,1346.00,325.00,57.00,60.00,0.9374,1,1
270,2,1057.00,75.00,25.00,18.00,0.6591,1,1
270,3,871.00,123.00,41.00,24.00,0.8782,1,1
270,4,1226.00,497.00,25.00,32.00,0.8550,1,1
270,5,1047.00,75.00,23.00,15.00,0.3604,1,1
270,7,1407.00,408.00,76.00,64.00,0.9417,1,1
270,9,1058.00,72.00,22.00,23.00,0.3259,1,1
270,10,1399.00,448.00,45.00,43.00,0.7891,1,1
270,11,1131.00,81.00,22.00,17.00,0.4811,1,1
270,15,867.00,246.00,27.00,21.00,0.4273,1,1
271,1,1341.00,321.00,59.00,61.00,0.9388,1,1
271,2,1057.00,74.00,27.00,18.00,0.7694,1,1
271,3,872.00,123.00,45.00,23.00,0.8826,1,1
271,4,1226.00,497.00,25.00,32.00,0.8533,1,1
271,7,1402.00,407.00,76.00,66.00,0.9419,1,1
271,10,1394.00,449.00,44.00,45.00,0.8477,1,1
271,11,1132.00,79.00,25.00,17.00,0.7505,1,1
271,15,869.00,246.00,27.00,20.00,0.4273,1,1
272,1,1338.00,320.00,57.00,59.00,0.9356,1,1
272,2,1057.00,74.00,28.00,19.00,0.7877,1,1
272,3,872.00,123.00,46.00,23.00,0.8850,1,1
272,4,1226.00,501.00,24.00,30.00,0.7517,1,1
272,7,1397.00,407.00,77.00,65.00,0.9469,1,1
272,9,1069.00,90.00,23.00,17.00,0.4139,1,1
272,10,1389.00,448.00,41.00,44.00,0.8757,1,1
272,11,1133.00,78.00,22.00,18.00,0.4866,1,1
272,12,1098.00,166.00,17.00,24.00,0.3362,1,1
273,1,1331.00,318.00,60.00,58.00,0.9328,1,1
273,2,1058.00,76.00,29.00,20.00,0.8390,1,1
273,3,874.00,123.00,46.00,23.00,0.8925,1,1
273,4,1226.00,502.00,25.00,30.00,0.8101,1,1
273,7,1391.00,408.00,77.00,66.00,0.9467,1,1
273,9,1069.00,90.00,22.00,19.00,0.5786,1,1
273,10,1385.00,445.00,36.00,41.00,0.4790,1,1
273,11,1131.00,77.00,27.00,19.00,0.8392,1,1
273,12,1119.00,158.00,17.00,23.00,0.3362,1,1
274,1,1326.00,316.00,59.00,58.00,0.9386,1,1
274,2,1058.00,76.00,33.00,22.00,0.8564,1,1
274,3,875.00,120.00,49.00,25.00,0.8931,1,1
274,4,1225.00,499.00,25.00,29.00,0.7988,1,1
274,7,1382.00,408.00,76.00,66.00,0.9473,1,1
274,9,1070.00,92.00,22.00,20.00,0.5925,1,1
274,10,1377.00,446.00,42.00,41.00,0.4766,1,1
274,11,1134.00,76.00,24.00,20.00,0.6886,1,1
274,12,1104.00,171.00,12.00,22.00,0.6513,1,1
275,1,1326.00,315.00,59.00,59.00,0.9392,1,1
275,2,1058.00,76.00,33.00,22.00,0.8480,1,1
275,3,875.00,120.00,49.00,25.00,0.8921,1,1
275,4,1226.00,499.00,24.00,29.00,0.8003,1,1
275,7,1382.00,408.00,76.00,66.00,0.9471,1,1
275,9,1070.00,92.00,22.00,20.00,0.5992,1,1
275,10,1377.00,446.00,42.00,41.00,0.4675,1,1
275,11,1135.00,76.00,23.00,20.00,0.6596,1,1
275,12,1103.00,171.00,13.00,22.00,0.6487,1,1
275,15,877.00,238.00,29.00,17.00,0.2735,1,1
276,1,1313.00,310.00,62.00,58.00,0.9333,1,1
276,2,1063.00,77.00,30.00,20.00,0.7945,1,1
276,3,877.00,120.00,49.00,24.00,0.8596,1,1
276,4,1223.00,495.00,25.00,28.00,0.4117,1,1
276,7,1367.00,407.00,79.00,65.00,0.9412,1,1
276,9,1073.00,91.00,20.00,21.00,0.7381,1,1
276,10,1364.00,446.00,41.00,42.00,0.3098,1,1
276,11,1134.00,72.00,27.00,19.00,0.6149,1,1
276,12,1106.00,174.00,13.00,21.00,0.8119,1,1
276,15,880.00,237.00,28.00,16.00,0.2735,1,1
277,1,1308.00,309.00,63.00,56.00,0.9342,1,1
277,2,1135.00,75.00,27.00,21.00,0.4027,1,1
277,3,878.00,120.00,49.00,24.00,0.8635,1,1
277,4,1220.00,496.00,25.00,27.00,0.4117,1,1
277,7,1360.00,406.00,85.00,65.00,0.9385,1,1
277,9,1063.00,77.00,33.00,22.00,0.7907,1,1
277,10,1362.00,443.00,41.00,42.00,0.3098,1,1
277,11,1135.00,71.00,27.00,21.00,0.6065,1,1
277,12,1107.00,174.00,13.00,21.00,0.8149,1,1
277,13,1353.00,442.00,44.00,48.00,0.7998,1,1
278,1,1307.00,308.00,61.00,55.00,0.9230,1,1
278,2,1069.00,77.00,29.00,20.00,0.7996,1,1
278,3,879.00,120.00,48.00,23.00,0.8612,1,1
278,7,1351.00,405.00,78.00,63.00,0.9376,1,1
278,9,1063.00,77.00,35.00,22.00,0.7907,1,1
278,11,1135.00,71.00,29.00,20.00,0.6808,1,1
278,12,1107.00,176.00,13.00,21.00,0.8358,1,1
278,13,1344.00,439.00,46.00,53.00,0.8934,1,1
279,1,1305.00,309.00,61.00,53.00,0.9188,1,1
279,2,1070.00,77.00,30.00,22.00,0.8315,1,1
279,3,880.00,120.00,47.00,23.00,0.8617,1,1
279,4,1212.00,614.00,30.00,27.00,0.5661,1,1
279,7,1342.00,401.00,80.00,65.00,0.9279,1,1
279,9,1078.00,95.00,21.00,24.00,0.4638,1,1
279,11,1136.00,71.00,29.00,20.00,0.7541,1,1
279,12,1108.00,175.00,13.00,20.00,0.8259,1,1
279,13,1337.00,438.00,46.00,55.00,0.9073,1,1
279,15,909.00,221.00,22.00,19.00,0.2707,1,1
280,1,1305.00,309.00,61.00,53.00,0.9196,1,1
280,2,1070.00,78.00,30.00,22.00,0.8354,1,1
280,3,880.00,120.00,46.00,23.00,0.8610,1,1
280,4,1212.00,614.00,30.00,27.00,0.5480,1,1
280,7,1342.00,401.00,80.00,66.00,0.9271,1,1
280,9,1077.00,95.00,22.00,25.00,0.4696,1,1
280,11,1136.00,71.00,29.00,20.00,0.7542,1,1
280,12,1108.00,175.00,13.00,20.00,0.8286,1,1
280,13,1337.00,438.00,46.00,55.00,0.9071,1,1
280,15,908.00,221.00,22.00,19.00,0.3064,1,1
281,1,1303.00,309.00,60.00,51.00,0.9259,1,1
281,2,1074.00,78.00,30.00,20.00,0.8503,1,1
281,3,882.00,118.00,47.00,24.00,0.8708,1,1
281,4,1209.00,626.00,31.00,26.00,0.5480,1,1
281,7,1329.00,393.00,77.00,69.00,0.9336,1,1
281,9,1081.00,95.00,20.00,25.00,0.4220,1,1
281,10,1263.00,567.00,28.00,37.00,0.8674,1,1
281,11,1136.00,71.00,32.00,18.00,0.7766,1,1
281,12,1111.00,179.00,12.00,20.00,0.7670,1,1
281,13,1321.00,431.00,50.00,55.00,0.9101,1,1
281,15,912.00,219.00,22.00,19.00,0.3064,1,1
282,1,1303.00,309.00,60.00,51.00,0.9283,1,1
282,2,1076.00,79.00,30.00,19.00,0.8612,1,1
282,3,883.00,118.00,46.00,23.00,0.8687,1,1
282,7,1322.00,389.00,78.00,68.00,0.9272,1,1
282,9,1081.00,94.00,20.00,26.00,0.3796,1,1
282,10,1238.00,652.00,28.00,36.00,0.4669,1,1
282,11,1136.00,71.00,32.00,18.00,0.7660,1,1
282,12,1113.00,181.00,12.00,20.00,0.7277,1,1
282,13,1316.00,430.00,50.00,53.00,0.8905,1,1
283,1,1303.00,309.00,61.00,51.00,0.9294,1,1
283,2,1079.00,79.00,27.00,20.00,0.8585,1,1
283,3,883.00,118.00,47.00,23.00,0.8704,1,1
283,7,1315.00,388.00,79.00,67.00,0.9323,1,1
283,9,1083.00,95.00,19.00,25.00,0.3582,1,1
283,10,1242.00,672.00,31.00,38.00,0.8939,1,1
283,11,1137.00,71.00,31.00,18.00,0.7650,1,1
283,12,1114.00,181.00,12.00,20.00,0.6947,1,1
283,13,1309.00,430.00,48.00,53.00,0.8949,1,1
284,1,1303.00,310.00,61.00,50.00,0.9223,1,1
284,2,1079.00,80.00,28.00,22.00,0.8581,1,1
284,3,884.00,118.00,47.00,23.00,0.8698,1,1
284,7,1308.00,388.00,78.00,67.00,0.9221,1,1
284,9,1083.00,95.00,20.00,25.00,0.2952,1,1
284,10,1256.00,684.00,28.00,41.00,0.8541,1,1
284,11,1137.00,71.00,31.00,18.00,0.7531,1,1
284,12,1114.00,184.00,12.00,19.00,0.7275,1,1
284,13,1302.00,429.00,48.00,53.00,0.9045,1,1
285,1,1303.00,309.00,62.00,51.00,0.9208,1,1
285,2,1080.00,81.00,27.00,20.00,0.8521,1,1
285,3,885.00,117.00,47.00,24.00,0.8814,1,1
285,4,1229.00,563.00,24.00,34.00,0.8678,1,1
285,7,1302.00,387.00,78.00,65.00,0.9199,1,1
285,9,1084.00,95.00,18.00,25.00,0.2648,1,1
285,10,1263.00,683.00,35.00,46.00,0.8906,1,1
285,11,1137.00,71.00,32.00,18.00,0.7531,1,1
285,12,1114.00,185.00,12.00,18.00,0.7270,1,1
285,13,1296.00,427.00,50.00,55.00,0.9059,1,1
286,1,1303.00,309.00,63.00,51.00,0.9209,1,1
286,2,1080.00,81.00,27.00,20.00,0.8507,1,1
286,3,885.00,117.00,47.00,23.00,0.8874,1,1
286,4,1229.00,562.00,24.00,35.00,0.8609,1,1
286,7,1302.00,387.00,78.00,65.00,0.9207,1,1
286,9,1084.00,95.00,18.00,25.00,0.2833,1,1
286,10,1263.00,683.00,35.00,46.00,0.8900,1,1
286,11,1137.00,71.00,32.00,18.00,0.7568,1,1
286,12,1114.00,185.00,12.00,18.00,0.7291,1,1
286,13,1296.00,427.00,50.00,55.00,0.9059,1,1
287,1,1305.00,309.00,62.00,52.00,0.9206,1,1
287,2,1083.00,82.00,26.00,19.00,0.8424,1,1
287,3,887.00,116.00,48.00,24.00,0.8989,1,1
287,4,1205.00,558.00,26.00,31.00,0.7120,1,1
287,7,1290.00,388.00,77.00,65.00,0.9233,1,1
287,9,1085.00,97.00,18.00,24.00,0.2833,1,1
287,10,1258.00,696.00,35.00,47.00,0.8900,1,1
287,11,1138.00,71.00,30.00,18.00,0.7461,1,1
287,12,1115.00,184.00,13.00,18.00,0.6605,1,1
287,13,1284.00,429.00,44.00,49.00,0.9024,1,1
287,15,1116.00,179.00,12.00,21.00,0.2750,1,1
288,1,1305.00,309.00,63.00,52.00,0.9212,1,1
288,2,1084.00,83.00,25.00,17.00,0.8312,1,1
288,3,887.00,116.00,49.00,24.00,0.8992,1,1
288,4,1190.00,555.00,31.00,39.00,0.7887,1,1
288,7,1284.00,388.00,77.00,67.00,0.9265,1,1
288,10,1297.00,691.00,30.00,38.00,0.9021,1,1
288,11,1138.00,71.00,30.00,18.00,0.7295,1,1
288,12,1115.00,184.00,13.00,18.00,0.6318,1,1
288,13,1276.00,425.00,48.00,57.00,0.8783,1,1
288,15,1117.00,179.00,11.00,22.00,0.3124,1,1
289,1,1305.00,308.00,63.00,53.00,0.9193,1,1
289,2,1084.00,84.00,25.00,17.00,0.8242,1,1
289,3,888.00,116.00,47.00,23.00,0.8966,1,1
289,4,1179.00,557.00,31.00,37.00,0.8288,1,1
289,7,1277.00,388.00,78.00,69.00,0.9369,1,1
289,9,1087.00,96.00,18.00,24.00,0.5134,1,1
289,10,1309.00,693.00,27.00,40.00,0.8872,1,1
289,11,1138.00,71.00,30.00,18.00,0.7332,1,1
289,12,1115.00,183.00,13.00,18.00,0.6033,1,1
289,13,1269.00,426.00,50.00,58.00,0.9036,1,1
289,15,1116.00,179.00,12.00,21.00,0.3110,1,1
290,1,1305.00,308.00,62.00,54.00,0.9198,1,1
290,2,1084.00,85.00,24.00,17.00,0.8434,1,1
290,3,889.00,116.00,47.00,23.00,0.8960,1,1
290,4,1164.00,562.00,29.00,38.00,0.8863,1,1
290,7,1268.00,392.00,80.00,67.00,0.9384,1,1
290,9,1088.00,96.00,17.00,24.00,0.4199,1,1
290,10,1313.00,695.00,32.00,39.00,0.8255,1,1
290,11,1138.00,72.00,30.00,18.00,0.6981,1,1
290,12,1115.00,183.00,14.00,19.00,0.5148,1,1
290,13,1260.00,430.00,53.00,61.00,0.9117,1,1
290,15,1132.00,175.00,11.00,22.00,0.3110,1,1
291,1,1305.00,309.00,61.00,54.00,0.9194,1,1
291,2,1084.00,86.00,25.00,16.00,0.8440,1,1
291,3,889.00,115.00,48.00,25.00,0.8964,1,1
291,4,1153.00,562.00,29.00,41.00,0.8779,1,1
291,7,1262.00,395.00,78.00,68.00,0.9363,1,1
291,9,1088.00,97.00,17.00,23.00,0.5934,1,1
291,10,1325.00,695.00,28.00,38.00,0.7429,1,1
291,11,1137.00,72.00,31.00,18.00,0.6612,1,1
291,12,1115.00,182.00,14.00,19.00,0.4060,1,1
291,13,1256.00,434.00,49.00,60.00,0.9020,1,1
291,15,1119.00,179.00,11.00,21.00,0.2869,1,1
292,1,1305.00,309.00,61.00,54.00,0.9192,1,1
292,2,1084.00,86.00,25.00,16.00,0.8421,1,1
292,3,889.00,115.00,49.00,25.00,0.8964,1,1
292,4,1153.00,562.00,29.00,41.00,0.8750,1,1
292,7,1262.00,395.00,78.00,68.00,0.9367,1,1
292,9,1088.00,97.00,17.00,23.00,0.6134,1,1
292,10,1325.00,695.00,28.00,38.00,0.7975,1,1
292,11,1138.00,71.00,30.00,19.00,0.6671,1,1
292,12,1115.00,182.00,14.00,19.00,0.4131,1,1
292,13,1256.00,434.00,49.00,60.00,0.9018,1,1
292,15,1119.00,179.00,11.00,21.00,0.2994,1,1
293,1,1301.00,310.00,60.00,54.00,0.9210,1,1
293,2,1084.00,86.00,24.00,17.00,0.8432,1,1
293,3,891.00,115.00,49.00,24.00,0.8974,1,1
293,4,1146.00,563.00,31.00,42.00,0.8750,1,1
293,7,1246.00,399.00,81.00,67.00,0.9360,1,1
293,9,1088.00,96.00,17.00,23.00,0.6694,1,1
293,10,1335.00,694.00,29.00,38.00,0.3196,1,1
293,11,1138.00,71.00,30.00,19.00,0.6886,1,1
293,12,1115.00,185.00,14.00,18.00,0.2770,1,1
293,13,1242.00,441.00,49.00,59.00,0.9290,1,1
293,15,1131.00,177.00,10.00,21.00,0.2994,1,1
294,1,1298.00,309.00,61.00,54.00,0.9257,1,1
294,2,1084.00,86.00,24.00,16.00,0.8407,1,1
294,3,892.00,115.00,48.00,24.00,0.8965,1,1
294,7,1240.00,400.00,82.00,67.00,0.9344,1,1
294,9,1088.00,97.00,17.00,23.00,0.6336,1,1
294,10,1336.00,691.00,29.00,40.00,0.3533,1,1
294,11,1138.00,72.00,30.00,18.00,0.6683,1,1
294,12,1117.00,185.00,14.00,19.00,0.2770,1,1
294,13,1236.00,442.00,49.00,60.00,0.9252,1,1
295,1,1296.00,310.00,62.00,54.00,0.9361,1,1
295,2,1084.00,87.00,25.00,16.00,0.8534,1,1
295,3,891.00,115.00,49.00,24.00,0.8970,1,1
295,4,1106.00,575.00,40.00,42.00,0.4155,1,1
295,7,1236.00,403.00,79.00,66.00,0.9295,1,1
295,9,1088.00,98.00,16.00,22.00,0.7053,1,1
295,10,1336.00,692.00,30.00,40.00,0.5525,1,1
295,11,1138.00,71.00,30.00,19.00,0.6863,1,1
295,12,1115.00,186.00,13.00,18.00,0.2616,1,1
295,13,1230.00,443.00,51.00,59.00,0.9134,1,1
296,1,1294.00,311.00,61.00,56.00,0.9433,1,1
296,2,1083.00,87.00,25.00,16.00,0.8641,1,1
296,3,892.00,115.00,48.00,24.00,0.8967,1,1
296,4,1103.00,580.00,37.00,42.00,0.8150,1,1
296,7,1227.00,404.00,83.00,67.00,0.9339,1,1
296,9,1086.00,100.00,18.00,20.00,0.7096,1,1
296,10,1336.00,694.00,30.00,38.00,0.4732,1,1
296,11,1137.00,71.00,30.00,19.00,0.6977,1,1
296,12,1115.00,188.00,12.00,18.00,0.3070,1,1
296,13,1224.00,448.00,54.00,58.00,0.9232,1,1
297,1,1290.00,313.00,61.00,56.00,0.9372,1,1
297,2,1082.00,87.00,26.00,17.00,0.8625,1,1
297,3,892.00,115.00,48.00,24.00,0.8972,1,1
297,4,1097.00,593.00,35.00,37.00,0.8454,1,1
297,7,1223.00,407.00,81.00,67.00,0.9418,1,1
297,9,1086.00,101.00,18.00,19.00,0.6100,1,1
297,10,1338.00,699.00,31.00,37.00,0.4732,1,1
297,11,1138.00,71.00,29.00,19.00,0.6824,1,1
297,12,1115.00,187.00,12.00,19.00,0.4069,1,1
297,13,1217.00,449.00,54.00,58.00,0.9096,1,1
298,1,1290.00,313.00,61.00,56.00,0.9369,1,1
298,2,1082.00,87.00,26.00,17.00,0.8610,1,1
298,3,892.00,115.00,48.00,24.00,0.8967,1,1
298,4,1098.00,593.00,34.00,37.00,0.8386,1,1
298,7,1223.00,407.00,81.00,67.00,0.9414,1,1
298,9,1086.00,101.00,18.00,19.00,0.5641,1,1
298,11,1138.00,71.00,29.00,19.00,0.6842,1,1
298,12,1115.00,187.00,12.00,19.00,0.4719,1,1
298,13,1217.00,449.00,54.00,59.00,0.9092,1,1
299,1,1283.00,314.00,62.00,57.00,0.9330,1,1
299,2,1081.00,87.00,27.00,17.00,0.8692,1,1
299,3,893.00,115.00,49.00,24.00,0.8996,1,1
299,4,1090.00,607.00,29.00,38.00,0.2921,1,1
299,7,1209.00,408.00,83.00,69.00,0.9559,1,1
299,9,1085.00,101.00,18.00,19.00,0.5243,1,1
299,11,1138.00,71.00,29.00,19.00,0.7263,1,1
299,12,1115.00,186.00,13.00,20.00,0.6012,1,1
299,13,1204.00,454.00,55.00,59.00,0.9068,1,1
300,1,1276.00,315.00,66.00,58.00,0.9351,1,1
300,2,1081.00,87.00,26.00,17.00,0.8678,1,1
300,3,893.00,115.00,49.00,24.00,0.9015,1,1
300,4,1088.00,611.00,28.00,38.00,0.3343,1,1
300,7,1201.00,407.00,84.00,70.00,0.9506,1,1
300,9,1084.00,102.00,18.00,18.00,0.5099,1,1
300,11,1138.00,72.00,29.00,18.00,0.7088,1,1
300,12,1115.00,187.00,12.00,20.00,0.6517,1,1
300,13,1199.00,454.00,57.00,60.00,0.9199,1,1
301,1,1270.00,318.00,66.00,60.00,0.9402,1,1
301,2,1081.00,88.00,25.00,17.00,0.8624,1,1
301,3,893.00,115.00,49.00,24.00,0.9030,1,1
301,4,1088.00,615.00,28.00,41.00,0.8347,1,1
301,7,1197.00,409.00,83.00,72.00,0.9465,1,1
301,9,1084.00,103.00,18.00,18.00,0.3957,1,1
301,11,1138.00,72.00,30.00,19.00,0.6733,1,1
301,12,1115.00,186.00,13.00,20.00,0.5486,1,1
301,13,1191.00,455.00,56.00,61.00,0.9442,1,1
302,1,1261.00,321.00,66.00,60.00,0.9338,1,1
302,2,1080.00,89.00,25.00,18.00,0.8753,1,1
302,3,893.00,115.00,49.00,25.00,0.8997,1,1
302,4,1088.00,617.00,26.00,40.00,0.8674,1,1
302,7,1189.00,411.00,84.00,72.00,0.9505,1,1
302,9,1083.00,104.00,18.00,18.00,0.4077,1,1
302,11,1138.00,71.00,30.00,20.00,0.6568,1,1
302,12,1115.00,187.00,12.00,20.00,0.5807,1,1
302,13,1186.00,458.00,53.00,60.00,0.9129,1,1
303,1,1257.00,324.00,65.00,59.00,0.9314,1,1
303,2,1079.00,89.00,25.00,18.00,0.8754,1,1
303,3,893.00,115.00,49.00,25.00,0.9022,1,1
303,4,1087.00,619.00,23.00,38.00,0.8562,1,1
303,7,1183.00,413.00,83.00,70.00,0.9465,1,1
303,9,1083.00,104.00,18.00,19.00,0.3540,1,1
303,10,1198.00,725.00,30.00,38.00,0.8893,1,1
303,11,1138.00,72.00,30.00,19.00,0.6192,1,1
303,12,1115.00,188.00,12.00,19.00,0.6354,1,1
303,13,1178.00,461.00,54.00,58.00,0.9142,1,1
304,1,1257.00,324.00,65.00,59.00,0.9323,1,1
304,2,1079.00,89.00,25.00,18.00,0.8752,1,1
304,3,893.00,115.00,50.00,25.00,0.9035,1,1
304,4,1087.00,619.00,23.00,38.00,0.8634,1,1
304,7,1183.00,413.00,83.00,70.00,0.9463,1,1
304,9,1083.00,104.00,18.00,19.00,0.3679,1,1
304,10,1198.00,725.00,30.00,38.00,0.8890,1,1
304,11,1138.00,71.00,30.00,20.00,0.6324,1,1
304,12,1115.00,188.00,12.00,19.00,0.6457,1,1
304,13,1178.00,461.00,54.00,58.00,0.9144,1,1
305,1,1249.00,328.00,70.00,59.00,0.9351,1,1
305,2,1077.00,90.00,26.00,19.00,0.8902,1,1
305,3,893.00,115.00,50.00,25.00,0.9028,1,1
305,4,1082.00,622.00,23.00,39.00,0.8634,1,1
305,7,1166.00,416.00,83.00,70.00,0.9306,1,1
305,9,1081.00,106.00,19.00,18.00,0.4137,1,1
305,10,1147.00,725.00,36.00,43.00,0.9091,1,1
305,11,1138.00,71.00,31.00,20.00,0.6570,1,1
305,12,1115.00,187.00,14.00,19.00,0.5463,1,1
305,13,1162.00,465.00,52.00,59.00,0.9185,1,1
306,1,1246.00,328.00,71.00,59.00,0.9327,1,1
306,2,1075.00,93.00,28.00,19.00,0.8704,1,1
306,3,893.00,115.00,50.00,25.00,0.9030,1,1
306,7,1158.00,420.00,86.00,70.00,0.9259,1,1
306,9,1081.00,106.00,18.00,19.00,0.4137,1,1
306,10,1121.00,718.00,41.00,46.00,0.9134,1,1
306,11,1138.00,71.00,31.00,20.00,0.6802,1,1
306,12,1116.00,187.00,13.00,19.00,0.5463,1,1
306,13,1152.00,470.00,59.00,58.00,0.9156,1,1
306,15,1115.00,189.00,14.00,20.00,0.5439,1,1
307,1,1244.00,329.00,70.00,59.00,0.9312,1,1
307,2,1076.00,94.00,26.00,20.00,0.8594,1,1
307,3,894.00,115.00,49.00,25.00,0.9017,1,1
307,7,1149.00,424.00,91.00,69.00,0.9380,1,1
307,10,1100.00,708.00,43.00,46.00,0.8968,1,1
307,11,1138.00,71.00,31.00,20.00,0.6843,1,1
307,13,1144.00,474.00,58.00,56.00,0.8893,1,1
307,15,1116.00,190.00,16.00,20.00,0.4249,1,1
308,1,1241.00,331.00,74.00,57.00,0.9280,1,1
308,2,1076.00,95.00,27.00,21.00,0.7878,1,1
308,3,894.00,116.00,48.00,24.00,0.8981,1,1
308,4,1079.00,702.00,46.00,43.00,0.9135,1,1
308,7,1136.00,426.00,92.00,69.00,0.9353,1,1
308,10,1083.00,709.00,45.00,47.00,0.8968,1,1
308,11,1138.00,72.00,31.00,19.00,0.7103,1,1
308,13,1133.00,474.00,53.00,61.00,0.9221,1,1
308,15,1116.00,191.00,16.00,20.00,0.4136,1,1
309,1,1239.00,331.00,73.00,57.00,0.9302,1,1
309,2,1076.00,97.00,27.00,23.00,0.7069,1,1
309,3,894.00,116.00,47.00,24.00,0.8939,1,1
309,4,1066.00,695.00,51.00,40.00,0.8942,1,1
309,7,1131.00,429.00,89.00,69.00,0.9454,1,1
309,11,1138.00,71.00,33.00,20.00,0.6805,1,1
309,13,1124.00,474.00,57.00,60.00,0.8828,1,1
309,15,1116.00,191.00,16.00,21.00,0.4005,1,1
309,27,1245.00,372.00,39.00,38.00,0.4621,1,1
310,1,1239.00,331.00,73.00,57.00,0.9293,1,1
310,2,1075.00,97.00,28.00,23.00,0.7139,1,1
310,3,894.00,116.00,47.00,24.00,0.8948,1,1
310,4,1066.00,695.00,51.00,40.00,0.8947,1,1
310,7,1131.00,429.00,89.00,69.00,0.9451,1,1
310,11,1138.00,71.00,33.00,21.00,0.6808,1,1
310,13,1124.00,474.00,57.00,60.00,0.8831,1,1
310,15,1116.00,190.00,15.00,22.00,0.4188,1,1
310,27,1245.00,372.00,39.00,37.00,0.4286,1,1
311,1,1237.00,336.00,69.00,51.00,0.9411,1,1
311,2,1076.00,100.00,27.00,22.00,0.8715,1,1
311,3,895.00,117.00,44.00,24.00,0.8835,1,1
311,4,1037.00,695.00,48.00,38.00,0.8954,1,1
311,7,1107.00,432.00,97.00,75.00,0.9455,1,1
311,9,907.00,140.00,20.00,20.00,0.3809,1,1
311,10,1212.00,581.00,32.00,38.00,0.8633,1,1
311,11,1138.00,71.00,33.00,21.00,0.6911,1,1
311,13,1105.00,481.00,54.00,59.00,0.9261,1,1
311,15,1115.00,191.00,16.00,22.00,0.3698,1,1
311,27,1242.00,370.00,41.00,38.00,0.4112,1,1
312,1,1234.00,336.00,68.00,52.00,0.9385,1,1
312,2,1076.00,100.00,27.00,22.00,0.8767,1,1
312,3,895.00,117.00,43.00,24.00,0.8708,1,1
312,4,1026.00,697.00,47.00,38.00,0.8919,1,1
312,7,1100.00,432.00,88.00,74.00,0.9441,1,1
312,9,907.00,141.00,21.00,19.00,0.3074,1,1
312,10,1207.00,577.00,32.00,39.00,0.8684,1,1
312,11,1138.00,71.00,32.00,21.00,0.6702,1,1
312,13,1092.00,481.00,55.00,58.00,0.9140,1,1
312,15,1115.00,195.00,15.00,21.00,0.3114,1,1
312,27,1241.00,370.00,42.00,38.00,0.4112,1,1
313,1,1230.00,338.00,71.00,52.00,0.9344,1,1
313,2,1077.00,102.00,28.00,22.00,0.8812,1,1
313,3,895.00,119.00,42.00,23.00,0.8461,1,1
313,4,1018.00,705.00,49.00,39.00,0.9018,1,1
313,7,1089.00,432.00,88.00,74.00,0.9505,1,1
313,9,894.00,144.00,21.00,19.00,0.3074,1,1
313,10,1200.00,571.00,35.00,45.00,0.8955,1,1
313,11,1138.00,71.00,31.00,22.00,0.6588,1,1
313,13,1082.00,480.00,54.00,60.00,0.9105,1,1
313,15,1115.00,195.00,15.00,21.00,0.2984,1,1
313,27,1234.00,372.00,44.00,46.00,0.5624,1,1
314,1,1226.00,339.00,73.00,52.00,0.9355,1,1
314,2,1077.00,102.00,29.00,23.00,0.8786,1,1
314,3,895.00,119.00,41.00,23.00,0.8187,1,1
314,4,1011.00,716.00,44.00,39.00,0.9012,1,1
314,7,1078.00,431.00,90.00,73.00,0.9459,1,1
314,10,1188.00,572.00,37.00,42.00,0.8905,1,1
314,11,1137.00,71.00,31.00,21.00,0.6882,1,1
314,13,1071.00,482.00,58.00,59.00,0.9089,1,1
314,15,1115.00,191.00,15.00,21.00,0.2796,1,1
314,27,1229.00,372.00,41.00,48.00,0.2727,1,1
315,1,1223.00,341.00,71.00,53.00,0.9384,1,1
315,2,1077.00,103.00,31.00,23.00,0.8762,1,1
315,3,895.00,119.00,39.00,24.00,0.7529,1,1
315,4,1006.00,726.00,47.00,43.00,0.9270,1,1
315,7,1067.00,432.00,90.00,74.00,0.9531,1,1
315,9,906.00,143.00,21.00,20.00,0.2673,1,1
315,10,1181.00,572.00,34.00,40.00,0.8802,1,1
315,11,1137.00,71.00,29.00,21.00,0.6885,1,1
315,13,1063.00,485.00,55.00,57.00,0.8928,1,1
315,15,1116.00,191.00,15.00,21.00,0.2595,1,1
315,27,1226.00,372.00,42.00,49.00,0.2727,1,1
316,1,1223.00,341.00,71.00,53.00,0.9383,1,1
316,2,1077.00,103.00,31.00,23.00,0.8765,1,1
316,3,895.00,119.00,39.00,24.00,0.7472,1,1
316,4,1006.00,726.00,47.00,43.00,0.9273,1,1
316,7,1067.00,432.00,90.00,74.00,0.9529,1,1
316,9,906.00,143.00,21.00,20.00,0.3029,1,1
316,10,1181.00,572.00,34.00,40.00,0.8805,1,1
316,11,1137.00,71.00,29.00,21.00,0.6775,1,1
316,13,1063.00,485.00,55.00,57.00,0.8929,1,1
316,15,1115.00,191.00,16.00,21.00,0.2599,1,1
317,1,1212.00,345.00,69.00,53.00,0.9376,1,1
317,2,1078.00,104.00,30.00,22.00,0.8610,1,1
317,3,895.00,119.00,39.00,25.00,0.7877,1,1
317,4,1014.00,748.00,44.00,47.00,0.9097,1,1
317,7,1045.00,432.00,94.00,74.00,0.9505,1,1
317,9,898.00,145.00,22.00,21.00,0.3029,1,1
317,10,1161.00,568.00,35.00,38.00,0.8990,1,1
317,11,1135.00,71.00,28.00,22.00,0.6353,1,1
317,13,1044.00,484.00,57.00,60.00,0.9171,1,1
317,15,1116.00,191.00,15.00,21.00,0.2599,1,1
317,27,1211.00,372.00,40.00,50.00,0.5634,1,1
317,28,973.00,625.00,33.00,24.00,0.7781,1,1
318,1,1205.00,346.00,70.00,53.00,0.9357,1,1
318,2,1079.00,105.00,29.00,22.00,0.8562,1,1
318,3,894.00,120.00,39.00,24.00,0.8556,1,1
318,4,1024.00,758.00,41.00,45.00,0.9221,1,1
318,7,1037.00,432.00,94.00,75.00,0.9519,1,1
318,10,1150.00,564.00,35.00,36.00,0.8295,1,1
318,11,1134.00,71.00,27.00,22.00,0.6059,1,1
318,13,1034.00,485.00,58.00,62.00,0.9081,1,1
318,27,1203.00,374.00,42.00,50.00,0.4386,1,1
318,28,974.00,624.00,25.00,34.00,0.5330,1,1
319,1,1199.00,349.00,69.00,52.00,0.9393,1,1
319,2,1080.00,108.00,29.00,22.00,0.8668,1,1
319,3,894.00,122.00,39.00,23.00,0.8800,1,1
319,4,1038.00,763.00,34.00,47.00,0.8842,1,1
319,7,1028.00,434.00,95.00,74.00,0.9465,1,1
319,10,1141.00,560.00,39.00,36.00,0.3553,1,1
319,11,1134.00,75.00,25.00,21.00,0.7548,1,1
319,13,1025.00,490.00,61.00,58.00,0.9134,1,1
319,27,1198.00,378.00,39.00,49.00,0.3562,1,1
319,28,969.00,624.00,26.00,38.00,0.5330,1,1
320,1,1191.00,351.00,70.00,52.00,0.9397,1,1
320,2,1081.00,108.00,30.00,22.00,0.8763,1,1
320,3,894.00,124.00,37.00,23.00,0.9006,1,1
320,4,1051.00,767.00,33.00,44.00,0.8827,1,1
320,7,1016.00,438.00,99.00,74.00,0.9473,1,1
320,10,1136.00,554.00,39.00,36.00,0.3553,1,1
320,11,1135.00,76.00,24.00,22.00,0.8328,1,1
320,13,1017.00,493.00,53.00,59.00,0.9246,1,1
320,27,1193.00,384.00,46.00,48.00,0.3504,1,1
320,28,942.00,655.00,25.00,35.00,0.9018,1,1
321,1,1181.00,352.00,71.00,54.00,0.9369,1,1
321,2,1082.00,107.00,29.00,23.00,0.8819,1,1
321,3,894.00,124.00,36.00,23.00,0.9033,1,1
321,4,1063.00,768.00,31.00,48.00,0.8882,1,1
321,7,1007.00,441.00,98.00,76.00,0.9366,1,1
321,11,1134.00,76.00,24.00,20.00,0.6999,1,1
321,12,1134.00,71.00,25.00,22.00,0.3511,1,1
321,13,1006.00,498.00,61.00,59.00,0.9157,1,1
321,27,1181.00,383.00,41.00,48.00,0.5400,1,1
321,28,923.00,662.00,26.00,37.00,0.8486,1,1
322,1,1181.00,352.00,71.00,54.00,0.9371,1,1
322,2,1082.00,107.00,29.00,23.00,0.8825,1,1
322,3,894.00,124.00,36.00,23.00,0.9031,1,1
322,4,1063.00,768.00,31.00,48.00,0.8880,1,1
322,7,1007.00,441.00,98.00,76.00,0.9365,1,1
322,11,1134.00,76.00,24.00,20.00,0.6967,1,1
322,12,1134.00,71.00,25.00,22.00,0.3514,1,1
322,13,1006.00,498.00,61.00,59.00,0.9156,1,1
322,27,1181.00,383.00,41.00,48.00,0.5372,1,1
322,28,923.00,662.00,26.00,37.00,0.8461,1,1
323,1,1165.00,351.00,70.00,54.00,0.9398,1,1
323,2,1086.00,108.00,29.00,23.00,0.8681,1,1
323,3,891.00,126.00,37.00,24.00,0.8948,1,1
323,4,1085.00,764.00,32.00,48.00,0.8915,1,1
323,7,986.00,446.00,101.00,79.00,0.9372,1,1
323,9,897.00,149.00,26.00,23.00,0.4230,1,1
323,10,1167.00,520.00,41.00,35.00,0.7522,1,1
323,11,1130.00,85.00,23.00,19.00,0.5497,1,1
323,12,1135.00,68.00,26.00,21.00,0.3514,1,1
323,13,986.00,503.00,57.00,60.00,0.9126,1,1
323,27,1167.00,386.00,46.00,44.00,0.5663,1,1
323,28,891.00,671.00,29.00,45.00,0.9104,1,1
324,1,1157.00,351.00,70.00,54.00,0.9300,1,1
324,2,1086.00,109.00,31.00,25.00,0.8564,1,1
324,3,891.00,128.00,35.00,24.00,0.8940,1,1
324,4,1095.00,767.00,26.00,39.00,0.8524,1,1
324,7,976.00,450.00,102.00,79.00,0.9420,1,1
324,9,897.00,151.00,24.00,22.00,0.7680,1,1
324,10,1159.00,520.00,41.00,36.00,0.5690,1,1
324,11,1129.00,86.00,23.00,19.00,0.5497,1,1
324,13,977.00,511.00,61.00,58.00,0.8996,1,1
324,27,1157.00,383.00,41.00,47.00,0.7870,1,1
324,28,873.00,678.00,32.00,45.00,0.9018,1,1
325,1,1150.00,351.00,66.00,51.00,0.9318,1,1
325,2,1089.00,109.00,28.00,26.00,0.7555,1,1
325,3,890.00,129.00,36.00,25.00,0.8928,1,1
325,4,1099.00,766.00,28.00,37.00,0.7496,1,1
325,7,965.00,454.00,103.00,81.00,0.9524,1,1
325,9,896.00,152.00,25.00,22.00,0.7133,1,1
325,10,1151.00,521.00,41.00,38.00,0.5911,1,1
325,13,966.00,515.00,61.00,60.00,0.9125,1,1
325,15,1113.00,101.00,32.00,31.00,0.7637,1,1
325,27,1150.00,384.00,41.00,45.00,0.5280,1,1
325,28,859.00,685.00,33.00,47.00,0.8963,1,1
326,1,1139.00,350.00,69.00,50.00,0.9307,1,1
326,2,1090.00,108.00,32.00,28.00,0.7312,1,1
326,3,890.00,131.00,35.00,24.00,0.8987,1,1
326,4,1101.00,763.00,28.00,38.00,0.8053,1,1
326,7,955.00,460.00,103.00,82.00,0.9367,1,1
326,9,895.00,153.00,26.00,22.00,0.2725,1,1
326,10,1102.00,552.00,37.00,38.00,0.8561,1,1
326,13,954.00,520.00,67.00,62.00,0.9078,1,1
326,15,1118.00,103.00,26.00,27.00,0.6763,1,1
326,27,1136.00,382.00,43.00,48.00,0.7016,1,1
326,28,844.00,691.00,34.00,48.00,0.8762,1,1
327,1,1133.00,349.00,67.00,50.00,0.9331,1,1
327,2,1091.00,108.00,33.00,27.00,0.7819,1,1
327,3,889.00,132.00,35.00,25.00,0.9031,1,1
327,4,1100.00,759.00,31.00,42.00,0.8364,1,1
327,7,947.00,466.00,101.00,81.00,0.9444,1,1
327,9,892.00,155.00,26.00,21.00,0.2725,1,1
327,10,1098.00,558.00,34.00,37.00,0.7904,1,1
327,13,944.00,526.00,60.00,59.00,0.8937,1,1
327,15,1116.00,101.00,28.00,26.00,0.3157,1,1
327,27,1135.00,381.00,46.00,47.00,0.4339,1,1
327,28,829.00,695.00,36.00,52.00,0.9077,1,1
328,1,1133.00,349.00,67.00,50.00,0.9333,1,1
328,2,1092.00,108.00,34.00,27.00,0.7624,1,1
328,3,889.00,132.00,35.00,25.00,0.9023,1,1
328,4,1099.00,759.00,33.00,42.00,0.8211,1,1
328,7,947.00,466.00,101.00,81.00,0.9443,1,1
328,10,1098.00,558.00,34.00,37.00,0.7906,1,1
328,11,1126.00,123.00,17.00,21.00,0.2593,1,1
328,13,944.00,526.00,59.00,59.00,0.8931,1,1
328,15,1115.00,102.00,28.00,26.00,0.3050,1,1
328,27,1135.00,384.00,48.00,46.00,0.4164,1,1
328,28,829.00,695.00,36.00,52.00,0.9072,1,1
329,1,1119.00,346.00,69.00,50.00,0.9378,1,1
329,2,1097.00,106.00,41.00,29.00,0.8433,1,1
329,3,886.00,139.00,36.00,26.00,0.8960,1,1
329,4,1103.00,761.00,32.00,42.00,0.8211,1,1
329,7,926.00,474.00,103.00,85.00,0.9397,1,1
329,10,1094.00,571.00,34.00,41.00,0.8623,1,1
329,11,1125.00,127.00,17.00,21.00,0.2593,1,1
329,13,923.00,533.00,63.00,62.00,0.8925,1,1
329,15,1115.00,98.00,29.00,27.00,0.3050,1,1
329,27,1117.00,375.00,45.00,52.00,0.9051,1,1
329,28,807.00,710.00,37.00,51.00,0.9304,1,1
330,1,1112.00,346.00,71.00,49.00,0.9253,1,1
330,2,1098.00,107.00,41.00,29.00,0.8921,1,1
330,3,884.00,143.00,37.00,24.00,0.7993,1,1
330,7,914.00,476.00,106.00,86.00,0.9428,1,1
330,9,890.00,164.00,26.00,20.00,0.3690,1,1
330,10,1093.00,579.00,31.00,40.00,0.9134,1,1
330,13,914.00,539.00,57.00,60.00,0.9043,1,1
330,27,1111.00,375.00,48.00,55.00,0.9126,1,1
330,28,802.00,715.00,35.00,50.00,0.9209,1,1
331,1,1107.00,346.00,72.00,49.00,0.9278,1,1
331,2,1099.00,107.00,41.00,30.00,0.9001,1,1
331,3,885.00,145.00,36.00,25.00,0.8936,1,1
331,7,904.00,480.00,106.00,89.00,0.9457,1,1
331,9,888.00,166.00,26.00,20.00,0.3690,1,1
331,10,1091.00,590.00,31.00,38.00,0.9064,1,1
331,13,904.00,544.00,64.00,61.00,0.9084,1,1
331,27,1105.00,375.00,53.00,53.00,0.8867,1,1
331,28,797.00,718.00,36.00,53.00,0.9117,1,1
332,1,1103.00,347.00,69.00,48.00,0.9390,1,1
332,2,1098.00,107.00,42.00,29.00,0.8929,1,1
332,3,885.00,146.00,36.00,26.00,0.9025,1,1
332,7,895.00,484.00,106.00,89.00,0.9440,1,1
332,9,893.00,168.00,20.00,23.00,0.4591,1,1
332,10,1090.00,598.00,30.00,39.00,0.8962,1,1
332,11,1106.00,133.00,24.00,21.00,0.3497,1,1
332,13,894.00,549.00,63.00,60.00,0.8999,1,1
332,27,1099.00,374.00,45.00,52.00,0.8942,1,1
332,28,792.00,722.00,35.00,53.00,0.9119,1,1
333,1,1100.00,346.00,68.00,49.00,0.9398,1,1
333,2,1101.00,107.00,40.00,29.00,0.8813,1,1
333,3,884.00,149.00,37.00,26.00,0.8876,1,1
333,4,1029.00,786.00,34.00,42.00,0.3261,1,1
333,7,885.00,490.00,106.00,88.00,0.9438,1,1
333,9,891.00,170.00,21.00,24.00,0.4591,1,1
333,10,1089.00,607.00,32.00,38.00,0.8935,1,1
333,11,1103.00,136.00,24.00,22.00,0.3497,1,1
333,13,884.00,556.00,66.00,58.00,0.9004,1,1
333,27,1095.00,375.00,45.00,51.00,0.8944,1,1
333,28,789.00,726.00,33.00,51.00,0.9070,1,1
334,1,1100.00,346.00,68.00,49.00,0.9395,1,1
334,2,1101.00,107.00,40.00,29.00,0.8821,1,1
334,3,884.00,149.00,37.00,26.00,0.8874,1,1
334,4,1029.00,786.00,34.00,42.00,0.3340,1,1
334,7,885.00,490.00,106.00,88.00,0.9437,1,1
334,10,1089.00,607.00,32.00,38.00,0.8933,1,1
334,13,884.00,555.00,66.00,59.00,0.9012,1,1
334,27,1095.00,375.00,45.00,51.00,0.8940,1,1
334,28,789.00,727.00,33.00,50.00,0.9067,1,1
335,1,1087.00,345.00,69.00,53.00,0.9311,1,1
335,2,1110.00,106.00,35.00,29.00,0.8905,1,1
335,3,884.00,157.00,37.00,27.00,0.8980,1,1
335,4,986.00,809.00,34.00,50.00,0.9107,1,1
335,7,864.00,497.00,110.00,90.00,0.9435,1,1
335,10,1092.00,616.00,34.00,44.00,0.9077,1,1
335,13,865.00,562.00,64.00,59.00,0.8981,1,1
335,27,1086.00,380.00,49.00,52.00,0.9064,1,1
335,28,780.00,727.00,30.00,52.00,0.9232,1,1
336,1,1081.00,346.00,70.00,53.00,0.9366,1,1
336,2,1113.00,106.00,33.00,29.00,0.8983,1,1
336,3,884.00,160.00,38.00,27.00,0.8936,1,1
336,4,962.00,828.00,33.00,48.00,0.9162,1,1
336,7,855.00,501.00,111.00,90.00,0.9461,1,1
336,10,1096.00,618.00,34.00,48.00,0.8936,1,1
336,13,854.00,564.00,69.00,59.00,0.8858,1,1
336,27,1082.00,383.00,48.00,50.00,0.8853,1,1
336,28,774.00,729.00,29.00,50.00,0.9147,1,1
337,1,1074.00,346.00,69.00,55.00,0.9395,1,1
337,2,1116.00,109.00,33.00,25.00,0.8924,1,1
337,3,884.00,163.00,39.00,28.00,0.8905,1,1
337,4,933.00,842.00,33.00,51.00,0.9200,1,1
337,7,843.00,503.00,111.00,92.00,0.9455,1,1
337,10,1100.00,620.00,34.00,51.00,0.8950,1,1
337,11,1139.00,208.00,18.00,18.00,0.3972,1,1
337,13,846.00,571.00,60.00,56.00,0.9156,1,1
337,27,1071.00,382.00,51.00,53.00,0.8717,1,1
337,28,768.00,726.00,29.00,51.00,0.9096,1,1
338,1,1064.00,348.00,73.00,56.00,0.9345,1,1
338,2,1118.00,110.00,31.00,24.00,0.8870,1,1
338,3,884.00,166.00,37.00,30.00,0.8912,1,1
338,4,903.00,855.00,31.00,45.00,0.8885,1,1
338,7,831.00,507.00,111.00,93.00,0.9435,1,1
338,10,1100.00,623.00,33.00,53.00,0.8637,1,1
338,11,1141.00,216.00,17.00,18.00,0.3972,1,1
338,13,831.00,571.00,66.00,60.00,0.8732,1,1
338,27,1062.00,384.00,56.00,54.00,0.8920,1,1
338,28,761.00,725.00,29.00,45.00,0.9128,1,1
339,1,1058.00,351.00,71.00,56.00,0.9309,1,1
339,2,1120.00,111.00,30.00,23.00,0.8775,1,1
339,3,885.00,168.00,37.00,31.00,0.9073,1,1
339,4,868.00,866.00,37.00,48.00,0.8302,1,1
339,7,818.00,513.00,115.00,92.00,0.9342,1,1
339,10,1098.00,630.00,35.00,46.00,0.6993,1,1
339,13,822.00,576.00,69.00,61.00,0.8839,1,1
339,27,1054.00,386.00,55.00,54.00,0.9010,1,1
339,28,756.00,722.00,28.00,45.00,0.9256,1,1
340,1,1058.00,351.00,71.00,56.00,0.9308,1,1
340,2,1120.00,111.00,30.00,23.00,0.8780,1,1
340,3,885.00,168.00,37.00,31.00,0.9074,1,1
340,4,868.00,866.00,37.00,48.00,0.8318,1,1
340,7,818.00,513.00,115.00,92.00,0.9345,1,1
340,10,1098.00,630.00,35.00,45.00,0.6851,1,1
340,11,1147.00,210.00,16.00,18.00,0.2892,1,1
340,13,822.00,576.00,69.00,61.00,0.8856,1,1
340,27,1054.00,386.00,55.00,54.00,0.9016,1,1
340,28,756.00,722.00,28.00,45.00,0.9259,1,1
341,1,1047.00,356.00,71.00,53.00,0.9410,1,1
341,2,1122.00,112.00,29.00,21.00,0.8644,1,1
341,3,884.00,173.00,40.00,33.00,0.9192,1,1
341,4,801.00,870.00,41.00,52.00,0.8755,1,1
341,7,794.00,518.00,113.00,96.00,0.9343,1,1
341,9,1149.00,207.00,15.00,24.00,0.4222,1,1
341,10,1095.00,640.00,34.00,45.00,0.8909,1,1
341,11,1149.00,216.00,16.00,19.00,0.2892,1,1
341,12,1125.00,132.00,23.00,22.00,0.5071,1,1
341,13,797.00,585.00,64.00,59.00,0.8875,1,1
341,27,1043.00,387.00,55.00,55.00,0.7941,1,1
341,28,748.00,720.00,26.00,39.00,0.9149,1,1
342,1,1038.00,357.00,72.00,53.00,0.9406,1,1
342,2,1123.00,112.00,29.00,22.00,0.8648,1,1
342,3,884.00,177.00,39.00,33.00,0.9160,1,1
342,4,772.00,869.00,45.00,54.00,0.8171,1,1
342,7,781.00,522.00,115.00,96.00,0.9446,1,1
342,9,1150.00,209.00,14.00,23.00,0.3009,1,1
342,10,1086.00,642.00,39.00,44.00,0.8465,1,1
342,12,1126.00,133.00,23.00,23.00,0.7859,1,1
342,13,780.00,590.00,70.00,59.00,0.8805,1,1
342,15,1119.00,89.00,24.00,23.00,0.6231,1,1
342,27,1037.00,391.00,50.00,53.00,0.8982,1,1
342,28,742.00,719.00,30.00,38.00,0.7564,1,1
343,1,1030.00,358.00,73.00,54.00,0.9314,1,1
343,2,1123.00,112.00,31.00,23.00,0.9035,1,1
343,3,884.00,180.00,38.00,33.00,0.9079,1,1
343,4,744.00,864.00,47.00,54.00,0.8540,1,1
343,7,765.00,526.00,116.00,98.00,0.9539,1,1
343,9,1151.00,211.00,13.00,22.00,0.4494,1,1
343,10,1077.00,641.00,43.00,47.00,0.8337,1,1
343,12,1129.00,133.00,21.00,23.00,0.8200,1,1
343,13,767.00,593.00,72.00,61.00,0.8635,1,1
343,15,1119.00,88.00,24.00,23.00,0.6231,1,1
343,27,1027.00,394.00,51.00,52.00,0.8891,1,1
343,28,738.00,719.00,25.00,37.00,0.8066,1,1
344,1,1026.00,359.00,71.00,55.00,0.9368,1,1
344,2,1123.00,112.00,32.00,23.00,0.9020,1,1
344,3,881.00,183.00,42.00,34.00,0.8865,1,1
344,4,721.00,862.00,52.00,62.00,0.8828,1,1
344,7,753.00,530.00,114.00,99.00,0.9419,1,1
344,9,1168.00,214.00,12.00,23.00,0.4494,1,1
344,10,1062.00,647.00,38.00,41.00,0.6066,1,1
344,12,1128.00,133.00,23.00,24.00,0.8894,1,1
344,13,754.00,596.00,69.00,60.00,0.8340,1,1
344,27,1021.00,394.00,46.00,50.00,0.8687,1,1
344,28,732.00,720.00,24.00,36.00,0.8066,1,1
345,1,1020.00,358.00,72.00,56.00,0.9441,1,1
345,2,1124.00,112.00,32.00,23.00,0.8979,1,1
345,3,881.00,184.00,43.00,36.00,0.8680,1,1
345,4,706.00,860.00,49.00,58.00,0.8730,1,1
345,7,738.00,532.00,114.00,98.00,0.9505,1,1
345,10,1053.00,634.00,31.00,45.00,0.8583,1,1
345,12,1129.00,133.00,23.00,24.00,0.8804,1,1
345,13,740.00,599.00,68.00,66.00,0.8749,1,1
345,27,1015.00,393.00,46.00,49.00,0.8806,1,1
346,1,1021.00,358.00,71.00,56.00,0.9435,1,1
346,2,1124.00,112.00,32.00,23.00,0.8973,1,1
346,3,881.00,184.00,43.00,36.00,0.8730,1,1
346,4,706.00,860.00,49.00,58.00,0.8762,1,1
346,7,738.00,532.00,114.00,98.00,0.9511,1,1
346,10,1053.00,634.00,31.00,45.00,0.8578,1,1
346,12,1129.00,133.00,23.00,24.00,0.8811,1,1
346,13,740.00,599.00,68.00,65.00,0.8746,1,1
346,27,1015.00,394.00,46.00,48.00,0.8694,1,1
347,1,1005.00,357.00,73.00,56.00,0.9314,1,1
347,2,1125.00,113.00,32.00,23.00,0.9010,1,1
347,3,880.00,189.00,45.00,37.00,0.7855,1,1
347,4,686.00,863.00,51.00,59.00,0.8762,1,1
347,7,708.00,533.00,120.00,100.00,0.9480,1,1
347,10,1026.00,629.00,32.00,43.00,0.9112,1,1
347,12,1129.00,133.00,23.00,24.00,0.8461,1,1
347,13,713.00,604.00,70.00,67.00,0.8756,1,1
347,27,1000.00,392.00,47.00,51.00,0.8783,1,1
347,28,674.00,870.00,57.00,41.00,0.9001,1,1
348,1,999.00,357.00,71.00,55.00,0.9337,1,1
348,2,1127.00,113.00,30.00,23.00,0.9035,1,1
348,3,882.00,192.00,43.00,36.00,0.7946,1,1
348,7,695.00,534.00,116.00,100.00,0.9435,1,1
348,10,1008.00,627.00,33.00,43.00,0.9213,1,1
348,12,1131.00,133.00,21.00,22.00,0.7891,1,1
348,13,698.00,601.00,74.00,62.00,0.8432,1,1
348,15,1123.00,77.00,22.00,19.00,0.5745,1,1
348,27,993.00,391.00,46.00,51.00,0.8702,1,1
348,28,676.00,875.00,57.00,37.00,0.8657,1,1
349,1,990.00,357.00,74.00,54.00,0.9274,1,1
349,2,1127.00,113.00,30.00,24.00,0.8941,1,1
349,3,885.00,194.00,40.00,37.00,0.8237,1,1
349,7,681.00,538.00,117.00,99.00,0.9460,1,1
349,10,992.00,626.00,33.00,40.00,0.8820,1,1
349,12,1130.00,134.00,21.00,23.00,0.8351,1,1
349,13,684.00,607.00,71.00,58.00,0.8862,1,1
349,15,1124.00,76.00,26.00,20.00,0.6248,1,1
349,27,987.00,395.00,48.00,47.00,0.8482,1,1
349,28,677.00,880.00,60.00,37.00,0.8212,1,1
350,1,984.00,355.00,74.00,56.00,0.9272,1,1
350,2,1128.00,113.00,29.00,24.00,0.8925,1,1
350,3,885.00,195.00,41.00,36.00,0.8639,1,1
350,7,669.00,540.00,115.00,101.00,0.9435,1,1
350,10,978.00,621.00,34.00,41.00,0.8906,1,1
350,12,1130.00,134.00,22.00,22.00,0.8292,1,1
350,13,673.00,609.00,73.00,57.00,0.8858,1,1
350,15,1125.00,74.00,30.00,22.00,0.7103,1,1
350,27,981.00,393.00,49.00,48.00,0.8667,1,1
350,28,693.00,889.00,47.00,37.00,0.8766,1,1
351,1,976.00,353.00,77.00,57.00,0.9325,1,1
351,2,1128.00,114.00,31.00,24.00,0.8932,1,1
351,3,888.00,195.00,39.00,38.00,0.8558,1,1
351,4,705.00,895.00,42.00,48.00,0.8569,1,1
351,7,654.00,542.00,120.00,101.00,0.9486,1,1
351,10,968.00,612.00,32.00,43.00,0.8875,1,1
351,12,1130.00,134.00,22.00,23.00,0.8566,1,1
351,13,657.00,613.00,79.00,60.00,0.8364,1,1
351,15,1127.00,74.00,29.00,22.00,0.6519,1,1
351,27,976.00,392.00,49.00,49.00,0.8678,1,1
351,28,688.00,902.00,49.00,37.00,0.8766,1,1
352,1,976.00,353.00,77.00,57.00,0.9323,1,1
352,2,1128.00,114.00,31.00,24.00,0.8948,1,1
352,3,889.00,195.00,38.00,38.00,0.8735,1,1
352,4,705.00,895.00,42.00,48.00,0.8574,1,1
352,7,655.00,542.00,119.00,101.00,0.9488,1,1
352,10,968.00,612.00,32.00,43.00,0.8863,1,1
352,12,1130.00,134.00,22.00,23.00,0.8571,1,1
352,13,657.00,612.00,79.00,61.00,0.8364,1,1
352,15,1127.00,74.00,29.00,22.00,0.6532,1,1
352,27,976.00,392.00,49.00,49.00,0.8676,1,1
353,1,963.00,352.00,75.00,54.00,0.9229,1,1
353,2,1129.00,114.00,30.00,23.00,0.8928,1,1
353,3,890.00,199.00,39.00,38.00,0.9173,1,1
353,4,744.00,910.00,29.00,49.00,0.8234,1,1
353,7,635.00,551.00,115.00,100.00,0.9515,1,1
353,10,945.00,605.00,32.00,40.00,0.8923,1,1
353,12,1131.00,134.00,21.00,23.00,0.8137,1,1
353,13,637.00,620.00,82.00,61.00,0.8705,1,1
353,15,1128.00,74.00,30.00,22.00,0.7696,1,1
353,27,962.00,387.00,49.00,50.00,0.9092,1,1
353,28,636.00,767.00,25.00,44.00,0.8510,1,1
354,1,960.00,351.00,71.00,54.00,0.9306,1,1
354,2,1129.00,114.00,29.00,24.00,0.8844,1,1
354,3,889.00,199.00,41.00,39.00,0.9191,1,1
354,4,756.00,917.00,32.00,42.00,0.7756,1,1
354,7,626.00,554.00,116.00,101.00,0.9417,1,1
354,10,930.00,601.00,35.00,41.00,0.9037,1,1
354,12,1132.00,133.00,20.00,23.00,0.8283,1,1
354,13,626.00,624.00,80.00,62.00,0.8622,1,1
354,15,1128.00,74.00,30.00,22.00,0.7808,1,1
354,27,956.00,385.00,47.00,50.00,0.8912,1,1
354,28,618.00,772.00,31.00,47.00,0.8864,1,1
355,1,952.00,349.00,74.00,53.00,0.9373,1,1
355,2,1129.00,114.00,29.00,23.00,0.8802,1,1
355,3,890.00,201.00,41.00,37.00,0.9197,1,1
355,4,768.00,911.00,37.00,45.00,0.8857,1,1
355,7,615.00,559.00,118.00,100.00,0.9427,1,1
355,10,919.00,599.00,37.00,41.00,0.9005,1,1
355,12,1131.00,133.00,21.00,23.00,0.8240,1,1
355,13,617.00,630.00,81.00,70.00,0.8958,1,1
355,15,1129.00,74.00,30.00,22.00,0.7651,1,1
355,27,950.00,383.00,46.00,50.00,0.8667,1,1
355,28,605.00,782.00,30.00,45.00,0.9248,1,1
356,1,947.00,346.00,71.00,53.00,0.9368,1,1
356,2,1129.00,114.00,30.00,24.00,0.8669,1,1
356,3,891.00,200.00,41.00,39.00,0.9196,1,1
356,4,777.00,901.00,41.00,44.00,0.8748,1,1
356,7,603.00,565.00,120.00,100.00,0.9441,1,1
356,10,913.00,597.00,36.00,41.00,0.9062,1,1
356,12,1131.00,134.00,20.00,22.00,0.8098,1,1
356,13,608.00,635.00,82.00,69.00,0.8691,1,1
356,15,1129.00,75.00,31.00,21.00,0.8032,1,1
356,27,943.00,381.00,47.00,50.00,0.8815,1,1
356,28,592.00,790.00,28.00,41.00,0.9177,1,1
357,1,940.00,343.00,71.00,54.00,0.9261,1,1
357,2,1128.00,115.00,31.00,23.00,0.8704,1,1
357,3,893.00,201.00,40.00,38.00,0.9159,1,1
357,4,786.00,895.00,43.00,42.00,0.8843,1,1
357,7,595.00,569.00,119.00,102.00,0.9457,1,1
357,10,907.00,592.00,38.00,43.00,0.9070,1,1
357,12,1132.00,134.00,19.00,21.00,0.7549,1,1
357,13,598.00,640.00,80.00,64.00,0.8756,1,1
357,15,1129.00,75.00,31.00,21.00,0.8054,1,1
357,27,936.00,377.00,50.00,52.00,0.9141,1,1
357,28,580.00,795.00,30.00,45.00,0.9326,1,1
358,1,940.00,343.00,71.00,54.00,0.9254,1,1
358,2,1128.00,115.00,33.00,23.00,0.8651,1,1
358,3,893.00,201.00,40.00,38.00,0.9160,1,1
358,4,786.00,895.00,43.00,42.00,0.8848,1,1
358,7,595.00,569.00,119.00,102.00,0.9456,1,1
358,10,907.00,592.00,38.00,43.00,0.9065,1,1
358,12,1132.00,134.00,20.00,22.00,0.8081,1,1
358,13,598.00,640.00,79.00,64.00,0.8760,1,1
358,15,1129.00,75.00,31.00,21.00,0.8031,1,1
358,27,936.00,377.00,50.00,52.00,0.9140,1,1
358,28,579.00,795.00,31.00,45.00,0.9328,1,1
359,1,926.00,337.00,76.00,55.00,0.9427,1,1
359,2,1128.00,114.00,29.00,24.00,0.8517,1,1
359,3,895.00,203.00,40.00,38.00,0.9036,1,1
359,4,794.00,892.00,44.00,40.00,0.9127,1,1
359,7,580.00,584.00,120.00,100.00,0.9401,1,1
359,10,896.00,585.00,36.00,43.00,0.8889,1,1
359,12,1132.00,133.00,19.00,22.00,0.8149,1,1
359,13,582.00,654.00,81.00,67.00,0.8940,1,1
359,15,1130.00,76.00,30.00,20.00,0.8345,1,1
359,27,927.00,375.00,45.00,47.00,0.8914,1,1
359,28,560.00,809.00,31.00,43.00,0.8995,1,1
360,1,921.00,335.00,76.00,53.00,0.9407,1,1
360,2,1124.00,115.00,32.00,24.00,0.8435,1,1
360,3,895.00,203.00,40.00,39.00,0.9008,1,1
360,4,792.00,891.00,44.00,42.00,0.9246,1,1
360,7,574.00,592.00,120.00,101.00,0.9477,1,1
360,10,893.00,587.00,35.00,40.00,0.8916,1,1
360,12,1130.00,134.00,21.00,23.00,0.8124,1,1
360,13,574.00,661.00,83.00,66.00,0.8799,1,1
360,15,1131.00,76.00,29.00,20.00,0.8557,1,1
360,27,921.00,370.00,46.00,50.00,0.8824,1,1
360,28,553.00,817.00,29.00,40.00,0.9138,1,1
361,1,914.00,331.00,79.00,53.00,0.9353,1,1
361,2,1125.00,114.00,31.00,25.00,0.8310,1,1
361,3,899.00,204.00,37.00,38.00,0.8958,1,1
361,4,788.00,894.00,44.00,40.00,0.9162,1,1
361,7,566.00,599.00,122.00,100.00,0.9534,1,1
361,10,890.00,588.00,34.00,39.00,0.8978,1,1
361,12,1130.00,135.00,21.00,23.00,0.8066,1,1
361,13,566.00,669.00,89.00,74.00,0.8863,1,1
361,15,1131.00,77.00,30.00,19.00,0.8523,1,1
361,27,917.00,367.00,44.00,49.00,0.8536,1,1
361,28,544.00,822.00,31.00,40.00,0.8715,1,1
362,1,913.00,326.00,77.00,56.00,0.9313,1,1
362,2,1123.00,114.00,33.00,27.00,0.8384,1,1
362,3,900.00,203.00,37.00,39.00,0.8961,1,1
362,4,779.00,899.00,46.00,41.00,0.9236,1,1
362,7,558.00,605.00,123.00,100.00,0.9413,1,1
362,10,891.00,588.00,35.00,37.00,0.8891,1,1
362,12,1130.00,134.00,22.00,24.00,0.8241,1,1
362,13,560.00,674.00,87.00,86.00,0.8904,1,1
362,15,1131.00,77.00,30.00,19.00,0.8550,1,1
362,27,915.00,365.00,45.00,47.00,0.9011,1,1
362,28,538.00,825.00,32.00,41.00,0.7814,1,1
363,1,911.00,324.00,75.00,54.00,0.9319,1,1
363,2,1124.00,114.00,33.00,27.00,0.8534,1,1
363,3,900.00,204.00,37.00,38.00,0.8978,1,1
363,4,770.00,906.00,46.00,41.00,0.8766,1,1
363,7,554.00,612.00,123.00,101.00,0.9436,1,1
363,9,1166.00,221.00,12.00,26.00,0.3910,1,1
363,10,890.00,588.00,38.00,44.00,0.8571,1,1
363,11,1163.00,223.00,16.00,23.00,0.3030,1,1
363,12,1130.00,134.00,22.00,24.00,0.8284,1,1
363,13,552.00,680.00,91.00,77.00,0.8776,1,1
363,15,1131.00,77.00,30.00,19.00,0.8573,1,1
363,27,913.00,362.00,40.00,43.00,0.7403,1,1
363,28,536.00,828.00,32.00,42.00,0.5170,1,1
364,1,911.00,324.00,75.00,54.00,0.9321,1,1
364,2,1123.00,114.00,34.00,27.00,0.8575,1,1
364,3,901.00,204.00,36.00,38.00,0.8994,1,1
364,4,770.00,906.00,46.00,41.00,0.8762,1,1
364,7,554.00,612.00,122.00,101.00,0.9441,1,1
364,9,1166.00,221.00,12.00,26.00,0.3846,1,1
364,10,889.00,588.00,39.00,44.00,0.8550,1,1
364,11,1163.00,222.00,16.00,23.00,0.3042,1,1
364,12,1130.00,134.00,22.00,24.00,0.8285,1,1
364,13,552.00,680.00,90.00,77.00,0.8776,1,1
364,15,1131.00,77.00,30.00,19.00,0.8530,1,1
364,27,914.00,362.00,38.00,43.00,0.7405,1,1
364,28,536.00,828.00,32.00,42.00,0.5359,1,1
365,1,903.00,318.00,72.00,56.00,0.9444,1,1
365,2,1124.00,115.00,33.00,27.00,0.8403,1,1
365,3,903.00,204.00,35.00,38.00,0.8981,1,1
365,4,743.00,926.00,41.00,47.00,0.6862,1,1
365,7,540.00,621.00,126.00,101.00,0.9618,1,1
365,9,1167.00,215.00,13.00,25.00,0.3899,1,1
365,10,900.00,599.00,35.00,42.00,0.9019,1,1
365,11,1164.00,222.00,15.00,23.00,0.3042,1,1
365,12,1130.00,134.00,22.00,24.00,0.8439,1,1
365,13,536.00,696.00,91.00,93.00,0.8850,1,1
365,15,1131.00,77.00,31.00,20.00,0.8535,1,1
365,27,909.00,360.00,38.00,43.00,0.7405,1,1
365,28,528.00,832.00,33.00,42.00,0.5359,1,1
366,1,898.00,316.00,70.00,56.00,0.9491,1,1
366,2,1125.00,114.00,32.00,28.00,0.8107,1,1
366,3,903.00,204.00,35.00,38.00,0.8977,1,1
366,4,729.00,938.00,40.00,53.00,0.6931,1,1
366,7,531.00,625.00,128.00,102.00,0.9444,1,1
366,9,1168.00,215.00,13.00,24.00,0.3899,1,1
366,10,910.00,598.00,34.00,47.00,0.8954,1,1
366,11,1167.00,217.00,13.00,25.00,0.5625,1,1
366,12,1131.00,134.00,21.00,24.00,0.8431,1,1
366,13,529.00,700.00,90.00,88.00,0.8907,1,1
366,15,1131.00,78.00,31.00,20.00,0.8521,1,1
367,1,897.00,315.00,66.00,54.00,0.9466,1,1
367,2,1124.00,114.00,32.00,28.00,0.7940,1,1
367,3,903.00,204.00,37.00,38.00,0.8966,1,1
367,4,702.00,942.00,40.00,56.00,0.8068,1,1
367,7,524.00,629.00,128.00,101.00,0.9444,1,1
367,9,1163.00,213.00,16.00,26.00,0.2629,1,1
367,10,914.00,594.00,37.00,48.00,0.8630,1,1
367,11,1167.00,215.00,13.00,25.00,0.6002,1,1
367,12,1131.00,134.00,21.00,24.00,0.8427,1,1
367,13,523.00,704.00,88.00,74.00,0.8923,1,1
367,15,1132.00,78.00,29.00,19.00,0.8468,1,1
368,1,895.00,313.00,64.00,54.00,0.9442,1,1
368,2,1124.00,114.00,32.00,28.00,0.7664,1,1
368,3,904.00,205.00,37.00,38.00,0.8939,1,1
368,4,689.00,969.00,32.00,52.00,0.8546,1,1
368,7,517.00,633.00,127.00,102.00,0.9452,1,1
368,9,1164.00,213.00,15.00,26.00,0.2629,1,1
368,10,925.00,588.00,33.00,51.00,0.9265,1,1
368,11,1167.00,216.00,14.00,26.00,0.6880,1,1
368,12,1132.00,134.00,20.00,24.00,0.8460,1,1
368,13,514.00,711.00,91.00,80.00,0.8691,1,1
368,15,1132.00,78.00,30.00,19.00,0.8477,1,1
369,1,890.00,311.00,64.00,54.00,0.9357,1,1
369,2,1126.00,112.00,30.00,29.00,0.7388,1,1
369,3,904.00,205.00,37.00,38.00,0.8931,1,1
369,4,667.00,979.00,32.00,54.00,0.8233,1,1
369,7,509.00,635.00,128.00,102.00,0.9467,1,1
369,10,930.00,585.00,33.00,51.00,0.9115,1,1
369,11,1167.00,217.00,14.00,24.00,0.6360,1,1
369,12,1132.00,134.00,20.00,24.00,0.8355,1,1
369,13,510.00,714.00,91.00,67.00,0.8707,1,1
369,15,1132.00,78.00,29.00,19.00,0.8454,1,1
370,1,890.00,311.00,64.00,54.00,0.9366,1,1
370,2,1126.00,113.00,30.00,28.00,0.7410,1,1
370,3,904.00,205.00,37.00,39.00,0.8978,1,1
370,4,667.00,979.00,32.00,54.00,0.8219,1,1
370,7,509.00,635.00,129.00,102.00,0.9464,1,1
370,10,930.00,585.00,33.00,51.00,0.9113,1,1
370,11,1167.00,217.00,14.00,24.00,0.6257,1,1
370,12,1132.00,134.00,20.00,24.00,0.8307,1,1
370,13,510.00,714.00,91.00,67.00,0.8665,1,1
370,15,1132.00,78.00,30.00,20.00,0.8457,1,1
371,1,877.00,309.00,67.00,54.00,0.9430,1,1
371,2,1126.00,118.00,30.00,30.00,0.2830,1,1
371,3,904.00,205.00,39.00,40.00,0.8909,1,1
371,4,619.00,990.00,38.00,50.00,0.7915,1,1
371,7,492.00,640.00,129.00,102.00,0.9600,1,1
371,9,1163.00,217.00,19.00,23.00,0.2708,1,1
371,10,931.00,576.00,39.00,49.00,0.8817,1,1
371,11,1169.00,217.00,13.00,25.00,0.5380,1,1
371,12,1134.00,136.00,22.00,25.00,0.7991,1,1
371,13,495.00,720.00,88.00,73.00,0.8754,1,1
371,15,1133.00,78.00,29.00,20.00,0.8412,1,1
371,27,826.00,468.00,45.00,25.00,0.5652,1,1
372,1,871.00,307.00,67.00,55.00,0.9342,1,1
372,2,1125.00,117.00,30.00,32.00,0.2706,1,1
372,3,904.00,206.00,39.00,40.00,0.8882,1,1
372,4,597.00,999.00,42.00,52.00,0.8571,1,1
372,7,484.00,642.00,127.00,106.00,0.9558,1,1
372,9,1164.00,217.00,18.00,23.00,0.2708,1,1
372,10,926.00,573.00,44.00,51.00,0.3819,1,1
372,11,1169.00,217.00,14.00,25.00,0.4458,1,1
372,12,1134.00,137.00,22.00,25.00,0.8176,1,1
372,13,489.00,727.00,90.00,73.00,0.8877,1,1
372,15,1133.00,78.00,29.00,20.00,0.8483,1,1
372,27,815.00,465.00,40.00,26.00,0.3831,1,1
373,1,865.00,307.00,66.00,54.00,0.9377,1,1
373,2,1128.00,103.00,29.00,29.00,0.4348,1,1
373,3,904.00,206.00,39.00,40.00,0.8847,1,1
373,4,579.00,996.00,42.00,56.00,0.8207,1,1
373,7,476.00,647.00,127.00,103.00,0.9495,1,1
373,10,926.00,571.00,45.00,51.00,0.3819,1,1
373,11,1167.00,216.00,15.00,25.00,0.4310,1,1
373,12,1135.00,137.00,23.00,24.00,0.7879,1,1
373,13,479.00,729.00,94.00,68.00,0.8956,1,1
373,15,1131.00,78.00,31.00,20.00,0.8535,1,1
373,27,807.00,461.00,40.00,25.00,0.8111,1,1
374,1,860.00,305.00,64.00,54.00,0.9414,1,1
374,2,1130.00,103.00,27.00,26.00,0.5012,1,1
374,3,904.00,206.00,39.00,40.00,0.8863,1,1
374,4,571.00,992.00,38.00,63.00,0.8602,1,1
374,7,466.00,652.00,130.00,98.00,0.9481,1,1
374,11,1167.00,216.00,15.00,25.00,0.5275,1,1
374,12,1137.00,137.00,21.00,23.00,0.7660,1,1
374,13,475.00,734.00,89.00,64.00,0.8803,1,1
374,15,1131.00,78.00,30.00,21.00,0.8469,1,1
374,27,804.00,457.00,38.00,27.00,0.9174,1,1
375,1,852.00,304.00,66.00,55.00,0.9432,1,1
375,2,1130.00,102.00,28.00,26.00,0.5012,1,1
375,3,904.00,205.00,39.00,41.00,0.8872,1,1
375,4,563.00,993.00,38.00,60.00,0.8087,1,1
375,7,459.00,654.00,127.00,99.00,0.9487,1,1
375,10,885.00,559.00,45.00,48.00,0.5777,1,1
375,11,1168.00,216.00,14.00,25.00,0.5275,1,1
375,12,1138.00,137.00,22.00,23.00,0.2996,1,1
375,13,470.00,737.00,87.00,61.00,0.8653,1,1
375,15,1131.00,78.00,29.00,21.00,0.8430,1,1
375,27,802.00,456.00,38.00,27.00,0.8885,1,1
376,1,852.00,304.00,66.00,55.00,0.9433,1,1
376,3,904.00,205.00,39.00,41.00,0.8873,1,1
376,4,563.00,993.00,37.00,60.00,0.8211,1,1
376,7,459.00,654.00,127.00,99.00,0.9488,1,1
376,10,884.00,558.00,45.00,48.00,0.6269,1,1
376,12,1138.00,137.00,22.00,24.00,0.3004,1,1
376,13,470.00,737.00,87.00,61.00,0.8656,1,1
376,15,1131.00,78.00,29.00,21.00,0.8432,1,1
376,27,802.00,456.00,37.00,27.00,0.8825,1,1
377,1,840.00,302.00,64.00,54.00,0.9338,1,1
377,3,904.00,206.00,40.00,39.00,0.8869,1,1
377,4,556.00,981.00,44.00,65.00,0.8373,1,1
377,7,439.00,661.00,128.00,98.00,0.9532,1,1
377,10,853.00,567.00,32.00,44.00,0.8502,1,1
377,12,1142.00,145.00,22.00,23.00,0.2531,1,1
377,13,453.00,746.00,86.00,62.00,0.8904,1,1
377,15,1129.00,78.00,30.00,20.00,0.8587,1,1
377,27,801.00,463.00,40.00,24.00,0.2692,1,1
378,1,834.00,300.00,67.00,55.00,0.9328,1,1
378,3,903.00,206.00,40.00,39.00,0.8871,1,1
378,4,557.00,981.00,45.00,63.00,0.7974,1,1
378,7,428.00,664.00,126.00,99.00,0.9475,1,1
378,10,830.00,564.00,29.00,45.00,0.8930,1,1
378,12,1142.00,146.00,23.00,23.00,0.2531,1,1
378,13,441.00,749.00,87.00,59.00,0.9014,1,1
378,15,1128.00,78.00,31.00,20.00,0.8528,1,1
378,27,795.00,468.00,40.00,23.00,0.2692,1,1
379,1,828.00,297.00,67.00,57.00,0.9339,1,1
379,2,1154.00,116.00,29.00,18.00,0.3360,1,1
379,3,904.00,205.00,40.00,40.00,0.8858,1,1
379,4,579.00,976.00,36.00,57.00,0.5573,1,1
379,7,417.00,666.00,126.00,100.00,0.9546,1,1
379,10,809.00,567.00,23.00,45.00,0.7904,1,1
379,13,429.00,752.00,87.00,61.00,0.9008,1,1
379,15,1128.00,78.00,31.00,19.00,0.8512,1,1
379,28,574.00,989.00,35.00,51.00,0.7222,1,1
380,1,822.00,294.00,69.00,58.00,0.9317,1,1
380,2,1175.00,109.00,24.00,16.00,0.3470,1,1
380,3,904.00,205.00,40.00,40.00,0.8827,1,1
380,4,601.00,971.00,27.00,51.00,0.8894,1,1
380,7,407.00,666.00,124.00,102.00,0.9503,1,1
380,9,1114.00,220.00,14.00,22.00,0.3030,1,1
380,10,783.00,556.00,23.00,43.00,0.9082,1,1
380,13,419.00,753.00,87.00,60.00,0.9317,1,1
380,15,1127.00,78.00,32.00,18.00,0.8389,1,1
380,28,576.00,998.00,35.00,53.00,0.7222,1,1
381,1,819.00,293.00,68.00,59.00,0.9352,1,1
381,2,1171.00,110.00,22.00,16.00,0.3006,1,1
381,3,904.00,205.00,40.00,40.00,0.8802,1,1
381,4,618.00,969.00,28.00,59.00,0.8948,1,1
381,7,396.00,666.00,124.00,101.00,0.9544,1,1
381,9,1118.00,223.00,14.00,20.00,0.6014,1,1
381,10,759.00,543.00,24.00,37.00,0.9060,1,1
381,12,1145.00,145.00,23.00,23.00,0.5420,1,1
381,13,414.00,755.00,84.00,59.00,0.9241,1,1
381,15,1128.00,78.00,31.00,18.00,0.8404,1,1
382,1,819.00,293.00,68.00,59.00,0.9350,1,1
382,2,1171.00,109.00,22.00,17.00,0.3105,1,1
382,3,904.00,205.00,40.00,40.00,0.8817,1,1
382,4,618.00,969.00,28.00,59.00,0.8953,1,1
382,7,396.00,666.00,124.00,101.00,0.9543,1,1
382,9,1118.00,223.00,14.00,20.00,0.6036,1,1
382,10,759.00,543.00,24.00,37.00,0.9060,1,1
382,12,1145.00,145.00,23.00,23.00,0.5583,1,1
382,13,413.00,755.00,85.00,58.00,0.9239,1,1
382,15,1128.00,78.00,31.00,18.00,0.8400,1,1
383,1,811.00,289.00,67.00,60.00,0.9463,1,1
383,2,1174.00,109.00,22.00,17.00,0.3105,1,1
383,3,904.00,205.00,40.00,41.00,0.8824,1,1
383,4,618.00,969.00,27.00,60.00,0.8953,1,1
383,7,375.00,670.00,125.00,98.00,0.9544,1,1
383,9,1116.00,223.00,14.00,21.00,0.6036,1,1
383,10,727.00,508.00,34.00,32.00,0.8276,1,1
383,11,1142.00,131.00,30.00,19.00,0.6787,1,1
383,12,1149.00,144.00,22.00,25.00,0.8113,1,1
383,13,396.00,757.00,86.00,58.00,0.8997,1,1
383,15,1127.00,78.00,31.00,18.00,0.8426,1,1
383,28,627.00,938.00,44.00,50.00,0.2615,1,1
384,1,809.00,288.00,66.00,59.00,0.9454,1,1
384,3,903.00,204.00,41.00,42.00,0.8748,1,1
384,7,366.00,671.00,126.00,101.00,0.9542,1,1
384,9,1122.00,224.00,15.00,22.00,0.2905,1,1
384,10,719.00,491.00,30.00,31.00,0.8856,1,1
384,11,1145.00,119.00,30.00,24.00,0.5083,1,1
384,12,1151.00,144.00,23.00,24.00,0.7408,1,1
384,13,383.00,757.00,92.00,63.00,0.8976,1,1
384,15,1127.00,77.00,31.00,19.00,0.8369,1,1
384,28,632.00,940.00,45.00,50.00,0.2615,1,1
385,1,805.00,286.00,68.00,60.00,0.9406,1,1
385,2,1151.00,126.00,28.00,20.00,0.8509,1,1
385,3,903.00,203.00,42.00,43.00,0.8743,1,1
385,7,357.00,672.00,128.00,101.00,0.9427,1,1
385,9,1121.00,225.00,14.00,21.00,0.2905,1,1
385,10,713.00,474.00,34.00,31.00,0.8460,1,1
385,11,1143.00,111.00,32.00,25.00,0.5083,1,1
385,12,1155.00,144.00,21.00,24.00,0.8134,1,1
385,13,379.00,759.00,91.00,62.00,0.8958,1,1
385,15,1127.00,76.00,32.00,20.00,0.8541,1,1
386,1,805.00,285.00,68.00,61.00,0.9425,1,1
386,2,1151.00,127.00,30.00,20.00,0.8641,1,1
386,3,903.00,203.00,42.00,43.00,0.8734,1,1
386,7,353.00,673.00,127.00,98.00,0.9431,1,1
386,9,1124.00,226.00,16.00,21.00,0.4636,1,1
386,10,705.00,463.00,37.00,29.00,0.8090,1,1
386,12,1158.00,145.00,21.00,23.00,0.8346,1,1
386,13,376.00,760.00,88.00,63.00,0.9049,1,1
386,15,1127.00,76.00,32.00,20.00,0.8602,1,1
386,28,637.00,896.00,45.00,33.00,0.8253,1,1
387,1,803.00,284.00,68.00,59.00,0.9402,1,1
387,2,1149.00,129.00,35.00,19.00,0.8631,1,1
387,3,902.00,202.00,42.00,43.00,0.8822,1,1
387,7,349.00,674.00,124.00,99.00,0.9451,1,1
387,9,1128.00,228.00,16.00,23.00,0.5763,1,1
387,10,704.00,452.00,38.00,30.00,0.2863,1,1
387,12,1156.00,146.00,21.00,24.00,0.8389,1,1
387,13,372.00,762.00,88.00,63.00,0.8999,1,1
387,15,1128.00,76.00,31.00,20.00,0.8563,1,1
387,28,627.00,881.00,42.00,35.00,0.7628,1,1
388,1,803.00,284.00,68.00,59.00,0.9404,1,1
388,2,1149.00,129.00,35.00,19.00,0.8655,1,1
388,3,902.00,202.00,42.00,42.00,0.8815,1,1
388,7,349.00,674.00,125.00,98.00,0.9457,1,1
388,9,1128.00,227.00,16.00,24.00,0.5732,1,1
388,10,705.00,452.00,38.00,29.00,0.2893,1,1
388,12,1156.00,146.00,21.00,24.00,0.8339,1,1
388,13,372.00,762.00,88.00,63.00,0.9009,1,1
388,15,1128.00,76.00,31.00,20.00,0.8553,1,1
388,28,627.00,880.00,43.00,36.00,0.7617,1,1
389,1,803.00,282.00,68.00,56.00,0.9370,1,1
389,2,1160.00,129.00,31.00,22.00,0.8469,1,1
389,3,900.00,200.00,42.00,43.00,0.8830,1,1
389,4,616.00,861.00,47.00,44.00,0.8398,1,1
389,7,343.00,676.00,122.00,99.00,0.9500,1,1
389,9,1128.00,228.00,15.00,23.00,0.5732,1,1
389,10,703.00,444.00,36.00,29.00,0.7740,1,1
389,12,1160.00,147.00,20.00,25.00,0.5949,1,1
389,13,368.00,767.00,87.00,60.00,0.8852,1,1
389,15,1128.00,77.00,31.00,19.00,0.8762,1,1
389,27,909.00,478.00,23.00,35.00,0.8446,1,1
389,28,630.00,876.00,43.00,34.00,0.7617,1,1
390,1,804.00,279.00,66.00,56.00,0.9352,1,1
390,2,1160.00,131.00,32.00,19.00,0.8298,1,1
390,3,901.00,199.00,41.00,42.00,0.8805,1,1
390,4,613.00,858.00,51.00,46.00,0.8552,1,1
390,7,340.00,677.00,123.00,99.00,0.9477,1,1
390,9,1135.00,233.00,14.00,19.00,0.3664,1,1
390,10,703.00,442.00,32.00,32.00,0.8482,1,1
390,12,1162.00,148.00,21.00,27.00,0.5010,1,1
390,13,365.00,766.00,87.00,62.00,0.8851,1,1
390,15,1128.00,76.00,31.00,20.00,0.8746,1,1
390,27,909.00,481.00,25.00,36.00,0.8700,1,1
391,1,805.00,277.00,65.00,53.00,0.9348,1,1
391,2,1160.00,132.00,34.00,19.00,0.8399,1,1
391,3,901.00,198.00,39.00,41.00,0.8961,1,1
391,4,613.00,849.00,52.00,46.00,0.8552,1,1
391,7,340.00,677.00,121.00,99.00,0.9457,1,1
391,9,1137.00,231.00,13.00,19.00,0.3912,1,1
391,10,702.00,441.00,31.00,34.00,0.7730,1,1
391,12,1162.00,148.00,19.00,28.00,0.4593,1,1
391,13,364.00,766.00,87.00,62.00,0.8990,1,1
391,15,1128.00,76.00,31.00,20.00,0.8620,1,1
391,27,909.00,483.00,26.00,38.00,0.8704,1,1
391,28,613.00,856.00,43.00,46.00,0.8673,1,1
392,1,808.00,277.00,64.00,51.00,0.9314,1,1
392,2,1161.00,133.00,34.00,19.00,0.8439,1,1
392,3,901.00,197.00,40.00,42.00,0.8836,1,1
392,7,339.00,678.00,120.00,99.00,0.9428,1,1
392,9,1137.00,238.00,13.00,19.00,0.5456,1,1
392,10,702.00,441.00,32.00,36.00,0.7906,1,1
392,12,1162.00,148.00,18.00,27.00,0.2684,1,1
392,13,361.00,765.00,88.00,66.00,0.8984,1,1
392,15,1128.00,77.00,31.00,19.00,0.8661,1,1
392,27,907.00,481.00,26.00,39.00,0.8825,1,1
392,28,609.00,853.00,45.00,47.00,0.8462,1,1
393,1,808.00,274.00,65.00,50.00,0.9323,1,1
393,2,1161.00,133.00,37.00,21.00,0.8569,1,1
393,3,900.00,197.00,41.00,41.00,0.8806,1,1
393,7,337.00,678.00,115.00,101.00,0.9421,1,1
393,9,1136.00,234.00,14.00,23.00,0.7206,1,1
393,10,702.00,441.00,32.00,40.00,0.8918,1,1
393,12,1162.00,150.00,19.00,27.00,0.3821,1,1
393,13,357.00,765.00,89.00,66.00,0.8910,1,1
393,15,1127.00,77.00,31.00,19.00,0.8579,1,1
393,27,902.00,478.00,28.00,43.00,0.8949,1,1
393,28,604.00,856.00,48.00,43.00,0.7600,1,1
394,1,808.00,274.00,65.00,50.00,0.9321,1,1
394,2,1161.00,133.00,37.00,20.00,0.8617,1,1
394,3,900.00,197.00,41.00,41.00,0.8799,1,1
394,7,337.00,678.00,115.00,101.00,0.9422,1,1
394,9,1136.00,234.00,14.00,23.00,0.7281,1,1
394,10,702.00,440.00,33.00,41.00,0.8921,1,1
394,12,1162.00,150.00,19.00,28.00,0.3163,1,1
394,13,358.00,764.00,89.00,68.00,0.8914,1,1
394,15,1127.00,77.00,31.00,19.00,0.8592,1,1
394,27,902.00,477.00,28.00,43.00,0.8934,1,1
394,28,604.00,857.00,48.00,43.00,0.7726,1,1
394,34,361.00,1024.00,28.00,52.00,0.7443,1,1
395,1,809.00,269.00,66.00,47.00,0.9353,1,1
395,2,1160.00,134.00,39.00,21.00,0.8292,1,1
395,3,897.00,194.00,39.00,37.00,0.9069,1,1
395,7,334.00,676.00,111.00,101.00,0.9427,1,1
395,9,1135.00,235.00,14.00,22.00,0.3429,1,1
395,10,706.00,450.00,28.00,40.00,0.8775,1,1
395,11,1130.00,78.00,24.00,23.00,0.4985,1,1
395,12,1163.00,150.00,24.00,29.00,0.3481,1,1
395,13,360.00,760.00,82.00,72.00,0.9128,1,1
395,15,1127.00,77.00,31.00,19.00,0.8592,1,1
395,27,905.00,478.00,28.00,44.00,0.8934,1,1
395,28,603.00,853.00,50.00,43.00,0.7726,1,1
395,34,361.00,1025.00,28.00,51.00,0.7443,1,1
396,1,810.00,267.00,63.00,47.00,0.9384,1,1
396,2,1161.00,134.00,41.00,21.00,0.8389,1,1
396,3,896.00,193.00,38.00,35.00,0.9092,1,1
396,7,333.00,676.00,109.00,101.00,0.9416,1,1
396,9,1136.00,236.00,13.00,22.00,0.3429,1,1
396,10,709.00,454.00,26.00,40.00,0.8982,1,1
396,11,1128.00,74.00,25.00,23.00,0.4985,1,1
396,12,1168.00,150.00,22.00,26.00,0.5204,1,1
396,13,360.00,756.00,83.00,76.00,0.9061,1,1
396,15,1122.00,83.00,21.00,20.00,0.4804,1,1
396,28,591.00,889.00,42.00,38.00,0.8644,1,1
397,1,809.00,264.00,63.00,46.00,0.9275,1,1
397,2,1165.00,135.00,38.00,21.00,0.8572,1,1
397,3,895.00,189.00,37.00,34.00,0.8955,1,1
397,7,333.00,675.00,107.00,104.00,0.9426,1,1
397,10,714.00,458.00,22.00,43.00,0.9050,1,1
397,12,1168.00,151.00,24.00,27.00,0.8213,1,1
397,13,363.00,755.00,84.00,77.00,0.9052,1,1
397,15,1120.00,88.00,24.00,19.00,0.7530,1,1
397,28,591.00,897.00,43.00,39.00,0.9127,1,1
397,34,362.00,1015.00,35.00,56.00,0.7807,1,1
398,1,806.00,260.00,65.00,47.00,0.9225,1,1
398,2,1167.00,136.00,37.00,20.00,0.8698,1,1
398,3,895.00,187.00,37.00,35.00,0.9003,1,1
398,7,333.00,675.00,107.00,105.00,0.9425,1,1
398,10,715.00,459.00,22.00,42.00,0.9007,1,1
398,12,1170.00,152.00,24.00,27.00,0.8111,1,1
398,13,364.00,753.00,86.00,78.00,0.8969,1,1
398,15,1120.00,90.00,24.00,20.00,0.8712,1,1
398,28,586.00,899.00,43.00,42.00,0.8985,1,1
398,34,363.00,1014.00,35.00,56.00,0.7807,1,1
398,36,1067.00,142.00,14.00,24.00,0.3866,1,1
399,1,804.00,258.00,63.00,47.00,0.9215,1,1
399,2,1168.00,137.00,36.00,22.00,0.8745,1,1
399,3,893.00,187.00,38.00,32.00,0.8985,1,1
399,7,333.00,675.00,109.00,106.00,0.9414,1,1
399,9,1133.00,239.00,15.00,20.00,0.5860,1,1
399,10,719.00,462.00,24.00,42.00,0.9066,1,1
399,12,1175.00,155.00,23.00,25.00,0.8204,1,1
399,13,363.00,754.00,87.00,77.00,0.8791,1,1
399,15,1119.00,95.00,25.00,23.00,0.6728,1,1
399,28,582.00,902.00,47.00,44.00,0.8698,1,1
399,36,1066.00,142.00,14.00,25.00,0.3866,1,1
400,1,804.00,258.00,63.00,47.00,0.9211,1,1
400,2,1168.00,137.00,36.00,22.00,0.8748,1,1
400,3,894.00,186.00,37.00,33.00,0.8987,1,1
400,7,332.00,675.00,110.00,106.00,0.9415,1,1
400,9,1133.00,239.00,15.00,20.00,0.5691,1,1
400,10,719.00,462.00,24.00,42.00,0.9068,1,1
400,12,1175.00,155.00,23.00,25.00,0.8188,1,1
400,13,363.00,753.00,87.00,78.00,0.8820,1,1
400,15,1119.00,95.00,25.00,23.00,0.6754,1,1
400,28,582.00,902.00,47.00,44.00,0.8689,1,1
401,1,795.00,256.00,66.00,46.00,0.9262,1,1
401,2,1167.00,138.00,38.00,23.00,0.8764,1,1
401,3,889.00,181.00,41.00,32.00,0.9091,1,1
401,7,332.00,678.00,115.00,105.00,0.9413,1,1
401,9,1130.00,240.00,15.00,21.00,0.3109,1,1
401,10,725.00,462.00,27.00,46.00,0.8959,1,1
401,12,1177.00,156.00,23.00,24.00,0.7055,1,1
401,13,365.00,754.00,87.00,75.00,0.8781,1,1
401,15,1117.00,96.00,26.00,24.00,0.2511,1,1
401,28,569.00,897.00,48.00,46.00,0.8605,1,1
402,1,792.00,253.00,66.00,46.00,0.9257,1,1
402,2,1167.00,139.00,39.00,23.00,0.8687,1,1
402,3,888.00,178.00,40.00,31.00,0.9102,1,1
402,7,332.00,679.00,118.00,103.00,0.9405,1,1
402,9,1128.00,243.00,15.00,21.00,0.4276,1,1
402,10,726.00,461.00,27.00,47.00,0.8995,1,1
402,12,1180.00,156.00,23.00,25.00,0.8374,1,1
402,13,366.00,753.00,88.00,76.00,0.8663,1,1
402,15,1116.00,97.00,26.00,24.00,0.2511,1,1
402,28,563.00,890.00,39.00,46.00,0.8815,1,1
403,1,791.00,250.00,63.00,46.00,0.9277,1,1
403,2,1168.00,139.00,38.00,24.00,0.8563,1,1
403,3,887.00,175.00,41.00,31.00,0.9110,1,1
403,7,332.00,679.00,120.00,103.00,0.9409,1,1
403,9,1128.00,244.00,15.00,20.00,0.4223,1,1
403,10,726.00,458.00,27.00,47.00,0.8964,1,1
403,12,1184.00,156.00,21.00,24.00,0.8035,1,1
403,13,375.00,751.00,81.00,75.00,0.8183,1,1
403,28,559.00,886.00,41.00,49.00,0.8791,1,1
404,1,785.00,247.00,66.00,46.00,0.9362,1,1
404,2,1170.00,141.00,38.00,22.00,0.8435,1,1
404,3,887.00,175.00,40.00,30.00,0.9097,1,1
404,7,333.00,678.00,122.00,105.00,0.9430,1,1
404,9,1128.00,249.00,16.00,20.00,0.6228,1,1
404,10,725.00,457.00,28.00,47.00,0.8979,1,1
404,12,1186.00,156.00,21.00,25.00,0.8038,1,1
404,13,383.00,746.00,78.00,78.00,0.6873,1,1
404,15,1108.00,108.00,32.00,22.00,0.4952,1,1
404,28,559.00,883.00,41.00,53.00,0.8740,1,1
405,1,782.00,246.00,64.00,46.00,0.9276,1,1
405,2,1171.00,142.00,37.00,22.00,0.8146,1,1
405,3,886.00,174.00,42.00,29.00,0.9005,1,1
405,4,555.00,869.00,43.00,66.00,0.8000,1,1
405,7,333.00,676.00,125.00,106.00,0.9438,1,1
405,9,1127.00,250.00,17.00,21.00,0.7125,1,1
405,10,723.00,455.00,29.00,47.00,0.8956,1,1
405,12,1185.00,157.00,22.00,25.00,0.7798,1,1
405,13,388.00,742.00,79.00,77.00,0.6680,1,1
405,15,1107.00,109.00,32.00,21.00,0.3063,1,1
405,28,555.00,882.00,42.00,54.00,0.8740,1,1
406,1,782.00,246.00,64.00,46.00,0.9278,1,1
406,2,1172.00,143.00,36.00,21.00,0.7864,1,1
406,3,886.00,174.00,42.00,29.00,0.9020,1,1
406,4,555.00,869.00,43.00,66.00,0.7967,1,1
406,7,334.00,677.00,123.00,105.00,0.9439,1,1
406,9,1127.00,250.00,17.00,21.00,0.7130,1,1
406,10,723.00,454.00,29.00,47.00,0.8949,1,1
406,12,1186.00,157.00,21.00,25.00,0.7693,1,1
406,13,389.00,741.00,78.00,78.00,0.6807,1,1
406,15,1108.00,109.00,31.00,20.00,0.3158,1,1
407,1,770.00,241.00,66.00,50.00,0.9336,1,1
407,2,1172.00,143.00,36.00,24.00,0.7791,1,1
407,3,883.00,168.00,41.00,28.00,0.9007,1,1
407,4,552.00,869.00,44.00,68.00,0.7967,1,1
407,7,336.00,673.00,125.00,104.00,0.9414,1,1
407,9,1127.00,252.00,19.00,21.00,0.3664,1,1
407,10,716.00,446.00,28.00,49.00,0.8687,1,1
407,12,1186.00,157.00,22.00,25.00,0.6740,1,1
407,13,390.00,740.00,78.00,78.00,0.6807,1,1
407,15,1106.00,111.00,32.00,20.00,0.3158,1,1
407,28,552.00,858.00,40.00,62.00,0.7268,1,1
407,34,411.00,733.00,59.00,67.00,0.7427,1,1
407,36,1125.00,174.00,15.00,22.00,0.2901,1,1
408,1,768.00,236.00,63.00,50.00,0.9359,1,1
408,2,1174.00,143.00,34.00,25.00,0.8094,1,1
408,3,880.00,164.00,43.00,29.00,0.8944,1,1
408,7,338.00,669.00,125.00,105.00,0.9484,1,1
408,9,1127.00,253.00,19.00,21.00,0.3664,1,1
408,10,712.00,443.00,28.00,44.00,0.8920,1,1
408,12,1187.00,158.00,25.00,25.00,0.5017,1,1
408,13,413.00,728.00,59.00,71.00,0.8252,1,1
408,27,549.00,857.00,38.00,50.00,0.8025,1,1
408,28,549.00,855.00,40.00,63.00,0.7268,1,1
408,34,415.00,710.00,61.00,68.00,0.7427,1,1
408,36,1125.00,173.00,15.00,22.00,0.3756,1,1
409,1,766.00,233.00,62.00,48.00,0.9293,1,1
409,2,1175.00,144.00,34.00,26.00,0.8472,1,1
409,3,878.00,162.00,45.00,30.00,0.9030,1,1
409,7,346.00,662.00,121.00,109.00,0.9455,1,1
409,10,709.00,439.00,27.00,43.00,0.9000,1,1
409,12,1189.00,158.00,23.00,25.00,0.7176,1,1
409,13,425.00,722.00,50.00,68.00,0.6384,1,1
409,15,1108.00,109.00,31.00,20.00,0.6800,1,1
409,27,549.00,857.00,38.00,47.00,0.7415,1,1
409,36,1125.00,173.00,15.00,22.00,0.2877,1,1
410,1,764.00,231.00,61.00,49.00,0.9265,1,1
410,2,1176.00,144.00,34.00,26.00,0.8483,1,1
410,3,878.00,160.00,43.00,28.00,0.8954,1,1
410,7,353.00,656.00,118.00,104.00,0.9388,1,1
410,10,706.00,436.00,25.00,38.00,0.8814,1,1
410,12,1189.00,158.00,23.00,25.00,0.7415,1,1
410,13,423.00,714.00,55.00,74.00,0.5364,1,1
410,15,1109.00,109.00,30.00,19.00,0.6828,1,1
410,27,534.00,879.00,38.00,48.00,0.7415,1,1
410,36,1125.00,173.00,15.00,22.00,0.2768,1,1
411,1,764.00,229.00,59.00,46.00,0.9231,1,1
411,2,1176.00,146.00,34.00,24.00,0.8815,1,1
411,3,876.00,158.00,44.00,29.00,0.8989,1,1
411,7,357.00,653.00,117.00,106.00,0.9393,1,1
411,10,705.00,431.00,21.00,33.00,0.8860,1,1
411,12,1189.00,158.00,23.00,26.00,0.7479,1,1
411,13,435.00,703.00,47.00,69.00,0.4685,1,1
411,15,1108.00,108.00,31.00,19.00,0.6497,1,1
411,36,1125.00,174.00,15.00,21.00,0.4127,1,1
412,1,764.00,229.00,59.00,46.00,0.9242,1,1
412,2,1176.00,146.00,34.00,24.00,0.8820,1,1
412,3,876.00,158.00,44.00,29.00,0.8986,1,1
412,7,357.00,653.00,117.00,106.00,0.9396,1,1
412,10,705.00,430.00,21.00,33.00,0.8806,1,1
412,12,1189.00,158.00,23.00,26.00,0.7539,1,1
412,13,435.00,703.00,46.00,69.00,0.4725,1,1
412,15,1108.00,108.00,31.00,19.00,0.5806,1,1
412,36,1125.00,174.00,15.00,21.00,0.4485,1,1
413,1,761.00,223.00,54.00,46.00,0.9301,1,1
413,2,1175.00,146.00,35.00,25.00,0.8843,1,1
413,3,876.00,154.00,40.00,24.00,0.8468,1,1
413,7,361.00,642.00,120.00,101.00,0.9448,1,1
413,10,705.00,405.00,20.00,33.00,0.8451,1,1
413,12,1189.00,158.00,23.00,26.00,0.7656,1,1
413,13,442.00,692.00,46.00,66.00,0.3338,1,1
413,15,1110.00,106.00,30.00,20.00,0.2571,1,1
413,27,496.00,1027.00,48.00,51.00,0.8274,1,1
413,36,1125.00,174.00,15.00,21.00,0.5964,1,1
414,1,759.00,221.00,54.00,47.00,0.9334,1,1
414,2,1175.00,146.00,35.00,25.00,0.8869,1,1
414,3,875.00,152.00,39.00,22.00,0.7437,1,1
414,7,364.00,636.00,120.00,106.00,0.9470,1,1
414,10,707.00,394.00,19.00,32.00,0.8732,1,1
414,12,1190.00,158.00,22.00,27.00,0.7768,1,1
414,13,450.00,688.00,43.00,62.00,0.4668,1,1
414,15,1109.00,104.00,32.00,22.00,0.3348,1,1
414,27,512.00,1026.00,48.00,48.00,0.8657,1,1
414,36,1125.00,173.00,15.00,22.00,0.5374,1,1
415,1,757.00,220.00,55.00,47.00,0.9371,1,1
415,2,1176.00,147.00,35.00,25.00,0.9036,1,1
415,3,875.00,149.00,35.00,21.00,0.8210,1,1
415,7,366.00,631.00,124.00,109.00,0.9469,1,1
415,9,1211.00,268.00,18.00,20.00,0.2510,1,1
415,10,707.00,381.00,22.00,33.00,0.7063,1,1
415,12,1190.00,159.00,22.00,26.00,0.8142,1,1
415,13,455.00,683.00,41.00,61.00,0.4668,1,1
415,15,1110.00,103.00,33.00,20.00,0.5988,1,1
415,27,528.00,1024.00,48.00,43.00,0.8898,1,1
415,36,1125.00,174.00,15.00,21.00,0.5157,1,1
415,39,839.00,415.00,19.00,27.00,0.2739,1,1
416,1,756.00,218.00,55.00,46.00,0.9393,1,1
416,2,1176.00,148.00,35.00,26.00,0.8993,1,1
416,3,873.00,146.00,35.00,22.00,0.7414,1,1
416,7,375.00,624.00,118.00,110.00,0.9446,1,1
416,9,1218.00,269.00,17.00,21.00,0.2510,1,1
416,10,707.00,374.00,20.00,33.00,0.7063,1,1
416,12,1190.00,160.00,24.00,27.00,0.7928,1,1
416,13,457.00,670.00,41.00,66.00,0.3879,1,1
416,15,1113.00,101.00,30.00,20.00,0.4203,1,1
416,27,537.00,1013.00,48.00,46.00,0.9249,1,1
416,36,1125.00,173.00,14.00,22.00,0.4039,1,1
416,39,839.00,416.00,20.00,27.00,0.6812,1,1
417,1,756.00,217.00,55.00,46.00,0.9379,1,1
417,2,1177.00,148.00,35.00,27.00,0.9072,1,1
417,3,872.00,143.00,35.00,22.00,0.7081,1,1
417,7,378.00,618.00,120.00,107.00,0.9379,1,1
417,12,1190.00,161.00,24.00,29.00,0.7775,1,1
417,13,461.00,665.00,40.00,65.00,0.3879,1,1
417,15,1116.00,95.00,27.00,20.00,0.7755,1,1
417,27,544.00,1003.00,43.00,49.00,0.8732,1,1
417,36,1125.00,173.00,15.00,22.00,0.4542,1,1
417,39,841.00,417.00,20.00,28.00,0.8665,1,1
418,1,756.00,217.00,55.00,46.00,0.9371,1,1
418,2,1177.00,148.00,35.00,27.00,0.9069,1,1
418,3,872.00,143.00,35.00,22.00,0.7302,1,1
418,7,377.00,618.00,121.00,107.00,0.9381,1,1
418,12,1190.00,161.00,24.00,29.00,0.7780,1,1
418,15,1117.00,95.00,26.00,20.00,0.7783,1,1
418,27,544.00,1003.00,43.00,50.00,0.8701,1,1
418,36,1125.00,173.00,15.00,22.00,0.4969,1,1
418,39,841.00,416.00,20.00,29.00,0.8702,1,1
419,1,756.00,215.00,56.00,45.00,0.9352,1,1
419,2,1178.00,149.00,35.00,25.00,0.9001,1,1
419,3,868.00,142.00,37.00,19.00,0.8292,1,1
419,7,388.00,608.00,117.00,106.00,0.9468,1,1
419,12,1190.00,162.00,24.00,29.00,0.6778,1,1
419,15,1116.00,90.00,28.00,19.00,0.8821,1,1
419,27,542.00,1018.00,44.00,51.00,0.8701,1,1
419,36,1125.00,173.00,14.00,22.00,0.4770,1,1
419,39,839.00,417.00,21.00,32.00,0.8935,1,1
420,1,759.00,212.00,55.00,47.00,0.9295,1,1
420,2,1179.00,149.00,35.00,26.00,0.9033,1,1
420,3,868.00,139.00,35.00,20.00,0.8683,1,1
420,7,392.00,602.00,116.00,107.00,0.9445,1,1
420,12,1191.00,165.00,24.00,28.00,0.6260,1,1
420,15,1117.00,89.00,28.00,18.00,0.8838,1,1
420,27,564.00,972.00,42.00,47.00,0.8957,1,1
420,36,1125.00,172.00,15.00,22.00,0.5029,1,1
420,39,837.00,416.00,23.00,34.00,0.8993,1,1
421,1,760.00,210.00,55.00,48.00,0.9300,1,1
421,2,1179.00,149.00,36.00,27.00,0.9018,1,1
421,3,867.00,139.00,35.00,20.00,0.8666,1,1
421,7,395.00,597.00,116.00,112.00,0.9475,1,1
421,12,1191.00,166.00,25.00,27.00,0.7157,1,1
421,15,1118.00,88.00,27.00,17.00,0.8243,1,1
421,27,571.00,956.00,40.00,50.00,0.9187,1,1
421,36,1125.00,171.00,15.00,23.00,0.5589,1,1
421,39,835.00,414.00,24.00,36.00,0.8854,1,1
422,1,762.00,207.00,56.00,48.00,0.9311,1,1
422,2,1181.00,150.00,34.00,27.00,0.8973,1,1
422,3,867.00,137.00,34.00,22.00,0.8725,1,1
422,4,577.00,946.00,41.00,47.00,0.8832,1,1
422,7,399.00,591.00,116.00,105.00,0.9441,1,1
422,12,1193.00,167.00,24.00,26.00,0.7400,1,1
422,15,1117.00,87.00,27.00,15.00,0.7381,1,1
422,27,572.00,963.00,41.00,50.00,0.9187,1,1
422,36,1125.00,170.00,14.00,23.00,0.5634,1,1
422,39,834.00,415.00,24.00,35.00,0.8804,1,1
423,1,764.00,206.00,56.00,46.00,0.9296,1,1
423,2,1182.00,150.00,34.00,27.00,0.8932,1,1
423,3,867.00,136.00,34.00,22.00,0.8750,1,1
423,4,582.00,934.00,38.00,45.00,0.7541,1,1
423,7,402.00,588.00,116.00,105.00,0.9402,1,1
423,12,1194.00,168.00,23.00,25.00,0.7798,1,1
423,15,1119.00,84.00,29.00,15.00,0.3515,1,1
423,36,1125.00,168.00,14.00,26.00,0.5960,1,1
423,39,833.00,413.00,24.00,37.00,0.8773,1,1
424,1,764.00,206.00,56.00,46.00,0.9298,1,1
424,2,1182.00,150.00,34.00,28.00,0.8955,1,1
424,3,867.00,136.00,34.00,21.00,0.8797,1,1
424,4,582.00,934.00,38.00,45.00,0.7556,1,1
424,7,402.00,588.00,116.00,104.00,0.9405,1,1
424,12,1193.00,168.00,24.00,25.00,0.7933,1,1
424,15,1119.00,84.00,29.00,15.00,0.3366,1,1
424,36,1125.00,168.00,15.00,26.00,0.5872,1,1
424,39,833.00,413.00,24.00,37.00,0.8829,1,1
425,1,767.00,201.00,53.00,44.00,0.9296,1,1
425,2,1184.00,151.00,37.00,28.00,0.8875,1,1
425,3,867.00,134.00,33.00,22.00,0.8861,1,1
425,4,595.00,910.00,39.00,43.00,0.7979,1,1
425,7,409.00,580.00,115.00,103.00,0.9461,1,1
425,9,871.00,151.00,22.00,23.00,0.4873,1,1
425,11,1120.00,79.00,31.00,19.00,0.7236,1,1
425,12,1195.00,169.00,26.00,27.00,0.8596,1,1
425,15,1119.00,83.00,30.00,15.00,0.3366,1,1
425,36,1125.00,169.00,15.00,26.00,0.5764,1,1
425,39,832.00,408.00,21.00,40.00,0.8134,1,1
426,1,770.00,199.00,49.00,43.00,0.9352,1,1
426,2,1185.00,152.00,37.00,28.00,0.8994,1,1
426,3,867.00,133.00,33.00,22.00,0.8873,1,1
426,4,601.00,899.00,40.00,45.00,0.8333,1,1
426,7,412.00,575.00,114.00,105.00,0.9491,1,1
426,9,871.00,151.00,22.00,22.00,0.5032,1,1
426,10,1118.00,251.00,24.00,16.00,0.2787,1,1
426,11,1121.00,78.00,33.00,20.00,0.7940,1,1
426,12,1196.00,168.00,25.00,28.00,0.8715,1,1
426,36,1126.00,169.00,14.00,27.00,0.4193,1,1
426,39,832.00,407.00,20.00,38.00,0.6270,1,1
427,1,770.00,196.00,50.00,45.00,0.9405,1,1
427,2,1187.00,153.00,38.00,27.00,0.9101,1,1
427,3,866.00,133.00,34.00,21.00,0.8840,1,1
427,4,610.00,891.00,36.00,44.00,0.8975,1,1
427,7,415.00,572.00,115.00,104.00,0.9465,1,1
427,9,871.00,150.00,22.00,23.00,0.4747,1,1
427,10,1120.00,249.00,22.00,15.00,0.3742,1,1
427,11,1121.00,78.00,34.00,20.00,0.7798,1,1
427,12,1198.00,168.00,26.00,27.00,0.8899,1,1
427,28,713.00,359.00,20.00,32.00,0.3413,1,1
427,36,1126.00,168.00,14.00,26.00,0.4387,1,1
427,39,831.00,406.00,21.00,39.00,0.6270,1,1
428,1,769.00,195.00,50.00,42.00,0.9373,1,1
428,2,1190.00,152.00,37.00,28.00,0.9162,1,1
428,3,866.00,133.00,34.00,21.00,0.8841,1,1
428,4,616.00,885.00,39.00,43.00,0.8521,1,1
428,7,418.00,568.00,116.00,104.00,0.9508,1,1
428,9,871.00,151.00,22.00,22.00,0.4968,1,1
428,10,1123.00,248.00,21.00,16.00,0.5925,1,1
428,11,1122.00,79.00,35.00,19.00,0.8827,1,1
428,12,1201.00,169.00,26.00,27.00,0.8593,1,1
428,28,712.00,360.00,20.00,33.00,0.7799,1,1
428,36,1126.00,168.00,14.00,26.00,0.4387,1,1
429,1,767.00,193.00,53.00,43.00,0.9370,1,1
429,2,1193.00,153.00,36.00,27.00,0.9136,1,1
429,3,866.00,132.00,34.00,22.00,0.8858,1,1
429,4,623.00,881.00,38.00,40.00,0.8699,1,1
429,7,421.00,566.00,115.00,106.00,0.9510,1,1
429,9,871.00,151.00,22.00,22.00,0.5092,1,1
429,10,1126.00,248.00,21.00,16.00,0.6693,1,1
429,11,1122.00,79.00,36.00,19.00,0.8762,1,1
429,12,1202.00,170.00,26.00,26.00,0.8867,1,1
429,28,711.00,360.00,21.00,34.00,0.7990,1,1
429,36,1128.00,173.00,12.00,24.00,0.3562,1,1
429,39,827.00,384.00,23.00,37.00,0.2952,1,1
430,1,767.00,193.00,53.00,43.00,0.9373,1,1
430,2,1193.00,153.00,36.00,27.00,0.9144,1,1
430,3,866.00,132.00,33.00,22.00,0.8869,1,1
430,4,623.00,880.00,38.00,41.00,0.8689,1,1
430,7,421.00,566.00,115.00,106.00,0.9511,1,1
430,9,871.00,151.00,22.00,21.00,0.7479,1,1
430,10,1125.00,247.00,21.00,17.00,0.6835,1,1
430,11,1122.00,79.00,36.00,19.00,0.8787,1,1
430,12,1202.00,170.00,26.00,26.00,0.8902,1,1
430,28,711.00,360.00,21.00,34.00,0.7980,1,1
430,36,1128.00,175.00,12.00,23.00,0.4341,1,1
430,39,827.00,384.00,23.00,36.00,0.3947,1,1
431,1,764.00,188.00,49.00,41.00,0.9332,1,1
431,2,1197.00,153.00,38.00,28.00,0.9266,1,1
431,3,867.00,129.00,32.00,23.00,0.8892,1,1
431,4,627.00,877.00,38.00,40.00,0.8689,1,1
431,7,433.00,561.00,113.00,101.00,0.9482,1,1
431,9,872.00,148.00,22.00,23.00,0.7366,1,1
431,10,1147.00,242.00,22.00,16.00,0.6835,1,1
431,11,1125.00,79.00,34.00,18.00,0.8750,1,1
431,12,1208.00,170.00,27.00,29.00,0.8936,1,1
431,27,637.00,875.00,36.00,46.00,0.8818,1,1
431,28,710.00,362.00,22.00,35.00,0.8101,1,1
431,36,1129.00,178.00,15.00,21.00,0.4703,1,1
431,39,827.00,382.00,22.00,36.00,0.3947,1,1
432,1,760.00,188.00,53.00,39.00,0.9320,1,1
432,2,1201.00,154.00,36.00,27.00,0.9229,1,1
432,3,867.00,129.00,32.00,22.00,0.8880,1,1
432,4,642.00,876.00,39.00,44.00,0.9047,1,1
432,7,437.00,558.00,112.00,101.00,0.9499,1,1
432,9,872.00,147.00,22.00,23.00,0.6463,1,1
432,11,1128.00,79.00,32.00,17.00,0.8763,1,1
432,12,1209.00,171.00,27.00,28.00,0.8365,1,1
432,27,642.00,871.00,35.00,46.00,0.8818,1,1
432,28,709.00,362.00,23.00,36.00,0.6458,1,1
432,36,1130.00,179.00,15.00,20.00,0.4703,1,1
433,1,756.00,188.00,54.00,38.00,0.9262,1,1
433,2,1202.00,155.00,37.00,29.00,0.9221,1,1
433,3,867.00,129.00,33.00,22.00,0.8871,1,1
433,4,647.00,876.00,39.00,42.00,0.8760,1,1
433,7,442.00,557.00,112.00,101.00,0.9543,1,1
433,9,872.00,147.00,22.00,22.00,0.5977,1,1
433,11,1130.00,79.00,32.00,18.00,0.8761,1,1
433,12,1212.00,173.00,26.00,30.00,0.8879,1,1
433,28,707.00,361.00,23.00,36.00,0.6785,1,1
433,36,1134.00,181.00,15.00,19.00,0.2642,1,1
434,1,751.00,187.00,57.00,38.00,0.9235,1,1
434,2,1206.00,155.00,36.00,28.00,0.9145,1,1
434,3,866.00,128.00,35.00,22.00,0.8844,1,1
434,4,655.00,876.00,37.00,42.00,0.7879,1,1
434,7,447.00,555.00,113.00,101.00,0.9529,1,1
434,9,867.00,145.00,22.00,22.00,0.5977,1,1
434,11,1133.00,80.00,31.00,17.00,0.8579,1,1
434,12,1215.00,174.00,25.00,28.00,0.8987,1,1
434,28,711.00,358.00,23.00,36.00,0.6785,1,1
434,36,1138.00,185.00,16.00,21.00,0.6215,1,1
434,39,707.00,361.00,22.00,37.00,0.8815,1,1
435,1,750.00,184.00,54.00,40.00,0.9226,1,1
435,2,1209.00,156.00,36.00,27.00,0.9159,1,1
435,3,867.00,128.00,36.00,21.00,0.8720,1,1
435,4,659.00,879.00,37.00,43.00,0.8272,1,1
435,7,452.00,554.00,114.00,100.00,0.9549,1,1
435,11,1134.00,80.00,31.00,17.00,0.8579,1,1
435,12,1216.00,174.00,25.00,28.00,0.8851,1,1
435,15,1135.00,80.00,31.00,19.00,0.8526,1,1
435,36,1139.00,187.00,19.00,21.00,0.6046,1,1
435,39,706.00,361.00,22.00,39.00,0.9028,1,1
436,1,750.00,184.00,54.00,40.00,0.9229,1,1
436,2,1209.00,156.00,36.00,27.00,0.9160,1,1
436,3,867.00,128.00,35.00,21.00,0.8706,1,1
436,4,659.00,878.00,37.00,44.00,0.8332,1,1
436,7,452.00,554.00,114.00,100.00,0.9549,1,1
436,12,1216.00,174.00,25.00,28.00,0.8864,1,1
436,15,1135.00,80.00,31.00,19.00,0.8538,1,1
436,36,1139.00,187.00,20.00,20.00,0.6105,1,1
436,39,706.00,361.00,22.00,39.00,0.9028,1,1
437,1,742.00,180.00,49.00,40.00,0.9217,1,1
437,2,1213.00,156.00,36.00,29.00,0.9193,1,1
437,3,867.00,125.00,38.00,22.00,0.8732,1,1
437,4,663.00,880.00,40.00,45.00,0.6681,1,1
437,7,466.00,551.00,113.00,102.00,0.9534,1,1
437,9,880.00,144.00,21.00,24.00,0.5195,1,1
437,12,1220.00,175.00,26.00,28.00,0.8893,1,1
437,15,1137.00,81.00,31.00,20.00,0.8488,1,1
437,34,861.00,250.00,27.00,19.00,0.3593,1,1
437,36,1141.00,188.00,19.00,21.00,0.6105,1,1
437,39,704.00,359.00,21.00,38.00,0.8807,1,1
438,1,738.00,177.00,50.00,42.00,0.9296,1,1
438,2,1216.00,156.00,35.00,28.00,0.9185,1,1
438,3,867.00,125.00,40.00,22.00,0.8802,1,1
438,4,670.00,886.00,38.00,40.00,0.8630,1,1
438,7,474.00,549.00,114.00,102.00,0.9569,1,1
438,9,877.00,142.00,22.00,24.00,0.5195,1,1
438,10,1145.00,230.00,22.00,14.00,0.3656,1,1
438,12,1222.00,175.00,26.00,28.00,0.9006,1,1
438,15,1137.00,83.00,32.00,20.00,0.8709,1,1
438,34,878.00,235.00,25.00,16.00,0.3593,1,1
438,39,703.00,356.00,21.00,41.00,0.8698,1,1
439,1,737.00,176.00,50.00,42.00,0.9307,1,1
439,2,1218.00,158.00,33.00,30.00,0.9142,1,1
439,3,868.00,125.00,41.00,22.00,0.8886,1,1
439,4,671.00,884.00,38.00,45.00,0.9006,1,1
439,7,483.00,547.00,113.00,104.00,0.9477,1,1
439,9,880.00,143.00,24.00,25.00,0.5626,1,1
439,10,1145.00,230.00,23.00,14.00,0.5021,1,1
439,12,1225.00,176.00,25.00,30.00,0.8962,1,1
439,15,1139.00,84.00,31.00,20.00,0.8893,1,1
439,39,702.00,352.00,21.00,43.00,0.8756,1,1
440,1,735.00,173.00,51.00,42.00,0.9282,1,1
440,2,1220.00,158.00,33.00,29.00,0.9082,1,1
440,3,869.00,125.00,40.00,22.00,0.8834,1,1
440,4,674.00,884.00,38.00,48.00,0.8998,1,1
440,7,494.00,546.00,111.00,103.00,0.9509,1,1
440,9,882.00,144.00,22.00,24.00,0.6721,1,1
440,10,1155.00,227.00,23.00,14.00,0.5021,1,1
440,12,1227.00,175.00,25.00,29.00,0.8956,1,1
440,15,1139.00,85.00,32.00,19.00,0.8948,1,1
440,39,701.00,349.00,20.00,39.00,0.8785,1,1
441,1,732.00,170.00,53.00,42.00,0.9259,1,1
441,2,1221.00,158.00,34.00,29.00,0.9030,1,1
441,3,869.00,123.00,44.00,23.00,0.8936,1,1
441,4,676.00,889.00,37.00,42.00,0.8990,1,1
441,7,502.00,545.00,110.00,102.00,0.9464,1,1
441,9,883.00,143.00,23.00,24.00,0.2996,1,1
441,12,1229.00,176.00,24.00,28.00,0.8933,1,1
441,15,1140.00,85.00,32.00,20.00,0.9029,1,1
441,39,699.00,345.00,19.00,39.00,0.8789,1,1
442,1,732.00,170.00,53.00,42.00,0.9257,1,1
442,2,1221.00,158.00,34.00,29.00,0.9031,1,1
442,3,869.00,123.00,44.00,23.00,0.8935,1,1
442,4,676.00,889.00,37.00,42.00,0.8995,1,1
442,7,502.00,545.00,110.00,102.00,0.9462,1,1
442,9,883.00,142.00,24.00,26.00,0.2666,1,1
442,12,1229.00,176.00,24.00,28.00,0.8919,1,1
442,15,1140.00,86.00,33.00,19.00,0.9014,1,1
442,39,699.00,345.00,19.00,39.00,0.8771,1,1
443,1,731.00,167.00,50.00,41.00,0.9287,1,1
443,2,1224.00,159.00,31.00,28.00,0.9058,1,1
443,3,872.00,122.00,44.00,24.00,0.8966,1,1
443,4,682.00,887.00,34.00,45.00,0.8896,1,1
443,7,521.00,539.00,109.00,105.00,0.9548,1,1
443,9,886.00,143.00,23.00,25.00,0.4536,1,1
443,10,1152.00,225.00,27.00,15.00,0.2861,1,1
443,12,1230.00,176.00,25.00,30.00,0.9222,1,1
443,15,1142.00,86.00,32.00,20.00,0.8976,1,1
443,39,695.00,343.00,18.00,38.00,0.8771,1,1
444,1,730.00,166.00,51.00,41.00,0.9251,1,1
444,2,1226.00,160.00,29.00,27.00,0.8962,1,1
444,3,872.00,122.00,46.00,24.00,0.9024,1,1
444,4,686.00,882.00,34.00,47.00,0.8780,1,1
444,7,526.00,535.00,113.00,106.00,0.9500,1,1
444,9,885.00,142.00,24.00,25.00,0.4536,1,1
444,10,1158.00,222.00,28.00,16.00,0.2861,1,1
444,12,1231.00,177.00,23.00,29.00,0.9188,1,1
444,15,1143.00,87.00,33.00,20.00,0.8944,1,1
445,1,731.00,166.00,50.00,38.00,0.9205,1,1
445,2,1226.00,159.00,29.00,27.00,0.8927,1,1
445,3,873.00,122.00,46.00,24.00,0.9025,1,1
445,4,691.00,880.00,34.00,44.00,0.8764,1,1
445,7,530.00,532.00,119.00,104.00,0.9497,1,1
445,11,1200.00,129.00,19.00,16.00,0.2736,1,1
445,12,1231.00,177.00,22.00,29.00,0.9163,1,1
445,15,1144.00,87.00,32.00,20.00,0.8922,1,1
446,1,731.00,165.00,50.00,39.00,0.9226,1,1
446,2,1225.00,158.00,30.00,28.00,0.9069,1,1
446,3,874.00,121.00,47.00,24.00,0.9069,1,1
446,4,699.00,875.00,33.00,45.00,0.8809,1,1
446,7,542.00,530.00,114.00,103.00,0.9572,1,1
446,11,1204.00,130.00,19.00,18.00,0.3774,1,1
446,12,1231.00,177.00,24.00,30.00,0.9191,1,1
446,15,1145.00,88.00,32.00,20.00,0.8979,1,1
447,1,732.00,164.00,49.00,38.00,0.9172,1,1
447,2,1225.00,159.00,31.00,26.00,0.9137,1,1
447,3,875.00,121.00,48.00,24.00,0.9024,1,1
447,4,706.00,871.00,32.00,44.00,0.8974,1,1
447,7,552.00,528.00,110.00,104.00,0.9519,1,1
447,11,1207.00,131.00,21.00,17.00,0.3344,1,1
447,12,1231.00,177.00,23.00,31.00,0.9198,1,1
447,15,1146.00,89.00,32.00,19.00,0.8959,1,1
448,1,732.00,164.00,49.00,38.00,0.9194,1,1
448,2,1225.00,159.00,31.00,26.00,0.9137,1,1
448,3,875.00,120.00,48.00,25.00,0.9026,1,1
448,4,706.00,871.00,31.00,44.00,0.8984,1,1
448,7,552.00,528.00,110.00,104.00,0.9518,1,1
448,11,1207.00,131.00,21.00,17.00,0.3149,1,1
448,12,1231.00,177.00,23.00,31.00,0.9200,1,1
448,15,1146.00,88.00,32.00,20.00,0.8957,1,1
449,1,732.00,163.00,52.00,40.00,0.9237,1,1
449,2,1227.00,159.00,30.00,23.00,0.9033,1,1
449,3,876.00,120.00,47.00,24.00,0.8770,1,1
449,4,723.00,859.00,32.00,46.00,0.9031,1,1
449,7,564.00,525.00,113.00,104.00,0.9558,1,1
449,11,1211.00,134.00,21.00,16.00,0.3149,1,1
449,12,1231.00,177.00,22.00,31.00,0.9074,1,1
449,15,1146.00,89.00,33.00,19.00,0.9006,1,1
450,1,733.00,162.00,52.00,39.00,0.9191,1,1
450,2,1228.00,160.00,31.00,23.00,0.9009,1,1
450,3,877.00,120.00,47.00,24.00,0.8858,1,1
450,4,732.00,852.00,33.00,45.00,0.9176,1,1
450,7,569.00,524.00,113.00,103.00,0.9536,1,1
450,12,1231.00,178.00,22.00,30.00,0.9108,1,1
450,15,1146.00,90.00,33.00,19.00,0.8986,1,1
451,1,735.00,161.00,52.00,37.00,0.9168,1,1
451,2,1227.00,160.00,31.00,23.00,0.9075,1,1
451,3,877.00,120.00,49.00,24.00,0.8767,1,1
451,4,744.00,847.00,31.00,41.00,0.9221,1,1
451,7,571.00,523.00,116.00,103.00,0.9470,1,1
451,12,1231.00,178.00,23.00,30.00,0.9135,1,1
451,15,1146.00,90.00,33.00,19.00,0.8999,1,1
451,36,1168.00,188.00,21.00,23.00,0.3549,1,1
452,1,736.00,161.00,50.00,37.00,0.9163,1,1
452,2,1227.00,160.00,31.00,23.00,0.9073,1,1
452,3,877.00,120.00,49.00,24.00,0.8778,1,1
452,4,744.00,847.00,31.00,41.00,0.9219,1,1
452,7,572.00,523.00,115.00,102.00,0.9474,1,1
452,12,1231.00,178.00,22.00,30.00,0.9095,1,1
452,15,1146.00,90.00,33.00,19.00,0.9002,1,1
452,36,1167.00,188.00,21.00,23.00,0.4213,1,1
