3,1,1050.00,151.00,75.00,64.00,0.9309,1,1
3,2,649.00,210.00,67.00,82.00,0.8479,1,1
3,3,533.00,456.00,75.00,74.00,0.7340,1,1
4,1,1050.00,151.00,75.00,64.00,0.9317,1,1
4,2,649.00,210.00,67.00,81.00,0.8143,1,1
4,3,533.00,456.00,74.00,74.00,0.6186,1,1
5,1,1050.00,151.00,75.00,65.00,0.9319,1,1
5,2,649.00,210.00,68.00,81.00,0.3300,1,1
5,3,532.00,456.00,75.00,73.00,0.5767,1,1
6,1,1050.00,152.00,75.00,64.00,0.9322,1,1
6,2,649.00,210.00,68.00,81.00,0.3267,1,1
6,3,532.00,456.00,75.00,73.00,0.7186,1,1
7,1,1050.00,152.00,76.00,64.00,0.9337,1,1
7,2,649.00,210.00,67.00,81.00,0.8836,1,1
7,3,532.00,457.00,74.00,73.00,0.7815,1,1
8,1,1050.00,152.00,76.00,64.00,0.9335,1,1
8,2,649.00,210.00,67.00,81.00,0.8835,1,1
8,3,532.00,457.00,74.00,73.00,0.7793,1,1
9,1,1051.00,152.00,75.00,64.00,0.9338,1,1
9,2,649.00,209.00,67.00,82.00,0.3253,1,1
9,3,531.00,458.00,75.00,73.00,0.7122,1,1
10,1,1050.00,153.00,76.00,64.00,0.9334,1,1
10,2,648.00,209.00,68.00,80.00,0.4598,1,1
10,3,530.00,459.00,76.00,74.00,0.7866,1,1
11,1,1050.00,153.00,76.00,63.00,0.9331,1,1
11,2,648.00,208.00,69.00,83.00,0.8272,1,1
11,3,531.00,459.00,74.00,74.00,0.8601,1,1
12,1,1050.00,153.00,75.00,64.00,0.9337,1,1
12,2,648.00,209.00,69.00,82.00,0.8964,1,1
12,3,530.00,459.00,74.00,74.00,0.7716,1,1
13,1,1050.00,153.00,75.00,63.00,0.9330,1,1
13,2,648.00,208.00,69.00,83.00,0.8858,1,1
13,3,529.00,460.00,75.00,73.00,0.2823,1,1
13,6,632.00,48.00,55.00,35.00,0.3546,1,1
14,1,1050.00,153.00,75.00,63.00,0.9328,1,1
14,2,648.00,208.00,69.00,83.00,0.8852,1,1
14,3,529.00,460.00,74.00,72.00,0.2647,1,1
14,6,632.00,48.00,55.00,35.00,0.3376,1,1
15,1,1050.00,153.00,75.00,63.00,0.9328,1,1
15,2,648.00,209.00,70.00,82.00,0.8967,1,1
15,3,529.00,461.00,73.00,72.00,0.4488,1,1
15,6,632.00,48.00,55.00,35.00,0.3766,1,1
15,7,530.00,461.00,72.00,72.00,0.3164,1,1
16,1,1050.00,153.00,76.00,63.00,0.9318,1,1
16,2,648.00,209.00,70.00,81.00,0.8919,1,1
16,3,529.00,462.00,73.00,71.00,0.4488,1,1
16,6,632.00,48.00,55.00,35.00,0.3766,1,1
16,7,529.00,462.00,71.00,72.00,0.5334,1,1
17,1,1051.00,153.00,75.00,63.00,0.9321,1,1
17,2,647.00,209.00,72.00,81.00,0.8944,1,1
17,3,529.00,463.00,71.00,72.00,0.2815,1,1
17,7,529.00,463.00,71.00,72.00,0.3433,1,1
18,1,1052.00,152.00,76.00,65.00,0.9320,1,1
18,2,647.00,209.00,73.00,81.00,0.9229,1,1
18,3,528.00,464.00,71.00,71.00,0.2815,1,1
18,7,528.00,464.00,71.00,70.00,0.3624,1,1
19,1,1053.00,153.00,76.00,64.00,0.9315,1,1
19,2,647.00,209.00,73.00,81.00,0.9287,1,1
19,7,528.00,465.00,72.00,72.00,0.3065,1,1
20,1,1053.00,153.00,76.00,65.00,0.9316,1,1
20,2,647.00,209.00,73.00,81.00,0.9291,1,1
20,7,528.00,464.00,72.00,73.00,0.3097,1,1
21,1,1056.00,153.00,75.00,65.00,0.9313,1,1
21,2,647.00,208.00,73.00,83.00,0.9216,1,1
21,7,527.00,465.00,73.00,73.00,0.3252,1,1
21,11,469.00,0.00,32.00,19.00,0.4985,1,1
22,1,1057.00,153.00,76.00,65.00,0.9330,1,1
22,2,647.00,208.00,73.00,83.00,0.9241,1,1
22,3,528.00,466.00,71.00,72.00,0.3083,1,1
22,7,528.00,466.00,71.00,72.00,0.2813,1,1
22,11,468.00,0.00,34.00,25.00,0.6958,1,1
23,1,1059.00,153.00,76.00,66.00,0.9343,1,1
23,2,647.00,208.00,73.00,83.00,0.9157,1,1
23,3,528.00,467.00,71.00,71.00,0.3083,1,1
23,7,527.00,466.00,71.00,72.00,0.4880,1,1
23,11,467.00,1.00,34.00,26.00,0.7617,1,1
23,12,482.00,123.00,24.00,26.00,0.8653,1,1
24,1,1060.00,154.00,77.00,65.00,0.9365,1,1
24,2,647.00,209.00,73.00,81.00,0.9194,1,1
24,6,813.00,0.00,48.00,32.00,0.3606,1,1
24,7,528.00,467.00,70.00,71.00,0.4679,1,1
24,11,467.00,2.00,34.00,27.00,0.8108,1,1
24,12,482.00,126.00,25.00,27.00,0.8612,1,1
24,13,731.00,282.00,21.00,27.00,0.7784,1,1
25,1,1063.00,154.00,76.00,66.00,0.9346,1,1
25,2,646.00,209.00,74.00,81.00,0.9252,1,1
25,6,829.00,0.00,47.00,27.00,0.3606,1,1
25,7,528.00,467.00,70.00,72.00,0.3536,1,1
25,11,467.00,3.00,33.00,28.00,0.8091,1,1
25,12,483.00,130.00,27.00,28.00,0.8848,1,1
25,13,731.00,283.00,22.00,29.00,0.5417,1,1
26,1,1063.00,154.00,76.00,66.00,0.9347,1,1
26,2,646.00,209.00,74.00,81.00,0.9253,1,1
26,7,528.00,467.00,70.00,72.00,0.3340,1,1
26,11,467.00,3.00,33.00,29.00,0.8085,1,1
26,12,483.00,130.00,27.00,28.00,0.8850,1,1
26,13,731.00,283.00,22.00,29.00,0.5418,1,1
27,1,1064.00,155.00,76.00,66.00,0.9370,1,1
27,2,646.00,209.00,74.00,81.00,0.9314,1,1
27,7,528.00,467.00,70.00,72.00,0.3340,1,1
27,11,467.00,2.00,35.00,28.00,0.8119,1,1
27,12,483.00,134.00,28.00,29.00,0.8835,1,1
27,13,734.00,286.00,22.00,30.00,0.2708,1,1
28,1,1066.00,156.00,76.00,66.00,0.9362,1,1
28,2,646.00,209.00,74.00,82.00,0.9369,1,1
28,11,466.00,2.00,36.00,28.00,0.8281,1,1
28,12,485.00,139.00,28.00,31.00,0.8672,1,1
28,13,731.00,286.00,21.00,28.00,0.6445,1,1
29,1,1070.00,157.00,74.00,66.00,0.9349,1,1
29,2,646.00,209.00,75.00,82.00,0.9369,1,1
29,11,468.00,4.00,35.00,28.00,0.8619,1,1
29,12,489.00,144.00,25.00,32.00,0.8891,1,1
29,13,730.00,287.00,19.00,27.00,0.4675,1,1
30,1,1073.00,157.00,74.00,67.00,0.9322,1,1
30,2,646.00,209.00,75.00,82.00,0.9378,1,1
30,11,468.00,4.00,37.00,30.00,0.8752,1,1
30,12,486.00,146.00,28.00,35.00,0.8683,1,1
30,13,729.00,287.00,19.00,26.00,0.5210,1,1
31,1,1075.00,158.00,76.00,68.00,0.9313,1,1
31,2,647.00,209.00,73.00,82.00,0.9373,1,1
31,3,514.00,417.00,31.00,38.00,0.4480,1,1
31,11,470.00,5.00,37.00,30.00,0.8788,1,1
31,12,490.00,155.00,26.00,34.00,0.8637,1,1
31,13,728.00,287.00,19.00,26.00,0.5822,1,1
32,1,1075.00,158.00,76.00,68.00,0.9314,1,1
32,2,647.00,209.00,73.00,82.00,0.9373,1,1
32,3,514.00,418.00,31.00,37.00,0.4651,1,1
32,11,470.00,5.00,37.00,30.00,0.8787,1,1
32,12,490.00,155.00,26.00,34.00,0.8638,1,1
32,13,728.00,287.00,19.00,26.00,0.5832,1,1
33,1,1078.00,159.00,75.00,68.00,0.9307,1,1
33,2,646.00,209.00,74.00,82.00,0.9388,1,1
33,3,519.00,408.00,32.00,40.00,0.3801,1,1
33,11,471.00,7.00,38.00,32.00,0.8832,1,1
33,12,490.00,159.00,26.00,36.00,0.8203,1,1
33,13,727.00,286.00,19.00,24.00,0.5610,1,1
34,1,1080.00,159.00,76.00,70.00,0.9370,1,1
34,2,646.00,210.00,74.00,81.00,0.9388,1,1
34,3,523.00,402.00,33.00,41.00,0.2772,1,1
34,11,473.00,8.00,39.00,37.00,0.9037,1,1
34,12,490.00,163.00,25.00,37.00,0.8645,1,1
34,13,725.00,284.00,19.00,25.00,0.7283,1,1
35,1,1082.00,160.00,75.00,70.00,0.9359,1,1
35,2,646.00,210.00,74.00,81.00,0.9382,1,1
35,3,523.00,397.00,32.00,41.00,0.2772,1,1
35,11,476.00,10.00,39.00,38.00,0.9084,1,1
35,12,489.00,167.00,23.00,36.00,0.9115,1,1
35,13,723.00,282.00,19.00,24.00,0.7324,1,1
36,1,1083.00,162.00,75.00,68.00,0.9389,1,1
36,2,646.00,210.00,74.00,81.00,0.9360,1,1
36,11,480.00,9.00,38.00,39.00,0.9107,1,1
36,12,487.00,169.00,24.00,38.00,0.9135,1,1
36,13,722.00,279.00,18.00,25.00,0.8399,1,1
37,1,1085.00,162.00,75.00,69.00,0.9376,1,1
37,2,646.00,210.00,74.00,81.00,0.9350,1,1
37,11,482.00,11.00,39.00,39.00,0.8896,1,1
37,12,484.00,173.00,25.00,38.00,0.9103,1,1
37,13,722.00,279.00,18.00,25.00,0.8421,1,1
38,1,1085.00,162.00,75.00,69.00,0.9376,1,1
38,2,646.00,210.00,74.00,81.00,0.9348,1,1
38,11,482.00,11.00,39.00,39.00,0.8893,1,1
38,12,484.00,173.00,25.00,38.00,0.9104,1,1
38,13,722.00,279.00,18.00,25.00,0.8421,1,1
38,15,802.00,114.00,24.00,27.00,0.2709,1,1
39,1,1086.00,162.00,76.00,69.00,0.9340,1,1
39,2,647.00,209.00,73.00,82.00,0.9346,1,1
39,11,485.00,12.00,38.00,40.00,0.8699,1,1
39,12,482.00,176.00,25.00,39.00,0.9150,1,1
39,13,722.00,276.00,18.00,28.00,0.8524,1,1
39,15,802.00,114.00,24.00,27.00,0.2709,1,1
40,1,1087.00,162.00,76.00,70.00,0.9363,1,1
40,2,647.00,210.00,73.00,81.00,0.9189,1,1
40,3,566.00,430.00,32.00,40.00,0.5547,1,1
40,11,486.00,13.00,38.00,39.00,0.8780,1,1
40,12,480.00,179.00,25.00,38.00,0.9100,1,1
40,13,722.00,276.00,18.00,28.00,0.8803,1,1
40,15,809.00,110.00,22.00,30.00,0.6579,1,1
41,1,1088.00,163.00,75.00,69.00,0.9362,1,1
41,2,648.00,210.00,73.00,82.00,0.9347,1,1
41,3,568.00,427.00,31.00,41.00,0.7376,1,1
41,11,485.00,15.00,40.00,39.00,0.8526,1,1
41,12,478.00,181.00,26.00,41.00,0.9126,1,1
41,13,721.00,276.00,20.00,27.00,0.8595,1,1
41,15,811.00,109.00,22.00,31.00,0.6579,1,1
42,1,1088.00,163.00,75.00,69.00,0.9365,1,1
42,2,648.00,210.00,74.00,82.00,0.9344,1,1
42,3,570.00,428.00,30.00,40.00,0.7064,1,1
42,7,477.00,0.00,59.00,23.00,0.3260,1,1
42,11,487.00,16.00,37.00,40.00,0.8504,1,1
42,12,476.00,184.00,28.00,41.00,0.9098,1,1
42,13,722.00,276.00,19.00,26.00,0.8284,1,1
43,1,1088.00,163.00,75.00,69.00,0.9356,1,1
43,2,649.00,210.00,72.00,84.00,0.9252,1,1
43,3,571.00,426.00,29.00,40.00,0.5091,1,1
43,7,476.00,0.00,54.00,-5.00,0.3260,1,1
43,11,488.00,20.00,37.00,40.00,0.8791,1,1
43,12,476.00,188.00,27.00,41.00,0.9153,1,1
43,13,722.00,276.00,19.00,26.00,0.7578,1,1
44,1,1088.00,163.00,75.00,69.00,0.9356,1,1
44,2,649.00,210.00,72.00,84.00,0.9252,1,1
44,3,571.00,425.00,30.00,42.00,0.5084,1,1
44,11,488.00,20.00,37.00,40.00,0.8791,1,1
44,12,476.00,188.00,27.00,41.00,0.9153,1,1
44,13,722.00,276.00,20.00,26.00,0.7576,1,1
45,1,1087.00,162.00,74.00,70.00,0.9359,1,1
45,2,649.00,210.00,72.00,83.00,0.9069,1,1
45,3,574.00,426.00,29.00,41.00,0.5084,1,1
45,11,488.00,21.00,38.00,40.00,0.8834,1,1
45,12,476.00,195.00,28.00,41.00,0.9133,1,1
45,13,722.00,276.00,22.00,27.00,0.7858,1,1
46,1,1085.00,162.00,74.00,70.00,0.9366,1,1
46,2,650.00,210.00,71.00,85.00,0.8951,1,1
46,11,489.00,23.00,39.00,42.00,0.8978,1,1
46,12,476.00,202.00,29.00,40.00,0.9018,1,1
46,13,722.00,279.00,23.00,24.00,0.7909,1,1
47,1,1083.00,162.00,75.00,70.00,0.9340,1,1
47,2,650.00,210.00,71.00,83.00,0.8607,1,1
47,11,489.00,25.00,41.00,41.00,0.8998,1,1
47,12,478.00,208.00,28.00,42.00,0.9054,1,1
47,13,723.00,279.00,24.00,23.00,0.8695,1,1
47,17,475.00,0.00,60.00,33.00,0.8540,1,1
48,1,1082.00,162.00,74.00,69.00,0.9319,1,1
48,2,650.00,210.00,70.00,83.00,0.8760,1,1
48,11,489.00,28.00,40.00,41.00,0.9021,1,1
48,12,479.00,211.00,28.00,44.00,0.9156,1,1
48,13,725.00,280.00,21.00,23.00,0.7943,1,1
48,17,474.00,0.00,61.00,34.00,0.8945,1,1
49,1,1079.00,162.00,76.00,68.00,0.9332,1,1
49,2,650.00,210.00,70.00,83.00,0.8621,1,1
49,11,487.00,30.00,42.00,41.00,0.9131,1,1
49,12,481.00,216.00,27.00,45.00,0.9256,1,1
49,13,726.00,281.00,21.00,24.00,0.8092,1,1
49,17,475.00,1.00,60.00,36.00,0.8599,1,1
50,1,1079.00,161.00,76.00,69.00,0.9332,1,1
50,2,650.00,210.00,70.00,83.00,0.8613,1,1
50,11,487.00,30.00,42.00,41.00,0.9130,1,1
50,12,481.00,216.00,27.00,45.00,0.9257,1,1
50,13,726.00,281.00,21.00,24.00,0.8114,1,1
50,17,475.00,1.00,60.00,36.00,0.8592,1,1
51,1,1079.00,161.00,74.00,69.00,0.9337,1,1
51,2,651.00,211.00,69.00,82.00,0.8436,1,1
51,3,568.00,411.00,31.00,45.00,0.5632,1,1
51,11,487.00,31.00,42.00,41.00,0.9055,1,1
51,12,482.00,222.00,29.00,44.00,0.9294,1,1
51,13,727.00,283.00,20.00,24.00,0.7844,1,1
51,15,814.00,108.00,29.00,28.00,0.8558,1,1
51,17,472.00,0.00,61.00,41.00,0.9070,1,1
52,1,1077.00,160.00,75.00,68.00,0.9301,1,1
52,2,651.00,211.00,69.00,82.00,0.8612,1,1
52,3,569.00,413.00,30.00,43.00,0.4810,1,1
52,11,489.00,34.00,41.00,39.00,0.9082,1,1
52,12,484.00,228.00,28.00,44.00,0.9219,1,1
52,13,728.00,283.00,21.00,26.00,0.8234,1,1
52,15,816.00,112.00,30.00,24.00,0.8710,1,1
52,17,470.00,0.00,64.00,44.00,0.9245,1,1
53,1,1076.00,159.00,74.00,68.00,0.9294,1,1
53,2,651.00,211.00,69.00,82.00,0.8731,1,1
53,3,569.00,416.00,30.00,41.00,0.5373,1,1
53,11,492.00,35.00,39.00,38.00,0.8936,1,1
53,12,486.00,236.00,29.00,42.00,0.9167,1,1
53,13,730.00,287.00,22.00,25.00,0.7447,1,1
53,15,820.00,112.00,30.00,25.00,0.4895,1,1
53,17,469.00,1.00,65.00,45.00,0.9311,1,1
54,1,1074.00,159.00,75.00,68.00,0.9279,1,1
54,2,651.00,211.00,68.00,81.00,0.8783,1,1
54,3,569.00,417.00,30.00,41.00,0.5701,1,1
54,11,492.00,38.00,40.00,38.00,0.8265,1,1
54,12,487.00,243.00,31.00,41.00,0.9156,1,1
54,13,730.00,289.00,20.00,25.00,0.3480,1,1
54,15,825.00,112.00,29.00,27.00,0.6716,1,1
54,17,467.00,1.00,66.00,50.00,0.9341,1,1
55,1,1072.00,159.00,75.00,67.00,0.9283,1,1
55,2,651.00,211.00,68.00,81.00,0.8740,1,1
55,3,572.00,423.00,28.00,39.00,0.5318,1,1
55,11,490.00,39.00,41.00,41.00,0.8354,1,1
55,12,490.00,248.00,29.00,40.00,0.9141,1,1
55,13,728.00,290.00,20.00,25.00,0.3629,1,1
55,15,826.00,114.00,31.00,25.00,0.6995,1,1
55,17,465.00,4.00,69.00,50.00,0.9388,1,1
56,1,1072.00,159.00,74.00,67.00,0.9283,1,1
56,2,651.00,211.00,68.00,81.00,0.8745,1,1
56,3,572.00,423.00,28.00,38.00,0.5265,1,1
56,11,490.00,39.00,41.00,41.00,0.8357,1,1
56,12,490.00,248.00,29.00,40.00,0.9146,1,1
56,13,728.00,291.00,20.00,23.00,0.3645,1,1
56,15,826.00,114.00,31.00,25.00,0.7012,1,1
56,17,465.00,4.00,69.00,50.00,0.9388,1,1
57,1,1071.00,158.00,73.00,67.00,0.9302,1,1
57,2,651.00,210.00,68.00,82.00,0.8721,1,1
57,3,576.00,424.00,27.00,37.00,0.8345,1,1
57,11,494.00,39.00,38.00,42.00,0.7534,1,1
57,12,492.00,253.00,31.00,42.00,0.9156,1,1
57,13,727.00,291.00,20.00,23.00,0.3722,1,1
57,15,832.00,111.00,29.00,27.00,0.6952,1,1
57,17,465.00,5.00,68.00,54.00,0.9349,1,1
58,1,1068.00,158.00,74.00,67.00,0.9339,1,1
58,2,651.00,210.00,68.00,81.00,0.8633,1,1
58,3,583.00,425.00,28.00,37.00,0.9016,1,1
58,11,495.00,39.00,38.00,43.00,0.6622,1,1
58,12,494.00,257.00,31.00,42.00,0.8948,1,1
58,13,728.00,292.00,19.00,23.00,0.3722,1,1
58,15,837.00,110.00,29.00,28.00,0.5507,1,1
58,17,465.00,6.00,69.00,56.00,0.9348,1,1
59,1,1066.00,158.00,74.00,66.00,0.9368,1,1
59,2,651.00,210.00,69.00,78.00,0.8718,1,1
59,3,589.00,430.00,30.00,37.00,0.9013,1,1
59,11,489.00,44.00,40.00,46.00,0.4248,1,1
59,12,496.00,261.00,30.00,41.00,0.8866,1,1
59,15,837.00,109.00,32.00,29.00,0.7613,1,1
59,17,465.00,9.00,69.00,57.00,0.9292,1,1
60,1,1065.00,158.00,74.00,66.00,0.9339,1,1
60,2,652.00,209.00,68.00,81.00,0.8774,1,1
60,3,595.00,437.00,32.00,34.00,0.8951,1,1
60,11,493.00,46.00,37.00,47.00,0.4254,1,1
60,12,499.00,264.00,31.00,43.00,0.9053,1,1
60,15,839.00,108.00,32.00,30.00,0.7613,1,1
60,17,465.00,11.00,70.00,57.00,0.9276,1,1
61,1,1063.00,158.00,74.00,65.00,0.9267,1,1
61,2,652.00,210.00,68.00,80.00,0.8580,1,1
61,3,601.00,441.00,31.00,32.00,0.7146,1,1
61,11,498.00,47.00,34.00,47.00,0.3115,1,1
61,12,502.00,269.00,30.00,42.00,0.9186,1,1
61,17,468.00,11.00,66.00,60.00,0.9321,1,1
62,1,1063.00,158.00,74.00,65.00,0.9268,1,1
62,2,651.00,210.00,69.00,80.00,0.8592,1,1
62,3,601.00,441.00,31.00,32.00,0.7062,1,1
62,11,498.00,48.00,34.00,47.00,0.3185,1,1
62,12,502.00,269.00,30.00,42.00,0.9188,1,1
62,17,468.00,12.00,67.00,59.00,0.9320,1,1
63,1,1062.00,158.00,75.00,64.00,0.9287,1,1
63,2,652.00,210.00,68.00,80.00,0.8269,1,1
63,3,604.00,442.00,31.00,32.00,0.7062,1,1
63,11,499.00,49.00,33.00,48.00,0.3185,1,1
63,12,507.00,273.00,29.00,43.00,0.9151,1,1
63,15,850.00,113.00,29.00,28.00,0.2736,1,1
63,17,470.00,13.00,65.00,59.00,0.9221,1,1
64,1,1062.00,158.00,75.00,64.00,0.9283,1,1
64,2,652.00,209.00,68.00,81.00,0.8551,1,1
64,3,629.00,456.00,29.00,32.00,0.8101,1,1
64,12,512.00,279.00,29.00,42.00,0.9040,1,1
64,15,853.00,113.00,29.00,28.00,0.2736,1,1
64,17,471.00,13.00,64.00,60.00,0.9299,1,1
65,1,1062.00,159.00,75.00,63.00,0.9278,1,1
65,2,652.00,209.00,68.00,79.00,0.7817,1,1
65,3,629.00,458.00,35.00,32.00,0.6449,1,1
65,12,515.00,282.00,32.00,44.00,0.9024,1,1
65,15,861.00,123.00,21.00,29.00,0.3683,1,1
65,17,470.00,16.00,66.00,59.00,0.9381,1,1
66,1,1062.00,158.00,73.00,64.00,0.9276,1,1
66,2,653.00,209.00,67.00,79.00,0.7616,1,1
66,3,636.00,460.00,34.00,36.00,0.4233,1,1
66,12,520.00,285.00,31.00,44.00,0.8845,1,1
66,15,865.00,127.00,20.00,28.00,0.7638,1,1
66,17,470.00,16.00,66.00,60.00,0.9372,1,1
67,1,1060.00,159.00,74.00,63.00,0.9293,1,1
67,2,653.00,209.00,67.00,79.00,0.7057,1,1
67,3,641.00,462.00,34.00,37.00,0.4233,1,1
67,11,630.00,47.00,59.00,37.00,0.3384,1,1
67,12,524.00,289.00,33.00,48.00,0.9145,1,1
67,15,866.00,128.00,20.00,28.00,0.7745,1,1
67,17,471.00,18.00,65.00,59.00,0.9305,1,1
68,1,1060.00,159.00,74.00,63.00,0.9293,1,1
68,2,653.00,209.00,67.00,79.00,0.7038,1,1
68,11,631.00,47.00,57.00,36.00,0.3549,1,1
68,12,524.00,289.00,33.00,48.00,0.9144,1,1
68,15,866.00,128.00,20.00,28.00,0.7726,1,1
68,17,471.00,18.00,65.00,59.00,0.9305,1,1
69,1,1059.00,158.00,75.00,64.00,0.9307,1,1
69,2,653.00,209.00,68.00,79.00,0.6814,1,1
69,3,651.00,460.00,35.00,38.00,0.6431,1,1
69,11,629.00,48.00,59.00,34.00,0.6172,1,1
69,12,528.00,290.00,32.00,52.00,0.9142,1,1
69,15,863.00,128.00,21.00,27.00,0.8059,1,1
69,17,469.00,20.00,66.00,59.00,0.9312,1,1
70,1,1058.00,158.00,75.00,64.00,0.9314,1,1
70,2,653.00,208.00,68.00,80.00,0.6672,1,1
70,3,659.00,464.00,33.00,36.00,0.8306,1,1
70,11,630.00,47.00,59.00,35.00,0.5630,1,1
70,12,533.00,287.00,33.00,52.00,0.8869,1,1
70,15,862.00,125.00,21.00,28.00,0.8250,1,1
70,17,468.00,19.00,66.00,61.00,0.9377,1,1
71,1,1057.00,158.00,75.00,63.00,0.9326,1,1
71,2,654.00,208.00,67.00,81.00,0.6069,1,1
71,3,661.00,465.00,36.00,38.00,0.8398,1,1
71,11,629.00,47.00,61.00,35.00,0.7408,1,1
71,12,540.00,284.00,30.00,47.00,0.9000,1,1
71,15,862.00,126.00,19.00,26.00,0.8299,1,1
71,17,468.00,19.00,64.00,61.00,0.9380,1,1
72,1,1056.00,158.00,75.00,64.00,0.9325,1,1
72,2,653.00,208.00,68.00,79.00,0.6243,1,1
72,3,659.00,465.00,41.00,39.00,0.7806,1,1
72,11,629.00,47.00,60.00,34.00,0.7496,1,1
72,12,548.00,279.00,29.00,45.00,0.9124,1,1
72,15,860.00,126.00,19.00,26.00,0.8331,1,1
72,17,467.00,20.00,65.00,59.00,0.9368,1,1
73,1,1056.00,158.00,74.00,63.00,0.9307,1,1
73,2,653.00,208.00,68.00,79.00,0.6385,1,1
73,3,662.00,468.00,41.00,36.00,0.4919,1,1
73,11,629.00,47.00,59.00,35.00,0.6905,1,1
73,12,555.00,275.00,32.00,47.00,0.9126,1,1
73,15,861.00,126.00,19.00,26.00,0.8331,1,1
73,17,465.00,19.00,64.00,59.00,0.9283,1,1
73,18,653.00,209.00,69.00,78.00,0.3573,1,1
74,1,1056.00,158.00,74.00,63.00,0.9307,1,1
74,2,653.00,208.00,68.00,79.00,0.6337,1,1
74,3,662.00,468.00,40.00,36.00,0.4926,1,1
74,11,629.00,47.00,59.00,35.00,0.6936,1,1
74,12,555.00,275.00,32.00,47.00,0.9127,1,1
74,15,837.00,106.00,24.00,30.00,0.3953,1,1
74,17,465.00,19.00,64.00,59.00,0.9283,1,1
74,18,653.00,209.00,69.00,78.00,0.3660,1,1
75,1,1054.00,157.00,75.00,64.00,0.9310,1,1
75,2,653.00,208.00,68.00,79.00,0.6405,1,1
75,3,679.00,471.00,29.00,35.00,0.2851,1,1
75,11,631.00,48.00,58.00,34.00,0.7247,1,1
75,12,562.00,268.00,31.00,48.00,0.9115,1,1
75,13,653.00,460.00,38.00,29.00,0.4391,1,1
75,15,837.00,108.00,24.00,30.00,0.4602,1,1
75,17,467.00,19.00,62.00,58.00,0.9221,1,1
75,18,653.00,209.00,69.00,78.00,0.3185,1,1
76,1,1054.00,156.00,75.00,64.00,0.9301,1,1
76,2,654.00,208.00,68.00,79.00,0.5941,1,1
76,3,682.00,470.00,26.00,33.00,0.6621,1,1
76,11,633.00,47.00,56.00,35.00,0.6543,1,1
76,12,569.00,262.00,29.00,42.00,0.9060,1,1
76,13,656.00,462.00,38.00,28.00,0.6029,1,1
76,15,836.00,124.00,27.00,28.00,0.5037,1,1
76,17,463.00,20.00,64.00,57.00,0.9198,1,1
76,18,654.00,209.00,68.00,78.00,0.2798,1,1
77,1,1054.00,156.00,74.00,64.00,0.9308,1,1
77,2,654.00,209.00,68.00,80.00,0.7504,1,1
77,3,678.00,465.00,27.00,34.00,0.4917,1,1
77,11,634.00,48.00,55.00,33.00,0.6128,1,1
77,12,574.00,255.00,27.00,40.00,0.9097,1,1
77,13,656.00,462.00,37.00,28.00,0.5077,1,1
77,15,829.00,129.00,24.00,26.00,0.6833,1,1
77,17,461.00,19.00,65.00,55.00,0.9116,1,1
77,18,654.00,209.00,68.00,78.00,0.2798,1,1
77,20,488.00,59.00,34.00,41.00,0.4293,1,1
78,1,1054.00,156.00,74.00,64.00,0.9293,1,1
78,2,653.00,209.00,69.00,79.00,0.8063,1,1
78,3,677.00,463.00,29.00,33.00,0.7782,1,1
78,11,635.00,48.00,54.00,33.00,0.6304,1,1
78,12,576.00,240.00,28.00,42.00,0.8992,1,1
78,13,654.00,470.00,37.00,29.00,0.5077,1,1
78,15,824.00,131.00,26.00,24.00,0.7157,1,1
78,17,462.00,17.00,65.00,57.00,0.9137,1,1
78,20,490.00,57.00,33.00,41.00,0.3334,1,1
79,1,1054.00,156.00,74.00,64.00,0.9297,1,1
79,2,653.00,209.00,69.00,79.00,0.8146,1,1
79,3,677.00,462.00,26.00,31.00,0.8672,1,1
79,11,636.00,48.00,54.00,32.00,0.6951,1,1
79,12,577.00,232.00,30.00,40.00,0.9038,1,1
79,15,822.00,130.00,25.00,25.00,0.5075,1,1
79,17,460.00,16.00,65.00,56.00,0.8860,1,1
79,20,488.00,56.00,34.00,41.00,0.2786,1,1
80,1,1054.00,156.00,74.00,64.00,0.9296,1,1
80,2,653.00,209.00,69.00,79.00,0.8142,1,1
80,3,677.00,462.00,26.00,31.00,0.8670,1,1
80,11,636.00,48.00,54.00,32.00,0.6959,1,1
80,12,577.00,232.00,30.00,40.00,0.9036,1,1
80,15,822.00,130.00,25.00,25.00,0.5077,1,1
80,17,460.00,16.00,65.00,56.00,0.8855,1,1
80,20,488.00,56.00,34.00,41.00,0.2757,1,1
80,22,664.00,80.00,24.00,30.00,0.3205,1,1
81,1,1054.00,156.00,74.00,64.00,0.9295,1,1
81,2,653.00,208.00,68.00,80.00,0.7116,1,1
81,3,669.00,458.00,31.00,31.00,0.8734,1,1
81,11,636.00,48.00,54.00,32.00,0.4933,1,1
81,12,580.00,221.00,27.00,39.00,0.9108,1,1
81,15,819.00,131.00,26.00,26.00,0.5077,1,1
81,17,461.00,16.00,63.00,55.00,0.8432,1,1
81,18,653.00,209.00,69.00,78.00,0.8128,1,1
81,20,487.00,54.00,35.00,42.00,0.2757,1,1
81,22,663.00,80.00,24.00,31.00,0.3940,1,1
82,1,1054.00,156.00,74.00,64.00,0.9295,1,1
82,2,653.00,208.00,68.00,79.00,0.7947,1,1
82,3,666.00,456.00,31.00,31.00,0.8333,1,1
82,11,636.00,48.00,54.00,32.00,0.5648,1,1
82,12,580.00,212.00,27.00,34.00,0.8842,1,1
82,17,458.00,14.00,66.00,57.00,0.8045,1,1
82,18,653.00,209.00,69.00,77.00,0.7411,1,1
82,20,488.00,52.00,33.00,42.00,0.3154,1,1
82,22,663.00,80.00,25.00,31.00,0.4532,1,1
83,1,1052.00,156.00,76.00,64.00,0.9315,1,1
83,2,653.00,209.00,69.00,77.00,0.7552,1,1
83,3,666.00,454.00,28.00,30.00,0.8230,1,1
83,11,636.00,48.00,54.00,33.00,0.5446,1,1
83,12,577.00,200.00,26.00,35.00,0.8924,1,1
83,15,805.00,128.00,27.00,28.00,0.3864,1,1
83,17,455.00,14.00,67.00,58.00,0.7900,1,1
83,18,653.00,209.00,68.00,78.00,0.7848,1,1
83,20,486.00,52.00,33.00,41.00,0.2806,1,1
83,22,663.00,80.00,24.00,31.00,0.3322,1,1
84,1,1051.00,156.00,75.00,64.00,0.9325,1,1
84,2,653.00,209.00,69.00,77.00,0.7187,1,1
84,3,660.00,451.00,28.00,28.00,0.5139,1,1
84,11,637.00,48.00,54.00,33.00,0.6395,1,1
84,12,575.00,193.00,24.00,34.00,0.5050,1,1
84,15,799.00,132.00,29.00,27.00,0.7033,1,1
84,17,453.00,13.00,66.00,56.00,0.8467,1,1
84,18,653.00,209.00,68.00,78.00,0.8378,1,1
84,20,490.00,47.00,27.00,45.00,0.5628,1,1
84,22,663.00,81.00,25.00,30.00,0.2916,1,1
85,1,1051.00,156.00,75.00,63.00,0.9318,1,1
85,2,653.00,209.00,69.00,77.00,0.4756,1,1
85,3,649.00,447.00,34.00,30.00,0.9021,1,1
85,11,637.00,48.00,54.00,33.00,0.6007,1,1
85,12,577.00,186.00,24.00,34.00,0.5050,1,1
85,13,597.00,451.00,24.00,28.00,0.2644,1,1
85,15,795.00,133.00,30.00,27.00,0.7033,1,1
85,17,451.00,11.00,65.00,54.00,0.8916,1,1
85,18,653.00,209.00,68.00,78.00,0.8491,1,1
85,20,487.00,46.00,29.00,46.00,0.3444,1,1
85,22,663.00,80.00,25.00,31.00,0.4176,1,1
86,1,1051.00,156.00,75.00,63.00,0.9317,1,1
86,2,653.00,209.00,69.00,77.00,0.4825,1,1
86,3,649.00,447.00,34.00,30.00,0.9020,1,1
86,11,637.00,48.00,54.00,33.00,0.6009,1,1
86,13,597.00,451.00,24.00,28.00,0.2716,1,1
86,17,451.00,11.00,65.00,54.00,0.8913,1,1
86,18,653.00,209.00,68.00,78.00,0.8489,1,1
86,20,487.00,46.00,29.00,45.00,0.3442,1,1
86,22,663.00,80.00,25.00,31.00,0.4143,1,1
87,1,1051.00,156.00,75.00,63.00,0.9307,1,1
87,2,653.00,209.00,69.00,78.00,0.6093,1,1
87,3,648.00,445.00,32.00,30.00,0.9164,1,1
87,11,637.00,48.00,54.00,33.00,0.4730,1,1
87,13,592.00,450.00,25.00,29.00,0.4088,1,1
87,15,798.00,127.00,28.00,29.00,0.3881,1,1
87,17,449.00,9.00,64.00,55.00,0.9000,1,1
87,18,653.00,209.00,69.00,79.00,0.7294,1,1
87,20,487.00,44.00,29.00,47.00,0.3442,1,1
87,22,663.00,81.00,25.00,30.00,0.3359,1,1
88,1,1051.00,156.00,75.00,63.00,0.9313,1,1
88,2,653.00,209.00,69.00,80.00,0.7676,1,1
88,3,646.00,445.00,31.00,28.00,0.8666,1,1
88,11,638.00,48.00,54.00,33.00,0.3804,1,1
88,13,587.00,452.00,24.00,29.00,0.4088,1,1
88,15,798.00,127.00,27.00,27.00,0.3058,1,1
88,17,446.00,7.00,64.00,57.00,0.9202,1,1
88,18,653.00,209.00,68.00,80.00,0.2866,1,1
88,22,663.00,81.00,25.00,30.00,0.4044,1,1
89,1,1050.00,156.00,76.00,63.00,0.9305,1,1
89,2,653.00,209.00,69.00,80.00,0.7981,1,1
89,3,642.00,444.00,33.00,28.00,0.6607,1,1
89,11,639.00,48.00,53.00,33.00,0.5044,1,1
89,15,797.00,127.00,26.00,26.00,0.6498,1,1
89,17,443.00,6.00,63.00,57.00,0.9145,1,1
89,18,653.00,209.00,68.00,81.00,0.4848,1,1
89,20,475.00,40.00,32.00,43.00,0.5019,1,1
89,22,663.00,81.00,25.00,30.00,0.4990,1,1
90,1,1050.00,155.00,76.00,64.00,0.9313,1,1
90,2,653.00,210.00,69.00,80.00,0.8391,1,1
90,3,644.00,443.00,30.00,28.00,0.5575,1,1
90,11,639.00,48.00,53.00,33.00,0.4866,1,1
90,15,795.00,127.00,28.00,24.00,0.6402,1,1
90,17,440.00,5.00,64.00,57.00,0.9246,1,1
90,18,653.00,210.00,68.00,81.00,0.4500,1,1
90,20,475.00,38.00,29.00,43.00,0.4324,1,1
90,22,663.00,81.00,25.00,30.00,0.3194,1,1
91,1,1051.00,155.00,75.00,64.00,0.9307,1,1
91,2,653.00,210.00,69.00,79.00,0.8426,1,1
91,3,643.00,443.00,32.00,28.00,0.3805,1,1
91,11,639.00,48.00,53.00,33.00,0.4666,1,1
91,12,571.00,185.00,21.00,29.00,0.4035,1,1
91,15,793.00,125.00,30.00,24.00,0.8299,1,1
91,17,440.00,3.00,62.00,57.00,0.9222,1,1
91,18,653.00,209.00,68.00,81.00,0.5629,1,1
91,20,471.00,38.00,31.00,41.00,0.8000,1,1
91,22,663.00,81.00,25.00,29.00,0.4415,1,1
92,1,1051.00,155.00,75.00,64.00,0.9306,1,1
92,2,653.00,210.00,69.00,79.00,0.8480,1,1
92,3,643.00,443.00,32.00,28.00,0.3425,1,1
92,11,639.00,48.00,53.00,33.00,0.4495,1,1
92,12,571.00,185.00,21.00,29.00,0.4056,1,1
92,13,731.00,292.00,20.00,27.00,0.4560,1,1
92,15,793.00,125.00,30.00,24.00,0.8268,1,1
92,17,440.00,3.00,62.00,57.00,0.9214,1,1
92,18,653.00,210.00,68.00,80.00,0.5598,1,1
92,20,471.00,38.00,31.00,41.00,0.8009,1,1
92,22,663.00,81.00,25.00,29.00,0.4363,1,1
93,1,1051.00,155.00,75.00,65.00,0.9300,1,1
93,2,653.00,210.00,68.00,79.00,0.6078,1,1
93,3,645.00,444.00,30.00,28.00,0.3796,1,1
93,11,638.00,48.00,54.00,33.00,0.4933,1,1
93,12,572.00,187.00,21.00,31.00,0.6594,1,1
93,13,731.00,291.00,21.00,27.00,0.4150,1,1
93,15,796.00,124.00,28.00,23.00,0.7551,1,1
93,17,438.00,3.00,61.00,54.00,0.9305,1,1
93,18,653.00,210.00,69.00,79.00,0.8321,1,1
93,20,471.00,35.00,31.00,39.00,0.6976,1,1
93,22,663.00,81.00,25.00,30.00,0.2849,1,1
94,1,1051.00,155.00,76.00,65.00,0.9292,1,1
94,2,653.00,210.00,68.00,80.00,0.6083,1,1
94,3,573.00,464.00,24.00,28.00,0.8276,1,1
94,11,637.00,48.00,54.00,32.00,0.5060,1,1
94,12,573.00,191.00,21.00,32.00,0.7884,1,1
94,13,741.00,280.00,21.00,27.00,0.4150,1,1
94,15,797.00,123.00,28.00,24.00,0.7592,1,1
94,17,437.00,1.00,60.00,55.00,0.9300,1,1
94,18,653.00,210.00,69.00,79.00,0.8055,1,1
94,20,470.00,34.00,30.00,36.00,0.7810,1,1
94,22,663.00,81.00,25.00,30.00,0.2849,1,1
95,1,1051.00,155.00,76.00,65.00,0.9299,1,1
95,2,653.00,210.00,68.00,79.00,0.6411,1,1
95,3,566.00,469.00,24.00,27.00,0.8516,1,1
95,11,635.00,48.00,56.00,33.00,0.6276,1,1
95,12,573.00,191.00,21.00,33.00,0.8628,1,1
95,15,800.00,124.00,28.00,24.00,0.5186,1,1
95,17,436.00,0.00,60.00,56.00,0.9325,1,1
95,18,653.00,210.00,68.00,79.00,0.8029,1,1
95,20,467.00,35.00,30.00,36.00,0.7588,1,1
96,1,1051.00,156.00,76.00,64.00,0.9312,1,1
96,2,653.00,210.00,68.00,79.00,0.6543,1,1
96,3,557.00,472.00,24.00,26.00,0.8516,1,1
96,11,634.00,47.00,56.00,34.00,0.7137,1,1
96,12,573.00,190.00,21.00,35.00,0.8620,1,1
96,13,731.00,293.00,20.00,25.00,0.2894,1,1
96,15,806.00,121.00,28.00,26.00,0.7789,1,1
96,17,437.00,1.00,58.00,55.00,0.9213,1,1
96,18,653.00,210.00,68.00,78.00,0.7945,1,1
96,20,466.00,35.00,30.00,34.00,0.7556,1,1
97,1,1051.00,156.00,75.00,64.00,0.9317,1,1
97,2,653.00,210.00,67.00,79.00,0.5748,1,1
97,11,632.00,47.00,58.00,35.00,0.5355,1,1
97,12,573.00,189.00,21.00,37.00,0.8840,1,1
97,13,738.00,287.00,21.00,26.00,0.2894,1,1
97,15,809.00,119.00,30.00,26.00,0.7568,1,1
97,17,437.00,0.00,58.00,54.00,0.9052,1,1
97,18,652.00,210.00,69.00,79.00,0.8034,1,1
97,20,467.00,32.00,29.00,33.00,0.6456,1,1
98,1,1050.00,156.00,76.00,64.00,0.9316,1,1
98,2,653.00,210.00,67.00,79.00,0.5697,1,1
98,11,632.00,47.00,58.00,35.00,0.5302,1,1
98,12,573.00,189.00,21.00,37.00,0.8841,1,1
98,15,809.00,119.00,30.00,26.00,0.7596,1,1
98,17,437.00,0.00,58.00,54.00,0.9060,1,1
98,18,652.00,210.00,69.00,79.00,0.8032,1,1
98,20,467.00,32.00,29.00,33.00,0.6473,1,1
99,1,1051.00,156.00,75.00,64.00,0.9313,1,1
99,2,653.00,210.00,67.00,79.00,0.5697,1,1
99,11,630.00,47.00,60.00,34.00,0.4734,1,1
99,12,574.00,190.00,20.00,36.00,0.8763,1,1
99,15,816.00,114.00,28.00,31.00,0.8304,1,1
99,17,437.00,1.00,58.00,54.00,0.8675,1,1
99,18,653.00,210.00,67.00,79.00,0.7728,1,1
99,20,467.00,32.00,29.00,31.00,0.7165,1,1
100,1,1051.00,156.00,75.00,64.00,0.9307,1,1
100,2,653.00,210.00,67.00,79.00,0.5351,1,1
100,11,629.00,46.00,61.00,36.00,0.4864,1,1
100,12,574.00,188.00,21.00,37.00,0.8801,1,1
100,15,820.00,113.00,25.00,30.00,0.7223,1,1
100,17,437.00,0.00,59.00,53.00,0.8675,1,1
100,18,652.00,210.00,69.00,79.00,0.7607,1,1
100,20,467.00,30.00,29.00,33.00,0.7438,1,1
101,1,1051.00,156.00,75.00,64.00,0.9300,1,1
101,2,653.00,210.00,67.00,79.00,0.5023,1,1
101,11,629.00,46.00,61.00,36.00,0.4864,1,1
101,12,575.00,185.00,21.00,39.00,0.8645,1,1
101,15,823.00,112.00,23.00,31.00,0.8418,1,1
101,17,440.00,0.00,57.00,49.00,0.8725,1,1
101,18,652.00,210.00,68.00,79.00,0.7950,1,1
101,20,467.00,32.00,30.00,30.00,0.6345,1,1
102,1,1051.00,155.00,76.00,65.00,0.9301,1,1
102,2,653.00,210.00,67.00,80.00,0.3869,1,1
102,11,629.00,45.00,60.00,38.00,0.3291,1,1
102,12,576.00,182.00,21.00,41.00,0.8470,1,1
102,15,823.00,110.00,24.00,33.00,0.6932,1,1
102,17,442.00,0.00,58.00,47.00,0.8817,1,1
102,18,653.00,210.00,67.00,79.00,0.8019,1,1
102,20,467.00,31.00,30.00,30.00,0.6345,1,1
103,1,1052.00,155.00,76.00,65.00,0.9314,1,1
103,2,653.00,210.00,67.00,80.00,0.8150,1,1
103,3,599.00,447.00,32.00,31.00,0.6078,1,1
103,11,630.00,45.00,58.00,40.00,0.4871,1,1
103,12,578.00,178.00,21.00,40.00,0.8534,1,1
103,13,730.00,289.00,18.00,26.00,0.3670,1,1
103,15,824.00,110.00,24.00,34.00,0.6756,1,1
103,17,445.00,0.00,58.00,46.00,0.8985,1,1
103,18,652.00,210.00,68.00,79.00,0.8019,1,1
104,1,1052.00,155.00,76.00,65.00,0.9310,1,1
104,2,653.00,210.00,67.00,80.00,0.8134,1,1
104,3,599.00,447.00,32.00,31.00,0.6064,1,1
104,11,630.00,45.00,58.00,40.00,0.5000,1,1
104,12,578.00,178.00,21.00,40.00,0.8529,1,1
104,13,730.00,289.00,18.00,26.00,0.3706,1,1
104,15,824.00,110.00,24.00,34.00,0.6752,1,1
104,17,445.00,0.00,58.00,46.00,0.8998,1,1
105,1,1054.00,155.00,74.00,65.00,0.9297,1,1
105,2,652.00,210.00,68.00,79.00,0.8409,1,1
105,3,600.00,446.00,32.00,31.00,0.6064,1,1
105,11,631.00,45.00,57.00,41.00,0.4298,1,1
105,12,580.00,177.00,21.00,39.00,0.8462,1,1
105,13,733.00,287.00,18.00,26.00,0.3706,1,1
105,15,824.00,110.00,25.00,34.00,0.4049,1,1
105,17,449.00,1.00,55.00,43.00,0.8018,1,1
105,22,631.00,45.00,56.00,42.00,0.5883,1,1
106,1,1054.00,156.00,74.00,64.00,0.9278,1,1
106,2,652.00,210.00,68.00,79.00,0.8409,1,1
106,11,631.00,45.00,56.00,40.00,0.3339,1,1
106,12,581.00,172.00,22.00,38.00,0.8541,1,1
106,15,825.00,109.00,25.00,34.00,0.4049,1,1
106,17,453.00,0.00,55.00,42.00,0.3338,1,1
106,18,652.00,211.00,68.00,79.00,0.8356,1,1
106,22,631.00,45.00,57.00,42.00,0.6914,1,1
107,1,1054.00,157.00,76.00,64.00,0.9272,1,1
107,11,631.00,45.00,56.00,40.00,0.4007,1,1
107,12,586.00,173.00,21.00,34.00,0.7991,1,1
107,13,730.00,293.00,19.00,24.00,0.3799,1,1
107,17,454.00,0.00,54.00,41.00,0.3338,1,1
107,18,652.00,211.00,68.00,80.00,0.8495,1,1
107,22,631.00,45.00,56.00,41.00,0.5381,1,1
108,1,1055.00,157.00,75.00,64.00,0.9293,1,1
108,11,630.00,45.00,56.00,40.00,0.3593,1,1
108,12,587.00,169.00,22.00,33.00,0.6435,1,1
108,13,729.00,294.00,20.00,24.00,0.3305,1,1
108,18,652.00,211.00,68.00,79.00,0.8610,1,1
108,22,630.00,45.00,56.00,41.00,0.5536,1,1
109,1,1056.00,158.00,74.00,63.00,0.9318,1,1
109,11,628.00,45.00,57.00,41.00,0.3242,1,1
109,12,591.00,168.00,21.00,31.00,0.6746,1,1
109,13,729.00,293.00,19.00,23.00,0.5006,1,1
109,18,652.00,211.00,68.00,79.00,0.8664,1,1
109,22,628.00,45.00,57.00,41.00,0.3133,1,1
110,1,1056.00,158.00,74.00,63.00,0.9318,1,1
110,11,628.00,45.00,57.00,41.00,0.3228,1,1
110,12,592.00,168.00,20.00,31.00,0.6715,1,1
110,13,729.00,293.00,19.00,23.00,0.4990,1,1
110,18,652.00,211.00,68.00,79.00,0.8677,1,1
110,22,628.00,45.00,57.00,41.00,0.3129,1,1
111,1,1056.00,158.00,74.00,63.00,0.9336,1,1
111,11,628.00,45.00,56.00,41.00,0.2544,1,1
111,12,593.00,164.00,20.00,31.00,0.5863,1,1
111,13,729.00,293.00,19.00,23.00,0.4350,1,1
111,18,652.00,211.00,68.00,79.00,0.8632,1,1
111,22,627.00,44.00,58.00,42.00,0.3129,1,1
112,1,1056.00,158.00,74.00,63.00,0.9339,1,1
112,11,627.00,45.00,56.00,41.00,0.4341,1,1
112,12,595.00,157.00,22.00,33.00,0.8168,1,1
112,13,729.00,293.00,19.00,24.00,0.3823,1,1
112,18,653.00,211.00,67.00,79.00,0.8649,1,1
113,1,1056.00,158.00,74.00,63.00,0.9332,1,1
113,11,627.00,45.00,56.00,40.00,0.3504,1,1
113,12,597.00,153.00,21.00,33.00,0.6130,1,1
113,13,730.00,292.00,19.00,24.00,0.2599,1,1
113,18,653.00,211.00,67.00,79.00,0.8784,1,1
114,1,1056.00,157.00,74.00,63.00,0.9322,1,1
114,11,627.00,45.00,55.00,40.00,0.4686,1,1
114,12,600.00,149.00,21.00,36.00,0.8020,1,1
114,13,729.00,291.00,19.00,24.00,0.4966,1,1
114,18,653.00,211.00,68.00,79.00,0.8846,1,1
115,1,1056.00,157.00,74.00,63.00,0.9311,1,1
115,11,627.00,45.00,54.00,41.00,0.5467,1,1
115,12,600.00,144.00,21.00,36.00,0.8254,1,1
115,13,729.00,290.00,18.00,26.00,0.3787,1,1
115,18,653.00,211.00,67.00,78.00,0.8423,1,1
116,1,1056.00,157.00,74.00,63.00,0.9310,1,1
116,11,627.00,45.00,54.00,41.00,0.5531,1,1
116,12,600.00,144.00,21.00,36.00,0.8250,1,1
116,13,729.00,290.00,18.00,26.00,0.3730,1,1
116,18,653.00,211.00,67.00,78.00,0.8407,1,1
117,1,1056.00,157.00,73.00,63.00,0.9314,1,1
117,11,627.00,45.00,54.00,42.00,0.5518,1,1
117,12,598.00,136.00,22.00,36.00,0.8450,1,1
117,13,728.00,291.00,19.00,25.00,0.4964,1,1
117,15,831.00,112.00,25.00,32.00,0.6188,1,1
117,18,654.00,211.00,67.00,78.00,0.8470,1,1
118,1,1055.00,155.00,74.00,64.00,0.9303,1,1
118,3,594.00,127.00,23.00,35.00,0.2999,1,1
118,11,626.00,45.00,55.00,42.00,0.4581,1,1
118,12,597.00,132.00,23.00,35.00,0.8766,1,1
118,13,729.00,290.00,18.00,26.00,0.4964,1,1
118,15,832.00,114.00,25.00,30.00,0.2822,1,1
118,18,654.00,211.00,67.00,78.00,0.8362,1,1
119,1,1055.00,155.00,73.00,64.00,0.9315,1,1
119,2,654.00,211.00,68.00,78.00,0.8518,1,1
119,3,592.00,125.00,25.00,34.00,0.5000,1,1
119,11,626.00,45.00,55.00,43.00,0.3444,1,1
119,12,595.00,129.00,24.00,34.00,0.8948,1,1
119,15,837.00,116.00,23.00,29.00,0.6502,1,1
119,18,654.00,212.00,67.00,78.00,0.3095,1,1
120,1,1055.00,155.00,73.00,64.00,0.9320,1,1
120,2,654.00,212.00,67.00,77.00,0.2617,1,1
120,3,592.00,115.00,24.00,34.00,0.5000,1,1
120,11,626.00,45.00,55.00,43.00,0.4300,1,1
120,12,593.00,128.00,25.00,33.00,0.8927,1,1
120,13,728.00,293.00,19.00,24.00,0.3755,1,1
120,15,840.00,117.00,24.00,29.00,0.6287,1,1
120,18,655.00,212.00,67.00,77.00,0.8478,1,1
120,20,483.00,1.00,46.00,24.00,0.3284,1,1
121,1,1056.00,154.00,74.00,65.00,0.9301,1,1
121,2,655.00,211.00,67.00,78.00,0.8125,1,1
121,11,626.00,45.00,55.00,44.00,0.4392,1,1
121,12,593.00,130.00,23.00,33.00,0.9013,1,1
121,13,728.00,292.00,18.00,24.00,0.4064,1,1
121,15,844.00,118.00,24.00,29.00,0.6897,1,1
121,18,655.00,212.00,67.00,78.00,0.4522,1,1
121,20,484.00,0.00,46.00,23.00,0.3284,1,1
122,1,1056.00,154.00,74.00,65.00,0.9298,1,1
122,2,655.00,211.00,67.00,78.00,0.8127,1,1
122,11,626.00,45.00,55.00,44.00,0.4386,1,1
122,12,593.00,130.00,23.00,33.00,0.9014,1,1
122,13,728.00,292.00,18.00,24.00,0.4047,1,1
122,15,844.00,118.00,24.00,29.00,0.6893,1,1
122,18,654.00,212.00,68.00,78.00,0.4482,1,1
123,1,1057.00,155.00,73.00,64.00,0.9294,1,1
123,2,655.00,212.00,67.00,77.00,0.8127,1,1
123,3,584.00,130.00,24.00,36.00,0.4722,1,1
123,11,626.00,45.00,55.00,44.00,0.5185,1,1
123,12,588.00,133.00,23.00,35.00,0.2953,1,1
123,13,727.00,291.00,18.00,24.00,0.4515,1,1
123,15,848.00,118.00,22.00,31.00,0.7798,1,1
123,18,655.00,212.00,68.00,79.00,0.7962,1,1
123,20,491.00,0.00,42.00,24.00,0.2881,1,1
124,1,1057.00,155.00,73.00,64.00,0.9298,1,1
124,3,582.00,129.00,25.00,36.00,0.4722,1,1
124,11,626.00,45.00,54.00,43.00,0.6740,1,1
124,12,586.00,137.00,23.00,35.00,0.5083,1,1
124,13,728.00,287.00,18.00,26.00,0.3353,1,1
124,15,851.00,118.00,22.00,32.00,0.5077,1,1
124,18,656.00,211.00,67.00,81.00,0.6838,1,1
124,20,499.00,1.00,38.00,23.00,0.3602,1,1
125,1,1057.00,156.00,73.00,63.00,0.9290,1,1
125,2,656.00,211.00,67.00,80.00,0.5774,1,1
125,11,626.00,45.00,54.00,43.00,0.7443,1,1
125,12,586.00,148.00,22.00,34.00,0.7557,1,1
125,13,728.00,286.00,18.00,26.00,0.3353,1,1
125,15,856.00,119.00,22.00,32.00,0.5311,1,1
125,18,656.00,212.00,67.00,80.00,0.4091,1,1
125,20,502.00,1.00,37.00,24.00,0.2759,1,1
125,22,844.00,89.00,22.00,21.00,0.3715,1,1
126,1,1056.00,157.00,74.00,63.00,0.9305,1,1
126,2,657.00,211.00,66.00,80.00,0.4904,1,1
126,11,626.00,45.00,54.00,43.00,0.7799,1,1
126,12,581.00,155.00,24.00,35.00,0.8052,1,1
126,13,728.00,289.00,19.00,27.00,0.6724,1,1
126,15,858.00,120.00,22.00,32.00,0.5311,1,1
126,18,656.00,212.00,67.00,80.00,0.3906,1,1
126,20,505.00,1.00,36.00,23.00,0.2759,1,1
126,22,845.00,90.00,22.00,23.00,0.5677,1,1
127,1,1054.00,157.00,75.00,63.00,0.9318,1,1
127,2,656.00,212.00,67.00,79.00,0.3208,1,1
127,11,626.00,45.00,54.00,43.00,0.7393,1,1
127,12,580.00,164.00,21.00,36.00,0.7778,1,1
127,13,728.00,290.00,19.00,27.00,0.6965,1,1
127,15,863.00,124.00,23.00,30.00,0.4642,1,1
127,18,657.00,211.00,66.00,80.00,0.5396,1,1
127,22,857.00,92.00,21.00,23.00,0.5677,1,1
128,1,1054.00,157.00,75.00,63.00,0.9315,1,1
128,2,656.00,212.00,67.00,79.00,0.3180,1,1
128,11,626.00,45.00,54.00,43.00,0.7443,1,1
128,12,580.00,164.00,21.00,36.00,0.7778,1,1
128,13,728.00,290.00,19.00,27.00,0.7033,1,1
128,15,863.00,124.00,23.00,30.00,0.4637,1,1
128,18,657.00,212.00,66.00,79.00,0.5458,1,1
129,1,1054.00,157.00,74.00,63.00,0.9323,1,1
129,2,656.00,212.00,67.00,79.00,0.3267,1,1
129,11,626.00,45.00,55.00,43.00,0.8189,1,1
129,12,576.00,168.00,23.00,37.00,0.7607,1,1
129,13,728.00,289.00,19.00,26.00,0.5805,1,1
129,15,868.00,123.00,21.00,33.00,0.4121,1,1
129,17,859.00,8.00,42.00,47.00,0.3048,1,1
129,18,657.00,212.00,66.00,79.00,0.5670,1,1
129,20,503.00,0.00,43.00,23.00,0.2579,1,1
130,1,1054.00,157.00,74.00,62.00,0.9319,1,1
130,2,656.00,212.00,67.00,79.00,0.3267,1,1
130,11,626.00,45.00,55.00,44.00,0.7609,1,1
130,12,571.00,171.00,24.00,41.00,0.8673,1,1
130,13,728.00,291.00,19.00,26.00,0.4972,1,1
130,15,870.00,124.00,22.00,33.00,0.4121,1,1
130,17,877.00,8.00,42.00,47.00,0.3048,1,1
130,18,656.00,212.00,67.00,80.00,0.7094,1,1
130,20,492.00,0.00,57.00,22.00,0.3078,1,1
131,1,1054.00,156.00,74.00,63.00,0.9300,1,1
131,11,626.00,45.00,56.00,43.00,0.8268,1,1
131,12,569.00,176.00,25.00,43.00,0.8873,1,1
131,13,728.00,292.00,18.00,25.00,0.4942,1,1
131,18,656.00,212.00,67.00,80.00,0.6460,1,1
131,20,513.00,0.00,40.00,24.00,0.4504,1,1
131,22,850.00,94.00,24.00,23.00,0.7102,1,1
132,1,1054.00,156.00,74.00,63.00,0.9287,1,1
132,11,626.00,45.00,56.00,43.00,0.6902,1,1
132,12,568.00,180.00,26.00,42.00,0.8931,1,1
132,13,728.00,292.00,18.00,25.00,0.3945,1,1
132,18,656.00,212.00,66.00,80.00,0.6310,1,1
132,20,503.00,0.00,53.00,26.00,0.7233,1,1
132,22,855.00,95.00,23.00,24.00,0.3833,1,1
133,1,1054.00,156.00,74.00,63.00,0.9283,1,1
133,2,656.00,212.00,66.00,80.00,0.3985,1,1
133,11,627.00,45.00,56.00,42.00,0.7786,1,1
133,12,570.00,184.00,24.00,41.00,0.8703,1,1
133,13,728.00,292.00,18.00,24.00,0.2908,1,1
133,17,876.00,11.00,42.00,44.00,0.3951,1,1
133,18,656.00,212.00,66.00,80.00,0.5882,1,1
133,20,511.00,0.00,49.00,27.00,0.7728,1,1
133,22,862.00,97.00,23.00,23.00,0.3833,1,1
134,1,1054.00,156.00,74.00,63.00,0.9283,1,1
134,2,656.00,212.00,66.00,80.00,0.5830,1,1
134,11,627.00,45.00,56.00,42.00,0.7840,1,1
134,12,570.00,184.00,24.00,41.00,0.8701,1,1
134,13,728.00,292.00,18.00,24.00,0.2961,1,1
134,17,876.00,11.00,42.00,44.00,0.3503,1,1
134,18,656.00,212.00,66.00,80.00,0.3922,1,1
134,20,511.00,0.00,49.00,27.00,0.7724,1,1
135,1,1054.00,155.00,74.00,64.00,0.9306,1,1
135,2,656.00,211.00,67.00,81.00,0.5909,1,1
135,11,627.00,45.00,57.00,41.00,0.7445,1,1
135,12,572.00,184.00,24.00,42.00,0.8730,1,1
135,13,728.00,292.00,18.00,24.00,0.3251,1,1
135,15,861.00,95.00,20.00,27.00,0.4475,1,1
135,17,889.00,11.00,43.00,44.00,0.3503,1,1
135,18,656.00,212.00,67.00,80.00,0.4535,1,1
135,20,518.00,0.00,47.00,27.00,0.7880,1,1
136,1,1054.00,155.00,74.00,64.00,0.9302,1,1
136,2,656.00,211.00,67.00,80.00,0.3828,1,1
136,11,627.00,45.00,57.00,41.00,0.5963,1,1
136,12,576.00,187.00,24.00,41.00,0.8748,1,1
136,13,728.00,292.00,18.00,24.00,0.3251,1,1
136,15,861.00,93.00,21.00,27.00,0.4475,1,1
136,17,884.00,10.00,43.00,47.00,0.4847,1,1
136,18,656.00,212.00,67.00,79.00,0.6278,1,1
136,20,521.00,1.00,47.00,28.00,0.8183,1,1
137,1,1055.00,156.00,74.00,64.00,0.9296,1,1
137,2,656.00,211.00,67.00,80.00,0.3986,1,1
137,3,627.00,44.00,57.00,41.00,0.2710,1,1
137,11,627.00,44.00,57.00,41.00,0.3003,1,1
137,12,581.00,190.00,24.00,39.00,0.8515,1,1
137,17,887.00,11.00,42.00,46.00,0.4694,1,1
137,18,656.00,211.00,67.00,80.00,0.6324,1,1
137,20,533.00,3.00,38.00,29.00,0.8099,1,1
138,1,1055.00,156.00,75.00,64.00,0.9292,1,1
138,2,656.00,211.00,66.00,80.00,0.3934,1,1
138,3,630.00,38.00,58.00,42.00,0.2710,1,1
138,11,628.00,44.00,56.00,41.00,0.3328,1,1
138,12,588.00,188.00,24.00,41.00,0.8177,1,1
138,13,730.00,291.00,17.00,26.00,0.2863,1,1
138,17,891.00,9.00,42.00,47.00,0.6529,1,1
138,18,656.00,212.00,67.00,79.00,0.6998,1,1
138,20,535.00,5.00,38.00,29.00,0.7897,1,1
139,1,1056.00,156.00,74.00,64.00,0.9293,1,1
139,2,656.00,211.00,66.00,79.00,0.4531,1,1
139,11,628.00,44.00,56.00,41.00,0.3328,1,1
139,12,599.00,192.00,24.00,39.00,0.8475,1,1
139,13,729.00,292.00,19.00,26.00,0.6138,1,1
139,17,894.00,10.00,42.00,47.00,0.2894,1,1
139,18,655.00,211.00,67.00,79.00,0.6064,1,1
139,20,539.00,5.00,45.00,30.00,0.7977,1,1
140,1,1056.00,156.00,74.00,64.00,0.9291,1,1
140,2,656.00,211.00,66.00,79.00,0.4631,1,1
140,12,599.00,192.00,24.00,39.00,0.8470,1,1
140,13,729.00,292.00,19.00,26.00,0.6075,1,1
140,17,894.00,10.00,42.00,47.00,0.2903,1,1
140,18,655.00,212.00,67.00,78.00,0.6021,1,1
140,20,539.00,5.00,44.00,30.00,0.7974,1,1
141,1,1057.00,157.00,73.00,63.00,0.9306,1,1
141,2,655.00,211.00,67.00,78.00,0.7279,1,1
141,12,607.00,191.00,26.00,38.00,0.8764,1,1
141,13,729.00,293.00,20.00,25.00,0.5158,1,1
141,17,902.00,10.00,43.00,47.00,0.2903,1,1
141,18,654.00,211.00,68.00,79.00,0.3761,1,1
141,20,545.00,7.00,41.00,29.00,0.7577,1,1
142,1,1057.00,157.00,74.00,64.00,0.9308,1,1
142,2,654.00,212.00,68.00,77.00,0.2874,1,1
142,12,615.00,190.00,25.00,35.00,0.8568,1,1
142,13,729.00,293.00,19.00,25.00,0.3861,1,1
142,18,654.00,211.00,68.00,79.00,0.8157,1,1
142,20,552.00,6.00,40.00,30.00,0.7364,1,1
143,1,1057.00,157.00,74.00,64.00,0.9309,1,1
143,2,654.00,211.00,68.00,79.00,0.8317,1,1
143,12,618.00,191.00,26.00,35.00,0.8568,1,1
143,13,729.00,293.00,19.00,25.00,0.3861,1,1
143,18,653.00,211.00,70.00,79.00,0.2926,1,1
143,20,557.00,7.00,40.00,31.00,0.8418,1,1
143,22,606.00,157.00,24.00,32.00,0.7055,1,1
144,1,1057.00,157.00,74.00,64.00,0.9317,1,1
144,2,654.00,210.00,68.00,80.00,0.8726,1,1
144,12,631.00,185.00,25.00,37.00,0.7189,1,1
144,13,730.00,292.00,17.00,25.00,0.3663,1,1
144,18,653.00,211.00,70.00,79.00,0.2926,1,1
144,20,560.00,9.00,39.00,29.00,0.7470,1,1
144,22,591.00,161.00,24.00,33.00,0.7055,1,1
145,1,1057.00,157.00,73.00,64.00,0.9322,1,1
145,2,655.00,209.00,67.00,81.00,0.9157,1,1
145,3,541.00,0.00,54.00,24.00,0.3299,1,1
145,12,638.00,183.00,26.00,33.00,0.8552,1,1
145,13,730.00,292.00,17.00,25.00,0.3663,1,1
145,20,561.00,9.00,41.00,30.00,0.7501,1,1
146,1,1056.00,157.00,74.00,64.00,0.9322,1,1
146,2,655.00,209.00,67.00,81.00,0.9160,1,1
146,3,542.00,0.00,52.00,22.00,0.3256,1,1
146,12,638.00,183.00,26.00,33.00,0.8548,1,1
146,20,561.00,9.00,41.00,30.00,0.7480,1,1
147,1,1056.00,157.00,72.00,64.00,0.9331,1,1
147,2,655.00,209.00,67.00,81.00,0.9201,1,1
147,3,537.00,0.00,52.00,17.00,0.3256,1,1
147,12,646.00,180.00,24.00,33.00,0.8903,1,1
147,15,546.00,0.00,59.00,23.00,0.2636,1,1
147,20,566.00,10.00,42.00,30.00,0.7672,1,1
148,1,1055.00,157.00,73.00,63.00,0.9329,1,1
148,2,656.00,209.00,66.00,81.00,0.9172,1,1
148,12,650.00,179.00,25.00,32.00,0.9075,1,1
148,15,526.00,0.00,60.00,16.00,0.2636,1,1
148,20,570.00,11.00,42.00,30.00,0.7668,1,1
149,1,1054.00,156.00,74.00,64.00,0.9330,1,1
149,2,656.00,209.00,66.00,81.00,0.9183,1,1
149,12,653.00,178.00,26.00,32.00,0.9222,1,1
149,20,575.00,10.00,41.00,31.00,0.8282,1,1
150,1,1053.00,156.00,74.00,63.00,0.9320,1,1
150,2,655.00,209.00,67.00,80.00,0.9211,1,1
150,11,556.00,0.00,61.00,25.00,0.3193,1,1
150,12,656.00,176.00,26.00,34.00,0.9002,1,1
150,20,582.00,11.00,38.00,30.00,0.8402,1,1
151,1,1052.00,154.00,74.00,64.00,0.9317,1,1
151,2,657.00,209.00,65.00,82.00,0.9204,1,1
151,11,559.00,0.00,60.00,24.00,0.3565,1,1
151,12,657.00,175.00,27.00,35.00,0.8827,1,1
151,20,585.00,12.00,37.00,29.00,0.8388,1,1
152,1,1052.00,154.00,74.00,64.00,0.9317,1,1
152,2,657.00,209.00,65.00,82.00,0.9208,1,1
152,11,559.00,0.00,60.00,23.00,0.3591,1,1
152,12,657.00,175.00,27.00,35.00,0.8821,1,1
152,20,585.00,12.00,37.00,29.00,0.8391,1,1
153,1,1052.00,154.00,74.00,64.00,0.9306,1,1
153,2,657.00,209.00,65.00,83.00,0.9208,1,1
153,11,560.00,0.00,64.00,23.00,0.3417,1,1
153,12,658.00,176.00,26.00,34.00,0.8505,1,1
153,18,654.00,209.00,68.00,80.00,0.9098,1,1
153,20,586.00,12.00,39.00,28.00,0.8062,1,1
154,1,1051.00,154.00,75.00,64.00,0.9291,1,1
154,11,558.00,0.00,64.00,22.00,0.3417,1,1
154,12,657.00,174.00,27.00,36.00,0.8670,1,1
154,18,654.00,210.00,68.00,78.00,0.9119,1,1
154,20,588.00,10.00,40.00,29.00,0.7887,1,1
155,1,1049.00,154.00,76.00,64.00,0.9322,1,1
155,11,564.00,0.00,68.00,22.00,0.2626,1,1
155,12,657.00,175.00,26.00,36.00,0.8848,1,1
155,18,654.00,209.00,68.00,79.00,0.9148,1,1
155,20,589.00,10.00,42.00,29.00,0.7610,1,1
156,1,1049.00,153.00,76.00,64.00,0.9315,1,1
156,11,563.00,0.00,67.00,21.00,0.2626,1,1
156,12,655.00,174.00,27.00,36.00,0.8024,1,1
156,18,654.00,209.00,68.00,79.00,0.9203,1,1
156,20,589.00,9.00,44.00,28.00,0.7925,1,1
157,1,1048.00,153.00,76.00,64.00,0.9321,1,1
157,11,575.00,0.00,61.00,21.00,0.2650,1,1
157,12,655.00,176.00,26.00,35.00,0.7847,1,1
157,18,653.00,209.00,69.00,79.00,0.9221,1,1
157,20,590.00,7.00,46.00,27.00,0.7895,1,1
158,1,1048.00,153.00,76.00,64.00,0.9322,1,1
158,11,576.00,0.00,60.00,21.00,0.2697,1,1
158,12,655.00,176.00,26.00,35.00,0.7817,1,1
158,18,653.00,209.00,69.00,79.00,0.9223,1,1
158,20,590.00,7.00,46.00,27.00,0.7901,1,1
159,1,1047.00,153.00,77.00,64.00,0.9309,1,1
159,11,576.00,0.00,60.00,20.00,0.2697,1,1
159,12,655.00,175.00,26.00,35.00,0.3896,1,1
159,18,654.00,209.00,68.00,80.00,0.9274,1,1
159,20,590.00,5.00,49.00,27.00,0.8160,1,1
160,1,1047.00,152.00,76.00,64.00,0.9322,1,1
160,12,656.00,179.00,26.00,32.00,0.5917,1,1
160,18,654.00,209.00,68.00,80.00,0.9287,1,1
160,20,589.00,2.00,52.00,28.00,0.8683,1,1
161,1,1045.00,152.00,78.00,64.00,0.9314,1,1
161,12,657.00,180.00,27.00,32.00,0.3581,1,1
161,18,654.00,209.00,68.00,80.00,0.9338,1,1
161,20,590.00,1.00,54.00,29.00,0.8532,1,1
162,1,1043.00,152.00,80.00,64.00,0.9323,1,1
162,12,662.00,178.00,24.00,32.00,0.4109,1,1
162,18,654.00,210.00,68.00,78.00,0.9250,1,1
162,20,593.00,1.00,54.00,28.00,0.8564,1,1
163,1,1042.00,152.00,80.00,63.00,0.9301,1,1
163,12,665.00,179.00,26.00,31.00,0.3347,1,1
163,13,727.00,287.00,17.00,25.00,0.3139,1,1
163,18,654.00,210.00,68.00,78.00,0.9279,1,1
163,20,597.00,2.00,52.00,26.00,0.7633,1,1
164,1,1042.00,152.00,80.00,63.00,0.9305,1,1
164,12,665.00,179.00,26.00,31.00,0.3692,1,1
164,13,727.00,287.00,17.00,25.00,0.3158,1,1
164,18,654.00,210.00,68.00,78.00,0.9277,1,1
164,20,597.00,2.00,52.00,26.00,0.7640,1,1
165,1,1042.00,151.00,79.00,64.00,0.9307,1,1
165,12,668.00,178.00,25.00,31.00,0.7678,1,1
165,13,727.00,287.00,17.00,25.00,0.3158,1,1
165,18,654.00,209.00,68.00,80.00,0.9265,1,1
165,20,602.00,1.00,51.00,27.00,0.8173,1,1
166,1,1042.00,151.00,78.00,64.00,0.9309,1,1
166,12,670.00,175.00,25.00,34.00,0.6188,1,1
166,18,654.00,209.00,68.00,81.00,0.9248,1,1
166,20,608.00,1.00,47.00,26.00,0.8168,1,1
167,1,1041.00,151.00,79.00,64.00,0.9294,1,1
167,12,672.00,175.00,27.00,34.00,0.6651,1,1
167,13,728.00,282.00,20.00,27.00,0.5129,1,1
167,18,655.00,209.00,67.00,81.00,0.9197,1,1
167,20,611.00,1.00,48.00,26.00,0.8510,1,1
168,1,1042.00,151.00,79.00,64.00,0.9316,1,1
168,12,681.00,175.00,26.00,34.00,0.8605,1,1
168,13,728.00,284.00,20.00,27.00,0.7331,1,1
168,18,655.00,210.00,67.00,80.00,0.9135,1,1
168,20,613.00,1.00,49.00,26.00,0.8782,1,1
169,1,1044.00,152.00,78.00,64.00,0.9325,1,1
169,12,689.00,173.00,26.00,35.00,0.8768,1,1
169,13,728.00,285.00,20.00,26.00,0.6648,1,1
169,18,656.00,210.00,66.00,81.00,0.9106,1,1
169,20,618.00,1.00,48.00,26.00,0.8727,1,1
170,1,1044.00,152.00,78.00,64.00,0.9326,1,1
170,12,689.00,173.00,26.00,35.00,0.8768,1,1
170,13,728.00,285.00,20.00,26.00,0.6662,1,1
170,18,656.00,210.00,66.00,81.00,0.9108,1,1
170,20,618.00,1.00,48.00,26.00,0.8729,1,1
171,1,1046.00,152.00,76.00,64.00,0.9354,1,1
171,12,699.00,172.00,25.00,35.00,0.6955,1,1
171,13,728.00,287.00,20.00,25.00,0.2665,1,1
171,18,655.00,207.00,68.00,85.00,0.9164,1,1
171,20,623.00,0.00,48.00,28.00,0.8698,1,1
172,1,1049.00,153.00,74.00,64.00,0.9340,1,1
172,12,706.00,170.00,26.00,36.00,0.4979,1,1
172,13,728.00,287.00,21.00,25.00,0.2665,1,1
172,18,654.00,208.00,68.00,83.00,0.9080,1,1
172,20,629.00,0.00,48.00,28.00,0.8505,1,1
173,1,1050.00,154.00,75.00,64.00,0.9332,1,1
173,12,720.00,169.00,26.00,34.00,0.6483,1,1
173,18,654.00,208.00,69.00,84.00,0.8940,1,1
173,20,637.00,1.00,46.00,27.00,0.8690,1,1
174,1,1053.00,154.00,74.00,65.00,0.9331,1,1
174,12,725.00,168.00,26.00,34.00,0.6483,1,1
174,18,653.00,209.00,70.00,83.00,0.6666,1,1
174,20,640.00,1.00,48.00,28.00,0.8751,1,1
175,1,1056.00,157.00,73.00,64.00,0.9343,1,1
175,18,654.00,210.00,69.00,81.00,0.8197,1,1
175,20,645.00,2.00,50.00,28.00,0.8617,1,1
176,1,1056.00,157.00,73.00,64.00,0.9343,1,1
176,18,654.00,210.00,69.00,81.00,0.8205,1,1
176,20,645.00,2.00,50.00,28.00,0.8616,1,1
177,1,1058.00,158.00,73.00,64.00,0.9337,1,1
177,18,654.00,210.00,71.00,81.00,0.8302,1,1
177,20,656.00,2.00,47.00,29.00,0.8485,1,1
178,1,1061.00,158.00,72.00,66.00,0.9326,1,1
178,18,654.00,210.00,72.00,81.00,0.7472,1,1
178,20,662.00,3.00,48.00,29.00,0.8908,1,1
179,1,1062.00,158.00,73.00,66.00,0.9322,1,1
179,12,798.00,154.00,31.00,29.00,0.8051,1,1
179,18,654.00,211.00,72.00,80.00,0.7475,1,1
179,20,668.00,3.00,53.00,30.00,0.8641,1,1
180,1,1063.00,159.00,73.00,66.00,0.9319,1,1
180,2,655.00,211.00,67.00,79.00,0.2715,1,1
180,12,809.00,153.00,33.00,30.00,0.8446,1,1
180,18,654.00,211.00,69.00,79.00,0.7196,1,1
180,20,681.00,4.00,50.00,29.00,0.8826,1,1
181,1,1064.00,159.00,73.00,66.00,0.9317,1,1
181,2,655.00,211.00,67.00,79.00,0.2715,1,1
181,12,819.00,155.00,32.00,29.00,0.8741,1,1
181,13,727.00,286.00,21.00,26.00,0.2926,1,1
181,18,654.00,211.00,69.00,79.00,0.7196,1,1
181,20,686.00,4.00,54.00,30.00,0.8811,1,1
182,1,1064.00,159.00,73.00,66.00,0.9317,1,1
182,12,819.00,155.00,32.00,29.00,0.8755,1,1
182,13,727.00,286.00,21.00,26.00,0.2928,1,1
182,20,687.00,4.00,53.00,30.00,0.8809,1,1
183,1,1064.00,159.00,73.00,66.00,0.9336,1,1
183,12,828.00,153.00,29.00,33.00,0.8994,1,1
183,13,727.00,286.00,21.00,26.00,0.2928,1,1
183,18,652.00,211.00,68.00,82.00,0.6709,1,1
183,20,700.00,5.00,50.00,29.00,0.8314,1,1
184,1,1064.00,159.00,73.00,66.00,0.9333,1,1
184,12,834.00,154.00,30.00,33.00,0.8884,1,1
184,18,651.00,211.00,69.00,81.00,0.7642,1,1
184,20,708.00,6.00,51.00,28.00,0.8518,1,1
185,1,1064.00,159.00,73.00,67.00,0.9338,1,1
185,12,842.00,158.00,29.00,32.00,0.6292,1,1
185,13,726.00,287.00,21.00,23.00,0.3323,1,1
185,18,652.00,212.00,69.00,80.00,0.7894,1,1
185,20,720.00,6.00,48.00,28.00,0.8248,1,1
186,1,1063.00,159.00,73.00,66.00,0.9337,1,1
186,12,850.00,158.00,29.00,31.00,0.6292,1,1
186,13,725.00,287.00,21.00,23.00,0.3266,1,1
186,18,653.00,212.00,68.00,80.00,0.8218,1,1
186,20,731.00,6.00,46.00,29.00,0.8590,1,1
187,1,1064.00,159.00,72.00,66.00,0.9340,1,1
187,13,724.00,286.00,21.00,24.00,0.4533,1,1
187,18,653.00,211.00,68.00,81.00,0.8067,1,1
187,20,737.00,10.00,45.00,27.00,0.8276,1,1
188,1,1064.00,159.00,72.00,66.00,0.9339,1,1
188,13,724.00,286.00,21.00,24.00,0.4406,1,1
188,18,653.00,211.00,68.00,81.00,0.8106,1,1
188,20,737.00,10.00,45.00,27.00,0.8275,1,1
188,32,998.00,253.00,24.00,25.00,0.3571,1,1
189,1,1063.00,159.00,72.00,66.00,0.9325,1,1
189,2,623.00,166.00,22.00,25.00,0.2902,1,1
189,12,863.00,170.00,26.00,30.00,0.4893,1,1
189,13,725.00,284.00,20.00,27.00,0.3572,1,1
189,18,653.00,211.00,68.00,81.00,0.8774,1,1
189,20,748.00,11.00,42.00,27.00,0.8143,1,1
189,32,990.00,253.00,32.00,29.00,0.8029,1,1
190,1,1064.00,159.00,70.00,66.00,0.9305,1,1
190,2,620.00,163.00,18.00,20.00,0.2902,1,1
190,12,866.00,172.00,28.00,31.00,0.7466,1,1
190,13,725.00,284.00,22.00,26.00,0.4267,1,1
190,18,653.00,211.00,68.00,81.00,0.8920,1,1
190,20,759.00,13.00,38.00,26.00,0.8016,1,1
190,32,981.00,253.00,39.00,33.00,0.8084,1,1
191,1,1062.00,159.00,72.00,65.00,0.9308,1,1
191,12,869.00,173.00,29.00,33.00,0.8028,1,1
191,13,726.00,284.00,23.00,28.00,0.6843,1,1
191,18,653.00,211.00,68.00,81.00,0.8835,1,1
191,20,764.00,16.00,39.00,27.00,0.7880,1,1
191,32,977.00,255.00,42.00,37.00,0.3804,1,1
192,1,1062.00,159.00,72.00,65.00,0.9315,1,1
192,12,872.00,174.00,28.00,32.00,0.5534,1,1
192,13,727.00,286.00,22.00,27.00,0.6585,1,1
192,18,652.00,211.00,69.00,81.00,0.8934,1,1
192,20,769.00,18.00,37.00,27.00,0.8054,1,1
192,32,973.00,256.00,45.00,39.00,0.3804,1,1
193,1,1062.00,159.00,71.00,65.00,0.9330,1,1
193,12,873.00,173.00,30.00,35.00,0.6368,1,1
193,13,727.00,284.00,21.00,28.00,0.6824,1,1
193,18,652.00,211.00,68.00,81.00,0.9013,1,1
193,20,776.00,20.00,34.00,29.00,0.7648,1,1
194,1,1062.00,159.00,71.00,65.00,0.9330,1,1
194,12,873.00,173.00,30.00,35.00,0.6413,1,1
194,13,726.00,284.00,22.00,29.00,0.6808,1,1
194,18,652.00,211.00,68.00,81.00,0.8999,1,1
194,20,776.00,20.00,34.00,29.00,0.7650,1,1
195,1,1059.00,159.00,72.00,65.00,0.9346,1,1
195,12,877.00,176.00,28.00,33.00,0.6348,1,1
195,13,727.00,284.00,21.00,28.00,0.7738,1,1
195,18,652.00,210.00,68.00,82.00,0.9097,1,1
195,20,780.00,21.00,35.00,29.00,0.7286,1,1
195,32,958.00,283.00,40.00,31.00,0.8112,1,1
196,1,1057.00,159.00,74.00,66.00,0.9369,1,1
196,12,880.00,178.00,30.00,32.00,0.6778,1,1
196,13,727.00,285.00,22.00,28.00,0.6151,1,1
196,18,652.00,210.00,68.00,82.00,0.9058,1,1
196,20,782.00,23.00,36.00,26.00,0.7646,1,1
196,32,959.00,288.00,34.00,27.00,0.8211,1,1
197,1,1057.00,159.00,73.00,65.00,0.9359,1,1
197,12,883.00,179.00,32.00,34.00,0.6113,1,1
197,13,728.00,285.00,21.00,28.00,0.2751,1,1
197,18,653.00,209.00,67.00,82.00,0.9023,1,1
197,20,786.00,23.00,35.00,27.00,0.7606,1,1
197,32,958.00,290.00,33.00,28.00,0.8814,1,1
198,1,1056.00,159.00,72.00,65.00,0.9348,1,1
198,12,885.00,180.00,32.00,34.00,0.5250,1,1
198,13,728.00,285.00,21.00,28.00,0.2751,1,1
198,18,653.00,209.00,67.00,81.00,0.9075,1,1
198,20,788.00,24.00,34.00,26.00,0.7671,1,1
198,32,959.00,290.00,31.00,29.00,0.8915,1,1
198,34,761.00,0.00,70.00,28.00,0.7746,1,1
199,1,1055.00,159.00,73.00,65.00,0.9318,1,1
199,12,886.00,180.00,30.00,34.00,0.4699,1,1
199,18,653.00,208.00,68.00,83.00,0.9240,1,1
199,20,788.00,24.00,36.00,26.00,0.7714,1,1
199,32,956.00,293.00,33.00,26.00,0.8723,1,1
199,34,764.00,0.00,69.00,29.00,0.6117,1,1
200,1,1055.00,159.00,73.00,65.00,0.9318,1,1
200,12,885.00,180.00,31.00,34.00,0.4779,1,1
200,18,653.00,208.00,68.00,83.00,0.9230,1,1
200,20,788.00,24.00,36.00,26.00,0.7705,1,1
200,32,956.00,293.00,33.00,26.00,0.8726,1,1
200,34,764.00,0.00,69.00,29.00,0.6131,1,1
201,1,1054.00,158.00,74.00,66.00,0.9298,1,1
201,2,642.00,168.00,20.00,24.00,0.2960,1,1
201,12,886.00,181.00,32.00,35.00,0.5647,1,1
201,13,729.00,284.00,19.00,30.00,0.3396,1,1
201,18,653.00,208.00,67.00,82.00,0.9227,1,1
201,20,790.00,24.00,35.00,26.00,0.7736,1,1
201,32,957.00,297.00,32.00,23.00,0.8813,1,1
201,34,766.00,0.00,68.00,27.00,0.6080,1,1
202,1,1054.00,158.00,74.00,66.00,0.9291,1,1
202,2,643.00,168.00,19.00,24.00,0.2960,1,1
202,12,887.00,180.00,31.00,35.00,0.7869,1,1
202,13,729.00,284.00,19.00,30.00,0.3396,1,1
202,18,653.00,208.00,67.00,81.00,0.9193,1,1
202,20,792.00,24.00,34.00,26.00,0.7815,1,1
202,32,957.00,297.00,31.00,24.00,0.8591,1,1
202,34,767.00,0.00,68.00,27.00,0.7375,1,1
203,1,1054.00,158.00,74.00,66.00,0.9294,1,1
203,2,647.00,163.00,21.00,26.00,0.4585,1,1
203,12,888.00,179.00,29.00,36.00,0.7746,1,1
203,18,653.00,208.00,67.00,83.00,0.9252,1,1
203,20,794.00,24.00,33.00,26.00,0.7872,1,1
203,32,957.00,297.00,30.00,24.00,0.8699,1,1
203,34,767.00,0.00,69.00,28.00,0.7031,1,1
204,1,1055.00,158.00,73.00,67.00,0.9305,1,1
204,2,648.00,165.00,21.00,26.00,0.3031,1,1
204,12,888.00,178.00,29.00,38.00,0.7635,1,1
204,18,653.00,209.00,67.00,82.00,0.9190,1,1
204,20,795.00,24.00,32.00,26.00,0.7905,1,1
204,32,956.00,297.00,31.00,24.00,0.8735,1,1
204,34,768.00,0.00,68.00,27.00,0.5240,1,1
205,1,1055.00,158.00,73.00,67.00,0.9314,1,1
205,2,648.00,165.00,21.00,27.00,0.3537,1,1
205,12,889.00,178.00,30.00,38.00,0.8205,1,1
205,18,652.00,208.00,68.00,83.00,0.9243,1,1
205,20,795.00,24.00,32.00,26.00,0.7784,1,1
205,32,955.00,298.00,31.00,22.00,0.8442,1,1
205,34,768.00,0.00,68.00,27.00,0.4487,1,1
206,1,1055.00,158.00,73.00,67.00,0.9313,1,1
206,2,648.00,165.00,21.00,27.00,0.3546,1,1
206,12,889.00,178.00,30.00,38.00,0.8210,1,1
206,18,652.00,208.00,68.00,83.00,0.9246,1,1
206,20,795.00,24.00,32.00,26.00,0.7781,1,1
206,32,955.00,298.00,31.00,22.00,0.8444,1,1
206,34,768.00,0.00,68.00,27.00,0.4497,1,1
207,1,1056.00,158.00,72.00,67.00,0.9301,1,1
207,2,649.00,165.00,21.00,26.00,0.3546,1,1
207,12,889.00,177.00,29.00,38.00,0.8139,1,1
207,18,654.00,208.00,67.00,83.00,0.9179,1,1
207,20,795.00,24.00,32.00,25.00,0.7505,1,1
207,32,955.00,299.00,30.00,22.00,0.7607,1,1
207,34,768.00,0.00,67.00,27.00,0.3584,1,1
208,1,1058.00,158.00,72.00,67.00,0.9312,1,1
208,2,649.00,165.00,20.00,27.00,0.3112,1,1
208,12,889.00,177.00,29.00,36.00,0.8212,1,1
208,18,654.00,209.00,68.00,82.00,0.8967,1,1
208,20,795.00,23.00,32.00,26.00,0.7439,1,1
208,32,955.00,299.00,30.00,22.00,0.7572,1,1
208,34,769.00,0.00,67.00,27.00,0.3584,1,1
209,1,1060.00,158.00,71.00,68.00,0.9253,1,1
209,2,649.00,165.00,21.00,26.00,0.4937,1,1
209,12,889.00,177.00,29.00,36.00,0.7377,1,1
209,13,1012.00,163.00,23.00,35.00,0.3671,1,1
209,18,653.00,208.00,69.00,83.00,0.9158,1,1
209,20,794.00,23.00,32.00,25.00,0.6943,1,1
209,32,955.00,299.00,30.00,22.00,0.6974,1,1
210,1,1061.00,158.00,72.00,67.00,0.9228,1,1
210,2,651.00,164.00,19.00,27.00,0.3010,1,1
210,12,889.00,176.00,29.00,36.00,0.6699,1,1
210,13,1013.00,162.00,28.00,36.00,0.2552,1,1
210,18,653.00,209.00,69.00,81.00,0.9128,1,1
210,20,791.00,23.00,34.00,25.00,0.6500,1,1
210,32,956.00,299.00,29.00,22.00,0.6615,1,1
211,1,1065.00,159.00,69.00,65.00,0.9273,1,1
211,2,651.00,163.00,20.00,28.00,0.3010,1,1
211,12,888.00,175.00,30.00,35.00,0.4263,1,1
211,13,1035.00,155.00,28.00,37.00,0.2552,1,1
211,18,653.00,209.00,69.00,81.00,0.9081,1,1
211,20,789.00,23.00,34.00,25.00,0.4441,1,1
211,32,956.00,299.00,29.00,22.00,0.5454,1,1
212,1,1065.00,159.00,69.00,65.00,0.9273,1,1
212,12,889.00,175.00,29.00,35.00,0.4425,1,1
212,18,653.00,209.00,69.00,81.00,0.9083,1,1
212,20,789.00,23.00,34.00,25.00,0.4465,1,1
212,32,956.00,299.00,29.00,22.00,0.5631,1,1
213,1,1066.00,159.00,70.00,67.00,0.9235,1,1
213,12,887.00,175.00,32.00,34.00,0.3689,1,1
213,13,1022.00,161.00,24.00,36.00,0.6365,1,1
213,18,653.00,209.00,68.00,81.00,0.9003,1,1
213,20,787.00,23.00,35.00,25.00,0.4998,1,1
213,32,955.00,299.00,30.00,22.00,0.6256,1,1
213,34,763.00,0.00,69.00,28.00,0.2828,1,1
213,36,736.00,289.00,20.00,27.00,0.3576,1,1
214,1,1068.00,159.00,69.00,66.00,0.9277,1,1
214,2,647.00,170.00,20.00,29.00,0.3088,1,1
214,12,887.00,175.00,30.00,33.00,0.6904,1,1
214,13,1024.00,161.00,26.00,36.00,0.7691,1,1
214,18,652.00,209.00,69.00,82.00,0.9075,1,1
214,20,786.00,23.00,34.00,25.00,0.4230,1,1
214,32,955.00,299.00,30.00,22.00,0.4812,1,1
214,34,762.00,0.00,66.00,29.00,0.2831,1,1
214,36,736.00,290.00,21.00,28.00,0.3576,1,1
215,1,1070.00,159.00,70.00,67.00,0.9331,1,1
215,2,646.00,171.00,21.00,29.00,0.2885,1,1
215,12,884.00,174.00,29.00,34.00,0.7832,1,1
215,13,1028.00,162.00,27.00,35.00,0.7585,1,1
215,18,652.00,209.00,69.00,82.00,0.9038,1,1
215,20,785.00,23.00,33.00,25.00,0.6788,1,1
215,32,956.00,299.00,31.00,22.00,0.4984,1,1
215,34,762.00,0.00,65.00,29.00,0.2831,1,1
215,36,736.00,289.00,20.00,28.00,0.2924,1,1
216,1,1072.00,159.00,69.00,68.00,0.9326,1,1
216,2,647.00,171.00,20.00,30.00,0.2885,1,1
216,12,883.00,175.00,31.00,33.00,0.8186,1,1
216,13,1031.00,162.00,26.00,34.00,0.8678,1,1
216,18,653.00,209.00,68.00,82.00,0.8918,1,1
216,20,784.00,23.00,32.00,25.00,0.6847,1,1
216,32,956.00,299.00,32.00,22.00,0.7054,1,1
216,34,756.00,0.00,68.00,28.00,0.3919,1,1
216,36,734.00,289.00,22.00,27.00,0.3111,1,1
217,1,1073.00,158.00,70.00,70.00,0.9280,1,1
217,2,646.00,170.00,21.00,32.00,0.3700,1,1
217,12,880.00,174.00,30.00,32.00,0.7868,1,1
217,13,1035.00,163.00,25.00,33.00,0.8284,1,1
217,18,653.00,209.00,69.00,82.00,0.8724,1,1
217,20,782.00,22.00,32.00,26.00,0.4294,1,1
217,32,956.00,299.00,33.00,23.00,0.8691,1,1
217,34,754.00,0.00,68.00,29.00,0.4301,1,1
217,36,734.00,289.00,22.00,28.00,0.3111,1,1
218,1,1073.00,158.00,70.00,70.00,0.9281,1,1
218,2,646.00,170.00,21.00,32.00,0.3971,1,1
218,12,881.00,174.00,29.00,32.00,0.7893,1,1
218,13,1035.00,163.00,25.00,33.00,0.8291,1,1
218,18,653.00,209.00,69.00,82.00,0.8739,1,1
218,20,782.00,22.00,32.00,26.00,0.4349,1,1
218,32,956.00,299.00,33.00,23.00,0.8691,1,1
218,34,754.00,0.00,68.00,29.00,0.4322,1,1
219,1,1075.00,159.00,70.00,69.00,0.9247,1,1
219,2,645.00,169.00,22.00,33.00,0.4831,1,1
219,12,879.00,174.00,30.00,32.00,0.5698,1,1
219,13,1037.00,163.00,27.00,33.00,0.7720,1,1
219,18,653.00,209.00,69.00,82.00,0.9078,1,1
219,20,782.00,22.00,32.00,26.00,0.4349,1,1
219,32,958.00,296.00,32.00,26.00,0.8792,1,1
219,34,751.00,0.00,69.00,29.00,0.3426,1,1
220,1,1075.00,160.00,72.00,69.00,0.9261,1,1
220,2,645.00,169.00,21.00,34.00,0.2880,1,1
220,12,877.00,172.00,29.00,33.00,0.5007,1,1
220,13,1040.00,163.00,26.00,31.00,0.6151,1,1
220,18,652.00,209.00,69.00,82.00,0.8860,1,1
220,20,772.00,21.00,37.00,28.00,0.4326,1,1
220,32,957.00,295.00,33.00,26.00,0.8890,1,1
220,34,749.00,0.00,70.00,29.00,0.3426,1,1
221,1,1076.00,160.00,74.00,70.00,0.9265,1,1
221,2,645.00,170.00,21.00,34.00,0.2880,1,1
221,12,873.00,170.00,30.00,35.00,0.6438,1,1
221,13,1045.00,165.00,25.00,31.00,0.6540,1,1
221,18,652.00,210.00,68.00,81.00,0.8997,1,1
221,20,766.00,20.00,40.00,29.00,0.4545,1,1
221,32,958.00,294.00,32.00,27.00,0.8907,1,1
221,36,731.00,288.00,23.00,28.00,0.4515,1,1
222,1,1077.00,160.00,75.00,71.00,0.9278,1,1
222,12,872.00,169.00,29.00,34.00,0.5345,1,1
222,13,1047.00,163.00,25.00,32.00,0.5452,1,1
222,18,652.00,210.00,68.00,81.00,0.8865,1,1
222,20,764.00,20.00,41.00,29.00,0.4545,1,1
222,32,960.00,294.00,32.00,26.00,0.8906,1,1
222,36,733.00,289.00,23.00,26.00,0.6948,1,1
223,1,1078.00,162.00,76.00,69.00,0.9258,1,1
223,12,872.00,166.00,26.00,34.00,0.6187,1,1
223,13,1048.00,163.00,27.00,33.00,0.5504,1,1
223,18,652.00,210.00,68.00,81.00,0.8580,1,1
223,32,962.00,294.00,32.00,25.00,0.6944,1,1
223,36,733.00,289.00,23.00,25.00,0.6392,1,1
224,1,1078.00,162.00,76.00,69.00,0.9259,1,1
224,12,872.00,166.00,26.00,34.00,0.6211,1,1
224,13,1048.00,163.00,27.00,33.00,0.5503,1,1
224,18,652.00,210.00,68.00,81.00,0.8590,1,1
224,32,962.00,294.00,32.00,25.00,0.6858,1,1
224,36,733.00,289.00,23.00,25.00,0.6394,1,1
225,1,1079.00,162.00,76.00,70.00,0.9268,1,1
225,12,874.00,159.00,23.00,33.00,0.7138,1,1
225,13,1049.00,162.00,27.00,33.00,0.4618,1,1
225,18,653.00,210.00,65.00,81.00,0.8432,1,1
225,32,963.00,293.00,31.00,26.00,0.7508,1,1
225,36,731.00,289.00,23.00,26.00,0.3146,1,1
226,1,1079.00,163.00,77.00,69.00,0.9295,1,1
226,12,873.00,157.00,23.00,34.00,0.7138,1,1
226,13,1050.00,161.00,28.00,34.00,0.4367,1,1
226,18,652.00,210.00,67.00,81.00,0.8332,1,1
226,32,965.00,292.00,31.00,26.00,0.7630,1,1
226,36,731.00,290.00,23.00,25.00,0.3146,1,1
227,1,1078.00,166.00,79.00,67.00,0.9235,1,1
227,13,1055.00,161.00,28.00,33.00,0.4367,1,1
227,18,652.00,210.00,67.00,81.00,0.7324,1,1
227,32,966.00,291.00,31.00,26.00,0.3271,1,1
228,1,1080.00,168.00,76.00,66.00,0.9276,1,1
228,18,652.00,210.00,67.00,81.00,0.7582,1,1
228,32,967.00,291.00,31.00,26.00,0.3271,1,1
229,1,1081.00,169.00,76.00,67.00,0.9236,1,1
229,18,653.00,210.00,66.00,81.00,0.6724,1,1
230,1,1081.00,169.00,76.00,67.00,0.9237,1,1
230,18,653.00,210.00,66.00,81.00,0.6776,1,1
231,1,1082.00,170.00,76.00,68.00,0.9217,1,1
231,18,652.00,211.00,66.00,80.00,0.7793,1,1
232,1,1083.00,172.00,76.00,68.00,0.9241,1,1
232,18,652.00,211.00,67.00,81.00,0.7856,1,1
233,1,1084.00,174.00,76.00,68.00,0.9242,1,1
233,18,652.00,211.00,66.00,80.00,0.7891,1,1
234,1,1084.00,175.00,77.00,69.00,0.9306,1,1
234,2,1045.00,233.00,27.00,23.00,0.7759,1,1
234,18,652.00,211.00,67.00,80.00,0.7535,1,1
235,1,1085.00,177.00,78.00,69.00,0.9361,1,1
235,2,1043.00,233.00,28.00,24.00,0.7168,1,1
235,18,652.00,211.00,68.00,80.00,0.8291,1,1
236,1,1085.00,177.00,78.00,69.00,0.9362,1,1
236,2,1043.00,232.00,28.00,25.00,0.7199,1,1
236,18,652.00,211.00,67.00,80.00,0.8099,1,1
237,1,1086.00,178.00,77.00,70.00,0.9385,1,1
237,2,1042.00,238.00,31.00,22.00,0.7608,1,1
237,18,652.00,211.00,67.00,80.00,0.8057,1,1
237,34,705.00,1.00,72.00,31.00,0.3210,1,1
238,1,1087.00,180.00,76.00,71.00,0.9336,1,1
238,2,1043.00,239.00,33.00,24.00,0.7874,1,1
238,12,1051.00,162.00,29.00,35.00,0.3567,1,1
238,18,652.00,212.00,68.00,79.00,0.7877,1,1
238,34,702.00,1.00,72.00,31.00,0.3210,1,1
239,1,1086.00,183.00,77.00,70.00,0.9350,1,1
239,2,1030.00,238.00,32.00,24.00,0.4712,1,1
239,12,1062.00,162.00,30.00,35.00,0.3567,1,1
239,18,652.00,212.00,67.00,79.00,0.7885,1,1
239,32,984.00,308.00,33.00,24.00,0.4940,1,1
240,1,1085.00,185.00,78.00,70.00,0.9348,1,1
240,2,1046.00,241.00,33.00,23.00,0.4712,1,1
240,18,653.00,212.00,67.00,78.00,0.7688,1,1
240,32,987.00,313.00,31.00,24.00,0.6455,1,1
241,1,1085.00,187.00,77.00,70.00,0.9344,1,1
241,18,653.00,212.00,67.00,80.00,0.4900,1,1
241,32,963.00,316.00,46.00,27.00,0.7364,1,1
242,1,1085.00,187.00,77.00,70.00,0.9342,1,1
242,18,653.00,212.00,67.00,80.00,0.4963,1,1
242,32,963.00,316.00,46.00,27.00,0.7374,1,1
243,1,1085.00,189.00,77.00,70.00,0.9366,1,1
243,18,653.00,212.00,68.00,81.00,0.6759,1,1
243,32,961.00,320.00,47.00,27.00,0.8223,1,1
244,1,1083.00,191.00,78.00,70.00,0.9389,1,1
244,18,653.00,212.00,69.00,81.00,0.6785,1,1
244,32,958.00,328.00,48.00,26.00,0.8399,1,1
245,1,1081.00,193.00,79.00,70.00,0.9377,1,1
245,2,999.00,263.00,27.00,24.00,0.4805,1,1
245,13,1002.00,266.00,27.00,22.00,0.3059,1,1
245,18,653.00,213.00,69.00,80.00,0.7926,1,1
245,32,957.00,334.00,48.00,24.00,0.8417,1,1
245,34,691.00,1.00,72.00,35.00,0.2574,1,1
246,1,1079.00,195.00,79.00,71.00,0.9389,1,1
246,2,997.00,267.00,29.00,27.00,0.8146,1,1
246,13,999.00,271.00,28.00,22.00,0.3059,1,1
246,18,653.00,212.00,71.00,82.00,0.8489,1,1
246,32,957.00,339.00,47.00,25.00,0.8307,1,1
246,34,690.00,2.00,71.00,33.00,0.3394,1,1
247,1,1077.00,197.00,79.00,72.00,0.9389,1,1
247,2,986.00,275.00,34.00,25.00,0.7601,1,1
247,18,653.00,213.00,73.00,82.00,0.8231,1,1
247,32,954.00,344.00,48.00,27.00,0.8752,1,1
247,34,688.00,2.00,71.00,34.00,0.3394,1,1
248,1,1077.00,197.00,79.00,72.00,0.9389,1,1
248,2,986.00,275.00,34.00,24.00,0.7596,1,1
248,18,653.00,212.00,73.00,83.00,0.8238,1,1
248,32,954.00,344.00,48.00,27.00,0.8756,1,1
249,1,1074.00,199.00,79.00,70.00,0.9392,1,1
249,2,989.00,279.00,34.00,24.00,0.7596,1,1
249,18,654.00,212.00,74.00,80.00,0.5953,1,1
249,32,955.00,351.00,44.00,26.00,0.8806,1,1
249,34,685.00,2.00,74.00,33.00,0.3046,1,1
250,1,1070.00,200.00,81.00,70.00,0.9365,1,1
250,18,654.00,212.00,75.00,79.00,0.3777,1,1
250,20,1008.00,44.00,46.00,51.00,0.3890,1,1
250,32,954.00,357.00,41.00,25.00,0.8531,1,1
250,34,683.00,2.00,75.00,33.00,0.2679,1,1
251,1,1066.00,200.00,80.00,70.00,0.9349,1,1
251,12,712.00,268.00,36.00,30.00,0.6758,1,1
251,13,995.00,299.00,33.00,23.00,0.4817,1,1
251,18,654.00,212.00,77.00,79.00,0.3102,1,1
251,20,1005.00,46.00,45.00,51.00,0.4023,1,1
251,32,951.00,363.00,38.00,27.00,0.8824,1,1
251,34,682.00,2.00,74.00,33.00,0.2679,1,1
252,1,1063.00,201.00,81.00,70.00,0.9421,1,1
252,12,715.00,264.00,34.00,32.00,0.7419,1,1
252,13,991.00,297.00,33.00,25.00,0.5715,1,1
252,18,655.00,212.00,74.00,79.00,0.3652,1,1
252,20,1014.00,47.00,45.00,52.00,0.4023,1,1
252,32,949.00,368.00,36.00,29.00,0.8654,1,1
252,38,655.00,213.00,75.00,77.00,0.6618,1,1
253,1,1060.00,202.00,82.00,69.00,0.9471,1,1
253,12,719.00,262.00,30.00,33.00,0.6595,1,1
253,13,989.00,302.00,33.00,24.00,0.5715,1,1
253,18,656.00,212.00,76.00,78.00,0.5088,1,1
253,20,998.00,49.00,44.00,53.00,0.3351,1,1
253,32,948.00,372.00,35.00,29.00,0.8354,1,1
253,36,799.00,157.00,24.00,36.00,0.7736,1,1
253,38,657.00,212.00,75.00,77.00,0.6795,1,1
254,1,1060.00,202.00,82.00,69.00,0.9471,1,1
254,12,719.00,262.00,30.00,33.00,0.6581,1,1
254,18,656.00,212.00,76.00,77.00,0.5084,1,1
254,20,998.00,49.00,44.00,53.00,0.3834,1,1
254,32,948.00,372.00,35.00,29.00,0.8340,1,1
254,36,799.00,157.00,24.00,36.00,0.7779,1,1
254,38,657.00,212.00,75.00,77.00,0.6803,1,1
255,1,1057.00,202.00,81.00,70.00,0.9439,1,1
255,12,720.00,261.00,28.00,33.00,0.6086,1,1
255,18,657.00,213.00,80.00,77.00,0.3838,1,1
255,20,1003.00,50.00,45.00,54.00,0.3834,1,1
255,32,948.00,373.00,36.00,28.00,0.6500,1,1
255,36,801.00,154.00,25.00,36.00,0.7779,1,1
255,38,658.00,213.00,79.00,75.00,0.7974,1,1
256,1,1054.00,202.00,79.00,70.00,0.9418,1,1
256,12,714.00,265.00,28.00,34.00,0.6086,1,1
256,13,985.00,304.00,29.00,25.00,0.2950,1,1
256,18,658.00,213.00,80.00,77.00,0.3838,1,1
256,20,990.00,54.00,46.00,52.00,0.6077,1,1
256,32,944.00,376.00,37.00,31.00,0.7386,1,1
256,38,659.00,214.00,82.00,74.00,0.8908,1,1
257,1,1050.00,204.00,81.00,69.00,0.9416,1,1
257,13,984.00,308.00,29.00,25.00,0.2950,1,1
257,20,985.00,54.00,46.00,53.00,0.8003,1,1
257,32,939.00,379.00,37.00,31.00,0.8365,1,1
257,38,661.00,216.00,79.00,71.00,0.8958,1,1
258,1,1043.00,205.00,85.00,68.00,0.9363,1,1
258,2,913.00,194.00,28.00,37.00,0.3580,1,1
258,13,972.00,309.00,27.00,27.00,0.4014,1,1
258,20,980.00,57.00,46.00,52.00,0.8101,1,1
258,32,937.00,381.00,36.00,30.00,0.7000,1,1
258,36,752.00,193.00,24.00,44.00,0.6121,1,1
258,38,664.00,217.00,80.00,69.00,0.9170,1,1
259,1,1040.00,206.00,87.00,68.00,0.9434,1,1
259,2,908.00,189.00,28.00,38.00,0.3580,1,1
259,12,746.00,209.00,22.00,38.00,0.8078,1,1
259,13,969.00,313.00,26.00,27.00,0.4014,1,1
259,20,971.00,56.00,49.00,54.00,0.8215,1,1
259,32,934.00,381.00,37.00,31.00,0.8407,1,1
259,36,749.00,198.00,23.00,45.00,0.6121,1,1
259,38,665.00,219.00,76.00,63.00,0.9244,1,1
260,1,1040.00,206.00,87.00,68.00,0.9434,1,1
260,12,746.00,209.00,22.00,38.00,0.8114,1,1
260,20,971.00,56.00,49.00,54.00,0.8352,1,1
260,32,934.00,381.00,37.00,31.00,0.8408,1,1
260,38,665.00,219.00,76.00,63.00,0.9244,1,1
261,1,1037.00,206.00,89.00,69.00,0.9417,1,1
261,2,915.00,204.00,25.00,37.00,0.6083,1,1
261,12,745.00,213.00,21.00,37.00,0.8453,1,1
261,13,965.00,309.00,28.00,26.00,0.2600,1,1
261,20,964.00,58.00,50.00,52.00,0.8617,1,1
261,32,935.00,382.00,35.00,30.00,0.8543,1,1
261,38,667.00,219.00,76.00,63.00,0.8889,1,1
262,1,1033.00,207.00,92.00,69.00,0.9362,1,1
262,2,914.00,205.00,24.00,37.00,0.7981,1,1
262,12,745.00,215.00,21.00,38.00,0.8670,1,1
262,13,962.00,311.00,28.00,27.00,0.2600,1,1
262,20,959.00,58.00,50.00,54.00,0.8549,1,1
262,32,932.00,382.00,35.00,30.00,0.7592,1,1
262,38,668.00,219.00,76.00,63.00,0.8486,1,1
263,1,1030.00,209.00,94.00,66.00,0.9211,1,1
263,2,912.00,210.00,24.00,34.00,0.8944,1,1
263,12,746.00,216.00,19.00,38.00,0.7888,1,1
263,20,954.00,59.00,50.00,53.00,0.8516,1,1
263,32,931.00,383.00,35.00,30.00,0.7218,1,1
263,38,669.00,220.00,78.00,62.00,0.8778,1,1
264,1,1027.00,210.00,89.00,63.00,0.9188,1,1
264,2,912.00,210.00,24.00,34.00,0.8840,1,1
264,12,750.00,217.00,19.00,38.00,0.4858,1,1
264,20,949.00,59.00,49.00,53.00,0.5280,1,1
264,32,930.00,383.00,34.00,30.00,0.8408,1,1
264,38,671.00,220.00,80.00,59.00,0.9134,1,1
265,1,1026.00,209.00,83.00,63.00,0.9220,1,1
265,2,912.00,210.00,24.00,33.00,0.8160,1,1
265,12,750.00,217.00,19.00,38.00,0.4858,1,1
265,13,712.00,266.00,34.00,33.00,0.2627,1,1
265,20,941.00,58.00,50.00,54.00,0.7125,1,1
265,32,929.00,383.00,33.00,30.00,0.7175,1,1
265,38,672.00,220.00,80.00,61.00,0.9139,1,1
266,1,1026.00,209.00,83.00,63.00,0.9219,1,1
266,2,912.00,211.00,24.00,32.00,0.8136,1,1
266,13,712.00,266.00,34.00,33.00,0.2622,1,1
266,20,941.00,58.00,50.00,54.00,0.7137,1,1
266,32,929.00,383.00,33.00,30.00,0.7024,1,1
266,38,672.00,220.00,80.00,61.00,0.9140,1,1
267,1,1024.00,208.00,84.00,65.00,0.9217,1,1
267,2,911.00,211.00,26.00,32.00,0.7069,1,1
267,13,711.00,267.00,36.00,33.00,0.6495,1,1
267,20,937.00,60.00,50.00,52.00,0.7026,1,1
267,32,929.00,384.00,33.00,29.00,0.7238,1,1
267,38,673.00,220.00,82.00,60.00,0.9237,1,1
268,1,1023.00,208.00,82.00,65.00,0.9261,1,1
268,2,909.00,211.00,26.00,32.00,0.7069,1,1
268,12,767.00,214.00,24.00,37.00,0.9109,1,1
268,13,713.00,265.00,34.00,34.00,0.7455,1,1
268,20,931.00,63.00,53.00,49.00,0.6344,1,1
268,32,927.00,383.00,35.00,30.00,0.7101,1,1
268,38,674.00,219.00,81.00,59.00,0.9124,1,1
269,1,1022.00,206.00,82.00,66.00,0.9347,1,1
269,12,778.00,211.00,24.00,38.00,0.8738,1,1
269,13,713.00,267.00,34.00,33.00,0.4308,1,1
269,20,929.00,61.00,49.00,51.00,0.4989,1,1
269,32,929.00,384.00,35.00,28.00,0.5808,1,1
269,36,991.00,153.00,19.00,29.00,0.5348,1,1
269,38,675.00,218.00,80.00,61.00,0.9252,1,1
270,1,1021.00,205.00,83.00,67.00,0.9336,1,1
270,12,788.00,206.00,25.00,41.00,0.8941,1,1
270,13,715.00,267.00,33.00,33.00,0.5360,1,1
270,18,744.00,23.00,42.00,33.00,0.2742,1,1
270,20,923.00,59.00,52.00,52.00,0.3737,1,1
270,32,928.00,383.00,36.00,29.00,0.6184,1,1
270,34,723.00,0.00,74.00,32.00,0.3207,1,1
270,36,1008.00,151.00,18.00,29.00,0.5348,1,1
270,38,675.00,218.00,81.00,61.00,0.9240,1,1
271,1,1021.00,203.00,83.00,67.00,0.9368,1,1
271,12,799.00,204.00,24.00,39.00,0.8917,1,1
271,13,718.00,264.00,31.00,35.00,0.4572,1,1
271,18,750.00,23.00,40.00,30.00,0.4968,1,1
271,20,918.00,60.00,53.00,51.00,0.4292,1,1
271,32,928.00,383.00,36.00,29.00,0.7323,1,1
271,34,729.00,0.00,73.00,32.00,0.3759,1,1
271,38,676.00,218.00,81.00,59.00,0.9250,1,1
272,1,1021.00,203.00,83.00,67.00,0.9368,1,1
272,12,799.00,204.00,24.00,39.00,0.8917,1,1
272,13,717.00,264.00,32.00,35.00,0.4522,1,1
272,18,750.00,23.00,40.00,30.00,0.4921,1,1
272,20,919.00,60.00,52.00,51.00,0.4414,1,1
272,32,928.00,383.00,36.00,29.00,0.7364,1,1
272,34,729.00,0.00,73.00,32.00,0.3728,1,1
272,38,676.00,218.00,81.00,59.00,0.9251,1,1
273,1,1022.00,202.00,82.00,67.00,0.9419,1,1
273,12,807.00,199.00,25.00,40.00,0.9238,1,1
273,13,717.00,266.00,32.00,34.00,0.4242,1,1
273,18,755.00,22.00,38.00,29.00,0.4921,1,1
273,20,916.00,60.00,53.00,51.00,0.4414,1,1
273,32,928.00,383.00,35.00,30.00,0.7326,1,1
273,34,733.00,0.00,72.00,33.00,0.6242,1,1
273,38,677.00,218.00,81.00,60.00,0.9238,1,1
274,1,1023.00,201.00,81.00,67.00,0.9429,1,1
274,2,984.00,157.00,18.00,37.00,0.4145,1,1
274,12,815.00,194.00,24.00,40.00,0.9087,1,1
274,13,719.00,266.00,31.00,34.00,0.5323,1,1
274,32,927.00,384.00,36.00,29.00,0.7686,1,1
274,34,738.00,0.00,71.00,33.00,0.3134,1,1
274,38,678.00,218.00,80.00,62.00,0.9251,1,1
275,1,1023.00,200.00,81.00,67.00,0.9434,1,1
275,2,983.00,160.00,19.00,37.00,0.7643,1,1
275,12,821.00,190.00,26.00,38.00,0.8291,1,1
275,13,713.00,265.00,32.00,34.00,0.5323,1,1
275,32,927.00,384.00,35.00,30.00,0.7650,1,1
275,34,741.00,0.00,72.00,33.00,0.4018,1,1
275,38,679.00,218.00,78.00,62.00,0.9198,1,1
276,1,1024.00,199.00,81.00,67.00,0.9397,1,1
276,2,984.00,161.00,19.00,38.00,0.6098,1,1
276,12,827.00,187.00,25.00,37.00,0.7118,1,1
276,32,928.00,384.00,35.00,30.00,0.8213,1,1
276,34,744.00,0.00,72.00,33.00,0.4018,1,1
276,38,680.00,218.00,78.00,63.00,0.9246,1,1
277,1,1024.00,198.00,81.00,67.00,0.9399,1,1
277,2,985.00,159.00,20.00,39.00,0.7975,1,1
277,12,831.00,185.00,23.00,38.00,0.8502,1,1
277,32,930.00,384.00,33.00,29.00,0.7582,1,1
277,38,680.00,218.00,78.00,64.00,0.9198,1,1
278,1,1024.00,198.00,81.00,67.00,0.9399,1,1
278,2,985.00,159.00,20.00,39.00,0.7913,1,1
278,12,831.00,185.00,23.00,38.00,0.8505,1,1
278,32,930.00,384.00,33.00,29.00,0.7566,1,1
278,38,680.00,218.00,78.00,64.00,0.9204,1,1
279,1,1024.00,197.00,81.00,68.00,0.9399,1,1
279,2,986.00,160.00,20.00,37.00,0.6628,1,1
279,12,832.00,184.00,24.00,38.00,0.4576,1,1
279,13,954.00,301.00,33.00,27.00,0.3697,1,1
279,32,931.00,383.00,34.00,30.00,0.6293,1,1
279,34,747.00,0.00,75.00,35.00,0.3095,1,1
279,36,887.00,198.00,24.00,40.00,0.2675,1,1
279,38,680.00,218.00,78.00,63.00,0.9173,1,1
280,1,1023.00,196.00,81.00,68.00,0.9367,1,1
280,2,988.00,160.00,19.00,36.00,0.7268,1,1
280,12,833.00,182.00,23.00,41.00,0.4793,1,1
280,13,952.00,300.00,35.00,27.00,0.4488,1,1
280,32,933.00,382.00,33.00,29.00,0.6116,1,1
280,34,750.00,0.00,74.00,35.00,0.4203,1,1
280,36,880.00,197.00,25.00,40.00,0.8888,1,1
280,38,681.00,218.00,75.00,64.00,0.9161,1,1
281,1,1023.00,194.00,81.00,69.00,0.9362,1,1
281,2,989.00,160.00,19.00,36.00,0.4183,1,1
281,12,833.00,183.00,24.00,41.00,0.7242,1,1
281,13,955.00,299.00,33.00,27.00,0.6464,1,1
281,32,932.00,381.00,36.00,29.00,0.3872,1,1
281,34,752.00,0.00,75.00,35.00,0.4203,1,1
281,36,875.00,197.00,25.00,40.00,0.6738,1,1
281,38,680.00,218.00,76.00,63.00,0.9096,1,1
282,1,1023.00,193.00,81.00,69.00,0.9352,1,1
282,2,989.00,160.00,19.00,37.00,0.4587,1,1
282,12,833.00,186.00,24.00,40.00,0.6690,1,1
282,13,957.00,296.00,33.00,26.00,0.6102,1,1
282,32,932.00,379.00,38.00,32.00,0.8119,1,1
282,36,870.00,195.00,23.00,41.00,0.7854,1,1
282,38,680.00,218.00,77.00,64.00,0.9126,1,1
283,1,1024.00,192.00,81.00,69.00,0.9348,1,1
283,2,992.00,159.00,19.00,37.00,0.4587,1,1
283,12,830.00,187.00,25.00,40.00,0.8127,1,1
283,13,973.00,298.00,33.00,26.00,0.6102,1,1
283,32,928.00,376.00,43.00,35.00,0.7838,1,1
283,36,864.00,199.00,24.00,39.00,0.8653,1,1
283,38,680.00,219.00,78.00,62.00,0.9102,1,1
284,1,1024.00,192.00,81.00,69.00,0.9348,1,1
284,12,830.00,187.00,25.00,40.00,0.8131,1,1
284,32,927.00,376.00,44.00,35.00,0.7751,1,1
284,36,864.00,199.00,24.00,39.00,0.8653,1,1
284,38,680.00,219.00,78.00,62.00,0.9108,1,1
285,1,1025.00,191.00,80.00,67.00,0.9388,1,1
285,12,828.00,189.00,26.00,39.00,0.8493,1,1
285,32,927.00,372.00,44.00,36.00,0.8763,1,1
285,36,860.00,201.00,24.00,36.00,0.8343,1,1
285,38,681.00,219.00,77.00,62.00,0.9053,1,1
286,1,1026.00,189.00,81.00,69.00,0.9379,1,1
286,12,827.00,194.00,26.00,38.00,0.7239,1,1
286,32,929.00,366.00,44.00,39.00,0.8658,1,1
286,36,855.00,198.00,24.00,37.00,0.8962,1,1
286,38,681.00,219.00,77.00,62.00,0.9020,1,1
287,1,1029.00,187.00,79.00,71.00,0.9411,1,1
287,12,824.00,193.00,25.00,41.00,0.8213,1,1
287,32,929.00,359.00,43.00,40.00,0.9035,1,1
287,36,850.00,195.00,24.00,39.00,0.5688,1,1
287,38,682.00,219.00,75.00,62.00,0.9055,1,1
288,1,1031.00,185.00,79.00,71.00,0.9377,1,1
288,12,845.00,196.00,25.00,38.00,0.8596,1,1
288,13,968.00,270.00,27.00,24.00,0.3060,1,1
288,32,933.00,352.00,44.00,32.00,0.8443,1,1
288,36,821.00,201.00,25.00,37.00,0.8723,1,1
288,38,682.00,218.00,77.00,62.00,0.9074,1,1
289,1,1035.00,184.00,77.00,69.00,0.9380,1,1
289,12,844.00,193.00,23.00,42.00,0.8734,1,1
289,13,980.00,266.00,28.00,24.00,0.6607,1,1
289,20,904.00,53.00,49.00,55.00,0.2865,1,1
289,32,937.00,335.00,39.00,32.00,0.8649,1,1
289,36,817.00,203.00,23.00,36.00,0.8827,1,1
289,38,682.00,218.00,78.00,61.00,0.9006,1,1
290,1,1035.00,184.00,77.00,69.00,0.9380,1,1
290,12,844.00,193.00,23.00,42.00,0.8733,1,1
290,13,980.00,266.00,28.00,24.00,0.6647,1,1
290,20,904.00,52.00,49.00,56.00,0.2938,1,1
290,32,937.00,335.00,39.00,32.00,0.8642,1,1
290,36,817.00,203.00,23.00,36.00,0.8828,1,1
290,38,682.00,218.00,78.00,61.00,0.9002,1,1
291,1,1038.00,183.00,77.00,69.00,0.9345,1,1
291,12,840.00,192.00,23.00,42.00,0.7824,1,1
291,13,989.00,264.00,27.00,24.00,0.6647,1,1
291,20,903.00,52.00,49.00,56.00,0.2938,1,1
291,32,940.00,326.00,44.00,27.00,0.8479,1,1
291,36,815.00,206.00,23.00,35.00,0.8415,1,1
291,38,682.00,218.00,79.00,61.00,0.9161,1,1
292,1,1041.00,182.00,75.00,67.00,0.9406,1,1
292,2,991.00,165.00,18.00,35.00,0.8003,1,1
292,12,836.00,191.00,24.00,44.00,0.5612,1,1
292,13,998.00,256.00,27.00,24.00,0.6117,1,1
292,20,909.00,54.00,57.00,55.00,0.6552,1,1
292,32,955.00,315.00,34.00,27.00,0.8549,1,1
292,36,814.00,203.00,22.00,39.00,0.8213,1,1
292,38,683.00,217.00,78.00,61.00,0.9337,1,1
293,1,1045.00,182.00,74.00,64.00,0.9388,1,1
293,2,993.00,166.00,19.00,34.00,0.7655,1,1
293,12,834.00,190.00,25.00,44.00,0.3735,1,1
293,13,1007.00,254.00,26.00,23.00,0.6117,1,1
293,20,912.00,54.00,58.00,55.00,0.7159,1,1
293,32,959.00,300.00,33.00,30.00,0.7940,1,1
293,34,748.00,0.00,77.00,34.00,0.3572,1,1
293,36,812.00,203.00,21.00,39.00,0.8173,1,1
293,38,682.00,216.00,80.00,62.00,0.9367,1,1
294,1,1048.00,180.00,74.00,65.00,0.9346,1,1
294,2,994.00,166.00,19.00,34.00,0.7655,1,1
294,12,837.00,191.00,25.00,43.00,0.6146,1,1
294,20,917.00,55.00,55.00,55.00,0.6849,1,1
294,32,971.00,293.00,34.00,30.00,0.8547,1,1
294,34,749.00,0.00,76.00,34.00,0.3572,1,1
294,36,809.00,201.00,23.00,41.00,0.8449,1,1
294,38,683.00,216.00,79.00,62.00,0.9375,1,1
295,1,1051.00,179.00,73.00,66.00,0.9359,1,1
295,2,1001.00,168.00,21.00,36.00,0.8905,1,1
295,12,840.00,192.00,25.00,40.00,0.9189,1,1
295,13,984.00,293.00,28.00,26.00,0.6953,1,1
295,20,920.00,55.00,56.00,57.00,0.8519,1,1
295,32,974.00,286.00,35.00,30.00,0.8547,1,1
295,34,741.00,0.00,74.00,32.00,0.3403,1,1
295,36,807.00,202.00,24.00,40.00,0.8794,1,1
295,38,684.00,214.00,78.00,63.00,0.9283,1,1
296,1,1051.00,179.00,73.00,66.00,0.9362,1,1
296,2,1001.00,168.00,21.00,36.00,0.8889,1,1
296,12,840.00,192.00,25.00,40.00,0.9187,1,1
296,13,984.00,292.00,29.00,27.00,0.6884,1,1
296,20,920.00,55.00,56.00,57.00,0.8526,1,1
296,34,741.00,0.00,73.00,31.00,0.3388,1,1
296,36,807.00,202.00,24.00,40.00,0.8795,1,1
296,38,684.00,214.00,78.00,63.00,0.9284,1,1
297,1,1055.00,178.00,75.00,67.00,0.9354,1,1
297,2,1004.00,171.00,21.00,34.00,0.8911,1,1
297,12,846.00,191.00,25.00,40.00,0.8983,1,1
297,13,994.00,288.00,26.00,27.00,0.6460,1,1
297,20,928.00,58.00,51.00,54.00,0.8516,1,1
297,34,741.00,0.00,72.00,31.00,0.3388,1,1
297,36,805.00,201.00,25.00,40.00,0.8968,1,1
297,38,684.00,212.00,75.00,65.00,0.9149,1,1
298,1,1057.00,177.00,77.00,66.00,0.9325,1,1
298,2,1009.00,174.00,20.00,32.00,0.8880,1,1
298,12,857.00,191.00,24.00,38.00,0.2800,1,1
298,13,998.00,290.00,27.00,27.00,0.6460,1,1
298,18,751.00,22.00,44.00,30.00,0.3545,1,1
298,20,934.00,59.00,51.00,55.00,0.8345,1,1
298,36,804.00,200.00,26.00,39.00,0.9037,1,1
298,38,684.00,211.00,76.00,65.00,0.9010,1,1
299,1,1061.00,176.00,75.00,67.00,0.9341,1,1
299,2,1013.00,177.00,20.00,32.00,0.7598,1,1
299,12,859.00,191.00,25.00,37.00,0.2800,1,1
299,13,1001.00,290.00,29.00,27.00,0.4513,1,1
299,18,751.00,22.00,44.00,30.00,0.3545,1,1
299,20,939.00,60.00,52.00,55.00,0.8749,1,1
299,36,803.00,200.00,25.00,37.00,0.8301,1,1
299,38,684.00,209.00,73.00,69.00,0.9023,1,1
300,1,1064.00,175.00,74.00,66.00,0.9355,1,1
300,2,1017.00,180.00,19.00,33.00,0.3941,1,1
300,13,1002.00,301.00,30.00,24.00,0.8528,1,1
300,20,943.00,62.00,53.00,57.00,0.9007,1,1
300,36,801.00,196.00,26.00,38.00,0.8936,1,1
300,38,685.00,206.00,70.00,72.00,0.9180,1,1
301,1,1067.00,174.00,72.00,66.00,0.9395,1,1
301,2,1019.00,182.00,20.00,32.00,0.3941,1,1
301,12,799.00,195.00,24.00,38.00,0.8741,1,1
301,13,1005.00,305.00,28.00,20.00,0.8059,1,1
301,20,950.00,64.00,51.00,57.00,0.8502,1,1
301,36,799.00,196.00,26.00,38.00,0.8936,1,1
301,38,684.00,203.00,70.00,75.00,0.9166,1,1
302,1,1067.00,174.00,72.00,66.00,0.9395,1,1
302,12,799.00,195.00,24.00,38.00,0.8752,1,1
302,13,1006.00,305.00,27.00,20.00,0.8029,1,1
302,20,950.00,64.00,51.00,57.00,0.8505,1,1
302,38,684.00,203.00,70.00,75.00,0.9166,1,1
303,1,1070.00,173.00,71.00,66.00,0.9396,1,1
303,12,794.00,193.00,26.00,35.00,0.8508,1,1
303,13,1009.00,308.00,27.00,19.00,0.8029,1,1
303,20,958.00,70.00,49.00,55.00,0.8123,1,1
303,38,683.00,202.00,72.00,77.00,0.9340,1,1
304,1,1073.00,172.00,70.00,66.00,0.9389,1,1
304,12,789.00,189.00,27.00,37.00,0.8795,1,1
304,18,708.00,13.00,54.00,31.00,0.4301,1,1
304,20,962.00,74.00,51.00,55.00,0.7947,1,1
304,36,928.00,199.00,25.00,32.00,0.8984,1,1
304,38,682.00,201.00,73.00,77.00,0.9404,1,1
305,1,1074.00,171.00,72.00,67.00,0.9340,1,1
305,2,1025.00,194.00,19.00,35.00,0.4916,1,1
305,12,784.00,188.00,27.00,36.00,0.8157,1,1
305,18,701.00,9.00,56.00,32.00,0.3063,1,1
305,20,968.00,79.00,50.00,53.00,0.7823,1,1
305,34,696.00,0.00,66.00,29.00,0.2879,1,1
305,36,942.00,208.00,23.00,33.00,0.8803,1,1
305,38,680.00,200.00,74.00,76.00,0.9376,1,1
306,1,1077.00,169.00,71.00,67.00,0.9359,1,1
306,2,1026.00,194.00,18.00,36.00,0.3842,1,1
306,12,778.00,182.00,28.00,40.00,0.7177,1,1
306,18,696.00,8.00,58.00,33.00,0.3063,1,1
306,20,972.00,81.00,52.00,55.00,0.7134,1,1
306,34,692.00,0.00,64.00,29.00,0.2723,1,1
306,36,952.00,215.00,23.00,33.00,0.4607,1,1
306,38,678.00,200.00,75.00,75.00,0.9327,1,1
307,1,1078.00,169.00,72.00,67.00,0.9353,1,1
307,2,1027.00,195.00,17.00,36.00,0.4127,1,1
307,12,766.00,172.00,31.00,45.00,0.7753,1,1
307,20,980.00,84.00,50.00,54.00,0.4158,1,1
307,34,685.00,0.00,64.00,30.00,0.2872,1,1
307,36,961.00,218.00,24.00,37.00,0.4694,1,1
307,38,676.00,200.00,75.00,71.00,0.9323,1,1
308,1,1078.00,169.00,72.00,67.00,0.9352,1,1
308,2,1027.00,195.00,17.00,36.00,0.4018,1,1
308,12,766.00,172.00,31.00,45.00,0.7767,1,1
308,20,980.00,85.00,49.00,53.00,0.4127,1,1
308,34,685.00,0.00,65.00,30.00,0.2843,1,1
308,36,961.00,217.00,24.00,38.00,0.4671,1,1
308,38,676.00,200.00,75.00,71.00,0.9324,1,1
309,1,1079.00,169.00,71.00,66.00,0.9337,1,1
309,2,1028.00,196.00,18.00,37.00,0.4018,1,1
309,12,763.00,172.00,28.00,44.00,0.6850,1,1
309,18,682.00,1.00,60.00,30.00,0.5356,1,1
309,20,983.00,87.00,51.00,53.00,0.5088,1,1
309,34,681.00,0.00,62.00,30.00,0.2649,1,1
309,36,967.00,219.00,23.00,42.00,0.4862,1,1
309,38,675.00,200.00,73.00,70.00,0.9270,1,1
310,1,1080.00,168.00,70.00,67.00,0.9294,1,1
310,12,759.00,170.00,27.00,45.00,0.6850,1,1
310,18,678.00,0.00,61.00,29.00,0.5356,1,1
310,20,987.00,88.00,51.00,53.00,0.5088,1,1
310,32,682.00,7.00,54.00,32.00,0.7500,1,1
310,34,680.00,2.00,56.00,31.00,0.5640,1,1
310,36,976.00,221.00,24.00,42.00,0.4862,1,1
310,38,671.00,200.00,75.00,68.00,0.9254,1,1
311,1,1080.00,168.00,71.00,67.00,0.9290,1,1
311,32,666.00,0.00,54.00,22.00,0.7500,1,1
311,34,676.00,5.00,56.00,32.00,0.6853,1,1
311,38,668.00,201.00,76.00,65.00,0.9309,1,1
312,1,1080.00,168.00,71.00,67.00,0.9278,1,1
312,34,674.00,5.00,54.00,31.00,0.6534,1,1
312,38,664.00,200.00,76.00,67.00,0.9363,1,1
313,1,1080.00,168.00,71.00,67.00,0.9284,1,1
313,34,671.00,6.00,53.00,29.00,0.6354,1,1
313,38,660.00,200.00,77.00,68.00,0.9265,1,1
314,1,1080.00,168.00,71.00,67.00,0.9285,1,1
314,34,672.00,6.00,52.00,29.00,0.6351,1,1
314,38,660.00,200.00,77.00,68.00,0.9263,1,1
315,1,1080.00,168.00,70.00,67.00,0.9291,1,1
315,34,669.00,3.00,52.00,30.00,0.7952,1,1
315,38,658.00,201.00,77.00,66.00,0.9137,1,1
316,1,1079.00,168.00,71.00,67.00,0.9291,1,1
316,34,667.00,3.00,51.00,28.00,0.6503,1,1
316,38,653.00,201.00,79.00,69.00,0.9245,1,1
317,1,1078.00,168.00,71.00,67.00,0.9306,1,1
317,34,664.00,2.00,52.00,28.00,0.6493,1,1
317,38,650.00,201.00,77.00,68.00,0.9233,1,1
318,1,1077.00,168.00,71.00,67.00,0.9307,1,1
318,20,1015.00,93.00,49.00,56.00,0.2728,1,1
318,34,665.00,4.00,50.00,26.00,0.5958,1,1
318,38,647.00,201.00,76.00,61.00,0.9206,1,1
319,1,1077.00,168.00,70.00,66.00,0.9322,1,1
319,20,1015.00,96.00,49.00,55.00,0.3233,1,1
319,34,666.00,4.00,49.00,26.00,0.3970,1,1
319,38,646.00,201.00,75.00,62.00,0.9140,1,1
320,1,1077.00,168.00,70.00,66.00,0.9325,1,1
320,20,1015.00,97.00,49.00,54.00,0.3290,1,1
320,34,666.00,4.00,48.00,25.00,0.4055,1,1
320,38,646.00,201.00,75.00,62.00,0.9141,1,1
321,1,1076.00,168.00,71.00,65.00,0.9325,1,1
321,20,1018.00,98.00,48.00,54.00,0.3290,1,1
321,34,668.00,3.00,46.00,26.00,0.5949,1,1
321,38,642.00,201.00,76.00,66.00,0.9056,1,1
322,1,1075.00,168.00,71.00,65.00,0.9321,1,1
322,2,781.00,368.00,28.00,41.00,0.3236,1,1
322,20,1013.00,102.00,51.00,54.00,0.5608,1,1
322,34,670.00,1.00,46.00,25.00,0.4941,1,1
322,38,636.00,201.00,78.00,63.00,0.9226,1,1
323,1,1069.00,168.00,75.00,65.00,0.9289,1,1
323,2,782.00,369.00,27.00,39.00,0.4605,1,1
323,20,1012.00,102.00,51.00,55.00,0.3689,1,1
323,34,672.00,3.00,45.00,23.00,0.5660,1,1
323,38,635.00,201.00,76.00,61.00,0.9226,1,1
324,1,1070.00,168.00,73.00,65.00,0.9316,1,1
324,2,782.00,368.00,27.00,39.00,0.3240,1,1
324,20,1011.00,102.00,51.00,57.00,0.5557,1,1
324,34,676.00,2.00,42.00,23.00,0.4298,1,1
324,38,632.00,200.00,76.00,62.00,0.9249,1,1
325,1,1072.00,169.00,71.00,64.00,0.9309,1,1
325,2,782.00,367.00,28.00,39.00,0.2887,1,1
325,20,1008.00,102.00,51.00,60.00,0.7608,1,1
325,34,676.00,2.00,41.00,22.00,0.4298,1,1
325,38,627.00,200.00,79.00,63.00,0.9131,1,1
326,1,1072.00,169.00,71.00,64.00,0.9309,1,1
326,2,782.00,367.00,28.00,39.00,0.2626,1,1
326,20,1008.00,102.00,51.00,60.00,0.7649,1,1
326,38,627.00,200.00,79.00,63.00,0.9132,1,1
327,1,1071.00,169.00,69.00,64.00,0.9346,1,1
327,2,775.00,375.00,28.00,39.00,0.2626,1,1
327,12,1005.00,201.00,26.00,31.00,0.2975,1,1
327,20,1006.00,105.00,52.00,61.00,0.8418,1,1
327,38,625.00,200.00,78.00,65.00,0.9067,1,1
328,1,1070.00,169.00,70.00,65.00,0.9355,1,1
328,12,1018.00,203.00,26.00,30.00,0.2975,1,1
328,20,1004.00,107.00,52.00,60.00,0.8856,1,1
328,38,622.00,200.00,79.00,65.00,0.8953,1,1
329,1,1068.00,170.00,70.00,64.00,0.9319,1,1
329,12,1004.00,201.00,26.00,28.00,0.2545,1,1
329,20,1001.00,108.00,52.00,61.00,0.2662,1,1
329,38,621.00,202.00,78.00,61.00,0.8774,1,1
330,1,1067.00,170.00,70.00,64.00,0.9294,1,1
330,12,1015.00,202.00,25.00,27.00,0.2545,1,1
330,20,1001.00,110.00,52.00,61.00,0.2662,1,1
330,38,620.00,202.00,78.00,60.00,0.8801,1,1
331,1,1064.00,169.00,73.00,65.00,0.9319,1,1
331,38,619.00,202.00,78.00,61.00,0.8929,1,1
332,1,1064.00,169.00,73.00,65.00,0.9320,1,1
332,38,619.00,202.00,78.00,61.00,0.8938,1,1
333,1,1062.00,169.00,75.00,65.00,0.9288,1,1
333,38,619.00,202.00,78.00,60.00,0.8890,1,1
334,1,1060.00,169.00,75.00,65.00,0.9271,1,1
334,36,976.00,208.00,25.00,32.00,0.3531,1,1
334,38,618.00,203.00,78.00,57.00,0.8953,1,1
335,1,1059.00,169.00,76.00,65.00,0.9276,1,1
335,36,971.00,211.00,27.00,36.00,0.2747,1,1
335,38,618.00,203.00,79.00,57.00,0.8992,1,1
336,1,1059.00,169.00,77.00,65.00,0.9207,1,1
336,20,995.00,109.00,51.00,59.00,0.3567,1,1
336,36,970.00,211.00,28.00,37.00,0.2747,1,1
336,38,619.00,203.00,78.00,59.00,0.9012,1,1
337,1,1057.00,169.00,78.00,65.00,0.9167,1,1
337,20,994.00,109.00,52.00,59.00,0.3567,1,1
337,38,619.00,204.00,78.00,58.00,0.8973,1,1
338,1,1057.00,169.00,78.00,65.00,0.9168,1,1
338,38,619.00,204.00,78.00,58.00,0.8974,1,1
339,1,1055.00,169.00,79.00,64.00,0.9158,1,1
339,12,982.00,214.00,24.00,31.00,0.3170,1,1
339,38,620.00,204.00,77.00,58.00,0.8943,1,1
340,1,1054.00,169.00,80.00,64.00,0.9099,1,1
340,2,988.00,286.00,23.00,20.00,0.7509,1,1
340,12,982.00,213.00,22.00,32.00,0.7679,1,1
340,20,992.00,104.00,50.00,59.00,0.2577,1,1
340,38,618.00,204.00,80.00,59.00,0.8763,1,1
341,1,1054.00,170.00,79.00,63.00,0.9083,1,1
341,2,986.00,285.00,25.00,22.00,0.8923,1,1
341,12,984.00,214.00,21.00,32.00,0.7679,1,1
341,20,989.00,104.00,52.00,57.00,0.3683,1,1
341,36,976.00,210.00,22.00,34.00,0.8503,1,1
341,38,618.00,204.00,80.00,59.00,0.8742,1,1
342,1,1051.00,170.00,81.00,62.00,0.9118,1,1
342,2,982.00,283.00,27.00,24.00,0.8890,1,1
342,20,986.00,100.00,53.00,58.00,0.5576,1,1
342,36,970.00,207.00,24.00,36.00,0.8260,1,1
342,38,618.00,204.00,80.00,58.00,0.8834,1,1
343,1,1050.00,169.00,81.00,62.00,0.9147,1,1
343,2,979.00,280.00,29.00,27.00,0.8840,1,1
343,12,966.00,205.00,22.00,35.00,0.9061,1,1
343,20,985.00,99.00,53.00,58.00,0.5576,1,1
343,36,970.00,207.00,24.00,35.00,0.8260,1,1
343,38,618.00,204.00,80.00,58.00,0.8892,1,1
344,1,1050.00,169.00,80.00,62.00,0.9151,1,1
344,2,979.00,280.00,29.00,27.00,0.8841,1,1
344,12,966.00,205.00,22.00,35.00,0.9062,1,1
344,38,618.00,204.00,80.00,58.00,0.8893,1,1
345,1,1049.00,169.00,79.00,62.00,0.9191,1,1
345,2,977.00,278.00,30.00,28.00,0.7540,1,1
345,12,960.00,205.00,20.00,35.00,0.8779,1,1
345,20,985.00,99.00,51.00,56.00,0.2578,1,1
345,38,618.00,204.00,80.00,60.00,0.8879,1,1
346,1,1046.00,168.00,78.00,63.00,0.9204,1,1
346,2,974.00,276.00,31.00,28.00,0.2721,1,1
346,12,954.00,202.00,19.00,35.00,0.7469,1,1
346,20,985.00,99.00,48.00,54.00,0.5195,1,1
346,38,619.00,204.00,79.00,60.00,0.8836,1,1
347,1,1045.00,167.00,75.00,64.00,0.9266,1,1
347,2,974.00,273.00,30.00,27.00,0.2889,1,1
347,12,952.00,202.00,19.00,34.00,0.7469,1,1
347,20,984.00,90.00,48.00,59.00,0.7668,1,1
347,38,619.00,204.00,79.00,60.00,0.8740,1,1
348,1,1044.00,167.00,74.00,62.00,0.9334,1,1
348,2,971.00,272.00,30.00,26.00,0.3200,1,1
348,20,981.00,89.00,50.00,56.00,0.5472,1,1
348,38,620.00,204.00,78.00,59.00,0.8784,1,1
349,1,1042.00,167.00,74.00,62.00,0.9333,1,1
349,2,968.00,269.00,31.00,26.00,0.7394,1,1
349,12,995.00,199.00,19.00,32.00,0.5973,1,1
349,20,978.00,85.00,49.00,58.00,0.6813,1,1
349,38,620.00,204.00,78.00,60.00,0.8690,1,1
350,1,1042.00,167.00,74.00,62.00,0.9327,1,1
350,2,968.00,269.00,31.00,26.00,0.7335,1,1
350,12,995.00,199.00,19.00,32.00,0.6024,1,1
350,20,978.00,84.00,49.00,59.00,0.6690,1,1
350,38,620.00,204.00,78.00,60.00,0.8700,1,1
351,1,1040.00,166.00,73.00,62.00,0.9299,1,1
351,2,965.00,268.00,32.00,26.00,0.7611,1,1
351,12,934.00,217.00,25.00,32.00,0.6266,1,1
351,20,973.00,82.00,52.00,56.00,0.7763,1,1
351,38,619.00,204.00,79.00,59.00,0.8744,1,1
352,1,1038.00,165.00,71.00,62.00,0.9245,1,1
352,2,965.00,266.00,31.00,27.00,0.3899,1,1
352,12,989.00,215.00,18.00,29.00,0.4055,1,1
352,20,970.00,79.00,52.00,55.00,0.4079,1,1
352,38,618.00,204.00,81.00,59.00,0.8791,1,1
353,1,1037.00,165.00,71.00,61.00,0.9261,1,1
353,2,967.00,264.00,32.00,27.00,0.3899,1,1
353,12,988.00,219.00,17.00,27.00,0.8038,1,1
353,20,967.00,75.00,52.00,56.00,0.6860,1,1
353,38,619.00,205.00,79.00,60.00,0.8607,1,1
354,1,1035.00,165.00,71.00,61.00,0.9263,1,1
354,12,991.00,221.00,17.00,26.00,0.8038,1,1
354,20,964.00,71.00,50.00,57.00,0.6836,1,1
354,38,619.00,205.00,79.00,59.00,0.8723,1,1
355,1,1034.00,165.00,69.00,59.00,0.9301,1,1
355,20,958.00,67.00,52.00,57.00,0.8347,1,1
355,38,619.00,205.00,79.00,60.00,0.8713,1,1
356,1,1034.00,165.00,69.00,59.00,0.9300,1,1
356,20,958.00,67.00,52.00,57.00,0.8355,1,1
356,38,619.00,205.00,79.00,60.00,0.8716,1,1
357,1,1034.00,165.00,68.00,58.00,0.9325,1,1
357,20,954.00,66.00,52.00,54.00,0.6782,1,1
357,38,620.00,206.00,78.00,60.00,0.8600,1,1
358,1,1031.00,164.00,70.00,59.00,0.9337,1,1
358,2,955.00,254.00,33.00,29.00,0.3247,1,1
358,20,948.00,60.00,54.00,58.00,0.5613,1,1
358,38,621.00,206.00,76.00,60.00,0.8632,1,1
359,1,1031.00,163.00,68.00,60.00,0.9338,1,1
359,2,955.00,253.00,33.00,29.00,0.3247,1,1
359,20,943.00,58.00,56.00,59.00,0.5047,1,1
359,36,708.00,0.00,56.00,26.00,0.2689,1,1
359,38,619.00,205.00,77.00,59.00,0.8722,1,1
360,1,1028.00,163.00,69.00,60.00,0.9320,1,1
360,20,940.00,55.00,57.00,59.00,0.5047,1,1
360,36,709.00,1.00,54.00,25.00,0.3070,1,1
360,38,619.00,206.00,77.00,59.00,0.8750,1,1
361,1,1027.00,163.00,67.00,59.00,0.9336,1,1
361,20,938.00,54.00,56.00,58.00,0.5038,1,1
361,36,709.00,1.00,54.00,25.00,0.3218,1,1
361,38,618.00,206.00,78.00,60.00,0.8574,1,1
362,1,1027.00,163.00,67.00,59.00,0.9336,1,1
362,20,939.00,53.00,55.00,59.00,0.4996,1,1
362,36,709.00,1.00,54.00,25.00,0.3215,1,1
362,38,618.00,206.00,78.00,60.00,0.8575,1,1
363,1,1026.00,162.00,67.00,59.00,0.9348,1,1
363,20,935.00,52.00,55.00,59.00,0.6396,1,1
363,36,701.00,1.00,56.00,25.00,0.3215,1,1
363,38,617.00,206.00,79.00,60.00,0.7674,1,1
364,1,1025.00,162.00,66.00,58.00,0.9378,1,1
364,20,933.00,50.00,54.00,59.00,0.5155,1,1
364,38,618.00,206.00,78.00,60.00,0.7781,1,1
365,1,1023.00,162.00,66.00,58.00,0.9333,1,1
365,2,985.00,197.00,18.00,29.00,0.6634,1,1
365,20,930.00,48.00,54.00,59.00,0.5155,1,1
365,38,617.00,206.00,79.00,60.00,0.6983,1,1
366,1,1022.00,162.00,64.00,58.00,0.9318,1,1
366,2,983.00,196.00,20.00,29.00,0.7872,1,1
366,38,616.00,206.00,80.00,60.00,0.7690,1,1
367,1,1021.00,162.00,63.00,57.00,0.9279,1,1
367,2,981.00,195.00,21.00,29.00,0.7300,1,1
367,38,615.00,206.00,81.00,60.00,0.8210,1,1
368,1,1021.00,162.00,63.00,57.00,0.9278,1,1
368,2,981.00,195.00,21.00,29.00,0.7313,1,1
368,38,615.00,206.00,81.00,60.00,0.8222,1,1
369,1,1020.00,162.00,62.00,57.00,0.9266,1,1
369,2,981.00,192.00,20.00,31.00,0.6943,1,1
369,38,616.00,207.00,80.00,59.00,0.7305,1,1
370,1,1018.00,162.00,62.00,56.00,0.9222,1,1
370,2,982.00,188.00,20.00,32.00,0.6943,1,1
370,12,978.00,182.00,23.00,39.00,0.7228,1,1
370,38,615.00,206.00,81.00,60.00,0.7878,1,1
371,1,1018.00,162.00,62.00,57.00,0.9219,1,1
371,2,979.00,183.00,20.00,33.00,0.6181,1,1
371,12,978.00,180.00,23.00,39.00,0.7228,1,1
371,38,615.00,207.00,80.00,60.00,0.6586,1,1
372,1,1017.00,161.00,63.00,57.00,0.9237,1,1
372,2,977.00,178.00,22.00,36.00,0.8644,1,1
372,38,615.00,207.00,80.00,59.00,0.7999,1,1
373,1,1017.00,161.00,64.00,56.00,0.9225,1,1
373,2,977.00,174.00,21.00,37.00,0.8716,1,1
373,38,615.00,206.00,80.00,58.00,0.8756,1,1
373,41,781.00,364.00,28.00,37.00,0.3085,1,1
374,1,1017.00,161.00,64.00,56.00,0.9225,1,1
374,2,977.00,174.00,21.00,37.00,0.8716,1,1
374,38,615.00,206.00,80.00,58.00,0.8758,1,1
374,41,781.00,364.00,28.00,37.00,0.3125,1,1
375,1,1018.00,161.00,65.00,56.00,0.9234,1,1
375,2,977.00,174.00,21.00,36.00,0.8478,1,1
375,12,734.00,168.00,24.00,39.00,0.3321,1,1
375,38,615.00,207.00,79.00,59.00,0.8493,1,1
375,41,781.00,364.00,28.00,37.00,0.3364,1,1
376,1,1020.00,160.00,64.00,56.00,0.9222,1,1
376,2,976.00,169.00,22.00,39.00,0.8777,1,1
376,12,709.00,165.00,24.00,40.00,0.3321,1,1
376,38,614.00,207.00,80.00,58.00,0.8511,1,1
376,41,781.00,363.00,28.00,38.00,0.3318,1,1
377,1,1020.00,160.00,65.00,56.00,0.9204,1,1
377,2,976.00,169.00,21.00,38.00,0.8857,1,1
377,12,724.00,173.00,25.00,40.00,0.4724,1,1
377,20,669.00,2.00,47.00,23.00,0.4971,1,1
377,38,614.00,207.00,80.00,58.00,0.8629,1,1
377,41,781.00,363.00,28.00,38.00,0.3318,1,1
377,42,912.00,258.00,43.00,31.00,0.8323,1,1
378,1,1020.00,160.00,66.00,56.00,0.9240,1,1
378,2,976.00,170.00,20.00,35.00,0.5623,1,1
378,12,721.00,169.00,24.00,43.00,0.6393,1,1
378,20,660.00,1.00,48.00,23.00,0.3265,1,1
378,38,613.00,207.00,81.00,58.00,0.8495,1,1
378,42,907.00,274.00,39.00,26.00,0.9098,1,1
379,1,1020.00,160.00,67.00,56.00,0.9265,1,1
379,2,974.00,168.00,20.00,34.00,0.4022,1,1
379,12,720.00,166.00,24.00,43.00,0.7229,1,1
379,20,646.00,0.00,45.00,20.00,0.3265,1,1
379,38,615.00,207.00,77.00,58.00,0.8473,1,1
379,42,906.00,287.00,36.00,22.00,0.7482,1,1
380,1,1020.00,160.00,67.00,56.00,0.9265,1,1
380,2,974.00,168.00,20.00,34.00,0.4072,1,1
380,12,720.00,166.00,24.00,43.00,0.7271,1,1
380,38,615.00,207.00,77.00,58.00,0.8488,1,1
380,42,906.00,287.00,36.00,22.00,0.7501,1,1
381,1,1020.00,160.00,67.00,57.00,0.9298,1,1
381,2,973.00,166.00,21.00,35.00,0.4094,1,1
381,12,708.00,165.00,25.00,43.00,0.7271,1,1
381,38,614.00,207.00,76.00,57.00,0.8281,1,1
381,41,781.00,364.00,28.00,37.00,0.2908,1,1
381,42,903.00,295.00,34.00,21.00,0.7501,1,1
382,1,1020.00,160.00,68.00,58.00,0.9307,1,1
382,2,973.00,160.00,21.00,39.00,0.5687,1,1
382,38,614.00,207.00,75.00,57.00,0.8535,1,1
382,41,781.00,364.00,28.00,37.00,0.3255,1,1
382,42,911.00,291.00,36.00,21.00,0.5683,1,1
383,1,1019.00,160.00,69.00,58.00,0.9304,1,1
383,2,973.00,159.00,21.00,39.00,0.6089,1,1
383,38,613.00,207.00,75.00,57.00,0.8376,1,1
383,41,781.00,364.00,28.00,37.00,0.3484,1,1
383,42,914.00,291.00,35.00,21.00,0.3579,1,1
384,1,1020.00,160.00,69.00,59.00,0.9314,1,1
384,2,973.00,158.00,21.00,39.00,0.6692,1,1
384,38,613.00,207.00,76.00,57.00,0.8075,1,1
384,41,781.00,364.00,28.00,37.00,0.3228,1,1
384,42,915.00,291.00,35.00,21.00,0.7005,1,1
385,1,1020.00,160.00,71.00,59.00,0.9358,1,1
385,2,974.00,157.00,20.00,38.00,0.5891,1,1
385,36,605.00,1.00,52.00,27.00,0.4159,1,1
385,38,614.00,207.00,75.00,58.00,0.8455,1,1
385,41,781.00,364.00,28.00,37.00,0.3228,1,1
385,42,916.00,290.00,33.00,23.00,0.7840,1,1
386,1,1020.00,160.00,71.00,59.00,0.9357,1,1
386,2,974.00,157.00,20.00,38.00,0.5820,1,1
386,36,605.00,1.00,52.00,27.00,0.4213,1,1
386,38,614.00,207.00,75.00,58.00,0.8438,1,1
386,42,916.00,290.00,33.00,23.00,0.7836,1,1
387,1,1021.00,160.00,70.00,58.00,0.9368,1,1
387,2,974.00,156.00,20.00,37.00,0.2991,1,1
387,36,601.00,1.00,52.00,27.00,0.4213,1,1
387,38,612.00,206.00,78.00,59.00,0.6736,1,1
387,41,780.00,363.00,29.00,37.00,0.4224,1,1
387,42,920.00,291.00,35.00,21.00,0.6239,1,1
388,1,1023.00,159.00,69.00,60.00,0.9339,1,1
388,2,973.00,154.00,21.00,38.00,0.2991,1,1
388,38,613.00,207.00,78.00,58.00,0.7438,1,1
388,41,781.00,362.00,28.00,39.00,0.3688,1,1
388,42,930.00,290.00,28.00,22.00,0.4965,1,1
389,1,1023.00,159.00,70.00,60.00,0.9319,1,1
389,38,613.00,207.00,76.00,58.00,0.5658,1,1
389,41,781.00,363.00,28.00,38.00,0.2983,1,1
389,42,933.00,291.00,32.00,21.00,0.4198,1,1
390,1,1023.00,160.00,71.00,60.00,0.9320,1,1
390,2,971.00,144.00,18.00,35.00,0.2616,1,1
390,38,613.00,207.00,77.00,58.00,0.7538,1,1
390,41,781.00,363.00,28.00,38.00,0.2983,1,1
390,42,935.00,293.00,31.00,21.00,0.4198,1,1
391,1,1023.00,160.00,71.00,60.00,0.9334,1,1
391,2,970.00,141.00,19.00,36.00,0.2616,1,1
391,38,613.00,207.00,78.00,58.00,0.7624,1,1
392,1,1023.00,160.00,71.00,60.00,0.9334,1,1
392,38,613.00,207.00,78.00,58.00,0.7594,1,1
393,1,1023.00,160.00,71.00,61.00,0.9304,1,1
393,36,563.00,1.00,59.00,31.00,0.3241,1,1
393,38,613.00,207.00,79.00,58.00,0.7784,1,1
393,42,943.00,292.00,30.00,21.00,0.4368,1,1
394,1,1023.00,161.00,71.00,60.00,0.9307,1,1
394,2,967.00,140.00,21.00,34.00,0.5219,1,1
394,36,558.00,1.00,59.00,31.00,0.3241,1,1
394,38,613.00,207.00,79.00,58.00,0.8261,1,1
394,42,943.00,293.00,30.00,20.00,0.5747,1,1
395,1,1023.00,161.00,71.00,60.00,0.9294,1,1
395,2,967.00,139.00,19.00,33.00,0.7408,1,1
395,12,668.00,139.00,20.00,34.00,0.6317,1,1
395,36,558.00,0.00,59.00,32.00,0.3317,1,1
395,38,614.00,207.00,79.00,57.00,0.8364,1,1
395,42,941.00,292.00,31.00,21.00,0.8388,1,1
396,1,1023.00,161.00,71.00,61.00,0.9309,1,1
396,2,966.00,137.00,20.00,33.00,0.7408,1,1
396,12,666.00,142.00,20.00,35.00,0.8667,1,1
396,36,555.00,0.00,60.00,31.00,0.3291,1,1
396,38,615.00,207.00,79.00,57.00,0.8860,1,1
396,42,937.00,291.00,32.00,21.00,0.7964,1,1
397,1,1023.00,161.00,72.00,61.00,0.9295,1,1
397,12,666.00,146.00,19.00,34.00,0.8369,1,1
397,36,550.00,0.00,61.00,31.00,0.3291,1,1
397,38,615.00,207.00,79.00,58.00,0.8973,1,1
397,41,780.00,364.00,28.00,37.00,0.2510,1,1
397,42,933.00,291.00,32.00,21.00,0.8247,1,1
398,1,1023.00,161.00,72.00,61.00,0.9297,1,1
398,12,666.00,146.00,19.00,34.00,0.8385,1,1
398,38,615.00,207.00,79.00,58.00,0.8977,1,1
398,41,780.00,364.00,28.00,37.00,0.2500,1,1
398,42,933.00,291.00,32.00,21.00,0.8247,1,1
399,1,1024.00,162.00,71.00,60.00,0.9337,1,1
399,12,666.00,150.00,19.00,35.00,0.8777,1,1
399,38,617.00,207.00,78.00,59.00,0.9019,1,1
399,41,780.00,364.00,28.00,37.00,0.2500,1,1
399,42,931.00,290.00,30.00,22.00,0.7784,1,1
400,1,1024.00,162.00,71.00,59.00,0.9298,1,1
400,12,666.00,152.00,20.00,37.00,0.8862,1,1
400,38,618.00,207.00,78.00,62.00,0.8957,1,1
400,42,929.00,288.00,29.00,22.00,0.6176,1,1
401,1,1025.00,161.00,69.00,60.00,0.9280,1,1
401,12,668.00,154.00,20.00,37.00,0.8802,1,1
401,38,620.00,207.00,76.00,62.00,0.9071,1,1
401,41,780.00,364.00,29.00,37.00,0.3213,1,1
401,42,922.00,287.00,32.00,22.00,0.7274,1,1
402,1,1026.00,161.00,68.00,60.00,0.9316,1,1
402,12,669.00,158.00,21.00,37.00,0.8756,1,1
402,38,621.00,207.00,76.00,62.00,0.9103,1,1
402,41,781.00,367.00,29.00,35.00,0.2582,1,1
402,42,918.00,287.00,32.00,22.00,0.8716,1,1
403,1,1026.00,160.00,67.00,61.00,0.9330,1,1
403,2,963.00,127.00,19.00,29.00,0.6265,1,1
403,12,669.00,162.00,22.00,35.00,0.8281,1,1
403,38,624.00,207.00,74.00,65.00,0.9065,1,1
403,41,780.00,367.00,29.00,36.00,0.2736,1,1
403,42,917.00,285.00,29.00,21.00,0.9131,1,1
404,1,1026.00,160.00,67.00,61.00,0.9329,1,1
404,2,963.00,127.00,19.00,29.00,0.6352,1,1
404,12,669.00,162.00,22.00,35.00,0.8283,1,1
404,38,624.00,207.00,74.00,65.00,0.9061,1,1
404,41,780.00,367.00,29.00,36.00,0.2759,1,1
404,42,917.00,285.00,29.00,21.00,0.9130,1,1
405,1,1027.00,160.00,66.00,61.00,0.9328,1,1
405,2,966.00,126.00,18.00,29.00,0.6936,1,1
405,12,668.00,163.00,21.00,35.00,0.8359,1,1
405,38,626.00,207.00,72.00,63.00,0.9050,1,1
405,41,779.00,368.00,30.00,35.00,0.4509,1,1
405,42,911.00,285.00,31.00,21.00,0.8960,1,1
406,1,1026.00,160.00,67.00,61.00,0.9344,1,1
406,2,910.00,114.00,19.00,28.00,0.7993,1,1
406,12,666.00,163.00,21.00,36.00,0.8540,1,1
406,38,625.00,206.00,74.00,63.00,0.9046,1,1
406,41,779.00,369.00,30.00,34.00,0.4509,1,1
406,42,910.00,284.00,29.00,21.00,0.9055,1,1
407,1,1025.00,160.00,67.00,60.00,0.9360,1,1
407,2,909.00,112.00,18.00,28.00,0.6010,1,1
407,12,663.00,164.00,21.00,35.00,0.8002,1,1
407,38,625.00,205.00,76.00,68.00,0.9086,1,1
407,42,907.00,283.00,29.00,22.00,0.9059,1,1
408,1,1024.00,160.00,68.00,60.00,0.9352,1,1
408,2,909.00,112.00,18.00,27.00,0.6439,1,1
408,12,655.00,160.00,20.00,39.00,0.8497,1,1
408,38,625.00,206.00,78.00,68.00,0.9160,1,1
408,42,905.00,282.00,30.00,22.00,0.9007,1,1
409,1,1024.00,160.00,68.00,61.00,0.9390,1,1
409,2,907.00,112.00,19.00,28.00,0.7804,1,1
409,12,650.00,154.00,20.00,40.00,0.8670,1,1
409,36,550.00,1.00,52.00,23.00,0.2790,1,1
409,38,628.00,205.00,77.00,67.00,0.9316,1,1
409,42,903.00,281.00,31.00,24.00,0.8966,1,1
410,1,1024.00,160.00,68.00,61.00,0.9390,1,1
410,2,907.00,112.00,19.00,28.00,0.7841,1,1
410,12,650.00,154.00,20.00,40.00,0.8667,1,1
410,36,550.00,1.00,52.00,23.00,0.2720,1,1
410,38,628.00,205.00,77.00,67.00,0.9316,1,1
410,42,903.00,281.00,31.00,24.00,0.8965,1,1
410,46,942.00,7.00,51.00,48.00,0.2752,1,1
411,1,1025.00,160.00,67.00,60.00,0.9365,1,1
411,2,906.00,110.00,20.00,29.00,0.8131,1,1
411,12,640.00,152.00,24.00,38.00,0.7053,1,1
411,36,553.00,1.00,47.00,22.00,0.3439,1,1
411,38,631.00,205.00,77.00,66.00,0.9403,1,1
411,42,900.00,280.00,34.00,24.00,0.8940,1,1
411,46,946.00,8.00,50.00,48.00,0.4642,1,1
412,1,1026.00,159.00,65.00,61.00,0.9302,1,1
412,2,903.00,110.00,23.00,28.00,0.8233,1,1
412,12,637.00,152.00,24.00,38.00,0.7053,1,1
412,36,554.00,0.00,47.00,20.00,0.3716,1,1
412,38,635.00,203.00,76.00,65.00,0.9342,1,1
412,42,900.00,280.00,33.00,24.00,0.8892,1,1
412,46,947.00,8.00,50.00,49.00,0.4642,1,1
413,1,1026.00,158.00,64.00,62.00,0.9232,1,1
413,2,899.00,109.00,27.00,28.00,0.8220,1,1
413,36,554.00,0.00,46.00,20.00,0.3716,1,1
413,38,640.00,203.00,73.00,67.00,0.9326,1,1
413,42,900.00,280.00,33.00,24.00,0.8864,1,1
413,49,1029.00,126.00,20.00,30.00,0.3738,1,1
414,1,1026.00,158.00,63.00,62.00,0.8979,1,1
414,2,900.00,110.00,31.00,25.00,0.2644,1,1
414,12,621.00,137.00,22.00,41.00,0.2564,1,1
414,38,642.00,203.00,74.00,67.00,0.9392,1,1
414,41,1037.00,127.00,22.00,30.00,0.7965,1,1
414,42,899.00,280.00,34.00,25.00,0.8755,1,1
414,49,1032.00,125.00,20.00,28.00,0.3738,1,1
415,1,1027.00,159.00,62.00,61.00,0.8789,1,1
415,2,897.00,108.00,32.00,25.00,0.2644,1,1
415,12,617.00,135.00,22.00,42.00,0.2564,1,1
415,38,646.00,204.00,75.00,68.00,0.9369,1,1
415,41,1057.00,108.00,22.00,30.00,0.7965,1,1
415,42,899.00,280.00,34.00,25.00,0.8499,1,1
415,49,1040.00,126.00,27.00,33.00,0.8725,1,1
416,1,1027.00,159.00,62.00,61.00,0.8773,1,1
416,38,646.00,204.00,75.00,68.00,0.9368,1,1
416,42,899.00,280.00,34.00,25.00,0.8506,1,1
416,49,1040.00,126.00,27.00,33.00,0.8723,1,1
417,1,1027.00,160.00,62.00,60.00,0.8859,1,1
417,38,648.00,204.00,75.00,69.00,0.9356,1,1
417,42,899.00,280.00,33.00,25.00,0.8409,1,1
417,49,1046.00,122.00,24.00,33.00,0.6899,1,1
418,1,1026.00,160.00,63.00,60.00,0.8928,1,1
418,12,611.00,134.00,19.00,35.00,0.6560,1,1
418,38,651.00,204.00,72.00,72.00,0.9346,1,1
418,42,899.00,280.00,33.00,25.00,0.8542,1,1
418,46,979.00,16.00,50.00,45.00,0.3303,1,1
418,49,1052.00,119.00,24.00,34.00,0.8265,1,1
419,1,1025.00,160.00,64.00,59.00,0.9205,1,1
419,12,609.00,136.00,19.00,33.00,0.6804,1,1
419,38,654.00,206.00,69.00,71.00,0.9106,1,1
419,42,899.00,280.00,33.00,25.00,0.8576,1,1
419,46,985.00,17.00,48.00,46.00,0.3292,1,1
419,49,1057.00,117.00,24.00,32.00,0.7794,1,1
420,1,1025.00,160.00,64.00,60.00,0.9219,1,1
420,2,1060.00,113.00,20.00,32.00,0.8663,1,1
420,12,604.00,134.00,20.00,34.00,0.6824,1,1
420,38,656.00,207.00,67.00,70.00,0.8820,1,1
420,42,899.00,280.00,33.00,25.00,0.8592,1,1
420,46,988.00,17.00,50.00,48.00,0.7070,1,1
420,49,976.00,129.00,24.00,35.00,0.8309,1,1
421,1,1023.00,160.00,66.00,60.00,0.9218,1,1
421,2,1062.00,112.00,20.00,32.00,0.8765,1,1
421,12,602.00,134.00,19.00,35.00,0.7952,1,1
421,38,654.00,208.00,68.00,74.00,0.8389,1,1
421,42,899.00,280.00,33.00,25.00,0.8544,1,1
421,46,992.00,17.00,50.00,49.00,0.7070,1,1
421,49,994.00,136.00,25.00,32.00,0.3684,1,1
422,1,1023.00,160.00,66.00,60.00,0.9218,1,1
422,2,1062.00,112.00,20.00,32.00,0.8764,1,1
422,12,602.00,134.00,19.00,35.00,0.7957,1,1
422,38,654.00,208.00,68.00,74.00,0.8388,1,1
422,42,899.00,280.00,33.00,25.00,0.8542,1,1
422,49,995.00,137.00,23.00,31.00,0.3712,1,1
422,51,773.00,297.00,19.00,32.00,0.3364,1,1
423,1,1023.00,160.00,66.00,61.00,0.9190,1,1
423,2,1064.00,113.00,19.00,32.00,0.5815,1,1
423,12,596.00,132.00,21.00,37.00,0.3109,1,1
423,38,654.00,209.00,67.00,77.00,0.8302,1,1
423,42,900.00,280.00,32.00,25.00,0.8626,1,1
423,49,992.00,138.00,23.00,31.00,0.3712,1,1
423,51,773.00,296.00,19.00,33.00,0.3364,1,1
424,1,1024.00,159.00,65.00,62.00,0.8799,1,1
424,2,1023.00,134.00,25.00,32.00,0.5424,1,1
424,12,593.00,131.00,20.00,37.00,0.3109,1,1
424,38,652.00,209.00,68.00,74.00,0.7869,1,1
424,42,900.00,280.00,32.00,25.00,0.8586,1,1
425,1,1023.00,160.00,66.00,61.00,0.9129,1,1
425,2,1027.00,136.00,27.00,32.00,0.5424,1,1
425,38,650.00,210.00,68.00,73.00,0.8708,1,1
425,41,629.00,47.00,59.00,35.00,0.2579,1,1
425,42,900.00,280.00,32.00,25.00,0.8668,1,1
426,1,1023.00,161.00,66.00,60.00,0.8981,1,1
426,2,1039.00,140.00,29.00,25.00,0.2951,1,1
426,38,650.00,211.00,66.00,74.00,0.7879,1,1
426,41,628.00,46.00,60.00,36.00,0.4197,1,1
426,42,900.00,280.00,32.00,25.00,0.8705,1,1
426,52,650.00,210.00,66.00,77.00,0.7526,1,1
427,1,1022.00,161.00,67.00,61.00,0.8823,1,1
427,2,1042.00,140.00,25.00,24.00,0.6734,1,1
427,38,650.00,211.00,66.00,75.00,0.7879,1,1
427,41,628.00,47.00,60.00,36.00,0.5211,1,1
427,42,900.00,280.00,32.00,25.00,0.8748,1,1
427,52,649.00,211.00,66.00,74.00,0.8495,1,1
428,1,1022.00,161.00,67.00,61.00,0.8824,1,1
428,2,1042.00,140.00,24.00,24.00,0.6720,1,1
428,38,649.00,211.00,66.00,75.00,0.2515,1,1
428,41,617.00,41.00,62.00,37.00,0.5211,1,1
428,42,900.00,280.00,32.00,25.00,0.8752,1,1
428,46,628.00,47.00,60.00,36.00,0.5217,1,1
428,52,649.00,211.00,66.00,74.00,0.8499,1,1
429,1,1021.00,161.00,67.00,61.00,0.8784,1,1
429,2,1042.00,140.00,24.00,25.00,0.6833,1,1
429,38,649.00,211.00,66.00,76.00,0.2515,1,1
429,42,899.00,280.00,33.00,25.00,0.8762,1,1
429,46,628.00,47.00,59.00,37.00,0.4600,1,1
429,52,648.00,211.00,67.00,74.00,0.8836,1,1
430,1,1021.00,161.00,67.00,61.00,0.8859,1,1
430,2,1041.00,140.00,25.00,25.00,0.7057,1,1
430,42,899.00,280.00,33.00,25.00,0.8800,1,1
430,46,628.00,48.00,59.00,37.00,0.4112,1,1
430,52,647.00,212.00,68.00,73.00,0.9011,1,1
431,1,1021.00,161.00,67.00,61.00,0.8911,1,1
431,2,1041.00,140.00,24.00,25.00,0.5910,1,1
431,42,899.00,280.00,33.00,25.00,0.8813,1,1
431,46,627.00,48.00,60.00,37.00,0.4455,1,1
431,52,647.00,212.00,68.00,74.00,0.8937,1,1
432,1,1020.00,160.00,67.00,62.00,0.8809,1,1
432,2,1039.00,141.00,24.00,24.00,0.4158,1,1
432,38,647.00,212.00,68.00,75.00,0.6368,1,1
432,42,899.00,280.00,33.00,25.00,0.8822,1,1
432,46,627.00,48.00,60.00,37.00,0.3508,1,1
432,52,647.00,212.00,68.00,75.00,0.8767,1,1
433,1,1020.00,161.00,67.00,61.00,0.8833,1,1
433,2,1036.00,141.00,22.00,24.00,0.6368,1,1
433,12,627.00,48.00,60.00,39.00,0.2595,1,1
433,38,647.00,212.00,68.00,76.00,0.6368,1,1
433,42,899.00,280.00,33.00,25.00,0.8819,1,1
433,46,626.00,48.00,61.00,37.00,0.2773,1,1
433,52,647.00,212.00,68.00,77.00,0.9033,1,1
434,1,1020.00,161.00,67.00,60.00,0.8851,1,1
434,2,1036.00,141.00,22.00,24.00,0.6393,1,1
434,12,628.00,41.00,63.00,39.00,0.2595,1,1
434,42,899.00,280.00,33.00,25.00,0.8832,1,1
434,46,626.00,48.00,61.00,37.00,0.2775,1,1
434,52,647.00,212.00,68.00,77.00,0.9033,1,1
435,1,1020.00,161.00,67.00,60.00,0.8885,1,1
435,2,1031.00,141.00,23.00,24.00,0.6569,1,1
435,38,648.00,212.00,68.00,76.00,0.8791,1,1
435,42,899.00,280.00,33.00,25.00,0.8809,1,1
435,46,626.00,48.00,62.00,37.00,0.3295,1,1
435,52,648.00,211.00,68.00,78.00,0.4739,1,1
436,1,1020.00,160.00,67.00,61.00,0.8896,1,1
436,2,1027.00,140.00,18.00,24.00,0.7178,1,1
436,38,648.00,211.00,69.00,77.00,0.8735,1,1
436,42,900.00,280.00,33.00,24.00,0.8873,1,1
436,46,626.00,48.00,62.00,37.00,0.3460,1,1
436,52,649.00,211.00,68.00,78.00,0.4338,1,1
437,1,1020.00,160.00,67.00,61.00,0.8868,1,1
437,2,1026.00,139.00,18.00,25.00,0.7298,1,1
437,38,649.00,211.00,67.00,74.00,0.7979,1,1
437,42,900.00,279.00,34.00,25.00,0.8958,1,1
437,46,626.00,48.00,62.00,37.00,0.3844,1,1
437,52,649.00,210.00,67.00,76.00,0.6976,1,1
438,1,1021.00,160.00,67.00,61.00,0.8820,1,1
438,2,1024.00,142.00,20.00,24.00,0.5697,1,1
438,38,649.00,209.00,69.00,76.00,0.6625,1,1
438,42,900.00,278.00,34.00,26.00,0.8977,1,1
438,46,625.00,48.00,63.00,38.00,0.4496,1,1
438,49,1019.00,141.00,21.00,25.00,0.5336,1,1
438,52,649.00,209.00,68.00,77.00,0.7656,1,1
439,1,1021.00,159.00,67.00,63.00,0.8954,1,1
439,2,1019.00,143.00,18.00,24.00,0.6419,1,1
439,38,650.00,209.00,68.00,76.00,0.7297,1,1
439,42,900.00,278.00,34.00,26.00,0.8980,1,1
439,46,625.00,48.00,63.00,38.00,0.4822,1,1
439,49,1021.00,142.00,21.00,24.00,0.5336,1,1
439,51,1053.00,123.00,19.00,32.00,0.4848,1,1
439,52,650.00,209.00,68.00,77.00,0.8150,1,1
440,1,1021.00,159.00,67.00,63.00,0.8948,1,1
440,2,1019.00,143.00,18.00,24.00,0.6416,1,1
440,38,650.00,209.00,68.00,76.00,0.7263,1,1
440,42,900.00,278.00,34.00,26.00,0.8980,1,1
440,46,625.00,48.00,63.00,38.00,0.4777,1,1
440,51,1053.00,123.00,19.00,32.00,0.4838,1,1
440,52,650.00,209.00,68.00,77.00,0.8151,1,1
441,1,1020.00,160.00,68.00,62.00,0.9102,1,1
441,2,1018.00,143.00,18.00,24.00,0.6416,1,1
441,38,652.00,208.00,67.00,73.00,0.6996,1,1
441,42,900.00,278.00,34.00,25.00,0.8971,1,1
441,46,625.00,49.00,62.00,37.00,0.5237,1,1
441,49,1051.00,125.00,18.00,31.00,0.2996,1,1
441,51,1068.00,117.00,19.00,32.00,0.4838,1,1
441,52,652.00,208.00,67.00,73.00,0.5868,1,1
442,1,1020.00,160.00,69.00,62.00,0.9158,1,1
442,38,653.00,207.00,67.00,75.00,0.7504,1,1
442,42,899.00,278.00,35.00,24.00,0.8956,1,1
442,46,625.00,49.00,62.00,37.00,0.6057,1,1
442,49,1048.00,128.00,21.00,31.00,0.2951,1,1
442,52,654.00,207.00,65.00,75.00,0.2622,1,1
443,1,1022.00,160.00,70.00,62.00,0.9113,1,1
443,2,1008.00,147.00,21.00,31.00,0.2568,1,1
443,38,654.00,206.00,67.00,72.00,0.6409,1,1
443,42,898.00,275.00,34.00,26.00,0.8898,1,1
443,46,625.00,49.00,62.00,37.00,0.6614,1,1
443,49,1051.00,127.00,21.00,31.00,0.2951,1,1
443,52,653.00,206.00,68.00,72.00,0.6398,1,1
444,1,1023.00,160.00,68.00,62.00,0.9060,1,1
444,2,1002.00,150.00,23.00,35.00,0.7970,1,1
444,38,655.00,206.00,66.00,70.00,0.5975,1,1
444,42,898.00,271.00,33.00,27.00,0.8970,1,1
444,46,625.00,49.00,62.00,38.00,0.5787,1,1
444,52,655.00,206.00,67.00,69.00,0.6242,1,1
445,1,1023.00,161.00,68.00,61.00,0.9173,1,1
445,2,997.00,148.00,24.00,36.00,0.7890,1,1
445,38,656.00,205.00,66.00,70.00,0.5951,1,1
445,42,899.00,266.00,32.00,26.00,0.9037,1,1
445,46,625.00,49.00,62.00,38.00,0.5225,1,1
445,52,657.00,204.00,66.00,71.00,0.5158,1,1
446,1,1023.00,161.00,67.00,61.00,0.9180,1,1
446,2,997.00,148.00,24.00,36.00,0.7863,1,1
446,38,656.00,205.00,66.00,70.00,0.5787,1,1
446,42,899.00,266.00,32.00,26.00,0.9037,1,1
446,46,625.00,49.00,62.00,38.00,0.5177,1,1
446,52,657.00,204.00,66.00,71.00,0.5127,1,1
447,1,1023.00,161.00,67.00,61.00,0.9238,1,1
447,2,991.00,148.00,21.00,39.00,0.3018,1,1
447,38,656.00,203.00,67.00,70.00,0.6113,1,1
447,42,900.00,261.00,35.00,24.00,0.9230,1,1
447,46,625.00,50.00,62.00,37.00,0.5782,1,1
447,52,657.00,203.00,67.00,70.00,0.5601,1,1
448,1,1023.00,162.00,67.00,60.00,0.9237,1,1
448,2,983.00,145.00,22.00,39.00,0.8449,1,1
448,38,658.00,203.00,66.00,69.00,0.6734,1,1
448,42,902.00,256.00,34.00,24.00,0.9247,1,1
448,46,625.00,50.00,62.00,37.00,0.5193,1,1
448,52,658.00,203.00,67.00,69.00,0.4264,1,1
449,1,1023.00,161.00,67.00,60.00,0.9288,1,1
449,2,976.00,144.00,22.00,42.00,0.7514,1,1
449,38,659.00,202.00,66.00,69.00,0.6734,1,1
449,42,905.00,252.00,35.00,22.00,0.9178,1,1
449,46,625.00,50.00,62.00,37.00,0.4361,1,1
449,52,660.00,202.00,66.00,70.00,0.6352,1,1
450,1,1023.00,162.00,66.00,59.00,0.9286,1,1
450,2,970.00,145.00,21.00,42.00,0.5747,1,1
450,38,660.00,202.00,66.00,68.00,0.7871,1,1
450,42,908.00,246.00,35.00,25.00,0.9249,1,1
450,46,625.00,50.00,62.00,38.00,0.3672,1,1
450,52,660.00,202.00,66.00,69.00,0.6352,1,1
451,1,1023.00,162.00,66.00,59.00,0.9283,1,1
451,2,970.00,145.00,21.00,42.00,0.5774,1,1
451,38,660.00,202.00,66.00,68.00,0.7898,1,1
451,42,908.00,246.00,35.00,25.00,0.9252,1,1
451,46,625.00,50.00,62.00,38.00,0.3548,1,1
