3,1,1050.00,153.00,72.00,63.00,0.9142,1,1
3,2,650.00,210.00,67.00,77.00,0.7714,1,1
3,3,533.00,456.00,73.00,73.00,0.6607,1,1
3,4,533.00,457.00,73.00,72.00,0.6557,1,1
3,5,649.00,211.00,65.00,76.00,0.3080,1,1
3,6,676.00,274.00,31.00,19.00,0.2554,1,1
4,1,1050.00,153.00,73.00,63.00,0.9186,1,1
4,2,651.00,210.00,66.00,77.00,0.7679,1,1
4,3,532.00,457.00,74.00,72.00,0.6609,1,1
4,4,533.00,456.00,72.00,73.00,0.5736,1,1
4,5,649.00,210.00,65.00,77.00,0.2935,1,1
4,6,677.00,274.00,30.00,19.00,0.2554,1,1
4,7,634.00,47.00,51.00,30.00,0.4874,1,1
5,1,1050.00,153.00,73.00,64.00,0.9222,1,1
5,2,650.00,210.00,67.00,76.00,0.7477,1,1
5,3,532.00,457.00,74.00,72.00,0.6484,1,1
5,4,533.00,456.00,73.00,73.00,0.6110,1,1
5,5,649.00,210.00,66.00,76.00,0.3968,1,1
5,7,634.00,47.00,51.00,30.00,0.4976,1,1
6,1,1050.00,153.00,73.00,65.00,0.9216,1,1
6,2,650.00,210.00,68.00,75.00,0.7422,1,1
6,3,531.00,458.00,75.00,71.00,0.5991,1,1
6,4,532.00,456.00,73.00,73.00,0.5661,1,1
6,5,650.00,211.00,66.00,74.00,0.5326,1,1
6,7,634.00,47.00,51.00,30.00,0.4383,1,1
7,1,1050.00,152.00,74.00,66.00,0.9240,1,1
7,2,650.00,210.00,68.00,73.00,0.7245,1,1
7,3,531.00,459.00,74.00,71.00,0.7378,1,1
7,4,531.00,458.00,74.00,71.00,0.4023,1,1
7,5,649.00,210.00,67.00,74.00,0.5366,1,1
7,7,635.00,47.00,51.00,30.00,0.4550,1,1
8,1,1050.00,153.00,74.00,65.00,0.9243,1,1
8,2,650.00,210.00,68.00,73.00,0.7255,1,1
8,3,531.00,459.00,74.00,71.00,0.7330,1,1
8,4,531.00,458.00,73.00,71.00,0.4026,1,1
8,5,650.00,211.00,66.00,73.00,0.5322,1,1
8,7,635.00,47.00,51.00,30.00,0.4666,1,1
8,9,973.00,281.00,32.00,30.00,0.3155,1,1
9,1,1050.00,153.00,74.00,65.00,0.9228,1,1
9,2,649.00,210.00,68.00,71.00,0.6495,1,1
9,3,530.00,459.00,75.00,71.00,0.6508,1,1
9,4,530.00,458.00,75.00,71.00,0.3985,1,1
9,5,649.00,210.00,67.00,73.00,0.6411,1,1
9,7,635.00,47.00,51.00,30.00,0.5035,1,1
9,9,974.00,281.00,32.00,30.00,0.3479,1,1
10,1,1050.00,154.00,74.00,65.00,0.9226,1,1
10,2,648.00,210.00,70.00,73.00,0.7816,1,1
10,3,529.00,459.00,76.00,71.00,0.6508,1,1
10,4,529.00,460.00,76.00,73.00,0.7541,1,1
10,5,648.00,211.00,69.00,73.00,0.6432,1,1
10,7,635.00,47.00,52.00,29.00,0.4472,1,1
10,9,974.00,280.00,32.00,30.00,0.3054,1,1
11,1,1050.00,154.00,74.00,64.00,0.9232,1,1
11,2,648.00,210.00,71.00,73.00,0.7285,1,1
11,3,529.00,461.00,76.00,70.00,0.4273,1,1
11,4,529.00,460.00,76.00,72.00,0.5342,1,1
11,5,648.00,211.00,70.00,74.00,0.6396,1,1
11,7,635.00,47.00,51.00,30.00,0.4600,1,1
11,9,973.00,281.00,32.00,30.00,0.3294,1,1
12,1,1050.00,154.00,73.00,64.00,0.9214,1,1
12,2,647.00,210.00,70.00,74.00,0.5252,1,1
12,3,529.00,461.00,75.00,70.00,0.4087,1,1
12,4,529.00,460.00,75.00,72.00,0.5726,1,1
12,5,647.00,211.00,69.00,74.00,0.7607,1,1
12,7,635.00,47.00,52.00,30.00,0.4963,1,1
12,9,973.00,280.00,33.00,31.00,0.3317,1,1
13,1,1050.00,154.00,73.00,64.00,0.9210,1,1
13,2,647.00,210.00,72.00,74.00,0.4721,1,1
13,3,529.00,461.00,75.00,71.00,0.5364,1,1
13,4,529.00,461.00,74.00,71.00,0.5533,1,1
13,5,647.00,210.00,71.00,75.00,0.7650,1,1
13,7,635.00,47.00,52.00,30.00,0.5515,1,1
13,9,973.00,281.00,33.00,30.00,0.3145,1,1
14,1,1050.00,154.00,73.00,64.00,0.9214,1,1
14,2,647.00,210.00,72.00,74.00,0.4818,1,1
14,3,529.00,461.00,75.00,70.00,0.5327,1,1
14,4,529.00,461.00,74.00,71.00,0.5613,1,1
14,5,647.00,210.00,71.00,75.00,0.7607,1,1
14,7,635.00,47.00,52.00,30.00,0.5444,1,1
14,9,973.00,281.00,33.00,30.00,0.3160,1,1
15,1,1050.00,154.00,73.00,64.00,0.9213,1,1
15,2,646.00,210.00,73.00,75.00,0.3762,1,1
15,3,529.00,462.00,75.00,70.00,0.3425,1,1
15,4,529.00,462.00,74.00,71.00,0.7063,1,1
15,5,646.00,210.00,72.00,76.00,0.8022,1,1
15,6,728.00,294.00,20.00,22.00,0.2822,1,1
15,7,635.00,47.00,51.00,31.00,0.6534,1,1
15,9,973.00,281.00,32.00,30.00,0.3175,1,1
16,1,1050.00,154.00,74.00,64.00,0.9209,1,1
16,2,646.00,210.00,74.00,75.00,0.3404,1,1
16,3,528.00,463.00,74.00,70.00,0.2887,1,1
16,4,528.00,462.00,73.00,72.00,0.7375,1,1
16,5,646.00,210.00,72.00,76.00,0.8302,1,1
16,6,732.00,296.00,20.00,22.00,0.2822,1,1
16,7,635.00,47.00,52.00,31.00,0.5706,1,1
16,9,973.00,281.00,33.00,30.00,0.3183,1,1
17,1,1051.00,154.00,74.00,65.00,0.9231,1,1
17,2,646.00,210.00,75.00,75.00,0.4522,1,1
17,3,528.00,464.00,74.00,71.00,0.3418,1,1
17,4,528.00,465.00,74.00,71.00,0.6797,1,1
17,5,646.00,211.00,73.00,75.00,0.7690,1,1
17,7,635.00,47.00,52.00,32.00,0.4614,1,1
17,9,973.00,281.00,33.00,30.00,0.2913,1,1
18,1,1052.00,153.00,76.00,66.00,0.9210,1,1
18,2,646.00,210.00,75.00,75.00,0.4522,1,1
18,3,528.00,464.00,75.00,71.00,0.2832,1,1
18,4,528.00,464.00,74.00,72.00,0.6698,1,1
18,5,646.00,211.00,74.00,75.00,0.7959,1,1
18,6,725.00,290.00,21.00,23.00,0.3243,1,1
18,7,635.00,47.00,52.00,31.00,0.2971,1,1
18,9,973.00,281.00,33.00,30.00,0.2913,1,1
19,1,1053.00,154.00,77.00,65.00,0.9169,1,1
19,2,647.00,210.00,73.00,76.00,0.3086,1,1
19,3,528.00,465.00,75.00,71.00,0.3236,1,1
19,4,528.00,466.00,74.00,71.00,0.6077,1,1
19,5,647.00,211.00,72.00,75.00,0.7812,1,1
19,6,726.00,288.00,20.00,25.00,0.4900,1,1
19,7,635.00,47.00,52.00,31.00,0.3743,1,1
20,1,1053.00,154.00,76.00,65.00,0.9172,1,1
20,2,647.00,210.00,73.00,76.00,0.3147,1,1
20,3,528.00,464.00,75.00,72.00,0.3265,1,1
20,4,528.00,465.00,74.00,72.00,0.6130,1,1
20,5,647.00,211.00,72.00,75.00,0.7814,1,1
20,6,725.00,288.00,21.00,25.00,0.4876,1,1
20,7,635.00,47.00,52.00,31.00,0.3718,1,1
20,9,720.00,286.00,24.00,26.00,0.3068,1,1
20,10,830.00,17.00,32.00,22.00,0.4324,1,1
21,1,1055.00,154.00,76.00,65.00,0.9137,1,1
21,2,647.00,210.00,72.00,76.00,0.3769,1,1
21,3,527.00,466.00,75.00,70.00,0.4371,1,1
21,4,528.00,466.00,73.00,70.00,0.4838,1,1
21,5,647.00,210.00,71.00,76.00,0.7756,1,1
21,6,727.00,287.00,21.00,26.00,0.4641,1,1
21,7,635.00,47.00,52.00,31.00,0.3613,1,1
21,9,722.00,286.00,23.00,25.00,0.4634,1,1
21,10,827.00,18.00,29.00,22.00,0.4018,1,1
22,1,1056.00,155.00,77.00,64.00,0.9081,1,1
22,2,647.00,210.00,73.00,76.00,0.4190,1,1
22,3,528.00,466.00,74.00,71.00,0.4526,1,1
22,4,528.00,467.00,73.00,70.00,0.3920,1,1
22,5,647.00,210.00,72.00,76.00,0.8372,1,1
22,6,723.00,285.00,24.00,27.00,0.3173,1,1
22,7,634.00,47.00,53.00,31.00,0.2636,1,1
22,9,720.00,282.00,26.00,27.00,0.6766,1,1
22,10,824.00,16.00,33.00,24.00,0.3759,1,1
23,1,1059.00,156.00,75.00,64.00,0.9113,1,1
23,2,647.00,210.00,73.00,76.00,0.5012,1,1
23,3,526.00,466.00,76.00,71.00,0.4009,1,1
23,4,527.00,467.00,74.00,71.00,0.3181,1,1
23,5,646.00,210.00,73.00,76.00,0.8013,1,1
23,6,725.00,285.00,23.00,27.00,0.3173,1,1
23,7,634.00,47.00,52.00,31.00,0.3587,1,1
23,9,725.00,280.00,23.00,28.00,0.7599,1,1
23,10,822.00,16.00,34.00,25.00,0.4026,1,1
24,1,1060.00,155.00,77.00,65.00,0.9107,1,1
24,2,647.00,210.00,74.00,75.00,0.4270,1,1
24,3,526.00,467.00,75.00,71.00,0.4009,1,1
24,4,527.00,467.00,75.00,71.00,0.3609,1,1
24,5,646.00,210.00,73.00,76.00,0.7682,1,1
24,7,634.00,47.00,53.00,31.00,0.2581,1,1
24,9,728.00,282.00,23.00,28.00,0.7153,1,1
24,10,821.00,16.00,32.00,25.00,0.3197,1,1
25,1,1062.00,156.00,76.00,64.00,0.9229,1,1
25,2,647.00,210.00,74.00,75.00,0.4270,1,1
25,4,527.00,467.00,75.00,72.00,0.3609,1,1
25,5,646.00,211.00,72.00,75.00,0.7877,1,1
25,6,733.00,287.00,23.00,28.00,0.4507,1,1
25,7,634.00,47.00,53.00,31.00,0.2581,1,1
25,9,730.00,285.00,24.00,26.00,0.4327,1,1
25,10,819.00,16.00,32.00,25.00,0.3197,1,1
25,12,467.00,1.00,33.00,29.00,0.5030,1,1
26,1,1062.00,156.00,76.00,64.00,0.9232,1,1
26,5,646.00,211.00,72.00,75.00,0.7869,1,1
26,6,733.00,287.00,23.00,28.00,0.4510,1,1
26,9,731.00,285.00,23.00,26.00,0.4339,1,1
26,12,467.00,1.00,33.00,30.00,0.5031,1,1
26,13,811.00,1.00,46.00,28.00,0.3828,1,1
27,1,1064.00,156.00,76.00,65.00,0.9283,1,1
27,5,646.00,210.00,73.00,76.00,0.8217,1,1
27,6,735.00,287.00,23.00,28.00,0.4510,1,1
27,9,733.00,288.00,23.00,27.00,0.4484,1,1
27,12,468.00,2.00,33.00,28.00,0.4972,1,1
27,13,810.00,1.00,44.00,28.00,0.3207,1,1
28,1,1066.00,157.00,77.00,65.00,0.9381,1,1
28,5,645.00,210.00,74.00,76.00,0.8096,1,1
28,9,730.00,287.00,23.00,26.00,0.5348,1,1
28,12,468.00,2.00,35.00,31.00,0.5539,1,1
28,13,806.00,3.00,46.00,25.00,0.3495,1,1
29,1,1069.00,159.00,76.00,65.00,0.9304,1,1
29,5,645.00,210.00,74.00,76.00,0.8240,1,1
29,9,730.00,287.00,21.00,28.00,0.6364,1,1
29,12,469.00,3.00,34.00,34.00,0.6592,1,1
29,13,802.00,4.00,46.00,24.00,0.4092,1,1
30,1,1072.00,159.00,77.00,65.00,0.9208,1,1
30,5,646.00,210.00,72.00,76.00,0.8298,1,1
30,6,975.00,281.00,33.00,30.00,0.3265,1,1
30,9,728.00,288.00,20.00,25.00,0.6259,1,1
30,12,470.00,5.00,35.00,35.00,0.6475,1,1
30,13,800.00,3.00,43.00,23.00,0.4221,1,1
30,17,487.00,149.00,25.00,32.00,0.7004,1,1
31,1,1075.00,161.00,78.00,64.00,0.9088,1,1
31,5,645.00,211.00,73.00,75.00,0.8424,1,1
31,6,975.00,281.00,32.00,30.00,0.3381,1,1
31,9,725.00,288.00,21.00,26.00,0.6060,1,1
31,12,472.00,6.00,37.00,33.00,0.3520,1,1
31,13,798.00,4.00,42.00,22.00,0.4221,1,1
31,17,487.00,153.00,28.00,32.00,0.6325,1,1
32,1,1075.00,161.00,78.00,64.00,0.9088,1,1
32,5,645.00,211.00,73.00,75.00,0.8440,1,1
32,6,975.00,281.00,32.00,30.00,0.3380,1,1
32,9,725.00,288.00,21.00,26.00,0.6048,1,1
32,12,472.00,6.00,36.00,32.00,0.3508,1,1
32,17,487.00,153.00,28.00,32.00,0.6344,1,1
33,1,1077.00,161.00,78.00,65.00,0.9148,1,1
33,5,645.00,211.00,74.00,75.00,0.8483,1,1
33,6,975.00,281.00,33.00,30.00,0.3356,1,1
33,9,722.00,286.00,23.00,24.00,0.6915,1,1
33,12,475.00,6.00,35.00,32.00,0.3824,1,1
33,17,487.00,156.00,28.00,32.00,0.6344,1,1
34,1,1079.00,161.00,79.00,65.00,0.9149,1,1
34,5,645.00,211.00,73.00,75.00,0.8585,1,1
34,6,978.00,281.00,31.00,30.00,0.3412,1,1
34,9,720.00,283.00,24.00,26.00,0.7455,1,1
34,12,484.00,11.00,26.00,30.00,0.3175,1,1
35,1,1080.00,162.00,78.00,66.00,0.9266,1,1
35,4,527.00,472.00,66.00,72.00,0.4006,1,1
35,5,645.00,211.00,74.00,75.00,0.8660,1,1
35,6,977.00,281.00,32.00,29.00,0.2951,1,1
35,9,720.00,280.00,23.00,27.00,0.7749,1,1
35,12,487.00,15.00,28.00,29.00,0.5157,1,1
35,17,490.00,169.00,25.00,34.00,0.4396,1,1
36,1,1082.00,164.00,77.00,64.00,0.9323,1,1
36,4,526.00,471.00,67.00,73.00,0.6069,1,1
36,5,646.00,211.00,74.00,75.00,0.8755,1,1
36,6,977.00,281.00,31.00,29.00,0.2949,1,1
36,9,717.00,278.00,24.00,27.00,0.6973,1,1
36,12,490.00,15.00,28.00,31.00,0.4611,1,1
36,17,489.00,174.00,24.00,34.00,0.7007,1,1
37,1,1084.00,164.00,78.00,65.00,0.9290,1,1
37,2,1010.00,249.00,32.00,25.00,0.2721,1,1
37,3,534.00,374.00,33.00,49.00,0.4512,1,1
37,4,526.00,472.00,67.00,72.00,0.5468,1,1
37,5,646.00,211.00,75.00,75.00,0.8783,1,1
37,6,978.00,281.00,32.00,29.00,0.3004,1,1
37,9,717.00,275.00,24.00,27.00,0.6511,1,1
37,12,491.00,17.00,30.00,31.00,0.2565,1,1
37,17,484.00,177.00,27.00,36.00,0.8139,1,1
38,1,1084.00,164.00,78.00,65.00,0.9292,1,1
38,2,1011.00,250.00,30.00,24.00,0.2701,1,1
38,3,534.00,374.00,33.00,49.00,0.4471,1,1
38,4,526.00,472.00,67.00,71.00,0.5516,1,1
38,5,646.00,211.00,75.00,75.00,0.8779,1,1
38,6,978.00,281.00,32.00,29.00,0.3022,1,1
38,9,717.00,275.00,24.00,27.00,0.6481,1,1
38,12,491.00,18.00,30.00,31.00,0.2654,1,1
38,17,484.00,177.00,27.00,36.00,0.8146,1,1
39,1,1085.00,165.00,78.00,64.00,0.9242,1,1
39,2,1033.00,252.00,27.00,21.00,0.2701,1,1
39,3,534.00,369.00,31.00,48.00,0.4471,1,1
39,4,525.00,474.00,68.00,70.00,0.6262,1,1
39,5,647.00,211.00,74.00,75.00,0.8842,1,1
39,6,978.00,281.00,32.00,28.00,0.3149,1,1
39,9,719.00,275.00,23.00,28.00,0.6156,1,1
39,12,489.00,18.00,32.00,32.00,0.3703,1,1
39,17,483.00,183.00,27.00,33.00,0.7550,1,1
40,1,1086.00,164.00,78.00,65.00,0.9269,1,1
40,4,525.00,474.00,68.00,70.00,0.5998,1,1
40,5,647.00,211.00,75.00,75.00,0.8677,1,1
40,6,979.00,281.00,32.00,28.00,0.3337,1,1
40,9,719.00,274.00,23.00,29.00,0.5689,1,1
40,12,490.00,17.00,33.00,34.00,0.6160,1,1
40,17,481.00,185.00,27.00,35.00,0.7619,1,1
41,1,1086.00,164.00,78.00,66.00,0.9246,1,1
41,4,524.00,475.00,69.00,68.00,0.5379,1,1
41,5,648.00,211.00,73.00,75.00,0.8757,1,1
41,6,981.00,281.00,32.00,28.00,0.3071,1,1
41,9,719.00,274.00,24.00,30.00,0.5149,1,1
41,12,491.00,16.00,35.00,35.00,0.5628,1,1
41,17,479.00,188.00,27.00,36.00,0.8567,1,1
42,1,1086.00,164.00,78.00,67.00,0.9225,1,1
42,2,1011.00,251.00,29.00,25.00,0.2537,1,1
42,4,523.00,475.00,69.00,68.00,0.4318,1,1
42,5,647.00,210.00,75.00,75.00,0.8916,1,1
42,6,981.00,281.00,32.00,28.00,0.2932,1,1
42,9,719.00,274.00,24.00,30.00,0.4163,1,1
42,10,475.00,0.00,55.00,24.00,0.2561,1,1
42,12,492.00,20.00,34.00,37.00,0.7949,1,1
42,17,479.00,190.00,27.00,37.00,0.8748,1,1
43,1,1086.00,165.00,78.00,66.00,0.9228,1,1
43,2,1011.00,251.00,28.00,26.00,0.2547,1,1
43,4,523.00,474.00,69.00,69.00,0.6112,1,1
43,5,649.00,210.00,75.00,75.00,0.4763,1,1
43,6,981.00,281.00,32.00,28.00,0.3029,1,1
43,7,477.00,0.00,58.00,28.00,0.5003,1,1
43,9,718.00,271.00,24.00,31.00,0.4353,1,1
43,10,456.00,0.00,56.00,23.00,0.2561,1,1
43,12,492.00,23.00,34.00,39.00,0.8682,1,1
43,17,478.00,192.00,27.00,38.00,0.8942,1,1
44,1,1086.00,165.00,78.00,66.00,0.9227,1,1
44,2,1011.00,250.00,28.00,27.00,0.2547,1,1
44,4,523.00,474.00,69.00,69.00,0.6129,1,1
44,5,649.00,210.00,75.00,75.00,0.4757,1,1
44,6,981.00,281.00,32.00,28.00,0.3034,1,1
44,7,477.00,0.00,58.00,28.00,0.5017,1,1
44,9,718.00,271.00,24.00,31.00,0.4350,1,1
44,12,492.00,23.00,34.00,39.00,0.8679,1,1
44,17,478.00,192.00,27.00,38.00,0.8945,1,1
45,1,1085.00,164.00,77.00,66.00,0.9241,1,1
45,2,1023.00,251.00,28.00,27.00,0.2547,1,1
45,3,571.00,423.00,27.00,38.00,0.2766,1,1
45,4,522.00,474.00,70.00,69.00,0.5772,1,1
45,5,649.00,210.00,77.00,75.00,0.8798,1,1
45,6,983.00,280.00,32.00,29.00,0.2673,1,1
45,7,476.00,0.00,60.00,29.00,0.2795,1,1
45,9,718.00,272.00,24.00,30.00,0.4289,1,1
45,12,494.00,26.00,33.00,38.00,0.8871,1,1
45,17,478.00,198.00,27.00,37.00,0.8936,1,1
45,21,649.00,210.00,76.00,74.00,0.3442,1,1
46,1,1084.00,164.00,77.00,66.00,0.9314,1,1
46,3,571.00,423.00,28.00,37.00,0.3420,1,1
46,4,521.00,474.00,70.00,69.00,0.5772,1,1
46,5,649.00,210.00,78.00,75.00,0.8798,1,1
46,6,988.00,280.00,32.00,29.00,0.2673,1,1
46,7,476.00,0.00,58.00,33.00,0.4439,1,1
46,9,717.00,274.00,25.00,28.00,0.4789,1,1
46,12,492.00,28.00,35.00,39.00,0.8824,1,1
46,17,479.00,206.00,26.00,34.00,0.8218,1,1
46,21,649.00,210.00,76.00,75.00,0.8820,1,1
47,1,1083.00,164.00,76.00,65.00,0.9269,1,1
47,3,572.00,424.00,27.00,37.00,0.4200,1,1
47,4,520.00,473.00,72.00,68.00,0.3285,1,1
47,7,477.00,0.00,58.00,36.00,0.4473,1,1
47,9,720.00,274.00,24.00,28.00,0.5091,1,1
47,12,492.00,28.00,36.00,40.00,0.8864,1,1
47,17,482.00,210.00,25.00,37.00,0.8726,1,1
47,21,649.00,210.00,75.00,75.00,0.8774,1,1
48,1,1080.00,163.00,77.00,64.00,0.9266,1,1
48,3,570.00,420.00,27.00,38.00,0.4733,1,1
48,4,521.00,472.00,71.00,69.00,0.3503,1,1
48,5,649.00,210.00,73.00,75.00,0.8888,1,1
48,7,473.00,0.00,64.00,37.00,0.5597,1,1
48,9,720.00,277.00,25.00,27.00,0.5199,1,1
48,12,492.00,29.00,36.00,40.00,0.8744,1,1
48,17,482.00,214.00,26.00,39.00,0.9216,1,1
48,21,649.00,210.00,75.00,74.00,0.8774,1,1
49,1,1080.00,163.00,77.00,65.00,0.9228,1,1
49,3,570.00,419.00,26.00,38.00,0.5695,1,1
49,4,520.00,472.00,71.00,69.00,0.3503,1,1
49,5,649.00,210.00,72.00,75.00,0.8855,1,1
49,7,473.00,0.00,62.00,41.00,0.4621,1,1
49,9,721.00,282.00,24.00,26.00,0.6292,1,1
49,12,491.00,33.00,38.00,37.00,0.8424,1,1
49,17,483.00,219.00,27.00,40.00,0.8750,1,1
50,1,1080.00,163.00,77.00,65.00,0.9228,1,1
50,3,570.00,419.00,26.00,38.00,0.5685,1,1
50,5,649.00,210.00,72.00,75.00,0.8862,1,1
50,7,473.00,0.00,62.00,42.00,0.4568,1,1
50,9,721.00,282.00,24.00,26.00,0.6304,1,1
50,12,491.00,33.00,38.00,37.00,0.8420,1,1
50,17,483.00,219.00,27.00,40.00,0.8750,1,1
51,1,1077.00,162.00,78.00,65.00,0.9181,1,1
51,3,570.00,420.00,27.00,38.00,0.5493,1,1
51,5,650.00,210.00,70.00,75.00,0.8706,1,1
51,6,975.00,280.00,34.00,31.00,0.3029,1,1
51,7,472.00,0.00,63.00,43.00,0.3557,1,1
51,9,720.00,285.00,24.00,25.00,0.5952,1,1
51,12,490.00,34.00,39.00,37.00,0.8126,1,1
51,13,473.00,0.00,61.00,42.00,0.4921,1,1
51,17,486.00,226.00,26.00,40.00,0.7965,1,1
51,21,650.00,210.00,72.00,74.00,0.3751,1,1
52,1,1076.00,162.00,79.00,64.00,0.9119,1,1
52,3,570.00,421.00,27.00,38.00,0.5606,1,1
52,5,650.00,210.00,71.00,75.00,0.8400,1,1
52,6,974.00,280.00,34.00,31.00,0.3296,1,1
52,7,472.00,0.00,64.00,45.00,0.6222,1,1
52,9,723.00,286.00,23.00,25.00,0.5723,1,1
52,12,494.00,36.00,36.00,36.00,0.8296,1,1
52,13,471.00,0.00,64.00,43.00,0.4374,1,1
52,17,486.00,229.00,27.00,44.00,0.8103,1,1
52,21,650.00,210.00,72.00,74.00,0.4214,1,1
53,1,1075.00,162.00,78.00,64.00,0.9124,1,1
53,3,573.00,426.00,27.00,36.00,0.5425,1,1
53,4,519.00,468.00,71.00,73.00,0.2904,1,1
53,5,650.00,211.00,71.00,74.00,0.8201,1,1
53,6,975.00,280.00,33.00,30.00,0.3122,1,1
53,7,469.00,0.00,66.00,45.00,0.8256,1,1
53,9,725.00,289.00,24.00,25.00,0.5244,1,1
53,12,495.00,37.00,36.00,36.00,0.8309,1,1
53,13,460.00,0.00,64.00,44.00,0.4374,1,1
53,17,487.00,236.00,26.00,42.00,0.8634,1,1
53,21,650.00,210.00,72.00,74.00,0.5369,1,1
54,1,1074.00,162.00,76.00,64.00,0.9096,1,1
54,3,574.00,428.00,26.00,35.00,0.5829,1,1
54,4,519.00,468.00,70.00,73.00,0.2904,1,1
54,5,650.00,211.00,69.00,74.00,0.8386,1,1
54,6,972.00,281.00,34.00,30.00,0.3468,1,1
54,7,468.00,1.00,68.00,46.00,0.8598,1,1
54,9,725.00,289.00,23.00,24.00,0.5404,1,1
54,12,497.00,40.00,34.00,33.00,0.8320,1,1
54,17,490.00,240.00,26.00,43.00,0.7826,1,1
54,21,650.00,210.00,70.00,75.00,0.4999,1,1
54,24,487.00,41.00,36.00,37.00,0.3436,1,1
55,1,1071.00,161.00,76.00,65.00,0.9132,1,1
55,2,834.00,113.00,27.00,27.00,0.5476,1,1
55,3,575.00,428.00,25.00,37.00,0.6701,1,1
55,5,651.00,211.00,68.00,75.00,0.8224,1,1
55,6,971.00,281.00,34.00,30.00,0.3497,1,1
55,7,468.00,4.00,67.00,46.00,0.8892,1,1
55,9,725.00,290.00,21.00,23.00,0.5132,1,1
55,12,493.00,41.00,32.00,36.00,0.3434,1,1
55,17,492.00,247.00,27.00,40.00,0.7574,1,1
55,21,651.00,210.00,68.00,76.00,0.5513,1,1
55,24,485.00,46.00,33.00,34.00,0.4186,1,1
56,1,1071.00,161.00,76.00,65.00,0.9128,1,1
56,2,834.00,113.00,27.00,27.00,0.5401,1,1
56,3,575.00,428.00,25.00,37.00,0.6630,1,1
56,5,651.00,211.00,68.00,75.00,0.8236,1,1
56,6,971.00,281.00,34.00,30.00,0.3531,1,1
56,7,468.00,4.00,67.00,46.00,0.8891,1,1
56,9,725.00,290.00,20.00,23.00,0.5129,1,1
56,12,492.00,41.00,33.00,36.00,0.3439,1,1
56,17,492.00,247.00,27.00,40.00,0.7579,1,1
56,21,651.00,210.00,68.00,76.00,0.5505,1,1
56,24,486.00,47.00,32.00,33.00,0.4189,1,1
57,1,1069.00,160.00,76.00,66.00,0.9212,1,1
57,2,841.00,109.00,25.00,29.00,0.5888,1,1
57,3,579.00,429.00,24.00,38.00,0.7623,1,1
57,5,651.00,211.00,68.00,74.00,0.8289,1,1
57,6,971.00,281.00,33.00,30.00,0.3286,1,1
57,7,467.00,6.00,67.00,47.00,0.8733,1,1
57,9,725.00,291.00,21.00,22.00,0.4556,1,1
57,12,493.00,47.00,29.00,35.00,0.2720,1,1
57,17,496.00,253.00,27.00,40.00,0.8339,1,1
57,21,651.00,210.00,68.00,76.00,0.5011,1,1
57,24,486.00,51.00,30.00,33.00,0.3316,1,1
58,1,1067.00,159.00,76.00,67.00,0.9310,1,1
58,2,842.00,109.00,26.00,29.00,0.6615,1,1
58,3,585.00,430.00,27.00,40.00,0.7692,1,1
58,5,651.00,211.00,68.00,73.00,0.8255,1,1
58,6,971.00,281.00,34.00,30.00,0.3387,1,1
58,7,469.00,10.00,66.00,48.00,0.6965,1,1
58,9,724.00,290.00,22.00,23.00,0.4204,1,1
58,12,497.00,51.00,26.00,35.00,0.2604,1,1
58,17,499.00,258.00,26.00,40.00,0.9177,1,1
58,21,650.00,210.00,70.00,73.00,0.4097,1,1
58,24,486.00,57.00,29.00,31.00,0.4298,1,1
59,1,1064.00,159.00,77.00,66.00,0.9328,1,1
59,2,845.00,107.00,26.00,30.00,0.4236,1,1
59,3,588.00,428.00,31.00,41.00,0.8345,1,1
59,5,651.00,211.00,68.00,71.00,0.7908,1,1
59,6,971.00,281.00,33.00,30.00,0.3553,1,1
59,7,472.00,16.00,64.00,45.00,0.6736,1,1
59,9,723.00,292.00,23.00,21.00,0.2832,1,1
59,12,498.00,57.00,26.00,33.00,0.3051,1,1
59,17,500.00,260.00,25.00,41.00,0.9213,1,1
59,21,652.00,210.00,67.00,73.00,0.6568,1,1
59,24,485.00,62.00,31.00,27.00,0.3119,1,1
60,1,1063.00,160.00,77.00,64.00,0.9281,1,1
60,2,859.00,104.00,21.00,32.00,0.2777,1,1
60,3,593.00,429.00,36.00,46.00,0.8082,1,1
60,5,652.00,210.00,69.00,70.00,0.6237,1,1
60,6,970.00,281.00,33.00,31.00,0.3692,1,1
60,7,470.00,15.00,65.00,49.00,0.6451,1,1
60,9,726.00,291.00,21.00,22.00,0.3503,1,1
60,12,498.00,59.00,26.00,33.00,0.3051,1,1
60,17,501.00,264.00,26.00,42.00,0.9236,1,1
60,21,652.00,210.00,68.00,72.00,0.7469,1,1
60,24,485.00,65.00,30.00,26.00,0.3119,1,1
61,1,1063.00,158.00,74.00,66.00,0.9245,1,1
61,2,858.00,105.00,21.00,32.00,0.4048,1,1
61,3,602.00,436.00,38.00,44.00,0.2846,1,1
61,5,652.00,210.00,68.00,69.00,0.6537,1,1
61,6,970.00,281.00,33.00,31.00,0.3591,1,1
61,7,473.00,16.00,61.00,52.00,0.4115,1,1
61,9,726.00,292.00,21.00,21.00,0.3890,1,1
61,17,502.00,271.00,29.00,41.00,0.8632,1,1
61,21,652.00,211.00,67.00,70.00,0.7164,1,1
62,1,1063.00,158.00,74.00,66.00,0.9246,1,1
62,2,858.00,105.00,21.00,32.00,0.4015,1,1
62,3,602.00,437.00,38.00,43.00,0.2780,1,1
62,5,651.00,210.00,69.00,69.00,0.6440,1,1
62,6,970.00,281.00,33.00,31.00,0.3558,1,1
62,7,472.00,16.00,62.00,53.00,0.4049,1,1
62,9,726.00,292.00,21.00,21.00,0.3940,1,1
62,17,502.00,271.00,29.00,41.00,0.8628,1,1
62,21,652.00,211.00,67.00,70.00,0.7130,1,1
63,1,1062.00,159.00,73.00,65.00,0.9151,1,1
63,2,858.00,108.00,22.00,31.00,0.5604,1,1
63,3,610.00,442.00,39.00,41.00,0.3946,1,1
63,5,653.00,210.00,64.00,71.00,0.6131,1,1
63,6,971.00,281.00,32.00,30.00,0.3294,1,1
63,7,472.00,17.00,62.00,54.00,0.4187,1,1
63,9,722.00,292.00,23.00,22.00,0.4636,1,1
63,17,508.00,275.00,28.00,41.00,0.7891,1,1
63,21,653.00,209.00,65.00,72.00,0.5345,1,1
64,1,1062.00,159.00,73.00,65.00,0.9175,1,1
64,2,857.00,116.00,23.00,30.00,0.4165,1,1
64,3,620.00,446.00,37.00,43.00,0.5938,1,1
64,4,664.00,268.00,41.00,23.00,0.3683,1,1
64,5,652.00,210.00,65.00,70.00,0.6702,1,1
64,6,971.00,282.00,32.00,29.00,0.3399,1,1
64,7,472.00,16.00,63.00,55.00,0.6710,1,1
64,9,724.00,292.00,22.00,22.00,0.4294,1,1
64,12,635.00,47.00,53.00,30.00,0.3424,1,1
64,17,511.00,277.00,28.00,43.00,0.7977,1,1
64,21,652.00,209.00,66.00,71.00,0.6182,1,1
65,1,1062.00,160.00,73.00,64.00,0.9205,1,1
65,2,862.00,123.00,20.00,31.00,0.7135,1,1
65,3,624.00,449.00,38.00,42.00,0.5938,1,1
65,4,665.00,267.00,40.00,23.00,0.3738,1,1
65,5,653.00,210.00,64.00,69.00,0.6812,1,1
65,6,971.00,282.00,31.00,29.00,0.3296,1,1
65,7,473.00,18.00,63.00,53.00,0.7527,1,1
65,9,728.00,293.00,20.00,21.00,0.3512,1,1
65,12,634.00,47.00,54.00,30.00,0.3401,1,1
65,17,514.00,280.00,29.00,44.00,0.6637,1,1
65,21,652.00,209.00,66.00,71.00,0.5491,1,1
65,24,484.00,70.00,27.00,28.00,0.2906,1,1
66,1,1061.00,159.00,73.00,65.00,0.9143,1,1
66,2,865.00,128.00,19.00,26.00,0.6798,1,1
66,4,666.00,267.00,39.00,23.00,0.3818,1,1
66,5,652.00,209.00,67.00,69.00,0.5030,1,1
66,6,971.00,281.00,31.00,30.00,0.3453,1,1
66,7,472.00,18.00,65.00,52.00,0.8504,1,1
66,9,728.00,293.00,21.00,21.00,0.3512,1,1
66,12,634.00,47.00,54.00,29.00,0.3074,1,1
66,17,522.00,287.00,28.00,43.00,0.8510,1,1
66,21,652.00,209.00,66.00,71.00,0.6719,1,1
66,24,484.00,72.00,27.00,27.00,0.2906,1,1
67,1,1059.00,160.00,73.00,64.00,0.9074,1,1
67,2,867.00,128.00,18.00,27.00,0.7341,1,1
67,4,666.00,267.00,40.00,24.00,0.4081,1,1
67,5,652.00,209.00,68.00,69.00,0.5492,1,1
67,6,971.00,281.00,31.00,30.00,0.3376,1,1
67,7,472.00,19.00,65.00,54.00,0.7751,1,1
67,12,634.00,47.00,54.00,30.00,0.2830,1,1
67,13,472.00,19.00,58.00,59.00,0.2706,1,1
67,17,525.00,289.00,27.00,44.00,0.9013,1,1
67,21,653.00,209.00,65.00,71.00,0.6207,1,1
68,1,1059.00,160.00,73.00,64.00,0.9072,1,1
68,2,867.00,128.00,18.00,27.00,0.7342,1,1
68,3,525.00,465.00,50.00,56.00,0.3282,1,1
68,4,666.00,267.00,40.00,24.00,0.4026,1,1
68,5,652.00,209.00,68.00,69.00,0.5582,1,1
68,6,971.00,281.00,31.00,30.00,0.3315,1,1
68,7,472.00,19.00,65.00,55.00,0.7772,1,1
68,12,634.00,47.00,54.00,30.00,0.3022,1,1
68,13,472.00,20.00,58.00,59.00,0.2747,1,1
68,17,525.00,289.00,27.00,45.00,0.9011,1,1
68,21,653.00,209.00,65.00,71.00,0.6108,1,1
69,1,1058.00,160.00,74.00,64.00,0.9080,1,1
69,2,867.00,127.00,18.00,27.00,0.6777,1,1
69,3,518.00,468.00,53.00,57.00,0.3282,1,1
69,4,666.00,267.00,40.00,24.00,0.3705,1,1
69,5,653.00,209.00,67.00,69.00,0.4546,1,1
69,6,970.00,281.00,31.00,31.00,0.2831,1,1
69,7,470.00,20.00,66.00,53.00,0.8188,1,1
69,12,633.00,46.00,55.00,31.00,0.5022,1,1
69,13,471.00,21.00,58.00,60.00,0.2747,1,1
69,17,528.00,294.00,28.00,43.00,0.9070,1,1
69,21,653.00,209.00,66.00,71.00,0.6831,1,1
70,1,1058.00,159.00,74.00,66.00,0.9047,1,1
70,2,864.00,127.00,20.00,27.00,0.7998,1,1
70,4,665.00,266.00,42.00,25.00,0.3656,1,1
70,5,653.00,209.00,67.00,69.00,0.4341,1,1
70,6,970.00,281.00,31.00,31.00,0.2731,1,1
70,7,468.00,21.00,66.00,57.00,0.8496,1,1
70,12,633.00,46.00,54.00,32.00,0.3197,1,1
70,17,535.00,289.00,27.00,43.00,0.9357,1,1
70,21,653.00,209.00,65.00,71.00,0.6178,1,1
71,1,1056.00,159.00,75.00,65.00,0.9070,1,1
71,2,861.00,127.00,20.00,28.00,0.7579,1,1
71,4,666.00,267.00,40.00,24.00,0.3641,1,1
71,5,653.00,209.00,67.00,68.00,0.4341,1,1
71,6,971.00,281.00,31.00,30.00,0.2862,1,1
71,7,468.00,21.00,64.00,59.00,0.8288,1,1
71,12,633.00,46.00,56.00,32.00,0.3896,1,1
71,17,541.00,288.00,31.00,43.00,0.9142,1,1
71,21,654.00,209.00,66.00,71.00,0.7146,1,1
72,1,1056.00,159.00,74.00,65.00,0.9140,1,1
72,2,858.00,128.00,21.00,27.00,0.6985,1,1
72,4,669.00,268.00,39.00,23.00,0.3082,1,1
72,6,971.00,281.00,31.00,31.00,0.2698,1,1
72,7,467.00,21.00,64.00,59.00,0.8610,1,1
72,12,633.00,46.00,56.00,31.00,0.3406,1,1
72,17,547.00,284.00,31.00,42.00,0.9417,1,1
72,21,654.00,209.00,67.00,71.00,0.8400,1,1
73,1,1055.00,159.00,74.00,64.00,0.9102,1,1
73,2,856.00,126.00,22.00,28.00,0.6250,1,1
73,4,673.00,265.00,39.00,24.00,0.3082,1,1
73,6,971.00,282.00,32.00,30.00,0.2855,1,1
73,7,466.00,20.00,63.00,57.00,0.8635,1,1
73,9,729.00,290.00,20.00,24.00,0.2896,1,1
73,12,633.00,46.00,57.00,31.00,0.4871,1,1
73,17,554.00,277.00,32.00,44.00,0.8945,1,1
73,21,654.00,209.00,68.00,72.00,0.8424,1,1
74,1,1055.00,159.00,74.00,64.00,0.9102,1,1
74,2,856.00,126.00,22.00,28.00,0.6244,1,1
74,6,971.00,282.00,32.00,30.00,0.2858,1,1
74,7,466.00,20.00,63.00,57.00,0.8633,1,1
74,9,729.00,290.00,20.00,24.00,0.2894,1,1
74,12,633.00,46.00,57.00,31.00,0.4865,1,1
74,17,554.00,277.00,32.00,44.00,0.8935,1,1
74,21,654.00,209.00,68.00,72.00,0.8429,1,1
75,1,1054.00,158.00,75.00,65.00,0.9169,1,1
75,2,847.00,123.00,23.00,28.00,0.3393,1,1
75,3,670.00,466.00,38.00,40.00,0.2680,1,1
75,6,971.00,282.00,32.00,30.00,0.3146,1,1
75,7,465.00,20.00,64.00,59.00,0.8197,1,1
75,9,727.00,291.00,22.00,23.00,0.3060,1,1
75,12,634.00,46.00,56.00,31.00,0.3359,1,1
75,17,563.00,269.00,28.00,43.00,0.7790,1,1
75,21,654.00,209.00,68.00,72.00,0.8483,1,1
76,1,1053.00,157.00,75.00,66.00,0.9155,1,1
76,2,843.00,124.00,23.00,28.00,0.4940,1,1
76,3,670.00,466.00,37.00,36.00,0.6176,1,1
76,6,971.00,281.00,32.00,30.00,0.2527,1,1
76,7,464.00,20.00,61.00,57.00,0.7654,1,1
76,9,727.00,292.00,23.00,22.00,0.3383,1,1
76,12,634.00,46.00,56.00,31.00,0.4857,1,1
76,17,569.00,261.00,28.00,44.00,0.8422,1,1
76,21,654.00,209.00,67.00,72.00,0.8475,1,1
76,24,666.00,77.00,22.00,36.00,0.2942,1,1
77,1,1054.00,157.00,74.00,66.00,0.9154,1,1
77,2,838.00,126.00,22.00,28.00,0.7422,1,1
77,3,672.00,466.00,36.00,34.00,0.4856,1,1
77,6,971.00,281.00,32.00,30.00,0.2527,1,1
77,7,463.00,20.00,62.00,53.00,0.8524,1,1
77,9,728.00,293.00,26.00,21.00,0.2652,1,1
77,12,635.00,46.00,56.00,31.00,0.4667,1,1
77,17,571.00,253.00,28.00,42.00,0.7473,1,1
77,21,654.00,210.00,65.00,72.00,0.8461,1,1
77,24,664.00,77.00,24.00,35.00,0.3490,1,1
78,1,1054.00,157.00,74.00,66.00,0.9181,1,1
78,2,836.00,120.00,22.00,32.00,0.6278,1,1
78,3,672.00,463.00,36.00,33.00,0.4769,1,1
78,7,465.00,19.00,61.00,53.00,0.8522,1,1
78,9,728.00,294.00,26.00,20.00,0.2652,1,1
78,12,636.00,47.00,55.00,30.00,0.6530,1,1
78,17,572.00,241.00,31.00,42.00,0.8251,1,1
78,21,654.00,210.00,66.00,73.00,0.8221,1,1
78,24,664.00,77.00,23.00,36.00,0.3613,1,1
79,1,1054.00,157.00,74.00,66.00,0.9184,1,1
79,2,834.00,120.00,22.00,32.00,0.6278,1,1
79,3,670.00,462.00,36.00,31.00,0.4515,1,1
79,5,654.00,209.00,68.00,72.00,0.3337,1,1
79,7,464.00,18.00,60.00,55.00,0.7035,1,1
79,12,636.00,47.00,56.00,30.00,0.6400,1,1
79,17,575.00,233.00,30.00,40.00,0.8380,1,1
79,21,654.00,210.00,66.00,73.00,0.7886,1,1
79,24,664.00,77.00,23.00,36.00,0.3926,1,1
80,1,1054.00,157.00,74.00,66.00,0.9185,1,1
80,3,670.00,462.00,36.00,31.00,0.4544,1,1
80,5,654.00,209.00,68.00,72.00,0.3464,1,1
80,7,464.00,18.00,60.00,56.00,0.7025,1,1
80,12,636.00,47.00,56.00,30.00,0.6375,1,1
80,17,575.00,233.00,30.00,39.00,0.8378,1,1
80,21,654.00,210.00,66.00,72.00,0.7828,1,1
80,24,664.00,76.00,23.00,37.00,0.3913,1,1
81,1,1054.00,157.00,74.00,66.00,0.9179,1,1
81,3,677.00,462.00,35.00,30.00,0.4544,1,1
81,5,654.00,209.00,68.00,71.00,0.2503,1,1
81,6,972.00,280.00,33.00,31.00,0.2978,1,1
81,7,462.00,18.00,62.00,59.00,0.8526,1,1
81,12,637.00,47.00,55.00,30.00,0.6023,1,1
81,17,582.00,226.00,25.00,39.00,0.7937,1,1
81,21,655.00,210.00,65.00,72.00,0.8037,1,1
81,24,664.00,77.00,24.00,36.00,0.3531,1,1
82,1,1054.00,157.00,74.00,66.00,0.9174,1,1
82,5,655.00,210.00,65.00,71.00,0.8125,1,1
82,6,972.00,280.00,33.00,31.00,0.3167,1,1
82,7,461.00,16.00,61.00,62.00,0.8434,1,1
82,12,637.00,47.00,55.00,30.00,0.5982,1,1
82,17,579.00,214.00,26.00,35.00,0.6742,1,1
82,21,655.00,210.00,65.00,72.00,0.8037,1,1
82,24,664.00,77.00,24.00,36.00,0.3335,1,1
83,1,1052.00,158.00,75.00,64.00,0.9249,1,1
83,5,654.00,210.00,67.00,70.00,0.8250,1,1
83,6,970.00,280.00,33.00,31.00,0.2515,1,1
83,7,462.00,16.00,59.00,62.00,0.7581,1,1
83,12,637.00,47.00,55.00,31.00,0.5556,1,1
83,17,577.00,202.00,25.00,34.00,0.4148,1,1
83,24,663.00,77.00,24.00,36.00,0.3664,1,1
84,1,1051.00,157.00,74.00,65.00,0.9224,1,1
84,3,643.00,450.00,44.00,35.00,0.6599,1,1
84,5,654.00,209.00,67.00,72.00,0.8360,1,1
84,6,970.00,281.00,33.00,30.00,0.2550,1,1
84,7,459.00,15.00,59.00,64.00,0.8307,1,1
84,9,728.00,292.00,21.00,22.00,0.2672,1,1
84,12,638.00,46.00,55.00,32.00,0.6157,1,1
84,17,575.00,195.00,22.00,33.00,0.6297,1,1
84,24,663.00,78.00,24.00,35.00,0.4029,1,1
85,1,1051.00,157.00,74.00,64.00,0.9255,1,1
85,3,645.00,448.00,41.00,35.00,0.8295,1,1
85,5,654.00,209.00,68.00,72.00,0.8557,1,1
85,6,970.00,281.00,32.00,30.00,0.2550,1,1
85,7,455.00,14.00,59.00,62.00,0.7326,1,1
85,9,727.00,291.00,21.00,23.00,0.2652,1,1
85,12,638.00,47.00,54.00,31.00,0.6106,1,1
85,17,574.00,190.00,21.00,32.00,0.4890,1,1
85,24,663.00,78.00,24.00,35.00,0.4177,1,1
86,1,1051.00,157.00,74.00,64.00,0.9252,1,1
86,3,645.00,448.00,41.00,35.00,0.8289,1,1
86,5,654.00,209.00,68.00,72.00,0.8557,1,1
86,7,455.00,14.00,59.00,62.00,0.7313,1,1
86,9,727.00,291.00,21.00,23.00,0.2655,1,1
86,12,638.00,47.00,54.00,31.00,0.6107,1,1
86,17,574.00,190.00,21.00,32.00,0.4906,1,1
86,24,663.00,78.00,24.00,35.00,0.4213,1,1
87,1,1050.00,157.00,74.00,64.00,0.9254,1,1
87,3,647.00,446.00,37.00,37.00,0.8369,1,1
87,4,672.00,267.00,36.00,24.00,0.2915,1,1
87,5,654.00,209.00,68.00,72.00,0.8557,1,1
87,7,453.00,13.00,58.00,58.00,0.5395,1,1
87,9,728.00,292.00,22.00,22.00,0.2984,1,1
87,12,638.00,47.00,54.00,30.00,0.6492,1,1
87,17,576.00,192.00,19.00,31.00,0.4032,1,1
87,21,654.00,210.00,69.00,72.00,0.8608,1,1
87,24,663.00,78.00,24.00,34.00,0.3944,1,1
88,1,1050.00,157.00,73.00,64.00,0.9290,1,1
88,2,800.00,130.00,24.00,25.00,0.3506,1,1
88,3,646.00,446.00,36.00,42.00,0.6689,1,1
88,4,672.00,268.00,36.00,23.00,0.3332,1,1
88,5,654.00,209.00,67.00,73.00,0.3965,1,1
88,7,450.00,10.00,59.00,60.00,0.8010,1,1
88,9,729.00,292.00,23.00,22.00,0.2633,1,1
88,12,638.00,47.00,55.00,30.00,0.6794,1,1
88,17,577.00,187.00,19.00,31.00,0.4032,1,1
88,21,654.00,210.00,67.00,72.00,0.7876,1,1
88,24,663.00,79.00,24.00,33.00,0.3986,1,1
89,1,1050.00,157.00,73.00,64.00,0.9282,1,1
89,2,797.00,130.00,24.00,25.00,0.3506,1,1
89,3,647.00,445.00,36.00,43.00,0.6689,1,1
89,4,672.00,268.00,36.00,24.00,0.3320,1,1
89,5,654.00,209.00,67.00,74.00,0.3447,1,1
89,7,445.00,9.00,62.00,58.00,0.8225,1,1
89,9,729.00,292.00,23.00,22.00,0.2633,1,1
89,12,639.00,47.00,54.00,29.00,0.7019,1,1
89,21,654.00,210.00,68.00,72.00,0.8224,1,1
89,24,663.00,78.00,24.00,33.00,0.3644,1,1
90,1,1050.00,157.00,73.00,64.00,0.9250,1,1
90,2,807.00,122.00,25.00,27.00,0.3501,1,1
90,4,671.00,268.00,37.00,25.00,0.3712,1,1
90,5,654.00,210.00,67.00,73.00,0.4648,1,1
90,7,442.00,8.00,62.00,56.00,0.8623,1,1
90,12,639.00,47.00,54.00,29.00,0.6951,1,1
90,21,654.00,211.00,67.00,72.00,0.7965,1,1
90,24,663.00,77.00,24.00,33.00,0.3425,1,1
91,1,1051.00,157.00,73.00,65.00,0.9211,1,1
91,2,805.00,122.00,25.00,26.00,0.3501,1,1
91,4,672.00,268.00,36.00,25.00,0.3971,1,1
91,5,653.00,210.00,68.00,73.00,0.5444,1,1
91,7,441.00,6.00,61.00,56.00,0.8491,1,1
91,12,639.00,47.00,54.00,30.00,0.6681,1,1
91,17,573.00,192.00,18.00,32.00,0.2986,1,1
91,21,653.00,211.00,68.00,72.00,0.8113,1,1
91,24,663.00,77.00,24.00,34.00,0.3881,1,1
92,1,1051.00,157.00,73.00,65.00,0.9211,1,1
92,4,672.00,268.00,36.00,25.00,0.3967,1,1
92,5,653.00,210.00,68.00,73.00,0.5391,1,1
92,7,441.00,5.00,61.00,57.00,0.8485,1,1
92,12,639.00,47.00,54.00,30.00,0.6673,1,1
92,17,573.00,192.00,18.00,32.00,0.2902,1,1
92,21,653.00,211.00,67.00,72.00,0.8183,1,1
92,24,663.00,76.00,24.00,35.00,0.3838,1,1
93,1,1051.00,157.00,74.00,66.00,0.9138,1,1
93,2,797.00,121.00,31.00,26.00,0.4134,1,1
93,4,671.00,268.00,37.00,25.00,0.3863,1,1
93,5,653.00,210.00,68.00,73.00,0.3900,1,1
93,7,438.00,5.00,60.00,57.00,0.8478,1,1
93,12,638.00,46.00,55.00,31.00,0.6688,1,1
93,13,470.00,41.00,28.00,35.00,0.3116,1,1
93,17,572.00,196.00,20.00,32.00,0.5091,1,1
93,21,653.00,211.00,68.00,72.00,0.8468,1,1
93,24,663.00,76.00,24.00,34.00,0.3674,1,1
94,1,1051.00,157.00,75.00,66.00,0.9095,1,1
94,2,794.00,121.00,33.00,25.00,0.4134,1,1
94,4,670.00,267.00,38.00,27.00,0.4167,1,1
94,5,653.00,210.00,68.00,73.00,0.8279,1,1
94,7,438.00,3.00,57.00,57.00,0.8528,1,1
94,9,728.00,291.00,21.00,23.00,0.2905,1,1
94,12,637.00,46.00,56.00,31.00,0.6308,1,1
94,13,470.00,42.00,27.00,34.00,0.3116,1,1
94,17,571.00,198.00,20.00,30.00,0.4945,1,1
94,21,653.00,210.00,70.00,72.00,0.3714,1,1
94,24,664.00,76.00,24.00,34.00,0.3326,1,1
95,1,1051.00,157.00,75.00,66.00,0.9088,1,1
95,4,670.00,268.00,38.00,26.00,0.4071,1,1
95,5,653.00,210.00,68.00,74.00,0.7907,1,1
95,7,438.00,2.00,57.00,56.00,0.8529,1,1
95,9,729.00,291.00,20.00,23.00,0.2989,1,1
95,12,636.00,46.00,56.00,32.00,0.4705,1,1
95,17,571.00,197.00,20.00,31.00,0.6235,1,1
95,21,653.00,210.00,70.00,72.00,0.5061,1,1
95,24,665.00,76.00,23.00,33.00,0.3620,1,1
96,1,1051.00,157.00,75.00,66.00,0.9172,1,1
96,4,670.00,267.00,38.00,26.00,0.3606,1,1
96,5,653.00,210.00,68.00,73.00,0.7728,1,1
96,7,437.00,3.00,58.00,54.00,0.8559,1,1
96,9,729.00,292.00,22.00,22.00,0.3090,1,1
96,12,635.00,46.00,57.00,31.00,0.4145,1,1
96,17,570.00,195.00,20.00,31.00,0.7003,1,1
96,21,653.00,210.00,70.00,71.00,0.6326,1,1
96,24,665.00,75.00,24.00,32.00,0.3508,1,1
97,1,1050.00,157.00,75.00,66.00,0.9140,1,1
97,4,670.00,268.00,38.00,26.00,0.3418,1,1
97,5,653.00,210.00,68.00,74.00,0.8166,1,1
97,7,438.00,1.00,56.00,54.00,0.7418,1,1
97,9,729.00,292.00,22.00,22.00,0.3090,1,1
97,12,633.00,47.00,58.00,30.00,0.6328,1,1
97,13,437.00,19.00,49.00,43.00,0.4631,1,1
97,17,570.00,194.00,21.00,33.00,0.7920,1,1
97,21,653.00,210.00,70.00,72.00,0.4296,1,1
97,24,664.00,76.00,23.00,31.00,0.2936,1,1
98,1,1050.00,157.00,75.00,66.00,0.9142,1,1
98,4,670.00,268.00,38.00,26.00,0.3415,1,1
98,5,653.00,210.00,68.00,74.00,0.8174,1,1
98,7,438.00,1.00,56.00,54.00,0.7440,1,1
98,12,633.00,47.00,58.00,30.00,0.6320,1,1
98,13,437.00,18.00,50.00,43.00,0.4677,1,1
98,17,570.00,194.00,21.00,33.00,0.7925,1,1
98,21,653.00,209.00,70.00,73.00,0.4221,1,1
98,24,665.00,76.00,22.00,31.00,0.2967,1,1
99,1,1050.00,157.00,74.00,66.00,0.9123,1,1
99,4,671.00,268.00,37.00,26.00,0.3523,1,1
99,5,653.00,210.00,69.00,74.00,0.8074,1,1
99,7,438.00,3.00,57.00,51.00,0.7697,1,1
99,12,634.00,46.00,56.00,31.00,0.3763,1,1
99,13,434.00,16.00,51.00,44.00,0.4677,1,1
99,17,570.00,192.00,21.00,34.00,0.7357,1,1
99,21,653.00,209.00,71.00,73.00,0.4515,1,1
99,24,666.00,76.00,22.00,30.00,0.2967,1,1
100,1,1050.00,157.00,74.00,66.00,0.9097,1,1
100,4,671.00,269.00,37.00,25.00,0.3171,1,1
100,5,653.00,210.00,68.00,74.00,0.8073,1,1
100,7,440.00,2.00,55.00,50.00,0.6643,1,1
100,12,632.00,46.00,58.00,31.00,0.5363,1,1
100,17,571.00,192.00,21.00,33.00,0.7843,1,1
100,21,653.00,209.00,70.00,74.00,0.3572,1,1
101,1,1050.00,157.00,74.00,66.00,0.9101,1,1
101,4,671.00,268.00,37.00,25.00,0.3119,1,1
101,5,653.00,210.00,68.00,74.00,0.7886,1,1
101,7,442.00,1.00,54.00,48.00,0.8052,1,1
101,12,632.00,46.00,56.00,31.00,0.3109,1,1
101,17,573.00,191.00,20.00,33.00,0.8157,1,1
101,21,653.00,209.00,70.00,73.00,0.4831,1,1
102,1,1051.00,156.00,74.00,67.00,0.9079,1,1
102,4,671.00,269.00,37.00,24.00,0.2916,1,1
102,5,653.00,210.00,68.00,74.00,0.7706,1,1
102,7,443.00,0.00,58.00,47.00,0.7967,1,1
102,9,727.00,290.00,22.00,24.00,0.3530,1,1
102,12,631.00,45.00,56.00,34.00,0.7847,1,1
102,17,574.00,190.00,21.00,34.00,0.7926,1,1
102,21,653.00,209.00,70.00,73.00,0.4488,1,1
103,1,1052.00,156.00,75.00,68.00,0.9127,1,1
103,4,673.00,269.00,35.00,23.00,0.3083,1,1
103,5,653.00,209.00,68.00,75.00,0.6290,1,1
103,6,471.00,26.00,30.00,34.00,0.2640,1,1
103,7,444.00,0.00,57.00,46.00,0.7967,1,1
103,9,727.00,290.00,20.00,24.00,0.3748,1,1
103,12,632.00,46.00,54.00,33.00,0.7595,1,1
103,13,445.00,1.00,57.00,44.00,0.7795,1,1
103,17,575.00,188.00,21.00,33.00,0.7291,1,1
103,21,653.00,209.00,70.00,73.00,0.6311,1,1
104,1,1052.00,156.00,75.00,67.00,0.9143,1,1
104,4,673.00,269.00,35.00,23.00,0.3098,1,1
104,5,653.00,209.00,68.00,75.00,0.6288,1,1
104,6,471.00,26.00,30.00,34.00,0.2576,1,1
104,9,727.00,290.00,20.00,24.00,0.3793,1,1
104,12,632.00,46.00,54.00,33.00,0.7615,1,1
104,13,445.00,1.00,57.00,44.00,0.7781,1,1
104,17,575.00,189.00,21.00,32.00,0.7315,1,1
104,21,653.00,209.00,70.00,73.00,0.6349,1,1
105,1,1053.00,156.00,74.00,67.00,0.9082,1,1
105,2,826.00,112.00,26.00,32.00,0.3634,1,1
105,4,674.00,268.00,35.00,24.00,0.3555,1,1
105,5,653.00,209.00,68.00,76.00,0.7220,1,1
105,6,472.00,25.00,32.00,33.00,0.3196,1,1
105,9,727.00,291.00,19.00,23.00,0.2984,1,1
105,12,632.00,46.00,53.00,34.00,0.8128,1,1
105,13,450.00,1.00,56.00,45.00,0.7662,1,1
105,17,578.00,188.00,20.00,32.00,0.6878,1,1
105,21,653.00,209.00,69.00,75.00,0.4687,1,1
106,1,1053.00,157.00,76.00,67.00,0.9137,1,1
106,2,826.00,112.00,26.00,32.00,0.4103,1,1
106,4,676.00,268.00,33.00,24.00,0.3249,1,1
106,5,653.00,210.00,67.00,75.00,0.7466,1,1
106,6,461.00,23.00,32.00,34.00,0.3196,1,1
106,9,726.00,292.00,21.00,23.00,0.3882,1,1
106,12,632.00,46.00,54.00,35.00,0.7871,1,1
106,13,456.00,1.00,56.00,44.00,0.4492,1,1
106,17,579.00,182.00,21.00,33.00,0.7033,1,1
106,21,653.00,209.00,69.00,75.00,0.4393,1,1
107,1,1053.00,158.00,76.00,66.00,0.9204,1,1
107,2,827.00,110.00,24.00,35.00,0.3586,1,1
107,4,676.00,268.00,33.00,24.00,0.3249,1,1
107,5,653.00,210.00,67.00,75.00,0.7723,1,1
107,9,728.00,291.00,20.00,23.00,0.3371,1,1
107,12,631.00,45.00,54.00,35.00,0.7047,1,1
107,13,456.00,0.00,57.00,43.00,0.4492,1,1
107,17,581.00,177.00,23.00,32.00,0.7328,1,1
107,21,653.00,209.00,69.00,75.00,0.4885,1,1
108,1,1055.00,158.00,75.00,66.00,0.9180,1,1
108,2,827.00,110.00,25.00,35.00,0.2562,1,1
108,4,678.00,269.00,32.00,24.00,0.3155,1,1
108,5,653.00,210.00,67.00,75.00,0.8088,1,1
108,9,727.00,291.00,21.00,23.00,0.3371,1,1
108,12,630.00,46.00,53.00,34.00,0.7651,1,1
108,13,469.00,3.00,49.00,40.00,0.4281,1,1
108,17,583.00,171.00,24.00,33.00,0.6387,1,1
108,21,653.00,210.00,69.00,74.00,0.4324,1,1
108,24,717.00,127.00,25.00,26.00,0.4253,1,1
109,1,1056.00,158.00,74.00,66.00,0.9160,1,1
109,2,828.00,109.00,25.00,36.00,0.2562,1,1
109,4,678.00,270.00,32.00,25.00,0.3099,1,1
109,5,654.00,211.00,67.00,73.00,0.7873,1,1
109,7,485.00,0.00,38.00,35.00,0.2530,1,1
109,12,629.00,46.00,53.00,34.00,0.7556,1,1
109,13,481.00,3.00,42.00,39.00,0.4311,1,1
109,17,586.00,166.00,24.00,33.00,0.3155,1,1
109,21,654.00,210.00,67.00,74.00,0.4401,1,1
109,24,717.00,128.00,23.00,24.00,0.2879,1,1
110,1,1056.00,158.00,74.00,66.00,0.9166,1,1
110,4,678.00,270.00,32.00,25.00,0.3104,1,1
110,5,654.00,211.00,67.00,73.00,0.7880,1,1
110,7,486.00,0.00,37.00,35.00,0.2526,1,1
110,12,629.00,46.00,53.00,34.00,0.7553,1,1
110,13,481.00,3.00,42.00,39.00,0.4322,1,1
110,17,586.00,166.00,24.00,33.00,0.3145,1,1
110,21,653.00,210.00,68.00,74.00,0.4409,1,1
110,24,717.00,128.00,23.00,24.00,0.2842,1,1
111,1,1056.00,158.00,74.00,66.00,0.9176,1,1
111,3,519.00,0.00,43.00,42.00,0.4528,1,1
111,4,678.00,271.00,31.00,24.00,0.3167,1,1
111,5,654.00,211.00,67.00,73.00,0.7686,1,1
111,6,494.00,17.00,27.00,35.00,0.2564,1,1
111,7,489.00,0.00,35.00,34.00,0.2526,1,1
111,12,628.00,46.00,53.00,35.00,0.6892,1,1
111,13,472.00,1.00,54.00,39.00,0.6828,1,1
111,17,587.00,164.00,24.00,32.00,0.3145,1,1
111,21,654.00,210.00,68.00,75.00,0.5970,1,1
111,24,720.00,131.00,24.00,24.00,0.2842,1,1
112,1,1056.00,158.00,74.00,65.00,0.9154,1,1
112,2,825.00,111.00,26.00,32.00,0.4431,1,1
112,3,513.00,0.00,44.00,22.00,0.4528,1,1
112,4,677.00,271.00,32.00,24.00,0.3298,1,1
112,5,654.00,210.00,68.00,74.00,0.7274,1,1
112,6,493.00,16.00,27.00,35.00,0.2564,1,1
112,7,478.00,1.00,51.00,38.00,0.4302,1,1
112,12,628.00,46.00,51.00,35.00,0.6394,1,1
112,13,498.00,4.00,33.00,37.00,0.5201,1,1
112,17,578.00,143.00,26.00,34.00,0.2845,1,1
112,21,654.00,209.00,68.00,76.00,0.6572,1,1
113,1,1056.00,158.00,74.00,65.00,0.9155,1,1
113,2,826.00,111.00,25.00,31.00,0.3474,1,1
113,4,676.00,272.00,32.00,22.00,0.3351,1,1
113,5,655.00,210.00,67.00,75.00,0.6018,1,1
113,7,480.00,1.00,51.00,37.00,0.4302,1,1
113,9,729.00,292.00,21.00,22.00,0.3797,1,1
113,12,627.00,46.00,52.00,36.00,0.6659,1,1
113,13,503.00,4.00,29.00,35.00,0.6532,1,1
113,17,579.00,135.00,22.00,31.00,0.3730,1,1
113,21,655.00,209.00,68.00,75.00,0.7184,1,1
114,1,1056.00,157.00,74.00,66.00,0.9173,1,1
114,2,827.00,111.00,25.00,31.00,0.4293,1,1
114,3,491.00,0.00,44.00,28.00,0.2658,1,1
114,4,677.00,273.00,31.00,21.00,0.3027,1,1
114,5,655.00,210.00,68.00,75.00,0.6101,1,1
114,6,494.00,7.00,33.00,32.00,0.2838,1,1
114,9,727.00,292.00,20.00,22.00,0.3042,1,1
114,12,627.00,46.00,52.00,37.00,0.6616,1,1
114,13,501.00,5.00,32.00,32.00,0.7737,1,1
114,17,597.00,149.00,24.00,33.00,0.3259,1,1
114,21,655.00,209.00,69.00,76.00,0.7294,1,1
114,24,580.00,133.00,23.00,31.00,0.4071,1,1
115,1,1056.00,157.00,74.00,66.00,0.9176,1,1
115,2,829.00,112.00,25.00,31.00,0.3700,1,1
115,3,485.00,0.00,42.00,25.00,0.2658,1,1
115,4,677.00,273.00,31.00,22.00,0.3336,1,1
115,5,655.00,210.00,67.00,75.00,0.5502,1,1
115,6,493.00,5.00,34.00,31.00,0.2838,1,1
115,9,726.00,292.00,21.00,22.00,0.2709,1,1
115,12,627.00,46.00,51.00,37.00,0.6548,1,1
115,13,497.00,3.00,36.00,31.00,0.5658,1,1
115,17,596.00,142.00,24.00,35.00,0.2724,1,1
115,21,654.00,210.00,69.00,75.00,0.7223,1,1
115,24,580.00,129.00,26.00,31.00,0.5253,1,1
116,1,1056.00,157.00,74.00,66.00,0.9175,1,1
116,2,829.00,112.00,25.00,31.00,0.3604,1,1
116,4,677.00,273.00,31.00,22.00,0.3323,1,1
116,5,655.00,210.00,67.00,75.00,0.5482,1,1
116,9,726.00,292.00,21.00,22.00,0.2673,1,1
116,12,627.00,46.00,51.00,37.00,0.6668,1,1
116,13,497.00,3.00,35.00,30.00,0.5602,1,1
116,17,596.00,142.00,24.00,35.00,0.2865,1,1
116,21,654.00,210.00,69.00,75.00,0.7217,1,1
116,24,581.00,130.00,25.00,30.00,0.5111,1,1
117,1,1056.00,157.00,74.00,65.00,0.9172,1,1
117,2,831.00,115.00,25.00,30.00,0.7685,1,1
117,4,677.00,274.00,31.00,22.00,0.3006,1,1
117,5,655.00,210.00,68.00,75.00,0.5856,1,1
117,9,727.00,292.00,20.00,22.00,0.3216,1,1
117,12,627.00,46.00,52.00,38.00,0.6602,1,1
117,13,497.00,3.00,36.00,28.00,0.3506,1,1
117,17,597.00,139.00,25.00,36.00,0.2865,1,1
117,21,655.00,210.00,68.00,75.00,0.7047,1,1
117,24,581.00,127.00,28.00,32.00,0.5530,1,1
118,1,1056.00,157.00,73.00,65.00,0.9195,1,1
118,2,837.00,114.00,24.00,30.00,0.6947,1,1
118,4,677.00,273.00,32.00,23.00,0.3033,1,1
118,5,656.00,211.00,67.00,74.00,0.5196,1,1
118,9,727.00,292.00,20.00,22.00,0.3216,1,1
118,12,627.00,46.00,52.00,37.00,0.5777,1,1
118,13,477.00,1.00,52.00,27.00,0.3305,1,1
118,21,655.00,211.00,69.00,74.00,0.7149,1,1
118,24,580.00,123.00,28.00,30.00,0.5018,1,1
119,1,1055.00,156.00,74.00,66.00,0.9208,1,1
119,2,839.00,114.00,25.00,31.00,0.5756,1,1
119,4,678.00,275.00,31.00,22.00,0.2839,1,1
119,5,656.00,212.00,67.00,74.00,0.5559,1,1
119,12,626.00,46.00,52.00,37.00,0.6139,1,1
119,13,478.00,0.00,51.00,26.00,0.2762,1,1
119,17,588.00,127.00,29.00,33.00,0.3358,1,1
119,21,655.00,211.00,69.00,75.00,0.7250,1,1
119,24,578.00,124.00,30.00,27.00,0.5120,1,1
120,1,1056.00,155.00,73.00,67.00,0.9203,1,1
120,2,841.00,117.00,25.00,29.00,0.4721,1,1
120,4,678.00,274.00,31.00,22.00,0.3076,1,1
120,5,656.00,212.00,67.00,73.00,0.7372,1,1
120,6,503.00,1.00,29.00,25.00,0.2728,1,1
120,12,627.00,46.00,51.00,37.00,0.6610,1,1
120,13,477.00,0.00,48.00,26.00,0.3048,1,1
120,17,587.00,127.00,29.00,32.00,0.2688,1,1
120,21,655.00,212.00,69.00,74.00,0.6582,1,1
120,24,578.00,124.00,29.00,28.00,0.4522,1,1
121,1,1057.00,155.00,73.00,67.00,0.9173,1,1
121,2,845.00,117.00,24.00,29.00,0.5234,1,1
121,4,678.00,275.00,31.00,22.00,0.3066,1,1
121,5,655.00,212.00,68.00,74.00,0.6589,1,1
121,6,500.00,0.00,33.00,26.00,0.2549,1,1
121,12,627.00,46.00,51.00,37.00,0.5197,1,1
121,13,479.00,0.00,48.00,25.00,0.4167,1,1
121,17,586.00,128.00,28.00,33.00,0.4131,1,1
121,21,654.00,212.00,70.00,74.00,0.6920,1,1
121,24,576.00,126.00,32.00,29.00,0.5109,1,1
122,1,1057.00,155.00,73.00,67.00,0.9173,1,1
122,2,845.00,117.00,24.00,29.00,0.5224,1,1
122,4,678.00,276.00,31.00,21.00,0.3082,1,1
122,5,655.00,212.00,68.00,74.00,0.6527,1,1
122,6,500.00,0.00,33.00,26.00,0.2549,1,1
122,12,627.00,46.00,51.00,37.00,0.5175,1,1
122,13,479.00,0.00,48.00,25.00,0.4176,1,1
122,17,586.00,128.00,28.00,33.00,0.4122,1,1
122,21,654.00,212.00,70.00,74.00,0.6958,1,1
122,24,576.00,125.00,32.00,30.00,0.5108,1,1
123,1,1058.00,155.00,72.00,66.00,0.9184,1,1
123,2,847.00,119.00,23.00,29.00,0.7146,1,1
123,3,503.00,1.00,32.00,25.00,0.3804,1,1
123,4,678.00,279.00,30.00,19.00,0.3159,1,1
123,5,655.00,212.00,69.00,75.00,0.6486,1,1
123,6,500.00,0.00,33.00,24.00,0.2549,1,1
123,12,626.00,46.00,52.00,37.00,0.5619,1,1
123,13,479.00,0.00,48.00,24.00,0.4176,1,1
123,17,586.00,133.00,26.00,34.00,0.3698,1,1
123,21,656.00,212.00,67.00,75.00,0.7311,1,1
123,24,578.00,128.00,31.00,33.00,0.4553,1,1
124,1,1058.00,156.00,72.00,66.00,0.9159,1,1
124,2,850.00,121.00,20.00,29.00,0.5052,1,1
124,3,506.00,1.00,30.00,25.00,0.3675,1,1
124,4,678.00,279.00,30.00,19.00,0.3159,1,1
124,5,655.00,212.00,70.00,74.00,0.5567,1,1
124,9,727.00,292.00,21.00,22.00,0.2629,1,1
124,12,626.00,45.00,52.00,38.00,0.4645,1,1
124,13,485.00,0.00,42.00,25.00,0.3413,1,1
124,17,574.00,133.00,29.00,35.00,0.4099,1,1
124,21,656.00,212.00,68.00,74.00,0.8098,1,1
124,24,574.00,129.00,32.00,33.00,0.4553,1,1
125,1,1058.00,157.00,72.00,65.00,0.9175,1,1
125,2,854.00,121.00,23.00,30.00,0.3637,1,1
125,3,502.00,1.00,33.00,25.00,0.3645,1,1
125,5,657.00,211.00,68.00,75.00,0.6186,1,1
125,9,727.00,292.00,22.00,22.00,0.3071,1,1
125,12,626.00,45.00,52.00,38.00,0.3766,1,1
125,13,485.00,0.00,42.00,24.00,0.3413,1,1
125,17,581.00,146.00,25.00,36.00,0.4248,1,1
125,21,657.00,212.00,67.00,74.00,0.7888,1,1
125,24,563.00,130.00,27.00,30.00,0.2892,1,1
126,1,1057.00,157.00,73.00,65.00,0.9178,1,1
126,2,857.00,122.00,22.00,30.00,0.3637,1,1
126,3,501.00,0.00,33.00,25.00,0.3645,1,1
126,5,657.00,211.00,68.00,75.00,0.6810,1,1
126,9,727.00,291.00,21.00,24.00,0.3327,1,1
126,12,626.00,45.00,52.00,38.00,0.4633,1,1
126,17,581.00,158.00,25.00,35.00,0.6343,1,1
126,21,657.00,212.00,67.00,74.00,0.7496,1,1
126,24,558.00,131.00,28.00,30.00,0.2892,1,1
127,1,1057.00,157.00,73.00,66.00,0.9223,1,1
127,2,968.00,116.00,21.00,35.00,0.3293,1,1
127,5,657.00,211.00,68.00,75.00,0.6932,1,1
127,9,727.00,291.00,21.00,25.00,0.4146,1,1
127,12,625.00,45.00,53.00,37.00,0.3954,1,1
127,17,578.00,168.00,22.00,33.00,0.7502,1,1
127,21,657.00,212.00,67.00,74.00,0.7575,1,1
127,39,550.00,509.00,47.00,53.00,0.4589,1,1
128,1,1056.00,157.00,74.00,66.00,0.9230,1,1
128,2,968.00,116.00,21.00,35.00,0.3323,1,1
128,5,657.00,211.00,68.00,75.00,0.6954,1,1
128,9,727.00,291.00,21.00,25.00,0.4137,1,1
128,12,625.00,45.00,52.00,37.00,0.3703,1,1
128,17,578.00,168.00,22.00,33.00,0.7512,1,1
128,21,657.00,212.00,67.00,74.00,0.7580,1,1
128,39,550.00,509.00,47.00,53.00,0.4603,1,1
129,1,1055.00,157.00,74.00,65.00,0.9250,1,1
129,2,981.00,116.00,20.00,35.00,0.3323,1,1
129,5,657.00,212.00,68.00,74.00,0.6252,1,1
129,9,727.00,291.00,21.00,25.00,0.3267,1,1
129,12,626.00,45.00,52.00,38.00,0.4536,1,1
129,17,574.00,175.00,23.00,34.00,0.7778,1,1
129,21,657.00,213.00,67.00,73.00,0.7859,1,1
129,39,550.00,508.00,48.00,54.00,0.5421,1,1
130,1,1055.00,157.00,74.00,65.00,0.9245,1,1
130,3,514.00,0.00,34.00,27.00,0.3630,1,1
130,5,656.00,212.00,70.00,74.00,0.4727,1,1
130,9,727.00,292.00,22.00,23.00,0.2974,1,1
130,12,626.00,45.00,52.00,38.00,0.4857,1,1
130,17,572.00,181.00,21.00,35.00,0.8196,1,1
130,21,656.00,213.00,67.00,73.00,0.8096,1,1
130,39,551.00,508.00,47.00,55.00,0.5757,1,1
131,1,1056.00,157.00,72.00,65.00,0.9236,1,1
131,3,515.00,1.00,36.00,26.00,0.4195,1,1
131,4,678.00,277.00,31.00,21.00,0.2979,1,1
131,5,655.00,213.00,70.00,73.00,0.3592,1,1
131,9,727.00,292.00,22.00,23.00,0.2974,1,1
131,12,626.00,45.00,53.00,37.00,0.6336,1,1
131,17,569.00,182.00,23.00,36.00,0.7857,1,1
131,21,656.00,214.00,67.00,72.00,0.7895,1,1
131,39,550.00,507.00,47.00,55.00,0.5762,1,1
132,1,1056.00,157.00,72.00,65.00,0.9259,1,1
132,3,518.00,1.00,37.00,27.00,0.4854,1,1
132,4,678.00,277.00,31.00,21.00,0.3454,1,1
132,5,655.00,213.00,70.00,73.00,0.3228,1,1
132,12,626.00,45.00,53.00,38.00,0.5941,1,1
132,17,568.00,183.00,26.00,40.00,0.8194,1,1
132,21,656.00,215.00,67.00,71.00,0.7931,1,1
132,39,550.00,508.00,48.00,53.00,0.6404,1,1
133,1,1055.00,157.00,73.00,65.00,0.9264,1,1
133,2,973.00,120.00,20.00,33.00,0.4024,1,1
133,3,520.00,2.00,41.00,26.00,0.5205,1,1
133,4,678.00,277.00,31.00,21.00,0.3390,1,1
133,5,655.00,213.00,70.00,73.00,0.3693,1,1
133,12,627.00,45.00,53.00,37.00,0.6453,1,1
133,17,570.00,186.00,24.00,40.00,0.8437,1,1
133,21,656.00,214.00,67.00,72.00,0.8017,1,1
133,24,892.00,131.00,21.00,34.00,0.3270,1,1
133,39,550.00,508.00,48.00,52.00,0.4797,1,1
133,41,520.00,475.00,51.00,58.00,0.2971,1,1
134,1,1055.00,157.00,73.00,65.00,0.9269,1,1
134,2,973.00,120.00,20.00,33.00,0.4071,1,1
134,3,520.00,2.00,41.00,27.00,0.5211,1,1
134,4,678.00,277.00,31.00,21.00,0.3388,1,1
134,5,655.00,213.00,70.00,73.00,0.3641,1,1
134,12,627.00,45.00,53.00,37.00,0.6378,1,1
134,17,570.00,186.00,24.00,40.00,0.8429,1,1
134,21,656.00,214.00,67.00,72.00,0.8041,1,1
134,24,892.00,131.00,21.00,34.00,0.3200,1,1
134,39,550.00,508.00,48.00,52.00,0.4897,1,1
134,41,520.00,475.00,51.00,58.00,0.2933,1,1
134,42,525.00,477.00,62.00,69.00,0.2874,1,1
135,1,1055.00,157.00,73.00,66.00,0.9269,1,1
135,2,974.00,118.00,20.00,34.00,0.4539,1,1
135,3,518.00,2.00,43.00,29.00,0.3487,1,1
135,4,678.00,276.00,30.00,21.00,0.3264,1,1
135,5,655.00,212.00,70.00,74.00,0.4223,1,1
135,7,884.00,12.00,38.00,29.00,0.3498,1,1
135,12,628.00,45.00,53.00,37.00,0.6202,1,1
135,13,504.00,0.00,56.00,24.00,0.2839,1,1
135,17,572.00,188.00,23.00,39.00,0.8853,1,1
135,21,656.00,213.00,67.00,73.00,0.8062,1,1
135,24,895.00,133.00,22.00,35.00,0.2930,1,1
135,39,551.00,506.00,47.00,53.00,0.6283,1,1
135,41,520.00,475.00,51.00,57.00,0.2933,1,1
135,42,525.00,477.00,61.00,68.00,0.2874,1,1
136,1,1056.00,156.00,73.00,67.00,0.9225,1,1
136,2,975.00,117.00,20.00,36.00,0.4341,1,1
136,3,519.00,2.00,44.00,29.00,0.3487,1,1
136,4,678.00,276.00,30.00,20.00,0.3003,1,1
136,5,656.00,211.00,68.00,74.00,0.4013,1,1
136,7,887.00,12.00,37.00,34.00,0.7477,1,1
136,12,628.00,44.00,53.00,38.00,0.4451,1,1
136,13,510.00,0.00,56.00,25.00,0.3497,1,1
136,17,575.00,191.00,23.00,38.00,0.8696,1,1
136,21,656.00,212.00,67.00,73.00,0.8273,1,1
136,24,902.00,131.00,23.00,37.00,0.2754,1,1
136,39,551.00,507.00,48.00,52.00,0.6822,1,1
136,42,527.00,480.00,70.00,76.00,0.3211,1,1
137,1,1057.00,156.00,72.00,67.00,0.9213,1,1
137,2,976.00,116.00,21.00,35.00,0.4051,1,1
137,3,528.00,3.00,43.00,33.00,0.4347,1,1
137,4,678.00,274.00,30.00,22.00,0.3147,1,1
137,5,656.00,210.00,68.00,75.00,0.3646,1,1
137,7,891.00,14.00,39.00,34.00,0.7671,1,1
137,9,727.00,292.00,22.00,22.00,0.3231,1,1
137,12,629.00,44.00,53.00,37.00,0.2828,1,1
137,13,535.00,2.00,33.00,31.00,0.2967,1,1
137,17,581.00,193.00,24.00,37.00,0.8353,1,1
137,21,656.00,212.00,67.00,73.00,0.8276,1,1
137,24,907.00,132.00,21.00,36.00,0.4879,1,1
137,39,552.00,506.00,46.00,52.00,0.5652,1,1
137,42,527.00,480.00,72.00,78.00,0.3211,1,1
138,1,1057.00,156.00,73.00,67.00,0.9210,1,1
138,2,978.00,120.00,19.00,35.00,0.2859,1,1
138,3,536.00,2.00,43.00,36.00,0.4878,1,1
138,4,677.00,274.00,31.00,22.00,0.3143,1,1
138,5,655.00,211.00,69.00,74.00,0.7498,1,1
138,7,891.00,14.00,41.00,39.00,0.8006,1,1
138,9,728.00,292.00,21.00,23.00,0.2930,1,1
138,12,629.00,44.00,52.00,37.00,0.4749,1,1
138,13,539.00,2.00,32.00,31.00,0.2967,1,1
138,17,586.00,193.00,26.00,36.00,0.7808,1,1
138,21,656.00,210.00,68.00,75.00,0.5151,1,1
138,24,911.00,136.00,20.00,35.00,0.3801,1,1
138,39,553.00,505.00,46.00,52.00,0.4864,1,1
139,1,1058.00,156.00,72.00,67.00,0.9221,1,1
139,2,982.00,120.00,20.00,36.00,0.2859,1,1
139,3,544.00,3.00,43.00,35.00,0.6792,1,1
139,4,677.00,274.00,31.00,23.00,0.2986,1,1
139,5,655.00,211.00,69.00,74.00,0.5642,1,1
139,7,894.00,14.00,40.00,33.00,0.4986,1,1
139,9,728.00,292.00,21.00,24.00,0.3659,1,1
139,12,629.00,44.00,52.00,36.00,0.6664,1,1
139,17,597.00,193.00,24.00,38.00,0.7572,1,1
139,21,655.00,211.00,68.00,75.00,0.6994,1,1
139,24,913.00,137.00,20.00,36.00,0.3841,1,1
139,39,552.00,503.00,48.00,51.00,0.5025,1,1
139,42,518.00,473.00,76.00,75.00,0.3295,1,1
140,1,1058.00,157.00,72.00,66.00,0.9218,1,1
140,3,544.00,3.00,43.00,35.00,0.6826,1,1
140,4,677.00,274.00,31.00,23.00,0.3009,1,1
140,5,655.00,211.00,69.00,74.00,0.5683,1,1
140,7,895.00,14.00,38.00,32.00,0.4979,1,1
140,9,728.00,292.00,21.00,24.00,0.3590,1,1
140,12,629.00,44.00,52.00,36.00,0.6650,1,1
140,17,596.00,193.00,25.00,39.00,0.7569,1,1
140,21,655.00,211.00,68.00,75.00,0.7028,1,1
140,24,913.00,137.00,20.00,36.00,0.3801,1,1
140,39,552.00,503.00,48.00,51.00,0.5106,1,1
140,42,518.00,473.00,76.00,75.00,0.3410,1,1
141,1,1058.00,157.00,72.00,66.00,0.9185,1,1
141,3,545.00,3.00,45.00,35.00,0.4048,1,1
141,4,679.00,276.00,29.00,22.00,0.3604,1,1
141,5,654.00,211.00,69.00,76.00,0.6857,1,1
141,7,899.00,14.00,40.00,37.00,0.2671,1,1
141,9,727.00,293.00,22.00,21.00,0.3081,1,1
141,12,629.00,45.00,52.00,36.00,0.7624,1,1
141,17,605.00,193.00,26.00,36.00,0.8152,1,1
141,21,655.00,212.00,67.00,75.00,0.6434,1,1
141,24,916.00,138.00,19.00,36.00,0.3437,1,1
141,39,552.00,503.00,48.00,50.00,0.5106,1,1
141,42,523.00,470.00,78.00,78.00,0.4818,1,1
142,1,1058.00,158.00,72.00,66.00,0.9222,1,1
142,2,979.00,122.00,21.00,34.00,0.3694,1,1
142,3,548.00,3.00,44.00,37.00,0.4505,1,1
142,4,679.00,275.00,30.00,22.00,0.2812,1,1
142,5,654.00,211.00,69.00,76.00,0.6766,1,1
142,7,901.00,15.00,43.00,38.00,0.6408,1,1
142,9,727.00,293.00,22.00,21.00,0.3081,1,1
142,12,630.00,45.00,51.00,35.00,0.8238,1,1
142,17,612.00,193.00,27.00,36.00,0.7909,1,1
142,21,655.00,211.00,68.00,76.00,0.6452,1,1
142,24,930.00,139.00,20.00,36.00,0.3437,1,1
142,42,516.00,467.00,86.00,81.00,0.5571,1,1
143,1,1059.00,158.00,71.00,66.00,0.9220,1,1
143,2,981.00,120.00,19.00,34.00,0.3431,1,1
143,3,548.00,5.00,47.00,36.00,0.7288,1,1
143,4,679.00,275.00,30.00,22.00,0.2812,1,1
143,5,655.00,210.00,70.00,76.00,0.7169,1,1
143,7,902.00,15.00,44.00,39.00,0.7941,1,1
143,12,631.00,45.00,52.00,34.00,0.7476,1,1
143,17,623.00,190.00,27.00,36.00,0.8143,1,1
143,21,656.00,211.00,67.00,75.00,0.6461,1,1
143,24,923.00,140.00,22.00,36.00,0.3713,1,1
143,42,514.00,465.00,87.00,81.00,0.6313,1,1
144,1,1058.00,157.00,72.00,67.00,0.9221,1,1
144,2,984.00,120.00,19.00,34.00,0.3431,1,1
144,3,554.00,6.00,47.00,37.00,0.8111,1,1
144,5,655.00,209.00,69.00,77.00,0.6391,1,1
144,7,905.00,14.00,41.00,39.00,0.3280,1,1
144,12,632.00,44.00,51.00,34.00,0.6490,1,1
144,17,632.00,187.00,23.00,35.00,0.7170,1,1
144,21,655.00,209.00,70.00,77.00,0.6780,1,1
144,24,935.00,141.00,22.00,36.00,0.3713,1,1
144,41,513.00,466.00,74.00,69.00,0.7734,1,1
144,42,513.00,463.00,89.00,83.00,0.6313,1,1
145,1,1059.00,157.00,71.00,67.00,0.9216,1,1
145,3,567.00,7.00,39.00,36.00,0.8358,1,1
145,5,655.00,209.00,69.00,77.00,0.7790,1,1
145,7,914.00,14.00,42.00,40.00,0.3280,1,1
145,9,729.00,290.00,21.00,22.00,0.2927,1,1
145,12,632.00,45.00,51.00,32.00,0.5718,1,1
145,17,638.00,187.00,26.00,32.00,0.4513,1,1
145,21,655.00,208.00,70.00,78.00,0.4051,1,1
145,41,513.00,463.00,75.00,72.00,0.7564,1,1
146,1,1059.00,157.00,71.00,67.00,0.9216,1,1
146,3,567.00,7.00,39.00,36.00,0.8349,1,1
146,5,655.00,209.00,69.00,77.00,0.7793,1,1
146,9,729.00,290.00,21.00,22.00,0.2925,1,1
146,12,632.00,45.00,51.00,32.00,0.5663,1,1
146,17,638.00,187.00,26.00,32.00,0.4516,1,1
146,21,655.00,208.00,70.00,78.00,0.4012,1,1
146,41,513.00,463.00,75.00,72.00,0.7560,1,1
147,1,1058.00,158.00,71.00,66.00,0.9250,1,1
147,3,569.00,7.00,41.00,36.00,0.8504,1,1
147,5,656.00,209.00,67.00,77.00,0.8189,1,1
147,7,908.00,13.00,47.00,42.00,0.6531,1,1
147,9,728.00,291.00,24.00,23.00,0.2716,1,1
147,12,633.00,45.00,50.00,31.00,0.5188,1,1
147,17,644.00,183.00,23.00,35.00,0.5886,1,1
147,21,655.00,208.00,70.00,78.00,0.4012,1,1
147,41,513.00,461.00,79.00,70.00,0.8092,1,1
148,1,1057.00,157.00,72.00,66.00,0.9280,1,1
148,3,570.00,6.00,43.00,35.00,0.7008,1,1
148,5,655.00,209.00,68.00,77.00,0.8445,1,1
148,7,909.00,12.00,47.00,43.00,0.7808,1,1
148,9,728.00,291.00,22.00,23.00,0.2903,1,1
148,12,634.00,44.00,50.00,32.00,0.5522,1,1
148,13,551.00,0.00,64.00,24.00,0.2706,1,1
148,17,650.00,181.00,24.00,34.00,0.7375,1,1
148,41,515.00,458.00,74.00,71.00,0.8759,1,1
149,1,1057.00,157.00,71.00,66.00,0.9291,1,1
149,3,578.00,6.00,35.00,35.00,0.6332,1,1
149,5,655.00,209.00,68.00,78.00,0.8618,1,1
149,7,911.00,12.00,48.00,43.00,0.7529,1,1
149,9,728.00,290.00,22.00,24.00,0.3471,1,1
149,12,634.00,44.00,49.00,31.00,0.4305,1,1
149,13,554.00,0.00,64.00,23.00,0.2639,1,1
149,17,652.00,180.00,26.00,34.00,0.7617,1,1
149,41,516.00,457.00,74.00,70.00,0.8637,1,1
150,1,1056.00,157.00,71.00,66.00,0.9274,1,1
150,3,573.00,7.00,46.00,35.00,0.6327,1,1
150,5,656.00,209.00,67.00,78.00,0.8660,1,1
150,7,917.00,12.00,49.00,44.00,0.7529,1,1
150,9,728.00,291.00,23.00,23.00,0.2985,1,1
150,12,632.00,44.00,51.00,31.00,0.4787,1,1
150,13,557.00,0.00,65.00,22.00,0.2639,1,1
150,17,655.00,179.00,25.00,34.00,0.5777,1,1
150,41,518.00,454.00,69.00,73.00,0.9048,1,1
151,1,1056.00,156.00,70.00,66.00,0.9286,1,1
151,3,586.00,7.00,38.00,34.00,0.7265,1,1
151,5,656.00,209.00,67.00,78.00,0.8660,1,1
151,9,728.00,290.00,23.00,24.00,0.2985,1,1
151,12,632.00,44.00,51.00,31.00,0.4483,1,1
151,17,656.00,179.00,25.00,35.00,0.6047,1,1
151,21,656.00,211.00,66.00,75.00,0.8593,1,1
151,41,518.00,454.00,64.00,69.00,0.9079,1,1
152,1,1056.00,156.00,70.00,66.00,0.9283,1,1
152,3,586.00,8.00,38.00,33.00,0.7248,1,1
152,12,632.00,44.00,51.00,31.00,0.4403,1,1
152,17,656.00,179.00,26.00,35.00,0.5996,1,1
152,21,656.00,211.00,66.00,75.00,0.8599,1,1
152,41,518.00,454.00,64.00,69.00,0.9080,1,1
153,1,1056.00,156.00,68.00,65.00,0.9224,1,1
153,3,588.00,7.00,39.00,34.00,0.7761,1,1
153,12,634.00,44.00,47.00,32.00,0.4048,1,1
153,17,657.00,180.00,25.00,34.00,0.5077,1,1
153,21,655.00,211.00,67.00,75.00,0.8672,1,1
153,41,517.00,453.00,64.00,69.00,0.9057,1,1
153,44,974.00,282.00,32.00,29.00,0.2826,1,1
154,1,1054.00,156.00,70.00,64.00,0.9214,1,1
154,3,588.00,6.00,41.00,35.00,0.8410,1,1
154,12,634.00,44.00,47.00,32.00,0.4048,1,1
154,17,657.00,179.00,25.00,34.00,0.5255,1,1
154,21,656.00,211.00,66.00,74.00,0.8608,1,1
154,41,518.00,454.00,64.00,70.00,0.9082,1,1
154,44,974.00,282.00,32.00,29.00,0.2785,1,1
155,1,1052.00,155.00,70.00,66.00,0.9228,1,1
155,2,960.00,147.00,25.00,41.00,0.2677,1,1
155,3,591.00,6.00,42.00,35.00,0.8098,1,1
155,17,657.00,178.00,25.00,34.00,0.5140,1,1
155,21,656.00,210.00,66.00,75.00,0.8692,1,1
155,41,516.00,454.00,67.00,70.00,0.8875,1,1
155,44,974.00,282.00,32.00,29.00,0.2785,1,1
156,1,1052.00,155.00,70.00,65.00,0.9235,1,1
156,2,959.00,148.00,25.00,43.00,0.2677,1,1
156,3,590.00,6.00,45.00,32.00,0.7765,1,1
156,17,657.00,179.00,25.00,34.00,0.4498,1,1
156,21,656.00,210.00,67.00,75.00,0.8739,1,1
156,41,515.00,454.00,70.00,71.00,0.8407,1,1
156,44,974.00,283.00,32.00,28.00,0.2587,1,1
157,1,1050.00,154.00,73.00,67.00,0.9288,1,1
157,3,589.00,5.00,48.00,31.00,0.7565,1,1
157,5,655.00,209.00,70.00,77.00,0.8598,1,1
157,17,655.00,179.00,24.00,37.00,0.4932,1,1
157,21,656.00,209.00,67.00,76.00,0.8739,1,1
157,24,967.00,150.00,26.00,40.00,0.2777,1,1
157,41,514.00,454.00,72.00,71.00,0.8549,1,1
157,44,974.00,283.00,32.00,28.00,0.2587,1,1
158,1,1050.00,154.00,73.00,67.00,0.9289,1,1
158,3,589.00,5.00,48.00,31.00,0.7555,1,1
158,5,655.00,209.00,70.00,77.00,0.8596,1,1
158,17,655.00,179.00,24.00,37.00,0.4917,1,1
158,24,967.00,150.00,26.00,40.00,0.2762,1,1
158,41,514.00,454.00,72.00,71.00,0.8548,1,1
159,1,1048.00,154.00,74.00,67.00,0.9303,1,1
159,3,587.00,3.00,52.00,30.00,0.6792,1,1
159,5,653.00,209.00,71.00,77.00,0.8596,1,1
159,7,929.00,19.00,44.00,40.00,0.5289,1,1
159,9,727.00,290.00,21.00,24.00,0.2662,1,1
159,17,653.00,176.00,26.00,37.00,0.6250,1,1
159,24,967.00,152.00,26.00,38.00,0.4907,1,1
159,41,514.00,454.00,72.00,72.00,0.8646,1,1
160,1,1047.00,153.00,75.00,68.00,0.9268,1,1
160,3,589.00,4.00,51.00,27.00,0.7803,1,1
160,5,654.00,209.00,70.00,77.00,0.8596,1,1
160,7,930.00,18.00,45.00,42.00,0.4339,1,1
160,9,726.00,290.00,23.00,23.00,0.2710,1,1
160,17,655.00,179.00,25.00,35.00,0.6722,1,1
160,24,969.00,152.00,25.00,38.00,0.5373,1,1
160,41,513.00,455.00,75.00,72.00,0.8408,1,1
161,1,1046.00,153.00,75.00,67.00,0.9270,1,1
161,3,595.00,4.00,46.00,31.00,0.6180,1,1
161,5,654.00,209.00,70.00,78.00,0.8577,1,1
161,7,932.00,19.00,45.00,42.00,0.4339,1,1
161,9,726.00,290.00,23.00,23.00,0.2710,1,1
161,17,657.00,179.00,25.00,35.00,0.6860,1,1
161,24,971.00,150.00,25.00,40.00,0.4018,1,1
161,41,512.00,456.00,74.00,70.00,0.7580,1,1
161,44,975.00,283.00,32.00,28.00,0.2662,1,1
162,1,1045.00,153.00,76.00,67.00,0.9297,1,1
162,3,596.00,4.00,48.00,29.00,0.6543,1,1
162,4,678.00,275.00,31.00,22.00,0.2867,1,1
162,5,655.00,209.00,68.00,77.00,0.8671,1,1
162,7,933.00,21.00,45.00,42.00,0.2753,1,1
162,17,658.00,180.00,26.00,34.00,0.4213,1,1
162,24,971.00,150.00,25.00,39.00,0.4612,1,1
162,41,512.00,456.00,74.00,71.00,0.8294,1,1
162,44,974.00,283.00,32.00,28.00,0.2971,1,1
163,1,1045.00,152.00,75.00,67.00,0.9226,1,1
163,3,597.00,4.00,50.00,27.00,0.7621,1,1
163,4,678.00,275.00,31.00,22.00,0.2867,1,1
163,5,655.00,209.00,68.00,76.00,0.8741,1,1
163,7,935.00,22.00,45.00,42.00,0.2753,1,1
163,17,662.00,183.00,25.00,33.00,0.5465,1,1
163,24,973.00,151.00,24.00,40.00,0.4466,1,1
163,41,513.00,457.00,72.00,69.00,0.8052,1,1
163,44,974.00,283.00,32.00,28.00,0.3047,1,1
164,1,1045.00,152.00,75.00,67.00,0.9222,1,1
164,3,597.00,3.00,50.00,28.00,0.7626,1,1
164,5,655.00,209.00,68.00,76.00,0.8744,1,1
164,17,662.00,183.00,25.00,33.00,0.5434,1,1
164,24,973.00,151.00,24.00,40.00,0.4440,1,1
164,41,513.00,457.00,72.00,69.00,0.8063,1,1
164,44,974.00,283.00,32.00,28.00,0.3023,1,1
165,1,1044.00,152.00,75.00,66.00,0.9279,1,1
165,3,600.00,3.00,50.00,27.00,0.8758,1,1
165,5,654.00,209.00,70.00,76.00,0.8698,1,1
165,17,666.00,179.00,23.00,36.00,0.6620,1,1
165,24,975.00,151.00,24.00,40.00,0.4440,1,1
165,41,512.00,458.00,72.00,68.00,0.7905,1,1
165,44,975.00,284.00,31.00,27.00,0.3163,1,1
166,1,1044.00,152.00,75.00,66.00,0.9292,1,1
166,3,613.00,3.00,41.00,24.00,0.8908,1,1
166,5,654.00,208.00,71.00,77.00,0.8761,1,1
166,12,623.00,5.00,28.00,32.00,0.2519,1,1
166,17,668.00,176.00,25.00,37.00,0.6650,1,1
166,41,513.00,458.00,71.00,68.00,0.8229,1,1
166,44,974.00,284.00,32.00,27.00,0.2814,1,1
167,1,1044.00,153.00,75.00,65.00,0.9283,1,1
167,2,975.00,150.00,24.00,41.00,0.2573,1,1
167,3,614.00,3.00,43.00,24.00,0.9205,1,1
167,5,655.00,208.00,71.00,78.00,0.8893,1,1
167,12,624.00,5.00,31.00,31.00,0.3156,1,1
167,17,671.00,176.00,25.00,34.00,0.4456,1,1
167,41,512.00,458.00,72.00,68.00,0.8155,1,1
167,44,973.00,284.00,32.00,27.00,0.2747,1,1
168,1,1044.00,152.00,75.00,66.00,0.9265,1,1
168,2,976.00,151.00,24.00,41.00,0.2573,1,1
168,3,617.00,3.00,43.00,23.00,0.9301,1,1
168,5,655.00,207.00,73.00,79.00,0.8781,1,1
168,12,625.00,4.00,33.00,32.00,0.2891,1,1
168,17,680.00,178.00,23.00,35.00,0.5645,1,1
168,41,512.00,459.00,71.00,68.00,0.8276,1,1
168,44,972.00,283.00,32.00,28.00,0.2814,1,1
169,1,1045.00,152.00,75.00,66.00,0.9243,1,1
169,3,619.00,2.00,45.00,24.00,0.8877,1,1
169,5,655.00,207.00,76.00,79.00,0.8727,1,1
169,12,626.00,4.00,35.00,32.00,0.2517,1,1
169,17,688.00,177.00,26.00,36.00,0.7673,1,1
169,41,512.00,459.00,73.00,68.00,0.7817,1,1
169,44,973.00,284.00,32.00,27.00,0.3031,1,1
170,1,1045.00,152.00,75.00,66.00,0.9243,1,1
170,3,620.00,2.00,44.00,24.00,0.8881,1,1
170,5,655.00,207.00,75.00,79.00,0.8740,1,1
170,12,626.00,4.00,35.00,32.00,0.2512,1,1
170,17,688.00,177.00,26.00,36.00,0.7667,1,1
170,41,511.00,459.00,74.00,68.00,0.7842,1,1
170,44,973.00,284.00,32.00,27.00,0.2981,1,1
171,1,1047.00,152.00,74.00,68.00,0.9276,1,1
171,3,625.00,2.00,45.00,26.00,0.8317,1,1
171,5,654.00,206.00,72.00,80.00,0.8823,1,1
171,12,626.00,3.00,35.00,33.00,0.2512,1,1
171,17,697.00,176.00,28.00,35.00,0.7426,1,1
171,41,511.00,459.00,74.00,69.00,0.7936,1,1
171,44,974.00,283.00,32.00,28.00,0.3014,1,1
172,1,1051.00,154.00,71.00,67.00,0.9299,1,1
172,3,636.00,3.00,41.00,24.00,0.8870,1,1
172,5,654.00,206.00,71.00,80.00,0.8637,1,1
172,17,705.00,172.00,28.00,36.00,0.4508,1,1
172,41,511.00,459.00,74.00,70.00,0.7839,1,1
172,44,975.00,283.00,32.00,28.00,0.2944,1,1
173,1,1053.00,155.00,70.00,66.00,0.9232,1,1
173,3,640.00,2.00,42.00,25.00,0.9238,1,1
173,5,654.00,208.00,71.00,78.00,0.8767,1,1
173,17,710.00,171.00,28.00,37.00,0.4508,1,1
173,41,511.00,460.00,74.00,70.00,0.7446,1,1
173,44,976.00,283.00,33.00,28.00,0.2866,1,1
174,1,1055.00,156.00,72.00,67.00,0.9286,1,1
174,3,642.00,3.00,45.00,25.00,0.8789,1,1
174,5,654.00,208.00,71.00,78.00,0.8484,1,1
174,9,717.00,284.00,23.00,25.00,0.3895,1,1
174,41,511.00,460.00,74.00,70.00,0.7268,1,1
174,44,976.00,282.00,33.00,29.00,0.2831,1,1
175,1,1058.00,158.00,73.00,66.00,0.9189,1,1
175,3,647.00,2.00,47.00,28.00,0.8864,1,1
175,5,654.00,208.00,71.00,78.00,0.7828,1,1
175,9,714.00,281.00,24.00,27.00,0.2883,1,1
175,24,725.00,135.00,31.00,34.00,0.2817,1,1
175,41,511.00,461.00,76.00,71.00,0.6587,1,1
175,44,973.00,283.00,34.00,28.00,0.3191,1,1
176,1,1058.00,158.00,73.00,66.00,0.9190,1,1
176,3,647.00,2.00,47.00,28.00,0.8866,1,1
176,5,654.00,208.00,71.00,78.00,0.7812,1,1
176,9,714.00,281.00,24.00,27.00,0.2929,1,1
176,24,725.00,135.00,30.00,34.00,0.2793,1,1
176,41,511.00,461.00,76.00,71.00,0.6595,1,1
176,44,973.00,283.00,33.00,29.00,0.3184,1,1
177,1,1060.00,158.00,72.00,67.00,0.9235,1,1
177,3,660.00,3.00,44.00,28.00,0.9425,1,1
177,4,712.00,276.00,27.00,31.00,0.3408,1,1
177,5,655.00,208.00,74.00,78.00,0.7958,1,1
177,9,713.00,280.00,24.00,28.00,0.2929,1,1
177,12,666.00,3.00,35.00,33.00,0.3753,1,1
177,17,766.00,162.00,30.00,41.00,0.4082,1,1
177,24,712.00,134.00,30.00,34.00,0.2793,1,1
177,41,511.00,461.00,77.00,72.00,0.5786,1,1
177,44,972.00,282.00,34.00,30.00,0.3195,1,1
178,1,1062.00,158.00,71.00,68.00,0.9193,1,1
178,3,666.00,5.00,45.00,25.00,0.9398,1,1
178,4,716.00,276.00,28.00,30.00,0.4523,1,1
178,5,655.00,208.00,76.00,78.00,0.7684,1,1
178,9,724.00,286.00,23.00,26.00,0.2733,1,1
178,12,670.00,4.00,39.00,32.00,0.4259,1,1
178,17,774.00,161.00,30.00,41.00,0.4082,1,1
178,21,655.00,208.00,75.00,77.00,0.2909,1,1
178,41,511.00,461.00,77.00,73.00,0.6529,1,1
178,44,972.00,282.00,34.00,30.00,0.3195,1,1
179,1,1063.00,160.00,71.00,65.00,0.9218,1,1
179,2,767.00,130.00,29.00,28.00,0.7047,1,1
179,3,670.00,5.00,45.00,25.00,0.9398,1,1
179,4,718.00,276.00,28.00,31.00,0.4523,1,1
179,5,656.00,208.00,76.00,78.00,0.8360,1,1
179,9,719.00,282.00,24.00,27.00,0.4871,1,1
179,12,670.00,3.00,49.00,33.00,0.8648,1,1
179,21,655.00,208.00,75.00,77.00,0.2617,1,1
179,41,511.00,461.00,77.00,72.00,0.6650,1,1
180,1,1064.00,161.00,72.00,65.00,0.9271,1,1
180,2,753.00,129.00,30.00,27.00,0.7047,1,1
180,3,688.00,6.00,43.00,29.00,0.9196,1,1
180,4,719.00,282.00,26.00,27.00,0.4757,1,1
180,5,656.00,208.00,77.00,78.00,0.8360,1,1
180,9,724.00,285.00,23.00,27.00,0.3155,1,1
180,12,691.00,6.00,41.00,32.00,0.3142,1,1
180,21,656.00,209.00,69.00,76.00,0.8560,1,1
180,24,810.00,154.00,31.00,27.00,0.4708,1,1
180,41,511.00,460.00,78.00,73.00,0.6687,1,1
181,1,1064.00,161.00,72.00,66.00,0.9329,1,1
181,3,691.00,4.00,47.00,32.00,0.7424,1,1
181,4,721.00,283.00,26.00,27.00,0.4757,1,1
181,9,723.00,285.00,24.00,25.00,0.6231,1,1
181,12,696.00,6.00,41.00,32.00,0.3142,1,1
181,21,657.00,210.00,66.00,76.00,0.8538,1,1
181,24,817.00,155.00,32.00,26.00,0.5264,1,1
181,41,511.00,460.00,78.00,73.00,0.6532,1,1
182,1,1064.00,161.00,72.00,66.00,0.9329,1,1
182,3,690.00,4.00,48.00,32.00,0.7424,1,1
182,9,723.00,285.00,24.00,25.00,0.6229,1,1
182,21,657.00,210.00,66.00,76.00,0.8543,1,1
182,24,817.00,155.00,32.00,26.00,0.5309,1,1
182,41,511.00,460.00,78.00,73.00,0.6563,1,1
183,1,1064.00,160.00,73.00,68.00,0.9383,1,1
183,3,716.00,5.00,31.00,32.00,0.4180,1,1
183,9,723.00,286.00,25.00,25.00,0.5808,1,1
183,12,707.00,5.00,41.00,34.00,0.8553,1,1
183,17,616.00,159.00,24.00,31.00,0.5565,1,1
183,21,654.00,211.00,65.00,74.00,0.7900,1,1
183,24,826.00,157.00,27.00,25.00,0.3223,1,1
183,41,510.00,460.00,78.00,73.00,0.6435,1,1
184,1,1064.00,160.00,73.00,68.00,0.9356,1,1
184,3,714.00,7.00,43.00,28.00,0.7983,1,1
184,5,653.00,210.00,68.00,75.00,0.5653,1,1
184,9,723.00,286.00,25.00,24.00,0.5188,1,1
184,12,722.00,7.00,34.00,30.00,0.5016,1,1
184,17,619.00,162.00,24.00,30.00,0.5437,1,1
184,21,654.00,210.00,65.00,75.00,0.7034,1,1
184,24,836.00,160.00,25.00,26.00,0.2879,1,1
184,41,511.00,459.00,78.00,75.00,0.6804,1,1
185,1,1064.00,160.00,73.00,69.00,0.9391,1,1
185,3,719.00,6.00,45.00,31.00,0.8003,1,1
185,5,654.00,210.00,66.00,75.00,0.6230,1,1
185,7,961.00,32.00,49.00,52.00,0.2735,1,1
185,9,723.00,286.00,26.00,25.00,0.5196,1,1
185,12,728.00,7.00,33.00,30.00,0.5016,1,1
185,17,622.00,163.00,25.00,27.00,0.4585,1,1
185,21,654.00,210.00,65.00,76.00,0.6146,1,1
185,24,842.00,162.00,24.00,25.00,0.2879,1,1
185,41,511.00,459.00,79.00,74.00,0.7222,1,1
186,1,1064.00,160.00,72.00,68.00,0.9337,1,1
186,2,623.00,165.00,26.00,28.00,0.2854,1,1
186,3,736.00,7.00,39.00,34.00,0.8681,1,1
186,4,1003.00,253.00,28.00,30.00,0.6693,1,1
186,5,655.00,210.00,65.00,76.00,0.6258,1,1
186,7,962.00,33.00,49.00,52.00,0.2735,1,1
186,9,723.00,285.00,25.00,26.00,0.6636,1,1
186,17,625.00,163.00,29.00,24.00,0.4686,1,1
186,21,656.00,210.00,64.00,75.00,0.4958,1,1
186,41,511.00,458.00,77.00,75.00,0.7363,1,1
187,1,1064.00,160.00,72.00,68.00,0.9295,1,1
187,2,626.00,160.00,26.00,30.00,0.4127,1,1
187,3,742.00,8.00,41.00,33.00,0.8681,1,1
187,4,998.00,256.00,30.00,30.00,0.5080,1,1
187,5,656.00,210.00,65.00,76.00,0.4543,1,1
187,9,723.00,285.00,25.00,26.00,0.5806,1,1
187,12,741.00,8.00,42.00,30.00,0.8218,1,1
187,17,622.00,162.00,29.00,24.00,0.4686,1,1
187,21,656.00,210.00,65.00,75.00,0.7879,1,1
187,41,511.00,458.00,78.00,74.00,0.7186,1,1
188,1,1064.00,160.00,72.00,68.00,0.9293,1,1
188,2,626.00,160.00,26.00,30.00,0.4083,1,1
188,4,998.00,256.00,30.00,30.00,0.5126,1,1
188,5,656.00,210.00,64.00,76.00,0.4680,1,1
188,9,723.00,285.00,25.00,26.00,0.5854,1,1
188,12,741.00,8.00,42.00,30.00,0.8227,1,1
188,21,656.00,210.00,65.00,75.00,0.7909,1,1
188,41,511.00,458.00,78.00,74.00,0.7217,1,1
189,1,1064.00,159.00,70.00,69.00,0.9262,1,1
189,2,621.00,167.00,26.00,29.00,0.2705,1,1
189,3,744.00,8.00,44.00,34.00,0.7577,1,1
189,4,989.00,256.00,34.00,31.00,0.5608,1,1
189,5,657.00,210.00,63.00,76.00,0.4680,1,1
189,9,724.00,285.00,24.00,27.00,0.5310,1,1
189,12,746.00,8.00,43.00,30.00,0.8227,1,1
189,21,656.00,210.00,65.00,74.00,0.7731,1,1
189,24,626.00,163.00,26.00,29.00,0.3323,1,1
189,41,511.00,459.00,76.00,71.00,0.7484,1,1
190,1,1063.00,161.00,71.00,66.00,0.9283,1,1
190,2,621.00,167.00,27.00,30.00,0.2959,1,1
190,3,756.00,11.00,39.00,33.00,0.8307,1,1
190,4,978.00,259.00,40.00,31.00,0.4658,1,1
190,5,656.00,210.00,65.00,75.00,0.5297,1,1
190,9,724.00,284.00,24.00,28.00,0.5829,1,1
190,21,655.00,210.00,66.00,74.00,0.6898,1,1
190,24,627.00,165.00,28.00,27.00,0.3412,1,1
190,41,510.00,458.00,75.00,72.00,0.5812,1,1
191,1,1063.00,161.00,70.00,66.00,0.9281,1,1
191,2,617.00,170.00,28.00,28.00,0.2852,1,1
191,3,755.00,9.00,48.00,33.00,0.7726,1,1
191,4,974.00,260.00,41.00,34.00,0.5491,1,1
191,5,655.00,210.00,65.00,75.00,0.5972,1,1
191,7,628.00,48.00,41.00,33.00,0.7367,1,1
191,9,724.00,284.00,25.00,28.00,0.6709,1,1
191,21,655.00,211.00,65.00,73.00,0.6622,1,1
191,24,614.00,166.00,29.00,27.00,0.3412,1,1
191,41,509.00,461.00,81.00,72.00,0.3427,1,1
192,1,1062.00,160.00,71.00,67.00,0.9284,1,1
192,2,608.00,173.00,28.00,27.00,0.2852,1,1
192,3,770.00,9.00,33.00,35.00,0.4867,1,1
192,4,989.00,260.00,42.00,34.00,0.5491,1,1
192,5,655.00,210.00,65.00,75.00,0.5871,1,1
192,7,628.00,47.00,41.00,32.00,0.6563,1,1
192,9,725.00,285.00,25.00,28.00,0.6028,1,1
192,12,760.00,10.00,47.00,32.00,0.5976,1,1
192,17,630.00,166.00,27.00,22.00,0.3092,1,1
192,21,654.00,210.00,66.00,73.00,0.6983,1,1
192,41,509.00,461.00,81.00,72.00,0.3427,1,1
192,44,968.00,277.00,37.00,33.00,0.5900,1,1
193,1,1062.00,159.00,71.00,69.00,0.9296,1,1
193,3,774.00,11.00,33.00,33.00,0.3861,1,1
193,5,654.00,210.00,66.00,75.00,0.6379,1,1
193,7,629.00,47.00,44.00,32.00,0.7661,1,1
193,9,725.00,285.00,26.00,29.00,0.6646,1,1
193,12,764.00,11.00,45.00,31.00,0.2661,1,1
193,17,629.00,166.00,26.00,21.00,0.3092,1,1
193,21,654.00,211.00,66.00,72.00,0.6421,1,1
193,44,965.00,279.00,37.00,32.00,0.6535,1,1
194,1,1062.00,159.00,71.00,69.00,0.9296,1,1
194,3,774.00,11.00,33.00,33.00,0.3877,1,1
194,5,654.00,210.00,66.00,74.00,0.6427,1,1
194,7,629.00,47.00,44.00,32.00,0.7661,1,1
194,9,725.00,285.00,26.00,29.00,0.6665,1,1
194,12,764.00,11.00,45.00,31.00,0.2693,1,1
194,21,654.00,211.00,66.00,72.00,0.6412,1,1
194,44,965.00,279.00,37.00,32.00,0.6555,1,1
195,1,1061.00,158.00,71.00,70.00,0.9244,1,1
195,3,782.00,13.00,31.00,32.00,0.3482,1,1
195,5,654.00,210.00,66.00,74.00,0.7229,1,1
195,7,629.00,47.00,45.00,33.00,0.7365,1,1
195,9,725.00,285.00,26.00,29.00,0.6655,1,1
195,12,768.00,11.00,46.00,30.00,0.3118,1,1
195,21,654.00,210.00,66.00,73.00,0.5600,1,1
195,44,961.00,281.00,39.00,32.00,0.5345,1,1
196,1,1059.00,159.00,72.00,69.00,0.9254,1,1
196,3,783.00,15.00,34.00,31.00,0.3771,1,1
196,5,655.00,210.00,66.00,73.00,0.6489,1,1
196,7,631.00,47.00,46.00,33.00,0.6166,1,1
196,9,725.00,285.00,27.00,29.00,0.6475,1,1
196,12,776.00,13.00,44.00,30.00,0.3020,1,1
196,21,654.00,210.00,67.00,72.00,0.6665,1,1
196,24,645.00,155.00,22.00,28.00,0.2890,1,1
196,44,960.00,286.00,39.00,28.00,0.6735,1,1
197,1,1058.00,160.00,73.00,69.00,0.9338,1,1
197,3,786.00,15.00,34.00,32.00,0.3088,1,1
197,5,655.00,209.00,66.00,73.00,0.4637,1,1
197,7,631.00,47.00,46.00,32.00,0.5610,1,1
197,9,725.00,285.00,26.00,29.00,0.6164,1,1
197,12,780.00,14.00,45.00,29.00,0.3020,1,1
197,21,655.00,210.00,66.00,72.00,0.7275,1,1
197,24,646.00,156.00,23.00,29.00,0.3590,1,1
197,44,959.00,287.00,38.00,27.00,0.5992,1,1
198,1,1058.00,160.00,72.00,68.00,0.9338,1,1
198,3,790.00,16.00,36.00,32.00,0.3088,1,1
198,5,655.00,209.00,67.00,73.00,0.6005,1,1
198,7,631.00,47.00,47.00,32.00,0.5606,1,1
198,9,725.00,284.00,26.00,30.00,0.5639,1,1
198,21,655.00,209.00,67.00,73.00,0.6117,1,1
198,24,647.00,158.00,24.00,30.00,0.3056,1,1
198,44,958.00,287.00,38.00,28.00,0.6292,1,1
199,1,1057.00,160.00,72.00,68.00,0.9283,1,1
199,5,654.00,209.00,67.00,73.00,0.4931,1,1
199,7,631.00,47.00,48.00,33.00,0.5517,1,1
199,9,726.00,285.00,23.00,30.00,0.5843,1,1
199,21,654.00,209.00,68.00,73.00,0.6929,1,1
199,24,645.00,158.00,24.00,30.00,0.3056,1,1
199,44,958.00,290.00,38.00,27.00,0.6659,1,1
200,1,1057.00,160.00,72.00,68.00,0.9285,1,1
200,5,654.00,209.00,68.00,73.00,0.4787,1,1
200,7,631.00,47.00,48.00,33.00,0.5457,1,1
200,9,726.00,285.00,24.00,30.00,0.5834,1,1
200,21,654.00,209.00,68.00,73.00,0.6952,1,1
200,44,958.00,290.00,38.00,27.00,0.6693,1,1
201,1,1057.00,160.00,71.00,68.00,0.9292,1,1
201,5,655.00,209.00,67.00,74.00,0.6650,1,1
201,7,631.00,47.00,49.00,33.00,0.3912,1,1
201,9,726.00,285.00,22.00,30.00,0.5823,1,1
201,21,654.00,209.00,68.00,73.00,0.5690,1,1
201,44,960.00,289.00,36.00,27.00,0.6258,1,1
202,1,1057.00,160.00,71.00,68.00,0.9292,1,1
202,5,655.00,210.00,67.00,72.00,0.7185,1,1
202,7,631.00,47.00,50.00,32.00,0.3677,1,1
202,9,728.00,286.00,22.00,29.00,0.5804,1,1
202,21,655.00,210.00,67.00,72.00,0.4995,1,1
202,24,652.00,157.00,23.00,31.00,0.2851,1,1
202,44,961.00,290.00,35.00,26.00,0.6051,1,1
203,1,1057.00,160.00,71.00,66.00,0.9249,1,1
203,5,655.00,210.00,67.00,73.00,0.7668,1,1
203,7,632.00,47.00,49.00,32.00,0.4068,1,1
203,9,728.00,285.00,21.00,29.00,0.5200,1,1
203,12,770.00,2.00,61.00,26.00,0.4668,1,1
203,21,655.00,210.00,67.00,72.00,0.3048,1,1
203,24,652.00,157.00,22.00,31.00,0.2851,1,1
203,44,960.00,290.00,35.00,27.00,0.6118,1,1
204,1,1058.00,160.00,70.00,67.00,0.9251,1,1
204,5,655.00,210.00,67.00,73.00,0.7540,1,1
204,7,632.00,47.00,50.00,32.00,0.2644,1,1
204,9,726.00,284.00,23.00,29.00,0.5276,1,1
204,12,770.00,3.00,62.00,24.00,0.4094,1,1
204,21,654.00,209.00,68.00,72.00,0.2994,1,1
204,44,958.00,290.00,37.00,27.00,0.6324,1,1
205,1,1058.00,160.00,70.00,67.00,0.9222,1,1
205,5,654.00,209.00,68.00,74.00,0.8022,1,1
205,7,628.00,47.00,51.00,32.00,0.2644,1,1
205,9,729.00,286.00,23.00,28.00,0.5371,1,1
205,12,775.00,3.00,58.00,24.00,0.2768,1,1
205,21,654.00,209.00,68.00,72.00,0.2994,1,1
205,44,960.00,289.00,36.00,27.00,0.6366,1,1
206,1,1058.00,160.00,70.00,67.00,0.9228,1,1
206,5,654.00,209.00,68.00,74.00,0.8013,1,1
206,9,729.00,286.00,23.00,28.00,0.5371,1,1
206,12,775.00,3.00,58.00,24.00,0.2767,1,1
206,44,960.00,289.00,36.00,27.00,0.6403,1,1
207,1,1060.00,159.00,70.00,68.00,0.9192,1,1
207,5,655.00,209.00,67.00,74.00,0.8333,1,1
207,9,730.00,287.00,23.00,27.00,0.5400,1,1
207,12,776.00,3.00,56.00,24.00,0.2574,1,1
207,44,961.00,290.00,35.00,26.00,0.5663,1,1
208,1,1060.00,160.00,70.00,67.00,0.9291,1,1
208,5,655.00,210.00,68.00,73.00,0.8044,1,1
208,9,730.00,286.00,24.00,28.00,0.5085,1,1
208,12,774.00,2.00,58.00,25.00,0.3389,1,1
208,44,960.00,290.00,36.00,26.00,0.5604,1,1
209,1,1061.00,159.00,71.00,69.00,0.9177,1,1
209,5,655.00,210.00,68.00,72.00,0.7996,1,1
209,9,730.00,286.00,22.00,28.00,0.5155,1,1
209,12,772.00,1.00,60.00,27.00,0.4746,1,1
209,24,654.00,163.00,21.00,27.00,0.2808,1,1
209,44,961.00,290.00,35.00,26.00,0.5562,1,1
210,1,1063.00,158.00,70.00,71.00,0.9040,1,1
210,5,655.00,210.00,68.00,72.00,0.7996,1,1
210,9,730.00,287.00,23.00,28.00,0.5189,1,1
210,12,766.00,2.00,63.00,25.00,0.5311,1,1
210,21,656.00,210.00,67.00,71.00,0.7878,1,1
210,24,653.00,163.00,22.00,28.00,0.3503,1,1
210,44,961.00,289.00,35.00,27.00,0.4904,1,1
211,1,1065.00,159.00,69.00,69.00,0.9041,1,1
211,5,655.00,210.00,67.00,73.00,0.7994,1,1
211,9,732.00,289.00,24.00,26.00,0.5365,1,1
211,12,765.00,0.00,64.00,25.00,0.3441,1,1
211,21,656.00,210.00,67.00,71.00,0.7878,1,1
211,24,654.00,163.00,21.00,27.00,0.3288,1,1
211,44,960.00,289.00,36.00,28.00,0.5469,1,1
212,1,1065.00,159.00,69.00,69.00,0.9045,1,1
212,5,655.00,210.00,67.00,73.00,0.7995,1,1
212,9,732.00,290.00,24.00,25.00,0.5348,1,1
212,12,765.00,0.00,64.00,25.00,0.3406,1,1
212,24,654.00,163.00,21.00,27.00,0.3379,1,1
212,44,960.00,289.00,36.00,28.00,0.5461,1,1
213,1,1066.00,158.00,71.00,71.00,0.9227,1,1
213,2,1024.00,159.00,21.00,36.00,0.3095,1,1
213,5,655.00,210.00,67.00,74.00,0.7803,1,1
213,9,732.00,291.00,24.00,25.00,0.5679,1,1
213,12,767.00,1.00,60.00,25.00,0.4206,1,1
213,24,652.00,164.00,22.00,27.00,0.3999,1,1
213,44,960.00,289.00,36.00,28.00,0.5861,1,1
214,1,1067.00,159.00,71.00,70.00,0.9066,1,1
214,2,1025.00,158.00,26.00,37.00,0.4520,1,1
214,5,655.00,210.00,67.00,74.00,0.7322,1,1
214,9,732.00,292.00,24.00,24.00,0.5514,1,1
214,12,762.00,2.00,62.00,24.00,0.4957,1,1
214,21,655.00,211.00,66.00,72.00,0.4040,1,1
214,24,652.00,164.00,22.00,27.00,0.3999,1,1
214,44,960.00,290.00,35.00,27.00,0.5585,1,1
215,1,1068.00,159.00,74.00,70.00,0.9201,1,1
215,2,1027.00,157.00,28.00,38.00,0.2972,1,1
215,5,655.00,210.00,67.00,74.00,0.7689,1,1
215,9,732.00,292.00,24.00,24.00,0.5383,1,1
215,12,755.00,2.00,66.00,25.00,0.3359,1,1
215,21,655.00,209.00,66.00,74.00,0.2521,1,1
215,44,960.00,290.00,36.00,27.00,0.5270,1,1
216,1,1071.00,159.00,72.00,70.00,0.9110,1,1
216,2,1031.00,158.00,27.00,36.00,0.4823,1,1
216,5,656.00,210.00,66.00,74.00,0.7226,1,1
216,9,732.00,291.00,24.00,25.00,0.5364,1,1
216,12,753.00,2.00,67.00,24.00,0.3359,1,1
216,21,655.00,210.00,67.00,73.00,0.3893,1,1
216,44,960.00,290.00,36.00,27.00,0.5726,1,1
217,1,1073.00,160.00,72.00,69.00,0.9024,1,1
217,2,1035.00,158.00,27.00,36.00,0.4219,1,1
217,5,656.00,210.00,66.00,73.00,0.7576,1,1
217,9,732.00,290.00,24.00,26.00,0.4090,1,1
217,12,755.00,1.00,62.00,26.00,0.4939,1,1
217,21,655.00,209.00,67.00,73.00,0.2665,1,1
217,44,959.00,291.00,38.00,26.00,0.6614,1,1
218,1,1073.00,160.00,72.00,69.00,0.9023,1,1
218,2,1035.00,158.00,27.00,36.00,0.4218,1,1
218,5,656.00,210.00,66.00,73.00,0.7567,1,1
218,9,732.00,290.00,24.00,26.00,0.4104,1,1
218,12,755.00,1.00,62.00,26.00,0.4974,1,1
218,21,655.00,209.00,67.00,73.00,0.2586,1,1
218,44,959.00,291.00,38.00,26.00,0.6628,1,1
219,1,1075.00,160.00,71.00,69.00,0.8998,1,1
219,2,1036.00,158.00,26.00,34.00,0.5831,1,1
219,3,775.00,12.00,33.00,34.00,0.2651,1,1
219,5,655.00,210.00,67.00,73.00,0.7260,1,1
219,7,1029.00,43.00,44.00,50.00,0.5196,1,1
219,9,730.00,288.00,22.00,27.00,0.3898,1,1
219,12,754.00,1.00,60.00,27.00,0.4618,1,1
219,21,655.00,209.00,67.00,74.00,0.3686,1,1
219,44,961.00,290.00,37.00,27.00,0.6774,1,1
220,1,1076.00,161.00,70.00,68.00,0.9071,1,1
220,2,1039.00,158.00,25.00,34.00,0.5528,1,1
220,3,774.00,12.00,34.00,33.00,0.2651,1,1
220,5,655.00,210.00,67.00,73.00,0.7375,1,1
220,7,1031.00,43.00,44.00,50.00,0.3968,1,1
220,9,730.00,291.00,21.00,27.00,0.4463,1,1
220,12,748.00,1.00,63.00,27.00,0.5341,1,1
220,21,654.00,209.00,67.00,73.00,0.2598,1,1
220,44,962.00,290.00,37.00,27.00,0.6621,1,1
221,1,1078.00,161.00,71.00,68.00,0.9142,1,1
221,2,1042.00,157.00,27.00,34.00,0.2864,1,1
221,5,654.00,210.00,67.00,73.00,0.6858,1,1
221,7,1033.00,43.00,44.00,52.00,0.4442,1,1
221,9,731.00,291.00,25.00,27.00,0.5324,1,1
221,12,747.00,1.00,62.00,27.00,0.5209,1,1
221,21,653.00,209.00,68.00,73.00,0.4764,1,1
221,44,963.00,289.00,37.00,28.00,0.6263,1,1
222,1,1078.00,161.00,76.00,68.00,0.9192,1,1
222,2,1046.00,159.00,30.00,33.00,0.2718,1,1
222,5,654.00,210.00,66.00,74.00,0.6104,1,1
222,7,1032.00,44.00,45.00,52.00,0.4563,1,1
222,9,732.00,290.00,25.00,27.00,0.6350,1,1
222,12,744.00,0.00,61.00,29.00,0.5903,1,1
222,17,1052.00,164.00,26.00,30.00,0.2962,1,1
222,21,653.00,210.00,67.00,74.00,0.5978,1,1
222,44,963.00,287.00,38.00,28.00,0.5564,1,1
223,1,1078.00,163.00,76.00,66.00,0.9230,1,1
223,2,1049.00,159.00,29.00,33.00,0.3969,1,1
223,5,655.00,210.00,66.00,74.00,0.5521,1,1
223,7,1033.00,44.00,45.00,52.00,0.3212,1,1
223,9,733.00,290.00,24.00,26.00,0.5621,1,1
223,12,742.00,0.00,61.00,29.00,0.4462,1,1
223,17,1053.00,164.00,25.00,30.00,0.4080,1,1
223,21,654.00,209.00,66.00,75.00,0.6149,1,1
223,44,967.00,287.00,37.00,28.00,0.6395,1,1
224,1,1078.00,163.00,76.00,66.00,0.9240,1,1
224,2,1049.00,159.00,28.00,33.00,0.3958,1,1
224,5,655.00,210.00,66.00,74.00,0.5522,1,1
224,7,1033.00,44.00,45.00,52.00,0.3381,1,1
224,9,733.00,290.00,24.00,26.00,0.5607,1,1
224,12,742.00,1.00,61.00,28.00,0.4468,1,1
224,17,1053.00,164.00,25.00,30.00,0.4111,1,1
224,21,654.00,209.00,66.00,75.00,0.6147,1,1
224,44,967.00,287.00,37.00,28.00,0.6378,1,1
225,1,1078.00,164.00,77.00,66.00,0.8820,1,1
225,2,1051.00,160.00,27.00,32.00,0.5178,1,1
225,3,754.00,7.00,42.00,38.00,0.2987,1,1
225,5,655.00,210.00,65.00,74.00,0.5465,1,1
225,7,1033.00,45.00,45.00,51.00,0.6213,1,1
225,9,732.00,289.00,25.00,26.00,0.4879,1,1
225,12,737.00,1.00,64.00,28.00,0.4313,1,1
225,17,1055.00,164.00,24.00,30.00,0.4772,1,1
225,21,654.00,209.00,66.00,75.00,0.6192,1,1
225,44,968.00,286.00,36.00,29.00,0.6368,1,1
226,1,1079.00,164.00,77.00,67.00,0.8714,1,1
226,2,1053.00,161.00,25.00,30.00,0.5874,1,1
226,3,748.00,7.00,47.00,37.00,0.4088,1,1
226,5,654.00,209.00,66.00,74.00,0.7458,1,1
226,7,1033.00,46.00,47.00,50.00,0.5488,1,1
226,9,732.00,289.00,24.00,26.00,0.4785,1,1
226,12,734.00,1.00,64.00,29.00,0.4628,1,1
226,17,1068.00,164.00,24.00,30.00,0.4772,1,1
226,21,655.00,209.00,65.00,75.00,0.4422,1,1
226,24,762.00,18.00,34.00,32.00,0.2727,1,1
226,44,968.00,285.00,39.00,30.00,0.6817,1,1
227,1,1079.00,167.00,77.00,65.00,0.7863,1,1
227,2,1054.00,161.00,24.00,30.00,0.5562,1,1
227,3,749.00,8.00,44.00,36.00,0.3167,1,1
227,5,656.00,210.00,64.00,74.00,0.2980,1,1
227,7,1033.00,46.00,48.00,50.00,0.4031,1,1
227,9,731.00,289.00,25.00,26.00,0.4867,1,1
227,12,731.00,1.00,64.00,29.00,0.4444,1,1
227,21,655.00,209.00,66.00,75.00,0.7752,1,1
227,24,759.00,18.00,34.00,31.00,0.2541,1,1
227,44,970.00,285.00,37.00,29.00,0.6122,1,1
228,1,1080.00,168.00,76.00,66.00,0.7605,1,1
228,2,1058.00,165.00,23.00,30.00,0.6028,1,1
228,3,746.00,8.00,46.00,36.00,0.3167,1,1
228,5,655.00,210.00,65.00,74.00,0.3566,1,1
228,7,1033.00,45.00,48.00,51.00,0.5214,1,1
228,9,730.00,290.00,23.00,26.00,0.4889,1,1
228,12,730.00,1.00,64.00,29.00,0.4082,1,1
228,21,654.00,209.00,66.00,75.00,0.7961,1,1
228,24,765.00,15.00,35.00,31.00,0.2541,1,1
228,44,978.00,282.00,44.00,29.00,0.2514,1,1
229,1,1082.00,170.00,76.00,67.00,0.7738,1,1
229,2,1057.00,165.00,25.00,31.00,0.5926,1,1
229,5,655.00,210.00,66.00,73.00,0.4830,1,1
229,7,1039.00,43.00,43.00,51.00,0.4695,1,1
229,9,729.00,288.00,23.00,26.00,0.5148,1,1
229,12,723.00,1.00,67.00,27.00,0.2767,1,1
229,17,1057.00,230.00,28.00,26.00,0.2877,1,1
229,21,654.00,209.00,66.00,74.00,0.7421,1,1
229,24,750.00,19.00,33.00,31.00,0.3051,1,1
229,44,974.00,283.00,44.00,27.00,0.3232,1,1
230,1,1082.00,170.00,76.00,67.00,0.7702,1,1
230,2,1057.00,165.00,25.00,31.00,0.5931,1,1
230,3,750.00,18.00,33.00,31.00,0.3031,1,1
230,5,655.00,210.00,66.00,73.00,0.4816,1,1
230,7,1039.00,43.00,43.00,51.00,0.4597,1,1
230,9,729.00,288.00,24.00,26.00,0.5156,1,1
230,12,724.00,0.00,66.00,26.00,0.2774,1,1
230,17,1058.00,230.00,27.00,26.00,0.2868,1,1
230,21,654.00,209.00,66.00,74.00,0.7405,1,1
230,24,754.00,19.00,34.00,31.00,0.3051,1,1
230,44,974.00,283.00,43.00,27.00,0.3220,1,1
230,46,993.00,272.00,32.00,29.00,0.3426,1,1
230,47,970.00,285.00,36.00,28.00,0.4971,1,1
231,1,1082.00,172.00,76.00,65.00,0.6653,1,1
231,2,1057.00,165.00,25.00,31.00,0.5438,1,1
231,3,748.00,19.00,33.00,31.00,0.3031,1,1
231,5,655.00,210.00,65.00,73.00,0.5636,1,1
231,7,1039.00,42.00,41.00,52.00,0.5342,1,1
231,9,730.00,287.00,26.00,26.00,0.5260,1,1
231,12,722.00,1.00,64.00,27.00,0.3870,1,1
231,17,1055.00,232.00,27.00,25.00,0.5645,1,1
231,21,654.00,209.00,66.00,74.00,0.7745,1,1
231,44,975.00,282.00,44.00,28.00,0.3220,1,1
231,46,1000.00,272.00,26.00,31.00,0.3150,1,1
231,47,972.00,287.00,37.00,27.00,0.5522,1,1
232,1,1083.00,173.00,76.00,64.00,0.5180,1,1
232,2,1057.00,167.00,26.00,29.00,0.4952,1,1
232,3,730.00,13.00,45.00,34.00,0.2502,1,1
232,5,654.00,210.00,66.00,73.00,0.6154,1,1
232,7,1039.00,41.00,42.00,50.00,0.5763,1,1
232,9,730.00,287.00,25.00,26.00,0.4860,1,1
232,12,718.00,2.00,65.00,27.00,0.4097,1,1
232,17,1058.00,235.00,27.00,24.00,0.5837,1,1
232,21,653.00,210.00,67.00,73.00,0.7930,1,1
232,46,1001.00,271.00,27.00,31.00,0.2916,1,1
232,47,974.00,288.00,35.00,26.00,0.5424,1,1
233,1,1083.00,175.00,78.00,64.00,0.3601,1,1
233,2,1057.00,165.00,25.00,31.00,0.5044,1,1
233,3,727.00,11.00,46.00,35.00,0.2961,1,1
233,5,654.00,210.00,66.00,73.00,0.4644,1,1
233,7,1036.00,42.00,45.00,48.00,0.7910,1,1
233,9,730.00,286.00,24.00,27.00,0.4658,1,1
233,12,713.00,2.00,67.00,27.00,0.3547,1,1
233,17,1059.00,235.00,27.00,25.00,0.4580,1,1
233,21,653.00,210.00,67.00,74.00,0.8410,1,1
233,46,1003.00,270.00,26.00,31.00,0.3475,1,1
233,47,975.00,289.00,37.00,26.00,0.5106,1,1
234,1,1084.00,176.00,78.00,66.00,0.3344,1,1
234,2,1056.00,164.00,26.00,32.00,0.3868,1,1
234,3,726.00,11.00,45.00,35.00,0.4030,1,1
234,5,654.00,210.00,65.00,73.00,0.3649,1,1
234,7,1037.00,41.00,44.00,49.00,0.7916,1,1
234,9,730.00,287.00,24.00,27.00,0.4469,1,1
234,12,710.00,2.00,67.00,27.00,0.3078,1,1
234,17,1058.00,237.00,29.00,24.00,0.4219,1,1
234,21,653.00,210.00,66.00,74.00,0.8623,1,1
234,24,723.00,20.00,39.00,30.00,0.2825,1,1
234,46,1002.00,271.00,27.00,30.00,0.4751,1,1
234,47,980.00,288.00,38.00,26.00,0.4310,1,1
235,1,1086.00,177.00,78.00,68.00,0.4810,1,1
235,2,1056.00,164.00,27.00,32.00,0.3121,1,1
235,3,725.00,12.00,43.00,34.00,0.4908,1,1
235,5,655.00,210.00,65.00,73.00,0.3441,1,1
235,7,1036.00,40.00,44.00,49.00,0.7413,1,1
235,9,732.00,293.00,24.00,24.00,0.4175,1,1
235,12,707.00,2.00,67.00,27.00,0.3078,1,1
235,17,1055.00,238.00,28.00,24.00,0.2569,1,1
235,21,654.00,210.00,66.00,73.00,0.8501,1,1
235,24,722.00,18.00,43.00,31.00,0.4224,1,1
235,44,974.00,288.00,40.00,28.00,0.4316,1,1
235,46,1002.00,271.00,27.00,29.00,0.3241,1,1
235,47,982.00,289.00,37.00,26.00,0.4310,1,1
236,1,1086.00,177.00,78.00,68.00,0.4994,1,1
236,2,1056.00,163.00,27.00,33.00,0.3126,1,1
236,3,725.00,12.00,43.00,34.00,0.4919,1,1
236,5,655.00,210.00,65.00,73.00,0.3249,1,1
236,7,1036.00,40.00,44.00,49.00,0.7426,1,1
236,9,733.00,294.00,23.00,23.00,0.4121,1,1
236,17,1055.00,238.00,28.00,24.00,0.2572,1,1
236,21,654.00,210.00,66.00,73.00,0.8548,1,1
236,24,722.00,18.00,43.00,31.00,0.4220,1,1
236,44,974.00,288.00,40.00,28.00,0.4285,1,1
236,46,1003.00,271.00,26.00,28.00,0.3252,1,1
237,1,1086.00,178.00,79.00,69.00,0.8072,1,1
237,2,1058.00,164.00,27.00,33.00,0.3126,1,1
237,3,722.00,10.00,43.00,35.00,0.4696,1,1
237,5,655.00,210.00,65.00,73.00,0.3249,1,1
237,7,1040.00,40.00,44.00,49.00,0.7426,1,1
237,9,731.00,296.00,25.00,22.00,0.2530,1,1
237,17,1059.00,242.00,28.00,24.00,0.2572,1,1
237,21,655.00,210.00,66.00,73.00,0.8763,1,1
237,24,719.00,18.00,45.00,31.00,0.3788,1,1
237,44,969.00,292.00,35.00,27.00,0.3671,1,1
237,46,1003.00,271.00,27.00,28.00,0.3252,1,1
237,47,734.00,300.00,22.00,20.00,0.5206,1,1
238,1,1086.00,178.00,80.00,71.00,0.8072,1,1
238,3,721.00,9.00,42.00,36.00,0.4179,1,1
238,5,656.00,210.00,65.00,74.00,0.3131,1,1
238,9,740.00,306.00,18.00,20.00,0.4481,1,1
238,12,705.00,1.00,64.00,28.00,0.2560,1,1
238,21,655.00,210.00,67.00,73.00,0.8384,1,1
238,24,720.00,19.00,42.00,30.00,0.3276,1,1
238,44,967.00,297.00,36.00,28.00,0.3247,1,1
238,46,1001.00,271.00,28.00,27.00,0.2503,1,1
238,47,701.00,302.00,21.00,19.00,0.5206,1,1
239,1,1086.00,183.00,78.00,70.00,0.6638,1,1
239,3,715.00,6.00,45.00,37.00,0.3402,1,1
239,5,655.00,210.00,67.00,74.00,0.3912,1,1
239,7,1029.00,38.00,45.00,50.00,0.5973,1,1
239,9,741.00,307.00,18.00,20.00,0.4481,1,1
239,12,701.00,1.00,65.00,29.00,0.4868,1,1
239,17,1043.00,245.00,38.00,24.00,0.2750,1,1
239,21,654.00,210.00,68.00,74.00,0.8368,1,1
239,24,717.00,19.00,42.00,31.00,0.2836,1,1
239,44,966.00,299.00,40.00,27.00,0.3331,1,1
239,46,1001.00,271.00,28.00,27.00,0.2503,1,1
240,1,1087.00,187.00,77.00,67.00,0.8969,1,1
240,3,716.00,7.00,43.00,36.00,0.3737,1,1
240,5,654.00,211.00,68.00,73.00,0.8742,1,1
240,7,1029.00,36.00,44.00,52.00,0.5699,1,1
240,12,698.00,1.00,67.00,29.00,0.6096,1,1
240,17,1044.00,248.00,39.00,25.00,0.2750,1,1
240,21,654.00,211.00,67.00,74.00,0.3868,1,1
240,24,715.00,19.00,42.00,31.00,0.3962,1,1
240,44,967.00,302.00,34.00,26.00,0.2798,1,1
241,1,1086.00,188.00,77.00,68.00,0.9256,1,1
241,3,715.00,7.00,43.00,36.00,0.2559,1,1
241,5,656.00,211.00,65.00,75.00,0.3806,1,1
241,7,1024.00,35.00,48.00,52.00,0.5862,1,1
241,12,698.00,1.00,65.00,29.00,0.6096,1,1
241,21,655.00,211.00,67.00,74.00,0.8270,1,1
241,24,714.00,19.00,41.00,31.00,0.3308,1,1
241,44,966.00,303.00,35.00,26.00,0.2798,1,1
242,1,1086.00,188.00,77.00,68.00,0.9249,1,1
242,3,715.00,7.00,43.00,36.00,0.2560,1,1
242,5,656.00,211.00,65.00,75.00,0.3848,1,1
242,7,1024.00,35.00,48.00,52.00,0.5974,1,1
242,12,698.00,1.00,65.00,29.00,0.6087,1,1
242,21,655.00,211.00,67.00,74.00,0.8237,1,1
242,24,714.00,19.00,41.00,31.00,0.3320,1,1
243,1,1084.00,191.00,79.00,68.00,0.9265,1,1
243,3,713.00,7.00,43.00,36.00,0.2560,1,1
243,5,656.00,211.00,66.00,75.00,0.3848,1,1
243,7,1020.00,37.00,50.00,50.00,0.7316,1,1
243,12,696.00,2.00,67.00,29.00,0.6878,1,1
243,17,685.00,265.00,32.00,24.00,0.3321,1,1
243,21,656.00,210.00,67.00,74.00,0.8558,1,1
243,24,713.00,19.00,41.00,31.00,0.2808,1,1
244,1,1082.00,191.00,80.00,71.00,0.9279,1,1
244,7,1021.00,36.00,47.00,51.00,0.3807,1,1
244,12,693.00,2.00,67.00,30.00,0.7517,1,1
244,17,686.00,265.00,31.00,24.00,0.3691,1,1
244,21,657.00,211.00,66.00,73.00,0.8955,1,1
244,24,714.00,20.00,40.00,31.00,0.3078,1,1
245,1,1080.00,192.00,80.00,72.00,0.9285,1,1
245,5,658.00,211.00,65.00,74.00,0.2580,1,1
245,7,1017.00,36.00,50.00,51.00,0.5201,1,1
245,12,692.00,2.00,68.00,30.00,0.7555,1,1
245,17,687.00,265.00,30.00,24.00,0.4288,1,1
245,21,658.00,212.00,65.00,73.00,0.8495,1,1
245,24,714.00,20.00,40.00,31.00,0.3078,1,1
245,44,956.00,326.00,37.00,27.00,0.2772,1,1
246,1,1077.00,194.00,81.00,69.00,0.9289,1,1
246,2,996.00,267.00,29.00,26.00,0.2835,1,1
246,5,658.00,212.00,66.00,75.00,0.2651,1,1
246,7,1011.00,36.00,54.00,51.00,0.4507,1,1
246,9,742.00,314.00,21.00,22.00,0.4505,1,1
246,12,691.00,2.00,68.00,29.00,0.7390,1,1
246,17,667.00,268.00,30.00,24.00,0.4288,1,1
246,21,658.00,211.00,67.00,76.00,0.8654,1,1
246,24,715.00,20.00,37.00,32.00,0.2739,1,1
246,44,954.00,332.00,40.00,26.00,0.2534,1,1
247,1,1074.00,195.00,83.00,71.00,0.9244,1,1
247,2,993.00,274.00,29.00,26.00,0.2835,1,1
247,5,658.00,212.00,67.00,78.00,0.5193,1,1
247,7,1009.00,38.00,53.00,52.00,0.4763,1,1
247,9,751.00,296.00,23.00,23.00,0.3718,1,1
247,12,688.00,2.00,69.00,28.00,0.7115,1,1
247,21,657.00,212.00,69.00,77.00,0.7934,1,1
247,24,713.00,20.00,37.00,32.00,0.3859,1,1
247,44,954.00,338.00,38.00,27.00,0.2760,1,1
248,1,1074.00,195.00,83.00,71.00,0.9244,1,1
248,5,658.00,212.00,67.00,78.00,0.5194,1,1
248,7,1009.00,39.00,53.00,52.00,0.4871,1,1
248,9,750.00,295.00,24.00,24.00,0.3713,1,1
248,12,688.00,2.00,69.00,28.00,0.7119,1,1
248,21,657.00,212.00,69.00,77.00,0.7954,1,1
248,24,713.00,20.00,37.00,32.00,0.3893,1,1
248,44,954.00,337.00,38.00,28.00,0.2757,1,1
249,1,1071.00,196.00,82.00,72.00,0.9249,1,1
249,2,980.00,279.00,35.00,30.00,0.5439,1,1
249,3,711.00,20.00,37.00,32.00,0.5907,1,1
249,5,658.00,211.00,66.00,79.00,0.5525,1,1
249,7,1007.00,39.00,51.00,53.00,0.3622,1,1
249,9,752.00,295.00,23.00,23.00,0.3713,1,1
249,12,686.00,2.00,70.00,28.00,0.6940,1,1
249,17,718.00,286.00,27.00,23.00,0.6005,1,1
249,21,658.00,212.00,67.00,76.00,0.8129,1,1
249,24,700.00,22.00,42.00,30.00,0.2687,1,1
249,44,951.00,338.00,31.00,28.00,0.2721,1,1
250,1,1068.00,198.00,82.00,70.00,0.9272,1,1
250,2,976.00,285.00,35.00,31.00,0.5439,1,1
250,3,709.00,20.00,38.00,33.00,0.6294,1,1
250,5,658.00,211.00,67.00,77.00,0.6003,1,1
250,7,1006.00,39.00,51.00,53.00,0.3622,1,1
250,12,686.00,2.00,68.00,27.00,0.5168,1,1
250,17,716.00,279.00,30.00,25.00,0.7642,1,1
250,21,658.00,212.00,67.00,75.00,0.8125,1,1
250,24,699.00,22.00,44.00,30.00,0.3435,1,1
250,44,950.00,341.00,30.00,28.00,0.2721,1,1
251,1,1064.00,199.00,82.00,70.00,0.9285,1,1
251,3,708.00,21.00,38.00,33.00,0.6294,1,1
251,5,657.00,211.00,70.00,76.00,0.4782,1,1
251,12,685.00,3.00,66.00,26.00,0.2803,1,1
251,17,714.00,271.00,31.00,26.00,0.6094,1,1
251,21,657.00,212.00,71.00,74.00,0.8146,1,1
251,24,706.00,20.00,38.00,32.00,0.6431,1,1
251,44,946.00,364.00,39.00,25.00,0.2887,1,1
252,1,1062.00,201.00,82.00,69.00,0.9103,1,1
252,5,658.00,211.00,72.00,75.00,0.6710,1,1
252,12,683.00,2.00,68.00,27.00,0.3542,1,1
252,17,713.00,266.00,31.00,27.00,0.5731,1,1
252,21,658.00,211.00,72.00,75.00,0.7815,1,1
252,24,709.00,19.00,37.00,33.00,0.6422,1,1
252,44,944.00,363.00,40.00,28.00,0.3638,1,1
253,1,1059.00,202.00,81.00,67.00,0.9140,1,1
253,5,660.00,211.00,76.00,75.00,0.7285,1,1
253,12,681.00,3.00,70.00,26.00,0.2931,1,1
253,17,716.00,262.00,29.00,29.00,0.3955,1,1
253,21,660.00,211.00,76.00,74.00,0.7050,1,1
253,24,710.00,18.00,37.00,33.00,0.6383,1,1
253,44,942.00,368.00,41.00,28.00,0.3638,1,1
254,1,1059.00,202.00,81.00,67.00,0.9138,1,1
254,3,702.00,9.00,44.00,38.00,0.3173,1,1
254,5,660.00,211.00,76.00,75.00,0.7289,1,1
254,12,682.00,3.00,69.00,26.00,0.2884,1,1
254,17,716.00,262.00,29.00,30.00,0.3974,1,1
254,21,660.00,211.00,76.00,74.00,0.7039,1,1
254,24,710.00,18.00,37.00,33.00,0.6394,1,1
255,1,1056.00,202.00,81.00,68.00,0.9086,1,1
255,3,702.00,8.00,44.00,40.00,0.3088,1,1
255,5,663.00,212.00,76.00,73.00,0.8033,1,1
255,12,682.00,3.00,69.00,25.00,0.3113,1,1
255,17,713.00,263.00,30.00,29.00,0.2510,1,1
255,21,662.00,213.00,78.00,72.00,0.5753,1,1
255,24,709.00,18.00,38.00,33.00,0.6428,1,1
256,1,1053.00,202.00,80.00,69.00,0.9268,1,1
256,3,701.00,7.00,45.00,41.00,0.3195,1,1
256,5,664.00,214.00,77.00,70.00,0.8396,1,1
256,12,681.00,3.00,68.00,25.00,0.3113,1,1
256,17,709.00,264.00,30.00,29.00,0.2510,1,1
256,21,664.00,214.00,78.00,70.00,0.3476,1,1
256,24,709.00,17.00,38.00,33.00,0.6142,1,1
257,1,1050.00,204.00,82.00,68.00,0.9283,1,1
257,3,700.00,6.00,47.00,42.00,0.3172,1,1
257,5,665.00,214.00,78.00,70.00,0.8396,1,1
257,21,665.00,215.00,77.00,68.00,0.7975,1,1
257,24,709.00,17.00,38.00,33.00,0.5914,1,1
258,1,1045.00,206.00,84.00,67.00,0.9335,1,1
258,2,750.00,197.00,27.00,46.00,0.4263,1,1
258,3,704.00,6.00,45.00,41.00,0.3780,1,1
258,9,971.00,305.00,33.00,29.00,0.2563,1,1
258,21,666.00,216.00,78.00,65.00,0.8614,1,1
258,24,709.00,17.00,40.00,33.00,0.5779,1,1
259,1,1041.00,207.00,86.00,68.00,0.9307,1,1
259,2,744.00,205.00,22.00,44.00,0.5312,1,1
259,3,705.00,6.00,47.00,40.00,0.3449,1,1
259,9,987.00,306.00,34.00,29.00,0.2563,1,1
259,21,667.00,218.00,77.00,62.00,0.8271,1,1
259,24,707.00,17.00,43.00,33.00,0.4501,1,1
260,1,1041.00,207.00,86.00,68.00,0.9308,1,1
260,2,744.00,205.00,22.00,44.00,0.5229,1,1
260,3,705.00,6.00,47.00,40.00,0.3434,1,1
260,21,667.00,218.00,77.00,62.00,0.8277,1,1
260,24,707.00,17.00,43.00,33.00,0.4454,1,1
261,1,1038.00,209.00,88.00,67.00,0.9250,1,1
261,2,742.00,211.00,21.00,42.00,0.3533,1,1
261,3,709.00,5.00,47.00,40.00,0.3024,1,1
261,17,965.00,307.00,32.00,29.00,0.2506,1,1
261,21,668.00,218.00,78.00,60.00,0.7899,1,1
261,24,708.00,17.00,44.00,33.00,0.3094,1,1
262,1,1034.00,210.00,92.00,66.00,0.9141,1,1
262,2,742.00,213.00,21.00,42.00,0.3812,1,1
262,3,712.00,5.00,46.00,40.00,0.3458,1,1
262,5,669.00,218.00,78.00,60.00,0.4377,1,1
262,7,955.00,58.00,52.00,53.00,0.7371,1,1
262,17,987.00,311.00,31.00,29.00,0.2506,1,1
262,21,670.00,218.00,77.00,59.00,0.7352,1,1
262,24,709.00,17.00,47.00,33.00,0.3720,1,1
263,1,1031.00,211.00,93.00,65.00,0.9053,1,1
263,2,732.00,213.00,20.00,43.00,0.3812,1,1
263,3,717.00,6.00,42.00,39.00,0.3740,1,1
263,5,671.00,219.00,79.00,60.00,0.7551,1,1
263,7,951.00,57.00,51.00,54.00,0.6515,1,1
263,21,671.00,219.00,79.00,59.00,0.3262,1,1
263,24,711.00,17.00,48.00,33.00,0.3960,1,1
264,1,1029.00,211.00,90.00,64.00,0.9122,1,1
264,3,724.00,7.00,39.00,38.00,0.3251,1,1
264,5,672.00,218.00,79.00,60.00,0.6973,1,1
264,7,947.00,57.00,52.00,55.00,0.6515,1,1
264,21,673.00,219.00,79.00,59.00,0.5207,1,1
264,24,714.00,16.00,48.00,35.00,0.3163,1,1
265,1,1027.00,210.00,86.00,65.00,0.9127,1,1
265,3,726.00,7.00,38.00,38.00,0.3251,1,1
265,5,674.00,219.00,81.00,60.00,0.5474,1,1
265,9,714.00,272.00,30.00,24.00,0.4876,1,1
265,21,673.00,218.00,81.00,60.00,0.6588,1,1
265,24,722.00,17.00,45.00,34.00,0.5616,1,1
266,1,1027.00,210.00,86.00,65.00,0.9127,1,1
266,5,674.00,219.00,81.00,60.00,0.5488,1,1
266,9,714.00,272.00,30.00,24.00,0.4870,1,1
266,21,673.00,218.00,81.00,61.00,0.6568,1,1
266,24,722.00,17.00,45.00,34.00,0.5620,1,1
267,1,1025.00,208.00,86.00,67.00,0.9187,1,1
267,2,759.00,210.00,24.00,41.00,0.3989,1,1
267,3,735.00,17.00,40.00,34.00,0.6128,1,1
267,5,676.00,218.00,81.00,61.00,0.6574,1,1
267,9,714.00,273.00,30.00,24.00,0.5176,1,1
267,21,675.00,218.00,81.00,60.00,0.5302,1,1
267,24,724.00,18.00,45.00,33.00,0.4688,1,1
268,1,1024.00,208.00,84.00,66.00,0.9220,1,1
268,2,768.00,208.00,24.00,43.00,0.7054,1,1
268,3,737.00,18.00,40.00,33.00,0.6128,1,1
268,5,677.00,218.00,80.00,59.00,0.6308,1,1
268,7,933.00,59.00,49.00,51.00,0.6160,1,1
268,9,714.00,272.00,31.00,24.00,0.4579,1,1
268,12,715.00,2.00,69.00,29.00,0.4499,1,1
268,17,954.00,309.00,32.00,26.00,0.2868,1,1
268,21,677.00,217.00,79.00,59.00,0.4938,1,1
268,24,738.00,18.00,40.00,33.00,0.4285,1,1
269,1,1025.00,207.00,82.00,66.00,0.9299,1,1
269,2,775.00,207.00,26.00,45.00,0.7280,1,1
269,5,677.00,218.00,82.00,60.00,0.5336,1,1
269,7,929.00,60.00,49.00,50.00,0.6160,1,1
269,9,709.00,270.00,31.00,24.00,0.4579,1,1
269,12,721.00,1.00,67.00,30.00,0.4927,1,1
269,17,955.00,308.00,35.00,26.00,0.2786,1,1
269,21,677.00,218.00,81.00,61.00,0.5760,1,1
269,24,741.00,18.00,41.00,33.00,0.3582,1,1
270,1,1023.00,205.00,85.00,67.00,0.9285,1,1
270,2,788.00,207.00,25.00,41.00,0.7496,1,1
270,3,744.00,19.00,41.00,32.00,0.3729,1,1
270,5,678.00,217.00,81.00,60.00,0.7581,1,1
270,7,924.00,58.00,47.00,51.00,0.3310,1,1
270,9,717.00,272.00,32.00,25.00,0.2681,1,1
270,12,726.00,1.00,69.00,29.00,0.3602,1,1
270,17,954.00,308.00,33.00,26.00,0.3297,1,1
270,21,678.00,217.00,81.00,60.00,0.4379,1,1
270,24,743.00,18.00,42.00,33.00,0.3582,1,1
271,1,1023.00,203.00,85.00,67.00,0.9254,1,1
271,2,796.00,206.00,23.00,38.00,0.6436,1,1
271,3,747.00,20.00,41.00,32.00,0.3729,1,1
271,5,678.00,217.00,82.00,59.00,0.7581,1,1
271,7,920.00,59.00,47.00,51.00,0.3310,1,1
271,9,713.00,271.00,33.00,25.00,0.2681,1,1
271,12,732.00,1.00,68.00,28.00,0.3007,1,1
271,17,955.00,307.00,35.00,27.00,0.3747,1,1
271,21,679.00,217.00,79.00,59.00,0.8557,1,1
271,24,746.00,21.00,46.00,32.00,0.5738,1,1
271,44,970.00,298.00,40.00,29.00,0.2843,1,1
272,1,1023.00,203.00,85.00,67.00,0.9252,1,1
272,2,796.00,206.00,23.00,38.00,0.6478,1,1
272,12,732.00,1.00,67.00,28.00,0.3047,1,1
272,17,955.00,307.00,35.00,27.00,0.3771,1,1
272,21,679.00,217.00,79.00,59.00,0.8604,1,1
272,24,746.00,21.00,46.00,32.00,0.5735,1,1
272,44,970.00,298.00,39.00,29.00,0.2842,1,1
273,1,1023.00,202.00,87.00,67.00,0.9252,1,1
273,2,803.00,199.00,27.00,39.00,0.6475,1,1
273,3,756.00,19.00,40.00,35.00,0.3285,1,1
273,9,716.00,273.00,33.00,24.00,0.2629,1,1
273,12,736.00,0.00,68.00,31.00,0.6705,1,1
273,17,955.00,306.00,36.00,27.00,0.5560,1,1
273,21,679.00,217.00,80.00,60.00,0.8854,1,1
273,24,747.00,22.00,45.00,32.00,0.4050,1,1
273,44,971.00,295.00,40.00,30.00,0.2842,1,1
274,1,1023.00,201.00,87.00,67.00,0.9225,1,1
274,2,811.00,195.00,28.00,39.00,0.6286,1,1
274,3,759.00,20.00,40.00,34.00,0.3285,1,1
274,7,912.00,57.00,48.00,52.00,0.6301,1,1
274,9,717.00,273.00,33.00,25.00,0.2912,1,1
274,12,740.00,1.00,68.00,32.00,0.7523,1,1
274,17,955.00,305.00,38.00,27.00,0.6163,1,1
274,21,679.00,216.00,80.00,62.00,0.8620,1,1
274,24,749.00,22.00,45.00,32.00,0.4050,1,1
275,1,1023.00,201.00,87.00,66.00,0.9230,1,1
275,2,820.00,193.00,26.00,38.00,0.7655,1,1
275,7,909.00,58.00,46.00,50.00,0.4798,1,1
275,9,715.00,273.00,33.00,25.00,0.2912,1,1
275,12,743.00,1.00,68.00,32.00,0.7455,1,1
275,17,954.00,304.00,39.00,28.00,0.6833,1,1
275,21,679.00,216.00,80.00,62.00,0.8538,1,1
276,1,1023.00,200.00,88.00,66.00,0.9248,1,1
276,2,824.00,187.00,25.00,38.00,0.6308,1,1
276,7,907.00,56.00,46.00,52.00,0.5203,1,1
276,12,745.00,1.00,69.00,32.00,0.7462,1,1
276,17,953.00,302.00,36.00,30.00,0.6560,1,1
276,21,680.00,216.00,80.00,61.00,0.8637,1,1
277,1,1023.00,198.00,88.00,66.00,0.9272,1,1
277,2,828.00,188.00,25.00,37.00,0.6639,1,1
277,7,903.00,57.00,46.00,51.00,0.5203,1,1
277,12,746.00,1.00,70.00,32.00,0.7607,1,1
277,17,954.00,301.00,32.00,31.00,0.7145,1,1
277,21,680.00,216.00,80.00,61.00,0.8835,1,1
277,24,761.00,22.00,47.00,35.00,0.3034,1,1
278,1,1023.00,198.00,88.00,66.00,0.9268,1,1
278,2,828.00,189.00,25.00,36.00,0.6612,1,1
278,12,746.00,1.00,70.00,33.00,0.7654,1,1
278,17,954.00,301.00,32.00,31.00,0.7142,1,1
278,21,680.00,216.00,80.00,61.00,0.8831,1,1
278,24,761.00,22.00,47.00,35.00,0.3006,1,1
279,1,1023.00,197.00,88.00,67.00,0.9269,1,1
279,2,832.00,188.00,24.00,36.00,0.6350,1,1
279,7,903.00,57.00,47.00,50.00,0.4893,1,1
279,12,749.00,1.00,70.00,31.00,0.7439,1,1
279,17,954.00,300.00,34.00,30.00,0.7562,1,1
279,21,680.00,217.00,79.00,61.00,0.8749,1,1
279,24,763.00,23.00,48.00,35.00,0.3006,1,1
280,1,1022.00,196.00,88.00,68.00,0.9278,1,1
280,2,832.00,183.00,26.00,39.00,0.6369,1,1
280,7,902.00,57.00,50.00,50.00,0.7815,1,1
280,9,878.00,199.00,24.00,36.00,0.4288,1,1
280,12,752.00,1.00,68.00,32.00,0.7645,1,1
280,17,955.00,298.00,32.00,30.00,0.7017,1,1
280,21,681.00,216.00,78.00,63.00,0.8789,1,1
281,1,1021.00,195.00,90.00,67.00,0.9322,1,1
281,2,832.00,182.00,29.00,41.00,0.5843,1,1
281,7,901.00,57.00,48.00,51.00,0.7712,1,1
281,9,873.00,200.00,26.00,35.00,0.5214,1,1
281,12,756.00,1.00,68.00,32.00,0.6836,1,1
281,17,954.00,296.00,28.00,32.00,0.7234,1,1
281,21,681.00,216.00,78.00,63.00,0.8858,1,1
282,1,1021.00,193.00,89.00,67.00,0.9345,1,1
282,2,833.00,186.00,28.00,41.00,0.3994,1,1
282,3,634.00,47.00,51.00,30.00,0.2524,1,1
282,7,901.00,57.00,48.00,51.00,0.7913,1,1
282,9,866.00,199.00,27.00,36.00,0.4226,1,1
282,12,757.00,0.00,66.00,33.00,0.6791,1,1
282,17,954.00,293.00,36.00,32.00,0.6777,1,1
282,21,681.00,217.00,78.00,63.00,0.8797,1,1
283,1,1023.00,192.00,87.00,67.00,0.9339,1,1
283,2,831.00,192.00,28.00,37.00,0.3798,1,1
283,3,634.00,47.00,51.00,31.00,0.3687,1,1
283,5,957.00,288.00,47.00,28.00,0.2844,1,1
283,7,900.00,57.00,49.00,50.00,0.7919,1,1
283,9,876.00,194.00,27.00,36.00,0.4226,1,1
283,12,758.00,0.00,68.00,33.00,0.6288,1,1
283,17,956.00,291.00,41.00,30.00,0.6350,1,1
283,21,681.00,217.00,79.00,63.00,0.8815,1,1
283,44,921.00,374.00,45.00,36.00,0.3072,1,1
284,1,1023.00,192.00,87.00,67.00,0.9335,1,1
284,2,832.00,192.00,27.00,37.00,0.3801,1,1
284,3,634.00,47.00,51.00,31.00,0.3657,1,1
284,5,958.00,288.00,46.00,28.00,0.2827,1,1
284,7,900.00,57.00,49.00,50.00,0.7923,1,1
284,12,758.00,0.00,68.00,33.00,0.6292,1,1
284,17,956.00,291.00,41.00,30.00,0.6358,1,1
284,21,681.00,217.00,78.00,63.00,0.8811,1,1
284,44,921.00,374.00,45.00,36.00,0.3056,1,1
285,1,1024.00,191.00,85.00,66.00,0.9391,1,1
285,2,830.00,196.00,27.00,36.00,0.4311,1,1
285,3,634.00,47.00,51.00,31.00,0.3693,1,1
285,5,975.00,292.00,44.00,26.00,0.2827,1,1
285,7,900.00,57.00,49.00,51.00,0.7931,1,1
285,12,757.00,0.00,70.00,34.00,0.6871,1,1
285,17,954.00,290.00,33.00,30.00,0.4132,1,1
285,21,681.00,217.00,79.00,64.00,0.8820,1,1
285,44,921.00,371.00,47.00,37.00,0.4994,1,1
286,1,1026.00,190.00,85.00,67.00,0.9385,1,1
286,2,825.00,197.00,26.00,35.00,0.4457,1,1
286,3,634.00,47.00,51.00,31.00,0.3939,1,1
286,5,958.00,283.00,34.00,28.00,0.3458,1,1
286,7,901.00,56.00,49.00,52.00,0.8011,1,1
286,12,759.00,0.00,69.00,34.00,0.7225,1,1
286,17,956.00,285.00,29.00,32.00,0.3161,1,1
286,21,682.00,217.00,78.00,63.00,0.8783,1,1
286,44,926.00,363.00,42.00,39.00,0.5551,1,1
287,1,1030.00,188.00,83.00,68.00,0.9400,1,1
287,2,824.00,201.00,28.00,34.00,0.3960,1,1
287,3,634.00,47.00,51.00,31.00,0.3733,1,1
287,5,971.00,285.00,33.00,28.00,0.3458,1,1
287,7,901.00,55.00,51.00,54.00,0.8206,1,1
287,9,842.00,201.00,29.00,34.00,0.3087,1,1
287,12,759.00,0.00,69.00,33.00,0.6707,1,1
287,17,959.00,278.00,35.00,31.00,0.3505,1,1
287,21,683.00,217.00,77.00,64.00,0.8743,1,1
287,44,924.00,360.00,44.00,40.00,0.6182,1,1
288,1,1033.00,188.00,81.00,66.00,0.9425,1,1
288,2,818.00,197.00,27.00,39.00,0.6062,1,1
288,3,633.00,47.00,52.00,31.00,0.3312,1,1
288,7,903.00,53.00,52.00,55.00,0.8815,1,1
288,9,846.00,199.00,29.00,34.00,0.3087,1,1
288,12,758.00,1.00,69.00,32.00,0.5693,1,1
288,17,963.00,273.00,32.00,29.00,0.2955,1,1
288,21,683.00,217.00,78.00,63.00,0.8738,1,1
288,44,924.00,359.00,48.00,37.00,0.2777,1,1
289,1,1036.00,186.00,81.00,70.00,0.9282,1,1
289,2,815.00,199.00,27.00,39.00,0.6779,1,1
289,3,633.00,48.00,51.00,30.00,0.3094,1,1
289,5,977.00,268.00,33.00,23.00,0.4409,1,1
289,7,904.00,53.00,52.00,55.00,0.8769,1,1
289,12,755.00,0.00,73.00,31.00,0.6095,1,1
289,17,975.00,269.00,30.00,28.00,0.3891,1,1
289,21,684.00,217.00,77.00,62.00,0.8802,1,1
289,44,923.00,362.00,49.00,37.00,0.2777,1,1
290,1,1036.00,186.00,81.00,70.00,0.9284,1,1
290,2,815.00,199.00,27.00,39.00,0.6772,1,1
290,3,633.00,47.00,51.00,31.00,0.3175,1,1
290,5,977.00,268.00,33.00,23.00,0.4425,1,1
290,7,904.00,53.00,52.00,55.00,0.8767,1,1
290,12,755.00,0.00,73.00,31.00,0.6105,1,1
290,17,975.00,269.00,30.00,27.00,0.3902,1,1
290,21,684.00,217.00,77.00,62.00,0.8803,1,1
291,1,1039.00,185.00,80.00,71.00,0.9172,1,1
291,2,812.00,196.00,28.00,42.00,0.6741,1,1
291,3,633.00,47.00,52.00,31.00,0.2622,1,1
291,5,988.00,269.00,31.00,21.00,0.4425,1,1
291,7,907.00,54.00,51.00,56.00,0.8605,1,1
291,12,755.00,0.00,70.00,33.00,0.6250,1,1
291,17,977.00,267.00,30.00,27.00,0.3902,1,1
291,21,684.00,216.00,77.00,63.00,0.8768,1,1
291,44,951.00,325.00,32.00,27.00,0.6254,1,1
292,1,1043.00,183.00,78.00,70.00,0.9264,1,1
292,2,811.00,197.00,29.00,42.00,0.6598,1,1
292,3,631.00,48.00,52.00,31.00,0.2622,1,1
292,7,908.00,53.00,51.00,56.00,0.8334,1,1
292,9,1003.00,259.00,34.00,26.00,0.3406,1,1
292,12,754.00,0.00,69.00,32.00,0.6129,1,1
292,17,952.00,313.00,31.00,28.00,0.6788,1,1
292,21,684.00,215.00,76.00,65.00,0.8761,1,1
292,24,764.00,22.00,49.00,32.00,0.3327,1,1
292,44,952.00,323.00,32.00,27.00,0.6254,1,1
293,1,1046.00,182.00,80.00,69.00,0.9308,1,1
293,2,812.00,199.00,32.00,40.00,0.5128,1,1
293,7,913.00,53.00,52.00,57.00,0.8692,1,1
293,9,1020.00,264.00,35.00,25.00,0.3406,1,1
293,12,753.00,0.00,67.00,32.00,0.3306,1,1
293,17,952.00,317.00,31.00,28.00,0.6788,1,1
293,21,684.00,215.00,78.00,64.00,0.8809,1,1
293,24,763.00,22.00,48.00,31.00,0.2887,1,1
294,1,1048.00,180.00,79.00,68.00,0.9373,1,1
294,2,807.00,200.00,28.00,39.00,0.4231,1,1
294,7,918.00,53.00,52.00,57.00,0.8839,1,1
294,12,748.00,0.00,68.00,32.00,0.4391,1,1
294,17,962.00,295.00,41.00,33.00,0.6108,1,1
294,21,684.00,215.00,77.00,63.00,0.9002,1,1
294,24,764.00,22.00,47.00,30.00,0.2887,1,1
295,1,1052.00,177.00,76.00,71.00,0.9296,1,1
295,2,804.00,199.00,27.00,40.00,0.3343,1,1
295,7,920.00,52.00,55.00,59.00,0.8939,1,1
295,9,975.00,286.00,38.00,32.00,0.7244,1,1
295,12,744.00,0.00,66.00,33.00,0.6467,1,1
295,17,1000.00,279.00,32.00,35.00,0.2818,1,1
295,21,685.00,212.00,77.00,67.00,0.8982,1,1
296,1,1052.00,177.00,76.00,71.00,0.9296,1,1
296,2,804.00,199.00,27.00,40.00,0.3336,1,1
296,7,920.00,52.00,55.00,59.00,0.8934,1,1
296,9,975.00,286.00,38.00,32.00,0.7232,1,1
296,12,744.00,0.00,66.00,33.00,0.6459,1,1
296,17,999.00,279.00,33.00,35.00,0.2856,1,1
296,21,685.00,212.00,77.00,67.00,0.8978,1,1
297,1,1056.00,176.00,76.00,72.00,0.9183,1,1
297,2,802.00,200.00,27.00,40.00,0.5339,1,1
297,7,926.00,53.00,54.00,58.00,0.8634,1,1
297,9,981.00,283.00,39.00,34.00,0.7167,1,1
297,12,740.00,0.00,69.00,33.00,0.5526,1,1
297,17,994.00,278.00,38.00,36.00,0.3995,1,1
297,21,685.00,211.00,76.00,67.00,0.9046,1,1
297,44,1004.00,174.00,19.00,33.00,0.7128,1,1
298,1,1058.00,176.00,78.00,71.00,0.9124,1,1
298,2,801.00,201.00,27.00,39.00,0.6810,1,1
298,7,932.00,53.00,53.00,61.00,0.8852,1,1
298,9,985.00,286.00,38.00,32.00,0.7254,1,1
298,12,738.00,0.00,70.00,33.00,0.5526,1,1
298,17,995.00,281.00,39.00,33.00,0.3079,1,1
298,21,685.00,210.00,76.00,68.00,0.8934,1,1
298,24,745.00,20.00,49.00,32.00,0.4222,1,1
298,44,1010.00,177.00,19.00,32.00,0.4146,1,1
299,1,1061.00,176.00,77.00,68.00,0.8915,1,1
299,2,800.00,198.00,27.00,38.00,0.7087,1,1
299,7,937.00,56.00,52.00,59.00,0.9193,1,1
299,9,993.00,290.00,39.00,33.00,0.7254,1,1
299,17,997.00,284.00,34.00,33.00,0.4670,1,1
299,21,686.00,209.00,73.00,69.00,0.8969,1,1
299,24,743.00,18.00,46.00,34.00,0.4730,1,1
299,44,1015.00,181.00,18.00,33.00,0.3451,1,1
300,1,1064.00,175.00,76.00,69.00,0.8950,1,1
300,2,800.00,196.00,25.00,38.00,0.7607,1,1
300,7,943.00,56.00,53.00,62.00,0.8485,1,1
300,17,1002.00,295.00,28.00,32.00,0.5439,1,1
300,21,687.00,206.00,70.00,71.00,0.8580,1,1
300,24,739.00,18.00,43.00,32.00,0.4927,1,1
300,44,1018.00,186.00,20.00,33.00,0.2548,1,1
301,1,1066.00,173.00,75.00,67.00,0.8901,1,1
301,2,797.00,195.00,26.00,36.00,0.8107,1,1
301,3,728.00,11.00,48.00,38.00,0.3412,1,1
301,7,947.00,60.00,53.00,61.00,0.8277,1,1
301,17,1004.00,297.00,31.00,29.00,0.2624,1,1
301,21,688.00,206.00,67.00,73.00,0.8483,1,1
301,24,737.00,18.00,41.00,32.00,0.4786,1,1
301,44,1020.00,195.00,24.00,29.00,0.3880,1,1
302,1,1066.00,173.00,75.00,67.00,0.8900,1,1
302,2,797.00,195.00,26.00,36.00,0.8106,1,1
302,3,728.00,11.00,48.00,38.00,0.3390,1,1
302,7,947.00,60.00,53.00,61.00,0.8304,1,1
302,17,1005.00,297.00,29.00,29.00,0.2587,1,1
302,21,688.00,206.00,67.00,73.00,0.8484,1,1
302,24,737.00,18.00,41.00,32.00,0.4759,1,1
302,44,1020.00,195.00,24.00,28.00,0.3991,1,1
303,1,1068.00,172.00,75.00,66.00,0.9008,1,1
303,2,776.00,178.00,27.00,36.00,0.2752,1,1
303,3,723.00,10.00,45.00,37.00,0.4745,1,1
303,7,954.00,69.00,53.00,55.00,0.8257,1,1
303,9,792.00,194.00,28.00,33.00,0.7354,1,1
303,12,709.00,5.00,65.00,33.00,0.2898,1,1
303,17,1007.00,299.00,30.00,28.00,0.2587,1,1
303,21,686.00,203.00,70.00,76.00,0.8658,1,1
303,24,729.00,18.00,40.00,32.00,0.4707,1,1
303,44,1024.00,193.00,24.00,28.00,0.3991,1,1
304,1,1071.00,173.00,75.00,64.00,0.9261,1,1
304,2,771.00,170.00,27.00,36.00,0.3591,1,1
304,3,718.00,7.00,43.00,37.00,0.4376,1,1
304,7,961.00,75.00,50.00,54.00,0.7922,1,1
304,9,779.00,188.00,27.00,34.00,0.7354,1,1
304,12,705.00,5.00,66.00,33.00,0.2898,1,1
304,21,682.00,201.00,74.00,77.00,0.8914,1,1
304,24,726.00,17.00,39.00,32.00,0.4707,1,1
305,1,1074.00,172.00,74.00,64.00,0.9276,1,1
305,2,767.00,167.00,28.00,35.00,0.3591,1,1
305,3,708.00,5.00,48.00,37.00,0.4431,1,1
305,7,968.00,80.00,49.00,54.00,0.8753,1,1
305,9,780.00,188.00,28.00,36.00,0.3817,1,1
305,21,679.00,200.00,76.00,75.00,0.8884,1,1
306,1,1076.00,170.00,73.00,65.00,0.9308,1,1
306,2,768.00,177.00,29.00,42.00,0.3198,1,1
306,3,692.00,5.00,60.00,35.00,0.5482,1,1
306,7,972.00,81.00,50.00,56.00,0.8693,1,1
306,9,775.00,182.00,26.00,39.00,0.3174,1,1
306,21,679.00,200.00,74.00,72.00,0.8494,1,1
307,1,1077.00,171.00,73.00,63.00,0.9414,1,1
307,2,763.00,174.00,28.00,42.00,0.5729,1,1
307,3,692.00,3.00,62.00,36.00,0.5482,1,1
307,7,976.00,83.00,54.00,55.00,0.8754,1,1
307,9,765.00,177.00,26.00,40.00,0.3174,1,1
307,12,689.00,7.00,56.00,36.00,0.4795,1,1
307,21,679.00,199.00,73.00,70.00,0.8441,1,1
308,1,1077.00,171.00,73.00,63.00,0.9414,1,1
308,2,763.00,174.00,28.00,42.00,0.5735,1,1
308,7,976.00,83.00,54.00,55.00,0.8755,1,1
308,12,689.00,7.00,56.00,36.00,0.4798,1,1
308,21,679.00,199.00,73.00,70.00,0.8441,1,1
309,1,1079.00,171.00,72.00,63.00,0.9454,1,1
309,2,757.00,173.00,32.00,43.00,0.4264,1,1
309,7,983.00,84.00,51.00,55.00,0.7180,1,1
309,12,685.00,7.00,56.00,37.00,0.4798,1,1
309,21,676.00,199.00,73.00,70.00,0.8215,1,1
309,24,683.00,7.00,56.00,35.00,0.3044,1,1
310,1,1079.00,169.00,72.00,65.00,0.9457,1,1
310,2,757.00,177.00,31.00,38.00,0.4586,1,1
310,7,989.00,86.00,51.00,57.00,0.3368,1,1
310,21,672.00,200.00,76.00,67.00,0.8302,1,1
310,24,683.00,10.00,52.00,31.00,0.7394,1,1
311,1,1080.00,169.00,71.00,64.00,0.9483,1,1
311,2,754.00,176.00,31.00,39.00,0.4586,1,1
311,7,995.00,86.00,52.00,57.00,0.8391,1,1
311,17,976.00,228.00,25.00,36.00,0.3637,1,1
311,21,670.00,200.00,75.00,65.00,0.8361,1,1
311,24,680.00,11.00,48.00,32.00,0.8437,1,1
312,1,1080.00,169.00,71.00,64.00,0.9475,1,1
312,7,998.00,87.00,52.00,57.00,0.8008,1,1
312,9,740.00,151.00,25.00,31.00,0.2884,1,1
312,17,975.00,223.00,24.00,37.00,0.3637,1,1
312,21,666.00,200.00,76.00,64.00,0.7964,1,1
312,24,673.00,11.00,50.00,32.00,0.8074,1,1
313,1,1080.00,169.00,71.00,64.00,0.9459,1,1
313,5,671.00,244.00,39.00,30.00,0.2564,1,1
313,7,1002.00,88.00,54.00,57.00,0.7949,1,1
313,9,733.00,146.00,24.00,31.00,0.2884,1,1
313,21,661.00,201.00,76.00,64.00,0.7844,1,1
313,24,674.00,9.00,47.00,33.00,0.7906,1,1
314,1,1080.00,169.00,71.00,64.00,0.9463,1,1
314,5,671.00,244.00,39.00,30.00,0.2536,1,1
314,7,1002.00,88.00,54.00,57.00,0.7931,1,1
314,21,661.00,201.00,76.00,64.00,0.7790,1,1
314,24,674.00,9.00,47.00,33.00,0.7907,1,1
315,1,1080.00,169.00,71.00,64.00,0.9443,1,1
315,5,661.00,243.00,39.00,31.00,0.2536,1,1
315,7,1005.00,88.00,53.00,57.00,0.8514,1,1
315,21,659.00,200.00,79.00,65.00,0.7822,1,1
315,24,672.00,7.00,45.00,33.00,0.7035,1,1
315,44,1002.00,261.00,37.00,24.00,0.2656,1,1
316,1,1080.00,169.00,71.00,66.00,0.9425,1,1
316,5,668.00,249.00,32.00,28.00,0.3035,1,1
316,7,1010.00,88.00,51.00,57.00,0.8151,1,1
316,9,743.00,146.00,25.00,29.00,0.3980,1,1
316,21,654.00,200.00,77.00,66.00,0.8339,1,1
316,24,670.00,6.00,45.00,32.00,0.5441,1,1
316,44,1002.00,265.00,37.00,24.00,0.2656,1,1
317,1,1078.00,169.00,72.00,66.00,0.9412,1,1
317,3,662.00,0.00,56.00,15.00,0.2501,1,1
317,5,660.00,249.00,33.00,28.00,0.3035,1,1
317,7,1012.00,91.00,50.00,54.00,0.3941,1,1
317,9,739.00,142.00,25.00,30.00,0.3980,1,1
317,21,652.00,200.00,77.00,67.00,0.7440,1,1
317,24,669.00,5.00,46.00,31.00,0.5918,1,1
318,1,1077.00,169.00,71.00,65.00,0.9401,1,1
318,3,661.00,0.00,54.00,13.00,0.2501,1,1
318,7,1013.00,90.00,52.00,58.00,0.7909,1,1
318,9,750.00,139.00,23.00,28.00,0.2787,1,1
318,21,647.00,199.00,77.00,64.00,0.7368,1,1
318,24,668.00,4.00,44.00,32.00,0.4356,1,1
319,1,1077.00,169.00,71.00,65.00,0.9481,1,1
319,2,645.00,199.00,75.00,63.00,0.3384,1,1
319,7,1015.00,90.00,50.00,59.00,0.5242,1,1
319,9,748.00,135.00,22.00,28.00,0.2787,1,1
319,21,645.00,199.00,75.00,63.00,0.5684,1,1
319,24,670.00,4.00,42.00,30.00,0.3983,1,1
319,44,1005.00,270.00,37.00,24.00,0.3716,1,1
320,1,1077.00,169.00,71.00,65.00,0.9480,1,1
320,2,635.00,200.00,79.00,65.00,0.3384,1,1
320,7,1015.00,90.00,50.00,59.00,0.5130,1,1
320,17,645.00,199.00,74.00,63.00,0.3370,1,1
320,21,645.00,199.00,75.00,63.00,0.5677,1,1
320,24,670.00,4.00,42.00,30.00,0.3992,1,1
320,44,1005.00,270.00,37.00,24.00,0.3715,1,1
321,1,1076.00,169.00,72.00,65.00,0.9494,1,1
321,7,1014.00,93.00,51.00,60.00,0.8553,1,1
321,17,618.00,195.00,79.00,66.00,0.3370,1,1
321,21,641.00,199.00,75.00,62.00,0.5469,1,1
321,24,671.00,4.00,41.00,30.00,0.4781,1,1
321,44,1008.00,269.00,34.00,23.00,0.3410,1,1
322,1,1077.00,169.00,70.00,64.00,0.9511,1,1
322,5,996.00,219.00,25.00,28.00,0.4188,1,1
322,7,1011.00,96.00,54.00,60.00,0.8714,1,1
322,21,640.00,199.00,73.00,63.00,0.8143,1,1
322,24,675.00,3.00,41.00,28.00,0.6487,1,1
322,44,1008.00,272.00,34.00,22.00,0.3410,1,1
323,1,1073.00,169.00,73.00,64.00,0.9420,1,1
323,5,998.00,214.00,24.00,30.00,0.3340,1,1
323,7,1010.00,97.00,53.00,60.00,0.8843,1,1
323,21,637.00,199.00,73.00,63.00,0.8452,1,1
323,24,672.00,2.00,44.00,28.00,0.2629,1,1
324,1,1072.00,170.00,73.00,63.00,0.9425,1,1
324,5,1029.00,211.00,23.00,30.00,0.3340,1,1
324,7,1008.00,99.00,54.00,60.00,0.9272,1,1
324,21,633.00,199.00,74.00,61.00,0.8607,1,1
324,24,671.00,2.00,44.00,27.00,0.2629,1,1
325,1,1071.00,171.00,74.00,63.00,0.9380,1,1
325,5,1002.00,206.00,25.00,30.00,0.3976,1,1
325,7,1008.00,100.00,52.00,61.00,0.8900,1,1
325,21,629.00,200.00,76.00,61.00,0.8597,1,1
326,1,1071.00,171.00,74.00,63.00,0.9383,1,1
326,5,1002.00,206.00,25.00,30.00,0.3974,1,1
326,7,1008.00,100.00,52.00,61.00,0.8889,1,1
326,21,629.00,200.00,76.00,61.00,0.8598,1,1
327,1,1070.00,170.00,73.00,64.00,0.9133,1,1
327,5,1027.00,203.00,24.00,30.00,0.3974,1,1
327,7,1007.00,102.00,50.00,60.00,0.7139,1,1
327,21,627.00,200.00,75.00,64.00,0.8559,1,1
327,44,1020.00,261.00,29.00,23.00,0.2542,1,1
328,1,1068.00,169.00,73.00,65.00,0.9162,1,1
328,7,1005.00,104.00,51.00,61.00,0.6631,1,1
328,9,1004.00,204.00,26.00,28.00,0.4419,1,1
328,21,624.00,200.00,76.00,62.00,0.8356,1,1
328,44,1020.00,261.00,29.00,23.00,0.4372,1,1
329,1,1067.00,169.00,73.00,65.00,0.9237,1,1
329,7,1005.00,106.00,51.00,61.00,0.6631,1,1
329,9,1004.00,202.00,26.00,28.00,0.4483,1,1
329,21,623.00,201.00,76.00,60.00,0.7697,1,1
329,44,1021.00,260.00,29.00,23.00,0.5842,1,1
330,1,1066.00,169.00,72.00,65.00,0.9247,1,1
330,9,1003.00,200.00,26.00,30.00,0.4683,1,1
330,21,622.00,201.00,76.00,60.00,0.7592,1,1
330,44,1022.00,259.00,28.00,24.00,0.5867,1,1
331,1,1065.00,168.00,72.00,66.00,0.9278,1,1
331,9,1019.00,204.00,26.00,30.00,0.4683,1,1
331,21,620.00,202.00,78.00,59.00,0.6940,1,1
331,44,1022.00,259.00,28.00,23.00,0.5732,1,1
332,1,1065.00,168.00,72.00,66.00,0.9278,1,1
332,21,620.00,202.00,78.00,59.00,0.6951,1,1
332,44,1022.00,259.00,28.00,23.00,0.5741,1,1
333,1,1063.00,167.00,74.00,66.00,0.9188,1,1
333,21,621.00,201.00,76.00,61.00,0.6423,1,1
333,44,1022.00,258.00,27.00,23.00,0.5946,1,1
334,1,1062.00,168.00,74.00,66.00,0.9341,1,1
334,9,974.00,218.00,27.00,31.00,0.6453,1,1
334,21,620.00,201.00,75.00,59.00,0.6492,1,1
334,44,1025.00,258.00,24.00,23.00,0.5077,1,1
335,1,1062.00,168.00,74.00,66.00,0.9443,1,1
335,9,969.00,218.00,29.00,33.00,0.6621,1,1
335,21,619.00,202.00,75.00,58.00,0.6991,1,1
335,44,1026.00,258.00,23.00,24.00,0.4961,1,1
336,1,1060.00,170.00,76.00,65.00,0.9416,1,1
336,2,776.00,127.00,26.00,31.00,0.3209,1,1
336,7,994.00,109.00,50.00,56.00,0.6221,1,1
336,9,972.00,221.00,29.00,30.00,0.4667,1,1
336,21,620.00,202.00,73.00,58.00,0.6860,1,1
336,44,1026.00,257.00,22.00,25.00,0.4002,1,1
337,1,1059.00,171.00,76.00,63.00,0.9337,1,1
337,2,776.00,129.00,26.00,29.00,0.2799,1,1
337,7,995.00,106.00,49.00,58.00,0.5182,1,1
337,9,980.00,225.00,26.00,27.00,0.4423,1,1
337,21,621.00,201.00,73.00,61.00,0.5649,1,1
337,44,1027.00,257.00,21.00,25.00,0.2929,1,1
338,1,1059.00,171.00,76.00,64.00,0.9340,1,1
338,2,776.00,129.00,26.00,29.00,0.2831,1,1
338,7,995.00,106.00,49.00,58.00,0.5154,1,1
338,9,980.00,225.00,26.00,27.00,0.4448,1,1
338,21,621.00,201.00,73.00,61.00,0.5699,1,1
338,44,1027.00,257.00,21.00,25.00,0.2919,1,1
339,1,1056.00,170.00,77.00,64.00,0.9246,1,1
339,2,776.00,130.00,27.00,28.00,0.2700,1,1
339,7,993.00,106.00,51.00,58.00,0.5174,1,1
339,9,980.00,222.00,26.00,29.00,0.7205,1,1
339,21,618.00,201.00,75.00,59.00,0.6423,1,1
339,44,1026.00,258.00,20.00,26.00,0.2900,1,1
340,1,1053.00,170.00,79.00,64.00,0.9274,1,1
340,2,777.00,132.00,27.00,28.00,0.3022,1,1
340,7,992.00,106.00,51.00,58.00,0.5174,1,1
340,9,985.00,225.00,26.00,29.00,0.7205,1,1
340,17,976.00,212.00,27.00,37.00,0.6870,1,1
340,21,617.00,201.00,76.00,58.00,0.7172,1,1
340,44,1027.00,258.00,18.00,27.00,0.2900,1,1
341,1,1051.00,171.00,82.00,65.00,0.9251,1,1
341,2,777.00,133.00,27.00,29.00,0.3152,1,1
341,5,778.00,139.00,28.00,26.00,0.2922,1,1
341,7,990.00,103.00,50.00,58.00,0.4177,1,1
341,17,971.00,209.00,27.00,35.00,0.5349,1,1
341,21,618.00,202.00,76.00,58.00,0.6666,1,1
341,44,984.00,282.00,31.00,24.00,0.5240,1,1
342,1,1049.00,169.00,83.00,66.00,0.9236,1,1
342,2,777.00,133.00,27.00,29.00,0.3025,1,1
342,5,778.00,139.00,29.00,27.00,0.2985,1,1
342,7,986.00,99.00,55.00,59.00,0.7440,1,1
342,9,982.00,280.00,32.00,24.00,0.5172,1,1
342,17,965.00,206.00,30.00,35.00,0.6662,1,1
342,21,618.00,202.00,76.00,58.00,0.6293,1,1
342,44,980.00,284.00,32.00,25.00,0.5240,1,1
343,1,1049.00,168.00,82.00,66.00,0.9263,1,1
343,2,777.00,133.00,28.00,30.00,0.3172,1,1
343,5,779.00,138.00,28.00,28.00,0.4109,1,1
343,7,986.00,96.00,51.00,61.00,0.7863,1,1
343,9,981.00,278.00,30.00,25.00,0.5292,1,1
343,17,962.00,204.00,28.00,37.00,0.7554,1,1
343,21,618.00,202.00,76.00,58.00,0.5889,1,1
344,1,1049.00,168.00,82.00,66.00,0.9261,1,1
344,2,777.00,133.00,28.00,29.00,0.3121,1,1
344,5,779.00,138.00,28.00,28.00,0.4029,1,1
344,7,986.00,96.00,52.00,61.00,0.7890,1,1
344,9,981.00,278.00,30.00,25.00,0.5420,1,1
344,17,962.00,203.00,28.00,38.00,0.7562,1,1
344,21,618.00,202.00,76.00,58.00,0.5880,1,1
345,1,1047.00,167.00,83.00,66.00,0.9338,1,1
345,2,777.00,133.00,28.00,29.00,0.2840,1,1
345,5,779.00,139.00,28.00,27.00,0.3958,1,1
345,7,983.00,94.00,53.00,61.00,0.8651,1,1
345,9,979.00,277.00,28.00,26.00,0.4987,1,1
345,17,957.00,203.00,29.00,38.00,0.6954,1,1
345,21,618.00,202.00,76.00,59.00,0.5137,1,1
346,1,1045.00,166.00,84.00,66.00,0.9288,1,1
346,2,777.00,132.00,28.00,30.00,0.3140,1,1
346,5,779.00,137.00,28.00,28.00,0.4138,1,1
346,7,982.00,93.00,52.00,59.00,0.8573,1,1
346,9,974.00,276.00,31.00,24.00,0.4315,1,1
346,17,954.00,203.00,31.00,36.00,0.6640,1,1
346,21,619.00,202.00,75.00,60.00,0.4577,1,1
346,44,956.00,208.00,35.00,31.00,0.3373,1,1
347,1,1044.00,165.00,82.00,66.00,0.9333,1,1
347,2,777.00,131.00,28.00,30.00,0.3369,1,1
347,5,778.00,136.00,29.00,29.00,0.3716,1,1
347,7,982.00,89.00,51.00,60.00,0.8011,1,1
347,9,969.00,274.00,31.00,24.00,0.3994,1,1
347,17,1002.00,195.00,23.00,30.00,0.2569,1,1
347,21,621.00,203.00,74.00,60.00,0.5155,1,1
347,44,951.00,203.00,37.00,32.00,0.3373,1,1
348,1,1043.00,165.00,82.00,66.00,0.9372,1,1
348,2,777.00,131.00,29.00,31.00,0.3302,1,1
348,5,779.00,135.00,29.00,30.00,0.4108,1,1
348,7,979.00,88.00,51.00,58.00,0.8457,1,1
348,9,968.00,271.00,30.00,25.00,0.4999,1,1
348,17,1016.00,194.00,22.00,29.00,0.2569,1,1
348,21,620.00,203.00,75.00,61.00,0.5698,1,1
349,1,1042.00,166.00,79.00,63.00,0.9376,1,1
349,2,776.00,130.00,29.00,31.00,0.3461,1,1
349,5,779.00,135.00,29.00,29.00,0.4281,1,1
349,7,976.00,85.00,51.00,58.00,0.8344,1,1
349,9,967.00,269.00,30.00,26.00,0.6081,1,1
349,21,620.00,203.00,75.00,61.00,0.5253,1,1
350,1,1042.00,166.00,79.00,63.00,0.9382,1,1
350,2,776.00,130.00,29.00,31.00,0.3450,1,1
350,5,778.00,135.00,30.00,29.00,0.4098,1,1
350,7,976.00,85.00,51.00,58.00,0.8373,1,1
350,9,967.00,269.00,30.00,26.00,0.6100,1,1
350,21,620.00,203.00,75.00,61.00,0.5450,1,1
350,62,624.00,249.00,33.00,26.00,0.3012,1,1
351,1,1040.00,166.00,73.00,62.00,0.9314,1,1
351,2,776.00,128.00,29.00,31.00,0.2524,1,1
351,5,777.00,133.00,30.00,30.00,0.4098,1,1
351,7,971.00,83.00,53.00,56.00,0.8071,1,1
351,9,961.00,269.00,36.00,26.00,0.7642,1,1
351,21,619.00,204.00,76.00,59.00,0.6060,1,1
351,62,624.00,249.00,33.00,26.00,0.3012,1,1
352,1,1038.00,165.00,72.00,61.00,0.9417,1,1
352,2,776.00,127.00,31.00,31.00,0.2608,1,1
352,7,970.00,83.00,51.00,52.00,0.4577,1,1
352,9,959.00,267.00,36.00,27.00,0.7999,1,1
352,21,619.00,204.00,76.00,59.00,0.6194,1,1
353,1,1037.00,165.00,70.00,61.00,0.9353,1,1
353,2,785.00,130.00,29.00,29.00,0.4494,1,1
353,7,964.00,77.00,56.00,56.00,0.3993,1,1
353,9,959.00,264.00,33.00,26.00,0.6728,1,1
353,21,619.00,205.00,75.00,58.00,0.7325,1,1
354,1,1035.00,165.00,71.00,61.00,0.9245,1,1
354,2,789.00,130.00,28.00,28.00,0.5762,1,1
354,7,961.00,73.00,53.00,56.00,0.7725,1,1
354,9,957.00,263.00,34.00,26.00,0.6339,1,1
354,21,618.00,206.00,76.00,57.00,0.7759,1,1
355,1,1034.00,165.00,70.00,60.00,0.9163,1,1
355,2,792.00,126.00,26.00,30.00,0.5083,1,1
355,5,619.00,173.00,22.00,32.00,0.2786,1,1
355,7,956.00,71.00,55.00,55.00,0.8084,1,1
355,9,955.00,262.00,36.00,25.00,0.6198,1,1
355,21,619.00,206.00,75.00,57.00,0.6652,1,1
356,1,1034.00,165.00,70.00,60.00,0.9161,1,1
356,2,792.00,126.00,26.00,30.00,0.4984,1,1
356,5,619.00,173.00,22.00,32.00,0.2794,1,1
356,7,956.00,71.00,55.00,55.00,0.8087,1,1
356,9,955.00,262.00,36.00,25.00,0.6194,1,1
356,21,619.00,206.00,75.00,57.00,0.6614,1,1
357,1,1032.00,165.00,70.00,59.00,0.9028,1,1
357,2,793.00,124.00,27.00,30.00,0.5287,1,1
357,5,606.00,175.00,21.00,33.00,0.2794,1,1
357,7,953.00,64.00,54.00,58.00,0.8842,1,1
357,9,956.00,260.00,33.00,26.00,0.5683,1,1
357,21,619.00,206.00,75.00,58.00,0.6209,1,1
358,1,1030.00,165.00,70.00,58.00,0.8979,1,1
358,2,794.00,123.00,27.00,30.00,0.5287,1,1
358,5,619.00,173.00,21.00,33.00,0.2688,1,1
358,7,948.00,59.00,55.00,60.00,0.7000,1,1
358,9,954.00,258.00,32.00,26.00,0.5434,1,1
358,21,620.00,206.00,74.00,57.00,0.5097,1,1
359,1,1031.00,164.00,68.00,60.00,0.8963,1,1
359,5,618.00,173.00,21.00,34.00,0.3272,1,1
359,7,945.00,56.00,54.00,60.00,0.3250,1,1
359,9,952.00,255.00,32.00,25.00,0.4165,1,1
359,21,619.00,206.00,75.00,58.00,0.3549,1,1
359,62,625.00,251.00,33.00,26.00,0.2662,1,1
360,1,1030.00,164.00,68.00,59.00,0.8845,1,1
360,5,610.00,175.00,21.00,35.00,0.3272,1,1
360,7,942.00,53.00,55.00,60.00,0.3250,1,1
360,9,952.00,254.00,30.00,25.00,0.3128,1,1
360,21,620.00,205.00,74.00,58.00,0.3735,1,1
360,62,625.00,251.00,33.00,26.00,0.2662,1,1
361,1,1029.00,164.00,66.00,58.00,0.8814,1,1
361,9,948.00,252.00,32.00,24.00,0.3621,1,1
361,21,618.00,204.00,75.00,58.00,0.2851,1,1
362,1,1029.00,164.00,66.00,58.00,0.8813,1,1
362,9,949.00,252.00,31.00,24.00,0.3586,1,1
362,21,618.00,204.00,75.00,58.00,0.2820,1,1
363,1,1028.00,164.00,66.00,58.00,0.8775,1,1
363,7,934.00,48.00,55.00,61.00,0.6927,1,1
363,9,948.00,251.00,31.00,24.00,0.3586,1,1
363,17,706.00,5.00,55.00,21.00,0.2814,1,1
363,21,621.00,206.00,74.00,58.00,0.2968,1,1
364,1,1026.00,163.00,66.00,58.00,0.8975,1,1
364,7,930.00,47.00,54.00,60.00,0.7209,1,1
364,17,691.00,0.00,56.00,14.00,0.2814,1,1
364,21,622.00,206.00,72.00,60.00,0.2698,1,1
365,1,1025.00,163.00,64.00,57.00,0.9082,1,1
365,7,926.00,47.00,56.00,58.00,0.6432,1,1
365,21,622.00,206.00,73.00,62.00,0.2501,1,1
366,1,1023.00,163.00,64.00,57.00,0.9115,1,1
366,7,924.00,46.00,57.00,55.00,0.5232,1,1
366,21,622.00,206.00,73.00,62.00,0.2501,1,1
367,1,1021.00,164.00,64.00,57.00,0.9156,1,1
367,2,981.00,187.00,22.00,29.00,0.3299,1,1
367,7,924.00,45.00,53.00,51.00,0.5098,1,1
367,9,944.00,237.00,31.00,24.00,0.2816,1,1
367,21,618.00,204.00,77.00,61.00,0.2878,1,1
368,1,1021.00,164.00,64.00,57.00,0.9155,1,1
368,2,981.00,187.00,22.00,29.00,0.3304,1,1
368,7,924.00,45.00,52.00,50.00,0.4979,1,1
368,9,944.00,237.00,31.00,24.00,0.2810,1,1
368,21,618.00,204.00,76.00,61.00,0.2892,1,1
369,1,1020.00,163.00,63.00,57.00,0.9081,1,1
369,2,981.00,187.00,20.00,30.00,0.3907,1,1
369,5,771.00,132.00,24.00,35.00,0.4031,1,1
369,7,922.00,43.00,52.00,50.00,0.4979,1,1
369,9,946.00,233.00,29.00,26.00,0.3596,1,1
369,21,620.00,205.00,74.00,61.00,0.2697,1,1
370,1,1019.00,163.00,63.00,55.00,0.9167,1,1
370,2,980.00,179.00,20.00,32.00,0.4583,1,1
370,5,781.00,130.00,24.00,35.00,0.4031,1,1
370,9,945.00,233.00,32.00,27.00,0.6204,1,1
370,21,618.00,205.00,76.00,62.00,0.4709,1,1
370,62,624.00,254.00,33.00,26.00,0.2651,1,1
371,1,1019.00,162.00,63.00,57.00,0.9085,1,1
371,2,980.00,181.00,19.00,33.00,0.4221,1,1
371,7,918.00,37.00,48.00,53.00,0.2858,1,1
371,9,948.00,232.00,30.00,28.00,0.7625,1,1
371,21,619.00,205.00,75.00,59.00,0.4424,1,1
371,44,621.00,206.00,72.00,58.00,0.2838,1,1
371,62,625.00,255.00,31.00,26.00,0.3343,1,1
372,1,1018.00,162.00,64.00,57.00,0.9021,1,1
372,2,979.00,173.00,18.00,37.00,0.4084,1,1
372,7,916.00,36.00,46.00,52.00,0.3112,1,1
372,9,947.00,232.00,31.00,30.00,0.7376,1,1
372,21,619.00,205.00,75.00,63.00,0.5320,1,1
372,44,620.00,206.00,73.00,59.00,0.3364,1,1
372,62,624.00,256.00,32.00,26.00,0.5122,1,1
373,1,1018.00,162.00,65.00,57.00,0.8958,1,1
373,2,980.00,169.00,17.00,38.00,0.4716,1,1
373,5,978.00,165.00,21.00,32.00,0.3875,1,1
373,7,914.00,35.00,47.00,50.00,0.2807,1,1
373,9,941.00,234.00,35.00,29.00,0.4469,1,1
373,21,619.00,205.00,76.00,63.00,0.5444,1,1
373,44,609.00,206.00,74.00,61.00,0.3364,1,1
373,62,624.00,256.00,33.00,27.00,0.4222,1,1
374,1,1019.00,162.00,64.00,57.00,0.8952,1,1
374,2,980.00,169.00,17.00,38.00,0.4714,1,1
374,5,978.00,165.00,21.00,32.00,0.3886,1,1
374,7,914.00,35.00,47.00,50.00,0.2725,1,1
374,9,941.00,234.00,35.00,29.00,0.4459,1,1
374,21,619.00,205.00,75.00,63.00,0.5520,1,1
374,62,624.00,256.00,33.00,27.00,0.4219,1,1
375,1,1019.00,161.00,65.00,58.00,0.8940,1,1
375,2,979.00,166.00,19.00,42.00,0.5490,1,1
375,5,977.00,163.00,21.00,37.00,0.3965,1,1
375,7,912.00,33.00,46.00,50.00,0.2725,1,1
375,9,940.00,234.00,36.00,29.00,0.4459,1,1
375,21,619.00,205.00,73.00,60.00,0.2937,1,1
375,44,620.00,205.00,73.00,58.00,0.5504,1,1
375,62,624.00,256.00,33.00,27.00,0.4219,1,1
376,1,1021.00,160.00,64.00,59.00,0.9057,1,1
376,2,978.00,170.00,20.00,41.00,0.5581,1,1
376,5,996.00,166.00,21.00,37.00,0.3965,1,1
376,21,618.00,204.00,76.00,62.00,0.4257,1,1
376,44,618.00,205.00,74.00,59.00,0.4960,1,1
377,1,1022.00,160.00,63.00,59.00,0.9105,1,1
377,2,976.00,165.00,20.00,44.00,0.5566,1,1
377,21,617.00,204.00,77.00,62.00,0.4164,1,1
377,44,618.00,205.00,74.00,59.00,0.4909,1,1
378,1,1022.00,160.00,64.00,59.00,0.9104,1,1
378,2,974.00,164.00,22.00,43.00,0.5367,1,1
378,21,617.00,204.00,76.00,62.00,0.4963,1,1
378,44,618.00,205.00,74.00,59.00,0.4700,1,1
379,1,1022.00,160.00,64.00,60.00,0.9080,1,1
379,2,972.00,159.00,23.00,38.00,0.4421,1,1
379,5,717.00,169.00,26.00,41.00,0.4379,1,1
379,21,618.00,204.00,76.00,63.00,0.6279,1,1
379,44,614.00,205.00,75.00,59.00,0.4700,1,1
379,67,651.00,6.00,48.00,22.00,0.4326,1,1
380,1,1022.00,160.00,64.00,60.00,0.9081,1,1
380,2,972.00,160.00,23.00,37.00,0.4415,1,1
380,5,717.00,169.00,26.00,41.00,0.4326,1,1
380,21,618.00,204.00,76.00,63.00,0.6257,1,1
380,67,651.00,6.00,48.00,22.00,0.4286,1,1
381,1,1022.00,160.00,65.00,61.00,0.9050,1,1
381,2,971.00,156.00,23.00,41.00,0.5510,1,1
381,5,715.00,165.00,26.00,45.00,0.6026,1,1
381,21,616.00,205.00,77.00,61.00,0.4984,1,1
381,44,616.00,205.00,75.00,59.00,0.3257,1,1
381,67,647.00,6.00,49.00,22.00,0.4286,1,1
381,68,577.00,171.00,22.00,45.00,0.4262,1,1
382,1,1024.00,160.00,63.00,60.00,0.8985,1,1
382,2,972.00,154.00,23.00,42.00,0.5292,1,1
382,5,710.00,166.00,26.00,46.00,0.6026,1,1
382,7,908.00,17.00,38.00,39.00,0.2570,1,1
382,21,615.00,205.00,78.00,61.00,0.5835,1,1
382,44,613.00,205.00,75.00,60.00,0.3257,1,1
382,67,636.00,8.00,43.00,22.00,0.4305,1,1
382,68,575.00,172.00,21.00,40.00,0.6100,1,1
383,1,1024.00,160.00,64.00,61.00,0.9011,1,1
383,2,971.00,155.00,23.00,41.00,0.5826,1,1
383,7,907.00,15.00,37.00,38.00,0.2570,1,1
383,21,615.00,206.00,75.00,58.00,0.4011,1,1
383,44,616.00,206.00,75.00,57.00,0.4663,1,1
383,67,627.00,8.00,45.00,25.00,0.5922,1,1
383,68,572.00,178.00,19.00,37.00,0.4991,1,1
384,1,1024.00,160.00,65.00,61.00,0.9196,1,1
384,2,970.00,157.00,23.00,39.00,0.5624,1,1
384,17,610.00,0.00,55.00,21.00,0.3231,1,1
384,21,615.00,206.00,75.00,58.00,0.3578,1,1
384,44,616.00,205.00,75.00,59.00,0.6462,1,1
384,67,629.00,6.00,29.00,31.00,0.2694,1,1
384,68,571.00,182.00,16.00,33.00,0.4991,1,1
385,1,1025.00,160.00,65.00,61.00,0.9166,1,1
385,2,970.00,153.00,23.00,40.00,0.4460,1,1
385,17,593.00,0.00,65.00,24.00,0.4091,1,1
385,21,614.00,204.00,81.00,63.00,0.6642,1,1
385,44,614.00,205.00,75.00,60.00,0.6462,1,1
385,67,600.00,6.00,57.00,30.00,0.4773,1,1
386,1,1025.00,160.00,65.00,61.00,0.9163,1,1
386,2,970.00,152.00,23.00,41.00,0.4447,1,1
386,17,592.00,0.00,67.00,25.00,0.4115,1,1
386,21,614.00,204.00,81.00,63.00,0.6716,1,1
386,67,600.00,7.00,56.00,29.00,0.4770,1,1
387,1,1026.00,160.00,65.00,62.00,0.9137,1,1
387,2,970.00,153.00,23.00,40.00,0.3414,1,1
387,7,907.00,11.00,42.00,42.00,0.2814,1,1
387,17,589.00,0.00,62.00,24.00,0.3822,1,1
387,21,613.00,204.00,83.00,64.00,0.7216,1,1
387,67,596.00,9.00,53.00,31.00,0.6546,1,1
388,1,1026.00,160.00,66.00,63.00,0.8970,1,1
388,2,970.00,144.00,21.00,43.00,0.4924,1,1
388,7,907.00,11.00,42.00,42.00,0.2637,1,1
388,17,585.00,0.00,59.00,25.00,0.3765,1,1
388,21,612.00,204.00,82.00,64.00,0.6240,1,1
388,67,587.00,10.00,59.00,32.00,0.6546,1,1
389,1,1027.00,159.00,67.00,64.00,0.8948,1,1
389,2,970.00,143.00,21.00,43.00,0.4954,1,1
389,7,907.00,10.00,41.00,41.00,0.2637,1,1
389,17,575.00,0.00,65.00,26.00,0.5069,1,1
389,21,614.00,205.00,78.00,63.00,0.5348,1,1
389,62,625.00,257.00,32.00,25.00,0.3510,1,1
390,1,1026.00,159.00,68.00,65.00,0.9019,1,1
390,2,970.00,142.00,21.00,42.00,0.4920,1,1
390,17,572.00,0.00,63.00,27.00,0.3896,1,1
390,21,617.00,205.00,77.00,63.00,0.4432,1,1
390,62,625.00,257.00,32.00,26.00,0.3934,1,1
390,67,593.00,14.00,34.00,31.00,0.2722,1,1
391,1,1026.00,159.00,69.00,66.00,0.9100,1,1
391,2,969.00,140.00,20.00,42.00,0.3238,1,1
391,17,569.00,0.00,57.00,29.00,0.3030,1,1
391,21,617.00,207.00,78.00,61.00,0.4938,1,1
391,62,625.00,257.00,30.00,26.00,0.4939,1,1
391,67,588.00,11.00,33.00,32.00,0.3117,1,1
392,1,1026.00,159.00,69.00,66.00,0.9099,1,1
392,2,969.00,140.00,20.00,42.00,0.3237,1,1
392,17,569.00,0.00,57.00,30.00,0.3017,1,1
392,21,617.00,207.00,77.00,61.00,0.4946,1,1
392,62,625.00,257.00,30.00,26.00,0.4941,1,1
392,67,588.00,11.00,33.00,32.00,0.3111,1,1
393,1,1027.00,159.00,68.00,66.00,0.9143,1,1
393,2,968.00,141.00,21.00,42.00,0.3145,1,1
393,7,567.00,2.00,56.00,33.00,0.2504,1,1
393,9,675.00,131.00,31.00,33.00,0.2615,1,1
393,17,567.00,0.00,56.00,31.00,0.3502,1,1
393,21,618.00,206.00,73.00,60.00,0.5575,1,1
393,62,625.00,257.00,30.00,25.00,0.3161,1,1
393,67,587.00,10.00,30.00,33.00,0.4036,1,1
394,1,1027.00,160.00,68.00,65.00,0.8923,1,1
394,2,966.00,135.00,20.00,40.00,0.3974,1,1
394,7,563.00,0.00,58.00,30.00,0.4457,1,1
394,9,661.00,126.00,31.00,33.00,0.2615,1,1
394,17,564.00,0.00,54.00,31.00,0.3502,1,1
394,21,619.00,207.00,73.00,60.00,0.5872,1,1
394,62,625.00,257.00,30.00,25.00,0.3161,1,1
394,67,584.00,9.00,31.00,33.00,0.2950,1,1
395,1,1025.00,160.00,71.00,65.00,0.8905,1,1
395,2,965.00,132.00,20.00,38.00,0.5865,1,1
395,5,909.00,6.00,43.00,40.00,0.3565,1,1
395,7,562.00,0.00,55.00,30.00,0.3695,1,1
395,21,621.00,206.00,72.00,59.00,0.5760,1,1
395,62,626.00,257.00,29.00,26.00,0.3058,1,1
395,67,579.00,8.00,33.00,34.00,0.3293,1,1
396,1,1025.00,160.00,71.00,65.00,0.8973,1,1
396,2,966.00,129.00,19.00,37.00,0.5612,1,1
396,5,911.00,7.00,44.00,39.00,0.2649,1,1
396,7,558.00,0.00,56.00,30.00,0.4235,1,1
396,21,621.00,207.00,73.00,57.00,0.7090,1,1
396,62,626.00,257.00,29.00,26.00,0.3058,1,1
396,67,579.00,9.00,32.00,32.00,0.3602,1,1
397,1,1025.00,160.00,71.00,65.00,0.8958,1,1
397,2,965.00,130.00,19.00,39.00,0.7220,1,1
397,5,922.00,6.00,45.00,38.00,0.2649,1,1
397,7,557.00,0.00,55.00,30.00,0.4687,1,1
397,21,619.00,207.00,75.00,59.00,0.7847,1,1
397,67,580.00,9.00,29.00,31.00,0.3921,1,1
398,1,1025.00,160.00,71.00,65.00,0.8972,1,1
398,2,965.00,130.00,19.00,39.00,0.7234,1,1
398,7,557.00,0.00,55.00,31.00,0.4737,1,1
398,21,619.00,207.00,75.00,59.00,0.7827,1,1
398,67,580.00,9.00,29.00,31.00,0.3888,1,1
399,1,1024.00,160.00,72.00,65.00,0.8941,1,1
399,2,965.00,128.00,18.00,35.00,0.7022,1,1
399,7,556.00,0.00,54.00,31.00,0.4630,1,1
399,9,1004.00,109.00,18.00,31.00,0.3592,1,1
399,21,619.00,207.00,75.00,60.00,0.7526,1,1
399,67,575.00,8.00,32.00,31.00,0.3642,1,1
400,1,1024.00,160.00,72.00,64.00,0.9036,1,1
400,2,963.00,126.00,18.00,34.00,0.5985,1,1
400,7,545.00,0.00,55.00,31.00,0.4630,1,1
400,9,1039.00,105.00,16.00,31.00,0.3592,1,1
400,21,620.00,207.00,74.00,60.00,0.4950,1,1
400,67,576.00,7.00,29.00,32.00,0.3982,1,1
400,68,662.00,150.00,22.00,37.00,0.3630,1,1
401,1,1026.00,160.00,70.00,64.00,0.9099,1,1
401,2,963.00,125.00,18.00,35.00,0.6942,1,1
401,7,555.00,0.00,55.00,30.00,0.2606,1,1
401,21,621.00,207.00,75.00,64.00,0.4203,1,1
401,44,620.00,207.00,76.00,64.00,0.3752,1,1
401,67,578.00,7.00,26.00,32.00,0.3141,1,1
401,68,665.00,154.00,21.00,37.00,0.5264,1,1
402,1,1028.00,160.00,68.00,64.00,0.9108,1,1
402,2,962.00,125.00,18.00,32.00,0.5810,1,1
402,7,555.00,0.00,53.00,30.00,0.4511,1,1
402,9,1006.00,105.00,19.00,30.00,0.3787,1,1
402,21,621.00,206.00,75.00,67.00,0.2750,1,1
402,44,621.00,207.00,76.00,67.00,0.5204,1,1
402,62,667.00,160.00,23.00,37.00,0.4672,1,1
402,67,579.00,7.00,24.00,32.00,0.2666,1,1
402,68,665.00,156.00,23.00,37.00,0.4553,1,1
403,1,1029.00,159.00,66.00,64.00,0.9216,1,1
403,2,964.00,124.00,18.00,33.00,0.4896,1,1
403,7,557.00,0.00,48.00,29.00,0.3551,1,1
403,9,1007.00,104.00,19.00,31.00,0.3886,1,1
403,21,621.00,206.00,79.00,67.00,0.5678,1,1
403,44,621.00,207.00,76.00,67.00,0.5204,1,1
403,62,666.00,158.00,23.00,38.00,0.3078,1,1
403,67,574.00,7.00,27.00,32.00,0.2545,1,1
403,68,667.00,164.00,25.00,37.00,0.6962,1,1
404,1,1029.00,159.00,66.00,63.00,0.9217,1,1
404,2,964.00,124.00,18.00,33.00,0.4894,1,1
404,7,557.00,0.00,48.00,29.00,0.3517,1,1
404,9,1007.00,104.00,19.00,31.00,0.3943,1,1
404,21,622.00,206.00,78.00,67.00,0.5668,1,1
404,62,666.00,158.00,23.00,38.00,0.3093,1,1
404,67,574.00,7.00,27.00,31.00,0.2556,1,1
404,68,667.00,164.00,25.00,37.00,0.6914,1,1
404,70,512.00,468.00,77.00,60.00,0.3246,1,1
405,1,1028.00,159.00,66.00,62.00,0.9218,1,1
405,2,967.00,120.00,19.00,31.00,0.3743,1,1
405,7,557.00,0.00,50.00,28.00,0.5540,1,1
405,9,1030.00,101.00,19.00,32.00,0.3943,1,1
405,21,622.00,207.00,76.00,65.00,0.6373,1,1
405,62,669.00,152.00,22.00,39.00,0.3093,1,1
405,67,572.00,7.00,28.00,31.00,0.2556,1,1
405,68,666.00,167.00,24.00,36.00,0.6238,1,1
405,70,512.00,467.00,77.00,61.00,0.4166,1,1
406,1,1028.00,160.00,65.00,61.00,0.9180,1,1
406,2,971.00,120.00,20.00,36.00,0.4651,1,1
406,7,557.00,0.00,49.00,27.00,0.3289,1,1
406,17,930.00,8.00,49.00,41.00,0.3281,1,1
406,21,622.00,206.00,77.00,64.00,0.5571,1,1
406,68,664.00,167.00,23.00,38.00,0.6655,1,1
406,70,512.00,467.00,77.00,60.00,0.4173,1,1
407,1,1027.00,159.00,66.00,63.00,0.9101,1,1
407,2,979.00,124.00,20.00,32.00,0.6885,1,1
407,7,555.00,0.00,48.00,26.00,0.3961,1,1
407,17,934.00,9.00,49.00,45.00,0.7585,1,1
407,21,625.00,206.00,77.00,66.00,0.6299,1,1
407,68,657.00,169.00,25.00,34.00,0.4077,1,1
407,70,512.00,467.00,77.00,60.00,0.4173,1,1
408,1,1025.00,160.00,67.00,62.00,0.9010,1,1
408,2,980.00,123.00,21.00,33.00,0.6885,1,1
408,7,551.00,0.00,48.00,25.00,0.3961,1,1
408,9,993.00,113.00,22.00,40.00,0.4328,1,1
408,17,939.00,8.00,49.00,48.00,0.6883,1,1
408,21,628.00,203.00,77.00,65.00,0.7121,1,1
408,68,653.00,167.00,20.00,34.00,0.5073,1,1
409,1,1025.00,160.00,67.00,61.00,0.8962,1,1
409,2,904.00,111.00,22.00,31.00,0.3897,1,1
409,9,1007.00,113.00,22.00,41.00,0.4328,1,1
409,17,943.00,8.00,52.00,48.00,0.8574,1,1
409,21,628.00,205.00,78.00,63.00,0.4430,1,1
409,44,627.00,204.00,79.00,66.00,0.4176,1,1
409,68,648.00,161.00,21.00,33.00,0.3955,1,1
409,70,512.00,468.00,77.00,58.00,0.2517,1,1
409,71,907.00,277.00,38.00,23.00,0.2851,1,1
410,1,1025.00,160.00,67.00,62.00,0.8963,1,1
410,2,904.00,111.00,22.00,31.00,0.3891,1,1
410,17,943.00,8.00,52.00,48.00,0.8562,1,1
410,21,629.00,205.00,77.00,63.00,0.4380,1,1
410,44,628.00,204.00,78.00,66.00,0.4255,1,1
410,68,648.00,160.00,21.00,34.00,0.3903,1,1
410,70,512.00,468.00,77.00,58.00,0.2501,1,1
410,71,907.00,277.00,39.00,23.00,0.2773,1,1
410,72,657.00,262.00,38.00,27.00,0.2738,1,1
411,1,1024.00,160.00,67.00,62.00,0.8999,1,1
411,2,904.00,109.00,22.00,31.00,0.4616,1,1
411,17,948.00,8.00,50.00,49.00,0.8056,1,1
411,21,637.00,205.00,71.00,65.00,0.6369,1,1
411,44,628.00,204.00,78.00,66.00,0.4255,1,1
411,68,641.00,160.00,22.00,34.00,0.4937,1,1
411,70,512.00,468.00,77.00,57.00,0.2501,1,1
411,71,906.00,276.00,40.00,24.00,0.2773,1,1
411,72,657.00,263.00,38.00,26.00,0.2738,1,1
412,1,1024.00,159.00,67.00,62.00,0.9089,1,1
412,2,903.00,109.00,24.00,30.00,0.5550,1,1
412,17,953.00,7.00,49.00,51.00,0.7039,1,1
412,21,637.00,204.00,73.00,65.00,0.8027,1,1
412,68,630.00,151.00,26.00,37.00,0.6781,1,1
412,70,512.00,468.00,77.00,58.00,0.2526,1,1
412,72,661.00,264.00,39.00,25.00,0.3255,1,1
413,1,1025.00,158.00,64.00,63.00,0.9023,1,1
413,2,904.00,106.00,24.00,31.00,0.6922,1,1
413,17,959.00,7.00,50.00,51.00,0.7050,1,1
413,21,642.00,204.00,70.00,65.00,0.6505,1,1
413,44,641.00,205.00,72.00,63.00,0.3774,1,1
413,68,626.00,152.00,24.00,35.00,0.5204,1,1
413,70,512.00,468.00,77.00,58.00,0.2526,1,1
413,72,662.00,260.00,41.00,25.00,0.2805,1,1
414,1,1024.00,157.00,66.00,64.00,0.8850,1,1
414,2,907.00,106.00,27.00,28.00,0.5617,1,1
414,17,964.00,7.00,50.00,51.00,0.8441,1,1
414,21,643.00,204.00,74.00,65.00,0.5670,1,1
414,44,643.00,205.00,71.00,63.00,0.3774,1,1
414,68,622.00,146.00,23.00,37.00,0.4677,1,1
414,72,668.00,259.00,39.00,26.00,0.4706,1,1
415,1,1025.00,159.00,65.00,62.00,0.8750,1,1
415,2,904.00,105.00,28.00,27.00,0.5617,1,1
415,17,969.00,8.00,51.00,51.00,0.8840,1,1
415,21,648.00,204.00,70.00,69.00,0.4478,1,1
415,44,646.00,205.00,74.00,67.00,0.6779,1,1
415,68,619.00,145.00,24.00,37.00,0.4677,1,1
415,72,668.00,260.00,43.00,26.00,0.6392,1,1
416,1,1025.00,159.00,65.00,62.00,0.8745,1,1
416,17,969.00,8.00,51.00,51.00,0.8846,1,1
416,21,647.00,204.00,72.00,70.00,0.4504,1,1
416,44,646.00,205.00,74.00,68.00,0.6724,1,1
416,72,668.00,260.00,43.00,26.00,0.6398,1,1
417,1,1026.00,160.00,64.00,61.00,0.8906,1,1
417,17,976.00,8.00,48.00,52.00,0.8361,1,1
417,21,648.00,205.00,75.00,68.00,0.8490,1,1
417,44,648.00,205.00,73.00,68.00,0.6724,1,1
417,72,673.00,259.00,40.00,28.00,0.4112,1,1
418,1,1026.00,159.00,64.00,62.00,0.9043,1,1
418,9,1052.00,116.00,21.00,31.00,0.3310,1,1
418,17,980.00,9.00,50.00,52.00,0.8823,1,1
418,21,650.00,206.00,73.00,69.00,0.8075,1,1
418,62,671.00,260.00,43.00,28.00,0.4007,1,1
418,72,665.00,265.00,45.00,25.00,0.3064,1,1
419,1,1026.00,160.00,64.00,61.00,0.9019,1,1
419,2,961.00,121.00,27.00,25.00,0.3922,1,1
419,9,1060.00,116.00,21.00,31.00,0.3310,1,1
419,17,986.00,10.00,47.00,53.00,0.8824,1,1
419,21,654.00,206.00,70.00,69.00,0.5666,1,1
419,62,674.00,261.00,41.00,28.00,0.4104,1,1
419,71,784.00,314.00,23.00,29.00,0.6163,1,1
419,72,666.00,267.00,45.00,24.00,0.3307,1,1
420,1,1026.00,160.00,64.00,60.00,0.8806,1,1
420,2,965.00,121.00,27.00,25.00,0.3922,1,1
420,5,633.00,46.00,55.00,32.00,0.2798,1,1
420,9,974.00,125.00,27.00,35.00,0.8289,1,1
420,17,989.00,12.00,48.00,52.00,0.8719,1,1
420,21,659.00,207.00,64.00,71.00,0.7734,1,1
420,62,675.00,268.00,42.00,27.00,0.4104,1,1
420,71,776.00,304.00,23.00,33.00,0.4990,1,1
420,72,667.00,268.00,45.00,23.00,0.3307,1,1
421,1,1023.00,160.00,67.00,61.00,0.8892,1,1
421,2,993.00,126.00,26.00,29.00,0.7445,1,1
421,5,632.00,46.00,56.00,32.00,0.4196,1,1
421,9,1062.00,112.00,21.00,33.00,0.3396,1,1
421,17,994.00,15.00,49.00,51.00,0.8747,1,1
421,21,656.00,210.00,65.00,71.00,0.8042,1,1
421,68,600.00,144.00,20.00,34.00,0.5283,1,1
421,71,771.00,300.00,22.00,33.00,0.5313,1,1
422,1,1023.00,160.00,67.00,61.00,0.8889,1,1
422,2,993.00,126.00,26.00,29.00,0.7444,1,1
422,5,632.00,46.00,56.00,33.00,0.4194,1,1
422,9,1062.00,112.00,21.00,32.00,0.3398,1,1
422,17,994.00,15.00,49.00,51.00,0.8748,1,1
422,21,656.00,210.00,65.00,71.00,0.8048,1,1
422,68,600.00,144.00,20.00,33.00,0.5277,1,1
422,71,771.00,300.00,22.00,33.00,0.5306,1,1
423,1,1023.00,161.00,67.00,60.00,0.8847,1,1
423,2,999.00,127.00,26.00,29.00,0.7444,1,1
423,5,625.00,48.00,56.00,32.00,0.4194,1,1
423,9,1071.00,112.00,20.00,31.00,0.3398,1,1
423,17,996.00,19.00,49.00,52.00,0.6718,1,1
423,21,653.00,209.00,70.00,72.00,0.7885,1,1
423,44,653.00,209.00,69.00,73.00,0.5107,1,1
423,68,596.00,145.00,21.00,32.00,0.4992,1,1
423,70,510.00,468.00,75.00,54.00,0.3673,1,1
423,71,763.00,296.00,24.00,30.00,0.2907,1,1
424,1,1022.00,161.00,67.00,61.00,0.8120,1,1
424,2,1025.00,134.00,30.00,32.00,0.5604,1,1
424,17,1000.00,25.00,46.00,49.00,0.5294,1,1
424,21,652.00,210.00,68.00,72.00,0.7631,1,1
424,44,652.00,210.00,68.00,72.00,0.5945,1,1
424,68,594.00,144.00,20.00,32.00,0.4992,1,1
424,70,510.00,468.00,75.00,53.00,0.2519,1,1
424,71,755.00,296.00,23.00,31.00,0.2907,1,1
425,1,1021.00,160.00,67.00,63.00,0.8327,1,1
425,2,1033.00,136.00,27.00,29.00,0.5688,1,1
425,5,630.00,46.00,57.00,32.00,0.3151,1,1
425,17,1002.00,29.00,46.00,50.00,0.6942,1,1
425,21,650.00,210.00,66.00,74.00,0.4588,1,1
425,44,650.00,210.00,68.00,72.00,0.7286,1,1
425,70,511.00,467.00,73.00,54.00,0.3858,1,1
425,71,760.00,290.00,22.00,31.00,0.3321,1,1
425,72,670.00,273.00,38.00,24.00,0.2681,1,1
426,1,1021.00,161.00,67.00,62.00,0.8034,1,1
426,2,1037.00,140.00,28.00,26.00,0.2599,1,1
426,5,631.00,46.00,56.00,33.00,0.2579,1,1
426,17,1002.00,33.00,49.00,52.00,0.7729,1,1
426,21,651.00,210.00,68.00,74.00,0.8026,1,1
426,44,650.00,211.00,66.00,74.00,0.3689,1,1
426,70,511.00,467.00,73.00,55.00,0.4070,1,1
426,71,754.00,292.00,25.00,26.00,0.3161,1,1
426,72,667.00,272.00,41.00,24.00,0.2610,1,1
427,1,1021.00,161.00,67.00,63.00,0.7859,1,1
427,2,1039.00,140.00,26.00,26.00,0.3377,1,1
427,5,627.00,47.00,57.00,33.00,0.2579,1,1
427,17,1002.00,35.00,51.00,52.00,0.8161,1,1
427,21,649.00,210.00,68.00,74.00,0.7630,1,1
427,44,648.00,211.00,67.00,74.00,0.4767,1,1
427,68,577.00,143.00,19.00,32.00,0.2776,1,1
427,70,510.00,467.00,73.00,55.00,0.4216,1,1
427,71,752.00,291.00,21.00,27.00,0.5360,1,1
427,72,667.00,272.00,41.00,25.00,0.2610,1,1
428,1,1021.00,161.00,67.00,63.00,0.7858,1,1
428,2,1039.00,141.00,26.00,25.00,0.3327,1,1
428,17,1002.00,35.00,51.00,52.00,0.8154,1,1
428,21,649.00,210.00,68.00,74.00,0.7622,1,1
428,44,648.00,211.00,67.00,74.00,0.4741,1,1
428,68,577.00,143.00,19.00,32.00,0.2790,1,1
428,70,510.00,467.00,73.00,55.00,0.4205,1,1
428,71,752.00,291.00,21.00,27.00,0.5322,1,1
429,1,1020.00,162.00,68.00,62.00,0.7978,1,1
429,2,1041.00,140.00,24.00,26.00,0.2694,1,1
429,5,629.00,47.00,58.00,33.00,0.2757,1,1
429,17,1003.00,37.00,50.00,51.00,0.8376,1,1
429,21,647.00,211.00,68.00,74.00,0.5407,1,1
429,44,647.00,211.00,69.00,73.00,0.7406,1,1
429,62,573.00,142.00,20.00,32.00,0.4162,1,1
429,68,574.00,137.00,20.00,32.00,0.3452,1,1
429,70,510.00,467.00,74.00,54.00,0.3528,1,1
429,71,747.00,291.00,22.00,27.00,0.7240,1,1
430,1,1020.00,162.00,67.00,62.00,0.8153,1,1
430,2,1041.00,139.00,24.00,26.00,0.2517,1,1
430,5,627.00,48.00,58.00,33.00,0.2757,1,1
430,17,1003.00,38.00,50.00,51.00,0.8393,1,1
430,21,647.00,211.00,70.00,73.00,0.7119,1,1
430,44,646.00,212.00,69.00,73.00,0.4636,1,1
430,62,565.00,137.00,20.00,32.00,0.4162,1,1
430,68,571.00,141.00,19.00,32.00,0.3030,1,1
430,70,510.00,467.00,73.00,54.00,0.3034,1,1
430,71,740.00,293.00,25.00,25.00,0.4769,1,1
431,1,1020.00,163.00,67.00,61.00,0.8550,1,1
431,2,1045.00,140.00,25.00,25.00,0.2517,1,1
431,17,1003.00,39.00,49.00,50.00,0.7783,1,1
431,21,647.00,211.00,69.00,73.00,0.6275,1,1
431,44,646.00,212.00,70.00,73.00,0.5825,1,1
431,68,568.00,141.00,19.00,31.00,0.3030,1,1
431,70,510.00,467.00,73.00,54.00,0.3034,1,1
431,71,735.00,293.00,24.00,25.00,0.4769,1,1
431,72,672.00,271.00,36.00,25.00,0.2861,1,1
432,1,1020.00,162.00,67.00,62.00,0.8760,1,1
432,5,628.00,47.00,59.00,33.00,0.3080,1,1
432,17,1001.00,40.00,48.00,49.00,0.6707,1,1
432,21,646.00,211.00,70.00,73.00,0.5922,1,1
432,44,646.00,212.00,69.00,72.00,0.6314,1,1
432,71,739.00,293.00,22.00,24.00,0.4813,1,1
432,72,672.00,271.00,36.00,25.00,0.3357,1,1
433,1,1019.00,161.00,68.00,64.00,0.8692,1,1
433,2,1036.00,135.00,23.00,28.00,0.6156,1,1
433,5,628.00,47.00,59.00,33.00,0.4164,1,1
433,17,1002.00,39.00,47.00,51.00,0.7333,1,1
433,21,647.00,211.00,70.00,73.00,0.4795,1,1
433,44,646.00,212.00,70.00,72.00,0.7233,1,1
433,68,562.00,125.00,19.00,32.00,0.3131,1,1
433,71,739.00,300.00,22.00,24.00,0.3044,1,1
433,72,671.00,271.00,36.00,26.00,0.3255,1,1
434,1,1019.00,161.00,68.00,64.00,0.8705,1,1
434,2,1036.00,135.00,23.00,28.00,0.6148,1,1
434,5,628.00,47.00,59.00,33.00,0.4044,1,1
434,17,1002.00,39.00,47.00,51.00,0.7344,1,1
434,21,647.00,211.00,70.00,73.00,0.4817,1,1
434,44,646.00,212.00,70.00,72.00,0.7222,1,1
434,68,562.00,125.00,19.00,32.00,0.3485,1,1
434,71,740.00,300.00,21.00,24.00,0.2926,1,1
434,72,671.00,271.00,36.00,26.00,0.3186,1,1
435,1,1019.00,161.00,68.00,64.00,0.8764,1,1
435,2,1034.00,137.00,24.00,27.00,0.4388,1,1
435,5,628.00,47.00,60.00,33.00,0.3820,1,1
435,17,1001.00,40.00,47.00,51.00,0.8790,1,1
435,21,647.00,211.00,71.00,74.00,0.5418,1,1
435,44,647.00,212.00,70.00,73.00,0.6683,1,1
435,68,559.00,121.00,20.00,31.00,0.3220,1,1
435,71,738.00,302.00,22.00,23.00,0.2690,1,1
435,72,669.00,272.00,39.00,25.00,0.3278,1,1
436,1,1020.00,161.00,67.00,64.00,0.8896,1,1
436,2,1036.00,138.00,24.00,26.00,0.4388,1,1
436,5,628.00,47.00,60.00,33.00,0.3916,1,1
436,9,1059.00,120.00,20.00,30.00,0.2613,1,1
436,17,1000.00,40.00,45.00,51.00,0.8070,1,1
436,21,647.00,210.00,71.00,75.00,0.6299,1,1
436,44,647.00,211.00,70.00,73.00,0.6787,1,1
436,68,556.00,119.00,20.00,31.00,0.3220,1,1
436,71,735.00,303.00,22.00,23.00,0.2690,1,1
436,72,668.00,270.00,39.00,27.00,0.3801,1,1
437,1,1019.00,162.00,67.00,63.00,0.8852,1,1
437,5,628.00,47.00,59.00,33.00,0.3947,1,1
437,9,1060.00,120.00,20.00,30.00,0.2613,1,1
437,17,998.00,38.00,47.00,53.00,0.8319,1,1
437,21,647.00,210.00,71.00,73.00,0.7334,1,1
437,44,647.00,211.00,72.00,70.00,0.5607,1,1
437,72,666.00,271.00,41.00,25.00,0.4880,1,1
438,1,1020.00,162.00,67.00,63.00,0.8771,1,1
438,5,628.00,47.00,59.00,33.00,0.3256,1,1
438,17,996.00,37.00,48.00,54.00,0.7653,1,1
438,21,648.00,209.00,71.00,74.00,0.5464,1,1
438,44,648.00,211.00,70.00,72.00,0.6701,1,1
438,62,629.00,47.00,58.00,33.00,0.2758,1,1
438,72,666.00,272.00,39.00,25.00,0.3699,1,1
439,1,1020.00,162.00,68.00,63.00,0.8750,1,1
439,5,627.00,48.00,60.00,33.00,0.4433,1,1
439,17,994.00,36.00,49.00,55.00,0.8091,1,1
439,21,648.00,209.00,71.00,71.00,0.3891,1,1
439,44,648.00,210.00,71.00,71.00,0.7504,1,1
439,62,631.00,37.00,62.00,33.00,0.2758,1,1
439,72,665.00,271.00,39.00,24.00,0.4070,1,1
440,1,1020.00,162.00,68.00,63.00,0.8747,1,1
440,5,627.00,48.00,60.00,33.00,0.4429,1,1
440,17,994.00,36.00,49.00,55.00,0.7989,1,1
440,21,649.00,209.00,70.00,71.00,0.3894,1,1
440,44,648.00,210.00,71.00,71.00,0.7497,1,1
440,72,665.00,271.00,39.00,23.00,0.4063,1,1
441,1,1020.00,162.00,68.00,63.00,0.8738,1,1
441,5,627.00,48.00,59.00,33.00,0.5010,1,1
441,17,991.00,35.00,50.00,55.00,0.6724,1,1
441,21,650.00,208.00,71.00,71.00,0.3675,1,1
441,44,649.00,208.00,71.00,71.00,0.7259,1,1
441,72,664.00,271.00,41.00,23.00,0.2833,1,1
442,1,1019.00,161.00,70.00,63.00,0.9025,1,1
442,2,1047.00,128.00,22.00,27.00,0.2642,1,1
442,5,627.00,48.00,59.00,34.00,0.4331,1,1
442,17,988.00,34.00,50.00,56.00,0.6648,1,1
442,21,652.00,208.00,70.00,69.00,0.6524,1,1
442,44,652.00,207.00,71.00,70.00,0.3522,1,1
442,72,667.00,269.00,40.00,24.00,0.3368,1,1
443,1,1019.00,161.00,71.00,63.00,0.8898,1,1
443,2,1049.00,128.00,22.00,26.00,0.2642,1,1
443,5,627.00,48.00,59.00,34.00,0.4470,1,1
443,9,1014.00,153.00,27.00,44.00,0.5093,1,1
443,17,984.00,35.00,50.00,54.00,0.4380,1,1
443,21,653.00,206.00,71.00,68.00,0.3229,1,1
443,44,653.00,207.00,69.00,67.00,0.5504,1,1
443,71,899.00,273.00,38.00,25.00,0.2681,1,1
443,72,666.00,268.00,41.00,25.00,0.3368,1,1
444,1,1020.00,160.00,69.00,63.00,0.8852,1,1
444,5,626.00,48.00,60.00,35.00,0.4098,1,1
444,9,1005.00,152.00,20.00,37.00,0.8454,1,1
444,17,982.00,36.00,48.00,52.00,0.5183,1,1
444,21,656.00,206.00,69.00,67.00,0.6777,1,1
444,44,654.00,207.00,69.00,67.00,0.5504,1,1
444,71,911.00,271.00,39.00,25.00,0.2681,1,1
444,72,675.00,259.00,40.00,29.00,0.4980,1,1
445,1,1019.00,160.00,72.00,64.00,0.8870,1,1
445,5,626.00,48.00,59.00,35.00,0.4455,1,1
445,9,995.00,151.00,24.00,40.00,0.3735,1,1
445,17,979.00,36.00,49.00,53.00,0.4244,1,1
445,21,656.00,204.00,68.00,67.00,0.6248,1,1
445,70,1000.00,155.00,22.00,39.00,0.5986,1,1
445,72,672.00,258.00,42.00,29.00,0.5098,1,1
446,1,1019.00,160.00,72.00,63.00,0.8883,1,1
446,5,626.00,48.00,59.00,35.00,0.4449,1,1
446,9,995.00,150.00,25.00,42.00,0.3748,1,1
446,17,979.00,36.00,49.00,53.00,0.4283,1,1
446,21,656.00,204.00,68.00,67.00,0.6313,1,1
446,70,1000.00,155.00,22.00,39.00,0.5955,1,1
446,72,672.00,258.00,42.00,29.00,0.5091,1,1
447,1,1020.00,161.00,71.00,62.00,0.8896,1,1
447,5,626.00,48.00,59.00,35.00,0.3919,1,1
447,9,992.00,147.00,22.00,46.00,0.7264,1,1
447,17,976.00,35.00,51.00,54.00,0.5653,1,1
447,21,656.00,204.00,68.00,65.00,0.4724,1,1
447,70,1027.00,147.00,20.00,38.00,0.5955,1,1
447,71,902.00,262.00,37.00,24.00,0.2695,1,1
447,72,669.00,258.00,44.00,29.00,0.4906,1,1
448,1,1020.00,162.00,71.00,60.00,0.8985,1,1
448,5,626.00,48.00,60.00,35.00,0.2786,1,1
448,9,980.00,145.00,26.00,45.00,0.8235,1,1
448,17,972.00,32.00,50.00,55.00,0.5103,1,1
448,21,657.00,203.00,67.00,65.00,0.4724,1,1
448,44,658.00,203.00,67.00,68.00,0.7110,1,1
448,68,626.00,48.00,60.00,34.00,0.3792,1,1
448,71,905.00,257.00,38.00,25.00,0.4942,1,1
448,72,671.00,258.00,43.00,28.00,0.4628,1,1
449,1,1020.00,163.00,70.00,60.00,0.8874,1,1
449,5,626.00,49.00,60.00,34.00,0.2885,1,1
449,9,974.00,146.00,23.00,45.00,0.6617,1,1
449,17,968.00,30.00,51.00,57.00,0.2546,1,1
449,21,658.00,203.00,67.00,65.00,0.7404,1,1
449,44,659.00,203.00,67.00,67.00,0.7110,1,1
449,68,626.00,48.00,60.00,34.00,0.3590,1,1
449,71,913.00,254.00,39.00,25.00,0.4942,1,1
449,72,672.00,255.00,42.00,29.00,0.4247,1,1
450,1,1021.00,164.00,69.00,58.00,0.8898,1,1
450,5,626.00,48.00,60.00,34.00,0.4594,1,1
450,9,967.00,144.00,25.00,46.00,0.6035,1,1
450,17,967.00,30.00,50.00,57.00,0.2546,1,1
450,21,659.00,202.00,67.00,66.00,0.7404,1,1
450,44,659.00,202.00,67.00,68.00,0.7454,1,1
450,68,630.00,44.00,62.00,35.00,0.3590,1,1
450,72,671.00,255.00,43.00,29.00,0.3724,1,1
451,1,1021.00,163.00,69.00,60.00,0.8876,1,1
451,5,626.00,48.00,60.00,34.00,0.4124,1,1
451,9,967.00,144.00,25.00,46.00,0.5971,1,1
451,44,659.00,202.00,67.00,68.00,0.7446,1,1
451,72,671.00,255.00,43.00,29.00,0.3709,1,1
