row_y,col_x,B,G,R
0,0,118,131,58
0,1,119,132,59
0,2,118,134,58
0,3,120,136,60
0,4,118,136,59
0,5,120,138,61
0,6,118,139,61
0,7,119,140,62
0,8,121,138,65
0,9,122,139,66
0,10,128,134,72
0,11,128,134,72
0,12,135,134,73
0,13,136,135,74
0,14,141,132,82
0,15,147,138,88
0,16,152,145,98
0,17,158,151,104
0,18,154,150,112
0,19,160,156,118
0,20,160,161,124
0,21,160,161,124
0,22,164,160,129
0,23,164,160,129
0,24,162,158,127
0,25,162,158,127
0,26,160,157,130
0,27,162,159,132
0,28,166,162,140
0,29,171,167,145
0,30,175,169,152
0,31,178,172,155
0,32,175,170,150
0,33,171,166,146
0,34,166,161,141
0,35,166,161,141
0,36,169,164,144
0,37,168,163,143
0,38,167,163,141
0,39,174,170,148
0,40,178,174,152
0,41,180,176,154
0,42,183,181,159
0,43,187,185,163
0,44,180,178,154
0,45,172,170,146
0,46,169,169,145
0,47,171,171,147
0,48,173,171,147
0,49,175,173,149
0,50,175,173,151
0,51,176,174,152
0,52,176,174,152
0,53,176,174,152
0,54,176,174,152
0,55,176,174,152
0,56,175,173,149
0,57,174,172,148
0,58,175,171,147
0,59,174,170,146
0,60,173,169,147
0,61,173,169,147
0,62,174,169,149
0,63,173,168,148
0,64,171,166,146
0,65,171,166,146
0,66,171,168,148
0,67,172,169,149
0,68,172,169,149
0,69,171,168,148
0,70,165,168,143
0,71,164,167,142
0,72,164,168,140
0,73,164,168,140
0,74,162,166,138
0,75,163,167,139
0,76,163,167,139
0,77,163,167,139
0,78,163,168,138
0,79,162,167,137
0,80,164,167,135
0,81,164,167,135
0,82,165,166,134
0,83,164,165,133
0,84,164,164,130
0,85,164,164,130
0,86,163,163,129
0,87,162,162,128
0,88,161,162,125
0,89,160,161,124
0,90,159,160,123
0,91,157,158,121
0,92,157,158,121
0,93,156,157,120
0,94,156,157,118
0,95,155,156,117
0,96,156,157,118
0,97,156,157,118
0,98,158,157,117
0,99,158,157,117
0,100,156,158,117
0,101,155,157,116
0,102,155,156,117
0,103,154,155,116
0,104,149,154,115
0,105,148,153,114
0,106,147,149,115
0,107,147,149,115
1,0,119,132,59
1,1,119,132,59
1,2,119,135,59
1,3,122,138,62
1,4,118,136,59
1,5,121,139,62
1,6,120,141,63
1,7,120,141,63
1,8,121,138,65
1,9,122,139,66
1,10,127,133,71
1,11,129,135,73
1,12,136,135,74
1,13,139,138,77
1,14,144,135,85
1,15,148,139,89
1,16,152,145,98
1,17,158,151,104
1,18,158,154,116
1,19,160,156,118
1,20,159,160,123
1,21,160,161,124
1,22,164,160,129
1,23,164,160,129
1,24,162,158,127
1,25,161,157,126
1,26,160,157,130
1,27,163,160,133
1,28,168,164,142
1,29,171,167,145
1,30,173,167,150
1,31,170,164,147
1,32,166,161,141
1,33,167,162,142
1,34,167,162,142
1,35,164,159,139
1,36,168,163,143
1,37,169,164,144
1,38,174,170,148
1,39,176,172,150
1,40,177,173,151
1,41,178,174,152
1,42,183,181,159
1,43,188,186,164
1,44,184,182,158
1,45,176,174,150
1,46,170,170,146
1,47,171,171,147
1,48,174,172,148
1,49,175,173,149
1,50,175,173,151
1,51,176,174,152
1,52,176,174,152
1,53,176,174,152
1,54,176,174,152
1,55,175,173,151
1,56,175,173,149
1,57,175,173,149
1,58,176,172,148
1,59,174,170,146
1,60,173,169,147
1,61,170,166,144
1,62,171,166,146
1,63,175,170,150
1,64,171,166,146
1,65,164,159,139
1,66,169,166,146
1,67,174,171,151
1,68,173,170,150
1,69,171,168,148
1,70,164,167,142
1,71,165,168,143
1,72,165,169,141
1,73,164,168,140
1,74,164,168,140
1,75,163,167,139
1,76,163,167,139
1,77,162,166,138
1,78,162,167,137
1,79,162,167,137
1,80,164,167,135
1,81,164,167,135
1,82,164,165,133
1,83,162,163,131
1,84,163,163,129
1,85,163,163,129
1,86,163,163,129
1,87,162,162,128
1,88,161,162,125
1,89,160,161,124
1,90,159,160,123
1,91,157,158,121
1,92,157,158,121
1,93,156,157,120
1,94,156,157,118
1,95,155,156,117
1,96,156,157,118
1,97,156,157,118
1,98,158,157,117
1,99,158,157,117
1,100,156,158,117
1,101,155,157,116
1,102,155,156,117
1,103,154,155,116
1,104,149,154,115
1,105,148,153,114
1,106,147,149,115
1,107,147,149,115
2,0,118,131,58
2,1,119,132,59
2,2,119,135,59
2,3,122,138,62
2,4,121,139,62
2,5,121,139,62
2,6,123,141,64
2,7,122,140,63
2,8,121,138,65
2,9,122,139,66
2,10,128,134,72
2,11,129,135,73
2,12,136,135,74
2,13,140,139,78
2,14,145,140,86
2,15,152,147,93
2,16,153,148,101
2,17,156,151,104
2,18,159,158,118
2,19,161,160,120
2,20,162,160,124
2,21,163,161,125
2,22,164,161,128
2,23,163,160,127
2,24,162,158,127
2,25,161,157,126
2,26,161,158,131
2,27,164,161,134
2,28,168,164,142
2,29,173,169,147
2,30,173,167,150
2,31,166,160,143
2,32,161,155,138
2,33,164,158,141
2,34,169,161,142
2,35,168,160,141
2,36,172,164,145
2,37,172,164,145
2,38,176,171,151
2,39,178,173,153
2,40,176,171,151
2,41,175,170,150
2,42,182,177,157
2,43,189,184,164
2,44,187,185,163
2,45,183,181,159
2,46,178,176,154
2,47,173,171,149
2,48,175,171,149
2,49,175,171,149
2,50,175,171,149
2,51,175,171,149
2,52,175,171,149
2,53,176,172,150
2,54,175,173,151
2,55,175,173,151
2,56,177,173,149
2,57,177,173,149
2,58,177,173,149
2,59,175,171,147
2,60,173,169,145
2,61,171,167,143
2,62,173,166,145
2,63,177,170,149
2,64,171,166,146
2,65,163,158,138
2,66,169,164,144
2,67,175,170,150
2,68,174,171,151
2,69,172,169,149
2,70,167,167,145
2,71,167,167,145
2,72,166,166,142
2,73,167,167,143
2,74,167,168,141
2,75,165,166,139
2,76,164,166,137
2,77,164,166,137
2,78,164,166,137
2,79,163,165,136
2,80,163,166,134
2,81,162,165,133
2,82,164,163,131
2,83,164,163,131
2,84,164,164,130
2,85,163,163,129
2,86,163,163,129
2,87,162,162,128
2,88,161,162,125
2,89,160,161,124
2,90,159,160,123
2,91,157,158,121
2,92,157,158,121
2,93,156,157,120
2,94,156,157,118
2,95,155,156,117
2,96,156,157,118
2,97,156,157,118
2,98,158,157,117
2,99,158,157,117
2,100,156,158,117
2,101,155,157,116
2,102,155,156,117
2,103,154,155,116
2,104,149,154,115
2,105,148,153,114
2,106,147,149,115
2,107,147,149,115
3,0,118,131,58
3,1,119,132,59
3,2,119,135,59
3,3,122,138,62
3,4,121,139,62
3,5,122,140,63
3,6,124,142,65
3,7,123,141,64
3,8,123,140,67
3,9,123,140,67
3,10,130,136,74
3,11,130,136,74
3,12,135,134,73
3,13,141,140,79
3,14,150,145,91
3,15,156,151,97
3,16,155,150,103
3,17,156,151,104
3,18,159,158,118
3,19,161,160,120
3,20,162,160,124
3,21,162,160,124
3,22,163,160,127
3,23,163,160,127
3,24,162,158,127
3,25,162,158,127
3,26,161,158,131
3,27,164,161,134
3,28,169,165,143
3,29,170,166,144
3,30,169,163,146
3,31,167,161,144
3,32,163,157,140
3,33,166,160,143
3,34,168,160,141
3,35,163,155,136
3,36,163,155,136
3,37,170,162,143
3,38,176,171,151
3,39,178,173,153
3,40,176,171,151
3,41,166,161,141
3,42,171,166,146
3,43,183,178,158
3,44,183,181,159
3,45,180,178,156
3,46,178,176,154
3,47,178,176,154
3,48,178,174,152
3,49,178,174,152
3,50,176,172,150
3,51,176,172,150
3,52,174,170,148
3,53,174,170,148
3,54,172,170,148
3,55,173,171,149
3,56,174,170,146
3,57,175,171,147
3,58,175,171,147
3,59,175,171,147
3,60,174,170,146
3,61,174,170,146
3,62,173,166,145
3,63,175,168,147
3,64,173,168,148
3,65,166,161,141
3,66,167,162,142
3,67,170,165,145
3,68,171,168,148
3,69,169,166,146
3,70,167,167,145
3,71,167,167,145
3,72,166,166,142
3,73,166,166,142
3,74,166,167,140
3,75,165,166,139
3,76,165,167,138
3,77,164,166,137
3,78,164,166,137
3,79,163,165,136
3,80,163,166,134
3,81,162,165,133
3,82,166,165,133
3,83,166,165,133
3,84,164,164,130
3,85,164,164,130
3,86,163,163,129
3,87,162,162,128
3,88,161,162,125
3,89,160,161,124
3,90,159,160,123
3,91,157,158,121
3,92,157,158,121
3,93,156,157,120
3,94,156,157,118
3,95,155,156,117
3,96,156,157,118
3,97,156,157,118
3,98,158,157,117
3,99,158,157,117
3,100,156,158,117
3,101,155,157,116
3,102,155,156,117
3,103,154,155,116
3,104,149,154,115
3,105,148,153,114
3,106,147,149,115
3,107,147,149,115
4,0,120,133,60
4,1,120,133,60
4,2,122,136,60
4,3,124,138,62
4,4,122,140,64
4,5,124,142,66
4,6,124,142,65
4,7,123,141,64
4,8,124,141,68
4,9,125,142,69
4,10,131,141,76
4,11,131,141,76
4,12,137,138,77
4,13,142,143,82
4,14,151,146,92
4,15,156,151,97
4,16,158,151,104
4,17,158,151,104
4,18,160,154,115
4,19,169,163,124
4,20,164,162,126
4,21,165,163,127
4,22,164,161,128
4,23,164,161,128
4,24,163,158,130
4,25,162,157,129
4,26,163,157,131
4,27,166,160,134
4,28,170,166,144
4,29,170,166,144
4,30,168,162,145
4,31,164,158,141
4,32,163,157,140
4,33,167,161,144
4,34,166,157,141
4,35,158,149,133
4,36,157,148,132
4,37,163,154,138
4,38,173,164,148
4,39,177,168,152
4,40,173,168,148
4,41,164,159,139
4,42,169,164,144
4,43,182,177,157
4,44,189,184,164
4,45,189,184,164
4,46,189,184,164
4,47,197,192,172
4,48,202,197,177
4,49,200,195,175
4,50,192,187,167
4,51,190,185,165
4,52,191,183,164
4,53,188,180,161
4,54,186,178,159
4,55,183,175,156
4,56,178,174,152
4,57,178,174,152
4,58,176,172,150
4,59,175,171,149
4,60,177,170,149
4,61,176,169,148
4,62,175,167,148
4,63,175,167,148
4,64,173,164,148
4,65,170,161,145
4,66,166,157,141
4,67,171,162,146
4,68,171,166,146
4,69,171,166,146
4,70,171,169,147
4,71,169,167,145
4,72,169,167,145
4,73,168,166,144
4,74,168,166,142
4,75,168,166,142
4,76,164,165,138
4,77,164,165,138
4,78,164,166,137
4,79,163,165,136
4,80,163,166,134
4,81,162,165,133
4,82,162,163,131
4,83,162,163,131
4,84,164,164,130
4,85,163,163,129
4,86,165,162,129
4,87,164,161,128
4,88,163,160,127
4,89,162,159,126
4,90,161,159,123
4,91,159,157,121
4,92,159,157,121
4,93,158,156,120
4,94,158,156,118
4,95,157,155,117
4,96,158,156,118
4,97,158,156,118
4,98,158,157,117
4,99,158,157,117
4,100,158,157,117
4,101,157,156,116
4,102,155,157,116
4,103,154,156,115
4,104,151,155,114
4,105,150,154,113
4,106,149,149,115
4,107,149,149,115
5,0,120,133,60
5,1,121,134,61
5,2,122,136,60
5,3,125,139,63
5,4,122,140,64
5,5,124,142,66
5,6,124,142,65
5,7,124,142,65
5,8,125,142,69
5,9,129,146,73
5,10,133,143,78
5,11,134,144,79
5,12,141,142,81
5,13,142,143,82
5,14,150,145,91
5,15,153,148,94
5,16,158,151,104
5,17,159,152,105
5,18,162,156,117
5,19,169,163,124
5,20,165,163,127
5,21,164,162,126
5,22,163,160,127
5,23,164,161,128
5,24,163,158,130
5,25,163,158,130
5,26,166,160,134
5,27,170,164,138
5,28,171,167,145
5,29,173,169,147
5,30,169,163,146
5,31,162,156,139
5,32,159,153,136
5,33,161,155,138
5,34,163,154,138
5,35,161,152,136
5,36,159,150,134
5,37,152,143,127
5,38,165,156,140
5,39,173,164,148
5,40,175,170,150
5,41,183,178,158
5,42,196,191,171
5,43,205,200,180
5,44,211,206,186
5,45,219,214,194
5,46,224,219,199
5,47,227,222,202
5,48,232,227,207
5,49,232,227,207
5,50,226,221,201
5,51,221,216,196
5,52,222,214,195
5,53,222,214,195
5,54,213,205,186
5,55,209,201,182
5,56,207,203,181
5,57,204,200,178
5,58,193,189,167
5,59,183,179,157
5,60,184,177,156
5,61,184,177,156
5,62,180,172,153
5,63,177,169,150
5,64,176,167,151
5,65,171,162,146
5,66,170,161,145
5,67,176,167,151
5,68,175,170,150
5,69,174,169,149
5,70,171,169,147
5,71,169,167,145
5,72,169,167,145
5,73,168,166,144
5,74,168,166,142
5,75,167,165,141
5,76,165,166,139
5,77,165,166,139
5,78,164,166,137
5,79,163,165,136
5,80,163,166,134
5,81,162,165,133
5,82,164,165,133
5,83,164,165,133
5,84,164,164,130
5,85,164,164,130
5,86,165,162,129
5,87,165,162,129
5,88,163,160,127
5,89,162,159,126
5,90,161,159,123
5,91,159,157,121
5,92,159,157,121
5,93,158,156,120
5,94,158,156,118
5,95,157,155,117
5,96,158,156,118
5,97,158,156,118
5,98,158,157,117
5,99,158,157,117
5,100,158,157,117
5,101,157,156,116
5,102,155,157,116
5,103,154,156,115
5,104,151,155,114
5,105,150,154,113
5,106,149,149,115
5,107,149,149,115
6,0,123,133,61
6,1,123,133,61
6,2,122,136,60
6,3,125,139,63
6,4,121,139,63
6,5,122,140,64
6,6,124,142,66
6,7,124,142,66
6,8,125,143,67
6,9,128,146,70
6,10,133,145,75
6,11,135,147,77
6,12,139,143,81
6,13,139,143,81
6,14,147,145,89
6,15,156,154,98
6,16,160,155,106
6,17,161,156,107
6,18,165,160,118
6,19,167,162,120
6,20,168,162,123
6,21,167,161,122
6,22,163,159,123
6,23,163,159,123
6,24,165,158,130
6,25,164,157,129
6,26,168,161,138
6,27,176,169,146
6,28,172,164,145
6,29,172,164,145
6,30,169,164,144
6,31,161,156,136
6,32,155,146,130
6,33,154,145,129
6,34,161,152,136
6,35,163,154,138
6,36,154,145,129
6,37,148,139,123
6,38,162,153,137
6,39,182,173,157
6,40,198,189,173
6,41,213,204,188
6,42,230,221,205
6,43,236,227,211
6,44,235,226,210
6,45,241,232,216
6,46,243,234,218
6,47,236,227,211
6,48,235,226,210
6,49,240,231,215
6,50,242,233,217
6,51,243,234,218
6,52,245,234,218
6,53,244,233,217
6,54,242,232,213
6,55,241,231,212
6,56,239,229,210
6,57,238,228,209
6,58,227,219,200
6,59,211,203,184
6,60,206,199,178
6,61,205,198,177
6,62,202,194,175
6,63,193,185,166
6,64,183,174,158
6,65,170,161,145
6,66,163,154,138
6,67,170,161,145
6,68,172,164,145
6,69,173,165,146
6,70,171,166,146
6,71,171,166,146
6,72,170,166,144
6,73,170,166,144
6,74,170,166,142
6,75,169,165,141
6,76,167,166,139
6,77,166,165,138
6,78,165,165,136
6,79,165,165,136
6,80,165,166,134
6,81,165,166,134
6,82,164,165,133
6,83,162,163,131
6,84,163,162,130
6,85,163,162,130
6,86,165,162,129
6,87,164,161,128
6,88,164,161,128
6,89,163,160,127
6,90,162,160,124
6,91,161,159,123
6,92,157,158,119
6,93,157,158,119
6,94,156,158,117
6,95,156,158,117
6,96,156,158,117
6,97,155,157,116
6,98,155,158,114
6,99,156,159,115
6,100,156,159,115
6,101,155,158,114
6,102,155,157,116
6,103,154,156,115
6,104,152,157,113
6,105,151,156,112
6,106,150,154,108
6,107,150,154,108
7,0,123,133,61
7,1,123,133,61
7,2,122,136,60
7,3,126,140,64
7,4,122,140,64
7,5,123,141,65
7,6,123,141,65
7,7,125,143,67
7,8,125,143,67
7,9,127,145,69
7,10,133,145,75
7,11,133,145,75
7,12,140,144,82
7,13,144,148,86
7,14,150,148,92
7,15,155,153,97
7,16,157,152,103
7,17,157,152,103
7,18,159,154,112
7,19,161,156,114
7,20,163,157,118
7,21,163,157,118
7,22,164,160,124
7,23,164,160,124
7,24,164,157,129
7,25,164,157,129
7,26,161,154,131
7,27,163,156,133
7,28,164,156,137
7,29,164,156,137
7,30,166,161,141
7,31,173,168,148
7,32,177,168,152
7,33,161,152,136
7,34,151,142,126
7,35,155,146,130
7,36,161,152,136
7,37,175,166,150
7,38,188,179,163
7,39,205,196,180
7,40,222,213,197
7,41,225,216,200
7,42,232,223,207
7,43,237,228,212
7,44,235,226,210
7,45,233,224,208
7,46,233,224,208
7,47,228,219,203
7,48,226,217,201
7,49,229,220,204
7,50,229,220,204
7,51,230,221,205
7,52,232,221,205
7,53,236,225,209
7,54,238,228,209
7,55,237,227,208
7,56,236,226,207
7,57,241,231,212
7,58,237,229,210
7,59,234,226,207
7,60,233,226,205
7,61,234,227,206
7,62,233,225,206
7,63,222,214,195
7,64,206,197,181
7,65,188,179,163
7,66,166,157,141
7,67,162,153,137
7,68,163,155,136
7,69,169,161,142
7,70,170,165,145
7,71,170,165,145
7,72,169,165,143
7,73,169,165,143
7,74,169,165,141
7,75,169,165,141
7,76,167,166,139
7,77,166,165,138
7,78,166,166,137
7,79,166,166,137
7,80,165,166,134
7,81,165,166,134
7,82,164,165,133
7,83,162,163,131
7,84,163,162,130
7,85,163,162,130
7,86,164,161,128
7,87,164,161,128
7,88,164,161,128
7,89,163,160,127
7,90,162,160,124
7,91,161,159,123
7,92,157,158,119
7,93,157,158,119
7,94,156,158,117
7,95,156,158,117
7,96,156,158,117
7,97,155,157,116
7,98,155,158,114
7,99,156,159,115
7,100,156,159,115
7,101,155,158,114
7,102,155,157,116
7,103,154,156,115
7,104,152,157,113
7,105,151,156,112
7,106,150,154,108
7,107,149,153,107
8,0,124,133,64
8,1,126,135,66
8,2,124,137,64
8,3,127,140,67
8,4,123,139,63
8,5,124,140,64
8,6,126,142,66
8,7,127,143,67
8,8,125,143,67
8,9,125,143,67
8,10,130,145,72
8,11,133,148,75
8,12,141,150,81
8,13,143,152,83
8,14,153,155,92
8,15,155,157,94
8,16,157,155,99
8,17,158,156,100
8,18,156,153,104
8,19,156,153,104
8,20,159,155,111
8,21,161,157,113
8,22,164,160,122
8,23,164,160,122
8,24,159,155,124
8,25,158,154,123
8,26,158,151,128
8,27,161,154,131
8,28,164,156,137
8,29,161,153,134
8,30,158,149,133
8,31,165,156,140
8,32,165,153,139
8,33,160,148,134
8,34,160,149,133
8,35,172,161,145
8,36,195,186,170
8,37,215,206,190
8,38,228,219,203
8,39,234,225,209
8,40,235,226,210
8,41,228,219,203
8,42,221,212,196
8,43,219,210,194
8,44,216,207,191
8,45,216,207,191
8,46,218,207,191
8,47,221,210,194
8,48,223,212,196
8,49,217,206,190
8,50,213,202,186
8,51,215,204,188
8,52,218,204,189
8,53,222,208,193
8,54,220,206,191
8,55,218,204,189
8,56,219,206,188
8,57,220,207,189
8,58,225,215,196
8,59,237,227,208
8,60,243,233,214
8,61,244,234,215
8,62,244,234,215
8,63,241,231,212
8,64,232,221,205
8,65,224,213,197
8,66,211,200,184
8,67,200,189,173
8,68,179,170,154
8,69,173,164,148
8,70,170,161,145
8,71,170,161,145
8,72,168,163,143
8,73,168,163,143
8,74,169,165,143
8,75,169,165,143
8,76,169,165,141
8,77,168,164,140
8,78,166,165,138
8,79,166,165,138
8,80,165,165,136
8,81,165,165,136
8,82,166,164,135
8,83,164,162,133
8,84,165,161,130
8,85,165,161,130
8,86,165,161,130
8,87,165,161,130
8,88,163,160,127
8,89,162,159,126
8,90,161,159,123
8,91,161,159,123
8,92,157,158,119
8,93,157,158,119
8,94,156,158,117
8,95,156,158,117
8,96,156,158,117
8,97,155,157,116
8,98,155,158,114
8,99,156,159,115
8,100,156,159,115
8,101,155,158,114
8,102,155,158,114
8,103,154,157,113
8,104,154,158,112
8,105,153,157,111
8,106,152,153,108
8,107,152,153,108
9,0,128,137,68
9,1,128,137,68
9,2,126,139,66
9,3,127,140,67
9,4,124,140,64
9,5,126,142,66
9,6,127,143,67
9,7,126,142,66
9,8,125,143,67
9,9,128,146,70
9,10,132,147,74
9,11,134,149,76
9,12,144,153,84
9,13,145,154,85
9,14,155,157,94
9,15,159,161,98
9,16,161,159,103
9,17,162,160,104
9,18,159,156,107
9,19,159,156,107
9,20,159,155,111
9,21,162,158,114
9,22,163,159,121
9,23,161,157,119
9,24,158,154,123
9,25,158,154,123
9,26,158,151,128
9,27,163,156,133
9,28,164,156,137
9,29,155,147,128
9,30,145,136,120
9,31,147,138,122
9,32,152,140,126
9,33,168,156,142
9,34,195,184,168
9,35,217,206,190
9,36,236,227,211
9,37,239,230,214
9,38,239,230,214
9,39,243,234,218
9,40,241,232,216
9,41,237,228,212
9,42,229,220,204
9,43,213,204,188
9,44,204,195,179
9,45,208,199,183
9,46,207,196,180
9,47,195,184,168
9,48,189,178,162
9,49,179,168,152
9,50,179,168,152
9,51,187,176,160
9,52,196,182,167
9,53,195,181,166
9,54,195,181,166
9,55,199,185,170
9,56,202,189,171
9,57,201,188,170
9,58,206,196,177
9,59,218,208,189
9,60,225,215,196
9,61,229,219,200
9,62,232,222,203
9,63,232,222,203
9,64,232,221,205
9,65,237,226,210
9,66,249,238,222
9,67,248,237,221
9,68,214,205,189
9,69,186,177,161
9,70,164,155,139
9,71,164,155,139
9,72,166,161,141
9,73,168,163,143
9,74,167,163,141
9,75,167,163,141
9,76,168,164,140
9,77,168,164,140
9,78,165,164,137
9,79,165,164,137
9,80,164,164,135
9,81,164,164,135
9,82,164,162,133
9,83,164,162,133
9,84,166,162,131
9,85,165,161,130
9,86,165,161,130
9,87,165,161,130
9,88,163,160,127
9,89,162,159,126
9,90,161,159,123
9,91,161,159,123
9,92,157,158,119
9,93,157,158,119
9,94,156,158,117
9,95,156,158,117
9,96,156,158,117
9,97,155,157,116
9,98,155,158,114
9,99,156,159,115
9,100,156,159,115
9,101,155,158,114
9,102,155,158,114
9,103,154,157,113
9,104,154,158,112
9,105,153,157,111
9,106,154,155,110
9,107,152,153,108
10,0,131,138,69
10,1,129,136,67
10,2,128,137,68
10,3,129,138,69
10,4,125,140,67
10,5,126,141,68
10,6,127,143,67
10,7,127,143,67
10,8,125,143,67
10,9,128,146,70
10,10,132,150,74
10,11,134,152,76
10,12,147,156,87
10,13,150,159,90
10,14,156,160,98
10,15,157,161,99
10,16,160,158,102
10,17,161,159,103
10,18,161,157,106
10,19,162,158,107
10,20,160,157,110
10,21,163,160,113
10,22,163,156,119
10,23,163,156,119
10,24,158,154,123
10,25,159,155,124
10,26,155,148,125
10,27,145,138,115
10,28,145,138,117
10,29,148,141,120
10,30,159,148,132
10,31,173,162,146
10,32,194,180,165
10,33,217,203,188
10,34,230,219,203
10,35,242,231,215
10,36,250,239,223
10,37,242,231,215
10,38,230,221,205
10,39,228,219,203
10,40,229,220,204
10,41,235,226,210
10,42,234,225,209
10,43,213,204,188
10,44,198,189,173
10,45,202,193,177
10,46,202,193,177
10,47,182,173,157
10,48,163,154,138
10,49,156,147,131
10,50,161,150,134
10,51,165,154,138
10,52,167,153,138
10,53,163,149,134
10,54,169,155,140
10,55,179,165,150
10,56,183,170,152
10,57,187,174,156
10,58,196,183,165
10,59,212,199,181
10,60,217,204,186
10,61,219,206,188
10,62,219,205,190
10,63,218,204,189
10,64,218,203,190
10,65,223,208,195
10,66,236,224,210
10,67,246,234,220
10,68,237,225,211
10,69,214,202,188
10,70,190,180,166
10,71,177,167,153
10,72,169,160,144
10,73,163,154,138
10,74,166,161,141
10,75,168,163,143
10,76,167,163,141
10,77,167,163,141
10,78,167,163,139
10,79,167,163,139
10,80,167,164,137
10,81,164,161,134
10,82,164,161,134
10,83,164,161,134
10,84,166,160,134
10,85,165,159,133
10,86,165,161,130
10,87,164,160,129
10,88,163,160,127
10,89,162,159,126
10,90,161,159,123
10,91,161,159,123
10,92,159,157,119
10,93,159,157,119
10,94,158,157,117
10,95,158,157,117
10,96,158,157,117
10,97,157,156,116
10,98,155,158,114
10,99,156,159,115
10,100,156,159,115
10,101,155,158,114
10,102,155,158,114
10,103,154,157,113
10,104,154,158,112
10,105,153,157,111
10,106,154,155,110
10,107,154,155,110
11,0,133,140,71
11,1,135,142,73
11,2,135,144,75
11,3,135,144,75
11,4,126,141,68
11,5,126,141,68
11,6,126,142,66
11,7,127,143,67
11,8,128,146,70
11,9,130,148,72
11,10,132,150,74
11,11,136,154,78
11,12,148,157,88
11,13,150,159,90
11,14,159,163,101
11,15,159,163,101
11,16,157,155,99
11,17,158,156,100
11,18,161,157,106
11,19,163,159,108
11,20,161,158,111
11,21,161,158,111
11,22,161,154,117
11,23,167,160,123
11,24,157,153,122
11,25,158,154,123
11,26,155,148,125
11,27,137,130,107
11,28,152,145,124
11,29,178,171,150
11,30,202,191,175
11,31,224,213,197
11,32,239,225,210
11,33,243,229,214
11,34,239,228,212
11,35,235,224,208
11,36,236,225,209
11,37,237,226,210
11,38,225,216,200
11,39,222,213,197
11,40,218,209,193
11,41,220,211,195
11,42,222,213,197
11,43,208,199,183
11,44,193,184,168
11,45,193,184,168
11,46,198,189,173
11,47,197,188,172
11,48,197,188,172
11,49,199,190,174
11,50,196,185,169
11,51,189,178,162
11,52,186,172,157
11,53,183,169,154
11,54,182,168,153
11,55,187,173,158
11,56,189,176,158
11,57,190,177,159
11,58,199,186,168
11,59,210,197,179
11,60,211,198,180
11,61,212,199,181
11,62,211,197,182
11,63,206,192,177
11,64,205,190,177
11,65,208,193,180
11,66,210,198,184
11,67,220,208,194
11,68,225,213,199
11,69,222,210,196
11,70,212,202,188
11,71,207,197,183
11,72,192,183,167
11,73,178,169,153
11,74,163,158,138
11,75,168,163,143
11,76,170,166,144
11,77,167,163,141
11,78,164,160,136
11,79,164,160,136
11,80,166,163,136
11,81,166,163,136
11,82,166,163,136
11,83,166,163,136
11,84,166,160,134
11,85,166,160,134
11,86,165,161,130
11,87,164,160,129
11,88,163,160,127
11,89,162,159,126
11,90,161,159,123
11,91,159,157,121
11,92,159,157,119
11,93,159,157,119
11,94,158,157,117
11,95,158,157,117
11,96,158,157,117
11,97,157,156,116
11,98,155,158,114
11,99,156,159,115
11,100,156,159,115
11,101,155,158,114
11,102,155,158,114
11,103,154,157,113
11,104,154,158,112
11,105,153,157,111
11,106,154,155,110
11,107,154,155,110
12,0,136,143,74
12,1,157,164,95
12,2,149,158,89
12,3,128,137,68
12,4,131,140,71
12,5,136,145,76
12,6,134,143,74
12,7,135,144,75
12,8,135,147,77
12,9,138,150,80
12,10,140,151,83
12,11,142,153,85
12,12,151,157,90
12,13,153,159,92
12,14,160,161,100
12,15,159,160,99
12,16,158,156,100
12,17,160,158,102
12,18,160,155,106
12,19,162,157,108
12,20,164,158,114
12,21,165,159,115
12,22,159,152,117
12,23,154,147,112
12,24,152,145,117
12,25,156,149,121
12,26,165,158,135
12,27,180,173,150
12,28,199,190,169
12,29,221,212,191
12,30,235,224,208
12,31,242,231,215
12,32,235,224,208
12,33,231,220,204
12,34,234,223,207
12,35,230,219,203
12,36,225,214,198
12,37,225,214,198
12,38,216,207,191
12,39,214,205,189
12,40,211,202,186
12,41,207,198,182
12,42,211,202,186
12,43,206,197,181
12,44,199,190,174
12,45,195,186,170
12,46,197,188,172
12,47,206,197,181
12,48,222,213,197
12,49,228,219,203
12,50,227,218,202
12,51,227,218,202
12,52,229,218,202
12,53,227,216,200
12,54,219,205,190
12,55,215,201,186
12,56,210,196,181
12,57,209,195,180
12,58,208,194,179
12,59,204,190,175
12,60,203,189,174
12,61,201,187,172
12,62,202,187,174
12,63,203,188,175
12,64,201,186,173
12,65,204,189,176
12,66,210,194,184
12,67,215,199,189
12,68,216,203,192
12,69,222,209,198
12,70,223,210,199
12,71,229,216,205
12,72,225,213,199
12,73,216,204,190
12,74,198,189,173
12,75,185,176,160
12,76,176,168,149
12,77,169,161,142
12,78,163,156,135
12,79,163,156,135
12,80,164,157,136
12,81,168,161,140
12,82,169,162,141
12,83,168,161,140
12,84,166,159,136
12,85,166,159,136
12,86,165,159,133
12,87,164,158,132
12,88,163,158,130
12,89,162,157,129
12,90,161,158,125
12,91,159,156,123
12,92,159,157,119
12,93,159,157,119
12,94,158,156,118
12,95,158,156,118
12,96,158,157,117
12,97,158,157,117
12,98,156,158,117
12,99,156,158,117
12,100,156,158,117
12,101,155,157,116
12,102,155,157,116
12,103,154,156,115
12,104,152,158,112
12,105,151,157,111
12,106,152,156,110
12,107,152,156,110
13,0,139,146,77
13,1,149,156,87
13,2,135,144,75
13,3,124,133,64
13,4,137,146,77
13,5,140,149,80
13,6,136,145,76
13,7,138,147,78
13,8,138,150,80
13,9,140,152,82
13,10,142,153,85
13,11,145,156,88
13,12,152,158,91
13,13,154,160,93
13,14,159,160,99
13,15,158,159,98
13,16,161,159,103
13,17,161,159,103
13,18,160,155,106
13,19,158,153,104
13,20,158,152,108
13,21,157,151,107
13,22,149,142,107
13,23,141,134,99
13,24,147,140,112
13,25,165,158,130
13,26,193,186,163
13,27,229,222,199
13,28,236,227,206
13,29,235,226,205
13,30,228,217,201
13,31,225,214,198
13,32,224,213,197
13,33,222,211,195
13,34,224,213,197
13,35,225,214,198
13,36,218,207,191
13,37,199,188,172
13,38,194,185,169
13,39,207,198,182
13,40,208,199,183
13,41,208,199,183
13,42,206,197,181
13,43,208,199,183
13,44,209,200,184
13,45,206,197,181
13,46,206,197,181
13,47,208,199,183
13,48,208,199,183
13,49,211,202,186
13,50,213,204,188
13,51,218,209,193
13,52,223,212,196
13,53,223,212,196
13,54,223,209,194
13,55,218,204,189
13,56,218,204,189
13,57,223,209,194
13,58,222,208,193
13,59,219,205,190
13,60,213,199,184
13,61,209,195,180
13,62,206,191,178
13,63,208,193,180
13,64,208,193,180
13,65,210,195,182
13,66,211,195,185
13,67,211,195,185
13,68,210,197,186
13,69,213,200,189
13,70,216,203,192
13,71,222,209,198
13,72,232,220,206
13,73,235,223,209
13,74,233,224,208
13,75,215,206,190
13,76,188,180,161
13,77,170,162,143
13,78,159,152,131
13,79,156,149,128
13,80,159,152,131
13,81,169,162,141
13,82,170,163,142
13,83,169,162,141
13,84,166,159,136
13,85,166,159,136
13,86,165,159,133
13,87,164,158,132
13,88,164,159,131
13,89,163,158,130
13,90,162,159,126
13,91,161,158,125
13,92,159,157,119
13,93,159,157,119
13,94,159,157,119
13,95,159,157,119
13,96,158,157,117
13,97,158,157,117
13,98,156,158,117
13,99,156,158,117
13,100,156,158,117
13,101,155,157,116
13,102,155,157,116
13,103,154,156,115
13,104,152,158,112
13,105,151,157,111
13,106,152,156,110
13,107,152,156,110
14,0,133,142,73
14,1,134,143,74
14,2,140,146,79
14,3,140,146,79
14,4,140,148,81
14,5,140,148,81
14,6,137,144,80
14,7,138,145,81
14,8,141,148,84
14,9,143,150,86
14,10,145,151,89
14,11,149,155,93
14,12,152,157,93
14,13,156,161,97
14,14,158,159,100
14,15,156,157,98
14,16,160,157,103
14,17,160,157,103
14,18,160,155,108
14,19,161,156,109
14,20,158,152,113
14,21,137,131,92
14,22,125,117,85
14,23,144,136,104
14,24,185,178,150
14,25,217,210,182
14,26,238,229,206
14,27,242,233,210
14,28,234,225,204
14,29,225,216,195
14,30,222,212,193
14,31,221,211,192
14,32,223,213,194
14,33,225,215,196
14,34,222,211,195
14,35,210,199,183
14,36,200,191,175
14,37,193,184,168
14,38,197,191,174
14,39,204,198,181
14,40,212,202,188
14,41,208,198,184
14,42,202,191,175
14,43,202,191,175
14,44,202,191,175
14,45,201,190,174
14,46,200,189,173
14,47,201,190,174
14,48,199,188,172
14,49,193,182,166
14,50,186,175,159
14,51,189,178,162
14,52,211,202,186
14,53,214,205,189
14,54,214,203,187
14,55,214,203,187
14,56,218,207,191
14,57,218,207,191
14,58,223,212,196
14,59,224,213,197
14,60,223,211,197
14,61,218,206,192
14,62,214,201,190
14,63,211,198,187
14,64,210,197,186
14,65,208,195,184
14,66,209,196,185
14,67,210,197,186
14,68,208,195,186
14,69,206,193,184
14,70,210,197,188
14,71,216,203,194
14,72,222,209,198
14,73,228,215,204
14,74,230,220,206
14,75,236,226,212
14,76,214,205,189
14,77,190,181,165
14,78,171,163,144
14,79,158,150,131
14,80,158,151,130
14,81,166,159,138
14,82,168,161,140
14,83,168,161,140
14,84,166,159,138
14,85,166,159,138
14,86,165,159,133
14,87,164,158,132
14,88,164,159,131
14,89,163,158,130
14,90,162,159,126
14,91,161,158,125
14,92,161,159,123
14,93,159,157,121
14,94,159,157,119
14,95,159,157,119
14,96,159,157,119
14,97,159,157,119
14,98,159,157,119
14,99,159,157,119
14,100,156,157,120
14,101,156,157,120
14,102,155,156,119
14,103,154,155,118
14,104,150,156,115
14,105,149,155,114
14,106,148,154,113
14,107,146,152,111
15,0,131,140,71
15,1,133,142,73
15,2,138,144,77
15,3,142,148,81
15,4,140,148,81
15,5,140,148,81
15,6,137,144,80
15,7,138,145,81
15,8,142,149,85
15,9,141,148,84
15,10,144,150,88
15,11,149,155,93
15,12,152,157,93
15,13,154,159,95
15,14,158,159,100
15,15,156,157,98
15,16,158,155,101
15,17,158,155,101
15,18,158,153,106
15,19,160,155,108
15,20,144,138,99
15,21,127,121,82
15,22,130,122,90
15,23,168,160,128
15,24,220,213,185
15,25,248,241,213
15,26,251,242,219
15,27,232,223,200
15,28,228,219,198
15,29,225,216,195
15,30,225,215,196
15,31,227,217,198
15,32,230,220,201
15,33,231,221,202
15,34,227,216,200
15,35,218,207,191
15,36,209,200,184
15,37,211,202,186
15,38,211,205,188
15,39,210,204,187
15,40,207,197,183
15,41,202,192,178
15,42,195,184,168
15,43,193,182,166
15,44,193,182,166
15,45,187,176,160
15,46,184,173,157
15,47,181,170,154
15,48,180,169,153
15,49,181,170,154
15,50,185,174,158
15,51,190,179,163
15,52,199,190,174
15,53,206,197,181
15,54,211,200,184
15,55,209,198,182
15,56,210,199,183
15,57,213,202,186
15,58,218,207,191
15,59,223,212,196
15,60,225,213,199
15,61,228,216,202
15,62,224,211,200
15,63,221,208,197
15,64,218,205,194
15,65,221,208,197
15,66,221,208,197
15,67,217,204,193
15,68,211,198,189
15,69,203,190,181
15,70,206,193,184
15,71,210,197,188
15,72,213,200,189
15,73,216,203,192
15,74,226,216,202
15,75,236,226,212
15,76,227,218,202
15,77,209,200,184
15,78,191,183,164
15,79,171,163,144
15,80,159,152,131
15,81,164,157,136
15,82,165,158,137
15,83,166,159,138
15,84,165,158,137
15,85,165,158,137
15,86,165,159,133
15,87,164,158,132
15,88,164,159,131
15,89,163,158,130
15,90,162,159,126
15,91,161,158,125
15,92,161,159,123
15,93,159,157,121
15,94,159,157,119
15,95,159,157,119
15,96,159,157,119
15,97,159,157,119
15,98,159,157,119
15,99,159,157,119
15,100,156,157,120
15,101,156,157,120
15,102,155,156,119
15,103,154,155,118
15,104,150,156,115
15,105,149,155,114
15,106,148,154,113
15,107,146,152,111
16,0,133,141,74
16,1,134,142,75
16,2,136,144,77
16,3,138,146,79
16,4,140,146,79
16,5,140,146,79
16,6,140,144,82
16,7,143,147,85
16,8,145,149,87
16,9,140,144,82
16,10,139,142,85
16,11,145,148,91
16,12,149,154,90
16,13,154,159,95
16,14,158,159,100
16,15,155,156,97
16,16,157,153,102
16,17,162,158,107
16,18,153,146,104
16,19,142,135,93
16,20,126,119,82
16,21,142,135,98
16,22,173,164,134
16,23,210,201,171
16,24,237,226,201
16,25,240,229,204
16,26,238,226,206
16,27,230,218,198
16,28,229,219,200
16,29,232,222,203
16,30,236,226,207
16,31,234,224,205
16,32,230,219,203
16,33,227,216,200
16,34,221,210,194
16,35,217,206,190
16,36,216,206,187
16,37,216,206,187
16,38,214,205,189
16,39,209,200,184
16,40,204,193,177
16,41,200,189,173
16,42,197,183,168
16,43,195,181,166
16,44,190,178,164
16,45,186,174,160
16,46,179,167,153
16,47,174,162,148
16,48,174,162,148
16,49,178,166,152
16,50,185,173,159
16,51,193,181,167
16,52,199,187,173
16,53,204,192,178
16,54,208,196,182
16,55,207,195,181
16,56,207,197,183
16,57,213,203,189
16,58,214,204,190
16,59,211,201,187
16,60,225,212,201
16,61,235,222,211
16,62,235,222,211
16,63,231,218,207
16,64,232,219,210
16,65,237,224,215
16,66,238,222,214
16,67,231,215,207
16,68,221,208,199
16,69,210,197,188
16,70,207,194,185
16,71,208,195,186
16,72,207,194,185
16,73,211,198,189
16,74,221,208,197
16,75,227,214,203
16,76,228,219,203
16,77,220,211,195
16,78,208,199,183
16,79,195,186,170
16,80,177,168,152
16,81,164,155,139
16,82,164,156,137
16,83,165,157,138
16,84,165,158,137
16,85,165,158,137
16,86,166,159,136
16,87,165,158,135
16,88,166,159,131
16,89,166,159,131
16,90,164,158,127
16,91,163,157,126
16,92,163,159,123
16,93,161,157,121
16,94,159,157,119
16,95,159,157,119
16,96,159,157,119
16,97,159,157,119
16,98,159,157,121
16,99,159,157,121
16,100,156,157,120
16,101,155,156,119
16,102,152,154,120
16,103,151,153,119
16,104,148,155,120
16,105,147,154,119
16,106,144,151,116
16,107,144,151,116
17,0,135,143,76
17,1,136,144,77
17,2,136,144,77
17,3,137,145,78
17,4,139,145,78
17,5,139,145,78
17,6,143,147,85
17,7,149,153,91
17,8,147,151,89
17,9,147,151,89
17,10,145,148,91
17,11,139,142,85
17,12,142,147,83
17,13,152,157,93
17,14,158,159,100
17,15,154,155,96
17,16,162,158,107
17,17,165,161,110
17,18,141,134,92
17,19,121,114,72
17,20,128,121,84
17,21,180,173,136
17,22,233,224,194
17,23,246,237,207
17,24,237,226,201
17,25,224,213,188
17,26,219,207,187
17,27,227,215,195
17,28,225,215,196
17,29,227,217,198
17,30,223,213,194
17,31,215,205,186
17,32,207,196,180
17,33,197,186,170
17,34,196,185,169
17,35,197,186,170
17,36,201,191,172
17,37,200,190,171
17,38,191,182,166
17,39,186,177,161
17,40,189,178,162
17,41,192,181,165
17,42,196,182,167
17,43,196,182,167
17,44,194,182,168
17,45,193,181,167
17,46,187,175,161
17,47,185,173,159
17,48,184,172,158
17,49,185,173,159
17,50,190,178,164
17,51,199,187,173
17,52,204,192,178
17,53,208,196,182
17,54,211,199,185
17,55,217,205,191
17,56,212,202,188
17,57,207,197,183
17,58,212,202,188
17,59,214,204,190
17,60,215,202,191
17,61,210,197,186
17,62,208,195,184
17,63,213,200,189
17,64,222,209,200
17,65,235,222,213
17,66,244,228,220
17,67,239,223,215
17,68,225,212,203
17,69,216,203,194
17,70,214,201,192
17,71,213,200,191
17,72,217,204,195
17,73,220,207,198
17,74,214,201,190
17,75,215,202,191
17,76,223,214,198
17,77,221,212,196
17,78,216,207,191
17,79,219,210,194
17,80,205,196,180
17,81,183,174,158
17,82,166,158,139
17,83,162,154,135
17,84,162,155,134
17,85,164,157,136
17,86,168,161,138
17,87,168,161,138
17,88,168,161,133
17,89,166,159,131
17,90,164,158,127
17,91,163,157,126
17,92,163,159,123
17,93,161,157,121
17,94,159,157,119
17,95,159,157,119
17,96,159,157,119
17,97,159,157,119
17,98,159,157,121
17,99,159,157,121
17,100,157,158,121
17,101,155,156,119
17,102,152,154,120
17,103,150,152,118
17,104,148,155,120
17,105,147,154,119
17,106,144,151,116
17,107,144,151,116
18,0,135,143,76
18,1,136,144,77
18,2,137,145,78
18,3,137,145,78
18,4,140,146,79
18,5,140,146,79
18,6,140,144,82
18,7,142,146,84
18,8,146,150,90
18,9,154,158,98
18,10,157,160,103
18,11,145,148,91
18,12,138,142,80
18,13,145,149,87
18,14,152,150,99
18,15,151,149,98
18,16,155,149,105
18,17,151,145,101
18,18,136,127,92
18,19,130,121,86
18,20,183,171,144
18,21,227,215,188
18,22,255,241,219
18,23,255,241,219
18,24,236,224,204
18,25,222,210,190
18,26,218,205,187
18,27,220,207,189
18,28,222,208,193
18,29,213,199,184
18,30,203,189,174
18,31,191,177,162
18,32,183,168,155
18,33,177,162,149
18,34,179,162,149
18,35,184,167,154
18,36,183,169,154
18,37,183,169,154
18,38,177,163,148
18,39,177,163,148
18,40,182,167,154
18,41,191,176,163
18,42,191,175,165
18,43,191,175,165
18,44,192,177,164
18,45,195,180,167
18,46,195,180,167
18,47,197,182,169
18,48,199,184,171
18,49,201,186,173
18,50,202,187,174
18,51,209,194,181
18,52,213,198,185
18,53,215,200,187
18,54,211,199,185
18,55,215,203,189
18,56,211,199,185
18,57,203,191,177
18,58,209,196,185
18,59,215,202,191
18,60,194,181,172
18,61,167,154,145
18,62,159,143,135
18,63,166,150,142
18,64,179,163,155
18,65,203,187,179
18,66,226,209,203
18,67,226,209,203
18,68,225,208,202
18,69,225,208,202
18,70,224,207,201
18,71,219,202,196
18,72,228,215,206
18,73,228,215,206
18,74,210,197,188
18,75,208,195,186
18,76,215,205,191
18,77,218,208,194
18,78,219,210,194
18,79,227,218,202
18,80,223,214,198
18,81,209,200,184
18,82,185,176,160
18,83,161,152,136
18,84,159,150,134
18,85,158,149,133
18,86,161,153,134
18,87,164,156,137
18,88,168,159,136
18,89,165,156,133
18,90,165,158,130
18,91,164,157,129
18,92,164,159,126
18,93,163,158,125
18,94,161,159,123
18,95,161,159,123
18,96,161,159,123
18,97,159,157,121
18,98,157,157,123
18,99,157,157,123
18,100,153,153,131
18,101,152,152,130
18,102,146,146,130
18,103,143,143,127
18,104,123,124,111
18,105,153,154,141
18,106,198,198,189
18,107,215,215,206
19,0,136,144,77
19,1,136,144,77
19,2,137,145,78
19,3,137,145,78
19,4,140,146,79
19,5,140,146,79
19,6,138,142,80
19,7,137,141,79
19,8,147,151,91
19,9,158,162,102
19,10,159,162,105
19,11,156,159,102
19,12,144,148,86
19,13,139,143,81
19,14,142,140,89
19,15,132,130,79
19,16,130,124,80
19,17,141,135,91
19,18,164,155,120
19,19,193,184,149
19,20,242,230,203
19,21,255,245,218
19,22,245,231,209
19,23,231,217,195
19,24,229,217,197
19,25,229,217,197
19,26,225,212,194
19,27,222,209,191
19,28,211,197,182
19,29,203,189,174
19,30,196,182,167
19,31,192,178,163
19,32,190,175,162
19,33,189,174,161
19,34,189,172,159
19,35,186,169,156
19,36,187,173,158
19,37,191,177,162
19,38,196,182,167
19,39,196,182,167
19,40,186,171,158
19,41,194,179,166
19,42,184,168,158
19,43,181,165,155
19,44,183,168,155
19,45,189,174,161
19,46,196,181,168
19,47,203,188,175
19,48,201,186,173
19,49,199,184,171
19,50,203,188,175
19,51,211,196,183
19,52,216,201,188
19,53,219,204,191
19,54,218,206,192
19,55,218,206,192
19,56,222,210,196
19,57,213,201,187
19,58,195,182,171
19,59,184,171,160
19,60,168,155,146
19,61,153,140,131
19,62,151,135,127
19,63,152,136,128
19,64,155,139,131
19,65,175,159,151
19,66,191,174,168
19,67,190,173,167
19,68,192,175,169
19,69,203,186,180
19,70,206,189,183
19,71,210,193,187
19,72,216,203,194
19,73,220,207,198
19,74,210,197,188
19,75,204,191,182
19,76,212,202,188
19,77,218,208,194
19,78,223,214,198
19,79,225,216,200
19,80,223,214,198
19,81,223,214,198
19,82,211,202,186
19,83,179,170,154
19,84,173,164,148
19,85,147,138,122
19,86,137,129,110
19,87,145,137,118
19,88,157,148,125
19,89,164,155,132
19,90,167,160,132
19,91,166,159,131
19,92,165,160,127
19,93,165,160,127
19,94,162,160,124
19,95,161,159,123
19,96,161,159,123
19,97,159,157,121
19,98,157,157,123
19,99,159,159,125
19,100,153,153,131
19,101,150,150,128
19,102,142,142,126
19,103,139,139,123
19,104,106,107,94
19,105,142,143,130
19,106,187,187,178
19,107,198,198,189
20,0,136,144,77
20,1,136,144,77
20,2,137,144,80
20,3,138,145,81
20,4,142,148,81
20,5,140,146,79
20,6,139,144,80
20,7,142,147,83
20,8,147,151,89
20,9,154,158,96
20,10,154,154,98
20,11,144,144,88
20,12,138,136,85
20,13,140,138,87
20,14,130,122,83
20,15,111,103,64
20,16,125,113,81
20,17,171,159,127
20,18,221,206,181
20,19,255,242,217
20,20,255,252,232
20,21,250,236,216
20,22,228,214,194
20,23,219,205,185
20,24,232,217,199
20,25,248,233,215
20,26,235,219,204
20,27,218,202,187
20,28,204,187,174
20,29,192,175,162
20,30,189,172,159
20,31,192,175,162
20,32,197,179,169
20,33,197,179,169
20,34,193,175,165
20,35,185,167,157
20,36,186,169,156
20,37,183,166,153
20,38,182,167,154
20,39,186,171,158
20,40,176,160,150
20,41,181,165,155
20,42,184,166,156
20,43,182,164,154
20,44,181,165,155
20,45,184,168,158
20,46,198,182,172
20,47,204,188,178
20,48,192,176,166
20,49,196,180,170
20,50,218,202,192
20,51,226,210,200
20,52,225,209,199
20,53,220,204,194
20,54,233,217,207
20,55,251,235,225
20,56,251,235,225
20,57,233,217,207
20,58,201,185,177
20,59,173,157,149
20,60,165,149,141
20,61,176,160,152
20,62,183,166,160
20,63,176,159,153
20,64,166,149,143
20,65,169,152,146
20,66,175,158,152
20,67,168,151,145
20,68,168,151,145
20,69,179,162,156
20,70,189,172,166
20,71,201,184,178
20,72,206,189,183
20,73,211,194,188
20,74,208,195,186
20,75,206,193,184
20,76,214,202,188
20,77,217,205,191
20,78,220,211,195
20,79,218,209,193
20,80,212,203,187
20,81,216,207,191
20,82,221,212,196
20,83,215,206,190
20,84,207,198,182
20,85,171,162,146
20,86,142,133,117
20,87,137,128,112
20,88,145,136,115
20,89,158,149,128
20,90,167,159,133
20,91,165,157,131
20,92,164,158,127
20,93,164,158,127
20,94,162,158,127
20,95,161,157,126
20,96,161,157,126
20,97,162,158,127
20,98,157,153,129
20,99,156,152,128
20,100,154,146,141
20,101,150,142,137
20,102,139,134,133
20,103,135,130,129
20,104,108,109,114
20,105,157,158,163
20,106,198,199,209
20,107,196,197,207
21,0,137,145,78
21,1,137,145,78
21,2,138,145,81
21,3,138,145,81
21,4,142,148,81
21,5,142,148,81
21,6,140,145,81
21,7,144,149,85
21,8,149,153,91
21,9,152,156,94
21,10,149,149,93
21,11,134,134,78
21,12,128,126,75
21,13,127,125,74
21,14,120,112,73
21,15,129,121,82
21,16,170,158,126
21,17,222,210,178
21,18,255,240,215
21,19,255,251,226
21,20,250,236,216
21,21,232,218,198
21,22,219,205,185
21,23,214,200,180
21,24,226,211,193
21,25,240,225,207
21,26,221,205,190
21,27,205,189,174
21,28,192,175,162
21,29,175,158,145
21,30,163,146,133
21,31,156,139,126
21,32,148,130,120
21,33,143,125,115
21,34,141,123,113
21,35,142,124,114
21,36,141,124,111
21,37,137,120,107
21,38,151,136,123
21,39,169,154,141
21,40,176,160,150
21,41,186,170,160
21,42,208,190,180
21,43,213,195,185
21,44,204,188,178
21,45,205,189,179
21,46,209,193,183
21,47,204,188,178
21,48,192,176,166
21,49,210,194,184
21,50,241,225,215
21,51,251,235,225
21,52,241,225,215
21,53,232,216,206
21,54,223,207,197
21,55,234,218,208
21,56,240,224,214
21,57,231,215,205
21,58,219,203,195
21,59,197,181,173
21,60,189,173,165
21,61,201,185,177
21,62,203,186,180
21,63,189,172,166
21,64,174,157,151
21,65,170,153,147
21,66,180,163,157
21,67,187,170,164
21,68,184,167,161
21,69,187,170,164
21,70,192,175,169
21,71,197,180,174
21,72,201,184,178
21,73,208,191,185
21,74,207,194,185
21,75,207,194,185
21,76,208,196,182
21,77,214,202,188
21,78,218,209,193
21,79,218,209,193
21,80,208,199,183
21,81,207,198,182
21,82,214,205,189
21,83,228,219,203
21,84,228,219,203
21,85,219,210,194
21,86,179,170,154
21,87,154,145,129
21,88,146,137,116
21,89,147,138,117
21,90,151,143,117
21,91,159,151,125
21,92,159,153,122
21,93,164,158,127
21,94,163,159,128
21,95,162,158,127
21,96,162,158,127
21,97,163,159,128
21,98,157,153,129
21,99,154,150,126
21,100,152,144,139
21,101,147,139,134
21,102,136,131,130
21,103,133,128,127
21,104,130,131,136
21,105,186,187,192
21,106,226,227,237
21,107,219,220,230
22,0,137,144,80
22,1,137,144,80
22,2,138,146,79
22,3,140,148,81
22,4,143,149,82
22,5,142,148,81
22,6,142,147,83
22,7,145,150,86
22,8,149,153,91
22,9,150,154,92
22,10,147,146,92
22,11,138,137,83
22,12,115,110,63
22,13,104,99,52
22,14,126,116,84
22,15,176,166,134
22,16,223,208,183
22,17,252,237,212
22,18,255,243,223
22,19,252,236,216
22,20,237,220,202
22,21,224,207,189
22,22,222,205,187
22,23,210,193,175
22,24,207,189,174
22,25,217,199,184
22,26,198,179,166
22,27,190,171,158
22,28,160,140,130
22,29,157,137,127
22,30,156,136,126
22,31,139,119,109
22,32,131,111,103
22,33,124,104,96
22,34,120,102,94
22,35,129,111,103
22,36,132,114,104
22,37,149,131,121
22,38,179,163,153
22,39,198,182,172
22,40,211,195,185
22,41,215,199,189
22,42,231,213,203
22,43,241,223,213
22,44,241,223,215
22,45,245,227,219
22,46,239,223,215
22,47,224,208,200
22,48,213,197,189
22,49,223,207,199
22,50,229,213,205
22,51,223,207,199
22,52,220,204,196
22,53,219,203,195
22,54,220,204,196
22,55,212,196,188
22,56,191,175,167
22,57,169,153,145
22,58,165,149,141
22,59,181,165,157
22,60,197,180,174
22,61,203,186,180
22,62,201,184,178
22,63,199,182,176
22,64,186,169,163
22,65,172,155,149
22,66,169,152,146
22,67,180,163,157
22,68,192,175,169
22,69,203,186,180
22,70,201,184,178
22,71,196,179,173
22,72,195,178,172
22,73,195,178,172
22,74,203,187,179
22,75,206,190,182
22,76,204,191,180
22,77,202,189,178
22,78,214,202,188
22,79,216,204,190
22,80,220,208,194
22,81,210,198,184
22,82,202,192,178
22,83,205,195,181
22,84,227,218,202
22,85,225,216,200
22,86,213,203,189
22,87,183,173,159
22,88,167,157,138
22,89,151,141,122
22,90,149,140,117
22,91,153,144,121
22,92,158,151,123
22,93,163,156,128
22,94,161,157,126
22,95,161,157,126
22,96,162,156,130
22,97,164,158,132
22,98,158,151,130
22,99,151,144,123
22,100,179,172,164
22,101,144,137,129
22,102,90,87,88
22,103,78,75,76
22,104,219,219,231
22,105,216,216,228
22,106,218,220,236
22,107,169,171,187
23,0,137,144,80
23,1,137,144,80
23,2,138,146,79
23,3,140,148,81
23,4,143,149,82
23,5,143,149,82
23,6,143,148,84
23,7,146,151,87
23,8,147,151,89
23,9,149,153,91
23,10,144,143,89
23,11,127,126,72
23,12,119,114,67
23,13,139,134,87
23,14,181,171,139
23,15,219,209,177
23,16,245,230,205
23,17,245,230,205
23,18,237,221,201
23,19,237,221,201
23,20,236,219,201
23,21,233,216,198
23,22,229,212,194
23,23,216,199,181
23,24,198,180,165
23,25,193,175,160
23,26,171,152,139
23,27,151,132,119
23,28,151,131,121
23,29,163,143,133
23,30,172,152,142
23,31,183,163,153
23,32,186,166,158
23,33,180,160,152
23,34,179,161,153
23,35,199,181,173
23,36,203,185,175
23,37,228,210,200
23,38,243,227,217
23,39,245,229,219
23,40,239,223,213
23,41,232,216,206
23,42,221,203,193
23,43,211,193,183
23,44,226,208,200
23,45,232,214,206
23,46,230,214,206
23,47,222,206,198
23,48,216,200,192
23,49,199,183,175
23,50,170,154,146
23,51,148,132,124
23,52,148,132,124
23,53,163,147,139
23,54,180,164,156
23,55,161,145,137
23,56,121,105,97
23,57,103,87,79
23,58,107,91,83
23,59,133,117,109
23,60,172,155,149
23,61,189,172,166
23,62,184,167,161
23,63,183,166,160
23,64,181,164,158
23,65,176,159,153
23,66,180,163,157
23,67,184,167,161
23,68,190,173,167
23,69,199,182,176
23,70,205,188,182
23,71,198,181,175
23,72,195,178,172
23,73,196,179,173
23,74,198,182,174
23,75,199,183,175
23,76,197,184,173
23,77,200,187,176
23,78,207,195,181
23,79,209,197,183
23,80,202,190,176
23,81,200,188,174
23,82,204,194,180
23,83,211,201,187
23,84,213,204,188
23,85,215,206,190
23,86,220,210,196
23,87,218,208,194
23,88,211,201,182
23,89,190,180,161
23,90,161,152,129
23,91,135,126,103
23,92,159,152,124
23,93,160,153,125
23,94,158,154,123
23,95,159,155,124
23,96,161,155,129
23,97,163,157,131
23,98,154,147,126
23,99,149,142,121
23,100,165,158,150
23,101,127,120,112
23,102,90,87,88
23,103,105,102,103
23,104,245,245,255
23,105,239,239,251
23,106,231,233,249
23,107,121,123,139
24,0,138,146,79
24,1,138,146,79
24,2,140,149,80
24,3,141,150,81
24,4,144,151,82
24,5,144,151,82
24,6,147,151,83
24,7,149,153,85
24,8,149,152,86
24,9,154,157,91
24,10,145,143,92
24,11,112,110,59
24,12,139,130,93
24,13,208,199,162
24,14,248,232,210
24,15,250,234,212
24,16,255,237,220
24,17,246,226,209
24,18,231,210,196
24,19,232,211,197
24,20,232,210,198
24,21,229,207,195
24,22,229,208,194
24,23,228,207,193
24,24,212,190,178
24,25,202,180,168
24,26,190,168,156
24,27,173,151,139
24,28,198,178,168
24,29,208,188,178
24,30,214,194,186
24,31,229,209,201
24,32,236,216,208
24,33,241,221,213
24,34,254,234,226
24,35,255,244,236
24,36,255,246,238
24,37,255,249,241
24,38,254,236,226
24,39,232,214,204
24,40,212,194,184
24,41,192,174,164
24,42,165,147,139
24,43,150,132,124
24,44,163,144,138
24,45,163,144,138
24,46,159,143,135
24,47,159,143,135
24,48,158,142,134
24,49,133,117,109
24,50,113,97,89
24,51,104,88,80
24,52,109,93,85
24,53,128,112,104
24,54,135,119,111
24,55,119,103,95
24,56,111,95,87
24,57,121,105,97
24,58,137,121,113
24,59,152,136,128
24,60,166,149,143
24,61,168,151,145
24,62,167,148,142
24,63,178,159,153
24,64,193,174,168
24,65,203,184,178
24,66,206,187,181
24,67,196,177,171
24,68,189,170,164
24,69,196,177,171
24,70,205,186,180
24,71,196,177,171
24,72,197,181,173
24,73,206,190,182
24,74,204,188,180
24,75,202,186,178
24,76,196,180,170
24,77,194,178,168
24,78,196,184,170
24,79,206,194,180
24,80,206,194,180
24,81,214,202,188
24,82,215,205,191
24,83,211,201,187
24,84,213,203,189
24,85,202,192,178
24,86,207,196,185
24,87,218,207,196
24,88,228,216,202
24,89,220,208,194
24,90,200,191,170
24,91,168,159,138
24,92,159,150,127
24,93,158,149,126
24,94,156,150,124
24,95,158,152,126
24,96,161,154,133
24,97,163,156,135
24,98,157,146,137
24,99,162,151,142
24,100,138,130,125
24,101,104,96,91
24,102,129,123,126
24,103,194,188,191
24,104,248,251,255
24,105,242,245,255
24,106,230,235,253
24,107,97,102,120
25,0,141,149,82
25,1,141,149,82
25,2,141,150,81
25,3,141,150,81
25,4,143,150,81
25,5,142,149,80
25,6,144,148,80
25,7,148,152,84
25,8,151,154,88
25,9,158,161,95
25,10,135,133,82
25,11,102,100,49
25,12,171,162,125
25,13,255,246,209
25,14,255,252,230
25,15,251,235,213
25,16,252,232,215
25,17,242,222,205
25,18,235,214,200
25,19,232,211,197
25,20,230,208,196
25,21,226,204,192
25,22,228,207,193
25,23,230,209,195
25,24,226,204,192
25,25,223,201,189
25,26,231,209,197
25,27,239,217,205
25,28,250,230,220
25,29,250,230,220
25,30,240,220,212
25,31,241,221,213
25,32,247,227,219
25,33,254,234,226
25,34,255,241,233
25,35,252,232,224
25,36,232,214,206
25,37,206,188,180
25,38,171,153,143
25,39,150,132,122
25,40,142,124,114
25,41,125,107,97
25,42,112,94,86
25,43,111,93,85
25,44,113,94,88
25,45,113,94,88
25,46,107,91,83
25,47,103,87,79
25,48,96,80,72
25,49,88,72,64
25,50,97,81,73
25,51,113,97,89
25,52,140,124,116
25,53,151,135,127
25,54,149,133,125
25,55,156,140,132
25,56,186,170,162
25,57,202,186,178
25,58,201,185,177
25,59,192,176,168
25,60,173,156,150
25,61,158,141,135
25,62,164,145,139
25,63,184,165,159
25,64,203,184,178
25,65,212,193,187
25,66,207,188,182
25,67,196,177,171
25,68,193,174,168
25,69,204,185,179
25,70,211,192,186
25,71,204,185,179
25,72,208,192,184
25,73,211,195,187
25,74,208,192,184
25,75,204,188,180
25,76,192,176,166
25,77,190,174,164
25,78,202,190,176
25,79,217,205,191
25,80,216,204,190
25,81,220,208,194
25,82,213,203,189
25,83,206,196,182
25,84,209,199,185
25,85,199,189,175
25,86,199,188,177
25,87,202,191,180
25,88,215,203,189
25,89,223,211,197
25,90,229,220,199
25,91,218,209,188
25,92,158,149,126
25,93,149,140,117
25,94,150,144,118
25,95,158,152,126
25,96,162,155,134
25,97,165,158,137
25,98,165,154,145
25,99,173,162,153
25,100,124,116,111
25,101,94,86,81
25,102,158,152,155
25,103,250,244,247
25,104,210,213,224
25,105,221,224,235
25,106,209,214,232
25,107,94,99,117
26,0,141,149,82
26,1,140,148,81
26,2,142,148,81
26,3,142,148,81
26,4,140,147,78
26,5,142,149,80
26,6,144,147,81
26,7,148,151,85
26,8,147,148,87
26,9,133,134,73
26,10,106,100,56
26,11,106,100,56
26,12,202,190,158
26,13,255,251,219
26,14,251,231,214
26,15,232,212,195
26,16,228,204,192
26,17,231,207,195
26,18,239,214,205
26,19,233,208,199
26,20,232,208,196
26,21,234,210,198
26,22,235,211,199
26,23,235,211,199
26,24,237,214,205
26,25,233,210,201
26,26,251,228,219
26,27,255,251,242
26,28,255,241,234
26,29,255,235,228
26,30,249,229,221
26,31,241,221,213
26,32,236,216,208
26,33,237,217,209
26,34,222,202,194
26,35,195,175,167
26,36,163,143,135
26,37,128,108,100
26,38,96,78,70
26,39,89,71,63
26,40,95,75,67
26,41,102,82,74
26,42,104,86,78
26,43,107,89,81
26,44,101,82,76
26,45,106,87,81
26,46,119,100,94
26,47,115,96,90
26,48,111,92,86
26,49,119,100,94
26,50,141,122,116
26,51,164,145,139
26,52,182,164,156
26,53,186,168,160
26,54,190,172,164
26,55,211,193,185
26,56,232,214,206
26,57,240,222,214
26,58,228,210,202
26,59,203,185,177
26,60,178,160,152
26,61,175,157,149
26,62,184,166,158
26,63,189,171,163
26,64,192,174,166
26,65,193,175,167
26,66,193,175,167
26,67,196,178,170
26,68,200,182,174
26,69,210,192,184
26,70,212,194,186
26,71,212,194,186
26,72,210,194,186
26,73,206,190,182
26,74,204,188,180
26,75,205,189,181
26,76,203,187,177
26,77,211,195,185
26,78,229,216,205
26,79,235,222,211
26,80,209,197,183
26,81,199,187,173
26,82,197,185,171
26,83,200,188,174
26,84,206,195,184
26,85,198,187,176
26,86,199,186,177
26,87,202,189,180
26,88,215,202,191
26,89,227,214,203
26,90,242,231,215
26,91,246,235,219
26,92,192,182,163
26,93,158,148,129
26,94,147,138,117
26,95,164,155,134
26,96,167,157,138
26,97,166,156,137
26,98,173,161,154
26,99,158,146,139
26,100,113,102,99
26,101,104,93,90
26,102,228,220,228
26,103,253,245,253
26,104,250,252,255
26,105,232,234,250
26,106,135,138,161
26,107,55,58,81
27,0,143,151,84
27,1,141,149,82
27,2,143,149,82
27,3,143,149,82
27,4,143,150,81
27,5,143,150,81
27,6,154,157,91
27,7,160,163,97
27,8,146,147,86
27,9,112,113,52
27,10,109,103,59
27,11,157,151,107
27,12,226,214,182
27,13,243,231,199
27,14,230,210,193
27,15,219,199,182
27,16,220,196,184
27,17,237,213,201
27,18,249,224,215
27,19,238,213,204
27,20,233,209,197
27,21,237,213,201
27,22,245,221,209
27,23,247,223,211
27,24,240,217,208
27,25,237,214,205
27,26,236,213,204
27,27,239,216,207
27,28,230,207,200
27,29,225,202,195
27,30,234,214,206
27,31,222,202,194
27,32,203,183,175
27,33,199,179,171
27,34,184,164,156
27,35,165,145,137
27,36,134,114,106
27,37,127,107,99
27,38,128,110,102
27,39,128,110,102
27,40,131,111,103
27,41,141,121,113
27,42,149,131,123
27,43,156,138,130
27,44,132,113,107
27,45,141,122,116
27,46,155,136,130
27,47,171,152,146
27,48,184,165,159
27,49,192,173,167
27,50,206,187,181
27,51,201,182,176
27,52,194,176,168
27,53,194,176,168
27,54,196,178,170
27,55,212,194,186
27,56,213,195,187
27,57,214,196,188
27,58,204,186,178
27,59,189,171,163
27,60,188,170,162
27,61,197,179,171
27,62,200,182,174
27,63,193,175,167
27,64,186,168,160
27,65,185,167,159
27,66,186,168,160
27,67,197,179,171
27,68,204,186,178
27,69,206,188,180
27,70,204,186,178
27,71,208,190,182
27,72,208,192,184
27,73,205,189,181
27,74,203,187,179
27,75,203,187,179
27,76,210,194,184
27,77,218,202,192
27,78,225,212,201
27,79,224,211,200
27,80,206,194,180
27,81,197,185,171
27,82,189,177,163
27,83,190,178,164
27,84,192,181,170
27,85,194,183,172
27,86,200,187,178
27,87,202,189,180
27,88,203,190,179
27,89,209,196,185
27,90,222,211,195
27,91,243,232,216
27,92,222,212,193
27,93,201,191,172
27,94,178,169,148
27,95,172,163,142
27,96,167,157,138
27,97,163,153,134
27,98,159,147,140
27,99,120,108,101
27,100,89,78,75
27,101,185,174,171
27,102,247,239,247
27,103,255,249,255
27,104,245,247,255
27,105,225,227,243
27,106,83,86,109
27,107,39,42,65
28,0,143,151,84
28,1,140,148,81
28,2,142,148,81
28,3,144,150,83
28,4,130,136,69
28,5,140,146,79
28,6,158,160,97
28,7,154,156,93
28,8,122,118,67
28,9,115,111,60
28,10,162,151,114
28,11,215,204,167
28,12,251,235,206
28,13,243,227,198
28,14,229,210,191
28,15,230,211,192
28,16,235,211,199
28,17,246,222,210
28,18,244,216,208
28,19,233,205,197
28,20,234,209,200
28,21,235,210,201
28,22,237,212,203
28,23,238,213,204
28,24,231,206,197
28,25,227,202,193
28,26,222,199,190
28,27,216,193,184
28,28,212,189,182
28,29,207,184,177
28,30,197,174,167
28,31,186,163,156
28,32,176,152,147
28,33,173,149,144
28,34,173,149,144
28,35,172,148,143
28,36,173,150,143
28,37,192,169,162
28,38,211,187,182
28,39,208,184,179
28,40,199,178,172
28,41,200,179,173
28,42,205,184,178
28,43,203,182,176
28,44,188,166,163
28,45,188,166,163
28,46,196,174,171
28,47,210,188,185
28,48,231,211,208
28,49,250,230,227
28,50,255,240,237
28,51,235,215,212
28,52,206,187,181
28,53,192,173,167
28,54,219,200,194
28,55,214,195,189
28,56,200,182,174
28,57,188,170,162
28,58,172,154,146
28,59,175,157,149
28,60,194,176,168
28,61,206,188,180
28,62,199,181,173
28,63,192,174,166
28,64,190,172,164
28,65,188,170,162
28,66,191,173,165
28,67,200,182,174
28,68,203,185,177
28,69,201,183,175
28,70,200,182,174
28,71,199,181,173
28,72,203,185,177
28,73,206,188,180
28,74,203,185,177
28,75,200,182,174
28,76,198,182,174
28,77,199,183,175
28,78,195,182,171
28,79,186,173,162
28,80,186,174,160
28,81,182,170,156
28,82,184,171,160
28,83,192,179,168
28,84,209,196,187
28,85,213,200,191
28,86,201,188,179
28,87,201,188,179
28,88,201,188,179
28,89,204,191,182
28,90,213,201,187
28,91,224,212,198
28,92,215,204,188
28,93,217,206,190
28,94,207,197,178
28,95,180,170,151
28,96,145,134,118
28,97,138,127,111
28,98,127,114,110
28,99,107,94,90
28,100,144,134,134
28,101,238,228,228
28,102,237,230,241
28,103,255,250,255
28,104,224,225,243
28,105,146,147,165
28,106,71,74,99
28,107,50,53,78
29,0,143,151,84
29,1,140,148,81
29,2,143,149,82
29,3,122,128,61
29,4,132,138,71
29,5,139,145,78
29,6,135,137,74
29,7,120,122,59
29,8,111,107,56
29,9,137,133,82
29,10,205,194,157
29,11,254,243,206
29,12,255,247,218
29,13,253,237,208
29,14,242,223,204
29,15,236,217,198
29,16,232,208,196
29,17,231,207,195
29,18,220,192,184
29,19,212,184,176
29,20,226,201,192
29,21,227,202,193
29,22,219,194,185
29,23,212,187,178
29,24,210,185,176
29,25,205,180,171
29,26,203,180,171
29,27,201,178,169
29,28,190,167,160
29,29,179,156,149
29,30,164,141,134
29,31,158,135,128
29,32,148,124,119
29,33,144,120,115
29,34,150,126,121
29,35,148,124,119
29,36,185,162,155
29,37,214,191,184
29,38,230,206,201
29,39,229,205,200
29,40,229,208,202
29,41,227,206,200
29,42,223,202,196
29,43,220,199,193
29,44,220,198,195
29,45,224,202,199
29,46,233,211,208
29,47,226,204,201
29,48,222,202,199
29,49,229,209,206
29,50,234,214,211
29,51,231,211,208
29,52,219,200,194
29,53,201,182,176
29,54,191,172,166
29,55,176,157,151
29,56,161,143,135
29,57,154,136,128
29,58,165,147,139
29,59,185,167,159
29,60,200,182,174
29,61,204,186,178
29,62,184,166,158
29,63,186,168,160
29,64,191,173,165
29,65,193,175,167
29,66,198,180,172
29,67,203,185,177
29,68,199,181,173
29,69,196,178,170
29,70,196,178,170
29,71,189,171,163
29,72,189,171,163
29,73,197,179,171
29,74,198,180,172
29,75,194,176,168
29,76,187,171,163
29,77,187,171,163
29,78,177,164,153
29,79,159,146,135
29,80,160,148,134
29,81,159,147,133
29,82,177,164,153
29,83,203,190,179
29,84,216,203,194
29,85,210,197,188
29,86,197,184,175
29,87,196,183,174
29,88,199,186,177
29,89,203,190,181
29,90,204,192,178
29,91,204,192,178
29,92,206,195,179
29,93,209,198,182
29,94,216,206,187
29,95,196,186,167
29,96,154,143,127
29,97,129,118,102
29,98,123,110,106
29,99,161,148,144
29,100,237,227,227
29,101,250,240,240
29,102,232,225,236
29,103,227,220,231
29,104,193,194,212
29,105,95,96,114
29,106,63,66,91
29,107,61,64,89
30,0,144,150,83
30,1,142,148,81
30,2,139,144,80
30,3,143,148,84
30,4,143,147,85
30,5,138,142,80
30,6,123,124,72
30,7,97,98,46
30,8,120,116,72
30,9,189,185,141
30,10,247,238,203
30,11,247,238,203
30,12,248,235,205
30,13,245,232,202
30,14,242,223,204
30,15,237,218,199
30,16,233,210,196
30,17,221,198,184
30,18,212,187,178
30,19,210,185,176
30,20,209,184,175
30,21,212,187,178
30,22,218,190,182
30,23,211,183,175
30,24,199,174,167
30,25,190,165,158
30,26,181,156,149
30,27,182,157,150
30,28,181,155,150
30,29,173,147,142
30,30,166,140,135
30,31,156,130,125
30,32,136,110,105
30,33,124,98,93
30,34,125,99,94
30,35,113,87,82
30,36,127,103,98
30,37,155,131,126
30,38,161,137,132
30,39,166,142,137
30,40,179,155,150
30,41,194,170,165
30,42,194,169,167
30,43,201,176,174
30,44,221,196,194
30,45,225,200,198
30,46,229,207,204
30,47,224,202,199
30,48,211,191,188
30,49,201,181,178
30,50,200,180,177
30,51,204,184,181
30,52,203,184,178
30,53,197,178,172
30,54,158,139,133
30,55,153,134,128
30,56,168,150,142
30,57,175,157,149
30,58,189,171,163
30,59,190,172,164
30,60,169,151,143
30,61,147,129,121
30,62,141,123,115
30,63,148,130,122
30,64,172,154,146
30,65,184,166,158
30,66,188,170,162
30,67,194,176,168
30,68,192,174,166
30,69,182,164,156
30,70,178,160,152
30,71,177,159,151
30,72,182,164,156
30,73,193,175,167
30,74,196,178,170
30,75,193,175,167
30,76,162,146,138
30,77,142,126,118
30,78,134,118,108
30,79,142,126,116
30,80,148,132,122
30,81,162,146,136
30,82,177,164,153
30,83,190,177,166
30,84,190,177,166
30,85,186,173,162
30,86,188,175,166
30,87,189,176,167
30,88,196,183,172
30,89,203,190,179
30,90,202,190,176
30,91,204,192,178
30,92,189,178,162
30,93,182,171,155
30,94,192,181,165
30,95,204,193,177
30,96,191,181,167
30,97,164,154,140
30,98,160,150,145
30,99,210,200,195
30,100,221,216,217
30,101,158,153,154
30,102,154,152,164
30,103,179,177,189
30,104,116,119,137
30,105,78,81,99
30,106,104,112,136
30,107,136,144,168
31,0,144,150,83
31,1,143,149,82
31,2,143,148,84
31,3,147,152,88
31,4,149,153,91
31,5,138,142,80
31,6,121,122,70
31,7,102,103,51
31,8,133,129,85
31,9,217,213,169
31,10,255,246,211
31,11,241,232,197
31,12,242,229,199
31,13,238,225,195
31,14,245,226,207
31,15,246,227,208
31,16,241,218,204
31,17,219,196,182
31,18,205,180,171
31,19,210,185,176
31,20,214,189,180
31,21,212,187,178
31,22,197,169,161
31,23,192,164,156
31,24,188,163,156
31,25,178,153,146
31,26,161,136,129
31,27,155,130,123
31,28,169,143,138
31,29,175,149,144
31,30,180,154,149
31,31,174,148,143
31,32,149,123,118
31,33,126,100,95
31,34,113,87,82
31,35,111,85,80
31,36,111,87,82
31,37,117,93,88
31,38,111,87,82
31,39,105,81,76
31,40,111,87,82
31,41,131,107,102
31,42,143,118,116
31,43,160,135,133
31,44,188,163,161
31,45,185,160,158
31,46,183,161,158
31,47,194,172,169
31,48,199,179,176
31,49,196,176,173
31,50,193,173,170
31,51,192,172,169
31,52,190,171,165
31,53,185,166,160
31,54,179,160,154
31,55,182,163,157
31,56,196,178,170
31,57,206,188,180
31,58,208,190,182
31,59,193,175,167
31,60,151,133,125
31,61,113,95,87
31,62,136,118,110
31,63,167,149,141
31,64,186,168,160
31,65,197,179,171
31,66,189,171,163
31,67,185,167,159
31,68,185,167,159
31,69,182,164,156
31,70,186,168,160
31,71,189,171,163
31,72,194,176,168
31,73,204,186,178
31,74,185,167,159
31,75,170,152,144
31,76,137,121,113
31,77,128,112,104
31,78,130,114,104
31,79,138,122,112
31,80,138,122,112
31,81,141,125,115
31,82,122,109,98
31,83,121,108,97
31,84,132,119,108
31,85,156,143,132
31,86,178,165,156
31,87,178,165,156
31,88,181,168,157
31,89,194,181,170
31,90,200,188,174
31,91,200,188,174
31,92,193,182,166
31,93,184,173,157
31,94,186,175,159
31,95,200,189,173
31,96,200,190,176
31,97,188,178,164
31,98,191,181,176
31,99,213,203,198
31,100,186,181,182
31,101,135,130,131
31,102,149,147,159
31,103,185,183,195
31,104,137,140,158
31,105,102,105,123
31,106,117,125,149
31,107,137,145,169
32,0,146,148,85
32,1,147,149,86
32,2,149,149,93
32,3,148,148,92
32,4,126,127,75
32,5,104,105,53
32,6,111,107,69
32,7,142,138,100
32,8,192,184,152
32,9,247,239,207
32,10,255,252,225
32,11,250,238,211
32,12,249,234,209
32,13,242,227,202
32,14,249,230,211
32,15,246,227,208
32,16,239,216,202
32,17,212,189,175
32,18,207,183,171
32,19,212,188,176
32,20,216,188,180
32,21,215,187,179
32,22,187,159,151
32,23,183,155,147
32,24,187,162,155
32,25,177,152,145
32,26,161,135,130
32,27,152,126,121
32,28,166,140,135
32,29,171,145,140
32,30,187,161,156
32,31,191,165,160
32,32,171,145,140
32,33,146,120,115
32,34,138,112,107
32,35,149,123,118
32,36,171,144,142
32,37,170,143,141
32,38,161,134,132
32,39,132,105,103
32,40,106,79,77
32,41,113,86,84
32,42,133,108,106
32,43,138,113,111
32,44,126,101,99
32,45,110,85,83
32,46,115,93,90
32,47,151,129,126
32,48,187,165,162
32,49,205,183,180
32,50,203,183,180
32,51,189,169,166
32,52,155,136,130
32,53,172,153,147
32,54,189,170,164
32,55,191,172,166
32,56,194,176,168
32,57,201,183,175
32,58,204,186,178
32,59,198,180,172
32,60,177,159,151
32,61,161,143,135
32,62,172,154,146
32,63,200,182,174
32,64,211,193,185
32,65,210,192,184
32,66,192,174,166
32,67,181,163,155
32,68,191,171,163
32,69,196,176,168
32,70,201,181,173
32,71,208,188,180
32,72,206,186,178
32,73,193,173,165
32,74,167,149,141
32,75,147,129,121
32,76,141,123,115
32,77,150,132,124
32,78,159,143,135
32,79,154,138,130
32,80,151,135,125
32,81,146,130,120
32,82,116,103,94
32,83,90,77,68
32,84,100,87,76
32,85,152,139,128
32,86,179,166,155
32,87,177,164,153
32,88,167,154,143
32,89,182,169,158
32,90,196,183,172
32,91,201,188,177
32,92,202,190,176
32,93,200,188,174
32,94,193,183,169
32,95,197,187,173
32,96,208,197,186
32,97,209,198,187
32,98,218,207,204
32,99,209,198,195
32,100,161,160,162
32,101,128,127,129
32,102,152,157,170
32,103,190,195,208
32,104,143,155,174
32,105,109,121,140
32,106,106,123,148
32,107,108,125,150
33,0,145,147,84
33,1,146,148,85
33,2,144,144,88
33,3,128,128,72
33,4,92,93,41
33,5,103,104,52
33,6,157,153,115
33,7,210,206,168
33,8,245,237,205
33,9,246,238,206
33,10,241,229,202
33,11,238,226,199
33,12,238,223,198
33,13,241,226,201
33,14,243,224,205
33,15,229,210,191
33,16,216,193,179
33,17,199,176,162
33,18,203,179,167
33,19,207,183,171
33,20,204,176,168
33,21,200,172,164
33,22,190,162,154
33,23,187,159,151
33,24,188,163,156
33,25,173,148,141
33,26,159,133,128
33,27,174,148,143
33,28,187,161,156
33,29,167,141,136
33,30,173,147,142
33,31,182,156,151
33,32,161,135,130
33,33,147,121,116
33,34,161,135,130
33,35,189,163,158
33,36,216,189,187
33,37,209,182,180
33,38,205,178,176
33,39,178,151,149
33,40,148,121,119
33,41,149,122,120
33,42,158,133,131
33,43,145,120,118
33,44,100,75,73
33,45,76,51,49
33,46,87,65,62
33,47,125,103,100
33,48,170,148,145
33,49,186,164,161
33,50,169,149,146
33,51,143,123,120
33,52,118,99,93
33,53,154,135,129
33,54,175,156,150
33,55,176,157,151
33,56,175,157,149
33,57,178,160,152
33,58,183,165,157
33,59,198,180,172
33,60,215,197,189
33,61,224,206,198
33,62,194,176,168
33,63,191,173,165
33,64,193,175,167
33,65,188,170,162
33,66,181,163,155
33,67,179,161,153
33,68,194,174,166
33,69,202,182,174
33,70,207,187,179
33,71,201,181,173
33,72,184,164,156
33,73,160,140,132
33,74,142,124,116
33,75,142,124,116
33,76,150,132,124
33,77,171,153,145
33,78,170,154,146
33,79,167,151,143
33,80,165,149,139
33,81,155,139,129
33,82,137,124,115
33,83,118,105,96
33,84,130,117,106
33,85,171,158,147
33,86,178,165,154
33,87,170,157,146
33,88,167,154,143
33,89,185,172,161
33,90,195,182,171
33,91,206,193,182
33,92,202,190,176
33,93,202,190,176
33,94,198,188,174
33,95,197,187,173
33,96,200,189,178
33,97,208,197,186
33,98,223,212,209
33,99,199,188,185
33,100,157,156,158
33,101,131,130,132
33,102,157,162,175
33,103,185,190,203
33,104,140,152,171
33,105,112,124,143
33,106,108,125,150
33,107,108,125,150
34,0,146,147,88
34,1,151,152,93
34,2,134,128,84
34,3,105,99,55
34,4,116,109,74
34,5,173,166,131
34,6,224,215,192
34,7,244,235,212
34,8,251,239,219
34,9,237,225,205
34,10,226,212,192
34,11,220,206,186
34,12,222,206,186
34,13,228,212,192
34,14,235,214,200
34,15,218,197,183
34,16,200,176,164
34,17,194,170,158
34,18,195,170,161
34,19,196,171,162
34,20,197,169,161
34,21,196,168,160
34,22,196,168,162
34,23,189,161,155
34,24,177,149,143
34,25,159,131,125
34,26,149,124,117
34,27,167,142,135
34,28,184,158,153
34,29,177,151,146
34,30,164,138,133
34,31,159,133,128
34,32,140,114,109
34,33,141,115,110
34,34,168,142,137
34,35,196,170,165
34,36,200,173,171
34,37,175,148,146
34,38,168,141,139
34,39,181,154,152
34,40,189,162,160
34,41,185,158,156
34,42,172,147,145
34,43,147,122,120
34,44,109,84,82
34,45,97,72,70
34,46,111,89,86
34,47,135,113,110
34,48,146,124,121
34,49,131,109,106
34,50,105,83,80
34,51,95,73,70
34,52,139,120,114
34,53,170,151,145
34,54,169,150,144
34,55,164,145,139
34,56,156,138,130
34,57,157,139,131
34,58,167,149,141
34,59,188,170,162
34,60,203,185,177
34,61,206,188,180
34,62,183,165,157
34,63,170,152,144
34,64,171,153,145
34,65,170,152,144
34,66,184,166,158
34,67,201,183,175
34,68,214,194,186
34,69,203,183,175
34,70,193,172,166
34,71,177,156,150
34,72,155,134,128
34,73,142,121,115
34,74,138,117,111
34,75,150,129,123
34,76,164,145,139
34,77,181,162,156
34,78,168,150,142
34,79,167,149,141
34,80,162,146,138
34,81,152,136,128
34,82,153,137,129
34,83,155,139,131
34,84,158,145,136
34,85,164,151,142
34,86,164,151,140
34,87,161,148,137
34,88,165,152,141
34,89,180,167,156
34,90,192,179,168
34,91,200,187,176
34,92,203,191,177
34,93,195,183,169
34,94,195,184,173
34,95,198,187,176
34,96,191,183,173
34,97,185,177,167
34,98,204,196,191
34,99,201,193,188
34,100,144,148,157
34,101,132,136,145
34,102,148,162,181
34,103,157,171,190
34,104,109,137,162
34,105,97,125,150
34,106,100,139,170
34,107,99,138,169
35,0,151,152,93
35,1,139,140,81
35,2,115,109,65
35,3,118,112,68
35,4,191,184,149
35,5,239,232,197
35,6,255,247,224
35,7,238,229,206
35,8,238,226,206
35,9,239,227,207
35,10,233,219,199
35,11,217,203,183
35,12,212,196,176
35,13,210,194,174
35,14,217,196,182
35,15,204,183,169
35,16,195,171,159
35,17,203,179,167
35,18,207,182,173
35,19,204,179,170
35,20,215,187,179
35,21,202,174,166
35,22,196,168,162
35,23,186,158,152
35,24,168,140,134
35,25,148,120,114
35,26,138,113,106
35,27,143,118,111
35,28,159,133,128
35,29,164,138,133
35,30,149,123,118
35,31,135,109,104
35,32,122,96,91
35,33,132,106,101
35,34,164,138,133
35,35,183,157,152
35,36,159,132,130
35,37,128,101,99
35,38,136,109,107
35,39,175,148,146
35,40,203,176,174
35,41,196,169,167
35,42,164,139,137
35,43,137,112,110
35,44,134,109,107
35,45,143,118,116
35,46,149,127,124
35,47,144,122,119
35,48,122,100,97
35,49,98,76,73
35,50,86,64,61
35,51,114,92,89
35,52,197,178,172
35,53,189,170,164
35,54,167,148,142
35,55,150,131,125
35,56,155,137,129
35,57,168,150,142
35,58,181,163,155
35,59,193,175,167
35,60,192,174,166
35,61,181,163,155
35,62,177,159,151
35,63,175,157,149
35,64,176,158,150
35,65,178,160,152
35,66,192,174,166
35,67,206,188,180
35,68,206,186,178
35,69,192,172,164
35,70,160,139,133
35,71,139,118,112
35,72,137,116,110
35,73,145,124,118
35,74,151,130,124
35,75,166,145,139
35,76,171,152,146
35,77,177,158,152
35,78,165,147,139
35,79,163,145,137
35,80,160,144,136
35,81,152,136,128
35,82,158,142,134
35,83,166,150,142
35,84,166,153,144
35,85,157,144,135
35,86,156,143,132
35,87,160,147,136
35,88,164,151,140
35,89,177,164,153
35,90,187,174,163
35,91,194,181,170
35,92,202,190,176
35,93,188,176,162
35,94,186,175,164
35,95,192,181,170
35,96,188,180,170
35,97,182,174,164
35,98,198,190,185
35,99,211,203,198
35,100,152,156,165
35,101,145,149,158
35,102,149,163,182
35,103,147,161,180
35,104,95,123,148
35,105,92,120,145
35,106,104,143,174
35,107,104,143,174
36,0,139,135,84
36,1,127,123,72
36,2,130,121,86
36,3,175,166,131
36,4,248,235,217
36,5,255,244,226
36,6,252,237,224
36,7,237,222,209
36,8,236,220,205
36,9,241,225,210
36,10,243,225,210
36,11,226,208,193
36,12,221,200,186
36,13,211,190,176
36,14,205,181,169
36,15,187,163,151
36,16,185,160,151
36,17,207,182,173
36,18,227,199,191
36,19,222,194,186
36,20,204,176,170
36,21,189,161,155
36,22,192,164,158
36,23,193,165,159
36,24,182,154,148
36,25,170,142,136
36,26,160,135,128
36,27,149,124,117
36,28,147,121,116
36,29,146,120,115
36,30,134,108,103
36,31,125,99,94
36,32,122,96,91
36,33,126,100,95
36,34,143,117,112
36,35,153,127,122
36,36,126,99,97
36,37,126,99,97
36,38,153,126,124
36,39,184,157,155
36,40,199,172,170
36,41,188,161,159
36,42,158,133,131
36,43,148,123,121
36,44,172,147,145
36,45,187,162,160
36,46,170,148,145
36,47,135,113,110
36,48,116,94,91
36,49,115,93,90
36,50,130,111,105
36,51,175,156,150
36,52,198,179,173
36,53,160,141,135
36,54,139,120,114
36,55,141,122,116
36,56,170,151,145
36,57,214,195,189
36,58,229,211,203
36,59,226,208,200
36,60,221,200,194
36,61,201,180,174
36,62,186,165,159
36,63,180,159,153
36,64,178,159,153
36,65,186,167,161
36,66,190,171,165
36,67,178,159,153
36,68,167,146,140
36,69,163,142,136
36,70,132,111,105
36,71,122,101,95
36,72,136,115,109
36,73,159,138,132
36,74,176,155,149
36,75,174,153,147
36,76,171,152,146
36,77,170,151,145
36,78,168,149,143
36,79,164,145,139
36,80,163,147,139
36,81,165,149,141
36,82,161,145,137
36,83,158,142,134
36,84,156,143,134
36,85,157,144,135
36,86,153,140,131
36,87,156,143,134
36,88,160,147,138
36,89,174,161,152
36,90,179,166,157
36,91,187,174,165
36,92,197,184,173
36,93,193,180,169
36,94,182,171,160
36,95,186,175,164
36,96,193,185,175
36,97,190,182,172
36,98,193,183,183
36,99,212,202,202
36,100,151,151,163
36,101,152,152,164
36,102,151,165,184
36,103,139,153,172
36,104,84,122,144
36,105,90,128,150
36,106,99,149,175
36,107,92,142,168
37,0,130,126,75
37,1,123,119,68
37,2,185,176,141
37,3,239,230,195
37,4,252,239,221
37,5,246,233,215
37,6,241,226,213
37,7,236,221,208
37,8,235,219,204
37,9,238,222,207
37,10,245,227,212
37,11,236,218,203
37,12,242,221,207
37,13,228,207,193
37,14,210,186,174
37,15,199,175,163
37,16,207,182,173
37,17,211,186,177
37,18,211,183,175
37,19,211,183,175
37,20,159,131,125
37,21,149,121,115
37,22,176,148,142
37,23,194,166,160
37,24,179,151,145
37,25,177,149,143
37,26,190,165,158
37,27,189,164,157
37,28,181,155,150
37,29,168,142,137
37,30,155,129,124
37,31,149,123,118
37,32,145,119,114
37,33,128,102,97
37,34,113,87,82
37,35,113,87,82
37,36,119,92,90
37,37,145,118,116
37,38,178,151,149
37,39,178,151,149
37,40,176,149,147
37,41,171,144,142
37,42,168,143,141
37,43,176,151,149
37,44,202,177,175
37,45,211,186,184
37,46,176,154,151
37,47,139,117,114
37,48,134,112,109
37,49,150,128,125
37,50,179,160,154
37,51,194,175,169
37,52,135,116,110
37,53,122,103,97
37,54,118,99,93
37,55,155,136,130
37,56,192,173,167
37,57,212,193,187
37,58,215,197,189
37,59,200,182,174
37,60,179,158,152
37,61,170,149,143
37,62,162,141,135
37,63,160,139,133
37,64,174,155,149
37,65,186,167,161
37,66,189,170,164
37,67,174,155,149
37,68,157,136,130
37,69,146,125,119
37,70,143,122,116
37,71,152,131,125
37,72,165,144,138
37,73,181,160,154
37,74,187,166,160
37,75,176,155,149
37,76,164,145,139
37,77,158,139,133
37,78,156,137,131
37,79,165,146,140
37,80,175,159,151
37,81,179,163,155
37,82,166,150,142
37,83,151,135,127
37,84,144,131,122
37,85,149,136,127
37,86,152,139,130
37,87,144,131,122
37,88,150,137,128
37,89,161,148,139
37,90,172,159,150
37,91,174,161,152
37,92,188,175,164
37,93,195,182,171
37,94,187,176,165
37,95,188,177,166
37,96,195,187,177
37,97,186,178,168
37,98,189,179,179
37,99,204,194,194
37,100,151,151,163
37,101,156,156,168
37,102,153,167,186
37,103,142,156,175
37,104,89,127,149
37,105,98,136,158
37,106,92,142,168
37,107,79,129,155
38,0,128,122,78
38,1,126,120,76
38,2,214,202,175
38,3,255,249,222
38,4,240,227,209
38,5,244,231,213
38,6,240,224,209
38,7,233,217,202
38,8,231,212,199
38,9,230,211,198
38,10,233,211,199
38,11,249,227,215
38,12,243,221,209
38,13,251,229,217
38,14,242,219,210
38,15,230,207,198
38,16,235,210,203
38,17,226,201,194
38,18,198,170,164
38,19,158,130,124
38,20,131,103,97
38,21,133,105,99
38,22,144,115,111
38,23,166,137,133
38,24,169,140,136
38,25,169,140,136
38,26,178,153,146
38,27,189,164,157
38,28,192,166,161
38,29,190,164,159
38,30,189,163,158
38,31,191,165,160
38,32,184,159,152
38,33,160,135,128
38,34,128,102,97
38,35,115,89,84
38,36,143,117,112
38,37,175,149,144
38,38,185,159,154
38,39,167,141,136
38,40,159,135,130
38,41,174,150,145
38,42,198,174,169
38,43,209,185,180
38,44,215,193,190
38,45,196,174,171
38,46,159,137,134
38,47,146,124,121
38,48,163,141,138
38,49,186,164,161
38,50,191,172,166
38,51,162,143,137
38,52,108,89,83
38,53,128,109,103
38,54,154,135,129
38,55,183,164,158
38,56,194,175,169
38,57,165,146,140
38,58,133,114,108
38,59,114,95,89
38,60,131,111,103
38,61,158,138,130
38,62,158,137,131
38,63,164,143,137
38,64,179,160,154
38,65,184,165,159
38,66,167,148,142
38,67,151,132,126
38,68,151,130,124
38,69,162,141,135
38,70,191,170,164
38,71,200,179,173
38,72,192,171,165
38,73,185,164,158
38,74,174,153,147
38,75,159,138,132
38,76,153,134,128
38,77,150,131,125
38,78,158,139,133
38,79,175,156,150
38,80,183,167,159
38,81,181,165,157
38,82,167,151,143
38,83,149,133,125
38,84,139,126,117
38,85,143,130,121
38,86,149,136,127
38,87,132,119,110
38,88,147,134,125
38,89,161,148,139
38,90,171,158,149
38,91,168,155,146
38,92,172,161,150
38,93,191,180,169
38,94,192,181,170
38,95,192,181,170
38,96,191,183,173
38,97,181,173,163
38,98,184,179,171
38,99,191,186,178
38,100,192,191,201
38,101,172,171,181
38,102,157,168,183
38,103,130,141,156
38,104,90,117,136
38,105,101,128,147
38,106,101,136,160
38,107,100,135,159
39,0,126,120,76
39,1,127,121,77
39,2,201,189,162
39,3,249,237,210
39,4,230,217,199
39,5,233,220,202
39,6,234,218,203
39,7,225,209,194
39,8,221,202,189
39,9,221,202,189
39,10,226,204,192
39,11,243,221,209
39,12,232,210,198
39,13,237,215,203
39,14,229,206,197
39,15,219,196,187
39,16,216,191,184
39,17,206,181,174
39,18,190,162,156
39,19,151,123,117
39,20,126,98,92
39,21,138,110,104
39,22,148,119,115
39,23,172,143,139
39,24,186,157,153
39,25,178,149,145
39,26,168,143,136
39,27,166,141,134
39,28,177,151,146
39,29,190,164,159
39,30,205,179,174
39,31,209,183,178
39,32,200,175,168
39,33,175,150,143
39,34,146,120,115
39,35,145,119,114
39,36,178,152,147
39,37,188,162,157
39,38,175,149,144
39,39,167,141,136
39,40,169,145,140
39,41,192,168,163
39,42,214,190,185
39,43,214,190,185
39,44,192,170,167
39,45,158,136,133
39,46,137,115,112
39,47,149,127,124
39,48,185,163,160
39,49,201,179,176
39,50,177,158,152
39,51,130,111,105
39,52,125,106,100
39,53,162,143,137
39,54,176,157,151
39,55,178,159,153
39,56,162,143,137
39,57,111,92,86
39,58,78,59,53
39,59,83,64,58
39,60,121,101,93
39,61,165,145,137
39,62,177,156,150
39,63,190,169,163
39,64,192,173,167
39,65,170,151,145
39,66,139,120,114
39,67,127,108,102
39,68,148,127,121
39,69,186,165,159
39,70,212,191,185
39,71,206,185,179
39,72,178,157,151
39,73,157,136,130
39,74,144,123,117
39,75,138,117,111
39,76,146,127,121
39,77,154,135,129
39,78,169,150,144
39,79,184,165,159
39,80,184,168,160
39,81,175,159,151
39,82,169,153,145
39,83,152,136,128
39,84,143,130,121
39,85,144,131,122
39,86,143,130,121
39,87,133,120,111
39,88,144,131,122
39,89,160,147,138
39,90,170,157,148
39,91,171,158,149
39,92,164,153,142
39,93,183,172,161
39,94,197,186,175
39,95,191,180,169
39,96,181,173,163
39,97,178,170,160
39,98,185,180,172
39,99,185,180,172
39,100,177,176,186
39,101,178,177,187
39,102,158,169,184
39,103,116,127,142
39,104,79,106,125
39,105,101,128,147
39,106,101,136,160
39,107,98,133,157
40,0,114,107,65
40,1,128,121,79
40,2,208,196,169
40,3,252,240,213
40,4,232,220,200
40,5,229,217,197
40,6,229,214,196
40,7,222,207,189
40,8,220,202,187
40,9,216,198,183
40,10,216,197,184
40,11,220,201,188
40,12,213,194,181
40,13,209,190,177
40,14,203,180,171
40,15,192,169,160
40,16,187,162,155
40,17,177,152,145
40,18,170,142,136
40,19,150,122,116
40,20,141,112,108
40,21,163,134,130
40,22,184,155,151
40,23,208,179,175
40,24,221,192,188
40,25,207,178,174
40,26,183,155,149
40,27,165,137,131
40,28,167,142,135
40,29,189,164,157
40,30,199,174,167
40,31,195,170,163
40,32,182,157,150
40,33,170,145,138
40,34,164,139,132
40,35,175,150,143
40,36,177,151,146
40,37,166,140,135
40,38,169,143,138
40,39,175,149,144
40,40,181,157,152
40,41,188,164,159
40,42,178,154,149
40,43,151,127,122
40,44,130,109,103
40,45,134,113,107
40,46,150,131,125
40,47,174,155,149
40,48,191,172,166
40,49,172,153,147
40,50,136,117,111
40,51,112,93,87
40,52,139,120,114
40,53,160,141,135
40,54,151,132,126
40,55,142,123,117
40,56,133,114,108
40,57,108,89,83
40,58,96,77,71
40,59,113,94,88
40,60,141,121,113
40,61,164,144,136
40,62,173,152,146
40,63,177,156,150
40,64,160,141,135
40,65,129,110,104
40,66,116,97,91
40,67,123,104,98
40,68,152,131,125
40,69,179,158,152
40,70,178,157,151
40,71,163,142,136
40,72,143,122,116
40,73,127,106,100
40,74,132,111,105
40,75,148,127,121
40,76,158,139,133
40,77,165,146,140
40,78,172,153,147
40,79,178,159,153
40,80,178,160,152
40,81,174,156,148
40,82,172,156,148
40,83,174,158,150
40,84,157,144,135
40,85,146,133,124
40,86,140,127,118
40,87,143,130,121
40,88,149,136,127
40,89,157,144,135
40,90,164,151,142
40,91,170,157,148
40,92,164,153,144
40,93,178,167,158
40,94,190,179,168
40,95,184,173,162
40,96,177,169,159
40,97,180,172,162
40,98,187,180,172
40,99,191,184,176
40,100,189,185,188
40,101,178,174,177
40,102,157,162,173
40,103,114,119,130
40,104,84,101,117
40,105,104,121,137
40,106,107,134,155
40,107,109,136,157
41,0,108,101,59
41,1,130,123,81
41,2,213,201,174
41,3,255,248,221
41,4,236,224,204
41,5,227,215,195
41,6,229,214,196
41,7,222,207,189
41,8,224,206,191
41,9,215,197,182
41,10,199,180,167
41,11,193,174,161
41,12,185,166,153
41,13,184,165,152
41,14,180,157,148
41,15,161,138,129
41,16,153,128,121
41,17,156,131,124
41,18,152,124,118
41,19,151,123,117
41,20,170,141,137
41,21,192,163,159
41,22,206,177,173
41,23,215,186,182
41,24,222,193,189
41,25,221,192,188
41,26,214,186,180
41,27,198,170,164
41,28,184,159,152
41,29,189,164,157
41,30,183,158,151
41,31,173,148,141
41,32,166,141,134
41,33,173,148,141
41,34,182,157,150
41,35,176,151,144
41,36,173,147,142
41,37,167,141,136
41,38,177,151,146
41,39,191,165,160
41,40,187,163,158
41,41,165,141,136
41,42,120,96,91
41,43,80,56,51
41,44,99,78,72
41,45,158,137,131
41,46,199,180,174
41,47,198,179,173
41,48,164,145,139
41,49,127,108,102
41,50,103,84,78
41,51,114,95,89
41,52,143,124,118
41,53,140,121,115
41,54,133,114,108
41,55,127,108,102
41,56,128,109,103
41,57,140,121,115
41,58,151,132,126
41,59,154,135,129
41,60,151,131,123
41,61,145,125,117
41,62,138,117,111
41,63,125,104,98
41,64,109,90,84
41,65,109,90,84
41,66,132,113,107
41,67,154,135,129
41,68,158,137,131
41,69,151,130,124
41,70,145,124,118
41,71,146,125,119
41,72,142,121,115
41,73,143,122,116
41,74,165,144,138
41,75,187,166,160
41,76,183,164,158
41,77,172,153,147
41,78,168,149,143
41,79,168,149,143
41,80,170,152,144
41,81,170,152,144
41,82,175,159,151
41,83,184,168,160
41,84,168,155,146
41,85,153,140,131
41,86,143,130,121
41,87,151,138,129
41,88,163,150,141
41,89,154,141,132
41,90,158,145,136
41,91,167,154,145
41,92,166,155,146
41,93,176,165,156
41,94,182,171,160
41,95,182,171,160
41,96,176,168,158
41,97,171,163,153
41,98,178,171,163
41,99,193,186,178
41,100,191,187,190
41,101,192,188,191
41,102,156,161,172
41,103,120,125,136
41,104,94,111,127
41,105,107,124,140
41,106,108,135,156
41,107,108,135,156
42,0,104,98,59
42,1,121,115,76
42,2,206,196,169
42,3,250,240,213
42,4,226,212,192
42,5,227,213,193
42,6,226,211,193
42,7,220,205,187
42,8,226,208,193
42,9,214,196,181
42,10,185,166,153
42,11,173,154,141
42,12,173,151,139
42,13,164,142,130
42,14,157,132,123
42,15,135,110,101
42,16,124,96,90
42,17,134,106,100
42,18,141,113,107
42,19,154,126,120
42,20,184,155,151
42,21,205,176,172
42,22,207,176,172
42,23,188,157,153
42,24,173,144,140
42,25,189,160,156
42,26,218,190,184
42,27,221,193,187
42,28,200,175,168
42,29,187,162,155
42,30,175,150,143
42,31,167,142,135
42,32,173,148,141
42,33,183,158,151
42,34,185,160,153
42,35,170,145,138
42,36,160,135,128
42,37,171,146,139
42,38,183,158,151
42,39,196,171,164
42,40,177,152,145
42,41,143,118,111
42,42,105,81,76
42,43,103,79,74
42,44,144,123,117
42,45,187,166,160
42,46,188,167,161
42,47,157,136,130
42,48,123,102,96
42,49,109,88,82
42,50,111,92,86
42,51,136,117,111
42,52,149,130,124
42,53,140,121,115
42,54,137,118,112
42,55,130,111,105
42,56,128,109,103
42,57,148,129,123
42,58,164,145,139
42,59,169,150,144
42,60,159,138,132
42,61,141,120,114
42,62,120,99,93
42,63,109,88,82
42,64,113,94,88
42,65,135,116,110
42,66,171,152,146
42,67,186,167,161
42,68,171,150,144
42,69,148,127,121
42,70,142,121,115
42,71,148,127,121
42,72,158,137,131
42,73,181,160,154
42,74,203,184,178
42,75,206,187,181
42,76,188,169,163
42,77,169,150,144
42,78,157,138,132
42,79,156,137,131
42,80,164,145,139
42,81,165,146,140
42,82,171,158,149
42,83,180,167,158
42,84,175,162,153
42,85,164,151,142
42,86,154,141,132
42,87,158,145,136
42,88,167,154,145
42,89,156,143,134
42,90,156,143,134
42,91,163,150,141
42,92,165,152,143
42,93,171,158,149
42,94,175,164,153
42,95,178,167,156
42,96,176,165,154
42,97,171,160,149
42,98,176,169,161
42,99,183,176,168
42,100,180,172,172
42,101,195,187,187
42,102,192,192,199
42,103,175,175,182
42,104,129,135,151
42,105,104,110,126
42,106,98,116,138
42,107,116,134,156
43,0,104,98,59
43,1,120,114,75
43,2,211,201,174
43,3,255,245,218
43,4,232,218,198
43,5,224,210,190
43,6,220,205,187
43,7,210,195,177
43,8,213,195,180
43,9,208,190,175
43,10,186,167,154
43,11,167,148,135
43,12,171,149,137
43,13,160,138,126
43,14,155,130,121
43,15,142,117,108
43,16,135,107,101
43,17,145,117,111
43,18,155,127,121
43,19,165,137,131
43,20,184,155,151
43,21,199,170,166
43,22,202,171,167
43,23,157,126,122
43,24,111,82,78
43,25,133,104,100
43,26,186,158,152
43,27,211,183,177
43,28,195,170,163
43,29,175,150,143
43,30,162,137,130
43,31,166,141,134
43,32,170,145,138
43,33,167,142,135
43,34,161,136,129
43,35,141,116,109
43,36,139,114,107
43,37,164,139,132
43,38,173,148,141
43,39,168,143,136
43,40,147,122,115
43,41,127,102,95
43,42,141,117,112
43,43,181,157,152
43,44,198,177,171
43,45,172,151,145
43,46,124,103,97
43,47,95,74,68
43,48,102,81,75
43,49,121,100,94
43,50,133,114,108
43,51,146,127,121
43,52,144,125,119
43,53,133,114,108
43,54,121,102,96
43,55,125,106,100
43,56,140,121,115
43,57,151,132,126
43,58,149,130,124
43,59,142,123,117
43,60,141,120,114
43,61,135,114,108
43,62,127,106,100
43,63,137,116,110
43,64,147,128,122
43,65,149,130,124
43,66,147,128,122
43,67,141,122,116
43,68,141,120,114
43,69,137,116,110
43,70,135,114,108
43,71,135,114,108
43,72,162,141,135
43,73,194,173,167
43,74,196,177,171
43,75,183,164,158
43,76,167,148,142
43,77,164,145,139
43,78,162,143,137
43,79,161,142,136
43,80,164,145,139
43,81,167,148,142
43,82,166,153,144
43,83,172,159,150
43,84,171,158,149
43,85,171,158,149
43,86,172,159,150
43,87,171,158,149
43,88,171,158,149
43,89,153,140,131
43,90,154,141,132
43,91,158,145,136
43,92,163,150,141
43,93,167,154,145
43,94,172,161,150
43,95,173,162,151
43,96,175,164,153
43,97,177,166,155
43,98,174,167,159
43,99,175,168,160
43,100,177,169,169
43,101,185,177,177
43,102,190,190,197
43,103,206,206,213
43,104,188,194,210
43,105,140,146,162
43,106,89,107,129
43,107,101,119,141
44,0,107,101,62
44,1,119,113,74
44,2,206,196,169
44,3,251,241,214
44,4,230,218,198
44,5,216,204,184
44,6,216,203,185
44,7,202,189,171
44,8,197,181,166
44,9,200,184,169
44,10,186,167,154
44,11,165,146,133
44,12,181,161,151
44,13,165,145,135
44,14,157,134,125
44,15,150,127,118
44,16,154,129,122
44,17,168,143,136
44,18,178,152,147
44,19,181,155,150
44,20,189,158,154
44,21,196,165,161
44,22,207,179,173
44,23,155,127,121
44,24,102,74,68
44,25,115,87,81
44,26,155,127,121
44,27,161,133,127
44,28,142,117,110
44,29,141,116,109
44,30,160,135,128
44,31,175,150,143
44,32,161,136,129
44,33,132,107,100
44,34,125,99,94
44,35,133,107,102
44,36,145,120,113
44,37,153,128,121
44,38,146,121,114
44,39,127,102,95
44,40,104,79,72
44,41,109,84,77
44,42,146,123,116
44,43,185,162,155
44,44,190,166,161
44,45,152,128,123
44,46,109,85,80
44,47,94,70,65
44,48,118,97,91
44,49,153,132,126
44,50,157,137,129
44,51,151,131,123
44,52,127,109,101
44,53,105,87,79
44,54,99,81,73
44,55,122,104,96
44,56,164,145,139
44,57,175,156,150
44,58,157,138,132
44,59,125,106,100
44,60,107,88,82
44,61,108,89,83
44,62,136,117,111
44,63,160,141,135
44,64,161,142,136
44,65,141,122,116
44,66,93,74,68
44,67,68,49,43
44,68,87,68,62
44,69,107,88,82
44,70,129,108,102
44,71,141,120,114
44,72,162,141,135
44,73,184,163,157
44,74,163,142,136
44,75,153,132,126
44,76,150,131,125
44,77,167,148,142
44,78,178,159,153
44,79,176,157,151
44,80,164,145,139
44,81,165,146,140
44,82,167,151,143
44,83,163,147,139
44,84,159,146,137
44,85,170,157,148
44,86,188,175,166
44,87,185,172,163
44,88,171,158,149
44,89,147,134,125
44,90,153,140,131
44,91,157,144,135
44,92,167,154,145
44,93,174,161,152
44,94,177,164,155
44,95,175,162,153
44,96,177,164,155
44,97,175,162,153
44,98,174,165,157
44,99,173,164,156
44,100,166,160,155
44,101,159,153,148
44,102,171,169,174
44,103,209,207,212
44,104,206,211,224
44,105,159,164,177
44,106,81,96,117
44,107,79,94,115
45,0,92,86,47
45,1,125,119,80
45,2,216,206,179
45,3,251,241,214
45,4,236,224,204
45,5,208,196,176
45,6,212,199,181
45,7,210,197,179
45,8,212,196,181
45,9,192,176,161
45,10,198,179,166
45,11,195,176,163
45,12,203,183,173
45,13,176,156,146
45,14,153,130,121
45,15,147,124,115
45,16,164,139,132
45,17,183,158,151
45,18,194,168,163
45,19,196,170,165
45,20,202,171,167
45,21,203,172,168
45,22,204,176,170
45,23,172,144,138
45,24,149,121,115
45,25,150,122,116
45,26,140,112,106
45,27,112,84,78
45,28,96,71,64
45,29,103,78,71
45,30,141,116,109
45,31,169,144,137
45,32,154,129,122
45,33,136,111,104
45,34,148,122,117
45,35,171,145,140
45,36,176,151,144
45,37,145,120,113
45,38,124,99,92
45,39,106,81,74
45,40,93,68,61
45,41,111,86,79
45,42,136,113,106
45,43,147,124,117
45,44,144,120,115
45,45,130,106,101
45,46,118,94,89
45,47,130,106,101
45,48,155,134,128
45,49,176,155,149
45,50,164,144,136
45,51,136,116,108
45,52,114,96,88
45,53,119,101,93
45,54,151,133,125
45,55,170,152,144
45,56,157,138,132
45,57,133,114,108
45,58,111,92,86
45,59,103,84,78
45,60,135,116,110
45,61,144,125,119
45,62,163,144,138
45,63,168,149,143
45,64,140,121,115
45,65,125,106,100
45,66,82,63,57
45,67,71,52,46
45,68,108,89,83
45,69,132,113,107
45,70,156,135,129
45,71,164,143,137
45,72,164,143,137
45,73,166,145,139
45,74,158,137,131
45,75,152,131,125
45,76,157,138,132
45,77,175,156,150
45,78,183,164,158
45,79,178,159,153
45,80,165,146,140
45,81,165,146,140
45,82,166,150,142
45,83,162,146,138
45,84,156,143,134
45,85,168,155,146
45,86,200,187,178
45,87,194,181,172
45,88,172,159,150
45,89,142,129,120
45,90,145,132,123
45,91,156,143,134
45,92,177,164,155
45,93,181,168,159
45,94,184,171,162
45,95,181,168,159
45,96,181,168,159
45,97,175,162,153
45,98,173,164,156
45,99,174,165,157
45,100,148,142,137
45,101,151,145,140
45,102,167,165,170
45,103,195,193,198
45,104,174,179,192
45,105,137,142,155
45,106,64,79,100
45,107,69,84,105
46,0,97,98,53
46,1,110,111,66
46,2,194,188,157
46,3,246,240,209
46,4,237,228,205
46,5,215,206,183
46,6,208,195,177
46,7,210,197,179
46,8,213,199,184
46,9,199,185,170
46,10,191,173,163
46,11,191,173,163
46,12,166,146,136
46,13,138,118,108
46,14,146,123,116
46,15,180,157,150
46,16,210,184,179
46,17,210,184,179
46,18,204,175,171
46,19,206,177,173
46,20,213,185,179
46,21,204,176,170
46,22,177,149,143
46,23,172,144,138
46,24,176,148,142
46,25,182,154,148
46,26,153,128,121
46,27,117,92,85
46,28,122,97,90
46,29,134,109,102
46,30,119,94,87
46,31,112,87,80
46,32,115,90,83
46,33,142,117,110
46,34,171,146,139
46,35,182,157,150
46,36,168,145,138
46,37,129,106,99
46,38,123,100,93
46,39,116,93,86
46,40,122,99,92
46,41,146,123,116
46,42,151,128,121
46,43,130,107,100
46,44,109,85,80
46,45,102,78,73
46,46,111,87,82
46,47,136,112,107
46,48,174,153,147
46,49,162,141,135
46,50,113,93,85
46,51,81,61,53
46,52,139,121,113
46,53,147,129,121
46,54,184,166,158
46,55,157,139,131
46,56,114,96,88
46,57,96,78,70
46,58,94,75,69
46,59,111,92,86
46,60,153,134,128
46,61,160,141,135
46,62,176,157,151
46,63,163,144,138
46,64,126,107,101
46,65,116,97,91
46,66,72,53,47
46,67,87,68,62
46,68,169,150,144
46,69,178,159,153
46,70,165,144,138
46,71,160,139,133
46,72,158,137,131
46,73,158,137,131
46,74,155,134,128
46,75,156,135,129
46,76,156,137,131
46,77,175,156,150
46,78,181,164,158
46,79,175,158,152
46,80,163,146,140
46,81,162,145,139
46,82,166,150,142
46,83,162,146,138
46,84,160,147,138
46,85,166,153,144
46,86,195,182,173
46,87,189,176,167
46,88,174,161,152
46,89,143,130,121
46,90,129,116,107
46,91,143,130,121
46,92,167,154,145
46,93,188,175,166
46,94,190,177,168
46,95,184,171,162
46,96,176,164,157
46,97,171,159,152
46,98,170,161,153
46,99,168,159,151
46,100,151,143,138
46,101,165,157,152
46,102,162,159,160
46,103,177,174,175
46,104,187,191,200
46,105,175,179,188
46,106,93,109,128
46,107,19,35,54
47,0,115,116,71
47,1,100,101,56
47,2,163,157,126
47,3,232,226,195
47,4,236,227,204
47,5,216,207,184
47,6,209,196,178
47,7,206,193,175
47,8,212,198,183
47,9,205,191,176
47,10,198,180,170
47,11,177,159,149
47,12,150,130,120
47,13,136,116,106
47,14,155,132,125
47,15,193,170,163
47,16,211,185,180
47,17,200,174,169
47,18,200,171,167
47,19,205,176,172
47,20,205,177,171
47,21,184,156,150
47,22,143,115,109
47,23,149,121,115
47,24,156,128,122
47,25,151,123,117
47,26,140,115,108
47,27,134,109,102
47,28,161,136,129
47,29,159,134,127
47,30,122,97,90
47,31,89,64,57
47,32,104,79,72
47,33,143,118,111
47,34,156,131,124
47,35,140,115,108
47,36,159,136,129
47,37,146,123,116
47,38,146,123,116
47,39,147,124,117
47,40,158,135,128
47,41,174,151,144
47,42,154,131,124
47,43,133,110,103
47,44,104,80,75
47,45,100,76,71
47,46,111,87,82
47,47,132,108,103
47,48,152,131,125
47,49,130,109,103
47,50,100,80,72
47,51,99,79,71
47,52,148,130,122
47,53,163,145,137
47,54,172,154,146
47,55,127,109,101
47,56,78,60,52
47,57,75,57,49
47,58,100,81,75
47,59,139,120,114
47,60,189,170,164
47,61,199,180,174
47,62,162,143,137
47,63,144,125,119
47,64,109,90,84
47,65,115,96,90
47,66,103,84,78
47,67,141,122,116
47,68,191,172,166
47,69,178,159,153
47,70,130,109,103
47,71,122,101,95
47,72,136,115,109
47,73,146,125,119
47,74,150,129,123
47,75,153,132,126
47,76,165,146,140
47,77,181,162,156
47,78,181,164,158
47,79,173,156,150
47,80,161,144,138
47,81,161,144,138
47,82,165,149,141
47,83,167,151,143
47,84,165,152,143
47,85,166,153,144
47,86,175,162,153
47,87,177,164,155
47,88,177,164,155
47,89,163,150,141
47,90,129,116,107
47,91,131,118,109
47,92,152,139,130
47,93,177,164,155
47,94,193,180,171
47,95,192,179,170
47,96,169,157,150
47,97,157,145,138
47,98,167,158,150
47,99,177,168,160
47,100,162,154,149
47,101,159,151,146
47,102,160,157,158
47,103,182,179,180
47,104,192,196,205
47,105,183,187,196
47,106,109,125,144
47,107,26,42,61
48,0,131,133,92
48,1,93,95,54
48,2,133,128,100
48,3,221,216,188
48,4,237,230,209
48,5,208,201,180
48,6,204,194,175
48,7,215,205,186
48,8,220,205,192
48,9,213,198,185
48,10,215,197,187
48,11,185,167,157
48,12,152,132,124
48,13,149,129,121
48,14,168,145,138
48,15,189,166,159
48,16,196,170,165
48,17,188,162,157
48,18,197,168,164
48,19,201,172,168
48,20,194,165,161
48,21,161,132,128
48,22,128,100,94
48,23,141,113,107
48,24,141,116,107
48,25,135,110,101
48,26,138,113,106
48,27,143,118,111
48,28,156,131,124
48,29,156,131,124
48,30,135,110,103
48,31,113,88,81
48,32,120,95,88
48,33,135,110,103
48,34,129,106,99
48,35,129,106,99
48,36,157,134,127
48,37,151,128,121
48,38,147,124,117
48,39,152,129,122
48,40,165,142,135
48,41,153,130,123
48,42,133,110,103
48,43,124,101,94
48,44,98,75,68
48,45,110,87,80
48,46,126,103,96
48,47,131,108,101
48,48,124,104,96
48,49,101,81,73
48,50,109,89,81
48,51,142,122,114
48,52,149,131,123
48,53,154,136,128
48,54,121,103,95
48,55,93,75,67
48,56,84,65,59
48,57,99,80,74
48,58,136,115,109
48,59,173,152,146
48,60,185,164,158
48,61,185,164,158
48,62,114,95,89
48,63,112,93,87
48,64,103,84,78
48,65,114,95,89
48,66,134,115,109
48,67,174,155,149
48,68,186,167,161
48,69,154,135,129
48,70,96,77,71
48,71,94,75,69
48,72,118,99,93
48,73,134,115,109
48,74,139,120,114
48,75,139,120,114
48,76,161,142,136
48,77,175,156,150
48,78,173,156,150
48,79,158,141,135
48,80,148,131,125
48,81,155,138,132
48,82,166,149,143
48,83,169,152,146
48,84,168,152,144
48,85,162,146,138
48,86,158,145,136
48,87,166,153,144
48,88,173,160,151
48,89,168,155,146
48,90,145,132,123
48,91,137,124,115
48,92,136,123,114
48,93,152,139,130
48,94,190,177,168
48,95,206,193,184
48,96,173,161,154
48,97,150,138,131
48,98,163,154,146
48,99,183,174,166
48,100,180,172,167
48,101,162,154,149
48,102,160,155,154
48,103,165,160,159
48,104,196,196,203
48,105,217,217,224
48,106,156,169,185
48,107,57,70,86
49,0,131,133,92
49,1,97,99,58
49,2,129,124,96
49,3,216,211,183
49,4,234,227,206
49,5,193,186,165
49,6,213,203,184
49,7,236,226,207
49,8,229,214,201
49,9,215,200,187
49,10,214,196,186
49,11,207,189,179
49,12,194,174,166
49,13,195,175,167
49,14,195,172,165
49,15,185,162,155
49,16,189,163,158
49,17,192,166,161
49,18,204,175,171
49,19,197,168,164
49,20,180,151,147
49,21,141,112,108
49,22,134,106,100
49,23,154,126,120
49,24,142,117,108
49,25,140,115,106
49,26,138,113,106
49,27,141,116,109
49,28,145,120,113
49,29,147,122,115
49,30,145,120,113
49,31,145,120,113
49,32,139,114,107
49,33,135,110,103
49,34,137,114,107
49,35,148,125,118
49,36,147,124,117
49,37,139,116,109
49,38,133,110,103
49,39,140,117,110
49,40,154,131,124
49,41,132,109,102
49,42,124,101,94
49,43,125,102,95
49,44,118,95,88
49,45,133,110,103
49,46,136,113,106
49,47,117,94,87
49,48,96,76,68
49,49,87,67,59
49,50,124,104,96
49,51,169,149,141
49,52,143,125,117
49,53,135,117,109
49,54,100,82,74
49,55,94,76,68
49,56,114,95,89
49,57,142,123,117
49,58,169,148,142
49,59,178,157,151
49,60,150,129,123
49,61,127,106,100
49,62,83,64,58
49,63,90,71,65
49,64,101,82,76
49,65,116,97,91
49,66,169,150,144
49,67,210,191,185
49,68,181,162,156
49,69,133,114,108
49,70,93,74,68
49,71,103,84,78
49,72,122,103,97
49,73,135,116,110
49,74,116,97,91
49,75,112,93,87
49,76,153,134,128
49,77,170,151,145
49,78,161,144,138
49,79,138,121,115
49,80,139,122,116
49,81,151,134,128
49,82,154,137,131
49,83,162,145,139
49,84,158,142,134
49,85,159,143,135
49,86,158,145,136
49,87,165,152,143
49,88,167,154,145
49,89,163,150,141
49,90,160,147,138
49,91,156,143,134
49,92,132,119,110
49,93,121,108,99
49,94,167,154,145
49,95,203,190,181
49,96,183,171,164
49,97,151,139,132
49,98,152,143,135
49,99,170,161,153
49,100,188,180,175
49,101,175,167,162
49,102,161,156,155
49,103,141,136,135
49,104,187,187,194
49,105,224,224,231
49,106,183,196,212
49,107,71,84,100
50,0,132,132,103
50,1,98,98,69
50,2,120,116,99
50,3,210,206,189
50,4,239,232,217
50,5,200,193,178
50,6,216,206,192
50,7,236,226,212
50,8,230,217,206
50,9,221,208,197
50,10,222,206,198
50,11,229,213,205
50,12,225,207,199
50,13,220,202,194
50,14,215,195,187
50,15,194,174,166
50,16,188,162,157
50,17,190,164,159
50,18,194,165,161
50,19,180,151,147
50,20,176,148,142
50,21,144,116,110
50,22,135,110,103
50,23,148,123,116
50,24,147,122,113
50,25,143,118,109
50,26,136,111,102
50,27,143,118,109
50,28,141,118,111
50,29,132,109,102
50,30,141,118,111
50,31,152,129,122
50,32,146,121,114
50,33,135,110,103
50,34,133,110,103
50,35,140,117,110
50,36,137,114,107
50,37,129,106,99
50,38,127,104,97
50,39,132,109,102
50,40,137,114,107
50,41,131,108,101
50,42,125,102,95
50,43,126,103,96
50,44,129,105,100
50,45,145,121,116
50,46,136,112,107
50,47,109,85,80
50,48,102,81,75
50,49,121,100,94
50,50,152,132,124
50,51,160,140,132
50,52,139,121,113
50,53,120,102,94
50,54,112,94,86
50,55,116,98,90
50,56,148,130,122
50,57,163,145,137
50,58,163,142,136
50,59,153,132,126
50,60,118,97,91
50,61,84,63,57
50,62,95,74,68
50,63,101,80,74
50,64,115,94,88
50,65,118,97,91
50,66,192,173,167
50,67,227,208,202
50,68,160,142,134
50,69,121,103,95
50,70,112,93,87
50,71,127,108,102
50,72,139,118,112
50,73,131,110,104
50,74,98,77,71
50,75,89,68,62
50,76,143,124,118
50,77,169,150,144
50,78,153,136,130
50,79,133,116,110
50,80,138,121,115
50,81,144,127,121
50,82,141,124,118
50,83,148,131,125
50,84,147,131,123
50,85,159,143,135
50,86,170,157,148
50,87,171,158,149
50,88,167,154,145
50,89,156,143,134
50,90,164,151,142
50,91,172,159,150
50,92,150,137,128
50,93,110,97,88
50,94,140,127,118
50,95,185,172,163
50,96,184,172,165
50,97,164,152,145
50,98,155,146,138
50,99,170,161,153
50,100,180,173,165
50,101,193,186,178
50,102,182,178,174
50,103,149,145,141
50,104,180,178,183
50,105,230,228,233
50,106,208,217,232
50,107,105,114,129
51,0,139,139,110
51,1,112,112,83
51,2,130,126,109
51,3,212,208,191
51,4,242,235,220
51,5,205,198,183
51,6,212,202,188
51,7,235,225,211
51,8,235,222,211
51,9,231,218,207
51,10,226,210,202
51,11,229,213,205
51,12,236,218,210
51,13,233,215,207
51,14,222,202,194
51,15,200,180,172
51,16,187,161,156
51,17,184,158,153
51,18,184,155,151
51,19,170,141,137
51,20,159,131,125
51,21,141,113,107
51,22,142,117,110
51,23,153,128,121
51,24,146,121,112
51,25,139,114,105
51,26,138,113,104
51,27,150,125,116
51,28,133,110,103
51,29,107,84,77
51,30,126,103,96
51,31,150,127,120
51,32,143,118,111
51,33,135,110,103
51,34,130,107,100
51,35,126,103,96
51,36,136,113,106
51,37,127,104,97
51,38,132,109,102
51,39,131,108,101
51,40,123,100,93
51,41,124,101,94
51,42,125,102,95
51,43,127,104,97
51,44,126,102,97
51,45,125,101,96
51,46,116,92,87
51,47,110,86,81
51,48,134,113,107
51,49,150,129,123
51,50,165,145,137
51,51,151,131,123
51,52,114,96,88
51,53,101,83,75
51,54,115,97,89
51,55,129,111,103
51,56,155,137,129
51,57,139,121,113
51,58,122,101,95
51,59,114,93,87
51,60,96,75,69
51,61,92,71,65
51,62,115,94,88
51,63,152,131,125
51,64,169,148,142
51,65,165,144,138
51,66,182,163,157
51,67,171,152,146
51,68,127,109,101
51,69,116,98,90
51,70,125,106,100
51,71,136,117,111
51,72,139,118,112
51,73,113,92,86
51,74,93,72,66
51,75,91,70,64
51,76,121,102,96
51,77,156,137,131
51,78,154,137,131
51,79,139,122,116
51,80,138,121,115
51,81,141,124,118
51,82,141,124,118
51,83,145,128,122
51,84,138,122,114
51,85,153,137,129
51,86,168,155,146
51,87,175,162,153
51,88,167,154,145
51,89,150,137,128
51,90,153,140,131
51,91,182,169,160
51,92,173,160,151
51,93,126,113,104
51,94,132,119,110
51,95,163,150,141
51,96,173,161,154
51,97,173,161,154
51,98,161,152,144
51,99,171,162,154
51,100,179,172,164
51,101,198,191,183
51,102,177,173,169
51,103,148,144,140
51,104,180,178,183
51,105,209,207,212
51,106,193,202,217
51,107,123,132,147
52,0,149,146,140
52,1,139,136,130
52,2,147,145,141
52,3,206,204,200
52,4,232,228,224
52,5,205,201,197
52,6,205,199,194
52,7,223,217,212
52,8,237,228,220
52,9,234,225,217
52,10,227,213,206
52,11,227,213,206
52,12,231,214,208
52,13,223,206,200
52,14,207,188,182
52,15,184,165,159
52,16,180,159,153
52,17,184,163,157
52,18,171,145,140
52,19,147,121,116
52,20,141,116,109
52,21,135,110,103
52,22,142,117,108
52,23,145,120,111
52,24,126,101,92
52,25,121,96,87
52,26,139,114,105
52,27,142,117,108
52,28,121,96,89
52,29,109,84,77
52,30,124,101,94
52,31,144,121,114
52,32,140,115,108
52,33,136,111,104
52,34,146,122,117
52,35,139,115,110
52,36,140,117,110
52,37,136,113,106
52,38,140,117,110
52,39,133,110,103
52,40,119,96,89
52,41,120,97,90
52,42,126,103,96
52,43,130,107,100
52,44,119,96,87
52,45,111,88,79
52,46,107,84,77
52,47,113,90,83
52,48,150,126,121
52,49,158,134,129
52,50,151,131,123
52,51,131,111,103
52,52,120,100,92
52,53,127,107,99
52,54,145,125,117
52,55,145,125,117
52,56,144,124,116
52,57,125,105,97
52,58,98,80,72
52,59,90,72,64
52,60,105,87,79
52,61,150,132,124
52,62,169,151,143
52,63,192,174,166
52,64,183,165,157
52,65,151,133,125
52,66,115,97,89
52,67,112,94,86
52,68,115,96,90
52,69,116,97,91
52,70,130,109,103
52,71,141,120,114
52,72,134,113,107
52,73,109,88,82
52,74,108,87,81
52,75,115,94,88
52,76,108,87,81
52,77,139,118,112
52,78,150,131,125
52,79,148,129,123
52,80,150,132,124
52,81,153,135,127
52,82,145,129,121
52,83,140,124,116
52,84,128,112,104
52,85,138,122,114
52,86,160,147,138
52,87,180,167,158
52,88,170,157,148
52,89,146,133,124
52,90,145,132,123
52,91,182,169,160
52,92,181,168,159
52,93,145,132,123
52,94,138,125,116
52,95,153,140,131
52,96,161,149,142
52,97,162,150,143
52,98,146,139,131
52,99,155,148,140
52,100,171,163,158
52,101,203,195,190
52,102,189,182,179
52,103,157,150,147
52,104,176,172,175
52,105,198,194,197
52,106,193,198,211
52,107,143,148,161
53,0,168,165,159
53,1,162,159,153
53,2,163,161,157
53,3,199,197,193
53,4,243,239,235
53,5,231,227,223
53,6,221,215,210
53,7,217,211,206
53,8,239,230,222
53,9,244,235,227
53,10,242,228,221
53,11,236,222,215
53,12,222,205,199
53,13,197,180,174
53,14,174,155,149
53,15,163,144,138
53,16,174,153,147
53,17,174,153,147
53,18,155,129,124
53,19,136,110,105
53,20,129,104,97
53,21,133,108,101
53,22,140,115,106
53,23,132,107,98
53,24,119,94,85
53,25,127,102,93
53,26,131,106,97
53,27,121,96,87
53,28,118,93,86
53,29,127,102,95
53,30,133,110,103
53,31,140,117,110
53,32,136,111,104
53,33,143,118,111
53,34,155,131,126
53,35,157,133,128
53,36,150,127,120
53,37,144,121,114
53,38,134,111,104
53,39,126,103,96
53,40,123,100,93
53,41,125,102,95
53,42,127,104,97
53,43,124,101,94
53,44,120,97,88
53,45,118,95,86
53,46,113,90,83
53,47,119,96,89
53,48,139,115,110
53,49,138,114,109
53,50,121,101,93
53,51,115,95,87
53,52,138,118,110
53,53,149,129,121
53,54,164,144,136
53,55,156,136,128
53,56,132,112,104
53,57,125,105,97
53,58,101,83,75
53,59,116,98,90
53,60,156,138,130
53,61,184,166,158
53,62,182,164,156
53,63,135,117,109
53,64,97,79,71
53,65,75,57,49
53,66,76,58,50
53,67,104,86,78
53,68,121,102,96
53,69,128,109,103
53,70,136,115,109
53,71,141,120,114
53,72,132,111,105
53,73,120,99,93
53,74,130,109,103
53,75,145,124,118
53,76,116,95,89
53,77,132,111,105
53,78,142,123,117
53,79,151,132,126
53,80,162,144,136
53,81,164,146,138
53,82,149,133,125
53,83,139,123,115
53,84,117,101,93
53,85,124,108,100
53,86,154,141,132
53,87,179,166,157
53,88,171,158,149
53,89,144,131,122
53,90,137,124,115
53,91,164,151,142
53,92,172,159,150
53,93,152,139,130
53,94,143,130,121
53,95,151,138,129
53,96,157,145,138
53,97,145,133,126
53,98,129,122,114
53,99,139,132,124
53,100,164,156,151
53,101,196,188,183
53,102,189,182,179
53,103,165,158,155
53,104,166,162,165
53,105,185,181,184
53,106,187,192,205
53,107,149,154,167
54,0,164,167,185
54,1,157,160,178
54,2,142,144,160
54,3,144,146,162
54,4,183,186,197
54,5,192,195,206
54,6,211,209,214
54,7,221,219,224
54,8,225,220,219
54,9,234,229,228
54,10,232,222,217
54,11,228,218,213
54,12,221,208,204
54,13,185,172,168
54,14,149,132,126
54,15,138,121,115
54,16,153,134,128
54,17,156,137,131
54,18,136,115,109
54,19,123,102,96
54,20,124,100,95
54,21,129,105,100
54,22,138,113,106
54,23,128,103,96
54,24,134,109,100
54,25,132,107,98
54,26,119,94,87
54,27,117,92,85
54,28,125,102,95
54,29,133,110,103
54,30,134,111,104
54,31,137,114,107
54,32,134,111,104
54,33,138,115,108
54,34,144,120,115
54,35,145,121,116
54,36,150,130,122
54,37,143,123,115
54,38,131,108,101
54,39,126,103,96
54,40,127,104,97
54,41,125,102,95
54,42,123,100,91
54,43,123,100,91
54,44,123,100,91
54,45,123,100,91
54,46,130,107,98
54,47,132,109,100
54,48,130,107,100
54,49,126,103,96
54,50,122,102,94
54,51,129,109,101
54,52,125,105,97
54,53,142,122,114
54,54,144,124,116
54,55,131,111,103
54,56,121,101,93
54,57,100,80,72
54,58,103,85,77
54,59,154,136,128
54,60,171,153,145
54,61,150,132,124
54,62,111,93,85
54,63,68,50,42
54,64,54,36,28
54,65,80,62,54
54,66,115,95,87
54,67,128,108,100
54,68,127,106,100
54,69,136,115,109
54,70,138,117,111
54,71,135,114,108
54,72,130,109,103
54,73,127,106,100
54,74,128,107,101
54,75,153,132,126
54,76,173,152,146
54,77,167,146,140
54,78,136,118,110
54,79,109,91,83
54,80,113,97,89
54,81,142,126,118
54,82,159,143,135
54,83,154,138,130
54,84,116,100,92
54,85,116,100,92
54,86,139,126,117
54,87,168,155,146
54,88,168,155,146
54,89,159,146,137
54,90,145,132,123
54,91,150,137,128
54,92,159,146,137
54,93,157,144,135
54,94,144,133,124
54,95,149,138,129
54,96,156,144,137
54,97,138,126,119
54,98,129,120,112
54,99,138,129,121
54,100,143,138,130
54,101,167,162,154
54,102,174,167,164
54,103,153,146,143
54,104,147,144,145
54,105,163,160,161
54,106,166,167,177
54,107,158,159,169
55,0,171,174,192
55,1,155,158,176
55,2,144,146,162
55,3,131,133,149
55,4,131,134,145
55,5,130,133,144
55,6,158,156,161
55,7,200,198,203
55,8,211,206,205
55,9,215,210,209
55,10,213,203,198
55,11,216,206,201
55,12,227,214,210
55,13,201,188,184
55,14,167,150,144
55,15,147,130,124
55,16,155,136,130
55,17,157,138,132
55,18,150,129,123
55,19,137,116,110
55,20,136,112,107
55,21,125,101,96
55,22,138,113,106
55,23,140,115,108
55,24,145,120,111
55,25,129,104,95
55,26,100,75,68
55,27,106,81,74
55,28,139,116,109
55,29,145,122,115
55,30,140,117,110
55,31,143,120,113
55,32,136,113,106
55,33,148,125,118
55,34,164,140,135
55,35,160,136,131
55,36,146,126,118
55,37,131,111,103
55,38,123,100,93
55,39,126,103,96
55,40,133,110,103
55,41,126,103,96
55,42,120,97,88
55,43,124,101,92
55,44,126,103,94
55,45,129,106,97
55,46,127,104,95
55,47,117,94,85
55,48,116,93,86
55,49,120,97,90
55,50,123,103,95
55,51,124,104,96
55,52,124,104,96
55,53,123,103,95
55,54,123,103,95
55,55,116,96,88
55,56,108,88,80
55,57,103,83,75
55,58,122,104,96
55,59,155,137,129
55,60,150,132,124
55,61,120,102,94
55,62,87,69,61
55,63,76,58,50
55,64,94,76,68
55,65,123,105,97
55,66,139,119,111
55,67,134,114,106
55,68,124,103,97
55,69,121,100,94
55,70,118,97,91
55,71,121,100,94
55,72,118,97,91
55,73,127,106,100
55,74,137,116,110
55,75,158,137,131
55,76,169,148,142
55,77,158,137,131
55,78,134,116,108
55,79,113,95,87
55,80,106,90,82
55,81,119,103,95
55,82,132,116,108
55,83,139,123,115
55,84,121,105,97
55,85,113,97,89
55,86,121,108,99
55,87,153,140,131
55,88,164,151,142
55,89,179,166,157
55,90,167,154,145
55,91,150,137,128
55,92,146,133,124
55,93,149,136,127
55,94,140,129,120
55,95,144,133,124
55,96,154,142,135
55,97,148,136,129
55,98,149,140,132
55,99,147,138,130
55,100,145,140,132
55,101,167,162,154
55,102,178,171,168
55,103,162,155,152
55,104,152,149,150
55,105,156,153,154
55,106,159,160,170
55,107,162,163,173
56,0,155,165,203
56,1,142,152,190
56,2,141,148,181
56,3,134,141,174
56,4,107,115,137
56,5,81,89,111
56,6,82,87,100
56,7,115,120,133
56,8,180,181,186
56,9,214,215,220
56,10,210,202,204
56,11,201,193,195
56,12,210,199,196
56,13,202,191,188
56,14,189,174,170
56,15,171,156,152
56,16,169,151,148
56,17,172,154,151
56,18,175,156,150
56,19,160,141,135
56,20,149,130,124
56,21,130,111,105
56,22,134,110,105
56,23,137,113,108
56,24,132,107,100
56,25,125,100,93
56,26,101,78,71
56,27,101,78,71
56,28,140,117,108
56,29,164,141,132
56,30,158,135,128
56,31,153,130,123
56,32,152,128,123
56,33,171,147,142
56,34,174,150,145
56,35,148,124,119
56,36,120,99,93
56,37,109,88,82
56,38,113,90,83
56,39,117,94,87
56,40,127,104,97
56,41,127,104,97
56,42,129,106,97
56,43,131,108,99
56,44,131,108,99
56,45,131,108,99
56,46,123,100,91
56,47,112,89,80
56,48,112,89,82
56,49,116,93,86
56,50,117,97,89
56,51,120,100,92
56,52,118,98,90
56,53,117,97,89
56,54,116,96,88
56,55,116,96,88
56,56,116,96,88
56,57,129,109,101
56,58,147,129,121
56,59,140,122,114
56,60,108,90,82
56,61,80,62,54
56,62,82,64,56
56,63,100,82,74
56,64,128,110,102
56,65,142,124,116
56,66,134,113,107
56,67,116,95,89
56,68,101,80,74
56,69,91,70,64
56,70,92,71,65
56,71,123,102,96
56,72,127,106,100
56,73,139,118,112
56,74,150,129,123
56,75,148,127,121
56,76,143,124,118
56,77,136,117,111
56,78,129,110,104
56,79,122,103,97
56,80,117,100,94
56,81,110,93,87
56,82,111,98,89
56,83,123,110,101
56,84,116,103,94
56,85,109,96,87
56,86,112,99,90
56,87,143,130,121
56,88,158,145,136
56,89,175,162,153
56,90,181,168,159
56,91,160,147,138
56,92,122,111,102
56,93,110,99,90
56,94,112,101,92
56,95,128,117,108
56,96,148,139,131
56,97,161,152,144
56,98,171,162,154
56,99,157,148,140
56,100,136,129,121
56,101,151,144,136
56,102,166,158,153
56,103,169,161,156
56,104,157,152,151
56,105,155,150,149
56,106,166,163,170
56,107,172,169,176
57,0,147,157,195
57,1,136,146,184
57,2,136,143,176
57,3,134,141,174
57,4,127,135,157
57,5,113,121,143
57,6,85,90,103
57,7,45,50,63
57,8,115,116,121
57,9,214,215,220
57,10,238,230,232
57,11,201,193,195
57,12,192,181,178
57,13,185,174,171
57,14,186,171,167
57,15,178,163,159
57,16,172,154,151
57,17,175,157,154
57,18,170,151,145
57,19,148,129,123
57,20,137,118,112
57,21,139,120,114
57,22,140,116,111
57,23,131,107,102
57,24,121,96,89
57,25,120,95,88
57,26,112,89,82
57,27,116,93,86
57,28,136,113,104
57,29,154,131,122
57,30,161,138,131
57,31,168,145,138
57,32,171,147,142
57,33,171,147,142
57,34,147,123,118
57,35,104,80,75
57,36,98,77,71
57,37,100,79,73
57,38,116,93,86
57,39,112,89,82
57,40,118,95,88
57,41,122,99,92
57,42,130,107,98
57,43,137,114,105
57,44,133,110,101
57,45,124,101,92
57,46,118,95,86
57,47,118,95,86
57,48,113,90,83
57,49,110,87,80
57,50,110,90,82
57,51,114,94,86
57,52,114,94,86
57,53,116,96,88
57,54,118,98,90
57,55,122,102,94
57,56,135,115,107
57,57,156,136,128
57,58,154,136,128
57,59,105,87,79
57,60,70,52,44
57,61,66,48,40
57,62,92,74,66
57,63,114,96,88
57,64,122,104,96
57,65,116,98,90
57,66,103,82,76
57,67,94,73,67
57,68,89,68,62
57,69,88,67,61
57,70,105,84,78
57,71,138,117,111
57,72,149,128,122
57,73,160,139,133
57,74,150,129,123
57,75,130,109,103
57,76,112,93,87
57,77,113,94,88
57,78,125,106,100
57,79,135,116,110
57,80,133,116,110
57,81,117,100,94
57,82,112,99,90
57,83,111,98,89
57,84,110,97,88
57,85,105,92,83
57,86,111,98,89
57,87,135,122,113
57,88,145,132,123
57,89,166,153,144
57,90,186,173,164
57,91,163,150,141
57,92,109,98,89
57,93,93,82,73
57,94,98,87,78
57,95,115,104,95
57,96,142,133,125
57,97,164,155,147
57,98,175,166,158
57,99,156,147,139
57,100,120,113,105
57,101,129,122,114
57,102,158,150,145
57,103,172,164,159
57,104,154,149,148
57,105,153,148,147
57,106,165,162,169
57,107,174,171,178
58,0,128,143,193
58,1,125,140,190
58,2,127,138,187
58,3,120,131,180
58,4,128,141,178
58,5,127,140,177
58,6,122,133,156
58,7,74,85,108
58,8,58,62,78
58,9,133,137,153
58,10,200,196,206
58,11,203,199,209
58,12,192,183,187
58,13,182,173,177
58,14,190,178,178
58,15,171,159,159
58,16,156,140,138
58,17,151,135,133
58,18,137,119,116
58,19,126,108,105
58,20,126,106,103
58,21,148,128,125
58,22,149,128,122
58,23,132,111,105
58,24,127,103,98
58,25,119,95,90
58,26,112,89,82
58,27,139,116,109
58,28,158,135,128
58,29,143,120,113
58,30,152,129,122
58,31,176,153,146
58,32,176,152,147
58,33,150,126,121
58,34,116,94,91
58,35,86,64,61
58,36,96,75,69
58,37,106,85,79
58,38,111,90,84
58,39,107,86,80
58,40,116,95,89
58,41,128,107,101
58,42,133,110,103
58,43,137,114,107
58,44,132,109,100
58,45,116,93,84
58,46,115,92,83
58,47,119,96,87
58,48,109,89,81
58,49,105,85,77
58,50,103,83,75
58,51,107,87,79
58,52,107,87,79
58,53,114,94,86
58,54,120,100,92
58,55,127,107,99
58,56,142,122,114
58,57,156,136,128
58,58,139,121,113
58,59,89,71,63
58,60,70,52,44
58,61,87,69,61
58,62,117,97,89
58,63,125,105,97
58,64,108,88,80
58,65,94,74,66
58,66,93,72,66
58,67,101,80,74
58,68,109,88,82
58,69,124,103,97
58,70,155,134,128
58,71,135,114,108
58,72,132,111,105
58,73,144,123,117
58,74,124,103,97
58,75,106,85,79
58,76,98,79,73
58,77,103,84,78
58,78,120,101,95
58,79,137,118,112
58,80,135,119,111
58,81,127,111,103
58,82,119,106,97
58,83,112,99,90
58,84,94,81,72
58,85,89,76,67
58,86,110,99,90
58,87,136,125,116
58,88,140,129,120
58,89,152,141,132
58,90,176,165,156
58,91,165,154,145
58,92,121,110,101
58,93,107,96,87
58,94,110,99,90
58,95,116,105,96
58,96,132,123,115
58,97,159,150,142
58,98,166,159,151
58,99,155,148,140
58,100,122,115,107
58,101,103,96,88
58,102,145,138,130
58,103,178,171,163
58,104,163,156,153
58,105,151,144,141
58,106,162,158,161
58,107,174,170,173
59,0,121,136,186
59,1,120,135,185
59,2,126,137,186
59,3,124,135,184
59,4,123,136,173
59,5,122,135,172
59,6,130,141,164
59,7,115,126,149
59,8,63,67,83
59,9,44,48,64
59,10,116,112,122
59,11,173,169,179
59,12,194,185,189
59,13,205,196,200
59,14,207,195,195
59,15,177,165,165
59,16,147,131,129
59,17,122,106,104
59,18,104,86,83
59,19,114,96,93
59,20,119,99,96
59,21,149,129,126
59,22,160,139,133
59,23,146,125,119
59,24,132,108,103
59,25,113,89,84
59,26,110,87,80
59,27,147,124,117
59,28,169,146,139
59,29,150,127,120
59,30,161,138,131
59,31,173,150,143
59,32,150,126,121
59,33,119,95,90
59,34,93,71,68
59,35,91,69,66
59,36,107,86,80
59,37,114,93,87
59,38,101,80,74
59,39,103,82,76
59,40,124,103,97
59,41,155,134,128
59,42,153,130,123
59,43,136,113,106
59,44,125,102,93
59,45,115,92,83
59,46,116,93,84
59,47,113,90,81
59,48,107,87,79
59,49,106,86,78
59,50,106,86,78
59,51,107,87,79
59,52,107,87,79
59,53,108,88,80
59,54,115,95,87
59,55,124,104,96
59,56,131,111,103
59,57,134,114,106
59,58,119,101,93
59,59,93,75,67
59,60,82,64,56
59,61,104,86,78
59,62,136,116,108
59,63,141,121,113
59,64,110,90,82
59,65,99,79,71
59,66,107,86,80
59,67,122,101,95
59,68,139,118,112
59,69,177,156,150
59,70,186,165,159
59,71,106,85,79
59,72,85,64,58
59,73,101,80,74
59,74,102,81,75
59,75,103,82,76
59,76,103,84,78
59,77,105,86,80
59,78,115,96,90
59,79,127,108,102
59,80,125,109,101
59,81,120,104,96
59,82,119,106,97
59,83,118,105,96
59,84,93,80,71
59,85,72,59,50
59,86,99,88,79
59,87,133,122,113
59,88,130,119,110
59,89,131,120,111
59,90,158,147,138
59,91,176,165,156
59,92,130,119,110
59,93,105,94,85
59,94,116,105,96
59,95,122,111,102
59,96,120,111,103
59,97,139,130,122
59,98,154,147,139
59,99,160,153,145
59,100,143,136,128
59,101,115,108,100
59,102,136,129,121
59,103,184,177,169
59,104,172,165,162
59,105,150,143,140
59,106,160,156,159
59,107,183,179,182
60,0,103,128,181
60,1,101,126,179
60,2,107,128,180
60,3,103,124,176
60,4,103,125,167
60,5,102,124,166
60,6,110,128,164
60,7,102,120,156
60,8,85,94,122
60,9,48,57,85
60,10,58,60,81
60,11,94,96,117
60,12,143,138,150
60,13,187,182,194
60,14,212,202,209
60,15,195,185,192
60,16,169,154,157
60,17,133,118,121
60,18,110,94,92
60,19,107,91,89
60,20,111,92,91
60,21,134,115,114
60,22,157,137,134
60,23,150,130,127
60,24,136,117,111
60,25,116,97,91
60,26,116,95,89
60,27,138,117,111
60,28,142,121,115
60,29,148,127,121
60,30,166,145,139
60,31,155,134,128
60,32,115,93,90
60,33,86,64,61
60,34,77,55,52
60,35,99,77,74
60,36,112,92,89
60,37,113,93,90
60,38,94,73,67
60,39,108,87,81
60,40,144,123,117
60,41,153,132,126
60,42,144,123,117
60,43,129,108,102
60,44,121,101,93
60,45,124,104,96
60,46,115,95,87
60,47,101,81,73
60,48,99,78,72
60,49,102,81,75
60,50,111,91,83
60,51,114,94,86
60,52,113,93,85
60,53,108,88,80
60,54,105,85,77
60,55,108,88,80
60,56,113,95,87
60,57,118,100,92
60,58,114,96,88
60,59,100,82,74
60,60,93,75,67
60,61,112,94,86
60,62,123,105,97
60,63,116,98,90
60,64,102,81,75
60,65,95,74,68
60,66,115,94,88
60,67,150,129,123
60,68,167,146,140
60,69,191,170,164
60,70,152,131,125
60,71,79,58,52
60,72,72,53,47
60,73,83,64,58
60,74,104,85,79
60,75,114,95,89
60,76,107,88,82
60,77,101,82,76
60,78,107,91,83
60,79,116,100,92
60,80,108,95,86
60,81,100,87,78
60,82,110,99,90
60,83,126,115,106
60,84,105,94,85
60,85,65,54,45
60,86,84,73,64
60,87,114,103,94
60,88,117,106,97
60,89,130,119,110
60,90,158,147,138
60,91,171,160,151
60,92,113,102,93
60,93,81,70,61
60,94,96,88,78
60,95,108,100,90
60,96,114,105,97
60,97,118,109,101
60,98,136,129,121
60,99,155,148,140
60,100,147,140,132
60,101,123,116,108
60,102,134,127,119
60,103,178,171,163
60,104,174,166,161
60,105,147,139,134
60,106,160,155,156
60,107,196,191,192
61,0,92,117,170
61,1,94,119,172
61,2,100,121,173
61,3,98,119,171
61,4,99,121,163
61,5,99,121,163
61,6,103,121,157
61,7,95,113,149
61,8,108,117,145
61,9,101,110,138
61,10,76,78,99
61,11,44,46,67
61,12,57,52,64
61,13,116,111,123
61,14,187,177,184
61,15,208,198,205
61,16,202,187,190
61,17,183,168,171
61,18,163,147,145
61,19,129,113,111
61,20,133,114,113
61,21,139,120,119
61,22,136,116,113
61,23,142,122,119
61,24,167,148,142
61,25,143,124,118
61,26,124,103,97
61,27,134,113,107
61,28,142,121,115
61,29,159,138,132
61,30,163,142,136
61,31,135,114,108
61,32,99,77,74
61,33,86,64,61
61,34,94,72,69
61,35,116,94,91
61,36,109,89,86
61,37,106,86,83
61,38,111,90,84
61,39,128,107,101
61,40,136,115,109
61,41,110,89,83
61,42,107,86,80
61,43,118,97,91
61,44,123,103,95
61,45,121,101,93
61,46,110,90,82
61,47,100,80,72
61,48,96,75,69
61,49,101,80,74
61,50,102,82,74
61,51,105,85,77
61,52,106,86,78
61,53,106,86,78
61,54,102,82,74
61,55,100,80,72
61,56,108,90,82
61,57,123,105,97
61,58,120,102,94
61,59,104,86,78
61,60,100,82,74
61,61,105,87,79
61,62,98,80,72
61,63,94,76,68
61,64,95,74,68
61,65,89,68,62
61,66,118,97,91
61,67,164,143,137
61,68,166,145,139
61,69,145,124,118
61,70,124,103,97
61,71,88,67,61
61,72,93,74,68
61,73,98,79,73
61,74,108,89,83
61,75,115,96,90
61,76,111,92,86
61,77,100,81,75
61,78,103,87,79
61,79,113,97,89
61,80,101,88,79
61,81,96,83,74
61,82,108,97,88
61,83,124,113,104
61,84,116,105,96
61,85,72,61,52
61,86,76,65,56
61,87,91,80,71
61,88,115,104,95
61,89,145,134,125
61,90,169,158,149
61,91,165,154,145
61,92,120,109,100
61,93,73,62,53
61,94,70,62,52
61,95,96,88,78
61,96,112,103,95
61,97,121,112,104
61,98,140,133,125
61,99,157,150,142
61,100,137,130,122
61,101,115,108,100
61,102,125,118,110
61,103,175,168,160
61,104,178,170,165
61,105,145,137,132
61,106,162,157,158
61,107,200,195,196
62,0,84,116,168
62,1,86,118,170
62,2,88,120,172
62,3,84,116,168
62,4,87,116,164
62,5,85,114,162
62,6,87,113,157
62,7,82,108,152
62,8,87,106,144
62,9,83,102,140
62,10,82,93,126
62,11,62,73,106
62,12,33,39,63
62,13,30,36,60
62,14,84,86,102
62,15,144,146,162
62,16,179,171,179
62,17,196,188,196
62,18,190,180,182
62,19,166,156,158
62,20,185,170,171
62,21,172,157,158
62,22,133,117,115
62,23,132,116,114
62,24,164,149,145
62,25,145,130,126
62,26,134,116,113
62,27,145,127,124
62,28,169,151,148
62,29,186,168,165
62,30,167,147,144
62,31,130,110,107
62,32,111,91,88
62,33,111,91,88
62,34,123,102,101
62,35,125,104,103
62,36,107,86,85
62,37,115,94,93
62,38,143,123,120
62,39,129,109,106
62,40,83,63,60
62,41,79,59,56
62,42,107,85,82
62,43,115,93,90
62,44,123,102,96
62,45,118,97,91
62,46,110,89,83
62,47,102,81,75
62,48,96,76,68
62,49,99,79,71
62,50,100,80,72
62,51,96,76,68
62,52,91,73,65
62,53,90,72,64
62,54,98,80,70
62,55,103,85,75
62,56,112,94,84
62,57,127,109,99
62,58,127,109,99
62,59,107,89,79
62,60,92,74,66
62,61,111,93,85
62,62,123,105,97
62,63,127,109,101
62,64,115,96,90
62,65,113,94,88
62,66,140,121,115
62,67,151,132,126
62,68,112,94,86
62,69,82,64,56
62,70,92,74,66
62,71,107,89,81
62,72,111,92,86
62,73,108,89,83
62,74,109,93,85
62,75,112,96,88
62,76,101,88,79
62,77,102,89,80
62,78,108,95,86
62,79,97,84,75
62,80,87,76,67
62,81,100,89,80
62,82,109,98,89
62,83,120,109,100
62,84,122,111,102
62,85,100,89,80
62,86,70,62,52
62,87,58,50,40
62,88,85,74,65
62,89,127,116,107
62,90,161,150,141
62,91,185,174,165
62,92,166,155,146
62,93,103,92,83
62,94,63,55,45
62,95,71,63,53
62,96,110,102,92
62,97,138,130,120
62,98,139,133,123
62,99,141,135,125
62,100,140,133,125
62,101,117,110,102
62,102,112,105,97
62,103,174,167,159
62,104,193,185,180
62,105,157,149,144
62,106,156,148,150
62,107,186,178,180
63,0,81,113,165
63,1,83,115,167
63,2,84,116,168
63,3,79,111,163
63,4,82,111,159
63,5,81,110,158
63,6,84,110,154
63,7,81,107,151
63,8,87,106,144
63,9,82,101,139
63,10,81,92,125
63,11,75,86,119
63,12,66,72,96
63,13,31,37,61
63,14,36,38,54
63,15,80,82,98
63,16,146,138,146
63,17,197,189,197
63,18,198,188,190
63,19,178,168,170
63,20,183,168,169
63,21,191,176,177
63,22,157,141,139
63,23,132,116,114
63,24,136,121,117
63,25,128,113,109
63,26,123,105,102
63,27,132,114,111
63,28,155,137,134
63,29,170,152,149
63,30,157,137,134
63,31,136,116,113
63,32,132,112,109
63,33,126,106,103
63,34,120,99,98
63,35,120,99,98
63,36,120,99,98
63,37,142,121,120
63,38,157,137,134
63,39,120,100,97
63,40,82,62,59
63,41,93,73,70
63,42,120,98,95
63,43,124,102,99
63,44,123,102,96
63,45,118,97,91
63,46,114,93,87
63,47,107,86,80
63,48,101,81,73
63,49,94,74,66
63,50,88,68,60
63,51,88,68,60
63,52,84,66,58
63,53,79,61,53
63,54,94,76,66
63,55,109,91,81
63,56,126,108,98
63,57,128,110,100
63,58,114,96,86
63,59,94,76,66
63,60,115,97,89
63,61,129,111,103
63,62,143,125,117
63,63,163,145,137
63,64,149,130,124
63,65,141,122,116
63,66,153,134,128
63,67,127,108,102
63,68,87,69,61
63,69,83,65,57
63,70,96,78,70
63,71,106,88,80
63,72,109,90,84
63,73,112,93,87
63,74,112,96,88
63,75,111,95,87
63,76,101,88,79
63,77,103,90,81
63,78,99,86,77
63,79,80,67,58
63,80,71,60,51
63,81,92,81,72
63,82,108,97,88
63,83,113,102,93
63,84,113,102,93
63,85,102,91,82
63,86,76,68,58
63,87,60,52,42
63,88,66,55,46
63,89,99,88,79
63,90,154,143,134
63,91,204,193,184
63,92,175,164,155
63,93,100,89,80
63,94,79,71,61
63,95,77,69,59
63,96,107,99,89
63,97,148,140,130
63,98,133,127,117
63,99,117,111,101
63,100,134,127,119
63,101,116,109,101
63,102,99,92,84
63,103,162,155,147
63,104,190,182,177
63,105,147,139,134
63,106,146,138,140
63,107,185,177,179
64,0,77,112,163
64,1,77,112,163
64,2,77,112,163
64,3,75,110,161
64,4,74,111,157
64,5,71,108,154
64,6,72,106,153
64,7,70,104,151
64,8,73,103,149
64,9,70,100,146
64,10,68,92,134
64,11,65,89,131
64,12,75,93,129
64,13,49,67,103
64,14,24,35,63
64,15,24,35,63
64,16,78,83,101
64,17,141,146,164
64,18,171,167,177
64,19,157,153,163
64,20,170,165,171
64,21,185,180,186
64,22,177,169,171
64,23,160,152,154
64,24,138,126,126
64,25,122,110,110
64,26,121,110,107
64,27,132,121,118
64,28,143,129,127
64,29,149,135,133
64,30,149,133,131
64,31,138,122,120
64,32,137,117,119
64,33,125,105,107
64,34,114,94,96
64,35,124,104,106
64,36,135,114,113
64,37,161,140,139
64,38,165,145,142
64,39,127,107,104
64,40,103,83,80
64,41,112,92,89
64,42,121,99,96
64,43,120,98,95
64,44,115,96,90
64,45,112,93,87
64,46,116,98,90
64,47,115,97,89
64,48,105,87,79
64,49,93,75,67
64,50,86,68,60
64,51,87,69,61
64,52,89,71,63
64,53,87,69,61
64,54,93,75,65
64,55,101,83,73
64,56,109,91,81
64,57,109,91,81
64,58,105,87,79
64,59,104,86,78
64,60,119,101,93
64,61,128,110,102
64,62,133,115,107
64,63,141,123,115
64,64,151,132,126
64,65,149,130,124
64,66,121,102,96
64,67,90,71,65
64,68,99,82,76
64,69,110,93,87
64,70,103,87,79
64,71,106,90,82
64,72,116,100,92
64,73,117,101,93
64,74,116,103,92
64,75,112,99,88
64,76,105,94,83
64,77,106,95,84
64,78,88,77,68
64,79,65,54,45
64,80,64,56,46
64,81,89,81,71
64,82,108,97,88
64,83,108,97,88
64,84,102,91,82
64,85,95,84,75
64,86,82,74,64
64,87,76,68,58
64,88,69,58,49
64,89,71,60,51
64,90,126,118,108
64,91,204,196,186
64,92,180,172,162
64,93,91,83,73
64,94,83,75,65
64,95,92,84,74
64,96,119,111,101
64,97,140,132,122
64,98,117,109,99
64,99,106,98,88
64,100,129,122,114
64,101,98,91,83
64,102,90,83,75
64,103,152,145,137
64,104,168,160,155
64,105,137,129,124
64,106,150,142,144
64,107,186,178,180
65,0,75,110,161
65,1,75,110,161
65,2,74,109,160
65,3,72,107,158
65,4,71,108,154
65,5,70,107,153
65,6,70,104,151
65,7,67,101,148
65,8,73,103,149
65,9,70,100,146
65,10,72,96,138
65,11,68,92,134
65,12,74,92,128
65,13,73,91,127
65,14,55,66,94
65,15,20,31,59
65,16,26,31,49
65,17,50,55,73
65,18,103,99,109
65,19,131,127,137
65,20,139,134,140
65,21,152,147,153
65,22,181,173,175
65,23,181,173,175
65,24,156,144,144
65,25,131,119,119
65,26,129,118,115
65,27,147,136,133
65,28,152,138,136
65,29,156,142,140
65,30,145,129,127
65,31,132,116,114
65,32,121,101,103
65,33,120,100,102
65,34,128,108,110
65,35,139,119,121
65,36,155,134,133
65,37,167,146,145
65,38,163,143,140
65,39,125,105,102
65,40,101,81,78
65,41,114,94,91
65,42,128,106,103
65,43,120,98,95
65,44,103,84,78
65,45,100,81,75
65,46,115,97,89
65,47,121,103,95
65,48,113,95,87
65,49,99,81,73
65,50,96,78,70
65,51,97,79,71
65,52,98,80,72
65,53,100,82,74
65,54,104,86,76
65,55,103,85,75
65,56,101,83,73
65,57,101,83,73
65,58,103,85,77
65,59,107,89,81
65,60,113,95,87
65,61,120,102,94
65,62,108,90,82
65,63,97,79,71
65,64,113,94,88
65,65,122,103,97
65,66,111,92,86
65,67,104,85,79
65,68,123,106,100
65,69,128,111,105
65,70,111,95,87
65,71,103,87,79
65,72,111,95,87
65,73,118,102,94
65,74,119,106,95
65,75,115,102,91
65,76,108,97,86
65,77,112,101,90
65,78,95,84,75
65,79,74,63,54
65,80,77,69,59
65,81,97,89,79
65,82,107,96,87
65,83,105,94,85
65,84,100,89,80
65,85,91,80,71
65,86,93,85,75
65,87,100,92,82
65,88,90,79,70
65,89,66,55,46
65,90,111,103,93
65,91,195,187,177
65,92,184,176,166
65,93,114,106,96
65,94,93,85,75
65,95,104,96,86
65,96,135,127,117
65,97,141,133,123
65,98,108,100,90
65,99,114,106,96
65,100,122,115,107
65,101,83,76,68
65,102,87,80,72
65,103,159,152,144
65,104,162,154,149
65,105,144,136,131
65,106,172,164,166
65,107,193,185,187
66,0,68,105,156
66,1,69,106,157
66,2,70,107,158
66,3,69,106,157
66,4,68,107,153
66,5,66,105,151
66,6,63,101,150
66,7,61,99,148
66,8,64,100,149
66,9,63,99,148
66,10,65,97,144
66,11,62,94,141
66,12,61,89,133
66,13,59,87,131
66,14,62,86,123
66,15,41,65,102
66,16,14,31,61
66,17,0,16,46
66,18,36,47,68
66,19,76,87,108
66,20,86,92,108
66,21,115,121,137
66,22,161,161,173
66,23,161,161,173
66,24,152,150,155
66,25,140,138,143
66,26,142,136,139
66,27,153,147,150
66,28,149,143,146
66,29,141,135,138
66,30,138,128,130
66,31,125,115,117
66,32,117,102,105
66,33,127,112,115
66,34,143,126,127
66,35,147,130,131
66,36,155,135,137
66,37,156,136,138
66,38,146,128,125
66,39,118,100,97
66,40,97,79,76
66,41,104,86,83
66,42,128,110,107
66,43,130,112,109
66,44,114,95,89
66,45,108,89,83
66,46,119,101,93
66,47,123,105,97
66,48,115,97,89
66,49,99,81,73
66,50,96,80,72
66,51,99,83,75
66,52,101,85,77
66,53,104,88,80
66,54,111,93,85
66,55,113,95,87
66,56,107,89,81
66,57,104,86,78
66,58,104,86,78
66,59,100,82,74
66,60,110,94,86
66,61,112,96,88
66,62,102,86,78
66,63,95,79,71
66,64,99,82,76
66,65,105,88,82
66,66,116,103,94
66,67,124,111,102
66,68,117,104,95
66,69,129,116,107
66,70,116,103,94
66,71,100,87,78
66,72,94,83,74
66,73,102,91,82
66,74,111,103,91
66,75,111,103,91
66,76,102,96,84
66,77,103,97,85
66,78,90,84,72
66,79,75,69,57
66,80,87,81,71
66,81,104,98,88
66,82,99,93,83
66,83,91,85,75
66,84,97,89,79
66,85,96,88,78
66,86,108,100,90
66,87,118,110,100
66,88,99,91,81
66,89,72,64,54
66,90,113,105,95
66,91,185,177,167
66,92,186,178,168
66,93,136,128,118
66,94,114,106,96
66,95,110,102,92
66,96,140,132,122
66,97,147,139,129
66,98,132,124,114
66,99,131,123,113
66,100,106,99,91
66,101,67,60,52
66,102,93,84,76
66,103,168,159,151
66,104,167,159,154
66,105,158,150,145
66,106,186,178,180
66,107,199,191,193
67,0,66,103,154
67,1,66,103,154
67,2,67,104,155
67,3,67,104,155
67,4,66,105,151
67,5,65,104,150
67,6,62,100,149
67,7,61,99,148
67,8,63,99,148
67,9,64,100,149
67,10,65,97,144
67,11,62,94,141
67,12,64,92,136
67,13,62,90,134
67,14,67,91,128
67,15,65,89,126
67,16,60,77,107
67,17,39,56,86
67,18,34,45,66
67,19,43,54,75
67,20,61,67,83
67,21,98,104,120
67,22,151,151,163
67,23,166,166,178
67,24,157,155,160
67,25,153,151,156
67,26,161,155,158
67,27,164,158,161
67,28,149,143,146
67,29,128,122,125
67,30,125,115,117
67,31,123,113,115
67,32,127,112,115
67,33,136,121,124
67,34,140,123,124
67,35,142,125,126
67,36,145,125,127
67,37,144,124,126
67,38,132,114,111
67,39,114,96,93
67,40,110,92,89
67,41,116,98,95
67,42,128,110,107
67,43,127,109,106
67,44,123,104,98
67,45,120,101,95
67,46,121,103,95
67,47,112,94,86
67,48,100,82,74
67,49,92,74,66
67,50,96,80,72
67,51,104,88,80
67,52,105,89,81
67,53,109,93,85
67,54,119,101,93
67,55,118,100,92
67,56,109,91,83
67,57,107,89,81
67,58,106,88,80
67,59,100,82,74
67,60,101,85,77
67,61,102,86,78
67,62,114,98,90
67,63,120,104,96
67,64,114,97,91
67,65,114,97,91
67,66,112,99,90
67,67,107,94,85
67,68,100,87,78
67,69,117,104,95
67,70,121,108,99
67,71,104,91,82
67,72,94,83,74
67,73,98,87,78
67,74,108,100,88
67,75,112,104,92
67,76,101,95,83
67,77,97,91,79
67,78,84,78,66
67,79,73,67,55
67,80,90,84,74
67,81,108,102,92
67,82,90,84,74
67,83,77,71,61
67,84,95,87,77
67,85,107,99,89
67,86,114,106,96
67,87,125,117,107
67,88,105,97,87
67,89,82,74,64
67,90,118,110,100
67,91,175,167,157
67,92,180,172,162
67,93,141,133,123
67,94,127,119,109
67,95,114,106,96
67,96,131,123,113
67,97,155,147,137
67,98,160,152,142
67,99,138,130,120
67,100,88,81,73
67,101,61,54,46
67,102,108,99,91
67,103,171,162,154
67,104,166,158,153
67,105,172,164,159
67,106,195,187,189
67,107,195,187,189
68,0,65,101,155
68,1,65,101,155
68,2,63,103,152
68,3,63,103,152
68,4,63,103,152
68,5,63,103,152
68,6,63,101,150
68,7,62,100,149
68,8,62,100,149
68,9,63,101,150
68,10,60,98,147
68,11,59,97,146
68,12,60,97,143
68,13,60,97,143
68,14,61,94,137
68,15,62,95,138
68,16,70,98,137
68,17,68,96,135
68,18,63,86,117
68,19,41,64,95
68,20,36,54,81
68,21,49,67,94
68,22,104,117,138
68,23,156,169,190
68,24,170,179,194
68,25,161,170,185
68,26,161,166,177
68,27,159,164,175
68,28,143,146,157
68,29,124,127,138
68,30,124,120,130
68,31,118,114,124
68,32,129,121,129
68,33,133,125,133
68,34,130,118,125
68,35,129,117,124
68,36,139,127,129
68,37,133,121,123
68,38,124,110,108
68,39,121,107,105
68,40,123,107,105
68,41,122,106,104
68,42,115,100,96
68,43,114,99,95
68,44,123,105,102
68,45,123,105,102
68,46,114,97,91
68,47,99,82,76
68,48,81,65,57
68,49,85,69,61
68,50,103,86,80
68,51,102,85,79
68,52,101,85,77
68,53,103,87,79
68,54,123,107,99
68,55,120,104,96
68,56,107,91,83
68,57,102,86,78
68,58,96,80,72
68,59,96,80,72
68,60,93,80,71
68,61,99,86,77
68,62,118,105,96
68,63,122,109,100
68,64,109,96,87
68,65,111,98,89
68,66,109,98,89
68,67,99,88,79
68,68,106,95,84
68,69,101,90,79
68,70,107,99,87
68,71,101,93,81
68,72,97,91,79
68,73,101,95,83
68,74,109,104,89
68,75,111,106,91
68,76,104,101,86
68,77,94,91,76
68,78,89,88,75
68,79,92,91,78
68,80,105,104,93
68,81,102,101,90
68,82,87,83,73
68,83,81,77,67
68,84,94,88,78
68,85,108,102,92
68,86,106,100,90
68,87,120,114,104
68,88,115,107,97
68,89,93,85,75
68,90,118,110,100
68,91,159,151,141
68,92,161,153,143
68,93,133,125,115
68,94,128,120,110
68,95,112,104,94
68,96,127,119,109
68,97,167,159,149
68,98,169,161,151
68,99,138,130,120
68,100,75,66,58
68,101,70,61,53
68,102,128,119,111
68,103,171,162,154
68,104,157,148,145
68,105,176,167,164
68,106,201,193,195
68,107,192,184,186
69,0,63,99,153
69,1,65,101,155
69,2,64,104,153
69,3,64,104,153
69,4,63,103,152
69,5,64,104,153
69,6,65,103,152
69,7,65,103,152
69,8,65,103,152
69,9,63,101,150
69,10,62,100,149
69,11,61,99,148
69,12,63,100,146
69,13,63,100,146
69,14,67,100,143
69,15,67,100,143
69,16,73,101,140
69,17,77,105,144
69,18,79,102,133
69,19,69,92,123
69,20,56,74,101
69,21,41,59,86
69,22,76,89,110
69,23,128,141,162
69,24,160,169,184
69,25,170,179,194
69,26,166,171,182
69,27,156,161,172
69,28,151,154,165
69,29,147,150,161
69,30,138,134,144
69,31,111,107,117
69,32,132,124,132
69,33,136,128,136
69,34,129,117,124
69,35,136,124,131
69,36,142,130,132
69,37,134,122,124
69,38,133,119,117
69,39,130,116,114
69,40,125,109,107
69,41,117,101,99
69,42,115,100,96
69,43,114,99,95
69,44,125,107,104
69,45,123,105,102
69,46,104,87,81
69,47,95,78,72
69,48,84,68,60
69,49,95,79,71
69,50,110,93,87
69,51,97,80,74
69,52,82,66,58
69,53,88,72,64
69,54,126,110,102
69,55,131,115,107
69,56,116,100,92
69,57,109,93,85
69,58,105,89,81
69,59,99,83,75
69,60,100,87,78
69,61,104,91,82
69,62,109,96,87
69,63,107,94,85
69,64,93,80,71
69,65,99,86,77
69,66,115,104,95
69,67,115,104,95
69,68,102,91,80
69,69,94,83,72
69,70,97,89,77
69,71,101,93,81
69,72,106,100,88
69,73,111,105,93
69,74,109,104,89
69,75,109,104,89
69,76,108,105,90
69,77,99,96,81
69,78,99,98,85
69,79,111,110,97
69,80,114,113,102
69,81,98,97,86
69,82,84,80,70
69,83,87,83,73
69,84,94,88,78
69,85,97,91,81
69,86,102,96,86
69,87,118,112,102
69,88,125,117,107
69,89,112,104,94
69,90,120,112,102
69,91,145,137,127
69,92,156,148,138
69,93,138,130,120
69,94,118,110,100
69,95,108,100,90
69,96,128,120,110
69,97,168,160,150
69,98,173,165,155
69,99,131,123,113
69,100,65,56,48
69,101,79,70,62
69,102,134,125,117
69,103,173,164,156
69,104,157,148,145
69,105,180,171,168
69,106,203,195,197
69,107,189,181,183
70,0,60,98,152
70,1,63,101,155
70,2,63,103,152
70,3,64,104,153
70,4,63,103,152
70,5,63,103,152
70,6,64,104,153
70,7,63,103,152
70,8,63,103,152
70,9,63,103,152
70,10,60,100,149
70,11,61,101,150
70,12,60,100,149
70,13,60,100,149
70,14,63,102,148
70,15,62,101,147
70,16,65,103,147
70,17,69,107,151
70,18,69,107,149
70,19,69,107,149
70,20,75,105,139
70,21,64,94,128
70,22,54,77,108
70,23,47,70,101
70,24,72,91,116
70,25,124,143,168
70,26,152,165,186
70,27,142,155,176
70,28,154,163,178
70,29,159,168,183
70,30,125,124,141
70,31,92,91,108
70,32,126,121,135
70,33,135,130,144
70,34,125,116,127
70,35,132,123,134
70,36,132,125,131
70,37,128,121,127
70,38,133,123,125
70,39,126,116,118
70,40,119,108,105
70,41,115,104,101
70,42,120,106,104
70,43,116,102,100
70,44,122,107,103
70,45,114,99,95
70,46,97,82,78
70,47,95,80,76
70,48,95,81,74
70,49,108,94,87
70,50,110,96,89
70,51,87,73,66
70,52,81,70,61
70,53,117,106,97
70,54,140,127,118
70,55,124,111,102
70,56,116,103,94
70,57,112,99,90
70,58,108,95,86
70,59,103,90,81
70,60,103,92,81
70,61,107,96,85
70,62,103,92,81
70,63,102,91,80
70,64,102,91,80
70,65,99,88,77
70,66,93,85,73
70,67,99,91,79
70,68,97,89,77
70,69,98,90,78
70,70,90,84,72
70,71,98,92,80
70,72,111,107,95
70,73,114,110,98
70,74,109,106,91
70,75,104,101,86
70,76,108,108,92
70,77,104,104,88
70,78,100,102,86
70,79,107,109,93
70,80,102,103,90
70,81,85,86,73
70,82,76,75,64
70,83,82,81,70
70,84,92,88,78
70,85,94,90,80
70,86,102,96,86
70,87,120,114,104
70,88,136,128,118
70,89,136,128,118
70,90,132,124,114
70,91,142,134,124
70,92,163,155,145
70,93,143,135,125
70,94,110,102,92
70,95,111,103,93
70,96,133,125,115
70,97,171,163,153
70,98,186,178,168
70,99,125,117,107
70,100,61,52,44
70,101,76,67,59
70,102,135,125,120
70,103,175,165,160
70,104,165,156,153
70,105,190,181,178
70,106,203,194,198
70,107,191,182,186
71,0,60,98,152
71,1,61,99,153
71,2,63,103,152
71,3,63,103,152
71,4,63,103,152
71,5,63,103,152
71,6,63,103,152
71,7,63,103,152
71,8,63,103,152
71,9,63,103,152
71,10,61,101,150
71,11,61,101,150
71,12,61,101,150
71,13,61,101,150
71,14,63,102,148
71,15,63,102,148
71,16,65,103,147
71,17,67,105,149
71,18,67,105,147
71,19,67,105,147
71,20,78,108,142
71,21,78,108,142
71,22,78,101,132
71,23,49,72,103
71,24,44,63,88
71,25,86,105,130
71,26,121,134,155
71,27,123,136,157
71,28,152,161,176
71,29,162,171,186
71,30,135,134,151
71,31,119,118,135
71,32,143,138,152
71,33,138,133,147
71,34,125,116,127
71,35,126,117,128
71,36,126,119,125
71,37,123,116,122
71,38,125,115,117
71,39,124,114,116
71,40,120,109,106
71,41,118,107,104
71,42,122,108,106
71,43,119,105,103
71,44,118,103,99
71,45,110,95,91
71,46,102,87,83
71,47,108,93,89
71,48,110,96,89
71,49,108,94,87
71,50,102,88,81
71,51,92,78,71
71,52,112,101,92
71,53,138,127,118
71,54,147,134,125
71,55,126,113,104
71,56,115,102,93
71,57,111,98,89
71,58,105,92,83
71,59,104,91,82
71,60,99,88,77
71,61,101,90,79
71,62,106,95,84
71,63,107,96,85
71,64,113,102,91
71,65,113,102,91
71,66,103,95,83
71,67,99,91,79
71,68,108,100,88
71,69,110,102,90
71,70,94,88,76
71,71,98,92,80
71,72,111,107,95
71,73,114,110,98
71,74,109,106,91
71,75,103,100,85
71,76,106,106,90
71,77,108,108,92
71,78,97,99,83
71,79,95,97,81
71,80,91,92,79
71,81,78,79,66
71,82,72,71,60
71,83,82,81,70
71,84,93,89,79
71,85,92,88,78
71,86,98,92,82
71,87,116,110,100
71,88,139,131,121
71,89,146,138,128
71,90,135,127,117
71,91,145,137,127
71,92,167,159,149
71,93,138,130,120
71,94,110,102,92
71,95,112,104,94
71,96,131,123,113
71,97,175,167,157
71,98,195,187,177
71,99,118,110,100
71,100,57,48,40
71,101,82,73,65
71,102,136,126,121
71,103,178,168,163
71,104,183,174,171
71,105,202,193,190
71,106,201,192,196
71,107,191,182,186
72,0,59,97,151
72,1,60,98,152
72,2,61,100,151
72,3,64,103,154
72,4,64,104,153
72,5,63,103,152
72,6,63,103,152
72,7,64,104,153
72,8,64,104,153
72,9,64,104,153
72,10,64,104,153
72,11,63,103,152
72,12,61,104,152
72,13,61,104,152
72,14,61,104,152
72,15,62,105,153
72,16,64,105,151
72,17,63,104,150
72,18,63,104,150
72,19,61,102,148
72,20,67,103,143
72,21,66,102,142
72,22,76,108,147
72,23,80,112,151
72,24,70,97,132
72,25,61,88,123
72,26,76,96,125
72,27,85,105,134
72,28,112,128,155
72,29,129,145,172
72,30,136,144,168
72,31,145,153,177
72,32,149,153,174
72,33,133,137,158
72,34,117,116,133
72,35,106,105,122
72,36,114,112,124
72,37,109,107,119
72,38,118,111,117
72,39,121,114,120
72,40,116,110,113
72,41,113,107,110
72,42,115,107,107
72,43,114,106,106
72,44,113,104,101
72,45,111,102,99
72,46,111,101,96
72,47,113,103,98
72,48,114,105,97
72,49,104,95,87
72,50,98,89,81
72,51,108,99,91
72,52,135,127,117
72,53,145,137,127
72,54,129,118,107
72,55,102,91,80
72,56,94,83,72
72,57,105,94,83
72,58,107,96,85
72,59,100,89,78
72,60,92,84,72
72,61,91,83,71
72,62,95,87,75
72,63,99,91,79
72,64,104,98,86
72,65,110,104,92
72,66,108,102,90
72,67,106,100,88
72,68,108,102,90
72,69,115,109,97
72,70,97,91,79
72,71,96,90,78
72,72,109,105,93
72,73,116,112,100
72,74,109,109,93
72,75,99,99,83
72,76,96,98,82
72,77,102,104,88
72,78,100,102,86
72,79,98,100,84
72,80,93,94,81
72,81,82,83,70
72,82,80,79,66
72,83,89,88,75
72,84,85,84,73
72,85,73,72,61
72,86,90,84,74
72,87,104,98,88
72,88,129,121,111
72,89,141,133,123
72,90,135,124,115
72,91,143,132,123
72,92,160,152,142
72,93,136,128,118
72,94,111,103,93
72,95,101,93,83
72,96,115,107,97
72,97,174,166,156
72,98,197,189,179
72,99,118,110,100
72,100,54,45,37
72,101,91,82,74
72,102,139,129,124
72,103,185,175,170
72,104,200,190,190
72,105,211,201,201
72,106,202,192,199
72,107,191,181,188
73,0,59,97,151
73,1,60,98,152
73,2,61,100,151
73,3,63,102,153
73,4,64,104,153
73,5,63,103,152
73,6,63,103,152
73,7,64,104,153
73,8,64,104,153
73,9,64,104,153
73,10,64,104,153
73,11,64,104,153
73,12,61,104,152
73,13,61,104,152
73,14,61,104,152
73,15,62,105,153
73,16,63,104,150
73,17,63,104,150
73,18,61,102,148
73,19,63,104,150
73,20,70,106,146
73,21,69,105,145
73,22,76,108,147
73,23,91,123,162
73,24,94,121,156
73,25,62,89,124
73,26,63,83,112
73,27,73,93,122
73,28,85,101,128
73,29,94,110,137
73,30,122,130,154
73,31,146,154,178
73,32,142,146,167
73,33,128,132,153
73,34,121,120,137
73,35,117,116,133
73,36,115,113,125
73,37,115,113,125
73,38,122,115,121
73,39,123,116,122
73,40,121,115,118
73,41,118,112,115
73,42,116,108,108
73,43,114,106,106
73,44,115,106,103
73,45,117,108,105
73,46,120,110,105
73,47,115,105,100
73,48,110,101,93
73,49,107,98,90
73,50,113,104,96
73,51,127,118,110
73,52,140,132,122
73,53,134,126,116
73,54,109,98,87
73,55,92,81,70
73,56,88,77,66
73,57,100,89,78
73,58,102,91,80
73,59,94,83,72
73,60,93,85,73
73,61,95,87,75
73,62,83,75,63
73,63,82,74,62
73,64,95,89,77
73,65,109,103,91
73,66,106,100,88
73,67,99,93,81
73,68,103,97,85
73,69,105,99,87
73,70,97,91,79
73,71,98,92,80
73,72,107,103,91
73,73,114,110,98
73,74,113,113,97
73,75,102,102,86
73,76,88,90,74
73,77,89,91,75
73,78,98,100,84
73,79,100,102,86
73,80,98,99,86
73,81,93,94,81
73,82,94,93,80
73,83,87,86,73
73,84,64,63,52
73,85,57,56,45
73,86,86,80,70
73,87,101,95,85
73,88,125,117,107
73,89,142,134,124
73,90,142,131,122
73,91,138,127,118
73,92,142,134,124
73,93,127,119,109
73,94,89,81,71
73,95,81,73,63
73,96,106,98,88
73,97,171,163,153
73,98,188,180,170
73,99,117,109,99
73,100,49,40,32
73,101,98,89,81
73,102,157,147,142
73,103,192,182,177
73,104,207,197,197
73,105,207,197,197
73,106,193,183,190
73,107,189,179,186
74,0,58,97,148
74,1,60,99,150
74,2,61,100,151
74,3,63,102,153
74,4,63,103,152
74,5,63,103,152
74,6,63,101,150
74,7,65,103,152
74,8,64,104,153
74,9,63,103,152
74,10,63,103,152
74,11,63,103,152
74,12,59,102,150
74,13,61,104,152
74,14,59,104,152
74,15,59,104,152
74,16,59,103,148
74,17,61,105,150
74,18,61,105,150
74,19,61,105,150
74,20,66,106,150
74,21,66,106,150
74,22,71,106,151
74,23,74,109,154
74,24,76,107,148
74,25,59,90,131
74,26,56,82,119
74,27,58,84,121
74,28,64,84,118
74,29,61,81,115
74,30,81,96,126
74,31,94,109,139
74,32,90,102,128
74,33,97,109,135
74,34,119,125,147
74,35,117,123,145
74,36,117,120,138
74,37,112,115,133
74,38,113,113,127
74,39,110,110,124
74,40,108,107,117
74,41,107,106,116
74,42,109,105,108
74,43,109,105,108
74,44,109,106,107
74,45,111,108,109
74,46,115,108,105
74,47,109,102,99
74,48,106,99,91
74,49,111,104,96
74,50,122,115,107
74,51,132,125,117
74,52,135,131,121
74,53,120,116,106
74,54,103,97,85
74,55,97,91,79
74,56,97,91,79
74,57,96,90,78
74,58,90,84,72
74,59,91,85,73
74,60,99,93,81
74,61,99,93,81
74,62,72,66,54
74,63,73,67,55
74,64,98,92,80
74,65,109,103,91
74,66,104,98,86
74,67,99,93,81
74,68,97,93,81
74,69,97,93,81
74,70,96,92,80
74,71,97,93,81
74,72,103,100,85
74,73,106,103,88
74,74,106,106,90
74,75,106,106,90
74,76,95,97,81
74,77,82,84,68
74,78,84,86,70
74,79,88,90,74
74,80,91,92,79
74,81,102,103,90
74,82,100,99,86
74,83,71,70,57
74,84,50,49,38
74,85,66,65,54
74,86,90,84,74
74,87,98,92,82
74,88,119,111,101
74,89,162,154,144
74,90,159,148,139
74,91,130,119,110
74,92,134,123,114
74,93,115,104,95
74,94,61,53,43
74,95,77,69,59
74,96,141,132,124
74,97,169,160,152
74,98,140,131,123
74,99,88,79,71
74,100,79,71,66
74,101,143,135,130
74,102,183,174,171
74,103,197,188,185
74,104,202,192,194
74,105,200,190,192
74,106,191,180,189
74,107,189,178,187
75,0,59,98,149
75,1,59,98,149
75,2,60,99,150
75,3,61,100,151
75,4,61,101,150
75,5,60,100,149
75,6,62,100,149
75,7,63,101,150
75,8,61,101,150
75,9,63,103,152
75,10,63,103,152
75,11,63,103,152
75,12,61,104,152
75,13,59,102,150
75,14,59,104,152
75,15,59,104,152
75,16,61,105,150
75,17,62,106,151
75,18,62,106,151
75,19,61,105,150
75,20,65,105,149
75,21,65,105,149
75,22,67,102,147
75,23,64,99,144
75,24,66,97,138
75,25,64,95,136
75,26,58,84,121
75,27,50,76,113
75,28,51,71,105
75,29,47,67,101
75,30,60,75,105
75,31,50,65,95
75,32,32,44,70
75,33,56,68,94
75,34,94,100,122
75,35,95,101,123
75,36,106,109,127
75,37,105,108,126
75,38,98,98,112
75,39,93,93,107
75,40,97,96,106
75,41,97,96,106
75,42,104,100,103
75,43,107,103,106
75,44,110,107,108
75,45,111,108,109
75,46,111,104,101
75,47,108,101,98
75,48,110,103,95
75,49,117,110,102
75,50,126,119,111
75,51,132,125,117
75,52,135,131,121
75,53,124,120,110
75,54,106,100,88
75,55,96,90,78
75,56,98,92,80
75,57,94,88,76
75,58,88,82,70
75,59,98,92,80
75,60,105,99,87
75,61,97,91,79
75,62,73,67,55
75,63,86,80,68
75,64,115,109,97
75,65,111,105,93
75,66,103,97,85
75,67,99,93,81
75,68,96,92,80
75,69,97,93,81
75,70,96,92,80
75,71,95,91,79
75,72,99,96,81
75,73,97,94,79
75,74,98,98,82
75,75,107,107,91
75,76,107,109,93
75,77,92,94,78
75,78,83,85,69
75,79,83,85,69
75,80,87,88,75
75,81,102,103,90
75,82,106,105,92
75,83,73,72,59
75,84,63,62,51
75,85,86,85,74
75,86,83,77,67
75,87,88,82,72
75,88,120,112,102
75,89,171,163,153
75,90,152,141,132
75,91,121,110,101
75,92,136,125,116
75,93,123,112,103
75,94,62,54,44
75,95,78,70,60
75,96,146,137,129
75,97,166,157,149
75,98,119,110,102
75,99,95,86,78
75,100,127,119,114
75,101,194,186,181
75,102,208,199,196
75,103,196,187,184
75,104,196,186,188
75,105,197,187,189
75,106,193,182,191
75,107,192,181,190
76,0,61,98,149
76,1,61,98,149
76,2,59,97,151
76,3,60,98,152
76,4,59,98,149
76,5,59,98,149
76,6,61,98,149
76,7,62,99,150
76,8,63,100,151
76,9,63,100,151
76,10,63,101,150
76,11,63,101,150
76,12,63,103,152
76,13,61,101,150
76,14,61,101,150
76,15,61,101,150
76,16,61,102,148
76,17,61,102,148
76,18,61,102,148
76,19,61,102,148
76,20,60,100,144
76,21,60,100,144
76,22,64,102,146
76,23,61,99,143
76,24,60,93,136
76,25,51,84,127
76,26,48,75,116
76,27,42,69,110
76,28,42,66,103
76,29,41,65,102
76,30,39,60,91
76,31,16,37,68
76,32,4,21,51
76,33,22,39,69
76,34,48,60,86
76,35,53,65,91
76,36,84,95,118
76,37,97,108,131
76,38,92,99,119
76,39,87,94,114
76,40,92,98,114
76,41,91,97,113
76,42,93,97,106
76,43,95,99,108
76,44,96,103,104
76,45,100,107,108
76,46,108,109,104
76,47,105,106,101
76,48,111,111,102
76,49,114,114,105
76,50,116,116,107
76,51,119,119,110
76,52,123,124,113
76,53,112,113,102
76,54,86,85,74
76,55,68,67,56
76,56,75,74,61
76,57,89,88,75
76,58,94,93,82
76,59,104,103,92
76,60,121,120,109
76,61,109,108,97
76,62,97,96,85
76,63,100,99,88
76,64,120,119,108
76,65,111,110,99
76,66,101,100,89
76,67,94,93,82
76,68,102,98,86
76,69,97,93,81
76,70,94,94,78
76,71,97,97,81
76,72,97,97,81
76,73,91,91,75
76,74,87,89,73
76,75,100,102,86
76,76,112,114,98
76,77,105,107,91
76,78,96,98,82
76,79,91,93,77
76,80,93,92,79
76,81,107,106,93
76,82,112,111,98
76,83,93,92,79
76,84,92,88,78
76,85,91,87,77
76,86,72,66,56
76,87,103,97,87
76,88,148,137,128
76,89,177,166,157
76,90,140,129,120
76,91,105,94,85
76,92,134,123,114
76,93,147,136,127
76,94,82,73,65
76,95,99,90,82
76,96,141,131,126
76,97,152,142,137
76,98,125,114,111
76,99,136,125,122
76,100,187,178,175
76,101,208,199,196
76,102,196,188,190
76,103,193,185,187
76,104,193,184,188
76,105,193,184,188
76,106,190,182,190
76,107,190,182,190
77,0,59,96,147
77,1,59,96,147
77,2,58,96,150
77,3,58,96,150
77,4,58,97,148
77,5,58,97,148
77,6,60,97,148
77,7,61,98,149
77,8,62,99,150
77,9,65,102,153
77,10,63,101,150
77,11,63,101,150
77,12,63,103,152
77,13,63,103,152
77,14,61,101,150
77,15,60,100,149
77,16,60,101,147
77,17,59,100,146
77,18,59,100,146
77,19,56,97,143
77,20,54,94,138
77,21,52,92,136
77,22,60,98,142
77,23,58,96,140
77,24,58,91,134
77,25,44,77,120
77,26,41,68,109
77,27,42,69,110
77,28,49,73,110
77,29,33,57,94
77,30,1,22,53
77,31,0,19,50
77,32,21,38,68
77,33,35,52,82
77,34,49,61,87
77,35,62,74,100
77,36,85,96,119
77,37,94,105,128
77,38,99,106,126
77,39,99,106,126
77,40,101,107,123
77,41,98,104,120
77,42,95,99,108
77,43,90,94,103
77,44,91,98,99
77,45,97,104,105
77,46,111,112,107
77,47,112,113,108
77,48,120,120,111
77,49,118,118,109
77,50,111,111,102
77,51,107,107,98
77,52,99,100,89
77,53,77,78,67
77,54,44,43,32
77,55,66,65,54
77,56,100,99,86
77,57,107,106,93
77,58,109,108,97
77,59,126,125,114
77,60,134,133,122
77,61,126,125,114
77,62,116,115,104
77,63,106,105,94
77,64,122,121,110
77,65,119,118,107
77,66,108,107,96
77,67,100,99,88
77,68,107,103,91
77,69,100,96,84
77,70,97,97,81
77,71,105,105,89
77,72,100,100,84
77,73,94,94,78
77,74,92,94,78
77,75,100,102,86
77,76,107,109,93
77,77,104,106,90
77,78,102,104,88
77,79,102,104,88
77,80,106,105,92
77,81,114,113,100
77,82,113,112,99
77,83,95,94,81
77,84,93,89,79
77,85,79,75,65
77,86,74,68,58
77,87,133,127,117
77,88,184,173,164
77,89,193,182,173
77,90,145,134,125
77,91,91,80,71
77,92,107,96,87
77,93,129,118,109
77,94,104,95,87
77,95,133,124,116
77,96,147,137,132
77,97,142,132,127
77,98,127,116,113
77,99,168,157,154
77,100,222,213,210
77,101,210,201,198
77,102,192,184,186
77,103,193,185,187
77,104,192,183,187
77,105,192,183,187
77,106,189,181,189
77,107,189,181,189
78,0,60,96,145
78,1,60,96,145
78,2,60,95,146
78,3,61,96,147
78,4,59,96,147
78,5,59,96,147
78,6,57,97,146
78,7,58,98,147
78,8,61,99,148
78,9,62,100,149
78,10,61,100,146
78,11,62,101,147
78,12,65,103,152
78,13,63,101,150
78,14,59,99,148
78,15,59,99,148
78,16,59,100,146
78,17,58,99,145
78,18,56,97,143
78,19,53,94,140
78,20,52,91,137
78,21,47,86,132
78,22,55,92,138
78,23,54,91,137
78,24,54,87,132
78,25,43,76,121
78,26,36,65,106
78,27,42,71,112
78,28,49,78,114
78,29,13,42,78
78,30,0,17,50
78,31,20,45,78
78,32,53,74,105
78,33,52,73,104
78,34,62,79,109
78,35,80,97,127
78,36,95,108,136
78,37,91,104,132
78,38,93,105,131
78,39,96,108,134
78,40,92,105,126
78,41,84,97,118
78,42,76,90,104
78,43,62,76,90
78,44,62,71,77
78,45,80,89,95
78,46,104,112,109
78,47,112,120,117
78,48,119,124,117
78,49,120,125,118
78,50,114,119,112
78,51,112,117,110
78,52,100,107,100
78,53,78,85,78
78,54,64,70,60
78,55,86,92,82
78,56,123,129,119
78,57,128,134,124
78,58,108,115,103
78,59,102,109,97
78,60,112,116,104
78,61,119,123,111
78,62,126,127,116
78,63,124,125,114
78,64,121,122,111
78,65,123,124,113
78,66,119,120,109
78,67,112,113,102
78,68,99,100,87
78,69,104,105,92
78,70,111,112,99
78,71,105,106,93
78,72,89,90,77
78,73,95,96,83
78,74,98,99,86
78,75,97,98,85
78,76,100,101,88
78,77,99,100,87
78,78,99,100,87
78,79,102,103,90
78,80,108,107,94
78,81,114,113,100
78,82,109,108,95
78,83,93,92,79
78,84,85,81,69
78,85,71,67,55
78,86,74,70,60
78,87,130,126,116
78,88,187,176,167
78,89,191,180,171
78,90,148,137,128
78,91,92,81,72
78,92,105,93,86
78,93,116,104,97
78,94,124,114,109
78,95,147,137,132
78,96,181,173,168
78,97,194,186,181
78,98,196,186,186
78,99,224,214,214
78,100,203,195,195
78,101,192,184,184
78,102,191,183,185
78,103,192,184,186
78,104,190,183,189
78,105,190,183,189
78,106,187,181,189
78,107,188,182,190
79,0,57,93,142
79,1,58,94,143
79,2,57,92,143
79,3,60,95,146
79,4,58,95,146
79,5,58,95,146
79,6,56,96,145
79,7,57,97,146
79,8,60,98,147
79,9,61,99,148
79,10,60,99,145
79,11,61,100,146
79,12,62,100,149
79,13,62,100,149
79,14,58,98,147
79,15,57,97,146
79,16,57,98,144
79,17,56,97,143
79,18,54,95,141
79,19,53,94,140
79,20,52,91,137
79,21,42,81,127
79,22,41,78,124
79,23,43,80,126
79,24,51,84,129
79,25,46,79,124
79,26,48,77,118
79,27,47,76,117
79,28,29,58,94
79,29,7,36,72
79,30,29,54,87
79,31,75,100,133
79,32,113,134,165
79,33,108,129,160
79,34,118,135,165
79,35,127,144,174
79,36,114,127,155
79,37,111,124,152
79,38,117,129,155
79,39,113,125,151
79,40,112,125,146
79,41,99,112,133
79,42,83,97,111
79,43,61,75,89
79,44,48,57,63
79,45,67,76,82
79,46,98,106,103
79,47,100,108,105
79,48,101,106,99
79,49,106,111,104
79,50,112,117,110
79,51,115,120,113
79,52,111,118,111
79,53,113,120,113
79,54,126,132,122
79,55,125,131,121
79,56,115,121,111
79,57,126,132,122
79,58,132,139,127
79,59,112,119,107
79,60,98,102,90
79,61,110,114,102
79,62,128,129,118
79,63,127,128,117
79,64,118,119,108
79,65,111,112,101
79,66,98,99,88
79,67,93,94,83
79,68,97,98,85
79,69,119,120,107
79,70,114,115,102
79,71,100,101,88
79,72,93,94,81
79,73,98,99,86
79,74,96,97,84
79,75,95,96,83
79,76,99,100,87
79,77,98,99,86
79,78,98,99,86
79,79,96,97,84
79,80,99,98,85
79,81,107,106,93
79,82,111,110,97
79,83,94,93,80
79,84,85,81,69
79,85,73,69,57
79,86,75,71,61
79,87,122,118,108
79,88,175,164,155
79,89,180,169,160
79,90,148,137,128
79,91,102,91,82
79,92,103,91,84
79,93,130,118,111
79,94,145,135,130
79,95,176,166,161
79,96,218,210,205
79,97,236,228,223
79,98,232,222,222
79,99,222,212,212
79,100,199,191,191
79,101,192,184,184
79,102,189,181,183
79,103,191,183,185
79,104,189,182,188
79,105,189,182,188
79,106,187,181,189
79,107,187,181,189
80,0,57,90,140
80,1,58,91,141
80,2,57,92,143
80,3,57,92,143
80,4,56,93,144
80,5,56,93,144
80,6,54,94,143
80,7,54,94,143
80,8,59,97,146
80,9,59,97,146
80,10,61,99,143
80,11,62,100,144
80,12,62,99,145
80,13,62,99,145
80,14,60,97,143
80,15,58,95,141
80,16,57,94,140
80,17,57,94,140
80,18,54,92,141
80,19,54,92,141
80,20,54,93,139
80,21,53,92,138
80,22,40,77,123
80,23,36,73,119
80,24,43,77,124
80,25,48,82,129
80,26,45,75,119
80,27,26,56,100
80,28,9,39,78
80,29,35,65,104
80,30,92,121,157
80,31,126,155,191
80,32,145,170,205
80,33,139,164,199
80,34,139,159,193
80,35,132,152,186
80,36,127,146,177
80,37,125,144,175
80,38,118,134,166
80,39,114,130,162
80,40,118,136,163
80,41,113,131,158
80,42,106,125,143
80,43,85,104,122
80,44,61,76,85
80,45,50,65,74
80,46,73,87,87
80,47,85,99,99
80,48,86,98,97
80,49,91,103,102
80,50,105,117,116
80,51,112,124,123
80,52,117,129,128
80,53,134,146,145
80,54,149,161,158
80,55,141,153,150
80,56,120,132,129
80,57,117,129,126
80,58,129,140,134
80,59,120,131,125
80,60,95,105,97
80,61,88,98,90
80,62,103,111,101
80,63,102,110,100
80,64,97,105,95
80,65,97,105,95
80,66,83,92,80
80,67,80,89,77
80,68,93,102,90
80,69,111,120,108
80,70,107,111,99
80,71,100,104,92
80,72,101,105,91
80,73,101,105,91
80,74,100,104,90
80,75,100,104,90
80,76,102,103,92
80,77,106,107,96
80,78,103,104,93
80,79,93,94,83
80,80,98,97,86
80,81,108,107,96
80,82,109,108,97
80,83,99,98,87
80,84,101,97,87
80,85,92,88,78
80,86,95,89,79
80,87,131,125,115
80,88,164,155,147
80,89,170,161,153
80,90,152,142,137
80,91,113,103,98
80,92,103,93,88
80,93,145,135,130
80,94,180,171,168
80,95,221,212,209
80,96,233,223,223
80,97,226,216,216
80,98,213,205,207
80,99,200,192,194
80,100,194,186,188
80,101,191,183,185
80,102,185,179,182
80,103,187,181,184
80,104,187,181,189
80,105,187,181,189
80,106,187,181,189
80,107,187,181,189
81,0,56,89,139
81,1,57,90,140
81,2,56,91,142
81,3,55,90,141
81,4,54,91,142
81,5,54,91,142
81,6,52,92,141
81,7,54,94,143
81,8,58,96,145
81,9,58,96,145
81,10,60,98,142
81,11,60,98,142
81,12,60,97,143
81,13,58,95,141
81,14,57,94,140
81,15,55,92,138
81,16,55,92,138
81,17,56,93,139
81,18,55,93,142
81,19,56,94,143
81,20,56,95,141
81,21,59,98,144
81,22,40,77,123
81,23,39,76,122
81,24,41,75,122
81,25,44,78,125
81,26,40,70,114
81,27,19,49,93
81,28,34,64,103
81,29,93,123,162
81,30,136,165,201
81,31,131,160,196
81,32,120,145,180
81,33,126,151,186
81,34,130,150,184
81,35,113,133,167
81,36,105,124,155
81,37,94,113,144
81,38,65,81,113
81,39,57,73,105
81,40,62,80,107
81,41,72,90,117
81,42,87,106,124
81,43,87,106,124
81,44,77,92,101
81,45,50,65,74
81,46,54,68,68
81,47,82,96,96
81,48,97,109,108
81,49,97,109,108
81,50,98,110,109
81,51,106,118,117
81,52,121,133,132
81,53,134,146,145
81,54,133,145,142
81,55,139,151,148
81,56,147,159,156
81,57,132,144,141
81,58,121,132,126
81,59,128,139,133
81,60,125,135,127
81,61,109,119,111
81,62,105,113,103
81,63,99,107,97
81,64,93,101,91
81,65,96,104,94
81,66,99,108,96
81,67,99,108,96
81,68,99,108,96
81,69,97,106,94
81,70,97,101,89
81,71,101,105,93
81,72,105,109,95
81,73,100,104,90
81,74,104,108,94
81,75,109,113,99
81,76,116,117,106
81,77,121,122,111
81,78,110,111,100
81,79,95,96,85
81,80,102,101,90
81,81,116,115,104
81,82,118,117,106
81,83,119,118,107
81,84,127,123,113
81,85,122,118,108
81,86,129,123,113
81,87,147,141,131
81,88,159,150,142
81,89,174,165,157
81,90,173,163,158
81,91,139,129,124
81,92,118,108,103
81,93,175,165,160
81,94,218,209,206
81,95,226,217,214
81,96,221,211,211
81,97,209,199,199
81,98,199,191,193
81,99,194,186,188
81,100,193,185,187
81,101,192,184,186
81,102,189,183,186
81,103,189,183,186
81,104,187,181,189
81,105,187,181,189
81,106,187,181,189
81,107,187,181,189
82,0,53,89,138
82,1,53,89,138
82,2,54,89,140
82,3,55,90,141
82,4,52,89,140
82,5,52,89,140
82,6,50,90,139
82,7,52,92,141
82,8,54,95,141
82,9,54,95,141
82,10,60,98,142
82,11,58,96,140
82,12,58,96,140
82,13,57,95,139
82,14,55,93,137
82,15,54,92,136
82,16,54,92,136
82,17,56,94,138
82,18,57,95,139
82,19,58,96,140
82,20,56,95,141
82,21,59,98,144
82,22,50,87,133
82,23,44,81,127
82,24,41,75,122
82,25,36,70,117
82,26,42,72,118
82,27,61,91,137
82,28,85,116,157
82,29,112,143,184
82,30,117,147,186
82,31,89,119,158
82,32,54,82,121
82,33,63,91,130
82,34,83,107,144
82,35,64,88,125
82,36,40,62,98
82,37,21,43,79
82,38,4,24,58
82,39,0,13,47
82,40,0,15,46
82,41,3,24,55
82,42,23,45,69
82,43,49,71,95
82,44,69,91,106
82,45,54,76,91
82,46,37,59,67
82,47,43,65,73
82,48,53,75,83
82,49,52,74,82
82,50,50,73,79
82,51,62,85,91
82,52,68,88,95
82,53,80,100,107
82,54,88,109,113
82,55,101,122,126
82,56,125,145,147
82,57,119,139,141
82,58,112,131,130
82,59,120,139,138
82,60,136,153,151
82,61,143,160,158
82,62,139,155,148
82,63,127,143,136
82,64,104,120,113
82,65,94,110,103
82,66,105,122,113
82,67,105,122,113
82,68,96,111,100
82,69,85,100,89
82,70,101,111,103
82,71,103,113,105
82,72,105,112,100
82,73,95,102,90
82,74,104,108,96
82,75,117,121,109
82,76,133,133,124
82,77,139,139,130
82,78,122,121,110
82,79,111,110,99
82,80,118,116,107
82,81,129,127,118
82,82,136,131,123
82,83,141,136,128
82,84,146,141,133
82,85,144,139,131
82,86,150,142,137
82,87,160,152,147
82,88,168,160,155
82,89,180,172,167
82,90,159,150,147
82,91,158,149,146
82,92,182,173,170
82,93,214,205,202
82,94,222,214,214
82,95,216,208,208
82,96,209,201,203
82,97,201,193,195
82,98,198,189,193
82,99,194,185,189
82,100,191,185,188
82,101,191,185,188
82,102,188,183,189
82,103,187,182,188
82,104,188,182,190
82,105,187,181,189
82,106,187,181,189
82,107,187,181,189
83,0,51,87,136
83,1,51,87,136
83,2,51,86,137
83,3,53,88,139
83,4,49,86,137
83,5,49,86,137
83,6,49,89,138
83,7,49,89,138
83,8,51,92,138
83,9,53,94,140
83,10,56,94,138
83,11,55,93,137
83,12,56,94,138
83,13,56,94,138
83,14,55,93,137
83,15,54,92,136
83,16,54,92,136
83,17,56,94,138
83,18,54,92,136
83,19,51,89,133
83,20,47,86,132
83,21,48,87,133
83,22,60,97,143
83,23,54,91,137
83,24,44,78,125
83,25,35,69,116
83,26,60,90,136
83,27,105,135,181
83,28,97,128,169
83,29,71,102,143
83,30,62,92,131
83,31,40,70,109
83,32,4,32,71
83,33,0,28,67
83,34,19,43,80
83,35,11,35,72
83,36,0,16,52
83,37,0,11,47
83,38,0,17,51
83,39,1,21,55
83,40,5,26,57
83,41,12,33,64
83,42,21,43,67
83,43,34,56,80
83,44,53,75,90
83,45,57,79,94
83,46,48,70,78
83,47,28,50,58
83,48,17,39,47
83,49,16,38,46
83,50,20,43,49
83,51,30,53,59
83,52,26,46,53
83,53,24,44,51
83,54,50,71,75
83,55,80,101,105
83,56,93,113,115
83,57,91,111,113
83,58,98,117,116
83,59,101,120,119
83,60,129,146,144
83,61,158,175,173
83,62,157,173,166
83,63,154,170,163
83,64,150,166,159
83,65,138,154,147
83,66,129,146,137
83,67,109,126,117
83,68,106,121,110
83,69,101,116,105
83,70,122,132,124
83,71,123,133,125
83,72,125,132,120
83,73,119,126,114
83,74,122,126,114
83,75,131,135,123
83,76,148,148,139
83,77,147,147,138
83,78,140,139,128
83,79,137,136,125
83,80,140,138,129
83,81,140,138,129
83,82,141,136,128
83,83,146,141,133
83,84,151,146,138
83,85,151,146,138
83,86,159,151,146
83,87,176,168,163
83,88,172,164,159
83,89,152,144,139
83,90,164,155,152
83,91,205,196,193
83,92,229,220,217
83,93,218,209,206
83,94,209,201,201
83,95,208,200,200
83,96,208,200,202
83,97,203,195,197
83,98,198,189,193
83,99,194,185,189
83,100,191,185,188
83,101,190,184,187
83,102,187,182,188
83,103,188,183,189
83,104,188,182,190
83,105,187,181,189
83,106,187,181,189
83,107,187,181,189
84,0,50,86,135
84,1,49,85,134
84,2,47,84,135
84,3,47,84,135
84,4,46,86,135
84,5,46,86,135
84,6,46,86,135
84,7,47,87,136
84,8,50,91,137
84,9,52,93,139
84,10,55,93,137
84,11,55,93,137
84,12,58,93,138
84,13,57,92,137
84,14,56,91,136
84,15,56,91,136
84,16,56,91,136
84,17,57,92,137
84,18,54,91,137
84,19,47,84,130
84,20,41,79,123
84,21,40,78,122
84,22,53,91,135
84,23,56,94,138
84,24,48,83,128
84,25,41,76,121
84,26,66,99,144
84,27,97,130,175
84,28,69,99,143
84,29,19,49,93
84,30,17,48,89
84,31,24,55,96
84,32,4,33,74
84,33,0,15,56
84,34,0,11,53
84,35,0,7,49
84,36,0,9,49
84,37,0,16,56
84,38,15,39,76
84,39,34,58,95
84,40,45,72,105
84,41,51,78,111
84,42,51,80,108
84,43,47,76,104
84,44,40,71,94
84,45,37,68,91
84,46,39,69,87
84,47,34,64,82
84,48,22,52,70
84,49,18,48,66
84,50,11,43,61
84,51,8,40,58
84,52,13,41,58
84,53,5,33,50
84,54,19,47,59
84,55,40,68,80
84,56,39,68,77
84,57,38,67,76
84,58,46,73,82
84,59,45,72,81
84,60,78,103,109
84,61,103,128,134
84,62,99,125,123
84,63,122,148,146
84,64,157,180,179
84,65,161,184,183
84,66,141,163,160
84,67,116,138,135
84,68,125,145,140
84,69,121,141,136
84,70,126,142,135
84,71,123,139,132
84,72,135,144,138
84,73,140,149,143
84,74,144,148,143
84,75,146,150,145
84,76,155,152,146
84,77,153,150,144
84,78,147,144,138
84,79,146,143,137
84,80,148,142,137
84,81,141,135,130
84,82,137,131,126
84,83,148,142,137
84,84,151,143,138
84,85,150,142,137
84,86,158,151,148
84,87,176,169,166
84,88,163,155,155
84,89,153,145,145
84,90,198,190,190
84,91,230,222,222
84,92,220,212,212
84,93,208,200,200
84,94,205,197,199
84,95,202,194,196
84,96,205,196,200
84,97,200,191,195
84,98,191,185,188
84,99,191,185,188
84,100,188,183,189
84,101,188,183,189
84,102,187,181,189
84,103,188,182,190
84,104,188,182,190
84,105,187,181,189
84,106,187,181,189
84,107,187,181,189
85,0,48,84,133
85,1,47,83,132
85,2,45,82,133
85,3,45,82,133
85,4,43,83,132
85,5,43,83,132
85,6,44,84,133
85,7,45,85,134
85,8,49,90,136
85,9,51,92,138
85,10,56,94,138
85,11,56,94,138
85,12,58,93,138
85,13,56,91,136
85,14,55,90,135
85,15,56,91,136
85,16,56,91,136
85,17,57,92,137
85,18,53,90,136
85,19,50,87,133
85,20,48,86,130
85,21,46,84,128
85,22,44,82,126
85,23,46,84,128
85,24,50,85,130
85,25,45,80,125
85,26,51,84,129
85,27,76,109,154
85,28,68,98,142
85,29,13,43,87
85,30,4,35,76
85,31,48,79,120
85,32,63,92,133
85,33,26,55,96
85,34,0,14,56
85,35,0,4,46
85,36,0,22,62
85,37,24,47,87
85,38,49,73,110
85,39,58,82,119
85,40,59,86,119
85,41,48,75,108
85,42,45,74,102
85,43,53,82,110
85,44,45,76,99
85,45,31,62,85
85,46,32,62,80
85,47,41,71,89
85,48,42,72,90
85,49,41,71,89
85,50,36,68,86
85,51,30,62,80
85,52,31,59,76
85,53,26,54,71
85,54,23,51,63
85,55,22,50,62
85,56,12,41,50
85,57,9,38,47
85,58,13,40,49
85,59,4,31,40
85,60,21,46,52
85,61,30,55,61
85,62,29,55,53
85,63,52,78,76
85,64,94,117,116
85,65,128,151,150
85,66,144,166,163
85,67,146,168,165
85,68,149,169,164
85,69,137,157,152
85,70,119,135,128
85,71,109,125,118
85,72,131,140,134
85,73,142,151,145
85,74,143,147,142
85,75,140,144,139
85,76,154,151,145
85,77,157,154,148
85,78,149,146,140
85,79,154,151,145
85,80,155,149,144
85,81,153,147,142
85,82,150,144,139
85,83,155,149,144
85,84,155,147,142
85,85,151,143,138
85,86,151,144,141
85,87,166,159,156
85,88,193,185,185
85,89,208,200,200
85,90,213,205,205
85,91,214,206,206
85,92,220,212,212
85,93,217,209,209
85,94,203,195,197
85,95,202,194,196
85,96,203,194,198
85,97,199,190,194
85,98,190,184,187
85,99,190,184,187
85,100,187,182,188
85,101,187,182,188
85,102,187,181,189
85,103,187,181,189
85,104,187,181,189
85,105,187,181,189
85,106,187,181,189
85,107,185,179,187
86,0,46,83,129
86,1,44,81,127
86,2,44,81,127
86,3,44,81,127
86,4,41,81,125
86,5,41,81,125
86,6,42,82,126
86,7,45,85,129
86,8,48,88,130
86,9,51,91,133
86,10,54,92,134
86,11,54,92,134
86,12,56,91,136
86,13,55,90,135
86,14,53,88,133
86,15,55,90,135
86,16,55,90,135
86,17,55,90,135
86,18,53,91,135
86,19,53,91,135
86,20,51,89,133
86,21,51,89,133
86,22,50,88,130
86,23,51,89,131
86,24,52,87,132
86,25,53,88,133
86,26,57,92,137
86,27,66,101,146
86,28,60,90,136
86,29,30,60,106
86,30,24,54,98
86,31,47,77,121
86,32,58,86,130
86,33,32,60,104
86,34,0,24,65
86,35,0,12,53
86,36,20,48,87
86,37,54,82,121
86,38,71,100,136
86,39,61,90,126
86,40,42,74,106
86,41,33,65,97
86,42,33,67,99
86,43,40,74,106
86,44,36,74,102
86,45,30,68,96
86,46,29,67,95
86,47,32,70,98
86,48,38,73,102
86,49,39,74,103
86,50,39,75,102
86,51,39,75,102
86,52,41,76,100
86,53,34,69,93
86,54,32,66,88
86,55,35,69,91
86,56,33,65,85
86,57,23,55,75
86,58,16,48,68
86,59,10,42,62
86,60,0,31,47
86,61,0,25,41
86,62,0,16,25
86,63,0,11,20
86,64,17,46,48
86,65,54,83,85
86,66,96,121,122
86,67,127,152,153
86,68,145,169,166
86,69,150,174,171
86,70,143,160,156
86,71,125,142,138
86,72,121,132,126
86,73,130,141,135
86,74,140,144,139
86,75,129,133,128
86,76,149,146,140
86,77,158,155,149
86,78,150,147,141
86,79,157,154,148
86,80,165,159,154
86,81,164,158,153
86,82,163,156,153
86,83,158,151,148
86,84,157,150,147
86,85,150,143,140
86,86,157,150,147
86,87,187,180,177
86,88,220,212,212
86,89,219,211,211
86,90,207,199,201
86,91,208,200,202
86,92,219,211,213
86,93,214,206,208
86,94,203,195,197
86,95,203,195,197
86,96,201,192,196
86,97,196,187,191
86,98,190,183,189
86,99,189,182,188
86,100,185,180,186
86,101,187,182,188
86,102,187,181,189
86,103,187,181,189
86,104,187,181,189
86,105,187,181,189
86,106,187,181,189
86,107,187,181,189
