3,1,446.43,427.90,82.05,95.97,0.9288,1,1
3,2,644.70,53.21,52.00,47.55,0.9133,1,1
3,3,445.98,160.24,55.55,45.94,0.9005,1,1
3,4,992.96,25.37,54.45,43.30,0.8983,1,1
3,5,295.77,255.84,37.87,46.00,0.8969,1,1
3,6,458.69,202.30,37.17,30.68,0.8883,1,1
3,7,654.47,89.56,36.15,37.34,0.8847,1,1
3,8,302.13,401.35,31.25,33.79,0.8505,1,1
3,9,1454.37,0.00,38.60,32.34,0.8539,1,1
3,11,1170.80,571.87,56.23,46.32,0.8716,1,1
3,13,1148.00,376.31,101.40,81.98,0.7597,1,1
3,14,268.51,228.68,63.44,50.37,0.7750,1,1
3,15,693.26,146.99,29.81,24.39,0.7313,1,1
3,16,858.04,149.96,80.98,64.14,0.4682,1,1
3,17,267.43,227.36,65.05,51.47,0.5865,1,1
3,18,952.93,778.76,27.58,41.78,0.5910,1,1
3,19,1135.73,430.36,67.76,51.58,0.3842,1,1
4,1,446.43,427.89,82.03,95.92,0.9289,1,1
4,2,644.78,53.23,51.83,47.54,0.9133,1,1
4,3,445.89,160.26,55.64,45.90,0.9002,1,1
4,4,992.99,25.36,54.37,43.29,0.8985,1,1
4,5,295.67,255.99,37.97,45.83,0.8963,1,1
4,6,458.48,202.27,37.57,30.70,0.8883,1,1
4,7,654.30,89.57,36.44,37.33,0.8845,1,1
4,8,302.12,401.34,31.19,33.79,0.8504,1,1
4,9,1454.44,-0.00,38.42,32.34,0.8538,1,1
4,11,1169.67,571.90,58.35,46.35,0.8706,1,1
4,13,1147.53,376.45,102.11,81.86,0.7552,1,1
4,14,268.46,228.46,63.63,50.68,0.7601,1,1
4,15,694.11,147.00,28.58,24.36,0.7296,1,1
4,16,857.65,150.21,81.17,64.88,0.5053,1,1
4,17,267.34,227.28,65.31,51.66,0.6007,1,1
4,18,953.55,779.10,26.75,41.50,0.6180,1,1
4,19,1136.46,430.89,67.04,51.18,0.3827,1,1
4,23,955.45,116.79,17.86,23.34,0.3773,1,1
4,25,688.55,195.42,73.30,87.25,0.9102,1,1
5,1,446.39,428.39,82.34,95.94,0.9278,1,1
5,2,644.48,52.77,51.29,47.50,0.9147,1,1
5,3,445.61,158.38,55.43,46.11,0.8960,1,1
5,4,992.91,25.15,53.82,43.18,0.9019,1,1
5,5,295.91,255.86,37.90,45.85,0.8982,1,1
5,6,457.54,200.26,37.56,31.12,0.8749,1,1
5,7,653.79,89.41,36.80,37.41,0.8883,1,1
5,8,301.48,400.69,29.26,31.04,0.8556,1,1
5,9,1454.70,0.00,38.29,32.23,0.8497,1,1
5,11,1172.81,573.78,58.00,45.94,0.8897,1,1
5,13,1148.29,377.73,103.20,82.74,0.7629,1,1
5,14,268.33,228.44,63.83,51.11,0.7829,1,1
5,15,699.07,147.48,27.94,23.70,0.7844,1,1
5,16,853.80,151.58,78.52,63.74,0.6255,1,1
5,17,267.33,227.35,65.44,51.73,0.6035,1,1
5,19,1138.95,433.53,65.35,50.43,0.4404,1,1
5,23,955.31,111.82,18.78,24.81,0.5105,1,1
5,25,688.97,196.42,72.86,86.61,0.9163,1,1
5,27,378.76,325.08,21.25,28.91,0.3514,1,1
6,1,446.64,428.47,82.57,96.66,0.9287,1,1
6,2,644.14,52.56,51.36,47.17,0.9164,1,1
6,3,445.24,156.46,54.48,45.72,0.9046,1,1
6,4,992.95,25.21,52.72,42.30,0.8981,1,1
6,5,295.95,255.71,37.84,45.99,0.8992,1,1
6,6,457.04,198.45,37.82,31.75,0.8670,1,1
6,7,653.72,89.24,36.66,37.36,0.8925,1,1
6,8,300.88,400.22,29.08,30.00,0.8414,1,1
6,9,1454.77,0.00,38.04,32.16,0.8396,1,1
6,11,1174.36,576.17,59.57,43.38,0.9029,1,1
6,13,1147.49,380.12,99.64,80.44,0.7732,1,1
6,14,268.26,228.45,63.79,51.36,0.7896,1,1
6,15,703.41,151.55,25.20,20.26,0.7917,1,1
6,17,267.25,227.44,65.47,51.72,0.5972,1,1
6,19,1146.34,439.53,58.77,46.22,0.5633,1,1
6,23,956.32,111.23,18.39,24.28,0.4989,1,1
6,25,688.71,197.53,73.04,86.80,0.9276,1,1
6,27,378.08,324.00,21.48,29.29,0.2867,1,1
7,1,446.95,428.47,82.31,96.69,0.9289,1,1
7,2,643.83,52.62,51.48,47.09,0.9160,1,1
7,3,445.43,154.93,53.91,45.45,0.9009,1,1
7,4,992.40,25.00,51.60,42.32,0.8929,1,1
7,5,296.39,255.75,37.43,45.72,0.8990,1,1
7,6,457.18,197.28,36.74,30.30,0.8655,1,1
7,7,653.26,88.82,37.11,37.90,0.8918,1,1
7,8,300.71,400.43,30.41,31.36,0.8559,1,1
7,9,1454.58,0.00,37.47,32.06,0.8378,1,1
7,11,1177.53,578.32,61.88,41.45,0.8717,1,1
7,13,1146.58,382.41,99.67,80.06,0.7046,1,1
7,14,268.43,228.71,63.35,51.12,0.8152,1,1
7,15,703.69,152.91,25.13,19.95,0.7429,1,1
7,16,850.41,153.73,78.47,63.83,0.2520,1,1
7,17,267.37,227.69,65.28,51.49,0.5239,1,1
7,19,1146.40,439.89,57.67,46.78,0.6240,1,1
7,23,956.92,109.78,18.05,23.46,0.7282,1,1
7,25,689.46,199.45,71.93,81.94,0.9293,1,1
8,1,447.49,428.44,82.00,96.84,0.9279,1,1
8,2,643.72,52.53,51.60,47.00,0.9159,1,1
8,3,445.12,152.19,54.13,45.55,0.9010,1,1
8,4,992.23,24.85,50.73,42.43,0.8963,1,1
8,5,295.76,255.78,37.80,45.81,0.8986,1,1
8,6,456.72,194.12,38.25,31.18,0.8949,1,1
8,7,653.29,88.33,37.31,38.46,0.8913,1,1
8,8,301.61,400.52,32.89,33.97,0.8705,1,1
8,9,1454.99,0.00,37.61,32.09,0.8447,1,1
8,11,1185.00,583.14,61.09,37.56,0.9019,1,1
8,13,1146.07,382.92,100.49,80.59,0.7199,1,1
8,14,267.97,228.47,63.88,51.60,0.7936,1,1
8,15,703.78,154.15,25.93,20.81,0.7108,1,1
8,16,849.01,154.37,77.98,64.71,0.5584,1,1
8,17,267.07,227.70,65.42,51.42,0.5394,1,1
8,18,951.97,777.90,24.96,38.65,0.3313,1,1
8,19,1146.75,440.63,56.45,46.73,0.5535,1,1
8,23,957.01,107.38,17.85,23.27,0.2620,1,1
8,25,689.01,200.41,73.32,83.09,0.9261,1,1
8,30,970.24,831.88,33.77,37.85,0.7478,1,1
8,31,464.55,347.32,32.78,26.37,0.7841,1,1
9,1,447.97,428.85,81.63,96.37,0.9284,1,1
9,2,643.65,52.59,51.90,47.30,0.9159,1,1
9,3,445.41,150.35,54.60,45.18,0.8954,1,1
9,4,992.44,24.97,50.94,42.15,0.8993,1,1
9,5,295.62,255.54,38.05,46.17,0.8964,1,1
9,6,456.48,192.08,38.34,30.88,0.9131,1,1
9,7,653.33,88.07,37.47,38.84,0.8938,1,1
9,8,304.64,399.80,32.99,34.07,0.8650,1,1
9,9,1454.42,0.00,37.16,32.22,0.8531,1,1
9,11,1188.76,585.77,57.85,35.15,0.6666,1,1
9,13,1145.27,382.39,104.28,82.59,0.8131,1,1
9,14,267.77,228.31,63.93,51.69,0.7180,1,1
9,15,709.79,156.56,27.85,21.48,0.7392,1,1
9,16,849.77,154.75,75.97,63.78,0.6595,1,1
9,17,266.92,227.72,65.56,51.31,0.5534,1,1
9,18,947.48,774.35,26.68,39.91,0.4054,1,1
9,19,1147.01,443.28,53.56,44.48,0.3881,1,1
9,25,689.03,201.58,73.68,83.00,0.9303,1,1
9,30,973.52,831.34,32.70,36.35,0.7201,1,1
9,31,466.03,346.05,32.22,26.79,0.8195,1,1
9,32,1141.55,542.21,26.57,35.38,0.4702,1,1
9,33,923.57,1.26,21.10,15.44,0.6837,1,1
10,1,447.99,428.84,81.72,96.35,0.9282,1,1
10,2,643.65,52.62,51.92,47.32,0.9157,1,1
10,3,445.24,150.37,54.96,45.12,0.8957,1,1
10,4,992.34,24.97,51.16,42.18,0.8995,1,1
10,5,295.60,255.55,38.04,46.12,0.8963,1,1
10,6,456.44,192.11,38.43,30.81,0.9135,1,1
10,7,653.35,88.13,37.39,38.81,0.8940,1,1
10,8,304.71,399.76,33.03,34.11,0.8641,1,1
10,9,1454.55,-0.00,36.87,32.23,0.8529,1,1
10,11,1188.65,585.95,58.35,34.95,0.6677,1,1
10,13,1144.88,382.28,105.05,82.73,0.8154,1,1
10,14,267.75,228.22,63.97,51.76,0.7088,1,1
10,15,709.80,156.68,28.65,21.52,0.7395,1,1
10,16,850.09,154.75,75.30,63.70,0.6650,1,1
10,17,266.72,227.66,65.88,51.36,0.5744,1,1
10,18,946.34,773.68,27.60,40.14,0.4066,1,1
10,19,1147.11,443.82,52.81,43.99,0.3851,1,1
10,25,688.97,201.58,73.80,83.01,0.9301,1,1
10,30,973.55,831.28,32.95,36.42,0.7380,1,1
10,31,466.34,345.99,31.67,26.82,0.8202,1,1
10,32,1141.70,542.02,26.48,35.38,0.4691,1,1
10,33,923.53,1.25,21.16,15.45,0.6795,1,1
10,34,98.48,624.42,40.25,39.60,0.7563,1,1
11,1,448.01,428.16,81.90,96.53,0.9265,1,1
11,2,644.16,52.52,52.04,47.10,0.9152,1,1
11,3,445.19,148.76,55.36,44.64,0.9056,1,1
11,4,992.27,24.83,50.88,41.80,0.8982,1,1
11,5,295.56,255.36,38.11,46.42,0.8933,1,1
11,6,455.94,189.54,38.83,30.83,0.8940,1,1
11,7,653.76,88.00,37.28,38.93,0.8972,1,1
11,8,312.54,398.87,28.44,28.18,0.8272,1,1
11,9,1454.89,0.00,37.32,32.14,0.8501,1,1
11,11,1193.65,587.71,57.03,34.48,0.7313,1,1
11,13,1143.66,382.32,106.91,83.48,0.8527,1,1
11,14,267.63,228.41,63.80,51.62,0.7194,1,1
11,15,711.76,158.28,28.40,21.14,0.6082,1,1
11,16,848.70,155.16,76.08,65.37,0.5998,1,1
11,17,266.70,228.02,65.67,50.99,0.4933,1,1
11,19,1144.34,443.98,53.55,44.23,0.3374,1,1
11,25,688.94,202.26,74.13,83.96,0.9151,1,1
11,30,974.76,831.13,33.93,37.65,0.5479,1,1
11,31,465.66,343.81,31.91,27.55,0.8044,1,1
11,32,1142.03,541.73,26.66,35.65,0.4918,1,1
11,33,923.36,1.21,21.14,15.49,0.7258,1,1
11,34,98.16,622.38,42.14,41.51,0.6891,1,1
11,35,1187.40,557.06,57.10,47.12,0.5635,1,1
11,36,1013.81,1036.80,19.26,23.46,0.2717,1,1
11,38,1190.41,556.78,41.53,39.60,0.7182,1,1
12,1,448.39,428.06,81.70,96.56,0.9267,1,1
12,2,644.31,52.42,52.04,47.30,0.9174,1,1
12,3,445.80,146.65,55.40,44.71,0.9063,1,1
12,4,992.05,24.65,51.67,42.14,0.9025,1,1
12,5,295.39,254.99,38.17,46.72,0.8913,1,1
12,6,456.53,187.87,38.67,31.04,0.8886,1,1
12,7,653.57,88.10,37.36,38.59,0.8971,1,1
12,8,320.13,398.15,25.40,23.34,0.7566,1,1
12,9,1454.74,0.00,37.95,32.08,0.8444,1,1
12,11,1197.62,587.02,57.57,37.83,0.8342,1,1
12,13,1143.65,382.47,107.20,84.47,0.8910,1,1
12,14,267.12,228.29,64.23,52.03,0.6950,1,1
12,15,713.68,161.09,27.57,20.15,0.5357,1,1
12,17,266.22,228.33,65.89,50.99,0.4374,1,1
12,25,688.92,202.41,74.07,84.87,0.9070,1,1
12,31,468.52,344.19,30.34,26.77,0.8046,1,1
12,32,1143.36,541.71,28.57,37.07,0.5636,1,1
12,33,923.07,1.15,21.13,15.52,0.7384,1,1
12,34,102.82,624.19,39.28,39.32,0.7387,1,1
13,1,449.13,428.42,81.29,96.09,0.9265,1,1
13,2,644.34,52.39,52.59,47.66,0.9136,1,1
13,3,446.80,145.31,54.95,44.15,0.8979,1,1
13,4,993.14,24.38,53.15,42.32,0.9194,1,1
13,5,295.86,254.65,38.05,47.43,0.8904,1,1
13,6,456.73,187.34,38.07,30.93,0.8682,1,1
13,7,653.94,87.93,37.51,38.83,0.8991,1,1
13,8,322.78,395.11,27.16,21.42,0.8365,1,1
13,9,1454.15,0.00,37.38,31.98,0.8479,1,1
13,11,1197.93,586.68,58.67,39.91,0.7685,1,1
13,13,1144.20,383.91,106.27,83.54,0.8846,1,1
13,14,267.20,228.03,64.07,51.94,0.6409,1,1
13,15,723.21,159.28,25.04,18.27,0.3445,1,1
13,16,851.23,155.45,72.29,62.34,0.3403,1,1
13,17,266.04,228.02,65.91,50.90,0.4190,1,1
13,19,1147.46,448.86,50.42,41.06,0.3697,1,1
13,25,689.17,202.97,73.86,84.67,0.9052,1,1
13,31,469.28,341.81,27.40,23.24,0.7837,1,1
13,32,1141.13,542.27,27.28,36.47,0.7135,1,1
13,33,924.01,0.80,21.49,15.66,0.8105,1,1
13,34,98.91,618.98,43.81,43.89,0.7433,1,1
13,35,1186.65,559.73,54.28,45.73,0.3599,1,1
13,42,513.43,329.09,27.82,53.28,0.2592,1,1
14,1,449.29,428.68,80.88,95.93,0.9269,1,1
14,2,644.52,52.54,52.51,47.78,0.9113,1,1
14,3,447.36,144.12,55.17,44.06,0.8954,1,1
14,4,992.15,23.74,55.98,42.98,0.9258,1,1
14,5,296.08,254.43,37.59,46.77,0.8890,1,1
14,6,455.60,186.78,39.24,32.91,0.8519,1,1
14,7,654.88,88.28,36.97,38.01,0.8991,1,1
14,8,321.18,391.92,32.60,24.35,0.8499,1,1
14,9,1454.67,0.00,36.97,31.75,0.8475,1,1
14,11,1196.79,584.78,62.12,43.96,0.7238,1,1
14,13,1143.76,385.25,106.65,82.62,0.8859,1,1
14,14,266.15,227.46,65.20,52.98,0.7073,1,1
14,15,726.23,158.39,24.96,18.38,0.5312,1,1
14,16,851.62,155.28,74.12,64.40,0.2728,1,1
14,17,265.53,227.94,66.41,51.12,0.3346,1,1
14,25,689.38,203.03,74.22,85.41,0.9068,1,1
14,31,467.82,337.46,30.88,26.84,0.7719,1,1
14,32,1142.74,541.87,27.49,36.23,0.6877,1,1
14,33,923.90,0.85,21.78,15.77,0.8207,1,1
14,34,101.53,619.22,42.58,43.37,0.7929,1,1
14,35,1187.41,557.66,45.32,39.52,0.5857,1,1
14,42,512.73,332.11,27.99,54.20,0.8395,1,1
15,1,449.57,428.56,80.80,96.10,0.9275,1,1
15,2,644.87,52.50,53.18,48.52,0.9112,1,1
15,3,447.71,142.93,54.99,44.38,0.8950,1,1
15,4,992.85,23.77,56.49,42.31,0.9220,1,1
15,5,293.90,254.37,39.20,46.81,0.8889,1,1
15,6,457.76,187.50,35.49,29.44,0.8477,1,1
15,7,655.41,88.51,36.50,37.62,0.9011,1,1
15,8,327.23,387.67,33.72,23.92,0.8461,1,1
15,9,1454.61,0.00,36.79,31.82,0.8544,1,1
15,11,1197.81,584.33,60.99,45.12,0.7683,1,1
15,13,1146.47,388.09,104.62,80.97,0.8590,1,1
15,14,266.23,227.23,65.08,52.93,0.6736,1,1
15,15,723.72,160.68,25.62,19.12,0.4577,1,1
15,16,852.60,154.96,72.91,66.90,0.7026,1,1
15,17,265.01,227.74,66.99,51.43,0.4253,1,1
15,25,689.60,203.52,74.50,85.12,0.9174,1,1
15,31,468.81,333.58,30.15,26.04,0.7191,1,1
15,32,1144.83,541.46,26.14,34.14,0.2813,1,1
15,33,923.91,0.72,22.02,15.88,0.8232,1,1
15,34,100.58,617.72,43.34,44.21,0.8111,1,1
15,35,1189.73,555.76,44.34,40.62,0.8384,1,1
15,42,514.31,337.88,27.23,51.39,0.8473,1,1
16,1,449.60,428.59,80.76,96.06,0.9279,1,1
16,2,644.90,52.50,53.13,48.53,0.9113,1,1
16,3,447.84,142.93,54.75,44.37,0.8943,1,1
16,4,992.65,23.78,56.90,42.29,0.9220,1,1
16,5,293.55,254.36,39.84,46.79,0.8891,1,1
16,6,457.73,187.47,35.57,29.26,0.8508,1,1
16,7,655.47,88.48,36.44,37.61,0.9009,1,1
16,8,327.03,387.64,34.45,23.80,0.8450,1,1
16,9,1454.67,-0.00,36.66,31.82,0.8543,1,1
16,11,1198.59,584.23,59.44,45.27,0.7644,1,1
16,13,1146.49,388.16,104.64,80.91,0.8572,1,1
16,14,266.28,227.22,65.01,52.91,0.6813,1,1
16,15,723.18,161.07,25.54,19.27,0.4526,1,1
16,16,853.53,154.91,71.05,67.02,0.6999,1,1
16,17,264.90,227.74,67.18,51.46,0.4193,1,1
16,25,689.53,203.53,74.65,85.10,0.9173,1,1
16,31,468.82,333.31,30.23,25.98,0.7175,1,1
16,32,1145.40,541.31,25.84,33.44,0.2788,1,1
16,33,923.87,0.72,22.08,15.89,0.8237,1,1
16,34,100.67,617.76,43.24,44.13,0.8019,1,1
16,35,1190.05,555.72,43.81,40.67,0.8382,1,1
16,42,514.19,337.99,27.52,51.36,0.8463,1,1
16,47,950.35,63.17,15.14,18.46,0.2949,1,1
16,48,697.25,171.47,35.90,18.73,0.5591,1,1
17,1,449.86,428.33,81.04,96.54,0.9275,1,1
17,2,645.94,52.59,52.72,47.92,0.9160,1,1
17,3,447.75,142.53,54.90,44.45,0.8957,1,1
17,4,993.99,24.00,56.17,40.65,0.9063,1,1
17,5,293.19,254.11,40.15,46.93,0.8874,1,1
17,6,457.99,187.25,34.71,27.85,0.8498,1,1
17,7,655.98,89.67,35.54,36.45,0.9039,1,1
17,8,329.59,383.41,39.73,29.27,0.8772,1,1
17,9,1454.59,0.00,36.60,31.75,0.8526,1,1
17,11,1203.53,585.63,54.97,46.68,0.8220,1,1
17,13,1146.14,387.23,106.78,83.82,0.8622,1,1
17,14,266.51,227.73,64.52,52.47,0.5483,1,1
17,15,723.10,162.05,24.13,19.08,0.7420,1,1
17,16,855.80,154.63,67.11,63.96,0.5879,1,1
17,17,264.79,227.65,67.51,52.07,0.3568,1,1
17,25,689.57,203.35,75.21,85.96,0.9091,1,1
17,31,468.86,330.57,30.73,27.17,0.8151,1,1
17,33,923.92,0.71,22.27,16.14,0.8318,1,1
17,34,99.88,617.15,44.10,44.80,0.8389,1,1
17,35,1192.39,554.16,44.07,40.59,0.8170,1,1
17,42,515.04,341.43,26.83,49.11,0.8524,1,1
17,47,951.69,64.64,15.77,19.20,0.5936,1,1
17,48,691.88,169.82,39.18,21.13,0.6178,1,1
18,1,449.95,428.14,81.10,96.77,0.9281,1,1
18,2,647.06,52.68,52.40,47.35,0.9144,1,1
18,3,448.25,142.41,54.96,44.84,0.8976,1,1
18,4,991.12,24.51,59.45,39.69,0.9046,1,1
18,5,293.01,253.63,40.43,47.45,0.8871,1,1
18,6,457.10,186.71,36.93,29.21,0.8370,1,1
18,7,657.83,88.53,36.27,37.48,0.8962,1,1
18,8,332.87,379.47,40.71,29.33,0.8446,1,1
18,9,1454.79,0.17,36.99,31.81,0.8477,1,1
18,11,1204.75,585.00,54.96,49.15,0.6769,1,1
18,13,1147.29,390.09,105.14,81.88,0.7464,1,1
18,14,265.83,227.04,65.72,53.56,0.4272,1,1
18,15,722.25,163.08,24.20,19.49,0.8142,1,1
18,16,859.92,154.24,61.56,59.10,0.5944,1,1
18,17,264.31,226.86,68.32,53.27,0.4331,1,1
18,25,689.77,204.12,75.27,85.75,0.9148,1,1
18,31,469.82,328.87,27.81,23.87,0.7630,1,1
18,33,923.85,0.74,22.58,16.29,0.8326,1,1
18,34,99.44,617.09,44.40,45.00,0.8719,1,1
18,35,1193.91,553.41,44.65,40.57,0.8358,1,1
18,42,515.08,344.43,26.71,48.59,0.8123,1,1
18,47,953.60,64.73,14.51,17.47,0.4333,1,1
18,48,688.95,168.20,43.22,25.58,0.6907,1,1
19,1,450.05,428.23,80.93,96.62,0.9273,1,1
19,2,648.13,52.63,52.07,48.14,0.9170,1,1
19,3,448.97,142.54,54.92,44.95,0.8972,1,1
19,4,993.50,24.59,58.04,38.30,0.8949,1,1
19,5,292.66,253.01,40.68,48.11,0.8877,1,1
19,6,457.76,187.72,35.86,27.96,0.8526,1,1
19,7,659.72,89.28,35.52,36.13,0.8946,1,1
19,8,333.13,375.34,42.25,29.90,0.8643,1,1
19,9,1454.56,0.07,37.41,31.98,0.8533,1,1
19,11,1205.13,584.68,54.24,50.25,0.5432,1,1
19,13,1148.62,391.87,104.51,80.56,0.7557,1,1
19,14,265.68,226.93,65.48,53.41,0.2921,1,1
19,15,718.23,162.54,25.67,20.62,0.7016,1,1
19,16,860.74,153.63,66.91,68.94,0.7548,1,1
19,17,264.53,226.77,67.31,53.13,0.5721,1,1
19,25,689.66,203.36,75.57,87.46,0.9104,1,1
19,31,467.48,327.86,29.87,25.54,0.7943,1,1
19,32,1148.82,539.42,24.34,30.84,0.3536,1,1
19,33,924.03,0.65,22.26,16.15,0.8256,1,1
19,34,99.25,616.68,44.56,45.17,0.8753,1,1
19,35,1191.56,550.86,46.99,41.64,0.8106,1,1
19,42,514.76,345.90,26.53,49.54,0.8147,1,1
19,47,955.27,64.75,14.00,16.33,0.5246,1,1
19,48,684.33,163.66,45.23,31.33,0.7280,1,1
19,49,992.51,48.48,24.06,29.99,0.7988,1,1
20,1,449.91,428.28,81.04,96.37,0.9273,1,1
20,2,648.95,52.91,52.17,48.44,0.9126,1,1
20,3,449.02,142.89,55.22,45.88,0.8980,1,1
20,4,994.53,24.99,56.59,36.91,0.8917,1,1
20,5,292.42,251.27,41.06,49.67,0.8840,1,1
20,6,457.78,188.91,35.67,27.11,0.8353,1,1
20,7,661.10,89.88,35.25,35.13,0.8963,1,1
20,8,339.01,368.71,43.81,31.43,0.8670,1,1
20,9,1454.48,0.15,37.58,32.09,0.8518,1,1
20,11,1207.96,586.30,48.69,48.78,0.7042,1,1
20,13,1148.56,392.40,105.62,81.10,0.7298,1,1
20,14,265.01,226.47,66.74,54.63,0.3099,1,1
20,15,716.79,162.36,27.84,23.16,0.5188,1,1
20,16,864.53,153.11,64.92,73.03,0.8393,1,1
20,17,264.08,226.35,68.04,54.55,0.5819,1,1
20,25,690.24,203.55,74.68,87.04,0.9118,1,1
20,31,466.58,328.03,29.69,25.25,0.7654,1,1
20,32,1149.49,538.68,25.78,31.32,0.5283,1,1
20,33,923.88,0.57,22.41,16.20,0.8288,1,1
20,34,99.23,616.47,44.64,45.09,0.8783,1,1
20,35,1190.39,550.38,47.74,41.51,0.8130,1,1
20,42,516.55,350.24,24.45,45.53,0.8375,1,1
20,47,954.78,65.41,15.42,18.12,0.3723,1,1
20,48,687.23,156.31,35.07,25.59,0.7146,1,1
20,49,993.62,48.21,24.91,30.46,0.8352,1,1
21,1,449.73,428.25,81.28,96.30,0.9274,1,1
21,2,649.96,52.96,51.61,48.51,0.9117,1,1
21,3,448.48,145.40,55.10,45.40,0.8987,1,1
21,4,997.64,25.04,54.53,36.12,0.8931,1,1
21,5,292.84,250.38,40.50,50.19,0.8878,1,1
21,6,457.20,189.71,36.77,27.63,0.8167,1,1
21,7,661.55,90.93,34.72,33.63,0.8887,1,1
21,8,343.00,368.07,41.23,27.76,0.8563,1,1
21,9,1454.50,0.18,37.65,32.02,0.8497,1,1
21,11,1212.14,588.28,41.14,46.33,0.8610,1,1
21,13,1148.50,393.24,106.77,82.21,0.6878,1,1
21,14,264.56,226.16,66.75,55.07,0.5442,1,1
21,15,714.91,162.23,28.88,25.11,0.4960,1,1
21,16,868.97,152.22,64.59,76.35,0.8551,1,1
21,17,263.93,226.12,68.42,55.21,0.3259,1,1
21,25,691.07,204.18,73.96,84.95,0.9108,1,1
21,31,464.39,328.56,29.83,25.33,0.7868,1,1
21,32,1150.65,538.81,26.52,30.85,0.6310,1,1
21,33,923.90,0.62,22.47,16.12,0.8246,1,1
21,34,99.88,616.79,43.88,43.81,0.8719,1,1
21,35,1188.82,550.14,48.83,42.23,0.6973,1,1
21,42,517.60,350.16,24.34,45.49,0.7925,1,1
21,48,687.82,148.46,37.22,29.83,0.7626,1,1
21,49,994.78,47.37,26.23,31.36,0.8448,1,1
22,1,449.68,428.25,81.38,96.33,0.9274,1,1
22,2,649.82,53.11,51.65,48.17,0.9119,1,1
22,3,448.38,145.43,55.28,45.39,0.8988,1,1
22,4,997.84,25.04,54.16,36.10,0.8933,1,1
22,5,293.09,250.35,40.06,50.19,0.8878,1,1
22,6,457.10,189.73,37.04,27.66,0.8205,1,1
22,7,661.24,90.94,35.20,33.58,0.8896,1,1
22,8,342.47,368.06,42.43,27.69,0.8564,1,1
22,9,1454.46,0.18,37.73,32.02,0.8497,1,1
22,11,1212.90,588.25,39.64,46.34,0.8590,1,1
22,13,1148.59,393.30,106.67,82.30,0.6877,1,1
22,14,264.68,226.16,66.40,55.11,0.5547,1,1
22,15,715.07,162.11,28.06,25.52,0.4917,1,1
22,16,869.72,152.19,63.27,76.44,0.8552,1,1
22,17,264.05,226.09,68.22,55.35,0.3006,1,1
22,25,690.90,204.21,74.30,84.91,0.9114,1,1
22,31,464.25,328.55,29.87,25.33,0.7825,1,1
22,32,1150.48,538.82,27.14,30.80,0.6277,1,1
22,33,923.85,0.62,22.57,16.13,0.8246,1,1
22,34,99.74,616.74,44.20,43.85,0.8723,1,1
22,35,1188.59,550.13,49.14,42.27,0.6987,1,1
22,42,517.69,350.16,24.26,45.49,0.7936,1,1
22,48,688.95,148.05,35.33,30.11,0.7659,1,1
22,49,994.66,47.35,26.52,31.38,0.8445,1,1
22,54,963.25,850.42,50.95,40.17,0.6515,1,1
23,1,449.08,428.22,81.59,96.42,0.9280,1,1
23,2,650.37,52.89,51.24,48.16,0.9116,1,1
23,3,448.46,146.81,54.85,45.19,0.9011,1,1
23,4,998.44,24.59,53.71,36.19,0.8989,1,1
23,5,292.98,249.49,39.90,50.89,0.8894,1,1
23,6,456.97,190.46,37.35,27.55,0.8717,1,1
23,7,661.53,90.80,35.48,33.70,0.8899,1,1
23,8,348.03,364.97,40.35,26.60,0.8600,1,1
23,9,1454.70,0.28,37.34,31.18,0.7801,1,1
23,11,1214.11,586.37,39.56,47.44,0.8384,1,1
23,13,1148.46,391.84,108.03,84.26,0.7849,1,1
23,14,264.05,226.20,66.62,55.56,0.5122,1,1
23,16,873.99,151.19,61.73,73.35,0.8631,1,1
23,25,690.66,204.89,74.26,84.65,0.9178,1,1
23,31,461.09,328.38,32.25,28.46,0.8290,1,1
23,32,1150.23,539.29,27.04,30.03,0.7624,1,1
23,33,923.76,0.49,22.76,16.13,0.8195,1,1
23,34,98.16,615.98,44.46,43.88,0.8801,1,1
23,42,518.57,351.07,23.35,43.28,0.7810,1,1
23,48,691.93,144.82,35.74,29.43,0.6619,1,1
23,49,995.82,47.76,26.79,31.28,0.8069,1,1
23,54,962.63,852.96,51.20,39.70,0.4219,1,1
23,55,733.02,1042.76,58.09,37.19,0.3448,1,1
23,58,917.05,761.26,23.59,32.34,0.7577,1,1
24,1,448.75,428.68,81.37,95.78,0.9259,1,1
24,2,650.34,52.91,51.17,48.34,0.9170,1,1
24,3,448.18,148.21,54.42,44.38,0.9035,1,1
24,4,998.99,24.33,53.55,35.93,0.8881,1,1
24,5,292.35,247.88,40.57,52.78,0.8885,1,1
24,6,457.35,191.56,36.82,27.12,0.8799,1,1
24,7,662.12,90.93,35.08,33.45,0.8838,1,1
24,8,349.91,362.64,39.74,26.01,0.8339,1,1
24,9,1454.09,0.20,37.88,31.29,0.7735,1,1
24,11,1216.86,581.25,38.56,49.79,0.8493,1,1
24,13,1150.20,392.38,106.85,84.94,0.8910,1,1
24,14,263.87,226.33,66.85,56.01,0.4757,1,1
24,16,878.04,149.54,61.40,73.47,0.7642,1,1
24,25,691.09,204.82,74.55,83.93,0.9143,1,1
24,31,459.40,328.30,31.85,28.82,0.8468,1,1
24,32,1150.44,539.39,27.03,29.77,0.7707,1,1
24,33,923.72,0.54,22.82,16.08,0.8203,1,1
24,34,95.10,612.55,44.97,46.04,0.8725,1,1
24,42,518.40,350.93,23.08,43.39,0.7798,1,1
24,48,694.79,144.87,31.15,25.45,0.6948,1,1
24,49,995.66,47.91,27.33,31.80,0.7780,1,1
24,54,964.34,854.39,50.16,37.95,0.5508,1,1
24,58,916.71,762.57,23.98,32.13,0.8461,1,1
24,59,117.64,786.63,23.05,41.08,0.7051,1,1
25,1,448.48,429.01,81.33,96.44,0.9271,1,1
25,2,650.06,52.87,51.13,48.34,0.9173,1,1
25,3,447.22,148.31,55.04,44.39,0.9053,1,1
25,4,998.76,24.05,54.78,37.09,0.8949,1,1
25,5,292.50,247.94,40.09,52.71,0.8877,1,1
25,6,457.33,191.39,36.57,27.48,0.8686,1,1
25,7,662.19,91.20,34.64,33.52,0.8939,1,1
25,8,352.67,362.58,39.91,25.55,0.8120,1,1
25,9,1453.65,0.17,38.34,31.46,0.7538,1,1
25,11,1217.22,578.92,39.05,51.20,0.5642,1,1
25,13,1150.93,393.21,105.95,84.63,0.9076,1,1
25,14,263.25,225.33,66.38,56.02,0.4472,1,1
25,16,881.70,147.80,61.66,74.93,0.8728,1,1
25,25,691.35,205.01,74.56,83.53,0.9167,1,1
25,31,458.93,328.53,32.55,29.72,0.8476,1,1
25,32,1150.74,540.44,27.05,29.30,0.7290,1,1
25,33,923.73,0.56,22.92,16.01,0.8224,1,1
25,34,93.21,611.31,44.93,46.31,0.3381,1,1
25,42,517.64,346.35,24.38,46.24,0.6554,1,1
25,48,696.25,146.58,28.68,26.84,0.8335,1,1
25,49,994.92,48.23,26.42,32.02,0.8363,1,1
25,54,961.22,854.34,53.88,38.24,0.7053,1,1
25,58,916.57,765.12,24.55,32.65,0.8401,1,1
25,59,115.32,792.17,22.65,38.41,0.8264,1,1
25,61,72.45,443.71,34.36,38.44,0.3792,1,1
26,1,448.29,428.98,81.08,96.94,0.9273,1,1
26,2,649.40,52.84,51.57,48.41,0.9216,1,1
26,3,446.90,148.41,55.03,44.39,0.9065,1,1
26,4,998.60,23.65,54.61,37.37,0.9115,1,1
26,5,292.11,248.11,39.82,52.07,0.8887,1,1
26,6,457.06,191.28,36.25,27.55,0.8662,1,1
26,7,663.71,90.99,33.85,33.55,0.8886,1,1
26,8,352.95,363.59,41.85,26.45,0.8346,1,1
26,9,1452.77,0.25,38.49,31.66,0.7493,1,1
26,11,1220.92,575.69,34.45,46.64,0.6367,1,1
26,13,1151.79,393.18,105.94,84.27,0.9176,1,1
26,14,263.22,224.96,66.18,56.17,0.4283,1,1
26,16,885.72,146.12,61.72,75.79,0.8817,1,1
26,25,691.45,204.73,74.77,84.38,0.9179,1,1
26,31,458.72,328.72,32.55,29.89,0.7806,1,1
26,32,1151.67,540.44,27.57,29.49,0.6691,1,1
26,33,923.59,0.54,23.24,16.09,0.8203,1,1
26,34,89.19,609.05,45.77,49.16,0.5971,1,1
26,42,517.16,338.46,25.02,47.41,0.8128,1,1
26,48,698.51,151.11,24.31,22.45,0.8346,1,1
26,49,995.78,49.44,26.27,31.27,0.7642,1,1
26,54,958.16,852.25,58.24,38.55,0.8298,1,1
26,58,916.20,766.01,25.19,33.76,0.6944,1,1
26,59,111.55,793.95,25.26,44.32,0.7369,1,1
26,61,72.45,443.62,34.38,38.47,0.3128,1,1
26,63,828.68,226.09,33.74,28.25,0.7752,1,1
27,1,448.28,428.96,81.37,97.42,0.9280,1,1
27,2,649.59,52.88,51.14,47.18,0.9175,1,1
27,3,445.90,147.90,55.20,44.61,0.9086,1,1
27,4,998.55,24.04,54.12,35.93,0.9142,1,1
27,5,292.27,248.22,39.72,52.00,0.8896,1,1
27,6,456.15,190.91,36.34,27.56,0.8716,1,1
27,7,664.52,90.72,32.77,33.52,0.8918,1,1
27,8,351.80,364.25,41.63,27.05,0.8353,1,1
27,9,1452.88,0.06,38.56,31.60,0.7667,1,1
27,11,1220.10,573.61,33.72,47.62,0.6563,1,1
27,13,1151.54,392.72,106.40,84.23,0.9170,1,1
27,14,263.30,224.84,65.71,56.15,0.5170,1,1
27,16,890.90,144.21,61.17,74.66,0.8840,1,1
27,25,691.06,204.20,74.98,85.70,0.9176,1,1
27,31,459.59,329.41,31.57,29.21,0.8183,1,1
27,33,923.68,0.52,23.36,16.10,0.8129,1,1
27,34,91.39,608.41,41.67,51.47,0.8273,1,1
27,42,518.63,327.63,24.17,46.74,0.8467,1,1
27,48,700.47,153.75,24.19,21.98,0.5616,1,1
27,49,995.62,49.49,26.12,31.58,0.7830,1,1
27,54,957.05,850.59,54.56,36.42,0.8556,1,1
27,55,726.74,1041.09,63.43,38.91,0.6823,1,1
27,58,916.28,769.59,23.87,32.00,0.7024,1,1
27,59,110.14,795.95,24.52,42.95,0.8122,1,1
27,61,72.47,443.58,34.41,38.50,0.2938,1,1
27,63,830.42,213.32,37.86,34.25,0.7006,1,1
28,1,448.29,428.95,81.33,97.45,0.9282,1,1
28,2,649.45,52.89,51.41,47.17,0.9175,1,1
28,3,445.91,147.91,55.16,44.59,0.9085,1,1
28,4,998.31,24.04,54.61,35.91,0.9141,1,1
28,5,292.30,248.23,39.69,51.98,0.8893,1,1
28,6,456.11,190.90,36.38,27.57,0.8716,1,1
28,7,664.73,90.73,32.35,33.51,0.8918,1,1
28,8,352.07,364.27,41.02,27.07,0.8353,1,1
28,9,1452.84,0.05,38.66,31.61,0.7687,1,1
28,11,1220.51,573.36,32.67,47.79,0.6483,1,1
28,13,1151.47,392.71,106.58,84.22,0.9181,1,1
28,14,263.47,224.89,65.29,56.07,0.5107,1,1
28,16,890.94,144.20,61.27,74.62,0.8846,1,1
28,25,691.21,204.20,74.68,85.69,0.9176,1,1
28,31,459.69,329.44,31.40,29.17,0.8203,1,1
28,33,923.65,0.52,23.43,16.11,0.8131,1,1
28,34,92.72,608.45,39.06,51.50,0.8318,1,1
28,42,518.76,327.50,23.94,46.64,0.8482,1,1
28,48,700.61,154.19,24.53,21.90,0.5636,1,1
28,49,995.75,49.51,25.84,31.57,0.7830,1,1
28,54,957.11,850.55,54.30,36.38,0.8556,1,1
28,55,725.93,1041.06,64.85,38.94,0.6840,1,1
28,58,916.28,769.84,23.76,31.86,0.7024,1,1
28,59,110.14,796.16,24.42,42.74,0.8101,1,1
28,61,72.45,443.56,34.43,38.52,0.2804,1,1
28,63,831.74,212.22,35.79,34.79,0.7006,1,1
28,65,63.01,581.18,29.99,29.81,0.3040,1,1
29,1,448.22,428.96,81.07,97.47,0.9292,1,1
29,2,649.23,52.88,51.64,47.21,0.9188,1,1
29,3,444.94,147.64,55.58,44.37,0.9077,1,1
29,4,998.81,24.37,55.58,36.64,0.9120,1,1
29,5,293.05,247.99,39.15,51.93,0.8918,1,1
29,6,454.43,188.89,37.93,28.89,0.8821,1,1
29,7,664.94,90.67,32.02,33.24,0.8890,1,1
29,8,352.05,365.83,41.08,26.62,0.8616,1,1
29,9,1452.83,0.11,38.59,31.43,0.7803,1,1
29,11,1220.78,573.86,30.86,47.26,0.6895,1,1
29,13,1151.63,392.83,106.66,83.38,0.8959,1,1
29,14,263.63,224.87,64.94,56.10,0.5577,1,1
29,16,895.12,143.11,62.25,72.46,0.8926,1,1
29,25,691.34,203.58,74.24,86.43,0.9063,1,1
29,31,463.93,330.45,31.09,28.12,0.7678,1,1
29,32,1152.72,539.79,27.19,28.97,0.2871,1,1
29,33,923.66,0.50,23.34,16.10,0.8104,1,1
29,42,518.85,316.32,24.48,46.91,0.8355,1,1
29,48,700.64,156.66,24.57,21.73,0.3117,1,1
29,49,996.53,49.93,24.69,31.09,0.8296,1,1
29,54,957.90,849.91,55.43,36.98,0.5579,1,1
29,55,727.80,1040.55,66.90,39.45,0.8028,1,1
29,58,915.50,770.10,23.57,32.31,0.6973,1,1
29,59,109.25,797.69,24.27,41.77,0.8104,1,1
29,63,838.29,208.02,31.56,37.95,0.8048,1,1
30,1,448.25,429.74,80.14,96.86,0.9298,1,1
30,2,649.45,52.86,51.65,47.07,0.9174,1,1
30,3,443.81,146.47,56.05,44.96,0.9065,1,1
30,4,998.94,25.04,56.49,37.39,0.9192,1,1
30,5,292.71,247.68,39.40,52.37,0.8916,1,1
30,6,453.91,189.01,37.97,28.95,0.8796,1,1
30,7,665.26,90.57,31.84,33.23,0.8861,1,1
30,8,350.51,365.89,42.03,26.89,0.8376,1,1
30,9,1452.30,0.06,38.79,31.78,0.7575,1,1
30,11,1220.09,576.20,29.96,46.84,0.6169,1,1
30,13,1152.71,394.50,105.54,80.84,0.8864,1,1
30,14,263.59,224.86,64.82,56.23,0.5499,1,1
30,16,899.07,142.45,63.18,70.58,0.8861,1,1
30,25,692.29,203.09,72.53,82.55,0.9143,1,1
30,31,469.06,330.79,29.93,28.15,0.8181,1,1
30,33,923.94,0.71,23.18,15.85,0.7876,1,1
30,42,515.91,305.06,25.40,44.49,0.8571,1,1
30,49,996.84,49.68,24.57,32.37,0.8283,1,1
30,54,952.34,848.58,60.02,39.32,0.5951,1,1
30,55,726.66,1039.54,70.62,40.46,0.8245,1,1
30,58,914.65,771.36,23.28,32.51,0.5588,1,1
30,59,107.93,797.36,25.12,42.93,0.7487,1,1
31,1,448.20,429.82,80.17,96.83,0.9296,1,1
31,2,650.04,52.70,51.72,47.36,0.9151,1,1
31,3,442.94,145.37,56.11,45.38,0.9108,1,1
31,4,999.19,25.07,56.36,38.07,0.9177,1,1
31,5,292.76,247.04,39.52,52.97,0.8890,1,1
31,6,452.18,188.16,38.46,29.39,0.8816,1,1
31,7,666.04,89.26,31.56,33.97,0.8791,1,1
31,8,350.27,365.00,42.38,27.75,0.8143,1,1
31,9,1452.35,0.10,38.64,31.82,0.7510,1,1
31,11,1219.25,578.94,30.15,48.30,0.5972,1,1
31,13,1151.14,392.09,107.85,81.69,0.8961,1,1
31,14,263.67,224.72,64.64,56.32,0.6044,1,1
31,16,903.17,141.83,61.62,67.07,0.7590,1,1
31,25,691.93,202.53,73.14,82.46,0.9198,1,1
31,31,473.89,330.86,25.33,23.17,0.7750,1,1
31,33,923.64,0.69,23.20,15.84,0.7868,1,1
31,42,514.64,299.62,26.51,42.82,0.8640,1,1
31,49,997.66,48.77,24.10,33.37,0.8412,1,1
31,54,945.70,848.19,63.61,41.62,0.5346,1,1
31,55,724.00,1039.44,74.15,40.30,0.7844,1,1
31,59,106.89,794.99,25.18,43.19,0.5423,1,1
32,1,448.22,429.28,80.40,97.16,0.9303,1,1
32,2,650.80,52.71,52.22,48.04,0.9119,1,1
32,3,442.27,143.79,56.27,45.45,0.9110,1,1
32,4,999.21,25.39,56.18,38.00,0.9187,1,1
32,5,293.04,247.22,39.38,53.02,0.8895,1,1
32,6,450.80,186.47,38.81,29.85,0.8804,1,1
32,7,666.42,88.60,32.00,34.16,0.8811,1,1
32,8,351.25,364.84,42.30,28.15,0.8037,1,1
32,9,1452.30,0.04,38.53,31.83,0.7429,1,1
32,13,1151.42,391.54,108.21,81.05,0.8741,1,1
32,14,263.80,224.61,64.49,56.35,0.5871,1,1
32,16,905.52,140.71,62.93,66.18,0.8779,1,1
32,25,691.65,201.42,73.23,82.61,0.9177,1,1
32,31,479.57,327.45,25.82,22.66,0.5586,1,1
32,33,923.60,0.67,23.10,15.76,0.7739,1,1
32,35,1194.50,549.67,48.15,40.56,0.5396,1,1
32,42,517.13,300.95,23.04,35.38,0.7931,1,1
32,48,703.63,157.60,26.27,21.94,0.7418,1,1
32,49,998.31,49.95,23.49,32.78,0.7847,1,1
32,54,941.55,848.59,61.73,40.15,0.3730,1,1
32,55,723.89,1040.51,74.13,39.32,0.7298,1,1
32,59,106.12,793.99,25.42,43.77,0.5813,1,1
32,67,101.70,610.19,43.95,44.48,0.6397,1,1
33,1,447.92,429.27,79.93,97.13,0.9294,1,1
33,2,652.13,52.56,51.73,47.25,0.9136,1,1
33,3,441.81,143.13,55.42,45.03,0.9118,1,1
33,4,999.34,25.57,55.89,37.82,0.9161,1,1
33,5,293.82,246.84,38.97,53.43,0.8889,1,1
33,6,450.37,185.79,38.41,29.60,0.8825,1,1
33,7,666.21,88.52,32.79,34.28,0.8963,1,1
33,8,349.88,364.31,42.48,29.05,0.8256,1,1
33,9,1452.35,0.05,38.41,31.79,0.7402,1,1
33,11,1218.07,579.61,30.38,48.97,0.3203,1,1
33,13,1151.85,391.26,108.20,80.74,0.8927,1,1
33,14,263.63,224.21,64.94,56.87,0.4628,1,1
33,16,907.43,138.55,65.20,68.37,0.8414,1,1
33,25,690.27,200.14,75.43,88.14,0.8869,1,1
33,31,481.13,325.03,29.86,22.89,0.7348,1,1
33,33,923.55,0.69,23.09,15.66,0.7714,1,1
33,35,1194.12,549.64,49.39,41.25,0.7008,1,1
33,42,516.60,308.30,23.11,31.83,0.7771,1,1
33,48,698.70,155.95,26.62,22.39,0.3502,1,1
33,49,998.58,50.75,23.50,32.77,0.7313,1,1
33,54,940.75,848.76,60.43,39.25,0.2881,1,1
33,55,723.77,1041.84,72.89,38.14,0.7101,1,1
33,59,103.86,795.01,24.79,42.24,0.6117,1,1
33,69,724.11,141.90,32.57,20.92,0.7611,1,1
34,1,447.97,429.34,79.77,97.06,0.9295,1,1
34,2,652.08,52.56,51.85,47.24,0.9136,1,1
34,3,441.92,143.21,55.25,44.96,0.9128,1,1
34,4,999.34,25.57,55.88,37.83,0.9161,1,1
34,5,293.89,246.95,38.65,53.38,0.8899,1,1
34,6,450.37,185.77,38.38,29.61,0.8828,1,1
34,7,666.10,88.54,33.02,34.26,0.8962,1,1
34,8,350.15,364.29,41.90,29.09,0.8251,1,1
34,9,1452.38,0.07,38.34,31.77,0.7357,1,1
34,11,1217.89,578.74,30.88,50.37,0.3067,1,1
34,13,1151.75,391.21,108.42,80.80,0.8915,1,1
34,14,263.76,224.33,64.71,56.76,0.4691,1,1
34,16,907.42,138.51,65.35,68.41,0.8421,1,1
34,25,690.89,200.13,74.16,88.27,0.8874,1,1
34,31,480.05,324.90,32.37,22.89,0.7328,1,1
34,33,923.50,0.69,23.19,15.66,0.7706,1,1
34,35,1193.97,549.61,49.81,41.49,0.6917,1,1
34,42,515.77,308.59,24.77,31.73,0.7764,1,1
34,48,697.27,155.45,26.59,22.53,0.3485,1,1
34,49,998.59,50.80,23.52,32.77,0.7313,1,1
34,54,940.60,848.84,60.11,38.99,0.2840,1,1
34,55,723.28,1041.95,73.53,38.05,0.7002,1,1
34,59,103.52,795.03,24.99,42.28,0.6044,1,1
34,69,724.24,141.85,31.94,20.90,0.7614,1,1
35,1,447.50,429.46,79.25,96.92,0.9266,1,1
35,2,652.65,52.17,52.23,47.83,0.9118,1,1
35,3,441.81,142.31,54.88,43.78,0.9149,1,1
35,4,999.10,25.38,56.49,38.16,0.9164,1,1
35,5,294.09,246.49,38.61,53.42,0.8864,1,1
35,6,450.06,184.34,38.00,29.80,0.8838,1,1
35,7,665.57,88.41,33.82,34.09,0.9014,1,1
35,8,350.08,364.70,41.39,29.30,0.8310,1,1
35,9,1452.46,0.06,38.30,31.73,0.7389,1,1
35,13,1151.93,390.33,108.97,81.30,0.8989,1,1
35,14,263.77,224.05,64.64,56.86,0.5509,1,1
35,16,909.67,136.22,69.24,71.82,0.7962,1,1
35,25,690.35,199.26,74.29,88.53,0.8817,1,1
35,31,479.67,323.35,37.85,24.53,0.8237,1,1
35,33,923.30,0.75,23.47,15.76,0.7792,1,1
35,35,1194.19,550.24,49.37,40.20,0.7551,1,1
35,48,696.66,151.97,26.93,22.88,0.4313,1,1
35,49,998.90,51.20,23.51,32.68,0.7209,1,1
35,54,941.48,848.43,57.79,38.88,0.7795,1,1
35,55,725.30,1042.96,70.99,37.04,0.3774,1,1
35,59,102.43,799.63,22.02,36.56,0.5275,1,1
35,69,720.79,138.63,31.20,21.73,0.8201,1,1
36,1,446.96,429.43,78.29,97.06,0.9250,1,1
36,2,652.94,51.72,52.82,49.00,0.9066,1,1
36,3,440.86,141.69,55.62,43.79,0.9104,1,1
36,4,998.94,25.29,57.08,38.61,0.9151,1,1
36,5,293.92,246.70,38.74,53.52,0.8862,1,1
36,6,449.51,182.60,38.95,30.62,0.8639,1,1
36,7,664.81,89.01,34.68,33.78,0.8934,1,1
36,8,348.64,365.11,42.27,28.62,0.8461,1,1
36,9,1452.55,0.03,38.44,31.76,0.7634,1,1
36,11,1216.84,578.28,30.66,47.83,0.2619,1,1
36,13,1152.44,389.98,108.77,81.45,0.9038,1,1
36,14,263.88,224.13,64.45,56.79,0.5156,1,1
36,16,912.48,135.57,68.89,71.58,0.8099,1,1
36,25,688.96,198.85,75.62,92.71,0.8979,1,1
36,31,482.45,323.23,38.81,25.72,0.8663,1,1
36,33,923.11,0.68,23.71,15.76,0.7733,1,1
36,48,697.45,146.76,26.36,23.00,0.5036,1,1
36,49,999.38,51.05,23.85,33.10,0.7484,1,1
36,54,941.77,847.94,57.69,38.98,0.7393,1,1
36,55,726.37,1046.03,63.77,33.97,0.5856,1,1
36,69,717.27,137.62,28.71,19.97,0.2814,1,1
37,1,447.00,429.80,77.66,97.03,0.9220,1,1
37,2,653.32,51.70,52.50,48.76,0.9053,1,1
37,3,440.27,138.98,56.59,45.26,0.8980,1,1
37,4,998.96,25.47,57.00,38.34,0.9141,1,1
37,5,293.23,246.73,39.31,53.97,0.8896,1,1
37,6,449.55,181.20,38.58,30.71,0.8736,1,1
37,7,664.08,89.13,35.82,33.96,0.8954,1,1
37,8,345.72,366.12,44.65,27.58,0.8433,1,1
37,9,1453.03,0.05,38.49,31.47,0.7075,1,1
37,13,1153.35,389.38,107.89,81.77,0.9128,1,1
37,14,264.08,224.08,64.26,56.67,0.5468,1,1
37,16,912.69,134.02,67.49,72.09,0.8303,1,1
37,25,687.87,197.59,76.17,95.32,0.9031,1,1
37,31,483.19,322.33,38.67,26.08,0.6801,1,1
37,32,1154.35,537.52,29.31,31.85,0.4185,1,1
37,33,923.01,0.72,23.84,15.75,0.7729,1,1
37,35,1193.46,549.56,48.33,38.99,0.4442,1,1
37,48,696.29,146.79,23.04,19.96,0.2862,1,1
37,49,999.46,50.97,24.20,33.54,0.7333,1,1
37,54,940.06,847.47,59.28,39.73,0.6666,1,1
37,55,727.34,1046.20,61.80,33.80,0.6062,1,1
37,67,114.11,612.24,36.96,36.39,0.3086,1,1
37,69,714.24,137.81,27.26,19.26,0.7322,1,1
37,72,962.76,101.29,15.60,25.67,0.8075,1,1
37,74,866.66,205.33,19.25,25.56,0.6694,1,1
38,1,446.85,429.92,77.55,96.81,0.9216,1,1
38,2,653.31,51.68,52.92,49.17,0.9059,1,1
38,3,439.71,137.59,56.84,45.83,0.9053,1,1
38,4,999.51,26.03,56.70,37.15,0.9140,1,1
38,5,293.74,246.60,38.74,52.55,0.8894,1,1
38,6,449.02,178.55,39.32,32.63,0.9039,1,1
38,7,663.71,88.84,36.45,34.29,0.8961,1,1
38,8,351.11,364.34,41.78,25.85,0.8545,1,1
38,9,1452.91,0.06,38.60,31.35,0.6969,1,1
38,13,1153.97,389.36,106.82,81.25,0.9073,1,1
38,14,264.38,224.34,64.01,56.42,0.5915,1,1
38,16,915.24,133.56,63.93,68.74,0.7962,1,1
38,25,687.29,197.12,76.71,93.22,0.8998,1,1
38,31,484.76,321.79,38.64,26.26,0.3411,1,1
38,32,1154.11,537.89,29.10,32.07,0.5576,1,1
38,33,922.93,0.79,23.91,15.77,0.7675,1,1
38,35,1193.45,549.74,48.77,38.51,0.5762,1,1
38,48,694.61,147.31,22.09,19.27,0.3129,1,1
38,49,999.42,51.12,23.91,33.32,0.7449,1,1
38,55,726.88,1044.93,62.01,34.87,0.4885,1,1
38,69,711.70,139.44,27.57,19.37,0.8058,1,1
38,72,964.09,102.48,16.04,26.38,0.7016,1,1
39,1,446.79,429.85,77.22,96.92,0.9219,1,1
39,2,653.57,51.61,52.18,47.74,0.9042,1,1
39,3,438.60,133.35,57.94,48.93,0.8986,1,1
39,4,999.41,26.20,56.55,36.98,0.9193,1,1
39,5,293.48,246.55,38.92,52.51,0.8890,1,1
39,6,448.35,177.33,39.19,33.08,0.9036,1,1
39,7,663.08,87.54,37.31,35.73,0.8938,1,1
39,8,348.41,362.76,42.93,25.50,0.7985,1,1
39,9,1452.90,0.00,38.97,31.39,0.8195,1,1
39,13,1154.09,388.43,106.41,81.48,0.9111,1,1
39,14,264.36,224.34,64.01,56.40,0.5955,1,1
39,16,916.41,133.40,63.66,69.14,0.8446,1,1
39,25,685.99,196.08,77.80,93.69,0.7981,1,1
39,32,1154.44,538.18,28.99,32.16,0.6415,1,1
39,33,923.04,0.89,23.84,15.75,0.7796,1,1
39,35,1193.67,550.20,48.78,37.97,0.5461,1,1
39,48,694.29,148.36,21.80,18.83,0.5097,1,1
39,49,999.51,51.09,23.64,33.01,0.6986,1,1
39,55,725.51,1043.53,63.31,36.43,0.4107,1,1
39,69,711.40,141.11,28.32,20.54,0.7515,1,1
39,72,964.41,103.26,15.73,26.02,0.4863,1,1
39,78,546.10,324.91,24.76,40.55,0.8501,1,1
40,1,446.85,429.80,77.08,96.95,0.9220,1,1
40,2,653.44,51.60,52.46,47.72,0.9042,1,1
40,3,439.04,133.16,56.99,49.11,0.8985,1,1
40,4,999.39,26.20,56.59,37.00,0.9193,1,1
40,5,293.53,246.56,38.94,52.40,0.8884,1,1
40,6,448.45,177.29,38.98,33.10,0.9029,1,1
40,7,663.20,87.51,37.06,35.76,0.8936,1,1
40,8,347.72,362.71,44.15,25.48,0.7995,1,1
40,9,1452.84,-0.00,39.11,31.40,0.8192,1,1
40,13,1154.21,388.44,106.17,81.46,0.9108,1,1
40,14,264.34,224.36,64.03,56.39,0.5905,1,1
40,16,916.56,133.41,63.36,69.11,0.8441,1,1
40,25,685.66,196.04,78.43,93.69,0.7974,1,1
40,32,1154.56,538.35,29.00,31.95,0.6622,1,1
40,33,923.06,0.89,23.82,15.75,0.7798,1,1
40,35,1193.49,550.28,49.05,37.83,0.5051,1,1
40,48,694.16,148.51,21.92,18.79,0.5158,1,1
40,49,999.54,51.12,23.57,32.97,0.6977,1,1
40,55,725.81,1043.22,62.46,36.77,0.4136,1,1
40,69,711.74,141.16,27.76,20.64,0.7507,1,1
40,72,964.48,103.41,15.59,25.93,0.4836,1,1
40,78,546.29,324.93,24.39,40.52,0.8502,1,1
41,1,446.91,429.59,76.77,96.93,0.9202,1,1
41,2,652.71,51.94,52.18,47.63,0.9047,1,1
41,3,439.62,132.42,56.02,48.24,0.8937,1,1
41,4,999.58,26.31,56.97,37.09,0.9208,1,1
41,5,293.09,246.44,39.44,52.96,0.8870,1,1
41,6,448.17,176.52,39.34,33.70,0.8981,1,1
41,7,663.31,86.73,37.15,36.66,0.8920,1,1
41,8,345.53,361.44,46.20,26.25,0.7236,1,1
41,9,1453.18,0.00,38.93,31.10,0.7835,1,1
41,13,1153.01,386.84,106.96,81.86,0.9065,1,1
41,14,264.30,224.41,63.90,56.28,0.5840,1,1
41,16,917.88,133.41,62.38,67.51,0.8008,1,1
41,25,685.76,196.49,77.51,91.66,0.8707,1,1
41,32,1154.71,538.93,28.56,31.39,0.5921,1,1
41,33,923.19,0.88,23.91,15.72,0.7748,1,1
41,35,1193.55,550.37,49.40,37.61,0.4091,1,1
41,49,999.66,51.79,23.56,32.88,0.6701,1,1
41,55,722.88,1040.98,64.79,39.02,0.4756,1,1
41,69,708.08,143.78,29.43,20.89,0.7022,1,1
41,72,965.22,106.45,14.63,24.20,0.2784,1,1
41,78,545.98,324.11,25.05,43.83,0.8521,1,1
41,81,613.75,372.03,33.68,34.07,0.5830,1,1
42,1,446.22,428.60,76.45,97.33,0.9218,1,1
42,2,652.38,52.38,51.86,47.53,0.9039,1,1
42,3,438.76,131.51,56.58,48.29,0.9074,1,1
42,4,999.53,26.27,57.20,36.93,0.9219,1,1
42,5,292.89,246.61,39.63,52.94,0.8858,1,1
42,6,447.16,176.11,39.52,34.48,0.9036,1,1
42,7,664.38,85.77,36.31,37.57,0.8910,1,1
42,8,347.93,356.78,45.83,26.46,0.4819,1,1
42,9,1453.38,-0.00,39.75,31.38,0.7956,1,1
42,13,1151.90,385.05,108.19,83.68,0.9081,1,1
42,14,264.33,224.41,63.90,56.24,0.6124,1,1
42,16,919.45,132.35,61.55,65.71,0.7965,1,1
42,25,685.55,196.50,76.78,90.59,0.9203,1,1
42,32,1154.59,539.35,28.77,30.98,0.6702,1,1
42,33,923.21,0.94,24.05,15.79,0.7763,1,1
42,35,1193.39,550.13,49.91,37.46,0.3475,1,1
42,49,999.91,52.24,23.72,32.76,0.6984,1,1
42,55,723.31,1040.34,64.51,39.66,0.3703,1,1
42,69,709.08,148.11,29.59,20.92,0.2822,1,1
42,72,965.40,108.89,13.55,22.05,0.4388,1,1
42,78,545.94,323.58,24.56,44.51,0.8392,1,1
43,1,446.73,428.70,75.55,96.29,0.9179,1,1
43,2,652.44,52.32,51.31,46.66,0.9035,1,1
43,3,438.20,129.52,57.13,49.09,0.9150,1,1
43,4,999.27,26.28,56.92,36.48,0.9197,1,1
43,5,292.95,246.55,39.61,52.79,0.8847,1,1
43,6,447.55,175.01,39.18,34.16,0.9087,1,1
43,7,663.36,85.73,36.65,37.75,0.8922,1,1
43,8,348.28,352.34,47.13,28.45,0.5693,1,1
43,9,1453.16,-0.00,40.17,31.55,0.8299,1,1
43,13,1151.94,384.21,107.65,83.94,0.9105,1,1
43,14,264.34,224.16,64.09,56.43,0.6825,1,1
43,16,919.38,131.60,62.42,66.36,0.7493,1,1
43,25,685.57,197.40,76.69,89.49,0.9359,1,1
43,32,1153.88,539.50,29.00,30.86,0.5900,1,1
43,33,923.21,1.04,23.85,15.58,0.7782,1,1
43,49,999.84,52.96,23.59,32.30,0.6913,1,1
43,72,963.89,109.44,13.64,21.57,0.4469,1,1
43,78,546.38,324.56,23.96,44.35,0.8533,1,1
43,82,487.09,320.51,35.78,28.07,0.5706,1,1
44,1,447.07,427.20,75.79,96.69,0.9164,1,1
44,2,652.39,52.33,51.58,46.91,0.9034,1,1
44,3,437.81,127.55,57.07,50.28,0.9156,1,1
44,4,999.32,26.04,56.50,36.12,0.9166,1,1
44,5,293.27,246.80,39.30,52.40,0.8842,1,1
44,6,447.34,173.67,39.69,34.69,0.9112,1,1
44,7,663.20,85.87,36.68,37.86,0.8955,1,1
44,9,1453.39,-0.00,39.97,31.12,0.8147,1,1
44,13,1151.69,383.78,107.06,83.62,0.9122,1,1
44,14,264.48,224.36,63.84,56.21,0.6638,1,1
44,16,920.12,131.05,61.70,65.47,0.6771,1,1
44,25,685.83,198.04,76.82,89.12,0.9322,1,1
44,32,1153.28,539.54,29.07,30.78,0.4208,1,1
44,33,923.63,1.09,23.90,15.51,0.7605,1,1
44,35,1191.74,549.20,53.21,39.53,0.3574,1,1
44,49,1000.32,53.11,23.02,31.23,0.3867,1,1
44,54,936.78,849.95,62.29,44.27,0.5823,1,1
44,78,545.78,324.59,23.90,44.22,0.8324,1,1
44,82,485.90,319.78,37.15,29.40,0.5354,1,1
44,83,710.30,157.76,35.25,20.56,0.8226,1,1
44,84,112.87,615.68,45.14,32.21,0.5155,1,1
44,85,95.15,780.44,36.34,38.32,0.8881,1,1
45,1,447.98,426.31,74.76,94.71,0.9146,1,1
45,2,652.59,52.28,51.31,46.51,0.9049,1,1
45,3,437.64,126.93,56.26,50.26,0.9158,1,1
45,4,998.82,26.21,58.59,37.13,0.9226,1,1
45,5,293.40,246.76,39.19,52.30,0.8852,1,1
45,6,447.23,173.45,39.05,34.47,0.9003,1,1
45,7,662.87,85.70,36.96,38.09,0.8966,1,1
45,9,1452.98,-0.00,40.08,30.89,0.8361,1,1
45,13,1151.40,382.39,106.66,83.83,0.9123,1,1
45,14,264.36,223.95,64.18,56.60,0.6500,1,1
45,16,920.39,130.21,63.88,67.48,0.6987,1,1
45,25,684.99,197.62,77.14,89.01,0.9298,1,1
45,32,1153.45,539.23,30.55,30.50,0.7725,1,1
45,33,923.70,1.11,23.85,15.42,0.7733,1,1
45,54,949.40,852.63,55.84,47.20,0.8767,1,1
45,61,71.54,442.48,35.54,39.38,0.3146,1,1
45,72,962.45,110.49,13.74,21.21,0.3171,1,1
45,78,545.84,324.83,23.74,43.36,0.8267,1,1
45,82,486.40,319.89,35.98,29.53,0.8045,1,1
45,83,712.66,159.93,33.35,20.80,0.8471,1,1
45,84,112.54,616.98,45.10,33.29,0.6895,1,1
45,85,88.60,768.86,40.81,43.34,0.8817,1,1
46,1,447.90,426.30,74.92,94.69,0.9148,1,1
46,2,652.57,52.27,51.38,46.53,0.9051,1,1
46,3,437.71,126.78,56.03,50.41,0.9153,1,1
46,4,998.75,26.21,58.75,37.14,0.9226,1,1
46,5,293.48,246.82,39.10,52.24,0.8848,1,1
46,6,447.28,173.46,38.92,34.46,0.9000,1,1
46,7,662.85,85.67,37.00,38.13,0.8971,1,1
46,9,1452.87,-0.00,40.29,30.89,0.8362,1,1
46,13,1151.47,382.41,106.45,83.85,0.9123,1,1
46,14,264.32,223.94,64.21,56.70,0.6476,1,1
46,16,920.26,130.15,64.32,67.74,0.7001,1,1
46,25,684.96,197.63,77.25,89.00,0.9295,1,1
46,32,1153.14,539.22,31.44,30.48,0.7877,1,1
46,33,923.67,1.11,23.92,15.42,0.7731,1,1
46,54,950.13,852.66,54.59,47.29,0.8793,1,1
46,61,71.44,442.46,35.75,39.39,0.3250,1,1
46,72,962.12,110.58,14.01,21.20,0.3009,1,1
46,78,545.76,324.83,23.91,43.33,0.8270,1,1
46,82,486.67,319.90,35.42,29.52,0.8080,1,1
46,83,713.21,159.97,32.29,20.79,0.8480,1,1
46,84,113.29,617.15,43.81,33.24,0.6999,1,1
46,85,88.58,768.71,40.78,43.48,0.8831,1,1
46,88,958.19,817.85,32.02,34.89,0.6127,1,1
46,90,598.29,479.70,47.39,63.45,0.7324,1,1
47,1,448.78,425.21,75.82,94.82,0.9153,1,1
47,2,652.70,52.31,51.89,47.20,0.9084,1,1
47,3,437.92,126.12,55.63,50.11,0.9138,1,1
47,4,997.34,26.15,60.45,39.62,0.9222,1,1
47,5,293.40,246.74,39.12,52.21,0.8800,1,1
47,6,447.41,172.50,39.18,34.99,0.8994,1,1
47,7,662.69,86.41,37.29,38.21,0.8995,1,1
47,9,1453.08,0.00,40.86,30.74,0.8474,1,1
47,11,1212.84,579.63,30.71,43.17,0.3044,1,1
47,13,1151.55,381.86,105.64,83.10,0.9068,1,1
47,14,264.44,223.96,63.94,56.46,0.6698,1,1
47,16,920.24,130.61,64.52,68.08,0.7048,1,1
47,25,684.94,197.97,77.23,88.20,0.9214,1,1
47,32,1151.86,539.33,30.70,29.91,0.6654,1,1
47,33,923.63,0.97,24.12,15.65,0.7824,1,1
47,35,1190.15,545.67,56.54,42.78,0.6000,1,1
47,54,959.97,861.27,56.30,48.28,0.8634,1,1
47,67,105.62,612.84,46.79,39.86,0.8013,1,1
47,78,546.63,324.07,23.39,42.18,0.8308,1,1
47,82,487.07,319.87,35.47,29.62,0.8114,1,1
47,83,713.12,161.08,32.35,20.89,0.8361,1,1
47,85,83.48,760.58,39.38,45.11,0.8474,1,1
47,88,953.65,814.26,39.09,43.34,0.4735,1,1
47,90,599.38,482.95,44.46,58.66,0.5729,1,1
47,91,790.77,939.67,19.17,40.88,0.2590,1,1
48,1,450.11,424.38,76.34,94.03,0.9102,1,1
48,2,652.88,52.50,51.58,47.57,0.9091,1,1
48,3,438.16,126.11,55.11,49.12,0.9099,1,1
48,4,996.90,26.66,60.12,40.93,0.9293,1,1
48,5,293.43,246.70,39.14,52.23,0.8813,1,1
48,6,447.59,171.02,38.90,35.29,0.9048,1,1
48,7,662.71,87.53,36.67,37.64,0.9028,1,1
48,9,1452.58,0.00,41.16,30.90,0.8491,1,1
48,11,1212.02,581.12,32.95,42.33,0.3765,1,1
48,13,1150.84,380.95,105.88,82.99,0.9047,1,1
48,14,264.45,223.94,63.96,56.49,0.6858,1,1
48,16,920.63,130.15,65.30,68.73,0.7184,1,1
48,25,684.47,198.72,76.97,86.08,0.9061,1,1
48,32,1151.80,539.26,30.08,29.39,0.6594,1,1
48,33,923.74,0.89,24.06,15.59,0.7816,1,1
48,35,1194.87,544.88,53.77,44.06,0.8078,1,1
48,67,99.79,609.94,51.95,40.79,0.8349,1,1
48,78,548.31,323.24,22.21,39.79,0.8130,1,1
48,82,487.72,319.16,35.00,29.30,0.8251,1,1
48,83,712.46,162.08,32.04,21.04,0.8609,1,1
48,85,76.64,748.56,46.05,54.77,0.7418,1,1
48,88,955.32,816.09,36.21,43.68,0.7885,1,1
49,1,451.07,424.00,76.83,93.57,0.9060,1,1
49,2,653.17,52.96,51.53,47.53,0.9086,1,1
49,3,437.81,126.30,54.40,47.42,0.9062,1,1
49,4,995.52,26.67,58.54,42.63,0.9251,1,1
49,5,293.47,246.51,39.03,52.32,0.8832,1,1
49,6,448.04,168.85,38.53,35.05,0.8983,1,1
49,7,662.08,88.45,36.65,37.19,0.9071,1,1
49,9,1452.80,0.00,41.06,30.86,0.8473,1,1
49,13,1150.10,378.52,106.54,83.81,0.8906,1,1
49,14,264.36,223.82,63.90,56.53,0.7016,1,1
49,16,921.79,130.54,63.86,66.63,0.7203,1,1
49,25,684.18,198.59,77.08,85.26,0.8659,1,1
49,32,1151.86,538.70,30.70,29.47,0.7822,1,1
49,33,923.96,0.94,24.02,15.56,0.7812,1,1
49,35,1190.31,541.92,58.03,46.75,0.8049,1,1
49,67,97.10,607.87,48.59,38.50,0.8724,1,1
49,78,549.20,320.85,22.20,39.73,0.7944,1,1
49,82,486.91,317.38,36.63,30.96,0.6848,1,1
49,83,712.51,163.09,31.99,21.51,0.8653,1,1
49,85,72.34,738.95,46.71,56.91,0.5701,1,1
49,88,955.33,817.91,33.36,41.93,0.8426,1,1
50,1,451.95,424.42,78.22,93.67,0.8998,1,1
50,2,653.25,53.13,51.72,47.67,0.9101,1,1
50,3,437.44,125.57,53.88,45.99,0.9075,1,1
50,4,996.08,27.24,56.12,43.17,0.9260,1,1
50,5,293.69,246.53,38.76,51.95,0.8815,1,1
50,6,447.41,168.11,38.91,34.75,0.8898,1,1
50,7,662.45,89.02,36.66,37.06,0.9065,1,1
50,9,1452.73,0.00,41.08,30.99,0.8312,1,1
50,13,1150.11,378.82,105.55,82.32,0.8735,1,1
50,14,264.33,223.79,63.91,56.68,0.7180,1,1
50,16,921.92,130.46,63.83,65.62,0.7773,1,1
50,25,684.07,199.22,76.83,83.96,0.8942,1,1
50,32,1151.31,535.39,33.46,32.49,0.8701,1,1
50,33,923.96,0.92,23.96,15.64,0.7782,1,1
50,35,1195.09,540.29,55.69,45.32,0.8248,1,1
50,67,95.20,600.30,54.48,45.82,0.8157,1,1
50,78,550.29,318.10,21.79,40.08,0.8192,1,1
50,82,488.76,316.65,36.08,30.47,0.4000,1,1
50,83,713.14,163.05,30.72,20.98,0.8506,1,1
50,88,953.22,817.66,34.41,43.25,0.5015,1,1
51,1,451.62,424.84,77.11,91.49,0.9046,1,1
51,2,653.35,53.24,51.63,47.57,0.9101,1,1
51,3,436.64,124.76,54.04,46.94,0.9150,1,1
51,4,996.00,27.34,54.37,43.69,0.9219,1,1
51,5,293.64,246.64,38.78,52.11,0.8840,1,1
51,6,447.20,167.52,39.24,36.23,0.8901,1,1
51,7,662.25,89.53,36.68,36.84,0.9061,1,1
51,9,1452.77,0.15,40.84,30.96,0.8253,1,1
51,13,1150.35,378.68,104.43,80.36,0.8736,1,1
51,14,264.28,223.70,64.05,56.89,0.6758,1,1
51,16,921.87,130.26,64.23,65.35,0.7690,1,1
51,25,684.15,198.90,77.61,83.72,0.8654,1,1
51,32,1151.75,534.69,34.07,32.64,0.8581,1,1
51,33,923.74,0.96,24.15,15.77,0.7879,1,1
51,35,1196.93,536.67,57.63,45.82,0.7714,1,1
51,65,54.24,566.88,29.16,32.30,0.4373,1,1
51,78,550.66,318.57,20.24,36.87,0.8635,1,1
51,82,491.11,315.94,35.05,29.56,0.3592,1,1
51,83,713.34,162.87,29.56,20.83,0.8323,1,1
51,85,69.67,731.21,39.95,51.52,0.7114,1,1
51,88,952.44,816.37,36.72,46.45,0.4181,1,1
51,93,965.82,83.59,22.48,25.25,0.7323,1,1
52,1,451.49,424.81,77.35,91.46,0.9053,1,1
52,2,653.34,53.23,51.72,47.67,0.9101,1,1
52,3,436.77,124.77,53.75,46.94,0.9151,1,1
52,4,996.37,27.35,53.62,43.68,0.9219,1,1
52,5,293.63,246.70,38.74,52.05,0.8843,1,1
52,6,447.47,167.52,38.70,36.25,0.8901,1,1
52,7,662.20,89.52,36.78,36.87,0.9052,1,1
52,9,1452.83,0.16,40.71,30.95,0.8247,1,1
52,13,1150.03,378.66,105.05,80.34,0.8741,1,1
52,14,264.31,223.71,64.00,56.88,0.6744,1,1
52,16,921.61,130.25,64.73,65.48,0.7727,1,1
52,25,683.90,198.95,78.13,83.65,0.8651,1,1
52,32,1151.64,534.67,34.29,32.64,0.8579,1,1
52,33,923.74,0.96,24.14,15.77,0.7877,1,1
52,35,1196.56,536.44,58.67,45.91,0.7711,1,1
52,65,54.81,566.76,27.85,32.32,0.4351,1,1
52,78,550.63,318.61,20.28,36.78,0.8637,1,1
52,82,491.65,315.78,34.82,29.33,0.3637,1,1
52,83,713.66,162.86,29.01,20.84,0.8311,1,1
52,85,70.25,730.94,38.34,51.33,0.7101,1,1
52,88,952.37,816.03,37.02,47.18,0.4312,1,1
52,93,965.79,83.64,22.65,25.31,0.7328,1,1
53,1,451.84,424.54,77.93,90.68,0.9052,1,1
53,2,653.34,53.32,51.77,47.70,0.9086,1,1
53,3,435.89,123.62,53.94,46.41,0.9227,1,1
53,4,996.81,27.66,52.85,43.60,0.9216,1,1
53,5,293.75,246.71,38.80,52.20,0.8837,1,1
53,6,447.13,166.17,38.83,36.75,0.8837,1,1
53,7,662.08,89.36,37.44,37.38,0.8975,1,1
53,9,1452.63,0.29,40.77,31.25,0.8031,1,1
53,13,1149.73,377.99,105.59,80.03,0.8833,1,1
53,14,264.28,223.73,64.02,56.92,0.6721,1,1
53,16,921.89,130.42,64.95,65.34,0.7908,1,1
53,25,683.65,198.98,77.94,82.88,0.8793,1,1
53,32,1151.80,534.06,34.63,32.98,0.5913,1,1
53,33,924.11,0.98,24.18,15.78,0.7860,1,1
53,35,1196.15,533.95,62.60,48.04,0.6323,1,1
53,61,70.51,429.79,36.47,40.67,0.2623,1,1
53,78,550.75,315.37,20.52,36.62,0.8529,1,1
53,82,494.56,314.42,33.94,28.67,0.5114,1,1
53,83,716.78,161.21,33.03,21.25,0.7749,1,1
53,85,67.83,732.70,36.95,49.21,0.3630,1,1
53,88,952.53,815.82,36.42,46.61,0.5251,1,1
53,93,964.27,87.59,20.68,22.57,0.6912,1,1
53,95,973.97,959.63,54.67,58.34,0.7848,1,1
54,1,452.41,424.75,78.81,91.35,0.9070,1,1
54,2,653.10,53.28,52.01,48.08,0.9121,1,1
54,3,435.08,123.35,54.32,46.69,0.9203,1,1
54,4,996.54,28.05,52.65,44.44,0.9238,1,1
54,5,293.73,246.77,38.71,52.27,0.8844,1,1
54,6,446.80,164.89,39.29,37.65,0.8938,1,1
54,7,662.15,89.54,37.49,37.26,0.8935,1,1
54,9,1452.27,0.49,40.57,31.38,0.7549,1,1
54,13,1149.59,377.37,106.06,80.21,0.8889,1,1
54,14,264.25,223.82,64.00,56.91,0.6633,1,1
54,16,921.85,130.57,65.79,66.17,0.8206,1,1
54,25,683.82,199.20,77.67,81.96,0.8942,1,1
54,31,496.60,313.74,37.81,26.16,0.7561,1,1
54,32,1150.97,533.25,35.14,33.66,0.6501,1,1
54,33,924.28,1.05,24.21,15.94,0.7893,1,1
54,35,1197.16,532.75,62.63,46.76,0.6409,1,1
54,61,70.39,425.27,36.74,42.24,0.3655,1,1
54,78,550.47,311.52,20.67,36.12,0.8755,1,1
54,83,714.80,160.01,36.17,21.44,0.8008,1,1
54,85,65.18,737.79,35.26,46.13,0.3394,1,1
54,88,952.06,815.49,35.70,45.49,0.3185,1,1
54,93,962.37,91.07,19.39,19.78,0.7814,1,1
55,1,452.53,424.59,78.61,90.59,0.9096,1,1
55,2,652.88,53.10,51.80,48.89,0.9134,1,1
55,3,434.38,122.07,54.47,46.69,0.9133,1,1
55,4,996.65,27.84,51.42,45.64,0.9175,1,1
55,5,293.57,246.86,38.61,52.40,0.8854,1,1
55,6,445.80,163.20,39.87,37.91,0.9041,1,1
55,7,662.08,89.45,37.35,37.38,0.8905,1,1
55,9,1452.50,0.27,40.25,31.24,0.6911,1,1
55,13,1149.78,377.27,105.18,79.51,0.9072,1,1
55,14,264.29,223.85,63.94,56.84,0.6624,1,1
55,16,922.56,130.89,64.75,64.63,0.7855,1,1
55,25,684.38,199.44,76.94,81.35,0.8938,1,1
55,32,1149.62,533.02,35.28,34.57,0.6599,1,1
55,33,924.68,0.93,23.97,15.99,0.7727,1,1
55,35,1196.46,533.25,58.29,42.62,0.5677,1,1
55,69,710.25,159.91,27.29,20.21,0.8517,1,1
55,78,549.49,307.50,21.91,38.71,0.8257,1,1
55,82,498.36,312.21,32.91,25.38,0.7652,1,1
55,83,730.13,160.68,30.54,18.59,0.8039,1,1
55,93,960.23,93.55,19.70,19.96,0.7762,1,1
55,97,96.09,562.69,34.17,27.81,0.7934,1,1
56,1,452.56,424.62,78.94,90.37,0.9086,1,1
56,2,652.85,53.21,51.20,48.47,0.9110,1,1
56,3,433.87,121.31,54.57,46.56,0.9094,1,1
56,4,996.40,28.14,51.41,46.10,0.9175,1,1
56,5,293.87,247.15,38.15,52.08,0.8851,1,1
56,6,445.36,162.79,40.19,38.04,0.9023,1,1
56,7,661.70,89.26,37.42,37.45,0.8909,1,1
56,9,1452.29,0.53,39.89,31.25,0.7193,1,1
56,13,1149.83,377.45,105.19,79.24,0.9009,1,1
56,14,264.22,223.88,63.94,56.85,0.6270,1,1
56,16,922.36,131.01,65.59,65.44,0.7891,1,1
56,25,684.81,199.68,76.77,81.00,0.8844,1,1
56,31,500.95,312.00,40.51,27.12,0.7211,1,1
56,32,1151.39,532.65,36.74,35.89,0.2834,1,1
56,33,924.61,0.96,24.16,16.13,0.7826,1,1
56,69,708.32,160.00,28.84,21.48,0.8516,1,1
56,78,547.55,298.94,23.96,44.18,0.7962,1,1
56,83,732.17,161.24,30.02,18.52,0.7570,1,1
56,93,959.30,96.02,18.49,18.01,0.7505,1,1
56,97,95.02,553.34,34.64,28.16,0.3847,1,1
56,98,930.63,1029.85,21.72,23.20,0.6686,1,1
57,1,452.49,424.53,78.82,89.76,0.9069,1,1
57,2,652.52,53.14,51.25,48.35,0.9140,1,1
57,3,433.69,120.94,54.37,46.27,0.9053,1,1
57,4,997.64,27.37,50.46,46.88,0.9096,1,1
57,5,294.00,247.19,37.95,51.95,0.8829,1,1
57,6,444.94,162.19,40.01,37.61,0.8974,1,1
57,7,661.72,88.52,36.80,38.03,0.8870,1,1
57,9,1452.91,0.37,39.86,31.23,0.7706,1,1
57,13,1149.59,377.51,105.25,79.18,0.9014,1,1
57,14,264.22,223.89,63.88,56.82,0.6263,1,1
57,16,922.39,131.20,65.15,65.09,0.7643,1,1
57,25,685.60,200.07,77.19,80.97,0.8515,1,1
57,31,504.15,311.38,40.38,27.25,0.7320,1,1
57,32,1150.24,533.61,37.73,36.96,0.3250,1,1
57,33,924.73,0.96,24.30,16.25,0.7644,1,1
57,69,707.40,160.80,29.53,21.25,0.8187,1,1
57,78,547.05,296.12,22.97,43.12,0.8342,1,1
57,83,729.92,161.37,30.26,18.41,0.6132,1,1
57,93,957.05,97.11,17.93,16.51,0.7120,1,1
57,97,96.49,541.67,40.08,37.00,0.7493,1,1
57,101,958.28,1047.71,26.87,24.28,0.3066,1,1
58,1,452.41,424.52,78.97,89.76,0.9068,1,1
58,2,652.50,53.11,51.30,48.36,0.9142,1,1
58,3,433.67,120.94,54.42,46.25,0.9053,1,1
58,4,997.97,27.40,49.76,46.86,0.9091,1,1
58,5,294.05,247.21,37.87,51.90,0.8831,1,1
58,6,444.88,162.17,40.12,37.59,0.8973,1,1
58,7,661.93,88.52,36.31,38.01,0.8870,1,1
58,9,1452.94,0.37,39.85,31.23,0.7683,1,1
58,13,1149.58,377.52,105.29,79.15,0.9010,1,1
58,14,264.25,223.96,63.82,56.76,0.6220,1,1
58,16,922.41,131.20,65.09,65.10,0.7648,1,1
58,25,685.47,200.08,77.48,81.00,0.8530,1,1
58,31,504.41,311.34,40.23,27.26,0.7328,1,1
58,32,1149.96,533.86,37.87,37.21,0.3254,1,1
58,33,924.74,0.95,24.28,16.26,0.7652,1,1
58,69,707.06,160.86,30.18,21.22,0.8195,1,1
58,78,547.14,296.04,22.74,43.10,0.8340,1,1
58,83,729.43,161.38,30.66,18.40,0.6072,1,1
58,93,956.58,97.15,18.59,16.43,0.7123,1,1
58,97,98.24,541.06,36.98,37.40,0.7492,1,1
58,101,958.44,1047.63,26.52,24.02,0.3089,1,1
58,102,1233.51,555.14,33.56,43.24,0.8070,1,1
58,103,973.24,988.06,42.01,56.31,0.7345,1,1
59,1,452.06,423.58,79.78,90.78,0.9107,1,1
59,2,652.38,53.20,51.31,48.38,0.9130,1,1
59,3,433.20,120.52,54.00,45.67,0.9066,1,1
59,4,998.57,30.50,47.31,44.51,0.2847,1,1
59,5,294.11,247.28,37.83,51.90,0.8833,1,1
59,6,444.39,161.56,40.25,37.98,0.9014,1,1
59,7,661.41,88.79,36.34,37.84,0.8919,1,1
59,9,1452.88,0.20,40.01,31.26,0.8047,1,1
59,13,1149.65,377.60,105.11,79.11,0.9051,1,1
59,14,264.35,224.07,63.69,56.59,0.6202,1,1
59,16,922.20,131.37,65.74,66.38,0.7509,1,1
59,25,685.88,199.90,77.02,80.68,0.7333,1,1
59,32,1148.75,534.25,39.68,40.55,0.8158,1,1
59,33,924.74,0.99,24.27,16.38,0.7529,1,1
59,69,704.72,162.71,30.91,21.47,0.8189,1,1
59,78,546.89,295.57,22.07,41.56,0.8435,1,1
59,82,507.64,311.77,34.66,25.87,0.6476,1,1
59,83,734.48,162.07,29.00,18.31,0.7973,1,1
59,93,956.81,100.48,19.27,16.83,0.6739,1,1
59,97,95.83,535.79,39.83,42.49,0.6904,1,1
59,102,1233.14,555.26,35.44,48.71,0.8107,1,1
59,103,970.83,988.53,39.19,49.71,0.7658,1,1
59,105,1083.65,24.27,16.14,25.02,0.6083,1,1
59,107,1013.52,1036.83,20.28,23.46,0.2853,1,1
59,108,1146.71,437.17,62.01,49.06,0.5652,1,1
60,1,451.95,423.77,80.00,91.07,0.9127,1,1
60,2,652.36,53.27,51.10,48.20,0.9141,1,1
60,3,432.99,119.88,53.65,45.81,0.9046,1,1
60,4,999.35,32.63,46.68,43.13,0.8491,1,1
60,5,294.15,247.22,37.84,51.83,0.8837,1,1
60,6,444.10,160.94,39.83,38.07,0.9004,1,1
60,7,660.92,89.45,36.41,37.24,0.8947,1,1
60,9,1452.86,0.15,40.29,31.40,0.8160,1,1
60,13,1149.86,377.89,105.23,79.37,0.8994,1,1
60,14,264.37,224.11,63.67,56.49,0.6410,1,1
60,16,922.72,131.64,63.79,64.31,0.7366,1,1
60,25,686.88,199.99,75.79,79.46,0.7428,1,1
60,32,1148.75,534.38,40.47,41.61,0.7166,1,1
60,33,924.62,0.95,24.39,16.64,0.7319,1,1
60,69,701.69,163.80,32.69,22.07,0.8395,1,1
60,78,546.03,292.87,23.25,44.32,0.8526,1,1
60,82,511.69,313.05,32.38,23.95,0.3397,1,1
60,83,737.62,162.28,27.30,17.36,0.6083,1,1
60,93,954.42,102.33,21.52,18.90,0.3163,1,1
60,102,1236.77,553.88,36.32,50.78,0.8254,1,1
60,103,968.99,991.40,38.86,47.99,0.8359,1,1
60,105,1082.74,25.49,17.05,26.80,0.6729,1,1
60,107,1013.87,1037.25,20.49,23.77,0.4364,1,1
60,108,1146.19,436.55,63.34,50.32,0.5769,1,1
61,1,451.75,423.87,78.26,89.00,0.9101,1,1
61,2,652.51,53.33,50.90,47.73,0.9096,1,1
61,3,433.35,119.79,52.37,45.24,0.9006,1,1
61,4,998.37,25.94,54.12,50.77,0.6738,1,1
61,5,293.83,245.66,38.59,54.38,0.8779,1,1
61,6,444.21,159.78,39.30,39.83,0.9041,1,1
61,7,660.70,89.15,38.07,38.47,0.8751,1,1
61,9,1452.77,0.70,40.09,31.03,0.8344,1,1
61,13,1150.47,380.15,106.69,81.55,0.8922,1,1
61,14,264.94,226.28,61.33,54.78,0.8421,1,1
61,16,921.31,131.79,65.04,66.79,0.7544,1,1
61,32,1149.26,534.78,40.09,41.22,0.6563,1,1
61,33,924.62,1.29,23.49,16.42,0.8002,1,1
61,69,698.82,163.67,32.07,21.38,0.8386,1,1
61,78,547.37,293.00,23.02,44.47,0.8606,1,1
61,82,516.38,315.55,30.88,22.43,0.8052,1,1
61,83,736.71,161.59,25.92,16.36,0.5808,1,1
61,101,959.52,1045.94,27.63,25.54,0.3589,1,1
61,102,1239.58,557.12,35.07,47.42,0.7311,1,1
61,103,968.43,992.19,39.22,46.48,0.8600,1,1
61,108,1150.24,438.75,59.36,48.08,0.6252,1,1
62,1,451.27,423.45,79.17,90.11,0.9109,1,1
62,2,652.25,53.49,51.17,47.93,0.9158,1,1
62,3,433.62,119.51,52.16,45.05,0.8986,1,1
62,4,998.70,25.62,53.75,51.11,0.6526,1,1
62,5,294.36,245.19,37.99,54.58,0.8820,1,1
62,6,444.39,159.29,38.97,40.48,0.9082,1,1
62,7,661.00,89.32,37.19,38.10,0.8717,1,1
62,9,1452.71,0.73,40.28,31.02,0.8328,1,1
62,13,1150.66,381.52,106.29,81.20,0.8998,1,1
62,14,264.79,226.46,61.02,54.84,0.8280,1,1
62,16,920.24,132.31,63.93,68.66,0.8155,1,1
62,32,1148.27,534.62,39.41,40.89,0.3723,1,1
62,33,924.82,1.31,23.16,16.37,0.8026,1,1
62,69,696.90,163.33,32.40,21.58,0.8412,1,1
62,78,548.70,292.89,22.57,43.77,0.8632,1,1
62,82,516.26,314.78,30.87,21.63,0.8016,1,1
62,101,959.27,1045.67,27.59,25.92,0.3992,1,1
62,103,967.86,992.05,41.47,48.31,0.8766,1,1
62,107,1014.19,1035.77,21.18,24.54,0.4105,1,1
62,108,1150.87,439.75,58.59,47.74,0.3445,1,1
63,1,450.97,423.59,79.55,90.87,0.9080,1,1
63,2,652.40,53.48,51.18,48.19,0.9178,1,1
63,3,434.46,118.80,52.79,45.93,0.8889,1,1
63,4,1000.52,26.95,49.88,49.56,0.8804,1,1
63,5,294.40,244.57,38.29,55.18,0.8834,1,1
63,6,444.91,158.27,39.17,40.92,0.9141,1,1
63,7,661.24,89.96,36.48,37.49,0.8776,1,1
63,9,1452.65,0.50,40.71,31.24,0.8251,1,1
63,11,1213.88,545.66,63.89,78.80,0.2557,1,1
63,13,1151.40,382.95,106.58,80.91,0.9040,1,1
63,14,264.70,226.66,60.84,55.01,0.7810,1,1
63,16,923.05,132.26,59.94,63.56,0.6528,1,1
63,33,925.00,1.29,22.94,16.32,0.7927,1,1
63,69,697.52,164.59,31.31,21.64,0.8493,1,1
63,78,549.98,293.34,22.29,43.50,0.8603,1,1
63,82,512.00,311.90,30.83,24.33,0.8637,1,1
63,98,931.19,1029.95,21.81,22.78,0.4310,1,1
63,101,959.12,1046.07,27.49,26.14,0.3962,1,1
63,103,964.22,988.20,45.57,53.82,0.7794,1,1
64,1,451.02,423.59,79.45,90.89,0.9085,1,1
64,2,652.43,53.49,51.10,48.20,0.9178,1,1
64,3,434.54,118.77,52.64,45.96,0.8890,1,1
64,4,1000.81,26.97,49.30,49.54,0.8803,1,1
64,5,294.46,244.48,38.22,55.21,0.8832,1,1
64,6,444.94,158.25,39.11,40.94,0.9141,1,1
64,7,661.26,89.94,36.45,37.51,0.8777,1,1
64,9,1452.61,0.49,40.79,31.24,0.8252,1,1
64,11,1217.88,543.99,63.91,79.84,0.2772,1,1
64,13,1151.15,382.95,106.90,80.93,0.9037,1,1
64,14,264.90,226.60,60.58,55.05,0.7942,1,1
64,16,923.03,132.24,60.15,63.02,0.6516,1,1
64,33,925.04,1.29,22.84,16.32,0.7918,1,1
64,69,697.81,164.54,30.78,21.69,0.8499,1,1
64,78,550.03,293.35,22.22,43.50,0.8602,1,1
64,82,512.60,311.85,29.50,24.38,0.8637,1,1
64,98,931.03,1029.94,22.15,22.78,0.4288,1,1
64,101,959.17,1046.15,27.25,26.18,0.3963,1,1
64,103,964.31,988.03,45.26,54.07,0.7745,1,1
65,1,450.54,424.26,79.66,91.01,0.9107,1,1
65,2,652.44,53.43,51.28,48.54,0.9189,1,1
65,3,435.71,118.11,52.35,46.09,0.8928,1,1
65,4,1001.54,27.15,48.82,49.04,0.6216,1,1
65,5,294.72,244.55,37.89,54.04,0.8859,1,1
65,6,445.58,157.73,39.20,40.51,0.9172,1,1
65,7,660.68,90.91,36.45,36.67,0.8872,1,1
65,9,1452.65,0.44,41.11,31.37,0.8210,1,1
65,11,1225.45,546.45,45.60,49.92,0.4276,1,1
65,13,1152.11,384.05,106.74,81.03,0.8962,1,1
65,14,265.22,226.92,60.29,54.80,0.7694,1,1
65,16,921.40,132.53,59.98,62.67,0.6151,1,1
65,33,925.10,1.25,22.66,16.29,0.7893,1,1
65,69,697.51,166.06,31.29,20.98,0.8646,1,1
65,78,550.25,292.53,23.32,45.84,0.8675,1,1
65,82,509.10,309.56,31.17,24.67,0.8673,1,1
65,98,931.33,1029.61,22.16,22.65,0.3704,1,1
65,101,958.69,1047.24,25.84,25.06,0.6034,1,1
65,103,968.54,983.97,41.95,47.27,0.8649,1,1
66,1,450.32,424.65,79.15,89.94,0.9045,1,1
66,2,652.44,53.54,51.36,48.48,0.9193,1,1
66,3,436.97,117.80,51.70,45.42,0.8904,1,1
66,4,1001.98,26.95,48.56,48.74,0.7937,1,1
66,5,294.79,244.37,37.95,54.20,0.8873,1,1
66,6,446.18,156.83,39.20,40.30,0.9169,1,1
66,7,661.00,90.74,36.65,36.86,0.8844,1,1
66,9,1452.67,0.33,41.57,31.54,0.8271,1,1
66,11,1228.42,552.72,45.85,47.84,0.5454,1,1
66,13,1153.34,384.29,106.59,82.64,0.9174,1,1
66,14,265.27,226.85,60.24,54.82,0.7589,1,1
66,16,921.84,132.94,61.05,63.23,0.6140,1,1
66,25,690.94,200.89,72.61,74.04,0.5776,1,1
66,33,925.38,1.52,22.49,16.24,0.7583,1,1
66,69,698.87,167.34,32.84,21.74,0.8423,1,1
66,72,957.02,100.87,15.67,22.00,0.4095,1,1
66,78,551.33,290.93,22.73,43.40,0.8584,1,1
66,82,503.88,307.13,32.11,25.31,0.8637,1,1
66,101,958.06,1047.48,26.65,25.97,0.6952,1,1
66,103,969.74,973.54,43.40,47.63,0.8634,1,1
67,1,449.86,425.51,79.26,89.09,0.9071,1,1
67,2,652.45,53.52,51.66,48.66,0.9205,1,1
67,3,437.72,117.45,51.81,45.40,0.8874,1,1
67,4,1003.16,26.89,47.91,47.82,0.6752,1,1
67,5,294.76,244.47,37.77,54.53,0.8862,1,1
67,6,446.75,155.90,39.01,39.32,0.9128,1,1
67,7,660.44,91.78,36.17,36.13,0.8879,1,1
67,9,1452.60,0.21,42.03,31.76,0.8273,1,1
67,13,1156.68,385.05,104.50,83.00,0.9228,1,1
67,14,265.73,226.66,59.57,54.15,0.7852,1,1
67,16,921.76,133.49,61.06,62.84,0.6390,1,1
67,25,689.52,202.34,75.43,72.03,0.7771,1,1
67,33,925.43,1.50,22.47,16.30,0.7433,1,1
67,69,700.08,167.06,33.94,21.78,0.8343,1,1
67,72,956.25,99.01,16.93,22.61,0.7154,1,1
67,78,551.87,290.69,23.15,43.46,0.8510,1,1
67,82,498.71,307.34,34.34,28.38,0.8410,1,1
67,103,974.89,962.36,43.17,46.34,0.6386,1,1
67,114,1195.37,603.04,58.01,40.15,0.6070,1,1
67,115,1003.11,26.84,48.02,47.61,0.8136,1,1
68,1,449.22,425.42,80.05,89.78,0.9104,1,1
68,2,652.35,53.57,51.84,49.07,0.9235,1,1
68,3,438.36,116.99,51.94,44.96,0.8844,1,1
68,4,1003.70,27.08,47.52,47.19,0.6176,1,1
68,5,294.35,245.45,37.48,53.60,0.8733,1,1
68,6,447.15,155.71,39.21,39.01,0.9112,1,1
68,7,660.15,92.36,35.80,35.45,0.8897,1,1
68,9,1452.80,0.66,41.59,31.17,0.8127,1,1
68,13,1156.42,386.31,105.46,83.09,0.9257,1,1
68,14,265.77,226.55,59.56,53.80,0.8268,1,1
68,16,920.87,133.79,62.74,64.49,0.6646,1,1
68,25,688.76,204.33,77.21,68.45,0.8628,1,1
68,33,925.38,1.44,22.54,16.43,0.7260,1,1
68,69,707.56,164.83,38.84,23.02,0.7557,1,1
68,72,956.01,98.62,17.37,23.13,0.7356,1,1
68,78,551.28,289.69,24.17,45.52,0.7713,1,1
68,82,492.14,309.86,34.04,29.80,0.7262,1,1
68,114,1187.86,608.36,60.37,41.54,0.4892,1,1
68,115,1003.71,27.02,47.41,46.69,0.6912,1,1
68,119,898.31,202.37,19.27,15.34,0.7013,1,1
69,1,448.27,425.96,80.43,90.70,0.9176,1,1
69,2,652.32,53.63,51.97,49.70,0.9234,1,1
69,3,438.64,116.78,52.38,44.87,0.8887,1,1
69,4,1004.33,27.08,47.48,47.06,0.4948,1,1
69,5,293.60,245.86,38.27,53.77,0.8791,1,1
69,6,447.16,155.80,39.20,38.35,0.9075,1,1
69,7,660.28,93.38,35.21,34.44,0.8820,1,1
69,9,1452.85,0.72,41.87,30.85,0.8118,1,1
69,13,1161.76,390.16,102.10,80.61,0.9215,1,1
69,14,265.83,226.70,59.93,53.25,0.8371,1,1
69,16,918.52,133.98,66.92,70.86,0.8106,1,1
69,25,688.26,204.43,78.95,68.19,0.8276,1,1
69,33,925.41,1.46,22.35,16.35,0.7081,1,1
69,72,956.23,98.15,17.42,23.81,0.8122,1,1
69,78,551.22,289.51,23.75,44.86,0.7785,1,1
69,82,491.72,314.18,32.14,33.26,0.8441,1,1
69,98,930.59,1029.93,23.00,23.74,0.2693,1,1
69,114,1187.05,614.84,56.69,39.28,0.5091,1,1
69,119,899.77,201.28,20.32,15.92,0.7289,1,1
69,120,701.91,1036.44,78.05,43.35,0.7675,1,1
70,1,448.31,425.94,80.35,90.82,0.9166,1,1
70,2,652.41,53.67,51.81,49.67,0.9235,1,1
70,3,438.57,116.82,52.54,44.79,0.8892,1,1
70,4,1004.40,27.10,47.51,47.00,0.4817,1,1
70,5,293.45,245.91,38.55,53.69,0.8796,1,1
70,6,447.06,155.81,39.42,38.39,0.9085,1,1
70,7,660.23,93.19,35.49,34.64,0.8812,1,1
70,9,1452.65,0.72,42.29,30.85,0.8120,1,1
70,13,1161.91,390.20,101.99,80.60,0.9214,1,1
70,14,265.68,226.84,60.23,53.11,0.8346,1,1
70,16,918.82,133.99,66.30,71.05,0.8107,1,1
70,25,687.67,204.43,80.12,68.19,0.8274,1,1
70,33,925.44,1.46,22.28,16.34,0.7058,1,1
70,72,956.37,98.21,17.21,23.73,0.8107,1,1
70,78,551.25,289.49,23.69,44.86,0.7749,1,1
70,82,492.93,314.38,29.58,33.28,0.8448,1,1
70,98,930.60,1029.94,22.90,23.84,0.2928,1,1
70,114,1187.09,615.56,55.90,39.00,0.4950,1,1
70,119,899.72,201.21,20.61,15.96,0.7251,1,1
70,120,702.97,1036.39,76.18,43.40,0.7690,1,1
70,121,550.43,289.77,24.63,43.56,0.4402,1,1
71,1,447.47,426.09,80.46,92.23,0.9172,1,1
71,2,652.28,54.03,52.16,50.15,0.9234,1,1
71,3,438.66,116.44,52.64,44.94,0.8942,1,1
71,4,1004.20,26.52,48.11,47.57,0.4856,1,1
71,5,293.17,246.17,38.89,53.66,0.8799,1,1
71,6,447.05,155.48,39.52,38.38,0.9039,1,1
71,7,658.91,94.34,35.67,34.04,0.8823,1,1
71,9,1451.84,0.01,43.48,32.09,0.8563,1,1
71,13,1161.26,391.46,103.96,82.06,0.9195,1,1
71,14,265.58,226.90,60.48,53.06,0.8210,1,1
71,16,918.25,134.42,65.31,71.75,0.8465,1,1
71,25,688.55,204.65,79.47,66.48,0.8318,1,1
71,33,925.52,1.38,22.21,16.42,0.7130,1,1
71,48,698.20,151.58,28.76,22.78,0.8133,1,1
71,72,956.41,93.40,18.06,24.98,0.7470,1,1
71,78,551.11,291.08,22.86,43.04,0.7920,1,1
71,82,494.54,319.86,29.78,31.53,0.8563,1,1
71,119,897.78,198.44,22.34,17.55,0.6229,1,1
71,120,705.38,1036.38,74.30,43.04,0.6543,1,1
71,122,631.23,398.51,41.50,38.44,0.7990,1,1
72,1,446.72,426.33,80.44,92.54,0.9183,1,1
72,2,652.31,54.25,52.23,49.95,0.9206,1,1
72,3,438.72,116.39,52.55,44.81,0.8934,1,1
72,4,1004.30,27.09,47.81,46.89,0.6755,1,1
72,5,293.29,246.25,38.86,53.35,0.8814,1,1
72,6,447.22,155.10,39.55,37.87,0.8940,1,1
72,7,659.10,94.18,36.40,34.18,0.8827,1,1
72,9,1451.83,-0.00,42.69,31.79,0.8535,1,1
72,13,1159.79,392.65,106.39,84.24,0.9071,1,1
72,14,265.39,226.84,60.73,53.15,0.8056,1,1
72,16,918.83,134.56,62.15,67.28,0.8577,1,1
72,25,688.44,204.22,81.07,63.24,0.9167,1,1
72,33,925.80,1.32,21.93,16.39,0.7116,1,1
72,48,697.47,149.96,27.50,21.37,0.6887,1,1
72,72,956.59,95.62,17.20,23.88,0.7242,1,1
72,78,549.24,291.04,21.52,39.14,0.7857,1,1
72,82,500.01,327.06,26.55,23.19,0.8514,1,1
72,119,896.92,190.84,28.80,22.91,0.6647,1,1
72,120,718.16,1036.61,65.15,43.17,0.7809,1,1
72,122,630.90,398.36,42.13,36.75,0.8471,1,1
73,1,445.73,426.65,81.58,94.51,0.9188,1,1
73,2,652.34,54.32,51.90,49.78,0.9203,1,1
73,3,438.67,116.22,52.70,44.72,0.8946,1,1
73,4,1004.06,26.67,48.38,47.39,0.6998,1,1
73,5,292.94,246.09,39.38,53.91,0.8783,1,1
73,6,446.91,155.07,39.73,37.35,0.8931,1,1
73,7,658.75,93.93,37.20,34.50,0.8872,1,1
73,9,1452.12,-0.00,42.63,31.44,0.8394,1,1
73,13,1164.61,395.32,103.09,83.10,0.8809,1,1
73,14,265.24,226.89,61.04,53.27,0.8109,1,1
73,16,917.67,134.41,62.75,65.71,0.8590,1,1
73,25,689.49,202.81,84.53,65.57,0.7777,1,1
73,33,925.86,1.41,21.73,16.22,0.6996,1,1
73,48,698.47,151.20,29.29,22.29,0.6880,1,1
73,54,971.24,861.16,59.98,53.83,0.8101,1,1
73,72,957.38,97.54,16.66,22.91,0.6738,1,1
73,78,545.59,290.32,23.53,43.97,0.7770,1,1
73,82,506.17,329.31,26.50,22.14,0.6650,1,1
73,120,707.23,1035.16,65.03,44.29,0.7592,1,1
73,122,629.31,400.24,44.99,38.09,0.8137,1,1
74,1,444.42,426.92,81.44,94.01,0.9263,1,1
74,2,652.12,54.33,51.66,49.74,0.9211,1,1
74,3,438.65,116.23,52.39,44.03,0.8953,1,1
74,4,1003.79,24.97,49.45,48.82,0.6301,1,1
74,5,293.02,245.87,39.68,54.40,0.8792,1,1
74,6,446.89,154.60,39.81,36.56,0.8954,1,1
74,7,659.83,93.22,36.79,34.66,0.8861,1,1
74,9,1451.43,-0.00,42.11,31.73,0.8505,1,1
74,13,1165.76,395.58,101.49,83.15,0.9086,1,1
74,14,265.44,225.81,61.63,53.56,0.7529,1,1
74,16,917.09,133.74,61.72,63.18,0.8415,1,1
74,25,691.97,201.61,86.00,66.75,0.7960,1,1
74,33,926.04,1.24,22.07,16.52,0.6355,1,1
74,72,956.87,98.43,16.35,22.31,0.7416,1,1
74,78,541.20,288.90,23.11,42.90,0.6567,1,1
74,82,511.49,330.12,29.52,20.93,0.8059,1,1
74,122,626.78,400.25,49.46,42.96,0.7985,1,1
74,130,967.80,97.45,20.28,23.29,0.5062,1,1
74,131,1205.58,547.43,42.26,69.48,0.7992,1,1
75,1,443.11,427.21,81.38,95.00,0.9247,1,1
75,2,652.00,54.14,51.51,49.70,0.9217,1,1
75,3,438.25,115.64,53.28,44.17,0.9036,1,1
75,4,1003.56,23.42,50.27,50.37,0.6286,1,1
75,5,292.88,246.15,39.84,53.96,0.8761,1,1
75,6,446.63,154.70,40.05,35.93,0.8948,1,1
75,7,660.07,93.02,36.43,34.90,0.8855,1,1
75,9,1451.48,-0.00,42.20,32.12,0.8457,1,1
75,13,1167.16,396.09,100.10,82.94,0.9069,1,1
75,14,265.38,225.48,62.19,53.92,0.7346,1,1
75,16,914.25,132.71,65.83,71.11,0.8504,1,1
75,25,693.82,200.16,86.75,67.48,0.2799,1,1
75,33,926.03,1.08,22.23,16.69,0.5993,1,1
75,72,956.14,98.48,16.20,21.61,0.7631,1,1
75,78,536.23,288.11,21.85,40.06,0.8367,1,1
75,82,515.00,330.25,29.48,20.56,0.5108,1,1
75,122,626.42,397.55,49.16,43.96,0.7799,1,1
75,130,967.61,97.57,20.31,23.48,0.3903,1,1
75,131,1201.48,549.91,46.11,59.28,0.8771,1,1
75,132,957.32,97.59,22.98,23.66,0.2699,1,1
75,133,1212.88,606.37,45.98,41.92,0.7582,1,1
75,134,691.88,1035.87,78.32,44.11,0.6377,1,1
76,1,443.27,427.20,81.07,94.81,0.9254,1,1
76,2,652.02,54.14,51.48,49.71,0.9218,1,1
76,3,438.10,115.65,53.53,44.20,0.9037,1,1
76,4,1003.89,23.35,49.70,50.43,0.6614,1,1
76,5,292.68,246.21,40.14,54.00,0.8751,1,1
76,6,446.46,154.69,40.40,35.93,0.8952,1,1
76,7,660.17,93.05,36.18,34.88,0.8854,1,1
76,9,1451.59,-0.00,41.98,32.14,0.8457,1,1
76,13,1167.40,396.09,99.66,82.94,0.9068,1,1
76,14,265.34,225.59,62.31,53.95,0.7239,1,1
76,16,915.09,132.69,64.13,71.28,0.8504,1,1
76,25,694.42,199.70,86.92,67.80,0.2784,1,1
76,33,926.03,1.07,22.22,16.72,0.5982,1,1
76,72,956.01,98.48,16.40,21.59,0.7631,1,1
76,78,536.08,288.17,21.94,40.15,0.8386,1,1
76,82,515.25,330.24,29.97,20.53,0.5086,1,1
76,122,626.88,397.45,48.21,44.00,0.7802,1,1
76,130,967.66,97.56,20.21,23.53,0.3920,1,1
76,131,1199.88,549.88,49.20,59.18,0.8783,1,1
76,132,956.93,97.63,22.90,23.61,0.2708,1,1
76,133,1214.04,606.13,45.02,41.94,0.7571,1,1
76,134,694.71,1036.16,73.53,43.85,0.6276,1,1
76,135,180.86,514.98,36.79,35.16,0.8031,1,1
76,136,729.83,165.02,25.72,22.59,0.8711,1,1
77,1,442.37,427.65,81.52,93.85,0.9176,1,1
77,2,651.78,53.85,51.50,49.80,0.9245,1,1
77,3,438.21,115.56,54.90,44.75,0.9049,1,1
77,4,1003.57,21.49,50.64,52.35,0.6422,1,1
77,5,292.54,246.50,40.49,54.21,0.8751,1,1
77,6,446.68,155.46,40.48,35.63,0.8938,1,1
77,7,659.53,93.97,36.15,34.18,0.8898,1,1
77,9,1451.81,-0.00,42.51,32.20,0.8476,1,1
77,13,1165.83,396.02,100.90,83.18,0.9047,1,1
77,14,265.71,225.68,62.47,53.72,0.7240,1,1
77,16,914.92,132.01,62.34,69.02,0.8086,1,1
77,33,926.11,0.93,22.21,16.72,0.5504,1,1
77,35,1196.03,553.76,49.13,41.01,0.8653,1,1
77,72,956.78,99.47,16.02,20.92,0.6808,1,1
77,78,532.88,287.28,22.17,39.52,0.8059,1,1
77,82,521.06,326.29,30.16,21.24,0.5231,1,1
77,122,626.00,395.86,51.53,47.67,0.7517,1,1
77,130,969.55,97.84,19.41,22.94,0.4162,1,1
77,133,1218.04,593.16,41.89,43.73,0.8656,1,1
77,135,182.05,510.97,35.74,33.94,0.5352,1,1
77,136,730.77,165.42,25.54,22.58,0.8283,1,1
78,1,441.22,428.06,81.90,93.55,0.9073,1,1
78,2,651.71,53.55,51.60,50.09,0.9245,1,1
78,3,438.98,115.33,55.68,45.34,0.9045,1,1
78,4,1003.10,18.47,51.42,55.14,0.7165,1,1
78,5,292.28,246.74,40.80,54.14,0.8747,1,1
78,6,446.53,156.50,41.14,35.96,0.8880,1,1
78,7,660.06,93.68,35.88,34.29,0.8852,1,1
78,9,1451.76,-0.00,43.11,32.31,0.8549,1,1
78,13,1166.00,395.85,101.07,83.09,0.9113,1,1
78,14,265.87,225.83,62.49,53.44,0.6097,1,1
78,16,914.64,131.09,61.71,67.68,0.7511,1,1
78,25,697.87,197.90,87.55,68.58,0.2748,1,1
78,33,926.35,1.03,22.21,16.78,0.5920,1,1
78,35,1191.53,553.57,43.15,35.80,0.5500,1,1
78,72,956.22,98.88,16.49,21.54,0.5733,1,1
78,78,531.06,283.90,23.55,39.31,0.8177,1,1
78,82,522.52,321.48,28.69,22.60,0.8570,1,1
78,122,627.09,395.09,47.38,42.04,0.7381,1,1
78,133,1214.65,593.31,40.92,38.40,0.8455,1,1
78,135,183.05,505.85,34.07,32.46,0.7674,1,1
78,136,730.72,165.68,25.21,22.53,0.8125,1,1
79,1,440.27,428.44,82.07,92.85,0.9012,1,1
79,2,651.81,53.57,51.35,49.73,0.9195,1,1
79,3,439.46,115.80,57.01,46.32,0.9075,1,1
79,4,1003.72,18.47,50.32,55.50,0.7371,1,1
79,5,292.30,247.12,40.66,53.54,0.8757,1,1
79,6,447.36,157.74,41.20,34.98,0.8846,1,1
79,7,659.90,92.35,36.40,35.57,0.8802,1,1
79,9,1451.11,-0.00,42.31,32.30,0.8523,1,1
79,13,1164.74,395.22,102.45,83.63,0.9154,1,1
79,14,265.75,225.74,62.86,53.48,0.6527,1,1
79,16,914.26,129.89,60.15,64.69,0.7504,1,1
79,33,926.43,1.29,21.77,16.38,0.6699,1,1
79,35,1184.96,559.06,36.60,32.07,0.7508,1,1
79,72,957.49,99.46,16.12,21.00,0.2527,1,1
79,78,531.03,279.34,22.49,37.13,0.7235,1,1
79,82,522.33,315.54,29.68,25.72,0.8383,1,1
79,85,42.13,624.96,34.20,46.32,0.5808,1,1
79,122,629.37,392.51,42.59,36.21,0.6390,1,1
79,133,1203.29,586.20,48.00,42.75,0.7115,1,1
79,135,180.15,498.23,36.60,34.63,0.6382,1,1
79,136,730.97,165.75,25.11,22.50,0.5881,1,1
80,1,439.82,428.46,81.65,92.28,0.8995,1,1
80,2,651.90,53.26,51.16,49.38,0.9192,1,1
80,3,441.49,116.25,56.29,46.00,0.9040,1,1
80,4,1006.78,24.92,45.29,49.23,0.7010,1,1
80,5,291.80,247.31,41.11,53.92,0.8745,1,1
80,6,448.72,157.83,41.34,34.86,0.8706,1,1
80,7,660.20,91.06,36.53,36.70,0.8699,1,1
80,9,1451.80,-0.00,42.38,31.91,0.8506,1,1
80,13,1163.59,394.52,103.28,83.33,0.9115,1,1
80,14,265.70,225.90,62.82,53.18,0.7146,1,1
80,16,915.59,128.50,57.38,59.77,0.7175,1,1
80,33,926.38,1.28,21.82,16.37,0.6451,1,1
80,78,531.40,273.40,20.90,34.19,0.4351,1,1
80,82,523.23,311.06,28.08,24.73,0.8409,1,1
80,85,44.36,616.47,33.50,46.77,0.7375,1,1
80,88,950.83,821.59,43.28,51.48,0.4417,1,1
80,122,629.68,388.62,46.27,37.07,0.8174,1,1
80,133,1200.16,577.99,53.52,47.23,0.6037,1,1
80,135,178.91,493.26,36.39,33.97,0.8185,1,1
80,136,731.41,166.10,24.93,22.42,0.5388,1,1
80,138,854.48,231.82,18.62,20.81,0.6873,1,1
81,1,439.62,428.44,81.77,92.05,0.8960,1,1
81,2,651.92,53.20,51.21,49.11,0.9204,1,1
81,3,442.91,117.02,56.60,46.53,0.9082,1,1
81,4,1007.14,27.49,44.66,46.93,0.7890,1,1
81,5,291.37,247.49,41.62,54.34,0.8787,1,1
81,6,448.68,159.09,41.14,34.13,0.8608,1,1
81,7,660.33,90.71,36.16,37.04,0.8709,1,1
81,9,1451.96,-0.00,43.02,31.81,0.8454,1,1
81,13,1161.13,392.85,104.88,83.50,0.9027,1,1
81,14,265.69,226.74,62.86,52.81,0.7927,1,1
81,16,912.91,125.08,65.90,68.87,0.7638,1,1
81,33,926.42,1.32,21.52,16.06,0.6301,1,1
81,72,956.53,99.52,16.17,21.24,0.5154,1,1
81,82,521.55,302.23,28.91,27.99,0.8360,1,1
81,85,44.91,607.77,33.70,47.65,0.7213,1,1
81,88,950.09,823.59,43.97,51.23,0.3354,1,1
81,122,627.37,386.25,49.51,37.72,0.7850,1,1
81,133,1216.02,575.60,42.67,42.54,0.7387,1,1
81,135,177.89,486.45,37.37,35.96,0.8054,1,1
81,136,732.18,166.68,24.59,22.46,0.7644,1,1
81,138,859.39,236.54,18.50,20.27,0.4731,1,1
82,1,439.60,428.44,81.73,91.71,0.8958,1,1
82,2,651.88,53.18,51.30,49.11,0.9205,1,1
82,3,443.11,117.03,56.23,46.14,0.9084,1,1
82,4,1006.80,27.59,45.33,46.84,0.7890,1,1
82,5,291.32,247.52,41.71,54.32,0.8789,1,1
82,6,448.53,159.12,41.45,34.09,0.8602,1,1
82,7,660.47,90.71,35.85,37.06,0.8714,1,1
82,9,1451.76,0.00,43.44,31.82,0.8454,1,1
82,11,1221.28,575.60,33.20,42.32,0.7437,1,1
82,13,1160.85,392.84,105.41,83.50,0.9028,1,1
82,14,265.58,226.76,63.09,52.80,0.7904,1,1
82,16,912.86,124.93,66.17,69.28,0.7633,1,1
82,33,926.39,1.33,21.58,16.03,0.6325,1,1
82,72,956.50,99.54,16.08,21.26,0.5151,1,1
82,82,522.26,302.01,27.41,28.08,0.8360,1,1
82,85,45.06,607.28,33.52,47.70,0.7283,1,1
82,88,949.73,824.03,44.50,51.20,0.3465,1,1
82,122,626.55,386.17,51.07,37.74,0.7845,1,1
82,135,178.27,486.29,36.71,35.97,0.8044,1,1
82,136,732.35,166.71,24.39,22.46,0.7529,1,1
82,138,859.83,237.09,18.87,20.27,0.4708,1,1
83,1,439.38,428.20,81.70,91.86,0.9000,1,1
83,2,651.86,53.11,51.18,48.81,0.9194,1,1
83,3,443.77,117.68,57.56,46.76,0.9123,1,1
83,4,1006.62,27.63,46.09,47.34,0.8238,1,1
83,5,291.33,247.30,41.87,54.23,0.8796,1,1
83,6,448.30,159.88,41.81,33.75,0.8543,1,1
83,7,660.89,90.16,35.81,37.65,0.8680,1,1
83,9,1452.23,-0.00,44.41,31.56,0.8466,1,1
83,11,1215.20,574.91,37.83,41.95,0.8442,1,1
83,13,1159.02,391.52,105.51,82.66,0.8881,1,1
83,14,265.71,226.47,63.59,52.97,0.7911,1,1
83,16,911.20,120.95,70.72,74.49,0.5564,1,1
83,33,926.16,1.24,21.80,16.02,0.7153,1,1
83,72,956.38,99.25,16.20,21.54,0.5783,1,1
83,82,521.31,298.30,25.50,23.52,0.8417,1,1
83,115,1005.74,27.61,47.46,47.12,0.3566,1,1
83,122,627.09,385.69,53.57,35.76,0.8598,1,1
83,135,176.38,481.97,38.52,38.86,0.7742,1,1
83,136,732.01,166.51,24.82,23.06,0.7559,1,1
83,138,858.39,236.93,19.64,19.79,0.6683,1,1
83,142,137.74,517.92,54.36,31.70,0.8544,1,1
84,1,439.27,428.17,81.83,92.86,0.8945,1,1
84,2,652.13,53.17,50.97,48.38,0.9183,1,1
84,3,443.47,118.43,58.23,46.58,0.9113,1,1
84,4,1006.17,27.52,46.84,47.88,0.8475,1,1
84,5,291.49,246.91,42.00,54.38,0.8804,1,1
84,6,449.15,159.49,42.00,32.77,0.8713,1,1
84,7,661.18,89.68,35.85,38.49,0.8690,1,1
84,9,1451.72,-0.00,46.45,32.50,0.8483,1,1
84,11,1213.23,575.79,40.88,42.11,0.8566,1,1
84,13,1157.63,390.89,105.54,80.66,0.9016,1,1
84,14,265.54,226.20,64.30,53.45,0.7881,1,1
84,16,909.62,120.62,70.01,73.98,0.4717,1,1
84,33,926.19,1.26,21.85,15.81,0.7620,1,1
84,72,956.99,100.06,15.48,20.50,0.5846,1,1
84,82,520.86,291.89,26.79,25.03,0.8369,1,1
84,122,636.44,378.40,48.20,34.47,0.8856,1,1
84,135,176.62,479.74,37.03,39.45,0.8436,1,1
84,136,731.97,166.44,23.92,22.31,0.7308,1,1
84,138,858.64,237.13,22.04,19.88,0.7825,1,1
84,142,147.76,517.81,46.79,29.28,0.8602,1,1
85,1,439.61,428.59,81.55,92.57,0.8983,1,1
85,2,652.48,53.24,50.71,47.79,0.9124,1,1
85,3,444.02,119.35,58.16,46.17,0.9071,1,1
85,4,1006.06,27.25,47.22,48.29,0.8269,1,1
85,5,291.82,247.40,41.87,54.30,0.8855,1,1
85,6,449.31,160.21,41.82,31.78,0.8493,1,1
85,7,660.42,89.04,36.83,39.28,0.8782,1,1
85,9,1450.35,-0.00,44.14,32.08,0.8326,1,1
85,11,1211.82,575.75,42.67,42.33,0.8521,1,1
85,13,1157.25,389.98,105.02,80.12,0.9041,1,1
85,14,265.64,226.09,64.71,53.62,0.7817,1,1
85,25,703.20,195.54,89.66,71.37,0.4121,1,1
85,33,926.23,1.18,21.97,15.65,0.7608,1,1
85,72,956.69,98.34,16.67,22.32,0.3690,1,1
85,82,521.47,286.71,26.30,26.22,0.7979,1,1
85,85,48.00,583.07,32.53,46.63,0.3977,1,1
85,88,947.99,838.46,40.55,44.03,0.7273,1,1
85,122,637.81,366.40,47.76,35.00,0.8765,1,1
85,135,176.23,477.67,35.66,39.54,0.8283,1,1
85,136,731.98,166.31,24.03,22.44,0.3875,1,1
85,138,859.91,237.38,21.97,19.61,0.6771,1,1
85,142,151.23,516.23,45.65,32.28,0.8608,1,1
85,143,1148.20,558.45,36.83,43.99,0.7792,1,1
86,1,439.59,428.56,82.39,93.82,0.9014,1,1
86,2,652.97,53.67,50.93,47.72,0.9098,1,1
86,3,443.84,119.31,58.79,46.77,0.9061,1,1
86,4,1006.52,27.21,47.24,48.34,0.8401,1,1
86,5,291.79,247.07,42.10,54.51,0.8784,1,1
86,6,449.72,160.66,41.39,31.19,0.7272,1,1
86,7,660.73,89.54,36.92,38.39,0.8823,1,1
86,9,1450.97,-0.00,43.29,32.12,0.8323,1,1
86,11,1210.83,573.25,43.35,45.01,0.8788,1,1
86,13,1153.26,387.16,107.86,82.70,0.9030,1,1
86,14,265.68,225.50,65.44,54.27,0.7465,1,1
86,25,705.81,194.95,89.59,72.05,0.4397,1,1
86,33,926.08,1.13,21.98,15.42,0.7208,1,1
86,72,956.73,98.63,16.44,22.42,0.5829,1,1
86,82,524.49,283.72,25.04,26.40,0.8117,1,1
86,85,42.09,577.74,48.76,73.38,0.3955,1,1
86,88,949.67,839.65,38.56,39.48,0.8503,1,1
86,122,641.86,359.94,46.19,34.28,0.8818,1,1
86,135,176.82,477.83,34.53,39.89,0.8355,1,1
86,138,860.18,236.76,22.46,19.87,0.6549,1,1
86,142,157.54,516.43,39.45,28.18,0.8617,1,1
86,144,949.65,70.08,26.05,22.22,0.5891,1,1
86,145,531.80,238.85,19.39,17.99,0.5885,1,1
87,1,439.58,428.73,83.16,95.34,0.9091,1,1
87,2,653.36,54.21,51.20,47.71,0.9145,1,1
87,3,443.71,119.26,58.65,46.81,0.9036,1,1
87,4,1006.26,27.07,47.48,48.66,0.8570,1,1
87,5,292.90,248.27,41.11,51.65,0.8842,1,1
87,6,449.67,160.51,42.11,31.73,0.8580,1,1
87,7,661.18,90.72,36.78,37.31,0.8792,1,1
87,9,1451.88,-0.00,42.76,31.57,0.8391,1,1
87,11,1206.17,572.57,45.34,46.93,0.7666,1,1
87,13,1150.31,383.34,110.15,84.85,0.8746,1,1
87,14,265.69,225.23,65.72,54.60,0.5233,1,1
87,33,925.36,1.09,22.24,15.44,0.7056,1,1
87,72,957.68,99.43,16.01,21.98,0.4853,1,1
87,82,525.33,283.87,24.60,25.91,0.8567,1,1
87,85,48.04,574.69,43.59,73.06,0.6628,1,1
87,88,949.05,838.41,37.25,37.95,0.8383,1,1
87,122,645.55,354.92,45.17,33.03,0.8729,1,1
87,135,177.27,477.79,33.58,39.31,0.8316,1,1
87,138,860.34,236.79,22.66,19.87,0.5714,1,1
87,142,161.13,516.97,40.32,28.81,0.8648,1,1
88,1,439.69,428.73,82.97,95.33,0.9080,1,1
88,2,653.31,54.22,51.28,47.70,0.9144,1,1
88,3,443.73,119.26,58.60,46.80,0.9042,1,1
88,4,1006.30,27.08,47.42,48.62,0.8556,1,1
88,5,292.70,248.29,41.55,51.52,0.8841,1,1
88,6,449.65,160.50,42.17,31.77,0.8540,1,1
88,7,660.98,90.73,37.19,37.30,0.8788,1,1
88,9,1451.86,0.00,42.84,31.55,0.8390,1,1
88,11,1205.89,572.52,45.57,47.02,0.7783,1,1
88,13,1150.36,383.18,110.04,84.98,0.8734,1,1
88,14,265.72,225.21,65.70,54.70,0.5410,1,1
88,33,925.22,1.10,22.42,15.45,0.7045,1,1
88,72,957.89,99.62,15.85,21.90,0.4862,1,1
88,82,525.35,283.89,24.59,25.88,0.8566,1,1
88,85,49.80,574.45,40.72,72.99,0.6638,1,1
88,88,948.98,838.36,37.33,37.95,0.8372,1,1
88,122,645.41,354.85,45.49,33.03,0.8733,1,1
88,135,177.42,477.84,33.31,39.27,0.8320,1,1
88,138,860.25,236.80,22.86,19.88,0.5690,1,1
88,142,161.17,516.98,40.35,28.81,0.8651,1,1
89,1,439.80,428.55,83.05,94.60,0.9218,1,1
89,2,653.89,54.32,51.59,48.12,0.9150,1,1
89,3,443.68,119.40,58.16,46.75,0.9032,1,1
89,4,1006.78,27.22,47.32,48.15,0.8838,1,1
89,5,293.05,247.67,42.21,52.21,0.8886,1,1
89,6,450.29,160.13,41.63,31.18,0.7879,1,1
89,7,661.12,91.62,37.30,36.36,0.8692,1,1
89,9,1452.02,-0.00,43.15,31.63,0.8395,1,1
89,11,1204.73,571.17,46.30,47.76,0.5748,1,1
89,13,1149.27,382.36,109.21,84.98,0.8935,1,1
89,14,265.99,225.54,65.53,54.54,0.2686,1,1
89,33,925.17,1.24,22.67,15.47,0.7469,1,1
89,48,703.62,150.12,26.32,20.59,0.4780,1,1
89,82,526.15,284.75,26.29,27.82,0.8275,1,1
89,85,52.11,570.15,39.03,71.36,0.5331,1,1
89,88,948.96,838.69,36.47,36.67,0.7473,1,1
89,122,655.17,352.22,37.69,28.50,0.8203,1,1
89,135,179.33,477.93,32.32,37.77,0.8367,1,1
89,142,163.07,516.39,40.28,28.25,0.8712,1,1
89,148,363.39,365.47,32.16,26.24,0.8009,1,1
89,149,533.01,251.33,31.14,21.94,0.4146,1,1
90,1,439.98,428.58,84.15,94.07,0.9275,1,1
90,2,654.16,54.17,51.64,47.87,0.9159,1,1
90,3,443.20,119.44,58.38,46.79,0.9028,1,1
90,4,1006.39,26.88,48.01,48.81,0.8823,1,1
90,5,293.35,246.87,42.42,52.24,0.8905,1,1
90,6,447.14,159.96,44.22,34.07,0.7801,1,1
90,7,660.67,91.71,37.58,36.52,0.8688,1,1
90,9,1451.09,-0.00,42.82,32.14,0.8370,1,1
90,11,1204.69,570.20,45.44,46.98,0.3957,1,1
90,13,1150.24,383.08,106.04,82.04,0.8408,1,1
90,14,265.99,225.93,66.24,55.06,0.3273,1,1
90,33,925.24,0.93,22.68,15.25,0.7164,1,1
90,82,525.29,284.89,26.93,28.92,0.5230,1,1
90,85,55.40,566.72,37.30,69.82,0.6559,1,1
90,88,951.78,840.46,35.67,34.70,0.8030,1,1
90,122,660.71,345.81,42.98,34.13,0.6145,1,1
90,135,180.57,477.62,32.19,37.05,0.8429,1,1
90,138,860.96,236.14,24.94,21.14,0.6473,1,1
90,142,161.32,516.56,40.81,27.78,0.8584,1,1
90,148,361.16,369.68,37.05,26.17,0.8049,1,1
91,1,439.60,429.14,84.84,93.39,0.9263,1,1
91,2,654.30,53.95,51.57,47.63,0.9135,1,1
91,3,442.71,119.67,58.45,46.63,0.9018,1,1
91,4,1006.53,26.65,48.22,49.04,0.8763,1,1
91,5,294.25,246.78,41.72,50.75,0.8834,1,1
91,6,446.89,160.15,43.73,34.52,0.8122,1,1
91,7,660.48,91.38,37.79,36.87,0.8666,1,1
91,9,1451.46,-0.00,42.76,32.24,0.8381,1,1
91,11,1206.27,568.45,43.24,44.06,0.7538,1,1
91,13,1148.81,382.13,105.59,81.02,0.7727,1,1
91,14,265.88,226.43,66.21,54.91,0.5178,1,1
91,33,925.28,0.95,22.46,14.99,0.7097,1,1
91,82,528.10,289.96,27.50,29.86,0.3850,1,1
91,85,58.55,560.15,35.20,68.16,0.7181,1,1
91,88,956.01,844.02,33.72,32.07,0.8104,1,1
91,108,1148.52,442.23,58.37,47.42,0.3181,1,1
91,122,668.80,340.97,41.01,33.58,0.4558,1,1
91,135,181.69,478.29,30.80,34.70,0.8389,1,1
91,138,862.29,236.45,24.70,20.77,0.6824,1,1
91,142,154.96,517.17,42.14,27.35,0.8657,1,1
91,148,363.62,371.18,38.62,26.32,0.8017,1,1
91,150,69.94,406.72,48.81,33.11,0.4033,1,1
91,153,1149.88,540.90,45.48,38.30,0.8747,1,1
92,1,438.75,429.18,86.00,92.89,0.9277,1,1
92,2,654.03,54.04,51.13,47.64,0.9093,1,1
92,3,442.86,119.82,58.11,46.57,0.9025,1,1
92,4,1006.50,26.73,48.15,49.37,0.8882,1,1
92,5,294.63,246.51,41.81,50.48,0.8817,1,1
92,6,446.16,160.12,43.64,35.53,0.8098,1,1
92,7,660.32,90.56,38.27,37.89,0.8560,1,1
92,9,1452.45,0.00,43.72,32.10,0.8477,1,1
92,11,1203.27,566.24,45.29,44.16,0.8692,1,1
92,13,1146.65,379.67,108.10,83.01,0.7594,1,1
92,14,265.84,226.28,66.43,55.17,0.3611,1,1
92,33,924.97,0.88,22.39,14.98,0.6502,1,1
92,82,528.21,297.64,27.39,29.81,0.2738,1,1
92,85,61.99,555.24,32.34,62.62,0.8494,1,1
92,88,956.57,844.41,34.55,32.21,0.7656,1,1
92,108,1147.80,440.36,59.45,48.57,0.4741,1,1
92,122,680.04,337.25,33.32,35.14,0.8401,1,1
92,135,181.82,478.79,31.30,34.41,0.8805,1,1
92,138,864.06,237.40,24.18,20.18,0.7647,1,1
92,142,153.78,521.08,41.96,27.13,0.8735,1,1
92,148,362.53,371.21,42.46,29.46,0.8334,1,1
92,150,68.94,404.21,50.90,35.38,0.6005,1,1
92,153,1148.97,540.31,47.52,40.90,0.8842,1,1
93,1,437.69,429.35,87.95,93.50,0.9275,1,1
93,2,653.78,53.68,50.40,46.53,0.9083,1,1
93,3,443.13,119.72,57.33,46.64,0.9063,1,1
93,4,1006.97,26.93,48.02,49.38,0.8773,1,1
93,5,294.92,247.12,41.36,49.39,0.8822,1,1
93,6,446.01,160.49,43.42,36.56,0.8260,1,1
93,7,660.22,88.96,38.85,38.79,0.8727,1,1
93,9,1452.25,0.00,44.97,32.34,0.8532,1,1
93,11,1204.00,565.12,44.95,43.67,0.6757,1,1
93,13,1145.50,378.07,108.54,83.84,0.8223,1,1
93,14,266.40,226.33,66.18,54.98,0.5000,1,1
93,16,900.03,114.59,65.43,67.00,0.6629,1,1
93,33,924.68,0.87,22.17,14.94,0.6519,1,1
93,82,539.95,301.39,26.39,27.96,0.3806,1,1
93,85,64.47,547.61,33.67,68.04,0.7815,1,1
93,88,955.88,844.37,35.68,32.79,0.7702,1,1
93,108,1144.31,439.31,60.82,48.42,0.4642,1,1
93,122,685.70,337.46,29.45,35.11,0.8303,1,1
93,135,182.24,480.19,30.52,33.33,0.8603,1,1
93,138,863.87,238.18,24.41,20.34,0.8268,1,1
93,142,143.64,522.90,50.13,32.13,0.8145,1,1
93,148,362.77,370.66,40.36,29.59,0.8485,1,1
93,153,1148.90,540.24,46.44,39.77,0.8872,1,1
94,1,437.51,429.35,88.37,93.47,0.9271,1,1
94,2,653.69,53.69,50.56,46.51,0.9079,1,1
94,3,443.27,119.75,56.95,46.60,0.9064,1,1
94,4,1007.01,26.94,47.91,49.38,0.8762,1,1
94,5,294.83,247.08,41.54,49.39,0.8822,1,1
94,6,446.37,160.49,42.63,36.54,0.8241,1,1
94,7,660.43,88.92,38.65,38.80,0.8751,1,1
94,9,1452.04,0.00,45.43,32.34,0.8532,1,1
94,11,1203.99,565.00,45.09,43.65,0.6714,1,1
94,13,1145.64,378.11,108.22,83.81,0.8214,1,1
94,14,266.38,226.39,66.17,55.01,0.5050,1,1
94,16,899.61,114.55,65.94,66.81,0.6569,1,1
94,33,924.73,0.86,22.03,14.93,0.6463,1,1
94,82,542.00,302.16,26.83,27.66,0.3835,1,1
94,85,65.07,547.31,32.75,68.26,0.7826,1,1
94,88,955.66,844.38,36.06,32.82,0.7699,1,1
94,108,1143.30,439.10,61.72,48.41,0.4531,1,1
94,122,686.73,337.14,27.57,35.41,0.8316,1,1
94,135,182.20,480.23,30.61,33.31,0.8608,1,1
94,138,863.82,238.19,24.48,20.37,0.8275,1,1
94,142,143.19,522.96,50.66,32.24,0.8146,1,1
94,148,363.30,370.64,39.26,29.59,0.8485,1,1
94,150,69.11,402.78,51.83,36.42,0.2693,1,1
94,153,1148.85,540.25,46.53,39.74,0.8869,1,1
94,156,686.54,157.21,33.39,20.53,0.6089,1,1
94,157,943.03,812.37,40.48,34.59,0.5331,1,1
95,1,436.21,429.47,89.50,94.38,0.9259,1,1
95,2,652.94,53.31,50.47,46.53,0.9105,1,1
95,3,444.22,119.81,56.32,46.40,0.9041,1,1
95,4,1006.79,27.32,47.97,49.24,0.8873,1,1
95,5,294.93,247.43,41.18,48.88,0.8816,1,1
95,6,447.76,159.84,41.83,35.78,0.8222,1,1
95,7,659.47,88.88,39.03,39.17,0.8719,1,1
95,9,1451.11,0.00,44.90,32.44,0.8522,1,1
95,11,1204.23,564.80,44.97,43.40,0.5725,1,1
95,13,1145.83,377.50,107.52,83.67,0.8592,1,1
95,14,266.45,226.46,66.14,55.00,0.5452,1,1
95,16,898.97,114.46,66.35,66.71,0.8070,1,1
95,33,924.32,0.93,22.43,15.39,0.7625,1,1
95,85,69.02,539.87,32.18,67.68,0.7933,1,1
95,88,956.70,842.47,37.18,34.16,0.8213,1,1
95,122,690.65,336.54,26.87,34.30,0.6692,1,1
95,135,181.52,480.95,31.38,33.76,0.8629,1,1
95,136,727.00,162.96,25.95,23.65,0.4281,1,1
95,138,864.57,239.28,24.76,20.90,0.8147,1,1
95,142,139.12,522.65,60.30,39.68,0.6454,1,1
95,148,362.59,370.51,38.57,30.48,0.8653,1,1
95,153,1148.63,539.00,45.79,38.88,0.8956,1,1
95,156,684.91,161.70,36.27,22.92,0.5727,1,1
95,159,71.37,539.94,29.05,43.75,0.7329,1,1
96,1,434.99,430.18,90.42,94.21,0.9229,1,1
96,2,652.59,53.51,49.83,45.63,0.9054,1,1
96,3,444.81,120.20,56.24,45.98,0.9074,1,1
96,4,1007.50,27.26,47.73,49.51,0.8738,1,1
96,5,294.94,247.48,41.34,48.94,0.8814,1,1
96,6,447.93,160.00,41.80,35.73,0.8226,1,1
96,7,658.74,88.93,38.93,39.36,0.8821,1,1
96,9,1451.26,-0.00,44.24,32.36,0.8595,1,1
96,11,1203.43,564.97,45.26,43.41,0.5946,1,1
96,13,1146.43,377.11,106.25,82.82,0.8954,1,1
96,14,266.55,226.94,65.65,53.78,0.7527,1,1
96,16,899.26,115.25,65.49,66.02,0.7626,1,1
96,33,924.28,1.04,22.13,15.13,0.7593,1,1
96,85,71.32,532.41,32.09,67.40,0.6565,1,1
96,88,957.59,841.53,36.96,34.26,0.7929,1,1
96,135,181.51,482.09,31.77,33.51,0.8451,1,1
96,136,729.14,164.24,24.16,22.13,0.2686,1,1
96,138,866.37,241.13,24.28,20.15,0.7322,1,1
96,142,146.12,522.26,53.30,37.32,0.6998,1,1
96,148,362.92,371.80,36.77,29.36,0.8605,1,1
96,153,1148.06,538.83,45.14,37.79,0.9055,1,1
96,156,688.55,167.74,31.09,19.60,0.3824,1,1
97,1,433.23,430.20,91.21,94.32,0.9182,1,1
97,2,652.38,53.09,49.81,45.46,0.9080,1,1
97,3,446.20,120.18,56.27,45.80,0.9046,1,1
97,4,1008.23,26.95,47.10,49.48,0.8647,1,1
97,5,295.38,247.80,41.24,48.62,0.8821,1,1
97,6,449.20,160.72,41.80,34.15,0.8632,1,1
97,7,658.10,88.64,38.75,39.55,0.8852,1,1
97,9,1451.33,-0.00,42.89,31.71,0.8611,1,1
97,11,1203.39,566.11,44.66,42.69,0.4514,1,1
97,13,1145.65,376.61,106.23,81.90,0.8887,1,1
97,14,266.40,226.95,66.22,54.06,0.7315,1,1
97,16,899.65,115.37,64.57,64.86,0.7518,1,1
97,33,924.13,0.84,22.16,15.37,0.7649,1,1
97,88,957.72,841.47,37.05,34.08,0.7966,1,1
97,108,1142.84,437.52,62.11,47.80,0.3201,1,1
97,135,181.27,482.27,33.54,35.30,0.8542,1,1
97,138,868.46,242.41,24.68,20.47,0.7849,1,1
97,142,154.64,523.06,44.73,33.97,0.7513,1,1
97,148,362.50,372.97,36.40,28.71,0.8621,1,1
97,153,1147.11,538.82,45.25,37.43,0.9120,1,1
97,156,691.82,170.92,30.01,19.48,0.7362,1,1
97,157,943.36,809.73,42.62,36.51,0.2676,1,1
97,160,510.31,319.08,26.42,30.21,0.3558,1,1
98,1,431.48,430.12,92.27,94.55,0.9174,1,1
98,2,652.18,53.16,49.77,45.25,0.9080,1,1
98,3,447.03,120.32,55.83,45.16,0.9028,1,1
98,4,1008.66,27.51,46.86,49.36,0.8749,1,1
98,5,295.33,248.19,41.24,48.52,0.8848,1,1
98,6,449.39,160.63,42.49,33.98,0.8613,1,1
98,7,658.35,88.50,38.40,39.57,0.8864,1,1
98,9,1451.31,-0.00,41.89,31.32,0.8593,1,1
98,13,1145.26,375.85,106.61,81.96,0.8833,1,1
98,14,266.56,227.14,66.15,53.82,0.7871,1,1
98,16,899.41,116.06,65.37,65.68,0.7035,1,1
98,25,722.81,192.30,89.67,76.01,0.4784,1,1
98,33,923.83,0.84,21.74,15.76,0.7942,1,1
98,88,957.58,841.71,37.20,33.74,0.7993,1,1
98,108,1143.80,437.79,62.81,47.49,0.4931,1,1
98,135,182.15,483.52,31.43,31.94,0.8644,1,1
98,136,728.45,164.27,25.51,22.43,0.7773,1,1
98,138,868.85,244.10,23.83,19.41,0.7850,1,1
98,148,361.70,373.05,37.55,29.30,0.8677,1,1
98,153,1145.87,542.00,42.64,35.10,0.8814,1,1
98,156,690.23,172.35,31.79,20.81,0.4542,1,1
98,160,506.37,326.36,27.39,28.41,0.7954,1,1
98,162,534.63,293.03,41.66,29.65,0.3307,1,1
98,163,63.39,339.59,62.75,66.09,0.2562,1,1
99,1,430.13,430.03,92.52,94.74,0.9160,1,1
99,2,652.18,53.07,49.84,45.36,0.9086,1,1
99,3,447.19,120.17,56.65,45.26,0.9031,1,1
99,4,1007.66,27.40,47.66,49.41,0.8876,1,1
99,5,294.31,248.04,42.71,51.22,0.8905,1,1
99,6,449.59,160.88,42.36,33.48,0.8493,1,1
99,7,658.00,88.70,38.53,39.80,0.8870,1,1
99,9,1451.08,-0.00,40.97,31.40,0.8701,1,1
99,13,1145.36,374.93,105.60,80.75,0.8788,1,1
99,14,266.57,227.28,66.12,53.70,0.7885,1,1
99,16,898.71,115.30,66.37,67.25,0.7809,1,1
99,25,725.86,192.12,86.52,75.26,0.5069,1,1
99,33,924.19,1.03,21.01,15.70,0.8270,1,1
99,88,957.59,843.45,36.35,32.31,0.8252,1,1
99,108,1144.07,436.74,63.74,48.34,0.4585,1,1
99,135,182.08,484.38,32.02,28.26,0.8629,1,1
99,136,727.56,164.22,26.27,22.63,0.8145,1,1
99,138,869.11,244.98,23.97,19.77,0.8098,1,1
99,148,361.00,372.23,37.91,30.01,0.8676,1,1
99,150,71.80,399.44,49.46,36.11,0.5233,1,1
99,153,1142.61,546.42,42.93,38.93,0.8812,1,1
99,157,941.76,808.51,44.09,38.15,0.4218,1,1
99,159,86.93,498.81,30.68,44.21,0.8359,1,1
99,162,531.94,286.09,43.38,32.20,0.6687,1,1
100,1,430.10,430.00,92.55,94.77,0.9154,1,1
100,2,652.20,53.07,49.82,45.33,0.9087,1,1
100,3,447.07,120.16,56.91,45.27,0.9027,1,1
100,4,1007.50,27.39,47.97,49.42,0.8875,1,1
100,5,294.51,248.04,42.37,51.24,0.8908,1,1
100,6,449.43,160.87,42.66,33.51,0.8503,1,1
100,7,658.08,88.65,38.51,39.85,0.8870,1,1
100,9,1451.31,0.00,40.52,31.41,0.8699,1,1
100,13,1145.26,374.99,105.81,80.64,0.8774,1,1
100,14,266.52,227.29,66.18,53.69,0.7897,1,1
100,16,898.81,115.27,66.15,67.35,0.7796,1,1
100,25,726.76,192.10,85.19,75.13,0.4985,1,1
100,33,924.35,1.03,20.70,15.71,0.8258,1,1
100,88,957.39,843.49,36.72,32.30,0.8262,1,1
100,108,1147.66,437.33,62.21,48.07,0.4226,1,1
100,135,181.08,484.39,34.05,28.23,0.8634,1,1
100,136,727.43,164.24,26.48,22.63,0.8135,1,1
100,138,869.22,245.07,23.80,19.79,0.8077,1,1
100,148,361.13,372.25,37.64,29.99,0.8676,1,1
100,150,72.47,399.37,48.22,36.07,0.5305,1,1
100,153,1143.54,546.48,41.02,38.99,0.8811,1,1
100,157,941.83,808.41,43.93,38.33,0.4144,1,1
100,159,86.87,498.60,30.98,44.22,0.8352,1,1
100,162,532.48,285.52,42.02,32.49,0.6881,1,1
101,1,429.16,430.34,93.00,94.15,0.9095,1,1
101,2,652.17,53.04,49.92,45.46,0.9091,1,1
101,3,447.31,120.13,56.85,45.10,0.9013,1,1
101,4,1006.93,27.42,48.46,49.26,0.8904,1,1
101,5,294.72,248.99,41.94,50.33,0.8936,1,1
101,6,449.42,160.90,42.97,33.98,0.8567,1,1
101,7,658.17,88.57,38.46,39.92,0.8867,1,1
101,9,1451.34,-0.00,40.19,31.39,0.8725,1,1
101,13,1144.39,373.64,106.50,81.21,0.8900,1,1
101,14,266.75,227.42,66.04,53.49,0.7898,1,1
101,16,899.55,116.51,65.69,66.59,0.5246,1,1
101,33,924.56,1.21,19.86,15.11,0.7925,1,1
101,88,957.11,844.92,37.09,32.69,0.8480,1,1
101,108,1152.37,437.89,58.45,46.10,0.5186,1,1
101,135,186.13,484.24,29.14,23.61,0.8451,1,1
101,136,726.65,164.38,27.08,23.29,0.7828,1,1
101,138,869.76,244.67,24.17,20.14,0.8095,1,1
101,148,360.25,371.65,37.86,30.75,0.8691,1,1
101,150,73.20,399.16,46.74,36.14,0.7032,1,1
101,153,1141.96,550.06,37.11,37.72,0.7903,1,1
101,156,691.90,181.16,27.99,18.09,0.4757,1,1
101,157,944.18,809.23,42.17,38.20,0.4357,1,1
101,160,491.04,330.61,29.47,30.23,0.5690,1,1
101,162,532.96,283.35,41.80,32.53,0.2685,1,1
102,1,428.24,430.80,93.37,93.61,0.9064,1,1
102,2,652.18,53.16,49.83,45.35,0.9085,1,1
102,3,447.22,120.07,56.81,45.01,0.9008,1,1
102,4,1007.29,27.57,48.22,48.72,0.9023,1,1
102,5,294.09,249.00,42.84,51.74,0.8917,1,1
102,6,450.19,160.68,42.41,33.57,0.8670,1,1
102,7,658.75,88.42,38.06,39.96,0.8845,1,1
102,9,1451.34,-0.00,39.87,31.43,0.8748,1,1
102,11,1210.04,579.49,41.07,41.03,0.7570,1,1
102,13,1144.51,372.98,105.92,80.51,0.8810,1,1
102,14,266.86,227.44,66.23,53.37,0.7993,1,1
102,16,900.42,116.54,66.93,66.08,0.6906,1,1
102,25,730.77,190.23,83.27,76.37,0.6189,1,1
102,33,924.93,1.44,19.19,14.47,0.7866,1,1
102,72,960.43,96.58,18.19,24.84,0.4850,1,1
102,88,956.04,845.11,38.19,34.61,0.8499,1,1
102,108,1154.48,437.95,56.64,45.52,0.5893,1,1
102,136,723.93,164.74,26.83,23.01,0.4191,1,1
102,138,869.97,244.08,24.49,20.46,0.7961,1,1
102,148,359.81,372.28,37.12,30.16,0.8655,1,1
102,150,73.15,398.84,46.86,36.57,0.4772,1,1
102,156,692.63,182.05,30.31,19.51,0.7860,1,1
102,157,945.32,811.64,38.69,36.21,0.6484,1,1
102,159,90.35,480.00,32.30,45.96,0.3014,1,1
102,160,489.87,331.81,33.13,30.90,0.8130,1,1
103,1,427.76,431.29,93.91,93.35,0.8980,1,1
103,2,652.23,53.19,49.75,45.23,0.9062,1,1
103,3,447.28,120.02,56.22,43.78,0.9015,1,1
103,4,1006.96,27.80,47.91,47.78,0.9068,1,1
103,5,294.53,249.49,42.43,51.01,0.8973,1,1
103,6,449.29,160.06,43.12,33.96,0.8553,1,1
103,7,658.50,88.16,38.31,40.39,0.8815,1,1
103,9,1451.45,-0.00,39.76,31.38,0.8739,1,1
103,11,1211.70,582.00,40.96,43.23,0.7894,1,1
103,13,1144.47,371.70,105.01,80.85,0.8707,1,1
103,14,266.81,227.30,66.64,53.47,0.7890,1,1
103,16,900.72,116.16,67.81,65.95,0.5759,1,1
103,25,735.30,188.56,81.05,78.31,0.7376,1,1
103,33,924.76,1.36,19.15,14.31,0.7907,1,1
103,72,960.34,96.12,17.79,24.42,0.3265,1,1
103,88,955.84,845.87,38.71,36.01,0.8737,1,1
103,108,1152.77,436.24,56.37,46.55,0.7496,1,1
103,138,870.33,243.77,24.78,20.87,0.7807,1,1
103,148,359.88,372.73,36.48,29.35,0.8644,1,1
103,156,692.02,183.11,29.28,18.31,0.7111,1,1
103,157,946.53,813.22,37.26,35.10,0.3440,1,1
103,160,488.76,332.01,34.11,30.49,0.8332,1,1
103,164,530.89,286.34,40.09,35.39,0.2986,1,1
104,1,427.39,431.14,94.47,93.44,0.8973,1,1
104,2,652.13,53.32,49.82,45.56,0.9044,1,1
104,3,447.45,120.08,56.09,42.80,0.8982,1,1
104,4,1007.87,27.90,46.93,47.16,0.9067,1,1
104,5,294.58,249.46,42.45,51.06,0.9061,1,1
104,6,448.13,159.43,44.15,34.93,0.8246,1,1
104,7,659.11,87.84,38.23,40.68,0.8784,1,1
104,9,1451.73,0.00,40.29,31.31,0.8731,1,1
104,11,1213.61,583.51,39.88,43.65,0.8369,1,1
104,13,1144.86,371.18,103.60,79.75,0.8591,1,1
104,14,266.91,227.37,66.55,53.21,0.8360,1,1
104,16,901.07,116.41,69.15,64.95,0.6873,1,1
104,25,737.41,188.02,78.38,77.50,0.7181,1,1
104,33,924.89,1.42,19.23,14.34,0.8099,1,1
104,72,960.14,96.64,17.51,24.27,0.2528,1,1
104,88,955.11,845.09,39.22,37.83,0.8639,1,1
104,108,1150.68,434.45,57.34,47.29,0.7686,1,1
104,136,722.51,166.70,26.34,22.32,0.5211,1,1
104,138,871.28,243.92,25.00,20.81,0.7725,1,1
104,148,359.68,371.99,37.04,30.00,0.8679,1,1
104,156,694.41,184.50,28.68,17.37,0.5832,1,1
104,160,488.74,332.03,34.70,30.11,0.7849,1,1
104,165,940.30,73.88,22.61,17.33,0.4870,1,1
104,166,977.64,42.39,14.24,21.51,0.3667,1,1
105,1,427.30,432.15,94.12,92.07,0.8806,1,1
105,2,652.02,53.32,50.49,46.98,0.9080,1,1
105,3,446.74,119.20,56.44,43.21,0.8971,1,1
105,4,1008.03,28.18,46.60,46.11,0.9028,1,1
105,5,293.68,249.11,43.38,52.41,0.9071,1,1
105,6,448.41,159.03,43.53,35.22,0.8239,1,1
105,7,659.42,88.35,37.47,39.81,0.8741,1,1
105,9,1451.91,0.00,41.36,31.34,0.8724,1,1
105,11,1216.95,584.44,38.30,43.71,0.8548,1,1
105,13,1143.59,370.55,104.23,80.15,0.7793,1,1
105,14,266.89,227.29,66.90,53.26,0.8253,1,1
105,16,901.71,116.91,70.46,65.63,0.3864,1,1
105,25,738.43,187.12,78.15,78.15,0.6769,1,1
105,33,925.36,1.46,18.85,14.04,0.8111,1,1
105,88,958.06,842.43,39.98,39.24,0.7985,1,1
105,108,1143.60,431.89,61.17,48.78,0.6940,1,1
105,136,723.41,167.37,26.04,22.01,0.7404,1,1
105,138,871.47,243.58,25.60,21.41,0.7603,1,1
105,148,358.88,371.24,37.26,30.26,0.8644,1,1
105,160,490.05,332.55,33.20,28.30,0.7294,1,1
105,165,944.32,72.84,22.21,16.67,0.7268,1,1
105,166,977.96,43.26,14.29,21.30,0.5600,1,1
106,1,427.05,432.15,94.59,92.06,0.8808,1,1
106,2,652.16,53.32,50.19,46.99,0.9084,1,1
106,3,446.76,119.22,56.37,43.20,0.8971,1,1
106,4,1007.94,28.20,46.82,46.10,0.9028,1,1
106,5,293.67,249.21,43.31,52.29,0.9067,1,1
106,6,448.63,159.05,43.03,35.33,0.8233,1,1
106,7,659.52,88.33,37.46,39.79,0.8738,1,1
106,9,1451.68,0.00,41.86,31.35,0.8722,1,1
106,11,1217.41,584.44,37.58,43.74,0.8555,1,1
106,13,1143.51,370.56,104.15,79.97,0.7951,1,1
106,14,266.81,227.33,67.01,53.19,0.8382,1,1
106,16,901.59,117.07,71.30,65.81,0.4034,1,1
106,25,738.81,187.05,77.47,78.11,0.6753,1,1
106,33,925.36,1.46,18.84,14.03,0.8096,1,1
106,88,958.42,842.32,39.49,39.28,0.7975,1,1
106,108,1142.32,431.75,62.78,48.77,0.7045,1,1
106,136,723.40,167.38,26.08,22.02,0.7393,1,1
106,138,871.54,243.47,25.70,21.54,0.7642,1,1
106,148,358.90,371.16,37.22,30.27,0.8646,1,1
106,160,489.92,332.54,33.54,28.21,0.7277,1,1
106,165,944.35,72.80,22.47,16.63,0.7225,1,1
106,166,977.93,43.35,14.42,21.26,0.5389,1,1
107,1,427.00,431.56,94.99,93.38,0.8898,1,1
107,2,652.12,53.13,50.39,47.59,0.9078,1,1
107,3,445.43,118.43,56.21,43.20,0.9032,1,1
107,4,1007.24,28.55,46.62,45.20,0.9008,1,1
107,5,293.16,248.82,43.46,52.50,0.9070,1,1
107,6,447.79,158.43,43.95,37.35,0.8499,1,1
107,7,660.44,87.92,37.23,39.75,0.8732,1,1
107,9,1451.80,-0.00,41.62,30.71,0.8658,1,1
107,11,1219.58,584.02,37.23,42.55,0.8544,1,1
107,13,1143.01,369.34,103.81,79.51,0.7103,1,1
107,14,266.52,226.87,67.48,53.80,0.8451,1,1
107,25,739.66,186.73,76.90,77.89,0.6993,1,1
107,33,925.32,1.47,18.93,14.12,0.8039,1,1
107,88,964.70,841.27,41.24,41.08,0.4221,1,1
107,108,1138.05,428.94,66.09,50.20,0.4952,1,1
107,136,721.82,167.47,27.20,23.30,0.7918,1,1
107,138,871.75,244.07,25.64,21.39,0.7537,1,1
107,148,357.57,371.08,38.30,30.18,0.8665,1,1
107,160,491.04,333.11,33.00,26.93,0.7172,1,1
107,165,945.66,71.36,21.84,16.63,0.6324,1,1
107,166,977.79,43.69,14.62,21.20,0.6986,1,1
107,168,539.10,312.48,22.77,43.31,0.2833,1,1
108,1,428.00,431.36,94.24,93.41,0.8997,1,1
108,2,652.16,52.82,50.67,48.40,0.9093,1,1
108,3,445.54,118.50,55.44,41.95,0.8998,1,1
108,4,1006.70,28.28,46.20,44.39,0.9059,1,1
108,5,293.42,249.62,42.97,51.86,0.8982,1,1
108,6,447.87,156.99,43.17,37.45,0.8564,1,1
108,7,661.86,87.47,36.26,39.04,0.8724,1,1
108,9,1451.44,-0.00,41.33,30.55,0.8601,1,1
108,11,1222.17,581.43,35.63,40.56,0.4236,1,1
108,13,1140.90,367.73,103.86,80.08,0.8380,1,1
108,14,266.53,226.70,67.31,53.59,0.8585,1,1
108,25,740.89,186.56,77.10,78.68,0.6832,1,1
108,33,925.34,1.45,18.82,13.97,0.7889,1,1
108,108,1136.18,427.31,69.22,50.98,0.6392,1,1
108,136,721.41,169.31,27.13,24.17,0.7140,1,1
108,138,871.69,244.19,26.37,22.25,0.7499,1,1
108,148,357.29,371.16,38.35,29.66,0.8642,1,1
108,160,490.93,332.86,32.20,26.11,0.4171,1,1
108,165,950.43,69.07,22.42,17.35,0.5223,1,1
108,166,977.96,44.01,14.63,20.90,0.6691,1,1
108,168,539.13,316.80,22.75,43.24,0.7257,1,1
109,1,428.85,431.48,94.07,93.18,0.8993,1,1
109,2,652.32,52.77,50.88,48.82,0.9088,1,1
109,3,445.38,117.18,55.61,42.38,0.8943,1,1
109,4,1006.23,27.93,46.37,44.93,0.9075,1,1
109,5,293.08,249.73,42.89,52.11,0.9001,1,1
109,6,448.06,156.46,42.64,36.95,0.8623,1,1
109,7,662.01,87.94,35.81,38.22,0.8840,1,1
109,9,1451.76,0.00,41.78,30.73,0.8540,1,1
109,13,1139.91,366.48,103.38,79.36,0.8929,1,1
109,14,266.41,226.67,67.63,53.82,0.8659,1,1
109,25,742.40,186.68,76.58,78.93,0.6969,1,1
109,33,925.07,1.47,18.68,14.01,0.7739,1,1
109,108,1136.80,427.32,68.18,49.88,0.6407,1,1
109,136,720.10,169.86,28.27,26.05,0.7185,1,1
109,138,872.62,243.79,27.80,23.71,0.7750,1,1
109,148,356.88,371.00,38.50,29.48,0.8675,1,1
109,165,950.28,67.70,23.04,17.67,0.4998,1,1
109,166,977.72,44.19,14.79,21.05,0.6287,1,1
110,1,429.96,430.83,93.22,94.40,0.9091,1,1
110,2,652.40,52.77,51.14,49.42,0.9086,1,1
110,3,445.64,117.20,55.30,41.95,0.8958,1,1
110,4,1006.25,28.26,45.90,44.28,0.9076,1,1
110,5,293.43,249.98,41.85,50.25,0.8891,1,1
110,6,448.13,155.86,42.48,37.42,0.8684,1,1
110,7,664.43,87.64,35.09,37.71,0.8835,1,1
110,9,1451.60,0.00,41.55,30.65,0.8525,1,1
110,13,1139.56,365.88,102.73,77.29,0.8915,1,1
110,14,266.31,226.72,67.24,53.51,0.8622,1,1
110,25,742.77,186.59,75.95,78.56,0.6528,1,1
110,33,925.37,1.40,18.69,14.05,0.7694,1,1
110,108,1135.60,425.70,69.99,50.72,0.6697,1,1
110,136,720.40,169.47,25.87,24.96,0.7864,1,1
110,138,873.64,243.64,27.65,23.66,0.7914,1,1
110,148,356.78,370.93,38.89,29.69,0.8669,1,1
110,166,977.85,45.62,14.82,21.29,0.7158,1,1
110,168,540.59,324.09,21.21,39.54,0.5327,1,1
111,1,431.17,430.92,92.07,93.34,0.9160,1,1
111,2,652.89,52.76,50.97,48.66,0.9090,1,1
111,3,445.46,117.39,54.98,41.85,0.8964,1,1
111,4,1006.11,28.25,46.19,44.57,0.9093,1,1
111,5,292.34,250.01,42.43,50.22,0.8811,1,1
111,6,448.19,156.04,42.46,37.97,0.8717,1,1
111,7,664.44,87.73,35.02,36.95,0.8926,1,1
111,9,1451.64,0.00,41.58,30.92,0.8573,1,1
111,13,1138.94,364.60,103.00,77.02,0.8591,1,1
111,14,266.05,226.76,67.22,53.49,0.8750,1,1
111,25,743.50,186.96,75.26,78.22,0.8134,1,1
111,33,925.37,1.22,18.59,13.97,0.7704,1,1
111,88,982.52,852.41,40.52,41.71,0.7188,1,1
111,108,1137.56,423.64,71.06,52.63,0.5430,1,1
111,136,719.28,168.41,26.05,25.22,0.5600,1,1
111,138,875.06,245.28,26.55,22.26,0.7456,1,1
111,148,356.55,371.00,39.23,29.96,0.8656,1,1
111,166,977.55,46.80,14.84,21.46,0.3687,1,1
111,168,541.13,324.24,21.35,38.89,0.6435,1,1
111,176,397.76,542.58,30.94,41.90,0.8599,1,1
112,1,431.20,430.91,92.03,93.32,0.9165,1,1
112,2,652.76,52.78,51.23,48.77,0.9089,1,1
112,3,445.50,117.41,54.89,41.78,0.8970,1,1
112,4,1006.10,28.24,46.20,44.57,0.9093,1,1
112,5,292.19,250.01,42.71,50.23,0.8811,1,1
112,6,448.43,156.03,42.08,37.90,0.8710,1,1
112,7,664.33,87.73,35.28,36.95,0.8923,1,1
112,9,1451.70,0.00,41.38,30.91,0.8570,1,1
112,13,1138.75,364.63,103.31,76.95,0.8620,1,1
112,14,266.05,226.76,67.21,53.45,0.8747,1,1
112,25,743.62,186.93,74.98,78.02,0.8036,1,1
112,33,925.39,1.26,18.59,13.93,0.7631,1,1
112,88,983.14,852.62,39.87,41.66,0.7197,1,1
112,108,1138.57,423.29,69.86,52.88,0.5740,1,1
112,136,719.14,168.23,26.03,25.27,0.5518,1,1
112,138,874.92,245.33,26.87,22.22,0.7466,1,1
112,148,356.56,370.92,39.28,30.03,0.8665,1,1
112,166,977.47,47.08,14.79,21.53,0.3695,1,1
112,168,541.02,324.21,21.66,38.85,0.6447,1,1
112,176,397.85,542.59,30.65,41.90,0.8588,1,1
112,177,685.47,340.61,27.47,28.41,0.8622,1,1
112,179,114.09,496.22,36.14,40.51,0.8172,1,1
113,1,432.36,430.97,91.65,92.73,0.9195,1,1
113,2,653.02,52.72,51.26,48.36,0.9108,1,1
113,3,445.43,117.51,55.04,41.98,0.8955,1,1
113,4,1006.28,28.34,46.07,45.02,0.9043,1,1
113,5,293.05,250.77,41.54,48.88,0.8862,1,1
113,6,448.51,156.17,42.04,37.96,0.8721,1,1
113,7,664.90,87.55,35.35,36.87,0.8958,1,1
113,9,1451.82,0.00,41.49,30.96,0.8565,1,1
113,13,1139.00,363.16,104.11,77.87,0.8570,1,1
113,14,266.01,227.30,67.13,53.23,0.7937,1,1
113,25,743.39,186.93,75.01,77.91,0.8345,1,1
113,33,925.45,1.21,18.56,13.86,0.7700,1,1
113,48,699.90,161.89,43.51,32.79,0.8474,1,1
113,88,980.98,856.37,40.28,37.14,0.8619,1,1
113,108,1140.13,423.36,68.70,52.95,0.5952,1,1
113,138,875.80,247.27,26.44,22.09,0.7831,1,1
113,148,356.41,370.83,39.11,30.08,0.8627,1,1
113,176,393.71,543.69,32.11,43.65,0.8230,1,1
113,177,679.71,343.12,29.02,27.12,0.8582,1,1
113,179,113.52,498.01,43.53,50.45,0.8108,1,1
114,1,433.81,430.09,91.29,93.48,0.9227,1,1
114,2,652.90,52.75,51.60,48.32,0.9118,1,1
114,3,445.42,117.36,54.87,42.18,0.8883,1,1
114,4,1006.25,28.36,45.61,45.19,0.8963,1,1
114,5,293.93,251.11,40.35,48.21,0.8819,1,1
114,6,448.48,156.36,41.81,38.10,0.8704,1,1
114,7,665.57,87.86,34.34,36.13,0.8910,1,1
114,9,1451.69,0.00,41.66,31.25,0.8644,1,1
114,13,1138.83,362.76,104.33,77.97,0.8511,1,1
114,14,265.68,227.51,67.07,53.24,0.7804,1,1
114,16,909.88,118.67,70.51,63.69,0.3004,1,1
114,25,743.01,187.11,75.50,77.89,0.8544,1,1
114,33,925.45,1.10,18.76,13.94,0.7180,1,1
114,48,700.42,155.35,42.61,34.40,0.7283,1,1
114,88,982.62,857.22,45.55,41.35,0.8754,1,1
114,108,1140.48,422.80,68.19,53.39,0.6700,1,1
114,138,877.31,247.23,26.76,22.18,0.4675,1,1
114,148,356.22,370.63,39.38,30.59,0.8641,1,1
114,176,393.64,551.55,28.27,37.67,0.6691,1,1
114,177,680.53,344.95,29.00,25.97,0.8515,1,1
114,179,116.16,502.61,43.86,52.27,0.7050,1,1
115,1,434.96,430.01,90.90,93.15,0.9271,1,1
115,2,652.49,52.73,52.04,48.79,0.9137,1,1
115,3,445.64,117.40,54.00,41.64,0.8775,1,1
115,4,1006.01,28.46,45.81,45.92,0.8741,1,1
115,5,293.45,249.88,40.89,49.69,0.8648,1,1
115,6,448.70,156.46,41.16,37.67,0.8689,1,1
115,7,666.36,88.22,33.66,35.30,0.8819,1,1
115,9,1451.69,0.00,41.62,31.37,0.8663,1,1
115,13,1139.53,363.17,102.97,76.50,0.8438,1,1
115,14,264.98,226.71,67.32,53.60,0.6884,1,1
115,16,909.92,118.89,72.21,64.41,0.2568,1,1
115,25,741.93,187.24,76.30,77.34,0.8808,1,1
115,33,925.21,1.00,18.94,14.11,0.7086,1,1
115,48,708.45,164.80,33.11,28.12,0.5974,1,1
115,88,985.13,858.21,49.85,40.29,0.8593,1,1
115,108,1142.45,423.08,66.53,53.21,0.6877,1,1
115,148,356.87,370.69,38.88,30.65,0.8639,1,1
115,176,397.89,551.27,30.48,40.92,0.7235,1,1
115,177,680.60,348.45,32.52,31.12,0.8046,1,1
115,179,125.38,512.25,37.90,45.18,0.4068,1,1
116,1,435.77,430.03,90.17,93.48,0.9249,1,1
116,2,652.08,52.74,51.78,48.61,0.9136,1,1
116,3,444.70,117.45,54.07,42.61,0.8881,1,1
116,4,1006.59,28.49,45.71,46.39,0.8583,1,1
116,5,293.48,249.55,40.38,50.00,0.8744,1,1
116,6,448.95,156.99,40.40,37.10,0.8741,1,1
116,7,666.67,87.81,33.42,35.72,0.8777,1,1
116,9,1451.89,0.00,41.13,31.24,0.8679,1,1
116,13,1138.34,362.83,103.74,76.67,0.8607,1,1
116,14,264.53,226.78,66.88,53.43,0.5469,1,1
116,16,910.65,119.09,74.08,65.84,0.4199,1,1
116,25,741.44,187.43,77.24,76.68,0.8944,1,1
116,33,925.54,0.79,18.85,13.92,0.7335,1,1
116,48,708.95,167.28,31.85,27.87,0.4196,1,1
116,88,982.04,860.17,57.74,44.66,0.6595,1,1
116,108,1142.13,422.81,66.46,53.39,0.7011,1,1
116,148,356.50,370.71,38.99,30.34,0.8607,1,1
116,176,405.76,548.15,27.00,34.52,0.8460,1,1
116,177,684.67,349.69,29.90,28.68,0.3219,1,1
116,179,129.94,515.74,35.20,42.21,0.5050,1,1
116,185,96.46,523.26,30.90,21.44,0.7193,1,1
116,186,695.09,328.62,24.75,20.84,0.3294,1,1
117,1,436.54,429.84,89.59,93.51,0.9289,1,1
117,2,651.61,52.72,51.91,48.93,0.9132,1,1
117,3,444.56,117.56,53.87,42.38,0.8930,1,1
117,4,1006.19,27.99,46.38,47.72,0.8515,1,1
117,5,291.32,249.22,41.99,51.96,0.8819,1,1
117,6,448.42,156.96,40.73,38.06,0.8742,1,1
117,7,666.50,88.21,32.84,35.47,0.8770,1,1
117,9,1451.99,0.00,40.97,31.18,0.8668,1,1
117,13,1137.65,362.35,104.79,77.11,0.8699,1,1
117,14,264.51,226.76,66.62,53.37,0.5271,1,1
117,16,909.15,119.69,75.44,66.30,0.7039,1,1
117,25,739.68,187.15,77.84,78.64,0.8893,1,1
117,33,925.90,0.88,18.94,13.82,0.7329,1,1
117,88,995.99,863.98,55.20,40.54,0.8469,1,1
117,108,1141.90,422.90,66.36,53.47,0.6708,1,1
117,138,874.77,251.55,25.28,21.12,0.7487,1,1
117,148,356.49,370.60,39.10,30.37,0.8604,1,1
117,176,411.37,542.43,28.60,36.59,0.8594,1,1
117,179,131.29,524.24,36.13,44.42,0.4761,1,1
117,185,94.97,525.89,30.85,20.11,0.7329,1,1
117,186,695.56,328.84,24.31,20.14,0.4457,1,1
118,1,436.63,429.83,89.44,93.52,0.9292,1,1
118,2,651.64,52.70,51.84,48.94,0.9134,1,1
118,3,444.57,117.57,53.88,42.37,0.8932,1,1
118,4,1006.35,27.98,46.05,47.75,0.8520,1,1
118,5,291.27,249.25,42.03,51.99,0.8818,1,1
118,6,448.57,156.97,40.39,38.03,0.8742,1,1
118,7,666.57,88.22,32.67,35.47,0.8772,1,1
118,9,1452.02,0.00,40.92,31.18,0.8668,1,1
118,13,1137.57,362.35,104.95,77.11,0.8706,1,1
118,14,264.53,226.70,66.48,53.42,0.5416,1,1
118,16,908.92,119.72,75.79,66.34,0.7041,1,1
118,25,739.94,187.15,77.27,78.66,0.8893,1,1
118,33,925.84,0.88,19.09,13.82,0.7331,1,1
118,88,995.83,864.07,56.19,40.44,0.8472,1,1
118,108,1142.00,422.92,66.20,53.47,0.6696,1,1
118,138,874.76,251.63,25.17,21.10,0.7483,1,1
118,148,356.50,370.60,39.12,30.35,0.8603,1,1
118,176,411.48,542.32,28.60,36.58,0.8593,1,1
118,179,131.79,525.69,35.60,44.89,0.4858,1,1
118,185,94.25,526.01,32.11,20.09,0.7332,1,1
118,186,695.46,328.86,24.58,20.03,0.4396,1,1
118,190,494.97,320.82,40.16,29.23,0.8288,1,1
119,1,437.26,429.88,88.97,93.09,0.9313,1,1
119,2,651.68,52.87,51.47,48.45,0.9121,1,1
119,3,444.40,117.65,54.15,42.61,0.8932,1,1
119,4,1006.59,27.93,46.19,47.89,0.8730,1,1
119,5,291.76,248.95,41.55,51.65,0.8827,1,1
119,6,448.04,157.08,41.89,40.31,0.8834,1,1
119,7,666.70,87.42,32.47,36.07,0.8760,1,1
119,9,1452.20,0.00,40.62,30.93,0.8673,1,1
119,13,1136.21,361.83,104.55,77.65,0.8581,1,1
119,14,264.42,226.60,66.39,53.44,0.4614,1,1
119,16,908.52,121.14,74.85,65.66,0.7833,1,1
119,25,736.42,187.27,79.04,81.92,0.8338,1,1
119,33,926.13,0.82,18.98,13.71,0.7588,1,1
119,88,1000.48,866.83,57.38,41.41,0.8552,1,1
119,108,1140.99,422.58,66.11,53.85,0.7026,1,1
119,138,873.52,253.32,24.01,19.54,0.8549,1,1
119,148,356.49,370.55,39.19,30.44,0.8601,1,1
119,176,417.39,537.40,29.10,35.01,0.8824,1,1
119,179,134.41,529.87,34.21,45.02,0.5340,1,1
119,185,92.66,525.57,36.43,24.22,0.8273,1,1
119,186,694.91,328.13,25.83,20.96,0.3045,1,1
119,190,497.77,320.85,38.80,29.73,0.8453,1,1
119,191,540.99,303.93,22.41,41.82,0.7650,1,1
120,1,437.61,429.70,88.32,93.02,0.9332,1,1
120,2,651.73,52.79,51.17,47.72,0.9121,1,1
120,3,444.05,117.93,53.80,41.42,0.8970,1,1
120,4,1006.53,27.84,46.90,47.72,0.8872,1,1
120,5,292.75,249.07,40.49,50.60,0.8804,1,1
120,6,448.14,156.74,41.30,40.09,0.8884,1,1
120,7,667.13,87.36,31.73,36.26,0.8800,1,1
120,9,1452.22,0.00,40.51,30.78,0.8648,1,1
120,13,1135.53,361.08,104.97,78.41,0.8529,1,1
120,14,264.62,226.67,66.30,53.43,0.2830,1,1
120,16,908.57,122.81,74.70,65.10,0.7518,1,1
120,25,735.45,186.20,81.91,84.98,0.5685,1,1
120,33,926.96,0.99,18.59,13.30,0.7177,1,1
120,48,707.36,160.59,33.51,29.82,0.3810,1,1
120,88,1005.43,868.90,56.35,41.15,0.7821,1,1
120,108,1139.08,421.91,66.80,54.16,0.6892,1,1
120,136,710.35,159.80,35.08,34.29,0.4736,1,1
120,138,872.96,254.64,24.24,19.02,0.8470,1,1
120,148,357.16,370.55,38.57,30.38,0.8610,1,1
120,157,949.28,810.73,44.64,39.84,0.4747,1,1
120,176,420.74,533.30,29.11,34.77,0.8581,1,1
120,179,133.25,536.37,34.16,48.28,0.6709,1,1
120,185,90.74,526.45,35.88,25.12,0.8134,1,1
120,190,500.30,321.03,35.28,28.76,0.8718,1,1
120,191,540.53,302.13,21.04,40.41,0.7669,1,1
121,1,438.37,429.19,88.74,93.81,0.9334,1,1
121,2,651.74,52.77,51.11,47.11,0.9107,1,1
121,3,443.60,118.01,53.42,41.08,0.8995,1,1
121,4,1007.04,27.30,47.88,49.27,0.8394,1,1
121,5,293.94,249.14,38.98,48.45,0.8623,1,1
121,6,448.58,156.76,40.47,39.01,0.8858,1,1
121,7,667.55,88.60,31.60,35.18,0.8918,1,1
121,9,1453.23,0.00,42.67,31.09,0.8559,1,1
121,13,1135.07,360.74,105.48,79.21,0.6847,1,1
121,14,264.05,226.94,66.11,52.92,0.8542,1,1
121,16,909.33,125.33,73.53,63.22,0.7154,1,1
121,25,733.97,184.44,85.14,89.02,0.6453,1,1
121,33,928.92,1.21,17.71,12.72,0.3484,1,1
121,88,1009.29,872.68,54.01,38.58,0.8187,1,1
121,108,1140.78,421.38,66.48,54.14,0.4992,1,1
121,138,872.46,255.85,26.40,20.44,0.8335,1,1
121,148,354.76,371.55,38.32,28.45,0.8527,1,1
121,157,943.21,800.45,52.51,46.73,0.7216,1,1
121,176,425.71,527.73,28.23,35.63,0.8456,1,1
121,179,132.13,540.67,33.36,48.91,0.6764,1,1
121,185,91.93,527.07,32.88,24.09,0.8407,1,1
121,190,502.75,320.59,31.57,27.95,0.8778,1,1
121,191,539.84,299.90,20.65,39.49,0.2763,1,1
121,194,910.04,77.51,33.38,24.83,0.4204,1,1
121,197,682.48,343.86,22.02,27.74,0.3169,1,1
122,1,438.64,429.14,88.78,94.35,0.9354,1,1
122,2,651.53,52.80,51.58,47.22,0.9091,1,1
122,3,442.80,118.17,53.82,40.87,0.9050,1,1
122,4,1007.28,27.20,47.80,49.49,0.7971,1,1
122,5,291.57,249.18,41.31,52.38,0.8802,1,1
122,6,448.64,155.72,40.35,38.56,0.8773,1,1
122,7,667.49,88.22,31.88,35.40,0.8875,1,1
122,9,1452.42,-0.00,43.19,30.79,0.8421,1,1
122,13,1136.64,361.14,101.92,76.59,0.8620,1,1
122,14,264.15,227.24,66.30,52.84,0.8133,1,1
122,16,907.13,126.38,77.37,67.06,0.7686,1,1
122,25,734.89,183.58,84.97,91.08,0.7293,1,1
122,33,929.53,1.31,17.48,12.59,0.4200,1,1
122,88,1009.62,871.53,55.76,39.61,0.8300,1,1
122,108,1144.44,421.39,64.92,53.64,0.6093,1,1
122,138,871.40,256.40,26.97,19.91,0.8508,1,1
122,148,354.15,371.62,39.39,28.37,0.8515,1,1
122,157,942.94,792.92,54.71,50.64,0.8622,1,1
122,176,428.11,527.28,25.94,35.25,0.8694,1,1
122,179,131.05,543.68,32.41,48.81,0.5743,1,1
122,185,91.21,526.47,33.20,26.55,0.8486,1,1
122,190,506.72,320.61,28.72,26.64,0.8854,1,1
122,191,540.39,299.18,20.49,38.81,0.5617,1,1
122,194,907.08,80.20,33.45,25.41,0.6777,1,1
123,1,439.18,429.35,88.36,93.96,0.9331,1,1
123,2,651.99,52.49,51.64,47.41,0.9054,1,1
123,3,442.89,118.45,53.51,40.38,0.9027,1,1
123,4,1007.69,27.40,47.36,49.21,0.8030,1,1
123,5,291.96,249.66,40.68,51.51,0.8659,1,1
123,6,447.99,155.75,40.75,39.23,0.8908,1,1
123,7,667.56,87.94,32.28,35.80,0.8833,1,1
123,9,1452.05,0.00,43.70,30.86,0.8411,1,1
123,13,1136.10,360.38,101.73,75.78,0.8689,1,1
123,14,264.11,227.12,66.51,52.81,0.8769,1,1
123,16,907.44,127.82,74.90,64.59,0.8151,1,1
123,25,736.87,182.41,81.98,92.33,0.8373,1,1
123,33,929.73,1.57,17.26,12.46,0.5335,1,1
123,48,707.63,163.19,27.40,23.91,0.4930,1,1
123,88,1010.11,871.05,55.75,39.44,0.6159,1,1
123,108,1142.48,419.82,65.88,54.97,0.6722,1,1
123,138,871.70,258.56,26.69,18.53,0.7386,1,1
123,148,353.63,371.58,39.75,28.60,0.8530,1,1
123,157,941.12,789.53,56.79,50.80,0.8484,1,1
123,176,430.84,532.14,22.37,30.35,0.4253,1,1
123,179,130.13,543.19,31.01,48.03,0.6882,1,1
123,185,90.96,524.79,33.60,29.21,0.8501,1,1
123,190,508.60,319.43,27.29,25.90,0.8641,1,1
123,191,541.45,299.17,20.70,38.42,0.5486,1,1
123,194,904.58,82.05,32.48,25.19,0.5601,1,1
123,199,1064.33,1016.74,26.84,27.65,0.2956,1,1
124,1,439.18,429.34,88.26,93.82,0.9343,1,1
124,2,652.04,52.57,51.57,47.31,0.9057,1,1
124,3,442.78,118.34,53.73,40.50,0.9032,1,1
124,4,1007.74,27.40,47.25,49.22,0.8072,1,1
124,5,292.23,249.66,40.42,51.13,0.8691,1,1
124,6,448.09,155.70,40.58,39.11,0.8902,1,1
124,7,667.56,87.92,32.30,35.81,0.8838,1,1
124,9,1451.93,0.00,43.92,30.86,0.8410,1,1
124,13,1135.99,360.38,101.97,75.61,0.8715,1,1
124,14,264.13,227.05,66.63,52.96,0.8707,1,1
124,16,907.38,127.87,74.91,64.41,0.8138,1,1
124,25,737.68,182.37,80.39,92.37,0.8374,1,1
124,33,929.62,1.62,17.23,12.45,0.5282,1,1
124,48,707.48,163.35,27.32,23.54,0.4938,1,1
124,88,1010.05,871.01,55.88,39.34,0.6467,1,1
124,108,1142.30,419.66,65.60,55.13,0.6794,1,1
124,138,871.03,258.64,28.05,18.48,0.7408,1,1
124,148,353.70,371.58,39.67,28.57,0.8533,1,1
124,157,940.55,789.43,57.76,50.84,0.8477,1,1
124,176,431.27,533.55,21.52,29.13,0.4188,1,1
124,179,130.31,543.03,30.41,48.02,0.6893,1,1
124,185,91.71,524.77,32.13,29.24,0.8528,1,1
124,190,508.78,319.40,26.94,25.89,0.8640,1,1
124,191,541.45,299.20,21.03,38.38,0.5458,1,1
124,194,904.55,82.28,31.79,25.12,0.5582,1,1
124,199,1064.40,1016.75,26.65,27.45,0.2790,1,1
125,1,439.94,429.43,87.76,92.21,0.9326,1,1
125,2,652.54,52.61,51.45,46.69,0.9067,1,1
125,3,442.96,117.84,53.90,40.98,0.9037,1,1
125,4,1007.73,27.44,47.34,49.28,0.8083,1,1
125,5,292.53,249.79,40.25,50.87,0.8751,1,1
125,6,448.63,155.78,40.23,38.73,0.8895,1,1
125,7,667.32,87.57,32.36,36.06,0.8759,1,1
125,9,1451.62,0.00,42.96,30.69,0.8438,1,1
125,13,1135.82,359.66,102.31,75.99,0.8464,1,1
125,14,263.96,227.06,66.67,53.30,0.8754,1,1
125,16,904.57,129.57,78.76,68.59,0.8235,1,1
125,25,741.18,181.54,78.38,92.03,0.8990,1,1
125,33,929.33,1.59,17.35,12.50,0.4857,1,1
125,48,710.91,162.73,25.69,21.61,0.6291,1,1
125,88,1009.72,870.46,56.55,39.52,0.7032,1,1
125,108,1142.24,418.56,66.50,55.99,0.4698,1,1
125,138,869.54,259.59,29.64,18.59,0.7970,1,1
125,148,353.69,371.15,39.96,28.99,0.8542,1,1
125,157,937.50,788.12,60.33,51.06,0.8110,1,1
125,179,128.89,540.74,31.66,50.53,0.3515,1,1
125,185,94.08,520.80,30.83,30.65,0.8413,1,1
125,190,505.47,316.47,29.21,27.59,0.8427,1,1
125,191,542.52,298.85,21.41,38.14,0.5196,1,1
125,199,1064.37,1016.84,26.69,27.49,0.2827,1,1
126,1,440.05,429.09,88.16,92.79,0.9351,1,1
126,2,652.53,52.46,51.61,46.53,0.9064,1,1
126,3,443.36,117.86,53.36,40.59,0.9037,1,1
126,4,1007.34,27.46,47.32,49.28,0.8004,1,1
126,5,293.02,249.94,39.90,50.51,0.8660,1,1
126,6,449.24,156.24,40.03,38.11,0.8828,1,1
126,7,667.74,87.81,32.20,35.80,0.8754,1,1
126,9,1452.12,0.00,43.26,31.03,0.8488,1,1
126,13,1136.71,359.31,101.96,75.99,0.8161,1,1
126,14,263.45,227.12,66.11,53.58,0.8742,1,1
126,16,905.95,131.68,77.42,66.62,0.7523,1,1
126,25,745.98,181.17,75.52,89.46,0.8422,1,1
126,33,929.17,1.51,17.58,12.58,0.5096,1,1
126,48,711.16,162.94,25.00,19.89,0.7032,1,1
126,85,135.01,537.08,22.42,42.48,0.6396,1,1
126,88,1010.19,869.58,58.12,40.46,0.6558,1,1
126,108,1143.95,418.00,66.62,56.27,0.4970,1,1
126,138,865.47,260.32,30.79,19.17,0.8033,1,1
126,148,353.17,371.07,40.30,29.15,0.8524,1,1
126,157,929.60,786.45,65.16,52.95,0.7239,1,1
126,179,128.59,539.45,32.11,52.09,0.2678,1,1
126,185,92.21,514.89,32.64,33.28,0.5698,1,1
126,190,504.32,312.28,31.82,28.22,0.7879,1,1
126,191,545.05,299.70,21.77,38.58,0.5369,1,1
126,199,1064.42,1016.87,26.47,27.21,0.2868,1,1
127,1,440.51,429.40,87.40,90.36,0.9385,1,1
127,2,652.26,52.24,51.78,46.92,0.9047,1,1
127,3,443.86,117.17,53.25,40.42,0.9079,1,1
127,4,1006.38,27.48,47.33,49.31,0.3701,1,1
127,5,292.33,249.89,41.01,52.27,0.8678,1,1
127,6,449.44,155.65,40.68,38.96,0.8813,1,1
127,7,666.95,87.43,32.94,36.16,0.8845,1,1
127,9,1451.94,0.00,40.72,30.37,0.8427,1,1
127,11,1206.56,570.99,43.12,43.65,0.6622,1,1
127,13,1136.09,358.95,101.40,75.66,0.8523,1,1
127,14,263.61,227.05,65.74,53.62,0.8864,1,1
127,16,903.56,133.33,81.47,70.13,0.8074,1,1
127,25,747.15,180.42,75.97,89.69,0.8881,1,1
127,33,929.18,1.48,17.70,12.61,0.4454,1,1
127,48,711.27,162.85,23.84,18.70,0.5354,1,1
127,72,965.74,117.91,13.79,20.37,0.3853,1,1
127,85,135.53,537.45,24.54,45.48,0.5553,1,1
127,88,1009.77,865.83,61.34,42.30,0.5674,1,1
127,108,1142.56,416.77,67.50,57.20,0.5848,1,1
127,138,864.37,261.01,33.56,21.53,0.8151,1,1
127,148,353.23,371.27,40.20,28.89,0.8492,1,1
127,157,933.48,788.97,64.21,52.32,0.7378,1,1
127,185,95.96,513.57,29.11,30.70,0.5743,1,1
127,190,500.93,310.34,30.67,27.02,0.5096,1,1
127,191,546.61,301.01,21.31,37.11,0.7311,1,1
127,203,953.28,62.67,24.14,17.88,0.3176,1,1
128,1,440.79,429.50,86.72,89.21,0.9372,1,1
128,2,651.56,53.04,52.05,47.57,0.9017,1,1
128,3,444.76,117.11,53.29,40.56,0.9044,1,1
128,4,1006.60,27.84,46.74,48.76,0.6952,1,1
128,5,292.90,249.68,40.47,51.70,0.8643,1,1
128,6,450.06,155.16,40.23,38.59,0.8835,1,1
128,7,667.20,88.27,32.42,35.14,0.8843,1,1
128,9,1453.69,0.00,41.01,31.29,0.8412,1,1
128,11,1209.80,572.27,49.73,45.83,0.8695,1,1
128,13,1136.50,359.14,100.85,75.21,0.8710,1,1
128,14,263.61,227.14,65.51,53.78,0.8774,1,1
128,16,901.39,135.90,80.82,69.64,0.7950,1,1
128,25,747.54,180.23,76.68,90.47,0.8993,1,1
128,33,929.10,1.51,17.82,12.63,0.4448,1,1
128,48,713.39,161.96,22.57,17.65,0.4012,1,1
128,72,965.48,112.45,13.35,20.28,0.3083,1,1
128,88,1007.85,859.71,62.48,42.44,0.7765,1,1
128,108,1141.59,416.42,67.98,57.41,0.5024,1,1
128,138,864.32,263.15,32.04,21.06,0.8329,1,1
128,148,353.18,371.23,40.29,28.98,0.8506,1,1
128,157,929.50,787.99,65.95,53.48,0.6649,1,1
128,179,135.30,547.66,32.37,55.33,0.6941,1,1
128,185,97.88,514.79,29.04,31.60,0.7008,1,1
128,190,494.40,309.38,31.65,28.41,0.4278,1,1
128,191,547.47,301.80,21.77,38.18,0.3135,1,1
128,203,952.80,62.06,24.14,17.97,0.3483,1,1
128,206,67.86,515.91,30.43,33.52,0.7496,1,1
128,210,815.01,180.70,28.53,22.87,0.6857,1,1
129,1,441.69,430.03,86.05,89.01,0.9361,1,1
129,2,651.26,53.28,51.77,47.18,0.9012,1,1
129,3,444.67,117.26,53.68,40.80,0.9046,1,1
129,4,1005.95,27.65,46.72,48.74,0.7083,1,1
129,5,292.89,248.68,40.88,53.19,0.8557,1,1
129,6,450.07,155.52,40.82,39.31,0.8832,1,1
129,7,666.56,88.07,33.02,35.59,0.8942,1,1
129,9,1455.04,0.00,39.75,31.38,0.8370,1,1
129,11,1210.89,577.77,54.26,48.41,0.8255,1,1
129,13,1136.88,359.16,101.33,75.84,0.8688,1,1
129,14,263.59,226.82,65.45,54.05,0.8950,1,1
129,16,901.19,138.47,80.45,68.84,0.7188,1,1
129,25,748.02,179.44,76.81,91.64,0.8635,1,1
129,33,928.64,1.44,17.89,12.73,0.3657,1,1
129,48,709.82,161.93,23.09,17.93,0.4564,1,1
129,88,1004.18,853.11,62.20,41.26,0.8191,1,1
129,108,1141.63,416.49,68.46,58.02,0.5535,1,1
129,138,864.16,265.51,29.91,20.24,0.7727,1,1
129,148,353.29,371.26,40.06,28.84,0.8498,1,1
129,157,925.55,783.30,71.84,58.50,0.3003,1,1
129,179,144.96,552.32,28.87,49.25,0.7759,1,1
129,185,102.45,515.00,28.90,32.26,0.5666,1,1
129,190,494.32,312.83,27.03,32.70,0.8541,1,1
129,191,547.76,300.57,21.59,38.00,0.4282,1,1
129,199,1064.70,1016.92,25.96,26.55,0.2995,1,1
129,203,952.64,61.76,23.51,17.69,0.4303,1,1
129,206,73.26,517.82,31.61,32.12,0.8273,1,1
130,1,441.77,429.98,85.96,89.01,0.9363,1,1
130,2,651.23,53.27,51.82,47.17,0.9012,1,1
130,3,444.57,116.97,53.81,41.06,0.9062,1,1
130,4,1005.91,27.63,46.71,48.74,0.7094,1,1
130,5,293.24,248.79,40.37,53.00,0.8553,1,1
130,6,450.09,155.49,40.73,39.31,0.8840,1,1
130,7,666.61,88.06,33.02,35.58,0.8932,1,1
130,9,1455.44,-0.00,38.98,31.39,0.8378,1,1
130,11,1210.50,577.84,55.33,48.56,0.8226,1,1
130,13,1137.06,359.17,101.15,75.83,0.8733,1,1
130,14,263.55,226.83,65.34,54.15,0.8904,1,1
130,16,900.91,138.62,81.08,69.00,0.7213,1,1
130,25,748.28,179.44,76.32,91.63,0.8644,1,1
130,33,928.55,1.42,17.85,12.75,0.3651,1,1
130,48,709.18,161.93,23.31,17.98,0.4573,1,1
130,88,1003.76,852.91,62.81,41.23,0.8193,1,1
130,108,1141.70,416.51,68.34,58.10,0.5537,1,1
130,138,864.47,265.63,29.17,20.17,0.7724,1,1
130,148,353.23,371.23,40.11,28.89,0.8500,1,1
130,157,924.44,781.80,73.49,60.13,0.2971,1,1
130,179,145.38,552.50,28.73,48.98,0.7745,1,1
130,185,103.44,515.04,28.28,32.35,0.5728,1,1
130,190,495.60,312.89,24.37,32.79,0.8542,1,1
130,191,547.81,300.35,21.61,38.26,0.4392,1,1
130,199,1064.65,1016.91,26.05,26.54,0.3009,1,1
130,203,952.69,61.72,23.23,17.67,0.4340,1,1
130,206,72.82,517.89,32.78,32.08,0.8269,1,1
130,214,900.24,172.45,22.08,33.20,0.5861,1,1
130,215,747.52,179.72,77.74,90.14,0.5279,1,1
130,216,728.78,150.15,27.94,19.83,0.3735,1,1
131,1,442.45,430.67,85.61,89.54,0.9259,1,1
131,2,651.00,53.52,51.95,47.95,0.9030,1,1
131,3,444.99,116.77,53.53,41.18,0.9053,1,1
131,4,1005.38,27.76,46.73,48.89,0.8098,1,1
131,5,293.52,248.02,40.25,53.50,0.8603,1,1
131,6,450.45,155.41,40.35,38.88,0.8846,1,1
131,7,666.13,88.42,33.45,36.35,0.8947,1,1
131,9,1456.19,0.00,37.69,30.78,0.8370,1,1
131,11,1213.43,581.20,54.74,47.51,0.8388,1,1
131,13,1137.35,359.09,101.42,76.00,0.8666,1,1
131,14,263.44,227.07,65.36,54.32,0.8836,1,1
131,16,899.09,140.45,82.14,69.75,0.6241,1,1
131,25,748.78,179.78,75.29,90.46,0.8066,1,1
131,33,928.83,1.48,17.55,12.62,0.3134,1,1
131,48,708.52,162.20,23.52,17.68,0.4642,1,1
131,88,997.36,847.27,67.71,44.23,0.8058,1,1
131,108,1141.59,416.48,68.27,58.30,0.5164,1,1
131,138,863.41,267.65,29.97,21.28,0.7144,1,1
131,148,353.37,371.45,39.79,28.57,0.8485,1,1
131,185,108.52,515.35,29.23,34.28,0.5828,1,1
131,190,491.93,316.25,28.38,39.95,0.8364,1,1
131,191,547.21,300.14,20.41,35.34,0.6075,1,1
131,199,1064.64,1016.88,26.19,26.62,0.2656,1,1
131,203,952.32,59.76,23.74,18.31,0.6123,1,1
131,206,76.45,519.92,30.58,29.82,0.5952,1,1
131,214,899.62,177.02,21.84,32.54,0.5155,1,1
131,215,748.00,179.96,76.86,89.27,0.3422,1,1
131,217,1005.80,27.94,46.24,49.29,0.6169,1,1
132,1,443.15,430.21,85.00,90.62,0.9252,1,1
132,2,650.60,53.43,51.98,48.50,0.9090,1,1
132,3,445.00,116.69,53.44,41.15,0.9065,1,1
132,4,1005.01,27.92,46.46,48.46,0.7928,1,1
132,5,294.93,248.00,39.05,52.67,0.8610,1,1
132,6,450.24,155.56,40.42,38.83,0.8825,1,1
132,7,666.61,88.49,32.47,35.96,0.8806,1,1
132,9,1457.40,0.00,37.11,30.37,0.8427,1,1
132,11,1216.30,589.23,53.69,47.74,0.8879,1,1
132,13,1137.67,359.63,101.58,76.32,0.8520,1,1
132,14,263.44,227.11,65.67,54.61,0.8805,1,1
132,16,899.04,142.41,79.36,66.70,0.5256,1,1
132,25,748.94,180.09,74.91,90.90,0.8279,1,1
132,33,929.04,1.48,17.30,12.53,0.2955,1,1
132,48,705.15,162.12,25.84,19.18,0.4401,1,1
132,88,994.37,845.69,66.56,43.98,0.8213,1,1
132,108,1147.50,417.55,65.02,57.45,0.5557,1,1
132,138,861.91,269.90,29.83,21.69,0.8014,1,1
132,148,353.32,371.43,39.93,28.61,0.8501,1,1
132,185,110.99,517.75,31.60,38.81,0.5928,1,1
132,190,493.71,322.65,24.05,32.57,0.8537,1,1
132,191,545.19,298.86,18.91,32.21,0.5121,1,1
132,203,953.43,59.01,23.87,18.17,0.5279,1,1
132,206,76.90,521.39,29.53,29.23,0.5912,1,1
132,215,748.10,180.43,76.61,89.22,0.2544,1,1
132,217,1005.32,28.07,45.95,48.85,0.7274,1,1
132,218,4.18,605.36,67.77,106.24,0.3274,1,1
133,1,443.45,429.85,82.96,89.45,0.9242,1,1
133,2,650.29,53.43,51.35,47.51,0.9089,1,1
133,3,444.74,116.61,53.47,40.61,0.9051,1,1
133,4,1004.55,28.13,46.19,47.97,0.6302,1,1
133,5,295.24,248.03,38.66,52.89,0.8641,1,1
133,6,449.71,155.30,40.40,38.79,0.8782,1,1
133,7,665.85,89.03,32.42,35.50,0.8982,1,1
133,9,1458.13,0.00,37.17,30.86,0.8411,1,1
133,11,1215.71,596.79,51.69,47.18,0.8563,1,1
133,13,1138.08,359.66,102.33,77.00,0.8413,1,1
133,14,263.36,227.06,65.90,54.77,0.8751,1,1
133,16,896.16,144.96,80.06,67.13,0.5158,1,1
133,33,929.06,1.34,16.92,12.27,0.3527,1,1
133,48,706.23,162.42,25.26,18.55,0.4707,1,1
133,88,994.95,847.65,65.58,44.13,0.7926,1,1
133,108,1151.07,418.14,62.24,57.26,0.6064,1,1
133,138,864.31,271.22,31.00,22.81,0.6876,1,1
133,148,353.20,371.35,40.16,28.73,0.8519,1,1
133,157,923.89,784.76,72.02,59.51,0.3852,1,1
133,160,496.82,329.00,31.43,27.17,0.5185,1,1
133,191,542.19,298.74,19.09,31.94,0.4038,1,1
133,215,749.43,180.17,75.73,91.11,0.8998,1,1
133,217,1004.35,28.23,46.19,48.24,0.8129,1,1
133,218,4.37,605.63,67.81,106.48,0.4054,1,1
134,1,443.66,429.11,83.79,94.56,0.9198,1,1
134,2,649.86,53.34,50.92,46.13,0.9065,1,1
134,3,443.77,116.47,53.89,40.57,0.9044,1,1
134,4,1004.45,27.89,46.24,47.95,0.6249,1,1
134,5,295.29,248.01,38.76,53.31,0.8575,1,1
134,6,449.27,155.16,40.43,38.62,0.8812,1,1
134,7,664.86,87.55,32.66,35.94,0.8954,1,1
134,9,1459.08,-0.00,36.57,31.02,0.8327,1,1
134,11,1212.90,606.71,45.46,45.22,0.8495,1,1
134,13,1138.54,359.93,103.41,77.86,0.7601,1,1
134,14,263.42,227.01,65.98,54.79,0.8767,1,1
134,16,892.48,147.17,81.45,68.79,0.6444,1,1
134,33,929.49,1.15,16.74,12.15,0.2820,1,1
134,85,125.10,525.47,26.77,41.99,0.8948,1,1
134,88,996.79,853.07,62.10,41.43,0.8249,1,1
134,108,1151.34,417.49,61.67,58.23,0.5725,1,1
134,138,862.13,273.47,32.02,24.36,0.8056,1,1
134,148,353.18,371.33,40.23,28.81,0.8521,1,1
134,157,922.78,782.53,73.92,62.00,0.3490,1,1
134,191,537.60,297.60,19.96,30.89,0.7289,1,1
134,199,1064.63,1016.84,26.13,26.46,0.2681,1,1
134,214,895.07,186.03,21.51,31.04,0.4095,1,1
134,215,749.61,181.14,73.44,89.75,0.9250,1,1
134,217,1004.34,28.10,46.14,48.01,0.8549,1,1
134,218,4.95,606.13,67.71,106.28,0.4677,1,1
134,221,197.28,582.28,26.10,36.89,0.7184,1,1
135,1,444.86,428.08,82.08,96.11,0.9159,1,1
135,2,648.97,53.40,51.51,46.38,0.9082,1,1
135,3,443.13,116.65,54.00,40.26,0.9078,1,1
135,4,1004.11,28.16,46.33,47.83,0.5846,1,1
135,5,295.74,248.11,38.36,53.14,0.8562,1,1
135,6,448.78,155.23,40.20,38.33,0.8821,1,1
135,7,664.26,87.37,32.46,35.75,0.8947,1,1
135,9,1459.77,0.00,37.28,31.71,0.8541,1,1
135,11,1209.57,613.16,40.99,42.89,0.8522,1,1
135,13,1141.34,361.64,102.44,77.56,0.7448,1,1
135,14,263.16,227.01,66.15,54.67,0.8907,1,1
135,16,888.98,149.73,84.93,73.81,0.7072,1,1
135,33,929.89,1.08,16.47,12.03,0.2759,1,1
135,85,130.71,524.67,30.81,43.00,0.8649,1,1
135,88,998.91,858.04,62.41,42.44,0.7281,1,1
135,108,1151.82,419.23,60.24,57.17,0.4220,1,1
135,138,863.03,278.47,30.35,22.92,0.7910,1,1
135,148,352.75,371.54,40.49,28.95,0.8504,1,1
135,157,923.14,783.56,72.34,61.22,0.4026,1,1
135,191,536.14,297.83,20.54,34.00,0.8719,1,1
135,199,1064.47,1016.80,26.39,26.68,0.3256,1,1
135,215,750.06,181.04,73.22,90.19,0.9275,1,1
135,217,1003.86,28.45,46.50,47.89,0.8500,1,1
135,218,5.29,606.08,68.00,107.13,0.4319,1,1
136,1,445.36,428.08,81.08,96.16,0.9162,1,1
136,2,648.86,53.34,51.71,46.64,0.9100,1,1
136,3,443.00,116.65,54.18,40.26,0.9074,1,1
136,4,1003.99,28.19,46.50,47.80,0.5869,1,1
136,5,295.78,248.08,38.23,53.14,0.8554,1,1
136,6,448.75,155.23,40.24,38.31,0.8822,1,1
136,7,663.94,87.50,32.58,35.64,0.8957,1,1
136,9,1459.82,-0.00,37.24,31.73,0.8537,1,1
136,11,1210.02,613.28,39.85,42.85,0.8526,1,1
136,13,1141.76,361.73,101.95,77.56,0.7515,1,1
136,14,263.09,227.01,66.29,54.69,0.8905,1,1
136,16,889.40,149.90,83.82,74.18,0.7073,1,1
136,33,930.00,1.05,16.34,12.00,0.2871,1,1
136,85,130.05,524.66,32.41,43.02,0.8649,1,1
136,88,999.51,858.37,61.50,42.52,0.7290,1,1
136,108,1152.03,419.67,59.64,56.88,0.4255,1,1
136,138,863.00,278.75,30.37,22.84,0.7941,1,1
136,148,352.82,371.43,40.61,29.22,0.8512,1,1
136,157,923.58,783.99,71.38,60.83,0.3978,1,1
136,191,536.27,297.83,20.25,34.05,0.8719,1,1
136,199,1064.41,1016.78,26.49,26.73,0.3222,1,1
136,215,750.13,180.98,73.07,90.24,0.9276,1,1
136,217,1003.74,28.46,46.73,47.87,0.8497,1,1
136,218,5.46,606.05,67.82,107.22,0.4240,1,1
136,223,727.95,147.54,32.70,21.04,0.5908,1,1
137,1,446.22,427.49,80.82,96.73,0.9141,1,1
137,2,648.70,52.79,51.77,46.91,0.9122,1,1
137,3,442.66,116.30,54.54,41.01,0.9070,1,1
137,4,1003.56,28.31,46.77,48.03,0.4550,1,1
137,5,295.17,247.94,38.69,53.01,0.8524,1,1
137,6,448.42,155.31,40.40,38.58,0.8771,1,1
137,7,662.71,87.40,33.27,35.76,0.8988,1,1
137,9,1460.26,0.00,37.84,32.26,0.8551,1,1
137,11,1205.71,615.35,37.56,40.33,0.5059,1,1
137,13,1144.29,363.62,101.38,76.74,0.7418,1,1
137,14,262.96,227.19,66.27,54.78,0.8857,1,1
137,16,888.77,151.76,82.42,75.61,0.8388,1,1
137,33,929.93,1.13,16.36,12.05,0.2796,1,1
137,48,705.43,161.16,27.37,20.24,0.3887,1,1
137,85,137.52,528.94,31.33,42.04,0.8844,1,1
137,88,999.95,860.31,61.66,41.60,0.8043,1,1
137,108,1151.73,420.55,59.85,56.80,0.5892,1,1
137,138,863.24,280.09,32.18,24.29,0.8416,1,1
137,148,353.11,371.59,40.30,29.03,0.8519,1,1
137,157,924.48,784.91,70.15,60.24,0.5104,1,1
137,191,533.20,296.68,21.40,35.01,0.7979,1,1
137,199,1064.35,1016.78,26.60,26.81,0.3469,1,1
137,215,750.68,180.11,73.11,91.01,0.9230,1,1
137,217,1003.34,28.56,46.91,48.19,0.8693,1,1
137,218,5.84,606.48,67.47,106.58,0.3918,1,1
137,224,75.78,382.17,40.26,50.06,0.8622,1,1
137,225,58.30,346.74,55.35,52.35,0.7723,1,1
138,1,447.30,429.51,79.30,94.86,0.9109,1,1
138,2,649.22,52.67,51.43,46.97,0.9159,1,1
138,3,442.07,116.21,54.96,42.10,0.9085,1,1
138,4,1002.81,28.16,47.47,48.72,0.3338,1,1
138,5,295.55,247.82,38.39,51.77,0.8432,1,1
138,6,448.59,155.68,39.96,38.05,0.8783,1,1
138,7,662.15,88.59,33.51,34.91,0.8997,1,1
138,9,1460.86,0.07,37.48,32.38,0.8358,1,1
138,11,1199.69,615.23,38.26,41.28,0.5450,1,1
138,13,1147.54,365.76,100.14,75.61,0.6221,1,1
138,14,263.05,227.39,66.04,54.69,0.8811,1,1
138,16,888.05,154.17,81.53,75.58,0.8137,1,1
138,85,142.85,532.01,37.00,40.81,0.8987,1,1
138,88,1000.56,860.33,61.42,41.66,0.7822,1,1
138,108,1152.15,421.94,59.54,56.54,0.4751,1,1
138,138,862.03,283.31,32.16,24.29,0.8334,1,1
138,148,353.05,371.53,40.40,29.13,0.8531,1,1
138,157,924.42,785.04,70.45,60.74,0.5942,1,1
138,191,529.62,291.79,23.98,39.26,0.2645,1,1
138,199,1064.37,1016.77,26.57,26.75,0.3110,1,1
138,215,751.01,180.34,72.83,91.00,0.9226,1,1
138,216,730.52,150.98,27.83,19.36,0.3104,1,1
138,217,1002.36,28.37,47.77,49.03,0.8559,1,1
138,218,6.50,606.96,67.28,106.25,0.3477,1,1
138,224,81.94,379.11,35.59,44.99,0.8841,1,1
138,225,55.17,347.86,59.61,48.31,0.8472,1,1
139,1,447.76,428.29,79.18,96.47,0.9052,1,1
139,2,650.77,52.94,51.05,47.24,0.9161,1,1
139,3,441.80,116.68,55.42,42.88,0.9071,1,1
139,4,1001.87,28.04,47.87,49.59,0.8908,1,1
139,5,296.68,249.40,37.02,49.28,0.8442,1,1
139,6,448.44,156.92,40.25,37.75,0.8838,1,1
139,7,663.93,88.10,33.59,35.29,0.8724,1,1
139,9,1461.23,0.06,37.13,32.48,0.8296,1,1
139,11,1196.52,612.99,38.45,41.60,0.2575,1,1
139,13,1148.78,367.07,100.92,75.73,0.6385,1,1
139,14,263.19,227.21,65.79,54.49,0.8815,1,1
139,16,886.46,154.68,81.98,76.28,0.7401,1,1
139,85,147.07,534.49,38.42,41.97,0.8976,1,1
139,88,1000.19,859.95,59.53,40.77,0.8552,1,1
139,138,860.91,287.54,32.65,24.23,0.8221,1,1
139,148,353.06,371.46,40.50,29.24,0.8541,1,1
139,157,928.30,788.49,66.43,57.10,0.6056,1,1
139,199,1064.42,1016.74,26.52,26.66,0.2748,1,1
139,215,751.21,180.74,72.64,91.08,0.9218,1,1
139,216,729.71,151.08,29.75,20.68,0.5060,1,1
139,224,85.88,376.95,35.39,47.18,0.8668,1,1
139,225,52.15,349.74,64.00,49.01,0.8225,1,1
139,226,164.31,497.47,31.95,24.72,0.5797,1,1
140,1,448.79,428.82,78.13,95.86,0.8920,1,1
140,2,651.70,52.98,51.58,49.17,0.9231,1,1
140,3,441.71,116.95,56.16,44.21,0.9026,1,1
140,4,1001.76,27.81,48.11,50.05,0.9045,1,1
140,5,296.90,249.12,36.89,48.79,0.8354,1,1
140,6,448.89,158.20,40.12,36.86,0.8856,1,1
140,7,665.67,90.18,31.87,33.77,0.8793,1,1
140,9,1461.48,0.00,37.35,32.54,0.8375,1,1
140,13,1150.32,368.64,100.66,75.67,0.6949,1,1
140,14,263.27,227.43,65.85,54.33,0.8612,1,1
140,16,885.01,156.08,82.46,78.12,0.8124,1,1
140,85,145.42,534.11,38.98,39.80,0.8918,1,1
140,88,997.05,859.27,59.45,41.41,0.8496,1,1
140,138,859.65,288.76,33.65,24.62,0.8195,1,1
140,148,353.54,371.70,40.30,28.97,0.8547,1,1
140,215,751.62,181.66,71.92,89.22,0.9158,1,1
140,216,728.51,149.20,30.82,21.40,0.4114,1,1
140,224,90.23,377.02,31.61,45.74,0.8772,1,1
140,225,50.05,349.82,68.67,52.79,0.8248,1,1
140,226,166.67,497.53,31.37,24.17,0.7588,1,1
141,1,449.77,429.43,77.55,95.27,0.8978,1,1
141,2,652.64,53.61,51.31,49.33,0.9220,1,1
141,3,442.32,117.73,55.46,44.15,0.9017,1,1
141,4,1001.09,27.63,48.54,50.31,0.9062,1,1
141,5,296.11,247.17,38.53,51.57,0.8461,1,1
141,6,449.00,158.04,40.60,37.09,0.8865,1,1
141,7,666.20,91.40,31.96,33.40,0.8850,1,1
141,9,1461.73,-0.00,37.23,32.48,0.8430,1,1
141,13,1150.82,369.17,100.88,76.15,0.7714,1,1
141,14,263.15,227.35,66.38,54.75,0.8721,1,1
141,16,885.43,157.15,79.88,74.68,0.8202,1,1
141,33,929.86,1.26,16.58,12.28,0.2513,1,1
141,85,142.92,530.83,36.37,38.43,0.8934,1,1
141,88,995.20,859.77,56.72,40.23,0.8396,1,1
141,138,860.26,291.06,31.53,22.57,0.7850,1,1
141,148,353.82,371.86,40.06,28.66,0.8537,1,1
141,199,1064.39,1016.69,26.63,26.78,0.2550,1,1
141,215,751.86,182.20,71.69,89.12,0.9170,1,1
141,216,718.81,146.76,30.97,19.76,0.7467,1,1
141,224,92.01,377.18,30.63,44.79,0.8390,1,1
141,225,50.90,349.46,68.07,52.41,0.8275,1,1
141,226,167.82,496.55,31.85,24.82,0.6438,1,1
142,1,449.77,429.45,77.64,95.27,0.8984,1,1
142,2,652.70,53.59,51.20,49.37,0.9219,1,1
142,3,442.45,117.75,55.20,44.16,0.9010,1,1
142,4,1001.06,27.62,48.61,50.31,0.9063,1,1
142,5,296.18,247.12,38.35,51.66,0.8454,1,1
142,6,448.95,158.04,40.71,37.11,0.8866,1,1
142,7,666.17,91.41,32.09,33.41,0.8852,1,1
142,9,1461.75,-0.00,37.20,32.47,0.8431,1,1
142,13,1150.91,369.21,100.63,76.16,0.7757,1,1
142,14,263.09,227.37,66.44,54.78,0.8718,1,1
142,16,885.21,157.19,80.23,74.45,0.8180,1,1
142,33,929.88,1.27,16.54,12.31,0.2552,1,1
142,85,143.12,530.79,35.87,38.42,0.8932,1,1
142,88,995.31,859.79,56.11,40.17,0.8407,1,1
142,138,860.07,291.15,31.88,22.49,0.7852,1,1
142,148,353.72,371.85,40.20,28.66,0.8538,1,1
142,199,1064.38,1016.71,26.65,26.80,0.2552,1,1
142,215,751.87,182.19,71.66,89.26,0.9173,1,1
142,216,717.88,146.55,31.82,19.78,0.7481,1,1
142,224,92.10,377.11,30.47,44.86,0.8383,1,1
142,225,51.02,349.41,67.88,52.24,0.8294,1,1
142,226,168.06,496.47,31.62,24.89,0.6406,1,1
143,1,449.99,427.55,78.02,97.05,0.8930,1,1
143,2,652.87,53.65,51.74,50.18,0.9216,1,1
143,3,443.17,118.53,54.89,43.47,0.8952,1,1
143,4,1000.66,27.71,48.91,50.22,0.9023,1,1
143,5,298.63,246.90,36.72,51.49,0.8454,1,1
143,6,449.30,157.69,41.16,37.42,0.8882,1,1
143,7,668.07,91.50,31.37,33.55,0.8865,1,1
143,9,1461.89,-0.00,37.33,32.81,0.8460,1,1
143,13,1152.53,371.39,99.01,74.51,0.8413,1,1
143,14,263.32,227.67,65.65,53.96,0.8715,1,1
143,16,883.43,157.81,81.89,77.71,0.8403,1,1
143,33,929.88,1.32,16.51,12.34,0.3021,1,1
143,85,139.11,524.38,33.34,32.65,0.8929,1,1
143,88,993.08,861.35,56.84,42.03,0.7985,1,1
143,138,858.75,290.32,31.83,23.11,0.7907,1,1
143,148,353.86,371.53,40.81,29.25,0.8553,1,1
143,215,751.65,182.22,71.10,89.69,0.9034,1,1
143,216,714.56,145.61,32.76,20.40,0.5706,1,1
143,224,92.18,377.48,29.90,43.30,0.7586,1,1
143,225,52.98,349.01,65.81,49.89,0.8097,1,1
143,226,169.44,495.63,32.34,25.78,0.6532,1,1
143,230,527.30,289.13,33.20,25.66,0.7540,1,1
144,1,450.51,426.50,77.41,98.13,0.8947,1,1
144,2,653.03,54.48,51.93,50.02,0.9211,1,1
144,3,443.40,119.06,54.68,42.69,0.8893,1,1
144,4,1000.08,27.77,48.19,49.70,0.9026,1,1
144,5,299.38,246.92,35.85,51.38,0.8407,1,1
144,6,448.93,157.78,41.39,37.89,0.8884,1,1
144,7,666.80,93.79,31.14,32.15,0.8831,1,1
144,9,1462.63,-0.00,37.46,33.20,0.8498,1,1
144,13,1152.59,371.97,100.55,75.62,0.7804,1,1
144,14,263.26,227.51,66.24,54.27,0.8778,1,1
144,16,884.65,158.68,77.60,73.36,0.7502,1,1
144,33,930.11,1.23,16.44,12.36,0.3129,1,1
144,85,134.95,513.49,37.14,33.40,0.8998,1,1
144,88,992.43,862.62,52.22,39.64,0.7732,1,1
144,138,855.76,288.56,31.64,23.79,0.7906,1,1
144,148,354.07,371.79,40.40,29.02,0.8569,1,1
144,199,1064.25,1016.62,26.95,27.13,0.2568,1,1
144,215,751.51,182.69,71.86,89.46,0.9115,1,1
144,224,93.24,376.14,31.35,44.63,0.8129,1,1
144,225,54.31,347.26,66.05,49.80,0.8115,1,1
144,230,528.86,282.32,30.77,24.38,0.7167,1,1
145,1,451.01,424.56,77.25,99.86,0.8914,1,1
145,2,652.90,54.44,52.05,49.52,0.9214,1,1
145,3,443.01,119.18,55.67,43.12,0.8998,1,1
145,4,999.66,27.69,48.39,49.36,0.9032,1,1
145,5,297.96,247.91,35.86,49.56,0.8443,1,1
145,6,449.11,158.19,40.02,36.24,0.8880,1,1
145,7,666.32,93.79,31.74,32.18,0.8855,1,1
145,9,1462.85,-0.00,37.18,33.32,0.8541,1,1
145,13,1152.50,372.17,102.49,77.22,0.7437,1,1
145,14,263.31,227.50,66.17,54.09,0.8758,1,1
145,16,883.32,159.35,78.96,75.63,0.8139,1,1
145,85,132.91,502.55,35.36,31.28,0.8512,1,1
145,88,992.08,863.53,50.49,38.73,0.7796,1,1
145,138,852.94,285.93,30.99,24.62,0.8121,1,1
145,148,354.55,371.56,40.04,29.16,0.8585,1,1
145,199,1064.29,1016.62,26.90,27.10,0.2569,1,1
145,215,751.14,183.20,73.14,87.94,0.9130,1,1
145,224,97.38,375.07,30.99,44.77,0.7322,1,1
145,225,52.88,345.64,72.11,55.18,0.7209,1,1
145,230,527.13,278.26,30.31,25.02,0.7892,1,1
145,232,917.96,777.61,27.49,37.17,0.8257,1,1
145,233,791.31,936.83,23.63,47.20,0.5170,1,1
145,235,528.97,242.72,23.51,17.09,0.3720,1,1
146,1,451.69,424.41,76.23,99.89,0.8902,1,1
146,2,652.76,54.59,51.66,49.31,0.9239,1,1
146,3,442.84,119.70,55.64,42.86,0.9026,1,1
146,4,999.00,28.01,47.40,47.65,0.9075,1,1
146,5,298.30,248.30,36.09,49.19,0.8614,1,1
146,6,448.71,158.37,40.35,36.40,0.8931,1,1
146,7,665.74,92.80,32.66,33.33,0.8833,1,1
146,9,1462.98,-0.00,36.75,33.32,0.8542,1,1
146,13,1152.29,372.22,104.83,79.13,0.6591,1,1
146,14,262.86,227.29,67.09,54.93,0.8684,1,1
146,16,882.98,159.69,78.87,77.09,0.8421,1,1
146,88,991.80,863.48,48.42,38.12,0.8306,1,1
146,138,851.06,285.14,31.92,25.72,0.3076,1,1
146,148,354.57,371.44,40.00,29.56,0.8612,1,1
146,199,1064.29,1016.64,26.89,27.13,0.2503,1,1
146,215,750.32,182.61,74.26,87.86,0.9145,1,1
146,224,99.55,370.39,31.94,46.39,0.5687,1,1
146,225,56.18,343.36,70.35,53.88,0.7461,1,1
146,230,526.12,275.67,32.10,27.28,0.8286,1,1
146,232,918.78,779.83,29.25,39.27,0.7974,1,1
146,233,791.67,936.82,21.56,42.71,0.5150,1,1
146,235,529.79,242.17,24.55,16.84,0.5097,1,1
147,1,452.26,424.37,75.54,99.71,0.8846,1,1
147,2,652.46,54.80,51.30,48.77,0.9208,1,1
147,3,442.65,119.93,55.33,42.91,0.9022,1,1
147,4,998.43,28.25,47.64,46.88,0.9109,1,1
147,5,298.33,248.37,36.28,49.11,0.8651,1,1
147,6,448.68,158.45,40.36,36.63,0.8900,1,1
147,7,666.77,91.77,32.25,34.08,0.8789,1,1
147,9,1463.26,-0.00,36.54,33.00,0.8573,1,1
147,13,1153.51,374.55,103.79,77.90,0.8316,1,1
147,14,263.07,227.18,66.87,54.82,0.8626,1,1
147,16,883.71,159.68,77.13,75.42,0.8905,1,1
147,88,992.09,863.41,47.84,38.19,0.8260,1,1
147,148,354.85,371.54,39.67,29.40,0.8600,1,1
147,157,961.44,818.08,51.77,45.32,0.6191,1,1
147,199,1064.30,1016.64,26.90,27.17,0.2528,1,1
147,215,750.55,183.57,74.06,85.52,0.9165,1,1
147,224,100.78,367.29,33.10,48.71,0.6166,1,1
147,225,61.70,342.05,67.03,50.52,0.7393,1,1
147,230,525.45,277.69,30.15,25.74,0.8425,1,1
147,232,918.82,782.77,29.41,39.52,0.8340,1,1
147,233,792.41,935.62,19.30,37.20,0.5571,1,1
148,1,452.40,424.22,75.29,99.78,0.8869,1,1
148,2,652.43,54.80,51.36,48.76,0.9209,1,1
148,3,442.71,119.94,55.19,42.90,0.9020,1,1
148,4,998.23,28.25,48.01,46.89,0.9109,1,1
148,5,298.33,248.38,36.35,49.11,0.8652,1,1
148,6,448.72,158.44,40.27,36.63,0.8901,1,1
148,7,667.04,91.76,31.73,34.10,0.8789,1,1
148,9,1463.24,0.00,36.60,32.99,0.8573,1,1
148,13,1153.45,374.56,104.01,77.91,0.8310,1,1
148,14,263.10,227.16,66.78,54.79,0.8623,1,1
148,16,883.71,159.68,77.13,75.44,0.8908,1,1
148,88,992.27,863.40,47.48,38.19,0.8258,1,1
148,148,354.91,371.44,39.68,29.52,0.8603,1,1
148,157,962.10,818.51,51.18,45.13,0.6134,1,1
148,199,1064.31,1016.66,26.89,27.19,0.2533,1,1
148,215,750.29,183.58,74.57,85.36,0.9168,1,1
148,224,101.15,366.90,32.87,48.97,0.6127,1,1
148,225,61.56,341.94,67.73,50.52,0.7395,1,1
148,230,525.48,277.76,30.04,25.70,0.8424,1,1
148,232,918.83,782.83,29.40,39.54,0.8337,1,1
148,233,792.46,935.43,19.44,36.65,0.5457,1,1
148,236,727.41,149.28,27.14,13.65,0.4753,1,1
149,1,452.85,422.82,75.54,100.77,0.8794,1,1
149,2,652.02,54.64,50.98,47.70,0.9173,1,1
149,3,442.37,120.80,55.44,43.46,0.8972,1,1
149,4,997.58,28.28,48.42,46.66,0.9197,1,1
149,5,297.87,248.21,36.58,48.58,0.8629,1,1
149,6,448.02,159.24,40.90,37.75,0.8911,1,1
149,7,667.15,91.50,31.17,34.01,0.8786,1,1
149,9,1463.34,-0.00,36.82,33.00,0.8481,1,1
149,13,1153.86,374.70,104.21,78.29,0.8584,1,1
149,14,263.20,227.12,66.81,54.68,0.8638,1,1
149,16,883.10,159.44,77.76,75.46,0.8806,1,1
149,33,930.83,1.23,15.78,11.94,0.3199,1,1
149,88,991.47,863.78,48.62,39.01,0.8165,1,1
149,148,354.95,371.50,39.58,29.51,0.8613,1,1
149,157,961.86,820.68,51.12,44.09,0.6869,1,1
149,215,750.09,183.47,74.67,87.05,0.9127,1,1
149,224,103.71,364.38,33.22,49.60,0.6807,1,1
149,225,64.12,339.49,70.82,54.11,0.7005,1,1
149,230,525.44,280.76,28.41,24.34,0.2896,1,1
149,232,919.25,785.60,29.54,40.81,0.8421,1,1
149,236,726.67,147.46,29.74,15.12,0.6417,1,1
149,239,834.77,260.55,28.36,30.95,0.7645,1,1
149,240,1216.19,582.03,48.20,38.73,0.8735,1,1
150,1,451.99,422.87,75.38,101.42,0.7975,1,1
150,2,651.40,54.95,50.95,46.63,0.9146,1,1
150,3,442.29,122.03,53.99,42.85,0.8974,1,1
150,4,997.41,28.02,48.57,46.61,0.9109,1,1
150,5,303.42,247.16,32.80,46.85,0.8771,1,1
150,6,447.93,160.22,40.14,36.71,0.8803,1,1
150,7,668.06,90.67,30.24,34.09,0.8791,1,1
150,9,1463.20,-0.00,37.22,33.16,0.8228,1,1
150,13,1156.14,375.67,102.76,76.92,0.8849,1,1
150,14,263.02,227.25,66.86,54.59,0.8484,1,1
150,16,882.59,159.27,79.01,76.65,0.9044,1,1
150,33,930.99,1.40,15.75,11.95,0.3039,1,1
150,88,990.75,864.38,49.87,40.25,0.7569,1,1
150,148,354.13,371.85,40.28,29.56,0.8601,1,1
150,215,749.99,183.94,73.95,88.29,0.9137,1,1
150,224,106.62,359.88,34.19,52.05,0.5956,1,1
150,225,71.33,336.17,63.89,46.60,0.7919,1,1
150,232,920.82,790.15,26.86,37.21,0.8038,1,1
150,236,725.70,146.21,30.43,15.75,0.6960,1,1
150,239,830.78,252.87,31.52,35.95,0.8112,1,1
150,240,1216.18,580.55,47.08,38.87,0.8857,1,1
151,1,451.87,422.82,75.18,101.79,0.7158,1,1
151,2,651.01,55.05,51.17,45.97,0.9144,1,1
151,3,441.37,123.28,53.61,42.72,0.9035,1,1
151,4,997.41,28.55,48.08,45.83,0.9162,1,1
151,5,302.98,246.96,32.94,47.74,0.8687,1,1
151,6,448.09,162.58,38.87,35.65,0.8880,1,1
151,7,667.60,90.68,29.68,34.05,0.8778,1,1
151,9,1463.04,-0.00,37.47,33.29,0.8344,1,1
151,13,1155.02,375.52,103.70,76.88,0.8777,1,1
151,14,263.08,227.23,66.79,54.62,0.8152,1,1
151,16,883.43,159.32,77.64,74.25,0.8946,1,1
151,88,991.08,866.26,47.59,38.52,0.6358,1,1
151,148,354.15,372.06,40.38,29.25,0.8587,1,1
151,215,750.45,184.23,73.26,88.36,0.9149,1,1
151,224,112.95,354.61,34.09,52.35,0.4511,1,1
151,225,74.61,332.66,66.09,45.01,0.8742,1,1
151,232,921.30,792.07,26.13,35.97,0.7561,1,1
151,236,726.12,145.61,29.83,15.41,0.4912,1,1
151,239,829.30,245.26,34.13,41.84,0.7796,1,1
151,240,1216.45,580.61,42.83,36.76,0.8580,1,1
152,1,452.23,422.95,74.68,101.59,0.7546,1,1
152,2,650.36,54.66,51.59,46.12,0.9163,1,1
152,3,441.26,124.88,53.69,42.97,0.9061,1,1
152,4,997.51,28.33,48.14,45.92,0.9151,1,1
152,5,303.64,246.57,32.50,48.14,0.8863,1,1
152,6,448.33,164.74,38.90,36.32,0.9019,1,1
152,7,668.02,90.23,29.30,34.37,0.8755,1,1
152,9,1463.10,-0.00,36.95,32.85,0.8218,1,1
152,13,1154.79,375.09,104.45,76.96,0.8907,1,1
152,14,262.19,225.76,68.01,56.42,0.8002,1,1
152,16,884.00,158.85,77.67,73.52,0.8628,1,1
152,148,353.97,372.03,40.79,29.28,0.8576,1,1
152,215,750.68,183.87,73.03,88.33,0.9124,1,1
152,224,117.50,353.44,33.60,52.01,0.3831,1,1
152,225,79.44,328.85,67.27,44.19,0.8901,1,1
152,232,921.97,793.82,25.82,35.46,0.4511,1,1
152,236,726.13,145.02,29.84,15.43,0.4434,1,1
152,239,827.58,235.71,35.27,43.86,0.4606,1,1
152,240,1213.40,579.54,42.50,38.62,0.8599,1,1
152,243,876.22,262.91,14.85,22.22,0.4751,1,1
153,1,452.30,423.12,74.39,101.67,0.7437,1,1
153,2,650.14,54.44,51.93,46.45,0.9173,1,1
153,3,441.55,125.57,53.76,43.50,0.9057,1,1
153,4,997.44,27.95,48.15,46.01,0.9149,1,1
153,5,303.91,246.59,32.15,48.27,0.8802,1,1
153,6,448.86,165.78,38.99,36.97,0.9036,1,1
153,7,668.46,90.36,28.69,33.82,0.8833,1,1
153,9,1463.18,-0.00,36.81,32.70,0.8007,1,1
153,13,1154.05,374.72,104.63,75.83,0.8968,1,1
153,14,262.63,225.87,67.26,56.32,0.8091,1,1
153,16,886.34,159.02,76.28,69.83,0.8556,1,1
153,33,930.81,1.38,16.38,12.42,0.2770,1,1
153,88,988.71,866.52,44.24,36.90,0.5071,1,1
153,148,353.89,372.19,40.86,29.36,0.8579,1,1
153,160,523.88,293.78,29.28,27.97,0.7394,1,1
153,215,750.53,184.12,72.67,88.00,0.9151,1,1
153,224,124.20,347.08,32.88,51.15,0.2753,1,1
153,225,83.41,324.64,69.58,46.93,0.8679,1,1
153,232,921.76,794.01,26.08,35.81,0.2817,1,1
153,236,725.71,144.94,29.96,15.45,0.4244,1,1
153,240,1213.72,583.17,40.67,36.75,0.8835,1,1
154,1,452.39,422.97,74.18,101.81,0.7597,1,1
154,2,650.15,54.45,51.91,46.44,0.9170,1,1
154,3,441.66,125.53,53.59,43.55,0.9060,1,1
154,4,997.46,27.95,48.13,46.01,0.9149,1,1
154,5,304.05,246.57,31.91,48.24,0.8808,1,1
154,6,448.99,165.78,38.77,36.98,0.9042,1,1
154,7,668.51,90.35,28.62,33.82,0.8834,1,1
154,9,1463.17,0.00,36.82,32.69,0.7991,1,1
154,13,1153.76,374.74,105.27,75.78,0.8968,1,1
154,14,263.52,226.93,66.12,55.17,0.8128,1,1
154,16,885.73,159.02,77.56,69.77,0.8558,1,1
154,33,930.78,1.40,16.46,12.47,0.2770,1,1
154,88,989.06,866.52,42.84,36.76,0.5042,1,1
154,148,353.87,372.17,40.87,29.40,0.8582,1,1
154,160,524.12,293.66,28.97,27.98,0.7435,1,1
154,215,750.54,184.11,72.64,87.97,0.9149,1,1
154,218,3.61,610.03,70.74,109.40,0.2547,1,1
154,224,126.16,345.39,32.52,50.84,0.2760,1,1
154,225,83.91,324.58,68.72,47.00,0.8670,1,1
154,232,921.68,793.97,26.16,35.92,0.2879,1,1
154,236,725.67,144.97,29.96,15.42,0.4381,1,1
154,240,1213.66,583.37,40.67,36.58,0.8836,1,1
154,250,797.67,980.25,25.83,44.96,0.5632,1,1
155,1,452.73,422.46,74.34,102.58,0.6834,1,1
155,2,650.02,53.85,52.10,47.02,0.9186,1,1
155,3,442.94,127.12,52.62,42.47,0.9037,1,1
155,4,997.08,27.77,48.53,46.01,0.9161,1,1
155,5,304.67,246.56,31.55,48.41,0.8809,1,1
155,6,449.20,167.72,38.42,35.98,0.8822,1,1
155,7,668.63,90.25,28.85,33.55,0.8873,1,1
155,9,1463.20,-0.00,37.18,32.86,0.7890,1,1
155,13,1155.42,373.35,103.67,75.79,0.8701,1,1
155,14,262.71,225.94,67.13,56.36,0.7949,1,1
155,16,887.07,159.19,77.65,68.93,0.8907,1,1
155,33,930.78,1.40,16.56,12.54,0.2571,1,1
155,88,989.23,867.21,41.45,36.38,0.4538,1,1
155,148,353.91,372.13,40.88,29.43,0.8592,1,1
155,160,524.19,293.99,28.85,27.24,0.7000,1,1
155,215,750.07,183.41,72.70,89.41,0.9155,1,1
155,224,132.14,342.39,30.10,47.94,0.3384,1,1
155,225,90.41,321.94,67.88,46.29,0.7603,1,1
155,232,921.51,792.64,25.94,35.81,0.5699,1,1
155,236,725.76,144.84,29.65,15.24,0.3440,1,1
155,240,1210.73,583.59,41.97,37.78,0.8689,1,1
155,250,796.98,984.30,27.03,46.84,0.2584,1,1
156,1,453.00,422.53,73.91,102.52,0.7306,1,1
156,2,650.13,53.40,51.94,47.15,0.9215,1,1
156,3,443.68,128.11,52.28,42.10,0.8964,1,1
156,4,997.07,27.17,48.67,45.93,0.9175,1,1
156,5,304.97,246.63,31.32,48.28,0.8821,1,1
156,6,449.29,168.52,38.67,35.92,0.8881,1,1
156,7,667.47,89.87,30.38,33.87,0.8831,1,1
156,9,1463.07,0.26,36.99,32.84,0.7610,1,1
156,13,1155.04,373.18,102.91,75.24,0.8177,1,1
156,14,262.91,226.13,66.78,56.19,0.7883,1,1
156,16,888.32,159.02,78.96,71.87,0.8851,1,1
156,33,930.69,1.27,16.44,12.34,0.2733,1,1
156,88,991.42,866.89,41.15,37.93,0.6606,1,1
156,148,353.98,372.12,40.70,29.39,0.8585,1,1
156,160,522.90,294.45,30.23,27.60,0.7071,1,1
156,215,750.72,183.32,72.14,88.39,0.9247,1,1
156,224,137.81,340.46,30.97,50.13,0.6846,1,1
156,225,97.46,317.26,66.37,44.57,0.8660,1,1
156,232,921.50,790.34,27.05,37.52,0.8018,1,1
156,240,1208.32,582.58,43.14,40.86,0.8957,1,1
156,250,799.00,988.11,25.22,42.29,0.6227,1,1
157,1,453.18,422.66,73.52,102.16,0.7361,1,1
157,2,650.37,53.19,51.89,47.75,0.9204,1,1
157,3,445.01,128.48,52.18,42.45,0.8961,1,1
157,4,996.76,26.56,49.13,46.17,0.9152,1,1
157,5,304.93,246.19,31.25,48.17,0.8905,1,1
157,6,449.55,169.01,39.56,37.33,0.8893,1,1
157,7,667.10,89.86,30.80,33.75,0.8778,1,1
157,9,1463.06,0.01,37.45,32.88,0.8432,1,1
157,13,1153.40,371.78,103.40,75.51,0.7761,1,1
157,14,263.63,226.81,65.80,55.02,0.8247,1,1
157,16,891.87,158.72,76.69,68.58,0.8755,1,1
157,33,930.46,1.27,16.49,12.17,0.3619,1,1
157,88,993.72,869.62,43.16,40.00,0.8257,1,1
157,148,354.35,371.44,40.71,30.27,0.8616,1,1
157,215,750.25,183.07,72.55,89.07,0.9216,1,1
157,224,144.54,336.97,30.97,51.04,0.5223,1,1
157,225,100.89,313.63,69.78,48.21,0.8619,1,1
157,232,920.83,786.03,29.15,40.73,0.8154,1,1
157,236,725.76,144.71,29.75,15.24,0.5160,1,1
157,240,1208.26,586.49,41.25,40.78,0.8976,1,1
157,250,801.64,990.46,24.16,39.46,0.6911,1,1
157,253,697.40,1008.88,53.17,40.75,0.8240,1,1
157,254,823.76,208.94,23.75,31.31,0.5928,1,1
158,1,453.03,422.88,73.44,101.78,0.7868,1,1
158,2,650.73,52.96,52.08,48.45,0.9176,1,1
158,3,445.86,129.59,51.87,42.93,0.8968,1,1
158,4,996.44,25.83,49.61,46.54,0.9188,1,1
158,5,304.87,246.23,31.31,48.20,0.8939,1,1
158,6,451.39,171.28,38.80,35.79,0.8821,1,1
158,7,667.21,89.30,31.18,33.88,0.8791,1,1
158,9,1463.05,-0.00,37.74,32.90,0.8450,1,1
158,13,1152.51,370.35,103.42,75.17,0.8008,1,1
158,14,262.84,225.56,66.93,56.35,0.8139,1,1
158,16,891.15,158.12,81.31,79.07,0.8873,1,1
158,33,930.38,1.26,16.62,12.09,0.3771,1,1
158,88,992.57,869.48,44.94,40.64,0.8520,1,1
158,148,354.43,371.03,40.65,30.86,0.8642,1,1
158,157,965.70,826.82,54.85,45.78,0.3625,1,1
158,179,192.22,554.39,33.27,53.23,0.3880,1,1
158,215,750.25,183.07,72.26,89.40,0.9186,1,1
158,225,109.41,310.91,65.33,43.95,0.8229,1,1
158,232,920.62,784.22,29.67,41.60,0.7201,1,1
158,236,725.24,144.95,29.96,15.10,0.5077,1,1
158,240,1208.01,589.25,40.00,39.88,0.8975,1,1
158,250,803.40,992.56,23.93,38.14,0.5942,1,1
159,1,452.55,422.95,73.44,101.42,0.7984,1,1
159,2,651.09,52.99,51.39,47.99,0.9154,1,1
159,3,446.75,130.57,52.44,43.58,0.8917,1,1
159,4,996.46,25.37,49.78,46.43,0.9195,1,1
159,5,304.98,246.45,31.14,47.90,0.8923,1,1
159,6,452.14,173.35,38.87,34.68,0.8788,1,1
159,7,666.98,89.49,31.37,33.49,0.8779,1,1
159,9,1462.97,-0.00,37.94,32.88,0.8603,1,1
159,13,1152.16,368.95,104.16,75.53,0.8402,1,1
159,14,263.71,226.67,66.08,55.15,0.8363,1,1
159,16,894.21,157.94,78.58,79.74,0.8974,1,1
159,33,930.35,1.26,16.80,12.14,0.3172,1,1
159,88,991.21,868.29,46.38,41.59,0.6503,1,1
159,148,355.29,370.92,39.65,30.89,0.8629,1,1
159,215,750.00,183.24,72.72,90.41,0.9148,1,1
159,224,158.18,327.02,30.57,51.71,0.2914,1,1
159,225,113.66,308.18,65.44,42.48,0.7722,1,1
159,232,920.09,782.53,29.36,40.89,0.8457,1,1
159,240,1207.53,589.33,40.95,41.56,0.8752,1,1
159,254,821.95,204.52,23.89,31.80,0.3410,1,1
160,1,452.43,422.70,73.72,101.69,0.7897,1,1
160,2,651.11,52.99,51.34,48.07,0.9155,1,1
160,3,446.85,130.60,52.32,43.57,0.8921,1,1
160,4,996.40,25.35,49.87,46.45,0.9199,1,1
160,5,305.01,246.39,31.13,47.93,0.8927,1,1
160,6,451.88,173.36,39.42,34.68,0.8790,1,1
160,7,666.93,89.42,31.60,33.57,0.8777,1,1
160,9,1462.91,0.00,38.02,32.88,0.8595,1,1
160,13,1152.06,368.88,104.36,75.62,0.8414,1,1
160,14,263.62,226.73,66.29,55.06,0.8368,1,1
160,16,894.84,157.93,77.33,79.79,0.8974,1,1
160,33,930.31,1.28,16.90,12.15,0.3200,1,1
160,88,990.82,868.15,46.91,41.70,0.6552,1,1
160,148,355.56,370.92,39.14,30.88,0.8626,1,1
160,215,749.98,183.21,72.66,90.38,0.9145,1,1
160,224,160.38,325.67,29.87,51.81,0.2926,1,1
160,225,112.98,308.09,67.13,42.44,0.7721,1,1
160,232,920.05,782.48,29.43,40.88,0.8440,1,1
160,240,1207.73,589.35,40.58,41.57,0.8758,1,1
160,254,821.93,204.14,23.68,31.82,0.3440,1,1
160,256,545.23,302.21,31.48,22.03,0.5620,1,1
161,1,452.27,423.06,73.98,101.61,0.8134,1,1
161,2,651.06,52.79,51.55,48.83,0.9129,1,1
161,3,445.94,126.61,55.67,48.88,0.8922,1,1
161,4,996.38,24.92,49.55,45.73,0.9189,1,1
161,5,305.27,246.19,30.82,47.51,0.8920,1,1
161,6,453.35,174.81,39.00,33.52,0.8710,1,1
161,7,666.65,88.97,32.32,34.06,0.8739,1,1
161,9,1462.91,0.00,38.06,32.91,0.8636,1,1
161,13,1152.92,368.30,103.94,75.49,0.8770,1,1
161,14,262.60,225.26,67.58,56.71,0.8114,1,1
161,16,897.08,157.52,75.34,78.63,0.9025,1,1
161,33,930.04,1.34,17.15,12.30,0.3714,1,1
161,148,358.30,371.20,36.42,30.03,0.8494,1,1
161,215,749.47,183.19,73.94,90.55,0.9145,1,1
161,224,162.80,324.14,29.91,52.98,0.5285,1,1
161,225,118.79,304.04,68.53,41.99,0.8878,1,1
161,232,920.14,781.40,29.02,41.05,0.8360,1,1
161,240,1208.00,590.36,40.75,41.42,0.8880,1,1
161,253,716.57,989.86,48.31,37.94,0.7908,1,1
161,257,656.03,1021.74,47.63,39.07,0.3106,1,1
161,258,700.46,145.32,28.54,28.45,0.5881,1,1
161,259,650.91,792.81,131.15,137.97,0.8280,1,1
162,1,451.88,422.69,75.04,102.64,0.8472,1,1
162,2,650.21,52.67,51.84,48.94,0.9085,1,1
162,3,446.56,128.65,54.17,48.46,0.8944,1,1
162,4,996.59,24.83,48.64,44.31,0.9260,1,1
162,5,304.98,246.17,30.94,47.53,0.8902,1,1
162,6,454.32,175.58,39.74,33.88,0.8577,1,1
162,7,666.64,87.16,32.08,34.95,0.8716,1,1
162,9,1462.89,0.00,37.87,32.90,0.8116,1,1
162,13,1152.86,368.22,103.52,75.04,0.8853,1,1
162,14,262.48,225.32,67.69,57.34,0.7948,1,1
162,16,898.25,157.09,74.48,78.19,0.9119,1,1
162,33,929.62,1.42,17.44,12.48,0.3783,1,1
162,88,985.58,862.39,54.51,48.48,0.7227,1,1
162,215,749.49,183.48,73.60,89.37,0.9020,1,1
162,224,165.30,317.18,31.55,56.32,0.2606,1,1
162,225,123.16,301.32,70.28,44.03,0.8737,1,1
162,232,919.94,780.96,28.13,40.53,0.8109,1,1
162,240,1209.85,590.63,40.88,41.48,0.8748,1,1
162,253,718.82,991.98,45.73,34.77,0.5390,1,1
162,258,698.99,143.98,26.35,25.93,0.5988,1,1
162,259,650.63,791.71,129.68,134.16,0.8131,1,1
163,1,451.46,422.77,75.09,102.69,0.8597,1,1
163,2,649.71,52.19,50.55,45.63,0.8981,1,1
163,3,446.95,129.15,54.88,49.60,0.8832,1,1
163,4,995.38,24.46,47.78,43.63,0.9186,1,1
163,5,303.46,246.72,31.85,46.90,0.8654,1,1
163,6,455.72,176.67,40.35,34.59,0.8821,1,1
163,7,664.54,84.65,33.17,36.73,0.8828,1,1
163,9,1462.84,0.00,37.62,32.84,0.7420,1,1
163,13,1152.65,368.34,103.49,75.06,0.8843,1,1
163,14,262.13,225.06,68.09,58.18,0.7347,1,1
163,16,898.57,156.83,73.85,77.40,0.9141,1,1
163,33,929.00,1.38,17.71,12.58,0.3824,1,1
163,88,981.63,862.33,56.33,48.84,0.8713,1,1
163,199,1064.43,1017.01,26.78,27.37,0.2701,1,1
163,215,748.78,183.49,74.06,89.47,0.8854,1,1
163,224,176.37,320.00,27.60,49.23,0.4480,1,1
163,225,128.03,298.55,71.27,46.15,0.8755,1,1
163,232,920.26,781.62,27.14,39.61,0.7732,1,1
163,240,1209.75,590.69,41.27,41.83,0.8392,1,1
163,253,718.89,987.96,49.59,36.58,0.5333,1,1
163,258,700.28,142.89,26.93,25.31,0.6261,1,1
163,259,649.11,789.45,129.28,132.69,0.8890,1,1
164,1,451.27,422.25,75.50,103.33,0.8363,1,1
164,2,647.30,51.42,51.77,45.59,0.8961,1,1
164,3,447.52,128.72,55.90,52.15,0.8766,1,1
164,4,995.39,24.11,46.91,43.60,0.9078,1,1
164,5,302.11,246.88,32.29,46.74,0.6639,1,1
164,6,457.91,178.29,39.54,34.96,0.8850,1,1
164,7,664.81,83.83,32.44,36.94,0.8876,1,1
164,9,1462.47,0.01,37.03,32.53,0.5351,1,1
164,13,1152.43,368.53,103.44,74.88,0.8880,1,1
164,14,261.76,225.09,68.28,58.57,0.5657,1,1
164,16,899.16,155.83,73.29,76.15,0.8917,1,1
164,33,928.67,1.25,18.18,12.88,0.4173,1,1
164,88,979.28,863.45,57.01,47.72,0.8698,1,1
164,199,1064.53,1017.09,26.53,27.31,0.3518,1,1
164,215,747.83,183.68,74.08,89.22,0.6519,1,1
164,225,134.20,297.20,69.22,45.22,0.8327,1,1
164,232,920.29,782.10,26.45,39.12,0.7827,1,1
164,240,1208.89,588.68,42.53,44.08,0.8551,1,1
164,253,726.15,976.16,51.97,36.22,0.6264,1,1
164,258,703.67,143.52,24.68,22.53,0.3599,1,1
164,259,645.22,787.17,131.11,131.75,0.8878,1,1
164,266,485.96,351.23,35.45,36.41,0.7772,1,1
165,1,450.99,422.24,75.36,102.81,0.8223,1,1
165,2,645.87,50.84,51.66,44.71,0.8973,1,1
165,3,450.61,131.66,54.68,51.11,0.8778,1,1
165,4,994.06,23.62,46.90,44.04,0.8976,1,1
165,5,302.27,246.81,33.01,45.71,0.8061,1,1
165,6,459.26,180.01,39.04,33.97,0.8844,1,1
165,7,662.10,82.00,33.42,38.06,0.8817,1,1
165,9,1462.84,0.07,36.41,32.30,0.6334,1,1
165,13,1152.39,368.63,103.54,74.89,0.8883,1,1
165,14,261.57,224.92,68.54,59.52,0.7194,1,1
165,16,898.99,155.23,73.41,75.93,0.8847,1,1
165,33,928.42,1.25,18.40,12.99,0.4162,1,1
165,88,979.12,865.26,54.68,45.66,0.8792,1,1
165,199,1064.60,1017.20,26.38,27.26,0.3605,1,1
165,215,748.25,184.18,74.56,88.37,0.7230,1,1
165,225,137.89,294.89,70.61,47.19,0.8046,1,1
165,232,919.99,782.53,26.43,39.49,0.7936,1,1
165,240,1208.65,585.74,43.30,46.99,0.8789,1,1
165,253,734.73,973.96,48.04,32.62,0.3443,1,1
165,259,643.97,785.89,129.70,131.46,0.9027,1,1
165,266,483.83,354.10,40.10,46.56,0.8694,1,1
165,268,282.10,353.48,24.72,24.70,0.5894,1,1
166,1,450.83,422.16,75.61,102.87,0.8334,1,1
166,2,645.72,50.81,51.96,44.63,0.8975,1,1
166,3,450.76,131.88,54.51,50.93,0.8772,1,1
166,4,994.22,23.65,46.63,43.98,0.8984,1,1
166,5,301.40,246.71,34.14,45.93,0.7986,1,1
166,6,459.16,180.03,39.30,33.93,0.8845,1,1
166,7,662.08,81.95,33.42,38.11,0.8818,1,1
166,9,1463.03,0.07,36.08,32.28,0.6351,1,1
166,13,1152.38,368.62,103.62,75.06,0.8878,1,1
166,14,261.81,225.00,67.93,59.50,0.7202,1,1
166,16,898.91,155.22,73.53,75.93,0.8856,1,1
166,33,928.36,1.25,18.47,13.00,0.4111,1,1
166,88,979.09,865.28,54.70,45.64,0.8790,1,1
166,199,1064.65,1017.22,26.30,27.26,0.3569,1,1
166,215,747.85,184.18,75.46,88.37,0.7055,1,1
166,225,138.48,294.82,69.66,47.31,0.8033,1,1
166,232,920.04,782.53,26.29,39.54,0.7921,1,1
166,240,1209.04,585.70,42.52,47.04,0.8791,1,1
166,253,736.38,973.80,47.82,31.64,0.3450,1,1
166,259,644.03,785.96,129.30,131.36,0.9007,1,1
166,266,484.72,354.17,38.38,46.70,0.8682,1,1
166,268,283.27,353.53,24.53,24.12,0.5650,1,1
166,270,177.29,397.83,30.49,27.01,0.3769,1,1
167,1,450.49,421.98,75.94,102.73,0.8247,1,1
167,2,645.25,50.72,49.90,41.21,0.8987,1,1
167,3,453.17,135.84,53.75,48.22,0.8864,1,1
167,4,994.13,23.82,46.49,44.80,0.9076,1,1
167,5,300.30,246.54,35.43,45.96,0.8509,1,1
167,6,461.34,181.83,38.21,33.58,0.8797,1,1
167,7,660.34,78.04,35.22,42.09,0.8690,1,1
167,9,1462.56,0.24,36.16,32.48,0.2854,1,1
167,13,1152.22,369.47,103.36,74.46,0.8875,1,1
167,14,261.95,225.16,67.42,59.48,0.7767,1,1
167,16,898.45,154.62,73.79,76.48,0.8804,1,1
167,33,928.31,1.20,18.49,12.98,0.4255,1,1
167,88,977.64,867.26,55.47,43.74,0.8947,1,1
167,199,1064.72,1017.22,26.18,27.18,0.3560,1,1
167,215,747.22,184.38,75.68,86.49,0.8102,1,1
167,225,143.20,293.63,68.12,46.38,0.7739,1,1
167,232,920.08,782.51,26.57,40.26,0.8049,1,1
167,240,1208.13,587.20,41.76,45.27,0.8686,1,1
167,253,744.39,972.39,48.27,27.47,0.8053,1,1
167,259,642.48,785.52,129.12,131.98,0.9134,1,1
167,266,485.16,357.97,38.23,44.87,0.8703,1,1
167,268,290.27,354.53,30.43,26.66,0.7963,1,1
167,271,961.00,64.40,22.89,18.50,0.3948,1,1
167,272,838.87,239.01,18.46,18.10,0.6765,1,1
167,273,696.33,155.29,27.04,21.90,0.3497,1,1
168,1,449.67,421.72,76.29,102.18,0.8196,1,1
168,2,643.78,50.49,49.74,40.52,0.8999,1,1
168,3,456.31,140.77,51.66,44.03,0.8658,1,1
168,4,993.32,24.14,46.28,44.13,0.9126,1,1
168,5,303.35,246.37,33.46,44.58,0.8750,1,1
168,6,461.47,182.86,38.94,34.06,0.8762,1,1
168,7,657.82,76.99,35.29,42.60,0.8785,1,1
168,13,1152.49,370.28,103.79,74.79,0.8847,1,1
168,14,262.27,225.33,66.87,59.11,0.8001,1,1
168,16,899.03,154.33,72.33,74.52,0.7652,1,1
168,33,928.40,1.21,18.42,12.90,0.3738,1,1
168,88,977.70,869.03,56.69,42.01,0.8813,1,1
168,199,1064.82,1017.28,25.99,26.99,0.3457,1,1
168,215,745.99,186.09,75.69,82.05,0.8887,1,1
168,216,719.06,147.01,30.40,18.82,0.4465,1,1
168,225,149.25,292.43,65.23,43.42,0.7822,1,1
168,232,920.36,782.49,26.91,40.94,0.7913,1,1
168,240,1207.29,587.40,42.51,44.73,0.8606,1,1
168,253,747.02,962.43,51.91,28.96,0.6187,1,1
168,259,639.32,784.50,129.57,132.72,0.9103,1,1
168,266,486.86,361.34,37.47,41.84,0.8783,1,1
168,268,306.17,354.35,29.76,23.78,0.7931,1,1
169,1,449.92,422.39,75.55,99.94,0.8106,1,1
169,2,642.82,49.97,49.14,39.31,0.8956,1,1
169,3,456.79,141.05,53.15,45.38,0.8237,1,1
169,4,992.91,24.73,45.95,42.92,0.9155,1,1
169,5,303.89,246.64,32.96,44.39,0.8789,1,1
169,6,463.55,185.00,37.61,32.11,0.8543,1,1
169,7,656.99,75.85,34.61,43.04,0.8834,1,1
169,9,1461.66,0.03,36.15,33.07,0.5531,1,1
169,13,1152.73,370.70,103.82,75.10,0.8870,1,1
169,14,263.11,226.70,66.02,57.94,0.8092,1,1
169,16,900.86,153.91,68.45,70.12,0.2840,1,1
169,33,928.46,1.30,18.25,12.76,0.3663,1,1
169,88,976.09,870.23,63.93,46.00,0.8841,1,1
169,157,961.18,827.22,47.29,40.79,0.6759,1,1
169,199,1065.01,1017.38,25.64,26.60,0.3307,1,1
169,215,745.46,186.25,77.17,79.64,0.9121,1,1
169,216,720.70,147.53,29.36,18.87,0.6855,1,1
169,225,150.44,290.57,69.70,47.64,0.7830,1,1
169,232,920.71,782.33,26.81,41.00,0.7113,1,1
169,240,1205.98,585.59,44.11,45.47,0.7688,1,1
169,253,749.65,955.74,55.07,30.93,0.5517,1,1
169,259,638.21,784.08,129.06,133.34,0.9061,1,1
169,266,488.05,362.23,36.83,40.03,0.8766,1,1
169,268,310.60,358.87,33.90,25.35,0.6804,1,1
169,275,79.15,486.09,29.88,40.64,0.8419,1,1
170,1,449.08,421.49,76.41,101.15,0.8982,1,1
170,2,641.92,49.76,49.04,39.55,0.8929,1,1
170,3,459.28,143.53,52.81,44.18,0.8664,1,1
170,4,991.89,25.21,46.59,42.25,0.9109,1,1
170,5,305.55,247.16,31.54,43.97,0.8873,1,1
170,6,465.46,186.90,37.83,31.31,0.8420,1,1
170,7,655.21,75.64,34.30,42.20,0.8877,1,1
170,9,1462.15,0.01,35.48,33.03,0.6675,1,1
170,13,1153.09,370.99,103.67,75.34,0.8827,1,1
170,14,263.04,227.04,66.27,57.62,0.8547,1,1
170,16,897.68,153.41,73.53,75.29,0.5230,1,1
170,33,928.56,1.26,18.13,12.65,0.2832,1,1
170,88,976.08,878.48,64.90,48.75,0.8521,1,1
170,157,959.95,826.76,48.15,42.55,0.7557,1,1
170,199,1065.01,1017.31,25.68,26.61,0.3130,1,1
170,215,744.30,187.16,78.56,78.43,0.9220,1,1
170,225,155.27,289.94,67.39,46.21,0.6542,1,1
170,232,920.99,782.38,26.82,41.11,0.6610,1,1
170,240,1205.22,583.41,45.81,44.67,0.8671,1,1
170,253,749.84,951.48,59.81,33.63,0.4599,1,1
170,259,636.64,783.99,129.25,132.71,0.9063,1,1
170,266,487.84,362.36,36.86,39.48,0.8756,1,1
170,275,70.47,489.96,28.04,38.13,0.4811,1,1
171,1,448.16,420.53,77.33,102.27,0.8946,1,1
171,2,641.21,49.27,48.67,39.78,0.8937,1,1
171,3,459.79,144.77,54.33,44.86,0.8425,1,1
171,4,991.91,26.08,45.83,41.48,0.5154,1,1
171,5,307.09,247.27,30.06,44.26,0.8832,1,1
171,6,467.01,187.50,38.06,30.83,0.8491,1,1
171,7,654.48,75.12,34.18,42.43,0.8840,1,1
171,9,1462.02,0.00,34.58,33.20,0.7875,1,1
171,13,1153.15,371.21,103.60,75.13,0.8832,1,1
171,14,263.35,227.27,66.11,56.69,0.8695,1,1
171,16,898.71,153.19,72.29,73.68,0.3843,1,1
171,33,928.71,1.40,17.93,12.54,0.2671,1,1
171,88,975.01,889.00,69.15,52.98,0.5576,1,1
171,157,958.15,826.20,49.57,45.44,0.8058,1,1
171,199,1065.04,1017.32,25.65,26.51,0.3742,1,1
171,215,742.86,187.16,79.45,77.84,0.9258,1,1
171,225,159.26,289.05,66.30,45.79,0.8129,1,1
171,232,921.22,782.72,26.37,40.47,0.2617,1,1
171,240,1204.35,581.71,45.85,42.26,0.8757,1,1
171,253,754.45,946.60,60.11,35.25,0.7388,1,1
171,259,635.81,784.31,129.01,131.14,0.9050,1,1
171,266,487.04,361.37,36.15,36.80,0.8893,1,1
171,275,61.12,490.59,29.13,37.98,0.7641,1,1
172,1,448.14,420.53,77.38,102.26,0.8948,1,1
172,2,641.35,49.26,48.40,39.76,0.8935,1,1
172,3,459.28,143.62,55.40,45.92,0.8393,1,1
172,4,991.88,26.22,45.80,41.33,0.5134,1,1
172,5,307.29,247.25,29.50,44.48,0.8836,1,1
172,6,466.81,187.49,38.50,30.85,0.8489,1,1
172,7,654.53,75.12,34.05,42.40,0.8838,1,1
172,9,1462.24,-0.00,34.14,33.23,0.7975,1,1
172,13,1153.12,371.20,103.69,75.12,0.8850,1,1
172,14,263.16,227.29,66.50,56.67,0.8694,1,1
172,16,898.84,153.12,72.28,73.33,0.3844,1,1
172,33,928.78,1.41,17.84,12.52,0.2686,1,1
172,88,975.69,890.71,68.12,53.63,0.5775,1,1
172,157,958.45,826.19,48.89,45.49,0.8110,1,1
172,199,1064.95,1017.30,25.82,26.66,0.3704,1,1
172,215,742.67,187.17,79.84,77.84,0.9258,1,1
172,225,159.47,289.05,66.07,45.81,0.8142,1,1
172,232,921.33,782.82,26.18,40.23,0.2525,1,1
172,240,1203.82,581.68,46.88,42.22,0.8758,1,1
172,253,755.30,946.32,58.92,35.34,0.7375,1,1
172,259,635.63,784.28,129.51,131.17,0.9045,1,1
172,266,486.69,361.36,36.83,36.77,0.8891,1,1
172,275,60.41,490.60,29.87,37.98,0.7618,1,1
172,277,367.98,308.83,31.17,27.27,0.4380,1,1
172,278,336.84,367.84,38.10,36.94,0.8206,1,1
172,279,295.67,379.30,44.24,37.74,0.6462,1,1
173,1,446.74,421.13,78.28,102.62,0.8751,1,1
173,2,641.74,48.75,47.73,39.47,0.8898,1,1
173,3,460.87,147.21,54.20,43.76,0.8703,1,1
173,4,992.08,27.58,44.96,40.48,0.3443,1,1
173,5,304.50,247.36,30.86,45.65,0.8718,1,1
173,6,467.84,188.77,38.45,30.55,0.8798,1,1
173,7,654.14,74.30,34.22,43.33,0.8886,1,1
173,9,1462.31,0.00,33.90,33.11,0.8211,1,1
173,13,1153.11,371.49,103.57,74.87,0.8851,1,1
173,14,263.11,227.27,66.70,56.59,0.8695,1,1
173,16,895.42,152.06,77.57,79.00,0.5410,1,1
173,33,928.84,1.49,17.52,12.34,0.2734,1,1
173,148,344.56,374.18,42.09,30.90,0.8334,1,1
173,157,958.51,826.75,47.96,44.24,0.8329,1,1
173,199,1065.22,1017.27,25.70,26.53,0.3619,1,1
173,215,742.30,187.83,80.06,77.24,0.9235,1,1
173,225,162.63,289.26,65.57,45.32,0.7964,1,1
173,240,1203.65,578.68,46.23,42.98,0.8963,1,1
173,253,753.05,946.18,60.12,36.28,0.4780,1,1
173,259,635.13,784.68,130.01,130.43,0.9006,1,1
173,266,485.36,360.20,33.56,33.06,0.8608,1,1
173,273,706.58,153.55,26.88,21.57,0.3758,1,1
173,275,50.05,495.34,30.66,40.05,0.8036,1,1
173,279,290.39,384.78,47.83,37.19,0.7701,1,1
173,281,710.98,150.46,30.23,22.16,0.4326,1,1
173,282,991.07,27.75,46.85,40.51,0.8692,1,1
174,1,446.74,421.40,78.63,103.45,0.8594,1,1
174,2,642.12,48.57,47.65,40.21,0.8931,1,1
174,3,462.02,150.32,54.25,42.66,0.8658,1,1
174,5,301.12,247.24,33.74,47.53,0.8361,1,1
174,6,467.62,190.15,39.34,31.53,0.8894,1,1
174,7,654.13,75.94,33.70,42.08,0.8827,1,1
174,9,1462.57,0.00,34.03,33.17,0.8350,1,1
174,13,1153.07,371.55,103.87,75.01,0.8787,1,1
174,14,263.34,227.40,66.04,55.56,0.8631,1,1
174,16,895.22,151.95,77.96,79.55,0.6708,1,1
174,148,349.74,371.58,58.65,44.06,0.4310,1,1
174,157,958.85,826.78,47.58,43.88,0.6238,1,1
174,199,1064.70,1017.08,26.55,27.55,0.3382,1,1
174,215,741.72,187.88,80.54,77.09,0.9205,1,1
174,225,164.54,289.18,65.56,45.46,0.6974,1,1
174,240,1203.27,578.01,44.46,41.87,0.8896,1,1
174,259,634.36,785.91,130.88,130.19,0.8989,1,1
174,266,484.92,360.66,30.72,30.24,0.2729,1,1
174,273,698.20,154.28,26.24,22.20,0.8519,1,1
174,275,42.75,496.63,31.97,43.50,0.8177,1,1
174,279,291.89,388.19,44.44,34.06,0.3311,1,1
174,282,991.47,24.13,52.52,45.19,0.8517,1,1
175,1,446.75,419.49,78.71,105.00,0.8422,1,1
175,2,643.00,48.75,46.90,40.14,0.8900,1,1
175,3,462.38,151.66,54.74,42.48,0.8729,1,1
175,4,993.14,26.12,49.38,43.91,0.2973,1,1
175,5,296.43,248.28,37.67,48.76,0.8520,1,1
175,6,469.17,191.34,38.98,31.37,0.9050,1,1
175,7,654.16,76.24,33.71,41.25,0.8841,1,1
175,9,1461.97,0.00,33.88,33.07,0.8314,1,1
175,13,1153.17,371.66,103.54,74.44,0.8763,1,1
175,14,263.60,227.40,66.55,55.84,0.8671,1,1
175,16,895.09,151.63,77.90,79.57,0.7609,1,1
175,148,348.81,375.45,55.61,38.56,0.8104,1,1
175,157,960.63,827.57,46.33,42.61,0.2928,1,1
175,199,1064.42,1016.96,26.65,27.73,0.4105,1,1
175,215,740.41,188.06,81.74,77.06,0.9145,1,1
175,225,167.78,288.97,65.48,45.39,0.4713,1,1
175,240,1203.14,577.33,44.16,42.07,0.8847,1,1
175,259,632.61,786.19,132.34,130.48,0.8987,1,1
175,266,475.50,353.26,34.40,34.03,0.7082,1,1
175,273,697.38,152.10,26.53,22.50,0.4554,1,1
175,275,36.49,499.80,31.82,43.57,0.3212,1,1
175,282,991.76,24.82,52.95,45.11,0.6592,1,1
176,1,446.91,418.95,77.81,104.32,0.8115,1,1
176,2,643.67,48.94,46.39,40.58,0.8835,1,1
176,3,462.81,152.68,55.17,42.84,0.8752,1,1
176,5,293.71,249.03,40.75,50.84,0.8638,1,1
176,6,470.24,192.51,38.95,31.21,0.9103,1,1
176,7,652.97,78.48,33.81,40.78,0.8815,1,1
176,9,1462.13,0.00,34.01,33.07,0.8442,1,1
176,13,1152.86,371.62,103.65,74.11,0.8684,1,1
176,14,263.90,227.67,66.57,55.52,0.8642,1,1
176,16,894.61,150.93,77.20,79.29,0.6568,1,1
176,157,961.19,827.96,46.72,42.90,0.2690,1,1
176,199,1064.21,1016.99,26.74,27.90,0.4578,1,1
176,215,739.93,187.77,82.05,77.35,0.9210,1,1
176,225,171.37,289.18,65.17,45.33,0.4959,1,1
176,240,1201.95,578.52,42.56,41.37,0.8868,1,1
176,259,631.81,786.43,134.08,132.57,0.9008,1,1
176,266,472.04,352.50,34.98,36.19,0.9008,1,1
176,273,696.45,152.37,27.64,23.10,0.4926,1,1
176,282,991.63,24.21,55.06,45.38,0.7943,1,1
177,1,446.51,418.91,78.09,104.76,0.7376,1,1
177,2,644.00,49.10,45.92,40.68,0.8750,1,1
177,3,462.64,153.17,55.46,43.70,0.8969,1,1
177,5,293.34,250.57,41.42,50.24,0.8719,1,1
177,6,470.90,194.16,38.49,30.24,0.8955,1,1
177,7,651.91,79.58,34.30,40.38,0.8750,1,1
177,9,1461.99,0.00,34.01,33.44,0.8460,1,1
177,13,1152.51,371.25,104.16,74.24,0.8671,1,1
177,14,264.76,228.91,65.74,54.06,0.8192,1,1
177,16,894.66,150.28,76.38,79.36,0.7122,1,1
177,199,1064.30,1016.96,26.56,27.72,0.3119,1,1
177,215,739.75,187.98,82.31,77.37,0.9233,1,1
177,225,174.33,289.15,64.70,45.00,0.3664,1,1
177,240,1200.45,579.92,41.38,40.07,0.8637,1,1
177,259,631.73,787.56,134.52,134.07,0.9050,1,1
177,266,475.17,352.08,33.44,35.59,0.8467,1,1
177,273,694.40,153.67,29.06,23.72,0.7297,1,1
177,282,991.60,24.52,55.87,45.20,0.8077,1,1
177,286,689.81,355.55,29.16,28.07,0.2977,1,1
177,287,950.98,983.03,34.85,49.97,0.5412,1,1
178,1,446.51,418.89,78.08,104.81,0.7384,1,1
178,2,644.15,49.14,45.62,40.65,0.8747,1,1
178,3,462.78,153.19,55.17,43.66,0.8971,1,1
178,5,293.00,250.66,41.96,50.20,0.8715,1,1
178,6,470.76,194.23,38.77,30.16,0.8953,1,1
178,7,651.72,79.63,34.67,40.33,0.8752,1,1
178,9,1462.08,-0.00,33.83,33.45,0.8458,1,1
178,13,1152.46,371.28,104.29,74.29,0.8714,1,1
178,14,264.57,229.10,66.16,53.95,0.7986,1,1
178,16,894.94,150.22,75.80,79.36,0.7079,1,1
178,199,1064.35,1016.90,26.49,27.67,0.3124,1,1
178,215,739.71,187.99,82.39,77.38,0.9232,1,1
178,225,175.00,289.12,64.58,44.91,0.3350,1,1
178,240,1200.40,579.94,41.48,40.06,0.8635,1,1
178,259,631.88,787.69,134.18,134.00,0.9051,1,1
178,266,475.54,352.09,32.84,35.56,0.8468,1,1
178,273,694.11,153.74,29.45,23.73,0.7262,1,1
178,282,991.33,24.52,56.38,45.14,0.8071,1,1
178,286,690.16,355.26,28.70,27.57,0.3133,1,1
178,287,951.31,985.81,33.51,49.17,0.5418,1,1
179,1,447.13,418.99,76.77,102.98,0.8492,1,1
179,2,644.52,49.41,44.99,40.18,0.8765,1,1
179,3,463.06,153.13,55.72,45.19,0.9009,1,1
179,5,293.57,251.30,41.53,50.30,0.8767,1,1
179,6,470.53,196.42,38.25,28.98,0.8659,1,1
179,7,652.26,79.62,34.97,40.75,0.8721,1,1
179,9,1462.09,0.00,34.00,33.51,0.8445,1,1
179,13,1152.47,370.96,104.12,73.77,0.8781,1,1
179,14,264.64,229.30,66.40,53.80,0.7807,1,1
179,16,896.69,149.34,74.25,77.83,0.7211,1,1
179,33,927.59,1.26,19.05,13.68,0.2659,1,1
179,157,956.70,827.31,50.40,47.05,0.4103,1,1
179,199,1064.26,1016.82,26.63,27.86,0.3838,1,1
179,215,738.66,188.11,83.17,76.97,0.9281,1,1
179,225,176.94,289.10,64.80,44.98,0.2589,1,1
179,240,1200.42,581.40,39.86,38.54,0.7007,1,1
179,259,632.83,788.34,133.96,134.08,0.8995,1,1
179,266,486.31,354.86,30.38,35.28,0.8133,1,1
179,282,990.83,23.97,56.82,45.74,0.8684,1,1
179,287,954.03,1001.01,24.11,36.02,0.7746,1,1
179,290,356.54,373.53,38.87,33.64,0.7253,1,1
179,292,382.06,405.44,32.28,33.75,0.7089,1,1
180,1,447.35,417.54,76.86,103.47,0.8417,1,1
180,2,644.85,49.76,44.74,40.22,0.8760,1,1
180,3,463.30,153.52,55.45,45.74,0.8976,1,1
180,5,292.91,251.27,42.43,51.71,0.8758,1,1
180,6,470.20,197.88,38.97,28.72,0.8792,1,1
180,7,651.87,80.71,34.02,38.61,0.8749,1,1
180,9,1461.85,0.00,33.93,33.37,0.8401,1,1
180,13,1152.31,370.91,104.41,73.79,0.8691,1,1
180,14,264.63,229.28,67.00,53.77,0.8093,1,1
180,16,898.18,148.83,73.95,77.32,0.5288,1,1
180,33,927.03,1.35,18.97,13.64,0.2769,1,1
180,157,956.70,826.89,49.76,47.14,0.5731,1,1
180,199,1064.22,1016.77,26.72,27.99,0.3813,1,1
180,215,737.72,188.36,83.79,76.25,0.9325,1,1
180,240,1200.32,579.05,41.39,40.64,0.7787,1,1
180,259,632.02,789.41,135.69,135.58,0.8694,1,1
180,266,492.28,358.35,29.96,33.63,0.8277,1,1
180,282,990.76,23.77,57.15,46.73,0.8933,1,1
180,287,946.90,1002.84,27.03,41.62,0.6225,1,1
180,290,358.13,375.52,37.49,32.92,0.6726,1,1
180,292,382.95,409.12,29.84,32.66,0.8385,1,1
181,1,448.11,415.56,77.30,104.16,0.8799,1,1
181,2,644.91,49.69,44.75,40.11,0.8772,1,1
181,3,463.36,153.16,55.69,46.62,0.8973,1,1
181,4,992.36,23.09,54.93,48.87,0.8949,1,1
181,5,293.20,253.48,41.16,48.72,0.8692,1,1
181,6,473.82,199.64,37.49,27.77,0.7955,1,1
181,7,651.32,79.67,34.23,39.12,0.8856,1,1
181,9,1461.72,0.00,34.01,33.40,0.8449,1,1
181,13,1152.17,370.60,104.86,74.16,0.8945,1,1
181,14,265.01,229.90,66.10,52.77,0.6839,1,1
181,16,899.55,148.05,75.21,78.60,0.2894,1,1
181,199,1064.13,1016.66,27.21,28.57,0.2934,1,1
181,215,737.79,188.33,82.86,75.65,0.9047,1,1
181,240,1199.88,578.01,43.26,42.51,0.3112,1,1
181,259,630.45,793.15,136.31,135.97,0.8915,1,1
181,266,492.08,357.42,34.48,38.07,0.8748,1,1
181,290,360.70,373.88,33.87,28.94,0.8041,1,1
181,292,382.99,417.77,28.99,30.81,0.6073,1,1
181,294,954.27,63.71,18.86,21.20,0.7492,1,1
181,295,844.90,223.48,21.08,29.03,0.3187,1,1
182,1,448.67,414.40,77.19,103.14,0.8006,1,1
182,2,645.00,50.46,44.78,39.78,0.8749,1,1
182,3,463.65,154.55,55.85,46.98,0.8976,1,1
182,4,992.23,22.80,55.59,49.36,0.8857,1,1
182,5,293.20,253.60,41.69,48.88,0.8760,1,1
182,6,474.09,200.29,37.52,27.56,0.8203,1,1
182,7,651.04,80.53,34.06,38.79,0.8904,1,1
182,9,1461.60,-0.00,34.17,33.37,0.8515,1,1
182,13,1152.50,370.60,104.71,74.17,0.8793,1,1
182,14,265.36,230.50,65.04,51.66,0.5669,1,1
182,16,900.78,147.47,73.23,76.41,0.4989,1,1
182,199,1064.20,1016.60,27.17,28.61,0.3544,1,1
182,215,737.34,188.39,82.71,75.34,0.9047,1,1
182,259,630.89,794.31,135.88,136.53,0.8514,1,1
182,266,492.50,358.41,35.49,39.53,0.8761,1,1
182,290,359.25,373.90,35.05,29.38,0.8222,1,1
182,292,379.40,419.67,31.11,31.08,0.6512,1,1
182,294,954.65,63.68,19.00,21.37,0.6776,1,1
182,295,844.70,218.70,20.30,27.93,0.6220,1,1
182,298,749.74,972.42,34.40,40.44,0.8016,1,1
183,1,448.72,413.78,78.14,104.18,0.7462,1,1
183,2,644.88,51.12,45.01,40.04,0.8760,1,1
183,3,463.38,155.28,56.67,48.12,0.8903,1,1
183,4,991.68,22.89,55.82,48.93,0.8821,1,1
183,5,294.01,252.36,41.98,51.28,0.8785,1,1
183,6,474.22,201.95,37.16,27.12,0.7780,1,1
183,7,650.86,80.86,34.48,39.17,0.8872,1,1
183,9,1461.60,-0.00,34.27,33.34,0.8483,1,1
183,13,1152.67,370.95,104.20,73.64,0.8383,1,1
183,14,265.69,231.15,64.69,50.31,0.7387,1,1
183,16,901.30,146.60,73.77,76.83,0.4500,1,1
183,215,737.08,188.50,82.54,75.18,0.9016,1,1
183,240,1198.81,578.93,43.71,43.22,0.2539,1,1
183,259,629.99,795.41,137.01,138.79,0.7417,1,1
183,266,494.12,362.31,33.05,36.63,0.8622,1,1
183,290,358.69,374.62,34.93,28.74,0.8234,1,1
183,292,377.48,420.98,31.68,30.94,0.2770,1,1
183,294,955.84,64.09,19.23,21.76,0.4196,1,1
183,295,845.46,215.55,19.31,26.58,0.6998,1,1
183,298,745.60,977.39,34.28,41.00,0.8567,1,1
183,299,724.44,159.94,25.46,17.36,0.7192,1,1
183,301,656.23,169.13,36.57,22.16,0.5234,1,1
183,302,540.58,302.82,38.83,22.48,0.2988,1,1
184,1,448.66,413.78,78.31,104.22,0.7457,1,1
184,2,644.90,51.12,44.99,40.04,0.8759,1,1
184,3,463.50,155.30,56.44,48.12,0.8907,1,1
184,4,991.52,22.70,56.17,49.10,0.8797,1,1
184,5,294.62,252.51,40.96,50.84,0.8790,1,1
184,6,474.17,202.01,37.28,27.07,0.7784,1,1
184,7,650.83,80.88,34.53,39.17,0.8873,1,1
184,9,1461.56,-0.00,34.34,33.34,0.8487,1,1
184,13,1152.61,371.04,104.26,73.49,0.8449,1,1
184,14,265.34,231.24,65.34,50.19,0.7280,1,1
184,16,901.31,146.39,74.02,76.95,0.4864,1,1
184,215,737.10,188.50,82.54,75.20,0.9018,1,1
184,240,1198.81,579.02,43.58,43.39,0.2666,1,1
184,259,630.06,795.36,136.60,139.20,0.6961,1,1
184,266,494.09,362.37,33.12,36.63,0.8617,1,1
184,290,358.47,374.65,35.28,28.69,0.8260,1,1
184,292,376.60,420.97,32.51,30.93,0.2886,1,1
184,294,956.13,64.14,19.20,21.87,0.4155,1,1
184,295,845.52,215.38,19.23,26.47,0.7132,1,1
184,298,745.64,977.45,34.07,41.03,0.8570,1,1
184,299,724.54,159.96,25.54,17.38,0.7057,1,1
184,301,655.55,169.84,36.40,21.94,0.5295,1,1
184,302,540.35,302.66,39.09,22.65,0.3795,1,1
185,1,449.59,413.87,77.39,102.72,0.5781,1,1
185,2,645.03,52.11,45.08,40.26,0.8774,1,1
185,3,464.12,156.14,56.48,47.54,0.8964,1,1
185,4,991.32,23.51,55.86,47.86,0.8641,1,1
185,5,295.16,252.10,40.31,50.54,0.8758,1,1
185,6,474.39,202.68,36.63,26.39,0.7611,1,1
185,7,650.81,81.29,34.29,38.99,0.8910,1,1
185,9,1461.49,-0.00,34.36,33.31,0.8454,1,1
185,13,1151.95,371.02,104.74,74.05,0.7896,1,1
185,14,264.96,231.15,66.41,50.36,0.7991,1,1
185,16,902.84,145.92,72.63,74.99,0.4914,1,1
185,33,925.19,1.17,19.02,13.78,0.2778,1,1
185,215,736.90,188.60,82.64,75.05,0.9197,1,1
185,259,631.01,798.58,134.68,138.61,0.7946,1,1
185,266,493.92,364.62,33.30,36.68,0.8763,1,1
185,290,358.61,374.80,35.33,28.23,0.7654,1,1
185,292,371.55,421.17,37.42,34.07,0.3714,1,1
185,294,957.58,63.80,18.75,21.74,0.5057,1,1
185,295,844.94,211.43,18.84,26.14,0.4491,1,1
185,298,740.03,980.62,35.81,43.08,0.7314,1,1
185,299,724.31,160.12,26.52,17.99,0.8020,1,1
185,302,540.37,302.58,39.20,22.74,0.2880,1,1
185,304,957.04,1045.43,30.88,27.53,0.6187,1,1
185,305,695.09,154.84,29.79,20.04,0.2517,1,1
185,306,593.31,466.09,43.83,64.89,0.3470,1,1
185,307,942.32,1004.81,27.17,47.21,0.6442,1,1
186,1,450.55,413.25,76.54,100.95,0.6221,1,1
186,2,644.94,52.65,44.92,40.16,0.8776,1,1
186,3,463.94,155.71,57.66,48.75,0.8980,1,1
186,4,990.58,23.49,55.75,47.48,0.8230,1,1
186,5,296.58,252.79,38.80,49.09,0.8822,1,1
186,6,475.36,203.52,35.91,25.68,0.7241,1,1
186,7,650.34,81.86,34.71,39.41,0.8924,1,1
186,9,1461.50,-0.00,34.39,33.24,0.8524,1,1
186,13,1152.22,371.22,104.35,73.90,0.7542,1,1
186,14,264.78,231.27,66.82,50.30,0.7930,1,1
186,16,904.28,145.38,71.80,73.54,0.3622,1,1
186,33,924.51,1.24,19.40,14.19,0.2812,1,1
186,215,736.91,188.55,83.05,75.22,0.9279,1,1
186,240,1198.35,578.95,41.81,42.02,0.3387,1,1
186,259,632.58,801.73,131.70,134.16,0.8840,1,1
186,266,493.56,364.86,33.95,36.14,0.8668,1,1
186,290,359.08,374.38,35.55,28.86,0.8202,1,1
186,294,959.76,63.36,18.47,21.96,0.5312,1,1
186,298,735.40,981.23,35.66,47.21,0.8397,1,1
186,299,724.68,159.98,26.95,18.15,0.8288,1,1
186,301,650.70,172.76,38.05,24.04,0.7640,1,1
186,302,540.20,302.37,39.46,22.94,0.2945,1,1
186,307,942.92,993.08,31.14,52.64,0.6768,1,1
187,1,450.99,407.99,78.22,103.95,0.7158,1,1
187,2,645.02,53.04,44.79,39.84,0.8748,1,1
187,3,464.52,155.64,57.76,49.36,0.8961,1,1
187,4,990.14,23.20,56.31,48.15,0.5776,1,1
187,5,297.96,253.91,36.98,46.66,0.8949,1,1
187,6,475.19,203.63,36.56,25.88,0.7775,1,1
187,7,650.43,81.86,34.84,39.84,0.8967,1,1
187,9,1461.11,-0.00,34.43,33.24,0.8480,1,1
187,13,1152.22,371.04,104.42,74.12,0.7452,1,1
187,14,264.37,230.57,68.39,51.22,0.8347,1,1
187,16,904.82,144.84,71.99,73.39,0.2571,1,1
187,215,736.92,188.72,82.93,75.06,0.9310,1,1
187,240,1198.07,578.79,41.19,41.83,0.3643,1,1
187,259,633.22,803.95,131.57,133.45,0.8731,1,1
187,266,491.78,363.23,35.16,36.18,0.8566,1,1
187,290,358.86,374.82,34.92,28.03,0.8384,1,1
187,298,733.36,984.32,36.70,49.85,0.6354,1,1
187,299,724.56,160.16,27.37,18.23,0.8278,1,1
187,301,650.23,180.30,32.16,19.67,0.8051,1,1
187,307,945.04,973.77,38.91,57.60,0.8299,1,1
187,308,16.28,558.32,30.74,45.08,0.8507,1,1
187,309,220.54,322.51,27.02,44.48,0.4761,1,1
188,1,453.19,407.77,76.43,101.24,0.7117,1,1
188,2,644.84,54.14,44.93,39.47,0.8677,1,1
188,3,465.92,157.14,56.70,48.20,0.9034,1,1
188,4,988.59,20.91,57.59,49.75,0.4379,1,1
188,5,297.73,254.84,36.73,45.65,0.8969,1,1
188,6,475.05,203.72,37.55,26.60,0.8620,1,1
188,7,650.37,82.23,34.40,39.70,0.9024,1,1
188,9,1461.15,0.00,34.48,33.21,0.8573,1,1
188,13,1152.43,370.95,104.25,74.11,0.7448,1,1
188,14,264.34,231.36,67.74,50.47,0.7967,1,1
188,16,905.98,144.01,71.90,73.04,0.3222,1,1
188,33,923.70,1.18,19.35,14.36,0.2959,1,1
188,215,736.91,188.63,83.22,75.33,0.9284,1,1
188,240,1198.09,578.69,40.78,41.67,0.3431,1,1
188,254,851.15,194.77,21.00,29.17,0.4629,1,1
188,259,631.46,803.83,135.87,138.29,0.7669,1,1
188,266,488.49,360.39,37.75,38.17,0.8636,1,1
188,290,359.29,373.96,36.42,29.39,0.8659,1,1
188,299,724.58,160.18,27.34,18.50,0.8355,1,1
188,301,646.36,181.27,33.45,20.48,0.6150,1,1
188,302,540.44,302.71,38.93,22.65,0.3278,1,1
188,307,951.05,958.35,44.27,58.62,0.8359,1,1
188,308,14.84,566.88,31.01,43.61,0.8525,1,1
188,309,217.86,325.24,26.26,42.99,0.4154,1,1
188,310,908.74,74.80,26.98,30.18,0.8192,1,1
188,311,555.15,391.71,29.55,49.88,0.5406,1,1
189,1,455.32,405.94,74.98,99.06,0.5682,1,1
189,2,644.73,54.58,45.22,39.88,0.8646,1,1
189,3,467.33,157.34,56.58,48.17,0.8800,1,1
189,4,987.85,18.40,58.71,51.33,0.3219,1,1
189,5,298.28,255.23,36.58,45.13,0.8982,1,1
189,6,474.98,203.77,38.70,27.20,0.8697,1,1
189,7,650.52,83.15,34.00,38.91,0.9108,1,1
189,9,1461.15,0.00,34.61,33.20,0.8588,1,1
189,13,1152.43,370.82,104.28,74.28,0.7561,1,1
189,14,264.68,231.62,66.91,49.83,0.7227,1,1
189,33,923.15,1.11,19.27,14.47,0.2648,1,1
189,215,737.01,188.68,83.53,75.46,0.9268,1,1
189,240,1198.13,578.51,41.10,42.11,0.3037,1,1
189,259,629.70,803.60,138.45,141.58,0.6004,1,1
189,266,483.91,357.38,36.08,37.73,0.8670,1,1
189,290,360.29,373.11,38.04,30.41,0.8701,1,1
189,299,724.29,160.81,27.11,17.97,0.8326,1,1
189,301,644.18,183.06,36.80,23.87,0.7775,1,1
189,307,957.98,942.47,46.51,54.17,0.8531,1,1
189,308,13.92,575.14,29.34,38.05,0.8695,1,1
189,310,910.89,75.45,24.77,29.32,0.7814,1,1
189,311,554.77,390.60,25.11,41.83,0.3907,1,1
189,312,214.07,412.45,30.08,31.39,0.4593,1,1
190,1,455.53,405.68,74.94,98.76,0.5695,1,1
190,2,644.76,54.57,45.16,39.91,0.8647,1,1
190,3,467.38,157.54,56.61,48.07,0.8835,1,1
190,4,988.07,17.82,58.12,51.64,0.3920,1,1
190,5,298.21,255.20,36.74,45.16,0.8985,1,1
190,6,474.91,203.76,38.86,27.22,0.8702,1,1
190,7,650.51,83.10,34.09,38.95,0.9101,1,1
190,9,1461.12,-0.00,34.68,33.19,0.8585,1,1
190,13,1152.49,370.77,104.13,74.27,0.7654,1,1
190,14,264.24,230.96,68.05,50.76,0.6958,1,1
190,16,907.48,143.44,70.43,71.02,0.2509,1,1
190,33,923.05,1.07,19.14,14.50,0.2656,1,1
190,215,737.00,188.67,83.57,75.46,0.9271,1,1
190,240,1198.18,578.47,41.09,42.20,0.3101,1,1
190,259,629.85,803.58,138.13,142.10,0.6279,1,1
190,266,484.11,357.32,35.49,37.73,0.8661,1,1
190,290,360.24,373.09,38.20,30.42,0.8700,1,1
190,299,724.21,160.85,27.44,17.96,0.8305,1,1
190,301,644.76,183.16,35.73,23.98,0.7801,1,1
190,307,956.93,942.16,48.96,54.04,0.8523,1,1
190,308,13.58,575.04,30.42,37.77,0.8716,1,1
190,310,911.42,75.46,23.77,29.29,0.7835,1,1
190,311,554.57,390.41,24.33,39.97,0.3874,1,1
190,312,212.91,412.72,30.72,31.61,0.4559,1,1
190,313,746.71,1005.87,61.10,52.84,0.7891,1,1
190,314,974.52,45.43,15.82,20.79,0.3676,1,1
191,1,456.26,404.88,74.34,97.07,0.7749,1,1
191,2,644.81,54.96,45.46,40.33,0.8595,1,1
191,3,468.37,158.22,56.83,47.42,0.9043,1,1
191,4,989.25,14.65,54.18,55.19,0.8228,1,1
191,5,297.39,255.73,37.64,47.70,0.8999,1,1
191,6,475.42,203.43,38.93,26.79,0.8704,1,1
191,7,651.15,83.69,34.06,39.14,0.9097,1,1
191,9,1461.09,0.00,34.81,33.06,0.8525,1,1
191,13,1152.47,370.71,104.17,74.35,0.7500,1,1
191,14,265.00,231.56,67.35,50.15,0.7214,1,1
191,16,907.78,142.86,70.28,70.21,0.2739,1,1
191,33,922.45,1.11,19.04,14.46,0.2989,1,1
191,215,736.93,187.88,83.80,77.75,0.9197,1,1
191,240,1198.64,578.06,41.43,42.53,0.4942,1,1
191,259,629.74,804.57,138.06,142.27,0.4062,1,1
191,266,479.11,353.11,35.79,40.28,0.8371,1,1
191,290,361.06,372.68,37.24,29.12,0.8337,1,1
191,299,723.32,161.16,28.50,18.54,0.8251,1,1
191,301,642.30,185.05,38.20,26.06,0.5644,1,1
191,307,961.96,921.66,50.19,52.52,0.8274,1,1
191,308,10.52,581.23,27.22,33.70,0.3336,1,1
191,310,910.91,74.61,23.96,30.22,0.6951,1,1
191,311,552.07,390.25,25.53,40.70,0.5124,1,1
191,313,749.73,1011.99,62.83,53.78,0.5172,1,1
191,314,974.20,44.44,16.70,21.69,0.6488,1,1
192,1,458.52,401.75,75.71,97.29,0.8741,1,1
192,2,644.84,55.53,45.41,40.34,0.8667,1,1
192,3,469.41,159.06,57.19,46.82,0.9069,1,1
192,4,991.40,12.86,50.95,56.48,0.8826,1,1
192,5,296.37,255.77,38.44,48.87,0.8981,1,1
192,6,476.20,204.09,39.09,26.79,0.8780,1,1
192,7,652.12,84.74,33.45,38.75,0.9091,1,1
192,9,1461.03,-0.00,34.61,32.79,0.8586,1,1
192,13,1152.47,370.43,104.41,74.65,0.7131,1,1
192,14,265.85,231.99,66.23,49.20,0.7320,1,1
192,33,922.21,1.12,18.66,14.11,0.4153,1,1
192,148,358.94,371.20,40.97,29.11,0.8290,1,1
192,215,736.69,187.37,84.31,80.91,0.9025,1,1
192,240,1199.16,577.85,41.80,42.69,0.4888,1,1
192,259,632.02,808.48,134.51,138.50,0.4914,1,1
192,266,476.31,351.47,30.86,34.47,0.6082,1,1
192,299,722.82,161.25,28.88,18.47,0.8147,1,1
192,301,644.92,188.42,34.49,24.20,0.7735,1,1
192,302,540.71,302.81,38.52,22.47,0.3668,1,1
192,308,6.73,587.74,29.82,36.39,0.7384,1,1
192,310,910.87,74.59,23.08,29.24,0.3475,1,1
192,311,550.87,389.89,27.97,44.88,0.4986,1,1
192,313,762.37,1022.01,61.68,52.43,0.3081,1,1
192,314,975.07,43.72,15.98,20.12,0.6289,1,1
193,1,460.08,397.50,76.77,100.17,0.8728,1,1
193,2,644.84,55.81,45.66,40.96,0.8762,1,1
193,3,469.05,158.58,58.05,47.65,0.9083,1,1
193,5,296.72,256.00,37.81,48.36,0.9023,1,1
193,6,477.51,204.43,38.45,26.60,0.8646,1,1
193,7,652.31,86.08,33.16,38.02,0.9153,1,1
193,9,1461.18,0.00,34.33,32.92,0.8621,1,1
193,13,1152.40,370.47,104.39,74.74,0.7043,1,1
193,14,266.61,231.77,67.01,49.56,0.8182,1,1
193,33,922.10,1.30,18.31,13.79,0.3399,1,1
193,148,359.61,368.41,41.95,30.75,0.8081,1,1
193,215,737.38,186.27,84.20,83.29,0.8943,1,1
193,240,1199.72,576.35,46.53,45.11,0.7478,1,1
193,259,632.26,812.43,133.18,134.98,0.7788,1,1
193,266,472.71,351.46,29.00,33.02,0.8921,1,1
193,282,992.88,24.87,50.25,45.17,0.8623,1,1
193,299,722.07,161.44,29.01,18.57,0.8177,1,1
193,301,646.01,190.24,34.07,24.54,0.8334,1,1
193,302,540.33,302.43,39.36,23.21,0.4630,1,1
193,308,3.75,590.26,30.99,37.97,0.7140,1,1
193,310,911.17,74.64,21.48,27.41,0.3599,1,1
193,311,550.39,390.61,30.31,49.81,0.5711,1,1
193,314,975.18,42.83,15.73,19.59,0.4602,1,1
193,315,1507.48,98.43,26.35,24.00,0.3154,1,1
193,316,550.00,390.83,37.51,64.23,0.5176,1,1
194,1,462.13,397.07,75.35,98.55,0.8366,1,1
194,2,644.93,56.02,45.68,41.31,0.8805,1,1
194,3,469.95,159.17,57.05,47.09,0.9081,1,1
194,5,298.14,256.49,36.87,47.37,0.9042,1,1
194,6,479.21,205.00,36.73,25.64,0.8398,1,1
194,7,651.40,87.10,33.96,38.72,0.9195,1,1
194,9,1461.22,-0.00,33.92,32.82,0.8538,1,1
194,13,1152.29,370.15,104.62,75.06,0.6581,1,1
194,14,267.07,232.26,66.26,48.86,0.8333,1,1
194,33,922.02,1.26,18.27,13.71,0.4017,1,1
194,148,355.15,366.55,42.57,30.38,0.5698,1,1
194,215,738.07,185.94,83.04,84.01,0.8772,1,1
194,240,1201.32,577.48,49.90,47.06,0.8398,1,1
194,254,847.79,209.25,20.32,27.50,0.4955,1,1
194,259,631.92,812.91,133.89,135.70,0.7400,1,1
194,266,472.86,348.74,29.95,33.59,0.8537,1,1
194,282,995.93,24.35,48.51,45.68,0.8854,1,1
194,299,722.19,162.01,28.10,18.07,0.8034,1,1
194,301,646.78,191.43,33.39,24.62,0.8272,1,1
194,302,540.48,302.40,39.32,23.27,0.3435,1,1
194,308,3.96,591.81,29.07,35.42,0.4567,1,1
194,314,974.57,42.62,15.72,19.18,0.6717,1,1
194,315,1507.51,98.47,26.25,23.94,0.2976,1,1
194,316,552.70,390.71,38.05,64.81,0.4874,1,1
195,1,463.30,391.69,76.40,99.78,0.8152,1,1
195,2,644.94,56.48,45.66,41.53,0.8861,1,1
195,3,470.11,158.67,57.15,47.55,0.9075,1,1
195,5,298.58,258.01,36.38,45.54,0.9010,1,1
195,6,479.86,205.08,36.43,25.78,0.8216,1,1
195,7,651.09,87.90,34.31,38.91,0.9247,1,1
195,9,1461.14,-0.00,33.94,32.68,0.8483,1,1
195,13,1152.24,370.15,104.37,75.01,0.6431,1,1
195,14,268.64,232.16,65.78,48.28,0.8644,1,1
195,33,920.22,1.20,18.87,13.78,0.6251,1,1
195,157,971.14,839.01,51.39,51.21,0.8569,1,1
195,215,739.30,185.50,81.53,84.76,0.9013,1,1
195,240,1200.04,579.23,52.82,50.56,0.6470,1,1
195,254,842.85,210.44,21.47,27.97,0.6752,1,1
195,259,633.45,813.47,133.81,135.92,0.5779,1,1
195,266,476.17,348.11,31.53,35.25,0.2748,1,1
195,278,366.96,360.32,36.18,31.43,0.7671,1,1
195,282,996.35,23.44,48.74,46.91,0.8628,1,1
195,299,722.05,162.29,28.31,18.08,0.7608,1,1
195,301,647.47,192.16,31.89,24.08,0.8366,1,1
195,302,540.25,302.22,39.31,23.31,0.2574,1,1
195,306,598.57,453.85,34.38,51.29,0.2822,1,1
195,314,973.54,43.09,16.00,18.94,0.6588,1,1
195,315,1507.56,98.48,26.17,23.88,0.3242,1,1
195,316,555.62,390.68,37.73,62.84,0.6186,1,1
196,1,463.29,391.54,76.50,99.81,0.8154,1,1
196,2,644.98,56.49,45.58,41.59,0.8861,1,1
196,3,470.25,159.08,56.87,47.16,0.9080,1,1
196,5,298.43,258.07,36.71,45.47,0.9008,1,1
196,6,479.91,205.09,36.17,25.79,0.8295,1,1
196,7,651.13,87.99,34.26,38.78,0.9252,1,1
196,9,1461.10,-0.00,34.02,32.68,0.8483,1,1
196,13,1152.34,370.12,104.26,75.02,0.6468,1,1
196,14,268.58,232.17,65.90,48.25,0.8653,1,1
196,33,919.93,1.18,19.20,13.83,0.6313,1,1
196,157,971.25,839.02,51.25,51.22,0.8574,1,1
196,215,739.69,185.51,80.77,84.75,0.9016,1,1
196,240,1200.07,579.33,52.65,51.07,0.6232,1,1
196,254,842.39,210.57,21.72,27.95,0.6751,1,1
196,259,633.77,813.60,133.48,135.86,0.5914,1,1
196,266,477.43,347.96,32.23,35.88,0.2586,1,1
196,278,366.76,360.31,36.63,31.43,0.7643,1,1
196,282,996.62,23.40,48.22,46.96,0.8626,1,1
196,299,722.00,162.30,28.44,18.07,0.7567,1,1
196,301,647.65,192.18,31.52,24.10,0.8356,1,1
196,306,598.77,453.65,33.96,50.93,0.2769,1,1
196,314,973.30,43.14,16.33,18.93,0.6600,1,1
196,315,1507.60,98.50,26.07,23.80,0.3082,1,1
196,316,555.61,390.68,38.25,62.62,0.6159,1,1
196,317,269.40,423.87,60.51,30.52,0.6513,1,1
196,318,1115.82,103.98,18.96,20.59,0.8470,1,1
197,1,465.67,392.60,75.90,95.45,0.8941,1,1
197,2,645.16,56.60,45.64,41.78,0.8879,1,1
197,3,470.22,159.02,57.11,47.29,0.9077,1,1
197,4,999.01,23.84,47.30,46.21,0.8599,1,1
197,5,300.05,259.16,36.49,44.65,0.8878,1,1
197,6,478.85,204.85,37.23,26.49,0.8519,1,1
197,7,651.38,88.10,34.38,39.16,0.9233,1,1
197,9,1461.18,-0.00,34.34,32.73,0.8240,1,1
197,13,1152.19,370.20,104.20,75.01,0.6121,1,1
197,14,269.88,233.42,66.25,46.96,0.8825,1,1
197,33,919.50,1.02,19.49,14.05,0.6787,1,1
197,215,739.89,184.82,80.53,85.71,0.9016,1,1
197,240,1201.83,583.58,50.30,49.87,0.4162,1,1
197,254,840.93,212.84,22.07,28.31,0.6251,1,1
197,266,483.91,347.00,35.32,37.82,0.6869,1,1
197,278,366.86,358.86,35.26,30.21,0.7858,1,1
197,282,998.92,23.99,47.15,45.59,0.6772,1,1
197,299,722.30,162.54,28.90,18.29,0.7774,1,1
197,301,648.12,192.88,30.76,23.50,0.8453,1,1
197,306,598.21,446.19,34.64,53.59,0.6156,1,1
197,314,969.61,42.60,16.98,19.65,0.4542,1,1
197,315,1507.57,98.71,25.84,23.61,0.3022,1,1
197,316,556.28,387.21,34.86,57.41,0.3355,1,1
197,317,254.26,424.87,57.98,29.28,0.3521,1,1
197,318,1118.41,111.18,18.07,18.57,0.8098,1,1
198,1,467.76,394.20,74.91,92.48,0.7758,1,1
198,2,645.35,56.80,45.58,42.02,0.8877,1,1
198,3,470.16,159.14,57.19,47.33,0.9080,1,1
198,5,300.40,259.32,37.31,45.23,0.8696,1,1
198,6,479.30,204.83,37.06,26.66,0.8572,1,1
198,7,651.84,88.02,33.79,39.25,0.9148,1,1
198,9,1461.20,-0.00,33.92,32.21,0.8224,1,1
198,13,1151.74,369.92,104.58,75.37,0.7406,1,1
198,14,271.98,235.58,64.42,44.38,0.8824,1,1
198,33,919.72,0.82,19.09,14.04,0.7131,1,1
198,148,362.78,358.77,39.85,29.90,0.7942,1,1
198,215,740.30,184.60,79.47,86.02,0.9140,1,1
198,240,1205.16,586.86,43.75,48.13,0.7207,1,1
198,254,840.02,216.50,20.49,26.48,0.6856,1,1
198,266,490.54,349.54,34.61,37.71,0.8567,1,1
198,282,999.68,24.01,49.37,46.91,0.9021,1,1
198,299,723.05,162.98,29.09,18.21,0.7694,1,1
198,301,648.31,192.94,30.58,23.34,0.8404,1,1
198,314,966.71,43.12,16.97,19.94,0.4955,1,1
198,315,1507.56,98.78,25.78,23.56,0.3192,1,1
198,318,1119.10,114.95,18.48,18.53,0.7411,1,1
199,1,468.50,393.55,75.07,91.38,0.6899,1,1
199,2,645.73,57.00,45.80,42.45,0.8882,1,1
199,3,470.00,158.70,57.50,47.83,0.9090,1,1
199,5,301.43,261.23,36.47,43.29,0.8669,1,1
199,6,479.35,204.54,37.03,26.91,0.8703,1,1
199,7,652.23,88.15,33.16,38.91,0.9142,1,1
199,9,1460.93,-0.00,34.18,32.19,0.8427,1,1
199,13,1150.91,368.79,105.05,75.80,0.5725,1,1
199,14,273.53,234.60,65.89,44.13,0.8934,1,1
199,33,919.17,0.59,19.00,14.26,0.7697,1,1
199,215,740.45,184.29,79.20,86.71,0.9199,1,1
199,254,839.20,218.65,19.54,24.63,0.8292,1,1
199,266,492.86,349.56,36.12,41.51,0.7888,1,1
199,282,1000.93,24.00,48.38,47.00,0.9020,1,1
199,290,361.52,359.37,38.75,28.57,0.7107,1,1
199,299,723.01,163.17,29.92,18.60,0.7585,1,1
199,301,648.55,193.29,30.18,22.95,0.8440,1,1
199,314,965.92,44.49,15.97,19.09,0.4532,1,1
199,315,1507.40,98.83,25.75,23.57,0.3474,1,1
199,318,1120.05,117.49,20.91,20.15,0.8568,1,1
199,322,564.34,361.78,32.22,39.66,0.5574,1,1
199,323,792.65,1006.06,31.91,30.92,0.8542,1,1
200,1,469.43,393.28,73.71,88.22,0.6527,1,1
200,2,646.06,57.37,45.73,42.12,0.8869,1,1
200,3,469.88,158.57,57.54,48.00,0.9088,1,1
200,4,1002.92,24.02,48.49,47.62,0.8551,1,1
200,5,303.89,262.23,35.59,42.63,0.8602,1,1
200,6,479.37,204.47,36.92,26.94,0.8696,1,1
200,7,652.13,88.54,33.47,39.15,0.9137,1,1
200,9,1461.60,-0.00,34.74,32.04,0.8329,1,1
200,13,1150.48,367.90,105.54,76.26,0.5133,1,1
200,14,275.02,234.55,66.45,43.55,0.8972,1,1
200,33,918.89,0.57,18.75,13.98,0.6547,1,1
200,148,361.28,359.44,38.75,28.37,0.7916,1,1
200,157,975.76,840.76,43.78,42.77,0.4871,1,1
200,215,740.83,184.36,78.75,86.69,0.9147,1,1
200,254,838.27,220.27,20.75,25.00,0.8481,1,1
200,266,497.77,353.00,31.81,39.35,0.8027,1,1
200,282,1002.90,23.95,48.32,46.97,0.5285,1,1
200,299,723.15,163.46,29.76,18.34,0.7634,1,1
200,301,648.44,193.26,30.37,23.03,0.8363,1,1
200,314,965.19,43.96,15.81,19.44,0.4938,1,1
200,315,1507.36,98.99,25.48,23.36,0.2638,1,1
200,318,1118.66,121.12,22.47,19.54,0.8441,1,1
200,322,566.52,349.97,32.95,41.62,0.3631,1,1
200,323,793.04,1005.29,31.86,31.71,0.8071,1,1
201,1,467.96,391.12,77.65,88.07,0.8261,1,1
201,2,645.99,57.32,45.83,42.21,0.8861,1,1
201,3,469.84,158.52,57.45,48.11,0.9093,1,1
201,5,306.59,261.22,35.29,43.30,0.8582,1,1
201,6,479.19,204.58,37.02,27.06,0.8805,1,1
201,7,652.06,88.63,33.76,39.20,0.9096,1,1
201,9,1461.01,-0.00,35.19,31.91,0.8260,1,1
201,13,1149.78,365.59,107.00,77.66,0.3859,1,1
201,14,275.47,234.28,67.43,44.53,0.8906,1,1
201,33,917.21,0.76,18.33,13.31,0.4262,1,1
201,148,360.47,360.31,38.42,28.50,0.7912,1,1
201,157,971.70,842.76,51.28,50.17,0.2861,1,1
201,215,741.17,184.32,78.30,86.74,0.9204,1,1
201,254,837.81,223.60,19.71,22.83,0.8263,1,1
201,266,501.63,356.69,28.74,35.78,0.3473,1,1
201,282,1003.77,23.54,49.39,48.29,0.7551,1,1
201,299,723.23,163.03,30.68,18.81,0.7637,1,1
201,301,648.36,193.35,30.49,22.69,0.8515,1,1
201,314,963.74,43.42,15.94,19.92,0.3149,1,1
201,315,1507.27,99.00,25.52,23.45,0.2757,1,1
201,318,1120.15,124.66,24.20,21.78,0.8379,1,1
201,323,793.82,1004.79,31.84,32.14,0.8002,1,1
202,1,467.10,391.07,79.37,88.07,0.8274,1,1
202,2,645.83,57.48,46.16,42.98,0.8872,1,1
202,3,469.83,158.61,57.38,48.01,0.9093,1,1
202,5,306.89,261.25,34.81,43.26,0.8573,1,1
202,6,479.23,204.58,36.96,27.05,0.8803,1,1
202,7,651.99,88.64,33.81,39.19,0.9090,1,1
202,9,1460.83,-0.00,35.54,31.90,0.8256,1,1
202,13,1149.74,365.02,107.02,78.02,0.3743,1,1
202,14,275.70,234.68,66.92,44.12,0.8897,1,1
202,33,916.61,0.81,18.64,13.15,0.4296,1,1
202,148,360.56,360.34,38.15,28.52,0.7907,1,1
202,157,970.63,843.27,53.18,52.09,0.2907,1,1
202,215,741.24,184.33,78.14,86.73,0.9205,1,1
202,254,837.58,223.66,20.11,22.79,0.8267,1,1
202,266,502.75,357.87,27.60,34.63,0.3420,1,1
202,282,1003.91,23.53,49.22,48.35,0.7613,1,1
202,299,723.22,163.03,30.77,18.79,0.7612,1,1
202,301,648.22,193.36,30.77,22.69,0.8518,1,1
202,314,963.45,43.28,15.78,20.06,0.3282,1,1
202,315,1507.24,99.01,25.51,23.49,0.2717,1,1
202,318,1120.41,124.73,23.79,21.84,0.8380,1,1
202,323,793.98,1004.75,31.57,32.19,0.8012,1,1
203,1,467.25,390.06,80.33,84.38,0.8809,1,1
203,2,645.97,57.44,45.86,42.88,0.8874,1,1
203,3,469.94,158.65,57.30,47.48,0.9096,1,1
203,5,309.78,262.80,33.98,40.49,0.8562,1,1
203,6,479.49,204.56,36.79,26.69,0.8746,1,1
203,7,652.21,88.54,33.96,39.33,0.9052,1,1
203,9,1461.19,-0.00,36.89,31.58,0.8097,1,1
203,13,1149.62,364.26,107.01,78.25,0.3228,1,1
203,14,277.67,235.38,67.04,43.61,0.8811,1,1
203,33,915.26,0.84,19.72,13.61,0.3009,1,1
203,148,357.81,362.98,38.58,30.00,0.7702,1,1
203,157,970.98,846.78,51.87,50.54,0.4824,1,1
203,215,741.73,184.27,77.65,86.77,0.9157,1,1
203,254,836.99,225.42,20.31,22.12,0.8482,1,1
203,282,1005.38,23.79,48.26,47.60,0.8640,1,1
203,299,723.04,163.57,30.21,18.29,0.7739,1,1
203,301,648.15,193.33,30.94,22.74,0.8501,1,1
203,311,560.64,394.81,24.08,37.55,0.4261,1,1
203,314,962.60,42.46,16.20,21.07,0.4037,1,1
203,315,1507.17,99.34,24.97,23.07,0.2911,1,1
203,318,1121.87,127.18,22.95,21.24,0.8569,1,1
203,323,794.52,1004.66,31.61,31.89,0.8218,1,1
203,326,338.48,290.53,28.19,28.35,0.5540,1,1
204,1,467.11,389.86,82.12,83.05,0.8902,1,1
204,2,646.08,57.72,45.54,42.48,0.8873,1,1
204,3,469.79,158.25,57.38,47.48,0.9078,1,1
204,5,306.24,263.30,38.07,41.36,0.8952,1,1
204,6,479.74,204.79,36.46,26.29,0.8652,1,1
204,7,652.20,88.47,33.86,39.44,0.9044,1,1
204,9,1459.70,-0.00,38.60,31.89,0.8132,1,1
204,13,1149.63,363.80,105.95,77.67,0.2876,1,1
204,14,278.95,235.19,66.58,43.10,0.8802,1,1
204,148,358.84,369.85,38.40,31.03,0.7027,1,1
204,157,971.99,850.40,48.74,46.54,0.5220,1,1
204,215,742.08,184.02,77.83,87.27,0.9081,1,1
204,254,836.52,225.75,21.03,22.82,0.8477,1,1
204,282,1006.62,23.74,48.43,47.50,0.8980,1,1
204,299,722.38,163.42,30.46,18.29,0.7797,1,1
204,301,648.70,193.46,30.64,22.21,0.8610,1,1
204,311,565.66,388.49,20.42,31.87,0.2617,1,1
204,314,962.07,41.80,15.97,21.88,0.6590,1,1
204,318,1122.15,128.51,23.20,20.63,0.8516,1,1
204,323,794.97,1004.77,31.24,31.22,0.8407,1,1
204,326,339.89,290.84,28.71,28.98,0.5422,1,1
205,1,466.87,390.85,82.72,81.31,0.8793,1,1
205,2,646.21,57.60,45.41,41.88,0.8876,1,1
205,3,469.52,157.81,57.05,47.14,0.9078,1,1
205,5,305.80,264.17,40.12,40.40,0.9028,1,1
205,6,479.79,204.37,36.14,25.87,0.8498,1,1
205,7,651.59,88.47,34.24,40.36,0.9046,1,1
205,9,1457.58,0.00,39.61,32.06,0.8476,1,1
205,13,1149.81,363.69,103.99,76.34,0.3417,1,1
205,14,279.89,235.41,66.71,43.33,0.8832,1,1
205,148,364.40,374.66,38.44,33.80,0.7629,1,1
205,157,971.23,850.90,49.54,45.37,0.8137,1,1
205,215,742.55,183.71,77.78,87.77,0.9138,1,1
205,254,836.71,225.78,21.00,22.54,0.8411,1,1
205,282,1006.85,24.47,49.24,46.23,0.9240,1,1
205,299,721.97,162.82,32.00,19.48,0.7946,1,1
205,301,648.70,193.48,30.79,22.16,0.8624,1,1
205,314,961.74,41.27,15.89,22.08,0.3189,1,1
205,318,1122.71,129.04,24.51,22.47,0.8631,1,1
205,323,795.47,1005.13,30.90,30.41,0.7931,1,1
205,326,342.62,291.09,28.19,28.69,0.4437,1,1
206,1,466.65,389.09,84.66,82.56,0.8678,1,1
206,2,646.12,57.57,45.60,41.77,0.8881,1,1
206,3,470.35,157.47,56.53,46.67,0.9033,1,1
206,5,305.19,263.44,42.95,41.59,0.8656,1,1
206,6,479.76,203.60,36.46,26.06,0.8442,1,1
206,7,651.78,88.19,33.99,40.15,0.9042,1,1
206,9,1457.38,0.00,39.07,31.98,0.8467,1,1
206,13,1149.76,363.22,102.59,75.35,0.4194,1,1
206,14,280.97,233.88,69.17,45.11,0.8806,1,1
206,148,368.74,382.33,34.25,33.08,0.8294,1,1
206,157,970.48,849.73,48.94,44.82,0.8151,1,1
206,215,743.18,183.61,77.21,87.47,0.9162,1,1
206,254,837.01,225.32,21.19,22.97,0.8373,1,1
206,282,1006.96,24.15,50.55,46.87,0.9239,1,1
206,299,721.81,162.90,31.65,19.57,0.7976,1,1
206,301,648.52,193.55,30.99,22.10,0.8611,1,1
206,314,962.43,40.33,14.59,21.07,0.6277,1,1
206,318,1123.00,129.32,24.54,22.66,0.8614,1,1
206,323,795.42,1004.93,31.33,30.71,0.7727,1,1
206,327,571.98,306.81,24.40,36.56,0.8808,1,1
207,1,465.26,382.62,88.25,88.19,0.8351,1,1
207,2,646.04,57.63,45.75,41.78,0.8880,1,1
207,3,470.65,157.03,56.15,46.27,0.9025,1,1
207,5,305.75,262.23,45.11,43.69,0.6001,1,1
207,6,479.46,202.62,37.38,27.06,0.8123,1,1
207,7,652.08,88.26,33.48,39.62,0.9059,1,1
207,9,1457.69,0.14,39.30,31.79,0.8289,1,1
207,13,1148.86,362.88,101.28,74.03,0.6387,1,1
207,14,281.26,231.99,72.59,47.55,0.8559,1,1
207,148,371.21,388.77,34.60,36.36,0.8722,1,1
207,157,970.90,850.73,48.27,43.11,0.7987,1,1
207,215,743.82,183.19,77.08,88.20,0.9121,1,1
207,254,837.01,225.16,21.16,22.81,0.8098,1,1
207,282,1007.57,23.70,50.55,46.80,0.9271,1,1
207,299,721.99,162.89,31.29,19.44,0.7937,1,1
207,301,648.82,194.56,30.05,21.23,0.8603,1,1
207,314,962.76,39.25,13.42,19.62,0.5843,1,1
207,315,1506.85,99.05,25.08,23.36,0.3040,1,1
207,318,1122.92,129.51,24.52,22.71,0.8589,1,1
207,323,795.95,1004.87,31.23,30.51,0.6965,1,1
207,327,572.16,306.69,24.26,36.42,0.8816,1,1
208,1,465.89,382.50,86.97,88.31,0.8390,1,1
208,2,645.99,57.60,45.82,41.79,0.8883,1,1
208,3,470.63,157.09,56.17,46.22,0.9014,1,1
208,5,305.82,262.07,45.39,43.97,0.5981,1,1
208,6,479.54,202.56,37.16,27.15,0.8138,1,1
208,7,652.07,88.28,33.45,39.58,0.9053,1,1
208,9,1457.60,0.14,39.57,31.83,0.8279,1,1
208,13,1148.63,362.82,101.45,73.95,0.6411,1,1
208,14,281.35,231.96,72.52,47.62,0.8556,1,1
208,148,371.78,388.88,33.53,36.40,0.8720,1,1
208,157,970.59,850.77,48.92,43.04,0.7984,1,1
208,215,743.95,183.18,76.83,88.22,0.9113,1,1
208,254,836.97,225.15,21.23,22.81,0.8099,1,1
208,282,1007.56,23.68,50.57,46.79,0.9270,1,1
208,299,722.06,162.88,31.18,19.44,0.7928,1,1
208,301,648.83,194.56,30.13,21.26,0.8607,1,1
208,314,962.86,39.11,13.16,19.43,0.5838,1,1
208,315,1506.89,98.99,24.97,23.41,0.3212,1,1
208,318,1122.95,129.51,24.48,22.71,0.8588,1,1
208,323,795.94,1004.88,31.29,30.47,0.6841,1,1
208,327,572.16,306.71,24.24,36.40,0.8818,1,1
208,328,919.20,0.60,20.26,14.31,0.6757,1,1
209,1,466.27,381.80,86.23,88.77,0.8597,1,1
209,2,645.97,57.60,45.84,41.82,0.8891,1,1
209,3,471.00,156.29,56.08,46.29,0.8968,1,1
209,6,478.11,201.54,38.93,28.43,0.8544,1,1
209,7,651.98,88.50,33.35,39.58,0.9065,1,1
209,9,1456.56,0.13,40.34,31.95,0.8276,1,1
209,13,1148.37,362.49,99.78,73.07,0.7306,1,1
209,14,282.30,232.51,73.62,49.00,0.8767,1,1
209,16,900.98,137.22,70.29,69.00,0.3932,1,1
209,148,377.63,395.85,33.64,43.23,0.8723,1,1
209,157,973.22,850.30,48.79,42.45,0.8084,1,1
209,215,744.51,183.42,76.58,88.13,0.8801,1,1
209,254,836.82,224.30,21.64,23.19,0.8103,1,1
209,282,1009.18,23.64,49.91,47.43,0.9132,1,1
209,299,722.49,163.04,30.73,19.09,0.7902,1,1
209,301,649.01,194.61,29.94,21.15,0.8610,1,1
209,314,962.56,37.22,13.67,19.80,0.7197,1,1
209,315,1506.94,99.05,24.79,23.35,0.3043,1,1
209,318,1123.99,128.89,23.68,21.83,0.8462,1,1
209,323,796.49,1005.03,30.96,30.04,0.6853,1,1
209,327,572.32,308.30,24.44,36.04,0.8785,1,1
209,328,919.24,0.62,20.94,15.34,0.7405,1,1
209,329,318.91,260.66,36.85,45.00,0.8549,1,1
210,1,467.74,384.80,83.77,85.54,0.7946,1,1
210,2,646.00,57.58,45.97,41.75,0.8884,1,1
210,3,471.41,156.30,55.58,45.54,0.9000,1,1
210,5,310.35,259.51,48.16,46.66,0.3993,1,1
210,6,478.53,200.94,38.75,28.42,0.8567,1,1
210,7,651.68,88.75,33.67,39.42,0.9035,1,1
210,9,1456.48,0.01,41.76,33.16,0.8375,1,1
210,13,1144.34,360.51,100.53,74.58,0.7499,1,1
210,14,283.64,231.49,74.55,50.67,0.8765,1,1
210,16,900.07,136.79,71.72,70.12,0.5942,1,1
210,148,379.07,402.80,30.24,43.80,0.8650,1,1
210,157,977.12,851.14,47.18,41.26,0.8317,1,1
210,215,744.82,183.28,76.71,88.71,0.8588,1,1
210,240,1209.81,564.37,42.51,44.60,0.2791,1,1
210,254,837.13,224.01,21.49,22.88,0.7983,1,1
210,282,1012.05,23.82,48.45,46.44,0.9282,1,1
210,299,722.49,162.98,30.81,19.08,0.7870,1,1
210,301,648.91,194.57,30.06,21.22,0.8622,1,1
210,314,963.00,34.63,13.63,19.94,0.6750,1,1
210,315,1506.43,99.01,24.58,23.39,0.2627,1,1
210,318,1124.79,124.45,23.93,23.42,0.8587,1,1
210,323,797.40,1005.39,30.53,29.39,0.6606,1,1
210,327,574.86,312.07,23.95,35.51,0.6250,1,1
210,328,920.59,0.54,20.90,15.46,0.6936,1,1
210,329,322.70,258.66,36.28,45.76,0.8471,1,1
211,1,467.48,383.35,84.76,86.64,0.7606,1,1
211,2,645.93,57.39,46.09,41.93,0.8872,1,1
211,3,471.86,156.48,55.24,44.35,0.8950,1,1
211,5,318.54,260.10,42.71,43.75,0.8324,1,1
211,6,481.63,201.17,35.59,26.84,0.8308,1,1
211,7,651.66,88.69,33.61,39.54,0.9037,1,1
211,9,1456.61,0.01,41.59,32.96,0.8243,1,1
211,13,1141.27,359.44,100.97,75.48,0.8623,1,1
211,14,286.30,233.08,72.26,48.58,0.8733,1,1
211,16,899.95,136.36,71.91,70.21,0.6046,1,1
211,148,385.49,410.22,34.39,43.07,0.8774,1,1
211,157,977.50,851.02,46.26,40.18,0.8209,1,1
211,215,745.53,182.97,76.84,88.94,0.8763,1,1
211,240,1211.46,559.89,44.64,45.54,0.2866,1,1
211,254,836.97,222.84,21.99,23.64,0.7961,1,1
211,282,1013.15,24.06,48.79,46.50,0.9212,1,1
211,299,722.35,163.54,29.91,18.39,0.7777,1,1
211,301,649.06,194.59,30.00,21.22,0.8621,1,1
211,315,1506.46,98.80,24.39,23.41,0.2843,1,1
211,318,1126.72,123.16,22.20,22.05,0.8210,1,1
211,323,797.72,1005.95,29.76,28.45,0.5110,1,1
211,327,579.06,323.87,23.20,33.87,0.7781,1,1
211,328,921.43,0.89,20.66,15.54,0.6599,1,1
211,333,1151.39,419.37,62.21,54.79,0.8427,1,1
212,1,467.31,382.46,85.10,87.62,0.7144,1,1
212,2,645.73,57.33,46.36,42.04,0.8891,1,1
212,3,472.70,156.26,55.10,44.21,0.8970,1,1
212,5,327.96,259.19,36.66,44.20,0.8513,1,1
212,6,481.93,200.61,35.65,27.79,0.8540,1,1
212,7,651.64,88.55,33.68,39.75,0.9056,1,1
212,9,1456.91,0.00,41.17,33.31,0.8035,1,1
212,13,1138.72,358.87,101.34,75.62,0.8218,1,1
212,14,287.28,232.52,73.71,50.58,0.8961,1,1
212,16,900.18,135.75,72.02,70.13,0.6207,1,1
212,148,389.45,417.22,36.12,41.33,0.8641,1,1
212,157,975.80,850.92,45.93,39.97,0.8106,1,1
212,215,746.10,183.22,76.25,88.85,0.8546,1,1
212,254,836.91,222.43,21.83,23.60,0.8101,1,1
212,282,1013.50,24.18,49.84,46.51,0.9211,1,1
212,299,722.53,163.63,29.85,18.27,0.7749,1,1
212,301,649.08,194.69,29.99,21.16,0.8617,1,1
212,318,1127.85,121.97,21.05,20.81,0.8289,1,1
212,323,796.96,1006.67,30.36,29.21,0.6406,1,1
212,328,922.45,0.93,20.20,15.58,0.7276,1,1
212,333,1152.62,419.04,60.06,54.64,0.8685,1,1
213,1,468.55,383.51,82.89,85.64,0.8298,1,1
213,2,645.74,57.18,46.51,42.06,0.8891,1,1
213,3,473.19,155.17,55.84,44.83,0.8976,1,1
213,5,330.14,257.85,34.62,45.05,0.8721,1,1
213,6,482.40,199.94,35.76,28.56,0.8531,1,1
213,7,651.96,88.42,33.69,39.57,0.9054,1,1
213,9,1458.23,0.00,39.30,32.41,0.8213,1,1
213,13,1136.89,356.94,102.23,76.25,0.7779,1,1
213,14,288.67,231.55,74.42,53.19,0.8901,1,1
213,16,900.31,135.52,71.19,69.13,0.5898,1,1
213,148,390.90,422.90,36.37,40.54,0.8448,1,1
213,157,975.86,851.67,45.61,40.07,0.8066,1,1
213,215,745.97,182.88,76.17,88.96,0.8193,1,1
213,254,836.48,222.11,21.32,23.63,0.8220,1,1
213,282,1015.29,24.66,49.32,46.10,0.9135,1,1
213,299,722.64,163.17,30.77,18.88,0.7923,1,1
213,301,649.33,194.80,29.79,21.09,0.8629,1,1
213,318,1128.78,119.93,20.89,20.49,0.8655,1,1
213,323,797.16,1007.35,29.74,28.65,0.6650,1,1
213,328,922.81,0.97,19.64,15.35,0.7572,1,1
213,333,1147.54,419.09,61.63,54.42,0.8243,1,1
213,334,1086.31,50.34,17.78,20.06,0.3782,1,1
214,1,468.68,383.48,82.77,85.81,0.8302,1,1
214,2,645.56,57.38,46.85,42.77,0.8891,1,1
214,3,473.12,155.06,55.97,45.08,0.8967,1,1
214,5,330.74,257.81,33.49,45.06,0.8717,1,1
214,6,482.54,199.93,35.42,28.63,0.8530,1,1
214,7,651.94,88.53,33.72,39.42,0.9046,1,1
214,9,1458.48,-0.00,38.83,32.38,0.8186,1,1
214,13,1136.79,356.86,102.30,76.28,0.7791,1,1
214,14,289.30,231.49,73.20,53.28,0.8900,1,1
214,16,900.22,135.51,71.42,69.22,0.6272,1,1
214,148,390.67,423.04,36.88,40.52,0.8447,1,1
214,157,975.97,851.69,45.36,40.07,0.8054,1,1
214,215,746.02,182.87,76.06,88.96,0.8239,1,1
214,254,836.60,222.08,21.06,23.67,0.8202,1,1
214,282,1015.32,24.66,49.30,46.10,0.9135,1,1
214,299,722.76,163.19,30.69,18.86,0.7923,1,1
214,301,649.40,194.85,29.68,21.05,0.8632,1,1
214,318,1128.77,119.88,20.95,20.49,0.8656,1,1
214,323,797.21,1007.38,29.73,28.69,0.6935,1,1
214,327,586.49,334.77,25.85,40.22,0.8044,1,1
214,328,922.89,0.97,19.48,15.34,0.7573,1,1
214,333,1146.85,419.08,62.84,54.45,0.8242,1,1
214,334,1086.24,50.29,17.88,20.12,0.3833,1,1
215,1,469.94,382.40,82.03,86.33,0.8931,1,1
215,2,645.83,57.13,46.39,41.97,0.8895,1,1
215,3,473.33,154.91,55.76,44.78,0.8958,1,1
215,5,331.59,257.69,34.79,46.94,0.3513,1,1
215,6,483.43,200.81,34.27,27.22,0.8448,1,1
215,7,652.37,88.32,33.36,38.54,0.9077,1,1
215,9,1458.61,0.00,39.49,33.45,0.7941,1,1
215,13,1134.00,354.38,104.61,78.13,0.7963,1,1
215,14,291.68,231.54,72.83,53.15,0.8822,1,1
215,16,900.20,135.46,71.95,69.70,0.6409,1,1
215,148,392.75,428.78,39.40,45.44,0.8775,1,1
215,157,977.36,854.72,45.00,38.50,0.8241,1,1
215,215,746.49,182.50,75.82,89.08,0.8519,1,1
215,254,836.01,222.42,21.16,23.73,0.8361,1,1
215,282,1015.27,24.57,49.73,45.92,0.9189,1,1
215,299,722.13,163.45,30.30,18.62,0.7794,1,1
215,301,649.53,194.87,29.54,20.97,0.8627,1,1
215,318,1129.12,117.46,21.47,21.02,0.4206,1,1
215,323,797.52,1007.87,29.46,28.22,0.7268,1,1
215,328,923.57,0.94,18.91,15.25,0.8076,1,1
215,333,1144.26,418.28,64.88,53.77,0.7826,1,1
215,334,1086.16,50.14,18.11,20.40,0.4034,1,1
216,1,468.34,379.58,83.87,90.00,0.8911,1,1
216,2,645.64,56.97,46.68,42.08,0.8895,1,1
216,3,473.44,155.16,55.87,45.11,0.8857,1,1
216,5,334.78,256.83,35.10,47.87,0.3710,1,1
216,6,483.42,201.09,34.11,26.58,0.8042,1,1
216,7,652.24,88.35,33.47,38.53,0.9080,1,1
216,9,1458.55,0.00,39.79,33.94,0.8272,1,1
216,13,1131.81,353.63,104.35,77.28,0.7842,1,1
216,14,293.18,232.20,73.12,54.31,0.8786,1,1
216,16,900.55,135.41,71.90,69.51,0.5750,1,1
216,148,396.43,433.17,38.59,46.37,0.8849,1,1
216,157,976.79,856.94,46.85,37.89,0.8635,1,1
216,215,747.18,182.64,75.35,88.80,0.8742,1,1
216,254,835.19,222.38,21.21,24.18,0.8357,1,1
216,282,1015.44,24.65,50.39,46.56,0.9152,1,1
216,299,722.50,163.40,30.47,18.63,0.7954,1,1
216,301,649.49,194.85,29.63,21.03,0.8617,1,1
216,318,1129.34,114.58,21.13,20.93,0.8555,1,1
216,323,798.18,1008.79,29.34,28.15,0.8253,1,1
216,327,595.55,347.44,24.90,39.01,0.3010,1,1
216,328,923.95,0.79,18.78,15.69,0.8350,1,1
216,333,1141.50,416.94,68.65,53.84,0.8284,1,1
216,334,1085.71,50.13,18.27,20.55,0.3427,1,1
217,1,469.07,378.95,83.04,89.55,0.8808,1,1
217,2,645.55,56.93,46.69,41.82,0.8869,1,1
217,3,473.49,154.94,55.86,45.37,0.8867,1,1
217,5,336.33,256.85,34.87,48.30,0.6679,1,1
217,6,483.56,201.52,33.88,25.98,0.7739,1,1
217,7,652.47,88.22,33.25,37.93,0.9061,1,1
217,9,1458.70,0.00,39.60,33.99,0.8257,1,1
217,13,1131.00,353.16,103.79,75.88,0.8390,1,1
217,14,295.13,232.20,73.95,55.78,0.8839,1,1
217,16,901.69,135.39,70.01,67.09,0.5149,1,1
217,148,397.95,435.45,36.23,44.32,0.8907,1,1
217,157,977.43,859.76,48.30,37.04,0.8384,1,1
217,215,748.03,182.58,74.58,88.99,0.8997,1,1
217,254,835.56,222.58,21.32,24.84,0.7914,1,1
217,282,1015.45,24.68,50.67,47.16,0.9131,1,1
217,299,722.57,163.47,30.43,18.54,0.7926,1,1
217,301,649.48,194.85,29.63,21.03,0.8622,1,1
217,318,1128.80,111.17,21.67,22.49,0.8462,1,1
217,323,798.56,1009.34,28.90,27.91,0.8317,1,1
217,327,597.85,348.74,23.14,36.95,0.6658,1,1
217,328,923.84,0.78,18.96,16.37,0.8417,1,1
217,333,1140.39,416.43,68.52,52.70,0.8591,1,1
217,334,1085.88,50.43,18.15,20.40,0.3771,1,1
217,340,322.47,257.91,48.36,49.27,0.4909,1,1
218,1,468.76,378.67,83.48,89.63,0.8443,1,1
218,2,645.46,56.64,46.88,41.81,0.8882,1,1
218,3,473.63,155.33,55.67,45.04,0.8885,1,1
218,5,337.54,257.53,34.73,47.87,0.7786,1,1
218,6,483.41,201.60,34.32,26.13,0.7548,1,1
218,7,652.55,87.71,33.45,38.22,0.9030,1,1
218,9,1458.64,0.00,38.89,34.07,0.8637,1,1
218,13,1129.40,352.42,104.79,75.98,0.8462,1,1
218,14,296.54,232.36,73.88,55.87,0.8860,1,1
218,16,901.25,135.38,70.78,67.54,0.5569,1,1
218,148,400.74,435.09,34.29,39.37,0.8721,1,1
218,157,976.64,862.49,49.05,35.65,0.8297,1,1
218,215,748.48,182.84,74.18,88.82,0.8994,1,1
218,254,834.63,222.42,20.64,24.91,0.7904,1,1
218,282,1015.15,24.63,51.57,47.64,0.9113,1,1
218,299,722.39,163.59,29.99,18.14,0.7738,1,1
218,301,649.52,194.86,29.64,21.02,0.8621,1,1
218,318,1129.11,111.07,21.80,22.44,0.8254,1,1
218,323,800.14,1012.55,26.03,24.80,0.4778,1,1
218,327,597.73,348.72,21.56,33.71,0.7185,1,1
218,328,924.32,0.75,18.73,16.39,0.8334,1,1
218,333,1139.49,415.80,69.14,52.04,0.8582,1,1
218,334,1086.15,50.64,18.16,20.44,0.2961,1,1
219,1,469.67,378.88,82.92,87.91,0.8853,1,1
219,2,645.45,56.68,46.60,41.17,0.8878,1,1
219,3,473.79,154.69,56.03,45.34,0.8938,1,1
219,5,342.81,258.32,33.31,47.41,0.6423,1,1
219,6,482.93,201.24,35.18,26.65,0.8075,1,1
219,7,652.71,87.50,33.03,38.21,0.9039,1,1
219,9,1458.25,0.00,37.70,33.54,0.8495,1,1
219,13,1126.74,350.46,105.71,76.81,0.8446,1,1
219,14,297.74,231.91,74.25,56.45,0.8901,1,1
219,16,901.09,135.31,70.84,67.46,0.5441,1,1
219,148,404.73,434.94,32.59,37.28,0.8770,1,1
219,157,974.76,863.66,49.75,35.65,0.8740,1,1
219,215,748.79,182.46,74.34,89.21,0.8956,1,1
219,254,834.95,223.92,20.12,24.32,0.3030,1,1
219,282,1015.40,24.55,51.93,47.87,0.9052,1,1
219,299,722.20,163.45,30.21,18.21,0.7619,1,1
219,301,649.48,194.87,29.66,21.01,0.8634,1,1
219,318,1130.25,111.98,21.49,21.96,0.8229,1,1
219,323,799.78,1012.43,26.74,25.02,0.6195,1,1
219,327,595.29,349.10,21.24,33.21,0.3846,1,1
219,328,925.27,0.60,18.23,16.10,0.8484,1,1
219,333,1137.15,414.43,69.63,52.42,0.8798,1,1
219,334,1086.12,50.36,18.46,20.81,0.3683,1,1
220,1,469.57,378.96,83.20,87.74,0.8867,1,1
220,2,645.36,56.67,46.78,41.17,0.8876,1,1
220,3,473.79,154.70,56.02,45.32,0.8938,1,1
220,5,343.86,258.40,32.25,47.33,0.6473,1,1
220,6,482.74,201.29,35.30,26.51,0.8066,1,1
220,7,652.78,87.49,32.87,38.20,0.9035,1,1
220,9,1458.38,-0.00,37.40,33.56,0.8489,1,1
220,13,1126.72,350.19,105.74,77.00,0.8487,1,1
220,14,297.88,232.06,74.01,56.31,0.8912,1,1
220,16,901.05,135.29,70.88,67.38,0.5445,1,1
220,148,404.71,434.89,32.67,37.30,0.8768,1,1
220,157,974.62,863.67,50.02,35.66,0.8738,1,1
220,215,748.93,182.66,74.28,89.01,0.8949,1,1
220,254,835.12,224.42,19.90,24.10,0.3205,1,1
220,282,1015.38,24.54,51.98,47.92,0.9045,1,1
220,299,722.13,163.44,30.36,18.26,0.7646,1,1
220,301,649.40,194.91,29.70,20.97,0.8631,1,1
220,318,1130.24,111.99,21.59,21.97,0.8231,1,1
220,323,799.58,1012.40,27.21,25.06,0.6087,1,1
220,327,594.50,348.95,21.18,33.11,0.3946,1,1
220,328,925.33,0.60,18.13,16.09,0.8485,1,1
220,333,1136.86,414.35,69.77,52.50,0.8794,1,1
220,334,1086.09,50.32,18.52,20.91,0.3838,1,1
220,343,651.24,78.07,35.39,47.71,0.3525,1,1
221,1,469.93,377.80,83.21,86.79,0.8991,1,1
221,2,645.23,56.44,46.75,41.08,0.8885,1,1
221,3,474.05,154.78,56.33,45.69,0.8988,1,1
221,6,483.29,202.00,35.00,26.22,0.8068,1,1
221,7,652.68,87.43,32.98,38.44,0.9069,1,1
221,9,1459.17,-0.00,36.95,33.22,0.8550,1,1
221,13,1125.79,349.58,106.11,76.83,0.8258,1,1
221,14,299.04,231.72,73.51,55.66,0.8883,1,1
221,16,901.96,135.19,69.97,66.05,0.5825,1,1
221,148,405.13,433.51,33.78,37.97,0.8829,1,1
221,157,969.60,862.33,50.10,36.05,0.8877,1,1
221,215,749.34,182.40,74.60,89.32,0.8964,1,1
221,282,1015.39,24.53,52.10,47.82,0.9068,1,1
221,299,722.31,163.50,30.16,18.03,0.7567,1,1
221,301,649.42,194.89,29.73,20.96,0.8643,1,1
221,318,1132.20,115.00,20.10,20.41,0.8382,1,1
221,323,798.71,1012.87,27.20,25.15,0.7554,1,1
221,327,594.43,348.94,20.79,32.37,0.4192,1,1
221,328,926.31,0.48,17.78,15.96,0.8387,1,1
221,333,1135.79,412.84,70.61,52.87,0.8623,1,1
221,334,1085.82,50.15,18.74,21.16,0.4451,1,1
221,340,335.19,259.92,43.00,46.94,0.6365,1,1
221,344,965.37,820.22,41.72,35.78,0.6435,1,1
221,345,61.20,580.27,21.27,35.64,0.5606,1,1
221,347,460.53,352.67,34.94,32.51,0.5639,1,1
222,1,470.24,377.86,82.98,85.39,0.9047,1,1
222,2,645.13,56.38,46.38,40.45,0.8869,1,1
222,3,474.96,154.70,55.87,45.86,0.8984,1,1
222,6,482.87,201.78,35.57,26.44,0.8065,1,1
222,7,652.57,87.84,33.34,38.47,0.9032,1,1
222,9,1459.36,-0.00,36.56,32.59,0.8581,1,1
222,13,1124.34,348.68,106.13,76.12,0.8401,1,1
222,14,299.87,231.96,74.22,56.25,0.8819,1,1
222,16,901.82,135.18,70.98,66.82,0.4933,1,1
222,148,404.04,428.60,32.58,36.32,0.8587,1,1
222,157,960.83,858.58,47.48,35.52,0.8593,1,1
222,215,749.54,182.49,74.82,89.10,0.9055,1,1
222,254,832.04,226.11,19.66,24.12,0.4581,1,1
222,282,1015.51,24.49,52.01,47.76,0.9092,1,1
222,299,722.19,163.52,30.24,17.96,0.7562,1,1
222,301,649.27,194.86,29.86,21.04,0.8635,1,1
222,318,1131.75,117.25,21.67,21.52,0.8182,1,1
222,323,797.61,1012.45,28.27,26.66,0.6429,1,1
222,327,595.85,349.60,22.76,35.67,0.2977,1,1
222,328,926.72,0.89,17.24,15.45,0.7998,1,1
222,333,1133.84,412.20,71.79,53.66,0.8495,1,1
222,334,1085.43,50.00,18.99,21.29,0.5478,1,1
222,340,337.15,260.26,41.57,46.67,0.5197,1,1
222,344,968.18,818.06,39.65,35.82,0.7194,1,1
222,347,459.14,352.74,34.33,32.60,0.6133,1,1
223,1,469.59,378.16,84.65,87.94,0.8925,1,1
223,2,645.06,56.27,45.98,39.64,0.8842,1,1
223,3,475.19,154.62,55.72,45.91,0.8977,1,1
223,5,344.10,260.84,31.60,45.20,0.5646,1,1
223,6,482.77,201.87,35.60,26.36,0.7954,1,1
223,7,652.65,86.61,33.27,39.09,0.9035,1,1
223,9,1459.29,-0.00,36.73,32.90,0.8638,1,1
223,13,1124.48,348.73,105.63,75.17,0.7738,1,1
223,14,301.30,232.16,73.35,55.14,0.8943,1,1
223,16,901.97,135.36,71.98,67.68,0.3206,1,1
223,148,400.96,421.18,32.22,36.39,0.8698,1,1
223,157,955.91,854.97,46.99,35.46,0.6542,1,1
223,215,749.56,182.17,74.75,89.17,0.9032,1,1
223,254,832.13,226.24,19.65,24.00,0.3411,1,1
223,282,1015.49,24.46,52.22,48.15,0.9111,1,1
223,299,721.94,163.92,29.67,17.50,0.7530,1,1
223,301,649.46,194.73,29.80,21.17,0.8652,1,1
223,318,1131.73,122.75,22.77,21.88,0.8136,1,1
223,323,798.44,1013.86,27.22,25.76,0.3062,1,1
223,328,926.93,0.98,16.97,15.21,0.7948,1,1
223,333,1133.62,412.25,70.64,52.84,0.8266,1,1
223,334,1085.46,49.74,19.11,21.39,0.5857,1,1
223,344,968.31,816.63,38.87,36.03,0.8265,1,1
223,348,77.59,741.24,28.14,42.65,0.7421,1,1
223,349,923.75,786.66,26.20,30.71,0.3789,1,1
224,1,474.37,378.68,80.66,85.21,0.9208,1,1
224,2,644.75,56.24,45.87,39.24,0.8788,1,1
224,3,475.39,154.78,55.52,45.72,0.8984,1,1
224,5,345.51,261.37,31.52,44.91,0.5630,1,1
224,6,482.66,201.92,35.69,26.27,0.7936,1,1
224,7,652.55,86.01,33.21,39.63,0.9007,1,1
224,9,1458.94,-0.00,36.15,33.11,0.8640,1,1
224,13,1123.88,348.55,106.17,75.24,0.7513,1,1
224,14,300.82,230.97,74.48,56.57,0.9059,1,1
224,16,902.13,135.65,72.13,67.52,0.6112,1,1
224,148,402.37,416.76,29.38,33.30,0.8247,1,1
224,157,949.72,849.75,53.19,40.77,0.4517,1,1
224,215,749.61,182.01,74.97,88.94,0.8985,1,1
224,254,833.13,229.16,19.15,22.94,0.3506,1,1
224,282,1015.04,24.14,52.24,48.34,0.9135,1,1
224,299,721.89,163.92,29.82,17.52,0.7553,1,1
224,301,649.67,194.76,29.57,21.06,0.8651,1,1
224,318,1129.12,128.14,23.76,22.97,0.8217,1,1
224,323,799.34,1012.53,27.58,27.64,0.8228,1,1
224,327,599.91,350.70,23.40,35.91,0.7508,1,1
224,328,927.13,1.15,16.77,14.87,0.7008,1,1
224,333,1132.60,412.03,70.96,52.82,0.8052,1,1
224,334,1085.27,49.50,19.31,21.65,0.4252,1,1
224,344,974.14,814.74,35.93,33.47,0.5368,1,1
224,348,78.36,744.16,27.34,42.44,0.7725,1,1
225,1,473.66,379.78,79.69,83.81,0.8826,1,1
225,2,644.19,56.24,46.03,39.53,0.8782,1,1
225,3,475.26,155.09,55.68,45.68,0.8996,1,1
225,5,346.54,263.00,30.03,42.30,0.5252,1,1
225,6,482.59,201.91,35.90,26.38,0.7951,1,1
225,7,652.27,85.76,33.16,39.80,0.8986,1,1
225,9,1459.18,-0.00,35.79,33.33,0.8683,1,1
225,13,1124.34,348.61,105.85,74.80,0.7459,1,1
225,14,301.16,230.52,73.77,55.67,0.9075,1,1
225,16,902.18,135.60,73.99,68.81,0.6956,1,1
225,148,402.23,408.30,27.51,32.23,0.8570,1,1
225,157,950.56,844.22,50.41,41.09,0.6990,1,1
225,215,749.75,181.74,75.60,88.84,0.9107,1,1
225,282,1015.04,23.86,52.49,48.78,0.9100,1,1
225,299,721.69,163.76,30.25,17.79,0.7666,1,1
225,301,649.56,194.66,29.77,21.26,0.8630,1,1
225,318,1128.21,133.66,23.06,22.08,0.5899,1,1
225,323,800.96,1012.91,27.08,26.92,0.5111,1,1
225,327,600.54,350.50,24.22,37.15,0.6050,1,1
225,328,927.23,1.22,16.59,14.49,0.6727,1,1
225,333,1132.79,412.16,71.03,52.53,0.7857,1,1
225,334,1084.73,48.99,19.96,22.41,0.4726,1,1
225,344,976.33,811.49,35.47,33.72,0.6792,1,1
225,348,76.35,752.58,30.51,49.39,0.8052,1,1
226,1,473.61,379.79,79.85,83.75,0.8841,1,1
226,2,644.22,56.24,45.96,39.55,0.8785,1,1
226,3,475.23,155.10,55.75,45.68,0.8995,1,1
226,5,346.53,263.32,29.99,41.83,0.5140,1,1
226,6,482.52,201.88,36.00,26.38,0.7964,1,1
226,7,652.54,86.38,33.32,39.81,0.8993,1,1
226,9,1459.31,-0.00,35.52,33.34,0.8683,1,1
226,13,1124.29,348.63,106.06,74.80,0.7464,1,1
226,14,301.14,230.43,73.88,55.66,0.9068,1,1
226,16,902.08,135.62,74.34,68.86,0.7091,1,1
226,148,402.43,408.13,27.11,32.27,0.8559,1,1
226,157,951.69,843.83,48.09,41.12,0.6994,1,1
226,215,749.66,181.73,75.82,88.85,0.9108,1,1
226,282,1015.08,23.86,52.41,48.75,0.9101,1,1
226,299,721.88,163.25,31.10,18.36,0.7647,1,1
226,301,649.57,194.66,29.74,21.26,0.8633,1,1
226,318,1127.99,134.40,23.18,21.96,0.5958,1,1
226,323,801.16,1012.96,27.21,26.82,0.5158,1,1
226,327,600.66,350.38,24.23,37.14,0.6663,1,1
226,328,927.14,1.22,16.77,14.46,0.6715,1,1
226,333,1132.54,412.18,71.40,52.50,0.7801,1,1
226,334,1084.65,48.90,20.07,22.55,0.4548,1,1
226,344,976.68,811.19,34.98,33.81,0.6813,1,1
226,348,76.64,752.91,29.91,49.59,0.8075,1,1
226,351,476.25,349.64,32.44,30.64,0.4464,1,1
227,1,476.99,379.89,77.73,85.19,0.8871,1,1
227,2,643.81,56.26,45.96,39.16,0.8759,1,1
227,3,475.23,155.08,55.78,45.77,0.8989,1,1
227,5,344.57,262.59,30.65,41.02,0.6543,1,1
227,6,482.38,201.91,36.31,26.62,0.7617,1,1
227,7,651.67,85.91,33.86,40.13,0.9008,1,1
227,9,1459.55,-0.00,35.31,33.38,0.8706,1,1
227,13,1125.07,348.84,105.85,74.79,0.7797,1,1
227,14,301.32,229.23,73.44,55.00,0.9094,1,1
227,16,902.17,135.91,74.80,69.05,0.6273,1,1
227,148,401.73,400.92,26.33,31.38,0.8873,1,1
227,157,950.73,839.94,48.33,42.26,0.5782,1,1
227,215,749.35,181.45,75.61,88.00,0.9105,1,1
227,254,837.03,232.81,19.92,24.02,0.8313,1,1
227,282,1015.26,23.85,52.32,48.90,0.9055,1,1
227,299,721.79,163.72,30.36,17.92,0.7663,1,1
227,301,649.64,194.68,29.60,21.22,0.8623,1,1
227,318,1126.92,138.72,23.27,22.15,0.3301,1,1
227,323,801.89,1013.67,26.98,25.96,0.5535,1,1
227,327,600.87,350.36,24.36,37.07,0.7598,1,1
227,328,927.27,1.20,17.01,14.31,0.6763,1,1
227,333,1132.31,411.38,72.72,52.87,0.7666,1,1
227,334,1084.84,48.66,20.14,22.73,0.4851,1,1
227,344,980.14,810.88,37.02,33.23,0.8400,1,1
227,351,484.01,349.75,32.62,30.37,0.7161,1,1
228,1,478.99,379.23,75.14,83.21,0.9005,1,1
228,2,643.16,56.20,46.39,39.27,0.8771,1,1
228,3,475.25,155.13,55.67,45.48,0.8993,1,1
228,6,482.42,201.22,36.59,26.91,0.8091,1,1
228,7,651.12,85.59,34.24,40.43,0.9038,1,1
228,9,1459.91,0.19,35.30,33.51,0.8605,1,1
228,13,1126.41,348.91,105.87,75.00,0.6561,1,1
228,14,301.11,227.52,73.97,55.75,0.9150,1,1
228,16,901.59,135.79,75.94,70.13,0.6503,1,1
228,148,402.14,388.94,24.88,30.40,0.8761,1,1
228,157,952.02,838.94,47.29,41.78,0.4614,1,1
228,215,748.62,181.51,75.93,86.73,0.9111,1,1
228,254,841.33,233.74,20.00,22.42,0.7616,1,1
228,282,1014.81,23.81,52.36,48.84,0.9144,1,1
228,299,721.95,163.72,30.48,18.11,0.7923,1,1
228,301,649.78,194.74,29.44,21.18,0.8639,1,1
228,318,1124.29,141.50,23.20,21.95,0.5336,1,1
228,327,599.45,349.54,25.09,37.15,0.8042,1,1
228,328,927.70,1.22,17.27,14.03,0.6825,1,1
228,333,1132.31,412.03,73.16,52.46,0.7439,1,1
228,334,1085.64,48.56,19.81,22.48,0.5115,1,1
228,344,981.26,810.95,34.90,31.93,0.8065,1,1
229,1,479.70,377.39,73.95,83.53,0.9057,1,1
229,2,642.53,56.04,46.78,39.52,0.8722,1,1
229,3,475.14,154.73,55.65,45.61,0.9000,1,1
229,6,482.21,201.05,36.52,26.98,0.8071,1,1
229,7,651.30,85.37,33.93,40.06,0.9045,1,1
229,9,1460.25,0.01,35.09,33.18,0.8470,1,1
229,13,1127.77,349.26,104.72,74.72,0.7481,1,1
229,14,300.26,226.45,73.33,55.92,0.9084,1,1
229,16,901.78,136.37,75.26,69.28,0.6981,1,1
229,148,397.53,374.72,25.53,31.22,0.6360,1,1
229,215,748.04,182.09,75.97,84.72,0.9238,1,1
229,254,844.95,239.63,19.12,18.99,0.7511,1,1
229,282,1015.05,24.49,51.87,48.03,0.9112,1,1
229,299,722.05,163.26,31.01,18.61,0.7982,1,1
229,301,649.81,194.80,29.47,21.23,0.8640,1,1
229,328,927.72,1.28,17.37,13.72,0.6480,1,1
229,333,1132.55,412.19,73.80,52.62,0.7988,1,1
229,334,1085.17,48.49,20.53,23.96,0.4553,1,1
229,344,980.99,814.11,36.22,36.14,0.7514,1,1
230,1,479.78,374.34,73.92,85.58,0.9148,1,1
230,2,642.23,55.94,46.98,39.42,0.8777,1,1
230,3,475.20,155.17,55.39,44.92,0.8990,1,1
230,5,345.48,252.60,32.30,45.39,0.8215,1,1
230,6,482.66,200.67,36.34,27.06,0.8066,1,1
230,7,651.23,84.79,33.18,39.47,0.9026,1,1
230,9,1459.96,0.07,35.14,32.99,0.8446,1,1
230,13,1129.35,349.78,104.11,74.60,0.7230,1,1
230,14,299.55,224.19,73.69,57.45,0.8968,1,1
230,16,901.55,136.47,75.01,69.10,0.6646,1,1
230,148,397.20,360.38,25.82,31.88,0.4211,1,1
230,215,747.38,182.54,75.50,82.79,0.9213,1,1
230,254,848.52,238.54,22.25,21.50,0.7702,1,1
230,282,1014.91,24.56,51.94,47.96,0.9123,1,1
230,299,722.37,163.81,29.74,17.91,0.7944,1,1
230,301,650.05,194.86,29.29,21.27,0.8657,1,1
230,328,927.10,1.36,17.76,13.79,0.6617,1,1
230,333,1133.36,412.38,73.21,52.66,0.8077,1,1
230,334,1085.00,48.19,20.01,24.09,0.5242,1,1
231,1,480.27,376.29,72.75,82.87,0.9218,1,1
231,2,641.70,55.82,47.13,39.82,0.8759,1,1
231,3,474.97,155.26,55.52,44.26,0.8993,1,1
231,5,345.38,251.33,32.02,45.89,0.8361,1,1
231,6,481.42,199.66,37.15,27.86,0.7890,1,1
231,7,650.54,84.53,33.12,39.69,0.9010,1,1
231,9,1459.59,0.29,35.16,32.76,0.8481,1,1
231,13,1129.70,349.55,104.30,75.23,0.7593,1,1
231,14,299.31,223.15,73.57,58.28,0.8921,1,1
231,16,901.71,136.79,74.39,68.47,0.5867,1,1
231,148,395.92,349.16,22.98,25.42,0.8189,1,1
231,215,745.68,183.35,77.31,81.09,0.9270,1,1
231,266,581.81,356.16,32.59,42.35,0.2528,1,1
231,282,1014.74,24.53,51.90,47.48,0.9157,1,1
231,299,722.41,163.78,29.86,18.18,0.7937,1,1
231,301,649.95,194.81,29.28,21.23,0.8657,1,1
231,328,927.19,1.40,17.78,13.61,0.6631,1,1
231,333,1134.37,412.27,72.69,52.80,0.7703,1,1
231,334,1085.03,48.43,19.27,23.78,0.5538,1,1
232,1,480.13,376.33,73.00,82.63,0.9216,1,1
232,2,641.78,55.82,46.97,39.79,0.8758,1,1
232,3,474.80,155.27,55.87,44.27,0.8991,1,1
232,5,345.38,251.27,31.85,45.94,0.8359,1,1
232,6,481.42,199.61,37.03,27.90,0.7880,1,1
232,7,650.59,84.52,33.01,39.67,0.9012,1,1
232,9,1459.51,0.29,35.30,32.76,0.8482,1,1
232,13,1129.92,349.52,103.91,75.26,0.7591,1,1
232,14,299.53,223.16,73.09,58.27,0.8933,1,1
232,16,901.70,136.83,74.39,68.42,0.5890,1,1
232,148,395.41,348.91,23.86,25.24,0.8194,1,1
232,215,745.23,183.36,78.20,81.08,0.9271,1,1
232,266,582.94,356.11,32.11,42.46,0.2568,1,1
232,282,1014.60,24.52,52.12,47.46,0.9168,1,1
232,299,722.51,163.78,29.69,18.19,0.7939,1,1
232,301,649.95,194.81,29.29,21.22,0.8657,1,1
232,328,927.11,1.40,17.96,13.60,0.6626,1,1
232,333,1134.56,412.23,72.28,52.87,0.7687,1,1
232,334,1085.18,48.46,18.87,23.73,0.5457,1,1
232,357,57.22,627.51,20.04,41.91,0.2566,1,1
233,1,480.25,378.62,73.01,81.65,0.9172,1,1
233,2,641.06,55.41,47.15,39.70,0.8773,1,1
233,3,475.24,155.56,55.48,43.51,0.8960,1,1
233,5,342.86,249.67,33.43,47.25,0.7570,1,1
233,6,481.05,198.94,37.66,28.66,0.8050,1,1
233,7,649.42,84.55,33.74,40.48,0.9036,1,1
233,9,1459.96,0.16,35.51,33.19,0.8563,1,1
233,13,1130.44,348.98,103.65,75.49,0.6958,1,1
233,14,299.23,221.94,72.98,58.63,0.8751,1,1
233,16,902.57,137.28,74.60,67.93,0.6243,1,1
233,215,744.19,183.51,78.34,80.46,0.9266,1,1
233,282,1014.78,24.78,51.73,46.89,0.9134,1,1
233,299,721.80,163.31,30.46,18.86,0.7886,1,1
233,301,650.03,194.86,29.21,21.22,0.8687,1,1
233,318,1119.33,154.42,25.22,24.17,0.3928,1,1
233,328,926.64,1.43,17.98,13.63,0.6178,1,1
233,333,1135.30,412.18,72.31,53.02,0.7100,1,1
233,344,980.04,811.34,30.62,30.97,0.4883,1,1
233,349,922.20,780.42,27.71,33.35,0.3354,1,1
233,357,53.77,635.43,21.70,40.56,0.6014,1,1
233,361,986.52,837.59,44.61,42.91,0.7639,1,1
234,1,480.41,378.30,73.84,81.82,0.9243,1,1
234,2,640.45,55.33,47.12,39.67,0.8788,1,1
234,3,475.34,154.42,55.80,43.57,0.9008,1,1
234,6,481.86,198.55,37.15,28.36,0.7891,1,1
234,7,649.79,84.52,33.21,39.99,0.9031,1,1
234,9,1459.91,0.22,35.64,33.11,0.8563,1,1
234,13,1130.79,348.90,103.31,75.42,0.6129,1,1
234,14,300.02,221.31,71.95,57.79,0.8841,1,1
234,16,902.50,137.86,72.04,65.03,0.6769,1,1
234,215,743.03,183.29,78.51,80.06,0.9307,1,1
234,282,1014.75,24.82,51.73,46.58,0.9149,1,1
234,299,721.53,163.71,29.91,18.70,0.7889,1,1
234,301,650.51,194.81,29.23,21.48,0.8711,1,1
234,318,1117.29,157.54,29.86,29.34,0.3273,1,1
234,328,926.35,1.27,18.22,13.94,0.6552,1,1
234,333,1134.43,411.54,73.27,53.67,0.5428,1,1
234,340,333.49,246.59,43.17,49.43,0.6932,1,1
234,344,978.18,810.55,30.90,31.37,0.3516,1,1
234,349,922.54,779.61,27.59,33.79,0.3129,1,1
234,357,58.48,644.65,21.74,37.62,0.4156,1,1
234,361,994.30,840.04,44.74,41.75,0.6730,1,1
235,1,480.46,378.29,73.16,80.00,0.9201,1,1
235,2,639.91,55.34,47.02,39.29,0.8764,1,1
235,3,475.67,154.53,56.28,43.20,0.9016,1,1
235,5,344.32,243.60,32.02,45.60,0.4836,1,1
235,6,485.15,198.12,34.92,27.19,0.8031,1,1
235,7,648.81,83.79,33.77,40.01,0.9088,1,1
235,9,1460.03,0.11,35.82,33.35,0.8585,1,1
235,13,1131.42,349.09,102.71,75.00,0.5517,1,1
235,14,300.42,219.32,71.96,58.39,0.9028,1,1
235,16,902.05,138.60,74.19,66.80,0.5900,1,1
235,215,741.24,183.25,79.56,80.15,0.9115,1,1
235,254,864.99,244.90,22.03,21.44,0.2718,1,1
235,282,1015.17,24.97,51.12,45.83,0.9103,1,1
235,299,721.25,163.61,29.54,18.83,0.7947,1,1
235,301,650.31,194.81,29.19,21.21,0.8722,1,1
235,318,1116.69,156.78,27.45,27.30,0.4443,1,1
235,328,926.07,1.19,18.50,14.10,0.5816,1,1
235,333,1135.89,410.42,73.84,54.46,0.5798,1,1
235,340,336.40,244.54,40.98,48.41,0.7404,1,1
235,349,922.85,779.26,27.03,33.48,0.4250,1,1
235,357,62.83,647.91,27.95,42.47,0.6603,1,1
235,361,999.98,843.97,46.73,42.06,0.8173,1,1
236,1,479.74,377.89,74.46,82.68,0.9127,1,1
236,2,639.11,55.47,47.24,39.05,0.8755,1,1
236,3,476.18,154.57,56.24,43.02,0.9007,1,1
236,6,486.42,197.22,34.32,27.50,0.8425,1,1
236,7,648.28,83.14,33.99,39.82,0.9073,1,1
236,9,1460.39,0.12,35.97,33.39,0.8579,1,1
236,13,1132.24,349.51,101.60,73.96,0.6459,1,1
236,14,300.42,217.62,72.57,59.81,0.8981,1,1
236,16,902.93,139.58,73.04,65.02,0.5697,1,1
236,215,740.11,184.05,79.12,78.75,0.9242,1,1
236,254,864.70,241.59,22.90,24.95,0.7636,1,1
236,282,1015.36,24.86,50.83,45.57,0.9095,1,1
236,299,720.85,163.30,29.78,19.07,0.7993,1,1
236,301,650.06,195.09,29.30,20.99,0.8713,1,1
236,318,1113.56,158.13,27.09,28.98,0.5515,1,1
236,328,926.02,1.31,18.57,14.15,0.6004,1,1
236,333,1136.65,409.58,73.83,55.54,0.6536,1,1
236,340,337.52,244.42,39.87,46.56,0.8130,1,1
236,349,923.02,779.21,26.29,32.53,0.5043,1,1
236,357,62.70,650.48,33.65,40.94,0.8182,1,1
236,363,1220.66,561.47,33.07,43.73,0.7335,1,1
237,1,478.21,376.87,76.48,84.17,0.9216,1,1
237,2,638.35,55.60,47.46,39.19,0.8748,1,1
237,3,476.96,154.25,56.10,43.09,0.9055,1,1
237,6,487.71,197.24,33.31,26.51,0.8368,1,1
237,7,647.90,83.05,33.91,39.57,0.9109,1,1
237,9,1460.43,0.30,35.71,32.93,0.8545,1,1
237,13,1132.40,349.66,101.20,73.46,0.5805,1,1
237,14,302.47,217.02,71.24,58.39,0.9044,1,1
237,16,902.93,140.05,75.02,64.97,0.7476,1,1
237,215,738.81,184.18,79.41,78.45,0.9144,1,1
237,254,864.98,240.45,22.82,25.71,0.7091,1,1
237,282,1015.60,24.87,50.32,45.00,0.9122,1,1
237,299,720.87,163.22,29.69,19.12,0.7998,1,1
237,301,649.61,194.74,29.80,21.29,0.8722,1,1
237,318,1112.85,159.13,26.56,29.77,0.3781,1,1
237,328,926.35,0.91,18.73,14.51,0.6457,1,1
237,333,1135.47,408.86,73.57,56.09,0.6510,1,1
237,340,338.86,243.06,39.25,44.93,0.8044,1,1
237,357,65.43,654.66,35.11,38.12,0.8222,1,1
237,361,1009.27,857.78,45.58,40.68,0.4743,1,1
237,363,1223.19,576.71,34.76,46.10,0.3528,1,1
238,1,478.11,376.84,76.67,84.14,0.9215,1,1
238,2,638.33,55.60,47.49,39.20,0.8747,1,1
238,3,477.01,154.23,56.02,43.12,0.9049,1,1
238,6,487.82,197.25,33.28,26.39,0.8349,1,1
238,7,647.88,83.06,33.95,39.56,0.9111,1,1
238,9,1460.37,0.30,35.83,32.93,0.8545,1,1
238,13,1132.27,349.69,101.42,73.45,0.5760,1,1
238,14,302.58,217.12,71.28,58.33,0.9057,1,1
238,16,902.46,140.06,76.02,64.90,0.7494,1,1
238,215,738.74,184.16,79.61,78.35,0.9125,1,1
238,240,1220.51,579.08,40.17,46.32,0.3310,1,1
238,254,865.21,240.37,22.36,25.74,0.7069,1,1
238,282,1015.58,24.86,50.37,45.01,0.9122,1,1
238,299,720.92,163.22,29.57,19.12,0.7996,1,1
238,301,649.59,194.74,29.84,21.28,0.8723,1,1
238,318,1113.09,159.30,25.61,29.94,0.3757,1,1
238,328,926.48,0.86,18.54,14.55,0.6463,1,1
238,333,1135.63,408.75,72.91,56.18,0.6552,1,1
238,340,339.11,242.98,39.37,44.87,0.8169,1,1
238,357,64.61,654.66,36.91,38.14,0.8201,1,1
238,361,1009.72,859.13,45.76,40.50,0.4735,1,1
238,367,866.96,188.83,26.51,19.37,0.8366,1,1
239,1,477.72,378.98,75.80,81.71,0.9102,1,1
239,2,637.51,55.60,47.72,39.34,0.8814,1,1
239,3,478.24,154.16,55.97,43.21,0.9067,1,1
239,5,345.85,240.66,31.36,43.25,0.5896,1,1
239,6,487.75,197.36,34.28,26.66,0.8376,1,1
239,7,647.48,83.31,33.37,39.15,0.9110,1,1
239,9,1460.15,0.08,36.13,33.58,0.8620,1,1
239,13,1131.51,348.69,103.07,74.69,0.6878,1,1
239,14,303.78,215.63,70.86,58.95,0.9026,1,1
239,16,899.78,140.29,81.85,71.25,0.6936,1,1
239,215,737.12,184.19,79.39,77.36,0.9178,1,1
239,254,865.35,240.83,21.77,25.34,0.6682,1,1
239,282,1016.06,25.03,50.15,43.93,0.9112,1,1
239,299,720.95,163.16,29.85,19.38,0.8012,1,1
239,301,649.00,194.49,30.39,21.57,0.8695,1,1
239,318,1113.37,159.12,24.97,29.95,0.2541,1,1
239,323,799.91,1012.92,30.28,26.63,0.4959,1,1
239,328,926.72,0.88,18.00,14.29,0.6874,1,1
239,333,1136.53,409.09,71.97,55.95,0.6238,1,1
239,357,69.95,659.74,33.66,33.16,0.9116,1,1
239,361,1011.55,859.15,48.31,42.34,0.7243,1,1
239,367,864.09,190.57,25.09,18.25,0.5781,1,1
240,1,478.00,380.32,75.24,79.64,0.9128,1,1
240,2,636.98,55.52,47.58,39.15,0.8824,1,1
240,3,479.72,153.95,56.52,43.27,0.9108,1,1
240,6,487.30,197.12,35.54,27.30,0.8219,1,1
240,7,646.78,83.19,33.62,39.49,0.9156,1,1
240,9,1460.22,0.30,35.71,33.32,0.8592,1,1
240,13,1130.98,349.33,103.28,74.98,0.6628,1,1
240,14,305.06,214.48,70.64,59.14,0.9116,1,1
240,16,900.11,140.50,81.13,73.42,0.8034,1,1
240,215,735.83,185.02,80.47,76.27,0.9296,1,1
240,254,865.22,240.40,21.77,25.95,0.7344,1,1
240,282,1016.11,24.76,51.40,43.65,0.9162,1,1
240,299,719.61,162.31,31.20,20.05,0.7118,1,1
240,301,648.33,193.94,31.43,22.12,0.8647,1,1
240,318,1114.13,158.80,24.44,30.40,0.4599,1,1
240,323,800.44,1012.79,30.43,26.18,0.2874,1,1
240,328,926.58,0.84,18.02,14.41,0.7198,1,1
240,333,1139.23,410.39,69.50,54.33,0.5906,1,1
240,340,337.91,238.34,41.68,47.18,0.4434,1,1
240,357,71.30,660.29,33.17,32.93,0.8986,1,1
240,361,1014.85,858.09,48.91,41.38,0.8469,1,1
240,367,863.59,192.97,26.19,18.71,0.7850,1,1
241,1,476.71,380.79,77.03,79.64,0.9084,1,1
241,2,635.51,55.09,48.32,40.21,0.8860,1,1
241,3,478.91,152.06,59.07,46.43,0.9143,1,1
241,5,352.57,236.55,32.06,44.96,0.4085,1,1
241,6,484.45,197.06,37.15,27.00,0.8447,1,1
241,7,646.43,84.01,33.37,39.35,0.9268,1,1
241,9,1459.59,0.11,35.74,32.79,0.8382,1,1
241,13,1131.69,350.36,102.62,74.37,0.6759,1,1
241,14,307.45,212.99,70.87,57.30,0.8882,1,1
241,16,900.86,143.13,77.10,70.90,0.8616,1,1
241,215,734.93,185.49,78.60,74.10,0.6937,1,1
241,254,865.54,239.58,21.69,25.87,0.5218,1,1
241,282,1016.84,24.92,52.81,44.40,0.9134,1,1
241,299,714.75,160.81,30.84,19.57,0.6894,1,1
241,301,648.38,192.25,33.42,25.73,0.8815,1,1
241,314,979.32,28.59,17.57,20.96,0.7847,1,1
241,318,1113.80,156.32,23.43,28.63,0.4732,1,1
241,328,926.39,1.19,18.06,14.36,0.5417,1,1
241,333,1135.97,412.31,69.43,53.57,0.6474,1,1
241,340,341.12,237.10,40.45,45.29,0.4152,1,1
241,357,73.46,660.86,33.32,32.72,0.9109,1,1
241,361,1013.61,858.02,51.33,43.67,0.8817,1,1
241,367,859.33,196.04,27.66,19.52,0.8272,1,1
242,1,475.70,381.42,77.27,77.98,0.9166,1,1
242,2,634.68,55.08,48.11,40.25,0.8893,1,1
242,3,478.91,152.50,58.84,46.70,0.9154,1,1
242,5,354.37,235.02,31.54,45.49,0.5800,1,1
242,6,484.61,198.22,38.12,27.17,0.8365,1,1
242,7,645.73,84.57,33.39,38.95,0.9284,1,1
242,9,1459.68,0.28,35.83,32.88,0.8202,1,1
242,13,1130.98,350.90,103.58,75.12,0.6834,1,1
242,14,308.95,212.34,69.81,55.22,0.8940,1,1
242,16,900.31,143.38,76.79,72.39,0.8607,1,1
242,215,734.52,185.25,78.84,74.16,0.3822,1,1
242,254,865.43,239.68,22.28,26.73,0.6347,1,1
242,282,1017.07,25.01,52.65,43.01,0.9202,1,1
242,299,714.01,160.71,31.57,19.70,0.7069,1,1
242,301,648.62,191.65,32.62,25.69,0.8824,1,1
242,314,979.24,30.04,17.70,22.06,0.7531,1,1
242,318,1114.28,155.38,26.91,31.76,0.7628,1,1
242,328,926.85,1.41,17.68,13.98,0.4968,1,1
242,333,1141.77,413.15,66.46,53.07,0.7355,1,1
242,340,344.02,235.14,39.90,45.43,0.4654,1,1
242,357,73.23,660.42,34.08,32.56,0.8988,1,1
242,361,1011.59,861.19,51.47,43.99,0.8796,1,1
242,367,858.26,198.63,26.77,18.82,0.7442,1,1
243,1,474.30,382.07,78.02,77.29,0.8993,1,1
243,2,633.80,55.01,48.17,40.12,0.8888,1,1
243,3,478.72,152.48,58.15,47.21,0.9151,1,1
243,6,484.72,198.90,37.56,26.52,0.8463,1,1
243,7,645.17,84.05,33.56,39.55,0.9282,1,1
243,9,1459.94,0.17,35.78,33.03,0.8248,1,1
243,13,1131.16,351.52,104.95,75.97,0.6374,1,1
243,14,311.48,212.02,69.02,53.80,0.7615,1,1
243,16,900.75,143.97,76.24,72.50,0.8540,1,1
243,215,733.26,186.36,79.56,72.79,0.8454,1,1
243,254,866.37,241.63,21.77,25.87,0.3876,1,1
243,282,1016.94,25.09,52.95,42.77,0.9207,1,1
243,299,711.64,160.27,31.08,19.34,0.7237,1,1
243,301,650.50,191.23,32.34,25.35,0.8882,1,1
243,314,978.55,33.04,17.32,21.88,0.7972,1,1
243,318,1114.47,155.02,27.06,31.59,0.7103,1,1
243,328,926.86,1.71,17.68,13.91,0.5731,1,1
243,333,1145.95,414.50,61.63,52.00,0.8239,1,1
243,340,343.81,234.09,40.45,46.43,0.4467,1,1
243,357,72.19,659.12,34.75,34.65,0.8933,1,1
243,361,1008.33,862.60,52.01,44.09,0.8510,1,1
243,367,858.47,199.96,28.81,19.80,0.7882,1,1
243,373,615.34,441.93,36.26,63.07,0.5220,1,1
244,1,474.06,382.55,78.47,76.82,0.9008,1,1
244,2,633.75,55.01,48.25,40.11,0.8884,1,1
244,3,478.93,152.45,57.74,47.25,0.9151,1,1
244,6,484.64,198.92,37.70,26.49,0.8460,1,1
244,7,645.24,84.05,33.45,39.53,0.9284,1,1
244,9,1460.01,0.16,35.66,33.04,0.8248,1,1
244,13,1131.08,351.55,105.25,76.10,0.6388,1,1
244,14,311.05,212.00,70.02,53.78,0.7736,1,1
244,16,900.89,143.97,75.96,72.61,0.8551,1,1
244,215,732.85,186.37,80.37,72.75,0.8471,1,1
244,254,866.52,242.16,21.81,25.67,0.3858,1,1
244,282,1016.80,25.09,53.17,42.81,0.9212,1,1
244,299,711.46,160.24,31.11,19.33,0.7227,1,1
244,301,650.45,191.16,32.44,25.41,0.8872,1,1
244,314,978.59,33.16,17.18,21.86,0.7959,1,1
244,318,1114.43,154.97,27.20,31.50,0.7188,1,1
244,328,926.84,1.73,17.74,13.91,0.5732,1,1
244,333,1146.66,414.53,60.25,51.99,0.8245,1,1
244,340,343.90,233.90,40.31,46.62,0.4474,1,1
244,357,72.46,659.08,34.17,34.71,0.8915,1,1
244,361,1008.11,862.62,52.27,44.11,0.8512,1,1
244,367,858.20,200.00,29.33,19.84,0.7921,1,1
244,373,615.52,442.09,36.03,62.68,0.5359,1,1
245,1,471.94,384.18,78.96,76.56,0.8943,1,1
245,2,632.90,54.90,48.66,40.30,0.8886,1,1
245,3,478.22,152.73,57.50,47.73,0.9099,1,1
245,5,355.90,231.92,30.62,45.12,0.4660,1,1
245,6,484.39,199.16,38.01,26.79,0.7718,1,1
245,7,645.06,84.21,33.21,38.79,0.9307,1,1
245,9,1460.84,0.19,35.13,32.77,0.8231,1,1
245,13,1132.36,354.38,104.62,74.73,0.7149,1,1
245,14,312.01,211.82,71.00,53.15,0.8822,1,1
245,16,900.88,144.23,74.10,70.79,0.7932,1,1
245,215,732.25,186.34,80.61,72.89,0.8515,1,1
245,254,867.19,243.08,21.01,24.32,0.4497,1,1
245,282,1016.85,25.21,52.77,42.45,0.9200,1,1
245,299,711.49,160.22,31.30,19.39,0.6854,1,1
245,301,651.11,190.26,31.89,24.36,0.8770,1,1
245,314,978.01,34.99,16.15,21.62,0.8315,1,1
245,318,1114.15,154.77,28.03,32.41,0.7736,1,1
245,328,926.86,1.75,18.00,13.98,0.5330,1,1
245,333,1150.65,415.78,56.73,52.68,0.8437,1,1
245,340,344.16,229.74,41.43,48.54,0.2788,1,1
245,357,71.35,658.01,35.92,36.50,0.6337,1,1
245,361,1004.04,863.60,51.22,44.67,0.8692,1,1
245,367,863.41,197.89,23.82,16.08,0.7903,1,1
245,373,614.82,442.87,36.14,62.46,0.5736,1,1
245,376,-0.94,707.86,27.76,44.26,0.5351,1,1
245,377,1129.71,44.82,17.55,18.17,0.5101,1,1
246,1,472.69,383.30,78.35,77.21,0.8850,1,1
246,2,631.84,55.00,49.08,40.47,0.8853,1,1
246,3,476.99,152.95,57.30,47.84,0.9049,1,1
246,5,360.40,229.47,27.66,42.44,0.7010,1,1
246,6,481.67,199.06,39.45,27.79,0.7511,1,1
246,7,644.39,83.78,33.66,38.94,0.9256,1,1
246,9,1460.99,0.68,34.99,32.70,0.7851,1,1
246,13,1133.86,357.30,105.36,75.51,0.6232,1,1
246,14,314.21,209.87,70.55,52.28,0.8326,1,1
246,16,900.92,144.92,73.54,70.00,0.7327,1,1
246,215,731.67,186.46,80.70,72.80,0.8786,1,1
246,254,867.31,244.59,21.06,24.00,0.4674,1,1
246,282,1016.72,25.21,52.79,43.16,0.9147,1,1
246,299,712.02,160.10,30.81,19.21,0.7109,1,1
246,301,651.70,189.44,31.55,21.99,0.8416,1,1
246,314,976.96,36.19,16.63,23.66,0.8520,1,1
246,328,927.40,1.73,18.24,14.14,0.5684,1,1
246,333,1153.46,419.18,54.78,52.28,0.8351,1,1
246,361,1001.68,864.11,51.48,46.13,0.8534,1,1
246,367,863.95,196.79,23.83,16.40,0.7844,1,1
246,373,614.28,443.66,36.07,61.87,0.5085,1,1
246,376,-0.95,707.92,28.58,45.99,0.3627,1,1
247,1,472.94,384.53,77.53,77.38,0.8690,1,1
247,2,631.43,54.69,50.12,41.59,0.8888,1,1
247,3,476.97,153.57,56.45,47.40,0.8970,1,1
247,5,362.59,228.46,26.12,40.09,0.6537,1,1
247,6,482.72,199.45,38.19,27.18,0.7945,1,1
247,7,642.94,84.60,33.99,38.82,0.9316,1,1
247,9,1461.57,0.79,34.57,32.62,0.7941,1,1
247,13,1133.54,360.24,102.60,78.48,0.8434,1,1
247,14,316.66,209.36,70.19,51.71,0.8559,1,1
247,16,900.83,145.26,72.83,68.47,0.7766,1,1
247,215,730.67,186.68,81.83,72.96,0.9116,1,1
247,282,1017.27,25.40,51.89,42.39,0.9170,1,1
247,299,711.08,159.86,31.24,19.42,0.7019,1,1
247,301,652.91,188.37,31.55,19.74,0.8044,1,1
247,314,976.20,39.03,15.64,21.82,0.8907,1,1
247,328,927.26,1.84,18.30,13.90,0.6857,1,1
247,333,1154.99,421.42,53.23,52.25,0.8118,1,1
247,361,999.81,864.32,50.66,46.72,0.8673,1,1
247,367,866.15,196.11,25.80,16.93,0.7170,1,1
247,373,614.03,444.09,35.99,61.43,0.3001,1,1
248,1,471.13,385.06,78.93,79.53,0.8505,1,1
248,2,630.57,54.56,50.86,42.98,0.8941,1,1
248,3,476.19,153.70,56.42,47.93,0.8967,1,1
248,5,365.07,228.55,26.31,41.38,0.7825,1,1
248,6,481.34,200.20,37.93,26.70,0.7234,1,1
248,7,643.19,84.99,33.51,38.06,0.9322,1,1
248,9,1461.94,0.77,34.50,32.84,0.8040,1,1
248,13,1135.55,363.13,100.81,79.09,0.8974,1,1
248,14,318.28,205.85,70.88,53.70,0.9018,1,1
248,16,900.10,145.78,74.29,68.77,0.8352,1,1
248,215,729.37,186.98,80.77,71.72,0.9098,1,1
248,282,1016.77,25.28,52.21,43.78,0.9113,1,1
248,299,710.59,159.79,31.10,18.99,0.6088,1,1
248,301,655.04,185.75,29.55,18.15,0.5422,1,1
248,314,974.98,41.72,15.52,21.48,0.7986,1,1
248,328,927.69,1.70,18.49,14.11,0.6706,1,1
248,333,1154.57,424.01,53.10,51.40,0.7972,1,1
248,361,998.96,863.23,50.55,47.90,0.8727,1,1
248,367,868.14,196.54,26.03,16.70,0.4674,1,1
248,373,613.20,446.04,35.98,60.68,0.3660,1,1
248,381,399.95,266.93,22.04,23.48,0.8534,1,1
249,1,468.33,386.51,78.75,78.48,0.8583,1,1
249,2,630.10,54.52,51.13,43.84,0.8972,1,1
249,3,475.99,153.84,55.93,47.91,0.8969,1,1
249,5,367.73,227.22,26.07,42.92,0.8321,1,1
249,6,481.19,200.27,37.48,25.95,0.7220,1,1
249,7,643.23,85.05,33.18,38.02,0.9318,1,1
249,9,1462.13,0.74,34.58,32.48,0.8390,1,1
249,13,1137.07,366.74,101.17,78.84,0.8998,1,1
249,14,321.35,206.76,68.84,50.22,0.9024,1,1
249,16,899.56,145.66,75.43,68.74,0.8264,1,1
249,215,727.41,187.66,80.66,70.83,0.8958,1,1
249,282,1016.77,25.10,50.56,43.70,0.9067,1,1
249,299,711.34,159.96,31.09,18.72,0.5613,1,1
249,301,658.69,182.16,33.32,18.35,0.8471,1,1
249,314,971.60,46.01,16.76,24.65,0.8534,1,1
249,328,927.02,1.41,19.51,14.46,0.7615,1,1
249,333,1155.36,426.66,53.07,51.01,0.6376,1,1
249,361,998.01,863.57,50.35,47.31,0.8471,1,1
249,367,865.41,197.10,25.13,16.35,0.5857,1,1
249,373,612.75,445.35,36.92,60.64,0.5746,1,1
249,381,406.78,263.44,23.37,24.17,0.7940,1,1
250,1,468.08,386.53,79.15,78.44,0.8588,1,1
250,2,630.24,54.52,50.85,43.85,0.8973,1,1
250,3,476.08,153.84,55.74,47.94,0.8966,1,1
250,5,368.02,227.19,25.60,42.96,0.8321,1,1
250,6,480.90,200.21,37.98,26.01,0.7179,1,1
250,7,643.26,85.04,33.11,38.02,0.9318,1,1
250,9,1462.03,0.73,34.79,32.47,0.8390,1,1
250,13,1136.97,366.78,101.40,78.83,0.8998,1,1
250,14,320.93,206.77,69.72,50.19,0.9023,1,1
250,16,899.24,145.66,76.07,68.74,0.8264,1,1
250,215,727.20,187.66,81.01,70.81,0.8955,1,1
250,282,1017.05,25.10,49.98,43.70,0.9067,1,1
250,299,711.30,159.97,31.41,18.69,0.5620,1,1
250,301,658.13,182.09,34.62,18.35,0.8471,1,1
250,314,971.77,46.10,16.30,24.71,0.8534,1,1
250,328,926.85,1.39,19.84,14.48,0.7614,1,1
250,333,1155.27,426.92,53.40,50.97,0.6375,1,1
250,361,997.87,863.57,50.58,47.30,0.8471,1,1
250,367,865.22,197.15,24.76,16.32,0.5857,1,1
250,373,612.40,445.27,37.61,60.63,0.5754,1,1
250,381,406.76,263.29,23.92,24.22,0.7960,1,1
250,383,55.32,685.66,24.66,27.84,0.6445,1,1
250,384,702.71,158.13,33.39,17.66,0.4424,1,1
251,1,466.53,386.92,80.16,80.74,0.8668,1,1
251,2,629.83,54.36,50.82,44.03,0.8933,1,1
251,3,476.28,153.77,55.59,48.03,0.8958,1,1
251,5,370.06,226.32,26.25,45.48,0.8384,1,1
251,6,479.12,199.60,39.64,27.03,0.7810,1,1
251,7,642.52,84.86,33.93,39.06,0.9270,1,1
251,9,1462.58,0.93,34.17,31.71,0.7662,1,1
251,13,1140.38,372.12,103.82,79.55,0.8934,1,1
251,14,323.41,206.02,69.89,49.93,0.8785,1,1
251,16,898.39,146.05,76.91,69.67,0.8406,1,1
251,215,725.34,187.80,80.68,69.55,0.8651,1,1
251,282,1016.94,26.23,48.40,42.36,0.8496,1,1
251,299,709.91,159.48,32.57,19.26,0.7338,1,1
251,314,971.75,49.14,16.62,24.30,0.8549,1,1
251,328,926.85,1.57,19.94,14.22,0.7607,1,1
251,333,1155.16,430.36,53.60,51.37,0.3994,1,1
251,349,924.11,792.89,26.56,34.41,0.6518,1,1
251,361,996.70,864.38,50.14,45.90,0.8063,1,1
251,367,863.74,198.64,23.84,15.77,0.4046,1,1
251,381,412.26,257.87,25.22,25.54,0.3502,1,1
252,1,464.00,388.87,81.99,83.94,0.8486,1,1
252,2,629.59,54.02,51.30,44.23,0.8923,1,1
252,3,476.19,153.66,55.64,48.03,0.8989,1,1
252,5,370.77,224.72,26.73,46.95,0.7816,1,1
252,6,478.07,200.03,40.58,27.49,0.8249,1,1
252,7,642.47,84.35,34.30,39.77,0.9160,1,1
252,9,1462.82,0.92,34.19,31.73,0.7298,1,1
252,13,1142.47,375.93,104.34,79.07,0.8616,1,1
252,14,324.82,203.85,70.71,50.57,0.8730,1,1
252,16,897.94,146.08,77.20,70.55,0.8459,1,1
252,215,723.75,188.91,79.12,66.90,0.7825,1,1
252,282,1016.71,26.42,48.16,41.66,0.8816,1,1
252,299,709.54,158.86,32.47,19.23,0.7257,1,1
252,314,968.24,54.43,17.94,27.01,0.8249,1,1
252,328,926.43,1.50,20.46,14.18,0.7514,1,1
252,333,1155.89,434.52,52.04,51.14,0.6431,1,1
252,340,358.85,223.66,37.57,44.69,0.2776,1,1
252,349,924.59,793.75,27.29,35.11,0.4873,1,1
252,357,72.84,661.42,34.80,33.02,0.7520,1,1
252,361,994.38,865.29,49.38,44.96,0.8019,1,1
252,367,862.00,199.63,24.15,15.87,0.3858,1,1
253,1,463.69,391.84,81.02,83.06,0.7722,1,1
253,2,628.44,53.74,53.13,47.77,0.8952,1,1
253,3,476.31,153.70,55.33,47.40,0.8961,1,1
253,5,371.71,223.61,27.05,47.05,0.8233,1,1
253,6,477.83,199.40,41.52,28.82,0.8499,1,1
253,7,643.02,85.26,33.66,38.84,0.9131,1,1
253,9,1462.07,0.97,34.34,31.71,0.7787,1,1
253,13,1144.10,379.14,104.59,78.57,0.8449,1,1
253,14,327.41,201.48,71.52,50.53,0.8839,1,1
253,16,897.63,145.92,78.21,72.57,0.8268,1,1
253,215,719.34,189.67,81.97,66.94,0.8468,1,1
253,282,1016.29,26.26,48.08,41.75,0.8805,1,1
253,299,708.00,158.49,33.20,19.48,0.7244,1,1
253,314,967.46,60.28,17.32,26.90,0.8292,1,1
253,328,925.74,1.37,20.60,14.12,0.7092,1,1
253,333,1155.26,435.10,52.23,51.91,0.5386,1,1
253,349,924.48,794.51,27.17,35.06,0.3344,1,1
253,357,77.22,662.49,29.73,32.53,0.9220,1,1
253,361,992.23,866.42,50.01,44.79,0.8119,1,1
253,385,944.63,72.87,21.32,21.64,0.8470,1,1
254,1,464.32,397.44,79.21,80.84,0.4927,1,1
254,2,628.14,53.31,53.74,50.03,0.8983,1,1
254,3,476.48,153.13,55.70,48.21,0.8919,1,1
254,5,373.72,219.87,28.04,48.86,0.7294,1,1
254,6,478.25,197.89,42.41,30.38,0.7652,1,1
254,7,644.55,84.14,33.86,38.93,0.9096,1,1
254,9,1462.20,1.05,34.10,31.62,0.7509,1,1
254,13,1144.67,383.39,106.83,78.34,0.8329,1,1
254,14,329.48,199.38,72.01,51.53,0.8469,1,1
254,16,897.22,145.90,78.08,72.71,0.8351,1,1
254,157,974.42,830.20,42.73,36.27,0.3764,1,1
254,215,715.53,190.23,81.99,65.67,0.8934,1,1
254,282,1014.89,25.84,49.16,42.83,0.8662,1,1
254,299,707.20,158.65,33.77,19.64,0.7204,1,1
254,314,966.18,63.54,16.32,26.40,0.7754,1,1
254,328,925.55,1.30,20.92,14.22,0.6891,1,1
254,333,1151.45,438.39,51.86,50.86,0.4083,1,1
254,349,923.29,794.82,27.52,36.26,0.5118,1,1
254,357,76.00,659.52,29.58,34.73,0.9204,1,1
254,361,991.17,867.66,49.98,44.73,0.3715,1,1
254,385,943.81,74.38,20.96,21.79,0.7993,1,1
255,1,462.33,398.59,80.38,81.55,0.5704,1,1
255,2,629.34,53.08,52.70,48.93,0.8935,1,1
255,3,476.98,152.81,56.26,48.99,0.8794,1,1
255,5,374.55,218.48,29.07,50.71,0.6460,1,1
255,6,479.80,196.63,40.78,29.54,0.7023,1,1
255,7,646.31,83.71,32.96,38.63,0.9038,1,1
255,9,1462.23,0.73,34.08,32.00,0.8058,1,1
255,13,1146.42,385.36,106.80,78.79,0.8887,1,1
255,14,331.94,198.79,71.42,51.63,0.8144,1,1
255,16,898.14,145.93,76.41,70.12,0.7866,1,1
255,157,966.37,831.84,45.23,36.84,0.3297,1,1
255,215,710.80,190.93,83.13,66.05,0.9048,1,1
255,282,1013.49,26.02,48.03,42.77,0.8531,1,1
255,299,707.57,159.33,34.00,20.15,0.7313,1,1
255,314,965.62,65.47,15.36,25.47,0.7857,1,1
255,328,925.45,1.19,21.07,14.29,0.6064,1,1
255,349,923.88,798.32,27.30,36.29,0.4247,1,1
255,357,72.98,656.59,32.33,37.40,0.9106,1,1
255,361,990.33,868.25,51.56,45.77,0.7298,1,1
255,367,862.79,199.89,25.37,16.55,0.2518,1,1
255,385,943.96,75.91,19.21,20.36,0.7949,1,1
255,389,450.31,238.22,26.85,21.51,0.8624,1,1
255,390,681.42,323.01,26.39,38.86,0.6642,1,1
256,1,461.85,398.71,80.98,81.70,0.5737,1,1
256,2,629.32,53.08,52.75,48.91,0.8930,1,1
256,3,477.05,152.73,56.11,49.07,0.8789,1,1
256,5,374.61,218.34,29.15,50.91,0.6461,1,1
256,6,480.09,196.52,40.30,29.47,0.6973,1,1
256,7,646.44,83.65,32.75,38.70,0.9033,1,1
256,9,1462.34,0.72,33.86,32.01,0.8055,1,1
256,13,1146.55,385.38,106.63,78.79,0.8886,1,1
256,14,332.25,198.79,70.93,51.63,0.8137,1,1
256,16,897.77,145.93,77.14,70.07,0.7888,1,1
256,157,964.36,832.13,46.49,36.99,0.3285,1,1
256,215,710.65,190.93,83.36,66.05,0.9049,1,1
256,282,1013.78,26.03,47.33,42.63,0.8551,1,1
256,299,707.75,159.36,33.64,20.19,0.7309,1,1
256,314,965.71,65.55,15.08,25.42,0.7861,1,1
256,328,925.40,1.16,21.13,14.29,0.6053,1,1
256,349,924.06,799.04,27.13,36.33,0.4310,1,1
256,357,72.84,656.56,32.54,37.47,0.9107,1,1
256,361,990.15,868.28,51.93,45.83,0.7261,1,1
256,385,944.09,75.96,18.93,20.32,0.7949,1,1
256,389,450.31,238.16,27.14,21.48,0.8624,1,1
256,390,681.31,322.83,26.20,39.09,0.6628,1,1
256,393,415.66,337.46,19.35,32.49,0.8328,1,1
256,394,988.93,867.69,54.00,46.97,0.5715,1,1
256,395,75.95,565.73,22.91,25.85,0.7890,1,1
257,1,459.39,399.14,80.13,81.02,0.8259,1,1
257,2,630.44,52.71,51.40,45.80,0.8966,1,1
257,3,477.42,152.81,56.75,48.89,0.8798,1,1
257,5,377.08,219.40,28.44,48.56,0.7351,1,1
257,6,480.81,196.66,39.13,28.25,0.6052,1,1
257,7,649.57,82.88,30.93,38.79,0.8906,1,1
257,9,1462.52,0.73,33.41,31.68,0.8046,1,1
257,13,1147.86,388.57,106.38,79.57,0.9020,1,1
257,14,334.36,197.80,70.34,52.12,0.8080,1,1
257,16,897.68,146.06,76.77,69.08,0.7950,1,1
257,157,960.44,833.42,48.36,40.62,0.7460,1,1
257,215,706.43,191.15,84.64,66.55,0.8398,1,1
257,282,1012.33,26.17,46.99,42.86,0.7904,1,1
257,299,705.74,158.97,32.43,19.67,0.7357,1,1
257,314,965.27,66.66,14.54,24.19,0.7435,1,1
257,328,925.18,1.10,21.28,14.37,0.5630,1,1
257,357,72.99,656.37,32.77,37.80,0.9060,1,1
257,361,990.64,871.48,55.66,46.10,0.8836,1,1
257,385,944.74,77.22,18.56,19.36,0.7983,1,1
257,389,455.97,239.69,28.75,19.54,0.8362,1,1
257,390,680.06,325.92,25.09,36.87,0.7830,1,1
257,393,416.12,337.35,20.79,35.35,0.8413,1,1
257,396,57.56,536.90,21.24,28.80,0.8159,1,1
258,1,458.15,401.75,78.86,79.13,0.8099,1,1
258,2,631.06,52.10,51.80,44.78,0.9014,1,1
258,3,477.51,153.01,57.04,47.68,0.8820,1,1
258,5,381.21,219.73,27.22,46.40,0.8559,1,1
258,6,481.26,197.01,39.07,27.74,0.7448,1,1
258,7,649.39,83.25,30.86,37.98,0.8872,1,1
258,9,1462.54,0.78,33.36,31.63,0.7943,1,1
258,13,1150.88,390.30,105.72,81.52,0.9151,1,1
258,14,337.41,197.34,70.20,52.15,0.7315,1,1
258,16,896.99,146.20,77.49,69.85,0.7977,1,1
258,157,961.61,835.35,46.31,40.52,0.7989,1,1
258,215,703.23,192.59,83.88,66.00,0.7655,1,1
258,282,1011.47,26.54,45.28,41.69,0.8269,1,1
258,299,706.07,159.42,32.31,19.72,0.6767,1,1
258,314,964.70,64.08,15.60,25.72,0.7709,1,1
258,328,925.27,1.10,21.29,14.41,0.6320,1,1
258,357,71.02,655.33,33.55,38.27,0.9049,1,1
258,361,994.18,875.88,57.22,46.91,0.8377,1,1
258,385,946.58,76.37,18.88,17.61,0.8235,1,1
258,389,463.91,238.37,31.23,21.02,0.8522,1,1
258,390,677.30,326.87,21.79,31.00,0.7098,1,1
258,393,416.91,337.87,21.36,36.34,0.4461,1,1
258,396,57.85,531.62,24.07,28.08,0.8533,1,1
259,1,456.96,401.02,79.53,81.89,0.8925,1,1
259,2,631.95,52.05,53.00,46.06,0.9072,1,1
259,3,477.53,152.61,57.29,47.71,0.8844,1,1
259,5,383.42,219.25,26.80,45.47,0.8756,1,1
259,6,480.16,196.37,40.36,28.56,0.8461,1,1
259,7,649.31,83.72,32.25,36.91,0.8865,1,1
259,9,1462.67,0.81,33.43,31.84,0.8079,1,1
259,13,1152.38,392.52,106.32,83.16,0.9222,1,1
259,14,340.11,195.96,70.56,52.76,0.7704,1,1
259,16,896.87,146.34,77.48,70.26,0.8027,1,1
259,157,960.72,836.13,44.39,40.60,0.8604,1,1
259,215,700.52,193.99,83.53,65.71,0.4113,1,1
259,282,1009.51,26.64,46.27,41.30,0.9034,1,1
259,299,705.31,159.74,32.35,20.17,0.6800,1,1
259,314,964.46,62.09,15.18,24.87,0.6729,1,1
259,328,925.62,1.26,21.05,14.30,0.6887,1,1
259,357,70.69,655.15,33.18,38.05,0.8981,1,1
259,361,993.65,881.49,58.41,48.11,0.8529,1,1
259,385,949.36,72.22,19.90,18.05,0.7406,1,1
259,389,475.45,238.94,30.45,19.54,0.8281,1,1
259,390,674.01,326.91,24.67,35.14,0.4825,1,1
259,393,418.09,337.11,21.32,36.51,0.6803,1,1
259,396,56.93,529.16,24.90,27.38,0.8568,1,1
260,1,455.82,400.71,79.77,85.48,0.8909,1,1
260,2,634.82,51.80,52.15,45.07,0.8883,1,1
260,3,477.07,152.07,57.55,47.94,0.8853,1,1
260,5,382.35,218.14,29.01,45.94,0.8927,1,1
260,6,478.09,196.46,42.31,29.65,0.8747,1,1
260,7,651.85,83.48,32.28,36.85,0.8706,1,1
260,9,1462.06,0.76,33.71,31.97,0.8256,1,1
260,13,1152.78,395.92,109.70,86.23,0.8797,1,1
260,14,344.28,196.10,67.93,50.78,0.7915,1,1
260,16,896.94,146.31,77.27,70.36,0.8311,1,1
260,157,961.71,836.24,43.07,39.09,0.7704,1,1
260,240,1164.43,585.17,44.14,46.95,0.2647,1,1
260,282,1008.04,25.91,46.29,41.32,0.8926,1,1
260,299,706.97,160.50,30.94,19.65,0.7076,1,1
260,314,964.91,61.11,13.14,20.52,0.5505,1,1
260,328,926.27,1.13,20.86,14.64,0.7764,1,1
260,357,70.44,654.67,33.17,38.62,0.9007,1,1
260,361,997.95,889.81,54.77,44.97,0.7212,1,1
260,385,949.85,67.51,19.12,16.68,0.7397,1,1
260,389,485.42,236.97,32.86,21.83,0.7442,1,1
260,390,670.68,323.00,24.81,35.29,0.6108,1,1
260,396,55.27,526.58,24.12,27.09,0.7147,1,1
260,397,704.43,171.23,35.98,25.78,0.6600,1,1
260,399,31.15,690.39,41.25,47.10,0.8578,1,1
261,1,455.31,403.16,78.74,85.18,0.8430,1,1
261,2,637.46,51.05,51.65,44.64,0.8839,1,1
261,3,476.52,151.29,57.84,47.69,0.8900,1,1
261,5,382.98,218.04,30.98,45.30,0.9036,1,1
261,6,479.66,197.15,39.92,27.08,0.8283,1,1
261,7,652.72,85.50,31.46,34.84,0.8663,1,1
261,9,1462.14,0.54,33.99,32.42,0.8220,1,1
261,13,1155.87,400.13,108.42,86.21,0.9378,1,1
261,14,348.48,196.38,64.86,47.33,0.7622,1,1
261,16,896.43,146.12,79.11,72.49,0.8084,1,1
261,157,957.10,835.34,44.34,41.60,0.7743,1,1
261,215,695.01,197.26,82.95,65.07,0.3064,1,1
261,282,1006.28,25.59,46.02,41.31,0.9025,1,1
261,299,706.47,159.50,31.20,20.08,0.7142,1,1
261,328,926.72,1.34,20.15,14.61,0.7760,1,1
261,357,69.44,653.50,34.04,39.63,0.9050,1,1
261,361,998.68,898.60,56.53,46.63,0.3750,1,1
261,385,949.18,61.79,20.81,17.17,0.7695,1,1
261,389,494.34,241.07,32.57,21.71,0.8599,1,1
261,393,420.45,337.15,20.97,35.71,0.2855,1,1
261,396,54.56,523.48,24.38,28.52,0.7385,1,1
261,397,706.85,171.07,36.39,26.62,0.5915,1,1
261,399,32.13,690.53,38.77,45.99,0.8206,1,1
261,402,22.86,647.17,33.54,34.95,0.4599,1,1
262,1,455.54,403.22,78.23,85.14,0.8429,1,1
262,2,637.51,51.05,51.61,44.60,0.8838,1,1
262,3,476.39,151.28,58.07,47.69,0.8898,1,1
262,5,382.61,218.05,31.78,45.28,0.9036,1,1
262,6,479.30,197.16,40.64,27.01,0.8287,1,1
262,7,652.49,85.52,31.91,34.81,0.8666,1,1
262,9,1462.18,0.53,33.89,32.43,0.8221,1,1
262,13,1155.96,400.13,108.27,86.25,0.9372,1,1
262,14,348.22,196.38,65.67,47.13,0.7685,1,1
262,16,896.59,146.12,78.83,72.53,0.8087,1,1
262,157,957.38,835.31,43.43,41.69,0.7701,1,1
262,215,694.21,197.70,83.13,65.00,0.3099,1,1
262,282,1006.31,25.59,45.93,41.31,0.9026,1,1
262,299,706.63,159.47,30.90,20.08,0.7150,1,1
262,328,926.92,1.34,19.76,14.61,0.7759,1,1
262,357,69.41,653.50,34.08,39.64,0.9048,1,1
262,361,998.94,900.84,56.78,47.10,0.3674,1,1
262,385,948.81,61.55,21.55,17.18,0.7699,1,1
262,389,494.51,241.16,32.52,21.70,0.8600,1,1
262,393,420.73,337.19,20.94,35.42,0.2948,1,1
262,396,54.88,523.34,23.66,28.59,0.7392,1,1
262,397,707.41,171.01,35.81,26.74,0.5875,1,1
262,399,32.63,690.53,37.77,45.97,0.8218,1,1
262,402,23.11,647.02,33.18,34.90,0.4659,1,1
262,404,966.52,54.95,16.92,22.05,0.6877,1,1
263,1,454.17,404.53,76.84,83.71,0.7855,1,1
263,2,638.93,50.81,53.70,47.59,0.8932,1,1
263,3,476.10,150.76,57.30,46.91,0.8899,1,1
263,5,384.98,217.84,31.23,45.29,0.9080,1,1
263,6,479.97,196.48,39.46,26.18,0.8461,1,1
263,7,654.20,85.23,32.60,34.43,0.8631,1,1
263,9,1461.88,0.54,34.06,32.41,0.7996,1,1
263,13,1159.81,403.93,106.49,86.95,0.9367,1,1
263,14,350.00,196.24,65.32,46.45,0.6605,1,1
263,16,897.42,146.12,77.14,70.33,0.7929,1,1
263,157,957.59,836.28,41.37,39.67,0.4556,1,1
263,240,1158.50,581.65,47.63,46.91,0.4753,1,1
263,282,1004.03,25.20,46.72,41.46,0.9010,1,1
263,299,708.06,159.69,30.83,20.16,0.7145,1,1
263,328,927.12,1.40,19.05,14.63,0.7996,1,1
263,357,70.86,653.14,34.27,40.28,0.9159,1,1
263,389,499.50,241.54,35.36,28.01,0.8738,1,1
263,393,421.38,336.37,21.80,36.70,0.3089,1,1
263,396,55.52,522.58,22.96,27.81,0.3688,1,1
263,397,711.08,172.13,36.28,27.69,0.5796,1,1
263,399,31.71,689.08,32.87,42.80,0.8959,1,1
263,402,24.75,647.06,30.13,31.58,0.2834,1,1
263,407,420.90,286.66,25.16,26.18,0.4658,1,1
264,1,453.18,404.75,76.88,83.77,0.8119,1,1
264,2,641.59,50.30,52.45,46.60,0.8899,1,1
264,3,475.59,151.00,57.07,46.29,0.8933,1,1
264,5,387.41,217.72,30.89,45.34,0.8771,1,1
264,6,481.17,196.77,38.01,25.42,0.8010,1,1
264,7,655.17,84.60,33.39,35.08,0.8672,1,1
264,9,1462.32,0.58,33.92,32.31,0.7812,1,1
264,13,1164.39,406.57,103.58,87.80,0.9271,1,1
264,14,350.91,195.67,66.97,47.65,0.6114,1,1
264,16,898.00,145.86,76.21,68.52,0.7750,1,1
264,215,688.98,200.60,83.20,64.06,0.5617,1,1
264,240,1158.30,581.09,47.90,46.20,0.3475,1,1
264,282,1003.35,25.21,45.67,40.41,0.9074,1,1
264,299,706.05,159.54,33.41,22.55,0.7251,1,1
264,328,926.92,1.69,19.27,14.74,0.8020,1,1
264,357,69.67,652.23,35.01,41.08,0.9055,1,1
264,376,30.41,685.21,29.89,43.53,0.8599,1,1
264,389,509.69,246.50,31.88,25.80,0.8599,1,1
264,393,423.17,336.28,22.22,37.37,0.3656,1,1
264,397,717.74,179.55,30.43,23.42,0.6784,1,1
264,402,23.72,646.82,30.18,31.70,0.3179,1,1
265,1,451.92,403.98,77.88,84.94,0.8877,1,1
265,2,644.48,49.69,51.68,45.27,0.8926,1,1
265,3,474.99,151.23,57.09,45.87,0.8983,1,1
265,5,389.25,219.65,30.87,43.95,0.8750,1,1
265,6,480.60,195.96,38.39,26.26,0.8529,1,1
265,7,656.49,83.69,33.11,35.58,0.8722,1,1
265,9,1461.68,0.73,34.25,32.52,0.6866,1,1
265,13,1166.51,409.20,104.32,89.64,0.9302,1,1
265,14,353.45,196.15,66.31,47.94,0.8393,1,1
265,16,899.36,145.69,74.21,65.89,0.6139,1,1
265,240,1158.28,580.65,49.11,46.21,0.6063,1,1
265,282,1003.03,24.86,44.76,39.86,0.9085,1,1
265,299,705.87,159.25,32.69,22.34,0.7309,1,1
265,328,926.49,1.93,19.00,14.56,0.8010,1,1
265,357,70.46,652.46,34.19,40.17,0.8958,1,1
265,389,516.70,253.28,30.24,24.89,0.8468,1,1
265,393,424.61,337.49,21.83,36.54,0.4717,1,1
265,397,724.86,185.18,27.23,22.24,0.8419,1,1
265,402,26.24,645.60,27.82,28.49,0.8260,1,1
266,1,450.55,404.35,79.63,87.62,0.8980,1,1
266,2,645.44,49.09,53.34,47.09,0.8951,1,1
266,3,473.99,150.76,57.49,46.40,0.9064,1,1
266,5,390.12,220.05,31.68,44.62,0.8724,1,1
266,6,479.43,194.97,39.34,27.71,0.8856,1,1
266,7,660.52,82.27,31.93,35.76,0.8688,1,1
266,9,1461.84,0.86,34.28,32.49,0.4878,1,1
266,13,1168.29,411.25,104.64,89.95,0.9287,1,1
266,14,355.41,196.15,67.79,50.30,0.8413,1,1
266,16,899.40,145.43,74.49,65.49,0.5572,1,1
266,240,1160.16,581.72,48.25,47.16,0.8436,1,1
266,282,999.56,24.67,46.04,39.08,0.9122,1,1
266,299,708.28,160.41,30.12,20.47,0.6770,1,1
266,328,926.34,1.88,18.98,14.50,0.8037,1,1
266,357,71.16,653.29,33.47,39.46,0.8992,1,1
266,389,522.08,258.18,29.86,24.57,0.8486,1,1
266,393,425.65,338.30,21.99,37.00,0.8172,1,1
266,397,725.76,187.03,25.35,21.68,0.8163,1,1
266,402,28.62,645.20,27.03,28.08,0.8972,1,1
266,412,500.35,361.00,36.60,35.84,0.6917,1,1
266,413,955.12,45.46,25.78,20.05,0.4117,1,1
267,1,449.28,405.79,79.92,89.36,0.9145,1,1
267,2,648.29,48.09,52.66,47.09,0.8913,1,1
267,3,473.28,149.14,58.02,47.70,0.9005,1,1
267,5,392.39,218.92,31.51,45.78,0.8720,1,1
267,6,479.18,194.36,39.03,27.87,0.8911,1,1
267,7,664.00,82.86,31.57,34.70,0.8906,1,1
267,9,1461.08,0.78,34.59,32.20,0.7135,1,1
267,13,1168.31,412.27,105.22,89.99,0.9261,1,1
267,14,357.96,196.83,67.09,50.30,0.8432,1,1
267,16,900.06,145.15,74.44,64.81,0.4517,1,1
267,240,1161.52,583.48,48.37,47.67,0.6057,1,1
267,282,998.41,24.70,45.96,38.53,0.9132,1,1
267,299,710.31,162.46,27.94,18.89,0.6611,1,1
267,328,925.64,1.73,19.64,14.78,0.8291,1,1
267,357,72.60,654.30,32.59,38.78,0.9110,1,1
267,389,523.82,263.28,32.72,25.41,0.8607,1,1
267,393,427.73,338.18,21.19,35.83,0.7326,1,1
267,397,725.31,186.00,26.43,23.44,0.8015,1,1
267,402,29.88,645.77,26.64,26.45,0.9056,1,1
267,412,505.68,363.28,33.15,37.09,0.8691,1,1
267,413,956.79,45.92,27.38,21.52,0.5782,1,1
267,415,13.23,599.90,28.82,34.58,0.2622,1,1
268,1,449.45,405.77,79.58,89.48,0.9145,1,1
268,2,648.46,48.11,52.36,47.05,0.8913,1,1
268,3,473.48,149.05,57.64,47.87,0.9008,1,1
268,5,392.64,218.89,31.07,45.81,0.8720,1,1
268,6,479.14,194.40,38.91,27.86,0.8926,1,1
268,7,663.92,82.86,31.78,34.70,0.8907,1,1
268,9,1460.83,0.77,35.00,32.18,0.7135,1,1
268,13,1168.24,412.29,105.31,89.98,0.9259,1,1
268,14,358.15,196.81,66.75,50.33,0.8423,1,1
268,16,899.88,145.07,75.11,64.73,0.4610,1,1
268,240,1161.88,583.70,48.07,47.74,0.6059,1,1
268,282,998.31,24.70,46.16,38.53,0.9132,1,1
268,299,710.46,162.66,27.82,18.75,0.6595,1,1
268,328,925.54,1.72,19.81,14.79,0.8294,1,1
268,357,72.65,654.28,32.50,38.82,0.9114,1,1
268,389,523.44,263.40,33.58,25.41,0.8609,1,1
268,393,427.88,338.16,21.07,35.76,0.7292,1,1
268,397,725.58,185.96,25.89,23.51,0.8016,1,1
268,402,29.71,645.77,27.00,26.46,0.9051,1,1
268,412,506.52,363.31,31.57,37.11,0.8692,1,1
268,413,957.08,45.97,27.36,21.71,0.5828,1,1
268,415,13.38,599.48,29.01,34.98,0.2822,1,1
268,416,885.74,1016.53,52.01,42.83,0.8590,1,1
268,418,93.71,515.43,30.30,19.99,0.8372,1,1
268,419,960.49,45.24,23.20,15.99,0.2946,1,1
269,1,448.26,407.63,80.04,92.47,0.8879,1,1
269,2,649.65,47.43,52.64,47.48,0.8844,1,1
269,3,473.18,149.35,57.08,47.15,0.9039,1,1
269,5,393.90,219.88,31.05,44.44,0.8612,1,1
269,6,478.75,193.93,38.79,28.22,0.9101,1,1
269,7,664.73,81.66,32.41,35.08,0.8903,1,1
269,9,1461.10,1.05,34.60,31.67,0.5812,1,1
269,13,1169.90,412.27,104.65,89.77,0.9245,1,1
269,14,360.66,197.22,66.42,50.98,0.8192,1,1
269,16,899.63,145.22,75.80,64.79,0.4517,1,1
269,282,996.25,24.69,46.53,38.07,0.9108,1,1
269,299,715.43,165.60,26.53,17.44,0.7357,1,1
269,328,925.67,1.79,19.77,14.72,0.8228,1,1
269,357,73.25,654.95,31.03,38.42,0.9148,1,1
269,389,528.03,268.20,31.95,21.91,0.8491,1,1
269,393,428.67,337.98,21.27,36.27,0.7502,1,1
269,397,725.22,182.40,25.54,22.99,0.3349,1,1
269,402,29.46,645.61,27.49,26.35,0.9012,1,1
269,412,508.05,365.09,31.42,37.07,0.8313,1,1
269,413,959.17,46.95,27.09,21.59,0.4304,1,1
269,415,14.34,599.47,27.98,34.17,0.4941,1,1
269,418,94.33,514.89,31.64,20.55,0.7788,1,1
269,419,957.17,51.07,27.99,20.05,0.5999,1,1
269,420,73.68,401.97,40.20,40.81,0.2658,1,1
270,1,448.45,412.29,79.14,91.16,0.8948,1,1
270,2,651.31,46.88,52.56,47.33,0.8802,1,1
270,3,472.80,148.22,57.60,47.60,0.9072,1,1
270,5,396.89,219.69,31.66,45.81,0.8232,1,1
270,6,479.42,193.46,37.95,28.34,0.9104,1,1
270,7,666.87,81.39,32.62,34.72,0.8891,1,1
270,9,1460.27,0.92,35.29,31.81,0.6682,1,1
270,13,1171.28,412.21,103.42,89.19,0.9271,1,1
270,14,364.01,198.37,64.83,49.37,0.7744,1,1
270,16,898.16,144.62,79.14,67.62,0.5120,1,1
270,282,995.18,24.80,46.33,37.48,0.9040,1,1
270,328,925.35,1.81,19.98,14.79,0.8306,1,1
270,357,72.65,653.98,31.52,39.18,0.9212,1,1
270,389,530.44,270.84,35.18,23.06,0.8707,1,1
270,393,429.61,338.78,21.17,36.16,0.7141,1,1
270,397,726.74,175.71,27.13,23.12,0.8077,1,1
270,402,30.09,645.14,27.85,26.80,0.8574,1,1
270,412,510.09,368.53,31.07,35.85,0.7695,1,1
270,413,960.85,50.36,26.13,21.02,0.4129,1,1
270,415,14.62,599.36,27.71,34.26,0.5369,1,1
270,418,95.56,516.48,30.31,19.61,0.2577,1,1
271,1,448.31,419.34,77.28,84.85,0.9084,1,1
271,2,652.21,46.33,53.86,48.73,0.8883,1,1
271,3,472.45,147.24,58.04,48.21,0.9064,1,1
271,5,398.54,222.12,30.50,42.79,0.8322,1,1
271,6,479.80,193.83,36.99,27.65,0.9063,1,1
271,7,668.49,81.21,32.67,33.53,0.8789,1,1
271,9,1460.93,1.30,35.24,31.66,0.5991,1,1
271,13,1171.81,411.25,103.19,89.66,0.9240,1,1
271,14,367.06,199.12,63.25,47.14,0.8193,1,1
271,16,897.82,143.74,79.51,68.16,0.5530,1,1
271,215,669.31,207.33,86.12,66.74,0.7840,1,1
271,282,994.02,25.07,46.43,36.98,0.8988,1,1
271,328,925.35,1.52,20.14,14.89,0.8355,1,1
271,357,73.59,654.42,30.77,38.41,0.9157,1,1
271,389,531.89,274.58,37.02,23.01,0.8476,1,1
271,393,430.92,340.61,20.51,34.47,0.7738,1,1
271,397,729.39,171.83,25.51,21.09,0.6797,1,1
271,402,31.58,645.02,27.67,26.75,0.3922,1,1
271,412,513.10,371.16,29.29,33.16,0.7876,1,1
271,413,961.37,56.73,24.36,20.31,0.7717,1,1
271,415,14.41,599.06,27.67,34.39,0.4730,1,1
271,420,71.88,401.18,40.78,41.57,0.4167,1,1
271,421,1064.80,1016.72,25.32,35.76,0.2620,1,1
272,1,447.72,420.57,78.77,84.62,0.9066,1,1
272,2,653.90,45.27,52.81,46.11,0.8922,1,1
272,3,472.21,147.10,57.50,48.11,0.9093,1,1
272,5,399.91,223.44,31.23,42.13,0.8359,1,1
272,6,479.40,193.09,37.78,28.48,0.9049,1,1
272,7,670.23,79.37,33.14,33.45,0.8666,1,1
272,9,1459.14,1.19,36.37,31.19,0.7551,1,1
272,13,1172.86,409.74,101.96,88.88,0.9222,1,1
272,14,368.50,199.99,63.58,46.95,0.7867,1,1
272,16,898.49,143.36,78.43,67.36,0.7188,1,1
272,215,666.12,207.72,87.28,67.65,0.3116,1,1
272,240,1172.97,592.91,46.49,46.75,0.4133,1,1
272,254,867.21,240.36,23.58,27.63,0.4225,1,1
272,282,993.62,25.07,46.63,36.99,0.8993,1,1
272,328,925.32,1.36,20.34,15.01,0.8225,1,1
272,357,73.30,653.55,32.08,39.23,0.9173,1,1
272,389,535.08,279.05,37.30,22.52,0.8535,1,1
272,393,431.60,340.00,20.73,35.10,0.7356,1,1
272,397,729.32,163.38,26.78,20.36,0.7736,1,1
272,402,32.40,645.27,27.68,26.95,0.4516,1,1
272,412,514.89,372.44,29.00,32.93,0.3519,1,1
272,413,965.39,64.70,21.69,18.03,0.3166,1,1
272,415,13.89,599.82,27.24,33.89,0.4805,1,1
272,424,368.14,198.88,63.69,48.50,0.3703,1,1
273,1,446.89,422.02,79.38,85.82,0.8900,1,1
273,2,655.52,44.71,52.70,43.82,0.8918,1,1
273,3,472.39,146.77,57.35,47.94,0.9091,1,1
273,5,400.59,224.49,32.22,42.56,0.7711,1,1
273,6,479.34,192.30,37.84,28.80,0.9006,1,1
273,7,672.16,77.63,33.63,34.05,0.8636,1,1
273,9,1457.19,0.96,38.06,31.24,0.7293,1,1
273,13,1172.88,407.73,101.36,87.29,0.9181,1,1
273,14,370.63,201.84,61.79,44.47,0.7983,1,1
273,16,900.49,142.94,76.45,65.20,0.5834,1,1
273,240,1174.72,593.73,45.77,47.06,0.4359,1,1
273,254,866.72,240.20,22.61,25.68,0.5185,1,1
273,282,993.23,25.07,46.23,36.36,0.8993,1,1
273,328,925.32,1.32,20.30,15.09,0.8125,1,1
273,357,72.91,653.04,32.72,39.80,0.9182,1,1
273,389,539.57,281.09,34.45,21.48,0.8308,1,1
273,393,432.64,341.92,20.12,33.63,0.8249,1,1
273,397,728.60,156.05,28.66,21.10,0.5725,1,1
273,412,516.92,375.41,26.86,30.30,0.4932,1,1
273,415,14.57,599.11,27.32,34.29,0.6785,1,1
273,421,1064.55,1016.76,25.82,36.22,0.2626,1,1
274,1,447.01,422.06,79.19,85.76,0.8887,1,1
274,2,655.03,44.71,53.69,43.75,0.8921,1,1
274,3,472.38,146.84,57.32,47.81,0.9089,1,1
274,5,400.52,224.53,32.68,42.58,0.7719,1,1
274,6,479.40,192.20,37.74,28.86,0.9002,1,1
274,7,672.23,77.60,33.59,34.06,0.8633,1,1
274,9,1456.57,0.95,39.13,31.23,0.7272,1,1
274,13,1172.69,407.74,101.74,87.28,0.9180,1,1
274,14,370.28,201.93,62.58,44.35,0.8001,1,1
274,16,900.54,142.90,76.63,64.98,0.5865,1,1
274,240,1175.31,593.87,45.00,47.14,0.4387,1,1
274,254,866.53,240.17,22.64,25.38,0.5173,1,1
274,282,993.09,25.03,46.46,36.37,0.9004,1,1
274,328,925.37,1.32,20.21,15.10,0.8124,1,1
274,357,72.86,653.01,32.79,39.82,0.9182,1,1
274,389,540.06,281.09,33.70,21.48,0.8318,1,1
274,393,432.64,341.98,20.19,33.56,0.8252,1,1
274,397,728.02,155.00,29.95,21.35,0.5860,1,1
274,412,517.15,375.82,26.66,29.88,0.5298,1,1
274,415,14.70,599.04,27.20,34.33,0.6913,1,1
274,421,1064.30,1016.80,26.26,36.63,0.2585,1,1
274,427,809.02,1016.08,29.63,24.42,0.8038,1,1
275,1,446.53,422.72,79.26,85.94,0.9128,1,1
275,2,655.94,44.00,54.17,44.53,0.9022,1,1
275,3,472.46,146.84,57.22,47.50,0.9076,1,1
275,5,399.65,226.40,33.23,40.89,0.7954,1,1
275,6,478.96,191.24,38.31,29.43,0.8973,1,1
275,7,673.86,76.87,33.34,33.63,0.8662,1,1
275,9,1457.89,1.11,39.13,31.33,0.7291,1,1
275,13,1172.52,404.77,100.48,85.58,0.9113,1,1
275,14,370.31,202.27,64.15,45.44,0.8308,1,1
275,16,900.32,142.68,77.24,65.35,0.6154,1,1
275,254,865.30,238.99,20.11,22.49,0.7512,1,1
275,282,992.33,25.37,46.92,36.38,0.9011,1,1
275,328,925.24,1.07,19.86,14.93,0.7920,1,1
275,357,73.78,654.30,32.38,39.01,0.9183,1,1
275,389,536.97,281.89,36.14,22.29,0.8154,1,1
275,393,433.19,342.75,19.72,32.75,0.7486,1,1
275,397,729.70,146.01,32.15,20.72,0.8125,1,1
275,412,517.36,376.08,26.76,29.95,0.3067,1,1
275,415,15.11,598.82,27.03,34.22,0.5918,1,1
275,421,1064.03,1016.72,26.68,37.02,0.2752,1,1
275,430,951.23,1008.37,44.39,55.84,0.7635,1,1
275,431,701.41,159.19,26.61,19.28,0.8154,1,1
276,1,446.29,422.87,79.26,86.41,0.9016,1,1
276,2,656.81,42.96,53.53,43.45,0.8940,1,1
276,3,472.76,146.21,57.30,47.57,0.9066,1,1
276,5,400.70,226.56,33.94,40.74,0.8348,1,1
276,6,478.69,190.72,38.55,29.77,0.8943,1,1
276,7,675.20,74.72,33.88,34.93,0.8702,1,1
276,9,1458.28,0.83,38.95,31.44,0.7618,1,1
276,13,1170.88,401.69,101.06,85.34,0.9199,1,1
276,14,370.92,202.28,64.30,44.82,0.8462,1,1
276,16,899.94,142.20,78.50,66.73,0.7117,1,1
276,254,860.49,232.08,22.92,25.40,0.7111,1,1
276,282,992.32,25.47,46.93,36.08,0.8996,1,1
276,328,925.09,0.96,19.59,14.86,0.7628,1,1
276,357,74.88,656.09,31.80,37.65,0.9195,1,1
276,389,536.17,280.77,38.09,23.96,0.8560,1,1
276,393,433.83,343.31,19.65,32.44,0.7448,1,1
276,397,733.53,135.01,32.41,21.26,0.8561,1,1
276,412,517.46,375.82,26.52,29.61,0.3578,1,1
276,415,16.14,598.89,26.60,34.02,0.4376,1,1
276,421,1064.12,1016.49,26.40,36.10,0.4425,1,1
276,430,948.52,1012.75,50.24,59.27,0.8804,1,1
276,431,708.16,151.74,25.92,19.17,0.7282,1,1
277,1,446.17,422.35,79.63,88.19,0.9093,1,1
277,2,657.50,41.85,53.69,43.80,0.8985,1,1
277,3,472.78,145.59,57.28,47.29,0.9036,1,1
277,5,401.63,227.24,33.85,40.02,0.8196,1,1
277,6,478.57,190.04,38.77,29.79,0.8895,1,1
277,7,677.15,73.14,33.08,35.74,0.8820,1,1
277,9,1459.49,0.24,38.33,31.46,0.7702,1,1
277,13,1166.17,396.97,103.86,85.52,0.9222,1,1
277,14,371.86,203.13,63.68,43.23,0.8750,1,1
277,16,899.66,141.45,80.00,70.11,0.8040,1,1
277,254,855.97,223.67,24.48,29.00,0.7697,1,1
277,282,992.24,24.94,47.37,36.81,0.9037,1,1
277,328,925.09,0.83,19.24,14.65,0.7494,1,1
277,357,76.19,657.94,30.38,35.80,0.9224,1,1
277,389,535.84,280.04,38.32,24.21,0.8648,1,1
277,393,434.15,343.77,19.84,32.68,0.6596,1,1
277,397,738.27,124.84,31.18,22.82,0.8762,1,1
277,415,16.31,598.84,26.43,34.05,0.3180,1,1
277,421,1063.95,1016.50,26.74,36.18,0.4907,1,1
277,430,951.96,1013.89,56.73,58.84,0.7985,1,1
278,1,446.03,423.13,79.49,89.12,0.9126,1,1
278,2,658.07,41.03,53.63,44.03,0.8957,1,1
278,3,473.47,145.47,56.51,46.28,0.8966,1,1
278,5,402.00,227.46,33.90,39.79,0.7751,1,1
278,6,478.65,189.25,39.12,30.14,0.8878,1,1
278,7,679.52,70.74,31.96,36.26,0.8738,1,1
278,9,1460.67,0.81,37.47,31.12,0.6205,1,1
278,13,1164.94,392.69,103.22,83.95,0.8907,1,1
278,14,371.62,203.44,64.70,43.26,0.8725,1,1
278,16,900.11,141.15,80.51,70.98,0.5950,1,1
278,240,1180.48,595.72,40.77,46.34,0.6503,1,1
278,254,857.34,218.22,22.01,26.45,0.7897,1,1
278,282,992.41,24.97,47.23,36.86,0.9018,1,1
278,328,924.99,0.78,19.06,14.67,0.7583,1,1
278,333,1157.54,445.61,58.32,53.81,0.4261,1,1
278,357,77.39,660.02,28.22,34.06,0.9156,1,1
278,389,535.37,279.09,38.75,24.59,0.8632,1,1
278,393,434.01,344.50,19.95,32.43,0.7562,1,1
278,397,743.77,112.67,32.42,24.52,0.7663,1,1
278,415,16.51,598.89,25.95,33.55,0.3163,1,1
278,430,945.51,1026.75,40.84,41.01,0.6689,1,1
279,1,446.32,423.08,78.89,90.46,0.9093,1,1
279,2,659.53,40.25,52.51,41.87,0.8847,1,1
279,3,474.10,144.90,56.72,45.92,0.8860,1,1
279,5,402.25,227.71,33.92,39.90,0.7482,1,1
279,6,479.45,188.91,38.74,29.51,0.8865,1,1
279,7,680.95,67.47,31.34,38.66,0.8819,1,1
279,9,1461.77,0.89,36.46,30.40,0.6248,1,1
279,13,1163.32,389.68,103.41,82.00,0.9221,1,1
279,14,371.83,204.13,64.45,42.33,0.8692,1,1
279,16,901.22,140.54,79.43,73.21,0.7958,1,1
279,240,1185.57,600.91,35.91,41.81,0.5746,1,1
279,282,993.16,25.33,48.03,37.23,0.9022,1,1
279,328,925.29,0.74,18.74,14.42,0.6930,1,1
279,333,1162.67,446.98,54.19,48.99,0.2905,1,1
279,357,78.00,661.23,26.82,32.72,0.9019,1,1
279,389,535.54,278.79,39.35,24.78,0.8608,1,1
279,393,433.96,344.93,20.18,32.68,0.5728,1,1
279,397,748.57,101.99,31.02,23.80,0.7293,1,1
279,415,16.96,598.42,26.00,33.90,0.3367,1,1
280,1,446.66,423.05,78.29,90.50,0.9103,1,1
280,2,659.19,40.24,53.19,41.90,0.8846,1,1
280,3,473.98,144.93,56.95,45.79,0.8867,1,1
280,5,402.22,227.82,33.86,39.84,0.7645,1,1
280,6,479.28,188.75,39.01,29.61,0.8885,1,1
280,7,681.52,67.42,30.21,38.70,0.8818,1,1
280,9,1461.94,0.92,36.29,30.37,0.6354,1,1
280,13,1162.96,389.67,104.05,81.98,0.9219,1,1
280,14,371.60,204.13,64.98,42.32,0.8668,1,1
280,16,902.07,140.52,77.76,73.31,0.7947,1,1
280,240,1186.51,601.63,34.75,41.13,0.5681,1,1
280,282,993.11,25.35,48.14,37.24,0.9021,1,1
280,328,925.31,0.74,18.71,14.40,0.6917,1,1
280,333,1164.05,447.43,53.25,47.51,0.2903,1,1
280,357,78.06,661.24,26.70,32.71,0.9019,1,1
280,389,535.13,278.75,39.76,24.80,0.8619,1,1
280,393,433.93,345.19,20.22,32.54,0.6451,1,1
280,397,749.03,101.33,30.59,23.75,0.7287,1,1
280,415,17.12,598.33,25.88,34.01,0.3363,1,1
280,435,961.72,994.27,38.06,43.56,0.2995,1,1
280,436,910.09,81.51,29.23,22.98,0.7885,1,1
281,1,446.76,422.14,77.99,91.34,0.9070,1,1
281,2,660.22,38.99,53.09,41.02,0.8874,1,1
281,3,474.40,144.73,56.83,45.49,0.8842,1,1
281,5,402.05,227.68,33.87,39.92,0.7444,1,1
281,6,479.37,188.45,39.28,29.70,0.8980,1,1
281,7,683.34,65.86,29.74,39.20,0.8773,1,1
281,9,1462.54,0.71,36.00,30.37,0.6328,1,1
281,13,1162.13,386.35,102.42,79.81,0.9245,1,1
281,14,371.76,203.58,64.79,42.25,0.8676,1,1
281,16,903.02,140.22,76.52,72.88,0.7607,1,1
281,282,993.14,25.24,48.78,37.75,0.9108,1,1
281,328,925.23,0.65,18.43,14.27,0.6798,1,1
281,333,1154.80,442.92,58.39,49.40,0.4051,1,1
281,357,79.74,664.35,25.58,30.32,0.9030,1,1
281,389,535.93,279.20,40.89,25.78,0.8690,1,1
281,393,433.73,344.38,20.75,33.37,0.3892,1,1
281,397,751.00,90.08,33.85,27.42,0.7410,1,1
281,435,954.70,976.02,50.45,58.70,0.7535,1,1
281,436,905.68,80.97,30.64,24.24,0.3710,1,1
281,437,188.32,499.44,30.90,33.13,0.6397,1,1
282,1,447.19,421.77,78.36,91.55,0.8431,1,1
282,2,661.90,38.68,51.74,38.05,0.8898,1,1
282,3,475.11,144.84,56.69,45.16,0.8724,1,1
282,5,401.00,228.58,33.79,39.26,0.7523,1,1
282,6,479.33,188.24,39.66,29.95,0.9018,1,1
282,7,684.06,64.18,29.77,39.89,0.8745,1,1
282,9,1461.98,0.41,37.07,31.19,0.7426,1,1
282,13,1162.44,384.44,99.89,77.28,0.9023,1,1
282,14,370.95,203.02,65.78,43.75,0.8705,1,1
282,16,903.43,139.93,75.64,73.47,0.7992,1,1
282,282,993.58,25.57,48.19,37.54,0.9146,1,1
282,328,925.16,0.59,18.27,14.29,0.6489,1,1
282,333,1149.68,437.92,64.08,52.86,0.4910,1,1
282,357,80.08,665.31,24.50,29.41,0.9012,1,1
282,389,533.73,280.41,42.73,27.38,0.8705,1,1
282,393,433.92,345.27,20.20,32.38,0.6792,1,1
282,435,960.87,959.70,47.62,54.18,0.6427,1,1
282,437,184.09,492.66,32.02,33.75,0.7815,1,1
283,1,447.11,422.36,78.16,91.32,0.8467,1,1
283,2,662.87,38.34,51.83,37.14,0.8940,1,1
283,3,475.11,144.51,56.90,45.12,0.8619,1,1
283,5,398.21,228.70,34.73,39.68,0.7931,1,1
283,6,479.53,187.88,39.99,30.18,0.9053,1,1
283,7,685.20,63.36,29.26,39.76,0.8752,1,1
283,9,1461.67,0.37,37.45,31.48,0.7962,1,1
283,13,1156.50,382.08,102.30,75.39,0.9096,1,1
283,14,370.97,203.01,63.75,43.13,0.8786,1,1
283,16,906.03,140.34,72.07,69.18,0.7811,1,1
283,282,994.17,25.65,47.98,37.97,0.9177,1,1
283,328,925.38,0.61,18.24,14.24,0.6364,1,1
283,333,1148.05,435.75,65.98,53.18,0.7996,1,1
283,357,80.38,664.56,24.56,30.27,0.8897,1,1
283,389,530.66,280.74,46.01,31.75,0.8820,1,1
283,393,433.67,345.69,20.19,31.88,0.7861,1,1
283,437,182.66,487.62,32.39,33.18,0.7180,1,1
283,438,589.59,601.07,30.64,39.52,0.4445,1,1
284,1,446.33,421.44,77.59,92.68,0.8625,1,1
284,2,663.19,37.97,52.92,38.45,0.8924,1,1
284,3,475.26,144.39,56.80,44.88,0.8536,1,1
284,5,397.58,228.46,34.53,40.14,0.8274,1,1
284,6,479.05,187.93,40.19,30.28,0.9010,1,1
284,7,685.50,63.99,29.09,38.96,0.8610,1,1
284,9,1461.48,0.34,37.50,31.46,0.8354,1,1
284,13,1152.24,377.94,105.11,78.02,0.9035,1,1
284,14,370.26,203.77,62.53,42.45,0.8487,1,1
284,16,905.91,140.07,72.06,68.66,0.7295,1,1
284,282,994.89,25.60,48.94,38.73,0.9198,1,1
284,314,974.84,42.12,14.06,19.94,0.7381,1,1
284,328,925.49,0.69,18.58,14.42,0.6458,1,1
284,333,1146.21,433.59,67.39,53.31,0.7112,1,1
284,357,79.94,662.43,25.62,32.45,0.9010,1,1
284,389,529.46,281.16,45.01,33.68,0.8967,1,1
284,393,432.86,346.55,20.29,31.33,0.7767,1,1
284,437,181.99,484.89,32.09,31.30,0.8037,1,1
284,438,589.38,601.09,30.70,39.59,0.2629,1,1
284,440,146.02,510.18,50.01,30.22,0.8570,1,1
285,1,446.31,420.15,77.09,94.03,0.8896,1,1
285,2,664.29,38.19,52.95,38.81,0.8950,1,1
285,3,475.19,144.39,56.84,44.81,0.8607,1,1
285,5,397.09,227.52,33.63,40.85,0.8386,1,1
285,6,479.01,188.14,39.94,30.09,0.8991,1,1
285,7,687.22,63.82,29.28,38.47,0.8641,1,1
285,9,1460.85,0.02,37.71,31.68,0.8481,1,1
285,13,1149.54,374.22,104.90,79.71,0.8943,1,1
285,14,367.50,201.91,64.39,44.76,0.8662,1,1
285,16,906.26,139.23,72.44,68.70,0.7913,1,1
285,282,995.73,25.53,50.41,39.32,0.9219,1,1
285,314,975.81,41.76,14.60,20.15,0.7659,1,1
285,328,925.40,0.68,18.73,14.52,0.6471,1,1
285,333,1148.63,432.60,66.47,52.62,0.7065,1,1
285,357,78.82,659.28,27.05,35.63,0.9034,1,1
285,389,529.09,282.46,42.06,34.16,0.8962,1,1
285,415,16.53,598.82,26.34,35.05,0.3157,1,1
285,437,180.30,482.05,32.31,30.92,0.7427,1,1
285,440,148.67,509.14,49.31,29.63,0.8655,1,1
285,446,959.50,1035.96,42.02,36.25,0.5703,1,1
286,1,446.59,420.14,76.46,94.06,0.8912,1,1
286,2,664.39,38.19,52.75,38.78,0.8949,1,1
286,3,475.21,144.41,56.85,44.77,0.8588,1,1
286,5,397.47,227.46,32.85,40.86,0.8460,1,1
286,6,479.00,188.13,39.98,30.10,0.8986,1,1
286,7,687.12,63.82,29.54,38.45,0.8640,1,1
286,9,1460.87,0.00,37.67,31.70,0.8495,1,1
286,13,1150.05,374.27,103.80,79.60,0.8949,1,1
286,14,367.79,201.90,63.74,44.78,0.8640,1,1
286,16,906.19,139.22,72.60,68.66,0.7957,1,1
286,282,995.63,25.53,50.62,39.31,0.9219,1,1
286,314,975.80,41.72,14.76,20.17,0.7711,1,1
286,328,925.40,0.69,18.76,14.53,0.6462,1,1
286,333,1148.81,432.53,66.42,52.57,0.7093,1,1
286,357,78.98,659.24,26.71,35.67,0.9033,1,1
286,389,529.76,282.47,40.67,34.18,0.8962,1,1
286,415,16.65,598.90,26.10,35.07,0.3249,1,1
286,437,179.99,481.91,32.76,30.94,0.7402,1,1
286,440,148.65,509.13,49.42,29.63,0.8657,1,1
286,446,959.38,1035.81,42.74,36.62,0.5596,1,1
287,1,446.64,419.85,76.36,94.65,0.8686,1,1
287,2,665.55,38.46,52.52,39.00,0.8954,1,1
287,3,475.38,144.41,56.84,44.73,0.8487,1,1
287,5,394.35,227.83,34.08,41.90,0.8603,1,1
287,6,478.97,187.74,39.74,29.87,0.9007,1,1
287,7,687.79,64.02,29.56,38.06,0.8818,1,1
287,9,1460.97,0.15,37.54,31.25,0.8442,1,1
287,13,1147.71,374.46,100.37,76.32,0.8009,1,1
287,14,365.39,201.57,64.16,45.38,0.8625,1,1
287,16,906.61,138.63,72.06,69.05,0.8335,1,1
287,157,985.11,862.01,46.93,50.89,0.5505,1,1
287,282,995.88,25.50,51.05,40.04,0.9223,1,1
287,314,976.22,41.15,15.06,20.49,0.7821,1,1
287,328,925.29,0.66,18.69,14.46,0.6373,1,1
287,333,1146.71,431.26,67.60,52.19,0.7532,1,1
287,357,74.28,654.79,31.44,39.57,0.9056,1,1
287,389,528.56,283.69,36.18,31.27,0.8765,1,1
287,393,430.90,347.52,19.65,29.76,0.5420,1,1
287,415,17.07,599.26,25.73,34.52,0.4080,1,1
287,437,180.04,481.34,31.61,30.29,0.7818,1,1
287,440,149.97,507.12,45.53,26.66,0.7303,1,1
287,446,957.98,1033.91,51.60,42.85,0.6047,1,1
287,448,1139.92,554.28,44.06,33.91,0.7644,1,1
288,1,447.37,420.50,75.64,93.99,0.8655,1,1
288,2,666.16,38.12,53.51,41.07,0.8932,1,1
288,3,474.40,144.57,57.24,44.55,0.8591,1,1
288,5,389.31,228.28,35.89,42.08,0.8867,1,1
288,6,478.68,187.80,39.90,29.82,0.8998,1,1
288,7,688.81,63.99,29.74,38.36,0.8794,1,1
288,9,1460.32,0.05,38.11,31.35,0.8383,1,1
288,13,1144.90,370.62,104.58,80.10,0.6647,1,1
288,14,362.57,201.78,64.81,45.98,0.8336,1,1
288,16,907.03,137.63,70.64,68.18,0.8534,1,1
288,282,996.70,25.93,51.32,40.36,0.9221,1,1
288,314,976.70,40.46,15.57,21.13,0.7687,1,1
288,328,925.36,0.54,18.53,14.23,0.5959,1,1
288,333,1135.87,425.68,74.36,56.17,0.7798,1,1
288,357,71.30,651.70,34.43,40.93,0.8693,1,1
288,389,522.59,285.20,36.66,31.43,0.8852,1,1
288,393,428.88,346.49,20.66,30.93,0.7148,1,1
288,415,16.00,598.71,26.57,35.62,0.4740,1,1
288,437,180.01,480.45,30.45,29.34,0.6380,1,1
288,440,156.93,507.35,44.88,26.66,0.6032,1,1
288,446,971.27,1034.63,51.76,43.91,0.2772,1,1
288,448,1139.15,549.60,46.12,37.64,0.8381,1,1
289,1,447.52,420.22,75.50,94.06,0.8821,1,1
289,2,667.10,38.20,52.75,40.68,0.8877,1,1
289,3,474.07,144.62,57.33,44.19,0.8696,1,1
289,5,387.36,229.13,35.98,42.36,0.8902,1,1
289,6,479.40,187.98,38.84,28.89,0.8776,1,1
289,7,689.33,63.31,30.06,39.21,0.8758,1,1
289,9,1460.72,0.30,37.98,31.18,0.7811,1,1
289,13,1139.30,368.12,102.38,79.47,0.8534,1,1
289,14,359.00,202.60,65.69,46.07,0.8566,1,1
289,16,906.87,137.20,71.26,69.14,0.7567,1,1
289,282,996.68,26.11,51.75,40.41,0.9230,1,1
289,314,976.76,40.91,15.57,21.27,0.7973,1,1
289,328,925.50,0.40,18.77,14.40,0.6177,1,1
289,333,1131.83,424.42,73.60,55.17,0.8407,1,1
289,357,71.71,650.74,37.78,42.76,0.7651,1,1
289,389,519.51,287.64,35.99,31.09,0.8830,1,1
289,393,427.90,345.37,21.01,31.66,0.2742,1,1
289,415,15.54,598.37,27.40,36.95,0.4581,1,1
289,437,179.42,479.68,30.60,29.79,0.5872,1,1
289,440,156.91,507.76,44.73,26.46,0.3057,1,1
289,448,1140.49,544.54,47.93,40.47,0.8314,1,1
290,1,447.62,419.93,75.13,94.11,0.8825,1,1
290,2,667.69,38.60,52.48,40.53,0.8839,1,1
290,3,473.86,144.80,57.30,44.04,0.8733,1,1
290,5,383.96,229.18,36.48,42.28,0.8923,1,1
290,6,479.70,188.25,38.51,28.50,0.8783,1,1
290,7,690.40,64.06,29.05,37.80,0.8747,1,1
290,9,1460.78,0.30,37.37,30.52,0.7042,1,1
290,13,1136.21,367.06,101.83,79.35,0.8627,1,1
290,14,358.31,204.97,62.23,43.49,0.2868,1,1
290,16,906.29,136.27,71.48,69.59,0.6684,1,1
290,282,998.11,26.25,51.24,40.40,0.9240,1,1
290,314,977.98,41.55,15.08,20.49,0.4770,1,1
290,328,925.69,0.38,18.75,14.35,0.4730,1,1
290,333,1132.73,424.58,69.59,53.02,0.8487,1,1
290,357,70.76,646.63,39.59,43.53,0.5617,1,1
290,389,511.29,290.17,37.09,29.51,0.8690,1,1
290,402,26.82,648.09,25.64,23.93,0.6532,1,1
290,415,14.91,598.67,27.45,36.99,0.5003,1,1
290,424,355.72,204.88,65.04,44.52,0.7639,1,1
290,437,179.38,479.02,30.89,30.33,0.3334,1,1
290,440,161.43,507.79,42.03,24.52,0.5382,1,1
290,448,1143.50,541.62,46.00,40.62,0.8691,1,1
290,452,963.48,97.94,17.07,23.93,0.7600,1,1
291,1,447.70,419.98,74.76,93.89,0.8677,1,1
291,2,668.36,38.85,51.07,38.50,0.8863,1,1
291,3,473.53,144.75,57.26,43.77,0.8720,1,1
291,5,383.76,228.08,35.25,44.77,0.8948,1,1
291,6,479.11,187.61,38.80,28.63,0.8724,1,1
291,7,690.14,62.95,29.25,38.59,0.8741,1,1
291,9,1460.95,0.43,37.78,31.44,0.7290,1,1
291,13,1135.06,366.06,99.39,76.98,0.8933,1,1
291,14,353.04,204.95,64.75,44.98,0.7494,1,1
291,16,906.33,135.88,71.28,69.85,0.6430,1,1
291,282,998.45,26.26,50.95,40.58,0.9236,1,1
291,314,978.40,42.15,15.06,20.37,0.2503,1,1
291,328,925.97,0.51,18.90,14.44,0.5465,1,1
291,333,1134.75,424.53,65.01,51.01,0.8825,1,1
291,357,65.30,640.82,38.19,39.62,0.7578,1,1
291,389,507.24,291.21,37.32,28.85,0.8573,1,1
291,402,23.67,645.16,28.46,27.16,0.4210,1,1
291,437,179.51,478.93,30.76,30.47,0.2643,1,1
291,440,162.38,507.56,40.60,23.42,0.2999,1,1
291,448,1145.26,536.88,46.26,41.64,0.7752,1,1
291,452,965.04,98.29,17.05,24.15,0.4492,1,1
292,1,447.76,419.98,74.67,93.86,0.8692,1,1
292,2,668.06,38.86,51.66,38.66,0.8860,1,1
292,3,473.49,144.77,57.33,43.72,0.8673,1,1
292,5,384.39,228.03,33.97,44.85,0.8954,1,1
292,6,479.06,187.49,38.94,28.71,0.8732,1,1
292,7,690.21,62.95,29.08,38.59,0.8743,1,1
292,9,1461.25,0.46,37.18,31.20,0.7396,1,1
292,13,1134.90,365.99,99.71,77.08,0.8920,1,1
292,14,352.81,205.01,65.08,44.99,0.7554,1,1
292,16,906.64,135.86,70.89,69.80,0.6413,1,1
292,282,998.52,26.27,50.79,40.57,0.9236,1,1
292,328,926.01,0.54,18.92,14.44,0.5505,1,1
292,333,1135.09,424.48,64.30,51.06,0.8831,1,1
292,357,64.39,640.52,39.38,39.43,0.7584,1,1
292,389,506.87,291.24,37.88,28.83,0.8571,1,1
292,402,23.14,644.48,28.78,27.93,0.4180,1,1
292,437,179.74,479.02,30.52,30.52,0.2664,1,1
292,440,162.25,507.55,40.70,23.22,0.3116,1,1
292,448,1145.70,536.66,45.62,41.67,0.7614,1,1
292,452,965.41,98.53,16.87,24.17,0.4542,1,1
292,456,60.23,339.29,61.80,64.98,0.5155,1,1
293,1,447.73,419.77,74.57,93.88,0.8806,1,1
293,2,669.03,38.84,49.86,34.66,0.8900,1,1
293,3,472.86,144.55,57.22,43.56,0.8653,1,1
293,5,380.99,227.86,34.38,45.74,0.9019,1,1
293,6,478.52,187.30,38.82,28.67,0.8763,1,1
293,7,691.29,59.91,29.33,41.06,0.8752,1,1
293,9,1461.15,0.33,37.18,31.78,0.7982,1,1
293,13,1132.78,364.37,100.46,76.48,0.8656,1,1
293,14,350.86,206.31,63.88,44.10,0.4332,1,1
293,16,906.33,135.32,70.71,70.69,0.7096,1,1
293,282,998.68,26.50,51.35,40.69,0.9248,1,1
293,314,978.09,43.50,15.05,20.20,0.5089,1,1
293,328,926.14,0.58,19.24,14.71,0.6414,1,1
293,333,1131.54,421.61,65.28,52.74,0.8370,1,1
293,357,59.53,638.20,42.46,41.72,0.8441,1,1
293,389,500.91,293.99,40.26,30.13,0.8765,1,1
293,424,350.67,206.23,64.35,43.24,0.7051,1,1
293,437,180.16,478.97,29.70,29.98,0.2954,1,1
293,440,157.86,507.13,42.46,23.81,0.4324,1,1
293,448,1147.62,535.59,44.16,40.51,0.6869,1,1
293,452,965.77,101.70,15.83,22.90,0.6934,1,1
293,456,60.33,338.99,62.33,65.49,0.3836,1,1
293,457,969.73,840.38,49.83,46.39,0.8055,1,1
294,1,447.81,419.38,74.89,94.36,0.8825,1,1
294,2,668.12,38.95,51.33,34.78,0.8865,1,1
294,3,472.60,144.56,56.76,43.08,0.8791,1,1
294,5,376.91,230.82,34.38,43.55,0.9222,1,1
294,6,478.45,186.54,38.77,28.90,0.8862,1,1
294,7,692.34,59.08,28.44,41.77,0.8656,1,1
294,9,1461.12,0.10,36.80,31.78,0.8311,1,1
294,13,1127.69,362.38,102.50,76.12,0.8484,1,1
294,14,346.09,206.98,65.99,45.25,0.7950,1,1
294,16,908.07,135.07,67.74,67.01,0.6363,1,1
294,282,998.71,26.24,51.60,41.18,0.9254,1,1
294,314,977.96,44.89,15.25,20.17,0.6094,1,1
294,328,926.26,0.72,19.48,14.84,0.7626,1,1
294,333,1124.70,419.27,68.73,55.10,0.5903,1,1
294,357,61.20,636.80,39.11,37.21,0.7610,1,1
294,389,498.10,297.07,40.79,30.91,0.8837,1,1
294,448,1147.87,532.76,45.51,41.95,0.4995,1,1
294,452,965.10,103.11,15.32,22.36,0.6501,1,1
294,457,966.84,840.09,51.09,47.04,0.5601,1,1
295,1,447.84,419.51,75.03,94.46,0.8806,1,1
295,2,667.11,39.05,52.25,35.60,0.8876,1,1
295,3,471.74,143.48,56.72,43.08,0.8486,1,1
295,5,374.01,231.01,34.71,42.85,0.9147,1,1
295,6,478.14,186.26,38.04,28.73,0.8648,1,1
295,7,690.04,59.50,29.09,41.49,0.8610,1,1
295,9,1461.66,0.29,35.95,31.19,0.6347,1,1
295,13,1123.49,360.51,104.08,77.30,0.8529,1,1
295,14,343.44,206.91,64.08,43.27,0.8485,1,1
295,282,999.76,26.56,51.22,41.09,0.9250,1,1
295,314,977.98,47.33,15.00,19.51,0.5746,1,1
295,328,926.20,0.86,19.40,14.72,0.7842,1,1
295,333,1118.79,417.92,71.71,55.12,0.7732,1,1
295,357,59.10,635.21,42.73,40.24,0.6778,1,1
295,389,494.81,297.70,41.37,32.15,0.8823,1,1
295,437,182.73,479.76,29.33,30.26,0.5905,1,1
295,448,1148.29,529.13,45.17,41.90,0.2755,1,1
295,452,963.81,105.67,15.80,23.15,0.6195,1,1
295,457,964.27,840.62,52.92,46.57,0.6261,1,1
296,1,447.76,419.57,75.16,94.65,0.8882,1,1
296,2,667.19,39.07,50.49,34.36,0.8794,1,1
296,3,471.17,142.42,56.68,43.20,0.8512,1,1
296,5,371.43,231.61,34.17,42.07,0.9093,1,1
296,6,477.12,184.60,38.44,29.39,0.8795,1,1
296,7,688.49,58.47,29.87,42.32,0.8743,1,1
296,9,1461.29,0.73,35.28,30.69,0.6871,1,1
296,13,1121.82,358.72,105.01,77.82,0.8392,1,1
296,14,339.43,207.62,64.54,43.82,0.8461,1,1
296,215,655.44,206.81,82.30,63.44,0.6516,1,1
296,282,1000.16,26.58,51.83,41.51,0.9248,1,1
296,314,975.75,48.78,16.04,19.63,0.5994,1,1
296,328,925.86,0.98,19.64,14.94,0.8109,1,1
296,333,1120.13,417.78,71.89,53.71,0.7878,1,1
296,357,58.30,634.20,42.68,40.25,0.7383,1,1
296,389,492.44,300.03,41.56,32.14,0.8812,1,1
296,437,182.98,480.20,30.07,31.79,0.6254,1,1
296,448,1147.30,527.40,46.38,43.41,0.2984,1,1
296,457,965.84,841.47,52.87,42.82,0.7885,1,1
296,462,887.62,202.08,19.23,16.22,0.4738,1,1
297,1,447.85,420.07,74.93,93.77,0.8980,1,1
297,2,666.47,39.04,49.77,33.78,0.8804,1,1
297,3,469.89,141.60,57.08,43.35,0.8537,1,1
297,5,368.38,231.57,34.95,43.42,0.8976,1,1
297,6,476.92,183.77,38.25,29.36,0.8848,1,1
297,7,687.22,57.89,29.68,42.39,0.8691,1,1
297,9,1461.32,0.58,35.07,30.56,0.7394,1,1
297,13,1121.09,358.24,104.44,77.40,0.8344,1,1
297,14,337.52,209.53,62.68,42.48,0.8463,1,1
297,16,902.34,133.98,72.95,73.34,0.3836,1,1
297,215,656.35,206.20,83.54,64.36,0.5740,1,1
297,282,1000.62,26.64,51.83,41.63,0.9247,1,1
297,314,976.20,48.84,15.79,17.60,0.6638,1,1
297,328,925.96,1.05,19.34,14.81,0.8016,1,1
297,333,1119.96,418.58,67.17,51.79,0.7915,1,1
297,357,59.49,633.10,38.95,35.73,0.7474,1,1
297,389,489.94,303.22,40.77,29.34,0.8547,1,1
297,437,182.80,480.72,30.10,31.98,0.4482,1,1
297,448,1147.86,527.85,45.71,43.04,0.3745,1,1
297,457,964.33,843.15,53.23,41.15,0.6986,1,1
297,467,800.76,87.00,32.43,21.22,0.5827,1,1
298,1,447.78,420.04,75.06,93.73,0.8981,1,1
298,2,666.43,39.04,49.83,33.79,0.8803,1,1
298,3,469.85,141.54,57.16,43.38,0.8527,1,1
298,5,368.39,231.53,34.87,43.48,0.8975,1,1
298,6,476.94,183.75,38.18,29.36,0.8846,1,1
298,7,687.23,57.88,29.60,42.41,0.8695,1,1
298,9,1461.37,0.56,35.00,30.53,0.7450,1,1
298,13,1121.05,358.19,104.48,77.47,0.8330,1,1
298,14,337.46,209.50,62.80,42.53,0.8477,1,1
298,16,902.39,133.91,72.46,73.99,0.4034,1,1
298,215,656.50,206.10,83.74,64.51,0.5919,1,1
298,282,1000.65,26.64,51.80,41.65,0.9247,1,1
298,314,975.88,48.83,16.53,17.45,0.6527,1,1
298,328,926.00,1.04,19.27,14.80,0.8005,1,1
298,333,1120.58,418.60,65.78,51.74,0.7922,1,1
298,357,59.27,633.03,39.39,35.50,0.7497,1,1
298,389,488.96,303.17,42.46,29.38,0.8539,1,1
298,437,182.80,480.75,30.10,32.16,0.4434,1,1
298,448,1148.14,528.00,45.33,42.93,0.3688,1,1
298,457,963.26,843.21,55.26,41.10,0.7167,1,1
298,467,799.40,87.20,32.92,21.12,0.5799,1,1
299,1,447.35,420.31,75.17,94.39,0.8702,1,1
299,2,664.92,38.74,50.84,35.45,0.8758,1,1
299,3,468.83,140.41,56.94,43.03,0.8849,1,1
299,5,365.99,231.76,34.88,43.28,0.9087,1,1
299,6,478.24,182.78,37.19,29.66,0.8390,1,1
299,7,685.97,58.98,29.01,40.74,0.8624,1,1
299,9,1460.29,0.48,36.22,32.45,0.7860,1,1
299,13,1113.04,355.11,107.34,79.83,0.8648,1,1
299,14,333.68,209.28,65.32,44.35,0.7207,1,1
299,16,903.61,134.34,70.94,73.34,0.4541,1,1
299,215,656.93,205.85,83.20,64.23,0.3798,1,1
299,282,1000.68,26.53,52.32,42.39,0.9242,1,1
299,314,976.90,47.79,16.66,17.34,0.6154,1,1
299,328,926.11,0.94,19.46,15.01,0.8276,1,1
299,333,1122.27,418.30,63.15,51.70,0.8339,1,1
299,357,56.72,632.11,42.84,37.06,0.7825,1,1
299,389,490.18,307.73,39.20,25.97,0.8684,1,1
299,437,182.09,481.41,30.44,32.53,0.6039,1,1
299,448,1148.14,529.16,44.88,42.28,0.3092,1,1
299,457,966.37,843.95,51.67,36.72,0.6909,1,1
299,467,791.55,86.94,33.50,21.21,0.2960,1,1
299,468,956.47,59.89,21.89,20.18,0.7783,1,1
299,470,1.21,1018.25,16.97,37.20,0.7873,1,1
300,1,447.52,420.28,75.40,94.29,0.8477,1,1
300,2,662.88,37.98,50.87,36.28,0.8874,1,1
300,3,467.56,138.81,57.05,43.89,0.8918,1,1
300,5,362.73,233.42,34.94,42.08,0.8991,1,1
300,6,477.31,182.28,36.51,29.48,0.8285,1,1
300,7,683.19,58.17,29.52,40.96,0.8614,1,1
300,9,1459.95,0.02,36.68,34.09,0.8120,1,1
300,13,1108.50,353.69,106.92,80.64,0.8852,1,1
300,14,331.30,210.92,64.69,43.97,0.7601,1,1
300,16,903.92,134.61,68.81,72.53,0.6017,1,1
300,282,1000.81,26.61,52.37,42.47,0.9256,1,1
300,314,978.12,47.37,16.34,17.08,0.2521,1,1
300,328,926.03,1.02,19.39,14.88,0.8161,1,1
300,333,1120.04,416.50,63.69,52.01,0.8659,1,1
300,357,54.52,632.41,44.71,36.76,0.8321,1,1
300,389,490.02,308.66,40.76,26.80,0.8682,1,1
300,437,181.97,481.47,30.33,32.21,0.5303,1,1
300,448,1146.80,529.32,46.80,43.84,0.6319,1,1
300,452,963.28,113.63,13.75,19.24,0.3703,1,1
300,457,970.18,844.98,49.92,35.48,0.6160,1,1
300,468,956.15,62.40,22.26,20.57,0.7742,1,1
300,470,1.86,1018.26,21.67,41.13,0.8114,1,1
301,1,446.93,422.85,77.21,91.68,0.9078,1,1
301,2,661.01,37.36,48.84,35.48,0.8858,1,1
301,3,466.38,138.86,56.46,43.77,0.9015,1,1
301,5,363.13,234.64,33.43,40.55,0.9018,1,1
301,6,474.39,181.13,39.12,31.71,0.8575,1,1
301,7,679.37,59.44,30.18,41.92,0.8767,1,1
301,9,1459.87,0.00,35.79,33.82,0.8476,1,1
301,13,1102.63,351.01,110.43,84.80,0.7012,1,1
301,14,329.30,212.83,62.97,42.84,0.6003,1,1
301,282,1000.37,26.65,52.23,42.56,0.9255,1,1
301,328,926.63,0.86,18.80,14.21,0.7884,1,1
301,333,1112.07,414.76,67.62,53.40,0.6840,1,1
301,357,52.83,632.84,43.01,35.27,0.3640,1,1
301,389,488.36,310.43,39.54,25.32,0.8565,1,1
301,424,328.40,210.68,65.07,44.62,0.6095,1,1
301,437,182.10,482.07,30.29,32.01,0.6076,1,1
301,448,1147.10,530.59,47.30,44.00,0.7436,1,1
301,452,962.12,115.45,15.92,22.20,0.4732,1,1
301,457,974.67,846.36,49.76,35.98,0.5262,1,1
301,468,955.90,66.40,21.17,19.51,0.7383,1,1
301,470,3.35,1018.76,25.45,44.52,0.7065,1,1
302,1,445.48,422.50,78.72,91.64,0.9196,1,1
302,2,659.47,37.37,47.61,34.57,0.8707,1,1
302,3,466.41,138.58,56.29,43.36,0.8949,1,1
302,5,360.92,234.91,34.42,41.14,0.8873,1,1
302,6,474.52,180.79,38.95,31.80,0.8139,1,1
302,7,675.63,58.91,30.90,42.04,0.8813,1,1
302,9,1459.93,0.00,35.37,33.75,0.8566,1,1
302,13,1099.64,349.01,111.37,87.68,0.7237,1,1
302,14,327.02,213.94,62.68,43.09,0.7581,1,1
302,282,1000.53,26.69,52.02,42.48,0.9255,1,1
302,328,926.51,0.81,19.07,14.25,0.7859,1,1
302,333,1112.73,416.69,67.34,51.25,0.7716,1,1
302,389,487.04,311.06,41.62,26.32,0.8453,1,1
302,421,1066.38,1016.64,23.10,28.70,0.2599,1,1
302,424,325.77,211.67,64.38,44.77,0.5387,1,1
302,437,183.40,482.86,27.67,28.37,0.3924,1,1
302,448,1146.80,529.95,47.15,43.17,0.7521,1,1
302,452,960.83,115.43,16.94,22.81,0.6945,1,1
302,457,974.75,845.97,50.70,36.43,0.4662,1,1
302,468,955.35,68.41,20.79,18.77,0.7635,1,1
302,470,4.42,1018.31,27.87,47.16,0.5257,1,1
302,472,88.34,668.15,28.35,40.33,0.7901,1,1
303,1,445.11,423.61,79.40,90.82,0.9008,1,1
303,2,656.54,37.09,48.37,35.88,0.8759,1,1
303,3,466.16,138.68,56.85,43.79,0.8907,1,1
303,5,359.14,233.83,34.98,42.67,0.8924,1,1
303,6,473.80,181.03,39.29,31.86,0.8424,1,1
303,7,673.64,59.95,29.62,40.77,0.8911,1,1
303,9,1459.99,-0.00,35.24,33.63,0.8608,1,1
303,13,1100.79,349.49,107.05,86.24,0.8117,1,1
303,14,322.72,211.52,68.46,47.61,0.4801,1,1
303,16,905.51,134.19,65.72,68.67,0.3643,1,1
303,282,1000.77,27.03,51.76,42.05,0.9256,1,1
303,328,926.36,0.76,19.24,14.29,0.7859,1,1
303,333,1113.36,416.84,65.88,50.64,0.8546,1,1
303,389,490.08,314.16,40.48,28.13,0.8666,1,1
303,421,1065.64,1016.93,23.78,28.51,0.2640,1,1
303,424,322.66,208.48,67.83,49.38,0.6695,1,1
303,427,807.37,1018.88,31.63,24.43,0.2901,1,1
303,437,185.67,484.06,23.50,21.63,0.4745,1,1
303,448,1144.58,529.98,48.90,43.69,0.7879,1,1
303,452,959.93,115.81,17.80,23.20,0.7333,1,1
303,457,983.69,851.43,46.73,34.82,0.6588,1,1
303,468,953.73,67.58,21.80,19.80,0.4049,1,1
303,470,12.19,1021.77,26.49,42.61,0.6278,1,1
303,472,89.14,664.65,26.95,37.95,0.5426,1,1
304,1,444.83,423.57,79.93,90.79,0.8934,1,1
304,2,656.71,37.09,47.98,35.99,0.8764,1,1
304,3,466.20,138.74,56.81,43.70,0.8920,1,1
304,5,359.25,233.83,34.71,42.67,0.8921,1,1
304,6,473.78,180.96,39.45,31.90,0.8410,1,1
304,7,673.67,59.94,29.48,40.76,0.8909,1,1
304,9,1460.02,-0.00,35.19,33.59,0.8616,1,1
304,13,1101.44,349.50,105.69,86.19,0.8137,1,1
304,14,322.21,210.95,69.05,48.58,0.4600,1,1
304,16,905.38,134.16,65.80,68.32,0.3717,1,1
304,282,1000.71,27.03,51.84,42.05,0.9257,1,1
304,328,926.33,0.77,19.30,14.26,0.7865,1,1
304,333,1113.47,416.82,65.78,50.65,0.8545,1,1
304,389,490.98,314.21,38.73,28.14,0.8666,1,1
304,421,1065.34,1016.98,24.27,28.50,0.2666,1,1
304,424,323.15,208.18,66.66,49.77,0.6744,1,1
304,427,806.85,1018.91,32.60,24.46,0.2780,1,1
304,437,185.31,484.24,24.33,20.56,0.4780,1,1
304,448,1144.21,529.98,49.55,43.71,0.7951,1,1
304,452,959.76,115.83,18.11,23.23,0.7352,1,1
304,457,984.91,851.88,45.42,34.68,0.6559,1,1
304,468,953.45,67.24,21.96,20.09,0.4044,1,1
304,470,12.58,1022.15,27.24,42.06,0.6287,1,1
304,472,89.14,664.29,27.01,37.61,0.5507,1,1
304,474,749.29,66.43,30.21,29.04,0.5683,1,1
304,475,76.25,383.51,41.86,49.56,0.4520,1,1
305,1,444.24,423.55,80.66,90.72,0.8974,1,1
305,2,653.71,36.94,48.61,37.27,0.8773,1,1
305,3,466.07,138.71,57.29,43.95,0.8976,1,1
305,5,359.04,233.95,33.92,42.25,0.8901,1,1
305,6,473.97,181.37,39.24,31.90,0.8338,1,1
305,7,670.76,59.99,30.41,41.70,0.8904,1,1
305,9,1459.84,-0.00,35.09,33.42,0.8627,1,1
305,13,1102.41,349.80,103.80,84.38,0.8191,1,1
305,14,320.75,209.92,70.33,50.11,0.4012,1,1
305,16,904.36,134.31,66.42,68.55,0.3504,1,1
305,282,1000.83,27.30,51.98,41.91,0.9253,1,1
305,328,926.30,0.74,19.30,14.19,0.7935,1,1
305,333,1111.94,417.86,63.74,48.53,0.8842,1,1
305,389,492.58,314.95,38.40,29.54,0.8739,1,1
305,421,1065.50,1016.66,24.73,28.53,0.3062,1,1
305,424,322.62,208.54,65.55,49.84,0.6679,1,1
305,427,806.60,1019.05,33.02,24.40,0.2782,1,1
305,437,189.80,486.02,22.92,17.91,0.3279,1,1
305,448,1143.90,529.85,49.90,44.01,0.6991,1,1
305,452,959.43,116.69,17.22,22.11,0.5805,1,1
305,457,987.89,854.49,43.84,33.90,0.5453,1,1
305,468,952.20,67.68,21.41,19.72,0.2857,1,1
305,470,16.60,1025.03,28.43,42.46,0.4969,1,1
305,472,89.26,661.84,27.89,38.60,0.5427,1,1
305,476,164.98,514.74,37.87,23.03,0.7145,1,1
306,1,443.80,422.57,82.01,92.60,0.9217,1,1
306,2,650.79,37.74,48.06,37.55,0.8822,1,1
306,3,465.49,137.88,57.30,44.39,0.9022,1,1
306,5,359.49,233.86,33.56,43.03,0.8875,1,1
306,6,472.90,180.70,40.15,32.75,0.7760,1,1
306,7,667.82,62.35,30.56,39.67,0.8951,1,1
306,9,1459.60,-0.00,35.16,33.57,0.8543,1,1
306,13,1100.45,349.82,104.45,83.68,0.8517,1,1
306,14,321.23,210.06,69.10,50.41,0.5799,1,1
306,16,902.93,134.67,66.83,68.52,0.4826,1,1
306,215,661.48,202.00,83.43,64.11,0.4513,1,1
306,240,1192.16,592.32,33.23,43.86,0.2575,1,1
306,282,1000.71,27.25,52.23,42.12,0.9258,1,1
306,328,926.32,0.70,19.23,14.08,0.7894,1,1
306,333,1111.88,418.40,62.11,47.23,0.8995,1,1
306,389,493.86,316.80,37.62,29.31,0.8776,1,1
306,421,1065.45,1016.52,25.05,28.52,0.3206,1,1
306,424,322.50,208.89,65.04,50.00,0.6087,1,1
306,448,1142.53,530.97,48.90,42.70,0.5354,1,1
306,452,958.62,116.21,16.35,20.89,0.4546,1,1
306,457,987.63,856.22,45.20,35.31,0.7913,1,1
306,468,951.75,67.54,20.84,19.34,0.2672,1,1
306,470,24.41,1030.03,28.47,39.28,0.6974,1,1
306,472,89.06,658.90,28.92,38.28,0.7814,1,1
307,1,443.66,422.39,82.41,93.62,0.9243,1,1
307,2,647.52,38.26,47.16,36.73,0.8452,1,1
307,3,464.94,137.81,57.19,45.02,0.8781,1,1
307,5,359.63,232.39,33.30,44.03,0.8863,1,1
307,6,472.17,180.78,40.51,33.33,0.7139,1,1
307,7,665.51,58.70,38.71,44.21,0.8968,1,1
307,9,1459.04,-0.00,35.34,33.74,0.8554,1,1
307,13,1099.05,350.95,106.48,85.18,0.8981,1,1
307,14,321.18,209.19,69.06,51.78,0.6237,1,1
307,16,903.60,134.94,66.44,67.10,0.4734,1,1
307,215,662.22,202.73,82.76,62.83,0.6502,1,1
307,240,1187.64,588.67,38.84,43.55,0.8260,1,1
307,282,1000.41,27.16,52.72,42.82,0.9256,1,1
307,328,926.15,0.72,19.36,14.25,0.7813,1,1
307,333,1112.14,420.17,58.94,44.33,0.8968,1,1
307,389,497.38,317.56,35.80,28.32,0.8471,1,1
307,421,1065.39,1016.53,25.24,28.43,0.3285,1,1
307,424,322.27,208.16,65.12,50.53,0.5772,1,1
307,448,1138.08,529.85,50.57,41.99,0.7633,1,1
307,452,959.63,115.98,15.96,20.28,0.4486,1,1
307,457,986.74,857.46,46.33,36.00,0.7903,1,1
307,468,952.23,63.82,22.88,21.39,0.2787,1,1
307,470,28.06,1033.25,29.81,39.10,0.7147,1,1
307,472,89.60,656.01,28.49,37.56,0.4564,1,1
308,1,443.65,422.88,82.62,93.35,0.9313,1,1
308,2,643.97,39.15,47.74,36.21,0.8483,1,1
308,3,464.85,137.84,56.58,44.87,0.8932,1,1
308,5,360.07,232.19,32.82,43.85,0.8844,1,1
308,6,472.49,180.44,39.73,32.87,0.7048,1,1
308,7,661.09,59.70,34.15,43.13,0.9120,1,1
308,9,1458.90,-0.00,35.15,33.60,0.8579,1,1
308,13,1098.15,351.19,108.61,85.98,0.9019,1,1
308,14,321.72,208.94,68.07,51.70,0.4574,1,1
308,16,902.01,135.14,67.87,67.93,0.5629,1,1
308,215,661.75,202.34,83.50,63.24,0.6239,1,1
308,240,1182.50,584.35,47.95,46.06,0.9087,1,1
308,282,1000.84,27.32,52.48,42.69,0.9257,1,1
308,328,926.11,0.66,19.31,14.33,0.7921,1,1
308,333,1112.82,420.83,55.59,42.96,0.8957,1,1
308,389,499.39,316.75,35.00,28.08,0.8380,1,1
308,421,1065.21,1016.60,25.46,28.41,0.3444,1,1
308,424,322.76,207.60,64.38,50.52,0.5488,1,1
308,448,1136.73,532.18,48.82,40.10,0.3340,1,1
308,457,985.40,859.38,46.41,34.84,0.8537,1,1
308,468,954.29,62.61,21.81,20.54,0.5071,1,1
308,472,90.65,653.48,27.20,35.59,0.4225,1,1
308,479,-0.12,960.79,20.52,46.54,0.2811,1,1
309,1,443.57,422.74,83.40,93.88,0.9307,1,1
309,2,640.80,39.86,48.92,36.07,0.8436,1,1
309,3,464.50,137.63,56.62,45.02,0.8822,1,1
309,5,359.14,232.28,33.56,44.16,0.8921,1,1
309,6,472.48,180.32,39.12,32.46,0.5931,1,1
309,7,659.31,61.06,33.17,41.90,0.8913,1,1
309,9,1458.35,-0.00,35.03,33.39,0.8574,1,1
309,13,1095.97,350.92,108.87,86.93,0.9121,1,1
309,14,324.41,208.33,65.32,50.66,0.5188,1,1
309,16,900.42,135.50,70.01,69.61,0.8010,1,1
309,215,661.73,202.36,83.75,63.12,0.7748,1,1
309,240,1176.41,579.44,51.60,44.08,0.8783,1,1
309,282,1001.19,27.27,52.65,43.12,0.9260,1,1
309,328,926.09,0.82,19.27,14.17,0.8006,1,1
309,333,1112.86,422.11,53.44,41.44,0.9010,1,1
309,389,500.41,312.38,37.33,29.85,0.7198,1,1
309,421,1065.23,1016.76,25.38,28.07,0.3015,1,1
309,424,325.03,206.88,61.98,49.72,0.5900,1,1
309,452,960.78,114.09,16.10,20.01,0.4646,1,1
309,457,983.72,859.55,48.25,36.22,0.8058,1,1
309,468,954.88,63.01,21.17,19.12,0.7022,1,1
309,472,90.41,650.97,27.50,35.46,0.5555,1,1
309,480,493.21,356.99,33.25,28.44,0.3513,1,1
310,1,443.48,422.72,83.47,93.86,0.9317,1,1
310,2,640.35,39.83,49.70,36.13,0.8422,1,1
310,3,464.51,137.62,56.57,45.04,0.8828,1,1
310,5,359.04,232.27,33.76,44.18,0.8920,1,1
310,6,472.56,180.29,38.91,32.37,0.5876,1,1
310,7,659.29,61.04,33.17,41.92,0.8918,1,1
310,9,1458.32,-0.00,35.09,33.39,0.8578,1,1
310,13,1096.10,350.90,108.63,86.94,0.9121,1,1
310,14,325.33,208.23,63.95,50.48,0.5155,1,1
310,16,900.29,135.50,70.21,69.67,0.8035,1,1
310,215,661.68,202.38,83.92,63.08,0.7958,1,1
310,240,1174.97,579.34,54.34,44.07,0.8781,1,1
310,282,1001.22,27.27,52.53,43.13,0.9258,1,1
310,328,926.03,0.81,19.40,14.20,0.8017,1,1
310,333,1112.87,422.12,53.35,41.44,0.9012,1,1
310,389,500.43,312.06,37.61,29.98,0.7145,1,1
310,421,1065.19,1016.81,25.48,27.98,0.3002,1,1
310,424,325.80,206.81,60.75,49.60,0.5924,1,1
310,452,960.89,113.92,16.32,19.94,0.4319,1,1
310,457,983.06,859.49,48.68,36.37,0.8086,1,1
310,468,954.72,63.04,21.53,19.03,0.7037,1,1
310,472,90.29,650.73,27.65,35.29,0.5113,1,1
310,480,492.12,356.93,33.16,28.00,0.3504,1,1
311,1,442.95,422.87,83.21,94.30,0.9385,1,1
311,2,637.08,42.32,48.46,34.45,0.7512,1,1
311,3,464.63,136.88,56.31,44.30,0.8644,1,1
311,5,357.61,232.92,34.35,43.54,0.8939,1,1
311,6,472.17,178.62,39.32,32.74,0.6761,1,1
311,7,656.45,62.35,32.57,41.36,0.8887,1,1
311,9,1458.00,-0.00,35.33,33.34,0.8609,1,1
311,13,1094.92,350.83,110.11,87.54,0.9188,1,1
311,14,329.28,207.20,60.14,48.22,0.6502,1,1
311,16,898.52,136.00,72.84,73.23,0.8111,1,1
311,215,661.65,202.58,83.51,62.93,0.8399,1,1
311,240,1164.14,575.01,62.22,46.29,0.8882,1,1
311,282,1001.81,27.34,52.03,42.97,0.9259,1,1
311,328,925.89,0.93,19.45,14.16,0.7976,1,1
311,333,1111.92,422.04,52.92,40.14,0.8996,1,1
311,389,503.99,306.68,37.31,29.43,0.7888,1,1
311,421,1064.90,1017.07,25.80,28.14,0.3715,1,1
311,424,330.29,208.52,57.69,47.12,0.5841,1,1
311,452,961.48,114.04,16.16,19.54,0.3749,1,1
311,457,981.43,859.65,49.06,37.47,0.8483,1,1
311,468,955.62,62.69,21.28,18.11,0.7513,1,1
311,472,90.29,649.91,27.67,34.79,0.6147,1,1
311,480,483.19,354.26,34.43,28.98,0.8550,1,1
312,1,443.17,423.54,82.66,93.90,0.9397,1,1
312,2,632.16,44.61,51.24,35.10,0.7944,1,1
312,3,464.21,135.79,56.10,43.80,0.8299,1,1
312,5,357.50,233.26,34.59,43.02,0.9020,1,1
312,6,468.41,176.91,41.85,34.73,0.7681,1,1
312,7,654.69,65.03,32.44,40.97,0.8718,1,1
312,9,1457.67,-0.00,35.62,33.63,0.8614,1,1
312,13,1093.29,351.00,109.36,87.57,0.9065,1,1
312,14,336.02,207.81,53.84,42.69,0.7119,1,1
312,16,897.54,136.56,73.37,74.09,0.6878,1,1
312,215,660.91,202.41,83.79,63.11,0.7602,1,1
312,240,1150.82,567.86,63.02,48.69,0.8828,1,1
312,282,1002.19,27.12,51.87,43.40,0.9268,1,1
312,328,925.90,0.94,19.35,14.10,0.7967,1,1
312,333,1109.18,422.16,54.94,40.47,0.8742,1,1
312,389,512.70,298.89,30.42,22.81,0.7925,1,1
312,421,1064.83,1017.09,25.91,28.12,0.3720,1,1
312,424,336.54,207.64,53.65,43.41,0.6858,1,1
312,457,979.65,859.74,48.21,38.25,0.8713,1,1
312,468,955.76,62.03,22.08,18.79,0.6957,1,1
312,472,90.61,648.75,27.28,34.19,0.3102,1,1
312,480,478.40,353.96,35.95,31.68,0.8760,1,1
313,1,442.94,423.73,82.83,94.39,0.9391,1,1
313,2,627.51,45.38,51.77,34.76,0.8250,1,1
313,3,462.76,133.43,56.99,44.50,0.8913,1,1
313,5,357.62,233.66,35.68,42.57,0.8979,1,1
313,6,465.37,174.40,43.93,37.60,0.8620,1,1
313,7,652.51,66.08,31.97,41.07,0.8729,1,1
313,9,1457.14,0.00,35.88,33.65,0.8621,1,1
313,13,1092.21,350.81,109.03,87.38,0.8954,1,1
313,14,338.91,208.61,52.23,40.82,0.6667,1,1
313,16,896.18,137.01,72.35,74.53,0.8631,1,1
313,215,659.01,202.87,83.71,63.14,0.3493,1,1
313,240,1142.16,561.55,65.01,49.72,0.7371,1,1
313,282,1002.25,26.82,51.89,43.75,0.9284,1,1
313,328,925.67,1.00,19.59,14.08,0.7976,1,1
313,333,1108.73,422.22,55.44,40.52,0.8529,1,1
313,389,517.18,287.46,34.09,26.12,0.8014,1,1
313,393,414.69,336.93,22.49,36.08,0.4094,1,1
313,421,1064.23,1017.27,26.22,28.43,0.3052,1,1
313,424,339.43,208.16,52.36,42.02,0.5869,1,1
313,452,961.43,113.67,15.82,18.76,0.3851,1,1
313,457,978.90,860.23,46.25,37.62,0.8768,1,1
313,468,955.90,61.15,22.54,19.33,0.7348,1,1
313,475,74.71,392.42,37.00,44.46,0.4568,1,1
313,480,475.45,355.45,36.10,32.06,0.4047,1,1
313,485,15.73,600.23,27.99,36.69,0.6197,1,1
313,486,1212.36,534.99,48.53,49.19,0.7275,1,1
313,488,984.05,780.33,40.07,43.07,0.7845,1,1
314,1,442.41,424.14,83.23,94.32,0.9381,1,1
314,2,623.40,47.30,55.37,37.59,0.8137,1,1
314,3,460.36,130.32,58.92,47.12,0.8543,1,1
314,5,358.52,233.28,36.27,41.64,0.8983,1,1
314,6,464.42,170.88,43.55,37.87,0.8848,1,1
314,7,649.59,68.57,31.86,40.92,0.8855,1,1
314,9,1456.74,0.00,36.00,33.77,0.8645,1,1
314,13,1089.66,351.03,107.23,87.66,0.9080,1,1
314,14,341.76,206.38,54.05,42.54,0.7021,1,1
314,16,895.97,137.09,71.91,73.66,0.8282,1,1
314,215,657.03,202.65,84.86,64.39,0.4066,1,1
314,282,1002.48,26.85,51.63,43.87,0.9290,1,1
314,328,925.75,1.07,19.63,13.90,0.7858,1,1
314,333,1106.03,421.64,55.37,40.18,0.3081,1,1
314,389,514.58,279.94,36.90,28.19,0.8739,1,1
314,393,415.96,337.83,21.16,35.68,0.6345,1,1
314,421,1064.03,1017.38,26.36,28.56,0.3092,1,1
314,424,342.06,206.04,53.64,43.03,0.5891,1,1
314,452,960.54,113.71,16.59,19.45,0.3455,1,1
314,457,969.10,859.69,50.05,38.09,0.8742,1,1
314,468,959.15,60.30,20.58,17.50,0.7050,1,1
314,472,93.48,648.03,24.53,29.71,0.4627,1,1
314,475,74.28,393.73,36.46,43.89,0.3260,1,1
314,480,470.41,352.97,37.70,35.72,0.7590,1,1
314,486,1211.91,535.41,48.81,48.78,0.4583,1,1
314,488,988.51,782.92,45.13,49.92,0.7643,1,1
315,1,441.88,424.74,83.50,93.86,0.9342,1,1
315,2,620.03,48.99,55.63,37.80,0.8373,1,1
315,3,458.61,128.73,59.82,48.87,0.8146,1,1
315,5,360.37,231.19,38.12,42.95,0.8984,1,1
315,6,464.11,169.54,42.50,37.71,0.8888,1,1
315,7,648.43,70.95,30.74,40.96,0.8929,1,1
315,9,1456.88,-0.00,36.19,33.96,0.8670,1,1
315,13,1088.28,351.20,106.29,87.48,0.8958,1,1
315,14,346.25,207.12,51.52,40.39,0.6325,1,1
315,16,894.86,137.74,71.42,72.66,0.8472,1,1
315,215,657.12,202.19,80.97,64.70,0.8465,1,1
315,282,1002.73,27.40,51.39,43.08,0.9294,1,1
315,328,925.79,1.01,19.63,13.82,0.8069,1,1
315,333,1101.81,420.55,57.39,41.21,0.5191,1,1
315,389,518.20,277.06,35.43,25.56,0.8412,1,1
315,393,417.23,336.55,21.22,36.83,0.7309,1,1
315,424,345.75,207.03,50.69,40.62,0.2988,1,1
315,452,958.53,113.78,16.76,19.36,0.4808,1,1
315,457,967.53,858.50,50.44,37.51,0.8708,1,1
315,468,958.79,59.09,21.50,18.25,0.6796,1,1
315,472,95.75,648.30,23.34,27.62,0.3196,1,1
315,480,470.73,352.20,38.22,36.85,0.5567,1,1
315,488,989.26,788.11,43.98,46.93,0.8534,1,1
315,491,356.27,228.56,41.52,36.59,0.3517,1,1
316,1,441.77,424.74,83.64,93.91,0.9352,1,1
316,2,619.98,49.00,55.60,37.76,0.8370,1,1
316,3,458.87,128.39,59.23,49.23,0.8142,1,1
316,5,360.22,231.17,38.43,43.00,0.8979,1,1
316,6,464.26,169.51,42.17,37.74,0.8889,1,1
316,7,648.62,70.96,30.27,40.97,0.8930,1,1
316,9,1456.87,0.00,36.19,33.96,0.8662,1,1
316,13,1088.46,351.22,106.03,87.44,0.8961,1,1
316,14,346.74,207.26,51.24,39.98,0.6372,1,1
316,16,894.73,137.75,71.66,72.65,0.8480,1,1
316,215,657.70,202.18,79.74,64.71,0.8467,1,1
316,282,1002.62,27.41,51.58,43.06,0.9295,1,1
316,328,925.77,1.01,19.69,13.82,0.8070,1,1
316,333,1100.95,420.41,58.21,41.35,0.5127,1,1
316,389,517.77,277.00,36.47,25.49,0.8412,1,1
316,393,417.41,336.50,21.03,36.88,0.7288,1,1
316,424,346.91,207.39,49.73,39.79,0.2775,1,1
316,452,958.15,113.80,16.94,19.36,0.4856,1,1
316,457,967.21,858.49,51.01,37.52,0.8707,1,1
316,468,958.76,59.00,21.61,18.31,0.6779,1,1
316,472,96.13,648.44,23.44,27.16,0.3178,1,1
316,480,471.22,352.11,37.71,37.02,0.5517,1,1
316,488,989.01,788.22,44.48,46.84,0.8533,1,1
316,491,356.12,228.34,41.78,36.66,0.3425,1,1
317,1,441.28,424.36,83.58,94.17,0.9368,1,1
317,2,618.00,50.37,53.38,35.86,0.8160,1,1
317,3,458.31,126.98,58.06,49.43,0.8484,1,1
317,5,361.99,230.24,38.35,42.54,0.8900,1,1
317,6,465.03,167.13,40.74,35.90,0.9012,1,1
317,7,645.60,71.98,30.64,41.44,0.8501,1,1
317,9,1457.03,0.00,36.37,33.59,0.8630,1,1
317,13,1084.98,350.63,105.46,89.94,0.9018,1,1
317,14,346.91,206.33,54.10,42.48,0.4986,1,1
317,16,893.80,137.76,72.24,73.13,0.7422,1,1
317,215,657.03,202.01,79.82,65.14,0.7307,1,1
317,282,1002.63,27.40,51.64,42.83,0.9310,1,1
317,328,926.44,0.72,19.13,14.01,0.8105,1,1
317,389,521.02,274.61,35.99,23.46,0.8482,1,1
317,393,418.49,338.61,20.28,35.19,0.8340,1,1
317,424,347.13,207.00,51.31,41.21,0.3574,1,1
317,452,958.56,113.49,17.18,19.20,0.5779,1,1
317,457,966.72,856.05,50.08,38.88,0.8816,1,1
317,468,958.05,58.66,21.86,18.52,0.4120,1,1
317,480,471.35,350.92,38.01,37.61,0.2994,1,1
317,488,992.93,791.11,40.57,40.77,0.8799,1,1
317,493,21.27,599.54,21.19,31.01,0.6830,1,1
318,1,440.51,425.60,83.60,93.08,0.9328,1,1
318,2,615.77,52.78,52.92,34.80,0.8643,1,1
318,3,457.37,126.60,57.33,48.98,0.8185,1,1
318,5,363.58,229.44,38.84,42.71,0.8919,1,1
318,6,464.17,166.59,41.10,36.16,0.8977,1,1
318,7,642.23,75.16,30.42,40.55,0.8422,1,1
318,9,1456.95,-0.00,36.40,33.28,0.8631,1,1
318,13,1082.03,349.76,103.40,89.79,0.8955,1,1
318,14,350.66,205.04,51.31,39.82,0.7623,1,1
318,16,892.59,138.41,73.17,74.10,0.6576,1,1
318,215,655.79,202.43,79.93,65.25,0.2898,1,1
318,282,1002.99,27.67,51.40,42.72,0.9309,1,1
318,328,927.08,0.70,18.33,13.74,0.7973,1,1
318,389,520.37,275.40,37.47,24.23,0.8606,1,1
318,393,420.07,338.54,19.85,34.53,0.8333,1,1
318,448,1134.89,539.78,47.27,42.10,0.7985,1,1
318,452,959.19,113.20,16.95,18.74,0.3670,1,1
318,457,963.51,855.36,50.14,40.22,0.8924,1,1
318,475,70.05,396.38,36.62,45.60,0.5170,1,1
318,488,993.95,795.72,37.98,38.00,0.6369,1,1
318,493,18.78,599.33,21.14,30.74,0.4236,1,1
319,1,440.00,425.65,83.82,92.82,0.9317,1,1
319,2,612.62,53.85,54.16,35.73,0.8636,1,1
319,3,455.99,125.24,57.53,49.53,0.7563,1,1
319,5,365.10,229.25,39.18,41.44,0.9001,1,1
319,6,463.66,165.78,41.14,36.53,0.8739,1,1
319,7,640.91,75.00,29.83,42.89,0.8927,1,1
319,9,1456.88,0.00,36.53,33.22,0.8655,1,1
319,13,1079.88,348.81,101.85,88.48,0.9109,1,1
319,14,352.69,206.24,52.67,40.88,0.7552,1,1
319,16,891.63,138.68,72.74,73.65,0.4295,1,1
319,215,654.83,203.02,79.91,65.59,0.6038,1,1
319,282,1003.44,27.69,51.02,42.74,0.9305,1,1
319,328,927.42,0.59,17.79,13.69,0.7891,1,1
319,333,1096.29,420.38,56.26,39.42,0.2953,1,1
319,389,522.15,279.85,36.57,23.44,0.8669,1,1
319,393,421.32,338.42,19.99,34.48,0.7010,1,1
319,448,1135.83,540.19,47.68,41.13,0.7398,1,1
319,457,959.74,855.38,50.23,41.08,0.9006,1,1
319,475,69.25,398.04,36.19,45.22,0.4115,1,1
319,488,995.42,798.69,37.36,37.04,0.3165,1,1
319,494,619.27,105.87,24.52,27.67,0.5716,1,1
320,1,439.22,425.69,84.15,93.13,0.9304,1,1
320,2,610.10,54.64,53.99,36.39,0.8705,1,1
320,3,455.32,124.10,57.61,49.86,0.7542,1,1
320,5,365.99,229.50,39.46,41.05,0.9007,1,1
320,6,465.22,164.18,39.88,35.48,0.8817,1,1
320,7,637.05,76.10,29.43,42.66,0.8788,1,1
320,9,1457.55,0.00,37.84,33.26,0.8474,1,1
320,13,1076.77,347.62,101.83,88.73,0.9111,1,1
320,14,354.36,204.91,52.92,41.68,0.7716,1,1
320,16,890.52,139.37,72.78,73.77,0.4608,1,1
320,215,654.66,202.92,79.74,65.65,0.6541,1,1
320,282,1003.40,27.79,50.73,42.35,0.9300,1,1
320,328,928.45,0.55,17.73,14.26,0.7684,1,1
320,389,526.41,283.23,36.56,23.77,0.8446,1,1
320,393,423.39,339.61,19.88,33.60,0.7216,1,1
320,448,1130.92,535.35,52.47,42.40,0.8118,1,1
320,457,954.82,857.92,52.20,41.13,0.8921,1,1
320,475,68.21,400.31,36.15,44.38,0.6667,1,1
320,488,995.94,798.78,37.90,35.41,0.7402,1,1
321,1,438.59,426.02,84.10,92.74,0.9280,1,1
321,2,608.03,55.46,54.14,36.97,0.8739,1,1
321,3,454.06,123.35,57.82,50.19,0.8110,1,1
321,5,367.34,228.36,39.72,41.34,0.9015,1,1
321,6,465.17,162.17,40.73,37.53,0.8916,1,1
321,7,633.78,78.94,29.72,42.28,0.8879,1,1
321,9,1457.12,-0.00,38.66,33.20,0.8493,1,1
321,13,1075.33,346.50,100.74,88.96,0.9214,1,1
321,14,356.64,203.96,49.97,38.63,0.7912,1,1
321,16,889.90,139.63,72.49,73.38,0.4114,1,1
321,215,654.56,202.85,79.46,65.64,0.6249,1,1
321,240,1142.55,538.58,45.51,36.92,0.5876,1,1
321,282,1003.52,27.86,50.79,42.55,0.9302,1,1
321,328,928.76,0.39,17.58,14.49,0.7775,1,1
321,389,526.10,288.31,38.21,26.66,0.8823,1,1
321,393,425.53,340.14,19.72,32.44,0.8233,1,1
321,457,950.31,860.85,53.02,41.85,0.8997,1,1
321,488,990.72,793.69,43.26,40.54,0.6252,1,1
321,501,1155.85,595.19,52.91,48.68,0.8745,1,1
322,1,438.78,426.76,84.02,92.21,0.9281,1,1
322,2,608.14,55.46,53.86,37.02,0.8737,1,1
322,3,453.96,123.16,57.86,50.37,0.8205,1,1
322,5,367.40,228.36,39.67,41.28,0.9008,1,1
322,6,465.44,162.14,40.19,37.54,0.8915,1,1
322,7,633.64,79.01,29.93,42.25,0.8880,1,1
322,9,1456.90,0.00,39.13,33.19,0.8492,1,1
322,13,1075.50,346.44,100.40,89.00,0.9212,1,1
322,14,356.44,203.93,50.42,38.59,0.7918,1,1
322,16,889.76,139.67,72.51,73.33,0.4157,1,1
322,215,654.63,202.73,79.35,65.75,0.6272,1,1
322,240,1144.98,538.55,42.82,36.42,0.5883,1,1
322,282,1003.53,27.85,50.75,42.59,0.9302,1,1
322,328,928.90,0.38,17.32,14.51,0.7779,1,1
322,389,526.61,288.38,37.21,26.71,0.8823,1,1
322,393,425.50,340.15,19.92,32.41,0.8202,1,1
322,457,950.28,860.88,53.01,41.86,0.8997,1,1
322,488,990.19,793.11,43.75,41.12,0.6243,1,1
322,501,1155.13,595.22,54.44,48.70,0.8745,1,1
322,502,686.91,158.55,22.68,18.98,0.2855,1,1
323,1,438.32,426.24,84.42,93.47,0.9260,1,1
323,2,605.58,56.94,54.11,37.58,0.8720,1,1
323,3,452.83,122.48,58.13,50.38,0.8290,1,1
323,5,368.11,228.33,39.58,40.59,0.8991,1,1
323,6,465.51,160.53,40.59,37.99,0.8969,1,1
323,7,631.74,81.02,29.42,40.71,0.8833,1,1
323,9,1455.56,-0.00,38.19,33.25,0.8349,1,1
323,13,1073.88,344.88,99.58,89.65,0.9274,1,1
323,14,358.09,204.00,48.86,36.24,0.7760,1,1
323,215,654.41,202.67,79.42,65.93,0.4559,1,1
323,240,1152.35,539.42,35.76,33.64,0.7000,1,1
323,282,1003.30,27.84,50.85,42.47,0.9288,1,1
323,328,929.12,0.29,17.79,14.89,0.7535,1,1
323,389,526.77,295.06,36.19,25.96,0.8824,1,1
323,393,426.40,339.10,20.22,32.92,0.5948,1,1
323,457,948.59,862.37,50.18,41.81,0.9129,1,1
323,488,985.63,786.81,49.97,44.88,0.7661,1,1
323,501,1155.60,593.87,55.73,47.95,0.8753,1,1
323,503,478.88,346.12,36.59,40.60,0.8679,1,1
324,1,437.86,426.56,84.40,93.66,0.9267,1,1
324,2,603.84,57.69,53.90,37.50,0.8731,1,1
324,3,451.00,121.22,60.49,50.57,0.9067,1,1
324,5,368.75,228.00,39.06,40.25,0.8975,1,1
324,6,464.11,157.49,42.50,40.87,0.8971,1,1
324,7,629.01,82.62,29.76,40.55,0.8801,1,1
324,9,1455.97,-0.00,37.34,32.86,0.8297,1,1
324,13,1071.90,343.64,99.74,88.31,0.9214,1,1
324,14,358.74,204.04,49.00,35.10,0.7919,1,1
324,16,888.47,140.49,71.46,71.95,0.2532,1,1
324,215,654.52,202.59,79.10,65.74,0.4690,1,1
324,240,1155.51,539.12,33.86,32.48,0.3537,1,1
324,282,1003.23,27.92,50.79,42.35,0.9286,1,1
324,328,929.20,0.19,17.97,14.89,0.7651,1,1
324,389,522.56,299.16,39.01,27.27,0.8733,1,1
324,393,427.62,340.94,19.43,31.46,0.4316,1,1
324,452,959.56,111.48,15.71,17.15,0.3203,1,1
324,457,948.44,862.88,49.96,43.69,0.9226,1,1
324,488,981.02,779.97,48.85,43.98,0.3486,1,1
324,501,1153.39,590.91,57.55,49.95,0.8819,1,1
324,503,480.19,347.80,35.21,39.18,0.8945,1,1
325,1,437.21,427.34,84.80,93.10,0.9270,1,1
325,2,602.47,58.68,54.25,38.58,0.8621,1,1
325,3,449.77,120.84,60.44,48.75,0.9122,1,1
325,5,369.10,227.11,38.59,40.55,0.8952,1,1
325,6,465.16,155.71,41.48,41.25,0.9033,1,1
325,7,625.61,82.60,31.06,42.89,0.8779,1,1
325,9,1455.87,-0.00,37.07,32.86,0.8495,1,1
325,13,1068.85,341.84,99.62,87.86,0.9162,1,1
325,14,358.98,203.82,48.93,34.08,0.7613,1,1
325,215,654.58,202.64,78.84,65.53,0.5422,1,1
325,282,1002.92,28.09,50.89,42.28,0.9269,1,1
325,328,930.19,0.67,18.14,14.88,0.7351,1,1
325,333,1092.05,417.26,54.09,37.74,0.2990,1,1
325,389,522.41,302.59,38.51,26.64,0.8506,1,1
325,427,800.69,1021.63,34.45,25.99,0.3391,1,1
325,457,946.30,864.04,51.77,44.76,0.9045,1,1
325,468,972.23,52.00,20.26,17.38,0.3864,1,1
325,501,1150.04,589.09,59.46,49.64,0.8955,1,1
325,503,481.77,349.58,35.45,39.17,0.8863,1,1
325,504,921.27,765.21,43.17,30.79,0.7400,1,1
326,1,436.67,427.15,85.11,93.37,0.9264,1,1
326,2,601.44,59.11,53.67,39.43,0.8748,1,1
326,3,449.39,120.10,60.92,48.17,0.9127,1,1
326,5,369.27,226.68,38.70,41.71,0.9040,1,1
326,6,465.22,153.44,41.09,41.70,0.9050,1,1
326,7,622.11,83.96,32.70,44.36,0.8790,1,1
326,9,1455.90,-0.00,37.07,33.09,0.8436,1,1
326,13,1068.23,340.74,100.82,87.88,0.9223,1,1
326,14,358.65,203.73,50.59,34.81,0.7870,1,1
326,215,655.38,203.00,78.00,64.56,0.7578,1,1
326,282,1002.62,28.13,50.99,42.18,0.9264,1,1
326,328,930.37,0.62,18.25,14.56,0.7285,1,1
326,333,1088.85,415.00,56.81,39.32,0.4441,1,1
326,389,515.13,303.25,40.40,25.80,0.8236,1,1
326,427,800.20,1021.73,34.02,26.03,0.6072,1,1
326,457,945.82,866.37,53.29,46.64,0.8964,1,1
326,468,972.09,52.32,20.01,17.02,0.4654,1,1
326,501,1145.58,586.62,61.81,50.50,0.9127,1,1
326,503,481.92,349.61,35.44,39.06,0.8811,1,1
326,504,920.66,759.69,37.76,27.32,0.4256,1,1
327,1,436.51,427.77,84.42,92.52,0.9259,1,1
327,2,601.05,59.23,52.58,39.58,0.8768,1,1
327,3,449.15,120.05,60.71,47.65,0.9138,1,1
327,5,368.83,227.40,38.64,42.42,0.9103,1,1
327,6,465.11,154.42,40.48,40.46,0.9019,1,1
327,7,619.00,85.50,33.72,45.11,0.9069,1,1
327,9,1455.86,-0.00,37.03,33.27,0.8453,1,1
327,13,1067.45,340.19,100.32,87.11,0.9196,1,1
327,14,358.68,203.15,50.48,34.58,0.7716,1,1
327,215,657.03,202.39,77.34,63.49,0.6377,1,1
327,282,1002.80,28.29,50.63,41.94,0.9262,1,1
327,314,959.26,59.25,19.88,18.66,0.4488,1,1
327,328,930.86,0.76,18.50,14.34,0.7294,1,1
327,333,1083.81,411.49,62.30,43.11,0.6070,1,1
327,389,503.02,303.65,40.86,25.70,0.8184,1,1
327,427,800.05,1021.76,33.00,25.16,0.6387,1,1
327,457,944.72,871.62,54.51,45.19,0.9081,1,1
327,501,1141.15,585.47,63.75,50.76,0.9084,1,1
327,503,482.03,349.59,34.94,39.28,0.8886,1,1
328,1,436.50,427.65,84.55,92.56,0.9274,1,1
328,2,601.33,59.22,52.01,39.59,0.8769,1,1
328,3,449.01,120.01,60.87,47.70,0.9138,1,1
328,5,368.93,227.41,38.40,42.42,0.9102,1,1
328,6,465.06,154.42,40.66,40.44,0.9022,1,1
328,7,618.90,85.52,33.86,45.12,0.9070,1,1
328,9,1455.93,0.00,36.91,33.27,0.8451,1,1
328,13,1067.38,340.18,100.42,87.07,0.9195,1,1
328,14,358.63,203.16,50.57,34.52,0.7699,1,1
328,215,657.02,202.32,77.69,63.37,0.6301,1,1
328,282,1002.80,28.29,50.61,41.94,0.9260,1,1
328,314,958.71,59.36,20.66,18.69,0.4693,1,1
328,328,930.71,0.77,18.86,14.34,0.7305,1,1
328,333,1083.36,411.15,62.81,43.47,0.6216,1,1
328,389,502.44,303.66,41.24,25.69,0.8183,1,1
328,427,800.02,1021.76,32.93,25.07,0.6382,1,1
328,457,944.24,871.66,55.47,45.19,0.9082,1,1
328,501,1140.83,585.46,64.33,50.77,0.9084,1,1
328,503,482.16,349.57,34.67,39.29,0.8886,1,1
328,509,53.22,561.55,21.16,35.83,0.7294,1,1
329,1,436.31,428.20,84.31,92.00,0.9221,1,1
329,2,600.35,59.80,51.70,39.69,0.8701,1,1
329,3,449.13,119.16,60.85,47.99,0.9138,1,1
329,5,368.31,227.77,38.09,41.92,0.9075,1,1
329,6,465.57,154.30,40.20,39.61,0.9046,1,1
329,7,617.60,86.52,33.89,44.45,0.8916,1,1
329,9,1455.95,0.00,36.76,33.08,0.8546,1,1
329,13,1066.89,339.42,100.58,86.96,0.9156,1,1
329,14,357.05,203.84,51.42,35.21,0.7768,1,1
329,16,889.08,141.81,70.73,69.52,0.4723,1,1
329,215,658.02,202.29,77.85,63.22,0.4483,1,1
329,282,1002.71,28.51,50.16,41.78,0.9247,1,1
329,314,958.71,59.93,21.35,18.58,0.6966,1,1
329,328,930.71,1.13,18.93,14.16,0.7554,1,1
329,333,1081.28,410.13,64.30,44.12,0.6389,1,1
329,389,483.83,302.83,47.08,28.59,0.8162,1,1
329,427,799.37,1021.47,32.81,25.00,0.5434,1,1
329,452,959.70,108.82,17.16,19.42,0.3612,1,1
329,457,940.77,876.38,58.84,46.91,0.8800,1,1
329,501,1140.28,584.36,63.40,48.52,0.9055,1,1
329,503,482.35,350.07,33.94,38.10,0.8989,1,1
329,510,673.44,108.51,40.45,43.50,0.6862,1,1
330,1,436.02,427.94,84.45,92.49,0.9199,1,1
330,2,598.72,61.16,51.74,40.81,0.8819,1,1
330,3,449.75,119.42,60.04,47.73,0.9075,1,1
330,5,366.64,227.00,38.99,41.52,0.9101,1,1
330,6,466.05,154.59,40.08,39.25,0.9100,1,1
330,7,615.72,88.75,33.67,43.69,0.8882,1,1
330,9,1455.86,-0.00,37.05,33.35,0.8522,1,1
330,13,1066.88,338.27,100.79,87.19,0.9130,1,1
330,14,356.31,203.65,51.38,35.18,0.7298,1,1
330,16,887.79,141.79,72.97,69.02,0.8048,1,1
330,215,659.63,201.66,78.13,62.87,0.5420,1,1
330,282,1002.76,28.24,50.33,41.94,0.9252,1,1
330,314,958.95,60.44,22.18,18.09,0.7570,1,1
330,328,930.82,0.83,19.28,14.60,0.7361,1,1
330,333,1080.30,409.94,65.15,44.11,0.7403,1,1
330,389,462.23,302.73,51.97,30.92,0.8477,1,1
330,427,799.13,1021.18,32.97,25.13,0.4580,1,1
330,452,960.41,108.53,16.92,19.28,0.3204,1,1
330,457,935.87,882.48,62.61,47.73,0.8973,1,1
330,501,1138.65,582.92,62.31,47.80,0.8845,1,1
330,503,481.31,349.06,34.00,37.36,0.9077,1,1
330,510,673.26,108.64,40.77,43.35,0.7486,1,1
331,1,436.01,427.97,84.05,92.00,0.9199,1,1
331,2,597.22,61.92,52.58,42.97,0.8916,1,1
331,3,450.36,120.63,60.91,47.41,0.9090,1,1
331,5,363.97,227.36,40.42,42.17,0.9158,1,1
331,6,465.67,155.15,40.56,39.46,0.9117,1,1
331,7,614.43,92.59,33.11,40.72,0.9104,1,1
331,9,1455.86,-0.00,37.01,33.20,0.8541,1,1
331,13,1067.24,338.10,100.67,87.19,0.9070,1,1
331,14,356.33,203.36,49.83,33.97,0.7166,1,1
331,16,887.35,141.97,70.74,68.70,0.8861,1,1
331,282,1002.88,28.30,50.15,41.85,0.9244,1,1
331,314,957.76,60.83,22.64,17.96,0.7972,1,1
331,328,931.67,1.00,18.85,14.57,0.7029,1,1
331,333,1079.36,409.66,66.20,44.30,0.7687,1,1
331,389,448.05,308.65,48.95,31.09,0.8322,1,1
331,452,960.43,107.60,16.63,18.45,0.4928,1,1
331,457,928.42,891.09,66.91,47.04,0.8600,1,1
331,501,1137.32,580.08,63.52,48.34,0.8707,1,1
331,503,480.02,348.17,32.85,33.99,0.9036,1,1
331,510,672.85,108.54,41.26,43.45,0.7538,1,1
332,1,436.09,428.45,83.81,91.56,0.9179,1,1
332,2,596.92,62.15,51.58,42.81,0.8926,1,1
332,3,451.12,120.45,61.14,48.64,0.9100,1,1
332,5,360.99,226.94,41.34,42.52,0.9164,1,1
332,6,464.88,157.33,40.20,39.06,0.8982,1,1
332,7,613.31,92.76,33.11,40.61,0.8995,1,1
332,9,1455.49,-0.00,36.82,33.35,0.8570,1,1
332,13,1068.06,337.82,100.57,87.08,0.9020,1,1
332,14,354.48,204.57,49.94,34.06,0.7389,1,1
332,16,888.22,142.40,69.39,68.59,0.9133,1,1
332,282,1002.79,28.29,50.21,41.22,0.9249,1,1
332,314,957.51,61.15,22.27,17.57,0.7853,1,1
332,328,931.94,1.09,18.41,14.31,0.7127,1,1
332,333,1077.96,409.18,67.56,45.03,0.8108,1,1
332,452,960.14,107.28,16.64,18.32,0.3478,1,1
332,457,927.43,898.22,68.47,45.67,0.8981,1,1
332,501,1134.41,577.25,65.80,48.74,0.8515,1,1
332,503,478.78,342.46,33.96,35.83,0.8622,1,1
332,510,672.89,108.44,41.24,43.28,0.7219,1,1
332,513,47.33,579.11,25.02,47.58,0.7466,1,1
333,1,436.15,429.36,83.20,89.90,0.9176,1,1
333,2,596.59,62.01,49.77,41.15,0.8916,1,1
333,3,452.10,120.97,59.87,48.47,0.9078,1,1
333,5,358.92,227.24,41.40,42.85,0.9170,1,1
333,6,464.77,157.60,39.81,39.00,0.8945,1,1
333,7,613.64,92.21,31.88,40.03,0.8783,1,1
333,9,1455.41,-0.00,36.79,33.59,0.8567,1,1
333,13,1068.16,337.50,101.01,87.60,0.8952,1,1
333,14,353.79,203.20,46.59,30.85,0.7753,1,1
333,16,889.15,142.37,70.20,68.91,0.9155,1,1
333,282,1002.83,28.29,50.50,40.89,0.9247,1,1
333,314,957.30,61.03,23.04,17.37,0.8395,1,1
333,328,931.91,1.07,18.35,14.18,0.7137,1,1
333,333,1076.31,408.59,68.98,45.69,0.8237,1,1
333,457,924.20,904.47,68.95,44.49,0.8744,1,1
333,480,479.00,341.45,33.36,32.66,0.8021,1,1
333,501,1134.83,576.68,64.99,47.08,0.8554,1,1
333,510,673.20,108.31,41.16,42.82,0.8242,1,1
334,1,435.97,429.35,83.53,90.03,0.9175,1,1
334,2,596.54,62.01,49.85,41.15,0.8919,1,1
334,3,452.29,120.97,59.50,48.47,0.9083,1,1
334,5,358.94,227.25,41.32,42.84,0.9170,1,1
334,6,464.78,157.57,39.74,39.11,0.8950,1,1
334,7,613.83,92.21,31.49,40.00,0.8784,1,1
334,9,1455.48,0.00,36.65,33.61,0.8569,1,1
334,13,1068.17,337.49,101.00,87.71,0.8948,1,1
334,14,353.33,203.14,47.24,30.78,0.7753,1,1
334,16,889.05,142.36,70.37,68.92,0.9158,1,1
334,282,1002.73,28.28,50.70,40.90,0.9247,1,1
334,314,957.06,61.03,23.49,17.38,0.8401,1,1
334,328,931.89,1.06,18.39,14.14,0.7137,1,1
334,333,1076.38,408.68,69.03,45.59,0.8300,1,1
334,457,923.61,904.56,70.04,44.47,0.8742,1,1
334,480,479.03,341.44,33.37,32.63,0.8031,1,1
334,501,1134.44,576.61,65.77,47.17,0.8556,1,1
334,510,673.11,108.29,41.47,43.07,0.8263,1,1
335,1,435.73,429.47,83.91,90.54,0.9181,1,1
335,2,595.52,61.93,50.44,41.87,0.8902,1,1
335,3,452.46,120.94,59.02,48.18,0.9074,1,1
335,5,356.83,228.60,39.76,42.91,0.9067,1,1
335,6,464.47,158.15,39.67,38.89,0.8816,1,1
335,7,614.03,92.57,30.42,39.62,0.8607,1,1
335,9,1455.47,0.00,36.49,33.71,0.8634,1,1
335,13,1068.29,337.45,101.28,87.96,0.8955,1,1
335,14,349.66,205.80,47.79,30.90,0.7089,1,1
335,16,889.22,142.28,69.74,67.58,0.9108,1,1
335,282,1003.11,28.43,50.26,40.86,0.9216,1,1
335,314,956.35,60.77,23.40,17.63,0.8660,1,1
335,328,931.87,1.26,18.54,14.05,0.7671,1,1
335,333,1075.87,408.33,69.74,46.07,0.8221,1,1
335,452,962.68,106.35,16.56,18.04,0.3377,1,1
335,457,920.05,909.72,72.73,45.98,0.7650,1,1
335,480,478.19,338.45,34.05,35.09,0.8615,1,1
335,501,1136.19,575.44,64.22,46.62,0.8503,1,1
335,510,673.01,108.30,41.66,42.83,0.8907,1,1
335,517,628.78,361.43,23.81,31.18,0.5476,1,1
335,518,407.30,334.80,34.39,32.94,0.8176,1,1
335,519,667.28,163.31,20.79,20.27,0.7136,1,1
336,1,435.30,429.13,84.58,91.60,0.9179,1,1
336,2,594.29,62.39,50.63,41.77,0.8862,1,1
336,3,452.99,120.96,57.54,46.04,0.9017,1,1
336,5,352.65,229.84,39.73,43.34,0.9129,1,1
336,6,463.63,157.98,39.62,37.59,0.8925,1,1
336,7,614.82,92.71,28.89,39.52,0.8762,1,1
336,9,1455.62,-0.00,36.19,33.68,0.8691,1,1
336,13,1068.70,337.52,100.94,87.97,0.8951,1,1
336,14,348.81,207.20,45.16,27.76,0.7433,1,1
336,16,890.25,142.34,69.38,67.32,0.9000,1,1
336,282,1004.19,30.85,48.65,38.73,0.9156,1,1
336,314,956.42,60.46,23.48,17.82,0.8531,1,1
336,328,931.46,1.37,18.93,14.10,0.7899,1,1
336,333,1075.55,407.96,70.27,46.51,0.8329,1,1
336,421,1064.03,1017.01,28.12,30.49,0.3947,1,1
336,452,962.03,105.57,17.23,18.42,0.7586,1,1
336,457,919.38,913.22,74.50,47.53,0.5642,1,1
336,470,172.26,1033.95,37.73,44.68,0.6221,1,1
336,479,-1.54,904.47,20.95,53.13,0.3827,1,1
336,480,477.98,338.04,34.01,34.97,0.8526,1,1
336,501,1137.88,575.71,62.71,45.64,0.7079,1,1
336,509,43.55,540.88,23.56,40.92,0.4511,1,1
336,510,673.45,108.34,41.03,40.93,0.8827,1,1
336,519,664.20,161.48,23.90,22.59,0.7816,1,1
337,1,435.37,428.50,84.08,90.16,0.9179,1,1
337,2,593.64,63.00,49.90,41.03,0.8960,1,1
337,3,451.56,120.87,57.70,45.60,0.8925,1,1
337,5,350.32,230.30,40.02,43.72,0.9237,1,1
337,6,462.54,157.80,39.94,37.77,0.8864,1,1
337,7,614.08,90.44,29.37,42.19,0.8834,1,1
337,9,1455.54,0.00,36.49,33.97,0.8706,1,1
337,13,1069.04,337.55,100.48,87.58,0.8903,1,1
337,14,345.80,207.67,47.44,27.37,0.7761,1,1
337,16,890.61,142.27,70.06,67.47,0.9027,1,1
337,282,1004.11,31.86,48.27,37.64,0.8993,1,1
337,314,957.75,60.12,23.87,18.03,0.8412,1,1
337,328,930.49,1.62,19.67,14.02,0.7937,1,1
337,333,1075.71,407.51,70.15,46.85,0.8290,1,1
337,421,1063.92,1016.91,28.28,30.83,0.4413,1,1
337,452,961.74,105.27,17.27,18.48,0.7960,1,1
337,457,919.59,916.99,72.31,46.55,0.5692,1,1
337,470,178.79,1030.17,36.16,43.35,0.5171,1,1
337,480,476.73,338.38,35.73,39.93,0.8628,1,1
337,501,1140.35,576.88,62.62,46.04,0.5630,1,1
337,510,673.40,108.24,41.23,40.57,0.8812,1,1
337,519,664.62,162.60,23.75,22.01,0.6998,1,1
337,521,62.08,603.37,23.74,34.41,0.4239,1,1
337,522,104.91,639.12,27.60,32.61,0.6121,1,1
337,523,697.74,130.63,17.22,21.97,0.5635,1,1
338,1,434.38,427.89,84.60,90.80,0.9210,1,1
338,2,592.72,63.36,50.33,41.00,0.8825,1,1
338,3,451.58,120.60,57.60,45.51,0.8901,1,1
338,5,346.88,231.94,40.71,43.88,0.9097,1,1
338,6,461.36,155.95,40.49,39.15,0.8858,1,1
338,7,614.12,89.80,28.99,42.91,0.8831,1,1
338,9,1455.40,-0.00,36.71,34.06,0.8717,1,1
338,13,1068.93,337.18,101.02,88.42,0.8890,1,1
338,14,342.71,208.31,50.46,28.48,0.7819,1,1
338,16,891.99,141.59,70.22,67.53,0.9003,1,1
338,282,1003.63,29.21,50.31,40.11,0.8864,1,1
338,314,957.87,60.37,23.77,18.02,0.8481,1,1
338,328,929.54,1.41,20.81,14.21,0.8024,1,1
338,333,1075.23,407.13,70.47,47.38,0.8239,1,1
338,421,1064.00,1016.97,28.11,30.64,0.4013,1,1
338,452,961.89,104.87,17.61,18.73,0.8311,1,1
338,457,918.84,920.18,71.86,46.69,0.4799,1,1
338,480,477.75,340.77,35.30,40.24,0.8819,1,1
338,501,1144.61,578.53,61.03,46.51,0.6441,1,1
338,510,673.43,108.00,41.66,40.44,0.8813,1,1
338,521,60.16,608.04,29.40,44.03,0.4470,1,1
338,522,105.08,638.57,27.92,33.15,0.6468,1,1
338,523,697.83,131.15,16.67,21.32,0.4430,1,1
339,1,434.20,428.55,84.18,89.98,0.9200,1,1
339,2,591.67,64.24,50.87,41.77,0.8770,1,1
339,3,451.02,119.85,57.04,45.57,0.8912,1,1
339,5,343.84,236.30,40.50,44.27,0.9097,1,1
339,6,460.80,154.37,40.63,39.71,0.8891,1,1
339,7,612.30,89.20,30.62,46.81,0.8897,1,1
339,9,1455.43,0.00,36.83,34.26,0.8715,1,1
339,13,1069.04,337.07,100.99,88.71,0.8901,1,1
339,14,336.22,208.99,56.50,32.53,0.8249,1,1
339,16,892.12,141.21,69.97,67.50,0.9129,1,1
339,215,678.97,198.47,81.66,65.41,0.2995,1,1
339,282,1003.17,29.32,49.98,39.48,0.8918,1,1
339,314,957.30,60.36,23.17,17.94,0.8581,1,1
339,328,930.60,0.78,20.88,14.75,0.7816,1,1
339,333,1077.05,408.15,68.82,46.61,0.7900,1,1
339,421,1063.92,1016.90,28.28,30.87,0.4514,1,1
339,452,961.56,105.18,17.76,18.11,0.8438,1,1
339,457,920.08,921.38,70.78,46.86,0.5557,1,1
339,480,478.62,339.14,36.02,41.07,0.8666,1,1
339,501,1148.39,582.02,55.07,47.17,0.8304,1,1
339,510,673.78,107.98,41.18,39.27,0.8669,1,1
339,521,60.46,608.70,29.34,45.62,0.4429,1,1
339,522,105.42,637.64,28.23,33.91,0.7223,1,1
339,523,697.06,130.09,18.05,23.32,0.4295,1,1
339,527,639.30,338.47,29.32,41.75,0.7095,1,1
340,1,434.12,428.44,84.36,90.16,0.9208,1,1
340,2,591.76,64.20,50.68,41.79,0.8782,1,1
340,3,451.15,119.84,56.77,45.60,0.8916,1,1
340,5,343.93,236.31,40.29,44.28,0.9096,1,1
340,6,460.90,154.35,40.45,39.73,0.8891,1,1
340,7,612.51,89.20,30.23,46.86,0.8896,1,1
340,9,1455.49,0.00,36.75,34.25,0.8712,1,1
340,13,1069.14,337.09,100.81,88.67,0.8910,1,1
340,14,336.28,209.02,56.16,32.64,0.8243,1,1
340,16,892.16,141.22,69.99,67.51,0.9129,1,1
340,215,679.45,198.38,82.04,65.50,0.3040,1,1
340,282,1003.06,29.29,50.18,39.51,0.8919,1,1
340,314,957.40,60.36,22.92,17.94,0.8579,1,1
340,328,930.86,0.76,20.45,14.77,0.7821,1,1
340,333,1077.26,408.20,68.50,46.60,0.7828,1,1
340,421,1063.91,1016.89,28.28,30.89,0.4660,1,1
340,452,961.39,105.19,18.09,18.09,0.8437,1,1
340,457,920.72,921.53,69.69,46.88,0.5497,1,1
340,470,184.37,1014.43,42.28,49.78,0.7675,1,1
340,480,478.64,339.11,36.04,41.12,0.8647,1,1
340,501,1149.71,582.12,52.49,47.18,0.8312,1,1
340,510,673.55,108.01,41.70,39.57,0.8679,1,1
340,521,60.82,608.70,28.55,46.03,0.4136,1,1
340,522,105.55,637.53,28.05,33.99,0.7377,1,1
340,523,697.07,130.08,18.03,23.49,0.4000,1,1
340,527,640.07,338.12,28.25,41.90,0.7127,1,1
340,529,601.30,270.37,28.93,26.92,0.8271,1,1
340,530,695.01,159.91,26.69,20.72,0.8554,1,1
341,1,434.01,428.74,83.68,89.10,0.9218,1,1
341,2,591.36,64.35,51.09,41.08,0.8850,1,1
341,3,450.08,119.63,55.91,45.34,0.8921,1,1
341,5,342.67,240.30,39.44,42.12,0.9207,1,1
341,6,460.62,153.90,40.00,39.20,0.8795,1,1
341,7,613.68,89.75,29.32,46.01,0.8945,1,1
341,9,1455.57,0.00,36.37,33.56,0.8662,1,1
341,13,1069.60,337.26,100.32,88.30,0.8933,1,1
341,14,333.87,210.71,57.75,34.79,0.8215,1,1
341,16,893.06,140.83,70.78,68.25,0.9053,1,1
341,215,681.24,198.55,82.53,65.84,0.6113,1,1
341,282,1002.98,28.38,50.19,40.09,0.9070,1,1
341,314,957.65,61.13,21.91,17.34,0.8744,1,1
341,328,931.07,0.56,20.27,14.86,0.6550,1,1
341,333,1077.59,408.31,67.94,46.92,0.8367,1,1
341,421,1064.05,1017.07,28.11,30.61,0.4750,1,1
341,452,962.81,104.84,18.01,18.25,0.7819,1,1
341,457,920.73,921.98,69.29,47.04,0.4198,1,1
341,480,478.56,336.91,35.58,40.47,0.4634,1,1
341,501,1148.45,584.43,51.64,46.67,0.6524,1,1
341,503,477.34,336.21,37.67,40.01,0.6359,1,1
341,510,674.35,107.86,39.95,36.29,0.8588,1,1
341,521,65.06,607.77,23.66,40.30,0.6732,1,1
341,522,105.95,636.21,28.32,34.89,0.7486,1,1
341,529,600.07,268.34,29.78,27.72,0.3472,1,1
341,530,693.12,155.59,29.24,24.35,0.8575,1,1
341,534,366.48,373.72,40.13,31.48,0.8733,1,1
341,535,3.68,852.70,37.09,56.63,0.8114,1,1
342,1,433.67,429.06,83.49,88.83,0.9206,1,1
342,2,590.90,66.02,51.63,41.62,0.8808,1,1
342,3,448.95,119.10,55.59,45.32,0.8896,1,1
342,5,342.14,243.32,38.96,41.45,0.9099,1,1
342,6,460.14,154.10,39.49,38.21,0.8851,1,1
342,7,616.03,90.44,27.45,45.29,0.8895,1,1
342,9,1455.73,0.00,36.34,33.56,0.8616,1,1
342,13,1070.08,337.81,100.00,88.52,0.9023,1,1
342,14,329.99,209.40,60.38,39.06,0.8340,1,1
342,16,894.59,141.18,70.17,68.28,0.9104,1,1
342,215,683.32,197.92,83.71,67.68,0.8878,1,1
342,282,1003.01,28.22,49.75,39.49,0.9060,1,1
342,314,957.21,61.42,22.14,17.65,0.8640,1,1
342,328,931.32,0.70,19.81,14.87,0.7319,1,1
342,333,1078.12,408.41,67.66,47.30,0.8108,1,1
342,421,1064.20,1016.97,28.24,30.86,0.5181,1,1
342,452,962.93,104.11,18.66,18.98,0.3159,1,1
342,457,923.17,921.24,66.23,46.02,0.6455,1,1
342,480,479.20,336.71,36.15,38.19,0.8436,1,1
342,501,1146.63,588.67,52.09,45.97,0.7998,1,1
342,510,674.35,107.89,38.92,33.79,0.8312,1,1
342,521,65.97,609.06,23.24,41.47,0.6268,1,1
342,522,106.52,634.38,28.65,36.10,0.7908,1,1
342,529,599.64,268.91,28.26,26.62,0.7194,1,1
342,530,691.68,149.31,29.76,25.39,0.6401,1,1
342,534,364.36,375.23,37.83,30.34,0.8750,1,1
343,1,432.85,429.44,83.69,88.28,0.9231,1,1
343,2,591.08,66.87,51.65,41.01,0.8788,1,1
343,3,448.47,119.47,55.97,44.51,0.8919,1,1
343,5,339.87,246.29,38.40,40.60,0.9139,1,1
343,6,459.61,153.47,39.85,38.52,0.8856,1,1
343,7,617.16,89.77,26.61,45.49,0.8823,1,1
343,9,1455.74,0.00,36.39,33.82,0.8652,1,1
343,13,1071.49,338.57,99.62,88.83,0.9048,1,1
343,14,328.09,210.24,58.82,41.32,0.8648,1,1
343,16,895.89,140.64,68.69,67.10,0.9002,1,1
343,215,685.78,197.68,83.93,68.14,0.8671,1,1
343,282,1001.74,28.13,50.50,40.79,0.9096,1,1
343,314,957.41,61.25,21.65,17.64,0.8764,1,1
343,328,931.52,0.79,19.36,14.79,0.7410,1,1
343,333,1079.45,409.57,67.01,46.98,0.8271,1,1
343,421,1063.84,1016.66,28.27,31.25,0.7127,1,1
343,480,478.74,337.42,37.36,37.34,0.8497,1,1
343,501,1146.30,593.10,49.85,45.30,0.8832,1,1
343,510,674.37,107.85,38.67,33.38,0.5168,1,1
343,521,67.33,607.70,22.82,42.10,0.6906,1,1
343,522,107.07,633.22,28.54,36.33,0.8362,1,1
343,534,363.79,374.79,36.76,30.51,0.8822,1,1
344,1,432.55,429.28,84.01,88.90,0.9237,1,1
344,2,590.72,67.46,52.34,41.31,0.8697,1,1
344,3,447.40,118.61,56.24,44.42,0.8938,1,1
344,5,338.52,247.84,38.42,39.62,0.9151,1,1
344,6,458.42,153.30,40.12,37.97,0.8965,1,1
344,7,617.74,90.63,26.40,45.78,0.8947,1,1
344,9,1456.14,0.00,36.37,33.49,0.8462,1,1
344,13,1072.03,340.19,99.37,88.86,0.9043,1,1
344,14,327.10,210.76,57.75,42.42,0.8832,1,1
344,16,897.24,140.32,70.17,69.31,0.8473,1,1
344,215,688.28,197.15,82.35,67.34,0.8203,1,1
344,282,1001.68,28.10,50.12,40.60,0.9115,1,1
344,314,956.86,60.79,21.06,18.06,0.8598,1,1
344,328,931.30,0.73,19.34,14.94,0.7303,1,1
344,333,1079.79,410.53,66.50,46.93,0.7697,1,1
344,421,1064.65,1016.78,27.34,30.31,0.5600,1,1
344,501,1138.36,595.05,54.59,46.94,0.8775,1,1
344,503,478.60,339.11,39.72,41.44,0.8483,1,1
344,510,674.15,108.27,39.97,32.14,0.8002,1,1
344,521,69.63,607.71,21.57,40.51,0.7323,1,1
344,522,107.45,633.52,28.33,36.32,0.8369,1,1
344,534,361.52,373.58,35.52,29.87,0.8841,1,1
344,537,403.34,313.73,26.37,39.32,0.7068,1,1
344,539,662.02,321.08,26.37,42.84,0.6773,1,1
344,540,206.03,984.44,39.56,46.89,0.8777,1,1
344,541,987.71,667.60,63.99,35.85,0.7102,1,1
345,1,432.48,430.05,83.81,88.92,0.9167,1,1
345,2,589.57,67.35,54.12,43.56,0.8704,1,1
345,3,446.55,117.81,55.32,43.67,0.8927,1,1
345,5,336.27,248.58,38.93,39.00,0.8999,1,1
345,6,457.11,154.14,39.63,36.65,0.9068,1,1
345,7,619.08,90.93,25.96,45.66,0.9000,1,1
345,9,1456.15,0.00,36.23,33.24,0.8498,1,1
345,13,1073.38,342.68,99.24,89.35,0.9060,1,1
345,14,325.53,211.30,58.23,43.48,0.8915,1,1
345,16,898.48,139.94,68.86,68.15,0.8764,1,1
345,215,689.67,196.07,83.11,67.98,0.5046,1,1
345,282,1001.89,28.23,49.70,40.03,0.9071,1,1
345,314,957.44,60.71,20.36,18.35,0.8592,1,1
345,328,931.47,0.86,19.06,14.85,0.7546,1,1
345,333,1082.11,412.62,65.35,45.54,0.7746,1,1
345,421,1064.42,1016.93,26.96,29.92,0.3326,1,1
345,457,921.40,917.97,63.27,44.47,0.4285,1,1
345,501,1131.52,596.53,59.48,46.64,0.8809,1,1
345,503,479.21,343.10,40.45,43.02,0.8433,1,1
345,510,676.13,108.18,35.94,27.31,0.7891,1,1
345,521,71.17,605.80,22.12,41.45,0.6804,1,1
345,522,108.02,633.44,28.14,36.37,0.8311,1,1
345,534,359.35,372.29,33.46,29.17,0.8896,1,1
345,537,402.17,313.39,25.91,38.49,0.6825,1,1
345,540,208.97,977.36,37.99,45.36,0.8239,1,1
345,541,998.75,674.34,66.07,38.00,0.3491,1,1
345,542,970.92,96.87,16.34,22.04,0.7594,1,1
346,1,432.50,430.04,83.84,89.00,0.9172,1,1
346,2,589.79,67.33,53.64,43.58,0.8702,1,1
346,3,446.48,117.76,55.32,43.75,0.8932,1,1
346,5,336.03,248.59,39.39,38.99,0.9000,1,1
346,6,456.94,154.16,39.93,36.63,0.9068,1,1
346,7,619.15,90.91,25.83,45.70,0.9000,1,1
346,9,1456.12,-0.00,36.30,33.23,0.8497,1,1
346,13,1073.46,342.68,99.05,89.36,0.9058,1,1
346,14,325.69,211.24,57.90,43.58,0.8917,1,1
346,16,898.51,139.93,68.79,68.15,0.8763,1,1
346,215,689.91,195.83,83.19,68.06,0.4808,1,1
346,282,1001.84,28.22,49.82,40.02,0.9072,1,1
346,314,957.68,60.61,19.88,18.47,0.8594,1,1
346,328,931.52,0.88,18.96,14.84,0.7604,1,1
346,333,1081.98,412.73,65.79,45.45,0.7737,1,1
346,421,1064.36,1016.94,26.80,29.77,0.3436,1,1
346,457,921.52,917.59,62.50,44.33,0.4255,1,1
346,501,1130.61,596.65,61.36,46.09,0.8814,1,1
346,503,479.31,343.14,40.20,43.12,0.8532,1,1
346,510,675.66,108.17,36.90,27.14,0.7875,1,1
346,521,71.20,605.45,22.27,41.68,0.6891,1,1
346,522,108.06,633.42,28.01,36.40,0.8317,1,1
346,534,359.57,372.26,32.96,29.17,0.8898,1,1
346,537,402.05,313.34,25.96,38.47,0.6901,1,1
346,540,209.11,977.17,37.78,45.29,0.8199,1,1
346,541,1002.30,676.29,64.76,38.41,0.3525,1,1
346,542,970.93,96.83,16.31,22.14,0.7589,1,1
346,544,688.34,126.04,24.79,24.91,0.8464,1,1
346,545,627.55,194.06,33.51,34.40,0.8843,1,1
347,1,432.45,430.29,83.77,89.04,0.9176,1,1
347,2,590.28,66.96,53.84,43.59,0.8651,1,1
347,3,445.79,117.06,54.67,43.34,0.8941,1,1
347,5,333.58,248.28,39.74,39.76,0.8984,1,1
347,6,455.77,152.82,40.14,36.74,0.9057,1,1
347,7,620.37,90.51,25.38,45.52,0.8887,1,1
347,9,1456.22,0.00,36.45,33.25,0.8489,1,1
347,13,1075.60,344.58,98.80,90.04,0.9197,1,1
347,14,323.75,211.48,58.42,43.48,0.8989,1,1
347,16,899.06,139.36,68.37,68.32,0.8611,1,1
347,215,691.42,195.16,84.03,68.64,0.5272,1,1
347,282,1001.42,28.13,50.07,41.02,0.9111,1,1
347,314,958.69,60.62,19.39,19.45,0.8726,1,1
347,328,931.29,0.83,18.95,14.92,0.7683,1,1
347,333,1082.94,416.06,62.70,43.00,0.5763,1,1
347,421,1064.53,1016.23,26.80,29.64,0.3282,1,1
347,457,922.06,918.88,59.30,42.57,0.4598,1,1
347,501,1128.22,598.24,64.14,48.94,0.8660,1,1
347,503,479.20,342.82,38.90,41.40,0.8298,1,1
347,510,677.92,108.88,35.12,25.91,0.4134,1,1
347,521,72.42,607.36,21.40,39.97,0.7121,1,1
347,522,108.15,633.73,27.43,35.88,0.8376,1,1
347,534,358.36,371.73,32.09,28.68,0.8770,1,1
347,537,401.44,313.12,25.48,37.79,0.4114,1,1
347,540,212.87,970.85,38.37,46.30,0.7607,1,1
347,542,970.44,93.82,18.21,26.13,0.8305,1,1
347,544,682.48,124.16,27.13,27.22,0.2582,1,1
347,545,633.87,202.73,34.95,33.23,0.8725,1,1
347,546,9.19,1028.39,36.91,25.39,0.3722,1,1
347,547,842.39,724.54,108.40,100.24,0.8034,1,1
348,1,432.77,431.43,83.89,87.88,0.9217,1,1
348,2,590.53,65.52,53.93,44.10,0.8628,1,1
348,3,445.20,116.19,53.38,42.27,0.8973,1,1
348,5,331.63,248.74,40.50,39.93,0.8956,1,1
348,6,454.56,151.04,41.21,37.89,0.8985,1,1
348,7,622.32,91.94,24.55,42.93,0.8831,1,1
348,9,1456.12,0.00,36.59,33.37,0.8542,1,1
348,13,1076.34,346.54,98.88,90.23,0.9201,1,1
348,14,321.62,213.49,57.61,41.55,0.8978,1,1
348,16,900.84,138.87,67.47,66.36,0.8322,1,1
348,215,692.26,194.67,84.66,69.12,0.4908,1,1
348,282,1001.42,28.29,49.61,41.24,0.9101,1,1
348,314,960.05,59.91,18.35,19.71,0.8759,1,1
348,328,930.32,0.78,19.31,15.00,0.7807,1,1
348,333,1083.54,419.31,60.91,40.94,0.6359,1,1
348,480,478.61,341.79,38.00,35.98,0.8545,1,1
348,501,1129.80,600.01,62.60,49.01,0.8349,1,1
348,510,678.02,107.97,32.51,21.98,0.7065,1,1
348,521,73.40,608.29,22.01,39.17,0.8082,1,1
348,522,108.06,633.19,27.41,36.41,0.8420,1,1
348,534,355.62,370.20,32.63,27.89,0.8780,1,1
348,537,401.14,311.54,25.58,38.00,0.2508,1,1
348,540,218.95,966.55,37.91,46.32,0.5219,1,1
348,542,971.84,92.77,17.26,25.99,0.8157,1,1
348,545,640.11,208.17,32.38,32.33,0.8825,1,1
348,547,840.67,730.15,106.67,101.51,0.8495,1,1
349,1,432.84,431.66,84.25,87.77,0.9230,1,1
349,2,591.73,65.92,53.81,44.12,0.8666,1,1
349,3,444.03,115.67,53.42,41.50,0.9034,1,1
349,5,329.53,248.56,40.91,40.15,0.8944,1,1
349,6,454.00,149.41,40.71,38.41,0.9161,1,1
349,7,623.69,90.43,24.83,44.07,0.8880,1,1
349,9,1456.19,0.00,36.39,33.15,0.8489,1,1
349,13,1077.87,348.67,98.50,88.99,0.9101,1,1
349,14,319.24,213.83,57.95,41.45,0.8886,1,1
349,16,901.33,137.71,67.14,64.92,0.8132,1,1
349,215,693.90,194.65,83.77,68.81,0.6571,1,1
349,282,1001.56,27.89,49.46,41.69,0.9109,1,1
349,314,964.40,60.71,17.07,17.43,0.8212,1,1
349,328,929.89,0.79,19.54,14.84,0.7787,1,1
349,333,1084.76,421.17,60.06,39.56,0.5709,1,1
349,457,911.71,922.26,60.65,42.65,0.4672,1,1
349,480,478.40,338.96,35.18,33.43,0.7890,1,1
349,521,73.19,608.20,22.61,39.51,0.7879,1,1
349,522,108.23,632.51,27.45,37.11,0.8317,1,1
349,534,352.56,367.14,34.77,29.23,0.8846,1,1
349,537,403.03,309.07,25.01,37.97,0.7372,1,1
349,540,226.14,961.63,36.27,44.49,0.5411,1,1
349,542,972.80,92.83,16.66,25.90,0.8285,1,1
349,545,646.16,212.63,27.30,28.61,0.8724,1,1
349,547,843.27,734.52,106.20,98.42,0.9120,1,1
350,1,433.54,431.41,83.62,87.62,0.9252,1,1
350,2,592.64,65.37,54.05,44.47,0.8624,1,1
350,3,443.34,115.06,53.55,41.60,0.9071,1,1
350,5,327.44,247.40,40.75,41.11,0.8916,1,1
350,6,452.95,148.54,40.45,38.36,0.9231,1,1
350,7,626.24,89.23,24.30,43.91,0.8414,1,1
350,9,1456.10,0.00,36.54,33.37,0.8634,1,1
350,13,1078.29,349.63,100.38,91.01,0.8942,1,1
350,14,317.60,214.40,57.27,41.28,0.8725,1,1
350,16,901.56,137.28,67.16,64.25,0.8369,1,1
350,215,696.12,194.63,83.24,68.25,0.2603,1,1
350,282,1002.06,27.56,49.31,42.12,0.9190,1,1
350,314,965.88,59.70,17.00,17.39,0.7302,1,1
350,328,929.60,0.76,19.55,14.89,0.7316,1,1
350,333,1085.31,422.02,60.42,39.26,0.4178,1,1
350,457,908.75,923.66,62.12,43.10,0.3053,1,1
350,480,479.49,338.39,33.86,31.93,0.6635,1,1
350,521,72.94,608.19,23.21,40.09,0.8111,1,1
350,522,108.60,633.07,26.92,36.65,0.8343,1,1
350,529,590.93,271.90,27.26,25.97,0.3296,1,1
350,534,352.35,364.56,33.81,28.56,0.8657,1,1
350,537,403.92,308.58,25.72,39.42,0.4107,1,1
350,540,234.40,956.24,36.21,44.81,0.4402,1,1
350,542,972.15,92.57,16.48,26.74,0.8263,1,1
350,545,649.51,215.28,24.91,26.98,0.8751,1,1
350,547,844.65,739.89,106.80,94.31,0.9328,1,1
351,1,433.95,431.83,83.27,87.13,0.9250,1,1
351,2,592.65,64.92,55.09,47.36,0.8771,1,1
351,3,442.41,115.03,53.36,40.90,0.9006,1,1
351,5,326.27,247.56,38.95,40.82,0.9070,1,1
351,6,451.51,148.32,40.41,38.38,0.9233,1,1
351,7,629.00,84.73,25.28,46.68,0.6345,1,1
351,9,1455.95,0.00,37.09,33.84,0.8647,1,1
351,13,1079.22,350.87,100.45,91.58,0.8782,1,1
351,14,316.06,214.19,57.33,41.41,0.8659,1,1
351,16,901.17,137.10,67.00,64.53,0.8280,1,1
351,282,1001.69,27.01,49.10,42.49,0.9145,1,1
351,314,967.19,59.68,17.55,17.65,0.7468,1,1
351,328,929.64,0.80,18.89,14.62,0.7538,1,1
351,480,478.37,338.46,33.96,31.99,0.4873,1,1
351,521,72.72,608.04,23.63,40.24,0.8421,1,1
351,522,108.23,633.38,26.66,36.68,0.8458,1,1
351,534,350.96,360.28,33.95,28.77,0.8606,1,1
351,542,971.44,93.33,15.23,24.67,0.8149,1,1
351,545,649.35,216.00,23.74,24.16,0.8691,1,1
351,547,844.35,744.56,109.14,99.10,0.9366,1,1
352,1,433.93,431.82,83.42,87.15,0.9254,1,1
352,2,593.16,64.99,54.06,47.32,0.8771,1,1
352,3,442.28,115.01,53.61,40.89,0.9006,1,1
352,5,326.49,247.55,38.45,40.82,0.9071,1,1
352,6,451.47,148.29,40.43,38.40,0.9235,1,1
352,7,629.57,84.23,24.82,46.98,0.6343,1,1
352,9,1455.94,-0.00,37.12,33.84,0.8647,1,1
352,13,1079.38,350.89,100.19,91.56,0.8782,1,1
352,14,316.08,214.20,57.25,41.38,0.8666,1,1
352,16,900.64,137.18,66.87,65.50,0.8268,1,1
352,282,1001.74,27.01,48.92,42.46,0.9144,1,1
352,314,967.15,59.67,17.79,17.68,0.7477,1,1
352,328,929.73,0.79,18.66,14.61,0.7547,1,1
352,480,478.09,338.46,34.04,32.01,0.4813,1,1
352,521,72.62,608.09,23.74,40.20,0.8405,1,1
352,522,108.28,633.42,26.51,36.65,0.8454,1,1
352,534,350.95,360.20,33.92,28.78,0.8605,1,1
352,542,971.42,93.35,15.19,24.55,0.8148,1,1
352,545,649.00,216.00,24.40,24.12,0.8690,1,1
352,547,844.70,744.57,108.46,99.09,0.9366,1,1
353,1,434.04,431.36,83.60,87.42,0.9259,1,1
353,2,596.37,64.28,52.17,45.85,0.8734,1,1
353,3,441.31,115.10,53.28,41.01,0.8948,1,1
353,5,325.17,247.46,38.41,40.77,0.9067,1,1
353,6,450.18,148.45,40.47,37.50,0.9238,1,1
353,7,632.43,81.15,21.80,41.51,0.3275,1,1
353,9,1455.88,0.00,36.91,33.61,0.8631,1,1
353,13,1079.83,351.56,101.07,92.74,0.8902,1,1
353,14,314.53,213.50,57.16,42.11,0.8831,1,1
353,16,902.24,136.70,65.31,64.45,0.8469,1,1
353,215,697.61,194.49,83.44,68.25,0.3725,1,1
353,282,1002.04,25.86,49.35,43.55,0.9195,1,1
353,314,966.48,59.25,18.19,18.51,0.7590,1,1
353,328,929.83,0.79,18.49,14.62,0.7403,1,1
353,421,1064.44,1015.85,26.32,27.48,0.7048,1,1
353,503,478.58,341.89,35.60,37.70,0.6690,1,1
353,521,72.57,608.08,23.84,40.25,0.8415,1,1
353,522,108.33,633.45,26.39,36.61,0.8449,1,1
353,534,348.37,354.39,34.00,28.67,0.8423,1,1
353,542,969.65,92.15,15.69,26.00,0.7423,1,1
353,545,651.40,215.75,23.77,24.02,0.8450,1,1
353,547,847.17,747.89,110.12,98.75,0.9423,1,1
353,551,636.73,79.74,16.47,33.33,0.6628,1,1
353,552,1205.61,550.95,50.45,36.27,0.6169,1,1
354,1,434.07,431.57,83.64,87.24,0.9256,1,1
354,2,599.36,62.26,52.56,45.24,0.8749,1,1
354,3,440.70,115.27,52.21,40.14,0.8925,1,1
354,5,323.42,246.06,39.29,41.70,0.8990,1,1
354,6,448.77,148.25,40.90,37.25,0.9251,1,1
354,9,1455.82,0.00,36.65,33.08,0.8348,1,1
354,13,1079.96,352.31,101.13,92.73,0.9008,1,1
354,14,313.54,213.93,55.91,41.67,0.8756,1,1
354,16,902.47,136.38,64.42,64.44,0.8358,1,1
354,215,698.12,194.54,83.82,68.18,0.5557,1,1
354,282,1002.56,28.44,47.80,40.74,0.9040,1,1
354,328,929.11,0.72,18.55,14.77,0.7980,1,1
354,421,1064.27,1015.80,27.10,28.13,0.6274,1,1
354,503,477.17,343.86,35.71,40.83,0.8352,1,1
354,521,72.27,608.04,23.24,39.58,0.8096,1,1
354,522,108.47,633.88,26.07,36.13,0.8474,1,1
354,534,345.83,350.68,34.76,27.97,0.8527,1,1
354,542,968.38,96.54,14.72,24.28,0.6262,1,1
354,545,653.78,214.50,22.11,22.13,0.8653,1,1
354,547,849.58,751.79,106.46,93.94,0.9351,1,1
354,551,638.69,81.12,17.33,34.30,0.6496,1,1
354,552,1207.90,551.27,49.47,35.79,0.6178,1,1
355,1,434.18,431.84,83.71,87.18,0.9227,1,1
355,2,601.18,61.33,54.57,46.81,0.8831,1,1
355,3,439.90,115.26,52.51,41.18,0.8995,1,1
355,5,323.15,244.93,39.33,42.07,0.8948,1,1
355,6,448.42,148.72,40.62,37.57,0.9292,1,1
355,7,637.56,85.37,20.50,37.43,0.7360,1,1
355,9,1455.30,-0.00,36.88,33.82,0.8651,1,1
355,13,1079.94,352.10,101.76,93.79,0.9068,1,1
355,14,312.51,213.46,56.13,42.16,0.8586,1,1
355,16,902.67,136.42,63.84,64.69,0.8365,1,1
355,215,699.53,194.78,83.64,67.83,0.5286,1,1
355,240,1133.47,538.18,48.04,45.43,0.8612,1,1
355,282,1002.40,28.70,48.22,40.48,0.9064,1,1
355,328,928.74,0.50,18.81,15.03,0.8054,1,1
355,421,1064.29,1015.93,26.83,27.34,0.5992,1,1
355,503,476.69,343.17,33.91,38.71,0.6840,1,1
355,521,71.25,607.26,23.27,39.68,0.7102,1,1
355,522,108.36,633.87,26.03,35.96,0.8445,1,1
355,534,342.96,347.14,35.25,28.13,0.8699,1,1
355,545,652.35,209.62,25.87,21.09,0.8625,1,1
355,547,850.46,756.02,111.98,104.39,0.9346,1,1
355,551,635.95,86.30,21.92,42.73,0.5290,1,1
355,552,1208.91,551.53,49.44,35.93,0.6981,1,1
355,555,1102.17,568.35,56.74,43.35,0.3085,1,1
356,1,434.10,431.55,83.94,87.29,0.9209,1,1
356,2,604.01,60.96,52.98,44.92,0.8659,1,1
356,3,440.07,114.99,52.71,41.88,0.8949,1,1
356,5,321.97,243.56,39.94,43.27,0.8876,1,1
356,6,448.40,149.17,39.81,36.80,0.9234,1,1
356,7,640.37,83.67,20.84,39.52,0.7786,1,1
356,9,1455.32,-0.00,36.94,33.77,0.8645,1,1
356,13,1079.82,352.29,101.44,93.59,0.8960,1,1
356,14,311.57,213.41,55.34,41.46,0.8418,1,1
356,16,902.81,136.02,64.00,65.04,0.8581,1,1
356,215,701.30,195.27,82.29,66.39,0.4241,1,1
356,240,1126.11,536.39,54.76,48.99,0.8478,1,1
356,282,1001.80,27.94,49.09,41.35,0.9185,1,1
356,328,928.71,0.31,18.69,15.14,0.7951,1,1
356,421,1064.65,1016.26,26.30,26.53,0.4780,1,1
356,503,476.64,343.00,31.46,33.87,0.8573,1,1
356,521,71.36,606.20,23.03,38.59,0.7666,1,1
356,522,108.53,633.64,26.11,36.03,0.8442,1,1
356,534,339.00,345.08,34.45,26.83,0.8770,1,1
356,545,654.29,205.71,27.29,21.06,0.8519,1,1
356,547,854.27,759.78,106.84,100.30,0.9357,1,1
356,552,1208.98,552.66,49.27,35.36,0.6989,1,1
356,555,1097.56,567.99,62.83,48.91,0.2905,1,1
356,556,976.85,51.29,15.26,18.00,0.5248,1,1
356,560,415.88,306.32,25.10,27.79,0.7701,1,1
357,1,433.89,431.52,84.04,87.33,0.9243,1,1
357,2,607.65,59.97,53.52,44.49,0.8582,1,1
357,3,440.03,114.66,52.73,42.77,0.8951,1,1
357,5,321.29,242.38,39.37,43.23,0.8979,1,1
357,6,448.27,150.36,39.25,35.54,0.9124,1,1
357,7,642.79,84.66,20.48,38.76,0.7350,1,1
357,9,1455.21,0.00,37.03,34.16,0.8703,1,1
357,13,1079.74,351.75,101.25,93.15,0.8790,1,1
357,14,310.28,210.81,55.89,42.43,0.8394,1,1
357,16,902.30,135.79,65.09,66.65,0.7797,1,1
357,215,702.63,195.85,81.77,65.45,0.5716,1,1
357,240,1125.99,536.79,55.16,48.75,0.8220,1,1
357,282,1001.57,27.98,49.22,41.29,0.9166,1,1
357,328,928.63,0.24,18.30,14.90,0.7857,1,1
357,503,476.58,343.82,30.56,31.27,0.8637,1,1
357,521,72.84,606.27,22.94,38.64,0.2844,1,1
357,522,108.57,633.66,26.04,35.83,0.8275,1,1
357,534,335.72,342.38,33.53,27.62,0.8690,1,1
357,545,655.24,198.38,29.95,23.08,0.8447,1,1
357,547,857.35,762.93,102.92,96.29,0.9347,1,1
357,552,1208.13,554.09,49.66,35.11,0.6182,1,1
357,555,1103.50,577.13,56.09,50.68,0.7677,1,1
357,556,976.70,50.39,15.65,19.46,0.7642,1,1
357,560,414.57,305.30,30.46,28.95,0.8172,1,1
357,561,1121.47,745.72,82.45,48.20,0.3131,1,1
358,1,433.86,431.50,84.07,87.32,0.9248,1,1
358,2,607.43,59.95,54.08,44.51,0.8584,1,1
358,3,440.21,114.67,52.30,42.75,0.8953,1,1
358,5,321.39,242.39,39.15,43.20,0.8979,1,1
358,6,448.12,150.37,39.53,35.54,0.9125,1,1
358,7,642.92,84.74,20.46,38.68,0.7337,1,1
358,9,1455.28,-0.00,36.89,34.16,0.8703,1,1
358,13,1079.66,351.73,101.38,93.15,0.8786,1,1
358,14,310.53,211.00,55.33,42.19,0.8361,1,1
358,16,902.47,135.77,64.81,66.72,0.7791,1,1
358,215,702.58,195.89,82.10,65.37,0.5676,1,1
358,240,1125.83,536.78,55.52,48.75,0.8217,1,1
358,282,1001.51,27.96,49.31,41.29,0.9168,1,1
358,328,928.65,0.23,18.24,14.89,0.7853,1,1
358,503,476.28,343.84,31.17,31.22,0.8639,1,1
358,521,73.45,606.56,22.61,38.27,0.2689,1,1
358,522,108.58,633.69,26.05,35.77,0.8258,1,1
358,534,336.11,342.33,32.61,27.63,0.8688,1,1
358,545,655.23,198.21,30.06,23.15,0.8447,1,1
358,547,857.32,762.93,102.99,96.30,0.9349,1,1
358,552,1207.77,554.22,50.22,35.03,0.6315,1,1
358,555,1105.85,577.45,51.58,50.79,0.7663,1,1
358,556,976.94,50.38,15.19,19.49,0.7602,1,1
358,560,413.45,305.21,32.71,29.03,0.8174,1,1
358,561,1121.67,748.21,84.56,49.95,0.3213,1,1
359,1,433.13,431.52,84.64,88.05,0.9303,1,1
359,2,611.10,58.46,53.97,44.40,0.8693,1,1
359,3,439.78,115.29,53.32,43.33,0.8972,1,1
359,5,320.71,240.37,38.94,42.29,0.9093,1,1
359,6,447.16,151.75,39.58,34.97,0.8980,1,1
359,7,644.53,82.46,21.58,40.80,0.7317,1,1
359,9,1455.28,0.00,36.47,34.15,0.8624,1,1
359,13,1079.21,350.94,101.24,93.19,0.8750,1,1
359,14,308.65,208.76,55.86,42.87,0.8481,1,1
359,16,902.96,135.27,64.29,66.75,0.8333,1,1
359,215,703.23,196.15,82.08,65.21,0.4711,1,1
359,240,1125.46,537.96,56.81,50.00,0.7029,1,1
359,282,1001.68,28.55,48.95,40.65,0.9150,1,1
359,328,928.64,0.18,18.20,14.91,0.7874,1,1
359,503,475.20,345.91,34.04,36.72,0.8405,1,1
359,522,108.79,633.11,26.50,35.74,0.8246,1,1
359,534,335.24,335.54,30.91,27.31,0.8672,1,1
359,545,660.27,191.99,23.31,17.69,0.6365,1,1
359,547,858.66,767.29,103.84,100.09,0.9269,1,1
359,552,1207.55,554.40,51.16,35.47,0.6924,1,1
359,555,1112.84,585.06,47.63,49.33,0.8174,1,1
359,556,976.76,50.05,14.94,19.27,0.5726,1,1
359,560,418.51,305.95,30.79,27.22,0.8255,1,1
359,566,624.96,98.84,30.40,35.17,0.4225,1,1
360,1,432.93,432.05,84.82,87.88,0.9323,1,1
360,2,614.79,57.29,53.00,42.57,0.8714,1,1
360,3,438.89,115.36,54.11,43.69,0.8979,1,1
360,5,319.23,237.85,39.84,43.21,0.9089,1,1
360,6,446.26,153.32,39.69,35.00,0.8957,1,1
360,7,646.29,81.39,22.52,41.95,0.7695,1,1
360,9,1455.10,0.00,36.15,33.89,0.8549,1,1
360,13,1078.24,350.04,101.10,92.91,0.8790,1,1
360,14,308.67,206.27,55.28,43.07,0.8242,1,1
360,16,903.13,135.22,64.16,66.65,0.8261,1,1
360,215,703.39,195.82,82.89,65.59,0.6174,1,1
360,240,1125.17,537.93,58.01,51.38,0.7200,1,1
360,282,1001.78,28.66,48.84,40.79,0.9167,1,1
360,328,928.40,0.05,18.14,14.99,0.7564,1,1
360,457,911.58,930.83,67.85,47.52,0.4471,1,1
360,503,473.41,348.49,33.99,38.09,0.8656,1,1
360,522,108.85,633.56,26.41,35.16,0.7691,1,1
360,534,330.82,332.19,32.22,28.94,0.8545,1,1
360,547,861.73,769.71,105.13,106.18,0.9205,1,1
360,552,1207.57,554.57,51.81,35.66,0.6825,1,1
360,555,1116.78,589.06,45.99,47.81,0.4282,1,1
360,560,419.63,306.50,30.58,26.90,0.8353,1,1
361,1,432.65,432.64,84.86,88.19,0.9348,1,1
361,2,615.62,56.44,56.41,47.21,0.8209,1,1
361,3,439.35,116.77,52.08,40.47,0.9028,1,1
361,5,319.23,234.94,40.29,45.91,0.9132,1,1
361,6,446.11,153.13,39.52,35.15,0.8902,1,1
361,7,648.00,80.32,23.68,42.96,0.8048,1,1
361,9,1456.05,-0.00,35.26,32.71,0.8224,1,1
361,13,1078.20,350.13,97.36,92.31,0.9030,1,1
361,14,305.95,204.10,58.07,46.09,0.6652,1,1
361,16,903.60,134.45,64.35,67.50,0.8533,1,1
361,215,702.65,194.35,84.55,66.92,0.7108,1,1
361,240,1124.24,536.04,58.78,52.36,0.8092,1,1
361,282,1001.07,28.32,49.20,41.58,0.9113,1,1
361,328,926.84,0.60,17.98,14.65,0.6120,1,1
361,333,1088.59,423.31,59.18,37.32,0.5566,1,1
361,421,1064.61,1018.44,24.55,24.47,0.3482,1,1
361,503,469.00,348.14,34.34,36.76,0.8812,1,1
361,522,109.04,633.65,26.92,35.69,0.7140,1,1
361,534,329.15,330.18,29.96,27.33,0.8106,1,1
361,547,866.19,772.98,103.70,105.00,0.8309,1,1
361,552,1209.86,554.43,50.25,34.47,0.7129,1,1
361,555,1122.50,598.88,39.52,44.34,0.8854,1,1
361,560,417.32,305.12,34.54,29.93,0.8240,1,1
362,1,432.71,432.55,84.03,88.58,0.9326,1,1
362,2,619.85,55.07,53.20,44.63,0.8302,1,1
362,3,438.27,116.65,53.32,41.56,0.9031,1,1
362,5,319.06,233.22,40.24,46.76,0.9173,1,1
362,6,444.75,154.39,40.17,36.17,0.8909,1,1
362,7,650.19,80.59,23.49,40.98,0.8504,1,1
362,9,1456.09,0.00,35.13,32.31,0.8127,1,1
362,13,1079.63,350.00,95.76,90.15,0.9156,1,1
362,14,307.47,204.72,53.85,42.84,0.7115,1,1
362,16,903.60,134.34,63.54,67.36,0.8563,1,1
362,215,702.79,194.25,84.39,66.92,0.7871,1,1
362,240,1124.94,536.00,58.87,52.66,0.6423,1,1
362,282,1001.35,28.51,48.67,41.83,0.9081,1,1
362,328,926.58,0.92,18.43,14.70,0.6298,1,1
362,333,1088.11,422.25,60.70,37.97,0.3249,1,1
362,503,468.12,347.28,33.11,34.40,0.8622,1,1
362,522,108.84,633.55,27.16,35.94,0.5981,1,1
362,534,325.70,327.56,29.72,27.22,0.8649,1,1
362,547,870.37,776.08,99.75,98.28,0.8591,1,1
362,552,1213.26,553.35,48.71,34.19,0.7477,1,1
362,555,1125.04,603.33,38.89,45.53,0.8800,1,1
362,560,417.59,306.53,33.67,29.26,0.8503,1,1
363,1,432.77,432.67,82.94,87.34,0.9302,1,1
363,2,624.29,54.58,51.88,43.35,0.6813,1,1
363,3,437.66,117.22,54.06,42.38,0.8968,1,1
363,5,318.63,232.26,40.42,47.20,0.9103,1,1
363,6,444.12,156.61,40.14,35.69,0.8913,1,1
363,7,651.95,80.35,23.82,39.95,0.8370,1,1
363,9,1456.03,0.00,35.88,32.35,0.7798,1,1
363,13,1081.02,349.43,95.53,89.13,0.9160,1,1
363,14,308.77,204.16,51.57,40.94,0.5185,1,1
363,16,903.86,134.56,62.58,66.93,0.8527,1,1
363,215,702.45,193.39,84.89,67.66,0.8684,1,1
363,240,1126.86,536.11,56.21,49.81,0.6694,1,1
363,282,1000.96,28.43,48.90,42.41,0.9034,1,1
363,328,925.55,0.98,18.83,14.52,0.6583,1,1
363,333,1086.71,419.35,64.31,40.22,0.3257,1,1
363,503,467.60,344.36,34.42,33.35,0.8754,1,1
363,522,108.80,633.54,27.40,36.17,0.5278,1,1
363,534,323.71,325.41,27.82,24.46,0.7900,1,1
363,547,873.45,781.48,105.25,103.81,0.8990,1,1
363,552,1213.55,552.39,48.39,34.42,0.8039,1,1
363,555,1126.04,605.29,38.87,45.17,0.8242,1,1
363,560,422.93,308.87,30.20,28.16,0.8609,1,1
363,571,550.59,275.39,33.29,27.69,0.2542,1,1
364,1,432.77,432.72,83.02,87.42,0.9294,1,1
364,2,624.43,54.54,52.16,43.47,0.6920,1,1
364,3,437.69,117.26,53.96,42.37,0.8969,1,1
364,5,318.66,232.21,40.37,47.26,0.9110,1,1
364,6,444.04,156.65,40.32,35.67,0.8914,1,1
364,7,651.75,80.27,24.34,39.99,0.8383,1,1
364,9,1455.77,-0.00,36.40,32.36,0.7814,1,1
364,13,1080.88,349.40,95.84,89.17,0.9161,1,1
364,14,309.04,204.11,51.13,40.49,0.5177,1,1
364,16,903.99,134.57,62.33,66.99,0.8530,1,1
364,215,702.53,193.38,84.80,67.66,0.8693,1,1
364,240,1126.82,536.08,56.39,49.60,0.6730,1,1
364,282,1001.04,28.44,48.73,42.40,0.9034,1,1
364,328,925.26,0.97,19.34,14.52,0.6662,1,1
364,333,1086.47,418.74,65.08,40.68,0.3326,1,1
364,503,467.06,344.28,35.47,33.36,0.8757,1,1
364,522,108.75,633.53,27.50,36.20,0.5238,1,1
364,534,323.22,325.33,28.55,24.36,0.7875,1,1
364,547,873.55,781.51,105.26,103.90,0.8991,1,1
364,552,1213.53,552.32,48.22,34.47,0.8062,1,1
364,555,1125.97,605.32,39.06,45.17,0.8236,1,1
364,560,423.53,308.98,29.12,28.06,0.8605,1,1
364,571,549.97,275.64,33.05,27.72,0.2664,1,1
364,572,82.74,553.87,24.41,31.73,0.4242,1,1
365,1,432.60,432.89,82.84,87.19,0.9245,1,1
365,2,628.39,53.17,49.13,37.78,0.8333,1,1
365,3,438.13,118.22,54.87,43.18,0.8911,1,1
365,5,318.39,230.05,40.75,48.48,0.8912,1,1
365,6,444.20,158.65,39.91,34.53,0.8883,1,1
365,7,652.16,75.77,27.12,43.90,0.8671,1,1
365,9,1455.60,0.00,36.38,32.30,0.7327,1,1
365,13,1082.51,349.07,96.72,89.17,0.9135,1,1
365,14,309.74,204.30,49.45,38.94,0.4417,1,1
365,16,904.40,134.88,61.77,67.04,0.8189,1,1
365,215,703.26,193.18,84.89,68.24,0.8548,1,1
365,240,1128.28,536.36,55.43,47.87,0.7206,1,1
365,282,1000.29,28.99,48.88,41.60,0.9044,1,1
365,328,924.41,0.96,20.05,14.60,0.7291,1,1
365,333,1085.67,416.83,67.93,42.62,0.4571,1,1
365,503,465.66,339.99,36.27,36.25,0.8694,1,1
365,522,108.86,633.46,27.41,35.98,0.4032,1,1
365,534,315.17,320.03,32.98,29.41,0.8338,1,1
365,547,875.77,786.18,107.67,105.45,0.9251,1,1
365,552,1212.64,551.73,48.81,34.51,0.7755,1,1
365,555,1122.97,603.74,41.96,48.28,0.5256,1,1
365,560,421.00,309.08,30.54,28.86,0.8670,1,1
365,575,683.72,138.73,24.60,19.30,0.7381,1,1
366,1,432.38,432.60,82.57,87.42,0.9274,1,1
366,2,630.08,51.77,50.66,37.38,0.8601,1,1
366,3,438.04,118.59,55.63,43.92,0.8975,1,1
366,5,319.55,229.67,39.60,48.01,0.8751,1,1
366,6,442.91,159.58,40.81,34.09,0.8881,1,1
366,7,654.97,72.69,27.93,45.92,0.7586,1,1
366,9,1455.40,0.00,36.06,31.92,0.7547,1,1
366,13,1083.24,349.15,97.65,89.02,0.9124,1,1
366,14,308.37,203.70,50.55,39.98,0.3316,1,1
366,16,904.60,134.69,61.32,66.83,0.8287,1,1
366,215,703.49,192.23,85.65,69.39,0.7679,1,1
366,240,1128.86,534.96,54.72,46.99,0.5914,1,1
366,282,999.53,29.03,49.59,41.64,0.9054,1,1
366,328,923.89,0.80,20.81,14.97,0.6973,1,1
366,333,1084.08,413.82,71.71,45.37,0.3484,1,1
366,480,467.74,331.25,33.02,37.97,0.8096,1,1
366,522,108.92,633.26,27.83,36.19,0.5860,1,1
366,534,308.66,317.01,34.87,32.19,0.7073,1,1
366,547,880.01,790.72,107.31,104.03,0.8438,1,1
366,552,1213.31,552.09,48.44,34.10,0.8106,1,1
366,555,1118.33,603.84,44.23,50.44,0.8773,1,1
366,560,414.82,306.60,34.99,31.47,0.8201,1,1
366,575,683.21,137.53,21.18,16.40,0.2578,1,1
367,1,432.00,432.62,81.91,86.92,0.9255,1,1
367,2,631.86,50.40,51.72,37.78,0.8732,1,1
367,3,437.99,119.09,55.56,43.85,0.9006,1,1
367,5,318.64,227.20,40.02,48.47,0.8878,1,1
367,6,441.90,159.99,41.51,33.83,0.8799,1,1
367,7,657.15,74.14,27.19,44.78,0.8577,1,1
367,9,1454.67,0.00,36.01,32.26,0.8267,1,1
367,13,1085.86,349.33,97.54,88.91,0.9143,1,1
367,14,308.46,202.86,49.59,39.27,0.3469,1,1
367,16,904.95,134.66,61.25,66.41,0.8400,1,1
367,215,703.61,191.25,85.51,70.57,0.8196,1,1
367,240,1128.80,534.86,54.60,46.81,0.5085,1,1
367,282,998.71,28.78,49.92,43.10,0.8558,1,1
367,328,923.51,0.69,20.80,15.07,0.6584,1,1
367,480,469.18,329.75,28.35,32.23,0.3168,1,1
367,522,108.64,633.13,28.21,36.34,0.6504,1,1
367,534,305.60,316.18,31.97,29.92,0.5606,1,1
367,547,887.70,794.76,101.20,95.43,0.7626,1,1
367,552,1211.18,553.96,48.65,33.98,0.7750,1,1
367,555,1116.91,603.47,44.44,48.51,0.8771,1,1
367,560,417.30,308.16,34.55,31.28,0.7476,1,1
368,1,431.89,432.28,81.60,86.71,0.9255,1,1
368,2,634.26,49.93,52.50,39.05,0.8674,1,1
368,3,438.07,119.33,55.57,43.57,0.9046,1,1
368,5,318.06,225.24,41.03,50.61,0.8962,1,1
368,6,441.15,160.33,42.14,34.09,0.8755,1,1
368,7,658.29,72.67,27.88,46.09,0.8652,1,1
368,9,1455.11,0.00,35.79,31.58,0.7538,1,1
368,13,1088.52,350.28,98.12,88.04,0.9157,1,1
368,14,309.06,198.94,51.17,40.51,0.4191,1,1
368,16,905.12,134.88,61.54,66.20,0.8302,1,1
368,215,704.44,191.04,84.56,71.11,0.8804,1,1
368,240,1128.06,534.69,54.66,47.03,0.7665,1,1
368,282,998.55,28.84,49.64,43.81,0.8461,1,1
368,328,923.46,0.82,19.87,14.39,0.5673,1,1
368,457,909.29,943.07,66.13,48.54,0.4869,1,1
368,522,108.54,632.69,28.82,36.86,0.7046,1,1
368,547,886.96,799.35,109.40,104.28,0.7963,1,1
368,552,1208.46,558.09,46.77,32.46,0.5014,1,1
368,555,1114.00,602.19,44.12,44.57,0.8887,1,1
368,560,417.37,308.58,34.89,31.48,0.7228,1,1
368,577,93.17,527.40,26.22,25.70,0.3342,1,1
369,1,431.58,432.52,81.67,86.99,0.9241,1,1
369,2,636.86,48.55,51.40,38.40,0.8692,1,1
369,3,437.59,119.30,55.88,43.49,0.9064,1,1
369,5,318.74,224.59,39.94,49.34,0.8273,1,1
369,6,440.39,160.62,42.24,34.01,0.8729,1,1
369,7,660.42,71.43,27.81,45.08,0.8692,1,1
369,9,1454.92,0.11,35.96,30.67,0.8043,1,1
369,13,1090.16,350.62,98.45,87.95,0.9116,1,1
369,14,309.45,197.55,51.84,41.30,0.4328,1,1
369,16,905.10,134.79,62.15,66.42,0.8254,1,1
369,215,706.21,190.92,83.93,71.21,0.8810,1,1
369,240,1126.13,534.40,55.27,48.44,0.7806,1,1
369,282,997.12,29.06,49.46,43.82,0.8341,1,1
369,328,923.13,0.67,19.96,14.63,0.4370,1,1
369,333,1087.14,411.06,72.90,47.62,0.5165,1,1
369,457,907.51,943.08,66.50,49.25,0.5892,1,1
369,522,108.46,632.51,29.14,37.20,0.6398,1,1
369,552,1204.37,562.22,49.30,34.12,0.7085,1,1
369,555,1107.18,600.09,47.44,45.73,0.8912,1,1
369,560,419.64,311.19,33.12,30.09,0.7935,1,1
369,577,94.06,522.52,27.99,24.79,0.7293,1,1
369,579,997.89,29.06,48.59,43.51,0.8020,1,1
369,580,711.39,122.17,22.84,17.78,0.8017,1,1
369,582,944.53,1045.96,26.12,22.73,0.5896,1,1
370,1,431.60,432.45,81.64,86.97,0.9255,1,1
370,2,636.98,48.56,51.22,38.30,0.8697,1,1
370,3,437.53,119.30,56.07,43.59,0.9057,1,1
370,5,318.79,224.58,39.86,49.29,0.8250,1,1
370,6,440.60,160.63,42.16,33.86,0.8731,1,1
370,7,660.34,71.39,28.05,45.08,0.8687,1,1
370,9,1454.59,0.11,36.60,30.64,0.8046,1,1
370,13,1090.10,350.61,98.62,87.98,0.9114,1,1
370,14,309.59,197.29,51.79,41.48,0.4317,1,1
370,16,904.92,134.78,62.38,66.45,0.8261,1,1
370,215,706.38,190.91,83.62,71.20,0.8799,1,1
370,240,1126.28,534.40,54.80,48.50,0.7771,1,1
370,282,997.13,29.06,49.36,43.83,0.8340,1,1
370,328,923.13,0.65,19.79,14.68,0.4378,1,1
370,333,1087.85,410.85,71.77,47.83,0.4986,1,1
370,457,907.17,942.52,66.33,49.03,0.6065,1,1
370,522,108.37,632.39,29.28,37.35,0.6481,1,1
370,552,1204.02,562.46,49.60,34.27,0.7131,1,1
370,555,1106.67,600.07,48.33,45.75,0.8912,1,1
370,560,419.69,311.26,33.00,30.07,0.7916,1,1
370,577,93.24,522.35,29.62,24.70,0.7332,1,1
370,579,997.79,29.07,48.72,43.52,0.8011,1,1
370,580,711.13,122.14,23.55,17.79,0.8016,1,1
370,582,944.31,1046.00,26.48,22.76,0.6047,1,1
370,585,601.80,833.95,135.15,133.28,0.6795,1,1
370,586,1236.28,966.53,44.54,49.43,0.8648,1,1
371,1,431.63,432.41,81.38,86.33,0.9268,1,1
371,2,638.77,48.00,52.30,39.56,0.8659,1,1
371,3,436.96,119.28,55.58,43.59,0.9033,1,1
371,5,319.65,223.26,39.52,49.69,0.8495,1,1
371,6,440.00,160.42,41.76,33.50,0.8694,1,1
371,7,662.23,71.33,28.29,44.86,0.8683,1,1
371,9,1454.13,-0.00,37.35,31.45,0.8316,1,1
371,13,1090.31,350.03,100.47,89.07,0.9041,1,1
371,14,310.38,196.80,51.75,41.65,0.5659,1,1
371,16,905.05,134.75,62.72,66.28,0.8219,1,1
371,215,707.14,190.33,84.20,71.87,0.7221,1,1
371,240,1125.84,535.83,54.22,48.59,0.8350,1,1
371,282,996.65,29.32,49.46,43.70,0.8010,1,1
371,328,923.32,0.33,19.66,14.78,0.6292,1,1
371,333,1088.77,411.22,71.36,48.59,0.6991,1,1
371,522,108.66,632.53,29.17,37.05,0.6517,1,1
371,552,1202.46,567.26,52.06,36.76,0.5285,1,1
371,555,1102.97,599.92,50.46,46.45,0.9020,1,1
371,560,423.07,313.90,31.44,29.45,0.7001,1,1
371,577,96.64,520.29,30.63,24.32,0.4883,1,1
371,579,996.15,29.19,49.85,44.42,0.7253,1,1
371,580,714.17,121.52,25.36,18.60,0.8028,1,1
371,582,944.34,1046.02,27.20,22.93,0.7341,1,1
371,586,1240.99,965.51,46.24,50.69,0.3269,1,1
372,1,431.63,432.35,81.44,85.60,0.9241,1,1
372,2,640.37,47.36,53.09,40.81,0.8632,1,1
372,3,436.56,119.39,55.48,43.38,0.9025,1,1
372,5,320.16,222.59,39.72,53.29,0.9084,1,1
372,6,438.49,160.58,41.87,34.10,0.8742,1,1
372,7,664.23,70.89,28.28,43.56,0.8634,1,1
372,9,1454.16,-0.01,37.28,31.01,0.8286,1,1
372,13,1092.32,350.45,99.81,88.67,0.8899,1,1
372,14,311.19,194.68,52.00,42.05,0.3293,1,1
372,16,905.03,134.62,63.29,66.21,0.8238,1,1
372,215,709.06,189.81,84.09,71.91,0.6067,1,1
372,240,1126.07,537.99,53.25,47.82,0.8838,1,1
372,282,995.68,29.50,49.15,43.37,0.4241,1,1
372,328,924.00,0.54,19.03,14.22,0.5259,1,1
372,333,1089.97,411.78,72.30,49.83,0.7621,1,1
372,522,108.45,632.06,29.30,37.26,0.6331,1,1
372,555,1099.67,600.59,53.40,50.20,0.8131,1,1
372,560,426.40,316.63,28.90,29.47,0.8695,1,1
372,579,995.46,29.33,49.71,44.29,0.3603,1,1
372,580,716.26,123.43,26.51,18.67,0.7606,1,1
372,582,944.09,1045.96,27.45,22.98,0.5414,1,1
373,1,432.09,431.27,80.04,86.48,0.9244,1,1
373,2,642.42,46.42,52.04,39.94,0.8737,1,1
373,3,436.15,119.44,55.65,42.95,0.9034,1,1
373,5,320.84,220.52,39.99,55.61,0.8905,1,1
373,6,438.74,160.25,41.33,33.83,0.8821,1,1
373,7,665.97,69.66,28.80,43.82,0.8715,1,1
373,9,1454.63,0.04,36.35,30.05,0.7408,1,1
373,13,1093.17,350.69,99.09,88.61,0.8939,1,1
373,16,905.11,134.73,63.68,66.24,0.8236,1,1
373,215,709.88,189.25,84.14,72.16,0.6630,1,1
373,240,1125.37,538.32,54.29,49.63,0.8812,1,1
373,282,995.33,29.83,49.09,43.27,0.3109,1,1
373,328,924.03,0.70,18.58,13.73,0.3538,1,1
373,333,1090.85,412.26,72.37,50.07,0.7635,1,1
373,421,1065.32,1020.27,29.02,30.01,0.2681,1,1
373,522,107.80,631.38,29.91,38.09,0.5205,1,1
373,547,895.28,797.03,100.68,96.37,0.6832,1,1
373,560,428.66,318.45,27.15,28.09,0.8660,1,1
373,579,995.28,29.70,49.60,44.18,0.3527,1,1
373,592,1045.69,1027.95,24.52,28.66,0.3446,1,1
374,1,433.89,431.14,80.26,86.52,0.9095,1,1
374,2,644.18,45.65,51.51,38.89,0.8737,1,1
374,3,435.73,119.02,55.16,43.19,0.9007,1,1
374,5,322.33,219.27,38.72,55.96,0.8827,1,1
374,6,438.50,160.05,41.27,33.92,0.8849,1,1
374,7,667.72,68.78,28.56,44.05,0.8836,1,1
374,9,1454.59,0.15,36.83,30.29,0.7551,1,1
374,13,1093.50,350.70,98.55,88.19,0.8965,1,1
374,16,904.85,134.78,63.67,66.55,0.8071,1,1
374,215,710.90,188.98,83.97,72.25,0.6751,1,1
374,240,1124.86,538.87,54.28,49.65,0.8889,1,1
374,282,995.78,30.05,49.76,44.31,0.8335,1,1
374,328,924.37,0.90,18.37,13.38,0.3364,1,1
374,333,1090.67,412.41,72.42,50.54,0.7786,1,1
374,522,106.33,631.20,30.11,38.56,0.6013,1,1
374,547,893.82,794.05,104.16,94.58,0.9115,1,1
374,560,429.76,321.15,27.24,27.91,0.8667,1,1
374,579,995.52,29.81,49.94,44.53,0.2802,1,1
374,585,597.75,832.51,132.31,130.06,0.2923,1,1
374,593,758.40,961.33,39.11,67.66,0.7680,1,1
375,1,435.43,432.17,81.12,86.85,0.9074,1,1
375,2,644.77,45.50,51.93,38.89,0.8781,1,1
375,3,435.02,119.05,55.53,42.69,0.9004,1,1
375,5,323.44,218.70,37.09,52.94,0.8728,1,1
375,6,438.35,160.27,40.89,33.49,0.8780,1,1
375,7,668.95,68.91,28.09,43.47,0.8880,1,1
375,9,1454.59,0.17,37.17,30.73,0.6744,1,1
375,13,1094.79,351.07,97.10,86.75,0.9115,1,1
375,16,904.88,134.76,62.99,66.17,0.7936,1,1
375,215,712.37,188.91,82.89,71.29,0.7708,1,1
375,240,1124.76,539.35,54.93,49.70,0.9007,1,1
375,282,995.23,29.98,50.25,44.87,0.7623,1,1
375,328,924.59,0.97,18.41,13.27,0.4041,1,1
375,333,1090.52,412.54,72.59,51.82,0.8324,1,1
375,522,104.55,630.25,30.43,39.29,0.4174,1,1
375,547,888.53,787.97,108.38,101.85,0.9270,1,1
375,560,431.20,325.35,26.70,27.13,0.8778,1,1
375,579,994.98,29.76,50.35,44.96,0.2502,1,1
375,585,596.96,832.41,132.93,130.23,0.4755,1,1
375,593,752.64,958.19,40.90,71.05,0.7274,1,1
376,1,435.32,432.18,81.34,86.88,0.9070,1,1
376,2,644.68,45.50,52.10,38.85,0.8784,1,1
376,3,434.81,119.08,55.94,42.68,0.9000,1,1
376,5,323.38,218.72,37.26,52.89,0.8741,1,1
376,6,438.34,160.30,40.93,33.45,0.8789,1,1
376,7,668.94,68.93,28.06,43.47,0.8877,1,1
376,9,1454.71,0.23,36.99,30.68,0.6639,1,1
376,13,1094.71,351.08,97.22,86.83,0.9083,1,1
376,16,904.96,134.77,62.78,66.13,0.7906,1,1
376,215,712.44,188.93,82.87,71.22,0.7880,1,1
376,240,1124.62,539.38,55.19,49.72,0.9015,1,1
376,282,994.88,29.89,50.44,45.08,0.2579,1,1
376,328,924.48,1.04,18.56,13.26,0.4024,1,1
376,333,1090.86,412.57,71.93,51.88,0.8330,1,1
376,522,104.04,629.76,30.50,39.63,0.4068,1,1
376,547,888.91,787.91,107.51,101.79,0.9275,1,1
376,560,431.16,325.41,26.77,27.13,0.8779,1,1
376,579,995.42,30.00,49.97,44.95,0.7938,1,1
376,585,596.55,832.53,133.34,130.29,0.4483,1,1
376,593,752.40,958.17,40.83,71.12,0.7279,1,1
376,596,179.50,488.50,30.84,36.84,0.8190,1,1
376,597,723.16,131.16,39.53,20.40,0.6886,1,1
377,1,435.38,431.21,82.11,90.84,0.9143,1,1
377,2,645.02,45.05,52.48,39.36,0.8807,1,1
377,3,434.40,119.05,55.49,42.70,0.9004,1,1
377,5,324.82,218.95,35.69,49.68,0.8168,1,1
377,6,438.69,160.46,40.74,33.19,0.8780,1,1
377,7,669.68,69.34,28.10,43.15,0.8921,1,1
377,9,1454.58,0.08,37.44,31.20,0.6863,1,1
377,13,1094.31,350.84,97.71,87.37,0.8501,1,1
377,16,904.72,134.69,62.70,66.42,0.7810,1,1
377,215,712.37,188.65,83.16,71.09,0.8212,1,1
377,240,1124.43,539.65,55.37,50.02,0.8945,1,1
377,282,995.12,29.74,49.87,44.52,0.5119,1,1
377,328,924.25,1.04,18.66,13.30,0.5298,1,1
377,333,1090.06,412.64,72.77,53.73,0.8592,1,1
377,522,98.38,627.58,31.15,42.19,0.7497,1,1
377,547,887.53,782.45,100.37,89.78,0.9380,1,1
377,555,1093.95,602.49,53.27,50.19,0.2782,1,1
377,560,431.31,327.21,27.83,27.00,0.8790,1,1
377,579,995.01,29.70,49.95,44.92,0.3134,1,1
377,585,595.91,832.65,133.85,130.53,0.4363,1,1
377,593,746.47,958.32,42.35,73.67,0.4993,1,1
377,596,179.59,484.72,30.43,36.13,0.8035,1,1
377,597,729.43,134.24,40.12,21.83,0.8511,1,1
378,1,435.64,430.69,80.74,93.75,0.9185,1,1
378,2,645.64,45.02,53.31,40.50,0.8875,1,1
378,3,434.27,119.13,55.43,42.61,0.8998,1,1
378,5,325.48,218.04,35.14,47.55,0.7858,1,1
378,6,438.48,159.96,41.99,34.82,0.8761,1,1
378,7,670.99,70.82,27.57,41.87,0.8878,1,1
378,9,1454.59,0.10,37.59,31.54,0.7015,1,1
378,13,1094.63,351.14,96.11,85.18,0.9164,1,1
378,16,904.50,134.71,62.34,66.30,0.7753,1,1
378,215,711.80,188.12,83.49,71.36,0.8132,1,1
378,240,1124.65,539.57,56.71,51.81,0.8928,1,1
378,282,995.52,29.11,50.53,45.13,0.4373,1,1
378,328,923.90,1.07,18.59,13.04,0.5103,1,1
378,333,1088.62,412.63,72.37,55.94,0.8388,1,1
378,547,882.57,774.81,103.91,94.18,0.9216,1,1
378,555,1093.45,601.92,52.57,49.87,0.7013,1,1
378,560,431.45,328.05,28.64,27.66,0.8829,1,1
378,579,996.28,29.09,50.20,45.07,0.8382,1,1
378,596,181.79,483.22,28.48,31.69,0.8633,1,1
378,597,734.85,138.12,37.88,21.57,0.8361,1,1
379,1,435.75,429.07,79.69,94.29,0.9063,1,1
379,2,647.07,45.29,52.40,39.62,0.8832,1,1
379,3,434.38,118.32,55.44,43.01,0.9012,1,1
379,5,325.98,216.78,34.73,45.71,0.7400,1,1
379,6,438.68,158.83,42.17,35.55,0.8782,1,1
379,7,672.19,69.84,27.87,42.90,0.8852,1,1
379,9,1454.54,0.00,37.87,31.88,0.7099,1,1
379,13,1093.47,351.38,94.56,84.54,0.8938,1,1
379,16,904.13,134.64,62.06,66.36,0.7864,1,1
379,215,711.79,188.70,82.75,70.63,0.8552,1,1
379,240,1125.57,541.46,55.73,50.00,0.9038,1,1
379,282,996.07,29.16,50.57,44.14,0.8000,1,1
379,328,923.54,1.05,18.93,13.26,0.4380,1,1
379,333,1088.28,412.55,72.31,57.28,0.8403,1,1
379,547,879.30,768.70,105.59,92.61,0.9219,1,1
379,555,1094.21,600.86,50.54,46.87,0.9132,1,1
379,560,431.65,330.01,30.50,28.93,0.8657,1,1
379,579,996.80,29.10,49.58,43.78,0.7609,1,1
379,585,595.15,832.43,135.60,132.57,0.3007,1,1
379,593,743.33,959.98,38.80,66.83,0.7005,1,1
379,596,182.28,480.78,29.44,31.96,0.8776,1,1
379,597,743.51,143.76,34.85,20.89,0.8284,1,1
380,1,436.05,429.69,78.65,92.24,0.9010,1,1
380,2,648.23,45.70,52.93,40.44,0.8785,1,1
380,3,435.50,117.89,54.98,42.50,0.9031,1,1
380,5,325.67,215.71,36.06,46.23,0.7785,1,1
380,6,438.94,157.22,43.31,36.89,0.8849,1,1
380,7,673.56,70.89,27.76,42.06,0.8714,1,1
380,9,1454.66,0.11,37.83,31.84,0.6537,1,1
380,13,1092.98,352.27,93.22,83.07,0.9232,1,1
380,16,903.91,134.35,62.17,67.06,0.7988,1,1
380,215,711.21,188.34,83.08,70.99,0.8239,1,1
380,240,1125.30,542.95,57.10,49.60,0.9145,1,1
380,282,995.94,28.75,51.35,44.48,0.7850,1,1
380,328,922.87,0.87,19.47,13.71,0.6095,1,1
380,333,1088.10,414.05,70.96,57.60,0.8563,1,1
380,547,870.41,760.97,113.76,108.28,0.9298,1,1
380,555,1093.37,600.24,52.30,45.38,0.9125,1,1
380,560,429.74,331.09,33.93,31.87,0.8750,1,1
380,579,996.50,28.56,50.63,44.16,0.7749,1,1
380,593,743.16,963.06,37.44,60.09,0.8276,1,1
380,596,182.26,476.62,30.86,34.45,0.8811,1,1
380,597,744.78,147.49,34.48,20.24,0.8370,1,1
380,602,670.00,305.71,28.53,36.01,0.6088,1,1
381,1,434.88,428.55,80.16,95.27,0.9096,1,1
381,2,649.79,45.69,52.47,40.15,0.8743,1,1
381,3,436.48,117.29,55.32,43.14,0.9010,1,1
381,5,324.11,215.39,38.18,49.13,0.8037,1,1
381,6,440.13,156.66,43.61,36.82,0.8806,1,1
381,7,673.97,70.44,28.50,42.87,0.8723,1,1
381,9,1454.45,0.13,37.93,31.94,0.6689,1,1
381,13,1090.97,354.38,92.30,81.74,0.9219,1,1
381,16,904.05,134.45,61.78,66.89,0.8025,1,1
381,215,711.36,188.42,83.42,71.16,0.7809,1,1
381,240,1125.03,544.21,57.82,48.93,0.9104,1,1
381,282,995.64,28.08,52.24,45.17,0.8429,1,1
381,328,922.49,0.86,19.80,14.11,0.5915,1,1
381,333,1088.99,417.53,70.11,55.34,0.8512,1,1
381,421,1066.64,1020.41,26.98,28.77,0.4569,1,1
381,457,916.59,937.68,63.49,49.40,0.7937,1,1
381,547,867.65,755.86,105.78,93.58,0.9252,1,1
381,555,1092.94,600.84,53.35,43.68,0.9212,1,1
381,560,431.45,335.81,31.38,28.60,0.8674,1,1
381,579,996.04,27.84,51.70,44.93,0.7281,1,1
381,592,1046.93,1029.49,21.84,25.45,0.4303,1,1
381,593,741.70,964.36,38.06,57.84,0.8324,1,1
381,596,182.95,474.60,30.60,34.97,0.8819,1,1
381,597,740.06,148.83,38.53,22.14,0.7440,1,1
381,606,715.91,157.26,23.60,19.01,0.6949,1,1
382,1,435.04,428.55,79.81,95.29,0.9095,1,1
382,2,649.82,45.70,52.44,40.16,0.8744,1,1
382,3,436.58,117.28,55.13,43.15,0.9013,1,1
382,5,324.02,215.33,38.25,49.33,0.8029,1,1
382,6,440.02,156.63,43.80,36.82,0.8812,1,1
382,7,673.92,70.43,28.61,42.89,0.8723,1,1
382,9,1454.43,0.14,37.92,31.95,0.6700,1,1
382,13,1090.89,354.40,92.45,81.72,0.9219,1,1
382,16,904.12,134.45,61.63,66.88,0.8021,1,1
382,215,711.33,188.43,83.51,71.15,0.7848,1,1
382,240,1124.78,544.23,58.32,48.91,0.9103,1,1
382,282,995.61,28.06,52.30,45.18,0.8420,1,1
382,328,922.49,0.87,19.71,14.16,0.5913,1,1
382,333,1088.53,417.63,71.04,55.28,0.8512,1,1
382,421,1066.80,1020.45,26.61,28.75,0.4587,1,1
382,457,916.84,937.67,63.04,49.39,0.7949,1,1
382,547,866.58,755.86,107.86,93.48,0.9250,1,1
382,555,1092.52,600.85,54.20,43.67,0.9212,1,1
382,560,431.25,335.88,31.78,28.55,0.8674,1,1
382,579,995.94,27.80,51.90,44.97,0.7294,1,1
382,592,1046.93,1029.54,21.86,25.43,0.4232,1,1
382,593,741.21,964.49,38.97,57.72,0.8326,1,1
382,596,183.10,474.57,30.31,34.99,0.8818,1,1
382,597,739.42,148.88,39.43,22.25,0.7478,1,1
382,606,715.72,157.34,24.24,18.95,0.6928,1,1
382,607,533.98,322.94,25.34,44.77,0.5058,1,1
383,1,435.07,428.71,80.14,97.10,0.9031,1,1
383,2,651.13,45.87,52.91,40.75,0.8722,1,1
383,3,437.71,117.27,54.80,42.48,0.8974,1,1
383,5,324.16,214.98,38.36,50.00,0.8507,1,1
383,6,439.77,155.53,45.19,37.94,0.8911,1,1
383,7,675.10,70.88,28.67,43.39,0.8710,1,1
383,9,1454.43,0.10,37.90,31.95,0.6833,1,1
383,13,1088.59,356.22,92.25,80.35,0.9246,1,1
383,16,904.34,134.48,61.56,66.83,0.8194,1,1
383,215,711.23,188.49,83.72,71.21,0.6672,1,1
383,240,1123.96,545.15,58.60,49.05,0.9085,1,1
383,282,995.84,28.18,51.94,44.78,0.8648,1,1
383,328,922.72,0.79,19.61,14.10,0.6625,1,1
383,333,1087.03,417.29,70.43,56.35,0.8592,1,1
383,421,1066.57,1020.43,27.14,29.45,0.3796,1,1
383,457,917.28,937.19,62.62,49.42,0.8945,1,1
383,547,861.65,748.77,110.78,94.18,0.9282,1,1
383,555,1091.89,601.41,56.33,44.87,0.9395,1,1
383,560,430.39,338.00,34.02,30.99,0.8878,1,1
383,579,996.11,27.95,51.74,44.74,0.6892,1,1
383,592,1046.49,1028.65,22.18,25.95,0.2842,1,1
383,593,742.43,966.72,37.58,52.90,0.8293,1,1
383,596,183.43,474.01,29.74,34.60,0.8761,1,1
383,597,733.13,150.53,45.68,25.36,0.6177,1,1
383,606,715.90,156.90,26.28,20.34,0.5737,1,1
383,607,534.50,326.66,24.40,42.28,0.8337,1,1
383,609,54.93,628.34,45.80,46.76,0.4874,1,1
384,1,436.51,429.96,78.67,94.08,0.9041,1,1
384,2,652.56,46.05,53.50,41.91,0.8822,1,1
384,3,439.22,116.25,53.98,41.49,0.8971,1,1
384,5,323.21,215.40,39.02,51.66,0.8607,1,1
384,6,440.35,154.49,45.42,38.72,0.8907,1,1
384,7,676.23,71.83,28.59,43.20,0.8742,1,1
384,9,1454.44,0.14,38.07,32.09,0.6746,1,1
384,13,1086.47,358.10,92.42,81.33,0.9211,1,1
384,16,904.31,134.66,61.56,66.62,0.8145,1,1
384,215,711.29,188.74,83.74,71.17,0.4403,1,1
384,240,1122.77,546.38,59.06,49.24,0.9096,1,1
384,282,995.76,27.86,52.03,44.82,0.5026,1,1
384,328,922.30,0.70,20.09,14.46,0.7515,1,1
384,333,1088.96,423.02,68.10,53.16,0.8536,1,1
384,421,1066.58,1020.32,27.07,29.53,0.5440,1,1
384,457,917.51,935.90,61.68,49.23,0.9078,1,1
384,547,855.54,743.06,105.96,87.95,0.9173,1,1
384,555,1091.56,603.03,58.96,46.31,0.9146,1,1
384,560,431.31,343.93,33.18,30.85,0.8806,1,1
384,579,995.63,28.01,52.19,44.92,0.8660,1,1
384,592,1046.11,1028.08,22.61,26.59,0.2840,1,1
384,593,738.21,968.74,39.80,52.86,0.8430,1,1
384,596,184.09,473.89,29.05,34.18,0.8703,1,1
384,602,671.36,303.59,28.89,36.15,0.2810,1,1
384,606,716.33,157.67,27.83,20.92,0.5214,1,1
384,607,534.55,327.83,24.06,41.43,0.8266,1,1
384,609,59.42,623.57,44.98,47.77,0.6532,1,1
385,1,437.16,429.04,78.75,94.68,0.9035,1,1
385,2,654.13,46.32,53.28,42.38,0.8807,1,1
385,3,439.89,115.57,53.37,41.12,0.9008,1,1
385,5,323.95,216.56,37.41,48.10,0.8689,1,1
385,6,442.29,153.49,43.68,37.54,0.8917,1,1
385,7,676.88,72.21,29.03,43.13,0.8705,1,1
385,9,1454.39,0.12,38.30,32.19,0.6819,1,1
385,13,1083.48,360.38,93.82,82.57,0.8989,1,1
385,14,326.46,194.62,35.78,27.32,0.4577,1,1
385,16,904.44,134.55,61.74,67.07,0.7923,1,1
385,215,711.18,189.00,83.47,70.88,0.5775,1,1
385,240,1122.35,547.00,59.06,49.85,0.9018,1,1
385,282,995.95,27.84,51.95,44.69,0.4963,1,1
385,328,922.03,0.74,20.24,14.51,0.7644,1,1
385,333,1087.23,426.68,67.48,53.10,0.8754,1,1
385,421,1066.38,1020.53,27.54,29.78,0.4538,1,1
385,457,920.11,933.51,61.06,49.29,0.8804,1,1
385,547,849.45,737.18,109.80,92.01,0.9012,1,1
385,555,1091.87,609.17,61.36,47.31,0.8842,1,1
385,560,432.51,348.45,33.25,32.29,0.8869,1,1
385,579,995.73,28.09,52.29,44.71,0.8760,1,1
385,592,1045.41,1027.96,23.19,27.42,0.4898,1,1
385,593,734.14,969.97,38.72,51.89,0.8391,1,1
385,596,183.41,472.98,29.31,34.92,0.8632,1,1
385,602,670.55,305.23,29.20,36.22,0.5701,1,1
385,606,717.54,153.94,37.09,24.29,0.7214,1,1
385,607,534.87,329.75,23.29,39.77,0.7665,1,1
385,609,63.22,621.88,43.89,46.02,0.7953,1,1
385,611,136.52,510.32,51.07,29.42,0.8462,1,1
386,1,437.69,428.92,78.32,94.39,0.9010,1,1
386,2,654.88,46.48,53.02,43.33,0.8908,1,1
386,3,440.27,114.68,52.64,40.54,0.9049,1,1
386,5,323.30,218.77,37.66,49.25,0.8923,1,1
386,6,441.57,152.10,44.26,39.03,0.8906,1,1
386,7,677.61,72.91,29.58,42.85,0.8622,1,1
386,9,1455.64,0.11,38.29,31.47,0.6759,1,1
386,13,1080.70,363.71,95.96,84.65,0.7832,1,1
386,16,904.73,134.61,62.08,67.57,0.8095,1,1
386,215,710.55,188.66,84.05,71.41,0.4790,1,1
386,240,1122.06,548.49,57.83,49.14,0.8930,1,1
386,282,995.82,27.81,52.05,44.93,0.8984,1,1
386,328,921.86,0.76,20.34,14.53,0.7579,1,1
386,333,1087.43,431.23,67.66,51.12,0.8661,1,1
386,421,1065.11,1020.38,29.77,32.41,0.2714,1,1
386,457,917.59,927.56,62.50,49.03,0.8908,1,1
386,547,840.60,731.98,113.46,103.53,0.8971,1,1
386,555,1089.99,611.92,67.81,51.45,0.8990,1,1
386,560,433.21,351.59,32.68,33.17,0.8859,1,1
386,593,733.65,971.50,37.61,49.66,0.7900,1,1
386,596,184.07,473.57,28.44,33.64,0.8574,1,1
386,602,668.95,305.64,31.04,37.99,0.7330,1,1
386,606,716.36,160.01,39.37,23.07,0.7329,1,1
386,607,534.59,329.79,23.66,40.54,0.7061,1,1
386,609,77.44,621.99,35.56,37.80,0.7963,1,1
386,611,145.27,509.90,48.44,29.27,0.8378,1,1
387,1,438.77,427.67,77.40,92.62,0.8997,1,1
387,2,655.47,46.56,52.77,43.84,0.8935,1,1
387,3,441.79,114.26,50.70,38.33,0.8947,1,1
387,5,323.43,219.72,37.48,50.01,0.8966,1,1
387,6,442.37,151.20,43.22,40.03,0.9237,1,1
387,7,677.35,73.44,29.93,43.45,0.8540,1,1
387,9,1455.11,0.35,38.09,31.20,0.6284,1,1
387,13,1078.75,368.15,95.04,82.74,0.8362,1,1
387,16,905.06,134.72,61.52,67.10,0.6889,1,1
387,215,710.42,189.88,82.84,70.13,0.4633,1,1
387,240,1121.45,550.12,57.50,48.89,0.9023,1,1
387,282,996.41,27.67,51.58,44.90,0.9004,1,1
387,328,921.71,0.78,20.67,14.83,0.8195,1,1
387,333,1084.00,433.68,70.53,54.39,0.8434,1,1
387,457,925.96,921.74,55.06,43.75,0.8898,1,1
387,547,836.15,726.64,119.46,109.39,0.5727,1,1
387,555,1088.06,619.19,70.60,54.00,0.8173,1,1
387,560,434.49,352.94,32.57,33.01,0.8869,1,1
387,592,1045.56,1028.27,23.80,28.25,0.3028,1,1
387,593,733.05,973.09,37.69,49.71,0.3797,1,1
387,596,183.72,473.18,28.95,34.66,0.8528,1,1
387,602,667.72,307.46,30.39,35.43,0.8373,1,1
387,606,712.19,163.82,40.80,23.52,0.6535,1,1
387,607,534.76,330.86,23.01,39.43,0.6323,1,1
387,609,87.51,622.02,33.91,36.41,0.2633,1,1
387,611,148.56,510.00,46.89,29.25,0.8648,1,1
388,1,438.62,427.56,77.67,92.76,0.8997,1,1
388,2,655.64,46.54,52.44,43.85,0.8935,1,1
388,3,441.59,114.24,51.09,38.33,0.8949,1,1
388,5,323.58,219.74,37.19,50.00,0.8967,1,1
388,6,442.65,151.21,42.67,40.03,0.9234,1,1
388,7,677.36,73.44,29.91,43.46,0.8537,1,1
388,9,1454.99,0.38,38.15,31.18,0.6282,1,1
388,13,1078.38,368.25,95.69,82.72,0.8413,1,1
388,16,905.12,134.74,61.38,67.06,0.6891,1,1
388,215,710.29,190.18,82.77,69.86,0.4428,1,1
388,240,1121.45,550.14,57.48,48.89,0.9022,1,1
388,282,996.49,27.67,51.44,44.91,0.9004,1,1
388,328,921.72,0.79,20.64,14.83,0.8195,1,1
388,333,1084.33,433.72,69.79,54.52,0.8430,1,1
388,457,926.20,921.68,54.69,43.69,0.8897,1,1
388,547,835.91,725.99,119.73,110.17,0.5924,1,1
388,555,1088.22,619.43,70.24,54.08,0.8176,1,1
388,560,434.50,352.96,32.58,33.00,0.8869,1,1
388,592,1045.60,1028.36,23.82,28.36,0.3014,1,1
388,593,732.95,973.45,37.87,49.86,0.4010,1,1
388,596,183.83,473.25,28.73,34.60,0.8532,1,1
388,602,667.48,307.52,30.79,35.36,0.8369,1,1
388,606,711.64,164.14,41.49,23.69,0.6696,1,1
388,607,534.74,330.89,23.00,39.43,0.6350,1,1
388,609,90.25,622.20,33.28,36.20,0.2809,1,1
388,611,148.98,510.01,46.18,29.24,0.8649,1,1
388,615,717.75,162.97,46.08,20.97,0.3409,1,1
389,1,438.66,426.25,78.42,94.73,0.8953,1,1
389,2,656.02,46.92,52.16,43.80,0.8977,1,1
389,3,441.25,113.59,50.11,37.72,0.8820,1,1
389,5,322.29,220.24,37.96,52.72,0.9102,1,1
389,6,443.29,149.45,42.14,40.65,0.9173,1,1
389,7,677.00,75.29,29.51,42.70,0.8492,1,1
389,9,1454.97,0.37,38.14,31.12,0.6352,1,1
389,13,1076.18,371.16,95.52,84.43,0.8609,1,1
389,16,905.18,134.70,61.50,67.31,0.6763,1,1
389,215,710.27,190.41,83.04,69.10,0.7025,1,1
389,240,1120.44,551.66,57.85,49.55,0.8917,1,1
389,282,996.03,27.68,51.83,45.46,0.9030,1,1
389,328,921.72,0.76,20.75,15.01,0.8363,1,1
389,333,1083.78,438.85,69.38,55.17,0.8754,1,1
389,457,924.43,912.61,55.86,42.27,0.8762,1,1
389,555,1088.98,628.31,68.75,52.54,0.4067,1,1
389,560,434.98,353.81,32.31,33.10,0.8923,1,1
389,596,183.99,473.16,28.38,33.84,0.8515,1,1
389,602,665.64,306.45,31.66,35.59,0.7239,1,1
389,607,535.17,331.57,22.63,38.74,0.5658,1,1
389,609,97.23,623.53,31.33,34.58,0.3346,1,1
389,611,148.29,509.54,47.42,30.36,0.8807,1,1
390,1,438.80,424.62,80.05,98.27,0.8905,1,1
390,2,655.59,47.26,52.60,44.21,0.8998,1,1
390,3,443.90,112.78,47.42,35.39,0.8880,1,1
390,5,322.31,220.81,37.97,51.98,0.9108,1,1
390,6,442.58,147.30,43.99,46.09,0.9072,1,1
390,7,677.12,76.35,28.90,41.84,0.8589,1,1
390,9,1454.54,0.25,38.75,31.48,0.6632,1,1
390,13,1073.70,375.90,97.36,86.48,0.7332,1,1
390,16,905.82,134.71,60.15,66.01,0.4828,1,1
390,240,1120.03,554.11,57.68,50.02,0.8839,1,1
390,282,995.42,28.00,52.07,44.50,0.9109,1,1
390,328,922.52,0.96,20.62,15.10,0.8358,1,1
390,333,1083.27,446.19,67.94,54.25,0.8401,1,1
390,421,1065.61,1020.47,28.87,31.63,0.2914,1,1
390,457,921.44,896.36,66.13,49.88,0.5688,1,1
390,560,435.04,354.27,32.14,33.36,0.8928,1,1
390,596,183.62,472.86,28.92,34.85,0.8486,1,1
390,602,663.70,306.01,32.91,35.68,0.8239,1,1
390,607,535.66,331.30,22.84,38.64,0.6286,1,1
390,611,147.84,510.11,47.91,30.39,0.8848,1,1
391,1,439.56,422.88,79.98,99.48,0.8925,1,1
391,2,654.80,47.31,52.81,45.08,0.8940,1,1
391,3,444.13,112.89,46.96,34.83,0.8825,1,1
391,5,320.96,221.47,38.89,52.16,0.9102,1,1
391,6,444.65,145.75,41.46,43.44,0.8925,1,1
391,7,676.33,76.27,29.24,42.01,0.8544,1,1
391,9,1454.51,0.17,39.00,31.54,0.6581,1,1
391,13,1070.45,381.79,97.96,87.24,0.3853,1,1
391,16,905.68,134.79,59.26,65.54,0.4328,1,1
391,240,1119.21,553.46,58.39,52.32,0.9097,1,1
391,282,995.16,27.71,51.45,43.34,0.9078,1,1
391,328,922.41,0.80,20.93,15.37,0.8488,1,1
391,333,1081.44,453.74,68.16,55.26,0.9047,1,1
391,560,434.90,354.22,32.20,33.63,0.8917,1,1
391,596,184.10,472.94,28.96,35.66,0.8486,1,1
391,602,664.17,305.45,32.16,34.15,0.7323,1,1
391,607,536.60,330.78,23.28,39.07,0.6149,1,1
391,611,149.91,511.01,46.67,31.12,0.8882,1,1
391,620,746.26,158.95,30.94,15.70,0.8125,1,1
392,1,440.42,422.66,79.41,97.44,0.8827,1,1
392,2,653.93,47.80,52.31,44.82,0.8818,1,1
392,3,444.93,112.48,46.08,33.92,0.8810,1,1
392,5,320.91,222.99,38.61,50.47,0.9152,1,1
392,6,445.59,144.38,40.25,39.89,0.8974,1,1
392,7,675.72,76.34,29.12,41.96,0.8588,1,1
392,9,1454.32,0.07,39.32,31.70,0.6802,1,1
392,13,1066.94,390.30,97.55,87.11,0.4692,1,1
392,16,905.89,134.84,58.43,65.80,0.6302,1,1
392,215,711.54,189.35,82.26,68.06,0.2762,1,1
392,240,1120.41,554.51,56.78,51.72,0.9211,1,1
392,282,994.49,27.47,51.82,42.88,0.9117,1,1
392,328,922.33,0.61,21.30,15.49,0.8305,1,1
392,333,1078.98,460.58,68.21,55.63,0.8463,1,1
392,421,1066.68,1020.65,27.13,29.79,0.2501,1,1
392,560,434.95,354.88,31.59,32.92,0.8866,1,1
392,596,184.09,474.40,28.73,35.49,0.8599,1,1
392,602,666.25,302.29,33.40,35.11,0.7837,1,1
392,607,537.68,330.48,23.24,38.98,0.5054,1,1
392,611,150.31,511.34,45.97,31.20,0.8871,1,1
392,620,742.01,159.56,27.64,13.86,0.2971,1,1
393,1,441.47,421.87,79.41,96.98,0.7877,1,1
393,2,652.93,48.08,51.89,44.70,0.8826,1,1
393,3,444.69,112.21,45.71,33.64,0.8814,1,1
393,5,319.98,223.83,38.84,50.47,0.9181,1,1
393,6,445.63,143.62,40.35,38.50,0.8892,1,1
393,7,674.35,76.32,29.21,41.97,0.8578,1,1
393,9,1454.31,0.07,39.36,31.66,0.6743,1,1
393,13,1063.80,401.55,95.72,85.36,0.8397,1,1
393,16,906.49,135.07,57.57,65.48,0.5326,1,1
393,240,1121.71,553.90,56.19,53.45,0.9167,1,1
393,282,994.15,27.55,51.76,42.08,0.9140,1,1
393,328,922.35,0.65,21.85,15.53,0.8335,1,1
393,333,1076.00,469.62,68.39,57.57,0.8605,1,1
393,421,1066.69,1020.54,27.02,29.71,0.3178,1,1
393,560,433.57,354.85,31.79,32.40,0.8806,1,1
393,596,184.50,476.21,27.97,34.06,0.8605,1,1
393,602,670.26,300.35,34.47,37.31,0.8390,1,1
393,607,538.31,330.54,23.30,38.87,0.4510,1,1
393,611,150.25,511.55,46.49,30.44,0.8872,1,1
393,625,973.92,54.97,15.61,26.75,0.8291,1,1
394,1,441.35,421.84,79.70,96.94,0.7900,1,1
394,2,652.97,48.09,51.77,44.69,0.8826,1,1
394,3,444.69,112.22,45.69,33.61,0.8813,1,1
394,5,319.94,223.84,38.92,50.47,0.9180,1,1
394,6,445.31,143.61,40.98,38.49,0.8892,1,1
394,7,674.30,76.37,29.23,41.91,0.8579,1,1
394,9,1454.24,0.09,39.42,31.66,0.6758,1,1
394,13,1063.72,401.81,95.69,85.30,0.8408,1,1
394,16,906.77,135.15,57.03,65.42,0.5379,1,1
394,240,1122.11,553.90,55.39,53.46,0.9166,1,1
394,282,994.01,27.55,52.04,42.07,0.9140,1,1
394,328,922.21,0.66,22.13,15.53,0.8335,1,1
394,333,1076.58,469.78,67.26,57.56,0.8588,1,1
394,421,1066.62,1020.56,27.01,29.72,0.3105,1,1
394,560,433.40,354.85,32.10,32.39,0.8806,1,1
394,596,184.43,476.26,28.13,34.01,0.8604,1,1
394,602,670.56,300.31,34.07,37.35,0.8394,1,1
394,607,538.32,330.58,23.41,38.85,0.4523,1,1
394,611,150.00,511.56,47.07,30.37,0.8867,1,1
394,625,973.80,55.06,15.75,26.74,0.8292,1,1
394,626,488.93,911.32,82.03,111.86,0.4572,1,1
394,627,312.23,204.61,52.35,35.78,0.3578,1,1
394,628,921.21,868.99,57.84,56.70,0.3605,1,1
395,1,442.81,423.27,78.38,94.87,0.5395,1,1
395,2,651.51,48.21,51.55,43.85,0.8883,1,1
395,3,445.10,111.55,45.35,33.09,0.8793,1,1
395,5,319.06,224.72,39.98,49.81,0.9100,1,1
395,6,446.19,141.35,41.20,38.89,0.8840,1,1
395,7,672.68,76.10,29.48,42.13,0.8612,1,1
395,9,1454.07,0.09,39.91,32.06,0.6805,1,1
395,13,1060.35,412.10,95.94,85.88,0.8689,1,1
395,16,906.98,135.05,57.51,66.55,0.5181,1,1
395,215,712.53,189.12,82.84,68.32,0.3908,1,1
395,240,1124.53,556.54,53.67,50.92,0.9063,1,1
395,282,993.81,26.73,52.91,42.90,0.9116,1,1
395,328,922.64,0.45,22.83,15.65,0.8288,1,1
395,333,1075.23,482.14,64.63,55.53,0.8837,1,1
395,560,432.35,355.35,32.45,31.97,0.8861,1,1
395,596,184.79,478.88,27.15,31.46,0.8586,1,1
395,607,539.31,331.51,23.06,38.19,0.2653,1,1
395,611,148.00,512.15,48.64,29.98,0.8487,1,1
395,625,972.71,57.76,16.80,29.15,0.7500,1,1
395,626,488.81,909.93,86.07,114.18,0.4937,1,1
395,627,313.76,208.22,48.91,33.60,0.4605,1,1
395,631,539.30,331.46,23.45,38.23,0.3810,1,1
396,2,650.07,48.49,51.38,43.94,0.8928,1,1
396,3,445.97,111.66,44.40,31.84,0.8650,1,1
396,5,318.48,224.94,40.11,48.47,0.8968,1,1
396,6,448.39,140.18,38.09,33.66,0.8836,1,1
396,7,671.18,74.83,30.24,43.43,0.8677,1,1
396,9,1454.15,0.16,39.93,32.17,0.6754,1,1
396,13,1056.65,421.33,97.04,87.91,0.8858,1,1
396,16,907.90,135.15,58.40,67.66,0.3853,1,1
396,215,712.84,189.82,82.55,67.72,0.5046,1,1
396,240,1126.53,557.90,53.16,50.41,0.9005,1,1
396,282,993.70,26.76,52.87,42.54,0.9150,1,1
396,328,922.47,0.52,23.01,15.59,0.8234,1,1
396,333,1075.54,493.44,63.62,54.55,0.8614,1,1
396,421,1067.23,1020.62,26.34,29.07,0.3388,1,1
396,560,431.62,356.03,32.39,31.07,0.8892,1,1
396,596,183.97,479.22,28.27,31.93,0.8528,1,1
396,607,539.67,331.61,22.98,38.08,0.6737,1,1
396,611,144.78,512.20,54.03,33.77,0.7948,1,1
396,625,971.72,62.93,17.14,29.95,0.6232,1,1
396,627,312.60,207.66,49.17,33.95,0.4950,1,1
397,1,443.94,423.24,78.98,95.11,0.4582,1,1
397,2,649.56,49.14,50.79,42.48,0.8912,1,1
397,3,445.34,111.35,45.12,32.54,0.8692,1,1
397,5,317.13,225.79,41.59,50.44,0.8931,1,1
397,6,447.59,139.83,40.83,36.72,0.8899,1,1
397,7,670.25,75.06,30.47,43.56,0.8582,1,1
397,9,1454.13,0.15,39.87,32.17,0.6810,1,1
397,13,1053.56,431.34,97.87,90.19,0.8945,1,1
397,16,908.55,135.02,59.07,68.36,0.4111,1,1
397,215,712.82,189.82,83.38,68.22,0.3173,1,1
397,240,1128.46,557.96,53.38,51.47,0.8880,1,1
397,282,993.99,26.81,52.44,41.92,0.9152,1,1
397,328,923.62,0.43,23.18,16.08,0.8301,1,1
397,333,1077.26,508.31,59.12,51.41,0.8641,1,1
397,421,1067.30,1020.47,26.39,29.27,0.3266,1,1
397,560,430.88,357.01,32.35,30.38,0.8840,1,1
397,596,184.32,480.24,28.05,30.86,0.8350,1,1
397,607,539.66,331.67,22.93,38.03,0.4415,1,1
397,611,149.97,515.87,47.83,30.38,0.7688,1,1
397,625,970.53,64.47,16.64,29.17,0.4478,1,1
397,627,312.80,207.57,48.39,33.59,0.4173,1,1
397,628,913.47,856.65,51.49,54.04,0.6642,1,1
397,633,709.53,166.68,29.39,24.58,0.8121,1,1
398,1,444.23,422.60,79.49,95.43,0.4022,1,1
398,2,648.53,49.41,51.47,42.97,0.8779,1,1
398,3,446.23,111.27,44.58,32.18,0.8674,1,1
398,5,316.93,226.43,41.18,49.13,0.8849,1,1
398,6,448.35,139.93,41.42,37.81,0.8846,1,1
398,7,669.19,74.85,30.86,44.22,0.8606,1,1
398,9,1454.02,0.24,39.81,32.07,0.7046,1,1
398,13,1050.46,442.01,100.86,93.16,0.7078,1,1
398,16,908.55,135.14,59.42,68.40,0.6697,1,1
398,215,712.63,190.69,83.17,67.18,0.8218,1,1
398,240,1130.47,560.41,51.69,49.88,0.8410,1,1
398,282,993.81,26.62,52.95,42.30,0.9159,1,1
398,328,923.96,0.26,22.87,16.01,0.8334,1,1
398,333,1074.61,520.69,60.13,52.43,0.8578,1,1
398,421,1067.38,1020.39,26.18,29.14,0.3558,1,1
398,560,429.85,357.82,33.16,29.85,0.8836,1,1
398,596,183.77,480.65,29.57,32.62,0.8375,1,1
398,607,538.78,332.00,23.16,38.42,0.3439,1,1
398,611,152.61,518.53,44.54,28.44,0.7313,1,1
398,625,970.90,65.68,16.55,29.00,0.4068,1,1
398,627,311.56,206.75,49.64,34.67,0.3423,1,1
398,628,913.01,853.29,47.88,51.07,0.5538,1,1
398,633,707.53,165.15,27.91,22.91,0.7841,1,1
398,635,53.97,340.54,65.61,60.22,0.4142,1,1
399,2,647.91,49.33,51.23,42.75,0.8782,1,1
399,3,447.83,111.17,43.37,31.21,0.8618,1,1
399,5,315.82,226.47,42.76,50.92,0.8840,1,1
399,6,449.37,139.35,42.17,38.24,0.8784,1,1
399,7,667.90,76.37,30.31,43.06,0.8646,1,1
399,9,1453.95,0.22,39.80,32.20,0.6984,1,1
399,13,1047.94,452.05,103.08,96.52,0.7505,1,1
399,16,909.59,134.84,62.51,69.85,0.7123,1,1
399,215,712.31,191.71,83.70,66.37,0.9062,1,1
399,240,1132.12,564.17,50.41,47.41,0.8813,1,1
399,282,994.02,25.88,54.70,42.67,0.9128,1,1
399,328,924.38,0.33,22.83,15.78,0.8128,1,1
399,333,1074.17,531.97,60.23,52.87,0.5962,1,1
399,421,1068.03,1020.48,26.82,29.91,0.2849,1,1
399,560,428.55,359.07,33.98,29.35,0.8749,1,1
399,596,185.50,482.68,27.70,30.04,0.8385,1,1
399,611,152.59,518.95,43.93,27.85,0.6852,1,1
399,633,701.74,160.52,28.42,21.36,0.8098,1,1
399,635,53.93,340.60,65.42,59.89,0.5236,1,1
399,638,94.15,736.63,98.39,87.52,0.8568,1,1
399,639,877.27,215.32,23.86,18.37,0.5706,1,1
400,2,647.94,49.34,51.25,42.67,0.8788,1,1
400,3,447.78,111.14,43.43,31.27,0.8623,1,1
400,5,315.80,226.45,42.79,50.88,0.8845,1,1
400,6,449.22,139.47,42.44,38.68,0.8749,1,1
400,7,667.84,76.49,30.48,42.97,0.8652,1,1
400,9,1453.97,0.24,39.69,32.20,0.7000,1,1
400,13,1048.29,452.61,102.17,96.71,0.7528,1,1
400,16,909.17,134.83,63.81,70.01,0.7214,1,1
400,215,712.17,191.72,83.84,66.26,0.9048,1,1
400,240,1131.89,564.20,50.88,47.41,0.8811,1,1
400,282,993.81,25.83,55.15,42.72,0.9133,1,1
400,328,924.29,0.35,22.97,15.78,0.8133,1,1
400,333,1074.31,533.33,59.85,52.95,0.5972,1,1
400,421,1068.12,1020.57,27.04,30.20,0.2783,1,1
400,560,428.21,359.10,34.68,29.38,0.8755,1,1
400,596,185.41,482.78,27.87,29.93,0.8381,1,1
400,611,152.37,518.97,44.18,27.84,0.6988,1,1
400,633,700.95,160.40,29.71,21.29,0.8098,1,1
400,635,53.80,340.62,65.57,59.86,0.5337,1,1
400,638,93.29,736.71,100.41,87.34,0.8673,1,1
400,639,877.76,215.29,23.32,18.39,0.5744,1,1
401,2,647.10,49.47,51.52,42.53,0.8811,1,1
401,3,449.14,111.62,42.96,30.43,0.8669,1,1
401,5,315.31,227.05,42.99,50.96,0.8782,1,1
401,6,450.69,138.92,42.69,39.57,0.8737,1,1
401,7,667.09,76.24,29.90,42.90,0.8770,1,1
401,9,1454.03,0.24,39.53,32.16,0.6915,1,1
401,13,1047.57,462.78,102.09,96.75,0.3444,1,1
401,16,908.85,135.03,64.15,69.44,0.7311,1,1
401,215,711.70,192.22,84.60,66.32,0.8973,1,1
401,240,1133.05,564.88,50.86,47.55,0.8253,1,1
401,282,994.38,25.90,54.46,40.79,0.9119,1,1
401,328,924.27,0.29,22.86,15.78,0.7878,1,1
401,333,1075.31,542.33,59.15,52.54,0.4955,1,1
401,421,1068.10,1020.48,27.36,30.57,0.2852,1,1
401,560,428.38,360.56,34.46,28.24,0.8658,1,1
401,596,184.23,483.01,27.07,24.35,0.8335,1,1
401,607,537.14,332.20,23.76,39.30,0.5949,1,1
401,611,151.84,516.20,45.34,28.07,0.7986,1,1
401,633,699.31,157.96,28.85,21.39,0.8636,1,1
401,635,53.81,340.75,65.26,59.18,0.6410,1,1
401,638,107.60,730.65,104.33,90.75,0.9264,1,1
401,642,633.21,679.00,32.76,36.93,0.8852,1,1
402,2,646.68,49.50,50.88,41.81,0.8778,1,1
402,3,449.78,111.60,42.70,29.96,0.8657,1,1
402,5,315.39,227.92,43.53,52.65,0.8870,1,1
402,6,451.58,138.64,43.21,40.44,0.8864,1,1
402,7,666.48,75.71,29.85,42.97,0.8592,1,1
402,9,1453.84,0.19,39.54,32.25,0.7082,1,1
402,13,1047.29,475.35,102.04,96.79,0.5030,1,1
402,16,907.60,135.07,64.30,69.87,0.7553,1,1
402,215,711.45,192.74,84.94,66.24,0.8797,1,1
402,240,1136.04,568.93,48.08,44.55,0.6917,1,1
402,282,994.24,25.27,56.50,41.49,0.9077,1,1
402,328,924.20,0.21,23.31,16.41,0.7807,1,1
402,421,1068.63,1020.51,26.01,29.03,0.4010,1,1
402,560,428.74,362.66,34.24,28.34,0.8570,1,1
402,592,1046.14,1028.59,24.13,28.92,0.2599,1,1
402,596,187.49,484.11,26.94,21.51,0.7470,1,1
402,607,537.24,332.56,23.44,38.85,0.6529,1,1
402,611,156.11,512.81,42.62,27.56,0.8512,1,1
402,633,695.61,154.30,29.93,23.03,0.8560,1,1
402,635,53.49,341.08,65.64,59.41,0.4622,1,1
402,638,121.65,724.57,104.29,88.87,0.9209,1,1
402,642,632.77,675.34,33.79,38.83,0.8739,1,1
403,2,646.54,49.39,50.97,41.69,0.8834,1,1
403,3,450.30,111.33,43.38,30.29,0.8698,1,1
403,5,315.51,228.85,43.21,52.11,0.8922,1,1
403,6,453.20,138.82,42.44,39.08,0.8909,1,1
403,7,665.94,76.50,29.25,42.34,0.8501,1,1
403,9,1453.74,0.22,39.41,32.27,0.6919,1,1
403,13,1045.98,485.44,102.86,97.90,0.4159,1,1
403,16,907.18,135.00,65.24,71.44,0.8147,1,1
403,215,710.65,193.21,84.92,65.64,0.8852,1,1
403,240,1138.00,570.41,48.00,43.99,0.7200,1,1
403,282,994.40,24.36,56.11,40.35,0.8862,1,1
403,328,924.78,0.32,22.64,16.30,0.8095,1,1
403,421,1068.79,1020.56,25.68,28.70,0.3630,1,1
403,560,429.17,364.14,33.29,27.59,0.8321,1,1
403,592,1046.17,1028.54,24.09,28.95,0.2668,1,1
403,596,192.52,484.19,23.57,18.56,0.2621,1,1
403,607,536.86,332.08,24.78,38.87,0.8604,1,1
403,611,156.71,511.05,39.77,26.48,0.8717,1,1
403,633,693.31,149.96,30.17,23.31,0.8188,1,1
403,635,53.28,341.35,65.89,59.60,0.3188,1,1
403,638,134.16,718.17,104.15,91.45,0.9137,1,1
403,642,634.22,672.73,33.80,40.88,0.8761,1,1
403,644,1047.26,485.15,101.17,98.41,0.4482,1,1
404,2,645.51,49.60,51.76,43.68,0.8832,1,1
404,3,450.62,111.28,43.56,30.55,0.8732,1,1
404,5,315.15,229.68,43.09,51.35,0.8918,1,1
404,6,453.19,139.68,43.29,39.34,0.8934,1,1
404,7,665.03,77.82,28.79,41.29,0.8470,1,1
404,9,1453.78,0.22,39.20,32.23,0.6783,1,1
404,13,1045.55,495.27,103.62,98.97,0.7147,1,1
404,16,906.60,135.34,65.96,72.52,0.8256,1,1
404,215,710.15,193.38,85.05,65.03,0.9124,1,1
404,240,1139.04,572.45,47.51,43.62,0.4562,1,1
404,282,994.94,24.61,55.10,37.89,0.8915,1,1
404,328,925.28,0.47,22.46,16.72,0.7752,1,1
404,333,1073.05,574.52,58.56,52.39,0.2825,1,1
404,421,1068.93,1020.70,25.54,28.50,0.3332,1,1
404,560,429.38,364.84,33.89,27.47,0.8452,1,1
404,611,153.16,509.11,39.34,26.27,0.7264,1,1
404,633,695.68,145.62,28.45,21.58,0.7605,1,1
404,635,53.19,341.65,65.71,59.35,0.3483,1,1
404,638,148.44,711.64,103.66,89.72,0.9207,1,1
404,642,634.04,670.63,34.02,42.38,0.8598,1,1
404,644,1046.56,494.97,101.78,99.08,0.6369,1,1
405,2,645.75,50.15,50.81,43.14,0.8816,1,1
405,3,451.04,111.26,43.84,30.87,0.8770,1,1
405,5,315.03,230.42,43.17,50.53,0.8577,1,1
405,6,453.35,140.59,43.31,39.05,0.8994,1,1
405,7,664.83,79.96,28.42,39.88,0.8652,1,1
405,9,1453.90,0.23,39.04,32.18,0.6642,1,1
405,16,906.21,135.69,64.67,71.42,0.7098,1,1
405,215,710.74,193.64,83.76,63.34,0.9211,1,1
405,282,995.06,24.77,55.93,36.85,0.9037,1,1
405,328,926.06,0.55,21.91,17.45,0.8177,1,1
405,560,428.49,365.08,33.17,27.07,0.7961,1,1
405,607,539.38,329.76,24.81,39.14,0.3828,1,1
405,633,695.12,142.98,28.64,20.88,0.7794,1,1
405,635,52.95,341.75,65.97,59.59,0.3250,1,1
405,638,160.68,703.14,108.20,94.05,0.8041,1,1
405,642,636.26,668.72,32.99,41.83,0.7760,1,1
405,644,1046.48,503.88,103.24,100.05,0.7413,1,1
405,646,496.98,312.52,35.49,27.26,0.6518,1,1
406,2,645.72,50.16,50.85,43.45,0.8813,1,1
406,3,451.06,111.25,43.79,30.88,0.8768,1,1
406,5,314.80,230.39,43.63,50.57,0.8590,1,1
406,6,453.26,140.57,43.44,38.92,0.8986,1,1
406,7,664.69,80.25,28.64,39.52,0.8706,1,1
406,9,1453.92,0.26,38.94,32.16,0.6640,1,1
406,16,906.41,135.72,64.37,71.28,0.7243,1,1
406,215,710.63,193.64,84.01,63.30,0.9211,1,1
406,282,994.59,24.76,56.76,36.83,0.9050,1,1
406,328,926.41,0.55,21.14,17.51,0.8191,1,1
406,560,428.51,365.08,33.03,27.10,0.7984,1,1
406,607,539.70,329.50,24.67,39.17,0.3988,1,1
406,633,694.72,142.91,29.33,20.84,0.7805,1,1
406,635,52.79,341.84,66.04,59.64,0.3296,1,1
406,638,161.26,703.03,107.98,94.24,0.8084,1,1
406,642,636.68,668.64,32.40,41.70,0.7767,1,1
406,644,1046.32,504.25,103.62,100.10,0.7531,1,1
406,646,497.17,312.49,35.60,27.34,0.6508,1,1
406,651,995.18,48.84,28.77,30.53,0.7387,1,1
407,1,445.60,423.63,84.17,105.25,0.4170,1,1
407,2,646.57,50.49,49.42,40.88,0.8833,1,1
407,3,451.03,111.51,44.20,31.51,0.8749,1,1
407,5,314.05,231.06,44.69,51.68,0.8434,1,1
407,6,453.42,141.13,43.29,38.66,0.9039,1,1
407,7,664.20,79.58,29.47,40.51,0.8504,1,1
407,9,1454.25,0.19,39.15,32.02,0.7236,1,1
407,16,906.61,135.66,65.37,72.11,0.7642,1,1
407,215,710.47,193.51,85.86,62.91,0.9235,1,1
407,282,994.68,24.32,56.89,36.56,0.8907,1,1
407,328,926.84,0.41,20.61,17.57,0.8132,1,1
407,560,428.44,365.96,32.66,26.92,0.4226,1,1
407,607,541.49,328.26,25.51,40.63,0.4344,1,1
407,633,693.32,139.87,29.96,20.81,0.8050,1,1
407,635,52.83,341.74,65.98,59.58,0.3931,1,1
407,638,175.14,694.24,106.81,92.21,0.9130,1,1
407,644,1046.57,510.90,105.84,102.29,0.7942,1,1
407,646,499.04,311.20,35.25,27.25,0.5432,1,1
407,651,996.68,48.99,28.96,30.55,0.5781,1,1
407,652,683.01,352.20,24.20,27.17,0.2812,1,1
408,1,449.92,425.10,79.28,103.04,0.8025,1,1
408,2,646.28,51.30,50.22,41.26,0.8843,1,1
408,3,451.03,111.55,44.61,32.08,0.8757,1,1
408,5,312.92,230.12,46.18,53.30,0.7957,1,1
408,6,453.22,142.03,43.50,37.35,0.9116,1,1
408,7,663.91,79.50,29.60,40.90,0.8427,1,1
408,9,1453.67,0.26,39.22,32.14,0.6927,1,1
408,16,905.52,136.28,65.14,71.43,0.7599,1,1
408,215,710.48,193.51,86.03,60.64,0.9015,1,1
408,282,994.29,24.68,55.34,35.56,0.8682,1,1
408,328,927.61,0.29,20.19,17.46,0.7512,1,1
408,560,429.17,366.00,34.14,27.75,0.6379,1,1
408,585,624.08,835.64,138.56,134.02,0.2934,1,1
408,607,544.32,326.30,24.38,38.85,0.3091,1,1
408,631,545.06,325.26,23.43,38.08,0.3894,1,1
408,633,692.99,138.56,28.62,19.69,0.8390,1,1
408,635,52.57,341.84,65.96,59.48,0.5873,1,1
408,638,188.55,686.25,108.47,94.67,0.9118,1,1
408,644,1046.39,519.70,106.88,103.71,0.8024,1,1
408,646,499.91,309.64,36.91,28.91,0.5219,1,1
408,651,996.14,49.39,29.73,31.11,0.5915,1,1
409,1,451.27,424.59,79.97,102.90,0.7840,1,1
409,2,646.30,51.85,50.77,41.93,0.8867,1,1
409,3,450.72,111.80,45.05,32.82,0.8716,1,1
409,5,314.05,229.94,44.12,50.62,0.4729,1,1
409,6,452.93,142.70,43.81,37.50,0.9134,1,1
409,7,664.21,80.64,29.19,40.26,0.8451,1,1
409,9,1453.74,0.32,39.02,32.02,0.6846,1,1
409,16,905.34,137.78,63.76,69.88,0.7804,1,1
409,215,708.95,193.17,85.72,57.43,0.8795,1,1
409,282,994.37,25.08,54.35,34.38,0.8824,1,1
409,328,927.80,0.33,20.61,18.13,0.7486,1,1
409,547,813.13,675.82,107.69,103.76,0.3043,1,1
409,560,429.32,366.98,34.04,27.11,0.7102,1,1
409,607,545.66,323.37,24.04,38.92,0.4194,1,1
409,631,546.34,323.30,23.07,38.87,0.4483,1,1
409,633,691.66,138.68,28.49,19.55,0.8390,1,1
409,635,52.33,342.12,65.98,59.51,0.4624,1,1
409,638,202.06,681.67,108.65,92.79,0.9047,1,1
409,644,1047.00,529.62,106.58,101.73,0.8782,1,1
409,651,995.04,48.83,30.38,32.03,0.5766,1,1
410,1,451.35,424.36,80.82,102.86,0.8362,1,1
410,2,646.88,52.48,50.88,42.21,0.8930,1,1
410,3,450.58,111.82,44.81,33.06,0.8724,1,1
410,5,315.15,229.23,42.00,47.75,0.2901,1,1
410,6,452.66,143.18,43.42,37.03,0.9181,1,1
410,7,664.57,82.32,29.10,39.58,0.8523,1,1
410,9,1453.65,0.38,38.97,32.03,0.6807,1,1
410,16,905.63,139.18,63.35,69.25,0.7920,1,1
410,215,709.80,193.61,87.51,58.29,0.8977,1,1
410,282,994.60,25.26,53.28,33.65,0.2570,1,1
410,328,927.98,0.19,20.51,18.14,0.6357,1,1
410,547,812.37,672.39,106.74,116.78,0.6541,1,1
410,560,429.67,367.81,35.37,26.78,0.8221,1,1
410,607,546.97,318.59,23.68,40.73,0.7450,1,1
410,633,690.47,140.15,27.26,18.21,0.7980,1,1
410,635,52.16,342.68,65.14,58.76,0.2625,1,1
410,638,214.26,669.77,109.31,95.91,0.9032,1,1
410,644,1047.82,537.41,107.41,103.57,0.9313,1,1
410,651,994.74,49.21,30.55,32.23,0.4707,1,1
411,1,452.13,425.43,80.50,100.28,0.8414,1,1
411,2,647.39,53.63,50.04,40.73,0.8883,1,1
411,3,450.54,112.02,44.54,33.22,0.8704,1,1
411,6,451.62,143.32,43.94,37.82,0.9134,1,1
411,7,664.39,82.67,29.68,40.35,0.8451,1,1
411,9,1453.55,0.28,39.06,32.16,0.7040,1,1
411,16,905.62,139.33,63.52,69.23,0.8056,1,1
411,215,710.00,193.35,87.63,57.79,0.8896,1,1
411,282,994.40,25.62,54.30,33.82,0.8664,1,1
411,328,928.70,0.23,20.42,18.32,0.6634,1,1
411,547,813.20,668.65,104.50,120.05,0.5002,1,1
411,560,429.39,368.26,36.26,26.61,0.8071,1,1
411,607,548.76,316.93,22.02,39.51,0.7774,1,1
411,631,547.77,316.99,23.16,40.52,0.4232,1,1
411,633,688.17,143.46,28.94,19.15,0.7870,1,1
411,638,227.55,664.37,107.00,90.61,0.9204,1,1
411,644,1047.90,545.72,107.10,104.45,0.9200,1,1
411,651,995.22,49.24,30.29,32.03,0.3500,1,1
412,1,451.75,425.46,81.27,100.20,0.8408,1,1
412,2,647.19,53.65,50.42,40.72,0.8884,1,1
412,3,450.70,112.03,44.25,33.19,0.8705,1,1
412,6,451.69,143.32,43.80,37.84,0.9133,1,1
412,7,664.37,82.70,29.69,40.37,0.8447,1,1
412,9,1453.53,0.30,39.02,32.17,0.7042,1,1
412,16,905.55,139.34,63.63,69.22,0.8061,1,1
412,215,709.81,193.33,88.00,57.78,0.8884,1,1
412,282,994.27,25.63,54.57,33.82,0.8664,1,1
412,328,928.83,0.26,20.20,18.33,0.6630,1,1
412,547,814.78,668.09,101.31,120.57,0.5000,1,1
412,560,429.08,368.29,36.88,26.60,0.8071,1,1
412,607,549.02,316.87,21.53,39.45,0.7778,1,1
412,631,548.09,316.35,22.66,40.71,0.4257,1,1
412,633,687.97,143.60,29.21,19.20,0.7873,1,1
412,638,227.19,664.17,107.95,90.40,0.9191,1,1
412,644,1048.10,545.77,106.70,104.45,0.9200,1,1
412,651,995.28,49.32,30.15,31.97,0.3494,1,1
412,663,886.39,814.56,51.68,82.70,0.6969,1,1
413,1,451.67,427.27,81.92,99.36,0.8813,1,1
413,2,647.57,53.99,49.83,40.04,0.8838,1,1
413,3,450.53,112.41,43.59,32.82,0.8680,1,1
413,6,451.30,143.56,43.39,37.29,0.9157,1,1
413,7,663.70,83.11,30.58,41.42,0.8234,1,1
413,9,1453.39,0.27,39.11,32.38,0.7196,1,1
413,16,906.06,139.85,64.11,69.33,0.7440,1,1
413,215,709.57,193.63,88.86,58.34,0.8990,1,1
413,282,993.78,25.74,55.11,34.17,0.8709,1,1
413,328,929.83,0.38,19.37,17.98,0.6893,1,1
413,421,1069.99,1004.09,26.06,29.30,0.2635,1,1
413,547,807.21,665.15,101.50,124.20,0.7323,1,1
413,560,429.77,368.72,37.21,26.51,0.7251,1,1
413,607,548.38,315.43,22.13,41.03,0.4922,1,1
413,633,683.89,146.82,31.53,20.97,0.7012,1,1
413,635,51.62,343.61,63.06,56.76,0.2900,1,1
413,638,235.19,658.83,108.91,93.97,0.8881,1,1
413,644,1047.43,551.74,108.69,106.64,0.9214,1,1
413,651,995.25,48.78,29.95,32.01,0.4461,1,1
413,663,882.97,816.58,48.61,76.86,0.6811,1,1
413,665,133.86,506.50,47.45,26.82,0.7255,1,1
414,1,451.05,426.64,83.56,100.21,0.8737,1,1
414,2,647.57,54.31,49.39,39.35,0.8791,1,1
414,3,449.95,112.54,44.07,33.22,0.8699,1,1
414,6,450.83,143.71,43.33,37.89,0.9161,1,1
414,7,663.66,82.15,31.26,43.28,0.8406,1,1
414,9,1453.42,0.26,39.05,32.39,0.7220,1,1
414,16,906.13,140.06,65.90,69.85,0.8133,1,1
414,215,709.63,193.86,89.25,58.71,0.9052,1,1
414,282,993.66,25.76,55.03,33.99,0.8675,1,1
414,328,931.43,0.21,18.90,17.75,0.5597,1,1
414,547,801.32,661.81,100.56,122.30,0.6274,1,1
414,560,430.27,368.85,36.86,26.10,0.4635,1,1
414,607,549.45,311.30,22.39,42.47,0.6060,1,1
414,631,548.71,311.49,23.28,42.69,0.2575,1,1
414,635,51.64,343.87,62.76,55.90,0.3709,1,1
414,638,247.04,648.22,106.18,90.95,0.7880,1,1
414,644,1046.93,557.81,111.21,109.21,0.9204,1,1
414,651,995.32,49.77,28.86,30.75,0.5869,1,1
414,663,879.54,818.03,47.83,73.45,0.7122,1,1
414,665,134.23,506.60,45.15,27.27,0.8573,1,1
415,1,450.88,427.70,84.61,98.67,0.8969,1,1
415,2,647.36,54.60,49.30,38.96,0.8738,1,1
415,3,449.30,112.57,44.17,33.30,0.8726,1,1
415,6,450.34,143.79,43.28,38.48,0.9153,1,1
415,7,662.91,82.30,31.43,44.52,0.8611,1,1
415,9,1453.43,0.27,39.04,32.39,0.7195,1,1
415,16,906.83,139.73,67.42,68.22,0.8518,1,1
415,215,709.83,193.81,89.09,58.40,0.9038,1,1
415,282,993.37,25.64,55.38,33.75,0.8759,1,1
415,328,931.62,0.34,18.89,17.86,0.6755,1,1
415,547,806.16,657.51,95.00,115.57,0.6375,1,1
415,560,430.08,369.63,38.45,27.27,0.5436,1,1
415,635,50.72,344.40,62.88,55.15,0.4621,1,1
415,638,254.78,634.41,108.34,90.12,0.8226,1,1
415,644,1046.80,563.44,111.78,111.49,0.8885,1,1
415,651,994.55,50.04,28.98,30.47,0.6377,1,1
415,663,873.28,815.95,51.13,77.55,0.7188,1,1
415,665,131.47,507.43,48.03,29.67,0.8315,1,1
416,1,449.31,425.86,85.79,99.69,0.9156,1,1
416,2,647.23,55.05,50.04,39.44,0.8750,1,1
416,3,448.65,112.36,44.56,33.45,0.8705,1,1
416,6,450.48,144.08,42.52,37.76,0.9176,1,1
416,7,663.25,83.69,31.20,43.81,0.8724,1,1
416,9,1453.42,0.27,39.05,32.41,0.7229,1,1
416,16,906.31,139.72,68.79,67.87,0.8347,1,1
416,215,710.01,194.26,88.50,57.75,0.9109,1,1
416,282,993.05,25.51,56.35,34.40,0.8878,1,1
416,328,931.72,0.39,18.63,17.64,0.6689,1,1
416,547,797.28,654.48,100.45,120.46,0.7966,1,1
416,560,429.64,369.82,39.06,27.75,0.6740,1,1
416,635,49.70,345.40,62.98,54.62,0.4149,1,1
416,638,261.77,621.84,114.88,86.76,0.9135,1,1
416,644,1045.62,567.75,112.04,112.16,0.8760,1,1
416,651,993.79,51.03,29.26,30.70,0.5509,1,1
416,663,872.68,815.46,50.58,76.43,0.6389,1,1
416,665,120.07,508.92,50.90,30.95,0.6687,1,1
416,671,723.79,239.62,37.25,46.44,0.4934,1,1
417,1,448.52,426.96,86.28,98.51,0.9202,1,1
417,2,647.18,55.24,50.76,40.05,0.8792,1,1
417,3,448.39,112.50,44.46,33.23,0.8683,1,1
417,6,450.07,144.25,42.54,38.08,0.9156,1,1
417,7,664.31,83.93,31.13,43.44,0.8735,1,1
417,9,1453.44,0.32,38.91,32.31,0.7132,1,1
417,16,906.00,140.20,69.10,67.34,0.8352,1,1
417,215,709.38,195.90,88.59,55.79,0.9080,1,1
417,282,993.26,25.62,56.18,34.50,0.8887,1,1
417,328,934.05,0.55,18.11,17.31,0.5016,1,1
417,547,792.65,651.43,100.95,120.32,0.4980,1,1
417,607,549.39,307.25,21.59,39.91,0.5495,1,1
417,638,272.75,609.48,109.61,88.73,0.9145,1,1
417,644,1043.99,570.51,114.45,115.16,0.8912,1,1
417,651,993.05,51.80,29.09,30.50,0.5270,1,1
417,663,872.06,813.13,50.72,76.33,0.4713,1,1
417,665,119.27,510.81,49.72,30.18,0.4572,1,1
417,671,723.61,240.04,36.85,45.98,0.3057,1,1
418,1,448.30,426.96,86.75,98.49,0.9201,1,1
418,2,647.19,55.25,50.75,40.03,0.8793,1,1
418,3,448.35,112.51,44.54,33.22,0.8683,1,1
418,6,450.11,144.26,42.44,38.08,0.9156,1,1
418,7,664.26,83.97,31.22,43.44,0.8737,1,1
418,9,1453.42,0.34,38.88,32.30,0.7135,1,1
418,16,905.73,140.21,69.57,67.34,0.8345,1,1
418,215,708.83,195.91,89.67,55.77,0.9081,1,1
418,282,993.35,25.61,56.07,34.46,0.8894,1,1
418,328,934.49,0.62,17.88,17.24,0.5012,1,1
418,547,791.58,651.01,101.53,120.23,0.4968,1,1
418,607,549.14,307.12,21.90,39.76,0.5369,1,1
418,638,274.03,609.42,107.14,88.73,0.9145,1,1
418,644,1044.09,570.56,114.25,115.14,0.8914,1,1
418,651,992.89,51.96,29.06,30.46,0.5235,1,1
418,663,871.99,812.79,50.84,76.20,0.4713,1,1
418,665,119.18,511.26,49.45,29.96,0.4581,1,1
418,671,723.52,240.21,36.71,45.85,0.3071,1,1
418,676,1030.30,843.83,53.72,80.78,0.2938,1,1
419,1,447.25,427.01,86.71,97.11,0.9247,1,1
419,2,647.10,55.25,51.27,40.61,0.8826,1,1
419,3,447.78,112.36,45.05,33.75,0.8651,1,1
419,6,449.59,144.38,42.55,38.30,0.9155,1,1
419,7,664.86,84.42,31.24,42.78,0.8789,1,1
419,9,1453.38,0.26,38.84,32.36,0.7059,1,1
419,16,905.60,140.49,69.61,67.29,0.7473,1,1
419,215,709.25,196.33,88.77,55.12,0.9075,1,1
419,282,992.64,25.72,56.50,34.49,0.8883,1,1
419,328,934.92,0.59,17.87,17.27,0.5022,1,1
419,547,786.96,645.73,105.67,121.50,0.7213,1,1
419,635,50.01,346.10,60.29,50.84,0.4439,1,1
419,638,281.72,602.78,105.79,90.80,0.8728,1,1
419,644,1041.64,572.37,117.08,118.56,0.8260,1,1
419,651,991.69,51.91,29.17,30.89,0.5319,1,1
419,663,873.04,812.03,49.86,75.05,0.6159,1,1
419,665,121.77,513.45,44.66,31.54,0.8730,1,1
419,671,724.08,240.59,36.43,45.49,0.2683,1,1
419,676,1026.93,853.98,52.73,75.66,0.6674,1,1
420,1,446.21,425.86,87.62,97.70,0.9269,1,1
420,2,647.60,55.45,52.01,41.91,0.8781,1,1
420,3,447.31,112.23,45.42,34.16,0.8646,1,1
420,6,449.78,144.34,42.72,39.15,0.9155,1,1
420,7,666.51,83.92,30.77,42.69,0.8904,1,1
420,9,1453.42,0.26,38.75,32.36,0.7045,1,1
420,16,905.34,140.30,69.26,66.88,0.8093,1,1
420,215,709.10,194.47,89.03,57.52,0.8956,1,1
420,282,992.81,25.91,56.29,34.07,0.8886,1,1
420,328,935.22,0.70,17.61,17.13,0.5904,1,1
420,547,782.96,640.08,108.70,122.63,0.7462,1,1
420,635,50.45,346.21,58.94,48.79,0.3081,1,1
420,638,292.31,592.64,103.89,90.25,0.8957,1,1
420,644,1041.33,573.98,117.52,120.70,0.7787,1,1
420,651,992.34,51.91,28.38,30.35,0.4860,1,1
420,663,871.58,806.26,50.37,76.94,0.8256,1,1
420,665,116.36,517.06,41.62,29.40,0.3496,1,1
420,676,1021.84,868.66,53.78,72.77,0.6522,1,1
421,1,445.77,428.52,87.65,94.84,0.9271,1,1
421,2,648.49,55.20,51.75,41.96,0.8755,1,1
421,3,447.63,113.08,44.02,32.83,0.8578,1,1
421,6,449.86,143.27,42.77,39.77,0.9145,1,1
421,7,669.09,80.91,30.03,45.64,0.8914,1,1
421,9,1453.70,0.00,38.04,33.88,0.8686,1,1
421,13,1039.73,576.47,120.77,122.09,0.4702,1,1
421,16,903.74,139.56,68.55,68.63,0.8905,1,1
421,215,708.76,193.68,90.54,60.06,0.7831,1,1
421,282,991.92,25.70,56.47,35.64,0.8742,1,1
421,328,933.67,0.91,18.12,17.28,0.7166,1,1
421,635,48.48,345.96,62.67,49.99,0.7635,1,1
421,638,301.27,582.90,103.06,90.44,0.8977,1,1
421,651,991.66,51.55,28.85,31.33,0.4869,1,1
421,663,868.77,796.33,53.70,77.79,0.8288,1,1
421,679,743.36,159.93,31.74,32.67,0.7956,1,1
422,1,444.85,430.04,88.15,92.95,0.9273,1,1
422,2,648.69,54.40,51.97,41.46,0.8723,1,1
422,3,447.30,113.35,44.55,32.77,0.8493,1,1
422,6,450.14,143.42,42.24,39.52,0.9146,1,1
422,7,669.64,80.95,29.11,45.33,0.8889,1,1
422,9,1454.01,-0.00,37.40,34.14,0.8700,1,1
422,13,1042.20,578.04,115.60,121.79,0.6768,1,1
422,16,904.30,139.59,67.37,69.26,0.8841,1,1
422,215,708.30,193.92,89.67,60.27,0.6801,1,1
422,282,991.99,25.54,55.29,35.77,0.8740,1,1
422,328,933.23,1.06,18.39,17.05,0.7121,1,1
422,635,48.42,345.54,63.86,51.11,0.2785,1,1
422,638,308.45,575.45,103.25,91.02,0.5776,1,1
422,651,992.05,51.53,28.66,31.22,0.4380,1,1
422,663,871.84,795.24,55.71,80.21,0.5595,1,1
422,679,742.72,158.94,30.95,34.20,0.7536,1,1
422,682,703.07,386.66,31.98,28.58,0.7953,1,1
422,683,171.35,465.46,28.43,27.45,0.7856,1,1
423,1,443.59,431.55,89.46,91.93,0.9274,1,1
423,2,649.06,54.09,52.49,41.37,0.8678,1,1
423,3,446.69,113.41,45.60,33.25,0.8523,1,1
423,6,450.40,143.84,41.65,40.23,0.9206,1,1
423,7,671.23,80.86,28.37,44.60,0.8912,1,1
423,9,1454.24,-0.00,36.79,33.67,0.8672,1,1
423,13,1042.90,578.53,113.65,121.27,0.6761,1,1
423,16,904.34,139.59,66.38,69.18,0.8732,1,1
423,215,707.49,194.63,89.14,60.81,0.8104,1,1
423,282,992.24,25.52,55.20,35.88,0.8825,1,1
423,328,933.20,0.99,18.65,17.15,0.6953,1,1
423,638,318.59,568.64,101.38,89.12,0.3986,1,1
423,651,991.92,51.29,28.54,31.12,0.4572,1,1
423,679,741.99,161.14,27.49,32.79,0.8304,1,1
423,682,702.48,387.92,30.45,27.05,0.4484,1,1
423,685,1045.54,1055.03,21.67,22.27,0.5087,1,1
423,686,681.60,330.72,28.03,20.94,0.7020,1,1
423,687,433.78,374.83,34.31,25.42,0.6638,1,1
423,688,949.91,66.21,19.79,17.16,0.6407,1,1
423,689,675.72,182.61,26.28,15.11,0.4186,1,1
423,690,699.23,172.83,31.79,20.20,0.3036,1,1
424,1,443.28,431.53,90.06,91.86,0.9276,1,1
424,2,648.92,54.09,52.79,41.36,0.8674,1,1
424,3,446.57,113.48,45.75,33.20,0.8529,1,1
424,6,450.60,143.83,41.26,40.23,0.9205,1,1
424,7,671.29,80.84,28.27,44.62,0.8911,1,1
424,9,1454.26,0.00,36.75,33.68,0.8671,1,1
424,13,1043.22,578.55,112.86,121.24,0.6788,1,1
424,16,904.55,139.60,65.93,69.18,0.8732,1,1
424,215,707.78,194.66,88.46,60.84,0.8102,1,1
424,282,992.30,25.52,55.09,35.86,0.8825,1,1
424,328,933.12,1.02,18.76,17.16,0.6955,1,1
424,638,320.44,567.43,101.20,88.67,0.3948,1,1
424,651,991.84,51.31,28.48,31.08,0.4558,1,1
424,679,742.45,161.20,26.44,32.76,0.8306,1,1
424,682,702.20,388.12,30.47,26.85,0.4516,1,1
424,685,1045.27,1054.76,21.89,22.76,0.5089,1,1
424,686,681.47,330.71,28.23,20.96,0.7042,1,1
424,687,433.80,374.85,34.28,25.45,0.6644,1,1
424,688,949.84,66.10,20.18,17.19,0.6414,1,1
424,689,675.92,182.81,26.44,15.07,0.4198,1,1
424,690,699.41,172.88,31.88,20.38,0.3035,1,1
424,693,639.16,470.04,43.33,44.56,0.3518,1,1
424,694,892.63,185.68,17.06,26.68,0.6705,1,1
424,695,97.86,525.78,39.42,30.34,0.5990,1,1
425,1,442.97,431.62,90.36,91.69,0.9267,1,1
425,2,649.18,53.96,53.28,42.55,0.8757,1,1
425,3,446.67,113.42,45.99,33.22,0.8575,1,1
425,6,450.85,144.32,40.81,40.03,0.9158,1,1
425,7,673.21,80.64,27.57,42.51,0.8922,1,1
425,9,1454.29,-0.00,36.73,33.89,0.8694,1,1
425,13,1042.92,578.56,112.11,120.67,0.7484,1,1
425,16,905.17,139.58,66.08,69.20,0.8167,1,1
425,215,707.40,195.10,88.07,61.09,0.8191,1,1
425,282,992.61,25.82,54.42,35.26,0.8856,1,1
425,328,933.54,1.03,18.81,17.14,0.7233,1,1
425,638,325.98,562.83,102.67,89.17,0.6338,1,1
425,651,992.04,51.19,28.52,31.32,0.4338,1,1
425,671,720.76,240.72,37.57,46.82,0.2647,1,1
425,679,741.28,161.61,25.02,31.77,0.8163,1,1
425,685,1045.13,1054.31,21.98,23.23,0.5190,1,1
425,686,681.70,330.50,28.14,20.63,0.5836,1,1
425,687,434.04,375.02,33.55,24.99,0.6798,1,1
425,688,950.10,66.15,20.37,17.37,0.3391,1,1
425,689,679.49,181.92,27.50,15.58,0.3205,1,1
425,690,700.24,174.87,30.17,18.64,0.6015,1,1
425,695,94.30,527.11,39.47,30.64,0.5793,1,1
426,1,441.81,432.36,90.91,91.48,0.9279,1,1
426,2,650.22,53.66,52.37,42.20,0.8765,1,1
426,3,446.32,113.79,46.40,33.23,0.8600,1,1
426,6,450.70,144.65,40.57,40.46,0.9187,1,1
426,7,673.71,79.67,27.94,42.59,0.8891,1,1
426,9,1454.33,-0.00,36.62,33.95,0.8706,1,1
426,13,1042.71,578.91,112.08,120.56,0.8213,1,1
426,16,905.60,139.70,67.24,69.90,0.7950,1,1
426,215,706.70,195.79,87.93,61.25,0.8021,1,1
426,282,992.86,25.98,54.04,34.65,0.8852,1,1
426,328,933.34,0.88,19.06,17.29,0.6929,1,1
426,638,335.35,557.91,99.99,86.09,0.5338,1,1
426,651,992.93,51.04,27.96,30.81,0.3231,1,1
426,679,740.17,161.43,24.43,32.41,0.7912,1,1
426,685,1045.28,1054.91,20.98,22.51,0.5363,1,1
426,687,434.36,375.53,32.81,24.35,0.5902,1,1
426,690,699.09,174.89,31.54,19.14,0.5543,1,1
426,695,91.08,527.73,39.08,30.82,0.5125,1,1
427,1,441.68,432.77,91.10,91.63,0.9310,1,1
427,2,651.01,53.44,52.20,41.92,0.8768,1,1
427,3,445.60,114.29,46.67,33.04,0.8567,1,1
427,6,450.55,145.22,40.08,40.75,0.9197,1,1
427,7,674.88,79.21,27.70,41.56,0.8824,1,1
427,9,1454.32,-0.00,36.65,34.01,0.8706,1,1
427,13,1042.19,579.71,111.98,119.94,0.8111,1,1
427,16,905.35,139.55,67.55,69.65,0.8406,1,1
427,215,705.61,196.23,87.61,60.92,0.8224,1,1
427,282,993.06,25.77,54.48,35.01,0.8856,1,1
427,328,933.43,0.58,19.51,17.68,0.7048,1,1
427,638,344.02,554.09,98.64,84.74,0.5988,1,1
427,679,739.16,161.48,24.06,32.30,0.6772,1,1
427,685,1045.23,1054.43,20.84,22.66,0.4701,1,1
427,690,698.96,173.40,33.98,20.88,0.5046,1,1
428,1,441.24,433.04,91.70,91.47,0.9320,1,1
428,2,651.25,53.20,51.96,41.33,0.8834,1,1
428,3,444.88,114.30,46.97,32.99,0.8589,1,1
428,6,450.07,145.07,40.20,40.94,0.9166,1,1
428,7,675.28,78.66,28.09,41.58,0.8890,1,1
428,9,1454.31,-0.00,36.70,33.98,0.8694,1,1
428,13,1040.85,580.37,112.31,120.34,0.8216,1,1
428,16,905.37,139.50,67.25,68.97,0.8378,1,1
428,215,704.72,197.69,85.73,59.04,0.7733,1,1
428,282,993.46,25.56,55.08,35.64,0.8834,1,1
428,328,933.99,0.64,19.37,17.60,0.4284,1,1
428,547,801.82,612.00,92.85,102.33,0.3529,1,1
428,651,993.47,50.89,28.42,31.08,0.2599,1,1
428,679,740.77,162.16,22.71,31.54,0.8208,1,1
428,685,1044.63,1053.98,21.20,23.30,0.4091,1,1
428,690,699.94,174.97,32.48,19.73,0.5093,1,1
428,702,971.26,93.04,15.77,14.97,0.5831,1,1
428,705,672.15,449.51,48.32,36.20,0.6480,1,1
429,1,441.05,433.18,92.09,91.89,0.9328,1,1
429,2,651.52,53.16,51.80,40.45,0.8805,1,1
429,3,443.96,115.00,47.35,33.06,0.8530,1,1
429,6,449.73,145.03,39.78,40.13,0.9125,1,1
429,7,675.77,78.03,28.04,41.91,0.8875,1,1
429,9,1454.28,0.00,36.80,34.04,0.8697,1,1
429,13,1040.15,581.32,112.24,119.71,0.7560,1,1
429,16,904.98,138.76,69.02,70.23,0.8186,1,1
429,215,703.67,198.29,86.88,59.40,0.7531,1,1
429,282,992.73,25.08,56.36,35.95,0.8823,1,1
429,328,934.67,0.66,19.05,17.40,0.3446,1,1
429,627,311.96,205.63,51.68,36.85,0.2500,1,1
429,651,992.82,51.30,28.65,30.96,0.3732,1,1
429,679,742.66,161.84,22.24,31.79,0.8289,1,1
429,685,1044.77,1054.18,20.89,23.17,0.3935,1,1
429,688,951.24,65.64,20.74,18.11,0.5180,1,1
429,689,681.27,181.54,28.71,16.17,0.2742,1,1
429,702,969.36,92.09,16.01,15.08,0.3150,1,1
430,1,441.05,433.20,92.11,91.84,0.9330,1,1
430,2,651.28,53.11,52.29,40.54,0.8815,1,1
430,3,443.80,115.09,47.52,33.08,0.8541,1,1
430,6,449.61,145.07,39.93,40.05,0.9133,1,1
430,7,675.84,78.01,27.93,41.92,0.8880,1,1
430,9,1454.26,0.00,36.82,34.04,0.8697,1,1
430,13,1039.92,581.37,112.61,119.74,0.7473,1,1
430,16,904.82,138.74,69.45,70.28,0.8224,1,1
430,215,703.37,198.35,87.36,59.41,0.7516,1,1
430,282,992.57,25.06,56.73,35.92,0.8825,1,1
430,328,934.75,0.72,18.94,17.37,0.3468,1,1
430,607,528.37,295.65,19.42,32.75,0.3826,1,1
430,651,992.48,51.44,28.94,30.97,0.3593,1,1
430,679,742.86,161.83,21.91,31.79,0.8296,1,1
430,685,1044.80,1054.30,20.68,23.14,0.3984,1,1
430,688,951.36,65.70,20.42,18.14,0.5260,1,1
430,689,681.14,181.59,28.97,16.23,0.2621,1,1
430,702,968.73,91.94,16.23,15.15,0.3288,1,1
430,707,895.51,858.59,55.34,43.74,0.8089,1,1
430,708,320.19,227.40,41.38,44.96,0.3589,1,1
431,1,440.95,433.46,92.89,91.98,0.9327,1,1
431,2,651.14,53.09,52.59,40.79,0.8771,1,1
431,3,443.30,115.50,48.22,32.92,0.8653,1,1
431,6,449.54,145.82,39.75,39.90,0.9151,1,1
431,7,675.86,78.04,27.88,41.96,0.8881,1,1
431,9,1454.27,0.00,36.94,34.28,0.8684,1,1
431,13,1038.91,581.35,113.23,120.11,0.8086,1,1
431,16,903.94,138.13,69.96,69.59,0.8690,1,1
431,215,702.32,199.55,88.18,59.96,0.8101,1,1
431,282,991.26,24.61,59.68,37.30,0.8982,1,1
431,627,311.99,207.38,51.56,37.26,0.3740,1,1
431,651,990.40,50.79,29.31,31.74,0.4693,1,1
431,679,743.48,162.24,21.93,32.00,0.8328,1,1
431,685,1045.44,1054.62,20.22,22.75,0.4099,1,1
431,688,951.87,65.40,19.80,17.73,0.3870,1,1
431,689,680.80,181.73,29.39,16.33,0.4111,1,1
431,707,898.51,863.60,55.79,41.43,0.8866,1,1
431,708,319.52,226.37,43.46,48.06,0.6165,1,1
432,1,441.01,433.64,93.09,92.13,0.9310,1,1
432,2,650.55,53.23,53.19,41.38,0.8766,1,1
432,3,443.08,115.42,47.70,32.48,0.8632,1,1
432,6,449.43,145.76,39.98,39.89,0.9112,1,1
432,7,675.89,78.34,27.68,41.60,0.8883,1,1
432,9,1454.23,0.00,37.04,34.38,0.8687,1,1
432,13,1038.19,580.75,113.87,120.28,0.8479,1,1
432,16,903.20,137.41,71.76,71.45,0.8612,1,1
432,215,700.41,199.77,89.04,60.78,0.7866,1,1
432,282,991.58,24.72,61.23,38.51,0.8974,1,1
432,627,311.54,207.86,52.17,38.34,0.5269,1,1
432,679,743.63,162.36,22.07,32.70,0.8180,1,1
432,685,1046.04,1055.60,19.38,21.81,0.4215,1,1
432,688,951.55,64.28,19.21,17.53,0.5555,1,1
432,689,680.58,181.93,29.65,16.09,0.6134,1,1
432,690,698.31,175.46,32.21,19.81,0.3198,1,1
432,708,321.25,226.31,41.20,45.90,0.7410,1,1
433,1,440.84,433.71,93.64,92.59,0.9242,1,1
433,2,650.42,53.24,53.07,41.38,0.8742,1,1
433,3,442.25,115.44,48.42,33.19,0.8668,1,1
433,6,449.60,146.09,39.77,39.37,0.9142,1,1
433,7,675.60,78.07,27.87,41.99,0.8877,1,1
433,9,1454.18,0.00,37.20,34.39,0.8679,1,1
433,13,1037.40,579.86,113.92,120.08,0.8424,1,1
433,16,902.73,137.38,72.37,72.52,0.8622,1,1
433,215,698.57,199.69,89.88,61.75,0.7509,1,1
433,282,991.41,24.78,61.43,39.30,0.9064,1,1
433,547,822.45,610.72,88.11,93.54,0.5805,1,1
433,627,311.21,207.36,52.96,39.52,0.5914,1,1
433,638,400.26,532.27,99.29,88.48,0.5914,1,1
433,679,745.45,162.58,21.09,31.87,0.8097,1,1
433,685,1046.20,1056.00,19.20,21.53,0.4519,1,1
433,688,951.71,63.74,18.73,17.34,0.6203,1,1
433,689,679.28,181.82,30.86,16.27,0.6573,1,1
433,707,901.12,865.38,56.03,45.13,0.8034,1,1
433,708,323.38,227.53,39.17,42.16,0.8396,1,1
434,1,440.93,434.04,93.61,92.53,0.9249,1,1
434,2,650.30,53.17,52.55,40.94,0.8684,1,1
434,3,442.13,115.85,50.30,35.08,0.8855,1,1
434,6,450.69,146.90,39.24,38.94,0.9157,1,1
434,7,675.48,77.41,28.04,42.64,0.8817,1,1
434,9,1454.12,0.00,37.32,34.39,0.8680,1,1
434,13,1037.28,579.03,114.26,119.21,0.8637,1,1
434,16,902.81,137.48,72.05,72.66,0.8761,1,1
434,215,697.07,200.09,90.44,62.54,0.6421,1,1
434,282,990.61,24.52,62.49,41.31,0.9141,1,1
434,547,827.34,613.50,88.53,89.67,0.8804,1,1
434,627,311.76,206.82,52.24,39.17,0.6060,1,1
434,638,415.50,527.25,95.73,87.52,0.7998,1,1
434,679,746.76,162.80,20.47,31.42,0.8247,1,1
434,685,1046.21,1055.89,19.28,21.61,0.4431,1,1
434,688,950.59,63.66,18.66,17.28,0.3036,1,1
434,689,678.75,181.20,31.98,16.78,0.5261,1,1
434,690,698.07,174.32,32.01,19.53,0.4932,1,1
434,707,905.05,866.16,50.45,44.72,0.9043,1,1
434,708,324.10,226.91,39.25,41.74,0.8686,1,1
434,710,66.15,540.39,28.06,32.99,0.3354,1,1
435,1,441.41,434.71,93.05,88.42,0.9232,1,1
435,2,649.93,53.37,52.68,40.75,0.8719,1,1
435,3,443.10,115.90,50.51,35.38,0.8856,1,1
435,6,451.99,148.14,38.81,38.09,0.9263,1,1
435,7,675.60,77.46,27.90,42.71,0.8839,1,1
435,9,1454.07,0.00,37.35,34.35,0.8694,1,1
435,13,1037.79,578.32,113.50,117.40,0.8808,1,1
435,16,902.58,137.40,73.18,73.69,0.8860,1,1
435,215,695.46,200.42,89.54,62.46,0.7040,1,1
435,282,991.06,23.71,61.20,42.72,0.9134,1,1
435,547,832.20,615.94,90.04,89.00,0.9094,1,1
435,627,312.29,204.64,52.51,39.59,0.5135,1,1
435,638,427.05,525.02,93.27,85.22,0.2826,1,1
435,679,749.13,162.78,19.35,29.58,0.3317,1,1
435,685,1045.95,1056.44,18.92,21.04,0.4322,1,1
435,689,678.67,181.56,31.88,16.47,0.5444,1,1
435,690,696.96,174.14,32.17,19.25,0.4933,1,1
435,707,907.17,866.49,50.36,45.03,0.9093,1,1
435,708,325.22,225.19,39.54,42.49,0.8245,1,1
436,1,440.82,434.72,94.14,88.44,0.9233,1,1
436,2,649.85,53.35,52.85,40.70,0.8717,1,1
436,3,443.17,115.90,50.41,35.38,0.8858,1,1
436,6,451.97,148.16,38.84,37.98,0.9265,1,1
436,7,675.63,77.44,27.83,42.74,0.8837,1,1
436,9,1454.04,0.00,37.43,34.39,0.8695,1,1
436,13,1037.52,578.32,113.87,117.40,0.8809,1,1
436,16,902.60,137.43,73.15,73.61,0.8857,1,1
436,215,695.64,200.46,88.90,62.43,0.7111,1,1
436,282,991.65,23.73,60.03,42.70,0.9134,1,1
436,547,832.07,615.99,90.49,88.97,0.9091,1,1
436,627,312.53,204.39,52.24,39.55,0.5168,1,1
436,638,430.01,524.82,92.42,84.39,0.2844,1,1
436,679,749.77,162.79,19.08,28.99,0.3518,1,1
436,685,1045.81,1056.56,18.97,20.98,0.4380,1,1
436,689,678.60,181.63,32.29,16.50,0.4793,1,1
436,690,696.76,174.09,32.48,19.22,0.4985,1,1
436,707,907.24,866.50,50.22,45.02,0.9094,1,1
436,708,325.35,225.15,39.30,42.52,0.8256,1,1
436,713,961.09,93.04,19.33,24.44,0.5122,1,1
437,1,441.51,434.36,93.98,84.25,0.9261,1,1
437,2,649.58,53.39,52.66,40.40,0.8720,1,1
437,3,444.77,116.46,51.29,35.77,0.9022,1,1
437,6,453.99,150.47,38.19,39.67,0.9159,1,1
437,7,675.87,77.31,27.71,42.72,0.8857,1,1
437,9,1454.13,-0.00,37.26,34.20,0.8671,1,1
437,13,1037.52,574.55,114.06,117.86,0.8028,1,1
437,16,903.17,137.58,72.84,71.83,0.8884,1,1
437,215,694.28,201.26,88.71,62.07,0.7534,1,1
437,282,992.33,23.96,58.91,42.79,0.9133,1,1
437,547,831.60,620.14,91.45,89.45,0.6259,1,1
437,627,307.92,203.97,57.11,44.06,0.6346,1,1
437,679,753.43,164.02,18.02,25.95,0.5263,1,1
437,685,1045.92,1056.53,18.97,20.91,0.4430,1,1
437,690,697.56,174.31,33.80,19.03,0.5976,1,1
437,707,908.27,866.25,49.96,45.15,0.9071,1,1
437,708,325.94,224.52,39.08,43.33,0.8544,1,1
437,713,960.91,92.82,19.24,24.13,0.5843,1,1
438,1,441.69,433.99,92.98,82.80,0.9200,1,1
438,2,649.30,53.57,52.64,40.27,0.8749,1,1
438,3,444.61,116.70,52.76,38.95,0.8969,1,1
438,5,327.49,225.10,38.45,42.59,0.7438,1,1
438,6,454.61,153.25,38.22,40.69,0.8771,1,1
438,7,675.86,77.39,27.70,42.71,0.8903,1,1
438,9,1454.22,0.00,37.17,34.16,0.8689,1,1
438,13,1039.22,573.38,112.50,115.39,0.8900,1,1
438,16,903.36,137.36,72.01,71.24,0.8845,1,1
438,215,693.82,201.48,88.17,61.45,0.5097,1,1
438,282,992.55,24.18,58.12,42.43,0.9159,1,1
438,547,830.87,625.78,95.33,90.16,0.7859,1,1
438,627,309.39,205.78,54.25,41.55,0.5382,1,1
438,631,537.51,297.58,22.03,33.42,0.6178,1,1
438,638,450.71,513.87,92.02,85.69,0.8833,1,1
438,685,1045.93,1056.50,19.05,20.96,0.4361,1,1
438,688,949.13,61.52,20.14,18.77,0.3708,1,1
438,690,696.43,174.91,34.12,18.59,0.4290,1,1
438,707,908.71,865.51,50.38,46.32,0.9090,1,1
438,713,959.41,94.52,19.01,23.80,0.5043,1,1
439,1,442.91,433.57,90.94,79.66,0.9087,1,1
439,2,649.37,53.69,52.40,40.03,0.8737,1,1
439,3,446.17,117.77,51.97,40.28,0.9063,1,1
439,5,326.07,223.57,40.91,46.86,0.8249,1,1
439,6,455.96,154.94,37.58,40.97,0.8857,1,1
439,7,675.77,77.31,27.82,42.88,0.8889,1,1
439,9,1454.26,0.00,37.12,34.17,0.8691,1,1
439,13,1038.24,570.36,113.29,115.82,0.6664,1,1
439,16,903.94,137.47,73.45,71.21,0.8923,1,1
439,215,691.17,202.48,89.68,61.96,0.7456,1,1
439,282,993.50,24.18,56.27,41.66,0.9057,1,1
439,547,844.22,632.37,92.55,90.31,0.6924,1,1
439,627,311.87,205.65,50.96,38.76,0.2675,1,1
439,631,540.43,297.96,22.77,34.31,0.8304,1,1
439,638,461.02,509.68,98.48,86.59,0.9025,1,1
439,685,1046.08,1056.49,18.96,20.78,0.4234,1,1
439,688,949.23,60.97,20.40,19.05,0.3373,1,1
439,689,677.92,182.58,31.58,15.80,0.4881,1,1
439,690,697.92,175.02,33.77,18.16,0.2782,1,1
439,707,910.47,866.43,48.37,45.38,0.9031,1,1
439,713,956.73,94.37,18.92,24.05,0.5600,1,1
439,719,56.40,552.11,19.87,32.33,0.7729,1,1
440,1,443.06,432.82,90.21,79.54,0.8643,1,1
440,2,649.32,53.66,52.51,40.14,0.8743,1,1
440,3,446.85,117.37,52.49,42.35,0.9066,1,1
440,5,326.25,222.46,40.77,47.63,0.8045,1,1
440,6,457.30,156.05,36.02,38.52,0.8825,1,1
440,7,675.79,77.26,27.81,42.93,0.8892,1,1
440,9,1454.15,0.00,37.35,34.35,0.8689,1,1
440,13,1040.84,569.91,110.25,110.57,0.9087,1,1
440,16,904.42,137.10,74.92,71.14,0.8929,1,1
440,215,689.61,202.89,90.03,62.27,0.5622,1,1
440,282,994.13,23.62,55.80,42.72,0.8993,1,1
440,547,842.42,639.22,92.13,89.95,0.6845,1,1
440,627,310.78,203.92,52.58,39.79,0.5281,1,1
440,631,542.16,299.70,22.75,33.48,0.8010,1,1
440,638,474.42,507.50,99.29,83.13,0.8420,1,1
440,685,1046.29,1056.74,18.75,20.47,0.4184,1,1
440,689,673.69,183.37,32.27,15.43,0.6797,1,1
440,707,910.89,866.58,47.94,46.38,0.8892,1,1
440,719,55.66,555.60,19.94,32.44,0.3643,1,1
440,720,551.82,856.85,41.49,48.18,0.8705,1,1
440,721,938.24,0.56,18.98,15.85,0.3830,1,1
441,1,445.08,432.63,85.97,75.54,0.5322,1,1
441,2,649.58,53.45,52.72,40.68,0.8760,1,1
441,3,447.09,117.41,51.66,42.33,0.9069,1,1
441,5,328.08,222.60,38.11,44.20,0.8085,1,1
441,6,457.24,155.64,36.10,38.08,0.8697,1,1
441,7,675.75,76.68,28.08,43.47,0.8876,1,1
441,9,1454.31,0.00,37.01,34.08,0.8685,1,1
441,13,1044.37,566.31,108.71,110.16,0.9298,1,1
441,16,904.21,137.73,73.33,69.88,0.8918,1,1
441,215,687.73,203.63,92.40,64.14,0.2894,1,1
441,282,995.04,26.27,50.54,39.55,0.8776,1,1
441,547,851.54,649.01,87.17,87.72,0.7958,1,1
441,627,311.71,202.02,52.63,39.37,0.6655,1,1
441,631,543.33,300.18,22.96,33.86,0.7121,1,1
441,638,478.87,500.44,103.30,85.66,0.8874,1,1
441,685,1046.17,1056.48,19.12,20.81,0.4411,1,1
441,689,671.27,182.67,33.23,15.87,0.5723,1,1
441,707,911.79,866.97,46.89,45.68,0.8186,1,1
441,713,956.75,98.88,16.81,21.47,0.6355,1,1
441,719,55.29,561.04,21.18,34.66,0.4435,1,1
441,720,561.21,853.22,40.31,44.64,0.8895,1,1
441,721,938.32,0.63,18.83,15.73,0.2631,1,1
442,1,445.22,432.60,85.41,74.72,0.5215,1,1
442,2,649.69,53.45,52.49,40.66,0.8760,1,1
442,3,447.21,117.41,51.42,42.35,0.9072,1,1
442,5,328.04,222.61,38.22,44.14,0.8099,1,1
442,6,457.18,155.63,36.29,37.95,0.8689,1,1
442,7,675.75,76.67,28.04,43.48,0.8873,1,1
442,9,1454.32,0.00,36.99,34.08,0.8684,1,1
442,13,1044.51,566.29,108.45,110.17,0.9295,1,1
442,16,904.20,137.75,73.28,69.89,0.8915,1,1
442,215,687.23,203.86,92.85,64.71,0.2973,1,1
442,282,995.32,26.31,49.92,39.51,0.8773,1,1
442,547,852.90,649.30,85.39,87.70,0.8108,1,1
442,627,311.63,201.63,53.08,39.53,0.6845,1,1
442,631,543.39,300.21,22.96,33.91,0.7122,1,1
442,638,478.62,500.12,103.83,85.95,0.8860,1,1
442,685,1046.05,1056.46,19.24,20.88,0.4409,1,1
442,689,670.92,182.59,33.37,15.92,0.5679,1,1
442,707,911.92,867.00,46.64,45.66,0.8161,1,1
442,713,956.74,99.11,16.69,21.37,0.6328,1,1
442,719,55.22,561.95,21.29,35.04,0.4390,1,1
442,720,560.93,853.20,40.98,44.60,0.8896,1,1
442,721,938.25,0.68,18.79,15.70,0.2625,1,1
443,2,650.02,53.36,52.66,40.65,0.8748,1,1
443,3,447.12,117.13,51.34,42.04,0.9097,1,1
443,5,328.77,222.70,38.11,43.37,0.8336,1,1
443,6,455.73,155.26,37.23,39.73,0.8818,1,1
443,7,675.95,77.04,28.03,43.18,0.8883,1,1
443,9,1454.05,0.00,37.56,34.50,0.8688,1,1
443,13,1046.76,560.20,107.27,110.42,0.9316,1,1
443,16,903.63,136.93,75.82,71.36,0.8893,1,1
443,215,687.16,204.02,92.79,65.08,0.4547,1,1
443,282,995.12,26.75,50.83,39.87,0.7323,1,1
443,547,853.45,655.82,84.95,88.04,0.8242,1,1
443,627,311.01,201.35,53.04,38.99,0.7259,1,1
443,631,543.03,300.34,22.90,33.80,0.4354,1,1
443,638,486.94,490.18,102.36,89.42,0.9222,1,1
443,685,1045.93,1056.44,19.43,21.00,0.4716,1,1
443,688,948.94,61.00,19.85,18.31,0.4837,1,1
443,689,669.74,181.80,34.00,16.31,0.5195,1,1
443,707,911.77,866.36,46.52,45.89,0.7149,1,1
443,713,956.68,100.35,16.43,20.68,0.6661,1,1
443,719,56.96,565.33,23.13,38.26,0.2775,1,1
443,720,565.61,846.35,42.55,43.78,0.8719,1,1
443,721,938.13,0.51,19.11,15.97,0.3306,1,1
443,727,471.78,317.32,30.55,40.45,0.5954,1,1
443,728,320.65,206.56,44.97,32.12,0.3099,1,1
443,730,363.01,267.48,19.93,13.09,0.7349,1,1
444,2,650.40,53.50,52.78,40.21,0.8778,1,1
444,3,446.48,116.92,50.40,40.51,0.9128,1,1
444,5,330.55,223.57,36.52,40.41,0.8457,1,1
444,6,454.48,154.28,37.23,39.35,0.8705,1,1
444,7,676.16,77.71,27.78,42.52,0.8850,1,1
444,9,1453.94,0.00,37.73,34.50,0.8680,1,1
444,13,1045.12,555.22,109.51,109.23,0.9362,1,1
444,16,902.83,136.61,77.85,72.58,0.8704,1,1
444,215,686.35,203.95,93.65,66.85,0.5674,1,1
444,282,994.12,27.26,49.10,39.16,0.8862,1,1
444,627,309.13,199.61,57.16,42.55,0.7533,1,1
444,631,542.40,301.92,22.32,33.10,0.4867,1,1
444,638,497.83,487.66,99.64,86.51,0.9402,1,1
444,685,1045.94,1056.53,19.49,20.97,0.4754,1,1
444,688,949.17,59.27,21.25,19.80,0.4741,1,1
444,689,670.79,182.05,35.02,16.34,0.6658,1,1
444,707,912.29,866.73,45.52,45.26,0.7325,1,1
444,720,570.86,843.90,42.26,44.59,0.9031,1,1
444,721,937.98,0.43,19.35,16.20,0.4243,1,1
444,730,366.46,266.76,20.67,13.22,0.6909,1,1
445,1,437.50,432.63,97.63,89.16,0.6016,1,1
445,2,651.00,53.50,52.86,40.20,0.8797,1,1
445,3,445.16,116.40,50.39,39.67,0.9048,1,1
445,5,332.63,223.98,35.60,38.20,0.8666,1,1
445,6,453.59,152.31,35.91,36.62,0.8802,1,1
445,7,676.09,78.16,27.91,42.36,0.8871,1,1
445,9,1454.03,-0.00,37.54,34.29,0.8676,1,1
445,13,1045.85,549.36,110.61,108.14,0.9258,1,1
445,16,903.36,137.36,76.42,70.83,0.8809,1,1
445,282,991.69,22.78,51.14,43.36,0.8527,1,1
445,547,858.56,669.11,83.03,85.83,0.4226,1,1
445,627,309.37,196.97,58.36,44.79,0.7768,1,1
445,638,504.71,481.62,102.27,87.96,0.9165,1,1
445,685,1046.05,1056.54,19.45,20.84,0.4501,1,1
445,688,949.92,59.39,20.70,18.90,0.6419,1,1
445,689,671.05,182.61,35.54,16.23,0.7616,1,1
445,707,912.48,867.16,44.53,44.45,0.7618,1,1
445,720,571.93,842.87,41.08,42.99,0.9159,1,1
445,721,938.33,0.46,19.10,16.02,0.3265,1,1
445,728,324.14,209.88,43.04,30.76,0.3005,1,1
445,730,367.94,265.77,22.00,13.97,0.5806,1,1
446,1,440.94,431.87,90.58,89.55,0.8202,1,1
446,2,651.32,53.51,52.65,39.90,0.8704,1,1
446,3,443.38,115.07,49.81,38.88,0.8954,1,1
446,5,334.91,223.76,34.40,36.62,0.8181,1,1
446,6,451.65,150.73,36.44,34.94,0.9216,1,1
446,7,675.97,77.97,28.18,42.80,0.8890,1,1
446,9,1454.09,-0.00,37.26,34.03,0.8675,1,1
446,13,1048.27,544.65,111.26,106.17,0.9183,1,1
446,16,903.78,137.21,75.98,70.65,0.8763,1,1
446,282,991.82,23.48,48.32,42.11,0.8126,1,1
446,547,862.95,675.88,79.54,81.49,0.6254,1,1
446,627,309.50,196.70,58.40,45.38,0.7491,1,1
446,638,509.02,479.18,102.68,86.60,0.9134,1,1
446,685,1045.57,1056.64,19.40,20.66,0.3890,1,1
446,688,949.99,59.49,20.69,18.72,0.4213,1,1
446,689,669.81,183.15,34.78,15.73,0.6888,1,1
446,707,913.24,867.49,43.97,44.54,0.8013,1,1
446,720,568.68,837.39,45.00,47.24,0.8979,1,1
446,721,938.28,0.47,18.52,15.55,0.2643,1,1
446,730,368.11,265.80,24.23,15.17,0.6084,1,1
446,734,767.88,663.10,32.19,39.89,0.7047,1,1
446,736,1152.91,41.43,25.17,18.04,0.5982,1,1
447,1,442.42,430.59,89.21,92.96,0.8907,1,1
447,2,651.12,53.26,54.01,41.47,0.8384,1,1
447,3,442.73,113.69,49.04,38.03,0.8860,1,1
447,5,335.83,221.67,35.33,39.17,0.8781,1,1
447,6,448.97,148.58,38.53,36.25,0.9271,1,1
447,7,676.56,78.72,28.20,42.27,0.8941,1,1
447,9,1453.92,-0.00,37.62,34.69,0.8702,1,1
447,13,1051.35,540.37,113.79,107.10,0.8690,1,1
447,16,904.47,137.80,73.27,68.15,0.8509,1,1
447,282,992.71,23.57,46.27,40.56,0.8542,1,1
447,547,863.97,680.02,78.60,79.21,0.6192,1,1
447,627,311.20,197.15,58.72,46.21,0.7417,1,1
447,638,515.76,476.54,100.53,84.58,0.3361,1,1
447,685,1045.30,1056.06,19.66,20.91,0.3374,1,1
447,689,667.42,184.00,33.11,15.15,0.4772,1,1
447,707,913.20,867.02,44.21,45.17,0.6957,1,1
447,720,565.00,835.71,44.11,47.27,0.9007,1,1
447,728,329.08,211.33,41.61,30.00,0.3371,1,1
447,734,773.59,662.66,31.48,39.01,0.3913,1,1
447,736,1154.39,40.22,24.98,17.84,0.3435,1,1
447,741,375.53,264.16,22.54,14.28,0.5784,1,1
448,1,443.00,430.56,88.08,93.01,0.8908,1,1
448,2,651.33,53.26,53.62,41.51,0.8386,1,1
448,3,442.64,113.68,49.13,38.00,0.8858,1,1
448,5,336.09,221.65,34.81,39.21,0.8783,1,1
448,6,448.88,148.56,38.73,36.27,0.9270,1,1
448,7,676.49,78.73,28.34,42.26,0.8942,1,1
448,9,1453.99,0.00,37.47,34.70,0.8702,1,1
448,13,1050.94,540.29,114.76,107.14,0.8663,1,1
448,16,904.47,137.82,73.22,68.12,0.8499,1,1
448,282,992.62,23.58,46.17,40.49,0.8553,1,1
448,547,863.96,680.49,79.22,78.92,0.6235,1,1
448,627,311.53,197.23,58.24,46.23,0.7427,1,1
448,638,516.83,476.23,100.13,83.92,0.3475,1,1
448,685,1045.15,1055.97,19.74,20.97,0.3379,1,1
448,689,667.05,184.21,32.48,15.03,0.4773,1,1
448,707,913.44,867.00,43.83,45.23,0.7333,1,1
448,720,565.13,835.70,43.76,47.27,0.9007,1,1
448,728,329.68,211.50,41.18,29.94,0.3381,1,1
448,734,774.66,662.72,31.29,38.78,0.3974,1,1
448,736,1154.53,40.00,25.10,17.84,0.3420,1,1
448,741,375.93,264.15,22.52,14.34,0.5781,1,1
448,744,478.18,332.00,39.05,29.82,0.6191,1,1
448,746,668.09,183.59,42.60,15.08,0.5846,1,1
449,1,443.48,431.22,88.10,92.74,0.8974,1,1
449,2,651.61,53.33,53.46,41.62,0.8327,1,1
449,3,440.78,113.63,49.41,37.54,0.8830,1,1
449,5,336.12,219.99,36.37,42.36,0.8247,1,1
449,6,447.68,147.55,39.58,38.38,0.9247,1,1
449,7,676.92,79.12,28.10,41.79,0.8941,1,1
449,9,1454.02,-0.00,37.41,34.73,0.8702,1,1
449,13,1051.74,533.71,116.34,104.86,0.9019,1,1
449,16,904.52,137.68,74.06,68.64,0.8483,1,1
449,282,992.78,24.00,47.00,40.18,0.8568,1,1
449,547,866.39,682.04,78.32,77.62,0.8088,1,1
449,607,513.43,300.25,23.64,36.44,0.7552,1,1
449,627,312.33,197.38,57.31,45.27,0.7639,1,1
449,685,1045.54,1056.41,19.46,20.62,0.3653,1,1
449,688,951.27,56.18,22.91,20.99,0.6544,1,1
449,689,667.37,182.85,33.96,15.78,0.3699,1,1
449,707,912.53,865.51,45.05,46.54,0.6873,1,1
449,720,560.81,834.44,41.19,45.35,0.9017,1,1
449,741,380.85,265.20,22.02,13.90,0.5770,1,1
449,744,484.82,331.41,30.79,22.86,0.2689,1,1
449,746,668.24,180.67,46.21,16.52,0.3474,1,1
450,1,443.49,429.98,88.86,93.09,0.9134,1,1
450,2,652.53,53.26,52.82,41.45,0.8477,1,1
450,3,437.80,113.25,51.37,38.57,0.8874,1,1
450,5,337.52,218.65,36.76,44.54,0.7674,1,1
450,6,445.96,146.29,39.67,39.26,0.9159,1,1
450,7,677.01,78.41,28.63,42.83,0.8921,1,1
450,9,1454.16,-0.00,37.19,34.54,0.8693,1,1
450,13,1053.43,529.36,116.89,104.68,0.8560,1,1
450,16,904.50,137.43,73.70,68.55,0.8464,1,1
450,282,992.86,23.95,48.21,40.13,0.8380,1,1
450,328,935.37,1.14,18.09,15.67,0.4037,1,1
450,547,867.73,682.13,77.93,77.19,0.4183,1,1
450,607,510.47,298.03,23.68,36.67,0.7484,1,1
450,627,312.99,196.37,58.60,46.36,0.4274,1,1
450,685,1046.46,1056.76,19.17,20.29,0.3309,1,1
450,688,953.47,57.14,21.68,19.32,0.7140,1,1
450,689,671.32,180.91,32.19,14.72,0.3089,1,1
450,707,912.46,865.59,44.48,45.88,0.6203,1,1
450,720,555.12,831.21,39.40,42.68,0.8929,1,1
450,734,785.70,662.13,28.92,34.92,0.7478,1,1
450,741,383.04,262.73,23.14,14.77,0.7129,1,1
450,746,671.31,178.08,44.59,16.15,0.2996,1,1
451,1,443.45,430.01,88.97,93.04,0.9108,1,1
451,2,652.64,53.29,52.60,41.42,0.8466,1,1
451,3,437.61,113.25,51.72,38.62,0.8891,1,1
451,5,338.15,218.65,35.61,44.55,0.7658,1,1
451,6,446.10,146.30,39.40,39.22,0.9160,1,1
451,7,677.04,78.44,28.56,42.81,0.8923,1,1
451,9,1454.14,0.00,37.22,34.60,0.8697,1,1
451,13,1053.32,529.36,117.29,104.66,0.8537,1,1
451,16,904.59,137.46,73.51,68.45,0.8473,1,1
451,282,992.50,23.95,48.93,40.13,0.8376,1,1
451,328,935.08,1.15,18.52,15.67,0.3956,1,1
451,547,867.77,681.90,78.03,77.22,0.4381,1,1
451,607,510.31,297.92,23.63,36.68,0.7511,1,1
451,627,313.07,196.17,58.91,46.69,0.4153,1,1
451,685,1046.61,1056.89,19.10,20.22,0.3306,1,1
451,688,953.45,57.27,21.83,19.14,0.7472,1,1
451,689,672.20,180.42,32.04,14.44,0.3090,1,1
451,707,912.39,865.65,44.44,45.77,0.6293,1,1
451,720,554.92,831.18,39.67,42.67,0.8927,1,1
451,734,785.77,662.12,29.21,34.85,0.7491,1,1
451,741,383.23,262.59,23.04,14.83,0.7133,1,1
451,746,672.30,177.49,43.65,16.03,0.2999,1,1
451,751,683.52,169.95,30.66,20.09,0.6175,1,1
451,753,903.99,78.60,24.35,23.26,0.6942,1,1
