3,1,1238.64,327.34,62.39,48.40,0.9056,1,1
3,2,1265.68,265.29,63.84,38.76,0.8911,1,1
3,3,909.36,119.32,43.27,25.55,0.8544,1,1
3,4,1406.77,493.42,55.42,39.75,0.7793,1,1
3,5,927.42,141.54,18.17,21.40,0.7593,1,1
4,1,1243.68,328.96,61.32,47.89,0.9108,1,1
4,2,1266.03,264.86,63.08,38.77,0.8930,1,1
4,3,909.30,119.36,43.78,26.01,0.8533,1,1
4,4,1405.43,493.03,58.52,41.44,0.8196,1,1
4,5,927.57,141.77,18.11,21.17,0.7688,1,1
5,1,1248.06,329.18,61.81,47.07,0.9090,1,1
5,2,1266.11,262.73,62.67,39.63,0.8906,1,1
5,3,909.71,119.36,43.75,25.79,0.8535,1,1
5,4,1404.03,495.68,59.04,41.07,0.8059,1,1
5,5,927.76,141.96,18.10,21.02,0.7793,1,1
6,1,1247.82,329.19,62.32,47.08,0.9090,1,1
6,2,1266.45,262.70,61.97,39.67,0.8908,1,1
6,3,909.67,119.35,43.88,25.74,0.8528,1,1
6,4,1403.41,495.72,60.00,41.32,0.8133,1,1
6,5,927.72,141.92,18.19,21.04,0.7798,1,1
7,1,1257.77,332.42,61.18,46.07,0.9032,1,1
7,2,1265.43,261.47,61.50,41.46,0.8783,1,1
7,3,909.65,119.03,43.83,25.66,0.8521,1,1
7,4,1404.78,497.59,57.44,38.73,0.6651,1,1
7,5,927.34,141.75,18.76,21.47,0.7723,1,1
8,1,1261.42,334.02,61.07,45.98,0.9104,1,1
8,2,1267.29,260.88,57.55,40.70,0.8786,1,1
8,3,909.60,118.89,44.39,26.20,0.8567,1,1
8,4,1404.09,498.91,56.50,37.60,0.5806,1,1
8,5,927.20,141.82,19.02,21.65,0.6447,1,1
9,1,1265.61,336.25,61.18,46.04,0.9130,1,1
9,2,1268.96,260.59,55.05,39.32,0.8791,1,1
9,3,910.01,119.78,43.42,25.57,0.8547,1,1
9,4,1403.63,499.26,55.64,36.68,0.5746,1,1
9,5,926.83,142.22,19.27,21.70,0.7319,1,1
10,1,1269.62,337.52,60.84,45.45,0.9152,1,1
10,2,1271.01,259.43,55.94,41.41,0.8818,1,1
10,3,909.76,119.68,43.48,25.54,0.8567,1,1
10,5,926.85,142.09,19.60,21.92,0.7701,1,1
11,1,1273.45,339.12,61.39,44.74,0.9079,1,1
11,2,1273.25,258.59,53.30,39.32,0.8766,1,1
11,3,909.52,119.63,43.44,25.36,0.8540,1,1
11,5,926.27,142.23,19.86,22.06,0.7646,1,1
12,1,1273.19,339.11,61.88,44.79,0.9073,1,1
12,2,1273.29,258.57,52.92,38.85,0.8780,1,1
12,3,909.53,119.61,43.52,25.35,0.8532,1,1
12,5,926.25,142.22,19.95,22.08,0.7698,1,1
13,1,1280.47,340.73,62.50,45.58,0.9082,1,1
13,2,1276.07,257.91,49.77,34.74,0.8746,1,1
13,3,909.88,119.76,43.84,26.07,0.8623,1,1
13,5,926.49,142.77,19.69,21.81,0.6788,1,1
14,1,1283.73,341.70,62.71,45.83,0.9031,1,1
14,2,1276.18,257.71,51.97,35.10,0.8725,1,1
14,3,910.03,120.04,42.88,25.56,0.8581,1,1
14,5,926.40,143.00,19.44,21.52,0.4467,1,1
15,1,1285.44,342.64,62.81,46.75,0.9003,1,1
15,2,1276.00,257.62,52.76,35.16,0.8742,1,1
15,3,909.76,120.14,42.36,25.53,0.8570,1,1
15,5,926.38,143.15,19.32,21.25,0.5261,1,1
16,1,1289.66,342.90,62.75,46.38,0.9010,1,1
16,2,1275.94,255.74,53.92,36.77,0.8757,1,1
16,3,910.05,120.02,42.71,25.81,0.8600,1,1
16,5,926.48,143.49,19.21,20.90,0.5591,1,1
17,1,1291.42,343.58,62.64,45.71,0.8935,1,1
17,2,1276.71,254.29,56.00,38.08,0.8782,1,1
17,3,909.48,120.04,42.23,26.14,0.8572,1,1
17,5,926.01,143.66,19.47,20.84,0.6564,1,1
18,1,1291.27,343.58,62.96,45.70,0.8936,1,1
18,2,1276.67,254.26,56.16,38.11,0.8784,1,1
18,3,909.62,120.09,41.72,26.02,0.8575,1,1
18,5,925.87,143.69,19.69,20.86,0.6500,1,1
19,1,1295.02,344.20,64.28,46.44,0.8971,1,1
19,2,1276.29,251.81,57.87,38.82,0.8785,1,1
19,3,909.19,119.97,41.97,26.69,0.8611,1,1
20,1,1296.21,344.59,64.63,46.81,0.8949,1,1
20,2,1275.64,250.95,58.27,38.55,0.8801,1,1
20,3,909.12,120.28,41.86,27.02,0.8619,1,1
21,1,1297.37,345.19,64.11,46.75,0.8916,1,1
21,2,1275.25,250.60,58.27,37.72,0.8848,1,1
21,3,908.61,120.20,41.02,27.43,0.8578,1,1
21,5,922.49,144.90,19.18,20.10,0.4646,1,1
22,1,1298.26,345.35,64.23,47.19,0.8941,1,1
22,2,1272.93,248.77,61.11,39.91,0.8909,1,1
22,3,908.92,120.39,40.46,27.44,0.8593,1,1
22,5,921.92,145.12,19.25,19.99,0.4914,1,1
23,1,1300.12,345.12,63.85,47.13,0.8917,1,1
23,2,1271.20,246.09,60.76,40.17,0.8819,1,1
23,3,909.14,120.50,40.16,27.49,0.8606,1,1
23,5,921.59,145.04,19.27,19.85,0.4321,1,1
24,1,1300.14,345.14,63.81,47.21,0.8913,1,1
24,2,1271.29,246.03,59.93,40.00,0.8824,1,1
24,3,908.87,120.44,40.20,27.52,0.8617,1,1
24,5,921.31,145.03,19.47,19.92,0.4437,1,1
25,1,1301.95,345.19,64.61,47.01,0.8954,1,1
25,2,1266.84,244.11,54.52,34.77,0.8750,1,1
25,3,908.11,121.50,38.45,27.20,0.8675,1,1
25,5,918.61,145.44,20.08,20.00,0.4667,1,1
26,1,1301.73,345.43,64.77,47.09,0.8945,1,1
26,2,1263.12,242.36,55.98,36.03,0.8681,1,1
26,3,907.62,122.32,37.74,26.96,0.8606,1,1
26,5,916.38,145.78,21.35,20.26,0.6652,1,1
27,1,1302.57,345.35,64.71,46.81,0.8955,1,1
27,2,1261.43,239.48,55.84,35.40,0.8637,1,1
27,3,906.68,122.26,35.83,26.37,0.8560,1,1
27,5,915.61,146.07,21.53,19.60,0.6948,1,1
28,1,1304.30,344.74,64.82,46.08,0.8925,1,1
28,2,1257.76,236.32,55.67,34.48,0.8790,1,1
28,3,906.35,122.15,34.68,26.14,0.8528,1,1
28,4,1402.53,502.78,42.72,26.45,0.2895,1,1
28,5,914.58,146.13,21.75,19.42,0.6888,1,1
29,1,1303.83,343.61,65.97,46.94,0.8918,1,1
29,2,1253.16,233.24,55.91,35.26,0.8856,1,1
29,3,905.66,122.35,34.56,26.41,0.8471,1,1
29,4,1402.62,502.87,40.45,23.69,0.2552,1,1
29,5,912.88,146.45,22.04,19.30,0.6333,1,1
30,1,1303.81,343.56,66.02,47.01,0.8920,1,1
30,2,1253.26,233.18,55.52,35.37,0.8858,1,1
30,3,905.77,122.35,34.30,26.40,0.8473,1,1
30,4,1402.09,502.73,41.15,23.21,0.3053,1,1
30,5,912.56,146.50,22.33,19.29,0.6247,1,1
30,7,1175.81,379.37,21.66,27.99,0.3213,1,1
31,1,1305.41,342.82,67.14,46.81,0.8967,1,1
31,2,1248.06,229.55,53.62,35.93,0.8806,1,1
31,3,902.36,123.19,33.94,26.60,0.8547,1,1
31,4,1401.90,502.55,42.53,23.32,0.3046,1,1
31,5,911.44,146.58,21.97,18.95,0.3658,1,1
32,1,1305.17,342.79,67.22,45.88,0.8971,1,1
32,2,1245.64,227.44,52.15,37.69,0.8916,1,1
32,3,901.57,123.19,33.48,26.88,0.8576,1,1
32,5,910.24,147.01,22.04,19.00,0.5076,1,1
32,7,1173.03,377.28,22.48,29.56,0.4309,1,1
33,1,1305.03,341.74,69.34,46.71,0.9027,1,1
33,2,1243.84,224.80,51.79,39.46,0.8919,1,1
33,3,901.50,123.23,33.06,26.79,0.8576,1,1
33,5,909.78,147.23,22.18,19.16,0.4706,1,1
34,1,1305.42,339.15,70.21,47.94,0.9135,1,1
34,2,1241.43,222.64,48.21,39.34,0.8855,1,1
34,3,900.97,123.35,33.35,27.13,0.8569,1,1
34,5,908.85,147.15,22.56,19.56,0.5430,1,1
35,1,1307.06,337.48,68.85,47.09,0.9189,1,1
35,2,1239.39,220.99,48.05,41.92,0.8932,1,1
35,3,900.75,123.49,33.37,27.00,0.8582,1,1
35,5,906.87,147.38,23.13,20.18,0.4417,1,1
36,1,1307.08,337.47,68.76,47.09,0.9187,1,1
36,2,1239.98,220.95,46.80,41.94,0.8931,1,1
36,3,900.71,123.53,33.40,26.94,0.8585,1,1
36,5,906.51,147.45,23.15,20.32,0.4354,1,1
37,1,1309.26,335.35,66.98,45.81,0.9160,1,1
37,2,1234.79,219.51,46.78,43.09,0.8856,1,1
37,3,897.75,125.46,33.04,27.04,0.8553,1,1
38,1,1309.95,334.05,66.06,45.31,0.9057,1,1
38,2,1233.15,218.40,46.96,42.92,0.8910,1,1
38,3,897.06,125.84,33.28,26.89,0.8649,1,1
39,1,1310.54,332.51,65.49,44.81,0.9058,1,1
39,2,1231.65,216.89,47.49,43.75,0.8952,1,1
39,3,896.16,126.44,33.34,26.88,0.8567,1,1
40,1,1310.74,331.20,65.42,44.25,0.9046,1,1
40,2,1230.61,214.90,47.76,44.59,0.8954,1,1
40,3,894.04,127.30,33.46,26.62,0.8428,1,1
41,1,1312.12,328.90,65.38,44.97,0.9018,1,1
41,2,1229.43,213.52,47.68,43.90,0.8940,1,1
41,3,893.50,127.68,33.53,26.11,0.8340,1,1
42,1,1312.35,328.89,64.94,44.93,0.9017,1,1
42,2,1229.29,213.56,47.91,43.86,0.8937,1,1
42,3,893.30,127.69,33.93,26.11,0.8340,1,1
42,10,941.64,214.37,24.23,17.59,0.6973,1,1
43,1,1313.69,328.26,62.95,41.47,0.9026,1,1
43,2,1227.25,212.72,47.44,43.83,0.8975,1,1
43,3,891.39,130.16,33.35,24.72,0.8357,1,1
44,1,1313.86,328.29,63.45,40.77,0.9015,1,1
44,2,1227.04,212.62,47.24,43.93,0.8992,1,1
44,3,889.58,130.48,33.58,24.83,0.8367,1,1
45,1,1315.30,328.14,63.46,40.38,0.9004,1,1
45,2,1226.72,210.60,47.49,45.35,0.9042,1,1
45,3,888.31,130.55,33.53,25.29,0.8276,1,1
45,5,893.08,150.98,21.69,18.56,0.4320,1,1
46,1,1316.43,327.76,63.52,39.97,0.9018,1,1
46,2,1227.08,208.35,47.32,47.24,0.9086,1,1
46,3,886.68,130.88,33.12,24.85,0.8235,1,1
46,5,890.93,150.74,23.40,19.22,0.6556,1,1
47,1,1317.49,327.40,63.13,39.76,0.8989,1,1
47,2,1226.75,205.83,46.46,49.22,0.9000,1,1
47,3,885.08,131.17,33.06,24.65,0.8191,1,1
47,5,888.85,151.49,23.69,19.17,0.7371,1,1
48,1,1317.50,327.42,63.10,39.77,0.8989,1,1
48,2,1227.31,205.80,45.34,49.23,0.8997,1,1
48,3,885.00,131.21,33.21,24.65,0.8186,1,1
48,5,888.66,151.54,23.85,19.17,0.7470,1,1
49,1,1320.88,327.83,61.62,37.69,0.9034,1,1
49,2,1227.58,204.22,44.62,48.52,0.9023,1,1
49,3,882.73,132.97,31.99,24.01,0.8269,1,1
49,5,885.12,152.24,25.38,20.73,0.4735,1,1
49,12,1460.60,547.65,31.83,41.96,0.7942,1,1
50,1,1321.81,328.21,61.54,37.12,0.8945,1,1
50,2,1227.36,202.91,44.41,49.04,0.9018,1,1
50,3,881.38,133.37,32.26,24.43,0.8290,1,1
50,5,883.98,154.00,25.19,21.01,0.6632,1,1
50,12,1460.15,547.83,32.59,42.27,0.8107,1,1
51,1,1322.77,328.34,62.18,37.08,0.8980,1,1
51,2,1227.46,200.58,43.85,48.20,0.8997,1,1
51,3,880.49,134.34,31.28,23.32,0.8312,1,1
51,5,882.79,154.62,24.89,20.95,0.3765,1,1
51,12,1460.02,546.34,29.94,38.60,0.6643,1,1
52,1,1325.24,327.96,61.91,36.96,0.8910,1,1
52,2,1227.21,198.59,44.11,47.97,0.9022,1,1
52,3,878.03,133.90,32.91,24.40,0.8499,1,1
52,5,881.77,155.29,24.51,20.79,0.4087,1,1
52,12,1459.23,545.36,29.34,38.00,0.5025,1,1
53,1,1326.68,327.81,61.83,36.87,0.8933,1,1
53,2,1226.94,197.62,44.12,47.33,0.9065,1,1
53,3,876.95,133.58,33.87,25.61,0.8571,1,1
53,5,881.33,156.21,23.56,20.02,0.6082,1,1
53,12,1458.95,544.55,30.08,39.13,0.5161,1,1
54,1,1326.68,327.81,61.85,36.87,0.8931,1,1
54,2,1226.82,197.60,44.34,47.30,0.9066,1,1
54,3,877.08,133.55,33.63,25.66,0.8571,1,1
54,5,881.29,156.32,23.45,19.95,0.6095,1,1
54,12,1458.97,544.56,29.97,39.14,0.5566,1,1
55,1,1328.55,328.59,61.83,37.29,0.8930,1,1
55,2,1224.30,195.70,45.55,47.19,0.8988,1,1
55,3,873.56,133.99,35.65,27.98,0.8633,1,1
55,5,879.60,158.68,22.53,18.98,0.2703,1,1
56,1,1329.75,328.67,61.39,37.59,0.8938,1,1
56,2,1222.11,193.26,47.28,47.25,0.9061,1,1
56,3,873.61,134.40,35.19,27.90,0.8631,1,1
56,5,878.85,159.82,22.33,18.68,0.4256,1,1
57,1,1330.53,328.69,61.88,38.11,0.8917,1,1
57,2,1219.88,192.01,44.82,44.82,0.9063,1,1
57,3,872.30,134.34,35.43,27.95,0.8622,1,1
57,5,878.37,160.61,22.17,18.39,0.4583,1,1
58,1,1331.25,328.56,62.20,38.20,0.8881,1,1
58,2,1218.09,190.89,44.89,44.43,0.8897,1,1
58,3,871.30,134.48,35.47,28.70,0.8551,1,1
58,5,877.53,161.39,22.26,18.31,0.4114,1,1
59,1,1332.28,328.56,62.19,38.12,0.8888,1,1
59,2,1216.21,190.32,45.09,44.14,0.8891,1,1
59,3,869.85,134.27,36.46,30.35,0.8575,1,1
59,5,875.61,162.49,23.06,18.25,0.6756,1,1
60,1,1332.26,328.57,62.23,38.12,0.8887,1,1
60,2,1216.09,190.29,45.24,44.10,0.8891,1,1
60,3,870.06,134.21,36.00,30.43,0.8574,1,1
60,5,875.24,162.56,23.53,18.25,0.6749,1,1
61,1,1333.84,329.13,62.69,39.43,0.8904,1,1
61,2,1211.79,188.17,44.39,43.03,0.8883,1,1
61,3,867.52,133.45,38.62,34.91,0.8459,1,1
62,1,1335.60,329.58,61.55,39.57,0.8903,1,1
62,2,1209.28,185.34,44.43,43.79,0.8922,1,1
62,3,867.11,133.50,38.57,36.35,0.8428,1,1
63,1,1336.72,329.57,61.11,39.62,0.8899,1,1
63,2,1207.02,182.88,43.23,44.08,0.9026,1,1
63,3,866.46,134.41,38.10,36.71,0.8405,1,1
64,1,1337.36,329.66,61.41,39.95,0.8884,1,1
64,2,1205.23,181.06,43.86,44.34,0.9035,1,1
64,3,865.13,135.77,39.78,39.72,0.8459,1,1
65,1,1339.17,329.98,61.12,39.99,0.8880,1,1
65,2,1203.42,180.30,44.83,44.43,0.9012,1,1
65,3,864.47,137.16,39.56,40.23,0.8563,1,1
65,13,1427.90,472.65,65.65,45.23,0.8957,1,1
66,1,1339.30,330.00,60.87,39.91,0.8876,1,1
66,2,1203.36,180.31,45.10,44.45,0.9016,1,1
66,3,864.87,138.55,38.49,38.93,0.8568,1,1
66,13,1428.72,472.57,64.06,45.27,0.8959,1,1
67,1,1341.22,331.47,62.42,41.44,0.8956,1,1
67,2,1202.01,177.62,43.39,44.12,0.8922,1,1
67,3,860.47,140.91,41.85,42.08,0.8617,1,1
67,13,1438.16,460.78,64.57,46.71,0.9009,1,1
68,1,1342.76,332.92,61.03,40.63,0.8977,1,1
68,2,1201.77,176.50,42.50,43.90,0.8892,1,1
68,3,859.17,136.08,45.16,48.13,0.8549,1,1
68,13,1442.76,455.21,63.73,45.49,0.8980,1,1
69,1,1343.99,333.10,60.25,40.57,0.8963,1,1
69,2,1202.04,175.20,41.37,43.22,0.8881,1,1
69,3,861.00,146.33,39.83,40.57,0.8599,1,1
69,13,1445.40,447.95,65.80,47.13,0.9160,1,1
70,1,1345.12,333.20,60.29,41.00,0.8967,1,1
70,2,1202.02,173.75,41.04,43.45,0.8888,1,1
70,3,858.22,148.88,41.39,41.07,0.8657,1,1
70,13,1447.79,440.64,67.16,49.29,0.9021,1,1
71,1,1345.88,333.14,60.67,41.79,0.8985,1,1
71,2,1202.31,173.46,40.52,42.57,0.8882,1,1
71,3,857.02,151.49,42.14,40.40,0.8752,1,1
71,13,1450.92,435.80,66.40,48.29,0.9063,1,1
72,1,1346.02,333.16,60.36,41.81,0.8986,1,1
72,2,1202.26,173.45,40.63,42.56,0.8884,1,1
72,3,856.64,151.11,42.95,40.75,0.8755,1,1
72,13,1450.85,435.74,66.59,48.30,0.9063,1,1
73,1,1347.68,335.42,60.92,41.62,0.9108,1,1
73,2,1202.56,173.40,40.61,42.51,0.8887,1,1
73,3,856.51,161.33,39.05,35.18,0.8701,1,1
73,13,1452.31,427.30,67.18,49.25,0.9031,1,1
74,1,1348.26,335.72,61.10,41.57,0.9118,1,1
74,2,1203.69,171.44,40.16,43.26,0.8917,1,1
74,3,855.89,162.13,40.03,35.73,0.8698,1,1
74,13,1452.30,419.81,69.57,53.28,0.8997,1,1
75,1,1348.94,335.68,60.97,41.98,0.9140,1,1
75,2,1205.95,169.48,39.77,43.66,0.8975,1,1
75,3,855.42,161.10,41.20,37.11,0.8737,1,1
75,13,1454.15,415.31,66.95,53.13,0.9088,1,1
76,1,1350.22,335.70,60.67,42.04,0.9137,1,1
76,2,1207.23,168.21,39.72,43.53,0.9035,1,1
76,3,855.31,163.80,40.03,36.14,0.8695,1,1
76,13,1452.99,410.34,68.26,54.92,0.9111,1,1
77,1,1351.14,335.96,60.95,41.96,0.9120,1,1
77,2,1208.56,167.89,40.00,43.48,0.8993,1,1
77,3,855.24,168.19,39.28,35.15,0.8693,1,1
77,13,1452.93,408.03,68.96,57.80,0.9110,1,1
78,1,1351.08,335.96,61.07,41.95,0.9120,1,1
78,2,1208.51,167.89,40.14,43.48,0.8993,1,1
78,3,855.16,168.27,39.42,35.13,0.8692,1,1
78,13,1453.44,408.02,67.93,57.69,0.9110,1,1
79,1,1351.36,337.21,61.14,42.46,0.9148,1,1
79,2,1211.37,165.96,37.12,37.43,0.8897,1,1
79,3,855.74,175.71,37.88,31.41,0.8663,1,1
79,13,1452.41,406.33,68.47,56.40,0.9152,1,1
80,1,1351.72,337.21,61.09,42.55,0.9156,1,1
80,2,1210.98,164.89,38.01,36.79,0.8894,1,1
80,3,855.54,176.38,39.37,31.36,0.8627,1,1
80,13,1451.78,405.77,69.85,56.89,0.9157,1,1
81,1,1352.06,336.20,61.19,43.52,0.9159,1,1
81,2,1211.17,164.25,37.98,35.34,0.8781,1,1
81,3,855.43,176.28,40.50,31.87,0.8656,1,1
81,13,1450.79,404.19,71.49,58.56,0.9098,1,1
82,1,1352.60,335.76,60.77,43.85,0.9150,1,1
82,2,1211.08,164.31,38.02,33.67,0.8794,1,1
82,3,855.00,176.37,42.93,34.76,0.8726,1,1
82,13,1450.21,403.92,71.54,58.49,0.9074,1,1
83,1,1352.72,335.74,60.48,43.93,0.9154,1,1
83,2,1210.68,164.33,38.82,33.64,0.8790,1,1
83,3,855.26,176.32,42.45,34.87,0.8729,1,1
83,13,1450.02,403.90,71.71,58.32,0.9072,1,1
84,1,1352.68,335.87,60.39,44.02,0.9159,1,1
84,2,1208.52,164.29,39.46,32.23,0.8858,1,1
84,3,854.83,177.11,44.16,38.06,0.8691,1,1
84,13,1448.29,404.14,72.78,57.70,0.9105,1,1
85,1,1352.82,335.78,60.56,44.14,0.9164,1,1
85,2,1206.85,163.28,39.89,31.09,0.8818,1,1
85,3,855.46,177.36,43.67,38.66,0.8661,1,1
85,13,1446.91,404.08,74.16,57.85,0.9117,1,1
86,1,1352.88,335.71,60.56,44.10,0.9160,1,1
86,2,1204.61,161.90,40.49,30.81,0.8689,1,1
86,3,855.74,177.23,44.00,39.86,0.8704,1,1
86,13,1446.12,403.77,74.57,58.52,0.9129,1,1
87,1,1353.06,335.60,60.45,43.84,0.9142,1,1
87,2,1202.82,161.40,40.86,30.14,0.8639,1,1
87,3,856.03,177.39,43.49,40.27,0.8692,1,1
87,13,1445.63,402.31,75.30,59.67,0.9090,1,1
88,1,1352.99,335.61,60.56,43.70,0.9134,1,1
88,2,1200.14,160.83,41.09,30.33,0.8680,1,1
88,3,856.70,179.03,43.74,41.09,0.8765,1,1
88,13,1445.16,402.09,75.69,59.60,0.9081,1,1
89,1,1352.86,335.60,60.67,43.71,0.9132,1,1
89,2,1200.09,160.82,41.08,30.33,0.8677,1,1
89,3,856.74,178.71,43.66,41.45,0.8767,1,1
89,13,1445.04,402.06,75.90,59.60,0.9081,1,1
89,18,838.62,295.78,14.72,22.06,0.3384,1,1
89,19,1159.58,284.34,14.39,19.52,0.4609,1,1
90,1,1352.62,335.76,61.19,43.72,0.9150,1,1
90,2,1196.73,160.11,39.44,29.70,0.8706,1,1
90,3,858.25,183.29,42.88,40.59,0.8708,1,1
90,13,1445.46,401.92,75.72,59.72,0.9079,1,1
90,19,1160.14,284.40,13.90,18.75,0.7020,1,1
91,1,1352.56,336.03,61.56,43.08,0.9139,1,1
91,2,1194.84,158.90,38.85,29.16,0.8704,1,1
91,3,858.63,183.85,42.33,39.99,0.8710,1,1
91,13,1445.18,401.83,75.77,59.56,0.9070,1,1
91,19,1162.10,282.90,12.33,15.83,0.5293,1,1
92,1,1352.35,336.14,62.24,42.64,0.9127,1,1
92,2,1193.02,157.23,38.47,29.13,0.8706,1,1
92,3,858.83,184.65,42.50,39.84,0.8723,1,1
92,13,1444.51,401.01,76.41,59.85,0.9058,1,1
92,20,872.71,222.18,20.64,20.82,0.6049,1,1
93,1,1352.27,336.43,62.74,41.71,0.9114,1,1
93,2,1191.54,155.86,38.40,29.06,0.8708,1,1
93,3,860.20,187.49,42.12,38.07,0.8679,1,1
93,13,1445.01,399.36,75.81,60.27,0.9073,1,1
93,20,873.56,223.49,19.49,19.50,0.2901,1,1
94,1,1351.92,336.58,63.74,41.65,0.9111,1,1
94,2,1189.88,155.83,37.79,28.77,0.8654,1,1
94,3,860.00,187.59,43.00,38.50,0.8676,1,1
94,13,1445.39,399.34,75.20,59.91,0.9070,1,1
95,1,1351.76,336.57,64.17,41.66,0.9108,1,1
95,2,1189.89,155.88,37.77,28.80,0.8662,1,1
95,3,860.05,187.51,42.90,38.44,0.8650,1,1
95,13,1445.47,399.22,75.30,59.58,0.9071,1,1
96,1,1352.37,337.62,64.78,41.01,0.9084,1,1
96,2,1186.72,153.19,40.19,31.66,0.8630,1,1
96,3,861.23,188.60,42.40,38.11,0.8597,1,1
96,13,1444.76,399.34,75.37,58.49,0.9102,1,1
97,1,1352.39,337.93,65.18,40.85,0.9079,1,1
97,2,1185.35,151.56,40.11,32.90,0.8793,1,1
97,3,861.57,188.74,42.35,38.03,0.8598,1,1
97,13,1444.93,399.31,75.49,58.35,0.9119,1,1
98,1,1352.83,338.12,65.15,40.65,0.9077,1,1
98,2,1184.94,150.49,38.95,32.80,0.8799,1,1
98,3,861.72,188.79,42.51,37.86,0.8632,1,1
98,13,1446.03,398.75,74.97,58.53,0.9138,1,1
99,1,1353.12,338.09,65.32,40.78,0.9067,1,1
99,2,1184.57,150.34,38.32,32.79,0.8818,1,1
99,3,861.73,188.89,42.68,37.97,0.8619,1,1
99,13,1445.87,397.10,75.33,59.44,0.9156,1,1
99,21,1347.65,594.77,32.15,38.20,0.8440,1,1
100,1,1353.39,338.07,65.72,41.31,0.9062,1,1
100,2,1184.49,150.31,38.21,32.92,0.8815,1,1
100,3,862.02,188.75,41.77,38.08,0.8643,1,1
100,13,1445.16,396.65,75.59,59.13,0.9132,1,1
100,20,875.03,225.67,18.49,17.50,0.3616,1,1
100,21,1344.39,593.40,33.94,40.08,0.8226,1,1
101,1,1353.47,338.11,65.55,41.26,0.9058,1,1
101,2,1184.57,150.31,38.10,32.93,0.8809,1,1
101,3,862.32,188.79,41.21,38.03,0.8640,1,1
101,13,1445.06,396.62,75.78,59.16,0.9131,1,1
101,20,874.75,225.73,19.17,17.45,0.3584,1,1
101,21,1344.22,593.41,33.97,40.01,0.8190,1,1
102,1,1353.94,338.81,65.47,41.33,0.9090,1,1
102,2,1183.82,150.59,37.81,33.06,0.8814,1,1
102,3,862.45,188.84,40.89,37.98,0.8648,1,1
102,13,1445.00,397.03,74.79,57.46,0.9148,1,1
102,20,874.22,225.77,19.86,17.63,0.3150,1,1
102,21,1342.34,593.48,36.45,44.01,0.7366,1,1
103,1,1354.09,338.73,65.79,41.57,0.9087,1,1
103,2,1183.76,150.44,37.40,32.91,0.8780,1,1
103,3,862.65,188.88,40.84,38.18,0.8668,1,1
103,13,1445.26,396.97,74.70,56.70,0.9159,1,1
103,20,874.34,225.90,19.90,17.20,0.3053,1,1
103,21,1342.06,593.28,35.91,44.71,0.7309,1,1
104,1,1354.14,338.31,65.63,42.16,0.9110,1,1
104,2,1183.85,150.22,36.82,32.54,0.8773,1,1
104,3,862.94,189.40,40.51,37.60,0.8653,1,1
104,13,1445.58,394.73,75.39,59.01,0.9187,1,1
104,20,874.55,226.01,20.15,17.00,0.3401,1,1
104,21,1342.96,593.46,34.70,44.97,0.7982,1,1
105,1,1354.38,338.13,65.73,42.71,0.9107,1,1
105,2,1183.72,150.10,36.67,32.62,0.8762,1,1
105,3,863.07,189.91,40.24,37.00,0.8606,1,1
105,13,1446.02,394.27,75.06,58.87,0.9170,1,1
105,20,874.37,225.66,20.53,16.74,0.5278,1,1
105,21,1345.67,595.57,31.88,42.72,0.8042,1,1
106,1,1354.81,338.23,65.45,42.45,0.9098,1,1
106,2,1183.75,150.10,36.43,32.50,0.8754,1,1
106,3,862.91,189.81,40.43,37.15,0.8618,1,1
106,13,1446.34,394.23,74.33,57.30,0.9187,1,1
106,20,874.14,225.61,20.90,16.68,0.5164,1,1
106,21,1350.05,597.51,28.67,38.61,0.8623,1,1
107,1,1354.74,338.24,65.51,42.50,0.9102,1,1
107,2,1183.80,150.14,36.28,32.44,0.8751,1,1
107,3,862.94,189.84,40.46,37.14,0.8616,1,1
107,13,1446.17,394.25,74.67,57.24,0.9187,1,1
107,20,874.28,225.72,21.06,16.42,0.5741,1,1
107,21,1350.16,597.52,28.61,38.61,0.8608,1,1
108,1,1355.42,338.48,65.66,42.52,0.9074,1,1
108,2,1185.13,149.50,36.57,32.83,0.8778,1,1
108,3,862.91,190.04,40.58,37.26,0.8615,1,1
108,13,1447.29,394.68,75.19,56.16,0.9118,1,1
108,20,874.19,225.97,21.15,16.28,0.4786,1,1
108,21,1354.55,598.18,27.79,38.42,0.8745,1,1
109,1,1355.59,338.42,66.00,42.79,0.9072,1,1
109,2,1187.29,147.83,36.70,32.28,0.8800,1,1
109,3,863.05,190.21,40.47,37.09,0.8601,1,1
109,13,1450.68,394.41,75.49,55.57,0.9072,1,1
109,20,874.16,225.88,21.16,16.13,0.4091,1,1
109,21,1357.45,598.50,26.42,37.83,0.8661,1,1
110,1,1355.77,337.75,66.03,43.27,0.9057,1,1
110,2,1188.79,146.75,36.03,31.79,0.8749,1,1
110,3,863.13,190.30,41.37,37.50,0.8602,1,1
110,13,1452.50,394.21,76.08,56.03,0.9088,1,1
110,20,874.09,226.04,21.43,16.21,0.3891,1,1
110,21,1359.77,598.88,24.76,36.29,0.7818,1,1
111,1,1356.38,337.78,65.41,42.87,0.9044,1,1
111,2,1189.80,146.57,35.96,31.71,0.8753,1,1
111,3,862.99,190.78,40.98,37.43,0.8566,1,1
111,13,1454.11,394.18,76.13,55.36,0.9078,1,1
111,20,874.39,226.84,21.19,15.92,0.2684,1,1
111,21,1362.57,598.82,23.55,35.06,0.8669,1,1
112,1,1356.64,338.02,65.47,42.65,0.9033,1,1
112,2,1190.29,146.43,35.98,31.66,0.8748,1,1
112,3,863.44,191.52,40.77,36.97,0.8534,1,1
112,13,1459.74,395.10,74.25,54.07,0.9091,1,1
112,20,874.01,227.53,21.78,16.28,0.2544,1,1
112,21,1364.13,598.58,23.79,35.86,0.8815,1,1
113,1,1356.78,337.99,65.60,42.61,0.9020,1,1
113,2,1190.23,145.80,36.25,32.35,0.8758,1,1
113,3,863.45,191.54,40.88,36.99,0.8532,1,1
113,13,1460.14,395.12,74.02,54.01,0.9098,1,1
113,20,874.06,227.65,21.75,16.16,0.2509,1,1
113,21,1364.23,598.52,23.67,35.93,0.8774,1,1
114,1,1358.53,338.54,65.28,41.84,0.8969,1,1
114,2,1191.52,144.70,35.97,31.66,0.8770,1,1
114,3,863.75,192.24,41.76,38.50,0.8661,1,1
114,13,1469.66,398.01,73.54,53.56,0.9072,1,1
114,21,1365.23,598.92,23.99,36.08,0.8771,1,1
115,1,1358.46,338.48,65.83,41.92,0.8962,1,1
115,2,1192.38,143.90,36.01,31.12,0.8785,1,1
115,3,864.44,192.51,41.85,38.52,0.8695,1,1
115,13,1473.93,398.10,74.08,53.95,0.9113,1,1
115,21,1365.53,598.67,25.12,36.99,0.8611,1,1
116,1,1358.85,338.45,66.42,41.80,0.8970,1,1
116,2,1192.59,143.91,35.92,30.55,0.8775,1,1
116,3,865.23,193.90,40.53,37.10,0.8727,1,1
116,13,1479.17,398.19,72.91,55.35,0.9037,1,1
116,21,1365.34,597.97,26.36,38.41,0.7857,1,1
117,1,1359.11,338.76,66.13,41.53,0.8966,1,1
117,2,1192.43,143.91,36.30,30.84,0.8786,1,1
117,3,865.82,193.76,41.27,37.51,0.8714,1,1
117,13,1484.15,398.39,71.70,56.81,0.9043,1,1
117,21,1366.31,598.99,28.28,40.51,0.7961,1,1
118,1,1359.44,339.37,66.56,41.30,0.9002,1,1
118,2,1192.71,143.40,35.70,29.86,0.8793,1,1
118,3,866.13,194.68,41.34,38.01,0.8737,1,1
118,13,1489.99,399.74,69.99,57.85,0.9128,1,1
118,20,875.28,232.05,21.98,16.46,0.3646,1,1
118,21,1368.17,601.89,27.67,39.80,0.7937,1,1
119,1,1359.30,339.39,66.77,41.28,0.9001,1,1
119,2,1192.61,143.36,35.94,29.85,0.8789,1,1
119,3,866.26,194.80,41.06,37.94,0.8735,1,1
119,13,1490.40,399.71,68.79,57.91,0.9123,1,1
119,20,875.32,232.28,21.93,16.51,0.3623,1,1
119,21,1368.29,601.93,27.57,39.84,0.7949,1,1
119,22,1377.73,377.20,33.17,33.98,0.4383,1,1
120,1,1360.49,340.58,66.40,40.30,0.9009,1,1
120,2,1192.31,140.08,36.65,31.47,0.8744,1,1
120,3,867.12,195.42,42.55,38.81,0.8813,1,1
120,13,1499.77,403.12,68.71,59.73,0.9134,1,1
120,20,875.65,233.38,22.57,17.02,0.4753,1,1
120,21,1371.20,607.48,26.26,37.96,0.2547,1,1
120,22,1377.91,377.77,33.97,33.73,0.8331,1,1
121,1,1360.44,340.50,67.14,40.81,0.9032,1,1
121,2,1191.84,139.15,35.74,30.35,0.8686,1,1
121,3,867.51,195.86,43.26,39.15,0.8810,1,1
121,13,1503.41,405.48,66.08,57.61,0.9109,1,1
121,20,875.07,234.13,23.40,17.96,0.4845,1,1
121,21,1373.06,609.04,27.71,40.13,0.4434,1,1
121,22,1377.92,378.35,33.51,32.98,0.7338,1,1
122,1,1360.93,340.54,66.93,40.72,0.9056,1,1
122,2,1190.51,137.60,36.03,31.25,0.8708,1,1
122,3,868.15,195.87,43.70,39.36,0.8788,1,1
122,13,1508.41,406.26,64.40,57.19,0.9053,1,1
122,20,875.08,234.50,23.30,18.16,0.5302,1,1
122,21,1374.70,610.87,28.68,41.35,0.7303,1,1
122,22,1377.85,378.00,34.51,33.51,0.8209,1,1
123,1,1361.24,340.96,66.67,40.32,0.9050,1,1
123,2,1188.78,137.39,35.52,31.24,0.8714,1,1
123,3,867.55,196.20,44.31,40.97,0.8818,1,1
123,13,1513.30,407.44,63.34,56.78,0.9010,1,1
123,20,875.92,236.29,21.79,16.98,0.4811,1,1
123,21,1377.82,612.61,28.28,42.16,0.7111,1,1
123,22,1377.32,377.66,35.41,34.42,0.8525,1,1
124,1,1361.83,341.62,66.30,39.68,0.9026,1,1
124,2,1186.42,137.13,35.12,31.15,0.8800,1,1
124,3,867.85,196.66,44.49,41.55,0.8869,1,1
124,13,1515.58,408.10,60.29,54.46,0.8473,1,1
124,20,875.85,237.30,21.46,16.72,0.5785,1,1
124,21,1381.52,615.00,27.37,40.84,0.2612,1,1
124,22,1378.10,377.72,35.89,34.89,0.8668,1,1
125,1,1361.70,341.61,66.59,39.70,0.9028,1,1
125,2,1186.47,137.12,34.97,31.12,0.8803,1,1
125,3,868.05,196.66,44.34,41.51,0.8860,1,1
125,13,1515.80,408.17,60.24,54.52,0.8482,1,1
125,20,875.92,237.44,21.37,16.61,0.5748,1,1
125,22,1378.06,377.71,35.93,34.97,0.8678,1,1
125,23,1371.61,491.00,31.16,25.61,0.8068,1,1
126,1,1361.99,342.29,66.70,39.30,0.8982,1,1
126,2,1183.16,134.67,33.87,31.01,0.8786,1,1
126,3,868.36,197.65,44.15,40.95,0.8803,1,1
126,13,1527.17,410.61,70.24,57.01,0.8782,1,1
126,20,876.07,237.95,21.15,16.44,0.6038,1,1
126,22,1379.76,378.04,37.01,35.56,0.8729,1,1
126,23,1376.62,493.85,34.13,29.18,0.8533,1,1
127,1,1361.99,342.33,66.91,38.98,0.8972,1,1
127,2,1179.89,131.72,34.10,31.61,0.8790,1,1
127,3,868.05,197.46,45.16,41.86,0.8818,1,1
127,13,1526.20,411.11,70.29,56.86,0.9051,1,1
127,20,877.65,237.91,20.36,16.21,0.6412,1,1
127,21,1391.14,619.20,26.63,40.57,0.5779,1,1
127,22,1379.00,378.68,37.64,34.72,0.8787,1,1
127,23,1379.82,493.13,35.75,30.34,0.7609,1,1
128,1,1362.14,342.30,67.39,38.88,0.8976,1,1
128,2,1178.29,131.02,33.16,30.29,0.8709,1,1
128,3,868.15,197.41,45.53,42.12,0.8824,1,1
128,13,1528.32,411.06,73.28,56.87,0.9047,1,1
128,20,878.35,237.98,19.54,15.70,0.6865,1,1
128,21,1394.37,620.07,25.48,40.36,0.6451,1,1
128,22,1378.91,378.67,38.08,34.74,0.8811,1,1
128,23,1383.64,493.88,35.36,30.69,0.7469,1,1
129,1,1362.30,342.62,67.73,38.65,0.8964,1,1
129,2,1175.89,130.96,32.79,29.73,0.8707,1,1
129,3,868.44,197.49,45.46,41.95,0.8813,1,1
129,13,1528.74,411.37,73.93,56.19,0.9100,1,1
129,20,878.42,237.97,19.39,15.70,0.6537,1,1
129,21,1397.92,620.03,25.18,39.45,0.8112,1,1
129,22,1379.42,378.49,38.85,35.65,0.8834,1,1
129,23,1384.78,493.41,34.01,30.39,0.7323,1,1
130,1,1362.30,343.45,67.91,38.11,0.8945,1,1
130,2,1173.27,130.47,33.13,29.33,0.8759,1,1
130,3,868.66,198.09,45.06,41.40,0.8807,1,1
130,13,1529.72,411.61,73.94,56.17,0.9124,1,1
130,20,878.90,237.96,18.72,14.99,0.7074,1,1
130,21,1399.45,619.71,25.03,39.51,0.7958,1,1
130,22,1379.93,378.59,39.03,36.32,0.8859,1,1
130,23,1384.83,493.27,33.40,30.75,0.7561,1,1
131,1,1362.06,343.45,68.41,38.17,0.8940,1,1
131,2,1173.03,130.30,33.57,29.47,0.8756,1,1
131,3,868.62,198.04,45.18,41.45,0.8818,1,1
131,13,1529.74,411.61,73.86,56.04,0.9126,1,1
131,20,878.68,238.01,19.02,15.14,0.6679,1,1
131,21,1399.46,619.52,25.04,39.75,0.8020,1,1
131,22,1380.03,378.54,38.75,36.43,0.8855,1,1
131,23,1385.01,493.21,32.97,30.86,0.7266,1,1
132,1,1362.87,344.87,68.12,37.45,0.8930,1,1
132,2,1169.51,126.59,34.76,31.70,0.8812,1,1
132,3,868.46,198.13,45.80,41.48,0.8806,1,1
132,13,1531.23,412.15,73.72,55.68,0.9113,1,1
132,20,876.72,238.58,20.38,16.02,0.5804,1,1
132,21,1401.03,618.61,25.08,40.87,0.8389,1,1
132,22,1381.98,379.14,38.19,36.51,0.8785,1,1
133,1,1363.10,345.02,68.53,37.31,0.8946,1,1
133,2,1168.89,125.94,33.12,30.00,0.8793,1,1
133,3,868.00,197.66,46.16,41.95,0.8804,1,1
133,13,1531.45,410.86,74.18,56.33,0.9063,1,1
133,20,876.90,238.75,20.16,15.61,0.5660,1,1
133,21,1402.49,616.96,24.03,39.48,0.7198,1,1
133,22,1383.08,379.34,37.84,36.44,0.8822,1,1
134,1,1363.29,345.17,68.97,37.20,0.8953,1,1
134,2,1167.21,125.17,33.74,30.31,0.8739,1,1
134,3,868.04,198.26,45.43,41.56,0.8820,1,1
134,13,1531.81,410.09,74.34,56.86,0.9035,1,1
134,20,878.32,238.38,20.43,15.96,0.6441,1,1
134,21,1404.06,616.21,23.10,38.00,0.8156,1,1
134,22,1383.17,379.02,38.12,37.10,0.8831,1,1
135,1,1363.57,345.77,69.18,37.00,0.8948,1,1
135,2,1166.23,125.59,33.37,29.88,0.8728,1,1
135,3,869.23,199.00,45.94,41.04,0.8793,1,1
135,13,1532.31,409.97,74.14,57.39,0.9036,1,1
135,20,878.93,238.50,20.68,16.18,0.5833,1,1
135,21,1404.86,615.69,22.53,36.99,0.8227,1,1
135,22,1384.28,379.05,37.59,37.56,0.8825,1,1
135,25,1326.56,555.02,31.15,38.32,0.6347,1,1
136,1,1363.58,346.14,69.79,37.13,0.8911,1,1
136,2,1165.26,124.64,33.51,30.05,0.8639,1,1
136,3,870.02,199.48,45.46,40.54,0.8795,1,1
136,13,1532.70,409.97,73.69,57.39,0.9040,1,1
136,20,879.20,238.47,20.49,16.09,0.6737,1,1
136,21,1405.16,615.63,22.40,36.82,0.7096,1,1
136,22,1385.74,380.30,36.26,36.43,0.8619,1,1
136,25,1326.46,556.86,30.00,36.79,0.5281,1,1
137,1,1363.50,346.11,70.00,37.15,0.8911,1,1
137,2,1165.24,124.54,33.52,30.14,0.8645,1,1
137,3,870.00,199.46,45.39,40.59,0.8797,1,1
137,13,1532.92,409.88,73.48,57.55,0.9032,1,1
137,20,879.48,238.45,19.91,15.56,0.6422,1,1
137,21,1405.25,615.63,22.33,36.76,0.7131,1,1
137,22,1385.19,380.08,36.42,36.75,0.8617,1,1
137,25,1326.40,556.99,30.12,36.84,0.5519,1,1
138,1,1363.54,346.58,70.17,37.33,0.8890,1,1
138,2,1164.39,123.38,33.59,30.15,0.8723,1,1
138,3,870.86,199.38,46.15,42.03,0.8739,1,1
138,13,1533.52,410.17,72.98,57.14,0.9036,1,1
138,21,1404.74,613.16,23.44,38.89,0.5708,1,1
138,22,1383.00,380.09,38.30,37.35,0.8646,1,1
138,25,1326.61,556.97,32.42,37.96,0.8445,1,1
139,1,1363.74,346.56,69.99,37.48,0.8892,1,1
139,2,1163.90,123.05,32.91,30.16,0.8708,1,1
139,3,871.14,199.26,46.95,43.19,0.8679,1,1
139,13,1533.62,410.09,73.29,57.19,0.9035,1,1
139,21,1403.92,610.72,23.81,39.74,0.7242,1,1
139,22,1381.72,379.95,39.50,37.49,0.8684,1,1
139,25,1326.15,555.63,33.00,38.66,0.8425,1,1
140,1,1364.00,346.57,70.05,37.68,0.8862,1,1
140,2,1163.48,122.60,32.90,30.43,0.8671,1,1
140,3,871.21,200.55,46.84,42.39,0.8742,1,1
140,13,1533.79,410.36,73.51,56.70,0.9028,1,1
140,20,883.06,241.64,18.51,14.36,0.2520,1,1
140,21,1403.78,608.53,23.89,40.01,0.7430,1,1
140,22,1380.23,380.50,39.90,36.89,0.8693,1,1
140,25,1327.30,556.13,32.95,38.74,0.7943,1,1
141,1,1364.03,346.92,69.78,37.80,0.8874,1,1
141,2,1162.98,122.14,33.01,30.46,0.8650,1,1
141,3,873.26,203.56,45.95,41.18,0.8611,1,1
141,13,1535.33,410.59,72.67,56.29,0.9022,1,1
141,21,1403.38,607.44,24.28,40.71,0.6952,1,1
141,22,1378.32,381.25,40.93,36.30,0.8748,1,1
141,25,1328.33,553.93,36.62,41.78,0.8428,1,1
142,1,1364.13,347.26,70.03,37.95,0.8852,1,1
142,2,1162.72,121.80,33.39,30.85,0.8654,1,1
142,3,873.74,204.08,46.53,41.76,0.8553,1,1
142,13,1537.03,410.62,71.70,56.73,0.9036,1,1
142,21,1402.67,606.25,24.88,41.77,0.7110,1,1
142,22,1378.02,381.76,41.63,36.26,0.8721,1,1
142,25,1328.65,554.18,37.06,42.05,0.8508,1,1
143,1,1364.11,347.26,70.05,37.96,0.8852,1,1
143,2,1162.61,121.76,33.46,30.92,0.8650,1,1
143,3,873.76,204.09,46.59,41.80,0.8551,1,1
143,13,1537.39,410.67,71.14,56.58,0.9034,1,1
143,21,1402.64,606.15,24.93,41.89,0.7119,1,1
143,22,1377.78,381.77,42.02,36.26,0.8720,1,1
143,25,1328.64,554.20,37.19,42.04,0.8487,1,1
144,1,1364.16,347.16,70.08,38.15,0.8848,1,1
144,2,1162.51,119.28,33.55,30.56,0.8711,1,1
144,3,873.73,203.75,48.26,43.00,0.8476,1,1
144,13,1538.07,410.92,70.56,56.13,0.9036,1,1
144,21,1401.88,604.17,26.02,43.76,0.8234,1,1
144,22,1378.78,381.54,42.47,36.58,0.8726,1,1
144,25,1328.90,554.28,37.69,43.03,0.8192,1,1
145,1,1364.47,347.20,69.69,37.96,0.8847,1,1
145,2,1162.75,119.06,33.10,30.33,0.8694,1,1
145,3,874.32,204.28,48.54,43.04,0.8526,1,1
145,13,1538.91,410.91,69.80,55.65,0.9035,1,1
145,21,1401.52,603.73,26.58,44.55,0.8449,1,1
145,22,1379.47,381.60,42.24,36.55,0.8744,1,1
145,25,1328.98,554.72,38.60,45.37,0.8139,1,1
146,1,1364.50,347.20,69.58,37.92,0.8854,1,1
146,2,1163.84,117.14,32.24,30.28,0.8650,1,1
146,3,874.78,205.53,48.04,42.34,0.8133,1,1
146,13,1538.61,411.02,69.81,54.65,0.9017,1,1
146,21,1401.22,604.01,26.36,44.19,0.8205,1,1
146,22,1380.57,381.88,41.87,36.08,0.8786,1,1
146,25,1329.47,554.68,37.98,45.16,0.8286,1,1
147,1,1364.54,347.16,69.61,38.14,0.8851,1,1
147,2,1164.02,115.94,31.93,29.59,0.8576,1,1
147,3,874.41,205.52,48.63,42.86,0.7758,1,1
147,13,1538.33,411.10,70.09,54.21,0.8999,1,1
147,21,1401.04,604.42,26.18,43.81,0.8012,1,1
147,22,1379.56,382.02,42.65,36.22,0.8822,1,1
147,25,1329.85,554.72,36.34,42.68,0.8386,1,1
148,1,1364.70,347.17,69.45,38.37,0.8859,1,1
148,2,1163.68,114.85,32.10,29.66,0.8573,1,1
148,3,874.35,205.64,48.67,43.05,0.7742,1,1
148,13,1537.87,410.95,70.52,54.27,0.8987,1,1
148,21,1400.70,604.63,26.04,43.56,0.6291,1,1
148,22,1379.13,382.91,42.94,35.41,0.8865,1,1
148,25,1330.03,554.57,35.42,41.10,0.8550,1,1
149,1,1364.83,347.17,69.20,38.35,0.8857,1,1
149,2,1163.67,114.91,32.12,29.55,0.8560,1,1
149,3,874.31,205.47,48.72,43.23,0.7671,1,1
149,13,1537.75,410.92,70.63,54.25,0.8986,1,1
149,21,1400.67,604.69,26.00,43.48,0.6158,1,1
149,22,1378.85,382.94,43.45,35.38,0.8866,1,1
149,25,1329.93,554.54,35.51,41.00,0.8616,1,1
150,1,1365.57,347.37,69.51,38.85,0.8833,1,1
150,2,1163.16,111.83,31.31,29.72,0.8688,1,1
150,3,874.27,204.89,50.10,44.86,0.6579,1,1
150,13,1536.87,410.65,70.73,53.81,0.8994,1,1
150,21,1399.86,604.83,25.98,43.69,0.6727,1,1
150,22,1378.92,383.78,43.98,34.68,0.8841,1,1
150,25,1330.00,555.04,34.82,40.41,0.8394,1,1
151,1,1366.34,347.45,69.53,39.06,0.8810,1,1
151,2,1161.88,109.90,30.96,29.12,0.8729,1,1
151,3,875.37,205.68,49.16,44.41,0.6850,1,1
151,13,1536.60,410.33,70.99,53.78,0.8974,1,1
151,21,1399.27,603.81,26.44,44.77,0.8106,1,1
151,22,1378.71,383.37,45.17,35.22,0.8837,1,1
151,25,1329.96,555.06,34.55,40.54,0.8277,1,1
152,1,1367.49,347.86,69.05,39.23,0.8795,1,1
152,2,1160.16,109.66,31.04,28.64,0.8643,1,1
152,3,876.10,206.16,48.36,44.13,0.7541,1,1
152,13,1535.84,409.89,71.73,54.03,0.8978,1,1
152,21,1399.34,602.09,26.37,43.75,0.8284,1,1
152,22,1379.53,383.08,46.28,36.35,0.8772,1,1
152,25,1329.63,556.03,34.48,40.76,0.7602,1,1
153,1,1368.74,350.13,68.02,38.07,0.8912,1,1
153,2,1158.65,109.25,31.40,28.69,0.8572,1,1
153,3,876.49,206.21,47.78,43.83,0.7147,1,1
153,13,1535.63,409.72,71.66,54.00,0.8976,1,1
153,21,1399.56,600.08,26.97,44.32,0.8308,1,1
153,22,1377.70,383.84,47.60,38.13,0.8770,1,1
153,25,1329.58,557.05,33.63,39.83,0.7300,1,1
154,1,1369.01,351.11,70.09,39.30,0.8886,1,1
154,2,1156.77,108.68,31.39,28.01,0.8571,1,1
154,3,876.52,206.32,47.61,44.11,0.7722,1,1
154,13,1534.93,409.68,71.27,53.73,0.8974,1,1
154,21,1397.50,598.15,27.74,45.67,0.8416,1,1
154,22,1379.43,385.09,46.36,37.29,0.8888,1,1
154,25,1329.45,556.79,33.89,40.37,0.7810,1,1
155,1,1369.02,351.11,70.15,39.40,0.8883,1,1
155,2,1156.56,108.68,31.71,27.95,0.8573,1,1
155,3,876.76,207.47,46.74,42.93,0.7583,1,1
155,13,1534.89,409.70,71.14,53.61,0.8970,1,1
155,21,1397.45,598.14,27.69,45.58,0.8424,1,1
155,22,1379.49,385.13,46.53,37.27,0.8901,1,1
155,25,1329.50,556.72,33.80,40.46,0.7833,1,1
156,1,1370.62,351.22,70.27,39.98,0.8845,1,1
156,2,1152.20,106.44,31.83,27.81,0.8560,1,1
156,3,876.89,207.63,46.78,42.56,0.7724,1,1
156,13,1533.90,409.65,71.98,53.39,0.8967,1,1
156,21,1395.97,595.32,28.92,48.18,0.8559,1,1
156,22,1379.97,385.53,46.07,37.58,0.8985,1,1
156,25,1329.53,557.28,34.11,40.92,0.7699,1,1
157,1,1371.49,351.20,69.43,40.05,0.8816,1,1
157,2,1150.82,106.23,30.85,26.50,0.8597,1,1
157,3,876.79,207.62,46.90,42.61,0.7706,1,1
157,13,1533.11,408.93,72.91,53.66,0.8984,1,1
157,21,1395.29,594.36,28.66,48.39,0.8587,1,1
157,22,1380.41,384.83,46.18,38.42,0.8970,1,1
157,25,1330.55,557.24,33.94,39.98,0.7709,1,1
158,1,1372.10,351.38,69.11,40.04,0.8817,1,1
158,2,1148.17,105.80,30.74,26.71,0.8601,1,1
158,3,876.87,207.24,46.98,43.15,0.8337,1,1
158,13,1532.68,408.48,73.51,53.77,0.8992,1,1
158,21,1395.06,593.49,28.08,47.85,0.8452,1,1
158,22,1381.34,385.30,45.06,37.68,0.8992,1,1
158,25,1329.54,556.87,34.11,40.64,0.7708,1,1
159,1,1372.13,351.75,69.07,39.80,0.8789,1,1
159,2,1145.18,104.52,31.46,28.42,0.8492,1,1
159,3,875.95,206.64,47.53,43.55,0.8396,1,1
159,13,1532.03,408.41,74.10,53.43,0.9010,1,1
159,20,887.59,247.01,25.18,19.16,0.2831,1,1
159,21,1394.56,593.48,27.81,47.44,0.8406,1,1
159,22,1380.93,385.49,45.61,38.43,0.8974,1,1
159,25,1329.55,555.91,34.29,40.77,0.7300,1,1
160,1,1372.37,352.07,69.14,39.58,0.8786,1,1
160,2,1143.05,103.09,30.84,27.84,0.8431,1,1
160,3,875.69,206.61,47.38,43.81,0.8396,1,1
160,13,1531.12,408.04,74.35,53.47,0.9022,1,1
160,21,1394.10,592.70,27.83,47.88,0.8141,1,1
160,22,1381.43,385.73,44.77,38.59,0.8967,1,1
160,25,1329.32,556.97,33.48,39.47,0.7168,1,1
161,1,1372.28,352.07,69.32,39.57,0.8786,1,1
161,2,1143.02,103.07,30.83,27.81,0.8431,1,1
161,3,875.80,206.62,47.15,43.80,0.8402,1,1
161,13,1531.09,408.05,74.51,53.49,0.9019,1,1
161,21,1394.19,592.73,27.69,47.85,0.8125,1,1
161,22,1381.63,385.75,44.35,38.58,0.8969,1,1
161,25,1329.20,557.06,33.58,39.37,0.7160,1,1
162,1,1371.69,350.48,70.30,40.80,0.8788,1,1
162,2,1138.87,101.37,29.58,26.72,0.8431,1,1
162,3,877.00,207.22,45.86,43.07,0.8620,1,1
162,13,1530.45,406.67,75.39,54.44,0.9031,1,1
162,21,1394.31,592.28,27.79,48.31,0.8045,1,1
162,22,1382.59,385.70,43.42,37.44,0.8940,1,1
162,25,1330.87,557.14,32.11,37.94,0.8645,1,1
163,1,1371.04,350.39,70.56,40.99,0.8811,1,1
163,2,1137.23,101.76,29.18,25.36,0.8502,1,1
163,3,876.07,207.03,46.34,43.46,0.8603,1,1
163,13,1529.42,406.33,74.59,54.24,0.9075,1,1
163,21,1393.79,591.86,26.68,47.62,0.7915,1,1
163,22,1382.23,385.62,43.92,37.59,0.8908,1,1
163,25,1331.09,555.93,35.43,43.06,0.8368,1,1
164,1,1369.65,350.40,71.20,40.99,0.8827,1,1
164,2,1136.15,101.68,29.18,25.01,0.8661,1,1
164,3,874.90,206.76,47.72,43.89,0.8746,1,1
164,13,1529.66,406.40,74.59,54.11,0.9083,1,1
164,20,886.25,247.75,27.06,21.07,0.3568,1,1
164,21,1394.10,591.83,26.26,47.64,0.7757,1,1
164,22,1382.18,385.61,44.05,37.61,0.8909,1,1
164,25,1331.27,554.65,35.85,45.60,0.8318,1,1
165,1,1368.91,350.34,71.75,40.88,0.8840,1,1
165,2,1134.86,100.15,30.01,24.61,0.8650,1,1
165,3,874.37,206.69,48.76,43.90,0.8717,1,1
165,13,1528.53,406.41,75.71,54.27,0.9084,1,1
165,20,885.53,247.64,27.05,21.37,0.3140,1,1
165,21,1394.06,591.72,25.76,47.94,0.7890,1,1
165,22,1381.48,385.65,44.47,37.71,0.8922,1,1
165,25,1331.71,554.47,35.58,46.58,0.8195,1,1
166,1,1368.17,349.14,72.34,41.06,0.8852,1,1
166,2,1132.52,97.06,30.68,25.06,0.8630,1,1
166,3,874.05,207.01,48.69,43.50,0.8781,1,1
166,13,1527.42,406.42,76.64,53.90,0.9085,1,1
166,20,885.73,247.90,26.66,21.28,0.2593,1,1
166,21,1394.07,591.94,25.57,48.42,0.7494,1,1
166,22,1381.98,385.31,43.81,37.11,0.8789,1,1
166,25,1332.45,554.80,34.61,45.98,0.7658,1,1
167,1,1368.09,349.11,72.45,41.07,0.8852,1,1
167,2,1132.43,97.02,30.78,25.12,0.8630,1,1
167,3,873.97,206.97,48.92,43.55,0.8767,1,1
167,13,1527.15,406.43,77.18,53.82,0.9082,1,1
167,20,885.89,248.01,26.37,21.17,0.2563,1,1
167,21,1394.26,592.11,25.13,48.23,0.7631,1,1
167,22,1382.03,385.34,43.80,37.08,0.8795,1,1
167,25,1332.67,554.83,34.16,45.89,0.7659,1,1
168,1,1367.12,347.34,72.37,41.18,0.8790,1,1
168,2,1130.86,96.20,30.56,25.42,0.8539,1,1
168,3,873.72,206.82,48.58,43.59,0.8731,1,1
168,13,1525.00,403.99,80.09,55.12,0.9026,1,1
168,21,1395.12,593.37,24.26,46.67,0.7621,1,1
168,22,1384.89,384.23,41.60,36.18,0.8461,1,1
168,25,1334.70,551.99,34.42,48.50,0.8574,1,1
169,1,1366.83,347.36,71.59,40.59,0.8781,1,1
169,2,1130.78,95.98,30.01,24.67,0.8516,1,1
169,3,873.87,206.90,48.50,43.58,0.8741,1,1
169,13,1524.53,403.71,80.74,55.14,0.9008,1,1
169,21,1395.32,593.24,24.57,47.39,0.7490,1,1
169,22,1384.95,383.27,41.03,36.61,0.8595,1,1
169,25,1335.81,549.10,34.55,48.53,0.7843,1,1
170,1,1366.63,347.59,71.10,39.92,0.8769,1,1
170,2,1129.71,95.95,30.71,24.74,0.8512,1,1
170,3,873.78,207.05,48.08,43.45,0.8762,1,1
170,13,1523.93,403.49,80.94,55.13,0.9005,1,1
170,21,1395.66,594.07,24.61,47.61,0.7556,1,1
170,22,1386.00,382.76,40.21,36.70,0.8595,1,1
170,25,1337.13,548.21,34.10,47.65,0.7297,1,1
171,1,1366.18,347.65,71.50,39.95,0.8776,1,1
171,2,1128.92,95.48,31.09,25.05,0.8552,1,1
171,3,873.88,207.00,47.82,43.53,0.8741,1,1
171,13,1523.19,403.38,81.02,54.85,0.8995,1,1
171,21,1396.29,594.47,24.42,46.99,0.7601,1,1
171,22,1385.79,382.59,40.01,36.93,0.8570,1,1
171,25,1338.08,547.65,34.58,48.44,0.6401,1,1
172,1,1365.81,347.69,71.68,39.98,0.8790,1,1
172,2,1128.79,95.01,31.09,24.95,0.8530,1,1
172,3,873.91,207.10,47.57,43.39,0.8753,1,1
172,13,1522.25,402.69,82.12,55.64,0.8957,1,1
172,21,1396.83,595.20,24.47,46.32,0.7320,1,1
172,22,1387.87,382.76,38.71,36.42,0.8580,1,1
172,25,1338.09,547.46,35.24,49.67,0.5304,1,1
173,1,1365.75,347.66,71.84,40.06,0.8793,1,1
173,2,1128.77,95.07,31.11,24.95,0.8535,1,1
173,3,873.96,207.08,47.56,43.48,0.8755,1,1
173,13,1522.36,402.73,82.05,55.53,0.8956,1,1
173,21,1396.73,595.22,24.79,46.31,0.7366,1,1
173,22,1388.12,382.79,38.28,36.41,0.8574,1,1
173,25,1338.31,547.38,35.06,49.72,0.5278,1,1
174,1,1365.27,347.68,71.87,40.03,0.8807,1,1
174,2,1128.64,94.45,31.07,25.04,0.8491,1,1
174,3,874.06,206.63,47.46,43.89,0.8749,1,1
174,13,1520.44,400.56,83.11,56.18,0.8935,1,1
174,21,1397.42,595.12,25.09,46.58,0.7617,1,1
174,22,1387.25,382.67,37.50,36.08,0.8551,1,1
174,25,1339.44,547.53,33.73,47.64,0.6791,1,1
175,1,1365.28,347.70,71.73,39.90,0.8811,1,1
175,2,1128.68,94.38,30.93,25.15,0.8500,1,1
175,3,873.92,206.20,47.30,44.16,0.8722,1,1
175,13,1519.85,400.14,81.73,55.03,0.8838,1,1
175,21,1397.23,594.94,25.22,46.12,0.7947,1,1
175,22,1388.61,383.13,36.40,35.60,0.8594,1,1
175,25,1339.98,547.38,32.86,45.29,0.7980,1,1
176,1,1365.29,347.81,71.58,39.81,0.8824,1,1
176,2,1129.48,94.09,31.03,25.26,0.8513,1,1
176,3,874.44,206.47,46.70,43.71,0.8752,1,1
176,13,1518.31,399.94,80.32,54.65,0.8810,1,1
176,21,1397.30,594.92,25.75,47.54,0.8120,1,1
176,22,1389.77,383.39,35.39,35.15,0.8637,1,1
176,25,1339.64,547.71,33.66,47.10,0.8070,1,1
177,1,1365.25,348.03,71.47,39.66,0.8830,1,1
177,2,1129.93,93.13,31.41,25.72,0.8507,1,1
177,3,875.47,206.66,46.25,43.51,0.8768,1,1
177,13,1517.86,399.40,80.50,54.52,0.8915,1,1
177,21,1397.36,595.05,25.78,47.59,0.8467,1,1
177,22,1389.84,383.50,35.15,35.06,0.8622,1,1
177,25,1340.12,547.58,32.61,45.21,0.8275,1,1
178,1,1365.03,348.07,71.71,39.91,0.8828,1,1
178,2,1130.93,91.29,31.21,26.93,0.8517,1,1
178,3,875.63,206.88,45.89,43.33,0.8802,1,1
178,13,1516.78,399.40,78.30,53.30,0.9011,1,1
178,21,1397.26,595.64,25.78,47.67,0.8542,1,1
178,22,1390.24,383.63,35.02,35.05,0.8589,1,1
178,25,1340.52,548.24,32.04,43.96,0.7523,1,1
179,1,1365.09,348.07,71.59,39.87,0.8830,1,1
179,2,1131.36,91.26,30.38,26.96,0.8518,1,1
179,3,875.69,206.87,45.81,43.35,0.8801,1,1
179,13,1516.93,399.12,79.30,54.04,0.8994,1,1
179,21,1397.28,595.67,25.75,47.67,0.8528,1,1
179,22,1390.31,383.63,34.95,35.02,0.8610,1,1
179,25,1340.41,548.27,32.24,43.86,0.7497,1,1
180,1,1365.54,348.04,71.42,39.61,0.8815,1,1
180,2,1132.77,89.74,29.36,27.12,0.8555,1,1
180,3,875.87,206.31,47.02,43.89,0.8702,1,1
180,13,1515.60,396.99,80.75,55.42,0.8958,1,1
180,21,1397.10,596.23,25.68,46.66,0.8718,1,1
180,22,1388.62,383.63,35.64,34.91,0.8596,1,1
180,25,1339.73,547.83,31.33,40.59,0.6772,1,1
181,1,1365.86,347.99,71.61,40.29,0.8837,1,1
181,2,1133.13,89.70,28.69,27.05,0.8562,1,1
181,3,876.49,206.84,46.65,43.43,0.8711,1,1
181,13,1515.38,396.88,81.16,55.61,0.8848,1,1
181,21,1397.06,596.33,25.73,46.35,0.8699,1,1
181,22,1384.86,384.09,38.00,35.33,0.8591,1,1
181,25,1339.88,547.68,30.10,38.56,0.2925,1,1
182,1,1366.78,349.67,70.27,39.49,0.8912,1,1
182,2,1133.39,89.80,28.05,26.55,0.8541,1,1
182,3,875.94,207.08,46.89,43.25,0.8685,1,1
182,13,1514.52,396.59,79.94,55.17,0.8947,1,1
182,21,1397.04,596.29,26.25,46.82,0.8740,1,1
182,22,1383.57,385.56,39.03,35.62,0.8503,1,1
182,25,1340.29,546.24,30.05,37.93,0.2551,1,1
183,1,1366.63,349.89,70.24,39.71,0.8907,1,1
183,2,1133.51,88.66,27.59,25.88,0.8522,1,1
183,3,876.05,207.03,47.12,43.56,0.8645,1,1
183,13,1513.81,396.50,78.33,54.41,0.8906,1,1
183,21,1395.52,597.27,26.86,46.02,0.8757,1,1
183,22,1383.65,385.73,39.63,36.18,0.8425,1,1
184,1,1366.96,349.86,70.13,39.82,0.8909,1,1
184,2,1133.24,87.35,27.09,25.50,0.8487,1,1
184,3,876.41,207.26,47.03,43.50,0.8482,1,1
184,13,1513.40,396.94,78.44,53.85,0.8868,1,1
184,21,1395.33,598.41,27.65,45.33,0.8757,1,1
184,22,1383.34,385.78,39.45,35.87,0.8441,1,1
185,1,1367.04,349.88,69.97,39.82,0.8917,1,1
185,2,1133.27,87.33,27.03,25.51,0.8489,1,1
185,3,876.38,207.27,47.04,43.55,0.8481,1,1
185,13,1513.25,396.98,78.71,53.71,0.8869,1,1
185,21,1394.86,598.36,27.91,44.71,0.8767,1,1
185,22,1383.36,385.85,39.45,35.77,0.8448,1,1
186,1,1366.65,349.51,70.31,39.92,0.8913,1,1
186,2,1130.76,86.83,26.52,23.85,0.8323,1,1
186,3,876.87,207.63,47.39,43.82,0.8553,1,1
186,13,1511.08,394.65,81.45,56.09,0.8960,1,1
186,21,1394.38,597.39,28.57,46.20,0.8774,1,1
186,22,1383.67,385.68,39.25,35.20,0.8491,1,1
187,1,1366.45,349.57,70.53,39.97,0.8924,1,1
187,2,1128.78,86.52,27.20,23.57,0.8367,1,1
187,3,876.93,207.80,47.99,44.29,0.8773,1,1
187,13,1510.56,394.38,81.63,56.90,0.8981,1,1
187,21,1394.41,597.08,28.39,46.49,0.8717,1,1
187,22,1383.82,385.65,39.34,35.02,0.8464,1,1
188,1,1366.22,349.64,70.79,40.20,0.8912,1,1
188,2,1128.13,85.35,26.85,22.08,0.8456,1,1
188,3,877.91,208.78,47.44,44.18,0.8828,1,1
188,13,1510.21,394.31,81.49,56.81,0.8990,1,1
188,21,1394.40,597.32,27.79,46.20,0.8654,1,1
188,22,1380.93,384.78,42.23,37.26,0.8493,1,1
189,1,1366.09,349.76,70.99,40.38,0.8921,1,1
189,2,1126.94,84.57,27.46,21.64,0.8496,1,1
189,3,878.56,209.11,46.88,43.66,0.8857,1,1
189,13,1510.03,394.33,81.10,56.68,0.8993,1,1
189,21,1394.25,597.22,27.58,46.31,0.8643,1,1
189,22,1382.88,385.53,41.17,36.12,0.8471,1,1
190,1,1365.84,349.71,71.05,40.26,0.8919,1,1
190,2,1125.42,82.89,29.11,22.88,0.8541,1,1
190,3,879.03,209.30,46.71,43.68,0.8839,1,1
190,13,1509.02,393.74,79.18,56.55,0.8992,1,1
190,21,1394.34,598.03,27.46,46.06,0.8602,1,1
190,22,1382.44,385.72,41.38,35.92,0.8482,1,1
191,1,1365.78,349.71,71.18,40.26,0.8918,1,1
191,2,1125.36,82.86,29.19,22.90,0.8542,1,1
191,3,878.81,209.25,46.78,43.61,0.8826,1,1
191,13,1509.39,393.87,78.24,56.31,0.8983,1,1
191,21,1394.34,598.03,27.45,46.04,0.8594,1,1
191,22,1382.36,385.71,41.62,35.93,0.8484,1,1
192,1,1364.45,349.53,72.55,40.74,0.8937,1,1
192,2,1123.03,84.26,28.02,20.42,0.8741,1,1
192,3,880.71,209.50,46.29,43.72,0.8817,1,1
192,13,1507.23,392.82,75.56,57.70,0.8786,1,1
192,21,1394.55,599.63,26.32,44.44,0.8485,1,1
192,22,1382.37,386.24,41.67,35.65,0.8345,1,1
193,1,1363.00,350.06,72.48,41.13,0.8975,1,1
193,2,1122.61,84.17,28.90,20.73,0.8752,1,1
193,3,880.82,209.75,46.25,43.82,0.8830,1,1
193,13,1506.26,392.89,72.86,59.71,0.8941,1,1
193,21,1394.34,603.50,25.64,41.97,0.8565,1,1
193,22,1378.29,385.36,44.18,36.62,0.8217,1,1
194,1,1363.29,350.46,71.79,40.89,0.8978,1,1
194,2,1122.93,82.83,28.63,20.31,0.8684,1,1
194,3,880.48,209.81,46.69,44.02,0.8810,1,1
194,13,1504.74,393.00,70.34,62.12,0.9106,1,1
194,21,1393.51,606.28,25.91,42.19,0.8392,1,1
194,22,1379.15,386.56,43.88,35.54,0.8360,1,1
195,1,1363.22,350.58,71.77,40.84,0.8967,1,1
195,2,1122.67,81.57,29.17,21.22,0.8754,1,1
195,3,881.71,210.02,45.87,44.00,0.8773,1,1
195,13,1504.75,393.13,69.72,62.60,0.9104,1,1
195,21,1392.23,608.99,25.71,43.56,0.7773,1,1
195,22,1379.26,386.05,44.35,36.36,0.8763,1,1
196,1,1363.32,350.61,71.68,40.80,0.8959,1,1
196,2,1122.75,81.49,28.89,21.05,0.8763,1,1
196,3,881.95,210.05,45.70,43.97,0.8801,1,1
196,13,1505.22,394.13,69.40,62.22,0.9106,1,1
196,21,1392.08,615.45,23.42,40.58,0.7731,1,1
196,22,1379.01,385.75,44.29,36.68,0.8905,1,1
197,1,1363.32,350.61,71.67,40.78,0.8955,1,1
197,2,1122.75,81.48,28.94,21.15,0.8764,1,1
197,3,881.77,210.02,45.82,44.03,0.8802,1,1
197,13,1505.19,394.08,69.52,62.53,0.9108,1,1
197,21,1392.22,615.70,22.98,40.50,0.7803,1,1
197,22,1379.48,385.73,44.15,36.69,0.8891,1,1
198,1,1363.42,351.84,71.36,39.92,0.8929,1,1
198,2,1123.46,81.52,28.11,19.26,0.8653,1,1
198,3,882.14,210.28,45.88,44.10,0.8780,1,1
198,13,1504.86,396.87,71.22,67.55,0.9105,1,1
198,21,1392.88,621.09,21.51,38.86,0.6578,1,1
198,22,1378.08,386.93,43.58,36.49,0.9054,1,1
199,1,1363.14,352.62,71.60,39.68,0.8934,1,1
199,2,1123.81,80.79,29.14,18.92,0.8562,1,1
199,3,882.40,210.46,45.91,44.09,0.8754,1,1
199,13,1506.40,399.31,69.30,66.57,0.9099,1,1
199,21,1395.55,625.34,20.27,36.45,0.6988,1,1
199,22,1378.93,388.60,41.81,35.55,0.9091,1,1
200,1,1362.81,352.97,72.08,40.17,0.8927,1,1
200,2,1124.29,80.50,29.95,18.68,0.8454,1,1
200,3,883.47,210.69,45.11,43.84,0.8748,1,1
200,13,1507.33,400.54,68.61,65.59,0.9049,1,1
200,21,1398.72,630.86,19.55,33.73,0.6782,1,1
200,22,1378.51,388.38,41.89,37.15,0.9054,1,1
201,1,1362.71,352.97,72.37,40.71,0.8932,1,1
201,2,1124.93,80.16,30.78,18.45,0.8435,1,1
201,3,884.49,210.76,44.63,43.92,0.8706,1,1
201,13,1507.76,401.14,68.17,66.60,0.9103,1,1
201,21,1399.85,632.00,23.18,38.63,0.6366,1,1
201,22,1379.18,388.88,40.93,37.25,0.9024,1,1
202,1,1362.95,353.02,72.25,40.76,0.8934,1,1
202,2,1124.90,80.07,31.50,18.41,0.8451,1,1
202,3,884.67,211.01,44.47,44.14,0.8677,1,1
202,13,1508.92,402.11,66.81,66.30,0.8943,1,1
202,21,1400.07,637.44,24.96,41.66,0.2534,1,1
202,22,1380.26,388.90,40.08,37.04,0.9032,1,1
203,1,1363.02,353.18,72.16,40.74,0.8934,1,1
203,2,1124.57,79.95,32.10,18.62,0.8453,1,1
203,3,885.27,211.27,44.09,44.03,0.8679,1,1
203,13,1509.01,402.74,66.10,66.32,0.9009,1,1
203,21,1399.93,639.39,25.45,42.62,0.2603,1,1
203,22,1380.58,389.17,39.75,36.76,0.9037,1,1
204,1,1362.97,353.25,72.07,40.68,0.8947,1,1
204,2,1126.13,80.56,32.43,18.60,0.8422,1,1
204,3,886.13,211.46,43.44,43.98,0.8688,1,1
204,13,1510.35,403.93,65.97,66.32,0.9031,1,1
204,22,1381.58,390.66,38.31,35.11,0.9042,1,1
204,26,1401.67,490.19,28.64,24.56,0.8116,1,1
205,1,1362.89,353.36,71.71,40.54,0.8946,1,1
205,2,1127.37,79.69,32.95,18.98,0.8390,1,1
205,3,885.86,211.51,43.78,44.14,0.8822,1,1
205,13,1510.18,404.33,66.30,66.92,0.9009,1,1
205,22,1381.96,391.07,37.77,33.60,0.9037,1,1
205,26,1406.20,492.58,24.82,21.16,0.2991,1,1
206,1,1362.80,353.42,71.63,40.74,0.8943,1,1
206,2,1127.84,79.19,33.58,19.66,0.8367,1,1
206,3,885.93,211.44,44.08,44.20,0.8840,1,1
206,13,1510.70,405.67,66.23,66.96,0.9029,1,1
206,22,1382.02,391.20,38.06,33.53,0.9008,1,1
206,26,1407.67,493.09,24.84,20.52,0.6436,1,1
207,1,1362.82,353.46,71.55,40.70,0.8937,1,1
207,2,1128.39,79.46,33.29,19.72,0.8380,1,1
207,3,885.91,211.40,44.10,43.93,0.8829,1,1
207,13,1510.78,405.51,66.32,67.68,0.9032,1,1
207,22,1382.09,391.24,38.15,33.57,0.9002,1,1
207,26,1405.34,491.32,28.74,23.79,0.5992,1,1
208,1,1362.74,353.50,71.64,40.52,0.8940,1,1
208,2,1129.62,78.84,33.13,20.12,0.8000,1,1
208,3,886.97,211.58,43.39,43.66,0.8984,1,1
208,13,1511.25,405.32,65.90,68.17,0.9043,1,1
208,22,1381.78,391.40,37.95,33.37,0.9004,1,1
208,26,1408.03,491.70,27.71,23.02,0.3470,1,1
209,1,1362.66,353.50,71.78,40.50,0.8938,1,1
209,2,1129.93,78.81,32.59,20.13,0.8009,1,1
209,3,887.06,211.59,43.22,43.65,0.8985,1,1
209,13,1511.40,405.31,65.59,68.19,0.9043,1,1
209,22,1381.70,391.34,38.01,33.41,0.9011,1,1
209,26,1408.84,491.80,27.26,22.70,0.3788,1,1
210,1,1361.43,353.09,73.02,40.99,0.8995,1,1
210,2,1133.00,79.13,30.84,20.67,0.8376,1,1
210,3,887.64,211.48,42.90,43.56,0.8980,1,1
210,13,1511.14,405.77,66.10,68.33,0.9045,1,1
210,22,1380.93,391.58,38.49,33.83,0.8837,1,1
211,1,1360.79,353.36,73.47,41.00,0.9060,1,1
211,2,1134.06,79.19,30.15,21.95,0.8426,1,1
211,3,888.01,211.48,42.66,43.58,0.8957,1,1
211,13,1511.18,406.52,66.15,68.55,0.9037,1,1
211,22,1379.48,392.17,38.58,33.36,0.8641,1,1
212,1,1360.41,353.32,73.58,40.96,0.9060,1,1
212,2,1135.54,78.75,28.59,21.41,0.8438,1,1
212,3,888.24,211.51,42.54,43.75,0.8959,1,1
212,13,1510.77,407.04,66.50,68.36,0.9041,1,1
212,22,1378.59,392.19,39.29,33.76,0.8516,1,1
212,26,1410.97,491.81,26.47,22.43,0.3472,1,1
213,1,1360.27,353.23,73.70,40.81,0.8987,1,1
213,2,1135.98,78.89,27.92,21.06,0.8529,1,1
213,3,888.41,210.12,42.74,45.08,0.8859,1,1
213,13,1510.39,406.75,67.19,69.52,0.9057,1,1
213,22,1377.59,391.67,39.64,34.47,0.8632,1,1
213,26,1411.89,492.18,25.66,22.01,0.3420,1,1
214,1,1360.03,353.03,73.87,40.61,0.8886,1,1
214,2,1136.06,78.96,27.91,21.02,0.8490,1,1
214,3,888.94,210.04,42.05,45.07,0.8788,1,1
214,13,1509.56,406.11,68.31,69.88,0.9038,1,1
214,22,1377.46,390.89,39.93,35.13,0.8718,1,1
214,26,1411.16,492.00,26.99,22.23,0.7015,1,1
215,1,1359.93,353.04,74.22,40.69,0.8898,1,1
215,2,1136.06,78.98,27.92,21.00,0.8486,1,1
215,3,889.14,209.58,42.17,45.44,0.8782,1,1
215,13,1509.39,406.06,68.62,69.84,0.9029,1,1
215,22,1377.74,391.08,39.53,34.90,0.8675,1,1
215,26,1411.28,492.00,27.24,22.18,0.6953,1,1
216,1,1360.37,353.66,73.56,40.08,0.8893,1,1
216,2,1136.21,80.10,27.92,21.21,0.8603,1,1
216,3,889.22,209.29,42.16,45.63,0.8750,1,1
216,13,1506.52,406.58,70.83,68.60,0.9041,1,1
216,22,1376.38,390.59,40.63,37.07,0.8693,1,1
216,26,1408.91,491.04,28.97,23.65,0.4715,1,1
217,1,1360.68,354.68,73.09,39.41,0.8880,1,1
217,2,1136.35,79.82,27.98,21.64,0.8642,1,1
217,3,889.31,208.90,41.99,45.90,0.8788,1,1
217,13,1504.23,406.40,72.98,69.46,0.9108,1,1
217,22,1375.46,390.31,40.55,38.49,0.8724,1,1
218,1,1360.58,355.13,72.68,39.42,0.8926,1,1
218,2,1136.46,79.52,28.00,22.08,0.8653,1,1
218,3,889.39,208.82,41.60,45.75,0.8753,1,1
218,13,1503.15,406.37,74.45,68.84,0.9119,1,1
218,22,1376.28,390.57,39.51,38.00,0.8750,1,1
218,26,1408.88,490.70,30.91,24.74,0.7104,1,1
219,1,1360.74,355.19,72.96,39.89,0.8934,1,1
219,2,1136.69,79.28,27.51,22.15,0.8669,1,1
219,3,889.31,207.95,41.92,46.26,0.8674,1,1
219,13,1501.94,405.91,73.66,67.25,0.9142,1,1
219,22,1375.82,390.64,39.62,38.39,0.8742,1,1
219,26,1405.80,493.67,33.20,22.35,0.8268,1,1
220,1,1361.80,355.50,72.53,39.98,0.8985,1,1
220,2,1136.75,79.40,27.00,21.94,0.8676,1,1
220,3,889.84,207.67,41.37,46.09,0.8555,1,1
220,13,1499.88,405.58,75.18,68.69,0.9143,1,1
220,22,1375.31,391.09,38.50,37.98,0.8635,1,1
220,26,1405.41,497.09,33.00,22.03,0.6410,1,1
221,1,1361.90,355.47,72.39,40.02,0.8989,1,1
221,2,1136.88,79.26,26.95,22.19,0.8656,1,1
221,3,890.00,207.62,41.23,46.05,0.8521,1,1
221,13,1499.82,405.53,75.22,68.85,0.9144,1,1
221,22,1375.58,391.15,38.08,37.91,0.8632,1,1
221,26,1405.34,497.41,33.25,22.05,0.6598,1,1
222,1,1362.65,357.19,73.95,42.34,0.9046,1,1
222,2,1136.69,79.51,26.13,21.85,0.8468,1,1
222,3,889.48,206.67,41.66,46.78,0.8286,1,1
222,13,1495.95,405.36,73.74,71.25,0.9101,1,1
222,22,1375.11,394.80,37.59,36.74,0.7469,1,1
223,1,1363.64,357.44,73.45,43.12,0.9026,1,1
223,2,1136.82,79.36,25.43,21.36,0.8525,1,1
223,3,888.86,205.66,40.50,45.18,0.5734,1,1
223,13,1493.84,404.60,74.69,72.08,0.9092,1,1
223,22,1375.17,395.21,38.53,36.58,0.8086,1,1
224,1,1364.75,357.33,72.97,44.43,0.8993,1,1
224,2,1136.51,79.82,24.61,21.02,0.8394,1,1
224,13,1489.13,404.06,74.62,70.53,0.9099,1,1
224,22,1374.70,394.67,40.45,37.85,0.8368,1,1
224,28,1412.74,671.09,27.65,35.70,0.2689,1,1
225,1,1365.06,357.53,72.85,45.84,0.8969,1,1
225,2,1136.30,80.22,23.51,20.13,0.8393,1,1
225,3,885.33,202.31,41.73,43.14,0.7071,1,1
225,13,1486.05,404.14,73.75,69.20,0.9059,1,1
225,22,1374.34,395.18,41.35,38.01,0.8390,1,1
225,28,1413.08,671.06,28.30,36.52,0.4047,1,1
226,1,1366.50,358.98,72.08,47.35,0.8903,1,1
226,2,1135.14,81.09,23.34,20.19,0.8212,1,1
226,3,883.03,199.45,44.53,44.75,0.6656,1,1
226,13,1484.91,404.22,74.00,68.46,0.9062,1,1
226,22,1373.27,395.87,43.17,39.68,0.8268,1,1
227,1,1367.15,358.95,70.75,47.37,0.8894,1,1
227,2,1135.20,81.13,23.17,20.17,0.8200,1,1
227,3,882.43,199.09,45.25,44.56,0.6288,1,1
227,13,1484.71,404.04,74.10,68.52,0.9072,1,1
227,22,1373.34,396.02,43.18,39.62,0.8256,1,1
228,1,1367.61,360.79,70.15,49.16,0.8886,1,1
228,2,1133.62,83.04,22.15,19.91,0.7673,1,1
228,3,879.49,195.94,48.42,46.52,0.7748,1,1
228,13,1483.33,403.78,75.15,68.53,0.9033,1,1
228,22,1375.33,399.03,42.70,39.95,0.7948,1,1
229,1,1368.94,363.56,67.82,47.76,0.8931,1,1
229,2,1131.23,86.37,21.20,17.55,0.8483,1,1
229,3,879.98,195.56,48.54,46.67,0.7237,1,1
229,13,1482.96,403.65,75.03,68.35,0.9066,1,1
229,22,1378.64,402.04,40.18,37.48,0.2908,1,1
230,1,1369.74,366.73,66.18,44.97,0.8930,1,1
230,2,1129.28,88.20,21.83,17.28,0.8586,1,1
230,3,881.40,194.83,47.94,47.56,0.8200,1,1
230,13,1482.37,403.22,74.81,68.18,0.9064,1,1
230,22,1378.07,403.89,39.75,36.59,0.5273,1,1
231,1,1369.18,367.37,66.89,44.51,0.8919,1,1
231,2,1126.93,89.05,23.09,17.35,0.8611,1,1
231,3,882.43,194.32,44.80,44.04,0.6890,1,1
231,13,1481.31,402.54,74.83,67.70,0.9041,1,1
231,22,1379.16,405.53,39.18,35.33,0.6758,1,1
232,1,1368.88,367.70,67.24,44.45,0.8922,1,1
232,2,1125.51,92.37,22.35,16.23,0.8413,1,1
232,3,882.94,192.74,42.47,40.61,0.7749,1,1
232,13,1481.04,402.18,74.46,66.78,0.9025,1,1
232,22,1377.14,403.87,40.96,37.30,0.7483,1,1
232,28,1419.78,672.73,29.78,36.73,0.6570,1,1
233,1,1368.76,367.58,67.44,44.54,0.8931,1,1
233,2,1125.23,92.21,22.77,16.37,0.8466,1,1
233,3,882.97,192.62,42.14,39.36,0.7744,1,1
233,13,1480.22,402.15,74.69,66.73,0.9035,1,1
233,22,1377.13,403.81,40.91,37.39,0.7588,1,1
233,28,1419.63,672.96,30.13,36.47,0.6588,1,1
234,1,1366.83,367.33,69.03,44.69,0.8965,1,1
234,2,1122.83,96.17,22.00,15.49,0.8069,1,1
234,3,883.47,190.66,41.81,38.71,0.8412,1,1
234,13,1480.16,401.18,73.21,63.78,0.9057,1,1
234,22,1373.70,402.28,42.38,39.18,0.8115,1,1
234,28,1421.77,671.91,31.00,37.27,0.3732,1,1
235,1,1365.44,366.06,70.49,45.48,0.9006,1,1
235,2,1122.14,97.52,22.01,15.36,0.7657,1,1
235,3,882.48,188.75,40.39,37.71,0.8567,1,1
235,13,1479.95,400.68,72.99,62.63,0.9044,1,1
235,22,1372.78,402.30,41.24,38.49,0.8050,1,1
236,1,1363.86,364.04,71.63,46.11,0.9073,1,1
236,2,1122.07,99.09,21.67,14.72,0.7298,1,1
236,3,882.26,184.36,39.99,37.86,0.8442,1,1
236,13,1479.60,399.57,73.14,62.60,0.9044,1,1
236,22,1371.57,402.98,39.45,36.68,0.2888,1,1
237,1,1361.76,359.24,73.47,47.45,0.8967,1,1
237,2,1120.73,100.68,20.86,13.83,0.5752,1,1
237,3,881.77,183.51,37.51,34.44,0.8504,1,1
237,13,1479.62,398.77,72.77,61.63,0.9030,1,1
237,22,1374.46,401.45,38.40,36.00,0.4757,1,1
238,1,1361.19,358.06,72.03,45.74,0.8891,1,1
238,2,1119.93,102.30,20.93,13.61,0.3819,1,1
238,3,882.75,180.74,36.71,33.35,0.8642,1,1
238,13,1479.47,398.14,72.50,61.17,0.8990,1,1
238,22,1375.49,397.99,37.69,37.86,0.7877,1,1
239,1,1360.94,358.06,72.52,45.69,0.8891,1,1
239,2,1119.60,102.61,21.31,13.58,0.3875,1,1
239,3,882.69,180.70,36.86,33.33,0.8641,1,1
239,13,1479.45,398.14,72.58,61.06,0.8992,1,1
239,22,1376.10,397.97,36.48,37.81,0.7879,1,1
239,31,1105.44,108.03,44.51,32.98,0.4098,1,1
239,32,1479.67,443.77,38.07,45.03,0.7188,1,1
240,1,1357.46,356.36,72.19,43.94,0.8945,1,1
240,2,1117.79,103.16,26.16,16.51,0.6134,1,1
240,3,880.94,177.38,36.11,32.07,0.8546,1,1
240,13,1480.37,398.61,71.20,58.14,0.8974,1,1
240,22,1375.40,397.01,35.94,37.19,0.3369,1,1
240,31,1104.98,111.42,40.23,29.23,0.8023,1,1
240,32,1479.62,443.24,38.97,46.16,0.4042,1,1
240,33,885.87,208.25,24.97,19.16,0.6032,1,1
241,1,1353.69,352.48,73.07,43.89,0.9035,1,1
241,2,1114.43,103.59,30.68,19.54,0.3612,1,1
241,3,880.44,175.20,35.55,29.77,0.8528,1,1
241,13,1480.14,398.60,71.70,57.66,0.8959,1,1
241,22,1369.92,393.79,36.54,37.27,0.5534,1,1
241,31,1103.34,107.45,42.85,31.92,0.7799,1,1
241,32,1479.12,442.02,39.77,47.20,0.2527,1,1
241,33,888.56,203.38,22.06,16.62,0.6559,1,1
242,1,1352.26,349.90,71.92,42.79,0.8976,1,1
242,3,880.07,172.12,37.08,29.81,0.8420,1,1
242,13,1479.14,396.59,73.35,60.53,0.9001,1,1
242,22,1368.61,389.51,38.79,38.86,0.7052,1,1
242,31,1102.77,107.51,41.68,31.50,0.7404,1,1
242,33,886.41,200.30,25.21,19.23,0.4452,1,1
242,34,1041.40,62.57,28.38,21.60,0.6898,1,1
243,1,1351.59,348.22,71.06,41.95,0.8906,1,1
243,2,1114.36,103.65,29.90,19.29,0.3230,1,1
243,3,878.55,169.70,37.66,29.52,0.8437,1,1
243,13,1479.93,396.43,71.62,59.18,0.8995,1,1
243,22,1365.86,385.66,38.85,38.00,0.8027,1,1
243,31,1102.33,107.54,41.76,31.62,0.3259,1,1
243,32,1479.53,440.51,39.11,46.45,0.4197,1,1
243,34,1040.95,62.09,29.10,22.11,0.5129,1,1
244,1,1349.91,348.10,72.27,41.78,0.8910,1,1
244,2,1114.63,103.79,27.66,17.99,0.2747,1,1
244,3,875.32,167.35,40.01,30.75,0.8509,1,1
244,13,1479.96,396.57,71.38,58.60,0.8980,1,1
244,22,1365.30,384.82,40.16,38.92,0.8180,1,1
244,31,1102.09,108.62,40.95,31.11,0.3178,1,1
245,1,1349.92,348.10,72.77,41.91,0.8887,1,1
245,3,875.10,166.71,40.41,31.56,0.8540,1,1
245,13,1479.77,396.54,71.69,58.86,0.8993,1,1
245,22,1365.40,384.86,41.94,40.34,0.8783,1,1
245,32,1479.90,440.44,39.33,46.59,0.3945,1,1
246,1,1348.33,347.89,72.51,41.68,0.8876,1,1
246,3,873.06,161.97,40.55,31.44,0.8647,1,1
246,13,1479.30,398.18,70.86,57.73,0.8975,1,1
246,22,1366.88,384.39,41.82,40.94,0.8724,1,1
246,32,1478.63,440.15,40.95,47.59,0.5186,1,1
247,1,1347.65,346.09,73.60,42.95,0.8867,1,1
247,3,873.36,159.41,38.77,29.25,0.8531,1,1
247,13,1477.00,398.00,72.51,58.37,0.8990,1,1
247,22,1368.64,384.32,39.84,38.77,0.8522,1,1
247,32,1477.89,440.52,41.10,47.20,0.3069,1,1
248,1,1347.82,345.57,73.16,42.91,0.8862,1,1
248,3,870.87,157.17,38.82,30.23,0.8659,1,1
248,13,1475.76,398.34,73.00,57.52,0.8996,1,1
248,22,1369.37,383.23,40.43,39.58,0.8254,1,1
248,32,1476.32,440.35,41.65,47.05,0.5868,1,1
249,1,1348.48,345.68,72.24,42.45,0.8854,1,1
249,3,869.50,153.81,38.27,30.79,0.8732,1,1
249,13,1474.19,398.41,72.40,57.19,0.9058,1,1
249,22,1369.79,382.20,40.73,40.78,0.8253,1,1
249,32,1472.64,440.65,43.10,47.31,0.8079,1,1
250,1,1349.61,345.73,71.57,43.05,0.8875,1,1
250,3,868.75,152.19,39.02,31.30,0.8920,1,1
250,13,1472.73,398.38,73.22,60.33,0.9087,1,1
250,22,1370.29,384.42,38.33,38.43,0.6406,1,1
250,32,1472.38,442.78,41.66,45.15,0.4329,1,1
250,35,1346.49,556.30,30.55,50.87,0.4743,1,1
251,1,1350.09,345.67,70.86,43.15,0.8857,1,1
251,3,868.85,152.50,38.21,30.55,0.8909,1,1
251,13,1472.68,398.43,72.77,60.20,0.9080,1,1
251,22,1369.80,384.53,38.60,38.57,0.7740,1,1
251,36,874.46,180.74,21.08,13.92,0.2687,1,1
252,1,1354.27,344.93,68.77,46.75,0.8958,1,1
252,3,868.12,147.57,34.37,26.84,0.8476,1,1
252,13,1470.11,399.30,71.43,59.14,0.9053,1,1
252,32,1466.89,442.61,44.15,46.63,0.7079,1,1
253,1,1355.97,343.25,67.32,52.22,0.9033,1,1
253,3,867.73,146.55,33.97,25.17,0.8440,1,1
253,13,1467.88,399.66,73.10,59.82,0.9062,1,1
253,32,1465.12,444.21,43.75,45.36,0.6876,1,1
253,33,874.26,169.28,21.28,16.12,0.5019,1,1
254,1,1358.77,342.12,64.77,55.19,0.9046,1,1
254,3,866.15,144.17,34.57,25.58,0.8398,1,1
254,13,1465.73,399.62,74.12,59.75,0.9016,1,1
254,32,1460.82,443.72,44.74,46.14,0.7731,1,1
255,1,1360.52,341.87,63.02,57.35,0.9112,1,1
255,3,865.00,143.04,35.81,26.43,0.8422,1,1
255,13,1462.91,400.44,75.78,59.86,0.9077,1,1
255,28,1411.72,684.03,32.78,40.82,0.5738,1,1
255,32,1459.56,446.14,43.17,44.17,0.3051,1,1
256,1,1361.93,341.82,61.69,59.32,0.9159,1,1
256,3,864.45,142.35,35.50,25.92,0.8427,1,1
256,13,1458.22,402.19,77.99,62.81,0.9091,1,1
256,28,1407.61,683.92,33.44,43.32,0.5761,1,1
256,32,1452.99,442.25,47.19,48.45,0.2876,1,1
256,33,871.12,165.41,21.99,16.47,0.2633,1,1
257,1,1362.43,341.81,60.57,59.47,0.9163,1,1
257,3,863.81,141.21,36.29,26.93,0.8477,1,1
257,13,1458.51,402.30,77.32,62.65,0.9085,1,1
257,28,1407.28,683.91,33.02,43.63,0.5827,1,1
257,32,1451.55,441.49,48.00,49.40,0.2603,1,1
257,39,1105.14,103.66,38.88,32.47,0.3962,1,1
257,40,1114.37,103.15,27.63,22.21,0.4807,1,1
258,1,1362.98,341.24,60.14,61.34,0.9178,1,1
258,3,863.47,139.75,34.66,25.79,0.8580,1,1
258,13,1453.82,405.03,78.14,64.76,0.9113,1,1
258,28,1395.73,685.06,34.86,47.78,0.8795,1,1
258,32,1443.88,442.17,48.76,53.35,0.6879,1,1
258,35,1353.23,578.70,27.46,47.28,0.4700,1,1
258,39,1104.15,103.74,39.84,33.43,0.6039,1,1
258,40,1114.43,103.14,27.65,22.19,0.5759,1,1
259,1,1363.27,339.45,59.75,63.07,0.9186,1,1
259,3,862.87,135.64,35.92,27.63,0.8382,1,1
259,13,1450.42,406.32,76.06,64.20,0.9136,1,1
259,28,1389.35,685.17,35.14,49.20,0.9061,1,1
259,32,1442.47,444.65,45.44,51.05,0.8361,1,1
259,35,1353.41,576.20,27.09,49.51,0.6866,1,1
259,39,1104.90,103.67,39.37,33.35,0.6045,1,1
259,40,1115.07,102.75,26.88,21.48,0.6806,1,1
260,1,1363.40,337.70,59.14,63.92,0.9179,1,1
260,3,862.82,133.26,34.84,28.08,0.8424,1,1
260,13,1446.13,406.24,78.03,63.19,0.9091,1,1
260,28,1380.72,686.59,36.24,51.78,0.8828,1,1
260,32,1438.75,444.35,43.28,49.40,0.7771,1,1
260,35,1353.72,574.81,26.89,52.07,0.8137,1,1
260,39,1109.11,102.71,35.33,30.51,0.5323,1,1
260,40,1115.68,102.28,26.58,21.31,0.5874,1,1
261,1,1363.05,337.27,59.04,64.68,0.9179,1,1
261,3,863.46,132.70,34.12,27.74,0.8374,1,1
261,13,1441.44,407.62,83.82,62.36,0.9049,1,1
261,28,1374.93,681.99,34.88,51.00,0.8953,1,1
261,32,1435.69,444.81,42.65,49.84,0.8021,1,1
261,35,1353.81,575.80,26.27,52.60,0.8634,1,1
261,39,1110.26,102.54,34.68,30.54,0.4941,1,1
261,40,1115.68,102.27,26.73,21.45,0.5466,1,1
262,1,1362.59,337.30,58.77,63.92,0.9172,1,1
262,3,863.84,132.16,34.20,27.71,0.8325,1,1
262,13,1439.00,408.65,86.58,61.63,0.8992,1,1
262,28,1367.76,680.54,32.17,47.17,0.8806,1,1
262,32,1434.08,446.71,37.61,45.65,0.8143,1,1
262,35,1353.99,577.13,25.48,52.18,0.8310,1,1
262,39,1111.50,102.55,33.03,29.48,0.3022,1,1
262,40,1116.29,101.77,25.75,20.64,0.4867,1,1
263,1,1362.55,337.31,58.85,63.85,0.9173,1,1
263,3,863.82,132.19,34.24,27.64,0.8328,1,1
263,13,1438.26,408.68,86.52,61.21,0.8984,1,1
263,28,1367.74,680.55,31.99,47.01,0.8803,1,1
263,32,1434.60,446.60,37.17,45.87,0.8115,1,1
263,35,1354.15,577.25,25.07,51.98,0.8370,1,1
263,39,1112.05,102.61,32.14,29.07,0.3158,1,1
263,40,1116.49,101.67,25.41,20.30,0.4655,1,1
263,41,1232.07,487.09,21.06,25.38,0.2973,1,1
264,1,1360.09,335.20,58.03,64.73,0.9129,1,1
264,3,866.26,129.13,34.07,25.70,0.8373,1,1
264,13,1432.27,409.12,87.65,61.78,0.8977,1,1
264,28,1350.64,670.25,33.89,51.22,0.7942,1,1
264,32,1428.79,445.57,37.28,45.57,0.5981,1,1
264,33,870.55,151.17,25.68,20.34,0.5888,1,1
264,35,1358.94,573.16,24.88,50.57,0.4259,1,1
265,1,1359.94,333.60,56.50,63.02,0.9155,1,1
265,3,866.27,127.76,35.87,25.43,0.8568,1,1
265,13,1426.78,408.52,82.87,62.69,0.9062,1,1
265,28,1341.87,662.45,34.84,52.96,0.2840,1,1
265,32,1427.06,446.35,42.40,46.48,0.7942,1,1
265,33,872.90,150.07,24.43,19.86,0.7116,1,1
265,34,1049.69,69.73,26.01,21.34,0.2712,1,1
266,1,1358.33,332.20,56.21,63.48,0.9043,1,1
266,3,866.23,127.19,36.67,25.20,0.8492,1,1
266,13,1425.05,408.39,79.24,61.92,0.9078,1,1
266,32,1422.49,446.97,44.70,47.41,0.7952,1,1
266,33,873.21,149.67,23.76,19.29,0.6151,1,1
267,1,1356.61,331.57,55.91,62.75,0.9046,1,1
267,3,866.85,126.08,37.49,25.75,0.8622,1,1
267,13,1422.82,408.58,77.24,59.97,0.9041,1,1
267,32,1418.41,448.88,46.79,47.68,0.8171,1,1
267,33,874.20,149.14,23.11,18.86,0.6480,1,1
267,34,1054.13,76.01,20.69,16.93,0.4076,1,1
268,1,1353.90,330.49,56.57,62.49,0.9055,1,1
268,3,868.06,126.33,36.88,24.86,0.8644,1,1
268,13,1417.79,408.48,78.21,61.55,0.9034,1,1
268,32,1412.36,450.02,47.46,48.12,0.7962,1,1
268,33,878.64,146.24,24.13,21.41,0.7701,1,1
268,34,1056.63,77.15,20.47,16.08,0.4782,1,1
269,1,1353.52,329.92,57.40,63.06,0.9055,1,1
269,3,867.90,126.33,37.17,24.89,0.8638,1,1
269,13,1417.90,408.49,77.84,61.62,0.9038,1,1
269,32,1412.00,450.08,47.60,48.14,0.7913,1,1
269,33,879.24,146.11,23.25,21.49,0.7782,1,1
269,34,1056.88,77.37,20.68,15.92,0.4567,1,1
270,1,1346.46,325.39,56.58,62.64,0.9109,1,1
270,3,872.61,123.28,39.44,24.77,0.8611,1,1
270,13,1407.59,408.79,76.88,62.98,0.9051,1,1
270,32,1400.13,448.85,47.16,49.61,0.8562,1,1
270,33,881.65,145.59,21.81,20.08,0.3027,1,1
270,34,1058.91,76.81,22.88,16.31,0.6016,1,1
270,41,1226.33,498.88,27.46,34.61,0.5605,1,1
270,44,1339.25,562.86,29.65,36.00,0.6388,1,1
271,1,1343.16,322.01,56.98,62.39,0.9108,1,1
271,3,873.55,123.23,39.95,24.16,0.8623,1,1
271,13,1402.91,408.10,77.21,64.92,0.9094,1,1
271,32,1393.18,447.79,49.89,52.39,0.8765,1,1
271,33,882.69,144.17,22.89,21.09,0.5563,1,1
271,34,1058.36,76.40,25.56,17.47,0.7240,1,1
271,41,1226.26,497.49,27.25,35.89,0.6339,1,1
272,1,1337.46,320.53,57.45,60.89,0.9132,1,1
272,3,874.29,123.18,41.02,24.23,0.8629,1,1
272,13,1397.03,408.34,77.31,64.57,0.9091,1,1
272,32,1388.53,447.37,48.54,51.07,0.8682,1,1
272,34,1058.44,76.93,27.55,18.14,0.7268,1,1
272,41,1226.45,500.29,26.94,38.06,0.7685,1,1
272,45,1127.95,83.79,27.57,17.45,0.6013,1,1
272,46,1298.10,566.71,37.80,37.16,0.7967,1,1
273,1,1331.58,318.84,58.48,60.66,0.9066,1,1
273,3,874.92,122.78,42.78,25.04,0.8597,1,1
273,13,1391.81,410.01,79.16,65.94,0.8999,1,1
273,32,1377.99,447.16,48.17,51.26,0.7961,1,1
273,34,1056.97,77.33,32.88,22.13,0.7571,1,1
273,41,1227.41,499.42,25.04,36.65,0.8464,1,1
273,45,1128.66,82.33,28.15,17.87,0.4786,1,1
274,1,1325.67,315.61,59.16,60.53,0.8978,1,1
274,3,876.28,121.00,44.00,25.59,0.8520,1,1
274,13,1382.70,409.92,78.00,66.75,0.9112,1,1
274,32,1372.78,447.19,48.04,51.33,0.8509,1,1
274,33,887.29,142.50,23.14,21.08,0.3769,1,1
274,34,1058.12,77.48,33.49,21.95,0.7560,1,1
274,41,1227.87,498.81,21.34,29.01,0.8671,1,1
274,45,1131.93,78.88,28.90,18.52,0.3598,1,1
275,1,1325.47,315.61,59.45,60.52,0.8980,1,1
275,3,876.23,120.99,44.17,25.61,0.8521,1,1
275,13,1382.96,409.99,77.28,66.75,0.9111,1,1
275,32,1372.75,447.19,47.98,51.34,0.8512,1,1
275,33,887.66,142.49,23.31,21.01,0.3603,1,1
275,34,1057.99,77.40,33.88,21.79,0.7549,1,1
275,41,1227.62,498.90,21.79,28.79,0.8661,1,1
275,45,1133.28,78.01,27.99,18.13,0.4403,1,1
275,47,1064.52,89.23,27.98,27.65,0.4241,1,1
276,1,1314.95,311.03,60.35,60.51,0.9072,1,1
276,3,878.36,119.11,45.09,26.65,0.8470,1,1
276,13,1368.71,408.45,77.94,65.17,0.9115,1,1
276,32,1359.18,446.67,50.35,52.43,0.7600,1,1
276,33,887.95,141.41,24.09,21.48,0.5262,1,1
276,34,1060.66,76.67,34.30,21.57,0.7895,1,1
276,41,1223.71,494.00,22.08,29.22,0.8646,1,1
276,45,1136.31,76.15,26.04,16.60,0.8364,1,1
276,47,1072.12,90.40,22.30,21.61,0.7589,1,1
276,49,1305.74,568.19,26.72,32.53,0.8694,1,1
277,1,1310.59,310.27,61.14,58.01,0.9066,1,1
277,3,879.99,118.74,44.56,26.45,0.8449,1,1
277,13,1361.87,407.04,83.93,67.72,0.9053,1,1
277,32,1351.28,440.74,53.63,56.19,0.8145,1,1
277,33,888.46,140.70,24.53,21.49,0.6787,1,1
277,34,1062.44,77.85,34.19,21.25,0.7730,1,1
277,45,1136.31,75.97,26.69,16.73,0.8368,1,1
277,47,1073.81,90.41,23.21,23.09,0.8156,1,1
277,49,1298.83,568.89,26.54,32.70,0.8315,1,1
278,1,1307.18,309.54,61.01,56.67,0.9071,1,1
278,3,880.54,118.57,44.84,26.65,0.8391,1,1
278,13,1352.44,405.70,76.11,62.05,0.9030,1,1
278,32,1342.04,439.31,43.21,49.60,0.8579,1,1
278,33,889.04,140.39,25.13,22.08,0.7623,1,1
278,34,1066.25,78.55,32.40,19.72,0.7644,1,1
278,45,1136.97,75.76,27.24,16.45,0.8377,1,1
278,47,1076.19,90.79,22.11,22.77,0.8775,1,1
278,50,1108.38,175.17,9.72,19.38,0.7784,1,1
279,1,1305.82,309.21,59.52,55.11,0.9083,1,1
279,3,882.53,118.79,43.33,25.17,0.8337,1,1
279,13,1344.11,402.99,76.38,63.11,0.8998,1,1
279,32,1337.30,438.29,47.16,51.69,0.8753,1,1
279,33,891.03,140.54,24.66,22.03,0.6921,1,1
279,34,1066.61,78.91,34.25,20.93,0.7741,1,1
279,45,1136.82,74.76,29.30,17.81,0.8302,1,1
279,47,1077.48,91.19,21.77,22.20,0.8893,1,1
279,50,1108.45,175.40,10.03,19.04,0.7387,1,1
280,1,1305.74,309.22,59.59,55.09,0.9087,1,1
280,3,882.25,118.81,43.65,25.06,0.8337,1,1
280,13,1344.19,402.97,76.05,63.28,0.8998,1,1
280,32,1336.80,438.23,47.96,51.72,0.8760,1,1
280,33,891.33,140.58,24.31,21.99,0.6949,1,1
280,34,1066.93,78.93,34.07,20.94,0.7778,1,1
280,45,1136.83,74.74,29.25,17.83,0.8312,1,1
280,47,1077.43,91.16,21.89,22.25,0.8901,1,1
280,50,1108.25,175.26,10.44,19.06,0.7462,1,1
280,52,1137.36,146.17,11.03,17.26,0.3205,1,1
281,1,1304.54,309.35,57.30,53.37,0.9082,1,1
281,3,884.14,117.84,44.09,24.65,0.8500,1,1
281,13,1330.30,394.35,76.50,67.89,0.9203,1,1
281,32,1322.21,433.42,51.92,54.78,0.8862,1,1
281,33,893.28,140.23,23.86,22.32,0.7698,1,1
281,34,1075.35,79.44,29.64,18.83,0.7793,1,1
281,45,1138.97,73.34,28.54,16.94,0.8414,1,1
281,47,1082.66,91.79,20.59,21.09,0.7569,1,1
281,50,1110.98,176.50,11.09,19.69,0.7287,1,1
282,1,1304.70,309.41,56.88,52.58,0.9084,1,1
282,3,884.51,117.50,44.43,24.57,0.8403,1,1
282,13,1324.26,392.69,74.48,65.48,0.9164,1,1
282,32,1313.79,429.63,53.38,57.69,0.8663,1,1
282,33,895.09,139.93,23.04,22.51,0.7835,1,1
282,34,1076.40,79.86,29.59,19.39,0.7573,1,1
282,45,1138.82,73.27,29.08,17.16,0.8433,1,1
282,47,1083.31,92.22,20.69,21.23,0.7300,1,1
282,50,1111.80,173.90,11.93,20.98,0.7863,1,1
283,1,1304.61,309.25,57.10,52.68,0.9064,1,1
283,3,885.34,117.58,44.31,24.39,0.8459,1,1
283,13,1316.62,391.78,75.53,64.75,0.9172,1,1
283,32,1310.51,430.99,53.51,53.80,0.8737,1,1
283,33,896.15,139.79,22.27,22.28,0.7309,1,1
283,34,1078.29,80.16,28.31,19.81,0.8003,1,1
283,45,1139.14,73.26,29.95,17.49,0.8405,1,1
283,47,1084.53,92.98,19.38,19.94,0.7529,1,1
283,50,1113.20,175.86,11.34,19.57,0.7863,1,1
283,56,1248.24,562.97,26.57,36.93,0.8745,1,1
284,1,1304.77,309.84,57.40,52.37,0.9040,1,1
284,3,886.28,117.75,44.20,24.15,0.8457,1,1
284,13,1309.01,390.33,76.46,65.41,0.9124,1,1
284,32,1300.65,426.97,53.57,55.73,0.8667,1,1
284,33,897.21,139.69,21.73,22.30,0.7683,1,1
284,34,1079.08,81.46,28.23,21.72,0.8286,1,1
284,45,1139.02,73.37,30.20,17.68,0.8441,1,1
284,47,1086.27,93.68,18.63,19.43,0.7722,1,1
284,50,1113.22,176.59,11.15,19.38,0.7541,1,1
285,1,1304.92,310.09,58.94,51.43,0.9021,1,1
285,3,887.16,117.57,44.80,24.31,0.8445,1,1
285,13,1303.08,390.04,74.87,63.63,0.9112,1,1
285,32,1295.51,428.85,53.67,55.84,0.8771,1,1
285,33,897.71,139.57,21.41,22.34,0.7683,1,1
285,34,1082.49,82.61,24.69,20.02,0.8342,1,1
285,45,1139.29,73.57,29.84,17.38,0.8431,1,1
285,47,1086.89,94.68,18.04,19.10,0.7886,1,1
285,50,1113.75,176.27,11.24,19.58,0.7505,1,1
286,1,1304.47,310.09,59.95,51.49,0.9026,1,1
286,3,887.15,117.48,44.88,24.24,0.8421,1,1
286,13,1302.97,390.02,75.08,63.76,0.9112,1,1
286,32,1295.42,428.85,53.63,55.84,0.8770,1,1
286,33,897.94,139.41,21.21,22.45,0.7849,1,1
286,34,1082.91,82.60,23.95,19.96,0.8334,1,1
286,45,1139.34,73.73,29.76,17.16,0.8440,1,1
286,47,1086.98,94.71,17.90,19.10,0.7882,1,1
286,50,1113.77,176.23,11.20,19.55,0.7557,1,1
286,59,1262.40,683.60,32.92,43.51,0.8733,1,1
287,1,1304.86,310.57,61.20,51.78,0.8998,1,1
287,3,888.61,117.21,44.73,23.89,0.8515,1,1
287,13,1288.11,389.28,77.68,65.42,0.9117,1,1
287,32,1281.13,432.75,51.04,52.77,0.8596,1,1
287,34,1083.51,82.60,24.97,20.79,0.8374,1,1
287,45,1138.99,73.65,30.06,17.15,0.8460,1,1
287,47,1087.84,95.13,17.79,19.29,0.7381,1,1
287,50,1114.65,176.15,11.53,19.80,0.7480,1,1
287,61,1055.78,147.92,18.04,15.02,0.7557,1,1
288,1,1304.85,310.64,61.76,51.69,0.8992,1,1
288,3,888.73,116.68,45.41,24.29,0.8480,1,1
288,13,1282.77,388.93,77.24,65.97,0.9121,1,1
288,32,1274.23,429.86,53.07,55.25,0.6959,1,1
288,34,1083.89,82.91,25.25,20.91,0.8379,1,1
288,45,1139.01,73.82,29.93,16.88,0.8490,1,1
288,47,1088.14,95.13,17.94,19.68,0.7387,1,1
288,50,1114.53,177.93,11.26,18.61,0.7625,1,1
288,61,1055.67,147.91,17.47,14.67,0.7607,1,1
289,1,1304.72,309.73,62.36,52.54,0.9009,1,1
289,3,889.07,116.38,45.49,24.61,0.8457,1,1
289,13,1276.42,390.65,77.03,65.72,0.9147,1,1
289,32,1265.43,427.16,56.92,61.45,0.8800,1,1
289,34,1084.60,83.36,25.33,20.69,0.8426,1,1
289,45,1138.67,73.81,30.29,17.07,0.8478,1,1
289,47,1088.69,95.90,17.71,19.53,0.8422,1,1
289,50,1114.30,176.03,12.26,20.52,0.7409,1,1
289,61,1055.55,148.30,19.04,16.19,0.5254,1,1
289,62,1179.33,555.03,33.40,41.31,0.8584,1,1
290,1,1304.67,309.72,62.15,52.50,0.9011,1,1
290,3,889.84,116.54,44.84,24.49,0.8500,1,1
290,13,1268.81,393.78,77.19,66.25,0.9123,1,1
290,32,1262.60,432.10,53.13,59.18,0.9135,1,1
290,34,1085.13,85.10,24.96,19.64,0.8472,1,1
290,45,1138.08,74.46,30.64,17.11,0.8420,1,1
290,47,1088.92,98.42,17.30,18.85,0.8307,1,1
290,50,1115.44,179.66,11.39,18.46,0.7653,1,1
290,62,1163.75,557.89,32.91,43.26,0.8615,1,1
290,63,1315.11,702.17,27.04,32.05,0.3486,1,1
291,1,1304.27,310.20,60.79,53.71,0.9039,1,1
291,3,890.46,116.64,44.80,24.48,0.8500,1,1
291,13,1260.21,396.18,79.75,69.15,0.9125,1,1
291,32,1255.38,433.99,52.02,60.35,0.8973,1,1
291,34,1084.92,85.92,25.48,19.70,0.8484,1,1
291,45,1137.76,74.54,30.86,17.25,0.8415,1,1
291,47,1089.90,99.58,17.34,18.91,0.8456,1,1
291,50,1116.71,179.77,10.88,17.60,0.6270,1,1
291,62,1151.24,562.51,31.41,42.50,0.8518,1,1
292,1,1304.70,310.11,59.80,53.75,0.9039,1,1
292,3,890.59,116.52,44.82,24.51,0.8495,1,1
292,13,1260.30,396.24,79.44,69.14,0.9126,1,1
292,32,1255.81,434.01,51.11,60.24,0.8979,1,1
292,34,1084.93,85.98,25.58,19.60,0.8488,1,1
292,45,1137.90,74.54,30.80,17.27,0.8412,1,1
292,47,1090.09,99.50,17.19,18.72,0.8426,1,1
292,50,1116.74,179.44,11.01,17.74,0.6463,1,1
292,62,1151.18,562.48,30.96,42.65,0.8532,1,1
293,1,1301.63,309.81,59.76,56.63,0.9042,1,1
293,3,892.66,116.24,44.72,24.20,0.8440,1,1
293,13,1246.37,399.69,80.91,69.36,0.9102,1,1
293,32,1242.42,438.60,51.37,58.55,0.8802,1,1
293,34,1084.90,86.12,25.63,19.32,0.8469,1,1
293,45,1137.90,74.31,30.44,17.15,0.8393,1,1
293,47,1090.27,99.47,17.38,18.85,0.8315,1,1
293,50,1116.82,179.78,11.09,17.93,0.6569,1,1
293,65,1057.79,158.27,14.68,18.36,0.5749,1,1
294,1,1299.12,309.62,59.28,56.12,0.9046,1,1
294,3,892.95,116.12,44.90,24.16,0.8445,1,1
294,13,1240.54,401.61,80.81,67.97,0.9115,1,1
294,32,1235.70,441.46,51.54,57.43,0.8984,1,1
294,34,1084.73,86.34,25.64,19.38,0.8483,1,1
294,45,1137.79,74.21,30.61,17.45,0.8407,1,1
294,47,1090.12,99.38,17.93,19.44,0.8466,1,1
294,50,1117.36,180.42,10.66,17.25,0.6368,1,1
294,65,1057.77,159.99,14.15,17.84,0.2790,1,1
295,1,1296.39,310.26,60.40,56.86,0.9038,1,1
295,3,892.77,116.14,45.02,24.15,0.8454,1,1
295,13,1234.02,403.00,81.73,68.05,0.9140,1,1
295,32,1229.55,443.41,52.01,58.15,0.8898,1,1
295,34,1083.82,87.60,25.46,20.12,0.8623,1,1
295,45,1137.65,74.46,30.07,17.21,0.8401,1,1
295,47,1088.36,100.65,18.18,19.21,0.8813,1,1
295,50,1115.76,183.83,10.99,17.68,0.6872,1,1
295,65,1057.98,162.47,14.69,18.64,0.3256,1,1
295,66,1334.89,694.52,31.58,38.62,0.6123,1,1
295,68,1107.48,576.60,37.24,43.19,0.8821,1,1
296,1,1294.81,312.20,59.61,55.96,0.8969,1,1
296,3,892.85,116.15,45.22,24.27,0.8459,1,1
296,13,1228.52,403.52,82.90,69.30,0.9118,1,1
296,32,1223.52,446.42,54.24,59.90,0.8880,1,1
296,34,1083.13,87.90,25.91,21.35,0.8617,1,1
296,45,1137.52,74.57,29.72,17.09,0.8401,1,1
296,47,1086.33,101.36,20.08,20.82,0.8976,1,1
296,50,1115.27,184.03,11.70,18.90,0.4849,1,1
296,66,1334.43,694.34,31.98,39.29,0.3829,1,1
296,68,1101.93,583.33,36.56,42.82,0.8586,1,1
297,1,1291.75,313.78,59.46,56.53,0.9027,1,1
297,3,893.51,116.38,44.84,24.17,0.8423,1,1
297,13,1222.38,407.02,81.44,66.82,0.9180,1,1
297,32,1217.62,448.29,55.07,60.67,0.8731,1,1
297,34,1083.09,88.22,25.39,21.32,0.8645,1,1
297,45,1137.53,74.58,29.62,17.15,0.8398,1,1
297,47,1086.00,101.23,20.43,21.23,0.8994,1,1
297,50,1115.56,182.27,11.83,19.49,0.6076,1,1
297,68,1097.71,591.61,33.92,39.21,0.8734,1,1
298,1,1291.89,313.78,59.60,56.71,0.9001,1,1
298,3,893.61,116.34,44.83,24.19,0.8422,1,1
298,13,1222.19,407.09,81.73,66.72,0.9181,1,1
298,32,1217.52,448.25,55.13,60.74,0.8730,1,1
298,34,1083.19,88.20,25.16,21.31,0.8645,1,1
298,45,1137.63,74.55,29.59,17.22,0.8397,1,1
298,47,1085.99,101.26,20.43,21.25,0.8988,1,1
298,50,1115.48,182.15,11.82,19.77,0.6053,1,1
298,68,1097.54,591.51,34.17,39.37,0.8727,1,1
299,1,1283.32,315.08,63.48,60.36,0.8991,1,1
299,3,894.32,116.24,44.92,24.20,0.8384,1,1
299,13,1210.10,408.61,82.18,66.21,0.9099,1,1
299,32,1206.02,451.67,53.87,60.15,0.8950,1,1
299,33,908.35,137.98,20.41,22.29,0.4188,1,1
299,34,1082.32,88.23,25.03,20.99,0.8679,1,1
299,45,1138.38,74.26,29.56,17.24,0.8411,1,1
299,47,1084.98,101.77,21.75,22.81,0.8975,1,1
299,50,1115.18,182.68,11.63,19.70,0.5857,1,1
299,65,1058.71,168.28,12.31,15.18,0.3372,1,1
299,68,1090.16,602.70,33.59,41.60,0.8705,1,1
300,1,1277.13,316.70,66.12,59.19,0.9001,1,1
300,3,894.40,116.24,45.16,24.21,0.8374,1,1
300,13,1200.47,408.36,86.24,69.22,0.9096,1,1
300,32,1199.85,453.03,53.61,59.42,0.8725,1,1
300,33,908.68,137.94,20.11,22.27,0.2850,1,1
300,34,1082.28,88.20,23.79,19.92,0.8649,1,1
300,45,1138.32,74.19,29.83,17.35,0.8428,1,1
300,47,1084.89,101.97,20.44,21.05,0.8931,1,1
300,50,1115.13,183.43,11.39,19.46,0.5243,1,1
300,68,1089.37,605.44,34.11,44.71,0.8593,1,1
301,1,1270.90,319.11,65.03,60.17,0.9013,1,1
301,3,894.41,116.26,45.36,24.27,0.8364,1,1
301,13,1196.57,409.88,84.54,70.47,0.9153,1,1
301,32,1193.27,455.32,54.14,60.75,0.9056,1,1
301,33,908.95,138.04,19.92,22.27,0.3187,1,1
301,34,1081.61,88.59,24.09,20.62,0.8587,1,1
301,45,1138.66,74.69,29.75,17.18,0.8402,1,1
301,47,1084.01,102.16,21.06,21.85,0.8883,1,1
301,50,1114.67,185.57,11.50,19.70,0.5070,1,1
301,68,1087.96,608.68,33.86,48.84,0.8649,1,1
302,1,1264.53,321.73,65.87,62.38,0.9108,1,1
302,3,894.52,116.47,45.10,24.06,0.8353,1,1
302,13,1189.48,412.25,83.09,68.36,0.9137,1,1
302,32,1185.97,457.41,53.53,60.01,0.8952,1,1
302,34,1081.68,89.29,23.69,20.61,0.8517,1,1
302,45,1138.75,74.97,30.30,17.44,0.8417,1,1
302,47,1083.98,102.66,20.39,21.39,0.8803,1,1
302,68,1087.89,612.52,30.72,48.19,0.8664,1,1
303,1,1258.89,325.15,63.93,61.38,0.9096,1,1
303,3,894.56,116.56,45.13,24.04,0.8341,1,1
303,13,1182.83,414.02,83.28,66.39,0.9138,1,1
303,32,1179.39,461.92,55.62,60.35,0.9100,1,1
303,33,908.79,138.53,19.65,22.15,0.4416,1,1
303,34,1080.91,89.68,23.77,20.57,0.8519,1,1
303,45,1138.89,74.80,31.16,17.99,0.8402,1,1
303,47,1083.81,102.62,20.31,21.48,0.8857,1,1
303,52,1115.23,176.22,13.42,22.46,0.3904,1,1
303,68,1087.54,614.60,26.88,45.86,0.8612,1,1
303,69,1057.67,161.28,11.78,15.53,0.6910,1,1
304,1,1258.99,325.08,63.33,61.27,0.9090,1,1
304,3,894.55,116.60,45.09,23.97,0.8343,1,1
304,13,1182.37,414.03,84.16,66.42,0.9136,1,1
304,32,1179.05,461.97,56.22,60.37,0.9101,1,1
304,33,908.91,138.60,19.45,22.07,0.4859,1,1
304,34,1080.70,89.74,23.99,20.63,0.8516,1,1
304,45,1138.93,74.78,31.14,18.01,0.8397,1,1
304,47,1083.83,102.66,20.29,21.49,0.8845,1,1
304,52,1115.19,176.41,13.08,22.56,0.3713,1,1
304,68,1088.18,614.80,25.63,45.63,0.8605,1,1
304,69,1057.69,161.28,11.86,15.50,0.6813,1,1
305,1,1252.83,328.75,64.11,58.65,0.9050,1,1
305,3,894.68,116.62,44.92,23.80,0.8347,1,1
305,13,1168.18,416.98,79.93,60.91,0.8833,1,1
305,32,1163.99,465.01,56.77,60.61,0.8853,1,1
305,33,908.82,138.84,19.19,21.94,0.4677,1,1
305,34,1078.72,92.13,24.10,19.79,0.8430,1,1
305,45,1139.58,74.68,30.78,17.29,0.8384,1,1
305,47,1083.01,104.87,19.97,21.48,0.8603,1,1
305,52,1117.53,178.16,12.63,23.15,0.7350,1,1
305,69,1057.77,161.97,11.59,14.94,0.7134,1,1
306,1,1249.23,329.29,66.29,58.85,0.9073,1,1
306,3,894.55,116.75,45.18,24.01,0.8352,1,1
306,13,1159.10,421.24,83.66,62.33,0.9000,1,1
306,32,1153.84,468.05,56.80,57.59,0.8905,1,1
306,33,909.00,139.23,19.01,21.81,0.2837,1,1
306,34,1076.77,93.83,25.79,19.99,0.8177,1,1
306,45,1139.12,74.65,31.53,17.47,0.8372,1,1
306,47,1081.02,107.55,22.79,24.89,0.8575,1,1
306,52,1118.09,183.25,12.77,24.19,0.7692,1,1
306,69,1057.53,163.59,11.07,13.96,0.6760,1,1
307,1,1247.50,330.04,66.86,59.10,0.8993,1,1
307,3,894.79,116.95,44.87,24.03,0.8366,1,1
307,13,1149.03,424.49,91.49,66.52,0.9022,1,1
307,32,1146.72,473.46,56.30,54.32,0.8601,1,1
307,33,909.13,139.72,18.66,21.46,0.3578,1,1
307,34,1076.59,94.66,27.14,21.26,0.8390,1,1
307,45,1138.85,74.72,31.84,17.38,0.8337,1,1
307,47,1081.22,109.65,22.43,24.48,0.8311,1,1
307,52,1119.49,184.15,13.25,25.31,0.8042,1,1
307,69,1057.59,164.23,10.96,13.64,0.4503,1,1
307,72,1252.14,366.25,35.27,47.14,0.7477,1,1
308,1,1246.80,331.28,67.90,58.37,0.8979,1,1
308,3,894.72,117.06,44.31,24.13,0.8381,1,1
308,13,1137.57,427.18,92.78,66.53,0.8945,1,1
308,32,1134.52,474.47,60.63,62.73,0.8898,1,1
308,33,908.75,139.85,18.77,21.59,0.3609,1,1
308,34,1076.30,96.87,27.18,21.26,0.8502,1,1
308,45,1138.76,74.73,32.24,17.48,0.8240,1,1
308,47,1080.53,113.90,22.13,23.72,0.6085,1,1
308,52,1120.14,185.68,13.13,24.61,0.8200,1,1
308,69,1057.18,164.55,11.25,13.88,0.4031,1,1
308,72,1250.78,365.97,36.62,48.58,0.4912,1,1
309,1,1244.84,331.51,65.72,57.30,0.9020,1,1
309,3,894.62,117.07,43.69,24.21,0.8378,1,1
309,13,1130.14,430.11,89.20,66.17,0.9043,1,1
309,32,1119.17,470.94,63.10,64.76,0.8505,1,1
309,33,908.04,139.77,19.17,21.83,0.5439,1,1
309,34,1076.49,99.19,27.32,21.00,0.8612,1,1
309,45,1138.78,74.92,32.08,17.22,0.8206,1,1
309,47,1080.98,116.48,21.57,22.81,0.3620,1,1
309,52,1120.25,186.94,12.75,23.89,0.7841,1,1
309,72,1249.48,366.52,37.38,49.27,0.2957,1,1
309,75,1062.58,691.58,58.27,45.92,0.9082,1,1
310,1,1245.05,331.33,65.88,57.61,0.8998,1,1
310,3,894.82,117.05,43.28,24.19,0.8384,1,1
310,13,1130.62,430.14,88.18,66.23,0.9041,1,1
310,32,1118.71,470.83,63.46,64.80,0.8503,1,1
310,33,908.00,139.80,19.26,21.79,0.5472,1,1
310,34,1076.36,99.22,27.57,21.04,0.8609,1,1
310,45,1138.71,74.93,32.26,17.21,0.8210,1,1
310,47,1080.97,117.16,21.62,22.50,0.3611,1,1
310,52,1120.18,187.07,12.78,23.87,0.7877,1,1
310,75,1060.77,691.53,61.79,45.90,0.9082,1,1
311,1,1240.89,334.06,65.09,54.87,0.8960,1,1
311,3,895.00,117.44,41.69,24.13,0.8349,1,1
311,13,1105.84,431.87,94.71,73.43,0.9051,1,1
311,32,1105.15,482.41,57.92,58.99,0.9004,1,1
311,33,907.25,139.61,20.16,21.95,0.7511,1,1
311,34,1076.43,101.17,28.31,22.26,0.8702,1,1
311,45,1139.23,75.08,32.13,16.94,0.8374,1,1
311,47,1081.67,119.10,22.87,23.51,0.5227,1,1
311,52,1119.98,188.96,11.86,22.24,0.5377,1,1
311,69,1056.50,166.91,10.80,13.23,0.2755,1,1
311,72,1247.29,368.25,32.83,44.01,0.7079,1,1
311,75,1033.38,693.55,52.44,40.29,0.8561,1,1
311,77,1214.30,580.38,33.17,40.46,0.8741,1,1
312,1,1237.59,337.86,63.34,51.57,0.8874,1,1
312,3,895.39,117.66,40.65,24.32,0.8311,1,1
312,13,1096.41,433.27,91.71,71.17,0.9061,1,1
312,32,1093.62,482.61,57.20,59.91,0.8746,1,1
312,33,906.69,139.92,21.05,21.70,0.7630,1,1
312,34,1076.12,102.17,28.66,23.27,0.8584,1,1
312,45,1138.57,75.33,31.51,16.86,0.8385,1,1
312,47,1082.21,120.45,22.33,22.73,0.3306,1,1
312,52,1119.68,190.38,11.24,21.16,0.4103,1,1
312,69,1056.31,167.36,10.66,12.96,0.2505,1,1
312,72,1246.17,369.74,32.70,44.49,0.7229,1,1
312,75,1023.50,698.61,50.58,38.22,0.8300,1,1
312,77,1208.89,576.73,32.37,40.39,0.8891,1,1
313,1,1233.44,339.55,65.06,50.88,0.8969,1,1
313,3,895.68,118.39,39.25,24.43,0.8312,1,1
313,13,1086.79,432.79,89.84,69.98,0.9092,1,1
313,32,1082.42,483.14,53.75,57.69,0.8673,1,1
313,33,905.19,140.57,22.04,21.63,0.8271,1,1
313,34,1077.12,103.89,27.48,22.19,0.8464,1,1
313,45,1138.11,75.52,30.96,17.14,0.8314,1,1
313,52,1119.40,190.11,11.31,21.37,0.4191,1,1
313,72,1239.32,371.30,35.33,46.68,0.7352,1,1
313,75,1014.78,704.26,51.75,40.39,0.8844,1,1
313,77,1200.56,574.21,32.85,42.22,0.8587,1,1
314,1,1229.33,340.83,66.68,51.56,0.8938,1,1
314,3,896.22,119.15,37.97,24.39,0.8324,1,1
314,13,1074.82,431.34,90.92,73.48,0.9110,1,1
314,32,1072.47,484.28,52.86,58.20,0.8642,1,1
314,33,904.56,141.02,22.97,22.00,0.8193,1,1
314,34,1077.49,104.46,28.09,22.11,0.8526,1,1
314,45,1137.82,75.66,29.73,17.02,0.8323,1,1
314,72,1230.40,373.20,36.36,46.54,0.7414,1,1
314,75,1006.73,715.92,48.16,39.48,0.8894,1,1
314,77,1189.67,574.48,32.83,40.71,0.8938,1,1
315,1,1225.24,342.67,67.26,51.62,0.9040,1,1
315,3,896.26,119.76,36.89,24.05,0.8348,1,1
315,13,1067.05,431.00,89.92,73.66,0.9067,1,1
315,32,1063.84,485.68,54.20,57.64,0.8982,1,1
315,33,904.84,141.76,22.59,21.50,0.7678,1,1
315,34,1078.10,104.98,28.74,22.01,0.8560,1,1
315,45,1136.88,75.69,28.67,17.20,0.8354,1,1
315,72,1225.73,375.65,36.03,45.08,0.6413,1,1
315,75,1005.01,727.94,46.77,41.73,0.9054,1,1
315,77,1181.42,573.22,32.61,40.31,0.9009,1,1
316,1,1225.14,342.73,67.40,51.59,0.9040,1,1
316,3,896.39,119.79,36.55,24.09,0.8352,1,1
316,13,1067.20,430.99,89.50,73.74,0.9066,1,1
316,32,1063.47,485.66,54.81,57.67,0.8982,1,1
316,33,904.73,141.72,22.74,21.57,0.7726,1,1
316,34,1077.94,105.02,29.15,21.96,0.8560,1,1
316,45,1137.12,75.68,28.08,17.34,0.8354,1,1
316,72,1224.94,375.95,36.61,44.88,0.6396,1,1
316,75,1005.67,728.03,45.44,41.76,0.9054,1,1
316,77,1181.36,573.19,32.63,40.27,0.9007,1,1
317,1,1212.92,344.96,67.41,52.09,0.8896,1,1
317,3,895.92,119.90,37.03,25.35,0.8477,1,1
317,13,1046.31,431.04,92.77,75.72,0.9156,1,1
317,32,1043.78,488.06,54.16,58.67,0.8800,1,1
317,33,903.79,143.08,22.00,20.58,0.6568,1,1
317,34,1078.27,105.42,29.94,22.93,0.8596,1,1
317,45,1135.55,75.70,27.50,18.38,0.8308,1,1
317,72,1212.15,373.34,43.53,52.15,0.6936,1,1
317,77,1161.37,568.13,32.95,38.47,0.8967,1,1
317,80,1210.72,370.25,34.15,52.90,0.8137,1,1
317,81,971.23,625.55,40.04,18.39,0.2895,1,1
318,1,1206.79,347.01,66.97,51.41,0.9044,1,1
318,3,895.67,120.69,36.60,26.05,0.8484,1,1
318,13,1038.36,432.04,92.75,75.30,0.9093,1,1
318,32,1034.85,489.29,54.77,58.05,0.8843,1,1
318,33,900.69,143.57,23.95,21.30,0.8561,1,1
318,34,1079.17,106.15,29.78,23.87,0.8793,1,1
318,45,1135.62,75.75,25.66,18.20,0.8181,1,1
318,77,1152.43,564.93,31.68,37.65,0.8898,1,1
318,80,1204.27,373.45,35.18,51.63,0.7919,1,1
319,1,1200.07,349.83,66.59,50.43,0.8988,1,1
319,3,895.30,122.21,35.41,26.22,0.8656,1,1
319,13,1027.87,434.19,94.30,73.76,0.9135,1,1
319,32,1028.31,493.34,54.89,56.55,0.8875,1,1
319,33,901.03,144.83,24.30,21.01,0.8409,1,1
319,34,1079.05,107.70,30.86,24.81,0.8740,1,1
319,45,1134.66,76.91,25.91,18.93,0.6393,1,1
319,72,1206.15,381.73,40.06,48.41,0.4899,1,1
319,77,1144.24,561.43,32.27,36.25,0.8800,1,1
319,80,1200.08,376.69,35.87,51.73,0.6560,1,1
319,82,1124.14,165.66,16.24,30.53,0.3929,1,1
319,84,1035.85,761.15,41.47,48.91,0.8949,1,1
320,1,1192.23,352.43,67.72,50.81,0.9034,1,1
320,3,895.18,123.48,34.27,26.26,0.8735,1,1
320,13,1017.54,437.60,96.75,73.65,0.9027,1,1
320,32,1018.77,496.22,56.20,54.57,0.8889,1,1
320,33,899.58,145.60,24.58,21.45,0.8665,1,1
320,34,1080.11,108.20,31.48,25.07,0.8750,1,1
320,72,1207.68,391.27,32.72,42.77,0.7639,1,1
320,77,1134.26,558.67,31.90,34.55,0.8808,1,1
320,82,1124.49,165.17,15.14,27.44,0.5875,1,1
320,84,1050.24,763.56,37.39,48.89,0.8916,1,1
321,1,1183.00,352.73,67.06,51.70,0.8986,1,1
321,3,895.41,123.59,33.42,25.61,0.8616,1,1
321,13,1007.31,442.45,98.56,72.48,0.9103,1,1
321,32,1007.47,497.75,60.69,58.08,0.9075,1,1
321,33,898.76,145.33,25.39,22.21,0.8685,1,1
321,34,1080.12,107.91,31.99,25.60,0.8731,1,1
321,77,1126.02,557.19,33.00,33.68,0.8966,1,1
321,80,1188.44,387.45,37.66,48.42,0.7455,1,1
321,82,1122.66,164.42,16.48,27.89,0.6687,1,1
321,84,1063.13,771.43,33.69,46.23,0.8917,1,1
322,1,1183.25,352.69,66.47,51.80,0.8989,1,1
322,3,895.39,123.60,33.40,25.62,0.8617,1,1
322,13,1006.69,442.42,99.70,72.54,0.9105,1,1
322,32,1007.24,497.74,61.04,58.13,0.9076,1,1
322,33,898.65,145.30,25.42,22.28,0.8693,1,1
322,34,1080.01,107.57,32.08,25.96,0.8728,1,1
322,77,1125.58,557.15,33.75,33.79,0.8951,1,1
322,80,1187.77,388.00,39.39,48.09,0.7416,1,1
322,82,1122.21,164.41,17.28,27.90,0.6651,1,1
322,84,1063.60,771.52,32.98,46.18,0.8916,1,1
323,1,1166.68,352.50,66.72,51.47,0.9049,1,1
323,3,893.90,126.61,32.97,24.87,0.8533,1,1
323,13,985.55,447.15,103.44,75.20,0.8971,1,1
323,32,986.78,501.30,62.60,59.40,0.8672,1,1
323,33,896.72,146.84,25.07,21.86,0.8252,1,1
323,34,1084.49,108.67,34.13,25.97,0.8624,1,1
323,77,1116.21,552.30,33.34,30.34,0.8979,1,1
323,80,1175.81,390.53,36.94,44.67,0.7185,1,1
323,82,1124.97,167.13,17.71,29.34,0.5234,1,1
323,84,1086.52,770.93,31.17,42.71,0.8873,1,1
324,1,1158.03,352.36,67.58,51.26,0.8993,1,1
324,3,892.75,129.04,32.86,24.34,0.8289,1,1
324,13,975.00,449.96,105.47,77.31,0.9032,1,1
324,32,976.77,506.57,63.44,60.06,0.8884,1,1
324,33,895.13,149.38,24.76,21.77,0.7778,1,1
324,34,1085.23,108.28,36.91,28.07,0.3328,1,1
324,77,1110.22,552.17,33.15,29.82,0.8837,1,1
324,80,1162.29,388.74,37.74,45.26,0.5281,1,1
324,82,1124.93,169.87,18.63,31.57,0.5287,1,1
324,84,1094.67,769.14,27.16,37.62,0.7811,1,1
325,1,1150.52,352.18,65.47,49.81,0.9053,1,1
325,3,892.24,130.51,32.71,23.88,0.8331,1,1
325,13,964.38,455.58,104.82,77.67,0.9117,1,1
325,32,966.82,513.82,64.02,59.79,0.9096,1,1
325,33,894.56,151.10,23.50,20.61,0.6220,1,1
325,77,1106.39,553.66,33.77,30.97,0.9102,1,1
325,80,1155.18,390.22,37.14,43.70,0.6937,1,1
325,84,1100.72,769.72,23.38,31.53,0.6329,1,1
325,88,1108.99,99.03,39.10,35.04,0.2547,1,1
326,1,1140.98,351.68,66.56,50.04,0.8998,1,1
326,3,890.99,132.20,32.75,23.81,0.8438,1,1
326,13,954.20,461.19,104.38,77.42,0.9185,1,1
326,32,956.15,520.83,64.16,57.25,0.8845,1,1
326,34,1089.67,106.55,41.06,29.87,0.8614,1,1
326,77,1103.26,555.37,33.69,33.27,0.9059,1,1
326,80,1135.71,389.45,43.11,44.46,0.8681,1,1
326,84,1101.23,765.59,25.57,33.95,0.7784,1,1
326,88,1114.63,101.16,33.48,33.92,0.7532,1,1
326,90,1088.14,104.04,56.47,32.56,0.4300,1,1
327,1,1134.33,349.42,64.84,49.71,0.9086,1,1
327,3,889.91,133.69,33.97,24.84,0.8537,1,1
327,13,945.57,465.38,104.24,79.31,0.9126,1,1
327,32,942.98,527.23,66.80,58.51,0.8821,1,1
327,34,1090.60,110.05,35.29,26.22,0.8396,1,1
327,77,1100.37,561.20,32.95,33.25,0.8755,1,1
327,80,1134.70,389.05,43.65,43.72,0.8294,1,1
327,84,1100.51,761.00,28.96,38.31,0.6014,1,1
327,88,1119.03,100.54,24.29,25.22,0.7597,1,1
328,1,1134.55,349.37,64.35,49.77,0.9075,1,1
328,3,889.97,133.73,33.84,24.82,0.8562,1,1
328,13,945.94,465.43,103.36,79.41,0.9125,1,1
328,32,942.54,527.37,67.42,58.62,0.8832,1,1
328,34,1090.98,110.23,34.94,26.12,0.8393,1,1
328,77,1100.31,561.30,32.70,33.28,0.8762,1,1
328,80,1134.04,388.92,44.47,43.83,0.8295,1,1
328,84,1100.51,760.64,29.29,38.52,0.5630,1,1
328,88,1119.32,100.71,23.96,25.61,0.7694,1,1
328,93,831.19,701.66,33.77,47.16,0.8848,1,1
329,1,1121.29,346.51,66.97,50.96,0.9096,1,1
329,3,886.62,139.32,34.64,26.53,0.8601,1,1
329,13,923.51,472.79,104.69,82.68,0.9089,1,1
329,32,921.96,532.81,69.47,62.07,0.8809,1,1
329,34,1096.78,112.85,33.52,23.37,0.8472,1,1
329,77,1094.24,573.62,32.57,35.04,0.8869,1,1
329,80,1116.63,376.52,48.36,51.71,0.8513,1,1
329,88,1118.03,103.96,21.39,23.06,0.6525,1,1
330,1,1115.25,346.53,68.27,50.17,0.8998,1,1
330,3,885.42,142.56,34.00,26.13,0.8454,1,1
330,13,913.40,475.86,105.34,82.65,0.8965,1,1
330,32,913.80,541.32,66.02,56.28,0.8836,1,1
330,34,1096.51,107.12,41.51,29.41,0.8676,1,1
330,77,1093.77,581.74,32.33,37.01,0.8986,1,1
330,80,1109.23,376.21,50.55,55.84,0.8786,1,1
331,1,1109.31,347.29,68.75,49.09,0.9032,1,1
331,3,884.55,144.50,34.98,27.50,0.8481,1,1
331,13,903.14,479.30,106.89,85.64,0.9051,1,1
331,32,901.82,542.77,69.79,58.46,0.8899,1,1
331,34,1099.58,106.49,41.15,30.88,0.8620,1,1
331,77,1092.17,590.27,33.33,40.69,0.8870,1,1
331,80,1104.21,376.95,48.88,54.01,0.8656,1,1
331,94,799.08,722.61,33.84,49.17,0.8911,1,1
332,1,1103.44,347.80,69.67,49.63,0.8982,1,1
332,3,884.42,146.08,35.39,28.28,0.8551,1,1
332,13,894.31,485.32,107.38,85.93,0.9068,1,1
332,32,891.28,545.62,71.53,60.61,0.8733,1,1
332,34,1099.01,106.68,40.77,30.28,0.8629,1,1
332,52,1137.68,198.59,12.73,23.44,0.6195,1,1
332,77,1090.16,597.09,33.40,42.28,0.8976,1,1
332,80,1098.12,375.59,48.27,53.58,0.8698,1,1
332,94,794.43,724.74,32.99,51.41,0.8864,1,1
332,95,890.03,170.47,21.81,16.29,0.5494,1,1
333,1,1099.23,347.63,69.05,48.89,0.8915,1,1
333,3,884.47,149.86,34.81,27.39,0.8488,1,1
333,13,882.49,488.13,110.28,88.06,0.9013,1,1
333,32,882.48,552.72,69.18,57.55,0.8786,1,1
333,77,1089.92,604.93,33.71,41.85,0.8935,1,1
333,80,1094.00,376.81,48.32,51.32,0.8854,1,1
333,88,1109.33,106.81,31.38,30.29,0.8554,1,1
333,94,790.57,728.42,31.24,48.93,0.8708,1,1
334,1,1099.08,347.56,69.16,48.91,0.8905,1,1
334,3,884.34,149.98,35.01,27.33,0.8491,1,1
334,13,882.32,488.09,110.42,88.08,0.9010,1,1
334,32,881.88,552.52,70.12,58.05,0.8759,1,1
334,34,1107.01,106.80,35.92,30.26,0.8554,1,1
334,77,1089.80,605.02,33.98,41.87,0.8934,1,1
334,80,1093.53,376.78,49.12,51.40,0.8856,1,1
334,94,790.49,728.47,31.23,48.93,0.8707,1,1
335,1,1086.97,346.86,70.25,52.10,0.9079,1,1
335,13,863.33,496.10,111.37,89.92,0.9027,1,1
335,32,865.43,561.93,68.73,55.29,0.8841,1,1
335,33,884.07,158.58,37.21,28.16,0.8479,1,1
335,34,1112.28,105.46,33.02,29.71,0.8576,1,1
335,77,1092.28,612.44,35.17,48.61,0.9026,1,1
335,80,1082.69,377.30,48.91,54.56,0.8900,1,1
335,94,780.62,729.77,29.66,50.33,0.8737,1,1
336,1,1081.45,347.05,68.80,52.56,0.9068,1,1
336,13,853.18,497.77,112.23,93.83,0.9008,1,1
336,32,856.40,568.68,67.37,52.88,0.8049,1,1
336,33,884.66,161.11,37.06,28.64,0.8491,1,1
336,34,1114.92,107.23,31.28,27.78,0.8514,1,1
336,77,1094.82,614.42,36.05,52.88,0.8841,1,1
336,80,1075.95,376.41,50.07,56.16,0.8287,1,1
336,94,774.97,729.29,28.78,50.03,0.8812,1,1
337,1,1074.82,347.34,69.68,54.25,0.9050,1,1
337,13,842.22,501.74,111.88,94.79,0.9041,1,1
337,32,842.47,572.44,65.99,50.92,0.8869,1,1
337,33,884.16,163.50,37.92,30.08,0.8490,1,1
337,34,1118.89,111.07,28.62,24.50,0.8617,1,1
337,77,1098.11,618.70,35.24,52.74,0.8703,1,1
337,80,1068.25,376.99,50.64,58.21,0.8765,1,1
337,94,768.25,728.43,28.07,48.33,0.8821,1,1
338,1,1065.83,350.76,69.96,54.27,0.9015,1,1
338,13,830.52,508.36,110.81,93.07,0.9044,1,1
338,32,831.33,572.99,73.75,57.30,0.7943,1,1
338,33,883.75,166.01,37.10,31.36,0.8686,1,1
338,34,1120.76,112.12,28.31,23.73,0.8637,1,1
338,47,1122.07,133.39,23.85,23.47,0.6455,1,1
338,77,1097.98,618.58,36.44,56.21,0.8609,1,1
338,80,1060.19,380.49,49.39,56.30,0.8767,1,1
338,94,762.42,727.29,27.27,44.54,0.8869,1,1
339,1,1059.40,352.93,70.60,54.17,0.8961,1,1
339,13,819.65,513.04,115.93,92.40,0.9055,1,1
339,32,820.87,579.19,71.47,55.26,0.8081,1,1
339,33,884.96,171.03,35.08,28.99,0.8417,1,1
339,34,1122.24,111.54,28.32,24.10,0.8647,1,1
339,45,1118.09,95.12,24.15,16.93,0.2960,1,1
339,47,1123.75,133.27,23.86,23.28,0.6893,1,1
339,52,1145.60,196.71,15.47,29.18,0.3957,1,1
339,77,1100.61,627.55,31.25,47.17,0.8086,1,1
339,80,1052.93,385.85,48.88,52.14,0.8693,1,1
339,94,757.26,724.70,26.79,42.55,0.9083,1,1
340,1,1059.21,352.94,70.80,54.12,0.8957,1,1
340,3,884.44,170.84,37.00,29.40,0.8430,1,1
340,13,818.53,513.09,118.10,92.36,0.9057,1,1
340,32,820.61,579.57,71.63,55.10,0.8069,1,1
340,34,1122.39,111.50,28.11,24.13,0.8629,1,1
340,45,1117.75,95.36,24.53,16.80,0.3042,1,1
340,47,1123.60,133.21,23.82,23.01,0.7423,1,1
340,52,1146.14,197.04,15.17,29.01,0.3787,1,1
340,77,1100.51,628.06,31.38,46.63,0.8014,1,1
340,80,1052.03,385.86,50.29,52.12,0.8693,1,1
340,94,757.16,724.72,26.99,42.52,0.9083,1,1
341,1,1045.58,356.49,72.10,54.07,0.8972,1,1
341,3,882.85,175.40,39.85,32.58,0.8512,1,1
341,13,793.20,520.01,113.82,94.22,0.9119,1,1
341,32,795.92,587.05,72.19,55.96,0.8594,1,1
341,34,1124.58,111.89,27.71,23.74,0.8808,1,1
341,45,1116.09,91.79,26.29,18.30,0.7613,1,1
341,47,1125.56,133.11,24.98,24.38,0.5087,1,1
341,52,1148.85,196.59,14.63,29.77,0.6322,1,1
341,77,1097.04,633.85,32.24,46.00,0.7774,1,1
341,80,1038.00,385.75,51.82,53.98,0.8642,1,1
341,94,747.74,722.93,25.24,39.51,0.8993,1,1
342,1,1037.63,357.85,72.25,52.65,0.8947,1,1
342,3,883.93,179.26,38.67,32.69,0.8576,1,1
342,13,781.00,524.33,113.58,94.27,0.9145,1,1
342,32,783.56,589.01,72.91,56.24,0.6402,1,1
342,34,1125.13,112.28,27.53,23.56,0.8772,1,1
342,45,1115.88,89.63,27.97,20.02,0.8015,1,1
342,47,1126.71,133.15,23.98,23.50,0.4715,1,1
342,52,1149.75,197.50,13.86,28.40,0.7022,1,1
342,77,1088.91,637.04,35.34,44.48,0.8550,1,1
342,80,1033.22,389.48,49.18,52.90,0.8678,1,1
342,94,744.71,722.27,24.87,35.76,0.8725,1,1
343,1,1029.96,357.50,74.41,56.33,0.9029,1,1
343,3,884.81,182.10,37.96,32.65,0.8673,1,1
343,13,766.83,528.88,114.43,95.40,0.9149,1,1
343,32,771.40,598.05,71.89,55.21,0.5754,1,1
343,34,1125.69,112.66,27.12,23.23,0.8675,1,1
343,45,1116.32,88.42,27.58,19.59,0.6356,1,1
343,47,1127.86,133.09,22.88,22.28,0.5329,1,1
343,52,1150.36,198.77,13.79,28.20,0.2620,1,1
343,77,1080.47,639.64,40.48,42.83,0.8800,1,1
343,80,1024.49,390.37,50.32,53.48,0.8717,1,1
343,94,738.26,719.47,24.50,35.88,0.8737,1,1
344,1,1025.58,358.34,72.49,56.43,0.9045,1,1
344,3,883.16,184.96,40.35,33.88,0.8700,1,1
344,13,753.77,532.96,113.24,96.17,0.9169,1,1
344,32,753.18,597.09,76.24,60.43,0.7222,1,1
344,34,1126.03,112.61,27.56,23.42,0.8718,1,1
344,45,1118.11,87.32,25.79,18.35,0.2529,1,1
344,47,1128.12,132.62,23.47,22.16,0.7682,1,1
344,52,1153.20,200.28,12.63,25.95,0.2939,1,1
344,77,1065.69,638.95,38.92,41.56,0.5727,1,1
344,80,1018.58,394.00,49.55,51.73,0.8230,1,1
345,1,1019.85,357.90,71.99,57.27,0.9093,1,1
345,3,882.47,187.44,42.10,34.71,0.8659,1,1
345,13,739.27,534.80,111.87,95.49,0.9130,1,1
345,32,741.48,600.68,70.31,56.83,0.8065,1,1
345,34,1126.23,112.88,27.62,23.05,0.8713,1,1
345,45,1121.51,87.88,21.90,15.58,0.2519,1,1
345,47,1127.94,132.61,24.80,23.43,0.7670,1,1
345,77,1051.02,635.50,36.40,44.87,0.8884,1,1
345,80,1014.26,396.97,46.19,46.64,0.8622,1,1
345,107,706.41,859.35,45.71,58.33,0.6709,1,1
346,1,1020.21,357.93,71.44,57.29,0.9091,1,1
346,3,882.28,187.43,42.53,34.77,0.8651,1,1
346,13,739.27,534.73,111.74,95.50,0.9131,1,1
346,32,741.46,600.81,69.34,56.57,0.8068,1,1
346,34,1126.14,112.90,27.83,23.01,0.8710,1,1
346,45,1122.69,87.93,20.67,14.69,0.2996,1,1
346,47,1128.09,132.68,24.71,23.37,0.7429,1,1
346,52,1152.83,200.56,12.85,26.44,0.2747,1,1
346,77,1051.65,635.47,34.84,44.86,0.8883,1,1
346,80,1014.21,397.89,46.07,45.70,0.8523,1,1
346,107,705.49,859.38,45.20,57.86,0.6764,1,1
347,1,1004.71,356.89,72.49,56.51,0.9086,1,1
347,3,880.76,190.80,45.01,35.64,0.8662,1,1
347,13,711.43,534.76,114.01,97.45,0.9132,1,1
347,32,716.00,602.88,71.37,57.06,0.8247,1,1
347,34,1127.27,113.26,27.54,22.96,0.8530,1,1
347,47,1129.84,132.34,23.48,22.48,0.7923,1,1
347,80,999.54,393.19,48.72,48.98,0.8243,1,1
348,1,998.95,357.32,71.29,56.05,0.9007,1,1
348,3,880.40,192.44,46.77,36.37,0.8724,1,1
348,13,696.39,536.43,112.60,96.79,0.9069,1,1
348,32,702.46,604.65,71.72,56.73,0.6556,1,1
348,34,1128.27,114.63,26.96,22.63,0.8378,1,1
348,47,1130.82,132.63,21.82,20.68,0.8167,1,1
348,80,992.46,391.08,50.94,51.49,0.6530,1,1
349,1,991.35,356.91,72.99,56.91,0.9059,1,1
349,3,881.89,194.56,46.46,36.70,0.8707,1,1
349,13,682.17,538.39,114.31,98.82,0.9072,1,1
349,32,686.30,606.75,66.83,53.27,0.6706,1,1
349,34,1128.91,115.45,26.04,21.85,0.8217,1,1
349,47,1131.34,133.06,21.42,20.28,0.8008,1,1
349,80,986.59,392.49,49.42,50.54,0.6962,1,1
349,108,993.95,621.05,31.94,45.83,0.8839,1,1
350,1,984.75,354.89,74.01,56.36,0.8970,1,1
350,3,882.78,195.07,46.45,37.20,0.8639,1,1
350,13,668.89,540.46,114.61,100.18,0.9074,1,1
350,32,673.58,612.53,64.06,50.80,0.8313,1,1
350,34,1129.26,115.96,25.85,21.64,0.8337,1,1
350,47,1131.72,132.91,21.51,20.54,0.8098,1,1
350,80,980.31,391.19,49.49,50.68,0.6812,1,1
350,108,980.93,622.93,29.70,40.71,0.8993,1,1
351,1,976.68,353.26,74.51,55.90,0.9002,1,1
351,3,884.54,195.14,46.59,38.86,0.8341,1,1
351,13,658.10,543.39,113.79,99.81,0.9057,1,1
351,32,664.04,613.91,69.79,53.50,0.7337,1,1
351,34,1129.87,116.04,25.90,21.58,0.8264,1,1
351,47,1132.05,132.66,22.01,21.15,0.8484,1,1
351,80,975.13,388.41,48.49,52.29,0.8557,1,1
351,108,970.76,615.07,30.53,41.74,0.8804,1,1
352,1,976.39,353.21,74.91,55.96,0.9002,1,1
352,3,885.06,195.11,45.51,38.81,0.8259,1,1
352,13,658.10,543.47,113.61,99.74,0.9058,1,1
352,32,662.64,613.99,71.88,53.68,0.7345,1,1
352,34,1129.98,116.08,25.95,21.54,0.8264,1,1
352,47,1132.14,132.75,22.08,21.28,0.8479,1,1
352,80,975.43,388.34,47.80,52.48,0.8533,1,1
352,108,970.66,615.04,30.56,41.83,0.8801,1,1
352,110,1125.34,75.75,34.20,20.05,0.5943,1,1
353,1,961.78,352.83,74.70,54.44,0.8954,1,1
353,3,889.35,198.91,43.63,39.50,0.8340,1,1
353,13,637.47,551.42,114.90,100.45,0.8991,1,1
353,32,635.79,621.26,67.01,54.11,0.7711,1,1
353,34,1130.29,117.08,25.43,21.00,0.8180,1,1
353,47,1132.27,132.85,21.98,21.90,0.8215,1,1
353,80,961.04,386.87,47.82,53.86,0.8552,1,1
353,110,1125.77,76.40,33.79,20.56,0.7929,1,1
354,1,957.28,352.28,73.11,52.84,0.8888,1,1
354,3,891.94,199.89,41.56,39.43,0.8209,1,1
354,13,626.22,555.66,115.33,101.38,0.9071,1,1
354,32,629.66,626.18,71.12,55.72,0.8094,1,1
354,34,1130.31,117.09,25.76,21.32,0.8199,1,1
354,47,1133.17,132.88,21.77,22.14,0.8253,1,1
354,80,954.77,383.06,50.25,58.02,0.8640,1,1
354,110,1126.29,76.31,33.13,20.66,0.7622,1,1
355,1,951.18,350.30,73.20,52.42,0.9018,1,1
355,3,894.07,200.63,39.72,38.52,0.8031,1,1
355,13,615.99,559.56,114.67,101.28,0.8994,1,1
355,32,618.73,630.17,74.64,57.26,0.8259,1,1
355,34,1130.23,117.17,25.84,21.44,0.8190,1,1
355,47,1133.47,132.89,21.20,21.91,0.8221,1,1
355,80,946.25,381.32,48.40,57.34,0.8571,1,1
355,110,1127.11,76.49,32.64,20.84,0.7975,1,1
355,113,923.37,599.50,35.29,40.90,0.8953,1,1
356,1,946.26,347.31,72.20,52.58,0.9003,1,1
356,3,894.81,200.45,39.61,39.21,0.7947,1,1
356,13,606.62,564.93,117.53,100.76,0.9009,1,1
356,32,608.31,636.19,72.51,56.44,0.8728,1,1
356,34,1130.65,117.38,25.88,21.04,0.8035,1,1
356,47,1133.18,133.00,21.76,22.51,0.8603,1,1
356,80,940.91,375.70,51.57,63.35,0.8333,1,1
356,110,1127.65,76.84,31.76,20.18,0.8185,1,1
356,113,913.94,596.96,35.09,40.88,0.9025,1,1
356,115,780.21,900.38,38.33,48.82,0.8840,1,1
357,1,940.82,344.71,70.51,53.19,0.9018,1,1
357,3,896.62,201.32,38.52,38.17,0.7391,1,1
357,13,597.19,569.83,117.06,100.77,0.9055,1,1
357,32,600.01,641.73,76.35,57.96,0.8753,1,1
357,34,1130.18,116.69,26.64,21.08,0.7932,1,1
357,47,1132.88,132.83,22.12,22.85,0.8595,1,1
357,80,935.02,372.20,50.35,63.99,0.8597,1,1
357,110,1127.85,77.23,31.60,20.07,0.8083,1,1
357,113,907.66,589.57,38.94,45.61,0.8944,1,1
357,115,789.30,895.19,40.15,49.21,0.8602,1,1
358,1,941.06,344.70,69.87,53.24,0.9030,1,1
358,3,896.74,200.96,38.34,38.18,0.7504,1,1
358,13,597.22,569.80,116.98,100.84,0.9054,1,1
358,32,599.49,641.80,77.15,57.98,0.8750,1,1
358,34,1129.85,116.67,27.35,21.38,0.7887,1,1
358,47,1132.94,132.85,22.15,23.61,0.8773,1,1
358,80,935.32,372.14,49.52,63.99,0.8604,1,1
358,110,1128.04,77.33,31.22,19.67,0.8009,1,1
358,113,907.61,589.55,38.82,45.58,0.8942,1,1
358,115,788.94,895.12,41.12,49.41,0.8617,1,1
358,118,581.49,795.08,28.41,44.88,0.7607,1,1
359,1,927.90,339.14,72.06,52.89,0.9005,1,1
359,3,898.78,202.55,37.71,37.21,0.7118,1,1
359,13,581.72,584.15,118.28,100.99,0.9085,1,1
359,32,579.49,654.64,77.62,59.83,0.7996,1,1
359,34,1127.66,116.00,27.09,21.36,0.7804,1,1
359,45,1129.85,78.96,30.13,21.87,0.8036,1,1
359,47,1133.17,132.64,21.16,23.52,0.8525,1,1
359,80,936.32,373.76,43.50,54.59,0.8104,1,1
359,113,897.34,584.26,36.94,44.69,0.9031,1,1
359,115,796.34,891.30,39.13,44.18,0.8273,1,1
360,1,923.98,336.07,71.51,53.25,0.9091,1,1
360,3,898.76,202.55,38.47,37.68,0.7755,1,1
360,13,574.28,592.71,118.87,100.71,0.9002,1,1
360,32,572.11,662.28,74.88,61.61,0.8357,1,1
360,34,1126.97,116.03,27.06,21.06,0.7914,1,1
360,45,1130.64,79.28,29.53,21.77,0.8044,1,1
360,47,1133.36,132.86,20.70,23.69,0.8584,1,1
360,80,925.16,370.86,43.62,55.72,0.7609,1,1
360,113,895.61,584.61,33.64,41.54,0.9051,1,1
360,115,794.90,892.36,39.55,43.27,0.8291,1,1
361,1,914.99,331.74,73.43,52.49,0.8985,1,1
361,3,899.66,203.13,37.99,37.25,0.8606,1,1
361,13,567.80,598.97,119.92,101.49,0.9106,1,1
361,32,569.84,670.06,75.73,61.52,0.6593,1,1
361,34,1127.02,115.87,27.74,21.46,0.7755,1,1
361,47,1133.70,132.59,20.54,23.92,0.8658,1,1
361,52,1163.51,210.50,12.19,24.91,0.4085,1,1
361,80,917.65,364.03,44.43,57.84,0.7011,1,1
361,110,1130.09,78.84,30.99,20.57,0.7979,1,1
361,113,890.17,586.43,34.31,41.25,0.8839,1,1
361,115,791.83,896.09,38.78,42.09,0.7804,1,1
361,119,548.30,823.31,25.30,38.68,0.5271,1,1
362,1,911.77,327.83,75.02,53.79,0.8971,1,1
362,3,900.24,202.59,38.41,37.67,0.8587,1,1
362,13,560.95,604.27,121.26,101.79,0.8991,1,1
362,32,554.36,673.65,76.18,63.89,0.5649,1,1
362,34,1125.89,116.03,28.32,21.57,0.7838,1,1
362,45,1131.33,79.11,28.94,20.98,0.7948,1,1
362,47,1133.61,132.37,20.47,24.04,0.8658,1,1
362,52,1164.46,211.03,11.23,22.27,0.4525,1,1
362,80,917.07,362.66,40.49,52.65,0.7830,1,1
362,113,891.52,584.16,36.69,42.94,0.8906,1,1
362,115,783.41,901.19,39.66,41.67,0.8871,1,1
362,119,542.36,826.86,25.79,39.30,0.3222,1,1
363,1,909.06,324.78,73.98,53.82,0.9031,1,1
363,3,901.32,203.12,37.89,36.94,0.8577,1,1
363,13,556.11,609.62,120.83,102.59,0.9075,1,1
363,32,557.88,683.50,77.01,62.00,0.7374,1,1
363,34,1125.19,115.64,29.46,22.52,0.7908,1,1
363,47,1133.30,131.97,20.69,24.92,0.8764,1,1
363,80,916.03,362.06,37.37,47.97,0.8283,1,1
363,110,1130.52,79.41,30.37,20.82,0.7900,1,1
363,113,890.08,583.80,39.15,48.24,0.8799,1,1
363,115,774.84,908.14,40.34,41.42,0.8321,1,1
364,1,909.27,324.52,73.58,54.05,0.9048,1,1
364,3,901.74,203.14,37.60,36.91,0.8614,1,1
364,13,556.26,609.64,120.36,102.64,0.9076,1,1
364,32,557.22,684.07,78.81,61.89,0.7351,1,1
364,34,1125.02,115.47,29.54,22.65,0.7899,1,1
364,47,1133.47,132.14,20.39,24.70,0.8750,1,1
364,80,915.91,362.18,37.39,47.69,0.8291,1,1
364,110,1130.80,79.55,30.04,20.95,0.7828,1,1
364,113,890.33,583.74,38.30,48.21,0.8799,1,1
364,115,774.31,908.46,40.93,41.31,0.8344,1,1
365,1,902.48,319.48,72.66,55.97,0.9094,1,1
365,3,903.11,203.49,36.76,36.57,0.8672,1,1
365,13,542.46,620.33,122.00,102.19,0.9061,1,1
365,32,545.04,695.35,78.45,61.08,0.3954,1,1
365,34,1124.54,117.33,30.37,23.23,0.7996,1,1
365,47,1132.76,132.05,20.51,25.29,0.8799,1,1
365,52,1168.13,215.31,11.81,25.76,0.8040,1,1
365,110,1130.55,80.05,30.28,21.46,0.8085,1,1
365,113,901.10,593.33,34.82,47.03,0.8965,1,1
366,1,899.57,318.56,70.46,55.18,0.9145,1,1
366,3,903.72,203.29,36.52,36.72,0.8561,1,1
366,13,534.76,624.79,123.20,103.19,0.9088,1,1
366,34,1124.18,117.64,30.71,23.51,0.8005,1,1
366,47,1132.54,132.13,20.60,25.53,0.8913,1,1
366,52,1169.09,215.44,12.01,25.99,0.6460,1,1
366,110,1131.17,80.11,29.60,21.14,0.8061,1,1
366,113,909.71,595.75,34.36,46.83,0.8959,1,1
367,1,895.56,316.66,69.64,54.00,0.9147,1,1
367,3,904.12,203.09,36.76,36.97,0.8482,1,1
367,13,526.59,628.87,124.09,102.51,0.9022,1,1
367,32,529.37,707.96,79.26,61.20,0.3332,1,1
367,34,1123.73,117.56,31.52,24.45,0.8115,1,1
367,47,1132.58,131.62,21.00,26.19,0.8876,1,1
367,52,1169.20,214.87,12.50,26.57,0.6921,1,1
367,110,1131.14,80.27,29.49,21.23,0.8045,1,1
367,113,916.22,597.04,32.86,45.77,0.8783,1,1
368,1,893.27,314.26,68.37,54.05,0.9092,1,1
368,3,903.56,203.48,40.07,41.69,0.8397,1,1
368,13,518.17,632.41,126.08,103.90,0.9038,1,1
368,32,521.34,711.35,82.79,63.70,0.4739,1,1
368,34,1123.73,117.73,31.21,24.44,0.8074,1,1
368,47,1132.94,131.56,20.90,25.86,0.8866,1,1
368,52,1169.33,214.85,12.65,26.73,0.3631,1,1
368,110,1131.21,80.68,29.24,21.20,0.8144,1,1
368,113,924.45,589.83,33.31,50.65,0.8882,1,1
369,1,887.91,312.22,67.23,53.49,0.9081,1,1
369,3,903.32,203.52,40.70,44.58,0.8420,1,1
369,13,509.40,634.66,125.64,104.16,0.9050,1,1
369,32,515.38,715.98,80.63,61.52,0.4495,1,1
369,34,1123.82,117.67,31.04,24.40,0.8131,1,1
369,47,1133.19,131.90,20.79,25.75,0.8920,1,1
369,52,1169.27,215.97,12.61,26.17,0.6159,1,1
369,110,1131.09,80.47,29.43,21.57,0.8166,1,1
369,113,929.47,584.27,33.26,50.64,0.8862,1,1
370,1,887.88,312.12,66.91,53.60,0.9080,1,1
370,3,905.14,203.30,36.24,38.56,0.8427,1,1
370,13,509.41,634.62,125.47,104.25,0.9050,1,1
370,32,513.85,716.55,81.03,61.38,0.4631,1,1
370,34,1123.96,117.67,30.95,24.28,0.8140,1,1
370,47,1133.26,131.98,20.77,25.69,0.8916,1,1
370,52,1169.46,216.47,12.56,25.70,0.5208,1,1
370,110,1131.27,80.49,29.13,21.44,0.8174,1,1
370,113,929.55,584.26,33.26,50.60,0.8859,1,1
371,1,877.95,311.01,66.99,53.32,0.9143,1,1
371,3,905.01,203.62,36.69,38.34,0.8367,1,1
371,13,494.36,640.31,124.66,101.47,0.9170,1,1
371,32,502.19,724.69,82.67,58.13,0.8334,1,1
371,34,1124.88,118.89,30.03,24.10,0.7857,1,1
371,47,1133.41,133.96,22.16,27.72,0.8844,1,1
371,52,1170.37,218.95,11.99,24.14,0.4160,1,1
371,110,1131.35,80.41,28.85,21.21,0.8166,1,1
371,113,934.05,577.78,33.14,48.48,0.8827,1,1
372,1,870.16,309.41,67.01,54.49,0.9144,1,1
372,3,904.93,203.67,37.07,38.27,0.8384,1,1
372,13,486.08,644.54,126.33,101.48,0.9080,1,1
372,32,495.17,727.06,84.63,59.74,0.7811,1,1
372,34,1125.13,119.17,30.38,25.21,0.7886,1,1
372,47,1133.68,134.37,22.41,27.64,0.8803,1,1
372,52,1170.55,219.65,12.09,23.88,0.4412,1,1
372,110,1131.33,80.31,28.79,21.14,0.8141,1,1
372,113,934.37,578.93,32.95,46.64,0.8706,1,1
373,1,864.26,308.04,66.39,53.79,0.9204,1,1
373,3,905.11,203.76,37.03,38.17,0.8393,1,1
373,13,477.22,649.10,126.34,100.75,0.9117,1,1
373,34,1125.91,119.47,30.29,25.03,0.8079,1,1
373,47,1133.82,134.39,23.02,27.87,0.8827,1,1
373,110,1131.04,80.04,28.67,20.69,0.8181,1,1
373,113,931.96,575.29,34.03,47.20,0.5945,1,1
374,1,859.29,305.96,64.92,55.69,0.9172,1,1
374,3,905.25,203.74,37.06,38.18,0.8339,1,1
374,13,469.49,653.12,126.26,101.22,0.9010,1,1
374,32,474.01,733.46,87.58,62.83,0.7812,1,1
374,34,1127.37,119.79,30.13,25.13,0.8202,1,1
374,47,1135.36,134.90,22.47,27.23,0.8920,1,1
374,52,1170.43,220.54,11.91,23.13,0.2888,1,1
374,110,1129.25,79.63,30.08,21.15,0.8248,1,1
374,127,567.63,990.47,48.81,65.55,0.8654,1,1
375,1,853.47,304.79,63.97,55.77,0.9105,1,1
375,3,905.20,203.62,37.37,38.63,0.8210,1,1
375,13,461.18,656.31,125.86,100.52,0.9084,1,1
375,32,468.49,737.07,85.52,61.66,0.8104,1,1
375,34,1128.55,120.48,30.54,27.34,0.8103,1,1
375,47,1136.77,136.08,22.08,26.24,0.9105,1,1
375,52,1170.55,222.22,11.35,21.54,0.3149,1,1
375,110,1128.51,79.59,30.66,21.23,0.8232,1,1
375,127,560.86,989.17,48.16,65.24,0.5623,1,1
376,1,853.51,304.73,63.74,55.97,0.9105,1,1
376,3,905.31,203.70,37.29,38.62,0.8228,1,1
376,13,461.14,656.39,125.96,100.50,0.9085,1,1
376,32,468.43,737.21,85.25,61.59,0.8099,1,1
376,34,1129.12,120.49,29.38,27.48,0.8098,1,1
376,47,1136.69,136.06,22.27,26.31,0.9096,1,1
376,52,1170.57,222.64,11.40,21.18,0.3204,1,1
376,110,1128.53,79.88,30.58,20.84,0.8241,1,1
376,127,559.94,989.18,47.09,64.84,0.5785,1,1
376,128,803.35,456.62,39.45,27.11,0.6371,1,1
376,129,1106.20,215.08,12.70,23.44,0.5618,1,1
377,1,840.77,302.85,63.55,54.75,0.9060,1,1
377,3,905.38,203.84,37.49,38.92,0.8150,1,1
377,13,444.09,662.24,122.59,99.26,0.9006,1,1
377,32,450.16,743.74,84.62,61.92,0.8615,1,1
377,34,1130.36,122.67,28.49,26.71,0.7884,1,1
377,47,1138.33,137.22,22.94,26.84,0.8832,1,1
377,52,1169.83,225.19,13.38,24.35,0.4495,1,1
377,110,1127.68,80.11,30.99,20.84,0.8134,1,1
377,127,553.10,975.93,53.73,74.69,0.8703,1,1
377,130,1131.72,99.79,22.58,16.93,0.4266,1,1
378,1,836.23,300.69,64.12,55.38,0.9070,1,1
378,3,905.67,203.84,36.82,38.00,0.8101,1,1
378,13,432.17,665.09,119.99,100.36,0.9026,1,1
378,32,444.31,748.09,79.60,57.47,0.7344,1,1
378,34,1131.89,123.25,28.14,26.14,0.7901,1,1
378,47,1138.58,137.99,23.60,27.02,0.8648,1,1
378,110,1127.64,79.46,31.24,20.81,0.8129,1,1
378,127,554.51,976.60,53.19,71.53,0.8706,1,1
379,1,830.65,298.62,63.72,55.69,0.9084,1,1
379,3,905.51,204.69,37.17,38.51,0.8203,1,1
379,13,423.92,666.73,116.93,100.17,0.9015,1,1
379,32,432.55,751.00,81.24,56.82,0.8476,1,1
379,34,1131.99,123.45,28.37,26.61,0.8136,1,1
379,47,1139.43,138.45,24.82,27.09,0.8496,1,1
379,110,1127.45,77.66,31.42,20.66,0.8123,1,1
379,127,567.13,982.13,46.90,63.18,0.3866,1,1
380,1,823.02,295.35,66.72,56.10,0.9132,1,1
380,3,905.34,204.52,37.25,38.78,0.8232,1,1
380,13,411.01,669.60,118.78,98.53,0.9116,1,1
380,32,421.91,753.27,82.54,57.20,0.8752,1,1
380,34,1134.09,125.06,28.10,26.02,0.8289,1,1
380,47,1142.27,138.93,24.68,26.12,0.8334,1,1
380,110,1127.53,77.06,31.31,20.24,0.8213,1,1
380,129,1113.29,219.67,12.66,21.25,0.5462,1,1
381,1,818.86,294.74,67.32,57.01,0.9110,1,1
381,3,905.32,204.56,37.37,39.00,0.8170,1,1
381,13,400.22,669.35,120.32,98.60,0.9168,1,1
381,32,416.60,754.43,80.53,56.35,0.8668,1,1
381,34,1138.19,126.73,28.37,25.53,0.8181,1,1
381,47,1144.69,140.79,24.03,26.06,0.8285,1,1
381,110,1127.30,77.61,30.89,19.65,0.8101,1,1
381,129,1119.07,221.72,12.90,20.51,0.3045,1,1
382,1,818.90,294.73,67.19,56.98,0.9112,1,1
382,3,905.00,204.49,38.06,40.50,0.8064,1,1
382,13,400.03,669.04,121.82,98.82,0.9169,1,1
382,32,416.64,754.76,79.85,55.79,0.8654,1,1
382,34,1138.11,126.76,28.83,25.59,0.8180,1,1
382,47,1144.94,140.81,23.66,26.07,0.8279,1,1
382,110,1127.15,77.64,31.19,19.68,0.8099,1,1
382,129,1120.11,222.14,13.53,20.37,0.3592,1,1
383,1,810.79,290.65,68.09,58.94,0.8994,1,1
383,3,905.10,203.98,37.92,41.06,0.8121,1,1
383,13,378.48,670.81,122.41,97.43,0.9085,1,1
383,32,400.67,757.19,80.59,56.55,0.6516,1,1
383,34,1139.71,129.12,30.34,24.51,0.8078,1,1
383,47,1145.59,142.77,25.73,26.64,0.9026,1,1
383,110,1126.58,77.74,31.28,19.78,0.8064,1,1
384,1,809.88,288.62,66.33,57.56,0.9006,1,1
384,3,905.19,201.32,37.37,40.89,0.7982,1,1
384,13,369.22,671.34,123.97,98.23,0.9199,1,1
384,32,389.27,757.64,84.16,59.19,0.6606,1,1
384,34,1141.45,127.78,32.29,25.32,0.7816,1,1
384,47,1148.70,142.93,27.55,27.96,0.9025,1,1
384,110,1127.31,77.45,30.59,18.94,0.8065,1,1
385,1,807.63,286.73,66.57,58.37,0.9019,1,1
385,3,905.03,200.59,37.59,41.56,0.8247,1,1
385,13,361.95,672.10,124.22,97.83,0.9121,1,1
385,32,386.95,761.32,82.49,58.59,0.6874,1,1
385,34,1148.14,126.72,32.72,27.24,0.8406,1,1
385,47,1150.89,143.58,28.06,29.00,0.9289,1,1
385,110,1127.30,76.92,30.62,18.48,0.8286,1,1
385,129,1127.42,224.13,15.62,20.98,0.7191,1,1
386,1,806.10,285.94,65.89,57.10,0.9013,1,1
386,3,904.88,200.65,37.30,41.14,0.7601,1,1
386,13,355.66,672.76,126.15,99.41,0.9174,1,1
386,32,383.57,763.41,81.60,58.59,0.7134,1,1
386,34,1149.99,128.08,31.44,25.00,0.8370,1,1
386,47,1151.28,144.45,29.55,29.39,0.9112,1,1
386,110,1127.22,76.75,30.96,18.50,0.8261,1,1
386,129,1125.01,222.96,17.32,21.97,0.6232,1,1
387,1,805.06,285.07,66.29,56.37,0.9035,1,1
387,3,904.49,200.48,36.89,40.34,0.7812,1,1
387,13,349.40,673.08,125.42,100.40,0.9177,1,1
387,32,379.44,765.17,83.96,61.15,0.5653,1,1
387,34,1146.55,130.56,35.80,25.19,0.8417,1,1
387,47,1152.92,145.35,27.15,27.83,0.9394,1,1
387,110,1127.36,76.80,30.64,18.20,0.8291,1,1
387,129,1125.86,224.75,21.28,26.57,0.6574,1,1
388,1,804.86,285.10,66.67,56.27,0.9036,1,1
388,3,904.36,200.38,37.08,40.34,0.7816,1,1
388,13,349.64,672.96,124.98,100.55,0.9173,1,1
388,32,379.55,765.28,83.44,61.77,0.5954,1,1
388,34,1145.45,130.60,38.01,25.24,0.8420,1,1
388,47,1153.03,145.39,26.98,27.86,0.9397,1,1
388,110,1127.30,76.67,30.82,18.27,0.8278,1,1
388,129,1125.88,224.92,21.84,27.03,0.6205,1,1
388,145,706.87,457.23,28.73,24.50,0.8426,1,1
389,1,804.08,282.38,67.04,56.32,0.9055,1,1
389,3,903.62,198.54,37.40,40.62,0.7723,1,1
389,13,343.08,674.21,123.74,101.79,0.9075,1,1
389,34,1156.33,130.72,35.43,24.94,0.8546,1,1
389,47,1154.74,146.63,27.81,29.94,0.9259,1,1
389,110,1126.49,76.21,32.39,19.80,0.8005,1,1
389,129,1128.81,225.56,19.88,26.03,0.7477,1,1
389,145,703.87,449.01,26.46,24.08,0.8436,1,1
390,1,805.35,281.00,65.53,55.19,0.9045,1,1
390,3,902.94,197.44,37.82,41.33,0.8041,1,1
390,13,339.89,674.98,124.34,102.22,0.9116,1,1
390,32,371.79,769.81,82.55,61.34,0.2532,1,1
390,34,1157.70,132.20,33.90,22.19,0.8505,1,1
390,47,1158.28,147.48,26.34,29.30,0.8708,1,1
390,110,1126.22,76.31,31.76,19.95,0.7968,1,1
390,129,1132.60,227.55,18.45,24.46,0.3466,1,1
390,145,702.68,448.47,24.97,24.53,0.8236,1,1
391,1,806.86,278.69,62.93,53.15,0.9077,1,1
391,3,902.50,196.65,38.01,41.09,0.8371,1,1
391,13,338.90,675.25,123.44,101.63,0.9104,1,1
391,32,370.25,769.55,82.38,61.60,0.5518,1,1
391,34,1157.04,132.78,36.76,21.78,0.8539,1,1
391,47,1160.97,149.77,25.00,28.10,0.8680,1,1
391,110,1126.26,76.50,30.89,19.76,0.8022,1,1
391,129,1136.58,230.73,15.65,22.01,0.7109,1,1
391,145,702.44,448.12,24.68,25.47,0.8086,1,1
392,1,808.75,277.22,61.75,51.03,0.9002,1,1
392,3,902.52,196.04,37.97,40.65,0.7822,1,1
392,13,335.65,675.52,123.48,100.91,0.9106,1,1
392,32,366.45,768.36,83.52,60.55,0.8037,1,1
392,34,1157.81,133.24,38.42,21.01,0.8493,1,1
392,47,1161.16,150.89,25.68,29.19,0.8538,1,1
392,110,1126.86,77.18,30.40,20.01,0.7751,1,1
392,129,1136.36,233.24,15.96,23.00,0.5936,1,1
392,145,701.76,448.60,25.41,27.05,0.6567,1,1
393,1,808.64,275.10,61.55,50.45,0.9001,1,1
393,3,901.18,195.29,39.01,41.16,0.8179,1,1
393,13,333.89,675.68,121.12,101.14,0.9075,1,1
393,32,364.03,767.90,82.07,56.83,0.7821,1,1
393,34,1157.79,133.83,41.36,21.68,0.8412,1,1
393,47,1162.27,151.21,26.37,30.14,0.8598,1,1
393,110,1126.84,78.33,28.88,19.38,0.6813,1,1
393,129,1136.26,234.92,15.88,23.43,0.5969,1,1
393,145,701.24,449.58,26.37,33.43,0.8368,1,1
394,1,808.46,275.05,61.82,50.57,0.9006,1,1
394,3,901.02,195.27,39.31,41.13,0.8236,1,1
394,13,334.21,675.49,120.39,101.21,0.9074,1,1
394,32,362.99,767.79,83.96,56.75,0.7798,1,1
394,34,1158.36,133.88,41.73,21.62,0.8390,1,1
394,47,1162.33,151.33,26.45,30.18,0.8575,1,1
394,110,1127.07,78.48,28.31,19.33,0.6818,1,1
394,129,1136.37,235.10,15.68,23.60,0.5851,1,1
394,145,702.41,449.54,24.21,33.67,0.8370,1,1
394,147,902.75,472.87,26.36,38.61,0.7652,1,1
395,1,810.27,269.79,61.26,48.63,0.8988,1,1
395,3,898.91,192.54,37.06,37.78,0.8427,1,1
395,13,329.77,673.19,118.84,103.69,0.9196,1,1
395,32,366.60,763.84,81.34,64.82,0.8629,1,1
395,34,1157.41,134.56,42.62,20.50,0.8287,1,1
395,47,1163.94,153.03,25.77,29.04,0.8588,1,1
395,145,710.09,457.79,23.58,34.39,0.8632,1,1
396,1,809.32,267.55,61.15,47.79,0.9040,1,1
396,3,897.89,190.77,35.88,36.55,0.8569,1,1
396,13,329.34,673.42,115.66,103.57,0.9150,1,1
396,32,365.96,758.73,80.58,67.93,0.8295,1,1
396,34,1158.28,134.42,44.52,20.93,0.8260,1,1
396,47,1165.51,152.98,27.40,30.22,0.8704,1,1
396,145,711.95,459.32,24.20,36.82,0.8717,1,1
397,1,808.23,264.79,60.94,46.80,0.9121,1,1
397,3,895.82,187.51,36.38,36.84,0.8510,1,1
397,13,329.05,673.29,114.02,104.78,0.9084,1,1
397,32,365.49,756.78,83.16,72.11,0.8687,1,1
397,34,1162.93,135.73,42.58,21.12,0.8446,1,1
397,47,1167.66,152.08,30.94,32.60,0.8728,1,1
397,145,715.13,460.81,23.28,41.77,0.8825,1,1
398,1,806.61,262.47,60.60,45.54,0.9059,1,1
398,3,895.50,185.69,36.32,36.92,0.8670,1,1
398,13,329.54,673.48,113.58,106.00,0.9092,1,1
398,32,367.92,758.01,82.50,71.32,0.8615,1,1
398,34,1165.80,136.38,40.33,21.55,0.8605,1,1
398,47,1168.90,153.63,30.22,30.83,0.8413,1,1
398,145,717.81,461.55,20.13,38.76,0.8811,1,1
398,149,1123.28,92.94,19.63,14.59,0.8387,1,1
399,1,803.36,260.44,62.23,45.51,0.9021,1,1
399,3,894.51,185.97,35.71,34.54,0.8535,1,1
399,13,329.84,673.56,114.36,108.12,0.9108,1,1
399,32,367.56,756.66,85.17,74.22,0.7947,1,1
399,34,1166.92,136.99,39.44,22.90,0.8476,1,1
399,47,1174.28,154.53,27.74,29.22,0.8242,1,1
399,145,720.20,461.66,23.41,43.89,0.8757,1,1
399,149,1121.81,94.96,21.97,16.76,0.7783,1,1
400,1,802.93,260.43,62.93,45.52,0.9019,1,1
400,3,894.34,185.84,36.46,34.81,0.8608,1,1
400,13,330.17,673.64,113.87,107.69,0.9112,1,1
400,32,367.70,756.62,84.88,74.37,0.7888,1,1
400,34,1167.85,137.00,37.63,22.95,0.8477,1,1
400,47,1174.65,154.53,27.19,29.24,0.8242,1,1
400,145,720.09,461.68,23.72,44.03,0.8748,1,1
400,149,1122.01,95.04,21.59,16.83,0.7789,1,1
401,1,797.76,255.85,62.33,44.67,0.8980,1,1
401,3,891.46,180.59,37.07,33.63,0.8421,1,1
401,13,330.15,674.60,117.90,110.48,0.9108,1,1
401,34,1169.58,137.60,36.68,23.21,0.8530,1,1
401,47,1181.73,154.90,24.27,25.83,0.7913,1,1
401,145,726.15,460.90,26.44,47.42,0.8574,1,1
401,149,1121.13,99.47,19.66,15.32,0.2750,1,1
401,150,1131.69,241.41,14.34,19.44,0.6543,1,1
402,1,793.99,252.92,63.49,44.94,0.9086,1,1
402,3,890.71,178.67,37.31,32.23,0.8521,1,1
402,13,330.97,676.32,119.97,109.90,0.9113,1,1
402,34,1170.77,138.37,36.67,23.53,0.8587,1,1
402,47,1182.01,155.50,25.87,27.15,0.8487,1,1
402,145,726.63,459.82,27.23,48.85,0.8601,1,1
402,150,1129.62,244.07,15.40,20.84,0.7057,1,1
402,151,1122.21,170.73,8.98,24.32,0.4376,1,1
403,1,790.92,250.95,63.04,44.67,0.9081,1,1
403,3,889.93,176.75,37.40,31.41,0.8515,1,1
403,13,330.97,676.56,122.12,110.02,0.9117,1,1
403,34,1171.52,138.80,37.48,25.16,0.8557,1,1
403,47,1184.04,155.46,24.25,25.44,0.8260,1,1
403,145,725.58,454.52,28.32,51.81,0.8645,1,1
403,150,1129.63,245.57,14.71,19.06,0.7352,1,1
403,151,1122.28,170.90,9.15,24.17,0.4653,1,1
404,1,787.20,249.26,63.73,44.16,0.9039,1,1
404,3,889.26,175.87,37.65,31.21,0.8548,1,1
404,13,332.20,675.81,122.00,108.75,0.9077,1,1
404,34,1172.98,139.02,37.83,26.39,0.8601,1,1
404,47,1184.80,156.41,24.89,26.54,0.8787,1,1
404,145,725.77,451.97,27.57,50.09,0.8614,1,1
404,150,1128.36,247.63,15.73,20.37,0.6673,1,1
404,151,1122.13,171.42,9.12,23.41,0.4015,1,1
405,1,782.66,247.35,61.68,44.51,0.9029,1,1
405,3,888.43,175.07,38.19,30.56,0.8520,1,1
405,13,332.82,673.72,123.76,107.50,0.9058,1,1
405,34,1174.68,142.13,34.34,23.47,0.8520,1,1
405,47,1186.00,157.92,23.42,25.35,0.8536,1,1
405,145,723.18,450.26,28.01,50.37,0.8636,1,1
405,150,1126.72,249.24,18.41,22.19,0.8083,1,1
406,1,783.08,247.34,60.72,44.51,0.9031,1,1
406,3,888.08,175.10,38.83,30.54,0.8511,1,1
406,13,332.28,673.73,124.95,107.54,0.9059,1,1
406,34,1175.43,142.99,33.74,22.96,0.8511,1,1
406,47,1186.06,157.99,23.07,25.25,0.8583,1,1
406,145,723.05,449.96,28.18,50.56,0.8629,1,1
406,150,1126.30,249.42,19.05,22.23,0.8114,1,1
407,1,774.34,241.45,61.94,46.52,0.8991,1,1
407,3,885.19,169.47,38.38,29.61,0.8544,1,1
407,13,335.12,670.85,125.29,105.79,0.9140,1,1
407,34,1174.62,143.03,36.52,25.84,0.8378,1,1
407,47,1187.23,159.09,22.83,25.04,0.8431,1,1
407,145,716.51,448.13,25.16,45.07,0.8753,1,1
407,150,1126.68,249.94,20.32,22.37,0.8202,1,1
408,1,769.56,237.54,60.78,47.71,0.9037,1,1
408,3,882.32,164.64,39.90,31.19,0.8574,1,1
408,13,337.40,667.09,126.47,105.63,0.8987,1,1
408,34,1175.76,143.52,34.48,25.33,0.8356,1,1
408,47,1187.83,159.02,23.17,25.57,0.8333,1,1
408,145,714.92,447.11,23.78,39.96,0.8912,1,1
408,150,1125.59,251.00,19.41,21.53,0.7997,1,1
409,1,767.32,234.76,59.39,47.67,0.9031,1,1
409,3,881.92,162.85,39.80,31.17,0.8476,1,1
409,13,341.64,661.69,126.56,106.05,0.8883,1,1
409,34,1177.45,145.42,32.54,23.91,0.8459,1,1
409,47,1189.18,161.13,22.22,24.51,0.7322,1,1
409,145,711.21,444.36,24.59,40.60,0.8619,1,1
409,150,1123.42,253.57,18.12,20.18,0.6770,1,1
410,1,765.68,231.97,59.03,47.69,0.9031,1,1
410,3,881.34,161.03,38.45,29.61,0.8540,1,1
410,13,351.00,656.77,119.29,97.24,0.8914,1,1
410,34,1177.62,145.45,32.70,24.05,0.8474,1,1
410,145,707.43,439.35,23.27,37.16,0.8255,1,1
410,150,1121.93,256.26,18.66,21.10,0.7761,1,1
411,1,764.16,229.99,57.15,46.92,0.8986,1,1
411,3,878.88,159.65,40.51,30.60,0.8639,1,1
411,13,355.25,652.41,119.23,100.60,0.9023,1,1
411,34,1177.98,146.20,32.37,23.71,0.8381,1,1
411,47,1188.95,161.04,25.20,28.38,0.6600,1,1
411,145,705.74,434.69,19.10,30.08,0.5441,1,1
411,150,1121.13,258.97,17.39,19.60,0.3777,1,1
412,1,764.21,229.93,56.86,46.83,0.8983,1,1
412,3,878.66,159.63,40.92,30.65,0.8634,1,1
412,13,355.96,652.45,117.87,100.85,0.9034,1,1
412,34,1177.93,146.10,32.54,23.81,0.8410,1,1
412,47,1189.30,160.85,25.07,28.76,0.6775,1,1
412,145,704.91,433.43,18.88,29.40,0.6039,1,1
412,150,1120.67,258.95,17.01,19.01,0.4180,1,1
413,1,758.91,223.51,56.05,49.89,0.9086,1,1
413,3,876.97,153.56,38.85,27.90,0.8601,1,1
413,13,361.51,641.74,120.53,101.09,0.9097,1,1
413,34,1178.00,146.24,32.56,24.22,0.8445,1,1
413,47,1189.57,160.77,24.50,29.01,0.7941,1,1
413,150,1120.49,259.76,17.02,18.85,0.6720,1,1
414,1,758.72,221.91,53.82,49.92,0.9058,1,1
414,3,876.97,152.07,37.12,25.26,0.8606,1,1
414,13,365.50,637.01,119.58,101.48,0.8986,1,1
414,34,1178.21,146.84,32.08,23.92,0.8391,1,1
414,47,1189.77,160.23,24.89,30.08,0.8079,1,1
414,150,1120.41,259.92,16.95,18.59,0.6456,1,1
415,1,758.76,220.56,52.59,48.77,0.9036,1,1
415,3,876.02,148.78,35.37,23.74,0.8312,1,1
415,13,368.91,628.54,120.27,102.61,0.9079,1,1
415,34,1178.31,147.96,32.17,24.45,0.8410,1,1
415,47,1189.82,161.37,24.29,29.88,0.8533,1,1
415,150,1119.76,260.02,17.28,18.80,0.5878,1,1
415,158,1115.21,103.22,26.89,23.40,0.3609,1,1
416,1,758.29,219.85,52.88,48.64,0.9052,1,1
416,3,873.85,147.93,32.65,21.65,0.8410,1,1
416,13,374.57,623.68,120.48,102.73,0.9021,1,1
416,34,1178.39,148.53,32.55,25.21,0.8438,1,1
416,47,1191.23,163.25,22.11,27.96,0.8841,1,1
416,110,1117.33,100.90,24.60,16.74,0.5624,1,1
416,150,1118.90,261.24,17.61,18.86,0.5324,1,1
416,160,535.26,1013.85,43.72,45.27,0.6617,1,1
417,1,758.05,217.92,52.89,48.63,0.9040,1,1
417,3,872.91,145.37,32.49,21.44,0.8459,1,1
417,13,378.32,617.81,119.29,97.81,0.9051,1,1
417,34,1179.46,148.65,31.69,24.44,0.8386,1,1
417,47,1192.68,164.48,20.90,27.27,0.8786,1,1
417,110,1117.96,98.50,24.39,15.61,0.7847,1,1
417,150,1118.26,261.46,18.31,19.20,0.6254,1,1
417,160,540.80,1002.36,45.83,47.75,0.4099,1,1
417,162,362.40,821.34,31.74,52.14,0.7932,1,1
418,1,758.13,217.93,52.84,48.64,0.9041,1,1
418,3,872.60,144.97,32.69,21.77,0.8483,1,1
418,13,377.72,617.80,120.74,97.75,0.9051,1,1
418,34,1179.41,148.67,31.83,24.68,0.8395,1,1
418,47,1192.85,164.44,20.99,27.48,0.8819,1,1
418,110,1117.90,98.42,24.57,15.60,0.7917,1,1
418,150,1117.96,261.54,18.65,19.27,0.6055,1,1
418,160,541.64,1000.28,46.12,48.39,0.4256,1,1
418,162,362.22,820.64,31.57,51.90,0.6857,1,1
418,164,844.03,417.77,16.62,26.25,0.8162,1,1
419,1,759.01,215.10,52.14,48.45,0.8982,1,1
419,3,870.44,141.97,33.57,21.53,0.8771,1,1
419,13,385.82,606.99,118.97,99.71,0.9127,1,1
419,34,1180.97,149.54,32.09,24.84,0.8484,1,1
419,47,1193.56,165.65,20.40,26.22,0.8817,1,1
419,110,1116.29,92.63,28.53,18.34,0.6158,1,1
419,160,555.01,975.30,43.74,54.73,0.8853,1,1
419,164,842.38,420.31,17.05,29.41,0.8661,1,1
420,1,760.13,212.92,52.49,49.06,0.8993,1,1
420,3,869.54,140.26,33.94,21.79,0.8631,1,1
420,13,392.51,600.90,115.80,96.79,0.9049,1,1
420,34,1181.34,149.70,32.57,24.92,0.8525,1,1
420,47,1193.93,165.80,20.62,26.64,0.8672,1,1
420,110,1118.55,89.52,26.27,17.21,0.8283,1,1
420,160,564.17,965.95,41.84,54.22,0.8840,1,1
420,164,840.32,418.59,18.02,31.45,0.8679,1,1
421,1,761.43,211.12,52.64,48.91,0.9037,1,1
421,3,869.58,140.57,32.51,20.32,0.8633,1,1
421,13,397.26,595.35,115.97,98.63,0.9149,1,1
421,34,1181.34,150.18,33.22,24.79,0.8638,1,1
421,47,1195.39,166.01,21.74,27.28,0.8487,1,1
421,110,1119.19,88.27,26.28,17.14,0.8175,1,1
421,151,1122.64,171.22,9.95,23.04,0.3699,1,1
421,160,569.67,955.31,40.66,51.55,0.9119,1,1
421,164,838.62,417.08,19.00,33.14,0.8508,1,1
422,1,763.64,209.15,52.90,47.08,0.9097,1,1
422,3,867.90,137.49,33.75,22.31,0.8488,1,1
422,13,401.33,591.69,113.12,96.19,0.9213,1,1
422,34,1181.34,150.30,34.94,25.22,0.8687,1,1
422,47,1196.32,167.73,22.62,27.40,0.8551,1,1
422,110,1119.39,87.40,26.17,16.80,0.7722,1,1
422,151,1122.39,170.64,11.77,23.72,0.6833,1,1
422,160,575.54,940.71,40.62,50.93,0.8490,1,1
422,164,837.22,415.41,19.68,34.83,0.8353,1,1
422,166,871.24,155.41,24.48,21.87,0.8697,1,1
422,167,1117.05,258.55,18.04,18.95,0.5037,1,1
423,1,766.48,206.78,52.07,45.61,0.9096,1,1
423,3,868.37,137.23,31.97,21.36,0.8379,1,1
423,13,404.82,588.35,114.48,97.72,0.9162,1,1
423,34,1181.31,150.08,36.71,27.23,0.8783,1,1
423,47,1196.43,168.50,22.74,26.11,0.8448,1,1
423,110,1119.36,85.87,26.35,16.76,0.6792,1,1
423,151,1122.42,171.00,12.25,23.09,0.7029,1,1
423,160,568.36,907.57,56.36,71.40,0.3195,1,1
423,164,835.23,412.92,20.05,36.58,0.8557,1,1
423,166,870.72,153.82,24.83,22.72,0.7786,1,1
423,167,1116.42,258.02,18.60,18.21,0.6179,1,1
424,1,766.33,206.77,52.34,45.61,0.9104,1,1
424,3,867.84,135.86,32.57,22.42,0.8323,1,1
424,13,404.91,588.35,114.36,97.67,0.9164,1,1
424,34,1181.65,150.12,36.05,27.04,0.8792,1,1
424,47,1196.13,168.76,23.16,25.71,0.8438,1,1
424,110,1119.28,85.77,26.50,16.71,0.6724,1,1
424,151,1122.28,171.05,12.54,23.00,0.6943,1,1
424,160,566.33,897.34,60.60,77.84,0.2959,1,1
424,164,835.28,412.77,19.68,36.56,0.8583,1,1
424,166,870.94,153.58,24.27,22.55,0.7639,1,1
424,167,1115.89,258.02,19.59,18.01,0.6384,1,1
425,1,770.03,202.49,50.16,43.25,0.8970,1,1
425,3,867.49,134.90,31.75,21.89,0.8125,1,1
425,13,410.69,580.10,113.68,98.73,0.9183,1,1
425,34,1184.45,150.49,36.77,26.55,0.8771,1,1
425,47,1197.79,169.65,26.28,28.38,0.8536,1,1
425,110,1121.85,83.76,26.46,16.51,0.4757,1,1
425,151,1123.52,171.63,12.63,22.92,0.5606,1,1
425,160,590.51,898.82,42.89,55.73,0.5662,1,1
425,164,831.13,408.39,20.09,39.01,0.8438,1,1
425,166,871.00,152.91,22.87,21.34,0.5918,1,1
425,167,1120.69,254.01,15.16,12.31,0.6569,1,1
426,1,770.38,199.49,50.20,42.47,0.8964,1,1
426,3,866.91,133.68,32.36,22.65,0.8154,1,1
426,13,413.59,576.80,113.62,99.90,0.9206,1,1
426,34,1184.41,150.44,39.01,27.17,0.8682,1,1
426,47,1197.61,168.49,28.79,31.02,0.8685,1,1
426,110,1123.32,82.72,26.43,16.38,0.3541,1,1
426,151,1124.11,172.21,12.78,23.40,0.5748,1,1
426,160,597.88,890.96,40.79,53.79,0.7377,1,1
426,164,832.46,404.77,17.46,33.35,0.7446,1,1
426,166,871.19,152.57,22.31,20.89,0.6613,1,1
426,167,1120.44,250.55,16.34,12.90,0.4523,1,1
427,1,770.18,196.78,50.98,43.93,0.8986,1,1
427,3,867.39,134.00,31.27,21.70,0.8128,1,1
427,13,416.38,571.89,114.88,101.62,0.9243,1,1
427,34,1187.35,151.42,38.32,26.30,0.8637,1,1
427,47,1199.47,169.48,28.70,31.50,0.8873,1,1
427,151,1124.75,173.58,12.02,22.11,0.7321,1,1
427,160,605.55,883.81,38.97,51.25,0.3215,1,1
427,164,830.63,396.88,18.96,35.62,0.6571,1,1
427,166,871.03,152.00,22.55,21.28,0.6681,1,1
427,167,1120.27,248.09,16.82,12.74,0.5134,1,1
428,1,769.61,195.20,51.09,43.79,0.9044,1,1
428,3,867.19,133.82,31.45,21.73,0.8145,1,1
428,13,420.20,568.63,114.55,101.32,0.9104,1,1
428,34,1189.63,152.23,38.62,27.69,0.8619,1,1
428,47,1202.75,171.20,27.95,31.35,0.8636,1,1
428,110,1124.28,80.77,28.89,17.75,0.4667,1,1
428,151,1125.64,174.98,11.25,21.23,0.7355,1,1
428,164,830.03,390.13,19.33,36.03,0.4623,1,1
428,166,871.17,151.91,22.36,21.13,0.6018,1,1
428,167,1121.41,247.62,17.92,12.50,0.6585,1,1
429,1,767.28,193.04,53.17,45.53,0.9074,1,1
429,3,867.01,133.52,31.50,21.80,0.8130,1,1
429,13,422.85,566.74,114.84,102.90,0.9145,1,1
429,34,1192.10,152.68,37.84,28.24,0.8697,1,1
429,47,1204.16,171.41,27.14,30.33,0.8610,1,1
429,110,1126.10,79.34,30.24,18.61,0.6012,1,1
429,151,1126.41,175.95,11.00,21.09,0.7552,1,1
429,166,870.77,151.62,22.94,21.90,0.6135,1,1
429,167,1118.21,247.31,20.13,13.51,0.7915,1,1
429,168,711.06,361.33,20.96,32.14,0.8462,1,1
430,1,767.30,193.06,53.14,45.47,0.9081,1,1
430,3,866.57,133.04,31.63,22.22,0.8126,1,1
430,13,423.05,566.65,114.38,102.60,0.9149,1,1
430,34,1192.40,152.71,37.11,28.26,0.8693,1,1
430,47,1204.15,171.44,27.23,30.35,0.8599,1,1
430,110,1126.42,79.22,30.30,18.64,0.6016,1,1
430,151,1126.51,176.27,10.77,20.82,0.7515,1,1
430,166,871.10,151.57,22.36,21.67,0.7464,1,1
430,167,1117.90,247.00,20.53,13.42,0.8140,1,1
430,168,710.92,361.39,21.21,32.20,0.8465,1,1
431,1,763.66,189.26,50.07,43.47,0.9031,1,1
431,3,866.17,130.18,32.72,23.87,0.8264,1,1
431,13,432.93,562.56,111.45,100.86,0.9136,1,1
431,34,1198.16,152.19,36.32,28.72,0.8833,1,1
431,47,1210.49,171.25,22.79,25.13,0.7543,1,1
431,110,1128.08,78.31,30.35,18.16,0.7355,1,1
431,151,1129.80,178.46,11.07,20.10,0.8035,1,1
431,166,871.37,149.94,21.43,20.74,0.7225,1,1
431,167,1118.04,242.33,22.70,14.88,0.6408,1,1
431,168,708.97,362.48,21.30,33.82,0.8421,1,1
432,1,762.14,188.66,50.32,41.98,0.8976,1,1
432,3,866.75,129.75,32.35,23.86,0.8246,1,1
432,13,437.14,559.43,112.81,103.18,0.9106,1,1
432,34,1200.29,153.26,37.05,29.65,0.8688,1,1
432,47,1209.37,173.32,26.21,28.95,0.8798,1,1
432,110,1130.47,78.47,29.88,17.85,0.7934,1,1
432,145,708.56,362.63,19.41,33.52,0.8462,1,1
432,151,1131.71,178.59,10.91,19.52,0.7901,1,1
432,166,871.63,149.46,21.45,20.77,0.6823,1,1
432,167,1127.24,240.58,22.36,14.09,0.6702,1,1
433,1,758.13,188.54,50.53,40.44,0.8904,1,1
433,3,866.86,129.24,32.68,24.39,0.8248,1,1
433,13,442.54,557.80,112.27,103.64,0.9164,1,1
433,34,1204.27,154.36,36.18,27.96,0.8551,1,1
433,47,1212.33,174.52,28.05,30.46,0.9050,1,1
433,110,1132.41,80.61,29.23,17.42,0.7964,1,1
433,145,706.88,359.11,19.99,35.92,0.8366,1,1
433,151,1133.98,179.71,10.49,18.48,0.7694,1,1
433,166,871.66,148.97,21.58,20.91,0.6933,1,1
433,167,1128.66,239.06,21.30,13.08,0.5386,1,1
434,1,750.45,188.19,55.30,39.95,0.8874,1,1
434,3,868.02,128.19,32.59,24.04,0.8468,1,1
434,13,447.75,556.51,112.65,103.59,0.9191,1,1
434,34,1207.79,155.24,35.60,26.52,0.8740,1,1
434,47,1216.64,176.23,25.75,28.05,0.8886,1,1
434,110,1134.00,80.48,29.32,17.67,0.8133,1,1
434,145,705.93,359.07,20.88,37.21,0.8611,1,1
434,151,1136.81,179.64,12.44,20.91,0.5623,1,1
434,166,872.09,148.74,21.60,20.90,0.4708,1,1
434,167,1129.43,238.46,22.40,13.21,0.7183,1,1
435,1,748.67,185.21,55.90,41.67,0.8851,1,1
435,3,868.22,127.01,33.35,24.08,0.8524,1,1
435,13,454.90,555.98,110.32,101.71,0.9147,1,1
435,34,1210.11,155.30,35.61,26.96,0.8661,1,1
435,47,1219.25,175.85,25.87,29.21,0.8686,1,1
435,110,1135.08,80.74,30.03,18.34,0.8293,1,1
435,145,703.99,357.90,22.85,42.15,0.8741,1,1
435,166,873.04,148.05,21.59,20.71,0.5382,1,1
435,167,1127.60,235.84,22.86,13.50,0.4042,1,1
435,170,658.77,879.16,37.00,44.24,0.3418,1,1
436,1,748.90,185.12,55.01,41.67,0.8849,1,1
436,3,868.43,127.11,33.64,23.87,0.8529,1,1
436,13,454.90,556.03,110.39,101.99,0.9138,1,1
436,34,1210.19,155.31,35.39,26.98,0.8668,1,1
436,47,1219.57,175.80,25.37,29.27,0.8701,1,1
436,110,1135.21,80.80,29.90,18.33,0.8283,1,1
436,145,704.25,357.82,22.55,42.05,0.8738,1,1
436,151,1141.68,183.02,12.95,19.61,0.7768,1,1
436,166,873.02,147.76,22.06,20.96,0.5883,1,1
436,167,1126.84,235.15,23.09,13.67,0.3994,1,1
436,170,659.97,879.93,36.45,43.59,0.3341,1,1
437,1,741.76,179.06,54.08,45.12,0.8906,1,1
437,3,869.38,124.97,35.10,24.21,0.8741,1,1
437,13,469.07,551.10,110.88,103.44,0.9177,1,1
437,34,1213.87,156.13,34.85,27.42,0.8685,1,1
437,47,1223.35,177.37,25.35,28.31,0.8888,1,1
437,110,1137.61,83.40,30.68,18.08,0.8360,1,1
437,145,702.17,358.37,21.70,41.77,0.8778,1,1
437,166,875.84,146.20,22.06,20.72,0.5193,1,1
437,170,661.68,878.00,41.74,50.75,0.7376,1,1
438,1,740.98,177.15,49.91,43.00,0.8857,1,1
438,3,869.83,124.14,36.89,24.76,0.8726,1,1
438,13,475.58,549.41,111.00,101.98,0.9172,1,1
438,34,1216.50,157.16,33.98,28.48,0.8638,1,1
438,47,1225.54,176.77,25.26,28.53,0.8903,1,1
438,110,1138.56,84.29,31.40,17.86,0.8330,1,1
438,145,700.98,353.94,21.93,44.60,0.8770,1,1
438,166,876.65,145.56,22.57,21.03,0.3044,1,1
439,1,740.24,175.57,48.85,41.67,0.8812,1,1
439,3,869.73,123.94,37.70,24.93,0.8743,1,1
439,13,483.66,548.18,111.83,100.98,0.9040,1,1
439,34,1219.49,159.30,32.21,28.20,0.8581,1,1
439,47,1227.33,178.35,24.79,28.09,0.8803,1,1
439,110,1139.17,85.48,32.74,18.67,0.8345,1,1
439,145,700.31,349.85,21.68,46.68,0.8725,1,1
439,166,877.07,145.35,23.47,21.55,0.5840,1,1
440,1,739.16,173.00,50.05,42.03,0.8825,1,1
440,3,870.07,123.91,38.42,25.04,0.8689,1,1
440,13,493.12,547.11,111.20,101.51,0.9175,1,1
440,34,1222.28,159.48,31.84,27.63,0.8519,1,1
440,47,1228.96,178.33,24.70,28.18,0.8806,1,1
440,110,1141.05,86.84,31.45,17.90,0.8381,1,1
440,145,699.84,347.75,20.95,46.64,0.8570,1,1
440,166,878.86,145.53,23.66,21.79,0.6612,1,1
440,170,671.17,881.29,38.82,47.63,0.2854,1,1
441,1,737.95,170.63,51.00,41.97,0.8915,1,1
441,3,871.10,123.00,40.26,25.29,0.8586,1,1
441,13,502.07,544.58,110.64,103.24,0.9167,1,1
441,34,1224.39,159.59,30.31,25.85,0.8463,1,1
441,47,1230.99,178.02,25.80,29.01,0.8582,1,1
441,110,1141.74,86.93,31.36,17.66,0.8416,1,1
441,145,698.85,339.12,19.37,43.08,0.7941,1,1
441,166,881.17,145.68,23.15,21.58,0.6541,1,1
441,170,673.29,880.94,38.12,48.01,0.5722,1,1
442,1,737.81,170.70,51.34,41.79,0.8916,1,1
442,3,870.72,122.92,41.03,25.33,0.8584,1,1
442,13,502.97,544.44,109.09,102.73,0.9169,1,1
442,34,1224.26,159.55,30.62,25.92,0.8471,1,1
442,47,1230.94,178.07,26.00,28.98,0.8572,1,1
442,110,1141.80,87.03,31.40,17.59,0.8404,1,1
442,145,698.95,339.05,19.08,42.12,0.8046,1,1
442,166,881.43,145.70,22.95,21.57,0.6498,1,1
442,170,673.99,881.06,37.37,47.94,0.5607,1,1
442,173,1148.08,227.69,26.96,13.05,0.5370,1,1
443,1,734.54,166.38,51.38,43.58,0.8903,1,1
443,3,873.71,123.20,41.31,24.56,0.8666,1,1
443,13,520.82,538.48,110.78,104.65,0.9167,1,1
443,34,1226.20,160.42,29.21,25.57,0.8558,1,1
443,47,1232.92,178.75,25.07,28.15,0.8163,1,1
443,110,1143.72,87.66,32.06,18.17,0.8336,1,1
443,145,698.97,328.73,16.90,36.32,0.3912,1,1
443,166,883.55,145.64,22.84,21.35,0.7944,1,1
443,170,682.71,882.78,33.84,45.92,0.6533,1,1
443,173,1154.64,227.55,25.60,12.45,0.2879,1,1
444,1,735.30,165.41,49.91,42.81,0.8887,1,1
444,3,874.04,122.79,42.23,24.87,0.8623,1,1
444,13,527.84,535.75,111.42,104.00,0.9194,1,1
444,34,1227.09,161.36,28.64,25.69,0.8541,1,1
444,47,1233.94,179.02,24.17,27.84,0.8269,1,1
444,110,1144.02,88.01,32.40,18.56,0.8425,1,1
444,166,884.01,145.09,22.80,21.21,0.6838,1,1
444,170,686.71,877.79,32.77,49.62,0.8029,1,1
444,173,1157.67,227.09,27.68,13.72,0.6071,1,1
445,1,735.60,164.96,49.46,42.38,0.8816,1,1
445,3,874.92,122.56,42.53,24.87,0.8611,1,1
445,13,536.94,533.30,111.71,102.45,0.9141,1,1
445,34,1228.09,162.23,28.43,24.93,0.8407,1,1
445,47,1234.14,180.06,23.16,27.17,0.8161,1,1
445,110,1143.75,87.87,32.87,18.91,0.8412,1,1
445,166,886.04,145.13,22.42,20.85,0.4422,1,1
445,170,691.84,874.07,32.02,49.36,0.5304,1,1
445,173,1158.73,226.36,28.22,14.15,0.4987,1,1
446,1,735.67,164.67,48.23,42.09,0.8759,1,1
446,3,875.76,122.36,43.99,25.32,0.8604,1,1
446,13,543.28,530.46,112.99,104.72,0.9177,1,1
446,34,1229.29,163.20,27.74,23.40,0.8415,1,1
446,47,1233.91,179.95,22.66,27.44,0.8113,1,1
446,110,1144.56,89.16,32.73,18.51,0.8500,1,1
446,166,887.25,144.57,22.52,20.75,0.7075,1,1
447,1,736.81,164.29,46.50,40.49,0.8798,1,1
447,3,876.09,121.70,44.73,25.91,0.8609,1,1
447,13,553.07,529.04,111.39,104.78,0.9161,1,1
447,34,1230.52,163.51,26.55,21.20,0.8386,1,1
447,47,1232.54,180.13,22.64,27.80,0.8145,1,1
447,110,1145.54,89.47,32.60,18.45,0.8465,1,1
447,166,887.43,143.90,22.91,20.98,0.7732,1,1
447,170,704.94,863.75,33.15,52.23,0.4532,1,1
448,1,736.71,164.27,46.56,40.51,0.8797,1,1
448,3,876.20,121.68,44.62,25.87,0.8608,1,1
448,13,553.45,529.07,110.77,104.60,0.9159,1,1
448,34,1230.15,163.53,27.18,21.12,0.8381,1,1
448,47,1232.60,180.10,22.52,27.88,0.8164,1,1
448,110,1145.54,89.45,32.58,18.46,0.8475,1,1
448,166,887.42,143.89,22.99,21.00,0.7630,1,1
448,170,706.48,862.59,32.68,52.64,0.4723,1,1
448,177,1153.04,176.33,13.43,18.49,0.6835,1,1
448,178,1210.78,131.90,16.28,17.90,0.7789,1,1
449,1,737.42,162.62,45.88,39.62,0.8824,1,1
449,3,877.21,120.16,45.37,26.64,0.8548,1,1
449,13,565.61,525.18,112.24,104.05,0.9147,1,1
449,34,1231.21,163.41,30.38,22.05,0.8374,1,1
449,47,1232.18,180.32,22.34,27.64,0.8166,1,1
449,110,1146.08,89.46,32.96,18.28,0.8423,1,1
449,166,888.01,142.93,23.51,21.33,0.8512,1,1
449,177,1154.02,175.19,12.27,17.47,0.7669,1,1
450,1,738.54,162.08,45.67,38.68,0.8844,1,1
450,3,878.10,120.07,44.97,26.60,0.8514,1,1
450,13,570.99,523.84,113.39,103.78,0.9208,1,1
450,34,1231.38,163.47,33.35,22.62,0.8399,1,1
450,47,1232.38,180.70,22.47,27.64,0.8188,1,1
450,110,1145.48,90.22,33.53,17.93,0.8354,1,1
450,164,811.00,331.97,18.01,33.90,0.5814,1,1
450,166,888.54,142.72,23.78,21.52,0.8186,1,1
450,177,1154.46,175.21,11.82,17.08,0.7754,1,1
451,1,740.24,161.46,45.99,37.93,0.8828,1,1
451,3,878.97,119.80,45.18,26.87,0.8492,1,1
451,13,576.20,522.65,114.12,103.49,0.9092,1,1
451,34,1230.33,163.70,32.61,20.86,0.8375,1,1
451,47,1231.72,180.94,22.32,27.47,0.8095,1,1
451,110,1145.25,90.88,34.43,18.01,0.8549,1,1
451,164,809.51,332.66,17.95,33.40,0.4491,1,1
451,166,889.08,142.73,23.88,21.81,0.7964,1,1
451,177,1154.50,175.17,11.75,17.01,0.7743,1,1
452,1,740.26,161.44,46.08,37.90,0.8828,1,1
452,3,879.06,119.86,45.03,26.78,0.8490,1,1
452,13,575.73,522.60,114.89,103.58,0.9097,1,1
452,34,1229.74,163.71,33.59,20.89,0.8377,1,1
452,47,1231.67,180.89,22.28,27.43,0.8073,1,1
452,110,1144.81,90.75,35.14,18.26,0.8538,1,1
452,164,809.31,332.98,17.91,33.19,0.4074,1,1
452,166,889.22,142.66,23.78,21.75,0.7329,1,1
452,177,1154.58,175.83,11.78,17.29,0.7370,1,1
